"analysis_row","SI","earnings_training_row","supported_prediction","post_secondary_affected","other_field_affected","education_intercept_affected","default_r_prediction","author_prediction"
1,2,FALSE,TRUE,FALSE,FALSE,FALSE,8.09973772750253,8.09973772750253
2,2,FALSE,TRUE,FALSE,FALSE,FALSE,9.28472985175654,9.28472985175654
3,2,FALSE,TRUE,FALSE,FALSE,FALSE,8.61390592029916,8.61390592029916
4,2,FALSE,TRUE,FALSE,FALSE,FALSE,9.10420148009622,9.10420148009622
5,2,FALSE,TRUE,FALSE,FALSE,FALSE,8.67376513065725,8.67376513065725
6,2,FALSE,FALSE,FALSE,TRUE,FALSE,8.5434184442636,8.5434184442636
7,2,FALSE,TRUE,FALSE,FALSE,FALSE,8.74425260669281,8.74425260669281
8,2,FALSE,TRUE,FALSE,FALSE,FALSE,9.20380290475918,9.20380290475918
9,2,FALSE,TRUE,FALSE,FALSE,FALSE,9.35521732779211,9.35521732779211
10,2,FALSE,TRUE,FALSE,FALSE,FALSE,8.5434184442636,8.5434184442636
11,2,FALSE,FALSE,FALSE,TRUE,FALSE,8.58944282733557,8.58944282733557
12,2,TRUE,TRUE,FALSE,FALSE,FALSE,8.86365052849878,8.86365052849878
13,2,FALSE,TRUE,FALSE,FALSE,FALSE,8.85279850211241,8.85279850211241
14,2,FALSE,TRUE,FALSE,FALSE,FALSE,9.10420148009622,9.10420148009622
15,10,FALSE,TRUE,FALSE,FALSE,FALSE,9.0439345660953,9.0439345660953
16,10,FALSE,TRUE,FALSE,FALSE,FALSE,8.74425260669281,8.74425260669281
17,10,FALSE,TRUE,FALSE,FALSE,FALSE,8.5434184442636,8.5434184442636
18,10,FALSE,TRUE,FALSE,FALSE,FALSE,8.61247655342625,8.61247655342625
19,10,FALSE,TRUE,FALSE,FALSE,FALSE,8.49455817846847,8.49455817846847
20,10,FALSE,TRUE,FALSE,FALSE,FALSE,8.67376513065725,8.67376513065725
21,10,FALSE,TRUE,FALSE,FALSE,FALSE,9.10420148009622,9.10420148009622
22,10,FALSE,TRUE,FALSE,FALSE,FALSE,8.74425260669281,8.74425260669281
23,10,FALSE,TRUE,FALSE,FALSE,FALSE,8.09973772750253,8.09973772750253
24,10,FALSE,TRUE,FALSE,FALSE,FALSE,8.09973772750253,8.09973772750253
25,10,FALSE,TRUE,FALSE,FALSE,FALSE,8.91133328135494,8.91133328135494
26,10,FALSE,TRUE,FALSE,FALSE,FALSE,8.98901690746856,8.98901690746856
27,10,FALSE,TRUE,FALSE,FALSE,FALSE,8.67376513065725,8.67376513065725
28,10,FALSE,TRUE,FALSE,FALSE,FALSE,8.84084580531938,8.84084580531938
29,12,FALSE,TRUE,FALSE,FALSE,FALSE,8.67376513065725,8.67376513065725
30,12,FALSE,TRUE,FALSE,FALSE,FALSE,9.17468895613178,9.17468895613178
31,12,FALSE,TRUE,FALSE,FALSE,FALSE,8.09973772750253,8.09973772750253
32,12,FALSE,TRUE,FALSE,FALSE,FALSE,7.90962332674972,7.90962332674972
33,12,FALSE,TRUE,FALSE,FALSE,FALSE,8.67376513065725,8.67376513065725
34,12,FALSE,TRUE,FALSE,FALSE,FALSE,8.67376513065725,8.67376513065725
35,12,FALSE,TRUE,FALSE,FALSE,FALSE,8.67376513065725,8.67376513065725
36,12,FALSE,TRUE,FALSE,FALSE,FALSE,8.09973772750253,8.09973772750253
37,12,FALSE,TRUE,FALSE,FALSE,FALSE,8.61247655342625,8.61247655342625
38,12,FALSE,TRUE,FALSE,FALSE,FALSE,8.61247655342625,8.61247655342625
39,12,FALSE,TRUE,FALSE,FALSE,FALSE,8.09973772750253,8.09973772750253
40,14,FALSE,TRUE,FALSE,FALSE,FALSE,8.52564938728719,8.52564938728719
41,14,FALSE,TRUE,FALSE,FALSE,FALSE,8.67376513065725,8.67376513065725
42,14,FALSE,TRUE,FALSE,FALSE,FALSE,8.74425260669281,8.74425260669281
43,14,FALSE,TRUE,FALSE,FALSE,FALSE,8.74425260669281,8.74425260669281
44,14,FALSE,TRUE,FALSE,FALSE,FALSE,8.67376513065725,8.67376513065725
45,14,FALSE,TRUE,FALSE,FALSE,FALSE,8.67376513065725,8.67376513065725
46,14,FALSE,TRUE,FALSE,FALSE,FALSE,8.67376513065725,8.67376513065725
47,14,FALSE,TRUE,FALSE,FALSE,FALSE,8.67376513065725,8.67376513065725
48,14,FALSE,TRUE,FALSE,FALSE,FALSE,8.5434184442636,8.5434184442636
49,14,FALSE,TRUE,FALSE,FALSE,FALSE,8.74425260669281,8.74425260669281
50,14,FALSE,TRUE,FALSE,FALSE,FALSE,8.67376513065725,8.67376513065725
51,14,FALSE,TRUE,FALSE,FALSE,FALSE,8.74425260669281,8.74425260669281
52,14,FALSE,TRUE,FALSE,FALSE,FALSE,8.67376513065725,8.67376513065725
53,14,FALSE,TRUE,FALSE,FALSE,FALSE,8.67376513065725,8.67376513065725
54,14,FALSE,TRUE,FALSE,FALSE,FALSE,7.90962332674972,7.90962332674972
55,14,FALSE,TRUE,FALSE,FALSE,FALSE,8.67376513065725,8.67376513065725
56,14,TRUE,TRUE,FALSE,FALSE,FALSE,8.67376513065725,8.67376513065725
57,14,FALSE,FALSE,TRUE,FALSE,TRUE,7.8307932921306,9.08417598004193
58,15,FALSE,TRUE,FALSE,FALSE,FALSE,8.09973772750253,8.09973772750253
59,15,FALSE,TRUE,FALSE,FALSE,FALSE,8.52564938728719,8.52564938728719
60,15,FALSE,TRUE,FALSE,FALSE,FALSE,8.74425260669281,8.74425260669281
61,15,FALSE,TRUE,FALSE,FALSE,FALSE,8.09973772750253,8.09973772750253
62,15,FALSE,TRUE,FALSE,FALSE,FALSE,8.67376513065725,8.67376513065725
63,15,FALSE,TRUE,FALSE,FALSE,FALSE,8.67376513065725,8.67376513065725
64,15,FALSE,TRUE,FALSE,FALSE,FALSE,9.10420148009622,9.10420148009622
65,15,FALSE,TRUE,FALSE,FALSE,FALSE,8.09973772750253,8.09973772750253
66,15,FALSE,TRUE,FALSE,FALSE,FALSE,8.67376513065725,8.67376513065725
67,15,FALSE,TRUE,FALSE,FALSE,FALSE,8.74425260669281,8.74425260669281
68,15,FALSE,TRUE,FALSE,FALSE,FALSE,8.74425260669281,8.74425260669281
69,15,FALSE,TRUE,FALSE,FALSE,FALSE,9.10420148009622,9.10420148009622
70,15,FALSE,TRUE,FALSE,FALSE,FALSE,8.67376513065725,8.67376513065725
71,15,FALSE,TRUE,FALSE,FALSE,FALSE,8.67376513065725,8.67376513065725
72,16,FALSE,TRUE,FALSE,FALSE,FALSE,8.67376513065725,8.67376513065725
73,16,FALSE,TRUE,FALSE,FALSE,FALSE,9.04434226973814,9.04434226973814
74,16,FALSE,TRUE,FALSE,FALSE,FALSE,9.28956218828344,9.28956218828344
75,16,FALSE,TRUE,FALSE,FALSE,FALSE,9.37781872129541,9.37781872129541
76,16,FALSE,TRUE,FALSE,FALSE,FALSE,8.5434184442636,8.5434184442636
77,16,FALSE,TRUE,FALSE,FALSE,FALSE,8.74425260669281,8.74425260669281
78,16,FALSE,TRUE,FALSE,FALSE,FALSE,9.50871750973455,9.50871750973455
79,16,FALSE,TRUE,FALSE,FALSE,FALSE,8.74425260669281,8.74425260669281
80,16,FALSE,TRUE,FALSE,FALSE,FALSE,8.74425260669281,8.74425260669281
81,16,FALSE,TRUE,FALSE,FALSE,FALSE,8.5434184442636,8.5434184442636
82,16,FALSE,TRUE,FALSE,FALSE,FALSE,8.74425260669281,8.74425260669281
83,16,FALSE,TRUE,FALSE,FALSE,FALSE,9.84864088308368,9.84864088308368
84,16,FALSE,TRUE,FALSE,FALSE,FALSE,9.1511158062652,9.1511158062652
85,16,FALSE,TRUE,FALSE,FALSE,FALSE,9.1511158062652,9.1511158062652
86,16,FALSE,TRUE,FALSE,FALSE,FALSE,9.20380290475918,9.20380290475918
87,16,FALSE,TRUE,FALSE,FALSE,FALSE,8.73353284501641,8.73353284501641
88,16,FALSE,TRUE,FALSE,FALSE,FALSE,9.08417598004193,9.08417598004193
89,16,FALSE,TRUE,FALSE,FALSE,FALSE,9.84864088308368,9.84864088308368
90,16,FALSE,TRUE,FALSE,FALSE,FALSE,9.1511158062652,9.1511158062652
91,16,FALSE,TRUE,FALSE,FALSE,FALSE,8.61390592029916,8.61390592029916
92,16,FALSE,TRUE,FALSE,FALSE,FALSE,8.61390592029916,8.61390592029916
93,16,FALSE,TRUE,FALSE,FALSE,FALSE,9.5146123294809,9.5146123294809
94,16,FALSE,TRUE,FALSE,FALSE,FALSE,8.61390592029916,8.61390592029916
95,16,FALSE,TRUE,FALSE,FALSE,FALSE,9.08417598004193,9.08417598004193
96,16,FALSE,TRUE,FALSE,FALSE,FALSE,9.37781872129541,9.37781872129541
97,16,FALSE,TRUE,FALSE,FALSE,FALSE,8.52564938728719,8.52564938728719
98,16,FALSE,TRUE,FALSE,FALSE,FALSE,8.61390592029916,8.61390592029916
99,16,TRUE,TRUE,FALSE,FALSE,FALSE,9.28068720394817,9.28068720394817
100,16,FALSE,TRUE,FALSE,FALSE,FALSE,8.52564938728719,8.52564938728719
101,16,FALSE,TRUE,FALSE,FALSE,FALSE,8.5434184442636,8.5434184442636
102,18,FALSE,TRUE,FALSE,FALSE,FALSE,8.74425260669281,8.74425260669281
103,18,TRUE,TRUE,FALSE,FALSE,FALSE,9.11384076728591,9.11384076728591
104,18,FALSE,TRUE,FALSE,FALSE,FALSE,9.04434226973814,9.04434226973814
105,18,FALSE,TRUE,FALSE,FALSE,FALSE,8.95608573672616,8.95608573672616
106,18,FALSE,TRUE,FALSE,FALSE,FALSE,8.74425260669281,8.74425260669281
107,18,FALSE,TRUE,FALSE,FALSE,FALSE,8.5434184442636,8.5434184442636
108,18,FALSE,TRUE,FALSE,FALSE,FALSE,8.67376513065725,8.67376513065725
109,18,FALSE,TRUE,FALSE,FALSE,FALSE,8.67376513065725,8.67376513065725
110,18,FALSE,TRUE,FALSE,FALSE,FALSE,8.74425260669281,8.74425260669281
111,18,FALSE,TRUE,FALSE,FALSE,FALSE,8.67376513065725,8.67376513065725
112,18,FALSE,TRUE,FALSE,FALSE,FALSE,8.74425260669281,8.74425260669281
113,18,FALSE,TRUE,FALSE,FALSE,FALSE,8.67376513065725,8.67376513065725
114,18,FALSE,TRUE,FALSE,FALSE,FALSE,8.5434184442636,8.5434184442636
115,18,FALSE,TRUE,FALSE,FALSE,FALSE,8.74425260669281,8.74425260669281
116,18,FALSE,FALSE,FALSE,TRUE,FALSE,8.5434184442636,8.5434184442636
117,18,FALSE,TRUE,FALSE,FALSE,FALSE,8.5434184442636,8.5434184442636
118,18,FALSE,TRUE,FALSE,FALSE,FALSE,8.5434184442636,8.5434184442636
119,18,FALSE,TRUE,FALSE,FALSE,FALSE,8.67376513065725,8.67376513065725
120,18,FALSE,TRUE,FALSE,FALSE,FALSE,8.74425260669281,8.74425260669281
121,18,FALSE,TRUE,FALSE,FALSE,FALSE,8.67376513065725,8.67376513065725
122,18,FALSE,TRUE,FALSE,FALSE,FALSE,8.5434184442636,8.5434184442636
123,18,FALSE,FALSE,TRUE,FALSE,TRUE,7.8307932921306,9.08417598004193
124,18,FALSE,FALSE,TRUE,FALSE,TRUE,7.8307932921306,9.08417598004193
125,19,FALSE,TRUE,FALSE,FALSE,FALSE,8.5434184442636,8.5434184442636
126,19,FALSE,TRUE,FALSE,FALSE,FALSE,8.61247655342625,8.61247655342625
127,19,FALSE,TRUE,FALSE,FALSE,FALSE,9.04434226973814,9.04434226973814
128,19,FALSE,TRUE,FALSE,FALSE,FALSE,9.08417598004193,9.08417598004193
129,19,FALSE,TRUE,FALSE,FALSE,FALSE,8.5434184442636,8.5434184442636
130,19,FALSE,TRUE,FALSE,FALSE,FALSE,7.95042021684785,7.95042021684785
131,19,FALSE,TRUE,FALSE,FALSE,FALSE,8.67376513065725,8.67376513065725
132,19,FALSE,FALSE,FALSE,TRUE,FALSE,8.42236215267344,8.42236215267344
133,19,FALSE,TRUE,FALSE,FALSE,FALSE,8.67376513065725,8.67376513065725
134,19,FALSE,TRUE,FALSE,FALSE,FALSE,7.95042021684785,7.95042021684785
135,19,FALSE,TRUE,FALSE,FALSE,FALSE,8.61247655342625,8.61247655342625
136,19,FALSE,TRUE,FALSE,FALSE,FALSE,8.26219525705171,8.26219525705171
137,19,FALSE,TRUE,FALSE,FALSE,FALSE,8.09973772750253,8.09973772750253
138,19,FALSE,FALSE,FALSE,TRUE,FALSE,9.01368850400637,9.01368850400637
139,19,FALSE,TRUE,FALSE,FALSE,FALSE,8.5434184442636,8.5434184442636
140,19,FALSE,TRUE,FALSE,FALSE,FALSE,8.61247655342625,8.61247655342625
141,19,TRUE,TRUE,FALSE,FALSE,FALSE,8.97385479370257,8.97385479370257
142,19,TRUE,TRUE,FALSE,FALSE,FALSE,8.74425260669281,8.74425260669281
143,19,FALSE,TRUE,FALSE,FALSE,FALSE,8.67376513065725,8.67376513065725
144,19,FALSE,TRUE,FALSE,FALSE,FALSE,8.5434184442636,8.5434184442636
145,19,FALSE,TRUE,FALSE,FALSE,FALSE,8.97385479370257,8.97385479370257
146,19,FALSE,TRUE,FALSE,FALSE,FALSE,8.67376513065725,8.67376513065725
147,19,FALSE,TRUE,FALSE,FALSE,FALSE,8.67376513065725,8.67376513065725
148,20,FALSE,TRUE,FALSE,FALSE,FALSE,8.52564938728719,8.52564938728719
149,20,FALSE,TRUE,FALSE,FALSE,FALSE,8.82573905033252,8.82573905033252
150,20,FALSE,TRUE,FALSE,FALSE,FALSE,8.39530270089355,8.39530270089355
151,20,FALSE,TRUE,FALSE,FALSE,FALSE,8.74425260669281,8.74425260669281
152,20,FALSE,TRUE,FALSE,FALSE,FALSE,8.74425260669281,8.74425260669281
153,20,FALSE,TRUE,FALSE,FALSE,FALSE,9.04291290286522,9.04291290286522
154,20,FALSE,TRUE,FALSE,FALSE,FALSE,8.67376513065725,8.67376513065725
155,20,FALSE,TRUE,FALSE,FALSE,FALSE,8.52564938728719,8.52564938728719
156,20,FALSE,TRUE,FALSE,FALSE,FALSE,8.67376513065725,8.67376513065725
157,20,FALSE,TRUE,FALSE,FALSE,FALSE,8.67376513065725,8.67376513065725
158,20,FALSE,TRUE,FALSE,FALSE,FALSE,8.5434184442636,8.5434184442636
159,20,FALSE,TRUE,FALSE,FALSE,FALSE,8.67376513065725,8.67376513065725
160,20,FALSE,TRUE,FALSE,FALSE,FALSE,8.97385479370257,8.97385479370257
161,20,FALSE,TRUE,FALSE,FALSE,FALSE,9.17468895613178,9.17468895613178
162,20,FALSE,TRUE,FALSE,FALSE,FALSE,8.61247655342625,8.61247655342625
163,20,FALSE,TRUE,FALSE,FALSE,FALSE,8.67376513065725,8.67376513065725
164,20,FALSE,TRUE,FALSE,FALSE,FALSE,8.97385479370257,8.97385479370257
165,20,FALSE,TRUE,FALSE,FALSE,FALSE,9.17468895613178,9.17468895613178
166,20,FALSE,TRUE,FALSE,FALSE,FALSE,9.17468895613178,9.17468895613178
167,20,FALSE,TRUE,FALSE,FALSE,FALSE,8.67376513065725,8.67376513065725
168,20,FALSE,TRUE,FALSE,FALSE,FALSE,8.5434184442636,8.5434184442636
169,20,FALSE,TRUE,FALSE,FALSE,FALSE,8.67376513065725,8.67376513065725
170,20,FALSE,TRUE,FALSE,FALSE,FALSE,8.52564938728719,8.52564938728719
171,20,FALSE,FALSE,FALSE,TRUE,FALSE,9.24985447994362,9.24985447994362
172,20,FALSE,TRUE,FALSE,FALSE,FALSE,8.74425260669281,8.74425260669281
173,20,FALSE,TRUE,FALSE,FALSE,FALSE,8.61390592029916,8.61390592029916
174,20,FALSE,TRUE,FALSE,FALSE,FALSE,8.5434184442636,8.5434184442636
175,20,FALSE,TRUE,FALSE,FALSE,FALSE,8.67376513065725,8.67376513065725
176,20,FALSE,TRUE,FALSE,FALSE,FALSE,8.5434184442636,8.5434184442636
177,20,FALSE,TRUE,FALSE,FALSE,FALSE,9.17468895613178,9.17468895613178
178,21,FALSE,TRUE,FALSE,FALSE,FALSE,9.84864088308368,9.84864088308368
179,21,FALSE,TRUE,FALSE,FALSE,FALSE,8.67376513065725,8.67376513065725
180,21,FALSE,TRUE,FALSE,FALSE,FALSE,8.5434184442636,8.5434184442636
181,21,FALSE,TRUE,FALSE,FALSE,FALSE,9.43767793165349,9.43767793165349
182,21,FALSE,TRUE,FALSE,FALSE,FALSE,9.11384076728591,9.11384076728591
183,21,FALSE,TRUE,FALSE,FALSE,FALSE,9.17468895613178,9.17468895613178
184,21,FALSE,TRUE,FALSE,FALSE,FALSE,8.39530270089355,8.39530270089355
185,21,FALSE,TRUE,FALSE,FALSE,FALSE,9.10420148009622,9.10420148009622
186,21,FALSE,TRUE,FALSE,FALSE,FALSE,8.67376513065725,8.67376513065725
187,21,FALSE,TRUE,FALSE,FALSE,FALSE,8.98349408089227,8.98349408089227
188,22,FALSE,TRUE,FALSE,FALSE,FALSE,8.09973772750253,8.09973772750253
189,22,FALSE,TRUE,FALSE,FALSE,FALSE,8.09973772750253,8.09973772750253
190,22,FALSE,TRUE,FALSE,FALSE,FALSE,8.67376513065725,8.67376513065725
191,22,FALSE,TRUE,FALSE,FALSE,FALSE,8.61247655342625,8.61247655342625
192,22,FALSE,TRUE,FALSE,FALSE,FALSE,8.09973772750253,8.09973772750253
193,22,FALSE,TRUE,FALSE,FALSE,FALSE,8.61247655342625,8.61247655342625
194,22,FALSE,TRUE,FALSE,FALSE,FALSE,8.61247655342625,8.61247655342625
195,22,FALSE,TRUE,FALSE,FALSE,FALSE,7.95042021684785,7.95042021684785
196,22,FALSE,TRUE,FALSE,FALSE,FALSE,8.09973772750253,8.09973772750253
197,22,FALSE,TRUE,FALSE,FALSE,FALSE,8.09973772750253,8.09973772750253
198,22,FALSE,TRUE,FALSE,FALSE,FALSE,8.61247655342625,8.61247655342625
199,22,FALSE,TRUE,FALSE,FALSE,FALSE,8.67376513065725,8.67376513065725
200,22,FALSE,TRUE,FALSE,FALSE,FALSE,8.67376513065725,8.67376513065725
201,22,FALSE,TRUE,FALSE,FALSE,FALSE,8.67376513065725,8.67376513065725
202,22,FALSE,TRUE,FALSE,FALSE,FALSE,8.67376513065725,8.67376513065725
203,22,FALSE,TRUE,FALSE,FALSE,FALSE,7.95042021684785,7.95042021684785
204,22,FALSE,TRUE,FALSE,FALSE,FALSE,8.09973772750253,8.09973772750253
205,22,FALSE,TRUE,FALSE,FALSE,FALSE,8.09973772750253,8.09973772750253
206,22,FALSE,TRUE,FALSE,FALSE,FALSE,8.84084580531938,8.84084580531938
207,22,FALSE,TRUE,FALSE,FALSE,FALSE,8.97385479370257,8.97385479370257
208,22,FALSE,TRUE,FALSE,FALSE,FALSE,8.67376513065725,8.67376513065725
209,22,FALSE,TRUE,FALSE,FALSE,FALSE,8.52564938728719,8.52564938728719
210,22,FALSE,FALSE,FALSE,FALSE,TRUE,7.95042021684785,9.20380290475918
211,22,FALSE,TRUE,FALSE,FALSE,FALSE,8.67376513065725,8.67376513065725
212,22,FALSE,FALSE,FALSE,FALSE,TRUE,7.95042021684785,9.20380290475918
213,22,FALSE,TRUE,FALSE,FALSE,FALSE,8.67376513065725,8.67376513065725
214,22,FALSE,TRUE,FALSE,FALSE,FALSE,9.04291290286522,9.04291290286522
215,22,FALSE,FALSE,FALSE,FALSE,TRUE,7.95042021684785,9.20380290475918
216,22,FALSE,TRUE,FALSE,FALSE,FALSE,8.09973772750253,8.09973772750253
217,22,FALSE,TRUE,FALSE,FALSE,FALSE,8.74425260669281,8.74425260669281
218,26,FALSE,TRUE,FALSE,FALSE,FALSE,8.74425260669281,8.74425260669281
219,26,FALSE,TRUE,FALSE,FALSE,FALSE,8.74425260669281,8.74425260669281
220,26,FALSE,TRUE,FALSE,FALSE,FALSE,8.67376513065725,8.67376513065725
221,26,FALSE,TRUE,FALSE,FALSE,FALSE,8.67376513065725,8.67376513065725
222,26,FALSE,TRUE,FALSE,FALSE,FALSE,8.74425260669281,8.74425260669281
223,26,FALSE,TRUE,FALSE,FALSE,FALSE,8.67376513065725,8.67376513065725
224,26,FALSE,TRUE,FALSE,FALSE,FALSE,8.09973772750253,8.09973772750253
225,26,FALSE,TRUE,FALSE,FALSE,FALSE,8.09973772750253,8.09973772750253
226,26,FALSE,TRUE,FALSE,FALSE,FALSE,8.67376513065725,8.67376513065725
227,26,FALSE,TRUE,FALSE,FALSE,FALSE,8.67376513065725,8.67376513065725
228,26,FALSE,TRUE,FALSE,FALSE,FALSE,8.67376513065725,8.67376513065725
229,27,FALSE,TRUE,FALSE,FALSE,FALSE,8.67376513065725,8.67376513065725
230,27,FALSE,TRUE,FALSE,FALSE,FALSE,9.43767793165349,9.43767793165349
231,27,FALSE,FALSE,FALSE,TRUE,FALSE,9.01368850400637,9.01368850400637
232,27,FALSE,TRUE,FALSE,FALSE,FALSE,8.67376513065725,8.67376513065725
233,27,FALSE,TRUE,FALSE,FALSE,FALSE,8.67376513065725,8.67376513065725
234,27,FALSE,TRUE,FALSE,FALSE,FALSE,8.67376513065725,8.67376513065725
235,27,FALSE,TRUE,FALSE,FALSE,FALSE,7.90962332674972,7.90962332674972
236,27,FALSE,TRUE,FALSE,FALSE,FALSE,8.74425260669281,8.74425260669281
237,27,FALSE,TRUE,FALSE,FALSE,FALSE,8.74425260669281,8.74425260669281
238,27,FALSE,TRUE,FALSE,FALSE,FALSE,8.67376513065725,8.67376513065725
239,27,FALSE,TRUE,FALSE,FALSE,FALSE,8.74425260669281,8.74425260669281
240,27,FALSE,TRUE,FALSE,FALSE,FALSE,8.52564938728719,8.52564938728719
241,27,FALSE,TRUE,FALSE,FALSE,FALSE,8.09973772750253,8.09973772750253
242,27,FALSE,TRUE,FALSE,FALSE,FALSE,8.09973772750253,8.09973772750253
243,27,FALSE,TRUE,FALSE,FALSE,FALSE,8.67376513065725,8.67376513065725
244,28,FALSE,TRUE,FALSE,FALSE,FALSE,8.74425260669281,8.74425260669281
245,28,FALSE,TRUE,FALSE,FALSE,FALSE,8.09973772750253,8.09973772750253
246,28,FALSE,TRUE,FALSE,FALSE,FALSE,8.67376513065725,8.67376513065725
247,28,FALSE,TRUE,FALSE,FALSE,FALSE,7.95042021684785,7.95042021684785
248,28,FALSE,TRUE,FALSE,FALSE,FALSE,8.09973772750253,8.09973772750253
249,28,FALSE,TRUE,FALSE,FALSE,FALSE,8.09973772750253,8.09973772750253
250,28,FALSE,TRUE,FALSE,FALSE,FALSE,7.95042021684785,7.95042021684785
251,28,FALSE,TRUE,FALSE,FALSE,FALSE,8.67376513065725,8.67376513065725
252,28,FALSE,TRUE,FALSE,FALSE,FALSE,8.39530270089355,8.39530270089355
253,28,FALSE,TRUE,FALSE,FALSE,FALSE,8.67376513065725,8.67376513065725
254,28,FALSE,TRUE,FALSE,FALSE,FALSE,8.67376513065725,8.67376513065725
255,28,FALSE,TRUE,FALSE,FALSE,FALSE,8.67376513065725,8.67376513065725
256,28,FALSE,TRUE,FALSE,FALSE,FALSE,7.95042021684785,7.95042021684785
257,28,FALSE,TRUE,FALSE,FALSE,FALSE,8.67376513065725,8.67376513065725
258,28,FALSE,TRUE,FALSE,FALSE,FALSE,8.74425260669281,8.74425260669281
259,28,TRUE,TRUE,FALSE,FALSE,FALSE,8.52564938728719,8.52564938728719
260,30,FALSE,TRUE,FALSE,FALSE,FALSE,8.67376513065725,8.67376513065725
261,30,FALSE,TRUE,FALSE,FALSE,FALSE,8.67376513065725,8.67376513065725
262,30,FALSE,TRUE,FALSE,FALSE,FALSE,8.86557276063631,8.86557276063631
263,30,FALSE,TRUE,FALSE,FALSE,FALSE,8.5434184442636,8.5434184442636
264,30,FALSE,TRUE,FALSE,FALSE,FALSE,8.5434184442636,8.5434184442636
265,30,TRUE,TRUE,FALSE,FALSE,FALSE,9.13661410838649,9.13661410838649
266,30,FALSE,TRUE,FALSE,FALSE,FALSE,8.52564938728719,8.52564938728719
267,30,FALSE,TRUE,FALSE,FALSE,FALSE,8.97385479370257,8.97385479370257
268,30,FALSE,TRUE,FALSE,FALSE,FALSE,8.18395262269142,8.18395262269142
269,30,FALSE,TRUE,FALSE,FALSE,FALSE,8.33206836606148,8.33206836606148
270,30,FALSE,TRUE,FALSE,FALSE,FALSE,8.92096221923174,8.92096221923174
271,30,FALSE,TRUE,FALSE,FALSE,FALSE,8.74425260669281,8.74425260669281
272,30,TRUE,TRUE,FALSE,FALSE,FALSE,8.74425260669281,8.74425260669281
273,30,FALSE,TRUE,FALSE,FALSE,FALSE,8.9914496952673,8.9914496952673
274,33,FALSE,TRUE,FALSE,FALSE,FALSE,9.04434226973814,9.04434226973814
275,33,FALSE,TRUE,FALSE,FALSE,FALSE,8.84084580531938,8.84084580531938
276,33,FALSE,TRUE,FALSE,FALSE,FALSE,8.61390592029916,8.61390592029916
277,33,FALSE,TRUE,FALSE,FALSE,FALSE,8.67376513065725,8.67376513065725
278,33,FALSE,TRUE,FALSE,FALSE,FALSE,8.77284647586168,8.77284647586168
279,33,FALSE,TRUE,FALSE,FALSE,FALSE,8.67376513065725,8.67376513065725
280,33,FALSE,TRUE,FALSE,FALSE,FALSE,8.09973772750253,8.09973772750253
281,33,TRUE,TRUE,FALSE,FALSE,FALSE,8.67376513065725,8.67376513065725
282,33,FALSE,TRUE,FALSE,FALSE,FALSE,8.61390592029916,8.61390592029916
283,33,FALSE,TRUE,FALSE,FALSE,FALSE,8.67376513065725,8.67376513065725
284,33,FALSE,TRUE,FALSE,FALSE,FALSE,8.74425260669281,8.74425260669281
285,33,TRUE,TRUE,FALSE,FALSE,FALSE,8.67376513065725,8.67376513065725
286,33,FALSE,TRUE,FALSE,FALSE,FALSE,9.10420148009622,9.10420148009622
287,34,FALSE,TRUE,FALSE,FALSE,FALSE,8.74425260669281,8.74425260669281
288,34,FALSE,TRUE,FALSE,FALSE,FALSE,8.74425260669281,8.74425260669281
289,34,FALSE,TRUE,FALSE,FALSE,FALSE,8.67376513065725,8.67376513065725
290,34,FALSE,TRUE,FALSE,FALSE,FALSE,8.09973772750253,8.09973772750253
291,34,FALSE,TRUE,FALSE,FALSE,FALSE,8.74425260669281,8.74425260669281
292,34,FALSE,TRUE,FALSE,FALSE,FALSE,8.09973772750253,8.09973772750253
293,34,FALSE,TRUE,FALSE,FALSE,FALSE,8.61247655342625,8.61247655342625
294,34,FALSE,TRUE,FALSE,FALSE,FALSE,8.67376513065725,8.67376513065725
295,34,FALSE,TRUE,FALSE,FALSE,FALSE,8.09973772750253,8.09973772750253
296,34,FALSE,TRUE,FALSE,FALSE,FALSE,8.74425260669281,8.74425260669281
297,34,FALSE,TRUE,FALSE,FALSE,FALSE,8.5434184442636,8.5434184442636
298,34,FALSE,TRUE,FALSE,FALSE,FALSE,8.67376513065725,8.67376513065725
299,34,FALSE,TRUE,FALSE,FALSE,FALSE,8.74425260669281,8.74425260669281
300,34,FALSE,TRUE,FALSE,FALSE,FALSE,8.52564938728719,8.52564938728719
301,35,FALSE,TRUE,FALSE,FALSE,FALSE,8.39530270089355,8.39530270089355
302,35,FALSE,TRUE,FALSE,FALSE,FALSE,8.67376513065725,8.67376513065725
303,35,FALSE,TRUE,FALSE,FALSE,FALSE,8.5434184442636,8.5434184442636
304,35,FALSE,TRUE,FALSE,FALSE,FALSE,8.73353284501641,8.73353284501641
305,35,FALSE,TRUE,FALSE,FALSE,FALSE,8.67376513065725,8.67376513065725
306,35,FALSE,TRUE,FALSE,FALSE,FALSE,8.67376513065725,8.67376513065725
307,35,FALSE,TRUE,FALSE,FALSE,FALSE,8.74425260669281,8.74425260669281
308,35,FALSE,TRUE,FALSE,FALSE,FALSE,8.5434184442636,8.5434184442636
309,35,FALSE,TRUE,FALSE,FALSE,FALSE,8.5434184442636,8.5434184442636
310,35,FALSE,TRUE,FALSE,FALSE,FALSE,9.17468895613178,9.17468895613178
311,35,FALSE,TRUE,FALSE,FALSE,FALSE,8.74425260669281,8.74425260669281
312,35,FALSE,TRUE,FALSE,FALSE,FALSE,8.67376513065725,8.67376513065725
313,35,FALSE,TRUE,FALSE,FALSE,FALSE,8.74425260669281,8.74425260669281
314,35,FALSE,TRUE,FALSE,FALSE,FALSE,8.74425260669281,8.74425260669281
315,36,FALSE,TRUE,FALSE,FALSE,FALSE,9.17468895613178,9.17468895613178
316,36,FALSE,TRUE,FALSE,FALSE,FALSE,7.95042021684785,7.95042021684785
317,36,FALSE,TRUE,FALSE,FALSE,FALSE,8.52564938728719,8.52564938728719
318,36,FALSE,TRUE,FALSE,FALSE,FALSE,8.5434184442636,8.5434184442636
319,36,TRUE,TRUE,FALSE,FALSE,FALSE,7.95042021684785,7.95042021684785
320,36,FALSE,TRUE,FALSE,FALSE,FALSE,8.67376513065725,8.67376513065725
321,36,FALSE,TRUE,FALSE,FALSE,FALSE,8.67376513065725,8.67376513065725
322,36,FALSE,FALSE,FALSE,FALSE,TRUE,7.95042021684785,9.20380290475918
323,36,FALSE,TRUE,FALSE,FALSE,FALSE,8.97385479370257,8.97385479370257
324,36,FALSE,FALSE,FALSE,TRUE,FALSE,8.5434184442636,8.5434184442636
325,36,FALSE,FALSE,FALSE,FALSE,TRUE,7.95042021684785,9.20380290475918
326,36,FALSE,TRUE,FALSE,FALSE,FALSE,7.95042021684785,7.95042021684785
327,36,FALSE,TRUE,FALSE,FALSE,FALSE,8.67376513065725,8.67376513065725
328,36,FALSE,TRUE,FALSE,FALSE,FALSE,7.95042021684785,7.95042021684785
329,36,FALSE,TRUE,FALSE,FALSE,FALSE,8.09973772750253,8.09973772750253
330,37,FALSE,TRUE,FALSE,FALSE,FALSE,8.5434184442636,8.5434184442636
331,37,FALSE,TRUE,FALSE,FALSE,FALSE,8.67376513065725,8.67376513065725
332,37,FALSE,TRUE,FALSE,FALSE,FALSE,8.67376513065725,8.67376513065725
333,37,FALSE,TRUE,FALSE,FALSE,FALSE,8.67376513065725,8.67376513065725
334,37,FALSE,TRUE,FALSE,FALSE,FALSE,9.11384076728591,9.11384076728591
335,37,FALSE,TRUE,FALSE,FALSE,FALSE,8.52564938728719,8.52564938728719
336,37,FALSE,TRUE,FALSE,FALSE,FALSE,8.97385479370257,8.97385479370257
337,37,FALSE,TRUE,FALSE,FALSE,FALSE,8.67376513065725,8.67376513065725
338,37,FALSE,TRUE,FALSE,FALSE,FALSE,7.95042021684785,7.95042021684785
339,37,FALSE,TRUE,FALSE,FALSE,FALSE,8.67376513065725,8.67376513065725
340,37,FALSE,TRUE,FALSE,FALSE,FALSE,8.95608573672616,8.95608573672616
341,37,FALSE,TRUE,FALSE,FALSE,FALSE,8.84084580531938,8.84084580531938
342,37,FALSE,TRUE,FALSE,FALSE,FALSE,8.74425260669281,8.74425260669281
343,37,FALSE,TRUE,FALSE,FALSE,FALSE,8.9914496952673,8.9914496952673
344,37,FALSE,TRUE,FALSE,FALSE,FALSE,8.52564938728719,8.52564938728719
345,38,FALSE,TRUE,FALSE,FALSE,FALSE,9.50816540768905,9.50816540768905
346,38,FALSE,TRUE,FALSE,FALSE,FALSE,8.67376513065725,8.67376513065725
347,38,FALSE,TRUE,FALSE,FALSE,FALSE,8.74457570582703,8.74457570582703
348,38,FALSE,TRUE,FALSE,FALSE,FALSE,8.74425260669281,8.74425260669281
349,38,FALSE,TRUE,FALSE,FALSE,FALSE,8.09973772750253,8.09973772750253
350,38,FALSE,TRUE,FALSE,FALSE,FALSE,8.74425260669281,8.74425260669281
351,38,FALSE,TRUE,FALSE,FALSE,FALSE,8.67376513065725,8.67376513065725
352,38,FALSE,TRUE,FALSE,FALSE,FALSE,8.67376513065725,8.67376513065725
353,38,FALSE,TRUE,FALSE,FALSE,FALSE,8.67376513065725,8.67376513065725
354,38,TRUE,TRUE,FALSE,FALSE,FALSE,9.03096020607219,9.03096020607219
355,38,FALSE,TRUE,FALSE,FALSE,FALSE,8.67376513065725,8.67376513065725
356,38,FALSE,TRUE,FALSE,FALSE,FALSE,8.74425260669281,8.74425260669281
357,38,FALSE,TRUE,FALSE,FALSE,FALSE,8.67376513065725,8.67376513065725
358,38,FALSE,TRUE,FALSE,FALSE,FALSE,8.67376513065725,8.67376513065725
359,38,FALSE,TRUE,FALSE,FALSE,FALSE,8.67376513065725,8.67376513065725
360,39,FALSE,TRUE,FALSE,FALSE,FALSE,8.97385479370257,8.97385479370257
361,39,FALSE,TRUE,FALSE,FALSE,FALSE,8.61390592029916,8.61390592029916
362,39,FALSE,TRUE,FALSE,FALSE,FALSE,8.67376513065725,8.67376513065725
363,39,FALSE,TRUE,FALSE,FALSE,FALSE,8.61390592029916,8.61390592029916
364,39,FALSE,TRUE,FALSE,FALSE,FALSE,8.67376513065725,8.67376513065725
365,39,FALSE,TRUE,FALSE,FALSE,FALSE,8.61247655342625,8.61247655342625
366,39,FALSE,TRUE,FALSE,FALSE,FALSE,8.39530270089355,8.39530270089355
367,39,FALSE,TRUE,FALSE,FALSE,FALSE,8.74425260669281,8.74425260669281
368,39,FALSE,TRUE,FALSE,FALSE,FALSE,8.67376513065725,8.67376513065725
369,39,FALSE,TRUE,FALSE,FALSE,FALSE,8.67376513065725,8.67376513065725
370,39,FALSE,TRUE,FALSE,FALSE,FALSE,8.61390592029916,8.61390592029916
371,39,FALSE,TRUE,FALSE,FALSE,FALSE,8.5434184442636,8.5434184442636
372,39,FALSE,TRUE,FALSE,FALSE,FALSE,8.67376513065725,8.67376513065725
373,39,FALSE,TRUE,FALSE,FALSE,FALSE,9.11384076728591,9.11384076728591
374,39,FALSE,TRUE,FALSE,FALSE,FALSE,9.04335329125035,9.04335329125035
375,39,FALSE,TRUE,FALSE,FALSE,FALSE,7.95042021684785,7.95042021684785
376,39,FALSE,TRUE,FALSE,FALSE,FALSE,8.74425260669281,8.74425260669281
377,39,FALSE,TRUE,FALSE,FALSE,FALSE,8.67376513065725,8.67376513065725
378,39,FALSE,TRUE,FALSE,FALSE,FALSE,8.67376513065725,8.67376513065725
379,39,FALSE,TRUE,FALSE,FALSE,FALSE,8.67376513065725,8.67376513065725
380,39,FALSE,TRUE,FALSE,FALSE,FALSE,8.67376513065725,8.67376513065725
381,39,FALSE,TRUE,FALSE,FALSE,FALSE,8.67376513065725,8.67376513065725
382,39,FALSE,TRUE,FALSE,FALSE,FALSE,8.67376513065725,8.67376513065725
383,39,FALSE,TRUE,FALSE,FALSE,FALSE,8.67376513065725,8.67376513065725
384,39,FALSE,TRUE,FALSE,FALSE,FALSE,8.52564938728719,8.52564938728719
385,39,FALSE,TRUE,FALSE,FALSE,FALSE,8.67376513065725,8.67376513065725
386,39,FALSE,TRUE,FALSE,FALSE,FALSE,8.5434184442636,8.5434184442636
387,39,FALSE,TRUE,FALSE,FALSE,FALSE,8.74425260669281,8.74425260669281
388,39,FALSE,TRUE,FALSE,FALSE,FALSE,8.67376513065725,8.67376513065725
389,39,FALSE,TRUE,FALSE,FALSE,FALSE,8.52564938728719,8.52564938728719
390,40,FALSE,TRUE,FALSE,FALSE,FALSE,8.67376513065725,8.67376513065725
391,40,FALSE,TRUE,FALSE,FALSE,FALSE,9.11384076728591,9.11384076728591
392,40,FALSE,TRUE,FALSE,FALSE,FALSE,8.67376513065725,8.67376513065725
393,40,FALSE,TRUE,FALSE,FALSE,FALSE,8.67376513065725,8.67376513065725
394,40,FALSE,TRUE,FALSE,FALSE,FALSE,8.74425260669281,8.74425260669281
395,40,FALSE,TRUE,FALSE,FALSE,FALSE,8.5434184442636,8.5434184442636
396,40,FALSE,TRUE,FALSE,FALSE,FALSE,8.67376513065725,8.67376513065725
397,40,FALSE,TRUE,FALSE,FALSE,FALSE,8.67376513065725,8.67376513065725
398,40,FALSE,TRUE,FALSE,FALSE,FALSE,8.67376513065725,8.67376513065725
399,40,FALSE,TRUE,FALSE,FALSE,FALSE,8.52564938728719,8.52564938728719
400,40,FALSE,TRUE,FALSE,FALSE,FALSE,8.61390592029916,8.61390592029916
401,40,FALSE,TRUE,FALSE,FALSE,FALSE,8.74425260669281,8.74425260669281
402,40,FALSE,TRUE,FALSE,FALSE,FALSE,8.74425260669281,8.74425260669281
403,40,FALSE,TRUE,FALSE,FALSE,FALSE,9.50816540768905,9.50816540768905
404,40,FALSE,TRUE,FALSE,FALSE,FALSE,8.73353284501641,8.73353284501641
405,42,FALSE,TRUE,FALSE,FALSE,FALSE,8.67376513065725,8.67376513065725
406,42,FALSE,TRUE,FALSE,FALSE,FALSE,8.67376513065725,8.67376513065725
407,42,FALSE,TRUE,FALSE,FALSE,FALSE,7.95042021684785,7.95042021684785
408,42,FALSE,TRUE,FALSE,FALSE,FALSE,8.74425260669281,8.74425260669281
409,42,FALSE,TRUE,FALSE,FALSE,FALSE,8.61390592029916,8.61390592029916
410,42,FALSE,TRUE,FALSE,FALSE,FALSE,8.74425260669281,8.74425260669281
411,42,FALSE,TRUE,FALSE,FALSE,FALSE,8.74425260669281,8.74425260669281
412,42,FALSE,TRUE,FALSE,FALSE,FALSE,8.74425260669281,8.74425260669281
413,42,FALSE,TRUE,FALSE,FALSE,FALSE,7.95042021684785,7.95042021684785
414,42,FALSE,TRUE,FALSE,FALSE,FALSE,8.74425260669281,8.74425260669281
415,42,FALSE,TRUE,FALSE,FALSE,FALSE,9.17468895613178,9.17468895613178
416,44,FALSE,TRUE,FALSE,FALSE,FALSE,8.67376513065725,8.67376513065725
417,44,FALSE,TRUE,FALSE,FALSE,FALSE,8.74425260669281,8.74425260669281
418,44,FALSE,TRUE,FALSE,FALSE,FALSE,8.5434184442636,8.5434184442636
419,44,FALSE,TRUE,FALSE,FALSE,FALSE,8.67376513065725,8.67376513065725
420,44,FALSE,TRUE,FALSE,FALSE,FALSE,8.09973772750253,8.09973772750253
421,44,FALSE,TRUE,FALSE,FALSE,FALSE,8.5434184442636,8.5434184442636
422,44,FALSE,TRUE,FALSE,FALSE,FALSE,8.74425260669281,8.74425260669281
423,44,FALSE,TRUE,FALSE,FALSE,FALSE,8.67376513065725,8.67376513065725
424,44,FALSE,TRUE,FALSE,FALSE,FALSE,8.74425260669281,8.74425260669281
425,44,FALSE,TRUE,FALSE,FALSE,FALSE,8.67376513065725,8.67376513065725
426,44,FALSE,TRUE,FALSE,FALSE,FALSE,8.61390592029916,8.61390592029916
427,44,FALSE,TRUE,FALSE,FALSE,FALSE,8.67376513065725,8.67376513065725
428,44,FALSE,TRUE,FALSE,FALSE,FALSE,8.5434184442636,8.5434184442636
429,44,FALSE,TRUE,FALSE,FALSE,FALSE,8.5434184442636,8.5434184442636
430,44,FALSE,TRUE,FALSE,FALSE,FALSE,8.61390592029916,8.61390592029916
431,45,FALSE,TRUE,FALSE,FALSE,FALSE,8.67376513065725,8.67376513065725
432,45,FALSE,TRUE,FALSE,FALSE,FALSE,8.61247655342625,8.61247655342625
433,45,FALSE,TRUE,FALSE,FALSE,FALSE,8.67376513065725,8.67376513065725
434,45,FALSE,TRUE,FALSE,FALSE,FALSE,8.67376513065725,8.67376513065725
435,45,FALSE,TRUE,FALSE,FALSE,FALSE,8.67376513065725,8.67376513065725
436,45,FALSE,TRUE,FALSE,FALSE,FALSE,8.67376513065725,8.67376513065725
437,45,FALSE,TRUE,FALSE,FALSE,FALSE,8.5434184442636,8.5434184442636
438,45,FALSE,TRUE,FALSE,FALSE,FALSE,8.67376513065725,8.67376513065725
439,45,FALSE,TRUE,FALSE,FALSE,FALSE,8.67376513065725,8.67376513065725
440,45,FALSE,TRUE,FALSE,FALSE,FALSE,8.67376513065725,8.67376513065725
441,45,FALSE,TRUE,FALSE,FALSE,FALSE,8.67376513065725,8.67376513065725
442,45,FALSE,TRUE,FALSE,FALSE,FALSE,8.67376513065725,8.67376513065725
443,45,FALSE,TRUE,FALSE,FALSE,FALSE,8.74425260669281,8.74425260669281
444,45,FALSE,TRUE,FALSE,FALSE,FALSE,8.67376513065725,8.67376513065725
445,45,FALSE,TRUE,FALSE,FALSE,FALSE,8.61390592029916,8.61390592029916
446,48,FALSE,TRUE,FALSE,FALSE,FALSE,9.10420148009622,9.10420148009622
447,48,FALSE,TRUE,FALSE,FALSE,FALSE,7.95042021684785,7.95042021684785
448,48,FALSE,TRUE,FALSE,FALSE,FALSE,8.26681840216466,8.26681840216466
449,48,FALSE,TRUE,FALSE,FALSE,FALSE,9.10420148009622,9.10420148009622
450,48,FALSE,TRUE,FALSE,FALSE,FALSE,8.5434184442636,8.5434184442636
451,48,FALSE,TRUE,FALSE,FALSE,FALSE,8.67376513065725,8.67376513065725
452,48,FALSE,TRUE,FALSE,FALSE,FALSE,8.5434184442636,8.5434184442636
453,48,FALSE,TRUE,FALSE,FALSE,FALSE,8.38085656628682,8.38085656628682
454,48,FALSE,TRUE,FALSE,FALSE,FALSE,8.67376513065725,8.67376513065725
455,48,FALSE,TRUE,FALSE,FALSE,FALSE,7.95042021684785,7.95042021684785
456,48,FALSE,TRUE,FALSE,FALSE,FALSE,8.74425260669281,8.74425260669281
457,48,FALSE,TRUE,FALSE,FALSE,FALSE,8.5434184442636,8.5434184442636
458,48,FALSE,TRUE,FALSE,FALSE,FALSE,8.5434184442636,8.5434184442636
459,49,FALSE,TRUE,FALSE,FALSE,FALSE,9.10420148009622,9.10420148009622
460,49,FALSE,TRUE,FALSE,FALSE,FALSE,8.67376513065725,8.67376513065725
461,49,FALSE,TRUE,FALSE,FALSE,FALSE,8.67376513065725,8.67376513065725
462,49,FALSE,TRUE,FALSE,FALSE,FALSE,8.67376513065725,8.67376513065725
463,49,FALSE,TRUE,FALSE,FALSE,FALSE,8.74425260669281,8.74425260669281
464,49,FALSE,TRUE,FALSE,FALSE,FALSE,8.74425260669281,8.74425260669281
465,49,FALSE,TRUE,FALSE,FALSE,FALSE,8.67376513065725,8.67376513065725
466,49,FALSE,TRUE,FALSE,FALSE,FALSE,8.5434184442636,8.5434184442636
467,49,TRUE,TRUE,FALSE,FALSE,FALSE,8.38085656628682,8.38085656628682
468,49,FALSE,TRUE,FALSE,FALSE,FALSE,8.97385479370257,8.97385479370257
469,49,FALSE,TRUE,FALSE,FALSE,FALSE,9.20380290475918,9.20380290475918
470,49,FALSE,TRUE,FALSE,FALSE,FALSE,8.74425260669281,8.74425260669281
471,49,FALSE,TRUE,FALSE,FALSE,FALSE,8.5434184442636,8.5434184442636
472,49,FALSE,TRUE,FALSE,FALSE,FALSE,8.67376513065725,8.67376513065725
473,50,FALSE,TRUE,FALSE,FALSE,FALSE,8.67376513065725,8.67376513065725
474,50,FALSE,TRUE,FALSE,FALSE,FALSE,8.61247655342625,8.61247655342625
475,50,FALSE,TRUE,FALSE,FALSE,FALSE,8.67376513065725,8.67376513065725
476,50,FALSE,TRUE,FALSE,FALSE,FALSE,8.09973772750253,8.09973772750253
477,50,FALSE,TRUE,FALSE,FALSE,FALSE,9.10420148009622,9.10420148009622
478,50,FALSE,TRUE,FALSE,FALSE,FALSE,8.74425260669281,8.74425260669281
479,50,FALSE,TRUE,FALSE,FALSE,FALSE,8.74425260669281,8.74425260669281
480,50,FALSE,TRUE,FALSE,FALSE,FALSE,8.5434184442636,8.5434184442636
481,50,FALSE,TRUE,FALSE,FALSE,FALSE,8.09973772750253,8.09973772750253
482,50,FALSE,TRUE,FALSE,FALSE,FALSE,8.67376513065725,8.67376513065725
483,50,FALSE,TRUE,FALSE,FALSE,FALSE,9.04434226973814,9.04434226973814
484,50,FALSE,TRUE,FALSE,FALSE,FALSE,8.5434184442636,8.5434184442636
485,50,FALSE,TRUE,FALSE,FALSE,FALSE,8.61247655342625,8.61247655342625
486,50,FALSE,TRUE,FALSE,FALSE,FALSE,8.67376513065725,8.67376513065725
487,50,FALSE,TRUE,FALSE,FALSE,FALSE,8.67376513065725,8.67376513065725
488,51,FALSE,TRUE,FALSE,FALSE,FALSE,8.67376513065725,8.67376513065725
489,51,FALSE,TRUE,FALSE,FALSE,FALSE,9.50871750973455,9.50871750973455
490,51,FALSE,TRUE,FALSE,FALSE,FALSE,8.61247655342625,8.61247655342625
491,51,FALSE,TRUE,FALSE,FALSE,FALSE,8.97385479370257,8.97385479370257
492,51,FALSE,TRUE,FALSE,FALSE,FALSE,8.67376513065725,8.67376513065725
493,51,FALSE,TRUE,FALSE,FALSE,FALSE,8.67376513065725,8.67376513065725
494,51,FALSE,TRUE,FALSE,FALSE,FALSE,8.67376513065725,8.67376513065725
495,51,FALSE,TRUE,FALSE,FALSE,FALSE,8.52564938728719,8.52564938728719
496,51,FALSE,TRUE,FALSE,FALSE,FALSE,8.67376513065725,8.67376513065725
497,51,TRUE,TRUE,FALSE,FALSE,FALSE,8.91133328135494,8.91133328135494
498,51,FALSE,TRUE,FALSE,FALSE,FALSE,8.67376513065725,8.67376513065725
499,51,FALSE,TRUE,FALSE,FALSE,FALSE,9.17468895613178,9.17468895613178
500,51,FALSE,TRUE,FALSE,FALSE,FALSE,8.67376513065725,8.67376513065725
501,51,TRUE,TRUE,FALSE,FALSE,FALSE,8.67376513065725,8.67376513065725
502,54,FALSE,TRUE,FALSE,FALSE,FALSE,8.67376513065725,8.67376513065725
503,54,FALSE,TRUE,FALSE,FALSE,FALSE,9.10420148009622,9.10420148009622
504,54,FALSE,TRUE,FALSE,FALSE,FALSE,8.67376513065725,8.67376513065725
505,54,FALSE,TRUE,FALSE,FALSE,FALSE,8.67376513065725,8.67376513065725
506,54,FALSE,TRUE,FALSE,FALSE,FALSE,7.76030581609504,7.76030581609504
507,54,FALSE,TRUE,FALSE,FALSE,FALSE,8.67376513065725,8.67376513065725
508,54,FALSE,TRUE,FALSE,FALSE,FALSE,8.61390592029916,8.61390592029916
509,54,FALSE,TRUE,FALSE,FALSE,FALSE,8.67376513065725,8.67376513065725
510,54,FALSE,TRUE,FALSE,FALSE,FALSE,8.67376513065725,8.67376513065725
511,54,FALSE,TRUE,FALSE,FALSE,FALSE,8.61247655342625,8.61247655342625
512,54,FALSE,TRUE,FALSE,FALSE,FALSE,8.5434184442636,8.5434184442636
513,54,FALSE,TRUE,FALSE,FALSE,FALSE,8.61390592029916,8.61390592029916
514,54,FALSE,TRUE,FALSE,FALSE,FALSE,8.61390592029916,8.61390592029916
515,54,FALSE,TRUE,FALSE,FALSE,FALSE,8.38085656628682,8.38085656628682
516,54,FALSE,TRUE,FALSE,FALSE,FALSE,8.67376513065725,8.67376513065725
517,55,FALSE,TRUE,FALSE,FALSE,FALSE,8.5434184442636,8.5434184442636
518,55,FALSE,TRUE,FALSE,FALSE,FALSE,8.67376513065725,8.67376513065725
519,55,FALSE,TRUE,FALSE,FALSE,FALSE,8.74425260669281,8.74425260669281
520,55,FALSE,TRUE,FALSE,FALSE,FALSE,8.61247655342625,8.61247655342625
521,55,FALSE,TRUE,FALSE,FALSE,FALSE,8.67376513065725,8.67376513065725
522,55,FALSE,TRUE,FALSE,FALSE,FALSE,8.67376513065725,8.67376513065725
523,55,FALSE,TRUE,FALSE,FALSE,FALSE,8.67376513065725,8.67376513065725
524,55,FALSE,TRUE,FALSE,FALSE,FALSE,8.67376513065725,8.67376513065725
525,55,FALSE,TRUE,FALSE,FALSE,FALSE,8.67376513065725,8.67376513065725
526,55,FALSE,TRUE,FALSE,FALSE,FALSE,8.67376513065725,8.67376513065725
527,55,FALSE,TRUE,FALSE,FALSE,FALSE,8.74425260669281,8.74425260669281
528,55,FALSE,TRUE,FALSE,FALSE,FALSE,8.5434184442636,8.5434184442636
529,55,FALSE,TRUE,FALSE,FALSE,FALSE,8.5434184442636,8.5434184442636
530,55,FALSE,TRUE,FALSE,FALSE,FALSE,7.76030581609504,7.76030581609504
531,55,FALSE,TRUE,FALSE,FALSE,FALSE,8.67376513065725,8.67376513065725
532,56,FALSE,TRUE,FALSE,FALSE,FALSE,8.5301740769415,8.5301740769415
533,56,FALSE,TRUE,FALSE,FALSE,FALSE,8.5434184442636,8.5434184442636
534,56,FALSE,TRUE,FALSE,FALSE,FALSE,8.61390592029916,8.61390592029916
535,56,FALSE,TRUE,FALSE,FALSE,FALSE,8.39530270089355,8.39530270089355
536,56,FALSE,TRUE,FALSE,FALSE,FALSE,7.95042021684785,7.95042021684785
537,56,FALSE,TRUE,FALSE,FALSE,FALSE,7.95042021684785,7.95042021684785
538,56,FALSE,TRUE,FALSE,FALSE,FALSE,8.9914496952673,8.9914496952673
539,56,FALSE,TRUE,FALSE,FALSE,FALSE,8.09973772750253,8.09973772750253
540,56,FALSE,FALSE,TRUE,FALSE,TRUE,7.8307932921306,9.08417598004193
541,56,FALSE,TRUE,FALSE,FALSE,FALSE,8.97385479370257,8.97385479370257
542,56,FALSE,TRUE,FALSE,FALSE,FALSE,9.26699362563659,9.26699362563659
543,56,FALSE,TRUE,FALSE,FALSE,FALSE,8.61247655342625,8.61247655342625
544,56,FALSE,TRUE,FALSE,FALSE,FALSE,8.73353284501641,8.73353284501641
545,56,FALSE,TRUE,FALSE,FALSE,FALSE,9.30733124525985,9.30733124525985
546,56,FALSE,TRUE,FALSE,FALSE,FALSE,8.33206836606148,8.33206836606148
547,57,FALSE,TRUE,FALSE,FALSE,FALSE,8.5434184442636,8.5434184442636
548,57,FALSE,TRUE,FALSE,FALSE,FALSE,8.5434184442636,8.5434184442636
549,57,FALSE,TRUE,FALSE,FALSE,FALSE,8.74425260669281,8.74425260669281
550,57,FALSE,TRUE,FALSE,FALSE,FALSE,8.52564938728719,8.52564938728719
551,57,FALSE,TRUE,FALSE,FALSE,FALSE,8.67376513065725,8.67376513065725
552,57,FALSE,TRUE,FALSE,FALSE,FALSE,8.67376513065725,8.67376513065725
553,57,FALSE,TRUE,FALSE,FALSE,FALSE,8.52564938728719,8.52564938728719
554,57,FALSE,TRUE,FALSE,FALSE,FALSE,8.74425260669281,8.74425260669281
555,57,FALSE,TRUE,FALSE,FALSE,FALSE,7.98011080278528,7.98011080278528
556,57,FALSE,TRUE,FALSE,FALSE,FALSE,8.67376513065725,8.67376513065725
557,57,FALSE,TRUE,FALSE,FALSE,FALSE,9.17468895613178,9.17468895613178
558,57,FALSE,TRUE,FALSE,FALSE,FALSE,9.04335329125035,9.04335329125035
559,57,FALSE,TRUE,FALSE,FALSE,FALSE,8.61390592029916,8.61390592029916
560,57,FALSE,TRUE,FALSE,FALSE,FALSE,8.09973772750253,8.09973772750253
561,58,FALSE,TRUE,FALSE,FALSE,FALSE,8.74425260669281,8.74425260669281
562,58,FALSE,TRUE,FALSE,FALSE,FALSE,8.39530270089355,8.39530270089355
563,58,FALSE,TRUE,FALSE,FALSE,FALSE,8.40619481358388,8.40619481358388
564,58,FALSE,TRUE,FALSE,FALSE,FALSE,8.67376513065725,8.67376513065725
565,58,FALSE,TRUE,FALSE,FALSE,FALSE,8.5434184442636,8.5434184442636
566,58,FALSE,TRUE,FALSE,FALSE,FALSE,8.67376513065725,8.67376513065725
567,58,FALSE,TRUE,FALSE,FALSE,FALSE,8.67376513065725,8.67376513065725
568,58,FALSE,TRUE,FALSE,FALSE,FALSE,8.67376513065725,8.67376513065725
569,58,FALSE,TRUE,FALSE,FALSE,FALSE,8.74425260669281,8.74425260669281
570,58,FALSE,TRUE,FALSE,FALSE,FALSE,8.67376513065725,8.67376513065725
571,58,FALSE,TRUE,FALSE,FALSE,FALSE,8.97385479370257,8.97385479370257
572,58,FALSE,TRUE,FALSE,FALSE,FALSE,8.5434184442636,8.5434184442636
573,58,FALSE,TRUE,FALSE,FALSE,FALSE,9.10420148009622,9.10420148009622
574,58,FALSE,TRUE,FALSE,FALSE,FALSE,8.5434184442636,8.5434184442636
575,58,FALSE,TRUE,FALSE,FALSE,FALSE,8.67376513065725,8.67376513065725
576,59,FALSE,TRUE,FALSE,FALSE,FALSE,7.95042021684785,7.95042021684785
577,59,FALSE,TRUE,FALSE,FALSE,FALSE,8.5434184442636,8.5434184442636
578,59,FALSE,TRUE,FALSE,FALSE,FALSE,9.30733124525985,9.30733124525985
579,59,FALSE,TRUE,FALSE,FALSE,FALSE,8.5434184442636,8.5434184442636
580,59,FALSE,TRUE,FALSE,FALSE,FALSE,8.67376513065725,8.67376513065725
581,59,TRUE,TRUE,FALSE,FALSE,FALSE,8.74425260669281,8.74425260669281
582,59,FALSE,FALSE,FALSE,TRUE,FALSE,9.01368850400637,9.01368850400637
583,59,FALSE,TRUE,FALSE,FALSE,FALSE,8.5434184442636,8.5434184442636
584,59,FALSE,TRUE,FALSE,FALSE,FALSE,8.61390592029916,8.61390592029916
585,59,FALSE,TRUE,FALSE,FALSE,FALSE,8.5434184442636,8.5434184442636
586,59,FALSE,TRUE,FALSE,FALSE,FALSE,8.52564938728719,8.52564938728719
587,59,FALSE,TRUE,FALSE,FALSE,FALSE,8.39530270089355,8.39530270089355
588,59,TRUE,TRUE,FALSE,FALSE,FALSE,8.5434184442636,8.5434184442636
589,59,FALSE,TRUE,FALSE,FALSE,FALSE,9.01368850400637,9.01368850400637
590,59,FALSE,TRUE,FALSE,FALSE,FALSE,9.08417598004193,9.08417598004193
591,60,FALSE,TRUE,FALSE,FALSE,FALSE,9.44412485344534,9.44412485344534
592,60,FALSE,TRUE,FALSE,FALSE,FALSE,8.67376513065725,8.67376513065725
593,60,FALSE,TRUE,FALSE,FALSE,FALSE,8.67376513065725,8.67376513065725
594,60,FALSE,TRUE,FALSE,FALSE,FALSE,8.74425260669281,8.74425260669281
595,60,FALSE,TRUE,FALSE,FALSE,FALSE,8.67376513065725,8.67376513065725
596,60,FALSE,TRUE,FALSE,FALSE,FALSE,8.97385479370257,8.97385479370257
597,60,FALSE,TRUE,FALSE,FALSE,FALSE,7.95042021684785,7.95042021684785
598,60,FALSE,TRUE,FALSE,FALSE,FALSE,8.5434184442636,8.5434184442636
599,60,FALSE,TRUE,FALSE,FALSE,FALSE,8.39530270089355,8.39530270089355
600,60,TRUE,TRUE,FALSE,FALSE,FALSE,8.74425260669281,8.74425260669281
601,60,FALSE,TRUE,FALSE,FALSE,FALSE,8.61390592029916,8.61390592029916
602,60,FALSE,TRUE,FALSE,FALSE,FALSE,8.5434184442636,8.5434184442636
603,60,FALSE,TRUE,FALSE,FALSE,FALSE,8.39530270089355,8.39530270089355
604,60,FALSE,TRUE,FALSE,FALSE,FALSE,8.5434184442636,8.5434184442636
605,60,FALSE,TRUE,FALSE,FALSE,FALSE,8.39530270089355,8.39530270089355
606,61,FALSE,TRUE,FALSE,FALSE,FALSE,9.0439345660953,9.0439345660953
607,61,FALSE,TRUE,FALSE,FALSE,FALSE,8.61247655342625,8.61247655342625
608,61,FALSE,TRUE,FALSE,FALSE,FALSE,8.67376513065725,8.67376513065725
609,61,FALSE,TRUE,FALSE,FALSE,FALSE,8.98901690746856,8.98901690746856
610,61,FALSE,TRUE,FALSE,FALSE,FALSE,8.98901690746856,8.98901690746856
611,61,FALSE,TRUE,FALSE,FALSE,FALSE,8.67376513065725,8.67376513065725
612,61,FALSE,TRUE,FALSE,FALSE,FALSE,8.09973772750253,8.09973772750253
613,61,FALSE,TRUE,FALSE,FALSE,FALSE,8.52564938728719,8.52564938728719
614,61,FALSE,TRUE,FALSE,FALSE,FALSE,8.74425260669281,8.74425260669281
615,61,FALSE,TRUE,FALSE,FALSE,FALSE,8.09973772750253,8.09973772750253
616,61,FALSE,TRUE,FALSE,FALSE,FALSE,8.95608573672616,8.95608573672616
617,61,FALSE,TRUE,FALSE,FALSE,FALSE,8.67376513065725,8.67376513065725
618,61,FALSE,TRUE,FALSE,FALSE,FALSE,8.67376513065725,8.67376513065725
619,61,FALSE,TRUE,FALSE,FALSE,FALSE,8.74425260669281,8.74425260669281
620,61,FALSE,TRUE,FALSE,FALSE,FALSE,8.09973772750253,8.09973772750253
621,63,FALSE,TRUE,FALSE,FALSE,FALSE,8.61247655342625,8.61247655342625
622,63,FALSE,TRUE,FALSE,FALSE,FALSE,8.67376513065725,8.67376513065725
623,63,FALSE,TRUE,FALSE,FALSE,FALSE,8.67376513065725,8.67376513065725
624,63,FALSE,TRUE,FALSE,FALSE,FALSE,8.67376513065725,8.67376513065725
625,63,FALSE,TRUE,FALSE,FALSE,FALSE,8.67376513065725,8.67376513065725
626,63,FALSE,TRUE,FALSE,FALSE,FALSE,8.67376513065725,8.67376513065725
627,63,FALSE,TRUE,FALSE,FALSE,FALSE,8.97385479370257,8.97385479370257
628,63,FALSE,TRUE,FALSE,FALSE,FALSE,8.67376513065725,8.67376513065725
629,63,FALSE,TRUE,FALSE,FALSE,FALSE,8.67376513065725,8.67376513065725
630,63,FALSE,TRUE,FALSE,FALSE,FALSE,8.77955722808838,8.77955722808838
631,63,FALSE,TRUE,FALSE,FALSE,FALSE,9.04434226973814,9.04434226973814
632,65,FALSE,TRUE,FALSE,FALSE,FALSE,9.17468895613178,9.17468895613178
633,65,FALSE,TRUE,FALSE,FALSE,FALSE,8.67376513065725,8.67376513065725
634,65,FALSE,TRUE,FALSE,FALSE,FALSE,8.5434184442636,8.5434184442636
635,65,FALSE,TRUE,FALSE,FALSE,FALSE,8.5434184442636,8.5434184442636
636,65,FALSE,TRUE,FALSE,FALSE,FALSE,8.39530270089355,8.39530270089355
637,65,FALSE,TRUE,FALSE,FALSE,FALSE,8.74425260669281,8.74425260669281
638,65,FALSE,TRUE,FALSE,FALSE,FALSE,9.43767793165349,9.43767793165349
639,65,FALSE,TRUE,FALSE,FALSE,FALSE,8.67376513065725,8.67376513065725
640,65,FALSE,TRUE,FALSE,FALSE,FALSE,8.52564938728719,8.52564938728719
641,65,FALSE,TRUE,FALSE,FALSE,FALSE,8.74425260669281,8.74425260669281
642,65,FALSE,TRUE,FALSE,FALSE,FALSE,8.52564938728719,8.52564938728719
643,65,FALSE,TRUE,FALSE,FALSE,FALSE,8.61390592029916,8.61390592029916
644,65,FALSE,TRUE,FALSE,FALSE,FALSE,8.67376513065725,8.67376513065725
645,65,FALSE,TRUE,FALSE,FALSE,FALSE,8.5434184442636,8.5434184442636
646,65,FALSE,TRUE,FALSE,FALSE,FALSE,8.67376513065725,8.67376513065725
647,69,FALSE,TRUE,FALSE,FALSE,FALSE,8.67376513065725,8.67376513065725
648,69,FALSE,TRUE,FALSE,FALSE,FALSE,8.52564938728719,8.52564938728719
649,69,FALSE,TRUE,FALSE,FALSE,FALSE,8.86387953141006,8.86387953141006
650,69,FALSE,TRUE,FALSE,FALSE,FALSE,8.09973772750253,8.09973772750253
651,69,FALSE,TRUE,FALSE,FALSE,FALSE,9.96826780780093,9.96826780780093
652,69,FALSE,TRUE,FALSE,FALSE,FALSE,8.61247655342625,8.61247655342625
653,69,FALSE,TRUE,FALSE,FALSE,FALSE,8.67376513065725,8.67376513065725
654,69,FALSE,TRUE,FALSE,FALSE,FALSE,8.74425260669281,8.74425260669281
655,69,FALSE,TRUE,FALSE,FALSE,FALSE,8.67376513065725,8.67376513065725
656,69,FALSE,TRUE,FALSE,FALSE,FALSE,8.5434184442636,8.5434184442636
657,69,FALSE,TRUE,FALSE,FALSE,FALSE,8.67376513065725,8.67376513065725
658,69,FALSE,TRUE,FALSE,FALSE,FALSE,8.5434184442636,8.5434184442636
659,69,FALSE,TRUE,FALSE,FALSE,FALSE,8.67376513065725,8.67376513065725
660,69,FALSE,TRUE,FALSE,FALSE,FALSE,8.67376513065725,8.67376513065725
661,69,FALSE,TRUE,FALSE,FALSE,FALSE,8.52564938728719,8.52564938728719
662,73,FALSE,TRUE,FALSE,FALSE,FALSE,9.17468895613178,9.17468895613178
663,73,FALSE,TRUE,FALSE,FALSE,FALSE,8.67376513065725,8.67376513065725
664,73,FALSE,TRUE,FALSE,FALSE,FALSE,9.43767793165349,9.43767793165349
665,73,FALSE,TRUE,FALSE,FALSE,FALSE,8.98349408089227,8.98349408089227
666,73,FALSE,TRUE,FALSE,FALSE,FALSE,8.74425260669281,8.74425260669281
667,73,FALSE,TRUE,FALSE,FALSE,FALSE,8.67376513065725,8.67376513065725
668,73,FALSE,TRUE,FALSE,FALSE,FALSE,9.35521732779211,9.35521732779211
669,73,FALSE,TRUE,FALSE,FALSE,FALSE,8.67376513065725,8.67376513065725
670,73,FALSE,TRUE,FALSE,FALSE,FALSE,8.74425260669281,8.74425260669281
671,73,FALSE,TRUE,FALSE,FALSE,FALSE,7.90962332674972,7.90962332674972
672,73,FALSE,TRUE,FALSE,FALSE,FALSE,8.67376513065725,8.67376513065725
673,73,FALSE,TRUE,FALSE,FALSE,FALSE,8.67376513065725,8.67376513065725
674,73,FALSE,TRUE,FALSE,FALSE,FALSE,8.5434184442636,8.5434184442636
675,73,FALSE,TRUE,FALSE,FALSE,FALSE,8.5434184442636,8.5434184442636
676,73,FALSE,TRUE,FALSE,FALSE,FALSE,8.52564938728719,8.52564938728719
677,74,FALSE,TRUE,FALSE,FALSE,FALSE,8.61247655342625,8.61247655342625
678,74,FALSE,TRUE,FALSE,FALSE,FALSE,8.74425260669281,8.74425260669281
679,74,FALSE,TRUE,FALSE,FALSE,FALSE,8.67376513065725,8.67376513065725
680,74,FALSE,TRUE,FALSE,FALSE,FALSE,8.74425260669281,8.74425260669281
681,74,FALSE,TRUE,FALSE,FALSE,FALSE,8.09973772750253,8.09973772750253
682,74,FALSE,TRUE,FALSE,FALSE,FALSE,8.61390592029916,8.61390592029916
683,74,FALSE,TRUE,FALSE,FALSE,FALSE,9.04434226973814,9.04434226973814
684,74,FALSE,TRUE,FALSE,FALSE,FALSE,8.67376513065725,8.67376513065725
685,74,FALSE,TRUE,FALSE,FALSE,FALSE,8.67376513065725,8.67376513065725
686,74,FALSE,TRUE,FALSE,FALSE,FALSE,8.74425260669281,8.74425260669281
687,74,FALSE,TRUE,FALSE,FALSE,FALSE,8.61390592029916,8.61390592029916
688,74,FALSE,TRUE,FALSE,FALSE,FALSE,8.5434184442636,8.5434184442636
689,74,FALSE,TRUE,FALSE,FALSE,FALSE,8.52564938728719,8.52564938728719
690,74,FALSE,TRUE,FALSE,FALSE,FALSE,8.67376513065725,8.67376513065725
691,74,FALSE,TRUE,FALSE,FALSE,FALSE,8.67376513065725,8.67376513065725
692,78,FALSE,TRUE,FALSE,FALSE,FALSE,8.74425260669281,8.74425260669281
693,78,FALSE,TRUE,FALSE,FALSE,FALSE,8.74425260669281,8.74425260669281
694,78,FALSE,TRUE,FALSE,FALSE,FALSE,8.67376513065725,8.67376513065725
695,78,FALSE,TRUE,FALSE,FALSE,FALSE,9.37781872129541,9.37781872129541
696,78,FALSE,TRUE,FALSE,FALSE,FALSE,8.52564938728719,8.52564938728719
697,78,FALSE,TRUE,FALSE,FALSE,FALSE,8.67376513065725,8.67376513065725
698,78,FALSE,TRUE,FALSE,FALSE,FALSE,8.67376513065725,8.67376513065725
699,78,FALSE,TRUE,FALSE,FALSE,FALSE,8.67376513065725,8.67376513065725
700,78,FALSE,TRUE,FALSE,FALSE,FALSE,9.10420148009622,9.10420148009622
701,78,FALSE,TRUE,FALSE,FALSE,FALSE,8.5434184442636,8.5434184442636
702,78,FALSE,TRUE,FALSE,FALSE,FALSE,8.74425260669281,8.74425260669281
703,78,FALSE,TRUE,FALSE,FALSE,FALSE,8.67376513065725,8.67376513065725
704,78,FALSE,TRUE,FALSE,FALSE,FALSE,8.74425260669281,8.74425260669281
705,78,FALSE,TRUE,FALSE,FALSE,FALSE,8.67376513065725,8.67376513065725
706,78,FALSE,TRUE,FALSE,FALSE,FALSE,8.67376513065725,8.67376513065725
707,80,FALSE,TRUE,FALSE,FALSE,FALSE,8.09973772750253,8.09973772750253
708,80,FALSE,TRUE,FALSE,FALSE,FALSE,7.95042021684785,7.95042021684785
709,80,FALSE,TRUE,FALSE,FALSE,FALSE,8.09973772750253,8.09973772750253
710,80,FALSE,TRUE,FALSE,FALSE,FALSE,8.09973772750253,8.09973772750253
711,80,FALSE,TRUE,FALSE,FALSE,FALSE,8.09973772750253,8.09973772750253
712,80,FALSE,TRUE,FALSE,FALSE,FALSE,8.86387953141006,8.86387953141006
713,80,FALSE,TRUE,FALSE,FALSE,FALSE,8.5301740769415,8.5301740769415
714,80,FALSE,TRUE,FALSE,FALSE,FALSE,8.09973772750253,8.09973772750253
715,80,FALSE,TRUE,FALSE,FALSE,FALSE,8.67376513065725,8.67376513065725
716,80,FALSE,TRUE,FALSE,FALSE,FALSE,8.67376513065725,8.67376513065725
717,80,FALSE,TRUE,FALSE,FALSE,FALSE,8.67376513065725,8.67376513065725
718,80,FALSE,TRUE,FALSE,FALSE,FALSE,8.61247655342625,8.61247655342625
719,80,FALSE,TRUE,FALSE,FALSE,FALSE,7.95042021684785,7.95042021684785
720,83,FALSE,TRUE,FALSE,FALSE,FALSE,9.26716537270602,9.26716537270602
721,83,FALSE,TRUE,FALSE,FALSE,FALSE,8.67376513065725,8.67376513065725
722,83,FALSE,TRUE,FALSE,FALSE,FALSE,8.67376513065725,8.67376513065725
723,83,FALSE,TRUE,FALSE,FALSE,FALSE,8.67376513065725,8.67376513065725
724,83,FALSE,TRUE,FALSE,FALSE,FALSE,8.5434184442636,8.5434184442636
725,83,FALSE,TRUE,FALSE,FALSE,FALSE,7.95042021684785,7.95042021684785
726,83,FALSE,TRUE,FALSE,FALSE,FALSE,8.67376513065725,8.67376513065725
727,83,FALSE,TRUE,FALSE,FALSE,FALSE,8.67376513065725,8.67376513065725
728,83,FALSE,TRUE,FALSE,FALSE,FALSE,8.5434184442636,8.5434184442636
729,83,FALSE,TRUE,FALSE,FALSE,FALSE,8.09973772750253,8.09973772750253
730,83,FALSE,TRUE,FALSE,FALSE,FALSE,8.67376513065725,8.67376513065725
731,83,FALSE,TRUE,FALSE,FALSE,FALSE,8.67376513065725,8.67376513065725
732,83,FALSE,TRUE,FALSE,FALSE,FALSE,8.67376513065725,8.67376513065725
733,83,FALSE,TRUE,FALSE,FALSE,FALSE,8.5434184442636,8.5434184442636
734,83,FALSE,TRUE,FALSE,FALSE,FALSE,8.67376513065725,8.67376513065725
735,84,FALSE,TRUE,FALSE,FALSE,FALSE,8.67376513065725,8.67376513065725
736,84,FALSE,TRUE,FALSE,FALSE,FALSE,8.74425260669281,8.74425260669281
737,84,FALSE,TRUE,FALSE,FALSE,FALSE,8.52564938728719,8.52564938728719
738,84,FALSE,TRUE,FALSE,FALSE,FALSE,8.74425260669281,8.74425260669281
739,84,FALSE,TRUE,FALSE,FALSE,FALSE,8.74425260669281,8.74425260669281
740,84,FALSE,TRUE,FALSE,FALSE,FALSE,8.67376513065725,8.67376513065725
741,84,FALSE,TRUE,FALSE,FALSE,FALSE,8.74425260669281,8.74425260669281
742,84,FALSE,TRUE,FALSE,FALSE,FALSE,8.74425260669281,8.74425260669281
743,84,FALSE,TRUE,FALSE,FALSE,FALSE,7.95042021684785,7.95042021684785
744,84,FALSE,TRUE,FALSE,FALSE,FALSE,8.67376513065725,8.67376513065725
745,84,FALSE,TRUE,FALSE,FALSE,FALSE,8.74425260669281,8.74425260669281
746,84,FALSE,TRUE,FALSE,FALSE,FALSE,9.10420148009622,9.10420148009622
747,85,FALSE,TRUE,FALSE,FALSE,FALSE,8.5434184442636,8.5434184442636
748,85,FALSE,TRUE,FALSE,FALSE,FALSE,8.5434184442636,8.5434184442636
749,85,FALSE,TRUE,FALSE,FALSE,FALSE,8.5434184442636,8.5434184442636
750,85,FALSE,TRUE,FALSE,FALSE,FALSE,8.5434184442636,8.5434184442636
751,85,FALSE,TRUE,FALSE,FALSE,FALSE,9.1924306709362,9.1924306709362
752,85,FALSE,TRUE,FALSE,FALSE,FALSE,8.74425260669281,8.74425260669281
753,85,FALSE,TRUE,FALSE,FALSE,FALSE,8.67376513065725,8.67376513065725
754,85,FALSE,TRUE,FALSE,FALSE,FALSE,8.09973772750253,8.09973772750253
755,85,FALSE,TRUE,FALSE,FALSE,FALSE,8.5434184442636,8.5434184442636
756,85,FALSE,TRUE,FALSE,FALSE,FALSE,9.01368850400637,9.01368850400637
757,85,FALSE,TRUE,FALSE,FALSE,FALSE,8.5434184442636,8.5434184442636
758,85,FALSE,TRUE,FALSE,FALSE,FALSE,8.67376513065725,8.67376513065725
759,85,FALSE,TRUE,FALSE,FALSE,FALSE,8.61247655342625,8.61247655342625
760,85,FALSE,TRUE,FALSE,FALSE,FALSE,8.5434184442636,8.5434184442636
761,85,FALSE,TRUE,FALSE,FALSE,FALSE,8.67376513065725,8.67376513065725
762,88,FALSE,TRUE,FALSE,FALSE,FALSE,8.09973772750253,8.09973772750253
763,88,FALSE,TRUE,FALSE,FALSE,FALSE,8.09973772750253,8.09973772750253
764,88,FALSE,TRUE,FALSE,FALSE,FALSE,8.67376513065725,8.67376513065725
765,88,FALSE,FALSE,FALSE,FALSE,TRUE,7.95042021684785,9.20380290475918
766,88,FALSE,TRUE,FALSE,FALSE,FALSE,8.09973772750253,8.09973772750253
767,88,FALSE,TRUE,FALSE,FALSE,FALSE,8.67376513065725,8.67376513065725
768,88,FALSE,TRUE,FALSE,FALSE,FALSE,8.09973772750253,8.09973772750253
769,88,FALSE,TRUE,FALSE,FALSE,FALSE,8.67376513065725,8.67376513065725
770,88,FALSE,TRUE,FALSE,FALSE,FALSE,8.67376513065725,8.67376513065725
771,88,FALSE,FALSE,FALSE,FALSE,TRUE,7.95042021684785,9.20380290475918
772,88,FALSE,TRUE,FALSE,FALSE,FALSE,8.09973772750253,8.09973772750253
773,88,FALSE,TRUE,FALSE,FALSE,FALSE,8.09973772750253,8.09973772750253
774,88,FALSE,TRUE,FALSE,FALSE,FALSE,8.09973772750253,8.09973772750253
775,88,FALSE,FALSE,FALSE,FALSE,TRUE,7.95042021684785,9.20380290475918
776,88,FALSE,TRUE,FALSE,FALSE,FALSE,7.95042021684785,7.95042021684785
777,94,FALSE,TRUE,FALSE,FALSE,FALSE,8.67376513065725,8.67376513065725
778,94,FALSE,TRUE,FALSE,FALSE,FALSE,8.09973772750253,8.09973772750253
779,94,FALSE,TRUE,FALSE,FALSE,FALSE,8.5434184442636,8.5434184442636
780,94,FALSE,TRUE,FALSE,FALSE,FALSE,8.67376513065725,8.67376513065725
781,94,FALSE,TRUE,FALSE,FALSE,FALSE,8.67376513065725,8.67376513065725
782,94,FALSE,TRUE,FALSE,FALSE,FALSE,8.67376513065725,8.67376513065725
783,94,FALSE,TRUE,FALSE,FALSE,FALSE,8.67376513065725,8.67376513065725
784,94,FALSE,TRUE,FALSE,FALSE,FALSE,9.04335329125035,9.04335329125035
785,94,FALSE,TRUE,FALSE,FALSE,FALSE,8.09973772750253,8.09973772750253
786,94,FALSE,TRUE,FALSE,FALSE,FALSE,8.5434184442636,8.5434184442636
787,94,FALSE,TRUE,FALSE,FALSE,FALSE,8.52564938728719,8.52564938728719
788,94,FALSE,TRUE,FALSE,FALSE,FALSE,8.67376513065725,8.67376513065725
789,94,FALSE,TRUE,FALSE,FALSE,FALSE,8.67376513065725,8.67376513065725
790,94,FALSE,TRUE,FALSE,FALSE,FALSE,8.77284647586168,8.77284647586168
791,94,FALSE,TRUE,FALSE,FALSE,FALSE,8.67376513065725,8.67376513065725
792,97,FALSE,TRUE,FALSE,FALSE,FALSE,7.95042021684785,7.95042021684785
793,97,FALSE,FALSE,FALSE,FALSE,TRUE,7.95042021684785,9.20380290475918
794,97,FALSE,TRUE,FALSE,FALSE,FALSE,8.67376513065725,8.67376513065725
795,97,FALSE,TRUE,FALSE,FALSE,FALSE,7.95042021684785,7.95042021684785
796,97,FALSE,FALSE,FALSE,FALSE,TRUE,7.95042021684785,9.20380290475918
797,97,FALSE,TRUE,FALSE,FALSE,FALSE,8.09973772750253,8.09973772750253
798,98,FALSE,TRUE,FALSE,FALSE,FALSE,8.09973772750253,8.09973772750253
799,98,FALSE,TRUE,FALSE,FALSE,FALSE,8.09973772750253,8.09973772750253
800,98,FALSE,TRUE,FALSE,FALSE,FALSE,9.17468895613178,9.17468895613178
801,98,FALSE,TRUE,FALSE,FALSE,FALSE,8.67376513065725,8.67376513065725
802,98,FALSE,TRUE,FALSE,FALSE,FALSE,8.09973772750253,8.09973772750253
803,98,FALSE,TRUE,FALSE,FALSE,FALSE,8.09973772750253,8.09973772750253
804,98,FALSE,TRUE,FALSE,FALSE,FALSE,7.95042021684785,7.95042021684785
805,98,FALSE,TRUE,FALSE,FALSE,FALSE,8.67376513065725,8.67376513065725
806,98,FALSE,TRUE,FALSE,FALSE,FALSE,8.09973772750253,8.09973772750253
807,98,FALSE,TRUE,FALSE,FALSE,FALSE,8.67376513065725,8.67376513065725
808,98,FALSE,TRUE,FALSE,FALSE,FALSE,8.09973772750253,8.09973772750253
809,98,FALSE,TRUE,FALSE,FALSE,FALSE,8.09973772750253,8.09973772750253
810,98,FALSE,TRUE,FALSE,FALSE,FALSE,8.67376513065725,8.67376513065725
811,98,FALSE,TRUE,FALSE,FALSE,FALSE,8.67376513065725,8.67376513065725
812,98,FALSE,TRUE,FALSE,FALSE,FALSE,8.09973772750253,8.09973772750253
813,99,FALSE,TRUE,FALSE,FALSE,FALSE,8.09973772750253,8.09973772750253
814,99,FALSE,TRUE,FALSE,FALSE,FALSE,8.67376513065725,8.67376513065725
815,99,FALSE,FALSE,FALSE,FALSE,TRUE,7.95042021684785,9.20380290475918
816,99,FALSE,TRUE,FALSE,FALSE,FALSE,8.09973772750253,8.09973772750253
817,99,FALSE,TRUE,FALSE,FALSE,FALSE,8.67376513065725,8.67376513065725
818,99,FALSE,FALSE,FALSE,FALSE,TRUE,7.95042021684785,9.20380290475918
819,99,FALSE,FALSE,FALSE,FALSE,TRUE,7.95042021684785,9.20380290475918
820,99,FALSE,FALSE,FALSE,FALSE,TRUE,7.95042021684785,9.20380290475918
821,99,FALSE,TRUE,FALSE,FALSE,FALSE,8.09973772750253,8.09973772750253
822,99,FALSE,TRUE,FALSE,FALSE,FALSE,8.67376513065725,8.67376513065725
823,104,FALSE,TRUE,FALSE,FALSE,FALSE,8.67376513065725,8.67376513065725
824,104,FALSE,TRUE,FALSE,FALSE,FALSE,8.5434184442636,8.5434184442636
825,104,FALSE,TRUE,FALSE,FALSE,FALSE,8.09973772750253,8.09973772750253
826,104,FALSE,TRUE,FALSE,FALSE,FALSE,8.74425260669281,8.74425260669281
827,104,TRUE,TRUE,FALSE,FALSE,FALSE,8.61390592029916,8.61390592029916
828,104,FALSE,TRUE,FALSE,FALSE,FALSE,8.67376513065725,8.67376513065725
829,104,FALSE,TRUE,FALSE,FALSE,FALSE,8.09973772750253,8.09973772750253
830,104,FALSE,TRUE,FALSE,FALSE,FALSE,8.86387953141006,8.86387953141006
831,104,FALSE,TRUE,FALSE,FALSE,FALSE,8.86387953141006,8.86387953141006
832,104,FALSE,TRUE,FALSE,FALSE,FALSE,8.61247655342625,8.61247655342625
833,104,FALSE,TRUE,FALSE,FALSE,FALSE,8.67376513065725,8.67376513065725
834,104,FALSE,TRUE,FALSE,FALSE,FALSE,8.67376513065725,8.67376513065725
835,104,FALSE,TRUE,FALSE,FALSE,FALSE,8.67376513065725,8.67376513065725
836,104,FALSE,TRUE,FALSE,FALSE,FALSE,8.61390592029916,8.61390592029916
837,105,FALSE,TRUE,FALSE,FALSE,FALSE,8.67376513065725,8.67376513065725
838,105,FALSE,TRUE,FALSE,FALSE,FALSE,8.52564938728719,8.52564938728719
839,105,FALSE,TRUE,FALSE,FALSE,FALSE,8.67376513065725,8.67376513065725
840,105,FALSE,TRUE,FALSE,FALSE,FALSE,8.39530270089355,8.39530270089355
841,105,FALSE,TRUE,FALSE,FALSE,FALSE,8.5434184442636,8.5434184442636
842,105,FALSE,TRUE,FALSE,FALSE,FALSE,8.79061553283809,8.79061553283809
843,105,FALSE,TRUE,FALSE,FALSE,FALSE,8.67376513065725,8.67376513065725
844,105,FALSE,TRUE,FALSE,FALSE,FALSE,8.67376513065725,8.67376513065725
845,105,FALSE,TRUE,FALSE,FALSE,FALSE,8.67376513065725,8.67376513065725
846,105,FALSE,TRUE,FALSE,FALSE,FALSE,8.74425260669281,8.74425260669281
847,105,FALSE,TRUE,FALSE,FALSE,FALSE,8.52564938728719,8.52564938728719
848,107,FALSE,TRUE,FALSE,FALSE,FALSE,9.04434226973814,9.04434226973814
849,107,FALSE,TRUE,FALSE,FALSE,FALSE,8.74425260669281,8.74425260669281
850,107,FALSE,TRUE,FALSE,FALSE,FALSE,8.5434184442636,8.5434184442636
851,107,FALSE,TRUE,FALSE,FALSE,FALSE,9.04434226973814,9.04434226973814
852,107,FALSE,TRUE,FALSE,FALSE,FALSE,9.84864088308368,9.84864088308368
853,107,FALSE,TRUE,FALSE,FALSE,FALSE,9.84864088308368,9.84864088308368
854,107,FALSE,TRUE,FALSE,FALSE,FALSE,8.61390592029916,8.61390592029916
855,107,FALSE,TRUE,FALSE,FALSE,FALSE,8.61247655342625,8.61247655342625
856,107,FALSE,TRUE,FALSE,FALSE,FALSE,8.5434184442636,8.5434184442636
857,107,FALSE,TRUE,FALSE,FALSE,FALSE,8.39530270089355,8.39530270089355
858,108,FALSE,TRUE,FALSE,FALSE,FALSE,9.10420148009622,9.10420148009622
859,108,FALSE,TRUE,FALSE,FALSE,FALSE,8.67376513065725,8.67376513065725
860,108,FALSE,TRUE,FALSE,FALSE,FALSE,8.67376513065725,8.67376513065725
861,108,FALSE,TRUE,FALSE,FALSE,FALSE,9.50816540768905,9.50816540768905
862,108,FALSE,TRUE,FALSE,FALSE,FALSE,8.67376513065725,8.67376513065725
863,108,FALSE,TRUE,FALSE,FALSE,FALSE,9.14567347169308,9.14567347169308
864,108,FALSE,TRUE,FALSE,FALSE,FALSE,8.52564938728719,8.52564938728719
865,108,FALSE,TRUE,FALSE,FALSE,FALSE,8.52564938728719,8.52564938728719
866,108,FALSE,TRUE,FALSE,FALSE,FALSE,8.67376513065725,8.67376513065725
867,108,FALSE,TRUE,FALSE,FALSE,FALSE,8.74425260669281,8.74425260669281
868,108,FALSE,TRUE,FALSE,FALSE,FALSE,8.86557276063631,8.86557276063631
869,108,FALSE,TRUE,FALSE,FALSE,FALSE,8.67376513065725,8.67376513065725
870,108,FALSE,TRUE,FALSE,FALSE,FALSE,8.74425260669281,8.74425260669281
871,108,FALSE,TRUE,FALSE,FALSE,FALSE,8.52564938728719,8.52564938728719
872,108,FALSE,TRUE,FALSE,FALSE,FALSE,8.61390592029916,8.61390592029916
873,112,FALSE,TRUE,FALSE,FALSE,FALSE,8.52564938728719,8.52564938728719
874,112,FALSE,TRUE,FALSE,FALSE,FALSE,8.67376513065725,8.67376513065725
875,112,FALSE,TRUE,FALSE,FALSE,FALSE,8.52564938728719,8.52564938728719
876,112,FALSE,TRUE,FALSE,FALSE,FALSE,8.67376513065725,8.67376513065725
877,112,FALSE,TRUE,FALSE,FALSE,FALSE,8.61247655342625,8.61247655342625
878,112,FALSE,TRUE,FALSE,FALSE,FALSE,8.09973772750253,8.09973772750253
879,112,FALSE,TRUE,FALSE,FALSE,FALSE,9.10420148009622,9.10420148009622
880,112,FALSE,TRUE,FALSE,FALSE,FALSE,8.5434184442636,8.5434184442636
881,112,FALSE,TRUE,FALSE,FALSE,FALSE,8.67376513065725,8.67376513065725
882,112,FALSE,TRUE,FALSE,FALSE,FALSE,8.74425260669281,8.74425260669281
883,112,FALSE,FALSE,TRUE,FALSE,TRUE,8.26122964156957,9.5146123294809
884,112,FALSE,TRUE,FALSE,FALSE,FALSE,8.67376513065725,8.67376513065725
885,112,FALSE,TRUE,FALSE,FALSE,FALSE,8.74425260669281,8.74425260669281
886,112,FALSE,TRUE,FALSE,FALSE,FALSE,9.04335329125035,9.04335329125035
887,112,FALSE,TRUE,FALSE,FALSE,FALSE,8.97385479370257,8.97385479370257
888,119,FALSE,TRUE,FALSE,FALSE,FALSE,8.5434184442636,8.5434184442636
889,119,FALSE,TRUE,FALSE,FALSE,FALSE,8.74425260669281,8.74425260669281
890,119,FALSE,TRUE,FALSE,FALSE,FALSE,8.67376513065725,8.67376513065725
891,119,FALSE,TRUE,FALSE,FALSE,FALSE,8.67376513065725,8.67376513065725
892,119,FALSE,TRUE,FALSE,FALSE,FALSE,8.67376513065725,8.67376513065725
893,119,FALSE,TRUE,FALSE,FALSE,FALSE,8.74425260669281,8.74425260669281
894,119,FALSE,TRUE,FALSE,FALSE,FALSE,8.09973772750253,8.09973772750253
895,119,FALSE,TRUE,FALSE,FALSE,FALSE,8.09973772750253,8.09973772750253
896,119,FALSE,TRUE,FALSE,FALSE,FALSE,8.74425260669281,8.74425260669281
897,119,FALSE,TRUE,FALSE,FALSE,FALSE,8.67376513065725,8.67376513065725
898,119,FALSE,TRUE,FALSE,FALSE,FALSE,8.67376513065725,8.67376513065725
899,119,FALSE,TRUE,FALSE,FALSE,FALSE,9.10420148009622,9.10420148009622
900,119,FALSE,TRUE,FALSE,FALSE,FALSE,8.52564938728719,8.52564938728719
901,119,FALSE,TRUE,FALSE,FALSE,FALSE,8.5434184442636,8.5434184442636
902,119,FALSE,TRUE,FALSE,FALSE,FALSE,8.67376513065725,8.67376513065725
903,121,FALSE,TRUE,FALSE,FALSE,FALSE,8.86387953141006,8.86387953141006
904,121,FALSE,TRUE,FALSE,FALSE,FALSE,8.97385479370257,8.97385479370257
905,121,FALSE,TRUE,FALSE,FALSE,FALSE,8.74425260669281,8.74425260669281
906,121,FALSE,TRUE,FALSE,FALSE,FALSE,8.74425260669281,8.74425260669281
907,121,FALSE,TRUE,FALSE,FALSE,FALSE,8.74425260669281,8.74425260669281
908,121,FALSE,TRUE,FALSE,FALSE,FALSE,8.67376513065725,8.67376513065725
909,121,FALSE,TRUE,FALSE,FALSE,FALSE,8.61247655342625,8.61247655342625
910,121,FALSE,TRUE,FALSE,FALSE,FALSE,8.86420263054428,8.86420263054428
911,121,FALSE,TRUE,FALSE,FALSE,FALSE,8.67376513065725,8.67376513065725
912,121,FALSE,TRUE,FALSE,FALSE,FALSE,8.67376513065725,8.67376513065725
913,121,FALSE,TRUE,FALSE,FALSE,FALSE,8.52564938728719,8.52564938728719
914,121,FALSE,TRUE,FALSE,FALSE,FALSE,7.95042021684785,7.95042021684785
915,121,FALSE,TRUE,FALSE,FALSE,FALSE,8.67376513065725,8.67376513065725
916,121,FALSE,TRUE,FALSE,FALSE,FALSE,8.5434184442636,8.5434184442636
917,121,FALSE,TRUE,FALSE,FALSE,FALSE,8.67376513065725,8.67376513065725
918,122,FALSE,TRUE,FALSE,FALSE,FALSE,8.09973772750253,8.09973772750253
919,122,FALSE,TRUE,FALSE,FALSE,FALSE,8.09973772750253,8.09973772750253
920,122,FALSE,TRUE,FALSE,FALSE,FALSE,8.09973772750253,8.09973772750253
921,122,FALSE,FALSE,FALSE,FALSE,TRUE,7.95042021684785,9.20380290475918
922,122,FALSE,TRUE,FALSE,FALSE,FALSE,8.09973772750253,8.09973772750253
923,124,FALSE,TRUE,FALSE,FALSE,FALSE,8.5434184442636,8.5434184442636
924,124,FALSE,TRUE,FALSE,FALSE,FALSE,8.09973772750253,8.09973772750253
925,124,FALSE,TRUE,FALSE,FALSE,FALSE,8.67376513065725,8.67376513065725
926,124,FALSE,TRUE,FALSE,FALSE,FALSE,8.74425260669281,8.74425260669281
927,124,FALSE,TRUE,FALSE,FALSE,FALSE,8.74425260669281,8.74425260669281
928,124,FALSE,TRUE,FALSE,FALSE,FALSE,8.74425260669281,8.74425260669281
929,124,FALSE,TRUE,FALSE,FALSE,FALSE,8.67376513065725,8.67376513065725
930,124,FALSE,TRUE,FALSE,FALSE,FALSE,8.61247655342625,8.61247655342625
931,124,FALSE,TRUE,FALSE,FALSE,FALSE,8.61247655342625,8.61247655342625
932,124,FALSE,TRUE,FALSE,FALSE,FALSE,8.74425260669281,8.74425260669281
933,124,FALSE,TRUE,FALSE,FALSE,FALSE,8.74425260669281,8.74425260669281
934,124,FALSE,TRUE,FALSE,FALSE,FALSE,8.5434184442636,8.5434184442636
935,124,FALSE,TRUE,FALSE,FALSE,FALSE,8.52564938728719,8.52564938728719
936,124,FALSE,TRUE,FALSE,FALSE,FALSE,8.97385479370257,8.97385479370257
937,124,FALSE,TRUE,FALSE,FALSE,FALSE,8.61247655342625,8.61247655342625
938,125,FALSE,TRUE,FALSE,FALSE,FALSE,8.09973772750253,8.09973772750253
939,125,FALSE,TRUE,FALSE,FALSE,FALSE,8.67376513065725,8.67376513065725
940,125,FALSE,TRUE,FALSE,FALSE,FALSE,8.5434184442636,8.5434184442636
941,125,FALSE,TRUE,FALSE,FALSE,FALSE,8.61247655342625,8.61247655342625
942,125,FALSE,TRUE,FALSE,FALSE,FALSE,8.09973772750253,8.09973772750253
943,125,FALSE,TRUE,FALSE,FALSE,FALSE,8.09973772750253,8.09973772750253
944,125,FALSE,TRUE,FALSE,FALSE,FALSE,8.67376513065725,8.67376513065725
945,125,FALSE,TRUE,FALSE,FALSE,FALSE,8.74425260669281,8.74425260669281
946,125,FALSE,TRUE,FALSE,FALSE,FALSE,8.67376513065725,8.67376513065725
947,125,FALSE,TRUE,FALSE,FALSE,FALSE,8.09973772750253,8.09973772750253
948,125,FALSE,TRUE,FALSE,FALSE,FALSE,8.09973772750253,8.09973772750253
949,125,FALSE,TRUE,FALSE,FALSE,FALSE,8.74425260669281,8.74425260669281
950,125,FALSE,TRUE,FALSE,FALSE,FALSE,8.61247655342625,8.61247655342625
951,127,FALSE,TRUE,FALSE,FALSE,FALSE,8.67376513065725,8.67376513065725
952,127,FALSE,TRUE,FALSE,FALSE,FALSE,8.39530270089355,8.39530270089355
953,127,FALSE,TRUE,FALSE,FALSE,FALSE,9.01368850400637,9.01368850400637
954,127,FALSE,TRUE,FALSE,FALSE,FALSE,8.5434184442636,8.5434184442636
955,127,FALSE,TRUE,FALSE,FALSE,FALSE,8.74425260669281,8.74425260669281
956,127,FALSE,TRUE,FALSE,FALSE,FALSE,8.74425260669281,8.74425260669281
957,127,FALSE,TRUE,FALSE,FALSE,FALSE,8.67376513065725,8.67376513065725
958,127,FALSE,TRUE,FALSE,FALSE,FALSE,9.01368850400637,9.01368850400637
959,127,FALSE,TRUE,FALSE,FALSE,FALSE,9.50871750973455,9.50871750973455
960,127,FALSE,TRUE,FALSE,FALSE,FALSE,9.63423925419815,9.63423925419815
961,127,FALSE,TRUE,FALSE,FALSE,FALSE,8.61390592029916,8.61390592029916
962,127,FALSE,TRUE,FALSE,FALSE,FALSE,9.08417598004193,9.08417598004193
963,127,FALSE,TRUE,FALSE,FALSE,FALSE,8.61390592029916,8.61390592029916
964,127,FALSE,TRUE,FALSE,FALSE,FALSE,9.63423925419815,9.63423925419815
965,127,FALSE,TRUE,FALSE,FALSE,FALSE,8.61390592029916,8.61390592029916
966,128,FALSE,FALSE,FALSE,FALSE,TRUE,7.95042021684785,9.20380290475918
967,128,FALSE,TRUE,FALSE,FALSE,FALSE,7.75804096290676,7.75804096290676
968,128,FALSE,TRUE,FALSE,FALSE,FALSE,8.5434184442636,8.5434184442636
969,128,FALSE,FALSE,FALSE,FALSE,TRUE,7.95042021684785,9.20380290475918
970,128,FALSE,TRUE,FALSE,FALSE,FALSE,8.67376513065725,8.67376513065725
971,128,FALSE,TRUE,FALSE,FALSE,FALSE,8.74425260669281,8.74425260669281
972,128,FALSE,TRUE,FALSE,FALSE,FALSE,8.67376513065725,8.67376513065725
973,128,FALSE,TRUE,FALSE,FALSE,FALSE,8.09973772750253,8.09973772750253
974,128,FALSE,TRUE,FALSE,FALSE,FALSE,8.67376513065725,8.67376513065725
975,140,FALSE,TRUE,FALSE,FALSE,FALSE,8.67376513065725,8.67376513065725
976,140,FALSE,TRUE,FALSE,FALSE,FALSE,8.09973772750253,8.09973772750253
977,140,FALSE,TRUE,FALSE,FALSE,FALSE,8.67376513065725,8.67376513065725
978,140,FALSE,TRUE,FALSE,FALSE,FALSE,8.09973772750253,8.09973772750253
979,140,FALSE,TRUE,FALSE,FALSE,FALSE,8.67376513065725,8.67376513065725
980,140,FALSE,TRUE,FALSE,FALSE,FALSE,8.09973772750253,8.09973772750253
981,140,FALSE,TRUE,FALSE,FALSE,FALSE,8.09973772750253,8.09973772750253
982,140,FALSE,FALSE,FALSE,FALSE,TRUE,7.95042021684785,9.20380290475918
983,140,FALSE,TRUE,FALSE,FALSE,FALSE,8.09973772750253,8.09973772750253
984,140,FALSE,TRUE,FALSE,FALSE,FALSE,8.09973772750253,8.09973772750253
985,141,FALSE,FALSE,FALSE,FALSE,TRUE,7.95042021684785,9.20380290475918
986,141,FALSE,FALSE,FALSE,FALSE,TRUE,7.95042021684785,9.20380290475918
987,141,FALSE,FALSE,FALSE,FALSE,TRUE,7.95042021684785,9.20380290475918
988,141,FALSE,TRUE,FALSE,FALSE,FALSE,8.09973772750253,8.09973772750253
989,141,FALSE,TRUE,FALSE,FALSE,FALSE,8.09973772750253,8.09973772750253
990,141,FALSE,FALSE,FALSE,FALSE,TRUE,7.95042021684785,9.20380290475918
991,141,FALSE,FALSE,FALSE,FALSE,TRUE,7.95042021684785,9.20380290475918
992,141,FALSE,FALSE,FALSE,FALSE,TRUE,7.95042021684785,9.20380290475918
993,141,FALSE,FALSE,FALSE,FALSE,TRUE,7.95042021684785,9.20380290475918
994,141,FALSE,TRUE,FALSE,FALSE,FALSE,8.09973772750253,8.09973772750253
995,145,FALSE,TRUE,FALSE,FALSE,FALSE,8.67376513065725,8.67376513065725
996,145,FALSE,TRUE,FALSE,FALSE,FALSE,8.74425260669281,8.74425260669281
997,145,FALSE,TRUE,FALSE,FALSE,FALSE,8.61247655342625,8.61247655342625
998,145,FALSE,FALSE,FALSE,FALSE,TRUE,8.19761730542234,9.45099999333367
999,145,FALSE,TRUE,FALSE,FALSE,FALSE,8.67376513065725,8.67376513065725
1000,145,FALSE,TRUE,FALSE,FALSE,FALSE,8.67376513065725,8.67376513065725
1001,145,FALSE,TRUE,FALSE,FALSE,FALSE,8.09973772750253,8.09973772750253
1002,145,FALSE,TRUE,FALSE,FALSE,FALSE,8.09973772750253,8.09973772750253
1003,145,FALSE,TRUE,FALSE,FALSE,FALSE,8.61247655342625,8.61247655342625
1004,145,FALSE,TRUE,FALSE,FALSE,FALSE,8.09973772750253,8.09973772750253
1005,145,FALSE,TRUE,FALSE,FALSE,FALSE,9.10420148009622,9.10420148009622
1006,145,FALSE,TRUE,FALSE,FALSE,FALSE,8.67376513065725,8.67376513065725
1007,145,FALSE,TRUE,FALSE,FALSE,FALSE,8.09973772750253,8.09973772750253
1008,145,FALSE,TRUE,FALSE,FALSE,FALSE,8.09973772750253,8.09973772750253
1009,145,FALSE,TRUE,FALSE,FALSE,FALSE,8.67376513065725,8.67376513065725
1010,147,FALSE,TRUE,FALSE,FALSE,FALSE,8.74425260669281,8.74425260669281
1011,147,FALSE,FALSE,FALSE,TRUE,FALSE,9.01368850400637,9.01368850400637
1012,147,TRUE,TRUE,FALSE,FALSE,FALSE,8.92707025228747,8.92707025228747
1013,147,FALSE,TRUE,FALSE,FALSE,FALSE,8.52564938728719,8.52564938728719
1014,147,FALSE,TRUE,FALSE,FALSE,FALSE,9.1543831653629,9.1543831653629
1015,147,FALSE,TRUE,FALSE,FALSE,FALSE,8.39530270089355,8.39530270089355
1016,147,FALSE,TRUE,FALSE,FALSE,FALSE,9.50816540768905,9.50816540768905
1017,147,FALSE,TRUE,FALSE,FALSE,FALSE,8.97385479370257,8.97385479370257
1018,147,TRUE,TRUE,FALSE,FALSE,FALSE,8.73353284501641,8.73353284501641
1019,147,FALSE,TRUE,FALSE,FALSE,FALSE,8.98901690746856,8.98901690746856
1020,147,FALSE,TRUE,FALSE,FALSE,FALSE,8.67376513065725,8.67376513065725
1021,147,FALSE,TRUE,FALSE,FALSE,FALSE,8.67376513065725,8.67376513065725
1022,147,FALSE,TRUE,FALSE,FALSE,FALSE,9.50871750973455,9.50871750973455
1023,147,FALSE,TRUE,FALSE,FALSE,FALSE,9.17468895613178,9.17468895613178
1024,147,FALSE,TRUE,FALSE,FALSE,FALSE,7.95042021684785,7.95042021684785
1025,151,FALSE,TRUE,FALSE,FALSE,FALSE,9.1511158062652,9.1511158062652
1026,151,FALSE,TRUE,FALSE,FALSE,FALSE,8.74425260669281,8.74425260669281
1027,151,FALSE,TRUE,FALSE,FALSE,FALSE,8.61390592029916,8.61390592029916
1028,151,FALSE,TRUE,FALSE,FALSE,FALSE,8.5434184442636,8.5434184442636
1029,151,FALSE,TRUE,FALSE,FALSE,FALSE,8.09973772750253,8.09973772750253
1030,151,FALSE,TRUE,FALSE,FALSE,FALSE,9.62138586600797,9.62138586600797
1031,151,FALSE,TRUE,FALSE,FALSE,FALSE,8.67376513065725,8.67376513065725
1032,151,FALSE,TRUE,FALSE,FALSE,FALSE,8.74425260669281,8.74425260669281
1033,151,FALSE,TRUE,FALSE,FALSE,FALSE,8.74425260669281,8.74425260669281
1034,151,FALSE,TRUE,FALSE,FALSE,FALSE,8.61390592029916,8.61390592029916
1035,151,FALSE,TRUE,FALSE,FALSE,FALSE,8.61390592029916,8.61390592029916
1036,151,FALSE,TRUE,FALSE,FALSE,FALSE,8.61390592029916,8.61390592029916
1037,151,FALSE,TRUE,FALSE,FALSE,FALSE,8.61390592029916,8.61390592029916
1038,154,FALSE,TRUE,FALSE,FALSE,FALSE,8.67376513065725,8.67376513065725
1039,154,FALSE,TRUE,FALSE,FALSE,FALSE,8.67376513065725,8.67376513065725
1040,154,FALSE,TRUE,FALSE,FALSE,FALSE,8.67376513065725,8.67376513065725
1041,154,FALSE,TRUE,FALSE,FALSE,FALSE,8.67376513065725,8.67376513065725
1042,154,FALSE,TRUE,FALSE,FALSE,FALSE,8.67376513065725,8.67376513065725
1043,154,FALSE,TRUE,FALSE,FALSE,FALSE,8.67376513065725,8.67376513065725
1044,154,FALSE,TRUE,FALSE,FALSE,FALSE,8.52564938728719,8.52564938728719
1045,154,FALSE,TRUE,FALSE,FALSE,FALSE,8.67376513065725,8.67376513065725
1046,154,FALSE,TRUE,FALSE,FALSE,FALSE,9.04335329125035,9.04335329125035
1047,154,FALSE,TRUE,FALSE,FALSE,FALSE,8.09973772750253,8.09973772750253
1048,154,FALSE,TRUE,FALSE,FALSE,FALSE,8.67376513065725,8.67376513065725
1049,154,FALSE,TRUE,FALSE,FALSE,FALSE,8.09973772750253,8.09973772750253
1050,154,FALSE,TRUE,FALSE,FALSE,FALSE,8.67376513065725,8.67376513065725
1051,158,FALSE,TRUE,FALSE,FALSE,FALSE,8.67376513065725,8.67376513065725
1052,158,FALSE,TRUE,FALSE,FALSE,FALSE,8.09973772750253,8.09973772750253
1053,158,FALSE,FALSE,FALSE,FALSE,TRUE,7.95042021684785,9.20380290475918
1054,158,FALSE,TRUE,FALSE,FALSE,FALSE,8.67376513065725,8.67376513065725
1055,158,FALSE,TRUE,FALSE,FALSE,FALSE,8.67376513065725,8.67376513065725
1056,158,FALSE,TRUE,FALSE,FALSE,FALSE,8.5301740769415,8.5301740769415
1057,158,FALSE,TRUE,FALSE,FALSE,FALSE,8.67376513065725,8.67376513065725
1058,158,FALSE,TRUE,FALSE,FALSE,FALSE,8.09973772750253,8.09973772750253
1059,158,FALSE,TRUE,FALSE,FALSE,FALSE,8.5434184442636,8.5434184442636
1060,158,FALSE,TRUE,FALSE,FALSE,FALSE,8.09973772750253,8.09973772750253
1061,158,FALSE,TRUE,FALSE,FALSE,FALSE,8.97385479370257,8.97385479370257
1062,158,FALSE,TRUE,FALSE,FALSE,FALSE,8.61247655342625,8.61247655342625
1063,158,FALSE,TRUE,FALSE,FALSE,FALSE,8.52564938728719,8.52564938728719
1064,158,FALSE,TRUE,FALSE,FALSE,FALSE,8.74425260669281,8.74425260669281
1065,158,FALSE,TRUE,FALSE,FALSE,FALSE,7.95042021684785,7.95042021684785
1066,159,FALSE,TRUE,FALSE,FALSE,FALSE,8.67376513065725,8.67376513065725
1067,159,FALSE,TRUE,FALSE,FALSE,FALSE,8.74425260669281,8.74425260669281
1068,159,FALSE,TRUE,FALSE,FALSE,FALSE,8.74425260669281,8.74425260669281
1069,159,FALSE,TRUE,FALSE,FALSE,FALSE,9.11384076728591,9.11384076728591
1070,159,FALSE,TRUE,FALSE,FALSE,FALSE,8.67376513065725,8.67376513065725
1071,159,FALSE,TRUE,FALSE,FALSE,FALSE,8.5434184442636,8.5434184442636
1072,159,FALSE,TRUE,FALSE,FALSE,FALSE,8.67376513065725,8.67376513065725
1073,159,FALSE,TRUE,FALSE,FALSE,FALSE,8.5434184442636,8.5434184442636
1074,159,FALSE,TRUE,FALSE,FALSE,FALSE,8.67376513065725,8.67376513065725
1075,159,FALSE,TRUE,FALSE,FALSE,FALSE,8.67376513065725,8.67376513065725
1076,160,FALSE,TRUE,FALSE,FALSE,FALSE,7.95042021684785,7.95042021684785
1077,160,FALSE,TRUE,FALSE,FALSE,FALSE,8.74425260669281,8.74425260669281
1078,160,FALSE,TRUE,FALSE,FALSE,FALSE,7.95042021684785,7.95042021684785
1079,160,FALSE,FALSE,FALSE,FALSE,TRUE,7.95042021684785,9.20380290475918
1080,160,FALSE,TRUE,FALSE,FALSE,FALSE,7.95042021684785,7.95042021684785
1081,160,FALSE,TRUE,FALSE,FALSE,FALSE,8.61247655342625,8.61247655342625
1082,160,FALSE,TRUE,FALSE,FALSE,FALSE,9.10420148009622,9.10420148009622
1083,160,FALSE,TRUE,FALSE,FALSE,FALSE,8.67376513065725,8.67376513065725
1084,160,FALSE,TRUE,FALSE,FALSE,FALSE,8.09973772750253,8.09973772750253
1085,160,FALSE,TRUE,FALSE,FALSE,FALSE,8.38085656628682,8.38085656628682
1086,160,FALSE,TRUE,FALSE,FALSE,FALSE,8.5434184442636,8.5434184442636
1087,160,FALSE,TRUE,FALSE,FALSE,FALSE,8.67376513065725,8.67376513065725
1088,160,FALSE,TRUE,FALSE,FALSE,FALSE,8.67376513065725,8.67376513065725
1089,160,FALSE,TRUE,FALSE,FALSE,FALSE,9.10420148009622,9.10420148009622
1090,160,FALSE,TRUE,FALSE,FALSE,FALSE,8.61247655342625,8.61247655342625
1091,161,FALSE,TRUE,FALSE,FALSE,FALSE,8.5434184442636,8.5434184442636
1092,161,FALSE,TRUE,FALSE,FALSE,FALSE,7.95042021684785,7.95042021684785
1093,161,FALSE,TRUE,FALSE,FALSE,FALSE,8.52564938728719,8.52564938728719
1094,161,FALSE,TRUE,FALSE,FALSE,FALSE,8.67376513065725,8.67376513065725
1095,161,FALSE,TRUE,FALSE,FALSE,FALSE,8.09973772750253,8.09973772750253
1096,161,FALSE,TRUE,FALSE,FALSE,FALSE,8.67376513065725,8.67376513065725
1097,161,FALSE,TRUE,FALSE,FALSE,FALSE,8.5434184442636,8.5434184442636
1098,161,FALSE,TRUE,FALSE,FALSE,FALSE,8.52564938728719,8.52564938728719
1099,161,FALSE,TRUE,FALSE,FALSE,FALSE,8.67376513065725,8.67376513065725
1100,161,FALSE,TRUE,FALSE,FALSE,FALSE,8.74425260669281,8.74425260669281
1101,161,FALSE,TRUE,FALSE,FALSE,FALSE,8.74425260669281,8.74425260669281
1102,161,FALSE,TRUE,FALSE,FALSE,FALSE,8.67376513065725,8.67376513065725
1103,161,FALSE,TRUE,FALSE,FALSE,FALSE,8.67376513065725,8.67376513065725
1104,161,FALSE,TRUE,FALSE,FALSE,FALSE,8.61390592029916,8.61390592029916
1105,161,FALSE,TRUE,FALSE,FALSE,FALSE,8.67376513065725,8.67376513065725
1106,162,FALSE,TRUE,FALSE,FALSE,FALSE,8.74425260669281,8.74425260669281
1107,162,FALSE,TRUE,FALSE,FALSE,FALSE,8.52564938728719,8.52564938728719
1108,162,FALSE,TRUE,FALSE,FALSE,FALSE,7.95042021684785,7.95042021684785
1109,162,FALSE,FALSE,FALSE,FALSE,TRUE,7.95042021684785,9.20380290475918
1110,162,FALSE,TRUE,FALSE,FALSE,FALSE,8.67376513065725,8.67376513065725
1111,162,FALSE,TRUE,FALSE,FALSE,FALSE,8.09973772750253,8.09973772750253
1112,162,FALSE,TRUE,FALSE,FALSE,FALSE,8.09973772750253,8.09973772750253
1113,162,FALSE,TRUE,FALSE,FALSE,FALSE,8.09973772750253,8.09973772750253
1114,162,FALSE,TRUE,FALSE,FALSE,FALSE,8.5434184442636,8.5434184442636
1115,162,FALSE,TRUE,FALSE,FALSE,FALSE,8.74425260669281,8.74425260669281
1116,166,FALSE,TRUE,FALSE,FALSE,FALSE,8.5434184442636,8.5434184442636
1117,166,FALSE,TRUE,FALSE,FALSE,FALSE,8.67376513065725,8.67376513065725
1118,166,FALSE,TRUE,FALSE,FALSE,FALSE,8.91133328135494,8.91133328135494
1119,166,FALSE,TRUE,FALSE,FALSE,FALSE,8.09973772750253,8.09973772750253
1120,166,FALSE,TRUE,FALSE,FALSE,FALSE,8.67376513065725,8.67376513065725
1121,166,FALSE,TRUE,FALSE,FALSE,FALSE,8.5434184442636,8.5434184442636
1122,166,FALSE,TRUE,FALSE,FALSE,FALSE,8.74425260669281,8.74425260669281
1123,166,TRUE,TRUE,FALSE,FALSE,FALSE,9.44412485344534,9.44412485344534
1124,166,FALSE,TRUE,FALSE,FALSE,FALSE,8.74425260669281,8.74425260669281
1125,166,FALSE,TRUE,FALSE,FALSE,FALSE,8.5434184442636,8.5434184442636
1126,166,FALSE,TRUE,FALSE,FALSE,FALSE,8.52564938728719,8.52564938728719
1127,166,FALSE,TRUE,FALSE,FALSE,FALSE,8.67376513065725,8.67376513065725
1128,166,FALSE,TRUE,FALSE,FALSE,FALSE,8.5434184442636,8.5434184442636
1129,166,FALSE,TRUE,FALSE,FALSE,FALSE,9.11384076728591,9.11384076728591
1130,166,FALSE,TRUE,FALSE,FALSE,FALSE,8.5434184442636,8.5434184442636
1131,168,FALSE,TRUE,FALSE,FALSE,FALSE,8.74425260669281,8.74425260669281
1132,168,FALSE,TRUE,FALSE,FALSE,FALSE,8.67376513065725,8.67376513065725
1133,168,FALSE,TRUE,FALSE,FALSE,FALSE,8.09973772750253,8.09973772750253
1134,168,FALSE,TRUE,FALSE,FALSE,FALSE,8.09973772750253,8.09973772750253
1135,168,FALSE,TRUE,FALSE,FALSE,FALSE,8.09973772750253,8.09973772750253
1136,168,FALSE,TRUE,FALSE,FALSE,FALSE,8.5434184442636,8.5434184442636
1137,168,FALSE,TRUE,FALSE,FALSE,FALSE,8.61247655342625,8.61247655342625
1138,168,FALSE,TRUE,FALSE,FALSE,FALSE,8.09973772750253,8.09973772750253
1139,168,FALSE,TRUE,FALSE,FALSE,FALSE,8.67376513065725,8.67376513065725
1140,168,FALSE,TRUE,FALSE,FALSE,FALSE,8.67376513065725,8.67376513065725
1141,168,FALSE,TRUE,FALSE,FALSE,FALSE,8.52564938728719,8.52564938728719
1142,168,FALSE,TRUE,FALSE,FALSE,FALSE,8.52564938728719,8.52564938728719
1143,168,FALSE,TRUE,FALSE,FALSE,FALSE,8.67376513065725,8.67376513065725
1144,168,FALSE,TRUE,FALSE,FALSE,FALSE,8.67376513065725,8.67376513065725
1145,170,FALSE,TRUE,FALSE,FALSE,FALSE,8.09973772750253,8.09973772750253
1146,170,FALSE,TRUE,FALSE,FALSE,FALSE,8.67376513065725,8.67376513065725
1147,170,FALSE,TRUE,FALSE,FALSE,FALSE,8.5434184442636,8.5434184442636
1148,170,FALSE,TRUE,FALSE,FALSE,FALSE,8.67376513065725,8.67376513065725
1149,170,FALSE,TRUE,FALSE,FALSE,FALSE,8.67376513065725,8.67376513065725
1150,170,FALSE,TRUE,FALSE,FALSE,FALSE,8.67376513065725,8.67376513065725
1151,170,FALSE,TRUE,FALSE,FALSE,FALSE,8.5434184442636,8.5434184442636
1152,170,FALSE,TRUE,FALSE,FALSE,FALSE,8.67376513065725,8.67376513065725
1153,170,FALSE,TRUE,FALSE,FALSE,FALSE,8.67376513065725,8.67376513065725
1154,170,FALSE,TRUE,FALSE,FALSE,FALSE,8.67376513065725,8.67376513065725
1155,170,FALSE,TRUE,FALSE,FALSE,FALSE,8.09973772750253,8.09973772750253
1156,170,FALSE,TRUE,FALSE,FALSE,FALSE,8.67376513065725,8.67376513065725
1157,170,FALSE,TRUE,FALSE,FALSE,FALSE,8.67376513065725,8.67376513065725
1158,170,FALSE,TRUE,FALSE,FALSE,FALSE,8.67376513065725,8.67376513065725
1159,170,FALSE,TRUE,FALSE,FALSE,FALSE,8.52564938728719,8.52564938728719
1160,172,FALSE,TRUE,FALSE,FALSE,FALSE,8.97385479370257,8.97385479370257
1161,172,FALSE,TRUE,FALSE,FALSE,FALSE,8.61247655342625,8.61247655342625
1162,172,FALSE,TRUE,FALSE,FALSE,FALSE,8.67376513065725,8.67376513065725
1163,172,FALSE,TRUE,FALSE,FALSE,FALSE,8.67376513065725,8.67376513065725
1164,172,FALSE,TRUE,FALSE,FALSE,FALSE,8.61390592029916,8.61390592029916
1165,172,FALSE,TRUE,FALSE,FALSE,FALSE,8.61390592029916,8.61390592029916
1166,172,FALSE,TRUE,FALSE,FALSE,FALSE,8.61390592029916,8.61390592029916
1167,172,FALSE,TRUE,FALSE,FALSE,FALSE,8.67376513065725,8.67376513065725
1168,172,FALSE,TRUE,FALSE,FALSE,FALSE,8.67376513065725,8.67376513065725
1169,172,FALSE,TRUE,FALSE,FALSE,FALSE,8.67376513065725,8.67376513065725
1170,172,FALSE,TRUE,FALSE,FALSE,FALSE,8.61390592029916,8.61390592029916
1171,172,FALSE,TRUE,FALSE,FALSE,FALSE,8.97385479370257,8.97385479370257
1172,172,FALSE,TRUE,FALSE,FALSE,FALSE,8.5434184442636,8.5434184442636
1173,172,FALSE,TRUE,FALSE,FALSE,FALSE,8.5434184442636,8.5434184442636
1174,172,FALSE,TRUE,FALSE,FALSE,FALSE,8.61390592029916,8.61390592029916
1175,173,FALSE,TRUE,FALSE,FALSE,FALSE,8.97385479370257,8.97385479370257
1176,173,FALSE,TRUE,FALSE,FALSE,FALSE,8.5434184442636,8.5434184442636
1177,173,FALSE,TRUE,FALSE,FALSE,FALSE,8.67376513065725,8.67376513065725
1178,173,FALSE,TRUE,FALSE,FALSE,FALSE,8.67376513065725,8.67376513065725
1179,173,FALSE,TRUE,FALSE,FALSE,FALSE,8.67376513065725,8.67376513065725
1180,173,FALSE,TRUE,FALSE,FALSE,FALSE,8.67376513065725,8.67376513065725
1181,173,FALSE,TRUE,FALSE,FALSE,FALSE,8.5434184442636,8.5434184442636
1182,173,FALSE,TRUE,FALSE,FALSE,FALSE,8.67376513065725,8.67376513065725
1183,173,FALSE,TRUE,FALSE,FALSE,FALSE,8.67376513065725,8.67376513065725
1184,173,FALSE,TRUE,FALSE,FALSE,FALSE,8.09973772750253,8.09973772750253
1185,174,FALSE,TRUE,FALSE,FALSE,FALSE,8.5434184442636,8.5434184442636
1186,174,FALSE,TRUE,FALSE,FALSE,FALSE,9.08417598004193,9.08417598004193
1187,174,FALSE,TRUE,FALSE,FALSE,FALSE,8.38085656628682,8.38085656628682
1188,174,FALSE,TRUE,FALSE,FALSE,FALSE,8.74425260669281,8.74425260669281
1189,174,FALSE,TRUE,FALSE,FALSE,FALSE,8.74425260669281,8.74425260669281
1190,174,FALSE,TRUE,FALSE,FALSE,FALSE,8.5434184442636,8.5434184442636
1191,174,FALSE,TRUE,FALSE,FALSE,FALSE,8.67376513065725,8.67376513065725
1192,174,FALSE,TRUE,FALSE,FALSE,FALSE,8.74425260669281,8.74425260669281
1193,176,FALSE,TRUE,FALSE,FALSE,FALSE,8.67376513065725,8.67376513065725
1194,176,FALSE,TRUE,FALSE,FALSE,FALSE,8.09973772750253,8.09973772750253
1195,176,FALSE,TRUE,FALSE,FALSE,FALSE,8.67376513065725,8.67376513065725
1196,176,FALSE,TRUE,FALSE,FALSE,FALSE,8.09973772750253,8.09973772750253
1197,176,FALSE,FALSE,FALSE,FALSE,TRUE,7.95042021684785,9.20380290475918
1198,176,FALSE,TRUE,FALSE,FALSE,FALSE,8.67376513065725,8.67376513065725
1199,176,FALSE,TRUE,FALSE,FALSE,FALSE,8.61390592029916,8.61390592029916
1200,176,FALSE,TRUE,FALSE,FALSE,FALSE,8.52564938728719,8.52564938728719
1201,176,FALSE,TRUE,FALSE,FALSE,FALSE,8.09973772750253,8.09973772750253
1202,176,FALSE,TRUE,FALSE,FALSE,FALSE,8.52564938728719,8.52564938728719
1203,176,FALSE,TRUE,FALSE,FALSE,FALSE,8.67376513065725,8.67376513065725
1204,176,FALSE,TRUE,FALSE,FALSE,FALSE,8.67376513065725,8.67376513065725
1205,180,FALSE,TRUE,FALSE,FALSE,FALSE,8.97385479370257,8.97385479370257
1206,180,FALSE,TRUE,FALSE,FALSE,FALSE,8.09973772750253,8.09973772750253
1207,180,FALSE,TRUE,FALSE,FALSE,FALSE,8.52564938728719,8.52564938728719
1208,180,FALSE,TRUE,FALSE,FALSE,FALSE,8.67376513065725,8.67376513065725
1209,180,FALSE,TRUE,FALSE,FALSE,FALSE,8.61247655342625,8.61247655342625
1210,180,FALSE,TRUE,FALSE,FALSE,FALSE,8.5434184442636,8.5434184442636
1211,180,FALSE,TRUE,FALSE,FALSE,FALSE,8.09973772750253,8.09973772750253
1212,180,FALSE,TRUE,FALSE,FALSE,FALSE,9.04434226973814,9.04434226973814
1213,180,FALSE,TRUE,FALSE,FALSE,FALSE,8.67376513065725,8.67376513065725
1214,180,FALSE,TRUE,FALSE,FALSE,FALSE,8.67376513065725,8.67376513065725
1215,180,FALSE,TRUE,FALSE,FALSE,FALSE,8.09973772750253,8.09973772750253
1216,180,FALSE,TRUE,FALSE,FALSE,FALSE,8.67376513065725,8.67376513065725
1217,180,FALSE,TRUE,FALSE,FALSE,FALSE,8.67376513065725,8.67376513065725
1218,180,FALSE,TRUE,FALSE,FALSE,FALSE,8.52564938728719,8.52564938728719
1219,180,FALSE,TRUE,FALSE,FALSE,FALSE,9.04335329125035,9.04335329125035
1220,181,FALSE,TRUE,FALSE,FALSE,FALSE,8.09973772750253,8.09973772750253
1221,181,FALSE,TRUE,FALSE,FALSE,FALSE,8.09973772750253,8.09973772750253
1222,181,FALSE,TRUE,FALSE,FALSE,FALSE,8.09973772750253,8.09973772750253
1223,181,FALSE,FALSE,FALSE,FALSE,TRUE,7.95042021684785,9.20380290475918
1224,182,FALSE,TRUE,FALSE,FALSE,FALSE,8.5434184442636,8.5434184442636
1225,182,FALSE,TRUE,FALSE,FALSE,FALSE,8.74425260669281,8.74425260669281
1226,182,FALSE,TRUE,FALSE,FALSE,FALSE,8.67376513065725,8.67376513065725
1227,182,FALSE,TRUE,FALSE,FALSE,FALSE,8.67376513065725,8.67376513065725
1228,182,FALSE,TRUE,FALSE,FALSE,FALSE,8.09973772750253,8.09973772750253
1229,182,FALSE,TRUE,FALSE,FALSE,FALSE,8.74425260669281,8.74425260669281
1230,182,FALSE,TRUE,FALSE,FALSE,FALSE,8.74425260669281,8.74425260669281
1231,182,FALSE,TRUE,FALSE,FALSE,FALSE,8.09973772750253,8.09973772750253
1232,182,FALSE,TRUE,FALSE,FALSE,FALSE,8.67376513065725,8.67376513065725
1233,182,FALSE,TRUE,FALSE,FALSE,FALSE,7.95042021684785,7.95042021684785
1234,182,FALSE,TRUE,FALSE,FALSE,FALSE,8.09973772750253,8.09973772750253
1235,182,FALSE,TRUE,FALSE,FALSE,FALSE,8.09973772750253,8.09973772750253
1236,182,FALSE,TRUE,FALSE,FALSE,FALSE,8.67376513065725,8.67376513065725
1237,182,FALSE,TRUE,FALSE,FALSE,FALSE,8.09973772750253,8.09973772750253
1238,182,FALSE,TRUE,FALSE,FALSE,FALSE,8.67376513065725,8.67376513065725
1239,183,FALSE,TRUE,FALSE,FALSE,FALSE,8.61247655342625,8.61247655342625
1240,183,FALSE,TRUE,FALSE,FALSE,FALSE,8.09973772750253,8.09973772750253
1241,183,FALSE,TRUE,FALSE,FALSE,FALSE,8.67376513065725,8.67376513065725
1242,183,FALSE,TRUE,FALSE,FALSE,FALSE,8.09973772750253,8.09973772750253
1243,183,FALSE,TRUE,FALSE,FALSE,FALSE,8.09973772750253,8.09973772750253
1244,183,FALSE,TRUE,FALSE,FALSE,FALSE,8.5434184442636,8.5434184442636
1245,183,FALSE,TRUE,FALSE,FALSE,FALSE,7.95042021684785,7.95042021684785
1246,183,FALSE,TRUE,FALSE,FALSE,FALSE,8.09973772750253,8.09973772750253
1247,183,FALSE,TRUE,FALSE,FALSE,FALSE,8.09973772750253,8.09973772750253
1248,183,FALSE,TRUE,FALSE,FALSE,FALSE,7.95042021684785,7.95042021684785
1249,183,FALSE,TRUE,FALSE,FALSE,FALSE,8.67376513065725,8.67376513065725
1250,183,FALSE,TRUE,FALSE,FALSE,FALSE,8.67376513065725,8.67376513065725
1251,183,FALSE,TRUE,FALSE,FALSE,FALSE,8.09973772750253,8.09973772750253
1252,183,FALSE,TRUE,FALSE,FALSE,FALSE,8.95608573672616,8.95608573672616
1253,183,FALSE,TRUE,FALSE,FALSE,FALSE,8.67376513065725,8.67376513065725
1254,185,FALSE,TRUE,FALSE,FALSE,FALSE,8.67376513065725,8.67376513065725
1255,185,FALSE,TRUE,FALSE,FALSE,FALSE,8.74425260669281,8.74425260669281
1256,185,FALSE,TRUE,FALSE,FALSE,FALSE,7.95042021684785,7.95042021684785
1257,185,FALSE,TRUE,FALSE,FALSE,FALSE,7.95042021684785,7.95042021684785
1258,185,FALSE,TRUE,FALSE,FALSE,FALSE,8.74425260669281,8.74425260669281
1259,185,FALSE,TRUE,FALSE,FALSE,FALSE,8.52564938728719,8.52564938728719
1260,185,FALSE,TRUE,FALSE,FALSE,FALSE,8.74425260669281,8.74425260669281
1261,185,FALSE,TRUE,FALSE,FALSE,FALSE,8.74425260669281,8.74425260669281
1262,185,FALSE,TRUE,FALSE,FALSE,FALSE,7.95042021684785,7.95042021684785
1263,185,FALSE,TRUE,FALSE,FALSE,FALSE,8.5434184442636,8.5434184442636
1264,185,FALSE,TRUE,FALSE,FALSE,FALSE,8.39530270089355,8.39530270089355
1265,185,FALSE,TRUE,FALSE,FALSE,FALSE,7.95042021684785,7.95042021684785
1266,185,FALSE,TRUE,FALSE,FALSE,FALSE,8.74425260669281,8.74425260669281
1267,185,FALSE,TRUE,FALSE,FALSE,FALSE,8.61390592029916,8.61390592029916
1268,185,FALSE,TRUE,FALSE,FALSE,FALSE,8.09973772750253,8.09973772750253
1269,187,FALSE,TRUE,FALSE,FALSE,FALSE,8.61390592029916,8.61390592029916
1270,187,FALSE,TRUE,FALSE,FALSE,FALSE,8.61390592029916,8.61390592029916
1271,187,FALSE,TRUE,FALSE,FALSE,FALSE,8.97385479370257,8.97385479370257
1272,187,FALSE,TRUE,FALSE,FALSE,FALSE,8.5434184442636,8.5434184442636
1273,187,FALSE,TRUE,FALSE,FALSE,FALSE,9.17468895613178,9.17468895613178
1274,187,FALSE,TRUE,FALSE,FALSE,FALSE,8.97385479370257,8.97385479370257
1275,187,FALSE,TRUE,FALSE,FALSE,FALSE,9.04434226973814,9.04434226973814
1276,187,FALSE,TRUE,FALSE,FALSE,FALSE,9.17468895613178,9.17468895613178
1277,187,FALSE,TRUE,FALSE,FALSE,FALSE,8.91133328135494,8.91133328135494
1278,187,FALSE,TRUE,FALSE,FALSE,FALSE,8.95608573672616,8.95608573672616
1279,187,FALSE,TRUE,FALSE,FALSE,FALSE,8.97385479370257,8.97385479370257
1280,187,FALSE,TRUE,FALSE,FALSE,FALSE,8.74425260669281,8.74425260669281
1281,187,FALSE,TRUE,FALSE,FALSE,FALSE,8.97385479370257,8.97385479370257
1282,187,FALSE,TRUE,FALSE,FALSE,FALSE,8.5434184442636,8.5434184442636
1283,187,FALSE,TRUE,FALSE,FALSE,FALSE,8.52564938728719,8.52564938728719
1284,190,FALSE,TRUE,FALSE,FALSE,FALSE,8.67376513065725,8.67376513065725
1285,190,FALSE,FALSE,TRUE,FALSE,TRUE,8.59525819517235,9.84864088308368
1286,190,FALSE,TRUE,FALSE,FALSE,FALSE,8.67376513065725,8.67376513065725
1287,190,FALSE,TRUE,FALSE,FALSE,FALSE,8.11750089150998,8.11750089150998
1288,190,FALSE,TRUE,FALSE,FALSE,FALSE,8.97385479370257,8.97385479370257
1289,190,FALSE,TRUE,FALSE,FALSE,FALSE,8.91133328135494,8.91133328135494
1290,190,FALSE,TRUE,FALSE,FALSE,FALSE,8.84084580531938,8.84084580531938
1291,190,FALSE,TRUE,FALSE,FALSE,FALSE,8.52564938728719,8.52564938728719
1292,190,FALSE,TRUE,FALSE,FALSE,FALSE,8.09973772750253,8.09973772750253
1293,190,TRUE,TRUE,FALSE,FALSE,FALSE,8.09973772750253,8.09973772750253
1294,190,FALSE,TRUE,FALSE,FALSE,FALSE,8.67376513065725,8.67376513065725
1295,190,FALSE,TRUE,FALSE,FALSE,FALSE,8.5434184442636,8.5434184442636
1296,190,FALSE,TRUE,FALSE,FALSE,FALSE,8.67376513065725,8.67376513065725
1297,190,FALSE,TRUE,FALSE,FALSE,FALSE,9.04291290286522,9.04291290286522
1298,190,FALSE,TRUE,FALSE,FALSE,FALSE,8.52564938728719,8.52564938728719
1299,195,FALSE,TRUE,FALSE,FALSE,FALSE,7.95042021684785,7.95042021684785
1300,195,FALSE,TRUE,FALSE,FALSE,FALSE,8.67376513065725,8.67376513065725
1301,195,FALSE,TRUE,FALSE,FALSE,FALSE,8.09973772750253,8.09973772750253
1302,195,FALSE,TRUE,FALSE,FALSE,FALSE,8.74425260669281,8.74425260669281
1303,195,FALSE,TRUE,FALSE,FALSE,FALSE,8.97385479370257,8.97385479370257
1304,195,FALSE,TRUE,FALSE,FALSE,FALSE,8.09973772750253,8.09973772750253
1305,195,FALSE,TRUE,FALSE,FALSE,FALSE,8.61247655342625,8.61247655342625
1306,195,FALSE,TRUE,FALSE,FALSE,FALSE,8.09973772750253,8.09973772750253
1307,195,FALSE,TRUE,FALSE,FALSE,FALSE,8.67376513065725,8.67376513065725
1308,195,FALSE,TRUE,FALSE,FALSE,FALSE,8.67376513065725,8.67376513065725
1309,195,FALSE,TRUE,FALSE,FALSE,FALSE,8.61247655342625,8.61247655342625
1310,195,FALSE,TRUE,FALSE,FALSE,FALSE,7.95042021684785,7.95042021684785
1311,195,FALSE,TRUE,FALSE,FALSE,FALSE,8.97385479370257,8.97385479370257
1312,195,FALSE,TRUE,FALSE,FALSE,FALSE,8.61247655342625,8.61247655342625
1313,195,FALSE,TRUE,FALSE,FALSE,FALSE,8.84084580531938,8.84084580531938
1314,197,FALSE,TRUE,FALSE,FALSE,FALSE,8.97385479370257,8.97385479370257
1315,197,FALSE,TRUE,FALSE,FALSE,FALSE,8.74425260669281,8.74425260669281
1316,197,FALSE,TRUE,FALSE,FALSE,FALSE,8.74425260669281,8.74425260669281
1317,197,FALSE,TRUE,FALSE,FALSE,FALSE,8.5434184442636,8.5434184442636
1318,197,FALSE,TRUE,FALSE,FALSE,FALSE,8.67376513065725,8.67376513065725
1319,197,FALSE,TRUE,FALSE,FALSE,FALSE,8.97385479370257,8.97385479370257
1320,197,FALSE,TRUE,FALSE,FALSE,FALSE,8.5434184442636,8.5434184442636
1321,197,FALSE,TRUE,FALSE,FALSE,FALSE,8.74425260669281,8.74425260669281
1322,197,FALSE,TRUE,FALSE,FALSE,FALSE,8.91133328135494,8.91133328135494
1323,197,FALSE,TRUE,FALSE,FALSE,FALSE,8.67376513065725,8.67376513065725
1324,197,FALSE,TRUE,FALSE,FALSE,FALSE,8.67376513065725,8.67376513065725
1325,197,FALSE,TRUE,FALSE,FALSE,FALSE,8.67376513065725,8.67376513065725
1326,197,FALSE,TRUE,FALSE,FALSE,FALSE,9.10420148009622,9.10420148009622
1327,197,FALSE,TRUE,FALSE,FALSE,FALSE,8.67376513065725,8.67376513065725
1328,197,FALSE,FALSE,FALSE,TRUE,FALSE,9.01368850400637,9.01368850400637
1329,199,FALSE,TRUE,FALSE,FALSE,FALSE,8.09973772750253,8.09973772750253
1330,199,FALSE,TRUE,FALSE,FALSE,FALSE,8.09973772750253,8.09973772750253
1331,199,FALSE,TRUE,FALSE,FALSE,FALSE,8.67376513065725,8.67376513065725
1332,199,TRUE,TRUE,FALSE,FALSE,FALSE,8.74425260669281,8.74425260669281
1333,199,FALSE,TRUE,FALSE,FALSE,FALSE,8.67376513065725,8.67376513065725
1334,199,FALSE,TRUE,FALSE,FALSE,FALSE,8.5434184442636,8.5434184442636
1335,199,FALSE,TRUE,FALSE,FALSE,FALSE,8.74425260669281,8.74425260669281
1336,199,FALSE,TRUE,FALSE,FALSE,FALSE,8.52564938728719,8.52564938728719
1337,199,FALSE,TRUE,FALSE,FALSE,FALSE,8.67376513065725,8.67376513065725
1338,199,FALSE,TRUE,FALSE,FALSE,FALSE,8.09973772750253,8.09973772750253
1339,199,FALSE,TRUE,FALSE,FALSE,FALSE,9.10420148009622,9.10420148009622
1340,199,FALSE,TRUE,FALSE,FALSE,FALSE,8.67376513065725,8.67376513065725
1341,201,FALSE,TRUE,FALSE,FALSE,FALSE,9.10420148009622,9.10420148009622
1342,201,FALSE,TRUE,FALSE,FALSE,FALSE,8.5434184442636,8.5434184442636
1343,201,FALSE,TRUE,FALSE,FALSE,FALSE,8.61247655342625,8.61247655342625
1344,201,FALSE,TRUE,FALSE,FALSE,FALSE,8.74425260669281,8.74425260669281
1345,201,FALSE,TRUE,FALSE,FALSE,FALSE,8.74425260669281,8.74425260669281
1346,201,FALSE,TRUE,FALSE,FALSE,FALSE,9.17468895613178,9.17468895613178
1347,201,FALSE,TRUE,FALSE,FALSE,FALSE,8.67376513065725,8.67376513065725
1348,201,FALSE,TRUE,FALSE,FALSE,FALSE,8.5434184442636,8.5434184442636
1349,201,FALSE,TRUE,FALSE,FALSE,FALSE,8.67376513065725,8.67376513065725
1350,201,FALSE,TRUE,FALSE,FALSE,FALSE,8.74425260669281,8.74425260669281
1351,201,FALSE,TRUE,FALSE,FALSE,FALSE,8.74425260669281,8.74425260669281
1352,201,FALSE,TRUE,FALSE,FALSE,FALSE,8.67376513065725,8.67376513065725
1353,201,FALSE,TRUE,FALSE,FALSE,FALSE,8.5434184442636,8.5434184442636
1354,201,FALSE,TRUE,FALSE,FALSE,FALSE,8.61390592029916,8.61390592029916
1355,201,FALSE,TRUE,FALSE,FALSE,FALSE,8.67376513065725,8.67376513065725
1356,203,FALSE,TRUE,FALSE,FALSE,FALSE,8.67376513065725,8.67376513065725
1357,203,FALSE,TRUE,FALSE,FALSE,FALSE,8.5434184442636,8.5434184442636
1358,203,FALSE,TRUE,FALSE,FALSE,FALSE,8.5434184442636,8.5434184442636
1359,203,FALSE,TRUE,FALSE,FALSE,FALSE,8.74425260669281,8.74425260669281
1360,203,FALSE,TRUE,FALSE,FALSE,FALSE,8.67376513065725,8.67376513065725
1361,203,FALSE,TRUE,FALSE,FALSE,FALSE,8.5434184442636,8.5434184442636
1362,203,FALSE,TRUE,FALSE,FALSE,FALSE,8.67376513065725,8.67376513065725
1363,203,FALSE,TRUE,FALSE,FALSE,FALSE,8.67376513065725,8.67376513065725
1364,203,FALSE,TRUE,FALSE,FALSE,FALSE,8.5434184442636,8.5434184442636
1365,203,FALSE,TRUE,FALSE,FALSE,FALSE,8.74425260669281,8.74425260669281
1366,203,FALSE,TRUE,FALSE,FALSE,FALSE,8.61390592029916,8.61390592029916
1367,203,FALSE,TRUE,FALSE,FALSE,FALSE,8.86387953141006,8.86387953141006
1368,203,FALSE,TRUE,FALSE,FALSE,FALSE,8.67376513065725,8.67376513065725
1369,203,FALSE,TRUE,FALSE,FALSE,FALSE,8.61247655342625,8.61247655342625
1370,203,FALSE,TRUE,FALSE,FALSE,FALSE,8.74425260669281,8.74425260669281
1371,204,FALSE,TRUE,FALSE,FALSE,FALSE,9.17468895613178,9.17468895613178
1372,204,FALSE,TRUE,FALSE,FALSE,FALSE,8.74425260669281,8.74425260669281
1373,204,FALSE,TRUE,FALSE,FALSE,FALSE,8.5434184442636,8.5434184442636
1374,204,FALSE,TRUE,FALSE,FALSE,FALSE,8.67376513065725,8.67376513065725
1375,204,FALSE,TRUE,FALSE,FALSE,FALSE,8.67376513065725,8.67376513065725
1376,204,FALSE,TRUE,FALSE,FALSE,FALSE,8.67376513065725,8.67376513065725
1377,204,FALSE,TRUE,FALSE,FALSE,FALSE,8.67376513065725,8.67376513065725
1378,204,FALSE,TRUE,FALSE,FALSE,FALSE,8.5434184442636,8.5434184442636
1379,204,FALSE,TRUE,FALSE,FALSE,FALSE,8.74425260669281,8.74425260669281
1380,204,FALSE,TRUE,FALSE,FALSE,FALSE,8.74425260669281,8.74425260669281
1381,204,FALSE,TRUE,FALSE,FALSE,FALSE,8.67376513065725,8.67376513065725
1382,204,FALSE,TRUE,FALSE,FALSE,FALSE,8.74425260669281,8.74425260669281
1383,204,FALSE,TRUE,FALSE,FALSE,FALSE,8.67376513065725,8.67376513065725
1384,204,FALSE,TRUE,FALSE,FALSE,FALSE,8.67376513065725,8.67376513065725
1385,204,FALSE,TRUE,FALSE,FALSE,FALSE,8.61247655342625,8.61247655342625
1386,205,FALSE,TRUE,FALSE,FALSE,FALSE,8.67376513065725,8.67376513065725
1387,205,FALSE,TRUE,FALSE,FALSE,FALSE,8.67376513065725,8.67376513065725
1388,205,FALSE,TRUE,FALSE,FALSE,FALSE,8.5434184442636,8.5434184442636
1389,205,FALSE,TRUE,FALSE,FALSE,FALSE,8.5434184442636,8.5434184442636
1390,205,FALSE,TRUE,FALSE,FALSE,FALSE,8.67376513065725,8.67376513065725
1391,205,FALSE,TRUE,FALSE,FALSE,FALSE,8.61390592029916,8.61390592029916
1392,205,FALSE,TRUE,FALSE,FALSE,FALSE,8.74425260669281,8.74425260669281
1393,205,FALSE,TRUE,FALSE,FALSE,FALSE,8.52564938728719,8.52564938728719
1394,205,FALSE,TRUE,FALSE,FALSE,FALSE,8.09973772750253,8.09973772750253
1395,205,FALSE,TRUE,FALSE,FALSE,FALSE,8.67376513065725,8.67376513065725
1396,205,FALSE,TRUE,FALSE,FALSE,FALSE,8.5434184442636,8.5434184442636
1397,205,FALSE,TRUE,FALSE,FALSE,FALSE,8.52564938728719,8.52564938728719
1398,205,FALSE,TRUE,FALSE,FALSE,FALSE,8.52564938728719,8.52564938728719
1399,205,FALSE,TRUE,FALSE,FALSE,FALSE,8.74425260669281,8.74425260669281
1400,205,FALSE,TRUE,FALSE,FALSE,FALSE,8.52564938728719,8.52564938728719
1401,210,FALSE,TRUE,FALSE,FALSE,FALSE,8.09973772750253,8.09973772750253
1402,210,FALSE,TRUE,FALSE,FALSE,FALSE,8.09973772750253,8.09973772750253
1403,210,FALSE,TRUE,FALSE,FALSE,FALSE,8.09973772750253,8.09973772750253
1404,210,FALSE,TRUE,FALSE,FALSE,FALSE,8.86387953141006,8.86387953141006
1405,210,FALSE,TRUE,FALSE,FALSE,FALSE,8.67376513065725,8.67376513065725
1406,210,FALSE,TRUE,FALSE,FALSE,FALSE,8.09973772750253,8.09973772750253
1407,210,FALSE,TRUE,FALSE,FALSE,FALSE,8.52564938728719,8.52564938728719
1408,210,FALSE,TRUE,FALSE,FALSE,FALSE,8.67376513065725,8.67376513065725
1409,215,FALSE,TRUE,FALSE,FALSE,FALSE,8.97385479370257,8.97385479370257
1410,215,FALSE,TRUE,FALSE,FALSE,FALSE,8.67376513065725,8.67376513065725
1411,215,FALSE,TRUE,FALSE,FALSE,FALSE,8.67376513065725,8.67376513065725
1412,215,FALSE,TRUE,FALSE,FALSE,FALSE,8.74425260669281,8.74425260669281
1413,215,FALSE,TRUE,FALSE,FALSE,FALSE,9.17468895613178,9.17468895613178
1414,215,FALSE,TRUE,FALSE,FALSE,FALSE,8.61247655342625,8.61247655342625
1415,215,FALSE,TRUE,FALSE,FALSE,FALSE,8.67376513065725,8.67376513065725
1416,215,FALSE,TRUE,FALSE,FALSE,FALSE,9.10420148009622,9.10420148009622
1417,215,FALSE,TRUE,FALSE,FALSE,FALSE,8.97385479370257,8.97385479370257
1418,215,FALSE,TRUE,FALSE,FALSE,FALSE,8.97385479370257,8.97385479370257
1419,216,FALSE,TRUE,FALSE,FALSE,FALSE,8.74425260669281,8.74425260669281
1420,216,FALSE,TRUE,FALSE,FALSE,FALSE,8.5434184442636,8.5434184442636
1421,216,FALSE,TRUE,FALSE,FALSE,FALSE,8.5434184442636,8.5434184442636
1422,216,FALSE,TRUE,FALSE,FALSE,FALSE,8.74425260669281,8.74425260669281
1423,216,FALSE,TRUE,FALSE,FALSE,FALSE,8.74425260669281,8.74425260669281
1424,216,FALSE,TRUE,FALSE,FALSE,FALSE,8.67376513065725,8.67376513065725
1425,216,FALSE,TRUE,FALSE,FALSE,FALSE,8.61390592029916,8.61390592029916
1426,216,FALSE,TRUE,FALSE,FALSE,FALSE,9.04291290286522,9.04291290286522
1427,216,FALSE,TRUE,FALSE,FALSE,FALSE,8.67376513065725,8.67376513065725
1428,216,FALSE,TRUE,FALSE,FALSE,FALSE,8.67376513065725,8.67376513065725
1429,216,FALSE,TRUE,FALSE,FALSE,FALSE,8.52564938728719,8.52564938728719
1430,216,FALSE,TRUE,FALSE,FALSE,FALSE,8.67376513065725,8.67376513065725
1431,216,FALSE,TRUE,FALSE,FALSE,FALSE,8.5434184442636,8.5434184442636
1432,216,FALSE,TRUE,FALSE,FALSE,FALSE,8.5434184442636,8.5434184442636
1433,218,FALSE,TRUE,FALSE,FALSE,FALSE,8.5434184442636,8.5434184442636
1434,218,FALSE,TRUE,FALSE,FALSE,FALSE,8.5434184442636,8.5434184442636
1435,218,FALSE,TRUE,FALSE,FALSE,FALSE,8.67376513065725,8.67376513065725
1436,218,FALSE,TRUE,FALSE,FALSE,FALSE,8.67376513065725,8.67376513065725
1437,218,FALSE,TRUE,FALSE,FALSE,FALSE,8.74425260669281,8.74425260669281
1438,218,FALSE,TRUE,FALSE,FALSE,FALSE,8.74425260669281,8.74425260669281
1439,218,FALSE,TRUE,FALSE,FALSE,FALSE,8.67376513065725,8.67376513065725
1440,218,FALSE,TRUE,FALSE,FALSE,FALSE,8.52564938728719,8.52564938728719
1441,218,FALSE,TRUE,FALSE,FALSE,FALSE,9.11442204213085,9.11442204213085
1442,218,FALSE,TRUE,FALSE,FALSE,FALSE,8.74425260669281,8.74425260669281
1443,218,FALSE,TRUE,FALSE,FALSE,FALSE,8.61390592029916,8.61390592029916
1444,218,FALSE,TRUE,FALSE,FALSE,FALSE,8.5434184442636,8.5434184442636
1445,218,FALSE,TRUE,FALSE,FALSE,FALSE,8.09973772750253,8.09973772750253
1446,218,FALSE,TRUE,FALSE,FALSE,FALSE,8.74425260669281,8.74425260669281
1447,218,FALSE,TRUE,FALSE,FALSE,FALSE,8.5434184442636,8.5434184442636
1448,226,FALSE,TRUE,FALSE,FALSE,FALSE,8.74425260669281,8.74425260669281
1449,226,FALSE,TRUE,FALSE,FALSE,FALSE,8.67376513065725,8.67376513065725
1450,226,TRUE,TRUE,FALSE,FALSE,FALSE,9.50816540768905,9.50816540768905
1451,226,FALSE,TRUE,FALSE,FALSE,FALSE,8.95608573672616,8.95608573672616
1452,226,FALSE,TRUE,FALSE,FALSE,FALSE,8.74425260669281,8.74425260669281
1453,226,FALSE,TRUE,FALSE,FALSE,FALSE,8.74425260669281,8.74425260669281
1454,226,FALSE,TRUE,FALSE,FALSE,FALSE,8.5434184442636,8.5434184442636
1455,226,FALSE,TRUE,FALSE,FALSE,FALSE,8.67376513065725,8.67376513065725
1456,226,FALSE,TRUE,FALSE,FALSE,FALSE,8.74425260669281,8.74425260669281
1457,226,FALSE,TRUE,FALSE,FALSE,FALSE,8.09973772750253,8.09973772750253
1458,226,FALSE,TRUE,FALSE,FALSE,FALSE,8.09973772750253,8.09973772750253
1459,226,FALSE,TRUE,FALSE,FALSE,FALSE,8.67376513065725,8.67376513065725
1460,226,FALSE,TRUE,FALSE,FALSE,FALSE,8.39530270089355,8.39530270089355
1461,226,FALSE,TRUE,FALSE,FALSE,FALSE,8.74425260669281,8.74425260669281
1462,226,FALSE,TRUE,FALSE,FALSE,FALSE,8.5434184442636,8.5434184442636
1463,227,FALSE,TRUE,FALSE,FALSE,FALSE,8.09973772750253,8.09973772750253
1464,227,FALSE,TRUE,FALSE,FALSE,FALSE,8.67376513065725,8.67376513065725
1465,227,FALSE,TRUE,FALSE,FALSE,FALSE,8.74425260669281,8.74425260669281
1466,227,FALSE,TRUE,FALSE,FALSE,FALSE,8.67376513065725,8.67376513065725
1467,227,FALSE,TRUE,FALSE,FALSE,FALSE,8.67376513065725,8.67376513065725
1468,227,FALSE,TRUE,FALSE,FALSE,FALSE,8.67376513065725,8.67376513065725
1469,227,FALSE,TRUE,FALSE,FALSE,FALSE,8.67376513065725,8.67376513065725
1470,227,FALSE,TRUE,FALSE,FALSE,FALSE,8.74425260669281,8.74425260669281
1471,227,FALSE,TRUE,FALSE,FALSE,FALSE,8.09973772750253,8.09973772750253
1472,227,FALSE,TRUE,FALSE,FALSE,FALSE,8.67376513065725,8.67376513065725
1473,227,FALSE,TRUE,FALSE,FALSE,FALSE,8.61390592029916,8.61390592029916
1474,227,FALSE,TRUE,FALSE,FALSE,FALSE,8.5434184442636,8.5434184442636
1475,227,FALSE,TRUE,FALSE,FALSE,FALSE,8.67376513065725,8.67376513065725
1476,227,FALSE,TRUE,FALSE,FALSE,FALSE,8.5434184442636,8.5434184442636
1477,227,FALSE,TRUE,FALSE,FALSE,FALSE,8.67376513065725,8.67376513065725
1478,228,FALSE,TRUE,FALSE,FALSE,FALSE,9.84864088308368,9.84864088308368
1479,228,FALSE,FALSE,FALSE,TRUE,FALSE,9.84118083127655,9.84118083127655
1480,228,FALSE,TRUE,FALSE,FALSE,FALSE,8.74425260669281,8.74425260669281
1481,228,FALSE,TRUE,FALSE,FALSE,FALSE,9.08417598004193,9.08417598004193
1482,228,FALSE,TRUE,FALSE,FALSE,FALSE,9.84864088308368,9.84864088308368
1483,232,FALSE,TRUE,FALSE,FALSE,FALSE,8.67376513065725,8.67376513065725
1484,232,FALSE,TRUE,FALSE,FALSE,FALSE,8.67376513065725,8.67376513065725
1485,232,FALSE,TRUE,FALSE,FALSE,FALSE,8.67376513065725,8.67376513065725
1486,232,FALSE,TRUE,FALSE,FALSE,FALSE,8.67376513065725,8.67376513065725
1487,232,FALSE,TRUE,FALSE,FALSE,FALSE,8.09973772750253,8.09973772750253
1488,232,FALSE,TRUE,FALSE,FALSE,FALSE,8.67376513065725,8.67376513065725
1489,232,FALSE,TRUE,FALSE,FALSE,FALSE,8.8952375478803,8.8952375478803
1490,232,FALSE,TRUE,FALSE,FALSE,FALSE,8.67376513065725,8.67376513065725
1491,232,FALSE,TRUE,FALSE,FALSE,FALSE,8.5434184442636,8.5434184442636
1492,232,FALSE,TRUE,FALSE,FALSE,FALSE,8.09973772750253,8.09973772750253
1493,232,FALSE,TRUE,FALSE,FALSE,FALSE,8.39530270089355,8.39530270089355
1494,232,FALSE,TRUE,FALSE,FALSE,FALSE,8.67376513065725,8.67376513065725
1495,232,FALSE,TRUE,FALSE,FALSE,FALSE,8.67376513065725,8.67376513065725
1496,237,FALSE,TRUE,FALSE,FALSE,FALSE,8.39530270089355,8.39530270089355
1497,237,FALSE,TRUE,FALSE,FALSE,FALSE,8.09973772750253,8.09973772750253
1498,237,FALSE,TRUE,FALSE,FALSE,FALSE,8.09973772750253,8.09973772750253
1499,237,FALSE,TRUE,FALSE,FALSE,FALSE,8.84084580531938,8.84084580531938
1500,237,FALSE,TRUE,FALSE,FALSE,FALSE,8.5434184442636,8.5434184442636
1501,237,FALSE,TRUE,FALSE,FALSE,FALSE,8.09973772750253,8.09973772750253
1502,237,FALSE,TRUE,FALSE,FALSE,FALSE,8.5434184442636,8.5434184442636
1503,237,FALSE,TRUE,FALSE,FALSE,FALSE,8.67376513065725,8.67376513065725
1504,237,FALSE,TRUE,FALSE,FALSE,FALSE,8.52564938728719,8.52564938728719
1505,237,FALSE,TRUE,FALSE,FALSE,FALSE,9.17468895613178,9.17468895613178
1506,237,FALSE,TRUE,FALSE,FALSE,FALSE,8.67376513065725,8.67376513065725
1507,237,FALSE,TRUE,FALSE,FALSE,FALSE,8.74425260669281,8.74425260669281
1508,237,FALSE,TRUE,FALSE,FALSE,FALSE,8.67376513065725,8.67376513065725
1509,237,FALSE,TRUE,FALSE,FALSE,FALSE,8.74425260669281,8.74425260669281
1510,237,FALSE,TRUE,FALSE,FALSE,FALSE,9.17468895613178,9.17468895613178
1511,239,FALSE,TRUE,FALSE,FALSE,FALSE,8.09973772750253,8.09973772750253
1512,239,FALSE,TRUE,FALSE,FALSE,FALSE,8.09973772750253,8.09973772750253
1513,239,FALSE,TRUE,FALSE,FALSE,FALSE,7.95042021684785,7.95042021684785
1514,239,FALSE,TRUE,FALSE,FALSE,FALSE,8.67376513065725,8.67376513065725
1515,239,FALSE,TRUE,FALSE,FALSE,FALSE,8.09973772750253,8.09973772750253
1516,239,FALSE,TRUE,FALSE,FALSE,FALSE,8.5434184442636,8.5434184442636
1517,239,FALSE,TRUE,FALSE,FALSE,FALSE,8.5434184442636,8.5434184442636
1518,239,FALSE,TRUE,FALSE,FALSE,FALSE,8.74425260669281,8.74425260669281
1519,239,FALSE,TRUE,FALSE,FALSE,FALSE,7.95042021684785,7.95042021684785
1520,239,FALSE,TRUE,FALSE,FALSE,FALSE,8.5434184442636,8.5434184442636
1521,239,FALSE,TRUE,FALSE,FALSE,FALSE,8.74425260669281,8.74425260669281
1522,239,FALSE,TRUE,FALSE,FALSE,FALSE,8.67376513065725,8.67376513065725
1523,239,FALSE,TRUE,FALSE,FALSE,FALSE,8.5434184442636,8.5434184442636
1524,252,TRUE,TRUE,FALSE,FALSE,FALSE,8.97385479370257,8.97385479370257
1525,252,FALSE,TRUE,FALSE,FALSE,FALSE,8.67376513065725,8.67376513065725
1526,252,FALSE,TRUE,FALSE,FALSE,FALSE,9.04434226973814,9.04434226973814
1527,252,FALSE,TRUE,FALSE,FALSE,FALSE,8.09973772750253,8.09973772750253
1528,252,FALSE,TRUE,FALSE,FALSE,FALSE,8.5434184442636,8.5434184442636
1529,252,FALSE,TRUE,FALSE,FALSE,FALSE,8.5434184442636,8.5434184442636
1530,252,TRUE,TRUE,FALSE,FALSE,FALSE,8.74425260669281,8.74425260669281
1531,252,FALSE,TRUE,FALSE,FALSE,FALSE,8.5434184442636,8.5434184442636
1532,252,FALSE,TRUE,FALSE,FALSE,FALSE,8.61390592029916,8.61390592029916
1533,252,FALSE,TRUE,FALSE,FALSE,FALSE,8.74425260669281,8.74425260669281
1534,252,FALSE,TRUE,FALSE,FALSE,FALSE,8.74425260669281,8.74425260669281
1535,252,FALSE,TRUE,FALSE,FALSE,FALSE,8.52564938728719,8.52564938728719
1536,252,FALSE,TRUE,FALSE,FALSE,FALSE,8.97385479370257,8.97385479370257
1537,252,FALSE,TRUE,FALSE,FALSE,FALSE,8.74425260669281,8.74425260669281
1538,252,FALSE,TRUE,FALSE,FALSE,FALSE,8.52564938728719,8.52564938728719
1539,253,FALSE,TRUE,FALSE,FALSE,FALSE,8.74425260669281,8.74425260669281
1540,253,FALSE,TRUE,FALSE,FALSE,FALSE,8.52564938728719,8.52564938728719
1541,253,FALSE,TRUE,FALSE,FALSE,FALSE,8.52564938728719,8.52564938728719
1542,253,FALSE,TRUE,FALSE,FALSE,FALSE,8.09973772750253,8.09973772750253
1543,253,FALSE,FALSE,FALSE,TRUE,FALSE,9.01368850400637,9.01368850400637
1544,253,FALSE,TRUE,FALSE,FALSE,FALSE,8.67376513065725,8.67376513065725
1545,253,FALSE,TRUE,FALSE,FALSE,FALSE,8.67376513065725,8.67376513065725
1546,253,FALSE,TRUE,FALSE,FALSE,FALSE,8.52564938728719,8.52564938728719
1547,253,FALSE,TRUE,FALSE,FALSE,FALSE,8.74425260669281,8.74425260669281
1548,253,FALSE,TRUE,FALSE,FALSE,FALSE,8.5434184442636,8.5434184442636
1549,255,FALSE,TRUE,FALSE,FALSE,FALSE,8.61390592029916,8.61390592029916
1550,255,FALSE,TRUE,FALSE,FALSE,FALSE,9.37781872129541,9.37781872129541
1551,255,FALSE,TRUE,FALSE,FALSE,FALSE,8.74425260669281,8.74425260669281
1552,255,FALSE,TRUE,FALSE,FALSE,FALSE,8.61390592029916,8.61390592029916
1553,255,FALSE,TRUE,FALSE,FALSE,FALSE,8.74425260669281,8.74425260669281
1554,255,FALSE,TRUE,FALSE,FALSE,FALSE,8.74425260669281,8.74425260669281
1555,255,FALSE,TRUE,FALSE,FALSE,FALSE,9.11384076728591,9.11384076728591
1556,255,FALSE,TRUE,FALSE,FALSE,FALSE,8.61390592029916,8.61390592029916
1557,255,FALSE,TRUE,FALSE,FALSE,FALSE,8.67376513065725,8.67376513065725
1558,255,FALSE,TRUE,FALSE,FALSE,FALSE,9.62948556163256,9.62948556163256
1559,255,FALSE,TRUE,FALSE,FALSE,FALSE,8.61390592029916,8.61390592029916
1560,255,FALSE,TRUE,FALSE,FALSE,FALSE,9.17468895613178,9.17468895613178
1561,256,FALSE,TRUE,FALSE,FALSE,FALSE,8.67376513065725,8.67376513065725
1562,256,FALSE,TRUE,FALSE,FALSE,FALSE,8.38085656628682,8.38085656628682
1563,256,FALSE,TRUE,FALSE,FALSE,FALSE,8.67376513065725,8.67376513065725
1564,256,FALSE,TRUE,FALSE,FALSE,FALSE,8.09973772750253,8.09973772750253
1565,256,FALSE,TRUE,FALSE,FALSE,FALSE,8.67376513065725,8.67376513065725
1566,256,FALSE,TRUE,FALSE,FALSE,FALSE,8.67376513065725,8.67376513065725
1567,256,FALSE,TRUE,FALSE,FALSE,FALSE,8.09973772750253,8.09973772750253
1568,256,FALSE,TRUE,FALSE,FALSE,FALSE,8.5434184442636,8.5434184442636
1569,256,FALSE,TRUE,FALSE,FALSE,FALSE,8.61247655342625,8.61247655342625
1570,256,FALSE,TRUE,FALSE,FALSE,FALSE,8.09973772750253,8.09973772750253
1571,256,FALSE,TRUE,FALSE,FALSE,FALSE,8.09973772750253,8.09973772750253
1572,256,FALSE,TRUE,FALSE,FALSE,FALSE,8.67376513065725,8.67376513065725
1573,256,FALSE,TRUE,FALSE,FALSE,FALSE,8.67376513065725,8.67376513065725
1574,256,FALSE,TRUE,FALSE,FALSE,FALSE,8.09973772750253,8.09973772750253
1575,256,FALSE,TRUE,FALSE,FALSE,FALSE,8.09973772750253,8.09973772750253
1576,257,FALSE,TRUE,FALSE,FALSE,FALSE,8.09973772750253,8.09973772750253
1577,257,FALSE,TRUE,FALSE,FALSE,FALSE,8.67376513065725,8.67376513065725
1578,257,FALSE,TRUE,FALSE,FALSE,FALSE,8.67376513065725,8.67376513065725
1579,257,FALSE,TRUE,FALSE,FALSE,FALSE,8.09973772750253,8.09973772750253
1580,257,FALSE,FALSE,TRUE,FALSE,TRUE,7.8307932921306,9.08417598004193
1581,257,FALSE,TRUE,FALSE,FALSE,FALSE,8.61247655342625,8.61247655342625
1582,257,FALSE,TRUE,FALSE,FALSE,FALSE,8.67376513065725,8.67376513065725
1583,257,FALSE,TRUE,FALSE,FALSE,FALSE,8.67376513065725,8.67376513065725
1584,257,FALSE,TRUE,FALSE,FALSE,FALSE,8.67376513065725,8.67376513065725
1585,257,FALSE,TRUE,FALSE,FALSE,FALSE,8.09973772750253,8.09973772750253
1586,257,FALSE,TRUE,FALSE,FALSE,FALSE,8.74425260669281,8.74425260669281
1587,257,FALSE,TRUE,FALSE,FALSE,FALSE,8.5434184442636,8.5434184442636
1588,257,FALSE,TRUE,FALSE,FALSE,FALSE,8.67376513065725,8.67376513065725
1589,257,FALSE,TRUE,FALSE,FALSE,FALSE,8.61247655342625,8.61247655342625
1590,257,FALSE,TRUE,FALSE,FALSE,FALSE,8.09973772750253,8.09973772750253
1591,269,FALSE,TRUE,FALSE,FALSE,FALSE,8.09973772750253,8.09973772750253
1592,269,FALSE,TRUE,FALSE,FALSE,FALSE,8.74425260669281,8.74425260669281
1593,269,FALSE,TRUE,FALSE,FALSE,FALSE,8.67376513065725,8.67376513065725
1594,269,FALSE,TRUE,FALSE,FALSE,FALSE,8.52564938728719,8.52564938728719
1595,269,FALSE,TRUE,FALSE,FALSE,FALSE,8.67376513065725,8.67376513065725
1596,269,FALSE,TRUE,FALSE,FALSE,FALSE,8.09973772750253,8.09973772750253
1597,269,FALSE,TRUE,FALSE,FALSE,FALSE,8.52564938728719,8.52564938728719
1598,269,FALSE,TRUE,FALSE,FALSE,FALSE,8.61247655342625,8.61247655342625
1599,269,FALSE,TRUE,FALSE,FALSE,FALSE,8.67376513065725,8.67376513065725
1600,269,FALSE,TRUE,FALSE,FALSE,FALSE,8.09973772750253,8.09973772750253
1601,269,FALSE,TRUE,FALSE,FALSE,FALSE,8.67376513065725,8.67376513065725
1602,269,FALSE,TRUE,FALSE,FALSE,FALSE,8.09973772750253,8.09973772750253
1603,269,FALSE,TRUE,FALSE,FALSE,FALSE,8.5434184442636,8.5434184442636
1604,280,FALSE,TRUE,FALSE,FALSE,FALSE,8.67376513065725,8.67376513065725
1605,280,FALSE,TRUE,FALSE,FALSE,FALSE,8.61390592029916,8.61390592029916
1606,280,FALSE,TRUE,FALSE,FALSE,FALSE,8.74425260669281,8.74425260669281
1607,280,FALSE,TRUE,FALSE,FALSE,FALSE,8.67376513065725,8.67376513065725
1608,280,FALSE,TRUE,FALSE,FALSE,FALSE,8.52564938728719,8.52564938728719
1609,280,FALSE,TRUE,FALSE,FALSE,FALSE,8.09973772750253,8.09973772750253
1610,280,FALSE,TRUE,FALSE,FALSE,FALSE,8.67376513065725,8.67376513065725
1611,280,FALSE,TRUE,FALSE,FALSE,FALSE,8.09973772750253,8.09973772750253
1612,280,FALSE,TRUE,FALSE,FALSE,FALSE,8.67376513065725,8.67376513065725
1613,280,FALSE,TRUE,FALSE,FALSE,FALSE,8.67376513065725,8.67376513065725
1614,280,FALSE,TRUE,FALSE,FALSE,FALSE,8.74425260669281,8.74425260669281
1615,280,FALSE,TRUE,FALSE,FALSE,FALSE,8.74425260669281,8.74425260669281
1616,280,FALSE,TRUE,FALSE,FALSE,FALSE,8.74425260669281,8.74425260669281
1617,280,FALSE,TRUE,FALSE,FALSE,FALSE,8.52564938728719,8.52564938728719
1618,280,FALSE,TRUE,FALSE,FALSE,FALSE,8.09973772750253,8.09973772750253
1619,281,TRUE,TRUE,FALSE,FALSE,FALSE,8.97385479370257,8.97385479370257
1620,281,FALSE,TRUE,FALSE,FALSE,FALSE,8.67376513065725,8.67376513065725
1621,281,FALSE,TRUE,FALSE,FALSE,FALSE,8.67376513065725,8.67376513065725
1622,281,FALSE,TRUE,FALSE,FALSE,FALSE,8.52564938728719,8.52564938728719
1623,281,FALSE,TRUE,FALSE,FALSE,FALSE,8.5434184442636,8.5434184442636
1624,281,FALSE,TRUE,FALSE,FALSE,FALSE,8.67376513065725,8.67376513065725
1625,281,FALSE,TRUE,FALSE,FALSE,FALSE,8.67376513065725,8.67376513065725
1626,281,FALSE,TRUE,FALSE,FALSE,FALSE,8.5434184442636,8.5434184442636
1627,281,FALSE,TRUE,FALSE,FALSE,FALSE,8.74425260669281,8.74425260669281
1628,281,FALSE,TRUE,FALSE,FALSE,FALSE,8.67376513065725,8.67376513065725
1629,281,FALSE,TRUE,FALSE,FALSE,FALSE,8.67376513065725,8.67376513065725
1630,281,FALSE,TRUE,FALSE,FALSE,FALSE,8.67376513065725,8.67376513065725
1631,281,FALSE,TRUE,FALSE,FALSE,FALSE,8.67376513065725,8.67376513065725
1632,281,FALSE,TRUE,FALSE,FALSE,FALSE,8.74425260669281,8.74425260669281
1633,281,FALSE,TRUE,FALSE,FALSE,FALSE,8.52564938728719,8.52564938728719
1634,283,FALSE,TRUE,FALSE,FALSE,FALSE,8.5434184442636,8.5434184442636
1635,283,FALSE,TRUE,FALSE,FALSE,FALSE,8.67376513065725,8.67376513065725
1636,283,FALSE,TRUE,FALSE,FALSE,FALSE,8.5434184442636,8.5434184442636
1637,283,FALSE,TRUE,FALSE,FALSE,FALSE,7.95042021684785,7.95042021684785
1638,283,FALSE,TRUE,FALSE,FALSE,FALSE,8.67376513065725,8.67376513065725
1639,283,FALSE,TRUE,FALSE,FALSE,FALSE,8.74425260669281,8.74425260669281
1640,283,FALSE,TRUE,FALSE,FALSE,FALSE,8.33206836606148,8.33206836606148
1641,283,FALSE,TRUE,FALSE,FALSE,FALSE,8.67376513065725,8.67376513065725
1642,283,FALSE,TRUE,FALSE,FALSE,FALSE,8.67376513065725,8.67376513065725
1643,283,FALSE,TRUE,FALSE,FALSE,FALSE,8.86387953141006,8.86387953141006
1644,283,TRUE,TRUE,FALSE,FALSE,FALSE,9.04434226973814,9.04434226973814
1645,283,FALSE,TRUE,FALSE,FALSE,FALSE,8.97385479370257,8.97385479370257
1646,283,FALSE,TRUE,FALSE,FALSE,FALSE,8.74425260669281,8.74425260669281
1647,283,FALSE,TRUE,FALSE,FALSE,FALSE,9.17468895613178,9.17468895613178
1648,283,FALSE,TRUE,FALSE,FALSE,FALSE,8.74425260669281,8.74425260669281
1649,284,FALSE,TRUE,FALSE,FALSE,FALSE,8.67376513065725,8.67376513065725
1650,284,FALSE,TRUE,FALSE,FALSE,FALSE,8.67376513065725,8.67376513065725
1651,284,FALSE,TRUE,FALSE,FALSE,FALSE,8.74425260669281,8.74425260669281
1652,284,FALSE,TRUE,FALSE,FALSE,FALSE,8.5434184442636,8.5434184442636
1653,284,FALSE,TRUE,FALSE,FALSE,FALSE,8.67376513065725,8.67376513065725
1654,284,FALSE,TRUE,FALSE,FALSE,FALSE,8.52564938728719,8.52564938728719
1655,284,FALSE,TRUE,FALSE,FALSE,FALSE,8.67376513065725,8.67376513065725
1656,284,FALSE,TRUE,FALSE,FALSE,FALSE,8.67376513065725,8.67376513065725
1657,284,FALSE,TRUE,FALSE,FALSE,FALSE,8.5434184442636,8.5434184442636
1658,284,FALSE,TRUE,FALSE,FALSE,FALSE,8.61390592029916,8.61390592029916
1659,284,FALSE,TRUE,FALSE,FALSE,FALSE,8.67376513065725,8.67376513065725
1660,284,FALSE,TRUE,FALSE,FALSE,FALSE,9.10420148009622,9.10420148009622
1661,284,FALSE,TRUE,FALSE,FALSE,FALSE,9.10420148009622,9.10420148009622
1662,284,FALSE,TRUE,FALSE,FALSE,FALSE,8.74425260669281,8.74425260669281
1663,284,FALSE,TRUE,FALSE,FALSE,FALSE,8.52564938728719,8.52564938728719
1664,290,FALSE,TRUE,FALSE,FALSE,FALSE,9.63423925419815,9.63423925419815
1665,290,FALSE,TRUE,FALSE,FALSE,FALSE,9.10420148009622,9.10420148009622
1666,290,FALSE,TRUE,FALSE,FALSE,FALSE,8.84084580531938,8.84084580531938
1667,290,FALSE,TRUE,FALSE,FALSE,FALSE,8.67376513065725,8.67376513065725
1668,290,FALSE,TRUE,FALSE,FALSE,FALSE,8.61390592029916,8.61390592029916
1669,290,FALSE,TRUE,FALSE,FALSE,FALSE,9.10420148009622,9.10420148009622
1670,290,FALSE,TRUE,FALSE,FALSE,FALSE,9.10420148009622,9.10420148009622
1671,290,FALSE,TRUE,FALSE,FALSE,FALSE,8.67376513065725,8.67376513065725
1672,290,FALSE,TRUE,FALSE,FALSE,FALSE,8.67376513065725,8.67376513065725
1673,290,FALSE,TRUE,FALSE,FALSE,FALSE,9.13907305765875,9.13907305765875
1674,290,FALSE,TRUE,FALSE,FALSE,FALSE,8.5434184442636,8.5434184442636
1675,290,FALSE,TRUE,FALSE,FALSE,FALSE,8.5434184442636,8.5434184442636
1676,290,FALSE,TRUE,FALSE,FALSE,FALSE,8.39530270089355,8.39530270089355
1677,290,FALSE,TRUE,FALSE,FALSE,FALSE,9.50871750973455,9.50871750973455
1678,290,FALSE,TRUE,FALSE,FALSE,FALSE,8.52564938728719,8.52564938728719
1679,293,FALSE,TRUE,FALSE,FALSE,FALSE,8.67376513065725,8.67376513065725
1680,293,FALSE,TRUE,FALSE,FALSE,FALSE,8.61390592029916,8.61390592029916
1681,293,FALSE,TRUE,FALSE,FALSE,FALSE,7.95042021684785,7.95042021684785
1682,293,FALSE,TRUE,FALSE,FALSE,FALSE,7.95042021684785,7.95042021684785
1683,293,FALSE,TRUE,FALSE,FALSE,FALSE,8.5434184442636,8.5434184442636
1684,293,FALSE,TRUE,FALSE,FALSE,FALSE,8.5434184442636,8.5434184442636
1685,293,FALSE,TRUE,FALSE,FALSE,FALSE,8.67376513065725,8.67376513065725
1686,293,FALSE,TRUE,FALSE,FALSE,FALSE,8.61247655342625,8.61247655342625
1687,293,FALSE,TRUE,FALSE,FALSE,FALSE,8.5434184442636,8.5434184442636
1688,293,FALSE,TRUE,FALSE,FALSE,FALSE,8.67376513065725,8.67376513065725
1689,293,FALSE,TRUE,FALSE,FALSE,FALSE,8.09973772750253,8.09973772750253
1690,293,FALSE,TRUE,FALSE,FALSE,FALSE,8.61390592029916,8.61390592029916
1691,293,FALSE,TRUE,FALSE,FALSE,FALSE,8.61390592029916,8.61390592029916
1692,293,FALSE,TRUE,FALSE,FALSE,FALSE,8.61390592029916,8.61390592029916
1693,293,FALSE,TRUE,FALSE,FALSE,FALSE,8.74425260669281,8.74425260669281
1694,296,FALSE,TRUE,FALSE,FALSE,FALSE,8.67376513065725,8.67376513065725
1695,296,FALSE,TRUE,FALSE,FALSE,FALSE,8.7148851198896,8.7148851198896
1696,296,FALSE,TRUE,FALSE,FALSE,FALSE,8.67376513065725,8.67376513065725
1697,296,FALSE,TRUE,FALSE,FALSE,FALSE,8.97385479370257,8.97385479370257
1698,296,FALSE,TRUE,FALSE,FALSE,FALSE,8.67376513065725,8.67376513065725
1699,296,FALSE,TRUE,FALSE,FALSE,FALSE,8.5434184442636,8.5434184442636
1700,296,FALSE,TRUE,FALSE,FALSE,FALSE,8.74425260669281,8.74425260669281
1701,296,FALSE,TRUE,FALSE,FALSE,FALSE,8.67376513065725,8.67376513065725
1702,296,FALSE,TRUE,FALSE,FALSE,FALSE,8.09973772750253,8.09973772750253
1703,296,FALSE,TRUE,FALSE,FALSE,FALSE,7.95042021684785,7.95042021684785
1704,296,FALSE,TRUE,FALSE,FALSE,FALSE,8.67376513065725,8.67376513065725
1705,299,FALSE,TRUE,FALSE,FALSE,FALSE,8.09973772750253,8.09973772750253
1706,299,FALSE,TRUE,FALSE,FALSE,FALSE,8.67376513065725,8.67376513065725
1707,299,FALSE,TRUE,FALSE,FALSE,FALSE,8.09973772750253,8.09973772750253
1708,299,FALSE,TRUE,FALSE,FALSE,FALSE,8.09973772750253,8.09973772750253
1709,299,FALSE,TRUE,FALSE,FALSE,FALSE,8.61247655342625,8.61247655342625
1710,299,FALSE,TRUE,FALSE,FALSE,FALSE,8.67376513065725,8.67376513065725
1711,299,FALSE,FALSE,FALSE,FALSE,TRUE,7.95042021684785,9.20380290475918
1712,299,FALSE,TRUE,FALSE,FALSE,FALSE,7.95042021684785,7.95042021684785
1713,299,FALSE,TRUE,FALSE,FALSE,FALSE,8.09973772750253,8.09973772750253
1714,299,FALSE,TRUE,FALSE,FALSE,FALSE,7.95042021684785,7.95042021684785
1715,299,FALSE,TRUE,FALSE,FALSE,FALSE,8.09973772750253,8.09973772750253
1716,299,FALSE,TRUE,FALSE,FALSE,FALSE,8.09973772750253,8.09973772750253
1717,299,FALSE,TRUE,FALSE,FALSE,FALSE,8.09973772750253,8.09973772750253
1718,299,FALSE,TRUE,FALSE,FALSE,FALSE,7.95042021684785,7.95042021684785
1719,299,FALSE,TRUE,FALSE,FALSE,FALSE,8.09973772750253,8.09973772750253
1720,300,FALSE,TRUE,FALSE,FALSE,FALSE,8.74425260669281,8.74425260669281
1721,300,FALSE,TRUE,FALSE,FALSE,FALSE,9.04291290286522,9.04291290286522
1722,300,FALSE,TRUE,FALSE,FALSE,FALSE,8.67376513065725,8.67376513065725
1723,300,FALSE,TRUE,FALSE,FALSE,FALSE,8.5434184442636,8.5434184442636
1724,300,FALSE,TRUE,FALSE,FALSE,FALSE,9.04335329125035,9.04335329125035
1725,300,FALSE,TRUE,FALSE,FALSE,FALSE,8.74425260669281,8.74425260669281
1726,300,FALSE,TRUE,FALSE,FALSE,FALSE,8.52564938728719,8.52564938728719
1727,300,FALSE,TRUE,FALSE,FALSE,FALSE,8.09973772750253,8.09973772750253
1728,300,FALSE,TRUE,FALSE,FALSE,FALSE,8.09973772750253,8.09973772750253
1729,300,FALSE,TRUE,FALSE,FALSE,FALSE,8.5434184442636,8.5434184442636
1730,300,FALSE,TRUE,FALSE,FALSE,FALSE,9.04434226973814,9.04434226973814
1731,300,TRUE,TRUE,FALSE,FALSE,FALSE,8.67376513065725,8.67376513065725
1732,300,FALSE,TRUE,FALSE,FALSE,FALSE,9.08417598004193,9.08417598004193
1733,300,FALSE,TRUE,FALSE,FALSE,FALSE,8.67376513065725,8.67376513065725
1734,300,FALSE,TRUE,FALSE,FALSE,FALSE,9.17468895613178,9.17468895613178
1735,312,FALSE,TRUE,FALSE,FALSE,FALSE,8.74425260669281,8.74425260669281
1736,312,FALSE,TRUE,FALSE,FALSE,FALSE,8.97385479370257,8.97385479370257
1737,312,FALSE,TRUE,FALSE,FALSE,FALSE,8.61390592029916,8.61390592029916
1738,312,FALSE,TRUE,FALSE,FALSE,FALSE,8.52564938728719,8.52564938728719
1739,312,FALSE,TRUE,FALSE,FALSE,FALSE,8.67376513065725,8.67376513065725
1740,312,FALSE,TRUE,FALSE,FALSE,FALSE,8.74425260669281,8.74425260669281
1741,312,FALSE,TRUE,FALSE,FALSE,FALSE,8.67376513065725,8.67376513065725
1742,312,TRUE,TRUE,FALSE,FALSE,FALSE,8.69273006194932,8.69273006194932
1743,312,TRUE,TRUE,FALSE,FALSE,FALSE,8.91300660485671,8.91300660485671
1744,312,FALSE,TRUE,FALSE,FALSE,FALSE,9.04291290286522,9.04291290286522
1745,312,FALSE,TRUE,FALSE,FALSE,FALSE,8.97385479370257,8.97385479370257
1746,312,FALSE,TRUE,FALSE,FALSE,FALSE,8.5434184442636,8.5434184442636
1747,312,TRUE,TRUE,FALSE,FALSE,FALSE,9.04434226973814,9.04434226973814
1748,312,FALSE,TRUE,FALSE,FALSE,FALSE,9.10420148009622,9.10420148009622
1749,312,FALSE,TRUE,FALSE,FALSE,FALSE,8.67376513065725,8.67376513065725
1750,313,FALSE,TRUE,FALSE,FALSE,FALSE,8.67376513065725,8.67376513065725
1751,313,FALSE,TRUE,FALSE,FALSE,FALSE,8.09973772750253,8.09973772750253
1752,313,FALSE,TRUE,FALSE,FALSE,FALSE,7.95042021684785,7.95042021684785
1753,313,FALSE,TRUE,FALSE,FALSE,FALSE,8.09973772750253,8.09973772750253
1754,313,FALSE,TRUE,FALSE,FALSE,FALSE,8.09973772750253,8.09973772750253
1755,313,FALSE,TRUE,FALSE,FALSE,FALSE,8.09973772750253,8.09973772750253
1756,313,FALSE,TRUE,FALSE,FALSE,FALSE,8.09973772750253,8.09973772750253
1757,313,FALSE,TRUE,FALSE,FALSE,FALSE,8.09973772750253,8.09973772750253
1758,313,FALSE,TRUE,FALSE,FALSE,FALSE,8.09973772750253,8.09973772750253
1759,313,TRUE,TRUE,FALSE,FALSE,FALSE,8.95608573672616,8.95608573672616
1760,313,FALSE,TRUE,FALSE,FALSE,FALSE,8.09973772750253,8.09973772750253
1761,313,FALSE,TRUE,FALSE,FALSE,FALSE,7.95042021684785,7.95042021684785
1762,313,FALSE,TRUE,FALSE,FALSE,FALSE,8.09973772750253,8.09973772750253
1763,313,FALSE,TRUE,FALSE,FALSE,FALSE,8.09973772750253,8.09973772750253
1764,313,FALSE,TRUE,FALSE,FALSE,FALSE,8.67376513065725,8.67376513065725
1765,314,FALSE,TRUE,FALSE,FALSE,FALSE,8.09973772750253,8.09973772750253
1766,314,FALSE,TRUE,FALSE,FALSE,FALSE,8.09973772750253,8.09973772750253
1767,314,FALSE,FALSE,FALSE,FALSE,TRUE,7.95042021684785,9.20380290475918
1768,314,FALSE,TRUE,FALSE,FALSE,FALSE,8.09973772750253,8.09973772750253
1769,314,FALSE,TRUE,FALSE,FALSE,FALSE,8.52564938728719,8.52564938728719
1770,314,FALSE,TRUE,FALSE,FALSE,FALSE,8.09973772750253,8.09973772750253
1771,314,FALSE,TRUE,FALSE,FALSE,FALSE,8.09973772750253,8.09973772750253
1772,314,FALSE,TRUE,FALSE,FALSE,FALSE,8.09973772750253,8.09973772750253
1773,323,FALSE,TRUE,FALSE,FALSE,FALSE,8.5434184442636,8.5434184442636
1774,323,FALSE,TRUE,FALSE,FALSE,FALSE,8.09973772750253,8.09973772750253
1775,323,FALSE,TRUE,FALSE,FALSE,FALSE,8.52564938728719,8.52564938728719
1776,323,FALSE,TRUE,FALSE,FALSE,FALSE,8.67376513065725,8.67376513065725
1777,323,FALSE,TRUE,FALSE,FALSE,FALSE,8.61390592029916,8.61390592029916
1778,323,FALSE,FALSE,TRUE,TRUE,TRUE,7.76030581609504,9.01368850400637
1779,323,FALSE,TRUE,FALSE,FALSE,FALSE,8.67376513065725,8.67376513065725
1780,323,FALSE,TRUE,FALSE,FALSE,FALSE,8.74425260669281,8.74425260669281
1781,323,FALSE,TRUE,FALSE,FALSE,FALSE,8.74425260669281,8.74425260669281
1782,323,FALSE,TRUE,FALSE,FALSE,FALSE,8.74425260669281,8.74425260669281
1783,323,FALSE,TRUE,FALSE,FALSE,FALSE,8.61390592029916,8.61390592029916
1784,323,FALSE,TRUE,FALSE,FALSE,FALSE,8.74425260669281,8.74425260669281
1785,323,FALSE,TRUE,FALSE,FALSE,FALSE,7.95042021684785,7.95042021684785
1786,323,FALSE,TRUE,FALSE,FALSE,FALSE,8.74425260669281,8.74425260669281
1787,323,FALSE,TRUE,FALSE,FALSE,FALSE,8.61390592029916,8.61390592029916
1788,325,FALSE,TRUE,FALSE,FALSE,FALSE,8.67376513065725,8.67376513065725
1789,325,FALSE,TRUE,FALSE,FALSE,FALSE,8.52564938728719,8.52564938728719
1790,325,FALSE,TRUE,FALSE,FALSE,FALSE,8.5434184442636,8.5434184442636
1791,325,FALSE,TRUE,FALSE,FALSE,FALSE,8.67376513065725,8.67376513065725
1792,325,FALSE,TRUE,FALSE,FALSE,FALSE,8.5434184442636,8.5434184442636
1793,325,FALSE,TRUE,FALSE,FALSE,FALSE,8.67376513065725,8.67376513065725
1794,325,FALSE,TRUE,FALSE,FALSE,FALSE,8.74425260669281,8.74425260669281
1795,325,FALSE,TRUE,FALSE,FALSE,FALSE,8.67376513065725,8.67376513065725
1796,325,FALSE,TRUE,FALSE,FALSE,FALSE,8.5434184442636,8.5434184442636
1797,325,FALSE,TRUE,FALSE,FALSE,FALSE,8.67376513065725,8.67376513065725
1798,325,FALSE,TRUE,FALSE,FALSE,FALSE,8.67376513065725,8.67376513065725
1799,325,FALSE,TRUE,FALSE,FALSE,FALSE,8.67376513065725,8.67376513065725
1800,325,FALSE,TRUE,FALSE,FALSE,FALSE,8.09973772750253,8.09973772750253
1801,325,FALSE,TRUE,FALSE,FALSE,FALSE,8.52564938728719,8.52564938728719
1802,325,FALSE,TRUE,FALSE,FALSE,FALSE,8.67376513065725,8.67376513065725
1803,327,FALSE,TRUE,FALSE,FALSE,FALSE,8.5434184442636,8.5434184442636
1804,327,FALSE,TRUE,FALSE,FALSE,FALSE,8.67376513065725,8.67376513065725
1805,327,FALSE,TRUE,FALSE,FALSE,FALSE,8.74425260669281,8.74425260669281
1806,327,FALSE,TRUE,FALSE,FALSE,FALSE,8.52564938728719,8.52564938728719
1807,327,FALSE,TRUE,FALSE,FALSE,FALSE,8.52564938728719,8.52564938728719
1808,327,FALSE,TRUE,FALSE,FALSE,FALSE,8.5434184442636,8.5434184442636
1809,327,TRUE,TRUE,FALSE,FALSE,FALSE,8.92096221923174,8.92096221923174
1810,327,FALSE,TRUE,FALSE,FALSE,FALSE,8.74425260669281,8.74425260669281
1811,327,FALSE,TRUE,FALSE,FALSE,FALSE,8.67376513065725,8.67376513065725
1812,327,FALSE,TRUE,FALSE,FALSE,FALSE,8.09973772750253,8.09973772750253
1813,327,FALSE,TRUE,FALSE,FALSE,FALSE,8.67376513065725,8.67376513065725
1814,327,FALSE,TRUE,FALSE,FALSE,FALSE,8.61247655342625,8.61247655342625
1815,327,FALSE,TRUE,FALSE,FALSE,FALSE,8.52564938728719,8.52564938728719
1816,327,FALSE,TRUE,FALSE,FALSE,FALSE,9.10420148009622,9.10420148009622
1817,327,FALSE,TRUE,FALSE,FALSE,FALSE,8.09973772750253,8.09973772750253
1818,334,FALSE,TRUE,FALSE,FALSE,FALSE,8.09973772750253,8.09973772750253
1819,334,FALSE,TRUE,FALSE,FALSE,FALSE,8.09973772750253,8.09973772750253
1820,334,FALSE,TRUE,FALSE,FALSE,FALSE,8.09973772750253,8.09973772750253
1821,334,FALSE,TRUE,FALSE,FALSE,FALSE,8.09973772750253,8.09973772750253
1822,334,FALSE,TRUE,FALSE,FALSE,FALSE,8.09973772750253,8.09973772750253
1823,334,FALSE,TRUE,FALSE,FALSE,FALSE,8.09973772750253,8.09973772750253
1824,334,FALSE,TRUE,FALSE,FALSE,FALSE,8.67376513065725,8.67376513065725
1825,334,FALSE,TRUE,FALSE,FALSE,FALSE,8.61247655342625,8.61247655342625
1826,334,FALSE,TRUE,FALSE,FALSE,FALSE,8.09973772750253,8.09973772750253
1827,334,FALSE,TRUE,FALSE,FALSE,FALSE,8.52564938728719,8.52564938728719
1828,334,FALSE,TRUE,FALSE,FALSE,FALSE,8.09973772750253,8.09973772750253
1829,334,FALSE,TRUE,FALSE,FALSE,FALSE,8.09973772750253,8.09973772750253
1830,334,FALSE,TRUE,FALSE,FALSE,FALSE,8.52564938728719,8.52564938728719
1831,334,FALSE,TRUE,FALSE,FALSE,FALSE,8.67376513065725,8.67376513065725
1832,334,FALSE,TRUE,FALSE,FALSE,FALSE,8.67376513065725,8.67376513065725
1833,341,FALSE,TRUE,FALSE,FALSE,FALSE,8.52564938728719,8.52564938728719
1834,341,FALSE,TRUE,FALSE,FALSE,FALSE,7.95042021684785,7.95042021684785
1835,341,FALSE,TRUE,FALSE,FALSE,FALSE,8.67376513065725,8.67376513065725
1836,341,FALSE,TRUE,FALSE,FALSE,FALSE,8.09973772750253,8.09973772750253
1837,341,FALSE,TRUE,FALSE,FALSE,FALSE,8.5434184442636,8.5434184442636
1838,341,FALSE,TRUE,FALSE,FALSE,FALSE,8.67376513065725,8.67376513065725
1839,341,FALSE,TRUE,FALSE,FALSE,FALSE,8.67376513065725,8.67376513065725
1840,341,FALSE,TRUE,FALSE,FALSE,FALSE,8.09973772750253,8.09973772750253
1841,341,FALSE,TRUE,FALSE,FALSE,FALSE,8.09973772750253,8.09973772750253
1842,341,FALSE,TRUE,FALSE,FALSE,FALSE,8.09973772750253,8.09973772750253
1843,341,FALSE,TRUE,FALSE,FALSE,FALSE,7.95042021684785,7.95042021684785
1844,341,FALSE,TRUE,FALSE,FALSE,FALSE,7.95042021684785,7.95042021684785
1845,341,FALSE,TRUE,FALSE,FALSE,FALSE,8.67376513065725,8.67376513065725
1846,341,FALSE,TRUE,FALSE,FALSE,FALSE,9.10420148009622,9.10420148009622
1847,341,FALSE,TRUE,FALSE,FALSE,FALSE,8.97385479370257,8.97385479370257
1848,342,FALSE,TRUE,FALSE,FALSE,FALSE,8.67376513065725,8.67376513065725
1849,342,FALSE,TRUE,FALSE,FALSE,FALSE,8.67376513065725,8.67376513065725
1850,342,FALSE,TRUE,FALSE,FALSE,FALSE,8.74425260669281,8.74425260669281
1851,342,FALSE,TRUE,FALSE,FALSE,FALSE,8.74425260669281,8.74425260669281
1852,342,FALSE,TRUE,FALSE,FALSE,FALSE,8.74425260669281,8.74425260669281
1853,342,FALSE,TRUE,FALSE,FALSE,FALSE,8.09973772750253,8.09973772750253
1854,342,FALSE,TRUE,FALSE,FALSE,FALSE,8.09973772750253,8.09973772750253
1855,342,FALSE,TRUE,FALSE,FALSE,FALSE,8.67376513065725,8.67376513065725
1856,342,FALSE,TRUE,FALSE,FALSE,FALSE,8.67376513065725,8.67376513065725
1857,342,FALSE,TRUE,FALSE,FALSE,FALSE,8.09973772750253,8.09973772750253
1858,342,FALSE,TRUE,FALSE,FALSE,FALSE,8.74425260669281,8.74425260669281
1859,342,FALSE,TRUE,FALSE,FALSE,FALSE,8.67376513065725,8.67376513065725
1860,342,FALSE,TRUE,FALSE,FALSE,FALSE,8.61390592029916,8.61390592029916
1861,342,FALSE,TRUE,FALSE,FALSE,FALSE,8.52564938728719,8.52564938728719
1862,342,FALSE,TRUE,FALSE,FALSE,FALSE,9.11384076728591,9.11384076728591
1863,344,FALSE,TRUE,FALSE,FALSE,FALSE,9.17468895613178,9.17468895613178
1864,344,FALSE,TRUE,FALSE,FALSE,FALSE,8.67376513065725,8.67376513065725
1865,344,FALSE,TRUE,FALSE,FALSE,FALSE,8.74425260669281,8.74425260669281
1866,344,FALSE,TRUE,FALSE,FALSE,FALSE,8.98901690746856,8.98901690746856
1867,344,FALSE,TRUE,FALSE,FALSE,FALSE,8.67376513065725,8.67376513065725
1868,344,FALSE,TRUE,FALSE,FALSE,FALSE,8.61247655342625,8.61247655342625
1869,344,FALSE,TRUE,FALSE,FALSE,FALSE,8.74425260669281,8.74425260669281
1870,344,FALSE,TRUE,FALSE,FALSE,FALSE,8.67376513065725,8.67376513065725
1871,344,TRUE,TRUE,FALSE,FALSE,FALSE,9.37781872129541,9.37781872129541
1872,344,FALSE,TRUE,FALSE,FALSE,FALSE,8.67376513065725,8.67376513065725
1873,344,FALSE,TRUE,FALSE,FALSE,FALSE,8.67376513065725,8.67376513065725
1874,344,FALSE,TRUE,FALSE,FALSE,FALSE,8.67376513065725,8.67376513065725
1875,344,FALSE,TRUE,FALSE,FALSE,FALSE,8.67376513065725,8.67376513065725
1876,344,FALSE,TRUE,FALSE,FALSE,FALSE,8.67376513065725,8.67376513065725
1877,344,FALSE,TRUE,FALSE,FALSE,FALSE,8.5434184442636,8.5434184442636
1878,345,FALSE,TRUE,FALSE,FALSE,FALSE,8.67376513065725,8.67376513065725
1879,345,FALSE,TRUE,FALSE,FALSE,FALSE,8.67376513065725,8.67376513065725
1880,345,FALSE,TRUE,FALSE,FALSE,FALSE,8.67376513065725,8.67376513065725
1881,345,FALSE,TRUE,FALSE,FALSE,FALSE,8.67376513065725,8.67376513065725
1882,345,FALSE,TRUE,FALSE,FALSE,FALSE,8.67376513065725,8.67376513065725
1883,345,FALSE,TRUE,FALSE,FALSE,FALSE,9.11384076728591,9.11384076728591
1884,345,FALSE,TRUE,FALSE,FALSE,FALSE,8.67376513065725,8.67376513065725
1885,345,FALSE,TRUE,FALSE,FALSE,FALSE,8.67376513065725,8.67376513065725
1886,345,FALSE,TRUE,FALSE,FALSE,FALSE,8.09973772750253,8.09973772750253
1887,345,FALSE,TRUE,FALSE,FALSE,FALSE,8.61247655342625,8.61247655342625
1888,345,FALSE,TRUE,FALSE,FALSE,FALSE,9.29431588084903,9.29431588084903
1889,345,FALSE,TRUE,FALSE,FALSE,FALSE,8.52564938728719,8.52564938728719
1890,345,FALSE,TRUE,FALSE,FALSE,FALSE,9.43767793165349,9.43767793165349
1891,346,FALSE,TRUE,FALSE,FALSE,FALSE,8.74425260669281,8.74425260669281
1892,346,FALSE,TRUE,FALSE,FALSE,FALSE,8.67376513065725,8.67376513065725
1893,346,FALSE,TRUE,FALSE,FALSE,FALSE,8.67376513065725,8.67376513065725
1894,346,FALSE,TRUE,FALSE,FALSE,FALSE,8.52564938728719,8.52564938728719
1895,346,FALSE,TRUE,FALSE,FALSE,FALSE,8.67376513065725,8.67376513065725
1896,346,FALSE,TRUE,FALSE,FALSE,FALSE,8.91300660485671,8.91300660485671
1897,346,FALSE,TRUE,FALSE,FALSE,FALSE,8.09973772750253,8.09973772750253
1898,346,FALSE,TRUE,FALSE,FALSE,FALSE,8.09973772750253,8.09973772750253
1899,346,FALSE,TRUE,FALSE,FALSE,FALSE,8.67376513065725,8.67376513065725
1900,346,FALSE,TRUE,FALSE,FALSE,FALSE,8.67376513065725,8.67376513065725
1901,346,FALSE,FALSE,FALSE,TRUE,FALSE,9.01368850400637,9.01368850400637
1902,346,FALSE,TRUE,FALSE,FALSE,FALSE,8.74425260669281,8.74425260669281
1903,346,FALSE,TRUE,FALSE,FALSE,FALSE,8.73688278062605,8.73688278062605
1904,346,FALSE,TRUE,FALSE,FALSE,FALSE,8.74425260669281,8.74425260669281
1905,346,FALSE,TRUE,FALSE,FALSE,FALSE,8.74425260669281,8.74425260669281
1906,348,FALSE,TRUE,FALSE,FALSE,FALSE,8.67376513065725,8.67376513065725
1907,348,FALSE,TRUE,FALSE,FALSE,FALSE,8.67376513065725,8.67376513065725
1908,348,FALSE,TRUE,FALSE,FALSE,FALSE,8.74425260669281,8.74425260669281
1909,348,FALSE,TRUE,FALSE,FALSE,FALSE,8.67376513065725,8.67376513065725
1910,348,FALSE,TRUE,FALSE,FALSE,FALSE,8.67376513065725,8.67376513065725
1911,348,FALSE,TRUE,FALSE,FALSE,FALSE,8.09973772750253,8.09973772750253
1912,348,FALSE,TRUE,FALSE,FALSE,FALSE,8.67376513065725,8.67376513065725
1913,348,FALSE,TRUE,FALSE,FALSE,FALSE,8.09973772750253,8.09973772750253
1914,348,FALSE,TRUE,FALSE,FALSE,FALSE,8.74425260669281,8.74425260669281
1915,348,FALSE,TRUE,FALSE,FALSE,FALSE,8.74425260669281,8.74425260669281
1916,348,FALSE,TRUE,FALSE,FALSE,FALSE,8.61247655342625,8.61247655342625
1917,348,FALSE,TRUE,FALSE,FALSE,FALSE,8.67376513065725,8.67376513065725
1918,348,FALSE,TRUE,FALSE,FALSE,FALSE,8.74425260669281,8.74425260669281
1919,348,FALSE,TRUE,FALSE,FALSE,FALSE,8.67376513065725,8.67376513065725
1920,349,FALSE,TRUE,FALSE,FALSE,FALSE,8.67376513065725,8.67376513065725
1921,349,FALSE,FALSE,FALSE,FALSE,TRUE,7.95042021684785,9.20380290475918
1922,349,FALSE,TRUE,FALSE,FALSE,FALSE,8.61247655342625,8.61247655342625
1923,349,FALSE,TRUE,FALSE,FALSE,FALSE,8.09973772750253,8.09973772750253
1924,349,FALSE,TRUE,FALSE,FALSE,FALSE,8.09973772750253,8.09973772750253
1925,349,FALSE,TRUE,FALSE,FALSE,FALSE,8.67376513065725,8.67376513065725
1926,349,FALSE,TRUE,FALSE,FALSE,FALSE,9.04291290286522,9.04291290286522
1927,349,FALSE,TRUE,FALSE,FALSE,FALSE,8.09973772750253,8.09973772750253
1928,349,FALSE,TRUE,FALSE,FALSE,FALSE,8.09973772750253,8.09973772750253
1929,349,FALSE,TRUE,FALSE,FALSE,FALSE,8.09973772750253,8.09973772750253
1930,349,FALSE,TRUE,FALSE,FALSE,FALSE,8.74425260669281,8.74425260669281
1931,349,FALSE,TRUE,FALSE,FALSE,FALSE,8.09973772750253,8.09973772750253
1932,349,FALSE,TRUE,FALSE,FALSE,FALSE,8.09973772750253,8.09973772750253
1933,349,FALSE,TRUE,FALSE,FALSE,FALSE,8.67376513065725,8.67376513065725
1934,349,FALSE,TRUE,FALSE,FALSE,FALSE,8.67376513065725,8.67376513065725
1935,350,FALSE,TRUE,FALSE,FALSE,FALSE,8.82573905033252,8.82573905033252
1936,350,FALSE,TRUE,FALSE,FALSE,FALSE,8.67376513065725,8.67376513065725
1937,350,FALSE,TRUE,FALSE,FALSE,FALSE,8.5434184442636,8.5434184442636
1938,350,FALSE,TRUE,FALSE,FALSE,FALSE,8.52564938728719,8.52564938728719
1939,350,FALSE,TRUE,FALSE,FALSE,FALSE,8.61247655342625,8.61247655342625
1940,350,FALSE,TRUE,FALSE,FALSE,FALSE,9.17468895613178,9.17468895613178
1941,350,FALSE,TRUE,FALSE,FALSE,FALSE,9.04291290286522,9.04291290286522
1942,350,FALSE,TRUE,FALSE,FALSE,FALSE,8.67376513065725,8.67376513065725
1943,350,FALSE,TRUE,FALSE,FALSE,FALSE,8.67376513065725,8.67376513065725
1944,350,FALSE,TRUE,FALSE,FALSE,FALSE,8.67376513065725,8.67376513065725
1945,350,FALSE,TRUE,FALSE,FALSE,FALSE,9.04434226973814,9.04434226973814
1946,350,FALSE,TRUE,FALSE,FALSE,FALSE,8.61247655342625,8.61247655342625
1947,350,FALSE,TRUE,FALSE,FALSE,FALSE,9.11384076728591,9.11384076728591
1948,350,FALSE,TRUE,FALSE,FALSE,FALSE,8.09973772750253,8.09973772750253
1949,350,FALSE,TRUE,FALSE,FALSE,FALSE,8.52564938728719,8.52564938728719
1950,351,FALSE,TRUE,FALSE,FALSE,FALSE,8.67376513065725,8.67376513065725
1951,351,FALSE,TRUE,FALSE,FALSE,FALSE,8.52564938728719,8.52564938728719
1952,351,FALSE,TRUE,FALSE,FALSE,FALSE,8.09973772750253,8.09973772750253
1953,351,FALSE,TRUE,FALSE,FALSE,FALSE,8.09973772750253,8.09973772750253
1954,351,FALSE,TRUE,FALSE,FALSE,FALSE,8.09973772750253,8.09973772750253
1955,351,FALSE,TRUE,FALSE,FALSE,FALSE,8.5434184442636,8.5434184442636
1956,351,FALSE,TRUE,FALSE,FALSE,FALSE,8.67376513065725,8.67376513065725
1957,351,FALSE,TRUE,FALSE,FALSE,FALSE,9.17468895613178,9.17468895613178
1958,351,FALSE,TRUE,FALSE,FALSE,FALSE,8.67376513065725,8.67376513065725
1959,351,FALSE,TRUE,FALSE,FALSE,FALSE,8.52564938728719,8.52564938728719
1960,351,FALSE,TRUE,FALSE,FALSE,FALSE,8.67376513065725,8.67376513065725
1961,351,FALSE,TRUE,FALSE,FALSE,FALSE,8.67376513065725,8.67376513065725
1962,351,FALSE,TRUE,FALSE,FALSE,FALSE,8.09973772750253,8.09973772750253
1963,351,FALSE,TRUE,FALSE,FALSE,FALSE,8.09973772750253,8.09973772750253
1964,351,FALSE,TRUE,FALSE,FALSE,FALSE,8.09973772750253,8.09973772750253
1965,357,FALSE,TRUE,FALSE,FALSE,FALSE,8.74425260669281,8.74425260669281
1966,357,FALSE,TRUE,FALSE,FALSE,FALSE,8.52564938728719,8.52564938728719
1967,357,FALSE,TRUE,FALSE,FALSE,FALSE,8.74425260669281,8.74425260669281
1968,357,FALSE,TRUE,FALSE,FALSE,FALSE,8.67376513065725,8.67376513065725
1969,357,FALSE,TRUE,FALSE,FALSE,FALSE,8.67376513065725,8.67376513065725
1970,357,FALSE,TRUE,FALSE,FALSE,FALSE,7.76030581609504,7.76030581609504
1971,357,FALSE,TRUE,FALSE,FALSE,FALSE,8.97385479370257,8.97385479370257
1972,357,TRUE,TRUE,FALSE,FALSE,FALSE,9.50816540768905,9.50816540768905
1973,357,FALSE,TRUE,FALSE,FALSE,FALSE,8.67376513065725,8.67376513065725
1974,357,FALSE,TRUE,FALSE,FALSE,FALSE,8.61247655342625,8.61247655342625
1975,357,FALSE,TRUE,FALSE,FALSE,FALSE,8.74425260669281,8.74425260669281
1976,357,FALSE,TRUE,FALSE,FALSE,FALSE,8.5434184442636,8.5434184442636
1977,357,FALSE,TRUE,FALSE,FALSE,FALSE,8.67376513065725,8.67376513065725
1978,357,FALSE,TRUE,FALSE,FALSE,FALSE,8.61247655342625,8.61247655342625
1979,357,FALSE,TRUE,FALSE,FALSE,FALSE,8.74425260669281,8.74425260669281
1980,358,FALSE,TRUE,FALSE,FALSE,FALSE,8.61247655342625,8.61247655342625
1981,358,FALSE,TRUE,FALSE,FALSE,FALSE,7.95042021684785,7.95042021684785
1982,358,FALSE,TRUE,FALSE,FALSE,FALSE,8.5434184442636,8.5434184442636
1983,358,FALSE,TRUE,FALSE,FALSE,FALSE,8.74425260669281,8.74425260669281
1984,358,FALSE,TRUE,FALSE,FALSE,FALSE,8.97385479370257,8.97385479370257
1985,358,FALSE,TRUE,FALSE,FALSE,FALSE,9.10420148009622,9.10420148009622
1986,358,TRUE,TRUE,FALSE,FALSE,FALSE,8.34693481607702,8.34693481607702
1987,358,FALSE,TRUE,FALSE,FALSE,FALSE,8.67376513065725,8.67376513065725
1988,358,FALSE,TRUE,FALSE,FALSE,FALSE,8.67376513065725,8.67376513065725
1989,358,FALSE,TRUE,FALSE,FALSE,FALSE,8.67376513065725,8.67376513065725
1990,358,FALSE,TRUE,FALSE,FALSE,FALSE,8.97385479370257,8.97385479370257
1991,358,FALSE,TRUE,FALSE,FALSE,FALSE,9.10420148009622,9.10420148009622
1992,358,FALSE,TRUE,FALSE,FALSE,FALSE,8.74425260669281,8.74425260669281
1993,358,FALSE,TRUE,FALSE,FALSE,FALSE,8.97385479370257,8.97385479370257
1994,358,TRUE,TRUE,FALSE,FALSE,FALSE,8.5434184442636,8.5434184442636
1995,360,FALSE,TRUE,FALSE,FALSE,FALSE,8.9914496952673,8.9914496952673
1996,360,TRUE,TRUE,FALSE,FALSE,FALSE,8.67376513065725,8.67376513065725
1997,360,FALSE,TRUE,FALSE,FALSE,FALSE,8.97385479370257,8.97385479370257
1998,360,FALSE,TRUE,FALSE,FALSE,FALSE,8.97385479370257,8.97385479370257
1999,360,FALSE,TRUE,FALSE,FALSE,FALSE,8.9914496952673,8.9914496952673
2000,360,FALSE,TRUE,FALSE,FALSE,FALSE,8.67376513065725,8.67376513065725
2001,360,FALSE,TRUE,FALSE,FALSE,FALSE,8.69273006194932,8.69273006194932
2002,360,FALSE,TRUE,FALSE,FALSE,FALSE,8.67376513065725,8.67376513065725
2003,360,FALSE,TRUE,FALSE,FALSE,FALSE,9.50871750973455,9.50871750973455
2004,360,FALSE,TRUE,FALSE,FALSE,FALSE,8.67376513065725,8.67376513065725
2005,360,FALSE,TRUE,FALSE,FALSE,FALSE,9.06858558162319,9.06858558162319
2006,360,FALSE,TRUE,FALSE,FALSE,FALSE,8.74425260669281,8.74425260669281
2007,360,FALSE,TRUE,FALSE,FALSE,FALSE,8.97385479370257,8.97385479370257
2008,360,FALSE,TRUE,FALSE,FALSE,FALSE,8.5434184442636,8.5434184442636
2009,360,FALSE,TRUE,FALSE,FALSE,FALSE,8.97385479370257,8.97385479370257
2010,364,FALSE,TRUE,FALSE,FALSE,FALSE,8.67376513065725,8.67376513065725
2011,364,FALSE,TRUE,FALSE,FALSE,FALSE,8.67376513065725,8.67376513065725
2012,364,FALSE,TRUE,FALSE,FALSE,FALSE,7.95042021684785,7.95042021684785
2013,364,FALSE,TRUE,FALSE,FALSE,FALSE,8.09973772750253,8.09973772750253
2014,364,FALSE,TRUE,FALSE,FALSE,FALSE,9.04335329125035,9.04335329125035
2015,364,FALSE,TRUE,FALSE,FALSE,FALSE,8.09973772750253,8.09973772750253
2016,364,FALSE,TRUE,FALSE,FALSE,FALSE,8.39530270089355,8.39530270089355
2017,364,FALSE,TRUE,FALSE,FALSE,FALSE,8.67376513065725,8.67376513065725
2018,364,FALSE,TRUE,FALSE,FALSE,FALSE,8.67376513065725,8.67376513065725
2019,364,FALSE,TRUE,FALSE,FALSE,FALSE,8.67376513065725,8.67376513065725
2020,364,FALSE,TRUE,FALSE,FALSE,FALSE,8.67376513065725,8.67376513065725
2021,364,FALSE,TRUE,FALSE,FALSE,FALSE,8.67376513065725,8.67376513065725
2022,364,FALSE,TRUE,FALSE,FALSE,FALSE,8.74425260669281,8.74425260669281
2023,365,FALSE,TRUE,FALSE,FALSE,FALSE,9.10420148009622,9.10420148009622
2024,365,FALSE,TRUE,FALSE,FALSE,FALSE,8.09973772750253,8.09973772750253
2025,365,FALSE,TRUE,FALSE,FALSE,FALSE,8.09973772750253,8.09973772750253
2026,365,FALSE,TRUE,FALSE,FALSE,FALSE,8.5434184442636,8.5434184442636
2027,365,FALSE,TRUE,FALSE,FALSE,FALSE,8.67376513065725,8.67376513065725
2028,365,FALSE,TRUE,FALSE,FALSE,FALSE,8.67376513065725,8.67376513065725
2029,365,FALSE,TRUE,FALSE,FALSE,FALSE,8.67376513065725,8.67376513065725
2030,365,FALSE,TRUE,FALSE,FALSE,FALSE,8.09973772750253,8.09973772750253
2031,365,FALSE,TRUE,FALSE,FALSE,FALSE,8.67376513065725,8.67376513065725
2032,365,FALSE,TRUE,FALSE,FALSE,FALSE,8.67376513065725,8.67376513065725
2033,365,FALSE,TRUE,FALSE,FALSE,FALSE,8.5434184442636,8.5434184442636
2034,365,FALSE,TRUE,FALSE,FALSE,FALSE,8.67376513065725,8.67376513065725
2035,365,FALSE,TRUE,FALSE,FALSE,FALSE,8.97385479370257,8.97385479370257
2036,365,FALSE,TRUE,FALSE,FALSE,FALSE,8.5434184442636,8.5434184442636
2037,365,FALSE,TRUE,FALSE,FALSE,FALSE,8.67376513065725,8.67376513065725
2038,366,FALSE,TRUE,FALSE,FALSE,FALSE,8.5434184442636,8.5434184442636
2039,366,FALSE,TRUE,FALSE,FALSE,FALSE,8.67376513065725,8.67376513065725
2040,366,FALSE,TRUE,FALSE,FALSE,FALSE,8.67376513065725,8.67376513065725
2041,366,FALSE,TRUE,FALSE,FALSE,FALSE,8.5434184442636,8.5434184442636
2042,366,FALSE,TRUE,FALSE,FALSE,FALSE,8.67376513065725,8.67376513065725
2043,366,FALSE,TRUE,FALSE,FALSE,FALSE,8.67376513065725,8.67376513065725
2044,366,FALSE,TRUE,FALSE,FALSE,FALSE,8.09973772750253,8.09973772750253
2045,366,FALSE,TRUE,FALSE,FALSE,FALSE,8.67376513065725,8.67376513065725
2046,366,FALSE,TRUE,FALSE,FALSE,FALSE,8.09973772750253,8.09973772750253
2047,366,FALSE,TRUE,FALSE,FALSE,FALSE,8.74425260669281,8.74425260669281
2048,366,FALSE,FALSE,FALSE,TRUE,FALSE,8.97385479370257,8.97385479370257
2049,366,FALSE,TRUE,FALSE,FALSE,FALSE,8.91133328135494,8.91133328135494
2050,366,FALSE,TRUE,FALSE,FALSE,FALSE,8.74425260669281,8.74425260669281
2051,366,TRUE,TRUE,FALSE,FALSE,FALSE,8.74425260669281,8.74425260669281
2052,366,FALSE,TRUE,FALSE,FALSE,FALSE,8.39254194344536,8.39254194344536
2053,370,FALSE,TRUE,FALSE,FALSE,FALSE,8.61247655342625,8.61247655342625
2054,370,FALSE,TRUE,FALSE,FALSE,FALSE,8.52564938728719,8.52564938728719
2055,370,FALSE,TRUE,FALSE,FALSE,FALSE,8.67376513065725,8.67376513065725
2056,370,FALSE,TRUE,FALSE,FALSE,FALSE,8.5434184442636,8.5434184442636
2057,370,FALSE,TRUE,FALSE,FALSE,FALSE,8.09973772750253,8.09973772750253
2058,370,FALSE,TRUE,FALSE,FALSE,FALSE,8.09973772750253,8.09973772750253
2059,370,FALSE,TRUE,FALSE,FALSE,FALSE,8.67376513065725,8.67376513065725
2060,370,FALSE,TRUE,FALSE,FALSE,FALSE,8.61247655342625,8.61247655342625
2061,370,FALSE,TRUE,FALSE,FALSE,FALSE,8.67376513065725,8.67376513065725
2062,370,FALSE,TRUE,FALSE,FALSE,FALSE,8.09973772750253,8.09973772750253
2063,370,FALSE,TRUE,FALSE,FALSE,FALSE,8.61247655342625,8.61247655342625
2064,370,FALSE,TRUE,FALSE,FALSE,FALSE,8.67376513065725,8.67376513065725
2065,370,FALSE,TRUE,FALSE,FALSE,FALSE,8.5434184442636,8.5434184442636
2066,370,FALSE,TRUE,FALSE,FALSE,FALSE,8.67376513065725,8.67376513065725
2067,370,FALSE,TRUE,FALSE,FALSE,FALSE,8.61247655342625,8.61247655342625
2068,375,FALSE,TRUE,FALSE,FALSE,FALSE,8.74425260669281,8.74425260669281
2069,375,FALSE,TRUE,FALSE,FALSE,FALSE,8.61390592029916,8.61390592029916
2070,375,FALSE,TRUE,FALSE,FALSE,FALSE,8.5434184442636,8.5434184442636
2071,375,FALSE,TRUE,FALSE,FALSE,FALSE,8.5434184442636,8.5434184442636
2072,375,FALSE,TRUE,FALSE,FALSE,FALSE,8.67376513065725,8.67376513065725
2073,375,FALSE,TRUE,FALSE,FALSE,FALSE,8.61247655342625,8.61247655342625
2074,375,FALSE,TRUE,FALSE,FALSE,FALSE,8.67376513065725,8.67376513065725
2075,375,FALSE,TRUE,FALSE,FALSE,FALSE,8.67376513065725,8.67376513065725
2076,375,FALSE,TRUE,FALSE,FALSE,FALSE,8.09973772750253,8.09973772750253
2077,375,FALSE,TRUE,FALSE,FALSE,FALSE,7.83216741042916,7.83216741042916
2078,375,FALSE,TRUE,FALSE,FALSE,FALSE,8.67376513065725,8.67376513065725
2079,375,FALSE,TRUE,FALSE,FALSE,FALSE,8.67376513065725,8.67376513065725
2080,375,FALSE,TRUE,FALSE,FALSE,FALSE,8.61390592029916,8.61390592029916
2081,375,FALSE,TRUE,FALSE,FALSE,FALSE,8.67376513065725,8.67376513065725
2082,375,FALSE,TRUE,FALSE,FALSE,FALSE,8.52564938728719,8.52564938728719
2083,376,FALSE,TRUE,FALSE,FALSE,FALSE,8.67376513065725,8.67376513065725
2084,376,FALSE,TRUE,FALSE,FALSE,FALSE,8.67376513065725,8.67376513065725
2085,376,FALSE,TRUE,FALSE,FALSE,FALSE,9.10420148009622,9.10420148009622
2086,376,FALSE,TRUE,FALSE,FALSE,FALSE,8.52564938728719,8.52564938728719
2087,376,FALSE,TRUE,FALSE,FALSE,FALSE,8.52564938728719,8.52564938728719
2088,376,FALSE,TRUE,FALSE,FALSE,FALSE,8.67376513065725,8.67376513065725
2089,376,FALSE,TRUE,FALSE,FALSE,FALSE,8.61247655342625,8.61247655342625
2090,376,FALSE,TRUE,FALSE,FALSE,FALSE,8.5434184442636,8.5434184442636
2091,376,FALSE,TRUE,FALSE,FALSE,FALSE,9.20380290475918,9.20380290475918
2092,376,FALSE,TRUE,FALSE,FALSE,FALSE,8.67376513065725,8.67376513065725
2093,376,FALSE,TRUE,FALSE,FALSE,FALSE,8.73353284501641,8.73353284501641
2094,376,FALSE,TRUE,FALSE,FALSE,FALSE,8.67376513065725,8.67376513065725
2095,376,FALSE,TRUE,FALSE,FALSE,FALSE,8.5434184442636,8.5434184442636
2096,376,FALSE,TRUE,FALSE,FALSE,FALSE,8.67376513065725,8.67376513065725
2097,376,FALSE,TRUE,FALSE,FALSE,FALSE,8.5434184442636,8.5434184442636
2098,376,FALSE,TRUE,FALSE,FALSE,FALSE,8.5434184442636,8.5434184442636
2099,380,FALSE,FALSE,FALSE,FALSE,TRUE,7.95042021684785,9.20380290475918
2100,380,TRUE,TRUE,FALSE,FALSE,FALSE,7.95042021684785,7.95042021684785
2101,380,FALSE,TRUE,FALSE,FALSE,FALSE,9.10420148009622,9.10420148009622
2102,380,FALSE,TRUE,FALSE,FALSE,FALSE,8.09973772750253,8.09973772750253
2103,380,FALSE,TRUE,FALSE,FALSE,FALSE,8.09973772750253,8.09973772750253
2104,380,FALSE,TRUE,FALSE,FALSE,FALSE,8.09973772750253,8.09973772750253
2105,380,FALSE,TRUE,FALSE,FALSE,FALSE,8.67376513065725,8.67376513065725
2106,380,FALSE,TRUE,FALSE,FALSE,FALSE,8.09973772750253,8.09973772750253
2107,380,FALSE,TRUE,FALSE,FALSE,FALSE,7.95042021684785,7.95042021684785
2108,380,FALSE,TRUE,FALSE,FALSE,FALSE,8.09973772750253,8.09973772750253
2109,380,FALSE,TRUE,FALSE,FALSE,FALSE,8.52564938728719,8.52564938728719
2110,380,FALSE,TRUE,FALSE,FALSE,FALSE,8.09973772750253,8.09973772750253
2111,380,FALSE,TRUE,FALSE,FALSE,FALSE,8.74425260669281,8.74425260669281
2112,380,FALSE,TRUE,FALSE,FALSE,FALSE,8.52564938728719,8.52564938728719
2113,380,FALSE,TRUE,FALSE,FALSE,FALSE,8.09973772750253,8.09973772750253
2114,388,FALSE,TRUE,FALSE,FALSE,FALSE,7.95042021684785,7.95042021684785
2115,388,FALSE,TRUE,FALSE,FALSE,FALSE,8.67376513065725,8.67376513065725
2116,388,FALSE,TRUE,FALSE,FALSE,FALSE,8.5434184442636,8.5434184442636
2117,388,FALSE,TRUE,FALSE,FALSE,FALSE,8.61390592029916,8.61390592029916
2118,388,FALSE,FALSE,TRUE,TRUE,TRUE,8.35370605814382,9.60708874605514
2119,388,FALSE,TRUE,FALSE,FALSE,FALSE,8.74425260669281,8.74425260669281
2120,388,FALSE,TRUE,FALSE,FALSE,FALSE,8.74425260669281,8.74425260669281
2121,388,FALSE,TRUE,FALSE,FALSE,FALSE,8.74425260669281,8.74425260669281
2122,388,FALSE,TRUE,FALSE,FALSE,FALSE,8.74425260669281,8.74425260669281
2123,388,FALSE,TRUE,FALSE,FALSE,FALSE,8.5434184442636,8.5434184442636
2124,388,FALSE,TRUE,FALSE,FALSE,FALSE,8.67376513065725,8.67376513065725
2125,388,FALSE,TRUE,FALSE,FALSE,FALSE,8.74425260669281,8.74425260669281
2126,388,FALSE,TRUE,FALSE,FALSE,FALSE,8.74425260669281,8.74425260669281
2127,388,FALSE,TRUE,FALSE,FALSE,FALSE,8.67376513065725,8.67376513065725
2128,388,FALSE,TRUE,FALSE,FALSE,FALSE,8.09973772750253,8.09973772750253
2129,395,FALSE,TRUE,FALSE,FALSE,FALSE,8.19761730542234,8.19761730542234
2130,395,FALSE,TRUE,FALSE,FALSE,FALSE,8.67376513065725,8.67376513065725
2131,395,FALSE,TRUE,FALSE,FALSE,FALSE,8.67376513065725,8.67376513065725
2132,395,FALSE,TRUE,FALSE,FALSE,FALSE,8.5434184442636,8.5434184442636
2133,395,FALSE,TRUE,FALSE,FALSE,FALSE,8.61247655342625,8.61247655342625
2134,395,FALSE,TRUE,FALSE,FALSE,FALSE,8.67376513065725,8.67376513065725
2135,395,FALSE,TRUE,FALSE,FALSE,FALSE,8.09973772750253,8.09973772750253
2136,395,FALSE,TRUE,FALSE,FALSE,FALSE,8.67376513065725,8.67376513065725
2137,395,FALSE,TRUE,FALSE,FALSE,FALSE,8.67376513065725,8.67376513065725
2138,395,FALSE,TRUE,FALSE,FALSE,FALSE,9.17468895613178,9.17468895613178
2139,395,FALSE,TRUE,FALSE,FALSE,FALSE,8.5434184442636,8.5434184442636
2140,395,FALSE,TRUE,FALSE,FALSE,FALSE,8.67376513065725,8.67376513065725
2141,395,FALSE,TRUE,FALSE,FALSE,FALSE,8.5434184442636,8.5434184442636
2142,395,FALSE,TRUE,FALSE,FALSE,FALSE,8.5434184442636,8.5434184442636
2143,395,FALSE,TRUE,FALSE,FALSE,FALSE,8.82573905033252,8.82573905033252
2144,407,FALSE,TRUE,FALSE,FALSE,FALSE,8.09973772750253,8.09973772750253
2145,407,FALSE,TRUE,FALSE,FALSE,FALSE,8.67376513065725,8.67376513065725
2146,407,FALSE,TRUE,FALSE,FALSE,FALSE,8.67376513065725,8.67376513065725
2147,407,FALSE,TRUE,FALSE,FALSE,FALSE,8.67376513065725,8.67376513065725
2148,407,FALSE,TRUE,FALSE,FALSE,FALSE,8.67376513065725,8.67376513065725
2149,407,FALSE,TRUE,FALSE,FALSE,FALSE,8.67376513065725,8.67376513065725
2150,407,FALSE,TRUE,FALSE,FALSE,FALSE,8.5434184442636,8.5434184442636
2151,407,FALSE,TRUE,FALSE,FALSE,FALSE,8.09973772750253,8.09973772750253
2152,407,FALSE,TRUE,FALSE,FALSE,FALSE,8.97385479370257,8.97385479370257
2153,407,FALSE,TRUE,FALSE,FALSE,FALSE,8.67376513065725,8.67376513065725
2154,407,FALSE,TRUE,FALSE,FALSE,FALSE,8.52564938728719,8.52564938728719
2155,407,FALSE,TRUE,FALSE,FALSE,FALSE,8.74425260669281,8.74425260669281
2156,407,FALSE,TRUE,FALSE,FALSE,FALSE,9.17468895613178,9.17468895613178
2157,407,FALSE,TRUE,FALSE,FALSE,FALSE,8.67376513065725,8.67376513065725
2158,407,FALSE,TRUE,FALSE,FALSE,FALSE,8.5434184442636,8.5434184442636
2159,408,FALSE,TRUE,FALSE,FALSE,FALSE,9.10420148009622,9.10420148009622
2160,408,FALSE,TRUE,FALSE,FALSE,FALSE,8.67376513065725,8.67376513065725
2161,408,FALSE,TRUE,FALSE,FALSE,FALSE,8.61390592029916,8.61390592029916
2162,408,FALSE,TRUE,FALSE,FALSE,FALSE,8.52564938728719,8.52564938728719
2163,408,FALSE,TRUE,FALSE,FALSE,FALSE,8.67376513065725,8.67376513065725
2164,408,FALSE,TRUE,FALSE,FALSE,FALSE,8.67376513065725,8.67376513065725
2165,408,FALSE,TRUE,FALSE,FALSE,FALSE,7.95042021684785,7.95042021684785
2166,408,FALSE,TRUE,FALSE,FALSE,FALSE,8.52564938728719,8.52564938728719
2167,408,FALSE,TRUE,FALSE,FALSE,FALSE,8.52564938728719,8.52564938728719
2168,408,FALSE,TRUE,FALSE,FALSE,FALSE,8.74425260669281,8.74425260669281
2169,408,FALSE,TRUE,FALSE,FALSE,FALSE,8.74425260669281,8.74425260669281
2170,408,FALSE,TRUE,FALSE,FALSE,FALSE,8.67376513065725,8.67376513065725
2171,408,FALSE,TRUE,FALSE,FALSE,FALSE,8.67376513065725,8.67376513065725
2172,408,FALSE,TRUE,FALSE,FALSE,FALSE,8.61247655342625,8.61247655342625
2173,408,FALSE,TRUE,FALSE,FALSE,FALSE,8.67376513065725,8.67376513065725
2174,409,FALSE,TRUE,FALSE,FALSE,FALSE,8.09973772750253,8.09973772750253
2175,409,FALSE,TRUE,FALSE,FALSE,FALSE,8.67376513065725,8.67376513065725
2176,409,FALSE,TRUE,FALSE,FALSE,FALSE,8.61390592029916,8.61390592029916
2177,409,FALSE,TRUE,FALSE,FALSE,FALSE,8.52564938728719,8.52564938728719
2178,409,FALSE,TRUE,FALSE,FALSE,FALSE,8.61247655342625,8.61247655342625
2179,409,FALSE,TRUE,FALSE,FALSE,FALSE,8.5434184442636,8.5434184442636
2180,409,FALSE,TRUE,FALSE,FALSE,FALSE,8.52564938728719,8.52564938728719
2181,409,FALSE,TRUE,FALSE,FALSE,FALSE,8.5434184442636,8.5434184442636
2182,409,FALSE,TRUE,FALSE,FALSE,FALSE,8.74425260669281,8.74425260669281
2183,409,FALSE,TRUE,FALSE,FALSE,FALSE,8.09973772750253,8.09973772750253
2184,409,FALSE,TRUE,FALSE,FALSE,FALSE,8.91133328135494,8.91133328135494
2185,409,FALSE,TRUE,FALSE,FALSE,FALSE,9.10420148009622,9.10420148009622
2186,409,FALSE,TRUE,FALSE,FALSE,FALSE,8.5434184442636,8.5434184442636
2187,409,FALSE,TRUE,FALSE,FALSE,FALSE,8.67376513065725,8.67376513065725
2188,409,FALSE,TRUE,FALSE,FALSE,FALSE,8.61390592029916,8.61390592029916
2189,413,FALSE,TRUE,FALSE,FALSE,FALSE,8.5434184442636,8.5434184442636
2190,413,FALSE,TRUE,FALSE,FALSE,FALSE,8.52564938728719,8.52564938728719
2191,413,FALSE,TRUE,FALSE,FALSE,FALSE,8.67376513065725,8.67376513065725
2192,413,FALSE,TRUE,FALSE,FALSE,FALSE,8.5434184442636,8.5434184442636
2193,413,FALSE,TRUE,FALSE,FALSE,FALSE,8.67376513065725,8.67376513065725
2194,413,FALSE,TRUE,FALSE,FALSE,FALSE,8.09973772750253,8.09973772750253
2195,413,FALSE,TRUE,FALSE,FALSE,FALSE,8.5434184442636,8.5434184442636
2196,413,FALSE,TRUE,FALSE,FALSE,FALSE,8.67376513065725,8.67376513065725
2197,413,FALSE,TRUE,FALSE,FALSE,FALSE,8.67376513065725,8.67376513065725
2198,413,TRUE,TRUE,FALSE,FALSE,FALSE,8.5301740769415,8.5301740769415
2199,413,FALSE,TRUE,FALSE,FALSE,FALSE,8.67376513065725,8.67376513065725
2200,413,FALSE,TRUE,FALSE,FALSE,FALSE,8.67376513065725,8.67376513065725
2201,413,FALSE,TRUE,FALSE,FALSE,FALSE,8.67376513065725,8.67376513065725
2202,413,FALSE,TRUE,FALSE,FALSE,FALSE,8.67376513065725,8.67376513065725
2203,418,FALSE,TRUE,FALSE,FALSE,FALSE,8.09973772750253,8.09973772750253
2204,418,FALSE,TRUE,FALSE,FALSE,FALSE,8.09973772750253,8.09973772750253
2205,418,FALSE,FALSE,FALSE,FALSE,TRUE,7.95042021684785,9.20380290475918
2206,418,FALSE,TRUE,FALSE,FALSE,FALSE,8.09973772750253,8.09973772750253
2207,418,FALSE,TRUE,FALSE,FALSE,FALSE,8.09973772750253,8.09973772750253
2208,418,FALSE,TRUE,FALSE,FALSE,FALSE,8.09973772750253,8.09973772750253
2209,418,FALSE,TRUE,FALSE,FALSE,FALSE,7.95042021684785,7.95042021684785
2210,418,FALSE,TRUE,FALSE,FALSE,FALSE,8.09973772750253,8.09973772750253
2211,418,FALSE,FALSE,FALSE,FALSE,TRUE,7.95042021684785,9.20380290475918
2212,418,FALSE,TRUE,FALSE,FALSE,FALSE,8.67376513065725,8.67376513065725
2213,418,FALSE,TRUE,FALSE,FALSE,FALSE,8.09973772750253,8.09973772750253
2214,418,FALSE,TRUE,FALSE,FALSE,FALSE,8.67376513065725,8.67376513065725
2215,418,FALSE,TRUE,FALSE,FALSE,FALSE,8.09973772750253,8.09973772750253
2216,418,FALSE,TRUE,FALSE,FALSE,FALSE,8.09973772750253,8.09973772750253
2217,418,FALSE,TRUE,FALSE,FALSE,FALSE,7.95042021684785,7.95042021684785
2218,419,FALSE,TRUE,FALSE,FALSE,FALSE,8.67376513065725,8.67376513065725
2219,419,FALSE,TRUE,FALSE,FALSE,FALSE,8.67376513065725,8.67376513065725
2220,419,FALSE,TRUE,FALSE,FALSE,FALSE,8.09973772750253,8.09973772750253
2221,419,FALSE,TRUE,FALSE,FALSE,FALSE,8.09973772750253,8.09973772750253
2222,419,FALSE,FALSE,FALSE,FALSE,TRUE,7.95042021684785,9.20380290475918
2223,419,FALSE,TRUE,FALSE,FALSE,FALSE,8.52564938728719,8.52564938728719
2224,419,FALSE,TRUE,FALSE,FALSE,FALSE,8.09973772750253,8.09973772750253
2225,419,FALSE,TRUE,FALSE,FALSE,FALSE,8.61247655342625,8.61247655342625
2226,419,FALSE,TRUE,FALSE,FALSE,FALSE,8.09973772750253,8.09973772750253
2227,419,FALSE,TRUE,FALSE,FALSE,FALSE,8.67376513065725,8.67376513065725
2228,419,FALSE,TRUE,FALSE,FALSE,FALSE,8.67376513065725,8.67376513065725
2229,419,FALSE,TRUE,FALSE,FALSE,FALSE,8.74425260669281,8.74425260669281
2230,419,FALSE,TRUE,FALSE,FALSE,FALSE,8.67376513065725,8.67376513065725
2231,419,FALSE,TRUE,FALSE,FALSE,FALSE,8.52564938728719,8.52564938728719
2232,419,FALSE,TRUE,FALSE,FALSE,FALSE,8.09973772750253,8.09973772750253
2233,420,FALSE,TRUE,FALSE,FALSE,FALSE,8.61247655342625,8.61247655342625
2234,420,FALSE,FALSE,FALSE,FALSE,TRUE,7.95042021684785,9.20380290475918
2235,420,FALSE,TRUE,FALSE,FALSE,FALSE,8.09973772750253,8.09973772750253
2236,420,FALSE,TRUE,FALSE,FALSE,FALSE,8.67376513065725,8.67376513065725
2237,420,FALSE,TRUE,FALSE,FALSE,FALSE,8.61247655342625,8.61247655342625
2238,420,FALSE,TRUE,FALSE,FALSE,FALSE,8.09973772750253,8.09973772750253
2239,420,FALSE,TRUE,FALSE,FALSE,FALSE,7.95042021684785,7.95042021684785
2240,420,FALSE,TRUE,FALSE,FALSE,FALSE,8.09973772750253,8.09973772750253
2241,420,FALSE,TRUE,FALSE,FALSE,FALSE,8.09973772750253,8.09973772750253
2242,420,FALSE,TRUE,FALSE,FALSE,FALSE,8.09973772750253,8.09973772750253
2243,420,FALSE,TRUE,FALSE,FALSE,FALSE,8.67376513065725,8.67376513065725
2244,420,FALSE,TRUE,FALSE,FALSE,FALSE,8.67376513065725,8.67376513065725
2245,420,FALSE,TRUE,FALSE,FALSE,FALSE,9.10420148009622,9.10420148009622
2246,420,FALSE,TRUE,FALSE,FALSE,FALSE,8.52564938728719,8.52564938728719
2247,420,FALSE,TRUE,FALSE,FALSE,FALSE,8.67376513065725,8.67376513065725
2248,425,FALSE,TRUE,FALSE,FALSE,FALSE,8.52564938728719,8.52564938728719
2249,425,FALSE,TRUE,FALSE,FALSE,FALSE,8.5434184442636,8.5434184442636
2250,425,TRUE,TRUE,FALSE,FALSE,FALSE,8.67376513065725,8.67376513065725
2251,425,FALSE,TRUE,FALSE,FALSE,FALSE,8.67376513065725,8.67376513065725
2252,425,FALSE,TRUE,FALSE,FALSE,FALSE,8.67376513065725,8.67376513065725
2253,425,FALSE,TRUE,FALSE,FALSE,FALSE,8.61247655342625,8.61247655342625
2254,425,FALSE,TRUE,FALSE,FALSE,FALSE,8.67376513065725,8.67376513065725
2255,425,FALSE,TRUE,FALSE,FALSE,FALSE,8.5434184442636,8.5434184442636
2256,425,FALSE,TRUE,FALSE,FALSE,FALSE,8.67376513065725,8.67376513065725
2257,425,FALSE,TRUE,FALSE,FALSE,FALSE,8.97385479370257,8.97385479370257
2258,425,FALSE,TRUE,FALSE,FALSE,FALSE,8.67376513065725,8.67376513065725
2259,425,FALSE,TRUE,FALSE,FALSE,FALSE,8.67376513065725,8.67376513065725
2260,425,FALSE,TRUE,FALSE,FALSE,FALSE,8.95608573672616,8.95608573672616
2261,425,FALSE,TRUE,FALSE,FALSE,FALSE,8.67376513065725,8.67376513065725
2262,425,FALSE,TRUE,FALSE,FALSE,FALSE,8.67376513065725,8.67376513065725
2263,432,FALSE,TRUE,FALSE,FALSE,FALSE,8.67376513065725,8.67376513065725
2264,432,FALSE,TRUE,FALSE,FALSE,FALSE,8.67376513065725,8.67376513065725
2265,432,FALSE,TRUE,FALSE,FALSE,FALSE,8.61247655342625,8.61247655342625
2266,432,FALSE,TRUE,FALSE,FALSE,FALSE,8.67376513065725,8.67376513065725
2267,432,FALSE,TRUE,FALSE,FALSE,FALSE,9.17468895613178,9.17468895613178
2268,432,FALSE,TRUE,FALSE,FALSE,FALSE,8.67376513065725,8.67376513065725
2269,432,FALSE,TRUE,FALSE,FALSE,FALSE,8.67376513065725,8.67376513065725
2270,432,FALSE,TRUE,FALSE,FALSE,FALSE,8.61247655342625,8.61247655342625
2271,432,FALSE,TRUE,FALSE,FALSE,FALSE,8.09973772750253,8.09973772750253
2272,432,FALSE,TRUE,FALSE,FALSE,FALSE,8.67376513065725,8.67376513065725
2273,432,TRUE,TRUE,FALSE,FALSE,FALSE,8.67376513065725,8.67376513065725
2274,432,FALSE,TRUE,FALSE,FALSE,FALSE,8.67376513065725,8.67376513065725
2275,432,FALSE,TRUE,FALSE,FALSE,FALSE,8.74425260669281,8.74425260669281
2276,432,FALSE,TRUE,FALSE,FALSE,FALSE,9.50871750973455,9.50871750973455
2277,432,FALSE,TRUE,FALSE,FALSE,FALSE,9.11384076728591,9.11384076728591
2278,433,FALSE,TRUE,FALSE,FALSE,FALSE,8.67376513065725,8.67376513065725
2279,433,FALSE,TRUE,FALSE,FALSE,FALSE,8.67376513065725,8.67376513065725
2280,433,FALSE,TRUE,FALSE,FALSE,FALSE,8.52564938728719,8.52564938728719
2281,433,FALSE,TRUE,FALSE,FALSE,FALSE,8.09973772750253,8.09973772750253
2282,433,FALSE,TRUE,FALSE,FALSE,FALSE,8.67376513065725,8.67376513065725
2283,433,FALSE,TRUE,FALSE,FALSE,FALSE,8.67376513065725,8.67376513065725
2284,433,FALSE,TRUE,FALSE,FALSE,FALSE,8.67376513065725,8.67376513065725
2285,433,FALSE,TRUE,FALSE,FALSE,FALSE,8.67376513065725,8.67376513065725
2286,433,FALSE,TRUE,FALSE,FALSE,FALSE,8.67376513065725,8.67376513065725
2287,433,FALSE,TRUE,FALSE,FALSE,FALSE,8.5434184442636,8.5434184442636
2288,433,FALSE,TRUE,FALSE,FALSE,FALSE,8.61247655342625,8.61247655342625
2289,433,FALSE,TRUE,FALSE,FALSE,FALSE,8.5434184442636,8.5434184442636
2290,433,FALSE,TRUE,FALSE,FALSE,FALSE,8.52564938728719,8.52564938728719
2291,433,FALSE,TRUE,FALSE,FALSE,FALSE,9.04434226973814,9.04434226973814
2292,433,FALSE,TRUE,FALSE,FALSE,FALSE,8.5434184442636,8.5434184442636
2293,445,FALSE,TRUE,FALSE,FALSE,FALSE,9.04434226973814,9.04434226973814
2294,445,FALSE,TRUE,FALSE,FALSE,FALSE,8.5434184442636,8.5434184442636
2295,445,FALSE,TRUE,FALSE,FALSE,FALSE,8.5434184442636,8.5434184442636
2296,445,FALSE,TRUE,FALSE,FALSE,FALSE,8.09973772750253,8.09973772750253
2297,445,FALSE,TRUE,FALSE,FALSE,FALSE,8.09973772750253,8.09973772750253
2298,445,FALSE,TRUE,FALSE,FALSE,FALSE,8.5434184442636,8.5434184442636
2299,445,FALSE,TRUE,FALSE,FALSE,FALSE,8.67376513065725,8.67376513065725
2300,445,FALSE,TRUE,FALSE,FALSE,FALSE,8.61247655342625,8.61247655342625
2301,445,FALSE,TRUE,FALSE,FALSE,FALSE,9.17468895613178,9.17468895613178
2302,445,FALSE,TRUE,FALSE,FALSE,FALSE,8.52564938728719,8.52564938728719
2303,445,FALSE,FALSE,FALSE,TRUE,FALSE,9.84118083127655,9.84118083127655
2304,445,FALSE,FALSE,FALSE,TRUE,FALSE,9.84118083127655,9.84118083127655
2305,445,FALSE,TRUE,FALSE,FALSE,FALSE,8.97385479370257,8.97385479370257
2306,445,FALSE,TRUE,FALSE,FALSE,FALSE,8.8952375478803,8.8952375478803
2307,445,FALSE,TRUE,FALSE,FALSE,FALSE,8.67376513065725,8.67376513065725
2308,448,FALSE,TRUE,FALSE,FALSE,FALSE,8.97385479370257,8.97385479370257
2309,448,FALSE,TRUE,FALSE,FALSE,FALSE,8.74425260669281,8.74425260669281
2310,448,FALSE,TRUE,FALSE,FALSE,FALSE,8.5434184442636,8.5434184442636
2311,448,FALSE,TRUE,FALSE,FALSE,FALSE,8.67376513065725,8.67376513065725
2312,448,FALSE,TRUE,FALSE,FALSE,FALSE,8.5434184442636,8.5434184442636
2313,448,FALSE,TRUE,FALSE,FALSE,FALSE,7.95042021684785,7.95042021684785
2314,448,FALSE,TRUE,FALSE,FALSE,FALSE,8.74425260669281,8.74425260669281
2315,448,FALSE,FALSE,FALSE,TRUE,FALSE,9.01368850400637,9.01368850400637
2316,448,FALSE,TRUE,FALSE,FALSE,FALSE,8.09973772750253,8.09973772750253
2317,448,FALSE,TRUE,FALSE,FALSE,FALSE,8.5434184442636,8.5434184442636
2318,448,FALSE,TRUE,FALSE,FALSE,FALSE,8.5434184442636,8.5434184442636
2319,448,FALSE,TRUE,FALSE,FALSE,FALSE,8.61390592029916,8.61390592029916
2320,448,FALSE,TRUE,FALSE,FALSE,FALSE,8.5434184442636,8.5434184442636
2321,448,FALSE,TRUE,FALSE,FALSE,FALSE,8.5434184442636,8.5434184442636
2322,448,FALSE,TRUE,FALSE,FALSE,FALSE,8.97385479370257,8.97385479370257
2323,449,FALSE,TRUE,FALSE,FALSE,FALSE,8.67376513065725,8.67376513065725
2324,449,FALSE,TRUE,FALSE,FALSE,FALSE,8.09973772750253,8.09973772750253
2325,449,FALSE,TRUE,FALSE,FALSE,FALSE,7.95042021684785,7.95042021684785
2326,449,FALSE,TRUE,FALSE,FALSE,FALSE,8.09973772750253,8.09973772750253
2327,449,FALSE,TRUE,FALSE,FALSE,FALSE,8.09973772750253,8.09973772750253
2328,449,FALSE,TRUE,FALSE,FALSE,FALSE,8.09973772750253,8.09973772750253
2329,449,FALSE,TRUE,FALSE,FALSE,FALSE,8.67376513065725,8.67376513065725
2330,449,FALSE,TRUE,FALSE,FALSE,FALSE,8.67376513065725,8.67376513065725
2331,449,FALSE,TRUE,FALSE,FALSE,FALSE,8.09973772750253,8.09973772750253
2332,449,FALSE,TRUE,FALSE,FALSE,FALSE,8.09973772750253,8.09973772750253
2333,449,FALSE,TRUE,FALSE,FALSE,FALSE,8.09973772750253,8.09973772750253
2334,449,FALSE,TRUE,FALSE,FALSE,FALSE,8.09973772750253,8.09973772750253
2335,449,FALSE,TRUE,FALSE,FALSE,FALSE,7.95042021684785,7.95042021684785
2336,449,FALSE,TRUE,FALSE,FALSE,FALSE,8.52564938728719,8.52564938728719
2337,449,FALSE,TRUE,FALSE,FALSE,FALSE,8.09973772750253,8.09973772750253
2338,453,FALSE,TRUE,FALSE,FALSE,FALSE,8.09973772750253,8.09973772750253
2339,453,FALSE,TRUE,FALSE,FALSE,FALSE,8.67376513065725,8.67376513065725
2340,453,FALSE,TRUE,FALSE,FALSE,FALSE,8.52564938728719,8.52564938728719
2341,453,FALSE,TRUE,FALSE,FALSE,FALSE,8.67376513065725,8.67376513065725
2342,453,FALSE,TRUE,FALSE,FALSE,FALSE,8.61247655342625,8.61247655342625
2343,453,FALSE,TRUE,FALSE,FALSE,FALSE,8.52564938728719,8.52564938728719
2344,453,FALSE,TRUE,FALSE,FALSE,FALSE,8.67376513065725,8.67376513065725
2345,453,FALSE,TRUE,FALSE,FALSE,FALSE,8.09973772750253,8.09973772750253
2346,453,FALSE,TRUE,FALSE,FALSE,FALSE,8.09973772750253,8.09973772750253
2347,453,FALSE,TRUE,FALSE,FALSE,FALSE,8.09973772750253,8.09973772750253
2348,453,FALSE,TRUE,FALSE,FALSE,FALSE,8.09973772750253,8.09973772750253
2349,453,FALSE,TRUE,FALSE,FALSE,FALSE,8.67376513065725,8.67376513065725
2350,453,FALSE,TRUE,FALSE,FALSE,FALSE,8.74425260669281,8.74425260669281
2351,453,FALSE,TRUE,FALSE,FALSE,FALSE,8.09973772750253,8.09973772750253
2352,453,FALSE,TRUE,FALSE,FALSE,FALSE,8.74425260669281,8.74425260669281
2353,455,FALSE,TRUE,FALSE,FALSE,FALSE,8.67376513065725,8.67376513065725
2354,455,FALSE,TRUE,FALSE,FALSE,FALSE,9.10420148009622,9.10420148009622
2355,455,FALSE,TRUE,FALSE,FALSE,FALSE,8.09973772750253,8.09973772750253
2356,455,FALSE,TRUE,FALSE,FALSE,FALSE,8.09973772750253,8.09973772750253
2357,455,FALSE,TRUE,FALSE,FALSE,FALSE,8.09973772750253,8.09973772750253
2358,455,FALSE,TRUE,FALSE,FALSE,FALSE,8.67376513065725,8.67376513065725
2359,455,FALSE,TRUE,FALSE,FALSE,FALSE,8.5434184442636,8.5434184442636
2360,455,FALSE,TRUE,FALSE,FALSE,FALSE,8.61247655342625,8.61247655342625
2361,455,FALSE,TRUE,FALSE,FALSE,FALSE,8.74425260669281,8.74425260669281
2362,455,FALSE,TRUE,FALSE,FALSE,FALSE,8.5434184442636,8.5434184442636
2363,455,FALSE,TRUE,FALSE,FALSE,FALSE,9.10420148009622,9.10420148009622
2364,455,FALSE,TRUE,FALSE,FALSE,FALSE,8.74425260669281,8.74425260669281
2365,455,FALSE,TRUE,FALSE,FALSE,FALSE,8.74425260669281,8.74425260669281
2366,455,FALSE,TRUE,FALSE,FALSE,FALSE,8.39530270089355,8.39530270089355
2367,461,FALSE,TRUE,FALSE,FALSE,FALSE,9.10420148009622,9.10420148009622
2368,461,FALSE,FALSE,FALSE,TRUE,FALSE,8.67376513065725,8.67376513065725
2369,461,FALSE,TRUE,FALSE,FALSE,FALSE,9.11384076728591,9.11384076728591
2370,461,FALSE,TRUE,FALSE,FALSE,FALSE,8.74425260669281,8.74425260669281
2371,461,FALSE,TRUE,FALSE,FALSE,FALSE,8.67376513065725,8.67376513065725
2372,462,FALSE,TRUE,FALSE,FALSE,FALSE,8.67376513065725,8.67376513065725
2373,462,FALSE,TRUE,FALSE,FALSE,FALSE,8.67376513065725,8.67376513065725
2374,462,FALSE,TRUE,FALSE,FALSE,FALSE,8.74425260669281,8.74425260669281
2375,462,FALSE,TRUE,FALSE,FALSE,FALSE,8.52564938728719,8.52564938728719
2376,462,FALSE,TRUE,FALSE,FALSE,FALSE,8.74425260669281,8.74425260669281
2377,462,FALSE,TRUE,FALSE,FALSE,FALSE,8.74425260669281,8.74425260669281
2378,462,FALSE,TRUE,FALSE,FALSE,FALSE,8.5434184442636,8.5434184442636
2379,462,FALSE,TRUE,FALSE,FALSE,FALSE,8.09973772750253,8.09973772750253
2380,462,FALSE,TRUE,FALSE,FALSE,FALSE,8.09973772750253,8.09973772750253
2381,462,FALSE,TRUE,FALSE,FALSE,FALSE,8.74425260669281,8.74425260669281
2382,462,FALSE,TRUE,FALSE,FALSE,FALSE,8.67376513065725,8.67376513065725
2383,462,FALSE,TRUE,FALSE,FALSE,FALSE,8.09973772750253,8.09973772750253
2384,462,FALSE,TRUE,FALSE,FALSE,FALSE,8.52564938728719,8.52564938728719
2385,462,FALSE,TRUE,FALSE,FALSE,FALSE,8.74425260669281,8.74425260669281
2386,462,FALSE,TRUE,FALSE,FALSE,FALSE,8.74425260669281,8.74425260669281
2387,463,FALSE,TRUE,FALSE,FALSE,FALSE,8.5434184442636,8.5434184442636
2388,463,FALSE,TRUE,FALSE,FALSE,FALSE,8.67376513065725,8.67376513065725
2389,463,FALSE,TRUE,FALSE,FALSE,FALSE,8.74425260669281,8.74425260669281
2390,463,FALSE,FALSE,TRUE,TRUE,TRUE,7.76030581609504,9.01368850400637
2391,463,FALSE,TRUE,FALSE,FALSE,FALSE,8.5434184442636,8.5434184442636
2392,463,FALSE,TRUE,FALSE,FALSE,FALSE,8.5434184442636,8.5434184442636
2393,463,FALSE,FALSE,FALSE,TRUE,FALSE,8.5434184442636,8.5434184442636
2394,463,FALSE,TRUE,FALSE,FALSE,FALSE,8.67376513065725,8.67376513065725
2395,463,FALSE,TRUE,FALSE,FALSE,FALSE,8.74425260669281,8.74425260669281
2396,463,TRUE,TRUE,FALSE,FALSE,FALSE,8.74425260669281,8.74425260669281
2397,463,FALSE,TRUE,FALSE,FALSE,FALSE,8.67376513065725,8.67376513065725
2398,463,FALSE,TRUE,FALSE,FALSE,FALSE,8.52564938728719,8.52564938728719
2399,463,FALSE,TRUE,FALSE,FALSE,FALSE,8.5434184442636,8.5434184442636
2400,463,FALSE,TRUE,FALSE,FALSE,FALSE,9.63423925419815,9.63423925419815
2401,463,FALSE,TRUE,FALSE,FALSE,FALSE,9.5146123294809,9.5146123294809
2402,464,FALSE,TRUE,FALSE,FALSE,FALSE,8.09973772750253,8.09973772750253
2403,464,FALSE,TRUE,FALSE,FALSE,FALSE,8.09973772750253,8.09973772750253
2404,464,FALSE,TRUE,FALSE,FALSE,FALSE,8.09973772750253,8.09973772750253
2405,464,FALSE,TRUE,FALSE,FALSE,FALSE,9.17468895613178,9.17468895613178
2406,464,FALSE,TRUE,FALSE,FALSE,FALSE,8.09973772750253,8.09973772750253
2407,464,FALSE,TRUE,FALSE,FALSE,FALSE,8.09973772750253,8.09973772750253
2408,464,FALSE,TRUE,FALSE,FALSE,FALSE,8.09973772750253,8.09973772750253
2409,464,FALSE,TRUE,FALSE,FALSE,FALSE,8.09973772750253,8.09973772750253
2410,464,FALSE,TRUE,FALSE,FALSE,FALSE,8.09973772750253,8.09973772750253
2411,464,FALSE,TRUE,FALSE,FALSE,FALSE,8.67376513065725,8.67376513065725
2412,464,FALSE,TRUE,FALSE,FALSE,FALSE,8.09973772750253,8.09973772750253
2413,464,FALSE,TRUE,FALSE,FALSE,FALSE,8.67376513065725,8.67376513065725
2414,464,FALSE,TRUE,FALSE,FALSE,FALSE,8.91133328135494,8.91133328135494
2415,464,FALSE,TRUE,FALSE,FALSE,FALSE,8.09973772750253,8.09973772750253
2416,464,FALSE,TRUE,FALSE,FALSE,FALSE,8.74425260669281,8.74425260669281
2417,465,FALSE,TRUE,FALSE,FALSE,FALSE,8.09973772750253,8.09973772750253
2418,465,FALSE,TRUE,FALSE,FALSE,FALSE,8.09973772750253,8.09973772750253
2419,465,FALSE,TRUE,FALSE,FALSE,FALSE,8.09973772750253,8.09973772750253
2420,465,FALSE,TRUE,FALSE,FALSE,FALSE,8.09973772750253,8.09973772750253
2421,465,FALSE,FALSE,FALSE,FALSE,TRUE,7.95042021684785,9.20380290475918
2422,465,FALSE,FALSE,FALSE,FALSE,TRUE,7.95042021684785,9.20380290475918
2423,465,FALSE,TRUE,FALSE,FALSE,FALSE,7.95042021684785,7.95042021684785
2424,465,FALSE,FALSE,FALSE,FALSE,TRUE,7.95042021684785,9.20380290475918
2425,465,FALSE,FALSE,FALSE,FALSE,TRUE,7.95042021684785,9.20380290475918
2426,465,FALSE,TRUE,FALSE,FALSE,FALSE,8.67376513065725,8.67376513065725
2427,465,FALSE,TRUE,FALSE,FALSE,FALSE,8.09973772750253,8.09973772750253
2428,465,FALSE,TRUE,FALSE,FALSE,FALSE,8.09973772750253,8.09973772750253
2429,465,FALSE,TRUE,FALSE,FALSE,FALSE,8.09973772750253,8.09973772750253
2430,465,FALSE,TRUE,FALSE,FALSE,FALSE,8.67376513065725,8.67376513065725
2431,465,FALSE,TRUE,FALSE,FALSE,FALSE,8.67376513065725,8.67376513065725
2432,474,FALSE,TRUE,FALSE,FALSE,FALSE,8.93623258768581,8.93623258768581
2433,474,FALSE,TRUE,FALSE,FALSE,FALSE,8.67376513065725,8.67376513065725
2434,474,FALSE,TRUE,FALSE,FALSE,FALSE,8.52564938728719,8.52564938728719
2435,474,FALSE,TRUE,FALSE,FALSE,FALSE,9.50871750973455,9.50871750973455
2436,474,TRUE,TRUE,FALSE,FALSE,FALSE,9.28146249265884,9.28146249265884
2437,474,FALSE,FALSE,TRUE,FALSE,TRUE,7.76030581609504,9.01368850400637
2438,474,FALSE,TRUE,FALSE,FALSE,FALSE,8.97385479370257,8.97385479370257
2439,474,FALSE,TRUE,FALSE,FALSE,FALSE,8.09973772750253,8.09973772750253
2440,474,FALSE,TRUE,FALSE,FALSE,FALSE,8.97385479370257,8.97385479370257
2441,474,TRUE,TRUE,FALSE,FALSE,FALSE,8.5434184442636,8.5434184442636
2442,474,FALSE,TRUE,FALSE,FALSE,FALSE,8.61390592029916,8.61390592029916
2443,474,FALSE,TRUE,FALSE,FALSE,FALSE,9.5146123294809,9.5146123294809
2444,474,FALSE,TRUE,FALSE,FALSE,FALSE,8.5434184442636,8.5434184442636
2445,474,FALSE,TRUE,FALSE,FALSE,FALSE,8.97385479370257,8.97385479370257
2446,474,FALSE,TRUE,FALSE,FALSE,FALSE,7.95042021684785,7.95042021684785
2447,475,FALSE,TRUE,FALSE,FALSE,FALSE,8.09973772750253,8.09973772750253
2448,475,FALSE,TRUE,FALSE,FALSE,FALSE,8.5434184442636,8.5434184442636
2449,475,FALSE,TRUE,FALSE,FALSE,FALSE,8.09973772750253,8.09973772750253
2450,475,FALSE,TRUE,FALSE,FALSE,FALSE,8.67376513065725,8.67376513065725
2451,475,FALSE,TRUE,FALSE,FALSE,FALSE,8.67376513065725,8.67376513065725
2452,475,FALSE,TRUE,FALSE,FALSE,FALSE,8.67376513065725,8.67376513065725
2453,475,FALSE,TRUE,FALSE,FALSE,FALSE,8.09973772750253,8.09973772750253
2454,475,FALSE,TRUE,FALSE,FALSE,FALSE,8.61390592029916,8.61390592029916
2455,475,FALSE,TRUE,FALSE,FALSE,FALSE,8.67376513065725,8.67376513065725
2456,475,FALSE,TRUE,FALSE,FALSE,FALSE,8.67376513065725,8.67376513065725
2457,475,FALSE,TRUE,FALSE,FALSE,FALSE,8.67376513065725,8.67376513065725
2458,475,FALSE,TRUE,FALSE,FALSE,FALSE,8.98901690746856,8.98901690746856
2459,475,FALSE,TRUE,FALSE,FALSE,FALSE,8.09973772750253,8.09973772750253
2460,475,FALSE,TRUE,FALSE,FALSE,FALSE,8.09973772750253,8.09973772750253
2461,475,FALSE,TRUE,FALSE,FALSE,FALSE,8.67376513065725,8.67376513065725
2462,476,FALSE,TRUE,FALSE,FALSE,FALSE,8.67376513065725,8.67376513065725
2463,476,FALSE,TRUE,FALSE,FALSE,FALSE,8.67376513065725,8.67376513065725
2464,476,FALSE,TRUE,FALSE,FALSE,FALSE,8.67376513065725,8.67376513065725
2465,476,FALSE,TRUE,FALSE,FALSE,FALSE,8.67376513065725,8.67376513065725
2466,476,FALSE,TRUE,FALSE,FALSE,FALSE,8.67376513065725,8.67376513065725
2467,476,FALSE,TRUE,FALSE,FALSE,FALSE,8.52564938728719,8.52564938728719
2468,476,FALSE,TRUE,FALSE,FALSE,FALSE,9.07518599565752,9.07518599565752
2469,476,FALSE,TRUE,FALSE,FALSE,FALSE,9.10420148009622,9.10420148009622
2470,476,FALSE,TRUE,FALSE,FALSE,FALSE,8.09973772750253,8.09973772750253
2471,476,FALSE,TRUE,FALSE,FALSE,FALSE,9.10420148009622,9.10420148009622
2472,476,FALSE,FALSE,FALSE,TRUE,FALSE,8.5434184442636,8.5434184442636
2473,476,FALSE,TRUE,FALSE,FALSE,FALSE,8.67376513065725,8.67376513065725
2474,476,FALSE,TRUE,FALSE,FALSE,FALSE,8.67376513065725,8.67376513065725
2475,476,FALSE,TRUE,FALSE,FALSE,FALSE,8.5434184442636,8.5434184442636
2476,476,FALSE,TRUE,FALSE,FALSE,FALSE,8.39530270089355,8.39530270089355
2477,477,FALSE,TRUE,FALSE,FALSE,FALSE,8.09973772750253,8.09973772750253
2478,477,FALSE,TRUE,FALSE,FALSE,FALSE,8.67376513065725,8.67376513065725
2479,477,FALSE,TRUE,FALSE,FALSE,FALSE,8.74425260669281,8.74425260669281
2480,477,FALSE,TRUE,FALSE,FALSE,FALSE,8.67376513065725,8.67376513065725
2481,477,FALSE,TRUE,FALSE,FALSE,FALSE,9.10420148009622,9.10420148009622
2482,477,FALSE,TRUE,FALSE,FALSE,FALSE,8.67376513065725,8.67376513065725
2483,477,FALSE,TRUE,FALSE,FALSE,FALSE,8.67376513065725,8.67376513065725
2484,477,FALSE,TRUE,FALSE,FALSE,FALSE,8.67376513065725,8.67376513065725
2485,477,FALSE,FALSE,FALSE,FALSE,TRUE,7.95042021684785,9.20380290475918
2486,477,FALSE,TRUE,FALSE,FALSE,FALSE,9.10420148009622,9.10420148009622
2487,477,FALSE,TRUE,FALSE,FALSE,FALSE,7.95042021684785,7.95042021684785
2488,477,FALSE,TRUE,FALSE,FALSE,FALSE,8.67376513065725,8.67376513065725
2489,477,FALSE,TRUE,FALSE,FALSE,FALSE,8.74425260669281,8.74425260669281
2490,477,FALSE,TRUE,FALSE,FALSE,FALSE,8.09973772750253,8.09973772750253
2491,477,FALSE,TRUE,FALSE,FALSE,FALSE,8.74425260669281,8.74425260669281
2492,484,FALSE,TRUE,FALSE,FALSE,FALSE,7.78109825550511,7.78109825550511
2493,485,FALSE,TRUE,FALSE,FALSE,FALSE,8.61247655342625,8.61247655342625
2494,485,FALSE,TRUE,FALSE,FALSE,FALSE,8.67376513065725,8.67376513065725
2495,485,FALSE,TRUE,FALSE,FALSE,FALSE,8.09973772750253,8.09973772750253
2496,485,FALSE,TRUE,FALSE,FALSE,FALSE,8.67376513065725,8.67376513065725
2497,485,FALSE,TRUE,FALSE,FALSE,FALSE,8.67376513065725,8.67376513065725
2498,485,FALSE,TRUE,FALSE,FALSE,FALSE,8.5434184442636,8.5434184442636
2499,485,FALSE,TRUE,FALSE,FALSE,FALSE,8.67376513065725,8.67376513065725
2500,485,FALSE,TRUE,FALSE,FALSE,FALSE,8.09973772750253,8.09973772750253
2501,485,FALSE,TRUE,FALSE,FALSE,FALSE,8.67376513065725,8.67376513065725
2502,485,FALSE,TRUE,FALSE,FALSE,FALSE,8.52564938728719,8.52564938728719
2503,485,FALSE,TRUE,FALSE,FALSE,FALSE,8.52564938728719,8.52564938728719
2504,485,FALSE,TRUE,FALSE,FALSE,FALSE,8.74425260669281,8.74425260669281
2505,485,FALSE,TRUE,FALSE,FALSE,FALSE,9.01368850400637,9.01368850400637
2506,485,FALSE,TRUE,FALSE,FALSE,FALSE,8.67376513065725,8.67376513065725
2507,485,FALSE,TRUE,FALSE,FALSE,FALSE,8.09973772750253,8.09973772750253
2508,489,FALSE,TRUE,FALSE,FALSE,FALSE,8.5434184442636,8.5434184442636
2509,489,FALSE,TRUE,FALSE,FALSE,FALSE,8.67376513065725,8.67376513065725
2510,489,FALSE,TRUE,FALSE,FALSE,FALSE,8.5434184442636,8.5434184442636
2511,489,FALSE,TRUE,FALSE,FALSE,FALSE,8.5434184442636,8.5434184442636
2512,489,FALSE,TRUE,FALSE,FALSE,FALSE,9.11384076728591,9.11384076728591
2513,489,FALSE,TRUE,FALSE,FALSE,FALSE,9.10420148009622,9.10420148009622
2514,489,FALSE,TRUE,FALSE,FALSE,FALSE,8.67376513065725,8.67376513065725
2515,489,FALSE,TRUE,FALSE,FALSE,FALSE,8.74425260669281,8.74425260669281
2516,489,FALSE,TRUE,FALSE,FALSE,FALSE,8.67376513065725,8.67376513065725
2517,489,FALSE,TRUE,FALSE,FALSE,FALSE,8.61247655342625,8.61247655342625
2518,489,FALSE,TRUE,FALSE,FALSE,FALSE,8.97385479370257,8.97385479370257
2519,489,FALSE,TRUE,FALSE,FALSE,FALSE,8.85279850211241,8.85279850211241
2520,489,FALSE,TRUE,FALSE,FALSE,FALSE,8.67376513065725,8.67376513065725
2521,489,FALSE,TRUE,FALSE,FALSE,FALSE,9.10420148009622,9.10420148009622
2522,489,FALSE,TRUE,FALSE,FALSE,FALSE,8.52564938728719,8.52564938728719
2523,490,FALSE,TRUE,FALSE,FALSE,FALSE,8.09973772750253,8.09973772750253
2524,490,FALSE,TRUE,FALSE,FALSE,FALSE,8.67376513065725,8.67376513065725
2525,490,FALSE,TRUE,FALSE,FALSE,FALSE,8.09973772750253,8.09973772750253
2526,490,FALSE,TRUE,FALSE,FALSE,FALSE,8.61247655342625,8.61247655342625
2527,490,FALSE,FALSE,FALSE,TRUE,FALSE,9.84118083127655,9.84118083127655
2528,490,FALSE,TRUE,FALSE,FALSE,FALSE,8.61247655342625,8.61247655342625
2529,490,FALSE,TRUE,FALSE,FALSE,FALSE,8.09973772750253,8.09973772750253
2530,490,TRUE,TRUE,FALSE,FALSE,FALSE,9.10420148009622,9.10420148009622
2531,490,FALSE,TRUE,FALSE,FALSE,FALSE,8.67376513065725,8.67376513065725
2532,490,FALSE,TRUE,FALSE,FALSE,FALSE,7.95042021684785,7.95042021684785
2533,490,FALSE,TRUE,FALSE,FALSE,FALSE,8.09973772750253,8.09973772750253
2534,490,FALSE,TRUE,FALSE,FALSE,FALSE,8.09973772750253,8.09973772750253
2535,490,FALSE,TRUE,FALSE,FALSE,FALSE,8.67376513065725,8.67376513065725
2536,490,FALSE,TRUE,FALSE,FALSE,FALSE,8.09973772750253,8.09973772750253
2537,490,FALSE,TRUE,FALSE,FALSE,FALSE,8.61247655342625,8.61247655342625
2538,491,FALSE,TRUE,FALSE,FALSE,FALSE,8.67376513065725,8.67376513065725
2539,491,FALSE,TRUE,FALSE,FALSE,FALSE,8.52564938728719,8.52564938728719
2540,491,FALSE,FALSE,FALSE,TRUE,FALSE,9.30733124525985,9.30733124525985
2541,491,FALSE,TRUE,FALSE,FALSE,FALSE,8.74425260669281,8.74425260669281
2542,491,FALSE,TRUE,FALSE,FALSE,FALSE,8.61390592029916,8.61390592029916
2543,491,FALSE,TRUE,FALSE,FALSE,FALSE,8.5434184442636,8.5434184442636
2544,491,FALSE,TRUE,FALSE,FALSE,FALSE,9.10420148009622,9.10420148009622
2545,491,FALSE,TRUE,FALSE,FALSE,FALSE,8.5434184442636,8.5434184442636
2546,491,FALSE,TRUE,FALSE,FALSE,FALSE,8.5434184442636,8.5434184442636
2547,491,FALSE,TRUE,FALSE,FALSE,FALSE,8.74425260669281,8.74425260669281
2548,492,FALSE,TRUE,FALSE,FALSE,FALSE,8.67376513065725,8.67376513065725
2549,492,FALSE,TRUE,FALSE,FALSE,FALSE,8.61390592029916,8.61390592029916
2550,492,FALSE,TRUE,FALSE,FALSE,FALSE,8.5434184442636,8.5434184442636
2551,492,FALSE,TRUE,FALSE,FALSE,FALSE,8.67376513065725,8.67376513065725
2552,492,FALSE,TRUE,FALSE,FALSE,FALSE,8.39530270089355,8.39530270089355
2553,492,FALSE,TRUE,FALSE,FALSE,FALSE,8.74425260669281,8.74425260669281
2554,492,FALSE,TRUE,FALSE,FALSE,FALSE,8.74425260669281,8.74425260669281
2555,492,FALSE,TRUE,FALSE,FALSE,FALSE,8.61390592029916,8.61390592029916
2556,492,FALSE,TRUE,FALSE,FALSE,FALSE,8.61390592029916,8.61390592029916
2557,492,FALSE,TRUE,FALSE,FALSE,FALSE,9.11384076728591,9.11384076728591
2558,492,FALSE,TRUE,FALSE,FALSE,FALSE,8.67376513065725,8.67376513065725
2559,492,FALSE,TRUE,FALSE,FALSE,FALSE,8.5434184442636,8.5434184442636
2560,492,FALSE,TRUE,FALSE,FALSE,FALSE,7.95042021684785,7.95042021684785
2561,492,FALSE,TRUE,FALSE,FALSE,FALSE,8.5434184442636,8.5434184442636
2562,492,FALSE,TRUE,FALSE,FALSE,FALSE,8.97385479370257,8.97385479370257
2563,503,FALSE,TRUE,FALSE,FALSE,FALSE,8.09973772750253,8.09973772750253
2564,503,FALSE,TRUE,FALSE,FALSE,FALSE,8.67376513065725,8.67376513065725
2565,503,FALSE,TRUE,FALSE,FALSE,FALSE,9.50125745792742,9.50125745792742
2566,503,FALSE,TRUE,FALSE,FALSE,FALSE,9.28956218828344,9.28956218828344
2567,503,FALSE,TRUE,FALSE,FALSE,FALSE,8.98206471401936,8.98206471401936
2568,503,FALSE,TRUE,FALSE,FALSE,FALSE,9.43767793165349,9.43767793165349
2569,503,FALSE,TRUE,FALSE,FALSE,FALSE,8.74425260669281,8.74425260669281
2570,503,FALSE,TRUE,FALSE,FALSE,FALSE,8.46302941948092,8.46302941948092
2571,503,FALSE,TRUE,FALSE,FALSE,FALSE,8.8952375478803,8.8952375478803
2572,503,FALSE,TRUE,FALSE,FALSE,FALSE,8.74425260669281,8.74425260669281
2573,503,FALSE,TRUE,FALSE,FALSE,FALSE,8.74425260669281,8.74425260669281
2574,503,FALSE,TRUE,FALSE,FALSE,FALSE,9.04434226973814,9.04434226973814
2575,503,TRUE,TRUE,FALSE,FALSE,FALSE,8.97385479370257,8.97385479370257
2576,503,FALSE,TRUE,FALSE,FALSE,FALSE,8.97385479370257,8.97385479370257
2577,503,FALSE,TRUE,FALSE,FALSE,FALSE,8.61247655342625,8.61247655342625
2578,504,FALSE,TRUE,FALSE,FALSE,FALSE,8.74425260669281,8.74425260669281
2579,504,FALSE,TRUE,FALSE,FALSE,FALSE,8.74425260669281,8.74425260669281
2580,504,FALSE,TRUE,FALSE,FALSE,FALSE,7.90962332674972,7.90962332674972
2581,504,FALSE,TRUE,FALSE,FALSE,FALSE,8.52564938728719,8.52564938728719
2582,504,FALSE,TRUE,FALSE,FALSE,FALSE,8.74425260669281,8.74425260669281
2583,504,FALSE,TRUE,FALSE,FALSE,FALSE,8.61247655342625,8.61247655342625
2584,504,FALSE,TRUE,FALSE,FALSE,FALSE,8.67376513065725,8.67376513065725
2585,504,FALSE,TRUE,FALSE,FALSE,FALSE,8.67376513065725,8.67376513065725
2586,504,FALSE,TRUE,FALSE,FALSE,FALSE,8.67376513065725,8.67376513065725
2587,504,FALSE,TRUE,FALSE,FALSE,FALSE,8.67376513065725,8.67376513065725
2588,504,FALSE,TRUE,FALSE,FALSE,FALSE,8.09973772750253,8.09973772750253
2589,504,FALSE,TRUE,FALSE,FALSE,FALSE,8.61247655342625,8.61247655342625
2590,504,FALSE,TRUE,FALSE,FALSE,FALSE,8.67376513065725,8.67376513065725
2591,504,FALSE,TRUE,FALSE,FALSE,FALSE,8.67376513065725,8.67376513065725
2592,504,FALSE,TRUE,FALSE,FALSE,FALSE,8.61247655342625,8.61247655342625
2593,505,FALSE,TRUE,FALSE,FALSE,FALSE,8.09973772750253,8.09973772750253
2594,505,FALSE,TRUE,FALSE,FALSE,FALSE,8.09973772750253,8.09973772750253
2595,505,FALSE,TRUE,FALSE,FALSE,FALSE,8.52564938728719,8.52564938728719
2596,505,FALSE,TRUE,FALSE,FALSE,FALSE,8.67376513065725,8.67376513065725
2597,505,FALSE,TRUE,FALSE,FALSE,FALSE,8.52564938728719,8.52564938728719
2598,505,FALSE,TRUE,FALSE,FALSE,FALSE,8.67376513065725,8.67376513065725
2599,505,FALSE,TRUE,FALSE,FALSE,FALSE,8.67376513065725,8.67376513065725
2600,505,FALSE,TRUE,FALSE,FALSE,FALSE,8.61247655342625,8.61247655342625
2601,505,FALSE,TRUE,FALSE,FALSE,FALSE,8.61247655342625,8.61247655342625
2602,505,FALSE,TRUE,FALSE,FALSE,FALSE,8.74425260669281,8.74425260669281
2603,505,FALSE,TRUE,FALSE,FALSE,FALSE,8.74425260669281,8.74425260669281
2604,505,FALSE,TRUE,FALSE,FALSE,FALSE,8.74425260669281,8.74425260669281
2605,505,FALSE,TRUE,FALSE,FALSE,FALSE,8.67376513065725,8.67376513065725
2606,505,FALSE,TRUE,FALSE,FALSE,FALSE,8.67376513065725,8.67376513065725
2607,505,TRUE,TRUE,FALSE,FALSE,FALSE,8.67376513065725,8.67376513065725
2608,506,FALSE,TRUE,FALSE,FALSE,FALSE,8.67376513065725,8.67376513065725
2609,506,FALSE,TRUE,FALSE,FALSE,FALSE,8.61390592029916,8.61390592029916
2610,506,FALSE,FALSE,FALSE,TRUE,FALSE,8.5434184442636,8.5434184442636
2611,506,FALSE,TRUE,FALSE,FALSE,FALSE,8.52564938728719,8.52564938728719
2612,506,FALSE,TRUE,FALSE,FALSE,FALSE,8.09973772750253,8.09973772750253
2613,506,FALSE,TRUE,FALSE,FALSE,FALSE,8.74425260669281,8.74425260669281
2614,506,FALSE,TRUE,FALSE,FALSE,FALSE,8.61390592029916,8.61390592029916
2615,506,FALSE,TRUE,FALSE,FALSE,FALSE,8.67376513065725,8.67376513065725
2616,506,FALSE,TRUE,FALSE,FALSE,FALSE,8.74425260669281,8.74425260669281
2617,506,FALSE,TRUE,FALSE,FALSE,FALSE,8.52564938728719,8.52564938728719
2618,506,FALSE,TRUE,FALSE,FALSE,FALSE,8.52564938728719,8.52564938728719
2619,506,FALSE,TRUE,FALSE,FALSE,FALSE,8.5434184442636,8.5434184442636
2620,506,FALSE,TRUE,FALSE,FALSE,FALSE,8.74425260669281,8.74425260669281
2621,506,FALSE,TRUE,FALSE,FALSE,FALSE,8.5434184442636,8.5434184442636
2622,506,FALSE,TRUE,FALSE,FALSE,FALSE,8.74425260669281,8.74425260669281
2623,507,FALSE,TRUE,FALSE,FALSE,FALSE,8.61247655342625,8.61247655342625
2624,507,FALSE,TRUE,FALSE,FALSE,FALSE,8.74425260669281,8.74425260669281
2625,507,FALSE,TRUE,FALSE,FALSE,FALSE,8.67376513065725,8.67376513065725
2626,507,FALSE,TRUE,FALSE,FALSE,FALSE,8.52564938728719,8.52564938728719
2627,507,FALSE,TRUE,FALSE,FALSE,FALSE,8.5434184442636,8.5434184442636
2628,507,FALSE,TRUE,FALSE,FALSE,FALSE,8.09973772750253,8.09973772750253
2629,507,FALSE,TRUE,FALSE,FALSE,FALSE,8.52564938728719,8.52564938728719
2630,507,FALSE,TRUE,FALSE,FALSE,FALSE,8.67376513065725,8.67376513065725
2631,507,FALSE,TRUE,FALSE,FALSE,FALSE,8.74425260669281,8.74425260669281
2632,507,FALSE,TRUE,FALSE,FALSE,FALSE,7.95042021684785,7.95042021684785
2633,507,FALSE,TRUE,FALSE,FALSE,FALSE,8.67376513065725,8.67376513065725
2634,507,FALSE,TRUE,FALSE,FALSE,FALSE,8.5434184442636,8.5434184442636
2635,507,FALSE,TRUE,FALSE,FALSE,FALSE,8.67376513065725,8.67376513065725
2636,507,FALSE,TRUE,FALSE,FALSE,FALSE,8.67376513065725,8.67376513065725
2637,507,FALSE,TRUE,FALSE,FALSE,FALSE,8.67376513065725,8.67376513065725
2638,508,FALSE,TRUE,FALSE,FALSE,FALSE,8.09973772750253,8.09973772750253
2639,508,FALSE,FALSE,FALSE,FALSE,TRUE,7.95042021684785,9.20380290475918
2640,508,FALSE,TRUE,FALSE,FALSE,FALSE,8.09973772750253,8.09973772750253
2641,508,FALSE,TRUE,FALSE,FALSE,FALSE,8.67376513065725,8.67376513065725
2642,508,FALSE,TRUE,FALSE,FALSE,FALSE,8.09973772750253,8.09973772750253
2643,508,FALSE,TRUE,FALSE,FALSE,FALSE,8.67376513065725,8.67376513065725
2644,508,FALSE,TRUE,FALSE,FALSE,FALSE,8.74425260669281,8.74425260669281
2645,508,FALSE,TRUE,FALSE,FALSE,FALSE,8.09973772750253,8.09973772750253
2646,508,FALSE,TRUE,FALSE,FALSE,FALSE,8.09973772750253,8.09973772750253
2647,508,FALSE,TRUE,FALSE,FALSE,FALSE,8.09973772750253,8.09973772750253
2648,508,FALSE,TRUE,FALSE,FALSE,FALSE,8.09973772750253,8.09973772750253
2649,508,FALSE,TRUE,FALSE,FALSE,FALSE,8.09973772750253,8.09973772750253
2650,508,FALSE,FALSE,FALSE,TRUE,FALSE,9.84118083127655,9.84118083127655
2651,508,FALSE,TRUE,FALSE,FALSE,FALSE,8.67376513065725,8.67376513065725
2652,508,FALSE,FALSE,FALSE,FALSE,TRUE,7.95042021684785,9.20380290475918
2653,509,FALSE,TRUE,FALSE,FALSE,FALSE,8.67376513065725,8.67376513065725
2654,509,FALSE,TRUE,FALSE,FALSE,FALSE,8.67376513065725,8.67376513065725
2655,509,FALSE,TRUE,FALSE,FALSE,FALSE,8.74425260669281,8.74425260669281
2656,509,FALSE,TRUE,FALSE,FALSE,FALSE,8.97385479370257,8.97385479370257
2657,509,FALSE,TRUE,FALSE,FALSE,FALSE,8.5434184442636,8.5434184442636
2658,509,FALSE,TRUE,FALSE,FALSE,FALSE,8.67376513065725,8.67376513065725
2659,509,FALSE,TRUE,FALSE,FALSE,FALSE,8.74425260669281,8.74425260669281
2660,509,FALSE,TRUE,FALSE,FALSE,FALSE,7.95042021684785,7.95042021684785
2661,509,FALSE,TRUE,FALSE,FALSE,FALSE,8.61390592029916,8.61390592029916
2662,509,FALSE,TRUE,FALSE,FALSE,FALSE,8.39530270089355,8.39530270089355
2663,509,FALSE,FALSE,TRUE,FALSE,TRUE,7.8307932921306,9.08417598004193
2664,509,FALSE,TRUE,FALSE,FALSE,FALSE,9.26699362563659,9.26699362563659
2665,513,FALSE,TRUE,FALSE,FALSE,FALSE,9.08417598004193,9.08417598004193
2666,513,FALSE,FALSE,TRUE,FALSE,TRUE,8.59525819517235,9.84864088308368
2667,513,FALSE,TRUE,FALSE,FALSE,FALSE,8.67376513065725,8.67376513065725
2668,513,TRUE,TRUE,FALSE,FALSE,FALSE,9.29600911007529,9.29600911007529
2669,513,FALSE,TRUE,FALSE,FALSE,FALSE,8.5434184442636,8.5434184442636
2670,513,FALSE,TRUE,FALSE,FALSE,FALSE,9.30733124525985,9.30733124525985
2671,513,FALSE,TRUE,FALSE,FALSE,FALSE,8.5434184442636,8.5434184442636
2672,513,FALSE,TRUE,FALSE,FALSE,FALSE,8.97385479370257,8.97385479370257
2673,513,FALSE,TRUE,FALSE,FALSE,FALSE,9.10420148009622,9.10420148009622
2674,513,FALSE,TRUE,FALSE,FALSE,FALSE,9.04434226973814,9.04434226973814
2675,513,FALSE,TRUE,FALSE,FALSE,FALSE,9.84864088308368,9.84864088308368
2676,513,FALSE,TRUE,FALSE,FALSE,FALSE,8.5434184442636,8.5434184442636
2677,513,FALSE,TRUE,FALSE,FALSE,FALSE,9.84864088308368,9.84864088308368
2678,513,TRUE,TRUE,FALSE,FALSE,FALSE,9.44412485344534,9.44412485344534
2679,513,FALSE,TRUE,FALSE,FALSE,FALSE,8.5434184442636,8.5434184442636
2680,516,FALSE,TRUE,FALSE,FALSE,FALSE,8.5434184442636,8.5434184442636
2681,516,FALSE,TRUE,FALSE,FALSE,FALSE,9.10420148009622,9.10420148009622
2682,516,FALSE,TRUE,FALSE,FALSE,FALSE,8.67376513065725,8.67376513065725
2683,516,FALSE,TRUE,FALSE,FALSE,FALSE,8.5434184442636,8.5434184442636
2684,516,FALSE,TRUE,FALSE,FALSE,FALSE,8.67376513065725,8.67376513065725
2685,516,FALSE,TRUE,FALSE,FALSE,FALSE,8.91358787970165,8.91358787970165
2686,516,FALSE,TRUE,FALSE,FALSE,FALSE,8.97385479370257,8.97385479370257
2687,516,FALSE,TRUE,FALSE,FALSE,FALSE,8.5434184442636,8.5434184442636
2688,516,FALSE,TRUE,FALSE,FALSE,FALSE,8.67376513065725,8.67376513065725
2689,516,FALSE,TRUE,FALSE,FALSE,FALSE,8.67376513065725,8.67376513065725
2690,516,FALSE,TRUE,FALSE,FALSE,FALSE,8.5434184442636,8.5434184442636
2691,516,FALSE,TRUE,FALSE,FALSE,FALSE,8.61390592029916,8.61390592029916
2692,516,FALSE,TRUE,FALSE,FALSE,FALSE,8.74425260669281,8.74425260669281
2693,516,FALSE,FALSE,TRUE,FALSE,TRUE,7.8307932921306,9.08417598004193
2694,516,FALSE,TRUE,FALSE,FALSE,FALSE,8.74425260669281,8.74425260669281
2695,517,FALSE,TRUE,FALSE,FALSE,FALSE,8.09973772750253,8.09973772750253
2696,517,FALSE,TRUE,FALSE,FALSE,FALSE,8.09973772750253,8.09973772750253
2697,517,FALSE,TRUE,FALSE,FALSE,FALSE,8.67376513065725,8.67376513065725
2698,517,FALSE,TRUE,FALSE,FALSE,FALSE,8.67376513065725,8.67376513065725
2699,517,FALSE,TRUE,FALSE,FALSE,FALSE,8.09973772750253,8.09973772750253
2700,517,FALSE,TRUE,FALSE,FALSE,FALSE,8.67376513065725,8.67376513065725
2701,517,FALSE,TRUE,FALSE,FALSE,FALSE,8.09973772750253,8.09973772750253
2702,517,FALSE,TRUE,FALSE,FALSE,FALSE,8.67376513065725,8.67376513065725
2703,517,FALSE,TRUE,FALSE,FALSE,FALSE,8.5434184442636,8.5434184442636
2704,517,FALSE,TRUE,FALSE,FALSE,FALSE,9.10420148009622,9.10420148009622
2705,517,FALSE,TRUE,FALSE,FALSE,FALSE,8.52564938728719,8.52564938728719
2706,517,FALSE,TRUE,FALSE,FALSE,FALSE,8.67376513065725,8.67376513065725
2707,517,FALSE,TRUE,FALSE,FALSE,FALSE,8.61390592029916,8.61390592029916
2708,517,FALSE,TRUE,FALSE,FALSE,FALSE,8.09973772750253,8.09973772750253
2709,517,FALSE,FALSE,FALSE,TRUE,FALSE,8.5434184442636,8.5434184442636
2710,518,FALSE,TRUE,FALSE,FALSE,FALSE,7.95042021684785,7.95042021684785
2711,518,FALSE,TRUE,FALSE,FALSE,FALSE,9.26530039641033,9.26530039641033
2712,518,FALSE,TRUE,FALSE,FALSE,FALSE,8.74425260669281,8.74425260669281
2713,518,FALSE,TRUE,FALSE,FALSE,FALSE,8.86387953141006,8.86387953141006
2714,518,FALSE,TRUE,FALSE,FALSE,FALSE,9.23346769200316,9.23346769200316
2715,518,FALSE,FALSE,FALSE,TRUE,FALSE,9.30733124525985,9.30733124525985
2716,518,FALSE,TRUE,FALSE,FALSE,FALSE,8.86387953141006,8.86387953141006
2717,518,FALSE,TRUE,FALSE,FALSE,FALSE,8.67376513065725,8.67376513065725
2718,518,FALSE,TRUE,FALSE,FALSE,FALSE,8.86387953141006,8.86387953141006
2719,518,FALSE,TRUE,FALSE,FALSE,FALSE,8.67376513065725,8.67376513065725
2720,518,FALSE,TRUE,FALSE,FALSE,FALSE,8.74425260669281,8.74425260669281
2721,518,FALSE,FALSE,FALSE,TRUE,FALSE,8.5434184442636,8.5434184442636
2722,518,FALSE,FALSE,FALSE,TRUE,FALSE,8.67376513065725,8.67376513065725
2723,518,FALSE,TRUE,FALSE,FALSE,FALSE,8.61247655342625,8.61247655342625
2724,518,FALSE,TRUE,FALSE,FALSE,FALSE,8.61390592029916,8.61390592029916
2725,519,FALSE,TRUE,FALSE,FALSE,FALSE,8.67376513065725,8.67376513065725
2726,519,FALSE,TRUE,FALSE,FALSE,FALSE,8.5434184442636,8.5434184442636
2727,519,FALSE,TRUE,FALSE,FALSE,FALSE,9.17468895613178,9.17468895613178
2728,519,FALSE,TRUE,FALSE,FALSE,FALSE,8.67376513065725,8.67376513065725
2729,519,FALSE,TRUE,FALSE,FALSE,FALSE,8.67376513065725,8.67376513065725
2730,519,FALSE,TRUE,FALSE,FALSE,FALSE,9.20380290475918,9.20380290475918
2731,519,FALSE,TRUE,FALSE,FALSE,FALSE,8.09973772750253,8.09973772750253
2732,519,FALSE,TRUE,FALSE,FALSE,FALSE,8.67376513065725,8.67376513065725
2733,519,FALSE,TRUE,FALSE,FALSE,FALSE,8.74425260669281,8.74425260669281
2734,519,FALSE,TRUE,FALSE,FALSE,FALSE,8.74425260669281,8.74425260669281
2735,519,FALSE,TRUE,FALSE,FALSE,FALSE,8.5434184442636,8.5434184442636
2736,519,FALSE,TRUE,FALSE,FALSE,FALSE,8.52564938728719,8.52564938728719
2737,519,FALSE,TRUE,FALSE,FALSE,FALSE,9.04434226973814,9.04434226973814
2738,519,FALSE,TRUE,FALSE,FALSE,FALSE,8.74425260669281,8.74425260669281
2739,519,FALSE,TRUE,FALSE,FALSE,FALSE,8.97385479370257,8.97385479370257
2740,527,FALSE,TRUE,FALSE,FALSE,FALSE,8.52564938728719,8.52564938728719
2741,527,FALSE,TRUE,FALSE,FALSE,FALSE,8.09973772750253,8.09973772750253
2742,527,FALSE,TRUE,FALSE,FALSE,FALSE,8.09973772750253,8.09973772750253
2743,527,FALSE,TRUE,FALSE,FALSE,FALSE,8.74425260669281,8.74425260669281
2744,527,FALSE,TRUE,FALSE,FALSE,FALSE,8.74425260669281,8.74425260669281
2745,527,FALSE,TRUE,FALSE,FALSE,FALSE,8.52564938728719,8.52564938728719
2746,527,FALSE,TRUE,FALSE,FALSE,FALSE,8.09973772750253,8.09973772750253
2747,527,FALSE,TRUE,FALSE,FALSE,FALSE,8.52564938728719,8.52564938728719
2748,527,FALSE,TRUE,FALSE,FALSE,FALSE,8.67376513065725,8.67376513065725
2749,527,FALSE,TRUE,FALSE,FALSE,FALSE,8.61390592029916,8.61390592029916
2750,528,FALSE,TRUE,FALSE,FALSE,FALSE,8.09973772750253,8.09973772750253
2751,528,FALSE,TRUE,FALSE,FALSE,FALSE,8.67376513065725,8.67376513065725
2752,528,FALSE,TRUE,FALSE,FALSE,FALSE,8.67376513065725,8.67376513065725
2753,528,FALSE,TRUE,FALSE,FALSE,FALSE,8.74425260669281,8.74425260669281
2754,528,FALSE,TRUE,FALSE,FALSE,FALSE,8.5434184442636,8.5434184442636
2755,528,FALSE,TRUE,FALSE,FALSE,FALSE,8.74425260669281,8.74425260669281
2756,528,FALSE,TRUE,FALSE,FALSE,FALSE,8.09973772750253,8.09973772750253
2757,528,FALSE,TRUE,FALSE,FALSE,FALSE,8.74425260669281,8.74425260669281
2758,528,FALSE,TRUE,FALSE,FALSE,FALSE,8.74425260669281,8.74425260669281
2759,528,FALSE,TRUE,FALSE,FALSE,FALSE,8.67376513065725,8.67376513065725
2760,528,FALSE,TRUE,FALSE,FALSE,FALSE,8.67376513065725,8.67376513065725
2761,528,FALSE,TRUE,FALSE,FALSE,FALSE,8.61390592029916,8.61390592029916
2762,528,FALSE,TRUE,FALSE,FALSE,FALSE,8.52564938728719,8.52564938728719
2763,528,FALSE,TRUE,FALSE,FALSE,FALSE,8.52564938728719,8.52564938728719
2764,528,FALSE,TRUE,FALSE,FALSE,FALSE,8.74425260669281,8.74425260669281
2765,535,FALSE,TRUE,FALSE,FALSE,FALSE,8.74425260669281,8.74425260669281
2766,535,FALSE,TRUE,FALSE,FALSE,FALSE,9.17468895613178,9.17468895613178
2767,535,FALSE,TRUE,FALSE,FALSE,FALSE,8.5434184442636,8.5434184442636
2768,535,FALSE,TRUE,FALSE,FALSE,FALSE,8.86420263054428,8.86420263054428
2769,535,FALSE,TRUE,FALSE,FALSE,FALSE,9.17468895613178,9.17468895613178
2770,535,FALSE,TRUE,FALSE,FALSE,FALSE,8.97385479370257,8.97385479370257
2771,535,FALSE,TRUE,FALSE,FALSE,FALSE,8.97385479370257,8.97385479370257
2772,535,FALSE,TRUE,FALSE,FALSE,FALSE,8.74425260669281,8.74425260669281
2773,535,FALSE,TRUE,FALSE,FALSE,FALSE,8.74425260669281,8.74425260669281
2774,535,FALSE,TRUE,FALSE,FALSE,FALSE,8.52564938728719,8.52564938728719
2775,535,FALSE,TRUE,FALSE,FALSE,FALSE,8.52564938728719,8.52564938728719
2776,535,FALSE,TRUE,FALSE,FALSE,FALSE,8.97385479370257,8.97385479370257
2777,535,FALSE,TRUE,FALSE,FALSE,FALSE,8.67376513065725,8.67376513065725
2778,535,TRUE,TRUE,FALSE,FALSE,FALSE,8.77284647586168,8.77284647586168
2779,535,FALSE,TRUE,FALSE,FALSE,FALSE,8.52564938728719,8.52564938728719
2780,540,FALSE,TRUE,FALSE,FALSE,FALSE,7.95042021684785,7.95042021684785
2781,540,FALSE,TRUE,FALSE,FALSE,FALSE,8.74425260669281,8.74425260669281
2782,540,FALSE,TRUE,FALSE,FALSE,FALSE,8.67376513065725,8.67376513065725
2783,540,FALSE,TRUE,FALSE,FALSE,FALSE,8.5434184442636,8.5434184442636
2784,540,FALSE,TRUE,FALSE,FALSE,FALSE,8.09973772750253,8.09973772750253
2785,540,FALSE,TRUE,FALSE,FALSE,FALSE,8.74425260669281,8.74425260669281
2786,540,FALSE,TRUE,FALSE,FALSE,FALSE,8.74425260669281,8.74425260669281
2787,540,FALSE,TRUE,FALSE,FALSE,FALSE,8.67376513065725,8.67376513065725
2788,540,FALSE,TRUE,FALSE,FALSE,FALSE,8.09973772750253,8.09973772750253
2789,540,FALSE,TRUE,FALSE,FALSE,FALSE,7.95042021684785,7.95042021684785
2790,540,FALSE,TRUE,FALSE,FALSE,FALSE,8.5434184442636,8.5434184442636
2791,540,FALSE,TRUE,FALSE,FALSE,FALSE,8.5434184442636,8.5434184442636
2792,540,FALSE,TRUE,FALSE,FALSE,FALSE,9.04434226973814,9.04434226973814
2793,540,FALSE,TRUE,FALSE,FALSE,FALSE,9.17468895613178,9.17468895613178
2794,540,FALSE,TRUE,FALSE,FALSE,FALSE,8.52564938728719,8.52564938728719
2795,542,FALSE,TRUE,FALSE,FALSE,FALSE,8.5434184442636,8.5434184442636
2796,542,FALSE,TRUE,FALSE,FALSE,FALSE,8.61247655342625,8.61247655342625
2797,542,FALSE,TRUE,FALSE,FALSE,FALSE,8.5434184442636,8.5434184442636
2798,542,FALSE,TRUE,FALSE,FALSE,FALSE,8.5434184442636,8.5434184442636
2799,542,FALSE,TRUE,FALSE,FALSE,FALSE,8.67376513065725,8.67376513065725
2800,542,FALSE,TRUE,FALSE,FALSE,FALSE,9.17468895613178,9.17468895613178
2801,542,FALSE,TRUE,FALSE,FALSE,FALSE,8.67376513065725,8.67376513065725
2802,542,FALSE,TRUE,FALSE,FALSE,FALSE,8.61247655342625,8.61247655342625
2803,542,FALSE,TRUE,FALSE,FALSE,FALSE,8.09973772750253,8.09973772750253
2804,542,FALSE,TRUE,FALSE,FALSE,FALSE,8.86387953141006,8.86387953141006
2805,542,FALSE,TRUE,FALSE,FALSE,FALSE,8.74425260669281,8.74425260669281
2806,542,FALSE,TRUE,FALSE,FALSE,FALSE,8.5434184442636,8.5434184442636
2807,542,FALSE,TRUE,FALSE,FALSE,FALSE,8.67376513065725,8.67376513065725
2808,542,FALSE,TRUE,FALSE,FALSE,FALSE,8.5434184442636,8.5434184442636
2809,542,FALSE,TRUE,FALSE,FALSE,FALSE,8.74425260669281,8.74425260669281
2810,544,FALSE,TRUE,FALSE,FALSE,FALSE,7.95042021684785,7.95042021684785
2811,544,FALSE,TRUE,FALSE,FALSE,FALSE,8.09973772750253,8.09973772750253
2812,544,FALSE,TRUE,FALSE,FALSE,FALSE,7.95042021684785,7.95042021684785
2813,544,FALSE,TRUE,FALSE,FALSE,FALSE,8.67376513065725,8.67376513065725
2814,544,FALSE,TRUE,FALSE,FALSE,FALSE,8.09973772750253,8.09973772750253
2815,544,FALSE,TRUE,FALSE,FALSE,FALSE,8.09973772750253,8.09973772750253
2816,544,FALSE,TRUE,FALSE,FALSE,FALSE,8.67376513065725,8.67376513065725
2817,544,FALSE,TRUE,FALSE,FALSE,FALSE,8.61247655342625,8.61247655342625
2818,544,FALSE,TRUE,FALSE,FALSE,FALSE,8.67376513065725,8.67376513065725
2819,550,FALSE,TRUE,FALSE,FALSE,FALSE,8.67376513065725,8.67376513065725
2820,550,FALSE,TRUE,FALSE,FALSE,FALSE,8.67376513065725,8.67376513065725
2821,550,FALSE,TRUE,FALSE,FALSE,FALSE,8.74425260669281,8.74425260669281
2822,550,FALSE,TRUE,FALSE,FALSE,FALSE,8.67376513065725,8.67376513065725
2823,550,FALSE,TRUE,FALSE,FALSE,FALSE,8.79672356589382,8.79672356589382
2824,550,FALSE,TRUE,FALSE,FALSE,FALSE,8.09973772750253,8.09973772750253
2825,550,FALSE,TRUE,FALSE,FALSE,FALSE,8.33206836606148,8.33206836606148
2826,550,FALSE,TRUE,FALSE,FALSE,FALSE,8.09973772750253,8.09973772750253
2827,550,FALSE,TRUE,FALSE,FALSE,FALSE,8.67376513065725,8.67376513065725
2828,550,FALSE,TRUE,FALSE,FALSE,FALSE,8.97385479370257,8.97385479370257
2829,550,FALSE,TRUE,FALSE,FALSE,FALSE,8.74425260669281,8.74425260669281
2830,550,FALSE,TRUE,FALSE,FALSE,FALSE,8.5434184442636,8.5434184442636
2831,550,FALSE,TRUE,FALSE,FALSE,FALSE,8.39530270089355,8.39530270089355
2832,550,FALSE,TRUE,FALSE,FALSE,FALSE,8.67376513065725,8.67376513065725
2833,550,FALSE,TRUE,FALSE,FALSE,FALSE,8.52564938728719,8.52564938728719
2834,557,FALSE,TRUE,FALSE,FALSE,FALSE,8.67376513065725,8.67376513065725
2835,557,FALSE,TRUE,FALSE,FALSE,FALSE,8.5434184442636,8.5434184442636
2836,557,FALSE,TRUE,FALSE,FALSE,FALSE,9.84864088308368,9.84864088308368
2837,557,FALSE,FALSE,FALSE,TRUE,FALSE,8.5434184442636,8.5434184442636
2838,557,FALSE,FALSE,FALSE,TRUE,FALSE,8.5434184442636,8.5434184442636
2839,557,FALSE,TRUE,FALSE,FALSE,FALSE,8.97385479370257,8.97385479370257
2840,557,FALSE,TRUE,FALSE,FALSE,FALSE,8.5434184442636,8.5434184442636
2841,557,FALSE,TRUE,FALSE,FALSE,FALSE,8.61247655342625,8.61247655342625
2842,557,FALSE,TRUE,FALSE,FALSE,FALSE,9.50816540768905,9.50816540768905
2843,557,FALSE,TRUE,FALSE,FALSE,FALSE,8.5434184442636,8.5434184442636
2844,557,FALSE,TRUE,FALSE,FALSE,FALSE,8.67376513065725,8.67376513065725
2845,557,FALSE,TRUE,FALSE,FALSE,FALSE,8.97385479370257,8.97385479370257
2846,557,FALSE,TRUE,FALSE,FALSE,FALSE,8.67376513065725,8.67376513065725
2847,557,FALSE,TRUE,FALSE,FALSE,FALSE,8.67376513065725,8.67376513065725
2848,557,FALSE,TRUE,FALSE,FALSE,FALSE,8.67376513065725,8.67376513065725
2849,559,FALSE,TRUE,FALSE,FALSE,FALSE,8.09973772750253,8.09973772750253
2850,559,FALSE,TRUE,FALSE,FALSE,FALSE,8.67376513065725,8.67376513065725
2851,559,FALSE,TRUE,FALSE,FALSE,FALSE,8.67376513065725,8.67376513065725
2852,559,FALSE,TRUE,FALSE,FALSE,FALSE,8.09973772750253,8.09973772750253
2853,559,FALSE,TRUE,FALSE,FALSE,FALSE,8.52564938728719,8.52564938728719
2854,559,FALSE,TRUE,FALSE,FALSE,FALSE,8.74425260669281,8.74425260669281
2855,559,FALSE,TRUE,FALSE,FALSE,FALSE,8.09973772750253,8.09973772750253
2856,559,FALSE,TRUE,FALSE,FALSE,FALSE,8.67376513065725,8.67376513065725
2857,559,FALSE,TRUE,FALSE,FALSE,FALSE,8.74425260669281,8.74425260669281
2858,559,FALSE,TRUE,FALSE,FALSE,FALSE,9.10420148009622,9.10420148009622
2859,559,FALSE,TRUE,FALSE,FALSE,FALSE,8.09973772750253,8.09973772750253
2860,559,FALSE,TRUE,FALSE,FALSE,FALSE,8.52564938728719,8.52564938728719
2861,559,FALSE,TRUE,FALSE,FALSE,FALSE,8.67376513065725,8.67376513065725
2862,559,FALSE,TRUE,FALSE,FALSE,FALSE,8.09973772750253,8.09973772750253
2863,559,FALSE,TRUE,FALSE,FALSE,FALSE,8.09973772750253,8.09973772750253
2864,560,FALSE,TRUE,FALSE,FALSE,FALSE,8.74425260669281,8.74425260669281
2865,560,FALSE,TRUE,FALSE,FALSE,FALSE,8.5434184442636,8.5434184442636
2866,560,FALSE,TRUE,FALSE,FALSE,FALSE,8.67376513065725,8.67376513065725
2867,560,FALSE,TRUE,FALSE,FALSE,FALSE,8.67376513065725,8.67376513065725
2868,560,FALSE,TRUE,FALSE,FALSE,FALSE,8.67376513065725,8.67376513065725
2869,560,FALSE,TRUE,FALSE,FALSE,FALSE,8.5434184442636,8.5434184442636
2870,560,FALSE,TRUE,FALSE,FALSE,FALSE,8.67376513065725,8.67376513065725
2871,560,FALSE,TRUE,FALSE,FALSE,FALSE,8.61390592029916,8.61390592029916
2872,560,FALSE,TRUE,FALSE,FALSE,FALSE,8.67376513065725,8.67376513065725
2873,560,FALSE,TRUE,FALSE,FALSE,FALSE,9.10420148009622,9.10420148009622
2874,560,FALSE,TRUE,FALSE,FALSE,FALSE,9.63423925419815,9.63423925419815
2875,565,FALSE,TRUE,FALSE,FALSE,FALSE,8.74425260669281,8.74425260669281
2876,565,FALSE,TRUE,FALSE,FALSE,FALSE,8.67376513065725,8.67376513065725
2877,565,FALSE,TRUE,FALSE,FALSE,FALSE,8.52564938728719,8.52564938728719
2878,565,FALSE,TRUE,FALSE,FALSE,FALSE,8.67376513065725,8.67376513065725
2879,565,FALSE,TRUE,FALSE,FALSE,FALSE,9.04434226973814,9.04434226973814
2880,565,FALSE,TRUE,FALSE,FALSE,FALSE,8.95608573672616,8.95608573672616
2881,565,FALSE,TRUE,FALSE,FALSE,FALSE,8.61247655342625,8.61247655342625
2882,565,FALSE,FALSE,FALSE,TRUE,FALSE,8.5434184442636,8.5434184442636
2883,565,FALSE,TRUE,FALSE,FALSE,FALSE,8.97385479370257,8.97385479370257
2884,565,FALSE,TRUE,FALSE,FALSE,FALSE,8.91133328135494,8.91133328135494
2885,565,FALSE,TRUE,FALSE,FALSE,FALSE,8.74425260669281,8.74425260669281
2886,565,FALSE,TRUE,FALSE,FALSE,FALSE,9.44412485344534,9.44412485344534
2887,565,FALSE,TRUE,FALSE,FALSE,FALSE,8.84084580531938,8.84084580531938
2888,565,FALSE,TRUE,FALSE,FALSE,FALSE,8.97385479370257,8.97385479370257
2889,565,FALSE,TRUE,FALSE,FALSE,FALSE,8.67376513065725,8.67376513065725
2890,569,FALSE,TRUE,FALSE,FALSE,FALSE,8.09973772750253,8.09973772750253
2891,569,FALSE,TRUE,FALSE,FALSE,FALSE,8.74425260669281,8.74425260669281
2892,569,FALSE,TRUE,FALSE,FALSE,FALSE,7.95042021684785,7.95042021684785
2893,569,FALSE,TRUE,FALSE,FALSE,FALSE,8.67376513065725,8.67376513065725
2894,569,FALSE,TRUE,FALSE,FALSE,FALSE,8.84084580531938,8.84084580531938
2895,569,FALSE,TRUE,FALSE,FALSE,FALSE,9.10420148009622,9.10420148009622
2896,569,FALSE,TRUE,FALSE,FALSE,FALSE,8.74425260669281,8.74425260669281
2897,569,FALSE,TRUE,FALSE,FALSE,FALSE,8.67376513065725,8.67376513065725
2898,569,FALSE,TRUE,FALSE,FALSE,FALSE,8.92096221923174,8.92096221923174
2899,569,FALSE,TRUE,FALSE,FALSE,FALSE,8.74425260669281,8.74425260669281
2900,569,FALSE,TRUE,FALSE,FALSE,FALSE,8.67376513065725,8.67376513065725
2901,569,FALSE,TRUE,FALSE,FALSE,FALSE,8.67376513065725,8.67376513065725
2902,569,FALSE,TRUE,FALSE,FALSE,FALSE,8.5434184442636,8.5434184442636
2903,569,FALSE,TRUE,FALSE,FALSE,FALSE,8.5434184442636,8.5434184442636
2904,569,FALSE,TRUE,FALSE,FALSE,FALSE,8.74425260669281,8.74425260669281
2905,572,FALSE,TRUE,FALSE,FALSE,FALSE,8.09973772750253,8.09973772750253
2906,572,FALSE,TRUE,FALSE,FALSE,FALSE,8.67376513065725,8.67376513065725
2907,572,FALSE,TRUE,FALSE,FALSE,FALSE,8.09973772750253,8.09973772750253
2908,572,FALSE,TRUE,FALSE,FALSE,FALSE,8.09973772750253,8.09973772750253
2909,572,FALSE,TRUE,FALSE,FALSE,FALSE,8.67376513065725,8.67376513065725
2910,572,FALSE,TRUE,FALSE,FALSE,FALSE,8.67376513065725,8.67376513065725
2911,572,FALSE,TRUE,FALSE,FALSE,FALSE,8.5434184442636,8.5434184442636
2912,572,FALSE,TRUE,FALSE,FALSE,FALSE,8.67376513065725,8.67376513065725
2913,572,FALSE,TRUE,FALSE,FALSE,FALSE,8.09973772750253,8.09973772750253
2914,572,FALSE,TRUE,FALSE,FALSE,FALSE,8.67376513065725,8.67376513065725
2915,572,FALSE,TRUE,FALSE,FALSE,FALSE,8.09973772750253,8.09973772750253
2916,572,FALSE,TRUE,FALSE,FALSE,FALSE,8.67376513065725,8.67376513065725
2917,572,FALSE,TRUE,FALSE,FALSE,FALSE,8.61247655342625,8.61247655342625
2918,572,FALSE,TRUE,FALSE,FALSE,FALSE,8.67376513065725,8.67376513065725
2919,572,FALSE,TRUE,FALSE,FALSE,FALSE,8.61247655342625,8.61247655342625
2920,576,FALSE,TRUE,FALSE,FALSE,FALSE,8.67376513065725,8.67376513065725
2921,576,FALSE,TRUE,FALSE,FALSE,FALSE,8.67376513065725,8.67376513065725
2922,576,FALSE,TRUE,FALSE,FALSE,FALSE,8.09973772750253,8.09973772750253
2923,576,FALSE,TRUE,FALSE,FALSE,FALSE,8.09973772750253,8.09973772750253
2924,576,FALSE,TRUE,FALSE,FALSE,FALSE,8.09973772750253,8.09973772750253
2925,576,FALSE,TRUE,FALSE,FALSE,FALSE,7.95042021684785,7.95042021684785
2926,576,FALSE,FALSE,FALSE,FALSE,TRUE,7.95042021684785,9.20380290475918
2927,576,FALSE,TRUE,FALSE,FALSE,FALSE,8.09973772750253,8.09973772750253
2928,576,FALSE,TRUE,FALSE,FALSE,FALSE,8.5434184442636,8.5434184442636
2929,576,FALSE,TRUE,FALSE,FALSE,FALSE,8.67376513065725,8.67376513065725
2930,576,FALSE,TRUE,FALSE,FALSE,FALSE,8.09973772750253,8.09973772750253
2931,576,FALSE,TRUE,FALSE,FALSE,FALSE,8.09973772750253,8.09973772750253
2932,576,FALSE,TRUE,FALSE,FALSE,FALSE,8.52564938728719,8.52564938728719
2933,576,FALSE,FALSE,FALSE,FALSE,TRUE,7.95042021684785,9.20380290475918
2934,576,FALSE,TRUE,FALSE,FALSE,FALSE,8.09973772750253,8.09973772750253
2935,578,FALSE,TRUE,FALSE,FALSE,FALSE,8.74425260669281,8.74425260669281
2936,578,FALSE,TRUE,FALSE,FALSE,FALSE,8.97385479370257,8.97385479370257
2937,578,FALSE,TRUE,FALSE,FALSE,FALSE,8.97385479370257,8.97385479370257
2938,578,TRUE,TRUE,FALSE,FALSE,FALSE,8.69273006194932,8.69273006194932
2939,578,FALSE,TRUE,FALSE,FALSE,FALSE,9.10420148009622,9.10420148009622
2940,578,FALSE,TRUE,FALSE,FALSE,FALSE,8.74425260669281,8.74425260669281
2941,578,FALSE,TRUE,FALSE,FALSE,FALSE,8.52564938728719,8.52564938728719
2942,578,FALSE,TRUE,FALSE,FALSE,FALSE,8.74425260669281,8.74425260669281
2943,578,FALSE,TRUE,FALSE,FALSE,FALSE,8.09973772750253,8.09973772750253
2944,578,TRUE,TRUE,FALSE,FALSE,FALSE,8.77955722808838,8.77955722808838
2945,578,FALSE,TRUE,FALSE,FALSE,FALSE,8.5434184442636,8.5434184442636
2946,578,FALSE,TRUE,FALSE,FALSE,FALSE,8.74425260669281,8.74425260669281
2947,578,FALSE,TRUE,FALSE,FALSE,FALSE,8.5434184442636,8.5434184442636
2948,578,FALSE,TRUE,FALSE,FALSE,FALSE,8.5434184442636,8.5434184442636
2949,578,FALSE,TRUE,FALSE,FALSE,FALSE,8.52564938728719,8.52564938728719
2950,579,FALSE,TRUE,FALSE,FALSE,FALSE,8.67376513065725,8.67376513065725
2951,579,FALSE,TRUE,FALSE,FALSE,FALSE,8.09973772750253,8.09973772750253
2952,579,FALSE,TRUE,FALSE,FALSE,FALSE,8.52564938728719,8.52564938728719
2953,579,FALSE,TRUE,FALSE,FALSE,FALSE,9.17468895613178,9.17468895613178
2954,579,FALSE,TRUE,FALSE,FALSE,FALSE,8.09973772750253,8.09973772750253
2955,579,FALSE,TRUE,FALSE,FALSE,FALSE,8.09973772750253,8.09973772750253
2956,579,FALSE,TRUE,FALSE,FALSE,FALSE,8.61247655342625,8.61247655342625
2957,579,FALSE,TRUE,FALSE,FALSE,FALSE,8.09973772750253,8.09973772750253
2958,579,FALSE,TRUE,FALSE,FALSE,FALSE,8.09973772750253,8.09973772750253
2959,579,FALSE,TRUE,FALSE,FALSE,FALSE,8.74425260669281,8.74425260669281
2960,579,FALSE,TRUE,FALSE,FALSE,FALSE,8.5434184442636,8.5434184442636
2961,579,FALSE,TRUE,FALSE,FALSE,FALSE,8.67376513065725,8.67376513065725
2962,579,FALSE,TRUE,FALSE,FALSE,FALSE,8.74425260669281,8.74425260669281
2963,579,FALSE,TRUE,FALSE,FALSE,FALSE,8.09973772750253,8.09973772750253
2964,579,FALSE,TRUE,FALSE,FALSE,FALSE,8.09973772750253,8.09973772750253
2965,579,FALSE,TRUE,FALSE,FALSE,FALSE,8.61247655342625,8.61247655342625
2966,580,FALSE,TRUE,FALSE,FALSE,FALSE,8.52564938728719,8.52564938728719
2967,580,FALSE,TRUE,FALSE,FALSE,FALSE,8.52564938728719,8.52564938728719
2968,580,FALSE,TRUE,FALSE,FALSE,FALSE,8.5434184442636,8.5434184442636
2969,580,FALSE,TRUE,FALSE,FALSE,FALSE,8.74425260669281,8.74425260669281
2970,580,FALSE,TRUE,FALSE,FALSE,FALSE,8.67376513065725,8.67376513065725
2971,580,FALSE,TRUE,FALSE,FALSE,FALSE,8.74425260669281,8.74425260669281
2972,580,FALSE,TRUE,FALSE,FALSE,FALSE,8.74425260669281,8.74425260669281
2973,580,FALSE,TRUE,FALSE,FALSE,FALSE,8.74425260669281,8.74425260669281
2974,580,FALSE,TRUE,FALSE,FALSE,FALSE,8.5434184442636,8.5434184442636
2975,580,FALSE,TRUE,FALSE,FALSE,FALSE,8.74425260669281,8.74425260669281
2976,580,FALSE,TRUE,FALSE,FALSE,FALSE,8.61390592029916,8.61390592029916
2977,580,TRUE,TRUE,FALSE,FALSE,FALSE,9.04434226973814,9.04434226973814
2978,580,FALSE,TRUE,FALSE,FALSE,FALSE,8.61390592029916,8.61390592029916
2979,580,FALSE,TRUE,FALSE,FALSE,FALSE,8.74425260669281,8.74425260669281
2980,580,FALSE,TRUE,FALSE,FALSE,FALSE,8.74425260669281,8.74425260669281
2981,582,FALSE,TRUE,FALSE,FALSE,FALSE,8.09973772750253,8.09973772750253
2982,582,FALSE,TRUE,FALSE,FALSE,FALSE,8.67376513065725,8.67376513065725
2983,582,FALSE,TRUE,FALSE,FALSE,FALSE,8.67376513065725,8.67376513065725
2984,582,FALSE,TRUE,FALSE,FALSE,FALSE,8.52564938728719,8.52564938728719
2985,582,FALSE,TRUE,FALSE,FALSE,FALSE,8.09973772750253,8.09973772750253
2986,582,FALSE,TRUE,FALSE,FALSE,FALSE,8.09973772750253,8.09973772750253
2987,582,FALSE,TRUE,FALSE,FALSE,FALSE,8.09973772750253,8.09973772750253
2988,582,FALSE,TRUE,FALSE,FALSE,FALSE,8.09973772750253,8.09973772750253
2989,582,FALSE,TRUE,FALSE,FALSE,FALSE,8.09973772750253,8.09973772750253
2990,582,FALSE,TRUE,FALSE,FALSE,FALSE,8.74425260669281,8.74425260669281
2991,582,FALSE,TRUE,FALSE,FALSE,FALSE,8.67376513065725,8.67376513065725
2992,582,FALSE,TRUE,FALSE,FALSE,FALSE,8.09973772750253,8.09973772750253
2993,582,FALSE,TRUE,FALSE,FALSE,FALSE,8.67376513065725,8.67376513065725
2994,582,FALSE,TRUE,FALSE,FALSE,FALSE,8.61247655342625,8.61247655342625
2995,582,FALSE,TRUE,FALSE,FALSE,FALSE,8.67376513065725,8.67376513065725
2996,583,FALSE,TRUE,FALSE,FALSE,FALSE,8.91133328135494,8.91133328135494
2997,583,FALSE,TRUE,FALSE,FALSE,FALSE,8.67376513065725,8.67376513065725
2998,583,FALSE,TRUE,FALSE,FALSE,FALSE,8.67376513065725,8.67376513065725
2999,583,FALSE,FALSE,FALSE,FALSE,TRUE,7.95042021684785,9.20380290475918
3000,583,FALSE,TRUE,FALSE,FALSE,FALSE,8.5301740769415,8.5301740769415
3001,583,FALSE,TRUE,FALSE,FALSE,FALSE,8.09973772750253,8.09973772750253
3002,583,FALSE,TRUE,FALSE,FALSE,FALSE,8.27077978883048,8.27077978883048
3003,583,FALSE,TRUE,FALSE,FALSE,FALSE,8.09973772750253,8.09973772750253
3004,583,FALSE,TRUE,FALSE,FALSE,FALSE,8.67376513065725,8.67376513065725
3005,583,FALSE,TRUE,FALSE,FALSE,FALSE,8.5434184442636,8.5434184442636
3006,583,FALSE,TRUE,FALSE,FALSE,FALSE,9.17468895613178,9.17468895613178
3007,583,FALSE,TRUE,FALSE,FALSE,FALSE,8.67376513065725,8.67376513065725
3008,583,FALSE,TRUE,FALSE,FALSE,FALSE,8.97385479370257,8.97385479370257
3009,583,FALSE,TRUE,FALSE,FALSE,FALSE,8.09973772750253,8.09973772750253
3010,583,FALSE,TRUE,FALSE,FALSE,FALSE,8.97385479370257,8.97385479370257
3011,586,FALSE,TRUE,FALSE,FALSE,FALSE,8.67376513065725,8.67376513065725
3012,586,FALSE,TRUE,FALSE,FALSE,FALSE,8.39530270089355,8.39530270089355
3013,586,FALSE,TRUE,FALSE,FALSE,FALSE,8.74425260669281,8.74425260669281
3014,586,FALSE,TRUE,FALSE,FALSE,FALSE,8.67376513065725,8.67376513065725
3015,586,FALSE,TRUE,FALSE,FALSE,FALSE,9.10420148009622,9.10420148009622
3016,586,FALSE,TRUE,FALSE,FALSE,FALSE,7.95042021684785,7.95042021684785
3017,586,FALSE,TRUE,FALSE,FALSE,FALSE,7.95042021684785,7.95042021684785
3018,586,FALSE,TRUE,FALSE,FALSE,FALSE,8.67376513065725,8.67376513065725
3019,586,FALSE,TRUE,FALSE,FALSE,FALSE,8.67376513065725,8.67376513065725
3020,587,FALSE,TRUE,FALSE,FALSE,FALSE,9.17468895613178,9.17468895613178
3021,587,FALSE,TRUE,FALSE,FALSE,FALSE,8.61390592029916,8.61390592029916
3022,587,FALSE,TRUE,FALSE,FALSE,FALSE,8.5434184442636,8.5434184442636
3023,587,FALSE,TRUE,FALSE,FALSE,FALSE,8.97385479370257,8.97385479370257
3024,587,FALSE,TRUE,FALSE,FALSE,FALSE,8.67376513065725,8.67376513065725
3025,587,FALSE,TRUE,FALSE,FALSE,FALSE,9.10420148009622,9.10420148009622
3026,587,FALSE,TRUE,FALSE,FALSE,FALSE,7.95042021684785,7.95042021684785
3027,587,FALSE,TRUE,FALSE,FALSE,FALSE,8.67376513065725,8.67376513065725
3028,587,FALSE,TRUE,FALSE,FALSE,FALSE,8.52564938728719,8.52564938728719
3029,587,FALSE,TRUE,FALSE,FALSE,FALSE,9.37837082334091,9.37837082334091
3030,587,FALSE,TRUE,FALSE,FALSE,FALSE,8.52564938728719,8.52564938728719
3031,587,FALSE,TRUE,FALSE,FALSE,FALSE,8.5434184442636,8.5434184442636
3032,587,FALSE,TRUE,FALSE,FALSE,FALSE,8.74425260669281,8.74425260669281
3033,587,FALSE,TRUE,FALSE,FALSE,FALSE,8.39530270089355,8.39530270089355
3034,587,FALSE,TRUE,FALSE,FALSE,FALSE,9.10420148009622,9.10420148009622
3035,593,FALSE,TRUE,FALSE,FALSE,FALSE,8.67376513065725,8.67376513065725
3036,593,FALSE,TRUE,FALSE,FALSE,FALSE,8.67376513065725,8.67376513065725
3037,593,FALSE,TRUE,FALSE,FALSE,FALSE,8.09973772750253,8.09973772750253
3038,593,FALSE,TRUE,FALSE,FALSE,FALSE,8.67376513065725,8.67376513065725
3039,593,FALSE,TRUE,FALSE,FALSE,FALSE,8.67376513065725,8.67376513065725
3040,593,FALSE,TRUE,FALSE,FALSE,FALSE,8.74425260669281,8.74425260669281
3041,593,FALSE,TRUE,FALSE,FALSE,FALSE,8.09973772750253,8.09973772750253
3042,593,FALSE,TRUE,FALSE,FALSE,FALSE,8.67376513065725,8.67376513065725
3043,593,FALSE,TRUE,FALSE,FALSE,FALSE,8.09973772750253,8.09973772750253
3044,593,FALSE,TRUE,FALSE,FALSE,FALSE,8.67376513065725,8.67376513065725
3045,593,FALSE,TRUE,FALSE,FALSE,FALSE,8.67376513065725,8.67376513065725
3046,593,FALSE,TRUE,FALSE,FALSE,FALSE,8.67376513065725,8.67376513065725
3047,593,FALSE,TRUE,FALSE,FALSE,FALSE,8.52564938728719,8.52564938728719
3048,593,FALSE,TRUE,FALSE,FALSE,FALSE,8.5434184442636,8.5434184442636
3049,593,FALSE,TRUE,FALSE,FALSE,FALSE,8.67376513065725,8.67376513065725
3050,604,FALSE,TRUE,FALSE,FALSE,FALSE,8.74425260669281,8.74425260669281
3051,604,FALSE,TRUE,FALSE,FALSE,FALSE,8.5434184442636,8.5434184442636
3052,604,TRUE,TRUE,FALSE,FALSE,FALSE,9.11442204213085,9.11442204213085
3053,604,FALSE,TRUE,FALSE,FALSE,FALSE,8.52564938728719,8.52564938728719
3054,604,FALSE,TRUE,FALSE,FALSE,FALSE,8.67376513065725,8.67376513065725
3055,604,FALSE,TRUE,FALSE,FALSE,FALSE,8.61390592029916,8.61390592029916
3056,604,FALSE,TRUE,FALSE,FALSE,FALSE,8.5434184442636,8.5434184442636
3057,604,FALSE,TRUE,FALSE,FALSE,FALSE,8.74425260669281,8.74425260669281
3058,604,FALSE,TRUE,FALSE,FALSE,FALSE,8.61390592029916,8.61390592029916
3059,604,FALSE,TRUE,FALSE,FALSE,FALSE,8.5434184442636,8.5434184442636
3060,604,FALSE,TRUE,FALSE,FALSE,FALSE,8.52564938728719,8.52564938728719
3061,604,FALSE,TRUE,FALSE,FALSE,FALSE,8.95608573672616,8.95608573672616
3062,604,FALSE,TRUE,FALSE,FALSE,FALSE,8.67376513065725,8.67376513065725
3063,604,FALSE,TRUE,FALSE,FALSE,FALSE,8.74425260669281,8.74425260669281
3064,604,FALSE,TRUE,FALSE,FALSE,FALSE,8.61390592029916,8.61390592029916
3065,607,FALSE,TRUE,FALSE,FALSE,FALSE,8.67376513065725,8.67376513065725
3066,607,FALSE,TRUE,FALSE,FALSE,FALSE,8.67376513065725,8.67376513065725
3067,607,TRUE,TRUE,FALSE,FALSE,FALSE,9.37781872129541,9.37781872129541
3068,607,FALSE,TRUE,FALSE,FALSE,FALSE,8.67376513065725,8.67376513065725
3069,607,FALSE,TRUE,FALSE,FALSE,FALSE,8.67376513065725,8.67376513065725
3070,607,FALSE,TRUE,FALSE,FALSE,FALSE,8.5434184442636,8.5434184442636
3071,607,FALSE,TRUE,FALSE,FALSE,FALSE,8.84084580531938,8.84084580531938
3072,607,FALSE,TRUE,FALSE,FALSE,FALSE,8.67376513065725,8.67376513065725
3073,607,TRUE,TRUE,FALSE,FALSE,FALSE,8.97385479370257,8.97385479370257
3074,607,FALSE,TRUE,FALSE,FALSE,FALSE,8.61247655342625,8.61247655342625
3075,607,FALSE,TRUE,FALSE,FALSE,FALSE,9.04335329125035,9.04335329125035
3076,607,FALSE,TRUE,FALSE,FALSE,FALSE,8.5434184442636,8.5434184442636
3077,607,FALSE,TRUE,FALSE,FALSE,FALSE,9.10420148009622,9.10420148009622
3078,607,FALSE,TRUE,FALSE,FALSE,FALSE,9.17468895613178,9.17468895613178
3079,607,FALSE,TRUE,FALSE,FALSE,FALSE,8.97385479370257,8.97385479370257
3080,609,FALSE,TRUE,FALSE,FALSE,FALSE,8.67376513065725,8.67376513065725
3081,609,FALSE,TRUE,FALSE,FALSE,FALSE,8.5434184442636,8.5434184442636
3082,609,FALSE,TRUE,FALSE,FALSE,FALSE,8.74425260669281,8.74425260669281
3083,609,FALSE,TRUE,FALSE,FALSE,FALSE,8.5434184442636,8.5434184442636
3084,609,TRUE,TRUE,FALSE,FALSE,FALSE,8.67376513065725,8.67376513065725
3085,609,FALSE,TRUE,FALSE,FALSE,FALSE,8.74425260669281,8.74425260669281
3086,609,FALSE,TRUE,FALSE,FALSE,FALSE,8.5434184442636,8.5434184442636
3087,609,FALSE,TRUE,FALSE,FALSE,FALSE,8.67376513065725,8.67376513065725
3088,609,FALSE,TRUE,FALSE,FALSE,FALSE,8.67376513065725,8.67376513065725
3089,609,FALSE,TRUE,FALSE,FALSE,FALSE,8.74425260669281,8.74425260669281
3090,609,FALSE,FALSE,FALSE,TRUE,FALSE,9.01368850400637,9.01368850400637
3091,609,FALSE,TRUE,FALSE,FALSE,FALSE,8.5434184442636,8.5434184442636
3092,609,FALSE,TRUE,FALSE,FALSE,FALSE,8.74425260669281,8.74425260669281
3093,609,FALSE,TRUE,FALSE,FALSE,FALSE,8.67376513065725,8.67376513065725
3094,609,FALSE,TRUE,FALSE,FALSE,FALSE,9.04335329125035,9.04335329125035
3095,612,FALSE,TRUE,FALSE,FALSE,FALSE,8.74425260669281,8.74425260669281
3096,612,FALSE,TRUE,FALSE,FALSE,FALSE,8.97385479370257,8.97385479370257
3097,612,FALSE,TRUE,FALSE,FALSE,FALSE,8.5434184442636,8.5434184442636
3098,612,FALSE,TRUE,FALSE,FALSE,FALSE,8.5434184442636,8.5434184442636
3099,612,FALSE,TRUE,FALSE,FALSE,FALSE,8.5434184442636,8.5434184442636
3100,612,FALSE,TRUE,FALSE,FALSE,FALSE,8.52564938728719,8.52564938728719
3101,612,FALSE,TRUE,FALSE,FALSE,FALSE,8.67376513065725,8.67376513065725
3102,612,FALSE,TRUE,FALSE,FALSE,FALSE,8.67376513065725,8.67376513065725
3103,612,FALSE,TRUE,FALSE,FALSE,FALSE,8.5434184442636,8.5434184442636
3104,612,FALSE,TRUE,FALSE,FALSE,FALSE,8.74425260669281,8.74425260669281
3105,612,FALSE,TRUE,FALSE,FALSE,FALSE,7.95042021684785,7.95042021684785
3106,612,FALSE,TRUE,FALSE,FALSE,FALSE,9.17468895613178,9.17468895613178
3107,612,FALSE,TRUE,FALSE,FALSE,FALSE,8.61390592029916,8.61390592029916
3108,612,FALSE,TRUE,FALSE,FALSE,FALSE,8.74425260669281,8.74425260669281
3109,612,FALSE,TRUE,FALSE,FALSE,FALSE,8.74425260669281,8.74425260669281
3110,614,FALSE,TRUE,FALSE,FALSE,FALSE,8.38085656628682,8.38085656628682
3111,614,FALSE,TRUE,FALSE,FALSE,FALSE,9.50816540768905,9.50816540768905
3112,614,FALSE,TRUE,FALSE,FALSE,FALSE,8.09973772750253,8.09973772750253
3113,614,FALSE,TRUE,FALSE,FALSE,FALSE,7.95042021684785,7.95042021684785
3114,614,FALSE,TRUE,FALSE,FALSE,FALSE,8.97385479370257,8.97385479370257
3115,620,FALSE,TRUE,FALSE,FALSE,FALSE,9.62138586600797,9.62138586600797
3116,620,FALSE,TRUE,FALSE,FALSE,FALSE,8.09973772750253,8.09973772750253
3117,620,FALSE,TRUE,FALSE,FALSE,FALSE,8.61247655342625,8.61247655342625
3118,620,FALSE,TRUE,FALSE,FALSE,FALSE,7.95042021684785,7.95042021684785
3119,620,FALSE,TRUE,FALSE,FALSE,FALSE,8.67376513065725,8.67376513065725
3120,620,FALSE,TRUE,FALSE,FALSE,FALSE,8.39530270089355,8.39530270089355
3121,620,FALSE,TRUE,FALSE,FALSE,FALSE,8.74425260669281,8.74425260669281
3122,620,FALSE,TRUE,FALSE,FALSE,FALSE,8.52564938728719,8.52564938728719
3123,620,FALSE,TRUE,FALSE,FALSE,FALSE,8.67376513065725,8.67376513065725
3124,620,FALSE,TRUE,FALSE,FALSE,FALSE,9.04434226973814,9.04434226973814
3125,620,FALSE,TRUE,FALSE,FALSE,FALSE,8.61247655342625,8.61247655342625
3126,620,FALSE,TRUE,FALSE,FALSE,FALSE,8.52564938728719,8.52564938728719
3127,620,FALSE,TRUE,FALSE,FALSE,FALSE,9.04434226973814,9.04434226973814
3128,620,FALSE,TRUE,FALSE,FALSE,FALSE,8.09973772750253,8.09973772750253
3129,620,FALSE,TRUE,FALSE,FALSE,FALSE,8.67376513065725,8.67376513065725
3130,621,FALSE,TRUE,FALSE,FALSE,FALSE,8.5434184442636,8.5434184442636
3131,621,FALSE,TRUE,FALSE,FALSE,FALSE,8.61390592029916,8.61390592029916
3132,621,FALSE,TRUE,FALSE,FALSE,FALSE,8.5434184442636,8.5434184442636
3133,621,FALSE,TRUE,FALSE,FALSE,FALSE,8.74425260669281,8.74425260669281
3134,621,FALSE,TRUE,FALSE,FALSE,FALSE,8.74425260669281,8.74425260669281
3135,621,FALSE,TRUE,FALSE,FALSE,FALSE,9.01389741842653,9.01389741842653
3136,621,FALSE,TRUE,FALSE,FALSE,FALSE,9.10420148009622,9.10420148009622
3137,621,FALSE,TRUE,FALSE,FALSE,FALSE,8.5434184442636,8.5434184442636
3138,621,FALSE,TRUE,FALSE,FALSE,FALSE,8.09973772750253,8.09973772750253
3139,621,FALSE,TRUE,FALSE,FALSE,FALSE,8.61390592029916,8.61390592029916
3140,621,FALSE,TRUE,FALSE,FALSE,FALSE,8.74425260669281,8.74425260669281
3141,621,FALSE,TRUE,FALSE,FALSE,FALSE,8.67376513065725,8.67376513065725
3142,621,FALSE,TRUE,FALSE,FALSE,FALSE,8.5434184442636,8.5434184442636
3143,621,FALSE,TRUE,FALSE,FALSE,FALSE,8.52564938728719,8.52564938728719
3144,621,FALSE,TRUE,FALSE,FALSE,FALSE,8.74425260669281,8.74425260669281
3145,622,FALSE,TRUE,FALSE,FALSE,FALSE,8.5434184442636,8.5434184442636
3146,622,FALSE,TRUE,FALSE,FALSE,FALSE,8.5434184442636,8.5434184442636
3147,622,FALSE,TRUE,FALSE,FALSE,FALSE,8.5434184442636,8.5434184442636
3148,622,FALSE,TRUE,FALSE,FALSE,FALSE,8.09973772750253,8.09973772750253
3149,622,FALSE,TRUE,FALSE,FALSE,FALSE,8.5434184442636,8.5434184442636
3150,622,FALSE,TRUE,FALSE,FALSE,FALSE,8.74425260669281,8.74425260669281
3151,622,FALSE,TRUE,FALSE,FALSE,FALSE,8.5434184442636,8.5434184442636
3152,622,FALSE,TRUE,FALSE,FALSE,FALSE,9.06858558162319,9.06858558162319
3153,622,FALSE,TRUE,FALSE,FALSE,FALSE,8.61247655342625,8.61247655342625
3154,622,FALSE,TRUE,FALSE,FALSE,FALSE,8.5434184442636,8.5434184442636
3155,622,FALSE,TRUE,FALSE,FALSE,FALSE,8.5434184442636,8.5434184442636
3156,622,FALSE,TRUE,FALSE,FALSE,FALSE,8.5434184442636,8.5434184442636
3157,622,FALSE,TRUE,FALSE,FALSE,FALSE,8.97385479370257,8.97385479370257
3158,622,FALSE,TRUE,FALSE,FALSE,FALSE,8.67376513065725,8.67376513065725
3159,622,FALSE,TRUE,FALSE,FALSE,FALSE,8.67376513065725,8.67376513065725
3160,624,FALSE,TRUE,FALSE,FALSE,FALSE,8.5434184442636,8.5434184442636
3161,624,FALSE,TRUE,FALSE,FALSE,FALSE,8.5434184442636,8.5434184442636
3162,624,FALSE,TRUE,FALSE,FALSE,FALSE,8.67376513065725,8.67376513065725
3163,624,FALSE,TRUE,FALSE,FALSE,FALSE,8.74425260669281,8.74425260669281
3164,624,FALSE,TRUE,FALSE,FALSE,FALSE,9.50816540768905,9.50816540768905
3165,624,FALSE,TRUE,FALSE,FALSE,FALSE,8.67376513065725,8.67376513065725
3166,624,FALSE,TRUE,FALSE,FALSE,FALSE,9.04434226973814,9.04434226973814
3167,624,FALSE,TRUE,FALSE,FALSE,FALSE,8.97385479370257,8.97385479370257
3168,624,FALSE,TRUE,FALSE,FALSE,FALSE,8.67376513065725,8.67376513065725
3169,624,TRUE,TRUE,FALSE,FALSE,FALSE,8.74425260669281,8.74425260669281
3170,624,FALSE,TRUE,FALSE,FALSE,FALSE,8.74425260669281,8.74425260669281
3171,624,FALSE,TRUE,FALSE,FALSE,FALSE,8.67376513065725,8.67376513065725
3172,624,TRUE,TRUE,FALSE,FALSE,FALSE,8.82573905033252,8.82573905033252
3173,624,FALSE,TRUE,FALSE,FALSE,FALSE,8.5434184442636,8.5434184442636
3174,624,TRUE,TRUE,FALSE,FALSE,FALSE,8.97385479370257,8.97385479370257
3175,625,FALSE,TRUE,FALSE,FALSE,FALSE,8.84084580531938,8.84084580531938
3176,625,FALSE,TRUE,FALSE,FALSE,FALSE,8.52564938728719,8.52564938728719
3177,625,FALSE,TRUE,FALSE,FALSE,FALSE,8.67376513065725,8.67376513065725
3178,625,FALSE,TRUE,FALSE,FALSE,FALSE,8.67376513065725,8.67376513065725
3179,625,FALSE,TRUE,FALSE,FALSE,FALSE,8.97385479370257,8.97385479370257
3180,625,FALSE,TRUE,FALSE,FALSE,FALSE,8.74425260669281,8.74425260669281
3181,625,FALSE,TRUE,FALSE,FALSE,FALSE,8.67376513065725,8.67376513065725
3182,625,FALSE,TRUE,FALSE,FALSE,FALSE,7.95042021684785,7.95042021684785
3183,625,FALSE,TRUE,FALSE,FALSE,FALSE,8.67376513065725,8.67376513065725
3184,625,FALSE,TRUE,FALSE,FALSE,FALSE,8.74425260669281,8.74425260669281
3185,625,FALSE,TRUE,FALSE,FALSE,FALSE,8.67376513065725,8.67376513065725
3186,625,FALSE,TRUE,FALSE,FALSE,FALSE,8.67376513065725,8.67376513065725
3187,625,FALSE,TRUE,FALSE,FALSE,FALSE,8.67376513065725,8.67376513065725
3188,625,FALSE,TRUE,FALSE,FALSE,FALSE,8.52564938728719,8.52564938728719
3189,625,FALSE,TRUE,FALSE,FALSE,FALSE,8.09973772750253,8.09973772750253
3190,633,FALSE,TRUE,FALSE,FALSE,FALSE,8.5434184442636,8.5434184442636
3191,633,FALSE,TRUE,FALSE,FALSE,FALSE,8.74425260669281,8.74425260669281
3192,633,TRUE,TRUE,FALSE,FALSE,FALSE,9.81476762585848,9.81476762585848
3193,633,FALSE,TRUE,FALSE,FALSE,FALSE,9.04434226973814,9.04434226973814
3194,633,FALSE,TRUE,FALSE,FALSE,FALSE,8.5434184442636,8.5434184442636
3195,633,FALSE,TRUE,FALSE,FALSE,FALSE,8.67376513065725,8.67376513065725
3196,633,FALSE,TRUE,FALSE,FALSE,FALSE,8.67376513065725,8.67376513065725
3197,633,FALSE,TRUE,FALSE,FALSE,FALSE,8.44328052483111,8.44328052483111
3198,633,FALSE,TRUE,FALSE,FALSE,FALSE,8.52564938728719,8.52564938728719
3199,633,FALSE,TRUE,FALSE,FALSE,FALSE,8.52564938728719,8.52564938728719
3200,633,FALSE,TRUE,FALSE,FALSE,FALSE,9.37781872129541,9.37781872129541
3201,633,FALSE,TRUE,FALSE,FALSE,FALSE,8.5434184442636,8.5434184442636
3202,633,FALSE,TRUE,FALSE,FALSE,FALSE,9.37781872129541,9.37781872129541
3203,633,FALSE,TRUE,FALSE,FALSE,FALSE,8.92707025228747,8.92707025228747
3204,633,FALSE,TRUE,FALSE,FALSE,FALSE,9.1924306709362,9.1924306709362
3205,634,FALSE,TRUE,FALSE,FALSE,FALSE,8.74425260669281,8.74425260669281
3206,634,FALSE,TRUE,FALSE,FALSE,FALSE,8.67376513065725,8.67376513065725
3207,634,FALSE,TRUE,FALSE,FALSE,FALSE,8.61247655342625,8.61247655342625
3208,634,FALSE,TRUE,FALSE,FALSE,FALSE,8.67376513065725,8.67376513065725
3209,634,FALSE,TRUE,FALSE,FALSE,FALSE,8.74425260669281,8.74425260669281
3210,634,FALSE,TRUE,FALSE,FALSE,FALSE,8.61247655342625,8.61247655342625
3211,634,FALSE,TRUE,FALSE,FALSE,FALSE,8.67376513065725,8.67376513065725
3212,634,FALSE,TRUE,FALSE,FALSE,FALSE,8.67376513065725,8.67376513065725
3213,634,FALSE,TRUE,FALSE,FALSE,FALSE,8.5434184442636,8.5434184442636
3214,634,FALSE,TRUE,FALSE,FALSE,FALSE,8.09973772750253,8.09973772750253
3215,634,FALSE,TRUE,FALSE,FALSE,FALSE,8.61247655342625,8.61247655342625
3216,634,FALSE,TRUE,FALSE,FALSE,FALSE,8.74425260669281,8.74425260669281
3217,634,FALSE,TRUE,FALSE,FALSE,FALSE,8.74425260669281,8.74425260669281
3218,634,FALSE,TRUE,FALSE,FALSE,FALSE,8.5434184442636,8.5434184442636
3219,634,FALSE,TRUE,FALSE,FALSE,FALSE,8.74425260669281,8.74425260669281
3220,639,FALSE,TRUE,FALSE,FALSE,FALSE,8.74425260669281,8.74425260669281
3221,639,FALSE,TRUE,FALSE,FALSE,FALSE,8.74425260669281,8.74425260669281
3222,639,FALSE,TRUE,FALSE,FALSE,FALSE,9.17468895613178,9.17468895613178
3223,639,FALSE,TRUE,FALSE,FALSE,FALSE,8.5434184442636,8.5434184442636
3224,639,FALSE,TRUE,FALSE,FALSE,FALSE,8.39530270089355,8.39530270089355
3225,639,FALSE,TRUE,FALSE,FALSE,FALSE,8.67376513065725,8.67376513065725
3226,639,FALSE,TRUE,FALSE,FALSE,FALSE,8.09973772750253,8.09973772750253
3227,639,FALSE,TRUE,FALSE,FALSE,FALSE,8.39530270089355,8.39530270089355
3228,639,FALSE,TRUE,FALSE,FALSE,FALSE,8.67376513065725,8.67376513065725
3229,639,FALSE,TRUE,FALSE,FALSE,FALSE,8.67376513065725,8.67376513065725
3230,639,FALSE,TRUE,FALSE,FALSE,FALSE,8.67376513065725,8.67376513065725
3231,639,FALSE,TRUE,FALSE,FALSE,FALSE,8.5434184442636,8.5434184442636
3232,639,FALSE,TRUE,FALSE,FALSE,FALSE,9.04434226973814,9.04434226973814
3233,639,FALSE,FALSE,FALSE,TRUE,FALSE,8.67376513065725,8.67376513065725
3234,639,FALSE,TRUE,FALSE,FALSE,FALSE,9.04434226973814,9.04434226973814
3235,647,FALSE,TRUE,FALSE,FALSE,FALSE,8.09973772750253,8.09973772750253
3236,647,FALSE,TRUE,FALSE,FALSE,FALSE,8.67376513065725,8.67376513065725
3237,647,FALSE,TRUE,FALSE,FALSE,FALSE,8.09973772750253,8.09973772750253
3238,647,FALSE,TRUE,FALSE,FALSE,FALSE,8.09973772750253,8.09973772750253
3239,647,FALSE,TRUE,FALSE,FALSE,FALSE,8.09973772750253,8.09973772750253
3240,647,FALSE,TRUE,FALSE,FALSE,FALSE,8.09973772750253,8.09973772750253
3241,647,FALSE,FALSE,FALSE,FALSE,TRUE,7.95042021684785,9.20380290475918
3242,647,FALSE,TRUE,FALSE,FALSE,FALSE,8.09973772750253,8.09973772750253
3243,647,FALSE,TRUE,FALSE,FALSE,FALSE,8.09973772750253,8.09973772750253
3244,647,FALSE,TRUE,FALSE,FALSE,FALSE,8.09973772750253,8.09973772750253
3245,647,FALSE,TRUE,FALSE,FALSE,FALSE,8.09973772750253,8.09973772750253
3246,647,FALSE,TRUE,FALSE,FALSE,FALSE,8.09973772750253,8.09973772750253
3247,647,FALSE,TRUE,FALSE,FALSE,FALSE,8.09973772750253,8.09973772750253
3248,647,FALSE,TRUE,FALSE,FALSE,FALSE,8.09973772750253,8.09973772750253
3249,647,FALSE,TRUE,FALSE,FALSE,FALSE,8.09973772750253,8.09973772750253
3250,648,FALSE,TRUE,FALSE,FALSE,FALSE,8.67376513065725,8.67376513065725
3251,648,FALSE,TRUE,FALSE,FALSE,FALSE,8.5434184442636,8.5434184442636
3252,648,FALSE,TRUE,FALSE,FALSE,FALSE,8.09973772750253,8.09973772750253
3253,648,FALSE,TRUE,FALSE,FALSE,FALSE,8.67376513065725,8.67376513065725
3254,648,FALSE,TRUE,FALSE,FALSE,FALSE,8.67376513065725,8.67376513065725
3255,648,FALSE,TRUE,FALSE,FALSE,FALSE,8.97385479370257,8.97385479370257
3256,648,FALSE,TRUE,FALSE,FALSE,FALSE,8.67376513065725,8.67376513065725
3257,648,FALSE,TRUE,FALSE,FALSE,FALSE,8.09973772750253,8.09973772750253
3258,648,FALSE,TRUE,FALSE,FALSE,FALSE,8.74425260669281,8.74425260669281
3259,648,FALSE,TRUE,FALSE,FALSE,FALSE,8.74425260669281,8.74425260669281
3260,648,FALSE,TRUE,FALSE,FALSE,FALSE,8.67376513065725,8.67376513065725
3261,648,FALSE,TRUE,FALSE,FALSE,FALSE,8.74425260669281,8.74425260669281
3262,648,FALSE,TRUE,FALSE,FALSE,FALSE,8.67376513065725,8.67376513065725
3263,648,FALSE,TRUE,FALSE,FALSE,FALSE,8.09973772750253,8.09973772750253
3264,648,FALSE,TRUE,FALSE,FALSE,FALSE,8.5434184442636,8.5434184442636
3265,649,FALSE,TRUE,FALSE,FALSE,FALSE,8.67376513065725,8.67376513065725
3266,649,FALSE,TRUE,FALSE,FALSE,FALSE,8.74425260669281,8.74425260669281
3267,649,FALSE,TRUE,FALSE,FALSE,FALSE,8.67376513065725,8.67376513065725
3268,649,FALSE,TRUE,FALSE,FALSE,FALSE,8.67376513065725,8.67376513065725
3269,649,FALSE,TRUE,FALSE,FALSE,FALSE,8.67376513065725,8.67376513065725
3270,649,FALSE,TRUE,FALSE,FALSE,FALSE,8.61247655342625,8.61247655342625
3271,649,FALSE,TRUE,FALSE,FALSE,FALSE,8.52564938728719,8.52564938728719
3272,649,FALSE,TRUE,FALSE,FALSE,FALSE,8.67376513065725,8.67376513065725
3273,649,FALSE,TRUE,FALSE,FALSE,FALSE,8.67376513065725,8.67376513065725
3274,649,FALSE,TRUE,FALSE,FALSE,FALSE,8.67376513065725,8.67376513065725
3275,649,FALSE,TRUE,FALSE,FALSE,FALSE,8.52564938728719,8.52564938728719
3276,649,FALSE,TRUE,FALSE,FALSE,FALSE,8.67376513065725,8.67376513065725
3277,649,FALSE,TRUE,FALSE,FALSE,FALSE,8.5434184442636,8.5434184442636
3278,649,FALSE,TRUE,FALSE,FALSE,FALSE,8.67376513065725,8.67376513065725
3279,649,FALSE,TRUE,FALSE,FALSE,FALSE,8.67376513065725,8.67376513065725
3280,650,FALSE,TRUE,FALSE,FALSE,FALSE,8.5434184442636,8.5434184442636
3281,650,FALSE,TRUE,FALSE,FALSE,FALSE,8.67376513065725,8.67376513065725
3282,650,FALSE,TRUE,FALSE,FALSE,FALSE,8.97385479370257,8.97385479370257
3283,650,FALSE,TRUE,FALSE,FALSE,FALSE,8.67376513065725,8.67376513065725
3284,650,FALSE,TRUE,FALSE,FALSE,FALSE,8.61247655342625,8.61247655342625
3285,650,FALSE,TRUE,FALSE,FALSE,FALSE,8.61247655342625,8.61247655342625
3286,650,TRUE,TRUE,FALSE,FALSE,FALSE,9.37781872129541,9.37781872129541
3287,650,FALSE,TRUE,FALSE,FALSE,FALSE,8.67376513065725,8.67376513065725
3288,650,FALSE,TRUE,FALSE,FALSE,FALSE,8.74425260669281,8.74425260669281
3289,650,FALSE,TRUE,FALSE,FALSE,FALSE,9.10420148009622,9.10420148009622
3290,650,FALSE,TRUE,FALSE,FALSE,FALSE,8.97385479370257,8.97385479370257
3291,650,FALSE,TRUE,FALSE,FALSE,FALSE,8.67376513065725,8.67376513065725
3292,650,FALSE,TRUE,FALSE,FALSE,FALSE,8.67376513065725,8.67376513065725
3293,650,FALSE,TRUE,FALSE,FALSE,FALSE,8.52564938728719,8.52564938728719
3294,650,FALSE,TRUE,FALSE,FALSE,FALSE,8.67376513065725,8.67376513065725
3295,653,FALSE,TRUE,FALSE,FALSE,FALSE,8.09973772750253,8.09973772750253
3296,653,FALSE,TRUE,FALSE,FALSE,FALSE,8.09973772750253,8.09973772750253
3297,653,FALSE,TRUE,FALSE,FALSE,FALSE,8.09973772750253,8.09973772750253
3298,653,FALSE,TRUE,FALSE,FALSE,FALSE,8.67376513065725,8.67376513065725
3299,653,FALSE,TRUE,FALSE,FALSE,FALSE,8.5434184442636,8.5434184442636
3300,653,FALSE,TRUE,FALSE,FALSE,FALSE,8.67376513065725,8.67376513065725
3301,653,FALSE,TRUE,FALSE,FALSE,FALSE,9.10420148009622,9.10420148009622
3302,653,FALSE,TRUE,FALSE,FALSE,FALSE,8.67376513065725,8.67376513065725
3303,653,FALSE,TRUE,FALSE,FALSE,FALSE,8.52564938728719,8.52564938728719
3304,653,FALSE,TRUE,FALSE,FALSE,FALSE,8.67376513065725,8.67376513065725
3305,653,FALSE,TRUE,FALSE,FALSE,FALSE,8.09973772750253,8.09973772750253
3306,653,FALSE,TRUE,FALSE,FALSE,FALSE,8.52564938728719,8.52564938728719
3307,653,FALSE,TRUE,FALSE,FALSE,FALSE,8.09973772750253,8.09973772750253
3308,653,FALSE,TRUE,FALSE,FALSE,FALSE,9.04335329125035,9.04335329125035
3309,653,FALSE,TRUE,FALSE,FALSE,FALSE,8.67376513065725,8.67376513065725
3310,657,FALSE,TRUE,FALSE,FALSE,FALSE,9.04434226973814,9.04434226973814
3311,657,FALSE,TRUE,FALSE,FALSE,FALSE,8.52564938728719,8.52564938728719
3312,657,FALSE,TRUE,FALSE,FALSE,FALSE,8.74425260669281,8.74425260669281
3313,657,FALSE,TRUE,FALSE,FALSE,FALSE,8.74425260669281,8.74425260669281
3314,657,FALSE,TRUE,FALSE,FALSE,FALSE,8.61390592029916,8.61390592029916
3315,657,FALSE,FALSE,FALSE,TRUE,FALSE,8.97385479370257,8.97385479370257
3316,657,FALSE,TRUE,FALSE,FALSE,FALSE,8.5434184442636,8.5434184442636
3317,657,FALSE,TRUE,FALSE,FALSE,FALSE,8.52564938728719,8.52564938728719
3318,657,FALSE,TRUE,FALSE,FALSE,FALSE,8.74425260669281,8.74425260669281
3319,657,FALSE,FALSE,TRUE,FALSE,TRUE,8.26122964156957,9.5146123294809
3320,657,FALSE,TRUE,FALSE,FALSE,FALSE,8.74425260669281,8.74425260669281
3321,657,FALSE,TRUE,FALSE,FALSE,FALSE,8.67376513065725,8.67376513065725
3322,657,FALSE,TRUE,FALSE,FALSE,FALSE,8.67376513065725,8.67376513065725
3323,657,FALSE,TRUE,FALSE,FALSE,FALSE,8.74425260669281,8.74425260669281
3324,657,FALSE,TRUE,FALSE,FALSE,FALSE,8.74425260669281,8.74425260669281
3325,658,FALSE,TRUE,FALSE,FALSE,FALSE,8.74425260669281,8.74425260669281
3326,658,FALSE,TRUE,FALSE,FALSE,FALSE,8.09973772750253,8.09973772750253
3327,658,FALSE,TRUE,FALSE,FALSE,FALSE,8.74425260669281,8.74425260669281
3328,658,FALSE,TRUE,FALSE,FALSE,FALSE,8.67376513065725,8.67376513065725
3329,658,FALSE,TRUE,FALSE,FALSE,FALSE,8.74425260669281,8.74425260669281
3330,658,FALSE,TRUE,FALSE,FALSE,FALSE,8.09973772750253,8.09973772750253
3331,658,FALSE,TRUE,FALSE,FALSE,FALSE,8.67376513065725,8.67376513065725
3332,658,FALSE,TRUE,FALSE,FALSE,FALSE,8.09973772750253,8.09973772750253
3333,658,FALSE,TRUE,FALSE,FALSE,FALSE,8.67376513065725,8.67376513065725
3334,658,FALSE,TRUE,FALSE,FALSE,FALSE,8.09973772750253,8.09973772750253
3335,658,FALSE,TRUE,FALSE,FALSE,FALSE,8.67376513065725,8.67376513065725
3336,658,FALSE,TRUE,FALSE,FALSE,FALSE,8.09973772750253,8.09973772750253
3337,661,FALSE,TRUE,FALSE,FALSE,FALSE,8.67376513065725,8.67376513065725
3338,661,FALSE,TRUE,FALSE,FALSE,FALSE,9.63423925419815,9.63423925419815
3339,661,FALSE,TRUE,FALSE,FALSE,FALSE,8.67376513065725,8.67376513065725
3340,661,FALSE,TRUE,FALSE,FALSE,FALSE,8.67376513065725,8.67376513065725
3341,661,FALSE,TRUE,FALSE,FALSE,FALSE,8.67376513065725,8.67376513065725
3342,661,FALSE,TRUE,FALSE,FALSE,FALSE,8.67376513065725,8.67376513065725
3343,661,FALSE,TRUE,FALSE,FALSE,FALSE,8.67376513065725,8.67376513065725
3344,661,FALSE,TRUE,FALSE,FALSE,FALSE,7.90962332674972,7.90962332674972
3345,661,FALSE,TRUE,FALSE,FALSE,FALSE,8.5434184442636,8.5434184442636
3346,661,FALSE,TRUE,FALSE,FALSE,FALSE,8.74425260669281,8.74425260669281
3347,661,FALSE,TRUE,FALSE,FALSE,FALSE,8.61390592029916,8.61390592029916
3348,661,FALSE,TRUE,FALSE,FALSE,FALSE,8.61247655342625,8.61247655342625
3349,665,FALSE,TRUE,FALSE,FALSE,FALSE,8.74425260669281,8.74425260669281
3350,665,FALSE,TRUE,FALSE,FALSE,FALSE,9.17468895613178,9.17468895613178
3351,665,FALSE,TRUE,FALSE,FALSE,FALSE,8.67376513065725,8.67376513065725
3352,665,FALSE,TRUE,FALSE,FALSE,FALSE,9.10420148009622,9.10420148009622
3353,665,FALSE,TRUE,FALSE,FALSE,FALSE,9.10420148009622,9.10420148009622
3354,665,FALSE,TRUE,FALSE,FALSE,FALSE,8.52564938728719,8.52564938728719
3355,665,FALSE,TRUE,FALSE,FALSE,FALSE,8.52564938728719,8.52564938728719
3356,665,FALSE,TRUE,FALSE,FALSE,FALSE,7.95042021684785,7.95042021684785
3357,665,FALSE,TRUE,FALSE,FALSE,FALSE,7.95042021684785,7.95042021684785
3358,665,FALSE,TRUE,FALSE,FALSE,FALSE,8.67376513065725,8.67376513065725
3359,665,FALSE,TRUE,FALSE,FALSE,FALSE,8.61247655342625,8.61247655342625
3360,665,FALSE,TRUE,FALSE,FALSE,FALSE,7.95042021684785,7.95042021684785
3361,665,FALSE,TRUE,FALSE,FALSE,FALSE,8.74425260669281,8.74425260669281
3362,665,FALSE,TRUE,FALSE,FALSE,FALSE,8.52564938728719,8.52564938728719
3363,665,FALSE,TRUE,FALSE,FALSE,FALSE,8.74425260669281,8.74425260669281
3364,669,FALSE,TRUE,FALSE,FALSE,FALSE,8.09973772750253,8.09973772750253
3365,669,FALSE,TRUE,FALSE,FALSE,FALSE,8.09973772750253,8.09973772750253
3366,669,FALSE,TRUE,FALSE,FALSE,FALSE,8.67376513065725,8.67376513065725
3367,669,FALSE,TRUE,FALSE,FALSE,FALSE,8.09973772750253,8.09973772750253
3368,669,FALSE,TRUE,FALSE,FALSE,FALSE,8.67376513065725,8.67376513065725
3369,669,FALSE,TRUE,FALSE,FALSE,FALSE,8.09973772750253,8.09973772750253
3370,669,FALSE,TRUE,FALSE,FALSE,FALSE,8.09973772750253,8.09973772750253
3371,669,FALSE,TRUE,FALSE,FALSE,FALSE,8.67376513065725,8.67376513065725
3372,669,FALSE,TRUE,FALSE,FALSE,FALSE,8.09973772750253,8.09973772750253
3373,669,FALSE,TRUE,FALSE,FALSE,FALSE,8.09973772750253,8.09973772750253
3374,669,FALSE,TRUE,FALSE,FALSE,FALSE,8.67376513065725,8.67376513065725
3375,669,FALSE,TRUE,FALSE,FALSE,FALSE,9.10420148009622,9.10420148009622
3376,669,FALSE,TRUE,FALSE,FALSE,FALSE,8.67376513065725,8.67376513065725
3377,669,FALSE,TRUE,FALSE,FALSE,FALSE,8.67376513065725,8.67376513065725
3378,669,FALSE,TRUE,FALSE,FALSE,FALSE,8.09973772750253,8.09973772750253
3379,669,FALSE,TRUE,FALSE,FALSE,FALSE,9.17468895613178,9.17468895613178
3380,671,FALSE,TRUE,FALSE,FALSE,FALSE,8.5434184442636,8.5434184442636
3381,671,FALSE,TRUE,FALSE,FALSE,FALSE,8.67376513065725,8.67376513065725
3382,671,FALSE,TRUE,FALSE,FALSE,FALSE,8.09973772750253,8.09973772750253
3383,671,FALSE,TRUE,FALSE,FALSE,FALSE,8.5301740769415,8.5301740769415
3384,671,FALSE,TRUE,FALSE,FALSE,FALSE,8.67376513065725,8.67376513065725
3385,671,FALSE,TRUE,FALSE,FALSE,FALSE,8.67376513065725,8.67376513065725
3386,671,FALSE,TRUE,FALSE,FALSE,FALSE,8.74425260669281,8.74425260669281
3387,671,FALSE,TRUE,FALSE,FALSE,FALSE,8.5434184442636,8.5434184442636
3388,671,FALSE,TRUE,FALSE,FALSE,FALSE,8.67376513065725,8.67376513065725
3389,671,FALSE,TRUE,FALSE,FALSE,FALSE,8.67376513065725,8.67376513065725
3390,671,FALSE,TRUE,FALSE,FALSE,FALSE,8.52564938728719,8.52564938728719
3391,671,FALSE,TRUE,FALSE,FALSE,FALSE,8.52564938728719,8.52564938728719
3392,671,FALSE,TRUE,FALSE,FALSE,FALSE,8.67376513065725,8.67376513065725
3393,671,FALSE,TRUE,FALSE,FALSE,FALSE,8.67376513065725,8.67376513065725
3394,671,FALSE,TRUE,FALSE,FALSE,FALSE,8.67376513065725,8.67376513065725
3395,677,FALSE,TRUE,FALSE,FALSE,FALSE,8.67376513065725,8.67376513065725
3396,677,FALSE,TRUE,FALSE,FALSE,FALSE,8.67376513065725,8.67376513065725
3397,677,FALSE,TRUE,FALSE,FALSE,FALSE,8.67376513065725,8.67376513065725
3398,677,FALSE,TRUE,FALSE,FALSE,FALSE,8.09973772750253,8.09973772750253
3399,677,FALSE,TRUE,FALSE,FALSE,FALSE,8.09973772750253,8.09973772750253
3400,677,FALSE,TRUE,FALSE,FALSE,FALSE,8.67376513065725,8.67376513065725
3401,677,FALSE,TRUE,FALSE,FALSE,FALSE,8.67376513065725,8.67376513065725
3402,677,FALSE,TRUE,FALSE,FALSE,FALSE,8.67376513065725,8.67376513065725
3403,677,FALSE,TRUE,FALSE,FALSE,FALSE,8.67376513065725,8.67376513065725
3404,677,FALSE,TRUE,FALSE,FALSE,FALSE,8.5434184442636,8.5434184442636
3405,677,FALSE,TRUE,FALSE,FALSE,FALSE,8.74425260669281,8.74425260669281
3406,677,FALSE,TRUE,FALSE,FALSE,FALSE,8.67376513065725,8.67376513065725
3407,679,FALSE,TRUE,FALSE,FALSE,FALSE,8.74425260669281,8.74425260669281
3408,679,FALSE,TRUE,FALSE,FALSE,FALSE,8.09973772750253,8.09973772750253
3409,679,FALSE,TRUE,FALSE,FALSE,FALSE,8.67376513065725,8.67376513065725
3410,679,FALSE,TRUE,FALSE,FALSE,FALSE,8.67376513065725,8.67376513065725
3411,679,FALSE,TRUE,FALSE,FALSE,FALSE,8.09973772750253,8.09973772750253
3412,679,FALSE,TRUE,FALSE,FALSE,FALSE,8.74425260669281,8.74425260669281
3413,679,FALSE,TRUE,FALSE,FALSE,FALSE,8.09973772750253,8.09973772750253
3414,679,FALSE,TRUE,FALSE,FALSE,FALSE,8.09973772750253,8.09973772750253
3415,679,FALSE,TRUE,FALSE,FALSE,FALSE,8.09973772750253,8.09973772750253
3416,679,FALSE,TRUE,FALSE,FALSE,FALSE,8.09973772750253,8.09973772750253
3417,679,FALSE,TRUE,FALSE,FALSE,FALSE,8.61247655342625,8.61247655342625
3418,679,FALSE,TRUE,FALSE,FALSE,FALSE,8.74425260669281,8.74425260669281
3419,679,FALSE,TRUE,FALSE,FALSE,FALSE,8.09973772750253,8.09973772750253
3420,679,FALSE,TRUE,FALSE,FALSE,FALSE,8.09973772750253,8.09973772750253
3421,679,FALSE,TRUE,FALSE,FALSE,FALSE,8.09973772750253,8.09973772750253
3422,686,FALSE,TRUE,FALSE,FALSE,FALSE,8.5434184442636,8.5434184442636
3423,686,FALSE,TRUE,FALSE,FALSE,FALSE,8.61390592029916,8.61390592029916
3424,686,FALSE,TRUE,FALSE,FALSE,FALSE,8.52564938728719,8.52564938728719
3425,686,TRUE,TRUE,FALSE,FALSE,FALSE,9.50816540768905,9.50816540768905
3426,686,FALSE,TRUE,FALSE,FALSE,FALSE,9.04434226973814,9.04434226973814
3427,686,FALSE,TRUE,FALSE,FALSE,FALSE,8.5434184442636,8.5434184442636
3428,686,FALSE,TRUE,FALSE,FALSE,FALSE,9.28956218828344,9.28956218828344
3429,686,FALSE,TRUE,FALSE,FALSE,FALSE,9.37837082334091,9.37837082334091
3430,686,FALSE,TRUE,FALSE,FALSE,FALSE,8.61390592029916,8.61390592029916
3431,686,FALSE,TRUE,FALSE,FALSE,FALSE,8.61247655342625,8.61247655342625
3432,686,FALSE,TRUE,FALSE,FALSE,FALSE,8.5434184442636,8.5434184442636
3433,686,FALSE,TRUE,FALSE,FALSE,FALSE,8.52564938728719,8.52564938728719
3434,686,TRUE,TRUE,FALSE,FALSE,FALSE,8.82573905033252,8.82573905033252
3435,686,FALSE,TRUE,FALSE,FALSE,FALSE,9.13661410838649,9.13661410838649
3436,686,TRUE,TRUE,FALSE,FALSE,FALSE,9.04434226973814,9.04434226973814
3437,688,FALSE,TRUE,FALSE,FALSE,FALSE,7.95042021684785,7.95042021684785
3438,688,FALSE,TRUE,FALSE,FALSE,FALSE,7.95042021684785,7.95042021684785
3439,688,FALSE,TRUE,FALSE,FALSE,FALSE,7.95042021684785,7.95042021684785
3440,688,FALSE,TRUE,FALSE,FALSE,FALSE,8.5434184442636,8.5434184442636
3441,688,FALSE,TRUE,FALSE,FALSE,FALSE,8.61247655342625,8.61247655342625
3442,688,FALSE,FALSE,FALSE,FALSE,TRUE,7.95042021684785,9.20380290475918
3443,688,FALSE,FALSE,FALSE,FALSE,TRUE,7.95042021684785,9.20380290475918
3444,688,FALSE,TRUE,FALSE,FALSE,FALSE,7.95042021684785,7.95042021684785
3445,688,FALSE,TRUE,FALSE,FALSE,FALSE,7.95042021684785,7.95042021684785
3446,688,FALSE,TRUE,FALSE,FALSE,FALSE,8.67376513065725,8.67376513065725
3447,688,FALSE,TRUE,FALSE,FALSE,FALSE,7.95042021684785,7.95042021684785
3448,688,FALSE,TRUE,FALSE,FALSE,FALSE,8.67376513065725,8.67376513065725
3449,688,FALSE,TRUE,FALSE,FALSE,FALSE,8.61247655342625,8.61247655342625
3450,688,FALSE,TRUE,FALSE,FALSE,FALSE,8.67376513065725,8.67376513065725
3451,688,FALSE,TRUE,FALSE,FALSE,FALSE,8.67376513065725,8.67376513065725
3452,691,FALSE,TRUE,FALSE,FALSE,FALSE,8.5434184442636,8.5434184442636
3453,691,FALSE,TRUE,FALSE,FALSE,FALSE,8.5434184442636,8.5434184442636
3454,691,FALSE,TRUE,FALSE,FALSE,FALSE,8.67376513065725,8.67376513065725
3455,691,FALSE,TRUE,FALSE,FALSE,FALSE,8.74425260669281,8.74425260669281
3456,691,FALSE,TRUE,FALSE,FALSE,FALSE,8.52564938728719,8.52564938728719
3457,691,FALSE,TRUE,FALSE,FALSE,FALSE,8.5434184442636,8.5434184442636
3458,691,FALSE,TRUE,FALSE,FALSE,FALSE,9.17468895613178,9.17468895613178
3459,691,FALSE,TRUE,FALSE,FALSE,FALSE,8.61390592029916,8.61390592029916
3460,691,FALSE,TRUE,FALSE,FALSE,FALSE,9.01389741842653,9.01389741842653
3461,691,FALSE,TRUE,FALSE,FALSE,FALSE,9.10420148009622,9.10420148009622
3462,691,FALSE,TRUE,FALSE,FALSE,FALSE,8.97385479370257,8.97385479370257
3463,691,FALSE,TRUE,FALSE,FALSE,FALSE,8.5434184442636,8.5434184442636
3464,691,FALSE,TRUE,FALSE,FALSE,FALSE,8.67376513065725,8.67376513065725
3465,691,FALSE,TRUE,FALSE,FALSE,FALSE,8.74425260669281,8.74425260669281
3466,691,FALSE,TRUE,FALSE,FALSE,FALSE,8.74425260669281,8.74425260669281
3467,696,FALSE,TRUE,FALSE,FALSE,FALSE,8.97385479370257,8.97385479370257
3468,696,FALSE,TRUE,FALSE,FALSE,FALSE,8.67376513065725,8.67376513065725
3469,696,FALSE,TRUE,FALSE,FALSE,FALSE,8.52564938728719,8.52564938728719
3470,696,FALSE,TRUE,FALSE,FALSE,FALSE,8.52564938728719,8.52564938728719
3471,696,FALSE,TRUE,FALSE,FALSE,FALSE,8.97385479370257,8.97385479370257
3472,696,FALSE,TRUE,FALSE,FALSE,FALSE,8.74425260669281,8.74425260669281
3473,696,FALSE,TRUE,FALSE,FALSE,FALSE,9.17468895613178,9.17468895613178
3474,696,FALSE,TRUE,FALSE,FALSE,FALSE,8.52564938728719,8.52564938728719
3475,696,FALSE,TRUE,FALSE,FALSE,FALSE,8.67376513065725,8.67376513065725
3476,696,FALSE,TRUE,FALSE,FALSE,FALSE,8.61390592029916,8.61390592029916
3477,696,FALSE,TRUE,FALSE,FALSE,FALSE,8.09973772750253,8.09973772750253
3478,696,FALSE,TRUE,FALSE,FALSE,FALSE,8.97385479370257,8.97385479370257
3479,696,FALSE,TRUE,FALSE,FALSE,FALSE,7.76030581609504,7.76030581609504
3480,696,FALSE,TRUE,FALSE,FALSE,FALSE,8.67376513065725,8.67376513065725
3481,696,FALSE,TRUE,FALSE,FALSE,FALSE,8.5434184442636,8.5434184442636
3482,699,FALSE,TRUE,FALSE,FALSE,FALSE,8.97385479370257,8.97385479370257
3483,699,FALSE,TRUE,FALSE,FALSE,FALSE,7.98011080278528,7.98011080278528
3484,699,FALSE,TRUE,FALSE,FALSE,FALSE,8.52564938728719,8.52564938728719
3485,699,FALSE,TRUE,FALSE,FALSE,FALSE,8.52564938728719,8.52564938728719
3486,699,FALSE,TRUE,FALSE,FALSE,FALSE,8.5434184442636,8.5434184442636
3487,699,FALSE,TRUE,FALSE,FALSE,FALSE,8.5434184442636,8.5434184442636
3488,699,FALSE,TRUE,FALSE,FALSE,FALSE,8.95608573672616,8.95608573672616
3489,699,FALSE,TRUE,FALSE,FALSE,FALSE,8.67376513065725,8.67376513065725
3490,699,FALSE,TRUE,FALSE,FALSE,FALSE,8.67376513065725,8.67376513065725
3491,699,FALSE,TRUE,FALSE,FALSE,FALSE,8.67376513065725,8.67376513065725
3492,699,TRUE,TRUE,FALSE,FALSE,FALSE,9.50816540768905,9.50816540768905
3493,699,FALSE,TRUE,FALSE,FALSE,FALSE,8.67376513065725,8.67376513065725
3494,699,FALSE,TRUE,FALSE,FALSE,FALSE,9.04434226973814,9.04434226973814
3495,699,FALSE,TRUE,FALSE,FALSE,FALSE,8.67376513065725,8.67376513065725
3496,699,FALSE,TRUE,FALSE,FALSE,FALSE,8.52564938728719,8.52564938728719
3497,701,FALSE,TRUE,FALSE,FALSE,FALSE,7.95042021684785,7.95042021684785
3498,701,FALSE,TRUE,FALSE,FALSE,FALSE,8.5434184442636,8.5434184442636
3499,701,FALSE,TRUE,FALSE,FALSE,FALSE,8.74425260669281,8.74425260669281
3500,701,FALSE,TRUE,FALSE,FALSE,FALSE,8.67376513065725,8.67376513065725
3501,701,FALSE,TRUE,FALSE,FALSE,FALSE,8.67376513065725,8.67376513065725
3502,701,FALSE,TRUE,FALSE,FALSE,FALSE,8.67376513065725,8.67376513065725
3503,701,FALSE,TRUE,FALSE,FALSE,FALSE,8.74425260669281,8.74425260669281
3504,701,FALSE,TRUE,FALSE,FALSE,FALSE,8.67376513065725,8.67376513065725
3505,701,FALSE,TRUE,FALSE,FALSE,FALSE,8.67376513065725,8.67376513065725
3506,701,FALSE,TRUE,FALSE,FALSE,FALSE,7.95042021684785,7.95042021684785
3507,701,FALSE,TRUE,FALSE,FALSE,FALSE,8.67376513065725,8.67376513065725
3508,701,FALSE,TRUE,FALSE,FALSE,FALSE,9.04335329125035,9.04335329125035
3509,701,FALSE,TRUE,FALSE,FALSE,FALSE,8.5434184442636,8.5434184442636
3510,701,FALSE,TRUE,FALSE,FALSE,FALSE,8.67376513065725,8.67376513065725
3511,706,FALSE,TRUE,FALSE,FALSE,FALSE,8.67376513065725,8.67376513065725
3512,706,FALSE,TRUE,FALSE,FALSE,FALSE,8.67376513065725,8.67376513065725
3513,706,FALSE,TRUE,FALSE,FALSE,FALSE,8.61247655342625,8.61247655342625
3514,706,FALSE,TRUE,FALSE,FALSE,FALSE,8.67376513065725,8.67376513065725
3515,706,FALSE,TRUE,FALSE,FALSE,FALSE,8.74425260669281,8.74425260669281
3516,706,FALSE,TRUE,FALSE,FALSE,FALSE,9.63423925419815,9.63423925419815
3517,706,FALSE,TRUE,FALSE,FALSE,FALSE,9.10420148009622,9.10420148009622
3518,706,FALSE,TRUE,FALSE,FALSE,FALSE,8.09973772750253,8.09973772750253
3519,706,FALSE,TRUE,FALSE,FALSE,FALSE,8.86557276063631,8.86557276063631
3520,706,FALSE,TRUE,FALSE,FALSE,FALSE,8.5434184442636,8.5434184442636
3521,706,FALSE,FALSE,FALSE,FALSE,TRUE,7.95042021684785,9.20380290475918
3522,706,FALSE,TRUE,FALSE,FALSE,FALSE,8.5434184442636,8.5434184442636
3523,706,FALSE,FALSE,FALSE,FALSE,TRUE,7.95042021684785,9.20380290475918
3524,706,FALSE,TRUE,FALSE,FALSE,FALSE,8.74425260669281,8.74425260669281
3525,706,TRUE,TRUE,FALSE,FALSE,FALSE,8.26681840216466,8.26681840216466
3526,708,FALSE,TRUE,FALSE,FALSE,FALSE,8.67376513065725,8.67376513065725
3527,708,FALSE,FALSE,TRUE,TRUE,TRUE,8.07555759290635,9.32894028081768
3528,708,FALSE,TRUE,FALSE,FALSE,FALSE,8.52564938728719,8.52564938728719
3529,708,FALSE,FALSE,FALSE,FALSE,TRUE,7.95042021684785,9.20380290475918
3530,708,FALSE,TRUE,FALSE,FALSE,FALSE,9.10420148009622,9.10420148009622
3531,708,FALSE,TRUE,FALSE,FALSE,FALSE,8.67376513065725,8.67376513065725
3532,708,FALSE,TRUE,FALSE,FALSE,FALSE,8.09973772750253,8.09973772750253
3533,708,FALSE,TRUE,FALSE,FALSE,FALSE,7.95042021684785,7.95042021684785
3534,708,FALSE,TRUE,FALSE,FALSE,FALSE,8.61247655342625,8.61247655342625
3535,708,FALSE,TRUE,FALSE,FALSE,FALSE,8.74425260669281,8.74425260669281
3536,708,FALSE,TRUE,FALSE,FALSE,FALSE,7.95042021684785,7.95042021684785
3537,708,FALSE,TRUE,FALSE,FALSE,FALSE,8.61247655342625,8.61247655342625
3538,708,FALSE,TRUE,FALSE,FALSE,FALSE,8.61247655342625,8.61247655342625
3539,708,FALSE,TRUE,FALSE,FALSE,FALSE,8.52564938728719,8.52564938728719
3540,708,FALSE,TRUE,FALSE,FALSE,FALSE,8.52564938728719,8.52564938728719
3541,709,FALSE,TRUE,FALSE,FALSE,FALSE,8.67376513065725,8.67376513065725
3542,709,FALSE,TRUE,FALSE,FALSE,FALSE,8.67376513065725,8.67376513065725
3543,709,FALSE,TRUE,FALSE,FALSE,FALSE,8.67376513065725,8.67376513065725
3544,709,FALSE,TRUE,FALSE,FALSE,FALSE,8.97385479370257,8.97385479370257
3545,709,FALSE,TRUE,FALSE,FALSE,FALSE,8.5434184442636,8.5434184442636
3546,709,FALSE,TRUE,FALSE,FALSE,FALSE,8.67376513065725,8.67376513065725
3547,709,FALSE,TRUE,FALSE,FALSE,FALSE,8.67376513065725,8.67376513065725
3548,709,FALSE,TRUE,FALSE,FALSE,FALSE,8.52564938728719,8.52564938728719
3549,709,FALSE,TRUE,FALSE,FALSE,FALSE,8.61247655342625,8.61247655342625
3550,709,FALSE,TRUE,FALSE,FALSE,FALSE,8.5434184442636,8.5434184442636
3551,709,FALSE,TRUE,FALSE,FALSE,FALSE,8.67376513065725,8.67376513065725
3552,709,FALSE,TRUE,FALSE,FALSE,FALSE,8.5434184442636,8.5434184442636
3553,709,FALSE,TRUE,FALSE,FALSE,FALSE,8.67376513065725,8.67376513065725
3554,709,FALSE,TRUE,FALSE,FALSE,FALSE,8.5434184442636,8.5434184442636
3555,709,FALSE,TRUE,FALSE,FALSE,FALSE,8.67376513065725,8.67376513065725
3556,715,TRUE,TRUE,FALSE,FALSE,FALSE,9.04434226973814,9.04434226973814
3557,715,FALSE,TRUE,FALSE,FALSE,FALSE,8.5434184442636,8.5434184442636
3558,715,FALSE,TRUE,FALSE,FALSE,FALSE,8.67376513065725,8.67376513065725
3559,715,FALSE,TRUE,FALSE,FALSE,FALSE,9.50816540768905,9.50816540768905
3560,715,FALSE,TRUE,FALSE,FALSE,FALSE,8.67376513065725,8.67376513065725
3561,715,FALSE,TRUE,FALSE,FALSE,FALSE,9.04434226973814,9.04434226973814
3562,715,FALSE,TRUE,FALSE,FALSE,FALSE,8.67376513065725,8.67376513065725
3563,715,FALSE,TRUE,FALSE,FALSE,FALSE,8.67376513065725,8.67376513065725
3564,715,FALSE,TRUE,FALSE,FALSE,FALSE,8.67376513065725,8.67376513065725
3565,715,FALSE,TRUE,FALSE,FALSE,FALSE,8.5434184442636,8.5434184442636
3566,715,FALSE,TRUE,FALSE,FALSE,FALSE,8.52564938728719,8.52564938728719
3567,715,FALSE,TRUE,FALSE,FALSE,FALSE,8.52564938728719,8.52564938728719
3568,715,FALSE,TRUE,FALSE,FALSE,FALSE,8.61247655342625,8.61247655342625
3569,715,FALSE,TRUE,FALSE,FALSE,FALSE,8.67376513065725,8.67376513065725
3570,715,FALSE,TRUE,FALSE,FALSE,FALSE,8.67376513065725,8.67376513065725
3571,716,FALSE,TRUE,FALSE,FALSE,FALSE,8.09973772750253,8.09973772750253
3572,716,FALSE,TRUE,FALSE,FALSE,FALSE,8.67376513065725,8.67376513065725
3573,716,FALSE,TRUE,FALSE,FALSE,FALSE,8.09973772750253,8.09973772750253
3574,716,FALSE,TRUE,FALSE,FALSE,FALSE,8.26681840216466,8.26681840216466
3575,716,FALSE,TRUE,FALSE,FALSE,FALSE,8.67376513065725,8.67376513065725
3576,716,FALSE,TRUE,FALSE,FALSE,FALSE,8.52564938728719,8.52564938728719
3577,716,FALSE,TRUE,FALSE,FALSE,FALSE,8.09973772750253,8.09973772750253
3578,716,FALSE,TRUE,FALSE,FALSE,FALSE,8.67376513065725,8.67376513065725
3579,716,FALSE,TRUE,FALSE,FALSE,FALSE,8.09973772750253,8.09973772750253
3580,716,FALSE,TRUE,FALSE,FALSE,FALSE,8.52564938728719,8.52564938728719
3581,716,FALSE,TRUE,FALSE,FALSE,FALSE,8.09973772750253,8.09973772750253
3582,716,FALSE,TRUE,FALSE,FALSE,FALSE,8.09973772750253,8.09973772750253
3583,716,FALSE,TRUE,FALSE,FALSE,FALSE,8.09973772750253,8.09973772750253
3584,716,FALSE,TRUE,FALSE,FALSE,FALSE,8.09973772750253,8.09973772750253
3585,716,FALSE,TRUE,FALSE,FALSE,FALSE,8.74425260669281,8.74425260669281
3586,717,FALSE,TRUE,FALSE,FALSE,FALSE,9.04434226973814,9.04434226973814
3587,717,FALSE,TRUE,FALSE,FALSE,FALSE,8.95608573672616,8.95608573672616
3588,717,FALSE,TRUE,FALSE,FALSE,FALSE,8.5434184442636,8.5434184442636
3589,717,FALSE,TRUE,FALSE,FALSE,FALSE,8.67376513065725,8.67376513065725
3590,717,FALSE,TRUE,FALSE,FALSE,FALSE,8.97385479370257,8.97385479370257
3591,717,FALSE,TRUE,FALSE,FALSE,FALSE,8.74425260669281,8.74425260669281
3592,717,TRUE,TRUE,FALSE,FALSE,FALSE,8.26681840216466,8.26681840216466
3593,717,FALSE,TRUE,FALSE,FALSE,FALSE,8.9914496952673,8.9914496952673
3594,717,FALSE,TRUE,FALSE,FALSE,FALSE,8.5434184442636,8.5434184442636
3595,717,FALSE,TRUE,FALSE,FALSE,FALSE,8.97385479370257,8.97385479370257
3596,717,FALSE,TRUE,FALSE,FALSE,FALSE,9.17468895613178,9.17468895613178
3597,717,FALSE,TRUE,FALSE,FALSE,FALSE,8.97385479370257,8.97385479370257
3598,717,FALSE,TRUE,FALSE,FALSE,FALSE,9.10420148009622,9.10420148009622
3599,717,FALSE,TRUE,FALSE,FALSE,FALSE,8.97385479370257,8.97385479370257
3600,717,FALSE,TRUE,FALSE,FALSE,FALSE,8.97385479370257,8.97385479370257
3601,720,FALSE,TRUE,FALSE,FALSE,FALSE,8.67376513065725,8.67376513065725
3602,720,FALSE,TRUE,FALSE,FALSE,FALSE,8.74425260669281,8.74425260669281
3603,720,FALSE,TRUE,FALSE,FALSE,FALSE,8.67376513065725,8.67376513065725
3604,720,FALSE,TRUE,FALSE,FALSE,FALSE,8.74425260669281,8.74425260669281
3605,720,FALSE,TRUE,FALSE,FALSE,FALSE,8.09973772750253,8.09973772750253
3606,720,FALSE,TRUE,FALSE,FALSE,FALSE,8.09973772750253,8.09973772750253
3607,720,FALSE,TRUE,FALSE,FALSE,FALSE,8.09973772750253,8.09973772750253
3608,720,FALSE,TRUE,FALSE,FALSE,FALSE,8.74425260669281,8.74425260669281
3609,720,FALSE,TRUE,FALSE,FALSE,FALSE,8.67376513065725,8.67376513065725
3610,720,FALSE,TRUE,FALSE,FALSE,FALSE,8.52564938728719,8.52564938728719
3611,720,FALSE,TRUE,FALSE,FALSE,FALSE,8.52564938728719,8.52564938728719
3612,720,FALSE,TRUE,FALSE,FALSE,FALSE,8.09973772750253,8.09973772750253
3613,720,FALSE,TRUE,FALSE,FALSE,FALSE,9.10420148009622,9.10420148009622
3614,720,FALSE,TRUE,FALSE,FALSE,FALSE,8.5434184442636,8.5434184442636
3615,720,FALSE,TRUE,FALSE,FALSE,FALSE,8.09973772750253,8.09973772750253
3616,723,FALSE,TRUE,FALSE,FALSE,FALSE,8.74425260669281,8.74425260669281
3617,723,FALSE,TRUE,FALSE,FALSE,FALSE,8.5434184442636,8.5434184442636
3618,723,FALSE,TRUE,FALSE,FALSE,FALSE,8.52564938728719,8.52564938728719
3619,723,FALSE,TRUE,FALSE,FALSE,FALSE,9.50816540768905,9.50816540768905
3620,723,FALSE,TRUE,FALSE,FALSE,FALSE,7.95042021684785,7.95042021684785
3621,723,FALSE,TRUE,FALSE,FALSE,FALSE,8.09973772750253,8.09973772750253
3622,723,FALSE,TRUE,FALSE,FALSE,FALSE,8.5434184442636,8.5434184442636
3623,723,FALSE,TRUE,FALSE,FALSE,FALSE,8.74425260669281,8.74425260669281
3624,723,FALSE,TRUE,FALSE,FALSE,FALSE,8.67376513065725,8.67376513065725
3625,723,FALSE,TRUE,FALSE,FALSE,FALSE,8.61247655342625,8.61247655342625
3626,723,FALSE,TRUE,FALSE,FALSE,FALSE,8.74425260669281,8.74425260669281
3627,723,FALSE,TRUE,FALSE,FALSE,FALSE,8.74425260669281,8.74425260669281
3628,723,FALSE,TRUE,FALSE,FALSE,FALSE,8.5434184442636,8.5434184442636
3629,723,FALSE,TRUE,FALSE,FALSE,FALSE,8.5434184442636,8.5434184442636
3630,723,FALSE,TRUE,FALSE,FALSE,FALSE,8.5434184442636,8.5434184442636
3631,725,FALSE,TRUE,FALSE,FALSE,FALSE,8.61247655342625,8.61247655342625
3632,725,FALSE,TRUE,FALSE,FALSE,FALSE,8.95608573672616,8.95608573672616
3633,725,FALSE,TRUE,FALSE,FALSE,FALSE,8.09973772750253,8.09973772750253
3634,725,FALSE,TRUE,FALSE,FALSE,FALSE,8.09973772750253,8.09973772750253
3635,725,FALSE,TRUE,FALSE,FALSE,FALSE,8.74425260669281,8.74425260669281
3636,725,FALSE,TRUE,FALSE,FALSE,FALSE,8.09973772750253,8.09973772750253
3637,725,FALSE,TRUE,FALSE,FALSE,FALSE,8.67376513065725,8.67376513065725
3638,725,FALSE,TRUE,FALSE,FALSE,FALSE,8.52564938728719,8.52564938728719
3639,725,FALSE,TRUE,FALSE,FALSE,FALSE,8.74425260669281,8.74425260669281
3640,725,FALSE,TRUE,FALSE,FALSE,FALSE,8.67376513065725,8.67376513065725
3641,725,FALSE,TRUE,FALSE,FALSE,FALSE,8.52564938728719,8.52564938728719
3642,725,FALSE,TRUE,FALSE,FALSE,FALSE,8.09973772750253,8.09973772750253
3643,725,FALSE,TRUE,FALSE,FALSE,FALSE,8.67376513065725,8.67376513065725
3644,725,FALSE,TRUE,FALSE,FALSE,FALSE,8.74425260669281,8.74425260669281
3645,725,FALSE,TRUE,FALSE,FALSE,FALSE,8.67376513065725,8.67376513065725
3646,733,FALSE,TRUE,FALSE,FALSE,FALSE,8.97385479370257,8.97385479370257
3647,733,FALSE,TRUE,FALSE,FALSE,FALSE,8.09973772750253,8.09973772750253
3648,733,FALSE,TRUE,FALSE,FALSE,FALSE,8.52564938728719,8.52564938728719
3649,733,FALSE,TRUE,FALSE,FALSE,FALSE,8.09973772750253,8.09973772750253
3650,733,FALSE,TRUE,FALSE,FALSE,FALSE,8.09973772750253,8.09973772750253
3651,733,FALSE,TRUE,FALSE,FALSE,FALSE,8.67376513065725,8.67376513065725
3652,733,FALSE,TRUE,FALSE,FALSE,FALSE,8.09973772750253,8.09973772750253
3653,733,FALSE,TRUE,FALSE,FALSE,FALSE,8.67376513065725,8.67376513065725
3654,733,FALSE,TRUE,FALSE,FALSE,FALSE,8.74425260669281,8.74425260669281
3655,733,FALSE,TRUE,FALSE,FALSE,FALSE,8.52564938728719,8.52564938728719
3656,733,FALSE,TRUE,FALSE,FALSE,FALSE,8.52564938728719,8.52564938728719
3657,733,FALSE,TRUE,FALSE,FALSE,FALSE,8.09973772750253,8.09973772750253
3658,733,FALSE,TRUE,FALSE,FALSE,FALSE,8.74425260669281,8.74425260669281
3659,733,FALSE,TRUE,FALSE,FALSE,FALSE,8.61390592029916,8.61390592029916
3660,733,FALSE,TRUE,FALSE,FALSE,FALSE,8.67376513065725,8.67376513065725
3661,734,FALSE,TRUE,FALSE,FALSE,FALSE,8.67376513065725,8.67376513065725
3662,734,FALSE,FALSE,FALSE,FALSE,TRUE,7.95042021684785,9.20380290475918
3663,734,FALSE,TRUE,FALSE,FALSE,FALSE,9.10420148009622,9.10420148009622
3664,734,FALSE,TRUE,FALSE,FALSE,FALSE,8.67376513065725,8.67376513065725
3665,734,FALSE,TRUE,FALSE,FALSE,FALSE,7.95042021684785,7.95042021684785
3666,734,FALSE,TRUE,FALSE,FALSE,FALSE,8.09973772750253,8.09973772750253
3667,734,FALSE,FALSE,FALSE,FALSE,TRUE,7.95042021684785,9.20380290475918
3668,734,FALSE,TRUE,FALSE,FALSE,FALSE,8.67376513065725,8.67376513065725
3669,734,FALSE,TRUE,FALSE,FALSE,FALSE,8.84084580531938,8.84084580531938
3670,734,FALSE,TRUE,FALSE,FALSE,FALSE,9.11442204213085,9.11442204213085
3671,734,FALSE,TRUE,FALSE,FALSE,FALSE,8.09973772750253,8.09973772750253
3672,734,FALSE,TRUE,FALSE,FALSE,FALSE,8.67376513065725,8.67376513065725
3673,734,FALSE,TRUE,FALSE,FALSE,FALSE,8.09973772750253,8.09973772750253
3674,734,FALSE,TRUE,FALSE,FALSE,FALSE,8.09973772750253,8.09973772750253
3675,734,FALSE,TRUE,FALSE,FALSE,FALSE,8.09973772750253,8.09973772750253
3676,735,FALSE,TRUE,FALSE,FALSE,FALSE,8.46932588809564,8.46932588809564
3677,735,FALSE,TRUE,FALSE,FALSE,FALSE,8.09973772750253,8.09973772750253
3678,735,FALSE,TRUE,FALSE,FALSE,FALSE,8.09973772750253,8.09973772750253
3679,735,FALSE,TRUE,FALSE,FALSE,FALSE,8.09973772750253,8.09973772750253
3680,735,FALSE,FALSE,FALSE,FALSE,TRUE,7.95042021684785,9.20380290475918
3681,735,FALSE,FALSE,FALSE,FALSE,TRUE,7.95042021684785,9.20380290475918
3682,735,FALSE,TRUE,FALSE,FALSE,FALSE,8.67376513065725,8.67376513065725
3683,735,FALSE,FALSE,FALSE,FALSE,TRUE,7.95042021684785,9.20380290475918
3684,735,FALSE,TRUE,FALSE,FALSE,FALSE,8.67376513065725,8.67376513065725
3685,735,FALSE,TRUE,FALSE,FALSE,FALSE,8.09973772750253,8.09973772750253
3686,735,FALSE,TRUE,FALSE,FALSE,FALSE,8.52564938728719,8.52564938728719
3687,735,FALSE,TRUE,FALSE,FALSE,FALSE,8.5434184442636,8.5434184442636
3688,735,FALSE,TRUE,FALSE,FALSE,FALSE,8.67376513065725,8.67376513065725
3689,735,FALSE,TRUE,FALSE,FALSE,FALSE,8.09973772750253,8.09973772750253
3690,735,FALSE,TRUE,FALSE,FALSE,FALSE,8.67376513065725,8.67376513065725
3691,736,FALSE,TRUE,FALSE,FALSE,FALSE,8.67376513065725,8.67376513065725
3692,736,FALSE,FALSE,FALSE,FALSE,TRUE,7.95042021684785,9.20380290475918
3693,736,FALSE,FALSE,FALSE,FALSE,TRUE,7.95042021684785,9.20380290475918
3694,736,FALSE,TRUE,FALSE,FALSE,FALSE,8.09973772750253,8.09973772750253
3695,736,FALSE,TRUE,FALSE,FALSE,FALSE,8.09973772750253,8.09973772750253
3696,736,FALSE,TRUE,FALSE,FALSE,FALSE,8.67376513065725,8.67376513065725
3697,736,FALSE,TRUE,FALSE,FALSE,FALSE,8.09973772750253,8.09973772750253
3698,736,TRUE,TRUE,FALSE,FALSE,FALSE,8.09973772750253,8.09973772750253
3699,736,FALSE,TRUE,FALSE,FALSE,FALSE,7.95042021684785,7.95042021684785
3700,736,FALSE,FALSE,FALSE,FALSE,TRUE,7.95042021684785,9.20380290475918
3701,736,FALSE,TRUE,FALSE,FALSE,FALSE,7.95042021684785,7.95042021684785
3702,736,FALSE,TRUE,FALSE,FALSE,FALSE,8.09973772750253,8.09973772750253
3703,736,FALSE,TRUE,FALSE,FALSE,FALSE,8.67376513065725,8.67376513065725
3704,736,FALSE,TRUE,FALSE,FALSE,FALSE,8.95608573672616,8.95608573672616
3705,736,FALSE,TRUE,FALSE,FALSE,FALSE,8.52564938728719,8.52564938728719
3706,737,FALSE,TRUE,FALSE,FALSE,FALSE,8.74425260669281,8.74425260669281
3707,737,FALSE,TRUE,FALSE,FALSE,FALSE,8.5434184442636,8.5434184442636
3708,737,FALSE,TRUE,FALSE,FALSE,FALSE,8.74425260669281,8.74425260669281
3709,737,FALSE,TRUE,FALSE,FALSE,FALSE,8.5434184442636,8.5434184442636
3710,737,FALSE,TRUE,FALSE,FALSE,FALSE,8.95608573672616,8.95608573672616
3711,737,FALSE,TRUE,FALSE,FALSE,FALSE,8.67376513065725,8.67376513065725
3712,737,FALSE,TRUE,FALSE,FALSE,FALSE,8.5434184442636,8.5434184442636
3713,737,FALSE,TRUE,FALSE,FALSE,FALSE,8.74425260669281,8.74425260669281
3714,737,FALSE,TRUE,FALSE,FALSE,FALSE,8.97385479370257,8.97385479370257
3715,737,FALSE,TRUE,FALSE,FALSE,FALSE,8.67376513065725,8.67376513065725
3716,737,FALSE,TRUE,FALSE,FALSE,FALSE,8.67376513065725,8.67376513065725
3717,737,FALSE,TRUE,FALSE,FALSE,FALSE,9.10420148009622,9.10420148009622
3718,737,FALSE,TRUE,FALSE,FALSE,FALSE,8.61390592029916,8.61390592029916
3719,737,FALSE,TRUE,FALSE,FALSE,FALSE,8.5434184442636,8.5434184442636
3720,737,FALSE,TRUE,FALSE,FALSE,FALSE,8.67376513065725,8.67376513065725
3721,738,FALSE,TRUE,FALSE,FALSE,FALSE,8.86387953141006,8.86387953141006
3722,738,FALSE,TRUE,FALSE,FALSE,FALSE,8.61247655342625,8.61247655342625
3723,738,FALSE,TRUE,FALSE,FALSE,FALSE,8.09973772750253,8.09973772750253
3724,738,FALSE,TRUE,FALSE,FALSE,FALSE,8.67376513065725,8.67376513065725
3725,738,FALSE,TRUE,FALSE,FALSE,FALSE,8.09973772750253,8.09973772750253
3726,738,FALSE,TRUE,FALSE,FALSE,FALSE,8.74425260669281,8.74425260669281
3727,738,FALSE,TRUE,FALSE,FALSE,FALSE,8.09973772750253,8.09973772750253
3728,738,FALSE,TRUE,FALSE,FALSE,FALSE,8.67376513065725,8.67376513065725
3729,738,FALSE,TRUE,FALSE,FALSE,FALSE,8.67376513065725,8.67376513065725
3730,738,FALSE,TRUE,FALSE,FALSE,FALSE,8.67376513065725,8.67376513065725
3731,738,FALSE,TRUE,FALSE,FALSE,FALSE,8.74425260669281,8.74425260669281
3732,738,FALSE,TRUE,FALSE,FALSE,FALSE,8.52564938728719,8.52564938728719
3733,738,FALSE,TRUE,FALSE,FALSE,FALSE,8.09973772750253,8.09973772750253
3734,738,FALSE,TRUE,FALSE,FALSE,FALSE,8.67376513065725,8.67376513065725
3735,738,FALSE,TRUE,FALSE,FALSE,FALSE,8.67376513065725,8.67376513065725
3736,739,FALSE,TRUE,FALSE,FALSE,FALSE,8.5434184442636,8.5434184442636
3737,739,FALSE,TRUE,FALSE,FALSE,FALSE,8.67376513065725,8.67376513065725
3738,739,FALSE,TRUE,FALSE,FALSE,FALSE,8.67376513065725,8.67376513065725
3739,739,FALSE,TRUE,FALSE,FALSE,FALSE,8.97385479370257,8.97385479370257
3740,739,FALSE,TRUE,FALSE,FALSE,FALSE,8.97385479370257,8.97385479370257
3741,739,FALSE,TRUE,FALSE,FALSE,FALSE,8.52564938728719,8.52564938728719
3742,739,FALSE,TRUE,FALSE,FALSE,FALSE,8.67376513065725,8.67376513065725
3743,739,FALSE,TRUE,FALSE,FALSE,FALSE,8.67376513065725,8.67376513065725
3744,739,FALSE,TRUE,FALSE,FALSE,FALSE,9.37781872129541,9.37781872129541
3745,739,FALSE,TRUE,FALSE,FALSE,FALSE,8.5434184442636,8.5434184442636
3746,739,FALSE,TRUE,FALSE,FALSE,FALSE,8.5434184442636,8.5434184442636
3747,740,FALSE,TRUE,FALSE,FALSE,FALSE,8.5434184442636,8.5434184442636
3748,740,FALSE,TRUE,FALSE,FALSE,FALSE,8.67376513065725,8.67376513065725
3749,740,FALSE,TRUE,FALSE,FALSE,FALSE,8.52564938728719,8.52564938728719
3750,740,FALSE,TRUE,FALSE,FALSE,FALSE,8.61390592029916,8.61390592029916
3751,740,FALSE,TRUE,FALSE,FALSE,FALSE,8.5434184442636,8.5434184442636
3752,740,FALSE,TRUE,FALSE,FALSE,FALSE,8.52564938728719,8.52564938728719
3753,740,FALSE,TRUE,FALSE,FALSE,FALSE,8.74425260669281,8.74425260669281
3754,740,FALSE,TRUE,FALSE,FALSE,FALSE,8.74425260669281,8.74425260669281
3755,740,FALSE,TRUE,FALSE,FALSE,FALSE,8.78098659496129,8.78098659496129
3756,740,FALSE,TRUE,FALSE,FALSE,FALSE,8.74425260669281,8.74425260669281
3757,740,FALSE,TRUE,FALSE,FALSE,FALSE,8.74425260669281,8.74425260669281
3758,740,FALSE,TRUE,FALSE,FALSE,FALSE,8.84084580531938,8.84084580531938
3759,740,FALSE,TRUE,FALSE,FALSE,FALSE,8.5434184442636,8.5434184442636
3760,740,FALSE,TRUE,FALSE,FALSE,FALSE,9.41103389034181,9.41103389034181
3761,740,FALSE,TRUE,FALSE,FALSE,FALSE,9.01368850400637,9.01368850400637
3762,740,FALSE,TRUE,FALSE,FALSE,FALSE,8.74425260669281,8.74425260669281
3763,743,FALSE,TRUE,FALSE,FALSE,FALSE,8.67376513065725,8.67376513065725
3764,743,FALSE,TRUE,FALSE,FALSE,FALSE,8.61247655342625,8.61247655342625
3765,743,FALSE,TRUE,FALSE,FALSE,FALSE,8.67376513065725,8.67376513065725
3766,743,FALSE,TRUE,FALSE,FALSE,FALSE,8.09973772750253,8.09973772750253
3767,743,FALSE,TRUE,FALSE,FALSE,FALSE,8.67376513065725,8.67376513065725
3768,743,FALSE,TRUE,FALSE,FALSE,FALSE,8.5434184442636,8.5434184442636
3769,743,FALSE,TRUE,FALSE,FALSE,FALSE,8.52564938728719,8.52564938728719
3770,743,FALSE,TRUE,FALSE,FALSE,FALSE,8.67376513065725,8.67376513065725
3771,743,FALSE,TRUE,FALSE,FALSE,FALSE,8.77955722808838,8.77955722808838
3772,743,FALSE,TRUE,FALSE,FALSE,FALSE,8.74425260669281,8.74425260669281
3773,743,FALSE,TRUE,FALSE,FALSE,FALSE,8.67376513065725,8.67376513065725
3774,743,FALSE,TRUE,FALSE,FALSE,FALSE,8.67376513065725,8.67376513065725
3775,743,FALSE,TRUE,FALSE,FALSE,FALSE,8.67376513065725,8.67376513065725
3776,743,FALSE,TRUE,FALSE,FALSE,FALSE,8.5434184442636,8.5434184442636
3777,743,FALSE,TRUE,FALSE,FALSE,FALSE,8.5434184442636,8.5434184442636
3778,745,TRUE,TRUE,FALSE,FALSE,FALSE,9.50816540768905,9.50816540768905
3779,745,FALSE,TRUE,FALSE,FALSE,FALSE,7.95042021684785,7.95042021684785
3780,745,FALSE,TRUE,FALSE,FALSE,FALSE,8.67376513065725,8.67376513065725
3781,745,FALSE,TRUE,FALSE,FALSE,FALSE,8.74425260669281,8.74425260669281
3782,745,FALSE,TRUE,FALSE,FALSE,FALSE,8.52564938728719,8.52564938728719
3783,745,FALSE,TRUE,FALSE,FALSE,FALSE,8.67376513065725,8.67376513065725
3784,745,FALSE,TRUE,FALSE,FALSE,FALSE,8.09973772750253,8.09973772750253
3785,745,FALSE,TRUE,FALSE,FALSE,FALSE,7.95042021684785,7.95042021684785
3786,745,FALSE,TRUE,FALSE,FALSE,FALSE,7.95042021684785,7.95042021684785
3787,745,FALSE,TRUE,FALSE,FALSE,FALSE,7.95042021684785,7.95042021684785
3788,745,FALSE,TRUE,FALSE,FALSE,FALSE,8.09973772750253,8.09973772750253
3789,745,FALSE,TRUE,FALSE,FALSE,FALSE,8.67376513065725,8.67376513065725
3790,745,FALSE,TRUE,FALSE,FALSE,FALSE,8.67376513065725,8.67376513065725
3791,745,FALSE,TRUE,FALSE,FALSE,FALSE,8.61247655342625,8.61247655342625
3792,745,FALSE,TRUE,FALSE,FALSE,FALSE,8.61247655342625,8.61247655342625
3793,747,FALSE,TRUE,FALSE,FALSE,FALSE,8.09973772750253,8.09973772750253
3794,747,FALSE,TRUE,FALSE,FALSE,FALSE,8.67376513065725,8.67376513065725
3795,747,FALSE,TRUE,FALSE,FALSE,FALSE,8.09973772750253,8.09973772750253
3796,747,FALSE,TRUE,FALSE,FALSE,FALSE,8.09973772750253,8.09973772750253
3797,747,FALSE,TRUE,FALSE,FALSE,FALSE,8.67376513065725,8.67376513065725
3798,747,FALSE,TRUE,FALSE,FALSE,FALSE,8.67376513065725,8.67376513065725
3799,747,FALSE,TRUE,FALSE,FALSE,FALSE,8.09973772750253,8.09973772750253
3800,747,FALSE,TRUE,FALSE,FALSE,FALSE,8.09973772750253,8.09973772750253
3801,747,FALSE,TRUE,FALSE,FALSE,FALSE,8.67376513065725,8.67376513065725
3802,747,FALSE,TRUE,FALSE,FALSE,FALSE,8.09973772750253,8.09973772750253
3803,747,FALSE,TRUE,FALSE,FALSE,FALSE,8.67376513065725,8.67376513065725
3804,747,FALSE,TRUE,FALSE,FALSE,FALSE,8.67376513065725,8.67376513065725
3805,747,FALSE,TRUE,FALSE,FALSE,FALSE,8.67376513065725,8.67376513065725
3806,747,FALSE,TRUE,FALSE,FALSE,FALSE,8.67376513065725,8.67376513065725
3807,747,FALSE,TRUE,FALSE,FALSE,FALSE,9.10420148009622,9.10420148009622
3808,748,FALSE,TRUE,FALSE,FALSE,FALSE,8.09973772750253,8.09973772750253
3809,748,FALSE,TRUE,FALSE,FALSE,FALSE,8.09973772750253,8.09973772750253
3810,748,FALSE,TRUE,FALSE,FALSE,FALSE,8.67376513065725,8.67376513065725
3811,748,FALSE,TRUE,FALSE,FALSE,FALSE,8.09973772750253,8.09973772750253
3812,748,FALSE,TRUE,FALSE,FALSE,FALSE,8.52564938728719,8.52564938728719
3813,749,FALSE,TRUE,FALSE,FALSE,FALSE,8.67376513065725,8.67376513065725
3814,749,FALSE,TRUE,FALSE,FALSE,FALSE,8.09973772750253,8.09973772750253
3815,749,FALSE,TRUE,FALSE,FALSE,FALSE,8.8952375478803,8.8952375478803
3816,749,FALSE,TRUE,FALSE,FALSE,FALSE,8.09973772750253,8.09973772750253
3817,749,FALSE,TRUE,FALSE,FALSE,FALSE,8.74425260669281,8.74425260669281
3818,749,FALSE,TRUE,FALSE,FALSE,FALSE,8.67376513065725,8.67376513065725
3819,749,FALSE,TRUE,FALSE,FALSE,FALSE,8.67376513065725,8.67376513065725
3820,749,FALSE,TRUE,FALSE,FALSE,FALSE,8.09973772750253,8.09973772750253
3821,749,FALSE,TRUE,FALSE,FALSE,FALSE,8.09973772750253,8.09973772750253
3822,749,FALSE,TRUE,FALSE,FALSE,FALSE,8.5434184442636,8.5434184442636
3823,749,FALSE,TRUE,FALSE,FALSE,FALSE,8.67376513065725,8.67376513065725
3824,749,FALSE,TRUE,FALSE,FALSE,FALSE,8.52564938728719,8.52564938728719
3825,749,FALSE,TRUE,FALSE,FALSE,FALSE,8.52564938728719,8.52564938728719
3826,749,FALSE,TRUE,FALSE,FALSE,FALSE,8.67376513065725,8.67376513065725
3827,749,FALSE,TRUE,FALSE,FALSE,FALSE,8.67376513065725,8.67376513065725
3828,750,FALSE,TRUE,FALSE,FALSE,FALSE,8.67376513065725,8.67376513065725
3829,750,FALSE,TRUE,FALSE,FALSE,FALSE,8.67376513065725,8.67376513065725
3830,750,FALSE,TRUE,FALSE,FALSE,FALSE,8.74425260669281,8.74425260669281
3831,750,FALSE,TRUE,FALSE,FALSE,FALSE,8.67376513065725,8.67376513065725
3832,750,FALSE,TRUE,FALSE,FALSE,FALSE,9.10420148009622,9.10420148009622
3833,750,FALSE,TRUE,FALSE,FALSE,FALSE,8.52564938728719,8.52564938728719
3834,750,FALSE,TRUE,FALSE,FALSE,FALSE,8.09973772750253,8.09973772750253
3835,750,FALSE,TRUE,FALSE,FALSE,FALSE,8.67376513065725,8.67376513065725
3836,750,FALSE,TRUE,FALSE,FALSE,FALSE,8.67376513065725,8.67376513065725
3837,750,FALSE,TRUE,FALSE,FALSE,FALSE,8.52564938728719,8.52564938728719
3838,750,FALSE,TRUE,FALSE,FALSE,FALSE,8.67376513065725,8.67376513065725
3839,750,FALSE,TRUE,FALSE,FALSE,FALSE,8.67376513065725,8.67376513065725
3840,750,FALSE,TRUE,FALSE,FALSE,FALSE,8.52564938728719,8.52564938728719
3841,750,FALSE,TRUE,FALSE,FALSE,FALSE,8.74425260669281,8.74425260669281
3842,750,FALSE,TRUE,FALSE,FALSE,FALSE,8.67376513065725,8.67376513065725
3843,751,FALSE,FALSE,FALSE,FALSE,TRUE,7.95042021684785,9.20380290475918
3844,751,FALSE,TRUE,FALSE,FALSE,FALSE,8.09973772750253,8.09973772750253
3845,751,FALSE,TRUE,FALSE,FALSE,FALSE,8.09973772750253,8.09973772750253
3846,751,FALSE,TRUE,FALSE,FALSE,FALSE,8.09973772750253,8.09973772750253
3847,751,FALSE,TRUE,FALSE,FALSE,FALSE,8.09973772750253,8.09973772750253
3848,751,FALSE,TRUE,FALSE,FALSE,FALSE,8.09973772750253,8.09973772750253
3849,751,FALSE,TRUE,FALSE,FALSE,FALSE,8.09973772750253,8.09973772750253
3850,751,FALSE,TRUE,FALSE,FALSE,FALSE,8.09973772750253,8.09973772750253
3851,751,FALSE,TRUE,FALSE,FALSE,FALSE,8.09973772750253,8.09973772750253
3852,752,FALSE,TRUE,FALSE,FALSE,FALSE,8.92096221923174,8.92096221923174
3853,752,FALSE,TRUE,FALSE,FALSE,FALSE,8.09973772750253,8.09973772750253
3854,752,FALSE,TRUE,FALSE,FALSE,FALSE,8.67376513065725,8.67376513065725
3855,752,FALSE,TRUE,FALSE,FALSE,FALSE,9.17468895613178,9.17468895613178
3856,752,FALSE,TRUE,FALSE,FALSE,FALSE,8.67376513065725,8.67376513065725
3857,752,FALSE,TRUE,FALSE,FALSE,FALSE,8.52564938728719,8.52564938728719
3858,752,FALSE,TRUE,FALSE,FALSE,FALSE,8.67376513065725,8.67376513065725
3859,752,FALSE,TRUE,FALSE,FALSE,FALSE,8.84084580531938,8.84084580531938
3860,752,FALSE,TRUE,FALSE,FALSE,FALSE,8.95608573672616,8.95608573672616
3861,752,FALSE,TRUE,FALSE,FALSE,FALSE,8.84084580531938,8.84084580531938
3862,752,FALSE,TRUE,FALSE,FALSE,FALSE,8.74425260669281,8.74425260669281
3863,752,TRUE,TRUE,FALSE,FALSE,FALSE,8.93823889522954,8.93823889522954
3864,752,TRUE,TRUE,FALSE,FALSE,FALSE,8.52564938728719,8.52564938728719
3865,755,FALSE,TRUE,FALSE,FALSE,FALSE,8.67376513065725,8.67376513065725
3866,755,FALSE,TRUE,FALSE,FALSE,FALSE,8.67376513065725,8.67376513065725
3867,755,FALSE,TRUE,FALSE,FALSE,FALSE,8.5301740769415,8.5301740769415
3868,755,FALSE,TRUE,FALSE,FALSE,FALSE,8.52564938728719,8.52564938728719
3869,755,FALSE,TRUE,FALSE,FALSE,FALSE,8.74425260669281,8.74425260669281
3870,755,FALSE,TRUE,FALSE,FALSE,FALSE,8.67376513065725,8.67376513065725
3871,755,FALSE,TRUE,FALSE,FALSE,FALSE,8.67376513065725,8.67376513065725
3872,755,TRUE,TRUE,FALSE,FALSE,FALSE,8.61390592029916,8.61390592029916
3873,755,FALSE,TRUE,FALSE,FALSE,FALSE,8.09973772750253,8.09973772750253
3874,755,FALSE,TRUE,FALSE,FALSE,FALSE,8.67376513065725,8.67376513065725
3875,755,FALSE,TRUE,FALSE,FALSE,FALSE,8.52564938728719,8.52564938728719
3876,755,FALSE,TRUE,FALSE,FALSE,FALSE,8.67376513065725,8.67376513065725
3877,755,FALSE,TRUE,FALSE,FALSE,FALSE,8.67376513065725,8.67376513065725
3878,755,FALSE,TRUE,FALSE,FALSE,FALSE,8.5434184442636,8.5434184442636
3879,755,FALSE,TRUE,FALSE,FALSE,FALSE,8.74425260669281,8.74425260669281
3880,761,TRUE,TRUE,FALSE,FALSE,FALSE,8.34693481607702,8.34693481607702
3881,761,FALSE,TRUE,FALSE,FALSE,FALSE,8.67376513065725,8.67376513065725
3882,761,FALSE,TRUE,FALSE,FALSE,FALSE,8.67376513065725,8.67376513065725
3883,761,FALSE,TRUE,FALSE,FALSE,FALSE,8.52564938728719,8.52564938728719
3884,761,FALSE,TRUE,FALSE,FALSE,FALSE,8.67376513065725,8.67376513065725
3885,761,FALSE,TRUE,FALSE,FALSE,FALSE,8.09973772750253,8.09973772750253
3886,761,FALSE,TRUE,FALSE,FALSE,FALSE,8.09973772750253,8.09973772750253
3887,761,FALSE,TRUE,FALSE,FALSE,FALSE,7.95042021684785,7.95042021684785
3888,761,FALSE,TRUE,FALSE,FALSE,FALSE,8.67376513065725,8.67376513065725
3889,761,FALSE,TRUE,FALSE,FALSE,FALSE,8.5434184442636,8.5434184442636
3890,761,FALSE,TRUE,FALSE,FALSE,FALSE,8.52564938728719,8.52564938728719
3891,761,FALSE,TRUE,FALSE,FALSE,FALSE,8.67376513065725,8.67376513065725
3892,761,FALSE,TRUE,FALSE,FALSE,FALSE,8.74425260669281,8.74425260669281
3893,761,FALSE,TRUE,FALSE,FALSE,FALSE,8.74425260669281,8.74425260669281
3894,761,FALSE,TRUE,FALSE,FALSE,FALSE,8.67376513065725,8.67376513065725
3895,763,FALSE,TRUE,FALSE,FALSE,FALSE,8.52564938728719,8.52564938728719
3896,763,FALSE,TRUE,FALSE,FALSE,FALSE,8.67376513065725,8.67376513065725
3897,763,FALSE,TRUE,FALSE,FALSE,FALSE,8.67376513065725,8.67376513065725
3898,763,FALSE,TRUE,FALSE,FALSE,FALSE,8.74425260669281,8.74425260669281
3899,763,FALSE,TRUE,FALSE,FALSE,FALSE,8.67376513065725,8.67376513065725
3900,763,FALSE,TRUE,FALSE,FALSE,FALSE,8.52564938728719,8.52564938728719
3901,763,FALSE,TRUE,FALSE,FALSE,FALSE,8.67376513065725,8.67376513065725
3902,763,FALSE,TRUE,FALSE,FALSE,FALSE,8.74425260669281,8.74425260669281
3903,763,FALSE,TRUE,FALSE,FALSE,FALSE,8.52564938728719,8.52564938728719
3904,763,FALSE,TRUE,FALSE,FALSE,FALSE,8.74425260669281,8.74425260669281
3905,763,FALSE,TRUE,FALSE,FALSE,FALSE,8.67376513065725,8.67376513065725
3906,763,FALSE,TRUE,FALSE,FALSE,FALSE,8.67376513065725,8.67376513065725
3907,763,FALSE,TRUE,FALSE,FALSE,FALSE,8.74425260669281,8.74425260669281
3908,763,FALSE,TRUE,FALSE,FALSE,FALSE,8.67376513065725,8.67376513065725
3909,763,FALSE,TRUE,FALSE,FALSE,FALSE,8.52564938728719,8.52564938728719
3910,771,FALSE,TRUE,FALSE,FALSE,FALSE,8.61247655342625,8.61247655342625
3911,771,FALSE,TRUE,FALSE,FALSE,FALSE,8.67376513065725,8.67376513065725
3912,771,FALSE,TRUE,FALSE,FALSE,FALSE,8.52564938728719,8.52564938728719
3913,771,FALSE,TRUE,FALSE,FALSE,FALSE,8.67376513065725,8.67376513065725
3914,771,FALSE,TRUE,FALSE,FALSE,FALSE,8.52564938728719,8.52564938728719
3915,771,TRUE,TRUE,FALSE,FALSE,FALSE,8.71049911892573,8.71049911892573
3916,771,TRUE,TRUE,FALSE,FALSE,FALSE,8.67376513065725,8.67376513065725
3917,771,FALSE,TRUE,FALSE,FALSE,FALSE,8.67376513065725,8.67376513065725
3918,771,TRUE,TRUE,FALSE,FALSE,FALSE,8.97385479370257,8.97385479370257
3919,771,FALSE,TRUE,FALSE,FALSE,FALSE,8.67376513065725,8.67376513065725
3920,783,FALSE,TRUE,FALSE,FALSE,FALSE,8.67376513065725,8.67376513065725
3921,783,FALSE,TRUE,FALSE,FALSE,FALSE,8.09973772750253,8.09973772750253
3922,783,FALSE,TRUE,FALSE,FALSE,FALSE,8.09973772750253,8.09973772750253
3923,783,FALSE,TRUE,FALSE,FALSE,FALSE,8.09973772750253,8.09973772750253
3924,783,FALSE,TRUE,FALSE,FALSE,FALSE,8.67376513065725,8.67376513065725
3925,783,FALSE,TRUE,FALSE,FALSE,FALSE,8.09973772750253,8.09973772750253
3926,783,FALSE,TRUE,FALSE,FALSE,FALSE,8.09973772750253,8.09973772750253
3927,783,FALSE,TRUE,FALSE,FALSE,FALSE,8.09973772750253,8.09973772750253
3928,783,FALSE,TRUE,FALSE,FALSE,FALSE,8.67376513065725,8.67376513065725
3929,783,FALSE,TRUE,FALSE,FALSE,FALSE,8.09973772750253,8.09973772750253
3930,784,FALSE,TRUE,FALSE,FALSE,FALSE,8.67376513065725,8.67376513065725
3931,784,FALSE,TRUE,FALSE,FALSE,FALSE,8.67376513065725,8.67376513065725
3932,784,FALSE,TRUE,FALSE,FALSE,FALSE,8.67376513065725,8.67376513065725
3933,784,FALSE,TRUE,FALSE,FALSE,FALSE,8.52564938728719,8.52564938728719
3934,784,FALSE,TRUE,FALSE,FALSE,FALSE,8.09973772750253,8.09973772750253
3935,784,FALSE,TRUE,FALSE,FALSE,FALSE,8.67376513065725,8.67376513065725
3936,784,FALSE,TRUE,FALSE,FALSE,FALSE,8.67376513065725,8.67376513065725
3937,784,FALSE,TRUE,FALSE,FALSE,FALSE,8.74425260669281,8.74425260669281
3938,784,FALSE,TRUE,FALSE,FALSE,FALSE,8.09973772750253,8.09973772750253
3939,784,FALSE,TRUE,FALSE,FALSE,FALSE,8.67376513065725,8.67376513065725
3940,784,FALSE,TRUE,FALSE,FALSE,FALSE,8.67376513065725,8.67376513065725
3941,784,FALSE,TRUE,FALSE,FALSE,FALSE,8.67376513065725,8.67376513065725
3942,784,FALSE,TRUE,FALSE,FALSE,FALSE,8.74425260669281,8.74425260669281
3943,784,FALSE,TRUE,FALSE,FALSE,FALSE,8.52564938728719,8.52564938728719
3944,784,FALSE,TRUE,FALSE,FALSE,FALSE,8.52564938728719,8.52564938728719
