"author_row","analysis_row","SI","profile_multiplicity","author_prediction","reconstructed_prediction","default_r_prediction","supported_prediction"
19,24,10,1,8.099738,8.09973772750253,8.09973772750253,TRUE
20,23,10,1,8.099738,8.09973772750253,8.09973772750253,TRUE
18,16,10,1,8.744252,8.74425260669281,8.74425260669281,TRUE
24,15,10,1,9.043935,9.0439345660953,9.0439345660953,TRUE
22,27,10,1,8.673765,8.67376513065725,8.67376513065725,TRUE
16,18,10,1,8.612476,8.61247655342625,8.61247655342625,TRUE
17,26,10,1,8.989017,8.98901690746856,8.98901690746856,TRUE
28,22,10,1,8.744252,8.74425260669281,8.74425260669281,TRUE
21,25,10,1,8.911333,8.91133328135494,8.91133328135494,TRUE
23,17,10,1,8.543419,8.5434184442636,8.5434184442636,TRUE
27,21,10,1,9.104201,9.10420148009622,9.10420148009622,TRUE
25,28,10,1,8.840846,8.84084580531938,8.84084580531938,TRUE
26,20,10,1,8.673765,8.67376513065725,8.67376513065725,TRUE
15,19,10,1,8.494558,8.49455817846847,8.49455817846847,TRUE
832,827,104,1,8.613906,8.61390592029916,8.61390592029916,TRUE
836,826,104,1,8.744252,8.74425260669281,8.74425260669281,TRUE
828,832,104,1,8.612476,8.61247655342625,8.61247655342625,TRUE
833,829,104,1,8.099738,8.09973772750253,8.09973772750253,TRUE
824,824,104,1,8.543419,8.5434184442636,8.5434184442636,TRUE
827,828,104,1,8.673765,8.67376513065725,8.67376513065725,TRUE
829,823,104,1,8.673765,8.67376513065725,8.67376513065725,TRUE
834,825,104,1,8.099738,8.09973772750253,8.09973772750253,TRUE
826,830,104,1,8.863879,8.86387953141006,8.86387953141006,TRUE
830,831,104,1,8.863879,8.86387953141006,8.86387953141006,TRUE
823,836,104,1,8.613906,8.61390592029916,8.61390592029916,TRUE
831,834,104,1,8.673765,8.67376513065725,8.67376513065725,TRUE
835,835,104,1,8.673765,8.67376513065725,8.67376513065725,TRUE
825,833,104,1,8.673765,8.67376513065725,8.67376513065725,TRUE
844,840,105,1,8.395303,8.39530270089355,8.39530270089355,TRUE
837,843,105,1,8.673765,8.67376513065725,8.67376513065725,TRUE
839,844,105,1,8.673765,8.67376513065725,8.67376513065725,TRUE
847,838,105,1,8.525649,8.52564938728719,8.52564938728719,TRUE
845,841,105,1,8.543419,8.5434184442636,8.5434184442636,TRUE
838,837,105,1,8.673765,8.67376513065725,8.67376513065725,TRUE
840,839,105,1,8.673765,8.67376513065725,8.67376513065725,TRUE
842,846,105,1,8.744252,8.74425260669281,8.74425260669281,TRUE
841,845,105,1,8.673765,8.67376513065725,8.67376513065725,TRUE
843,842,105,1,8.790615,8.79061553283809,8.79061553283809,TRUE
846,847,105,1,8.525649,8.52564938728719,8.52564938728719,TRUE
854,856,107,1,8.543419,8.5434184442636,8.5434184442636,TRUE
857,854,107,1,8.613906,8.61390592029916,8.61390592029916,TRUE
849,852,107,1,9.84864,9.84864088308368,9.84864088308368,TRUE
852,851,107,1,9.044342,9.04434226973814,9.04434226973814,TRUE
856,849,107,1,8.744252,8.74425260669281,8.74425260669281,TRUE
851,853,107,1,9.84864,9.84864088308368,9.84864088308368,TRUE
848,848,107,1,9.044342,9.04434226973814,9.04434226973814,TRUE
853,855,107,1,8.612476,8.61247655342625,8.61247655342625,TRUE
855,857,107,1,8.395303,8.39530270089355,8.39530270089355,TRUE
850,850,107,1,8.543419,8.5434184442636,8.5434184442636,TRUE
863,864,108,1,8.525649,8.52564938728719,8.52564938728719,TRUE
859,865,108,1,8.525649,8.52564938728719,8.52564938728719,TRUE
865,862,108,1,8.673765,8.67376513065725,8.67376513065725,TRUE
866,867,108,1,8.744252,8.74425260669281,8.74425260669281,TRUE
858,861,108,1,9.508165,9.50816540768905,9.50816540768905,TRUE
861,860,108,1,8.673765,8.67376513065725,8.67376513065725,TRUE
871,866,108,1,8.673765,8.67376513065725,8.67376513065725,TRUE
860,863,108,1,9.145674,9.14567347169308,9.14567347169308,TRUE
864,859,108,1,8.673765,8.67376513065725,8.67376513065725,TRUE
870,858,108,1,9.104201,9.10420148009622,9.10420148009622,TRUE
867,869,108,1,8.673765,8.67376513065725,8.67376513065725,TRUE
872,868,108,1,8.865573,8.86557276063631,8.86557276063631,TRUE
862,871,108,1,8.525649,8.52564938728719,8.52564938728719,TRUE
869,870,108,1,8.744252,8.74425260669281,8.74425260669281,TRUE
868,872,108,1,8.613906,8.61390592029916,8.61390592029916,TRUE
874,877,112,1,8.612476,8.61247655342625,8.61247655342625,TRUE
887,875,112,1,8.525649,8.52564938728719,8.52564938728719,TRUE
881,873,112,1,8.525649,8.52564938728719,8.52564938728719,TRUE
880,880,112,1,8.543419,8.5434184442636,8.5434184442636,TRUE
877,882,112,1,8.744252,8.74425260669281,8.74425260669281,TRUE
886,874,112,1,8.673765,8.67376513065725,8.67376513065725,TRUE
873,879,112,1,9.104201,9.10420148009622,9.10420148009622,TRUE
883,878,112,1,8.099738,8.09973772750253,8.09973772750253,TRUE
882,876,112,1,8.673765,8.67376513065725,8.67376513065725,TRUE
876,881,112,1,8.673765,8.67376513065725,8.67376513065725,TRUE
875,885,112,1,8.744252,8.74425260669281,8.74425260669281,TRUE
879,887,112,1,8.973855,8.97385479370257,8.97385479370257,TRUE
878,884,112,1,8.673765,8.67376513065725,8.67376513065725,TRUE
884,883,112,1,9.514612,9.5146123294809,8.26122964156957,FALSE
885,886,112,1,9.043353,9.04335329125035,9.04335329125035,TRUE
898,891,119,1,8.673765,8.67376513065725,8.67376513065725,TRUE
888,897,119,1,8.673765,8.67376513065725,8.67376513065725,TRUE
890,892,119,1,8.673765,8.67376513065725,8.67376513065725,TRUE
891,890,119,1,8.673765,8.67376513065725,8.67376513065725,TRUE
897,889,119,1,8.744252,8.74425260669281,8.74425260669281,TRUE
902,888,119,1,8.543419,8.5434184442636,8.5434184442636,TRUE
895,896,119,1,8.744252,8.74425260669281,8.74425260669281,TRUE
892,895,119,1,8.099738,8.09973772750253,8.09973772750253,TRUE
899,893,119,1,8.744252,8.74425260669281,8.74425260669281,TRUE
896,894,119,1,8.099738,8.09973772750253,8.09973772750253,TRUE
893,898,119,1,8.673765,8.67376513065725,8.67376513065725,TRUE
889,899,119,1,9.104201,9.10420148009622,9.10420148009622,TRUE
900,902,119,1,8.673765,8.67376513065725,8.67376513065725,TRUE
901,901,119,1,8.543419,8.5434184442636,8.5434184442636,TRUE
894,900,119,1,8.525649,8.52564938728719,8.52564938728719,TRUE
35,30,12,1,9.174689,9.17468895613178,9.17468895613178,TRUE
36,33,12,1,8.673765,8.67376513065725,8.67376513065725,TRUE
31,39,12,1,8.099738,8.09973772750253,8.09973772750253,TRUE
29,37,12,1,8.612476,8.61247655342625,8.61247655342625,TRUE
34,32,12,1,7.909623,7.90962332674972,7.90962332674972,TRUE
33,34,12,1,8.673765,8.67376513065725,8.67376513065725,TRUE
39,29,12,1,8.673765,8.67376513065725,8.67376513065725,TRUE
30,35,12,1,8.673765,8.67376513065725,8.67376513065725,TRUE
32,31,12,1,8.099738,8.09973772750253,8.09973772750253,TRUE
37,36,12,1,8.099738,8.09973772750253,8.09973772750253,TRUE
38,38,12,1,8.612476,8.61247655342625,8.61247655342625,TRUE
913,908,121,1,8.673765,8.67376513065725,8.67376513065725,TRUE
905,912,121,1,8.673765,8.67376513065725,8.67376513065725,TRUE
917,904,121,1,8.973855,8.97385479370257,8.97385479370257,TRUE
914,909,121,1,8.612476,8.61247655342625,8.61247655342625,TRUE
903,911,121,1,8.673765,8.67376513065725,8.67376513065725,TRUE
909,905,121,1,8.744252,8.74425260669281,8.74425260669281,TRUE
911,903,121,1,8.863879,8.86387953141006,8.86387953141006,TRUE
906,910,121,1,8.864202,8.86420263054428,8.86420263054428,TRUE
915,906,121,1,8.744252,8.74425260669281,8.74425260669281,TRUE
910,907,121,1,8.744252,8.74425260669281,8.74425260669281,TRUE
908,915,121,1,8.673765,8.67376513065725,8.67376513065725,TRUE
916,914,121,1,7.95042,7.95042021684785,7.95042021684785,TRUE
904,916,121,1,8.543419,8.5434184442636,8.5434184442636,TRUE
912,913,121,1,8.525649,8.52564938728719,8.52564938728719,TRUE
907,917,121,1,8.673765,8.67376513065725,8.67376513065725,TRUE
919,922,122,1,8.099738,8.09973772750253,8.09973772750253,TRUE
918,919,122,1,8.099738,8.09973772750253,8.09973772750253,TRUE
921,920,122,1,8.099738,8.09973772750253,8.09973772750253,TRUE
920,918,122,1,8.099738,8.09973772750253,8.09973772750253,TRUE
922,921,122,1,9.203803,9.20380290475918,7.95042021684785,FALSE
936,926,124,1,8.744252,8.74425260669281,8.74425260669281,TRUE
934,925,124,1,8.673765,8.67376513065725,8.67376513065725,TRUE
937,929,124,1,8.673765,8.67376513065725,8.67376513065725,TRUE
930,923,124,1,8.543419,8.5434184442636,8.5434184442636,TRUE
931,932,124,1,8.744252,8.74425260669281,8.74425260669281,TRUE
932,927,124,1,8.744252,8.74425260669281,8.74425260669281,TRUE
935,930,124,1,8.612476,8.61247655342625,8.61247655342625,TRUE
926,924,124,1,8.099738,8.09973772750253,8.09973772750253,TRUE
929,931,124,1,8.612476,8.61247655342625,8.61247655342625,TRUE
927,928,124,1,8.744252,8.74425260669281,8.74425260669281,TRUE
924,935,124,1,8.525649,8.52564938728719,8.52564938728719,TRUE
925,934,124,1,8.543419,8.5434184442636,8.5434184442636,TRUE
928,936,124,1,8.973855,8.97385479370257,8.97385479370257,TRUE
923,937,124,1,8.612476,8.61247655342625,8.61247655342625,TRUE
933,933,124,1,8.744252,8.74425260669281,8.74425260669281,TRUE
945,944,125,1,8.673765,8.67376513065725,8.67376513065725,TRUE
950,943,125,1,8.099738,8.09973772750253,8.09973772750253,TRUE
947,941,125,1,8.612476,8.61247655342625,8.61247655342625,TRUE
941,939,125,1,8.673765,8.67376513065725,8.67376513065725,TRUE
939,946,125,1,8.673765,8.67376513065725,8.67376513065725,TRUE
948,938,125,1,8.099738,8.09973772750253,8.09973772750253,TRUE
943,942,125,1,8.099738,8.09973772750253,8.09973772750253,TRUE
946,945,125,1,8.744252,8.74425260669281,8.74425260669281,TRUE
949,940,125,1,8.543419,8.5434184442636,8.5434184442636,TRUE
942,947,125,1,8.099738,8.09973772750253,8.09973772750253,TRUE
940,950,125,1,8.612476,8.61247655342625,8.61247655342625,TRUE
944,949,125,1,8.744252,8.74425260669281,8.74425260669281,TRUE
938,948,125,1,8.099738,8.09973772750253,8.09973772750253,TRUE
957,957,127,1,8.673765,8.67376513065725,8.67376513065725,TRUE
952,951,127,1,8.673765,8.67376513065725,8.67376513065725,TRUE
954,958,127,1,9.013688,9.01368850400637,9.01368850400637,TRUE
965,956,127,1,8.744252,8.74425260669281,8.74425260669281,TRUE
951,960,127,1,9.634239,9.63423925419815,9.63423925419815,TRUE
955,952,127,1,8.395303,8.39530270089355,8.39530270089355,TRUE
964,959,127,1,9.508718,9.50871750973455,9.50871750973455,TRUE
960,953,127,1,9.013688,9.01368850400637,9.01368850400637,TRUE
958,955,127,1,8.744252,8.74425260669281,8.74425260669281,TRUE
956,954,127,1,8.543419,8.5434184442636,8.5434184442636,TRUE
961,965,127,1,8.613906,8.61390592029916,8.61390592029916,TRUE
963,962,127,1,9.084176,9.08417598004193,9.08417598004193,TRUE
953,963,127,1,8.613906,8.61390592029916,8.61390592029916,TRUE
959,961,127,1,8.613906,8.61390592029916,8.61390592029916,TRUE
962,964,127,1,9.634239,9.63423925419815,9.63423925419815,TRUE
966,967,128,1,7.758041,7.75804096290676,7.75804096290676,TRUE
973,966,128,1,9.203803,9.20380290475918,7.95042021684785,FALSE
970,969,128,1,9.203803,9.20380290475918,7.95042021684785,FALSE
968,968,128,1,8.543419,8.5434184442636,8.5434184442636,TRUE
971,973,128,1,8.099738,8.09973772750253,8.09973772750253,TRUE
972,970,128,1,8.673765,8.67376513065725,8.67376513065725,TRUE
969,971,128,1,8.744252,8.74425260669281,8.74425260669281,TRUE
974,974,128,1,8.673765,8.67376513065725,8.67376513065725,TRUE
967,972,128,1,8.673765,8.67376513065725,8.67376513065725,TRUE
50,43,14,1,8.744252,8.74425260669281,8.74425260669281,TRUE
48,45,14,1,8.673765,8.67376513065725,8.67376513065725,TRUE
44,46,14,1,8.673765,8.67376513065725,8.67376513065725,TRUE
55,40,14,1,8.525649,8.52564938728719,8.52564938728719,TRUE
41,41,14,1,8.673765,8.67376513065725,8.67376513065725,TRUE
52,44,14,1,8.673765,8.67376513065725,8.67376513065725,TRUE
49,42,14,1,8.744252,8.74425260669281,8.74425260669281,TRUE
42,48,14,1,8.543419,8.5434184442636,8.5434184442636,TRUE
46,52,14,1,8.673765,8.67376513065725,8.67376513065725,TRUE
51,55,14,1,8.673765,8.67376513065725,8.67376513065725,TRUE
57,50,14,1,8.673765,8.67376513065725,8.67376513065725,TRUE
43,56,14,1,8.673765,8.67376513065725,8.67376513065725,TRUE
47,47,14,1,8.673765,8.67376513065725,8.67376513065725,TRUE
40,54,14,1,7.909623,7.90962332674972,7.90962332674972,TRUE
54,57,14,1,9.084176,9.08417598004193,7.8307932921306,FALSE
53,49,14,1,8.744252,8.74425260669281,8.74425260669281,TRUE
56,51,14,1,8.744252,8.74425260669281,8.74425260669281,TRUE
45,53,14,1,8.673765,8.67376513065725,8.67376513065725,TRUE
984,975,140,1,8.673765,8.67376513065725,8.67376513065725,TRUE
979,976,140,1,8.099738,8.09973772750253,8.09973772750253,TRUE
978,981,140,1,8.099738,8.09973772750253,8.09973772750253,TRUE
981,979,140,1,8.673765,8.67376513065725,8.67376513065725,TRUE
983,978,140,1,8.099738,8.09973772750253,8.09973772750253,TRUE
977,980,140,1,8.099738,8.09973772750253,8.09973772750253,TRUE
975,977,140,1,8.673765,8.67376513065725,8.67376513065725,TRUE
976,982,140,1,9.203803,9.20380290475918,7.95042021684785,FALSE
982,984,140,1,8.099738,8.09973772750253,8.09973772750253,TRUE
980,983,140,1,8.099738,8.09973772750253,8.09973772750253,TRUE
987,988,141,1,8.099738,8.09973772750253,8.09973772750253,TRUE
991,987,141,1,9.203803,9.20380290475918,7.95042021684785,FALSE
994,985,141,1,9.203803,9.20380290475918,7.95042021684785,FALSE
986,986,141,1,9.203803,9.20380290475918,7.95042021684785,FALSE
992,989,141,1,8.099738,8.09973772750253,8.09973772750253,TRUE
985,992,141,1,9.203803,9.20380290475918,7.95042021684785,FALSE
990,990,141,1,9.203803,9.20380290475918,7.95042021684785,FALSE
989,991,141,1,9.203803,9.20380290475918,7.95042021684785,FALSE
988,993,141,1,9.203803,9.20380290475918,7.95042021684785,FALSE
993,994,141,1,8.099738,8.09973772750253,8.09973772750253,TRUE
999,1003,145,1,8.612476,8.61247655342625,8.61247655342625,TRUE
1006,997,145,1,8.612476,8.61247655342625,8.61247655342625,TRUE
1008,996,145,1,8.744252,8.74425260669281,8.74425260669281,TRUE
996,995,145,1,8.673765,8.67376513065725,8.67376513065725,TRUE
1009,998,145,1,9.451,9.45099999333367,8.19761730542234,FALSE
998,1000,145,1,8.673765,8.67376513065725,8.67376513065725,TRUE
997,999,145,1,8.673765,8.67376513065725,8.67376513065725,TRUE
1000,1001,145,1,8.099738,8.09973772750253,8.09973772750253,TRUE
1007,1002,145,1,8.099738,8.09973772750253,8.09973772750253,TRUE
1004,1004,145,1,8.099738,8.09973772750253,8.09973772750253,TRUE
1002,1009,145,1,8.673765,8.67376513065725,8.67376513065725,TRUE
1005,1005,145,1,9.104201,9.10420148009622,9.10420148009622,TRUE
995,1008,145,1,8.099738,8.09973772750253,8.09973772750253,TRUE
1003,1007,145,1,8.099738,8.09973772750253,8.09973772750253,TRUE
1001,1006,145,1,8.673765,8.67376513065725,8.67376513065725,TRUE
1010,1018,147,1,8.733533,8.73353284501641,8.73353284501641,TRUE
1019,1012,147,1,8.927071,8.92707025228747,8.92707025228747,TRUE
1017,1016,147,1,9.508165,9.50816540768905,9.50816540768905,TRUE
1016,1015,147,1,8.395303,8.39530270089355,8.39530270089355,TRUE
1013,1011,147,1,9.013688,9.01368850400637,9.01368850400637,FALSE
1024,1013,147,1,8.525649,8.52564938728719,8.52564938728719,TRUE
1015,1014,147,1,9.154383,9.1543831653629,9.1543831653629,TRUE
1012,1019,147,1,8.989017,8.98901690746856,8.98901690746856,TRUE
1014,1017,147,1,8.973855,8.97385479370257,8.97385479370257,TRUE
1022,1010,147,1,8.744252,8.74425260669281,8.74425260669281,TRUE
1023,1022,147,1,9.508718,9.50871750973455,9.50871750973455,TRUE
1011,1024,147,1,7.95042,7.95042021684785,7.95042021684785,TRUE
1018,1023,147,1,9.174689,9.17468895613178,9.17468895613178,TRUE
1021,1021,147,1,8.673765,8.67376513065725,8.67376513065725,TRUE
1020,1020,147,1,8.673765,8.67376513065725,8.67376513065725,TRUE
65,59,15,1,8.525649,8.52564938728719,8.52564938728719,TRUE
61,61,15,1,8.099738,8.09973772750253,8.09973772750253,TRUE
59,65,15,1,8.099738,8.09973772750253,8.09973772750253,TRUE
70,66,15,1,8.673765,8.67376513065725,8.67376513065725,TRUE
67,58,15,1,8.099738,8.09973772750253,8.09973772750253,TRUE
66,62,15,1,8.673765,8.67376513065725,8.67376513065725,TRUE
62,67,15,1,8.744252,8.74425260669281,8.74425260669281,TRUE
63,68,15,1,8.744252,8.74425260669281,8.74425260669281,TRUE
60,69,15,1,9.104201,9.10420148009622,9.10420148009622,TRUE
69,64,15,1,9.104201,9.10420148009622,9.10420148009622,TRUE
64,63,15,1,8.673765,8.67376513065725,8.67376513065725,TRUE
58,70,15,1,8.673765,8.67376513065725,8.67376513065725,TRUE
71,60,15,1,8.744252,8.74425260669281,8.74425260669281,TRUE
68,71,15,1,8.673765,8.67376513065725,8.67376513065725,TRUE
1025,1031,151,1,8.673765,8.67376513065725,8.67376513065725,TRUE
1034,1029,151,1,8.099738,8.09973772750253,8.09973772750253,TRUE
1029,1034,151,1,8.613906,8.61390592029916,8.61390592029916,TRUE
1032,1028,151,1,8.543419,8.5434184442636,8.5434184442636,TRUE
1030,1026,151,1,8.744252,8.74425260669281,8.74425260669281,TRUE
1037,1025,151,1,9.151115,9.1511158062652,9.1511158062652,TRUE
1036,1030,151,1,9.621386,9.62138586600797,9.62138586600797,TRUE
1026,1033,151,1,8.744252,8.74425260669281,8.74425260669281,TRUE
1028,1027,151,1,8.613906,8.61390592029916,8.61390592029916,TRUE
1033,1032,151,1,8.744252,8.74425260669281,8.74425260669281,TRUE
1027,1036,151,1,8.613906,8.61390592029916,8.61390592029916,TRUE
1031,1037,151,1,8.613906,8.61390592029916,8.61390592029916,TRUE
1035,1035,151,1,8.613906,8.61390592029916,8.61390592029916,TRUE
1039,1046,154,1,9.043353,9.04335329125035,9.04335329125035,TRUE
1043,1045,154,1,8.673765,8.67376513065725,8.67376513065725,TRUE
1046,1042,154,1,8.673765,8.67376513065725,8.67376513065725,TRUE
1041,1043,154,1,8.673765,8.67376513065725,8.67376513065725,TRUE
1049,1044,154,1,8.525649,8.52564938728719,8.52564938728719,TRUE
1042,1041,154,1,8.673765,8.67376513065725,8.67376513065725,TRUE
1040,1038,154,1,8.673765,8.67376513065725,8.67376513065725,TRUE
1045,1039,154,1,8.673765,8.67376513065725,8.67376513065725,TRUE
1048,1040,154,1,8.673765,8.67376513065725,8.67376513065725,TRUE
1047,1047,154,1,8.099738,8.09973772750253,8.09973772750253,TRUE
1038,1049,154,1,8.099738,8.09973772750253,8.09973772750253,TRUE
1050,1048,154,1,8.673765,8.67376513065725,8.67376513065725,TRUE
1044,1050,154,1,8.673765,8.67376513065725,8.67376513065725,TRUE
1064,1060,158,1,8.099738,8.09973772750253,8.09973772750253,TRUE
1061,1059,158,1,8.543419,8.5434184442636,8.5434184442636,TRUE
1058,1057,158,1,8.673765,8.67376513065725,8.67376513065725,TRUE
1062,1053,158,1,9.203803,9.20380290475918,7.95042021684785,FALSE
1060,1058,158,1,8.099738,8.09973772750253,8.09973772750253,TRUE
1055,1054,158,1,8.673765,8.67376513065725,8.67376513065725,TRUE
1053,1055,158,1,8.673765,8.67376513065725,8.67376513065725,TRUE
1056,1056,158,1,8.530174,8.5301740769415,8.5301740769415,TRUE
1063,1052,158,1,8.099738,8.09973772750253,8.09973772750253,TRUE
1051,1051,158,1,8.673765,8.67376513065725,8.67376513065725,TRUE
1054,1063,158,1,8.525649,8.52564938728719,8.52564938728719,TRUE
1065,1065,158,1,7.95042,7.95042021684785,7.95042021684785,TRUE
1057,1061,158,1,8.973855,8.97385479370257,8.97385479370257,TRUE
1059,1064,158,1,8.744252,8.74425260669281,8.74425260669281,TRUE
1052,1062,158,1,8.612476,8.61247655342625,8.61247655342625,TRUE
1071,1075,159,1,8.673765,8.67376513065725,8.67376513065725,TRUE
1068,1070,159,1,8.673765,8.67376513065725,8.67376513065725,TRUE
1069,1072,159,1,8.673765,8.67376513065725,8.67376513065725,TRUE
1072,1068,159,1,8.744252,8.74425260669281,8.74425260669281,TRUE
1066,1071,159,1,8.543419,8.5434184442636,8.5434184442636,TRUE
1073,1066,159,1,8.673765,8.67376513065725,8.67376513065725,TRUE
1075,1069,159,1,9.113841,9.11384076728591,9.11384076728591,TRUE
1074,1074,159,1,8.673765,8.67376513065725,8.67376513065725,TRUE
1067,1073,159,1,8.543419,8.5434184442636,8.5434184442636,TRUE
1070,1067,159,1,8.744252,8.74425260669281,8.74425260669281,TRUE
82,79,16,1,8.744252,8.74425260669281,8.74425260669281,TRUE
85,81,16,1,8.543419,8.5434184442636,8.5434184442636,TRUE
78,74,16,1,9.289562,9.28956218828344,9.28956218828344,TRUE
76,73,16,1,9.044342,9.04434226973814,9.04434226973814,TRUE
86,77,16,1,8.744252,8.74425260669281,8.74425260669281,TRUE
73,80,16,1,8.744252,8.74425260669281,8.74425260669281,TRUE
99,75,16,1,9.377819,9.37781872129541,9.37781872129541,TRUE
81,76,16,1,8.543419,8.5434184442636,8.5434184442636,TRUE
72,78,16,1,9.508718,9.50871750973455,9.50871750973455,TRUE
100,72,16,1,8.673765,8.67376513065725,8.67376513065725,TRUE
90,99,16,1,9.280687,9.28068720394817,9.28068720394817,TRUE
98,84,16,1,9.151115,9.1511158062652,9.1511158062652,TRUE
75,82,16,1,8.744252,8.74425260669281,8.74425260669281,TRUE
87,97,16,1,8.525649,8.52564938728719,8.52564938728719,TRUE
83,83,16,1,9.84864,9.84864088308368,9.84864088308368,TRUE
95,85,16,1,9.151115,9.1511158062652,9.1511158062652,TRUE
93,86,16,1,9.203803,9.20380290475918,9.20380290475918,TRUE
84,87,16,1,8.733533,8.73353284501641,8.73353284501641,TRUE
74,98,16,1,8.613906,8.61390592029916,8.61390592029916,TRUE
94,93,16,1,9.514612,9.5146123294809,9.5146123294809,TRUE
89,88,16,1,9.084176,9.08417598004193,9.08417598004193,TRUE
92,92,16,1,8.613906,8.61390592029916,8.61390592029916,TRUE
101,89,16,1,9.84864,9.84864088308368,9.84864088308368,TRUE
80,101,16,1,8.543419,8.5434184442636,8.5434184442636,TRUE
97,96,16,1,9.377819,9.37781872129541,9.37781872129541,TRUE
96,100,16,1,8.525649,8.52564938728719,8.52564938728719,TRUE
88,90,16,1,9.151115,9.1511158062652,9.1511158062652,TRUE
79,94,16,1,8.613906,8.61390592029916,8.61390592029916,TRUE
91,95,16,1,9.084176,9.08417598004193,9.08417598004193,TRUE
77,91,16,1,8.613906,8.61390592029916,8.61390592029916,TRUE
1077,1077,160,1,8.744252,8.74425260669281,8.74425260669281,TRUE
1081,1083,160,1,8.673765,8.67376513065725,8.67376513065725,TRUE
1082,1081,160,1,8.612476,8.61247655342625,8.61247655342625,TRUE
1076,1084,160,1,8.099738,8.09973772750253,8.09973772750253,TRUE
1079,1079,160,1,9.203803,9.20380290475918,7.95042021684785,FALSE
1087,1078,160,1,7.95042,7.95042021684785,7.95042021684785,TRUE
1085,1085,160,1,8.380857,8.38085656628682,8.38085656628682,TRUE
1089,1082,160,1,9.104201,9.10420148009622,9.10420148009622,TRUE
1078,1076,160,1,7.95042,7.95042021684785,7.95042021684785,TRUE
1083,1080,160,1,7.95042,7.95042021684785,7.95042021684785,TRUE
1090,1086,160,1,8.543419,8.5434184442636,8.5434184442636,TRUE
1084,1087,160,1,8.673765,8.67376513065725,8.67376513065725,TRUE
1088,1089,160,1,9.104201,9.10420148009622,9.10420148009622,TRUE
1080,1090,160,1,8.612476,8.61247655342625,8.61247655342625,TRUE
1086,1088,160,1,8.673765,8.67376513065725,8.67376513065725,TRUE
1101,1096,161,1,8.673765,8.67376513065725,8.67376513065725,TRUE
1104,1098,161,1,8.525649,8.52564938728719,8.52564938728719,TRUE
1095,1097,161,1,8.543419,8.5434184442636,8.5434184442636,TRUE
1098,1099,161,1,8.673765,8.67376513065725,8.67376513065725,TRUE
1091,1100,161,1,8.744252,8.74425260669281,8.74425260669281,TRUE
1094,1092,161,1,7.95042,7.95042021684785,7.95042021684785,TRUE
1096,1095,161,1,8.099738,8.09973772750253,8.09973772750253,TRUE
1100,1093,161,1,8.525649,8.52564938728719,8.52564938728719,TRUE
1103,1091,161,1,8.543419,8.5434184442636,8.5434184442636,TRUE
1092,1094,161,1,8.673765,8.67376513065725,8.67376513065725,TRUE
1093,1105,161,1,8.673765,8.67376513065725,8.67376513065725,TRUE
1102,1104,161,1,8.613906,8.61390592029916,8.61390592029916,TRUE
1105,1103,161,1,8.673765,8.67376513065725,8.67376513065725,TRUE
1099,1102,161,1,8.673765,8.67376513065725,8.67376513065725,TRUE
1097,1101,161,1,8.744252,8.74425260669281,8.74425260669281,TRUE
1106,1110,162,1,8.673765,8.67376513065725,8.67376513065725,TRUE
1107,1109,162,1,9.203803,9.20380290475918,7.95042021684785,FALSE
1109,1107,162,1,8.525649,8.52564938728719,8.52564938728719,TRUE
1113,1106,162,1,8.744252,8.74425260669281,8.74425260669281,TRUE
1110,1108,162,1,7.95042,7.95042021684785,7.95042021684785,TRUE
1114,1112,162,1,8.099738,8.09973772750253,8.09973772750253,TRUE
1108,1114,162,1,8.543419,8.5434184442636,8.5434184442636,TRUE
1111,1113,162,1,8.099738,8.09973772750253,8.09973772750253,TRUE
1115,1115,162,1,8.744252,8.74425260669281,8.74425260669281,TRUE
1112,1111,162,1,8.099738,8.09973772750253,8.09973772750253,TRUE
1128,1116,166,1,8.543419,8.5434184442636,8.5434184442636,TRUE
1117,1123,166,1,9.444125,9.44412485344534,9.44412485344534,TRUE
1123,1125,166,1,8.543419,8.5434184442636,8.5434184442636,TRUE
1126,1124,166,1,8.744252,8.74425260669281,8.74425260669281,TRUE
1130,1120,166,1,8.673765,8.67376513065725,8.67376513065725,TRUE
1121,1119,166,1,8.099738,8.09973772750253,8.09973772750253,TRUE
1124,1118,166,1,8.911333,8.91133328135494,8.91133328135494,TRUE
1129,1122,166,1,8.744252,8.74425260669281,8.74425260669281,TRUE
1118,1117,166,1,8.673765,8.67376513065725,8.67376513065725,TRUE
1120,1121,166,1,8.543419,8.5434184442636,8.5434184442636,TRUE
1127,1126,166,1,8.525649,8.52564938728719,8.52564938728719,TRUE
1122,1128,166,1,8.543419,8.5434184442636,8.5434184442636,TRUE
1116,1130,166,1,8.543419,8.5434184442636,8.5434184442636,TRUE
1119,1129,166,1,9.113841,9.11384076728591,9.11384076728591,TRUE
1125,1127,166,1,8.673765,8.67376513065725,8.67376513065725,TRUE
1138,1132,168,1,8.673765,8.67376513065725,8.67376513065725,TRUE
1132,1133,168,1,8.099738,8.09973772750253,8.09973772750253,TRUE
1133,1138,168,1,8.099738,8.09973772750253,8.09973772750253,TRUE
1139,1131,168,1,8.744252,8.74425260669281,8.74425260669281,TRUE
1137,1137,168,1,8.612476,8.61247655342625,8.61247655342625,TRUE
1140,1136,168,1,8.543419,8.5434184442636,8.5434184442636,TRUE
1131,1134,168,1,8.099738,8.09973772750253,8.09973772750253,TRUE
1142,1135,168,1,8.099738,8.09973772750253,8.09973772750253,TRUE
1143,1139,168,1,8.673765,8.67376513065725,8.67376513065725,TRUE
1144,1143,168,1,8.673765,8.67376513065725,8.67376513065725,TRUE
1135,1142,168,1,8.525649,8.52564938728719,8.52564938728719,TRUE
1136,1141,168,1,8.525649,8.52564938728719,8.52564938728719,TRUE
1134,1144,168,1,8.673765,8.67376513065725,8.67376513065725,TRUE
1141,1140,168,1,8.673765,8.67376513065725,8.67376513065725,TRUE
1150,1152,170,1,8.673765,8.67376513065725,8.67376513065725,TRUE
1152,1153,170,1,8.673765,8.67376513065725,8.67376513065725,TRUE
1156,1150,170,1,8.673765,8.67376513065725,8.67376513065725,TRUE
1154,1151,170,1,8.543419,8.5434184442636,8.5434184442636,TRUE
1146,1145,170,1,8.099738,8.09973772750253,8.09973772750253,TRUE
1155,1146,170,1,8.673765,8.67376513065725,8.67376513065725,TRUE
1153,1148,170,1,8.673765,8.67376513065725,8.67376513065725,TRUE
1148,1149,170,1,8.673765,8.67376513065725,8.67376513065725,TRUE
1147,1147,170,1,8.543419,8.5434184442636,8.5434184442636,TRUE
1159,1154,170,1,8.673765,8.67376513065725,8.67376513065725,TRUE
1158,1159,170,1,8.525649,8.52564938728719,8.52564938728719,TRUE
1157,1156,170,1,8.673765,8.67376513065725,8.67376513065725,TRUE
1145,1157,170,1,8.673765,8.67376513065725,8.67376513065725,TRUE
1151,1158,170,1,8.673765,8.67376513065725,8.67376513065725,TRUE
1149,1155,170,1,8.099738,8.09973772750253,8.09973772750253,TRUE
1164,1168,172,1,8.673765,8.67376513065725,8.67376513065725,TRUE
1165,1162,172,1,8.673765,8.67376513065725,8.67376513065725,TRUE
1174,1164,172,1,8.613906,8.61390592029916,8.61390592029916,TRUE
1170,1167,172,1,8.673765,8.67376513065725,8.67376513065725,TRUE
1162,1166,172,1,8.613906,8.61390592029916,8.61390592029916,TRUE
1168,1165,172,1,8.613906,8.61390592029916,8.61390592029916,TRUE
1167,1160,172,1,8.973855,8.97385479370257,8.97385479370257,TRUE
1160,1163,172,1,8.673765,8.67376513065725,8.67376513065725,TRUE
1161,1161,172,1,8.612476,8.61247655342625,8.61247655342625,TRUE
1171,1169,172,1,8.673765,8.67376513065725,8.67376513065725,TRUE
1173,1174,172,1,8.613906,8.61390592029916,8.61390592029916,TRUE
1169,1170,172,1,8.613906,8.61390592029916,8.61390592029916,TRUE
1163,1173,172,1,8.543419,8.5434184442636,8.5434184442636,TRUE
1172,1172,172,1,8.543419,8.5434184442636,8.5434184442636,TRUE
1166,1171,172,1,8.973855,8.97385479370257,8.97385479370257,TRUE
1182,1178,173,1,8.673765,8.67376513065725,8.67376513065725,TRUE
1183,1177,173,1,8.673765,8.67376513065725,8.67376513065725,TRUE
1178,1180,173,1,8.673765,8.67376513065725,8.67376513065725,TRUE
1176,1181,173,1,8.543419,8.5434184442636,8.5434184442636,TRUE
1177,1176,173,1,8.543419,8.5434184442636,8.5434184442636,TRUE
1180,1184,173,1,8.099738,8.09973772750253,8.09973772750253,TRUE
1181,1175,173,1,8.973855,8.97385479370257,8.97385479370257,TRUE
1179,1183,173,1,8.673765,8.67376513065725,8.67376513065725,TRUE
1175,1179,173,1,8.673765,8.67376513065725,8.67376513065725,TRUE
1184,1182,173,1,8.673765,8.67376513065725,8.67376513065725,TRUE
1189,1185,174,1,8.543419,8.5434184442636,8.5434184442636,TRUE
1188,1187,174,1,8.380857,8.38085656628682,8.38085656628682,TRUE
1187,1186,174,1,9.084176,9.08417598004193,9.08417598004193,TRUE
1185,1190,174,1,8.543419,8.5434184442636,8.5434184442636,TRUE
1191,1189,174,1,8.744252,8.74425260669281,8.74425260669281,TRUE
1192,1188,174,1,8.744252,8.74425260669281,8.74425260669281,TRUE
1190,1192,174,1,8.744252,8.74425260669281,8.74425260669281,TRUE
1186,1191,174,1,8.673765,8.67376513065725,8.67376513065725,TRUE
1194,1198,176,1,8.673765,8.67376513065725,8.67376513065725,TRUE
1193,1199,176,1,8.613906,8.61390592029916,8.61390592029916,TRUE
1196,1200,176,1,8.525649,8.52564938728719,8.52564938728719,TRUE
1198,1197,176,1,9.203803,9.20380290475918,7.95042021684785,FALSE
1199,1194,176,1,8.099738,8.09973772750253,8.09973772750253,TRUE
1197,1193,176,1,8.673765,8.67376513065725,8.67376513065725,TRUE
1201,1201,176,1,8.099738,8.09973772750253,8.09973772750253,TRUE
1200,1195,176,1,8.673765,8.67376513065725,8.67376513065725,TRUE
1204,1196,176,1,8.099738,8.09973772750253,8.09973772750253,TRUE
1202,1202,176,1,8.525649,8.52564938728719,8.52564938728719,TRUE
1195,1204,176,1,8.673765,8.67376513065725,8.67376513065725,TRUE
1203,1203,176,1,8.673765,8.67376513065725,8.67376513065725,TRUE
104,108,18,1,8.673765,8.67376513065725,8.67376513065725,TRUE
105,107,18,1,8.543419,8.5434184442636,8.5434184442636,TRUE
109,111,18,1,8.673765,8.67376513065725,8.67376513065725,TRUE
108,113,18,1,8.673765,8.67376513065725,8.67376513065725,TRUE
114,106,18,1,8.744252,8.74425260669281,8.74425260669281,TRUE
122,102,18,1,8.744252,8.74425260669281,8.74425260669281,TRUE
107,117,18,1,8.543419,8.5434184442636,8.5434184442636,TRUE
102,120,18,1,8.744252,8.74425260669281,8.74425260669281,TRUE
113,103,18,1,9.113841,9.11384076728591,9.11384076728591,TRUE
118,110,18,1,8.744252,8.74425260669281,8.74425260669281,TRUE
115,118,18,1,8.543419,8.5434184442636,8.5434184442636,TRUE
103,116,18,1,8.543419,8.5434184442636,8.5434184442636,FALSE
120,105,18,1,8.956086,8.95608573672616,8.95608573672616,TRUE
110,104,18,1,9.044342,9.04434226973814,9.04434226973814,TRUE
121,115,18,1,8.744252,8.74425260669281,8.74425260669281,TRUE
123,112,18,1,8.744252,8.74425260669281,8.74425260669281,TRUE
117,122,18,1,8.543419,8.5434184442636,8.5434184442636,TRUE
124,114,18,1,8.543419,8.5434184442636,8.5434184442636,TRUE
111,123,18,1,9.084176,9.08417598004193,7.8307932921306,FALSE
112,119,18,1,8.673765,8.67376513065725,8.67376513065725,TRUE
106,121,18,1,8.673765,8.67376513065725,8.67376513065725,TRUE
119,124,18,1,9.084176,9.08417598004193,7.8307932921306,FALSE
116,109,18,1,8.673765,8.67376513065725,8.67376513065725,TRUE
1212,1213,180,1,8.673765,8.67376513065725,8.67376513065725,TRUE
1206,1211,180,1,8.099738,8.09973772750253,8.09973772750253,TRUE
1211,1205,180,1,8.973855,8.97385479370257,8.97385479370257,TRUE
1214,1208,180,1,8.673765,8.67376513065725,8.67376513065725,TRUE
1218,1214,180,1,8.673765,8.67376513065725,8.67376513065725,TRUE
1207,1207,180,1,8.525649,8.52564938728719,8.52564938728719,TRUE
1217,1212,180,1,9.044342,9.04434226973814,9.04434226973814,TRUE
1209,1210,180,1,8.543419,8.5434184442636,8.5434184442636,TRUE
1219,1206,180,1,8.099738,8.09973772750253,8.09973772750253,TRUE
1216,1209,180,1,8.612476,8.61247655342625,8.61247655342625,TRUE
1215,1218,180,1,8.525649,8.52564938728719,8.52564938728719,TRUE
1208,1217,180,1,8.673765,8.67376513065725,8.67376513065725,TRUE
1205,1216,180,1,8.673765,8.67376513065725,8.67376513065725,TRUE
1213,1219,180,1,9.043353,9.04335329125035,9.04335329125035,TRUE
1210,1215,180,1,8.099738,8.09973772750253,8.09973772750253,TRUE
1222,1223,181,1,9.203803,9.20380290475918,7.95042021684785,FALSE
1220,1220,181,1,8.099738,8.09973772750253,8.09973772750253,TRUE
1221,1221,181,1,8.099738,8.09973772750253,8.09973772750253,TRUE
1223,1222,181,1,8.099738,8.09973772750253,8.09973772750253,TRUE
1235,1227,182,1,8.673765,8.67376513065725,8.67376513065725,TRUE
1232,1230,182,1,8.744252,8.74425260669281,8.74425260669281,TRUE
1237,1232,182,1,8.673765,8.67376513065725,8.67376513065725,TRUE
1225,1231,182,1,8.099738,8.09973772750253,8.09973772750253,TRUE
1227,1228,182,1,8.099738,8.09973772750253,8.09973772750253,TRUE
1233,1224,182,1,8.543419,8.5434184442636,8.5434184442636,TRUE
1238,1225,182,1,8.744252,8.74425260669281,8.74425260669281,TRUE
1231,1229,182,1,8.744252,8.74425260669281,8.74425260669281,TRUE
1229,1233,182,1,7.95042,7.95042021684785,7.95042021684785,TRUE
1224,1226,182,1,8.673765,8.67376513065725,8.67376513065725,TRUE
1228,1234,182,1,8.099738,8.09973772750253,8.09973772750253,TRUE
1230,1235,182,1,8.099738,8.09973772750253,8.09973772750253,TRUE
1234,1238,182,1,8.673765,8.67376513065725,8.67376513065725,TRUE
1226,1236,182,1,8.673765,8.67376513065725,8.67376513065725,TRUE
1236,1237,182,1,8.099738,8.09973772750253,8.09973772750253,TRUE
1244,1239,183,1,8.612476,8.61247655342625,8.61247655342625,TRUE
1251,1243,183,1,8.099738,8.09973772750253,8.09973772750253,TRUE
1246,1242,183,1,8.099738,8.09973772750253,8.09973772750253,TRUE
1241,1248,183,1,7.95042,7.95042021684785,7.95042021684785,TRUE
1248,1247,183,1,8.099738,8.09973772750253,8.09973772750253,TRUE
1249,1245,183,1,7.95042,7.95042021684785,7.95042021684785,TRUE
1242,1241,183,1,8.673765,8.67376513065725,8.67376513065725,TRUE
1252,1240,183,1,8.099738,8.09973772750253,8.09973772750253,TRUE
1243,1246,183,1,8.099738,8.09973772750253,8.09973772750253,TRUE
1245,1244,183,1,8.543419,8.5434184442636,8.5434184442636,TRUE
1239,1251,183,1,8.099738,8.09973772750253,8.09973772750253,TRUE
1253,1249,183,1,8.673765,8.67376513065725,8.67376513065725,TRUE
1240,1252,183,1,8.956086,8.95608573672616,8.95608573672616,TRUE
1247,1250,183,1,8.673765,8.67376513065725,8.67376513065725,TRUE
1250,1253,183,1,8.673765,8.67376513065725,8.67376513065725,TRUE
1260,1258,185,2,8.744252,8.74425260669281,8.74425260669281,TRUE
1264,1260,185,2,8.744252,8.74425260669281,8.74425260669281,TRUE
1267,1254,185,1,8.673765,8.67376513065725,8.67376513065725,TRUE
1256,1261,185,1,8.744252,8.74425260669281,8.74425260669281,TRUE
1268,1263,185,1,8.543419,8.5434184442636,8.5434184442636,TRUE
1254,1255,185,1,8.744252,8.74425260669281,8.74425260669281,TRUE
1261,1259,185,1,8.525649,8.52564938728719,8.52564938728719,TRUE
1258,1256,185,3,7.95042,7.95042021684785,7.95042021684785,TRUE
1262,1257,185,3,7.95042,7.95042021684785,7.95042021684785,TRUE
1265,1262,185,3,7.95042,7.95042021684785,7.95042021684785,TRUE
1266,1268,185,1,8.099738,8.09973772750253,8.09973772750253,TRUE
1263,1267,185,1,8.613906,8.61390592029916,8.61390592029916,TRUE
1257,1265,185,1,7.95042,7.95042021684785,7.95042021684785,TRUE
1255,1266,185,1,8.744252,8.74425260669281,8.74425260669281,TRUE
1259,1264,185,1,8.395303,8.39530270089355,8.39530270089355,TRUE
1277,1270,187,1,8.613906,8.61390592029916,8.61390592029916,TRUE
1271,1273,187,1,9.174689,9.17468895613178,9.17468895613178,TRUE
1281,1271,187,1,8.973855,8.97385479370257,8.97385479370257,TRUE
1282,1272,187,1,8.543419,8.5434184442636,8.5434184442636,TRUE
1272,1275,187,1,9.044342,9.04434226973814,9.04434226973814,TRUE
1270,1276,187,1,9.174689,9.17468895613178,9.17468895613178,TRUE
1283,1269,187,1,8.613906,8.61390592029916,8.61390592029916,TRUE
1275,1278,187,1,8.956086,8.95608573672616,8.95608573672616,TRUE
1278,1277,187,1,8.911333,8.91133328135494,8.91133328135494,TRUE
1274,1274,187,1,8.973855,8.97385479370257,8.97385479370257,TRUE
1276,1281,187,1,8.973855,8.97385479370257,8.97385479370257,TRUE
1279,1282,187,1,8.543419,8.5434184442636,8.5434184442636,TRUE
1269,1280,187,1,8.744252,8.74425260669281,8.74425260669281,TRUE
1273,1279,187,1,8.973855,8.97385479370257,8.97385479370257,TRUE
1280,1283,187,1,8.525649,8.52564938728719,8.52564938728719,TRUE
145,128,19,1,9.084176,9.08417598004193,9.08417598004193,TRUE
132,129,19,1,8.543419,8.5434184442636,8.5434184442636,TRUE
134,134,19,1,7.95042,7.95042021684785,7.95042021684785,TRUE
131,133,19,1,8.673765,8.67376513065725,8.67376513065725,TRUE
147,132,19,1,8.422362,8.42236215267344,8.42236215267344,FALSE
143,131,19,1,8.673765,8.67376513065725,8.67376513065725,TRUE
141,130,19,1,7.95042,7.95042021684785,7.95042021684785,TRUE
144,127,19,1,9.044342,9.04434226973814,9.04434226973814,TRUE
136,136,19,1,8.262196,8.26219525705171,8.26219525705171,TRUE
127,137,19,1,8.099738,8.09973772750253,8.09973772750253,TRUE
130,147,19,1,8.673765,8.67376513065725,8.67376513065725,TRUE
139,143,19,1,8.673765,8.67376513065725,8.67376513065725,TRUE
137,135,19,2,8.612476,8.61247655342625,8.61247655342625,TRUE
133,146,19,2,8.673765,8.67376513065725,8.67376513065725,TRUE
135,126,19,1,8.612476,8.61247655342625,8.61247655342625,TRUE
138,144,19,1,8.543419,8.5434184442636,8.5434184442636,TRUE
125,141,19,1,8.973855,8.97385479370257,8.97385479370257,TRUE
146,138,19,1,9.013688,9.01368850400637,9.01368850400637,FALSE
142,145,19,1,8.973855,8.97385479370257,8.97385479370257,TRUE
129,140,19,1,8.612476,8.61247655342625,8.61247655342625,TRUE
140,125,19,1,8.543419,8.5434184442636,8.5434184442636,TRUE
126,142,19,1,8.744252,8.74425260669281,8.74425260669281,TRUE
128,139,19,1,8.543419,8.5434184442636,8.5434184442636,TRUE
1298,1291,190,1,8.525649,8.52564938728719,8.52564938728719,TRUE
1287,1290,190,1,8.840846,8.84084580531938,8.84084580531938,TRUE
1286,1289,190,1,8.911333,8.91133328135494,8.91133328135494,TRUE
1285,1292,190,1,8.099738,8.09973772750253,8.09973772750253,TRUE
1284,1286,190,1,8.673765,8.67376513065725,8.67376513065725,TRUE
1297,1288,190,1,8.973855,8.97385479370257,8.97385479370257,TRUE
1294,1293,190,1,8.099738,8.09973772750253,8.09973772750253,TRUE
1290,1284,190,1,8.673765,8.67376513065725,8.67376513065725,TRUE
1291,1285,190,1,9.84864,9.84864088308368,8.59525819517235,FALSE
1288,1287,190,1,8.117501,8.11750089150998,8.11750089150998,TRUE
1295,1297,190,1,9.042912,9.04291290286522,9.04291290286522,TRUE
1289,1296,190,1,8.673765,8.67376513065725,8.67376513065725,TRUE
1292,1295,190,1,8.543419,8.5434184442636,8.5434184442636,TRUE
1293,1298,190,1,8.525649,8.52564938728719,8.52564938728719,TRUE
1296,1294,190,1,8.673765,8.67376513065725,8.67376513065725,TRUE
1304,1307,195,1,8.673765,8.67376513065725,8.67376513065725,TRUE
1305,1304,195,1,8.099738,8.09973772750253,8.09973772750253,TRUE
1309,1305,195,1,8.612476,8.61247655342625,8.61247655342625,TRUE
1303,1300,195,1,8.673765,8.67376513065725,8.67376513065725,TRUE
1306,1302,195,1,8.744252,8.74425260669281,8.74425260669281,TRUE
1312,1303,195,1,8.973855,8.97385479370257,8.97385479370257,TRUE
1308,1308,195,1,8.673765,8.67376513065725,8.67376513065725,TRUE
1300,1301,195,1,8.099738,8.09973772750253,8.09973772750253,TRUE
1302,1306,195,1,8.099738,8.09973772750253,8.09973772750253,TRUE
1299,1299,195,1,7.95042,7.95042021684785,7.95042021684785,TRUE
1311,1311,195,1,8.973855,8.97385479370257,8.97385479370257,TRUE
1307,1309,195,1,8.612476,8.61247655342625,8.61247655342625,TRUE
1310,1310,195,1,7.95042,7.95042021684785,7.95042021684785,TRUE
1313,1312,195,1,8.612476,8.61247655342625,8.61247655342625,TRUE
1301,1313,195,1,8.840846,8.84084580531938,8.84084580531938,TRUE
1319,1321,197,1,8.744252,8.74425260669281,8.74425260669281,TRUE
1328,1315,197,1,8.744252,8.74425260669281,8.74425260669281,TRUE
1315,1317,197,1,8.543419,8.5434184442636,8.5434184442636,TRUE
1327,1319,197,1,8.973855,8.97385479370257,8.97385479370257,TRUE
1314,1320,197,1,8.543419,8.5434184442636,8.5434184442636,TRUE
1326,1323,197,1,8.673765,8.67376513065725,8.67376513065725,TRUE
1317,1314,197,1,8.973855,8.97385479370257,8.97385479370257,TRUE
1321,1318,197,1,8.673765,8.67376513065725,8.67376513065725,TRUE
1322,1316,197,1,8.744252,8.74425260669281,8.74425260669281,TRUE
1318,1322,197,1,8.911333,8.91133328135494,8.91133328135494,TRUE
1323,1324,197,1,8.673765,8.67376513065725,8.67376513065725,TRUE
1316,1325,197,1,8.673765,8.67376513065725,8.67376513065725,TRUE
1324,1328,197,1,9.013688,9.01368850400637,9.01368850400637,FALSE
1325,1327,197,1,8.673765,8.67376513065725,8.67376513065725,TRUE
1320,1326,197,1,9.104201,9.10420148009622,9.10420148009622,TRUE
1335,1333,199,1,8.673765,8.67376513065725,8.67376513065725,TRUE
1329,1334,199,1,8.543419,8.5434184442636,8.5434184442636,TRUE
1331,1331,199,1,8.673765,8.67376513065725,8.67376513065725,TRUE
1338,1330,199,1,8.099738,8.09973772750253,8.09973772750253,TRUE
1334,1329,199,1,8.099738,8.09973772750253,8.09973772750253,TRUE
1332,1332,199,1,8.744252,8.74425260669281,8.74425260669281,TRUE
1339,1335,199,1,8.744252,8.74425260669281,8.74425260669281,TRUE
1340,1339,199,1,9.104201,9.10420148009622,9.10420148009622,TRUE
1336,1336,199,1,8.525649,8.52564938728719,8.52564938728719,TRUE
1330,1337,199,1,8.673765,8.67376513065725,8.67376513065725,TRUE
1337,1340,199,1,8.673765,8.67376513065725,8.67376513065725,TRUE
1333,1338,199,1,8.099738,8.09973772750253,8.09973772750253,TRUE
9,1,2,1,8.099738,8.09973772750253,8.09973772750253,TRUE
4,8,2,1,9.203803,9.20380290475918,9.20380290475918,TRUE
5,5,2,1,8.673765,8.67376513065725,8.67376513065725,TRUE
8,9,2,1,9.355217,9.35521732779211,9.35521732779211,TRUE
7,10,2,1,8.543419,8.5434184442636,8.5434184442636,TRUE
12,6,2,1,8.543419,8.5434184442636,8.5434184442636,FALSE
14,7,2,1,8.744252,8.74425260669281,8.74425260669281,TRUE
6,3,2,1,8.613906,8.61390592029916,8.61390592029916,TRUE
3,2,2,1,9.28473,9.28472985175654,9.28472985175654,TRUE
10,4,2,1,9.104201,9.10420148009622,9.10420148009622,TRUE
1,14,2,1,9.104201,9.10420148009622,9.10420148009622,TRUE
2,13,2,1,8.852798,8.85279850211241,8.85279850211241,TRUE
13,11,2,1,8.589443,8.58944282733557,8.58944282733557,FALSE
11,12,2,1,8.86365,8.86365052849878,8.86365052849878,TRUE
153,154,20,1,8.673765,8.67376513065725,8.67376513065725,TRUE
155,153,20,1,9.042912,9.04291290286522,9.04291290286522,TRUE
148,157,20,1,8.673765,8.67376513065725,8.67376513065725,TRUE
152,156,20,1,8.673765,8.67376513065725,8.67376513065725,TRUE
161,151,20,1,8.744252,8.74425260669281,8.74425260669281,TRUE
162,155,20,1,8.525649,8.52564938728719,8.52564938728719,TRUE
158,149,20,1,8.825739,8.82573905033252,8.82573905033252,TRUE
173,148,20,1,8.525649,8.52564938728719,8.52564938728719,TRUE
171,152,20,1,8.744252,8.74425260669281,8.74425260669281,TRUE
149,150,20,1,8.395303,8.39530270089355,8.39530270089355,TRUE
169,165,20,1,9.174689,9.17468895613178,9.17468895613178,TRUE
167,174,20,1,8.543419,8.5434184442636,8.5434184442636,TRUE
177,175,20,1,8.673765,8.67376513065725,8.67376513065725,TRUE
164,161,20,1,9.174689,9.17468895613178,9.17468895613178,TRUE
175,171,20,1,9.249854,9.24985447994362,9.24985447994362,FALSE
150,172,20,1,8.744252,8.74425260669281,8.74425260669281,TRUE
159,159,20,1,8.673765,8.67376513065725,8.67376513065725,TRUE
163,163,20,1,8.673765,8.67376513065725,8.67376513065725,TRUE
166,166,20,1,9.174689,9.17468895613178,9.17468895613178,TRUE
154,173,20,1,8.613906,8.61390592029916,8.61390592029916,TRUE
170,164,20,1,8.973855,8.97385479370257,8.97385479370257,TRUE
172,162,20,1,8.612476,8.61247655342625,8.61247655342625,TRUE
151,177,20,1,9.174689,9.17468895613178,9.17468895613178,TRUE
174,168,20,1,8.543419,8.5434184442636,8.5434184442636,TRUE
160,160,20,1,8.973855,8.97385479370257,8.97385479370257,TRUE
165,170,20,1,8.525649,8.52564938728719,8.52564938728719,TRUE
168,158,20,1,8.543419,8.5434184442636,8.5434184442636,TRUE
156,169,20,1,8.673765,8.67376513065725,8.67376513065725,TRUE
176,167,20,1,8.673765,8.67376513065725,8.67376513065725,TRUE
157,176,20,1,8.543419,8.5434184442636,8.5434184442636,TRUE
1351,1350,201,1,8.744252,8.74425260669281,8.74425260669281,TRUE
1349,1343,201,1,8.612476,8.61247655342625,8.61247655342625,TRUE
1341,1342,201,1,8.543419,8.5434184442636,8.5434184442636,TRUE
1354,1345,201,1,8.744252,8.74425260669281,8.74425260669281,TRUE
1355,1341,201,1,9.104201,9.10420148009622,9.10420148009622,TRUE
1347,1349,201,1,8.673765,8.67376513065725,8.67376513065725,TRUE
1344,1348,201,1,8.543419,8.5434184442636,8.5434184442636,TRUE
1346,1344,201,1,8.744252,8.74425260669281,8.74425260669281,TRUE
1343,1347,201,1,8.673765,8.67376513065725,8.67376513065725,TRUE
1348,1346,201,1,9.174689,9.17468895613178,9.17468895613178,TRUE
1352,1351,201,1,8.744252,8.74425260669281,8.74425260669281,TRUE
1350,1355,201,1,8.673765,8.67376513065725,8.67376513065725,TRUE
1353,1353,201,1,8.543419,8.5434184442636,8.5434184442636,TRUE
1342,1352,201,1,8.673765,8.67376513065725,8.67376513065725,TRUE
1345,1354,201,1,8.613906,8.61390592029916,8.61390592029916,TRUE
1363,1357,203,1,8.543419,8.5434184442636,8.5434184442636,TRUE
1358,1358,203,1,8.543419,8.5434184442636,8.5434184442636,TRUE
1366,1359,203,1,8.744252,8.74425260669281,8.74425260669281,TRUE
1367,1362,203,1,8.673765,8.67376513065725,8.67376513065725,TRUE
1356,1361,203,1,8.543419,8.5434184442636,8.5434184442636,TRUE
1362,1365,203,1,8.744252,8.74425260669281,8.74425260669281,TRUE
1361,1364,203,1,8.543419,8.5434184442636,8.5434184442636,TRUE
1365,1360,203,1,8.673765,8.67376513065725,8.67376513065725,TRUE
1364,1356,203,1,8.673765,8.67376513065725,8.67376513065725,TRUE
1369,1363,203,1,8.673765,8.67376513065725,8.67376513065725,TRUE
1370,1369,203,1,8.612476,8.61247655342625,8.61247655342625,TRUE
1359,1368,203,1,8.673765,8.67376513065725,8.67376513065725,TRUE
1357,1366,203,1,8.613906,8.61390592029916,8.61390592029916,TRUE
1368,1367,203,1,8.863879,8.86387953141006,8.86387953141006,TRUE
1360,1370,203,1,8.744252,8.74425260669281,8.74425260669281,TRUE
1379,1376,204,1,8.673765,8.67376513065725,8.67376513065725,TRUE
1380,1378,204,1,8.543419,8.5434184442636,8.5434184442636,TRUE
1375,1375,204,1,8.673765,8.67376513065725,8.67376513065725,TRUE
1372,1371,204,1,9.174689,9.17468895613178,9.17468895613178,TRUE
1381,1374,204,1,8.673765,8.67376513065725,8.67376513065725,TRUE
1374,1372,204,1,8.744252,8.74425260669281,8.74425260669281,TRUE
1373,1380,204,1,8.744252,8.74425260669281,8.74425260669281,TRUE
1378,1379,204,1,8.744252,8.74425260669281,8.74425260669281,TRUE
1383,1373,204,1,8.543419,8.5434184442636,8.5434184442636,TRUE
1371,1377,204,1,8.673765,8.67376513065725,8.67376513065725,TRUE
1384,1384,204,1,8.673765,8.67376513065725,8.67376513065725,TRUE
1385,1381,204,1,8.673765,8.67376513065725,8.67376513065725,TRUE
1376,1382,204,1,8.744252,8.74425260669281,8.74425260669281,TRUE
1377,1385,204,1,8.612476,8.61247655342625,8.61247655342625,TRUE
1382,1383,204,1,8.673765,8.67376513065725,8.67376513065725,TRUE
1388,1390,205,1,8.673765,8.67376513065725,8.67376513065725,TRUE
1395,1391,205,1,8.613906,8.61390592029916,8.61390592029916,TRUE
1400,1393,205,1,8.525649,8.52564938728719,8.52564938728719,TRUE
1393,1395,205,1,8.673765,8.67376513065725,8.67376513065725,TRUE
1394,1386,205,1,8.673765,8.67376513065725,8.67376513065725,TRUE
1392,1388,205,1,8.543419,8.5434184442636,8.5434184442636,TRUE
1386,1389,205,1,8.543419,8.5434184442636,8.5434184442636,TRUE
1399,1392,205,1,8.744252,8.74425260669281,8.74425260669281,TRUE
1389,1394,205,1,8.099738,8.09973772750253,8.09973772750253,TRUE
1398,1387,205,1,8.673765,8.67376513065725,8.67376513065725,TRUE
1391,1400,205,1,8.525649,8.52564938728719,8.52564938728719,TRUE
1397,1399,205,1,8.744252,8.74425260669281,8.74425260669281,TRUE
1396,1396,205,1,8.543419,8.5434184442636,8.5434184442636,TRUE
1390,1398,205,1,8.525649,8.52564938728719,8.52564938728719,TRUE
1387,1397,205,1,8.525649,8.52564938728719,8.52564938728719,TRUE
180,184,21,1,8.395303,8.39530270089355,8.39530270089355,TRUE
184,186,21,1,8.673765,8.67376513065725,8.67376513065725,TRUE
186,185,21,1,9.104201,9.10420148009622,9.10420148009622,TRUE
179,187,21,1,8.983494,8.98349408089227,8.98349408089227,TRUE
182,183,21,1,9.174689,9.17468895613178,9.17468895613178,TRUE
178,180,21,1,8.543419,8.5434184442636,8.5434184442636,TRUE
187,181,21,1,9.437678,9.43767793165349,9.43767793165349,TRUE
183,182,21,1,9.113841,9.11384076728591,9.11384076728591,TRUE
181,178,21,1,9.84864,9.84864088308368,9.84864088308368,TRUE
185,179,21,1,8.673765,8.67376513065725,8.67376513065725,TRUE
1401,1402,210,1,8.099738,8.09973772750253,8.09973772750253,TRUE
1402,1401,210,1,8.099738,8.09973772750253,8.09973772750253,TRUE
1407,1404,210,1,8.863879,8.86387953141006,8.86387953141006,TRUE
1403,1403,210,1,8.099738,8.09973772750253,8.09973772750253,TRUE
1405,1405,210,1,8.673765,8.67376513065725,8.67376513065725,TRUE
1408,1406,210,1,8.099738,8.09973772750253,8.09973772750253,TRUE
1406,1407,210,1,8.525649,8.52564938728719,8.52564938728719,TRUE
1404,1408,210,1,8.673765,8.67376513065725,8.67376513065725,TRUE
1412,1412,215,1,8.744252,8.74425260669281,8.74425260669281,TRUE
1409,1409,215,1,8.973855,8.97385479370257,8.97385479370257,TRUE
1410,1410,215,1,8.673765,8.67376513065725,8.67376513065725,TRUE
1417,1413,215,1,9.174689,9.17468895613178,9.17468895613178,TRUE
1413,1411,215,1,8.673765,8.67376513065725,8.67376513065725,TRUE
1411,1416,215,1,9.104201,9.10420148009622,9.10420148009622,TRUE
1414,1415,215,1,8.673765,8.67376513065725,8.67376513065725,TRUE
1418,1417,215,1,8.973855,8.97385479370257,8.97385479370257,TRUE
1415,1414,215,1,8.612476,8.61247655342625,8.61247655342625,TRUE
1416,1418,215,1,8.973855,8.97385479370257,8.97385479370257,TRUE
1419,1428,216,1,8.673765,8.67376513065725,8.67376513065725,TRUE
1422,1419,216,1,8.744252,8.74425260669281,8.74425260669281,TRUE
1427,1421,216,1,8.543419,8.5434184442636,8.5434184442636,TRUE
1430,1422,216,1,8.744252,8.74425260669281,8.74425260669281,TRUE
1423,1425,216,1,8.613906,8.61390592029916,8.61390592029916,TRUE
1426,1423,216,1,8.744252,8.74425260669281,8.74425260669281,TRUE
1431,1420,216,1,8.543419,8.5434184442636,8.5434184442636,TRUE
1424,1424,216,1,8.673765,8.67376513065725,8.67376513065725,TRUE
1420,1426,216,1,9.042912,9.04291290286522,9.04291290286522,TRUE
1432,1427,216,1,8.673765,8.67376513065725,8.67376513065725,TRUE
1428,1430,216,1,8.673765,8.67376513065725,8.67376513065725,TRUE
1425,1429,216,1,8.525649,8.52564938728719,8.52564938728719,TRUE
1429,1432,216,1,8.543419,8.5434184442636,8.5434184442636,TRUE
1421,1431,216,1,8.543419,8.5434184442636,8.5434184442636,TRUE
1441,1436,218,1,8.673765,8.67376513065725,8.67376513065725,TRUE
1440,1433,218,1,8.543419,8.5434184442636,8.5434184442636,TRUE
1435,1442,218,1,8.744252,8.74425260669281,8.74425260669281,TRUE
1446,1435,218,1,8.673765,8.67376513065725,8.67376513065725,TRUE
1443,1438,218,1,8.744252,8.74425260669281,8.74425260669281,TRUE
1444,1437,218,1,8.744252,8.74425260669281,8.74425260669281,TRUE
1445,1434,218,1,8.543419,8.5434184442636,8.5434184442636,TRUE
1437,1440,218,1,8.525649,8.52564938728719,8.52564938728719,TRUE
1436,1441,218,1,9.114422,9.11442204213085,9.11442204213085,TRUE
1433,1439,218,1,8.673765,8.67376513065725,8.67376513065725,TRUE
1439,1445,218,1,8.099738,8.09973772750253,8.09973772750253,TRUE
1447,1447,218,1,8.543419,8.5434184442636,8.5434184442636,TRUE
1438,1443,218,1,8.613906,8.61390592029916,8.61390592029916,TRUE
1442,1444,218,1,8.543419,8.5434184442636,8.5434184442636,TRUE
1434,1446,218,1,8.744252,8.74425260669281,8.74425260669281,TRUE
212,196,22,1,8.099738,8.09973772750253,8.09973772750253,TRUE
188,190,22,1,8.673765,8.67376513065725,8.67376513065725,TRUE
201,197,22,1,8.099738,8.09973772750253,8.09973772750253,TRUE
204,189,22,1,8.099738,8.09973772750253,8.09973772750253,TRUE
196,195,22,1,7.95042,7.95042021684785,7.95042021684785,TRUE
217,209,22,1,8.525649,8.52564938728719,8.52564938728719,TRUE
213,211,22,1,8.673765,8.67376513065725,8.67376513065725,TRUE
209,206,22,1,8.840846,8.84084580531938,8.84084580531938,TRUE
199,213,22,1,8.673765,8.67376513065725,8.67376513065725,TRUE
214,191,22,1,8.612476,8.61247655342625,8.61247655342625,TRUE
210,207,22,1,8.973855,8.97385479370257,8.97385479370257,TRUE
216,198,22,1,8.612476,8.61247655342625,8.61247655342625,TRUE
202,200,22,1,8.673765,8.67376513065725,8.67376513065725,TRUE
206,188,22,1,8.099738,8.09973772750253,8.09973772750253,TRUE
192,192,22,1,8.099738,8.09973772750253,8.09973772750253,TRUE
197,217,22,1,8.744252,8.74425260669281,8.74425260669281,TRUE
189,194,22,1,8.612476,8.61247655342625,8.61247655342625,TRUE
205,208,22,1,8.673765,8.67376513065725,8.67376513065725,TRUE
203,202,22,1,8.673765,8.67376513065725,8.67376513065725,TRUE
200,216,22,1,8.099738,8.09973772750253,8.09973772750253,TRUE
198,201,22,1,8.673765,8.67376513065725,8.67376513065725,TRUE
193,212,22,1,9.203803,9.20380290475918,7.95042021684785,FALSE
191,203,22,1,7.95042,7.95042021684785,7.95042021684785,TRUE
207,214,22,1,9.042912,9.04291290286522,9.04291290286522,TRUE
211,215,22,1,9.203803,9.20380290475918,7.95042021684785,FALSE
190,199,22,1,8.673765,8.67376513065725,8.67376513065725,TRUE
194,205,22,1,8.099738,8.09973772750253,8.09973772750253,TRUE
195,210,22,1,9.203803,9.20380290475918,7.95042021684785,FALSE
208,193,22,1,8.612476,8.61247655342625,8.61247655342625,TRUE
215,204,22,1,8.099738,8.09973772750253,8.09973772750253,TRUE
1460,1455,226,1,8.673765,8.67376513065725,8.67376513065725,TRUE
1450,1452,226,1,8.744252,8.74425260669281,8.74425260669281,TRUE
1457,1454,226,1,8.543419,8.5434184442636,8.5434184442636,TRUE
1449,1449,226,1,8.673765,8.67376513065725,8.67376513065725,TRUE
1462,1450,226,1,9.508165,9.50816540768905,9.50816540768905,TRUE
1458,1456,226,1,8.744252,8.74425260669281,8.74425260669281,TRUE
1451,1451,226,1,8.956086,8.95608573672616,8.95608573672616,TRUE
1452,1457,226,1,8.099738,8.09973772750253,8.09973772750253,TRUE
1448,1448,226,1,8.744252,8.74425260669281,8.74425260669281,TRUE
1455,1453,226,1,8.744252,8.74425260669281,8.74425260669281,TRUE
1459,1462,226,1,8.543419,8.5434184442636,8.5434184442636,TRUE
1453,1461,226,1,8.744252,8.74425260669281,8.74425260669281,TRUE
1454,1460,226,1,8.395303,8.39530270089355,8.39530270089355,TRUE
1456,1459,226,1,8.673765,8.67376513065725,8.67376513065725,TRUE
1461,1458,226,1,8.099738,8.09973772750253,8.09973772750253,TRUE
1477,1472,227,1,8.673765,8.67376513065725,8.67376513065725,TRUE
1475,1463,227,1,8.099738,8.09973772750253,8.09973772750253,TRUE
1470,1464,227,1,8.673765,8.67376513065725,8.67376513065725,TRUE
1466,1467,227,1,8.673765,8.67376513065725,8.67376513065725,TRUE
1464,1465,227,1,8.744252,8.74425260669281,8.74425260669281,TRUE
1467,1468,227,1,8.673765,8.67376513065725,8.67376513065725,TRUE
1468,1471,227,1,8.099738,8.09973772750253,8.09973772750253,TRUE
1476,1466,227,1,8.673765,8.67376513065725,8.67376513065725,TRUE
1471,1469,227,1,8.673765,8.67376513065725,8.67376513065725,TRUE
1472,1470,227,1,8.744252,8.74425260669281,8.74425260669281,TRUE
1474,1477,227,1,8.673765,8.67376513065725,8.67376513065725,TRUE
1463,1475,227,1,8.673765,8.67376513065725,8.67376513065725,TRUE
1465,1473,227,1,8.613906,8.61390592029916,8.61390592029916,TRUE
1473,1476,227,1,8.543419,8.5434184442636,8.5434184442636,TRUE
1469,1474,227,1,8.543419,8.5434184442636,8.5434184442636,TRUE
1478,1482,228,1,9.84864,9.84864088308368,9.84864088308368,TRUE
1479,1480,228,1,8.744252,8.74425260669281,8.74425260669281,TRUE
1482,1481,228,1,9.084176,9.08417598004193,9.08417598004193,TRUE
1480,1478,228,1,9.84864,9.84864088308368,9.84864088308368,TRUE
1481,1479,228,1,9.841181,9.84118083127655,9.84118083127655,FALSE
1484,1488,232,1,8.673765,8.67376513065725,8.67376513065725,TRUE
1483,1490,232,1,8.673765,8.67376513065725,8.67376513065725,TRUE
1492,1491,232,1,8.543419,8.5434184442636,8.5434184442636,TRUE
1490,1486,232,1,8.673765,8.67376513065725,8.67376513065725,TRUE
1487,1492,232,1,8.099738,8.09973772750253,8.09973772750253,TRUE
1491,1487,232,1,8.099738,8.09973772750253,8.09973772750253,TRUE
1485,1484,232,1,8.673765,8.67376513065725,8.67376513065725,TRUE
1495,1489,232,1,8.895238,8.8952375478803,8.8952375478803,TRUE
1489,1483,232,1,8.673765,8.67376513065725,8.67376513065725,TRUE
1486,1485,232,1,8.673765,8.67376513065725,8.67376513065725,TRUE
1493,1495,232,1,8.673765,8.67376513065725,8.67376513065725,TRUE
1494,1493,232,1,8.395303,8.39530270089355,8.39530270089355,TRUE
1488,1494,232,1,8.673765,8.67376513065725,8.67376513065725,TRUE
1510,1504,237,1,8.525649,8.52564938728719,8.52564938728719,TRUE
1506,1496,237,1,8.395303,8.39530270089355,8.39530270089355,TRUE
1500,1497,237,1,8.099738,8.09973772750253,8.09973772750253,TRUE
1501,1499,237,1,8.840846,8.84084580531938,8.84084580531938,TRUE
1498,1502,237,1,8.543419,8.5434184442636,8.5434184442636,TRUE
1503,1498,237,1,8.099738,8.09973772750253,8.09973772750253,TRUE
1509,1503,237,1,8.673765,8.67376513065725,8.67376513065725,TRUE
1499,1500,237,1,8.543419,8.5434184442636,8.5434184442636,TRUE
1502,1501,237,1,8.099738,8.09973772750253,8.09973772750253,TRUE
1507,1505,237,1,9.174689,9.17468895613178,9.17468895613178,TRUE
1508,1506,237,1,8.673765,8.67376513065725,8.67376513065725,TRUE
1505,1509,237,1,8.744252,8.74425260669281,8.74425260669281,TRUE
1504,1508,237,1,8.673765,8.67376513065725,8.67376513065725,TRUE
1497,1507,237,1,8.744252,8.74425260669281,8.74425260669281,TRUE
1496,1510,237,1,9.174689,9.17468895613178,9.17468895613178,TRUE
1512,1516,239,1,8.543419,8.5434184442636,8.5434184442636,TRUE
1522,1512,239,1,8.099738,8.09973772750253,8.09973772750253,TRUE
1511,1520,239,1,8.543419,8.5434184442636,8.5434184442636,TRUE
1519,1511,239,1,8.099738,8.09973772750253,8.09973772750253,TRUE
1513,1518,239,1,8.744252,8.74425260669281,8.74425260669281,TRUE
1516,1519,239,1,7.95042,7.95042021684785,7.95042021684785,TRUE
1517,1517,239,1,8.543419,8.5434184442636,8.5434184442636,TRUE
1515,1514,239,1,8.673765,8.67376513065725,8.67376513065725,TRUE
1521,1515,239,1,8.099738,8.09973772750253,8.09973772750253,TRUE
1518,1513,239,1,7.95042,7.95042021684785,7.95042021684785,TRUE
1523,1523,239,1,8.543419,8.5434184442636,8.5434184442636,TRUE
1514,1522,239,1,8.673765,8.67376513065725,8.67376513065725,TRUE
1520,1521,239,1,8.744252,8.74425260669281,8.74425260669281,TRUE
1530,1528,252,1,8.543419,8.5434184442636,8.5434184442636,TRUE
1525,1527,252,1,8.099738,8.09973772750253,8.09973772750253,TRUE
1531,1533,252,1,8.744252,8.74425260669281,8.74425260669281,TRUE
1535,1530,252,1,8.744252,8.74425260669281,8.74425260669281,TRUE
1528,1525,252,1,8.673765,8.67376513065725,8.67376513065725,TRUE
1533,1532,252,1,8.613906,8.61390592029916,8.61390592029916,TRUE
1527,1531,252,1,8.543419,8.5434184442636,8.5434184442636,TRUE
1532,1529,252,1,8.543419,8.5434184442636,8.5434184442636,TRUE
1534,1526,252,1,9.044342,9.04434226973814,9.04434226973814,TRUE
1538,1524,252,1,8.973855,8.97385479370257,8.97385479370257,TRUE
1537,1534,252,1,8.744252,8.74425260669281,8.74425260669281,TRUE
1536,1538,252,1,8.525649,8.52564938728719,8.52564938728719,TRUE
1529,1535,252,1,8.525649,8.52564938728719,8.52564938728719,TRUE
1526,1537,252,1,8.744252,8.74425260669281,8.74425260669281,TRUE
1524,1536,252,1,8.973855,8.97385479370257,8.97385479370257,TRUE
1539,1544,253,1,8.673765,8.67376513065725,8.67376513065725,TRUE
1545,1541,253,1,8.525649,8.52564938728719,8.52564938728719,TRUE
1541,1548,253,1,8.543419,8.5434184442636,8.5434184442636,TRUE
1547,1547,253,1,8.744252,8.74425260669281,8.74425260669281,TRUE
1542,1540,253,1,8.525649,8.52564938728719,8.52564938728719,TRUE
1548,1539,253,1,8.744252,8.74425260669281,8.74425260669281,TRUE
1540,1545,253,1,8.673765,8.67376513065725,8.67376513065725,TRUE
1544,1542,253,1,8.099738,8.09973772750253,8.09973772750253,TRUE
1546,1543,253,1,9.013688,9.01368850400637,9.01368850400637,FALSE
1543,1546,253,1,8.525649,8.52564938728719,8.52564938728719,TRUE
1554,1552,255,1,8.613906,8.61390592029916,8.61390592029916,TRUE
1560,1555,255,1,9.113841,9.11384076728591,9.11384076728591,TRUE
1551,1551,255,1,8.744252,8.74425260669281,8.74425260669281,TRUE
1550,1553,255,1,8.744252,8.74425260669281,8.74425260669281,TRUE
1552,1556,255,1,8.613906,8.61390592029916,8.61390592029916,TRUE
1557,1549,255,1,8.613906,8.61390592029916,8.61390592029916,TRUE
1559,1550,255,1,9.377819,9.37781872129541,9.37781872129541,TRUE
1549,1557,255,1,8.673765,8.67376513065725,8.67376513065725,TRUE
1558,1554,255,1,8.744252,8.74425260669281,8.74425260669281,TRUE
1553,1560,255,1,9.174689,9.17468895613178,9.17468895613178,TRUE
1555,1559,255,1,8.613906,8.61390592029916,8.61390592029916,TRUE
1556,1558,255,1,9.629485,9.62948556163256,9.62948556163256,TRUE
1561,1564,256,1,8.099738,8.09973772750253,8.09973772750253,TRUE
1568,1566,256,1,8.673765,8.67376513065725,8.67376513065725,TRUE
1572,1568,256,1,8.543419,8.5434184442636,8.5434184442636,TRUE
1563,1561,256,1,8.673765,8.67376513065725,8.67376513065725,TRUE
1564,1562,256,1,8.380857,8.38085656628682,8.38085656628682,TRUE
1571,1570,256,1,8.099738,8.09973772750253,8.09973772750253,TRUE
1567,1569,256,1,8.612476,8.61247655342625,8.61247655342625,TRUE
1566,1567,256,1,8.099738,8.09973772750253,8.09973772750253,TRUE
1573,1563,256,1,8.673765,8.67376513065725,8.67376513065725,TRUE
1575,1565,256,1,8.673765,8.67376513065725,8.67376513065725,TRUE
1562,1572,256,1,8.673765,8.67376513065725,8.67376513065725,TRUE
1565,1571,256,1,8.099738,8.09973772750253,8.09973772750253,TRUE
1569,1573,256,1,8.673765,8.67376513065725,8.67376513065725,TRUE
1570,1575,256,1,8.099738,8.09973772750253,8.09973772750253,TRUE
1574,1574,256,1,8.099738,8.09973772750253,8.09973772750253,TRUE
1583,1581,257,1,8.612476,8.61247655342625,8.61247655342625,TRUE
1589,1584,257,1,8.673765,8.67376513065725,8.67376513065725,TRUE
1588,1577,257,1,8.673765,8.67376513065725,8.67376513065725,TRUE
1586,1583,257,1,8.673765,8.67376513065725,8.67376513065725,TRUE
1590,1576,257,1,8.099738,8.09973772750253,8.09973772750253,TRUE
1579,1578,257,1,8.673765,8.67376513065725,8.67376513065725,TRUE
1582,1579,257,1,8.099738,8.09973772750253,8.09973772750253,TRUE
1587,1585,257,1,8.099738,8.09973772750253,8.09973772750253,TRUE
1584,1582,257,1,8.673765,8.67376513065725,8.67376513065725,TRUE
1577,1580,257,1,9.084176,9.08417598004193,7.8307932921306,FALSE
1581,1587,257,1,8.543419,8.5434184442636,8.5434184442636,TRUE
1585,1586,257,1,8.744252,8.74425260669281,8.74425260669281,TRUE
1576,1590,257,1,8.099738,8.09973772750253,8.09973772750253,TRUE
1580,1588,257,1,8.673765,8.67376513065725,8.67376513065725,TRUE
1578,1589,257,1,8.612476,8.61247655342625,8.61247655342625,TRUE
222,220,26,1,8.673765,8.67376513065725,8.67376513065725,TRUE
228,226,26,1,8.673765,8.67376513065725,8.67376513065725,TRUE
225,219,26,1,8.744252,8.74425260669281,8.74425260669281,TRUE
224,228,26,1,8.673765,8.67376513065725,8.67376513065725,TRUE
226,224,26,2,8.099738,8.09973772750253,8.09973772750253,TRUE
227,225,26,2,8.099738,8.09973772750253,8.09973772750253,TRUE
223,222,26,1,8.744252,8.74425260669281,8.74425260669281,TRUE
218,218,26,1,8.744252,8.74425260669281,8.74425260669281,TRUE
219,227,26,1,8.673765,8.67376513065725,8.67376513065725,TRUE
221,223,26,1,8.673765,8.67376513065725,8.67376513065725,TRUE
220,221,26,1,8.673765,8.67376513065725,8.67376513065725,TRUE
1599,1593,269,1,8.673765,8.67376513065725,8.67376513065725,TRUE
1595,1596,269,1,8.099738,8.09973772750253,8.09973772750253,TRUE
1592,1597,269,1,8.525649,8.52564938728719,8.52564938728719,TRUE
1598,1598,269,1,8.612476,8.61247655342625,8.61247655342625,TRUE
1600,1595,269,1,8.673765,8.67376513065725,8.67376513065725,TRUE
1597,1592,269,1,8.744252,8.74425260669281,8.74425260669281,TRUE
1596,1591,269,1,8.099738,8.09973772750253,8.09973772750253,TRUE
1603,1594,269,1,8.525649,8.52564938728719,8.52564938728719,TRUE
1594,1603,269,1,8.543419,8.5434184442636,8.5434184442636,TRUE
1591,1601,269,1,8.673765,8.67376513065725,8.67376513065725,TRUE
1593,1600,269,1,8.099738,8.09973772750253,8.09973772750253,TRUE
1601,1602,269,1,8.099738,8.09973772750253,8.09973772750253,TRUE
1602,1599,269,1,8.673765,8.67376513065725,8.67376513065725,TRUE
234,230,27,1,9.437678,9.43767793165349,9.43767793165349,TRUE
229,229,27,1,8.673765,8.67376513065725,8.67376513065725,TRUE
242,233,27,1,8.673765,8.67376513065725,8.67376513065725,TRUE
233,235,27,1,7.909623,7.90962332674972,7.90962332674972,TRUE
230,232,27,1,8.673765,8.67376513065725,8.67376513065725,TRUE
241,237,27,1,8.744252,8.74425260669281,8.74425260669281,TRUE
239,236,27,1,8.744252,8.74425260669281,8.74425260669281,TRUE
237,234,27,1,8.673765,8.67376513065725,8.67376513065725,TRUE
238,238,27,1,8.673765,8.67376513065725,8.67376513065725,TRUE
236,231,27,1,9.013688,9.01368850400637,9.01368850400637,FALSE
235,240,27,1,8.525649,8.52564938728719,8.52564938728719,TRUE
231,242,27,1,8.099738,8.09973772750253,8.09973772750253,TRUE
232,239,27,1,8.744252,8.74425260669281,8.74425260669281,TRUE
240,243,27,1,8.673765,8.67376513065725,8.67376513065725,TRUE
243,241,27,1,8.099738,8.09973772750253,8.09973772750253,TRUE
247,251,28,1,8.673765,8.67376513065725,8.67376513065725,TRUE
257,252,28,1,8.395303,8.39530270089355,8.39530270089355,TRUE
258,253,28,1,8.673765,8.67376513065725,8.67376513065725,TRUE
244,250,28,1,7.95042,7.95042021684785,7.95042021684785,TRUE
254,257,28,1,8.673765,8.67376513065725,8.67376513065725,TRUE
251,258,28,1,8.744252,8.74425260669281,8.74425260669281,TRUE
248,244,28,1,8.744252,8.74425260669281,8.74425260669281,TRUE
245,246,28,1,8.673765,8.67376513065725,8.67376513065725,TRUE
250,259,28,1,8.525649,8.52564938728719,8.52564938728719,TRUE
256,248,28,1,8.099738,8.09973772750253,8.09973772750253,TRUE
252,247,28,1,7.95042,7.95042021684785,7.95042021684785,TRUE
255,254,28,1,8.673765,8.67376513065725,8.67376513065725,TRUE
253,249,28,1,8.099738,8.09973772750253,8.09973772750253,TRUE
246,256,28,1,7.95042,7.95042021684785,7.95042021684785,TRUE
259,245,28,1,8.099738,8.09973772750253,8.09973772750253,TRUE
249,255,28,1,8.673765,8.67376513065725,8.67376513065725,TRUE
1610,1609,280,1,8.099738,8.09973772750253,8.09973772750253,TRUE
1605,1605,280,1,8.613906,8.61390592029916,8.61390592029916,TRUE
1617,1604,280,1,8.673765,8.67376513065725,8.67376513065725,TRUE
1615,1612,280,1,8.673765,8.67376513065725,8.67376513065725,TRUE
1611,1606,280,1,8.744252,8.74425260669281,8.74425260669281,TRUE
1609,1610,280,1,8.673765,8.67376513065725,8.67376513065725,TRUE
1614,1607,280,1,8.673765,8.67376513065725,8.67376513065725,TRUE
1608,1613,280,1,8.673765,8.67376513065725,8.67376513065725,TRUE
1606,1611,280,1,8.099738,8.09973772750253,8.09973772750253,TRUE
1616,1608,280,1,8.525649,8.52564938728719,8.52564938728719,TRUE
1604,1614,280,1,8.744252,8.74425260669281,8.74425260669281,TRUE
1607,1615,280,1,8.744252,8.74425260669281,8.74425260669281,TRUE
1618,1617,280,1,8.525649,8.52564938728719,8.52564938728719,TRUE
1613,1616,280,1,8.744252,8.74425260669281,8.74425260669281,TRUE
1612,1618,280,1,8.099738,8.09973772750253,8.09973772750253,TRUE
1624,1620,281,1,8.673765,8.67376513065725,8.67376513065725,TRUE
1633,1621,281,1,8.673765,8.67376513065725,8.67376513065725,TRUE
1620,1627,281,1,8.744252,8.74425260669281,8.74425260669281,TRUE
1625,1625,281,1,8.673765,8.67376513065725,8.67376513065725,TRUE
1622,1623,281,1,8.543419,8.5434184442636,8.5434184442636,TRUE
1628,1628,281,1,8.673765,8.67376513065725,8.67376513065725,TRUE
1623,1622,281,1,8.525649,8.52564938728719,8.52564938728719,TRUE
1630,1624,281,1,8.673765,8.67376513065725,8.67376513065725,TRUE
1629,1626,281,1,8.543419,8.5434184442636,8.5434184442636,TRUE
1631,1619,281,1,8.973855,8.97385479370257,8.97385479370257,TRUE
1626,1630,281,1,8.673765,8.67376513065725,8.67376513065725,TRUE
1619,1629,281,1,8.673765,8.67376513065725,8.67376513065725,TRUE
1621,1632,281,1,8.744252,8.74425260669281,8.74425260669281,TRUE
1632,1633,281,1,8.525649,8.52564938728719,8.52564938728719,TRUE
1627,1631,281,1,8.673765,8.67376513065725,8.67376513065725,TRUE
1637,1636,283,1,8.543419,8.5434184442636,8.5434184442636,TRUE
1640,1642,283,1,8.673765,8.67376513065725,8.67376513065725,TRUE
1647,1639,283,1,8.744252,8.74425260669281,8.74425260669281,TRUE
1638,1635,283,1,8.673765,8.67376513065725,8.67376513065725,TRUE
1641,1638,283,1,8.673765,8.67376513065725,8.67376513065725,TRUE
1636,1643,283,1,8.863879,8.86387953141006,8.86387953141006,TRUE
1644,1641,283,1,8.673765,8.67376513065725,8.67376513065725,TRUE
1639,1634,283,1,8.543419,8.5434184442636,8.5434184442636,TRUE
1635,1640,283,1,8.332068,8.33206836606148,8.33206836606148,TRUE
1642,1637,283,1,7.95042,7.95042021684785,7.95042021684785,TRUE
1643,1646,283,1,8.744252,8.74425260669281,8.74425260669281,TRUE
1634,1647,283,1,9.174689,9.17468895613178,9.17468895613178,TRUE
1645,1648,283,1,8.744252,8.74425260669281,8.74425260669281,TRUE
1646,1644,283,1,9.044342,9.04434226973814,9.04434226973814,TRUE
1648,1645,283,1,8.973855,8.97385479370257,8.97385479370257,TRUE
1654,1653,284,1,8.673765,8.67376513065725,8.67376513065725,TRUE
1661,1654,284,1,8.525649,8.52564938728719,8.52564938728719,TRUE
1662,1655,284,1,8.673765,8.67376513065725,8.67376513065725,TRUE
1663,1656,284,1,8.673765,8.67376513065725,8.67376513065725,TRUE
1651,1651,284,1,8.744252,8.74425260669281,8.74425260669281,TRUE
1660,1650,284,1,8.673765,8.67376513065725,8.67376513065725,TRUE
1658,1657,284,1,8.543419,8.5434184442636,8.5434184442636,TRUE
1653,1658,284,1,8.613906,8.61390592029916,8.61390592029916,TRUE
1655,1652,284,1,8.543419,8.5434184442636,8.5434184442636,TRUE
1652,1649,284,1,8.673765,8.67376513065725,8.67376513065725,TRUE
1657,1662,284,1,8.744252,8.74425260669281,8.74425260669281,TRUE
1659,1660,284,1,9.104201,9.10420148009622,9.10420148009622,TRUE
1650,1661,284,1,9.104201,9.10420148009622,9.10420148009622,TRUE
1656,1659,284,1,8.673765,8.67376513065725,8.67376513065725,TRUE
1649,1663,284,1,8.525649,8.52564938728719,8.52564938728719,TRUE
1677,1671,290,1,8.673765,8.67376513065725,8.67376513065725,TRUE
1674,1665,290,1,9.104201,9.10420148009622,9.10420148009622,TRUE
1676,1666,290,1,8.840846,8.84084580531938,8.84084580531938,TRUE
1665,1669,290,1,9.104201,9.10420148009622,9.10420148009622,TRUE
1672,1670,290,1,9.104201,9.10420148009622,9.10420148009622,TRUE
1667,1667,290,1,8.673765,8.67376513065725,8.67376513065725,TRUE
1670,1673,290,1,9.139073,9.13907305765875,9.13907305765875,TRUE
1675,1664,290,1,9.634239,9.63423925419815,9.63423925419815,TRUE
1673,1672,290,1,8.673765,8.67376513065725,8.67376513065725,TRUE
1678,1668,290,1,8.613906,8.61390592029916,8.61390592029916,TRUE
1669,1676,290,1,8.395303,8.39530270089355,8.39530270089355,TRUE
1671,1678,290,1,8.525649,8.52564938728719,8.52564938728719,TRUE
1666,1675,290,1,8.543419,8.5434184442636,8.5434184442636,TRUE
1664,1674,290,1,8.543419,8.5434184442636,8.5434184442636,TRUE
1668,1677,290,1,9.508718,9.50871750973455,9.50871750973455,TRUE
1679,1685,293,1,8.673765,8.67376513065725,8.67376513065725,TRUE
1689,1687,293,1,8.543419,8.5434184442636,8.5434184442636,TRUE
1684,1680,293,1,8.613906,8.61390592029916,8.61390592029916,TRUE
1683,1683,293,1,8.543419,8.5434184442636,8.5434184442636,TRUE
1691,1688,293,1,8.673765,8.67376513065725,8.67376513065725,TRUE
1681,1686,293,1,8.612476,8.61247655342625,8.61247655342625,TRUE
1685,1679,293,1,8.673765,8.67376513065725,8.67376513065725,TRUE
1693,1684,293,1,8.543419,8.5434184442636,8.5434184442636,TRUE
1688,1682,293,1,7.95042,7.95042021684785,7.95042021684785,TRUE
1680,1681,293,1,7.95042,7.95042021684785,7.95042021684785,TRUE
1687,1689,293,1,8.099738,8.09973772750253,8.09973772750253,TRUE
1690,1691,293,1,8.613906,8.61390592029916,8.61390592029916,TRUE
1686,1690,293,1,8.613906,8.61390592029916,8.61390592029916,TRUE
1692,1693,293,1,8.744252,8.74425260669281,8.74425260669281,TRUE
1682,1692,293,1,8.613906,8.61390592029916,8.61390592029916,TRUE
1704,1695,296,1,8.714885,8.7148851198896,8.7148851198896,TRUE
1697,1698,296,1,8.673765,8.67376513065725,8.67376513065725,TRUE
1700,1696,296,1,8.673765,8.67376513065725,8.67376513065725,TRUE
1701,1697,296,1,8.973855,8.97385479370257,8.97385479370257,TRUE
1694,1694,296,1,8.673765,8.67376513065725,8.67376513065725,TRUE
1703,1699,296,1,8.543419,8.5434184442636,8.5434184442636,TRUE
1695,1704,296,1,8.673765,8.67376513065725,8.67376513065725,TRUE
1698,1702,296,1,8.099738,8.09973772750253,8.09973772750253,TRUE
1696,1703,296,1,7.95042,7.95042021684785,7.95042021684785,TRUE
1702,1700,296,1,8.744252,8.74425260669281,8.74425260669281,TRUE
1699,1701,296,1,8.673765,8.67376513065725,8.67376513065725,TRUE
1706,1706,299,1,8.673765,8.67376513065725,8.67376513065725,TRUE
1709,1714,299,1,7.95042,7.95042021684785,7.95042021684785,TRUE
1717,1711,299,1,9.203803,9.20380290475918,7.95042021684785,FALSE
1705,1709,299,1,8.612476,8.61247655342625,8.61247655342625,TRUE
1715,1713,299,1,8.099738,8.09973772750253,8.09973772750253,TRUE
1711,1707,299,1,8.099738,8.09973772750253,8.09973772750253,TRUE
1707,1705,299,1,8.099738,8.09973772750253,8.09973772750253,TRUE
1716,1710,299,1,8.673765,8.67376513065725,8.67376513065725,TRUE
1713,1712,299,1,7.95042,7.95042021684785,7.95042021684785,TRUE
1719,1708,299,1,8.099738,8.09973772750253,8.09973772750253,TRUE
1718,1716,299,1,8.099738,8.09973772750253,8.09973772750253,TRUE
1710,1719,299,1,8.099738,8.09973772750253,8.09973772750253,TRUE
1714,1715,299,1,8.099738,8.09973772750253,8.09973772750253,TRUE
1712,1717,299,1,8.099738,8.09973772750253,8.09973772750253,TRUE
1708,1718,299,1,7.95042,7.95042021684785,7.95042021684785,TRUE
267,270,30,1,8.920962,8.92096221923174,8.92096221923174,TRUE
260,260,30,1,8.673765,8.67376513065725,8.67376513065725,TRUE
269,261,30,1,8.673765,8.67376513065725,8.67376513065725,TRUE
271,268,30,1,8.183952,8.18395262269142,8.18395262269142,TRUE
262,269,30,1,8.332068,8.33206836606148,8.33206836606148,TRUE
263,271,30,1,8.744252,8.74425260669281,8.74425260669281,TRUE
265,273,30,1,8.991449,8.9914496952673,8.9914496952673,TRUE
273,266,30,1,8.525649,8.52564938728719,8.52564938728719,TRUE
268,265,30,1,9.136614,9.13661410838649,9.13661410838649,TRUE
261,262,30,1,8.865573,8.86557276063631,8.86557276063631,TRUE
264,263,30,2,8.543419,8.5434184442636,8.5434184442636,TRUE
266,264,30,2,8.543419,8.5434184442636,8.5434184442636,TRUE
272,267,30,1,8.973855,8.97385479370257,8.97385479370257,TRUE
270,272,30,1,8.744252,8.74425260669281,8.74425260669281,TRUE
1723,1720,300,1,8.744252,8.74425260669281,8.74425260669281,TRUE
1726,1724,300,1,9.043353,9.04335329125035,9.04335329125035,TRUE
1729,1729,300,1,8.543419,8.5434184442636,8.5434184442636,TRUE
1730,1725,300,1,8.744252,8.74425260669281,8.74425260669281,TRUE
1721,1723,300,1,8.543419,8.5434184442636,8.5434184442636,TRUE
1734,1726,300,1,8.525649,8.52564938728719,8.52564938728719,TRUE
1733,1722,300,1,8.673765,8.67376513065725,8.67376513065725,TRUE
1720,1727,300,1,8.099738,8.09973772750253,8.09973772750253,TRUE
1727,1728,300,1,8.099738,8.09973772750253,8.09973772750253,TRUE
1731,1721,300,1,9.042912,9.04291290286522,9.04291290286522,TRUE
1722,1734,300,1,9.174689,9.17468895613178,9.17468895613178,TRUE
1732,1732,300,1,9.084176,9.08417598004193,9.08417598004193,TRUE
1728,1731,300,1,8.673765,8.67376513065725,8.67376513065725,TRUE
1724,1730,300,1,9.044342,9.04434226973814,9.04434226973814,TRUE
1725,1733,300,1,8.673765,8.67376513065725,8.67376513065725,TRUE
1736,1744,312,1,9.042912,9.04291290286522,9.04291290286522,TRUE
1745,1738,312,1,8.525649,8.52564938728719,8.52564938728719,TRUE
1740,1739,312,1,8.673765,8.67376513065725,8.67376513065725,TRUE
1743,1736,312,1,8.973855,8.97385479370257,8.97385479370257,TRUE
1742,1735,312,1,8.744252,8.74425260669281,8.74425260669281,TRUE
1749,1740,312,1,8.744252,8.74425260669281,8.74425260669281,TRUE
1744,1737,312,1,8.613906,8.61390592029916,8.61390592029916,TRUE
1746,1742,312,1,8.69273,8.69273006194932,8.69273006194932,TRUE
1747,1743,312,1,8.913007,8.91300660485671,8.91300660485671,TRUE
1748,1741,312,1,8.673765,8.67376513065725,8.67376513065725,TRUE
1739,1747,312,1,9.044342,9.04434226973814,9.04434226973814,TRUE
1738,1746,312,1,8.543419,8.5434184442636,8.5434184442636,TRUE
1735,1748,312,1,9.104201,9.10420148009622,9.10420148009622,TRUE
1737,1745,312,1,8.973855,8.97385479370257,8.97385479370257,TRUE
1741,1749,312,1,8.673765,8.67376513065725,8.67376513065725,TRUE
1763,1754,313,1,8.099738,8.09973772750253,8.09973772750253,TRUE
1761,1752,313,1,7.95042,7.95042021684785,7.95042021684785,TRUE
1759,1758,313,1,8.099738,8.09973772750253,8.09973772750253,TRUE
1760,1757,313,1,8.099738,8.09973772750253,8.09973772750253,TRUE
1755,1750,313,1,8.673765,8.67376513065725,8.67376513065725,TRUE
1751,1756,313,1,8.099738,8.09973772750253,8.09973772750253,TRUE
1750,1753,313,1,8.099738,8.09973772750253,8.09973772750253,TRUE
1753,1759,313,1,8.956086,8.95608573672616,8.95608573672616,TRUE
1764,1751,313,1,8.099738,8.09973772750253,8.09973772750253,TRUE
1758,1755,313,1,8.099738,8.09973772750253,8.09973772750253,TRUE
1757,1761,313,1,7.95042,7.95042021684785,7.95042021684785,TRUE
1754,1764,313,1,8.673765,8.67376513065725,8.67376513065725,TRUE
1756,1760,313,1,8.099738,8.09973772750253,8.09973772750253,TRUE
1752,1762,313,1,8.099738,8.09973772750253,8.09973772750253,TRUE
1762,1763,313,1,8.099738,8.09973772750253,8.09973772750253,TRUE
1765,1765,314,1,8.099738,8.09973772750253,8.09973772750253,TRUE
1771,1769,314,1,8.525649,8.52564938728719,8.52564938728719,TRUE
1768,1766,314,1,8.099738,8.09973772750253,8.09973772750253,TRUE
1772,1767,314,1,9.203803,9.20380290475918,7.95042021684785,FALSE
1766,1768,314,1,8.099738,8.09973772750253,8.09973772750253,TRUE
1767,1770,314,1,8.099738,8.09973772750253,8.09973772750253,TRUE
1769,1771,314,1,8.099738,8.09973772750253,8.09973772750253,TRUE
1770,1772,314,1,8.099738,8.09973772750253,8.09973772750253,TRUE
1785,1781,323,1,8.744252,8.74425260669281,8.74425260669281,TRUE
1783,1779,323,1,8.673765,8.67376513065725,8.67376513065725,TRUE
1773,1773,323,1,8.543419,8.5434184442636,8.5434184442636,TRUE
1787,1775,323,1,8.525649,8.52564938728719,8.52564938728719,TRUE
1780,1774,323,1,8.099738,8.09973772750253,8.09973772750253,TRUE
1777,1777,323,1,8.613906,8.61390592029916,8.61390592029916,TRUE
1781,1778,323,1,9.013688,9.01368850400637,7.76030581609504,FALSE
1782,1780,323,1,8.744252,8.74425260669281,8.74425260669281,TRUE
1778,1776,323,1,8.673765,8.67376513065725,8.67376513065725,TRUE
1776,1782,323,1,8.744252,8.74425260669281,8.74425260669281,TRUE
1774,1786,323,1,8.744252,8.74425260669281,8.74425260669281,TRUE
1784,1787,323,1,8.613906,8.61390592029916,8.61390592029916,TRUE
1786,1783,323,1,8.613906,8.61390592029916,8.61390592029916,TRUE
1779,1785,323,1,7.95042,7.95042021684785,7.95042021684785,TRUE
1775,1784,323,1,8.744252,8.74425260669281,8.74425260669281,TRUE
1800,1795,325,1,8.673765,8.67376513065725,8.67376513065725,TRUE
1798,1792,325,1,8.543419,8.5434184442636,8.5434184442636,TRUE
1792,1790,325,1,8.543419,8.5434184442636,8.5434184442636,TRUE
1790,1797,325,1,8.673765,8.67376513065725,8.67376513065725,TRUE
1796,1793,325,1,8.673765,8.67376513065725,8.67376513065725,TRUE
1793,1791,325,1,8.673765,8.67376513065725,8.67376513065725,TRUE
1789,1788,325,1,8.673765,8.67376513065725,8.67376513065725,TRUE
1801,1789,325,1,8.525649,8.52564938728719,8.52564938728719,TRUE
1797,1794,325,1,8.744252,8.74425260669281,8.74425260669281,TRUE
1802,1796,325,1,8.543419,8.5434184442636,8.5434184442636,TRUE
1794,1799,325,1,8.673765,8.67376513065725,8.67376513065725,TRUE
1799,1802,325,1,8.673765,8.67376513065725,8.67376513065725,TRUE
1788,1801,325,1,8.525649,8.52564938728719,8.52564938728719,TRUE
1795,1800,325,1,8.099738,8.09973772750253,8.09973772750253,TRUE
1791,1798,325,1,8.673765,8.67376513065725,8.67376513065725,TRUE
1813,1807,327,1,8.525649,8.52564938728719,8.52564938728719,TRUE
1816,1809,327,1,8.920962,8.92096221923174,8.92096221923174,TRUE
1811,1812,327,1,8.099738,8.09973772750253,8.09973772750253,TRUE
1808,1810,327,1,8.744252,8.74425260669281,8.74425260669281,TRUE
1812,1803,327,1,8.543419,8.5434184442636,8.5434184442636,TRUE
1809,1811,327,1,8.673765,8.67376513065725,8.67376513065725,TRUE
1807,1806,327,1,8.525649,8.52564938728719,8.52564938728719,TRUE
1817,1804,327,1,8.673765,8.67376513065725,8.67376513065725,TRUE
1805,1805,327,1,8.744252,8.74425260669281,8.74425260669281,TRUE
1804,1808,327,1,8.543419,8.5434184442636,8.5434184442636,TRUE
1803,1816,327,1,9.104201,9.10420148009622,9.10420148009622,TRUE
1810,1814,327,1,8.612476,8.61247655342625,8.61247655342625,TRUE
1814,1815,327,1,8.525649,8.52564938728719,8.52564938728719,TRUE
1815,1813,327,1,8.673765,8.67376513065725,8.67376513065725,TRUE
1806,1817,327,1,8.099738,8.09973772750253,8.09973772750253,TRUE
276,277,33,1,8.673765,8.67376513065725,8.67376513065725,TRUE
282,281,33,1,8.673765,8.67376513065725,8.67376513065725,TRUE
286,274,33,1,9.044342,9.04434226973814,9.04434226973814,TRUE
280,275,33,1,8.840846,8.84084580531938,8.84084580531938,TRUE
279,278,33,1,8.772846,8.77284647586168,8.77284647586168,TRUE
284,280,33,1,8.099738,8.09973772750253,8.09973772750253,TRUE
278,279,33,1,8.673765,8.67376513065725,8.67376513065725,TRUE
283,276,33,1,8.613906,8.61390592029916,8.61390592029916,TRUE
285,282,33,1,8.613906,8.61390592029916,8.61390592029916,TRUE
274,283,33,1,8.673765,8.67376513065725,8.67376513065725,TRUE
275,284,33,1,8.744252,8.74425260669281,8.74425260669281,TRUE
277,286,33,1,9.104201,9.10420148009622,9.10420148009622,TRUE
281,285,33,1,8.673765,8.67376513065725,8.67376513065725,TRUE
1819,1820,334,1,8.099738,8.09973772750253,8.09973772750253,TRUE
1820,1822,334,1,8.099738,8.09973772750253,8.09973772750253,TRUE
1831,1827,334,1,8.525649,8.52564938728719,8.52564938728719,TRUE
1822,1821,334,1,8.099738,8.09973772750253,8.09973772750253,TRUE
1826,1823,334,1,8.099738,8.09973772750253,8.09973772750253,TRUE
1821,1819,334,1,8.099738,8.09973772750253,8.09973772750253,TRUE
1827,1826,334,1,8.099738,8.09973772750253,8.09973772750253,TRUE
1830,1818,334,1,8.099738,8.09973772750253,8.09973772750253,TRUE
1829,1824,334,1,8.673765,8.67376513065725,8.67376513065725,TRUE
1828,1825,334,1,8.612476,8.61247655342625,8.61247655342625,TRUE
1824,1832,334,1,8.673765,8.67376513065725,8.67376513065725,TRUE
1832,1831,334,1,8.673765,8.67376513065725,8.67376513065725,TRUE
1823,1830,334,1,8.525649,8.52564938728719,8.52564938728719,TRUE
1818,1829,334,1,8.099738,8.09973772750253,8.09973772750253,TRUE
1825,1828,334,1,8.099738,8.09973772750253,8.09973772750253,TRUE
300,292,34,1,8.099738,8.09973772750253,8.09973772750253,TRUE
291,287,34,1,8.744252,8.74425260669281,8.74425260669281,TRUE
298,296,34,1,8.744252,8.74425260669281,8.74425260669281,TRUE
288,288,34,1,8.744252,8.74425260669281,8.74425260669281,TRUE
296,291,34,1,8.744252,8.74425260669281,8.74425260669281,TRUE
293,294,34,1,8.673765,8.67376513065725,8.67376513065725,TRUE
290,290,34,1,8.099738,8.09973772750253,8.09973772750253,TRUE
289,293,34,1,8.612476,8.61247655342625,8.61247655342625,TRUE
294,289,34,1,8.673765,8.67376513065725,8.67376513065725,TRUE
292,295,34,1,8.099738,8.09973772750253,8.09973772750253,TRUE
299,298,34,1,8.673765,8.67376513065725,8.67376513065725,TRUE
287,297,34,1,8.543419,8.5434184442636,8.5434184442636,TRUE
295,299,34,1,8.744252,8.74425260669281,8.74425260669281,TRUE
297,300,34,1,8.525649,8.52564938728719,8.52564938728719,TRUE
1843,1841,341,1,8.099738,8.09973772750253,8.09973772750253,TRUE
1835,1836,341,1,8.099738,8.09973772750253,8.09973772750253,TRUE
1841,1833,341,1,8.525649,8.52564938728719,8.52564938728719,TRUE
1836,1835,341,1,8.673765,8.67376513065725,8.67376513065725,TRUE
1842,1842,341,1,8.099738,8.09973772750253,8.09973772750253,TRUE
1838,1838,341,1,8.673765,8.67376513065725,8.67376513065725,TRUE
1837,1840,341,1,8.099738,8.09973772750253,8.09973772750253,TRUE
1834,1837,341,1,8.543419,8.5434184442636,8.5434184442636,TRUE
1846,1834,341,1,7.95042,7.95042021684785,7.95042021684785,TRUE
1847,1839,341,1,8.673765,8.67376513065725,8.67376513065725,TRUE
1844,1843,341,1,7.95042,7.95042021684785,7.95042021684785,TRUE
1833,1845,341,1,8.673765,8.67376513065725,8.67376513065725,TRUE
1840,1844,341,1,7.95042,7.95042021684785,7.95042021684785,TRUE
1839,1847,341,1,8.973855,8.97385479370257,8.97385479370257,TRUE
1845,1846,341,1,9.104201,9.10420148009622,9.10420148009622,TRUE
1857,1855,342,1,8.673765,8.67376513065725,8.67376513065725,TRUE
1862,1852,342,1,8.744252,8.74425260669281,8.74425260669281,TRUE
1856,1857,342,1,8.099738,8.09973772750253,8.09973772750253,TRUE
1858,1850,342,1,8.744252,8.74425260669281,8.74425260669281,TRUE
1860,1856,342,1,8.673765,8.67376513065725,8.67376513065725,TRUE
1848,1853,342,1,8.099738,8.09973772750253,8.09973772750253,TRUE
1849,1849,342,1,8.673765,8.67376513065725,8.67376513065725,TRUE
1851,1848,342,1,8.673765,8.67376513065725,8.67376513065725,TRUE
1852,1851,342,1,8.744252,8.74425260669281,8.74425260669281,TRUE
1850,1854,342,1,8.099738,8.09973772750253,8.09973772750253,TRUE
1859,1858,342,1,8.744252,8.74425260669281,8.74425260669281,TRUE
1861,1860,342,1,8.613906,8.61390592029916,8.61390592029916,TRUE
1853,1861,342,1,8.525649,8.52564938728719,8.52564938728719,TRUE
1855,1862,342,1,9.113841,9.11384076728591,9.11384076728591,TRUE
1854,1859,342,1,8.673765,8.67376513065725,8.67376513065725,TRUE
1876,1865,344,1,8.744252,8.74425260669281,8.74425260669281,TRUE
1872,1871,344,1,9.377819,9.37781872129541,9.37781872129541,TRUE
1864,1863,344,1,9.174689,9.17468895613178,9.17468895613178,TRUE
1875,1869,344,1,8.744252,8.74425260669281,8.74425260669281,TRUE
1866,1870,344,1,8.673765,8.67376513065725,8.67376513065725,TRUE
1871,1866,344,1,8.989017,8.98901690746856,8.98901690746856,TRUE
1863,1868,344,1,8.612476,8.61247655342625,8.61247655342625,TRUE
1868,1872,344,1,8.673765,8.67376513065725,8.67376513065725,TRUE
1865,1864,344,1,8.673765,8.67376513065725,8.67376513065725,TRUE
1877,1867,344,1,8.673765,8.67376513065725,8.67376513065725,TRUE
1870,1875,344,1,8.673765,8.67376513065725,8.67376513065725,TRUE
1867,1877,344,1,8.543419,8.5434184442636,8.5434184442636,TRUE
1873,1876,344,1,8.673765,8.67376513065725,8.67376513065725,TRUE
1874,1873,344,1,8.673765,8.67376513065725,8.67376513065725,TRUE
1869,1874,344,1,8.673765,8.67376513065725,8.67376513065725,TRUE
1884,1879,345,1,8.673765,8.67376513065725,8.67376513065725,TRUE
1880,1884,345,1,8.673765,8.67376513065725,8.67376513065725,TRUE
1882,1881,345,1,8.673765,8.67376513065725,8.67376513065725,TRUE
1881,1878,345,1,8.673765,8.67376513065725,8.67376513065725,TRUE
1878,1882,345,1,8.673765,8.67376513065725,8.67376513065725,TRUE
1887,1883,345,1,9.113841,9.11384076728591,9.11384076728591,TRUE
1885,1880,345,1,8.673765,8.67376513065725,8.67376513065725,TRUE
1886,1885,345,1,8.673765,8.67376513065725,8.67376513065725,TRUE
1888,1888,345,1,9.294316,9.29431588084903,9.29431588084903,TRUE
1879,1887,345,1,8.612476,8.61247655342625,8.61247655342625,TRUE
1883,1890,345,1,9.437678,9.43767793165349,9.43767793165349,TRUE
1890,1889,345,1,8.525649,8.52564938728719,8.52564938728719,TRUE
1889,1886,345,1,8.099738,8.09973772750253,8.09973772750253,TRUE
1893,1894,346,1,8.525649,8.52564938728719,8.52564938728719,TRUE
1903,1895,346,1,8.673765,8.67376513065725,8.67376513065725,TRUE
1896,1893,346,1,8.673765,8.67376513065725,8.67376513065725,TRUE
1894,1892,346,1,8.673765,8.67376513065725,8.67376513065725,TRUE
1891,1899,346,1,8.673765,8.67376513065725,8.67376513065725,TRUE
1895,1898,346,1,8.099738,8.09973772750253,8.09973772750253,TRUE
1899,1896,346,1,8.913007,8.91300660485671,8.91300660485671,TRUE
1905,1900,346,1,8.673765,8.67376513065725,8.67376513065725,TRUE
1892,1891,346,1,8.744252,8.74425260669281,8.74425260669281,TRUE
1900,1897,346,1,8.099738,8.09973772750253,8.09973772750253,TRUE
1902,1902,346,1,8.744252,8.74425260669281,8.74425260669281,TRUE
1897,1904,346,1,8.744252,8.74425260669281,8.74425260669281,TRUE
1901,1903,346,1,8.736883,8.73688278062605,8.73688278062605,TRUE
1898,1901,346,1,9.013688,9.01368850400637,9.01368850400637,FALSE
1904,1905,346,1,8.744252,8.74425260669281,8.74425260669281,TRUE
1912,1906,348,1,8.673765,8.67376513065725,8.67376513065725,TRUE
1907,1909,348,1,8.673765,8.67376513065725,8.67376513065725,TRUE
1909,1910,348,1,8.673765,8.67376513065725,8.67376513065725,TRUE
1906,1911,348,1,8.099738,8.09973772750253,8.09973772750253,TRUE
1915,1907,348,1,8.673765,8.67376513065725,8.67376513065725,TRUE
1917,1914,348,1,8.744252,8.74425260669281,8.74425260669281,TRUE
1908,1908,348,1,8.744252,8.74425260669281,8.74425260669281,TRUE
1913,1913,348,1,8.099738,8.09973772750253,8.09973772750253,TRUE
1910,1912,348,1,8.673765,8.67376513065725,8.67376513065725,TRUE
1911,1915,348,1,8.744252,8.74425260669281,8.74425260669281,TRUE
1914,1918,348,1,8.744252,8.74425260669281,8.74425260669281,TRUE
1918,1919,348,1,8.673765,8.67376513065725,8.67376513065725,TRUE
1916,1916,348,1,8.612476,8.61247655342625,8.61247655342625,TRUE
1919,1917,348,1,8.673765,8.67376513065725,8.67376513065725,TRUE
1924,1929,349,1,8.099738,8.09973772750253,8.09973772750253,TRUE
1921,1924,349,1,8.099738,8.09973772750253,8.09973772750253,TRUE
1928,1927,349,1,8.099738,8.09973772750253,8.09973772750253,TRUE
1920,1923,349,1,8.099738,8.09973772750253,8.09973772750253,TRUE
1931,1920,349,1,8.673765,8.67376513065725,8.67376513065725,TRUE
1923,1926,349,1,9.042912,9.04291290286522,9.04291290286522,TRUE
1926,1925,349,1,8.673765,8.67376513065725,8.67376513065725,TRUE
1929,1922,349,1,8.612476,8.61247655342625,8.61247655342625,TRUE
1922,1928,349,1,8.099738,8.09973772750253,8.09973772750253,TRUE
1925,1921,349,1,9.203803,9.20380290475918,7.95042021684785,FALSE
1930,1932,349,1,8.099738,8.09973772750253,8.09973772750253,TRUE
1932,1934,349,1,8.673765,8.67376513065725,8.67376513065725,TRUE
1927,1933,349,1,8.673765,8.67376513065725,8.67376513065725,TRUE
1934,1931,349,1,8.099738,8.09973772750253,8.09973772750253,TRUE
1933,1930,349,1,8.744252,8.74425260669281,8.74425260669281,TRUE
313,301,35,1,8.395303,8.39530270089355,8.39530270089355,TRUE
303,309,35,1,8.543419,8.5434184442636,8.5434184442636,TRUE
310,302,35,1,8.673765,8.67376513065725,8.67376513065725,TRUE
304,308,35,1,8.543419,8.5434184442636,8.5434184442636,TRUE
311,303,35,1,8.543419,8.5434184442636,8.5434184442636,TRUE
306,304,35,1,8.733533,8.73353284501641,8.73353284501641,TRUE
307,311,35,1,8.744252,8.74425260669281,8.74425260669281,TRUE
314,306,35,1,8.673765,8.67376513065725,8.67376513065725,TRUE
312,312,35,1,8.673765,8.67376513065725,8.67376513065725,TRUE
308,305,35,1,8.673765,8.67376513065725,8.67376513065725,TRUE
302,313,35,1,8.744252,8.74425260669281,8.74425260669281,TRUE
301,307,35,1,8.744252,8.74425260669281,8.74425260669281,TRUE
309,310,35,1,9.174689,9.17468895613178,9.17468895613178,TRUE
305,314,35,1,8.744252,8.74425260669281,8.74425260669281,TRUE
1946,1936,350,1,8.673765,8.67376513065725,8.67376513065725,TRUE
1938,1940,350,1,9.174689,9.17468895613178,9.17468895613178,TRUE
1949,1944,350,1,8.673765,8.67376513065725,8.67376513065725,TRUE
1940,1935,350,1,8.825739,8.82573905033252,8.82573905033252,TRUE
1939,1941,350,1,9.042912,9.04291290286522,9.04291290286522,TRUE
1945,1938,350,1,8.525649,8.52564938728719,8.52564938728719,TRUE
1936,1937,350,1,8.543419,8.5434184442636,8.5434184442636,TRUE
1948,1939,350,1,8.612476,8.61247655342625,8.61247655342625,TRUE
1943,1943,350,1,8.673765,8.67376513065725,8.67376513065725,TRUE
1942,1942,350,1,8.673765,8.67376513065725,8.67376513065725,TRUE
1937,1948,350,1,8.099738,8.09973772750253,8.09973772750253,TRUE
1947,1946,350,1,8.612476,8.61247655342625,8.61247655342625,TRUE
1935,1945,350,1,9.044342,9.04434226973814,9.04434226973814,TRUE
1941,1947,350,1,9.113841,9.11384076728591,9.11384076728591,TRUE
1944,1949,350,1,8.525649,8.52564938728719,8.52564938728719,TRUE
1956,1959,351,1,8.525649,8.52564938728719,8.52564938728719,TRUE
1964,1955,351,1,8.543419,8.5434184442636,8.5434184442636,TRUE
1958,1951,351,1,8.525649,8.52564938728719,8.52564938728719,TRUE
1963,1958,351,1,8.673765,8.67376513065725,8.67376513065725,TRUE
1962,1954,351,1,8.099738,8.09973772750253,8.09973772750253,TRUE
1959,1952,351,1,8.099738,8.09973772750253,8.09973772750253,TRUE
1950,1956,351,1,8.673765,8.67376513065725,8.67376513065725,TRUE
1953,1950,351,1,8.673765,8.67376513065725,8.67376513065725,TRUE
1955,1953,351,1,8.099738,8.09973772750253,8.09973772750253,TRUE
1951,1957,351,1,9.174689,9.17468895613178,9.17468895613178,TRUE
1960,1962,351,1,8.099738,8.09973772750253,8.09973772750253,TRUE
1957,1963,351,1,8.099738,8.09973772750253,8.09973772750253,TRUE
1952,1961,351,1,8.673765,8.67376513065725,8.67376513065725,TRUE
1954,1960,351,1,8.673765,8.67376513065725,8.67376513065725,TRUE
1961,1964,351,1,8.099738,8.09973772750253,8.09973772750253,TRUE
1969,1965,357,1,8.744252,8.74425260669281,8.74425260669281,TRUE
1974,1967,357,1,8.744252,8.74425260669281,8.74425260669281,TRUE
1971,1971,357,1,8.973855,8.97385479370257,8.97385479370257,TRUE
1976,1969,357,1,8.673765,8.67376513065725,8.67376513065725,TRUE
1978,1972,357,1,9.508165,9.50816540768905,9.50816540768905,TRUE
1967,1966,357,1,8.525649,8.52564938728719,8.52564938728719,TRUE
1973,1968,357,1,8.673765,8.67376513065725,8.67376513065725,TRUE
1970,1974,357,1,8.612476,8.61247655342625,8.61247655342625,TRUE
1977,1973,357,1,8.673765,8.67376513065725,8.67376513065725,TRUE
1966,1970,357,1,7.760306,7.76030581609504,7.76030581609504,TRUE
1968,1976,357,1,8.543419,8.5434184442636,8.5434184442636,TRUE
1972,1977,357,1,8.673765,8.67376513065725,8.67376513065725,TRUE
1979,1978,357,1,8.612476,8.61247655342625,8.61247655342625,TRUE
1975,1979,357,1,8.744252,8.74425260669281,8.74425260669281,TRUE
1965,1975,357,1,8.744252,8.74425260669281,8.74425260669281,TRUE
1994,1980,358,1,8.612476,8.61247655342625,8.61247655342625,TRUE
1983,1989,358,1,8.673765,8.67376513065725,8.67376513065725,TRUE
1987,1986,358,1,8.346935,8.34693481607702,8.34693481607702,TRUE
1981,1982,358,1,8.543419,8.5434184442636,8.5434184442636,TRUE
1986,1987,358,1,8.673765,8.67376513065725,8.67376513065725,TRUE
1992,1988,358,1,8.673765,8.67376513065725,8.67376513065725,TRUE
1982,1981,358,1,7.95042,7.95042021684785,7.95042021684785,TRUE
1991,1985,358,1,9.104201,9.10420148009622,9.10420148009622,TRUE
1989,1984,358,1,8.973855,8.97385479370257,8.97385479370257,TRUE
1980,1983,358,1,8.744252,8.74425260669281,8.74425260669281,TRUE
1984,1990,358,1,8.973855,8.97385479370257,8.97385479370257,TRUE
1988,1993,358,1,8.973855,8.97385479370257,8.97385479370257,TRUE
1985,1994,358,1,8.543419,8.5434184442636,8.5434184442636,TRUE
1990,1992,358,1,8.744252,8.74425260669281,8.74425260669281,TRUE
1993,1991,358,1,9.104201,9.10420148009622,9.10420148009622,TRUE
319,318,36,1,8.543419,8.5434184442636,8.5434184442636,TRUE
324,319,36,1,7.95042,7.95042021684785,7.95042021684785,TRUE
315,323,36,1,8.973855,8.97385479370257,8.97385479370257,TRUE
322,317,36,1,8.525649,8.52564938728719,8.52564938728719,TRUE
327,324,36,1,8.543419,8.5434184442636,8.5434184442636,FALSE
321,315,36,1,9.174689,9.17468895613178,9.17468895613178,TRUE
328,316,36,1,7.95042,7.95042021684785,7.95042021684785,TRUE
318,322,36,1,9.203803,9.20380290475918,7.95042021684785,FALSE
323,321,36,1,8.673765,8.67376513065725,8.67376513065725,TRUE
316,320,36,1,8.673765,8.67376513065725,8.67376513065725,TRUE
329,329,36,1,8.099738,8.09973772750253,8.09973772750253,TRUE
325,326,36,1,7.95042,7.95042021684785,7.95042021684785,TRUE
320,325,36,1,9.203803,9.20380290475918,7.95042021684785,FALSE
317,328,36,1,7.95042,7.95042021684785,7.95042021684785,TRUE
326,327,36,1,8.673765,8.67376513065725,8.67376513065725,TRUE
1997,2003,360,1,9.508718,9.50871750973455,9.50871750973455,TRUE
2008,2004,360,1,8.673765,8.67376513065725,8.67376513065725,TRUE
2007,2000,360,1,8.673765,8.67376513065725,8.67376513065725,TRUE
2006,1998,360,1,8.973855,8.97385479370257,8.97385479370257,TRUE
2001,1997,360,1,8.973855,8.97385479370257,8.97385479370257,TRUE
1996,2002,360,1,8.673765,8.67376513065725,8.67376513065725,TRUE
2000,1999,360,1,8.991449,8.9914496952673,8.9914496952673,TRUE
2004,1995,360,1,8.991449,8.9914496952673,8.9914496952673,TRUE
2005,1996,360,1,8.673765,8.67376513065725,8.67376513065725,TRUE
1995,2001,360,1,8.69273,8.69273006194932,8.69273006194932,TRUE
2009,2005,360,1,9.068585,9.06858558162319,9.06858558162319,TRUE
1998,2007,360,1,8.973855,8.97385479370257,8.97385479370257,TRUE
1999,2009,360,1,8.973855,8.97385479370257,8.97385479370257,TRUE
2002,2006,360,1,8.744252,8.74425260669281,8.74425260669281,TRUE
2003,2008,360,1,8.543419,8.5434184442636,8.5434184442636,TRUE
2016,2014,364,1,9.043353,9.04335329125035,9.04335329125035,TRUE
2015,2010,364,1,8.673765,8.67376513065725,8.67376513065725,TRUE
2010,2013,364,1,8.099738,8.09973772750253,8.09973772750253,TRUE
2021,2017,364,1,8.673765,8.67376513065725,8.67376513065725,TRUE
2017,2011,364,1,8.673765,8.67376513065725,8.67376513065725,TRUE
2019,2016,364,1,8.395303,8.39530270089355,8.39530270089355,TRUE
2022,2012,364,1,7.95042,7.95042021684785,7.95042021684785,TRUE
2013,2015,364,1,8.099738,8.09973772750253,8.09973772750253,TRUE
2020,2020,364,1,8.673765,8.67376513065725,8.67376513065725,TRUE
2014,2019,364,1,8.673765,8.67376513065725,8.67376513065725,TRUE
2018,2018,364,1,8.673765,8.67376513065725,8.67376513065725,TRUE
2012,2022,364,1,8.744252,8.74425260669281,8.74425260669281,TRUE
2011,2021,364,1,8.673765,8.67376513065725,8.67376513065725,TRUE
2037,2023,365,1,9.104201,9.10420148009622,9.10420148009622,TRUE
2023,2031,365,1,8.673765,8.67376513065725,8.67376513065725,TRUE
2024,2029,365,1,8.673765,8.67376513065725,8.67376513065725,TRUE
2034,2030,365,1,8.099738,8.09973772750253,8.09973772750253,TRUE
2028,2024,365,1,8.099738,8.09973772750253,8.09973772750253,TRUE
2036,2027,365,1,8.673765,8.67376513065725,8.67376513065725,TRUE
2030,2025,365,1,8.099738,8.09973772750253,8.09973772750253,TRUE
2027,2028,365,1,8.673765,8.67376513065725,8.67376513065725,TRUE
2026,2032,365,1,8.673765,8.67376513065725,8.67376513065725,TRUE
2035,2026,365,1,8.543419,8.5434184442636,8.5434184442636,TRUE
2033,2037,365,1,8.673765,8.67376513065725,8.67376513065725,TRUE
2032,2035,365,1,8.973855,8.97385479370257,8.97385479370257,TRUE
2031,2033,365,1,8.543419,8.5434184442636,8.5434184442636,TRUE
2025,2034,365,1,8.673765,8.67376513065725,8.67376513065725,TRUE
2029,2036,365,1,8.543419,8.5434184442636,8.5434184442636,TRUE
2051,2042,366,1,8.673765,8.67376513065725,8.67376513065725,TRUE
2040,2046,366,1,8.099738,8.09973772750253,8.09973772750253,TRUE
2045,2043,366,1,8.673765,8.67376513065725,8.67376513065725,TRUE
2049,2041,366,1,8.543419,8.5434184442636,8.5434184442636,TRUE
2048,2045,366,1,8.673765,8.67376513065725,8.67376513065725,TRUE
2042,2038,366,1,8.543419,8.5434184442636,8.5434184442636,TRUE
2039,2047,366,1,8.744252,8.74425260669281,8.74425260669281,TRUE
2046,2040,366,1,8.673765,8.67376513065725,8.67376513065725,TRUE
2038,2039,366,1,8.673765,8.67376513065725,8.67376513065725,TRUE
2044,2044,366,1,8.099738,8.09973772750253,8.09973772750253,TRUE
2050,2052,366,1,8.392542,8.39254194344536,8.39254194344536,TRUE
2047,2048,366,1,8.973855,8.97385479370257,8.97385479370257,FALSE
2041,2050,366,1,8.744252,8.74425260669281,8.74425260669281,TRUE
2052,2051,366,1,8.744252,8.74425260669281,8.74425260669281,TRUE
2043,2049,366,1,8.911333,8.91133328135494,8.91133328135494,TRUE
332,338,37,1,7.95042,7.95042021684785,7.95042021684785,TRUE
335,336,37,1,8.973855,8.97385479370257,8.97385479370257,TRUE
344,331,37,1,8.673765,8.67376513065725,8.67376513065725,TRUE
330,339,37,1,8.673765,8.67376513065725,8.67376513065725,TRUE
343,335,37,1,8.525649,8.52564938728719,8.52564938728719,TRUE
341,337,37,1,8.673765,8.67376513065725,8.67376513065725,TRUE
338,332,37,1,8.673765,8.67376513065725,8.67376513065725,TRUE
337,334,37,1,9.113841,9.11384076728591,9.11384076728591,TRUE
339,330,37,1,8.543419,8.5434184442636,8.5434184442636,TRUE
334,333,37,1,8.673765,8.67376513065725,8.67376513065725,TRUE
340,343,37,1,8.991449,8.9914496952673,8.9914496952673,TRUE
331,340,37,1,8.956086,8.95608573672616,8.95608573672616,TRUE
336,344,37,1,8.525649,8.52564938728719,8.52564938728719,TRUE
333,342,37,1,8.744252,8.74425260669281,8.74425260669281,TRUE
342,341,37,1,8.840846,8.84084580531938,8.84084580531938,TRUE
2061,2057,370,1,8.099738,8.09973772750253,8.09973772750253,TRUE
2063,2061,370,1,8.673765,8.67376513065725,8.67376513065725,TRUE
2067,2062,370,1,8.099738,8.09973772750253,8.09973772750253,TRUE
2057,2054,370,1,8.525649,8.52564938728719,8.52564938728719,TRUE
2064,2056,370,1,8.543419,8.5434184442636,8.5434184442636,TRUE
2060,2059,370,1,8.673765,8.67376513065725,8.67376513065725,TRUE
2062,2055,370,1,8.673765,8.67376513065725,8.67376513065725,TRUE
2058,2060,370,1,8.612476,8.61247655342625,8.61247655342625,TRUE
2065,2058,370,1,8.099738,8.09973772750253,8.09973772750253,TRUE
2056,2053,370,1,8.612476,8.61247655342625,8.61247655342625,TRUE
2059,2066,370,1,8.673765,8.67376513065725,8.67376513065725,TRUE
2055,2065,370,1,8.543419,8.5434184442636,8.5434184442636,TRUE
2053,2064,370,1,8.673765,8.67376513065725,8.67376513065725,TRUE
2054,2063,370,1,8.612476,8.61247655342625,8.61247655342625,TRUE
2066,2067,370,1,8.612476,8.61247655342625,8.61247655342625,TRUE
2076,2074,375,1,8.673765,8.67376513065725,8.67376513065725,TRUE
2081,2075,375,1,8.673765,8.67376513065725,8.67376513065725,TRUE
2071,2073,375,1,8.612476,8.61247655342625,8.61247655342625,TRUE
2072,2071,375,1,8.543419,8.5434184442636,8.5434184442636,TRUE
2082,2076,375,1,8.099738,8.09973772750253,8.09973772750253,TRUE
2077,2068,375,1,8.744252,8.74425260669281,8.74425260669281,TRUE
2078,2072,375,1,8.673765,8.67376513065725,8.67376513065725,TRUE
2079,2077,375,1,7.832168,7.83216741042916,7.83216741042916,TRUE
2069,2069,375,1,8.613906,8.61390592029916,8.61390592029916,TRUE
2070,2070,375,1,8.543419,8.5434184442636,8.5434184442636,TRUE
2073,2078,375,1,8.673765,8.67376513065725,8.67376513065725,TRUE
2068,2079,375,1,8.673765,8.67376513065725,8.67376513065725,TRUE
2074,2080,375,1,8.613906,8.61390592029916,8.61390592029916,TRUE
2075,2081,375,1,8.673765,8.67376513065725,8.67376513065725,TRUE
2080,2082,375,1,8.525649,8.52564938728719,8.52564938728719,TRUE
2084,2086,376,2,8.525649,8.52564938728719,8.52564938728719,TRUE
2093,2087,376,2,8.525649,8.52564938728719,8.52564938728719,TRUE
2089,2090,376,1,8.543419,8.5434184442636,8.5434184442636,TRUE
2087,2091,376,1,9.203803,9.20380290475918,9.20380290475918,TRUE
2090,2092,376,1,8.673765,8.67376513065725,8.67376513065725,TRUE
2098,2085,376,1,9.104201,9.10420148009622,9.10420148009622,TRUE
2095,2089,376,1,8.612476,8.61247655342625,8.61247655342625,TRUE
2085,2088,376,1,8.673765,8.67376513065725,8.67376513065725,TRUE
2097,2083,376,1,8.673765,8.67376513065725,8.67376513065725,TRUE
2088,2093,376,1,8.733533,8.73353284501641,8.73353284501641,TRUE
2092,2084,376,1,8.673765,8.67376513065725,8.67376513065725,TRUE
2086,2094,376,1,8.673765,8.67376513065725,8.67376513065725,TRUE
2094,2097,376,1,8.543419,8.5434184442636,8.5434184442636,TRUE
2083,2098,376,1,8.543419,8.5434184442636,8.5434184442636,TRUE
2096,2095,376,1,8.543419,8.5434184442636,8.5434184442636,TRUE
2091,2096,376,1,8.673765,8.67376513065725,8.67376513065725,TRUE
353,348,38,1,8.744252,8.74425260669281,8.74425260669281,TRUE
352,350,38,1,8.744252,8.74425260669281,8.74425260669281,TRUE
349,353,38,1,8.673765,8.67376513065725,8.67376513065725,TRUE
348,354,38,1,9.03096,9.03096020607219,9.03096020607219,TRUE
350,346,38,1,8.673765,8.67376513065725,8.67376513065725,TRUE
354,352,38,1,8.673765,8.67376513065725,8.67376513065725,TRUE
356,349,38,1,8.099738,8.09973772750253,8.09973772750253,TRUE
357,345,38,1,9.508165,9.50816540768905,9.50816540768905,TRUE
351,347,38,1,8.744576,8.74457570582703,8.74457570582703,TRUE
346,351,38,1,8.673765,8.67376513065725,8.67376513065725,TRUE
358,356,38,1,8.744252,8.74425260669281,8.74425260669281,TRUE
359,359,38,1,8.673765,8.67376513065725,8.67376513065725,TRUE
355,358,38,1,8.673765,8.67376513065725,8.67376513065725,TRUE
347,355,38,1,8.673765,8.67376513065725,8.67376513065725,TRUE
345,357,38,1,8.673765,8.67376513065725,8.67376513065725,TRUE
2106,2100,380,1,7.95042,7.95042021684785,7.95042021684785,TRUE
2110,2103,380,1,8.099738,8.09973772750253,8.09973772750253,TRUE
2109,2102,380,1,8.099738,8.09973772750253,8.09973772750253,TRUE
2105,2107,380,1,7.95042,7.95042021684785,7.95042021684785,TRUE
2100,2106,380,1,8.099738,8.09973772750253,8.09973772750253,TRUE
2108,2104,380,1,8.099738,8.09973772750253,8.09973772750253,TRUE
2107,2099,380,1,9.203803,9.20380290475918,7.95042021684785,FALSE
2104,2101,380,1,9.104201,9.10420148009622,9.10420148009622,TRUE
2101,2108,380,1,8.099738,8.09973772750253,8.09973772750253,TRUE
2099,2105,380,1,8.673765,8.67376513065725,8.67376513065725,TRUE
2102,2110,380,1,8.099738,8.09973772750253,8.09973772750253,TRUE
2103,2112,380,1,8.525649,8.52564938728719,8.52564938728719,TRUE
2111,2109,380,1,8.525649,8.52564938728719,8.52564938728719,TRUE
2112,2113,380,1,8.099738,8.09973772750253,8.09973772750253,TRUE
2113,2111,380,1,8.744252,8.74425260669281,8.74425260669281,TRUE
2114,2118,388,1,9.607089,9.60708874605514,8.35370605814382,FALSE
2123,2115,388,1,8.673765,8.67376513065725,8.67376513065725,TRUE
2115,2114,388,1,7.95042,7.95042021684785,7.95042021684785,TRUE
2125,2116,388,1,8.543419,8.5434184442636,8.5434184442636,TRUE
2127,2119,388,1,8.744252,8.74425260669281,8.74425260669281,TRUE
2120,2121,388,1,8.744252,8.74425260669281,8.74425260669281,TRUE
2124,2120,388,1,8.744252,8.74425260669281,8.74425260669281,TRUE
2122,2122,388,1,8.744252,8.74425260669281,8.74425260669281,TRUE
2128,2123,388,1,8.543419,8.5434184442636,8.5434184442636,TRUE
2119,2117,388,1,8.613906,8.61390592029916,8.61390592029916,TRUE
2121,2125,388,1,8.744252,8.74425260669281,8.74425260669281,TRUE
2126,2128,388,1,8.099738,8.09973772750253,8.09973772750253,TRUE
2117,2127,388,1,8.673765,8.67376513065725,8.67376513065725,TRUE
2116,2126,388,1,8.744252,8.74425260669281,8.74425260669281,TRUE
2118,2124,388,1,8.673765,8.67376513065725,8.67376513065725,TRUE
364,369,39,1,8.673765,8.67376513065725,8.67376513065725,TRUE
383,368,39,1,8.673765,8.67376513065725,8.67376513065725,TRUE
363,382,39,1,8.673765,8.67376513065725,8.67376513065725,TRUE
368,360,39,1,8.973855,8.97385479370257,8.97385479370257,TRUE
388,366,39,1,8.395303,8.39530270089355,8.39530270089355,TRUE
387,370,39,1,8.613906,8.61390592029916,8.61390592029916,TRUE
370,384,39,1,8.525649,8.52564938728719,8.52564938728719,TRUE
375,363,39,1,8.613906,8.61390592029916,8.61390592029916,TRUE
378,365,39,1,8.612476,8.61247655342625,8.61247655342625,TRUE
361,389,39,1,8.525649,8.52564938728719,8.52564938728719,TRUE
379,380,39,1,8.673765,8.67376513065725,8.67376513065725,TRUE
386,362,39,1,8.673765,8.67376513065725,8.67376513065725,TRUE
365,371,39,1,8.543419,8.5434184442636,8.5434184442636,TRUE
366,383,39,1,8.673765,8.67376513065725,8.67376513065725,TRUE
367,372,39,1,8.673765,8.67376513065725,8.67376513065725,TRUE
382,364,39,1,8.673765,8.67376513065725,8.67376513065725,TRUE
385,385,39,1,8.673765,8.67376513065725,8.67376513065725,TRUE
371,374,39,1,9.043353,9.04335329125035,9.04335329125035,TRUE
384,373,39,1,9.113841,9.11384076728591,9.11384076728591,TRUE
374,386,39,1,8.543419,8.5434184442636,8.5434184442636,TRUE
369,361,39,1,8.613906,8.61390592029916,8.61390592029916,TRUE
360,367,39,1,8.744252,8.74425260669281,8.74425260669281,TRUE
372,388,39,1,8.673765,8.67376513065725,8.67376513065725,TRUE
380,376,39,1,8.744252,8.74425260669281,8.74425260669281,TRUE
377,378,39,1,8.673765,8.67376513065725,8.67376513065725,TRUE
381,375,39,1,7.95042,7.95042021684785,7.95042021684785,TRUE
373,377,39,1,8.673765,8.67376513065725,8.67376513065725,TRUE
389,387,39,1,8.744252,8.74425260669281,8.74425260669281,TRUE
376,381,39,1,8.673765,8.67376513065725,8.67376513065725,TRUE
362,379,39,1,8.673765,8.67376513065725,8.67376513065725,TRUE
2133,2137,395,1,8.673765,8.67376513065725,8.67376513065725,TRUE
2131,2134,395,1,8.673765,8.67376513065725,8.67376513065725,TRUE
2129,2132,395,1,8.543419,8.5434184442636,8.5434184442636,TRUE
2130,2135,395,1,8.099738,8.09973772750253,8.09973772750253,TRUE
2134,2136,395,1,8.673765,8.67376513065725,8.67376513065725,TRUE
2140,2138,395,1,9.174689,9.17468895613178,9.17468895613178,TRUE
2143,2133,395,1,8.612476,8.61247655342625,8.61247655342625,TRUE
2142,2130,395,1,8.673765,8.67376513065725,8.67376513065725,TRUE
2137,2131,395,1,8.673765,8.67376513065725,8.67376513065725,TRUE
2141,2129,395,1,8.197618,8.19761730542234,8.19761730542234,TRUE
2132,2143,395,1,8.825739,8.82573905033252,8.82573905033252,TRUE
2135,2140,395,1,8.673765,8.67376513065725,8.67376513065725,TRUE
2136,2142,395,1,8.543419,8.5434184442636,8.5434184442636,TRUE
2138,2141,395,1,8.543419,8.5434184442636,8.5434184442636,TRUE
2139,2139,395,1,8.543419,8.5434184442636,8.5434184442636,TRUE
398,394,40,1,8.744252,8.74425260669281,8.74425260669281,TRUE
393,396,40,1,8.673765,8.67376513065725,8.67376513065725,TRUE
399,397,40,1,8.673765,8.67376513065725,8.67376513065725,TRUE
397,392,40,1,8.673765,8.67376513065725,8.67376513065725,TRUE
400,398,40,1,8.673765,8.67376513065725,8.67376513065725,TRUE
395,390,40,1,8.673765,8.67376513065725,8.67376513065725,TRUE
402,395,40,1,8.543419,8.5434184442636,8.5434184442636,TRUE
394,393,40,1,8.673765,8.67376513065725,8.67376513065725,TRUE
404,399,40,1,8.525649,8.52564938728719,8.52564938728719,TRUE
390,391,40,1,9.113841,9.11384076728591,9.11384076728591,TRUE
401,400,40,1,8.613906,8.61390592029916,8.61390592029916,TRUE
403,404,40,1,8.733533,8.73353284501641,8.73353284501641,TRUE
391,401,40,1,8.744252,8.74425260669281,8.74425260669281,TRUE
392,403,40,1,9.508165,9.50816540768905,9.50816540768905,TRUE
396,402,40,1,8.744252,8.74425260669281,8.74425260669281,TRUE
2153,2146,407,1,8.673765,8.67376513065725,8.67376513065725,TRUE
2154,2147,407,1,8.673765,8.67376513065725,8.67376513065725,TRUE
2150,2151,407,1,8.099738,8.09973772750253,8.09973772750253,TRUE
2147,2149,407,1,8.673765,8.67376513065725,8.67376513065725,TRUE
2156,2150,407,1,8.543419,8.5434184442636,8.5434184442636,TRUE
2145,2145,407,1,8.673765,8.67376513065725,8.67376513065725,TRUE
2157,2148,407,1,8.673765,8.67376513065725,8.67376513065725,TRUE
2146,2144,407,1,8.099738,8.09973772750253,8.09973772750253,TRUE
2155,2152,407,1,8.973855,8.97385479370257,8.97385479370257,TRUE
2158,2153,407,1,8.673765,8.67376513065725,8.67376513065725,TRUE
2148,2156,407,1,9.174689,9.17468895613178,9.17468895613178,TRUE
2144,2155,407,1,8.744252,8.74425260669281,8.74425260669281,TRUE
2152,2157,407,1,8.673765,8.67376513065725,8.67376513065725,TRUE
2149,2154,407,1,8.525649,8.52564938728719,8.52564938728719,TRUE
2151,2158,407,1,8.543419,8.5434184442636,8.5434184442636,TRUE
2162,2168,408,1,8.744252,8.74425260669281,8.74425260669281,TRUE
2159,2163,408,1,8.673765,8.67376513065725,8.67376513065725,TRUE
2170,2161,408,1,8.613906,8.61390592029916,8.61390592029916,TRUE
2166,2164,408,1,8.673765,8.67376513065725,8.67376513065725,TRUE
2169,2167,408,1,8.525649,8.52564938728719,8.52564938728719,TRUE
2168,2160,408,1,8.673765,8.67376513065725,8.67376513065725,TRUE
2164,2165,408,1,7.95042,7.95042021684785,7.95042021684785,TRUE
2171,2159,408,1,9.104201,9.10420148009622,9.10420148009622,TRUE
2173,2166,408,1,8.525649,8.52564938728719,8.52564938728719,TRUE
2161,2162,408,1,8.525649,8.52564938728719,8.52564938728719,TRUE
2172,2169,408,1,8.744252,8.74425260669281,8.74425260669281,TRUE
2163,2173,408,1,8.673765,8.67376513065725,8.67376513065725,TRUE
2165,2170,408,1,8.673765,8.67376513065725,8.67376513065725,TRUE
2160,2172,408,1,8.612476,8.61247655342625,8.61247655342625,TRUE
2167,2171,408,1,8.673765,8.67376513065725,8.67376513065725,TRUE
2186,2177,409,1,8.525649,8.52564938728719,8.52564938728719,TRUE
2183,2174,409,1,8.099738,8.09973772750253,8.09973772750253,TRUE
2184,2183,409,1,8.099738,8.09973772750253,8.09973772750253,TRUE
2188,2179,409,1,8.543419,8.5434184442636,8.5434184442636,TRUE
2187,2181,409,1,8.543419,8.5434184442636,8.5434184442636,TRUE
2185,2175,409,1,8.673765,8.67376513065725,8.67376513065725,TRUE
2179,2180,409,1,8.525649,8.52564938728719,8.52564938728719,TRUE
2182,2176,409,1,8.613906,8.61390592029916,8.61390592029916,TRUE
2174,2178,409,1,8.612476,8.61247655342625,8.61247655342625,TRUE
2181,2182,409,1,8.744252,8.74425260669281,8.74425260669281,TRUE
2180,2187,409,1,8.673765,8.67376513065725,8.67376513065725,TRUE
2175,2188,409,1,8.613906,8.61390592029916,8.61390592029916,TRUE
2177,2185,409,1,9.104201,9.10420148009622,9.10420148009622,TRUE
2176,2186,409,1,8.543419,8.5434184442636,8.5434184442636,TRUE
2178,2184,409,1,8.911333,8.91133328135494,8.91133328135494,TRUE
2190,2198,413,1,8.530174,8.5301740769415,8.5301740769415,TRUE
2202,2196,413,1,8.673765,8.67376513065725,8.67376513065725,TRUE
2199,2193,413,1,8.673765,8.67376513065725,8.67376513065725,TRUE
2201,2195,413,1,8.543419,8.5434184442636,8.5434184442636,TRUE
2195,2197,413,1,8.673765,8.67376513065725,8.67376513065725,TRUE
2200,2190,413,1,8.525649,8.52564938728719,8.52564938728719,TRUE
2196,2194,413,1,8.099738,8.09973772750253,8.09973772750253,TRUE
2193,2191,413,1,8.673765,8.67376513065725,8.67376513065725,TRUE
2189,2192,413,1,8.543419,8.5434184442636,8.5434184442636,TRUE
2198,2189,413,1,8.543419,8.5434184442636,8.5434184442636,TRUE
2194,2202,413,1,8.673765,8.67376513065725,8.67376513065725,TRUE
2191,2201,413,1,8.673765,8.67376513065725,8.67376513065725,TRUE
2197,2200,413,1,8.673765,8.67376513065725,8.67376513065725,TRUE
2192,2199,413,1,8.673765,8.67376513065725,8.67376513065725,TRUE
2205,2205,418,1,9.203803,9.20380290475918,7.95042021684785,FALSE
2212,2207,418,1,8.099738,8.09973772750253,8.09973772750253,TRUE
2204,2210,418,1,8.099738,8.09973772750253,8.09973772750253,TRUE
2216,2204,418,1,8.099738,8.09973772750253,8.09973772750253,TRUE
2203,2211,418,1,9.203803,9.20380290475918,7.95042021684785,FALSE
2217,2212,418,1,8.673765,8.67376513065725,8.67376513065725,TRUE
2206,2203,418,1,8.099738,8.09973772750253,8.09973772750253,TRUE
2214,2209,418,1,7.95042,7.95042021684785,7.95042021684785,TRUE
2215,2206,418,1,8.099738,8.09973772750253,8.09973772750253,TRUE
2210,2208,418,1,8.099738,8.09973772750253,8.09973772750253,TRUE
2211,2217,418,1,7.95042,7.95042021684785,7.95042021684785,TRUE
2207,2215,418,1,8.099738,8.09973772750253,8.09973772750253,TRUE
2208,2216,418,1,8.099738,8.09973772750253,8.09973772750253,TRUE
2209,2214,418,1,8.673765,8.67376513065725,8.67376513065725,TRUE
2213,2213,418,1,8.099738,8.09973772750253,8.09973772750253,TRUE
2228,2226,419,1,8.099738,8.09973772750253,8.09973772750253,TRUE
2229,2222,419,1,9.203803,9.20380290475918,7.95042021684785,FALSE
2224,2220,419,1,8.099738,8.09973772750253,8.09973772750253,TRUE
2220,2224,419,1,8.099738,8.09973772750253,8.09973772750253,TRUE
2226,2221,419,1,8.099738,8.09973772750253,8.09973772750253,TRUE
2218,2223,419,1,8.525649,8.52564938728719,8.52564938728719,TRUE
2222,2218,419,1,8.673765,8.67376513065725,8.67376513065725,TRUE
2225,2225,419,1,8.612476,8.61247655342625,8.61247655342625,TRUE
2232,2219,419,1,8.673765,8.67376513065725,8.67376513065725,TRUE
2221,2227,419,1,8.673765,8.67376513065725,8.67376513065725,TRUE
2219,2230,419,1,8.673765,8.67376513065725,8.67376513065725,TRUE
2223,2231,419,1,8.525649,8.52564938728719,8.52564938728719,TRUE
2227,2232,419,1,8.099738,8.09973772750253,8.09973772750253,TRUE
2230,2229,419,1,8.744252,8.74425260669281,8.74425260669281,TRUE
2231,2228,419,1,8.673765,8.67376513065725,8.67376513065725,TRUE
410,405,42,1,8.673765,8.67376513065725,8.67376513065725,TRUE
415,407,42,1,7.95042,7.95042021684785,7.95042021684785,TRUE
406,414,42,1,8.744252,8.74425260669281,8.74425260669281,TRUE
409,409,42,1,8.613906,8.61390592029916,8.61390592029916,TRUE
408,408,42,1,8.744252,8.74425260669281,8.74425260669281,TRUE
405,406,42,1,8.673765,8.67376513065725,8.67376513065725,TRUE
411,411,42,1,8.744252,8.74425260669281,8.74425260669281,TRUE
407,412,42,1,8.744252,8.74425260669281,8.74425260669281,TRUE
414,413,42,1,7.95042,7.95042021684785,7.95042021684785,TRUE
413,410,42,1,8.744252,8.74425260669281,8.74425260669281,TRUE
412,415,42,1,9.174689,9.17468895613178,9.17468895613178,TRUE
2246,2236,420,1,8.673765,8.67376513065725,8.67376513065725,TRUE
2239,2233,420,1,8.612476,8.61247655342625,8.61247655342625,TRUE
2234,2237,420,1,8.612476,8.61247655342625,8.61247655342625,TRUE
2247,2235,420,1,8.099738,8.09973772750253,8.09973772750253,TRUE
2241,2234,420,1,9.203803,9.20380290475918,7.95042021684785,FALSE
2244,2241,420,1,8.099738,8.09973772750253,8.09973772750253,TRUE
2243,2240,420,1,8.099738,8.09973772750253,8.09973772750253,TRUE
2233,2242,420,1,8.099738,8.09973772750253,8.09973772750253,TRUE
2245,2238,420,1,8.099738,8.09973772750253,8.09973772750253,TRUE
2238,2239,420,1,7.95042,7.95042021684785,7.95042021684785,TRUE
2242,2247,420,1,8.673765,8.67376513065725,8.67376513065725,TRUE
2236,2244,420,1,8.673765,8.67376513065725,8.67376513065725,TRUE
2240,2243,420,1,8.673765,8.67376513065725,8.67376513065725,TRUE
2237,2246,420,1,8.525649,8.52564938728719,8.52564938728719,TRUE
2235,2245,420,1,9.104201,9.10420148009622,9.10420148009622,TRUE
2261,2257,425,1,8.973855,8.97385479370257,8.97385479370257,TRUE
2253,2248,425,1,8.525649,8.52564938728719,8.52564938728719,TRUE
2250,2253,425,1,8.612476,8.61247655342625,8.61247655342625,TRUE
2255,2256,425,1,8.673765,8.67376513065725,8.67376513065725,TRUE
2258,2251,425,1,8.673765,8.67376513065725,8.67376513065725,TRUE
2262,2250,425,1,8.673765,8.67376513065725,8.67376513065725,TRUE
2252,2252,425,1,8.673765,8.67376513065725,8.67376513065725,TRUE
2251,2249,425,1,8.543419,8.5434184442636,8.5434184442636,TRUE
2257,2255,425,1,8.543419,8.5434184442636,8.5434184442636,TRUE
2249,2254,425,1,8.673765,8.67376513065725,8.67376513065725,TRUE
2256,2261,425,1,8.673765,8.67376513065725,8.67376513065725,TRUE
2260,2258,425,1,8.673765,8.67376513065725,8.67376513065725,TRUE
2248,2260,425,1,8.956086,8.95608573672616,8.95608573672616,TRUE
2259,2262,425,1,8.673765,8.67376513065725,8.67376513065725,TRUE
2254,2259,425,1,8.673765,8.67376513065725,8.67376513065725,TRUE
2276,2265,432,1,8.612476,8.61247655342625,8.61247655342625,TRUE
2277,2264,432,1,8.673765,8.67376513065725,8.67376513065725,TRUE
2269,2269,432,1,8.673765,8.67376513065725,8.67376513065725,TRUE
2272,2272,432,1,8.673765,8.67376513065725,8.67376513065725,TRUE
2274,2266,432,1,8.673765,8.67376513065725,8.67376513065725,TRUE
2263,2263,432,1,8.673765,8.67376513065725,8.67376513065725,TRUE
2265,2270,432,1,8.612476,8.61247655342625,8.61247655342625,TRUE
2273,2267,432,1,9.174689,9.17468895613178,9.17468895613178,TRUE
2275,2268,432,1,8.673765,8.67376513065725,8.67376513065725,TRUE
2268,2271,432,1,8.099738,8.09973772750253,8.09973772750253,TRUE
2267,2274,432,1,8.673765,8.67376513065725,8.67376513065725,TRUE
2264,2277,432,1,9.113841,9.11384076728591,9.11384076728591,TRUE
2271,2275,432,1,8.744252,8.74425260669281,8.74425260669281,TRUE
2270,2273,432,1,8.673765,8.67376513065725,8.67376513065725,TRUE
2266,2276,432,1,9.508718,9.50871750973455,9.50871750973455,TRUE
2289,2280,433,1,8.525649,8.52564938728719,8.52564938728719,TRUE
2280,2278,433,1,8.673765,8.67376513065725,8.67376513065725,TRUE
2282,2284,433,1,8.673765,8.67376513065725,8.67376513065725,TRUE
2286,2279,433,1,8.673765,8.67376513065725,8.67376513065725,TRUE
2287,2282,433,1,8.673765,8.67376513065725,8.67376513065725,TRUE
2278,2286,433,1,8.673765,8.67376513065725,8.67376513065725,TRUE
2285,2283,433,1,8.673765,8.67376513065725,8.67376513065725,TRUE
2281,2287,433,1,8.543419,8.5434184442636,8.5434184442636,TRUE
2284,2285,433,1,8.673765,8.67376513065725,8.67376513065725,TRUE
2291,2281,433,1,8.099738,8.09973772750253,8.09973772750253,TRUE
2290,2292,433,1,8.543419,8.5434184442636,8.5434184442636,TRUE
2283,2288,433,1,8.612476,8.61247655342625,8.61247655342625,TRUE
2292,2291,433,1,9.044342,9.04434226973814,9.04434226973814,TRUE
2288,2290,433,1,8.525649,8.52564938728719,8.52564938728719,TRUE
2279,2289,433,1,8.543419,8.5434184442636,8.5434184442636,TRUE
429,421,44,1,8.543419,8.5434184442636,8.5434184442636,TRUE
423,420,44,1,8.099738,8.09973772750253,8.09973772750253,TRUE
428,424,44,1,8.744252,8.74425260669281,8.74425260669281,TRUE
430,417,44,1,8.744252,8.74425260669281,8.74425260669281,TRUE
426,423,44,1,8.673765,8.67376513065725,8.67376513065725,TRUE
418,422,44,1,8.744252,8.74425260669281,8.74425260669281,TRUE
427,416,44,1,8.673765,8.67376513065725,8.67376513065725,TRUE
421,418,44,1,8.543419,8.5434184442636,8.5434184442636,TRUE
420,419,44,1,8.673765,8.67376513065725,8.67376513065725,TRUE
417,425,44,1,8.673765,8.67376513065725,8.67376513065725,TRUE
419,427,44,1,8.673765,8.67376513065725,8.67376513065725,TRUE
424,428,44,1,8.543419,8.5434184442636,8.5434184442636,TRUE
422,430,44,1,8.613906,8.61390592029916,8.61390592029916,TRUE
425,426,44,1,8.613906,8.61390592029916,8.61390592029916,TRUE
416,429,44,1,8.543419,8.5434184442636,8.5434184442636,TRUE
2296,2297,445,1,8.099738,8.09973772750253,8.09973772750253,TRUE
2302,2293,445,1,9.044342,9.04434226973814,9.04434226973814,TRUE
2294,2301,445,1,9.174689,9.17468895613178,9.17468895613178,TRUE
2299,2302,445,1,8.525649,8.52564938728719,8.52564938728719,TRUE
2307,2300,445,1,8.612476,8.61247655342625,8.61247655342625,TRUE
2293,2295,445,1,8.543419,8.5434184442636,8.5434184442636,TRUE
2297,2296,445,1,8.099738,8.09973772750253,8.09973772750253,TRUE
2306,2299,445,1,8.673765,8.67376513065725,8.67376513065725,TRUE
2305,2294,445,1,8.543419,8.5434184442636,8.5434184442636,TRUE
2304,2298,445,1,8.543419,8.5434184442636,8.5434184442636,TRUE
2303,2306,445,1,8.895238,8.8952375478803,8.8952375478803,TRUE
2300,2304,445,1,9.841181,9.84118083127655,9.84118083127655,FALSE
2295,2303,445,1,9.841181,9.84118083127655,9.84118083127655,FALSE
2298,2305,445,1,8.973855,8.97385479370257,8.97385479370257,TRUE
2301,2307,445,1,8.673765,8.67376513065725,8.67376513065725,TRUE
2316,2309,448,1,8.744252,8.74425260669281,8.74425260669281,TRUE
2317,2310,448,1,8.543419,8.5434184442636,8.5434184442636,TRUE
2313,2314,448,1,8.744252,8.74425260669281,8.74425260669281,TRUE
2320,2316,448,1,8.099738,8.09973772750253,8.09973772750253,TRUE
2322,2308,448,1,8.973855,8.97385479370257,8.97385479370257,TRUE
2315,2317,448,1,8.543419,8.5434184442636,8.5434184442636,TRUE
2321,2315,448,1,9.013688,9.01368850400637,9.01368850400637,FALSE
2314,2312,448,1,8.543419,8.5434184442636,8.5434184442636,TRUE
2308,2313,448,1,7.95042,7.95042021684785,7.95042021684785,TRUE
2309,2311,448,1,8.673765,8.67376513065725,8.67376513065725,TRUE
2310,2322,448,1,8.973855,8.97385479370257,8.97385479370257,TRUE
2311,2320,448,1,8.543419,8.5434184442636,8.5434184442636,TRUE
2319,2319,448,1,8.613906,8.61390592029916,8.61390592029916,TRUE
2312,2321,448,1,8.543419,8.5434184442636,8.5434184442636,TRUE
2318,2318,448,1,8.543419,8.5434184442636,8.5434184442636,TRUE
2334,2324,449,1,8.099738,8.09973772750253,8.09973772750253,TRUE
2325,2326,449,1,8.099738,8.09973772750253,8.09973772750253,TRUE
2324,2328,449,1,8.099738,8.09973772750253,8.09973772750253,TRUE
2328,2329,449,1,8.673765,8.67376513065725,8.67376513065725,TRUE
2331,2331,449,1,8.099738,8.09973772750253,8.09973772750253,TRUE
2332,2332,449,1,8.099738,8.09973772750253,8.09973772750253,TRUE
2336,2325,449,1,7.95042,7.95042021684785,7.95042021684785,TRUE
2329,2323,449,1,8.673765,8.67376513065725,8.67376513065725,TRUE
2335,2327,449,1,8.099738,8.09973772750253,8.09973772750253,TRUE
2327,2330,449,1,8.673765,8.67376513065725,8.67376513065725,TRUE
2337,2334,449,1,8.099738,8.09973772750253,8.09973772750253,TRUE
2323,2336,449,1,8.525649,8.52564938728719,8.52564938728719,TRUE
2326,2333,449,2,8.099738,8.09973772750253,8.09973772750253,TRUE
2330,2337,449,2,8.099738,8.09973772750253,8.09973772750253,TRUE
2333,2335,449,1,7.95042,7.95042021684785,7.95042021684785,TRUE
443,432,45,1,8.612476,8.61247655342625,8.61247655342625,TRUE
438,440,45,1,8.673765,8.67376513065725,8.67376513065725,TRUE
444,438,45,1,8.673765,8.67376513065725,8.67376513065725,TRUE
441,436,45,1,8.673765,8.67376513065725,8.67376513065725,TRUE
440,437,45,1,8.543419,8.5434184442636,8.5434184442636,TRUE
431,434,45,1,8.673765,8.67376513065725,8.67376513065725,TRUE
437,431,45,1,8.673765,8.67376513065725,8.67376513065725,TRUE
435,433,45,1,8.673765,8.67376513065725,8.67376513065725,TRUE
436,435,45,1,8.673765,8.67376513065725,8.67376513065725,TRUE
434,439,45,1,8.673765,8.67376513065725,8.67376513065725,TRUE
442,444,45,1,8.673765,8.67376513065725,8.67376513065725,TRUE
445,442,45,1,8.673765,8.67376513065725,8.67376513065725,TRUE
432,443,45,1,8.744252,8.74425260669281,8.74425260669281,TRUE
433,441,45,1,8.673765,8.67376513065725,8.67376513065725,TRUE
439,445,45,1,8.613906,8.61390592029916,8.61390592029916,TRUE
2342,2340,453,1,8.525649,8.52564938728719,8.52564938728719,TRUE
2346,2345,453,1,8.099738,8.09973772750253,8.09973772750253,TRUE
2349,2338,453,1,8.099738,8.09973772750253,8.09973772750253,TRUE
2344,2346,453,1,8.099738,8.09973772750253,8.09973772750253,TRUE
2338,2341,453,1,8.673765,8.67376513065725,8.67376513065725,TRUE
2339,2344,453,1,8.673765,8.67376513065725,8.67376513065725,TRUE
2340,2347,453,1,8.099738,8.09973772750253,8.09973772750253,TRUE
2351,2342,453,1,8.612476,8.61247655342625,8.61247655342625,TRUE
2352,2339,453,1,8.673765,8.67376513065725,8.67376513065725,TRUE
2341,2343,453,1,8.525649,8.52564938728719,8.52564938728719,TRUE
2348,2351,453,1,8.099738,8.09973772750253,8.09973772750253,TRUE
2350,2350,453,1,8.744252,8.74425260669281,8.74425260669281,TRUE
2345,2352,453,1,8.744252,8.74425260669281,8.74425260669281,TRUE
2347,2349,453,1,8.673765,8.67376513065725,8.67376513065725,TRUE
2343,2348,453,1,8.099738,8.09973772750253,8.09973772750253,TRUE
2359,2356,455,1,8.099738,8.09973772750253,8.09973772750253,TRUE
2362,2358,455,1,8.673765,8.67376513065725,8.67376513065725,TRUE
2355,2354,455,1,9.104201,9.10420148009622,9.10420148009622,TRUE
2354,2361,455,1,8.744252,8.74425260669281,8.74425260669281,TRUE
2353,2359,455,1,8.543419,8.5434184442636,8.5434184442636,TRUE
2363,2353,455,1,8.673765,8.67376513065725,8.67376513065725,TRUE
2364,2357,455,1,8.099738,8.09973772750253,8.09973772750253,TRUE
2356,2360,455,1,8.612476,8.61247655342625,8.61247655342625,TRUE
2361,2355,455,1,8.099738,8.09973772750253,8.09973772750253,TRUE
2365,2362,455,1,8.543419,8.5434184442636,8.5434184442636,TRUE
2366,2365,455,1,8.744252,8.74425260669281,8.74425260669281,TRUE
2357,2364,455,1,8.744252,8.74425260669281,8.74425260669281,TRUE
2358,2363,455,1,9.104201,9.10420148009622,9.10420148009622,TRUE
2360,2366,455,1,8.395303,8.39530270089355,8.39530270089355,TRUE
2371,2368,461,1,8.673765,8.67376513065725,8.67376513065725,FALSE
2368,2369,461,1,9.113841,9.11384076728591,9.11384076728591,TRUE
2367,2371,461,1,8.673765,8.67376513065725,8.67376513065725,TRUE
2369,2367,461,1,9.104201,9.10420148009622,9.10420148009622,TRUE
2370,2370,461,1,8.744252,8.74425260669281,8.74425260669281,TRUE
2376,2374,462,1,8.744252,8.74425260669281,8.74425260669281,TRUE
2383,2372,462,1,8.673765,8.67376513065725,8.67376513065725,TRUE
2373,2376,462,1,8.744252,8.74425260669281,8.74425260669281,TRUE
2377,2373,462,1,8.673765,8.67376513065725,8.67376513065725,TRUE
2385,2375,462,1,8.525649,8.52564938728719,8.52564938728719,TRUE
2375,2378,462,1,8.543419,8.5434184442636,8.5434184442636,TRUE
2382,2381,462,1,8.744252,8.74425260669281,8.74425260669281,TRUE
2378,2380,462,1,8.099738,8.09973772750253,8.09973772750253,TRUE
2372,2379,462,1,8.099738,8.09973772750253,8.09973772750253,TRUE
2374,2377,462,1,8.744252,8.74425260669281,8.74425260669281,TRUE
2380,2385,462,1,8.744252,8.74425260669281,8.74425260669281,TRUE
2379,2386,462,1,8.744252,8.74425260669281,8.74425260669281,TRUE
2386,2384,462,1,8.525649,8.52564938728719,8.52564938728719,TRUE
2384,2383,462,1,8.099738,8.09973772750253,8.09973772750253,TRUE
2381,2382,462,1,8.673765,8.67376513065725,8.67376513065725,TRUE
2388,2392,463,1,8.543419,8.5434184442636,8.5434184442636,TRUE
2390,2391,463,1,8.543419,8.5434184442636,8.5434184442636,TRUE
2387,2394,463,1,8.673765,8.67376513065725,8.67376513065725,TRUE
2398,2393,463,1,8.543419,8.5434184442636,8.5434184442636,FALSE
2391,2390,463,1,9.013688,9.01368850400637,7.76030581609504,FALSE
2397,2389,463,1,8.744252,8.74425260669281,8.74425260669281,TRUE
2393,2395,463,1,8.744252,8.74425260669281,8.74425260669281,TRUE
2395,2396,463,1,8.744252,8.74425260669281,8.74425260669281,TRUE
2401,2387,463,1,8.543419,8.5434184442636,8.5434184442636,TRUE
2389,2388,463,1,8.673765,8.67376513065725,8.67376513065725,TRUE
2400,2401,463,1,9.514612,9.5146123294809,9.5146123294809,TRUE
2399,2398,463,1,8.525649,8.52564938728719,8.52564938728719,TRUE
2394,2397,463,1,8.673765,8.67376513065725,8.67376513065725,TRUE
2396,2399,463,1,8.543419,8.5434184442636,8.5434184442636,TRUE
2392,2400,463,1,9.634239,9.63423925419815,9.63423925419815,TRUE
2402,2405,464,1,9.174689,9.17468895613178,9.17468895613178,TRUE
2404,2408,464,1,8.099738,8.09973772750253,8.09973772750253,TRUE
2413,2403,464,1,8.099738,8.09973772750253,8.09973772750253,TRUE
2409,2402,464,1,8.099738,8.09973772750253,8.09973772750253,TRUE
2407,2404,464,1,8.099738,8.09973772750253,8.09973772750253,TRUE
2416,2410,464,1,8.099738,8.09973772750253,8.09973772750253,TRUE
2411,2406,464,1,8.099738,8.09973772750253,8.09973772750253,TRUE
2406,2411,464,1,8.673765,8.67376513065725,8.67376513065725,TRUE
2405,2409,464,1,8.099738,8.09973772750253,8.09973772750253,TRUE
2415,2407,464,1,8.099738,8.09973772750253,8.09973772750253,TRUE
2414,2413,464,1,8.673765,8.67376513065725,8.67376513065725,TRUE
2403,2414,464,1,8.911333,8.91133328135494,8.91133328135494,TRUE
2410,2416,464,1,8.744252,8.74425260669281,8.74425260669281,TRUE
2408,2415,464,1,8.099738,8.09973772750253,8.09973772750253,TRUE
2412,2412,464,1,8.099738,8.09973772750253,8.09973772750253,TRUE
2418,2426,465,1,8.673765,8.67376513065725,8.67376513065725,TRUE
2431,2425,465,1,9.203803,9.20380290475918,7.95042021684785,FALSE
2428,2418,465,1,8.099738,8.09973772750253,8.09973772750253,TRUE
2426,2417,465,1,8.099738,8.09973772750253,8.09973772750253,TRUE
2430,2421,465,1,9.203803,9.20380290475918,7.95042021684785,FALSE
2421,2420,465,1,8.099738,8.09973772750253,8.09973772750253,TRUE
2429,2419,465,1,8.099738,8.09973772750253,8.09973772750253,TRUE
2417,2422,465,1,9.203803,9.20380290475918,7.95042021684785,FALSE
2424,2424,465,1,9.203803,9.20380290475918,7.95042021684785,FALSE
2427,2423,465,1,7.95042,7.95042021684785,7.95042021684785,TRUE
2419,2428,465,1,8.099738,8.09973772750253,8.09973772750253,TRUE
2423,2427,465,1,8.099738,8.09973772750253,8.09973772750253,TRUE
2425,2430,465,1,8.673765,8.67376513065725,8.67376513065725,TRUE
2420,2429,465,1,8.099738,8.09973772750253,8.09973772750253,TRUE
2422,2431,465,1,8.673765,8.67376513065725,8.67376513065725,TRUE
2433,2436,474,1,9.281463,9.28146249265884,9.28146249265884,TRUE
2438,2432,474,1,8.936233,8.93623258768581,8.93623258768581,TRUE
2443,2433,474,1,8.673765,8.67376513065725,8.67376513065725,TRUE
2435,2439,474,1,8.099738,8.09973772750253,8.09973772750253,TRUE
2439,2434,474,1,8.525649,8.52564938728719,8.52564938728719,TRUE
2434,2441,474,1,8.543419,8.5434184442636,8.5434184442636,TRUE
2446,2435,474,1,9.508718,9.50871750973455,9.50871750973455,TRUE
2437,2440,474,1,8.973855,8.97385479370257,8.97385479370257,TRUE
2436,2438,474,1,8.973855,8.97385479370257,8.97385479370257,TRUE
2432,2437,474,1,9.013688,9.01368850400637,7.76030581609504,FALSE
2442,2442,474,1,8.613906,8.61390592029916,8.61390592029916,TRUE
2441,2443,474,1,9.514612,9.5146123294809,9.5146123294809,TRUE
2440,2446,474,1,7.95042,7.95042021684785,7.95042021684785,TRUE
2445,2444,474,1,8.543419,8.5434184442636,8.5434184442636,TRUE
2444,2445,474,1,8.973855,8.97385479370257,8.97385479370257,TRUE
2450,2450,475,1,8.673765,8.67376513065725,8.67376513065725,TRUE
2448,2449,475,1,8.099738,8.09973772750253,8.09973772750253,TRUE
2451,2454,475,1,8.613906,8.61390592029916,8.61390592029916,TRUE
2456,2451,475,1,8.673765,8.67376513065725,8.67376513065725,TRUE
2452,2455,475,1,8.673765,8.67376513065725,8.67376513065725,TRUE
2453,2452,475,1,8.673765,8.67376513065725,8.67376513065725,TRUE
2457,2448,475,1,8.543419,8.5434184442636,8.5434184442636,TRUE
2461,2447,475,1,8.099738,8.09973772750253,8.09973772750253,TRUE
2454,2453,475,1,8.099738,8.09973772750253,8.09973772750253,TRUE
2447,2456,475,1,8.673765,8.67376513065725,8.67376513065725,TRUE
2460,2459,475,1,8.099738,8.09973772750253,8.09973772750253,TRUE
2449,2457,475,1,8.673765,8.67376513065725,8.67376513065725,TRUE
2459,2460,475,1,8.099738,8.09973772750253,8.09973772750253,TRUE
2455,2458,475,1,8.989017,8.98901690746856,8.98901690746856,TRUE
2458,2461,475,1,8.673765,8.67376513065725,8.67376513065725,TRUE
2476,2468,476,1,9.075186,9.07518599565752,9.07518599565752,TRUE
2465,2470,476,1,8.099738,8.09973772750253,8.09973772750253,TRUE
2468,2465,476,1,8.673765,8.67376513065725,8.67376513065725,TRUE
2467,2466,476,1,8.673765,8.67376513065725,8.67376513065725,TRUE
2471,2463,476,1,8.673765,8.67376513065725,8.67376513065725,TRUE
2463,2462,476,1,8.673765,8.67376513065725,8.67376513065725,TRUE
2473,2464,476,1,8.673765,8.67376513065725,8.67376513065725,TRUE
2475,2467,476,1,8.525649,8.52564938728719,8.52564938728719,TRUE
2474,2469,476,1,9.104201,9.10420148009622,9.10420148009622,TRUE
2470,2471,476,1,9.104201,9.10420148009622,9.10420148009622,TRUE
2462,2475,476,1,8.543419,8.5434184442636,8.5434184442636,TRUE
2472,2474,476,1,8.673765,8.67376513065725,8.67376513065725,TRUE
2469,2473,476,1,8.673765,8.67376513065725,8.67376513065725,TRUE
2464,2472,476,1,8.543419,8.5434184442636,8.5434184442636,FALSE
2466,2476,476,1,8.395303,8.39530270089355,8.39530270089355,TRUE
2491,2480,477,1,8.673765,8.67376513065725,8.67376513065725,TRUE
2483,2484,477,1,8.673765,8.67376513065725,8.67376513065725,TRUE
2479,2477,477,1,8.099738,8.09973772750253,8.09973772750253,TRUE
2478,2478,477,1,8.673765,8.67376513065725,8.67376513065725,TRUE
2484,2479,477,1,8.744252,8.74425260669281,8.74425260669281,TRUE
2488,2486,477,1,9.104201,9.10420148009622,9.10420148009622,TRUE
2486,2483,477,1,8.673765,8.67376513065725,8.67376513065725,TRUE
2487,2482,477,1,8.673765,8.67376513065725,8.67376513065725,TRUE
2477,2481,477,1,9.104201,9.10420148009622,9.10420148009622,TRUE
2485,2485,477,1,9.203803,9.20380290475918,7.95042021684785,FALSE
2490,2487,477,1,7.95042,7.95042021684785,7.95042021684785,TRUE
2489,2491,477,1,8.744252,8.74425260669281,8.74425260669281,TRUE
2481,2488,477,1,8.673765,8.67376513065725,8.67376513065725,TRUE
2480,2490,477,1,8.099738,8.09973772750253,8.09973772750253,TRUE
2482,2489,477,1,8.744252,8.74425260669281,8.74425260669281,TRUE
450,455,48,1,7.95042,7.95042021684785,7.95042021684785,TRUE
454,447,48,1,7.95042,7.95042021684785,7.95042021684785,TRUE
457,451,48,1,8.673765,8.67376513065725,8.67376513065725,TRUE
447,446,48,1,9.104201,9.10420148009622,9.10420148009622,TRUE
455,450,48,1,8.543419,8.5434184442636,8.5434184442636,TRUE
451,454,48,1,8.673765,8.67376513065725,8.67376513065725,TRUE
458,448,48,1,8.266818,8.26681840216466,8.26681840216466,TRUE
452,449,48,1,9.104201,9.10420148009622,9.10420148009622,TRUE
453,452,48,1,8.543419,8.5434184442636,8.5434184442636,TRUE
446,453,48,1,8.380857,8.38085656628682,8.38085656628682,TRUE
456,456,48,1,8.744252,8.74425260669281,8.74425260669281,TRUE
449,457,48,1,8.543419,8.5434184442636,8.5434184442636,TRUE
448,458,48,1,8.543419,8.5434184442636,8.5434184442636,TRUE
2492,2492,484,1,7.781098,7.78109825550511,7.78109825550511,TRUE
2500,2493,485,1,8.612476,8.61247655342625,8.61247655342625,TRUE
2497,2499,485,1,8.673765,8.67376513065725,8.67376513065725,TRUE
2501,2502,485,1,8.525649,8.52564938728719,8.52564938728719,TRUE
2505,2497,485,1,8.673765,8.67376513065725,8.67376513065725,TRUE
2495,2501,485,1,8.673765,8.67376513065725,8.67376513065725,TRUE
2507,2494,485,1,8.673765,8.67376513065725,8.67376513065725,TRUE
2493,2495,485,1,8.099738,8.09973772750253,8.09973772750253,TRUE
2496,2496,485,1,8.673765,8.67376513065725,8.67376513065725,TRUE
2504,2498,485,1,8.543419,8.5434184442636,8.5434184442636,TRUE
2502,2500,485,1,8.099738,8.09973772750253,8.09973772750253,TRUE
2499,2503,485,1,8.525649,8.52564938728719,8.52564938728719,TRUE
2506,2506,485,1,8.673765,8.67376513065725,8.67376513065725,TRUE
2498,2505,485,1,9.013688,9.01368850400637,9.01368850400637,TRUE
2503,2504,485,1,8.744252,8.74425260669281,8.74425260669281,TRUE
2494,2507,485,1,8.099738,8.09973772750253,8.09973772750253,TRUE
2512,2515,489,1,8.744252,8.74425260669281,8.74425260669281,TRUE
2514,2517,489,1,8.612476,8.61247655342625,8.61247655342625,TRUE
2517,2514,489,1,8.673765,8.67376513065725,8.67376513065725,TRUE
2515,2509,489,1,8.673765,8.67376513065725,8.67376513065725,TRUE
2519,2508,489,1,8.543419,8.5434184442636,8.5434184442636,TRUE
2509,2512,489,1,9.113841,9.11384076728591,9.11384076728591,TRUE
2511,2511,489,1,8.543419,8.5434184442636,8.5434184442636,TRUE
2518,2513,489,1,9.104201,9.10420148009622,9.10420148009622,TRUE
2522,2510,489,1,8.543419,8.5434184442636,8.5434184442636,TRUE
2508,2516,489,1,8.673765,8.67376513065725,8.67376513065725,TRUE
2510,2522,489,1,8.525649,8.52564938728719,8.52564938728719,TRUE
2521,2521,489,1,9.104201,9.10420148009622,9.10420148009622,TRUE
2520,2520,489,1,8.673765,8.67376513065725,8.67376513065725,TRUE
2516,2519,489,1,8.852798,8.85279850211241,8.85279850211241,TRUE
2513,2518,489,1,8.973855,8.97385479370257,8.97385479370257,TRUE
472,468,49,1,8.973855,8.97385479370257,8.97385479370257,TRUE
463,459,49,1,9.104201,9.10420148009622,9.10420148009622,TRUE
466,467,49,1,8.380857,8.38085656628682,8.38085656628682,TRUE
461,466,49,1,8.543419,8.5434184442636,8.5434184442636,TRUE
471,461,49,1,8.673765,8.67376513065725,8.67376513065725,TRUE
460,463,49,1,8.744252,8.74425260669281,8.74425260669281,TRUE
467,465,49,1,8.673765,8.67376513065725,8.67376513065725,TRUE
459,464,49,1,8.744252,8.74425260669281,8.74425260669281,TRUE
469,460,49,1,8.673765,8.67376513065725,8.67376513065725,TRUE
468,462,49,1,8.673765,8.67376513065725,8.67376513065725,TRUE
464,471,49,1,8.543419,8.5434184442636,8.5434184442636,TRUE
462,472,49,1,8.673765,8.67376513065725,8.67376513065725,TRUE
465,469,49,1,9.203803,9.20380290475918,9.20380290475918,TRUE
470,470,49,1,8.744252,8.74425260669281,8.74425260669281,TRUE
2531,2523,490,1,8.099738,8.09973772750253,8.09973772750253,TRUE
2533,2526,490,1,8.612476,8.61247655342625,8.61247655342625,TRUE
2535,2529,490,1,8.099738,8.09973772750253,8.09973772750253,TRUE
2534,2527,490,1,9.841181,9.84118083127655,9.84118083127655,FALSE
2530,2524,490,1,8.673765,8.67376513065725,8.67376513065725,TRUE
2537,2525,490,1,8.099738,8.09973772750253,8.09973772750253,TRUE
2526,2531,490,1,8.673765,8.67376513065725,8.67376513065725,TRUE
2523,2528,490,1,8.612476,8.61247655342625,8.61247655342625,TRUE
2529,2530,490,1,9.104201,9.10420148009622,9.10420148009622,TRUE
2525,2532,490,1,7.95042,7.95042021684785,7.95042021684785,TRUE
2524,2537,490,1,8.612476,8.61247655342625,8.61247655342625,TRUE
2527,2533,490,1,8.099738,8.09973772750253,8.09973772750253,TRUE
2536,2535,490,1,8.673765,8.67376513065725,8.67376513065725,TRUE
2528,2536,490,1,8.099738,8.09973772750253,8.09973772750253,TRUE
2532,2534,490,1,8.099738,8.09973772750253,8.09973772750253,TRUE
2547,2541,491,1,8.744252,8.74425260669281,8.74425260669281,TRUE
2538,2539,491,1,8.525649,8.52564938728719,8.52564938728719,TRUE
2544,2540,491,1,9.307331,9.30733124525985,9.30733124525985,FALSE
2546,2543,491,1,8.543419,8.5434184442636,8.5434184442636,TRUE
2543,2547,491,1,8.744252,8.74425260669281,8.74425260669281,TRUE
2545,2545,491,1,8.543419,8.5434184442636,8.5434184442636,TRUE
2542,2538,491,1,8.673765,8.67376513065725,8.67376513065725,TRUE
2540,2542,491,1,8.613906,8.61390592029916,8.61390592029916,TRUE
2541,2546,491,1,8.543419,8.5434184442636,8.5434184442636,TRUE
2539,2544,491,1,9.104201,9.10420148009622,9.10420148009622,TRUE
2558,2556,492,1,8.613906,8.61390592029916,8.61390592029916,TRUE
2554,2550,492,1,8.543419,8.5434184442636,8.5434184442636,TRUE
2552,2551,492,1,8.673765,8.67376513065725,8.67376513065725,TRUE
2560,2554,492,1,8.744252,8.74425260669281,8.74425260669281,TRUE
2556,2552,492,1,8.395303,8.39530270089355,8.39530270089355,TRUE
2559,2549,492,1,8.613906,8.61390592029916,8.61390592029916,TRUE
2561,2553,492,1,8.744252,8.74425260669281,8.74425260669281,TRUE
2553,2548,492,1,8.673765,8.67376513065725,8.67376513065725,TRUE
2555,2557,492,1,9.113841,9.11384076728591,9.11384076728591,TRUE
2557,2555,492,1,8.613906,8.61390592029916,8.61390592029916,TRUE
2549,2560,492,1,7.95042,7.95042021684785,7.95042021684785,TRUE
2551,2559,492,1,8.543419,8.5434184442636,8.5434184442636,TRUE
2562,2561,492,1,8.543419,8.5434184442636,8.5434184442636,TRUE
2548,2562,492,1,8.973855,8.97385479370257,8.97385479370257,TRUE
2550,2558,492,1,8.673765,8.67376513065725,8.67376513065725,TRUE
484,476,50,1,8.099738,8.09973772750253,8.09973772750253,TRUE
478,478,50,1,8.744252,8.74425260669281,8.74425260669281,TRUE
486,482,50,1,8.673765,8.67376513065725,8.67376513065725,TRUE
480,475,50,1,8.673765,8.67376513065725,8.67376513065725,TRUE
473,473,50,1,8.673765,8.67376513065725,8.67376513065725,TRUE
483,474,50,1,8.612476,8.61247655342625,8.61247655342625,TRUE
481,480,50,1,8.543419,8.5434184442636,8.5434184442636,TRUE
477,477,50,1,9.104201,9.10420148009622,9.10420148009622,TRUE
487,479,50,1,8.744252,8.74425260669281,8.74425260669281,TRUE
476,481,50,1,8.099738,8.09973772750253,8.09973772750253,TRUE
482,485,50,1,8.612476,8.61247655342625,8.61247655342625,TRUE
475,484,50,1,8.543419,8.5434184442636,8.5434184442636,TRUE
474,486,50,1,8.673765,8.67376513065725,8.67376513065725,TRUE
485,487,50,1,8.673765,8.67376513065725,8.67376513065725,TRUE
479,483,50,1,9.044342,9.04434226973814,9.04434226973814,TRUE
2564,2570,503,1,8.46303,8.46302941948092,8.46302941948092,TRUE
2574,2563,503,1,8.099738,8.09973772750253,8.09973772750253,TRUE
2572,2571,503,1,8.895238,8.8952375478803,8.8952375478803,TRUE
2565,2572,503,1,8.744252,8.74425260669281,8.74425260669281,TRUE
2566,2566,503,1,9.289562,9.28956218828344,9.28956218828344,TRUE
2563,2567,503,1,8.982064,8.98206471401936,8.98206471401936,TRUE
2571,2568,503,1,9.437678,9.43767793165349,9.43767793165349,TRUE
2570,2564,503,1,8.673765,8.67376513065725,8.67376513065725,TRUE
2573,2569,503,1,8.744252,8.74425260669281,8.74425260669281,TRUE
2576,2565,503,1,9.501258,9.50125745792742,9.50125745792742,TRUE
2569,2577,503,1,8.612476,8.61247655342625,8.61247655342625,TRUE
2577,2574,503,1,9.044342,9.04434226973814,9.04434226973814,TRUE
2567,2575,503,1,8.973855,8.97385479370257,8.97385479370257,TRUE
2575,2573,503,1,8.744252,8.74425260669281,8.74425260669281,TRUE
2568,2576,503,1,8.973855,8.97385479370257,8.97385479370257,TRUE
2591,2587,504,1,8.673765,8.67376513065725,8.67376513065725,TRUE
2590,2582,504,1,8.744252,8.74425260669281,8.74425260669281,TRUE
2584,2584,504,1,8.673765,8.67376513065725,8.67376513065725,TRUE
2589,2586,504,1,8.673765,8.67376513065725,8.67376513065725,TRUE
2587,2580,504,1,7.909623,7.90962332674972,7.90962332674972,TRUE
2578,2579,504,1,8.744252,8.74425260669281,8.74425260669281,TRUE
2585,2578,504,1,8.744252,8.74425260669281,8.74425260669281,TRUE
2592,2585,504,1,8.673765,8.67376513065725,8.67376513065725,TRUE
2579,2581,504,1,8.525649,8.52564938728719,8.52564938728719,TRUE
2588,2583,504,1,8.612476,8.61247655342625,8.61247655342625,TRUE
2582,2588,504,1,8.099738,8.09973772750253,8.09973772750253,TRUE
2581,2591,504,1,8.673765,8.67376513065725,8.67376513065725,TRUE
2580,2590,504,1,8.673765,8.67376513065725,8.67376513065725,TRUE
2583,2589,504,1,8.612476,8.61247655342625,8.61247655342625,TRUE
2586,2592,504,1,8.612476,8.61247655342625,8.61247655342625,TRUE
2593,2602,505,1,8.744252,8.74425260669281,8.74425260669281,TRUE
2597,2597,505,1,8.525649,8.52564938728719,8.52564938728719,TRUE
2596,2596,505,1,8.673765,8.67376513065725,8.67376513065725,TRUE
2603,2594,505,1,8.099738,8.09973772750253,8.09973772750253,TRUE
2607,2593,505,1,8.099738,8.09973772750253,8.09973772750253,TRUE
2598,2600,505,1,8.612476,8.61247655342625,8.61247655342625,TRUE
2601,2598,505,1,8.673765,8.67376513065725,8.67376513065725,TRUE
2604,2601,505,1,8.612476,8.61247655342625,8.61247655342625,TRUE
2606,2599,505,1,8.673765,8.67376513065725,8.67376513065725,TRUE
2605,2595,505,1,8.525649,8.52564938728719,8.52564938728719,TRUE
2600,2603,505,1,8.744252,8.74425260669281,8.74425260669281,TRUE
2599,2605,505,1,8.673765,8.67376513065725,8.67376513065725,TRUE
2595,2606,505,1,8.673765,8.67376513065725,8.67376513065725,TRUE
2594,2607,505,1,8.673765,8.67376513065725,8.67376513065725,TRUE
2602,2604,505,1,8.744252,8.74425260669281,8.74425260669281,TRUE
2619,2608,506,1,8.673765,8.67376513065725,8.67376513065725,TRUE
2620,2610,506,1,8.543419,8.5434184442636,8.5434184442636,FALSE
2616,2617,506,1,8.525649,8.52564938728719,8.52564938728719,TRUE
2611,2614,506,1,8.613906,8.61390592029916,8.61390592029916,TRUE
2614,2616,506,1,8.744252,8.74425260669281,8.74425260669281,TRUE
2613,2611,506,1,8.525649,8.52564938728719,8.52564938728719,TRUE
2615,2615,506,1,8.673765,8.67376513065725,8.67376513065725,TRUE
2618,2613,506,1,8.744252,8.74425260669281,8.74425260669281,TRUE
2612,2609,506,1,8.613906,8.61390592029916,8.61390592029916,TRUE
2617,2612,506,1,8.099738,8.09973772750253,8.09973772750253,TRUE
2621,2621,506,1,8.543419,8.5434184442636,8.5434184442636,TRUE
2622,2620,506,1,8.744252,8.74425260669281,8.74425260669281,TRUE
2609,2618,506,1,8.525649,8.52564938728719,8.52564938728719,TRUE
2610,2622,506,1,8.744252,8.74425260669281,8.74425260669281,TRUE
2608,2619,506,1,8.543419,8.5434184442636,8.5434184442636,TRUE
2630,2631,507,1,8.744252,8.74425260669281,8.74425260669281,TRUE
2631,2628,507,1,8.099738,8.09973772750253,8.09973772750253,TRUE
2628,2630,507,1,8.673765,8.67376513065725,8.67376513065725,TRUE
2627,2629,507,1,8.525649,8.52564938728719,8.52564938728719,TRUE
2629,2624,507,1,8.744252,8.74425260669281,8.74425260669281,TRUE
2626,2627,507,1,8.543419,8.5434184442636,8.5434184442636,TRUE
2635,2632,507,1,7.95042,7.95042021684785,7.95042021684785,TRUE
2623,2625,507,1,8.673765,8.67376513065725,8.67376513065725,TRUE
2637,2623,507,1,8.612476,8.61247655342625,8.61247655342625,TRUE
2625,2626,507,1,8.525649,8.52564938728719,8.52564938728719,TRUE
2632,2636,507,1,8.673765,8.67376513065725,8.67376513065725,TRUE
2634,2634,507,1,8.543419,8.5434184442636,8.5434184442636,TRUE
2624,2633,507,1,8.673765,8.67376513065725,8.67376513065725,TRUE
2633,2637,507,1,8.673765,8.67376513065725,8.67376513065725,TRUE
2636,2635,507,1,8.673765,8.67376513065725,8.67376513065725,TRUE
2646,2646,508,1,8.099738,8.09973772750253,8.09973772750253,TRUE
2644,2638,508,1,8.099738,8.09973772750253,8.09973772750253,TRUE
2641,2641,508,1,8.673765,8.67376513065725,8.67376513065725,TRUE
2652,2647,508,1,8.099738,8.09973772750253,8.09973772750253,TRUE
2645,2643,508,1,8.673765,8.67376513065725,8.67376513065725,TRUE
2648,2644,508,1,8.744252,8.74425260669281,8.74425260669281,TRUE
2643,2645,508,1,8.099738,8.09973772750253,8.09973772750253,TRUE
2647,2640,508,1,8.099738,8.09973772750253,8.09973772750253,TRUE
2651,2639,508,1,9.203803,9.20380290475918,7.95042021684785,FALSE
2650,2642,508,1,8.099738,8.09973772750253,8.09973772750253,TRUE
2642,2652,508,1,9.203803,9.20380290475918,7.95042021684785,FALSE
2640,2651,508,1,8.673765,8.67376513065725,8.67376513065725,TRUE
2638,2648,508,1,8.099738,8.09973772750253,8.09973772750253,TRUE
2639,2649,508,1,8.099738,8.09973772750253,8.09973772750253,TRUE
2649,2650,508,1,9.841181,9.84118083127655,9.84118083127655,FALSE
2660,2657,509,1,8.543419,8.5434184442636,8.5434184442636,TRUE
2653,2654,509,1,8.673765,8.67376513065725,8.67376513065725,TRUE
2656,2656,509,1,8.973855,8.97385479370257,8.97385479370257,TRUE
2664,2661,509,1,8.613906,8.61390592029916,8.61390592029916,TRUE
2657,2658,509,1,8.673765,8.67376513065725,8.67376513065725,TRUE
2658,2653,509,1,8.673765,8.67376513065725,8.67376513065725,TRUE
2655,2660,509,1,7.95042,7.95042021684785,7.95042021684785,TRUE
2654,2659,509,1,8.744252,8.74425260669281,8.74425260669281,TRUE
2663,2655,509,1,8.744252,8.74425260669281,8.74425260669281,TRUE
2659,2662,509,1,8.395303,8.39530270089355,8.39530270089355,TRUE
2662,2663,509,1,9.084176,9.08417598004193,7.8307932921306,FALSE
2661,2664,509,1,9.266994,9.26699362563659,9.26699362563659,TRUE
488,494,51,1,8.673765,8.67376513065725,8.67376513065725,TRUE
495,493,51,1,8.673765,8.67376513065725,8.67376513065725,TRUE
497,488,51,1,8.673765,8.67376513065725,8.67376513065725,TRUE
494,497,51,1,8.911333,8.91133328135494,8.91133328135494,TRUE
491,491,51,1,8.973855,8.97385479370257,8.97385479370257,TRUE
501,496,51,1,8.673765,8.67376513065725,8.67376513065725,TRUE
498,489,51,1,9.508718,9.50871750973455,9.50871750973455,TRUE
492,492,51,1,8.673765,8.67376513065725,8.67376513065725,TRUE
489,495,51,1,8.525649,8.52564938728719,8.52564938728719,TRUE
500,490,51,1,8.612476,8.61247655342625,8.61247655342625,TRUE
490,501,51,1,8.673765,8.67376513065725,8.67376513065725,TRUE
493,499,51,1,9.174689,9.17468895613178,9.17468895613178,TRUE
499,498,51,1,8.673765,8.67376513065725,8.67376513065725,TRUE
496,500,51,1,8.673765,8.67376513065725,8.67376513065725,TRUE
2666,2665,513,1,9.084176,9.08417598004193,9.08417598004193,TRUE
2678,2669,513,1,8.543419,8.5434184442636,8.5434184442636,TRUE
2670,2674,513,1,9.044342,9.04434226973814,9.04434226973814,TRUE
2676,2672,513,1,8.973855,8.97385479370257,8.97385479370257,TRUE
2673,2670,513,1,9.307331,9.30733124525985,9.30733124525985,TRUE
2669,2671,513,1,8.543419,8.5434184442636,8.5434184442636,TRUE
2674,2666,513,1,9.84864,9.84864088308368,8.59525819517235,FALSE
2667,2673,513,1,9.104201,9.10420148009622,9.10420148009622,TRUE
2672,2667,513,1,8.673765,8.67376513065725,8.67376513065725,TRUE
2665,2668,513,1,9.296009,9.29600911007529,9.29600911007529,TRUE
2671,2678,513,1,9.444125,9.44412485344534,9.44412485344534,TRUE
2677,2676,513,1,8.543419,8.5434184442636,8.5434184442636,TRUE
2668,2677,513,1,9.84864,9.84864088308368,9.84864088308368,TRUE
2675,2679,513,1,8.543419,8.5434184442636,8.5434184442636,TRUE
2679,2675,513,1,9.84864,9.84864088308368,9.84864088308368,TRUE
2683,2685,516,1,8.913588,8.91358787970165,8.91358787970165,TRUE
2684,2686,516,1,8.973855,8.97385479370257,8.97385479370257,TRUE
2691,2680,516,1,8.543419,8.5434184442636,8.5434184442636,TRUE
2687,2687,516,1,8.543419,8.5434184442636,8.5434184442636,TRUE
2681,2684,516,1,8.673765,8.67376513065725,8.67376513065725,TRUE
2693,2689,516,1,8.673765,8.67376513065725,8.67376513065725,TRUE
2686,2688,516,1,8.673765,8.67376513065725,8.67376513065725,TRUE
2689,2683,516,1,8.543419,8.5434184442636,8.5434184442636,TRUE
2692,2681,516,1,9.104201,9.10420148009622,9.10420148009622,TRUE
2694,2682,516,1,8.673765,8.67376513065725,8.67376513065725,TRUE
2690,2694,516,1,8.744252,8.74425260669281,8.74425260669281,TRUE
2685,2690,516,1,8.543419,8.5434184442636,8.5434184442636,TRUE
2688,2693,516,1,9.084176,9.08417598004193,7.8307932921306,FALSE
2682,2691,516,1,8.613906,8.61390592029916,8.61390592029916,TRUE
2680,2692,516,1,8.744252,8.74425260669281,8.74425260669281,TRUE
2696,2698,517,1,8.673765,8.67376513065725,8.67376513065725,TRUE
2703,2701,517,1,8.099738,8.09973772750253,8.09973772750253,TRUE
2709,2697,517,1,8.673765,8.67376513065725,8.67376513065725,TRUE
2698,2700,517,1,8.673765,8.67376513065725,8.67376513065725,TRUE
2697,2702,517,1,8.673765,8.67376513065725,8.67376513065725,TRUE
2707,2695,517,1,8.099738,8.09973772750253,8.09973772750253,TRUE
2705,2703,517,1,8.543419,8.5434184442636,8.5434184442636,TRUE
2704,2704,517,1,9.104201,9.10420148009622,9.10420148009622,TRUE
2708,2696,517,1,8.099738,8.09973772750253,8.09973772750253,TRUE
2702,2699,517,1,8.099738,8.09973772750253,8.09973772750253,TRUE
2695,2705,517,1,8.525649,8.52564938728719,8.52564938728719,TRUE
2700,2709,517,1,8.543419,8.5434184442636,8.5434184442636,FALSE
2706,2706,517,1,8.673765,8.67376513065725,8.67376513065725,TRUE
2699,2707,517,1,8.613906,8.61390592029916,8.61390592029916,TRUE
2701,2708,517,1,8.099738,8.09973772750253,8.09973772750253,TRUE
2717,2718,518,1,8.863879,8.86387953141006,8.86387953141006,TRUE
2721,2713,518,1,8.863879,8.86387953141006,8.86387953141006,TRUE
2720,2717,518,1,8.673765,8.67376513065725,8.67376513065725,TRUE
2718,2719,518,1,8.673765,8.67376513065725,8.67376513065725,TRUE
2713,2715,518,1,9.307331,9.30733124525985,9.30733124525985,FALSE
2724,2712,518,1,8.744252,8.74425260669281,8.74425260669281,TRUE
2712,2711,518,1,9.265301,9.26530039641033,9.26530039641033,TRUE
2719,2714,518,1,9.233468,9.23346769200316,9.23346769200316,TRUE
2714,2716,518,1,8.863879,8.86387953141006,8.86387953141006,TRUE
2716,2710,518,1,7.95042,7.95042021684785,7.95042021684785,TRUE
2711,2722,518,1,8.673765,8.67376513065725,8.67376513065725,FALSE
2715,2721,518,1,8.543419,8.5434184442636,8.5434184442636,FALSE
2722,2720,518,1,8.744252,8.74425260669281,8.74425260669281,TRUE
2710,2724,518,1,8.613906,8.61390592029916,8.61390592029916,TRUE
2723,2723,518,1,8.612476,8.61247655342625,8.61247655342625,TRUE
2735,2728,519,1,8.673765,8.67376513065725,8.67376513065725,TRUE
2732,2734,519,1,8.744252,8.74425260669281,8.74425260669281,TRUE
2733,2726,519,1,8.543419,8.5434184442636,8.5434184442636,TRUE
2726,2730,519,1,9.203803,9.20380290475918,9.20380290475918,TRUE
2737,2731,519,1,8.099738,8.09973772750253,8.09973772750253,TRUE
2727,2727,519,1,9.174689,9.17468895613178,9.17468895613178,TRUE
2734,2732,519,1,8.673765,8.67376513065725,8.67376513065725,TRUE
2731,2729,519,1,8.673765,8.67376513065725,8.67376513065725,TRUE
2729,2725,519,1,8.673765,8.67376513065725,8.67376513065725,TRUE
2730,2733,519,1,8.744252,8.74425260669281,8.74425260669281,TRUE
2738,2738,519,1,8.744252,8.74425260669281,8.74425260669281,TRUE
2725,2737,519,1,9.044342,9.04434226973814,9.04434226973814,TRUE
2736,2739,519,1,8.973855,8.97385479370257,8.97385479370257,TRUE
2739,2736,519,1,8.525649,8.52564938728719,8.52564938728719,TRUE
2728,2735,519,1,8.543419,8.5434184442636,8.5434184442636,TRUE
2743,2749,527,1,8.613906,8.61390592029916,8.61390592029916,TRUE
2748,2743,527,1,8.744252,8.74425260669281,8.74425260669281,TRUE
2746,2741,527,1,8.099738,8.09973772750253,8.09973772750253,TRUE
2747,2746,527,1,8.099738,8.09973772750253,8.09973772750253,TRUE
2742,2747,527,1,8.525649,8.52564938728719,8.52564938728719,TRUE
2745,2744,527,1,8.744252,8.74425260669281,8.74425260669281,TRUE
2741,2742,527,1,8.099738,8.09973772750253,8.09973772750253,TRUE
2749,2740,527,1,8.525649,8.52564938728719,8.52564938728719,TRUE
2740,2748,527,1,8.673765,8.67376513065725,8.67376513065725,TRUE
2744,2745,527,1,8.525649,8.52564938728719,8.52564938728719,TRUE
2762,2751,528,1,8.673765,8.67376513065725,8.67376513065725,TRUE
2754,2750,528,2,8.099738,8.09973772750253,8.09973772750253,TRUE
2761,2756,528,2,8.099738,8.09973772750253,8.09973772750253,TRUE
2753,2758,528,1,8.744252,8.74425260669281,8.74425260669281,TRUE
2758,2757,528,1,8.744252,8.74425260669281,8.74425260669281,TRUE
2756,2753,528,1,8.744252,8.74425260669281,8.74425260669281,TRUE
2751,2759,528,1,8.673765,8.67376513065725,8.67376513065725,TRUE
2750,2752,528,1,8.673765,8.67376513065725,8.67376513065725,TRUE
2755,2755,528,1,8.744252,8.74425260669281,8.74425260669281,TRUE
2757,2754,528,1,8.543419,8.5434184442636,8.5434184442636,TRUE
2759,2764,528,1,8.744252,8.74425260669281,8.74425260669281,TRUE
2760,2763,528,1,8.525649,8.52564938728719,8.52564938728719,TRUE
2752,2762,528,1,8.525649,8.52564938728719,8.52564938728719,TRUE
2763,2761,528,1,8.613906,8.61390592029916,8.61390592029916,TRUE
2764,2760,528,1,8.673765,8.67376513065725,8.67376513065725,TRUE
2769,2770,535,1,8.973855,8.97385479370257,8.97385479370257,TRUE
2772,2766,535,1,9.174689,9.17468895613178,9.17468895613178,TRUE
2776,2767,535,1,8.543419,8.5434184442636,8.5434184442636,TRUE
2771,2771,535,1,8.973855,8.97385479370257,8.97385479370257,TRUE
2765,2774,535,1,8.525649,8.52564938728719,8.52564938728719,TRUE
2766,2772,535,1,8.744252,8.74425260669281,8.74425260669281,TRUE
2778,2765,535,1,8.744252,8.74425260669281,8.74425260669281,TRUE
2767,2769,535,1,9.174689,9.17468895613178,9.17468895613178,TRUE
2777,2773,535,1,8.744252,8.74425260669281,8.74425260669281,TRUE
2775,2768,535,1,8.864202,8.86420263054428,8.86420263054428,TRUE
2768,2775,535,1,8.525649,8.52564938728719,8.52564938728719,TRUE
2774,2779,535,1,8.525649,8.52564938728719,8.52564938728719,TRUE
2770,2778,535,1,8.772846,8.77284647586168,8.77284647586168,TRUE
2773,2777,535,1,8.673765,8.67376513065725,8.67376513065725,TRUE
2779,2776,535,1,8.973855,8.97385479370257,8.97385479370257,TRUE
508,504,54,1,8.673765,8.67376513065725,8.67376513065725,TRUE
505,508,54,1,8.613906,8.61390592029916,8.61390592029916,TRUE
503,510,54,1,8.673765,8.67376513065725,8.67376513065725,TRUE
507,509,54,1,8.673765,8.67376513065725,8.67376513065725,TRUE
515,505,54,1,8.673765,8.67376513065725,8.67376513065725,TRUE
506,511,54,1,8.612476,8.61247655342625,8.61247655342625,TRUE
511,503,54,1,9.104201,9.10420148009622,9.10420148009622,TRUE
502,502,54,1,8.673765,8.67376513065725,8.67376513065725,TRUE
509,507,54,1,8.673765,8.67376513065725,8.67376513065725,TRUE
516,506,54,1,7.760306,7.76030581609504,7.76030581609504,TRUE
512,516,54,1,8.673765,8.67376513065725,8.67376513065725,TRUE
504,514,54,1,8.613906,8.61390592029916,8.61390592029916,TRUE
514,513,54,1,8.613906,8.61390592029916,8.61390592029916,TRUE
513,512,54,1,8.543419,8.5434184442636,8.5434184442636,TRUE
510,515,54,1,8.380857,8.38085656628682,8.38085656628682,TRUE
2793,2784,540,1,8.099738,8.09973772750253,8.09973772750253,TRUE
2780,2788,540,1,8.099738,8.09973772750253,8.09973772750253,TRUE
2782,2785,540,1,8.744252,8.74425260669281,8.74425260669281,TRUE
2787,2789,540,1,7.95042,7.95042021684785,7.95042021684785,TRUE
2785,2781,540,1,8.744252,8.74425260669281,8.74425260669281,TRUE
2784,2787,540,1,8.673765,8.67376513065725,8.67376513065725,TRUE
2791,2783,540,1,8.543419,8.5434184442636,8.5434184442636,TRUE
2794,2782,540,1,8.673765,8.67376513065725,8.67376513065725,TRUE
2781,2780,540,1,7.95042,7.95042021684785,7.95042021684785,TRUE
2792,2786,540,1,8.744252,8.74425260669281,8.74425260669281,TRUE
2790,2794,540,1,8.525649,8.52564938728719,8.52564938728719,TRUE
2788,2793,540,1,9.174689,9.17468895613178,9.17468895613178,TRUE
2786,2792,540,1,9.044342,9.04434226973814,9.04434226973814,TRUE
2789,2790,540,1,8.543419,8.5434184442636,8.5434184442636,TRUE
2783,2791,540,1,8.543419,8.5434184442636,8.5434184442636,TRUE
2799,2803,542,1,8.099738,8.09973772750253,8.09973772750253,TRUE
2803,2797,542,1,8.543419,8.5434184442636,8.5434184442636,TRUE
2801,2800,542,1,9.174689,9.17468895613178,9.17468895613178,TRUE
2800,2799,542,1,8.673765,8.67376513065725,8.67376513065725,TRUE
2798,2795,542,1,8.543419,8.5434184442636,8.5434184442636,TRUE
2809,2798,542,1,8.543419,8.5434184442636,8.5434184442636,TRUE
2802,2801,542,1,8.673765,8.67376513065725,8.67376513065725,TRUE
2806,2804,542,1,8.863879,8.86387953141006,8.86387953141006,TRUE
2804,2796,542,1,8.612476,8.61247655342625,8.61247655342625,TRUE
2795,2802,542,1,8.612476,8.61247655342625,8.61247655342625,TRUE
2796,2808,542,1,8.543419,8.5434184442636,8.5434184442636,TRUE
2797,2806,542,1,8.543419,8.5434184442636,8.5434184442636,TRUE
2807,2809,542,1,8.744252,8.74425260669281,8.74425260669281,TRUE
2805,2805,542,1,8.744252,8.74425260669281,8.74425260669281,TRUE
2808,2807,542,1,8.673765,8.67376513065725,8.67376513065725,TRUE
2813,2811,544,1,8.099738,8.09973772750253,8.09973772750253,TRUE
2810,2816,544,1,8.673765,8.67376513065725,8.67376513065725,TRUE
2812,2815,544,1,8.099738,8.09973772750253,8.09973772750253,TRUE
2814,2814,544,1,8.099738,8.09973772750253,8.09973772750253,TRUE
2816,2813,544,1,8.673765,8.67376513065725,8.67376513065725,TRUE
2815,2810,544,2,7.95042,7.95042021684785,7.95042021684785,TRUE
2818,2812,544,2,7.95042,7.95042021684785,7.95042021684785,TRUE
2817,2818,544,1,8.673765,8.67376513065725,8.67376513065725,TRUE
2811,2817,544,1,8.612476,8.61247655342625,8.61247655342625,TRUE
521,523,55,1,8.673765,8.67376513065725,8.67376513065725,TRUE
525,524,55,1,8.673765,8.67376513065725,8.67376513065725,TRUE
519,526,55,1,8.673765,8.67376513065725,8.67376513065725,TRUE
523,525,55,1,8.673765,8.67376513065725,8.67376513065725,TRUE
530,529,55,1,8.543419,8.5434184442636,8.5434184442636,TRUE
517,528,55,1,8.543419,8.5434184442636,8.5434184442636,TRUE
520,531,55,1,8.673765,8.67376513065725,8.67376513065725,TRUE
529,527,55,1,8.744252,8.74425260669281,8.74425260669281,TRUE
522,520,55,1,8.612476,8.61247655342625,8.61247655342625,TRUE
528,517,55,1,8.543419,8.5434184442636,8.5434184442636,TRUE
526,518,55,1,8.673765,8.67376513065725,8.67376513065725,TRUE
527,519,55,1,8.744252,8.74425260669281,8.74425260669281,TRUE
518,521,55,1,8.673765,8.67376513065725,8.67376513065725,TRUE
524,530,55,1,7.760306,7.76030581609504,7.76030581609504,TRUE
531,522,55,1,8.673765,8.67376513065725,8.67376513065725,TRUE
2833,2822,550,1,8.673765,8.67376513065725,8.67376513065725,TRUE
2823,2824,550,1,8.099738,8.09973772750253,8.09973772750253,TRUE
2820,2825,550,1,8.332068,8.33206836606148,8.33206836606148,TRUE
2832,2820,550,1,8.673765,8.67376513065725,8.67376513065725,TRUE
2822,2819,550,1,8.673765,8.67376513065725,8.67376513065725,TRUE
2826,2827,550,1,8.673765,8.67376513065725,8.67376513065725,TRUE
2825,2826,550,1,8.099738,8.09973772750253,8.09973772750253,TRUE
2827,2821,550,1,8.744252,8.74425260669281,8.74425260669281,TRUE
2831,2823,550,1,8.796723,8.79672356589382,8.79672356589382,TRUE
2824,2828,550,1,8.973855,8.97385479370257,8.97385479370257,TRUE
2830,2831,550,1,8.395303,8.39530270089355,8.39530270089355,TRUE
2829,2832,550,1,8.673765,8.67376513065725,8.67376513065725,TRUE
2819,2833,550,1,8.525649,8.52564938728719,8.52564938728719,TRUE
2828,2830,550,1,8.543419,8.5434184442636,8.5434184442636,TRUE
2821,2829,550,1,8.744252,8.74425260669281,8.74425260669281,TRUE
2837,2835,557,1,8.543419,8.5434184442636,8.5434184442636,TRUE
2838,2838,557,1,8.543419,8.5434184442636,8.5434184442636,FALSE
2846,2842,557,1,9.508165,9.50816540768905,9.50816540768905,TRUE
2847,2839,557,1,8.973855,8.97385479370257,8.97385479370257,TRUE
2836,2843,557,1,8.543419,8.5434184442636,8.5434184442636,TRUE
2840,2836,557,1,9.84864,9.84864088308368,9.84864088308368,TRUE
2843,2841,557,1,8.612476,8.61247655342625,8.61247655342625,TRUE
2835,2840,557,1,8.543419,8.5434184442636,8.5434184442636,TRUE
2841,2834,557,1,8.673765,8.67376513065725,8.67376513065725,TRUE
2834,2837,557,1,8.543419,8.5434184442636,8.5434184442636,FALSE
2839,2848,557,1,8.673765,8.67376513065725,8.67376513065725,TRUE
2844,2846,557,1,8.673765,8.67376513065725,8.67376513065725,TRUE
2848,2844,557,1,8.673765,8.67376513065725,8.67376513065725,TRUE
2842,2847,557,1,8.673765,8.67376513065725,8.67376513065725,TRUE
2845,2845,557,1,8.973855,8.97385479370257,8.97385479370257,TRUE
2851,2853,559,1,8.525649,8.52564938728719,8.52564938728719,TRUE
2850,2854,559,1,8.744252,8.74425260669281,8.74425260669281,TRUE
2863,2856,559,1,8.673765,8.67376513065725,8.67376513065725,TRUE
2855,2851,559,1,8.673765,8.67376513065725,8.67376513065725,TRUE
2859,2858,559,1,9.104201,9.10420148009622,9.10420148009622,TRUE
2854,2857,559,1,8.744252,8.74425260669281,8.74425260669281,TRUE
2853,2855,559,1,8.099738,8.09973772750253,8.09973772750253,TRUE
2862,2852,559,1,8.099738,8.09973772750253,8.09973772750253,TRUE
2860,2850,559,1,8.673765,8.67376513065725,8.67376513065725,TRUE
2861,2849,559,1,8.099738,8.09973772750253,8.09973772750253,TRUE
2849,2860,559,1,8.525649,8.52564938728719,8.52564938728719,TRUE
2857,2863,559,1,8.099738,8.09973772750253,8.09973772750253,TRUE
2858,2859,559,1,8.099738,8.09973772750253,8.09973772750253,TRUE
2856,2862,559,1,8.099738,8.09973772750253,8.09973772750253,TRUE
2852,2861,559,1,8.673765,8.67376513065725,8.67376513065725,TRUE
540,538,56,1,8.991449,8.9914496952673,8.9914496952673,TRUE
545,532,56,1,8.530174,8.5301740769415,8.5301740769415,TRUE
535,535,56,1,8.395303,8.39530270089355,8.39530270089355,TRUE
533,534,56,1,8.613906,8.61390592029916,8.61390592029916,TRUE
544,541,56,1,8.973855,8.97385479370257,8.97385479370257,TRUE
532,540,56,1,9.084176,9.08417598004193,7.8307932921306,FALSE
542,533,56,1,8.543419,8.5434184442636,8.5434184442636,TRUE
534,539,56,1,8.099738,8.09973772750253,8.09973772750253,TRUE
541,536,56,2,7.95042,7.95042021684785,7.95042021684785,TRUE
543,537,56,2,7.95042,7.95042021684785,7.95042021684785,TRUE
536,545,56,1,9.307331,9.30733124525985,9.30733124525985,TRUE
546,546,56,1,8.332068,8.33206836606148,8.33206836606148,TRUE
539,543,56,1,8.612476,8.61247655342625,8.61247655342625,TRUE
538,544,56,1,8.733533,8.73353284501641,8.73353284501641,TRUE
537,542,56,1,9.266994,9.26699362563659,9.26699362563659,TRUE
2874,2869,560,1,8.543419,8.5434184442636,8.5434184442636,TRUE
2864,2864,560,1,8.744252,8.74425260669281,8.74425260669281,TRUE
2871,2874,560,1,9.634239,9.63423925419815,9.63423925419815,TRUE
2868,2873,560,1,9.104201,9.10420148009622,9.10420148009622,TRUE
2872,2868,560,1,8.673765,8.67376513065725,8.67376513065725,TRUE
2866,2871,560,1,8.613906,8.61390592029916,8.61390592029916,TRUE
2873,2870,560,1,8.673765,8.67376513065725,8.67376513065725,TRUE
2870,2865,560,1,8.543419,8.5434184442636,8.5434184442636,TRUE
2865,2866,560,2,8.673765,8.67376513065725,8.67376513065725,TRUE
2867,2867,560,2,8.673765,8.67376513065725,8.67376513065725,TRUE
2869,2872,560,1,8.673765,8.67376513065725,8.67376513065725,TRUE
2878,2878,565,1,8.673765,8.67376513065725,8.67376513065725,TRUE
2886,2880,565,1,8.956086,8.95608573672616,8.95608573672616,TRUE
2879,2875,565,1,8.744252,8.74425260669281,8.74425260669281,TRUE
2884,2877,565,1,8.525649,8.52564938728719,8.52564938728719,TRUE
2883,2876,565,1,8.673765,8.67376513065725,8.67376513065725,TRUE
2876,2882,565,1,8.543419,8.5434184442636,8.5434184442636,FALSE
2875,2879,565,1,9.044342,9.04434226973814,9.04434226973814,TRUE
2882,2884,565,1,8.911333,8.91133328135494,8.91133328135494,TRUE
2887,2883,565,1,8.973855,8.97385479370257,8.97385479370257,TRUE
2888,2881,565,1,8.612476,8.61247655342625,8.61247655342625,TRUE
2877,2887,565,1,8.840846,8.84084580531938,8.84084580531938,TRUE
2885,2886,565,1,9.444125,9.44412485344534,9.44412485344534,TRUE
2889,2888,565,1,8.973855,8.97385479370257,8.97385479370257,TRUE
2880,2889,565,1,8.673765,8.67376513065725,8.67376513065725,TRUE
2881,2885,565,1,8.744252,8.74425260669281,8.74425260669281,TRUE
2895,2890,569,1,8.099738,8.09973772750253,8.09973772750253,TRUE
2903,2895,569,1,9.104201,9.10420148009622,9.10420148009622,TRUE
2904,2898,569,1,8.920962,8.92096221923174,8.92096221923174,TRUE
2890,2899,569,1,8.744252,8.74425260669281,8.74425260669281,TRUE
2898,2893,569,1,8.673765,8.67376513065725,8.67376513065725,TRUE
2897,2897,569,1,8.673765,8.67376513065725,8.67376513065725,TRUE
2902,2896,569,1,8.744252,8.74425260669281,8.74425260669281,TRUE
2896,2892,569,1,7.95042,7.95042021684785,7.95042021684785,TRUE
2893,2891,569,1,8.744252,8.74425260669281,8.74425260669281,TRUE
2894,2894,569,1,8.840846,8.84084580531938,8.84084580531938,TRUE
2901,2903,569,1,8.543419,8.5434184442636,8.5434184442636,TRUE
2892,2902,569,1,8.543419,8.5434184442636,8.5434184442636,TRUE
2899,2901,569,1,8.673765,8.67376513065725,8.67376513065725,TRUE
2891,2904,569,1,8.744252,8.74425260669281,8.74425260669281,TRUE
2900,2900,569,1,8.673765,8.67376513065725,8.67376513065725,TRUE
549,556,57,1,8.673765,8.67376513065725,8.67376513065725,TRUE
553,555,57,1,7.980111,7.98011080278528,7.98011080278528,TRUE
558,550,57,1,8.525649,8.52564938728719,8.52564938728719,TRUE
557,559,57,1,8.613906,8.61390592029916,8.61390592029916,TRUE
550,560,57,1,8.099738,8.09973772750253,8.09973772750253,TRUE
552,554,57,1,8.744252,8.74425260669281,8.74425260669281,TRUE
551,551,57,1,8.673765,8.67376513065725,8.67376513065725,TRUE
554,549,57,1,8.744252,8.74425260669281,8.74425260669281,TRUE
560,547,57,1,8.543419,8.5434184442636,8.5434184442636,TRUE
548,558,57,1,9.043353,9.04335329125035,9.04335329125035,TRUE
555,557,57,1,9.174689,9.17468895613178,9.17468895613178,TRUE
547,552,57,1,8.673765,8.67376513065725,8.67376513065725,TRUE
559,548,57,1,8.543419,8.5434184442636,8.5434184442636,TRUE
556,553,57,1,8.525649,8.52564938728719,8.52564938728719,TRUE
2913,2912,572,1,8.673765,8.67376513065725,8.67376513065725,TRUE
2905,2907,572,1,8.099738,8.09973772750253,8.09973772750253,TRUE
2914,2914,572,1,8.673765,8.67376513065725,8.67376513065725,TRUE
2910,2913,572,1,8.099738,8.09973772750253,8.09973772750253,TRUE
2908,2909,572,1,8.673765,8.67376513065725,8.67376513065725,TRUE
2906,2910,572,1,8.673765,8.67376513065725,8.67376513065725,TRUE
2918,2908,572,1,8.099738,8.09973772750253,8.09973772750253,TRUE
2915,2906,572,1,8.673765,8.67376513065725,8.67376513065725,TRUE
2916,2911,572,1,8.543419,8.5434184442636,8.5434184442636,TRUE
2911,2905,572,1,8.099738,8.09973772750253,8.09973772750253,TRUE
2907,2917,572,1,8.612476,8.61247655342625,8.61247655342625,TRUE
2912,2919,572,1,8.612476,8.61247655342625,8.61247655342625,TRUE
2909,2915,572,1,8.099738,8.09973772750253,8.09973772750253,TRUE
2917,2918,572,1,8.673765,8.67376513065725,8.67376513065725,TRUE
2919,2916,572,1,8.673765,8.67376513065725,8.67376513065725,TRUE
2925,2921,576,1,8.673765,8.67376513065725,8.67376513065725,TRUE
2923,2924,576,1,8.099738,8.09973772750253,8.09973772750253,TRUE
2922,2920,576,1,8.673765,8.67376513065725,8.67376513065725,TRUE
2927,2922,576,1,8.099738,8.09973772750253,8.09973772750253,TRUE
2932,2927,576,1,8.099738,8.09973772750253,8.09973772750253,TRUE
2933,2928,576,1,8.543419,8.5434184442636,8.5434184442636,TRUE
2928,2926,576,1,9.203803,9.20380290475918,7.95042021684785,FALSE
2934,2923,576,1,8.099738,8.09973772750253,8.09973772750253,TRUE
2930,2929,576,1,8.673765,8.67376513065725,8.67376513065725,TRUE
2924,2925,576,1,7.95042,7.95042021684785,7.95042021684785,TRUE
2926,2933,576,1,9.203803,9.20380290475918,7.95042021684785,FALSE
2931,2931,576,1,8.099738,8.09973772750253,8.09973772750253,TRUE
2929,2934,576,1,8.099738,8.09973772750253,8.09973772750253,TRUE
2921,2930,576,1,8.099738,8.09973772750253,8.09973772750253,TRUE
2920,2932,576,1,8.525649,8.52564938728719,8.52564938728719,TRUE
2945,2943,578,1,8.099738,8.09973772750253,8.09973772750253,TRUE
2938,2936,578,1,8.973855,8.97385479370257,8.97385479370257,TRUE
2937,2937,578,1,8.973855,8.97385479370257,8.97385479370257,TRUE
2940,2935,578,1,8.744252,8.74425260669281,8.74425260669281,TRUE
2948,2939,578,1,9.104201,9.10420148009622,9.10420148009622,TRUE
2942,2938,578,1,8.69273,8.69273006194932,8.69273006194932,TRUE
2947,2942,578,1,8.744252,8.74425260669281,8.74425260669281,TRUE
2949,2941,578,1,8.525649,8.52564938728719,8.52564938728719,TRUE
2941,2940,578,1,8.744252,8.74425260669281,8.74425260669281,TRUE
2943,2944,578,1,8.779557,8.77955722808838,8.77955722808838,TRUE
2944,2947,578,1,8.543419,8.5434184442636,8.5434184442636,TRUE
2939,2945,578,1,8.543419,8.5434184442636,8.5434184442636,TRUE
2936,2946,578,1,8.744252,8.74425260669281,8.74425260669281,TRUE
2935,2949,578,1,8.525649,8.52564938728719,8.52564938728719,TRUE
2946,2948,578,1,8.543419,8.5434184442636,8.5434184442636,TRUE
2950,2957,579,1,8.099738,8.09973772750253,8.09973772750253,TRUE
2964,2950,579,1,8.673765,8.67376513065725,8.67376513065725,TRUE
2961,2956,579,1,8.612476,8.61247655342625,8.61247655342625,TRUE
2952,2960,579,1,8.543419,8.5434184442636,8.5434184442636,TRUE
2957,2959,579,1,8.744252,8.74425260669281,8.74425260669281,TRUE
2951,2954,579,2,8.099738,8.09973772750253,8.09973772750253,TRUE
2960,2955,579,2,8.099738,8.09973772750253,8.09973772750253,TRUE
2954,2951,579,1,8.099738,8.09973772750253,8.09973772750253,TRUE
2953,2952,579,1,8.525649,8.52564938728719,8.52564938728719,TRUE
2959,2953,579,1,9.174689,9.17468895613178,9.17468895613178,TRUE
2958,2958,579,1,8.099738,8.09973772750253,8.09973772750253,TRUE
2963,2965,579,1,8.612476,8.61247655342625,8.61247655342625,TRUE
2965,2964,579,1,8.099738,8.09973772750253,8.09973772750253,TRUE
2956,2963,579,1,8.099738,8.09973772750253,8.09973772750253,TRUE
2955,2961,579,1,8.673765,8.67376513065725,8.67376513065725,TRUE
2962,2962,579,1,8.744252,8.74425260669281,8.74425260669281,TRUE
562,570,58,1,8.673765,8.67376513065725,8.67376513065725,TRUE
568,566,58,1,8.673765,8.67376513065725,8.67376513065725,TRUE
564,569,58,1,8.744252,8.74425260669281,8.74425260669281,TRUE
561,565,58,1,8.543419,8.5434184442636,8.5434184442636,TRUE
570,564,58,1,8.673765,8.67376513065725,8.67376513065725,TRUE
574,561,58,1,8.744252,8.74425260669281,8.74425260669281,TRUE
566,563,58,1,8.406195,8.40619481358388,8.40619481358388,TRUE
575,562,58,1,8.395303,8.39530270089355,8.39530270089355,TRUE
571,567,58,1,8.673765,8.67376513065725,8.67376513065725,TRUE
563,568,58,1,8.673765,8.67376513065725,8.67376513065725,TRUE
572,571,58,1,8.973855,8.97385479370257,8.97385479370257,TRUE
567,574,58,1,8.543419,8.5434184442636,8.5434184442636,TRUE
565,575,58,1,8.673765,8.67376513065725,8.67376513065725,TRUE
569,573,58,1,9.104201,9.10420148009622,9.10420148009622,TRUE
573,572,58,1,8.543419,8.5434184442636,8.5434184442636,TRUE
2979,2973,580,1,8.744252,8.74425260669281,8.74425260669281,TRUE
2974,2972,580,1,8.744252,8.74425260669281,8.74425260669281,TRUE
2975,2969,580,1,8.744252,8.74425260669281,8.74425260669281,TRUE
2980,2975,580,1,8.744252,8.74425260669281,8.74425260669281,TRUE
2966,2967,580,1,8.525649,8.52564938728719,8.52564938728719,TRUE
2972,2968,580,1,8.543419,8.5434184442636,8.5434184442636,TRUE
2970,2974,580,1,8.543419,8.5434184442636,8.5434184442636,TRUE
2969,2966,580,1,8.525649,8.52564938728719,8.52564938728719,TRUE
2968,2971,580,1,8.744252,8.74425260669281,8.74425260669281,TRUE
2977,2970,580,1,8.673765,8.67376513065725,8.67376513065725,TRUE
2973,2977,580,1,9.044342,9.04434226973814,9.04434226973814,TRUE
2976,2980,580,1,8.744252,8.74425260669281,8.74425260669281,TRUE
2978,2979,580,1,8.744252,8.74425260669281,8.74425260669281,TRUE
2971,2976,580,1,8.613906,8.61390592029916,8.61390592029916,TRUE
2967,2978,580,1,8.613906,8.61390592029916,8.61390592029916,TRUE
2994,2982,582,1,8.673765,8.67376513065725,8.67376513065725,TRUE
2991,2987,582,1,8.099738,8.09973772750253,8.09973772750253,TRUE
2988,2981,582,1,8.099738,8.09973772750253,8.09973772750253,TRUE
2987,2990,582,1,8.744252,8.74425260669281,8.74425260669281,TRUE
2993,2989,582,1,8.099738,8.09973772750253,8.09973772750253,TRUE
2990,2986,582,1,8.099738,8.09973772750253,8.09973772750253,TRUE
2992,2988,582,1,8.099738,8.09973772750253,8.09973772750253,TRUE
2995,2985,582,1,8.099738,8.09973772750253,8.09973772750253,TRUE
2981,2984,582,1,8.525649,8.52564938728719,8.52564938728719,TRUE
2982,2983,582,1,8.673765,8.67376513065725,8.67376513065725,TRUE
2983,2995,582,1,8.673765,8.67376513065725,8.67376513065725,TRUE
2989,2994,582,2,8.612476,8.61247655342625,8.61247655342625,TRUE
2985,2993,582,2,8.673765,8.67376513065725,8.67376513065725,TRUE
2984,2991,582,1,8.673765,8.67376513065725,8.67376513065725,TRUE
2986,2992,582,1,8.099738,8.09973772750253,8.09973772750253,TRUE
3009,2998,583,1,8.673765,8.67376513065725,8.67376513065725,TRUE
3010,2997,583,1,8.673765,8.67376513065725,8.67376513065725,TRUE
2998,2996,583,1,8.911333,8.91133328135494,8.91133328135494,TRUE
3008,3003,583,1,8.099738,8.09973772750253,8.09973772750253,TRUE
3001,3004,583,1,8.673765,8.67376513065725,8.67376513065725,TRUE
3007,2999,583,1,9.203803,9.20380290475918,7.95042021684785,FALSE
2997,3005,583,1,8.543419,8.5434184442636,8.5434184442636,TRUE
3004,3000,583,1,8.530174,8.5301740769415,8.5301740769415,TRUE
3002,3002,583,1,8.27078,8.27077978883048,8.27077978883048,TRUE
3003,3001,583,1,8.099738,8.09973772750253,8.09973772750253,TRUE
3000,3006,583,1,9.174689,9.17468895613178,9.17468895613178,TRUE
3005,3008,583,1,8.973855,8.97385479370257,8.97385479370257,TRUE
2999,3010,583,1,8.973855,8.97385479370257,8.97385479370257,TRUE
2996,3009,583,1,8.099738,8.09973772750253,8.09973772750253,TRUE
3006,3007,583,1,8.673765,8.67376513065725,8.67376513065725,TRUE
3015,3011,586,1,8.673765,8.67376513065725,8.67376513065725,TRUE
3017,3012,586,1,8.395303,8.39530270089355,8.39530270089355,TRUE
3014,3014,586,1,8.673765,8.67376513065725,8.67376513065725,TRUE
3019,3013,586,1,8.744252,8.74425260669281,8.74425260669281,TRUE
3013,3018,586,1,8.673765,8.67376513065725,8.67376513065725,TRUE
3011,3017,586,1,7.95042,7.95042021684785,7.95042021684785,TRUE
3012,3016,586,1,7.95042,7.95042021684785,7.95042021684785,TRUE
3016,3015,586,1,9.104201,9.10420148009622,9.10420148009622,TRUE
3018,3019,586,1,8.673765,8.67376513065725,8.67376513065725,TRUE
3022,3021,587,1,8.613906,8.61390592029916,8.61390592029916,TRUE
3024,3022,587,1,8.543419,8.5434184442636,8.5434184442636,TRUE
3033,3026,587,1,7.95042,7.95042021684785,7.95042021684785,TRUE
3030,3023,587,1,8.973855,8.97385479370257,8.97385479370257,TRUE
3020,3024,587,1,8.673765,8.67376513065725,8.67376513065725,TRUE
3023,3029,587,1,9.378371,9.37837082334091,9.37837082334091,TRUE
3029,3027,587,1,8.673765,8.67376513065725,8.67376513065725,TRUE
3025,3020,587,1,9.174689,9.17468895613178,9.17468895613178,TRUE
3028,3025,587,1,9.104201,9.10420148009622,9.10420148009622,TRUE
3021,3028,587,1,8.525649,8.52564938728719,8.52564938728719,TRUE
3034,3034,587,1,9.104201,9.10420148009622,9.10420148009622,TRUE
3027,3032,587,1,8.744252,8.74425260669281,8.74425260669281,TRUE
3032,3031,587,1,8.543419,8.5434184442636,8.5434184442636,TRUE
3026,3030,587,1,8.525649,8.52564938728719,8.52564938728719,TRUE
3031,3033,587,1,8.395303,8.39530270089355,8.39530270089355,TRUE
581,581,59,1,8.744252,8.74425260669281,8.74425260669281,TRUE
584,585,59,1,8.543419,8.5434184442636,8.5434184442636,TRUE
589,583,59,1,8.543419,8.5434184442636,8.5434184442636,TRUE
588,576,59,1,7.95042,7.95042021684785,7.95042021684785,TRUE
576,580,59,1,8.673765,8.67376513065725,8.67376513065725,TRUE
590,579,59,1,8.543419,8.5434184442636,8.5434184442636,TRUE
579,582,59,1,9.013688,9.01368850400637,9.01368850400637,FALSE
587,577,59,1,8.543419,8.5434184442636,8.5434184442636,TRUE
586,578,59,1,9.307331,9.30733124525985,9.30733124525985,TRUE
585,584,59,1,8.613906,8.61390592029916,8.61390592029916,TRUE
578,590,59,1,9.084176,9.08417598004193,9.08417598004193,TRUE
582,586,59,1,8.525649,8.52564938728719,8.52564938728719,TRUE
583,589,59,1,9.013688,9.01368850400637,9.01368850400637,TRUE
580,587,59,1,8.395303,8.39530270089355,8.39530270089355,TRUE
577,588,59,1,8.543419,8.5434184442636,8.5434184442636,TRUE
3046,3040,593,1,8.744252,8.74425260669281,8.74425260669281,TRUE
3037,3038,593,1,8.673765,8.67376513065725,8.67376513065725,TRUE
3049,3042,593,1,8.673765,8.67376513065725,8.67376513065725,TRUE
3047,3039,593,1,8.673765,8.67376513065725,8.67376513065725,TRUE
3048,3041,593,1,8.099738,8.09973772750253,8.09973772750253,TRUE
3040,3035,593,1,8.673765,8.67376513065725,8.67376513065725,TRUE
3042,3036,593,1,8.673765,8.67376513065725,8.67376513065725,TRUE
3044,3043,593,1,8.099738,8.09973772750253,8.09973772750253,TRUE
3041,3037,593,1,8.099738,8.09973772750253,8.09973772750253,TRUE
3035,3044,593,1,8.673765,8.67376513065725,8.67376513065725,TRUE
3043,3046,593,1,8.673765,8.67376513065725,8.67376513065725,TRUE
3039,3049,593,1,8.673765,8.67376513065725,8.67376513065725,TRUE
3036,3047,593,1,8.525649,8.52564938728719,8.52564938728719,TRUE
3038,3045,593,1,8.673765,8.67376513065725,8.67376513065725,TRUE
3045,3048,593,1,8.543419,8.5434184442636,8.5434184442636,TRUE
596,600,60,1,8.744252,8.74425260669281,8.74425260669281,TRUE
598,599,60,1,8.395303,8.39530270089355,8.39530270089355,TRUE
604,596,60,1,8.973855,8.97385479370257,8.97385479370257,TRUE
603,595,60,1,8.673765,8.67376513065725,8.67376513065725,TRUE
594,591,60,1,9.444125,9.44412485344534,9.44412485344534,TRUE
599,598,60,1,8.543419,8.5434184442636,8.5434184442636,TRUE
593,593,60,1,8.673765,8.67376513065725,8.67376513065725,TRUE
602,594,60,1,8.744252,8.74425260669281,8.74425260669281,TRUE
592,592,60,1,8.673765,8.67376513065725,8.67376513065725,TRUE
597,597,60,1,7.95042,7.95042021684785,7.95042021684785,TRUE
591,605,60,1,8.395303,8.39530270089355,8.39530270089355,TRUE
605,603,60,1,8.395303,8.39530270089355,8.39530270089355,TRUE
601,602,60,1,8.543419,8.5434184442636,8.5434184442636,TRUE
595,601,60,1,8.613906,8.61390592029916,8.61390592029916,TRUE
600,604,60,1,8.543419,8.5434184442636,8.5434184442636,TRUE
3064,3050,604,1,8.744252,8.74425260669281,8.74425260669281,TRUE
3056,3054,604,1,8.673765,8.67376513065725,8.67376513065725,TRUE
3062,3057,604,1,8.744252,8.74425260669281,8.74425260669281,TRUE
3063,3051,604,1,8.543419,8.5434184442636,8.5434184442636,TRUE
3061,3056,604,1,8.543419,8.5434184442636,8.5434184442636,TRUE
3052,3055,604,1,8.613906,8.61390592029916,8.61390592029916,TRUE
3050,3052,604,1,9.114422,9.11442204213085,9.11442204213085,TRUE
3058,3059,604,1,8.543419,8.5434184442636,8.5434184442636,TRUE
3060,3053,604,1,8.525649,8.52564938728719,8.52564938728719,TRUE
3051,3058,604,1,8.613906,8.61390592029916,8.61390592029916,TRUE
3057,3063,604,1,8.744252,8.74425260669281,8.74425260669281,TRUE
3055,3060,604,1,8.525649,8.52564938728719,8.52564938728719,TRUE
3059,3064,604,1,8.613906,8.61390592029916,8.61390592029916,TRUE
3054,3062,604,1,8.673765,8.67376513065725,8.67376513065725,TRUE
3053,3061,604,1,8.956086,8.95608573672616,8.95608573672616,TRUE
3068,3067,607,1,9.377819,9.37781872129541,9.37781872129541,TRUE
3067,3066,607,1,8.673765,8.67376513065725,8.67376513065725,TRUE
3078,3069,607,1,8.673765,8.67376513065725,8.67376513065725,TRUE
3077,3065,607,1,8.673765,8.67376513065725,8.67376513065725,TRUE
3071,3070,607,1,8.543419,8.5434184442636,8.5434184442636,TRUE
3066,3073,607,1,8.973855,8.97385479370257,8.97385479370257,TRUE
3075,3074,607,1,8.612476,8.61247655342625,8.61247655342625,TRUE
3072,3072,607,1,8.673765,8.67376513065725,8.67376513065725,TRUE
3074,3068,607,1,8.673765,8.67376513065725,8.67376513065725,TRUE
3070,3071,607,1,8.840846,8.84084580531938,8.84084580531938,TRUE
3073,3078,607,1,9.174689,9.17468895613178,9.17468895613178,TRUE
3065,3075,607,1,9.043353,9.04335329125035,9.04335329125035,TRUE
3069,3077,607,1,9.104201,9.10420148009622,9.10420148009622,TRUE
3076,3079,607,1,8.973855,8.97385479370257,8.97385479370257,TRUE
3079,3076,607,1,8.543419,8.5434184442636,8.5434184442636,TRUE
3083,3082,609,1,8.744252,8.74425260669281,8.74425260669281,TRUE
3086,3081,609,1,8.543419,8.5434184442636,8.5434184442636,TRUE
3080,3089,609,1,8.744252,8.74425260669281,8.74425260669281,TRUE
3091,3084,609,1,8.673765,8.67376513065725,8.67376513065725,TRUE
3084,3087,609,1,8.673765,8.67376513065725,8.67376513065725,TRUE
3094,3085,609,1,8.744252,8.74425260669281,8.74425260669281,TRUE
3088,3080,609,1,8.673765,8.67376513065725,8.67376513065725,TRUE
3087,3083,609,1,8.543419,8.5434184442636,8.5434184442636,TRUE
3092,3086,609,1,8.543419,8.5434184442636,8.5434184442636,TRUE
3093,3088,609,1,8.673765,8.67376513065725,8.67376513065725,TRUE
3089,3094,609,1,9.043353,9.04335329125035,9.04335329125035,TRUE
3081,3091,609,1,8.543419,8.5434184442636,8.5434184442636,TRUE
3085,3093,609,1,8.673765,8.67376513065725,8.67376513065725,TRUE
3090,3090,609,1,9.013688,9.01368850400637,9.01368850400637,FALSE
3082,3092,609,1,8.744252,8.74425260669281,8.74425260669281,TRUE
614,608,61,1,8.673765,8.67376513065725,8.67376513065725,TRUE
620,606,61,1,9.043935,9.0439345660953,9.0439345660953,TRUE
609,614,61,1,8.744252,8.74425260669281,8.74425260669281,TRUE
617,607,61,1,8.612476,8.61247655342625,8.61247655342625,TRUE
608,615,61,1,8.099738,8.09973772750253,8.09973772750253,TRUE
619,611,61,1,8.673765,8.67376513065725,8.67376513065725,TRUE
616,613,61,1,8.525649,8.52564938728719,8.52564938728719,TRUE
611,610,61,1,8.989017,8.98901690746856,8.98901690746856,TRUE
613,609,61,1,8.989017,8.98901690746856,8.98901690746856,TRUE
606,612,61,1,8.099738,8.09973772750253,8.09973772750253,TRUE
610,616,61,1,8.956086,8.95608573672616,8.95608573672616,TRUE
607,619,61,1,8.744252,8.74425260669281,8.74425260669281,TRUE
615,620,61,1,8.099738,8.09973772750253,8.09973772750253,TRUE
618,618,61,1,8.673765,8.67376513065725,8.67376513065725,TRUE
612,617,61,1,8.673765,8.67376513065725,8.67376513065725,TRUE
3108,3096,612,1,8.973855,8.97385479370257,8.97385479370257,TRUE
3096,3099,612,1,8.543419,8.5434184442636,8.5434184442636,TRUE
3099,3104,612,1,8.744252,8.74425260669281,8.74425260669281,TRUE
3104,3101,612,1,8.673765,8.67376513065725,8.67376513065725,TRUE
3102,3100,612,1,8.525649,8.52564938728719,8.52564938728719,TRUE
3109,3095,612,1,8.744252,8.74425260669281,8.74425260669281,TRUE
3103,3103,612,1,8.543419,8.5434184442636,8.5434184442636,TRUE
3100,3102,612,1,8.673765,8.67376513065725,8.67376513065725,TRUE
3095,3098,612,1,8.543419,8.5434184442636,8.5434184442636,TRUE
3106,3097,612,1,8.543419,8.5434184442636,8.5434184442636,TRUE
3101,3107,612,1,8.613906,8.61390592029916,8.61390592029916,TRUE
3098,3108,612,1,8.744252,8.74425260669281,8.74425260669281,TRUE
3105,3106,612,1,9.174689,9.17468895613178,9.17468895613178,TRUE
3107,3109,612,1,8.744252,8.74425260669281,8.74425260669281,TRUE
3097,3105,612,1,7.95042,7.95042021684785,7.95042021684785,TRUE
3113,3110,614,1,8.380857,8.38085656628682,8.38085656628682,TRUE
3111,3112,614,1,8.099738,8.09973772750253,8.09973772750253,TRUE
3112,3114,614,1,8.973855,8.97385479370257,8.97385479370257,TRUE
3114,3111,614,1,9.508165,9.50816540768905,9.50816540768905,TRUE
3110,3113,614,1,7.95042,7.95042021684785,7.95042021684785,TRUE
3128,3115,620,1,9.621386,9.62138586600797,9.62138586600797,TRUE
3116,3124,620,1,9.044342,9.04434226973814,9.04434226973814,TRUE
3120,3122,620,1,8.525649,8.52564938728719,8.52564938728719,TRUE
3118,3121,620,1,8.744252,8.74425260669281,8.74425260669281,TRUE
3123,3119,620,1,8.673765,8.67376513065725,8.67376513065725,TRUE
3124,3123,620,1,8.673765,8.67376513065725,8.67376513065725,TRUE
3127,3120,620,1,8.395303,8.39530270089355,8.39530270089355,TRUE
3119,3116,620,1,8.099738,8.09973772750253,8.09973772750253,TRUE
3126,3118,620,1,7.95042,7.95042021684785,7.95042021684785,TRUE
3122,3117,620,1,8.612476,8.61247655342625,8.61247655342625,TRUE
3125,3129,620,1,8.673765,8.67376513065725,8.67376513065725,TRUE
3121,3128,620,1,8.099738,8.09973772750253,8.09973772750253,TRUE
3117,3127,620,1,9.044342,9.04434226973814,9.04434226973814,TRUE
3115,3126,620,1,8.525649,8.52564938728719,8.52564938728719,TRUE
3129,3125,620,1,8.612476,8.61247655342625,8.61247655342625,TRUE
3131,3132,621,1,8.543419,8.5434184442636,8.5434184442636,TRUE
3133,3131,621,1,8.613906,8.61390592029916,8.61390592029916,TRUE
3143,3130,621,1,8.543419,8.5434184442636,8.5434184442636,TRUE
3139,3134,621,1,8.744252,8.74425260669281,8.74425260669281,TRUE
3130,3136,621,1,9.104201,9.10420148009622,9.10420148009622,TRUE
3135,3138,621,1,8.099738,8.09973772750253,8.09973772750253,TRUE
3144,3137,621,1,8.543419,8.5434184442636,8.5434184442636,TRUE
3138,3139,621,1,8.613906,8.61390592029916,8.61390592029916,TRUE
3140,3133,621,1,8.744252,8.74425260669281,8.74425260669281,TRUE
3137,3135,621,1,9.013898,9.01389741842653,9.01389741842653,TRUE
3132,3140,621,1,8.744252,8.74425260669281,8.74425260669281,TRUE
3136,3144,621,1,8.744252,8.74425260669281,8.74425260669281,TRUE
3134,3143,621,1,8.525649,8.52564938728719,8.52564938728719,TRUE
3141,3141,621,1,8.673765,8.67376513065725,8.67376513065725,TRUE
3142,3142,621,1,8.543419,8.5434184442636,8.5434184442636,TRUE
3158,3149,622,1,8.543419,8.5434184442636,8.5434184442636,TRUE
3149,3145,622,1,8.543419,8.5434184442636,8.5434184442636,TRUE
3151,3152,622,1,9.068585,9.06858558162319,9.06858558162319,TRUE
3153,3151,622,1,8.543419,8.5434184442636,8.5434184442636,TRUE
3156,3147,622,1,8.543419,8.5434184442636,8.5434184442636,TRUE
3150,3148,622,1,8.099738,8.09973772750253,8.09973772750253,TRUE
3154,3150,622,1,8.744252,8.74425260669281,8.74425260669281,TRUE
3146,3154,622,1,8.543419,8.5434184442636,8.5434184442636,TRUE
3159,3153,622,1,8.612476,8.61247655342625,8.61247655342625,TRUE
3155,3146,622,1,8.543419,8.5434184442636,8.5434184442636,TRUE
3148,3155,622,1,8.543419,8.5434184442636,8.5434184442636,TRUE
3147,3156,622,1,8.543419,8.5434184442636,8.5434184442636,TRUE
3152,3157,622,1,8.973855,8.97385479370257,8.97385479370257,TRUE
3157,3159,622,1,8.673765,8.67376513065725,8.67376513065725,TRUE
3145,3158,622,1,8.673765,8.67376513065725,8.67376513065725,TRUE
3171,3168,624,1,8.673765,8.67376513065725,8.67376513065725,TRUE
3160,3165,624,1,8.673765,8.67376513065725,8.67376513065725,TRUE
3164,3167,624,1,8.973855,8.97385479370257,8.97385479370257,TRUE
3172,3166,624,1,9.044342,9.04434226973814,9.04434226973814,TRUE
3170,3169,624,1,8.744252,8.74425260669281,8.74425260669281,TRUE
3174,3164,624,1,9.508165,9.50816540768905,9.50816540768905,TRUE
3163,3162,624,1,8.673765,8.67376513065725,8.67376513065725,TRUE
3168,3161,624,1,8.543419,8.5434184442636,8.5434184442636,TRUE
3169,3163,624,1,8.744252,8.74425260669281,8.74425260669281,TRUE
3167,3160,624,1,8.543419,8.5434184442636,8.5434184442636,TRUE
3165,3170,624,1,8.744252,8.74425260669281,8.74425260669281,TRUE
3173,3173,624,1,8.543419,8.5434184442636,8.5434184442636,TRUE
3166,3174,624,1,8.973855,8.97385479370257,8.97385479370257,TRUE
3162,3171,624,1,8.673765,8.67376513065725,8.67376513065725,TRUE
3161,3172,624,1,8.825739,8.82573905033252,8.82573905033252,TRUE
3179,3180,625,1,8.744252,8.74425260669281,8.74425260669281,TRUE
3185,3183,625,1,8.673765,8.67376513065725,8.67376513065725,TRUE
3177,3175,625,1,8.840846,8.84084580531938,8.84084580531938,TRUE
3186,3178,625,1,8.673765,8.67376513065725,8.67376513065725,TRUE
3183,3179,625,1,8.973855,8.97385479370257,8.97385479370257,TRUE
3187,3181,625,1,8.673765,8.67376513065725,8.67376513065725,TRUE
3181,3184,625,1,8.744252,8.74425260669281,8.74425260669281,TRUE
3178,3177,625,1,8.673765,8.67376513065725,8.67376513065725,TRUE
3184,3176,625,1,8.525649,8.52564938728719,8.52564938728719,TRUE
3176,3182,625,1,7.95042,7.95042021684785,7.95042021684785,TRUE
3189,3186,625,1,8.673765,8.67376513065725,8.67376513065725,TRUE
3182,3189,625,1,8.099738,8.09973772750253,8.09973772750253,TRUE
3188,3188,625,1,8.525649,8.52564938728719,8.52564938728719,TRUE
3180,3185,625,1,8.673765,8.67376513065725,8.67376513065725,TRUE
3175,3187,625,1,8.673765,8.67376513065725,8.67376513065725,TRUE
629,622,63,1,8.673765,8.67376513065725,8.67376513065725,TRUE
621,623,63,1,8.673765,8.67376513065725,8.67376513065725,TRUE
628,621,63,1,8.612476,8.61247655342625,8.61247655342625,TRUE
623,624,63,1,8.673765,8.67376513065725,8.67376513065725,TRUE
630,628,63,1,8.673765,8.67376513065725,8.67376513065725,TRUE
631,629,63,1,8.673765,8.67376513065725,8.67376513065725,TRUE
627,630,63,1,8.779557,8.77955722808838,8.77955722808838,TRUE
624,625,63,1,8.673765,8.67376513065725,8.67376513065725,TRUE
625,626,63,1,8.673765,8.67376513065725,8.67376513065725,TRUE
626,627,63,1,8.973855,8.97385479370257,8.97385479370257,TRUE
622,631,63,1,9.044342,9.04434226973814,9.04434226973814,TRUE
3190,3193,633,1,9.044342,9.04434226973814,9.04434226973814,TRUE
3196,3195,633,1,8.673765,8.67376513065725,8.67376513065725,TRUE
3204,3194,633,1,8.543419,8.5434184442636,8.5434184442636,TRUE
3203,3190,633,1,8.543419,8.5434184442636,8.5434184442636,TRUE
3198,3196,633,1,8.673765,8.67376513065725,8.67376513065725,TRUE
3195,3197,633,1,8.44328,8.44328052483111,8.44328052483111,TRUE
3191,3191,633,1,8.744252,8.74425260669281,8.74425260669281,TRUE
3202,3199,633,1,8.525649,8.52564938728719,8.52564938728719,TRUE
3193,3198,633,1,8.525649,8.52564938728719,8.52564938728719,TRUE
3201,3192,633,1,9.814768,9.81476762585848,9.81476762585848,TRUE
3194,3201,633,1,8.543419,8.5434184442636,8.5434184442636,TRUE
3200,3202,633,1,9.377819,9.37781872129541,9.37781872129541,TRUE
3192,3200,633,1,9.377819,9.37781872129541,9.37781872129541,TRUE
3197,3203,633,1,8.927071,8.92707025228747,8.92707025228747,TRUE
3199,3204,633,1,9.19243,9.1924306709362,9.1924306709362,TRUE
3216,3211,634,1,8.673765,8.67376513065725,8.67376513065725,TRUE
3210,3206,634,1,8.673765,8.67376513065725,8.67376513065725,TRUE
3212,3210,634,1,8.612476,8.61247655342625,8.61247655342625,TRUE
3206,3213,634,1,8.543419,8.5434184442636,8.5434184442636,TRUE
3215,3209,634,1,8.744252,8.74425260669281,8.74425260669281,TRUE
3217,3212,634,1,8.673765,8.67376513065725,8.67376513065725,TRUE
3214,3208,634,1,8.673765,8.67376513065725,8.67376513065725,TRUE
3209,3207,634,1,8.612476,8.61247655342625,8.61247655342625,TRUE
3208,3214,634,1,8.099738,8.09973772750253,8.09973772750253,TRUE
3218,3205,634,1,8.744252,8.74425260669281,8.74425260669281,TRUE
3205,3217,634,1,8.744252,8.74425260669281,8.74425260669281,TRUE
3207,3218,634,1,8.543419,8.5434184442636,8.5434184442636,TRUE
3211,3215,634,1,8.612476,8.61247655342625,8.61247655342625,TRUE
3213,3216,634,1,8.744252,8.74425260669281,8.74425260669281,TRUE
3219,3219,634,1,8.744252,8.74425260669281,8.74425260669281,TRUE
3223,3225,639,1,8.673765,8.67376513065725,8.67376513065725,TRUE
3221,3223,639,1,8.543419,8.5434184442636,8.5434184442636,TRUE
3231,3220,639,1,8.744252,8.74425260669281,8.74425260669281,TRUE
3224,3228,639,1,8.673765,8.67376513065725,8.67376513065725,TRUE
3222,3226,639,1,8.099738,8.09973772750253,8.09973772750253,TRUE
3233,3224,639,1,8.395303,8.39530270089355,8.39530270089355,TRUE
3232,3222,639,1,9.174689,9.17468895613178,9.17468895613178,TRUE
3225,3221,639,1,8.744252,8.74425260669281,8.74425260669281,TRUE
3227,3227,639,1,8.395303,8.39530270089355,8.39530270089355,TRUE
3220,3229,639,1,8.673765,8.67376513065725,8.67376513065725,TRUE
3228,3231,639,1,8.543419,8.5434184442636,8.5434184442636,TRUE
3234,3234,639,1,9.044342,9.04434226973814,9.04434226973814,TRUE
3226,3230,639,1,8.673765,8.67376513065725,8.67376513065725,TRUE
3229,3233,639,1,8.673765,8.67376513065725,8.67376513065725,FALSE
3230,3232,639,1,9.044342,9.04434226973814,9.04434226973814,TRUE
3245,3235,647,1,8.099738,8.09973772750253,8.09973772750253,TRUE
3242,3242,647,1,8.099738,8.09973772750253,8.09973772750253,TRUE
3247,3236,647,1,8.673765,8.67376513065725,8.67376513065725,TRUE
3249,3243,647,1,8.099738,8.09973772750253,8.09973772750253,TRUE
3239,3239,647,1,8.099738,8.09973772750253,8.09973772750253,TRUE
3237,3238,647,1,8.099738,8.09973772750253,8.09973772750253,TRUE
3246,3240,647,1,8.099738,8.09973772750253,8.09973772750253,TRUE
3236,3237,647,1,8.099738,8.09973772750253,8.09973772750253,TRUE
3240,3244,647,1,8.099738,8.09973772750253,8.09973772750253,TRUE
3238,3241,647,1,9.203803,9.20380290475918,7.95042021684785,FALSE
3243,3246,647,1,8.099738,8.09973772750253,8.09973772750253,TRUE
3244,3247,647,1,8.099738,8.09973772750253,8.09973772750253,TRUE
3235,3249,647,1,8.099738,8.09973772750253,8.09973772750253,TRUE
3248,3245,647,1,8.099738,8.09973772750253,8.09973772750253,TRUE
3241,3248,647,1,8.099738,8.09973772750253,8.09973772750253,TRUE
3262,3253,648,1,8.673765,8.67376513065725,8.67376513065725,TRUE
3259,3250,648,1,8.673765,8.67376513065725,8.67376513065725,TRUE
3252,3258,648,1,8.744252,8.74425260669281,8.74425260669281,TRUE
3254,3252,648,1,8.099738,8.09973772750253,8.09973772750253,TRUE
3264,3257,648,1,8.099738,8.09973772750253,8.09973772750253,TRUE
3260,3251,648,1,8.543419,8.5434184442636,8.5434184442636,TRUE
3255,3255,648,1,8.973855,8.97385479370257,8.97385479370257,TRUE
3250,3256,648,1,8.673765,8.67376513065725,8.67376513065725,TRUE
3256,3254,648,1,8.673765,8.67376513065725,8.67376513065725,TRUE
3258,3259,648,1,8.744252,8.74425260669281,8.74425260669281,TRUE
3251,3260,648,1,8.673765,8.67376513065725,8.67376513065725,TRUE
3263,3262,648,1,8.673765,8.67376513065725,8.67376513065725,TRUE
3261,3261,648,1,8.744252,8.74425260669281,8.74425260669281,TRUE
3257,3263,648,1,8.099738,8.09973772750253,8.09973772750253,TRUE
3253,3264,648,1,8.543419,8.5434184442636,8.5434184442636,TRUE
3275,3269,649,1,8.673765,8.67376513065725,8.67376513065725,TRUE
3278,3267,649,1,8.673765,8.67376513065725,8.67376513065725,TRUE
3266,3271,649,1,8.525649,8.52564938728719,8.52564938728719,TRUE
3272,3268,649,1,8.673765,8.67376513065725,8.67376513065725,TRUE
3271,3273,649,1,8.673765,8.67376513065725,8.67376513065725,TRUE
3277,3266,649,1,8.744252,8.74425260669281,8.74425260669281,TRUE
3270,3272,649,1,8.673765,8.67376513065725,8.67376513065725,TRUE
3265,3274,649,1,8.673765,8.67376513065725,8.67376513065725,TRUE
3268,3270,649,1,8.612476,8.61247655342625,8.61247655342625,TRUE
3273,3265,649,1,8.673765,8.67376513065725,8.67376513065725,TRUE
3269,3277,649,1,8.543419,8.5434184442636,8.5434184442636,TRUE
3267,3279,649,1,8.673765,8.67376513065725,8.67376513065725,TRUE
3279,3275,649,1,8.525649,8.52564938728719,8.52564938728719,TRUE
3276,3276,649,1,8.673765,8.67376513065725,8.67376513065725,TRUE
3274,3278,649,1,8.673765,8.67376513065725,8.67376513065725,TRUE
639,638,65,1,9.437678,9.43767793165349,9.43767793165349,TRUE
632,635,65,1,8.543419,8.5434184442636,8.5434184442636,TRUE
643,636,65,1,8.395303,8.39530270089355,8.39530270089355,TRUE
635,640,65,1,8.525649,8.52564938728719,8.52564938728719,TRUE
641,632,65,1,9.174689,9.17468895613178,9.17468895613178,TRUE
638,637,65,1,8.744252,8.74425260669281,8.74425260669281,TRUE
642,639,65,2,8.673765,8.67376513065725,8.67376513065725,TRUE
640,641,65,2,8.744252,8.74425260669281,8.74425260669281,TRUE
633,633,65,1,8.673765,8.67376513065725,8.67376513065725,TRUE
637,634,65,1,8.543419,8.5434184442636,8.5434184442636,TRUE
644,646,65,1,8.673765,8.67376513065725,8.67376513065725,TRUE
636,642,65,1,8.525649,8.52564938728719,8.52564938728719,TRUE
646,644,65,1,8.673765,8.67376513065725,8.67376513065725,TRUE
634,643,65,1,8.613906,8.61390592029916,8.61390592029916,TRUE
645,645,65,1,8.543419,8.5434184442636,8.5434184442636,TRUE
3281,3283,650,1,8.673765,8.67376513065725,8.67376513065725,TRUE
3294,3286,650,1,9.377819,9.37781872129541,9.37781872129541,TRUE
3285,3288,650,1,8.744252,8.74425260669281,8.74425260669281,TRUE
3291,3289,650,1,9.104201,9.10420148009622,9.10420148009622,TRUE
3286,3282,650,1,8.973855,8.97385479370257,8.97385479370257,TRUE
3284,3285,650,1,8.612476,8.61247655342625,8.61247655342625,TRUE
3293,3280,650,1,8.543419,8.5434184442636,8.5434184442636,TRUE
3287,3287,650,1,8.673765,8.67376513065725,8.67376513065725,TRUE
3288,3284,650,1,8.612476,8.61247655342625,8.61247655342625,TRUE
3283,3281,650,1,8.673765,8.67376513065725,8.67376513065725,TRUE
3282,3291,650,1,8.673765,8.67376513065725,8.67376513065725,TRUE
3292,3290,650,1,8.973855,8.97385479370257,8.97385479370257,TRUE
3290,3293,650,1,8.525649,8.52564938728719,8.52564938728719,TRUE
3289,3292,650,1,8.673765,8.67376513065725,8.67376513065725,TRUE
3280,3294,650,1,8.673765,8.67376513065725,8.67376513065725,TRUE
3304,3302,653,1,8.673765,8.67376513065725,8.67376513065725,TRUE
3301,3297,653,1,8.099738,8.09973772750253,8.09973772750253,TRUE
3305,3298,653,1,8.673765,8.67376513065725,8.67376513065725,TRUE
3295,3301,653,1,9.104201,9.10420148009622,9.10420148009622,TRUE
3309,3300,653,1,8.673765,8.67376513065725,8.67376513065725,TRUE
3296,3303,653,1,8.525649,8.52564938728719,8.52564938728719,TRUE
3299,3299,653,1,8.543419,8.5434184442636,8.5434184442636,TRUE
3300,3295,653,1,8.099738,8.09973772750253,8.09973772750253,TRUE
3302,3296,653,1,8.099738,8.09973772750253,8.09973772750253,TRUE
3298,3304,653,1,8.673765,8.67376513065725,8.67376513065725,TRUE
3297,3305,653,1,8.099738,8.09973772750253,8.09973772750253,TRUE
3308,3309,653,1,8.673765,8.67376513065725,8.67376513065725,TRUE
3307,3308,653,1,9.043353,9.04335329125035,9.04335329125035,TRUE
3306,3307,653,1,8.099738,8.09973772750253,8.09973772750253,TRUE
3303,3306,653,1,8.525649,8.52564938728719,8.52564938728719,TRUE
3312,3313,657,1,8.744252,8.74425260669281,8.74425260669281,TRUE
3316,3316,657,1,8.543419,8.5434184442636,8.5434184442636,TRUE
3311,3311,657,1,8.525649,8.52564938728719,8.52564938728719,TRUE
3317,3317,657,1,8.525649,8.52564938728719,8.52564938728719,TRUE
3313,3318,657,1,8.744252,8.74425260669281,8.74425260669281,TRUE
3319,3314,657,1,8.613906,8.61390592029916,8.61390592029916,TRUE
3323,3312,657,1,8.744252,8.74425260669281,8.74425260669281,TRUE
3321,3310,657,1,9.044342,9.04434226973814,9.04434226973814,TRUE
3310,3315,657,1,8.973855,8.97385479370257,8.97385479370257,FALSE
3315,3319,657,1,9.514612,9.5146123294809,8.26122964156957,FALSE
3314,3324,657,1,8.744252,8.74425260669281,8.74425260669281,TRUE
3318,3322,657,1,8.673765,8.67376513065725,8.67376513065725,TRUE
3320,3321,657,1,8.673765,8.67376513065725,8.67376513065725,TRUE
3324,3320,657,1,8.744252,8.74425260669281,8.74425260669281,TRUE
3322,3323,657,1,8.744252,8.74425260669281,8.74425260669281,TRUE
3326,3331,658,1,8.673765,8.67376513065725,8.67376513065725,TRUE
3331,3326,658,1,8.099738,8.09973772750253,8.09973772750253,TRUE
3327,3327,658,1,8.744252,8.74425260669281,8.74425260669281,TRUE
3328,3329,658,1,8.744252,8.74425260669281,8.74425260669281,TRUE
3329,3330,658,1,8.099738,8.09973772750253,8.09973772750253,TRUE
3333,3332,658,1,8.099738,8.09973772750253,8.09973772750253,TRUE
3325,3325,658,1,8.744252,8.74425260669281,8.74425260669281,TRUE
3332,3328,658,1,8.673765,8.67376513065725,8.67376513065725,TRUE
3335,3335,658,1,8.673765,8.67376513065725,8.67376513065725,TRUE
3330,3336,658,1,8.099738,8.09973772750253,8.09973772750253,TRUE
3336,3334,658,1,8.099738,8.09973772750253,8.09973772750253,TRUE
3334,3333,658,1,8.673765,8.67376513065725,8.67376513065725,TRUE
3348,3338,661,1,9.634239,9.63423925419815,9.63423925419815,TRUE
3340,3340,661,1,8.673765,8.67376513065725,8.67376513065725,TRUE
3341,3339,661,1,8.673765,8.67376513065725,8.67376513065725,TRUE
3344,3345,661,1,8.543419,8.5434184442636,8.5434184442636,TRUE
3338,3341,661,1,8.673765,8.67376513065725,8.67376513065725,TRUE
3347,3342,661,1,8.673765,8.67376513065725,8.67376513065725,TRUE
3342,3337,661,1,8.673765,8.67376513065725,8.67376513065725,TRUE
3343,3344,661,1,7.909623,7.90962332674972,7.90962332674972,TRUE
3346,3343,661,1,8.673765,8.67376513065725,8.67376513065725,TRUE
3339,3346,661,1,8.744252,8.74425260669281,8.74425260669281,TRUE
3337,3347,661,1,8.613906,8.61390592029916,8.61390592029916,TRUE
3345,3348,661,1,8.612476,8.61247655342625,8.61247655342625,TRUE
3360,3350,665,1,9.174689,9.17468895613178,9.17468895613178,TRUE
3361,3351,665,1,8.673765,8.67376513065725,8.67376513065725,TRUE
3357,3356,665,1,7.95042,7.95042021684785,7.95042021684785,TRUE
3354,3354,665,1,8.525649,8.52564938728719,8.52564938728719,TRUE
3351,3353,665,1,9.104201,9.10420148009622,9.10420148009622,TRUE
3363,3358,665,1,8.673765,8.67376513065725,8.67376513065725,TRUE
3359,3355,665,1,8.525649,8.52564938728719,8.52564938728719,TRUE
3362,3352,665,1,9.104201,9.10420148009622,9.10420148009622,TRUE
3352,3357,665,1,7.95042,7.95042021684785,7.95042021684785,TRUE
3353,3349,665,1,8.744252,8.74425260669281,8.74425260669281,TRUE
3356,3363,665,1,8.744252,8.74425260669281,8.74425260669281,TRUE
3349,3360,665,1,7.95042,7.95042021684785,7.95042021684785,TRUE
3355,3361,665,1,8.744252,8.74425260669281,8.74425260669281,TRUE
3358,3362,665,1,8.525649,8.52564938728719,8.52564938728719,TRUE
3350,3359,665,1,8.612476,8.61247655342625,8.61247655342625,TRUE
3367,3365,669,1,8.099738,8.09973772750253,8.09973772750253,TRUE
3372,3368,669,1,8.673765,8.67376513065725,8.67376513065725,TRUE
3369,3367,669,1,8.099738,8.09973772750253,8.09973772750253,TRUE
3374,3373,669,1,8.099738,8.09973772750253,8.09973772750253,TRUE
3366,3369,669,2,8.099738,8.09973772750253,8.09973772750253,TRUE
3378,3370,669,2,8.099738,8.09973772750253,8.09973772750253,TRUE
3364,3374,669,1,8.673765,8.67376513065725,8.67376513065725,TRUE
3375,3372,669,1,8.099738,8.09973772750253,8.09973772750253,TRUE
3368,3366,669,1,8.673765,8.67376513065725,8.67376513065725,TRUE
3379,3364,669,1,8.099738,8.09973772750253,8.09973772750253,TRUE
3376,3371,669,1,8.673765,8.67376513065725,8.67376513065725,TRUE
3377,3376,669,1,8.673765,8.67376513065725,8.67376513065725,TRUE
3370,3377,669,1,8.673765,8.67376513065725,8.67376513065725,TRUE
3371,3378,669,1,8.099738,8.09973772750253,8.09973772750253,TRUE
3373,3379,669,1,9.174689,9.17468895613178,9.17468895613178,TRUE
3365,3375,669,1,9.104201,9.10420148009622,9.10420148009622,TRUE
3394,3389,671,1,8.673765,8.67376513065725,8.67376513065725,TRUE
3386,3380,671,1,8.543419,8.5434184442636,8.5434184442636,TRUE
3383,3383,671,1,8.530174,8.5301740769415,8.5301740769415,TRUE
3380,3384,671,1,8.673765,8.67376513065725,8.67376513065725,TRUE
3392,3385,671,1,8.673765,8.67376513065725,8.67376513065725,TRUE
3382,3381,671,1,8.673765,8.67376513065725,8.67376513065725,TRUE
3389,3387,671,1,8.543419,8.5434184442636,8.5434184442636,TRUE
3381,3382,671,1,8.099738,8.09973772750253,8.09973772750253,TRUE
3391,3386,671,1,8.744252,8.74425260669281,8.74425260669281,TRUE
3387,3388,671,1,8.673765,8.67376513065725,8.67376513065725,TRUE
3385,3392,671,1,8.673765,8.67376513065725,8.67376513065725,TRUE
3384,3393,671,1,8.673765,8.67376513065725,8.67376513065725,TRUE
3393,3394,671,1,8.673765,8.67376513065725,8.67376513065725,TRUE
3390,3391,671,1,8.525649,8.52564938728719,8.52564938728719,TRUE
3388,3390,671,1,8.525649,8.52564938728719,8.52564938728719,TRUE
3395,3400,677,1,8.673765,8.67376513065725,8.67376513065725,TRUE
3402,3402,677,1,8.673765,8.67376513065725,8.67376513065725,TRUE
3404,3396,677,1,8.673765,8.67376513065725,8.67376513065725,TRUE
3403,3401,677,1,8.673765,8.67376513065725,8.67376513065725,TRUE
3406,3397,677,1,8.673765,8.67376513065725,8.67376513065725,TRUE
3396,3395,677,1,8.673765,8.67376513065725,8.67376513065725,TRUE
3397,3398,677,1,8.099738,8.09973772750253,8.09973772750253,TRUE
3401,3399,677,1,8.099738,8.09973772750253,8.09973772750253,TRUE
3399,3404,677,1,8.543419,8.5434184442636,8.5434184442636,TRUE
3400,3403,677,1,8.673765,8.67376513065725,8.67376513065725,TRUE
3398,3405,677,1,8.744252,8.74425260669281,8.74425260669281,TRUE
3405,3406,677,1,8.673765,8.67376513065725,8.67376513065725,TRUE
3412,3411,679,1,8.099738,8.09973772750253,8.09973772750253,TRUE
3413,3412,679,1,8.744252,8.74425260669281,8.74425260669281,TRUE
3410,3407,679,1,8.744252,8.74425260669281,8.74425260669281,TRUE
3416,3408,679,1,8.099738,8.09973772750253,8.09973772750253,TRUE
3409,3414,679,1,8.099738,8.09973772750253,8.09973772750253,TRUE
3414,3410,679,1,8.673765,8.67376513065725,8.67376513065725,TRUE
3417,3413,679,1,8.099738,8.09973772750253,8.09973772750253,TRUE
3408,3409,679,1,8.673765,8.67376513065725,8.67376513065725,TRUE
3418,3416,679,1,8.099738,8.09973772750253,8.09973772750253,TRUE
3421,3415,679,1,8.099738,8.09973772750253,8.09973772750253,TRUE
3419,3419,679,1,8.099738,8.09973772750253,8.09973772750253,TRUE
3415,3421,679,1,8.099738,8.09973772750253,8.09973772750253,TRUE
3411,3418,679,1,8.744252,8.74425260669281,8.74425260669281,TRUE
3407,3420,679,1,8.099738,8.09973772750253,8.09973772750253,TRUE
3420,3417,679,1,8.612476,8.61247655342625,8.61247655342625,TRUE
3426,3425,686,1,9.508165,9.50816540768905,9.50816540768905,TRUE
3432,3423,686,1,8.613906,8.61390592029916,8.61390592029916,TRUE
3423,3428,686,1,9.289562,9.28956218828344,9.28956218828344,TRUE
3433,3429,686,1,9.378371,9.37837082334091,9.37837082334091,TRUE
3427,3427,686,1,8.543419,8.5434184442636,8.5434184442636,TRUE
3430,3426,686,1,9.044342,9.04434226973814,9.04434226973814,TRUE
3435,3424,686,1,8.525649,8.52564938728719,8.52564938728719,TRUE
3425,3431,686,1,8.612476,8.61247655342625,8.61247655342625,TRUE
3436,3430,686,1,8.613906,8.61390592029916,8.61390592029916,TRUE
3422,3422,686,1,8.543419,8.5434184442636,8.5434184442636,TRUE
3434,3433,686,1,8.525649,8.52564938728719,8.52564938728719,TRUE
3429,3434,686,1,8.825739,8.82573905033252,8.82573905033252,TRUE
3428,3436,686,1,9.044342,9.04434226973814,9.04434226973814,TRUE
3424,3432,686,1,8.543419,8.5434184442636,8.5434184442636,TRUE
3431,3435,686,1,9.136614,9.13661410838649,9.13661410838649,TRUE
3441,3443,688,1,9.203803,9.20380290475918,7.95042021684785,FALSE
3449,3441,688,1,8.612476,8.61247655342625,8.61247655342625,TRUE
3444,3440,688,1,8.543419,8.5434184442636,8.5434184442636,TRUE
3438,3446,688,1,8.673765,8.67376513065725,8.67376513065725,TRUE
3440,3442,688,1,9.203803,9.20380290475918,7.95042021684785,FALSE
3450,3444,688,1,7.95042,7.95042021684785,7.95042021684785,TRUE
3437,3437,688,1,7.95042,7.95042021684785,7.95042021684785,TRUE
3442,3438,688,1,7.95042,7.95042021684785,7.95042021684785,TRUE
3439,3445,688,1,7.95042,7.95042021684785,7.95042021684785,TRUE
3447,3439,688,1,7.95042,7.95042021684785,7.95042021684785,TRUE
3446,3451,688,1,8.673765,8.67376513065725,8.67376513065725,TRUE
3448,3450,688,1,8.673765,8.67376513065725,8.67376513065725,TRUE
3443,3448,688,1,8.673765,8.67376513065725,8.67376513065725,TRUE
3445,3447,688,1,7.95042,7.95042021684785,7.95042021684785,TRUE
3451,3449,688,1,8.612476,8.61247655342625,8.61247655342625,TRUE
651,652,69,1,8.612476,8.61247655342625,8.61247655342625,TRUE
653,654,69,1,8.744252,8.74425260669281,8.74425260669281,TRUE
648,651,69,1,9.968267,9.96826780780093,9.96826780780093,TRUE
654,649,69,1,8.863879,8.86387953141006,8.86387953141006,TRUE
652,650,69,1,8.099738,8.09973772750253,8.09973772750253,TRUE
649,655,69,1,8.673765,8.67376513065725,8.67376513065725,TRUE
661,647,69,1,8.673765,8.67376513065725,8.67376513065725,TRUE
657,648,69,1,8.525649,8.52564938728719,8.52564938728719,TRUE
659,653,69,1,8.673765,8.67376513065725,8.67376513065725,TRUE
660,656,69,1,8.543419,8.5434184442636,8.5434184442636,TRUE
650,660,69,1,8.673765,8.67376513065725,8.67376513065725,TRUE
658,659,69,1,8.673765,8.67376513065725,8.67376513065725,TRUE
647,657,69,1,8.673765,8.67376513065725,8.67376513065725,TRUE
656,658,69,1,8.543419,8.5434184442636,8.5434184442636,TRUE
655,661,69,1,8.525649,8.52564938728719,8.52564938728719,TRUE
3464,3453,691,1,8.543419,8.5434184442636,8.5434184442636,TRUE
3466,3457,691,1,8.543419,8.5434184442636,8.5434184442636,TRUE
3465,3452,691,1,8.543419,8.5434184442636,8.5434184442636,TRUE
3458,3461,691,1,9.104201,9.10420148009622,9.10420148009622,TRUE
3463,3455,691,1,8.744252,8.74425260669281,8.74425260669281,TRUE
3455,3459,691,1,8.613906,8.61390592029916,8.61390592029916,TRUE
3454,3454,691,1,8.673765,8.67376513065725,8.67376513065725,TRUE
3459,3456,691,1,8.525649,8.52564938728719,8.52564938728719,TRUE
3456,3458,691,1,9.174689,9.17468895613178,9.17468895613178,TRUE
3461,3460,691,1,9.013898,9.01389741842653,9.01389741842653,TRUE
3452,3466,691,1,8.744252,8.74425260669281,8.74425260669281,TRUE
3460,3462,691,1,8.973855,8.97385479370257,8.97385479370257,TRUE
3457,3463,691,1,8.543419,8.5434184442636,8.5434184442636,TRUE
3462,3464,691,1,8.673765,8.67376513065725,8.67376513065725,TRUE
3453,3465,691,1,8.744252,8.74425260669281,8.74425260669281,TRUE
3476,3472,696,1,8.744252,8.74425260669281,8.74425260669281,TRUE
3478,3467,696,1,8.973855,8.97385479370257,8.97385479370257,TRUE
3468,3476,696,1,8.613906,8.61390592029916,8.61390592029916,TRUE
3481,3471,696,1,8.973855,8.97385479370257,8.97385479370257,TRUE
3480,3470,696,1,8.525649,8.52564938728719,8.52564938728719,TRUE
3471,3473,696,1,9.174689,9.17468895613178,9.17468895613178,TRUE
3475,3468,696,1,8.673765,8.67376513065725,8.67376513065725,TRUE
3477,3475,696,1,8.673765,8.67376513065725,8.67376513065725,TRUE
3473,3469,696,1,8.525649,8.52564938728719,8.52564938728719,TRUE
3474,3474,696,1,8.525649,8.52564938728719,8.52564938728719,TRUE
3472,3478,696,1,8.973855,8.97385479370257,8.97385479370257,TRUE
3470,3480,696,1,8.673765,8.67376513065725,8.67376513065725,TRUE
3467,3481,696,1,8.543419,8.5434184442636,8.5434184442636,TRUE
3469,3479,696,1,7.760306,7.76030581609504,7.76030581609504,TRUE
3479,3477,696,1,8.099738,8.09973772750253,8.09973772750253,TRUE
3490,3487,699,1,8.543419,8.5434184442636,8.5434184442636,TRUE
3488,3488,699,1,8.956086,8.95608573672616,8.95608573672616,TRUE
3494,3484,699,1,8.525649,8.52564938728719,8.52564938728719,TRUE
3489,3489,699,1,8.673765,8.67376513065725,8.67376513065725,TRUE
3496,3490,699,1,8.673765,8.67376513065725,8.67376513065725,TRUE
3487,3483,699,1,7.980111,7.98011080278528,7.98011080278528,TRUE
3482,3482,699,1,8.973855,8.97385479370257,8.97385479370257,TRUE
3486,3485,699,1,8.525649,8.52564938728719,8.52564938728719,TRUE
3485,3486,699,1,8.543419,8.5434184442636,8.5434184442636,TRUE
3495,3491,699,1,8.673765,8.67376513065725,8.67376513065725,TRUE
3493,3496,699,1,8.525649,8.52564938728719,8.52564938728719,TRUE
3484,3495,699,1,8.673765,8.67376513065725,8.67376513065725,TRUE
3491,3492,699,1,9.508165,9.50816540768905,9.50816540768905,TRUE
3492,3494,699,1,9.044342,9.04434226973814,9.04434226973814,TRUE
3483,3493,699,1,8.673765,8.67376513065725,8.67376513065725,TRUE
3498,3501,701,1,8.673765,8.67376513065725,8.67376513065725,TRUE
3510,3505,701,1,8.673765,8.67376513065725,8.67376513065725,TRUE
3503,3500,701,1,8.673765,8.67376513065725,8.67376513065725,TRUE
3509,3506,701,1,7.95042,7.95042021684785,7.95042021684785,TRUE
3507,3503,701,1,8.744252,8.74425260669281,8.74425260669281,TRUE
3500,3499,701,1,8.744252,8.74425260669281,8.74425260669281,TRUE
3506,3497,701,1,7.95042,7.95042021684785,7.95042021684785,TRUE
3508,3498,701,1,8.543419,8.5434184442636,8.5434184442636,TRUE
3505,3502,701,1,8.673765,8.67376513065725,8.67376513065725,TRUE
3504,3504,701,1,8.673765,8.67376513065725,8.67376513065725,TRUE
3497,3508,701,1,9.043353,9.04335329125035,9.04335329125035,TRUE
3499,3507,701,1,8.673765,8.67376513065725,8.67376513065725,TRUE
3501,3509,701,1,8.543419,8.5434184442636,8.5434184442636,TRUE
3502,3510,701,1,8.673765,8.67376513065725,8.67376513065725,TRUE
3522,3516,706,1,9.634239,9.63423925419815,9.63423925419815,TRUE
3514,3520,706,1,8.543419,8.5434184442636,8.5434184442636,TRUE
3512,3519,706,1,8.865573,8.86557276063631,8.86557276063631,TRUE
3520,3517,706,1,9.104201,9.10420148009622,9.10420148009622,TRUE
3525,3513,706,1,8.612476,8.61247655342625,8.61247655342625,TRUE
3517,3518,706,1,8.099738,8.09973772750253,8.09973772750253,TRUE
3511,3511,706,1,8.673765,8.67376513065725,8.67376513065725,TRUE
3516,3512,706,1,8.673765,8.67376513065725,8.67376513065725,TRUE
3518,3514,706,1,8.673765,8.67376513065725,8.67376513065725,TRUE
3515,3515,706,1,8.744252,8.74425260669281,8.74425260669281,TRUE
3513,3521,706,1,9.203803,9.20380290475918,7.95042021684785,FALSE
3523,3525,706,1,8.266818,8.26681840216466,8.26681840216466,TRUE
3519,3524,706,1,8.744252,8.74425260669281,8.74425260669281,TRUE
3521,3522,706,1,8.543419,8.5434184442636,8.5434184442636,TRUE
3524,3523,706,1,9.203803,9.20380290475918,7.95042021684785,FALSE
3533,3531,708,1,8.673765,8.67376513065725,8.67376513065725,TRUE
3535,3528,708,1,8.525649,8.52564938728719,8.52564938728719,TRUE
3526,3532,708,1,8.099738,8.09973772750253,8.09973772750253,TRUE
3537,3527,708,1,9.32894,9.32894028081768,8.07555759290635,FALSE
3527,3535,708,1,8.744252,8.74425260669281,8.74425260669281,TRUE
3530,3534,708,1,8.612476,8.61247655342625,8.61247655342625,TRUE
3528,3526,708,1,8.673765,8.67376513065725,8.67376513065725,TRUE
3539,3530,708,1,9.104201,9.10420148009622,9.10420148009622,TRUE
3538,3529,708,1,9.203803,9.20380290475918,7.95042021684785,FALSE
3540,3533,708,1,7.95042,7.95042021684785,7.95042021684785,TRUE
3532,3539,708,1,8.525649,8.52564938728719,8.52564938728719,TRUE
3534,3538,708,1,8.612476,8.61247655342625,8.61247655342625,TRUE
3531,3536,708,1,7.95042,7.95042021684785,7.95042021684785,TRUE
3529,3537,708,1,8.612476,8.61247655342625,8.61247655342625,TRUE
3536,3540,708,1,8.525649,8.52564938728719,8.52564938728719,TRUE
3555,3545,709,1,8.543419,8.5434184442636,8.5434184442636,TRUE
3548,3544,709,1,8.973855,8.97385479370257,8.97385479370257,TRUE
3551,3550,709,1,8.543419,8.5434184442636,8.5434184442636,TRUE
3550,3543,709,1,8.673765,8.67376513065725,8.67376513065725,TRUE
3554,3541,709,1,8.673765,8.67376513065725,8.67376513065725,TRUE
3545,3546,709,1,8.673765,8.67376513065725,8.67376513065725,TRUE
3542,3549,709,1,8.612476,8.61247655342625,8.61247655342625,TRUE
3552,3548,709,1,8.525649,8.52564938728719,8.52564938728719,TRUE
3544,3542,709,1,8.673765,8.67376513065725,8.67376513065725,TRUE
3547,3547,709,1,8.673765,8.67376513065725,8.67376513065725,TRUE
3541,3553,709,1,8.673765,8.67376513065725,8.67376513065725,TRUE
3546,3554,709,1,8.543419,8.5434184442636,8.5434184442636,TRUE
3553,3551,709,1,8.673765,8.67376513065725,8.67376513065725,TRUE
3543,3552,709,1,8.543419,8.5434184442636,8.5434184442636,TRUE
3549,3555,709,1,8.673765,8.67376513065725,8.67376513065725,TRUE
3570,3564,715,1,8.673765,8.67376513065725,8.67376513065725,TRUE
3560,3558,715,1,8.673765,8.67376513065725,8.67376513065725,TRUE
3568,3563,715,1,8.673765,8.67376513065725,8.67376513065725,TRUE
3559,3557,715,1,8.543419,8.5434184442636,8.5434184442636,TRUE
3558,3560,715,1,8.673765,8.67376513065725,8.67376513065725,TRUE
3567,3559,715,1,9.508165,9.50816540768905,9.50816540768905,TRUE
3562,3562,715,1,8.673765,8.67376513065725,8.67376513065725,TRUE
3564,3556,715,1,9.044342,9.04434226973814,9.04434226973814,TRUE
3556,3565,715,1,8.543419,8.5434184442636,8.5434184442636,TRUE
3569,3561,715,1,9.044342,9.04434226973814,9.04434226973814,TRUE
3563,3568,715,1,8.612476,8.61247655342625,8.61247655342625,TRUE
3565,3570,715,1,8.673765,8.67376513065725,8.67376513065725,TRUE
3566,3566,715,1,8.525649,8.52564938728719,8.52564938728719,TRUE
3557,3569,715,1,8.673765,8.67376513065725,8.67376513065725,TRUE
3561,3567,715,1,8.525649,8.52564938728719,8.52564938728719,TRUE
3576,3580,716,1,8.525649,8.52564938728719,8.52564938728719,TRUE
3578,3578,716,1,8.673765,8.67376513065725,8.67376513065725,TRUE
3573,3575,716,1,8.673765,8.67376513065725,8.67376513065725,TRUE
3583,3572,716,1,8.673765,8.67376513065725,8.67376513065725,TRUE
3574,3576,716,1,8.525649,8.52564938728719,8.52564938728719,TRUE
3582,3577,716,1,8.099738,8.09973772750253,8.09973772750253,TRUE
3585,3579,716,1,8.099738,8.09973772750253,8.09973772750253,TRUE
3575,3574,716,1,8.266818,8.26681840216466,8.26681840216466,TRUE
3581,3571,716,1,8.099738,8.09973772750253,8.09973772750253,TRUE
3571,3573,716,1,8.099738,8.09973772750253,8.09973772750253,TRUE
3584,3585,716,1,8.744252,8.74425260669281,8.74425260669281,TRUE
3577,3582,716,1,8.099738,8.09973772750253,8.09973772750253,TRUE
3580,3581,716,1,8.099738,8.09973772750253,8.09973772750253,TRUE
3572,3584,716,1,8.099738,8.09973772750253,8.09973772750253,TRUE
3579,3583,716,1,8.099738,8.09973772750253,8.09973772750253,TRUE
3592,3586,717,1,9.044342,9.04434226973814,9.04434226973814,TRUE
3596,3589,717,1,8.673765,8.67376513065725,8.67376513065725,TRUE
3598,3590,717,1,8.973855,8.97385479370257,8.97385479370257,TRUE
3599,3594,717,1,8.543419,8.5434184442636,8.5434184442636,TRUE
3587,3591,717,1,8.744252,8.74425260669281,8.74425260669281,TRUE
3586,3595,717,1,8.973855,8.97385479370257,8.97385479370257,TRUE
3589,3592,717,1,8.266818,8.26681840216466,8.26681840216466,TRUE
3588,3593,717,1,8.991449,8.9914496952673,8.9914496952673,TRUE
3594,3587,717,1,8.956086,8.95608573672616,8.95608573672616,TRUE
3591,3588,717,1,8.543419,8.5434184442636,8.5434184442636,TRUE
3595,3600,717,1,8.973855,8.97385479370257,8.97385479370257,TRUE
3600,3597,717,1,8.973855,8.97385479370257,8.97385479370257,TRUE
3593,3598,717,1,9.104201,9.10420148009622,9.10420148009622,TRUE
3590,3596,717,1,9.174689,9.17468895613178,9.17468895613178,TRUE
3597,3599,717,1,8.973855,8.97385479370257,8.97385479370257,TRUE
3602,3609,720,1,8.673765,8.67376513065725,8.67376513065725,TRUE
3610,3604,720,1,8.744252,8.74425260669281,8.74425260669281,TRUE
3609,3601,720,1,8.673765,8.67376513065725,8.67376513065725,TRUE
3611,3606,720,1,8.099738,8.09973772750253,8.09973772750253,TRUE
3603,3605,720,1,8.099738,8.09973772750253,8.09973772750253,TRUE
3614,3603,720,1,8.673765,8.67376513065725,8.67376513065725,TRUE
3615,3610,720,1,8.525649,8.52564938728719,8.52564938728719,TRUE
3606,3607,720,1,8.099738,8.09973772750253,8.09973772750253,TRUE
3612,3602,720,1,8.744252,8.74425260669281,8.74425260669281,TRUE
3605,3608,720,1,8.744252,8.74425260669281,8.74425260669281,TRUE
3613,3613,720,1,9.104201,9.10420148009622,9.10420148009622,TRUE
3608,3612,720,1,8.099738,8.09973772750253,8.09973772750253,TRUE
3607,3611,720,1,8.525649,8.52564938728719,8.52564938728719,TRUE
3601,3615,720,1,8.099738,8.09973772750253,8.09973772750253,TRUE
3604,3614,720,1,8.543419,8.5434184442636,8.5434184442636,TRUE
3627,3617,723,1,8.543419,8.5434184442636,8.5434184442636,TRUE
3617,3619,723,1,9.508165,9.50816540768905,9.50816540768905,TRUE
3623,3624,723,1,8.673765,8.67376513065725,8.67376513065725,TRUE
3630,3623,723,1,8.744252,8.74425260669281,8.74425260669281,TRUE
3625,3616,723,1,8.744252,8.74425260669281,8.74425260669281,TRUE
3620,3620,723,1,7.95042,7.95042021684785,7.95042021684785,TRUE
3621,3618,723,1,8.525649,8.52564938728719,8.52564938728719,TRUE
3618,3625,723,1,8.612476,8.61247655342625,8.61247655342625,TRUE
3624,3622,723,1,8.543419,8.5434184442636,8.5434184442636,TRUE
3629,3621,723,1,8.099738,8.09973772750253,8.09973772750253,TRUE
3628,3627,723,1,8.744252,8.74425260669281,8.74425260669281,TRUE
3622,3629,723,1,8.543419,8.5434184442636,8.5434184442636,TRUE
3616,3628,723,1,8.543419,8.5434184442636,8.5434184442636,TRUE
3619,3630,723,1,8.543419,8.5434184442636,8.5434184442636,TRUE
3626,3626,723,1,8.744252,8.74425260669281,8.74425260669281,TRUE
3640,3637,725,1,8.673765,8.67376513065725,8.67376513065725,TRUE
3633,3639,725,1,8.744252,8.74425260669281,8.74425260669281,TRUE
3643,3632,725,1,8.956086,8.95608573672616,8.95608573672616,TRUE
3642,3633,725,1,8.099738,8.09973772750253,8.09973772750253,TRUE
3644,3636,725,1,8.099738,8.09973772750253,8.09973772750253,TRUE
3638,3635,725,1,8.744252,8.74425260669281,8.74425260669281,TRUE
3635,3640,725,1,8.673765,8.67376513065725,8.67376513065725,TRUE
3631,3631,725,1,8.612476,8.61247655342625,8.61247655342625,TRUE
3645,3634,725,1,8.099738,8.09973772750253,8.09973772750253,TRUE
3632,3638,725,1,8.525649,8.52564938728719,8.52564938728719,TRUE
3641,3645,725,1,8.673765,8.67376513065725,8.67376513065725,TRUE
3637,3642,725,1,8.099738,8.09973772750253,8.09973772750253,TRUE
3639,3641,725,1,8.525649,8.52564938728719,8.52564938728719,TRUE
3634,3643,725,1,8.673765,8.67376513065725,8.67376513065725,TRUE
3636,3644,725,1,8.744252,8.74425260669281,8.74425260669281,TRUE
665,665,73,1,8.983494,8.98349408089227,8.98349408089227,TRUE
673,671,73,1,7.909623,7.90962332674972,7.90962332674972,TRUE
669,664,73,1,9.437678,9.43767793165349,9.43767793165349,TRUE
672,670,73,1,8.744252,8.74425260669281,8.74425260669281,TRUE
663,663,73,1,8.673765,8.67376513065725,8.67376513065725,TRUE
667,669,73,1,8.673765,8.67376513065725,8.67376513065725,TRUE
676,668,73,1,9.355217,9.35521732779211,9.35521732779211,TRUE
674,667,73,1,8.673765,8.67376513065725,8.67376513065725,TRUE
668,662,73,1,9.174689,9.17468895613178,9.17468895613178,TRUE
664,666,73,1,8.744252,8.74425260669281,8.74425260669281,TRUE
671,676,73,1,8.525649,8.52564938728719,8.52564938728719,TRUE
666,672,73,1,8.673765,8.67376513065725,8.67376513065725,TRUE
662,674,73,1,8.543419,8.5434184442636,8.5434184442636,TRUE
675,673,73,1,8.673765,8.67376513065725,8.67376513065725,TRUE
670,675,73,1,8.543419,8.5434184442636,8.5434184442636,TRUE
3660,3653,733,1,8.673765,8.67376513065725,8.67376513065725,TRUE
3653,3654,733,1,8.744252,8.74425260669281,8.74425260669281,TRUE
3656,3648,733,1,8.525649,8.52564938728719,8.52564938728719,TRUE
3646,3655,733,1,8.525649,8.52564938728719,8.52564938728719,TRUE
3655,3647,733,1,8.099738,8.09973772750253,8.09973772750253,TRUE
3649,3649,733,1,8.099738,8.09973772750253,8.09973772750253,TRUE
3648,3652,733,1,8.099738,8.09973772750253,8.09973772750253,TRUE
3659,3646,733,1,8.973855,8.97385479370257,8.97385479370257,TRUE
3647,3651,733,1,8.673765,8.67376513065725,8.67376513065725,TRUE
3657,3650,733,1,8.099738,8.09973772750253,8.09973772750253,TRUE
3651,3658,733,1,8.744252,8.74425260669281,8.74425260669281,TRUE
3650,3660,733,1,8.673765,8.67376513065725,8.67376513065725,TRUE
3658,3656,733,1,8.525649,8.52564938728719,8.52564938728719,TRUE
3652,3659,733,1,8.613906,8.61390592029916,8.61390592029916,TRUE
3654,3657,733,1,8.099738,8.09973772750253,8.09973772750253,TRUE
3674,3668,734,1,8.673765,8.67376513065725,8.67376513065725,TRUE
3662,3669,734,1,8.840846,8.84084580531938,8.84084580531938,TRUE
3673,3663,734,1,9.104201,9.10420148009622,9.10420148009622,TRUE
3665,3666,734,1,8.099738,8.09973772750253,8.09973772750253,TRUE
3669,3661,734,1,8.673765,8.67376513065725,8.67376513065725,TRUE
3663,3662,734,1,9.203803,9.20380290475918,7.95042021684785,FALSE
3666,3670,734,1,9.114422,9.11442204213085,9.11442204213085,TRUE
3671,3664,734,1,8.673765,8.67376513065725,8.67376513065725,TRUE
3661,3667,734,1,9.203803,9.20380290475918,7.95042021684785,FALSE
3664,3665,734,1,7.95042,7.95042021684785,7.95042021684785,TRUE
3667,3672,734,1,8.673765,8.67376513065725,8.67376513065725,TRUE
3675,3675,734,1,8.099738,8.09973772750253,8.09973772750253,TRUE
3668,3673,734,1,8.099738,8.09973772750253,8.09973772750253,TRUE
3672,3671,734,1,8.099738,8.09973772750253,8.09973772750253,TRUE
3670,3674,734,1,8.099738,8.09973772750253,8.09973772750253,TRUE
3682,3684,735,1,8.673765,8.67376513065725,8.67376513065725,TRUE
3686,3682,735,1,8.673765,8.67376513065725,8.67376513065725,TRUE
3690,3680,735,1,9.203803,9.20380290475918,7.95042021684785,FALSE
3689,3679,735,1,8.099738,8.09973772750253,8.09973772750253,TRUE
3685,3685,735,1,8.099738,8.09973772750253,8.09973772750253,TRUE
3681,3676,735,1,8.469326,8.46932588809564,8.46932588809564,TRUE
3677,3681,735,1,9.203803,9.20380290475918,7.95042021684785,FALSE
3684,3677,735,1,8.099738,8.09973772750253,8.09973772750253,TRUE
3680,3678,735,1,8.099738,8.09973772750253,8.09973772750253,TRUE
3678,3683,735,1,9.203803,9.20380290475918,7.95042021684785,FALSE
3676,3688,735,1,8.673765,8.67376513065725,8.67376513065725,TRUE
3683,3687,735,1,8.543419,8.5434184442636,8.5434184442636,TRUE
3687,3689,735,1,8.099738,8.09973772750253,8.09973772750253,TRUE
3688,3690,735,1,8.673765,8.67376513065725,8.67376513065725,TRUE
3679,3686,735,1,8.525649,8.52564938728719,8.52564938728719,TRUE
3696,3698,736,1,8.099738,8.09973772750253,8.09973772750253,TRUE
3703,3699,736,1,7.95042,7.95042021684785,7.95042021684785,TRUE
3691,3696,736,1,8.673765,8.67376513065725,8.67376513065725,TRUE
3695,3700,736,1,9.203803,9.20380290475918,7.95042021684785,FALSE
3698,3695,736,1,8.099738,8.09973772750253,8.09973772750253,TRUE
3694,3697,736,1,8.099738,8.09973772750253,8.09973772750253,TRUE
3699,3693,736,1,9.203803,9.20380290475918,7.95042021684785,FALSE
3692,3694,736,1,8.099738,8.09973772750253,8.09973772750253,TRUE
3700,3691,736,1,8.673765,8.67376513065725,8.67376513065725,TRUE
3693,3692,736,1,9.203803,9.20380290475918,7.95042021684785,FALSE
3697,3705,736,1,8.525649,8.52564938728719,8.52564938728719,TRUE
3705,3704,736,1,8.956086,8.95608573672616,8.95608573672616,TRUE
3701,3703,736,1,8.673765,8.67376513065725,8.67376513065725,TRUE
3704,3702,736,1,8.099738,8.09973772750253,8.09973772750253,TRUE
3702,3701,736,1,7.95042,7.95042021684785,7.95042021684785,TRUE
3715,3708,737,1,8.744252,8.74425260669281,8.74425260669281,TRUE
3718,3714,737,1,8.973855,8.97385479370257,8.97385479370257,TRUE
3716,3713,737,1,8.744252,8.74425260669281,8.74425260669281,TRUE
3706,3712,737,1,8.543419,8.5434184442636,8.5434184442636,TRUE
3707,3711,737,1,8.673765,8.67376513065725,8.67376513065725,TRUE
3713,3709,737,1,8.543419,8.5434184442636,8.5434184442636,TRUE
3719,3707,737,1,8.543419,8.5434184442636,8.5434184442636,TRUE
3712,3715,737,1,8.673765,8.67376513065725,8.67376513065725,TRUE
3711,3710,737,1,8.956086,8.95608573672616,8.95608573672616,TRUE
3720,3706,737,1,8.744252,8.74425260669281,8.74425260669281,TRUE
3717,3719,737,1,8.543419,8.5434184442636,8.5434184442636,TRUE
3709,3717,737,1,9.104201,9.10420148009622,9.10420148009622,TRUE
3714,3716,737,1,8.673765,8.67376513065725,8.67376513065725,TRUE
3708,3720,737,1,8.673765,8.67376513065725,8.67376513065725,TRUE
3710,3718,737,1,8.613906,8.61390592029916,8.61390592029916,TRUE
3723,3721,738,1,8.863879,8.86387953141006,8.86387953141006,TRUE
3724,3724,738,1,8.673765,8.67376513065725,8.67376513065725,TRUE
3734,3728,738,1,8.673765,8.67376513065725,8.67376513065725,TRUE
3722,3725,738,1,8.099738,8.09973772750253,8.09973772750253,TRUE
3730,3729,738,1,8.673765,8.67376513065725,8.67376513065725,TRUE
3735,3722,738,1,8.612476,8.61247655342625,8.61247655342625,TRUE
3725,3730,738,1,8.673765,8.67376513065725,8.67376513065725,TRUE
3731,3727,738,1,8.099738,8.09973772750253,8.09973772750253,TRUE
3733,3726,738,1,8.744252,8.74425260669281,8.74425260669281,TRUE
3727,3723,738,1,8.099738,8.09973772750253,8.09973772750253,TRUE
3726,3732,738,1,8.525649,8.52564938728719,8.52564938728719,TRUE
3728,3735,738,1,8.673765,8.67376513065725,8.67376513065725,TRUE
3729,3734,738,1,8.673765,8.67376513065725,8.67376513065725,TRUE
3732,3731,738,1,8.744252,8.74425260669281,8.74425260669281,TRUE
3721,3733,738,1,8.099738,8.09973772750253,8.09973772750253,TRUE
3736,3739,739,1,8.973855,8.97385479370257,8.97385479370257,TRUE
3740,3740,739,1,8.973855,8.97385479370257,8.97385479370257,TRUE
3745,3744,739,1,9.377819,9.37781872129541,9.37781872129541,TRUE
3739,3745,739,2,8.543419,8.5434184442636,8.5434184442636,TRUE
3743,3746,739,2,8.543419,8.5434184442636,8.5434184442636,TRUE
3738,3738,739,1,8.673765,8.67376513065725,8.67376513065725,TRUE
3742,3737,739,1,8.673765,8.67376513065725,8.67376513065725,TRUE
3744,3742,739,1,8.673765,8.67376513065725,8.67376513065725,TRUE
3737,3741,739,1,8.525649,8.52564938728719,8.52564938728719,TRUE
3746,3736,739,1,8.543419,8.5434184442636,8.5434184442636,TRUE
3741,3743,739,1,8.673765,8.67376513065725,8.67376513065725,TRUE
688,684,74,1,8.673765,8.67376513065725,8.67376513065725,TRUE
691,685,74,1,8.673765,8.67376513065725,8.67376513065725,TRUE
678,679,74,1,8.673765,8.67376513065725,8.67376513065725,TRUE
679,678,74,1,8.744252,8.74425260669281,8.74425260669281,TRUE
682,686,74,1,8.744252,8.74425260669281,8.74425260669281,TRUE
690,682,74,1,8.613906,8.61390592029916,8.61390592029916,TRUE
677,677,74,1,8.612476,8.61247655342625,8.61247655342625,TRUE
686,681,74,1,8.099738,8.09973772750253,8.09973772750253,TRUE
687,683,74,1,9.044342,9.04434226973814,9.04434226973814,TRUE
685,680,74,1,8.744252,8.74425260669281,8.74425260669281,TRUE
680,688,74,1,8.543419,8.5434184442636,8.5434184442636,TRUE
689,689,74,1,8.525649,8.52564938728719,8.52564938728719,TRUE
683,687,74,1,8.613906,8.61390592029916,8.61390592029916,TRUE
681,690,74,1,8.673765,8.67376513065725,8.67376513065725,TRUE
684,691,74,1,8.673765,8.67376513065725,8.67376513065725,TRUE
3755,3749,740,1,8.525649,8.52564938728719,8.52564938728719,TRUE
3758,3751,740,1,8.543419,8.5434184442636,8.5434184442636,TRUE
3750,3747,740,1,8.543419,8.5434184442636,8.5434184442636,TRUE
3762,3754,740,1,8.744252,8.74425260669281,8.74425260669281,TRUE
3753,3755,740,1,8.780987,8.78098659496129,8.78098659496129,TRUE
3756,3748,740,1,8.673765,8.67376513065725,8.67376513065725,TRUE
3759,3756,740,2,8.744252,8.74425260669281,8.74425260669281,TRUE
3760,3757,740,2,8.744252,8.74425260669281,8.74425260669281,TRUE
3757,3753,740,1,8.744252,8.74425260669281,8.74425260669281,TRUE
3761,3750,740,1,8.613906,8.61390592029916,8.61390592029916,TRUE
3747,3752,740,1,8.525649,8.52564938728719,8.52564938728719,TRUE
3752,3760,740,1,9.411034,9.41103389034181,9.41103389034181,TRUE
3754,3761,740,1,9.013688,9.01368850400637,9.01368850400637,TRUE
3749,3758,740,1,8.840846,8.84084580531938,8.84084580531938,TRUE
3748,3762,740,1,8.744252,8.74425260669281,8.74425260669281,TRUE
3751,3759,740,1,8.543419,8.5434184442636,8.5434184442636,TRUE
3773,3768,743,1,8.543419,8.5434184442636,8.5434184442636,TRUE
3772,3772,743,1,8.744252,8.74425260669281,8.74425260669281,TRUE
3771,3765,743,1,8.673765,8.67376513065725,8.67376513065725,TRUE
3769,3770,743,1,8.673765,8.67376513065725,8.67376513065725,TRUE
3764,3767,743,1,8.673765,8.67376513065725,8.67376513065725,TRUE
3775,3764,743,1,8.612476,8.61247655342625,8.61247655342625,TRUE
3776,3769,743,1,8.525649,8.52564938728719,8.52564938728719,TRUE
3774,3766,743,1,8.099738,8.09973772750253,8.09973772750253,TRUE
3768,3763,743,1,8.673765,8.67376513065725,8.67376513065725,TRUE
3763,3771,743,1,8.779557,8.77955722808838,8.77955722808838,TRUE
3767,3774,743,1,8.673765,8.67376513065725,8.67376513065725,TRUE
3777,3777,743,1,8.543419,8.5434184442636,8.5434184442636,TRUE
3765,3776,743,1,8.543419,8.5434184442636,8.5434184442636,TRUE
3766,3773,743,1,8.673765,8.67376513065725,8.67376513065725,TRUE
3770,3775,743,1,8.673765,8.67376513065725,8.67376513065725,TRUE
3790,3780,745,1,8.673765,8.67376513065725,8.67376513065725,TRUE
3789,3786,745,1,7.95042,7.95042021684785,7.95042021684785,TRUE
3784,3778,745,1,9.508165,9.50816540768905,9.50816540768905,TRUE
3786,3779,745,1,7.95042,7.95042021684785,7.95042021684785,TRUE
3781,3784,745,1,8.099738,8.09973772750253,8.09973772750253,TRUE
3788,3783,745,1,8.673765,8.67376513065725,8.67376513065725,TRUE
3785,3787,745,1,7.95042,7.95042021684785,7.95042021684785,TRUE
3782,3785,745,1,7.95042,7.95042021684785,7.95042021684785,TRUE
3779,3781,745,1,8.744252,8.74425260669281,8.74425260669281,TRUE
3787,3782,745,1,8.525649,8.52564938728719,8.52564938728719,TRUE
3792,3788,745,1,8.099738,8.09973772750253,8.09973772750253,TRUE
3791,3791,745,1,8.612476,8.61247655342625,8.61247655342625,TRUE
3778,3789,745,1,8.673765,8.67376513065725,8.67376513065725,TRUE
3780,3790,745,1,8.673765,8.67376513065725,8.67376513065725,TRUE
3783,3792,745,1,8.612476,8.61247655342625,8.61247655342625,TRUE
3794,3797,747,1,8.673765,8.67376513065725,8.67376513065725,TRUE
3805,3799,747,1,8.099738,8.09973772750253,8.09973772750253,TRUE
3803,3794,747,1,8.673765,8.67376513065725,8.67376513065725,TRUE
3797,3798,747,1,8.673765,8.67376513065725,8.67376513065725,TRUE
3801,3802,747,1,8.099738,8.09973772750253,8.09973772750253,TRUE
3800,3801,747,1,8.673765,8.67376513065725,8.67376513065725,TRUE
3796,3796,747,1,8.099738,8.09973772750253,8.09973772750253,TRUE
3802,3800,747,1,8.099738,8.09973772750253,8.09973772750253,TRUE
3807,3795,747,1,8.099738,8.09973772750253,8.09973772750253,TRUE
3795,3793,747,1,8.099738,8.09973772750253,8.09973772750253,TRUE
3798,3807,747,1,9.104201,9.10420148009622,9.10420148009622,TRUE
3804,3805,747,1,8.673765,8.67376513065725,8.67376513065725,TRUE
3806,3804,747,1,8.673765,8.67376513065725,8.67376513065725,TRUE
3799,3806,747,1,8.673765,8.67376513065725,8.67376513065725,TRUE
3793,3803,747,1,8.673765,8.67376513065725,8.67376513065725,TRUE
3810,3811,748,1,8.099738,8.09973772750253,8.09973772750253,TRUE
3811,3810,748,1,8.673765,8.67376513065725,8.67376513065725,TRUE
3808,3812,748,1,8.525649,8.52564938728719,8.52564938728719,TRUE
3812,3809,748,1,8.099738,8.09973772750253,8.09973772750253,TRUE
3809,3808,748,1,8.099738,8.09973772750253,8.09973772750253,TRUE
3826,3817,749,1,8.744252,8.74425260669281,8.74425260669281,TRUE
3824,3820,749,1,8.099738,8.09973772750253,8.09973772750253,TRUE
3815,3813,749,1,8.673765,8.67376513065725,8.67376513065725,TRUE
3814,3816,749,1,8.099738,8.09973772750253,8.09973772750253,TRUE
3820,3821,749,1,8.099738,8.09973772750253,8.09973772750253,TRUE
3813,3815,749,1,8.895238,8.8952375478803,8.8952375478803,TRUE
3816,3819,749,1,8.673765,8.67376513065725,8.67376513065725,TRUE
3817,3814,749,1,8.099738,8.09973772750253,8.09973772750253,TRUE
3822,3818,749,1,8.673765,8.67376513065725,8.67376513065725,TRUE
3823,3822,749,1,8.543419,8.5434184442636,8.5434184442636,TRUE
3821,3825,749,1,8.525649,8.52564938728719,8.52564938728719,TRUE
3825,3824,749,1,8.525649,8.52564938728719,8.52564938728719,TRUE
3818,3826,749,1,8.673765,8.67376513065725,8.67376513065725,TRUE
3827,3823,749,1,8.673765,8.67376513065725,8.67376513065725,TRUE
3819,3827,749,1,8.673765,8.67376513065725,8.67376513065725,TRUE
3833,3836,750,1,8.673765,8.67376513065725,8.67376513065725,TRUE
3837,3832,750,1,9.104201,9.10420148009622,9.10420148009622,TRUE
3829,3837,750,1,8.525649,8.52564938728719,8.52564938728719,TRUE
3831,3833,750,1,8.525649,8.52564938728719,8.52564938728719,TRUE
3841,3831,750,1,8.673765,8.67376513065725,8.67376513065725,TRUE
3830,3835,750,1,8.673765,8.67376513065725,8.67376513065725,TRUE
3838,3829,750,1,8.673765,8.67376513065725,8.67376513065725,TRUE
3836,3828,750,1,8.673765,8.67376513065725,8.67376513065725,TRUE
3828,3834,750,1,8.099738,8.09973772750253,8.09973772750253,TRUE
3834,3830,750,1,8.744252,8.74425260669281,8.74425260669281,TRUE
3842,3839,750,1,8.673765,8.67376513065725,8.67376513065725,TRUE
3839,3842,750,1,8.673765,8.67376513065725,8.67376513065725,TRUE
3832,3838,750,1,8.673765,8.67376513065725,8.67376513065725,TRUE
3835,3840,750,1,8.525649,8.52564938728719,8.52564938728719,TRUE
3840,3841,750,1,8.744252,8.74425260669281,8.74425260669281,TRUE
3848,3843,751,1,9.203803,9.20380290475918,7.95042021684785,FALSE
3846,3844,751,1,8.099738,8.09973772750253,8.09973772750253,TRUE
3849,3846,751,1,8.099738,8.09973772750253,8.09973772750253,TRUE
3845,3845,751,1,8.099738,8.09973772750253,8.09973772750253,TRUE
3850,3848,751,1,8.099738,8.09973772750253,8.09973772750253,TRUE
3851,3851,751,1,8.099738,8.09973772750253,8.09973772750253,TRUE
3847,3850,751,1,8.099738,8.09973772750253,8.09973772750253,TRUE
3843,3847,751,1,8.099738,8.09973772750253,8.09973772750253,TRUE
3844,3849,751,1,8.099738,8.09973772750253,8.09973772750253,TRUE
3855,3859,752,1,8.840846,8.84084580531938,8.84084580531938,TRUE
3859,3855,752,1,9.174689,9.17468895613178,9.17468895613178,TRUE
3862,3858,752,1,8.673765,8.67376513065725,8.67376513065725,TRUE
3863,3854,752,1,8.673765,8.67376513065725,8.67376513065725,TRUE
3860,3853,752,1,8.099738,8.09973772750253,8.09973772750253,TRUE
3858,3857,752,1,8.525649,8.52564938728719,8.52564938728719,TRUE
3856,3852,752,1,8.920962,8.92096221923174,8.92096221923174,TRUE
3857,3856,752,1,8.673765,8.67376513065725,8.67376513065725,TRUE
3852,3862,752,1,8.744252,8.74425260669281,8.74425260669281,TRUE
3854,3861,752,1,8.840846,8.84084580531938,8.84084580531938,TRUE
3853,3863,752,1,8.938239,8.93823889522954,8.93823889522954,TRUE
3861,3860,752,1,8.956086,8.95608573672616,8.95608573672616,TRUE
3864,3864,752,1,8.525649,8.52564938728719,8.52564938728719,TRUE
3875,3874,755,1,8.673765,8.67376513065725,8.67376513065725,TRUE
3869,3872,755,1,8.613906,8.61390592029916,8.61390592029916,TRUE
3865,3866,755,1,8.673765,8.67376513065725,8.67376513065725,TRUE
3873,3869,755,1,8.744252,8.74425260669281,8.74425260669281,TRUE
3874,3868,755,1,8.525649,8.52564938728719,8.52564938728719,TRUE
3876,3867,755,1,8.530174,8.5301740769415,8.5301740769415,TRUE
3868,3871,755,1,8.673765,8.67376513065725,8.67376513065725,TRUE
3867,3873,755,1,8.099738,8.09973772750253,8.09973772750253,TRUE
3878,3865,755,1,8.673765,8.67376513065725,8.67376513065725,TRUE
3879,3870,755,1,8.673765,8.67376513065725,8.67376513065725,TRUE
3877,3879,755,1,8.744252,8.74425260669281,8.74425260669281,TRUE
3870,3877,755,1,8.673765,8.67376513065725,8.67376513065725,TRUE
3872,3876,755,1,8.673765,8.67376513065725,8.67376513065725,TRUE
3866,3878,755,1,8.543419,8.5434184442636,8.5434184442636,TRUE
3871,3875,755,1,8.525649,8.52564938728719,8.52564938728719,TRUE
3888,3887,761,1,7.95042,7.95042021684785,7.95042021684785,TRUE
3892,3883,761,1,8.525649,8.52564938728719,8.52564938728719,TRUE
3883,3880,761,1,8.346935,8.34693481607702,8.34693481607702,TRUE
3881,3884,761,1,8.673765,8.67376513065725,8.67376513065725,TRUE
3885,3882,761,1,8.673765,8.67376513065725,8.67376513065725,TRUE
3884,3888,761,1,8.673765,8.67376513065725,8.67376513065725,TRUE
3893,3885,761,1,8.099738,8.09973772750253,8.09973772750253,TRUE
3880,3889,761,1,8.543419,8.5434184442636,8.5434184442636,TRUE
3890,3881,761,1,8.673765,8.67376513065725,8.67376513065725,TRUE
3886,3886,761,1,8.099738,8.09973772750253,8.09973772750253,TRUE
3889,3893,761,1,8.744252,8.74425260669281,8.74425260669281,TRUE
3882,3891,761,1,8.673765,8.67376513065725,8.67376513065725,TRUE
3894,3892,761,1,8.744252,8.74425260669281,8.74425260669281,TRUE
3891,3894,761,1,8.673765,8.67376513065725,8.67376513065725,TRUE
3887,3890,761,1,8.525649,8.52564938728719,8.52564938728719,TRUE
3903,3903,763,1,8.525649,8.52564938728719,8.52564938728719,TRUE
3900,3900,763,1,8.525649,8.52564938728719,8.52564938728719,TRUE
3896,3897,763,1,8.673765,8.67376513065725,8.67376513065725,TRUE
3898,3895,763,1,8.525649,8.52564938728719,8.52564938728719,TRUE
3897,3904,763,1,8.744252,8.74425260669281,8.74425260669281,TRUE
3904,3896,763,1,8.673765,8.67376513065725,8.67376513065725,TRUE
3902,3902,763,1,8.744252,8.74425260669281,8.74425260669281,TRUE
3906,3898,763,1,8.744252,8.74425260669281,8.74425260669281,TRUE
3899,3899,763,1,8.673765,8.67376513065725,8.67376513065725,TRUE
3905,3901,763,1,8.673765,8.67376513065725,8.67376513065725,TRUE
3895,3909,763,1,8.525649,8.52564938728719,8.52564938728719,TRUE
3901,3908,763,1,8.673765,8.67376513065725,8.67376513065725,TRUE
3909,3906,763,1,8.673765,8.67376513065725,8.67376513065725,TRUE
3907,3907,763,1,8.744252,8.74425260669281,8.74425260669281,TRUE
3908,3905,763,1,8.673765,8.67376513065725,8.67376513065725,TRUE
3910,3913,771,1,8.673765,8.67376513065725,8.67376513065725,TRUE
3919,3912,771,1,8.525649,8.52564938728719,8.52564938728719,TRUE
3913,3914,771,1,8.525649,8.52564938728719,8.52564938728719,TRUE
3911,3910,771,1,8.612476,8.61247655342625,8.61247655342625,TRUE
3916,3911,771,1,8.673765,8.67376513065725,8.67376513065725,TRUE
3917,3918,771,1,8.973855,8.97385479370257,8.97385479370257,TRUE
3918,3916,771,1,8.673765,8.67376513065725,8.67376513065725,TRUE
3914,3915,771,1,8.710499,8.71049911892573,8.71049911892573,TRUE
3915,3917,771,1,8.673765,8.67376513065725,8.67376513065725,TRUE
3912,3919,771,1,8.673765,8.67376513065725,8.67376513065725,TRUE
705,697,78,1,8.673765,8.67376513065725,8.67376513065725,TRUE
699,693,78,1,8.744252,8.74425260669281,8.74425260669281,TRUE
694,696,78,1,8.525649,8.52564938728719,8.52564938728719,TRUE
704,700,78,1,9.104201,9.10420148009622,9.10420148009622,TRUE
700,701,78,1,8.543419,8.5434184442636,8.5434184442636,TRUE
697,699,78,1,8.673765,8.67376513065725,8.67376513065725,TRUE
703,698,78,1,8.673765,8.67376513065725,8.67376513065725,TRUE
706,695,78,1,9.377819,9.37781872129541,9.37781872129541,TRUE
695,694,78,1,8.673765,8.67376513065725,8.67376513065725,TRUE
696,692,78,1,8.744252,8.74425260669281,8.74425260669281,TRUE
692,703,78,1,8.673765,8.67376513065725,8.67376513065725,TRUE
701,702,78,1,8.744252,8.74425260669281,8.74425260669281,TRUE
702,704,78,1,8.744252,8.74425260669281,8.74425260669281,TRUE
698,706,78,1,8.673765,8.67376513065725,8.67376513065725,TRUE
693,705,78,1,8.673765,8.67376513065725,8.67376513065725,TRUE
3929,3923,783,1,8.099738,8.09973772750253,8.09973772750253,TRUE
3928,3921,783,1,8.099738,8.09973772750253,8.09973772750253,TRUE
3926,3920,783,1,8.673765,8.67376513065725,8.67376513065725,TRUE
3921,3924,783,1,8.673765,8.67376513065725,8.67376513065725,TRUE
3920,3922,783,1,8.099738,8.09973772750253,8.09973772750253,TRUE
3923,3927,783,1,8.099738,8.09973772750253,8.09973772750253,TRUE
3924,3926,783,2,8.099738,8.09973772750253,8.09973772750253,TRUE
3925,3929,783,2,8.099738,8.09973772750253,8.09973772750253,TRUE
3927,3928,783,1,8.673765,8.67376513065725,8.67376513065725,TRUE
3922,3925,783,1,8.099738,8.09973772750253,8.09973772750253,TRUE
3944,3932,784,1,8.673765,8.67376513065725,8.67376513065725,TRUE
3943,3937,784,1,8.744252,8.74425260669281,8.74425260669281,TRUE
3941,3936,784,1,8.673765,8.67376513065725,8.67376513065725,TRUE
3931,3930,784,1,8.673765,8.67376513065725,8.67376513065725,TRUE
3935,3935,784,1,8.673765,8.67376513065725,8.67376513065725,TRUE
3930,3931,784,1,8.673765,8.67376513065725,8.67376513065725,TRUE
3936,3934,784,1,8.099738,8.09973772750253,8.09973772750253,TRUE
3938,3938,784,1,8.099738,8.09973772750253,8.09973772750253,TRUE
3933,3933,784,1,8.525649,8.52564938728719,8.52564938728719,TRUE
3934,3939,784,1,8.673765,8.67376513065725,8.67376513065725,TRUE
3939,3944,784,1,8.525649,8.52564938728719,8.52564938728719,TRUE
3937,3942,784,1,8.744252,8.74425260669281,8.74425260669281,TRUE
3932,3941,784,1,8.673765,8.67376513065725,8.67376513065725,TRUE
3942,3940,784,1,8.673765,8.67376513065725,8.67376513065725,TRUE
3940,3943,784,1,8.525649,8.52564938728719,8.52564938728719,TRUE
716,709,80,1,8.099738,8.09973772750253,8.09973772750253,TRUE
709,707,80,1,8.099738,8.09973772750253,8.09973772750253,TRUE
711,710,80,1,8.099738,8.09973772750253,8.09973772750253,TRUE
707,711,80,1,8.099738,8.09973772750253,8.09973772750253,TRUE
718,714,80,1,8.099738,8.09973772750253,8.09973772750253,TRUE
719,713,80,1,8.530174,8.5301740769415,8.5301740769415,TRUE
712,712,80,1,8.863879,8.86387953141006,8.86387953141006,TRUE
715,708,80,1,7.95042,7.95042021684785,7.95042021684785,TRUE
708,715,80,1,8.673765,8.67376513065725,8.67376513065725,TRUE
714,717,80,1,8.673765,8.67376513065725,8.67376513065725,TRUE
710,718,80,1,8.612476,8.61247655342625,8.61247655342625,TRUE
717,716,80,1,8.673765,8.67376513065725,8.67376513065725,TRUE
713,719,80,1,7.95042,7.95042021684785,7.95042021684785,TRUE
730,721,83,1,8.673765,8.67376513065725,8.67376513065725,TRUE
725,725,83,1,7.95042,7.95042021684785,7.95042021684785,TRUE
728,726,83,1,8.673765,8.67376513065725,8.67376513065725,TRUE
727,728,83,1,8.543419,8.5434184442636,8.5434184442636,TRUE
734,727,83,1,8.673765,8.67376513065725,8.67376513065725,TRUE
724,729,83,1,8.099738,8.09973772750253,8.09973772750253,TRUE
721,722,83,1,8.673765,8.67376513065725,8.67376513065725,TRUE
729,724,83,1,8.543419,8.5434184442636,8.5434184442636,TRUE
731,723,83,1,8.673765,8.67376513065725,8.67376513065725,TRUE
723,720,83,1,9.267165,9.26716537270602,9.26716537270602,TRUE
732,732,83,1,8.673765,8.67376513065725,8.67376513065725,TRUE
722,734,83,1,8.673765,8.67376513065725,8.67376513065725,TRUE
726,731,83,1,8.673765,8.67376513065725,8.67376513065725,TRUE
720,730,83,1,8.673765,8.67376513065725,8.67376513065725,TRUE
733,733,83,1,8.543419,8.5434184442636,8.5434184442636,TRUE
738,739,84,1,8.744252,8.74425260669281,8.74425260669281,TRUE
746,741,84,1,8.744252,8.74425260669281,8.74425260669281,TRUE
743,737,84,1,8.525649,8.52564938728719,8.52564938728719,TRUE
742,740,84,1,8.673765,8.67376513065725,8.67376513065725,TRUE
735,738,84,1,8.744252,8.74425260669281,8.74425260669281,TRUE
739,742,84,1,8.744252,8.74425260669281,8.74425260669281,TRUE
736,744,84,1,8.673765,8.67376513065725,8.67376513065725,TRUE
745,735,84,1,8.673765,8.67376513065725,8.67376513065725,TRUE
744,736,84,1,8.744252,8.74425260669281,8.74425260669281,TRUE
737,743,84,1,7.95042,7.95042021684785,7.95042021684785,TRUE
741,745,84,1,8.744252,8.74425260669281,8.74425260669281,TRUE
740,746,84,1,9.104201,9.10420148009622,9.10420148009622,TRUE
758,753,85,1,8.673765,8.67376513065725,8.67376513065725,TRUE
751,755,85,1,8.543419,8.5434184442636,8.5434184442636,TRUE
750,748,85,1,8.543419,8.5434184442636,8.5434184442636,TRUE
761,750,85,1,8.543419,8.5434184442636,8.5434184442636,TRUE
757,747,85,1,8.543419,8.5434184442636,8.5434184442636,TRUE
756,749,85,1,8.543419,8.5434184442636,8.5434184442636,TRUE
760,756,85,1,9.013688,9.01368850400637,9.01368850400637,TRUE
753,754,85,1,8.099738,8.09973772750253,8.09973772750253,TRUE
759,751,85,1,9.19243,9.1924306709362,9.1924306709362,TRUE
748,752,85,1,8.744252,8.74425260669281,8.74425260669281,TRUE
754,757,85,1,8.543419,8.5434184442636,8.5434184442636,TRUE
755,761,85,1,8.673765,8.67376513065725,8.67376513065725,TRUE
747,758,85,1,8.673765,8.67376513065725,8.67376513065725,TRUE
749,760,85,1,8.543419,8.5434184442636,8.5434184442636,TRUE
752,759,85,1,8.612476,8.61247655342625,8.61247655342625,TRUE
775,765,88,1,9.203803,9.20380290475918,7.95042021684785,FALSE
768,770,88,1,8.673765,8.67376513065725,8.67376513065725,TRUE
773,767,88,1,8.673765,8.67376513065725,8.67376513065725,TRUE
764,768,88,1,8.099738,8.09973772750253,8.09973772750253,TRUE
776,762,88,1,8.099738,8.09973772750253,8.09973772750253,TRUE
769,766,88,1,8.099738,8.09973772750253,8.09973772750253,TRUE
771,771,88,1,9.203803,9.20380290475918,7.95042021684785,FALSE
762,769,88,1,8.673765,8.67376513065725,8.67376513065725,TRUE
770,764,88,1,8.673765,8.67376513065725,8.67376513065725,TRUE
767,763,88,1,8.099738,8.09973772750253,8.09973772750253,TRUE
765,775,88,1,9.203803,9.20380290475918,7.95042021684785,FALSE
774,776,88,1,7.95042,7.95042021684785,7.95042021684785,TRUE
772,773,88,1,8.099738,8.09973772750253,8.09973772750253,TRUE
766,772,88,1,8.099738,8.09973772750253,8.09973772750253,TRUE
763,774,88,1,8.099738,8.09973772750253,8.09973772750253,TRUE
788,785,94,1,8.099738,8.09973772750253,8.09973772750253,TRUE
778,781,94,1,8.673765,8.67376513065725,8.67376513065725,TRUE
789,778,94,1,8.099738,8.09973772750253,8.09973772750253,TRUE
786,779,94,1,8.543419,8.5434184442636,8.5434184442636,TRUE
777,786,94,1,8.543419,8.5434184442636,8.5434184442636,TRUE
790,782,94,1,8.673765,8.67376513065725,8.67376513065725,TRUE
780,783,94,1,8.673765,8.67376513065725,8.67376513065725,TRUE
781,784,94,1,9.043353,9.04335329125035,9.04335329125035,TRUE
782,777,94,1,8.673765,8.67376513065725,8.67376513065725,TRUE
784,780,94,1,8.673765,8.67376513065725,8.67376513065725,TRUE
787,789,94,1,8.673765,8.67376513065725,8.67376513065725,TRUE
779,787,94,1,8.525649,8.52564938728719,8.52564938728719,TRUE
785,788,94,1,8.673765,8.67376513065725,8.67376513065725,TRUE
783,790,94,1,8.772846,8.77284647586168,8.77284647586168,TRUE
791,791,94,1,8.673765,8.67376513065725,8.67376513065725,TRUE
796,792,97,1,7.95042,7.95042021684785,7.95042021684785,TRUE
797,794,97,1,8.673765,8.67376513065725,8.67376513065725,TRUE
795,793,97,1,9.203803,9.20380290475918,7.95042021684785,FALSE
792,796,97,1,9.203803,9.20380290475918,7.95042021684785,FALSE
794,797,97,1,8.099738,8.09973772750253,8.09973772750253,TRUE
793,795,97,1,7.95042,7.95042021684785,7.95042021684785,TRUE
806,798,98,1,8.099738,8.09973772750253,8.09973772750253,TRUE
799,807,98,1,8.673765,8.67376513065725,8.67376513065725,TRUE
811,805,98,1,8.673765,8.67376513065725,8.67376513065725,TRUE
808,800,98,1,9.174689,9.17468895613178,9.17468895613178,TRUE
805,806,98,1,8.099738,8.09973772750253,8.09973772750253,TRUE
801,803,98,1,8.099738,8.09973772750253,8.09973772750253,TRUE
798,802,98,1,8.099738,8.09973772750253,8.09973772750253,TRUE
802,801,98,1,8.673765,8.67376513065725,8.67376513065725,TRUE
803,804,98,1,7.95042,7.95042021684785,7.95042021684785,TRUE
812,799,98,1,8.099738,8.09973772750253,8.09973772750253,TRUE
809,812,98,1,8.099738,8.09973772750253,8.09973772750253,TRUE
804,809,98,1,8.099738,8.09973772750253,8.09973772750253,TRUE
800,810,98,1,8.673765,8.67376513065725,8.67376513065725,TRUE
810,808,98,1,8.099738,8.09973772750253,8.09973772750253,TRUE
807,811,98,1,8.673765,8.67376513065725,8.67376513065725,TRUE
815,818,99,1,9.203803,9.20380290475918,7.95042021684785,FALSE
818,820,99,1,9.203803,9.20380290475918,7.95042021684785,FALSE
817,814,99,1,8.673765,8.67376513065725,8.67376513065725,TRUE
820,813,99,1,8.099738,8.09973772750253,8.09973772750253,TRUE
814,822,99,1,8.673765,8.67376513065725,8.67376513065725,TRUE
822,817,99,1,8.673765,8.67376513065725,8.67376513065725,TRUE
821,816,99,1,8.099738,8.09973772750253,8.09973772750253,TRUE
813,821,99,1,8.099738,8.09973772750253,8.09973772750253,TRUE
819,819,99,1,9.203803,9.20380290475918,7.95042021684785,FALSE
816,815,99,1,9.203803,9.20380290475918,7.95042021684785,FALSE
