"samecaste","predicted_income","log_tradeoff","outside_premium","inside_discount"
0.133908666681225,0.28603434876232,0.468155895474275,0.597046355580276,0.373844098822882
0.134259755875292,0.313136214262154,0.428758315903031,0.535349919893997,0.348682676800451
0.125063783546946,0.331156222938996,0.377657959850521,0.458863867513443,0.314535082903624
0.14845228013755,0.346536121350295,0.428389050928077,0.534783073608964,0.348442123714232
0.0914189570872534,0.353016322686382,0.258965241016545,0.295588770696738,0.22815014870635
0.189520485478079,0.361610796729868,0.524100738119429,0.68893936648454,0.40791243318494
0.152718652215423,0.310930419207815,0.491166649453334,0.634221672062266,0.388087909311547
0.145537522222626,0.327475245111795,0.444422973629479,0.559590011578734,0.358805844756774
0.105183133099463,0.327664557330934,0.321008576442494,0.378517403618294,0.274582970533975
0.146981818244144,0.364208009037533,0.403565585041807,0.497153419828728,0.332065781131236
0.164688786155518,0.328074313696196,0.501986224706465,0.651999255952052,0.394672850852044
0.210696985110861,0.358421663558544,0.587846680412624,0.800108031160649,0.444477785394228
0.13780501646246,0.354894528421255,0.388298509631816,0.474469862056794,0.321790139131727
0.159163180777234,0.324567497964461,0.490385456878563,0.632945528748261,0.387609701367961
0.085840651152434,0.355848488220731,0.241228090026864,0.272811317769367,0.214337595809154
0.154500927844436,0.341755048169069,0.452080894407163,0.57157907539327,0.363697305686154
0.139342245540844,0.361104598324577,0.385877793269188,0.470904905350874,0.320146396709815
0.139306686199364,0.358119328360212,0.388995162135575,0.475497413059343,0.322262451191583
0.138670579587137,0.314988279401913,0.440240442756915,0.553080600602348,0.356118414194241
0.1341403228739,0.264727134917971,0.506711648261768,0.659824125500382,0.397526530289145
0.105688074030495,0.368678089507082,0.286667629670639,0.331981428789316,0.249238781873307
0.159124669599285,0.349105367657175,0.455806997947814,0.577445865095646,0.366063823724711
0.102654348480784,0.356928793491976,0.287604559655934,0.333229986944257,0.249941863149969
0.119726065425459,0.345965417460812,0.346063679728972,0.413492623778992,0.292532565662432
0.118630127201595,0.289026881981448,0.410446690592639,0.507491016794219,0.336646129987184
0.13987843227391,0.380827615135484,0.367301179627289,0.443832706633771,0.307398983687346
0.136175929100497,0.303619029396815,0.448509203691979,0.565975893374741,0.361420565775786
0.134843886795139,0.355233571839776,0.379592182396429,0.46168836562077,0.315859643190561
0.0878345617422166,0.271746822853323,0.323222037409526,0.381572077537146,0.276186877066417
0.132064454864272,0.380838862276784,0.346772527558625,0.41449493015697,0.293033874720903
0.173910987301372,0.369641337199867,0.470485764981793,0.600771603171476,0.375301262204563
0.141794330800629,0.30369439183514,0.466898087724986,0.595038841096561,0.373056019555914
0.138865618287957,0.355947695260443,0.390129280613408,0.477171751208942,0.323030650172139
0.171493350294514,0.358098063760764,0.478900523765702,0.614298543231082,0.380535896415752
0.0929070032109329,0.385091202614617,0.241259739459461,0.272851602162862,0.214362461184969
0.193423269200429,0.315397977462996,0.613267309943743,0.846454492891091,0.458421529558388
0.089126617231706,0.372785099360345,0.239083100114883,0.270084076331247,0.212650549175775
0.154329344808626,0.327940952164053,0.470601014573568,0.600956102076775,0.375373254330465
0.131309739018144,0.303885809755552,0.432102239731991,0.540492606661284,0.350856994914566
0.126511792195866,0.303068641617592,0.417436101342008,0.518064398521448,0.341266417304844
0.128073140686493,0.337098957583891,0.379927430225352,0.462178475621472,0.316088961318509
0.166748057875855,0.311376515586533,0.535519056605007,0.70833473459201,0.414634626486815
0.167527570179695,0.348182080937464,0.481149316267611,0.617932850560902,0.381927377484596
0.119967790977666,0.335163008113843,0.357938639030585,0.430377848415627,0.300884027875809
0.159336172442346,0.42317464198852,0.376525804319504,0.457213141332546,0.313758590534291
0.0913886170559569,0.371813055924382,0.245791845121607,0.278633392060978,0.217914997207965
0.133345873169648,0.363798921843408,0.3665372961909,0.442730207888133,0.306869715118949
0.16098109492601,0.344211010905304,0.467681421644869,0.596288778619638,0.373546933741693
0.143608719343617,0.346964874229735,0.413899878661867,0.512705665186847,0.338932865121199
0.167680259227738,0.373903555481125,0.448458584492393,0.565896626934666,0.361388240577823
0.141039319787385,0.319302501376552,0.441710663647631,0.555365651499497,0.357064366802803
0.122298908051596,0.327923760826106,0.372949211559115,0.452010592605891,0.311299790034367
0.143134335072117,0.316452894766177,0.452308502906498,0.571936820859616,0.36384211710675
0.128438450795356,0.327057057661966,0.39270961377053,0.480988268282556,0.324775204897699
0.141386588863608,0.329363726675176,0.42927188822783,0.53613863563569,0.349017089472412
0.0965842147044627,0.372063082083163,0.259590965498895,0.296399705994195,0.228632962984892
0.128579922302438,0.294095119202228,0.437205223436648,0.548373807046302,0.354161123464357
0.137775271812783,0.325558957306365,0.42319607162008,0.526833635363995,0.345049796625943
0.148142379074647,0.319666096503878,0.463428498345147,0.589514300758363,0.370877003419915
0.156669311545736,0.328606292380994,0.476769055183183,0.610861381006325,0.37921411997891
0.115514825005497,0.323146375119552,0.357469041584516,0.429706304321135,0.300555647703583
0.134129899727854,0.328254011616626,0.408616178267781,0.504734059999889,0.33543074049904
0.208862211689423,0.332367979975948,0.628406538152496,0.874621060916093,0.466558857761196
0.0901606739489922,0.33274203164749,0.270962683922389,0.311226139655249,0.237355045207593
0.138316546979933,0.300034473757879,0.461002181674466,0.585662310675749,0.369348698479288
0.117051668374565,0.338891340143058,0.345395867374933,0.412548991062352,0.292059952378771
0.160924705446341,0.326964827114307,0.492177421243176,0.635874332317212,0.388706100313034
0.105201709400319,0.363781616319644,0.289189185711575,0.335344332700985,0.251129483601198
0.13452074443022,0.37195843576156,0.361655312789983,0.435703987861092,0.30347759116432
0.140193269436612,0.357845456916402,0.391770432534409,0.479598004846928,0.324140748551864
0.108306792426956,0.303918125571986,0.356368321971971,0.4281334643385,0.299785331713943
0.1381988983923,0.29555472252646,0.467591575634281,0.596145364883806,0.373490646904334
0.155255634757656,0.373932567837297,0.415196878024301,0.51466891636269,0.339789712987978
0.1541194346903,0.373409940883552,0.412735221578802,0.510944907357862,0.33816250008171
0.0851754309863048,0.366300862824423,0.232528611397597,0.261786547319122,0.207472926284824
0.163144185678783,0.34539946130394,0.472334800589692,0.603734225018414,0.376455285171383
0.151427189261144,0.372004312390461,0.40705761792945,0.502390667807665,0.334394161633584
0.165133294775961,0.312016989353548,0.529244561708297,0.69764935475486,0.410950207591956
0.106778826911079,0.377719931124144,0.282693122900057,0.326697966116492,0.246248938688586
0.114444264106505,0.342510178961395,0.334133906482832,0.396730162276213,0.284042095596814
0.129916759456859,0.344852670983988,0.376731196792418,0.457512472682357,0.313899524880474
0.150266345557071,0.360234799196378,0.417134452008217,0.51760654446614,0.341067680785616
0.147431280351149,0.332253172074608,0.443731746579211,0.558512353271599,0.358362480797268
0.168425484387142,0.325570060011941,0.517324855918769,0.677533996651866,0.403886894694315
0.117782573518121,0.325957322864427,0.361343541795835,0.435256446770285,0.303260401825562
0.173073049924125,0.370120966386191,0.467612120475059,0.596178157773047,0.373503518307018
0.181730566375867,0.301417060399675,0.602920638051788,0.827448328917253,0.45278890561437
0.0925749459867725,0.310212599000675,0.298424197743726,0.347733372094202,0.258013476028919
0.150397161053732,0.351246845791401,0.428180816015213,0.534463511462517,0.348306432489302
0.147395558072167,0.315889411990028,0.466604933491154,0.594571317238815,0.372872201331443
0.144277319819509,0.33798398137781,0.426876206473913,0.532462940990099,0.347455672008671
0.165006298658476,0.278269155580827,0.592973728310135,0.809360971121256,0.447318685458158
0.194570809578156,0.354048919478921,0.549559111392064,0.73248901478965,0.422795762937975
0.129232126492217,0.396098415691169,0.32626266951034,0.385779323047083,0.278384383885035
0.175021916265535,0.356480984623876,0.490971254610398,0.633902384769892,0.387968333162796
0.10042297409366,0.387149381619022,0.259390764551142,0.296140191522778,0.228478519113627
0.0531875437781408,0.285171594367371,0.186510665257993,0.205037474052713,0.170150288657118
0.0668156575916114,0.304002999763205,0.219786178569473,0.245810321161338,0.197309587973388
0.0941668313292928,0.32201598510348,0.29242905844886,0.339677694379045,0.253551802649434
0.154305010171419,0.378374013504461,0.407810802708839,0.503522671841943,0.334895297072631
0.119826970279811,0.315796229848244,0.379443954531675,0.461471718732347,0.315758227010112
0.136681576547904,0.296328210409381,0.46125063948207,0.586056329803596,0.369505369255182
0.171469256648148,0.350783178537395,0.488818356008678,0.630388542440705,0.386649271649694
0.0997682903045602,0.349163497749669,0.285735166899057,0.330739984584735,0.248538398497092
0.15559238029255,0.32922899856895,0.472596220165473,0.604153527343714,0.376618270661487
0.150956247567166,0.372612111983149,0.40512973870799,0.499497030244786,0.333109716238148
0.108829630633149,0.335754945507298,0.324134110574952,0.382832747179251,0.276846746622226
0.182702113011533,0.352595720751494,0.518163160409709,0.678940870546925,0.40438640958556
0.194963000667241,0.339931331327031,0.57353642544846,0.774531466323495,0.436470967701791
0.157649945866085,0.388721568824377,0.405560067950104,0.500142446526152,0.333396636888931
0.183937412295119,0.345597468084801,0.532230207919189,0.7027255091481,0.412706279064137
0.140249031486772,0.375555129857328,0.373444589986168,0.452730065520287,0.311640872771601
0.124057064462492,0.321793410396571,0.385517728003214,0.470375378922664,0.319901560965544
0.178582569789395,0.349964364998532,0.510287868280943,0.665770648465864,0.39967725993913
0.156465336932672,0.303196994924947,0.516051740458058,0.675399661100936,0.403127490581631
0.146222650959439,0.344850855440468,0.424017074780554,0.528087685323196,0.345587292139917
0.202557314090931,0.288707244819571,0.701601077650545,1.01697946437902,0.504209131693922
0.177438615481591,0.359832117283133,0.493115002688807,0.637408816978342,0.389278969533467
0.155212998932053,0.335673812883321,0.462392337367123,0.58786816104605,0.370224792881278
0.109618539044899,0.320386190770579,0.342145018114699,0.40796446306189,0.289754801179209
0.121645816638638,0.327454197295475,0.371489562947554,0.449892713416156,0.310293795708611
0.0811260724663309,0.348759714792271,0.232613082949249,0.261893136888458,0.20753986944903
0.121748428817167,0.380061137973724,0.320339062989344,0.377594776561248,0.274097131453852
0.153431229724389,0.343500903534385,0.446669071742429,0.563096940739845,0.360244413550781
0.160304440743231,0.300179934454053,0.534027835787166,0.70578912877387,0.413761066282088
0.0778441649386883,0.341761797177343,0.227773161253287,0.255800428925364,0.203695127851057
0.131205071786715,0.348068591358065,0.37695177055416,0.457833997149871,0.314050843954083
0.174623935422274,0.339352064925675,0.514580441585113,0.672936459964699,0.40224866638324
0.112908098266169,0.292105034607353,0.386532530731421,0.471868277239206,0.32059137664431
0.17745838751474,0.29930994664776,0.592891714766769,0.809212585101701,0.447273356246421
0.170661140907029,0.361068120218196,0.472656353055756,0.60424999263211,0.376655755279581
0.13230411916819,0.294030097237053,0.449967946857918,0.568261916962494,0.362351410064933
0.127244434737107,0.323266276127876,0.39362112330818,0.482338818640501,0.325390398318563
0.143792170766054,0.386934481809973,0.371618911019338,0.450080266372475,0.310383002106771
0.144347055605223,0.319879454950743,0.451254537830354,0.570280927128893,0.36317127545553
0.144591698633182,0.348027641377937,0.41546038717127,0.515068098068487,0.339963661518008
0.171288886177524,0.347260780479552,0.493257217071796,0.637641696621975,0.389365816672391
0.174298079597698,0.373016342070319,0.467266604541525,0.595626748052685,0.373287016390012
0.111795566409042,0.332377312651126,0.336351375842509,0.399830805134532,0.285627951369527
0.140353628234234,0.385730579232874,0.363864406377538,0.438879098100902,0.305014576054482
0.177364860443268,0.398195796916602,0.445421226986017,0.561147654874591,0.3594455996026
0.102440082483363,0.370309822533266,0.276633446508593,0.318682914607643,0.241667584434021
0.165213855240356,0.303901072978161,0.543643540384041,0.722270606660028,0.419371151006703
0.133586960298469,0.345344303101844,0.386822539415318,0.472295193722911,0.320788382476916
0.170328311452114,0.331418136790724,0.513937810107446,0.671861723702051,0.401864409105753
0.194040990227793,0.3259992641513,0.59521910496625,0.813428232566416,0.448558270991088
0.138367547113417,0.296022647058933,0.467422166811009,0.595874986678643,0.373384501701343
0.126592889797457,0.30750885086808,0.411672345170202,0.509339812820802,0.337458674643252
0.139130205514193,0.329503644927037,0.422241779889873,0.52537728565413,0.344424484745642
0.162684664898704,0.314550760420106,0.517196857770829,0.677319289148563,0.403810588437448
0.146152013807975,0.324489076151167,0.450406576213641,0.568949953562231,0.362631040123654
0.156255242124396,0.306984759300477,0.508999998828778,0.663626734170582,0.398903624557007
0.130788394813109,0.318656585564845,0.410436817369631,0.507476133072704,0.336639580514161
0.146064374792152,0.364468430760291,0.400760017781122,0.492958941906102,0.330189215569939
0.113896204863942,0.37750284407902,0.30170952788928,0.35216840245009,0.260447146828732
0.162209569719115,0.325903363053598,0.4977229084084,0.644971252545495,0.392086640752804
0.177484871989333,0.369432375925234,0.480425873733525,0.61676279240546,0.381480075681248
0.166356201655564,0.314996552591327,0.528120705725287,0.695742513078882,0.410287828318731
0.0827988386332863,0.325882096480566,0.254076058572993,0.289269860564544,0.224367193721475
0.116079427802857,0.330288363858567,0.351448735422491,0.421124891931061,0.296332077723884
0.144526580595638,0.364820966685169,0.396157550671588,0.486103435702514,0.327099328367222
0.0762262911646597,0.308196582526507,0.247330098665528,0.280601767950152,0.219117117415282
0.180539281783863,0.328943205817824,0.548846361897042,0.731254624077162,0.42238421426135
0.126161074434529,0.3272121238528,0.385563569433276,0.470442784577736,0.319932736935992
0.118791322206242,0.387179130729486,0.306812306702655,0.359085852825927,0.264211309446924
0.178781204410494,0.297851803819083,0.600235426202377,0.822547825399847,0.451317553337394
0.151214973055883,0.341958892759495,0.442202195227702,0.556130350757288,0.357380312315513
0.0820180571391789,0.337053811294368,0.243338168538162,0.275499885126477,0.215993657340987
0.0968535629109872,0.339241914154118,0.285499989447019,0.330427061343523,0.248361650889635
0.175404941561737,0.342536980990676,0.512075925508644,0.66875180615956,0.400749712264651
0.180994006105277,0.340649469605108,0.53132038137353,0.701177028810983,0.412171700496722
0.145299132610749,0.285437853082576,0.509039467055949,0.663692395864221,0.398927348297135
0.112811108302352,0.359019803289905,0.314219737375484,0.369190565835921,0.269641476539478
0.167764605241437,0.304924162668986,0.550184687802376,0.733573158120316,0.42315673537292
0.190491869927496,0.366101358754389,0.520325492851541,0.682575226786337,0.405672932728264
0.131646014223102,0.362011761436206,0.363651207631554,0.438572363580433,0.304866390237666
0.126117519131979,0.318464055068323,0.396018065853372,0.485896161291087,0.327005462393075
0.111016905139845,0.35337840855947,0.314158710466776,0.36910701091783,0.269596903656483
0.141044053816009,0.29712837703257,0.474690621019171,0.607516788640094,0.377922515604974
0.0857011595526996,0.296241963162887,0.289294462667253,0.335484921087342,0.251208318259552
0.112779960707695,0.364374586718467,0.309516538250879,0.362766109556292,0.266198364497343
0.0952192674667861,0.354192147870191,0.268835060402534,0.308439309794331,0.235730696475951
0.139471178016575,0.296577498382681,0.470268913781893,0.600424511563538,0.375165780844579
0.134147060087313,0.357105084781278,0.375651498128279,0.455939647653972,0.313158343059515
0.0879609982892431,0.3650241595297,0.240973086281666,0.272486787496381,0.214137223406853
0.133493864728,0.321325516817735,0.415447444230585,0.515048488758861,0.339955118651544
0.13120257729473,0.364513045429503,0.359939318879891,0.433242441164828,0.302281336863512
0.133548557041415,0.299819416548349,0.445429981082893,0.561161321372218,0.359451207053332
0.0868375110354671,0.324038675772497,0.267985020085795,0.307327556213625,0.235080760558378
0.122814105228701,0.315711345991882,0.389007575394071,0.475515728903822,0.322270864070753
0.165595013541703,0.365784056375237,0.452712497047242,0.572572002421038,0.36409906925695
0.162641432530168,0.406080582266052,0.400515167759511,0.492593435625848,0.330025192305166
0.154660513451187,0.339544721427446,0.455493794163533,0.57695188044417,0.365865241418567
0.13770935531588,0.323032891376983,0.426301342655451,0.531582236658972,0.347080440041259
0.128317155857096,0.355105636423144,0.361349251308962,0.435264641409203,0.303264379858088
0.135634391682534,0.326800809770639,0.415036889834293,0.514426606608166,0.339684078689239
0.0676930638778351,0.328700518536718,0.205941457528529,0.228681271851486,0.186119278522809
0.107643406011747,0.372141565747141,0.289253918184693,0.335430775639907,0.25117795827281
0.10045995839948,0.303198603937745,0.331333842223452,0.392824698395427,0.282034558152201
0.194007505810774,0.361539286259335,0.536615281337949,0.71020848021572,0.415275966896233
0.114422257294693,0.333504413415056,0.343090683937339,0.409296556692537,0.290426138309108
0.0774718637992977,0.295043757064545,0.262577539582882,0.300277287218188,0.230933271056823
0.0987776893975033,0.358981565229879,0.27516089672808,0.316742517387552,0.240550079613117
0.148125138024514,0.370342154898034,0.399968342964621,0.49177747164156,0.329658733283058
0.114267877642406,0.349496694176785,0.326949809672896,0.386731874907229,0.278880064636216
0.144521385956491,0.319093429715226,0.452912446631913,0.572886468977468,0.364226204673183
0.173832920093222,0.353391728754987,0.491898666405246,0.63541838798413,0.388535675428823
0.185789124334148,0.31751690828801,0.585131435475002,0.79522692663789,0.442967356849529
0.131623950542409,0.318524817243271,0.4132298126142,0.511692391998384,0.338489758039962
0.137739365472682,0.305981193799517,0.450156311119339,0.56855734928377,0.362471508959098
0.0958253678370639,0.336147985098762,0.285068993672266,0.329853776452024,0.248037628115819
0.162094549102303,0.344286243819934,0.470813318893684,0.601296028056161,0.375505851211087
0.168609715072654,0.378674245037955,0.445263223686508,0.560901007880132,0.359344381897667
0.125013410852358,0.345958178829009,0.361354113018806,0.4352716192664,0.303267767176276
0.157546772197904,0.363801054614414,0.433057491724111,0.541964868371156,0.351476793984066
0.141088344088929,0.282855593347495,0.498799908530001,0.646743841152248,0.392741011072926
0.0982851315427951,0.372501095341524,0.263851926267984,0.301935399593721,0.231912735215543
0.126280806010692,0.316371316401093,0.399153777425872,0.490562815897196,0.329112473936174
0.144950886278534,0.362666097050322,0.399681380359138,0.491349448707721,0.329466342803482
0.0963399760238248,0.346895249394189,0.27772065541996,0.320117378063101,0.242491602173121
0.129428713320262,0.346488272214083,0.373544283312114,0.452874900231628,0.311709494161835
0.109079080869668,0.373326346635438,0.292181577466286,0.339346190649034,0.253367048055432
0.17386457610811,0.372130104513269,0.46721448761991,0.595543591065492,0.373254353187425
0.151454397254235,0.336858977679074,0.44960772100462,0.567697090213968,0.362121671181061
0.132531191461622,0.338180117072963,0.391895279381633,0.479782739524522,0.324225122181574
0.111692714603431,0.380094149076674,0.293855390499314,0.341589882995588,0.254615726702458
0.11835753875628,0.311337903926699,0.380157819730636,0.46251538500581,0.316246509094995
0.132250862687572,0.340102876794424,0.388855466128595,0.475291306358908,0.322167767348911
0.155973096418052,0.395860276924501,0.394010476701099,0.482916084661944,0.325653008728429
0.162320049688684,0.321579035495826,0.504759426989424,0.656586942411195,0.396349219954324
0.180066086109354,0.391625787691319,0.459791187834859,0.583743245608338,0.368584521024501
0.127790104976084,0.387064398252876,0.330152051061529,0.391179642724343,0.281185571374734
0.130429260942582,0.364117267476829,0.358206744344751,0.430761391730757,0.301071439459011
0.142612680842958,0.33377046330418,0.427277714843776,0.533078361227332,0.347717621427105
0.180203545915264,0.35216348654473,0.511704230564446,0.66813165481079,0.400526932561911
0.149748740053331,0.31662308503856,0.472955849176613,0.604730531237921,0.376842416509282
0.166160712097622,0.373848052387963,0.444460552987414,0.559648621071258,0.358829939968695
0.125151706182841,0.313234763530022,0.399546029860908,0.491147607476768,0.329375579596616
0.125310501132569,0.294048329066125,0.426156140830815,0.531359864268457,0.346985628046542
0.123293830335893,0.328826032020599,0.37495154984618,0.454920921768065,0.312677421131061
0.145686570259308,0.34290586978886,0.424858782233772,0.529374429572249,0.346137884442275
0.118334802856031,0.38984981442255,0.30353946180867,0.354645046630938,0.26179924218005
0.185912873469328,0.316649335196142,0.587125418577519,0.798810150051028,0.44407696389103
0.119847432227655,0.362066306736806,0.331009624474047,0.392373193103367,0.281801743273176
0.115218072216083,0.321332628722328,0.358563251650506,0.431271559553575,0.3013205681863
0.169184208791665,0.311403802251786,0.543295257052998,0.721670872960872,0.419168892437476
0.123513025599461,0.267949307154296,0.460956689573886,0.585590177207189,0.369320008174262
0.115291802465888,0.38101920727224,0.302587901778694,0.353356633648125,0.261096465530754
0.11070562656892,0.335097967923745,0.330367943604218,0.391480020458237,0.281340741298834
0.0820717527904713,0.398837039473714,0.205777660216236,0.22848003364308,0.185985956129477
0.139554165588597,0.38474304046887,0.362720441722685,0.437234012409414,0.304219082372275
0.10668380018822,0.291699264561942,0.365732153450686,0.441569071638102,0.306311421579219
0.183191143721735,0.37274082743406,0.491470561416142,0.634718407056316,0.388273848460097
0.213116855272247,0.345704543262231,0.616471086151129,0.852379606163864,0.460153849312278
0.142925628136661,0.309399780624273,0.461944827007574,0.587157732568293,0.369942898881368
0.134036955450861,0.346429237810117,0.386910054988859,0.472424048119513,0.320847821470223
0.117283662119899,0.324721945290663,0.361181816692175,0.435024348541213,0.303147712429717
0.154375491505788,0.312121317311093,0.494600922601905,0.639843683905992,0.390185778184619
0.13165470144262,0.36784169295832,0.357911307942837,0.430338755167372,0.300864920014711
0.157978653823744,0.347037219297667,0.455221068631948,0.576521864045183,0.36569227309407
0.183833815277393,0.345190459162182,0.532557637089911,0.703283122433975,0.41289854468175
0.161074986488297,0.378199531931108,0.425899486617128,0.530966884738705,0.346818007647061
0.138845562806977,0.329412869734066,0.421494044598398,0.52423713354394,0.343934104482193
0.146122446402147,0.304702421671591,0.479557876831179,0.615360056183243,0.380942969233255
0.208340803076005,0.32731838048008,0.636508108009181,0.889870121654861,0.470863109299621
0.156138315101555,0.38109796824994,0.409706500978123,0.506375600460331,0.336154940577628
0.17153039470402,0.287180430158985,0.597291377441908,0.817190046384762,0.449699825293746
0.0992583323033531,0.338426872175479,0.293293294546321,0.340835992650986,0.254196631444174
0.139223846857879,0.254705634634007,0.546606858768291,0.72738181213574,0.421089192340403
0.140798446769832,0.314283319402674,0.44799847168928,0.56517630357597,0.36109433952246
0.221827382285129,0.312114686986496,0.710723947107067,1.03546429386971,0.50871159812936
0.127548697834488,0.313864627217725,0.406381244567611,0.501374834360952,0.333943811289709
0.174950919178859,0.319515790625324,0.547550150296056,0.729012005517268,0.421635016524463
0.220537922594669,0.345973094309916,0.637442408735735,0.891636653790241,0.471357251406439
0.117677502651234,0.286026124117996,0.411422218911333,0.508962334510646,0.337292934933132
0.130346172023223,0.28544113291832,0.456648173620169,0.578773332420158,0.366596851197718
0.177394254006426,0.327265420628724,0.542050100085813,0.71952845657735,0.418445216085311
0.157031477913392,0.311156176890148,0.504670932400715,0.656440349917483,0.396295797763067
0.157203330336801,0.300668016411316,0.522846866830508,0.686822981018943,0.407169565951764
0.140363646435181,0.371756311622747,0.377568966677343,0.45873404436541,0.314474078491102
0.157133513160926,0.339208216445812,0.463236164522649,0.589208612794992,0.370755990152062
0.114650068732006,0.405402243702879,0.282805708436171,0.326847341526868,0.246333795379014
0.16232715494837,0.263305172544912,0.616498162111426,0.85242976179954,0.46016846596734
0.128803487613537,0.369500432527054,0.348588191717762,0.417065510854368,0.294316323176134
0.104599733001442,0.322502861121653,0.324337379946483,0.383113863292884,0.276993726590793
0.191529057005908,0.364670089795923,0.52521186235233,0.690817030908584,0.408569950668976
0.152052077684903,0.333244582448468,0.456277718208415,0.578188575615079,0.366362160104814
0.174428668303365,0.315694358927221,0.552523868009874,0.737633044691969,0.424504498775073
0.170928575049167,0.315564117178728,0.541660365498267,0.718858427438798,0.418218519898663
0.115598469729214,0.348868530397,0.33135252869517,0.39285072561794,0.282047974267775
0.135652902557435,0.281061579149354,0.482644774742939,0.620354212026287,0.382850988643107
0.209477875685613,0.337270890031505,0.621096815281168,0.860968061086857,0.462645264628576
0.0718696354218366,0.297544892644872,0.241542157833692,0.273211129609171,0.214584308333086
0.118492650262444,0.358378491613401,0.330635495810578,0.391852363816239,0.281532994449097
0.136199717676154,0.313783204499313,0.434056749128686,0.54350645827776,0.352124511927344
0.124185720791811,0.353340185714668,0.351462205015353,0.421144034033679,0.296341555780474
0.142214255751325,0.350671161326409,0.405548763158628,0.500125487824467,0.333389101034318
0.152624772732606,0.321792863147794,0.474295082991035,0.60688108035101,0.377676411634918
0.130319787508512,0.318982217649634,0.408548753810638,0.504632607542976,0.335385930766865
0.141685801421857,0.317490887198075,0.44626730131458,0.562469060753445,0.359987327033672
0.152998437417914,0.33610464442961,0.455210720689569,0.57650555037218,0.3656857092803
0.0755942242483954,0.370085671794625,0.204261418394889,0.226618772257143,0.184750777815127
0.131606023182991,0.396855734959426,0.331621825236938,0.393225866011286,0.28224129023463
0.114581395824198,0.398697251212302,0.28738948030315,0.33294326753637,0.249780523781583
0.105591664623303,0.364518461461197,0.289674394542409,0.335992410777304,0.251492754050764
0.141275961972371,0.364524032654592,0.387562819777751,0.473385508462031,0.321291003436138
0.151495510874739,0.311265918570748,0.486707672881011,0.626950937975712,0.385353315420672
0.111311351514341,0.361168609469049,0.30819774641539,0.360970089286068,0.265229994492696
0.104942869111227,0.261127174773876,0.401884136348896,0.494638148410402,0.330941739267438
0.1282111088703,0.364616351743684,0.351632910200442,0.421386651396479,0.296461663673622
0.162069866550617,0.354327578215348,0.457401219986654,0.579962669698495,0.367073653587758
0.162376780285758,0.322481915779006,0.50352212741453,0.654538515611709,0.395601860842578
0.140784673935964,0.365884893440542,0.38477859146388,0.46928897230444,0.31939868953648
0.102275404549432,0.37124559093918,0.275492577004606,0.317179327346452,0.240801932403108
0.16010450787767,0.329549121662942,0.485828962522384,0.625521947259955,0.384812981648362
0.111786114043466,0.338855732976917,0.329892940164837,0.39081921961645,0.280999294591448
0.181131783352289,0.362126910081628,0.50018868609201,0.649032390824608,0.393583773390925
0.15659412386219,0.3858878319036,0.405802181140838,0.500505694772258,0.333558010819961
0.15894572153109,0.325990234644012,0.487578168421708,0.62836780811225,0.385888129808161
0.113382999439989,0.37076225922528,0.305810520404386,0.357725020985548,0.263473837085128
0.160453398616571,0.32127779550331,0.499422620742299,0.647769607998285,0.393119040947234
0.115738278822228,0.332547550452362,0.348035276954498,0.416282210981891,0.293926032364191
0.194902962644787,0.374594206742024,0.520304262951438,0.682539506261529,0.405660315090062
0.116419390745517,0.344571990184971,0.337866669554369,0.401953567849542,0.28670961511664
0.131161017604273,0.366798165623943,0.3575836247195,0.429870133937467,0.300635787638786
0.122550527901266,0.413439343153246,0.296417188955917,0.345031171949561,0.256522807162494
0.115156831849556,0.30683615831513,0.37530398138829,0.45543377215919,0.312919612606994
0.120425041895277,0.390691080389552,0.308235964269273,0.361022103636011,0.265258075288807
0.165888787033865,0.342068161007832,0.48495828008403,0.6241072498128,0.384277115864569
0.150963896529806,0.310241523660517,0.486601196218335,0.62677771489177,0.385287866408638
0.199963482320934,0.382784115462722,0.522392320483863,0.686056416028341,0.406900035791453
0.183768190931906,0.327245350845436,0.561560891414171,0.753407243734375,0.429681835994804
0.130116460203249,0.303009128656117,0.42941432418334,0.536357452593384,0.349109806242036
0.0925207160052964,0.326219479039685,0.283614933963036,0.3279214948234,0.246943434609446
0.100777227616779,0.35617041697874,0.282946653659882,0.327034367502148,0.246440013545179
0.112757035331032,0.328838429373749,0.34289494553836,0.409020730236638,0.29028723386344
0.148837034064313,0.359637138262639,0.413853348915314,0.512635281013129,0.338902105119337
0.142428499866256,0.322162576288798,0.442101318865098,0.555973381905123,0.35731548390911
0.150763449878118,0.309087619524386,0.487769293736539,0.628679060165361,0.386005490916996
0.172461779528647,0.324250616537694,0.531878031166668,0.702125954388676,0.412499411443877
0.144679339979581,0.352014079192544,0.411004412981007,0.508332012783896,0.337015994141554
0.16544966007955,0.373844826308591,0.442562390693562,0.556690962812818,0.357611739331306
0.158311273432304,0.287702214622988,0.550260878734488,0.733705245706993,0.423200683924673
0.160686301035138,0.33048270846,0.486216969668131,0.626152783767682,0.385051632305379
0.134436903945954,0.289830454552477,0.463846713947079,0.590179199464248,0.371140057462132
0.113243522208162,0.424404242734747,0.266829382945022,0.305817632564474,0.234196280505022
0.126090314640646,0.341162098439972,0.369590629255763,0.447142075758983,0.308982845049592
0.137679087136903,0.366335671447573,0.375827684464539,0.456196186925,0.313279344514927
0.119042511014325,0.303679658212934,0.392000279883267,0.479938125612149,0.324296075157623
0.142010524269918,0.310955698879454,0.456690534316175,0.578840211773872,0.366623682027663
0.132077364328416,0.35438511893753,0.372694442487858,0.451640712334785,0.311124308168773
0.140854287986768,0.315073192353473,0.447052594143733,0.563696538404247,0.360489727104915
0.1206884263989,0.317166151821744,0.380521142327728,0.463046846433905,0.316494887065685
0.076152934219139,0.281266608334959,0.27075000004426,0.310947292648946,0.237192825670844
0.143958742260529,0.321443194452166,0.447851268109368,0.564945920977879,0.361000283399483
0.096582212931003,0.26318073903666,0.36698055216552,0.443369848424316,0.307176881177288
0.142037293605216,0.369387093206103,0.384521539105224,0.46891133664671,0.319223716876718
0.0874224761121301,0.351253380631715,0.248887216273632,0.282597368801394,0.220332097722519
0.124532429115825,0.358563698907131,0.347309082027512,0.41525408737935,0.293413098808485
0.168782936907018,0.347270437014158,0.486027369211784,0.625844493684685,0.384935026760352
0.148603871574675,0.366038950672752,0.405978301766935,0.500769988047749,0.333675374664952
0.106765533557303,0.334492145871657,0.319186967093298,0.376008569179715,0.273260339798513
0.140643057706305,0.344962735402026,0.407705074411578,0.503363715353204,0.334824972967332
0.0955296228341806,0.371618141942244,0.257063937554016,0.293127803545039,0.226681231925758
0.132193329629803,0.403793867314703,0.32737824996925,0.387326134015863,0.279188955299702
0.0756532040683511,0.274401198018359,0.275702892752274,0.317456380034746,0.240961586922805
0.151914258072503,0.315499108829946,0.481504555229614,0.618507705446706,0.382146901967327
0.183071530895523,0.301304634994274,0.607596132396046,0.836012558646015,0.455341416216968
0.216436623751401,0.34033117507027,0.635958853039872,0.888832386115982,0.470572398403065
0.175351427053829,0.336024303464108,0.521841501481036,0.685127959843683,0.406573255070338
0.108704474886357,0.334041067384641,0.325422486933878,0.384615504383582,0.277777840249456
0.138429134589234,0.297584989245067,0.46517512506397,0.592293014887769,0.371974887379328
0.141173535578234,0.328640715634964,0.429568001960662,0.53659357473477,0.349209825914696
0.100236200641801,0.338744755607034,0.295904804377493,0.344342175250271,0.256141763302313
0.113408084055331,0.35581860520146,0.318724435421585,0.375372268801804,0.27292412193887
0.131611084063432,0.305492637247144,0.430815895431739,0.538512276743244,0.350021436217057
0.122753585801124,0.366113800017129,0.335288060147912,0.398343134141778,0.284867944366358
0.172583198485683,0.349829484615396,0.493335199219762,0.637769408418631,0.389413433380977
0.115286152517276,0.371176877617271,0.310596266818511,0.364238321707513,0.266990243502047
0.135810329027811,0.295283990662514,0.459931230010473,0.583965051988828,0.368672939630582
0.162273395220768,0.321492522929841,0.504750137707496,0.656571553979522,0.396343612445997
0.107655002867737,0.365383907907579,0.294635315179143,0.342636630194473,0.255196843649979
0.157280993894242,0.308878291966934,0.509200542688441,0.663960397752865,0.399024158657578
0.130609825157657,0.296476176789921,0.440540709111361,0.553547008472242,0.356311721147466
0.159875324474335,0.31145821278168,0.513312277260134,0.67081624630203,0.401490138599459
0.16646101754548,0.301525660075513,0.552062525968077,0.736831586402655,0.424238937252856
0.186606683231092,0.310199493341086,0.601569916253555,0.824981620917403,0.452049276256652
0.133423500855103,0.325049734578532,0.410471034619067,0.50752771564207,0.336662278494767
0.144610965719809,0.31921870028459,0.45301533271981,0.573048305438185,0.364291613586881
0.150870798827056,0.322954100919859,0.4671586408017,0.595454487520714,0.373219350459838
0.160338381335201,0.431951993962732,0.371194909564499,0.449465560557189,0.310090541498902
0.167686836938847,0.343623508854795,0.48799582280532,0.629048045107534,0.386144562768872
0.195146869397253,0.343723554160097,0.567743662124356,0.764281741305213,0.433197104188019
0.119504985022937,0.352210399874888,0.33929998962378,0.403964456814212,0.287731256196373
0.144103463584934,0.379322433944256,0.379897023454486,0.462134016171537,0.316068165476098
0.134930554963789,0.336962037092244,0.400432512006841,0.492470069290535,0.329969812744477
0.142565326209595,0.337376478731516,0.422570437469793,0.525878694852751,0.34463990920556
0.163359127189401,0.325555857850753,0.501785248982651,0.651667277566762,0.394551182564323
0.0958751027316908,0.349149347706075,0.274596253327105,0.315999237278178,0.240121140139675
0.17693839431684,0.358121325400133,0.494073884371852,0.63897965130237,0.389864298067778
0.208896922403107,0.308684813558464,0.676732100925148,0.967437827226289,0.49172472636159
0.141261790448009,0.309998966714356,0.455684713872524,0.577252980380319,0.36598629868566
0.140747282676201,0.400973938270143,0.351013542883621,0.420506563537002,0.29602578004987
0.107527025150781,0.323757155399063,0.332122466971403,0.393923547655048,0.282600540264732
0.137884040912097,0.327055974806771,0.421591566989596,0.524385788042409,0.343998082477413
0.0988331387769972,0.311044486073518,0.3177459919789,0.374027202966876,0.272212371166492
0.146090367667289,0.346607071860429,0.421486979140794,0.52422636414914,0.343929469060047
0.116801453879086,0.306789333029176,0.380722017697984,0.463340766030499,0.316632172619212
0.122870929755104,0.309985028091785,0.396376981531903,0.486429568438412,0.327246967341639
0.143825996199028,0.332347687122423,0.43275762634102,0.54150255580442,0.351282295164176
0.0797740316810343,0.333266377034002,0.239370177066783,0.270448740537377,0.212876546615318
0.186628104181743,0.355410884273603,0.525105202006343,0.690636697396454,0.408506865170986
0.143487734851808,0.283101178807298,0.506842590540668,0.660041480884143,0.397605414373503
0.112615398062045,0.329628026911446,0.341643879973529,0.407259055136209,0.289398781020308
0.131183886397264,0.33210661680354,0.395005337923958,0.484392114471997,0.326323556794356
0.133152141107156,0.313431786860622,0.424820157651613,0.529315359264731,0.34611262880353
0.139036862649956,0.30067726053081,0.462412296841146,0.587899854375653,0.370237362737721
0.16276532622098,0.341064232611854,0.477227778986176,0.611600490975821,0.379498823933405
0.128156620955374,0.303046764081127,0.422893876936651,0.526372304066352,0.344851844248001
0.160578504761906,0.323959480551067,0.495674658104639,0.641605387921152,0.390840205960611
0.0827587291558281,0.385349072448434,0.214763016373687,0.239568104810931,0.193267400057436
0.115415416943259,0.314392110808998,0.367106593884531,0.44355178470672,0.307264200291113
0.120358760133849,0.352620490674203,0.341326619742732,0.406812658619261,0.289173299747341
0.196447930577786,0.374953895109935,0.523925562955382,0.68864353216612,0.407808705063263
0.133238309498315,0.299717756544922,0.444545932260591,0.559781788421722,0.358884680265527
0.0773832905904155,0.362783209527016,0.213304498549712,0.237761490445924,0.192089907693175
0.133901597477509,0.30775586298775,0.43509032184657,0.545102609169827,0.352793792421791
0.138366721178557,0.319900038836833,0.43253111716292,0.54115343086896,0.351135338007091
0.16113526735313,0.364132056257035,0.442518763685522,0.556623050525082,0.35758371324215
0.104351245643989,0.319215359669877,0.326899199812648,0.386661694376766,0.278843567933526
0.150661843012062,0.345556371013503,0.435997873719349,0.546505506441147,0.353380899172339
0.0962594177765003,0.326510831740618,0.294812326020992,0.342874312470229,0.255328670215985
0.107417036318086,0.3786066537651,0.28371671561993,0.328056659751906,0.247020078053891
0.146836765443777,0.352065451871273,0.417072350221588,0.517512301314693,0.34102675864067
0.121164752705425,0.373737209520684,0.324197724012596,0.38292071672198,0.276892747423467
0.119332011925942,0.362954183051964,0.328779822628074,0.389271935666839,0.280198516700038
0.133069676124323,0.347656514936497,0.382761922780678,0.466328889004276,0.318024757270479
0.132470431814618,0.347592399490088,0.381108539798196,0.463906488901864,0.316896258346296
0.12378566044879,0.32575394913809,0.379997420679975,0.462280817739165,0.316136826887942
0.182785812583178,0.329841550874652,0.554162482253914,0.74048268904621,0.425446741703588
0.13644145985554,0.324898777018955,0.41995067235227,0.521886482686761,0.342920768811492
0.153450820721497,0.369156173604986,0.415679952533305,0.51540079106654,0.340108566726959
0.119051724938809,0.336827165932598,0.353450484343155,0.4239724762732,0.297739235369784
0.17768854850226,0.350723001579873,0.506635001701745,0.659696910566275,0.397480351000468
0.142508398467609,0.313836492456715,0.454084855945374,0.57473161714581,0.36497115501339
0.13854571474457,0.327512466470659,0.423024247710527,0.526571311376943,0.344937250852686
0.0935314365739255,0.327309635687681,0.285758274049632,0.330770734549206,0.248555762432853
0.128918581519591,0.368315981463622,0.350021687919411,0.419098325549633,0.295327193334057
0.163492824681452,0.303242749387245,0.53914833911715,0.714546028421419,0.4167552323336
0.133893363099635,0.312623384572298,0.428289660041957,0.534630537739738,0.34837736158122
0.156121898197254,0.277257891338286,0.563092712866258,0.756095208780228,0.430554792815252
0.116504046104445,0.332137663724125,0.350770354672012,0.420161155087569,0.295854560999918
0.155124249408821,0.366520614918326,0.423234718853094,0.526892644399536,0.345075108149952
0.153124655693415,0.357277482999506,0.428587478863386,0.535087647662408,0.348571398172102
0.125139040818656,0.31953745852081,0.391625574660149,0.479383688948233,0.324042837926009
0.171935423305895,0.329376077676585,0.52200337231145,0.685400754984089,0.406669305776215
0.180764436725436,0.34537567655934,0.523384965977412,0.687730903280197,0.407488481690745
0.118322431753208,0.359040875843695,0.329551423567488,0.390344312867924,0.280753701982456
0.157212001732687,0.309335991006145,0.508224087411685,0.662336407847956,0.398437046028132
0.096729906284881,0.376968305067103,0.256599573451307,0.292527460812453,0.226322047060089
0.11099022800915,0.335417624022579,0.330901598663994,0.392222788985195,0.281724155134029
0.121540276491459,0.372370002409115,0.326396529540867,0.385964835925674,0.278480972908588
0.175777836774967,0.297842866094259,0.590169706194468,0.804294589385776,0.445766780057561
0.134622702267964,0.340367457298842,0.395521661607518,0.485158739172602,0.326671302114742
0.197976335688394,0.317804626295808,0.622949822964882,0.864419646122368,0.463640065110982
0.0455006834891767,0.323932748486723,0.140463363774539,0.15080691757083,0.131044500400779
0.120993208081421,0.389169883685634,0.310900748371264,0.364653770355046,0.26721339747603
0.181670019126572,0.310042556454169,0.585951880942597,0.796700416809668,0.443424184330262
0.136261816579588,0.358338479663519,0.380260073401935,0.462664940219413,0.316316421825226
0.150583515119273,0.365780828521504,0.411676893313233,0.509346677529764,0.337461687969111
0.0793028535229399,0.329829574592583,0.2404358481828,0.27180334271656,0.213714914552741
0.143569398498066,0.335991537344807,0.427300638678674,0.533113505665392,0.347732574069272
0.163249383998393,0.291003613156385,0.560987481315784,0.752402110518541,0.429354716022285
0.0639988493026522,0.388004308655661,0.164943656229985,0.17932666912878,0.152058521038328
0.149747981906659,0.323741707756767,0.462553876497022,0.58812468460592,0.370326518003754
0.103613312867301,0.384166715853088,0.269709239742998,0.30958362050072,0.236398512973422
0.140832137248851,0.349766461735204,0.40264620155454,0.495777594249203,0.331451411062255
0.163553792237968,0.381877315227406,0.428288839677665,0.534629278784161,0.348376827013056
0.114041924160329,0.330446514781992,0.345114622363522,0.412151774565439,0.291860819770786
0.132107459655807,0.318695390594214,0.41452579345277,0.513652786414642,0.3393465073528
0.137902655638036,0.329189717837109,0.418915440446028,0.520311792467617,0.342240187207322
0.16678485434342,0.31618439125111,0.527492371408561,0.69467735453846,0.409917175489521
0.109342717021457,0.348921050097922,0.3133738047354,0.368032812605449,0.269023381028794
0.161269588944494,0.341151798798163,0.472720910493883,0.604353562244809,0.376695995488175
0.145185913531188,0.303267389371393,0.478738956510051,0.614037746514324,0.380435803214888
0.182707385713993,0.302705600495733,0.603581121111662,0.828655726270153,0.453150209941559
0.109880635719975,0.329469647853882,0.333507612721603,0.395855672761707,0.283593555183614
0.179831780743474,0.30979406889732,0.580488133241437,0.786910468296548,0.440374871745368
0.089669821851738,0.361826041038195,0.24782578278348,0.281236699257627,0.219504092741475
0.169659465186805,0.33829986289385,0.501506160054341,0.651206379835061,0.39438218492113
0.0988657597738858,0.349811400940151,0.282625893576295,0.32660877610752,0.246198262811016
0.15291921919993,0.285042756468179,0.536478179956842,0.709974024343581,0.41519579492801
0.168803134056519,0.297083857961401,0.568200289355508,0.765087544353525,0.433455862742345
0.13339867597096,0.35332833779852,0.377548760459253,0.458704569164967,0.314460226464878
0.103570331080225,0.307514904174885,0.336797760609756,0.400455807768117,0.285946765008113
0.169597554936187,0.359015011808435,0.472396833998356,0.603833713204747,0.376493964575778
0.195026609685091,0.323367957448949,0.603110497476794,0.827795320144944,0.452892788936181
0.146990335036475,0.359984564009002,0.408323994227705,0.504294464947455,0.335236535597484
0.100565742110328,0.359686010234171,0.279593143043999,0.322591597265292,0.243908700109929
0.118785787777261,0.347602383506884,0.341728921933322,0.407378736293082,0.289459209371092
0.10275324483504,0.34168027288145,0.300729228434828,0.350843521998732,0.259721808103738
0.100960089897586,0.310787350757691,0.324852635255099,0.383826703684992,0.277366163453054
0.145665350029234,0.403623897943498,0.360893769599404,0.434611053476639,0.302946957242106
0.126863209962066,0.359798791900608,0.352594874740744,0.422754632822501,0.297138117191598
0.138960386473539,0.401924199693206,0.3457377947872,0.413032062866605,0.292301975107834
0.13646358163598,0.3465549097728,0.393771889497814,0.482562322063891,0.325492098970997
0.195518853499767,0.393467472146071,0.496912368469387,0.643638477853304,0.391593702949773
0.172870948798405,0.365676330098903,0.472743064205577,0.604389105024782,0.376709803832435
0.124119007962161,0.361944609289103,0.342922659370293,0.409059780141454,0.290306902451214
0.151847311636261,0.317645851119016,0.478039650451367,0.612909434702866,0.380002386690594
0.164284524628447,0.320704413187469,0.512261502720305,0.669061517203468,0.400860909144013
0.141606971097026,0.355980825008717,0.39779381682583,0.48853708696367,0.328199472651496
0.155848960257008,0.346891498963469,0.449272930362067,0.567172327745491,0.361908079733271
0.105802307141894,0.365630221557308,0.289369698957751,0.335585401798671,0.251264652448828
0.0802012862852304,0.301988350079586,0.265577418016603,0.304183817638491,0.23323692068905
0.125888208740572,0.362155020373795,0.347608625197678,0.415678080574237,0.293624720392384
0.145783112440321,0.354559170431109,0.411167231306027,0.508577616869671,0.337123931299591
0.199552541840217,0.376957153229934,0.529377251845105,0.697874631025633,0.411028363504123
0.122741345194479,0.276999450333645,0.44311042872698,0.557544322482135,0.357963696078723
0.102942167857603,0.366454003863431,0.280914294215127,0.32434009546384,0.244906951450596
0.128492901113349,0.348295580658801,0.368919125733103,0.446170640954772,0.308518668765262
0.148457548071695,0.34926035429188,0.425062696774416,0.529686323055255,0.346271202841971
0.145181206375651,0.317700173948005,0.456975533162319,0.579290243538696,0.366804167827117
0.140605917170809,0.283904815925605,0.495257245680729,0.640920304428204,0.390585882019139
0.135425849803767,0.310960719739263,0.43550789925274,0.545747943838842,0.353063994692101
0.101643019302465,0.315533040705772,0.32213114377852,0.380065751127312,0.275396843097406
0.0967215961924685,0.380324430520233,0.254313392542694,0.289575884412058,0.224551255891452
0.107997211463132,0.372981636950383,0.289551014752769,0.335827586482904,0.251400397686878
0.168785027620007,0.36394518920606,0.463764964137069,0.590049207930275,0.371088646179904
0.142500184883825,0.348668377583414,0.408698333561189,0.504857686946324,0.335485336138853
0.153670660397802,0.266252937449575,0.577160431993001,0.780974046896933,0.438509504536384
0.183455226560014,0.316481873434758,0.579670565549254,0.785450145066734,0.439917153238337
0.174095834622057,0.326100564813592,0.533871613260084,0.70552266689972,0.413669475400296
0.142724162149016,0.352964551039804,0.404358346266112,0.498340775589422,0.332595083647365
0.202492468768831,0.309545931112026,0.654159684933956,0.923525470624257,0.480121258973783
0.131620314359522,0.298598524160198,0.440793586404025,0.553939914910235,0.356474474717534
0.110582811767123,0.292469044307773,0.378100909888957,0.459510214458765,0.314838642379195
0.198643854049416,0.32499665339521,0.611218152476963,0.842674690907273,0.457310612158225
0.144063755129806,0.34209353662303,0.421123873172025,0.523673008927934,0.343691202678975
0.127939285741455,0.38130177707204,0.3355328861142,0.398685526762388,0.285043005832231
0.0836178363754493,0.385288352959429,0.217026639225335,0.242377197663062,0.195091473120223
0.148167221291938,0.335141759664905,0.442103131045456,0.555976201612077,0.35731664856831
0.106819636378373,0.352829568831783,0.302751372942049,0.3535778865152,0.261217245078885
0.158092537553693,0.366440046483739,0.431428112376653,0.539454468412449,0.350419242323391
0.141148138183227,0.319605317736654,0.441632633595692,0.555244290971872,0.357014196544583
0.140672731437537,0.321512338946155,0.437534471923007,0.548883690713198,0.354373729934789
0.189909100532814,0.395680492574699,0.479955681658886,0.616002782043326,0.381189184132736
0.141811141158647,0.376844064481221,0.376312524263505,0.456902379972939,0.313612213318936
0.13817624913143,0.345508718950369,0.399921164221844,0.491707093116143,0.329627106678817
0.0944808873770875,0.392602342557544,0.24065288750344,0.272079404007044,0.213885550815456
0.15779053773729,0.32095377229549,0.491630108002027,0.634979241604123,0.388371439493707
0.0958686313376325,0.325627856335887,0.294411640381109,0.34233634980121,0.255030231321612
0.160580802117133,0.340564716071231,0.471513326364516,0.602417339656276,0.375942848812093
0.121745819665233,0.322393076370544,0.377631619871713,0.45882544157616,0.314517027534446
0.0794923747523985,0.395483138170731,0.201000667487577,0.222625587910446,0.182088114392345
0.162377831084183,0.372676781609145,0.435706862077823,0.546055520813792,0.353192698103343
0.112753309763755,0.395900459086224,0.284802169777727,0.329498987023478,0.247836959816848
0.175825204360651,0.399272421408006,0.440364009466558,0.553272521519248,0.356197971607773
0.156999723555485,0.274669217326904,0.571595627218132,0.771090798694811,0.435376209544457
0.113657164176367,0.304269999140553,0.373540488702156,0.452869387148523,0.311706882362872
0.128687306844789,0.370598511140276,0.347241834428416,0.415158918139851,0.293365580938115
0.149072891199887,0.341738014857996,0.436219807918741,0.546848766991793,0.353524390141428
0.161359138384569,0.345353719802018,0.467228609777452,0.595566123742555,0.373263204125691
0.123124471033746,0.327662305637769,0.375766357360192,0.456106885367826,0.313237228634221
0.141717704146505,0.385687852414098,0.367441451058066,0.444035249318477,0.307496129009346
0.148219211154264,0.349744739233489,0.423792539321979,0.527744613971314,0.345440336784734
0.132968170718917,0.305314649934507,0.435511924329345,0.545754165605249,0.35306659865384
0.119914259918752,0.323842583613213,0.370285644898305,0.448148211738238,0.309462945923413
0.163788180604804,0.298596485347014,0.548526820114635,0.730701504265935,0.422199612391195
0.154889361834176,0.37763536200184,0.410155873679598,0.507052676651731,0.336453187408331
0.136431758509416,0.373769998994354,0.365015273768606,0.44053601039488,0.30581395204006
0.138654534177751,0.325614707923241,0.425823928722644,0.530851212474401,0.34676865272645
0.124398018986147,0.398275188347285,0.312341874728273,0.366621826639976,0.268268674986236
0.134857033034411,0.352825421378907,0.382220284772465,0.465534884596344,0.317655273504163
0.125749605554179,0.313014502898995,0.40173731373321,0.494418717837028,0.330843499171794
0.138012469306353,0.386991956001691,0.35662878043323,0.428505482228593,0.299967684800262
0.105687395225311,0.32455863698137,0.325634209609333,0.384908689918565,0.277930734871191
0.153084371259345,0.376500773936479,0.406597759836671,0.501699940131086,0.334088007013766
0.101013143150248,0.407362970479463,0.247968397891828,0.281419435998512,0.219615395312951
0.109657802946591,0.353145749503227,0.310517125296985,0.364130358083268,0.266932229699005
0.128729815767013,0.400688314490515,0.321271699502134,0.378880171059448,0.274773819372817
0.166420098390026,0.369863460948117,0.449950092294656,0.568233916580855,0.362340025026208
0.163758306486986,0.352673403653435,0.464334153895847,0.590954505273928,0.371446514224603
0.181094692924855,0.332955139767426,0.543901178553221,0.722714386470815,0.419520723891661
0.154958851170643,0.404326690909806,0.383251599893043,0.467047092529984,0.318358623188123
0.15103023496419,0.334657149926114,0.451298395977898,0.570349798251748,0.363199204971218
0.12307116487181,0.291551656161254,0.422124732516493,0.525198754697924,0.344347746862633
0.0799766767949208,0.373626314245234,0.214055257206609,0.238691099512413,0.192696225561295
0.141685623469971,0.325321712066705,0.435524645956981,0.545773830239244,0.353074828647328
0.0942742731269483,0.34915318816568,0.270008341101595,0.309975377325387,0.236626873062509
0.114969146869542,0.40724252769308,0.282311249566226,0.326191432263226,0.245961046292209
0.129531922146208,0.363177323698996,0.356663022974322,0.428554398723777,0.299991655275174
0.191049122250456,0.367889159106067,0.519311639176012,0.680870206175062,0.405070066489208
0.166092173618006,0.325988058527378,0.509503858418349,0.664465179665725,0.399206416441328
0.0695718162260525,0.327855349565252,0.212202778811775,0.236398575094271,0.191199326702756
0.15052736303263,0.326176926485467,0.461489917924459,0.586435884299526,0.369656214980576
0.121010163996015,0.368624148493387,0.328275194369655,0.388571046648548,0.279835192867086
0.123680037338198,0.332991029268876,0.371421529311924,0.449794075298982,0.310246870891802
0.150639151788554,0.35247764303064,0.427372217123737,0.533223247473759,0.347779260686487
0.139052046487781,0.374044567089398,0.371752616459063,0.450274162954351,0.310475201486799
0.151044048397509,0.299084998390595,0.505020476487593,0.657019450051681,0.396506782120867
0.174120379289666,0.349139784568387,0.498712512826107,0.646599929103858,0.392687936926951
0.121558994611947,0.306867504842878,0.396128598478315,0.486060410371462,0.327079846134898
0.185106177191853,0.403813062434031,0.458395714284485,0.581534715129838,0.367702782345879
0.17195144768821,0.294468735007921,0.583937876065467,0.793085494864593,0.442302108369062
0.111893372537226,0.426761511982746,0.262191808294442,0.299775826305661,0.230636560735024
0.133156940878807,0.32151260964672,0.414157755819034,0.513095807725679,0.339103317255838
0.142592437161911,0.355699393545316,0.400879056162193,0.493136671899687,0.330268944015874
0.188441062791565,0.364866751863762,0.516465426978469,0.676092894737854,0.403374357626877
0.0872250652634742,0.358676323107489,0.243186013807034,0.275305826548242,0.215874357990967
0.1355273828299,0.365465306706223,0.37083515272995,0.448944199202614,0.309842297204874
0.0740884165314491,0.366488108714095,0.20215776383961,0.224041102303456,0.183033969922943
0.118030490794863,0.347863724181458,0.339300946290375,0.403965799940752,0.287731937599762
0.110379672256134,0.320058067870003,0.344873894261484,0.411811870862786,0.291690330249964
0.142811526712591,0.312061894293589,0.457638466355758,0.58033755457348,0.367223795254368
0.1151959940913,0.323845926324436,0.355712345678525,0.427196949841254,0.299325856805377
0.0903887191398334,0.355166617649054,0.254496663391794,0.289812247737965,0.224693360019049
0.153820808658991,0.356617006459163,0.431333351671228,0.539308595532671,0.350357684675986
0.179653588667321,0.337552859427561,0.532223572248763,0.702714210460284,0.412702381963632
0.14225212408269,0.305059872701943,0.466308868559963,0.594099290470232,0.3726865032949
0.137564575103234,0.319628404666171,0.430389080241194,0.537855756449075,0.349743956280392
0.139252148707854,0.351006644609212,0.396722258243538,0.486942886565177,0.327479213199648
0.195797883891441,0.36101058811668,0.542360502258061,0.720062284791946,0.418625703940159
0.150950225949996,0.292243800561167,0.516521567472571,0.676186994062492,0.403407851545042
0.12943447755587,0.30647984765522,0.422326226491339,0.525506104020916,0.344479843532446
0.115312615932525,0.315840896657439,0.36509716491083,0.440653982364549,0.305870797400846
0.132920335910919,0.380223972312851,0.349584312378787,0.418477782367394,0.295018919273425
0.139087334511347,0.374003986656989,0.371887304610226,0.450469510855268,0.310568066053073
0.0917795455032739,0.326613702324452,0.281003353043964,0.324458044893865,0.24497419615875
0.178867563074357,0.342939784481198,0.52157134041753,0.684672765372587,0.406412912611645
0.182497718057741,0.341814576525804,0.533908529918893,0.705585630260296,0.413691120364689
0.094764791451463,0.339858246933149,0.27883622747605,0.321590885870078,0.243336186189236
0.136852484615081,0.370515531931432,0.369356944098115,0.446803939645105,0.308821345727538
0.154186684850779,0.329706298150271,0.467648588200475,0.596236367821207,0.373526364792104
0.122284384847948,0.39399045701,0.310373976506858,0.363935098448856,0.266827284423389
0.165679142947777,0.341840339774214,0.484668202287678,0.623636200684484,0.38409848241963
0.180496778429468,0.414800240904107,0.435141450342588,0.545181609962006,0.352826882255874
0.144402037900175,0.376252119497396,0.383790629785872,0.467838087932976,0.318725949257653
0.159966603144708,0.31874651875087,0.501861490979097,0.651793208778032,0.394597341431266
0.074275332676627,0.335161055650303,0.221610868638997,0.248085614103792,0.198772913733113
0.127114030846066,0.331419898396512,0.383543750574644,0.467475753951821,0.318557736094063
0.0962997498589773,0.331919807386871,0.290129566587554,0.336600655592733,0.251833376098011
0.154124007993616,0.395531579791736,0.389662964648156,0.476483083018898,0.322714894941197
0.144889165812245,0.344945957781314,0.420034392471706,0.522013900538503,0.342975777260516
0.106342694659419,0.351712620199422,0.302356778096625,0.353043877023926,0.26092566768822
0.131680581716446,0.35141009590507,0.37472054232619,0.454584862911701,0.312518626105967
0.140062012904767,0.358269143116055,0.390940765053262,0.478370939595591,0.323579777431535
0.132095136720199,0.309935036913701,0.42620265858158,0.531431101341836,0.347016004099823
0.177492769853028,0.318571050854225,0.557152852957273,0.745695167225955,0.427162302574809
0.12931881153127,0.297805737518552,0.434238818260559,0.543787508743189,0.352242459317404
0.169367045772959,0.299919277656296,0.56470876796073,0.758935449763571,0.431474304452494
0.144275181535062,0.332717638815927,0.433626488960751,0.542842491779224,0.351845696933853
0.198384356976798,0.340690642292318,0.582300575213865,0.790152076556318,0.441388241202568
0.130541379059734,0.341986728275239,0.381714751675015,0.464794195443929,0.317310238455079
0.150606622615209,0.336139262116108,0.448048293041074,0.565254284717757,0.361126169873212
0.100228885989388,0.331423663805367,0.302419220277066,0.353128366671673,0.260971815660234
0.196252097313481,0.290360543554569,0.675891066020816,0.965783838969911,0.491297069303404
0.137767642580209,0.302007874722597,0.456172352150594,0.578022296866591,0.366295392666089
0.156122778582119,0.331916794366488,0.470367216217855,0.600581844924599,0.375227200551492
0.174223740379086,0.371618522878395,0.468824156098638,0.598113955452741,0.374262394375561
0.100122823373582,0.368696663191971,0.271558799872976,0.3120080154931,0.237809534552147
0.1279812294105,0.333093990790845,0.384219568496694,0.468467835562022,0.319018111406388
0.145181779350661,0.353483235793989,0.410717580494462,0.507899436203608,0.336825801515206
0.149390499827403,0.334241514838699,0.446953754082576,0.563541990180664,0.360426514746526
0.132919879464559,0.319212018153779,0.416399984666384,0.516492321251847,0.34058353874518
0.198808298233072,0.352026634294474,0.564753569375569,0.759014254325596,0.431499774637472
0.171762440729749,0.320379288562123,0.536122174128755,0.709365371973361,0.41498756415923
0.132828826032726,0.307260240609804,0.432300729079387,0.540798408381638,0.350985830099383
0.153059965285144,0.342163021605012,0.44733052849245,0.564131203784661,0.360667444278112
0.124232008755144,0.341733219781736,0.363535066431324,0.438405295761427,0.304785651897475
0.132127239966949,0.362203398209809,0.364787411216978,0.44020780357828,0.305655755012963
0.147228296195911,0.371280152669582,0.396542328312755,0.4866753651028,0.327358195694019
0.175996010554522,0.323870131198902,0.543415380427396,0.721877698297764,0.419238659639652
0.0972890815210106,0.356518859854942,0.272886212977891,0.313750748534062,0.238820604961907
0.118726132897192,0.295729141727818,0.401469169401184,0.49401805164875,0.330664044590069
0.10555302537099,0.335874739450243,0.314263065879138,0.369249892099605,0.269673121195867
0.10685214655168,0.332043421842295,0.3218017268911,0.379611209034171,0.275158107261195
0.119737884214705,0.327859472824244,0.365210994769376,0.440817981137376,0.305949805532963
0.165977137276239,0.31048796646662,0.534568663530099,0.706711916370379,0.414078034841009
0.17609622109755,0.354852517623219,0.496251857749333,0.642553195478567,0.391191711323149
0.182663452996966,0.345799754985143,0.528234766981874,0.695935942631972,0.410355087794135
0.156542498817997,0.336418354829109,0.465320921319874,0.592525182171791,0.372066444414864
0.139882361628555,0.332216094351267,0.421058353303772,0.523573181343508,0.343648200004291
0.146935356552893,0.364715543561096,0.402876595601631,0.496122252204737,0.331605422934947
0.111098546109495,0.311850633264931,0.356255637342612,0.42797254471515,0.299706423837807
0.185586957400971,0.317228171894197,0.585026721595422,0.795038951303661,0.442909024746375
0.100301683814307,0.391195315843717,0.256397967337567,0.292266905639816,0.226166053130573
0.162291027591709,0.305535464973913,0.531169197021253,0.700919856904447,0.412082823337762
0.0707724345909066,0.34424444976831,0.205587728832053,0.228246728886499,0.185831334632108
0.128416893775572,0.335510229777379,0.382751053107324,0.466312950574845,0.318017344382067
0.14719431274846,0.329074075767346,0.447298415729735,0.564080976016938,0.360646913213801
0.146834430238588,0.380185312747703,0.386218050290726,0.471405476229483,0.320377682321445
0.133985349175088,0.270390970280498,0.495524495644562,0.641358898924787,0.390748726159114
0.115568392769613,0.356556847519626,0.324123330048378,0.382817839594429,0.276838950607339
0.143509718038215,0.359328418457702,0.399383156651464,0.490904759257455,0.329266343949395
0.148160419502148,0.314052521651503,0.471769558553515,0.602827983166701,0.376102731857536
0.189805956510142,0.281099096598253,0.675227913597362,0.964480656805076,0.490959609840931
0.13097341090961,0.268152577881942,0.488428684684405,0.629753350544364,0.386410219886351
0.140610233840356,0.326771060589184,0.430301978353985,0.537721812143918,0.349687315285082
0.101945426612098,0.329304053114037,0.309578414380446,0.362850434857492,0.266243767897711
0.114151450100169,0.381052450091437,0.299568865317039,0.34927696206286,0.258862318029104
0.0975213506310953,0.417965446793736,0.233323953879904,0.262790498953579,0.208103006137077
0.182844703630958,0.32389803971291,0.564513152944747,0.758591409228298,0.431363081411379
0.117822026535487,0.342474239618415,0.344031792483907,0.410623482019135,0.29109361020375
0.192390636265028,0.325959501745656,0.590228648757565,0.804400942267781,0.445799447021351
0.14193212962934,0.34422528475317,0.412323370524956,0.510322751232085,0.337889865471321
0.131077523310721,0.340480203364082,0.384978398202367,0.469582575472861,0.319534664679707
0.150760357788974,0.335071996958496,0.449934220577818,0.568209026213722,0.362329904187329
0.0996527403083701,0.348782595140574,0.285715920739124,0.330714373196624,0.248523935607749
0.131045268391372,0.34541956614638,0.379379980854468,0.461378226002934,0.315714452147591
0.101491529321391,0.373952797403699,0.271401979142908,0.31180228157035,0.237689997914238
0.0893142859917976,0.31577665270596,0.282840055546994,0.326892915682218,0.246359681191113
0.123239445256164,0.306195629695863,0.402485970745485,0.495537943795316,0.33134428039837
0.1081758776084,0.301805954452277,0.358428573103268,0.431078810959073,0.301226464718721
0.142534533074853,0.326047235995022,0.437159151617617,0.548302472291746,0.354131367807071
0.159677979188505,0.311665305085979,0.512338000357322,0.669189201349276,0.400906740115705
0.0944967527961357,0.343778622726475,0.27487675657867,0.316368431120908,0.240334258739033
0.177527315096946,0.36011700277098,0.492971211386668,0.637173388759086,0.389191146847335
0.146310990779469,0.383002154403742,0.382010881915914,0.465228029534419,0.317512373607982
0.164744024579365,0.309718253695814,0.531915773815408,0.702190198343043,0.412521584853781
0.117935178873488,0.323629611330714,0.364414054661306,0.439670192919761,0.305396468637082
0.148176251500008,0.358335150926386,0.413513022981237,0.512120579586289,0.338677078071647
0.13360740644256,0.297124645356624,0.449667870136448,0.567791388668871,0.362160037854879
0.129544443219205,0.293345768713055,0.44161006237633,0.555209187607984,0.356999683407177
0.12635202723353,0.319844711322922,0.395041789845207,0.484446224402656,0.326348113147445
0.169032931480929,0.35063738983862,0.482073322410726,0.619428521352051,0.382498216614645
0.0867084922208363,0.344583665194589,0.251632625045855,0.286123460936312,0.222469669224454
0.11913478205484,0.351464774507474,0.338966493076839,0.403496317581584,0.287493677416171
0.202706868388009,0.330446872904833,0.613432551520581,0.84675962915296,0.458511013445392
0.170494175567799,0.323064332499253,0.527740633727164,0.695098131297126,0.410063652636572
0.160459307468323,0.355425837149092,0.45145650849523,0.57059810984151,0.363299883188507
0.143318126290079,0.325897167298964,0.439764872698648,0.552342177570486,0.355812130567074
0.178085222496615,0.349978852776329,0.508845666199234,0.663370002093697,0.398810848613783
0.153165922557305,0.358105470427734,0.427711764286534,0.533743937471777,0.348000682794287
0.151593766649553,0.382784166773174,0.396029354942946,0.485912935800634,0.327013059845809
0.0660410477224142,0.316064473712994,0.208948025529701,0.232380944518885,0.188562591423065
0.123905617998068,0.359387266258151,0.344769082355481,0.411663903924168,0.291616087072721
0.136798783676038,0.343778568846466,0.397927026501565,0.48873538771384,0.328288957021678
0.15473591554571,0.336970076539282,0.459197793272517,0.582803739754648,0.368209731324611
0.134284412131605,0.346091713911265,0.388002389927297,0.474033307116369,0.321589278090136
0.21016157622031,0.320503913615774,0.655722340015654,0.926533627219166,0.480933015717229
0.1382558369983,0.402411476865778,0.343568324827909,0.409969855139586,0.290764978871835
0.118396904423378,0.336324067220499,0.352032209296978,0.421954323130074,0.296742529817166
0.169564245918635,0.316253332859835,0.536165878111984,0.70944007968141,0.415013130974224
0.183737992224482,0.33207172196851,0.55330815624796,0.738996384406798,0.424955676178063
0.11064892613401,0.339578624747694,0.325841846542085,0.385196277966998,0.278080647554393
0.121989018424282,0.308406543481495,0.395546141943652,0.485195096802771,0.326687785225838
0.160096030159059,0.31483837831689,0.508502270323346,0.662798905756576,0.398604367288179
0.131348279315295,0.302704885318652,0.433915294023177,0.543288136850553,0.352032860149669
0.15195730838373,0.366381347498259,0.414751759120195,0.513994858623605,0.339495775494829
0.119836961635207,0.357328444658569,0.335369219625692,0.398456627545773,0.284925981755363
0.137247235445316,0.297051907934248,0.462031152736093,0.587294751029855,0.369997286672064
0.125604701579099,0.29768431980729,0.421939259885813,0.52491589830445,0.344226130036485
0.121336474851408,0.33250549993945,0.364915692743438,0.440392567484388,0.305744820839726
0.0917489289662445,0.311391279284093,0.294641934665546,0.342645517788805,0.255201773848026
0.0986775919222492,0.336418761295757,0.293317743464071,0.34086877504063,0.254214865306489
0.11500981680478,0.358973111634271,0.320385602924918,0.377658891225331,0.274130914140459
0.14243293019806,0.385692242185142,0.369291664750904,0.446709496311015,0.308776224563457
0.159037417058587,0.334010027413455,0.476145636375527,0.60985745269129,0.378826989726175
0.125843771868338,0.377719482335976,0.333167278240633,0.395380695775917,0.283349695873542
0.129520312418434,0.335387089125054,0.386181569351169,0.471351798954346,0.320352888608506
0.0971851951571397,0.3263562442369,0.297788679926693,0.346877135629209,0.257541780503358
0.132884907637457,0.372612103315289,0.356630679613256,0.42850819522025,0.299969014286391
0.141346215332794,0.306831158881714,0.460664476997541,0.585126915505223,0.369135688620067
0.129133808396201,0.34382356796403,0.375581607627638,0.455837894858912,0.313110337674709
0.0979948096568241,0.321085009229734,0.305198956164003,0.356894938764614,0.263023266259324
0.170410430461509,0.344063720279809,0.495287414560659,0.640969809902602,0.390604267083162
0.150422064224447,0.362749517615606,0.414671989678133,0.51387409291522,0.339443085339857
0.108570874073782,0.36241241871817,0.299578238675679,0.349289609379004,0.258869264945841
0.166195584296952,0.320783959053389,0.518091941964256,0.678821303245867,0.404343989401028
0.0495691920345825,0.341938052117312,0.144965416184731,0.155999590700407,0.134947790600764
0.111805101512412,0.321344759519189,0.347928815393474,0.416131439392691,0.293850858625912
0.112118716654943,0.335893723535166,0.333792234862064,0.396253020735396,0.283797431304172
0.0890830098265997,0.373642293093159,0.23841789720627,0.26923949365006,0.212126627793298
0.157804749817166,0.376385143266661,0.419264024205558,0.520841840845654,0.342469431637969
0.118686521843899,0.310986621471109,0.381645105125285,0.464692181134665,0.317262689812871
0.128260136990769,0.334928349894958,0.382947985833374,0.46660174401695,0.318151635861929
0.108787029786998,0.376930153713184,0.288613231696441,0.334575457210696,0.250698044387815
0.139584909972686,0.329080562999222,0.424166376465741,0.528315848421873,0.345684989766617
0.148086369137126,0.346000573212611,0.427994577471782,0.534177761822819,0.348185050725895
0.204642058371443,0.355096577663844,0.576299720255738,0.779441801136555,0.43802601503388
0.148738165988877,0.312655328258256,0.475725671516519,0.609181511078944,0.378566064104535
0.10070125162722,0.336058405456645,0.299654018444753,0.349391862108312,0.258925425533852
0.123815356787393,0.331490782049477,0.373510708267335,0.452826120710687,0.311686384389327
0.11679208480154,0.365480285991479,0.319557823713267,0.376518965702845,0.273529806042735
0.105311966205864,0.35306569114362,0.298278674047162,0.347537259221793,0.257905491550191
0.0928825746180214,0.345294436757749,0.268995282664185,0.308648967695261,0.235853139622951
0.0920781428078801,0.364488148769726,0.252623145961469,0.287398024261037,0.223239447975697
0.123504878674399,0.338673865906791,0.364672007814118,0.440041608286857,0.305575620700538
0.0891560801575383,0.34733497953393,0.256686154320455,0.292639373808099,0.226389029869937
0.177062437001735,0.340001437357868,0.520769671968675,0.683322757571573,0.405936861780067
0.121066512516086,0.341826837172663,0.354174977943389,0.425004509024589,0.298247834538785
0.182493901913547,0.339298756531494,0.537856088183475,0.712331835669812,0.416001046544328
0.126559344596003,0.400372636797958,0.316103881644311,0.371772750233543,0.271016281793212
0.132628705198835,0.355199569971978,0.373392077049242,0.452653780400982,0.311604724063042
0.10858186191488,0.358626298575475,0.302771610297923,0.353605279629774,0.261232195937127
0.109527065802642,0.292550265724182,0.374387169095601,0.454100024077421,0.312289400012584
0.141821619986849,0.323041842785622,0.4390193504467,0.551185303225836,0.355331695110568
0.15143986039911,0.3934685163781,0.384884314997099,0.469444318937664,0.319470641308171
0.117483855490867,0.38431157321601,0.305699499257164,0.357574293163249,0.263392062566296
0.13803019248551,0.332908886921307,0.414618527495596,0.513793160065569,0.339407769581489
0.0958485062761834,0.355969292787186,0.269260602580925,0.308996224395434,0.236055856110773
0.166442629015377,0.399498897302284,0.416628506710086,0.516838912776751,0.340734212725738
0.111101670188869,0.342678961777543,0.324215030921544,0.382944651012019,0.276905262066552
0.128541086605501,0.342542932443952,0.375255404303324,0.455363073146368,0.312886235433961
0.138056495867281,0.334921632832232,0.412205370849951,0.510144544152683,0.337811732080863
0.1423922912194,0.389838150398608,0.365260021559729,0.440888621550096,0.305983831752236
0.0916603740654712,0.340822180978128,0.268938992768647,0.308575306054796,0.235810124665363
0.150804219452385,0.356875507330883,0.422568140302676,0.525875189658415,0.344638403732181
0.159498016040891,0.337076842077187,0.473179987856798,0.605090253733602,0.37698207457562
0.141641010342317,0.31447505715256,0.450404593689614,0.568946843084334,0.362629776523125
0.173329702364031,0.316347667629756,0.547908899290167,0.729632398111008,0.421842467166934
0.113316832219964,0.347310184740192,0.326269822190016,0.385789235118132,0.278389545351928
0.171638192752346,0.361204554847114,0.475182802788838,0.608308173834604,0.378228615467549
0.157231671035373,0.350236822889934,0.448929583525787,0.566634336448944,0.3616889552755
0.12927703741118,0.3451734336858,0.374527772982832,0.454304490567285,0.312386087998719
0.079730667333015,0.350200604374731,0.227671415574428,0.255672663158128,0.203614103149374
0.185049939934912,0.323861164109293,0.571386632428899,0.770720688623511,0.435258193782464
0.116186109345752,0.314395514427704,0.369553966306568,0.447089020235173,0.308957509858319
0.177383543775216,0.287243901391339,0.617536326849809,0.854353887665568,0.460728609219844
0.182154925060224,0.322754065874506,0.564376856312169,0.758351735474873,0.431285572832257
0.152351329508822,0.385965932944544,0.394727400800713,0.483979604126558,0.326136291078892
0.168678400961689,0.35170778918454,0.479598138422757,0.615425094459339,0.380967892952853
0.129385486145248,0.31815605901758,0.406673022493338,0.501812966311369,0.334138123433493
0.152950833070268,0.302297025138274,0.505962084808168,0.658580448162273,0.397074768903726
0.158708204971728,0.330776202058174,0.479805391029359,0.615759930217529,0.381096175676686
0.114111757493505,0.331173740030241,0.344567650451647,0.411379578413502,0.291473381580258
0.170805939613629,0.362844851209267,0.470740976603023,0.601180190823482,0.375460672239704
0.133242081175481,0.307070318709573,0.433913905242993,0.54328599356406,0.35203196026512
0.129245943350724,0.283124940282342,0.456497909445333,0.578536117171033,0.36650166624496
0.126837383600844,0.337852948037274,0.375421864268743,0.455605352997584,0.313000602848388
0.135578539375447,0.307187070207232,0.441354967460004,0.554812512247486,0.356835636372326
0.103660870676231,0.311385472755595,0.332902077155006,0.395010688365886,0.283159614231057
0.0868598361039601,0.292028073978141,0.297436595463975,0.346403004588548,0.257280326475806
0.105524554645839,0.329806005815608,0.319959469461078,0.377071949736609,0.273821531118059
0.116377152850538,0.359469995386887,0.323746499969447,0.382296850407151,0.276566390420803
0.182975998155829,0.385923139467243,0.474125491434442,0.606608589994019,0.37757086185894
0.109924451458328,0.29654951188864,0.370678241074316,0.448716860805884,0.309733994920356
0.125689367901969,0.329124843767173,0.381889639394356,0.465050392362268,0.317429622070824
0.157983385934692,0.35571440145124,0.444129856115337,0.559132935423246,0.358617871972195
0.122838613047261,0.362528207589416,0.338838773026962,0.403317074408618,0.287402670261518
0.142785093888022,0.366763664461551,0.389310904333029,0.475963363411104,0.322476407755206
0.175209413432234,0.345382932049633,0.507290306421555,0.660784874220149,0.397875055630208
0.142001358470604,0.306779803008941,0.462877142099429,0.588638153677759,0.370530036884132
0.137165311628607,0.370230574356649,0.37048618112364,0.448438647034771,0.309601409733723
0.110716784344958,0.364162437303372,0.304031314060882,0.355311495731881,0.262162238607745
0.121802927527334,0.326665525945117,0.372867406730266,0.451891815986193,0.311243448727099
0.154032293741301,0.353106088831461,0.436221007264536,0.54685062219947,0.353525165488767
0.0615676287140828,0.377521984082581,0.163083558865317,0.177135045647892,0.150479799495221
0.145566994599315,0.3291918247933,0.442195047494623,0.556119227992657,0.357375719025098
0.12960504086673,0.353537019384836,0.366595388206435,0.442814021428208,0.306909979284701
0.164361032628751,0.374847161091571,0.438474796368004,0.55034082889399,0.354980542753687
0.166787284601966,0.347982951157036,0.47929728754642,0.614939165503755,0.380781628583473
0.135278442493469,0.353252000477328,0.382951667112078,0.466607142996656,0.318154145931171
0.160434596559841,0.332628089201998,0.482324258738149,0.619834945788919,0.382653150804224
0.157711353362935,0.30333505307981,0.519924590849841,0.681900814205616,0.405434618050106
0.146743813075186,0.296310251921476,0.495237043347641,0.640887154344499,0.390573570307777
0.181828829237487,0.301044987391024,0.603992216622798,0.829407632972782,0.453374971233173
0.104355103047654,0.358652455924214,0.290964417847749,0.337716984253787,0.252457723292027
0.202137216444498,0.375354575312752,0.538523384924971,0.713474850446719,0.416390617148953
0.151659831263206,0.36169584165818,0.419302114638441,0.520899771473013,0.342494476784959
0.107321041199925,0.288683882239857,0.371759726823806,0.450284474969289,0.310480104242186
0.0913977153967045,0.370923065679838,0.246406125294981,0.279419072491985,0.218395268993253
0.14777005163389,0.301217445930153,0.490576006238879,0.633256715121435,0.387726380830678
0.134066622625161,0.348203638077148,0.38502361252026,0.469649023148779,0.319565430760154
0.113890636325287,0.354766036429218,0.321030269615481,0.378547308359159,0.274598706960396
0.0880721888832413,0.336146936401462,0.26200503216265,0.299533081874765,0.230492848587314
0.169225748951061,0.366571296301717,0.461644844149977,0.586681683863015,0.36975386419956
0.128625368091289,0.330306581581613,0.389412065225556,0.476112680734693,0.322544943179894
0.0919497918552599,0.356787667115361,0.25771572374874,0.293970921131757,0.227185106195925
0.103432156117644,0.367073247685243,0.281775249953205,0.325480784639181,0.245556773369432
0.141387470810532,0.321355624910413,0.439971980729907,0.552663713397899,0.355945533233614
0.195683785552098,0.354319699717689,0.552280287288607,0.737209842325708,0.424364302091888
0.137390800212848,0.312843468140841,0.439167872128931,0.551415704985928,0.355427435221773
0.173551639153688,0.349757712088342,0.496205324873157,0.642476764532399,0.391163381063298
0.124313869888603,0.30245432224642,0.411017005692914,0.508351006893986,0.337024342855572
0.116274643468849,0.297770914541958,0.390483548897673,0.477695159018726,0.323270436465355
0.151403799016737,0.307287889997868,0.492709943817791,0.636745704320445,0.389031541454274
0.132054303475642,0.345977910073079,0.381684204774081,0.464749451204155,0.317289384080048
0.0782526941620222,0.350132416219833,0.2234945710165,0.250438851646144,0.200280766481666
0.136011817922117,0.372979037953473,0.36466343703499,0.440029266061188,0.305569668917056
0.129752483804585,0.307016116030383,0.422624341295961,0.525960947769525,0.344675234669874
0.185126029707804,0.331139854207342,0.559056928230353,0.749022268748875,0.428251990916429
0.141023969029077,0.337925295622144,0.417322913839411,0.517892582327305,0.34119185267593
0.14237376689432,0.315964967462207,0.450599849843636,0.569253219520748,0.36275421483258
0.0874468612081152,0.337758341954181,0.258903631223942,0.295508952200101,0.22810259373218
0.137655452430202,0.298078545700703,0.461809326486785,0.586942686438716,0.369857520031731
0.103881652448545,0.385724957551459,0.269315351301026,0.30906789222518,0.236097679929969
0.123970771186448,0.295733749861208,0.419197238207102,0.520740273296502,0.342425516335998
0.152262188296283,0.316091535397535,0.481702833657944,0.618828652428161,0.382269396764105
0.13084197098626,0.355770548268739,0.367770664612253,0.444510723557265,0.307724073146795
0.135466356943883,0.333629315779124,0.406038530000064,0.500860379494493,0.333715505011324
0.144179193320015,0.329811583245084,0.437156245094264,0.548297972120992,0.35412949057208
0.150052973444966,0.32595144736081,0.460353757162078,0.584634461642404,0.368939636107911
0.0898168522942153,0.374266801220474,0.239980815827973,0.271224762692945,0.213357047984486
0.124074937914581,0.345851324768955,0.358752241291744,0.431542080614163,0.301452598884849
0.0989107757173873,0.313135544177235,0.31587208017945,0.371454808151726,0.270847282713111
0.100562731999456,0.363732966930888,0.276474065158256,0.318472757892023,0.241546710757375
0.106225668276535,0.372083745252273,0.28548860204714,0.330411911324825,0.248353091634456
0.125770167020525,0.326759912379007,0.384900846939404,0.46946861190717,0.31948189168727
0.147541484578449,0.325268156719061,0.453599534816694,0.573967552043475,0.36466288729923
0.155360628980015,0.322474330728972,0.481776731279086,0.61894828443482,0.382315043899563
0.12630561866106,0.360540124758304,0.35032333431884,0.419526456018731,0.295539723292903
0.107124062648444,0.37086654504823,0.288848007669479,0.334888820245872,0.250873941834488
0.134762984309862,0.348674361473307,0.386500985447934,0.47182184746947,0.320569944168638
0.063179515738788,0.300119550386625,0.210514495498204,0.234312945073586,0.189832688710574
0.100606007725968,0.384250022049767,0.261824338198575,0.299298285304554,0.230353790726661
0.0912605261342836,0.378532896898585,0.241090079308837,0.272635668286522,0.21422915849404
0.113289285602575,0.384586855439216,0.29457399284537,0.342554299107293,0.255151169181811
0.165305127913351,0.305497560965723,0.541101301728229,0.717897744532718,0.417893176015545
0.0986223178037592,0.3267172424769,0.301858319616333,0.352369608890513,0.260557177988936
0.100171705497423,0.340805221943119,0.293926557011915,0.341685362666339,0.254668771214218
0.143727824099969,0.311583996418672,0.461281149712333,0.586104721485646,0.369524605498093
0.163740235330738,0.36848236645435,0.444363829146824,0.559497773162071,0.358767920538688
0.160435169374534,0.366136001242062,0.438184633115239,0.549891042215121,0.354793354653635
0.200365389069503,0.336590763826789,0.595278928011857,0.813536720611289,0.448591258928063
0.122483853491767,0.328065295416262,0.373352058883141,0.452595649023873,0.311577175195322
0.147943248246983,0.429681579574464,0.344309030872347,0.411014615216049,0.291290119027659
0.125772932121858,0.295682364406443,0.425365010775451,0.530148838556839,0.346468804339877
0.198761095851487,0.314594047324618,0.631801833320746,0.880996770329258,0.468366976608388
0.144201563113275,0.359689251878625,0.400905955238093,0.493176836436545,0.330286958920089
0.100164134275163,0.409452809960224,0.244629251133709,0.277147724348157,0.217005221138072
0.126902544536591,0.292733263423579,0.433509137473609,0.542661447541501,0.35176963059933
0.171622924523736,0.302282203899068,0.567757288752071,0.764305782679489,0.433204827747445
0.15960072656433,0.333321985041738,0.47881848100822,0.614166107159982,0.380485071787665
0.105060216621421,0.377482915497624,0.278317805410938,0.32090592155944,0.242943813273684
0.136212880143175,0.353150382705158,0.38570786501709,0.47065497828674,0.320030860559175
0.1503622755745,0.33964363457579,0.442706002019734,0.556914537319958,0.357703986937279
0.100407086529686,0.330816869664396,0.303512594843021,0.354608651917913,0.261779408699215
0.141112098745446,0.378340254348989,0.37297669788867,0.452050503596058,0.31131871961515
0.122541452839003,0.302808971945426,0.404682371370053,0.498826354280566,0.332811304562363
0.1550275993157,0.37540634217353,0.412959457259354,0.511283753106674,0.338310891026025
0.169214325810745,0.314652185137997,0.537782141053725,0.712205218326939,0.415957859901199
0.194939996798336,0.336886759983033,0.578651404430837,0.783631410649136,0.43934604760293
0.144758346265843,0.355498157970541,0.40719858322821,0.502602467684873,0.334487982346559
0.155586365998271,0.297086238131901,0.523707752256076,0.688275767590484,0.407679705414948
0.201402955793148,0.38282932479481,0.52609072176249,0.692303674546741,0.409089506191709
0.153991343026352,0.308806835858488,0.498665590087259,0.646522667938064,0.392659439513033
0.147749891085091,0.315833289629724,0.467809746269336,0.596493634921468,0.37362731793842
0.161648957823726,0.293278868881162,0.551178332214676,0.735296569489437,0.423729627786781
0.176614280554176,0.301905621265486,0.584998317732107,0.794987965986736,0.442893200985733
0.11242909332827,0.288494225692534,0.389710029926535,0.476552575741558,0.32274677080308
0.111870323312227,0.371720731161324,0.30095260751996,0.351145305893684,0.259887152301082
0.132983600251711,0.382845344929171,0.347355928478938,0.415320388564186,0.293446199122108
0.180746700481775,0.32753910583941,0.551832429347821,0.736431993298943,0.424106441335396
0.173811472763043,0.334570473098479,0.519506312536678,0.68119745867958,0.405185872226214
0.152442934468772,0.302444915424482,0.504035368737538,0.655387911102217,0.395911983352492
0.125171681817125,0.322291015804799,0.388380921834127,0.474591381372636,0.32184602959693
0.136701640231685,0.352178417119443,0.388160186958084,0.474265923548122,0.321696320841972
0.112656984075588,0.35174073639285,0.320284153694852,0.377519135880678,0.27405727154514
0.107045126696743,0.352572066515942,0.303612046622255,0.354743376857719,0.261852822399866
0.12630631517705,0.365292248887211,0.345767849062816,0.41307453115985,0.292323244139712
0.114307658958989,0.389982400403403,0.29310978864879,0.340589963913265,0.254059759569631
0.167048444430341,0.32938914961326,0.507146166248872,0.660545505653317,0.397788258981458
0.134368195677767,0.310534127186943,0.432700253897944,0.54141411857374,0.351245075576904
0.12907620946398,0.309567701885701,0.416956319014305,0.517336232745227,0.340950292743778
0.157630284198141,0.34072203127797,0.462636019182281,0.588255142790058,0.370378238950123
0.103436255832746,0.350287133657262,0.295289909032038,0.343515799597319,0.255684227681043
0.148452918226698,0.288887570963421,0.513877830505539,0.671761449108667,0.401828532095192
0.134855681622075,0.333014777622887,0.404954046137822,0.499233602899374,0.332992538276826
0.125813314673849,0.363515630023891,0.346101527094118,0.413546121762827,0.292559340934059
0.0780531525388395,0.375462990318978,0.207885076695652,0.231071682593296,0.187699616407824
0.13348593294923,0.33645027878646,0.39674787439826,0.486980976812083,0.327496440375528
0.152564292245045,0.402929530145449,0.378637654554563,0.460293809057071,0.315206300404908
0.164690131081814,0.309651446581021,0.531856488643021,0.702089286695011,0.41248675506223
0.159369163161164,0.290374366431867,0.548840330224391,0.731244181747488,0.422380730261506
0.142980965277619,0.338112178372179,0.422880258161632,0.526351516886896,0.344842921871908
0.164005619483163,0.344128117012362,0.476583026423474,0.610561742333121,0.379098625209263
0.157622255608354,0.328293835949222,0.480125541049556,0.616277298605152,0.381294286034333
0.164597375422478,0.372363569921614,0.442034046072572,0.555868710751426,0.357272247272691
0.0924206846859751,0.319152709112267,0.289581388618151,0.335868161346394,0.251423135205108
0.10770580990945,0.386237520662358,0.278859002938775,0.321620986056809,0.243353419361475
0.101980565658015,0.301408145557482,0.33834707907244,0.402627241494088,0.287052204308542
0.147536359581996,0.279791009796528,0.527309150102031,0.694366881982876,0.409809049838294
0.158080457499073,0.389487740340959,0.405867607952665,0.500603871287647,0.333601612568203
0.118419849505389,0.356371399927148,0.332293358921613,0.394161778323822,0.282723127582594
0.148325301598773,0.348339059421961,0.425807263316683,0.530825700430064,0.346757766270148
0.183964505914161,0.334648797093362,0.549724091381802,0.732774864388614,0.422890982232226
0.117517414032338,0.346638146830538,0.339020431267735,0.403572021675537,0.287532107681775
0.126371354057233,0.35690139241557,0.354079184734838,0.424868009808423,0.298180608227388
0.138781297690371,0.35899670665605,0.386580977254858,0.47193958586751,0.32062429083281
0.12177424624353,0.345602592193995,0.352353393736049,0.422411106083594,0.296968368903307
0.185265189715468,0.374270843105837,0.495002998839208,0.64050315865486,0.390430920706086
0.109658031884881,0.319156182862461,0.343587364974025,0.409996701427225,0.290778482681711
0.117496046464067,0.323375060657395,0.36334294371745,0.438128971977241,0.304652072598795
0.121714242053516,0.310884949124893,0.391508956596736,0.479211176146634,0.323964004514207
0.156239198345446,0.319980940911535,0.488276576412222,0.629505470430914,0.386316880706417
0.149361618600521,0.337113209453338,0.443060711986711,0.557466888380499,0.357931775333067
0.116499214869676,0.36178084229465,0.322015986614332,0.379906835819313,0.275313395047967
0.085148869884724,0.344291893827256,0.247315929916858,0.280583623554097,0.219106053203595
0.160195870874679,0.35514128404193,0.451076453436953,0.570001309501022,0.36305785609961
0.137055737892109,0.340146533134299,0.402931456126278,0.496204332507893,0.331642090406308
0.122497380268056,0.347335537805936,0.352677359310402,0.422871992966253,0.297196090060564
0.180049360783249,0.427297248775681,0.421367938359392,0.524044929850972,0.343851365262713
0.1523058626473,0.34177173768093,0.445636212288243,0.561483314754671,0.359583294582233
0.171341167539355,0.372199808013888,0.460347275442338,0.584624190519221,0.368935545738237
0.182025117688125,0.355181705045156,0.512484497660101,0.669433750977595,0.400994499233998
0.152739503183959,0.424323959432329,0.359959648256247,0.433271578385993,0.302295520904629
0.17799877225401,0.326591621547152,0.545019408063142,0.724641854009625,0.420169470156893
0.181766181882315,0.362829739683085,0.500968255912757,0.650318427922653,0.394056332959479
0.0933943205379879,0.337620992085014,0.27662474409906,0.318671438938809,0.241660985086063
0.0820967808928844,0.379075395724703,0.216571114397796,0.241811392883204,0.194724733779236
0.13228712015288,0.368943295372968,0.358556780437356,0.431262297520205,0.301316046868144
0.130134872067408,0.348951880557382,0.372930708553691,0.451983726294575,0.311287046892754
0.11431475376472,0.342438570834149,0.333825577785412,0.396299576668992,0.283821311193407
0.170820764832767,0.306438996113104,0.557438077397039,0.746193153167534,0.427325666587322
0.143158792625749,0.367433546618167,0.389618187950918,0.47641697246303,0.322684567672131
0.0933477233049819,0.340418360390012,0.274214713912713,0.3154972274742,0.239831161088774
0.17221111781536,0.346177947650031,0.497464148090268,0.644545654327208,0.391929316544815
0.154740921937392,0.378120878525698,0.409236650831688,0.505667995910937,0.335842959592832
0.105018597075148,0.305845358537131,0.343371557369566,0.409692446248267,0.29062541076858
0.153333840259991,0.332107375075812,0.461699594069505,0.586768556935648,0.369788369180197
0.124297636071923,0.383272367042607,0.324306281277264,0.383070850961173,0.276971241708229
0.11611751677136,0.348990496350544,0.332724008205443,0.39476230239355,0.283031955850899
0.105612273341159,0.317342678402704,0.332801985137145,0.394871065918813,0.283087860639441
0.135178157981316,0.356009110137111,0.379704210179495,0.461852124500504,0.315936281625142
0.0690190894472232,0.365415329817666,0.188878472837092,0.207894151613597,0.172112888646639
0.107569251867486,0.351696100071672,0.305858529126607,0.357790205193626,0.263509195916319
0.142182003166616,0.329777359768005,0.431145434806804,0.539019360664923,0.350235594458047
0.150675892079746,0.334423022135334,0.450554782734935,0.569182499408913,0.362725495360365
0.145484413860151,0.343250064671856,0.423843806116199,0.527822938547767,0.345473893100123
0.148942379193348,0.371586124085501,0.400828689607035,0.493061469642999,0.330235211120205
0.129779745733841,0.33278660939591,0.38997886955074,0.47694958494465,0.32292881883475
0.129921378837604,0.313782151430612,0.41404961450248,0.512932188400123,0.339031843153877
0.134936645398162,0.300922601946864,0.448409805462165,0.565820245878679,0.361357088955739
0.0921675170483721,0.302388115858647,0.30479874113656,0.356351997673298,0.262728258066187
0.169184828104951,0.341718107582759,0.495100564912196,0.640663223914117,0.390490391066176
0.112253190931592,0.356773230540847,0.314634567064974,0.36975866455716,0.269944388106282
0.15843390225604,0.388797723387638,0.407496990660304,0.503050922336485,0.334686546450798
0.143097481484957,0.411941909943316,0.347372962135966,0.415344496851595,0.293458234214723
0.143586772843207,0.341418306846334,0.420559676982501,0.522813600882385,0.343320811279492
0.149979784332043,0.338544359526765,0.443013685242584,0.557393647505807,0.357901580244971
0.176427600307479,0.330980253242761,0.533045698584551,0.704114632237959,0.413185016381948
0.071485098095756,0.303325265380709,0.235671426862624,0.265758347642122,0.209959782716173
0.108163332767176,0.369016042523745,0.293112819777248,0.340594027419813,0.254062020606895
0.163265827126724,0.291250843975205,0.560567739129447,0.751666707775905,0.429115141846989
0.162748791881641,0.355504116530427,0.457797207722942,0.580588439429881,0.367324235042045
0.125505840856838,0.322838252303979,0.388757651737825,0.475147008695876,0.322101462359291
0.144124494732542,0.349832091072528,0.411981914782831,0.509807130891988,0.337663745561194
0.12266019621414,0.324752420433697,0.377703716727749,0.458930622095549,0.314566446920114
0.108831715667245,0.297242293864834,0.366138056102926,0.442154327118007,0.306592934475748
0.1064788087913,0.340320770456955,0.312877784827323,0.367354409360161,0.268660712135386
0.154722534317851,0.310182036899866,0.49881203909883,0.646763817212919,0.39274837742521
0.139456065759997,0.335852103619306,0.41523058589525,0.514719973487563,0.339811966896064
0.132793603630793,0.395131128760876,0.336074771044314,0.399443658762912,0.28543032530228
0.184553441708666,0.326773681391718,0.564774497513568,0.759051067603868,0.431511672164144
0.140591538022594,0.352266122083156,0.399106042872344,0.490491666244835,0.329080448655299
0.16166624151764,0.286034888393876,0.565197631748411,0.759795539826142,0.431752168153129
0.191120064938127,0.392932689545671,0.486393904154703,0.626440531731084,0.385160428253924
0.105322910334346,0.260207959849115,0.404764367682751,0.498949257553731,0.332866009332438
0.114857277974571,0.2841093333345,0.404271400120961,0.49821050629815,0.332537052839893
0.137471579963347,0.330213000021504,0.416311834950151,0.51635864877574,0.34052540880921
0.0842040174131834,0.315072713109408,0.267252649657236,0.306370458688755,0.23452035113858
0.141071407092568,0.362490704727943,0.389172481535616,0.475759070573181,0.322382616552984
0.12642891475266,0.380430347390804,0.332331307477906,0.394214685754424,0.282750346687899
0.126382153846615,0.329865084556537,0.383132861777477,0.466872908464118,0.318277681570215
0.092344262614152,0.344917625402959,0.267728454022228,0.306992183353221,0.234884483062172
0.158423078329788,0.382259847346374,0.414438187608644,0.513520187392884,0.339288627710641
0.140703345831793,0.343227534568963,0.409941894692373,0.506730233545541,0.336311187141401
0.113282114383358,0.380919978560036,0.297390845215286,0.3463414077253,0.257246346088737
0.093182852264999,0.284203247308731,0.327873988588786,0.38801405565896,0.279546200614482
0.168704449625006,0.337857344858444,0.499336338819836,0.647627441402023,0.393066675832332
0.124475503604984,0.345088941391527,0.360705570868345,0.434341086901292,0.302815760398825
0.177201424772811,0.333204488723455,0.531809836811293,0.702009882964202,0.41245934585385
0.118041373644684,0.33186632144263,0.355689523213911,0.427164378061054,0.299309865512058
0.12565683291249,0.257792162741589,0.487434651139679,0.628134125959401,0.385799987816891
0.153632765234449,0.352185616829814,0.436226688123634,0.54685940966486,0.353528838010781
0.1236972043068,0.327786589887061,0.377371155877427,0.458445519554832,0.31433846064731
0.114087324136772,0.390374340606822,0.29225108381721,0.339439286950725,0.253418941983902
0.126973890938703,0.331461907451312,0.383072347332563,0.466784144150092,0.318236426274272
0.177904349334959,0.31131939264455,0.571452834414598,0.770837917729572,0.435295579573923
0.140079242825492,0.331971228871552,0.421961997434701,0.524950571548429,0.344241040557397
0.10275702792251,0.356134437353652,0.288534376754105,0.334470223489129,0.250638955895634
0.130561668641485,0.370171244996694,0.352706133731839,0.422912935873681,0.29721631254551
0.143714188784898,0.368346122454415,0.390160721191476,0.477218195072813,0.32305193414524
0.148412444454028,0.355237405710503,0.41778383151175,0.518592367102408,0.341495439024181
0.115038211835431,0.344016244312523,0.334397615628069,0.397098541363766,0.284230875351242
0.155057680098217,0.406638982019287,0.381315336095502,0.464209250647297,0.317037507065387
0.129006142861693,0.334804674296099,0.385317627756896,0.470081185882193,0.319765459483857
0.145552770869299,0.311244671364671,0.467647430656769,0.596234520108915,0.373525639621071
0.14322178096387,0.391087364586933,0.366214288500834,0.442264270191076,0.306645792544305
0.143814559464835,0.350753093788553,0.410016510222236,0.506842663214726,0.336360706786347
0.138161582788257,0.355300242753824,0.388858678275613,0.475296045219088,0.322169944642199
0.137190562977199,0.356246010581899,0.385100629627008,0.4697622156233,0.319617833844016
0.196049975213417,0.382759404169256,0.512201589504835,0.668961521356721,0.400825011719212
0.167253563812239,0.352799865490176,0.474074908106495,0.606527324440186,0.377539376525412
0.112476587873356,0.361505047736224,0.31113421120312,0.364972403481826,0.267384455942728
0.124103382813527,0.365881785689797,0.339189835808728,0.403809813290541,0.287652792755457
0.168969399336788,0.312243837753594,0.541145665363394,0.717973958412058,0.417918999817488
0.154755006303633,0.354188464258915,0.43692842065716,0.547945272185383,0.353982328723932
0.124110715717596,0.339381080421283,0.365697214363083,0.441518705409902,0.306287184309796
0.149285014017006,0.378339789497494,0.39457920673711,0.483759703453108,0.326036421077665
0.112519832458884,0.303881436159739,0.370275439924328,0.448133433498829,0.309455898974789
0.141575135078998,0.375914103957681,0.376615651257756,0.457344073353508,0.313820244454084
0.131852253872798,0.330399297714349,0.399069413237049,0.490437071078597,0.329055872666719
0.138314565984572,0.337490484586419,0.409832490993253,0.506565400701241,0.336238573158163
0.0708034289260493,0.352407055837207,0.20091376649041,0.222519345144062,0.182017033945455
0.161025720915727,0.378524315121883,0.425403902689522,0.530208350131236,0.346494220924728
0.127544563283814,0.357039273517773,0.357228385625945,0.4293622783776,0.300387301996628
0.152300713407086,0.355923823656309,0.42790255466055,0.534036588967908,0.348125066121927
0.138693450744066,0.34652438802186,0.400241528556763,0.492185059424514,0.329841835847313
0.0973016093815863,0.328636144077771,0.296077017501033,0.344573708551342,0.256269854422923
0.189672115060369,0.347804051553869,0.545341879178747,0.725198090872647,0.420356418610355
0.169771044645405,0.312172917567855,0.543836556893195,0.722603065404325,0.419483211145173
0.143484644649686,0.315451961346541,0.454854184571262,0.575943569391974,0.365459513004125
0.105603513164647,0.312259987557431,0.338190986269812,0.402408318563514,0.286940909603061
0.153404936370178,0.356118108668014,0.430769827864011,0.538441402857241,0.349991492595838
0.118697642761277,0.329754081489962,0.359958070041023,0.433269316376753,0.302294419775929
0.13856722252776,0.381327401820824,0.363381235825452,0.438184042021524,0.304678698426947
0.13809085061683,0.343116407824977,0.402460644456474,0.495500067848755,0.331327345615919
0.150895462041677,0.335786966858424,0.449378555259109,0.567337868903736,0.361975474567304
0.106721923094122,0.311756070782856,0.342325083922604,0.408218012147507,0.289882680541049
0.135055920819584,0.371814673674589,0.363234510044605,0.437973038825141,0.304576669381072
0.138381612452432,0.299986104386067,0.461293408025133,0.586124164572625,0.369532334015322
0.138198298493269,0.313166327447768,0.441293607839492,0.554717112468644,0.356796170840264
0.197554383717138,0.322079596952417,0.613371308168658,0.846646530866369,0.458477849829311
0.165073668871392,0.33840555486665,0.487798342838787,0.628726372517097,0.386023326647213
0.136528532819256,0.357667331071111,0.381719326756493,0.46480089701205,0.317313361809217
0.117230070522024,0.347079879214627,0.337761067530888,0.40180552653282,0.286634286231295
0.0952069461719899,0.293210100076644,0.324705547820839,0.3836231751343,0.277259865278756
0.132520246067471,0.306701046618178,0.432082797006068,0.540462655576914,0.350844373682338
0.109188466507387,0.406673294890515,0.268491852991683,0.307990320779146,0.235468348569798
0.214210696529883,0.386424974565776,0.554339679443831,0.740791125013995,0.425548541906795
0.142269382060486,0.313746194083549,0.453453730254973,0.573738077124038,0.364570245496333
0.114148201422832,0.350171172348427,0.325978294150531,0.385385297581698,0.278179145003501
0.136303399013792,0.290961942934329,0.46845782523715,0.59752862420968,0.374033125387838
0.225299643501073,0.318071267140875,0.708330700620269,1.03059875064385,0.50753441580572
0.220042504361129,0.435380265147345,0.505403028055625,0.657653466704858,0.396737605243975
0.155395744441215,0.314242614906081,0.494508819205372,0.639692655688134,0.390129609636919
0.164172393420112,0.377523979942651,0.434866133391186,0.544756253828352,0.352648679996141
0.179929944902124,0.314985849316282,0.571231835629079,0.77044660794149,0.435170766791602
0.139108756744108,0.320444542591352,0.434111798625659,0.543591429870662,0.352160176165405
0.150858510089143,0.36211514657076,0.416603700557067,0.516801286305261,0.340717858674899
0.112915667073853,0.308513952422327,0.365998575387869,0.441953188429048,0.306496210817037
0.165914035857666,0.39593302311367,0.419045712713974,0.520509859833869,0.342325869488765
0.13385288443109,0.345103331093153,0.387863206092785,0.473828159785413,0.321494847713048
0.0913304620085788,0.319285242178572,0.286046612694673,0.331154502504573,0.248772401611912
0.0975745022484571,0.363872479038738,0.268155762992093,0.307550792177492,0.235211353943139
0.0663415956666333,0.340034273842858,0.195102672789073,0.215435772264247,0.17724982033638
0.125934523591265,0.411063736125206,0.306362523676636,0.35847469653259,0.263880289745235
0.120370983936769,0.324414721342352,0.37104044920866,0.449241692880714,0.309983969608091
0.100786145679457,0.301560161005112,0.334215717830674,0.396844435327714,0.284100666682049
0.0936055448476072,0.36434555323452,0.256914195923658,0.292934182976366,0.226565425242316
0.13413998228964,0.348362914921357,0.385058157869421,0.469699793564365,0.319588936203926
0.127053599024758,0.352574134258669,0.360359954628846,0.433845440985251,0.302574760559366
0.185250861012984,0.338595147216747,0.547116113552562,0.728261713615837,0.421383930384121
0.0977504213116744,0.337822252526297,0.289354595739857,0.335565230313659,0.251253344050332
0.165557331457721,0.327935275305025,0.504847584035385,0.656732988659825,0.396402433678268
0.162556413023613,0.379369133822192,0.428491404627035,0.534940172373327,0.34850880966012
0.217335959824638,0.381187264555671,0.570155354161622,0.768541780418627,0.434562411206767
0.178031715700387,0.346039817900908,0.514483323856587,0.67277399606493,0.402190611312453
0.135628387096868,0.351572980100316,0.385775912182353,0.470755055594043,0.320077128957346
0.167815918023121,0.344781563260621,0.486731124588204,0.626989093200128,0.385367729765724
0.153654057360154,0.326076463459513,0.471220939193093,0.601948881871755,0.375760355828847
0.12239534369116,0.389812828185644,0.313984904654985,0.368869072840479,0.269469944320573
0.148540203648017,0.288810536269126,0.514317121414161,0.672496000043605,0.402091245674771
0.137016079947878,0.320088089069719,0.42805741490129,0.534274168638728,0.34822600781499
0.0519574490712364,0.310056317730719,0.167574231196156,0.182433060347684,0.154286163390967
0.133271156427774,0.34395514925703,0.38746667033667,0.473243850079191,0.321225742808126
0.169799159520678,0.359956556674944,0.471721257390552,0.602750566580756,0.376072596166127
0.215344157334018,0.351786624166495,0.612144244666047,0.844381967971502,0.457812959915334
0.154206294621978,0.409484889719759,0.376586043815959,0.457300925762426,0.313799928126153
0.131958554545258,0.346363757637339,0.380982570016537,0.463722092535518,0.316810202497005
0.18516839198001,0.408895893727016,0.45284972243725,0.572787814034463,0.364186325023187
0.124075584546399,0.340954860043642,0.363906191366555,0.438939222904362,0.30504361540608
0.125098448738388,0.343002338172154,0.364716023234806,0.440104993719013,0.305606185409065
0.0983643928346026,0.357846041710592,0.274879085889553,0.316371497355792,0.240336028234651
0.138984663962247,0.369615330219722,0.376025160751925,0.456483779537126,0.313414942171342
0.140103587484492,0.325061563077945,0.431006318181326,0.538805272376887,0.350145195138714
0.131236788017031,0.301139646531653,0.43580043188779,0.546200191703381,0.353253216908256
0.126953737258371,0.342261480054504,0.370926162179145,0.449076072816879,0.309905105219158
0.163810000493947,0.350546607628155,0.467298775481832,0.59567808169127,0.373307178011687
0.11306333332556,0.321429235570134,0.351751865772305,0.421555743315448,0.29654534850126
0.113504556675055,0.378626156136512,0.299780020042067,0.349561898350534,0.259018796231412
0.106799001608776,0.300602403397838,0.355283259220755,0.426584690323034,0.29902514250762
0.150411829819594,0.341907591090344,0.439919538902106,0.552582291009796,0.355911756954536
0.167523478090541,0.337259222122062,0.496720229135529,0.643322700588654,0.391476792937997
0.193324813166884,0.329657800746832,0.586440887274353,0.79757922954474,0.443696286892866
0.197295703388557,0.35366754073912,0.557856406545635,0.74692378947516,0.427565182851831
0.114767583793649,0.384979115937878,0.298113791222296,0.347315091788182,0.257783122823347
0.157097463866141,0.366148977164515,0.429053400838957,0.535803045378698,0.348874842377057
0.153870244766748,0.303100563743348,0.507654102870749,0.661389171774253,0.398094066706799
0.117500951836728,0.308025242557238,0.381465333364338,0.464428894508476,0.31713994189138
0.134930132757078,0.356449046547538,0.378539749408708,0.460150845777239,0.315139252295745
0.114185240699883,0.357089714581044,0.31976625491398,0.376805905106194,0.273681209318412
0.184291049133256,0.339439787355816,0.54292706983131,0.721037092427602,0.418954998471617
0.153762139774207,0.342206626838258,0.449325430062119,0.5672546059824,0.361941578488346
0.167876080693527,0.374083247041018,0.44876663689545,0.566379079460048,0.361584936167104
0.0864454961394718,0.343934125205105,0.251343178255197,0.285751250498311,0.2222445829919
0.143990890639366,0.34419448711715,0.41834165284105,0.519439706625347,0.341862664481116
0.193694278251399,0.362301796573007,0.534621357342255,0.706801851897007,0.414108908489547
0.0963595695710941,0.348193514181178,0.276741425806555,0.318825312750884,0.241749464215135
0.074394081821906,0.33281586748993,0.223529251724024,0.250482218502227,0.200308500829579
0.122271579259085,0.32935250213353,0.371248369048406,0.44954305030926,0.310127422716662
0.172393211581478,0.377890768654164,0.456198525821221,0.578063600042956,0.366311978824694
0.174524629807407,0.380737005338046,0.458386306979673,0.581519837220683,0.367696834105242
0.116596052618306,0.31468183041553,0.370520447476564,0.448488280595015,0.309625066770152
0.162351888128229,0.342036390093748,0.474662617283881,0.60747177279578,0.37790509486785
0.151544007850627,0.333647379376604,0.454204100550037,0.574919406591164,0.365046874262315
0.104156909314082,0.333366450526695,0.312439686565706,0.366755504969472,0.268340243471464
0.137349824911646,0.326388680468851,0.42081675355391,0.523205130906237,0.343489606416277
0.0997484613251047,0.33459055319042,0.298120973153526,0.347324768147264,0.257788453354775
0.137680492870726,0.357360552521856,0.385270539512907,0.470011963970411,0.319733427679689
0.121470842623007,0.347967334133269,0.349086913360908,0.417772408352276,0.29466817515359
0.142030765679695,0.329283757864583,0.43133243680396,0.539307187270265,0.350357090339224
0.129476087668086,0.3283950868379,0.39426925936927,0.483299887301601,0.325827495464058
0.103086421591094,0.352118635320878,0.292760482549166,0.340121769438128,0.253799152580538
0.115539490994242,0.278221808630468,0.415278340554892,0.514792310151542,0.339843493198115
0.128797977211579,0.344275518207745,0.3741130879189,0.453701537243145,0.31210088564917
0.118447527085679,0.33464399373585,0.353950853154039,0.424685165976864,0.298090536856029
0.133131349644985,0.375311189143474,0.354722570219168,0.425785044174686,0.29863200341055
0.121708248523502,0.306117005572406,0.397587348327547,0.488229782672105,0.328060752685309
0.171591731493976,0.338776638211917,0.506504026959025,0.659479546425337,0.397401430976304
0.140754061330311,0.40461352340279,0.347872854437916,0.416052193541504,0.293811340739475
0.201645390877392,0.330731694790911,0.609694789018854,0.8398697646215,0.456483268963485
0.0875574044366524,0.342136298671875,0.255913812058346,0.291641399228623,0.225791306629528
0.155923536000545,0.356103157852128,0.437860582144269,0.549388879885484,0.354584240933812
0.183137371480069,0.364811199648897,0.502005891420892,0.652031745669135,0.394684755531158
0.124027676286774,0.326441904580441,0.379937975322683,0.46219389451711,0.316096173188953
0.187668610407916,0.438877941349508,0.427610031688657,0.533587913653029,0.347934349835879
0.163213202587526,0.358396987429735,0.455397808329861,0.576800522667483,0.365804370543781
0.157638502465397,0.349782652986143,0.450675587024155,0.569372074835943,0.362802476204034
0.156689203116146,0.341518414517547,0.458801623735271,0.58217680532388,0.367959385679848
0.104756696139993,0.371573725041477,0.281927082245387,0.325682050703913,0.245671313518186
0.13562386658005,0.293308784496029,0.462392787904673,0.587868876440444,0.370225076618594
0.100348101862789,0.333519544848546,0.300876225734711,0.351042106944398,0.259830619001459
0.109781070496332,0.372012923315693,0.295100152752412,0.343260883224325,0.255542975687918
0.12079740047507,0.336699756285566,0.358768897868216,0.431565925402887,0.301464234196152
0.163338024328114,0.284473896972801,0.57417578929476,0.775666400366418,0.436831152634501
0.141036440466737,0.345179182737825,0.408589067707071,0.504693266368775,0.335412723409558
0.166733527856788,0.354646600057537,0.470139930369382,0.600218096660907,0.375085182396919
0.192247056797766,0.333349893954835,0.576712518240107,0.780176502756609,0.438257948887935
0.121545082778009,0.360231729343381,0.337408042871618,0.401310741955169,0.286382406085921
0.171777323873304,0.401900905861602,0.427412134105656,0.533284450339915,0.34780529485034
0.11397297357289,0.347742312872192,0.327751238069149,0.387843686669018,0.279457759108223
0.125157829386193,0.374413152118442,0.334277331546836,0.396930502755714,0.284144774541534
0.150524139550775,0.353714683791577,0.425552419643031,0.530435628890588,0.346591270405212
0.16814987296851,0.351725209812024,0.47807171131798,0.612961146806073,0.38002226403273
0.162585049410699,0.361592794930974,0.449635755164136,0.567741039900312,0.362139553313226
0.156440226733667,0.350186183888573,0.446734434227267,0.563199111978981,0.360286228199031
0.113374212293223,0.339558187286093,0.333887435315174,0.396385950983036,0.283865610867816
0.147758369564173,0.35062661658589,0.421412301789638,0.524112543211679,0.343880473621223
0.123501195485641,0.323502289273053,0.381762972259525,0.464864830379234,0.317343157360728
0.0910239519978456,0.333936319013177,0.272578772703827,0.313346910725066,0.238586551783241
0.111854934283471,0.371107371636014,0.3014085486644,0.351761489091719,0.260224523283376
0.118621841118663,0.312975833445336,0.379012781315531,0.460841707102909,0.315463136671279
0.117301221916347,0.340956261272405,0.344035981268078,0.410629390828822,0.291096579653395
0.167902976325328,0.348970429370466,0.481138120006962,0.617914735864403,0.381920457343675
0.159509681061904,0.329190398889494,0.484551437709002,0.623446628555459,0.38402656273967
0.181910744079792,0.305321515608511,0.595800606181456,0.814483049946414,0.448878841811428
0.13198879654087,0.35685669288565,0.369864988305444,0.447539166753905,0.309172405854487
0.0950595197680041,0.31493659117206,0.301837012378374,0.352340793936432,0.260541422336916
0.111282586463553,0.321806137078984,0.345806290313971,0.413128852556888,0.29235044759675
0.152309733784671,0.314210422459725,0.484738006436416,0.623749541183107,0.38414147340028
0.0681345411195814,0.337340918714445,0.20197532329974,0.22381780795352,0.18288490860236
0.171215563203471,0.348885204249352,0.490750427699712,0.633541614989205,0.387833165176751
0.139601533660687,0.316862809646207,0.440574057323289,0.553598817350983,0.356333186642685
0.149852830859434,0.326687847976278,0.458703413021704,0.582021426240909,0.367897309471888
0.0941194162631413,0.340589220960357,0.276342909495942,0.318299844063779,0.24144722879022
0.131501128788931,0.309051578701022,0.425498971212653,0.530353831694415,0.346556345800895
0.164284621598277,0.354930334959032,0.462864414272281,0.588617933894614,0.370522025048259
0.102519409008301,0.393746418248833,0.260369121487506,0.297408899793223,0.229232973383043
0.107272641749343,0.385484946960068,0.278279716485156,0.320855610629978,0.242914977267612
0.161792974722888,0.337597598710788,0.479248002179934,0.61485957459648,0.380751109427035
0.119516792765016,0.315410783426633,0.378924244334901,0.460712374314435,0.315402527161217
0.112234479063466,0.370025872719418,0.303315220199672,0.354341312902203,0.261633688293011
0.134824255454917,0.362371207503226,0.372061170046786,0.45072171929452,0.310687924017367
0.115543476394637,0.326884548691869,0.35346876093416,0.42399850187358,0.297752070185269
0.159570614193161,0.417081838565328,0.382588258318918,0.466074261897483,0.317906312122458
0.107277751450702,0.368032128899022,0.291490179869966,0.338420489962669,0.252850649329276
0.157741480958133,0.318143095893561,0.495819280676478,0.641842818282779,0.390928297846495
0.15775535367577,0.347677712179669,0.453740197169287,0.574188965594161,0.36475224902713
0.168490867584256,0.316829213458456,0.531803446232237,0.701999006170245,0.412455591116853
0.104685440914067,0.329701523525292,0.317515793663103,0.37371094062182,0.272044816395403
0.105275372013815,0.369284617457268,0.285079223550375,0.329867380763646,0.24804532055988
0.154610852033292,0.300778803971763,0.514035064943628,0.672024328247021,0.401922577856019
0.163540407728241,0.328646422079454,0.497618098786737,0.644798852765605,0.392022922244519
0.136126087847235,0.348231185380095,0.390907229341487,0.478321362205176,0.323557092817542
0.0788198247854848,0.323478224807046,0.243663464001327,0.275914866944567,0.21624864957119
0.136701948823715,0.336175995546682,0.406638042675872,0.501760434086729,0.334114831299219
0.194181523948128,0.343370896648275,0.565515382472946,0.760354804982705,0.431932700629732
0.156960799121344,0.352053025273138,0.44584419917871,0.561808116589914,0.359716479010609
0.154941885707022,0.361419384966726,0.428703860810583,0.535266314548559,0.348647208289692
0.142973023088475,0.348849144327551,0.40984197729386,0.506579692501305,0.336244869768724
0.11984004214221,0.367398981008826,0.326185015029564,0.38567171525145,0.27832834502324
0.129146192255643,0.291869784347553,0.44247880110076,0.556560845087436,0.357558040113859
0.142757829838045,0.283829501975222,0.502970370749223,0.653625864761462,0.395268288123776
0.119371307229644,0.355422325646541,0.33585765050774,0.399139843788244,0.28527516070699
0.160053704863307,0.333658584959795,0.479693051754064,0.615578427113072,0.38102664456412
0.139690887221148,0.312550953661238,0.446937965105534,0.563517303646965,0.36041641645573
0.132248612346774,0.313964722821326,0.42122124791082,0.523821383413033,0.343755107465276
0.190346282572507,0.344099494355594,0.553172224007404,0.738760014797437,0.424877503801754
0.144859843697767,0.323460946904002,0.447843379809185,0.564933576263372,0.36099524275802
0.119884301455764,0.34178211031221,0.350762365374398,0.420149809042765,0.29584893534997
0.148640436640857,0.414093495297591,0.358953807120383,0.431830659662734,0.301593387980986
0.170819616308133,0.384475659105057,0.444292407758009,0.559386395642673,0.358722121217514
0.11802125803237,0.31468517111607,0.375045502188084,0.455057621417476,0.312741993663572
0.137997416188893,0.343934759281081,0.401231374454113,0.493662823942586,0.330504860956198
0.152488870531551,0.329504730959272,0.462782036809054,0.588487072969254,0.370470168113634
0.0826619076252334,0.285993721750951,0.289033993890317,0.335137114261706,0.251013256003319
0.184990940291031,0.331735296989015,0.55764623773863,0.746556679165317,0.427444862265849
0.138893728707604,0.327579634185932,0.423999889531498,0.528061424981392,0.345576045797912
0.0650116126191593,0.313238663590234,0.207546577660684,0.230655036537884,0.187424606969285
0.179155050781474,0.394884314955083,0.453689964368052,0.574109891658815,0.364720337951635
0.131637130979716,0.324506677672243,0.405653072916645,0.500281973712458,0.333458631429468
0.134107859466724,0.375057999250311,0.357565655804668,0.429844440953647,0.300623220709911
0.128721455676595,0.337894719685145,0.3809513679188,0.463676422048237,0.3167888852096
0.172902632566969,0.354304595703933,0.488005616250745,0.629063999178781,0.386150574499157
0.147047774283067,0.332135412861273,0.442734404670321,0.556958758447551,0.357722229587441
0.117899340055515,0.288918503487812,0.408071267960477,0.503914338258541,0.335068511177338
0.139398587881647,0.311310425021092,0.447780018520749,0.56483442319693,0.360954753310566
0.129945078368208,0.340873913689486,0.381211565771441,0.464057317062099,0.31696663214888
0.0993798950526193,0.351164314479965,0.283001122137908,0.327106651013003,0.246481057692927
0.132707713410407,0.387531867165203,0.342443356674548,0.408384575816919,0.289966663104103
0.12498435642453,0.356550939862714,0.350537167207172,0.41983002991677,0.295690343964186
0.120333902012451,0.344274734885283,0.349528704313861,0.418398905755885,0.294979715549706
0.156027406305471,0.335496971265161,0.465063531623223,0.592115335345681,0.371904799985562
0.153818463529651,0.343376183636177,0.447959034027323,0.565114577899173,0.361069142080139
0.132338056892519,0.311655692945258,0.424629037390195,0.529023104042315,0.345987645735191
0.168831621996262,0.399313638630796,0.422804546759704,0.526235959048295,0.344793317133241
0.126272967346404,0.358277094477264,0.352444991021935,0.422541401047566,0.297032761743457
0.14748519456872,0.328696519294557,0.44869715957215,0.566270255414779,0.361540579256432
0.154056139087417,0.392155425383796,0.39284459455494,0.481188186732981,0.324866341119237
0.0843260173008218,0.372280172535452,0.226512244062075,0.254217966462527,0.202690420054768
0.134227134144748,0.325879705350955,0.411891664134753,0.509670875968592,0.33760396658748
0.154959148852356,0.304120075582099,0.509532784232535,0.664513326372569,0.39922379463355
0.0768145475712405,0.319103179602903,0.240720094568878,0.272164899603713,0.213938381485367
0.131440070829369,0.371358287171154,0.353944089495411,0.424675529925336,0.298085789363977
0.13629993454087,0.326151685987177,0.417903510534753,0.518774121629127,0.341574243490967
0.177023212325458,0.298869085098911,0.592310215915681,0.808160835887206,0.44695185287025
0.132318513797204,0.314244204864428,0.421069065869613,0.523589502808949,0.343655231178502
0.189855144900509,0.351144762421914,0.54067485896996,0.717165315660711,0.417644887839333
0.15518983846368,0.298270178250365,0.520299546451525,0.682531570582809,0.405657511880379
0.151033422545593,0.314452417179375,0.480306126759516,0.61656920154457,0.381406005357186
0.188463881638158,0.375282692678583,0.502191775200172,0.652338860116424,0.394797263359442
0.198911303257522,0.329533826646455,0.603614218551611,0.828716251094843,0.453168308970129
0.165742052771437,0.327310087958285,0.506376243412822,0.659267505791985,0.397324423874202
0.156306364063418,0.358759539895694,0.435685596287873,0.546022643071421,0.353178943088867
0.117000173188839,0.298614126452186,0.391810577010909,0.479657403726522,0.324167880023108
0.157551880919441,0.398060360612419,0.39579897048037,0.485570643978358,0.326857996249845
0.0974707038304349,0.339891170038088,0.286770332455275,0.332118234016155,0.249315883181678
0.172036511303078,0.345467985064071,0.497981053935208,0.645395949330496,0.392243550613519
0.143910515699997,0.345060049303415,0.41705933790514,0.517492555092887,0.341018183816533
0.105332767393067,0.339177044604347,0.310553939509493,0.364180578392564,0.266959216514931
0.140994097730929,0.352525738098405,0.399954052976328,0.491756154311267,0.329649154045761
0.143021148519654,0.3702814049342,0.386249880803679,0.471452312565962,0.320399314704144
0.123053112414329,0.391814889393712,0.314059306436106,0.368970922926486,0.269524295035958
0.124652504648187,0.373332485079178,0.333891396088261,0.396391481761883,0.283868447308014
0.116732375230259,0.310597025186073,0.375832238445706,0.456202818430111,0.313282471820738
0.137146991757188,0.318576929171059,0.430498818963588,0.538024528035234,0.34981531063262
0.0757735239906903,0.394696044684488,0.191979435849838,0.211645600246639,0.174676159599438
0.138224031867713,0.370269023814382,0.37330703617542,0.452530250706747,0.31154617983795
0.172812129386415,0.293417137212047,0.588963995179076,0.802120442484162,0.445098131941984
0.113364511555595,0.334116382186718,0.339296477513762,0.403959525945237,0.28772875462579
0.0910326963901778,0.316198606303155,0.287897209461133,0.333620213537305,0.250161335401784
0.150909421929262,0.305175022830624,0.494501222706613,0.63968019981222,0.390124976739658
0.118474709557038,0.326007894365647,0.363410554175595,0.438226207822952,0.304699083801495
0.173385224061395,0.335586698076367,0.516662981742916,0.6764240475842,0.403492212223367
0.0843452671279466,0.266231102541853,0.316812221872863,0.372744776278898,0.271532467447662
0.230495872991103,0.335351899369213,0.68732538394641,0.988390234411027,0.497080611896987
0.16816459103399,0.35035879783739,0.479978216822285,0.616039199340406,0.381203128978459
0.154031935941856,0.370694606372535,0.415522463218844,0.51516215042699,0.340004632693478
0.162721659137432,0.33939439809447,0.479447097686447,0.615181117889282,0.380874386826166
0.161033674189395,0.328462861681918,0.490264480327579,0.632747992579112,0.38753561202033
0.106813857261245,0.372127447115129,0.2870356865351,0.332471763927589,0.249515053848193
0.13421489567783,0.398846208081082,0.336507889403189,0.400049914784562,0.285739751533159
0.109981378867214,0.321001800222384,0.342619196499897,0.408632247689406,0.290091504265709
0.19422815930932,0.3682816334448,0.527390295010278,0.694504376806478,0.409856938885791
0.087313935824907,0.320138143700468,0.272738308580314,0.313556453389941,0.238708014855955
0.111074132682076,0.34907821822168,0.318192676838803,0.374641097213962,0.272537390285553
0.178258759972701,0.377008507157593,0.472824237619094,0.604519344050948,0.376760396371857
0.122886496019663,0.377533089307706,0.325498610585376,0.38472091038359,0.277832816344932
0.121832303407989,0.358451619684508,0.3398849292834,0.404785931538851,0.288147768603743
0.149492583388221,0.301131263483219,0.496436609268077,0.642856687710512,0.391304179189481
0.110218490781124,0.32375653189746,0.340436346211022,0.405560767890494,0.288540187770872
0.0734681673350915,0.347828058523579,0.211219783840731,0.235183798670123,0.190403888816658
0.184366948418031,0.331145215506439,0.55675558572111,0.745001797467352,0.426934687717014
0.112820650542828,0.388087170889062,0.290709559618705,0.337376099512704,0.252267181711736
0.171579420184232,0.3447318134898,0.497718555323611,0.644964091861743,0.392083994448647
0.060877803122769,0.346691517308433,0.175596459917447,0.191956959176032,0.16104353240131
0.157545971969612,0.33255707403926,0.473741153829772,0.605991228542108,0.377331592957837
0.1436741832357,0.331165564173993,0.433843970444384,0.543178067942826,0.351986643166154
0.11887883121522,0.31820948921416,0.37358669444082,0.452936519602679,0.311738684720059
0.141051508403026,0.355697379754445,0.396549191620135,0.48668556864782,0.327362812225636
0.173798172842101,0.311580575660224,0.55779527486215,0.746817000347122,0.427530187878133
0.162445715336219,0.332146344756573,0.489078738636349,0.630813122567758,0.386808956733513
0.144796311495739,0.316651559469865,0.457273325096378,0.579760613467468,0.366992700365489
0.0913972907577571,0.300001601973396,0.304656009023119,0.356158416501554,0.262623018201905
0.12075714702659,0.339774391238395,0.355403909595598,0.426756818684132,0.299109710285262
0.175796064791776,0.347391171795442,0.506046437171096,0.658720359243014,0.397125624926695
0.172228111271095,0.349511672297003,0.492767838450732,0.636840465855279,0.389066912225021
0.104153546166469,0.354949730054163,0.293431822445888,0.341021748710612,0.254299938862664
0.137667055851162,0.319028548553295,0.431519550446013,0.539595239592733,0.350478636018303
0.150832049382349,0.365766365865511,0.412372660415171,0.510397196709372,0.33792250000288
0.107563752164514,0.345364938463166,0.311449542745018,0.365402890203917,0.267615436312241
0.104951286183575,0.320172271416941,0.327796300782408,0.387906228080252,0.279490227965043
0.101022549694894,0.355367023274983,0.284276657873014,0.328800503025395,0.247441585307039
0.142713601317622,0.30331517781491,0.470512561704739,0.60081449917936,0.375318001859279
0.135833266797603,0.350129908521558,0.387951053285239,0.473957637138439,0.321554449867763
0.139840019878481,0.359476554918326,0.389010125876646,0.475519492185777,0.322272592604901
0.141828059852732,0.408481825312877,0.347207760698039,0.415110699217938,0.293341502857232
0.199008385306977,0.343159692813157,0.579929372460806,0.785912291705302,0.44006208779428
0.151895780301986,0.32150246960965,0.472456029611247,0.603928655934445,0.376530872305288
0.12609155058994,0.352178882614701,0.35803268399795,0.430512374579356,0.300949773123038
0.201724429610082,0.317566025492885,0.63522043737831,0.887438157523475,0.470181316397614
0.137551492311679,0.314512485738597,0.437348272481632,0.548595316283643,0.354253503491264
0.1508717889074,0.315930737432849,0.477547041270296,0.612115096372335,0.379696894936192
0.167596975020716,0.380479039757882,0.440489376569512,0.553467263002202,0.356278678143871
0.159622500584451,0.339452533989351,0.470235112722589,0.600370416433953,0.375144660429138
0.08967607265296,0.407539232329776,0.220042797205829,0.246130060330872,0.197515546864763
0.107329333632744,0.343411708074723,0.312538364619155,0.366890380396754,0.268412438669925
0.161702223395741,0.367893805328407,0.439535053468471,0.551985460478058,0.355664066793532
0.14658732050773,0.33552297654442,0.436892048399919,0.547888970945656,0.353958831175683
0.0848656154459967,0.33407818202558,0.254029206371515,0.289209456848312,0.224330852765642
0.126539221629817,0.290422495898702,0.435707369149369,0.546056304774754,0.353193026080838
0.145954074379431,0.335361223455413,0.435214521451183,0.545294522220489,0.352874170185329
0.0859059634456067,0.324522209282063,0.264715205888853,0.303059819166298,0.232575523171451
0.111148418361718,0.364793167884809,0.304688870699507,0.356202982872827,0.262647249247518
0.135619667276957,0.362220411603298,0.374411995935468,0.454136125234007,0.312306473481583
0.169815403821798,0.354519066227519,0.479002175055984,0.614462647101446,0.380598862540816
0.0807637727923623,0.346580301446216,0.233030476502414,0.262419952885731,0.207870568178103
0.195104560244208,0.361152504304559,0.540227626608612,0.716397515467107,0.417384381538296
0.0941272523001286,0.317648275752642,0.296325399774646,0.344907718305446,0.256454560867583
0.15794038471756,0.346657425915866,0.455609408338167,0.577134208973944,0.365938552147326
0.186412417234216,0.363420422165456,0.512938750451802,0.670192268185772,0.401266537363247
0.197080075001518,0.390012089152224,0.505317861889651,0.657512296726123,0.39668622551086
0.110583209372176,0.30292973715732,0.36504573770104,0.440579895455021,0.305835099354805
0.163317778623124,0.348046854549744,0.469240783211221,0.598779911773676,0.374523039327779
0.149415051156034,0.354040897956367,0.422027658438626,0.525050704621276,0.344284096935429
0.192377483315614,0.330077070552841,0.582825953324791,0.791092830376662,0.441681646512033
0.144358810637107,0.362763435592354,0.397942009787684,0.488757694029221,0.328299021385026
0.141361005157023,0.33441562891621,0.42271052227778,0.526092462249164,0.34473170876803
0.135882281841558,0.377710737984613,0.35975223412127,0.432974328429363,0.302150792124749
0.164024560391531,0.364278627493841,0.450272258682824,0.568739230230729,0.362545424549037
0.11448326667388,0.306852590355524,0.373088806391493,0.452213299929294,0.311395922314795
0.11083276977823,0.331110844731935,0.334730110902767,0.39756314726241,0.284468825642097
0.148202070796186,0.420390266595323,0.352534496092053,0.422668731413684,0.297095678059702
0.120569027048883,0.340584225133235,0.354006492818969,0.42476443718742,0.298129589776913
0.13933743131802,0.351956699870282,0.395893674901982,0.485711340749158,0.326921742755387
0.13235492148527,0.313927666905943,0.421609610869136,0.524413294124098,0.3440099191902
0.160259642207361,0.315189301110874,0.508455209750238,0.662720655328378,0.398576064599074
0.16545822030396,0.370546004451352,0.44652544708705,0.562872457601449,0.360152522276382
0.117609847152656,0.447236604269562,0.262970083463404,0.300787803303695,0.231235104249721
0.139036016563591,0.411635482731932,0.337764897333048,0.401810895180933,0.286637018275615
0.160684904916348,0.32419866125385,0.495637163629528,0.641543837942691,0.39081736540568
0.0739468840763403,0.347977569238331,0.212504743447109,0.236771980113845,0.191443519032546
0.125937820439586,0.310998198065238,0.40494710652043,0.499223198827889,0.332987909484183
0.121012372971897,0.313165965906828,0.386416105662964,0.471696924849321,0.320512271844025
0.14356655919058,0.349998116225281,0.410192376858886,0.507107689869856,0.33647740853452
0.133537345688007,0.423977295705183,0.314963435638459,0.370209209216121,0.270184440978843
0.0731013460231428,0.304439323428755,0.240117949284072,0.27139910209174,0.213464915654909
0.145950507095191,0.296377568665458,0.492447885824774,0.636316838222439,0.388871411305455
0.15278088383057,0.365322243776911,0.418208544464838,0.519237469933243,0.341775055058416
0.145753065201853,0.318703616440611,0.457331067747746,0.579851835667497,0.367029250830035
0.156089179942058,0.315920441158451,0.494077494225108,0.63898556778908,0.389866500564153
0.154695227436431,0.32370463931361,0.477890053613224,0.612668166598145,0.379909630070111
0.0608292042878181,0.382655032414631,0.15896616831085,0.172298285178639,0.146974782235038
0.193015978215208,0.306449253695179,0.629846461976371,0.87732231677705,0.467326419622614
0.159683941569369,0.298780180562088,0.534452925454958,0.706514396248878,0.414010217436127
0.167520422536783,0.319498911729951,0.524322357249139,0.689313709236299,0.408043636577082
0.143890500279706,0.328712613413677,0.437739515941917,0.549201312612087,0.354506098168795
0.158926301334136,0.343654328429226,0.462459768979357,0.587975237166282,0.37026725820707
0.115148831052923,0.345051067620705,0.333715330449288,0.396145646845566,0.283742350048229
0.158497377502898,0.337403722106226,0.469755865505827,0.599603627121587,0.374845128477576
0.153150000958398,0.363642123855004,0.421155831274001,0.523721703403418,0.3437121767273
0.133087827713515,0.390294009593936,0.340993775056861,0.406344486420459,0.288936665478541
0.11814038066312,0.330125317663654,0.357865254016922,0.430272883969134,0.300832721358101
0.172614767412313,0.351868585234426,0.490566008606057,0.633240386502117,0.387720259513247
0.145280010000622,0.390860746715372,0.371692504866488,0.450186987284906,0.31043375180725
0.135496133759993,0.330603173296621,0.40984523048853,0.506584593706303,0.336247029089863
0.132394195120647,0.354226543067574,0.373755715690087,0.453182117503376,0.311855005676756
0.149848160563571,0.355086532671088,0.422004629227585,0.525015584311149,0.344268996141636
0.128509209978333,0.356858728717116,0.360112278716889,0.433490355982866,0.302402003734197
0.114046278246241,0.341411972948131,0.33404299580193,0.396603190357764,0.283977004417531
0.139399093314788,0.337502806345215,0.41303091617023,0.511391751656379,0.338358172919714
0.145512343408107,0.314453508471454,0.462746763791688,0.588431043225317,0.37044796230531
0.151411547766499,0.27049546093649,0.559756334698901,0.750245974121115,0.42865173536414
0.0952337003303436,0.331452242808236,0.2873225401146,0.3328540430491,0.249730302267491
0.171079685337607,0.369702590879929,0.462749489881637,0.588435373437122,0.370449678518454
0.086156070052927,0.360028245663389,0.239303641007876,0.270364212697244,0.212824172780502
0.167381932943938,0.362119721499754,0.462228161036657,0.58760749207653,0.370121390210852
0.0862120843184127,0.331531264327801,0.260042094350325,0.29698468124424,0.228980870428888
0.0783196315886369,0.381523873321903,0.205281076926361,0.227870142429854,0.18558162997507
0.130637182050984,0.330420659222732,0.395366265409343,0.48492796908171,0.326566661264784
0.12701037219623,0.315281904069754,0.402847009475463,0.49607798839782,0.331585647436121
0.132968670252452,0.382815931910929,0.347343616522706,0.415302963308777,0.293437500009085
0.121620606007939,0.28777058526968,0.422630429353867,0.525970237936417,0.344679224312849
0.180090110603289,0.386324190107774,0.466163173869721,0.593867055585997,0.372595100391016
0.166120133217738,0.281320205455852,0.590501961807388,0.804894175992951,0.445950896567187
0.164684900705536,0.359349664199961,0.458285945729717,0.581361121877559,0.367633372184657
0.14973004529695,0.402719450827063,0.371797401365765,0.450339114801852,0.310506081099094
0.142140680593109,0.34086293438942,0.417002455393755,0.517406238760313,0.340980698209744
0.171834971569197,0.360120237865935,0.477159996859626,0.611491256969492,0.379456763618711
0.0927016202727305,0.356969382587236,0.259690675992573,0.29652897709362,0.228709872538551
0.135404129224344,0.346213696072013,0.391099863351969,0.478606164608392,0.323687386177746
0.15903871625519,0.359078423717308,0.442908027190173,0.557229105018945,0.357833733792284
0.189747929117251,0.369253819943406,0.513868561051942,0.671745952865309,0.401822987346829
0.134661977954198,0.379917658253964,0.354450431635848,0.425397085844255,0.298441108143767
0.193421558659404,0.329269961218975,0.587425460686871,0.799349949820053,0.444243739190363
0.128278267823276,0.327511012967892,0.3916761963539,0.479458579751809,0.324077055156382
0.138679729565584,0.367415401473549,0.37744669659845,0.458555695742294,0.31439025405809
0.166708701954243,0.319634418040994,0.521560547127506,0.684654582308964,0.406406505819481
0.144396919109212,0.332449042071663,0.434343014524572,0.543948374014664,0.352309949716944
0.174574293316742,0.343806273106534,0.507769365984337,0.66158067969976,0.398163440260574
0.167850931667362,0.351805066193413,0.477113457982672,0.611416261721283,0.379427883561371
0.161611627382681,0.358833809465981,0.450380156828569,0.568908503416795,0.362614201005232
0.112974463856998,0.360605952682635,0.313290623786306,0.367919023070331,0.268962575170953
0.100235266736519,0.320454157241943,0.312791282220258,0.367236134754574,0.268597446644061
0.179677847054903,0.347329598738636,0.517312223626843,0.67751280568655,0.403879364371986
0.186503869137304,0.328449653099571,0.56783092135209,0.764435697884433,0.43324656081318
0.143134741102791,0.36393805821312,0.393294237501737,0.48185434230888,0.325169841968477
0.0982418465378251,0.317390372529863,0.309530014268412,0.36278447434002,0.266208253154419
0.125866947680729,0.378210589532764,0.332795937406786,0.394862630140229,0.28308352493502
0.102314553939849,0.355687161309653,0.287653210656025,0.333294851494322,0.249978353340804
0.114489329724105,0.302425232571659,0.378570692499929,0.460196028057092,0.31516044367647
0.141542758694801,0.360583485384926,0.392538106795721,0.48073429024506,0.32465938920446
0.150730496884766,0.33934657556175,0.444178629577295,0.559208981588663,0.358649153636153
0.102266557547603,0.372277600530267,0.274705105550096,0.316142494517403,0.240203850141109
0.0944410627159272,0.386001024028878,0.244665316506678,0.277193785987783,0.217033459627586
0.108343858029797,0.35251643904358,0.307344129322727,0.359808837657882,0.264602514481089
0.0842925295779387,0.298620315865869,0.282273258380051,0.326141049634673,0.245932398913765
0.118910249481259,0.405003989577959,0.29360266205074,0.341250867907019,0.254427323085002
0.132531731338845,0.332167733878595,0.398990382934919,0.490319286040918,0.329002845654281
0.188327661332614,0.361213101565508,0.521375499715809,0.684342870180555,0.40629665271608
0.114144560383683,0.354707969967738,0.321798690889481,0.379607020538666,0.275155906636695
0.137475444815471,0.308066899225872,0.446251918531096,0.562445025815046,0.359977481781574
0.137263793435499,0.318036616821126,0.431597451914477,0.539715180994482,0.350529232715551
0.0746822565923043,0.336560076491034,0.221898739062991,0.248444952757709,0.199003530118741
0.158587671034125,0.335672693316124,0.472447339899564,0.603914718317421,0.376525454514785
0.164842244701533,0.334428938041375,0.492906641593135,0.637067680224221,0.389151705772461
0.137483425514885,0.317148168419952,0.433499036743092,0.542645865612635,0.351763082965987
0.102603898557906,0.368638586864123,0.278331954966301,0.320924611923136,0.242954525206326
0.155204830644162,0.34848302270537,0.445372716981343,0.561071925431389,0.359414525551948
0.123360794434822,0.301666756663789,0.408930688283659,0.505207388362345,0.335639721322393
0.11568406112488,0.30893815845412,0.374457016587869,0.454201592864731,0.31233743319588
0.20399447785892,0.361109525364772,0.564910265529152,0.759289906689614,0.431588849457074
0.156083175325226,0.322468288083646,0.484026433274392,0.622594535571984,0.383703089048375
0.166537046330437,0.31959637357632,0.521085531937887,0.683854535825265,0.406124472913632
0.131527534128119,0.341084725044949,0.385615433557707,0.47051904978298,0.319968007114508
0.178398955111129,0.374118295924748,0.476851725923112,0.610994557613443,0.379265438685641
0.0956194165883015,0.344250493971293,0.277761160151814,0.320170850146444,0.242522284226264
0.0907166850762764,0.32959388697661,0.275237765810609,0.316843738067111,0.240608455588041
0.158748035916397,0.335832019175013,0.472700715990002,0.604321163447708,0.376683408045939
0.148533463563865,0.32328590019745,0.459449247471501,0.583201792445089,0.368368577668419
0.172673424350818,0.337840169576844,0.511109808425379,0.667140375072789,0.400170486569651
0.209829687642115,0.392891878816905,0.534064710815516,0.705852030956106,0.413782683460819
0.159031501618839,0.315609518426819,0.503886899265725,0.655142154777518,0.395822288065391
0.177522093445859,0.333052192141513,0.533015838461831,0.70406374792562,0.41316749375291
0.121463814468379,0.299905653582884,0.405006751347589,0.499312622403256,0.333027692118609
0.0713936808889251,0.344153855120355,0.207446988684633,0.230532482965517,0.187343679388248
0.168661762369267,0.325739789133044,0.517780658046597,0.678298794502047,0.404158542402635
0.158829746969653,0.334251315886844,0.475180618356706,0.608304660598389,0.378227257248674
0.196418883796758,0.321162340874369,0.611587533152253,0.843355465053605,0.457511034112501
0.213905291459301,0.349287970658802,0.612403831302429,0.844860807030192,0.457953686159243
0.152016496213611,0.336752254999251,0.451419386082357,0.570539806532205,0.363276246905179
0.149683050977446,0.332800666204017,0.449767882633042,0.567948195240968,0.362223826632029
0.115118438615277,0.331413806205071,0.347355591287722,0.415319911330663,0.293445960878333
0.111798733575114,0.381484990277412,0.293061945881056,0.340525827913229,0.254024070870249
0.0921104805095974,0.308124596002331,0.298939071092204,0.348427462757407,0.258395406783621
0.149372997303933,0.312010726039927,0.478743148351952,0.61404451231956,0.380438400324604
0.112930332963353,0.351792016651089,0.321014484746986,0.378525548342923,0.274587256506008
0.114332428273703,0.339608514983802,0.33665948652423,0.400262174409524,0.285848023123463
0.175650445070364,0.307258931034404,0.571669127660593,0.771220979436266,0.435417708117779
0.136362954912369,0.369592223987768,0.368955151277431,0.446222740977763,0.308543579307901
0.136181211048118,0.291640757848344,0.466948488451444,0.595119234238801,0.373087617191698
0.169802611747945,0.393372510758925,0.43165856053426,0.539809273738962,0.350568919765107
0.143871745156722,0.323003470607927,0.445418573633096,0.561143512604396,0.359443899983456
0.198068593573893,0.326200456694696,0.607199007569979,0.835283577235895,0.455125075817389
0.17342523101957,0.308520648945872,0.562118715917767,0.754385610112712,0.429999884725597
0.15129788883328,0.295928354341712,0.511265266114291,0.667399565008604,0.400263727431859
0.136242438480291,0.324339457232429,0.420061252006895,0.522054781673445,0.342993424388749
0.150696094657372,0.385651158243647,0.390757531608826,0.478100077412438,0.323455823268341
0.180684265781223,0.31135265709092,0.580320294901034,0.786610581376066,0.440280937309915
0.161253597372638,0.366235196463966,0.44030065632565,0.553174119943382,0.356157183435137
0.0613521201927969,0.370757625537018,0.165477702862975,0.179956652770973,0.152511240432746
0.0821543847672539,0.400256221127196,0.205254485578992,0.227837492142482,0.185559973205349
0.193842110337539,0.350281684598287,0.553389226044871,0.73913737020528,0.425002293014977
0.0988007937820843,0.290588085407485,0.34000290701368,0.404951674771396,0.288231746360448
0.153668793175183,0.415925457518685,0.369462340901025,0.446956436190964,0.308894189909098
0.187393459304165,0.352920249652287,0.530979617884758,0.700597428550539,0.411971355941468
0.10668635386407,0.374074107813688,0.285201118269342,0.330029494454488,0.24813697427804
0.138506948332035,0.342380057755944,0.404541518100817,0.498615254555941,0.33271732223471
0.162632148388027,0.276794107020229,0.587556397565001,0.799585566510267,0.444316503416291
0.136480064061998,0.364530832118089,0.374399233307611,0.454117566754215,0.312297696649017
0.138816196557851,0.330694226879168,0.4197720591251,0.521614677905388,0.342803395287582
0.180452887569489,0.326249265704237,0.553113543964508,0.738657987278702,0.424843754598815
0.140281586834317,0.336526339822828,0.41685172966898,0.517177543840735,0.340881359561584
0.119521503522196,0.429963103682665,0.27798083718925,0.320460893224449,0.242688666410947
0.193394489471871,0.317170400727322,0.609749488061896,0.839970406489428,0.456512997995468
0.123595102827556,0.361829039077574,0.341584255212467,0.407175150152725,0.289356410329257
0.168747065318724,0.362231298675284,0.465854458010251,0.59337507949237,0.372401380647557
0.163550785636726,0.336139850979621,0.486555774806486,0.626703826029277,0.385259944681533
0.0989612261493566,0.351787106705009,0.281309986247849,0.324864229979316,0.245205676648382
0.200204614514007,0.345391354334712,0.579645703348998,0.785405755399495,0.439903228173338
0.134407662248351,0.357025777737909,0.376464867886989,0.457124346667741,0.313716772156835
0.154123879072627,0.362706172322027,0.424927643458432,0.529479747794561,0.346182908638082
0.182068724572236,0.356504772912076,0.510704872434173,0.666465426597219,0.399927544826468
0.138796854061425,0.377510916905512,0.367663153158997,0.444355430458174,0.307649641554792
0.188341122101935,0.314249345506776,0.599336561220853,0.820910337033169,0.450824140177428
0.190004149253688,0.39304619132098,0.483414299513011,0.621601594613076,0.383325717412971
0.10652871845684,0.34888564604261,0.30533992918651,0.357086237829043,0.263127152774226
0.108431943139051,0.369832235670731,0.293192244160107,0.340700507501607,0.254121263917847
0.111033724798748,0.35583806068205,0.312034425395431,0.366201724254537,0.268043670091511
0.146445191284205,0.32300957379575,0.453377246882494,0.573617716931336,0.364521643827149
0.152155953777883,0.303601685839002,0.50116966036404,0.650650842873873,0.394178360422398
0.140539099005753,0.338328745148148,0.415392132714628,0.5149646914477,0.33991860955888
0.121792026540693,0.377116920137073,0.322955614127375,0.381204043598302,0.275994010707638
0.134664298032871,0.393643463827753,0.342097126987472,0.407897035671258,0.289720785921522
0.134820574859159,0.331144979057995,0.40713458873114,0.502506312472391,0.334445391876931
0.161599970067685,0.340874360347226,0.474074875866505,0.606527272645763,0.377539356457288
0.122548713607347,0.29956399938682,0.409090257368018,0.505447592091112,0.335745724226129
0.17694986134442,0.348394620138842,0.507900671008932,0.661798867916066,0.398242459236945
0.12247151415442,0.309337366465321,0.395915681166664,0.485744036065913,0.326936554530691
0.115474139659158,0.346586483069453,0.333175542901996,0.395392228172495,0.283355618721145
0.131905383747508,0.348820759878999,0.378146598250814,0.459576898612911,0.314869945564131
0.133245305782634,0.333964576898439,0.398980356000913,0.490304342782707,0.328996117576365
0.124687236280668,0.329598723015263,0.378300119430055,0.459800991780662,0.314975119464605
0.103730096799051,0.326200216111721,0.317995181105349,0.374369638269105,0.272393705335771
0.127900446302215,0.328436024130766,0.389422709158396,0.476128392462549,0.322552153927646
0.0854606780263999,0.393913726736496,0.216952779824217,0.242285439815912,0.195032020862947
0.146176067127448,0.297180290835766,0.491876721421712,0.635382499148326,0.388522256707052
0.107186926348218,0.346674846327834,0.309185761481111,0.362315412728754,0.265955599814456
0.179554958662325,0.349454633260745,0.51381478902399,0.671656062112028,0.401790821290975
0.203744657131169,0.31600462173798,0.644752143214242,0.905514675993551,0.475207400604988
0.102183299896043,0.306538360890203,0.333345880754688,0.395629936533096,0.283477679990074
0.126235783836378,0.379339555604043,0.332777802819339,0.394837335111245,0.283070523832627
0.195648704274923,0.323670841850323,0.604468116919217,0.830278455803571,0.453635048356095
0.0990256162125343,0.373501228589239,0.265127953090185,0.3035977644699,0.232892210116175
0.142689381439399,0.332865007734815,0.428670416306049,0.535214969185957,0.348625423754012
0.122096500747225,0.334322801948646,0.365205424325141,0.440809955163514,0.30594593935429
0.176674916770233,0.408250385448725,0.432761175659497,0.541508027097633,0.351284597665826
0.160050697448466,0.340280242749853,0.470349662839881,0.600553749553081,0.375216233582141
0.104595010204315,0.322156536125398,0.324671389450257,0.38357591362833,0.27723517723175
0.172250752282425,0.322601882848142,0.533942179015452,0.705643022641454,0.41371084879687
0.154846903385742,0.342725776521747,0.451809913328524,0.571153264896152,0.363524856331507
0.0840270485766514,0.296082364338964,0.283796195576359,0.32816221783218,0.247079922487032
0.193275304590152,0.33836776598752,0.571198926192279,0.770388344499453,0.435152178273783
0.135286069418581,0.323005937611263,0.418834620871265,0.520188926480098,0.342187025190719
0.189651341133387,0.309405202084657,0.612954597581382,0.845877174016706,0.458252144792517
0.103993669091968,0.341046127251663,0.304925524092611,0.356523970890414,0.262821725631869
0.129350227536686,0.359225585643014,0.360080775719662,0.433445197451475,0.30238002696029
0.141791854186192,0.362570416692061,0.391073975311724,0.478567886887966,0.32366987754295
0.12240683984535,0.367885614852159,0.332730704609207,0.394771642316355,0.283036756942334
0.106533920824292,0.347677878651186,0.306415585707062,0.358546781870751,0.263919348715414
0.18207253362875,0.353405631853844,0.515194205235667,0.673963562720438,0.402615431858712
0.198708110126761,0.302247318139114,0.657435478171233,0.92983687413525,0.481821487918198
0.143949219239207,0.319800736412452,0.450121600262837,0.568502904259626,0.362449379415063
0.146570648730318,0.341287324446905,0.429464085628885,0.536433905863296,0.349142194673114
0.132313174435275,0.384320882369235,0.344277869106669,0.41097064619432,0.291268034032312
0.125788521266665,0.377603990630776,0.333122859894936,0.395318716650308,0.283317862745607
0.162423644497198,0.354579498783151,0.458073986382756,0.581025973127065,0.367499321961087
0.134514933401392,0.309260693689225,0.434956449837641,0.544895777024363,0.35270714382681
0.109615695852052,0.347051635781685,0.315848376870948,0.371422300520582,0.27082999917647
0.142224896828169,0.351292494943565,0.404861757297199,0.499095246752802,0.332930978090882
0.167995669176184,0.336340181612231,0.499481413047065,0.647866487019106,0.393154719828703
0.0962770699000758,0.390668939099273,0.246441578186513,0.279464432401653,0.218422978649806
0.144618288320934,0.324597499589167,0.445531122402278,0.561319227273305,0.359515989727223
0.168089325805025,0.375693175849301,0.447411176487404,0.56425735291686,0.360719003087755
0.116764216033876,0.298959359949779,0.390568858768934,0.477821226379824,0.323328165714827
0.111280735820503,0.320325860468076,0.347398538656522,0.415380696902146,0.293476304863626
0.0752782513421915,0.294571200051047,0.255551972932678,0.291174117379574,0.225511116944095
0.152955490080258,0.342936288754505,0.446017219804209,0.562078364985754,0.359827251682652
0.0999451643511332,0.350105497803455,0.285471564937382,0.330389245144152,0.24834028563449
0.138594450837734,0.29493068676874,0.469922110703957,0.599869575649228,0.374949048834684
0.0910765765349033,0.314876294726126,0.289245580122569,0.335419640781558,0.251171714522076
0.166107478202831,0.346072819272425,0.479978400361089,0.616039495946335,0.381203242551686
0.127541212292972,0.289512798086126,0.440537389490567,0.553541851293849,0.356309584342925
0.142404658774207,0.306016963808685,0.465348904197464,0.592569746232535,0.372084015556837
0.0632488039907856,0.341014496051765,0.185472479097149,0.203787070012248,0.169288302797749
0.120835448409859,0.379395144185382,0.318494978815058,0.375056716752429,0.272757270433344
0.13033248843532,0.342919643067897,0.380067141296757,0.462382772413816,0.316184504588087
0.147479528137244,0.317621346281884,0.464324989059011,0.590939924502289,0.371440753608065
0.134331107551306,0.35600827007051,0.377325806292928,0.458379381156192,0.314307365476322
0.159392290183597,0.307672514635034,0.518058268456872,0.678764772396117,0.404323931236244
0.134357032628369,0.370300676909102,0.362832263094537,0.437394734874291,0.304296881199126
0.136139067887695,0.322131806548677,0.4226191425997,0.525953014782673,0.344671827826612
0.149806760476288,0.401293576663697,0.373309639595436,0.452534032257997,0.311547972170072
0.156148634372068,0.34938899421163,0.446919155895011,0.563487895397418,0.360404386280321
0.0838246367320112,0.311041744305309,0.269496420550328,0.309304945626604,0.236235986627682
0.127237000288657,0.332440974576454,0.38273561329425,0.466290311151755,0.318006814616056
0.157371723407272,0.379475939583283,0.414708040726081,0.513928670646516,0.339466898679609
0.166949562041231,0.314931675527739,0.530113592929227,0.699125306277422,0.411461887886963
0.152178150926843,0.342648473397886,0.444123242160583,0.559122623422657,0.358613629885792
0.208300988032125,0.376504094513484,0.553250259605517,0.738895705269441,0.424922382078659
0.140200056051139,0.356138623106901,0.393667091842089,0.482406961148944,0.325421408420163
0.183969744571088,0.358712806300317,0.512860821637539,0.670062117154045,0.401219876956373
0.10770870921889,0.348327308738759,0.309216953470824,0.362357906719826,0.265978495762748
0.0805350931551242,0.399870138222447,0.201403119305505,0.223117734827014,0.18241721828894
0.172414718592808,0.326416686861565,0.528204364337324,0.695884382478114,0.410337160756945
0.116187692016373,0.379433634022522,0.306213476081765,0.358272234235013,0.26377056469596
0.161694929810279,0.35204932578194,0.459296234841912,0.582959561108356,0.368271922689029
0.182767863289533,0.319296052814987,0.57240877761629,0.772531547576321,0.435835146986605
0.128267119676371,0.343157295111113,0.37378520434729,0.453224970524529,0.311875297849404
0.0643071295240232,0.320555812251357,0.200611335269124,0.222149673028477,0.181769612946008
0.146511402388341,0.328062127034441,0.446596514241827,0.56298353044706,0.360197992800366
0.104834418321009,0.398561305999902,0.263032102572031,0.300868479505476,0.231282780884852
0.149176981074724,0.327826513102558,0.455048554989984,0.576249915974831,0.36558283691863
0.182843613093954,0.331711893953286,0.551212110349301,0.735355185560541,0.423749092796246
0.12650321403427,0.337583077662744,0.374732095311515,0.45460166780635,0.312526568522311
0.132135739014645,0.33357988965712,0.396114223643591,0.486039048652208,0.327070172949379
0.131574285465002,0.324186286417647,0.405860121101777,0.500592636532279,0.333596623324168
0.155574604236117,0.296589792180908,0.524544702270881,0.689689361490364,0.408175240496297
0.0994611056546358,0.373079628554949,0.26659484475172,0.305511404368658,0.234016649219853
0.106050777045203,0.344676095559017,0.307682425359971,0.36026893341897,0.264851254459992
0.111468121279737,0.353112427594154,0.315673175365698,0.371182046316261,0.270702236302946
0.146156685710597,0.321654210923226,0.45439071135146,0.575213330987685,0.365165352318988
0.122071106503149,0.318508961993018,0.383257996068019,0.467056476049895,0.318362983071696
0.104801840958176,0.350678601512193,0.298854394041296,0.34831328673061,0.258332607234925
0.162326409199976,0.305340510033214,0.531624215805228,0.701693983497089,0.412350275843994
0.124816332276955,0.331757373109567,0.376227756770105,0.456778887244219,0.31355402748066
0.15821258761199,0.322521996642302,0.4905482083675,0.63321131469236,0.387709360690802
0.160633834291592,0.353402480329396,0.454535107229213,0.575440801721783,0.365257013207281
0.18408676025598,0.336245737523797,0.547476859072308,0.728885288755178,0.421592625893639
0.106546357312134,0.338973967495409,0.314320176559215,0.369328093125174,0.269714829469589
0.12895996092528,0.322304284268942,0.400118668040017,0.492001740058619,0.329759494810836
0.201430233201092,0.376760400854641,0.534637485107695,0.706829379018902,0.414118357527448
0.0757466156793102,0.368188493437958,0.205727818846338,0.228418806041158,0.185945383543326
0.126401943379722,0.327897395618183,0.385492367639631,0.470338090141282,0.319884313203154
0.142370518253128,0.33142884452926,0.429565864900329,0.536590290945102,0.349208435135344
0.111113389479415,0.375320902059129,0.296049031295117,0.344536079561214,0.256249039946665
0.125802596750105,0.346390196979566,0.363181746617173,0.437897168440665,0.304539975494593
0.160524392653803,0.309243241042969,0.519087796753167,0.680493998222843,0.404936881025746
0.150185065695918,0.333898272497647,0.449792880246111,0.56798739069316,0.362239769314771
0.154814152180187,0.336519819060878,0.460044679128334,0.584144761620456,0.368744559066004
0.10612930604196,0.396768969413704,0.267483886652691,0.306672574797438,0.234697337888934
0.174085501796938,0.294824692588292,0.590471239937964,0.804838727121503,0.44593387488151
0.115110682531314,0.333457790846875,0.345203158213729,0.412276806158229,0.291923512699846
0.141048620303826,0.356539834082054,0.395604100358013,0.485281178850164,0.32672680820331
0.125641072710174,0.272979318870289,0.460258576474338,0.58448364222219,0.368879568489877
0.146763477468226,0.361038270868013,0.406503934099218,0.501559048636498,0.334025524398752
0.156661166876586,0.387228087100862,0.40457077390613,0.498659098393407,0.332736843841258
0.13862828220142,0.304538850588461,0.455207215544251,0.576500024500816,0.365683485912637
0.141623581164813,0.360179433365841,0.393202854036819,0.481718931511825,0.325108170832587
0.157899090890762,0.337553379956565,0.467775173547602,0.59643844074539,0.373605662155635
0.159757851323354,0.355446239389924,0.449457143216812,0.567461047626002,0.362025613641532
0.10981237948433,0.368713200742387,0.297826004773433,0.346927408550083,0.257569492125442
0.100851224069794,0.257605762431791,0.39149444141995,0.479189705290735,0.323954191661001
0.135492842008984,0.296741283647653,0.456602601240569,0.578701385601957,0.366567984851232
0.161545903827263,0.31005019905395,0.521031446908227,0.683763466965505,0.40609235226952
0.14502582491562,0.353900480507708,0.409792675917152,0.50650541787928,0.336212144920323
0.0735858763998546,0.4002369364601,0.183855785652083,0.201842487667216,0.167944210442247
0.142613096749234,0.330643181697572,0.431320240801692,0.539288413990798,0.35034916724451
0.162479857064876,0.358347455775986,0.453414289528114,0.573676008974404,0.364545183190713
0.178072596969389,0.339712546892437,0.524186105571697,0.689083553089626,0.407962976034651
0.115569095296179,0.321230819205803,0.35976963724062,0.432999266869629,0.302162936772125
0.137987475489463,0.369267940605949,0.373678460315383,0.453069855710843,0.311801840723756
0.127856234286644,0.340481785843071,0.375515635792552,0.45574185372944,0.313065020808382
0.0977109916498112,0.376393505006783,0.259597974858919,0.296408792958317,0.228638369755216
0.150988073178813,0.317061776044939,0.476210267482425,0.60996150292281,0.378867135528057
0.183194321258016,0.349464782193267,0.524213971171214,0.689130621071253,0.407979473271406
0.122979508991782,0.354376540789358,0.347030615282406,0.414860041047086,0.293216310455742
0.157897725753475,0.315191368497254,0.50095827974696,0.650301964154522,0.39405028793484
0.170254489599659,0.316019652229575,0.538746525409048,0.713857238715866,0.41652082950079
0.220861608289694,0.351722033979508,0.62794362295358,0.873753471160522,0.466311862584226
0.159941624332403,0.324590247274246,0.492749322185484,0.63681015796364,0.389055599921189
0.135936089379156,0.32322153027903,0.420566319520255,0.522823716262818,0.343325173281308
0.151757792903144,0.345845309814293,0.438802518341603,0.550848992913895,0.355191895168919
0.180075131026283,0.288993195099603,0.623112011216111,0.864722057607463,0.46372704933675
0.125733819935447,0.37287283927141,0.337202946133405,0.401023367163595,0.286236030435007
0.104386376566591,0.356361212287205,0.292922947187816,0.340339509524201,0.253920373984212
0.131300820360202,0.333739585598813,0.393422974156977,0.482045123560469,0.325256711754095
0.142549722809222,0.367048008459847,0.388368059555391,0.474572414889243,0.321837306935441
0.18737992952978,0.350074750024856,0.535256911606665,0.707886961879095,0.414481155767034
0.0967338064893344,0.388717758845899,0.248853581520269,0.282554229680722,0.220305873343898
0.0576170838335907,0.324451457901646,0.177583063445678,0.194327258719798,0.162708551865506
0.160935758315437,0.363908497675331,0.442242375057203,0.556192877065603,0.357406132146276
0.183996155497658,0.326060362204186,0.564300898931211,0.758218180754541,0.431242373133209
0.0951856322191253,0.335035264192579,0.284106308774745,0.32857416233694,0.247313376739905
0.183261835824328,0.363229177541989,0.504535007524673,0.656215213769397,0.396213733767069
0.127561252482919,0.317638655195511,0.401592345252827,0.494202089928935,0.33074648553894
0.138150174800929,0.328043998952264,0.421133065205173,0.523687014645108,0.343697235463468
0.178957459513079,0.343125956152704,0.521550341220574,0.684637388968821,0.40640044762861
0.140989358269554,0.359362004401793,0.392332401707994,0.480429726994165,0.324520453915513
0.122049113072246,0.364384796510335,0.334945678966561,0.397864449718522,0.284623054687911
0.112202509035572,0.335255750362386,0.334677358745642,0.397489424736202,0.284431078833555
0.0959613976672228,0.3534902925177,0.271468268573225,0.311889243078565,0.237740529335133
0.161622006773831,0.346883615536503,0.465925744356246,0.593488669428244,0.372446118265273
0.123150075027794,0.363995949106669,0.338328147140189,0.402600687301542,0.287038706701409
0.16904093507001,0.383656695182232,0.440604679112188,0.55364639205441,0.356352896570187
0.13335722376528,0.332510188407678,0.40106206791407,0.493409958464367,0.330391501454649
0.232627697488212,0.350236127757816,0.664202459573422,0.942940329789351,0.485316154764044
0.129890982252253,0.372125222844066,0.349051809118248,0.417722639399172,0.294643414579457
0.136042190383736,0.354765055923427,0.383471224440717,0.467369327468153,0.318508311928918
0.128291862363369,0.358084238006678,0.358272855229602,0.430855983759121,0.301117644717243
0.18281438997418,0.331400374404629,0.551642074341685,0.73610148623404,0.423996806679081
0.117277121200853,0.338459407148387,0.346502767315421,0.414113407122786,0.292843137641526
0.161965215025866,0.348874837903972,0.464250205027532,0.590820952049569,0.371393745655897
0.158269796526216,0.337772873955422,0.468568700241759,0.597705760023038,0.374102525620499
0.194847557339191,0.346796665925639,0.56184956916792,0.753913486465896,0.42984645039991
0.114813067064624,0.357340964325947,0.321298363542496,0.37891693806616,0.274793156575164
0.0972165674799954,0.301015862134639,0.322961610031409,0.381212325190027,0.275998351765055
0.17301172517745,0.394484743250141,0.438576467500402,0.550498461814889,0.355046119278648
0.176351374931384,0.295593829939317,0.596600324734744,0.81593470608689,0.449319407439008
0.104753802476067,0.288227179038641,0.363441792080348,0.438271135697967,0.304720803206053
0.124494333660219,0.350066422299485,0.355630605307564,0.427080295000909,0.299268581100152
0.186891540654489,0.324821105458128,0.57536760239424,0.777783924438497,0.437501944835144
0.105946173770019,0.334224231386833,0.316991300512248,0.372990627558357,0.271662908742255
0.0789628545767586,0.324925297774668,0.243018487995719,0.275092197799639,0.215742985702799
0.0878653291375977,0.363048962861745,0.242020603626014,0.273820437865733,0.214959997285422
0.105829106860196,0.335504852134348,0.315432418300222,0.370851964286943,0.270526631575309
0.136144188939582,0.301276386337123,0.451891336705158,0.571281198708521,0.363576678177065
0.111601937378853,0.337033232489167,0.331130365259871,0.392541319486514,0.281888453860213
0.0819062307907816,0.320485006262205,0.255569618516786,0.291196901102077,0.225524783132248
0.104037861519864,0.343330699639959,0.303025222122477,0.353948613469387,0.261419532431457
0.107670862713014,0.345511235575017,0.311627674086553,0.365646132916418,0.267745885338216
0.146454587445553,0.373777219657082,0.391823203083151,0.479676086105739,0.324176413074409
0.0730509118778295,0.330725482474187,0.220880808250181,0.247174768761592,0.198187756000732
0.122192149455892,0.336531531377424,0.363092721076565,0.437769164565798,0.304478059033908
0.143806704118542,0.356657276851771,0.403206981749904,0.496616631936598,0.331826214769499
0.0489094883449347,0.320225860492898,0.152734349029939,0.165015450346751,0.141642284913592
0.127262030680191,0.359246363127707,0.354247234605828,0.425107478814453,0.298298538976232
0.091948063750205,0.386761271939916,0.237738549387357,0.268377531387614,0.21159120588805
0.176054071865077,0.307313947897248,0.572880186759181,0.773367332136674,0.43610103678005
0.0951475223037078,0.309305776430109,0.30761637691305,0.360179092735474,0.264802697423553
0.132890861175295,0.362691744942502,0.366401670367112,0.442534549683636,0.306775702377935
0.106048180183862,0.341014646005247,0.310978374172909,0.364759706809586,0.267270278415743
0.0989861100433736,0.313533093724447,0.31571184039146,0.371235064130369,0.27073043407463
0.170342062140327,0.363665470780479,0.468403177719205,0.597441325620868,0.373998916917129
0.122163088687434,0.379837821794318,0.321619074452215,0.379359242693963,0.275025701029888
0.117705600640473,0.334500384133423,0.351884799610643,0.421744728737819,0.29663885521294
0.117640640232148,0.350092165381105,0.336027628907622,0.399377687553681,0.285396638166964
0.146822754856226,0.341586315519905,0.429826220153924,0.53699040238327,0.349377850083259
0.148931286850829,0.383239294528739,0.388611734175033,0.474931774543211,0.322002537839622
0.146507213795323,0.345918798348141,0.423530650820179,0.527344567609286,0.345268892686557
0.13869202265213,0.283069365009347,0.489957726960493,0.632247218445787,0.387347707688427
0.175249950777638,0.303407313456316,0.577606217797614,0.781768156833742,0.438759753245882
0.121816013684078,0.365215033957802,0.333545999911256,0.395909256766609,0.283621055485846
0.122299751981933,0.315021550432363,0.388226620731434,0.474363867849713,0.32174138161806
0.127454765102276,0.296811451731634,0.42941323307672,0.536355776264512,0.349109096051049
0.140757984016856,0.352714711048704,0.399070352348926,0.490438470766409,0.329056502758022
0.0828130235243614,0.350631840154631,0.236182268808903,0.266405115283906,0.210363265331712
0.133699576887669,0.344110360266074,0.388536912356519,0.474821421594111,0.321951806938689
0.0937300873968735,0.31770571369608,0.295021724055414,0.343155537154658,0.255484586603871
0.0926479201429283,0.301338770035885,0.307454364839597,0.35995874515036,0.264683576934947
0.129185041758329,0.325869830314656,0.396431426725172,0.486510499586682,0.327283594513429
0.167916883242593,0.308901793033057,0.543593099909988,0.722183736705079,0.419341863073668
0.17064012828347,0.350730109042706,0.486528313035971,0.626659154475494,0.385243062599402
0.11734561618746,0.380446223600251,0.308442058057487,0.361302630743647,0.265409485432549
0.0837861205383989,0.370019984721612,0.226436743954347,0.254123276445542,0.202630220823094
0.109763373353224,0.32382184581955,0.33896222497104,0.403490327323596,0.287490636357315
0.185366669175896,0.326527264353654,0.567691244842358,0.764189264875359,0.433167393142112
0.15833300733992,0.350848036663612,0.451286570805944,0.570331228705151,0.363191674647794
0.133718141222006,0.352394890884274,0.379455391326655,0.461488433380344,0.315766052498237
0.09815712544669,0.330973238969025,0.29657118428199,0.345238316412695,0.256637290360069
0.129047514057432,0.343023866832626,0.37620564204181,0.456746671331165,0.31353884674663
0.106978249532522,0.368231701602707,0.290518847418366,0.337121069893489,0.252124566341882
0.128762998210438,0.290901855793407,0.442633814965702,0.55680215230255,0.357657619806746
0.161494242304764,0.364410116413693,0.443166188398099,0.557631173062668,0.357999494813804
0.123215446457944,0.359524175731206,0.342718111257322,0.408771589097835,0.290161721219555
0.164749182977573,0.365767480423383,0.450420531608968,0.568971849031861,0.362639934797394
0.160683748232797,0.306483277629906,0.524282269086247,0.689245989110543,0.408019905658299
0.142694708963164,0.337623111541636,0.422644967376787,0.525992422687972,0.344688751312053
0.153016012592721,0.318429400210277,0.480533557804886,0.616936901379585,0.38154667683891
0.0969886609711143,0.362519372977071,0.267540628724547,0.306746720210132,0.234740761515595
0.118970909990906,0.392465011377099,0.303137621296369,0.354100804727959,0.261502543600584
0.190226462090395,0.349395556610496,0.544444422636028,0.72365049511235,0.419835980185288
0.129566296689622,0.341208762276795,0.37972734294706,0.461885941577054,0.315952105729111
0.143260308248906,0.352989913663706,0.405848163654302,0.500574693381923,0.333588654793152
0.142862328627738,0.298458125366306,0.478667915146887,0.613923087145439,0.380391786966311
0.0899867867878097,0.359044680364088,0.250628380558539,0.284832526855869,0.221688446472387
0.181914292463591,0.36330148192163,0.500725434703381,0.649917744255345,0.393909179120121
0.119833895304189,0.367533146224303,0.326049219057524,0.385483559389642,0.278230338265048
0.139623056982174,0.312919989479052,0.446194112477818,0.562354709645076,0.359940483536436
0.123007527539008,0.379711500178201,0.323949965911699,0.382578129352664,0.276713569548356
0.122953561641872,0.34580946259474,0.35555291263375,0.426969425623968,0.299214137287677
0.168726155684401,0.349411904729369,0.482886110635196,0.62074530884677,0.382999910879555
0.166134034819235,0.331891664307066,0.500567060537947,0.649656460600399,0.393813182390687
0.167084191563151,0.336612916149211,0.496368925692344,0.642745497058403,0.391262979085525
0.0945761656137084,0.280129576673908,0.337615780299422,0.40160187688302,0.286530635772357
0.13542079814189,0.345343946594975,0.39213311678723,0.480134729068619,0.324385827613643
0.0955026274354432,0.338978482761153,0.281736547575308,0.325429486373647,0.245527574057536
0.17528184345393,0.343298815136622,0.510580974141064,0.666258967165587,0.399853192267548
0.106486269101771,0.331485619526859,0.321239483190137,0.378835749341206,0.274750454883557
0.178058642025156,0.38742150445414,0.459599273602618,0.583439331902905,0.36846333177903
0.0832381237151241,0.288014790095978,0.289006421119505,0.335100301339571,0.250992604078771
0.170179147422833,0.332577605223644,0.511697554946295,0.668120519038004,0.400522930695263
0.150853973966642,0.282998894628446,0.533054993605894,0.704130472093452,0.413190470814396
0.150679547839862,0.307968658783357,0.489269097820304,0.631123592372404,0.386925672170838
0.108363370426885,0.291762948785908,0.371408949895145,0.449775837849773,0.310238194145141
0.153238482893831,0.315168341761981,0.486211533928617,0.626143944448764,0.385048289597153
0.144507474675354,0.344184452173992,0.419854742893216,0.521740495942061,0.342857732532818
0.154174818827786,0.331365609430806,0.465271031271517,0.592445732995321,0.372035115997929
0.0562261083685408,0.345883209226,0.162558074138264,0.176516641654883,0.150033272293196
0.1738189293161,0.371760304122581,0.467556453415174,0.59608930570104,0.373468642119135
0.157288765901408,0.34935978178276,0.450220014160685,0.568657274340177,0.362512120169379
0.142241736855964,0.31140225117989,0.456778126416929,0.578978511761682,0.366679158360243
0.101011723225949,0.316392211780793,0.319261092608479,0.376110570304196,0.273314207753709
0.11351328003789,0.350076364704324,0.324252910172225,0.382997036911296,0.276932651834641
0.0801172623587457,0.324920972352685,0.246574610985044,0.279634654458023,0.218526947112463
0.140910863705553,0.359200084615977,0.392290730822633,0.480368037462063,0.324492305498303
0.16899318146164,0.362997895016572,0.465548654087718,0.592887893638464,0.372209429179723
0.124899366210882,0.361632642560447,0.345376361289082,0.41252143802919,0.292046143104743
0.145310578266616,0.340208661304543,0.427121924848759,0.532839541560416,0.347615994442569
0.134562712286164,0.346310782779635,0.388560561718891,0.474856300592776,0.321967842156501
0.0916923215865061,0.312463881040877,0.293449346148622,0.341045248582998,0.25431300617437
0.135070319060055,0.364849491912881,0.370208324402182,0.448036244528783,0.309409551191574
0.139948677050234,0.337274979151675,0.414939398713292,0.514278970657328,0.339619700611762
0.0652912529013525,0.325719964864997,0.200452105932205,0.221955086438783,0.181639316290781
0.154019960280268,0.342891660019461,0.449179662962717,0.567026168474203,0.361848563783916
0.129825596633525,0.311014892910584,0.417425659004856,0.518048546463946,0.341259538550765
0.128339326253208,0.333969679186071,0.384284365472901,0.46856299092028,0.319062235544049
0.18540655085986,0.355455158223781,0.521603208084928,0.684726452819391,0.406431828546113
0.162351792854741,0.370965940582531,0.437646088478631,0.54905658142437,0.354445788493735
0.167202763229444,0.32832046203637,0.509266958849862,0.664070915285274,0.399064071840611
0.154432996040268,0.294247767923435,0.524839991583053,0.690188382373844,0.408349974222687
0.133768498687376,0.319896469019888,0.418161848104237,0.519166528728871,0.341744317631374
0.0911795336184486,0.354169063564197,0.25744635260025,0.293622409640196,0.226976904119853
0.110937380323539,0.297635256017432,0.372729298968003,0.451691312302315,0.311148319532169
0.134615443487382,0.339156032397919,0.396913015332844,0.48722655851754,0.32760748907228
0.162453488375812,0.281875318955849,0.576331013930516,0.779497487280874,0.438043600989833
0.17360861801519,0.345623467542224,0.502305642755524,0.652527018615409,0.394866172392229
0.162027581242984,0.337773258744532,0.479693335834883,0.61557888606798,0.381026820402553
0.203794603344625,0.321358712738715,0.63416548320046,0.885448046676209,0.469622087035034
0.126714574435238,0.28936432907985,0.437906686142614,0.549460314554537,0.35461399649497
0.155782426735673,0.355748532958915,0.437900405210286,0.54945058252972,0.354609942856426
0.139400761183118,0.338367282340774,0.41198061532062,0.509805168955949,0.3376628848797
0.13617807978398,0.333447868913823,0.408393912450447,0.504399646219925,0.335283013052629
0.180180651227397,0.348252413739065,0.517385218648912,0.677635260240054,0.403922876622831
0.132474905131149,0.344769206722982,0.384242277291286,0.468501183075104,0.31903357550863
0.102813458362656,0.35065954075351,0.293200231032434,0.34071121554815,0.254127221132293
0.117973242770135,0.327950635278302,0.359728660595585,0.432940548570381,0.30213434116462
0.146520603593617,0.334419869148746,0.438133667017393,0.549812052329533,0.354760470150627
0.159788919152279,0.306151421749496,0.521927738369364,0.685273286301535,0.406624428139736
0.203782401194897,0.335244360537512,0.607862279526981,0.836501273152956,0.455486356247839
0.100314023853308,0.286838722169926,0.349722739992829,0.418674152453586,0.295116501368191
0.116590351679632,0.308026967021604,0.378506962578553,0.460102972844262,0.315116797514622
0.163388945484327,0.33444936707788,0.488531184591178,0.629920408672434,0.386473109558462
0.116601495281914,0.307398902729794,0.379316563092638,0.461285551605287,0.31567105491363
0.09014930234572,0.358677918889147,0.251337753450001,0.285744275567166,0.222240363808829
0.131542836238466,0.310003261760231,0.42432726511183,0.528561756870931,0.34579025315466
0.169769290066268,0.365823378245633,0.464074469161663,0.590541412315417,0.371283267284277
0.122139962120802,0.305510932636916,0.399789169790396,0.491510209080583,0.329538615349852
0.155557237850396,0.357578810395611,0.435029239227832,0.545008233138637,0.352754258164353
0.149057532806471,0.416065306231929,0.358255135849709,0.430830630102999,0.301105260845573
0.159374556359354,0.331769445774114,0.480377437974999,0.616684485169704,0.381450116474007
0.130224677158933,0.362733728386882,0.359009011205153,0.431909704745632,0.301631941814625
0.13492698206621,0.338510437338045,0.398590315640603,0.489723177286245,0.328734347933251
0.137782370309818,0.32361392622606,0.42576156074807,0.530755739362168,0.346727910739908
0.126721628056633,0.361712463193445,0.350338019701747,0.419547302461354,0.295550068485848
0.116013703179622,0.379165211774386,0.305971380224232,0.357943441954932,0.263592305022385
0.151160458175803,0.352439485586125,0.428897624579197,0.535563822357678,0.348773404634776
0.113107451466796,0.282984537944516,0.399694811201918,0.491369478922209,0.329475348575133
0.120008245823217,0.35940139611472,0.333911462561238,0.396419502694957,0.283882817398285
0.124922884958954,0.355292994727792,0.351605257668151,0.421347346999638,0.296442208788072
0.148508244880616,0.32673264348798,0.454525275758309,0.57542531289752,0.365250772719399
0.152002144057404,0.368788553812434,0.412166111138885,0.510085257478008,0.337785734250463
0.112296209945508,0.361418308349954,0.310709799008782,0.364393215464775,0.267073458981285
0.0519647658754312,0.354835572855725,0.146447452991304,0.157714094807488,0.136228880269194
0.142483682241183,0.356027783301861,0.40020382937468,0.492128806328611,0.329816570956428
0.121072610713699,0.314218706138598,0.385313185842907,0.470074655922511,0.319762437933825
0.141584530656927,0.285452945859857,0.495999542868399,0.642138807144992,0.39103808055143
0.143502959355611,0.310440225156614,0.462256330613132,0.587652214937099,0.370139133374611
0.155157952181978,0.322135254175817,0.481654678184632,0.618750698845155,0.382239648938272
0.191406171315372,0.311049258701575,0.615356461913351,0.850316049216208,0.459551788234448
0.120891341977766,0.298167358733588,0.40544794202568,0.499974251097277,0.333321889180118
0.210440798402791,0.390592493368814,0.538773278994085,0.713903091154599,0.416536439451583
0.137388484110705,0.345170910150945,0.39803030924774,0.488889156333697,0.328358329600276
0.101321845127156,0.341286562303584,0.296882023257124,0.34565653390806,0.256868320554431
0.076900420448636,0.360223782024567,0.213479576546646,0.237978214219582,0.192231342592408
0.121910991039307,0.36979411968702,0.329672605779907,0.390512808076886,0.280840856559225
0.138304656897325,0.336971745138707,0.410433987100003,0.507471866514827,0.336637703022656
0.114360979791567,0.293537597069398,0.38959568018992,0.476383741996654,0.322669322646695
0.164475787274984,0.346639339151574,0.474486789865084,0.607189160029445,0.377795703909751
0.152119246623939,0.323940782152398,0.469589675042442,0.599337810342282,0.374741225066151
0.113485621031869,0.317891789512114,0.35699450182731,0.429028012789484,0.300223654784775
0.0451411798493338,0.275656984785207,0.163758519975498,0.177929834220651,0.151052999127384
0.135161182907883,0.335180261663639,0.403249231434517,0.49667986485306,0.331854444304843
0.184197593690295,0.352838520912835,0.522045022787632,0.685470954189996,0.406694017767527
0.16640043438144,0.32929448441229,0.505324086063645,0.657522613403162,0.39668998062908
0.179144544657619,0.368401269622265,0.486275589770097,0.626248111803721,0.385087679584839
0.184209507866575,0.333397590926187,0.55252201239618,0.737629820319287,0.42450343087675
0.144702926853867,0.335613535822718,0.431159388429147,0.539040835709688,0.350244660961919
0.130589188597543,0.362980612902577,0.359769045385885,0.432998418742478,0.302162523753832
0.145558737381837,0.333921223486699,0.435907415114138,0.546365618037233,0.353322404264732
0.131873843482808,0.356823053264856,0.369577700420952,0.447123366019085,0.308973910945191
0.160343409192634,0.334066100401722,0.479975097742084,0.616034158792397,0.38120119889838
0.178201518555821,0.362782351031068,0.49120779456154,0.634288913673118,0.38811308598278
0.197566533529752,0.321403541887446,0.614699304088376,0.849100498993705,0.459196511739514
0.147508094581072,0.344266688995984,0.428470425097657,0.534907970388681,0.348495141538178
0.101642389996059,0.349642542554934,0.290703726306673,0.337368298203365,0.252262819940169
0.120802110975669,0.364249369262717,0.331646726582359,0.393260559641782,0.28225916316966
0.170393227255812,0.343910915323573,0.495457456171449,0.641248866777303,0.390707880905615
0.0943383659904845,0.333922109237536,0.282516081986583,0.32646310708711,0.24611548209887
0.182876862699654,0.380420475590498,0.480722974797263,0.617243205713014,0.381663811313328
0.122338796199101,0.389151336545615,0.314373316265767,0.369400860751624,0.269753635578169
0.17088473039491,0.30684958615459,0.556900638310846,0.745254932855696,0.42701780629622
0.0719941060981815,0.329174902907746,0.21871079922019,0.244471322563596,0.19644592698206
0.127315216889269,0.260854942180381,0.488069023439205,0.629167296821663,0.38618949573141
0.178263447056985,0.398822483990405,0.446974416470646,0.563574297025795,0.36043972972555
0.195502881099268,0.362114445424949,0.539892521740859,0.715822438665574,0.417189111492377
0.177535764879254,0.352543605107553,0.503585265218728,0.654642982838427,0.39564002000929
0.14482610383013,0.322661388556097,0.448848573045023,0.566507427788702,0.361637243296312
0.106868059687595,0.334465725339126,0.319518717737784,0.376465136638445,0.273501396161646
0.17102938625407,0.329088145629541,0.519706919028923,0.681534751634984,0.405305183834183
0.14489370144886,0.301004962545896,0.4813664871946,0.61828425669408,0.382061590314884
0.186420794010564,0.354422856789021,0.525984118799472,0.692123279576198,0.409026510024461
0.0943013723497259,0.365674514076994,0.257883359981359,0.294187855724634,0.227314647115055
0.159533063384276,0.366945790716967,0.434759213540965,0.544591097550466,0.352579461589621
0.109522303175578,0.364647113437021,0.300351488164169,0.350333350363366,0.259442122398216
