"middle_lower_same_caste","upper_background_same_caste","middle_lower_income","upper_income","same_caste_group_difference","income_difference","middle_lower_premium","upper_premium","premium_difference"
0.148164207748445,0.1268955418791,0.322683481528046,0.308245707147603,-0.0212686658693448,-0.0144377743804434,0.582748141623074,0.509336427983158,-0.0734117136399168
0.124420391771424,0.0701377643194233,0.374577532301373,0.349365402926181,-0.054282627452001,-0.0252121293751913,0.393978541211116,0.222328459256528,-0.171650081954588
0.157646635321383,0.203939717227274,0.366403360963539,0.422423392256344,0.0462930819058906,0.0560200312928049,0.537648555476059,0.620581595219641,0.0829330397435815
0.15665205424718,0.0712719807724649,0.351000455635181,0.33746808927582,-0.0853800734747146,-0.0135323663593611,0.562522604659181,0.235154678503726,-0.327367926155455
0.14957680779524,0.0940839031261745,0.376906639773493,0.391335748688228,-0.0554929046690656,0.0144291089147356,0.487138398061599,0.271779815148942,-0.215358582912657
0.138354320718608,0.116471561145927,0.373917187717646,0.358043090357203,-0.021882759572681,-0.0158740973604424,0.447753823836313,0.384446473697891,-0.0633073501384216
0.119315850700298,0.073620348011369,0.31604872666755,0.346426357986483,-0.0456955026889286,0.0303776313189332,0.458667857026935,0.236783060583561,-0.221884796443374
0.135915355549052,0.0498350532586399,0.317810846956785,0.317047456162931,-0.0860803022904119,-0.000763390793854624,0.53366632579876,0.170211894362333,-0.363454431436427
0.136707606486408,0.0947432135045297,0.329850680781059,0.364809676157302,-0.0419643929818785,0.0349589953762426,0.513542616895565,0.296548673777407,-0.216993943118158
0.145682143624681,0.0341370596198224,0.341933641358609,0.29410422933676,-0.111545084004859,-0.0478294120218488,0.53120322497979,0.123075942245817,-0.408127282733973
0.196695586974144,0.233089860079325,0.360243952613843,0.269089888394851,0.0363942731051811,-0.0911540642189914,0.726345301040515,1.37789490723002,0.651549606189509
0.182831401159843,0.112284698991211,0.351618219392054,0.241149825375718,-0.0705467021686324,-0.110468394016336,0.681979464783811,0.593004960945155,-0.0889745038386562
0.135485868560815,0.116765731017475,0.347786712298704,0.154669388636271,-0.0187201375433391,-0.193117323662432,0.476339881685696,1.12747868155359,0.651138799867894
0.081837120938501,0.00504574738783285,0.299016510760658,0.353484600198612,-0.0767913735506681,0.0544680894379538,0.31480403616927,0.014376670496097,-0.300427365673173
0.146555909710722,0.128633660305927,0.322856482505975,0.344959705254719,-0.0179222494047942,0.0221032227487442,0.57449590710521,0.451931504444389,-0.122564402660821
0.15374850210043,0.0332144858557149,0.381817903100342,0.38638587602043,-0.120534016244715,0.00456797292008876,0.495820584631628,0.0897648690157768,-0.406055715615851
0.0907496675258271,0.0655844773717109,0.331105583093551,0.323033790435059,-0.0251651901541162,-0.0080717926584915,0.315321014024526,0.225105151234772,-0.0902158627897536
0.096146608839377,0.0464389382235422,0.360496275667427,0.282795897743292,-0.0497076706158348,-0.0777003779241343,0.305656849732818,0.178466032677915,-0.127190817054904
0.0690534592374105,0.0444436332647373,0.342144509785839,0.340884878276555,-0.0246098259726732,-0.00125963150928388,0.223634366835991,0.139258088277256,-0.0843762785587343
0.154246066708978,0.0486892815611398,0.345332305686015,0.300623100892208,-0.105556785147839,-0.0447092047938073,0.563082484918173,0.175814632099293,-0.38726785281888
0.131599167329462,0.109551769441266,0.334297924110415,0.244994920648866,-0.0220473978881953,-0.0893030034615485,0.482393993882511,0.563863480890487,0.0814694870079762
0.191703189151748,0.145600481068758,0.316060323692703,0.338649722559498,-0.0461027080829902,0.0225893988667951,0.834074280216898,0.537171733457299,-0.296902546759599
0.0726481979653307,0.0508703509671229,0.31488893089913,0.292128463267707,-0.0217778469982079,-0.022760467631423,0.259494624078418,0.190218519910997,-0.0692761041674217
0.128355921766984,0.0965703123427154,0.328406987599145,0.354393733915186,-0.0317856094242684,0.0259867463160417,0.478227986875511,0.313236121280822,-0.164991865594689
0.17623473475711,0.117682111608716,0.31348324677392,0.247649271143571,-0.0585526231483934,-0.0658339756303492,0.754497176267416,0.608330493840395,-0.14616668242702
0.144428157516679,0.11425192464361,0.316375746465428,0.398578749307698,-0.0301762328730693,0.0822030028422694,0.578552535769562,0.331955694768791,-0.246596841000771
0.17862722524831,0.0976387797108093,0.339992142795014,0.30639183245259,-0.0809884455375007,-0.0336003103424233,0.691112055066412,0.37530141684225,-0.315810638224162
0.183370356154889,0.135862593091104,0.279044017992308,0.257970588613511,-0.0475077630637841,-0.0210734293787971,0.929262379169637,0.693266046693352,-0.235996332476285
0.131140655484068,0.142665695111558,0.403772053387849,0.389171686022432,0.01152503962749,-0.0146003673654175,0.383738420261923,0.442803454625634,0.0590650343637118
0.186720075408369,0.213929659019825,0.326537887507647,0.265128161742671,0.0272095836114566,-0.0614097257649765,0.771483782416218,1.24093120466118,0.469447422244962
0.190217017205071,0.0753631310860478,0.341429316906783,0.372056917260461,-0.114853886119023,0.0306276003536782,0.74563738831853,0.224531191569195,-0.521106196749335
0.134986730534549,0.0821058095375568,0.380678889696137,0.43559418851136,-0.0528809209969921,0.0549152988152224,0.42560279223784,0.207426840753375,-0.218175951484465
0.0992139655939767,0.00470447078265124,0.396381506298617,0.431860484095741,-0.0945094948113255,0.0354789777971237,0.284409627588077,0.0109530469321526,-0.273456580655924
0.155915416781741,0.113627199938948,0.349971078254673,0.265972957459678,-0.042288216842793,-0.0839981207949954,0.561285364193688,0.532979698273774,-0.0283056659199141
0.104074468150067,0.0781403792019159,0.364921511167254,0.523583744116734,-0.0259340889481513,0.15866223294948,0.330023827266239,0.160953227700084,-0.169070599566155
0.146091186582375,0.196042702178442,0.361122529189988,0.322913063109436,0.0499515155960672,-0.0382094660805521,0.49862409550124,0.835114277049444,0.336490181548205
0.101238855197642,0.0796427059910402,0.27601902971518,0.349852522991554,-0.0215961492066016,0.0738334932763736,0.443083519780851,0.255641390719657,-0.187442129061194
0.151559651903678,0.101301500254637,0.31220728351635,0.291677212014017,-0.0502581516490412,-0.0205300715023332,0.624898901629048,0.415250960196968,-0.20964794143208
0.114180488937676,0.107849460326715,0.340970338904937,0.339417770860969,-0.00633102861096124,-0.00155256804396808,0.397757646294127,0.374030538796785,-0.0237271074973413
0.15976882498294,0.10279789287038,0.321487676568902,0.328985381330471,-0.0569709321125604,0.0074977047615688,0.643728575539452,0.36679623355438,-0.276932341985072
0.0902292432611763,0.0216347013864719,0.36705497928867,0.409588280034914,-0.0685945418747044,0.0425333007462434,0.278668654693751,0.05424050431144,-0.224428150382311
0.215490582254351,0.207353171719865,0.350826781511368,0.263084753544919,-0.00813741053448658,-0.0877420279664495,0.848244756464007,1.19934834858739,0.35110359212338
0.184465100927129,0.172017423263818,0.328504765898293,0.368065124565233,-0.0124476776633108,0.0395603586669401,0.753352117185372,0.595769304765523,-0.157582812419849
0.179242897301649,0.0999965876828837,0.313327167324977,0.291443347207244,-0.0792463096187657,-0.021883820117733,0.77191885347587,0.409321171734644,-0.362597681741226
0.177745032372832,0.100061351710641,0.329018080199178,0.215490635528772,-0.0776836806621908,-0.113527444670406,0.716399475890815,0.590966980940936,-0.125432494949879
0.156092243143127,0.0833103058862431,0.367199460799079,0.361311354230827,-0.0727819372568839,-0.00588810656825212,0.529725690887661,0.259327190681938,-0.270398500205722
0.153272845965451,0.102863076462648,0.299014313124832,0.239804218003305,-0.0504097695028034,-0.0592100951215271,0.669616027068214,0.535638212510168,-0.133977814558045
0.195438921126365,0.102564177114033,0.333578522432608,0.278927411524996,-0.0928747440123318,-0.0546511109076126,0.796581701951701,0.444421949129699,-0.352159752822002
0.19358399787709,0.164801810898166,0.328091741513792,0.268879699376643,-0.0287821869789237,-0.059212042137148,0.804042687797608,0.845813762268124,0.0417710744705162
0.170732668831419,0.176725713320421,0.323511919806825,0.485023763982988,0.00599304448900134,0.161511844176164,0.695110094855422,0.439599659845662,-0.25551043500976
0.205997583769499,0.11155614171009,0.306183730621468,0.278096013984126,-0.0944414420594085,-0.0280877166373419,0.959698738446733,0.493530142707508,-0.466168595739225
0.175483324101494,0.0188268654312566,0.300182064003218,0.371023127373048,-0.156656458670238,0.0708410633698303,0.794254540495107,0.0520525912921235,-0.742201949202984
0.0895811047909089,0.0336290587383647,0.31347444774946,0.35354337367083,-0.0559520460525442,0.0400689259213702,0.330784266893219,0.0997908626547817,-0.230993404238437
0.117891798588025,0.0124063862801399,0.353575479446847,0.326092539079016,-0.105485412307885,-0.027482940367831,0.39574389255642,0.038778600024175,-0.356965292532246
0.0619534883656012,0.0507599967625438,0.328101987154046,0.387673048050535,-0.0111934916030573,0.059571060896489,0.207828204107448,0.13989376289864,-0.0679344412088079
0.103357639512547,0.0515472292703499,0.32006680592173,0.314976457229109,-0.051810410242197,-0.00509034869262143,0.381162045601581,0.177806993209922,-0.203355052391658
0.160900193913028,0.126281656913738,0.364120067888067,0.523851515352497,-0.0346185369992909,0.15973144746443,0.555641094470346,0.272602273295247,-0.283038821175099
0.148373506247128,0.093273173312451,0.329552956031185,0.377771553732945,-0.0551003329346771,0.0482185977017602,0.568667602125263,0.280055766108507,-0.288611836016756
0.114022370212816,0.0785887279203356,0.34506333052257,0.256540741951874,-0.0354336422924803,-0.0885225885706954,0.391578850496493,0.358444295119271,-0.0331345553772218
0.146230947689499,0.0918953627214673,0.408908218735584,0.375947161519568,-0.0543355849680315,-0.0329610572160167,0.429912322246759,0.276902100732312,-0.153010221514447
0.119720110530373,0.131291216877959,0.332713011084794,0.344094077103499,0.0115711063475857,0.0113810660187045,0.433085716513667,0.464561918805461,0.0314762022917943
0.114556282158284,0.0544728451426379,0.37676869660302,0.285901667039517,-0.060083437015646,-0.0908670295635027,0.35533595773549,0.209890672020448,-0.145445285715042
0.137106023999026,0.0763691020364383,0.355078548093332,0.395132596478093,-0.0607369219625881,0.0400540483847613,0.471274035735248,0.213215919911116,-0.258058115824132
0.107255680230745,0.0817801710237646,0.303648093985139,0.419519890097438,-0.0254755092069803,0.115871796112299,0.423649470275343,0.215235067984848,-0.208414402290496
0.17654079956046,0.14786390457649,0.313670305461603,0.378797694768761,-0.0286768949839705,0.0651273893071586,0.755621279848473,0.477498702998738,-0.278122576849735
0.131680608539276,0.0848134865412738,0.324980888036863,0.340087094610402,-0.0468671219980017,0.0151062065735388,0.499594789240435,0.283239253181602,-0.216355536058833
0.16654113906388,0.053908519902875,0.339915907358224,0.26495588399722,-0.112632619161005,-0.0749600233610047,0.632231438166875,0.225638887022036,-0.406592551144839
0.111519534751978,0.0252405343759187,0.364291058373668,0.381678252312376,-0.0862790003760594,0.017387193938708,0.358155548986113,0.0683660198751948,-0.289789529110918
0.118765257350493,0.0529425159895791,0.343738875367167,0.314629149653695,-0.0658227413609138,-0.0291097257134718,0.412710376507865,0.183255553905258,-0.229454822602607
0.126265285361098,0.074494784866336,0.306915405030189,0.333674449712698,-0.0517705004947617,0.0267590446825092,0.508930221996776,0.250140426095214,-0.258789795901561
0.136158190374917,0.0577635068107712,0.35677213860274,0.386182698703548,-0.0783946835641456,0.0294105601008085,0.464683354683993,0.161341258705791,-0.303342095978202
0.198504528997909,0.0904828908581608,0.325969983175893,0.253984119918541,-0.108021638139748,-0.0719858632573524,0.838528768350068,0.427970387678182,-0.410558380671886
0.163964152050179,0.148175454717112,0.38713714946335,0.283915744060136,-0.0157886973330663,-0.103221405403214,0.527343396592087,0.685225518643942,0.157882122051855
0.0941399042238421,-0.0851980009192856,0.321466254773219,0.388497011189919,-0.179337905143128,0.0670307564167,0.340235533379985,-0.196920495661774,-0.537156029041759
0.184592155984054,0.167731300202542,0.357546306494179,0.357659445707972,-0.0168608557815115,0.000113139213793023,0.675773454666539,0.598345930168942,-0.0774275244975968
0.187794721301236,0.203773762219342,0.336472849778188,0.406412524997877,0.0159790409181067,0.0699396752196887,0.747397281824367,0.651025093441309,-0.0963721883830586
0.159722142462502,0.0856837405993824,0.345869139157549,0.305125117346331,-0.0740384018631195,-0.0407440218112183,0.586926848965541,0.324208736227874,-0.262718112737668
0.1526331837328,0.0456773260153364,0.328357513336943,0.29441735228659,-0.106955857717464,-0.0339401610503536,0.591756952809861,0.167827069173127,-0.423929883636734
0.137223492389366,0.0793916326024892,0.328853406766713,0.357250201461824,-0.0578318597868769,0.0283967946951116,0.517825334978457,0.248858303807491,-0.268967031170966
0.160840270169222,0.102727415706025,0.34788739804417,0.343114653629793,-0.058112854463197,-0.00477274441437692,0.58777597843792,0.349044764701435,-0.238731213736485
0.140289962658921,0.0596173123211078,0.304847318786923,0.343847850898364,-0.0806726503378133,0.039000532111441,0.584386811625064,0.189321321823423,-0.395065489801642
0.165639060505417,0.111211241314586,0.384519675699931,0.263118998887799,-0.0544278191908303,-0.121400676812132,0.538439746442948,0.52602328058086,-0.0124164658620884
0.130019047185042,0.110795667935147,0.288276446557257,0.359152971612213,-0.0192233792498955,0.0708765250549563,0.569915970744011,0.361370047752105,-0.208545922991906
0.128628929332755,0.162263165012073,0.347568989475069,0.388198049148494,0.0336342356793182,0.0406290596734256,0.447852927908544,0.518906512156025,0.0710535842474809
0.154691580711119,0.0467055081137942,0.375260839391742,0.281865336573493,-0.107986072597325,-0.0933955028182492,0.510172904312246,0.180220749246633,-0.329952155065613
0.170916525869357,0.108986091055797,0.386366639734285,0.335294452561481,-0.0619304348135594,-0.0510721871728038,0.556389546867242,0.384094190783745,-0.172295356083497
0.164726299980389,0.0875094894281664,0.348620427816256,0.284787748535972,-0.0772168105522226,-0.0638326792802834,0.604013666085146,0.359721207405526,-0.24429245867962
0.146621415594134,0.133591636032389,0.322715527948538,0.24041513076342,-0.013029779561745,-0.0823003971851181,0.575127802831039,0.743109638693948,0.167981835862909
0.138758339899911,0.0426566919062043,0.308508623276005,0.358681455883058,-0.0961016479937066,0.0501728326070527,0.567953631507871,0.12628701301226,-0.441666618495612
0.145446530668115,0.139839559745071,0.366751197703074,0.304220976797894,-0.00560697092304338,-0.0625302209051796,0.486732752784317,0.583542495281559,0.0968097424972425
0.148259845866039,0.026854248065331,0.326803652304539,0.318557457547522,-0.121405597800708,-0.00824619475701688,0.574072844554367,0.0879547341437847,-0.486118110410583
0.119175009868923,-0.00711361156718403,0.281964794944683,0.300149116425077,-0.126288621436107,0.0181843214803938,0.526014115790841,-0.0234216127750947,-0.549435728565935
0.126582529826737,0.080219431479635,0.322103535483379,0.411198573458311,-0.046363098347102,0.0890950379749318,0.481399258539091,0.215416532140032,-0.265982726399059
0.120456091858846,0.0525793220017019,0.36565270562127,0.220315839685611,-0.0678767698571443,-0.145336865935658,0.390172160858168,0.269539578015521,-0.120632582842647
0.189264435929443,0.0833169252319576,0.314089802865961,0.296626073819611,-0.105947510697486,-0.0174637290463495,0.826827114389205,0.324297329261628,-0.502529785127577
0.171108496348137,0.0966321804524292,0.406582548849692,0.419314856845108,-0.0744763158957076,0.0127323079954162,0.523249144130228,0.259169725590897,-0.26407941853933
0.149044258589194,0.0776424214289066,0.369216743196946,0.422492441812147,-0.0714018371602877,0.0532756986152008,0.497320037094518,0.201742194119025,-0.295577842975493
0.0964305819128557,0.0297286854304877,0.355117400492373,0.247462698555625,-0.066701896482368,-0.107654701936748,0.311990750194984,0.127647953581604,-0.18434279661338
0.15349569648909,0.135373974783798,0.339440817301108,0.280872346373772,-0.0181217217052915,-0.0585684709273354,0.571768858388915,0.619272333457769,0.0475034750688537
0.135490024832462,0.135086995902031,0.401216920014467,0.423919245555495,-0.00040302893043126,0.0227023255410276,0.401716678530571,0.375286533439569,-0.0264301450910023
0.168057067709297,0.0833611912375157,0.32164712644309,0.401130165716572,-0.0846958764717809,0.0794830392734818,0.686219338031863,0.230986416144238,-0.455232921887625
0.160482350357469,0.048610955640569,0.302522320397017,0.30969536104443,-0.1118713947169,0.00717304064741314,0.69974973270104,0.169953241668017,-0.529796491033023
0.190448277497333,0.0997412145752488,0.365285728135711,0.493332613846554,-0.0907070629220842,0.128046885710842,0.684330182760142,0.224066401871194,-0.460263780888947
0.169010161416066,0.103369347067504,0.343943065423702,0.36772751265003,-0.065640814348562,0.0237844472263278,0.634586614940687,0.32459017405086,-0.309996440889827
0.16658984335189,0.127885424614546,0.375234124922593,0.417754118264713,-0.038704418737344,0.0425199933421195,0.558871873801476,0.358153512199914,-0.200718361601563
0.118865864346409,0.0336535747770784,0.376951469100852,0.343973646013517,-0.0852122895693307,-0.0329778230873349,0.370717962319175,0.102783738730186,-0.267934223588989
0.19429227718416,0.201791431220949,0.368993082439537,0.35380410377154,0.00749915403678941,-0.0151889786679977,0.693076363563055,0.768882356679852,0.0758059931167967
0.0921550470435249,0.00370194301279753,0.334445346017537,0.389837115167922,-0.0884531040307274,0.0553917691503845,0.317249577668658,0.00954135894234387,-0.307708218726314
0.161349524811843,0.104919307575393,0.372088677150653,0.453622665681582,-0.0564302172364502,0.0815339885309291,0.542850859963853,0.260227210913784,-0.28262364905007
0.157217185618984,0.0449003204555746,0.334069568066586,0.445220036172795,-0.112316865163409,0.111150468106209,0.600973871716995,0.106110414104428,-0.494863457612568
0.134182463839254,0.0588462123977137,0.344917165568147,0.408142682077802,-0.0753362514415406,0.0632255165096555,0.475545989041749,0.155092573801452,-0.320453415240297
0.194268017594495,0.118637800484106,0.310084979121381,0.303967588704354,-0.075630217110389,-0.00611739041702669,0.871049090706151,0.477420312225489,-0.393628778480662
0.157789251551554,0.183970465606856,0.361578865611972,0.437047085971112,0.0261812140553017,0.0754682203591399,0.547111410648064,0.523392402361879,-0.0237190082861849
0.102976504048309,0.0609729928099902,0.375100731475743,0.378623893565248,-0.0420035112383184,0.00352316208950432,0.315912402483042,0.174730098644879,-0.141182303838163
0.181039458141332,0.0534335635248363,0.322154579537105,0.294170699296711,-0.127605894616496,-0.0279838802403941,0.754115190744158,0.199184031733557,-0.5549311590106
0.115897310332135,0.0972789590743488,0.330897733764511,0.414666242176244,-0.0186183512577866,0.083768508411733,0.419423985941189,0.264397596710304,-0.155026389230884
0.137599350687493,0.174081021624315,0.351965643840283,0.392978036416966,0.0364816709368213,0.0410123925766832,0.478377797116881,0.557339645838155,0.078961848721274
0.128489818312374,0.0388045075580299,0.32482563914273,0.336471654604924,-0.0896853107543436,0.0116460154621936,0.485223856496967,0.122241154143286,-0.36298270235368
0.211315959596056,0.127838781377614,0.345638010522003,0.285384994876367,-0.0834771782184417,-0.0602530156456358,0.84297184215848,0.565103580685293,-0.277868261473187
0.152457236634775,0.141993578897782,0.291923787509759,0.356305656267668,-0.0104636577369935,0.0643818687579092,0.685816695692558,0.489612780976272,-0.196203914716286
0.137838769510819,0.0176707759886616,0.355547389862086,0.308097357793893,-0.120167993522158,-0.0474500320681926,0.47355882259801,0.0590311913115449,-0.414527631286465
0.155939532219746,0.0733774544859167,0.303294265741968,0.200597214421297,-0.0825620777338289,-0.102697051320671,0.672220844307437,0.441659646517772,-0.230561197789665
0.123981774227891,0.0575561605519284,0.343393127324937,0.292080371091197,-0.0664256136759631,-0.0513127562337397,0.434833887185663,0.217812115143434,-0.217021772042229
0.143699668552637,0.136182442057783,0.350179495524659,0.272490305590294,-0.00751722649485445,-0.077689189934365,0.507360383525152,0.648341878743639,0.140981495218486
0.15601738789927,0.0995572000880058,0.366615631710871,0.306949803036952,-0.0564601878112646,-0.0596658286739191,0.530449065592071,0.383122448120206,-0.147326617471865
0.0944794675637785,0.0405324014988053,0.325581042359594,0.329851488392612,-0.0539470660649732,0.00427044603301779,0.336677758444807,0.130749582047239,-0.205928176397568
0.188168547180028,0.11465341215655,0.368490623421045,0.379112832313422,-0.0735151350234778,0.0106222088923767,0.666368606221136,0.35313695065789,-0.313231655563246
0.170140803486368,0.108492178417874,0.324627089528215,0.392321382085927,-0.0616486250684938,0.0676942925577119,0.688957608577175,0.318558428383074,-0.370399180194101
0.136083506429218,0.0405477779325607,0.370941485347124,0.366642678624712,-0.0955357284966571,-0.00429880672241267,0.443195519512956,0.116939196606984,-0.326256322905972
0.160909791930819,0.144916825200266,0.328142756623363,0.327852548194437,-0.0159929667305532,-0.000290208428925853,0.632912467875241,0.55584420831053,-0.077068259564711
0.157402301119283,0.0926548505946206,0.336936286060667,0.338414471163912,-0.0647474505246627,0.00147818510324432,0.595452610905011,0.314940005933247,-0.280512604971764
0.116178975007438,0.124160046388519,0.367576277999192,0.325152336219178,0.00798107138108133,-0.0424239417800144,0.371723066809236,0.464995143903261,0.0932720770940245
0.170040649200707,0.107455707026899,0.33575118670857,0.312411136321913,-0.0625849421738072,-0.0233400503866568,0.659387226783808,0.410516671744788,-0.24887055503902
0.208037251423651,0.201236050728193,0.379445633381689,0.281811673673782,-0.00680120069545795,-0.0976339597079075,0.730250671128566,1.04230668366758,0.312056012539018
0.149351985677672,-0.0277341588403016,0.39543992324555,0.465713828413853,-0.177086144517974,0.0702739051683031,0.458904268771841,-0.0578133985260711,-0.516717667297912
0.137969172445873,0.0915520807772899,0.389058946156489,0.298799183209482,-0.0464170916685835,-0.0902597629470067,0.425642798899555,0.358525658326901,-0.0671171405726543
0.100900321602117,0.193282533625244,0.366887899309848,0.453714850025458,0.0923822120231266,0.0868269507156098,0.316552741006318,0.53112080049158,0.214568059485262
0.154838760469112,0.164973887075546,0.339697601001017,0.300952644696144,0.0101351266064337,-0.0387449563048732,0.577456158984729,0.730087950477684,0.152631791492955
0.158258431355226,0.13030832255028,0.333475685619244,0.319451450483664,-0.0279501088049458,-0.01402423513558,0.607327118560464,0.503675973331853,-0.103651145228611
0.130369562818238,0.0213928233712768,0.36851989426684,0.308948843877723,-0.108976739446961,-0.0595710503891169,0.424420881543974,0.0716975661169275,-0.352723315427046
0.103906908313465,0.0170396648576413,0.367332426661825,0.346765703732593,-0.0868672434558235,-0.0205667229292322,0.326931149454409,0.0503661747419422,-0.276564974712467
0.136398483158514,0.0758196499724698,0.348863962164138,0.369800879635057,-0.0605788331860445,0.0209369174709191,0.478427466515254,0.227559818629536,-0.250867647885718
0.118716675392319,0.0650492487675715,0.35308158389751,0.291547282875479,-0.0536674266247477,-0.0615343010220318,0.399661125603078,0.24996721282693,-0.149693912776148
0.142260438088428,0.106804368383175,0.360614875876359,0.262650446916434,-0.0354560697052528,-0.0979644289599251,0.483633419289741,0.501764463601177,0.018131044311436
0.147912095527937,0.0177632358098736,0.325542993667421,0.381219399786289,-0.130148859718063,0.0556764061188685,0.575157120801171,0.047698479228345,-0.527458641572826
0.156493781126171,0.0719229746572683,0.354391788283916,0.354998272656777,-0.0845708064689025,0.000606484372860983,0.555168821077026,0.22458365703443,-0.330585164042596
0.0992191137622196,0.0670544609977482,0.280846233387585,0.441275479958797,-0.0321646527644714,0.160429246571213,0.423738636081989,0.16410902549644,-0.259629610585548
0.140664295852383,0.0833351413654072,0.317050339678021,0.445604964206777,-0.0573291544869754,0.128554624528756,0.558409102586795,0.205646259707262,-0.352762842879534
0.180272786287521,0.0648254148121464,0.320473628385317,0.432577757765656,-0.115447371475374,0.11210412938034,0.755089543987753,0.161669749812271,-0.593419794175482
0.111934353232807,-0.00674159049643959,0.365971577005185,0.427424044200869,-0.118675943729247,0.0614524671956838,0.357785845791099,-0.0156488685900569,-0.373434714381156
0.193303327264154,0.13748048547037,0.369881509481703,0.402337005008325,-0.0558228417937837,0.0324554955266225,0.686421431478294,0.407344786752145,-0.279076644726149
0.138060499559047,0.0397073645484065,0.343101942525431,0.302542089860287,-0.0983531350106401,-0.0405598526651441,0.495393154072406,0.1402479668081,-0.355145187264306
0.13907355917448,0.181463109529851,0.34326576273766,0.323931409482006,0.0423895503553704,-0.0193343532556549,0.499524945900272,0.751005015087672,0.2514800691874
0.138814036295602,0.0544665223770401,0.362669923373424,0.440926108180743,-0.0843475139185623,0.078256184807319,0.46631999042398,0.131481177708424,-0.334838812715555
0.155005046939686,0.0562161453308212,0.341405180873184,0.291824439212419,-0.0987889016088646,-0.0495807416607649,0.574630719915108,0.212442434243738,-0.36218828567137
0.152311510172218,0.160685345034714,0.340487585924268,0.359710882672871,0.00837383486249671,0.0192232967486034,0.564135882187225,0.563156122107638,-0.000979760079586889
0.114180570069225,0.0265605205037968,0.371222399274052,0.479851614738789,-0.0876200495654285,0.108629215464737,0.360129557729924,0.0569120844852167,-0.303217473244707
0.172669526932681,0.150268815305012,0.368034106912239,0.370155990039273,-0.0224007116276695,0.0021218831270341,0.59866225314346,0.500743695651281,-0.0979185574921793
0.145029429868751,0.0482604004846472,0.322536917429117,0.308642923970665,-0.0967690293841036,-0.013893993458452,0.56776679882944,0.169250817701544,-0.398515981127896
0.130807635503327,0.0596419524872198,0.363442454388953,0.459580999982106,-0.0711656830161068,0.096138545593153,0.433204607610253,0.138571750179272,-0.294632857430982
0.153346075166352,0.0416120221679703,0.272333327976536,0.345052937711497,-0.111734052998381,0.0727196097349609,0.756076913106738,0.128169099146997,-0.627907813959741
0.122334416626718,0.0456215547552098,0.364898721048041,0.267862618950339,-0.0767128618715077,-0.0970361020977022,0.398298039375149,0.18568063960959,-0.212617399765559
0.159289993861246,0.172012699659541,0.364847747572792,0.310874005252667,0.0127227057982955,-0.0539737423201243,0.547426236370013,0.739016393814081,0.191590157444068
0.143133807962467,0.0537800956954561,0.313906089626235,0.253674077016152,-0.0893537122670112,-0.0602320126100826,0.577713307704651,0.236153690600883,-0.341559617103769
0.144686282551291,0.0812779232401772,0.348046181810134,0.347664672352021,-0.0634083593111141,-0.000381509458112439,0.515446344476192,0.263369704767752,-0.25207663970844
0.119002287188168,0.111784870415022,0.345685027739108,0.380253456012103,-0.00721741677314561,0.0345684282729946,0.410932207453904,0.341749867902249,-0.0691823395516551
0.178729302947656,0.129688353270808,0.366866874196754,0.425333925794086,-0.049040949676848,0.058467051597332,0.627715575753928,0.356502229610074,-0.271213346143854
0.174632495206556,0.0128794976289841,0.292423795167626,0.344026447027227,-0.161752997577571,0.0516026518596014,0.817005392294277,0.0381471335475358,-0.778858258746742
0.171534564380846,0.137719754189939,0.33016922357163,0.275171734256133,-0.0338148101909068,-0.0549974893154977,0.681246181638466,0.649523664732754,-0.0317225169057114
0.130706210150913,0.116993839020223,0.338841056535447,0.372198177275234,-0.0137123711306898,0.0333571207397869,0.470709447936395,0.369344436296268,-0.101365011640126
0.153619860013663,0.11037084911395,0.36591983911281,0.388545918580343,-0.0432490108997133,0.0226260794675326,0.521685103623196,0.328514333268514,-0.193170770354682
0.145195890281124,0.112127609580985,0.290126779220254,0.383178583815987,-0.0330682807001392,0.0930518045957331,0.649474412369201,0.339940136417475,-0.309534275951726
0.146247550892665,0.149065556199032,0.308416573254602,0.374468075373641,0.00281800530636728,0.066051502119039,0.606709607850061,0.488952425373791,-0.11775718247627
0.129675854435429,0.176497831498664,0.329636746486216,0.368467308835934,0.0468219770632347,0.0388305623497178,0.481996501258778,0.614467857354216,0.132471356095438
0.125983876800823,0.0123904701316358,0.313175106784705,0.37187199337268,-0.113593406669188,0.0586968865879753,0.495228958947866,0.033880481243034,-0.461348477704832
0.169749188758805,0.166038955790448,0.327219696399294,0.383410892913078,-0.00371023296835735,0.0561911965137844,0.679946816966732,0.541964853112043,-0.137981963854689
0.188580486092936,0.15898764891253,0.387667903223628,0.389947977793872,-0.0295928371804062,0.00228007457024421,0.626529398482238,0.503378672458766,-0.123150726023472
0.129852742099914,-0.000230518474121366,0.339842566746736,0.337583337744384,-0.130083260574035,-0.00225922900235187,0.46535385916939,-0.00068261599908237,-0.466036475168472
0.157156156440207,0.174578332903746,0.311875134486724,0.235753064582437,0.0174221764635387,-0.0761220699042867,0.655175918498016,1.09701210636431,0.44183618786629
0.160765309404494,0.119083260234868,0.325727024872395,0.318400496173106,-0.041682049169626,-0.00732652869928846,0.638135001490738,0.453543882503407,-0.184591118987331
0.11462372533342,0.0418213038147284,0.363636055104508,0.355773183357528,-0.0728024215186914,-0.00786287174698036,0.370554650263311,0.124738390573082,-0.245816259690229
0.201407703774095,0.0769600999393374,0.339206515751165,0.313713446238304,-0.124447603834758,-0.0254930695128605,0.810786544638749,0.278029880569888,-0.532756664068861
0.129513614516715,0.0746337954981696,0.250892745589939,0.303929913772255,-0.0548798190185451,0.053037168182316,0.675666635454306,0.27834020279103,-0.397326432663276
0.114808106899209,0.0975187649588737,0.363481788264747,0.371151521273105,-0.0172893419403357,0.00766973300835821,0.371433521715982,0.300497007390392,-0.0709365143255907
0.0991355417188202,0.069911560788521,0.275433803075591,0.296361436696674,-0.0292239809302991,0.0209276336210833,0.4332220757547,0.266047262777705,-0.167174812976995
0.105161371381658,0.0131319311411434,0.333836801587125,0.276937038508018,-0.0920294402405151,-0.0568997630791067,0.370270717142213,0.0485607103322518,-0.321710006809962
0.172582678005186,0.142861980510776,0.348922825373529,0.303687398995577,-0.0297206974944107,-0.0452354263779525,0.639867778003122,0.600673470006727,-0.0391943079963952
0.149572947737717,0.0492706587767956,0.391820645884714,0.387387164225416,-0.100302288960921,-0.00443348165929858,0.464828691067326,0.135629499923955,-0.329199191143371
0.143447932778543,0.00814826182707246,0.335117501198074,0.486202118334099,-0.13529967095147,0.151084617136025,0.534266850342354,0.0169002209385489,-0.517366629403805
0.107969802813271,0.0996817992187288,0.377098223375754,0.371478868568218,-0.00828800359454265,-0.00561935480753534,0.331515081502129,0.307788755085632,-0.0237263264164969
0.121343067392722,0.0733818992073569,0.358824816581796,0.434437476018561,-0.0479611681853649,0.0756126594367649,0.40237607036544,0.184016475818516,-0.218359594546924
0.116814392873305,0.0587723010673469,0.367153676436236,0.314972731954642,-0.0580420918059583,-0.0521809444815935,0.374599096211466,0.205138967687849,-0.169460128523617
0.0935586329716774,-0.0277299110379123,0.318954714329382,0.24056926563418,-0.12128854400959,-0.0783854486952028,0.340883723928656,-0.108872609926075,-0.449756333854731
0.151548738367293,0.0514493143391879,0.319658777031964,0.319836896475221,-0.100099424028105,0.000178119443256963,0.60656015814862,0.174521814021804,-0.432038344126816
0.169917397951842,0.12584806673035,0.349869835008799,0.322420975054601,-0.0440693312214921,-0.0274488599541979,0.625245524541137,0.477456764860913,-0.147788759680224
0.128958814545436,0.0868368853949905,0.399549101720506,0.537954699604046,-0.0421219291504456,0.138405597883541,0.380935084493715,0.175178959570983,-0.205756124922732
0.08884057869812,0.0406762978981035,0.383879831230513,0.422452479199786,-0.0481642808000164,0.0385726479692727,0.260398696477093,0.101074026418435,-0.159324670058658
0.142959996349189,0.0439333738345441,0.323998161286447,0.353301184064151,-0.0990266225146454,0.0293030227777048,0.554629200105425,0.132413336950517,-0.422215863154908
0.146568128885482,-0.0198161078105673,0.264614372440415,0.415276738544971,-0.16638423669605,0.150662366104556,0.740014251008641,-0.0465972360962637,-0.786611487104905
0.111951413275215,-0.0397850785227383,0.344102279365588,0.422017015762761,-0.151736491797953,0.0779147363971736,0.384506034936058,-0.0899662898015218,-0.47447232473758
0.174341640371262,0.115638229622016,0.350492822190328,0.355553161496948,-0.0587034107492468,0.00506033930661975,0.644470709990928,0.38435553092389,-0.260115179067038
0.142492384830671,0.109549261496045,0.34507143087941,0.292472244211479,-0.0329431233346263,-0.0525991866679307,0.511248164769399,0.454355624255779,-0.0568925405136198
0.214547302034457,0.163672933186302,0.360387957848373,0.430367983184922,-0.0508743688481554,0.0699800253365486,0.8136169595654,0.462736899006616,-0.350880060558784
0.19965713936478,0.14993096760326,0.356370884061616,0.49616065697974,-0.0497261717615196,0.139789772918124,0.75111195065144,0.352807818664363,-0.398304131987077
0.164221473634889,0.0889400026493489,0.320812469906168,0.335445109834023,-0.0752814709855401,0.0146326399278553,0.668445619759168,0.303613803990041,-0.364831815769127
0.162611397137207,0.133243468377273,0.397924274934479,0.35377533778879,-0.0293679287599342,-0.0441489371456896,0.504783600466192,0.457369363167743,-0.0474142372984485
0.142885853839174,0.055937248639093,0.362390171527156,0.374612155213936,-0.0869486052000807,0.0122219836867804,0.483326694530513,0.161044964919188,-0.322281729611325
0.12186416456817,0.0710848540592604,0.325569326822902,0.215865746809732,-0.0507793105089093,-0.109703580013169,0.453989200587435,0.389996489070205,-0.0639927115172292
0.158351609841656,-0.0311483404230973,0.287076877185486,0.17633226295722,-0.189499950264753,-0.110744614228266,0.736028468967692,-0.161923358425028,-0.89795182739272
0.15666159231627,0.124340297923417,0.385083819134381,0.323862561218838,-0.0323212943928534,-0.0612212579155426,0.502040709000557,0.468041518273369,-0.0339991907271877
0.122867786979223,0.188559547331863,0.314697665103961,0.355485851433709,0.0656917603526396,0.0407881863297475,0.477617805121751,0.699659120202069,0.222041315080317
0.140165837531123,0.126505539358297,0.344899677693261,0.285384099399601,-0.0136602981728263,-0.05951557829366,0.501396936223446,0.557811056743568,0.0564141205201216
0.110405300120357,0.169174515377011,0.358039692743413,0.383280521087066,0.0587692152566542,0.0252408283436534,0.361191615570773,0.55486019198329,0.193668576412517
0.147482005063267,0.0980867645110529,0.34240327316981,0.416311860728334,-0.049395240552214,0.0739085875585244,0.53837403535047,0.265679160456373,-0.272694874894097
0.126831458319981,0.0313041876934389,0.334807761407757,0.389462857095207,-0.0955272706265425,0.0546550956874497,0.460558288411404,0.0836964666625397,-0.376861821748864
0.175466220752117,0.112657507045115,0.298925688210932,0.352007979367166,-0.0628087137070023,0.0530822911562344,0.798565557574042,0.377186267330032,-0.421379290244011
0.103853940758117,0.0374734537543784,0.32918973112923,0.272204372725674,-0.0663804870037384,-0.0569853584035557,0.370922042403782,0.147592892748039,-0.223329149655743
0.170765420259039,0.0450603337889575,0.388724620965938,0.306342929596948,-0.125705086470081,-0.0823816913689896,0.55161549187657,0.158459551730745,-0.393155940145825
0.154781964914094,0.0809749101373937,0.335988208565215,0.401264657928516,-0.0738070547767007,0.0652764493633009,0.585146412134643,0.223602354784516,-0.361544057350127
0.0938261076769951,0.131466898785732,0.28277616008187,0.359908389186574,0.0376407911087365,0.0771322291047046,0.393478944072854,0.440915656519574,0.0474367124467199
0.11562382953577,0.0572894415807565,0.340025345163711,0.27624684591,-0.0583343879550133,-0.0637784992537116,0.405010447036449,0.230456159211038,-0.174554287825411
0.0897968205820507,0.0326704327982244,0.289165965913474,0.224605084341802,-0.0571263877838264,-0.0645608815716719,0.364157890020014,0.156568263937595,-0.207589626082419
0.13455215449074,0.00949150004025973,0.340750814837493,0.313199474348995,-0.12506065445048,-0.0275513404884984,0.484190711868028,0.0307688375109647,-0.453421874357063
0.155802950981797,0.0774535800315141,0.301601783507452,0.287709555391693,-0.0783493709502829,-0.0138922281157595,0.676293286911381,0.308926760195596,-0.367366526715785
0.157442408620082,0.102902514052477,0.380319964113488,0.473612291306618,-0.0545398945676053,0.0932923271931309,0.512817124037755,0.242681604674934,-0.270135519362822
0.100955215573942,-0.00640030863588728,0.323542570606247,0.229794442962653,-0.10735552420983,-0.0937481276435937,0.366196637949253,-0.0274680214498508,-0.393664659399104
0.187818599222305,0.0275000270438937,0.319805703014454,0.259548239935367,-0.160318572178412,-0.0602574630790869,0.799105707022156,0.111770103475404,-0.687335603546752
0.173296532653163,0.0791994403127586,0.336644788359835,0.522320059993659,-0.0940970923404046,0.185675271633823,0.673263027856541,0.163729687365895,-0.509533340490647
0.134787970012815,0.0490545799922476,0.317351088366953,0.28005289018984,-0.085733390020567,-0.0372981981771128,0.529174798448696,0.191439025412943,-0.337735773035752
0.0865214071454042,0.0523421012196959,0.35701784207154,0.406562343237238,-0.0341793059257083,0.0495445011656985,0.274233435706068,0.137397902563078,-0.13683553314299
0.11305716976291,0.069549531572555,0.326501258127463,0.397909497518208,-0.0435076381903548,0.0714082393907448,0.413782463555785,0.190992880024513,-0.222789583531272
0.124093828276004,0.0562559373670955,0.358114676094191,0.248324897319079,-0.0678378909089082,-0.109789778775112,0.414137502711003,0.254254875696486,-0.159882627014516
0.15622720483347,0.0575219909052562,0.320074820602449,0.336311333811233,-0.0987052139282141,0.0162365132087844,0.62921106959299,0.186535741243247,-0.442675328349743
0.107104675062139,-0.00984340184135676,0.291768765271815,0.235130055962085,-0.116948076903496,-0.0566387093097308,0.443524263717707,-0.0409994664741838,-0.48452373019189
0.136191019208147,0.0901849198331917,0.320723419838109,0.323513608860876,-0.046006099374955,0.00279018902276779,0.529035223699435,0.321499405301356,-0.207535818398079
0.18313469220443,0.147354869578431,0.306355311318252,0.374719549256005,-0.0357798226259991,0.0683642379377535,0.818087762986784,0.481774581496374,-0.33631318149041
0.179835830855983,0.110539484686474,0.334388147942812,0.307866997462076,-0.0692963461695088,-0.0265211504807358,0.71224544840666,0.431967650501713,-0.280277797904947
0.129852204006862,0.141980522602054,0.305474687449451,0.342620017658617,0.0121283185951914,0.0371453302091659,0.529717918970476,0.513457033835648,-0.0162608851348287
0.145294105530665,-0.0217341766466199,0.39180876650737,0.335534851654483,-0.167028282177285,-0.0562739148528872,0.448935478251676,-0.062721411905516,-0.511656890157192
0.138242059944026,0.0813432013617738,0.276289677856028,0.22554758762978,-0.0568988585822525,-0.0507420902262484,0.649301526043561,0.434257972362749,-0.215043553680811
0.197449832761392,0.152996503315305,0.33980661989103,0.371870582058899,-0.0444533294460873,0.032063962167869,0.787942096743766,0.508965107168951,-0.278976989574815
0.180899788252852,-0.00628153592183225,0.334752360075685,0.460447208195343,-0.187181324174685,0.125694848119658,0.71669141692026,-0.0135496162213393,-0.7302410331416
0.111676936617642,0.164089003508161,0.383787917235489,0.408111767286208,0.052412066890519,0.024323850050719,0.337745945072739,0.49491416080694,0.1571682157342
0.149179858790679,0.0747492227087493,0.334576915168091,0.24486760983699,-0.07443063608193,-0.0897093053311012,0.561857980984887,0.35698295910659,-0.204875021878296
0.132551722875096,0.122178606828979,0.326491075197012,0.443827179324507,-0.0103731160461173,0.117336104127495,0.50078575756125,0.316904876653537,-0.183880880907713
0.155971695381367,0.121807195418384,0.359457432587528,0.408411228682257,-0.0341644999629835,0.0489537960947288,0.543277909323933,0.347493824688012,-0.195784084635921
0.14127128140714,0.0663113095193782,0.370645180153936,0.27847287642263,-0.0749599718877622,-0.0921723037313059,0.4639666744632,0.268867590084739,-0.195099084378462
0.115979064524885,0.0195035466773258,0.344643529365407,0.391660298139281,-0.0964755178475587,0.0470167687738746,0.400065342972661,0.0510578141556179,-0.349007528817043
0.196801279486729,0.172352547554292,0.328439471557285,0.313333530589071,-0.0244487319324369,-0.0151059409682141,0.820663618085166,0.733358707399797,-0.0873049106853687
0.134758406755177,0.0549652889001284,0.359313150167059,0.405251640998745,-0.0797931178550483,0.0459384908316862,0.455056106512866,0.145260920709916,-0.30979518580295
0.114658513723859,0.0505267532679758,0.308310845024007,0.264408710799707,-0.0641317604558828,-0.0439021342242998,0.450477153850601,0.210572485574914,-0.239904668275687
0.158529767848119,0.0362490129247458,0.321951755675268,0.271433412156394,-0.122280754923373,-0.0505183435188736,0.636242159983293,0.142874538025304,-0.493367621957989
0.125323073694024,0.129254518888389,0.370883276539151,0.343666126509745,0.003931445194365,-0.0272171500294054,0.40200639965097,0.456599943196352,0.0545935435453824
0.115650430497797,0.00527359067842358,0.352736373345986,0.429846091301789,-0.110376839819373,0.0771097179558033,0.38800362344389,0.0123441230649952,-0.375659500378895
0.124948843423122,0.0582964581627847,0.364633687346422,0.273194026482575,-0.0666523852603376,-0.091439660863847,0.408703108978703,0.237865444298979,-0.170837664679724
0.123054171776794,0.0662470983035175,0.388121679346414,0.308271080371516,-0.0568070734732766,-0.0798505989748988,0.373071907756028,0.239736481800516,-0.133335425955512
0.147082416162586,0.107272615526895,0.353920829768372,0.231302571614029,-0.0398098006356908,-0.122618258154344,0.515249320758521,0.590066989830774,0.0748176690722537
0.15284619342881,0.079217662619536,0.294141471264129,0.346990871813357,-0.0736285308092744,0.0528494005492274,0.681413764522188,0.256460927834348,-0.42495283668784
0.0931895278691622,0.0267614028885584,0.35873238239211,0.464413176590075,-0.0664281249806038,0.105680794197965,0.296637671299043,0.0593167500700955,-0.237320921228947
0.191300428487088,0.115621609709853,0.390928844733745,0.391091484371454,-0.075678818777235,0.000162639637708573,0.631253048481043,0.34398390910652,-0.287269139374523
0.150518026192679,0.073013707196974,0.337572679585352,0.340837771381708,-0.0775043189957049,0.00326509179635592,0.561869212734776,0.238893145553527,-0.322976067181249
0.169707903890034,0.0188700955866428,0.300214584741658,0.338771436457591,-0.150837808303391,0.038556851715933,0.759955759150905,0.0572820954242879,-0.702673663726617
0.123877679739114,0.0851953214273927,0.368051173810119,0.394310861215294,-0.0386823583117213,0.0262596874051748,0.40014713220287,0.241178473968568,-0.158968658234302
0.134333357831957,0.137567305770017,0.302321757314096,0.320717278989155,0.00323394793805931,0.0183955216750591,0.559459106850722,0.53562332112873,-0.023835785721992
0.113393181078568,0.0374564675772607,0.355361248424756,0.418624972942607,-0.075936713501307,0.0632637245178501,0.375878866230384,0.0935999880679474,-0.282278878162437
0.147507901450171,0.073096072755774,0.332005810061103,0.378169157594595,-0.0744118286943974,0.0461633475334913,0.559387526218244,0.213233798652452,-0.346153727565792
0.122583203265233,0.107560405945791,0.317286601529695,0.382158568058122,-0.015022797319442,0.0648719665284277,0.471597436385633,0.325056250155149,-0.146541186230484
0.144675987734527,0.0661410303870198,0.350408794717586,0.359369953257415,-0.078534957347507,0.00896115853982948,0.511160245072298,0.202072548630311,-0.309087696441987
0.16894675590473,0.114219434623394,0.384711024694494,0.281371958398244,-0.0547273212813354,-0.103339066296249,0.551391645429305,0.500708783290013,-0.0506828621392921
0.169677076516942,0.143341804352074,0.3733539244969,0.3449237216393,-0.0263352721648683,-0.0284302028576007,0.575333668968341,0.515242319776303,-0.0600913491920383
0.13712450737578,0.121065777722072,0.328790044031081,0.302273775204258,-0.0160587296537083,-0.0265162688268235,0.517490474951372,0.49259613140214,-0.0248943435492317
0.112820496390129,0.103929112920302,0.375060057900303,0.395781979435351,-0.00889138346982779,0.0207219215350478,0.350947882911493,0.300295864451213,-0.0506520184602801
0.166016184366936,0.072600808066248,0.337953252890054,0.403196432847578,-0.0934153763006881,0.0652431799575246,0.634341684937376,0.197292935039244,-0.437048749898132
0.147876211772681,0.128102239881209,0.291879584005345,0.260005609955341,-0.0197739718914718,-0.0318739740500039,0.659695763273837,0.636713539549435,-0.0229822237244015
0.100670318665276,0.124813251422684,0.284761109796386,0.29425354052872,0.0241429327574072,0.00949243073233397,0.424079325235055,0.528319969114198,0.104240643879143
0.147903549605925,0.0296106208683823,0.316300079738326,0.306375778132591,-0.118292928737543,-0.00992430160573471,0.596167048722645,0.101472639741423,-0.494694408981222
0.165893287953349,0.130919126864975,0.293435763314401,0.279524153577275,-0.0349741610883739,-0.013911609737126,0.7600599733753,0.59737917818817,-0.16268079518713
0.123219788782085,0.0802233719578831,0.326018054892203,0.337969101332915,-0.0429964168242016,0.011951046440712,0.459295638544121,0.267908831110538,-0.191386807433583
0.238407306762881,0.119297545140549,0.29780901366826,0.317958147087203,-0.119109761622332,0.0201491334189432,1.22673765387261,0.455280832530702,-0.771456821341905
0.15360540753584,0.0693839354973467,0.345665088724475,0.287522437010241,-0.0842214720384935,-0.0581426517142336,0.559517376613029,0.27292397293888,-0.28659340367415
0.162249948304366,0.0870977844404745,0.315276126677661,0.243214310445827,-0.0751521638638914,-0.0720618162318339,0.67301616088859,0.430624790448556,-0.242391370440034
0.153186936824394,0.0873357843899012,0.370003783123978,0.298056381365031,-0.0658511524344928,-0.0719474017589479,0.512879086190127,0.34046646724195,-0.172412618948177
0.160625569727258,0.0886973454779892,0.34530506818229,0.371961903311916,-0.0719282242492687,0.026656835129626,0.59228490577073,0.269290578779569,-0.322994326991161
0.11771169131739,0.0104423314960095,0.324275401400708,0.400240171650569,-0.10726935982138,0.0759647702498608,0.437634620595162,0.0264334910820221,-0.41120112951314
0.122643472403574,0.102996867951933,0.328267451188077,0.273056664295348,-0.0196466044516412,-0.0552107868927295,0.452968035468473,0.458195354284568,0.00522731881609428
0.156772962632016,0.140317565405947,0.365051015457599,0.344234816912244,-0.0164553972260686,-0.0208161985453551,0.536419857184596,0.503238309240914,-0.0331815479436823
0.186063161327137,0.0728935663092202,0.324481066719569,0.350091056280984,-0.113169595017917,0.025609989561415,0.774320656555445,0.231475647118757,-0.542845009436688
0.0922579639423226,0.0430780836933499,0.389159118453023,0.253263579876574,-0.0491798802489727,-0.135895538576448,0.267529879966769,0.185413786737251,-0.082116093229518
0.121079958111616,0.0655948964571856,0.353131920539783,0.493490419734067,-0.0554850616544306,0.140358499194284,0.408992031759172,0.14215896884377,-0.266833062915402
0.106907740241475,0.166740570680199,0.287456712758304,0.318832330393678,0.059832830438724,0.0313756176353737,0.450500988055413,0.687035072788835,0.236534084733422
0.138885964425527,0.0450324421783488,0.346777608490441,0.33394281136729,-0.0938535222471786,-0.0128347971231512,0.49257739138729,0.144365987348465,-0.348211404038826
0.140469628983889,0.123547719900053,0.335222170746114,0.35472723540239,-0.0169219090838363,0.0195050646562764,0.5204926942107,0.416642102440366,-0.103850591770333
0.164870167289774,0.123041516137936,0.369218035076163,0.412217241350502,-0.0418286511518372,0.0429992062743387,0.562893279944542,0.347818108369536,-0.215075171575006
0.188060842591145,0.162151002705142,0.317783627603498,0.299008775105553,-0.025909839886003,-0.0187748524979454,0.807218567564436,0.719949844906255,-0.087268722658181
0.11560601128586,0.102843043175096,0.340515313919194,0.261837102401813,-0.0127629681107632,-0.078678211517381,0.40424967279523,0.481084967853861,0.0768352950586315
0.193077343702432,0.0809964043794861,0.344448506251892,0.240340108559591,-0.112080939322946,-0.104108397692301,0.751619023961526,0.400749483320555,-0.35086954064097
0.161795938718667,0.118350658566947,0.38180559471394,0.274019565747138,-0.0434452801517204,-0.107786028966802,0.527702905112999,0.540190128137883,0.0124872230248843
0.166123308396412,0.170265109939689,0.332953458651554,0.372663397246881,0.00414180154327648,0.0397099385953271,0.646972126962658,0.579150635099917,-0.0678214918627407
0.189040833555921,0.145581084288001,0.374953236574098,0.309643218161764,-0.0434597492679199,-0.0653100184123343,0.655613708513233,0.600246227369196,-0.0553674811440372
0.129570016635107,0.100580546161534,0.33413235904513,0.371953485713334,-0.0289894704735731,0.0378211266682037,0.473706285158074,0.310503774663537,-0.163202510494537
0.137903766626378,0.0588123926664974,0.319003527061239,0.30117131470684,-0.0790913739598809,-0.0178322123543986,0.540790242256732,0.215649942092895,-0.325140300163838
0.154664555474827,0.117767835497392,0.344503684422754,0.259147236633809,-0.0368967199774347,-0.0853564477889447,0.566664622728385,0.575296840752258,0.00863221802387226
0.211141249653666,0.144250408903741,0.344774966996271,0.350215641777415,-0.066890840749925,0.00544067478114435,0.844859410057096,0.509668743929044,-0.335190666128051
0.152679535521338,0.0510193354629911,0.38338777327203,0.445861169352879,-0.101660200058347,0.0624733960808491,0.489198243984535,0.121232748323338,-0.367965495661197
0.13536054592255,0.0931419193374999,0.362022668711052,0.28782452057247,-0.04221862658505,-0.074198148138582,0.453392888330578,0.382103503880096,-0.0712893844504818
0.134865326605066,0.0863280103092069,0.315316008384185,0.336522631526782,-0.0485373162958586,0.0212066231425964,0.533748608770266,0.292436999296426,-0.24131160947384
0.118275314266162,0.137575422353675,0.345584343569786,0.414345504266302,0.0193001080875135,0.0687611606965154,0.408108503144472,0.393795618982467,-0.0143128841620053
0.0974771341381128,0.0580243754037878,0.4046320645692,0.273714973708327,-0.0394527587343249,-0.130917090860873,0.272397782495925,0.236133437781068,-0.0362643447148572
0.166267254606182,0.135253718077232,0.350374280389701,0.458436699409698,-0.03101353652895,0.108062419019997,0.607277633405163,0.3431699891999,-0.264107644205262
0.133713803206928,0.015412693813426,0.278984889707825,0.368883090046316,-0.118301109393502,0.0898982003384907,0.614922391909954,0.0426672106056745,-0.57225518130428
0.158099725226879,0.0326545210004681,0.363304133520251,0.330337853442857,-0.125445204226411,-0.0329662800773935,0.545228555299258,0.103902787904098,-0.44132576739516
0.120736986219376,0.100472019132917,0.304845698600569,0.474421775359136,-0.0202649670864596,0.169576076758567,0.485957491798032,0.235873293744494,-0.250084198053538
0.189323930918983,0.0976926997915493,0.272565685343147,0.300573489396787,-0.0916312311274338,0.0280078040536403,1.00290632412328,0.384059727940826,-0.618846596182456
0.182347202404759,0.10484113129184,0.33476461364345,0.442301836476361,-0.077506071112919,0.107537222832911,0.724095801982751,0.267485809924507,-0.456609992058244
0.146565486000093,0.111919642630557,0.295005301903656,0.250471938527452,-0.0346458433695353,-0.0445333633762042,0.643491967623301,0.563356411460264,-0.0801355561630368
0.190142645557716,0.0609793449334833,0.36263991359353,0.382185298490334,-0.129163300624233,0.0195453848968044,0.689325034860785,0.172988067795258,-0.516336967065528
0.157955961690493,0.122522142547316,0.362903009303347,0.262668125903062,-0.0354338191431776,-0.100234883400285,0.54535968246201,0.594327896702149,0.0489682142401389
0.167472560744054,0.186966703415117,0.390480977904036,0.372994589023258,0.0194941426710624,-0.017486388880778,0.535548866677424,0.650797471422524,0.115248604745101
0.121007167277565,0.0894529925089233,0.411907489917639,0.447753276017986,-0.0315541747686418,0.0358457861003467,0.341478924185902,0.22113637825215,-0.120342545933753
0.193555104912938,0.125433727170718,0.297674746582503,0.238757413846077,-0.0681213777422202,-0.0589173327364258,0.915968931548625,0.691068459694373,-0.224900471854252
0.15523582366446,0.0752384147034685,0.30536384172224,0.389860550697418,-0.0799974089609917,0.0844967089751786,0.662568132772736,0.212868259998307,-0.449699872774429
0.194548365516867,0.085837001770085,0.294492295286465,0.332202343797404,-0.108711363746782,0.0377100485109389,0.935997966772107,0.294840739733147,-0.641157227038961
0.12154091941824,0.0224525238742237,0.276713113758339,0.287938013368861,-0.0990883955440158,0.0112248996105229,0.551513319038381,0.0810977233205874,-0.470415595717794
0.173963115443574,0.0581556177966001,0.301165606442187,0.297450772601321,-0.115807497646974,-0.00371483384086552,0.781815419796097,0.21593511151338,-0.565880308282718
0.184667578433576,0.0594308273957982,0.339552975887359,0.323482267467778,-0.125236751037778,-0.0160707084195812,0.722634809125578,0.201681776944864,-0.520953032180714
0.16911994440535,0.0739297676130887,0.335090149576172,0.348868041453218,-0.0951901767922611,0.013777891877046,0.656488231993536,0.236040679153813,-0.420447552839724
0.111950749751824,0.0917830378662916,0.35455859458794,0.345526177561319,-0.0201677118855325,-0.00903241702662033,0.371283034129742,0.304255866163684,-0.0670271679660579
0.0699321165310851,0.0671168731130923,0.336495056848176,0.345549490938562,-0.00281524341799277,0.0090544340903857,0.230997840752877,0.214378352828934,-0.0166194879239436
0.0723395151997241,-0.0323959060631828,0.346479174672739,0.413674371769371,-0.104735421262907,0.0671951970966326,0.232179556003217,-0.0753246508155133,-0.30750420681873
0.168164758536187,0.130305828676867,0.31241233042536,0.279204440968591,-0.0378589298593199,-0.0332078894567688,0.71305484766228,0.594729289445267,-0.118325558217013
0.151499701965485,0.121356404892476,0.31353051346071,0.438409863606281,-0.0301432970730094,0.124879350145571,0.621263213271759,0.31891626631084,-0.302346946960919
0.180316418175272,0.0121083031486082,0.34476203271077,0.359169509394919,-0.168208115026664,0.0144074766841487,0.687110059035837,0.0342866335360157,-0.652823425499821
0.134860893659816,0.136854413198043,0.342851389929674,0.391032007898157,0.00199351953822691,0.0481806179684829,0.481938270770639,0.419042909255856,-0.0628953615147827
0.126155082392609,0.0508191755477484,0.322730838770351,0.359244986784954,-0.0753359068448605,0.0365141480146022,0.478308831330432,0.151955642763299,-0.326353188567134
0.21443354918437,0.169789251537346,0.402042922462048,0.529287421582689,-0.044644297647025,0.127244499120641,0.704650050954913,0.378213884630702,-0.326436166324211
0.115719168710789,0.0761056425536436,0.326702228781897,0.215042737348681,-0.0396135261571453,-0.111659491433216,0.425045571614805,0.424626085685723,-0.000419485929082253
0.129223361763616,0.0746122066982789,0.309110790259003,0.260933551452322,-0.0546111550653374,-0.0481772388066808,0.518994636533849,0.331017014623436,-0.187977621910412
0.142610444100619,0.116176271511797,0.318522346727583,0.32136183392589,-0.0264341725888226,0.00283948719830668,0.564748460439733,0.435498749073606,-0.129249711366127
0.108226198552695,0.0177097282884985,0.323304669253731,0.218344059226764,-0.0905164702641964,-0.104960610026967,0.397590773142898,0.0844893973931145,-0.313101375749784
0.130930328848209,0.148087074210231,0.360323574355804,0.231324426891533,0.0171567453620218,-0.128999147464271,0.438166093357045,0.896804258377877,0.458638165020832
0.166672664147398,0.0952819361900356,0.330394396116893,0.268659300912678,-0.0713907279573626,-0.0617350952042144,0.656100549039244,0.425691741315798,-0.230408807723446
0.136730811601139,0.0292209893672914,0.297709803210081,0.354443291996785,-0.107509822233847,0.0567334887867036,0.582926701158918,0.0859356122447876,-0.49699108891413
0.146790337329246,0.0481928508575054,0.354558548093521,0.275386510425792,-0.098597486471741,-0.0791720376677293,0.512870347507786,0.191247131646187,-0.321623215861599
0.132715448031018,0.0983097345430929,0.391922806059986,0.365642645035697,-0.0344057134879248,-0.0262801610242898,0.403019219462028,0.30848286751754,-0.094536351944488
0.158676930698212,0.213291460145959,0.37642640412791,0.405482611633175,0.0546145294477474,0.0290562075052646,0.524299667608591,0.692181895991842,0.167882228383251
0.14694782048864,0.0509777645551715,0.327821697877317,0.26580129963717,-0.0959700559334681,-0.0620203982401473,0.565578370026057,0.211414877350188,-0.35416349267587
0.0955468857731302,0.0401315427314455,0.320328955404016,0.414815836292305,-0.0554153430416847,0.0944868808882883,0.347535533186262,0.101579925399393,-0.245955607786869
0.0884918556542828,0.00380511011325178,0.287923862147371,0.342776804098612,-0.084686745541031,0.0548529419512418,0.359809531586529,0.0111626819317252,-0.348646849654804
0.147573259328628,-0.000643719153790301,0.398148418060676,0.384970580280637,-0.148216978482418,-0.0131778377800392,0.448674304082021,-0.00167072835420001,-0.450345032436221
0.140955737845319,0.134262678955978,0.340534501515228,0.296292678972083,-0.00669305888934174,-0.0442418225431452,0.51274364155879,0.573247687674369,0.060504046115579
0.16548303588001,0.138533780545283,0.311793548768601,0.342443062115111,-0.0269492553347264,0.0306495133465105,0.700199405452501,0.49862113770509,-0.20157826774741
0.18186814404341,0.143672452630216,0.393238661530727,0.419185660802092,-0.0381956914131939,0.0259469992713647,0.5880199950668,0.408804977359341,-0.179215017707458
0.0907203864337959,0.0383831876821707,0.353905760250211,0.239948904721528,-0.0523371987516252,-0.113956855528683,0.29219266982272,0.173468630678296,-0.118724039144424
0.110096869485945,0.00725794780287227,0.367473544956339,0.36507113713389,-0.102838921683073,-0.00240240782244827,0.349325564600291,0.0200798553446926,-0.329245709255598
0.113381827911867,0.0123592874498404,0.318278373353986,0.294306154797568,-0.101022540462026,-0.0239722185564173,0.427942768497544,0.0428889116340054,-0.385053856863539
0.131064292494513,0.0669857705000402,0.346352985908728,0.264255091510091,-0.0640785219944728,-0.082097894398637,0.459965025663347,0.288513262364082,-0.171451763299264
0.0844196600989239,0.00802830851415276,0.332642568011672,0.2391900253344,-0.0763913515847711,-0.093452542677272,0.288894530290805,0.0341342076854589,-0.254760322605346
0.179477735859402,0.0685689004927951,0.317640140917307,0.361984529413104,-0.110908835366607,0.0443443884957968,0.759509025666206,0.208554415598343,-0.550954610067863
0.154627290180774,0.138944131742231,0.343953783080474,0.399702919084473,-0.0156831584385429,0.0557491360039988,0.567619670477924,0.415692069267436,-0.151927601210488
0.122359394824305,0.0405764763568895,0.382945742577766,0.377986320100931,-0.0817829184674157,-0.00495942247683551,0.376468954602988,0.113322803712245,-0.263146150890743
0.124883003390523,0.0722785287514589,0.336671359685679,0.319561180867891,-0.0526044746390646,-0.0171101788177877,0.449088072885683,0.253802038824036,-0.195286034061647
0.158899626812731,0.0922261057143289,0.366036964591527,0.375437697396039,-0.0666735210984021,0.00940073280451209,0.543585786432988,0.278451476339887,-0.265134310093101
0.148990279261666,0.116514042261133,0.348798503879385,0.446132517103714,-0.0324762370005333,0.0973340132243289,0.532886964282718,0.29844143498915,-0.234445529293567
0.141575533815762,0.103240347464342,0.315411383171677,0.413779020402738,-0.0383351863514203,0.0983676372310607,0.566525230783046,0.28339126229819,-0.283133968484856
0.168384082444101,0.162304456618695,0.325222793395357,0.428167232957403,-0.00607962582540589,0.102944439562047,0.678247244726927,0.460922238455759,-0.217325006271168
0.10323999459042,0.0521782297786307,0.302679701613077,0.362416544290736,-0.0510617648117895,0.0597368426776586,0.406475056206201,0.154853031107209,-0.251622025098992
0.141027881535153,0.0274769155594455,0.361573701426838,0.375251503322472,-0.113550965975708,0.0136778018956334,0.477038546786556,0.0759700923881419,-0.401068454398414
0.0935206378796658,0.0295827866835183,0.349887683736157,0.486333606807019,-0.0639378511961475,0.136445923070863,0.306416112445231,0.0627162993254511,-0.24369981311978
0.166599569899827,0.163654615435079,0.388224057470492,0.387844018494994,-0.00294495446474741,-0.000380038975498154,0.535924568727424,0.524947342302065,-0.0109772264253594
0.118661915520472,0.0785987990763354,0.397191700889969,0.465446907016976,-0.0400631164441367,0.0682552061270069,0.348175575663321,0.183963109694055,-0.164212465969265
0.13159120430296,0.166337400304614,0.362363787796389,0.316248468797156,0.0347461960016544,-0.0461153189992332,0.437846738455168,0.692100422566643,0.254253684111475
0.173144895592375,0.093268569779155,0.361428599820239,0.295450277704052,-0.0798763258132197,-0.0659783221161863,0.614551139338697,0.371195238181157,-0.24335590115754
0.149440831722098,0.0870322418549953,0.346432542563723,0.367146777929428,-0.0624085898671024,0.0207142353657046,0.539366013152986,0.267504830248809,-0.271861182904178
0.111071305631056,0.0647662198153026,0.333569147963471,0.30876302254966,-0.0463050858157535,-0.0248061254138107,0.395117098589189,0.233382365093537,-0.161734733495651
0.111440343500061,0.0554770870139218,0.344456223215395,0.335860395553584,-0.0559632564861396,-0.00859582766181116,0.381991282881246,0.179604258587303,-0.202387024293943
0.157624041041432,0.0970212719835213,0.338669117319901,0.47477879877735,-0.0606027690579107,0.136109681457449,0.592686081268762,0.226728012869351,-0.365958068399411
0.133373990480853,0.0746940216259929,0.359342968246063,0.284679544377198,-0.0586799688548605,-0.0746634238688647,0.449415987301424,0.300019555691547,-0.149396431609876
0.151300495008952,0.106458257159163,0.384387123576241,0.308592259222502,-0.044842237849789,-0.0757948643537397,0.482329577425897,0.411962135745387,-0.07036744168051
0.144527610977591,0.0793789338296334,0.391912782612266,0.429847092359495,-0.0651486771479575,0.0379343097472287,0.445962131745426,0.202818844768721,-0.243143286976705
0.133446509695105,0.0540298542670093,0.313327469183935,0.365110141285477,-0.0794166554280952,0.051782672101542,0.530969334789353,0.159492423362802,-0.37147691142655
0.145135379604564,0.0594294718432701,0.375242562668001,0.408811474575943,-0.0857059077612938,0.0335689119079425,0.472228881242376,0.156468933651363,-0.315759947591013
0.15342002104802,0.164936365446083,0.302446941262085,0.303615667694853,0.0115163443980633,0.00116872643276766,0.660738856395913,0.721576819200921,0.0608379628050078
0.127395558976277,0.058687134758455,0.338902822344119,0.305838590261069,-0.0687084242178218,-0.0330642320830503,0.456310039257799,0.211536320208495,-0.244773719049305
0.169276070753768,0.0592845463407326,0.321966289066953,0.290647091726565,-0.109991524413035,-0.0313191973403883,0.691739223077785,0.226266677062242,-0.465472546015543
0.147290761855055,0.0724645671425203,0.321476794686873,0.317763058761809,-0.0748261947125349,-0.00371373592506397,0.581176495894565,0.256142998546288,-0.325033497348278
0.142724419545216,0.0606886390997247,0.353554353890685,0.335978091586005,-0.0820357804454917,-0.0175762623046796,0.497331493878049,0.197975115300366,-0.299356378577682
0.134734757473941,0.0931534121365749,0.305750610674696,0.333563959836669,-0.0415813453373661,0.0278133491619726,0.553746030503977,0.322160336400137,-0.23158569410384
0.180355262913836,0.11539431344369,0.379704711013559,0.438086156693635,-0.0649609494701459,0.0583814456800764,0.607995247160358,0.301354341735225,-0.306640905425133
0.175636930822654,0.0337669548569158,0.288508530573972,0.36516169786897,-0.141869975965738,0.0766531672949974,0.838179207130754,0.0968815943548413,-0.741297612775912
0.12270441111263,0.0846430182205488,0.30530017812722,0.360325273564457,-0.038061392892081,0.0550250954372362,0.494682761520779,0.264791450733134,-0.229891310787644
0.128951134893595,0.0816254429774625,0.32346798406906,0.443302798469926,-0.0473256919161325,0.119834814400866,0.489814962701873,0.202172362957684,-0.287642599744188
0.172677704600618,0.0948413558922743,0.330769805389545,0.273629849462914,-0.0778363487083439,-0.0571399559266307,0.685475917356371,0.414257372821276,-0.271218544535095
0.123372688355558,0.0618186557694471,0.39483717080187,0.298059393901487,-0.0615540325861107,-0.0967777769003825,0.366789728066065,0.230479359050209,-0.136310369015856
0.155393293607622,0.063728014536834,0.379591848032499,0.299602715055203,-0.0916652790707881,-0.0799891329772961,0.505867911271955,0.237023884058288,-0.268844027213667
0.121082600633221,0.0569486986361242,0.350434809201314,0.326412495212917,-0.0641339019970972,-0.0240223139883975,0.412725818245625,0.190613238261816,-0.222112579983809
0.201156478102931,0.166765247199814,0.347709913989661,0.309119425029852,-0.0343912309031171,-0.0385904889598098,0.783393656989458,0.715123091989387,-0.0682705650000706
0.136297632633456,0.0727890389079168,0.347854856946677,0.362799907892028,-0.0635085937255388,0.0149450509453513,0.47967620681167,0.222174146423301,-0.257502060388368
0.164449239913346,0.112841275733504,0.297830476583467,0.329285126763426,-0.0516079641798422,0.031454650179959,0.736996014720246,0.408725808147627,-0.328270206572619
0.108098305260339,0.0322999001490944,0.346991096149774,0.252249281588946,-0.0757984051112449,-0.0947418145608277,0.365513416559361,0.136607036499074,-0.228906380060287
0.109187930232259,0.0543806741253684,0.302496783339384,0.319629105140824,-0.0548072561068903,0.0171323218014399,0.43469986457946,0.185467015786791,-0.249232848792668
0.128870267376614,0.0153804309736789,0.419426868462278,0.376687043455525,-0.113489836402935,-0.042739825006753,0.359685261214726,0.0416758325548543,-0.318009428659872
0.185514142432695,0.11533308551177,0.308163035779725,0.286675807568666,-0.070181056920925,-0.0214872282110595,0.825766654404046,0.495277619755201,-0.330489034648845
0.136748746128661,0.0864772796609596,0.326992625972062,0.419183443669301,-0.0502714664677018,0.0921908176972384,0.519226486475329,0.229121108908332,-0.290105377566998
0.143419737420593,0.0876132473070287,0.296059503431695,0.213014425296184,-0.0558064901135644,-0.0830450781355118,0.623247476148692,0.508780855699107,-0.114466620449585
0.0588570696576993,0.0027273333184733,0.357237860937248,0.314502191578978,-0.056129736339226,-0.0427356693582701,0.179105344404439,0.00870961550687177,-0.170395728897567
0.170592987495077,0.0755366108766317,0.29698555958589,0.296964201171942,-0.0950563766184452,-2.13584139478473e-05,0.776091372764137,0.289639449379736,-0.486451923384401
0.206512092279668,0.08099192869836,0.339752312347148,0.522330744583786,-0.125520163581308,0.182578432236639,0.836444394080603,0.167726510168203,-0.6687178839124
0.133431569658831,0.0374278759149737,0.345538988675165,0.335359064380162,-0.0960036937438573,-0.0101799242950027,0.471312542621719,0.118071560506698,-0.353240982115021
0.180723620962851,0.0935250818927329,0.35419697900384,0.384900155790218,-0.0871985390701186,0.0307031767863776,0.665682233451511,0.275049887598065,-0.390632345853446
0.184370465197076,0.169768640231478,0.356444907331052,0.461020078039476,-0.0146018249655976,0.104575170708424,0.677405307403357,0.445197014070615,-0.232208293332741
0.143581476289746,0.117258686227116,0.347825983846411,0.351488862969655,-0.0263227900626297,0.00366287912324398,0.511038052615535,0.395992587431589,-0.115045465183946
0.114456913903502,0.0387229526235562,0.310271565358021,0.378550945489372,-0.0757339612799457,0.0682793801313502,0.446132418001131,0.107707516649049,-0.338424901352082
0.159634745741673,0.137862541705602,0.331277379341968,0.353281860664522,-0.0217722040360705,0.0220044813225548,0.61910962548273,0.477326230759546,-0.141783394723184
0.104366557105797,0.0100984195635339,0.362925161296615,0.40793470844339,-0.0942681375422627,0.0450095471467749,0.333184530641784,0.0250639386766021,-0.308120591965182
0.126633906961551,0.107494515788239,0.359259886623949,0.374232980253004,-0.0191393911733121,0.0149730936290552,0.422599052444027,0.332743444417786,-0.0898556080262405
0.138094020651129,0.18089860933818,0.363561322288058,0.349838744857476,0.0428045886870506,-0.0137225774305817,0.46204617072209,0.677142426435079,0.215096255712989
0.128170119474237,0.0503992093134438,0.335168280419335,0.304443995156695,-0.0777709101607928,-0.0307242852626405,0.465806023807029,0.180036172200714,-0.285769851606315
0.139012771810871,0.0466921658728498,0.296412649225143,0.207007958412631,-0.0923206059380217,-0.0894046908125118,0.59836932718099,0.253020888835594,-0.345348438345396
0.157403946949186,0.099272685653306,0.337880162520443,0.274960720813632,-0.0581312612958801,-0.0629194417068116,0.593379639515712,0.434825376873106,-0.158554262642606
0.124672675521419,0.0434239400745442,0.345945801115445,0.37543851213976,-0.0812487354468748,0.0294927110243149,0.433877199471323,0.12261627660621,-0.311260922865113
0.140209879852463,0.0780372632924456,0.349051022567913,0.306132443888313,-0.0621726165600178,-0.0429185786796,0.494346191758884,0.290349876669274,-0.20399631508961
0.119483463358808,0.0336573193017143,0.332129126356235,0.406169272564811,-0.0858261440570938,0.0740401462085766,0.432971170795976,0.0863954095470447,-0.346575761248931
0.136114781877557,0.07213881336078,0.344355871301312,0.328738901726246,-0.0639759685167771,-0.0156169695750661,0.484790360835615,0.245380444216061,-0.239409916619553
0.150522548113517,0.0632040848921584,0.323501278969191,0.432666407690579,-0.087318463221359,0.109165128721388,0.592479080699309,0.157289238362587,-0.435189842336722
0.128353003704954,0.0250154225783489,0.336126698800771,0.310778576062297,-0.103337581126605,-0.025348122738474,0.465005498811577,0.0838209901322364,-0.38118450867934
0.0642561918832348,0.0349314241666335,0.338957576228803,0.421288494726923,-0.0293247677166013,0.0823309184981204,0.208729746935238,0.086450200750444,-0.122279546184794
0.12502151311541,0.119007064131605,0.343176157066536,0.343795304791145,-0.00601444898380578,0.000619147724609248,0.439516232392972,0.413624178943359,-0.0258920534496128
0.161238804290921,0.163449367210206,0.331114931183615,0.469820627681438,0.00221056291928498,0.138705696497823,0.627356979242554,0.416086928777967,-0.211270050464587
0.144017782687836,0.145671998958281,0.322546522931965,0.356714202906898,0.00165421627044496,0.034167679974933,0.562836370946494,0.504366287134685,-0.0584700838118093
0.123835718640729,0.0890207749354145,0.348352465160453,0.359753529000997,-0.0348149437053149,0.0114010638405448,0.426879247715371,0.28075448349086,-0.146124764224511
0.136892521138632,0.14320262646529,0.352901635933079,0.469164438500771,0.00631010532665749,0.116262802567691,0.473890643743117,0.356935804233433,-0.116954839509684
0.163709256564855,0.0965398841258354,0.396959343307947,0.347761176885577,-0.0671693724390197,-0.0491981664223698,0.510450756001059,0.319963351675554,-0.190487404325505
0.131569966009158,0.052615725422907,0.352485130254129,0.32891002605699,-0.0789542405862509,-0.0235751041971381,0.452467560838753,0.173475625359083,-0.27899193547967
0.110989839237222,0.15148743333977,0.312303447972096,0.518584475076264,0.0404975941025478,0.206281027104168,0.426738420776843,0.339259940055037,-0.0874784807218063
0.137920131785124,0.0661015977860877,0.332969361220755,0.306689651336289,-0.0718185339990359,-0.0262797098844658,0.513178916991936,0.24052234175214,-0.272656575239796
0.136817085570614,0.0443569613753254,0.327027314521908,0.364943586370984,-0.0924601241952886,0.0379162718490752,0.519476590084003,0.129239850026898,-0.390236740057105
0.097229003730953,-0.0160059540149315,0.30506415588903,0.357354745652661,-0.113234957745885,0.0522905897636313,0.375361461493571,-0.0438018311516979,-0.419163292645269
0.130174852976656,0.0730712485572187,0.314682593210764,0.391138326661124,-0.0571036044194375,0.0764557334503599,0.512358469311453,0.205406551510059,-0.306951917801394
0.120491352112201,0.121063322238239,0.38113103567109,0.282029700882053,0.000571970126038282,-0.0991013347890362,0.371824408304741,0.536116304242765,0.164291895938024
0.16577891408744,0.156772934592484,0.337611840966746,0.409721096211008,-0.00900597949495538,0.0721092552442618,0.63400501125733,0.466140295936202,-0.167864715321128
0.144397042719473,0.12701556591241,0.317148670770958,0.281903533397363,-0.0173814768070626,-0.0352451373735944,0.57664259200466,0.569196864469321,-0.00744572753533945
0.195917567058713,0.14403851595324,0.354285221539388,0.435552615023142,-0.0518790511054734,0.0812673934837533,0.738449983160291,0.391946193445704,-0.346503789714587
0.129378886750266,0.100243845221328,0.333643609999061,0.404342147476603,-0.0291350415289382,0.0706985374775423,0.473699206786304,0.281355328026343,-0.192343878759961
0.0926994824243856,0.0596230960030665,0.344414101008543,0.29550631698606,-0.0330763864213191,-0.0489077840224832,0.308853077262468,0.22356153054693,-0.0852915467155375
0.167555565770347,0.117929489224509,0.343472184809624,0.345726816881737,-0.049626076545838,0.00225463207211329,0.628775704714005,0.406502312545788,-0.222273392168217
0.200226739888135,0.0960824159439177,0.350107608136203,0.4231494865058,-0.104144323944218,0.0730418783695978,0.771630958527588,0.254911368667011,-0.516719589860578
0.156217706485664,0.167534521983686,0.313144067044886,0.315724371859145,0.0113168154980215,0.00258030481425897,0.646856773809902,0.700012118951847,0.0531553451419455
0.177572292899147,0.100518156864783,0.3008494810133,0.191819402882294,-0.077054136034364,-0.109030078131006,0.804414798424301,0.688811403783775,-0.115603394640526
0.155258712087776,0.00913241984357932,0.336603597861392,0.435165300307349,-0.146126292244197,0.098561702445957,0.58605674126092,0.0212078504952058,-0.564848890765714
0.171294031394661,0.118428968099865,0.351004659688731,0.308696221846482,-0.0528650632947959,-0.0423084378422492,0.629072288920228,0.467620567998167,-0.161451720922061
0.137434604052784,0.120107645039976,0.336186832206951,0.32546827460382,-0.0173269590128078,-0.010718557603131,0.505017076731826,0.446331382514317,-0.0586856942175085
0.18480571982896,0.165227014386186,0.324150547397997,0.288997441629208,-0.0195787054427741,-0.0351531057687893,0.768484765128653,0.771319650693124,0.00283488556447065
0.163878449141888,0.0614458246595681,0.347140148777223,0.332479009876815,-0.10243262448232,-0.0146611389004082,0.60332808195439,0.202991221092067,-0.400336860862322
0.198275498653989,0.125462039680977,0.397589967743962,0.505447452177728,-0.0728134589730116,0.107857484433766,0.646568482386694,0.281741562596244,-0.364826919790449
0.177549601469344,0.139634886766987,0.345332837928118,0.287365037965904,-0.0379147147023577,-0.0579677999622141,0.672200644519374,0.625661267944999,-0.0465393765743758
0.204842596469805,0.206845333197311,0.334565629456979,0.379757926205288,0.00200273672750595,0.0451922967483087,0.844603439735884,0.724051084356562,-0.120552355379322
0.192121456552915,0.0910603599568669,0.323441677853347,0.259702684123791,-0.101061096596048,-0.0637389937295555,0.811202580275676,0.419966259714981,-0.391236320560695
0.138963235357519,0.00041392179679553,0.34390497420018,0.39046915598456,-0.138549313560724,0.0465641817843804,0.497915558677442,0.00106062478821989,-0.496854933889222
0.122591620775962,0.111349980706516,0.329886775233482,0.427112091466825,-0.0112416400694458,0.0972253162333431,0.450077877773702,0.297843902747939,-0.152233975025763
0.140119266755259,0.0611051167889585,0.35368886759494,0.37428612672631,-0.0790141499663009,0.0205972591313702,0.486114995823995,0.177340128503464,-0.308774867320531
0.154313720279208,0.136423387044166,0.316433352753073,0.344457535918475,-0.0178903332350423,0.028024183165402,0.628510491054775,0.485947840226144,-0.142562650828631
0.162609952967886,0.165833455504425,0.360273705508813,0.324450121417247,0.00322350253653955,-0.0358235840915661,0.570432649991916,0.667159983686944,0.0967273336950283
0.210034073550601,0.0767619533061106,0.310045806757727,0.264743373255681,-0.13327212024449,-0.0453024335020457,0.968809745503914,0.336358710956774,-0.63245103454714
0.16422146006473,0.0965366230794127,0.315321372520745,0.305176841373394,-0.0676848369853175,-0.0101445311473504,0.683384963943936,0.372083115988299,-0.311301847955636
0.158609725942165,0.0775101258310773,0.293495975147834,0.382559180597694,-0.081099600111088,0.0890632054498599,0.716719729160853,0.224594175739174,-0.492125553421679
0.113819671324628,0.0159475309961953,0.328943359490417,0.373364983887092,-0.0978721403284326,0.0444216243966747,0.41342525556504,0.0436383065312489,-0.369786949033791
0.12613253452377,0.107599032377528,0.355541679501228,0.342481760004351,-0.0185335021462416,-0.0130599194968766,0.425840691081546,0.369128615333063,-0.0567120757484836
0.0996016635545635,0.0332469987880397,0.327826726208771,0.493228312133849,-0.0663546647665238,0.165401585925078,0.355030699728897,0.0697306788150038,-0.285300020913893
0.153707701334481,0.0837688173250447,0.362837384282637,0.467157016856113,-0.0699388840094365,0.104319632573477,0.527491685704815,0.196398976143429,-0.331092709561386
0.166820931727803,0.0847101583428528,0.345335212247229,0.272958177041781,-0.0821107733849504,-0.0723770352054477,0.621042673468635,0.36389034483541,-0.257152328633225
0.156876963662029,0.0871584250338278,0.32536254004807,0.331934529419493,-0.0697185386282012,0.00657198937142278,0.619569698765986,0.300276789710283,-0.319292909055703
0.131027039426584,0.0491334990498481,0.35349011131061,0.343727560215381,-0.0818935403767362,-0.00976255109522839,0.448700249284173,0.153664210134192,-0.295036039149981
0.122520034814297,-0.0123450845472807,0.333952082108659,0.503123829363811,-0.134865119361578,0.169171747255151,0.443223403352301,-0.0242382891502361,-0.467461692502537
0.173065552095505,0.141937240088591,0.34179817031539,0.318943887128191,-0.0311283120069135,-0.0228542831871989,0.659204779756285,0.560525473998878,-0.0986793057574074
0.219661550256637,0.167866483301511,0.303914902212831,0.32395268560919,-0.0517950669551253,0.0200377833963584,1.06013849822522,0.678972671227746,-0.381165826997476
0.103075256917635,0.107895189653757,0.325723570012377,0.3044766599652,0.00481993273612255,-0.0212469100471775,0.372247767954601,0.425272124769155,0.0530243568145541
0.165423140804443,0.209936162924556,0.372529557592511,0.412931110701167,0.0445130221201131,0.0404015531086555,0.559014254313823,0.662636856917328,0.103622602603505
0.172179639195082,0.10745813318584,0.310725457726991,0.306285966035901,-0.0647215060092414,-0.00443949169108959,0.740411263423435,0.420263612820005,-0.320147650603429
0.161562273802694,0.0931158286466485,0.357323401351365,0.337737125809681,-0.0684464451560456,-0.0195862755416845,0.57168107699313,0.31745921232037,-0.25422186467276
0.116429327171892,0.0386540010044372,0.330154761699948,0.244017116825673,-0.0777753261674548,-0.0861376448742753,0.422834144076777,0.171642867917376,-0.251191276159401
0.150141659794808,0.105757791039889,0.313452526669955,0.326065407930031,-0.0443838687549184,0.0126128812600766,0.614448316925379,0.383124853665141,-0.231323463260238
0.177848808057944,0.0883451162864257,0.330665428936805,0.351713399973084,-0.0895036917715185,0.0210479710362791,0.712323518865657,0.285547837207957,-0.4267756816577
0.156949842168465,0.167573005701494,0.31474059536956,0.313068676719546,0.0106231635330289,-0.00167191865001359,0.646520248193738,0.707891504412338,0.0613712562186002
0.116767603199746,0.184452488110528,0.370168837320883,0.498281521342747,0.0676848849107821,0.128112684021864,0.370868079966957,0.447991262356759,0.0771231823898029
0.0808307896259173,0.0556669982470622,0.342587195208989,0.341150972325212,-0.0251637913788551,-0.00143622288377759,0.266101175807475,0.177241613651483,-0.088859562155992
0.17023905512984,0.176883153991842,0.398062695421784,0.335896582377827,0.00664409886200226,-0.0621661130439565,0.533678273282334,0.693165816595248,0.159487543312914
0.166977148906263,0.15912580668707,0.331157418818345,0.412792618939365,-0.00785134221919268,0.0816352001210197,0.655698351364385,0.470328838657544,-0.185369512706841
0.177652016501159,0.146888181831437,0.380196885953431,0.448040899651534,-0.0307638346697222,0.0678440136981036,0.595621328025287,0.387974479784455,-0.207646848240832
0.135006972575965,0.125498245994736,0.322064362515226,0.329401287134053,-0.00950872658122887,0.00733692461882729,0.520733102164212,0.463731411006856,-0.0570016911573559
0.132520433077331,0.106011103597044,0.334418594922389,0.347801903393303,-0.0265093294802873,0.0133833084709149,0.486272229582864,0.356357930340039,-0.129914299242825
0.163576048430536,0.171437790756279,0.364785047858986,0.335868201424432,0.00786174232574302,-0.0289168464345546,0.565832505516499,0.666010324444461,0.100177818927963
0.13512300895141,0.0949510355184541,0.328834655864677,0.343662426105758,-0.0401719734329556,0.0148277702410811,0.508196770630855,0.318232181291053,-0.189964589339802
0.176162749641355,0.0216752632202404,0.362844372567527,0.319458228787079,-0.154487486421115,-0.0433861437804484,0.624995390942488,0.070204840754968,-0.55479055018752
0.211886878906692,0.114425313536104,0.385982133434846,0.357465457999221,-0.0974615653705878,-0.0285166754356251,0.731442969516704,0.377267874434338,-0.354175095082366
0.181834554508428,0.125445674226203,0.327382516652311,0.311317783110261,-0.0563888802822257,-0.0160647335420502,0.742671460730625,0.49623291215758,-0.246438548573045
0.155600878902735,0.0893044776298191,0.346691470925141,0.231950767149969,-0.0662964012729162,-0.114740703775172,0.56645730495348,0.469636068128752,-0.0968212368247285
0.11103937027509,-0.00568059176517967,0.331333388102036,0.338771267967884,-0.116719962040269,0.00743787986584771,0.398120491713642,-0.0166284176945375,-0.414748909408179
0.0822232081935456,0.0542145811783134,0.320552192729234,0.478791789513894,-0.0280086270152322,0.158239596784661,0.292405098781837,0.119891786148788,-0.172513312633049
0.170934474119146,0.0372608947988144,0.304151389762418,0.330406360470221,-0.133673579320332,0.0262549707078034,0.754185383469774,0.119377731859547,-0.634807651610227
0.17150666290917,0.155933745964442,0.313254939745205,0.366893900020044,-0.0155729169447273,0.0536389602748389,0.728922997911534,0.529606422371845,-0.199316575539689
0.102198068866042,-0.00447680901807168,0.296084284899133,0.289549506687971,-0.106674877884114,-0.00653477821116194,0.412223569090904,-0.0153423783172858,-0.42756594740819
0.061655788947842,-0.0139460806057236,0.345140121311797,0.320276205287622,-0.0756018695535656,-0.0248639160241748,0.195590107581884,-0.0426094928669029,-0.238199600448787
0.106221440247171,0.109385441653745,0.378395647123,0.38015274037083,0.00316400140657444,0.00175709324783002,0.324076559933508,0.333411596999978,0.00933503706647021
0.164974229926568,0.17094665856391,0.336611807198941,0.266797708728771,0.00597242863734157,-0.0698140984701702,0.632483258148424,0.897875509025177,0.265392250876753
0.132030718695907,0.16623872812579,0.317319230506132,0.368840242989804,0.0342080094298831,0.0515210124836722,0.516009692300276,0.569420730595078,0.0534110382948021
0.152331853137852,0.0937266394068929,0.400911786653774,0.422618104117108,-0.0586052137309588,0.0217063174633337,0.462231244337423,0.248291985426648,-0.213939258910775
0.208839089007595,0.0943033406490945,0.324629573701214,0.300276089580872,-0.1145357483585,-0.0243534841203415,0.902778232131694,0.36896563543411,-0.533812596697584
0.135258127623551,0.057597484234348,0.274561206811731,0.318492845988829,-0.0776606433892028,0.0439316391770977,0.636621062992511,0.198228105646944,-0.438392957345567
0.174017762060519,0.0545768441325293,0.294388053060196,0.330880104915605,-0.11944091792799,0.0364920518554082,0.806004469293778,0.179327630945856,-0.626676838347922
0.119444246403192,0.027210466236997,0.330713751936319,0.284858952883925,-0.0922337801661949,-0.0458547990523945,0.435008956159691,0.100233680948129,-0.334775275211562
0.0862676591283543,0.0562033499088436,0.358978182015638,0.368728176915455,-0.0300643092195107,0.00974999489981732,0.271649009742356,0.164654975580597,-0.106994034161759
0.146744279345355,0.00621269374914563,0.345127939477276,0.371741887565136,-0.140531585596209,0.0266139480878603,0.529878102849391,0.0168528186964036,-0.513025284152988
0.0941537849378957,0.073287997975374,0.33900516062393,0.382013393895305,-0.0208657869625216,0.0430082332713751,0.320137041579083,0.211484747229535,-0.108652294349547
0.186709593774702,0.0808225234006665,0.30061000598009,0.354276353534857,-0.105887070374035,0.0536663475547671,0.860978439219683,0.256253800235207,-0.604724638984476
0.104192695789345,0.0453673506475269,0.315464921159073,0.335828013841824,-0.0588253451418185,0.0203630926827512,0.391361807130234,0.144640970669428,-0.246720836460806
0.148591933121914,0.0509424006480987,0.299313448723815,0.32428828905317,-0.0976495324738152,0.0249748403293549,0.642866455130029,0.170100749816118,-0.47276570531391
0.0977305703434573,0.027582461951568,0.350027492607168,0.287576140105459,-0.0701481083918893,-0.062451352501709,0.322082664146639,0.100663958997906,-0.221418705148733
0.117505010019612,0.0380839651665966,0.373654801374694,0.313473514140986,-0.0794210448530157,-0.0601812872337084,0.369539807052796,0.129178318794913,-0.240361488257883
0.176870983032696,0.121517370527373,0.324455674286264,0.311472518818933,-0.0553536125053226,-0.0129831554673313,0.724835048397532,0.477185129175086,-0.247649919222446
0.161433136853097,0.0646237079204543,0.325355425252807,0.535976791188356,-0.0968094289326429,0.210621365935548,0.642426496639309,0.128141783780579,-0.51428471285873
0.135860005992205,0.0633665014043329,0.356346034732046,0.374653952067129,-0.072493504587872,0.0183079173350828,0.464126243891021,0.184278125841833,-0.279848118049188
0.0696863924381148,-0.000322342857981398,0.359503569557292,0.31789614102414,-0.0700087352960962,-0.0416074285331515,0.213902787683583,-0.00101347404306029,-0.214916261726643
0.0997613582929637,0.125169738611218,0.374896328458865,0.411413167757021,0.0254083803182539,0.0365168392981561,0.30487056920828,0.355598960977034,0.050728391768754
0.1429178835867,0.0816206633338092,0.340789836165597,0.237968400498158,-0.0612972202528907,-0.102821435667439,0.521006815480724,0.409153969469527,-0.111852846011197
0.145187193706096,0.0843032852388506,0.338631858764252,0.317442537086386,-0.0608839084672453,-0.021189321677866,0.535331640045661,0.304174433535027,-0.231157206510634
0.167919336936099,0.132700813034732,0.296666533331683,0.266634891814174,-0.0352185239013676,-0.0300316415175092,0.761244200260647,0.644912762939494,-0.116331437321153
0.171409961904331,0.098399427038489,0.378735181700682,0.347252283698848,-0.0730105348658418,-0.0314828980018336,0.572371930809932,0.327590728113683,-0.244781202696249
0.131391035190239,0.0569983704434066,0.349217734042523,0.389632111035181,-0.0743926647468326,0.0404143769926584,0.456802375286291,0.157529116947234,-0.299273258339057
0.116451938384834,0.127947144810412,0.299540887783056,0.30868646543897,0.0114952064255777,0.009145577655914,0.475162404602793,0.513597097070031,0.0384346924672379
0.132858798276617,0.0401810775250124,0.366994060686062,0.317940792853602,-0.0926777207516047,-0.0490532678324606,0.436226133810337,0.134712278551465,-0.301513855258872
0.100193974500726,0.0510720111856203,0.336984216696579,0.375635036783757,-0.049121963315106,0.0386508200871782,0.34625332887876,0.145638115479395,-0.200615213399365
0.142430147352327,0.126611953020787,0.302998146798886,0.458677819615189,-0.0158181943315408,0.155679672816303,0.600105185365961,0.317896348685782,-0.28220883668018
0.208813408442294,0.119682726190465,0.343925305714531,0.389399044295884,-0.0891306822518292,0.0454737385813536,0.835189149475573,0.359820068070497,-0.475369081405075
0.161831510095626,0.146814512145393,0.330950382795175,0.449344160651246,-0.015016997950233,0.118393777856071,0.630668818921777,0.386428000100432,-0.244240818821345
0.100331633035824,-0.00764375208174166,0.376702652784084,0.258394215118443,-0.107975385117565,-0.11830843766564,0.305180990895198,-0.02914848898904,-0.334329479884238
0.186128006777109,0.103074601776019,0.352373912905961,0.42131176100086,-0.0830534050010901,0.0689378480948983,0.695896742130857,0.277176283683946,-0.418720458446911
0.102311398844618,-0.00419523215606531,0.368397726902897,0.428905400066897,-0.106506631000683,0.0605076731640004,0.32011644879368,-0.00973357195776636,-0.329850020751446
0.165250095450497,0.0392412435154124,0.317772068370979,0.158371280677142,-0.126008851935085,-0.159400787693838,0.682073277065715,0.281178103412683,-0.400895173653032
0.144441460842482,0.0582541402458107,0.367439611623919,0.320922167935765,-0.0861873205966714,-0.0465174436881535,0.481570367146652,0.19903981865192,-0.282530548494732
0.116659665014959,0.0563505905825496,0.324730553624384,0.274392618404173,-0.0603090744324091,-0.0503379352202116,0.432255762737892,0.227972971883722,-0.20428279085417
0.146951709775646,0.072888775903358,0.313929954069112,0.35750760806245,-0.074062933872288,0.0435776539933388,0.59696267733478,0.226151434438471,-0.370811242896309
0.194756504787157,0.132116717927516,0.327551977464429,0.215773749123303,-0.0626397868596412,-0.111778228341125,0.81227322829987,0.84465602308163,0.0323827947817603
0.174826951109055,0.117717798117867,0.288824480313159,0.316143959500384,-0.0571091529911888,0.0273194791872249,0.83181113710364,0.451148112040936,-0.380663025062704
0.167141657738961,0.135549482441642,0.32822013883777,0.388217200247459,-0.0315921752973188,0.0599970614096882,0.664020144222948,0.417874442901895,-0.246145701321053
0.126112286725024,0.138455984635739,0.335174467778257,0.266675072876368,0.0123436979107154,-0.068499394901889,0.456823866310543,0.680671768503838,0.223847902193295
0.16105026361203,0.154762229437345,0.309825994046537,0.382983061541482,-0.0062880341746856,0.0731570674949445,0.681705997713884,0.497948940671222,-0.183757057042662
0.105365231756713,0.134430580823308,0.380231405730865,0.284987209892282,0.0290653490665951,-0.0952441958385828,0.319309082479758,0.60272838497955,0.283419302499792
0.147984079824581,0.0651194461305432,0.354055915581918,0.410101427069354,-0.0828646336940377,0.0560455114874359,0.518872228019184,0.172090182555248,-0.346782045463936
0.161913484231533,0.0325047927601652,0.339917892913997,0.227229449503581,-0.129408691471367,-0.112688443410416,0.61015614696393,0.153785560143854,-0.456370586820076
0.140565793473186,0.0875961855713098,0.438831829359012,0.323589213312261,-0.0529696079018764,-0.115242616046751,0.377565947560665,0.310884118879257,-0.0666818286814075
0.168028081589753,0.0957701429817139,0.388399499723142,0.403328762563481,-0.0722579386080391,0.0149292628403392,0.541285220643588,0.268010740472466,-0.273274480171122
0.126500453336739,0.112775382404217,0.36672996067194,0.356115341514503,-0.0137250709325217,-0.0106146191574369,0.411907592512177,0.372566272512247,-0.0393413199999302
0.170271558664062,0.119254359242155,0.318685657376234,0.28180984061703,-0.0510171994219067,-0.0368758167592038,0.70624173174261,0.526798645238677,-0.179443086503934
0.136312863653755,0.0612554621335302,0.353091357571765,0.408807514891158,-0.0750574015202249,0.0557161573193929,0.471166331032209,0.161647636973219,-0.30951869405899
0.138071753377301,0.104724843361364,0.295224948717194,0.282886411271036,-0.0333469100159369,-0.0123385374461583,0.596291642486755,0.448025694988815,-0.14826594749794
0.177944580910884,0.19624689243738,0.34181229047205,0.490949120891722,0.0183023115264953,0.149136830419672,0.683022902235657,0.49142135282132,-0.191601549414337
0.150957643377388,0.11673629694876,0.331008626972732,0.256592589728244,-0.0342213464286285,-0.0744160372444885,0.577834759128894,0.576091494399982,-0.00174326472891195
0.151517105048359,0.059970603615027,0.372791992059426,0.336265776716104,-0.0915465014333317,-0.0365262153433223,0.501461149023737,0.195235060922145,-0.306226088101592
0.138370640802264,0.0743686774683317,0.316475518060309,0.275608007014878,-0.0640019633339324,-0.0408675110454312,0.548402630413885,0.30974828116312,-0.238654349250765
0.116362720782352,0.0778708496579114,0.370506932781206,0.414827460265997,-0.0384918711244407,0.0443205274847919,0.368976725505612,0.20649401710908,-0.162482708396532
0.12595330023716,0.124566787445506,0.283568030082532,0.392972135361228,-0.00138651279165435,0.109404105278695,0.559200410731885,0.372983776782768,-0.186216633949117
0.1615437365133,0.157006554481011,0.352177991485098,0.323969282982104,-0.00453718203228953,-0.0282087085029947,0.582014642400168,0.623580794811105,0.0415661524109372
0.174418863712055,0.113467159532272,0.360223185373404,0.340090836680286,-0.0609517041797831,-0.020132348693118,0.622870770288376,0.396037411273709,-0.226833359014667
0.139378019243552,0.029093059161973,0.320375292526206,0.268292832543039,-0.110284960081579,-0.0520824599831664,0.545034272267601,0.114535476940964,-0.430498795326637
0.142210919718971,0.0265764781658431,0.332503281058598,0.303494364166473,-0.115634441553128,-0.0290089168921255,0.533722510375316,0.0915167860115249,-0.442205724363791
0.123598588099241,0.100680151806613,0.386619391384287,0.327697010405787,-0.0229184362926283,-0.0589223809785003,0.376701757226118,0.359661117979477,-0.0170406392466405
0.105686800949756,0.0737638937654849,0.356123740819708,0.42609987545501,-0.031922907184271,0.0699761346353019,0.345505640300023,0.189001754956155,-0.156503885343868
0.177503311810567,0.0675176857733405,0.279059025910134,0.305322067709976,-0.109985626037227,0.0262630417998427,0.889057480164064,0.247493016832606,-0.641564463331457
0.140641758093434,0.0733108383264651,0.418561385671128,0.360256676923377,-0.0673309197669688,-0.058304708747751,0.399356183973073,0.225680410050111,-0.173675773922962
0.124222884556727,0.070050458417352,0.326006659481383,0.282246397090207,-0.0541724261393747,-0.0437602623911758,0.463812025197532,0.281702184477574,-0.182109840719958
0.164152149406932,0.10745138693124,0.340792336155872,0.383412020873194,-0.0567007624756912,0.0426196847173224,0.618788349420951,0.32346121632529,-0.295327133095661
0.198026069242179,0.125402061577779,0.319227183272669,0.237546284172781,-0.0726240076644004,-0.0816808990998876,0.859540835805949,0.69537813027559,-0.164162705530359
0.136020476828903,0.11715802571397,0.320223657086599,0.322488763344702,-0.0188624511149338,0.00226510625810311,0.529234232223518,0.438057662915352,-0.0911765693081654
0.125983904187597,0.0736719019745681,0.351742706369301,0.332079353524674,-0.052312002213029,-0.0196633528446271,0.430709711279079,0.248384472340325,-0.182325238938755
0.139673065221532,0.0605816590747681,0.330339124254232,0.324365770328467,-0.0790914061467635,-0.00597335392576476,0.526255278642298,0.205349517841343,-0.320905760800955
0.141174127210685,0.158621187974931,0.296336950302281,0.341068991530133,0.0174470607642465,0.0447320412278518,0.610262669039836,0.592126717159989,-0.0181359518798465
0.156054030770297,0.075643765456519,0.333313771544725,0.191702533570829,-0.0804102653137777,-0.141611237973896,0.597100133368792,0.483774655717209,-0.113325477651583
0.143996039578475,0.12381360565461,0.325628183808082,0.333912982641864,-0.0201824339238647,0.00828479883378208,0.556142498039115,0.448887502054088,-0.107254995985027
0.10974192763139,0.102482666402607,0.332016279628245,0.319585558922993,-0.00725926122878325,-0.0124307207052524,0.391707996336292,0.378055773545226,-0.0136522227910665
0.130586609028223,0.0565783606030855,0.354190917668752,0.342435129044534,-0.0740082484251378,-0.0117557886242179,0.445839159059243,0.179656846084078,-0.266182312975166
0.128007862004733,0.0105886381127786,0.302299184684715,0.340634835482364,-0.117419223891955,0.0383356507976488,0.527217714381577,0.0315731967568127,-0.495644517624765
0.158830063304526,0.106724885707478,0.349929583252349,0.402107582980022,-0.0521051775970476,0.0521779997276727,0.574427162265174,0.303970395563709,-0.270456766701465
0.103111846195905,0.0658356344631234,0.330518018423435,0.33396310155807,-0.0372762117327812,0.0034450831346351,0.366114287610451,0.217907785120133,-0.148206502490318
0.16359530615565,0.145801996732426,0.346754467788208,0.228206568738135,-0.0177933094232238,-0.118547899050073,0.602860820649051,0.894402704026042,0.291541883376991
0.125975819885966,0.0559974303200571,0.348384713197419,0.392747837957097,-0.0699783895659085,0.0443631247596779,0.435624196476434,0.153243703063149,-0.282380493413286
0.134333278776925,0.0782538722088746,0.315659018247753,0.357366074465512,-0.05607940656805,0.0417070562177587,0.530454148754102,0.244798888571278,-0.285655260182824
0.110917448158451,0.0872499567113971,0.30996620226148,0.293215779195839,-0.0236674914470541,-0.016750423065641,0.430232806911554,0.346572241494015,-0.0836605654175389
0.163907561194447,0.0870242387419544,0.340779144044889,0.276773752627462,-0.0768833224524928,-0.0640053914174267,0.617657072933473,0.369469914316595,-0.248187158616878
0.168504391265545,0.0971080794247864,0.331291246412046,0.354728818515937,-0.0713963118407587,0.0234375721038912,0.663009925654279,0.314889988634624,-0.348119937019655
0.136290233977605,0.0144281697691735,0.299040955328626,0.346331274630687,-0.121862064208431,0.0472903193020614,0.577368186412834,0.0425399815954368,-0.534828204817397
0.161040039492399,0.114023952479522,0.382371922073153,0.364170095830195,-0.0470160870128768,-0.0182018262429584,0.523729174334082,0.367666910812684,-0.156062263521399
0.179579588799268,0.154148096227801,0.39281596669397,0.342964658515595,-0.0254314925714674,-0.0498513081783747,0.57958095959244,0.567461872968315,-0.0121190866241254
0.167335316313363,0.107740107174198,0.301023260769331,0.269330035874623,-0.0595952091391655,-0.0316932248947084,0.743489082573426,0.491869524637952,-0.251619557935474
0.177924091436054,0.0617346755608879,0.358866643272221,0.285603480188906,-0.116189415875167,-0.073263163083315,0.6418020571789,0.241295005127611,-0.400507052051289
0.138070002518952,0.107475973701107,0.359705772672453,0.274945263010825,-0.0305940288178443,-0.0847605096616273,0.467912755714361,0.478309978074992,0.010397222360631
0.108484157114988,0.0656073158729941,0.336386466585531,0.263279357166882,-0.0428768412419939,-0.0731071094186489,0.380572927612512,0.282989348516522,-0.09758357909599
0.163604489479834,0.0628126955437526,0.334158219675522,0.281991988440363,-0.100791793936081,-0.052166231235159,0.63166647647351,0.249503638554158,-0.382162837919352
0.130050266466739,0.112612028682643,0.373898623614029,0.369949427948861,-0.0174382377840968,-0.00394919566516772,0.415980559284355,0.355809156850033,-0.0601714024343225
0.133108774590316,0.0126929413888481,0.350455332344175,0.223426790017057,-0.120415833201468,-0.127028542327118,0.462016522007038,0.0584549949501887,-0.403561527056849
0.126502253916034,0.0966145722883996,0.362228127999511,0.331282297778484,-0.0298876816276342,-0.0309458302210262,0.417980473117475,0.338618614860774,-0.0793618582567017
0.20137323805835,0.114327248714124,0.343786296195616,0.391270905073585,-0.0870459893442254,0.0474846088779694,0.796339902611226,0.339363643104837,-0.456976259506389
0.130060072186512,-0.0255918516973621,0.313204315301017,0.307371314058272,-0.155651923883874,-0.00583300124274494,0.514758957852047,-0.079888460483383,-0.59464741833543
0.127966602181966,0.0429159331753118,0.334938016757846,0.353903706632744,-0.0850506690066546,0.0189656898748973,0.465300803276388,0.128923400225567,-0.336377403050822
0.141542575994544,0.0547006188429586,0.335407598298382,0.30164819040896,-0.0868419571515854,-0.0337594078894219,0.525011114106871,0.198821660508092,-0.326189453598779
0.105357410682399,0.0629874461374749,0.299141821812259,0.341583305391252,-0.0423699645449245,0.042441483578993,0.422191322366648,0.202494911288791,-0.219696411077857
0.216356209581047,0.183173491523126,0.363363217384542,0.427969144445741,-0.0331827180579217,0.0646059270611988,0.81380497070263,0.534195751728716,-0.279609218973914
0.245091528073695,0.201748749261189,0.359189833441181,0.249842376043315,-0.043342778812506,-0.109347457397866,0.978512684583888,1.24230448511643,0.263791800532543
0.129337898616945,0.073221064682189,0.354876189902152,0.309296531488972,-0.0561168339347564,-0.0455796584131793,0.439735214531759,0.267104267424968,-0.172630947106792
0.139581535378765,0.0645698384747231,0.299434558027394,0.346624847289258,-0.0750116969040419,0.0471902892618641,0.593846676599691,0.20476149889387,-0.389085177705821
0.170269115545958,0.0171125893662623,0.354154324086412,0.3621179577866,-0.153156526179695,0.00796363370018782,0.617329950096293,0.0483913561462559,-0.568938593950037
0.139034607493163,0.0940818183133068,0.352703225683364,0.38925196500753,-0.0449527891798564,0.0365487393241662,0.483192936102999,0.273410863399841,-0.209782072703159
0.117959283569472,0.058432220283439,0.334947968900912,0.236240064456863,-0.0595270632860331,-0.098707904444049,0.422153059799443,0.280617715031179,-0.141535344768264
0.126745551444873,0.0122784738876978,0.325363787652339,0.260235741891408,-0.114467077557176,-0.0651280457609315,0.476316701182164,0.0483129099816102,-0.428003791200554
0.155975411225261,0.0957702531775035,0.326158946198841,0.381419538301459,-0.0602051580477573,0.055260592102618,0.613198765558266,0.285424491202622,-0.327774274355644
0.141792432121379,0.0971117977384339,0.341211927361478,0.28763720999127,-0.0446806343829447,-0.0535747173702074,0.515211936633713,0.401606440980418,-0.113605495653296
0.209490990461204,0.198602058400388,0.357332368331873,0.432095529971149,-0.0108889320608156,0.074763161639275,0.797260719786941,0.583480619917312,-0.213780099869629
0.165539482623647,0.0524649134555107,0.322089949138341,0.287898991680176,-0.113074569168136,-0.0341909574581653,0.67188912808442,0.199894638892165,-0.471994489192255
0.145869655987304,0.155862492775032,0.355797911711525,0.480494333340366,0.00999283678772753,0.124696421628841,0.506786074265637,0.383172067154225,-0.123614007111412
0.0814223439677283,0.0312226644486098,0.298183422641599,0.374554697467733,-0.0501996795191185,0.0763712748261339,0.313980749466623,0.0869324097161037,-0.227048339750519
0.180585722307397,0.0771599468073513,0.375055868559745,0.359153011793918,-0.103425775500046,-0.0159028567658271,0.618484459236561,0.239661856589916,-0.378822602646644
0.164993788219253,0.145190883875515,0.314109383507645,0.235038235058814,-0.0198029043437385,-0.079071148448831,0.690923690499236,0.854718702626692,0.163795012127455
0.121239845803496,0.0629266512461439,0.344528877180246,0.417978232379444,-0.0583131945573522,0.0734493551991972,0.421766892638449,0.162473506199696,-0.259293386438753
0.131079941610303,0.0821865567277504,0.351248281233329,0.315395626394272,-0.0488933848825525,-0.0358526548390573,0.452350319999702,0.29768566940644,-0.154664650593261
0.165709489773368,0.10026457052284,0.271842120358011,0.306046809870615,-0.0654449192505272,0.0342046895126042,0.839658377184253,0.387650291899693,-0.45200808528456
0.180781113018874,0.101515123705339,0.324510962892262,0.355453944566099,-0.0792659893135354,0.0309429816738369,0.745581686957935,0.330550681020233,-0.415031005937703
0.125015171662677,0.14036286236162,0.317493291402354,0.313218230916308,0.0153476906989429,-0.00427506048604631,0.482540087548564,0.56538406396459,0.0828439764160263
0.092337695902358,0.059914095836155,0.379809323889941,0.344666174339161,-0.032423600066203,-0.03514314955078,0.275216447706759,0.189855948159743,-0.0853604995470163
0.133279514814325,0.16308261135508,0.355080379913117,0.409066551951949,0.0298030965407542,0.0539861720388322,0.45550113693189,0.489842068435532,0.0343409315036423
0.0933300696088958,0.0220542157492544,0.363810728675208,0.416049555210753,-0.0712758538596414,0.0522388265355457,0.292443589622056,0.0544387418842589,-0.238004847737797
0.106638576127554,0.0110021477430741,0.386541600275352,0.275968927644884,-0.0956364283844797,-0.110572672630468,0.317687957237325,0.0406727119393644,-0.27701524529796
0.162278314900169,0.141876474217769,0.33848580902837,0.346948999596809,-0.0204018406824004,0.00846319056843831,0.615144261783629,0.505200364548958,-0.109943897234671
0.149674082643801,0.111869259635751,0.353973086397097,0.298579074390191,-0.0378048230080506,-0.0553940120069062,0.526290513243208,0.454514453842995,-0.0717760594002126
0.162528583660669,0.0988291968114323,0.389256217656029,0.265565878132823,-0.0636993868492369,-0.123690339523206,0.518216447027954,0.450844338606414,-0.0673721084215397
0.111728652414901,0.146603446809402,0.342946983364002,0.360447777226834,0.0348747943945011,0.0175007938628314,0.385124279249131,0.501892381427021,0.11676810217789
0.157796984696466,0.176281220156538,0.288217836141393,0.250418904935205,0.0184842354600724,-0.0377989312061878,0.72891161675644,1.02171333171333,0.29280171495689
0.164835686466195,0.0711009165663657,0.330724342226573,0.373414876419876,-0.0937347698998295,0.0426905341933029,0.646098736521481,0.209742219398244,-0.436356517123237
0.149961998022898,0.0449883137377258,0.368483277355568,0.318790273110697,-0.104973684285172,-0.0496930042448709,0.502260499334597,0.151565104409578,-0.350695394925019
0.096887416466963,0.0591656137904916,0.338741495102711,0.323422236975437,-0.0377218026764714,-0.0153192581272739,0.331121333108862,0.200737719719862,-0.130383613389
0.0867449580187393,0.017243485309175,0.365667979744288,0.272197020538741,-0.0695014727095643,-0.093470959205547,0.267724145263117,0.0653988969342334,-0.202325248328884
0.12084906795207,0.129208741015246,0.278280698832316,0.281692742073359,0.00835967306317575,0.00341204324104272,0.543836251459636,0.581995136274206,0.0381588848145704
0.142816975899262,0.0707615630233867,0.336970514160639,0.433161453405231,-0.0720554128758755,0.0961909392445917,0.527796236394647,0.177461336399665,-0.350334899994982
0.123379342981066,0.0314529149750581,0.282962445249474,0.287824725334057,-0.0919264280060075,0.00486228008458317,0.546550971168462,0.115472426553396,-0.431078544615066
0.13186168145647,0.13299002975954,0.365383447390425,0.340502970193534,0.00112834830306999,-0.0248804771968903,0.434599556398414,0.477821978450433,0.0432224220520192
0.173733749114414,0.141803307973429,0.340424442265361,0.163718714880602,-0.0319304411409851,-0.17670572738476,0.665865022504459,1.37771485019123,0.711849827686774
0.138342173195769,0.0744513979785771,0.364219428608764,0.384026614770192,-0.0638907752171918,0.0198071861614274,0.462038862716672,0.21393896069582,-0.248099902020852
0.154725760709153,0.142230833527164,0.359302812303261,0.332045774081605,-0.012494927181989,-0.0272570382216563,0.538222835969861,0.534718639153376,-0.00350419681648462
0.112642287125617,0.0676920107746261,0.338644534610169,0.239815578511139,-0.044950276350991,-0.09882895609903,0.394626888246426,0.326132677587425,-0.0684942106590012
0.131377491209286,0.0787996054113837,0.278427108808215,0.316906016295457,-0.0525778857979024,0.038478907487242,0.602966478641596,0.282296892552344,-0.320669586089251
0.176145503320234,0.0906917144604073,0.357929140823641,0.352070217307114,-0.0854537888598262,-0.00585892351652723,0.635786865702914,0.293815404129457,-0.341971461573457
0.147748210728748,0.112690883299061,0.363748018765259,0.36933030520852,-0.0350573274296877,0.00558228644326109,0.501077014914079,0.356790822273618,-0.144286192640462
0.161964798012368,0.0818578892025945,0.328288054585016,0.461838218610198,-0.0801069088097733,0.133550164025182,0.63781303722329,0.193921950640469,-0.443891086582821
0.198773992296347,0.197177628051444,0.298309607692624,0.215422711506445,-0.00159636424490212,-0.0828868961861796,0.947087234974352,1.49753854350662,0.550451308532273
0.104760944388784,0.0330578749780887,0.326230752383549,0.343027470441824,-0.071703069410695,0.0167967180582749,0.378678302238314,0.10116743991072,-0.277510862327594
0.190010454936069,0.113708229410581,0.34786582908414,0.389372760862046,-0.0763022255254879,0.0415069317779068,0.726709627125235,0.33914216663446,-0.387567460490775
0.121054456684524,0.15035259268177,0.392921292819256,0.344090836257874,0.0292981359972461,-0.0488304565613823,0.360821156420389,0.547988131594355,0.187166975173966
0.159431168509993,0.0838932326664394,0.298415314131444,0.396922215341481,-0.075537935843554,0.0985069012100379,0.70618407034905,0.235356235514967,-0.470827834834084
0.0991145055104155,0.0647192721501591,0.34170306704923,0.317647918443856,-0.0343952333602565,-0.0240551486053736,0.336508121509056,0.225985861698701,-0.110522259810355
0.164505789818243,0.128756932954047,0.346061200670697,0.276338080440747,-0.0357488568641962,-0.0697231202299501,0.608603122410099,0.593511199846528,-0.0150919225635706
0.0916166233368731,-0.0289044014772095,0.384198529004122,0.405381771111104,-0.120521024814083,0.0211832421069819,0.269295054673188,-0.0688190692711793,-0.338114123944367
0.101664229731635,0.0745376419028078,0.337441045019442,0.272185274023891,-0.0271265878288271,-0.0652557709955513,0.351587699833789,0.315016107693907,-0.0365715921398819
0.0799030782365178,0.0266212768535885,0.335565817749683,0.374841581941961,-0.0532818013829293,0.0392757641922773,0.268854435545741,0.073602777056222,-0.195251658489519
0.115191470202154,0.0494761882064321,0.323426025868844,0.419276299935518,-0.0657152819957217,0.0958502740666733,0.427836234628878,0.125248364662933,-0.302587869965946
0.180126518281559,0.137044034849931,0.325274937434744,0.383098983010132,-0.0430824834316273,0.0578240455753878,0.739794452349903,0.430072114176192,-0.309722338173711
0.164247503477984,0.113448972446143,0.315766376824723,0.373121614447356,-0.0507985310318409,0.0573552376226332,0.682288617225655,0.355341708941902,-0.326946908283752
0.128065636705605,0.142301008344763,0.276376934056556,0.383165877513318,0.0142353716391571,0.106788943456762,0.589426246754671,0.449737139456909,-0.139689107297762
0.113270212137038,0.0874216888158263,0.32053731922881,0.468659892021439,-0.025848523321212,0.148122572792629,0.423866489495982,0.205067353721094,-0.218799135774888
0.122139481796372,0.00376290511022441,0.326627954808698,0.308845367545245,-0.118376576686148,-0.0177825872634526,0.453450939283617,0.0122583082026573,-0.44119263108096
0.132817750864808,0.058271997950926,0.33963535836031,0.413458212751261,-0.0745457529138817,0.0738228543909516,0.478546995576711,0.151353329710725,-0.327193665865986
0.109486522205576,0.07598396471993,0.337016806892565,0.394535742570377,-0.0335025574856461,0.0575189356778122,0.383850208718264,0.212386615461438,-0.171463593256826
0.174074366215405,0.0850158332893814,0.342261957919283,0.275868106999579,-0.0890585329260232,-0.066393850919704,0.662961099849572,0.360940017553766,-0.302021082295806
0.0853184323487348,0.0110393383040959,0.339685476366486,0.305641030680407,-0.0742790940446388,-0.0340444456860792,0.285527210096833,0.0367788424592017,-0.248748367637631
0.131217476295292,0.107810254834955,0.368514691125404,0.408531258520576,-0.023407221460337,0.040016567395172,0.427709228567235,0.301994343124106,-0.125714885443129
0.127781985311519,0.00835744559755358,0.300896243627564,0.337088797121145,-0.119424539713965,0.0361925534935812,0.529087656625076,0.0251029115366308,-0.503984745088445
0.159726751085897,0.160015485949125,0.393206565345066,0.380520153678666,0.000288734863227974,-0.0126864116664007,0.501126581154954,0.522749783632175,0.0216232024772203
0.140426062297898,-0.000398684878273853,0.358007331518419,0.410188506020474,-0.140824747176172,0.0521811745020549,0.480298176170708,-0.000971483069976853,-0.481269659240685
0.130790193469778,0.0106605659161252,0.282149405611437,0.407463885099502,-0.120129627553653,0.125314479488064,0.589706519897855,0.0265084781095433,-0.563198041788312
0.176222335995053,0.080344652643305,0.29261577392848,0.227139226812274,-0.0958776833517477,-0.0654765471162059,0.826188771602682,0.424362364359625,-0.401826407243057
0.168783532450403,0.08226155036085,0.349869211990234,0.310284722909826,-0.086521982089553,-0.039584489080408,0.619988312099547,0.303582626873077,-0.31640568522647
0.0487088110387011,-0.0240385552086786,0.272180414565489,0.30190591876603,-0.0727473662473797,0.0297255042005408,0.195970285658337,-0.076535267993816,-0.272505553652153
0.0944972427381614,0.0727429784660903,0.300199829904585,0.212130871139031,-0.021754264272071,-0.0880689587655545,0.369959439934147,0.409049789999045,0.0390903500648987
0.159724374196564,0.0673854819041558,0.336032088389247,0.337044363759382,-0.0923388922924086,0.00101227537013499,0.608536512618762,0.221317995862826,-0.387218516755936
0.198856928178352,0.121654325323147,0.319059432515854,0.330558377810994,-0.0772026028552051,0.0114989452951402,0.864997721900829,0.444880688368865,-0.420117033531965
0.130286243374067,0.0850836232189233,0.293301206303496,0.232913765257862,-0.045202620155144,-0.0603874410456333,0.559252124756116,0.440947617747287,-0.11830450700883
0.137461435646606,0.0926566090330128,0.331908838228502,0.38449263374213,-0.0448048266135927,0.0525837955136282,0.513090410468822,0.27250079488528,-0.240589615583542
0.117248574259057,0.0554298730408597,0.336281183847797,0.265505784974807,-0.0618187012181971,-0.0707753988729892,0.417170544741134,0.232162637609136,-0.185007907131998
0.096264225072704,0.0204266422088941,0.32186857195161,0.324103629495329,-0.0758375828638099,0.00223505754371894,0.348616555649429,0.0650535012511644,-0.283563054398264
0.106789027029058,-0.0278422420512972,0.345809159604995,0.39421684089479,-0.134631269080355,0.0484076812897949,0.361802423608796,-0.0681903459537201,-0.429992769562516
0.160850210140291,0.0452508237876801,0.346137281029419,0.234558618816069,-0.115599386352611,-0.11157866221335,0.591537647802565,0.212784603650616,-0.378753044151949
0.115452522546844,0.095998103973942,0.384907906029122,0.35659252501947,-0.0194544185729018,-0.0283153810096523,0.349789198691068,0.308929364622438,-0.0408598340686301
0.128911012272049,0.133031892084507,0.287896881766832,0.360203439810512,0.00412087981245871,0.0723065580436795,0.56481562347372,0.446756746227317,-0.118058877246403
0.115414649386288,0.128261311719086,0.313015787894038,0.341293208755507,0.012846662332798,0.0282774208614695,0.445880242764101,0.456170055103054,0.0102898123389525
0.148451462962611,0.075947092659804,0.376064332534774,0.360261990652894,-0.0725043703028073,-0.0158023418818802,0.484013408390274,0.234678643326635,-0.249334765063639
0.149883596293033,0.133255559415428,0.33079020121556,0.378525470692982,-0.0166280368776051,0.0477352694774217,0.57319365332452,0.421963345263864,-0.151230308060657
0.11724962303994,0.0326415723160699,0.300640868095692,0.457940180672794,-0.0846080507238706,0.157299312577101,0.476979243817716,0.0738809238670575,-0.403098319950658
0.138815372671931,0.0748325292395425,0.306215711221349,0.424491269120987,-0.0639828434323887,0.118275557899638,0.573536198142699,0.19278100309879,-0.380755195043909
0.164471817377214,0.104920258775804,0.381375364206135,0.278847483744761,-0.05955155860141,-0.102527880461374,0.539195195666887,0.456831629898376,-0.0823635657685109
0.203569003827451,0.0433644155632781,0.349803151369801,0.209592881404711,-0.160204588264173,-0.14021026996509,0.789530025791059,0.229857516542745,-0.559672509248314
0.126958736449748,0.150094458830281,0.398768655075145,0.430984570347713,0.0231357223805327,0.0322159152725688,0.374894389645194,0.416599769772686,0.0417053801274927
0.187470662758761,0.132658657012344,0.34630463077234,0.288399171934905,-0.0548120057464163,-0.0579054588374341,0.718318341744105,0.584046730302513,-0.134271611441592
0.171568625620764,0.110061948121563,0.350613676955213,0.324800807898081,-0.0615066774992008,-0.0258128690571324,0.631236124567047,0.403346631127439,-0.227889493439608
0.155433297744918,0.119538646658444,0.336468209789578,0.481324243436216,-0.0358946510864736,0.144856033646638,0.587174472644629,0.281913237843412,-0.305261234801217
0.146766657622152,0.0531773331497341,0.371470576496914,0.308482869237799,-0.0935893244724183,-0.0629877072591145,0.484527173132407,0.188133304347989,-0.296393868784418
0.149744043791841,0.0945052975393549,0.331222739164975,0.365971829465066,-0.055238746252486,0.0347490903000917,0.571600766884953,0.294637937561842,-0.276962829323111
0.123263735599286,0.114794328310527,0.348735184634882,0.30875715044681,-0.00846940728875911,-0.0399780341880711,0.423985198436788,0.450335460841202,0.0263502624044136
0.139799485953498,0.0944914727727767,0.328516981942687,0.371333610656047,-0.0453080131807217,0.0428166287133601,0.530427659848635,0.289771636187552,-0.240656023661083
0.0992280101683235,0.0630913138553251,0.377496468527653,0.33623257681862,-0.0361366963129983,-0.0412638917090334,0.300642164356,0.206401405183527,-0.0942407591724725
0.186570203106326,0.14574740078776,0.32216032549905,0.267063673781054,-0.0408228023185656,-0.0550966517179963,0.784471370953096,0.725885526690482,-0.0585858442626137
0.17495202394345,0.118244737628561,0.290081402980654,0.278120147702298,-0.0567072863148888,-0.0119612552783566,0.827800894517981,0.529830639173213,-0.297970255344767
0.173781234135612,0.105243605954172,0.379718312803138,0.441387232338016,-0.0685376281814402,0.0616689195348782,0.580368884666681,0.269265345758323,-0.311103538908357
0.139348980791752,0.0463016124083705,0.347719645429613,0.348959211238446,-0.0930473683833815,0.00123956580883294,0.492945415100401,0.141890113604364,-0.351055301496036
0.178598300026213,0.0724548306806642,0.333373675919941,0.420979371369348,-0.106143469345549,0.0876056954494074,0.708695240247281,0.187808685499952,-0.520886554747329
0.142860048046555,0.0219790847669237,0.31117766858589,0.228078223102851,-0.120880963279632,-0.0830994454830399,0.582640722498574,0.10116249216453,-0.481478230334045
0.167046683449052,0.0535726106305239,0.294243677573006,0.233951019743494,-0.113474072818529,-0.0602926578295121,0.764231977620873,0.257330361120235,-0.506901616500639
0.1592378527811,0.121494298126329,0.303400209855117,0.431027000639108,-0.0377435546547712,0.12762679078399,0.690195564261099,0.325608586465302,-0.364586977795797
0.152068349289549,0.144678642992016,0.363891358279097,0.41158845775394,-0.00738970629753316,0.0476970994748431,0.518761071401316,0.421216048278011,-0.0975450231233048
0.118305139050013,0.0465727140208978,0.378050001583564,0.4499654070967,-0.0717324250291151,0.0719154055131359,0.367432868567882,0.109048983689973,-0.258383884877909
0.182988920336054,0.161888419656299,0.366232467567969,0.365242714023195,-0.0211005006797557,-0.000989753544773819,0.648148225085897,0.557738638373847,-0.09040958671205
0.227930142738261,0.157987240684673,0.365336468236671,0.365391346957762,-0.0699429020535878,5.48787210917778e-05,0.866175263159092,0.540917728591342,-0.32525753456775
0.144328807903348,0.0999643232544678,0.373105184952644,0.273409679744637,-0.04436448464888,-0.0996955052080066,0.472308266250538,0.441408859593456,-0.0308994066570818
0.109152433535338,0.138322536729717,0.319180356862233,0.441108185997256,0.0291701031943791,0.121927829135023,0.407728327968721,0.36831440171241,-0.0394139262563116
0.13995512159783,0.028540402016506,0.302433074661613,0.336992772839345,-0.111414719581324,0.0345596981777329,0.5884583286838,0.0883811801562504,-0.50007714852755
0.147561210374024,0.103870295188306,0.368090266356596,0.34081300826032,-0.0436909151857179,-0.0272772580962763,0.493142885628695,0.356315859231097,-0.136827026397598
0.148538488611579,0.131106200579571,0.32348877071978,0.286852561448071,-0.0174322880320081,-0.0366362092717096,0.582770267411244,0.579409159624175,-0.00336110778706922
0.130487611151151,0.148582471742583,0.323912496878697,0.312482733301147,0.0180948605914318,-0.0114297635775497,0.496079976558063,0.608802610387039,0.112722633828976
0.157336027413315,0.190230462462257,0.345613167721283,0.36571648681727,0.0328944350489417,0.0201033190959868,0.576547554149894,0.682293919179938,0.105746365030044
0.15925676019227,0.0818261893585133,0.29798149304989,0.401380309633186,-0.0774305708337567,0.103398816583296,0.706512560775747,0.226128925833438,-0.480383634942309
0.150158813817891,0.124229176851898,0.342727438366275,0.396967027905236,-0.0259296369659933,0.0542395895389616,0.549804746877051,0.367447457222369,-0.182357289654682
0.161101672460826,0.0703716654877198,0.311269632707097,0.302756808878384,-0.0907300069731059,-0.00851282382871338,0.677933687517458,0.261670046378763,-0.416263641138696
0.137309133840077,0.068351203337857,0.298985696533164,0.338279323647387,-0.0689579305022202,0.039293627114223,0.582886124538361,0.223915953310362,-0.358970171227999
0.168570465308236,0.0945986463324648,0.357963155957979,0.284081738633867,-0.0739718189757712,-0.0738814173241119,0.601459957192096,0.395144486229771,-0.206315470962325
0.163950963212561,0.151608034162588,0.313983533022478,0.338791962262833,-0.0123429290499736,0.024808429240355,0.685671851344668,0.564389980707778,-0.12128187063689
0.1421319866423,0.026678705862713,0.334627408979112,0.33053769583124,-0.115453280779587,-0.00408971314787226,0.529203475659204,0.0840597819357631,-0.445143693723441
0.101858943329893,0.116568648965379,0.361254755130013,0.356744159758659,0.014709705635486,-0.00451059537135418,0.325724047942289,0.386464515860767,0.0607404679184782
0.108890676571453,0.107344031211998,0.358260902628743,0.281150268792547,-0.00154664535945503,-0.0771106338361965,0.355190987276,0.464923545648649,0.109732558372649
0.166348490471657,0.10038944734505,0.310959193886414,0.456020075753311,-0.0659590431266073,0.145060881866897,0.707367647198378,0.246254439856611,-0.461113207341767
0.0664144810811515,0.0617990956504367,0.36008908588109,0.35313940408395,-0.00461538543071481,-0.00694968179714006,0.20254365785099,0.191245204405133,-0.0112984534458567
0.125953955454847,0.0041479647158099,0.280259491448142,0.364118146868149,-0.121805990739037,0.0838586554200063,0.567401345028542,0.011456943677314,-0.555944401351228
0.0851815090968501,-0.0181172697359872,0.381493883046142,0.256634326411955,-0.103298778832837,-0.124859556634187,0.250175667941708,-0.0681614047239596,-0.318337072665667
0.186672035440363,0.0721293815881658,0.341386812521437,0.477382811842262,-0.114542653852197,0.135995999320825,0.727724209886853,0.163105261327033,-0.56461894855982
0.12817831355796,0.107941917809599,0.352526156290938,0.467182226933243,-0.0202363957483614,0.114656070642305,0.438497896248731,0.259920789219313,-0.178577107029418
0.123116039156033,0.0942888046252055,0.317195559118571,0.350075545632575,-0.028827234530827,0.0328799865140035,0.474235023468337,0.309098129522975,-0.165136893945362
0.108651988595908,-0.00950697511383369,0.30726786699351,0.285301974224662,-0.118158963709742,-0.0219658927688478,0.424194996678167,-0.0327734215503424,-0.456968418228509
0.130734668866463,0.0396131453278199,0.341726587159935,0.294615356020757,-0.0911215235386435,-0.0471112311391782,0.466048903037545,0.143915657517332,-0.322133245520213
0.177472460686403,0.128855635447889,0.321758480810515,0.301723916223235,-0.0486168252385141,-0.0200345645872801,0.735977093031155,0.532751836109776,-0.20322525692138
0.134763867564525,-0.000326400326349646,0.293600198336673,0.336978627253634,-0.135090267890875,0.0433784289169611,0.58249812221845,-0.000968139442512284,-0.583466261660962
0.160697765093408,0.112133921832424,0.366181025791976,0.366178703479052,-0.0485638432609834,-2.3223129246297e-06,0.550919336088209,0.358291033816269,-0.19262830227194
0.206719922426259,0.12172930896214,0.34230815575921,0.328777359678402,-0.0849906134641187,-0.0135307960808083,0.829239084113565,0.448094354062551,-0.381144730051013
0.148099793877212,0.0543004199629772,0.356701876591332,0.348621725719501,-0.0937993739142347,-0.00808015087183167,0.514661648092866,0.168542701635463,-0.346118946457403
0.0952694246557595,0.10132721448748,0.317887491432959,0.239985653466962,0.00605778983172066,-0.0779018379659973,0.349447727631079,0.525347062733704,0.175899335102625
0.144440936844272,0.155341077822813,0.356619583455812,0.416794583664263,0.0109001409785403,0.0601750002084511,0.499344566026438,0.451654827884538,-0.0476897381418999
0.119017804281478,0.0929357394540295,0.346946031147601,0.429520654169679,-0.0260820648274483,0.0825746230220773,0.409230969695079,0.24156269947745,-0.16766827021763
0.153521301374166,0.175056768987875,0.388366930233005,0.347284567237828,0.0215354676137094,-0.041082362995177,0.484829014223825,0.655450184333953,0.170621170110128
0.143992649791623,0.113569781276396,0.303596460686423,0.363506880275496,-0.0304228685152269,0.059910419589073,0.606872301041722,0.366739734236132,-0.24013256680559
0.143979936623394,0.165649203187708,0.32574681408401,0.29489992714904,0.0216692665643134,-0.0308468869349703,0.555814999167456,0.753674450482414,0.197859451314957
0.19167118368018,0.174235190010575,0.304836750159452,0.34784167345923,-0.0174359936696057,0.0430049232997775,0.875296264873957,0.650211935110778,-0.22508432976318
0.159817955914395,0.016863448207812,0.367750943645652,0.379783225291581,-0.142954507706583,0.0120322816459295,0.544317463691619,0.0454033850232836,-0.498914078668335
0.153931773978033,-0.031735933761758,0.37177717154683,0.329497000793179,-0.185667707739791,-0.0422801707536511,0.512922337972477,-0.0918232905782878,-0.604745628550765
0.123978037638615,0.0853941194936114,0.368983406371522,0.29277427505856,-0.038583918145004,-0.0762091313129624,0.399337557517073,0.338664143421828,-0.060673414095245
0.116439887877849,0.113449639748083,0.326605824241964,0.333821177420028,-0.00299024812976539,0.00721535317806377,0.428343009942045,0.404739021286916,-0.0236039886551294
0.159094330793228,0.0213207937473741,0.352658805365139,0.375580046516443,-0.137773537045854,0.0229212411513033,0.570082548052497,0.0584098521755618,-0.511672695876935
0.159969162799492,0.150247573784087,0.359767528662738,0.481811027666837,-0.0097215890154051,0.122043499004099,0.559937751072962,0.36593505673157,-0.194002694341391
0.126611422238702,0.0561424173545802,0.400833416094541,0.361779763925056,-0.0704690048841218,-0.0390536521694845,0.371452540690999,0.167872786259489,-0.20357975443151
0.152797669939614,0.0856020523115698,0.305583210075222,0.114496337117694,-0.0671956176280444,-0.191086872957529,0.648753993152921,1.11200998711095,0.463255993958025
0.152220420098914,0.1187449691692,0.370089242435622,0.40996352849193,-0.0334754509297144,0.0398742860563085,0.508788989301489,0.335956669525737,-0.172832319775751
0.185449508593655,0.14857110079369,0.310225144212814,0.300036874773717,-0.0368784077999649,-0.0101882694390975,0.818096479341136,0.640787217959936,-0.1773092613812
0.169386136210886,0.113633423683901,0.321734117977026,0.316021138041666,-0.055752712526986,-0.00571297993535996,0.692960252813376,0.432720936499626,-0.26023931631375
0.178765888764684,0.0888655357462114,0.330549483730061,0.308513291034084,-0.0899003530184726,-0.0220361926959765,0.71740478140152,0.333816567229179,-0.383588214172341
0.137237155362097,0.110593975679353,0.343674273846097,0.295828918958335,-0.0266431796827441,-0.0478453548877612,0.490815565628684,0.453310953303679,-0.0375046123250049
0.104530952971417,0.0142087435632997,0.350316676627564,0.442076963360103,-0.0903222094081171,0.0917602867325396,0.347687128915325,0.0326629787978678,-0.315024150117457
0.212076535678791,0.153781359243642,0.33374325587853,0.263885068089137,-0.0582951764351491,-0.0698581877893925,0.887868006490986,0.790972649056065,-0.0968953574349207
0.107429566174442,0.102211607929832,0.367758190496699,0.437312998091661,-0.0052179582446103,0.0695548075949617,0.339263878299487,0.263298850312643,-0.075965027986844
0.117756699633635,0.0628850821942806,0.317675400574932,0.218693296537681,-0.0548716174393548,-0.0989821040372512,0.448722975889485,0.333156180184907,-0.115566795704578
0.141413457882559,0.120459473464433,0.343469729999629,0.437863393420964,-0.020953984418126,0.0943936634213347,0.50941218417032,0.316672119187695,-0.192740064982625
0.147906098225675,0.136617747347037,0.360470933135486,0.270343383927974,-0.0112883508786381,-0.0901275492075123,0.507290280005348,0.657563839570805,0.150273559565458
0.140278373439144,0.113015994404048,0.393324314077514,0.33816569783899,-0.0272623790350959,-0.0551586162385241,0.428533095637026,0.396826685848129,-0.0317064097888968
0.157881821390494,0.0698189832807709,0.32591126697202,0.394383237485237,-0.088062838109723,0.0684719705132172,0.623252612425093,0.193670894017673,-0.42958171840742
0.127146948492675,0.171902556734144,0.298101610243102,0.276969606601192,0.0447556082414691,-0.0211320036419101,0.531920503690598,0.860145941510817,0.328225437820219
0.135982143483035,0.131397895953178,0.334130272064313,0.380770050530914,-0.00458424752985712,0.0466397784666009,0.502264192643642,0.412109436082387,-0.0901547565612557
0.187945764791734,0.119028158991409,0.325950599312636,0.293339235101876,-0.0689176058003248,-0.0326113642107602,0.779990678865921,0.500456883595203,-0.279533795270718
0.147605758645478,0.0579266223809822,0.340757346875077,0.381347216154383,-0.0896791362644957,0.0405898692793057,0.542137903492451,0.164043765934407,-0.378094137558044
0.146702288066345,0.153070809225551,0.348690883445104,0.419531521291021,0.00636852115920553,0.0708406378459177,0.52306239071981,0.440314198598426,-0.082748192121384
0.16718445223738,0.139237009209403,0.378932468311411,0.311947561196434,-0.0279474430279768,-0.0669849071149774,0.554569317783485,0.562594349389898,0.00802503160641255
0.137884312706125,0.081503034410395,0.354998562719634,0.294547509203136,-0.05638127829573,-0.0604510535164979,0.474631439737115,0.318778464758506,-0.155852974978609
0.0845974432765927,0.0247045901152369,0.371360631657233,0.348969925174525,-0.0598928531613558,-0.0223907064827077,0.255839176929929,0.0733589012962617,-0.182480275633667
0.126072524450009,0.0890837822373465,0.324263582449385,0.372620311640556,-0.0369887422126626,0.0483567291911712,0.475204218968521,0.27007236117851,-0.205131857790011
0.121479553091537,0.133642403242654,0.339364899066373,0.36276851110221,0.012162850151117,0.0234036120358376,0.430410484438263,0.445414050046844,0.015003565608581
0.129541634078082,0.0434342583427195,0.337063344071961,0.401650658232756,-0.0861073757353625,0.0645873141607956,0.468621639819133,0.114203046565955,-0.354418593253178
0.112941331773991,-0.0136327592241029,0.370839655561814,0.365069727507786,-0.126574090998094,-0.00576992805402793,0.356022391640118,-0.0366542443606676,-0.392676636000785
0.105949451688506,0.033971426700493,0.310446520397434,0.278403350055371,-0.0719780249880126,-0.0320431703420622,0.406748267593008,0.129779334531206,-0.276968933061801
0.159103869646772,0.132517509692581,0.388126390298397,0.334284013703395,-0.0265863599541913,-0.0538423765950023,0.506709277658497,0.486496364049408,-0.0202129136090889
0.137995943638528,0.0502907212778943,0.308250641489682,0.381522552100432,-0.0877052223606332,0.0732719106107496,0.564669271449149,0.140898208835957,-0.423771062613192
0.123301064030854,0.127247948853087,0.383308727383044,0.439723275771518,0.0039468848222332,0.0564145483884742,0.379437210928282,0.335601672635228,-0.043835538293054
0.0582080730461494,-0.0196120815035434,0.36794788776489,0.37645171574323,-0.0778201545496928,0.0085038279783396,0.171396367456663,-0.0507634064092444,-0.222159773865907
0.141648079441497,0.0465258788287981,0.377199184593844,0.336204354574735,-0.0951222006126989,-0.040994830019109,0.455756858239599,0.148418423090248,-0.307338435149351
0.0948598695710678,0.0303419168861422,0.348685242103364,0.269785939220253,-0.0645179526849256,-0.0788993028831109,0.312652818486086,0.119034920236191,-0.193617898249895
0.145942311139969,0.12643954926601,0.339824045795845,0.428631661272787,-0.0195027618739592,0.0888076154769417,0.536434303904264,0.343105079710041,-0.193329224194223
0.13439615567598,0.127058898892179,0.359430849966913,0.344393930900829,-0.00733725678380057,-0.0150369190660838,0.453411863896783,0.446193278873516,-0.00721858502326644
0.137183388812281,-0.00220437768126083,0.325367212960866,0.246646027626726,-0.139387766493542,-0.0787211853341406,0.524438804203818,-0.0088975941169781,-0.533336398320796
0.122705019043824,0.0672292596965349,0.31986752500898,0.347375112049245,-0.0554757593472889,0.0275075870402645,0.467575902754306,0.213531920160431,-0.254043982593875
0.174224124953882,0.160713878855945,0.327695900012511,0.402631269733289,-0.0135102460979373,0.0749353697207774,0.701761747528332,0.490570540742613,-0.211191206785719
0.14456877865677,0.102451808772635,0.340681589756543,0.385292050880938,-0.0421169698841349,0.0446104611243942,0.528598958979112,0.304613572948053,-0.223985386031059
0.158316258414373,0.138100744402899,0.333054514913729,0.379111971476527,-0.0202155140114741,0.0460574565627983,0.60857127988671,0.43946899258167,-0.16910228730504
0.191320703132079,0.202962209014795,0.378715110672115,0.373781853709584,0.0116415058827165,-0.00493325696253039,0.657289946624338,0.721156453493597,0.0638665068692594
0.137596291159736,0.0102056745021611,0.333530783758433,0.212375044467817,-0.127390616657575,-0.121155739290616,0.510656768387431,0.0492283204905792,-0.461428447896851
0.0831081919460002,0.0478690011251637,0.2785614711202,0.218722050059773,-0.0352391908208365,-0.0598394210604267,0.347630363243525,0.24465412880036,-0.102976234443166
0.195392626800626,0.145882725909239,0.382817303896683,0.462609428227479,-0.0495099008913865,0.0797921243307962,0.665969085391095,0.370735556562682,-0.295233528828412
0.128358362630318,0.142605358769574,0.347933491844585,0.45974056768094,0.0142469961392557,0.111807075836355,0.446166663254667,0.363679538754863,-0.082487124499804
0.060318742820191,0.0852724364143632,0.290615522734154,0.370171841477282,0.0249536935941722,0.0795563187431277,0.230665562490104,0.259052000498221,0.0283864380081174
0.183203564312969,0.0876723021210765,0.349164792265515,0.377830461016793,-0.0955312621918925,0.0286656687512784,0.689936288318417,0.261171916847265,-0.428764371471152
0.165605988320182,0.168465432620288,0.330812881348026,0.37851050207062,0.00285944430010607,0.047697620722595,0.649716085938146,0.560606704750459,-0.0891093811876866
0.115618675101053,0.159674875430578,0.336870800918747,0.239728687402522,0.0440562003295246,-0.0971421135162254,0.409469938054603,0.946562403397581,0.537092465342978
0.16392888761563,0.0825116627943109,0.312522375124611,0.312836763376967,-0.0814172248213193,0.000314388252356024,0.689672770836932,0.301806726634466,-0.387866044202466
0.145619967415912,0.0720432214339678,0.338495227196208,0.275999509595962,-0.0735767459819447,-0.0624957176002456,0.537561920073959,0.298262235638722,-0.239299684435237
0.137749328894419,0.0647288391509352,0.384279367516826,0.445058990013995,-0.0730204897434839,0.0607796224971692,0.431125822465771,0.156546935408003,-0.274578887057767
0.167663165094,0.114622705485829,0.35464305386853,0.296768614935105,-0.0530404596081715,-0.0578744389334249,0.604425844974404,0.471431802128158,-0.132994042846246
0.122629871244974,0.100720573428157,0.316628473461065,0.323861774434071,-0.0219092978168165,0.00723330097300673,0.472996758926409,0.364787373633664,-0.108209385292745
0.229598084924747,0.136125379067427,0.301912541828073,0.208412696519236,-0.0934727058573207,-0.0934998453088365,1.13930025394006,0.921590070972107,-0.217710182967955
0.0983952303757003,0.00863104803701485,0.370780728675432,0.312501011207385,-0.0897641823386854,-0.0582797174680461,0.303917373044911,0.0280042120467026,-0.275913160998209
0.145587078973748,0.0413786036015914,0.269164382990992,0.223115388359587,-0.104208475372156,-0.0460489946314052,0.71752684927955,0.203770017557361,-0.51375683172219
0.144536649205657,0.116140035521819,0.404125055922022,0.318049247432048,-0.0283966136838372,-0.0860758084899732,0.429969726299967,0.44074981942416,0.0107800931241926
0.151708362711863,0.137823566003865,0.324038445130212,0.300859589198231,-0.0138847967079977,-0.0231788559319805,0.597085066343296,0.581065988781532,-0.0160190775617632
0.179285145980456,0.0777670487371576,0.334204623255064,0.418960683222528,-0.101518097243298,0.084756059967464,0.709931342444986,0.203963421746112,-0.505967920698874
0.132790241938928,0.143390300053066,0.291037375541543,0.352586170197825,0.0106000581141382,0.0615487946562815,0.578168904128727,0.501825815035108,-0.0763430890936192
0.0632265502525327,0.0113245055250385,0.397020293811363,0.405003683357806,-0.0519020447274941,0.00798338954644306,0.172634223601058,0.0283560793374538,-0.144278144263604
0.126469725398449,0.065960283190884,0.33171240672508,0.355891147338041,-0.0605094422075649,0.0241787406129608,0.464132877984562,0.203625635430811,-0.260507242553751
0.130564110814526,-0.0405436463170506,0.397072908924261,0.498169865416614,-0.171107757131577,0.101096956492353,0.389322844759624,-0.078161454697866,-0.46748429945749
0.150050136907523,0.063655576153624,0.355248815382726,0.365386979308092,-0.0863945607538993,0.0101381639253662,0.525588748993228,0.19031042439512,-0.335278324598108
0.106272227932809,-0.0207293346627788,0.323894131128471,0.349261414872381,-0.127001562595588,0.0253672837439102,0.38833878630365,-0.0576249274336371,-0.445963713737287
0.173562495569566,0.116058095929257,0.329174639928797,0.313716069275525,-0.0575043996403093,-0.0154585706532719,0.69429325609245,0.447656858867148,-0.246636397225303
0.117910636691901,0.042493789751214,0.291814324490518,0.174909930924627,-0.0754168469406875,-0.116904393565891,0.497894540305987,0.275000659201663,-0.222893881104323
0.130541231697427,-0.0341098996193156,0.351776370734313,0.263633123181097,-0.164651131316743,-0.0881432475532156,0.449315723446766,-0.121363467697136,-0.570679191143902
0.156011457017701,0.156554646857649,0.325137546228466,0.4377770140916,0.000543189839947195,0.112639467863134,0.615803212415776,0.429911796118629,-0.185891416297148
0.181094449710321,0.115460739454875,0.363153848353064,0.449875207760568,-0.0656337102554461,0.0867213594075038,0.646532287332892,0.29259340840684,-0.353938878926053
0.124830477629774,0.0100839545176252,0.290734320728708,0.349990852941476,-0.114746523112148,0.0592565322127683,0.536278166272067,0.0292311339598019,-0.507047032312265
0.144234180312952,0.0899795416946493,0.29923048651868,0.360856205836023,-0.0542546386183027,0.0616257193173435,0.619337307809803,0.283191237668869,-0.336146070140934
0.0894534061005156,0.11581855797029,0.357342135477124,0.421399089955514,0.0263651518697744,0.0640569544783902,0.284449032854762,0.31632389547332,0.0318748626185577
0.165220638997438,0.123758772611474,0.36977907988941,0.379817155986564,-0.0414618663859636,0.0100380760971535,0.563315753958451,0.385190622039415,-0.178125131919035
0.0868377848825952,0.0926719410330163,0.386118673331312,0.276637522109586,0.00583415615042115,-0.109481151221727,0.252196501867483,0.397932154012184,0.145735652144701
0.178230102341953,0.183228968671778,0.351709902431402,0.349718828116299,0.00499886632982488,-0.00199107431510348,0.659893019117114,0.688654805838832,0.0287617867217185
0.124182537488359,0.103632284567601,0.350843730227651,0.337094735306698,-0.0205502529207581,-0.0137489949209522,0.424689632190923,0.359922585062802,-0.0647670471281208
0.147763027598451,0.0114903747329417,0.37747699372067,0.304751584858305,-0.13627265286551,-0.0727254088623647,0.479122630944786,0.0384238854132728,-0.440698745531513
0.132056188831395,0.044499861835014,0.347513461721883,0.298558928846377,-0.0875563269963812,-0.0489545328755057,0.462289106051159,0.160729677157813,-0.301559428893346
0.142648589033586,0.0695064481684542,0.320990083608776,0.242929530738948,-0.0731421408651322,-0.0780605528698281,0.559557077666732,0.33124918650544,-0.228307891161293
0.0993212710705346,0.0298553591512445,0.362709260727451,0.301096239941805,-0.0694659119192901,-0.0616130207856461,0.314993389001726,0.104238035308267,-0.210755353693459
0.120088749913632,0.0564792093613924,0.375042840793889,0.263824111547672,-0.0636095405522391,-0.111218729246218,0.377403336028518,0.238720544524613,-0.138682791503905
0.174665147113055,0.108944146801454,0.333805619412195,0.323723508664601,-0.0657210003116015,-0.010082110747594,0.687509991284222,0.400087247886507,-0.287422743397715
0.149170974379534,0.0574498215801905,0.303632385187785,0.243394955164519,-0.091721152799343,-0.0602374300232665,0.634420143801827,0.266219112617237,-0.368201031184589
0.115236972863024,0.0344587132725635,0.350721689994201,0.39324019957351,-0.0807782595904601,0.0425185095793087,0.388981840519036,0.0915815923276022,-0.297400248191434
0.144335732557117,0.124968478861871,0.350742670237965,0.444837842413176,-0.0193672536952466,0.0940951721752109,0.509101753058745,0.3243614426114,-0.184740310447345
0.168174005953587,0.0731185764032894,0.3627650455718,0.422048186778288,-0.0950554295502976,0.0592831412064878,0.589769972235701,0.189159774906333,-0.400610197329368
0.16128782463522,0.151310612045426,0.3597575364451,0.337338913862462,-0.00997721258979414,-0.022418622582638,0.56568540334719,0.566026978287989,0.000341574940798672
0.167984960963074,0.128043223117047,0.338717648437605,0.383874898375102,-0.0399417378460271,0.0451572499374966,0.64204748193398,0.395921206995768,-0.246126274938212
0.148827906063287,0.0641827222508809,0.366792152710689,0.252860279578389,-0.0846451838124066,-0.113931873132301,0.500435539593773,0.288948572885664,-0.211486966708109
0.101740827825606,0.017191706020408,0.360538887515859,0.400996824128787,-0.0845491218051979,0.0404579366129272,0.326031962826108,0.0438047223248528,-0.282227240501255
0.179358749617917,0.15050123517498,0.338758818380674,0.32253688294425,-0.028857514442936,-0.0162219354364243,0.698012654863974,0.594590768212445,-0.10342188665153
0.197856902635785,0.197882989362477,0.396328699765429,0.360900654509922,2.60867266921594e-05,-0.035428045255507,0.647442790847507,0.730314554775827,0.0828717639283194
0.127570800634516,0.0703925682763156,0.341937885481859,0.375927613922096,-0.0571782323582001,0.0339897284402365,0.452203120224247,0.205929122737547,-0.2462739974867
0.178063324051998,0.170380792031561,0.38695392830624,0.38461131249155,-0.0076825320204372,-0.00234261581469081,0.584338120498749,0.557364157377784,-0.0269739631209647
0.145124694398614,0.152421250727863,0.343104712676156,0.270123695125511,0.00729655632924958,-0.072981017550645,0.526496037673242,0.758154438233749,0.231658400560506
0.16499958196489,0.140116481742624,0.370051905591504,0.433745291388733,-0.0248831002222658,0.0636933857972287,0.561867569788023,0.381318700801265,-0.180548868986758
0.152827454213453,0.0942610502554002,0.356672874404219,0.379849132033823,-0.0585664039580526,0.0231762576296037,0.534923790204448,0.281657186760651,-0.253266603443797
0.146726701770701,0.0961391208477914,0.349736694584207,0.422470612160123,-0.0505875809229099,0.0727339175759164,0.521253649632758,0.255537846469159,-0.265715803163599
0.180735832861654,0.156256349962898,0.32295514597835,0.312951011781041,-0.0244794828987558,-0.0100041341973089,0.750027280038245,0.64756709468262,-0.102460185355624
0.174083923132975,0.130063659948637,0.274265062406313,0.29542395106178,-0.044020263184338,0.0211588886554668,0.886510376085938,0.553112611209146,-0.333397764876792
0.191402909535113,0.186045782178464,0.327945243342978,0.360807351551786,-0.00535712735664892,0.032862108208808,0.792556637355407,0.674705700368532,-0.117850936986875
0.211799478906584,0.10155821386158,0.313558579439335,0.345396241034085,-0.110241265045004,0.0318376615947493,0.96495669734467,0.341829430013768,-0.623127267330902
0.173948325723535,0.109671944108524,0.377376882723852,0.314885488402885,-0.0642763816150105,-0.0624913943209668,0.585564661634158,0.4166451642215,-0.168919497412658
0.139088641802486,0.0595578085904866,0.284549310520273,0.276152734576061,-0.0795308332119999,-0.00839657594421173,0.630363994378225,0.240692650619528,-0.389671343758697
0.118780510852879,0.12275457484142,0.329350840015186,0.352989056251687,0.00397406398854137,0.0236382162365004,0.434261949410116,0.4158887873175,-0.018373162092616
0.11171503725524,0.0365989239564772,0.330123150043512,0.30759774343906,-0.075116113298763,-0.0225254066044518,0.402707264417646,0.126350849435578,-0.276356414982068
0.13877824734329,0.104267374033308,0.317534458826269,0.298446003623452,-0.0345108733099816,-0.0190884552028168,0.548132565757225,0.418170461582426,-0.129962104174799
0.135555971363048,0.123634730008873,0.311768363680605,0.329745774990252,-0.011921241354175,0.0179774113096476,0.544649572972624,0.454903452101655,-0.0897461208709689
0.191089599451842,0.149956635037001,0.364624571724581,0.458646423962148,-0.0411329644148406,0.0940218522375668,0.688891158635168,0.38673875048136,-0.302152408153808
0.127612438255824,0.10326365161078,0.332048421936447,0.36498873694308,-0.0243487866450443,0.0329403150066328,0.468613504429354,0.327002772102638,-0.141610732326716
0.184607218042914,0.239764017349606,0.329214397601079,0.456572451303108,0.0551567993066919,0.127358053702029,0.751987298800366,0.690693900866758,-0.0612933979336072
0.153714206282466,0.0466663624822304,0.337079428808608,0.297337938199899,-0.107047843800235,-0.0397414906087091,0.577778366868183,0.169933861907744,-0.407844504960439
0.120572884243483,0.149572491130596,0.322537590565677,0.320740231869533,0.0289996068871132,-0.00179735869614317,0.453284017795131,0.594141419798511,0.140857402003379
0.119295310516971,0.0267231254286829,0.30853843369752,0.338351850055795,-0.0925721850882881,0.0298134163582753,0.47203605846349,0.0821829862418075,-0.389853072221683
0.158821888621491,0.0671793028310702,0.433669313135704,0.423921361860071,-0.091642585790421,-0.00974795127563283,0.442284190305065,0.171718111675059,-0.270566078630005
0.174213351776157,0.0945806480817028,0.328351483491276,0.257924735563122,-0.0796327036944539,-0.070426747928154,0.699900485189059,0.44296299290275,-0.256937492286309
0.151994260315124,0.0946646269017193,0.270557147452906,0.243700261408077,-0.0573296334134051,-0.0268568860448282,0.75379578964754,0.474688771199421,-0.279107018448119
0.175766582031773,0.175275994287887,0.287484951279986,0.396064870700993,-0.000490587743886162,0.108579919421008,0.842998798727175,0.556661792648513,-0.286337006078661
0.166486794617484,0.055047863467198,0.363004271285961,0.438596816165212,-0.111438931150286,0.075592544879251,0.581914640023317,0.133725412940771,-0.448189227082546
0.130579996358145,0.0310058006640645,0.307438301133611,0.281798117054402,-0.0995741956940802,-0.0256401840792093,0.529186074600579,0.116309791910132,-0.412876282690446
0.151788696649347,0.107267961209656,0.385919767354759,0.373843448726545,-0.0445207354396916,-0.0120763186282137,0.481887656820728,0.332334726419614,-0.149552930401114
0.181597687490796,0.123865580511896,0.344718731527532,0.315447692268266,-0.0577321069789002,-0.0292710392592664,0.693503725348325,0.480923664029196,-0.212580061319129
0.149231411003471,0.0866282716507453,0.325754523151406,0.36532415182637,-0.0626031393527259,0.0395696286749639,0.581082943692187,0.267602271715844,-0.313480671976343
0.216043770039493,0.11121601517211,0.341015756859154,0.423341854954326,-0.104827754867383,0.0823260980951724,0.884250574989307,0.300449154390374,-0.583801420598933
0.149755582288653,0.105389396312246,0.412577127251982,0.41663105490003,-0.044366185976407,0.00405392764804768,0.437601310913021,0.287826831265598,-0.149774479647422
0.115219195103122,-0.000753539889047417,0.332333732755163,0.364349056843922,-0.115972734992169,0.0320153240887596,0.414388470929932,-0.00206604404015631,-0.416454514970089
0.195426781143285,0.142723530921431,0.337450397870186,0.364120886151396,-0.0527032502218539,0.02667048828121,0.784480664133555,0.479889522676108,-0.304591141457447
0.195271156099813,0.131292582708211,0.352180748726162,0.397725350477119,-0.0639785733916028,0.0455446017509569,0.741005623844001,0.391119280021624,-0.349886343822377
0.137976452378489,-0.054092044523731,0.298359716963165,0.286413296965462,-0.19206849690222,-0.0119464199977036,0.587959731098067,-0.172097679656828,-0.760057410754895
0.132573499947738,0.0684035152737596,0.360521502812972,0.311502917933541,-0.0641699846739785,-0.049018584879431,0.444447688125794,0.245568301103893,-0.198879387021901
0.142803290277319,0.0256042356060646,0.360387643447094,0.360743316220986,-0.117199054671254,0.000355672773891702,0.486239538695966,0.0735558113727739,-0.412683727323192
0.158363914126595,0.0390625026334422,0.278317458166283,0.339478358329363,-0.119301411493153,0.0611609001630805,0.76650779521528,0.121947767402334,-0.644560027812946
0.153606434991647,0.114773538868433,0.359688189523181,0.378642115050946,-0.0388328961232144,0.0189539255277654,0.532736087289098,0.354075302315834,-0.178660784973264
0.128848474932983,0.0279112066621669,0.323683718408746,0.186202634325934,-0.100937268270816,-0.137481084082812,0.488946859506491,0.161714519973807,-0.327232339532684
0.203290351792664,0.0942228718555024,0.334631370885346,0.357514851060111,-0.109067479937162,0.0228834801747649,0.835845908901959,0.30154176195071,-0.534304146951248
0.0783814112475327,-0.00597744778705561,0.287068774915706,0.282119153565121,-0.0843588590345883,-0.00494962135058508,0.313953501933839,-0.0209647891151309,-0.33491829104897
0.164285537144942,0.058961891449529,0.352040330075654,0.27121365226669,-0.105323645695413,-0.0808266778089644,0.594669983704671,0.242841338274884,-0.351828645429787
0.144990119143775,0.0493308940511861,0.299632288990782,0.475413512683588,-0.0956592250925892,0.175781223692806,0.622378864533593,0.109338821529171,-0.513040043004421
0.130067453680341,0.0680981016749328,0.348810689001666,0.258029826955835,-0.061969352005408,-0.0907808620458312,0.451922271102922,0.302018326932189,-0.149903944170734
0.161651838886547,0.105470470564025,0.376843390902892,0.373461044188777,-0.0561813683225215,-0.00338234671411575,0.535664080901177,0.326327149250412,-0.209336931650766
0.132403320086841,0.0559359126834851,0.342378968713301,0.408837080155045,-0.076467407403356,0.0664581114417436,0.472137892371547,0.146618438086005,-0.325519454285542
0.153133216222826,0.0337282384809102,0.350698435146899,0.397973663165284,-0.119404977741915,0.0472752280183854,0.547517637538867,0.0884448408453957,-0.459072796693471
0.117720725135067,0.0502631160328907,0.375308041912126,0.311818251348287,-0.0674576091021763,-0.0634897905638392,0.368430244150228,0.174912445832116,-0.193517798318112
0.136191465949616,0.00946045041461308,0.318307173857368,0.358995820862861,-0.126731015535003,0.0406886470054933,0.533974001657709,0.026702834738622,-0.507271166919087
0.133061346444816,0.0509391500076357,0.321998908271373,0.399682922075747,-0.0821221964371802,0.0776840138043748,0.511700832729915,0.135926824422525,-0.37577400830739
0.168389460463009,0.0716631416451267,0.337917646659462,0.39018153162463,-0.0967263188178824,0.0522638849651683,0.645945652766003,0.201614603037448,-0.444331049728556
0.157214613625048,0.130961131385098,0.299249553535744,0.370150630735378,-0.0262534822399501,0.0709010771996344,0.691072429232984,0.424477338114713,-0.266595091118271
0.14227351356139,0.0883876595343552,0.331579570590465,0.372451366894141,-0.0538858540270349,0.0408717963036757,0.53584089280378,0.267838257602626,-0.268002635201154
0.136415133319272,0.0492515360719421,0.335018377214974,0.287866647902361,-0.0871635972473301,-0.0471517293126129,0.502585086821555,0.186599315758443,-0.315985771063113
0.19497410726531,0.0750572112262741,0.354569253636942,0.273630402146393,-0.119916896039036,-0.0809388514905486,0.733062470148656,0.315611310202813,-0.417451159945843
0.163152987510617,0.106860417319926,0.323006310057706,0.356940699812751,-0.056292570190691,0.0339343897550449,0.657164054886602,0.349020304904555,-0.308143749982048
0.161343603660816,0.0679949214530805,0.31302362487436,0.30600313310081,-0.0933486822077359,-0.0070204917735503,0.674368145567136,0.248825301354626,-0.425542844212509
0.194323298792883,0.159401160107403,0.406161394507055,0.403074105821964,-0.0349221386854796,-0.00308728868509073,0.61355307162186,0.485072596273516,-0.128480475348344
0.128434553322438,0.108044763390306,0.286602065988561,0.31730850813984,-0.0203897899321327,0.0307064421512792,0.565379830729349,0.405655628428826,-0.159724202300523
0.0542212402879659,-0.0351101661725318,0.341789729729094,0.396170968608461,-0.0893314064604977,0.054381238879367,0.171915012571705,-0.0848101724841231,-0.256725185055828
0.0794563602949917,0.0270550944679927,0.276770647589197,0.243225438300175,-0.052401265826999,-0.0335452092890221,0.332535832244685,0.117657124994697,-0.214878707249989
0.182011142334128,0.152399157091647,0.358217640855935,0.355292152709803,-0.0296119852424804,-0.0029254881461323,0.662133667458298,0.535629503792065,-0.126504163666233
0.177527000870261,0.117762866883247,0.303089631141299,0.371349912264048,-0.0597641339870134,0.0682602811227481,0.796291798706397,0.373168757280668,-0.423123041425729
0.119439017155279,0.0275027223312063,0.325478257007869,0.27316144352136,-0.0919362948240722,-0.0523168134865096,0.443346906941592,0.105926042922615,-0.337420864018977
0.141768424790704,0.081805267254379,0.35287852435102,0.355979065380592,-0.0599631575363246,0.00310054102957147,0.494435464332132,0.258352832806406,-0.236082631525726
0.210728494114905,0.144491365938396,0.333978483230273,0.337818972051133,-0.066237128176509,0.00384048882086013,0.87942199991904,0.533754004769431,-0.345667995149609
0.114417049893691,0.0335795672617374,0.297586887546987,0.340948606111123,-0.0808374826319536,0.0433617185641353,0.468854483420516,0.103501877397061,-0.365352606023455
0.128133995630889,0.00787061589436729,0.324803424239627,0.172603406306765,-0.120263379736521,-0.152200017932862,0.483637821026861,0.046655061991022,-0.436982759035839
0.131552342864047,0.0808707111665318,0.337041737799367,0.403598279279156,-0.0506816316975148,0.0665565414797889,0.477445664499372,0.221859979891108,-0.255585684608264
0.122335424453678,0.0758565655281982,0.331427463543238,0.314614723313548,-0.0464788589254797,-0.0168127402296906,0.446456451242863,0.272660250086298,-0.173796201156565
0.176649640229311,0.116300355417406,0.330515519574459,0.363655639791109,-0.0603492848119042,0.0331401202166503,0.706538425307423,0.376864791791205,-0.329673633516218
0.185453676976352,0.154894173890712,0.376385309195354,0.413219858510045,-0.0305595030856402,0.0368345493146914,0.636766979630028,0.454768640481239,-0.181998339148789
0.159989102887875,0.1308159895636,0.389307441765074,0.396726420367578,-0.0291731133242756,0.00741897860250473,0.50826237718457,0.390604489734025,-0.117657887450545
0.139171802026655,0.120187685378939,0.324141880388777,0.249927486112684,-0.0189841166477161,-0.0742143942760926,0.536265672183854,0.617513714843214,0.0812480426593603
0.133772037581718,0.0823759352805765,0.388027537114082,0.421763956562931,-0.0513961023011416,0.0337364194488488,0.411635307978239,0.215691298951468,-0.195944009026771
0.134991753040333,0.0754895866326369,0.31986941484891,0.325633911739037,-0.059502166407696,0.00576449689012715,0.525041230627223,0.260897135648642,-0.264144094978581
0.133908124210576,0.211176587745762,0.376997446973688,0.357675651556511,0.0772684635351856,-0.0193217954171762,0.42646073915911,0.804734793571168,0.378274054412057
0.213308473361547,0.182998139720568,0.345762147185962,0.27647368277275,-0.0303103336409793,-0.0692884644132119,0.853216119340864,0.938473400390903,0.0852572810500389
0.0769832550388877,-0.00235962923098196,0.362305192931032,0.335388884260328,-0.0793428842698696,-0.0269163086707035,0.236743589250742,-0.00701081098716372,-0.243754400237905
0.154080574335353,0.0487009400711187,0.336295106708719,0.321802056063991,-0.105379634264234,-0.0144930506447285,0.581178933753415,0.163390036152109,-0.417788897601306
0.215213114842531,0.208331434905398,0.398903412838421,0.398862713324004,-0.00688167993713343,-4.06995144163758e-05,0.715169383283072,0.6859237583375,-0.0292456249455717
0.123786804004721,0.0951963262902699,0.323222366868382,0.222131958838864,-0.0285904777144512,-0.101090408029518,0.46664462179061,0.535041692714628,0.0683970709240171
0.195415174479266,0.115652867401635,0.333182176146437,0.349996842307369,-0.0797623070776315,0.0168146661609316,0.797706147512024,0.391579934566078,-0.406126212945946
0.0915032515501594,-0.00431277071603331,0.331244662991499,0.264307261439095,-0.0958160222661927,-0.0669374015524043,0.318165084207422,-0.0161848561861304,-0.334349940393552
0.167712444770186,0.0975977511017145,0.310957384008993,0.345859994112063,-0.070114693668471,0.03490261010307,0.714878472573977,0.326028799110562,-0.388849673463415
0.110339668445643,0.0443115643454662,0.309820405797546,0.273067182702351,-0.0660281041001764,-0.0367532230951955,0.427808483234386,0.176181869611516,-0.25162661362287
0.128203707415807,0.108576579717468,0.395696048943538,0.32106517758746,-0.0196271276983389,-0.0746308713560779,0.382640974071225,0.402387486272392,0.0197465122011669
0.170864493866502,0.0933864807428805,0.326641608191909,0.333011668656149,-0.0774780131236213,0.0063700604642401,0.68724108259211,0.323698954040385,-0.363542128551725
0.106496668034424,0.0371840953619141,0.311510790418468,0.269613272619493,-0.0693125726725104,-0.0418975177989745,0.407579442880547,0.147879598047794,-0.259699844832752
0.134748242853625,0.0962331968005785,0.348483364014754,0.487856409218814,-0.0385150460530465,0.13937304520406,0.472071390232852,0.218057303520289,-0.254014086712563
0.199879050518264,0.104974800821427,0.352994622101081,0.445469512098097,-0.0949042496968369,0.0924748899970156,0.761627735607676,0.265730971821345,-0.495896763786331
0.15550605421561,0.0509585094179645,0.351440911082801,0.296523398486755,-0.104547544797646,-0.0549175125960458,0.556564836678994,0.187503553026305,-0.369061283652689
0.15615689296324,0.0845810807304864,0.376848520635143,0.416076529329477,-0.0715758122327534,0.0392280086943336,0.513425708189973,0.225418610879308,-0.288007097310665
0.177441804560435,0.0798407209193148,0.324213005492883,0.386797928059043,-0.09760108364112,0.0625849225661596,0.728579688854184,0.229262691323679,-0.499316997530505
0.151382066520492,0.172902658391215,0.336535239600552,0.325965403240078,0.0215205918707238,-0.0105698363604744,0.568038231836344,0.699667332084347,0.131629100248003
0.134895359697367,0.152067838885065,0.343508474887502,0.407863314595475,0.0171724791876981,0.0643548397079728,0.480972226654564,0.451852312085943,-0.029119914568621
0.126974667424904,0.0352828393910276,0.315455229046107,0.332403281696448,-0.0916918280338766,0.016948052650341,0.495577593958928,0.111982744607164,-0.383594849351763
0.121479309677265,0.0933833782785788,0.324100207920065,0.534857681541572,-0.0280959313986858,0.210757473621507,0.454729852783221,0.19076363999631,-0.263966212786912
0.17162289372904,0.0792984121811282,0.34044503580989,0.351800212426824,-0.0923244815479119,0.0113551766169341,0.655517035699455,0.252833162340603,-0.402683873358852
0.12182462444287,0.0911712513296089,0.329480948410109,0.332159035768715,-0.0306533731132611,0.00267808735860603,0.44736852563515,0.315847204438224,-0.131521321196926
0.123017225067955,0.0834111039851745,0.33948656142488,0.390058357700268,-0.0396061210827802,0.0505717962753877,0.436719768287705,0.238427744657318,-0.198292023630388
0.122689008243218,0.148082837490414,0.443573678807444,0.433925322108754,0.0253938292471961,-0.00964835669869085,0.318628490654379,0.406723744886274,0.0880952542318949
0.191825249976595,0.112274713260723,0.315995569236663,0.33513343998658,-0.0795505367158721,0.0191378707499167,0.835010937546452,0.397961287174903,-0.437049650371549
0.164873870860687,0.14210997736168,0.337256956688626,0.25554739291013,-0.0227638934990073,-0.0817095637784962,0.630468211768961,0.74385866656857,0.113390454799609
0.088951062144693,-0.00168625768779317,0.376701754291465,0.406973643286311,-0.0906373198324862,0.0302718889948455,0.266340526711008,-0.00413483553294902,-0.270475362243957
0.111305737251954,0.0854398476314828,0.363697623596063,0.39008497573095,-0.0258658896204714,0.0263873521348867,0.358035568445375,0.244867139511152,-0.113168428934223
0.0823851766529596,0.0131256395143021,0.359339496759101,0.369789466211349,-0.0692595371386575,0.010449969452248,0.257679503015759,0.0361323621305587,-0.2215471408852
0.170343275816997,0.199029557986824,0.349479133386118,0.384375498976837,0.0286862821698261,0.0348963655907198,0.628111001764766,0.678330927240254,0.0502199254754889
0.128067579438068,0.0482844347998945,0.348718240726801,0.317644216411316,-0.0797831446381737,-0.0310740243154848,0.443762148758551,0.164169449885733,-0.279592698872817
0.158661551134522,0.0752189119590703,0.386746204008955,0.400555353032507,-0.0834426391754517,0.0138091490235523,0.507190331435186,0.206575956663814,-0.300614374771372
0.12252763789284,0.0499796544163929,0.278442115570487,0.298095784594703,-0.0725479834764466,0.0196536690242158,0.552780310462313,0.182538111020784,-0.370242199441529
0.201480306194767,0.115060778321655,0.310539199058943,0.33691680912708,-0.0864195278731121,0.0263776100681369,0.913258800170756,0.407071995505267,-0.506186804665489
0.103840575348326,0.0993839135302286,0.356762990388099,0.352140492865875,-0.0044566618180977,-0.00462249752222454,0.337849124810039,0.326081056511178,-0.0117680682988608
0.169005679927007,0.102271221194909,0.348409426161763,0.39748661501621,-0.0667344587320984,0.0490771888544469,0.624301383830564,0.29342631434903,-0.330875069481534
0.18890694814524,0.0867024828607669,0.383867637006014,0.449590177743939,-0.102204465284473,0.065722540737925,0.635771906688716,0.212698223478264,-0.423073683210452
0.140373098580317,0.0591891041842533,0.352827671514899,0.445322946357196,-0.0811839943960637,0.092495274842297,0.488623291470077,0.142150358667595,-0.346472932802482
0.139276692826846,0.0471623687544551,0.305289914881305,0.316038975885325,-0.0921143240723905,0.0107490610040197,0.578083675321973,0.160939505909919,-0.417144169412054
0.14458432291496,0.056385824471605,0.340879687918102,0.276311858518631,-0.0881984984433555,-0.0645678293994706,0.528291731615196,0.226378953110743,-0.301912778504453
0.193555604045151,0.0735037867823586,0.330205625355759,0.347341524254827,-0.120051817262792,0.0171358988990681,0.797086762864477,0.235676009043394,-0.561410753821083
0.169073242914441,0.0672735208973282,0.311442982567016,0.307238828558752,-0.101799722017113,-0.00420415400826357,0.72093993116647,0.244783538534287,-0.476156392632184
0.139444407549409,0.290644401588938,0.355084861864619,0.419002331688802,0.151199994039529,0.0639174698241831,0.480984800644331,1.00102229239515,0.52003749175082
0.230730728478546,0.224897292543283,0.336493629023777,0.369315457743557,-0.00583343593526317,0.0328218287197792,0.985143541001019,0.838513124955406,-0.146630416045613
0.200014682698445,0.174123824236269,0.347574795547111,0.227043666443146,-0.0258908584621764,-0.120531129103965,0.777944567511585,1.15311962373699,0.375175056225402
0.148657485104774,0.111204777724458,0.318728586022642,0.347928155577666,-0.037452707380316,0.0291995695550237,0.59425693728813,0.376604478597163,-0.217652458690967
0.164906197674365,0.188645014645338,0.346479580334223,0.387743876737356,0.023738816970973,0.0412642964031332,0.609539012875658,0.626645060403282,0.0171060475276241
0.103850185817189,-0.0224207865833608,0.357052518586779,0.388057715921565,-0.12627097240055,0.0310051973347857,0.337569406612857,-0.056139536616463,-0.39370894322932
0.117327359910971,0.121302927152789,0.333365151434918,0.330357829162741,0.00397556724181843,-0.00300732227217726,0.421835275610876,0.443667103473105,0.0218318278622298
0.127738605430266,0.119138640971133,0.319380485793068,0.329291099710277,-0.00859996445913361,0.0099106139172091,0.491761225366596,0.435916619570256,-0.0558446057963398
0.191708714640925,0.170912009162677,0.398186490856969,0.443197572645684,-0.0207967054782481,0.0450110817887144,0.61842684218598,0.470546207786667,-0.147880634399313
0.127986259070665,0.117757529959933,0.356667714912105,0.378388182375376,-0.0102287291107316,0.021720467463271,0.431666176041704,0.365073489430482,-0.0665926866112221
0.15666281105234,0.0741129837255139,0.297403139667863,0.368475283094383,-0.082549827326826,0.0710721434265195,0.693452238802196,0.222788867176709,-0.470663371625486
0.160156722049329,0.129020850753971,0.364612663514769,0.356594150285043,-0.0311358712953576,-0.00801851322972608,0.551545718733702,0.435932215791906,-0.115613502941796
0.16784638678024,0.0906473815179778,0.340784060068748,0.329547917241967,-0.0771990052622619,-0.0112361428267801,0.636451274212376,0.316617385434415,-0.319833888777961
0.152837868733141,0.162381078557128,0.340082990673187,0.291341293880804,0.00954320982398713,-0.0487416967923824,0.567392555293056,0.74605139646501,0.178658841171953
0.160656988688477,0.108994000142705,0.319557299125667,0.297304578605857,-0.0516629885457723,-0.0222527205198097,0.653259199925145,0.442831068762605,-0.21042813116254
0.182559072587775,0.139465958903845,0.330171696178645,0.2591353496515,-0.0430931136839295,-0.0710363465271449,0.738324347373233,0.712916291705568,-0.0254080556676655
0.198632544722557,0.206215287435018,0.336039094715688,0.366968316304833,0.0075827427124607,0.0309292215891457,0.805973012202821,0.754077415655079,-0.0518955965477419
0.12080476003851,0.0125104321482084,0.272827814095446,0.259811867119649,-0.108294327890301,-0.0130159469757972,0.557041509518529,0.0493300247547122,-0.507711484763817
0.134284041675813,0.135515566822934,0.300067102868207,0.295825579079013,0.00123152514712122,-0.00424152378919401,0.56441722453034,0.581055712831769,0.0166384883014288
0.0934626430254202,0.0239718673665861,0.338628971733237,0.407740123642942,-0.0694907756588341,0.0691111519097048,0.317851937987404,0.0605546484909187,-0.257297289496485
0.139959133279476,0.163471335152963,0.287979463657954,0.291739752226842,0.0235122018734861,0.0037602885688876,0.625806285027596,0.751255118514076,0.125448833486481
0.164487655238717,0.120128340943276,0.33597095213462,0.361701564212927,-0.0443593142954405,0.0257306120783068,0.631645343516325,0.393920176087746,-0.237725167428579
0.104380538676983,0.0443541992222718,0.357103039962481,0.358952999788479,-0.0600263394547115,0.00184995982599784,0.339502258471059,0.131524092756718,-0.20797816571434
0.157107211327287,0.0961015397719294,0.374359614715813,0.381373281416606,-0.0610056715553577,0.0070136667007939,0.521458219954215,0.286580764656679,-0.234877455297536
0.169092467995029,0.0520137884613409,0.377552980074348,0.400523446973902,-0.117078679533688,0.0229704668995541,0.564966177953382,0.138674114606554,-0.426292063346828
0.0923318612355374,0.0143794082626425,0.350254622342078,0.432545646928245,-0.0779524529728949,0.082291024586167,0.301625074321153,0.0338024235911849,-0.267822650729968
0.188913832909787,0.0768097351236491,0.343487823192663,0.279236432361439,-0.112104097786138,-0.0642513908312243,0.733230462995156,0.316623635267545,-0.416606827727611
0.0734124123753124,-0.0128424543609621,0.38694815963667,0.372443904683695,-0.0862548667362745,-0.0145042549529749,0.208912953223751,-0.0338938649738533,-0.242806818197604
0.0900995708335826,0.0467050620991372,0.346816945876281,0.293473529025195,-0.0433945087344454,-0.0533434168510857,0.296657746724134,0.172508816271314,-0.124148930452821
0.178450164902719,0.0784453035823308,0.333728167319734,0.285263474994478,-0.100004861320389,-0.0484646923252564,0.706965309705261,0.316520742935392,-0.39044456676987
0.169208858317848,0.104276138325327,0.336769329562652,0.342478843308064,-0.0649327199925215,0.00570951374541218,0.652761215744478,0.355912536238114,-0.296848679506365
0.180055363630533,0.200106799584722,0.327125743595393,0.354048695982324,0.0200514359541888,0.0269229523869311,0.733974839016867,0.759792135500496,0.0258172964836296
0.124126155848645,0.0505498338620734,0.325607255932321,0.34079110141646,-0.0735763219865715,0.0151838454841386,0.464061381751284,0.159896585069502,-0.304164796681782
0.145777366650165,0.149943086213683,0.316441009015367,0.391408286958438,0.00416571956351733,0.0749672779430709,0.585148128406358,0.466804361659858,-0.118343766746499
0.116941549207248,0.0905489365949984,0.32997544293725,0.376483263355462,-0.0263926126122496,0.046507820418212,0.425317653098532,0.27190085180513,-0.153416801293402
0.158400455738558,0.06377032484885,0.439031357550291,0.516478237189463,-0.0946301308897079,0.0774468796391719,0.434469812440068,0.131417719651767,-0.303052092788302
0.177918699244479,0.122243387066457,0.375880455102767,0.389554153484488,-0.0556753121780216,0.0136736983817211,0.605344736271091,0.368620531135072,-0.236724205136019
0.158608423690755,0.135887974358806,0.330787206712653,0.324801771822336,-0.0227204493319496,-0.00598543489031739,0.61524682995499,0.519485852986621,-0.0957609769683687
0.182088093723749,0.0986193103455133,0.339145497122645,0.292851315534411,-0.0834687833782353,-0.0462941815882346,0.71069989808593,0.400396716510192,-0.310303181575738
0.102967616230843,-0.00788042723887704,0.326337707098898,0.288875544746899,-0.11084804346972,-0.0374621623519986,0.370978512902655,-0.0269109326280648,-0.39788944553072
0.151488531518883,0.12117596996692,0.344525472596109,0.317532787804294,-0.0303125615519637,-0.0269926847918155,0.552244545407368,0.464651293496503,-0.0875932519108658
0.136225129358317,0.121117505626597,0.3655887803052,0.380842400985128,-0.0151076237317203,0.0152536206799279,0.451530421412126,0.374410985751841,-0.0771194356602849
0.167132150929799,0.142711791853899,0.371914053032206,0.238588253059581,-0.0244203590758997,-0.133325799972625,0.567346091333601,0.818752737009077,0.251406645675476
0.146088766411415,0.0403212183988544,0.338919434675482,0.279817560353816,-0.105767548012561,-0.0591018743216651,0.538861340595835,0.154997571690972,-0.383863768904863
0.206352199261808,0.127985850923589,0.360868037450098,0.328499005550637,-0.0783663483382189,-0.0323690318994611,0.771491360198108,0.476401977478384,-0.295089382719724
0.141331402983181,0.00487188230469002,0.350258151813617,0.303698132574319,-0.136459520678491,-0.0465600192392986,0.497064800857779,0.016171219367525,-0.480893581490254
0.107131544525276,0.0715905505254131,0.344842208634174,0.366707759565449,-0.0355409939998625,0.0218655509312753,0.364336602797698,0.215584555587069,-0.148752047210629
0.156183683810624,0.0696661067770507,0.318540669859427,0.306811887599436,-0.0865175770335734,-0.011728782259991,0.632822357287732,0.254910884484304,-0.377911472803428
0.135443468599613,0.0471439619029085,0.297361511485512,0.340468404574228,-0.0882995066967046,0.0431068930887165,0.576936742655833,0.148512870743859,-0.428423871911974
0.153551484098373,0.0645960338555157,0.347403016107415,0.306531051943702,-0.0889554502428572,-0.0408719641637128,0.555812833849363,0.23458197541172,-0.321230858437643
0.1245172850063,0.119300040021124,0.314482589983343,0.33514475269497,-0.00521724498517626,0.020662162711627,0.48578512092604,0.427558597186927,-0.0582265237391131
0.17441969978714,0.12931666574307,0.348063636866419,0.316308659962395,-0.0451030340440705,-0.0317549769040233,0.650559626209446,0.505056773231532,-0.145502852977914
0.153816894081258,0.0573505161092657,0.298398033427424,0.294864176162782,-0.0964663779719921,-0.00353385726464162,0.674434610519404,0.214701150594072,-0.459733459925332
0.163028668681251,0.108483562402576,0.367196547300851,0.326146977823224,-0.0545451062786747,-0.0410495694776268,0.558902472748787,0.394619614873417,-0.16428285787537
0.208881328763617,0.115318562437248,0.335550252232124,0.326359855918491,-0.0935627663263693,-0.00919039631363328,0.863588377852698,0.423826374654433,-0.439762003198266
0.146063976457624,0.0835247129979163,0.306752928371978,0.321577365850796,-0.0625392634597076,0.0148244374788181,0.60988321125182,0.296585703357935,-0.313297507893885
0.149704376585887,0.11702648342139,0.322100785602869,0.296371540633538,-0.0326778931644966,-0.0257292449693316,0.591655946714752,0.484182485647558,-0.107473461067194
0.13492295902071,0.0502994091339239,0.378027146674597,0.354104274379172,-0.0846235498867858,-0.0239228722954252,0.428912138882765,0.152630688337781,-0.276281450544984
0.166413695164898,0.12528633581297,0.299603109997765,0.360425799981456,-0.0411273593519281,0.0608226899836906,0.742720077078429,0.415675012953796,-0.327045064124633
0.143390895101733,0.12570148456057,0.293387644147477,0.260015506163914,-0.0176894105411632,-0.0333721379835626,0.630264230188125,0.621640703199545,-0.00862352698857993
0.167369343730656,0.0622930911560609,0.328640535446145,0.355919415539031,-0.105076252574595,0.0272788800928861,0.664089031008438,0.191270292963664,-0.472818738044774
0.11988147568011,0.0657410606846573,0.380973841896974,0.406072783408243,-0.0541404149954526,0.0250989415112697,0.36980877070133,0.175736514407596,-0.194072256293734
0.234668582377563,0.154420321846646,0.400277375941259,0.394937805979364,-0.0802482605309169,-0.00533956996189444,0.797262935941186,0.478457164655272,-0.318805771285914
0.135882460621202,0.0546956219543641,0.376081561230171,0.329162563706464,-0.0811868386668378,-0.0469189975237067,0.435209954086568,0.180769076600658,-0.25444087748591
0.150935907001999,0.108805989738905,0.305793597120291,0.320248676480873,-0.0421299172630946,0.0144550793605813,0.638182723996082,0.404602984868562,-0.23357973912752
0.118086733058682,0.0910358680921785,0.320734602159188,0.26305213073314,-0.0270508649665039,-0.0576824714260486,0.445096129057152,0.413509172809867,-0.031586956247285
0.172653475385014,0.0661897616195989,0.375215451492116,0.208899617518095,-0.106463713765415,-0.166315833974021,0.58430352963731,0.372796096862027,-0.211507432775282
0.135660858920863,0.0304435877244612,0.332057114307146,0.289673951667661,-0.105217271196402,-0.0423831626394846,0.504629610927229,0.110817297762097,-0.393812313165131
0.140075883639464,0.127127089152155,0.350285327559718,0.347062004545867,-0.0129487944873095,-0.00322332301385059,0.491661815347193,0.442380732890872,-0.0492810824563203
0.138585843377594,0.124825792832231,0.34161037567385,0.297387582079606,-0.0137600505453638,-0.0442227935942438,0.500328284763195,0.521567581027739,0.0212392962645438
0.161979779591558,0.0827314179573653,0.316626912386187,0.326311252175588,-0.0792483616341927,0.00968433978940159,0.667923295602077,0.288572852445591,-0.379350443156486
0.0990536490442847,0.120199718462228,0.319668156421427,0.312655243160321,0.0211460694179433,-0.00701291326110548,0.363239681405851,0.468803485153055,0.105563803747203
0.173447497449695,0.140334343036361,0.355173491942335,0.320354622946292,-0.0331131544133341,-0.0348188689960429,0.629618340567148,0.549696904059679,-0.0799214365074683
0.171638594652548,0.100033665597229,0.318181731077026,0.352587096768736,-0.0716049290553192,0.03440536569171,0.715038845619745,0.32805218703553,-0.386986658584215
0.153031280093366,0.106437513685096,0.348316555136084,0.326865246785887,-0.0465937664082702,-0.0214513083501966,0.551691166115185,0.384904484334213,-0.166786681780972
0.131433885678009,0.010626179771498,0.339274746307825,0.259513091411048,-0.120807705906511,-0.0797616548967776,0.473140633825722,0.0417964762341296,-0.431344157591592
0.128384403424386,0.0890477311491343,0.360618848966429,0.373777881563035,-0.0393366722752517,0.0131590325966056,0.427623752368143,0.269009946417787,-0.158613805950356
0.140476138896758,0.14164550596162,0.318155128051891,0.480587383215798,0.00116936706486176,0.162432255163907,0.555090080915105,0.342769313843219,-0.212320767071887
0.136166092852762,0.103077183413569,0.320440885831958,0.215592575586746,-0.0330889094391936,-0.104848310245212,0.529488827917579,0.613024530445282,0.0835357025277035
0.162066605266633,0.116081814224859,0.298679438447367,0.234519484528431,-0.0459847910417747,-0.0641599539189369,0.720492383823015,0.640460951033978,-0.0800314327890372
0.166447907980801,0.0968202969543306,0.34542465952071,0.252068420760969,-0.0696276110264708,-0.0933562387597413,0.619090510870731,0.468297019900214,-0.150793490970517
0.169791152392961,0.0935025869190445,0.303329420886553,0.403237307601381,-0.0762885654739165,0.0999078867148288,0.750249364362829,0.26096815347303,-0.489281210889799
0.150848094959159,0.16090046717454,0.340943523838797,0.335851909578892,0.0100523722153802,-0.00509161425990468,0.55650520824866,0.614590866234709,0.0580856579860483
0.134049341213004,0.0202657540269242,0.33267328181684,0.338072629122112,-0.113783587186079,0.00539934730527131,0.496225971829403,0.0617781165956648,-0.434447855233738
0.154412353500714,0.11426122534528,0.307780497712521,0.300068656138034,-0.0401511281554348,-0.00771184157448696,0.651520458976346,0.463430895495385,-0.188089563480961
0.0969652622877033,0.0782137742333422,0.321251717371009,0.405959313705785,-0.0187514880543611,0.084707596334776,0.352339125652539,0.212475420024061,-0.139863705628478
0.111834476284233,0.182646415092557,0.341498064741735,0.371563316056562,0.0708119388083234,0.0300652513148275,0.387470105240919,0.634867926857094,0.247397821616175
0.132859805088973,0.0373730191914006,0.354393630007143,0.327895170239829,-0.0954867858975729,-0.0264984597673139,0.454836206665822,0.120728095725743,-0.334108110940079
0.160849429102761,0.0649684077243425,0.348248781347345,0.382667280839776,-0.0958810213784184,0.0344184994924315,0.587056130242125,0.185041501664781,-0.402014628577344
0.181600403980467,0.0823754502224719,0.311034411748425,0.315531009124939,-0.0992249537579948,0.00449659737651403,0.79294501066103,0.298317596811155,-0.494627413849875
0.165028858229908,0.0848975412934443,0.307645482682201,0.340801150137314,-0.0801313169364634,0.0331556674551124,0.709883813964582,0.282885276005294,-0.426998537959289
0.157291172496661,0.0957397012132638,0.31361484503103,0.300698135136101,-0.061551471283397,-0.0129167098949288,0.651266380845566,0.374914301909199,-0.276352078936367
0.148171962707775,0.100017362537041,0.357231334746418,0.315507624231467,-0.0481546001707334,-0.0417237105149506,0.51403570721125,0.373008863036489,-0.141026844174761
0.151545273763909,0.0613983126682331,0.338504807365618,0.330116446921447,-0.0901469610956764,-0.0083883604441708,0.564693826872149,0.204410050960288,-0.360283775911861
0.199514863370688,0.0823818753319031,0.33093157226043,0.287710293427473,-0.117132988038785,-0.0432212788329567,0.827389732686347,0.331540058631836,-0.495849674054511
0.135293040302811,0.119029479761463,0.367200790855711,0.339318637421896,-0.0162635605413482,-0.0278821534338148,0.445484132622505,0.420188615174742,-0.0252955174477627
0.127499183829624,0.0485854891567284,0.310657805236073,0.408220376361205,-0.0789136946728956,0.0975625711251321,0.507445964993043,0.126389962462612,-0.381056002530431
0.101480154105333,0.0885733911027261,0.346799238870657,0.308527162778977,-0.0129067630026064,-0.0382720760916805,0.339932594842976,0.332536915362967,-0.00739567948000941
0.134563607675719,0.0705141879540448,0.276585710956202,0.344114221630186,-0.0640494197216737,0.0675285106739843,0.626640501227247,0.227420809054482,-0.399219692172766
0.146772853508411,0.0711391501218484,0.320310707522135,0.290465758847107,-0.0756337033865626,-0.0298449486750273,0.581257241701603,0.277511527202895,-0.303745714498708
0.154333962727177,0.150376105006339,0.338368853852368,0.329834980837099,-0.00395785772083743,-0.00853387301526837,0.577926447415621,0.577613322681764,-0.000313124733856807
0.11081303108727,0.129595635403092,0.351313056448614,0.413335583367754,0.0187826043158223,0.0620225269191393,0.370842225161705,0.368254884348,-0.0025873408137056
0.129285972573607,0.0933776195782676,0.326091182995643,0.279220046132595,-0.0359083529953391,-0.0468711368630477,0.486570581226993,0.397134076787393,-0.0894365044395997
0.155053222622579,0.215474845657364,0.345801242967681,0.388004307639076,0.0604216230347855,0.0422030646713941,0.565786532481815,0.742535741152178,0.176749208670363
0.177924317978304,0.111439803720429,0.373148912777412,0.35601592049225,-0.0664845142578749,-0.0171329922851615,0.610941088324202,0.36754773046099,-0.243393357863212
0.126867491861728,0.14243382259391,0.288291762247354,0.338643326130502,0.0155663307321822,0.0503515638831479,0.552810181111968,0.522876983542457,-0.029933197569511
0.108866785055768,0.0591430530774454,0.302841752667464,0.336945494095542,-0.0497237319783231,0.0341037414280776,0.432590104056444,0.191874244288679,-0.240715859767765
0.154645141085693,0.0935507523906233,0.30818753028864,0.265736326686855,-0.0610943886950697,-0.0424512036017858,0.65167362548178,0.421970409477408,-0.229703216004372
0.165658778557118,0.144201295848045,0.268800171563387,0.332068778223965,-0.0214574827090726,0.0632686066605773,0.852043650716901,0.543806765068684,-0.308236885648217
0.157116921763992,0.103818259168654,0.362628306890608,0.28359288427344,-0.0532986625953385,-0.0790354226171674,0.542296646207703,0.442073533130022,-0.100223113077681
0.152834713224554,0.0867762435743983,0.342789170591959,0.372574974782522,-0.0660584696501559,0.0297858041905626,0.5618270247241,0.262267213513332,-0.299559811210768
0.149703986659367,0.144033514363606,0.34785809746699,0.386496561605503,-0.00567047229576159,0.0386384641385127,0.537810044887966,0.451597121361668,-0.0862129235262978
0.141365507970653,0.0499026921754844,0.347329673521829,0.259540634884772,-0.0914628157951684,-0.0877890386370576,0.502314187303218,0.212001514810714,-0.290312672492505
0.11235455232187,0.00515849386297108,0.343872211948146,0.337432762574179,-0.107196058458899,-0.00643944937396673,0.38643186706045,0.0154049230064746,-0.371026944053976
0.112309861707666,-0.0781791600748996,0.297159712177367,0.34436292350153,-0.190489021782565,0.0472032113241633,0.459281866351954,-0.203099527789342,-0.662381394141296
0.172112833402212,0.134516640567738,0.371859490082274,0.386720322883546,-0.0375961928344742,0.0148608328012725,0.588585074728736,0.416005097509033,-0.172579977219703
0.166241108543036,0.183522152403062,0.336878787278406,0.256422570825888,0.0172810438600268,-0.0804562164525182,0.637997651616558,1.04562224993558,0.407624598319023
0.199187651343228,0.164129002271853,0.365065543474852,0.305782641362265,-0.0350586490713747,-0.0592829021125871,0.725680757760723,0.710439840972368,-0.0152409167883549
0.091256560596019,-0.0293274872343598,0.352679020678163,0.349965963169266,-0.120584047830379,-0.00271305750889739,0.295313110125301,-0.0803857314314266,-0.375698841556727
0.0754695724200647,0.0395129754466047,0.313643466716434,0.297027595647494,-0.03595659697346,-0.0166158710689401,0.27204033296092,0.142281937371471,-0.129758395589449
0.110005913571859,0.0934748248645525,0.332290260720484,0.361304838793547,-0.0165310887073063,0.0290145780730635,0.392434535903772,0.295264040746907,-0.0971704951568655
0.155397782460205,0.0807326829723153,0.404212083373271,0.244361060183093,-0.0746650994878901,-0.159851023190178,0.468800612624279,0.39150064571474,-0.0772999669095391
0.0919336793007758,-0.0173158151003806,0.34567118023281,0.232827744819564,-0.109249494401156,-0.112843435413246,0.304678991083471,-0.071673508670917,-0.376352499754388
0.191215507220747,0.172979982329108,0.316943947793538,0.325868842960698,-0.0182355248916388,0.00892489516715939,0.8281603182232,0.700337917348114,-0.127822400875086
0.158097753917844,0.0766490817798256,0.334879480528241,0.358197042482213,-0.0814486721380183,0.0233175619539723,0.603363223091445,0.238605070234094,-0.364758152857351
0.137037884396114,0.0346390576087936,0.344877250543434,0.34649976135562,-0.102398826787321,0.00162251081218656,0.48788051690685,0.105136093670318,-0.382744423236532
0.197279350537294,0.153562406536293,0.379979834790156,0.401032826678378,-0.0437169440010012,0.0210529918882217,0.680655232640176,0.466556738372385,-0.214098494267791
0.0997101009302409,0.13414581729591,0.345126132534985,0.348888437595873,0.0344357163656686,0.00376230506088715,0.334970453861391,0.468872174566402,0.133901720705011
0.0740880404922133,0.0813089171412238,0.288270249060085,0.396953454742315,0.00722087664901043,0.10868320568223,0.293056728564434,0.227319312883011,-0.0657374156814237
0.182632962394036,0.0661162026621277,0.307275620209747,0.323876108032333,-0.116516759731908,0.0166004878225854,0.811874660363627,0.226470354534183,-0.585404305829444
0.0908721572808382,0.00257007498358193,0.315432241981142,0.285471901076888,-0.0883020822972563,-0.0299603409042539,0.33387431437038,0.00904354801491913,-0.324830766355461
0.142153398383886,0.112917802668203,0.291259126362457,0.375024591692287,-0.0292355957156823,0.0837654653298303,0.629160814000151,0.351336895405298,-0.277823918594853
0.120058211632827,0.00918677879201472,0.352857956883634,0.354958791269289,-0.110871432840812,0.00210083438565561,0.405292068288495,0.0262190822768797,-0.379072986011615
0.131737172493747,0.104066130187338,0.329862023599131,0.313045766911094,-0.0276710423064089,-0.0168162566880362,0.490885940126631,0.394353742685198,-0.0965321974414333
0.147555793087716,0.131804319237109,0.271835422322842,0.320695591969158,-0.015751473850607,0.048860169646316,0.720840734508909,0.508317976816664,-0.212522757692245
0.137642418026377,0.0586973457938253,0.296374687826808,0.217355909149566,-0.0789450722325519,-0.0790187786772418,0.59109154742183,0.310032256137018,-0.281059291284812
0.15692318570051,0.0905354384595662,0.381184883372204,0.239109325319572,-0.0663877472409434,-0.142075558052632,0.509339459700688,0.460291636954464,-0.0490478227462245
0.0932132662041277,0.100387728047122,0.334667572795595,0.396301433484385,0.00717446184299381,0.0616338606887893,0.321179557458507,0.288284571785292,-0.0328949856732157
0.108733454819384,-0.0581259218381737,0.32848058600686,0.29858974525245,-0.166859376657558,-0.0298908407544095,0.392386839650418,-0.176892262439768,-0.569279102090186
0.206527766771808,0.112387994094039,0.283473055320436,0.32792892603336,-0.0941397726777686,0.0444558707129245,1.07209930257051,0.408775077157127,-0.663324225413381
0.115222091529799,0.109374930017543,0.294623825260963,0.362220513476643,-0.00584716151225638,0.0675966882156807,0.478579835786924,0.352502733378615,-0.126077102408309
0.151772635792861,0.0922611597287718,0.274331691729763,0.419106512808552,-0.0595114760640887,0.144774821078789,0.738886553061006,0.246248374578385,-0.492638178482621
0.0796291817496557,-0.00736551216966989,0.304188902280632,0.333464458053552,-0.0869946939193255,0.0292755557729193,0.299234745021376,-0.0218456973489556,-0.321080442370332
0.153914402726142,0.131042101044957,0.330098359722163,0.426140489934511,-0.0228723016811853,0.0960421302123485,0.594034629706128,0.360033256593826,-0.234001373112302
0.178464872614321,0.089349180555682,0.346963408220614,0.258730124882033,-0.0891156920586393,-0.0882332833385805,0.672571446800527,0.412466361374188,-0.260105085426339
0.108374222059123,-0.0290382721432842,0.367302904021103,0.319343697957013,-0.137412494202407,-0.04795920606409,0.34319900289142,-0.0869193754670244,-0.430118378358444
0.156455725778133,0.192445705991968,0.342858896183051,0.301857097960334,0.0359899802138347,-0.041001798222716,0.578266142937458,0.891819588867762,0.313553445930303
0.186852543839397,0.137246591756127,0.324577528839735,0.321063960550011,-0.0496059520832702,-0.00351356828972349,0.778338028064933,0.533379771133688,-0.244958256931246
0.149487559227418,0.0991833541094432,0.402507164103842,0.417203433797867,-0.0503042051179744,0.0146962696940252,0.449749890554331,0.268371496500748,-0.181378394053583
0.157128249205105,0.0937035177522465,0.371395257361741,0.35236000888524,-0.0634247314528587,-0.0190352484765011,0.526649615311951,0.30464528769927,-0.22200432761268
0.158628911172382,0.0714264140677,0.354899932628949,0.413343371285864,-0.0872024971046825,0.0584434386569154,0.563564255992968,0.188630309667734,-0.374933946325234
0.128538490598533,0.164514886386487,0.300202772266974,0.333194812072854,0.0359763957879534,0.0329920398058803,0.534450337332158,0.638448641293082,0.103998303960924
0.192926344989277,0.188836928215507,0.378792626106225,0.438326353010146,-0.00408941677376995,0.0595337269039212,0.66415779647456,0.538508654290555,-0.125649142184004
0.156480759122411,0.121433007461318,0.344251790915481,0.292270205586248,-0.0350477516610926,-0.0519815853292333,0.575469333326831,0.515100832463852,-0.0603685008629784
0.140821312499838,0.110337331412357,0.358480227425029,0.385455818389806,-0.0304839810874811,0.0269755909647775,0.481164606017645,0.331427354200776,-0.149737251816869
0.148696888380658,0.0645615202698178,0.343610065489955,0.258763811247593,-0.0841353681108404,-0.0848462542423619,0.541489151339922,0.283383313315649,-0.258105838024273
0.167731903974276,0.110798600896755,0.350898213124037,0.443159433237143,-0.0569333030775205,0.0922612201131055,0.612857241313716,0.28405074801188,-0.328806493301836
0.124096769627395,0.0955821953573055,0.289611905613153,0.350005781516169,-0.0285145742700897,0.0603938759030156,0.534943126561403,0.31401518420546,-0.220927942355944
0.178790128043144,0.0772139280690085,0.404338810538223,0.314058994898603,-0.101576199974136,-0.0902798156396197,0.556094245364326,0.278718030338098,-0.277376215026228
0.164831195918695,0.0364867326398615,0.288206767894183,0.326100204487187,-0.128344463278834,0.0378934365930034,0.771665270113399,0.118387707259436,-0.653277562853963
0.181543387831535,0.112145741205891,0.282761630160016,0.41709929521837,-0.0693976466256449,0.134337665058354,0.900347673175742,0.308485822821674,-0.591861850354068
0.153285761604808,0.0655674060761039,0.356435308749645,0.341124711583737,-0.0877183555287044,-0.0153105971659084,0.53733765368412,0.211924373697491,-0.325413279986629
0.0863302388917987,0.0129486625338533,0.302858609891336,0.308452089593136,-0.0733815763579454,0.00559347970179974,0.329830239752341,0.0428730930022168,-0.286957146750124
0.104921663339627,0.0621022484006761,0.289113189106005,0.319361392769771,-0.0428194149389511,0.0302482036637655,0.437504468508791,0.214651974577958,-0.222852493930833
0.105045102448219,0.14194534697453,0.320346379406423,0.425182542858781,0.0369002445263104,0.104836163452358,0.388065432567985,0.396327618833065,0.00826218626507957
0.189669629295673,0.131900143297419,0.327940605119662,0.273061916204466,-0.0577694859982543,-0.0548786889151957,0.783122064172259,0.620996615205932,-0.162125448966327
0.163921993731808,0.150353475911426,0.352021736360164,0.33158159850801,-0.013568517820382,-0.020440137852154,0.593063237559577,0.573721765543117,-0.0193414720164606
0.112748588123635,0.0820123166206355,0.355571411285848,0.246343173990609,-0.0307362715029998,-0.109228237295239,0.373127882874315,0.395034259186235,0.0219063763119198
0.179359902275633,0.114386361223047,0.339918274393278,0.359123391583087,-0.0649735410525855,0.0192051171898096,0.694954601507704,0.375084914125083,-0.319869687382621
0.163466853610685,0.133377783983472,0.397425001597722,0.349102494058511,-0.0300890696272136,-0.0483225075392111,0.508800512422263,0.465298678770006,-0.0435018336522572
0.143824121934104,0.162780044183306,0.352438672952351,0.352823240642442,0.0189559222492015,0.000384567690091209,0.503931517046001,0.586236597378943,0.0823050803329428
0.165635079815257,0.0464479583812298,0.289488523947674,0.348509306360124,-0.119187121434027,0.0590207824124502,0.772098753030674,0.142565407969324,-0.62953334506135
0.222015751799169,0.1047213489989,0.36113813204517,0.359796990696518,-0.117294402800269,-0.0013411413486521,0.849225402118879,0.337840527398341,-0.511384874720538
0.151553104733919,0.0196931950555807,0.312751653900254,0.336187245870583,-0.131859909678339,0.0234355919703294,0.62349252249049,0.0603277465886869,-0.563164775901803
0.200025591080965,0.168900197096171,0.39772707412126,0.43579064733216,-0.0311253939847938,0.0380635732109003,0.653545445156953,0.473398846305877,-0.180146598851076
0.08477402470146,0.126413898543611,0.36228796388142,0.330666818902433,0.0416398738421511,-0.0316211449789875,0.263639752618788,0.465651598026186,0.202011845407398
0.0661478414418031,-0.0432203143698872,0.341145866772624,0.323879738303261,-0.10936815581169,-0.0172661284693635,0.213973661938227,-0.124924896794986,-0.338898558733212
0.149043051123638,0.0992018451611593,0.400643116826947,0.181319286071202,-0.0498412059624791,-0.219323830755745,0.450646782483302,0.728253536040429,0.277606753557127
0.10784315991425,0.0460670640889475,0.365716421812319,0.412151500925836,-0.0617760958253026,0.0464350791135172,0.342967769025601,0.118258049286686,-0.224709719738916
0.186086962874872,0.197323483138418,0.324590847769171,0.292826988828717,0.0112365202635459,-0.0317638589404541,0.774106668982511,0.961789147173899,0.187682478191388
0.182086480526607,0.105457384311702,0.343265100329873,0.290426536092204,-0.0766290962149042,-0.0528385642376688,0.699704467446148,0.437797001983971,-0.261907465462177
0.144431591837219,0.0746507874306632,0.273517011207168,0.238872906590444,-0.0697808044065557,-0.0346441046167241,0.6956284092282,0.366855130953272,-0.328773278274929
0.113334144457595,0.109018663676835,0.356079742916275,0.392398870344688,-0.00431548078076015,0.0363191274284131,0.374765325145842,0.320256638069651,-0.0545086870761906
0.201807308289566,0.11629513588125,0.347083662720997,0.271413289402797,-0.0855121724083161,-0.0756703733182,0.788606940139269,0.534922495346513,-0.253684444792756
0.179463033121666,0.148092476825172,0.313557669677308,0.283037266624205,-0.0313705562964933,-0.0305204030531038,0.772417760988653,0.687462751802981,-0.0849550091856717
0.146339030821096,0.0844554521980326,0.349688019604316,0.324936955913626,-0.0618835786230631,-0.0247510636906896,0.519656834008198,0.2968177103383,-0.222839123669898
0.143119985864755,0.109897974234081,0.329826448575203,0.353767827026391,-0.0332220116306742,0.023941378451188,0.543303322704467,0.364311623792388,-0.17899169891208
0.0945872344309188,0.0650860629717842,0.352842593783557,0.308153852474618,-0.0295011714591345,-0.0446887413089388,0.307441326609146,0.235175272419994,-0.0722660541891524
0.144377325516059,0.0456171950041321,0.31399499484673,0.315690171124613,-0.0987601305119272,0.0016951762778834,0.583769442875457,0.155461567872286,-0.428307875003172
0.151791006699234,0.056759766700653,0.326469500964284,0.29490352053539,-0.0950312399985814,-0.031565980428894,0.591929773578685,0.212238845644028,-0.379690927934656
0.14442989465652,0.0815021595214755,0.36899047485433,0.340306349091626,-0.0629277351350446,-0.0286841257627043,0.479078165347446,0.270609162760031,-0.208469002587415
0.12367056011561,-0.0560643614324892,0.28460679275646,0.304808164913205,-0.179734921548099,0.0202013721567442,0.544239106989467,-0.168008676344148,-0.712247783333616
0.161851398084163,0.12404978898731,0.36967071467307,0.39943040949026,-0.0378016090968535,0.0297596948171902,0.549335080685118,0.364198002620886,-0.185137078064233
0.119693287535206,0.0779508554055435,0.303921174272845,0.319994434613986,-0.0417424321296628,0.0160732603411413,0.482648532969901,0.275834736651651,-0.206813796318249
0.165129734381925,0.110689025293751,0.35971363306049,0.387791406859548,-0.0544407090881739,0.0280777737990575,0.582583868800816,0.330339863127921,-0.252244005672896
0.148274381839559,0.0644821789068137,0.333112922687604,0.275194896421494,-0.083792202932745,-0.0579180262661098,0.560673519578349,0.264042082743333,-0.296631436835016
0.12721042387887,-0.042420069984607,0.344248365144711,0.442885993240831,-0.169630493863477,0.0986376280961204,0.447055707546754,-0.091337022201316,-0.53839272974807
0.12371909708271,0.0847419844053428,0.333027607038809,0.356820082795362,-0.0389771126773672,0.0237924757565528,0.449904977300115,0.268065098516716,-0.181839878783399
0.16233377592686,0.099525967691672,0.347146682434392,0.32351900846859,-0.0628078082351885,-0.0236276739658015,0.596195536617497,0.360205254164914,-0.235990282452583
0.217549245447778,0.152576105429444,0.347828322576047,0.248198301717006,-0.064973140018334,-0.0996300208590412,0.869086970644283,0.849165927526631,-0.0199210431176522
0.158194943185131,0.0371611003325795,0.33774042346035,0.37095055491114,-0.121033842852551,0.0332101314507898,0.597423615455339,0.105367702620702,-0.492055912834637
0.151360668177168,0.097927826659278,0.32545276882023,0.302648699939413,-0.0534328415178904,-0.0228040688808171,0.592137125119136,0.382051923092818,-0.210085202026318
0.112582680614495,-0.018310285059156,0.327986196498201,0.399222298822588,-0.130892965673651,0.0712361023243875,0.409527194891351,-0.0448289891569136,-0.454356184048264
0.115034605809232,0.0863882229744775,0.323833154674892,0.436119168075228,-0.0286463828347546,0.112286013400336,0.426505869090257,0.219064773312598,-0.207441095777659
0.113800092929293,0.0614180857637183,0.356716641785302,0.23465569504242,-0.0523820071655749,-0.122060946742882,0.375780189569399,0.29918485679196,-0.0765953327774394
0.0918953667496232,0.00203515811977523,0.341053745752578,0.316199345641567,-0.089860208629848,-0.0248544001110111,0.309238160473947,0.00645707108462079,-0.302781089389326
0.158019445103451,0.00881269740248883,0.28714771705143,0.275609088212777,-0.149206747700962,-0.0115386288386524,0.73378548824736,0.0324920553498926,-0.701293432897468
0.171250247630127,0.111874533954855,0.316535019332605,0.313364810233826,-0.0593757136752714,-0.00317020909877919,0.717749787220793,0.429050903862646,-0.288698883358147
0.170577023045425,0.136469755386136,0.339455880565155,0.40592268699672,-0.0341072676592886,0.0664668064315652,0.652850387743621,0.39961391418796,-0.253236473555661
0.161393867543356,0.0949226093496402,0.31923131477367,0.518413726789744,-0.066471258193716,0.199182412016074,0.657930747853271,0.200936941752458,-0.456993806100813
0.120169693521254,0.0672184263803499,0.354275382944164,0.293900734538952,-0.0529512671409039,-0.0603746484052117,0.403822035814893,0.256979128033221,-0.146842907781672
0.200048576162888,0.072306092769385,0.373562520763437,0.315577224387459,-0.127742483393503,-0.057985296375978,0.708328915166006,0.257497069727691,-0.450831845438315
0.121473734132425,0.0876337155721926,0.335833555236212,0.329330638738212,-0.0338400185602328,-0.0065029164980005,0.435779849142431,0.304860913297761,-0.13091893584467
0.139148375279904,0.0501200887865288,0.359008733714276,0.371397322274764,-0.0890282864933748,0.0123885885604885,0.473426295436026,0.144479621022271,-0.328946674413755
0.137977554755082,0.0185461246883128,0.330123230220392,0.323373584245113,-0.119431430066769,-0.00674964597527911,0.518856465607993,0.0590285322814723,-0.45982793332652
0.188323928414897,0.238037646305486,0.391467357708435,0.325127437851257,0.0497137178905896,-0.0663399198571776,0.617807530228245,1.07951864100899,0.461711110780745
0.105588237891839,-0.0172017759975903,0.313291974426885,0.302936588951806,-0.122790013889429,-0.0103553854750789,0.400778599459064,-0.0552013296471954,-0.45597992910626
0.121933856218955,0.113517108374639,0.37411278089792,0.300860492992584,-0.00841674784431588,-0.073252287905336,0.385315717968678,0.458353594755055,0.0730378767863766
0.150408194406034,0.0746830447544018,0.381324833545412,0.457168919801849,-0.0757251496516325,0.0758440862564363,0.48354704894409,0.177460318929645,-0.306086730014445
0.152202099571724,0.0769987003589615,0.333108350738613,0.382962511713277,-0.075203399212762,0.0498541609746644,0.579194161040697,0.222698954450761,-0.356495206589935
0.201344217476261,0.186643432740219,0.307664819690098,0.327936259912223,-0.0147007847360419,0.0202714402221246,0.924040055143128,0.766756637867357,-0.157283417275771
0.23707946296872,0.129527510044194,0.288892172159973,0.376604254242029,-0.107551952924526,0.0877120820820562,1.27197694344781,0.410487422262168,-0.861489521185643
0.178198272901428,0.104743206549199,0.32964649236407,0.346943436300576,-0.0734550663522289,0.0172969439365063,0.716991872118282,0.352429809710436,-0.364562062407845
0.152876561698708,0.114229849436283,0.363636164030503,0.517111083563833,-0.0386467122624243,0.15347491953333,0.522586868471677,0.247198731173652,-0.275388137298025
0.16741388284276,0.126672484571489,0.349471108292538,0.336423537585724,-0.0407413982712718,-0.0130475707068136,0.614538698224238,0.457214620491786,-0.157324077732452
0.128147747527821,0.0563906269352253,0.314449004859763,0.381190706275211,-0.0717571205925956,0.0667417014154483,0.503102184991925,0.159435035746846,-0.343667149245078
0.112659862648464,0.0343556214255648,0.324518851343349,0.314831200797262,-0.0783042412228995,-0.00968765054608706,0.415042670335205,0.115300573402601,-0.299742096932604
0.161343658438116,0.0522875772304965,0.309799434174307,0.343612628626825,-0.109056081207619,0.0338131944525181,0.683374424878123,0.164358308008152,-0.519016116869972
0.160778255078453,0.161314724603819,0.303762420103242,0.355081518360129,0.000536469525366123,0.051319098256887,0.697725621469164,0.575075729954083,-0.122649891515081
0.13248991214843,0.11418371898174,0.37676093280603,0.422721173725249,-0.0183061931666897,0.0459602409192185,0.421418224651981,0.310116311349966,-0.111301913302015
0.13942577767019,0.0288454189688355,0.366449890664832,0.341997250888472,-0.110580358701354,-0.0244526397763606,0.46298235587084,0.0880031115431312,-0.374979244327709
0.141238914882051,0.0913205163833056,0.344967265070099,0.300683224058933,-0.0499183984987455,-0.0442840410111657,0.5059546365196,0.354876149952919,-0.151078486566681
0.148602846507374,0.092717320107415,0.338999969813595,0.352661528961784,-0.0558855263999594,0.0136615591481889,0.550157468584968,0.30070624749749,-0.249451221087478
0.143968523878831,0.0388455492447212,0.348044714642807,0.283714504168832,-0.10512297463411,-0.0643302104739752,0.512326970717891,0.146733816453867,-0.365593154264024
0.0989798056716323,0.116470306090976,0.352918494702818,0.404189715741895,0.0174905004193437,0.0512712210390777,0.323739659724762,0.333967414099602,0.0102277543748401
0.132396862244446,0.147563933659158,0.351845154614532,0.389766522517906,0.0151670714147115,0.037921367903374,0.45687390830369,0.460232560213071,0.00335865190938156
0.166957761992649,0.0923726139223829,0.326548764445998,0.293488186055054,-0.0745851480702659,-0.0330605783909444,0.667423671408391,0.369903753790971,-0.297519917617421
0.158253610904336,0.146044549994048,0.285150413454121,0.343573389246234,-0.0122090609102879,0.0584229757921129,0.741911243710734,0.529705550904044,-0.21220569280669
0.0970041573414546,0.0792299124361998,0.329738157598688,0.263467893960501,-0.0177742449052548,-0.0662702636381869,0.342032716065584,0.350830273304289,0.0087975572387049
0.116764643306225,0.014152100304267,0.346408474301542,0.233539327888645,-0.102612543001958,-0.112869146412897,0.400840106829465,0.0624720973625503,-0.338368009466915
0.107456303033591,0.0508604982776815,0.334795868381388,0.332189014854236,-0.0565958047559099,-0.00260685352715173,0.378451352179313,0.165449797409929,-0.213001554769384
0.104586326222285,0.10517769108979,0.36666658338986,0.328008108629299,0.000591364867505106,-0.0386584747605612,0.330075223868624,0.378031133073197,0.0479559092045725
0.140837765686054,0.101857634749919,0.323994451709611,0.360629804166023,-0.0389801309361348,0.0366353524564124,0.544487138129657,0.32636716668246,-0.218119971447196
0.154876696690405,0.126165117346057,0.315809030245239,0.362620222055593,-0.0287115793443487,0.0468111918103545,0.632989692626142,0.416127897502861,-0.216861795123281
0.126040197423114,0.0537118366499944,0.341247027783607,0.415438861157997,-0.0723283607731193,0.0741918333743901,0.446796469462904,0.138019407155898,-0.308777062307006
0.133183280711528,0.121869896258096,0.335958969119694,0.316087105758292,-0.0113133844534321,-0.019871863361402,0.486504248689349,0.470434520338626,-0.0160697283507227
0.0968270726939368,0.0602187603994189,0.315401952217715,0.28115489975044,-0.036608312294518,-0.0342470524672756,0.359335250453288,0.238850050717209,-0.120485199736079
0.161079849563523,0.0781302343971582,0.326252404532988,0.423965336433282,-0.0829496151663652,0.0977129319002933,0.638412361636074,0.202357829239822,-0.436054532396251
0.133294671959788,0.0933240632007019,0.32277297230116,0.409303376412219,-0.0399706087590864,0.0865304041110584,0.511295554609191,0.256094204771244,-0.255201349837947
0.0887938845060761,0.0195211555574101,0.319116372862239,0.320349544517704,-0.069272728948666,0.00123317165546516,0.320815340833168,0.0628320046355502,-0.257983336197618
0.176073758286459,0.15051649175653,0.421514693850624,0.390502922132495,-0.0255572665299293,-0.0310117717181289,0.518490538130885,0.470265030192902,-0.0482255079379832
0.179918516423938,0.0636664223439223,0.350807547598221,0.388447937736061,-0.116252094080016,0.03764039013784,0.670076729119052,0.178095909208819,-0.491980819910234
0.163641484020229,0.145352662509285,0.321087540686918,0.298916972919966,-0.0182888215109433,-0.0221705677669517,0.66470439538101,0.626229805877546,-0.0384745895034637
0.123004031838623,0.0853385328044853,0.385611222797718,0.387881057343615,-0.0376654990341379,0.00226983454589702,0.375730103460709,0.24609183014272,-0.129638273317989
0.202326699768596,0.0893846976918766,0.344798351901737,0.397354198525537,-0.112942002076719,0.0525558466238,0.798219803906641,0.252259694238842,-0.545960109667799
0.189583773431241,0.104280359429696,0.385889552273093,0.347303837340575,-0.0853034140015451,-0.0385857149325183,0.634423670251081,0.350205575924968,-0.284218094326113
0.175378764737779,0.0549266671095076,0.31628230416857,0.272758785934174,-0.120452097628272,-0.0435235182343957,0.741071481997702,0.223082743871931,-0.517988738125771
0.155925723346861,0.0554677437248795,0.345759092959071,0.488786504690642,-0.100457979621982,0.143027411731571,0.569828489238294,0.12017006089997,-0.449658428338324
0.176913832757667,0.114987083842386,0.339148860615473,0.313462602997315,-0.061926748915281,-0.0256862576181578,0.684789536661041,0.443150707802834,-0.241638828858207
0.13764453009448,0.0745163856764071,0.327831588384706,0.331329593581148,-0.0631281444180729,0.00349800519644206,0.521753877676015,0.252198851036625,-0.26955502663939
0.119343051769482,0.0756929533839563,0.367762450016173,0.344656278842045,-0.0436500983855255,-0.0231061711741279,0.383354364068818,0.245601654074301,-0.137752709994517
0.0715785983863896,0.0824304302919438,0.351399665317619,0.343452621947363,0.0108518319055543,-0.00794704337025648,0.225925039255533,0.271255816617772,0.0453307773622389
0.159097776062848,0.0506854735552936,0.323257102321124,0.330092967845304,-0.108412302507555,0.00683586552417975,0.635863852073909,0.165965018444568,-0.469898833629341
0.132156368319276,0.116923769638563,0.32264477026039,0.33629139888205,-0.0152325986807122,0.0136466286216597,0.506220175622823,0.4157874471797,-0.0904327284431234
0.1419051975681,0.136899338257744,0.287617130319223,0.249175743705469,-0.00500585931035624,-0.0384413866137533,0.637846529335858,0.732228565349734,0.0943820360138752
0.122708413626991,0.018453789146511,0.344115367930157,0.410871697009754,-0.10425462448048,0.0667563290795977,0.428451391074943,0.045937645079996,-0.382513745994947
0.142912308234092,0.123657909447793,0.348190128114716,0.3129287929634,-0.0192543987862996,-0.0352613351513156,0.507485918604138,0.484626302061367,-0.0228596165427719
0.139680594282449,0.0134670089909288,0.303505894469794,0.344790953509393,-0.12621358529152,0.0412850590395994,0.584428322249398,0.039831286468472,-0.544597035780926
0.0755920603478647,0.03893024822322,0.367202713309411,0.37240825165158,-0.0366618121246447,0.00520553834216853,0.228580219594782,0.110195894482595,-0.118384325112187
0.140717082337569,0.0658850301993281,0.331248547400734,0.367660237062006,-0.074832052138241,0.0364116896612711,0.529296994624298,0.196260999493542,-0.333035995130756
0.149481248664388,0.016915866939522,0.328015893329132,0.352191121375259,-0.132565381724866,0.0241752280461266,0.577298277575453,0.0492025103899207,-0.528095767185532
0.129084796289896,0.0750931296874491,0.372235451424832,0.442796702285904,-0.0539916666024469,0.0705612508610715,0.41450924845066,0.184816934194874,-0.229692314255786
0.126316668053756,0.121644444591408,0.368376277964814,0.311257022464694,-0.00467222346234793,-0.0571192555001207,0.40902954403223,0.478187547346052,0.0691580033138217
0.180971086194917,0.162186674890172,0.347107518711209,0.399717392339725,-0.0187844113047447,0.0526098736285169,0.684331855851191,0.500432439777315,-0.183899416073877
0.17933025550723,0.0656944666141375,0.320247842467763,0.303305157715247,-0.113635788893092,-0.0169426847525159,0.750625836368192,0.24184140667877,-0.508784429689422
0.204898126970622,0.165656398368174,0.346586940965446,0.446136267494351,-0.0392417286024488,0.0995493265289048,0.806133278011237,0.449637396591886,-0.356495881419351
0.169730378537283,0.108289978979195,0.384252123437697,0.397361221462739,-0.0614403995580887,0.013109098025042,0.555374225054407,0.313273355909025,-0.242100869145382
0.103433486709357,0.0779726990275942,0.280817463626646,0.219590780696569,-0.025460787681763,-0.0612266829300772,0.445318865766258,0.426297381390103,-0.0190214843761554
0.160326604097077,0.136798107063428,0.395707873501701,0.339438579869905,-0.0235284970336482,-0.056269293631796,0.499548478732165,0.496326108707289,-0.00322237002487613
0.162708838303601,0.0561668365349637,0.323666685542529,0.274457979609777,-0.106542001768638,-0.0492087059327523,0.653186982326091,0.227091084613577,-0.426095897712514
0.139988129257943,0.110008036586036,0.31968866399385,0.305545538389467,-0.0299800926719076,-0.014143125604383,0.549432813258489,0.433384032398207,-0.116048780860282
0.0962144150052848,0.0227892585212715,0.281868029113218,0.384366871124389,-0.0734251564840133,0.102498842011171,0.406839377941997,0.0610833152390626,-0.345756062702934
0.159281283389132,0.147236553169152,0.351680798750466,0.417953535471754,-0.0120447302199804,0.0662727367212877,0.572889476249401,0.422306311248057,-0.150583165001344
0.139175535454979,0.0491162459483218,0.388817941040454,0.493001443017361,-0.0900592895066572,0.104183501976906,0.43038730589943,0.104758746440544,-0.325628559458885
0.0907605870149479,0.0382943098279179,0.289551942890119,0.279687984042829,-0.05246627718703,-0.00986395884728952,0.368139560897036,0.146734073225135,-0.221405487671902
0.151469151305126,0.101805080807149,0.314234854482389,0.349993185832536,-0.0496640704979765,0.0357583313501473,0.619350761071467,0.33760048047377,-0.281750280597698
0.10429940876753,0.0866902378260272,0.362275212615698,0.38356449041841,-0.017609170941503,0.0212892778027118,0.333625315733452,0.253590905083506,-0.0800344106499453
0.198341088242015,0.106652693165745,0.301230121355947,0.266675340716483,-0.0916883950762696,-0.034554780639464,0.931770813761625,0.491727121212243,-0.440043692549382
0.127210891019911,0.0428284758374821,0.359914375025698,0.379729615250424,-0.0843824151824287,0.0198152402247261,0.423968444073612,0.119393216512018,-0.304575227561593
0.151011428946155,0.15455664196751,0.355114553260563,0.359180004580749,0.00354521302135533,0.0040654513201861,0.52996840663375,0.53772513183883,0.00775672520508053
0.163193035890938,0.0490088718091901,0.371592438589354,0.362606888039237,-0.114184164081748,-0.00898555055011779,0.551422282102782,0.144716530644155,-0.406705751458627
0.087842737637085,0.122629103506772,0.321815491165339,0.407702052531933,0.0347863658696867,0.0858865613665943,0.313847612984737,0.350913699134993,0.0370660861502567
0.107584697746755,0.000655249521602758,0.36926783831548,0.447104241846722,-0.106929448225153,0.0778364035312424,0.338227494793822,0.00146661525957059,-0.336760879534251
0.158124086492593,0.0696300561558025,0.334387588187302,0.332725928782453,-0.0884940303367908,-0.00166165940484958,0.604603462075632,0.232779660001784,-0.371823802073848
0.138690869360032,0.0549597463704898,0.367500505518225,0.34518751277307,-0.083731122989542,-0.0223129927451546,0.458472421863397,0.172592460447702,-0.285879961415695
0.189110103965134,0.110326421817349,0.371658096805302,0.357574148372154,-0.0787836821477855,-0.014083948433148,0.663340875984386,0.361437847064538,-0.301903028919847
0.186979088911392,0.12674253548015,0.326844502357594,0.446445284282583,-0.0602365534312425,0.119600781924989,0.771937413919574,0.32829033305138,-0.443647080868194
0.094639130095385,0.0507213587362861,0.344016259653279,0.294818485402987,-0.0439177713590989,-0.0491977742502917,0.316663318388989,0.187728509858221,-0.128934808530768
0.104344913788553,0.0864079415953793,0.288204261011742,0.317323046636191,-0.0179369721931738,0.0291187856244485,0.436273549903118,0.312984461080313,-0.123289088822805
0.167464003891505,0.0791767939193199,0.346284555622443,0.406218056538801,-0.0882872099721847,0.0599335009163581,0.621906468009662,0.215204103907582,-0.40670236410208
0.188912590437539,0.169161292398495,0.341179732860099,0.465701304978703,-0.019751298039044,0.124521572118604,0.739684930447844,0.437980780033176,-0.301704150414668
0.179335624498489,0.0899719590496538,0.387492154917341,0.329109649656365,-0.0893636654488356,-0.0583825052609764,0.588533051728435,0.314399474128849,-0.274133577599586
0.164329028638728,0.101047329594613,0.33673463752345,0.384603208131682,-0.0632816990441157,0.0478685706082314,0.629067068014443,0.300477330940975,-0.328589737073468
0.0886826302552142,0.0659941899993612,0.365003491561606,0.355462479600308,-0.022688440255853,-0.00954101196129814,0.27502244976676,0.204009527439614,-0.0710129223271458
0.255928733488073,0.21361767566025,0.368998423969981,0.363272407390142,-0.042311057827823,-0.00572601657983884,1.0008593550808,0.800450952174904,-0.200408402905894
0.127848344198911,0.0850835975808889,0.323403873300779,0.285192540357553,-0.0427647466180224,-0.0382113329432258,0.484860762084906,0.347616380847568,-0.137244381237338
0.188837899684622,0.0494209009021261,0.33973088475069,0.349282429089962,-0.139416998782496,0.0095515443392723,0.743414501740162,0.151992051638911,-0.59142245010125
0.168049685123619,0.176613874673873,0.35146912216126,0.338216860904563,0.00856418955025387,-0.0132522612566967,0.613063215695058,0.685717380634632,0.0726541649395742
0.0940368330687898,0.0292836182616533,0.328985368016633,0.307713947075465,-0.0647532148071365,-0.0212714209411682,0.330878103753291,0.0998403870367224,-0.231037716716568
0.153568341778837,0.11510396959117,0.359935816343673,0.314293459592536,-0.0384643721876672,-0.0456423567511372,0.532123673005972,0.44228819653288,-0.089835476473092
0.109214520077727,0.0462580249588649,0.3095981291601,0.33737412616948,-0.0629564951188624,0.02777599700938,0.422992728946342,0.146956545294913,-0.276036183651429
0.16184597901201,0.0941629244640668,0.355147736982346,0.37989831801045,-0.0676830545479435,0.0247505810281043,0.577299986329118,0.281285017154068,-0.29601496917505
0.147793944549957,0.109324484996751,0.337032401001019,0.321257748099826,-0.0384694595532054,-0.0157746529011933,0.55040399314339,0.405371208642463,-0.145032784500926
0.1716063984492,0.127298910617178,0.337160537681765,0.248035681755489,-0.0443074878320215,-0.0891248559262766,0.663585707385922,0.6706758024005,0.00709009501457758
0.158784426908716,0.0991453101740915,0.296151169281798,0.352541173493194,-0.0596391167346249,0.0563900042113961,0.709430123707766,0.324758849328187,-0.384671274379579
0.143724546442666,0.118432944543997,0.367544558823311,0.328454870769621,-0.0252916018986685,-0.0390896880536901,0.478517339811948,0.434155254755272,-0.0443620850566762
0.165430378300675,0.151262809851579,0.333947762616855,0.326571097764432,-0.0141675684490959,-0.00737666485242289,0.641118482057628,0.589127186665342,-0.0519912953922863
0.151810303864289,0.0714174286368187,0.356674709370655,0.324303876186825,-0.0803928752274701,-0.0323708331838295,0.530549418870578,0.246347934642636,-0.284201484227943
0.143143016035179,0.0995784596814428,0.329440470390155,0.370068359053917,-0.0435645563537365,0.040627888663762,0.544196074920595,0.308761484353704,-0.235434590566891
0.163591432939947,0.110194318413413,0.340578215252466,0.347815515286573,-0.0533971145265336,0.00723730003410666,0.616614909091635,0.372753112706943,-0.243861796384692
0.148970426815724,0.100907066415966,0.299680548672265,0.311834882207761,-0.0480633603997584,0.0121543335354964,0.643942659680452,0.382082385580912,-0.26186027409954
0.0952810100013705,0.0455263692336291,0.303600023795961,0.382190634408342,-0.0497546407677413,0.0785906106123813,0.368667028430099,0.126504562783124,-0.242162465646975
0.11433951783851,0.0654488631023589,0.318747369473334,0.349631085491661,-0.0488906547361509,0.0308837160183266,0.431489017023327,0.205861274222159,-0.225627742801168
0.123254416370825,0.0962956890534872,0.337924520007067,0.389058930565706,-0.0269587273173377,0.0511344105586388,0.440138785673952,0.28083122629181,-0.159307559382142
0.149290845391049,0.15847661466259,0.289454940605194,0.372716238479784,0.0091857692715405,0.0832612978745898,0.674920007615813,0.529886804620218,-0.145033202995596
0.161328134152887,0.0536512650941896,0.367083017463814,0.380953850788285,-0.107676869058698,0.0138708333244709,0.551910546010848,0.151233559003589,-0.400676987007259
0.12158508895541,0.11010113709747,0.32641922604072,0.28987988700534,-0.0114839518579405,-0.0365393390353797,0.451331478136755,0.46201614862791,0.0106846704911545
0.145056554302406,-0.0179312830536257,0.34433176004154,0.255895547990084,-0.162987837356031,-0.0884362120514559,0.523895292985402,-0.0676739301909144,-0.591569223176317
0.238722666886044,0.263407751756922,0.311505028666216,0.266965685328808,0.0246850848708781,-0.0445393433374078,1.15190292093541,1.68229479058557,0.530391869650167
0.14050759080883,0.0910988874164301,0.363433156872383,0.303287389317977,-0.0494087033924001,-0.060145767554406,0.471985133390582,0.350360370415305,-0.121624762975277
0.138554401069027,0.0915685591593686,0.298322102035036,0.384340427502902,-0.0469858419096586,0.0860183254678661,0.591131892285314,0.269024601385531,-0.322107290899784
0.171461500280067,0.0958582893260742,0.348274252906246,0.319843733718726,-0.0756032109539933,-0.0284305191875196,0.636103456273186,0.349458645908786,-0.2866448103644
0.171944845169485,0.0777565683113602,0.288018365644404,0.313834655582797,-0.0941882768581249,0.0258162899383937,0.816647269140789,0.281156068432937,-0.535491200707852
0.134013323077625,0.0614012504551415,0.342985213386346,0.301728930206305,-0.0726120726224834,-0.0412562831800409,0.478053827194235,0.225682773770906,-0.252371053423329
0.157697720187185,0.10802034936615,0.411412543397058,0.396943821613368,-0.0496773708210346,-0.0144687217836897,0.467129840052145,0.312757738636534,-0.154372101415611
0.118340558991902,0.129165973665653,0.357385601140368,0.358287985437175,0.0108254146737511,0.000902384296807723,0.392538725796387,0.434058886056398,0.041520160260011
0.153110334589049,0.0977762398416823,0.38627251539502,0.42777453770538,-0.0553340947473665,0.0415020223103604,0.486432650368509,0.256800950979909,-0.2296316993886
0.128651270599421,0.0344473920885935,0.33864342871549,0.311686100160497,-0.0942038785108271,-0.0269573285549936,0.462141097164951,0.116858128081752,-0.345282969083199
0.101925481153752,0.0729280100824426,0.341357459234518,0.314103936432021,-0.0289974710713096,-0.0272535228024975,0.347955100114056,0.261344173223524,-0.0866109268905326
0.14195049028344,0.115307362247686,0.355373528307311,0.471592693002401,-0.0266431280357537,0.11621916469509,0.490989879466148,0.276990647058035,-0.213999232408113
0.169593043159553,0.0777899157615061,0.363798823791829,0.28702629595527,-0.091803127398047,-0.0767725278365587,0.593882077883442,0.311301520153333,-0.282580557730109
0.136145941916445,0.0372629490969251,0.382315115881674,0.365349628251774,-0.0988829928195199,-0.0169654876299002,0.427763495781492,0.107375248636706,-0.320388247144786
0.184538171140735,0.115641485095508,0.349908056900924,0.279414657327414,-0.0688966860452273,-0.0704933995735099,0.694504656644059,0.512661230851724,-0.181843425792335
0.13134607690407,0.134887010583341,0.364724556750033,0.342974466853301,0.00354093367927114,-0.0217500898967322,0.433507200203763,0.481841938617761,0.0483347384139987
0.115094541096962,0.0638311500020529,0.300188627996165,0.344188822080071,-0.0512633910949086,0.0440001940839058,0.467275675097645,0.203764672105679,-0.263511002991965
0.128842768312497,0.0471142379784383,0.383936161218188,0.374158835269506,-0.0817285303340586,-0.00977732594868175,0.398756786169549,0.134191906592667,-0.264564879576882
0.147096828695195,0.0556153805508846,0.35898899534523,0.335159966730941,-0.0914814481443107,-0.0238290286142889,0.50644569276031,0.180498520684629,-0.32594717207568
0.138898520452334,0.120815755861831,0.402831563214232,0.497727462532983,-0.0180827645905032,0.0948958993187511,0.411715250841989,0.274730468992384,-0.136984781849605
0.12170825810759,0.0509293416780924,0.382520325631206,0.381737825932615,-0.0707789164294972,-0.000782499698590788,0.37461627166007,0.142723500721698,-0.231892770938372
0.175643874074895,0.0187975265475158,0.328947765921149,0.310201528010156,-0.15684634752738,-0.0187462379109933,0.705667844940524,0.0624714898494649,-0.643196355091059
0.136555635750228,0.174274889759403,0.381567017967115,0.467326151191135,0.0377192540091748,0.0857591332240206,0.430295591847549,0.451967001611629,0.0216714097640793
0.096196602052252,0.0616263375250082,0.400756205541064,0.318706239244732,-0.0345702645272438,-0.0820499662963322,0.271297090683881,0.213324455650292,-0.0579726350335883
0.13046055675512,0.0582988041439785,0.298348651548127,0.311530042012733,-0.0721617526111419,0.0131813904646061,0.548482630320763,0.205792493126397,-0.342690137194367
0.173833295531087,0.0940890693895554,0.337827169344664,0.38645861872082,-0.0797442261415318,0.0486314493761561,0.672906953694004,0.275661410713327,-0.397245542980677
0.178673212495734,0.13413293550118,0.326802752128482,0.370177823045644,-0.0445402769945546,0.0433750709171628,0.72759635473567,0.436697823585783,-0.290898531149887
0.122471685649093,0.0504154270803049,0.349387706756676,0.413161326094914,-0.0720562585687881,0.0637736193382378,0.419823156745459,0.129780749770096,-0.290042406975363
0.141491666476196,0.077315997096729,0.317166110241809,0.321340849950679,-0.0641756693794674,0.00417473970886989,0.562226715246721,0.27201762539411,-0.29020908985261
0.141121514248648,0.115613414999463,0.330225752453594,0.279404249921665,-0.0255080992491857,-0.0508215025319295,0.533187043398738,0.512532587482082,-0.0206544559166566
0.101854586415878,0.0481094899453918,0.325536177375596,0.357078882848223,-0.0537450964704862,0.0315427054726272,0.367360912964259,0.144228608836084,-0.223132304128175
0.166921825682297,0.0619685732523496,0.346045652297153,0.362017824030248,-0.104953252429947,0.0159721717330952,0.619908031435212,0.186698967624195,-0.433209063811017
0.151976300675431,0.0904880428576704,0.323738130976119,0.327634980269468,-0.061488257817761,0.00389684929334977,0.599101768957882,0.318092395815998,-0.281009373141883
0.166073425770202,0.101886268160671,0.346951076253766,0.327446280254743,-0.0641871576095311,-0.0195047959990235,0.613918795658741,0.364999616147942,-0.248919179510799
0.0606675149129119,0.00530522763980171,0.300602499239907,0.220039032776362,-0.0553622872731102,-0.0805634664635451,0.223627403608899,0.0244033990053378,-0.199224004603561
0.14345625549541,0.0800860406110294,0.349244531323116,0.224641605383084,-0.0633702148843801,-0.124602925940032,0.507965870860656,0.42832984895555,-0.0796360219051064
0.150630763051309,0.0875633984336913,0.363206709032694,0.294994322819262,-0.0630673646176179,-0.0682123862134318,0.513953765133346,0.345587595796215,-0.168366169337131
0.15790996727458,0.120239322494987,0.379888382404304,0.33534963514788,-0.0376706447795933,-0.0445387472564239,0.515392743177275,0.4312513587349,-0.0841413844423748
0.177796086754587,0.125328025934743,0.346079284107782,0.268880459856972,-0.052468060819844,-0.0771988242508098,0.671537398230516,0.593783223279065,-0.0777541749514512
0.130821841261295,0.047020711926855,0.306242145726211,0.202379802331702,-0.0838011293344404,-0.103862343394509,0.53293517871027,0.261547264992237,-0.271387913718033
0.145604526134838,0.0669955657804818,0.311565667108242,0.345349191004765,-0.0786089603543565,0.0337835238965226,0.595730687419215,0.21408862863839,-0.381642058780825
0.116619092333254,0.0408067276227824,0.342664515325402,0.333228338796997,-0.0758123647104717,-0.00943617652840473,0.405411619000393,0.130272501440459,-0.275139117559934
0.19267305942797,0.0504352817709754,0.38389002693817,0.434095949681689,-0.142237777656994,0.050205922743519,0.651851031096961,0.123203241575709,-0.528647789521252
0.157119876777176,0.146426121581025,0.324447398112302,0.237132459080812,-0.0106937551961512,-0.0873149390314898,0.622988469596926,0.854261723145575,0.231273253548649
0.188177511723981,0.172919299432351,0.283144367180626,0.349572023386402,-0.0152582122916297,0.0664276562057758,0.943711269483378,0.639940575462339,-0.303770694021039
0.136940389385199,0.135546237257559,0.362152633027696,0.364162988768321,-0.00139415212764063,0.00201035574062514,0.459551117770236,0.450942153296842,-0.00860896447339421
0.199471067409073,0.188874831410176,0.375806666505721,0.356676252346956,-0.0105962359988968,-0.0191304141587654,0.700259824931245,0.698153306401104,-0.00210651853014121
0.137385196842208,0.0395102621207845,0.311606639984212,0.2898227391867,-0.0978749347214232,-0.0217839007975119,0.554094457809475,0.146055001434952,-0.408039456374523
0.178588815552216,0.136240989278506,0.394466723519915,0.415406406788361,-0.0423478262737103,0.0209396832684463,0.572607085270685,0.388147828641598,-0.184459256629087
0.148410783882694,0.0928200469655933,0.345897333398957,0.285371636556232,-0.055590736917101,-0.0605256968427246,0.53581350905456,0.384390872841815,-0.151422636212744
0.142773190949654,0.0712895984098173,0.373616169721044,0.454746102129565,-0.0714835925398371,0.0811299324085203,0.465415298858598,0.169724107296896,-0.295691191561702
0.126325199650716,0.104506892823697,0.318312663699724,0.400330537239937,-0.0218183068270192,0.0820178735402133,0.487146013895419,0.298294543980913,-0.188851469914506
0.0784893330346731,-0.0335494722628941,0.347127826063566,0.348354465090087,-0.112038805297567,0.0012266390265202,0.253714506245831,-0.091816139967219,-0.34553064621305
0.123955366652727,0.0567578990766125,0.360086822297496,0.342830946855158,-0.0671974675761149,-0.0172558754423381,0.410913606071158,0.180049659192827,-0.230863946878331
0.141147799416143,0.0617491523010096,0.369102692874434,0.375571911219548,-0.0793986471151339,0.00646921834511427,0.465809921655664,0.178701795367794,-0.28710812628787
0.132330280981199,0.094420399703954,0.338515198885189,0.366313162381256,-0.0379098812772454,0.0277979634960666,0.478331155382161,0.294026515303889,-0.184304640078273
0.197063394702368,0.130967477663862,0.385632671381654,0.220835555869036,-0.0660959170385061,-0.164797115512619,0.666979363139396,0.809506773890598,0.142527410751202
0.130657158118848,0.104289664519268,0.308091998313262,0.244944997942658,-0.0263674935995796,-0.0631470003706038,0.528191301083469,0.530765112830365,0.00257381174689608
0.089583467234007,0.0987472834612172,0.321325321928006,0.329530611593901,0.00916381622721021,0.0082052896658954,0.321534649539181,0.349400508483751,0.0278658589445693
0.198656763154312,0.218741473261027,0.274943038508239,0.412985994263395,0.0200847101067156,0.138042955755156,1.05965375973088,0.698351938612813,-0.361301821118069
0.169276389078438,0.161012157309334,0.325362093131205,0.31094747273845,-0.00826423176910437,-0.014414620392755,0.682483166175713,0.678350449521591,-0.00413271665412207
0.188596915184003,0.137296208102015,0.375713651264134,0.394375639378038,-0.0513007070819875,0.0186619881139033,0.651972161272034,0.416424333526676,-0.235547827745359
0.118829641644064,0.0696069948164826,0.371987732195195,0.271566840314737,-0.0492226468275818,-0.100420891880457,0.376363746454901,0.292161312591658,-0.0842024338632432
0.152167712491064,0.0639276783978409,0.381542288235809,0.270933384397201,-0.0882400340932227,-0.110608903838609,0.490069354847063,0.266115425469429,-0.223953929377634
0.140078715949663,0.0107278308942857,0.296629054538181,0.343418649505322,-0.129350885055378,0.0467895949671412,0.603574689600132,0.031731384527333,-0.571843305072799
0.176170032985867,0.159513357257613,0.356283908036543,0.395368190141839,-0.0166566757282543,0.0390842821052966,0.639621315288126,0.496988184653146,-0.14263313063498
0.181952770881116,0.149017189305738,0.342840126737362,0.311571277987983,-0.0329355815753785,-0.0312688487493788,0.700159247459253,0.613291336142845,-0.0868679113164077
0.0853177046183573,0.0613756412500961,0.356902119387799,0.439726681464914,-0.0239420633682612,0.082824562077115,0.270042937327346,0.149787101209255,-0.120255836118091
0.100683000071531,0.0908551142339688,0.344666855553962,0.369119568837316,-0.00982788583756197,0.0244527132833546,0.339259516230997,0.27907871365752,-0.0601808025734771
0.16907607784823,0.137751385255393,0.287677608997412,0.327134809093737,-0.0313246925928363,0.0394572000963246,0.799893730978545,0.523612961148493,-0.276280769830053
0.227752107188573,0.155004328223509,0.285475336094066,0.298067974371666,-0.0727477789650639,0.0125926382776004,1.22064921838315,0.682078334256625,-0.538570884126526
0.152981549069836,0.152964263211291,0.353955352574237,0.488862997616608,-1.72858585453795e-05,0.134907645042371,0.540652117176067,0.367382076071227,-0.173270041104839
0.140770279805534,0.0670611154469338,0.348690481073651,0.349145931222965,-0.0737091643586004,0.000455450149313752,0.497371560708229,0.211757615119733,-0.285613945588495
0.15524341458159,0.151663227601554,0.343926130789203,0.311397168941306,-0.0035801869800362,-0.0325289618478972,0.570487255009569,0.627493539293792,0.0570062842842232
0.181100523845492,0.0824823546286212,0.331332332037812,0.31483197020416,-0.0986181692168707,-0.0165003618336524,0.72734009792096,0.29951159384395,-0.42782850407701
0.13095689647037,0.0484619424586504,0.330277370784566,0.370016751509565,-0.0824949540117196,0.0397393807249991,0.486621075410638,0.139936196862581,-0.346684878548058
0.101620708376511,0.046755820873913,0.354425526742221,0.471870352621246,-0.0548648875025977,0.117444825879025,0.332050515491182,0.104161429108122,-0.227889086383059
0.175677876531449,0.081923486000283,0.364513487787008,0.256163803565881,-0.093754390531166,-0.108349684221127,0.619231491990646,0.376864737334147,-0.242366754656499
0.125631635801705,0.0130509172589509,0.371545072984227,0.368327999885557,-0.112580718542754,-0.00321707309867009,0.402326946288631,0.0360680920716203,-0.366258854217011
0.120143175351172,0.0190525882534872,0.341157502128516,0.47217609805251,-0.101090587097685,0.131018595923994,0.422140838643139,0.0411757450837369,-0.380965093559402
0.115042444795204,0.0465848634894593,0.379261591970735,0.388268853218798,-0.0684575813057442,0.0090072612480635,0.354364994211279,0.127475366071874,-0.226889628139404
0.112788011390915,0.143007550788558,0.338958244170796,0.224325005499082,0.0302195393976426,-0.114633238671714,0.394797138226765,0.891748632745913,0.496951494519149
0.185983384730528,0.10713650814556,0.344355021234443,0.405448020517453,-0.0788468765849677,0.0610929992830099,0.716164705208952,0.302443710229672,-0.41372099497928
0.16090465397525,0.112093698605452,0.347679982748693,0.396717861977297,-0.0488109553697981,0.0490378792286044,0.588508105216923,0.326511665592712,-0.261996439624211
0.141837903727177,0.162428781669408,0.304931405180412,0.222548935222218,0.0205908779422309,-0.0823824699581936,0.592248103730789,1.07478280583429,0.482534702103497
0.204834424180722,0.173179771835598,0.3216996779742,0.282344876725682,-0.0316546523451247,-0.0393548012485176,0.890281219728604,0.846630346365584,-0.0436508733630205
0.152321746371093,0.0740383578969619,0.32844324043674,0.273374620937257,-0.0782833884741308,-0.0550686194994827,0.590055398581687,0.311053655954585,-0.279001742627102
0.14416372539682,0.109777212144148,0.323778880571651,0.343487490858841,-0.0343865132526715,0.0197086102871898,0.560886050053853,0.376571453029186,-0.184314597024667
0.0922253847772611,0.00470285225715199,0.324778012272194,0.2508921623678,-0.0875225325201091,-0.0738858499043938,0.328385604162903,0.0189212977002551,-0.309464306462648
0.175376346632589,0.0767817233527898,0.350596351168133,0.349035231063353,-0.0985946232797989,-0.00156112010477943,0.649088920389776,0.246055212303599,-0.403033708086177
0.117278241950976,-0.0157317957746762,0.370704785450412,0.30741689562638,-0.133010037725652,-0.0632878898240319,0.372131815619752,-0.0498867981932856,-0.422018613813037
0.142739350880038,0.0613786119425071,0.411859041910652,0.314859429224097,-0.0813607389375304,-0.0969996126865554,0.414213164183145,0.215237741215296,-0.19897542296785
0.143467159752769,0.0987840278869108,0.347742106374238,0.2957870379872,-0.0446831318658586,-0.0519550683870378,0.510691807176395,0.396501393373632,-0.114190413802763
0.125909068066425,0.0601950054812768,0.325266637392516,0.321617862796379,-0.0657140625851484,-0.00364877459613716,0.472696295998251,0.205823973633295,-0.266872322364957
0.168160994222017,0.0907251931408947,0.310582142439674,0.364872599254694,-0.077435801081122,0.05429045681502,0.718476366799088,0.282291821157388,-0.436184545641701
0.144612933895502,0.0852400422844012,0.344438104920576,0.326506081166285,-0.0593728916111004,-0.0179320237542916,0.521735909634719,0.298314964501554,-0.223420945133165
0.123386331445129,0.0213684169278779,0.345116366697817,0.297969625489383,-0.102017914517252,-0.0471467412084344,0.429780520710563,0.0743473991392045,-0.355433121571358
0.104566821380503,0.0900805428103694,0.31661944540044,0.352136757141654,-0.0144862785701337,0.0355173117412132,0.391330193430579,0.291508928201773,-0.0998212652288053
0.132406480097627,0.0970791562357143,0.323466455835472,0.199868660850558,-0.0353273238619123,-0.123597794984914,0.505817659716081,0.625336299629539,0.119518639913458
0.137610915485697,0.145133431656164,0.334915287128886,0.382082797458613,0.00752251617046698,0.0471675103297268,0.508148521600603,0.462062512055746,-0.046086009544857
0.173455808001417,0.136783989137213,0.366373866176488,0.422595208961117,-0.0366718188642046,0.0562213427846295,0.605506620264262,0.382199605663232,-0.22330701460103
0.124853624897192,0.00673585108979155,0.368947643363429,0.334736273349134,-0.118117773807401,-0.0342113700142945,0.402708096171773,0.0203266894326108,-0.382381406739162
0.207181549657093,0.202505575478799,0.364545781680189,0.421377388843144,-0.00467597417829388,0.0568316071629555,0.765312856441283,0.61701211214836,-0.148300744292923
0.0699480170504545,0.035553749046592,0.363145973362482,0.280499089152679,-0.0343942680038625,-0.0826468842098028,0.212418111643303,0.135135179918542,-0.0772829317247603
0.151915342031471,0.0770613724009498,0.346056418795474,0.284938061938479,-0.0748539696305215,-0.0611183568569953,0.551139931648549,0.310553485790027,-0.240586445858523
0.0982527825002072,0.0689965232073878,0.342515309900225,0.411717584800888,-0.0292562592928193,0.0692022749006628,0.332233177979337,0.182442438641366,-0.149790739337971
0.0993089254537315,-0.0498316131346937,0.33959587875324,0.383580384036041,-0.149140538588425,0.0439845052828012,0.339682516563276,-0.121827106199548,-0.461509622762824
0.129296711381747,0.15359664087866,0.352952587054392,0.331328917311034,0.0242999294969126,-0.0216236697433584,0.442429491517489,0.589751205273598,0.147321713756109
0.165854845668099,0.0536978389919548,0.356317969308819,0.39735264758423,-0.112157006676144,0.0410346782754102,0.592760468002024,0.144695884725487,-0.448064583276537
0.105324936120281,0.0733460277988394,0.355172873396164,0.328300293119272,-0.0319789083214416,-0.0268725802768918,0.345203836552323,0.250334854530029,-0.0948689820222941
0.134643404296329,0.128154862855533,0.33674161990755,0.345810295153259,-0.00648854144079655,0.00906867524570831,0.491588837465184,0.448593326221945,-0.0429955112432396
0.128924824147002,0.090262083330795,0.323172789798099,0.329619223862415,-0.0386627408162065,0.00644643406431605,0.490236230144851,0.315001013883068,-0.175235216261783
0.10467093806612,0.195928856575426,0.37351014187172,0.313233265215202,0.0912579185093065,-0.0602768766565182,0.323441930477492,0.869188961820718,0.545747031343226
0.106352432793089,0.0216505860250847,0.358864923367593,0.325459619550773,-0.0847018467680039,-0.0334053038168196,0.344951345319622,0.0687856632726025,-0.27616568204702
0.0874319846427187,0.105307756736329,0.358538550951836,0.43755435775545,0.0178757720936105,0.0790158068036143,0.276161289633462,0.272105677385003,-0.00405561224845874
0.132802026224136,0.0972402341852111,0.321269894008014,0.273105138057992,-0.0355617920389245,-0.0481647559500221,0.511898162826656,0.427684941003507,-0.0842132218231495
0.153607290826303,0.0930214646926333,0.356119651400492,0.263668122683693,-0.0605858261336698,-0.0924515287167989,0.539312952530491,0.42304300300101,-0.116269949529481
0.121625690106309,0.112108955907767,0.381373702421405,0.313268310378348,-0.00951673419854279,-0.068105392043057,0.375634015153424,0.430277962982159,0.0546439478287346
0.144583644475444,0.187330093309909,0.375422607206827,0.405308188489006,0.0427464488344654,0.0298855812821794,0.469794170074821,0.587549656858727,0.117755486783906
0.134146361079841,0.0628274901174902,0.323587827292953,0.299206475654216,-0.071318870962351,-0.0243813516387369,0.513703588317828,0.233653858156661,-0.280049730161167
0.122391392156234,0.120246058042886,0.282962884225661,0.29574943637627,-0.00214533411334811,0.0127865521506096,0.541159638385882,0.501674550978177,-0.0394850874077051
0.128193898846543,0.00168621341010827,0.321077014950594,0.329424840346241,-0.126507685436435,0.00834782539564755,0.49072435865238,0.00513178167369621,-0.485592576978684
0.193736114610911,0.122961906463312,0.298489525768724,0.304426613220845,-0.0707742081475993,0.00593708745212118,0.913731468886177,0.497673839669471,-0.416057629216706
0.106033733585441,0.0402805403812074,0.337691837219152,0.281753741581175,-0.0657531932042334,-0.0559380956379761,0.368883642680089,0.153687852408271,-0.215195790271818
0.121332346319582,0.07551321585131,0.343819679858935,0.337146804991316,-0.0458191304682725,-0.00667287486761969,0.423182117080223,0.251042563909105,-0.172139553171119
0.134545630367645,0.0554814801173618,0.308053547651207,0.389480166549309,-0.0790641502502834,0.0814266188981022,0.547685406577985,0.153095514724555,-0.394589891853431
0.0919325513624118,0.081018600656112,0.331679370785614,0.40116850183747,-0.0109139507062998,0.0694891310518553,0.319394547381999,0.223794814939082,-0.0955997324429165
0.117798646479087,0.0357444242592902,0.277568716191881,0.362409330896848,-0.0820542222197973,0.0848406147049665,0.528664587831347,0.103657846086051,-0.425006741745296
0.139743823042715,0.0763342714454996,0.398343217641252,0.395120795581349,-0.0634095515972153,-0.00322242205990242,0.420221162829354,0.213115980141561,-0.207105182687793
0.123025952921243,0.0535428494053469,0.337192947505263,0.375999913535034,-0.069483103515896,0.0388069660297717,0.440302671570739,0.153039187315631,-0.287263484255108
0.16992593257607,0.0633430588675318,0.364339525661301,0.353433651107605,-0.106582873708538,-0.010905874553696,0.594235721148431,0.196286199024155,-0.397949522124276
0.176054536237259,0.132958349869434,0.291960457242236,0.361736144385888,-0.0430961863678242,0.0697756871436522,0.827608266004181,0.444200909384884,-0.383407356619296
0.142032326030495,0.131237850419712,0.323352670266666,0.269615674973684,-0.0107944756107831,-0.0537369952929819,0.551541520212616,0.627034411129481,0.0754928909168648
0.145401004071275,0.0347590896201486,0.334447567616671,0.275344810848733,-0.110641914451126,-0.0591027567679382,0.544576515703022,0.134552618539562,-0.41002389716346
0.142170450383511,0.124041014956385,0.356487880482491,0.355692209302395,-0.0181294354271256,-0.000795671180096436,0.490048470664442,0.417268352672829,-0.0727801179916123
0.210749619963974,0.204418900319939,0.35338865968832,0.482492797699516,-0.00633071964403431,0.129104138011196,0.815512517977947,0.527561142111447,-0.2879513758665
0.103539714358243,0.091857119932298,0.292546379094928,0.286970987176361,-0.0116825944259448,-0.00557539191856671,0.424649488663345,0.377254478900718,-0.047395009762627
0.196703483520601,0.149209855604185,0.370099515572551,0.385201136712089,-0.047493627916416,0.0151016211395378,0.701462349645521,0.47308037145413,-0.228381978191391
0.124030235137657,0.00258399649463929,0.350132487712194,0.379933461876798,-0.121446238643018,0.0298009741646037,0.425094330598596,0.00682436222242822,-0.418269968376168
0.19576562484128,0.15949764321776,0.345677888400661,0.38789397648001,-0.0362679816235199,0.042216088079349,0.761778530495512,0.508610094993089,-0.253168435502423
0.099780204768847,0.0851961043506199,0.338505214966415,0.307508857955147,-0.0145841004182272,-0.0309963570112681,0.342813597715337,0.31923565689571,-0.0235779408196268
0.139226146778943,0.0734144688354521,0.31457995060532,0.398585528299882,-0.0658116779434904,0.084005577694562,0.556715169825374,0.202241212667408,-0.354473957157966
0.118426248873485,0.113320860088277,0.398200770817475,0.363610126279954,-0.00510538878520843,-0.0345906445375217,0.346358262676344,0.365683248821149,0.0193249861448055
0.204914011348436,0.116226514231203,0.34578691231459,0.310386690711006,-0.0886874971172326,-0.0354002216035845,0.808688482075604,0.454201780452511,-0.354486701623093
0.141922665972668,0.129750357004476,0.363500200731031,0.357728737994875,-0.0121723089681918,-0.0057714627361567,0.477621245930403,0.437213245823023,-0.0404080001073808
0.137405102173513,-0.0118142502632388,0.34029930987916,0.403111065806817,-0.149219352436751,0.0628117559276574,0.497470271952943,-0.0288823753177249,-0.526352647270668
0.147280058974988,0.0847969596574433,0.342131509557861,0.39468853766266,-0.0624830993175447,0.052557028104799,0.537992377943372,0.239670049813526,-0.298322328129846
0.137508654569083,0.0902029091312211,0.367543640854933,0.204661374096324,-0.0473057454378623,-0.162882266758609,0.453724351473906,0.553860102453449,0.100135750979543
0.15232771227764,0.17721901028142,0.295150778473202,0.311130481127895,0.0248912980037799,0.0159797026546928,0.675482762249231,0.767554706222455,0.0920719439732245
0.153748766985706,0.104896460969309,0.367689367652067,0.236401051131103,-0.0488523060163967,-0.131288316520964,0.519146289857015,0.55849791315116,0.0393516232941444
0.129329835532535,0.0689540713178393,0.327589417493067,0.330211138909171,-0.060375764214696,0.00262172141610362,0.48407616978616,0.232220869608277,-0.251855300177883
0.140261865106592,0.145303621899817,0.309323608460404,0.273663720814457,0.00504175679322452,-0.0356598876459471,0.573727499853637,0.700558677279854,0.126831177426218
0.144506657784503,0.106201127228364,0.381667843651465,0.461313060583068,-0.0383055305561384,0.0796452169316027,0.460266417011089,0.258870476981274,-0.201395940029815
0.160301511687297,0.116315017132062,0.388951752738022,0.382079719589875,-0.0439864945552347,-0.00687203314814666,0.510041698353375,0.355846581953875,-0.154195116399499
0.125624847980318,0.132818525630782,0.329010729787796,0.239101549531769,0.00719367765046394,-0.0899091802560275,0.464957147355797,0.742794787879762,0.277837640523965
0.158363354546328,0.151782999759433,0.364730138005325,0.410311621116382,-0.00658035478689478,0.0455814831110569,0.543717122649538,0.447620652341109,-0.0960964703084288
0.141375626217847,0.123697989715862,0.303927939279414,0.466384328358011,-0.0176776365019853,0.162456389078596,0.592271582365534,0.303727652618373,-0.288543929747161
0.159589570556492,0.172689153007975,0.333813049251327,0.311950511052007,0.0130995824514828,-0.0218625381993193,0.612975617730051,0.73946689274799,0.126491275017939
0.114344954881391,0.0813815454110158,0.320162318877131,0.342643419427429,-0.0329634094703755,0.0224811005502984,0.429245699921885,0.268088813271951,-0.161156886649935
0.150377947278519,0.117274927346404,0.394198811928011,0.456793988331694,-0.0331030199321151,0.0625951764036829,0.464446600344472,0.292702296591304,-0.171744303753167
0.15452798715755,0.230334311140533,0.334957839794303,0.26442087667648,0.0758063239829829,-0.0705369631178231,0.586191140549787,1.3895133693155,0.803322228765708
0.0965660203607126,0.0601038158583852,0.31112315151629,0.238217912612465,-0.0364622045023274,-0.0729052389038253,0.363941633297802,0.286989834806211,-0.0769517984915906
0.177135534479983,0.057831039457555,0.376908185041035,0.315246367367708,-0.119304495022429,-0.0616618176733267,0.599946171852232,0.201351441121093,-0.398594730731139
0.136216904596507,0.0946001177635039,0.341935891816901,0.173874149952786,-0.041616786833003,-0.168061741864115,0.489394583238881,0.723009295132355,0.233614711893474
0.0936288693229077,0.0846945732008841,0.386981357394244,0.26958977378933,-0.00893429612202359,-0.117391583604915,0.273726324237146,0.369110045376575,0.0953837211394288
0.133805522080813,0.0612055790121544,0.321028896736356,0.31415160233098,-0.0725999430686587,-0.0068772944053761,0.517102266460691,0.215102166819322,-0.302000099641369
0.151808712216749,0.109033809135437,0.308878103049916,0.28288038890469,-0.0427749030813119,-0.0259977141452255,0.634740728077412,0.47026313161722,-0.164477596460192
0.159090274439416,0.151295843346329,0.314020372743472,0.380333558903713,-0.00779443109308636,0.0663131861602404,0.659678741652679,0.488542978303146,-0.171135763349533
0.147892138250063,0.132834031114384,0.349234728745061,0.26138305147382,-0.0150581071356795,-0.0878516772712418,0.527259403606819,0.662291052576743,0.135031648969923
0.123389131917562,0.0720011956020516,0.35349151705081,0.351819936166033,-0.0513879363155102,-0.00167158088477665,0.417731777173195,0.227099851071499,-0.190631926101696
0.130978847247071,-0.00946490018807419,0.291631447890584,0.42097084198212,-0.140443747435145,0.129339394091536,0.566939831294979,-0.0222326350328417,-0.589172466327821
0.135216230775979,0.0706352589451374,0.377326087074532,0.340409305925516,-0.0645809718308417,-0.0369167811490163,0.430971784612248,0.230598902453697,-0.200372882158552
0.183491918925375,0.0807152262632283,0.373930690190621,0.422833760258234,-0.102776692662147,0.048903070067613,0.633477279414089,0.210327710784038,-0.423149568630051
0.111869107228721,0.0838431051906517,0.3483839354711,0.497091303731418,-0.0280260020380692,0.148707368260318,0.378655411259812,0.183726383741358,-0.194929027518454
0.164003052598421,0.128312979827809,0.390284914704939,0.292156921737163,-0.0356900727706124,-0.0981279929677759,0.522286773241511,0.551453122163143,0.0291663489216318
0.0927242237232649,0.0331430131034297,0.35264178216595,0.309890188361044,-0.0595812106198353,-0.0427515938049054,0.300750860942,0.112879533742877,-0.187871327199123
0.126590469503359,0.0753768795194669,0.336102564756548,0.246298522202156,-0.0512135899838925,-0.089804042554392,0.457383025067557,0.358034861330101,-0.0993481637374565
0.207378445113651,0.116670951973713,0.341540129738617,0.417179195933054,-0.0907074931399381,0.0756390661944373,0.835260026673407,0.322688325272405,-0.512571701401002
0.142306944955252,-0.0119639866702153,0.346391615636647,0.344755458938884,-0.154270931625467,-0.00163615669776335,0.50806407608786,-0.0341075825784801,-0.542171658666341
0.103487408723942,0.0605165342164636,0.341426624731835,0.385122396804708,-0.042970874507478,0.0436957720728725,0.354053823636314,0.170154565686531,-0.183899257949784
0.138439981332568,0.113679589213794,0.326901004522844,0.27040687690121,-0.024760392118774,-0.0564941276216341,0.52728563432698,0.522573492241065,-0.00471214208591575
0.120749319135777,0.0889561979268154,0.325393896874828,0.354833984136801,-0.0317931212089613,0.029440087261973,0.449308597154934,0.284922079859155,-0.16438651729578
0.0903388984362115,0.0136921498696732,0.346042831667653,0.290379601087393,-0.0766467485665383,-0.05566323058026,0.298309151222641,0.0482819527585101,-0.25002719846413
0.153347067598262,0.164177733857834,0.2805876838418,0.367449654792446,0.0108306662595719,0.0868619709506461,0.727233544792286,0.563306832599069,-0.163926712193217
0.122682269154125,0.103239777256306,0.335770690273782,0.409896341110883,-0.0194424918978194,0.0741256508371009,0.441054530503859,0.286426235433418,-0.154628295070441
0.128201405987959,0.0680694351911798,0.377215115023747,0.36698738400358,-0.0601319707967788,-0.0102277310201676,0.404754922412749,0.203798141619841,-0.200956780792908
0.155824529085619,0.172469370214158,0.371399091954738,0.353018352780989,0.0166448411285393,-0.0183807391737498,0.521293375437935,0.629961483577402,0.108668108139467
0.148834562164234,0.153659571157804,0.333733199338393,0.319864672895782,0.00482500899357052,-0.0138685264426106,0.562002580275979,0.616703686952148,0.0547011066761691
0.150982216553753,0.10152412719161,0.296789715359703,0.28933024665529,-0.049458089362143,-0.00745946870441377,0.663157357674584,0.420336171292884,-0.2428211863817
0.177918325910494,0.136589053812173,0.336968733623662,0.302347092020812,-0.0413292720983207,-0.0346216416028501,0.695531975411013,0.571078646543124,-0.124453328867889
0.203504265690628,0.12347485865175,0.309856287698916,0.29384792885616,-0.0800294070388779,-0.0160083588427561,0.928552735924717,0.522265765694663,-0.406286970230055
0.135250749732123,0.0617901153020078,0.337271524753014,0.368698935235526,-0.0734606344301149,0.0314274104825115,0.49333882376804,0.182451259448897,-0.310887564319143
0.0799613457785171,0.0302005251291458,0.337245595939239,0.213745279882065,-0.0497608206493713,-0.123500316057174,0.267569427970022,0.151761058800438,-0.115808369169584
0.166738335663737,0.0376508547540002,0.309860592457384,0.341166216783787,-0.129087480909737,0.0313056243264027,0.712762538982628,0.116679188127941,-0.596083350854687
0.12515022819349,0.103621621872312,0.301324414485666,0.299435440288276,-0.0215286063211776,-0.00188897419739031,0.514876392870073,0.413482670892368,-0.101393721977704
0.065687772349319,0.123977443532179,0.334314798478268,0.335208522205953,0.0582896711828598,0.000893723727684648,0.217116806120542,0.447519939052122,0.23040313293158
0.154413463340307,0.139902241207467,0.358341810575686,0.328116967377702,-0.0145112221328399,-0.0302248431979841,0.538658755262996,0.531701444916361,-0.00695731034663516
0.178631441869301,0.202122764582819,0.333212606970237,0.302240850766267,0.0234913227135189,-0.0309717562039699,0.7093077870199,0.951790855701717,0.242483068681818
0.195741823375689,0.154062098695548,0.332665395425542,0.372832187026425,-0.0416797246801404,0.0401667916008833,0.801112488554865,0.511679108777191,-0.289433379777674
0.145402804657968,0.10556566233661,0.270858398867138,0.40799961643264,-0.0398371423213577,0.137141217565502,0.710562410392452,0.295296480886176,-0.415265929506276
0.109001217442188,0.0661889541173302,0.334353687231144,0.280662804046316,-0.0428122633248574,-0.053690883184828,0.385423305494983,0.265960184104377,-0.119463121390607
0.163189081936302,0.110839542686626,0.300663286278314,0.380813896488591,-0.0523495392496762,0.0801506102102774,0.720755745087676,0.337844325176191,-0.382911419911485
0.145684622037774,0.0706374783538193,0.350240619273983,0.385559346106274,-0.0750471436839551,0.035318726832291,0.515818890074339,0.201063959455506,-0.314754930618833
0.12257441527395,0.162217328007803,0.37380444954794,0.304229372367218,0.0396429127338531,-0.0695750771807221,0.388064776972867,0.704390074248958,0.316325297276091
0.126156201800081,0.0450774416466803,0.342835156969951,0.243617401682983,-0.0810787601534006,-0.0992177552869676,0.444811965527477,0.20325905066034,-0.241552914867137
0.138000982950122,0.0466210192402002,0.353378318109159,0.337668668546308,-0.0913799637099216,-0.0157096495628506,0.477747694491667,0.148052872417451,-0.329694822074216
0.133200686338949,0.0966200969609843,0.30253598140306,0.352951730713271,-0.0365805893779644,0.0504157493102109,0.553142778957326,0.314884402987306,-0.23825837597002
0.0687548328021758,-0.0418175167775946,0.31324719537772,0.370019986646614,-0.11057234957977,0.056772791268894,0.245442212073974,-0.106862032194893,-0.352304244268867
0.146987477643109,0.0748428938498533,0.353625906776689,0.398463899803259,-0.0721445837932557,0.0448379930265693,0.515367698029045,0.206626613371774,-0.308741084657272
0.136556897819455,0.0586819952101052,0.283891446488262,0.299291002647141,-0.0778749026093502,0.0153995561588796,0.617720415075248,0.216612099023279,-0.40110831605197
0.103732190153248,0.00173984833273208,0.315007613704322,0.353820148587866,-0.101992341820516,0.0388125348835435,0.389995598808371,0.00492943394821754,-0.385066164860154
0.127327039637591,0.101229305500139,0.346909609359801,0.299291109760581,-0.026097734137453,-0.0476184995992204,0.443444574167887,0.402463376973998,-0.0409811971938885
0.157950015248307,0.121792892888192,0.319424718186804,0.352349667391243,-0.0361571223601151,0.0329249492044391,0.639649921957727,0.412920965113741,-0.226728956843986
0.15000252869604,0.0889490522056332,0.36163711277858,0.331991955890032,-0.0610534764904068,-0.0296451568885475,0.514048865508972,0.307249515647479,-0.206799349861494
0.127106307099465,0.0930295065226837,0.311110069855192,0.413673060210799,-0.0340768005767816,0.102562990355607,0.504645548481694,0.252180645768455,-0.252464902713239
0.102061837431832,0.0237764517068602,0.36356514397263,0.393821723705671,-0.078285385724972,0.0302565797330407,0.324089474394783,0.0622333672659645,-0.261856107128819
0.170292278606998,0.0302577251218027,0.326647443767548,0.354407600510489,-0.140034553485196,0.0277601567429409,0.684272250821014,0.0891259537231957,-0.595146297097818
0.16690310660309,0.197274271948422,0.323861458305561,0.3859631242012,0.0303711653453319,0.0621016658956383,0.674230085347813,0.667160821124051,-0.00706926422376131
0.152551326759091,0.210339978596344,0.293112021711322,0.362414139967352,0.0577886518372527,0.0693021182560299,0.682791478616546,0.786727410446802,0.103935931830257
0.104215840404183,0.000192392310061046,0.362495555963747,0.355932458561448,-0.104023448094122,-0.00656309740229855,0.333084590674942,0.000540676501249004,-0.332543914173693
0.213122775387296,0.147151393818229,0.35103359097099,0.514603525212755,-0.0659713815690665,0.163569934241765,0.835155632981329,0.331027236372318,-0.504128396609011
0.161197619475453,0.105027624766458,0.377102172918046,0.393197495710401,-0.0561699947089952,0.0160953227923548,0.533364043570554,0.306186250339066,-0.227177793231489
0.127757226524312,0.0522615941799716,0.330099592130249,0.34030587276271,-0.0754956323443408,0.0102062806324614,0.472595232288885,0.165992217545191,-0.306603014743694
0.127040341683188,-0.00438223642021532,0.401595967832397,0.383923632196947,-0.131422578103403,-0.0176723356354501,0.372094889398562,-0.0113494475595214,-0.383444336958083
0.131573863692535,0.0988887012372411,0.315499857573309,0.244953357867554,-0.0326851624552942,-0.0705464997057555,0.517452643784396,0.497360973453474,-0.0200916703309224
0.113224437532991,0.0715414194030237,0.312564036017723,0.433895735126717,-0.0416830181299675,0.121331699108995,0.436549375295832,0.179253476945471,-0.257295898350361
0.125021603586077,0.0438315884988717,0.403932636580243,0.39870530837947,-0.0811900150872051,-0.00522732820077276,0.362758593630771,0.116205291958289,-0.246553301672481
0.199304995453078,0.141655360746255,0.349994294954711,0.397414529325694,-0.0576496347068235,0.0474202343709825,0.767298529750837,0.428239161366702,-0.339059368384136
0.163807600582806,0.119330254260975,0.376697476342928,0.32745241453836,-0.0444773463218319,-0.0492450618045681,0.544734214662005,0.439678951679704,-0.105055262982301
0.172964627298539,0.125423172410237,0.317468295564837,0.276754165675897,-0.0475414548883016,-0.0407141298889399,0.724306402262537,0.573328501934243,-0.150977900328294
0.173267310697336,0.161597249857826,0.33971176347131,0.28932391494476,-0.0116700608395094,-0.05038784852655,0.665361351565007,0.74810793308118,0.0827465815161732
0.104397063948715,0.0572018809325615,0.27255457356392,0.296746761162917,-0.0471951830161537,0.0241921875989967,0.466724644470431,0.212595721735823,-0.254128922734609
0.104345273254333,0.0253534666381314,0.325381984984398,0.284276587753972,-0.0789918066162017,-0.041105397230426,0.378072061233829,0.0932838916404457,-0.284788169593383
0.136558672354469,0.0745992683665429,0.355653577560169,0.440502282150576,-0.061959403987926,0.0848487045904065,0.468094662004279,0.184535209831822,-0.283559452172457
0.15845509238226,0.0585667084840183,0.322319226166184,0.373322894850934,-0.0998883838982422,0.0510036686847499,0.634945034793874,0.169854636047156,-0.465090398746718
0.084088873251553,-0.0351069139611992,0.339105911363287,0.306664277008901,-0.119195787212752,-0.0324416343543854,0.281424438011001,-0.108170188897679,-0.38959462690868
0.165595335940678,0.0826142977710447,0.382238705561812,0.550690079153992,-0.0829810381696334,0.16845137359218,0.542223071829788,0.161856998809732,-0.380366073020057
0.156620407691827,0.12074691682439,0.335734444586834,0.390813090030439,-0.0358734908674366,0.0550786454436049,0.594405375931832,0.362012435468959,-0.232392940462872
0.245857161994228,0.16937539778472,0.352554684393383,0.39987037073868,-0.0764817642095082,0.0473156863452964,1.00844128838845,0.527413472526482,-0.48102781586197
0.190951423115649,0.10156447166211,0.357089653873578,0.347087246845417,-0.0893869514535388,-0.0100024070281606,0.70701058551521,0.33993275259035,-0.36707783292486
0.21357832699611,0.102836940534067,0.310594301130982,0.223272967315738,-0.110741386462042,-0.0873213338152442,0.989023992565173,0.585006340853461,-0.404017651711712
0.0721150714227752,0.0327981448436196,0.279750855917602,0.352885062396848,-0.0393169265791556,0.0731342064792452,0.294058239074896,0.0973990215443128,-0.196659217530583
0.177269381562658,0.15159032182799,0.289888090747418,0.308073460795442,-0.0256790597346682,0.0181853700480245,0.843212010179873,0.635680636288137,-0.207531373891736
0.123401197446621,0.0358445784046279,0.325748438648383,0.289895325040728,-0.0875566190419928,-0.0358531136076554,0.460565374772435,0.131615915015804,-0.328949459756631
0.209115837038909,0.172489145049637,0.323225650804205,0.385197553787957,-0.0366266919892717,0.0619719029837512,0.909736885017505,0.564856268122986,-0.344880616894518
0.160083025288034,0.115786609302531,0.33313818572695,0.400574945172659,-0.044296415985503,0.0674367594457085,0.61693179369524,0.335159889356397,-0.281771904338843
0.153991020676169,0.00693547484323512,0.361752826832889,0.331704096527088,-0.147055545832934,-0.0300487303058015,0.530631222149572,0.0211287364346184,-0.509502485714954
0.158044374047737,0.0745507578448704,0.332294411256789,0.383115405348628,-0.0834936162028662,0.0508209940918382,0.609004242094888,0.214813861054211,-0.394190381040677
0.125572199149908,0.081557496127662,0.340121561898415,0.374571746309219,-0.0440147030222456,0.0344501844108037,0.446573991613932,0.243257948865172,-0.20331604274876
0.147346109246511,0.112623196801414,0.346580957285835,0.419990719417193,-0.0347229124450972,0.073409762131358,0.529807583533741,0.307551617156235,-0.222255966377506
0.17078321070301,0.154654803430668,0.360910290271908,0.258090583308443,-0.0161284072723417,-0.102819706963465,0.605124427156777,0.820710546747639,0.215586119590862
0.0982751270500913,-0.0163192682594445,0.282415823241269,0.250150966987946,-0.114594395309536,-0.0322648562533228,0.41620427077729,-0.0631552305661389,-0.479359501343429
0.164477998804261,0.06202350671089,0.352988009352415,0.357170478624026,-0.102454492093371,0.00418246927161092,0.593541928946873,0.189641960698298,-0.403899968248575
0.147511422670131,0.094644901610235,0.33917396005003,0.359906416330646,-0.0528665210598961,0.0207324562806154,0.544829828952704,0.300788819876577,-0.244041009076127
0.173865855662679,0.127974507215627,0.363424437233847,0.350839522742033,-0.0458913484470522,-0.0125849144918139,0.613506755284509,0.440177697425094,-0.173329057859415
0.169223664543579,0.167337085796473,0.305972883215073,0.402152332902088,-0.00188657874710582,0.0961794496870151,0.738577973940086,0.516043120047295,-0.22253485389279
0.170430814713176,0.0894755951864063,0.361624389522385,0.380080729562346,-0.0809552195267699,0.0184563400399616,0.602063310585187,0.265430119990534,-0.336633190594653
0.139798236383238,0.0784456743083271,0.378832725466548,0.336239020493619,-0.0613525620749111,-0.0425937049729293,0.446321813714162,0.262764422350483,-0.183557391363679
0.121870168281996,0.0460160113644932,0.326231269849854,0.329434271595263,-0.075854156917503,0.00320300174540944,0.45291205364989,0.1499079772324,-0.30300407641749
0.206092067555462,0.124974083029309,0.342914358279222,0.418798264300567,-0.0811179845261525,0.0758839060213451,0.823944693368986,0.347715823890796,-0.47622886947819
0.18098610040077,0.0125132399649081,0.372491055108101,0.242606154285981,-0.168472860435862,-0.12988490082212,0.625605551460146,0.0529317446079662,-0.572673806852179
0.118238800175454,0.0199250417134819,0.335830680692722,0.268562787747349,-0.0983137584619718,-0.0672678929453727,0.422020308244345,0.0770128959772125,-0.345007412267133
0.169417732888375,0.0756227326244425,0.344700603006806,0.335817338092513,-0.0937950002639321,-0.00888326491429309,0.634754136951381,0.252560778058353,-0.382193358893028
0.152950665802747,0.128894294413636,0.325718368822466,0.437808852269041,-0.0240563713891113,0.112090483446574,0.599321522513235,0.342331051840895,-0.256990470672339
0.143946749412023,0.105191473137153,0.322627619363222,0.392137813613714,-0.03875527627487,0.0695101942504926,0.562316962704281,0.307675700481781,-0.2546412622225
0.065760328945082,0.005345574775828,0.363341242490872,0.252615760224879,-0.060414754169254,-0.110725482265993,0.198400548220073,0.0213863711373192,-0.177014177082754
0.180264599479921,0.0883234023855534,0.365782031327358,0.351954920986097,-0.0919411970943675,-0.0138271103412612,0.636925395337828,0.285246970599251,-0.351678424738578
0.145153965854393,0.119746349649707,0.3302999697347,0.434105096641904,-0.0254076162046867,0.103805126907204,0.551870585826963,0.317645523458661,-0.234225062368302
0.184819696363307,0.115246067102796,0.320477709579762,0.388669448369902,-0.0695736292605108,0.0681917387901406,0.780155336093388,0.345161856890539,-0.434993479202849
0.121464558234918,0.122028946096779,0.316683173441544,0.380330464991338,0.000564387861861249,0.0636472915497942,0.467488294009953,0.378298517617408,-0.0891897763925453
0.145137016558106,0.0796287700839317,0.36090478798626,0.326905855359332,-0.0655082464741739,-0.0339989326269274,0.495032075244379,0.275812444383729,-0.21921963086065
0.155570221555951,0.0671807623880283,0.298258210817474,0.312056207526378,-0.0883894591679226,0.013797996708904,0.684713924132626,0.240214281597109,-0.444499642535517
0.130128399435537,0.0630243473823491,0.332856462074564,0.320597492813073,-0.0671040520531882,-0.0122589692614912,0.478376444800374,0.21723760195727,-0.261138842843104
0.149047557955917,0.109774354571332,0.333591195351352,0.284806850564112,-0.0392732033845848,-0.048784344787239,0.563296977063921,0.470252845138856,-0.0930441319250648
0.141930601604858,0.0193237554399603,0.335374873727012,0.240164575847409,-0.122606846164898,-0.0952102978796031,0.526839428688212,0.0837860072994276,-0.443053421388784
0.145555749839643,0.118333559367209,0.367539203947426,0.295248423619376,-0.0272221904724334,-0.0722907803280505,0.48591065555986,0.493008476703459,0.0070978211435988
0.148196604809427,0.116926494835555,0.354433107097646,0.390502446394344,-0.0312701099738713,0.0360693392966984,0.519107387857043,0.349083897680336,-0.170023490176707
0.134994628612567,0.0963295715279617,0.356880028614888,0.403660878247855,-0.0386650570846057,0.0467808496329671,0.459747289887092,0.269521236456623,-0.19022605343047
0.149619255402763,0.0317131107498428,0.316139880413407,0.289743685416216,-0.117906144652921,-0.0263961949971912,0.605233388219515,0.115666844542623,-0.489566543676892
0.134682263778777,0.177363913110299,0.416216350036242,0.392381249008687,0.0426816493315214,-0.0238351010275549,0.382076603269333,0.571482340371819,0.189405737102486
0.1536409358922,0.158245583047676,0.338245517261316,0.364404505641445,0.00460464715547626,0.0261589883801282,0.57495868145596,0.54381716916233,-0.0311415122936307
0.166063530762562,0.0612315933715763,0.372817258604127,0.236562075655323,-0.104831937390986,-0.136255182948804,0.561159421581388,0.295425784617788,-0.265733636963599
0.121948862670984,0.0825719860909205,0.353524443801559,0.406329847036536,-0.0393768765800631,0.0528054032349767,0.411921741332362,0.225334880608148,-0.186586860724214
0.179684238002733,0.172767623714587,0.307694417260275,0.298678884488626,-0.00691661428814594,-0.00901553277164885,0.793142683890702,0.783253247163082,-0.00988943672762033
0.120588271842633,0.0834883190121623,0.331903534071897,0.422092842298698,-0.0370999528304711,0.0901893082268004,0.438100655164276,0.218713875520791,-0.219386779643485
0.155163602559948,0.0449377727843735,0.416976795616598,0.458205934511309,-0.110225829775574,0.041229138894711,0.450800795751453,0.103043646575624,-0.347757149175829
0.11058908572736,0.0738800021238101,0.312453602494096,0.393897342277424,-0.03670908360355,0.0814437397833281,0.424666318951632,0.206304513752842,-0.21836180519879
0.170393410381259,0.0236611468021662,0.327657805308207,0.369778275998171,-0.146732263579093,0.0421204706899647,0.68208592412672,0.0660789555431949,-0.616006968583525
0.14085352957954,0.156259223311863,0.39689928001797,0.45456270858092,0.015405693732324,0.0576634285629497,0.426016396369329,0.410236248731856,-0.0157801476374728
0.144331721674324,0.123571792713138,0.343984787142874,0.304348527486153,-0.0207599289611867,-0.0396362596567214,0.521333897169265,0.500833572738564,-0.0205003244307014
0.112000529439311,0.0623840611160928,0.296954492847539,0.254849573324616,-0.0496164683232186,-0.0421049195229233,0.458143352115978,0.27735020431606,-0.180793147799918
0.121936984708133,0.000500119533397195,0.371130774454654,0.363571184148337,-0.121436865174735,-0.0075595903063167,0.388960054311571,0.00137652181753345,-0.387583532494038
0.119222692570369,0.0401653805584815,0.313303395116589,0.265775257709606,-0.0790573120118872,-0.0475281374069823,0.46306611750161,0.163142456359106,-0.299923661142504
0.100326303288929,0.0395318190362156,0.320993182059609,0.189828753099524,-0.060794484252713,-0.131164428960085,0.366905791814941,0.231520889375207,-0.135384902439735
0.187479130037373,0.18780938623242,0.360813685599991,0.448639342722496,0.000330256195047535,0.0878256571225047,0.68135655288766,0.51986264498522,-0.16149390790244
0.204409073584514,0.110422651795814,0.321123466260329,0.381155888051008,-0.0939864217887003,0.0600324217906797,0.889937117625401,0.336032897831716,-0.553904219793685
0.0863818938636378,-0.0022637261007226,0.347149729758596,0.310526655079698,-0.0886456199643604,-0.0366230746788982,0.282526300426043,-0.00726345015556285,-0.289789750581606
0.149607479938062,0.149508886758136,0.348041227611418,0.444992626427292,-9.85931799265816e-05,0.0969513988158748,0.537035600298871,0.399311868889602,-0.137723731409269
0.133880530935512,0.0728947172981073,0.368367965194763,0.368844664082078,-0.0609858136374044,0.000476698887315274,0.438271984992843,0.218511283878353,-0.21976070111449
0.144177739885496,0.165702792874092,0.358070680027352,0.423104222678981,0.0215250529885955,0.0650335426516291,0.495785701140717,0.479398928611612,-0.0163867725291049
0.182805735614776,0.169883663211547,0.349505557561115,0.414913880230281,-0.0129220724032282,0.0654083226691661,0.687150477635126,0.50597900931196,-0.181171468323166
0.146510275483065,0.0914521231380771,0.361855031631677,0.400811553368167,-0.0550581523449879,0.0389565217364899,0.499132580073065,0.25629559013954,-0.242836989933525
0.163008063773096,0.121968757480111,0.352870664450854,0.396052131809905,-0.0410393062929855,0.0431814673590508,0.587163515581583,0.360648427366724,-0.226515088214859
0.150981319738058,0.105699399849325,0.35949505344637,0.333938887858069,-0.0452819198887333,-0.0255561655883007,0.521933602584187,0.372348057575489,-0.149585545008698
0.0985523060031838,0.0248129610494877,0.359885320766214,0.325922408492535,-0.073739344953696,-0.033962912273679,0.315009170532311,0.0791044644405967,-0.235904706091714
0.152768635518726,0.145619257784783,0.278781616586627,0.226143479996545,-0.00714937773394314,-0.0526381365900823,0.729767078090201,0.90393765702101,0.174170578930809
0.14672329053159,0.100167294013304,0.354153450948368,0.376396217890293,-0.046555996518286,0.0222427669419257,0.51330043708051,0.304894175753208,-0.208406261327302
0.181109297215825,0.0972699662378288,0.37445725230486,0.324012966640473,-0.0838393309779958,-0.0504442856643876,0.621997050861605,0.350134113525699,-0.271862937335906
0.145739614411385,0.107502435874298,0.335820123405408,0.255753025598305,-0.0382371785370871,-0.080067097807102,0.54338982578819,0.522474402330254,-0.0209154234579367
0.188554540116251,0.206150111638489,0.361996281537769,0.410889238057982,0.0175955715222375,0.0488929565202129,0.683498798229703,0.651554539870994,-0.0319442583587086
0.144180352308952,0.0129445993850096,0.314774268860701,0.348456095701809,-0.131235752923942,0.0336818268411073,0.580977997553523,0.0378470645079421,-0.54313093304558
0.0722993552227738,0.0213746973152597,0.323129738522145,0.281637533689006,-0.0509246579075142,-0.0414922048331391,0.250754715071555,0.0788485868646718,-0.171906128206883
0.193984659832761,0.0468481102255167,0.35258825617737,0.298539539388626,-0.147136549607245,-0.054048716788744,0.733553492313482,0.1699070563625,-0.563646435950981
0.162850437271595,0.150224251293641,0.33386609108959,0.279300489800281,-0.0126261859779534,-0.0545656012893085,0.628683010658257,0.712336632538818,0.083653621880561
0.190087278935705,0.08923887845859,0.316240355462594,0.368849947538584,-0.100848400477115,0.0526095920759901,0.824096554219354,0.273715426702331,-0.550381127517024
0.149462608144325,0.087655723003686,0.36996979575921,0.408195828080973,-0.061806885140639,0.0382260323217622,0.497782938316078,0.239538818296382,-0.258244120019696
0.133827836021953,0.107248533240481,0.371327089182452,0.292350607315542,-0.0265793027814728,-0.0789764818669108,0.433908858338555,0.443180008634386,0.00927115029583048
0.133591305215916,0.117555295551549,0.34187787579877,0.348450540568862,-0.0160360096643664,0.00657266477009272,0.478099862782756,0.401251548507763,-0.0768483142749927
0.14068935931961,0.0725086088934628,0.338245604830365,0.331618112299348,-0.0681807504261469,-0.00662749253101708,0.515792599113324,0.244396820145673,-0.271395778967651
0.114521223800438,0.0454727980782725,0.338702386949685,0.234101933752786,-0.0690484257221653,-0.104600453196899,0.402305345249701,0.214392050526164,-0.187913294723537
0.158786379512354,0.0865826283620012,0.366055401793182,0.404368065660644,-0.072203751150353,0.0383126638674615,0.54307457860306,0.238769270849234,-0.304305307753825
0.11538247981828,0.0223396904003823,0.358990741826445,0.352002766993118,-0.0930427894178976,-0.00698797483332714,0.379068062419318,0.0655216917865293,-0.313546370632789
0.124382739148562,0.0965372359586183,0.310193725162784,0.323275186563188,-0.0278455031899432,0.0130814614004042,0.49329346447232,0.348000621966637,-0.145292842505683
0.15458127189489,0.108287488107926,0.394768475991147,0.524604930270672,-0.0462937837869638,0.129836454279526,0.479308144198033,0.22926596387714,-0.250042180320893
0.108014144195104,0.0592375441314125,0.34821401924581,0.369734533896967,-0.0487766000636914,0.0215205146511571,0.363690602603067,0.173764872111654,-0.189925730491413
0.134679373783602,0.0575582678039797,0.34578890531538,0.191678994559328,-0.077121105979622,-0.154109910756052,0.476219413921145,0.350243156004813,-0.125976257916331
0.103771714275793,0.0259471616722057,0.331638805290467,0.28942812946427,-0.0778245526035872,-0.0422106758261973,0.367392752006396,0.0937911246686152,-0.273601627337781
0.128425117986313,0.113975897232386,0.377624744520703,0.361139700575392,-0.0144492207539267,-0.0164850439453103,0.405069273767995,0.371082501898301,-0.0339867718696938
0.16372753034667,0.13710872132986,0.359000873025047,0.365548830447496,-0.0266188090168104,0.00654795742244857,0.577852010499571,0.455102508483976,-0.122749502015595
0.178759032907833,0.152341257040801,0.321873547064871,0.378456122168759,-0.0264177758670323,0.0565825751038886,0.742586277671817,0.495608986140425,-0.246977291531392
0.11376632990726,-0.0165335137001533,0.384850014831346,0.417033073543747,-0.130299843607413,0.032183058712401,0.343948768857211,-0.0388699674096791,-0.38281873626689
0.156224013122973,0.0660130780009191,0.301593555726117,0.374245717922457,-0.090210935122054,0.07265216219634,0.6786588925415,0.19290280435732,-0.48575608818418
0.187123623282614,0.190573402830682,0.37215471429555,0.474861583867091,0.00344977954806841,0.102706869571542,0.65336296473444,0.493801346984372,-0.159561617750067
0.144479781005005,0.101525472727262,0.395407865941875,0.447497666715841,-0.0429543082777423,0.0520898007739661,0.441082117057726,0.254671452762479,-0.186410664295248
0.170937417186476,0.167742437513142,0.345754724982548,0.413377334826895,-0.00319497967333451,0.0676226098443472,0.639496601264606,0.500480334564264,-0.139016266700341
0.152646820507546,0.180956845395549,0.293188738182282,0.385161727567662,0.0283100248880027,0.0919729893853802,0.68311043850684,0.599706895304699,-0.0834035432021412
0.155609670050245,0.114565373708773,0.300283018430763,0.38637318466115,-0.041044296341472,0.0860901662303869,0.679019552818556,0.345162489608689,-0.333857063209867
0.148859649166708,0.126688527701413,0.346669398129582,0.294366196225174,-0.0221711214652953,-0.0523032019044085,0.536334601933078,0.53783763480433,0.0015030328712522
0.164692950231955,0.121280305195491,0.364429921559235,0.236534922608364,-0.0434126450364647,-0.127894998950871,0.571325289217108,0.669856036085447,0.0985307468683383
0.18216294690406,0.0974544165973374,0.365895869631973,0.373855484120919,-0.0847085303067222,0.00795961448894611,0.645187918564446,0.297804554299266,-0.34738336426518
0.168071568692541,0.141119438018056,0.353071192731927,0.285480080839619,-0.0269521306744842,-0.0675911118923083,0.609667151241466,0.639388388201441,0.0297212369599751
0.10254411110313,0.110642897064094,0.364099460859138,0.297188429541413,0.00809878596096406,-0.0669110313177248,0.32529839136618,0.451066501890428,0.125768110524248
0.127879154075265,0.00543495655757381,0.339499328898955,0.287987848491788,-0.122444197517691,-0.0515114804071666,0.457423030731658,0.0190513782195949,-0.438371652512063
0.194320014950242,0.14082123802826,0.334894273922699,0.362036660185906,-0.0534987769219822,0.0271423862632078,0.786472260198603,0.475459627925449,-0.311012632273154
0.118117412955065,0.0623964093771743,0.288641286346695,0.243941164128698,-0.0557210035778909,-0.044700122217997,0.505640973324596,0.291474600593401,-0.214166372731194
0.155975603107332,0.101510009524848,0.319825022673576,0.263702872013234,-0.0544655935824839,-0.0561221506603422,0.628550622913467,0.469527406492929,-0.159023216420538
0.140635792287011,0.103474269999294,0.349066658568075,0.24620389444329,-0.0371615222877174,-0.102862764124784,0.4961437051623,0.522385892439092,0.026242187276792
0.134624201497849,0.0505074137286111,0.333044359082869,0.25680227120808,-0.0841167877692381,-0.0762420878747883,0.498138046377098,0.217352258707863,-0.280785787669235
0.127111340817571,0.165135818641753,0.359692265979374,0.248552626155246,0.0380244778241815,-0.111139639824128,0.423885127398566,0.943304269630394,0.519419142231828
0.129923122730342,0.11779367441623,0.313113795925431,0.28762832981239,-0.0121294483141119,-0.0254854661130411,0.514278354140482,0.506116263794584,-0.00816209034589765
0.142783114055791,0.101092328933049,0.316437305798667,0.36846006793216,-0.0416907851227418,0.0520227621334924,0.570228048320752,0.315694166239019,-0.254533882081734
0.124549197470923,0.0835998987793459,0.301421516427322,0.365726736439115,-0.0409492986915773,0.0643052200117931,0.51165648712652,0.256821218830187,-0.254835268296333
0.133969283927801,0.135581032104201,0.329292243300866,0.354942806713392,0.00161174817640009,0.0256505634125264,0.502063882419318,0.465182693654706,-0.0368811887646123
0.146893713620819,0.0453612484126774,0.297503864710458,0.281990229774709,-0.101532465208141,-0.0155136349357491,0.638455398327016,0.1745217741764,-0.463933624150616
0.186195076413114,0.0823592032796587,0.318320276981313,0.18955901341178,-0.103835873133455,-0.128761263569533,0.794865322616338,0.544156654098821,-0.250708668517517
0.095804348693265,0.0387688076533736,0.373916980575844,0.340948598783244,-0.0570355410398913,-0.0329683817926003,0.292034663991684,0.120425650406119,-0.171609013585566
0.0838819056980485,-0.0200707954254879,0.358746280893818,0.314895319707254,-0.103952701123536,-0.0438509611865641,0.263416529460235,-0.0617492036266484,-0.325165733086883
0.172991208341782,0.162732645795906,0.346516327033012,0.370961585851719,-0.010258562545877,0.0244452588187076,0.647451589750469,0.550655725400895,-0.0967958643495737
0.157398507163867,0.0432256089004439,0.335882733259848,0.444435162436463,-0.114172898263423,0.108552429176615,0.597774122484515,0.102146510187217,-0.495627612297298
0.186676577922476,0.206414071199271,0.312821249172259,0.323293519545678,0.0197374932767949,0.010472270373419,0.816209415249095,0.893586506294742,0.077377091045647
0.189088915173572,0.026824322136212,0.340815709479569,0.316153968844429,-0.16226459303736,-0.0246617406351409,0.741614909190157,0.0885491503243105,-0.653065758865847
0.140706960790213,0.0781604627123627,0.338608611095119,0.339176204749452,-0.0625464980778501,0.000567593654332177,0.515195606304768,0.25915650736793,-0.256039098936837
0.195012766956474,0.164920970137017,0.339112534246943,0.366405397951366,-0.0300917968194575,0.0272928637044235,0.777251376486471,0.568477160110488,-0.208774216375982
0.154809029185099,0.104285929847,0.35319977426459,0.430483959050947,-0.0505230993380986,0.077284184786357,0.550076740596207,0.274116205517223,-0.275960535078984
0.108028892244129,0.00838490847373484,0.342502257967172,0.384861881278784,-0.0996439837703946,0.0423596233116128,0.37082225330056,0.0220258643671136,-0.348796388933446
0.152026232334538,0.043574811359719,0.385958367029452,0.259723877375957,-0.108451420974819,-0.126234489653495,0.482741630447804,0.182668830699994,-0.30007279974781
0.0915240367833338,-0.0191640730884716,0.325195579372678,0.398200807637836,-0.110688109871805,0.0730052282651572,0.325040537507474,-0.0469869249130006,-0.372027462420474
0.0990085333893602,0.0817998247334665,0.379166437199468,0.283748007663056,-0.0172087086558937,-0.0954184295364122,0.298385493772759,0.334135270883819,0.0357497771110604
0.13641468496023,0.128258122179561,0.344882274897769,0.385207106949281,-0.00815656278066923,0.0403248320515125,0.485185759300867,0.395089914104239,-0.0900958451966283
0.13084606414088,-0.0204110786879836,0.363661095215804,0.381116599198861,-0.151257142828863,0.0174555039830577,0.433045938030544,-0.0521471355204319,-0.485193073550976
0.1254842046802,0.105969516352755,0.348665651092974,0.331932991409993,-0.0195146883274452,-0.0167326596829819,0.433183773973219,0.37609492783213,-0.0570888461410894
0.0997938178591564,0.0437234912586394,0.336775964241358,0.224440518316556,-0.0560703266005171,-0.112335445924802,0.344901910285467,0.215081365550852,-0.129820544734615
0.191686378502399,0.134052493836805,0.317998717301893,0.336335127090406,-0.057633884665594,0.018336409788513,0.827209217771589,0.489690265287695,-0.337518952483894
0.098840997662165,-0.0362518071355826,0.321559104459291,0.33146277380965,-0.135092804797748,0.00990366935035886,0.359858292993417,-0.103600563796542,-0.463458856789959
0.167242916569749,0.088295907215749,0.359650585927043,0.339041233489265,-0.0789470093540002,-0.0206093524377782,0.592038066423356,0.297485585688026,-0.29455248073533
0.116715910610834,0.0983096690667146,0.39890613030031,0.383600935028717,-0.0184062415441192,-0.0153051952715929,0.339893207152701,0.292115888908397,-0.0477773182443035
0.125503883058186,0.0836202510179838,0.369303091423489,0.356091752475935,-0.0418836320402022,-0.013211338947554,0.404722514417785,0.264690999268903,-0.140031515148882
0.114551409284141,0.0990049322303879,0.314321682291789,0.363762848231962,-0.0155464770537534,0.0494411659401737,0.439707616625614,0.312808708639086,-0.126898907986528
0.185395089943703,0.194466290480858,0.348920395835775,0.275687703700291,0.00907120053715402,-0.0732326921354838,0.701209071969687,1.02462836306875,0.323419291099061
0.188362465861104,0.139564135242494,0.31775756192724,0.355940566170275,-0.0487983306186103,0.0381830042430346,0.80902265413474,0.480085044124762,-0.328937610009977
0.185044445880003,0.0966047621311529,0.366078410721559,0.184291152745787,-0.0884396837488505,-0.181787257975771,0.657777128399263,0.689100971665758,0.0313238432664946
0.159030292341846,0.0783083733700453,0.357698937680066,0.275609484182664,-0.0807219189718012,-0.0820894534974025,0.559854545072991,0.328602989960318,-0.231251555112673
0.102842425640508,0.125637487818553,0.365023354149481,0.362114230441435,0.0227950621780458,-0.00290912370804608,0.325436770553683,0.414753626537852,0.0893168559841686
0.186105564920129,0.115345101068521,0.345485855077657,0.277320601376719,-0.0707604638516078,-0.0681652537009383,0.713739479920997,0.515775078234595,-0.197964401686402
0.14172075867814,-0.0102806893089769,0.373143434620578,0.324962300546525,-0.152001447987117,-0.0481811340740533,0.461995618298252,-0.031141359886688,-0.49313697818494
0.158313777901489,0.106099872736877,0.338705895552463,0.426757197324396,-0.0522139051646117,0.0880513017719333,0.59585206116095,0.282253176383466,-0.313598884777484
0.144457117721881,0.135750320638327,0.377934905196011,0.350039483749633,-0.0087067970835541,-0.0278954214463782,0.465545473328563,0.473756096162335,0.00821062283377172
0.219357368931515,0.139613789946943,0.362470028529003,0.372210582382854,-0.0797435789845712,0.00974055385385086,0.831570530313914,0.455127540332024,-0.37644298998189
0.146349215393148,0.0545315878141343,0.310128785285222,0.409728897519643,-0.0918176275790134,0.0996001122344211,0.603034185758583,0.142354949047714,-0.460679236710869
0.126305261657812,0.0646886844019697,0.349708572527325,0.34447182661581,-0.0616165772558424,-0.0052367459115143,0.435011562625391,0.20658122806993,-0.228430334555462
0.13166685264914,0.0305963447931028,0.329664959841827,0.339924071970965,-0.101070507856037,0.0102591121291374,0.490923845848815,0.0941845143651336,-0.396739331483682
0.156381909009454,0.121911783188947,0.327352122000727,0.36112748722572,-0.0344701258205067,0.0337753652249925,0.612390271888476,0.401560910825008,-0.210829361063468
0.131442563253927,0.0578078949928961,0.31781307427659,0.310500951717673,-0.0736346682610307,-0.00731212255891706,0.512228674055177,0.204634528172988,-0.307594145882189
0.138590754345068,0.0814902573725682,0.361308651729465,0.34236823843414,-0.0571004969725001,-0.0189404132953251,0.467528875799221,0.268733712197464,-0.198795163601757
0.121251436353682,0.0515657136717836,0.333501858372164,0.421718841561317,-0.0696857226818984,0.0882169831891523,0.43845625998732,0.130064940284102,-0.308391319703219
0.15132050288587,0.125469768639199,0.372487959959249,0.467908164042415,-0.0258507342466703,0.0954202040831664,0.501166794348482,0.307543800177542,-0.19362299417094
0.172943009796991,0.0272849206003178,0.309368103910425,0.202657724455602,-0.145658089196673,-0.106710379454823,0.748957977589917,0.144119657178683,-0.604838320411233
0.152704611389873,0.139080532995292,0.351575021306431,0.334411171488663,-0.0136240783945811,-0.0171638498177673,0.543950380079827,0.515729423419764,-0.0282209566600626
0.117914196975754,0.0247898165973396,0.305818313090182,0.342798674112262,-0.093124380378414,0.03698036102208,0.47045142297389,0.074994950179585,-0.395456472794305
0.104595129204355,0.0509759323244057,0.296452129845359,0.309680444893716,-0.0536191968799494,0.0132283150483571,0.423079233215892,0.178931091458911,-0.244148141756981
0.16077322517981,0.130541689233727,0.34556312097327,0.503841784659617,-0.030231535946083,0.158278663686347,0.592412164527475,0.295753815025194,-0.296658349502281
0.0996065502623557,0.0533312535199548,0.309908233285758,0.364618166951009,-0.046275296742401,0.0547099336652518,0.379066189398606,0.157504083537022,-0.221562105861584
0.154713308353922,0.150811909730113,0.320629239205271,0.364995622167452,-0.00390139862380948,0.0443663829621807,0.620168659091441,0.511629593852605,-0.108539065238836
0.123242781003073,0.0977835289054965,0.382012371380495,0.405234335356323,-0.0254592520975767,0.0232219639758279,0.380733159403688,0.272904368528276,-0.107828790875412
0.208882825923559,0.181037889386524,0.377096302679972,0.403814999561572,-0.027844936537035,0.0267186968816003,0.740068280589151,0.565677883515495,-0.174390397073656
0.182049414440552,0.0765182400979153,0.343770265239341,0.305334423997043,-0.105531174342637,-0.0384358412422983,0.698196960528767,0.284802094815816,-0.413394865712951
0.117687428643984,0.114554760241822,0.337777400967502,0.38507953233414,-0.0031326684021617,0.0473021313666387,0.416823109231701,0.346465994783856,-0.0703571144478448
0.168120669957692,0.0447231115318982,0.346938007374888,0.422829154220598,-0.123397558425793,0.0758911468457107,0.623499785457241,0.111567427422179,-0.511932358035062
0.102267397460103,-0.00245697351135959,0.305319702493393,0.391920280282872,-0.104724370971463,0.0866005777894795,0.397873068085879,-0.00624945490282214,-0.404122522988701
0.16204272402739,0.0255246306412179,0.358356687893988,0.294880363560831,-0.136518093386172,-0.0634763243331571,0.571739207728174,0.0904160008010071,-0.481323206927166
0.132753881118884,0.0528937344175399,0.373946308886602,0.420271936495227,-0.0798601467013446,0.0463256276086246,0.426191872672068,0.134118815286317,-0.292073057385751
0.134976546219909,0.0718364799799709,0.32558887565366,0.279386411861116,-0.0631400662399386,-0.0462024637925438,0.513706525738866,0.293203290538209,-0.220503235200657
0.164186758355449,0.0158754623657346,0.38681361367657,0.397153590527361,-0.148311295989714,0.0103399768507911,0.528764078467678,0.0407827824621572,-0.487981296005521
0.148201670527784,0.094736317500339,0.373952539191048,0.395463458315504,-0.0534653530274453,0.021510919124456,0.486332153646119,0.270687004338867,-0.215645149307252
0.16584994537317,0.139861823901883,0.344630068605247,0.37801283743458,-0.0259881214712867,0.0333827688293336,0.61808038100892,0.44772340874462,-0.1703569722643
0.166391920896522,0.110419180339372,0.337252158627315,0.393652935014888,-0.0559727405571498,0.0564007763875726,0.637835260194032,0.323789969082215,-0.314045291111817
0.20666010391699,0.137916528018242,0.346913247530044,0.398400372331545,-0.0687435758987474,0.0514871248015011,0.814320815167596,0.413650973348043,-0.400669841819554
0.128942312225968,0.0356302164351971,0.359753840433072,0.323100515364717,-0.0933120957907707,-0.0366533250683555,0.431063919745922,0.116586150443272,-0.31447776930265
0.107844972772262,0.0520046367840582,0.331338673124842,0.360125542573003,-0.0558403359882035,0.0287868694481603,0.384698740214242,0.155354202105452,-0.22934453810879
0.142688694522711,0.0968282346257261,0.371631322785457,0.340798009025524,-0.0458604598969851,-0.0308333137599331,0.468075386691691,0.328595097973457,-0.139480288718234
0.124548703676854,0.110895088228061,0.395256911390503,0.323408018122315,-0.0136536154487932,-0.0718488932681886,0.370407614982506,0.409021224590069,0.0386136096075633
0.1837538022341,0.215838173182213,0.377754584519015,0.457987352933652,0.0320843709481126,0.0802327684146367,0.626510606283677,0.602036128492862,-0.0244744777908152
0.125315940817908,0.0426079387087069,0.332444965824427,0.305100336223901,-0.0827080021092012,-0.0273446296005255,0.457834972146855,0.149873824051142,-0.307961148095713
0.150799773298211,0.130497436021444,0.355330306473904,0.351168083940156,-0.0203023372767672,-0.00416222253374798,0.528662577907878,0.450066784595145,-0.0785957933127333
0.121635108510185,0.0850009156821804,0.297495752048022,0.327906610727289,-0.0366341928280045,0.0304108586792676,0.505106027202116,0.295922685644719,-0.209183341557397
0.136067220817069,0.137030648083077,0.320824690436519,0.299303336504649,0.000963427266008232,-0.0215213539318703,0.528240461679959,0.580643448101848,0.0524029864218889
0.128159222899194,0.0553337901305457,0.325876560495346,0.324815064300306,-0.0728254327686482,-0.00106149619504015,0.481826374570936,0.185725416661875,-0.296100957909061
0.112774839946942,0.120697433678617,0.346579270516727,0.27892930797816,0.00792259373167571,-0.0676499625385675,0.384576160556195,0.541439822701163,0.156863662144968
0.100137281738572,0.0316386828520186,0.3731068831738,0.418376076365719,-0.0684985988865533,0.0452691931919195,0.30785403896368,0.078555440661634,-0.229298598302046
0.138236912936318,0.123997363781223,0.307387690574173,0.331893389864114,-0.0142395491550945,0.0245056992899405,0.567865574355384,0.452964578239396,-0.114900996115988
0.158876157719483,0.0961902854137214,0.32943387807034,0.219481775497954,-0.0626858723057618,-0.109952102572386,0.619747457914651,0.550009287044631,-0.0697381708700198
0.110621517190431,0.138352069845152,0.316824621918938,0.315418572587075,0.0277305526547215,-0.00140604933186295,0.417871701204126,0.550581571056681,0.132709869852555
0.137923892460875,0.0965607225211293,0.357701706932971,0.331417950256256,-0.0413631699397459,-0.0262837566767144,0.470472158823126,0.3382413740799,-0.132230784743227
0.151084343615121,0.115487776599699,0.363123378149346,0.344573500948934,-0.0355965670154222,-0.0185498772004119,0.51599031326545,0.398166191769655,-0.117824121495795
0.181526470638439,0.141394798306122,0.305515590507958,0.300805654785941,-0.0401316723323169,-0.00470993572201672,0.811516508954583,0.600080047620343,-0.211436461334239
0.137284047554244,0.0656263308104306,0.358750240585172,0.332765543185305,-0.071657716743813,-0.0259846973998672,0.466198573170039,0.218005789428055,-0.248192783741984
0.194957888514715,0.155436961293787,0.321127902578611,0.361869283199942,-0.0395209272209276,0.0407413806213308,0.835108387344689,0.536548974032105,-0.298559413312584
0.104483157144832,0.00834412773602025,0.302296462172875,0.303976149932015,-0.0961390294088121,0.00167968775914074,0.412881767648766,0.0278301628696329,-0.385051604779133
0.0817989552478594,0.0170017972240897,0.322349326020482,0.365312165998807,-0.0647971580237697,0.042962839978325,0.288860801948447,0.0476404685401286,-0.241220333408318
0.159507875011302,0.146956696143647,0.388704446827178,0.507386239761969,-0.0125511788676548,0.11868179293479,0.50735691767686,0.335939471866188,-0.171417445810672
0.0941062362046437,0.0666301322986104,0.308615063565992,0.374341469113476,-0.0274761039060334,0.0657264055474847,0.356531118922565,0.194816865520996,-0.161714253401569
0.0840850976471432,0.0581324765823787,0.301772088306117,0.412702671095658,-0.0259526210647644,0.11093058278954,0.321328614408496,0.151261167717971,-0.170067446690525
0.187122460814097,0.107931139344494,0.275806424546078,0.326643872513043,-0.0791913214696033,0.0508374479669655,0.970831968152074,0.391558724427609,-0.579273243724464
0.151499646182232,0.0581231283712447,0.32717008076085,0.319902428337194,-0.0933765178109871,-0.00726765242365623,0.588929979683027,0.199242581671486,-0.389687398011541
0.171214348944948,0.0582179962198688,0.330651647394197,0.237018472021416,-0.112996352725079,-0.093633175372781,0.678346107950162,0.278421877788902,-0.39992423016126
0.126821179843569,0.0827141074406147,0.384768502294403,0.357449410795232,-0.0441070724029541,-0.0273190914991713,0.39041720603566,0.260364390342186,-0.130052815693474
0.162398749185734,-0.0268659703371514,0.384972548784047,0.378067241704913,-0.189264719522886,-0.00690530707913378,0.524772183885297,-0.0685952556199192,-0.593367439505216
0.145210319051617,0.134413191333455,0.31356188550409,0.386085814228976,-0.0107971277181624,0.0725239287248853,0.588991270224414,0.416435217277208,-0.172556052947206
0.149039126197192,0.0463039403983869,0.313338807108325,0.322563095578007,-0.102735185798805,0.00922428846968254,0.609057294914699,0.154364556321145,-0.454692738593554
0.125814397091567,0.0970245235206183,0.323269382963517,0.426696914332293,-0.0287898735709491,0.103427531368776,0.47579033786092,0.255313204764338,-0.220477133096582
0.144910462048581,0.0957471229323562,0.338101207390854,0.392411691663296,-0.0491633391162244,0.054310484272443,0.53510816083896,0.276340005127613,-0.258768155711346
0.155967081427952,0.0742985967348056,0.345472719816617,0.362870193195752,-0.0816684846931468,0.0173974733791345,0.570603445119444,0.227221349296445,-0.343382095822999
0.161230057596536,0.0528227985135721,0.366513574665357,0.373969579533046,-0.108407259082964,0.00745600486768899,0.552555073681678,0.151711294101465,-0.400843779580212
0.13023977936421,0.0917862772967043,0.335090839220209,0.425170732179057,-0.0384535020675052,0.0900798929588486,0.475017815897472,0.240954680444349,-0.234063135453123
0.114945759369149,0.0423660283203637,0.347415656943495,0.350522607006078,-0.0725797310487856,0.00310695006258255,0.392164134701612,0.128472923447464,-0.263691211254148
0.132454972826682,0.106909973941631,0.333066905197593,0.29045014481297,-0.0255449988850512,-0.0426167603846234,0.488371813892656,0.444963026930184,-0.0434087869624729
0.177825247572336,0.223073837590199,0.336898593803397,0.194440252528629,0.0452485900178625,-0.142458341274769,0.695249938698966,2.14955638319371,1.45430644449475
0.13065389887997,0.115011575600317,0.33134889215058,0.398195733241379,-0.0156423232796527,0.0668468410907991,0.48335905315816,0.334867135423803,-0.148491917734357
0.142346724307282,0.0434256275538328,0.351696018368856,0.349141057145534,-0.0989210967534495,-0.00255496122332161,0.498918178154488,0.132444376568574,-0.366473801585914
0.175666384891756,0.082560070680327,0.326736988421327,0.249991999402092,-0.0931063142114293,-0.0767449890192353,0.711959295870012,0.391317098726698,-0.320642197143314
0.148249897105591,0.0845510342902,0.320036422426844,0.370722644374221,-0.0636988628153908,0.0506862219473773,0.589195961567677,0.256174341454764,-0.333021620112913
0.161621532021007,0.113958979850688,0.394779691352026,0.293132454703129,-0.0476625521703184,-0.101647236648897,0.505909107318202,0.475154532652411,-0.0307545746657913
0.157758904268739,0.122466878423497,0.327525279895382,0.271185861636668,-0.0352920258452421,-0.0563394182587135,0.618774526098064,0.570819689665902,-0.047954836432162
0.122377352189439,0.101070895386097,0.306683826283902,0.209756550553673,-0.0213064568033416,-0.096927275730229,0.490384671091671,0.619064603007049,0.128679931915378
0.147077161671243,0.123691103388133,0.326450709212966,0.377460723028939,-0.0233860582831103,0.0510100138159731,0.569149973627484,0.387762373512511,-0.181387600114973
0.157843424040398,0.105112721576538,0.299217686842541,0.422870159407418,-0.0527307024638593,0.123652472564876,0.694724799061759,0.282190227066735,-0.412534571995024
0.141487578232151,0.0535657815423863,0.337528967633062,0.305201028857542,-0.0879217966897644,-0.0323279387755201,0.520723905700977,0.191853707841894,-0.328870197859083
0.145384491957706,0.103786668511246,0.323907895311487,0.450309910710015,-0.04159782344646,0.126402015398528,0.566502085403196,0.259202158570606,-0.30729992683259
0.129153810303002,0.0609819102666984,0.30889485099986,0.382878407883522,-0.0681719000363034,0.0739835568836618,0.519096539018527,0.172657173736605,-0.346439365281922
0.159486711698365,0.129058360571729,0.392105157848888,0.34866495663057,-0.0304283511266368,-0.0434402012183178,0.501920681114625,0.447951902750768,-0.0539687783638567
0.149583249182899,0.117208791710706,0.317640030639452,0.351252978663691,-0.0323744574721928,0.0336129480242391,0.601467903573525,0.396107043989942,-0.205360859583583
0.144889647853354,0.0995517358233105,0.297285862192472,0.327005507623548,-0.045337912030044,0.029719645431076,0.62803673918509,0.355857955619697,-0.272178783565393
0.106750083532956,0.00878763918941686,0.302273338116512,0.2237596131935,-0.0979624443435393,-0.0785137249230122,0.42355527511837,0.0400540446173325,-0.383501230501038
0.15506156885846,0.119884838206352,0.308033402125428,0.414163936165432,-0.0351767306521081,0.106130534040004,0.654323328133241,0.33570906047542,-0.318614267657821
0.163892037276808,0.0914693823342186,0.303951096473894,0.312741025683653,-0.0724226549425895,0.00878992920975841,0.71464366571404,0.339741174033336,-0.374902491680704
0.108228796650694,0.0419516078234609,0.355255731220199,0.244776698104342,-0.0662771888272334,-0.110479033115857,0.356150794652202,0.186950319493683,-0.169200475158518
0.224809031308177,0.0938020236137734,0.346049797036689,0.339891333150416,-0.131007007694404,-0.00615846388627295,0.914858226351271,0.317816907026667,-0.597041319324604
0.0991381827021995,0.061385682001728,0.34186502204051,0.293201901893049,-0.0377525007004715,-0.0486631201474606,0.336417036010777,0.232892676836745,-0.103524359174032
0.144628701652397,0.150272469207327,0.257559221602088,0.271948764821571,0.00564376755493012,0.0143895432194834,0.753363099750587,0.737724326863771,-0.0156387728868159
0.173431401868083,0.180331460002615,0.375515398879491,0.375024594804799,0.00690005813453265,-0.000490804074692208,0.587005606754145,0.617452460261977,0.0304468535078317
0.147367071406371,0.117426576963174,0.335418770155748,0.338650703140983,-0.029940494443197,0.00323193298523466,0.551702148389551,0.414460750008817,-0.137241398380733
0.164781901880826,0.137407206788749,0.322924827888824,0.358784053993586,-0.027374695092077,0.0358592261047614,0.665756616904538,0.466649063848719,-0.199107553055819
0.111679120651723,0.0623178049113529,0.321755322505269,0.388829053162834,-0.0493613157403698,0.067073730657565,0.414948751390989,0.173828282645984,-0.241120468745005
0.166546919430728,0.095328460066249,0.362295172535463,0.40648033162681,-0.0712184593644791,0.0441851590913472,0.583598084953527,0.264303912747632,-0.319294172205895
0.138051302774489,0.0284124868646397,0.35322984809739,0.405682814241132,-0.10963881590985,0.0524529661437419,0.478200841099032,0.0725470177246095,-0.405653823374423
0.195595704962891,0.12788573355976,0.336176936616031,0.398427720785012,-0.0677099714031303,0.0622507841689809,0.789298578810719,0.378472488345001,-0.410826090465718
0.175108700706952,0.130074505082288,0.341638233734614,0.360831571367358,-0.0450341956246642,0.0191933376327444,0.669552997469631,0.434025288735095,-0.235527708734536
0.150434460591265,0.11268728712116,0.361157192050644,0.307272497192962,-0.0377471734701051,-0.0538846948576815,0.516696453181277,0.443014097408532,-0.0736823557727451
0.157163812274247,0.0774919486142384,0.305106616880401,0.363203620987976,-0.0796718636600089,0.0580970041075755,0.673824493059805,0.23782618214142,-0.435998310918385
0.151109100128175,0.0614459644142523,0.3867848218716,0.287149781501087,-0.0896631357139225,-0.0996350403705138,0.477985504997035,0.238605017734336,-0.2393804872627
0.148539476253897,0.0466319636267555,0.374718084033898,0.374237551032398,-0.101907512627142,-0.000480533001500083,0.486468654487299,0.13270123105473,-0.353767423432569
0.183074659284128,0.156800210590487,0.337036746593164,0.296759908298332,-0.0262744486936412,-0.0402768382948321,0.721487973341037,0.696172036785934,-0.0253159365551034
0.136449791184518,0.146547173527124,0.363376129592268,0.337098687007837,0.0100973823426065,-0.0262774425844309,0.455727322864671,0.54454717259107,0.0888198497263988
0.142855150431843,0.122393371414569,0.321154772959227,0.375138663512802,-0.0204617790172746,0.0539838905535751,0.560204884416289,0.385777954848414,-0.174426929567875
0.13443209599218,0.0354705068169876,0.358833823417824,0.34742934071959,-0.0989615891751922,-0.0114044826982342,0.454462006488394,0.107487748237408,-0.346974258250986
0.175648550491426,0.174280143866358,0.320343615304374,0.319326243740484,-0.00136840662506785,-0.00101737156389015,0.730331386471381,0.725944732469708,-0.00438665400167348
0.0818607987742783,0.0646883317042674,0.331170578622168,0.194679061319568,-0.0171724670700109,-0.1364915173026,0.280417511641084,0.394145826591475,0.113728314950391
0.148744501086114,0.139714640470163,0.363084100509917,0.341799570509141,-0.00902986061595154,-0.0212845300007756,0.506319943660458,0.504953342309101,-0.00136660135135758
0.160014195551209,0.0178338354524954,0.317597083744579,0.345355813887909,-0.142180360098714,0.0277587301433291,0.655044108407848,0.0529955625604477,-0.6020485458474
0.205680344079048,0.204458942612302,0.32300998148422,0.261653693072934,-0.00122140146674624,-0.0613562884112859,0.890349199300869,1.18455139884968,0.294202199548815
0.127634184942328,0.036653621063109,0.325718613117445,0.332886607678572,-0.0909805638792186,0.00716799456112643,0.479721853967824,0.116399112783913,-0.363322741183911
0.177321898429824,0.062910570709134,0.337596992507677,0.367334694616818,-0.11441132772069,0.0297377021091413,0.690876898594874,0.18680196125979,-0.504074937335084
0.137795289830995,0.12753769860959,0.377509283836476,0.34434490657012,-0.0102575912214057,-0.033164377266356,0.440530802627339,0.448281628698783,0.00775082607144406
0.132480901794079,0.0388490696657866,0.376705082105236,0.33607754245194,-0.0936318321282927,-0.0406275396532964,0.421458334671692,0.122541772643653,-0.298916562028039
0.16685380456792,0.127301751874936,0.350253340496832,0.46975656518021,-0.039552052692984,0.119503224683378,0.610235332441374,0.311268713592267,-0.298966618849107
0.116927575655837,0.0187863111896533,0.323915296561485,0.251366493177402,-0.0981412644661836,-0.072548803384083,0.434737564819958,0.0776004199260454,-0.357137144893913
0.107370674458892,0.0740990310878682,0.388861695141716,0.459957957542842,-0.0332716433710237,0.0710962624011258,0.317999857408479,0.174801942896935,-0.143197914511544
0.125422972711733,0.0506403908238682,0.315132836900239,0.407865057288934,-0.074782581887865,0.0927322203886947,0.488844519485391,0.132196634144177,-0.356647885341215
0.136734457231754,0.126750506979564,0.306601762174902,0.356770580941519,-0.00998395025218979,0.0501688187666171,0.562000883371921,0.4265682649016,-0.135432618470321
0.124260399568932,0.0449824935548033,0.329034505904824,0.198762569932935,-0.0792779060141283,-0.130271935971889,0.458854553734048,0.253967717754873,-0.204886835979174
0.117119913120275,0.039337448914002,0.34405385406959,0.321288210698363,-0.0777824642062725,-0.0227656433712264,0.405525945861193,0.130247505057682,-0.275278440803511
0.143463301644274,0.0295878129109873,0.325315524724647,0.373718504643593,-0.113875488733287,0.0484029799189463,0.554256666339191,0.082389815312667,-0.471866851026524
0.163588763465339,0.0600506999605226,0.342596181821993,0.272055442533864,-0.103538063504817,-0.0705407392881291,0.612034964554876,0.246986250104298,-0.365048714450579
0.126628981075873,0.123100857781365,0.339062443335442,0.405259476961344,-0.00352812329450795,0.0661970336259024,0.452764110718567,0.354941286420371,-0.0978228242981956
0.184866974961098,0.134477398721471,0.284961621810473,0.339622208243926,-0.0503895762396271,0.0546605864334523,0.913135296025013,0.485812461415216,-0.427322834609797
0.174355048906582,0.225763114957922,0.319180232102476,0.296976488635976,0.0514080660513404,-0.0222037434664999,0.726780893761322,1.138715356808,0.411934463046679
0.145942911053927,0.0257840048277516,0.364143178531224,0.527233577958146,-0.120158906226175,0.163090399426922,0.49299536750372,0.0501198808539927,-0.442875486649727
0.189553472143094,0.118835265756901,0.270784244624464,0.224173317942527,-0.070718206386193,-0.0466109266819369,1.01378617982749,0.699109713340063,-0.314676466487424
0.142214096635682,0.123056851305369,0.353020164032641,0.355091567263216,-0.0191572453303127,0.00207140323057536,0.496082138492809,0.414179678041924,-0.0819024604508853
0.150361941707936,0.11467059877351,0.349850166464531,0.352063548124746,-0.0356913429344259,0.00221338166021506,0.536934024590044,0.385013580008425,-0.15192044458162
0.164500582737774,0.060728495682847,0.273203105656602,0.297162230905647,-0.103772087054927,0.0239591252490446,0.825982640220145,0.226741443081355,-0.59924119713879
0.182382105463551,0.110555967257427,0.304676941307144,0.312747641098195,-0.0718261382061238,0.00807069979105107,0.819584479999416,0.424041512261809,-0.395542967737607
0.0799012886807926,0.00414106636776312,0.298107827576705,0.263188480131101,-0.0757602223130294,-0.0349193474456044,0.307383938648594,0.0158586581607698,-0.291525280487824
0.19555153721797,0.0590926131773819,0.364380807434158,0.427550278027193,-0.136458924040588,0.0631694705930352,0.710298727235012,0.148219038604251,-0.56207968863076
0.160052525963341,0.0308575709518918,0.337721789811874,0.294274114332711,-0.12919495501145,-0.0434476754791625,0.606275698820352,0.110555073913102,-0.49572062490725
0.165834695709782,0.149576389140293,0.34526599062587,0.390658462192299,-0.0162583065694887,0.0453924715664285,0.61657540557268,0.466506082756723,-0.150069322815957
0.104338841482081,0.146338233643733,0.379460253740054,0.405438899389432,0.0419993921616522,0.025978645649378,0.316486515007697,0.434674254146891,0.118187739139194
0.183355569184349,0.146214274979369,0.328011158237985,0.236650416651662,-0.0371412942049796,-0.0913607415863232,0.748908475945683,0.854934190243291,0.106025714297608
0.15099450839733,0.125624732421171,0.34062584173064,0.342994651851644,-0.0253697759761597,0.00236881012100421,0.557817081736462,0.442328144446594,-0.115488937289869
0.135814969294018,0.0696120025663541,0.310659009336744,0.301722088368513,-0.0662029667276639,-0.00893692096823112,0.548340053217816,0.259501027817117,-0.288839025400699
0.208730272683057,0.129023762802543,0.349799489465386,0.278708799063346,-0.0797065098805136,-0.0710906904020409,0.816141249173803,0.588728389487324,-0.227412859686479
0.12884644823588,0.00956383260903608,0.233572746378903,0.344656930273898,-0.119282615626844,0.111084183894995,0.736085832168816,0.0281374327388886,-0.707948399429927
0.11765775609483,0.0396061100738684,0.312921605080477,0.337901950447253,-0.0780516460209612,0.0249803453667768,0.45644356195433,0.124357590779019,-0.332085971175311
0.121066351176199,0.108907479082439,0.361513152252785,0.326991106808644,-0.0121588720937601,-0.0345220454441414,0.397783571971347,0.395230246256174,-0.0025533257151733
0.150501451638089,0.0614458878734464,0.361544114915956,0.321952076705585,-0.0890555637646429,-0.0395920382103712,0.516301432616568,0.21028291167415,-0.306018520942417
0.111992619267915,0.0845777797429411,0.383350998609814,0.413444627516724,-0.0274148395249738,0.0300936289069091,0.339292107139566,0.226995598488228,-0.112296508651338
0.125336928599668,0.184306879118538,0.344976496979519,0.282440123304148,0.0589699505188706,-0.0625363736753715,0.438096258621665,0.920435612265717,0.482339353644052
0.165304499349642,0.175071183439857,0.376954732975332,0.344395844127373,0.00976668409021533,-0.0325588888479587,0.550420411913163,0.662533932291465,0.112113520378302
0.145512569831083,0.0886358935849756,0.32228658998095,0.344322317018987,-0.056876676246107,0.0220357270380376,0.570667269208725,0.293589983103302,-0.277077286105423
0.154535897633849,0.210158827125569,0.377152606347652,0.426370474729564,0.0556229294917204,0.0492178683819111,0.506431610217797,0.637059956434449,0.130628346216652
0.110925684625055,0.0680355288773285,0.369149814354493,0.433593347876092,-0.0428901557477262,0.0644435335215982,0.350519876978379,0.169891389279556,-0.180628487698823
0.1205476419606,0.0108214965372091,0.356884686907914,0.29100150916705,-0.109726145423391,-0.0658831777408632,0.401828658588093,0.0378871710926629,-0.36394148749543
0.171484190056114,0.181549843427846,0.378696641037751,0.439905566990391,0.0100656533717326,0.0612089259526405,0.572752600922405,0.510894492814066,-0.0618581081083391
0.181765309601159,0.156285626051804,0.330496565447492,0.40808700636817,-0.025479683549355,0.0775904409206779,0.733212104789365,0.466635989879238,-0.266576114910127
0.139927467109211,0.05893731878837,0.327449469777936,0.340736114991595,-0.0809901483208412,0.0132866452136591,0.533151428050316,0.188831112938461,-0.344320315111855
0.120571556006756,0.049237340549587,0.328665693507952,0.320993046801326,-0.0713342154571685,-0.00767264670662632,0.443183824677658,0.165780332783685,-0.277403491893973
0.088695174395953,-0.0483308074994592,0.330583202953838,0.274675227097958,-0.137025981895412,-0.0559079758558808,0.307738220365001,-0.161345279216056,-0.469083499581057
0.187574323437698,0.0516404804926826,0.338466422672168,0.357668624520184,-0.135933842945016,0.0192022018480163,0.740528612563048,0.155323966806981,-0.585204645756067
0.145433991189144,0.0780745010320852,0.360797124215526,0.372996613944249,-0.0673594901570584,0.0121994897287224,0.49644271999071,0.232835642372705,-0.263607077618004
0.154032840608581,0.103477266391566,0.315863983832566,0.333327045952284,-0.050555574217015,0.0174630621197178,0.628493900363421,0.364021954128928,-0.264471946234493
0.247533463101348,0.178222999337325,0.36269254687856,0.295887111845755,-0.0693104637640226,-0.0668054350328053,0.978795684593297,0.826377405572436,-0.152418279020861
0.186399604822539,0.124790473778949,0.330145229977166,0.348922901907738,-0.0616091310435904,0.0187776719305723,0.758742055970957,0.42995765977155,-0.328784396199407
0.108075230590903,0.0528060997148517,0.336280655938537,0.463243514844898,-0.0552691308760509,0.126962858906361,0.379035062568557,0.120743267702281,-0.258291794866276
0.119938931952252,-0.00432544193855716,0.420081628588609,0.435068094986095,-0.124264373890809,0.0149864663974862,0.330444896563358,-0.00989273017578729,-0.340337626739146
0.168163476974529,0.111299959329901,0.378810664265242,0.368194389143742,-0.0568635176446283,-0.0106162751214997,0.558813376157925,0.352947931598633,-0.205865444559292
0.173940873751024,-0.0263329677306535,0.361405162691859,0.317333630934379,-0.200273841481677,-0.0440715317574801,0.618161302767548,-0.0796322525749799,-0.697793555342528
0.102590052306625,-0.0232055419778311,0.326851301755097,0.225445330747948,-0.125795594284456,-0.101405971007148,0.368716960857097,-0.0978116925774198,-0.466528653434517
0.145873330078277,0.0227079774731341,0.329165352402508,0.304642007453322,-0.123165352605142,-0.0245233449491859,0.557623485851694,0.0773883046483108,-0.480235181203383
0.179104319483501,0.0440808833468128,0.350073848972235,0.309618104079396,-0.135023436136688,-0.0404557448928389,0.667988946401879,0.153005243384489,-0.51498370301739
0.160347178990794,0.0842974879058352,0.300471401626916,0.247508493059519,-0.0760496910849587,-0.0529629085673964,0.705148235314581,0.40576863370431,-0.299379601610271
0.115763558039262,0.0685967065282557,0.327580249673825,0.423935271161025,-0.0471668515110064,0.0963550214871992,0.423886236116166,0.175636128915474,-0.248250107200692
0.117078481033642,0.0446730890446227,0.300485329802041,0.332495998114237,-0.0724053919890191,0.0320106683121962,0.476436288949486,0.143800823086112,-0.332635465863374
0.15961559279742,0.0838439763329104,0.338103406854483,0.430999926576582,-0.0757716164645096,0.0928965197220993,0.603343363613223,0.214744323019396,-0.388599040593826
0.170969317672674,0.107522015509185,0.336493208066767,0.2423857279586,-0.063447302163489,-0.0941074801081663,0.662115913087509,0.558305151761706,-0.103810761325803
0.141996483881863,0.0331540774215456,0.362584515564151,0.292441767870396,-0.108842406460318,-0.0701427476937556,0.479380076471358,0.120046097991584,-0.359333978479774
0.163346388410827,0.103219203686144,0.317806160513128,0.38150614459185,-0.0601271847246826,0.063699984078722,0.671934249620384,0.310694461265357,-0.361239788355026
0.143347570728737,0.0643528361524211,0.358362824661482,0.381893173051604,-0.0789947345763161,0.0235303483901224,0.491834858722624,0.183540116611822,-0.308294742110802
0.18527491579111,0.134670881257996,0.311792226409486,0.34325689248099,-0.0506040345331135,0.0314646660715041,0.811627436486456,0.480430073009323,-0.331197363477133
0.170726567423016,0.203339564396422,0.383993709991659,0.345656957230998,0.0326129969734064,-0.0383367527606608,0.559878164877701,0.80086993298762,0.240991768109919
0.1837323244121,0.121405136642907,0.330386771066661,0.38631960342195,-0.0623271877691935,0.0559328323552893,0.743880559361373,0.369246892390276,-0.374633666971097
0.163456550168675,0.0955001573972617,0.352276182394866,0.479492310040394,-0.0679563927714132,0.127216127645528,0.590424783264156,0.220388584758171,-0.370036198505985
0.18686104769643,0.0895305665089015,0.314725955049828,0.268576987204039,-0.0973304811875282,-0.046148967845789,0.810722989996702,0.395637908639226,-0.415085081357476
0.115322892890201,0.0326082576485337,0.335085826770833,0.358345168951001,-0.0827146352416678,0.0232593421801673,0.410803313570272,0.0952654819989209,-0.315537831571351
0.11714454203076,-0.0174623477345763,0.283564773766974,0.40356018481197,-0.134606889765336,0.119995411044997,0.511517137623835,-0.0423479195287145,-0.55386505715255
0.166659213186841,0.116910059700197,0.35862641024572,0.383394848633152,-0.0497491534866439,0.0247684383874314,0.591561155017583,0.356535238468432,-0.235025916549151
0.172668867253494,0.1597020556108,0.359863819644097,0.395818835690271,-0.0129668116426946,0.0359550160461737,0.61577908680953,0.497014216626702,-0.118764870182828
0.126330657863862,0.00797202317324378,0.323233574224542,0.206503852185164,-0.118358634690618,-0.116729722039378,0.478213050745032,0.0393595632891199,-0.438853487455912
0.172651739164816,0.113502512515119,0.345260385707817,0.432385288027703,-0.059149226649697,0.0871249023198862,0.648824163968639,0.300180601000089,-0.34864356296855
0.165434298518337,0.0865385167964316,0.357327223078175,0.420659597531208,-0.0788957817219056,0.0633323744530332,0.58879685640146,0.228410440570913,-0.360386415830547
0.125283367018153,0.0499013428505018,0.341410302362979,0.379488620742886,-0.0753820241676517,0.0380783183799068,0.44333782732158,0.140533667695706,-0.302804159625874
0.114318551907931,-0.000486756110823952,0.328989817358742,0.399821493085593,-0.114805308018755,0.0708316757268515,0.415501035147629,-0.00121669280622427,-0.416717727953853
0.134886216692248,0.0494097387032004,0.386025238156846,0.373348714481343,-0.0854764779890478,-0.0126765236755035,0.418249423306075,0.141498715777381,-0.276750707528693
0.113720425552054,0.0995096725491914,0.334642335679683,0.239556831745214,-0.0142107530028629,-0.0950855039344682,0.404704238921596,0.514962473638336,0.11025823471674
0.138384725396512,0.0558275705080148,0.308169675924269,0.289788229457278,-0.0825571548884974,-0.0183814464669905,0.566828753963167,0.212457806972261,-0.354370946990906
0.189817488918615,0.16481355826035,0.324096604749991,0.393024354738651,-0.0250039306582653,0.0689277499886597,0.796215261458254,0.520967939196085,-0.275247322262169
0.137583617230535,0.114367837464789,0.311967154606888,0.304302310518557,-0.023215779765746,-0.00766484408833079,0.554291103836247,0.456208651527746,-0.0980824523085004
0.12868946711701,0.0401156788236312,0.333076249164871,0.342585369457826,-0.0885737882933784,0.0095091202929547,0.471623756446615,0.124228342696711,-0.347395413749903
0.156872330832851,0.0505884435818822,0.327473136324813,0.372423893943752,-0.106283887250968,0.0449507576189395,0.614521741184128,0.145493622007165,-0.469028119176963
0.170066001406316,0.116267979042832,0.369342372398883,0.393135261543738,-0.0537980223634837,0.0237928891448554,0.584796873545687,0.344128014080574,-0.240668859465113
0.164284774253562,0.134462900324353,0.28541033474671,0.239520468979894,-0.029821873929209,-0.0458898657668154,0.778213234194665,0.753096679328685,-0.0251165548659797
0.129781614603347,0.148322420195481,0.323672283908962,0.331042806422682,0.0185408055921341,0.00737052251372045,0.493266651652336,0.56525076621212,0.0719841145597839
0.103824276308893,0.0232238140075094,0.327716731942315,0.338017555416108,-0.0806004623013833,0.0103008234737925,0.372743143971257,0.0711211893361039,-0.301621954635153
0.165569417004324,0.182728168186473,0.343179547360598,0.279706819119984,0.0171587511821489,-0.0634727282406147,0.620050177847281,0.921843032539037,0.301792854691756
0.16200566089479,0.0956826071370367,0.327377699082016,0.292250551139118,-0.066323053757753,-0.0351271479428975,0.640266244192224,0.387355248664522,-0.252910995527702
0.18016777538649,0.0549764406903787,0.326239923755456,0.289568696920618,-0.125191334696111,-0.0366712268348384,0.737166692536791,0.209075838040325,-0.528090854496467
0.138248864238395,0.04866072523039,0.336170621022931,0.330655085408818,-0.0895881390080047,-0.00551553561411289,0.508696634354972,0.158544650260587,-0.350151984094385
0.163671476253568,0.0916729577717448,0.372634025246717,0.371781661396064,-0.0719985184818233,-0.000852363850653348,0.551509734789902,0.279638231427007,-0.271871503362896
0.127608176859014,0.083914935250464,0.337247358128711,0.367902066410738,-0.0436932416085498,0.030654708282027,0.459919863666051,0.256198900352731,-0.203720963313319
0.140380451971559,0.0911559940223498,0.328999790298326,0.388384138384273,-0.0492244579492091,0.0593843480859471,0.532175430959112,0.264536635590971,-0.267638795368141
0.183011539438586,0.135082350672128,0.299508118354578,0.391527798779756,-0.0479291887664581,0.0920196804251777,0.842347050824559,0.412008889580818,-0.430338161243741
0.134521891869063,0.113165698933151,0.321700274156146,0.25420883948457,-0.0213561929359121,-0.0674914346715753,0.519162329153212,0.560752738011619,0.0415904088584071
0.161363460812917,0.164608630326151,0.407214921009389,0.530642255840573,0.0032451695132347,0.123427334831184,0.486257431889728,0.363706570705505,-0.122550861184223
0.119982145858653,0.105044741207399,0.353076157070015,0.396077863724114,-0.0149374046512536,0.043001706654099,0.404693951586568,0.303707789348363,-0.100986162238205
0.106622710181774,0.107982949278479,0.347875917972941,0.386571298240602,0.00136023909670495,0.0386953802676609,0.358656551607349,0.32225041397414,-0.0364061376332083
0.148629891873153,0.100512717433103,0.316410368582489,0.383176214599055,-0.0481171744400502,0.066765846016566,0.599574635896127,0.299935444482295,-0.299639191413832
0.110685544922629,0.102443670488836,0.335320191427942,0.364640392980786,-0.0082418744337931,0.0293202015528434,0.39109208883641,0.324379944813574,-0.0667121440228358
0.121406648443243,0.0974710373281771,0.313447153586752,0.311843684699095,-0.0239356111150662,-0.00160346888765728,0.473038579024269,0.366925105402341,-0.106113473621928
0.18002533309473,0.275973654046923,0.335541001393897,0.307437271168834,0.0959483209521931,-0.0281037302250627,0.710049996504522,1.45385048314429,0.743800486639767
0.132973710550569,0.0776643328249459,0.382091553463296,0.414173523467357,-0.0553093777256235,0.0320819700040605,0.416253932880099,0.206250045532244,-0.210003887347855
0.17529002746258,0.172284894746026,0.356788904976316,0.408787756973879,-0.00300513271655439,0.0519988519975626,0.63443795468675,0.524174827434911,-0.110263127251839
0.101065558067417,0.0346816591549395,0.329241987560552,0.2138076208291,-0.0663838989124776,-0.115434366731452,0.359292530572449,0.176106785234671,-0.183185745337779
0.178821823264081,0.180007159381904,0.324350654225897,0.345853604509933,0.00118533611782293,0.0215029502840358,0.735546813288196,0.682821959161954,-0.0527248541262422
0.160378464937392,0.0758986880972877,0.353741530290418,0.403975848527929,-0.0844797768401045,0.0502343182375108,0.573618178802362,0.206687824861374,-0.366930353940988
0.124340145676774,0.04376447680316,0.307738259023178,0.336876982515112,-0.0805756688736143,0.0291387234919345,0.497871548287877,0.138728557032067,-0.35914299125581
0.0994234453955736,0.0214029684227096,0.3753097141982,0.410261809198765,-0.078020476972864,0.0349520950005648,0.303314189717461,0.0535538296707558,-0.249760360046706
0.129344566485097,0.102299660701012,0.3101508084681,0.340178182950448,-0.0270449057840851,0.0300273744823478,0.517459654861402,0.35083612888079,-0.166623525980613
0.189557295551895,0.040083160574086,0.305115301935263,0.266473138709701,-0.149474134977809,-0.0386421632255615,0.861280082477084,0.162323497882231,-0.698956584594852
0.117142440431455,0.130522253477844,0.261555571860758,0.260880003468365,0.013379813046389,-0.000675568392392467,0.564972521980811,0.649241170952165,0.0842686489713542
0.128824234433711,0.113524498656673,0.357956753928506,0.359085261559151,-0.0152997357770382,0.00112850763064426,0.433168466962331,0.371834843565499,-0.0613336233968322
0.134265754534706,0.0439414217808251,0.324000125168245,0.34567317822759,-0.090324332753881,0.021673053059345,0.513462870346397,0.135551460565899,-0.377911409780497
0.131295659167651,0.0474012932354131,0.351249194165762,0.403299211609756,-0.0838943659322374,0.0520500174439941,0.453241136510546,0.124719656978612,-0.328521479531934
0.100017958464854,-0.0807525523583801,0.302744879571354,0.440230790536761,-0.180770510823234,0.137485910965407,0.391483491358066,-0.167591783325295,-0.559075274683361
0.0679972165240073,0.106883822513299,0.338182537110962,0.348201665397225,0.0388866059892916,0.0100191282862628,0.222706214388537,0.359285968202427,0.13657975381389
0.118017918332208,0.0115817849222254,0.292210498911634,0.260339130204711,-0.106436133409983,-0.0318713687069229,0.49762392417214,0.0454916986208118,-0.452132225551329
0.134466112878311,0.0625832066294924,0.388807236981767,0.358547081595883,-0.0718829062488191,-0.0302601553858838,0.413180189711076,0.190706336254481,-0.222473853456595
0.119254804904684,0.171026457621903,0.33052792440882,0.36657794455892,0.0517716527172187,0.0360500201501004,0.434477968102272,0.594481625955815,0.160003657853543
0.145213504328195,0.0402862478654953,0.298686549015108,0.379508845476496,-0.1049272564627,0.0808222964613887,0.626082202546752,0.111992717285421,-0.514089485261331
0.175749227681266,0.122037774972928,0.330307092865799,0.391430315654621,-0.0537114527083383,0.0611232227888214,0.702466826108488,0.365845906260496,-0.336620919847992
0.158608075855201,0.149989836454008,0.313738254177207,0.410981999285109,-0.008618239401193,0.0972437451079025,0.657884966936418,0.440448839159403,-0.217436127777015
0.159498635982627,0.156085887578065,0.329056009391027,0.374660282211502,-0.00341274840456171,0.0456042728204757,0.623713430333146,0.516805446345671,-0.106907983987476
0.12962493422923,0.0732175923145329,0.313725071397183,0.292801775375123,-0.0564073419146966,-0.02092329602206,0.511617136993527,0.284100620183626,-0.227516516809901
0.171810638116404,0.0948423477024573,0.345280117309211,0.280962917080135,-0.076968290413947,-0.0643172002290768,0.644765519795554,0.401526218437975,-0.243239301357579
0.179425570772162,0.048665579245004,0.38016904085845,0.321628444468412,-0.130759991527158,-0.0585405963900382,0.603137432894465,0.163357168105116,-0.439780264789348
0.164496819751815,0.166804429871007,0.350552841446921,0.278772235686915,0.00230761011919187,-0.0717806057600064,0.598794186376455,0.819121717635265,0.22032753125881
0.134975725176401,0.0746301419776633,0.327935887190602,0.234262414811724,-0.0603455831987382,-0.0936734723788784,0.509218261873112,0.375166714782385,-0.134051547090728
0.169464092537962,0.0672192044443238,0.365204805089253,0.309351346628118,-0.102244888093638,-0.0558534584611343,0.590462439101824,0.242705439803544,-0.34775699929828
0.109818018902229,0.0849723261914478,0.35766656323515,0.266857142928225,-0.024845692710781,-0.0908094203069257,0.359395636695685,0.374951944628251,0.0155563079325665
0.131077134290161,0.193454072692308,0.375858830755136,0.502474053280632,0.0623769384021469,0.126615222525497,0.417281123273229,0.469618890442415,0.0523377671691863
0.111788610125029,-0.00019293050670581,0.333790341503449,0.401859352587271,-0.111981540631735,0.0680690110838217,0.397809914725092,-0.000479979376931117,-0.398289894102023
0.173606752079228,0.175783476660129,0.362986013053412,0.418899970813097,0.00217672458090096,0.0559139577596848,0.613287373247551,0.521400284245614,-0.0918870890019372
0.112467750383093,0.101126656870849,0.320511846606741,0.347511227888797,-0.011341093512244,0.0269993812820556,0.420345919796662,0.337768008348679,-0.0825779114479832
0.183194866198966,0.0518524802963998,0.348170807757982,0.190624624969886,-0.131342385902566,-0.157546182788096,0.69242730559547,0.312604782447192,-0.379822523148278
0.139188788170696,0.138670597213498,0.361546268066625,0.379954996479072,-0.00051819095719785,0.0184087284124476,0.469587798699431,0.440464811499715,-0.0291229871997152
0.0865574671925831,0.0488262526655998,0.317334061899553,0.353684469558157,-0.0377312145269833,0.0363504076586044,0.3135908596761,0.148033312871762,-0.165557546804338
0.15021729128426,0.0251745196806639,0.294409794789034,0.480937319291708,-0.125042771603596,0.186527524502674,0.665677546980566,0.0537389036829725,-0.611938643297594
0.170318113227209,0.141585547307876,0.311921941379087,0.293910622820635,-0.0287325659193339,-0.0180113185584517,0.726382188164306,0.618872536912192,-0.107509651252114
0.1459804159764,0.0385748426953108,0.343635281082751,0.325118223512866,-0.10740557328109,-0.0185170575698851,0.529302994726237,0.125974252919665,-0.403328741806572
0.168580792776501,0.13088268801418,0.404663297132687,0.381738393067296,-0.0376981047623216,-0.0229249040653911,0.516788413600228,0.408970984853317,-0.107817428746911
0.0970289181713366,0.0034285363132143,0.336328347916689,0.339931646193674,-0.0936003818581223,0.00360329827698508,0.334417167339242,0.0101369927283632,-0.324280174610879
0.191278846827683,0.136639091942867,0.359652018267091,0.299023776745389,-0.0546397548848164,-0.0606282415217022,0.702068403082215,0.579250855419056,-0.122817547663159
0.127272005069788,0.0667772911301816,0.347133893213701,0.370595041955665,-0.0604947139396064,0.0234611487419638,0.44287354477941,0.19744411455054,-0.24542943022887
0.101180221760253,0.0708329961699602,0.327194382038363,0.347126369968795,-0.0303472255902927,0.0199319879304328,0.362383604644522,0.226366042425628,-0.136017562218894
0.140405687839571,0.0713788832301491,0.312973933390427,0.260259269515173,-0.0690268046094218,-0.0527146638752542,0.566146013774851,0.31555769205244,-0.250588321722411
0.199819051496287,0.130551010466267,0.335676406118056,0.451583295736028,-0.0692680410300202,0.115906889617972,0.81352570091115,0.335220157773859,-0.478305543137291
0.136305438570688,0.126330434433834,0.359067999478224,0.292823409565919,-0.00997500413685418,-0.0662445899123052,0.461712924950152,0.539444919041573,0.0777319940914203
0.17296956624064,0.156710458004503,0.345845156658528,0.390279315438574,-0.0162591082361361,0.044434158780046,0.648945287808327,0.494115078866389,-0.154830208941938
0.141000622935648,0.0927650324477238,0.331800603723385,0.326398475785451,-0.0482355904879237,-0.0054021279379346,0.529522960496352,0.328709169497793,-0.200813790998559
0.224845470395373,0.204152992153036,0.365112283616489,0.372177766429948,-0.0206924782423366,0.00706548281345964,0.851184201492208,0.730717805231769,-0.120466396260439
0.128815784647311,0.0879884071791187,0.370348023306726,0.299795012202657,-0.0408273774681925,-0.0705530111040689,0.415982455775327,0.341106787325105,-0.0748756684502219
0.202318961545548,0.143981621574649,0.367354252993024,0.319396492020629,-0.058337339970899,-0.0479577609723948,0.734546866479504,0.56955595101249,-0.164990915467015
0.0717426602581436,0.0375170398272727,0.339161035974127,0.275152936319224,-0.0342256204308709,-0.0640080996549025,0.235566763661387,0.146082689861603,-0.0894840737997837
0.128515065189357,0.0698413589598188,0.367595412891425,0.396578155458045,-0.0586737062295384,0.0289827425666204,0.418514347068388,0.192569173914998,-0.22594517315339
0.0990056936270112,0.0636140339429601,0.396112435227173,0.321235870343972,-0.0353916596840511,-0.0748765648832009,0.283952758412797,0.218997804103766,-0.0649549543090304
0.147686910859844,0.123397189075898,0.36244611404978,0.410458872393796,-0.0242897217839461,0.048012758344016,0.503014471414515,0.35071257415157,-0.152301897262945
0.155350120669118,0.0620435518985227,0.339582403152858,0.394719977953383,-0.0933065687705954,0.0551375748005254,0.580077665304996,0.170210577549928,-0.409867087755069
0.0838111781382435,0.097712282948637,0.343526809609147,0.282796729759119,0.0139011048103934,-0.0607300798500275,0.276309542032038,0.412726128183264,0.136416586151226
0.112731965863495,0.0765435422700983,0.352567268274708,0.349603148246092,-0.0361884235933969,-0.00296412002861596,0.376777987460637,0.244761676969753,-0.132016310490883
0.118072896193498,0.0894865475649123,0.357549244929745,0.362144161288863,-0.0285863486285859,0.0045949163591183,0.391285788399412,0.280309701321024,-0.110976087078388
0.179999672753818,0.049624666280075,0.363903324418527,0.364585836927466,-0.130375006473743,0.00068251250893947,0.639901152182692,0.145810716364179,-0.494090435818513
0.108188524504279,0.0907852185207198,0.343893871881267,0.393301719452117,-0.0174033059835588,0.0494078475708494,0.369709374796357,0.259643104272036,-0.110066270524321
0.174300702355984,0.153393727788962,0.298885182112445,0.406445560957239,-0.0209069745670218,0.107560378844795,0.791708141054726,0.458491797237694,-0.333216343817032
0.15720319395053,0.022350564173043,0.38360979700157,0.208264378022377,-0.134852629777486,-0.175345418979193,0.506516055588967,0.113288478579046,-0.393227577009921
0.113395642624425,0.0413498863857241,0.360452297271372,0.329717637976029,-0.0720457562387011,-0.0307346592953431,0.3697012465611,0.133613130272167,-0.236088116288933
0.111821713314476,0.127282023635144,0.338794009346168,0.410116499705908,0.0154603103206686,0.0713224903597396,0.391048971919851,0.36391027143312,-0.0271387004867312
0.159945376859959,0.148529549625213,0.303348117832184,0.258256139442986,-0.0114158272347461,-0.0450919783891985,0.694295045818656,0.77735259559261,0.0830575497739541
0.114957098234686,0.0911636206709826,0.300630902689674,0.252209631991819,-0.0237934775637029,-0.0484212706978552,0.465778009359901,0.435423188939505,-0.0303548204203967
0.155629227095979,0.141612574105047,0.345452432498724,0.36046930709152,-0.0140166529909316,0.015016874592796,0.569109738355746,0.481205261233318,-0.0879044771224278
0.114258547788144,0.0668195783477537,0.329430040909413,0.420386958745668,-0.0474389694403906,0.090956917836254,0.41458621787878,0.172276741379639,-0.242309476499141
0.138629705505575,0.0118345517215319,0.398623896771196,0.396102258324755,-0.126795153784043,-0.00252163844644127,0.415907523206821,0.0303283279079365,-0.385579195298885
0.108766354232392,0.0477409690068722,0.331714499034687,0.277426942316166,-0.0610253852255197,-0.0542875567185211,0.388038318322039,0.187778591627262,-0.200259726694777
0.129063376766409,0.0777194753996754,0.34204795981987,0.367153471044094,-0.0513439013667334,0.0251055112242243,0.458378760948175,0.235753823772242,-0.222624937175933
0.149839032270183,0.0380251666253897,0.299509342122854,0.327449397626536,-0.111813865644793,0.0279400555036819,0.649185722687695,0.123136616654426,-0.526049106033269
0.187468165373011,0.191752585190467,0.391567588163535,0.272818279166921,0.00428441981745611,-0.118749308996613,0.614076933977404,1.01951680103741,0.405439867060006
0.105925474893161,0.000799648450349619,0.393070393587448,0.345515391153411,-0.105125826442812,-0.0475550024340371,0.309286328302137,0.00231704440377811,-0.306969283898359
0.060285928327739,0.0477074037743867,0.351639755869353,0.315265648625066,-0.0125785245533523,-0.0363741072442867,0.187015649312111,0.163374064240216,-0.0236415850718952
0.121742143300237,0.126064952651788,0.364923699334424,0.366029109054883,0.00432280935155026,0.0011054097204593,0.395998398885432,0.411160434664166,0.0151620357787337
0.0918393132518926,0.0772411097584687,0.347688395762375,0.266370197332279,-0.0145982034934239,-0.081318198430096,0.30231387955745,0.33639614371596,0.0340822641585095
0.118167735319032,0.0060300934033343,0.349076329175029,0.357084711749262,-0.112137641915698,0.00800838257423298,0.402863441769873,0.0170304024370322,-0.38583303933284
0.12845099710168,0.0899803574949534,0.29931248512154,0.341715487985389,-0.0384706396067263,0.0424030028638485,0.535956767801662,0.301242422552392,-0.23471434524927
0.0977479104242968,0.0697291524429596,0.328397940558722,0.242618594814409,-0.0280187579813372,-0.0857793457443126,0.346691443975532,0.332960412001388,-0.0137310319741439
0.111597336881322,0.00236218674368784,0.306706933664149,0.319088923891504,-0.109235150137634,0.0123819902273547,0.438867841325004,0.00743037977982541,-0.431437461545178
0.131204760807432,0.0484586156505389,0.428284522671117,0.410390847826508,-0.0827461451568932,-0.0178936748446087,0.358457040565039,0.125333214080847,-0.233123826484192
