"draw","scenario","man","woman"
0,"unweighted",1,412
0,"unweighted",2,10174
0,"unweighted",3,10232
0,"unweighted",4,11309
0,"unweighted",5,1576
0,"unweighted",6,1675
0,"unweighted",7,12790
0,"unweighted",8,11202
0,"unweighted",9,9253
0,"unweighted",10,2333
0,"unweighted",11,11115
0,"unweighted",12,5667
0,"unweighted",13,6601
0,"unweighted",14,3442
0,"unweighted",15,5979
0,"unweighted",16,8937
0,"unweighted",17,9998
0,"unweighted",18,4539
0,"unweighted",19,3047
0,"unweighted",20,11951
0,"unweighted",21,3074
0,"unweighted",22,6870
0,"unweighted",23,3843
0,"unweighted",24,5607
0,"unweighted",25,3075
0,"unweighted",26,3907
0,"unweighted",27,376
0,"unweighted",28,3080
0,"unweighted",29,11131
0,"unweighted",30,3878
0,"unweighted",31,13913
0,"unweighted",32,5257
0,"unweighted",33,5636
0,"unweighted",34,2054
0,"unweighted",35,1505
0,"unweighted",36,393
0,"unweighted",37,2271
0,"unweighted",38,402
0,"unweighted",39,6022
0,"unweighted",40,11963
0,"unweighted",41,5730
0,"unweighted",42,64
0,"unweighted",43,2570
0,"unweighted",44,3739
0,"unweighted",45,3776
0,"unweighted",46,6947
0,"unweighted",47,11056
0,"unweighted",48,4181
0,"unweighted",49,5307
0,"unweighted",50,12219
0,"unweighted",51,10971
0,"unweighted",52,9995
0,"unweighted",53,10946
0,"unweighted",54,10349
0,"unweighted",55,8668
0,"unweighted",56,11446
0,"unweighted",57,12813
0,"unweighted",58,11987
0,"unweighted",59,13914
0,"unweighted",60,4752
0,"unweighted",61,4709
0,"unweighted",62,2165
0,"unweighted",63,6354
0,"unweighted",64,12916
0,"unweighted",65,1919
0,"unweighted",66,6772
0,"unweighted",67,5917
0,"unweighted",68,532
0,"unweighted",69,12057
0,"unweighted",70,1427
0,"unweighted",71,5798
0,"unweighted",72,9486
0,"unweighted",73,3492
0,"unweighted",74,12941
0,"unweighted",75,5732
0,"unweighted",76,6747
0,"unweighted",77,5882
0,"unweighted",78,12694
0,"unweighted",79,3036
0,"unweighted",80,11942
0,"unweighted",81,9759
0,"unweighted",82,6845
0,"unweighted",83,6862
0,"unweighted",84,12742
0,"unweighted",85,2756
0,"unweighted",86,9285
0,"unweighted",87,5942
0,"unweighted",88,8185
0,"unweighted",89,2410
0,"unweighted",90,570
0,"unweighted",91,13824
0,"unweighted",92,14122
0,"unweighted",93,13954
0,"unweighted",94,1433
0,"unweighted",95,1592
0,"unweighted",96,13587
0,"unweighted",97,12257
0,"unweighted",98,3134
0,"unweighted",99,12698
0,"unweighted",100,6767
0,"unweighted",101,2385
0,"unweighted",102,7723
0,"unweighted",103,3922
0,"unweighted",104,3825
0,"unweighted",105,13626
0,"unweighted",106,2203
0,"unweighted",107,12888
0,"unweighted",108,4797
0,"unweighted",109,2747
0,"unweighted",110,9468
0,"unweighted",111,4329
0,"unweighted",112,9767
0,"unweighted",113,10405
0,"unweighted",114,11625
0,"unweighted",115,4213
0,"unweighted",116,4294
0,"unweighted",117,553
0,"unweighted",118,10001
0,"unweighted",119,2034
0,"unweighted",120,3750
0,"unweighted",121,7111
0,"unweighted",122,10075
0,"unweighted",123,5039
0,"unweighted",124,10145
0,"unweighted",125,12920
0,"unweighted",126,3098
0,"unweighted",127,16
0,"unweighted",128,5045
0,"unweighted",129,12880
0,"unweighted",130,11883
0,"unweighted",131,6233
0,"unweighted",132,2459
0,"unweighted",133,82
0,"unweighted",134,4750
0,"unweighted",135,2916
0,"unweighted",136,1069
0,"unweighted",137,14017
0,"unweighted",138,10151
0,"unweighted",139,10356
0,"unweighted",140,6624
0,"unweighted",141,6790
0,"unweighted",142,12965
0,"unweighted",143,10982
0,"unweighted",144,6370
0,"unweighted",145,12858
0,"unweighted",146,7560
0,"unweighted",147,4326
0,"unweighted",148,2300
0,"unweighted",149,8955
0,"unweighted",150,11133
0,"unweighted",151,8854
0,"unweighted",152,6645
0,"unweighted",153,9119
0,"unweighted",154,11046
0,"unweighted",155,10016
0,"unweighted",156,5163
0,"unweighted",157,351
0,"unweighted",158,8953
0,"unweighted",159,350
0,"unweighted",160,11036
0,"unweighted",161,889
0,"unweighted",162,3077
0,"unweighted",163,13910
0,"unweighted",164,11237
0,"unweighted",165,6923
0,"unweighted",166,2164
0,"unweighted",167,8700
0,"unweighted",168,1539
0,"unweighted",169,9336
0,"unweighted",170,5326
0,"unweighted",171,4690
0,"unweighted",172,8034
0,"unweighted",173,5256
0,"unweighted",174,7982
0,"unweighted",175,11250
0,"unweighted",176,10950
0,"unweighted",177,12203
0,"unweighted",178,7061
0,"unweighted",179,3894
0,"unweighted",180,14004
0,"unweighted",181,4754
0,"unweighted",182,10964
0,"unweighted",183,13899
0,"unweighted",184,11833
0,"unweighted",185,3868
0,"unweighted",186,12643
0,"unweighted",187,9003
0,"unweighted",188,8023
0,"unweighted",189,56
0,"unweighted",190,10379
0,"unweighted",191,7614
0,"unweighted",192,7637
0,"unweighted",193,8841
0,"unweighted",194,10092
0,"unweighted",195,4192
0,"unweighted",196,8961
0,"unweighted",197,9315
0,"unweighted",198,5640
0,"unweighted",199,3881
0,"unweighted",200,7034
0,"unweighted",201,7529
0,"unweighted",202,2180
0,"unweighted",203,11994
0,"unweighted",204,2195
0,"unweighted",205,935
0,"unweighted",206,5264
0,"unweighted",207,5355
0,"unweighted",208,11855
0,"unweighted",209,13888
0,"unweighted",210,913
0,"unweighted",211,5880
0,"unweighted",212,2116
0,"unweighted",213,6796
0,"unweighted",214,421
0,"unweighted",215,6664
0,"unweighted",216,389
0,"unweighted",217,2325
0,"unweighted",218,9576
0,"unweighted",219,13715
0,"unweighted",220,2191
0,"unweighted",221,10357
0,"unweighted",222,12196
0,"unweighted",223,931
0,"unweighted",224,11845
0,"unweighted",225,14018
0,"unweighted",226,6931
0,"unweighted",227,11066
0,"unweighted",228,926
0,"unweighted",229,9017
0,"unweighted",230,8845
0,"unweighted",231,2597
0,"unweighted",232,5321
0,"unweighted",233,615
0,"unweighted",234,12811
0,"unweighted",235,13905
0,"unweighted",236,4185
0,"unweighted",237,9551
0,"unweighted",238,2027
0,"unweighted",239,13808
0,"unweighted",240,6448
0,"unweighted",241,12335
0,"unweighted",242,1706
0,"unweighted",243,3232
0,"unweighted",244,9153
0,"unweighted",245,10608
0,"unweighted",246,11480
0,"unweighted",247,9158
0,"unweighted",248,6483
0,"unweighted",249,13886
0,"unweighted",250,1025
0,"unweighted",251,3664
0,"unweighted",252,4891
0,"unweighted",253,12438
0,"unweighted",254,6136
0,"unweighted",255,8459
0,"unweighted",256,14089
0,"unweighted",257,682
0,"unweighted",258,4630
0,"unweighted",259,1361
0,"unweighted",260,3201
0,"unweighted",261,965
0,"unweighted",262,12595
0,"unweighted",263,11553
0,"unweighted",264,10655
0,"unweighted",265,4120
0,"unweighted",266,2002
0,"unweighted",267,7157
0,"unweighted",268,11214
0,"unweighted",269,5008
0,"unweighted",270,5493
0,"unweighted",271,7279
0,"unweighted",272,12619
0,"unweighted",273,707
0,"unweighted",274,8867
0,"unweighted",275,9087
0,"unweighted",276,12437
0,"unweighted",277,5402
0,"unweighted",278,4923
0,"unweighted",279,1335
0,"unweighted",280,4147
0,"unweighted",281,14045
0,"unweighted",282,11503
0,"unweighted",283,4619
0,"unweighted",284,702
0,"unweighted",285,6119
0,"unweighted",286,2685
0,"unweighted",287,4012
0,"unweighted",288,4005
0,"unweighted",289,7773
0,"unweighted",290,1357
0,"unweighted",291,4867
0,"unweighted",292,4020
0,"unweighted",293,2501
0,"unweighted",294,6295
0,"unweighted",295,12439
0,"unweighted",296,6309
0,"unweighted",297,12173
0,"unweighted",298,11704
0,"unweighted",299,6206
0,"unweighted",300,6146
0,"unweighted",301,5409
0,"unweighted",302,2872
0,"unweighted",303,6482
0,"unweighted",304,1161
0,"unweighted",305,7816
0,"unweighted",306,12109
0,"unweighted",307,12409
0,"unweighted",308,10527
0,"unweighted",309,6393
0,"unweighted",310,6363
0,"unweighted",311,8311
0,"unweighted",312,2967
0,"unweighted",313,1355
0,"unweighted",314,5574
0,"unweighted",315,7752
0,"unweighted",316,14074
0,"unweighted",317,13351
0,"unweighted",318,5707
0,"unweighted",319,5481
0,"unweighted",320,3668
0,"unweighted",321,12099
0,"unweighted",322,4150
0,"unweighted",323,6401
0,"unweighted",324,4131
0,"unweighted",325,13835
0,"unweighted",326,2945
0,"unweighted",327,2995
0,"unweighted",328,1666
0,"unweighted",329,1692
0,"unweighted",330,9100
0,"unweighted",331,7241
0,"unweighted",332,13857
0,"unweighted",333,11413
0,"unweighted",334,1350
0,"unweighted",335,1385
0,"unweighted",336,8477
0,"unweighted",337,10841
0,"unweighted",338,7888
0,"unweighted",339,1987
0,"unweighted",340,7777
0,"unweighted",341,13318
0,"unweighted",342,14047
0,"unweighted",343,12136
0,"unweighted",344,7973
0,"unweighted",345,7764
0,"unweighted",346,3299
0,"unweighted",347,5060
0,"unweighted",348,11200
0,"unweighted",349,8296
0,"unweighted",350,11185
0,"unweighted",351,9210
0,"unweighted",352,11578
0,"unweighted",353,8563
0,"unweighted",354,2926
0,"unweighted",355,10748
0,"unweighted",356,5080
0,"unweighted",357,5971
0,"unweighted",358,10761
0,"unweighted",359,5596
0,"unweighted",360,1233
0,"unweighted",361,488
0,"unweighted",362,11109
0,"unweighted",363,10155
0,"unweighted",364,3432
0,"unweighted",365,5075
0,"unweighted",366,3373
0,"unweighted",367,8117
0,"unweighted",368,508
0,"unweighted",369,1254
0,"unweighted",370,7414
0,"unweighted",371,4510
0,"unweighted",372,6927
0,"unweighted",373,7393
0,"unweighted",374,1266
0,"unweighted",375,3448
0,"unweighted",376,7389
0,"unweighted",377,5109
0,"unweighted",378,6277
0,"unweighted",379,11141
0,"unweighted",380,12926
0,"unweighted",381,12202
0,"unweighted",382,11123
0,"unweighted",383,11355
0,"unweighted",384,10566
0,"unweighted",385,11444
0,"unweighted",386,5511
0,"unweighted",387,8738
0,"unweighted",388,977
0,"unweighted",389,4366
0,"unweighted",390,1622
0,"unweighted",391,9032
0,"unweighted",392,9130
0,"unweighted",393,824
0,"unweighted",394,7213
0,"unweighted",395,4964
0,"unweighted",396,4384
0,"unweighted",397,8362
0,"unweighted",398,12343
0,"unweighted",399,9258
0,"unweighted",400,9638
0,"unweighted",401,11495
0,"unweighted",402,7826
0,"unweighted",403,7192
0,"unweighted",404,11175
0,"unweighted",405,4388
0,"unweighted",406,12333
0,"unweighted",407,12076
0,"unweighted",408,9303
0,"unweighted",409,11042
0,"unweighted",410,3675
0,"unweighted",411,2
0,"unweighted",412,9610
0,"unweighted",413,1300
0,"unweighted",414,5746
0,"unweighted",415,3504
0,"unweighted",416,6638
0,"unweighted",417,93
0,"unweighted",418,11892
0,"unweighted",419,5696
0,"unweighted",420,12648
0,"unweighted",421,8754
0,"unweighted",422,13944
0,"unweighted",423,12650
0,"unweighted",424,4777
0,"unweighted",425,9451
0,"unweighted",426,2058
0,"unweighted",427,11313
0,"unweighted",428,12653
0,"unweighted",429,5908
0,"unweighted",430,822
0,"unweighted",431,10678
0,"unweighted",432,10955
0,"unweighted",433,4079
0,"unweighted",434,6273
0,"unweighted",435,5735
0,"unweighted",436,11162
0,"unweighted",437,9461
0,"unweighted",438,11464
0,"unweighted",439,7671
0,"unweighted",440,4714
0,"unweighted",441,2277
0,"unweighted",442,3138
0,"unweighted",443,11807
0,"unweighted",444,13926
0,"unweighted",445,7536
0,"unweighted",446,3980
0,"unweighted",447,12862
0,"unweighted",448,1445
0,"unweighted",449,12720
0,"unweighted",450,3130
0,"unweighted",451,9018
0,"unweighted",452,10264
0,"unweighted",453,10456
0,"unweighted",454,3124
0,"unweighted",455,65
0,"unweighted",456,6774
0,"unweighted",457,12685
0,"unweighted",458,13605
0,"unweighted",459,3973
0,"unweighted",460,6272
0,"unweighted",461,9080
0,"unweighted",462,3601
0,"unweighted",463,6184
0,"unweighted",464,4300
0,"unweighted",465,12121
0,"unweighted",466,4613
0,"unweighted",467,7980
0,"unweighted",468,1018
0,"unweighted",469,10266
0,"unweighted",470,115
0,"unweighted",471,7705
0,"unweighted",472,3777
0,"unweighted",473,2012
0,"unweighted",474,13561
0,"unweighted",475,12922
0,"unweighted",476,2550
0,"unweighted",477,8861
0,"unweighted",478,6922
0,"unweighted",479,2569
0,"unweighted",480,8033
0,"unweighted",481,10376
0,"unweighted",482,14031
0,"unweighted",483,10343
0,"unweighted",484,8807
0,"unweighted",485,14027
0,"unweighted",486,3872
0,"unweighted",487,1551
0,"unweighted",488,11846
0,"unweighted",489,906
0,"unweighted",490,45
0,"unweighted",491,6232
0,"unweighted",492,2154
0,"unweighted",493,3763
0,"unweighted",494,10960
0,"unweighted",495,9514
0,"unweighted",496,8865
0,"unweighted",497,7679
0,"unweighted",498,7990
0,"unweighted",499,10079
0,"unweighted",500,618
0,"unweighted",501,8724
0,"unweighted",502,12767
0,"unweighted",503,6944
0,"unweighted",504,6973
0,"unweighted",505,4704
0,"unweighted",506,638
0,"unweighted",507,888
0,"unweighted",508,610
0,"unweighted",509,1536
0,"unweighted",510,1923
0,"unweighted",511,2184
0,"unweighted",512,9749
0,"unweighted",513,5697
0,"unweighted",514,2719
0,"unweighted",515,7000
0,"unweighted",516,775
0,"unweighted",517,4779
0,"unweighted",518,2722
0,"unweighted",519,9454
0,"unweighted",520,2730
0,"unweighted",521,783
0,"unweighted",522,9768
0,"unweighted",523,2384
0,"unweighted",524,13993
0,"unweighted",525,1550
0,"unweighted",526,836
0,"unweighted",527,1577
0,"unweighted",528,12058
0,"unweighted",529,10485
0,"unweighted",530,6792
0,"unweighted",531,3910
0,"unweighted",532,4488
0,"unweighted",533,10307
0,"unweighted",534,1668
0,"unweighted",535,5714
0,"unweighted",536,5937
0,"unweighted",537,9617
0,"unweighted",538,3386
0,"unweighted",539,7586
0,"unweighted",540,6547
0,"unweighted",541,5837
0,"unweighted",542,10053
0,"unweighted",543,10488
0,"unweighted",544,13902
0,"unweighted",545,4191
0,"unweighted",546,12747
0,"unweighted",547,10298
0,"unweighted",548,3940
0,"unweighted",549,10434
0,"unweighted",550,7930
0,"unweighted",551,5311
0,"unweighted",552,2086
0,"unweighted",553,3129
0,"unweighted",554,432
0,"unweighted",555,2752
0,"unweighted",556,7920
0,"unweighted",557,10994
0,"unweighted",558,4237
0,"unweighted",559,9902
0,"unweighted",560,6278
0,"unweighted",561,2865
0,"unweighted",562,10011
0,"unweighted",563,1073
0,"unweighted",564,5506
0,"unweighted",565,3523
0,"unweighted",566,10597
0,"unweighted",567,9146
0,"unweighted",568,9143
0,"unweighted",569,4416
0,"unweighted",570,4868
0,"unweighted",571,9687
0,"unweighted",572,6113
0,"unweighted",573,12436
0,"unweighted",574,6383
0,"unweighted",575,8312
0,"unweighted",576,6937
0,"unweighted",577,216
0,"unweighted",578,8413
0,"unweighted",579,9931
0,"unweighted",580,9691
0,"unweighted",581,190
0,"unweighted",582,10701
0,"unweighted",583,11215
0,"unweighted",584,7893
0,"unweighted",585,5413
0,"unweighted",586,8487
0,"unweighted",587,10539
0,"unweighted",588,3985
0,"unweighted",589,12423
0,"unweighted",590,9646
0,"unweighted",591,12294
0,"unweighted",592,1013
0,"unweighted",593,12455
0,"unweighted",594,1036
0,"unweighted",595,3986
0,"unweighted",596,6394
0,"unweighted",597,4997
0,"unweighted",598,6046
0,"unweighted",599,8
0,"unweighted",600,5181
0,"unweighted",601,8384
0,"unweighted",602,1324
0,"unweighted",603,6976
0,"unweighted",604,6797
0,"unweighted",605,8020
0,"unweighted",606,12481
0,"unweighted",607,8815
0,"unweighted",608,25
0,"unweighted",609,8054
0,"unweighted",610,5443
0,"unweighted",611,12780
0,"unweighted",612,11161
0,"unweighted",613,3832
0,"unweighted",614,2412
0,"unweighted",615,6793
0,"unweighted",616,7675
0,"unweighted",617,872
0,"unweighted",618,1821
0,"unweighted",619,10167
0,"unweighted",620,462
0,"unweighted",621,12519
0,"unweighted",622,499
0,"unweighted",623,3236
0,"unweighted",624,11334
0,"unweighted",625,4487
0,"unweighted",626,2088
0,"unweighted",627,12523
0,"unweighted",628,11108
0,"unweighted",629,11559
0,"unweighted",630,10753
0,"unweighted",631,8110
0,"unweighted",632,5803
0,"unweighted",633,10750
0,"unweighted",634,9125
0,"unweighted",635,6541
0,"unweighted",636,12540
0,"unweighted",637,9222
0,"unweighted",638,10221
0,"unweighted",639,3354
0,"unweighted",640,2493
0,"unweighted",641,304
0,"unweighted",642,3449
0,"unweighted",643,10797
0,"unweighted",644,3375
0,"unweighted",645,10181
0,"unweighted",646,9920
0,"unweighted",647,11616
0,"unweighted",648,6599
0,"unweighted",649,11605
0,"unweighted",650,8122
0,"unweighted",651,12852
0,"unweighted",652,9239
0,"unweighted",653,11609
0,"unweighted",654,9230
0,"unweighted",655,13133
0,"unweighted",656,2085
0,"unweighted",657,2940
0,"unweighted",658,3914
0,"unweighted",659,3468
0,"unweighted",660,10981
0,"unweighted",661,2317
0,"unweighted",662,8144
0,"unweighted",663,11015
0,"unweighted",664,9999
0,"unweighted",665,10942
0,"unweighted",666,7714
0,"unweighted",667,8918
0,"unweighted",668,2932
0,"unweighted",669,10996
0,"unweighted",670,9277
0,"unweighted",671,5144
0,"unweighted",672,3505
0,"unweighted",673,1498
0,"unweighted",674,5811
0,"unweighted",675,3678
0,"unweighted",676,12042
0,"unweighted",677,10414
0,"unweighted",678,11022
0,"unweighted",679,6106
0,"unweighted",680,11025
0,"unweighted",681,4574
0,"unweighted",682,8945
0,"unweighted",683,6851
0,"unweighted",684,1913
0,"unweighted",685,12904
0,"unweighted",686,1756
0,"unweighted",687,5682
0,"unweighted",688,5290
0,"unweighted",689,7033
0,"unweighted",690,2800
0,"unweighted",691,9800
0,"unweighted",692,3919
0,"unweighted",693,13699
0,"unweighted",694,13898
0,"unweighted",695,594
0,"unweighted",696,2130
0,"unweighted",697,12798
0,"unweighted",698,10064
0,"unweighted",699,10377
0,"unweighted",700,7076
0,"unweighted",701,7636
0,"unweighted",702,7996
0,"unweighted",703,10625
0,"unweighted",704,9305
0,"unweighted",705,4746
0,"unweighted",706,11803
0,"unweighted",707,3752
0,"unweighted",708,7042
0,"unweighted",709,1391
0,"unweighted",710,9924
0,"unweighted",711,14131
0,"unweighted",712,9944
0,"unweighted",713,3238
0,"unweighted",714,14058
0,"unweighted",715,13880
0,"unweighted",716,12402
0,"unweighted",717,748
0,"unweighted",718,2542
0,"unweighted",719,3002
0,"unweighted",720,9294
0,"unweighted",721,10650
0,"unweighted",722,10668
0,"unweighted",723,3387
0,"unweighted",724,10886
0,"unweighted",725,3005
0,"unweighted",726,991
0,"unweighted",727,5223
0,"unweighted",728,4641
0,"unweighted",729,8438
0,"unweighted",730,3279
0,"unweighted",731,7916
0,"unweighted",732,9886
0,"unweighted",733,278
0,"unweighted",734,7275
0,"unweighted",735,12418
0,"unweighted",736,8449
0,"unweighted",737,6695
0,"unweighted",738,2383
0,"unweighted",739,3538
0,"unweighted",740,1020
0,"unweighted",741,3294
0,"unweighted",742,13296
0,"unweighted",743,2546
0,"unweighted",744,13291
0,"unweighted",745,11216
0,"unweighted",746,11224
0,"unweighted",747,7460
0,"unweighted",748,1057
0,"unweighted",749,9854
0,"unweighted",750,12565
0,"unweighted",751,1998
0,"unweighted",752,2633
0,"unweighted",753,13841
0,"unweighted",754,12606
0,"unweighted",755,12311
0,"unweighted",756,7782
0,"unweighted",757,1979
0,"unweighted",758,10227
0,"unweighted",759,10725
0,"unweighted",760,1358
0,"unweighted",761,3275
0,"unweighted",762,3213
0,"unweighted",763,11087
0,"unweighted",764,6112
0,"unweighted",765,1762
0,"unweighted",766,2642
0,"unweighted",767,10646
0,"unweighted",768,11398
0,"unweighted",769,10703
0,"unweighted",770,6199
0,"unweighted",771,11383
0,"unweighted",772,11364
0,"unweighted",773,5178
0,"unweighted",774,7454
0,"unweighted",775,963
0,"unweighted",776,4445
0,"unweighted",777,12299
0,"unweighted",778,7116
0,"unweighted",779,2529
0,"unweighted",780,8602
0,"unweighted",781,6489
0,"unweighted",782,12414
0,"unweighted",783,7967
0,"unweighted",784,10524
0,"unweighted",785,10481
0,"unweighted",786,11990
0,"unweighted",787,413
0,"unweighted",788,10457
0,"unweighted",789,7649
0,"unweighted",790,5899
0,"unweighted",791,4694
0,"unweighted",792,9429
0,"unweighted",793,3895
0,"unweighted",794,11805
0,"unweighted",795,9556
0,"unweighted",796,884
0,"unweighted",797,5295
0,"unweighted",798,1510
0,"unweighted",799,5748
0,"unweighted",800,8838
0,"unweighted",801,899
0,"unweighted",802,4207
0,"unweighted",803,11257
0,"unweighted",804,9555
0,"unweighted",805,11783
0,"unweighted",806,58
0,"unweighted",807,11935
0,"unweighted",808,12804
0,"unweighted",809,9530
0,"unweighted",810,8858
0,"unweighted",811,8966
0,"unweighted",812,636
0,"unweighted",813,625
0,"unweighted",814,12647
0,"unweighted",815,11298
0,"unweighted",816,10319
0,"unweighted",817,8644
0,"unweighted",818,2196
0,"unweighted",819,10894
0,"unweighted",820,5346
0,"unweighted",821,8805
0,"unweighted",822,4720
0,"unweighted",823,2145
0,"unweighted",824,2809
0,"unweighted",825,6660
0,"unweighted",826,4190
0,"unweighted",827,12779
0,"unweighted",828,516
0,"unweighted",829,12954
0,"unweighted",830,7038
0,"unweighted",831,7623
0,"unweighted",832,3024
0,"unweighted",833,2710
0,"unweighted",834,6883
0,"unweighted",835,10125
0,"unweighted",836,8686
0,"unweighted",837,3765
0,"unweighted",838,5661
0,"unweighted",839,6652
0,"unweighted",840,930
0,"unweighted",841,1516
0,"unweighted",842,9431
0,"unweighted",843,11891
0,"unweighted",844,3795
0,"unweighted",845,4218
0,"unweighted",846,8974
0,"unweighted",847,9453
0,"unweighted",848,3809
0,"unweighted",849,2056
0,"unweighted",850,2725
0,"unweighted",851,8091
0,"unweighted",852,7513
0,"unweighted",853,6246
0,"unweighted",854,10190
0,"unweighted",855,3811
0,"unweighted",856,2051
0,"unweighted",857,3808
0,"unweighted",858,2061
0,"unweighted",859,13633
0,"unweighted",860,7426
0,"unweighted",861,1871
0,"unweighted",862,10212
0,"unweighted",863,3135
0,"unweighted",864,12736
0,"unweighted",865,1307
0,"unweighted",866,9262
0,"unweighted",867,3039
0,"unweighted",868,6859
0,"unweighted",869,3817
0,"unweighted",870,555
0,"unweighted",871,6784
0,"unweighted",872,1959
0,"unweighted",873,30
0,"unweighted",874,9470
0,"unweighted",875,2020
0,"unweighted",876,7953
0,"unweighted",877,1605
0,"unweighted",878,2316
0,"unweighted",879,5156
0,"unweighted",880,5263
0,"unweighted",881,9292
0,"unweighted",882,7526
0,"unweighted",883,8755
0,"unweighted",884,2049
0,"unweighted",885,10304
0,"unweighted",886,3079
0,"unweighted",887,4707
0,"unweighted",888,1435
0,"unweighted",889,12014
0,"unweighted",890,10270
0,"unweighted",891,1243
0,"unweighted",892,2038
0,"unweighted",893,6257
0,"unweighted",894,1567
0,"unweighted",895,10240
0,"unweighted",896,12690
0,"unweighted",897,10475
0,"unweighted",898,564
0,"unweighted",899,12674
0,"unweighted",900,3968
0,"unweighted",901,12930
0,"unweighted",902,9739
0,"unweighted",903,86
0,"unweighted",904,13419
0,"unweighted",905,12966
0,"unweighted",906,7189
0,"unweighted",907,6096
0,"unweighted",908,3473
0,"unweighted",909,4875
0,"unweighted",910,9770
0,"unweighted",911,3150
0,"unweighted",912,4872
0,"unweighted",913,12266
0,"unweighted",914,1616
0,"unweighted",915,9858
0,"unweighted",916,10593
0,"unweighted",917,7190
0,"unweighted",918,1125
0,"unweighted",919,12293
0,"unweighted",920,13819
0,"unweighted",921,10656
0,"unweighted",922,1002
0,"unweighted",923,720
0,"unweighted",924,2524
0,"unweighted",925,3991
0,"unweighted",926,1334
0,"unweighted",927,10228
0,"unweighted",928,7800
0,"unweighted",929,12365
0,"unweighted",930,3306
0,"unweighted",931,6480
0,"unweighted",932,175
0,"unweighted",933,5240
0,"unweighted",934,4435
0,"unweighted",935,10055
0,"unweighted",936,7134
0,"unweighted",937,7147
0,"unweighted",938,2614
0,"unweighted",939,5985
0,"unweighted",940,7836
0,"unweighted",941,5363
0,"unweighted",942,5331
0,"unweighted",943,9498
0,"unweighted",944,4044
0,"unweighted",945,4748
0,"unweighted",946,3319
0,"unweighted",947,5878
0,"unweighted",948,3102
0,"unweighted",949,12249
0,"unweighted",950,8737
0,"unweighted",951,11467
0,"unweighted",952,1786
0,"unweighted",953,873
0,"unweighted",954,3711
0,"unweighted",955,5427
0,"unweighted",956,10940
0,"unweighted",957,9389
0,"unweighted",958,2565
0,"unweighted",959,6655
0,"unweighted",960,12534
0,"unweighted",961,8233
0,"unweighted",962,6282
0,"unweighted",963,12530
0,"unweighted",964,12728
0,"unweighted",965,10777
0,"unweighted",966,1811
0,"unweighted",967,3943
0,"unweighted",968,3435
0,"unweighted",969,11537
0,"unweighted",970,11323
0,"unweighted",971,6582
0,"unweighted",972,14162
0,"unweighted",973,814
0,"unweighted",974,1238
0,"unweighted",975,494
0,"unweighted",976,10771
0,"unweighted",977,4069
0,"unweighted",978,3358
0,"unweighted",979,5083
0,"unweighted",980,4072
0,"unweighted",981,1819
0,"unweighted",982,11615
0,"unweighted",983,8886
0,"unweighted",984,2335
0,"unweighted",985,11156
0,"unweighted",986,7415
0,"unweighted",987,11604
0,"unweighted",988,9587
0,"unweighted",989,6594
0,"unweighted",990,4507
0,"unweighted",991,8903
0,"unweighted",992,11592
0,"unweighted",993,8897
0,"unweighted",994,3458
0,"unweighted",995,7407
0,"unweighted",996,3376
0,"unweighted",997,8361
0,"unweighted",998,3371
0,"unweighted",999,4511
0,"unweighted",1000,10790
0,"unweighted",1001,12699
0,"unweighted",1002,5724
0,"unweighted",1003,3462
0,"unweighted",1004,9464
0,"unweighted",1005,10743
0,"unweighted",1006,1299
0,"unweighted",1007,12886
0,"unweighted",1008,3611
0,"unweighted",1009,11127
0,"unweighted",1010,5988
0,"unweighted",1011,11312
0,"unweighted",1012,2321
0,"unweighted",1013,11761
0,"unweighted",1014,5741
0,"unweighted",1015,11363
0,"unweighted",1016,8157
0,"unweighted",1017,1499
0,"unweighted",1018,12906
0,"unweighted",1019,7215
0,"unweighted",1020,3123
0,"unweighted",1021,9318
0,"unweighted",1022,2025
0,"unweighted",1023,7062
0,"unweighted",1024,8071
0,"unweighted",1025,5660
0,"unweighted",1026,3871
0,"unweighted",1027,9148
0,"unweighted",1028,11296
0,"unweighted",1029,4596
0,"unweighted",1030,9325
0,"unweighted",1031,4741
0,"unweighted",1032,12680
0,"unweighted",1033,13925
0,"unweighted",1034,4755
0,"unweighted",1035,3753
0,"unweighted",1036,8107
0,"unweighted",1037,10230
0,"unweighted",1038,794
0,"unweighted",1039,12195
0,"unweighted",1040,12794
0,"unweighted",1041,5322
0,"unweighted",1042,2257
0,"unweighted",1043,12761
0,"unweighted",1044,2249
0,"unweighted",1045,5675
0,"unweighted",1046,1556
0,"unweighted",1047,9327
0,"unweighted",1048,3874
0,"unweighted",1049,7185
0,"unweighted",1050,13406
0,"unweighted",1051,11291
0,"unweighted",1052,7674
0,"unweighted",1053,6007
0,"unweighted",1054,2559
0,"unweighted",1055,2833
0,"unweighted",1056,13716
0,"unweighted",1057,13569
0,"unweighted",1058,8857
0,"unweighted",1059,916
0,"unweighted",1060,5515
0,"unweighted",1061,915
0,"unweighted",1062,8049
0,"unweighted",1063,7979
0,"unweighted",1064,3029
0,"unweighted",1065,3248
0,"unweighted",1066,7211
0,"unweighted",1067,6461
0,"unweighted",1068,11168
0,"unweighted",1069,5554
0,"unweighted",1070,6289
0,"unweighted",1071,10780
0,"unweighted",1072,6362
0,"unweighted",1073,12115
0,"unweighted",1074,5190
0,"unweighted",1075,10687
0,"unweighted",1076,6293
0,"unweighted",1077,4169
0,"unweighted",1078,1045
0,"unweighted",1079,13951
0,"unweighted",1080,7461
0,"unweighted",1081,9815
0,"unweighted",1082,1637
0,"unweighted",1083,7808
0,"unweighted",1084,4893
0,"unweighted",1085,9261
0,"unweighted",1086,10528
0,"unweighted",1087,3168
0,"unweighted",1088,10564
0,"unweighted",1089,6178
0,"unweighted",1090,11692
0,"unweighted",1091,12429
0,"unweighted",1092,6128
0,"unweighted",1093,3577
0,"unweighted",1094,2518
0,"unweighted",1095,1352
0,"unweighted",1096,4634
0,"unweighted",1097,1971
0,"unweighted",1098,5231
0,"unweighted",1099,4411
0,"unweighted",1100,10885
0,"unweighted",1101,7481
0,"unweighted",1102,2986
0,"unweighted",1103,5197
0,"unweighted",1104,4921
0,"unweighted",1105,6698
0,"unweighted",1106,10827
0,"unweighted",1107,9977
0,"unweighted",1108,1351
0,"unweighted",1109,12579
0,"unweighted",1110,4892
0,"unweighted",1111,8590
0,"unweighted",1112,6706
0,"unweighted",1113,7867
0,"unweighted",1114,11685
0,"unweighted",1115,12284
0,"unweighted",1116,12932
0,"unweighted",1117,7852
0,"unweighted",1118,270
0,"unweighted",1119,4155
0,"unweighted",1120,1661
0,"unweighted",1121,9168
0,"unweighted",1122,12413
0,"unweighted",1123,11705
0,"unweighted",1124,4130
0,"unweighted",1125,6491
0,"unweighted",1126,764
0,"unweighted",1127,1356
0,"unweighted",1128,6410
0,"unweighted",1129,11439
0,"unweighted",1130,753
0,"unweighted",1131,4472
0,"unweighted",1132,4174
0,"unweighted",1133,7750
0,"unweighted",1134,6697
0,"unweighted",1135,11522
0,"unweighted",1136,9695
0,"unweighted",1137,7472
0,"unweighted",1138,9199
0,"unweighted",1139,1967
0,"unweighted",1140,2612
0,"unweighted",1141,8288
0,"unweighted",1142,7248
0,"unweighted",1143,5226
0,"unweighted",1144,4621
0,"unweighted",1145,9053
0,"unweighted",1146,6080
0,"unweighted",1147,4919
0,"unweighted",1148,3271
0,"unweighted",1149,6693
0,"unweighted",1150,157
0,"unweighted",1151,13352
0,"unweighted",1152,4599
0,"unweighted",1153,4620
0,"unweighted",1154,11426
0,"unweighted",1155,12133
0,"unweighted",1156,1333
0,"unweighted",1157,1319
0,"unweighted",1158,6696
0,"unweighted",1159,1758
0,"unweighted",1160,13262
0,"unweighted",1161,689
0,"unweighted",1162,13312
0,"unweighted",1163,2671
0,"unweighted",1164,6165
0,"unweighted",1165,3215
0,"unweighted",1166,3558
0,"unweighted",1167,7430
0,"unweighted",1168,9677
0,"unweighted",1169,8279
0,"unweighted",1170,5398
0,"unweighted",1171,1917
0,"unweighted",1172,5009
0,"unweighted",1173,6300
0,"unweighted",1174,9363
0,"unweighted",1175,2512
0,"unweighted",1176,6681
0,"unweighted",1177,6717
0,"unweighted",1178,10442
0,"unweighted",1179,2949
0,"unweighted",1180,7114
0,"unweighted",1181,5207
0,"unweighted",1182,1944
0,"unweighted",1183,787
0,"unweighted",1184,174
0,"unweighted",1185,13838
0,"unweighted",1186,2902
0,"unweighted",1187,1336
0,"unweighted",1188,12622
0,"unweighted",1189,12440
0,"unweighted",1190,9954
0,"unweighted",1191,12375
0,"unweighted",1192,1301
0,"unweighted",1193,9845
0,"unweighted",1194,12114
0,"unweighted",1195,5205
0,"unweighted",1196,3732
0,"unweighted",1197,8850
0,"unweighted",1198,13395
0,"unweighted",1199,11063
0,"unweighted",1200,4471
0,"unweighted",1201,3227
0,"unweighted",1202,5053
0,"unweighted",1203,1582
0,"unweighted",1204,6256
0,"unweighted",1205,8540
0,"unweighted",1206,1075
0,"unweighted",1207,4591
0,"unweighted",1208,11972
0,"unweighted",1209,8667
0,"unweighted",1210,448
0,"unweighted",1211,11946
0,"unweighted",1212,8511
0,"unweighted",1213,14008
0,"unweighted",1214,482
0,"unweighted",1215,5089
0,"unweighted",1216,7373
0,"unweighted",1217,1081
0,"unweighted",1218,2765
0,"unweighted",1219,10159
0,"unweighted",1220,3936
0,"unweighted",1221,13773
0,"unweighted",1222,10757
0,"unweighted",1223,12550
0,"unweighted",1224,2483
0,"unweighted",1225,10279
0,"unweighted",1226,11351
0,"unweighted",1227,4529
0,"unweighted",1228,8915
0,"unweighted",1229,6627
0,"unweighted",1230,968
0,"unweighted",1231,5122
0,"unweighted",1232,8919
0,"unweighted",1233,11020
0,"unweighted",1234,11658
0,"unweighted",1235,10788
0,"unweighted",1236,2252
0,"unweighted",1237,1658
0,"unweighted",1238,12263
0,"unweighted",1239,8286
0,"unweighted",1240,199
0,"unweighted",1241,1486
0,"unweighted",1242,11447
0,"unweighted",1243,10515
0,"unweighted",1244,9649
0,"unweighted",1245,7199
0,"unweighted",1246,9914
0,"unweighted",1247,14134
0,"unweighted",1248,9139
0,"unweighted",1249,7843
0,"unweighted",1250,3643
0,"unweighted",1251,3207
0,"unweighted",1252,845
0,"unweighted",1253,11483
0,"unweighted",1254,5521
0,"unweighted",1255,2443
0,"unweighted",1256,3644
0,"unweighted",1257,2375
0,"unweighted",1258,11488
0,"unweighted",1259,6443
0,"unweighted",1260,1744
0,"unweighted",1261,9947
0,"unweighted",1262,1754
0,"unweighted",1263,1739
0,"unweighted",1264,13806
0,"unweighted",1265,1746
0,"unweighted",1266,9917
0,"unweighted",1267,9679
0,"unweighted",1268,4019
0,"unweighted",1269,10099
0,"unweighted",1270,5002
0,"unweighted",1271,8399
0,"unweighted",1272,11219
0,"unweighted",1273,13304
0,"unweighted",1274,6678
0,"unweighted",1275,1157
0,"unweighted",1276,2676
0,"unweighted",1277,5245
0,"unweighted",1278,12415
0,"unweighted",1279,14141
0,"unweighted",1280,12279
0,"unweighted",1281,9047
0,"unweighted",1282,13879
0,"unweighted",1283,4145
0,"unweighted",1284,6196
0,"unweighted",1285,2887
0,"unweighted",1286,10533
0,"unweighted",1287,5375
0,"unweighted",1288,4993
0,"unweighted",1289,11402
0,"unweighted",1290,13234
0,"unweighted",1291,9074
0,"unweighted",1292,6109
0,"unweighted",1293,12271
0,"unweighted",1294,11859
0,"unweighted",1295,12877
0,"unweighted",1296,3393
0,"unweighted",1297,11643
0,"unweighted",1298,7720
0,"unweighted",1299,4257
0,"unweighted",1300,2359
0,"unweighted",1301,363
0,"unweighted",1302,1908
0,"unweighted",1303,7730
0,"unweighted",1304,3407
0,"unweighted",1305,5141
0,"unweighted",1306,5999
0,"unweighted",1307,8155
0,"unweighted",1308,1916
0,"unweighted",1309,3057
0,"unweighted",1310,6971
0,"unweighted",1311,4721
0,"unweighted",1312,9309
0,"unweighted",1313,4210
0,"unweighted",1314,2099
0,"unweighted",1315,1810
0,"unweighted",1316,4595
0,"unweighted",1317,11926
0,"unweighted",1318,3855
0,"unweighted",1319,1398
0,"unweighted",1320,4197
0,"unweighted",1321,91
0,"unweighted",1322,10090
0,"unweighted",1323,894
0,"unweighted",1324,3716
0,"unweighted",1325,5608
0,"unweighted",1326,632
0,"unweighted",1327,2117
0,"unweighted",1328,8059
0,"unweighted",1329,623
0,"unweighted",1330,5668
0,"unweighted",1331,400
0,"unweighted",1332,6953
0,"unweighted",1333,656
0,"unweighted",1334,6023
0,"unweighted",1335,9504
0,"unweighted",1336,11853
0,"unweighted",1337,11053
0,"unweighted",1338,7629
0,"unweighted",1339,10976
0,"unweighted",1340,3324
0,"unweighted",1341,2798
0,"unweighted",1342,2135
0,"unweighted",1343,10324
0,"unweighted",1344,10939
0,"unweighted",1345,3063
0,"unweighted",1346,6981
0,"unweighted",1347,6653
0,"unweighted",1348,10374
0,"unweighted",1349,10899
0,"unweighted",1350,8826
0,"unweighted",1351,11960
0,"unweighted",1352,13613
0,"unweighted",1353,11877
0,"unweighted",1354,5852
0,"unweighted",1355,9444
0,"unweighted",1356,4219
0,"unweighted",1357,11307
0,"unweighted",1358,9029
0,"unweighted",1359,12001
0,"unweighted",1360,2209
0,"unweighted",1361,11919
0,"unweighted",1362,2199
0,"unweighted",1363,11353
0,"unweighted",1364,3174
0,"unweighted",1365,2323
0,"unweighted",1366,5282
0,"unweighted",1367,1777
0,"unweighted",1368,2071
0,"unweighted",1369,12914
0,"unweighted",1370,5977
0,"unweighted",1371,12841
0,"unweighted",1372,290
0,"unweighted",1373,8124
0,"unweighted",1374,1265
0,"unweighted",1375,5600
0,"unweighted",1376,4497
0,"unweighted",1377,1845
0,"unweighted",1378,3362
0,"unweighted",1379,7395
0,"unweighted",1380,4293
0,"unweighted",1381,13562
0,"unweighted",1382,12011
0,"unweighted",1383,5832
0,"unweighted",1384,12707
0,"unweighted",1385,9015
0,"unweighted",1386,3974
0,"unweighted",1387,8238
0,"unweighted",1388,962
0,"unweighted",1389,4850
0,"unweighted",1390,7945
0,"unweighted",1391,11279
0,"unweighted",1392,1462
0,"unweighted",1393,8188
0,"unweighted",1394,1475
0,"unweighted",1395,5709
0,"unweighted",1396,10407
0,"unweighted",1397,3824
0,"unweighted",1398,3501
0,"unweighted",1399,2364
0,"unweighted",1400,10397
0,"unweighted",1401,1464
0,"unweighted",1402,9471
0,"unweighted",1403,7724
0,"unweighted",1404,12896
0,"unweighted",1405,7540
0,"unweighted",1406,3682
0,"unweighted",1407,342
0,"unweighted",1408,9117
0,"unweighted",1409,12034
0,"unweighted",1410,6260
0,"unweighted",1411,563
0,"unweighted",1412,10427
0,"unweighted",1413,5834
0,"unweighted",1414,11332
0,"unweighted",1415,9766
0,"unweighted",1416,12047
0,"unweighted",1417,10289
0,"unweighted",1418,3034
0,"unweighted",1419,10040
0,"unweighted",1420,13952
0,"unweighted",1421,10443
0,"unweighted",1422,1482
0,"unweighted",1423,13662
0,"unweighted",1424,13967
0,"unweighted",1425,5150
0,"unweighted",1426,6006
0,"unweighted",1427,12870
0,"unweighted",1428,1289
0,"unweighted",1429,1281
0,"unweighted",1430,13908
0,"unweighted",1431,6264
0,"unweighted",1432,597
0,"unweighted",1433,12791
0,"unweighted",1434,391
0,"unweighted",1435,3700
0,"unweighted",1436,110
0,"unweighted",1437,1461
0,"unweighted",1438,1537
0,"unweighted",1439,530
0,"unweighted",1440,26
0,"unweighted",1441,4580
0,"unweighted",1442,9545
0,"unweighted",1443,2551
0,"unweighted",1444,5613
0,"unweighted",1445,3835
0,"unweighted",1446,6800
0,"unweighted",1447,7020
0,"unweighted",1448,5790
0,"unweighted",1449,12735
0,"unweighted",1450,7035
0,"unweighted",1451,6778
0,"unweighted",1452,3788
0,"unweighted",1453,2018
0,"unweighted",1454,2176
0,"unweighted",1455,8780
0,"unweighted",1456,11267
0,"unweighted",1457,1512
0,"unweighted",1458,69
0,"unweighted",1459,4198
0,"unweighted",1460,13461
0,"unweighted",1461,9428
0,"unweighted",1462,9417
0,"unweighted",1463,8029
0,"unweighted",1464,4186
0,"unweighted",1465,4773
0,"unweighted",1466,5345
0,"unweighted",1467,9554
0,"unweighted",1468,13900
0,"unweighted",1469,14113
0,"unweighted",1470,1077
0,"unweighted",1471,1704
0,"unweighted",1472,9912
0,"unweighted",1473,9934
0,"unweighted",1474,13777
0,"unweighted",1475,11456
0,"unweighted",1476,8189
0,"unweighted",1477,568
0,"unweighted",1478,3646
0,"unweighted",1479,1713
0,"unweighted",1480,1094
0,"unweighted",1481,12357
0,"unweighted",1482,7216
0,"unweighted",1483,842
0,"unweighted",1484,8370
0,"unweighted",1485,4979
0,"unweighted",1486,5537
0,"unweighted",1487,12361
0,"unweighted",1488,804
0,"unweighted",1489,5567
0,"unweighted",1490,12374
0,"unweighted",1491,10550
0,"unweighted",1492,12575
0,"unweighted",1493,2527
0,"unweighted",1494,12135
0,"unweighted",1495,9095
0,"unweighted",1496,982
0,"unweighted",1497,10663
0,"unweighted",1498,2637
0,"unweighted",1499,742
0,"unweighted",1500,5473
0,"unweighted",1501,7353
0,"unweighted",1502,8405
0,"unweighted",1503,4442
0,"unweighted",1504,9989
0,"unweighted",1505,12275
0,"unweighted",1506,11345
0,"unweighted",1507,11210
0,"unweighted",1508,7232
0,"unweighted",1509,7103
0,"unweighted",1510,7490
0,"unweighted",1511,13526
0,"unweighted",1512,2667
0,"unweighted",1513,8594
0,"unweighted",1514,3293
0,"unweighted",1515,14142
0,"unweighted",1516,6724
0,"unweighted",1517,1780
0,"unweighted",1518,1354
0,"unweighted",1519,1368
0,"unweighted",1520,9979
0,"unweighted",1521,5556
0,"unweighted",1522,1655
0,"unweighted",1523,2675
0,"unweighted",1524,7784
0,"unweighted",1525,9097
0,"unweighted",1526,12453
0,"unweighted",1527,137
0,"unweighted",1528,4095
0,"unweighted",1529,6669
0,"unweighted",1530,10532
0,"unweighted",1531,155
0,"unweighted",1532,2666
0,"unweighted",1533,4101
0,"unweighted",1534,10679
0,"unweighted",1535,13242
0,"unweighted",1536,12591
0,"unweighted",1537,10653
0,"unweighted",1538,7278
0,"unweighted",1539,13866
0,"unweighted",1540,9846
0,"unweighted",1541,8295
0,"unweighted",1542,2751
0,"unweighted",1543,13558
0,"unweighted",1544,12201
0,"unweighted",1545,2852
0,"unweighted",1546,9612
0,"unweighted",1547,7977
0,"unweighted",1548,4734
0,"unweighted",1549,7067
0,"unweighted",1550,909
0,"unweighted",1551,13890
0,"unweighted",1552,4587
0,"unweighted",1553,7056
0,"unweighted",1554,923
0,"unweighted",1555,6933
0,"unweighted",1556,3734
0,"unweighted",1557,10919
0,"unweighted",1558,11052
0,"unweighted",1559,5684
0,"unweighted",1560,8162
0,"unweighted",1561,2812
0,"unweighted",1562,944
0,"unweighted",1563,13927
0,"unweighted",1564,7989
0,"unweighted",1565,10341
0,"unweighted",1566,8859
0,"unweighted",1567,5354
0,"unweighted",1568,6969
0,"unweighted",1569,863
0,"unweighted",1570,1947
0,"unweighted",1571,619
0,"unweighted",1572,3745
0,"unweighted",1573,14009
0,"unweighted",1574,10963
0,"unweighted",1575,6904
0,"unweighted",1576,2567
0,"unweighted",1577,7986
0,"unweighted",1578,10262
0,"unweighted",1579,13476
0,"unweighted",1580,6974
0,"unweighted",1581,9420
0,"unweighted",1582,13548
0,"unweighted",1583,2290
0,"unweighted",1584,3783
0,"unweighted",1585,13591
0,"unweighted",1586,7576
0,"unweighted",1587,6801
0,"unweighted",1588,6266
0,"unweighted",1589,3813
0,"unweighted",1590,6821
0,"unweighted",1591,6819
0,"unweighted",1592,1269
0,"unweighted",1593,7417
0,"unweighted",1594,9562
0,"unweighted",1595,7926
0,"unweighted",1596,8998
0,"unweighted",1597,3962
0,"unweighted",1598,640
0,"unweighted",1599,7687
0,"unweighted",1600,8080
0,"unweighted",1601,3097
0,"unweighted",1602,7589
0,"unweighted",1603,1597
0,"unweighted",1604,3596
0,"unweighted",1605,4819
0,"unweighted",1606,11528
0,"unweighted",1607,6270
0,"unweighted",1608,11570
0,"unweighted",1609,2293
0,"unweighted",1610,4303
0,"unweighted",1611,6770
0,"unweighted",1612,11713
0,"unweighted",1613,6343
0,"unweighted",1614,4254
0,"unweighted",1615,967
0,"unweighted",1616,2826
0,"unweighted",1617,5916
0,"unweighted",1618,4443
0,"unweighted",1619,3591
0,"unweighted",1620,134
0,"unweighted",1621,52
0,"unweighted",1622,13372
0,"unweighted",1623,12992
0,"unweighted",1624,9023
0,"unweighted",1625,13523
0,"unweighted",1626,1654
0,"unweighted",1627,12156
0,"unweighted",1628,8171
0,"unweighted",1629,4108
0,"unweighted",1630,6556
0,"unweighted",1631,172
0,"unweighted",1632,6492
0,"unweighted",1633,2987
0,"unweighted",1634,13881
0,"unweighted",1635,1048
0,"unweighted",1636,2673
0,"unweighted",1637,3758
0,"unweighted",1638,1528
0,"unweighted",1639,7181
0,"unweighted",1640,12281
0,"unweighted",1641,194
0,"unweighted",1642,284
0,"unweighted",1643,9115
0,"unweighted",1644,13931
0,"unweighted",1645,3329
0,"unweighted",1646,7319
0,"unweighted",1647,8862
0,"unweighted",1648,12638
0,"unweighted",1649,1178
0,"unweighted",1650,10163
0,"unweighted",1651,11110
0,"unweighted",1652,9223
0,"unweighted",1653,5975
0,"unweighted",1654,502
0,"unweighted",1655,3040
0,"unweighted",1656,10157
0,"unweighted",1657,3425
0,"unweighted",1658,11574
0,"unweighted",1659,10156
0,"unweighted",1660,13779
0,"unweighted",1661,5091
0,"unweighted",1662,13783
0,"unweighted",1663,1216
0,"unweighted",1664,1822
0,"unweighted",1665,11103
0,"unweighted",1666,3525
0,"unweighted",1667,8125
0,"unweighted",1668,8127
0,"unweighted",1669,11598
0,"unweighted",1670,305
0,"unweighted",1671,9589
0,"unweighted",1672,2341
0,"unweighted",1673,7405
0,"unweighted",1674,7570
0,"unweighted",1675,11339
0,"unweighted",1676,8139
0,"unweighted",1677,12873
0,"unweighted",1678,6621
0,"unweighted",1679,2307
0,"unweighted",1680,11647
0,"unweighted",1681,3499
0,"unweighted",1682,5743
0,"unweighted",1683,11670
0,"unweighted",1684,7722
0,"unweighted",1685,7553
0,"unweighted",1686,5994
0,"unweighted",1687,4558
0,"unweighted",1688,4940
0,"unweighted",1689,11048
0,"unweighted",1690,3673
0,"unweighted",1691,2079
0,"unweighted",1692,13704
0,"unweighted",1693,13467
0,"unweighted",1694,2031
0,"unweighted",1695,5653
0,"unweighted",1696,2284
0,"unweighted",1697,3104
0,"unweighted",1698,3070
0,"unweighted",1699,6977
0,"unweighted",1700,9328
0,"unweighted",1701,10892
0,"unweighted",1702,6970
0,"unweighted",1703,2122
0,"unweighted",1704,2075
0,"unweighted",1705,8050
0,"unweighted",1706,14005
0,"unweighted",1707,13668
0,"unweighted",1708,2112
0,"unweighted",1709,9489
0,"unweighted",1710,3025
0,"unweighted",1711,5753
0,"unweighted",1712,2805
0,"unweighted",1713,3867
0,"unweighted",1714,5268
0,"unweighted",1715,9740
0,"unweighted",1716,10965
0,"unweighted",1717,7547
0,"unweighted",1718,8675
0,"unweighted",1719,12211
0,"unweighted",1720,3069
0,"unweighted",1721,13670
0,"unweighted",1722,11148
0,"unweighted",1723,2044
0,"unweighted",1724,13978
0,"unweighted",1725,1400
0,"unweighted",1726,6806
0,"unweighted",1727,5901
0,"unweighted",1728,9911
0,"unweighted",1729,8756
0,"unweighted",1730,12180
0,"unweighted",1731,1026
0,"unweighted",1732,10256
0,"unweighted",1733,13623
0,"unweighted",1734,6751
0,"unweighted",1735,8779
0,"unweighted",1736,12029
0,"unweighted",1737,10435
0,"unweighted",1738,10260
0,"unweighted",1739,10263
0,"unweighted",1740,1701
0,"unweighted",1741,10914
0,"unweighted",1742,11335
0,"unweighted",1743,573
0,"unweighted",1744,6267
0,"unweighted",1745,1421
0,"unweighted",1746,9028
0,"unweighted",1747,9621
0,"unweighted",1748,13649
0,"unweighted",1749,8899
0,"unweighted",1750,4925
0,"unweighted",1751,7567
0,"unweighted",1752,1411
0,"unweighted",1753,3773
0,"unweighted",1754,13950
0,"unweighted",1755,7564
0,"unweighted",1756,8123
0,"unweighted",1757,12749
0,"unweighted",1758,1451
0,"unweighted",1759,7571
0,"unweighted",1760,3382
0,"unweighted",1761,10255
0,"unweighted",1762,11321
0,"unweighted",1763,2779
0,"unweighted",1764,13601
0,"unweighted",1765,4831
0,"unweighted",1766,6831
0,"unweighted",1767,4280
0,"unweighted",1768,9937
0,"unweighted",1769,587
0,"unweighted",1770,1750
0,"unweighted",1771,4170
0,"unweighted",1772,13627
0,"unweighted",1773,6373
0,"unweighted",1774,11101
0,"unweighted",1775,3151
0,"unweighted",1776,3146
0,"unweighted",1777,13986
0,"unweighted",1778,5510
0,"unweighted",1779,3142
0,"unweighted",1780,9869
0,"unweighted",1781,11319
0,"unweighted",1782,129
0,"unweighted",1783,154
0,"unweighted",1784,13998
0,"unweighted",1785,10616
0,"unweighted",1786,9652
0,"unweighted",1787,11163
0,"unweighted",1788,11079
0,"unweighted",1789,11455
0,"unweighted",1790,578
0,"unweighted",1791,4949
0,"unweighted",1792,838
0,"unweighted",1793,2449
0,"unweighted",1794,6460
0,"unweighted",1795,11478
0,"unweighted",1796,4958
0,"unweighted",1797,3642
0,"unweighted",1798,4398
0,"unweighted",1799,802
0,"unweighted",1800,9925
0,"unweighted",1801,7217
0,"unweighted",1802,2435
0,"unweighted",1803,3645
0,"unweighted",1804,5513
0,"unweighted",1805,11450
0,"unweighted",1806,1975
0,"unweighted",1807,4427
0,"unweighted",1808,5388
0,"unweighted",1809,10554
0,"unweighted",1810,747
0,"unweighted",1811,10523
0,"unweighted",1812,11391
0,"unweighted",1813,4422
0,"unweighted",1814,10681
0,"unweighted",1815,264
0,"unweighted",1816,3160
0,"unweighted",1817,1140
0,"unweighted",1818,9057
0,"unweighted",1819,3188
0,"unweighted",1820,12179
0,"unweighted",1821,13836
0,"unweighted",1822,9217
0,"unweighted",1823,9055
0,"unweighted",1824,11226
0,"unweighted",1825,1065
0,"unweighted",1826,9111
0,"unweighted",1827,12582
0,"unweighted",1828,1028
0,"unweighted",1829,12304
0,"unweighted",1830,5203
0,"unweighted",1831,10513
0,"unweighted",1832,1961
0,"unweighted",1833,1970
0,"unweighted",1834,11511
0,"unweighted",1835,11701
0,"unweighted",1836,1015
0,"unweighted",1837,12458
0,"unweighted",1838,3568
0,"unweighted",1839,12456
0,"unweighted",1840,12628
0,"unweighted",1841,4161
0,"unweighted",1842,1872
0,"unweighted",1843,7456
0,"unweighted",1844,7884
0,"unweighted",1845,6203
0,"unweighted",1846,6140
0,"unweighted",1847,3011
0,"unweighted",1848,3650
0,"unweighted",1849,3288
0,"unweighted",1850,9670
0,"unweighted",1851,5559
0,"unweighted",1852,9362
0,"unweighted",1853,3588
0,"unweighted",1854,12605
0,"unweighted",1855,758
0,"unweighted",1856,5408
0,"unweighted",1857,10121
0,"unweighted",1858,4882
0,"unweighted",1859,1950
0,"unweighted",1860,9669
0,"unweighted",1861,11397
0,"unweighted",1862,12422
0,"unweighted",1863,10683
0,"unweighted",1864,4991
0,"unweighted",1865,3313
0,"unweighted",1866,4888
0,"unweighted",1867,9653
0,"unweighted",1868,2899
0,"unweighted",1869,1778
0,"unweighted",1870,9678
0,"unweighted",1871,8318
0,"unweighted",1872,12787
0,"unweighted",1873,11860
0,"unweighted",1874,14156
0,"unweighted",1875,10280
0,"unweighted",1876,5070
0,"unweighted",1877,6342
0,"unweighted",1878,10147
0,"unweighted",1879,2253
0,"unweighted",1880,7946
0,"unweighted",1881,2007
0,"unweighted",1882,3722
0,"unweighted",1883,12245
0,"unweighted",1884,9493
0,"unweighted",1885,9227
0,"unweighted",1886,478
0,"unweighted",1887,8868
0,"unweighted",1888,6560
0,"unweighted",1889,8546
0,"unweighted",1890,11541
0,"unweighted",1891,3350
0,"unweighted",1892,11535
0,"unweighted",1893,4491
0,"unweighted",1894,1206
0,"unweighted",1895,13002
0,"unweighted",1896,3368
0,"unweighted",1897,5115
0,"unweighted",1898,11614
0,"unweighted",1899,4499
0,"unweighted",1900,13797
0,"unweighted",1901,1859
0,"unweighted",1902,4500
0,"unweighted",1903,1924
0,"unweighted",1904,1846
0,"unweighted",1905,10989
0,"unweighted",1906,1574
0,"unweighted",1907,10423
0,"unweighted",1908,7962
0,"unweighted",1909,10815
0,"unweighted",1910,6613
0,"unweighted",1911,3493
0,"unweighted",1912,1295
0,"unweighted",1913,1287
0,"unweighted",1914,13984
0,"unweighted",1915,11662
0,"unweighted",1916,6630
0,"unweighted",1917,11016
0,"unweighted",1918,12871
0,"unweighted",1919,3486
0,"unweighted",1920,7711
0,"unweighted",1921,10995
0,"unweighted",1922,1892
0,"unweighted",1923,11760
0,"unweighted",1924,2357
0,"unweighted",1925,11135
0,"unweighted",1926,3513
0,"unweighted",1927,3503
0,"unweighted",1928,11047
0,"unweighted",1929,5998
0,"unweighted",1930,11034
0,"unweighted",1931,12642
0,"unweighted",1932,11816
0,"unweighted",1933,10048
0,"unweighted",1934,10047
0,"unweighted",1935,4246
0,"unweighted",1936,10916
0,"unweighted",1937,428
0,"unweighted",1938,9538
0,"unweighted",1939,11265
0,"unweighted",1940,11840
0,"unweighted",1941,13489
0,"unweighted",1942,9571
0,"unweighted",1943,2585
0,"unweighted",1944,11852
0,"unweighted",1945,2114
0,"unweighted",1946,13457
0,"unweighted",1947,8693
0,"unweighted",1948,11888
0,"unweighted",1949,580
0,"unweighted",1950,4182
0,"unweighted",1951,12770
0,"unweighted",1952,940
0,"unweighted",1953,10096
0,"unweighted",1954,600
0,"unweighted",1955,13452
0,"unweighted",1956,13454
0,"unweighted",1957,11776
0,"unweighted",1958,7617
0,"unweighted",1959,6237
0,"unweighted",1960,3780
0,"unweighted",1961,5637
0,"unweighted",1962,5867
0,"unweighted",1963,13727
0,"unweighted",1964,5356
0,"unweighted",1965,2177
0,"unweighted",1966,9546
0,"unweighted",1967,8789
0,"unweighted",1968,114
0,"unweighted",1969,12255
0,"unweighted",1970,519
0,"unweighted",1971,12193
0,"unweighted",1972,9540
0,"unweighted",1973,11973
0,"unweighted",1974,4502
0,"unweighted",1975,11610
0,"unweighted",1976,303
0,"unweighted",1977,1263
0,"unweighted",1978,1854
0,"unweighted",1979,1247
0,"unweighted",1980,3381
0,"unweighted",1981,9243
0,"unweighted",1982,4520
0,"unweighted",1983,9780
0,"unweighted",1984,8892
0,"unweighted",1985,10787
0,"unweighted",1986,12009
0,"unweighted",1987,1422
0,"unweighted",1988,10250
0,"unweighted",1989,7001
0,"unweighted",1990,1409
0,"unweighted",1991,6360
0,"unweighted",1992,6816
0,"unweighted",1993,10390
0,"unweighted",1994,13622
0,"unweighted",1995,10508
0,"unweighted",1996,3465
0,"unweighted",1997,7411
0,"unweighted",1998,2133
0,"unweighted",1999,1314
0,"unweighted",2000,231
0,"unweighted",2001,2677
0,"unweighted",2002,8711
0,"unweighted",2003,12019
0,"unweighted",2004,2691
0,"unweighted",2005,3883
0,"unweighted",2006,13225
0,"unweighted",2007,3975
0,"unweighted",2008,3344
0,"unweighted",2009,3439
0,"unweighted",2010,7381
0,"unweighted",2011,2922
0,"unweighted",2012,10752
0,"unweighted",2013,10171
0,"unweighted",2014,5891
0,"unweighted",2015,6029
0,"unweighted",2016,9620
0,"unweighted",2017,2282
0,"unweighted",2018,11881
0,"unweighted",2019,3875
0,"unweighted",2020,11284
0,"unweighted",2021,7018
0,"unweighted",2022,10380
0,"unweighted",2023,8027
0,"unweighted",2024,6848
0,"unweighted",2025,905
0,"unweighted",2026,5773
0,"unweighted",2027,11054
0,"unweighted",2028,70
0,"unweighted",2029,9316
0,"unweighted",2030,7632
0,"unweighted",2031,8648
0,"unweighted",2032,2286
0,"unweighted",2033,2264
0,"unweighted",2034,9031
0,"unweighted",2035,2425
0,"unweighted",2036,2014
0,"unweighted",2037,2802
0,"unweighted",2038,2243
0,"unweighted",2039,13404
0,"unweighted",2040,2276
0,"unweighted",2041,6355
0,"unweighted",2042,10216
0,"unweighted",2043,7759
0,"unweighted",2044,5685
0,"unweighted",2045,3087
0,"unweighted",2046,12185
0,"unweighted",2047,13724
0,"unweighted",2048,5339
0,"unweighted",2049,2159
0,"unweighted",2050,10103
0,"unweighted",2051,2131
0,"unweighted",2052,2707
0,"unweighted",2053,11259
0,"unweighted",2054,11049
0,"unweighted",2055,8685
0,"unweighted",2056,10371
0,"unweighted",2057,10745
0,"unweighted",2058,8715
0,"unweighted",2059,11885
0,"unweighted",2060,7606
0,"unweighted",2061,396
0,"unweighted",2062,5364
0,"unweighted",2063,11904
0,"unweighted",2064,2139
0,"unweighted",2065,8972
0,"unweighted",2066,11281
0,"unweighted",2067,10204
0,"unweighted",2068,7366
0,"unweighted",2069,10043
0,"unweighted",2070,6939
0,"unweighted",2071,1541
0,"unweighted",2072,3890
0,"unweighted",2073,10635
0,"unweighted",2074,3686
0,"unweighted",2075,7562
0,"unweighted",2076,11921
0,"unweighted",2077,8819
0,"unweighted",2078,6920
0,"unweighted",2079,10767
0,"unweighted",2080,537
0,"unweighted",2081,11060
0,"unweighted",2082,4757
0,"unweighted",2083,5662
0,"unweighted",2084,9516
0,"unweighted",2085,5612
0,"unweighted",2086,2601
0,"unweighted",2087,6903
0,"unweighted",2088,13486
0,"unweighted",2089,76
0,"unweighted",2090,8088
0,"unweighted",2091,5592
0,"unweighted",2092,13619
0,"unweighted",2093,9122
0,"unweighted",2094,10440
0,"unweighted",2095,2964
0,"unweighted",2096,4265
0,"unweighted",2097,1570
0,"unweighted",2098,4793
0,"unweighted",2099,12704
0,"unweighted",2100,4821
0,"unweighted",2101,1416
0,"unweighted",2102,10170
0,"unweighted",2103,8209
0,"unweighted",2104,11400
0,"unweighted",2105,13631
0,"unweighted",2106,10091
0,"unweighted",2107,1460
0,"unweighted",2108,7550
0,"unweighted",2109,10278
0,"unweighted",2110,113
0,"unweighted",2111,5830
0,"unweighted",2112,13127
0,"unweighted",2113,10168
0,"unweighted",2114,7917
0,"unweighted",2115,11539
0,"unweighted",2116,11984
0,"unweighted",2117,1412
0,"unweighted",2118,12673
0,"unweighted",2119,7834
0,"unweighted",2120,11331
0,"unweighted",2121,9411
0,"unweighted",2122,4291
0,"unweighted",2123,11338
0,"unweighted",2124,207
0,"unweighted",2125,11342
0,"unweighted",2126,11075
0,"unweighted",2127,11314
0,"unweighted",2128,10153
0,"unweighted",2129,7993
0,"unweighted",2130,5815
0,"unweighted",2131,4562
0,"unweighted",2132,2069
0,"unweighted",2133,13657
0,"unweighted",2134,13598
0,"unweighted",2135,3420
0,"unweighted",2136,5544
0,"unweighted",2137,5807
0,"unweighted",2138,3328
0,"unweighted",2139,10467
0,"unweighted",2140,11320
0,"unweighted",2141,10814
0,"unweighted",2142,8111
0,"unweighted",2143,10213
0,"unweighted",2144,10395
0,"unweighted",2145,10404
0,"unweighted",2146,8879
0,"unweighted",2147,3116
0,"unweighted",2148,7535
0,"unweighted",2149,3125
0,"unweighted",2150,7237
0,"unweighted",2151,10275
0,"unweighted",2152,12072
0,"unweighted",2153,4814
0,"unweighted",2154,6757
0,"unweighted",2155,11897
0,"unweighted",2156,6843
0,"unweighted",2157,1215
0,"unweighted",2158,4493
0,"unweighted",2159,489
0,"unweighted",2160,2294
0,"unweighted",2161,7376
0,"unweighted",2162,3395
0,"unweighted",2163,1879
0,"unweighted",2164,4540
0,"unweighted",2165,13030
0,"unweighted",2166,332
0,"unweighted",2167,6632
0,"unweighted",2168,11664
0,"unweighted",2169,11014
0,"unweighted",2170,12881
0,"unweighted",2171,11021
0,"unweighted",2172,9271
0,"unweighted",2173,11651
0,"unweighted",2174,13979
0,"unweighted",2175,2781
0,"unweighted",2176,9602
0,"unweighted",2177,1893
0,"unweighted",2178,2320
0,"unweighted",2179,12869
0,"unweighted",2180,3482
0,"unweighted",2181,7727
0,"unweighted",2182,13660
0,"unweighted",2183,11136
0,"unweighted",2184,4564
0,"unweighted",2185,3511
0,"unweighted",2186,2236
0,"unweighted",2187,11140
0,"unweighted",2188,8952
0,"unweighted",2189,8944
0,"unweighted",2190,356
0,"unweighted",2191,6641
0,"unweighted",2192,13995
0,"unweighted",2193,9296
0,"unweighted",2194,364
0,"unweighted",2195,11759
0,"unweighted",2196,5360
0,"unweighted",2197,3690
0,"unweighted",2198,9520
0,"unweighted",2199,4208
0,"unweighted",2200,5288
0,"unweighted",2201,3411
0,"unweighted",2202,8046
0,"unweighted",2203,9492
0,"unweighted",2204,6891
0,"unweighted",2205,1396
0,"unweighted",2206,5176
0,"unweighted",2207,3056
0,"unweighted",2208,9526
0,"unweighted",2209,13921
0,"unweighted",2210,10938
0,"unweighted",2211,5642
0,"unweighted",2212,3774
0,"unweighted",2213,2605
0,"unweighted",2214,9430
0,"unweighted",2215,4680
0,"unweighted",2216,6888
0,"unweighted",2217,2172
0,"unweighted",2218,6868
0,"unweighted",2219,13904
0,"unweighted",2220,8677
0,"unweighted",2221,9732
0,"unweighted",2222,8731
0,"unweighted",2223,3864
0,"unweighted",2224,5337
0,"unweighted",2225,12745
0,"unweighted",2226,10028
0,"unweighted",2227,6873
0,"unweighted",2228,10980
0,"unweighted",2229,5687
0,"unweighted",2230,2577
0,"unweighted",2231,3885
0,"unweighted",2232,5680
0,"unweighted",2233,7656
0,"unweighted",2234,6805
0,"unweighted",2235,7209
0,"unweighted",2236,1134
0,"unweighted",2237,11154
0,"unweighted",2238,6467
0,"unweighted",2239,6186
0,"unweighted",2240,7204
0,"unweighted",2241,819
0,"unweighted",2242,4968
0,"unweighted",2243,3233
0,"unweighted",2244,808
0,"unweighted",2245,695
0,"unweighted",2246,4097
0,"unweighted",2247,12283
0,"unweighted",2248,12129
0,"unweighted",2249,4325
0,"unweighted",2250,11525
0,"unweighted",2251,6121
0,"unweighted",2252,5021
0,"unweighted",2253,10658
0,"unweighted",2254,12588
0,"unweighted",2255,13864
0,"unweighted",2256,2598
0,"unweighted",2257,1648
0,"unweighted",2258,13859
0,"unweighted",2259,4883
0,"unweighted",2260,9043
0,"unweighted",2261,8314
0,"unweighted",2262,14151
0,"unweighted",2263,12387
0,"unweighted",2264,5167
0,"unweighted",2265,3208
0,"unweighted",2266,8466
0,"unweighted",2267,11393
0,"unweighted",2268,11708
0,"unweighted",2269,7364
0,"unweighted",2270,11691
0,"unweighted",2271,14099
0,"unweighted",2272,6207
0,"unweighted",2273,13423
0,"unweighted",2274,4614
0,"unweighted",2275,4549
0,"unweighted",2276,7243
0,"unweighted",2277,6479
0,"unweighted",2278,9817
0,"unweighted",2279,232
0,"unweighted",2280,6675
0,"unweighted",2281,3560
0,"unweighted",2282,1945
0,"unweighted",2283,261
0,"unweighted",2284,13233
0,"unweighted",2285,7822
0,"unweighted",2286,3277
0,"unweighted",2287,2620
0,"unweighted",2288,1340
0,"unweighted",2289,4320
0,"unweighted",2290,13323
0,"unweighted",2291,12431
0,"unweighted",2292,5241
0,"unweighted",2293,2530
0,"unweighted",2294,14100
0,"unweighted",2295,1775
0,"unweighted",2296,2876
0,"unweighted",2297,6064
0,"unweighted",2298,10556
0,"unweighted",2299,8408
0,"unweighted",2300,2961
0,"unweighted",2301,9228
0,"unweighted",2302,7429
0,"unweighted",2303,5396
0,"unweighted",2304,12178
0,"unweighted",2305,7901
0,"unweighted",2306,5243
0,"unweighted",2307,1327
0,"unweighted",2308,9982
0,"unweighted",2309,4315
0,"unweighted",2310,4887
0,"unweighted",2311,12600
0,"unweighted",2312,7971
0,"unweighted",2313,1374
0,"unweighted",2314,10639
0,"unweighted",2315,674
0,"unweighted",2316,5213
0,"unweighted",2317,9863
0,"unweighted",2318,9818
0,"unweighted",2319,1686
0,"unweighted",2320,4135
0,"unweighted",2321,3784
0,"unweighted",2322,5010
0,"unweighted",2323,3013
0,"unweighted",2324,9990
0,"unweighted",2325,13361
0,"unweighted",2326,8452
0,"unweighted",2327,8470
0,"unweighted",2328,13359
0,"unweighted",2329,4025
0,"unweighted",2330,725
0,"unweighted",2331,3273
0,"unweighted",2332,7432
0,"unweighted",2333,14049
0,"unweighted",2334,6507
0,"unweighted",2335,279
0,"unweighted",2336,5183
0,"unweighted",2337,4115
0,"unweighted",2338,4994
0,"unweighted",2339,10644
0,"unweighted",2340,2534
0,"unweighted",2341,6075
0,"unweighted",2342,12744
0,"unweighted",2343,6718
0,"unweighted",2344,6074
0,"unweighted",2345,11220
0,"unweighted",2346,10694
0,"unweighted",2347,10030
0,"unweighted",2348,8404
0,"unweighted",2349,3576
0,"unweighted",2350,12593
0,"unweighted",2351,9193
0,"unweighted",2352,4606
0,"unweighted",2353,4156
0,"unweighted",2354,10881
0,"unweighted",2355,9195
0,"unweighted",2356,9683
0,"unweighted",2357,10953
0,"unweighted",2358,3570
0,"unweighted",2359,3027
0,"unweighted",2360,6182
0,"unweighted",2361,6216
0,"unweighted",2362,5944
0,"unweighted",2363,11889
0,"unweighted",2364,2200
0,"unweighted",2365,8534
0,"unweighted",2366,9756
0,"unweighted",2367,10321
0,"unweighted",2368,10802
0,"unweighted",2369,1064
0,"unweighted",2370,7098
0,"unweighted",2371,10569
0,"unweighted",2372,6391
0,"unweighted",2373,9094
0,"unweighted",2374,9584
0,"unweighted",2375,9151
0,"unweighted",2376,165
0,"unweighted",2377,1647
0,"unweighted",2378,12269
0,"unweighted",2379,4911
0,"unweighted",2380,11396
0,"unweighted",2381,5926
0,"unweighted",2382,12364
0,"unweighted",2383,4967
0,"unweighted",2384,2942
0,"unweighted",2385,3612
0,"unweighted",2386,13595
0,"unweighted",2387,11459
0,"unweighted",2388,11177
0,"unweighted",2389,11475
0,"unweighted",2390,9149
0,"unweighted",2391,6452
0,"unweighted",2392,6188
0,"unweighted",2393,6856
0,"unweighted",2394,4866
0,"unweighted",2395,10220
0,"unweighted",2396,2045
0,"unweighted",2397,306
0,"unweighted",2398,7625
0,"unweighted",2399,6328
0,"unweighted",2400,8954
0,"unweighted",2401,12063
0,"unweighted",2402,4864
0,"unweighted",2403,230
0,"unweighted",2404,10860
0,"unweighted",2405,13014
0,"unweighted",2406,12748
0,"unweighted",2407,10098
0,"unweighted",2408,595
0,"unweighted",2409,6356
0,"unweighted",2410,9524
0,"unweighted",2411,6226
0,"unweighted",2412,9488
0,"unweighted",2413,2113
0,"unweighted",2414,8660
0,"unweighted",2415,3746
0,"unweighted",2416,2015
0,"unweighted",2417,10355
0,"unweighted",2418,11802
0,"unweighted",2419,12775
0,"unweighted",2420,2604
0,"unweighted",2421,11293
0,"unweighted",2422,5881
0,"unweighted",2423,5785
0,"unweighted",2424,3859
0,"unweighted",2425,10470
0,"unweighted",2426,10972
0,"unweighted",2427,5690
0,"unweighted",2428,13691
0,"unweighted",2429,6866
0,"unweighted",2430,5626
0,"unweighted",2431,9302
0,"unweighted",2432,11294
0,"unweighted",2433,12240
0,"unweighted",2434,407
0,"unweighted",2435,5312
0,"unweighted",2436,2022
0,"unweighted",2437,12913
0,"unweighted",2438,2032
0,"unweighted",2439,2718
0,"unweighted",2440,9441
0,"unweighted",2441,9866
0,"unweighted",2442,3798
0,"unweighted",2443,773
0,"unweighted",2444,6791
0,"unweighted",2445,12833
0,"unweighted",2446,12654
0,"unweighted",2447,4783
0,"unweighted",2448,14153
0,"unweighted",2449,4292
0,"unweighted",2450,6832
0,"unweighted",2451,3916
0,"unweighted",2452,4253
0,"unweighted",2453,5686
0,"unweighted",2454,116
0,"unweighted",2455,3841
0,"unweighted",2456,5922
0,"unweighted",2457,11069
0,"unweighted",2458,13738
0,"unweighted",2459,10474
0,"unweighted",2460,109
0,"unweighted",2461,2214
0,"unweighted",2462,6827
0,"unweighted",2463,1559
0,"unweighted",2464,3820
0,"unweighted",2465,7922
0,"unweighted",2466,10483
0,"unweighted",2467,9814
0,"unweighted",2468,3045
0,"unweighted",2469,6842
0,"unweighted",2470,10988
0,"unweighted",2471,11037
0,"unweighted",2472,4827
0,"unweighted",2473,10300
0,"unweighted",2474,12048
0,"unweighted",2475,8664
0,"unweighted",2476,12857
0,"unweighted",2477,3929
0,"unweighted",2478,10273
0,"unweighted",2479,5816
0,"unweighted",2480,9264
0,"unweighted",2481,3132
0,"unweighted",2482,5779
0,"unweighted",2483,9909
0,"unweighted",2484,7781
0,"unweighted",2485,127
0,"unweighted",2486,1078
0,"unweighted",2487,11407
0,"unweighted",2488,10499
0,"unweighted",2489,4939
0,"unweighted",2490,4942
0,"unweighted",2491,3978
0,"unweighted",2492,1619
0,"unweighted",2493,5239
0,"unweighted",2494,3566
0,"unweighted",2495,13826
0,"unweighted",2496,12161
0,"unweighted",2497,13851
0,"unweighted",2498,1151
0,"unweighted",2499,12037
0,"unweighted",2500,1656
0,"unweighted",2501,1383
0,"unweighted",2502,6918
0,"unweighted",2503,14091
0,"unweighted",2504,121
0,"unweighted",2505,7975
0,"unweighted",2506,1272
0,"unweighted",2507,7663
0,"unweighted",2508,4889
0,"unweighted",2509,13772
0,"unweighted",2510,4478
0,"unweighted",2511,4786
0,"unweighted",2512,11740
0,"unweighted",2513,12292
0,"unweighted",2514,11465
0,"unweighted",2515,3422
0,"unweighted",2516,12525
0,"unweighted",2517,8113
0,"unweighted",2518,6571
0,"unweighted",2519,6837
0,"unweighted",2520,10312
0,"unweighted",2521,12989
0,"unweighted",2522,8103
0,"unweighted",2523,4083
0,"unweighted",2524,12020
0,"unweighted",2525,5533
0,"unweighted",2526,7551
0,"unweighted",2527,2699
0,"unweighted",2528,3426
0,"unweighted",2529,10782
0,"unweighted",2530,3361
0,"unweighted",2531,1249
0,"unweighted",2532,6593
0,"unweighted",2533,3444
0,"unweighted",2534,7412
0,"unweighted",2535,11618
0,"unweighted",2536,11462
0,"unweighted",2537,5117
0,"unweighted",2538,7399
0,"unweighted",2539,9721
0,"unweighted",2540,2350
0,"unweighted",2541,14115
0,"unweighted",2542,9248
0,"unweighted",2543,7413
0,"unweighted",2544,13000
0,"unweighted",2545,1264
0,"unweighted",2546,9246
0,"unweighted",2547,2930
0,"unweighted",2548,1273
0,"unweighted",2549,10396
0,"unweighted",2550,326
0,"unweighted",2551,1888
0,"unweighted",2552,11634
0,"unweighted",2553,1881
0,"unweighted",2554,9791
0,"unweighted",2555,11006
0,"unweighted",2556,5987
0,"unweighted",2557,11044
0,"unweighted",2558,11461
0,"unweighted",2559,9297
0,"unweighted",2560,1492
0,"unweighted",2561,11352
0,"unweighted",2562,3409
0,"unweighted",2563,2791
0,"unweighted",2564,6000
0,"unweighted",2565,1
0,"unweighted",2566,3242
0,"unweighted",2567,2797
0,"unweighted",2568,8795
0,"unweighted",2569,876
0,"unweighted",2570,3695
0,"unweighted",2571,8057
0,"unweighted",2572,5042
0,"unweighted",2573,6884
0,"unweighted",2574,860
0,"unweighted",2575,3853
0,"unweighted",2576,9133
0,"unweighted",2577,11886
0,"unweighted",2578,11811
0,"unweighted",2579,1522
0,"unweighted",2580,11851
0,"unweighted",2581,3085
0,"unweighted",2582,8758
0,"unweighted",2583,4675
0,"unweighted",2584,2713
0,"unweighted",2585,5676
0,"unweighted",2586,583
0,"unweighted",2587,14133
0,"unweighted",2588,5634
0,"unweighted",2589,433
0,"unweighted",2590,24
0,"unweighted",2591,7019
0,"unweighted",2592,5777
0,"unweighted",2593,6804
0,"unweighted",2594,11938
0,"unweighted",2595,631
0,"unweighted",2596,53
0,"unweighted",2597,5536
0,"unweighted",2598,4204
0,"unweighted",2599,10238
0,"unweighted",2600,10366
0,"unweighted",2601,10095
0,"unweighted",2602,6899
0,"unweighted",2603,6229
0,"unweighted",2604,2245
0,"unweighted",2605,2192
0,"unweighted",2606,3762
0,"unweighted",2607,1509
0,"unweighted",2608,13803
0,"unweighted",2609,13708
0,"unweighted",2610,7825
0,"unweighted",2611,12348
0,"unweighted",2612,2397
0,"unweighted",2613,4404
0,"unweighted",2614,2448
0,"unweighted",2615,8357
0,"unweighted",2616,5000
0,"unweighted",2617,3187
0,"unweighted",2618,4105
0,"unweighted",2619,9820
0,"unweighted",2620,12732
0,"unweighted",2621,8416
0,"unweighted",2622,12391
0,"unweighted",2623,9300
0,"unweighted",2624,7904
0,"unweighted",2625,4437
0,"unweighted",2626,11661
0,"unweighted",2627,7487
0,"unweighted",2628,12040
0,"unweighted",2629,9957
0,"unweighted",2630,7593
0,"unweighted",2631,10520
0,"unweighted",2632,2220
0,"unweighted",2633,7250
0,"unweighted",2634,6494
0,"unweighted",2635,8273
0,"unweighted",2636,4116
0,"unweighted",2637,11521
0,"unweighted",2638,12145
0,"unweighted",2639,11409
0,"unweighted",2640,2890
0,"unweighted",2641,12170
0,"unweighted",2642,12419
0,"unweighted",2643,12599
0,"unweighted",2644,1672
0,"unweighted",2645,2884
0,"unweighted",2646,10855
0,"unweighted",2647,12131
0,"unweighted",2648,5194
0,"unweighted",2649,5220
0,"unweighted",2650,6589
0,"unweighted",2651,1152
0,"unweighted",2652,1168
0,"unweighted",2653,9045
0,"unweighted",2654,7140
0,"unweighted",2655,5235
0,"unweighted",2656,7474
0,"unweighted",2657,6052
0,"unweighted",2658,10854
0,"unweighted",2659,7785
0,"unweighted",2660,10648
0,"unweighted",2661,1419
0,"unweighted",2662,11366
0,"unweighted",2663,7101
0,"unweighted",2664,3198
0,"unweighted",2665,325
0,"unweighted",2666,4018
0,"unweighted",2667,9204
0,"unweighted",2668,7169
0,"unweighted",2669,3658
0,"unweighted",2670,1646
0,"unweighted",2671,12182
0,"unweighted",2672,1757
0,"unweighted",2673,7109
0,"unweighted",2674,245
0,"unweighted",2675,4281
0,"unweighted",2676,7152
0,"unweighted",2677,7287
0,"unweighted",2678,10692
0,"unweighted",2679,9983
0,"unweighted",2680,6129
0,"unweighted",2681,9481
0,"unweighted",2682,11218
0,"unweighted",2683,159
0,"unweighted",2684,2972
0,"unweighted",2685,12117
0,"unweighted",2686,13873
0,"unweighted",2687,7105
0,"unweighted",2688,9804
0,"unweighted",2689,10347
0,"unweighted",2690,12768
0,"unweighted",2691,5788
0,"unweighted",2692,387
0,"unweighted",2693,3956
0,"unweighted",2694,11995
0,"unweighted",2695,8708
0,"unweighted",2696,3768
0,"unweighted",2697,8032
0,"unweighted",2698,5285
0,"unweighted",2699,4723
0,"unweighted",2700,2267
0,"unweighted",2701,12220
0,"unweighted",2702,5669
0,"unweighted",2703,12234
0,"unweighted",2704,10368
0,"unweighted",2705,1614
0,"unweighted",2706,7670
0,"unweighted",2707,9743
0,"unweighted",2708,1931
0,"unweighted",2709,9334
0,"unweighted",2710,9440
0,"unweighted",2711,1403
0,"unweighted",2712,4220
0,"unweighted",2713,10949
0,"unweighted",2714,4272
0,"unweighted",2715,10391
0,"unweighted",2716,2048
0,"unweighted",2717,4784
0,"unweighted",2718,8759
0,"unweighted",2719,1290
0,"unweighted",2720,7520
0,"unweighted",2721,13216
0,"unweighted",2722,6929
0,"unweighted",2723,3120
0,"unweighted",2724,11325
0,"unweighted",2725,1606
0,"unweighted",2726,4851
0,"unweighted",2727,3829
0,"unweighted",2728,11329
0,"unweighted",2729,2764
0,"unweighted",2730,14171
0,"unweighted",2731,71
0,"unweighted",2732,2405
0,"unweighted",2733,2073
0,"unweighted",2734,4532
0,"unweighted",2735,12026
0,"unweighted",2736,4250
0,"unweighted",2737,6830
0,"unweighted",2738,10302
0,"unweighted",2739,7594
0,"unweighted",2740,12686
0,"unweighted",2741,1196
0,"unweighted",2742,6231
0,"unweighted",2743,2372
0,"unweighted",2744,4800
0,"unweighted",2745,12756
0,"unweighted",2746,4778
0,"unweighted",2747,4834
0,"unweighted",2748,9875
0,"unweighted",2749,3140
0,"unweighted",2750,6852
0,"unweighted",2751,10293
0,"unweighted",2752,13109
0,"unweighted",2753,4833
0,"unweighted",2754,2396
0,"unweighted",2755,11326
0,"unweighted",2756,1962
0,"unweighted",2757,10315
0,"unweighted",2758,575
0,"unweighted",2759,1584
0,"unweighted",2760,13022
0,"unweighted",2761,2708
0,"unweighted",2762,2953
0,"unweighted",2763,11893
0,"unweighted",2764,6926
0,"unweighted",2765,8683
0,"unweighted",2766,7642
0,"unweighted",2767,9439
0,"unweighted",2768,11064
0,"unweighted",2769,6018
0,"unweighted",2770,10897
0,"unweighted",2771,1618
0,"unweighted",2772,10504
0,"unweighted",2773,198
0,"unweighted",2774,187
0,"unweighted",2775,8264
0,"unweighted",2776,9907
0,"unweighted",2777,7741
0,"unweighted",2778,9836
0,"unweighted",2779,11073
0,"unweighted",2780,4878
0,"unweighted",2781,7277
0,"unweighted",2782,7501
0,"unweighted",2783,12564
0,"unweighted",2784,678
0,"unweighted",2785,7274
0,"unweighted",2786,162
0,"unweighted",2787,5003
0,"unweighted",2788,10850
0,"unweighted",2789,8631
0,"unweighted",2790,10671
0,"unweighted",2791,10882
0,"unweighted",2792,10463
0,"unweighted",2793,11207
0,"unweighted",2794,9896
0,"unweighted",2795,7260
0,"unweighted",2796,8441
0,"unweighted",2797,5869
0,"unweighted",2798,3163
0,"unweighted",2799,4737
0,"unweighted",2800,8326
0,"unweighted",2801,2599
0,"unweighted",2802,11794
0,"unweighted",2803,8372
0,"unweighted",2804,204
0,"unweighted",2805,7045
0,"unweighted",2806,4648
0,"unweighted",2807,11796
0,"unweighted",2808,8728
0,"unweighted",2809,10490
0,"unweighted",2810,7568
0,"unweighted",2811,3330
0,"unweighted",2812,5884
0,"unweighted",2813,11792
0,"unweighted",2814,13809
0,"unweighted",2815,5787
0,"unweighted",2816,5780
0,"unweighted",2817,463
0,"unweighted",2818,11567
0,"unweighted",2819,1229
0,"unweighted",2820,5458
0,"unweighted",2821,8553
0,"unweighted",2822,1207
0,"unweighted",2823,9413
0,"unweighted",2824,2485
0,"unweighted",2825,5530
0,"unweighted",2826,11572
0,"unweighted",2827,8105
0,"unweighted",2828,7379
0,"unweighted",2829,9014
0,"unweighted",2830,12937
0,"unweighted",2831,7390
0,"unweighted",2832,10188
0,"unweighted",2833,6761
0,"unweighted",2834,5116
0,"unweighted",2835,1860
0,"unweighted",2836,11471
0,"unweighted",2837,1856
0,"unweighted",2838,4504
0,"unweighted",2839,6604
0,"unweighted",2840,5557
0,"unweighted",2841,11340
0,"unweighted",2842,13985
0,"unweighted",2843,7708
0,"unweighted",2844,2782
0,"unweighted",2845,1284
0,"unweighted",2846,335
0,"unweighted",2847,9128
0,"unweighted",2848,3483
0,"unweighted",2849,2788
0,"unweighted",2850,10006
0,"unweighted",2851,12522
0,"unweighted",2852,2686
0,"unweighted",2853,372
0,"unweighted",2854,3510
0,"unweighted",2855,9606
0,"unweighted",2856,5738
0,"unweighted",2857,11764
0,"unweighted",2858,5405
0,"unweighted",2859,14011
0,"unweighted",2860,8160
0,"unweighted",2861,5736
0,"unweighted",2862,5165
0,"unweighted",2863,4297
0,"unweighted",2864,1434
0,"unweighted",2865,12909
0,"unweighted",2866,2581
0,"unweighted",2867,4969
0,"unweighted",2868,13600
0,"unweighted",2869,7031
0,"unweighted",2870,4710
0,"unweighted",2871,9515
0,"unweighted",2872,11249
0,"unweighted",2873,5876
0,"unweighted",2874,2580
0,"unweighted",2875,4188
0,"unweighted",2876,12810
0,"unweighted",2877,4678
0,"unweighted",2878,825
0,"unweighted",2879,8041
0,"unweighted",2880,4775
0,"unweighted",2881,2706
0,"unweighted",2882,6019
0,"unweighted",2883,10231
0,"unweighted",2884,11974
0,"unweighted",2885,10969
0,"unweighted",2886,2279
0,"unweighted",2887,10927
0,"unweighted",2888,1545
0,"unweighted",2889,9921
0,"unweighted",2890,9745
0,"unweighted",2891,11299
0,"unweighted",2892,4849
0,"unweighted",2893,2161
0,"unweighted",2894,5754
0,"unweighted",2895,4199
0,"unweighted",2896,49
0,"unweighted",2897,12226
0,"unweighted",2898,9522
0,"unweighted",2899,7518
0,"unweighted",2900,1083
0,"unweighted",2901,11927
0,"unweighted",2902,1862
0,"unweighted",2903,6026
0,"unweighted",2904,6987
0,"unweighted",2905,2023
0,"unweighted",2906,5262
0,"unweighted",2907,7634
0,"unweighted",2908,12766
0,"unweighted",2909,5526
0,"unweighted",2910,799
0,"unweighted",2911,6187
0,"unweighted",2912,3599
0,"unweighted",2913,3621
0,"unweighted",2914,13159
0,"unweighted",2915,807
0,"unweighted",2916,1122
0,"unweighted",2917,8383
0,"unweighted",2918,10637
0,"unweighted",2919,6185
0,"unweighted",2920,13858
0,"unweighted",2921,7270
0,"unweighted",2922,10695
0,"unweighted",2923,9088
0,"unweighted",2924,3852
0,"unweighted",2925,7397
0,"unweighted",2926,12567
0,"unweighted",2927,7229
0,"unweighted",2928,1685
0,"unweighted",2929,9347
0,"unweighted",2930,12615
0,"unweighted",2931,259
0,"unweighted",2932,1366
0,"unweighted",2933,5575
0,"unweighted",2934,5071
0,"unweighted",2935,9654
0,"unweighted",2936,4886
0,"unweighted",2937,11233
0,"unweighted",2938,7441
0,"unweighted",2939,9987
0,"unweighted",2940,4605
0,"unweighted",2941,5210
0,"unweighted",2942,6076
0,"unweighted",2943,7482
0,"unweighted",2944,5560
0,"unweighted",2945,1642
0,"unweighted",2946,246
0,"unweighted",2947,7820
0,"unweighted",2948,1996
0,"unweighted",2949,4926
0,"unweighted",2950,7890
0,"unweighted",2951,6415
0,"unweighted",2952,10685
0,"unweighted",2953,167
0,"unweighted",2954,5191
0,"unweighted",2955,5410
0,"unweighted",2956,6694
0,"unweighted",2957,8975
0,"unweighted",2958,4998
0,"unweighted",2959,4992
0,"unweighted",2960,7171
0,"unweighted",2961,10535
0,"unweighted",2962,11687
0,"unweighted",2963,3984
0,"unweighted",2964,980
0,"unweighted",2965,767
0,"unweighted",2966,13248
0,"unweighted",2967,9833
0,"unweighted",2968,4015
0,"unweighted",2969,7273
0,"unweighted",2970,12278
0,"unweighted",2971,12166
0,"unweighted",2972,7257
0,"unweighted",2973,13495
0,"unweighted",2974,2882
0,"unweighted",2975,7276
0,"unweighted",2976,719
0,"unweighted",2977,709
0,"unweighted",2978,9338
0,"unweighted",2979,4602
0,"unweighted",2980,12256
0,"unweighted",2981,6208
0,"unweighted",2982,1991
0,"unweighted",2983,5229
0,"unweighted",2984,13254
0,"unweighted",2985,5386
0,"unweighted",2986,4996
0,"unweighted",2987,3339
0,"unweighted",2988,5096
0,"unweighted",2989,2391
0,"unweighted",2990,477
0,"unweighted",2991,2495
0,"unweighted",2992,2479
0,"unweighted",2993,6555
0,"unweighted",2994,9717
0,"unweighted",2995,4081
0,"unweighted",2996,12046
0,"unweighted",2997,6325
0,"unweighted",2998,1831
0,"unweighted",2999,1231
0,"unweighted",3000,8106
0,"unweighted",3001,8104
0,"unweighted",3002,7348
0,"unweighted",3003,5969
0,"unweighted",3004,12526
0,"unweighted",3005,10400
0,"unweighted",3006,13794
0,"unweighted",3007,13776
0,"unweighted",3008,7575
0,"unweighted",3009,7401
0,"unweighted",3010,11120
0,"unweighted",3011,1252
0,"unweighted",3012,1850
0,"unweighted",3013,4525
0,"unweighted",3014,298
0,"unweighted",3015,11611
0,"unweighted",3016,11122
0,"unweighted",3017,5644
0,"unweighted",3018,12845
0,"unweighted",3019,10987
0,"unweighted",3020,576
0,"unweighted",3021,5629
0,"unweighted",3022,3390
0,"unweighted",3023,9367
0,"unweighted",3024,2771
0,"unweighted",3025,5727
0,"unweighted",3026,2769
0,"unweighted",3027,7693
0,"unweighted",3028,3494
0,"unweighted",3029,4541
0,"unweighted",3030,2784
0,"unweighted",3031,5990
0,"unweighted",3032,369
0,"unweighted",3033,5152
0,"unweighted",3034,8153
0,"unweighted",3035,5993
0,"unweighted",3036,5745
0,"unweighted",3037,4855
0,"unweighted",3038,13999
0,"unweighted",3039,13483
0,"unweighted",3040,10078
0,"unweighted",3041,3903
0,"unweighted",3042,12915
0,"unweighted",3043,5319
0,"unweighted",3044,12960
0,"unweighted",3045,2273
0,"unweighted",3046,11953
0,"unweighted",3047,12816
0,"unweighted",3048,12773
0,"unweighted",3049,3729
0,"unweighted",3050,41
0,"unweighted",3051,9509
0,"unweighted",3052,910
0,"unweighted",3053,12235
0,"unweighted",3054,5888
0,"unweighted",3055,14015
0,"unweighted",3056,7041
0,"unweighted",3057,897
0,"unweighted",3058,8672
0,"unweighted",3059,4200
0,"unweighted",3060,1560
0,"unweighted",3061,9722
0,"unweighted",3062,5169
0,"unweighted",3063,12646
0,"unweighted",3064,7015
0,"unweighted",3065,3725
0,"unweighted",3066,10069
0,"unweighted",3067,8055
0,"unweighted",3068,11780
0,"unweighted",3069,3031
0,"unweighted",3070,11832
0,"unweighted",3071,13723
0,"unweighted",3072,85
0,"unweighted",3073,8706
0,"unweighted",3074,15
0,"unweighted",3075,9731
0,"unweighted",3076,2272
0,"unweighted",3077,8166
0,"unweighted",3078,3889
0,"unweighted",3079,4206
0,"unweighted",3080,11920
0,"unweighted",3081,11838
0,"unweighted",3082,1527
0,"unweighted",3083,11975
0,"unweighted",3084,11882
0,"unweighted",3085,7615
0,"unweighted",3086,2097
0,"unweighted",3087,12822
0,"unweighted",3088,6994
0,"unweighted",3089,96
0,"unweighted",3090,2367
0,"unweighted",3091,5678
0,"unweighted",3092,8870
0,"unweighted",3093,3391
0,"unweighted",3094,12032
0,"unweighted",3095,9763
0,"unweighted",3096,7915
0,"unweighted",3097,320
0,"unweighted",3098,8183
0,"unweighted",3099,1000
0,"unweighted",3100,12012
0,"unweighted",3101,7573
0,"unweighted",3102,6175
0,"unweighted",3103,4990
0,"unweighted",3104,8558
0,"unweighted",3105,9410
0,"unweighted",3106,5915
0,"unweighted",3107,10150
0,"unweighted",3108,5866
0,"unweighted",3109,2106
0,"unweighted",3110,7929
0,"unweighted",3111,11129
0,"unweighted",3112,13606
0,"unweighted",3113,1596
0,"unweighted",3114,1230
0,"unweighted",3115,2695
0,"unweighted",3116,13718
0,"unweighted",3117,3912
0,"unweighted",3118,13471
0,"unweighted",3119,7579
0,"unweighted",3120,12949
0,"unweighted",3121,6372
0,"unweighted",3122,6829
0,"unweighted",3123,12259
0,"unweighted",3124,8787
0,"unweighted",3125,13964
0,"unweighted",3126,2094
0,"unweighted",3127,7809
0,"unweighted",3128,7908
0,"unweighted",3129,2974
0,"unweighted",3130,13434
0,"unweighted",3131,8583
0,"unweighted",3132,693
0,"unweighted",3133,8612
0,"unweighted",3134,2540
0,"unweighted",3135,14098
0,"unweighted",3136,4333
0,"unweighted",3137,14072
0,"unweighted",3138,8618
0,"unweighted",3139,10865
0,"unweighted",3140,1363
0,"unweighted",3141,7139
0,"unweighted",3142,7127
0,"unweighted",3143,9685
0,"unweighted",3144,12177
0,"unweighted",3145,6699
0,"unweighted",3146,9675
0,"unweighted",3147,10823
0,"unweighted",3148,13310
0,"unweighted",3149,5370
0,"unweighted",3150,10544
0,"unweighted",3151,13362
0,"unweighted",3152,6722
0,"unweighted",3153,4009
0,"unweighted",3154,11343
0,"unweighted",3155,6116
0,"unweighted",3156,7247
0,"unweighted",3157,739
0,"unweighted",3158,12388
0,"unweighted",3159,13252
0,"unweighted",3160,5562
0,"unweighted",3161,1005
0,"unweighted",3162,9061
0,"unweighted",3163,8983
0,"unweighted",3164,5343
0,"unweighted",3165,13674
0,"unweighted",3166,9744
0,"unweighted",3167,1055
0,"unweighted",3168,10062
0,"unweighted",3169,8771
0,"unweighted",3170,11151
0,"unweighted",3171,12919
0,"unweighted",3172,7017
0,"unweighted",3173,9263
0,"unweighted",3174,6732
0,"unweighted",3175,10734
0,"unweighted",3176,11070
0,"unweighted",3177,8541
0,"unweighted",3178,6568
0,"unweighted",3179,12024
0,"unweighted",3180,10744
0,"unweighted",3181,13974
0,"unweighted",3182,6828
0,"unweighted",3183,1869
0,"unweighted",3184,6576
0,"unweighted",3185,13583
0,"unweighted",3186,10408
0,"unweighted",3187,5809
0,"unweighted",3188,9251
0,"unweighted",3189,9641
0,"unweighted",3190,13334
0,"unweighted",3191,7856
0,"unweighted",3192,12557
0,"unweighted",3193,10177
0,"unweighted",3194,4733
0,"unweighted",3195,3590
0,"unweighted",3196,7804
0,"unweighted",3197,9578
0,"unweighted",3198,5468
0,"unweighted",3199,11440
0,"unweighted",3200,9847
0,"unweighted",3201,13976
0,"unweighted",3202,9050
0,"unweighted",3203,7743
0,"unweighted",3204,202
0,"unweighted",3205,8334
0,"unweighted",3206,4978
0,"unweighted",3207,12352
0,"unweighted",3208,10584
0,"unweighted",3209,4401
0,"unweighted",3210,1717
0,"unweighted",3211,4387
0,"unweighted",3212,13156
0,"unweighted",3213,6462
0,"unweighted",3214,12355
0,"unweighted",3215,3229
0,"unweighted",3216,4953
0,"unweighted",3217,3246
0,"unweighted",3218,9416
0,"unweighted",3219,1133
0,"unweighted",3220,3234
0,"unweighted",3221,12330
0,"unweighted",3222,11453
0,"unweighted",3223,3640
0,"unweighted",3224,2889
0,"unweighted",3225,5189
0,"unweighted",3226,11377
0,"unweighted",3227,140
0,"unweighted",3228,4421
0,"unweighted",3229,9658
0,"unweighted",3230,13356
0,"unweighted",3231,14092
0,"unweighted",3232,6057
0,"unweighted",3233,4616
0,"unweighted",3234,3220
0,"unweighted",3235,12928
0,"unweighted",3236,14084
0,"unweighted",3237,7163
0,"unweighted",3238,7485
0,"unweighted",3239,4794
0,"unweighted",3240,1941
0,"unweighted",3241,5470
0,"unweighted",3242,4167
0,"unweighted",3243,158
0,"unweighted",3244,2538
0,"unweighted",3245,7854
0,"unweighted",3246,5579
0,"unweighted",3247,6392
0,"unweighted",3248,7806
0,"unweighted",3249,3527
0,"unweighted",3250,7790
0,"unweighted",3251,6388
0,"unweighted",3252,4428
0,"unweighted",3253,11508
0,"unweighted",3254,12404
0,"unweighted",3255,10530
0,"unweighted",3256,13325
0,"unweighted",3257,4138
0,"unweighted",3258,5006
0,"unweighted",3259,1895
0,"unweighted",3260,5394
0,"unweighted",3261,9668
0,"unweighted",3262,13358
0,"unweighted",3263,761
0,"unweighted",3264,7225
0,"unweighted",3265,3283
0,"unweighted",3266,9991
0,"unweighted",3267,7452
0,"unweighted",3268,3578
0,"unweighted",3269,9283
0,"unweighted",3270,9978
0,"unweighted",3271,3545
0,"unweighted",3272,10139
0,"unweighted",3273,9900
0,"unweighted",3274,13695
0,"unweighted",3275,10446
0,"unweighted",3276,5154
0,"unweighted",3277,3923
0,"unweighted",3278,7180
0,"unweighted",3279,265
0,"unweighted",3280,13989
0,"unweighted",3281,11849
0,"unweighted",3282,1930
0,"unweighted",3283,5302
0,"unweighted",3284,10912
0,"unweighted",3285,2734
0,"unweighted",3286,2735
0,"unweighted",3287,2194
0,"unweighted",3288,11830
0,"unweighted",3289,1669
0,"unweighted",3290,3581
0,"unweighted",3291,192
0,"unweighted",3292,11078
0,"unweighted",3293,3592
0,"unweighted",3294,7793
0,"unweighted",3295,1079
0,"unweighted",3296,1623
0,"unweighted",3297,2871
0,"unweighted",3298,3244
0,"unweighted",3299,9936
0,"unweighted",3300,8392
0,"unweighted",3301,7827
0,"unweighted",3302,834
0,"unweighted",3303,2929
0,"unweighted",3304,12968
0,"unweighted",3305,5081
0,"unweighted",3306,5535
0,"unweighted",3307,4381
0,"unweighted",3308,14132
0,"unweighted",3309,3245
0,"unweighted",3310,4405
0,"unweighted",3311,5525
0,"unweighted",3312,9136
0,"unweighted",3313,10615
0,"unweighted",3314,6463
0,"unweighted",3315,11709
0,"unweighted",3316,2688
0,"unweighted",3317,10436
0,"unweighted",3318,6303
0,"unweighted",3319,13365
0,"unweighted",3320,6685
0,"unweighted",3321,12443
0,"unweighted",3322,1993
0,"unweighted",3323,4313
0,"unweighted",3324,226
0,"unweighted",3325,6686
0,"unweighted",3326,696
0,"unweighted",3327,6195
0,"unweighted",3328,12150
0,"unweighted",3329,5484
0,"unweighted",3330,2621
0,"unweighted",3331,7280
0,"unweighted",3332,9835
0,"unweighted",3333,11427
0,"unweighted",3334,7760
0,"unweighted",3335,1376
0,"unweighted",3336,13958
0,"unweighted",3337,925
0,"unweighted",3338,5266
0,"unweighted",3339,11874
0,"unweighted",3340,3326
0,"unweighted",3341,11922
0,"unweighted",3342,8056
0,"unweighted",3343,13444
0,"unweighted",3344,9568
0,"unweighted",3345,13436
0,"unweighted",3346,13413
0,"unweighted",3347,9337
0,"unweighted",3348,2147
0,"unweighted",3349,14016
0,"unweighted",3350,403
0,"unweighted",3351,7084
0,"unweighted",3352,3058
0,"unweighted",3353,4685
0,"unweighted",3354,609
0,"unweighted",3355,1535
0,"unweighted",3356,2248
0,"unweighted",3357,11788
0,"unweighted",3358,934
0,"unweighted",3359,4718
0,"unweighted",3360,1928
0,"unweighted",3361,11144
0,"unweighted",3362,7075
0,"unweighted",3363,8866
0,"unweighted",3364,12795
0,"unweighted",3365,8798
0,"unweighted",3366,5883
0,"unweighted",3367,2178
0,"unweighted",3368,7689
0,"unweighted",3369,7090
0,"unweighted",3370,10925
0,"unweighted",3371,5659
0,"unweighted",3372,8645
0,"unweighted",3373,10039
0,"unweighted",3374,5332
0,"unweighted",3375,425
0,"unweighted",3376,23
0,"unweighted",3377,865
0,"unweighted",3378,5271
0,"unweighted",3379,14026
0,"unweighted",3380,9497
0,"unweighted",3381,7089
0,"unweighted",3382,11241
0,"unweighted",3383,9542
0,"unweighted",3384,12819
0,"unweighted",3385,2592
0,"unweighted",3386,7638
0,"unweighted",3387,616
0,"unweighted",3388,4743
0,"unweighted",3389,4209
0,"unweighted",3390,5679
0,"unweighted",3391,7678
0,"unweighted",3392,11289
0,"unweighted",3393,7616
0,"unweighted",3394,6028
0,"unweighted",3395,1594
0,"unweighted",3396,4696
0,"unweighted",3397,4214
0,"unweighted",3398,10386
0,"unweighted",3399,9753
0,"unweighted",3400,784
0,"unweighted",3401,9755
0,"unweighted",3402,782
0,"unweighted",3403,4260
0,"unweighted",3404,449
0,"unweighted",3405,1459
0,"unweighted",3406,9123
0,"unweighted",3407,225
0,"unweighted",3408,13628
0,"unweighted",3409,6748
0,"unweighted",3410,12754
0,"unweighted",3411,2331
0,"unweighted",3412,8978
0,"unweighted",3413,7992
0,"unweighted",3414,2507
0,"unweighted",3415,4823
0,"unweighted",3416,2393
0,"unweighted",3417,2090
0,"unweighted",3418,10448
0,"unweighted",3419,5721
0,"unweighted",3420,6822
0,"unweighted",3421,3997
0,"unweighted",3422,7889
0,"unweighted",3423,10704
0,"unweighted",3424,11507
0,"unweighted",3425,1948
0,"unweighted",3426,9857
0,"unweighted",3427,14066
0,"unweighted",3428,12701
0,"unweighted",3429,3992
0,"unweighted",3430,8505
0,"unweighted",3431,1496
0,"unweighted",3432,1624
0,"unweighted",3433,1489
0,"unweighted",3434,6768
0,"unweighted",3435,9973
0,"unweighted",3436,6068
0,"unweighted",3437,3158
0,"unweighted",3438,9656
0,"unweighted",3439,750
0,"unweighted",3440,235
0,"unweighted",3441,8633
0,"unweighted",3442,9874
0,"unweighted",3443,11703
0,"unweighted",3444,4121
0,"unweighted",3445,12435
0,"unweighted",3446,12113
0,"unweighted",3447,1061
0,"unweighted",3448,6194
0,"unweighted",3449,12621
0,"unweighted",3450,2678
0,"unweighted",3451,7885
0,"unweighted",3452,14096
0,"unweighted",3453,4341
0,"unweighted",3454,11084
0,"unweighted",3455,9949
0,"unweighted",3456,7494
0,"unweighted",3457,7128
0,"unweighted",3458,12399
0,"unweighted",3459,4127
0,"unweighted",3460,4446
0,"unweighted",3461,5569
0,"unweighted",3462,763
0,"unweighted",3463,12305
0,"unweighted",3464,1767
0,"unweighted",3465,2228
0,"unweighted",3466,10573
0,"unweighted",3467,11971
0,"unweighted",3468,6901
0,"unweighted",3469,10445
0,"unweighted",3470,9611
0,"unweighted",3471,9614
0,"unweighted",3472,13475
0,"unweighted",3473,6357
0,"unweighted",3474,7077
0,"unweighted",3475,4262
0,"unweighted",3476,4715
0,"unweighted",3477,6031
0,"unweighted",3478,10724
0,"unweighted",3479,7079
0,"unweighted",3480,3055
0,"unweighted",3481,2578
0,"unweighted",3482,11568
0,"unweighted",3483,6755
0,"unweighted",3484,7363
0,"unweighted",3485,13948
0,"unweighted",3486,12524
0,"unweighted",3487,2481
0,"unweighted",3488,470
0,"unweighted",3489,3996
0,"unweighted",3490,10288
0,"unweighted",3491,6588
0,"unweighted",3492,5090
0,"unweighted",3493,10759
0,"unweighted",3494,1213
0,"unweighted",3495,464
0,"unweighted",3496,1830
0,"unweighted",3497,3446
0,"unweighted",3498,11586
0,"unweighted",3499,11603
0,"unweighted",3500,1843
0,"unweighted",3501,14117
0,"unweighted",3502,10809
0,"unweighted",3503,10518
0,"unweighted",3504,3547
0,"unweighted",3505,1397
0,"unweighted",3506,8909
0,"unweighted",3507,10215
0,"unweighted",3508,9785
0,"unweighted",3509,1280
0,"unweighted",3510,2302
0,"unweighted",3511,6773
0,"unweighted",3512,4553
0,"unweighted",3513,10009
0,"unweighted",3514,3481
0,"unweighted",3515,11001
0,"unweighted",3516,5140
0,"unweighted",3517,8158
0,"unweighted",3518,5142
0,"unweighted",3519,5814
0,"unweighted",3520,3507
0,"unweighted",3521,7735
0,"unweighted",3522,6338
0,"unweighted",3523,6640
0,"unweighted",3524,608
0,"unweighted",3525,11300
0,"unweighted",3526,8044
0,"unweighted",3527,6346
0,"unweighted",3528,382
0,"unweighted",3529,13465
0,"unweighted",3530,2263
0,"unweighted",3531,9534
0,"unweighted",3532,13903
0,"unweighted",3533,2127
0,"unweighted",3534,10365
0,"unweighted",3535,10094
0,"unweighted",3536,1926
0,"unweighted",3537,3730
0,"unweighted",3538,3747
0,"unweighted",3539,9544
0,"unweighted",3540,6779
0,"unweighted",3541,10370
0,"unweighted",3542,7039
0,"unweighted",3543,3767
0,"unweighted",3544,3772
0,"unweighted",3545,1532
0,"unweighted",3546,10342
0,"unweighted",3547,13671
0,"unweighted",3548,9503
0,"unweighted",3549,8806
0,"unweighted",3550,3092
0,"unweighted",3551,3845
0,"unweighted",3552,6958
0,"unweighted",3553,12772
0,"unweighted",3554,10329
0,"unweighted",3555,5695
0,"unweighted",3556,13936
0,"unweighted",3557,5273
0,"unweighted",3558,2047
0,"unweighted",3559,106
0,"unweighted",3560,3803
0,"unweighted",3561,3804
0,"unweighted",3562,8768
0,"unweighted",3563,4576
0,"unweighted",3564,10218
0,"unweighted",3565,9572
0,"unweighted",3566,4812
0,"unweighted",3567,3714
0,"unweighted",3568,12666
0,"unweighted",3569,11817
0,"unweighted",3570,1449
0,"unweighted",3571,6745
0,"unweighted",3572,3954
0,"unweighted",3573,6860
0,"unweighted",3574,9769
0,"unweighted",3575,12985
0,"unweighted",3576,11898
0,"unweighted",3577,13612
0,"unweighted",3578,12087
0,"unweighted",3579,2136
0,"unweighted",3580,5698
0,"unweighted",3581,6962
0,"unweighted",3582,12005
0,"unweighted",3583,517
0,"unweighted",3584,572
0,"unweighted",3585,6280
0,"unweighted",3586,2928
0,"unweighted",3587,7841
0,"unweighted",3588,8352
0,"unweighted",3589,4986
0,"unweighted",3590,8374
0,"unweighted",3591,847
0,"unweighted",3592,9922
0,"unweighted",3593,6446
0,"unweighted",3594,4395
0,"unweighted",3595,4399
0,"unweighted",3596,12967
0,"unweighted",3597,9868
0,"unweighted",3598,8428
0,"unweighted",3599,2625
0,"unweighted",3600,12636
0,"unweighted",3601,3179
0,"unweighted",3602,5026
0,"unweighted",3603,5584
0,"unweighted",3604,6299
0,"unweighted",3605,7375
0,"unweighted",3606,10649
0,"unweighted",3607,4107
0,"unweighted",3608,7496
0,"unweighted",3609,4962
0,"unweighted",3610,5469
0,"unweighted",3611,9838
0,"unweighted",3612,6288
0,"unweighted",3613,2984
0,"unweighted",3614,4010
0,"unweighted",3615,4600
0,"unweighted",3616,7895
0,"unweighted",3617,8293
0,"unweighted",3618,164
0,"unweighted",3619,9343
0,"unweighted",3620,3983
0,"unweighted",3621,9054
0,"unweighted",3622,9834
0,"unweighted",3623,4908
0,"unweighted",3624,9984
0,"unweighted",3625,766
0,"unweighted",3626,2898
0,"unweighted",3627,1359
0,"unweighted",3628,14086
0,"unweighted",3629,3301
0,"unweighted",3630,10582
0,"unweighted",3631,11923
0,"unweighted",3632,7078
0,"unweighted",3633,2596
0,"unweighted",3634,3030
0,"unweighted",3635,8863
0,"unweighted",3636,2213
0,"unweighted",3637,9633
0,"unweighted",3638,11554
0,"unweighted",3639,9229
0,"unweighted",3640,12988
0,"unweighted",3641,11884
0,"unweighted",3642,1858
0,"unweighted",3643,10401
0,"unweighted",3644,7704
0,"unweighted",3645,11130
0,"unweighted",3646,3496
0,"unweighted",3647,7734
0,"unweighted",3648,2260
0,"unweighted",3649,12194
0,"unweighted",3650,13287
0,"unweighted",3651,9232
0,"unweighted",3652,4363
0,"unweighted",3653,10497
0,"unweighted",3654,9810
0,"unweighted",3655,4368
0,"unweighted",3656,3196
0,"unweighted",3657,9036
0,"unweighted",3658,126
0,"unweighted",3659,3595
0,"unweighted",3660,5466
0,"unweighted",3661,12741
0,"unweighted",3662,2931
0,"unweighted",3663,3620
0,"unweighted",3664,7842
0,"unweighted",3665,7845
0,"unweighted",3666,9140
0,"unweighted",3667,12370
0,"unweighted",3668,3597
0,"unweighted",3669,6455
0,"unweighted",3670,5543
0,"unweighted",3671,6439
0,"unweighted",3672,815
0,"unweighted",3673,3616
0,"unweighted",3674,3630
0,"unweighted",3675,1110
0,"unweighted",3676,4982
0,"unweighted",3677,7846
0,"unweighted",3678,1127
0,"unweighted",3679,10602
0,"unweighted",3680,4904
0,"unweighted",3681,4088
0,"unweighted",3682,223
0,"unweighted",3683,6477
0,"unweighted",3684,2641
0,"unweighted",3685,9194
0,"unweighted",3686,5387
0,"unweighted",3687,13339
0,"unweighted",3688,10690
0,"unweighted",3689,12447
0,"unweighted",3690,10413
0,"unweighted",3691,10837
0,"unweighted",3692,1158
0,"unweighted",3693,9081
0,"unweighted",3694,4642
0,"unweighted",3695,277
0,"unweighted",3696,240
0,"unweighted",3697,7142
0,"unweighted",3698,11515
0,"unweighted",3699,4901
0,"unweighted",3700,3003
0,"unweighted",3701,9090
0,"unweighted",3702,11628
0,"unweighted",3703,6298
0,"unweighted",3704,2958
0,"unweighted",3705,3312
0,"unweighted",3706,3989
0,"unweighted",3707,12408
0,"unweighted",3708,4598
0,"unweighted",3709,11686
0,"unweighted",3710,6715
0,"unweighted",3711,7543
0,"unweighted",3712,2646
0,"unweighted",3713,5215
0,"unweighted",3714,10680
0,"unweighted",3715,6506
0,"unweighted",3716,4593
0,"unweighted",3717,9176
0,"unweighted",3718,12382
0,"unweighted",3719,13655
0,"unweighted",3720,12140
0,"unweighted",3721,10077
0,"unweighted",3722,7865
0,"unweighted",3723,4884
0,"unweighted",3724,6058
0,"unweighted",3725,1851
0,"unweighted",3726,6049
0,"unweighted",3727,11693
0,"unweighted",3728,12154
0,"unweighted",3729,3579
0,"unweighted",3730,3652
0,"unweighted",3731,9676
0,"unweighted",3732,1353
0,"unweighted",3733,2650
0,"unweighted",3734,5103
0,"unweighted",3735,5368
0,"unweighted",3736,12451
0,"unweighted",3737,12277
0,"unweighted",3738,3660
0,"unweighted",3739,6418
0,"unweighted",3740,13503
0,"unweighted",3741,1381
0,"unweighted",3742,7499
0,"unweighted",3743,705
0,"unweighted",3744,2976
0,"unweighted",3745,2509
0,"unweighted",3746,1684
0,"unweighted",3747,7265
0,"unweighted",3748,7653
0,"unweighted",3749,10102
0,"unweighted",3750,2602
0,"unweighted",3751,874
0,"unweighted",3752,6906
0,"unweighted",3753,5353
0,"unweighted",3754,2162
0,"unweighted",3755,2283
0,"unweighted",3756,10350
0,"unweighted",3757,4701
0,"unweighted",3758,10974
0,"unweighted",3759,7984
0,"unweighted",3760,3793
0,"unweighted",3761,6809
0,"unweighted",3762,776
0,"unweighted",3763,2052
0,"unweighted",3764,7506
0,"unweighted",3765,4782
0,"unweighted",3766,11286
0,"unweighted",3767,10784
0,"unweighted",3768,9500
0,"unweighted",3769,346
0,"unweighted",3770,7037
0,"unweighted",3771,1575
0,"unweighted",3772,4240
0,"unweighted",3773,1474
0,"unweighted",3774,5604
0,"unweighted",3775,2377
0,"unweighted",3776,2050
0,"unweighted",3777,5827
0,"unweighted",3778,9771
0,"unweighted",3779,13962
0,"unweighted",3780,13629
0,"unweighted",3781,6799
0,"unweighted",3782,3051
0,"unweighted",3783,8333
0,"unweighted",3784,5984
0,"unweighted",3785,3046
0,"unweighted",3786,3032
0,"unweighted",3787,11246
0,"unweighted",3788,6253
0,"unweighted",3789,12799
0,"unweighted",3790,7966
0,"unweighted",3791,7960
0,"unweighted",3792,3472
0,"unweighted",3793,5802
0,"unweighted",3794,2745
0,"unweighted",3795,12079
0,"unweighted",3796,8943
0,"unweighted",3797,1431
0,"unweighted",3798,7963
0,"unweighted",3799,5826
0,"unweighted",3800,13960
0,"unweighted",3801,7981
0,"unweighted",3802,4816
0,"unweighted",3803,10305
0,"unweighted",3804,2388
0,"unweighted",3805,10472
0,"unweighted",3806,9761
0,"unweighted",3807,10451
0,"unweighted",3808,1362
0,"unweighted",3809,3017
0,"unweighted",3810,13162
0,"unweighted",3811,548
0,"unweighted",3812,1204
0,"unweighted",3813,13023
0,"unweighted",3814,4907
0,"unweighted",3815,4909
0,"unweighted",3816,8388
0,"unweighted",3817,5558
0,"unweighted",3818,12684
0,"unweighted",3819,4506
0,"unweighted",3820,8986
0,"unweighted",3821,4862
0,"unweighted",3822,2490
0,"unweighted",3823,789
0,"unweighted",3824,6573
0,"unweighted",3825,10203
0,"unweighted",3826,11548
0,"unweighted",3827,472
0,"unweighted",3828,7360
0,"unweighted",3829,4082
0,"unweighted",3830,3374
0,"unweighted",3831,13003
0,"unweighted",3832,2349
0,"unweighted",3833,11601
0,"unweighted",3834,7396
0,"unweighted",3835,5112
0,"unweighted",3836,11607
0,"unweighted",3837,11613
0,"unweighted",3838,2738
0,"unweighted",3839,14116
0,"unweighted",3840,4861
0,"unweighted",3841,3466
0,"unweighted",3842,9256
0,"unweighted",3843,1581
0,"unweighted",3844,4528
0,"unweighted",3845,3857
0,"unweighted",3846,13027
0,"unweighted",3847,13076
0,"unweighted",3848,6634
0,"unweighted",3849,9600
0,"unweighted",3850,1877
0,"unweighted",3851,13988
0,"unweighted",3852,2314
0,"unweighted",3853,2308
0,"unweighted",3854,11656
0,"unweighted",3855,11637
0,"unweighted",3856,5130
0,"unweighted",3857,3490
0,"unweighted",3858,12868
0,"unweighted",3859,4196
0,"unweighted",3860,3408
0,"unweighted",3861,6339
0,"unweighted",3862,1600
0,"unweighted",3863,2232
0,"unweighted",3864,8942
0,"unweighted",3865,9291
0,"unweighted",3866,5737
0,"unweighted",3867,8161
0,"unweighted",3868,1303
0,"unweighted",3869,5157
0,"unweighted",3870,4753
0,"unweighted",3871,5327
0,"unweighted",3872,1585
0,"unweighted",3873,7047
0,"unweighted",3874,7991
0,"unweighted",3875,2813
0,"unweighted",3876,6865
0,"unweighted",3877,3731
0,"unweighted",3878,5893
0,"unweighted",3879,11290
0,"unweighted",3880,3106
0,"unweighted",3881,10080
0,"unweighted",3882,10932
0,"unweighted",3883,1555
0,"unweighted",3884,13916
0,"unweighted",3885,13682
0,"unweighted",3886,11992
0,"unweighted",3887,10114
0,"unweighted",3888,89
0,"unweighted",3889,3896
0,"unweighted",3890,3727
0,"unweighted",3891,2566
0,"unweighted",3892,12792
0,"unweighted",3893,12216
0,"unweighted",3894,6014
0,"unweighted",3895,4760
0,"unweighted",3896,5847
0,"unweighted",3897,13968
0,"unweighted",3898,2807
0,"unweighted",3899,9560
0,"unweighted",3900,6881
0,"unweighted",3901,8748
0,"unweighted",3902,7027
0,"unweighted",3903,946
0,"unweighted",3904,10412
0,"unweighted",3905,5900
0,"unweighted",3906,2120
0,"unweighted",3907,484
0,"unweighted",3908,10931
0,"unweighted",3909,10235
0,"unweighted",3910,6916
0,"unweighted",3911,614
0,"unweighted",3912,12228
0,"unweighted",3913,11827
0,"unweighted",3914,4205
0,"unweighted",3915,5296
0,"unweighted",3916,3076
0,"unweighted",3917,7664
0,"unweighted",3918,10378
0,"unweighted",3919,10937
0,"unweighted",3920,6234
0,"unweighted",3921,857
0,"unweighted",3922,11968
0,"unweighted",3923,9490
0,"unweighted",3924,11854
0,"unweighted",3925,6008
0,"unweighted",3926,3834
0,"unweighted",3927,10233
0,"unweighted",3928,12702
0,"unweighted",3929,11274
0,"unweighted",3930,4713
0,"unweighted",3931,3327
0,"unweighted",3932,11068
0,"unweighted",3933,12797
0,"unweighted",3934,942
0,"unweighted",3935,9632
0,"unweighted",3936,3786
0,"unweighted",3937,11248
0,"unweighted",3938,5764
0,"unweighted",3939,6879
0,"unweighted",3940,9518
0,"unweighted",3941,5651
0,"unweighted",3942,10303
0,"unweighted",3943,10933
0,"unweighted",3944,11781
0,"unweighted",3945,6798
0,"unweighted",3946,3781
0,"unweighted",3947,912
0,"unweighted",3948,3862
0,"unweighted",3949,10124
0,"unweighted",3950,3858
0,"unweighted",3951,3861
0,"unweighted",3952,12917
0,"unweighted",3953,6900
0,"unweighted",3954,4802
0,"unweighted",3955,917
0,"unweighted",3956,10031
0,"unweighted",3957,22
0,"unweighted",3958,3060
0,"unweighted",3959,4677
0,"unweighted",3960,4719
0,"unweighted",3961,6666
0,"unweighted",3962,12641
0,"unweighted",3963,40
0,"unweighted",3964,4712
0,"unweighted",3965,10364
0,"unweighted",3966,3810
0,"unweighted",3967,9172
0,"unweighted",3968,13810
0,"unweighted",3969,4918
0,"unweighted",3970,1040
0,"unweighted",3971,3263
0,"unweighted",3972,12441
0,"unweighted",3973,6205
0,"unweighted",3974,9972
0,"unweighted",3975,5411
0,"unweighted",3976,11416
0,"unweighted",3977,6384
0,"unweighted",3978,987
0,"unweighted",3979,10803
0,"unweighted",3980,1360
0,"unweighted",3981,9196
0,"unweighted",3982,9101
0,"unweighted",3983,5488
0,"unweighted",3984,249
0,"unweighted",3985,12313
0,"unweighted",3986,10862
0,"unweighted",3987,1030
0,"unweighted",3988,7791
0,"unweighted",3989,5168
0,"unweighted",3990,130
0,"unweighted",3991,10123
0,"unweighted",3992,9706
0,"unweighted",3993,3721
0,"unweighted",3994,1808
0,"unweighted",3995,9083
0,"unweighted",3996,5325
0,"unweighted",3997,401
0,"unweighted",3998,14012
0,"unweighted",3999,3325
0,"unweighted",4000,8078
0,"unweighted",4001,9382
0,"unweighted",4002,459
0,"unweighted",4003,3702
0,"unweighted",4004,9712
0,"unweighted",4005,4845
0,"unweighted",4006,1176
0,"unweighted",4007,3431
0,"unweighted",4008,3359
0,"unweighted",4009,13781
0,"unweighted",4010,485
0,"unweighted",4011,7378
0,"unweighted",4012,2491
0,"unweighted",4013,7541
0,"unweighted",4014,10783
0,"unweighted",4015,579
0,"unweighted",4016,3769
0,"unweighted",4017,11547
0,"unweighted",4018,4086
0,"unweighted",4019,3348
0,"unweighted",4020,3343
0,"unweighted",4021,12521
0,"unweighted",4022,7383
0,"unweighted",4023,7358
0,"unweighted",4024,2920
0,"unweighted",4025,4933
0,"unweighted",4026,10509
0,"unweighted",4027,5193
0,"unweighted",4028,1946
0,"unweighted",4029,7131
0,"unweighted",4030,8435
0,"unweighted",4031,4148
0,"unweighted",4032,1022
0,"unweighted",4033,12544
0,"unweighted",4034,688
0,"unweighted",4035,13299
0,"unweighted",4036,5601
0,"unweighted",4037,9569
0,"unweighted",4038,2251
0,"unweighted",4039,9425
0,"unweighted",4040,2591
0,"unweighted",4041,13924
0,"unweighted",4042,3412
0,"unweighted",4043,5267
0,"unweighted",4044,13918
0,"unweighted",4045,14052
0,"unweighted",4046,9487
0,"unweighted",4047,8039
0,"unweighted",4048,10402
0,"unweighted",4049,9738
0,"unweighted",4050,431
0,"unweighted",4051,6940
0,"unweighted",4052,8165
0,"unweighted",4053,911
0,"unweighted",4054,5632
0,"unweighted",4055,3417
0,"unweighted",4056,8593
0,"unweighted",4057,10923
0,"unweighted",4058,10945
0,"unweighted",4059,3847
0,"unweighted",4060,3898
0,"unweighted",4061,405
0,"unweighted",4062,2547
0,"unweighted",4063,5769
0,"unweighted",4064,10115
0,"unweighted",4065,9326
0,"unweighted",4066,2853
0,"unweighted",4067,1035
0,"unweighted",4068,9725
0,"unweighted",4069,11786
0,"unweighted",4070,10086
0,"unweighted",4071,6985
0,"unweighted",4072,13957
0,"unweighted",4073,1523
0,"unweighted",4074,7063
0,"unweighted",4075,5943
0,"unweighted",4076,5751
0,"unweighted",4077,7628
0,"unweighted",4078,7244
0,"unweighted",4079,8662
0,"unweighted",4080,4589
0,"unweighted",4081,11829
0,"unweighted",4082,6034
0,"unweighted",4083,588
0,"unweighted",4084,430
0,"unweighted",4085,11865
0,"unweighted",4086,10910
0,"unweighted",4087,13929
0,"unweighted",4088,4195
0,"unweighted",4089,14065
0,"unweighted",4090,3061
0,"unweighted",4091,8077
0,"unweighted",4092,4177
0,"unweighted",4093,9310
0,"unweighted",4094,6228
0,"unweighted",4095,8058
0,"unweighted",4096,75
0,"unweighted",4097,12784
0,"unweighted",4098,5898
0,"unweighted",4099,5344
0,"unweighted",4100,11680
0,"unweighted",4101,3899
0,"unweighted",4102,383
0,"unweighted",4103,12224
0,"unweighted",4104,5673
0,"unweighted",4105,933
0,"unweighted",4106,8661
0,"unweighted",4107,11878
0,"unweighted",4108,11266
0,"unweighted",4109,2261
0,"unweighted",4110,7016
0,"unweighted",4111,762
0,"unweighted",4112,13711
0,"unweighted",4113,10333
0,"unweighted",4114,1502
0,"unweighted",4115,7611
0,"unweighted",4116,8701
0,"unweighted",4117,948
0,"unweighted",4118,9574
0,"unweighted",4119,3812
0,"unweighted",4120,9754
0,"unweighted",4121,4229
0,"unweighted",4122,11524
0,"unweighted",4123,10254
0,"unweighted",4124,7957
0,"unweighted",4125,12496
0,"unweighted",4126,11360
0,"unweighted",4127,12188
0,"unweighted",4128,11443
0,"unweighted",4129,10101
0,"unweighted",4130,4066
0,"unweighted",4131,9622
0,"unweighted",4132,5056
0,"unweighted",4133,61
0,"unweighted",4134,2531
0,"unweighted",4135,13740
0,"unweighted",4136,6914
0,"unweighted",4137,9807
0,"unweighted",4138,4241
0,"unweighted",4139,8797
0,"unweighted",4140,10781
0,"unweighted",4141,12812
0,"unweighted",4142,2864
0,"unweighted",4143,13940
0,"unweighted",4144,7503
0,"unweighted",4145,10109
0,"unweighted",4146,5835
0,"unweighted",4147,8186
0,"unweighted",4148,5677
0,"unweighted",4149,6472
0,"unweighted",4150,8159
0,"unweighted",4151,13577
0,"unweighted",4152,1549
0,"unweighted",4153,10487
0,"unweighted",4154,7690
0,"unweighted",4155,6263
0,"unweighted",4156,2409
0,"unweighted",4157,3917
0,"unweighted",4158,10169
0,"unweighted",4159,5665
0,"unweighted",4160,12028
0,"unweighted",4161,7918
0,"unweighted",4162,467
0,"unweighted",4163,12543
0,"unweighted",4164,9624
0,"unweighted",4165,3770
0,"unweighted",4166,5954
0,"unweighted",4167,1379
0,"unweighted",4168,7928
0,"unweighted",4169,9479
0,"unweighted",4170,3427
0,"unweighted",4171,1413
0,"unweighted",4172,3049
0,"unweighted",4173,5085
0,"unweighted",4174,8550
0,"unweighted",4175,491
0,"unweighted",4176,1202
0,"unweighted",4177,4481
0,"unweighted",4178,3353
0,"unweighted",4179,13793
0,"unweighted",4180,5074
0,"unweighted",4181,5921
0,"unweighted",4182,8562
0,"unweighted",4183,6566
0,"unweighted",4184,9216
0,"unweighted",4185,5072
0,"unweighted",4186,1227
0,"unweighted",4187,11594
0,"unweighted",4188,11591
0,"unweighted",4189,10195
0,"unweighted",4190,5099
0,"unweighted",4191,14119
0,"unweighted",4192,9588
0,"unweighted",4193,9245
0,"unweighted",4194,5108
0,"unweighted",4195,3450
0,"unweighted",4196,1847
0,"unweighted",4197,7416
0,"unweighted",4198,3460
0,"unweighted",4199,10794
0,"unweighted",4200,10192
0,"unweighted",4201,12838
0,"unweighted",4202,11596
0,"unweighted",4203,7402
0,"unweighted",4204,12943
0,"unweighted",4205,7719
0,"unweighted",4206,328
0,"unweighted",4207,3402
0,"unweighted",4208,5119
0,"unweighted",4209,12940
0,"unweighted",4210,6608
0,"unweighted",4211,7709
0,"unweighted",4212,11002
0,"unweighted",4213,2084
0,"unweighted",4214,12874
0,"unweighted",4215,6224
0,"unweighted",4216,10000
0,"unweighted",4217,337
0,"unweighted",4218,13947
0,"unweighted",4219,5120
0,"unweighted",4220,613
0,"unweighted",4221,13833
0,"unweighted",4222,13678
0,"unweighted",4223,4771
0,"unweighted",4224,6241
0,"unweighted",4225,13481
0,"unweighted",4226,11993
0,"unweighted",4227,10851
0,"unweighted",4228,5868
0,"unweighted",4229,903
0,"unweighted",4230,2146
0,"unweighted",4231,6230
0,"unweighted",4232,6955
0,"unweighted",4233,11798
0,"unweighted",4234,6986
0,"unweighted",4235,5648
0,"unweighted",4236,5338
0,"unweighted",4237,6032
0,"unweighted",4238,9613
0,"unweighted",4239,11869
0,"unweighted",4240,2144
0,"unweighted",4241,1530
0,"unweighted",4242,6919
0,"unweighted",4243,2124
0,"unweighted",4244,7007
0,"unweighted",4245,1568
0,"unweighted",4246,10387
0,"unweighted",4247,9114
0,"unweighted",4248,3185
0,"unweighted",4249,2353
0,"unweighted",4250,10568
0,"unweighted",4251,1620
0,"unweighted",4252,197
0,"unweighted",4253,7178
0,"unweighted",4254,12321
0,"unweighted",4255,1680
0,"unweighted",4256,132
0,"unweighted",4257,1067
0,"unweighted",4258,12356
0,"unweighted",4259,11457
0,"unweighted",4260,9154
0,"unweighted",4261,9150
0,"unweighted",4262,11468
0,"unweighted",4263,2941
0,"unweighted",4264,2424
0,"unweighted",4265,9163
0,"unweighted",4266,9651
0,"unweighted",4267,10599
0,"unweighted",4268,7222
0,"unweighted",4269,12358
0,"unweighted",4270,3609
0,"unweighted",4271,2938
0,"unweighted",4272,14033
0,"unweighted",4273,3617
0,"unweighted",4274,6438
0,"unweighted",4275,831
0,"unweighted",4276,828
0,"unweighted",4277,1748
0,"unweighted",4278,12363
0,"unweighted",4279,14022
0,"unweighted",4280,13804
0,"unweighted",4281,4906
0,"unweighted",4282,5248
0,"unweighted",4283,14146
0,"unweighted",4284,13868
0,"unweighted",4285,9051
0,"unweighted",4286,2991
0,"unweighted",4287,9856
0,"unweighted",4288,1147
0,"unweighted",4289,13231
0,"unweighted",4290,2651
0,"unweighted",4291,11428
0,"unweighted",4292,6110
0,"unweighted",4293,2869
0,"unweighted",4294,1323
0,"unweighted",4295,12306
0,"unweighted",4296,7126
0,"unweighted",4297,8294
0,"unweighted",4298,2663
0,"unweighted",4299,10868
0,"unweighted",4300,6488
0,"unweighted",4301,752
0,"unweighted",4302,7434
0,"unweighted",4303,7467
0,"unweighted",4304,12070
0,"unweighted",4305,9967
0,"unweighted",4306,4353
0,"unweighted",4307,12174
0,"unweighted",4308,13885
0,"unweighted",4309,8282
0,"unweighted",4310,8287
0,"unweighted",4311,2510
0,"unweighted",4312,728
0,"unweighted",4313,7262
0,"unweighted",4314,8775
0,"unweighted",4315,6313
0,"unweighted",4316,7811
0,"unweighted",4317,7458
0,"unweighted",4318,12038
0,"unweighted",4319,10024
0,"unweighted",4320,5561
0,"unweighted",4321,10538
0,"unweighted",4322,3535
0,"unweighted",4323,7236
0,"unweighted",4324,4420
0,"unweighted",4325,4157
0,"unweighted",4326,7172
0,"unweighted",4327,6159
0,"unweighted",4328,12106
0,"unweighted",4329,6134
0,"unweighted",4330,7897
0,"unweighted",4331,5228
0,"unweighted",4332,10890
0,"unweighted",4333,13309
0,"unweighted",4334,13823
0,"unweighted",4335,1159
0,"unweighted",4336,6154
0,"unweighted",4337,252
0,"unweighted",4338,12379
0,"unweighted",4339,1664
0,"unweighted",4340,11415
0,"unweighted",4341,4028
0,"unweighted",4342,4409
0,"unweighted",4343,2893
0,"unweighted",4344,13977
0,"unweighted",4345,3529
0,"unweighted",4346,12412
0,"unweighted",4347,12381
0,"unweighted",4348,13244
0,"unweighted",4349,13882
0,"unweighted",4350,7235
0,"unweighted",4351,7498
0,"unweighted",4352,9966
0,"unweighted",4353,12449
0,"unweighted",4354,3166
0,"unweighted",4355,12466
0,"unweighted",4356,8269
0,"unweighted",4357,7252
0,"unweighted",4358,13245
0,"unweighted",4359,11195
0,"unweighted",4360,8414
0,"unweighted",4361,1031
0,"unweighted",4362,4915
0,"unweighted",4363,7231
0,"unweighted",4364,3255
0,"unweighted",4365,5016
0,"unweighted",4366,4610
0,"unweighted",4367,7438
0,"unweighted",4368,2623
0,"unweighted",4369,12448
0,"unweighted",4370,9752
0,"unweighted",4371,10258
0,"unweighted",4372,5906
0,"unweighted",4373,3935
0,"unweighted",4374,13112
0,"unweighted",4375,119
0,"unweighted",4376,1306
0,"unweighted",4377,7924
0,"unweighted",4378,9582
0,"unweighted",4379,6760
0,"unweighted",4380,8231
0,"unweighted",4381,2379
0,"unweighted",4382,7940
0,"unweighted",4383,6823
0,"unweighted",4384,13946
0,"unweighted",4385,2709
0,"unweighted",4386,741
0,"unweighted",4387,4235
0,"unweighted",4388,12071
0,"unweighted",4389,3775
0,"unweighted",4390,1611
0,"unweighted",4391,3999
0,"unweighted",4392,14109
0,"unweighted",4393,2173
0,"unweighted",4394,10149
0,"unweighted",4395,13635
0,"unweighted",4396,13956
0,"unweighted",4397,10286
0,"unweighted",4398,1873
0,"unweighted",4399,10328
0,"unweighted",4400,8184
0,"unweighted",4401,11913
0,"unweighted",4402,13969
0,"unweighted",4403,3380
0,"unweighted",4404,13800
0,"unweighted",4405,12844
0,"unweighted",4406,13024
0,"unweighted",4407,12861
0,"unweighted",4408,2064
0,"unweighted",4409,1866
0,"unweighted",4410,1894
0,"unweighted",4411,1297
0,"unweighted",4412,8922
0,"unweighted",4413,2305
0,"unweighted",4414,9795
0,"unweighted",4415,8925
0,"unweighted",4416,11638
0,"unweighted",4417,11000
0,"unweighted",4418,8939
0,"unweighted",4419,7713
0,"unweighted",4420,10010
0,"unweighted",4421,9604
0,"unweighted",4422,2792
0,"unweighted",4423,1487
0,"unweighted",4424,3502
0,"unweighted",4425,581
0,"unweighted",4426,8793
0,"unweighted",4427,1514
0,"unweighted",4428,3779
0,"unweighted",4429,947
0,"unweighted",4430,9734
0,"unweighted",4431,12711
0,"unweighted",4432,5657
0,"unweighted",4433,9424
0,"unweighted",4434,9619
0,"unweighted",4435,11785
0,"unweighted",4436,11967
0,"unweighted",4437,3850
0,"unweighted",4438,14025
0,"unweighted",4439,2841
0,"unweighted",4440,7086
0,"unweighted",4441,11828
0,"unweighted",4442,10057
0,"unweighted",4443,388
0,"unweighted",4444,12215
0,"unweighted",4445,6907
0,"unweighted",4446,12764
0,"unweighted",4447,8712
0,"unweighted",4448,12237
0,"unweighted",4449,3699
0,"unweighted",4450,10358
0,"unweighted",4451,11815
0,"unweighted",4452,8248
0,"unweighted",4453,11256
0,"unweighted",4454,13889
0,"unweighted",4455,7666
0,"unweighted",4456,13685
0,"unweighted",4457,5362
0,"unweighted",4458,3764
0,"unweighted",4459,3693
0,"unweighted",4460,8650
0,"unweighted",4461,9726
0,"unweighted",4462,5603
0,"unweighted",4463,5786
0,"unweighted",4464,2121
0,"unweighted",4465,3977
0,"unweighted",4466,6005
0,"unweighted",4467,10034
0,"unweighted",4468,8689
0,"unweighted",4469,7626
0,"unweighted",4470,12640
0,"unweighted",4471,2029
0,"unweighted",4472,11143
0,"unweighted",4473,12778
0,"unweighted",4474,6238
0,"unweighted",4475,880
0,"unweighted",4476,4727
0,"unweighted",4477,4679
0,"unweighted",4478,14020
0,"unweighted",4479,867
0,"unweighted",4480,7655
0,"unweighted",4481,12244
0,"unweighted",4482,2207
0,"unweighted",4483,5359
0,"unweighted",4484,6350
0,"unweighted",4485,5760
0,"unweighted",4486,74
0,"unweighted",4487,3828
0,"unweighted",4488,94
0,"unweighted",4489,4212
0,"unweighted",4490,4223
0,"unweighted",4491,14143
0,"unweighted",4492,2660
0,"unweighted",4493,4022
0,"unweighted",4494,12583
0,"unweighted",4495,9109
0,"unweighted",4496,11506
0,"unweighted",4497,13815
0,"unweighted",4498,7492
0,"unweighted",4499,3540
0,"unweighted",4500,13266
0,"unweighted",4501,2657
0,"unweighted",4502,13554
0,"unweighted",4503,6725
0,"unweighted",4504,6371
0,"unweighted",4505,6431
0,"unweighted",4506,10246
0,"unweighted",4507,9593
0,"unweighted",4508,4859
0,"unweighted",4509,6539
0,"unweighted",4510,6211
0,"unweighted",4511,5857
0,"unweighted",4512,3880
0,"unweighted",4513,932
0,"unweighted",4514,3902
0,"unweighted",4515,1921
0,"unweighted",4516,7368
0,"unweighted",4517,11558
0,"unweighted",4518,11557
0,"unweighted",4519,465
0,"unweighted",4520,12553
0,"unweighted",4521,12548
0,"unweighted",4522,11546
0,"unweighted",4523,1836
0,"unweighted",4524,2494
0,"unweighted",4525,5952
0,"unweighted",4526,12547
0,"unweighted",4527,1813
0,"unweighted",4528,1244
0,"unweighted",4529,507
0,"unweighted",4530,5656
0,"unweighted",4531,1250
0,"unweighted",4532,975
0,"unweighted",4533,2327
0,"unweighted",4534,3145
0,"unweighted",4535,3520
0,"unweighted",4536,3152
0,"unweighted",4537,11484
0,"unweighted",4538,7144
0,"unweighted",4539,3521
0,"unweighted",4540,13227
0,"unweighted",4541,8869
0,"unweighted",4542,7100
0,"unweighted",4543,6432
0,"unweighted",4544,10611
0,"unweighted",4545,3607
0,"unweighted",4546,1752
0,"unweighted",4547,1137
0,"unweighted",4548,12345
0,"unweighted",4549,9647
0,"unweighted",4550,14130
0,"unweighted",4551,9935
0,"unweighted",4552,1720
0,"unweighted",4553,11158
0,"unweighted",4554,6190
0,"unweighted",4555,7847
0,"unweighted",4556,7830
0,"unweighted",4557,4374
0,"unweighted",4558,6202
0,"unweighted",4559,12428
0,"unweighted",4560,14050
0,"unweighted",4561,12572
0,"unweighted",4562,12604
0,"unweighted",4563,7435
0,"unweighted",4564,7691
0,"unweighted",4565,1989
0,"unweighted",4566,1981
0,"unweighted",4567,4917
0,"unweighted",4568,12403
0,"unweighted",4569,8420
0,"unweighted",4570,9173
0,"unweighted",4571,12594
0,"unweighted",4572,7853
0,"unweighted",4573,7453
0,"unweighted",4574,6399
0,"unweighted",4575,4914
0,"unweighted",4576,13854
0,"unweighted",4577,2680
0,"unweighted",4578,8560
0,"unweighted",4579,7771
0,"unweighted",4580,6980
0,"unweighted",4581,7471
0,"unweighted",4582,184
0,"unweighted",4583,2554
0,"unweighted",4584,7802
0,"unweighted",4585,12165
0,"unweighted",4586,9672
0,"unweighted",4587,2374
0,"unweighted",4588,5233
0,"unweighted",4589,9085
0,"unweighted",4590,11386
0,"unweighted",4591,2568
0,"unweighted",4592,5380
0,"unweighted",4593,4026
0,"unweighted",4594,7124
0,"unweighted",4595,684
0,"unweighted",4596,4354
0,"unweighted",4597,6148
0,"unweighted",4598,8415
0,"unweighted",4599,734
0,"unweighted",4600,2564
0,"unweighted",4601,12632
0,"unweighted",4602,10672
0,"unweighted",4603,9819
0,"unweighted",4604,6162
0,"unweighted",4605,12290
0,"unweighted",4606,5224
0,"unweighted",4607,274
0,"unweighted",4608,7783
0,"unweighted",4609,4023
0,"unweighted",4610,4601
0,"unweighted",4611,7774
0,"unweighted",4612,11082
0,"unweighted",4613,7242
0,"unweighted",4614,3078
0,"unweighted",4615,11153
0,"unweighted",4616,12645
0,"unweighted",4617,12683
0,"unweighted",4618,10375
0,"unweighted",4619,3095
0,"unweighted",4620,11844
0,"unweighted",4621,591
0,"unweighted",4622,5170
0,"unweighted",4623,2107
0,"unweighted",4624,11770
0,"unweighted",4625,9635
0,"unweighted",4626,10106
0,"unweighted",4627,7088
0,"unweighted",4628,3794
0,"unweighted",4629,97
0,"unweighted",4630,8083
0,"unweighted",4631,8081
0,"unweighted",4632,8763
0,"unweighted",4633,11902
0,"unweighted",4634,8767
0,"unweighted",4635,12836
0,"unweighted",4636,3111
0,"unweighted",4637,7909
0,"unweighted",4638,8766
0,"unweighted",4639,11912
0,"unweighted",4640,13086
0,"unweighted",4641,4228
0,"unweighted",4642,543
0,"unweighted",4643,11899
0,"unweighted",4644,11330
0,"unweighted",4645,5467
0,"unweighted",4646,12092
0,"unweighted",4647,5340
0,"unweighted",4648,13639
0,"unweighted",4649,2230
0,"unweighted",4650,2354
0,"unweighted",4651,2387
0,"unweighted",4652,13656
0,"unweighted",4653,4751
0,"unweighted",4654,2492
0,"unweighted",4655,12002
0,"unweighted",4656,4211
0,"unweighted",4657,11333
0,"unweighted",4658,10
0,"unweighted",4659,6239
0,"unweighted",4660,12090
0,"unweighted",4661,13659
0,"unweighted",4662,12712
0,"unweighted",4663,14169
0,"unweighted",4664,6840
0,"unweighted",4665,3133
0,"unweighted",4666,7937
0,"unweighted",4667,12013
0,"unweighted",4668,2077
0,"unweighted",4669,12017
0,"unweighted",4670,12964
0,"unweighted",4671,12693
0,"unweighted",4672,13143
0,"unweighted",4673,3822
0,"unweighted",4674,12891
0,"unweighted",4675,3136
0,"unweighted",4676,540
0,"unweighted",4677,12681
0,"unweighted",4678,5914
0,"unweighted",4679,12089
0,"unweighted",4680,10491
0,"unweighted",4681,3141
0,"unweighted",4682,10205
0,"unweighted",4683,7583
0,"unweighted",4684,11322
0,"unweighted",4685,2816
0,"unweighted",4686,3913
0,"unweighted",4687,8803
0,"unweighted",4688,5819
0,"unweighted",4689,9005
0,"unweighted",4690,12541
0,"unweighted",4691,4790
0,"unweighted",4692,10311
0,"unweighted",4693,3262
0,"unweighted",4694,11328
0,"unweighted",4695,9000
0,"unweighted",4696,12725
0,"unweighted",4697,8641
0,"unweighted",4698,961
0,"unweighted",4699,620
0,"unweighted",4700,1853
0,"unweighted",4701,5689
0,"unweighted",4702,39
0,"unweighted",4703,13602
0,"unweighted",4704,11482
0,"unweighted",4705,6111
0,"unweighted",4706,1719
0,"unweighted",4707,821
0,"unweighted",4708,5012
0,"unweighted",4709,797
0,"unweighted",4710,786
0,"unweighted",4711,7195
0,"unweighted",4712,9948
0,"unweighted",4713,781
0,"unweighted",4714,4871
0,"unweighted",4715,5720
0,"unweighted",4716,552
0,"unweighted",4717,1080
0,"unweighted",4718,1702
0,"unweighted",4719,4944
0,"unweighted",4720,11074
0,"unweighted",4721,8308
0,"unweighted",4722,1082
0,"unweighted",4723,5719
0,"unweighted",4724,12004
0,"unweighted",4725,3149
0,"unweighted",4726,8256
0,"unweighted",4727,4302
0,"unweighted",4728,2927
0,"unweighted",4729,10536
0,"unweighted",4730,2877
0,"unweighted",4731,4762
0,"unweighted",4732,4408
0,"unweighted",4733,1743
0,"unweighted",4734,5472
0,"unweighted",4735,13862
0,"unweighted",4736,3280
0,"unweighted",4737,4162
0,"unweighted",4738,6708
0,"unweighted",4739,6167
0,"unweighted",4740,4310
0,"unweighted",4741,5485
0,"unweighted",4742,1311
0,"unweighted",4743,4295
0,"unweighted",4744,10196
0,"unweighted",4745,295
0,"unweighted",4746,1852
0,"unweighted",4747,9252
0,"unweighted",4748,1251
0,"unweighted",4749,10798
0,"unweighted",4750,300
0,"unweighted",4751,5599
0,"unweighted",4752,9781
0,"unweighted",4753,10193
0,"unweighted",4754,8423
0,"unweighted",4755,7406
0,"unweighted",4756,8900
0,"unweighted",4757,3455
0,"unweighted",4758,13802
0,"unweighted",4759,6595
0,"unweighted",4760,8200
0,"unweighted",4761,1414
0,"unweighted",4762,11621
0,"unweighted",4763,1610
0,"unweighted",4764,9765
0,"unweighted",4765,4311
0,"unweighted",4766,2301
0,"unweighted",4767,7696
0,"unweighted",4768,9267
0,"unweighted",4769,6223
0,"unweighted",4770,6336
0,"unweighted",4771,333
0,"unweighted",4772,12876
0,"unweighted",4773,3476
0,"unweighted",4774,2313
0,"unweighted",4775,339
0,"unweighted",4776,2897
0,"unweighted",4777,8933
0,"unweighted",4778,13990
0,"unweighted",4779,8924
0,"unweighted",4780,5127
0,"unweighted",4781,6607
0,"unweighted",4782,9776
0,"unweighted",4783,12095
0,"unweighted",4784,8930
0,"unweighted",4785,6631
0,"unweighted",4786,11003
0,"unweighted",4787,4004
0,"unweighted",4788,1294
0,"unweighted",4789,13049
0,"unweighted",4790,12895
0,"unweighted",4791,10022
0,"unweighted",4792,8947
0,"unweighted",4793,11367
0,"unweighted",4794,3028
0,"unweighted",4795,7936
0,"unweighted",4796,924
0,"unweighted",4797,2132
0,"unweighted",4798,7622
0,"unweighted",4799,10084
0,"unweighted",4800,1525
0,"unweighted",4801,9201
0,"unweighted",4802,8652
0,"unweighted",4803,8688
0,"unweighted",4804,11276
0,"unweighted",4805,5895
0,"unweighted",4806,13592
0,"unweighted",4807,7559
0,"unweighted",4808,2186
0,"unweighted",4809,9636
0,"unweighted",4810,12809
0,"unweighted",4811,10045
0,"unweighted",4812,11434
0,"unweighted",4813,12910
0,"unweighted",4814,13566
0,"unweighted",4815,4194
0,"unweighted",4816,8670
0,"unweighted",4817,8960
0,"unweighted",4818,1504
0,"unweighted",4819,4698
0,"unweighted",4820,2026
0,"unweighted",4821,8680
0,"unweighted",4822,12236
0,"unweighted",4823,6387
0,"unweighted",4824,12221
0,"unweighted",4825,13894
0,"unweighted",4826,4187
0,"unweighted",4827,13458
0,"unweighted",4828,12963
0,"unweighted",4829,7005
0,"unweighted",4830,5630
0,"unweighted",4831,5666
0,"unweighted",4832,392
0,"unweighted",4833,3757
0,"unweighted",4834,9950
0,"unweighted",4835,7507
0,"unweighted",4836,8022
0,"unweighted",4837,4688
0,"unweighted",4838,6786
0,"unweighted",4839,14007
0,"unweighted",4840,10042
0,"unweighted",4841,5670
0,"unweighted",4842,11273
0,"unweighted",4843,8710
0,"unweighted",4844,10361
0,"unweighted",4845,1378
0,"unweighted",4846,941
0,"unweighted",4847,2268
0,"unweighted",4848,13705
0,"unweighted",4849,1540
0,"unweighted",4850,12658
0,"unweighted",4851,9513
0,"unweighted",4852,3701
0,"unweighted",4853,8030
0,"unweighted",4854,7961
0,"unweighted",4855,5759
0,"unweighted",4856,4319
0,"unweighted",4857,1517
0,"unweighted",4858,6657
0,"unweighted",4859,3715
0,"unweighted",4860,13603
0,"unweighted",4861,5897
0,"unweighted",4862,8681
0,"unweighted",4863,10921
0,"unweighted",4864,892
0,"unweighted",4865,7587
0,"unweighted",4866,2606
0,"unweighted",4867,9696
0,"unweighted",4868,13911
0,"unweighted",4869,3848
0,"unweighted",4870,11
0,"unweighted",4871,7008
0,"unweighted",4872,4728
0,"unweighted",4873,2557
0,"unweighted",4874,5269
0,"unweighted",4875,11939
0,"unweighted",4876,8697
0,"unweighted",4877,10913
0,"unweighted",4878,9667
0,"unweighted",4879,3756
0,"unweighted",4880,6003
0,"unweighted",4881,12587
0,"unweighted",4882,10667
0,"unweighted",4883,1906
0,"unweighted",4884,3564
0,"unweighted",4885,6499
0,"unweighted",4886,2631
0,"unweighted",4887,3183
0,"unweighted",4888,12445
0,"unweighted",4889,3987
0,"unweighted",4890,5471
0,"unweighted",4891,7228
0,"unweighted",4892,3661
0,"unweighted",4893,5234
0,"unweighted",4894,1937
0,"unweighted",4895,6407
0,"unweighted",4896,12274
0,"unweighted",4897,2504
0,"unweighted",4898,247
0,"unweighted",4899,9970
0,"unweighted",4900,10044
0,"unweighted",4901,10713
0,"unweighted",4902,11369
0,"unweighted",4903,6707
0,"unweighted",4904,8418
0,"unweighted",4905,5201
0,"unweighted",4906,2380
0,"unweighted",4907,8833
0,"unweighted",4908,7091
0,"unweighted",4909,4034
0,"unweighted",4910,2239
0,"unweighted",4911,9506
0,"unweighted",4912,2808
0,"unweighted",4913,5859
0,"unweighted",4914,9211
0,"unweighted",4915,1455
0,"unweighted",4916,1544
0,"unweighted",4917,9801
0,"unweighted",4918,10430
0,"unweighted",4919,11959
0,"unweighted",4920,5923
0,"unweighted",4921,2281
0,"unweighted",4922,7740
0,"unweighted",4923,13430
0,"unweighted",4924,13474
0,"unweighted",4925,949
0,"unweighted",4926,2406
0,"unweighted",4927,8072
0,"unweighted",4928,7608
0,"unweighted",4929,10104
0,"unweighted",4930,8095
0,"unweighted",4931,10306
0,"unweighted",4932,483
0,"unweighted",4933,2484
0,"unweighted",4934,11545
0,"unweighted",4935,5087
0,"unweighted",4936,8880
0,"unweighted",4937,5097
0,"unweighted",4938,12980
0,"unweighted",4939,10166
0,"unweighted",4940,9225
0,"unweighted",4941,1816
0,"unweighted",4942,10158
0,"unweighted",4943,11585
0,"unweighted",4944,5073
0,"unweighted",4945,5451
0,"unweighted",4946,7538
0,"unweighted",4947,490
0,"unweighted",4948,7954
0,"unweighted",4949,1222
0,"unweighted",4950,474
0,"unweighted",4951,5098
0,"unweighted",4952,481
0,"unweighted",4953,2924
0,"unweighted",4954,2338
0,"unweighted",4955,10183
0,"unweighted",4956,4225
0,"unweighted",4957,806
0,"unweighted",4958,11172
0,"unweighted",4959,4897
0,"unweighted",4960,11085
0,"unweighted",4961,6160
0,"unweighted",4962,8430
0,"unweighted",4963,10507
0,"unweighted",4964,5125
0,"unweighted",4965,6192
0,"unweighted",4966,11622
0,"unweighted",4967,5232
0,"unweighted",4968,2985
0,"unweighted",4969,1424
0,"unweighted",4970,5499
0,"unweighted",4971,10645
0,"unweighted",4972,4134
0,"unweighted",4973,7778
0,"unweighted",4974,7767
0,"unweighted",4975,9238
0,"unweighted",4976,4144
0,"unweighted",4977,9890
0,"unweighted",4978,6312
0,"unweighted",4979,10870
0,"unweighted",4980,9821
0,"unweighted",4981,9700
0,"unweighted",4982,7776
0,"unweighted",4983,4016
0,"unweighted",4984,1953
0,"unweighted",4985,7138
0,"unweighted",4986,6163
0,"unweighted",4987,8278
0,"unweighted",4988,7768
0,"unweighted",4989,13344
0,"unweighted",4990,7761
0,"unweighted",4991,6414
0,"unweighted",4992,14083
0,"unweighted",4993,4603
0,"unweighted",4994,233
0,"unweighted",4995,12625
0,"unweighted",4996,2525
0,"unweighted",4997,11699
0,"unweighted",4998,11523
0,"unweighted",4999,1370
0,"unweighted",5000,11679
0,"unweighted",5001,6710
0,"unweighted",5002,765
0,"unweighted",5003,7905
0,"unweighted",5004,7480
0,"unweighted",5005,6142
0,"unweighted",5006,4024
0,"unweighted",5007,10696
0,"unweighted",5008,8426
0,"unweighted",5009,4014
0,"unweighted",5010,1160
0,"unweighted",5011,11684
0,"unweighted",5012,11231
0,"unweighted",5013,9192
0,"unweighted",5014,10878
0,"unweighted",5015,9348
0,"unweighted",5016,11227
0,"unweighted",5017,668
0,"unweighted",5018,12596
0,"unweighted",5019,6131
0,"unweighted",5020,9872
0,"unweighted",5021,3204
0,"unweighted",5022,2629
0,"unweighted",5023,3304
0,"unweighted",5024,12597
0,"unweighted",5025,11514
0,"unweighted",5026,10677
0,"unweighted",5027,6050
0,"unweighted",5028,4090
0,"unweighted",5029,1653
0,"unweighted",5030,4317
0,"unweighted",5031,148
0,"unweighted",5032,11401
0,"unweighted",5033,9963
0,"unweighted",5034,9698
0,"unweighted",5035,9952
0,"unweighted",5036,1330
0,"unweighted",5037,168
0,"unweighted",5038,691
0,"unweighted",5039,11193
0,"unweighted",5040,6705
0,"unweighted",5041,4173
0,"unweighted",5042,7813
0,"unweighted",5043,9041
0,"unweighted",5044,4956
0,"unweighted",5045,6493
0,"unweighted",5046,11349
0,"unweighted",5047,5618
0,"unweighted",5048,411
0,"unweighted",5049,4178
0,"unweighted",5050,13478
0,"unweighted",5051,11271
0,"unweighted",5052,44
0,"unweighted",5053,2575
0,"unweighted",5054,13459
0,"unweighted",5055,3683
0,"unweighted",5056,9467
0,"unweighted",5057,10316
0,"unweighted",5058,6787
0,"unweighted",5059,11295
0,"unweighted",5060,8769
0,"unweighted",5061,7648
0,"unweighted",5062,7065
0,"unweighted",5063,2189
0,"unweighted",5064,1511
0,"unweighted",5065,6949
0,"unweighted",5066,2773
0,"unweighted",5067,37
0,"unweighted",5068,29
0,"unweighted",5069,654
0,"unweighted",5070,12765
0,"unweighted",5071,1404
0,"unweighted",5072,11896
0,"unweighted",5073,3112
0,"unweighted",5074,2055
0,"unweighted",5075,780
0,"unweighted",5076,2723
0,"unweighted",5077,10253
0,"unweighted",5078,3805
0,"unweighted",5079,5904
0,"unweighted",5080,1470
0,"unweighted",5081,7591
0,"unweighted",5082,2746
0,"unweighted",5083,3826
0,"unweighted",5084,10207
0,"unweighted",5085,4255
0,"unweighted",5086,13211
0,"unweighted",5087,7028
0,"unweighted",5088,6915
0,"unweighted",5089,8676
0,"unweighted",5090,2215
0,"unweighted",5091,11979
0,"unweighted",5092,9773
0,"unweighted",5093,1456
0,"unweighted",5094,2830
0,"unweighted",5095,2744
0,"unweighted",5096,549
0,"unweighted",5097,6259
0,"unweighted",5098,12021
0,"unweighted",5099,9408
0,"unweighted",5100,4702
0,"unweighted",5101,13959
0,"unweighted",5102,2763
0,"unweighted",5103,3118
0,"unweighted",5104,4238
0,"unweighted",5105,7582
0,"unweighted",5106,7533
0,"unweighted",5107,512
0,"unweighted",5108,13949
0,"unweighted",5109,13472
0,"unweighted",5110,7082
0,"unweighted",5111,9332
0,"unweighted",5112,13544
0,"unweighted",5113,1838
0,"unweighted",5114,3044
0,"unweighted",5115,10054
0,"unweighted",5116,13752
0,"unweighted",5117,7059
0,"unweighted",5118,569
0,"unweighted",5119,7577
0,"unweighted",5120,952
0,"unweighted",5121,5823
0,"unweighted",5122,12662
0,"unweighted",5123,1617
0,"unweighted",5124,3022
0,"unweighted",5125,13953
0,"unweighted",5126,4290
0,"unweighted",5127,10271
0,"unweighted",5128,1601
0,"unweighted",5129,7515
0,"unweighted",5130,6834
0,"unweighted",5131,7566
0,"unweighted",5132,2373
0,"unweighted",5133,6369
0,"unweighted",5134,5887
0,"unweighted",5135,2399
0,"unweighted",5136,11775
0,"unweighted",5137,1111
0,"unweighted",5138,1226
0,"unweighted",5139,10093
0,"unweighted",5140,11304
0,"unweighted",5141,3071
0,"unweighted",5142,2063
0,"unweighted",5143,12959
0,"unweighted",5144,6381
0,"unweighted",5145,13341
0,"unweighted",5146,12814
0,"unweighted",5147,11964
0,"unweighted",5148,11147
0,"unweighted",5149,2036
0,"unweighted",5150,3689
0,"unweighted",5151,4586
0,"unweighted",5152,3766
0,"unweighted",5153,5848
0,"unweighted",5154,10085
0,"unweighted",5155,5314
0,"unweighted",5156,2158
0,"unweighted",5157,2590
0,"unweighted",5158,10105
0,"unweighted",5159,11789
0,"unweighted",5160,9559
0,"unweighted",5161,7645
0,"unweighted",5162,2152
0,"unweighted",5163,5310
0,"unweighted",5164,633
0,"unweighted",5165,8061
0,"unweighted",5166,2287
0,"unweighted",5167,6021
0,"unweighted",5168,6782
0,"unweighted",5169,6983
0,"unweighted",5170,11978
0,"unweighted",5171,611
0,"unweighted",5172,5652
0,"unweighted",5173,9536
0,"unweighted",5174,6890
0,"unweighted",5175,648
0,"unweighted",5176,12724
0,"unweighted",5177,2140
0,"unweighted",5178,6893
0,"unweighted",5179,5294
0,"unweighted",5180,68
0,"unweighted",5181,4201
0,"unweighted",5182,8849
0,"unweighted",5183,8860
0,"unweighted",5184,4687
0,"unweighted",5185,7552
0,"unweighted",5186,5766
0,"unweighted",5187,2039
0,"unweighted",5188,9901
0,"unweighted",5189,11071
0,"unweighted",5190,11072
0,"unweighted",5191,9121
0,"unweighted",5192,3519
0,"unweighted",5193,13737
0,"unweighted",5194,9033
0,"unweighted",5195,2858
0,"unweighted",5196,4242
0,"unweighted",5197,1371
0,"unweighted",5198,10689
0,"unweighted",5199,2514
0,"unweighted",5200,2622
0,"unweighted",5201,12933
0,"unweighted",5202,10821
0,"unweighted",5203,7268
0,"unweighted",5204,11392
0,"unweighted",5205,5546
0,"unweighted",5206,9120
0,"unweighted",5207,7862
0,"unweighted",5208,12460
0,"unweighted",5209,12158
0,"unweighted",5210,9086
0,"unweighted",5211,4881
0,"unweighted",5212,219
0,"unweighted",5213,183
0,"unweighted",5214,12101
0,"unweighted",5215,14055
0,"unweighted",5216,14144
0,"unweighted",5217,1074
0,"unweighted",5218,6679
0,"unweighted",5219,12301
0,"unweighted",5220,1997
0,"unweighted",5221,3691
0,"unweighted",5222,4287
0,"unweighted",5223,13975
0,"unweighted",5224,9728
0,"unweighted",5225,8297
0,"unweighted",5226,5350
0,"unweighted",5227,5461
0,"unweighted",5228,978
0,"unweighted",5229,2855
0,"unweighted",5230,6215
0,"unweighted",5231,2811
0,"unweighted",5232,11795
0,"unweighted",5233,7519
0,"unweighted",5234,10726
0,"unweighted",5235,7345
0,"unweighted",5236,3333
0,"unweighted",5237,7071
0,"unweighted",5238,14152
0,"unweighted",5239,4400
0,"unweighted",5240,3429
0,"unweighted",5241,10209
0,"unweighted",5242,1436
0,"unweighted",5243,10763
0,"unweighted",5244,6549
0,"unweighted",5245,4080
0,"unweighted",5246,7367
0,"unweighted",5247,5456
0,"unweighted",5248,5093
0,"unweighted",5249,11540
0,"unweighted",5250,11580
0,"unweighted",5251,1534
0,"unweighted",5252,480
0,"unweighted",5253,1826
0,"unweighted",5254,8219
0,"unweighted",5255,9484
0,"unweighted",5256,6331
0,"unweighted",5257,12717
0,"unweighted",5258,5100
0,"unweighted",5259,6334
0,"unweighted",5260,9241
0,"unweighted",5261,1848
0,"unweighted",5262,8257
0,"unweighted",5263,5102
0,"unweighted",5264,307
0,"unweighted",5265,6592
0,"unweighted",5266,10807
0,"unweighted",5267,11113
0,"unweighted",5268,13798
0,"unweighted",5269,7592
0,"unweighted",5270,2407
0,"unweighted",5271,3475
0,"unweighted",5272,323
0,"unweighted",5273,2312
0,"unweighted",5274,13981
0,"unweighted",5275,9603
0,"unweighted",5276,1889
0,"unweighted",5277,11663
0,"unweighted",5278,3401
0,"unweighted",5279,6609
0,"unweighted",5280,1286
0,"unweighted",5281,1899
0,"unweighted",5282,4847
0,"unweighted",5283,7840
0,"unweighted",5284,13991
0,"unweighted",5285,9295
0,"unweighted",5286,5997
0,"unweighted",5287,3404
0,"unweighted",5288,1912
0,"unweighted",5289,11620
0,"unweighted",5290,2444
0,"unweighted",5291,5688
0,"unweighted",5292,11879
0,"unweighted",5293,1562
0,"unweighted",5294,9496
0,"unweighted",5295,5849
0,"unweighted",5296,1091
0,"unweighted",5297,10074
0,"unweighted",5298,7054
0,"unweighted",5299,7646
0,"unweighted",5300,6180
0,"unweighted",5301,9629
0,"unweighted",5302,10447
0,"unweighted",5303,7665
0,"unweighted",5304,11769
0,"unweighted",5305,408
0,"unweighted",5306,2149
0,"unweighted",5307,10629
0,"unweighted",5308,3884
0,"unweighted",5309,5638
0,"unweighted",5310,2095
0,"unweighted",5311,12206
0,"unweighted",5312,13604
0,"unweighted",5313,2848
0,"unweighted",5314,5627
0,"unweighted",5315,8657
0,"unweighted",5316,11779
0,"unweighted",5317,3099
0,"unweighted",5318,13805
0,"unweighted",5319,4193
0,"unweighted",5320,9320
0,"unweighted",5321,5892
0,"unweighted",5322,936
0,"unweighted",5323,13701
0,"unweighted",5324,11261
0,"unweighted",5325,10061
0,"unweighted",5326,6235
0,"unweighted",5327,3410
0,"unweighted",5328,13743
0,"unweighted",5329,11474
0,"unweighted",5330,6465
0,"unweighted",5331,6440
0,"unweighted",5332,809
0,"unweighted",5333,3637
0,"unweighted",5334,12350
0,"unweighted",5335,2419
0,"unweighted",5336,8378
0,"unweighted",5337,1136
0,"unweighted",5338,3625
0,"unweighted",5339,12367
0,"unweighted",5340,4394
0,"unweighted",5341,12369
0,"unweighted",5342,5545
0,"unweighted",5343,7824
0,"unweighted",5344,3665
0,"unweighted",5345,9108
0,"unweighted",5346,8488
0,"unweighted",5347,5017
0,"unweighted",5348,7149
0,"unweighted",5349,1146
0,"unweighted",5350,13845
0,"unweighted",5351,2544
0,"unweighted",5352,12450
0,"unweighted",5353,2617
0,"unweighted",5354,1627
0,"unweighted",5355,2965
0,"unweighted",5356,253
0,"unweighted",5357,12181
0,"unweighted",5358,12383
0,"unweighted",5359,170
0,"unweighted",5360,13875
0,"unweighted",5361,11190
0,"unweighted",5362,10659
0,"unweighted",5363,12390
0,"unweighted",5364,7899
0,"unweighted",5365,1626
0,"unweighted",5366,1043
0,"unweighted",5367,6079
0,"unweighted",5368,3541
0,"unweighted",5369,14082
0,"unweighted",5370,4635
0,"unweighted",5371,4461
0,"unweighted",5372,11382
0,"unweighted",5373,12149
0,"unweighted",5374,9361
0,"unweighted",5375,12176
0,"unweighted",5376,11208
0,"unweighted",5377,7872
0,"unweighted",5378,3268
0,"unweighted",5379,10675
0,"unweighted",5380,11211
0,"unweighted",5381,3214
0,"unweighted",5382,5841
0,"unweighted",5383,4563
0,"unweighted",5384,9084
0,"unweighted",5385,1367
0,"unweighted",5386,6060
0,"unweighted",5387,12295
0,"unweighted",5388,672
0,"unweighted",5389,10032
0,"unweighted",5390,4165
0,"unweighted",5391,3307
0,"unweighted",5392,4093
0,"unweighted",5393,7476
0,"unweighted",5394,4348
0,"unweighted",5395,5582
0,"unweighted",5396,5580
0,"unweighted",5397,2643
0,"unweighted",5398,2895
0,"unweighted",5399,7227
0,"unweighted",5400,3202
0,"unweighted",5401,9366
0,"unweighted",5402,9060
0,"unweighted",5403,173
0,"unweighted",5404,5903
0,"unweighted",5405,2155
0,"unweighted",5406,2100
0,"unweighted",5407,10041
0,"unweighted",5408,4711
0,"unweighted",5409,8673
0,"unweighted",5410,3713
0,"unweighted",5411,12691
0,"unweighted",5412,5283
0,"unweighted",5413,14014
0,"unweighted",5414,9435
0,"unweighted",5415,11944
0,"unweighted",5416,11958
0,"unweighted",5417,12252
0,"unweighted",5418,2111
0,"unweighted",5419,6240
0,"unweighted",5420,895
0,"unweighted",5421,4758
0,"unweighted",5422,6802
0,"unweighted",5423,5361
0,"unweighted",5424,5292
0,"unweighted",5425,11996
0,"unweighted",5426,11857
0,"unweighted",5427,13696
0,"unweighted",5428,10229
0,"unweighted",5429,8743
0,"unweighted",5430,6245
0,"unweighted",5431,3814
0,"unweighted",5432,13624
0,"unweighted",5433,4941
0,"unweighted",5434,3816
0,"unweighted",5435,5818
0,"unweighted",5436,1640
0,"unweighted",5437,5681
0,"unweighted",5438,960
0,"unweighted",5439,9474
0,"unweighted",5440,8948
0,"unweighted",5441,12080
0,"unweighted",5442,12062
0,"unweighted",5443,1440
0,"unweighted",5444,6867
0,"unweighted",5445,13581
0,"unweighted",5446,556
0,"unweighted",5447,13647
0,"unweighted",5448,4863
0,"unweighted",5449,4858
0,"unweighted",5450,6191
0,"unweighted",5451,5164
0,"unweighted",5452,9244
0,"unweighted",5453,6540
0,"unweighted",5454,9137
0,"unweighted",5455,2218
0,"unweighted",5456,12045
0,"unweighted",5457,13077
0,"unweighted",5458,5377
0,"unweighted",5459,14002
0,"unweighted",5460,1145
0,"unweighted",5461,12291
0,"unweighted",5462,9956
0,"unweighted",5463,7446
0,"unweighted",5464,9187
0,"unweighted",5465,11606
0,"unweighted",5466,757
0,"unweighted",5467,2535
0,"unweighted",5468,4615
0,"unweighted",5469,4104
0,"unweighted",5470,3297
0,"unweighted",5471,14060
0,"unweighted",5472,6382
0,"unweighted",5473,7819
0,"unweighted",5474,6385
0,"unweighted",5475,9841
0,"unweighted",5476,10640
0,"unweighted",5477,984
0,"unweighted",5478,3659
0,"unweighted",5479,10654
0,"unweighted",5480,7106
0,"unweighted",5481,9069
0,"unweighted",5482,13368
0,"unweighted",5483,704
0,"unweighted",5484,9959
0,"unweighted",5485,4440
0,"unweighted",5486,6716
0,"unweighted",5487,4609
0,"unweighted",5488,3543
0,"unweighted",5489,1632
0,"unweighted",5490,1693
0,"unweighted",5491,4117
0,"unweighted",5492,6144
0,"unweighted",5493,4140
0,"unweighted",5494,4153
0,"unweighted",5495,12143
0,"unweighted",5496,6395
0,"unweighted",5497,1021
0,"unweighted",5498,4920
0,"unweighted",5499,5494
0,"unweighted",5500,6711
0,"unweighted",5501,525
0,"unweighted",5502,3720
0,"unweighted",5503,7344
0,"unweighted",5504,11773
0,"unweighted",5505,12672
0,"unweighted",5506,11142
0,"unweighted",5507,10956
0,"unweighted",5508,10948
0,"unweighted",5509,10239
0,"unweighted",5510,6902
0,"unweighted",5511,196
0,"unweighted",5512,6575
0,"unweighted",5513,1839
0,"unweighted",5514,4076
0,"unweighted",5515,1220
0,"unweighted",5516,7377
0,"unweighted",5517,4489
0,"unweighted",5518,5961
0,"unweighted",5519,1828
0,"unweighted",5520,4068
0,"unweighted",5521,5968
0,"unweighted",5522,11565
0,"unweighted",5523,509
0,"unweighted",5524,12842
0,"unweighted",5525,5104
0,"unweighted",5526,6220
0,"unweighted",5527,338
0,"unweighted",5528,1285
0,"unweighted",5529,1298
0,"unweighted",5530,11011
0,"unweighted",5531,8146
0,"unweighted",5532,6222
0,"unweighted",5533,11675
0,"unweighted",5534,10117
0,"unweighted",5535,1507
0,"unweighted",5536,5960
0,"unweighted",5537,6803
0,"unweighted",5538,4202
0,"unweighted",5539,582
0,"unweighted",5540,7647
0,"unweighted",5541,43
0,"unweighted",5542,5889
0,"unweighted",5543,4682
0,"unweighted",5544,3877
0,"unweighted",5545,9314
0,"unweighted",5546,655
0,"unweighted",5547,3696
0,"unweighted",5548,67
0,"unweighted",5549,7527
0,"unweighted",5550,5347
0,"unweighted",5551,3559
0,"unweighted",5552,123
0,"unweighted",5553,4365
0,"unweighted",5554,9147
0,"unweighted",5555,2446
0,"unweighted",5556,7184
0,"unweighted",5557,1124
0,"unweighted",5558,6098
0,"unweighted",5559,3606
0,"unweighted",5560,13145
0,"unweighted",5561,14137
0,"unweighted",5562,4946
0,"unweighted",5563,3638
0,"unweighted",5564,6674
0,"unweighted",5565,9988
0,"unweighted",5566,3295
0,"unweighted",5567,13813
0,"unweighted",5568,4431
0,"unweighted",5569,146
0,"unweighted",5570,10768
0,"unweighted",5571,12457
0,"unweighted",5572,7810
0,"unweighted",5573,5401
0,"unweighted",5574,9883
0,"unweighted",5575,10660
0,"unweighted",5576,4629
0,"unweighted",5577,986
0,"unweighted",5578,8313
0,"unweighted",5579,2960
0,"unweighted",5580,12737
0,"unweighted",5581,6169
0,"unweighted",5582,268
0,"unweighted",5583,12322
0,"unweighted",5584,10503
0,"unweighted",5585,7093
0,"unweighted",5586,3144
0,"unweighted",5587,12327
0,"unweighted",5588,6750
0,"unweighted",5589,209
0,"unweighted",5590,2857
0,"unweighted",5591,3419
0,"unweighted",5592,7096
0,"unweighted",5593,12465
0,"unweighted",5594,10642
0,"unweighted",5595,11530
0,"unweighted",5596,10813
0,"unweighted",5597,1143
0,"unweighted",5598,5198
0,"unweighted",5599,985
0,"unweighted",5600,1670
0,"unweighted",5601,3651
0,"unweighted",5602,10129
0,"unweighted",5603,5509
0,"unweighted",5604,1529
0,"unweighted",5605,3593
0,"unweighted",5606,84
0,"unweighted",5607,12207
0,"unweighted",5608,7321
0,"unweighted",5609,5872
0,"unweighted",5610,9805
0,"unweighted",5611,2563
0,"unweighted",5612,12952
0,"unweighted",5613,13762
0,"unweighted",5614,7744
0,"unweighted",5615,13589
0,"unweighted",5616,12502
0,"unweighted",5617,11932
0,"unweighted",5618,2603
0,"unweighted",5619,10426
0,"unweighted",5620,5308
0,"unweighted",5621,10165
0,"unweighted",5622,12532
0,"unweighted",5623,3430
0,"unweighted",5624,4360
0,"unweighted",5625,6324
0,"unweighted",5626,11100
0,"unweighted",5627,1217
0,"unweighted",5628,10785
0,"unweighted",5629,1235
0,"unweighted",5630,12518
0,"unweighted",5631,10749
0,"unweighted",5632,11549
0,"unweighted",5633,11563
0,"unweighted",5634,4832
0,"unweighted",5635,13739
0,"unweighted",5636,3347
0,"unweighted",5637,5965
0,"unweighted",5638,3437
0,"unweighted",5639,511
0,"unweighted",5640,567
0,"unweighted",5641,496
0,"unweighted",5642,1211
0,"unweighted",5643,10173
0,"unweighted",5644,9412
0,"unweighted",5645,5450
0,"unweighted",5646,4983
0,"unweighted",5647,7369
0,"unweighted",5648,6569
0,"unweighted",5649,1863
0,"unweighted",5650,10194
0,"unweighted",5651,8118
0,"unweighted",5652,3443
0,"unweighted",5653,2774
0,"unweighted",5654,5124
0,"unweighted",5655,12872
0,"unweighted",5656,1878
0,"unweighted",5657,801
0,"unweighted",5658,5992
0,"unweighted",5659,9597
0,"unweighted",5660,11665
0,"unweighted",5661,8143
0,"unweighted",5662,3485
0,"unweighted",5663,1283
0,"unweighted",5664,340
0,"unweighted",5665,11655
0,"unweighted",5666,1880
0,"unweighted",5667,11223
0,"unweighted",5668,1755
0,"unweighted",5669,1900
0,"unweighted",5670,8151
0,"unweighted",5671,4572
0,"unweighted",5672,9287
0,"unweighted",5673,10025
0,"unweighted",5674,4970
0,"unweighted",5675,6020
0,"unweighted",5676,2193
0,"unweighted",5677,642
0,"unweighted",5678,877
0,"unweighted",5679,10327
0,"unweighted",5680,929
0,"unweighted",5681,8726
0,"unweighted",5682,4739
0,"unweighted",5683,379
0,"unweighted",5684,10968
0,"unweighted",5685,1740
0,"unweighted",5686,14
0,"unweighted",5687,9511
0,"unweighted",5688,5650
0,"unweighted",5689,4203
0,"unweighted",5690,4735
0,"unweighted",5691,8794
0,"unweighted",5692,13897
0,"unweighted",5693,10082
0,"unweighted",5694,2593
0,"unweighted",5695,2434
0,"unweighted",5696,13707
0,"unweighted",5697,10068
0,"unweighted",5698,6978
0,"unweighted",5699,11277
0,"unweighted",5700,12229
0,"unweighted",5701,13692
0,"unweighted",5702,1936
0,"unweighted",5703,13688
0,"unweighted",5704,13669
0,"unweighted",5705,9322
0,"unweighted",5706,2445
0,"unweighted",5707,7256
0,"unweighted",5708,1392
0,"unweighted",5709,7023
0,"unweighted",5710,11985
0,"unweighted",5711,12771
0,"unweighted",5712,2573
0,"unweighted",5713,9553
0,"unweighted",5714,881
0,"unweighted",5715,3873
0,"unweighted",5716,10354
0,"unweighted",5717,3639
0,"unweighted",5718,12738
0,"unweighted",5719,7680
0,"unweighted",5720,7673
0,"unweighted",5721,3840
0,"unweighted",5722,13694
0,"unweighted",5723,6972
0,"unweighted",5724,3697
0,"unweighted",5725,3755
0,"unweighted",5726,5301
0,"unweighted",5727,5610
0,"unweighted",5728,7196
0,"unweighted",5729,9306
0,"unweighted",5730,1519
0,"unweighted",5731,12806
0,"unweighted",5732,7978
0,"unweighted",5733,1933
0,"unweighted",5734,4756
0,"unweighted",5735,3086
0,"unweighted",5736,864
0,"unweighted",5737,8684
0,"unweighted",5738,12368
0,"unweighted",5739,1749
0,"unweighted",5740,10634
0,"unweighted",5741,8315
0,"unweighted",5742,3998
0,"unweighted",5743,5022
0,"unweighted",5744,2656
0,"unweighted",5745,3292
0,"unweighted",5746,5180
0,"unweighted",5747,1348
0,"unweighted",5748,9357
0,"unweighted",5749,13827
0,"unweighted",5750,10684
0,"unweighted",5751,1667
0,"unweighted",5752,8462
0,"unweighted",5753,7758
0,"unweighted",5754,6713
0,"unweighted",5755,11531
0,"unweighted",5756,5555
0,"unweighted",5757,9851
0,"unweighted",5758,14075
0,"unweighted",5759,718
0,"unweighted",5760,3982
0,"unweighted",5761,10867
0,"unweighted",5762,7801
0,"unweighted",5763,12929
0,"unweighted",5764,4003
0,"unweighted",5765,1062
0,"unweighted",5766,9301
0,"unweighted",5767,12554
0,"unweighted",5768,12416
0,"unweighted",5769,6171
0,"unweighted",5770,3544
0,"unweighted",5771,9681
0,"unweighted",5772,7851
0,"unweighted",5773,7428
0,"unweighted",5774,5185
0,"unweighted",5775,1761
0,"unweighted",5776,7877
0,"unweighted",5777,1179
0,"unweighted",5778,1372
0,"unweighted",5779,1034
0,"unweighted",5780,751
0,"unweighted",5781,7233
0,"unweighted",5782,4494
0,"unweighted",5783,9368
0,"unweighted",5784,7431
0,"unweighted",5785,12152
0,"unweighted",5786,12310
0,"unweighted",5787,6174
0,"unweighted",5788,11189
0,"unweighted",5789,6315
0,"unweighted",5790,8461
0,"unweighted",5791,7484
0,"unweighted",5792,2683
0,"unweighted",5793,4438
0,"unweighted",5794,5390
0,"unweighted",5795,14041
0,"unweighted",5796,1256
0,"unweighted",5797,11412
0,"unweighted",5798,12459
0,"unweighted",5799,6073
0,"unweighted",5800,995
0,"unweighted",5801,697
0,"unweighted",5802,11184
0,"unweighted",5803,1050
0,"unweighted",5804,1763
0,"unweighted",5805,13878
0,"unweighted",5806,4631
0,"unweighted",5807,990
0,"unweighted",5808,13512
0,"unweighted",5809,5392
0,"unweighted",5810,9980
0,"unweighted",5811,11376
0,"unweighted",5812,9840
0,"unweighted",5813,12398
0,"unweighted",5814,8696
0,"unweighted",5815,3054
0,"unweighted",5816,103
0,"unweighted",5817,95
0,"unweighted",5818,11894
0,"unweighted",5819,9750
0,"unweighted",5820,13652
0,"unweighted",5821,2728
0,"unweighted",5822,4787
0,"unweighted",5823,12652
0,"unweighted",5824,7512
0,"unweighted",5825,9456
0,"unweighted",5826,6769
0,"unweighted",5827,6249
0,"unweighted",5828,3464
0,"unweighted",5829,10450
0,"unweighted",5830,8216
0,"unweighted",5831,12692
0,"unweighted",5832,5649
0,"unweighted",5833,7958
0,"unweighted",5834,10957
0,"unweighted",5835,8786
0,"unweighted",5836,11934
0,"unweighted",5837,9008
0,"unweighted",5838,125
0,"unweighted",5839,9485
0,"unweighted",5840,12056
0,"unweighted",5841,3959
0,"unweighted",5842,1865
0,"unweighted",5843,11318
0,"unweighted",5844,334
0,"unweighted",5845,12664
0,"unweighted",5846,13321
0,"unweighted",5847,12675
0,"unweighted",5848,4656
0,"unweighted",5849,2222
0,"unweighted",5850,5953
0,"unweighted",5851,7681
0,"unweighted",5852,5447
0,"unweighted",5853,11673
0,"unweighted",5854,1033
0,"unweighted",5855,3094
0,"unweighted",5856,11112
0,"unweighted",5857,2403
0,"unweighted",5858,3470
0,"unweighted",5859,12758
0,"unweighted",5860,7549
0,"unweighted",5861,10292
0,"unweighted",5862,1485
0,"unweighted",5863,3946
0,"unweighted",5864,4836
0,"unweighted",5865,8156
0,"unweighted",5866,970
0,"unweighted",5867,10598
0,"unweighted",5868,5199
0,"unweighted",5869,13073
0,"unweighted",5870,14168
0,"unweighted",5871,2355
0,"unweighted",5872,4221
0,"unweighted",5873,9813
0,"unweighted",5874,5460
0,"unweighted",5875,9908
0,"unweighted",5876,4877
0,"unweighted",5877,4826
0,"unweighted",5878,12801
0,"unweighted",5879,8024
0,"unweighted",5880,1922
0,"unweighted",5881,9421
0,"unweighted",5882,12253
0,"unweighted",5883,10037
0,"unweighted",5884,2835
0,"unweighted",5885,8656
0,"unweighted",5886,3830
0,"unweighted",5887,11057
0,"unweighted",5888,4732
0,"unweighted",5889,7639
0,"unweighted",5890,10898
0,"unweighted",5891,7684
0,"unweighted",5892,4747
0,"unweighted",5893,7627
0,"unweighted",5894,592
0,"unweighted",5895,7610
0,"unweighted",5896,12760
0,"unweighted",5897,3760
0,"unweighted",5898,1543
0,"unweighted",5899,5639
0,"unweighted",5900,55
0,"unweighted",5901,87
0,"unweighted",5902,7682
0,"unweighted",5903,1650
0,"unweighted",5904,922
0,"unweighted",5905,13917
0,"unweighted",5906,11774
0,"unweighted",5907,4729
0,"unweighted",5908,9434
0,"unweighted",5909,1209
0,"unweighted",5910,13930
0,"unweighted",5911,3688
0,"unweighted",5912,11791
0,"unweighted",5913,11050
0,"unweighted",5914,8698
0,"unweighted",5915,3870
0,"unweighted",5916,2712
0,"unweighted",5917,12817
0,"unweighted",5918,3684
0,"unweighted",5919,3512
0,"unweighted",5920,3771
0,"unweighted",5921,2042
0,"unweighted",5922,11909
0,"unweighted",5923,9442
0,"unweighted",5924,10410
0,"unweighted",5925,3791
0,"unweighted",5926,4874
0,"unweighted",5927,12829
0,"unweighted",5928,12682
0,"unweighted",5929,7509
0,"unweighted",5930,13625
0,"unweighted",5931,7912
0,"unweighted",5932,3815
0,"unweighted",5933,12051
0,"unweighted",5934,13963
0,"unweighted",5935,4269
0,"unweighted",5936,1589
0,"unweighted",5937,596
0,"unweighted",5938,5831
0,"unweighted",5939,12077
0,"unweighted",5940,7683
0,"unweighted",5941,3148
0,"unweighted",5942,2102
0,"unweighted",5943,9021
0,"unweighted",5944,11125
0,"unweighted",5945,2219
0,"unweighted",5946,9519
0,"unweighted",5947,13646
0,"unweighted",5948,12727
0,"unweighted",5949,7949
0,"unweighted",5950,7068
0,"unweighted",5951,7531
0,"unweighted",5952,8577
0,"unweighted",5953,6335
0,"unweighted",5954,8907
0,"unweighted",5955,7941
0,"unweighted",5956,2066
0,"unweighted",5957,4890
0,"unweighted",5958,1467
0,"unweighted",5959,4843
0,"unweighted",5960,12022
0,"unweighted",5961,8132
0,"unweighted",5962,3944
0,"unweighted",5963,562
0,"unweighted",5964,8259
0,"unweighted",5965,2223
0,"unweighted",5966,4805
0,"unweighted",5967,11449
0,"unweighted",5968,6752
0,"unweighted",5969,11292
0,"unweighted",5970,7561
0,"unweighted",5971,13728
0,"unweighted",5972,7425
0,"unweighted",5973,13078
0,"unweighted",5974,3126
0,"unweighted",5975,10421
0,"unweighted",5976,5983
0,"unweighted",5977,574
0,"unweighted",5978,5950
0,"unweighted",5979,2363
0,"unweighted",5980,2068
0,"unweighted",5981,518
0,"unweighted",5982,2371
0,"unweighted",5983,13909
0,"unweighted",5984,2600
0,"unweighted",5985,11247
0,"unweighted",5986,2536
0,"unweighted",5987,9799
0,"unweighted",5988,3509
0,"unweighted",5989,10477
0,"unweighted",5990,11374
0,"unweighted",5991,210
0,"unweighted",5992,6041
0,"unweighted",5993,12319
0,"unweighted",5994,11448
0,"unweighted",5995,7122
0,"unweighted",5996,5507
0,"unweighted",5997,9808
0,"unweighted",5998,11354
0,"unweighted",5999,12326
0,"unweighted",6000,10127
0,"unweighted",6001,1365
0,"unweighted",6002,8485
0,"unweighted",6003,1364
0,"unweighted",6004,1687
0,"unweighted",6005,2502
0,"unweighted",6006,14057
0,"unweighted",6007,229
0,"unweighted",6008,7440
0,"unweighted",6009,1320
0,"unweighted",6010,7173
0,"unweighted",6011,2672
0,"unweighted",6012,11706
0,"unweighted",6013,10013
0,"unweighted",6014,11683
0,"unweighted",6015,11695
0,"unweighted",6016,5230
0,"unweighted",6017,8270
0,"unweighted",6018,4639
0,"unweighted",6019,14073
0,"unweighted",6020,8409
0,"unweighted",6021,1694
0,"unweighted",6022,10067
0,"unweighted",6023,1548
0,"unweighted",6024,12750
0,"unweighted",6025,4749
0,"unweighted",6026,1765
0,"unweighted",6027,7064
0,"unweighted",6028,13764
0,"unweighted",6029,7087
0,"unweighted",6030,6941
0,"unweighted",6031,7314
0,"unweighted",6032,7175
0,"unweighted",6033,2804
0,"unweighted",6034,2795
0,"unweighted",6035,3900
0,"unweighted",6036,7988
0,"unweighted",6037,10571
0,"unweighted",6038,4579
0,"unweighted",6039,8977
0,"unweighted",6040,8533
0,"unweighted",6041,5052
0,"unweighted",6042,14155
0,"unweighted",6043,12328
0,"unweighted",6044,577
0,"unweighted",6045,4789
0,"unweighted",6046,7747
0,"unweighted",6047,10772
0,"unweighted",6048,4070
0,"unweighted",6049,9207
0,"unweighted",6050,5453
0,"unweighted",6051,7712
0,"unweighted",6052,12938
0,"unweighted",6053,6551
0,"unweighted",6054,11173
0,"unweighted",6055,8776
0,"unweighted",6056,11106
0,"unweighted",6057,5449
0,"unweighted",6058,9209
0,"unweighted",6059,8114
0,"unweighted",6060,11560
0,"unweighted",6061,7400
0,"unweighted",6062,7404
0,"unweighted",6063,4512
0,"unweighted",6064,11599
0,"unweighted",6065,1105
0,"unweighted",6066,9234
0,"unweighted",6067,5111
0,"unweighted",6068,10789
0,"unweighted",6069,14114
0,"unweighted",6070,2352
0,"unweighted",6071,6603
0,"unweighted",6072,1842
0,"unweighted",6073,9720
0,"unweighted",6074,4239
0,"unweighted",6075,7964
0,"unweighted",6076,6286
0,"unweighted",6077,4534
0,"unweighted",6078,321
0,"unweighted",6079,5933
0,"unweighted",6080,6618
0,"unweighted",6081,5128
0,"unweighted",6082,12878
0,"unweighted",6083,344
0,"unweighted",6084,3400
0,"unweighted",6085,5121
0,"unweighted",6086,9224
0,"unweighted",6087,11491
0,"unweighted",6088,11654
0,"unweighted",6089,8133
0,"unweighted",6090,9284
0,"unweighted",6091,1296
0,"unweighted",6092,4537
0,"unweighted",6093,5123
0,"unweighted",6094,3487
0,"unweighted",6095,11012
0,"unweighted",6096,2785
0,"unweighted",6097,7602
0,"unweighted",6098,843
0,"unweighted",6099,4577
0,"unweighted",6100,11677
0,"unweighted",6101,1444
0,"unweighted",6102,2235
0,"unweighted",6103,12892
0,"unweighted",6104,4258
0,"unweighted",6105,8150
0,"unweighted",6106,357
0,"unweighted",6107,1735
0,"unweighted",6108,3131
0,"unweighted",6109,9477
0,"unweighted",6110,2181
0,"unweighted",6111,4581
0,"unweighted",6112,13611
0,"unweighted",6113,9126
0,"unweighted",6114,11270
0,"unweighted",6115,12807
0,"unweighted",6116,404
0,"unweighted",6117,12248
0,"unweighted",6118,12912
0,"unweighted",6119,8073
0,"unweighted",6120,7660
0,"unweighted",6121,2803
0,"unweighted",6122,621
0,"unweighted",6123,2030
0,"unweighted",6124,11118
0,"unweighted",6125,660
0,"unweighted",6126,12808
0,"unweighted",6127,12243
0,"unweighted",6128,12200
0,"unweighted",6129,54
0,"unweighted",6130,2562
0,"unweighted",6131,2256
0,"unweighted",6132,1557
0,"unweighted",6133,6995
0,"unweighted",6134,36
0,"unweighted",6135,8363
0,"unweighted",6136,2292
0,"unweighted",6137,8809
0,"unweighted",6138,9495
0,"unweighted",6139,51
0,"unweighted",6140,7624
0,"unweighted",6141,2188
0,"unweighted",6142,8243
0,"unweighted",6143,12955
0,"unweighted",6144,9549
0,"unweighted",6145,13901
0,"unweighted",6146,792
0,"unweighted",6147,1117
0,"unweighted",6148,2900
0,"unweighted",6149,11477
0,"unweighted",6150,12362
0,"unweighted",6151,3631
0,"unweighted",6152,3635
0,"unweighted",6153,5542
0,"unweighted",6154,803
0,"unweighted",6155,1010
0,"unweighted",6156,8398
0,"unweighted",6157,13867
0,"unweighted",6158,760
0,"unweighted",6159,1956
0,"unweighted",6160,6622
0,"unweighted",6161,9986
0,"unweighted",6162,10857
0,"unweighted",6163,2892
0,"unweighted",6164,10844
0,"unweighted",6165,12598
0,"unweighted",6166,161
0,"unweighted",6167,3542
0,"unweighted",6168,13505
0,"unweighted",6169,12127
0,"unweighted",6170,8474
0,"unweighted",6171,2874
0,"unweighted",6172,4021
0,"unweighted",6173,8451
0,"unweighted",6174,10525
0,"unweighted",6175,11368
0,"unweighted",6176,12105
0,"unweighted",6177,5570
0,"unweighted",6178,11414
0,"unweighted",6179,12276
0,"unweighted",6180,7113
0,"unweighted",6181,10664
0,"unweighted",6182,12586
0,"unweighted",6183,5478
0,"unweighted",6184,4347
0,"unweighted",6185,13504
0,"unweighted",6186,4027
0,"unweighted",6187,11234
0,"unweighted",6188,1047
0,"unweighted",6189,10693
0,"unweighted",6190,7450
0,"unweighted",6191,12607
0,"unweighted",6192,7880
0,"unweighted",6193,1958
0,"unweighted",6194,3308
0,"unweighted",6195,2630
0,"unweighted",6196,9107
0,"unweighted",6197,14139
0,"unweighted",6198,10553
0,"unweighted",6199,12424
0,"unweighted",6200,1818
0,"unweighted",6201,11650
0,"unweighted",6202,3265
0,"unweighted",6203,10652
0,"unweighted",6204,10848
0,"unweighted",6205,13255
0,"unweighted",6206,11411
0,"unweighted",6207,6677
0,"unweighted",6208,2999
0,"unweighted",6209,3672
0,"unweighted",6210,7855
0,"unweighted",6211,4433
0,"unweighted",6212,3008
0,"unweighted",6213,6502
0,"unweighted",6214,8580
0,"unweighted",6215,5015
0,"unweighted",6216,4126
0,"unweighted",6217,3669
0,"unweighted",6218,11698
0,"unweighted",6219,7600
0,"unweighted",6220,4611
0,"unweighted",6221,1699
0,"unweighted",6222,13735
0,"unweighted",6223,7599
0,"unweighted",6224,12265
0,"unweighted",6225,6429
0,"unweighted",6226,9038
0,"unweighted",6227,4938
0,"unweighted",6228,2416
0,"unweighted",6229,9942
0,"unweighted",6230,1113
0,"unweighted",6231,4971
0,"unweighted",6232,12354
0,"unweighted",6233,5237
0,"unweighted",6234,9645
0,"unweighted",6235,10621
0,"unweighted",6236,1732
0,"unweighted",6237,12349
0,"unweighted",6238,9075
0,"unweighted",6239,4099
0,"unweighted",6240,1009
0,"unweighted",6241,9099
0,"unweighted",6242,8305
0,"unweighted",6243,8538
0,"unweighted",6244,5400
0,"unweighted",6245,10510
0,"unweighted",6246,3012
0,"unweighted",6247,9870
0,"unweighted",6248,11410
0,"unweighted",6249,5202
0,"unweighted",6250,12039
0,"unweighted",6251,9063
0,"unweighted",6252,12931
0,"unweighted",6253,1988
0,"unweighted",6254,7408
0,"unweighted",6255,12405
0,"unweighted",6256,6611
0,"unweighted",6257,12312
0,"unweighted",6258,7539
0,"unweighted",6259,12147
0,"unweighted",6260,10875
0,"unweighted",6261,8395
0,"unweighted",6262,10736
0,"unweighted",6263,5588
0,"unweighted",6264,1771
0,"unweighted",6265,5020
0,"unweighted",6266,12452
0,"unweighted",6267,5551
0,"unweighted",6268,11529
0,"unweighted",6269,9880
0,"unweighted",6270,749
0,"unweighted",6271,5208
0,"unweighted",6272,4349
0,"unweighted",6273,14085
0,"unweighted",6274,12610
0,"unweighted",6275,13828
0,"unweighted",6276,9165
0,"unweighted",6277,13745
0,"unweighted",6278,9179
0,"unweighted",6279,2951
0,"unweighted",6280,14068
0,"unweighted",6281,1977
0,"unweighted",6282,12175
0,"unweighted",6283,1006
0,"unweighted",6284,4633
0,"unweighted",6285,275
0,"unweighted",6286,6149
0,"unweighted",6287,4163
0,"unweighted",6288,2299
0,"unweighted",6289,14061
0,"unweighted",6290,6009
0,"unweighted",6291,2167
0,"unweighted",6292,6846
0,"unweighted",6293,10733
0,"unweighted",6294,4759
0,"unweighted",6295,13463
0,"unweighted",6296,10152
0,"unweighted",6297,9460
0,"unweighted",6298,7382
0,"unweighted",6299,3340
0,"unweighted",6300,9218
0,"unweighted",6301,4085
0,"unweighted",6302,2696
0,"unweighted",6303,3994
0,"unweighted",6304,1242
0,"unweighted",6305,8547
0,"unweighted",6306,7387
0,"unweighted",6307,302
0,"unweighted",6308,3370
0,"unweighted",6309,10178
0,"unweighted",6310,10186
0,"unweighted",6311,4854
0,"unweighted",6312,5806
0,"unweighted",6313,10732
0,"unweighted",6314,11245
0,"unweighted",6315,1883
0,"unweighted",6316,3495
0,"unweighted",6317,8928
0,"unweighted",6318,11128
0,"unweighted",6319,8134
0,"unweighted",6320,4543
0,"unweighted",6321,9275
0,"unweighted",6322,637
0,"unweighted",6323,11031
0,"unweighted",6324,8950
0,"unweighted",6325,5153
0,"unweighted",6326,629
0,"unweighted",6327,4683
0,"unweighted",6328,6954
0,"unweighted",6329,11058
0,"unweighted",6330,1533
0,"unweighted",6331,11287
0,"unweighted",6332,3101
0,"unweighted",6333,5174
0,"unweighted",6334,958
0,"unweighted",6335,5683
0,"unweighted",6336,2119
0,"unweighted",6337,8051
0,"unweighted",6338,5614
0,"unweighted",6339,6665
0,"unweighted",6340,5768
0,"unweighted",6341,11818
0,"unweighted",6342,950
0,"unweighted",6343,12956
0,"unweighted",6344,8074
0,"unweighted",6345,13729
0,"unweighted",6346,18
0,"unweighted",6347,7668
0,"unweighted",6348,9558
0,"unweighted",6349,9317
0,"unweighted",6350,4716
0,"unweighted",6351,3053
0,"unweighted",6352,6925
0,"unweighted",6353,6872
0,"unweighted",6354,12232
0,"unweighted",6355,8048
0,"unweighted",6356,10893
0,"unweighted",6357,8802
0,"unweighted",6358,943
0,"unweighted",6359,9735
0,"unweighted",6360,399
0,"unweighted",6361,6015
0,"unweighted",6362,78
0,"unweighted",6363,12723
0,"unweighted",6364,10243
0,"unweighted",6365,6934
0,"unweighted",6366,2584
0,"unweighted",6367,2285
0,"unweighted",6368,12687
0,"unweighted",6369,6255
0,"unweighted",6370,9634
0,"unweighted",6371,8687
0,"unweighted",6372,3882
0,"unweighted",6373,4217
0,"unweighted",6374,8740
0,"unweighted",6375,2060
0,"unweighted",6376,12848
0,"unweighted",6377,10252
0,"unweighted",6378,6818
0,"unweighted",6379,13942
0,"unweighted",6380,13089
0,"unweighted",6381,3953
0,"unweighted",6382,7572
0,"unweighted",6383,2402
0,"unweighted",6384,12091
0,"unweighted",6385,6863
0,"unweighted",6386,12802
0,"unweighted",6387,7230
0,"unweighted",6388,2202
0,"unweighted",6389,3945
0,"unweighted",6390,8981
0,"unweighted",6391,118
0,"unweighted",6392,5836
0,"unweighted",6393,1484
0,"unweighted",6394,8980
0,"unweighted",6395,832
0,"unweighted",6396,4403
0,"unweighted",6397,528
0,"unweighted",6398,558
0,"unweighted",6399,2160
0,"unweighted",6400,2455
0,"unweighted",6401,1463
0,"unweighted",6402,1812
0,"unweighted",6403,1405
0,"unweighted",6404,6992
0,"unweighted",6405,8079
0,"unweighted",6406,5693
0,"unweighted",6407,3108
0,"unweighted",6408,3801
0,"unweighted",6409,3893
0,"unweighted",6410,4538
0,"unweighted",6411,733
0,"unweighted",6412,10576
0,"unweighted",6413,2701
0,"unweighted",6414,1260
0,"unweighted",6415,1546
0,"unweighted",6416,8716
0,"unweighted",6417,7066
0,"unweighted",6418,5703
0,"unweighted",6419,6643
0,"unweighted",6420,5432
0,"unweighted",6421,2919
0,"unweighted",6422,6236
0,"unweighted",6423,4056
0,"unweighted",6424,9733
0,"unweighted",6425,10904
0,"unweighted",6426,13285
0,"unweighted",6427,11055
0,"unweighted",6428,11989
0,"unweighted",6429,386
0,"unweighted",6430,11808
0,"unweighted",6431,661
0,"unweighted",6432,9892
0,"unweighted",6433,10958
0,"unweighted",6434,7976
0,"unweighted",6435,5094
0,"unweighted",6436,486
0,"unweighted",6437,10773
0,"unweighted",6438,12935
0,"unweighted",6439,11534
0,"unweighted",6440,11952
0,"unweighted",6441,12074
0,"unweighted",6442,3440
0,"unweighted",6443,7359
0,"unweighted",6444,3122
0,"unweighted",6445,495
0,"unweighted",6446,4073
0,"unweighted",6447,514
0,"unweighted",6448,2486
0,"unweighted",6449,1835
0,"unweighted",6450,7371
0,"unweighted",6451,500
0,"unweighted",6452,10164
0,"unweighted",6453,7380
0,"unweighted",6454,2831
0,"unweighted",6455,6552
0,"unweighted",6456,3351
0,"unweighted",6457,10808
0,"unweighted",6458,12560
0,"unweighted",6459,12847
0,"unweighted",6460,10197
0,"unweighted",6461,5113
0,"unweighted",6462,11587
0,"unweighted",6463,8958
0,"unweighted",6464,4513
0,"unweighted",6465,2498
0,"unweighted",6466,9590
0,"unweighted",6467,9591
0,"unweighted",6468,2221
0,"unweighted",6469,9499
0,"unweighted",6470,11624
0,"unweighted",6471,3399
0,"unweighted",6472,1277
0,"unweighted",6473,5728
0,"unweighted",6474,8140
0,"unweighted",6475,4552
0,"unweighted",6476,8923
0,"unweighted",6477,6626
0,"unweighted",6478,3480
0,"unweighted",6479,5129
0,"unweighted",6480,336
0,"unweighted",6481,10008
0,"unweighted",6482,3397
0,"unweighted",6483,7718
0,"unweighted",6484,9996
0,"unweighted",6485,12879
0,"unweighted",6486,9270
0,"unweighted",6487,7715
0,"unweighted",6488,7604
0,"unweighted",6489,12
0,"unweighted",6490,645
0,"unweighted",6491,8959
0,"unweighted",6492,14001
0,"unweighted",6493,353
0,"unweighted",6494,3674
0,"unweighted",6495,1904
0,"unweighted",6496,13937
0,"unweighted",6497,11755
0,"unweighted",6498,11035
0,"unweighted",6499,12897
0,"unweighted",6500,12905
0,"unweighted",6501,12908
0,"unweighted",6502,1302
0,"unweighted",6503,11961
0,"unweighted",6504,10369
0,"unweighted",6505,2832
0,"unweighted",6506,7070
0,"unweighted",6507,951
0,"unweighted",6508,2823
0,"unweighted",6509,10895
0,"unweighted",6510,2274
0,"unweighted",6511,3838
0,"unweighted",6512,10360
0,"unweighted",6513,9772
0,"unweighted",6514,8723
0,"unweighted",6515,11253
0,"unweighted",6516,8831
0,"unweighted",6517,1518
0,"unweighted",6518,3740
0,"unweighted",6519,2126
0,"unweighted",6520,10930
0,"unweighted",6521,12223
0,"unweighted",6522,377
0,"unweighted",6523,12250
0,"unweighted",6524,12786
0,"unweighted",6525,6012
0,"unweighted",6526,3083
0,"unweighted",6527,607
0,"unweighted",6528,13610
0,"unweighted",6529,2561
0,"unweighted",6530,10033
0,"unweighted",6531,12003
0,"unweighted",6532,13932
0,"unweighted",6533,2210
0,"unweighted",6534,9012
0,"unweighted",6535,12000
0,"unweighted",6536,5708
0,"unweighted",6537,5931
0,"unweighted",6538,9341
0,"unweighted",6539,2206
0,"unweighted",6540,2957
0,"unweighted",6541,8592
0,"unweighted",6542,11430
0,"unweighted",6543,1410
0,"unweighted",6544,6081
0,"unweighted",6545,6864
0,"unweighted",6546,9288
0,"unweighted",6547,12075
0,"unweighted",6548,11999
0,"unweighted",6549,4853
0,"unweighted",6550,7522
0,"unweighted",6551,10290
0,"unweighted",6552,1141
0,"unweighted",6553,533
0,"unweighted",6554,10465
0,"unweighted",6555,12069
0,"unweighted",6556,12052
0,"unweighted",6557,10469
0,"unweighted",6558,12527
0,"unweighted",6559,4259
0,"unweighted",6560,6880
0,"unweighted",6561,10458
0,"unweighted",6562,12023
0,"unweighted",6563,7931
0,"unweighted",6564,3447
0,"unweighted",6565,12695
0,"unweighted",6566,1588
0,"unweighted",6567,11230
0,"unweighted",6568,2262
0,"unweighted",6569,10805
0,"unweighted",6570,4857
0,"unweighted",6571,12898
0,"unweighted",6572,3995
0,"unweighted",6573,6262
0,"unweighted",6574,3949
0,"unweighted",6575,4278
0,"unweighted",6576,4233
0,"unweighted",6577,9824
0,"unweighted",6578,11080
0,"unweighted",6579,3891
0,"unweighted",6580,2091
0,"unweighted",6581,5459
0,"unweighted",6582,4249
0,"unweighted",6583,5336
0,"unweighted",6584,81
0,"unweighted",6585,3920
0,"unweighted",6586,12359
0,"unweighted",6587,10411
0,"unweighted",6588,1001
0,"unweighted",6589,4658
0,"unweighted",6590,1587
0,"unweighted",6591,6744
0,"unweighted",6592,12084
0,"unweighted",6593,3972
0,"unweighted",6594,3518
0,"unweighted",6595,7094
0,"unweighted",6596,12927
0,"unweighted",6597,10581
0,"unweighted",6598,13741
0,"unweighted",6599,3147
0,"unweighted",6600,6379
0,"unweighted",6601,1621
0,"unweighted",6602,4937
0,"unweighted",6603,6037
0,"unweighted",6604,1312
0,"unweighted",6605,2638
0,"unweighted",6606,7859
0,"unweighted",6607,9167
0,"unweighted",6608,3298
0,"unweighted",6609,7117
0,"unweighted",6610,171
0,"unweighted",6611,4143
0,"unweighted",6612,7892
0,"unweighted",6613,9826
0,"unweighted",6614,4869
0,"unweighted",6615,11197
0,"unweighted",6616,13832
0,"unweighted",6617,3004
0,"unweighted",6618,2624
0,"unweighted",6619,10838
0,"unweighted",6620,6308
0,"unweighted",6621,7238
0,"unweighted",6622,1347
0,"unweighted",6623,9308
0,"unweighted",6624,10874
0,"unweighted",6625,8319
0,"unweighted",6626,8576
0,"unweighted",6627,9205
0,"unweighted",6628,5374
0,"unweighted",6629,7470
0,"unweighted",6630,9657
0,"unweighted",6631,12142
0,"unweighted",6632,8292
0,"unweighted",6633,234
0,"unweighted",6634,13228
0,"unweighted",6635,9042
0,"unweighted",6636,13249
0,"unweighted",6637,9356
0,"unweighted",6638,1807
0,"unweighted",6639,8471
0,"unweighted",6640,12287
0,"unweighted",6641,6123
0,"unweighted",6642,7878
0,"unweighted",6643,13831
0,"unweighted",6644,6063
0,"unweighted",6645,7500
0,"unweighted",6646,12609
0,"unweighted",6647,3517
0,"unweighted",6648,3534
0,"unweighted",6649,12162
0,"unweighted",6650,6701
0,"unweighted",6651,6126
0,"unweighted",6652,13665
0,"unweighted",6653,12430
0,"unweighted",6654,12120
0,"unweighted",6655,4342
0,"unweighted",6656,11417
0,"unweighted",6657,3300
0,"unweighted",6658,10495
0,"unweighted",6659,10459
0,"unweighted",6660,2548
0,"unweighted",6661,11303
0,"unweighted",6662,5775
0,"unweighted",6663,9543
0,"unweighted",6664,6938
0,"unweighted",6665,10076
0,"unweighted",6666,8659
0,"unweighted",6667,6913
0,"unweighted",6668,11242
0,"unweighted",6669,7176
0,"unweighted",6670,8651
0,"unweighted",6671,937
0,"unweighted",6672,394
0,"unweighted",6673,10351
0,"unweighted",6674,5172
0,"unweighted",6675,8703
0,"unweighted",6676,11251
0,"unweighted",6677,10241
0,"unweighted",6678,10372
0,"unweighted",6679,5762
0,"unweighted",6680,193
0,"unweighted",6681,13446
0,"unweighted",6682,3023
0,"unweighted",6683,5260
0,"unweighted",6684,904
0,"unweighted",6685,8671
0,"unweighted",6686,3100
0,"unweighted",6687,4700
0,"unweighted",6688,4176
0,"unweighted",6689,2125
0,"unweighted",6690,3839
0,"unweighted",6691,9118
0,"unweighted",6692,9802
0,"unweighted",6693,6775
0,"unweighted",6694,6794
0,"unweighted",6695,2270
0,"unweighted",6696,10911
0,"unweighted",6697,9548
0,"unweighted",6698,10344
0,"unweighted",6699,9618
0,"unweighted",6700,5281
0,"unweighted",6701,11280
0,"unweighted",6702,8090
0,"unweighted",6703,3738
0,"unweighted",6704,2175
0,"unweighted",6705,2265
0,"unweighted",6706,662
0,"unweighted",6707,13892
0,"unweighted",6708,13893
0,"unweighted",6709,10107
0,"unweighted",6710,5259
0,"unweighted",6711,10367
0,"unweighted",6712,4355
0,"unweighted",6713,7040
0,"unweighted",6714,6659
0,"unweighted",6715,5315
0,"unweighted",6716,11876
0,"unweighted",6717,10326
0,"unweighted",6718,5284
0,"unweighted",6719,5300
0,"unweighted",6720,3876
0,"unweighted",6721,6892
0,"unweighted",6722,622
0,"unweighted",6723,11501
0,"unweighted",6724,12800
0,"unweighted",6725,878
0,"unweighted",6726,11866
0,"unweighted",6727,12781
0,"unweighted",6728,5329
0,"unweighted",6729,5877
0,"unweighted",6730,4770
0,"unweighted",6731,9764
0,"unweighted",6732,4681
0,"unweighted",6733,2856
0,"unweighted",6734,7188
0,"unweighted",6735,3751
0,"unweighted",6736,9433
0,"unweighted",6737,11977
0,"unweighted",6738,14010
0,"unweighted",6739,9747
0,"unweighted",6740,7618
0,"unweighted",6741,1515
0,"unweighted",6742,6654
0,"unweighted",6743,4954
0,"unweighted",6744,6043
0,"unweighted",6745,4977
0,"unweighted",6746,14129
0,"unweighted",6747,3626
0,"unweighted",6748,14036
0,"unweighted",6749,1095
0,"unweighted",6750,14136
0,"unweighted",6751,9915
0,"unweighted",6752,10601
0,"unweighted",6753,10603
0,"unweighted",6754,9932
0,"unweighted",6755,10612
0,"unweighted",6756,800
0,"unweighted",6757,4966
0,"unweighted",6758,6464
0,"unweighted",6759,2386
0,"unweighted",6760,4382
0,"unweighted",6761,12970
0,"unweighted",6762,12339
0,"unweighted",6763,10594
0,"unweighted",6764,5018
0,"unweighted",6765,14040
0,"unweighted",6766,4898
0,"unweighted",6767,820
0,"unweighted",6768,1722
0,"unweighted",6769,9152
0,"unweighted",6770,8268
0,"unweighted",6771,10543
0,"unweighted",6772,10066
0,"unweighted",6773,9342
0,"unweighted",6774,2506
0,"unweighted",6775,5395
0,"unweighted",6776,9181
0,"unweighted",6777,4011
0,"unweighted",6778,11519
0,"unweighted",6779,9102
0,"unweighted",6780,6304
0,"unweighted",6781,7787
0,"unweighted",6782,6117
0,"unweighted",6783,4109
0,"unweighted",6784,1781
0,"unweighted",6785,9694
0,"unweighted",6786,12384
0,"unweighted",6787,3205
0,"unweighted",6788,1337
0,"unweighted",6789,3670
0,"unweighted",6790,10676
0,"unweighted",6791,7894
0,"unweighted",6792,12499
0,"unweighted",6793,2654
0,"unweighted",6794,11232
0,"unweighted",6795,3575
0,"unweighted",6796,12432
0,"unweighted",6797,6723
0,"unweighted",6798,524
0,"unweighted",6799,9655
0,"unweighted",6800,13357
0,"unweighted",6801,7857
0,"unweighted",6802,1676
0,"unweighted",6803,9249
0,"unweighted",6804,8626
0,"unweighted",6805,5007
0,"unweighted",6806,11520
0,"unweighted",6807,4113
0,"unweighted",6808,12394
0,"unweighted",6809,4159
0,"unweighted",6810,6311
0,"unweighted",6811,5179
0,"unweighted",6812,2522
0,"unweighted",6813,4988
0,"unweighted",6814,13834
0,"unweighted",6815,686
0,"unweighted",6816,4137
0,"unweighted",6817,13466
0,"unweighted",6818,6301
0,"unweighted",6819,9364
0,"unweighted",6820,10546
0,"unweighted",6821,1817
0,"unweighted",6822,5082
0,"unweighted",6823,10385
0,"unweighted",6824,10208
0,"unweighted",6825,14097
0,"unweighted",6826,111
0,"unweighted",6827,1428
0,"unweighted",6828,6849
0,"unweighted",6829,5813
0,"unweighted",6830,12035
0,"unweighted",6831,7598
0,"unweighted",6832,6824
0,"unweighted",6833,2430
0,"unweighted",6834,9132
0,"unweighted",6835,12719
0,"unweighted",6836,7537
0,"unweighted",6837,12160
0,"unweighted",6838,12899
0,"unweighted",6839,5817
0,"unweighted",6840,9019
0,"unweighted",6841,1214
0,"unweighted",6842,1457
0,"unweighted",6843,12656
0,"unweighted",6844,4731
0,"unweighted",6845,1453
0,"unweighted",6846,12832
0,"unweighted",6847,5963
0,"unweighted",6848,1494
0,"unweighted",6849,539
0,"unweighted",6850,8965
0,"unweighted",6851,8722
0,"unweighted",6852,5833
0,"unweighted",6853,5946
0,"unweighted",6854,12751
0,"unweighted",6855,8725
0,"unweighted",6856,6606
0,"unweighted",6857,122
0,"unweighted",6858,1497
0,"unweighted",6859,7925
0,"unweighted",6860,4788
0,"unweighted",6861,4817
0,"unweighted",6862,12697
0,"unweighted",6863,3951
0,"unweighted",6864,12856
0,"unweighted",6865,7574
0,"unweighted",6866,2750
0,"unweighted",6867,1332
0,"unweighted",6868,6838
0,"unweighted",6869,10116
0,"unweighted",6870,4247
0,"unweighted",6871,2404
0,"unweighted",6872,1452
0,"unweighted",6873,10291
0,"unweighted",6874,5949
0,"unweighted",6875,4791
0,"unweighted",6876,12947
0,"unweighted",6877,9475
0,"unweighted",6878,4536
0,"unweighted",6879,3041
0,"unweighted",6880,4142
0,"unweighted",6881,3478
0,"unweighted",6882,12209
0,"unweighted",6883,4277
0,"unweighted",6884,6077
0,"unweighted",6885,11169
0,"unweighted",6886,2441
0,"unweighted",6887,9640
0,"unweighted",6888,13130
0,"unweighted",6889,4406
0,"unweighted",6890,7833
0,"unweighted",6891,10607
0,"unweighted",6892,11479
0,"unweighted",6893,4945
0,"unweighted",6894,1085
0,"unweighted",6895,5222
0,"unweighted",6896,7805
0,"unweighted",6897,6420
0,"unweighted",6898,12389
0,"unweighted",6899,6297
0,"unweighted",6900,5372
0,"unweighted",6901,2634
0,"unweighted",6902,4895
0,"unweighted",6903,3264
0,"unweighted",6904,7685
0,"unweighted",6905,14038
0,"unweighted",6906,6605
0,"unweighted",6907,5253
0,"unweighted",6908,5293
0,"unweighted",6909,9324
0,"unweighted",6910,2009
0,"unweighted",6911,5270
0,"unweighted",6912,5426
0,"unweighted",6913,5342
0,"unweighted",6914,5068
0,"unweighted",6915,10236
0,"unweighted",6916,12344
0,"unweighted",6917,6214
0,"unweighted",6918,3321
0,"unweighted",6919,4054
0,"unweighted",6920,3709
0,"unweighted",6921,7311
0,"unweighted",6922,8096
0,"unweighted",6923,10741
0,"unweighted",6924,7521
0,"unweighted",6925,10052
0,"unweighted",6926,9409
0,"unweighted",6927,5538
0,"unweighted",6928,1240
0,"unweighted",6929,8545
0,"unweighted",6930,5940
0,"unweighted",6931,1815
0,"unweighted",6932,7362
0,"unweighted",6933,503
0,"unweighted",6934,7356
0,"unweighted",6935,1849
0,"unweighted",6936,10799
0,"unweighted",6937,2345
0,"unweighted",6938,7194
0,"unweighted",6939,8904
0,"unweighted",6940,11597
0,"unweighted",6941,6820
0,"unweighted",6942,4524
0,"unweighted",6943,6596
0,"unweighted",6944,2344
0,"unweighted",6945,10801
0,"unweighted",6946,3377
0,"unweighted",6947,4799
0,"unweighted",6948,8913
0,"unweighted",6949,1107
0,"unweighted",6950,1388
0,"unweighted",6951,10492
0,"unweighted",6952,3474
0,"unweighted",6953,2237
0,"unweighted",6954,12901
0,"unweighted",6955,10990
0,"unweighted",6956,8094
0,"unweighted",6957,7706
0,"unweighted",6958,3403
0,"unweighted",6959,1112
0,"unweighted",6960,1210
0,"unweighted",6961,12939
0,"unweighted",6962,6612
0,"unweighted",6963,3484
0,"unweighted",6964,8926
0,"unweighted",6965,1239
0,"unweighted",6966,8135
0,"unweighted",6967,5986
0,"unweighted",6968,11645
0,"unweighted",6969,12889
0,"unweighted",6970,10613
0,"unweighted",6971,9280
0,"unweighted",6972,3926
0,"unweighted",6973,12900
0,"unweighted",6974,4559
0,"unweighted",6975,791
0,"unweighted",6976,12893
0,"unweighted",6977,12890
0,"unweighted",6978,9605
0,"unweighted",6979,11757
0,"unweighted",6980,8148
0,"unweighted",6981,848
0,"unweighted",6982,11678
0,"unweighted",6983,11763
0,"unweighted",6984,6847
0,"unweighted",6985,9746
0,"unweighted",6986,3785
0,"unweighted",6987,11850
0,"unweighted",6988,6946
0,"unweighted",6989,10962
0,"unweighted",6990,8076
0,"unweighted",6991,9142
0,"unweighted",6992,2398
0,"unweighted",6993,4697
0,"unweighted",6994,2275
0,"unweighted",6995,2843
0,"unweighted",6996,11856
0,"unweighted",6997,12815
0,"unweighted",6998,12788
0,"unweighted",6999,879
0,"unweighted",7000,2553
0,"unweighted",7001,605
0,"unweighted",7002,2911
0,"unweighted",7003,3718
0,"unweighted",7004,398
0,"unweighted",7005,5771
0,"unweighted",7006,1390
0,"unweighted",7007,13427
0,"unweighted",7008,11799
0,"unweighted",7009,3741
0,"unweighted",7010,13615
0,"unweighted",7011,2182
0,"unweighted",7012,390
0,"unweighted",7013,5242
0,"unweighted",7014,3717
0,"unweighted",7015,9494
0,"unweighted",7016,2103
0,"unweighted",7017,4692
0,"unweighted",7018,13919
0,"unweighted",7019,5328
0,"unweighted",7020,5789
0,"unweighted",7021,7644
0,"unweighted",7022,11872
0,"unweighted",7023,893
0,"unweighted",7024,6070
0,"unweighted",7025,8832
0,"unweighted",7026,7072
0,"unweighted",7027,9615
0,"unweighted",7028,13384
0,"unweighted",7029,66
0,"unweighted",7030,3837
0,"unweighted",7031,9321
0,"unweighted",7032,8836
0,"unweighted",7033,3026
0,"unweighted",7034,14029
0,"unweighted",7035,12108
0,"unweighted",7036,2997
0,"unweighted",7037,4316
0,"unweighted",7038,2662
0,"unweighted",7039,6177
0,"unweighted",7040,7796
0,"unweighted",7041,11425
0,"unweighted",7042,7436
0,"unweighted",7043,6712
0,"unweighted",7044,2975
0,"unweighted",7045,690
0,"unweighted",7046,687
0,"unweighted",7047,8280
0,"unweighted",7048,13511
0,"unweighted",7049,731
0,"unweighted",7050,2639
0,"unweighted",7051,10884
0,"unweighted",7052,1153
0,"unweighted",7053,12629
0,"unweighted",7054,12433
0,"unweighted",7055,9862
0,"unweighted",7056,671
0,"unweighted",7057,2001
0,"unweighted",7058,13401
0,"unweighted",7059,2990
0,"unweighted",7060,7766
0,"unweighted",7061,2963
0,"unweighted",7062,5204
0,"unweighted",7063,10542
0,"unweighted",7064,7753
0,"unweighted",7065,10822
0,"unweighted",7066,3287
0,"unweighted",7067,136
0,"unweighted",7068,12420
0,"unweighted",7069,6484
0,"unweighted",7070,6287
0,"unweighted",7071,10876
0,"unweighted",7072,2610
0,"unweighted",7073,3164
0,"unweighted",7074,8468
0,"unweighted",7075,3217
0,"unweighted",7076,152
0,"unweighted",7077,221
0,"unweighted",7078,7269
0,"unweighted",7079,685
0,"unweighted",7080,12631
0,"unweighted",7081,3284
0,"unweighted",7082,6408
0,"unweighted",7083,9831
0,"unweighted",7084,7464
0,"unweighted",7085,4087
0,"unweighted",7086,13872
0,"unweighted",7087,163
0,"unweighted",7088,2682
0,"unweighted",7089,2649
0,"unweighted",7090,9671
0,"unweighted",7091,12392
0,"unweighted",7092,1659
0,"unweighted",7093,5480
0,"unweighted",7094,11697
0,"unweighted",7095,12401
0,"unweighted",7096,10879
0,"unweighted",7097,3988
0,"unweighted",7098,4989
0,"unweighted",7099,998
0,"unweighted",7100,11192
0,"unweighted",7101,1156
0,"unweighted",7102,1660
0,"unweighted",7103,4429
0,"unweighted",7104,2533
0,"unweighted",7105,7137
0,"unweighted",7106,13519
0,"unweighted",7107,1963
0,"unweighted",7108,9350
0,"unweighted",7109,8460
0,"unweighted",7110,5373
0,"unweighted",7111,4423
0,"unweighted",7112,9682
0,"unweighted",7113,551
0,"unweighted",7114,2819
0,"unweighted",7115,11062
0,"unweighted",7116,92
0,"unweighted",7117,2289
0,"unweighted",7118,11061
0,"unweighted",7119,2013
0,"unweighted",7120,6347
0,"unweighted",7121,2845
0,"unweighted",7122,3708
0,"unweighted",7123,10056
0,"unweighted",7124,9432
0,"unweighted",7125,13907
0,"unweighted",7126,5173
0,"unweighted",7127,4686
0,"unweighted",7128,938
0,"unweighted",7129,12644
0,"unweighted",7130,11275
0,"unweighted",7131,10049
0,"unweighted",7132,8834
0,"unweighted",7133,9729
0,"unweighted",7134,7022
0,"unweighted",7135,901
0,"unweighted",7136,12212
0,"unweighted",7137,644
0,"unweighted",7138,2142
0,"unweighted",7139,11813
0,"unweighted",7140,2019
0,"unweighted",7141,4590
0,"unweighted",7142,9748
0,"unweighted",7143,12918
0,"unweighted",7144,939
0,"unweighted",7145,11842
0,"unweighted",7146,7058
0,"unweighted",7147,3761
0,"unweighted",7148,13618
0,"unweighted",7149,9438
0,"unweighted",7150,4873
0,"unweighted",7151,11385
0,"unweighted",7152,8341
0,"unweighted",7153,989
0,"unweighted",7154,5502
0,"unweighted",7155,143
0,"unweighted",7156,2861
0,"unweighted",7157,10425
0,"unweighted",7158,9585
0,"unweighted",7159,8344
0,"unweighted",7160,9906
0,"unweighted",7161,7220
0,"unweighted",7162,5534
0,"unweighted",7163,810
0,"unweighted",7164,1088
0,"unweighted",7165,4905
0,"unweighted",7166,6275
0,"unweighted",7167,13290
0,"unweighted",7168,10540
0,"unweighted",7169,3
0,"unweighted",7170,7459
0,"unweighted",7171,6145
0,"unweighted",7172,4785
0,"unweighted",7173,9457
0,"unweighted",7174,8770
0,"unweighted",7175,10388
0,"unweighted",7176,5808
0,"unweighted",7177,7913
0,"unweighted",7178,12242
0,"unweighted",7179,1554
0,"unweighted",7180,5700
0,"unweighted",7181,2141
0,"unweighted",7182,10992
0,"unweighted",7183,13373
0,"unweighted",7184,11067
0,"unweighted",7185,2834
0,"unweighted",7186,5352
0,"unweighted",7187,10896
0,"unweighted",7188,8067
0,"unweighted",7189,6788
0,"unweighted",7190,3724
0,"unweighted",7191,12853
0,"unweighted",7192,11589
0,"unweighted",7193,9242
0,"unweighted",7194,3384
0,"unweighted",7195,12846
0,"unweighted",7196,3081
0,"unweighted",7197,12561
0,"unweighted",7198,1257
0,"unweighted",7199,13795
0,"unweighted",7200,9586
0,"unweighted",7201,7585
0,"unweighted",7202,10285
0,"unweighted",7203,4526
0,"unweighted",7204,13105
0,"unweighted",7205,9260
0,"unweighted",7206,12863
0,"unweighted",7207,13822
0,"unweighted",7208,14121
0,"unweighted",7209,2311
0,"unweighted",7210,12942
0,"unweighted",7211,2303
0,"unweighted",7212,1293
0,"unweighted",7213,11646
0,"unweighted",7214,5731
0,"unweighted",7215,5733
0,"unweighted",7216,345
0,"unweighted",7217,3479
0,"unweighted",7218,10431
0,"unweighted",7219,2309
0,"unweighted",7220,10461
0,"unweighted",7221,1308
0,"unweighted",7222,1914
0,"unweighted",7223,4568
0,"unweighted",7224,117
0,"unweighted",7225,2076
0,"unweighted",7226,13051
0,"unweighted",7227,571
0,"unweighted",7228,13996
0,"unweighted",7229,5595
0,"unweighted",7230,11045
0,"unweighted",7231,11667
0,"unweighted",7232,3405
0,"unweighted",7233,8739
0,"unweighted",7234,5699
0,"unweighted",7235,11308
0,"unweighted",7236,9436
0,"unweighted",7237,10249
0,"unweighted",7238,4215
0,"unweighted",7239,13939
0,"unweighted",7240,1261
0,"unweighted",7241,778
0,"unweighted",7242,4230
0,"unweighted",7243,8762
0,"unweighted",7244,6817
0,"unweighted",7245,6814
0,"unweighted",7246,3043
0,"unweighted",7247,7943
0,"unweighted",7248,11626
0,"unweighted",7249,3379
0,"unweighted",7250,9027
0,"unweighted",7251,6756
0,"unweighted",7252,2768
0,"unweighted",7253,8778
0,"unweighted",7254,3114
0,"unweighted",7255,6088
0,"unweighted",7256,9020
0,"unweighted",7257,3338
0,"unweighted",7258,7950
0,"unweighted",7259,3934
0,"unweighted",7260,10449
0,"unweighted",7261,7
0,"unweighted",7262,3957
0,"unweighted",7263,11582
0,"unweighted",7264,5452
0,"unweighted",7265,6754
0,"unweighted",7266,10314
0,"unweighted",7267,12298
0,"unweighted",7268,10424
0,"unweighted",7269,3680
0,"unweighted",7270,5928
0,"unweighted",7271,1480
0,"unweighted",7272,12205
0,"unweighted",7273,11165
0,"unweighted",7274,2043
0,"unweighted",7275,3018
0,"unweighted",7276,6614
0,"unweighted",7277,10416
0,"unweighted",7278,12823
0,"unweighted",7279,5939
0,"unweighted",7280,9462
0,"unweighted",7281,10978
0,"unweighted",7282,9188
0,"unweighted",7283,13731
0,"unweighted",7284,4706
0,"unweighted",7285,1547
0,"unweighted",7286,12769
0,"unweighted",7287,11831
0,"unweighted",7288,6961
0,"unweighted",7289,5299
0,"unweighted",7290,9307
0,"unweighted",7291,8704
0,"unweighted",7292,9550
0,"unweighted",7293,8791
0,"unweighted",7294,12536
0,"unweighted",7295,11862
0,"unweighted",7296,7026
0,"unweighted",7297,11933
0,"unweighted",7298,9727
0,"unweighted",7299,928
0,"unweighted",7300,6780
0,"unweighted",7301,10242
0,"unweighted",7302,77
0,"unweighted",7303,3438
0,"unweighted",7304,7578
0,"unweighted",7305,9535
0,"unweighted",7306,8883
0,"unweighted",7307,13784
0,"unweighted",7308,9220
0,"unweighted",7309,8210
0,"unweighted",7310,10776
0,"unweighted",7311,5896
0,"unweighted",7312,9718
0,"unweighted",7313,8878
0,"unweighted",7314,10161
0,"unweighted",7315,7385
0,"unweighted",7316,3433
0,"unweighted",7317,10494
0,"unweighted",7318,12538
0,"unweighted",7319,504
0,"unweighted",7320,12529
0,"unweighted",7321,10176
0,"unweighted",7322,12537
0,"unweighted",7323,4490
0,"unweighted",7324,5512
0,"unweighted",7325,11493
0,"unweighted",7326,9919
0,"unweighted",7327,841
0,"unweighted",7328,1737
0,"unweighted",7329,3252
0,"unweighted",7330,11473
0,"unweighted",7331,10619
0,"unweighted",7332,13755
0,"unweighted",7333,9940
0,"unweighted",7334,1708
0,"unweighted",7335,8984
0,"unweighted",7336,9933
0,"unweighted",7337,9162
0,"unweighted",7338,10617
0,"unweighted",7339,5540
0,"unweighted",7340,829
0,"unweighted",7341,3618
0,"unweighted",7342,12351
0,"unweighted",7343,6055
0,"unweighted",7344,1121
0,"unweighted",7345,2866
0,"unweighted",7346,1102
0,"unweighted",7347,9938
0,"unweighted",7348,10600
0,"unweighted",7349,2432
0,"unweighted",7350,1130
0,"unweighted",7351,1760
0,"unweighted",7352,13807
0,"unweighted",7353,4393
0,"unweighted",7354,4959
0,"unweighted",7355,9135
0,"unweighted",7356,7240
0,"unweighted",7357,2994
0,"unweighted",7358,2993
0,"unweighted",7359,11222
0,"unweighted",7360,1649
0,"unweighted",7361,9058
0,"unweighted",7362,5474
0,"unweighted",7363,7465
0,"unweighted",7364,754
0,"unweighted",7365,9816
0,"unweighted",7366,237
0,"unweighted",7367,7493
0,"unweighted",7368,5217
0,"unweighted",7369,1384
0,"unweighted",7370,10665
0,"unweighted",7371,13360
0,"unweighted",7372,7148
0,"unweighted",7373,260
0,"unweighted",7374,9048
0,"unweighted",7375,11370
0,"unweighted",7376,3258
0,"unweighted",7377,4879
0,"unweighted",7378,710
0,"unweighted",7379,4346
0,"unweighted",7380,10769
0,"unweighted",7381,3009
0,"unweighted",7382,7497
0,"unweighted",7383,9206
0,"unweighted",7384,1969
0,"unweighted",7385,5366
0,"unweighted",7386,9871
0,"unweighted",7387,6307
0,"unweighted",7388,11086
0,"unweighted",7389,1014
0,"unweighted",7390,2211
0,"unweighted",7391,263
0,"unweighted",7392,7868
0,"unweighted",7393,6400
0,"unweighted",7394,11362
0,"unweighted",7395,7475
0,"unweighted",7396,701
0,"unweighted",7397,251
0,"unweighted",7398,14090
0,"unweighted",7399,3580
0,"unweighted",7400,3195
0,"unweighted",7401,7754
0,"unweighted",7402,6474
0,"unweighted",7403,5371
0,"unweighted",7404,536
0,"unweighted",7405,1144
0,"unweighted",7406,3177
0,"unweighted",7407,1058
0,"unweighted",7408,6151
0,"unweighted",7409,10873
0,"unweighted",7410,13664
0,"unweighted",7411,3171
0,"unweighted",7412,2687
0,"unweighted",7413,12323
0,"unweighted",7414,10526
0,"unweighted",7415,4922
0,"unweighted",7416,2862
0,"unweighted",7417,2326
0,"unweighted",7418,3261
0,"unweighted",7419,12651
0,"unweighted",7420,8669
0,"unweighted",7421,6374
0,"unweighted",7422,3866
0,"unweighted",7423,6258
0,"unweighted",7424,10941
0,"unweighted",7425,10060
0,"unweighted",7426,2821
0,"unweighted",7427,8702
0,"unweighted",7428,1834
0,"unweighted",7429,12190
0,"unweighted",7430,6964
0,"unweighted",7431,8066
0,"unweighted",7432,10970
0,"unweighted",7433,586
0,"unweighted",7434,2810
0,"unweighted",7435,6352
0,"unweighted",7436,4594
0,"unweighted",7437,3887
0,"unweighted",7438,10359
0,"unweighted",7439,10438
0,"unweighted",7440,12958
0,"unweighted",7441,5357
0,"unweighted",7442,8654
0,"unweighted",7443,5643
0,"unweighted",7444,12962
0,"unweighted",7445,9002
0,"unweighted",7446,13725
0,"unweighted",7447,861
0,"unweighted",7448,13702
0,"unweighted",7449,8647
0,"unweighted",7450,3790
0,"unweighted",7451,4693
0,"unweighted",7452,10345
0,"unweighted",7453,7052
0,"unweighted",7454,11956
0,"unweighted",7455,11268
0,"unweighted",7456,9510
0,"unweighted",7457,9573
0,"unweighted",7458,8678
0,"unweighted",7459,2828
0,"unweighted",7460,6033
0,"unweighted",7461,859
0,"unweighted",7462,9628
0,"unweighted",7463,6968
0,"unweighted",7464,2837
0,"unweighted",7465,13547
0,"unweighted",7466,11302
0,"unweighted",7467,3742
0,"unweighted",7468,10920
0,"unweighted",7469,11825
0,"unweighted",7470,5619
0,"unweighted",7471,5658
0,"unweighted",7472,4175
0,"unweighted",7473,4744
0,"unweighted",7474,1524
0,"unweighted",7475,2280
0,"unweighted",7476,12789
0,"unweighted",7477,13686
0,"unweighted",7478,13607
0,"unweighted",7479,11887
0,"unweighted",7480,3687
0,"unweighted",7481,12793
0,"unweighted",7482,4725
0,"unweighted",7483,10959
0,"unweighted",7484,7003
0,"unweighted",7485,2185
0,"unweighted",7486,10929
0,"unweighted",7487,9777
0,"unweighted",7488,2758
0,"unweighted",7489,3337
0,"unweighted",7490,8227
0,"unweighted",7491,13640
0,"unweighted",7492,9385
0,"unweighted",7493,11317
0,"unweighted",7494,1609
0,"unweighted",7495,2496
0,"unweighted",7496,5041
0,"unweighted",7497,3976
0,"unweighted",7498,9626
0,"unweighted",7499,1423
0,"unweighted",7500,4810
0,"unweighted",7501,10179
0,"unweighted",7502,10779
0,"unweighted",7503,10336
0,"unweighted",7504,1483
0,"unweighted",7505,7692
0,"unweighted",7506,4270
0,"unweighted",7507,7934
0,"unweighted",7508,2753
0,"unweighted",7509,9463
0,"unweighted",7510,7919
0,"unweighted",7511,11167
0,"unweighted",7512,1590
0,"unweighted",7513,7191
0,"unweighted",7514,8348
0,"unweighted",7515,9953
0,"unweighted",7516,4767
0,"unweighted",7517,2727
0,"unweighted",7518,10339
0,"unweighted",7519,4764
0,"unweighted",7520,13571
0,"unweighted",7521,5276
0,"unweighted",7522,1651
0,"unweighted",7523,6122
0,"unweighted",7524,1644
0,"unweighted",7525,5147
0,"unweighted",7526,6310
0,"unweighted",7527,5244
0,"unweighted",7528,2966
0,"unweighted",7529,5186
0,"unweighted",7530,12410
0,"unweighted",7531,6078
0,"unweighted",7532,5590
0,"unweighted",7533,8629
0,"unweighted",7534,3414
0,"unweighted",7535,5225
0,"unweighted",7536,2867
0,"unweighted",7537,6314
0,"unweighted",7538,6147
0,"unweighted",7539,1628
0,"unweighted",7540,12282
0,"unweighted",7541,4628
0,"unweighted",7542,1051
0,"unweighted",7543,10561
0,"unweighted",7544,6644
0,"unweighted",7545,12300
0,"unweighted",7546,6719
0,"unweighted",7547,12396
0,"unweighted",7548,11513
0,"unweighted",7549,12461
0,"unweighted",7550,1377
0,"unweighted",7551,10698
0,"unweighted",7552,10551
0,"unweighted",7553,11209
0,"unweighted",7554,1949
0,"unweighted",7555,6201
0,"unweighted",7556,9876
0,"unweighted",7557,7794
0,"unweighted",7558,2665
0,"unweighted",7559,7858
0,"unweighted",7560,8570
0,"unweighted",7561,9878
0,"unweighted",7562,13539
0,"unweighted",7563,11181
0,"unweighted",7564,3662
0,"unweighted",7565,11423
0,"unweighted",7566,4999
0,"unweighted",7567,1776
0,"unweighted",7568,4111
0,"unweighted",7569,5572
0,"unweighted",7570,12302
0,"unweighted",7571,5378
0,"unweighted",7572,3671
0,"unweighted",7573,10674
0,"unweighted",7574,4328
0,"unweighted",7575,5236
0,"unweighted",7576,5487
0,"unweighted",7577,11384
0,"unweighted",7578,13273
0,"unweighted",7579,12487
0,"unweighted",7580,9059
0,"unweighted",7581,8419
0,"unweighted",7582,1978
0,"unweighted",7583,11381
0,"unweighted",7584,11688
0,"unweighted",7585,13884
0,"unweighted",7586,5195
0,"unweighted",7587,9971
0,"unweighted",7588,5577
0,"unweighted",7589,11710
0,"unweighted",7590,4007
0,"unweighted",7591,2717
0,"unweighted",7592,7823
0,"unweighted",7593,7136
0,"unweighted",7594,994
0,"unweighted",7595,2571
0,"unweighted",7596,10199
0,"unweighted",7597,2016
0,"unweighted",7598,12494
0,"unweighted",7599,5341
0,"unweighted",7600,14159
0,"unweighted",7601,2098
0,"unweighted",7602,5286
0,"unweighted",7603,4931
0,"unweighted",7604,6375
0,"unweighted",7605,2171
0,"unweighted",7606,13895
0,"unweighted",7607,606
0,"unweighted",7608,10466
0,"unweighted",7609,973
0,"unweighted",7610,4470
0,"unweighted",7611,5792
0,"unweighted",7612,10185
0,"unweighted",7613,3367
0,"unweighted",7614,7955
0,"unweighted",7615,6590
0,"unweighted",7616,2329
0,"unweighted",7617,7182
0,"unweighted",7618,13279
0,"unweighted",7619,11357
0,"unweighted",7620,7831
0,"unweighted",7621,840
0,"unweighted",7622,4955
0,"unweighted",7623,6436
0,"unweighted",7624,4972
0,"unweighted",7625,1109
0,"unweighted",7626,13744
0,"unweighted",7627,9144
0,"unweighted",7628,4189
0,"unweighted",7629,6508
0,"unweighted",7630,8630
0,"unweighted",7631,12581
0,"unweighted",7632,10657
0,"unweighted",7633,7779
0,"unweighted",7634,1662
0,"unweighted",7635,1373
0,"unweighted",7636,2980
0,"unweighted",7637,9684
0,"unweighted",7638,5023
0,"unweighted",7639,2505
0,"unweighted",7640,13236
0,"unweighted",7641,9171
0,"unweighted",7642,8310
0,"unweighted",7643,1245
0,"unweighted",7644,6062
0,"unweighted",7645,5498
0,"unweighted",7646,1629
0,"unweighted",7647,9180
0,"unweighted",7648,6500
0,"unweighted",7649,755
0,"unweighted",7650,9899
0,"unweighted",7651,6689
0,"unweighted",7652,13330
0,"unweighted",7653,12373
0,"unweighted",7654,2521
0,"unweighted",7655,2992
0,"unweighted",7656,1004
0,"unweighted",7657,1007
0,"unweighted",7658,5385
0,"unweighted",7659,12533
0,"unweighted",7660,7160
0,"unweighted",7661,1331
0,"unweighted",7662,7466
0,"unweighted",7663,1999
0,"unweighted",7664,11183
0,"unweighted",7665,273
0,"unweighted",7666,5184
0,"unweighted",7667,6107
0,"unweighted",7668,2968
0,"unweighted",7669,12634
0,"unweighted",7670,12566
0,"unweighted",7671,14138
0,"unweighted",7672,13528
0,"unweighted",7673,266
0,"unweighted",7674,238
0,"unweighted",7675,9664
0,"unweighted",7676,8568
0,"unweighted",7677,4578
0,"unweighted",7678,1689
0,"unweighted",7679,2552
0,"unweighted",7680,852
0,"unweighted",7681,2204
0,"unweighted",7682,11873
0,"unweighted",7683,10214
0,"unweighted",7684,1696
0,"unweighted",7685,11096
0,"unweighted",7686,3737
0,"unweighted",7687,7323
0,"unweighted",7688,5982
0,"unweighted",7689,11305
0,"unweighted",7690,6835
0,"unweighted",7691,7563
0,"unweighted",7692,7523
0,"unweighted",7693,7588
0,"unweighted",7694,8856
0,"unweighted",7695,10985
0,"unweighted",7696,3117
0,"unweighted",7697,10015
0,"unweighted",7698,12753
0,"unweighted",7699,10479
0,"unweighted",7700,11600
0,"unweighted",7701,3676
0,"unweighted",7702,13080
0,"unweighted",7703,7927
0,"unweighted",7704,9281
0,"unweighted",7705,11394
0,"unweighted",7706,4835
0,"unweighted",7707,4274
0,"unweighted",7708,1443
0,"unweighted",7709,11901
0,"unweighted",7710,11180
0,"unweighted",7711,10489
0,"unweighted",7712,10313
0,"unweighted",7713,1481
0,"unweighted",7714,10051
0,"unweighted",7715,3707
0,"unweighted",7716,12721
0,"unweighted",7717,12254
0,"unweighted",7718,9394
0,"unweighted",7719,8732
0,"unweighted",7720,4671
0,"unweighted",7721,3033
0,"unweighted",7722,1820
0,"unweighted",7723,13676
0,"unweighted",7724,4804
0,"unweighted",7725,6585
0,"unweighted",7726,3342
0,"unweighted",7727,473
0,"unweighted",7728,4815
0,"unweighted",7729,3128
0,"unweighted",7730,13574
0,"unweighted",7731,11429
0,"unweighted",7732,7997
0,"unweighted",7733,5791
0,"unweighted",7734,2839
0,"unweighted",7735,4458
0,"unweighted",7736,6554
0,"unweighted",7737,6563
0,"unweighted",7738,10774
0,"unweighted",7739,11102
0,"unweighted",7740,6327
0,"unweighted",7741,14112
0,"unweighted",7742,11538
0,"unweighted",7743,1844
0,"unweighted",7744,8121
0,"unweighted",7745,11348
0,"unweighted",7746,4523
0,"unweighted",7747,8129
0,"unweighted",7748,2760
0,"unweighted",7749,9594
0,"unweighted",7750,2787
0,"unweighted",7751,13490
0,"unweighted",7752,3508
0,"unweighted",7753,4566
0,"unweighted",7754,11041
0,"unweighted",7755,359
0,"unweighted",7756,1309
0,"unweighted",7757,12086
0,"unweighted",7758,653
0,"unweighted",7759,2583
0,"unweighted",7760,9566
0,"unweighted",7761,13721
0,"unweighted",7762,3066
0,"unweighted",7763,10059
0,"unweighted",7764,13915
0,"unweighted",7765,13470
0,"unweighted",7766,6777
0,"unweighted",7767,1418
0,"unweighted",7768,11864
0,"unweighted",7769,2824
0,"unweighted",7770,3782
0,"unweighted",7771,5890
0,"unweighted",7772,2579
0,"unweighted",7773,639
0,"unweighted",7774,322
0,"unweighted",7775,12225
0,"unweighted",7776,658
0,"unweighted",7777,3842
0,"unweighted",7778,11768
0,"unweighted",7779,4248
0,"unweighted",7780,12921
0,"unweighted",7781,1393
0,"unweighted",7782,4585
0,"unweighted",7783,9311
0,"unweighted",7784,10122
0,"unweighted",7785,919
0,"unweighted",7786,6935
0,"unweighted",7787,649
0,"unweighted",7788,10909
0,"unweighted",7789,3096
0,"unweighted",7790,11929
0,"unweighted",7791,8015
0,"unweighted",7792,7069
0,"unweighted",7793,12218
0,"unweighted",7794,6924
0,"unweighted",7795,9623
0,"unweighted",7796,8962
0,"unweighted",7797,10322
0,"unweighted",7798,11285
0,"unweighted",7799,1542
0,"unweighted",7800,1395
0,"unweighted",7801,420
0,"unweighted",7802,2556
0,"unweighted",7803,4807
0,"unweighted",7804,6932
0,"unweighted",7805,11240
0,"unweighted",7806,5330
0,"unweighted",7807,10325
0,"unweighted",7808,2714
0,"unweighted",7809,6807
0,"unweighted",7810,5277
0,"unweighted",7811,6999
0,"unweighted",7812,8089
0,"unweighted",7813,3800
0,"unweighted",7814,12835
0,"unweighted",7815,10267
0,"unweighted",7816,6815
0,"unweighted",7817,12831
0,"unweighted",7818,3239
0,"unweighted",7819,3251
0,"unweighted",7820,11499
0,"unweighted",7821,6108
0,"unweighted",7822,4973
0,"unweighted",7823,7223
0,"unweighted",7824,833
0,"unweighted",7825,7849
0,"unweighted",7826,1119
0,"unweighted",7827,6101
0,"unweighted",7828,11160
0,"unweighted",7829,4402
0,"unweighted",7830,4985
0,"unweighted",7831,3628
0,"unweighted",7832,1116
0,"unweighted",7833,1714
0,"unweighted",7834,6189
0,"unweighted",7835,9929
0,"unweighted",7836,10589
0,"unweighted",7837,1114
0,"unweighted",7838,11500
0,"unweighted",7839,2690
0,"unweighted",7840,7271
0,"unweighted",7841,1059
0,"unweighted",7842,7491
0,"unweighted",7843,3219
0,"unweighted",7844,716
0,"unweighted",7845,10863
0,"unweighted",7846,5158
0,"unweighted",7847,5553
0,"unweighted",7848,7866
0,"unweighted",7849,12614
0,"unweighted",7850,10877
0,"unweighted",7851,4894
0,"unweighted",7852,6510
0,"unweighted",7853,147
0,"unweighted",7854,8969
0,"unweighted",7855,1369
0,"unweighted",7856,6943
0,"unweighted",7857,11718
0,"unweighted",7858,3787
0,"unweighted",7859,8765
0,"unweighted",7860,4592
0,"unweighted",7861,1809
0,"unweighted",7862,870
0,"unweighted",7863,5064
0,"unweighted",7864,10272
0,"unweighted",7865,9226
0,"unweighted",7866,7355
0,"unweighted",7867,8554
0,"unweighted",7868,10160
0,"unweighted",7869,12531
0,"unweighted",7870,5907
0,"unweighted",7871,6550
0,"unweighted",7872,14108
0,"unweighted",7873,1833
0,"unweighted",7874,8463
0,"unweighted",7875,7372
0,"unweighted",7876,5973
0,"unweighted",7877,13778
0,"unweighted",7878,4074
0,"unweighted",7879,6562
0,"unweighted",7880,11116
0,"unweighted",7881,10804
0,"unweighted",7882,4514
0,"unweighted",7883,3453
0,"unweighted",7884,2339
0,"unweighted",7885,12559
0,"unweighted",7886,2582
0,"unweighted",7887,4829
0,"unweighted",7888,9269
0,"unweighted",7889,11543
0,"unweighted",7890,9274
0,"unweighted",7891,11660
0,"unweighted",7892,10997
0,"unweighted",7893,9279
0,"unweighted",7894,324
0,"unweighted",7895,8147
0,"unweighted",7896,1827
0,"unweighted",7897,2081
0,"unweighted",7898,5160
0,"unweighted",7899,8956
0,"unweighted",7900,5956
0,"unweighted",7901,10012
0,"unweighted",7902,5166
0,"unweighted",7903,12246
0,"unweighted",7904,3736
0,"unweighted",7905,6011
0,"unweighted",7906,9557
0,"unweighted",7907,6948
0,"unweighted",7908,11991
0,"unweighted",7909,10058
0,"unweighted",7910,4774
0,"unweighted",7911,10234
0,"unweighted",7912,13700
0,"unweighted",7913,11252
0,"unweighted",7914,7667
0,"unweighted",7915,3105
0,"unweighted",7916,11980
0,"unweighted",7917,10071
0,"unweighted",7918,10244
0,"unweighted",7919,9312
0,"unweighted",7920,11880
0,"unweighted",7921,7013
0,"unweighted",7922,3846
0,"unweighted",7923,14006
0,"unweighted",7924,6874
0,"unweighted",7925,602
0,"unweighted",7926,13673
0,"unweighted",7927,4689
0,"unweighted",7928,907
0,"unweighted",7929,12676
0,"unweighted",7930,6468
0,"unweighted",7931,12316
0,"unweighted",7932,13736
0,"unweighted",7933,9116
0,"unweighted",7934,13286
0,"unweighted",7935,4943
0,"unweighted",7936,6424
0,"unweighted",7937,2378
0,"unweighted",7938,9778
0,"unweighted",7939,7203
0,"unweighted",7940,823
0,"unweighted",7941,3856
0,"unweighted",7942,3042
0,"unweighted",7943,8043
0,"unweighted",7944,871
0,"unweighted",7945,8799
0,"unweighted",7946,7011
0,"unweighted",7947,11282
0,"unweighted",7948,1500
0,"unweighted",7949,11766
0,"unweighted",7950,418
0,"unweighted",7951,8817
0,"unweighted",7952,2163
0,"unweighted",7953,8851
0,"unweighted",7954,883
0,"unweighted",7955,1935
0,"unweighted",7956,891
0,"unweighted",7957,2829
0,"unweighted",7958,2854
0,"unweighted",7959,9561
0,"unweighted",7960,5694
0,"unweighted",7961,6963
0,"unweighted",7962,8093
0,"unweighted",7963,10259
0,"unweighted",7964,7511
0,"unweighted",7965,3113
0,"unweighted",7966,13621
0,"unweighted",7967,779
0,"unweighted",7968,9784
0,"unweighted",7969,4289
0,"unweighted",7970,5941
0,"unweighted",7971,12678
0,"unweighted",7972,7053
0,"unweighted",7973,11244
0,"unweighted",7974,3930
0,"unweighted",7975,959
0,"unweighted",7976,4828
0,"unweighted",7977,3933
0,"unweighted",7978,5822
0,"unweighted",7979,8130
0,"unweighted",7980,3050
0,"unweighted",7981,12066
0,"unweighted",7982,4730
0,"unweighted",7983,11627
0,"unweighted",7984,550
0,"unweighted",7985,7630
0,"unweighted",7986,2739
0,"unweighted",7987,4285
0,"unweighted",7988,4336
0,"unweighted",7989,9026
0,"unweighted",7990,7024
0,"unweighted",7991,4666
0,"unweighted",7992,560
0,"unweighted",7993,7717
0,"unweighted",7994,12837
0,"unweighted",7995,10200
0,"unweighted",7996,6583
0,"unweighted",7997,12041
0,"unweighted",7998,9265
0,"unweighted",7999,9221
0,"unweighted",8000,5633
0,"unweighted",8001,1439
0,"unweighted",8002,4809
0,"unweighted",8003,10871
0,"unweighted",8004,13765
0,"unweighted",8005,10944
0,"unweighted",8006,9742
0,"unweighted",8007,12951
0,"unweighted",8008,1032
0,"unweighted",8009,8434
0,"unweighted",8010,7883
0,"unweighted",8011,9329
0,"unweighted",8012,8481
0,"unweighted",8013,2679
0,"unweighted",8014,5019
0,"unweighted",8015,10514
0,"unweighted",8016,12608
0,"unweighted",8017,13343
0,"unweighted",8018,1469
0,"unweighted",8019,10831
0,"unweighted",8020,2894
0,"unweighted",8021,6516
0,"unweighted",8022,8412
0,"unweighted",8023,10670
0,"unweighted",8024,1990
0,"unweighted",8025,1986
0,"unweighted",8026,2973
0,"unweighted",8027,3550
0,"unweighted",8028,5014
0,"unweighted",8029,7120
0,"unweighted",8030,1929
0,"unweighted",8031,11542
0,"unweighted",8032,13840
0,"unweighted",8033,4000
0,"unweighted",8034,1037
0,"unweighted",8035,3167
0,"unweighted",8036,9697
0,"unweighted",8037,8254
0,"unweighted",8038,2431
0,"weighted",1,11266
0,"weighted",2,1839
0,"weighted",3,3843
0,"weighted",4,3795
0,"weighted",5,1576
0,"weighted",6,6301
0,"weighted",7,5302
0,"weighted",8,13495
0,"weighted",9,10804
0,"weighted",10,10196
0,"weighted",11,3362
0,"weighted",12,5667
0,"weighted",13,6601
0,"weighted",14,3442
0,"weighted",15,587
0,"weighted",16,6336
0,"weighted",17,12887
0,"weighted",18,4539
0,"weighted",19,14022
0,"weighted",20,7992
0,"weighted",21,428
0,"weighted",22,9561
0,"weighted",23,11956
0,"weighted",24,5607
0,"weighted",25,3751
0,"weighted",26,11944
0,"weighted",27,13444
0,"weighted",28,7668
0,"weighted",29,3395
0,"weighted",30,4193
0,"weighted",31,12802
0,"weighted",32,2025
0,"weighted",33,2172
0,"weighted",34,2709
0,"weighted",35,5898
0,"weighted",36,13398
0,"weighted",37,418
0,"weighted",38,4583
0,"weighted",39,8689
0,"weighted",40,4586
0,"weighted",41,3484
0,"weighted",42,609
0,"weighted",43,2570
0,"weighted",44,3702
0,"weighted",45,3776
0,"weighted",46,6947
0,"weighted",47,13929
0,"weighted",48,13547
0,"weighted",49,5649
0,"weighted",50,3696
0,"weighted",51,2106
0,"weighted",52,9995
0,"weighted",53,4710
0,"weighted",54,1926
0,"weighted",55,656
0,"weighted",56,9739
0,"weighted",57,5679
0,"weighted",58,1290
0,"weighted",59,6972
0,"weighted",60,12815
0,"weighted",61,8863
0,"weighted",62,16
0,"weighted",63,5847
0,"weighted",64,10921
0,"weighted",65,581
0,"weighted",66,7076
0,"weighted",67,1609
0,"weighted",68,4559
0,"weighted",69,4292
0,"weighted",70,12057
0,"weighted",71,13077
0,"weighted",72,6767
0,"weighted",73,8933
0,"weighted",74,3492
0,"weighted",75,2782
0,"weighted",76,467
0,"weighted",77,3700
0,"weighted",78,12694
0,"weighted",79,4855
0,"weighted",80,13685
0,"weighted",81,9763
0,"weighted",82,13571
0,"weighted",83,10265
0,"weighted",84,12742
0,"weighted",85,2756
0,"weighted",86,12888
0,"weighted",87,5942
0,"weighted",88,4816
0,"weighted",89,1485
0,"weighted",90,10263
0,"weighted",91,4109
0,"weighted",92,14122
0,"weighted",93,1863
0,"weighted",94,4817
0,"weighted",95,8779
0,"weighted",96,13076
0,"weighted",97,12257
0,"weighted",98,12656
0,"weighted",99,7508
0,"weighted",100,4253
0,"weighted",101,6257
0,"weighted",102,2409
0,"weighted",103,7588
0,"weighted",104,9777
0,"weighted",105,1601
0,"weighted",106,11318
0,"weighted",107,9285
0,"weighted",108,4836
0,"weighted",109,2747
0,"weighted",110,5949
0,"weighted",111,3570
0,"weighted",112,12754
0,"weighted",113,1416
0,"weighted",114,11625
0,"weighted",115,1116
0,"weighted",116,3817
0,"weighted",117,550
0,"weighted",118,11634
0,"weighted",119,12910
0,"weighted",120,5872
0,"weighted",121,12789
0,"weighted",122,2135
0,"weighted",123,5293
0,"weighted",124,2163
0,"weighted",125,14017
0,"weighted",126,9614
0,"weighted",127,8728
0,"weighted",128,7321
0,"weighted",129,9996
0,"weighted",130,4690
0,"weighted",131,91
0,"weighted",132,4471
0,"weighted",133,5350
0,"weighted",134,9632
0,"weighted",135,9571
0,"weighted",136,10958
0,"weighted",137,5792
0,"weighted",138,5045
0,"weighted",139,4189
0,"weighted",140,11006
0,"weighted",141,1527
0,"weighted",142,543
0,"weighted",143,10982
0,"weighted",144,3473
0,"weighted",145,14121
0,"weighted",146,13642
0,"weighted",147,691
0,"weighted",148,1873
0,"weighted",149,8955
0,"weighted",150,11678
0,"weighted",151,8032
0,"weighted",152,3410
0,"weighted",153,2443
0,"weighted",154,11046
0,"weighted",155,8942
0,"weighted",156,351
0,"weighted",157,3502
0,"weighted",158,12908
0,"weighted",159,8945
0,"weighted",160,5144
0,"weighted",161,2140
0,"weighted",162,11816
0,"weighted",163,13910
0,"weighted",164,4581
0,"weighted",165,13927
0,"weighted",166,8654
0,"weighted",167,8700
0,"weighted",168,11349
0,"weighted",169,430
0,"weighted",170,12771
0,"weighted",171,4737
0,"weighted",172,11840
0,"weighted",173,11991
0,"weighted",174,74
0,"weighted",175,3853
0,"weighted",176,4181
0,"weighted",177,9555
0,"weighted",178,11303
0,"weighted",179,6977
0,"weighted",180,892
0,"weighted",181,8681
0,"weighted",182,10964
0,"weighted",183,5312
0,"weighted",184,4702
0,"weighted",185,11818
0,"weighted",186,2152
0,"weighted",187,13471
0,"weighted",188,8023
0,"weighted",189,941
0,"weighted",190,8723
0,"weighted",191,13919
0,"weighted",192,405
0,"weighted",193,3837
0,"weighted",194,13716
0,"weighted",195,5329
0,"weighted",196,3900
0,"weighted",197,12795
0,"weighted",198,9549
0,"weighted",199,3727
0,"weighted",200,400
0,"weighted",201,2150
0,"weighted",202,8690
0,"weighted",203,11994
0,"weighted",204,2195
0,"weighted",205,12801
0,"weighted",206,6657
0,"weighted",207,12921
0,"weighted",208,7035
0,"weighted",209,6919
0,"weighted",210,637
0,"weighted",211,322
0,"weighted",212,11798
0,"weighted",213,5284
0,"weighted",214,12799
0,"weighted",215,8707
0,"weighted",216,2098
0,"weighted",217,2325
0,"weighted",218,2323
0,"weighted",219,607
0,"weighted",220,5666
0,"weighted",221,4748
0,"weighted",222,10942
0,"weighted",223,9622
0,"weighted",224,9011
0,"weighted",225,3031
0,"weighted",226,11249
0,"weighted",227,5292
0,"weighted",228,8850
0,"weighted",229,6969
0,"weighted",230,13916
0,"weighted",231,11853
0,"weighted",232,5321
0,"weighted",233,6968
0,"weighted",234,11992
0,"weighted",235,1588
0,"weighted",236,3910
0,"weighted",237,12651
0,"weighted",238,2027
0,"weighted",239,13808
0,"weighted",240,2940
0,"weighted",241,11479
0,"weighted",242,1706
0,"weighted",243,5537
0,"weighted",244,9153
0,"weighted",245,11501
0,"weighted",246,11480
0,"weighted",247,9158
0,"weighted",248,1672
0,"weighted",249,10127
0,"weighted",250,4642
0,"weighted",251,9954
0,"weighted",252,10884
0,"weighted",253,12632
0,"weighted",254,3988
0,"weighted",255,10831
0,"weighted",256,4917
0,"weighted",257,6165
0,"weighted",258,9261
0,"weighted",259,10509
0,"weighted",260,8315
0,"weighted",261,5002
0,"weighted",262,178
0,"weighted",263,749
0,"weighted",264,6715
0,"weighted",265,3280
0,"weighted",266,9228
0,"weighted",267,7498
0,"weighted",268,11214
0,"weighted",269,12567
0,"weighted",270,12099
0,"weighted",271,7280
0,"weighted",272,6303
0,"weighted",273,13858
0,"weighted",274,5396
0,"weighted",275,9848
0,"weighted",276,5408
0,"weighted",277,9697
0,"weighted",278,6362
0,"weighted",279,14089
0,"weighted",280,8591
0,"weighted",281,1363
0,"weighted",282,4159
0,"weighted",283,9677
0,"weighted",284,7823
0,"weighted",285,6418
0,"weighted",286,9675
0,"weighted",287,274
0,"weighted",288,1143
0,"weighted",289,12300
0,"weighted",290,5158
0,"weighted",291,4993
0,"weighted",292,13845
0,"weighted",293,8412
0,"weighted",294,11542
0,"weighted",295,4325
0,"weighted",296,4107
0,"weighted",297,6129
0,"weighted",298,1051
0,"weighted",299,5233
0,"weighted",300,7758
0,"weighted",301,2986
0,"weighted",302,1013
0,"weighted",303,2992
0,"weighted",304,1161
0,"weighted",305,11695
0,"weighted",306,7114
0,"weighted",307,4615
0,"weighted",308,1026
0,"weighted",309,10871
0,"weighted",310,6363
0,"weighted",311,9053
0,"weighted",312,765
0,"weighted",313,6070
0,"weighted",314,5574
0,"weighted",315,12450
0,"weighted",316,1350
0,"weighted",317,13351
0,"weighted",318,12554
0,"weighted",319,5481
0,"weighted",320,5498
0,"weighted",321,10561
0,"weighted",322,2512
0,"weighted",323,3387
0,"weighted",324,5202
0,"weighted",325,13291
0,"weighted",326,2945
0,"weighted",327,6159
0,"weighted",328,5372
0,"weighted",329,7169
0,"weighted",330,9100
0,"weighted",331,13835
0,"weighted",332,671
0,"weighted",333,11080
0,"weighted",334,1759
0,"weighted",335,11183
0,"weighted",336,12388
0,"weighted",337,12436
0,"weighted",338,4915
0,"weighted",339,10387
0,"weighted",340,3588
0,"weighted",341,3661
0,"weighted",342,12929
0,"weighted",343,1778
0,"weighted",344,5180
0,"weighted",345,11366
0,"weighted",346,12634
0,"weighted",347,4000
0,"weighted",348,1032
0,"weighted",349,2506
0,"weighted",350,13885
0,"weighted",351,1242
0,"weighted",352,10174
0,"weighted",353,495
0,"weighted",354,1831
0,"weighted",355,13783
0,"weighted",356,3347
0,"weighted",357,5971
0,"weighted",358,10761
0,"weighted",359,10773
0,"weighted",360,3361
0,"weighted",361,10161
0,"weighted",362,10155
0,"weighted",363,4493
0,"weighted",364,3432
0,"weighted",365,11110
0,"weighted",366,1263
0,"weighted",367,9588
0,"weighted",368,508
0,"weighted",369,8125
0,"weighted",370,4520
0,"weighted",371,10195
0,"weighted",372,9720
0,"weighted",373,3453
0,"weighted",374,10178
0,"weighted",375,9246
0,"weighted",376,11601
0,"weighted",377,7402
0,"weighted",378,6277
0,"weighted",379,11141
0,"weighted",380,6373
0,"weighted",381,4821
0,"weighted",382,11123
0,"weighted",383,129
0,"weighted",384,10566
0,"weighted",385,9094
0,"weighted",386,12327
0,"weighted",387,5468
0,"weighted",388,13227
0,"weighted",389,3521
0,"weighted",390,9123
0,"weighted",391,2862
0,"weighted",392,4381
0,"weighted",393,848
0,"weighted",394,7213
0,"weighted",395,4406
0,"weighted",396,809
0,"weighted",397,8362
0,"weighted",398,12348
0,"weighted",399,1042
0,"weighted",400,838
0,"weighted",401,11495
0,"weighted",402,7825
0,"weighted",403,9144
0,"weighted",404,4374
0,"weighted",405,833
0,"weighted",406,10602
0,"weighted",407,12076
0,"weighted",408,4828
0,"weighted",409,350
0,"weighted",410,11048
0,"weighted",411,2
0,"weighted",412,11673
0,"weighted",413,1300
0,"weighted",414,5405
0,"weighted",415,3504
0,"weighted",416,8944
0,"weighted",417,93
0,"weighted",418,10386
0,"weighted",419,5696
0,"weighted",420,12648
0,"weighted",421,13624
0,"weighted",422,8767
0,"weighted",423,12650
0,"weighted",424,8765
0,"weighted",425,9752
0,"weighted",426,778
0,"weighted",427,11313
0,"weighted",428,13622
0,"weighted",429,5908
0,"weighted",430,802
0,"weighted",431,7235
0,"weighted",432,883
0,"weighted",433,13781
0,"weighted",434,3465
0,"weighted",435,12690
0,"weighted",436,4399
0,"weighted",437,5941
0,"weighted",438,11464
0,"weighted",439,12201
0,"weighted",440,4714
0,"weighted",441,5307
0,"weighted",442,3138
0,"weighted",443,8057
0,"weighted",444,8094
0,"weighted",445,6265
0,"weighted",446,3980
0,"weighted",447,7560
0,"weighted",448,13627
0,"weighted",449,12720
0,"weighted",450,10289
0,"weighted",451,1440
0,"weighted",452,3995
0,"weighted",453,10456
0,"weighted",454,10262
0,"weighted",455,10969
0,"weighted",456,556
0,"weighted",457,11566
0,"weighted",458,9589
0,"weighted",459,7817
0,"weighted",460,9029
0,"weighted",461,11222
0,"weighted",462,7223
0,"weighted",463,11448
0,"weighted",464,1647
0,"weighted",465,12121
0,"weighted",466,5375
0,"weighted",467,10199
0,"weighted",468,12456
0,"weighted",469,12196
0,"weighted",470,10485
0,"weighted",471,7705
0,"weighted",472,9560
0,"weighted",473,5626
0,"weighted",474,4729
0,"weighted",475,2245
0,"weighted",476,8027
0,"weighted",477,41
0,"weighted",478,7062
0,"weighted",479,13727
0,"weighted",480,7674
0,"weighted",481,4696
0,"weighted",482,4845
0,"weighted",483,8726
0,"weighted",484,8758
0,"weighted",485,2165
0,"weighted",486,4680
0,"weighted",487,12226
0,"weighted",488,3687
0,"weighted",489,11144
0,"weighted",490,915
0,"weighted",491,6232
0,"weighted",492,3707
0,"weighted",493,6021
0,"weighted",494,10960
0,"weighted",495,3054
0,"weighted",496,8865
0,"weighted",497,10894
0,"weighted",498,9318
0,"weighted",499,10079
0,"weighted",500,618
0,"weighted",501,9504
0,"weighted",502,4685
0,"weighted",503,15
0,"weighted",504,622
0,"weighted",505,2845
0,"weighted",506,2188
0,"weighted",507,888
0,"weighted",508,11855
0,"weighted",509,1536
0,"weighted",510,4210
0,"weighted",511,4771
0,"weighted",512,9749
0,"weighted",513,2047
0,"weighted",514,2719
0,"weighted",515,7000
0,"weighted",516,5678
0,"weighted",517,4779
0,"weighted",518,6820
0,"weighted",519,2051
0,"weighted",520,2730
0,"weighted",521,9453
0,"weighted",522,10302
0,"weighted",523,7540
0,"weighted",524,117
0,"weighted",525,12832
0,"weighted",526,11160
0,"weighted",527,12681
0,"weighted",528,9018
0,"weighted",529,1570
0,"weighted",530,9467
0,"weighted",531,7531
0,"weighted",532,4488
0,"weighted",533,1509
0,"weighted",534,1668
0,"weighted",535,6748
0,"weighted",536,1597
0,"weighted",537,10221
0,"weighted",538,3386
0,"weighted",539,13574
0,"weighted",540,6549
0,"weighted",541,9462
0,"weighted",542,10053
0,"weighted",543,11321
0,"weighted",544,3761
0,"weighted",545,9322
0,"weighted",546,12747
0,"weighted",547,10298
0,"weighted",548,2218
0,"weighted",549,2222
0,"weighted",550,9411
0,"weighted",551,2406
0,"weighted",552,2086
0,"weighted",553,3129
0,"weighted",554,5613
0,"weighted",555,2752
0,"weighted",556,6774
0,"weighted",557,10994
0,"weighted",558,7536
0,"weighted",559,11468
0,"weighted",560,6278
0,"weighted",561,2865
0,"weighted",562,11440
0,"weighted",563,1073
0,"weighted",564,4363
0,"weighted",565,10497
0,"weighted",566,13804
0,"weighted",567,7196
0,"weighted",568,9143
0,"weighted",569,8538
0,"weighted",570,12591
0,"weighted",571,4619
0,"weighted",572,8409
0,"weighted",573,4012
0,"weighted",574,2529
0,"weighted",575,10642
0,"weighted",576,4579
0,"weighted",577,216
0,"weighted",578,12412
0,"weighted",579,9931
0,"weighted",580,1687
0,"weighted",581,7750
0,"weighted",582,4918
0,"weighted",583,8590
0,"weighted",584,5178
0,"weighted",585,11697
0,"weighted",586,4925
0,"weighted",587,4994
0,"weighted",588,5015
0,"weighted",589,12423
0,"weighted",590,4978
0,"weighted",591,5215
0,"weighted",592,6049
0,"weighted",593,8464
0,"weighted",594,8468
0,"weighted",595,9294
0,"weighted",596,6394
0,"weighted",597,4442
0,"weighted",598,4887
0,"weighted",599,6293
0,"weighted",600,5553
0,"weighted",601,12345
0,"weighted",602,5201
0,"weighted",603,852
0,"weighted",604,910
0,"weighted",605,11096
0,"weighted",606,8977
0,"weighted",607,8962
0,"weighted",608,5600
0,"weighted",609,5889
0,"weighted",610,7957
0,"weighted",611,13700
0,"weighted",612,8348
0,"weighted",613,11971
0,"weighted",614,14156
0,"weighted",615,25
0,"weighted",616,661
0,"weighted",617,872
0,"weighted",618,1821
0,"weighted",619,10167
0,"weighted",620,478
0,"weighted",621,491
0,"weighted",622,6553
0,"weighted",623,3631
0,"weighted",624,10745
0,"weighted",625,4487
0,"weighted",626,4799
0,"weighted",627,12523
0,"weighted",628,488
0,"weighted",629,7377
0,"weighted",630,6583
0,"weighted",631,9207
0,"weighted",632,5969
0,"weighted",633,8479
0,"weighted",634,9639
0,"weighted",635,9718
0,"weighted",636,3430
0,"weighted",637,9222
0,"weighted",638,7541
0,"weighted",639,8114
0,"weighted",640,503
0,"weighted",641,4507
0,"weighted",642,11597
0,"weighted",643,10797
0,"weighted",644,7400
0,"weighted",645,10181
0,"weighted",646,7840
0,"weighted",647,11613
0,"weighted",648,4501
0,"weighted",649,5104
0,"weighted",650,12852
0,"weighted",651,7399
0,"weighted",652,5109
0,"weighted",653,1250
0,"weighted",654,3380
0,"weighted",655,13133
0,"weighted",656,12670
0,"weighted",657,2444
0,"weighted",658,4854
0,"weighted",659,3468
0,"weighted",660,10981
0,"weighted",661,6607
0,"weighted",662,1292
0,"weighted",663,11015
0,"weighted",664,11654
0,"weighted",665,10216
0,"weighted",666,8144
0,"weighted",667,7714
0,"weighted",668,4947
0,"weighted",669,325
0,"weighted",670,11637
0,"weighted",671,11760
0,"weighted",672,3505
0,"weighted",673,8981
0,"weighted",674,1498
0,"weighted",675,3678
0,"weighted",676,6768
0,"weighted",677,5997
0,"weighted",678,11022
0,"weighted",679,3246
0,"weighted",680,6001
0,"weighted",681,4574
0,"weighted",682,364
0,"weighted",683,6851
0,"weighted",684,1913
0,"weighted",685,12904
0,"weighted",686,2432
0,"weighted",687,7978
0,"weighted",688,10364
0,"weighted",689,1534
0,"weighted",690,3075
0,"weighted",691,4802
0,"weighted",692,5832
0,"weighted",693,7671
0,"weighted",694,11063
0,"weighted",695,9317
0,"weighted",696,597
0,"weighted",697,10325
0,"weighted",698,26
0,"weighted",699,9572
0,"weighted",700,8660
0,"weighted",701,11935
0,"weighted",702,7996
0,"weighted",703,10625
0,"weighted",704,12962
0,"weighted",705,8748
0,"weighted",706,12236
0,"weighted",707,10319
0,"weighted",708,7042
0,"weighted",709,13682
0,"weighted",710,9924
0,"weighted",711,841
0,"weighted",712,794
0,"weighted",713,6108
0,"weighted",714,10844
0,"weighted",715,4311
0,"weighted",716,1334
0,"weighted",717,9971
0,"weighted",718,6169
0,"weighted",719,6484
0,"weighted",720,6408
0,"weighted",721,2991
0,"weighted",722,3557
0,"weighted",723,11401
0,"weighted",724,12179
0,"weighted",725,3287
0,"weighted",726,7147
0,"weighted",727,2554
0,"weighted",728,4641
0,"weighted",729,277
0,"weighted",730,718
0,"weighted",731,1763
0,"weighted",732,6131
0,"weighted",733,1996
0,"weighted",734,7862
0,"weighted",735,6154
0,"weighted",736,9058
0,"weighted",737,263
0,"weighted",738,2383
0,"weighted",739,739
0,"weighted",740,1020
0,"weighted",741,14139
0,"weighted",742,12597
0,"weighted",743,6410
0,"weighted",744,5060
0,"weighted",745,4135
0,"weighted",746,4629
0,"weighted",747,12129
0,"weighted",748,689
0,"weighted",749,11514
0,"weighted",750,14142
0,"weighted",751,10055
0,"weighted",752,6046
0,"weighted",753,10674
0,"weighted",754,9956
0,"weighted",755,2657
0,"weighted",756,6073
0,"weighted",757,7813
0,"weighted",758,4410
0,"weighted",759,12928
0,"weighted",760,3982
0,"weighted",761,1018
0,"weighted",762,3213
0,"weighted",763,9819
0,"weighted",764,2963
0,"weighted",765,1781
0,"weighted",766,146
0,"weighted",767,9080
0,"weighted",768,12458
0,"weighted",769,7777
0,"weighted",770,12402
0,"weighted",771,11383
0,"weighted",772,13866
0,"weighted",773,2688
0,"weighted",774,5017
0,"weighted",775,6146
0,"weighted",776,1385
0,"weighted",777,1007
0,"weighted",778,1946
0,"weighted",779,6383
0,"weighted",780,2662
0,"weighted",781,7501
0,"weighted",782,12414
0,"weighted",783,7967
0,"weighted",784,1365
0,"weighted",785,10448
0,"weighted",786,7039
0,"weighted",787,12750
0,"weighted",788,10457
0,"weighted",789,4774
0,"weighted",790,5899
0,"weighted",791,11783
0,"weighted",792,6665
0,"weighted",793,8165
0,"weighted",794,9543
0,"weighted",795,1504
0,"weighted",796,884
0,"weighted",797,9727
0,"weighted",798,5891
0,"weighted",799,11828
0,"weighted",800,6800
0,"weighted",801,2289
0,"weighted",802,5328
0,"weighted",803,10095
0,"weighted",804,4209
0,"weighted",805,10047
0,"weighted",806,2180
0,"weighted",807,621
0,"weighted",808,13373
0,"weighted",809,937
0,"weighted",810,10242
0,"weighted",811,3235
0,"weighted",812,9618
0,"weighted",813,5311
0,"weighted",814,10104
0,"weighted",815,13606
0,"weighted",816,4740
0,"weighted",817,8807
0,"weighted",818,7980
0,"weighted",819,11289
0,"weighted",820,12956
0,"weighted",821,11774
0,"weighted",822,13692
0,"weighted",823,4733
0,"weighted",824,11284
0,"weighted",825,9545
0,"weighted",826,9520
0,"weighted",827,2718
0,"weighted",828,3902
0,"weighted",829,5267
0,"weighted",830,3871
0,"weighted",831,7623
0,"weighted",832,11803
0,"weighted",833,8024
0,"weighted",834,10360
0,"weighted",835,11812
0,"weighted",836,6866
0,"weighted",837,8651
0,"weighted",838,5661
0,"weighted",839,10303
0,"weighted",840,6775
0,"weighted",841,7656
0,"weighted",842,9431
0,"weighted",843,5276
0,"weighted",844,3793
0,"weighted",845,8083
0,"weighted",846,12823
0,"weighted",847,4228
0,"weighted",848,3809
0,"weighted",849,2056
0,"weighted",850,6816
0,"weighted",851,4230
0,"weighted",852,2058
0,"weighted",853,6246
0,"weighted",854,10190
0,"weighted",855,2060
0,"weighted",856,13625
0,"weighted",857,783
0,"weighted",858,3111
0,"weighted",859,13633
0,"weighted",860,7426
0,"weighted",861,6370
0,"weighted",862,1528
0,"weighted",863,6229
0,"weighted",864,6822
0,"weighted",865,1307
0,"weighted",866,12857
0,"weighted",867,11335
0,"weighted",868,13586
0,"weighted",869,12719
0,"weighted",870,555
0,"weighted",871,11273
0,"weighted",872,1959
0,"weighted",873,13956
0,"weighted",874,9470
0,"weighted",875,8708
0,"weighted",876,12026
0,"weighted",877,1605
0,"weighted",878,2316
0,"weighted",879,5156
0,"weighted",880,9315
0,"weighted",881,9292
0,"weighted",882,13127
0,"weighted",883,13023
0,"weighted",884,3582
0,"weighted",885,10312
0,"weighted",886,10972
0,"weighted",887,49
0,"weighted",888,8216
0,"weighted",889,12014
0,"weighted",890,10270
0,"weighted",891,3426
0,"weighted",892,10327
0,"weighted",893,9475
0,"weighted",894,1567
0,"weighted",895,9623
0,"weighted",896,5735
0,"weighted",897,4260
0,"weighted",898,564
0,"weighted",899,2230
0,"weighted",900,9767
0,"weighted",901,4143
0,"weighted",902,11933
0,"weighted",903,3042
0,"weighted",904,10573
0,"weighted",905,10609
0,"weighted",906,5512
0,"weighted",907,1121
0,"weighted",908,1273
0,"weighted",909,4875
0,"weighted",910,9770
0,"weighted",911,8286
0,"weighted",912,7744
0,"weighted",913,4302
0,"weighted",914,9477
0,"weighted",915,9858
0,"weighted",916,2408
0,"weighted",917,5521
0,"weighted",918,3610
0,"weighted",919,3164
0,"weighted",920,5585
0,"weighted",921,12149
0,"weighted",922,1002
0,"weighted",923,13864
0,"weighted",924,1031
0,"weighted",925,5411
0,"weighted",926,8439
0,"weighted",927,1035
0,"weighted",928,7237
0,"weighted",929,12365
0,"weighted",930,9364
0,"weighted",931,8570
0,"weighted",932,6693
0,"weighted",933,13881
0,"weighted",934,6167
0,"weighted",935,12161
0,"weighted",936,9973
0,"weighted",937,6479
0,"weighted",938,2614
0,"weighted",939,5985
0,"weighted",940,2449
0,"weighted",941,4775
0,"weighted",942,10102
0,"weighted",943,682
0,"weighted",944,3319
0,"weighted",945,2018
0,"weighted",946,199
0,"weighted",947,906
0,"weighted",948,7008
0,"weighted",949,4287
0,"weighted",950,2009
0,"weighted",951,792
0,"weighted",952,7614
0,"weighted",953,2124
0,"weighted",954,3711
0,"weighted",955,7314
0,"weighted",956,2031
0,"weighted",957,3227
0,"weighted",958,12811
0,"weighted",959,525
0,"weighted",960,9221
0,"weighted",961,10779
0,"weighted",962,1740
0,"weighted",963,12530
0,"weighted",964,12052
0,"weighted",965,1815
0,"weighted",966,1811
0,"weighted",967,11574
0,"weighted",968,4069
0,"weighted",969,11537
0,"weighted",970,5896
0,"weighted",971,1226
0,"weighted",972,5087
0,"weighted",973,6286
0,"weighted",974,6566
0,"weighted",975,486
0,"weighted",976,9409
0,"weighted",977,7368
0,"weighted",978,6585
0,"weighted",979,5083
0,"weighted",980,12547
0,"weighted",981,1819
0,"weighted",982,13014
0,"weighted",983,3367
0,"weighted",984,2335
0,"weighted",985,11450
0,"weighted",986,3448
0,"weighted",987,3455
0,"weighted",988,4497
0,"weighted",989,10194
0,"weighted",990,1854
0,"weighted",991,8903
0,"weighted",992,6604
0,"weighted",993,10798
0,"weighted",994,4521
0,"weighted",995,2727
0,"weighted",996,11615
0,"weighted",997,8361
0,"weighted",998,3371
0,"weighted",999,4502
0,"weighted",1000,3458
0,"weighted",1001,12697
0,"weighted",1002,6606
0,"weighted",1003,3462
0,"weighted",1004,7692
0,"weighted",1005,2717
0,"weighted",1006,5120
0,"weighted",1007,11131
0,"weighted",1008,12344
0,"weighted",1009,2320
0,"weighted",1010,13908
0,"weighted",1011,6360
0,"weighted",1012,1297
0,"weighted",1013,11044
0,"weighted",1014,7513
0,"weighted",1015,7731
0,"weighted",1016,8157
0,"weighted",1017,1916
0,"weighted",1018,12906
0,"weighted",1019,9162
0,"weighted",1020,1306
0,"weighted",1021,6239
0,"weighted",1022,3329
0,"weighted",1023,2837
0,"weighted",1024,3047
0,"weighted",1025,9748
0,"weighted",1026,2578
0,"weighted",1027,1094
0,"weighted",1028,14009
0,"weighted",1029,2714
0,"weighted",1030,11248
0,"weighted",1031,36
0,"weighted",1032,12680
0,"weighted",1033,2707
0,"weighted",1034,4755
0,"weighted",1035,4678
0,"weighted",1036,3783
0,"weighted",1037,7067
0,"weighted",1038,6461
0,"weighted",1039,3693
0,"weighted",1040,8793
0,"weighted",1041,5322
0,"weighted",1042,4706
0,"weighted",1043,9328
0,"weighted",1044,2249
0,"weighted",1045,11276
0,"weighted",1046,12193
0,"weighted",1047,9327
0,"weighted",1048,9421
0,"weighted",1049,4405
0,"weighted",1050,13702
0,"weighted",1051,5895
0,"weighted",1052,13486
0,"weighted",1053,11833
0,"weighted",1054,9633
0,"weighted",1055,6905
0,"weighted",1056,6879
0,"weighted",1057,3027
0,"weighted",1058,13550
0,"weighted",1059,3417
0,"weighted",1060,2441
0,"weighted",1061,10971
0,"weighted",1062,6970
0,"weighted",1063,13914
0,"weighted",1064,5643
0,"weighted",1065,2424
0,"weighted",1066,7199
0,"weighted",1067,3236
0,"weighted",1068,2397
0,"weighted",1069,1010
0,"weighted",1070,7899
0,"weighted",1071,9205
0,"weighted",1072,1775
0,"weighted",1073,12594
0,"weighted",1074,5387
0,"weighted",1075,9684
0,"weighted",1076,686
0,"weighted",1077,2641
0,"weighted",1078,4901
0,"weighted",1079,539
0,"weighted",1080,674
0,"weighted",1081,260
0,"weighted",1082,10703
0,"weighted",1083,223
0,"weighted",1084,7883
0,"weighted",1085,12452
0,"weighted",1086,725
0,"weighted",1087,3168
0,"weighted",1088,7163
0,"weighted",1089,2631
0,"weighted",1090,11692
0,"weighted",1091,10885
0,"weighted",1092,13596
0,"weighted",1093,1373
0,"weighted",1094,2518
0,"weighted",1095,4310
0,"weighted",1096,8408
0,"weighted",1097,6314
0,"weighted",1098,5369
0,"weighted",1099,164
0,"weighted",1100,3547
0,"weighted",1101,4897
0,"weighted",1102,6052
0,"weighted",1103,12396
0,"weighted",1104,4630
0,"weighted",1105,12275
0,"weighted",1106,7905
0,"weighted",1107,3300
0,"weighted",1108,11523
0,"weighted",1109,13344
0,"weighted",1110,9343
0,"weighted",1111,6507
0,"weighted",1112,6706
0,"weighted",1113,7364
0,"weighted",1114,11685
0,"weighted",1115,9095
0,"weighted",1116,6119
0,"weighted",1117,5545
0,"weighted",1118,5242
0,"weighted",1119,6686
0,"weighted",1120,6068
0,"weighted",1121,1146
0,"weighted",1122,14058
0,"weighted",1123,687
0,"weighted",1124,13323
0,"weighted",1125,12465
0,"weighted",1126,7752
0,"weighted",1127,3992
0,"weighted",1128,3273
0,"weighted",1129,11439
0,"weighted",1130,753
0,"weighted",1131,998
0,"weighted",1132,11531
0,"weighted",1133,12276
0,"weighted",1134,10645
0,"weighted",1135,190
0,"weighted",1136,9204
0,"weighted",1137,2675
0,"weighted",1138,8399
0,"weighted",1139,4616
0,"weighted",1140,1379
0,"weighted",1141,1029
0,"weighted",1142,4007
0,"weighted",1143,7782
0,"weighted",1144,6718
0,"weighted",1145,6308
0,"weighted",1146,994
0,"weighted",1147,8282
0,"weighted",1148,2505
0,"weighted",1149,6493
0,"weighted",1150,8268
0,"weighted",1151,991
0,"weighted",1152,10693
0,"weighted",1153,10886
0,"weighted",1154,11698
0,"weighted",1155,6717
0,"weighted",1156,9883
0,"weighted",1157,12604
0,"weighted",1158,4346
0,"weighted",1159,7889
0,"weighted",1160,6145
0,"weighted",1161,3313
0,"weighted",1162,12278
0,"weighted",1163,6309
0,"weighted",1164,14083
0,"weighted",1165,3215
0,"weighted",1166,2994
0,"weighted",1167,4163
0,"weighted",1168,14066
0,"weighted",1169,8279
0,"weighted",1170,10704
0,"weighted",1171,1917
0,"weighted",1172,4999
0,"weighted",1173,10677
0,"weighted",1174,10683
0,"weighted",1175,11411
0,"weighted",1176,709
0,"weighted",1177,1760
0,"weighted",1178,1977
0,"weighted",1179,982
0,"weighted",1180,2683
0,"weighted",1181,9051
0,"weighted",1182,3534
0,"weighted",1183,4025
0,"weighted",1184,13834
0,"weighted",1185,12387
0,"weighted",1186,11224
0,"weighted",1187,1336
0,"weighted",1188,10553
0,"weighted",1189,1361
0,"weighted",1190,10692
0,"weighted",1191,2987
0,"weighted",1192,11398
0,"weighted",1193,9368
0,"weighted",1194,10510
0,"weighted",1195,6694
0,"weighted",1196,3732
0,"weighted",1197,1462
0,"weighted",1198,13395
0,"weighted",1199,1862
0,"weighted",1200,5070
0,"weighted",1201,10152
0,"weighted",1202,5053
0,"weighted",1203,9593
0,"weighted",1204,1033
0,"weighted",1205,8540
0,"weighted",1206,194
0,"weighted",1207,2606
0,"weighted",1208,11972
0,"weighted",1209,4262
0,"weighted",1210,5363
0,"weighted",1211,876
0,"weighted",1212,4329
0,"weighted",1213,14008
0,"weighted",1214,3996
0,"weighted",1215,5089
0,"weighted",1216,12552
0,"weighted",1217,9220
0,"weighted",1218,11540
0,"weighted",1219,3439
0,"weighted",1220,3936
0,"weighted",1221,13773
0,"weighted",1222,1816
0,"weighted",1223,7385
0,"weighted",1224,9216
0,"weighted",1225,11535
0,"weighted",1226,8913
0,"weighted",1227,4529
0,"weighted",1228,7915
0,"weighted",1229,6627
0,"weighted",1230,6618
0,"weighted",1231,12870
0,"weighted",1232,8919
0,"weighted",1233,3393
0,"weighted",1234,12868
0,"weighted",1235,7403
0,"weighted",1236,2160
0,"weighted",1237,3798
0,"weighted",1238,1619
0,"weighted",1239,4877
0,"weighted",1240,4368
0,"weighted",1241,7173
0,"weighted",1242,7093
0,"weighted",1243,10515
0,"weighted",1244,9649
0,"weighted",1245,1754
0,"weighted",1246,810
0,"weighted",1247,11172
0,"weighted",1248,1737
0,"weighted",1249,2941
0,"weighted",1250,9416
0,"weighted",1251,3625
0,"weighted",1252,845
0,"weighted",1253,11477
0,"weighted",1254,1111
0,"weighted",1255,2447
0,"weighted",1256,7188
0,"weighted",1257,2375
0,"weighted",1258,6440
0,"weighted",1259,9647
0,"weighted",1260,7216
0,"weighted",1261,5012
0,"weighted",1262,11156
0,"weighted",1263,4971
0,"weighted",1264,3643
0,"weighted",1265,3238
0,"weighted",1266,9917
0,"weighted",1267,8592
0,"weighted",1268,1147
0,"weighted",1269,11704
0,"weighted",1270,12619
0,"weighted",1271,8441
0,"weighted",1272,5239
0,"weighted",1273,5190
0,"weighted",1274,10530
0,"weighted",1275,1156
0,"weighted",1276,2973
0,"weighted",1277,7458
0,"weighted",1278,11503
0,"weighted",1279,7859
0,"weighted",1280,6722
0,"weighted",1281,13296
0,"weighted",1282,1762
0,"weighted",1283,12106
0,"weighted",1284,7440
0,"weighted",1285,8295
0,"weighted",1286,10533
0,"weighted",1287,4421
0,"weighted",1288,8460
0,"weighted",1289,2630
0,"weighted",1290,2882
0,"weighted",1291,2643
0,"weighted",1292,7127
0,"weighted",1293,9055
0,"weighted",1294,7059
0,"weighted",1295,12877
0,"weighted",1296,2787
0,"weighted",1297,11643
0,"weighted",1298,7720
0,"weighted",1299,4257
0,"weighted",1300,6640
0,"weighted",1301,6641
0,"weighted",1302,1908
0,"weighted",1303,7730
0,"weighted",1304,3407
0,"weighted",1305,9296
0,"weighted",1306,5999
0,"weighted",1307,12890
0,"weighted",1308,10016
0,"weighted",1309,6995
0,"weighted",1310,5352
0,"weighted",1311,10376
0,"weighted",1312,5686
0,"weighted",1313,11250
0,"weighted",1314,7637
0,"weighted",1315,1810
0,"weighted",1316,10234
0,"weighted",1317,8044
0,"weighted",1318,931
0,"weighted",1319,2159
0,"weighted",1320,13898
0,"weighted",1321,11299
0,"weighted",1322,867
0,"weighted",1323,894
0,"weighted",1324,10098
0,"weighted",1325,2136
0,"weighted",1326,3074
0,"weighted",1327,10904
0,"weighted",1328,3710
0,"weighted",1329,2116
0,"weighted",1330,12786
0,"weighted",1331,11978
0,"weighted",1332,4831
0,"weighted",1333,10096
0,"weighted",1334,84
0,"weighted",1335,2100
0,"weighted",1336,3053
0,"weighted",1337,14126
0,"weighted",1338,10230
0,"weighted",1339,12787
0,"weighted",1340,1523
0,"weighted",1341,1924
0,"weighted",1342,3857
0,"weighted",1343,10324
0,"weighted",1344,10939
0,"weighted",1345,11879
0,"weighted",1346,4697
0,"weighted",1347,13676
0,"weighted",1348,10374
0,"weighted",1349,6906
0,"weighted",1350,6880
0,"weighted",1351,85
0,"weighted",1352,13613
0,"weighted",1353,11829
0,"weighted",1354,11889
0,"weighted",1355,9444
0,"weighted",1356,3791
0,"weighted",1357,10411
0,"weighted",1358,10920
0,"weighted",1359,2209
0,"weighted",1360,11919
0,"weighted",1361,5706
0,"weighted",1362,2203
0,"weighted",1363,12004
0,"weighted",1364,7144
0,"weighted",1365,6929
0,"weighted",1366,3771
0,"weighted",1367,14007
0,"weighted",1368,4833
0,"weighted",1369,13994
0,"weighted",1370,2738
0,"weighted",1371,14116
0,"weighted",1372,5810
0,"weighted",1373,8899
0,"weighted",1374,3450
0,"weighted",1375,304
0,"weighted",1376,9230
0,"weighted",1377,1845
0,"weighted",1378,8127
0,"weighted",1379,301
0,"weighted",1380,4293
0,"weighted",1381,13562
0,"weighted",1382,12011
0,"weighted",1383,3133
0,"weighted",1384,10435
0,"weighted",1385,560
0,"weighted",1386,3974
0,"weighted",1387,7579
0,"weighted",1388,10985
0,"weighted",1389,12092
0,"weighted",1390,9544
0,"weighted",1391,8647
0,"weighted",1392,7929
0,"weighted",1393,6859
0,"weighted",1394,1475
0,"weighted",1395,7411
0,"weighted",1396,10407
0,"weighted",1397,13577
0,"weighted",1398,8179
0,"weighted",1399,1461
0,"weighted",1400,10397
0,"weighted",1401,13963
0,"weighted",1402,11223
0,"weighted",1403,12898
0,"weighted",1404,12896
0,"weighted",1405,3130
0,"weighted",1406,10012
0,"weighted",1407,7696
0,"weighted",1408,13051
0,"weighted",1409,119
0,"weighted",1410,6260
0,"weighted",1411,4857
0,"weighted",1412,13647
0,"weighted",1413,5834
0,"weighted",1414,6262
0,"weighted",1415,9766
0,"weighted",1416,12047
0,"weighted",1417,1596
0,"weighted",1418,2231
0,"weighted",1419,13669
0,"weighted",1420,13583
0,"weighted",1421,11831
0,"weighted",1422,1482
0,"weighted",1423,9759
0,"weighted",1424,13967
0,"weighted",1425,5150
0,"weighted",1426,5688
0,"weighted",1427,1893
0,"weighted",1428,1289
0,"weighted",1429,1281
0,"weighted",1430,10031
0,"weighted",1431,1486
0,"weighted",1432,7034
0,"weighted",1433,7041
0,"weighted",1434,2272
0,"weighted",1435,109
0,"weighted",1436,961
0,"weighted",1437,4823
0,"weighted",1438,10950
0,"weighted",1439,530
0,"weighted",1440,9524
0,"weighted",1441,13894
0,"weighted",1442,6005
0,"weighted",1443,5944
0,"weighted",1444,432
0,"weighted",1445,13905
0,"weighted",1446,7681
0,"weighted",1447,7020
0,"weighted",1448,5790
0,"weighted",1449,5897
0,"weighted",1450,5281
0,"weighted",1451,6778
0,"weighted",1452,6011
0,"weighted",1453,8051
0,"weighted",1454,12220
0,"weighted",1455,3746
0,"weighted",1456,5337
0,"weighted",1457,5355
0,"weighted",1458,69
0,"weighted",1459,7990
0,"weighted",1460,12238
0,"weighted",1461,13699
0,"weighted",1462,935
0,"weighted",1463,4750
0,"weighted",1464,10978
0,"weighted",1465,4773
0,"weighted",1466,5345
0,"weighted",1467,9554
0,"weighted",1468,904
0,"weighted",1469,14113
0,"weighted",1470,10266
0,"weighted",1471,1704
0,"weighted",1472,11444
0,"weighted",1473,9934
0,"weighted",1474,3628
0,"weighted",1475,7190
0,"weighted",1476,10475
0,"weighted",1477,568
0,"weighted",1478,5677
0,"weighted",1479,5540
0,"weighted",1480,5525
0,"weighted",1481,2386
0,"weighted",1482,6443
0,"weighted",1483,4968
0,"weighted",1484,8370
0,"weighted",1485,4954
0,"weighted",1486,13130
0,"weighted",1487,1756
0,"weighted",1488,3609
0,"weighted",1489,5567
0,"weighted",1490,8505
0,"weighted",1491,11680
0,"weighted",1492,7810
0,"weighted",1493,1970
0,"weighted",1494,12135
0,"weighted",1495,5484
0,"weighted",1496,1312
0,"weighted",1497,1362
0,"weighted",1498,11343
0,"weighted",1499,13330
0,"weighted",1500,1648
0,"weighted",1501,7353
0,"weighted",1502,8405
0,"weighted",1503,9838
0,"weighted",1504,10679
0,"weighted",1505,3308
0,"weighted",1506,10658
0,"weighted",1507,10227
0,"weighted",1508,6203
0,"weighted",1509,2504
0,"weighted",1510,6136
0,"weighted",1511,10654
0,"weighted",1512,2642
0,"weighted",1513,9890
0,"weighted",1514,1320
0,"weighted",1515,11086
0,"weighted",1516,9979
0,"weighted",1517,1780
0,"weighted",1518,5547
0,"weighted",1519,1030
0,"weighted",1520,10867
0,"weighted",1521,2522
0,"weighted",1522,11232
0,"weighted",1523,5234
0,"weighted",1524,9664
0,"weighted",1525,7265
0,"weighted",1526,8471
0,"weighted",1527,13815
0,"weighted",1528,9308
0,"weighted",1529,6669
0,"weighted",1530,10664
0,"weighted",1531,8423
0,"weighted",1532,12394
0,"weighted",1533,3544
0,"weighted",1534,1670
0,"weighted",1535,9085
0,"weighted",1536,1990
0,"weighted",1537,9181
0,"weighted",1538,7487
0,"weighted",1539,1050
0,"weighted",1540,6312
0,"weighted",1541,13290
0,"weighted",1542,10288
0,"weighted",1543,7650
0,"weighted",1544,8836
0,"weighted",1545,6961
0,"weighted",1546,9511
0,"weighted",1547,7977
0,"weighted",1548,8183
0,"weighted",1549,8737
0,"weighted",1550,11292
0,"weighted",1551,11959
0,"weighted",1552,13926
0,"weighted",1553,7056
0,"weighted",1554,2557
0,"weighted",1555,2773
0,"weighted",1556,7991
0,"weighted",1557,6782
0,"weighted",1558,2248
0,"weighted",1559,7670
0,"weighted",1560,3864
0,"weighted",1561,13413
0,"weighted",1562,2243
0,"weighted",1563,6234
0,"weighted",1564,12202
0,"weighted",1565,3106
0,"weighted",1566,895
0,"weighted",1567,2582
0,"weighted",1568,9326
0,"weighted",1569,6940
0,"weighted",1570,13701
0,"weighted",1571,551
0,"weighted",1572,8838
0,"weighted",1573,6958
0,"weighted",1574,10963
0,"weighted",1575,6904
0,"weighted",1576,873
0,"weighted",1577,3100
0,"weighted",1578,95
0,"weighted",1579,7069
0,"weighted",1580,9804
0,"weighted",1581,12954
0,"weighted",1582,4206
0,"weighted",1583,5650
0,"weighted",1584,7016
0,"weighted",1585,2552
0,"weighted",1586,5751
0,"weighted",1587,6439
0,"weighted",1588,6266
0,"weighted",1589,3813
0,"weighted",1590,2050
0,"weighted",1591,3808
0,"weighted",1592,1269
0,"weighted",1593,10423
0,"weighted",1594,12249
0,"weighted",1595,4656
0,"weighted",1596,8787
0,"weighted",1597,3962
0,"weighted",1598,12245
0,"weighted",1599,11446
0,"weighted",1600,1470
0,"weighted",1601,7594
0,"weighted",1602,7589
0,"weighted",1603,3953
0,"weighted",1604,7111
0,"weighted",1605,10488
0,"weighted",1606,11528
0,"weighted",1607,8776
0,"weighted",1608,4250
0,"weighted",1609,11112
0,"weighted",1610,12934
0,"weighted",1611,10305
0,"weighted",1612,11713
0,"weighted",1613,3825
0,"weighted",1614,1413
0,"weighted",1615,5931
0,"weighted",1616,10068
0,"weighted",1617,1611
0,"weighted",1618,4443
0,"weighted",1619,8160
0,"weighted",1620,7160
0,"weighted",1621,4190
0,"weighted",1622,6935
0,"weighted",1623,7534
0,"weighted",1624,12062
0,"weighted",1625,13664
0,"weighted",1626,5557
0,"weighted",1627,7764
0,"weighted",1628,558
0,"weighted",1629,14146
0,"weighted",1630,6556
0,"weighted",1631,12117
0,"weighted",1632,6492
0,"weighted",1633,6674
0,"weighted",1634,2966
0,"weighted",1635,1048
0,"weighted",1636,2673
0,"weighted",1637,1529
0,"weighted",1638,2812
0,"weighted",1639,2295
0,"weighted",1640,632
0,"weighted",1641,9382
0,"weighted",1642,1786
0,"weighted",1643,3733
0,"weighted",1644,13888
0,"weighted",1645,10123
0,"weighted",1646,1623
0,"weighted",1647,6357
0,"weighted",1648,8243
0,"weighted",1649,200
0,"weighted",1650,3348
0,"weighted",1651,13794
0,"weighted",1652,6552
0,"weighted",1653,5975
0,"weighted",1654,7360
0,"weighted",1655,12937
0,"weighted",1656,10157
0,"weighted",1657,12988
0,"weighted",1658,8878
0,"weighted",1659,3353
0,"weighted",1660,7383
0,"weighted",1661,5091
0,"weighted",1662,10774
0,"weighted",1663,6582
0,"weighted",1664,5596
0,"weighted",1665,2922
0,"weighted",1666,3525
0,"weighted",1667,4512
0,"weighted",1668,5689
0,"weighted",1669,10802
0,"weighted",1670,3384
0,"weighted",1671,1850
0,"weighted",1672,8900
0,"weighted",1673,9780
0,"weighted",1674,2734
0,"weighted",1675,11339
0,"weighted",1676,9280
0,"weighted",1677,8937
0,"weighted",1678,6621
0,"weighted",1679,4537
0,"weighted",1680,11647
0,"weighted",1681,3499
0,"weighted",1682,12895
0,"weighted",1683,4577
0,"weighted",1684,7722
0,"weighted",1685,7553
0,"weighted",1686,356
0,"weighted",1687,5142
0,"weighted",1688,8664
0,"weighted",1689,7604
0,"weighted",1690,10414
0,"weighted",1691,4269
0,"weighted",1692,13704
0,"weighted",1693,13734
0,"weighted",1694,401
0,"weighted",1695,8806
0,"weighted",1696,11860
0,"weighted",1697,4200
0,"weighted",1698,3070
0,"weighted",1699,6236
0,"weighted",1700,4786
0,"weighted",1701,10933
0,"weighted",1702,12817
0,"weighted",1703,2122
0,"weighted",1704,1930
0,"weighted",1705,11849
0,"weighted",1706,4681
0,"weighted",1707,13668
0,"weighted",1708,13900
0,"weighted",1709,9489
0,"weighted",1710,2171
0,"weighted",1711,6891
0,"weighted",1712,10057
0,"weighted",1713,11052
0,"weighted",1714,4716
0,"weighted",1715,12781
0,"weighted",1716,10965
0,"weighted",1717,2263
0,"weighted",1718,7989
0,"weighted",1719,1549
0,"weighted",1720,10043
0,"weighted",1721,2261
0,"weighted",1722,11776
0,"weighted",1723,2044
0,"weighted",1724,13978
0,"weighted",1725,1400
0,"weighted",1726,9438
0,"weighted",1727,8743
0,"weighted",1728,13619
0,"weighted",1729,8754
0,"weighted",1730,12180
0,"weighted",1731,10527
0,"weighted",1732,9451
0,"weighted",1733,6815
0,"weighted",1734,6751
0,"weighted",1735,3922
0,"weighted",1736,12029
0,"weighted",1737,7573
0,"weighted",1738,12675
0,"weighted",1739,13952
0,"weighted",1740,3591
0,"weighted",1741,4749
0,"weighted",1742,1575
0,"weighted",1743,8893
0,"weighted",1744,9461
0,"weighted",1745,2215
0,"weighted",1746,4291
0,"weighted",1747,12205
0,"weighted",1748,3041
0,"weighted",1749,7910
0,"weighted",1750,4438
0,"weighted",1751,7567
0,"weighted",1752,1411
0,"weighted",1753,5627
0,"weighted",1754,3050
0,"weighted",1755,7564
0,"weighted",1756,9244
0,"weighted",1757,13659
0,"weighted",1758,13626
0,"weighted",1759,6823
0,"weighted",1760,10197
0,"weighted",1761,528
0,"weighted",1762,12758
0,"weighted",1763,7420
0,"weighted",1764,13601
0,"weighted",1765,13490
0,"weighted",1766,6834
0,"weighted",1767,12749
0,"weighted",1768,6445
0,"weighted",1769,2856
0,"weighted",1770,6438
0,"weighted",1771,9081
0,"weighted",1772,6832
0,"weighted",1773,6339
0,"weighted",1774,11101
0,"weighted",1775,9805
0,"weighted",1776,3146
0,"weighted",1777,8562
0,"weighted",1778,989
0,"weighted",1779,8090
0,"weighted",1780,3145
0,"weighted",1781,8344
0,"weighted",1782,13279
0,"weighted",1783,9906
0,"weighted",1784,9847
0,"weighted",1785,13807
0,"weighted",1786,6460
0,"weighted",1787,2429
0,"weighted",1788,11485
0,"weighted",1789,3251
0,"weighted",1790,8372
0,"weighted",1791,7211
0,"weighted",1792,3229
0,"weighted",1793,1119
0,"weighted",1794,4946
0,"weighted",1795,842
0,"weighted",1796,4958
0,"weighted",1797,11177
0,"weighted",1798,3618
0,"weighted",1799,1105
0,"weighted",1800,1091
0,"weighted",1801,3638
0,"weighted",1802,7184
0,"weighted",1803,3645
0,"weighted",1804,10593
0,"weighted",1805,9150
0,"weighted",1806,4867
0,"weighted",1807,9063
0,"weighted",1808,7908
0,"weighted",1809,11434
0,"weighted",1810,12156
0,"weighted",1811,10523
0,"weighted",1812,11391
0,"weighted",1813,1358
0,"weighted",1814,6699
0,"weighted",1815,2531
0,"weighted",1816,8462
0,"weighted",1817,9165
0,"weighted",1818,4428
0,"weighted",1819,247
0,"weighted",1820,4437
0,"weighted",1821,3002
0,"weighted",1822,4008
0,"weighted",1823,13466
0,"weighted",1824,6060
0,"weighted",1825,10499
0,"weighted",1826,1944
0,"weighted",1827,719
0,"weighted",1828,272
0,"weighted",1829,12304
0,"weighted",1830,7429
0,"weighted",1831,1989
0,"weighted",1832,8474
0,"weighted",1833,10822
0,"weighted",1834,12145
0,"weighted",1835,177
0,"weighted",1836,4409
0,"weighted",1837,13828
0,"weighted",1838,13823
0,"weighted",1839,2542
0,"weighted",1840,10655
0,"weighted",1841,2521
0,"weighted",1842,11369
0,"weighted",1843,9870
0,"weighted",1844,6208
0,"weighted",1845,5186
0,"weighted",1846,7120
0,"weighted",1847,10813
0,"weighted",1848,4018
0,"weighted",1849,3284
0,"weighted",1850,9817
0,"weighted",1851,5472
0,"weighted",1852,4621
0,"weighted",1853,13838
0,"weighted",1854,1347
0,"weighted",1855,7796
0,"weighted",1856,13880
0,"weighted",1857,10121
0,"weighted",1858,4882
0,"weighted",1859,8428
0,"weighted",1860,1851
0,"weighted",1861,4416
0,"weighted",1862,2621
0,"weighted",1863,12279
0,"weighted",1864,5207
0,"weighted",1865,4603
0,"weighted",1866,5499
0,"weighted",1867,1686
0,"weighted",1868,2899
0,"weighted",1869,12136
0,"weighted",1870,5224
0,"weighted",1871,12461
0,"weighted",1872,9526
0,"weighted",1873,5748
0,"weighted",1874,5068
0,"weighted",1875,7091
0,"weighted",1876,6015
0,"weighted",1877,4066
0,"weighted",1878,11429
0,"weighted",1879,6933
0,"weighted",1880,5869
0,"weighted",1881,3868
0,"weighted",1882,12663
0,"weighted",1883,8333
0,"weighted",1884,14018
0,"weighted",1885,6550
0,"weighted",1886,3342
0,"weighted",1887,8868
0,"weighted",1888,12935
0,"weighted",1889,8546
0,"weighted",1890,7538
0,"weighted",1891,3350
0,"weighted",1892,10771
0,"weighted",1893,14108
0,"weighted",1894,1206
0,"weighted",1895,13002
0,"weighted",1896,7396
0,"weighted",1897,12842
0,"weighted",1898,8892
0,"weighted",1899,4499
0,"weighted",1900,11348
0,"weighted",1901,1856
0,"weighted",1902,7415
0,"weighted",1903,9611
0,"weighted",1904,290
0,"weighted",1905,3390
0,"weighted",1906,10815
0,"weighted",1907,8131
0,"weighted",1908,7964
0,"weighted",1909,5727
0,"weighted",1910,10431
0,"weighted",1911,8921
0,"weighted",1912,9269
0,"weighted",1913,1287
0,"weighted",1914,3479
0,"weighted",1915,11662
0,"weighted",1916,6630
0,"weighted",1917,10011
0,"weighted",1918,2308
0,"weighted",1919,2309
0,"weighted",1920,7711
0,"weighted",1921,11645
0,"weighted",1922,12889
0,"weighted",1923,11036
0,"weighted",1924,2357
0,"weighted",1925,11135
0,"weighted",1926,3513
0,"weighted",1927,3503
0,"weighted",1928,5165
0,"weighted",1929,5998
0,"weighted",1930,8155
0,"weighted",1931,5339
0,"weighted",1932,2270
0,"weighted",1933,7518
0,"weighted",1934,8802
0,"weighted",1935,6870
0,"weighted",1936,645
0,"weighted",1937,11832
0,"weighted",1938,5943
0,"weighted",1939,8831
0,"weighted",1940,8073
0,"weighted",1941,6227
0,"weighted",1942,9487
0,"weighted",1943,12641
0,"weighted",1944,12658
0,"weighted",1945,10339
0,"weighted",1946,13457
0,"weighted",1947,2605
0,"weighted",1948,3737
0,"weighted",1949,620
0,"weighted",1950,2581
0,"weighted",1951,3745
0,"weighted",1952,3763
0,"weighted",1953,2547
0,"weighted",1954,2398
0,"weighted",1955,8033
0,"weighted",1956,6659
0,"weighted",1957,1533
0,"weighted",1958,5348
0,"weighted",1959,10329
0,"weighted",1960,6865
0,"weighted",1961,8805
0,"weighted",1962,5867
0,"weighted",1963,2550
0,"weighted",1964,10970
0,"weighted",1965,2113
0,"weighted",1966,11886
0,"weighted",1967,403
0,"weighted",1968,12683
0,"weighted",1969,10401
0,"weighted",1970,11927
0,"weighted",1971,10443
0,"weighted",1972,8724
0,"weighted",1973,6973
0,"weighted",1974,5111
0,"weighted",1975,10788
0,"weighted",1976,13404
0,"weighted",1977,13598
0,"weighted",1978,13800
0,"weighted",1979,1247
0,"weighted",1980,305
0,"weighted",1981,9243
0,"weighted",1982,13797
0,"weighted",1983,3443
0,"weighted",1984,13802
0,"weighted",1985,10787
0,"weighted",1986,8906
0,"weighted",1987,8975
0,"weighted",1988,11307
0,"weighted",1989,7001
0,"weighted",1990,11912
0,"weighted",1991,10254
0,"weighted",1992,10258
0,"weighted",1993,13086
0,"weighted",1994,4785
0,"weighted",1995,8459
0,"weighted",1996,2779
0,"weighted",1997,5709
0,"weighted",1998,10354
0,"weighted",1999,4138
0,"weighted",2000,13401
0,"weighted",2001,1145
0,"weighted",2002,8711
0,"weighted",2003,10427
0,"weighted",2004,4707
0,"weighted",2005,9562
0,"weighted",2006,5354
0,"weighted",2007,1388
0,"weighted",2008,1826
0,"weighted",2009,4080
0,"weighted",2010,7381
0,"weighted",2011,13793
0,"weighted",2012,10752
0,"weighted",2013,10171
0,"weighted",2014,14004
0,"weighted",2015,6971
0,"weighted",2016,11280
0,"weighted",2017,4694
0,"weighted",2018,11881
0,"weighted",2019,5775
0,"weighted",2020,11963
0,"weighted",2021,3846
0,"weighted",2022,5610
0,"weighted",2023,11976
0,"weighted",2024,5826
0,"weighted",2025,3765
0,"weighted",2026,11062
0,"weighted",2027,6881
0,"weighted",2028,9742
0,"weighted",2029,9316
0,"weighted",2030,7632
0,"weighted",2031,8648
0,"weighted",2032,9003
0,"weighted",2033,5282
0,"weighted",2034,6922
0,"weighted",2035,1202
0,"weighted",2036,939
0,"weighted",2037,2802
0,"weighted",2038,2039
0,"weighted",2039,13542
0,"weighted",2040,2276
0,"weighted",2041,2855
0,"weighted",2042,2826
0,"weighted",2043,1622
0,"weighted",2044,2828
0,"weighted",2045,10239
0,"weighted",2046,5072
0,"weighted",2047,3725
0,"weighted",2048,3081
0,"weighted",2049,2189
0,"weighted",2050,11880
0,"weighted",2051,13458
0,"weighted",2052,10412
0,"weighted",2053,3834
0,"weighted",2054,3845
0,"weighted",2055,9518
0,"weighted",2056,10371
0,"weighted",2057,10782
0,"weighted",2058,10204
0,"weighted",2059,9012
0,"weighted",2060,3057
0,"weighted",2061,625
0,"weighted",2062,9500
0,"weighted",2063,5682
0,"weighted",2064,6901
0,"weighted",2065,8972
0,"weighted",2066,8039
0,"weighted",2067,11290
0,"weighted",2068,494
0,"weighted",2069,11888
0,"weighted",2070,9626
0,"weighted",2071,2712
0,"weighted",2072,7667
0,"weighted",2073,10635
0,"weighted",2074,7679
0,"weighted",2075,6797
0,"weighted",2076,11921
0,"weighted",2077,1514
0,"weighted",2078,11878
0,"weighted",2079,3120
0,"weighted",2080,11830
0,"weighted",2081,11060
0,"weighted",2082,4757
0,"weighted",2083,5264
0,"weighted",2084,6932
0,"weighted",2085,10086
0,"weighted",2086,7648
0,"weighted",2087,5271
0,"weighted",2088,2368
0,"weighted",2089,775
0,"weighted",2090,8088
0,"weighted",2091,13780
0,"weighted",2092,8755
0,"weighted",2093,13939
0,"weighted",2094,10440
0,"weighted",2095,9959
0,"weighted",2096,4265
0,"weighted",2097,3820
0,"weighted",2098,4793
0,"weighted",2099,3049
0,"weighted",2100,5922
0,"weighted",2101,6750
0,"weighted",2102,5096
0,"weighted",2103,517
0,"weighted",2104,7917
0,"weighted",2105,6856
0,"weighted",2106,7642
0,"weighted",2107,1460
0,"weighted",2108,1435
0,"weighted",2109,6831
0,"weighted",2110,4285
0,"weighted",2111,5830
0,"weighted",2112,6824
0,"weighted",2113,1081
0,"weighted",2114,3122
0,"weighted",2115,11539
0,"weighted",2116,7017
0,"weighted",2117,1412
0,"weighted",2118,1606
0,"weighted",2119,4290
0,"weighted",2120,11331
0,"weighted",2121,1421
0,"weighted",2122,12090
0,"weighted",2123,8870
0,"weighted",2124,207
0,"weighted",2125,11342
0,"weighted",2126,11484
0,"weighted",2127,8188
0,"weighted",2128,11338
0,"weighted",2129,8839
0,"weighted",2130,4570
0,"weighted",2131,5813
0,"weighted",2132,5798
0,"weighted",2133,4280
0,"weighted",2134,3929
0,"weighted",2135,10170
0,"weighted",2136,8368
0,"weighted",2137,3018
0,"weighted",2138,8107
0,"weighted",2139,5308
0,"weighted",2140,10441
0,"weighted",2141,9799
0,"weighted",2142,6573
0,"weighted",2143,3975
0,"weighted",2144,10483
0,"weighted",2145,10404
0,"weighted",2146,6579
0,"weighted",2147,3116
0,"weighted",2148,6756
0,"weighted",2149,2750
0,"weighted",2150,9982
0,"weighted",2151,9856
0,"weighted",2152,3951
0,"weighted",2153,10278
0,"weighted",2154,13662
0,"weighted",2155,6994
0,"weighted",2156,6843
0,"weighted",2157,2489
0,"weighted",2158,12550
0,"weighted",2159,6555
0,"weighted",2160,9635
0,"weighted",2161,4086
0,"weighted",2162,11651
0,"weighted",2163,9275
0,"weighted",2164,4540
0,"weighted",2165,13030
0,"weighted",2166,5734
0,"weighted",2167,10008
0,"weighted",2168,11664
0,"weighted",2169,11014
0,"weighted",2170,12942
0,"weighted",2171,3071
0,"weighted",2172,3402
0,"weighted",2173,337
0,"weighted",2174,13979
0,"weighted",2175,2781
0,"weighted",2176,9602
0,"weighted",2177,5122
0,"weighted",2178,10009
0,"weighted",2179,12869
0,"weighted",2180,3482
0,"weighted",2181,1499
0,"weighted",2182,7724
0,"weighted",2183,9610
0,"weighted",2184,4564
0,"weighted",2185,3511
0,"weighted",2186,2236
0,"weighted",2187,11140
0,"weighted",2188,3512
0,"weighted",2189,5157
0,"weighted",2190,11031
0,"weighted",2191,11677
0,"weighted",2192,3507
0,"weighted",2193,363
0,"weighted",2194,3404
0,"weighted",2195,9606
0,"weighted",2196,5887
0,"weighted",2197,933
0,"weighted",2198,7997
0,"weighted",2199,10851
0,"weighted",2200,11302
0,"weighted",2201,11934
0,"weighted",2202,1551
0,"weighted",2203,3028
0,"weighted",2204,6003
0,"weighted",2205,3097
0,"weighted",2206,5176
0,"weighted",2207,3056
0,"weighted",2208,2571
0,"weighted",2209,11274
0,"weighted",2210,614
0,"weighted",2211,930
0,"weighted",2212,10347
0,"weighted",2213,1393
0,"weighted",2214,928
0,"weighted",2215,4760
0,"weighted",2216,11277
0,"weighted",2217,5364
0,"weighted",2218,6868
0,"weighted",2219,13904
0,"weighted",2220,11857
0,"weighted",2221,12779
0,"weighted",2222,8731
0,"weighted",2223,9726
0,"weighted",2224,5636
0,"weighted",2225,10377
0,"weighted",2226,4679
0,"weighted",2227,3098
0,"weighted",2228,5346
0,"weighted",2229,13446
0,"weighted",2230,5173
0,"weighted",2231,12767
0,"weighted",2232,11874
0,"weighted",2233,7666
0,"weighted",2234,12819
0,"weighted",2235,6187
0,"weighted",2236,13809
0,"weighted",2237,9140
0,"weighted",2238,6467
0,"weighted",2239,6106
0,"weighted",2240,12970
0,"weighted",2241,12974
0,"weighted",2242,9948
0,"weighted",2243,3234
0,"weighted",2244,3626
0,"weighted",2245,4606
0,"weighted",2246,3652
0,"weighted",2247,4147
0,"weighted",2248,10539
0,"weighted",2249,12108
0,"weighted",2250,11525
0,"weighted",2251,226
0,"weighted",2252,9101
0,"weighted",2253,12615
0,"weighted",2254,265
0,"weighted",2255,3983
0,"weighted",2256,2598
0,"weighted",2257,4328
0,"weighted",2258,3166
0,"weighted",2259,12133
0,"weighted",2260,170
0,"weighted",2261,12439
0,"weighted",2262,12447
0,"weighted",2263,3304
0,"weighted",2264,6589
0,"weighted",2265,6678
0,"weighted",2266,1005
0,"weighted",2267,1062
0,"weighted",2268,10646
0,"weighted",2269,7780
0,"weighted",2270,9834
0,"weighted",2271,6063
0,"weighted",2272,7126
0,"weighted",2273,12443
0,"weighted",2274,7466
0,"weighted",2275,9108
0,"weighted",2276,9057
0,"weighted",2277,5569
0,"weighted",2278,3264
0,"weighted",2279,4632
0,"weighted",2280,9683
0,"weighted",2281,6689
0,"weighted",2282,237
0,"weighted",2283,2514
0,"weighted",2284,6298
0,"weighted",2285,5008
0,"weighted",2286,1371
0,"weighted",2287,2620
0,"weighted",2288,7858
0,"weighted",2289,13841
0,"weighted",2290,13366
0,"weighted",2291,5021
0,"weighted",2292,7872
0,"weighted",2293,1945
0,"weighted",2294,1059
0,"weighted",2295,12437
0,"weighted",2296,11219
0,"weighted",2297,6064
0,"weighted",2298,7787
0,"weighted",2299,10442
0,"weighted",2300,3538
0,"weighted",2301,11529
0,"weighted",2302,2538
0,"weighted",2303,3560
0,"weighted",2304,12178
0,"weighted",2305,12581
0,"weighted",2306,9833
0,"weighted",2307,710
0,"weighted",2308,6171
0,"weighted",2309,168
0,"weighted",2310,7116
0,"weighted",2311,11195
0,"weighted",2312,278
0,"weighted",2313,11701
0,"weighted",2314,9846
0,"weighted",2315,7461
0,"weighted",2316,161
0,"weighted",2317,7172
0,"weighted",2318,10873
0,"weighted",2319,5570
0,"weighted",2320,2953
0,"weighted",2321,11932
0,"weighted",2322,5488
0,"weighted",2323,12165
0,"weighted",2324,7855
0,"weighted",2325,1356
0,"weighted",2326,13242
0,"weighted",2327,3564
0,"weighted",2328,12445
0,"weighted",2329,3283
0,"weighted",2330,6109
0,"weighted",2331,14050
0,"weighted",2332,10639
0,"weighted",2333,6202
0,"weighted",2334,9041
0,"weighted",2335,10870
0,"weighted",2336,9826
0,"weighted",2337,5370
0,"weighted",2338,10713
0,"weighted",2339,13833
0,"weighted",2340,5474
0,"weighted",2341,5575
0,"weighted",2342,3295
0,"weighted",2343,221
0,"weighted",2344,8461
0,"weighted",2345,9878
0,"weighted",2346,246
0,"weighted",2347,1004
0,"weighted",2348,7287
0,"weighted",2349,1689
0,"weighted",2350,7778
0,"weighted",2351,9193
0,"weighted",2352,1666
0,"weighted",2353,4156
0,"weighted",2354,10881
0,"weighted",2355,9949
0,"weighted",2356,6157
0,"weighted",2357,13903
0,"weighted",2358,5791
0,"weighted",2359,11953
0,"weighted",2360,6182
0,"weighted",2361,3321
0,"weighted",2362,7646
0,"weighted",2363,12702
0,"weighted",2364,3903
0,"weighted",2365,1530
0,"weighted",2366,2858
0,"weighted",2367,5766
0,"weighted",2368,570
0,"weighted",2369,127
0,"weighted",2370,5460
0,"weighted",2371,12316
0,"weighted",2372,3592
0,"weighted",2373,779
0,"weighted",2374,11071
0,"weighted",2375,9151
0,"weighted",2376,1077
0,"weighted",2377,5459
0,"weighted",2378,1658
0,"weighted",2379,4366
0,"weighted",2380,11396
0,"weighted",2381,9258
0,"weighted",2382,7834
0,"weighted",2383,4967
0,"weighted",2384,2942
0,"weighted",2385,8351
0,"weighted",2386,11157
0,"weighted",2387,7826
0,"weighted",2388,4985
0,"weighted",2389,11475
0,"weighted",2390,12368
0,"weighted",2391,2431
0,"weighted",2392,6188
0,"weighted",2393,12717
0,"weighted",2394,4866
0,"weighted",2395,10220
0,"weighted",2396,1445
0,"weighted",2397,14135
0,"weighted",2398,12010
0,"weighted",2399,6325
0,"weighted",2400,11761
0,"weighted",2401,12063
0,"weighted",2402,4864
0,"weighted",2403,10650
0,"weighted",2404,10860
0,"weighted",2405,9587
0,"weighted",2406,2763
0,"weighted",2407,12816
0,"weighted",2408,10235
0,"weighted",2409,1928
0,"weighted",2410,11993
0,"weighted",2411,2274
0,"weighted",2412,6873
0,"weighted",2413,13901
0,"weighted",2414,13481
0,"weighted",2415,12806
0,"weighted",2416,3764
0,"weighted",2417,10355
0,"weighted",2418,8732
0,"weighted",2419,2239
0,"weighted",2420,10946
0,"weighted",2421,11064
0,"weighted",2422,7045
0,"weighted",2423,3895
0,"weighted",2424,3859
0,"weighted",2425,2548
0,"weighted",2426,13930
0,"weighted",2427,8662
0,"weighted",2428,13691
0,"weighted",2429,12206
0,"weighted",2430,2012
0,"weighted",2431,943
0,"weighted",2432,9740
0,"weighted",2433,619
0,"weighted",2434,12647
0,"weighted",2435,4789
0,"weighted",2436,2022
0,"weighted",2437,4682
0,"weighted",2438,5785
0,"weighted",2439,8974
0,"weighted",2440,9441
0,"weighted",2441,1474
0,"weighted",2442,11902
0,"weighted",2443,773
0,"weighted",2444,6791
0,"weighted",2445,12833
0,"weighted",2446,12654
0,"weighted",2447,9454
0,"weighted",2448,8228
0,"weighted",2449,12748
0,"weighted",2450,5818
0,"weighted",2451,10285
0,"weighted",2452,5809
0,"weighted",2453,11979
0,"weighted",2454,13631
0,"weighted",2455,3841
0,"weighted",2456,2214
0,"weighted",2457,398
0,"weighted",2458,210
0,"weighted",2459,5452
0,"weighted",2460,1853
0,"weighted",2461,13112
0,"weighted",2462,13249
0,"weighted",2463,2225
0,"weighted",2464,10450
0,"weighted",2465,2038
0,"weighted",2466,11570
0,"weighted",2467,5340
0,"weighted",2468,5807
0,"weighted",2469,1454
0,"weighted",2470,10988
0,"weighted",2471,5160
0,"weighted",2472,5816
0,"weighted",2473,10300
0,"weighted",2474,12048
0,"weighted",2475,6857
0,"weighted",2476,9464
0,"weighted",2477,30
0,"weighted",2478,8233
0,"weighted",2479,8185
0,"weighted",2480,10478
0,"weighted",2481,4858
0,"weighted",2482,4692
0,"weighted",2483,4939
0,"weighted",2484,4300
0,"weighted",2485,9902
0,"weighted",2486,7098
0,"weighted",2487,11407
0,"weighted",2488,3142
0,"weighted",2489,9912
0,"weighted",2490,11075
0,"weighted",2491,1244
0,"weighted",2492,4242
0,"weighted",2493,4879
0,"weighted",2494,5402
0,"weighted",2495,1993
0,"weighted",2496,3179
0,"weighted",2497,13851
0,"weighted",2498,1987
0,"weighted",2499,7228
0,"weighted",2500,10544
0,"weighted",2501,1383
0,"weighted",2502,9813
0,"weighted",2503,6041
0,"weighted",2504,5673
0,"weighted",2505,14029
0,"weighted",2506,12292
0,"weighted",2507,8533
0,"weighted",2508,6375
0,"weighted",2509,111
0,"weighted",2510,9408
0,"weighted",2511,2185
0,"weighted",2512,11740
0,"weighted",2513,4889
0,"weighted",2514,11465
0,"weighted",2515,3422
0,"weighted",2516,2831
0,"weighted",2517,11578
0,"weighted",2518,10494
0,"weighted",2519,6837
0,"weighted",2520,6852
0,"weighted",2521,12989
0,"weighted",2522,8103
0,"weighted",2523,8104
0,"weighted",2524,3956
0,"weighted",2525,4395
0,"weighted",2526,7551
0,"weighted",2527,7373
0,"weighted",2528,4303
0,"weighted",2529,11580
0,"weighted",2530,7378
0,"weighted",2531,3444
0,"weighted",2532,3368
0,"weighted",2533,3382
0,"weighted",2534,7412
0,"weighted",2535,11600
0,"weighted",2536,14040
0,"weighted",2537,5117
0,"weighted",2538,12560
0,"weighted",2539,5115
0,"weighted",2540,2350
0,"weighted",2541,14115
0,"weighted",2542,3373
0,"weighted",2543,2341
0,"weighted",2544,9782
0,"weighted",2545,7404
0,"weighted",2546,2498
0,"weighted",2547,13594
0,"weighted",2548,10814
0,"weighted",2549,12861
0,"weighted",2550,326
0,"weighted",2551,1888
0,"weighted",2552,12876
0,"weighted",2553,4545
0,"weighted",2554,3400
0,"weighted",2555,11663
0,"weighted",2556,7709
0,"weighted",2557,11045
0,"weighted",2558,7830
0,"weighted",2559,12905
0,"weighted",2560,1492
0,"weighted",2561,11352
0,"weighted",2562,3675
0,"weighted",2563,13999
0,"weighted",2564,8953
0,"weighted",2565,1
0,"weighted",2566,3242
0,"weighted",2567,2114
0,"weighted",2568,8795
0,"weighted",2569,5266
0,"weighted",2570,10237
0,"weighted",2571,12809
0,"weighted",2572,9367
0,"weighted",2573,6884
0,"weighted",2574,2852
0,"weighted",2575,3756
0,"weighted",2576,1748
0,"weighted",2577,3885
0,"weighted",2578,11811
0,"weighted",2579,13615
0,"weighted",2580,11851
0,"weighted",2581,12916
0,"weighted",2582,3896
0,"weighted",2583,10107
0,"weighted",2584,2713
0,"weighted",2585,6974
0,"weighted",2586,958
0,"weighted",2587,5536
0,"weighted",2588,7089
0,"weighted",2589,3092
0,"weighted",2590,24
0,"weighted",2591,7019
0,"weighted",2592,10368
0,"weighted",2593,11265
0,"weighted",2594,12252
0,"weighted",2595,4711
0,"weighted",2596,913
0,"weighted",2597,9638
0,"weighted",2598,4204
0,"weighted",2599,10356
0,"weighted",2600,4191
0,"weighted",2601,13554
0,"weighted",2602,11256
0,"weighted",2603,10914
0,"weighted",2604,7645
0,"weighted",2605,8834
0,"weighted",2606,9620
0,"weighted",2607,3328
0,"weighted",2608,2929
0,"weighted",2609,52
0,"weighted",2610,11461
0,"weighted",2611,1708
0,"weighted",2612,7847
0,"weighted",2613,8352
0,"weighted",2614,10594
0,"weighted",2615,13159
0,"weighted",2616,8388
0,"weighted",2617,11202
0,"weighted",2618,7432
0,"weighted",2619,6545
0,"weighted",2620,6838
0,"weighted",2621,8416
0,"weighted",2622,6288
0,"weighted",2623,6050
0,"weighted",2624,7431
0,"weighted",2625,6720
0,"weighted",2626,4610
0,"weighted",2627,763
0,"weighted",2628,3913
0,"weighted",2629,5398
0,"weighted",2630,6772
0,"weighted",2631,3013
0,"weighted",2632,9484
0,"weighted",2633,7856
0,"weighted",2634,11412
0,"weighted",2635,5561
0,"weighted",2636,4166
0,"weighted",2637,7600
0,"weighted",2638,11180
0,"weighted",2639,4611
0,"weighted",2640,10882
0,"weighted",2641,12170
0,"weighted",2642,7773
0,"weighted",2643,14098
0,"weighted",2644,8413
0,"weighted",2645,11082
0,"weighted",2646,10077
0,"weighted",2647,3568
0,"weighted",2648,1661
0,"weighted",2649,5220
0,"weighted",2650,13234
0,"weighted",2651,9199
0,"weighted",2652,4317
0,"weighted",2653,6716
0,"weighted",2654,13511
0,"weighted",2655,3991
0,"weighted",2656,7138
0,"weighted",2657,755
0,"weighted",2658,6080
0,"weighted",2659,6057
0,"weighted",2660,704
0,"weighted",2661,1419
0,"weighted",2662,1979
0,"weighted",2663,7101
0,"weighted",2664,4095
0,"weighted",2665,342
0,"weighted",2666,10099
0,"weighted",2667,7227
0,"weighted",2668,11392
0,"weighted",2669,10524
0,"weighted",2670,8633
0,"weighted",2671,4483
0,"weighted",2672,5241
0,"weighted",2673,7109
0,"weighted",2674,245
0,"weighted",2675,12176
0,"weighted",2676,2685
0,"weighted",2677,5023
0,"weighted",2678,13359
0,"weighted",2679,4130
0,"weighted",2680,3312
0,"weighted",2681,8252
0,"weighted",2682,6611
0,"weighted",2683,9074
0,"weighted",2684,10857
0,"weighted",2685,787
0,"weighted",2686,6113
0,"weighted",2687,6117
0,"weighted",2688,3762
0,"weighted",2689,3835
0,"weighted",2690,10949
0,"weighted",2691,11995
0,"weighted",2692,387
0,"weighted",2693,7946
0,"weighted",2694,5788
0,"weighted",2695,3085
0,"weighted",2696,9432
0,"weighted",2697,8652
0,"weighted",2698,12915
0,"weighted",2699,10351
0,"weighted",2700,8851
0,"weighted",2701,2149
0,"weighted",2702,901
0,"weighted",2703,1399
0,"weighted",2704,11237
0,"weighted",2705,11271
0,"weighted",2706,2810
0,"weighted",2707,9743
0,"weighted",2708,1931
0,"weighted",2709,8832
0,"weighted",2710,9440
0,"weighted",2711,1403
0,"weighted",2712,10251
0,"weighted",2713,6827
0,"weighted",2714,6596
0,"weighted",2715,10391
0,"weighted",2716,2048
0,"weighted",2717,4783
0,"weighted",2718,3814
0,"weighted",2719,413
0,"weighted",2720,7520
0,"weighted",2721,5831
0,"weighted",2722,6918
0,"weighted",2723,6848
0,"weighted",2724,11325
0,"weighted",2725,10212
0,"weighted",2726,9022
0,"weighted",2727,3829
0,"weighted",2728,7104
0,"weighted",2729,2764
0,"weighted",2730,3976
0,"weighted",2731,71
0,"weighted",2732,9485
0,"weighted",2733,2073
0,"weighted",2734,10490
0,"weighted",2735,4295
0,"weighted",2736,5823
0,"weighted",2737,6830
0,"weighted",2738,7919
0,"weighted",2739,10446
0,"weighted",2740,4237
0,"weighted",2741,10469
0,"weighted",2742,8046
0,"weighted",2743,2088
0,"weighted",2744,5928
0,"weighted",2745,12756
0,"weighted",2746,10275
0,"weighted",2747,2744
0,"weighted",2748,11367
0,"weighted",2749,7950
0,"weighted",2750,1484
0,"weighted",2751,10293
0,"weighted",2752,1196
0,"weighted",2753,967
0,"weighted",2754,12012
0,"weighted",2755,11326
0,"weighted",2756,6725
0,"weighted",2757,2384
0,"weighted",2758,575
0,"weighted",2759,7793
0,"weighted",2760,13022
0,"weighted",2761,2708
0,"weighted",2762,7490
0,"weighted",2763,8675
0,"weighted",2764,5878
0,"weighted",2765,13558
0,"weighted",2766,10937
0,"weighted",2767,8714
0,"weighted",2768,10893
0,"weighted",2769,6907
0,"weighted",2770,9728
0,"weighted",2771,10790
0,"weighted",2772,10504
0,"weighted",2773,198
0,"weighted",2774,11357
0,"weighted",2775,13741
0,"weighted",2776,6280
0,"weighted",2777,1694
0,"weighted",2778,9836
0,"weighted",2779,1074
0,"weighted",2780,10582
0,"weighted",2781,7277
0,"weighted",2782,4005
0,"weighted",2783,7866
0,"weighted",2784,8631
0,"weighted",2785,7274
0,"weighted",2786,6175
0,"weighted",2787,5558
0,"weighted",2788,11364
0,"weighted",2789,12302
0,"weighted",2790,6151
0,"weighted",2791,11410
0,"weighted",2792,316
0,"weighted",2793,5210
0,"weighted",2794,10659
0,"weighted",2795,1158
0,"weighted",2796,11521
0,"weighted",2797,13721
0,"weighted",2798,3163
0,"weighted",2799,12963
0,"weighted",2800,3709
0,"weighted",2801,433
0,"weighted",2802,11145
0,"weighted",2803,7849
0,"weighted",2804,10280
0,"weighted",2805,10075
0,"weighted",2806,4648
0,"weighted",2807,3769
0,"weighted",2808,13591
0,"weighted",2809,9262
0,"weighted",2810,6342
0,"weighted",2811,12711
0,"weighted",2812,10122
0,"weighted",2813,949
0,"weighted",2814,14136
0,"weighted",2815,2830
0,"weighted",2816,8096
0,"weighted",2817,463
0,"weighted",2818,6541
0,"weighted",2819,10203
0,"weighted",2820,789
0,"weighted",2821,8553
0,"weighted",2822,3440
0,"weighted",2823,9413
0,"weighted",2824,7363
0,"weighted",2825,4973
0,"weighted",2826,12534
0,"weighted",2827,8105
0,"weighted",2828,7379
0,"weighted",2829,9014
0,"weighted",2830,11546
0,"weighted",2831,5633
0,"weighted",2832,7390
0,"weighted",2833,3132
0,"weighted",2834,3449
0,"weighted",2835,1860
0,"weighted",2836,9148
0,"weighted",2837,7407
0,"weighted",2838,11618
0,"weighted",2839,7413
0,"weighted",2840,13262
0,"weighted",2841,13024
0,"weighted",2842,5730
0,"weighted",2843,5134
0,"weighted",2844,13029
0,"weighted",2845,1284
0,"weighted",2846,335
0,"weighted",2847,9128
0,"weighted",2848,4553
0,"weighted",2849,13985
0,"weighted",2850,10006
0,"weighted",2851,12522
0,"weighted",2852,2661
0,"weighted",2853,372
0,"weighted",2854,1308
0,"weighted",2855,359
0,"weighted",2856,3510
0,"weighted",2857,11764
0,"weighted",2858,11759
0,"weighted",2859,9920
0,"weighted",2860,6647
0,"weighted",2861,5736
0,"weighted",2862,12909
0,"weighted",2863,2695
0,"weighted",2864,1434
0,"weighted",2865,3405
0,"weighted",2866,11069
0,"weighted",2867,12358
0,"weighted",2868,10028
0,"weighted",2869,11143
0,"weighted",2870,8644
0,"weighted",2871,6976
0,"weighted",2872,6931
0,"weighted",2873,12912
0,"weighted",2874,2580
0,"weighted",2875,3731
0,"weighted",2876,9309
0,"weighted",2877,10333
0,"weighted",2878,12966
0,"weighted",2879,6241
0,"weighted",2880,5336
0,"weighted",2881,947
0,"weighted",2882,12211
0,"weighted",2883,10231
0,"weighted",2884,383
0,"weighted",2885,10067
0,"weighted",2886,2279
0,"weighted",2887,6892
0,"weighted",2888,1545
0,"weighted",2889,9921
0,"weighted",2890,11967
0,"weighted",2891,2139
0,"weighted",2892,9738
0,"weighted",2893,12240
0,"weighted",2894,388
0,"weighted",2895,13436
0,"weighted",2896,874
0,"weighted",2897,2602
0,"weighted",2898,11980
0,"weighted",2899,10229
0,"weighted",2900,3207
0,"weighted",2901,11353
0,"weighted",2902,13899
0,"weighted",2903,2579
0,"weighted",2904,6987
0,"weighted",2905,2176
0,"weighted",2906,2288
0,"weighted",2907,3683
0,"weighted",2908,76
0,"weighted",2909,5526
0,"weighted",2910,8357
0,"weighted",2911,9149
0,"weighted",2912,3599
0,"weighted",2913,3621
0,"weighted",2914,2445
0,"weighted",2915,807
0,"weighted",2916,7841
0,"weighted",2917,8383
0,"weighted",2918,10637
0,"weighted",2919,6185
0,"weighted",2920,2660
0,"weighted",2921,7476
0,"weighted",2922,12147
0,"weighted",2923,4148
0,"weighted",2924,13708
0,"weighted",2925,707
0,"weighted",2926,6399
0,"weighted",2927,1659
0,"weighted",2928,1685
0,"weighted",2929,5003
0,"weighted",2930,12588
0,"weighted",2931,12572
0,"weighted",2932,6076
0,"weighted",2933,8452
0,"weighted",2934,5580
0,"weighted",2935,9654
0,"weighted",2936,9192
0,"weighted",2937,1986
0,"weighted",2938,1906
0,"weighted",2939,5401
0,"weighted",2940,1351
0,"weighted",2941,6207
0,"weighted",2942,6480
0,"weighted",2943,9249
0,"weighted",2944,1319
0,"weighted",2945,12609
0,"weighted",2946,7901
0,"weighted",2947,11233
0,"weighted",2948,1660
0,"weighted",2949,155
0,"weighted",2950,9983
0,"weighted",2951,12499
0,"weighted",2952,10685
0,"weighted",2953,12579
0,"weighted",2954,4614
0,"weighted",2955,5410
0,"weighted",2956,4011
0,"weighted",2957,312
0,"weighted",2958,5707
0,"weighted",2959,6388
0,"weighted",2960,7171
0,"weighted",2961,12392
0,"weighted",2962,8867
0,"weighted",2963,3277
0,"weighted",2964,9097
0,"weighted",2965,13523
0,"weighted",2966,13539
0,"weighted",2967,7131
0,"weighted",2968,12384
0,"weighted",2969,3012
0,"weighted",2970,9173
0,"weighted",2971,9356
0,"weighted",2972,14099
0,"weighted",2973,6404
0,"weighted",2974,2964
0,"weighted",2975,7276
0,"weighted",2976,12293
0,"weighted",2977,5478
0,"weighted",2978,1370
0,"weighted",2979,4004
0,"weighted",2980,9217
0,"weighted",2981,761
0,"weighted",2982,8414
0,"weighted",2983,9338
0,"weighted",2984,1047
0,"weighted",2985,13827
0,"weighted",2986,12441
0,"weighted",2987,5803
0,"weighted",2988,2490
0,"weighted",2989,2391
0,"weighted",2990,1231
0,"weighted",2991,11108
0,"weighted",2992,10750
0,"weighted",2993,1833
0,"weighted",2994,10176
0,"weighted",2995,4081
0,"weighted",2996,12046
0,"weighted",2997,8883
0,"weighted",2998,7348
0,"weighted",2999,477
0,"weighted",3000,4076
0,"weighted",3001,3994
0,"weighted",3002,12529
0,"weighted",3003,5592
0,"weighted",3004,13197
0,"weighted",3005,12520
0,"weighted",3006,11547
0,"weighted",3007,8880
0,"weighted",3008,12559
0,"weighted",3009,7401
0,"weighted",3010,7389
0,"weighted",3011,6334
0,"weighted",3012,11599
0,"weighted",3013,4525
0,"weighted",3014,4504
0,"weighted",3015,11611
0,"weighted",3016,3446
0,"weighted",3017,1849
0,"weighted",3018,1257
0,"weighted",3019,12045
0,"weighted",3020,576
0,"weighted",3021,10357
0,"weighted",3022,12009
0,"weighted",3023,9756
0,"weighted",3024,2771
0,"weighted",3025,1871
0,"weighted",3026,2769
0,"weighted",3027,10396
0,"weighted",3028,3494
0,"weighted",3029,4541
0,"weighted",3030,7710
0,"weighted",3031,3490
0,"weighted",3032,7734
0,"weighted",3033,5743
0,"weighted",3034,8153
0,"weighted",3035,5738
0,"weighted",3036,1912
0,"weighted",3037,10015
0,"weighted",3038,2791
0,"weighted",3039,12638
0,"weighted",3040,4207
0,"weighted",3041,10051
0,"weighted",3042,7058
0,"weighted",3043,12955
0,"weighted",3044,12960
0,"weighted",3045,10244
0,"weighted",3046,4182
0,"weighted",3047,10045
0,"weighted",3048,4686
0,"weighted",3049,11883
0,"weighted",3050,9496
0,"weighted",3051,10037
0,"weighted",3052,6012
0,"weighted",3053,12235
0,"weighted",3054,9434
0,"weighted",3055,13476
0,"weighted",3056,11985
0,"weighted",3057,2120
0,"weighted",3058,10897
0,"weighted",3059,5652
0,"weighted",3060,580
0,"weighted",3061,9722
0,"weighted",3062,658
0,"weighted",3063,12646
0,"weighted",3064,10042
0,"weighted",3065,13932
0,"weighted",3066,13924
0,"weighted",3067,1540
0,"weighted",3068,3891
0,"weighted",3069,5619
0,"weighted",3070,946
0,"weighted",3071,7552
0,"weighted",3072,12212
0,"weighted",3073,8706
0,"weighted",3074,5777
0,"weighted",3075,391
0,"weighted",3076,5330
0,"weighted",3077,8684
0,"weighted",3078,583
0,"weighted",3079,5296
0,"weighted",3080,11920
0,"weighted",3081,11838
0,"weighted",3082,11056
0,"weighted",3083,3873
0,"weighted",3084,5632
0,"weighted",3085,3102
0,"weighted",3086,907
0,"weighted",3087,2042
0,"weighted",3088,6997
0,"weighted",3089,96
0,"weighted",3090,2367
0,"weighted",3091,5534
0,"weighted",3092,8833
0,"weighted",3093,3391
0,"weighted",3094,13946
0,"weighted",3095,11605
0,"weighted",3096,8178
0,"weighted",3097,320
0,"weighted",3098,1430
0,"weighted",3099,1000
0,"weighted",3100,2396
0,"weighted",3101,2728
0,"weighted",3102,5409
0,"weighted",3103,10803
0,"weighted",3104,8558
0,"weighted",3105,9410
0,"weighted",3106,7930
0,"weighted",3107,10150
0,"weighted",3108,2736
0,"weighted",3109,11904
0,"weighted",3110,5937
0,"weighted",3111,11000
0,"weighted",3112,8866
0,"weighted",3113,11330
0,"weighted",3114,1230
0,"weighted",3115,7180
0,"weighted",3116,8817
0,"weighted",3117,3912
0,"weighted",3118,2257
0,"weighted",3119,9468
0,"weighted",3120,11047
0,"weighted",3121,2857
0,"weighted",3122,3126
0,"weighted",3123,7549
0,"weighted",3124,9866
0,"weighted",3125,6253
0,"weighted",3126,2544
0,"weighted",3127,7149
0,"weighted",3128,9896
0,"weighted",3129,11368
0,"weighted",3130,3529
0,"weighted",3131,8148
0,"weighted",3132,8292
0,"weighted",3133,12374
0,"weighted",3134,9668
0,"weighted",3135,12599
0,"weighted",3136,7904
0,"weighted",3137,10535
0,"weighted",3138,8618
0,"weighted",3139,8488
0,"weighted",3140,965
0,"weighted",3141,10695
0,"weighted",3142,5009
0,"weighted",3143,7238
0,"weighted",3144,12177
0,"weighted",3145,984
0,"weighted",3146,9695
0,"weighted",3147,11344
0,"weighted",3148,4105
0,"weighted",3149,11506
0,"weighted",3150,7467
0,"weighted",3151,9679
0,"weighted",3152,7464
0,"weighted",3153,11661
0,"weighted",3154,12403
0,"weighted",3155,9102
0,"weighted",3156,690
0,"weighted",3157,5014
0,"weighted",3158,6147
0,"weighted",3159,5235
0,"weighted",3160,13519
0,"weighted",3161,1969
0,"weighted",3162,130
0,"weighted",3163,11355
0,"weighted",3164,897
0,"weighted",3165,13674
0,"weighted",3166,932
0,"weighted",3167,6376
0,"weighted",3168,8132
0,"weighted",3169,11773
0,"weighted",3170,4591
0,"weighted",3171,12919
0,"weighted",3172,13931
0,"weighted",3173,11997
0,"weighted",3174,6732
0,"weighted",3175,3681
0,"weighted",3176,11374
0,"weighted",3177,11541
0,"weighted",3178,7359
0,"weighted",3179,511
0,"weighted",3180,1216
0,"weighted",3181,2059
0,"weighted",3182,514
0,"weighted",3183,1869
0,"weighted",3184,7606
0,"weighted",3185,6755
0,"weighted",3186,3262
0,"weighted",3187,7561
0,"weighted",3188,8985
0,"weighted",3189,14133
0,"weighted",3190,136
0,"weighted",3191,5377
0,"weighted",3192,11118
0,"weighted",3193,10186
0,"weighted",3194,5760
0,"weighted",3195,2871
0,"weighted",3196,7804
0,"weighted",3197,7741
0,"weighted",3198,3520
0,"weighted",3199,6374
0,"weighted",3200,4872
0,"weighted",3201,4942
0,"weighted",3202,975
0,"weighted",3203,9869
0,"weighted",3204,202
0,"weighted",3205,1669
0,"weighted",3206,1127
0,"weighted",3207,9937
0,"weighted",3208,10584
0,"weighted",3209,4401
0,"weighted",3210,10617
0,"weighted",3211,821
0,"weighted",3212,4906
0,"weighted",3213,806
0,"weighted",3214,12355
0,"weighted",3215,803
0,"weighted",3216,9132
0,"weighted",3217,11483
0,"weighted",3218,7192
0,"weighted",3219,8392
0,"weighted",3220,4983
0,"weighted",3221,12330
0,"weighted",3222,8374
0,"weighted",3223,6462
0,"weighted",3224,2889
0,"weighted",3225,9347
0,"weighted",3226,6107
0,"weighted",3227,140
0,"weighted",3228,8434
0,"weighted",3229,697
0,"weighted",3230,13356
0,"weighted",3231,12930
0,"weighted",3232,12301
0,"weighted",3233,1367
0,"weighted",3234,10672
0,"weighted",3235,7868
0,"weighted",3236,4435
0,"weighted",3237,2965
0,"weighted",3238,7124
0,"weighted",3239,5572
0,"weighted",3240,1941
0,"weighted",3241,2637
0,"weighted",3242,266
0,"weighted",3243,12608
0,"weighted",3244,11193
0,"weighted",3245,10532
0,"weighted",3246,11211
0,"weighted",3247,8470
0,"weighted",3248,7806
0,"weighted",3249,2094
0,"weighted",3250,6713
0,"weighted",3251,4992
0,"weighted",3252,12453
0,"weighted",3253,6705
0,"weighted",3254,10513
0,"weighted",3255,6173
0,"weighted",3256,8445
0,"weighted",3257,1331
0,"weighted",3258,11216
0,"weighted",3259,7157
0,"weighted",3260,9957
0,"weighted",3261,13255
0,"weighted",3262,9283
0,"weighted",3263,7105
0,"weighted",3264,3008
0,"weighted",3265,9970
0,"weighted",3266,9991
0,"weighted",3267,12295
0,"weighted",3268,9841
0,"weighted",3269,12283
0,"weighted",3270,9978
0,"weighted",3271,3306
0,"weighted",3272,9721
0,"weighted",3273,8130
0,"weighted",3274,12841
0,"weighted",3275,5629
0,"weighted",3276,7723
0,"weighted",3277,6863
0,"weighted",3278,11115
0,"weighted",3279,264
0,"weighted",3280,13984
0,"weighted",3281,39
0,"weighted",3282,11785
0,"weighted",3283,3730
0,"weighted",3284,10238
0,"weighted",3285,11317
0,"weighted",3286,2735
0,"weighted",3287,2194
0,"weighted",3288,4873
0,"weighted",3289,9032
0,"weighted",3290,3581
0,"weighted",3291,3595
0,"weighted",3292,192
0,"weighted",3293,3518
0,"weighted",3294,13286
0,"weighted",3295,12321
0,"weighted",3296,13739
0,"weighted",3297,7178
0,"weighted",3298,12967
0,"weighted",3299,1713
0,"weighted",3300,9147
0,"weighted",3301,12357
0,"weighted",3302,4949
0,"weighted",3303,9932
0,"weighted",3304,1717
0,"weighted",3305,4384
0,"weighted",3306,10603
0,"weighted",3307,4945
0,"weighted",3308,13803
0,"weighted",3309,8385
0,"weighted",3310,4404
0,"weighted",3311,11162
0,"weighted",3312,6464
0,"weighted",3313,843
0,"weighted",3314,6463
0,"weighted",3315,11709
0,"weighted",3316,1359
0,"weighted",3317,10436
0,"weighted",3318,1653
0,"weighted",3319,2527
0,"weighted",3320,9667
0,"weighted",3321,2001
0,"weighted",3322,4923
0,"weighted",3323,12271
0,"weighted",3324,7270
0,"weighted",3325,7496
0,"weighted",3326,696
0,"weighted",3327,5167
0,"weighted",3328,3282
0,"weighted",3329,6510
0,"weighted",3330,12420
0,"weighted",3331,3198
0,"weighted",3332,2671
0,"weighted",3333,11427
0,"weighted",3334,6420
0,"weighted",3335,6698
0,"weighted",3336,12685
0,"weighted",3337,925
0,"weighted",3338,12808
0,"weighted",3339,8166
0,"weighted",3340,3326
0,"weighted",3341,2835
0,"weighted",3342,10940
0,"weighted",3343,5640
0,"weighted",3344,5754
0,"weighted",3345,6789
0,"weighted",3346,8798
0,"weighted",3347,6235
0,"weighted",3348,2842
0,"weighted",3349,14016
0,"weighted",3350,9557
0,"weighted",3351,7054
0,"weighted",3352,12800
0,"weighted",3353,8961
0,"weighted",3354,11866
0,"weighted",3355,402
0,"weighted",3356,5294
0,"weighted",3357,407
0,"weighted",3358,934
0,"weighted",3359,2104
0,"weighted",3360,10058
0,"weighted",3361,9305
0,"weighted",3362,2841
0,"weighted",3363,13489
0,"weighted",3364,11942
0,"weighted",3365,11872
0,"weighted",3366,1404
0,"weighted",3367,1560
0,"weighted",3368,3061
0,"weighted",3369,954
0,"weighted",3370,2154
0,"weighted",3371,8070
0,"weighted",3372,6946
0,"weighted",3373,2597
0,"weighted",3374,6026
0,"weighted",3375,7988
0,"weighted",3376,23
0,"weighted",3377,6939
0,"weighted",3378,5660
0,"weighted",3379,5314
0,"weighted",3380,9497
0,"weighted",3381,8859
0,"weighted",3382,7568
0,"weighted",3383,4728
0,"weighted",3384,10466
0,"weighted",3385,2592
0,"weighted",3386,114
0,"weighted",3387,616
0,"weighted",3388,8860
0,"weighted",3389,11964
0,"weighted",3390,2130
0,"weighted",3391,58
0,"weighted",3392,10911
0,"weighted",3393,7616
0,"weighted",3394,2125
0,"weighted",3395,6019
0,"weighted",3396,12778
0,"weighted",3397,4214
0,"weighted",3398,4219
0,"weighted",3399,12653
0,"weighted",3400,7913
0,"weighted",3401,9455
0,"weighted",3402,9457
0,"weighted",3403,8189
0,"weighted",3404,449
0,"weighted",3405,8210
0,"weighted",3406,11287
0,"weighted",3407,225
0,"weighted",3408,8238
0,"weighted",3409,12732
0,"weighted",3410,13954
0,"weighted",3411,13635
0,"weighted",3412,8978
0,"weighted",3413,5319
0,"weighted",3414,3337
0,"weighted",3415,6255
0,"weighted",3416,7926
0,"weighted",3417,2090
0,"weighted",3418,13628
0,"weighted",3419,5721
0,"weighted",3420,3140
0,"weighted",3421,2765
0,"weighted",3422,13819
0,"weighted",3423,4920
0,"weighted",3424,11507
0,"weighted",3425,2867
0,"weighted",3426,9857
0,"weighted",3427,5245
0,"weighted",3428,12701
0,"weighted",3429,1693
0,"weighted",3430,5191
0,"weighted",3431,1496
0,"weighted",3432,5665
0,"weighted",3433,11025
0,"weighted",3434,11675
0,"weighted",3435,2638
0,"weighted",3436,6148
0,"weighted",3437,3158
0,"weighted",3438,10657
0,"weighted",3439,5225
0,"weighted",3440,5371
0,"weighted",3441,4137
0,"weighted",3442,4116
0,"weighted",3443,5480
0,"weighted",3444,7252
0,"weighted",3445,6126
0,"weighted",3446,3986
0,"weighted",3447,1676
0,"weighted",3448,11522
0,"weighted",3449,8602
0,"weighted",3450,7128
0,"weighted",3451,12109
0,"weighted",3452,4988
0,"weighted",3453,1637
0,"weighted",3454,3299
0,"weighted",3455,7753
0,"weighted",3456,13840
0,"weighted",3457,13368
0,"weighted",3458,12399
0,"weighted",3459,10653
0,"weighted",3460,6421
0,"weighted",3461,3575
0,"weighted",3462,12120
0,"weighted",3463,12305
0,"weighted",3464,174
0,"weighted",3465,9332
0,"weighted",3466,12281
0,"weighted",3467,1812
0,"weighted",3468,2813
0,"weighted",3469,6028
0,"weighted",3470,5675
0,"weighted",3471,7655
0,"weighted",3472,10581
0,"weighted",3473,11796
0,"weighted",3474,7077
0,"weighted",3475,13918
0,"weighted",3476,13430
0,"weighted",3477,2132
0,"weighted",3478,13911
0,"weighted",3479,4528
0,"weighted",3480,12194
0,"weighted",3481,2559
0,"weighted",3482,11568
0,"weighted",3483,2410
0,"weighted",3484,464
0,"weighted",3485,11400
0,"weighted",3486,8550
0,"weighted",3487,1828
0,"weighted",3488,3435
0,"weighted",3489,1243
0,"weighted",3490,10218
0,"weighted",3491,6588
0,"weighted",3492,1238
0,"weighted",3493,8106
0,"weighted",3494,5093
0,"weighted",3495,2485
0,"weighted",3496,12553
0,"weighted",3497,10807
0,"weighted",3498,11614
0,"weighted",3499,10794
0,"weighted",3500,1843
0,"weighted",3501,6595
0,"weighted",3502,14168
0,"weighted",3503,11218
0,"weighted",3504,14049
0,"weighted",3505,1271
0,"weighted",3506,8909
0,"weighted",3507,6860
0,"weighted",3508,9785
0,"weighted",3509,7713
0,"weighted",3510,2302
0,"weighted",3511,5987
0,"weighted",3512,6613
0,"weighted",3513,1296
0,"weighted",3514,3481
0,"weighted",3515,5140
0,"weighted",3516,3480
0,"weighted",3517,12891
0,"weighted",3518,4558
0,"weighted",3519,5956
0,"weighted",3520,11042
0,"weighted",3521,1302
0,"weighted",3522,4566
0,"weighted",3523,3509
0,"weighted",3524,77
0,"weighted",3525,8015
0,"weighted",3526,13718
0,"weighted",3527,8789
0,"weighted",3528,9558
0,"weighted",3529,431
0,"weighted",3530,10361
0,"weighted",3531,8780
0,"weighted",3532,3695
0,"weighted",3533,662
0,"weighted",3534,10365
0,"weighted",3535,5683
0,"weighted",3536,13592
0,"weighted",3537,7026
0,"weighted",3538,8791
0,"weighted",3539,7945
0,"weighted",3540,5342
0,"weighted",3541,13686
0,"weighted",3542,9548
0,"weighted",3543,4753
0,"weighted",3544,11251
0,"weighted",3545,4745
0,"weighted",3546,5270
0,"weighted",3547,12798
0,"weighted",3548,12234
0,"weighted",3549,5637
0,"weighted",3550,10092
0,"weighted",3551,10931
0,"weighted",3552,6899
0,"weighted",3553,3697
0,"weighted",3554,11252
0,"weighted",3555,3108
0,"weighted",3556,13936
0,"weighted",3557,11891
0,"weighted",3558,10250
0,"weighted",3559,4218
0,"weighted",3560,12837
0,"weighted",3561,8756
0,"weighted",3562,8768
0,"weighted",3563,5154
0,"weighted",3564,1464
0,"weighted",3565,2253
0,"weighted",3566,4827
0,"weighted",3567,3714
0,"weighted",3568,1443
0,"weighted",3569,10458
0,"weighted",3570,10207
0,"weighted",3571,8231
0,"weighted",3572,3978
0,"weighted",3573,10743
0,"weighted",3574,9769
0,"weighted",3575,3045
0,"weighted",3576,12698
0,"weighted",3577,12326
0,"weighted",3578,2403
0,"weighted",3579,3718
0,"weighted",3580,4213
0,"weighted",3581,5768
0,"weighted",3582,7934
0,"weighted",3583,12693
0,"weighted",3584,572
0,"weighted",3585,9909
0,"weighted",3586,2928
0,"weighted",3587,10619
0,"weighted",3588,6189
0,"weighted",3589,834
0,"weighted",3590,4964
0,"weighted",3591,847
0,"weighted",3592,804
0,"weighted",3593,6446
0,"weighted",3594,1083
0,"weighted",3595,3233
0,"weighted",3596,11175
0,"weighted",3597,7971
0,"weighted",3598,9176
0,"weighted",3599,2625
0,"weighted",3600,7453
0,"weighted",3601,10876
0,"weighted",3602,1999
0,"weighted",3603,2869
0,"weighted",3604,6299
0,"weighted",3605,4111
0,"weighted",3606,4422
0,"weighted",3607,8430
0,"weighted",3608,183
0,"weighted",3609,4962
0,"weighted",3610,11426
0,"weighted",3611,9087
0,"weighted",3612,2897
0,"weighted",3613,2984
0,"weighted",3614,764
0,"weighted",3615,12299
0,"weighted",3616,1991
0,"weighted",3617,12607
0,"weighted",3618,6078
0,"weighted",3619,4144
0,"weighted",3620,12596
0,"weighted",3621,7260
0,"weighted",3622,11190
0,"weighted",3623,10823
0,"weighted",3624,750
0,"weighted",3625,11703
0,"weighted",3626,2898
0,"weighted",3627,1662
0,"weighted",3628,1654
0,"weighted",3629,3301
0,"weighted",3630,9115
0,"weighted",3631,5603
0,"weighted",3632,2119
0,"weighted",3633,2596
0,"weighted",3634,3030
0,"weighted",3635,10447
0,"weighted",3636,4185
0,"weighted",3637,2206
0,"weighted",3638,11554
0,"weighted",3639,9229
0,"weighted",3640,3425
0,"weighted",3641,10808
0,"weighted",3642,3375
0,"weighted",3643,2710
0,"weighted",3644,7704
0,"weighted",3645,5988
0,"weighted",3646,11003
0,"weighted",3647,13995
0,"weighted",3648,2260
0,"weighted",3649,13907
0,"weighted",3650,13287
0,"weighted",3651,193
0,"weighted",3652,1022
0,"weighted",3653,12741
0,"weighted",3654,2327
0,"weighted",3655,8264
0,"weighted",3656,11360
0,"weighted",3657,13285
0,"weighted",3658,126
0,"weighted",3659,1067
0,"weighted",3660,9808
0,"weighted",3661,1699
0,"weighted",3662,2911
0,"weighted",3663,1714
0,"weighted",3664,3601
0,"weighted",3665,7845
0,"weighted",3666,2435
0,"weighted",3667,11453
0,"weighted",3668,11474
0,"weighted",3669,1085
0,"weighted",3670,5543
0,"weighted",3671,6101
0,"weighted",3672,815
0,"weighted",3673,13806
0,"weighted",3674,3630
0,"weighted",3675,13156
0,"weighted",3676,4982
0,"weighted",3677,1128
0,"weighted",3678,5533
0,"weighted",3679,4986
0,"weighted",3680,4904
0,"weighted",3681,9691
0,"weighted",3682,14092
0,"weighted",3683,9184
0,"weighted",3684,12152
0,"weighted",3685,9272
0,"weighted",3686,3177
0,"weighted",3687,13339
0,"weighted",3688,10690
0,"weighted",3689,1327
0,"weighted",3690,1144
0,"weighted",3691,10837
0,"weighted",3692,5554
0,"weighted",3693,1037
0,"weighted",3694,8481
0,"weighted",3695,10890
0,"weighted",3696,13655
0,"weighted",3697,12287
0,"weighted",3698,10848
0,"weighted",3699,5494
0,"weighted",3700,12290
0,"weighted",3701,10680
0,"weighted",3702,3201
0,"weighted",3703,2884
0,"weighted",3704,10684
0,"weighted",3705,1953
0,"weighted",3706,4908
0,"weighted",3707,7434
0,"weighted",3708,10663
0,"weighted",3709,11686
0,"weighted",3710,1045
0,"weighted",3711,4905
0,"weighted",3712,1333
0,"weighted",3713,7231
0,"weighted",3714,7251
0,"weighted",3715,6681
0,"weighted",3716,10413
0,"weighted",3717,6401
0,"weighted",3718,7809
0,"weighted",3719,10660
0,"weighted",3720,4599
0,"weighted",3721,7481
0,"weighted",3722,4990
0,"weighted",3723,10675
0,"weighted",3724,10671
0,"weighted",3725,13665
0,"weighted",3726,7134
0,"weighted",3727,14075
0,"weighted",3728,3167
0,"weighted",3729,3579
0,"weighted",3730,4150
0,"weighted",3731,219
0,"weighted",3732,13269
0,"weighted",3733,8288
0,"weighted",3734,2893
0,"weighted",3735,9854
0,"weighted",3736,1140
0,"weighted",3737,4117
0,"weighted",3738,9851
0,"weighted",3739,261
0,"weighted",3740,12629
0,"weighted",3741,6149
0,"weighted",3742,4926
0,"weighted",3743,734
0,"weighted",3744,13882
0,"weighted",3745,2509
0,"weighted",3746,2665
0,"weighted",3747,11710
0,"weighted",3748,7653
0,"weighted",3749,9556
0,"weighted",3750,12643
0,"weighted",3751,11922
0,"weighted",3752,10370
0,"weighted",3753,2030
0,"weighted",3754,404
0,"weighted",3755,2283
0,"weighted",3756,6926
0,"weighted",3757,3832
0,"weighted",3758,1542
0,"weighted",3759,10106
0,"weighted",3760,6806
0,"weighted",3761,10938
0,"weighted",3762,776
0,"weighted",3763,12836
0,"weighted",3764,7506
0,"weighted",3765,10252
0,"weighted",3766,14032
0,"weighted",3767,8254
0,"weighted",3768,12914
0,"weighted",3769,346
0,"weighted",3770,3076
0,"weighted",3771,9768
0,"weighted",3772,4240
0,"weighted",3773,7960
0,"weighted",3774,5604
0,"weighted",3775,2377
0,"weighted",3776,14036
0,"weighted",3777,5827
0,"weighted",3778,9771
0,"weighted",3779,13962
0,"weighted",3780,10205
0,"weighted",3781,382
0,"weighted",3782,6272
0,"weighted",3783,9420
0,"weighted",3784,962
0,"weighted",3785,3046
0,"weighted",3786,6769
0,"weighted",3787,10215
0,"weighted",3788,13964
0,"weighted",3789,12922
0,"weighted",3790,10425
0,"weighted",3791,7523
0,"weighted",3792,4534
0,"weighted",3793,3043
0,"weighted",3794,3968
0,"weighted",3795,12079
0,"weighted",3796,8158
0,"weighted",3797,1431
0,"weighted",3798,110
0,"weighted",3799,10768
0,"weighted",3800,13960
0,"weighted",3801,7660
0,"weighted",3802,1592
0,"weighted",3803,1195
0,"weighted",3804,2388
0,"weighted",3805,12089
0,"weighted",3806,7927
0,"weighted",3807,10451
0,"weighted",3808,9818
0,"weighted",3809,13958
0,"weighted",3810,8387
0,"weighted",3811,548
0,"weighted",3812,1204
0,"weighted",3813,4846
0,"weighted",3814,11898
0,"weighted",3815,4909
0,"weighted",3816,10634
0,"weighted",3817,12154
0,"weighted",3818,3914
0,"weighted",3819,4506
0,"weighted",3820,1303
0,"weighted",3821,4532
0,"weighted",3822,10759
0,"weighted",3823,3429
0,"weighted",3824,8111
0,"weighted",3825,9412
0,"weighted",3826,1211
0,"weighted",3827,472
0,"weighted",3828,3427
0,"weighted",3829,10784
0,"weighted",3830,10185
0,"weighted",3831,13003
0,"weighted",3832,1852
0,"weighted",3833,306
0,"weighted",3834,6593
0,"weighted",3835,5977
0,"weighted",3836,11607
0,"weighted",3837,4500
0,"weighted",3838,12561
0,"weighted",3839,1254
0,"weighted",3840,7962
0,"weighted",3841,3466
0,"weighted",3842,1610
0,"weighted",3843,12862
0,"weighted",3844,2085
0,"weighted",3845,11974
0,"weighted",3846,2760
0,"weighted",3847,9256
0,"weighted",3848,8918
0,"weighted",3849,9600
0,"weighted",3850,9603
0,"weighted",3851,5123
0,"weighted",3852,2314
0,"weighted",3853,9604
0,"weighted",3854,336
0,"weighted",3855,6634
0,"weighted",3856,5130
0,"weighted",3857,5128
0,"weighted",3858,9274
0,"weighted",3859,3955
0,"weighted",3860,5152
0,"weighted",3861,5746
0,"weighted",3862,532
0,"weighted",3863,2232
0,"weighted",3864,8952
0,"weighted",3865,6000
0,"weighted",3866,2358
0,"weighted",3867,5737
0,"weighted",3868,367
0,"weighted",3869,6638
0,"weighted",3870,9530
0,"weighted",3871,3063
0,"weighted",3872,13607
0,"weighted",3873,6350
0,"weighted",3874,3734
0,"weighted",3875,2795
0,"weighted",3876,2264
0,"weighted",3877,2834
0,"weighted",3878,13921
0,"weighted",3879,11799
0,"weighted",3880,11846
0,"weighted",3881,10080
0,"weighted",3882,10932
0,"weighted",3883,5601
0,"weighted",3884,3784
0,"weighted",3885,12221
0,"weighted",3886,6953
0,"weighted",3887,6022
0,"weighted",3888,10910
0,"weighted",3889,2112
0,"weighted",3890,9519
0,"weighted",3891,10124
0,"weighted",3892,11990
0,"weighted",3893,2603
0,"weighted",3894,1531
0,"weighted",3895,13548
0,"weighted",3896,7064
0,"weighted",3897,8184
0,"weighted",3898,8041
0,"weighted",3899,1395
0,"weighted",3900,11794
0,"weighted",3901,2290
0,"weighted",3902,7027
0,"weighted",3903,1936
0,"weighted",3904,9307
0,"weighted",3905,3066
0,"weighted",3906,4197
0,"weighted",3907,11068
0,"weighted",3908,11298
0,"weighted",3909,7084
0,"weighted",3910,10116
0,"weighted",3911,1512
0,"weighted",3912,2103
0,"weighted",3913,11058
0,"weighted",3914,5618
0,"weighted",3915,377
0,"weighted",3916,7521
0,"weighted",3917,7664
0,"weighted",3918,9314
0,"weighted",3919,11951
0,"weighted",3920,6867
0,"weighted",3921,9311
0,"weighted",3922,952
0,"weighted",3923,2821
0,"weighted",3924,857
0,"weighted",3925,926
0,"weighted",3926,5285
0,"weighted",3927,10233
0,"weighted",3928,7639
0,"weighted",3929,5315
0,"weighted",3930,3856
0,"weighted",3931,12248
0,"weighted",3932,1537
0,"weighted",3933,12797
0,"weighted",3934,942
0,"weighted",3935,9493
0,"weighted",3936,3055
0,"weighted",3937,9325
0,"weighted",3938,6920
0,"weighted",3939,5890
0,"weighted",3940,411
0,"weighted",3941,5780
0,"weighted",3942,7634
0,"weighted",3943,412
0,"weighted",3944,8703
0,"weighted",3945,6927
0,"weighted",3946,12917
0,"weighted",3947,10052
0,"weighted",3948,4849
0,"weighted",3949,67
0,"weighted",3950,12191
0,"weighted",3951,12215
0,"weighted",3952,579
0,"weighted",3953,10929
0,"weighted",3954,13451
0,"weighted",3955,13705
0,"weighted",3956,1524
0,"weighted",3957,10071
0,"weighted",3958,390
0,"weighted",3959,2141
0,"weighted",3960,4719
0,"weighted",3961,8686
0,"weighted",3962,4177
0,"weighted",3963,2273
0,"weighted",3964,4712
0,"weighted",3965,1919
0,"weighted",3966,11781
0,"weighted",3967,7761
0,"weighted",3968,7229
0,"weighted",3969,4087
0,"weighted",3970,1628
0,"weighted",3971,13831
0,"weighted",3972,5386
0,"weighted",3973,7754
0,"weighted",3974,9821
0,"weighted",3975,11381
0,"weighted",3976,11416
0,"weighted",3977,14087
0,"weighted",3978,987
0,"weighted",3979,6144
0,"weighted",3980,7494
0,"weighted",3981,9196
0,"weighted",3982,5582
0,"weighted",3983,10874
0,"weighted",3984,7499
0,"weighted",3985,733
0,"weighted",3986,9868
0,"weighted",3987,11402
0,"weighted",3988,7106
0,"weighted",3989,1364
0,"weighted",3990,973
0,"weighted",3991,3025
0,"weighted",3992,5467
0,"weighted",3993,6986
0,"weighted",3994,3325
0,"weighted",3995,1209
0,"weighted",3996,5325
0,"weighted",3997,10326
0,"weighted",3998,7527
0,"weighted",3999,2155
0,"weighted",4000,11961
0,"weighted",4001,6539
0,"weighted",4002,1428
0,"weighted",4003,2459
0,"weighted",4004,5360
0,"weighted",4005,9619
0,"weighted",4006,3772
0,"weighted",4007,7362
0,"weighted",4008,3359
0,"weighted",4009,4079
0,"weighted",4010,13776
0,"weighted",4011,11548
0,"weighted",4012,11565
0,"weighted",4013,10772
0,"weighted",4014,10159
0,"weighted",4015,10989
0,"weighted",4016,2811
0,"weighted",4017,7376
0,"weighted",4018,11538
0,"weighted",4019,10783
0,"weighted",4020,12524
0,"weighted",4021,5907
0,"weighted",4022,12540
0,"weighted",4023,462
0,"weighted",4024,2920
0,"weighted",4025,5509
0,"weighted",4026,12440
0,"weighted",4027,6474
0,"weighted",4028,7808
0,"weighted",4029,6313
0,"weighted",4030,8435
0,"weighted",4031,2997
0,"weighted",4032,9753
0,"weighted",4033,12544
0,"weighted",4034,688
0,"weighted",4035,685
0,"weighted",4036,2359
0,"weighted",4037,9569
0,"weighted",4038,11050
0,"weighted",4039,9425
0,"weighted",4040,5642
0,"weighted",4041,5257
0,"weighted",4042,1500
0,"weighted",4043,10957
0,"weighted",4044,5670
0,"weighted",4045,14052
0,"weighted",4046,2158
0,"weighted",4047,7636
0,"weighted",4048,10402
0,"weighted",4049,9498
0,"weighted",4050,7615
0,"weighted",4051,8815
0,"weighted",4052,7078
0,"weighted",4053,911
0,"weighted",4054,631
0,"weighted",4055,6226
0,"weighted",4056,9700
0,"weighted",4057,7071
0,"weighted",4058,2797
0,"weighted",4059,5684
0,"weighted",4060,3898
0,"weighted",4061,5888
0,"weighted",4062,3072
0,"weighted",4063,78
0,"weighted",4064,3777
0,"weighted",4065,9535
0,"weighted",4066,3699
0,"weighted",4067,700
0,"weighted",4068,10959
0,"weighted",4069,11786
0,"weighted",4070,6664
0,"weighted",4071,5787
0,"weighted",4072,11142
0,"weighted",4073,8076
0,"weighted",4074,3780
0,"weighted",4075,4205
0,"weighted",4076,9612
0,"weighted",4077,13678
0,"weighted",4078,7244
0,"weighted",4079,89
0,"weighted",4080,12784
0,"weighted",4081,4764
0,"weighted",4082,6034
0,"weighted",4083,13611
0,"weighted",4084,4709
0,"weighted",4085,11865
0,"weighted",4086,3087
0,"weighted",4087,484
0,"weighted",4088,7072
0,"weighted",4089,12166
0,"weighted",4090,5332
0,"weighted",4091,860
0,"weighted",4092,2819
0,"weighted",4093,51
0,"weighted",4094,18
0,"weighted",4095,5283
0,"weighted",4096,9573
0,"weighted",4097,7982
0,"weighted",4098,1650
0,"weighted",4099,5344
0,"weighted",4100,231
0,"weighted",4101,10316
0,"weighted",4102,6346
0,"weighted",4103,4595
0,"weighted",4104,87
0,"weighted",4105,7630
0,"weighted",4106,5659
0,"weighted",4107,9492
0,"weighted",4108,1547
0,"weighted",4109,6938
0,"weighted",4110,3690
0,"weighted",4111,4023
0,"weighted",4112,11057
0,"weighted",4113,8071
0,"weighted",4114,1502
0,"weighted",4115,7023
0,"weighted",4116,10343
0,"weighted",4117,948
0,"weighted",4118,4787
0,"weighted",4119,2722
0,"weighted",4120,2723
0,"weighted",4121,4229
0,"weighted",4122,11524
0,"weighted",4123,7912
0,"weighted",4124,7665
0,"weighted",4125,12195
0,"weighted",4126,14025
0,"weighted",4127,12188
0,"weighted",4128,9083
0,"weighted",4129,11053
0,"weighted",4130,12502
0,"weighted",4131,4721
0,"weighted",4132,7311
0,"weighted",4133,9712
0,"weighted",4134,5373
0,"weighted",4135,9907
0,"weighted",4136,4683
0,"weighted",4137,14159
0,"weighted",4138,4241
0,"weighted",4139,10090
0,"weighted",4140,9225
0,"weighted",4141,9750
0,"weighted",4142,11777
0,"weighted",4143,13940
0,"weighted",4144,7503
0,"weighted",4145,4741
0,"weighted",4146,5835
0,"weighted",4147,8186
0,"weighted",4148,2385
0,"weighted",4149,5385
0,"weighted",4150,8156
0,"weighted",4151,8554
0,"weighted",4152,12766
0,"weighted",4153,8244
0,"weighted",4154,7690
0,"weighted",4155,1423
0,"weighted",4156,13467
0,"weighted",4157,12964
0,"weighted",4158,3431
0,"weighted",4159,11040
0,"weighted",4160,14153
0,"weighted",4161,3134
0,"weighted",4162,10767
0,"weighted",4163,12543
0,"weighted",4164,6231
0,"weighted",4165,7738
0,"weighted",4166,10477
0,"weighted",4167,9972
0,"weighted",4168,7928
0,"weighted",4169,9479
0,"weighted",4170,6560
0,"weighted",4171,3917
0,"weighted",4172,12699
0,"weighted",4173,5951
0,"weighted",4174,11102
0,"weighted",4175,5075
0,"weighted",4176,12518
0,"weighted",4177,4481
0,"weighted",4178,11567
0,"weighted",4179,4082
0,"weighted",4180,5074
0,"weighted",4181,2507
0,"weighted",4182,10781
0,"weighted",4183,6328
0,"weighted",4184,1217
0,"weighted",4185,3354
0,"weighted",4186,1227
0,"weighted",4187,11594
0,"weighted",4188,9234
0,"weighted",4189,10789
0,"weighted",4190,13798
0,"weighted",4191,11609
0,"weighted",4192,12853
0,"weighted",4193,11586
0,"weighted",4194,5644
0,"weighted",4195,3365
0,"weighted",4196,1847
0,"weighted",4197,11598
0,"weighted",4198,2496
0,"weighted",4199,6603
0,"weighted",4200,6592
0,"weighted",4201,5116
0,"weighted",4202,11590
0,"weighted",4203,5113
0,"weighted",4204,2321
0,"weighted",4205,7719
0,"weighted",4206,5728
0,"weighted",4207,12943
0,"weighted",4208,6631
0,"weighted",4209,12940
0,"weighted",4210,8926
0,"weighted",4211,324
0,"weighted",4212,7718
0,"weighted",4213,2084
0,"weighted",4214,12874
0,"weighted",4215,6224
0,"weighted",4216,10000
0,"weighted",4217,6612
0,"weighted",4218,13947
0,"weighted",4219,11665
0,"weighted",4220,7628
0,"weighted",4221,9653
0,"weighted",4222,588
0,"weighted",4223,10240
0,"weighted",4224,5789
0,"weighted",4225,2144
0,"weighted",4226,6779
0,"weighted",4227,4723
0,"weighted",4228,5868
0,"weighted",4229,6230
0,"weighted",4230,5884
0,"weighted",4231,3894
0,"weighted",4232,6955
0,"weighted",4233,8074
0,"weighted",4234,11845
0,"weighted",4235,10941
0,"weighted",4236,5338
0,"weighted",4237,11859
0,"weighted",4238,1515
0,"weighted",4239,10367
0,"weighted",4240,8657
0,"weighted",4241,654
0,"weighted",4242,8641
0,"weighted",4243,591
0,"weighted",4244,3069
0,"weighted",4245,3118
0,"weighted",4246,7592
0,"weighted",4247,9114
0,"weighted",4248,3517
0,"weighted",4249,13986
0,"weighted",4250,2329
0,"weighted",4251,2331
0,"weighted",4252,12319
0,"weighted",4253,1079
0,"weighted",4254,9116
0,"weighted",4255,3644
0,"weighted",4256,11354
0,"weighted",4257,12322
0,"weighted",4258,11473
0,"weighted",4259,2900
0,"weighted",4260,819
0,"weighted",4261,14131
0,"weighted",4262,6186
0,"weighted",4263,6043
0,"weighted",4264,13744
0,"weighted",4265,9163
0,"weighted",4266,12335
0,"weighted",4267,13805
0,"weighted",4268,10601
0,"weighted",4269,6452
0,"weighted",4270,820
0,"weighted",4271,10597
0,"weighted",4272,9914
0,"weighted",4273,3616
0,"weighted",4274,2419
0,"weighted",4275,831
0,"weighted",4276,828
0,"weighted",4277,12351
0,"weighted",4278,13595
0,"weighted",4279,3613
0,"weighted",4280,1117
0,"weighted",4281,1088
0,"weighted",4282,5248
0,"weighted",4283,10725
0,"weighted",4284,9816
0,"weighted",4285,1152
0,"weighted",4286,7397
0,"weighted",4287,7940
0,"weighted",4288,3660
0,"weighted",4289,13231
0,"weighted",4290,7779
0,"weighted",4291,1978
0,"weighted",4292,6128
0,"weighted",4293,1043
0,"weighted",4294,1323
0,"weighted",4295,4894
0,"weighted",4296,7460
0,"weighted",4297,8477
0,"weighted",4298,2002
0,"weighted",4299,7243
0,"weighted",4300,13228
0,"weighted",4301,752
0,"weighted",4302,1025
0,"weighted",4303,13504
0,"weighted",4304,12985
0,"weighted",4305,11207
0,"weighted",4306,13854
0,"weighted",4307,4027
0,"weighted",4308,12114
0,"weighted",4309,10862
0,"weighted",4310,9069
0,"weighted",4311,7492
0,"weighted",4312,2690
0,"weighted",4313,9238
0,"weighted",4314,552
0,"weighted",4315,1352
0,"weighted",4316,5194
0,"weighted",4317,7113
0,"weighted",4318,5548
0,"weighted",4319,13423
0,"weighted",4320,1761
0,"weighted",4321,6112
0,"weighted",4322,7480
0,"weighted",4323,2540
0,"weighted",4324,675
0,"weighted",4325,4157
0,"weighted",4326,6695
0,"weighted",4327,13304
0,"weighted",4328,3294
0,"weighted",4329,6508
0,"weighted",4330,4134
0,"weighted",4331,5228
0,"weighted",4332,7136
0,"weighted",4333,12621
0,"weighted",4334,4165
0,"weighted",4335,9366
0,"weighted",4336,9980
0,"weighted",4337,10854
0,"weighted",4338,167
0,"weighted",4339,1664
0,"weighted",4340,11415
0,"weighted",4341,7776
0,"weighted",4342,8404
0,"weighted",4343,13868
0,"weighted",4344,12422
0,"weighted",4345,6502
0,"weighted",4346,4169
0,"weighted",4347,12449
0,"weighted",4348,14100
0,"weighted",4349,11693
0,"weighted",4350,1981
0,"weighted",4351,6289
0,"weighted",4352,1649
0,"weighted",4353,4538
0,"weighted",4354,5389
0,"weighted",4355,230
0,"weighted",4356,7801
0,"weighted",4357,259
0,"weighted",4358,13245
0,"weighted",4359,9201
0,"weighted",4360,3263
0,"weighted",4361,12113
0,"weighted",4362,12430
0,"weighted",4363,11553
0,"weighted",4364,9084
0,"weighted",4365,4120
0,"weighted",4366,1366
0,"weighted",4367,7438
0,"weighted",4368,2564
0,"weighted",4369,1061
0,"weighted",4370,3805
0,"weighted",4371,11312
0,"weighted",4372,4777
0,"weighted",4373,3920
0,"weighted",4374,3940
0,"weighted",4375,10424
0,"weighted",4376,1487
0,"weighted",4377,10304
0,"weighted",4378,8201
0,"weighted",4379,6760
0,"weighted",4380,10405
0,"weighted",4381,2379
0,"weighted",4382,2371
0,"weighted",4383,2223
0,"weighted",4384,1640
0,"weighted",4385,4907
0,"weighted",4386,12707
0,"weighted",4387,4235
0,"weighted",4388,1459
0,"weighted",4389,12259
0,"weighted",4390,5916
0,"weighted",4391,3999
0,"weighted",4392,14109
0,"weighted",4393,2584
0,"weighted",4394,1451
0,"weighted",4395,7003
0,"weighted",4396,8209
0,"weighted",4397,2374
0,"weighted",4398,9264
0,"weighted",4399,9510
0,"weighted",4400,3743
0,"weighted",4401,11913
0,"weighted",4402,13969
0,"weighted",4403,11589
0,"weighted",4404,3381
0,"weighted",4405,8890
0,"weighted",4406,10213
0,"weighted",4407,4862
0,"weighted",4408,11246
0,"weighted",4409,1866
0,"weighted",4410,6773
0,"weighted",4411,1877
0,"weighted",4412,8925
0,"weighted",4413,11127
0,"weighted",4414,9795
0,"weighted",4415,5733
0,"weighted",4416,11638
0,"weighted",4417,3496
0,"weighted",4418,8939
0,"weighted",4419,332
0,"weighted",4420,9279
0,"weighted",4421,11001
0,"weighted",4422,7726
0,"weighted",4423,8954
0,"weighted",4424,369
0,"weighted",4425,6798
0,"weighted",4426,12794
0,"weighted",4427,5927
0,"weighted",4428,13711
0,"weighted",4429,3766
0,"weighted",4430,3883
0,"weighted",4431,6023
0,"weighted",4432,5657
0,"weighted",4433,13957
0,"weighted",4434,600
0,"weighted",4435,3872
0,"weighted",4436,11960
0,"weighted",4437,12712
0,"weighted",4438,12810
0,"weighted",4439,2162
0,"weighted",4440,11958
0,"weighted",4441,12644
0,"weighted",4442,7979
0,"weighted",4443,5357
0,"weighted",4444,5753
0,"weighted",4445,10232
0,"weighted",4446,12764
0,"weighted",4447,8712
0,"weighted",4448,3889
0,"weighted",4449,56
0,"weighted",4450,10349
0,"weighted",4451,3768
0,"weighted",4452,11996
0,"weighted",4453,13902
0,"weighted",4454,7643
0,"weighted",4455,1516
0,"weighted",4456,10069
0,"weighted",4457,5362
0,"weighted",4458,5343
0,"weighted",4459,4747
0,"weighted",4460,8650
0,"weighted",4461,2020
0,"weighted",4462,6784
0,"weighted",4463,9559
0,"weighted",4464,10378
0,"weighted",4465,2164
0,"weighted",4466,11975
0,"weighted",4467,10034
0,"weighted",4468,4587
0,"weighted",4469,7626
0,"weighted",4470,12640
0,"weighted",4471,2029
0,"weighted",4472,903
0,"weighted",4473,3810
0,"weighted",4474,4727
0,"weighted",4475,5253
0,"weighted",4476,7086
0,"weighted",4477,10962
0,"weighted",4478,12804
0,"weighted",4479,4186
0,"weighted",4480,4580
0,"weighted",4481,12642
0,"weighted",4482,2207
0,"weighted",4483,5359
0,"weighted",4484,12770
0,"weighted",4485,4278
0,"weighted",4486,11887
0,"weighted",4487,6270
0,"weighted",4488,94
0,"weighted",4489,6992
0,"weighted",4490,12003
0,"weighted",4491,6400
0,"weighted",4492,12313
0,"weighted",4493,1036
0,"weighted",4494,12413
0,"weighted",4495,10644
0,"weighted",4496,13357
0,"weighted",4497,716
0,"weighted",4498,758
0,"weighted",4499,1057
0,"weighted",4500,7430
0,"weighted",4501,2646
0,"weighted",4502,3893
0,"weighted",4503,13884
0,"weighted",4504,7725
0,"weighted",4505,13382
0,"weighted",4506,7005
0,"weighted",4507,870
0,"weighted",4508,9433
0,"weighted",4509,459
0,"weighted",4510,5056
0,"weighted",4511,3739
0,"weighted",4512,8722
0,"weighted",4513,10955
0,"weighted",4514,9506
0,"weighted",4515,14097
0,"weighted",4516,11534
0,"weighted",4517,3341
0,"weighted",4518,9717
0,"weighted",4519,12519
0,"weighted",4520,13785
0,"weighted",4521,6551
0,"weighted",4522,4490
0,"weighted",4523,10164
0,"weighted",4524,3040
0,"weighted",4525,12058
0,"weighted",4526,6575
0,"weighted",4527,9218
0,"weighted",4528,8541
0,"weighted",4529,507
0,"weighted",4530,2701
0,"weighted",4531,1265
0,"weighted",4532,7094
0,"weighted",4533,2353
0,"weighted",4534,1082
0,"weighted",4535,10400
0,"weighted",4536,9807
0,"weighted",4537,1065
0,"weighted",4538,7181
0,"weighted",4539,6037
0,"weighted",4540,10569
0,"weighted",4541,8869
0,"weighted",4542,11079
0,"weighted",4543,11909
0,"weighted",4544,1755
0,"weighted",4545,3607
0,"weighted",4546,1752
0,"weighted",4547,1137
0,"weighted",4548,4408
0,"weighted",4549,5542
0,"weighted",4550,12363
0,"weighted",4551,4979
0,"weighted",4552,1720
0,"weighted",4553,11158
0,"weighted",4554,12367
0,"weighted",4555,11161
0,"weighted",4556,9935
0,"weighted",4557,9940
0,"weighted",4558,4461
0,"weighted",4559,1311
0,"weighted",4560,12600
0,"weighted",4561,4411
0,"weighted",4562,12182
0,"weighted",4563,9357
0,"weighted",4564,9875
0,"weighted",4565,4423
0,"weighted",4566,10656
0,"weighted",4567,11691
0,"weighted",4568,1632
0,"weighted",4569,8420
0,"weighted",4570,1160
0,"weighted",4571,4494
0,"weighted",4572,6163
0,"weighted",4573,12466
0,"weighted",4574,7493
0,"weighted",4575,2535
0,"weighted",4576,5368
0,"weighted",4577,4440
0,"weighted",4578,6116
0,"weighted",4579,7408
0,"weighted",4580,8426
0,"weighted",4581,5388
0,"weighted",4582,184
0,"weighted",4583,8270
0,"weighted",4584,233
0,"weighted",4585,11519
0,"weighted",4586,7450
0,"weighted",4587,5952
0,"weighted",4588,5184
0,"weighted",4589,1034
0,"weighted",4590,8314
0,"weighted",4591,2568
0,"weighted",4592,4628
0,"weighted",4593,8418
0,"weighted",4594,11683
0,"weighted",4595,3214
0,"weighted",4596,4354
0,"weighted",4597,12383
0,"weighted",4598,751
0,"weighted",4599,12565
0,"weighted",4600,8269
0,"weighted",4601,7897
0,"weighted",4602,7851
0,"weighted",4603,7785
0,"weighted",4604,6162
0,"weighted",4605,5016
0,"weighted",4606,7803
0,"weighted",4607,8560
0,"weighted",4608,162
0,"weighted",4609,12143
0,"weighted",4610,4601
0,"weighted",4611,2649
0,"weighted",4612,3271
0,"weighted",4613,2949
0,"weighted",4614,8043
0,"weighted",4615,5634
0,"weighted",4616,4746
0,"weighted",4617,10267
0,"weighted",4618,10909
0,"weighted",4619,3095
0,"weighted",4620,5648
0,"weighted",4621,10091
0,"weighted",4622,5262
0,"weighted",4623,12735
0,"weighted",4624,8704
0,"weighted",4625,3755
0,"weighted",4626,11938
0,"weighted",4627,8162
0,"weighted",4628,11894
0,"weighted",4629,5277
0,"weighted",4630,10410
0,"weighted",4631,13618
0,"weighted",4632,8763
0,"weighted",4633,100
0,"weighted",4634,13623
0,"weighted",4635,7512
0,"weighted",4636,13942
0,"weighted",4637,3811
0,"weighted",4638,8766
0,"weighted",4639,1409
0,"weighted",4640,8091
0,"weighted",4641,10388
0,"weighted",4642,5041
0,"weighted",4643,12664
0,"weighted",4644,7958
0,"weighted",4645,9034
0,"weighted",4646,1449
0,"weighted",4647,7608
0,"weighted",4648,4788
0,"weighted",4649,5836
0,"weighted",4650,2354
0,"weighted",4651,9021
0,"weighted",4652,5953
0,"weighted",4653,4859
0,"weighted",4654,10449
0,"weighted",4655,13959
0,"weighted",4656,1125
0,"weighted",4657,11333
0,"weighted",4658,5915
0,"weighted",4659,2393
0,"weighted",4660,1432
0,"weighted",4661,960
0,"weighted",4662,10153
0,"weighted",4663,9020
0,"weighted",4664,2337
0,"weighted",4665,3048
0,"weighted",4666,7937
0,"weighted",4667,12013
0,"weighted",4668,2077
0,"weighted",4669,12016
0,"weighted",4670,3124
0,"weighted",4671,2220
0,"weighted",4672,13143
0,"weighted",4673,3822
0,"weighted",4674,1309
0,"weighted",4675,2753
0,"weighted",4676,540
0,"weighted",4677,4812
0,"weighted",4678,13951
0,"weighted",4679,12751
0,"weighted",4680,2064
0,"weighted",4681,3916
0,"weighted",4682,8980
0,"weighted",4683,7583
0,"weighted",4684,14169
0,"weighted",4685,5685
0,"weighted",4686,1458
0,"weighted",4687,13913
0,"weighted",4688,5819
0,"weighted",4689,9027
0,"weighted",4690,10315
0,"weighted",4691,4790
0,"weighted",4692,10487
0,"weighted",4693,2063
0,"weighted",4694,11328
0,"weighted",4695,8123
0,"weighted",4696,12674
0,"weighted",4697,12021
0,"weighted",4698,7924
0,"weighted",4699,8583
0,"weighted",4700,5656
0,"weighted",4701,11596
0,"weighted",4702,12805
0,"weighted",4703,5802
0,"weighted",4704,11482
0,"weighted",4705,2932
0,"weighted",4706,7843
0,"weighted",4707,3612
0,"weighted",4708,9645
0,"weighted",4709,797
0,"weighted",4710,4970
0,"weighted",4711,7195
0,"weighted",4712,8384
0,"weighted",4713,781
0,"weighted",4714,11319
0,"weighted",4715,196
0,"weighted",4716,5502
0,"weighted",4717,1080
0,"weighted",4718,1702
0,"weighted",4719,4944
0,"weighted",4720,12926
0,"weighted",4721,8308
0,"weighted",4722,5507
0,"weighted",4723,1859
0,"weighted",4724,9050
0,"weighted",4725,4318
0,"weighted",4726,9117
0,"weighted",4727,3590
0,"weighted",4728,2927
0,"weighted",4729,1732
0,"weighted",4730,7222
0,"weighted",4731,7217
0,"weighted",4732,6055
0,"weighted",4733,2434
0,"weighted",4734,5559
0,"weighted",4735,3004
0,"weighted",4736,1692
0,"weighted",4737,273
0,"weighted",4738,10546
0,"weighted",4739,2972
0,"weighted",4740,14151
0,"weighted",4741,6110
0,"weighted",4742,13878
0,"weighted",4743,7953
0,"weighted",4744,11604
0,"weighted",4745,295
0,"weighted",4746,307
0,"weighted",4747,9252
0,"weighted",4748,12838
0,"weighted",4749,4518
0,"weighted",4750,300
0,"weighted",4751,5599
0,"weighted",4752,9781
0,"weighted",4753,8895
0,"weighted",4754,8
0,"weighted",4755,2344
0,"weighted",4756,6594
0,"weighted",4757,1848
0,"weighted",4758,4523
0,"weighted",4759,1266
0,"weighted",4760,8200
0,"weighted",4761,1414
0,"weighted",4762,10198
0,"weighted",4763,3464
0,"weighted",4764,9765
0,"weighted",4765,8293
0,"weighted",4766,11658
0,"weighted",4767,2785
0,"weighted",4768,6616
0,"weighted",4769,2784
0,"weighted",4770,3478
0,"weighted",4771,11543
0,"weighted",4772,13981
0,"weighted",4773,6632
0,"weighted",4774,12939
0,"weighted",4775,339
0,"weighted",4776,1962
0,"weighted",4777,9267
0,"weighted",4778,5119
0,"weighted",4779,8924
0,"weighted",4780,5127
0,"weighted",4781,2317
0,"weighted",4782,968
0,"weighted",4783,10010
0,"weighted",4784,12941
0,"weighted",4785,8139
0,"weighted",4786,2301
0,"weighted",4787,12933
0,"weighted",4788,9271
0,"weighted",4789,13049
0,"weighted",4790,8159
0,"weighted",4791,10022
0,"weighted",4792,1481
0,"weighted",4793,11413
0,"weighted",4794,7993
0,"weighted",4795,9542
0,"weighted",4796,924
0,"weighted",4797,3023
0,"weighted",4798,4178
0,"weighted",4799,2294
0,"weighted",4800,10346
0,"weighted",4801,9885
0,"weighted",4802,7088
0,"weighted",4803,8809
0,"weighted",4804,7061
0,"weighted",4805,2566
0,"weighted",4806,8656
0,"weighted",4807,6900
0,"weighted",4808,10062
0,"weighted",4809,10040
0,"weighted",4810,11854
0,"weighted",4811,6983
0,"weighted",4812,13343
0,"weighted",4813,8854
0,"weighted",4814,11842
0,"weighted",4815,5687
0,"weighted",4816,9800
0,"weighted",4817,8960
0,"weighted",4818,2182
0,"weighted",4819,10094
0,"weighted",4820,2026
0,"weighted",4821,3757
0,"weighted",4822,7610
0,"weighted",4823,13859
0,"weighted",4824,5299
0,"weighted",4825,3077
0,"weighted",4826,7053
0,"weighted",4827,8983
0,"weighted",4828,8739
0,"weighted",4829,13889
0,"weighted",4830,4585
0,"weighted",4831,3729
0,"weighted",4832,392
0,"weighted",4833,3412
0,"weighted",4834,12582
0,"weighted",4835,7507
0,"weighted",4836,8022
0,"weighted",4837,65
0,"weighted",4838,6786
0,"weighted",4839,3874
0,"weighted",4840,4751
0,"weighted",4841,14027
0,"weighted",4842,3716
0,"weighted",4843,8710
0,"weighted",4844,1554
0,"weighted",4845,1378
0,"weighted",4846,14020
0,"weighted",4847,2268
0,"weighted",4848,917
0,"weighted",4849,8066
0,"weighted",4850,5866
0,"weighted",4851,5669
0,"weighted",4852,7986
0,"weighted",4853,8030
0,"weighted",4854,9417
0,"weighted",4855,8986
0,"weighted",4856,9655
0,"weighted",4857,11253
0,"weighted",4858,6883
0,"weighted",4859,3033
0,"weighted",4860,13603
0,"weighted",4861,5662
0,"weighted",4862,5773
0,"weighted",4863,37
0,"weighted",4864,3324
0,"weighted",4865,7587
0,"weighted",4866,893
0,"weighted",4867,5487
0,"weighted",4868,11285
0,"weighted",4869,13968
0,"weighted",4870,878
0,"weighted",4871,516
0,"weighted",4872,11270
0,"weighted",4873,923
0,"weighted",4874,4756
0,"weighted",4875,8849
0,"weighted",4876,8697
0,"weighted",4877,2561
0,"weighted",4878,4162
0,"weighted",4879,6903
0,"weighted",4880,3830
0,"weighted",4881,12587
0,"weighted",4882,13812
0,"weighted",4883,10827
0,"weighted",4884,1626
0,"weighted",4885,6499
0,"weighted",4886,6196
0,"weighted",4887,3183
0,"weighted",4888,5546
0,"weighted",4889,5022
0,"weighted",4890,1656
0,"weighted",4891,3989
0,"weighted",4892,3664
0,"weighted",4893,7811
0,"weighted",4894,11511
0,"weighted",4895,6407
0,"weighted",4896,11192
0,"weighted",4897,4174
0,"weighted",4898,1360
0,"weighted",4899,8287
0,"weighted",4900,10044
0,"weighted",4901,10878
0,"weighted",4902,13362
0,"weighted",4903,3265
0,"weighted",4904,13273
0,"weighted",4905,9989
0,"weighted",4906,2380
0,"weighted",4907,4861
0,"weighted",4908,10039
0,"weighted",4909,4034
0,"weighted",4910,6356
0,"weighted",4911,5724
0,"weighted",4912,889
0,"weighted",4913,5859
0,"weighted",4914,66
0,"weighted",4915,9394
0,"weighted",4916,1544
0,"weighted",4917,13465
0,"weighted",4918,10430
0,"weighted",4919,2015
0,"weighted",4920,6371
0,"weighted",4921,14154
0,"weighted",4922,6954
0,"weighted",4923,6805
0,"weighted",4924,2167
0,"weighted",4925,6018
0,"weighted",4926,11856
0,"weighted",4927,10049
0,"weighted",4928,9428
0,"weighted",4929,12760
0,"weighted",4930,8095
0,"weighted",4931,10306
0,"weighted",4932,483
0,"weighted",4933,2484
0,"weighted",4934,5450
0,"weighted",4935,9210
0,"weighted",4936,5455
0,"weighted",4937,5097
0,"weighted",4938,8555
0,"weighted",4939,10166
0,"weighted",4940,4083
0,"weighted",4941,6568
0,"weighted",4942,11557
0,"weighted",4943,11558
0,"weighted",4944,5073
0,"weighted",4945,500
0,"weighted",4946,11549
0,"weighted",4947,490
0,"weighted",4948,7954
0,"weighted",4949,1222
0,"weighted",4950,474
0,"weighted",4951,8563
0,"weighted",4952,2481
0,"weighted",4953,12532
0,"weighted",4954,2338
0,"weighted",4955,11616
0,"weighted",4956,4225
0,"weighted",4957,11169
0,"weighted",4958,9126
0,"weighted",4959,9168
0,"weighted",4960,11085
0,"weighted",4961,5394
0,"weighted",4962,762
0,"weighted",4963,4602
0,"weighted",4964,11509
0,"weighted",4965,6192
0,"weighted",4966,11622
0,"weighted",4967,5232
0,"weighted",4968,10551
0,"weighted",4969,1424
0,"weighted",4970,2636
0,"weighted",4971,12575
0,"weighted",4972,6506
0,"weighted",4973,10696
0,"weighted",4974,2872
0,"weighted",4975,1159
0,"weighted",4976,3540
0,"weighted",4977,1006
0,"weighted",4978,6201
0,"weighted",4979,7885
0,"weighted",4980,2680
0,"weighted",4981,12274
0,"weighted",4982,7240
0,"weighted",4983,9899
0,"weighted",4984,1335
0,"weighted",4985,10030
0,"weighted",4986,2980
0,"weighted",4987,13360
0,"weighted",4988,9835
0,"weighted",4989,14055
0,"weighted",4990,10780
0,"weighted",4991,6414
0,"weighted",4992,14061
0,"weighted",4993,8485
0,"weighted",4994,11181
0,"weighted",4995,6477
0,"weighted",4996,2525
0,"weighted",4997,1040
0,"weighted",4998,4578
0,"weighted",4999,3005
0,"weighted",5000,11679
0,"weighted",5001,12373
0,"weighted",5002,9348
0,"weighted",5003,7375
0,"weighted",5004,173
0,"weighted",5005,6142
0,"weighted",5006,7463
0,"weighted",5007,7452
0,"weighted",5008,11699
0,"weighted",5009,7241
0,"weighted",5010,760
0,"weighted",5011,6160
0,"weighted",5012,5380
0,"weighted",5013,4315
0,"weighted",5014,6174
0,"weighted",5015,11382
0,"weighted",5016,1758
0,"weighted",5017,748
0,"weighted",5018,2650
0,"weighted",5019,5204
0,"weighted",5020,10652
0,"weighted",5021,3204
0,"weighted",5022,2629
0,"weighted",5023,7279
0,"weighted",5024,4320
0,"weighted",5025,4319
0,"weighted",5026,5168
0,"weighted",5027,7894
0,"weighted",5028,8635
0,"weighted",5029,7857
0,"weighted",5030,10507
0,"weighted",5031,10879
0,"weighted",5032,9685
0,"weighted",5033,9963
0,"weighted",5034,5203
0,"weighted",5035,6140
0,"weighted",5036,678
0,"weighted",5037,11508
0,"weighted",5038,7428
0,"weighted",5039,5588
0,"weighted",5040,4868
0,"weighted",5041,4173
0,"weighted",5042,7771
0,"weighted",5043,5590
0,"weighted",5044,3640
0,"weighted",5045,4014
0,"weighted",5046,12219
0,"weighted",5047,9534
0,"weighted",5048,905
0,"weighted",5049,10064
0,"weighted",5050,9509
0,"weighted",5051,394
0,"weighted",5052,6924
0,"weighted",5053,595
0,"weighted",5054,1585
0,"weighted",5055,5290
0,"weighted",5056,2252
0,"weighted",5057,5268
0,"weighted",5058,12237
0,"weighted",5059,4195
0,"weighted",5060,10438
0,"weighted",5061,2601
0,"weighted",5062,11282
0,"weighted",5063,909
0,"weighted",5064,5653
0,"weighted",5065,6949
0,"weighted",5066,9429
0,"weighted",5067,10913
0,"weighted",5068,881
0,"weighted",5069,4739
0,"weighted",5070,2175
0,"weighted",5071,5694
0,"weighted",5072,11896
0,"weighted",5073,3803
0,"weighted",5074,2055
0,"weighted",5075,4784
0,"weighted",5076,9754
0,"weighted",5077,10253
0,"weighted",5078,7909
0,"weighted",5079,5904
0,"weighted",5080,9211
0,"weighted",5081,3039
0,"weighted",5082,13660
0,"weighted",5083,4274
0,"weighted",5084,115
0,"weighted",5085,4255
0,"weighted",5086,13211
0,"weighted",5087,7028
0,"weighted",5088,9546
0,"weighted",5089,8823
0,"weighted",5090,2492
0,"weighted",5091,10290
0,"weighted",5092,7535
0,"weighted",5093,1456
0,"weighted",5094,6006
0,"weighted",5095,7591
0,"weighted",5096,549
0,"weighted",5097,6259
0,"weighted",5098,7925
0,"weighted",5099,3787
0,"weighted",5100,2808
0,"weighted",5101,6762
0,"weighted",5102,1568
0,"weighted",5103,4809
0,"weighted",5104,4238
0,"weighted",5105,13138
0,"weighted",5106,10474
0,"weighted",5107,512
0,"weighted",5108,7918
0,"weighted",5109,10375
0,"weighted",5110,7082
0,"weighted",5111,4203
0,"weighted",5112,11939
0,"weighted",5113,9624
0,"weighted",5114,3044
0,"weighted",5115,1614
0,"weighted",5116,7627
0,"weighted",5117,1556
0,"weighted",5118,569
0,"weighted",5119,7577
0,"weighted",5120,8668
0,"weighted",5121,9023
0,"weighted",5122,12662
0,"weighted",5123,6424
0,"weighted",5124,9008
0,"weighted",5125,13953
0,"weighted",5126,13602
0,"weighted",5127,10271
0,"weighted",5128,13657
0,"weighted",5129,6840
0,"weighted",5130,4797
0,"weighted",5131,7566
0,"weighted",5132,13640
0,"weighted",5133,8171
0,"weighted",5134,1557
0,"weighted",5135,2399
0,"weighted",5136,11775
0,"weighted",5137,822
0,"weighted",5138,6563
0,"weighted",5139,3078
0,"weighted",5140,11304
0,"weighted",5141,814
0,"weighted",5142,2219
0,"weighted",5143,12959
0,"weighted",5144,10538
0,"weighted",5145,13341
0,"weighted",5146,629
0,"weighted",5147,13925
0,"weighted",5148,12791
0,"weighted",5149,5786
0,"weighted",5150,7022
0,"weighted",5151,1777
0,"weighted",5152,3753
0,"weighted",5153,11825
0,"weighted",5154,2562
0,"weighted",5155,3079
0,"weighted",5156,2117
0,"weighted",5157,2573
0,"weighted",5158,12724
0,"weighted",5159,3708
0,"weighted",5160,2036
0,"weighted",5161,2285
0,"weighted",5162,10927
0,"weighted",5163,3842
0,"weighted",5164,1765
0,"weighted",5165,8061
0,"weighted",5166,2287
0,"weighted",5167,8738
0,"weighted",5168,6233
0,"weighted",5169,12232
0,"weighted",5170,389
0,"weighted",5171,3083
0,"weighted",5172,4675
0,"weighted",5173,9536
0,"weighted",5174,6890
0,"weighted",5175,648
0,"weighted",5176,8826
0,"weighted",5177,2575
0,"weighted",5178,6893
0,"weighted",5179,6796
0,"weighted",5180,9515
0,"weighted",5181,1518
0,"weighted",5182,3411
0,"weighted",5183,5680
0,"weighted",5184,4687
0,"weighted",5185,7047
0,"weighted",5186,9613
0,"weighted",5187,1555
0,"weighted",5188,1701
0,"weighted",5189,10503
0,"weighted",5190,13998
0,"weighted",5191,9121
0,"weighted",5192,12265
0,"weighted",5193,970
0,"weighted",5194,9033
0,"weighted",5195,2049
0,"weighted",5196,3519
0,"weighted",5197,12566
0,"weighted",5198,8397
0,"weighted",5199,5470
0,"weighted",5200,2622
0,"weighted",5201,7820
0,"weighted",5202,2654
0,"weighted",5203,3171
0,"weighted",5204,12401
0,"weighted",5205,163
0,"weighted",5206,9120
0,"weighted",5207,1377
0,"weighted",5208,7691
0,"weighted",5209,7470
0,"weighted",5210,9086
0,"weighted",5211,4881
0,"weighted",5212,7877
0,"weighted",5213,10564
0,"weighted",5214,12101
0,"weighted",5215,1684
0,"weighted",5216,14144
0,"weighted",5217,1064
0,"weighted",5218,10649
0,"weighted",5219,2530
0,"weighted",5220,1997
0,"weighted",5221,7975
0,"weighted",5222,12765
0,"weighted",5223,2824
0,"weighted",5224,10060
0,"weighted",5225,10568
0,"weighted",5226,11884
0,"weighted",5227,13475
0,"weighted",5228,4943
0,"weighted",5229,13406
0,"weighted",5230,2861
0,"weighted",5231,11151
0,"weighted",5232,5882
0,"weighted",5233,7519
0,"weighted",5234,13772
0,"weighted",5235,7345
0,"weighted",5236,13740
0,"weighted",5237,2599
0,"weighted",5238,10151
0,"weighted",5239,2448
0,"weighted",5240,5458
0,"weighted",5241,10209
0,"weighted",5242,1436
0,"weighted",5243,10763
0,"weighted",5244,3339
0,"weighted",5245,5968
0,"weighted",5246,1207
0,"weighted",5247,2926
0,"weighted",5248,1836
0,"weighted",5249,6562
0,"weighted",5250,9226
0,"weighted",5251,7033
0,"weighted",5252,5456
0,"weighted",5253,502
0,"weighted",5254,8219
0,"weighted",5255,60
0,"weighted",5256,6331
0,"weighted",5257,2405
0,"weighted",5258,5100
0,"weighted",5259,1252
0,"weighted",5260,4514
0,"weighted",5261,5112
0,"weighted",5262,7416
0,"weighted",5263,8122
0,"weighted",5264,303
0,"weighted",5265,7575
0,"weighted",5266,9245
0,"weighted",5267,11603
0,"weighted",5268,9253
0,"weighted",5269,10491
0,"weighted",5270,1865
0,"weighted",5271,12008
0,"weighted",5272,323
0,"weighted",5273,1280
0,"weighted",5274,13989
0,"weighted",5275,1286
0,"weighted",5276,2305
0,"weighted",5277,5732
0,"weighted",5278,3401
0,"weighted",5279,5124
0,"weighted",5280,13988
0,"weighted",5281,9471
0,"weighted",5282,4847
0,"weighted",5283,1113
0,"weighted",5284,13991
0,"weighted",5285,8959
0,"weighted",5286,5153
0,"weighted",5287,3508
0,"weighted",5288,6645
0,"weighted",5289,1722
0,"weighted",5290,1735
0,"weighted",5291,7629
0,"weighted",5292,10923
0,"weighted",5293,14005
0,"weighted",5294,5651
0,"weighted",5295,11815
0,"weighted",5296,824
0,"weighted",5297,8803
0,"weighted",5298,6787
0,"weighted",5299,2126
0,"weighted",5300,6180
0,"weighted",5301,12775
0,"weighted",5302,5353
0,"weighted",5303,3855
0,"weighted",5304,11769
0,"weighted",5305,4807
0,"weighted",5306,9634
0,"weighted",5307,10629
0,"weighted",5308,10930
0,"weighted",5309,6033
0,"weighted",5310,7068
0,"weighted",5311,4192
0,"weighted",5312,13604
0,"weighted",5313,13671
0,"weighted",5314,9733
0,"weighted",5315,10344
0,"weighted",5316,5900
0,"weighted",5317,3099
0,"weighted",5318,12339
0,"weighted",5319,6934
0,"weighted",5320,13463
0,"weighted",5321,4584
0,"weighted",5322,596
0,"weighted",5323,9747
0,"weighted",5324,9746
0,"weighted",5325,6923
0,"weighted",5326,12958
0,"weighted",5327,10025
0,"weighted",5328,4959
0,"weighted",5329,12362
0,"weighted",5330,6465
0,"weighted",5331,10613
0,"weighted",5332,5000
0,"weighted",5333,11456
0,"weighted",5334,12350
0,"weighted",5335,11459
0,"weighted",5336,12968
0,"weighted",5337,1107
0,"weighted",5338,4956
0,"weighted",5339,9640
0,"weighted",5340,1130
0,"weighted",5341,12369
0,"weighted",5342,12310
0,"weighted",5343,2524
0,"weighted",5344,2678
0,"weighted",5345,3202
0,"weighted",5346,5551
0,"weighted",5347,767
0,"weighted",5348,8449
0,"weighted",5349,11377
0,"weighted",5350,11606
0,"weighted",5351,1655
0,"weighted",5352,5181
0,"weighted",5353,1021
0,"weighted",5354,13810
0,"weighted",5355,1937
0,"weighted",5356,7275
0,"weighted",5357,3566
0,"weighted",5358,9669
0,"weighted",5359,12175
0,"weighted",5360,8438
0,"weighted",5361,9060
0,"weighted",5362,7268
0,"weighted",5363,2663
0,"weighted",5364,4886
0,"weighted",5365,12173
0,"weighted",5366,229
0,"weighted",5367,13318
0,"weighted",5368,1340
0,"weighted",5369,9966
0,"weighted",5370,4308
0,"weighted",5371,4472
0,"weighted",5372,9187
0,"weighted",5373,9341
0,"weighted",5374,9361
0,"weighted",5375,5211
0,"weighted",5376,11208
0,"weighted",5377,7484
0,"weighted",5378,6304
0,"weighted",5379,12455
0,"weighted",5380,2672
0,"weighted",5381,4024
0,"weighted",5382,1028
0,"weighted",5383,4563
0,"weighted",5384,12631
0,"weighted",5385,1149
0,"weighted",5386,9657
0,"weighted",5387,670
0,"weighted",5388,10520
0,"weighted",5389,10032
0,"weighted",5390,11409
0,"weighted",5391,14082
0,"weighted",5392,1998
0,"weighted",5393,1949
0,"weighted",5394,985
0,"weighted",5395,7242
0,"weighted",5396,11708
0,"weighted",5397,159
0,"weighted",5398,3009
0,"weighted",5399,1348
0,"weighted",5400,235
0,"weighted",5401,12931
0,"weighted",5402,4420
0,"weighted",5403,11230
0,"weighted",5404,5903
0,"weighted",5405,2565
0,"weighted",5406,638
0,"weighted",5407,5876
0,"weighted",5408,2604
0,"weighted",5409,12814
0,"weighted",5410,9568
0,"weighted",5411,12691
0,"weighted",5412,5893
0,"weighted",5413,14014
0,"weighted",5414,10359
0,"weighted",5415,6258
0,"weighted",5416,11768
0,"weighted",5417,40
0,"weighted",5418,9002
0,"weighted",5419,13472
0,"weighted",5420,4596
0,"weighted",5421,4758
0,"weighted",5422,2282
0,"weighted",5423,5361
0,"weighted",5424,11893
0,"weighted",5425,92
0,"weighted",5426,6660
0,"weighted",5427,10076
0,"weighted",5428,608
0,"weighted",5429,4511
0,"weighted",5430,6245
0,"weighted",5431,1261
0,"weighted",5432,6819
0,"weighted",5433,2721
0,"weighted",5434,3816
0,"weighted",5435,3141
0,"weighted",5436,11901
0,"weighted",5437,8772
0,"weighted",5438,3923
0,"weighted",5439,9474
0,"weighted",5440,2746
0,"weighted",5441,12066
0,"weighted",5442,10
0,"weighted",5443,12020
0,"weighted",5444,11968
0,"weighted",5445,2069
0,"weighted",5446,13950
0,"weighted",5447,3933
0,"weighted",5448,2363
0,"weighted",5449,7963
0,"weighted",5450,6191
0,"weighted",5451,5164
0,"weighted",5452,11329
0,"weighted",5453,6540
0,"weighted",5454,7515
0,"weighted",5455,574
0,"weighted",5456,10987
0,"weighted",5457,13587
0,"weighted",5458,4281
0,"weighted",5459,14002
0,"weighted",5460,6488
0,"weighted",5461,1807
0,"weighted",5462,3668
0,"weighted",5463,13233
0,"weighted",5464,5413
0,"weighted",5465,6719
0,"weighted",5466,757
0,"weighted",5467,3671
0,"weighted",5468,10875
0,"weighted",5469,4104
0,"weighted",5470,9820
0,"weighted",5471,10228
0,"weighted",5472,7802
0,"weighted",5473,7819
0,"weighted",5474,10514
0,"weighted",5475,5193
0,"weighted",5476,13977
0,"weighted",5477,4348
0,"weighted",5478,4088
0,"weighted",5479,148
0,"weighted",5480,12429
0,"weighted",5481,5103
0,"weighted",5482,3665
0,"weighted",5483,171
0,"weighted",5484,2676
0,"weighted",5485,1354
0,"weighted",5486,12568
0,"weighted",5487,4609
0,"weighted",5488,11370
0,"weighted",5489,9329
0,"weighted",5490,12140
0,"weighted",5491,12586
0,"weighted",5492,12389
0,"weighted",5493,12564
0,"weighted",5494,4153
0,"weighted",5495,7454
0,"weighted",5496,10865
0,"weighted",5497,3541
0,"weighted",5498,11397
0,"weighted",5499,11220
0,"weighted",5500,6712
0,"weighted",5501,2691
0,"weighted",5502,5849
0,"weighted",5503,5427
0,"weighted",5504,2916
0,"weighted",5505,10976
0,"weighted",5506,11807
0,"weighted",5507,4478
0,"weighted",5508,5310
0,"weighted",5509,13589
0,"weighted",5510,10948
0,"weighted",5511,3804
0,"weighted",5512,2483
0,"weighted",5513,10169
0,"weighted",5514,1229
0,"weighted",5515,2491
0,"weighted",5516,11545
0,"weighted",5517,4489
0,"weighted",5518,12997
0,"weighted",5519,496
0,"weighted",5520,4068
0,"weighted",5521,13779
0,"weighted",5522,3420
0,"weighted",5523,509
0,"weighted",5524,8124
0,"weighted",5525,8117
0,"weighted",5526,5099
0,"weighted",5527,333
0,"weighted",5528,1285
0,"weighted",5529,1298
0,"weighted",5530,2313
0,"weighted",5531,8146
0,"weighted",5532,6222
0,"weighted",5533,7644
0,"weighted",5534,9901
0,"weighted",5535,3501
0,"weighted",5536,5960
0,"weighted",5537,3840
0,"weighted",5538,2142
0,"weighted",5539,7066
0,"weighted",5540,5681
0,"weighted",5541,13469
0,"weighted",5542,11827
0,"weighted",5543,9538
0,"weighted",5544,3877
0,"weighted",5545,8248
0,"weighted",5546,2800
0,"weighted",5547,2816
0,"weighted",5548,2577
0,"weighted",5549,7649
0,"weighted",5550,12250
0,"weighted",5551,3559
0,"weighted",5552,978
0,"weighted",5553,11078
0,"weighted",5554,14011
0,"weighted",5555,10612
0,"weighted",5556,1124
0,"weighted",5557,14130
0,"weighted",5558,1102
0,"weighted",5559,3606
0,"weighted",5560,1719
0,"weighted",5561,14137
0,"weighted",5562,808
0,"weighted",5563,11173
0,"weighted",5564,4142
0,"weighted",5565,9988
0,"weighted",5566,9045
0,"weighted",5567,4321
0,"weighted",5568,4431
0,"weighted",5569,2667
0,"weighted",5570,12298
0,"weighted",5571,5374
0,"weighted",5572,10542
0,"weighted",5573,8398
0,"weighted",5574,5562
0,"weighted",5575,10877
0,"weighted",5576,2902
0,"weighted",5577,2876
0,"weighted",5578,4446
0,"weighted",5579,2960
0,"weighted",5580,12737
0,"weighted",5581,7824
0,"weighted",5582,268
0,"weighted",5583,7100
0,"weighted",5584,13975
0,"weighted",5585,4365
0,"weighted",5586,3144
0,"weighted",5587,4871
0,"weighted",5588,7961
0,"weighted",5589,8334
0,"weighted",5590,13738
0,"weighted",5591,209
0,"weighted",5592,7096
0,"weighted",5593,3187
0,"weighted",5594,6194
0,"weighted",5595,11530
0,"weighted",5596,4353
0,"weighted",5597,8273
0,"weighted",5598,5198
0,"weighted",5599,11688
0,"weighted",5600,9824
0,"weighted",5601,13505
0,"weighted",5602,10129
0,"weighted",5603,7759
0,"weighted",5604,10078
0,"weighted",5605,9734
0,"weighted",5606,7981
0,"weighted",5607,7079
0,"weighted",5608,4700
0,"weighted",5609,8862
0,"weighted",5610,165
0,"weighted",5611,11242
0,"weighted",5612,12780
0,"weighted",5613,4874
0,"weighted",5614,11447
0,"weighted",5615,4762
0,"weighted",5616,9389
0,"weighted",5617,8845
0,"weighted",5618,3721
0,"weighted",5619,8256
0,"weighted",5620,8856
0,"weighted",5621,465
0,"weighted",5622,7355
0,"weighted",5623,12024
0,"weighted",5624,4360
0,"weighted",5625,6324
0,"weighted",5626,11100
0,"weighted",5627,10279
0,"weighted",5628,10785
0,"weighted",5629,6576
0,"weighted",5630,3433
0,"weighted",5631,10749
0,"weighted",5632,10748
0,"weighted",5633,11563
0,"weighted",5634,12074
0,"weighted",5635,3419
0,"weighted",5636,11585
0,"weighted",5637,11572
0,"weighted",5638,3437
0,"weighted",5639,7712
0,"weighted",5640,567
0,"weighted",5641,3344
0,"weighted",5642,1830
0,"weighted",5643,10173
0,"weighted",5644,9209
0,"weighted",5645,11559
0,"weighted",5646,10536
0,"weighted",5647,8547
0,"weighted",5648,6569
0,"weighted",5649,11591
0,"weighted",5650,8886
0,"weighted",5651,8118
0,"weighted",5652,10177
0,"weighted",5653,6605
0,"weighted",5654,6609
0,"weighted",5655,12872
0,"weighted",5656,11129
0,"weighted",5657,10589
0,"weighted",5658,5992
0,"weighted",5659,1889
0,"weighted",5660,2311
0,"weighted",5661,8143
0,"weighted",5662,3485
0,"weighted",5663,1283
0,"weighted",5664,340
0,"weighted",5665,11655
0,"weighted",5666,1880
0,"weighted",5667,5166
0,"weighted",5668,12356
0,"weighted",5669,1900
0,"weighted",5670,13993
0,"weighted",5671,4572
0,"weighted",5672,9287
0,"weighted",5673,5745
0,"weighted",5674,11491
0,"weighted",5675,13612
0,"weighted",5676,10214
0,"weighted",5677,9551
0,"weighted",5678,10074
0,"weighted",5679,44
0,"weighted",5680,1559
0,"weighted",5681,4246
0,"weighted",5682,5690
0,"weighted",5683,2099
0,"weighted",5684,919
0,"weighted",5685,1750
0,"weighted",5686,571
0,"weighted",5687,7024
0,"weighted",5688,10109
0,"weighted",5689,8661
0,"weighted",5690,4735
0,"weighted",5691,10470
0,"weighted",5692,7040
0,"weighted",5693,10082
0,"weighted",5694,8050
0,"weighted",5695,4400
0,"weighted",5696,9621
0,"weighted",5697,7984
0,"weighted",5698,2706
0,"weighted",5699,3858
0,"weighted",5700,5269
0,"weighted",5701,4720
0,"weighted",5702,9334
0,"weighted",5703,6963
0,"weighted",5704,9745
0,"weighted",5705,2107
0,"weighted",5706,9641
0,"weighted",5707,1396
0,"weighted",5708,1392
0,"weighted",5709,5639
0,"weighted",5710,6913
0,"weighted",5711,10974
0,"weighted",5712,4202
0,"weighted",5713,5630
0,"weighted",5714,10061
0,"weighted",5715,5331
0,"weighted",5716,1539
0,"weighted",5717,3639
0,"weighted",5718,3684
0,"weighted",5719,7680
0,"weighted",5720,7673
0,"weighted",5721,938
0,"weighted",5722,2178
0,"weighted",5723,3736
0,"weighted",5724,1923
0,"weighted",5725,11813
0,"weighted",5726,7090
0,"weighted",5727,1525
0,"weighted",5728,1110
0,"weighted",5729,1550
0,"weighted",5730,9303
0,"weighted",5731,9306
0,"weighted",5732,10093
0,"weighted",5733,2563
0,"weighted",5734,7087
0,"weighted",5735,2798
0,"weighted",5736,864
0,"weighted",5737,8701
0,"weighted",5738,11457
0,"weighted",5739,1749
0,"weighted",5740,3617
0,"weighted",5741,10459
0,"weighted",5742,7774
0,"weighted",5743,6491
0,"weighted",5744,175
0,"weighted",5745,3292
0,"weighted",5746,4347
0,"weighted",5747,172
0,"weighted",5748,10855
0,"weighted",5749,1651
0,"weighted",5750,14084
0,"weighted",5751,11687
0,"weighted",5752,3160
0,"weighted",5753,1958
0,"weighted",5754,13254
0,"weighted",5755,9871
0,"weighted",5756,1376
0,"weighted",5757,9656
0,"weighted",5758,10149
0,"weighted",5759,5584
0,"weighted",5760,12181
0,"weighted",5761,1667
0,"weighted",5762,1256
0,"weighted",5763,6074
0,"weighted",5764,4891
0,"weighted",5765,5230
0,"weighted",5766,10217
0,"weighted",5767,5240
0,"weighted",5768,13503
0,"weighted",5769,12583
0,"weighted",5770,9093
0,"weighted",5771,12416
0,"weighted",5772,4921
0,"weighted",5773,13365
0,"weighted",5774,5185
0,"weighted",5775,5473
0,"weighted",5776,12459
0,"weighted",5777,7441
0,"weighted",5778,1372
0,"weighted",5779,5179
0,"weighted",5780,7790
0,"weighted",5781,7459
0,"weighted",5782,4445
0,"weighted",5783,7884
0,"weighted",5784,9863
0,"weighted",5785,13867
0,"weighted",5786,1818
0,"weighted",5787,2502
0,"weighted",5788,5552
0,"weighted",5789,5195
0,"weighted",5790,3577
0,"weighted",5791,12451
0,"weighted",5792,9180
0,"weighted",5793,12428
0,"weighted",5794,5390
0,"weighted",5795,14041
0,"weighted",5796,7435
0,"weighted",5797,1301
0,"weighted",5798,5555
0,"weighted",5799,7880
0,"weighted",5800,3220
0,"weighted",5801,9672
0,"weighted",5802,4108
0,"weighted",5803,3650
0,"weighted",5804,12282
0,"weighted",5805,13528
0,"weighted",5806,3279
0,"weighted",5807,990
0,"weighted",5808,12127
0,"weighted",5809,10668
0,"weighted",5810,13244
0,"weighted",5811,7767
0,"weighted",5812,7783
0,"weighted",5813,12398
0,"weighted",5814,3689
0,"weighted",5815,10101
0,"weighted",5816,11897
0,"weighted",5817,5273
0,"weighted",5818,103
0,"weighted",5819,5901
0,"weighted",5820,3919
0,"weighted",5821,10292
0,"weighted",5822,7911
0,"weighted",5823,12652
0,"weighted",5824,2725
0,"weighted",5825,9456
0,"weighted",5826,10255
0,"weighted",5827,4254
0,"weighted",5828,10801
0,"weighted",5829,5815
0,"weighted",5830,13216
0,"weighted",5831,12692
0,"weighted",5832,5764
0,"weighted",5833,7572
0,"weighted",5834,13372
0,"weighted",5835,8786
0,"weighted",5836,1624
0,"weighted",5837,3944
0,"weighted",5838,13419
0,"weighted",5839,6264
0,"weighted",5840,12056
0,"weighted",5841,3959
0,"weighted",5842,12858
0,"weighted",5843,13649
0,"weighted",5844,334
0,"weighted",5845,5064
0,"weighted",5846,4131
0,"weighted",5847,6757
0,"weighted",5848,7580
0,"weighted",5849,11320
0,"weighted",5850,5946
0,"weighted",5851,3758
0,"weighted",5852,4491
0,"weighted",5853,1899
0,"weighted",5854,8332
0,"weighted",5855,6237
0,"weighted",5856,563
0,"weighted",5857,13652
0,"weighted",5858,3470
0,"weighted",5859,10472
0,"weighted",5860,9773
0,"weighted",5861,12080
0,"weighted",5862,4835
0,"weighted",5863,3034
0,"weighted",5864,6847
0,"weighted",5865,7603
0,"weighted",5866,13737
0,"weighted",5867,10608
0,"weighted",5868,5199
0,"weighted",5869,13073
0,"weighted",5870,10809
0,"weighted",5871,2355
0,"weighted",5872,11070
0,"weighted",5873,9122
0,"weighted",5874,11362
0,"weighted",5875,5461
0,"weighted",5876,7182
0,"weighted",5877,6369
0,"weighted",5878,10980
0,"weighted",5879,2591
0,"weighted",5880,1922
0,"weighted",5881,5759
0,"weighted",5882,7576
0,"weighted",5883,2075
0,"weighted",5884,11882
0,"weighted",5885,6788
0,"weighted",5886,2590
0,"weighted",5887,10358
0,"weighted",5888,4732
0,"weighted",5889,8029
0,"weighted",5890,10898
0,"weighted",5891,6874
0,"weighted",5892,660
0,"weighted",5893,6009
0,"weighted",5894,5881
0,"weighted",5895,9017
0,"weighted",5896,11952
0,"weighted",5897,3760
0,"weighted",5898,6801
0,"weighted",5899,8696
0,"weighted",5900,55
0,"weighted",5901,3094
0,"weighted",5902,7682
0,"weighted",5903,7617
0,"weighted",5904,922
0,"weighted",5905,2807
0,"weighted",5906,8841
0,"weighted",5907,871
0,"weighted",5908,12001
0,"weighted",5909,11055
0,"weighted",5910,11153
0,"weighted",5911,3688
0,"weighted",5912,11791
0,"weighted",5913,3104
0,"weighted",5914,8698
0,"weighted",5915,3870
0,"weighted",5916,2567
0,"weighted",5917,6914
0,"weighted",5918,13728
0,"weighted",5919,7735
0,"weighted",5920,10968
0,"weighted",5921,1405
0,"weighted",5922,106
0,"weighted",5923,4212
0,"weighted",5924,11892
0,"weighted",5925,5693
0,"weighted",5926,1463
0,"weighted",5927,12829
0,"weighted",5928,12682
0,"weighted",5929,7509
0,"weighted",5930,10257
0,"weighted",5931,12831
0,"weighted",5932,3815
0,"weighted",5933,12051
0,"weighted",5934,12070
0,"weighted",5935,3750
0,"weighted",5936,5286
0,"weighted",5937,2052
0,"weighted",5938,6842
0,"weighted",5939,12077
0,"weighted",5940,7683
0,"weighted",5941,13461
0,"weighted",5942,6031
0,"weighted",5943,4294
0,"weighted",5944,12745
0,"weighted",5945,13974
0,"weighted",5946,5256
0,"weighted",5947,7
0,"weighted",5948,2387
0,"weighted",5949,7949
0,"weighted",5950,12028
0,"weighted",5951,7922
0,"weighted",5952,6275
0,"weighted",5953,6335
0,"weighted",5954,8907
0,"weighted",5955,7941
0,"weighted",5956,11165
0,"weighted",5957,4890
0,"weighted",5958,13729
0,"weighted",5959,4843
0,"weighted",5960,12022
0,"weighted",5961,2251
0,"weighted",5962,10286
0,"weighted",5963,562
0,"weighted",5964,8259
0,"weighted",5965,6835
0,"weighted",5966,4805
0,"weighted",5967,4778
0,"weighted",5968,9015
0,"weighted",5969,2202
0,"weighted",5970,1467
0,"weighted",5971,2373
0,"weighted",5972,7425
0,"weighted",5973,11984
0,"weighted",5974,2372
0,"weighted",5975,10421
0,"weighted",5976,5983
0,"weighted",5977,4221
0,"weighted",5978,3136
0,"weighted",5979,12727
0,"weighted",5980,7537
0,"weighted",5981,6849
0,"weighted",5982,6666
0,"weighted",5983,12673
0,"weighted",5984,11873
0,"weighted",5985,11247
0,"weighted",5986,2536
0,"weighted",5987,9295
0,"weighted",5988,13996
0,"weighted",5989,1584
0,"weighted",5990,9118
0,"weighted",5991,12269
0,"weighted",5992,143
0,"weighted",5993,5511
0,"weighted",5994,6184
0,"weighted",5995,13735
0,"weighted",5996,11363
0,"weighted",5997,5466
0,"weighted",5998,836
0,"weighted",5999,3148
0,"weighted",6000,5395
0,"weighted",6001,249
0,"weighted",6002,6075
0,"weighted",6003,13310
0,"weighted",6004,6310
0,"weighted",6005,8594
0,"weighted",6006,9678
0,"weighted",6007,2617
0,"weighted",6008,10736
0,"weighted",6009,8626
0,"weighted",6010,10495
0,"weighted",6011,12311
0,"weighted",6012,11706
0,"weighted",6013,8593
0,"weighted",6014,6724
0,"weighted",6015,5071
0,"weighted",6016,1956
0,"weighted",6017,3576
0,"weighted",6018,4639
0,"weighted",6019,14073
0,"weighted",6020,10013
0,"weighted",6021,11072
0,"weighted",6022,655
0,"weighted",6023,9900
0,"weighted",6024,11066
0,"weighted",6025,3880
0,"weighted",6026,82
0,"weighted",6027,2551
0,"weighted",6028,12494
0,"weighted",6029,8653
0,"weighted",6030,9499
0,"weighted",6031,10732
0,"weighted",6032,7175
0,"weighted",6033,2804
0,"weighted",6034,3881
0,"weighted",6035,8819
0,"weighted",6036,3875
0,"weighted",6037,1874
0,"weighted",6038,8799
0,"weighted",6039,1455
0,"weighted",6040,6216
0,"weighted",6041,8326
0,"weighted",6042,12496
0,"weighted",6043,12328
0,"weighted",6044,577
0,"weighted",6045,7344
0,"weighted",6046,4458
0,"weighted",6047,2486
0,"weighted",6048,3358
0,"weighted",6049,8110
0,"weighted",6050,14112
0,"weighted",6051,3943
0,"weighted",6052,12938
0,"weighted",6053,5447
0,"weighted",6054,3244
0,"weighted",6055,7593
0,"weighted",6056,2479
0,"weighted",6057,5449
0,"weighted",6058,470
0,"weighted",6059,3340
0,"weighted",6060,7367
0,"weighted",6061,1264
0,"weighted",6062,12557
0,"weighted",6063,3376
0,"weighted",6064,9242
0,"weighted",6065,1122
0,"weighted",6066,2345
0,"weighted",6067,6220
0,"weighted",6068,11116
0,"weighted",6069,1846
0,"weighted",6070,8897
0,"weighted",6071,11113
0,"weighted",6072,1858
0,"weighted",6073,4513
0,"weighted",6074,4239
0,"weighted",6075,11627
0,"weighted",6076,7846
0,"weighted",6077,11621
0,"weighted",6078,321
0,"weighted",6079,5933
0,"weighted",6080,9776
0,"weighted",6081,5990
0,"weighted",6082,12878
0,"weighted",6083,344
0,"weighted",6084,1878
0,"weighted",6085,6223
0,"weighted",6086,9790
0,"weighted",6087,12370
0,"weighted",6088,328
0,"weighted",6089,8133
0,"weighted",6090,9284
0,"weighted",6091,3476
0,"weighted",6092,6614
0,"weighted",6093,8930
0,"weighted",6094,3487
0,"weighted",6095,11012
0,"weighted",6096,10996
0,"weighted",6097,7602
0,"weighted",6098,13755
0,"weighted",6099,11038
0,"weighted",6100,354
0,"weighted",6101,1444
0,"weighted",6102,2235
0,"weighted",6103,5993
0,"weighted",6104,4258
0,"weighted",6105,8150
0,"weighted",6106,357
0,"weighted",6107,10615
0,"weighted",6108,1427
0,"weighted",6109,12687
0,"weighted",6110,7663
0,"weighted",6111,3899
0,"weighted",6112,12253
0,"weighted",6113,3597
0,"weighted",6114,7622
0,"weighted",6115,6020
0,"weighted",6116,2127
0,"weighted",6117,6653
0,"weighted",6118,10945
0,"weighted",6119,10899
0,"weighted",6120,6238
0,"weighted",6121,2803
0,"weighted",6122,2569
0,"weighted",6123,3882
0,"weighted",6124,5700
0,"weighted",6125,3852
0,"weighted",6126,2186
0,"weighted",6127,2823
0,"weighted",6128,12200
0,"weighted",6129,9320
0,"weighted",6130,4688
0,"weighted",6131,7075
0,"weighted",6132,519
0,"weighted",6133,13561
0,"weighted",6134,2280
0,"weighted",6135,1112
0,"weighted",6136,2292
0,"weighted",6137,13893
0,"weighted",6138,9495
0,"weighted",6139,7063
0,"weighted",6140,7624
0,"weighted",6141,10243
0,"weighted",6142,4208
0,"weighted",6143,6948
0,"weighted",6144,13723
0,"weighted",6145,3105
0,"weighted",6146,11451
0,"weighted",6147,9133
0,"weighted",6148,8378
0,"weighted",6149,6282
0,"weighted",6150,7842
0,"weighted",6151,2938
0,"weighted",6152,6190
0,"weighted",6153,11168
0,"weighted",6154,2877
0,"weighted",6155,6980
0,"weighted",6156,13873
0,"weighted",6157,12628
0,"weighted",6158,7140
0,"weighted",6159,10868
0,"weighted",6160,1330
0,"weighted",6161,1157
0,"weighted",6162,10543
0,"weighted",6163,13236
0,"weighted",6164,3658
0,"weighted",6165,6387
0,"weighted",6166,766
0,"weighted",6167,6199
0,"weighted",6168,3651
0,"weighted",6169,668
0,"weighted",6170,11215
0,"weighted",6171,4633
0,"weighted",6172,8419
0,"weighted",6173,6489
0,"weighted",6174,6392
0,"weighted",6175,9815
0,"weighted",6176,12105
0,"weighted",6177,3985
0,"weighted",6178,8278
0,"weighted",6179,9687
0,"weighted",6180,1381
0,"weighted",6181,8305
0,"weighted",6182,2610
0,"weighted",6183,14057
0,"weighted",6184,4003
0,"weighted",6185,7271
0,"weighted",6186,702
0,"weighted",6187,11234
0,"weighted",6188,10841
0,"weighted",6189,7236
0,"weighted",6190,4016
0,"weighted",6191,6079
0,"weighted",6192,13361
0,"weighted",6193,1179
0,"weighted",6194,11231
0,"weighted",6195,9880
0,"weighted",6196,4010
0,"weighted",6197,1988
0,"weighted",6198,6382
0,"weighted",6199,13813
0,"weighted",6200,12115
0,"weighted",6201,4634
0,"weighted",6202,5366
0,"weighted",6203,8281
0,"weighted",6204,13824
0,"weighted",6205,8577
0,"weighted",6206,7973
0,"weighted",6207,4794
0,"weighted",6208,2999
0,"weighted",6209,3205
0,"weighted",6210,2995
0,"weighted",6211,4433
0,"weighted",6212,4593
0,"weighted",6213,2623
0,"weighted",6214,524
0,"weighted",6215,10665
0,"weighted",6216,7916
0,"weighted",6217,9171
0,"weighted",6218,7117
0,"weighted",6219,7273
0,"weighted",6220,9360
0,"weighted",6221,3147
0,"weighted",6222,7122
0,"weighted",6223,7599
0,"weighted",6224,11385
0,"weighted",6225,6429
0,"weighted",6226,4938
0,"weighted",6227,12263
0,"weighted",6228,2416
0,"weighted",6229,10621
0,"weighted",6230,12361
0,"weighted",6231,1109
0,"weighted",6232,1739
0,"weighted",6233,5237
0,"weighted",6234,9947
0,"weighted",6235,7827
0,"weighted",6236,799
0,"weighted",6237,12349
0,"weighted",6238,12431
0,"weighted",6239,5236
0,"weighted",6240,5213
0,"weighted",6241,7233
0,"weighted",6242,13252
0,"weighted",6243,8576
0,"weighted",6244,1368
0,"weighted",6245,9682
0,"weighted",6246,1963
0,"weighted",6247,13875
0,"weighted",6248,1058
0,"weighted",6249,10676
0,"weighted",6250,6122
0,"weighted",6251,7456
0,"weighted",6252,8312
0,"weighted",6253,4145
0,"weighted",6254,4341
0,"weighted",6255,12405
0,"weighted",6256,11520
0,"weighted",6257,10556
0,"weighted",6258,7539
0,"weighted",6259,1771
0,"weighted",6260,12312
0,"weighted",6261,8395
0,"weighted",6262,2887
0,"weighted",6263,4312
0,"weighted",6264,2546
0,"weighted",6265,5020
0,"weighted",6266,7257
0,"weighted",6267,9987
0,"weighted",6268,1646
0,"weighted",6269,9886
0,"weighted",6270,5223
0,"weighted",6271,12533
0,"weighted",6272,13299
0,"weighted",6273,5217
0,"weighted",6274,4892
0,"weighted",6275,11437
0,"weighted",6276,4620
0,"weighted",6277,9670
0,"weighted",6278,9179
0,"weighted",6279,2651
0,"weighted",6280,14068
0,"weighted",6281,7139
0,"weighted",6282,12306
0,"weighted",6283,12610
0,"weighted",6284,4991
0,"weighted",6285,275
0,"weighted",6286,963
0,"weighted",6287,7465
0,"weighted",6288,2299
0,"weighted",6289,6384
0,"weighted",6290,7291
0,"weighted",6291,5327
0,"weighted",6292,6846
0,"weighted",6293,9039
0,"weighted",6294,12017
0,"weighted",6295,13915
0,"weighted",6296,8693
0,"weighted",6297,4592
0,"weighted",6298,480
0,"weighted",6299,10156
0,"weighted",6300,10158
0,"weighted",6301,4085
0,"weighted",6302,2696
0,"weighted",6303,4070
0,"weighted",6304,14162
0,"weighted",6305,7369
0,"weighted",6306,7387
0,"weighted",6307,302
0,"weighted",6308,3370
0,"weighted",6309,6599
0,"weighted",6310,1251
0,"weighted",6311,11340
0,"weighted",6312,5806
0,"weighted",6313,5741
0,"weighted",6314,11245
0,"weighted",6315,12871
0,"weighted",6316,3495
0,"weighted",6317,5121
0,"weighted",6318,1293
0,"weighted",6319,8134
0,"weighted",6320,4543
0,"weighted",6321,338
0,"weighted",6322,3945
0,"weighted",6323,5994
0,"weighted",6324,8950
0,"weighted",6325,3408
0,"weighted",6326,9323
0,"weighted",6327,12738
0,"weighted",6328,7230
0,"weighted",6329,9000
0,"weighted",6330,2833
0,"weighted",6331,2177
0,"weighted",6332,7675
0,"weighted",6333,6032
0,"weighted",6334,3839
0,"weighted",6335,421
0,"weighted",6336,12244
0,"weighted",6337,4677
0,"weighted",6338,3029
0,"weighted",6339,3080
0,"weighted",6340,12672
0,"weighted",6341,11929
0,"weighted",6342,950
0,"weighted",6343,9302
0,"weighted",6344,3866
0,"weighted",6345,6915
0,"weighted",6346,10336
0,"weighted",6347,12243
0,"weighted",6348,6799
0,"weighted",6349,2267
0,"weighted",6350,594
0,"weighted",6351,9031
0,"weighted",6352,70
0,"weighted",6353,8672
0,"weighted",6354,11295
0,"weighted",6355,13696
0,"weighted",6356,3850
0,"weighted",6357,3086
0,"weighted",6358,12241
0,"weighted",6359,615
0,"weighted",6360,11286
0,"weighted",6361,8725
0,"weighted",6362,4725
0,"weighted",6363,10307
0,"weighted",6364,11766
0,"weighted",6365,2805
0,"weighted",6366,5883
0,"weighted",6367,13452
0,"weighted",6368,3788
0,"weighted",6369,9137
0,"weighted",6370,8077
0,"weighted",6371,8687
0,"weighted",6372,11
0,"weighted",6373,4211
0,"weighted",6374,8740
0,"weighted",6375,9755
0,"weighted",6376,12848
0,"weighted",6377,13944
0,"weighted",6378,6818
0,"weighted",6379,4782
0,"weighted",6380,13089
0,"weighted",6381,8778
0,"weighted",6382,2751
0,"weighted",6383,2402
0,"weighted",6384,12091
0,"weighted",6385,3472
0,"weighted",6386,2121
0,"weighted",6387,6745
0,"weighted",6388,10260
0,"weighted",6389,3174
0,"weighted",6390,4562
0,"weighted",6391,118
0,"weighted",6392,12704
0,"weighted",6393,3022
0,"weighted",6394,3051
0,"weighted",6395,13042
0,"weighted",6396,9925
0,"weighted",6397,10465
0,"weighted",6398,2774
0,"weighted",6399,11133
0,"weighted",6400,108
0,"weighted",6401,9911
0,"weighted",6402,4536
0,"weighted",6403,5695
0,"weighted",6404,8081
0,"weighted",6405,8079
0,"weighted",6406,11308
0,"weighted",6407,97
0,"weighted",6408,8089
0,"weighted",6409,4223
0,"weighted",6410,2677
0,"weighted",6411,11684
0,"weighted",6412,10576
0,"weighted",6413,10188
0,"weighted",6414,7406
0,"weighted",6415,10183
0,"weighted",6416,6228
0,"weighted",6417,623
0,"weighted",6418,2199
0,"weighted",6419,6643
0,"weighted",6420,7781
0,"weighted",6421,125
0,"weighted",6422,8861
0,"weighted",6423,4671
0,"weighted",6424,4715
0,"weighted",6425,4701
0,"weighted",6426,2193
0,"weighted",6427,8072
0,"weighted",6428,11989
0,"weighted",6429,6655
0,"weighted",6430,9435
0,"weighted",6431,4689
0,"weighted",6432,2864
0,"weighted",6433,12952
0,"weighted",6434,7976
0,"weighted",6435,5094
0,"weighted",6436,1220
0,"weighted",6437,4072
0,"weighted",6438,12548
0,"weighted",6439,8108
0,"weighted",6440,4826
0,"weighted",6441,13948
0,"weighted",6442,2924
0,"weighted",6443,10160
0,"weighted",6444,10273
0,"weighted",6445,485
0,"weighted",6446,4073
0,"weighted",6447,4850
0,"weighted",6448,481
0,"weighted",6449,1835
0,"weighted",6450,7371
0,"weighted",6451,5451
0,"weighted",6452,10777
0,"weighted",6453,10776
0,"weighted",6454,11106
0,"weighted",6455,10753
0,"weighted",6456,3351
0,"weighted",6457,5979
0,"weighted",6458,11610
0,"weighted",6459,12847
0,"weighted",6460,1260
0,"weighted",6461,298
0,"weighted",6462,4510
0,"weighted",6463,3374
0,"weighted",6464,12846
0,"weighted",6465,14117
0,"weighted",6466,9590
0,"weighted",6467,9591
0,"weighted",6468,10916
0,"weighted",6469,204
0,"weighted",6470,7417
0,"weighted",6471,3399
0,"weighted",6472,13990
0,"weighted",6473,3486
0,"weighted",6474,9998
0,"weighted",6475,4552
0,"weighted",6476,9791
0,"weighted",6477,11646
0,"weighted",6478,1883
0,"weighted",6479,9999
0,"weighted",6480,11656
0,"weighted",6481,9224
0,"weighted",6482,3397
0,"weighted",6483,11002
0,"weighted",6484,11020
0,"weighted",6485,6624
0,"weighted",6486,1299
0,"weighted",6487,11011
0,"weighted",6488,11763
0,"weighted",6489,12
0,"weighted",6490,2216
0,"weighted",6491,5141
0,"weighted",6492,11034
0,"weighted",6493,353
0,"weighted",6494,3674
0,"weighted",6495,1904
0,"weighted",6496,13937
0,"weighted",6497,11755
0,"weighted",6498,11035
0,"weighted",6499,12897
0,"weighted",6500,8161
0,"weighted",6501,9291
0,"weighted",6502,5163
0,"weighted",6503,11817
0,"weighted",6504,8769
0,"weighted",6505,10366
0,"weighted",6506,4752
0,"weighted",6507,6902
0,"weighted",6508,11049
0,"weighted",6509,10895
0,"weighted",6510,2191
0,"weighted",6511,5326
0,"weighted",6512,5169
0,"weighted",6513,8683
0,"weighted",6514,10379
0,"weighted",6515,13695
0,"weighted",6516,2019
0,"weighted",6517,13610
0,"weighted",6518,6941
0,"weighted",6519,3327
0,"weighted",6520,1541
0,"weighted",6521,2829
0,"weighted",6522,11862
0,"weighted",6523,7031
0,"weighted",6524,11844
0,"weighted",6525,9488
0,"weighted",6526,6777
0,"weighted",6527,11788
0,"weighted",6528,2102
0,"weighted",6529,9540
0,"weighted",6530,6652
0,"weighted",6531,11998
0,"weighted",6532,2201
0,"weighted",6533,2210
0,"weighted",6534,4188
0,"weighted",6535,2204
0,"weighted",6536,5708
0,"weighted",6537,3957
0,"weighted",6538,9874
0,"weighted",6539,5703
0,"weighted",6540,7472
0,"weighted",6541,2958
0,"weighted",6542,2961
0,"weighted",6543,10272
0,"weighted",6544,13745
0,"weighted",6545,6864
0,"weighted",6546,3036
0,"weighted",6547,12075
0,"weighted",6548,11999
0,"weighted",6549,4853
0,"weighted",6550,7522
0,"weighted",6551,12002
0,"weighted",6552,1141
0,"weighted",6553,1433
0,"weighted",6554,11332
0,"weighted",6555,518
0,"weighted",6556,3032
0,"weighted",6557,533
0,"weighted",6558,7582
0,"weighted",6559,10481
0,"weighted",6560,1391
0,"weighted",6561,10311
0,"weighted",6562,12023
0,"weighted",6563,7931
0,"weighted",6564,3447
0,"weighted",6565,12695
0,"weighted",6566,396
0,"weighted",6567,3535
0,"weighted",6568,2262
0,"weighted",6569,10805
0,"weighted",6570,11770
0,"weighted",6571,8948
0,"weighted",6572,3767
0,"weighted",6573,11314
0,"weighted",6574,3949
0,"weighted",6575,7747
0,"weighted",6576,4233
0,"weighted",6577,1971
0,"weighted",6578,5208
0,"weighted",6579,3909
0,"weighted",6580,2091
0,"weighted",6581,6792
0,"weighted",6582,12034
0,"weighted",6583,5892
0,"weighted",6584,81
0,"weighted",6585,12666
0,"weighted",6586,602
0,"weighted",6587,1594
0,"weighted",6588,1001
0,"weighted",6589,4658
0,"weighted",6590,1587
0,"weighted",6591,13109
0,"weighted",6592,12087
0,"weighted",6593,3972
0,"weighted",6594,4355
0,"weighted",6595,12323
0,"weighted",6596,12000
0,"weighted",6597,4922
0,"weighted",6598,1616
0,"weighted",6599,9578
0,"weighted",6600,7743
0,"weighted",6601,1680
0,"weighted",6602,4937
0,"weighted",6603,4911
0,"weighted",6604,5205
0,"weighted",6605,13836
0,"weighted",6606,3998
0,"weighted",6607,11384
0,"weighted",6608,3298
0,"weighted",6609,4009
0,"weighted",6610,1014
0,"weighted",6611,4026
0,"weighted",6612,3
0,"weighted",6613,10670
0,"weighted",6614,12927
0,"weighted",6615,11197
0,"weighted",6616,7262
0,"weighted",6617,7474
0,"weighted",6618,2951
0,"weighted",6619,10838
0,"weighted",6620,11184
0,"weighted",6621,5010
0,"weighted",6622,5469
0,"weighted",6623,10689
0,"weighted",6624,12375
0,"weighted",6625,8319
0,"weighted",6626,12277
0,"weighted",6627,4349
0,"weighted",6628,9845
0,"weighted",6629,2633
0,"weighted",6630,10850
0,"weighted",6631,12174
0,"weighted",6632,14141
0,"weighted",6633,9699
0,"weighted",6634,6415
0,"weighted",6635,1314
0,"weighted",6636,6432
0,"weighted",6637,728
0,"weighted",6638,5229
0,"weighted",6639,4600
0,"weighted",6640,4427
0,"weighted",6641,7489
0,"weighted",6642,7878
0,"weighted",6643,8630
0,"weighted",6644,9109
0,"weighted",6645,7500
0,"weighted",6646,9346
0,"weighted",6647,3185
0,"weighted",6648,11226
0,"weighted",6649,12409
0,"weighted",6650,12284
0,"weighted",6651,5579
0,"weighted",6652,6297
0,"weighted",6653,9043
0,"weighted",6654,7760
0,"weighted",6655,279
0,"weighted",6656,11417
0,"weighted",6657,9681
0,"weighted",6658,9810
0,"weighted",6659,5471
0,"weighted",6660,2286
0,"weighted",6661,4743
0,"weighted",6662,951
0,"weighted",6663,13897
0,"weighted",6664,6008
0,"weighted",6665,6240
0,"weighted",6666,8659
0,"weighted",6667,9
0,"weighted",6668,2134
0,"weighted",6669,4933
0,"weighted",6670,1543
0,"weighted",6671,8858
0,"weighted",6672,3848
0,"weighted",6673,610
0,"weighted",6674,5172
0,"weighted",6675,2184
0,"weighted",6676,5771
0,"weighted",6677,9324
0,"weighted",6678,7007
0,"weighted",6679,877
0,"weighted",6680,5081
0,"weighted",6681,5263
0,"weighted",6682,10103
0,"weighted",6683,43
0,"weighted",6684,11259
0,"weighted",6685,4194
0,"weighted",6686,29
0,"weighted",6687,13474
0,"weighted",6688,13470
0,"weighted",6689,12228
0,"weighted",6690,13670
0,"weighted",6691,197
0,"weighted",6692,11973
0,"weighted",6693,12768
0,"weighted",6694,8688
0,"weighted",6695,11850
0,"weighted",6696,10041
0,"weighted",6697,12792
0,"weighted",6698,12790
0,"weighted",6699,9321
0,"weighted",6700,11261
0,"weighted",6701,2556
0,"weighted",6702,12723
0,"weighted",6703,3738
0,"weighted",6704,7684
0,"weighted",6705,2265
0,"weighted",6706,10919
0,"weighted",6707,6007
0,"weighted",6708,10033
0,"weighted",6709,3741
0,"weighted",6710,5259
0,"weighted",6711,2848
0,"weighted",6712,9814
0,"weighted",6713,899
0,"weighted",6714,3847
0,"weighted",6715,6547
0,"weighted",6716,11876
0,"weighted",6717,12949
0,"weighted",6718,379
0,"weighted",6719,9337
0,"weighted",6720,3775
0,"weighted",6721,4770
0,"weighted",6722,6804
0,"weighted",6723,14129
0,"weighted",6724,3058
0,"weighted",6725,11877
0,"weighted",6726,13917
0,"weighted",6727,11987
0,"weighted",6728,6790
0,"weighted",6729,5877
0,"weighted",6730,14
0,"weighted",6731,9764
0,"weighted",6732,1921
0,"weighted",6733,9636
0,"weighted",6734,14033
0,"weighted",6735,2146
0,"weighted",6736,3773
0,"weighted",6737,14024
0,"weighted",6738,6780
0,"weighted",6739,10085
0,"weighted",6740,11300
0,"weighted",6741,9430
0,"weighted",6742,611
0,"weighted",6743,801
0,"weighted",6744,12343
0,"weighted",6745,4977
0,"weighted",6746,4953
0,"weighted",6747,3232
0,"weighted",6748,11499
0,"weighted",6749,1095
0,"weighted",6750,12359
0,"weighted",6751,12352
0,"weighted",6752,6436
0,"weighted",6753,5535
0,"weighted",6754,4394
0,"weighted",6755,9646
0,"weighted",6756,800
0,"weighted",6757,9933
0,"weighted",6758,1744
0,"weighted",6759,9652
0,"weighted",6760,10598
0,"weighted",6761,8376
0,"weighted",6762,9135
0,"weighted",6763,1743
0,"weighted",6764,5018
0,"weighted",6765,7189
0,"weighted",6766,4898
0,"weighted",6767,1136
0,"weighted",6768,2930
0,"weighted",6769,9152
0,"weighted",6770,7853
0,"weighted",6771,6395
0,"weighted",6772,10066
0,"weighted",6773,9342
0,"weighted",6774,6195
0,"weighted",6775,995
0,"weighted",6776,701
0,"weighted",6777,13826
0,"weighted",6778,6062
0,"weighted",6779,8466
0,"weighted",6780,6300
0,"weighted",6781,6710
0,"weighted",6782,12294
0,"weighted",6783,6516
0,"weighted",6784,2682
0,"weighted",6785,6178
0,"weighted",6786,1627
0,"weighted",6787,3275
0,"weighted",6788,1337
0,"weighted",6789,6081
0,"weighted",6790,5147
0,"weighted",6791,3219
0,"weighted",6792,12415
0,"weighted",6793,9952
0,"weighted",6794,14047
0,"weighted",6795,12142
0,"weighted",6796,12432
0,"weighted",6797,4022
0,"weighted",6798,3543
0,"weighted",6799,12131
0,"weighted",6800,13321
0,"weighted",6801,705
0,"weighted",6802,7137
0,"weighted",6803,4884
0,"weighted",6804,12390
0,"weighted",6805,11084
0,"weighted",6806,13325
0,"weighted",6807,4113
0,"weighted",6808,5244
0,"weighted",6809,4019
0,"weighted",6810,13358
0,"weighted",6811,11515
0,"weighted",6812,2666
0,"weighted",6813,9059
0,"weighted",6814,1767
0,"weighted",6815,12391
0,"weighted",6816,6697
0,"weighted",6817,12038
0,"weighted",6818,4140
0,"weighted",6819,6472
0,"weighted",6820,5577
0,"weighted",6821,1817
0,"weighted",6822,5082
0,"weighted",6823,10385
0,"weighted",6824,10208
0,"weighted",6825,14010
0,"weighted",6826,6355
0,"weighted",6827,9481
0,"weighted",6828,12728
0,"weighted",6829,11757
0,"weighted",6830,12035
0,"weighted",6831,7598
0,"weighted",6832,13653
0,"weighted",6833,1947
0,"weighted",6834,7380
0,"weighted",6835,9028
0,"weighted",6836,3125
0,"weighted",6837,12160
0,"weighted",6838,12899
0,"weighted",6839,5817
0,"weighted",6840,2068
0,"weighted",6841,1214
0,"weighted",6842,1457
0,"weighted",6843,8965
0,"weighted",6844,4731
0,"weighted",6845,12084
0,"weighted",6846,9005
0,"weighted",6847,9486
0,"weighted",6848,1494
0,"weighted",6849,1410
0,"weighted",6850,12755
0,"weighted",6851,3024
0,"weighted",6852,14026
0,"weighted",6853,13656
0,"weighted",6854,7526
0,"weighted",6855,9513
0,"weighted",6856,7693
0,"weighted",6857,12992
0,"weighted",6858,1497
0,"weighted",6859,10416
0,"weighted",6860,13581
0,"weighted",6861,6744
0,"weighted",6862,3131
0,"weighted",6863,10479
0,"weighted",6864,12856
0,"weighted",6865,4259
0,"weighted",6866,4863
0,"weighted",6867,14143
0,"weighted",6868,4800
0,"weighted",6869,13909
0,"weighted",6870,4247
0,"weighted",6871,2404
0,"weighted",6872,1452
0,"weighted",6873,10291
0,"weighted",6874,553
0,"weighted",6875,4810
0,"weighted",6876,12947
0,"weighted",6877,4814
0,"weighted",6878,3474
0,"weighted",6879,2745
0,"weighted",6880,6205
0,"weighted",6881,1879
0,"weighted",6882,11293
0,"weighted",6883,4277
0,"weighted",6884,11167
0,"weighted",6885,1746
0,"weighted",6886,11455
0,"weighted",6887,1134
0,"weighted",6888,6457
0,"weighted",6889,2931
0,"weighted",6890,10618
0,"weighted",6891,10607
0,"weighted",6892,6111
0,"weighted",6893,9130
0,"weighted",6894,6098
0,"weighted",6895,5222
0,"weighted",6896,7805
0,"weighted",6897,4883
0,"weighted",6898,5400
0,"weighted",6899,7791
0,"weighted",6900,1324
0,"weighted",6901,2501
0,"weighted",6902,4895
0,"weighted",6903,3268
0,"weighted",6904,10714
0,"weighted",6905,14038
0,"weighted",6906,5676
0,"weighted",6907,7687
0,"weighted",6908,5638
0,"weighted",6909,10139
0,"weighted",6910,1510
0,"weighted",6911,5042
0,"weighted",6912,3593
0,"weighted",6913,61
0,"weighted",6914,2300
0,"weighted",6915,8771
0,"weighted",6916,9915
0,"weighted",6917,4054
0,"weighted",6918,6214
0,"weighted",6919,7936
0,"weighted",6920,4767
0,"weighted",6921,2007
0,"weighted",6922,12918
0,"weighted",6923,8297
0,"weighted",6924,8671
0,"weighted",6925,912
0,"weighted",6926,7356
0,"weighted",6927,5538
0,"weighted",6928,1240
0,"weighted",6929,8545
0,"weighted",6930,5940
0,"weighted",6931,12538
0,"weighted",6932,10165
0,"weighted",6933,11560
0,"weighted",6934,2495
0,"weighted",6935,5108
0,"weighted",6936,5107
0,"weighted",6937,10192
0,"weighted",6938,7194
0,"weighted",6939,12845
0,"weighted",6940,1842
0,"weighted",6941,10390
0,"weighted",6942,4524
0,"weighted",6943,13015
0,"weighted",6944,1249
0,"weighted",6945,9235
0,"weighted",6946,3377
0,"weighted",6947,7550
0,"weighted",6948,6273
0,"weighted",6949,9922
0,"weighted",6950,12863
0,"weighted",6951,10492
0,"weighted",6952,11125
0,"weighted",6953,10426
0,"weighted",6954,2061
0,"weighted",6955,10990
0,"weighted",6956,2788
0,"weighted",6957,7706
0,"weighted",6958,3403
0,"weighted",6959,3635
0,"weighted",6960,1210
0,"weighted",6961,1277
0,"weighted",6962,9597
0,"weighted",6963,10997
0,"weighted",6964,10241
0,"weighted",6965,1239
0,"weighted",6966,11021
0,"weighted",6967,9277
0,"weighted",6968,8938
0,"weighted",6969,9270
0,"weighted",6970,13743
0,"weighted",6971,12880
0,"weighted",6972,3926
0,"weighted",6973,12900
0,"weighted",6974,12042
0,"weighted",6975,791
0,"weighted",6976,12893
0,"weighted",6977,6338
0,"weighted",6978,9605
0,"weighted",6979,3676
0,"weighted",6980,11670
0,"weighted",6981,11462
0,"weighted",6982,1490
0,"weighted",6983,2792
0,"weighted",6984,5811
0,"weighted",6985,3747
0,"weighted",6986,5174
0,"weighted",6987,13724
0,"weighted",6988,6888
0,"weighted",6989,2147
0,"weighted",6990,1834
0,"weighted",6991,9142
0,"weighted",6992,1548
0,"weighted",6993,7018
0,"weighted",6994,7685
0,"weighted",6995,2843
0,"weighted",6996,9516
0,"weighted",6997,3861
0,"weighted",6998,12788
0,"weighted",6999,10115
0,"weighted",7000,3720
0,"weighted",7001,1505
0,"weighted",7002,12364
0,"weighted",7003,4175
0,"weighted",7004,2111
0,"weighted",7005,3907
0,"weighted",7006,1390
0,"weighted",7007,13427
0,"weighted",7008,536
0,"weighted",7009,11885
0,"weighted",7010,10892
0,"weighted",7011,4201
0,"weighted",7012,5954
0,"weighted",7013,270
0,"weighted",7014,420
0,"weighted",7015,3786
0,"weighted",7016,10236
0,"weighted",7017,53
0,"weighted",7018,13544
0,"weighted",7019,2014
0,"weighted",7020,10925
0,"weighted",7021,6981
0,"weighted",7022,4759
0,"weighted",7023,2161
0,"weighted",7024,14096
0,"weighted",7025,5612
0,"weighted",7026,10105
0,"weighted",7027,9615
0,"weighted",7028,10284
0,"weighted",7029,2016
0,"weighted",7030,3785
0,"weighted",7031,12772
0,"weighted",7032,1535
0,"weighted",7033,11808
0,"weighted",7034,14031
0,"weighted",7035,1975
0,"weighted",7036,10550
0,"weighted",7037,4316
0,"weighted",7038,4888
0,"weighted",7039,11386
0,"weighted",7040,6707
0,"weighted",7041,11425
0,"weighted",7042,10554
0,"weighted",7043,13862
0,"weighted",7044,2975
0,"weighted",7045,7152
0,"weighted",7046,10701
0,"weighted",7047,8280
0,"weighted",7048,12438
0,"weighted",7049,731
0,"weighted",7050,2639
0,"weighted",7051,11650
0,"weighted",7052,1153
0,"weighted",7053,1355
0,"weighted",7054,10678
0,"weighted",7055,6295
0,"weighted",7056,9363
0,"weighted",7057,9876
0,"weighted",7058,4998
0,"weighted",7059,2974
0,"weighted",7060,7766
0,"weighted",7061,11200
0,"weighted",7062,6701
0,"weighted",7063,6708
0,"weighted",7064,9301
0,"weighted",7065,13857
0,"weighted",7066,8415
0,"weighted",7067,8310
0,"weighted",7068,11428
0,"weighted",7069,6685
0,"weighted",7070,4099
0,"weighted",7071,2874
0,"weighted",7072,10525
0,"weighted",7073,12744
0,"weighted",7074,7269
0,"weighted",7075,3217
0,"weighted",7076,152
0,"weighted",7077,3670
0,"weighted",7078,695
0,"weighted",7079,13879
0,"weighted",7080,13334
0,"weighted",7081,9047
0,"weighted",7082,12291
0,"weighted",7083,4893
0,"weighted",7084,4127
0,"weighted",7085,1384
0,"weighted",7086,12625
0,"weighted",7087,12037
0,"weighted",7088,2967
0,"weighted",7089,9350
0,"weighted",7090,6177
0,"weighted",7091,6385
0,"weighted",7092,14138
0,"weighted",7093,6134
0,"weighted",7094,5485
0,"weighted",7095,3527
0,"weighted",7096,9840
0,"weighted",7097,3987
0,"weighted",7098,4989
0,"weighted",7099,7543
0,"weighted",7100,12381
0,"weighted",7101,12435
0,"weighted",7102,6723
0,"weighted",7103,4429
0,"weighted",7104,2533
0,"weighted",7105,6381
0,"weighted",7106,684
0,"weighted",7107,11628
0,"weighted",7108,2976
0,"weighted",7109,9967
0,"weighted",7110,4997
0,"weighted",7111,8580
0,"weighted",7112,5019
0,"weighted",7113,8716
0,"weighted",7114,940
0,"weighted",7115,6654
0,"weighted",7116,64
0,"weighted",7117,8052
0,"weighted",7118,11061
0,"weighted",7119,2013
0,"weighted",7120,6347
0,"weighted",7121,4704
0,"weighted",7122,11789
0,"weighted",7123,13600
0,"weighted",7124,7647
0,"weighted",7125,75
0,"weighted",7126,13459
0,"weighted",7127,12536
0,"weighted",7128,11291
0,"weighted",7129,5301
0,"weighted",7130,11275
0,"weighted",7131,11792
0,"weighted",7132,2192
0,"weighted",7133,8017
0,"weighted",7134,6354
0,"weighted",7135,6978
0,"weighted",7136,9310
0,"weighted",7137,644
0,"weighted",7138,10048
0,"weighted",7139,8049
0,"weighted",7140,12223
0,"weighted",7141,10372
0,"weighted",7142,9617
0,"weighted",7143,386
0,"weighted",7144,13483
0,"weighted",7145,6944
0,"weighted",7146,4187
0,"weighted",7147,4590
0,"weighted",7148,9442
0,"weighted",7149,11309
0,"weighted",7150,977
0,"weighted",7151,10526
0,"weighted",7152,8341
0,"weighted",7153,9585
0,"weighted",7154,11074
0,"weighted",7155,14091
0,"weighted",7156,1069
0,"weighted",7157,6379
0,"weighted",7158,187
0,"weighted",7159,9038
0,"weighted",7160,154
0,"weighted",7161,5539
0,"weighted",7162,4387
0,"weighted",7163,823
0,"weighted",7164,13162
0,"weighted",7165,147
0,"weighted",7166,9099
0,"weighted",7167,8311
0,"weighted",7168,7816
0,"weighted",7169,7892
0,"weighted",7170,11423
0,"weighted",7171,9188
0,"weighted",7172,8759
0,"weighted",7173,13945
0,"weighted",7174,8770
0,"weighted",7175,5906
0,"weighted",7176,4272
0,"weighted",7177,784
0,"weighted",7178,10369
0,"weighted",7179,4589
0,"weighted",7180,2259
0,"weighted",7181,7547
0,"weighted",7182,10992
0,"weighted",7183,7011
0,"weighted",7184,22
0,"weighted",7185,1511
0,"weighted",7186,2809
0,"weighted",7187,10896
0,"weighted",7188,8685
0,"weighted",7189,2034
0,"weighted",7190,5260
0,"weighted",7191,2333
0,"weighted",7192,8904
0,"weighted",7193,13000
0,"weighted",7194,9248
0,"weighted",7195,11592
0,"weighted",7196,9232
0,"weighted",7197,8958
0,"weighted",7198,5102
0,"weighted",7199,13795
0,"weighted",7200,9586
0,"weighted",7201,7585
0,"weighted",7202,13027
0,"weighted",7203,4526
0,"weighted",7204,13105
0,"weighted",7205,9260
0,"weighted",7206,1574
0,"weighted",7207,4015
0,"weighted",7208,13658
0,"weighted",7209,5731
0,"weighted",7210,12881
0,"weighted",7211,2303
0,"weighted",7212,12873
0,"weighted",7213,8922
0,"weighted",7214,11016
0,"weighted",7215,8923
0,"weighted",7216,345
0,"weighted",7217,6626
0,"weighted",7218,3483
0,"weighted",7219,7708
0,"weighted",7220,10461
0,"weighted",7221,9297
0,"weighted",7222,12892
0,"weighted",7223,4568
0,"weighted",7224,13992
0,"weighted",7225,11639
0,"weighted",7226,9288
0,"weighted",7227,4576
0,"weighted",7228,11669
0,"weighted",7229,5595
0,"weighted",7230,653
0,"weighted",7231,11667
0,"weighted",7232,12901
0,"weighted",7233,8734
0,"weighted",7234,5699
0,"weighted",7235,10249
0,"weighted",7236,2043
0,"weighted",7237,8080
0,"weighted",7238,4215
0,"weighted",7239,4217
0,"weighted",7240,7510
0,"weighted",7241,3112
0,"weighted",7242,785
0,"weighted",7243,8762
0,"weighted",7244,1408
0,"weighted",7245,6814
0,"weighted",7246,13639
0,"weighted",7247,7570
0,"weighted",7248,10200
0,"weighted",7249,7529
0,"weighted",7250,3935
0,"weighted",7251,2211
0,"weighted",7252,2768
0,"weighted",7253,6809
0,"weighted",7254,3838
0,"weighted",7255,6088
0,"weighted",7256,3117
0,"weighted",7257,9214
0,"weighted",7258,7966
0,"weighted",7259,12725
0,"weighted",7260,6828
0,"weighted",7261,13646
0,"weighted",7262,4834
0,"weighted",7263,11582
0,"weighted",7264,6747
0,"weighted",7265,6754
0,"weighted",7266,10314
0,"weighted",7267,3824
0,"weighted",7268,4249
0,"weighted",7269,3680
0,"weighted",7270,113
0,"weighted",7271,6761
0,"weighted",7272,2181
0,"weighted",7273,13949
0,"weighted",7274,9436
0,"weighted",7275,7574
0,"weighted",7276,8140
0,"weighted",7277,13078
0,"weighted",7278,1439
0,"weighted",7279,13972
0,"weighted",7280,1422
0,"weighted",7281,2853
0,"weighted",7282,720
0,"weighted",7283,2271
0,"weighted",7284,3701
0,"weighted",7285,6943
0,"weighted",7286,12769
0,"weighted",7287,8677
0,"weighted",7288,5347
0,"weighted",7289,12246
0,"weighted",7290,10380
0,"weighted",7291,9802
0,"weighted",7292,2281
0,"weighted",7293,14015
0,"weighted",7294,11296
0,"weighted",7295,10322
0,"weighted",7296,11334
0,"weighted",7297,3770
0,"weighted",7298,5295
0,"weighted",7299,9312
0,"weighted",7300,5779
0,"weighted",7301,4198
0,"weighted",7302,6916
0,"weighted",7303,5098
0,"weighted",7304,7578
0,"weighted",7305,11323
0,"weighted",7306,504
0,"weighted",7307,13784
0,"weighted",7308,9223
0,"weighted",7309,11322
0,"weighted",7310,8879
0,"weighted",7311,2425
0,"weighted",7312,10757
0,"weighted",7313,5919
0,"weighted",7314,1813
0,"weighted",7315,10744
0,"weighted",7316,482
0,"weighted",7317,11555
0,"weighted",7318,1822
0,"weighted",7319,5080
0,"weighted",7320,1233
0,"weighted",7321,3343
0,"weighted",7322,3997
0,"weighted",7323,12537
0,"weighted",7324,829
0,"weighted",7325,7836
0,"weighted",7326,2446
0,"weighted",7327,11493
0,"weighted",7328,3239
0,"weighted",7329,3252
0,"weighted",7330,7833
0,"weighted",7331,14134
0,"weighted",7332,13145
0,"weighted",7333,825
0,"weighted",7334,9936
0,"weighted",7335,8984
0,"weighted",7336,4966
0,"weighted",7337,786
0,"weighted",7338,7209
0,"weighted",7339,4972
0,"weighted",7340,5530
0,"weighted",7341,4398
0,"weighted",7342,11154
0,"weighted",7343,4382
0,"weighted",7344,6077
0,"weighted",7345,2866
0,"weighted",7346,840
0,"weighted",7347,4969
0,"weighted",7348,10600
0,"weighted",7349,9929
0,"weighted",7350,3646
0,"weighted",7351,3288
0,"weighted",7352,9938
0,"weighted",7353,4393
0,"weighted",7354,6455
0,"weighted",7355,3637
0,"weighted",7356,11185
0,"weighted",7357,1895
0,"weighted",7358,6696
0,"weighted",7359,4598
0,"weighted",7360,2985
0,"weighted",7361,8318
0,"weighted",7362,11394
0,"weighted",7363,7893
0,"weighted",7364,754
0,"weighted",7365,10540
0,"weighted",7366,12158
0,"weighted",7367,1769
0,"weighted",7368,3558
0,"weighted",7369,1675
0,"weighted",7370,10687
0,"weighted",7371,11414
0,"weighted",7372,1950
0,"weighted",7373,158
0,"weighted",7374,9048
0,"weighted",7375,3195
0,"weighted",7376,3293
0,"weighted",7377,7225
0,"weighted",7378,14065
0,"weighted",7379,693
0,"weighted",7380,10769
0,"weighted",7381,13434
0,"weighted",7382,7497
0,"weighted",7383,9206
0,"weighted",7384,9831
0,"weighted",7385,12039
0,"weighted",7386,232
0,"weighted",7387,9300
0,"weighted",7388,1332
0,"weighted",7389,3550
0,"weighted",7390,4819
0,"weighted",7391,738
0,"weighted",7392,4115
0,"weighted",7393,11087
0,"weighted",7394,12266
0,"weighted",7395,14060
0,"weighted",7396,7895
0,"weighted",7397,7142
0,"weighted",7398,14090
0,"weighted",7399,9054
0,"weighted",7400,157
0,"weighted",7401,7248
0,"weighted",7402,6679
0,"weighted",7403,1644
0,"weighted",7404,5697
0,"weighted",7405,9953
0,"weighted",7406,1776
0,"weighted",7407,4021
0,"weighted",7408,6644
0,"weighted",7409,13352
0,"weighted",7410,12404
0,"weighted",7411,5197
0,"weighted",7412,2687
0,"weighted",7413,2378
0,"weighted",7414,11443
0,"weighted",7415,1621
0,"weighted",7416,5720
0,"weighted",7417,2326
0,"weighted",7418,3261
0,"weighted",7419,9908
0,"weighted",7420,8669
0,"weighted",7421,7405
0,"weighted",7422,582
0,"weighted",7423,8067
0,"weighted",7424,11779
0,"weighted",7425,12645
0,"weighted",7426,3884
0,"weighted",7427,10944
0,"weighted",7428,605
0,"weighted",7429,12190
0,"weighted",7430,7638
0,"weighted",7431,8678
0,"weighted",7432,11054
0,"weighted",7433,586
0,"weighted",7434,13384
0,"weighted",7435,8058
0,"weighted",7436,4594
0,"weighted",7437,8797
0,"weighted",7438,4754
0,"weighted",7439,10912
0,"weighted",7440,3096
0,"weighted",7441,5668
0,"weighted",7442,11147
0,"weighted",7443,2133
0,"weighted",7444,13478
0,"weighted",7445,3862
0,"weighted",7446,13725
0,"weighted",7447,861
0,"weighted",7448,7611
0,"weighted",7449,11279
0,"weighted",7450,3790
0,"weighted",7451,10046
0,"weighted",7452,4176
0,"weighted",7453,2200
0,"weighted",7454,8667
0,"weighted",7455,11268
0,"weighted",7456,1503
0,"weighted",7457,9732
0,"weighted",7458,12207
0,"weighted",7459,12913
0,"weighted",7460,3774
0,"weighted",7461,859
0,"weighted",7462,12224
0,"weighted",7463,408
0,"weighted",7464,13688
0,"weighted",7465,8676
0,"weighted",7466,3722
0,"weighted",7467,2183
0,"weighted",7468,12254
0,"weighted",7469,5848
0,"weighted",7470,3887
0,"weighted",7471,5658
0,"weighted",7472,3715
0,"weighted",7473,4744
0,"weighted",7474,6853
0,"weighted",7475,9744
0,"weighted",7476,8857
0,"weighted",7477,1546
0,"weighted",7478,7070
0,"weighted",7479,9735
0,"weighted",7480,2583
0,"weighted",7481,12793
0,"weighted",7482,5769
0,"weighted",7483,2832
0,"weighted",7484,5608
0,"weighted",7485,13673
0,"weighted",7486,8034
0,"weighted",7487,10256
0,"weighted",7488,2758
0,"weighted",7489,7533
0,"weighted",7490,8227
0,"weighted",7491,12684
0,"weighted",7492,9385
0,"weighted",7493,10463
0,"weighted",7494,5917
0,"weighted",7495,116
0,"weighted",7496,12965
0,"weighted",7497,1453
0,"weighted",7498,11805
0,"weighted",7499,10434
0,"weighted",7500,2352
0,"weighted",7501,6845
0,"weighted",7502,7358
0,"weighted",7503,10054
0,"weighted",7504,1483
0,"weighted",7505,2407
0,"weighted",7506,4270
0,"weighted",7507,1562
0,"weighted",7508,5950
0,"weighted",7509,9463
0,"weighted",7510,10395
0,"weighted",7511,13157
0,"weighted",7512,1590
0,"weighted",7513,3620
0,"weighted",7514,6096
0,"weighted",7515,12595
0,"weighted",7516,3691
0,"weighted",7517,10799
0,"weighted",7518,944
0,"weighted",7519,4693
0,"weighted",7520,9761
0,"weighted",7521,7586
0,"weighted",7522,7822
0,"weighted",7523,12598
0,"weighted",7524,4914
0,"weighted",7525,6483
0,"weighted",7526,2891
0,"weighted",7527,7148
0,"weighted",7528,12622
0,"weighted",7529,6512
0,"weighted",7530,7446
0,"weighted",7531,6677
0,"weighted",7532,11430
0,"weighted",7533,11403
0,"weighted",7534,3414
0,"weighted",7535,6058
0,"weighted",7536,4342
0,"weighted",7537,4333
0,"weighted",7538,9088
0,"weighted",7539,9977
0,"weighted",7540,3672
0,"weighted",7541,5378
0,"weighted",7542,6675
0,"weighted",7543,2892
0,"weighted",7544,3307
0,"weighted",7545,7800
0,"weighted",7546,3188
0,"weighted",7547,6307
0,"weighted",7548,11513
0,"weighted",7549,12433
0,"weighted",7550,9195
0,"weighted",7551,3578
0,"weighted",7552,5841
0,"weighted",7553,11209
0,"weighted",7554,10648
0,"weighted",7555,9694
0,"weighted",7556,3580
0,"weighted",7557,14085
0,"weighted",7558,9696
0,"weighted",7559,12623
0,"weighted",7560,9111
0,"weighted",7561,2895
0,"weighted",7562,5560
0,"weighted",7563,11393
0,"weighted",7564,4167
0,"weighted",7565,13309
0,"weighted",7566,7768
0,"weighted",7567,5183
0,"weighted",7568,3669
0,"weighted",7569,742
0,"weighted",7570,672
0,"weighted",7571,10698
0,"weighted",7572,7854
0,"weighted",7573,13822
0,"weighted",7574,5006
0,"weighted",7575,6287
0,"weighted",7576,10821
0,"weighted",7577,12636
0,"weighted",7578,12379
0,"weighted",7579,12419
0,"weighted",7580,251
0,"weighted",7581,4097
0,"weighted",7582,2993
0,"weighted",7583,5493
0,"weighted",7584,4605
0,"weighted",7585,11705
0,"weighted",7586,7888
0,"weighted",7587,14086
0,"weighted",7588,7103
0,"weighted",7589,2656
0,"weighted",7590,4093
0,"weighted",7591,10264
0,"weighted",7592,12460
0,"weighted",7593,6622
0,"weighted",7594,252
0,"weighted",7595,9550
0,"weighted",7596,2196
0,"weighted",7597,8054
0,"weighted",7598,14012
0,"weighted",7599,11780
0,"weighted",7600,11802
0,"weighted",7601,4869
0,"weighted",7602,13895
0,"weighted",7603,6029
0,"weighted",7604,13890
0,"weighted",7605,1838
0,"weighted",7606,6343
0,"weighted",7607,6937
0,"weighted",7608,9490
0,"weighted",7609,1078
0,"weighted",7610,4470
0,"weighted",7611,3890
0,"weighted",7612,9239
0,"weighted",7613,7414
0,"weighted",7614,7955
0,"weighted",7615,6590
0,"weighted",7616,1620
0,"weighted",7617,3150
0,"weighted",7618,5510
0,"weighted",7619,13976
0,"weighted",7620,7831
0,"weighted",7621,9919
0,"weighted",7622,5515
0,"weighted",7623,10616
0,"weighted",7624,11163
0,"weighted",7625,7204
0,"weighted",7626,3248
0,"weighted",7627,7185
0,"weighted",7628,2213
0,"weighted",7629,980
0,"weighted",7630,6711
0,"weighted",7631,9362
0,"weighted",7632,1374
0,"weighted",7633,2624
0,"weighted",7634,1151
0,"weighted",7635,9671
0,"weighted",7636,8294
0,"weighted",7637,1009
0,"weighted",7638,3003
0,"weighted",7639,12457
0,"weighted",7640,7865
0,"weighted",7641,3255
0,"weighted",7642,12448
0,"weighted",7643,1245
0,"weighted",7644,12410
0,"weighted",7645,253
0,"weighted",7646,1629
0,"weighted",7647,13526
0,"weighted",7648,6500
0,"weighted",7649,4028
0,"weighted",7650,8451
0,"weighted",7651,2957
0,"weighted",7652,4549
0,"weighted",7653,12162
0,"weighted",7654,7794
0,"weighted",7655,12605
0,"weighted",7656,13248
0,"weighted",7657,4161
0,"weighted",7658,10640
0,"weighted",7659,4919
0,"weighted",7660,4121
0,"weighted",7661,5392
0,"weighted",7662,747
0,"weighted",7663,3297
0,"weighted",7664,4126
0,"weighted",7665,5556
0,"weighted",7666,6206
0,"weighted",7667,9698
0,"weighted",7668,3542
0,"weighted",7669,13872
0,"weighted",7670,3984
0,"weighted",7671,10681
0,"weighted",7672,9990
0,"weighted",7673,12932
0,"weighted",7674,238
0,"weighted",7675,4170
0,"weighted",7676,8568
0,"weighted",7677,8612
0,"weighted",7678,7485
0,"weighted",7679,10467
0,"weighted",7680,5162
0,"weighted",7681,1519
0,"weighted",7682,8794
0,"weighted",7683,11718
0,"weighted",7684,3330
0,"weighted",7685,1176
0,"weighted",7686,11148
0,"weighted",7687,7323
0,"weighted",7688,2066
0,"weighted",7689,9251
0,"weighted",7690,7571
0,"weighted",7691,7563
0,"weighted",7692,6752
0,"weighted",7693,3128
0,"weighted",7694,12203
0,"weighted",7695,12019
0,"weighted",7696,7920
0,"weighted",7697,3682
0,"weighted",7698,12753
0,"weighted",7699,12686
0,"weighted",7700,2349
0,"weighted",7701,2076
0,"weighted",7702,13080
0,"weighted",7703,1480
0,"weighted",7704,2786
0,"weighted",7705,11345
0,"weighted",7706,5714
0,"weighted",7707,9026
0,"weighted",7708,4791
0,"weighted",7709,2600
0,"weighted",7710,1872
0,"weighted",7711,10489
0,"weighted",7712,10313
0,"weighted",7713,4297
0,"weighted",7714,2256
0,"weighted",7715,3977
0,"weighted",7716,12721
0,"weighted",7717,2095
0,"weighted",7718,10726
0,"weighted",7719,13707
0,"weighted",7720,8534
0,"weighted",7721,10084
0,"weighted",7722,1820
0,"weighted",7723,11103
0,"weighted",7724,4804
0,"weighted",7725,8113
0,"weighted",7726,1235
0,"weighted",7727,7366
0,"weighted",7728,4815
0,"weighted",7729,8775
0,"weighted",7730,1469
0,"weighted",7731,9584
0,"weighted",7732,9629
0,"weighted",7733,122
0,"weighted",7734,2839
0,"weighted",7735,5926
0,"weighted",7736,6554
0,"weighted",7737,473
0,"weighted",7738,1215
0,"weighted",7739,8463
0,"weighted",7740,6327
0,"weighted",7741,3438
0,"weighted",7742,5453
0,"weighted",7743,1844
0,"weighted",7744,8121
0,"weighted",7745,5698
0,"weighted",7746,11122
0,"weighted",7747,8129
0,"weighted",7748,13021
0,"weighted",7749,9594
0,"weighted",7750,1295
0,"weighted",7751,8947
0,"weighted",7752,3673
0,"weighted",7753,7727
0,"weighted",7754,11041
0,"weighted",7755,14001
0,"weighted",7756,8943
0,"weighted",7757,12086
0,"weighted",7758,3123
0,"weighted",7759,2593
0,"weighted",7760,9566
0,"weighted",7761,13731
0,"weighted",7762,2097
0,"weighted",7763,10059
0,"weighted",7764,2023
0,"weighted",7765,880
0,"weighted",7766,12920
0,"weighted",7767,13454
0,"weighted",7768,11864
0,"weighted",7769,11067
0,"weighted",7770,3782
0,"weighted",7771,3713
0,"weighted",7772,5762
0,"weighted",7773,639
0,"weighted",7774,10321
0,"weighted",7775,4730
0,"weighted",7776,54
0,"weighted",7777,10341
0,"weighted",7778,633
0,"weighted",7779,4248
0,"weighted",7780,1418
0,"weighted",7781,5719
0,"weighted",7782,4199
0,"weighted",7783,7038
0,"weighted",7784,13605
0,"weighted",7785,2228
0,"weighted",7786,393
0,"weighted",7787,649
0,"weighted",7788,6802
0,"weighted",7789,4734
0,"weighted",7790,5614
0,"weighted",7791,929
0,"weighted",7792,10056
0,"weighted",7793,12218
0,"weighted",7794,2293
0,"weighted",7795,12761
0,"weighted",7796,11915
0,"weighted",7797,6794
0,"weighted",7798,7052
0,"weighted",7799,3779
0,"weighted",7800,2284
0,"weighted",7801,3135
0,"weighted",7802,1398
0,"weighted",7803,7256
0,"weighted",7804,6962
0,"weighted",7805,521
0,"weighted",7806,9772
0,"weighted",7807,8715
0,"weighted",7808,12209
0,"weighted",7809,6807
0,"weighted",7810,12822
0,"weighted",7811,6999
0,"weighted",7812,12005
0,"weighted",7813,3800
0,"weighted",7814,12835
0,"weighted",7815,12255
0,"weighted",7816,9574
0,"weighted",7817,782
0,"weighted",7818,12333
0,"weighted",7819,3611
0,"weighted",7820,11488
0,"weighted",7821,9136
0,"weighted",7822,1114
0,"weighted",7823,6441
0,"weighted",7824,7191
0,"weighted",7825,11471
0,"weighted",7826,10599
0,"weighted",7827,8363
0,"weighted",7828,1104
0,"weighted",7829,9944
0,"weighted",7830,9139
0,"weighted",7831,12354
0,"weighted",7832,14132
0,"weighted",7833,1133
0,"weighted",7834,578
0,"weighted",7835,3642
0,"weighted",7836,7220
0,"weighted",7837,835
0,"weighted",7838,11500
0,"weighted",7839,1015
0,"weighted",7840,8296
0,"weighted",7841,7232
0,"weighted",7842,267
0,"weighted",7843,8969
0,"weighted",7844,10024
0,"weighted",7845,13488
0,"weighted",7846,3011
0,"weighted",7847,6315
0,"weighted",7848,2968
0,"weighted",7849,12614
0,"weighted",7850,7250
0,"weighted",7851,13512
0,"weighted",7852,13832
0,"weighted",7853,4326
0,"weighted",7854,2534
0,"weighted",7855,1369
0,"weighted",7856,4940
0,"weighted",7857,2455
0,"weighted",7858,6793
0,"weighted",7859,5963
0,"weighted",7860,9522
0,"weighted",7861,1696
0,"weighted",7862,10724
0,"weighted",7863,9263
0,"weighted",7864,6829
0,"weighted",7865,10163
0,"weighted",7866,12531
0,"weighted",7867,12185
0,"weighted",7868,7382
0,"weighted",7869,11109
0,"weighted",7870,2699
0,"weighted",7871,9227
0,"weighted",7872,10168
0,"weighted",7873,12980
0,"weighted",7874,3338
0,"weighted",7875,7372
0,"weighted",7876,5973
0,"weighted",7877,13778
0,"weighted",7878,5085
0,"weighted",7879,1213
0,"weighted",7880,3460
0,"weighted",7881,11587
0,"weighted",7882,9241
0,"weighted",7883,7393
0,"weighted",7884,2339
0,"weighted",7885,14119
0,"weighted",7886,11351
0,"weighted",7887,4829
0,"weighted",7888,1892
0,"weighted",7889,11660
0,"weighted",7890,1294
0,"weighted",7891,7715
0,"weighted",7892,5986
0,"weighted",7893,6608
0,"weighted",7894,1894
0,"weighted",7895,8147
0,"weighted",7896,1827
0,"weighted",7897,2081
0,"weighted",7898,1600
0,"weighted",7899,8956
0,"weighted",7900,5814
0,"weighted",7901,11037
0,"weighted",7902,8151
0,"weighted",7903,11620
0,"weighted",7904,10995
0,"weighted",7905,376
0,"weighted",7906,8078
0,"weighted",7907,636
0,"weighted",7908,10114
0,"weighted",7909,11294
0,"weighted",7910,13566
0,"weighted",7911,1517
0,"weighted",7912,7562
0,"weighted",7913,8048
0,"weighted",7914,68
0,"weighted",7915,4698
0,"weighted",7916,9628
0,"weighted",7917,6964
0,"weighted",7918,11946
0,"weighted",7919,8645
0,"weighted",7920,10345
0,"weighted",7921,7013
0,"weighted",7922,13485
0,"weighted",7923,11852
0,"weighted",7924,9514
0,"weighted",7925,13715
0,"weighted",7926,10953
0,"weighted",7927,3101
0,"weighted",7928,613
0,"weighted",7929,12676
0,"weighted",7930,6468
0,"weighted",7931,121
0,"weighted",7932,13736
0,"weighted",7933,8257
0,"weighted",7934,3523
0,"weighted",7935,5808
0,"weighted",7936,11073
0,"weighted",7937,780
0,"weighted",7938,9778
0,"weighted",7939,6102
0,"weighted",7940,4402
0,"weighted",7941,12773
0,"weighted",7942,2054
0,"weighted",7943,9725
0,"weighted",7944,5852
0,"weighted",7945,2131
0,"weighted",7946,11257
0,"weighted",7947,7065
0,"weighted",7948,7080
0,"weighted",7949,12812
0,"weighted",7950,8055
0,"weighted",7951,1589
0,"weighted",7952,8670
0,"weighted",7953,12813
0,"weighted",7954,5300
0,"weighted",7955,1935
0,"weighted",7956,12951
0,"weighted",7957,936
0,"weighted",7958,2854
0,"weighted",7959,6872
0,"weighted",7960,3794
0,"weighted",7961,3801
0,"weighted",7962,8093
0,"weighted",7963,10259
0,"weighted",7964,7511
0,"weighted",7965,3113
0,"weighted",7966,13621
0,"weighted",7967,3812
0,"weighted",7968,9784
0,"weighted",7969,4289
0,"weighted",7970,11449
0,"weighted",7971,3781
0,"weighted",7972,1914
0,"weighted",7973,11244
0,"weighted",7974,12072
0,"weighted",7975,959
0,"weighted",7976,5921
0,"weighted",7977,11626
0,"weighted",7978,5822
0,"weighted",7979,1272
0,"weighted",7980,3828
0,"weighted",7981,14171
0,"weighted",7982,2032
0,"weighted",7983,11624
0,"weighted",7984,4832
0,"weighted",7985,3878
0,"weighted",7986,1577
0,"weighted",7987,3954
0,"weighted",7988,4336
0,"weighted",7989,3826
0,"weighted",7990,3114
0,"weighted",7991,4666
0,"weighted",7992,8998
0,"weighted",7993,7717
0,"weighted",7994,3934
0,"weighted",7995,5984
0,"weighted",7996,2494
0,"weighted",7997,12041
0,"weighted",7998,9265
0,"weighted",7999,5961
0,"weighted",8000,9801
0,"weighted",8001,12736
0,"weighted",8002,6249
0,"weighted",8003,6393
0,"weighted",8004,10145
0,"weighted",8005,8059
0,"weighted",8006,5341
0,"weighted",8007,1075
0,"weighted",8008,986
0,"weighted",8009,7784
0,"weighted",8010,11210
0,"weighted",8011,11378
0,"weighted",8012,7471
0,"weighted",8013,2679
0,"weighted",8014,1948
0,"weighted",8015,4996
0,"weighted",8016,5226
0,"weighted",8017,6311
0,"weighted",8018,13629
0,"weighted",8019,9658
0,"weighted",8020,2894
0,"weighted",8021,9167
0,"weighted",8022,13266
0,"weighted",8023,240
0,"weighted",8024,5026
0,"weighted",8025,7896
0,"weighted",8026,2634
0,"weighted",8027,11389
0,"weighted",8028,2990
0,"weighted",8029,9172
0,"weighted",8030,12487
0,"weighted",8031,7852
0,"weighted",8032,12574
0,"weighted",8033,7278
0,"weighted",8034,14072
0,"weighted",8035,13886
0,"weighted",8036,5189
0,"weighted",8037,2493
0,"weighted",8038,9942
0,"no_caste_unweighted",1,9090
0,"no_caste_unweighted",2,12550
0,"no_caste_unweighted",3,3030
0,"no_caste_unweighted",4,9163
0,"no_caste_unweighted",5,2994
0,"no_caste_unweighted",6,10379
0,"no_caste_unweighted",7,1893
0,"no_caste_unweighted",8,4291
0,"no_caste_unweighted",9,8078
0,"no_caste_unweighted",10,6350
0,"no_caste_unweighted",11,7204
0,"no_caste_unweighted",12,7706
0,"no_caste_unweighted",13,12544
0,"no_caste_unweighted",14,12235
0,"no_caste_unweighted",15,587
0,"no_caste_unweighted",16,1061
0,"no_caste_unweighted",17,9622
0,"no_caste_unweighted",18,2929
0,"no_caste_unweighted",19,6971
0,"no_caste_unweighted",20,12662
0,"no_caste_unweighted",21,12841
0,"no_caste_unweighted",22,433
0,"no_caste_unweighted",23,6400
0,"no_caste_unweighted",24,4232
0,"no_caste_unweighted",25,3075
0,"no_caste_unweighted",26,4300
0,"no_caste_unweighted",27,2807
0,"no_caste_unweighted",28,7668
0,"no_caste_unweighted",29,11610
0,"no_caste_unweighted",30,12108
0,"no_caste_unweighted",31,2931
0,"no_caste_unweighted",32,324
0,"no_caste_unweighted",33,11261
0,"no_caste_unweighted",34,7475
0,"no_caste_unweighted",35,5961
0,"no_caste_unweighted",36,8093
0,"no_caste_unweighted",37,12770
0,"no_caste_unweighted",38,12852
0,"no_caste_unweighted",39,7078
0,"no_caste_unweighted",40,13819
0,"no_caste_unweighted",41,5785
0,"no_caste_unweighted",42,3923
0,"no_caste_unweighted",43,2570
0,"no_caste_unweighted",44,3739
0,"no_caste_unweighted",45,13676
0,"no_caste_unweighted",46,1419
0,"no_caste_unweighted",47,4257
0,"no_caste_unweighted",48,13273
0,"no_caste_unweighted",49,9218
0,"no_caste_unweighted",50,3696
0,"no_caste_unweighted",51,13981
0,"no_caste_unweighted",52,11995
0,"no_caste_unweighted",53,6374
0,"no_caste_unweighted",54,11553
0,"no_caste_unweighted",55,8152
0,"no_caste_unweighted",56,6566
0,"no_caste_unweighted",57,12608
0,"no_caste_unweighted",58,320
0,"no_caste_unweighted",59,13914
0,"no_caste_unweighted",60,8153
0,"no_caste_unweighted",61,13859
0,"no_caste_unweighted",62,4144
0,"no_caste_unweighted",63,9556
0,"no_caste_unweighted",64,6872
0,"no_caste_unweighted",65,2357
0,"no_caste_unweighted",66,8797
0,"no_caste_unweighted",67,11537
0,"no_caste_unweighted",68,4438
0,"no_caste_unweighted",69,4836
0,"no_caste_unweighted",70,13318
0,"no_caste_unweighted",71,6717
0,"no_caste_unweighted",72,8485
0,"no_caste_unweighted",73,11727
0,"no_caste_unweighted",74,11721
0,"no_caste_unweighted",75,13662
0,"no_caste_unweighted",76,3540
0,"no_caste_unweighted",77,7220
0,"no_caste_unweighted",78,2196
0,"no_caste_unweighted",79,2837
0,"no_caste_unweighted",80,10542
0,"no_caste_unweighted",81,8711
0,"no_caste_unweighted",82,9807
0,"no_caste_unweighted",83,4029
0,"no_caste_unweighted",84,448
0,"no_caste_unweighted",85,2791
0,"no_caste_unweighted",86,11712
0,"no_caste_unweighted",87,9135
0,"no_caste_unweighted",88,8880
0,"no_caste_unweighted",89,6110
0,"no_caste_unweighted",90,2054
0,"no_caste_unweighted",91,3793
0,"no_caste_unweighted",92,13765
0,"no_caste_unweighted",93,6209
0,"no_caste_unweighted",94,3794
0,"no_caste_unweighted",95,9899
0,"no_caste_unweighted",96,3616
0,"no_caste_unweighted",97,7683
0,"no_caste_unweighted",98,7714
0,"no_caste_unweighted",99,10962
0,"no_caste_unweighted",100,12527
0,"no_caste_unweighted",101,7634
0,"no_caste_unweighted",102,97
0,"no_caste_unweighted",103,7752
0,"no_caste_unweighted",104,3829
0,"no_caste_unweighted",105,5610
0,"no_caste_unweighted",106,2025
0,"no_caste_unweighted",107,3750
0,"no_caste_unweighted",108,5488
0,"no_caste_unweighted",109,11909
0,"no_caste_unweighted",110,8441
0,"no_caste_unweighted",111,9678
0,"no_caste_unweighted",112,4070
0,"no_caste_unweighted",113,13365
0,"no_caste_unweighted",114,5900
0,"no_caste_unweighted",115,1897
0,"no_caste_unweighted",116,5684
0,"no_caste_unweighted",117,1839
0,"no_caste_unweighted",118,5307
0,"no_caste_unweighted",119,7892
0,"no_caste_unweighted",120,5872
0,"no_caste_unweighted",121,9220
0,"no_caste_unweighted",122,9952
0,"no_caste_unweighted",123,9288
0,"no_caste_unweighted",124,5157
0,"no_caste_unweighted",125,4669
0,"no_caste_unweighted",126,6801
0,"no_caste_unweighted",127,11237
0,"no_caste_unweighted",128,553
0,"no_caste_unweighted",129,388
0,"no_caste_unweighted",130,12054
0,"no_caste_unweighted",131,6012
0,"no_caste_unweighted",132,2009
0,"no_caste_unweighted",133,11684
0,"no_caste_unweighted",134,2614
0,"no_caste_unweighted",135,474
0,"no_caste_unweighted",136,800
0,"no_caste_unweighted",137,10067
0,"no_caste_unweighted",138,1644
0,"no_caste_unweighted",139,92
0,"no_caste_unweighted",140,660
0,"no_caste_unweighted",141,1527
0,"no_caste_unweighted",142,9942
0,"no_caste_unweighted",143,13840
0,"no_caste_unweighted",144,3438
0,"no_caste_unweighted",145,1395
0,"no_caste_unweighted",146,11151
0,"no_caste_unweighted",147,4387
0,"no_caste_unweighted",148,2070
0,"no_caste_unweighted",149,10807
0,"no_caste_unweighted",150,12892
0,"no_caste_unweighted",151,6556
0,"no_caste_unweighted",152,8162
0,"no_caste_unweighted",153,43
0,"no_caste_unweighted",154,1242
0,"no_caste_unweighted",155,5285
0,"no_caste_unweighted",156,6070
0,"no_caste_unweighted",157,9094
0,"no_caste_unweighted",158,11654
0,"no_caste_unweighted",159,1309
0,"no_caste_unweighted",160,2043
0,"no_caste_unweighted",161,873
0,"no_caste_unweighted",162,7664
0,"no_caste_unweighted",163,13910
0,"no_caste_unweighted",164,9856
0,"no_caste_unweighted",165,6923
0,"no_caste_unweighted",166,5481
0,"no_caste_unweighted",167,8700
0,"no_caste_unweighted",168,3661
0,"no_caste_unweighted",169,11412
0,"no_caste_unweighted",170,7293
0,"no_caste_unweighted",171,4690
0,"no_caste_unweighted",172,3700
0,"no_caste_unweighted",173,11840
0,"no_caste_unweighted",174,6148
0,"no_caste_unweighted",175,10451
0,"no_caste_unweighted",176,3499
0,"no_caste_unweighted",177,12203
0,"no_caste_unweighted",178,1975
0,"no_caste_unweighted",179,8541
0,"no_caste_unweighted",180,7287
0,"no_caste_unweighted",181,1846
0,"no_caste_unweighted",182,13691
0,"no_caste_unweighted",183,4336
0,"no_caste_unweighted",184,12355
0,"no_caste_unweighted",185,12316
0,"no_caste_unweighted",186,7925
0,"no_caste_unweighted",187,10270
0,"no_caste_unweighted",188,7794
0,"no_caste_unweighted",189,2972
0,"no_caste_unweighted",190,4205
0,"no_caste_unweighted",191,9149
0,"no_caste_unweighted",192,7894
0,"no_caste_unweighted",193,5543
0,"no_caste_unweighted",194,7265
0,"no_caste_unweighted",195,1428
0,"no_caste_unweighted",196,6828
0,"no_caste_unweighted",197,5696
0,"no_caste_unweighted",198,7175
0,"no_caste_unweighted",199,10949
0,"no_caste_unweighted",200,742
0,"no_caste_unweighted",201,13830
0,"no_caste_unweighted",202,8999
0,"no_caste_unweighted",203,1134
0,"no_caste_unweighted",204,1112
0,"no_caste_unweighted",205,7913
0,"no_caste_unweighted",206,3474
0,"no_caste_unweighted",207,13244
0,"no_caste_unweighted",208,8841
0,"no_caste_unweighted",209,14169
0,"no_caste_unweighted",210,814
0,"no_caste_unweighted",211,8895
0,"no_caste_unweighted",212,5375
0,"no_caste_unweighted",213,5284
0,"no_caste_unweighted",214,12781
0,"no_caste_unweighted",215,3926
0,"no_caste_unweighted",216,11377
0,"no_caste_unweighted",217,10597
0,"no_caste_unweighted",218,1873
0,"no_caste_unweighted",219,6331
0,"no_caste_unweighted",220,8739
0,"no_caste_unweighted",221,1265
0,"no_caste_unweighted",222,7866
0,"no_caste_unweighted",223,9297
0,"no_caste_unweighted",224,12071
0,"no_caste_unweighted",225,118
0,"no_caste_unweighted",226,11249
0,"no_caste_unweighted",227,11391
0,"no_caste_unweighted",228,6206
0,"no_caste_unweighted",229,9444
0,"no_caste_unweighted",230,13312
0,"no_caste_unweighted",231,824
0,"no_caste_unweighted",232,5121
0,"no_caste_unweighted",233,6575
0,"no_caste_unweighted",234,9944
0,"no_caste_unweighted",235,794
0,"no_caste_unweighted",236,4185
0,"no_caste_unweighted",237,5891
0,"no_caste_unweighted",238,2300
0,"no_caste_unweighted",239,8361
0,"no_caste_unweighted",240,8977
0,"no_caste_unweighted",241,2514
0,"no_caste_unweighted",242,2388
0,"no_caste_unweighted",243,4744
0,"no_caste_unweighted",244,14005
0,"no_caste_unweighted",245,9500
0,"no_caste_unweighted",246,3400
0,"no_caste_unweighted",247,13835
0,"no_caste_unweighted",248,11854
0,"no_caste_unweighted",249,7273
0,"no_caste_unweighted",250,10750
0,"no_caste_unweighted",251,11882
0,"no_caste_unweighted",252,12392
0,"no_caste_unweighted",253,5686
0,"no_caste_unweighted",254,8832
0,"no_caste_unweighted",255,8771
0,"no_caste_unweighted",256,6452
0,"no_caste_unweighted",257,6165
0,"no_caste_unweighted",258,3783
0,"no_caste_unweighted",259,10763
0,"no_caste_unweighted",260,5081
0,"no_caste_unweighted",261,9691
0,"no_caste_unweighted",262,1239
0,"no_caste_unweighted",263,6903
0,"no_caste_unweighted",264,10655
0,"no_caste_unweighted",265,4120
0,"no_caste_unweighted",266,2002
0,"no_caste_unweighted",267,564
0,"no_caste_unweighted",268,8497
0,"no_caste_unweighted",269,1264
0,"no_caste_unweighted",270,5493
0,"no_caste_unweighted",271,2200
0,"no_caste_unweighted",272,328
0,"no_caste_unweighted",273,9420
0,"no_caste_unweighted",274,13577
0,"no_caste_unweighted",275,1413
0,"no_caste_unweighted",276,1931
0,"no_caste_unweighted",277,4875
0,"no_caste_unweighted",278,11687
0,"no_caste_unweighted",279,7943
0,"no_caste_unweighted",280,9055
0,"no_caste_unweighted",281,9956
0,"no_caste_unweighted",282,4019
0,"no_caste_unweighted",283,4064
0,"no_caste_unweighted",284,13606
0,"no_caste_unweighted",285,12259
0,"no_caste_unweighted",286,10321
0,"no_caste_unweighted",287,11714
0,"no_caste_unweighted",288,2552
0,"no_caste_unweighted",289,8297
0,"no_caste_unweighted",290,7540
0,"no_caste_unweighted",291,10364
0,"no_caste_unweighted",292,13446
0,"no_caste_unweighted",293,7344
0,"no_caste_unweighted",294,8044
0,"no_caste_unweighted",295,12298
0,"no_caste_unweighted",296,6309
0,"no_caste_unweighted",297,7711
0,"no_caste_unweighted",298,11457
0,"no_caste_unweighted",299,6958
0,"no_caste_unweighted",300,504
0,"no_caste_unweighted",301,1497
0,"no_caste_unweighted",302,2811
0,"no_caste_unweighted",303,8683
0,"no_caste_unweighted",304,3099
0,"no_caste_unweighted",305,12707
0,"no_caste_unweighted",306,266
0,"no_caste_unweighted",307,12348
0,"no_caste_unweighted",308,10527
0,"no_caste_unweighted",309,4069
0,"no_caste_unweighted",310,2339
0,"no_caste_unweighted",311,9053
0,"no_caste_unweighted",312,3045
0,"no_caste_unweighted",313,13610
0,"no_caste_unweighted",314,5574
0,"no_caste_unweighted",315,11964
0,"no_caste_unweighted",316,3724
0,"no_caste_unweighted",317,1312
0,"no_caste_unweighted",318,9305
0,"no_caste_unweighted",319,5809
0,"no_caste_unweighted",320,5556
0,"no_caste_unweighted",321,2657
0,"no_caste_unweighted",322,4150
0,"no_caste_unweighted",323,13963
0,"no_caste_unweighted",324,6815
0,"no_caste_unweighted",325,3731
0,"no_caste_unweighted",326,14142
0,"no_caste_unweighted",327,6005
0,"no_caste_unweighted",328,1403
0,"no_caste_unweighted",329,8799
0,"no_caste_unweighted",330,4319
0,"no_caste_unweighted",331,13900
0,"no_caste_unweighted",332,760
0,"no_caste_unweighted",333,11413
0,"no_caste_unweighted",334,3308
0,"no_caste_unweighted",335,1385
0,"no_caste_unweighted",336,8294
0,"no_caste_unweighted",337,11993
0,"no_caste_unweighted",338,3767
0,"no_caste_unweighted",339,1987
0,"no_caste_unweighted",340,3313
0,"no_caste_unweighted",341,10215
0,"no_caste_unweighted",342,8550
0,"no_caste_unweighted",343,9590
0,"no_caste_unweighted",344,8463
0,"no_caste_unweighted",345,13998
0,"no_caste_unweighted",346,10916
0,"no_caste_unweighted",347,4732
0,"no_caste_unweighted",348,2679
0,"no_caste_unweighted",349,13669
0,"no_caste_unweighted",350,11214
0,"no_caste_unweighted",351,9179
0,"no_caste_unweighted",352,10322
0,"no_caste_unweighted",353,12931
0,"no_caste_unweighted",354,5940
0,"no_caste_unweighted",355,2003
0,"no_caste_unweighted",356,5179
0,"no_caste_unweighted",357,661
0,"no_caste_unweighted",358,412
0,"no_caste_unweighted",359,8144
0,"no_caste_unweighted",360,8110
0,"no_caste_unweighted",361,11108
0,"no_caste_unweighted",362,10154
0,"no_caste_unweighted",363,13973
0,"no_caste_unweighted",364,9658
0,"no_caste_unweighted",365,10165
0,"no_caste_unweighted",366,7973
0,"no_caste_unweighted",367,10442
0,"no_caste_unweighted",368,10106
0,"no_caste_unweighted",369,2559
0,"no_caste_unweighted",370,10240
0,"no_caste_unweighted",371,3108
0,"no_caste_unweighted",372,5401
0,"no_caste_unweighted",373,7088
0,"no_caste_unweighted",374,2349
0,"no_caste_unweighted",375,7649
0,"no_caste_unweighted",376,14135
0,"no_caste_unweighted",377,12441
0,"no_caste_unweighted",378,8961
0,"no_caste_unweighted",379,1660
0,"no_caste_unweighted",380,10273
0,"no_caste_unweighted",381,10772
0,"no_caste_unweighted",382,11071
0,"no_caste_unweighted",383,12200
0,"no_caste_unweighted",384,6121
0,"no_caste_unweighted",385,1388
0,"no_caste_unweighted",386,11102
0,"no_caste_unweighted",387,2845
0,"no_caste_unweighted",388,12361
0,"no_caste_unweighted",389,13470
0,"no_caste_unweighted",390,1708
0,"no_caste_unweighted",391,2014
0,"no_caste_unweighted",392,4381
0,"no_caste_unweighted",393,7854
0,"no_caste_unweighted",394,7213
0,"no_caste_unweighted",395,11427
0,"no_caste_unweighted",396,6837
0,"no_caste_unweighted",397,2976
0,"no_caste_unweighted",398,9260
0,"no_caste_unweighted",399,5700
0,"no_caste_unweighted",400,11116
0,"no_caste_unweighted",401,11643
0,"no_caste_unweighted",402,6301
0,"no_caste_unweighted",403,747
0,"no_caste_unweighted",404,12201
0,"no_caste_unweighted",405,2637
0,"no_caste_unweighted",406,2728
0,"no_caste_unweighted",407,10054
0,"no_caste_unweighted",408,6723
0,"no_caste_unweighted",409,10844
0,"no_caste_unweighted",410,8923
0,"no_caste_unweighted",411,8538
0,"no_caste_unweighted",412,9453
0,"no_caste_unweighted",413,2121
0,"no_caste_unweighted",414,10213
0,"no_caste_unweighted",415,12343
0,"no_caste_unweighted",416,9315
0,"no_caste_unweighted",417,13739
0,"no_caste_unweighted",418,12989
0,"no_caste_unweighted",419,14115
0,"no_caste_unweighted",420,4218
0,"no_caste_unweighted",421,4349
0,"no_caste_unweighted",422,9641
0,"no_caste_unweighted",423,12009
0,"no_caste_unweighted",424,2841
0,"no_caste_unweighted",425,9683
0,"no_caste_unweighted",426,7547
0,"no_caste_unweighted",427,4920
0,"no_caste_unweighted",428,9470
0,"no_caste_unweighted",429,5296
0,"no_caste_unweighted",430,13764
0,"no_caste_unweighted",431,9571
0,"no_caste_unweighted",432,12074
0,"no_caste_unweighted",433,1815
0,"no_caste_unweighted",434,2967
0,"no_caste_unweighted",435,12029
0,"no_caste_unweighted",436,12252
0,"no_caste_unweighted",437,4212
0,"no_caste_unweighted",438,12799
0,"no_caste_unweighted",439,1732
0,"no_caste_unweighted",440,3570
0,"no_caste_unweighted",441,10571
0,"no_caste_unweighted",442,6007
0,"no_caste_unweighted",443,13682
0,"no_caste_unweighted",444,9097
0,"no_caste_unweighted",445,6744
0,"no_caste_unweighted",446,4366
0,"no_caste_unweighted",447,12560
0,"no_caste_unweighted",448,11289
0,"no_caste_unweighted",449,4922
0,"no_caste_unweighted",450,11416
0,"no_caste_unweighted",451,10428
0,"no_caste_unweighted",452,8644
0,"no_caste_unweighted",453,1560
0,"no_caste_unweighted",454,6820
0,"no_caste_unweighted",455,13351
0,"no_caste_unweighted",456,10262
0,"no_caste_unweighted",457,1986
0,"no_caste_unweighted",458,12600
0,"no_caste_unweighted",459,13159
0,"no_caste_unweighted",460,4384
0,"no_caste_unweighted",461,7550
0,"no_caste_unweighted",462,13304
0,"no_caste_unweighted",463,6310
0,"no_caste_unweighted",464,6655
0,"no_caste_unweighted",465,96
0,"no_caste_unweighted",466,9210
0,"no_caste_unweighted",467,13772
0,"no_caste_unweighted",468,1018
0,"no_caste_unweighted",469,5153
0,"no_caste_unweighted",470,5562
0,"no_caste_unweighted",471,568
0,"no_caste_unweighted",472,7901
0,"no_caste_unweighted",473,3288
0,"no_caste_unweighted",474,8878
0,"no_caste_unweighted",475,11396
0,"no_caste_unweighted",476,9544
0,"no_caste_unweighted",477,3992
0,"no_caste_unweighted",478,11953
0,"no_caste_unweighted",479,2795
0,"no_caste_unweighted",480,356
0,"no_caste_unweighted",481,4497
0,"no_caste_unweighted",482,1762
0,"no_caste_unweighted",483,11580
0,"no_caste_unweighted",484,10584
0,"no_caste_unweighted",485,2165
0,"no_caste_unweighted",486,5150
0,"no_caste_unweighted",487,12021
0,"no_caste_unweighted",488,3051
0,"no_caste_unweighted",489,906
0,"no_caste_unweighted",490,2745
0,"no_caste_unweighted",491,6232
0,"no_caste_unweighted",492,337
0,"no_caste_unweighted",493,5472
0,"no_caste_unweighted",494,3340
0,"no_caste_unweighted",495,4898
0,"no_caste_unweighted",496,751
0,"no_caste_unweighted",497,12809
0,"no_caste_unweighted",498,4819
0,"no_caste_unweighted",499,1015
0,"no_caste_unweighted",500,618
0,"no_caste_unweighted",501,9504
0,"no_caste_unweighted",502,199
0,"no_caste_unweighted",503,4832
0,"no_caste_unweighted",504,9540
0,"no_caste_unweighted",505,4704
0,"no_caste_unweighted",506,6203
0,"no_caste_unweighted",507,12359
0,"no_caste_unweighted",508,10351
0,"no_caste_unweighted",509,3816
0,"no_caste_unweighted",510,7238
0,"no_caste_unweighted",511,911
0,"no_caste_unweighted",512,7734
0,"no_caste_unweighted",513,739
0,"no_caste_unweighted",514,6725
0,"no_caste_unweighted",515,10427
0,"no_caste_unweighted",516,13310
0,"no_caste_unweighted",517,148
0,"no_caste_unweighted",518,10282
0,"no_caste_unweighted",519,12306
0,"no_caste_unweighted",520,1981
0,"no_caste_unweighted",521,3856
0,"no_caste_unweighted",522,10216
0,"no_caste_unweighted",523,3922
0,"no_caste_unweighted",524,11190
0,"no_caste_unweighted",525,5530
0,"no_caste_unweighted",526,10056
0,"no_caste_unweighted",527,12177
0,"no_caste_unweighted",528,12058
0,"no_caste_unweighted",529,14072
0,"no_caste_unweighted",530,10524
0,"no_caste_unweighted",531,11411
0,"no_caste_unweighted",532,2643
0,"no_caste_unweighted",533,6259
0,"no_caste_unweighted",534,2540
0,"no_caste_unweighted",535,7713
0,"no_caste_unweighted",536,3478
0,"no_caste_unweighted",537,10121
0,"no_caste_unweighted",538,13401
0,"no_caste_unweighted",539,8743
0,"no_caste_unweighted",540,13476
0,"no_caste_unweighted",541,11131
0,"no_caste_unweighted",542,2965
0,"no_caste_unweighted",543,11615
0,"no_caste_unweighted",544,7642
0,"no_caste_unweighted",545,10166
0,"no_caste_unweighted",546,1467
0,"no_caste_unweighted",547,5257
0,"no_caste_unweighted",548,6701
0,"no_caste_unweighted",549,3395
0,"no_caste_unweighted",550,1167
0,"no_caste_unweighted",551,6220
0,"no_caste_unweighted",552,7042
0,"no_caste_unweighted",553,9718
0,"no_caste_unweighted",554,14122
0,"no_caste_unweighted",555,1266
0,"no_caste_unweighted",556,13361
0,"no_caste_unweighted",557,977
0,"no_caste_unweighted",558,5876
0,"no_caste_unweighted",559,1475
0,"no_caste_unweighted",560,4586
0,"no_caste_unweighted",561,10057
0,"no_caste_unweighted",562,11259
0,"no_caste_unweighted",563,11811
0,"no_caste_unweighted",564,8283
0,"no_caste_unweighted",565,10355
0,"no_caste_unweighted",566,5604
0,"no_caste_unweighted",567,1988
0,"no_caste_unweighted",568,13423
0,"no_caste_unweighted",569,6948
0,"no_caste_unweighted",570,58
0,"no_caste_unweighted",571,4619
0,"no_caste_unweighted",572,4242
0,"no_caste_unweighted",573,9050
0,"no_caste_unweighted",574,2529
0,"no_caste_unweighted",575,12305
0,"no_caste_unweighted",576,1730
0,"no_caste_unweighted",577,216
0,"no_caste_unweighted",578,8413
0,"no_caste_unweighted",579,10196
0,"no_caste_unweighted",580,11724
0,"no_caste_unweighted",581,4289
0,"no_caste_unweighted",582,2195
0,"no_caste_unweighted",583,13461
0,"no_caste_unweighted",584,11570
0,"no_caste_unweighted",585,7778
0,"no_caste_unweighted",586,11053
0,"no_caste_unweighted",587,12374
0,"no_caste_unweighted",588,3985
0,"no_caste_unweighted",589,11791
0,"no_caste_unweighted",590,6906
0,"no_caste_unweighted",591,9640
0,"no_caste_unweighted",592,5018
0,"no_caste_unweighted",593,1140
0,"no_caste_unweighted",594,2854
0,"no_caste_unweighted",595,9750
0,"no_caste_unweighted",596,9647
0,"no_caste_unweighted",597,13882
0,"no_caste_unweighted",598,6864
0,"no_caste_unweighted",599,2262
0,"no_caste_unweighted",600,4566
0,"no_caste_unweighted",601,10279
0,"no_caste_unweighted",602,4471
0,"no_caste_unweighted",603,720
0,"no_caste_unweighted",604,10006
0,"no_caste_unweighted",605,8819
0,"no_caste_unweighted",606,12117
0,"no_caste_unweighted",607,5067
0,"no_caste_unweighted",608,5949
0,"no_caste_unweighted",609,9970
0,"no_caste_unweighted",610,6941
0,"no_caste_unweighted",611,3319
0,"no_caste_unweighted",612,1251
0,"no_caste_unweighted",613,10876
0,"no_caste_unweighted",614,9626
0,"no_caste_unweighted",615,2916
0,"no_caste_unweighted",616,8077
0,"no_caste_unweighted",617,8726
0,"no_caste_unweighted",618,3083
0,"no_caste_unweighted",619,190
0,"no_caste_unweighted",620,9123
0,"no_caste_unweighted",621,12
0,"no_caste_unweighted",622,5787
0,"no_caste_unweighted",623,12373
0,"no_caste_unweighted",624,11592
0,"no_caste_unweighted",625,3261
0,"no_caste_unweighted",626,437
0,"no_caste_unweighted",627,3894
0,"no_caste_unweighted",628,11429
0,"no_caste_unweighted",629,928
0,"no_caste_unweighted",630,7235
0,"no_caste_unweighted",631,304
0,"no_caste_unweighted",632,2130
0,"no_caste_unweighted",633,12459
0,"no_caste_unweighted",634,4925
0,"no_caste_unweighted",635,6848
0,"no_caste_unweighted",636,9542
0,"no_caste_unweighted",637,11685
0,"no_caste_unweighted",638,459
0,"no_caste_unweighted",639,12647
0,"no_caste_unweighted",640,10736
0,"no_caste_unweighted",641,6506
0,"no_caste_unweighted",642,7456
0,"no_caste_unweighted",643,3638
0,"no_caste_unweighted",644,1109
0,"no_caste_unweighted",645,13884
0,"no_caste_unweighted",646,6465
0,"no_caste_unweighted",647,8470
0,"no_caste_unweighted",648,4165
0,"no_caste_unweighted",649,10704
0,"no_caste_unweighted",650,8903
0,"no_caste_unweighted",651,8147
0,"no_caste_unweighted",652,3650
0,"no_caste_unweighted",653,6096
0,"no_caste_unweighted",654,12701
0,"no_caste_unweighted",655,6648
0,"no_caste_unweighted",656,3055
0,"no_caste_unweighted",657,1811
0,"no_caste_unweighted",658,10602
0,"no_caste_unweighted",659,10176
0,"no_caste_unweighted",660,13804
0,"no_caste_unweighted",661,11118
0,"no_caste_unweighted",662,2467
0,"no_caste_unweighted",663,1238
0,"no_caste_unweighted",664,3578
0,"no_caste_unweighted",665,10942
0,"no_caste_unweighted",666,11222
0,"no_caste_unweighted",667,2470
0,"no_caste_unweighted",668,10629
0,"no_caste_unweighted",669,6169
0,"no_caste_unweighted",670,10
0,"no_caste_unweighted",671,840
0,"no_caste_unweighted",672,9560
0,"no_caste_unweighted",673,519
0,"no_caste_unweighted",674,9847
0,"no_caste_unweighted",675,12438
0,"no_caste_unweighted",676,5267
0,"no_caste_unweighted",677,5364
0,"no_caste_unweighted",678,7003
0,"no_caste_unweighted",679,1336
0,"no_caste_unweighted",680,7555
0,"no_caste_unweighted",681,11044
0,"no_caste_unweighted",682,3386
0,"no_caste_unweighted",683,6653
0,"no_caste_unweighted",684,13921
0,"no_caste_unweighted",685,10012
0,"no_caste_unweighted",686,7047
0,"no_caste_unweighted",687,9165
0,"no_caste_unweighted",688,5917
0,"no_caste_unweighted",689,7139
0,"no_caste_unweighted",690,11374
0,"no_caste_unweighted",691,9267
0,"no_caste_unweighted",692,108
0,"no_caste_unweighted",693,2908
0,"no_caste_unweighted",694,5941
0,"no_caste_unweighted",695,3787
0,"no_caste_unweighted",696,6062
0,"no_caste_unweighted",697,3271
0,"no_caste_unweighted",698,13700
0,"no_caste_unweighted",699,12120
0,"no_caste_unweighted",700,8363
0,"no_caste_unweighted",701,2895
0,"no_caste_unweighted",702,874
0,"no_caste_unweighted",703,9087
0,"no_caste_unweighted",704,11394
0,"no_caste_unweighted",705,8748
0,"no_caste_unweighted",706,2748
0,"no_caste_unweighted",707,2071
0,"no_caste_unweighted",708,9694
0,"no_caste_unweighted",709,10804
0,"no_caste_unweighted",710,3174
0,"no_caste_unweighted",711,3485
0,"no_caste_unweighted",712,13995
0,"no_caste_unweighted",713,11710
0,"no_caste_unweighted",714,12779
0,"no_caste_unweighted",715,2030
0,"no_caste_unweighted",716,12356
0,"no_caste_unweighted",717,11003
0,"no_caste_unweighted",718,7506
0,"no_caste_unweighted",719,3002
0,"no_caste_unweighted",720,13633
0,"no_caste_unweighted",721,2490
0,"no_caste_unweighted",722,10158
0,"no_caste_unweighted",723,3387
0,"no_caste_unweighted",724,5883
0,"no_caste_unweighted",725,10658
0,"no_caste_unweighted",726,11548
0,"no_caste_unweighted",727,5223
0,"no_caste_unweighted",728,4641
0,"no_caste_unweighted",729,9858
0,"no_caste_unweighted",730,14040
0,"no_caste_unweighted",731,3857
0,"no_caste_unweighted",732,7572
0,"no_caste_unweighted",733,3081
0,"no_caste_unweighted",734,11859
0,"no_caste_unweighted",735,10101
0,"no_caste_unweighted",736,1615
0,"no_caste_unweighted",737,10987
0,"no_caste_unweighted",738,12218
0,"no_caste_unweighted",739,5427
0,"no_caste_unweighted",740,7632
0,"no_caste_unweighted",741,11242
0,"no_caste_unweighted",742,9709
0,"no_caste_unweighted",743,8981
0,"no_caste_unweighted",744,1892
0,"no_caste_unweighted",745,10155
0,"no_caste_unweighted",746,12188
0,"no_caste_unweighted",747,6207
0,"no_caste_unweighted",748,6588
0,"no_caste_unweighted",749,4462
0,"no_caste_unweighted",750,10728
0,"no_caste_unweighted",751,10724
0,"no_caste_unweighted",752,963
0,"no_caste_unweighted",753,9687
0,"no_caste_unweighted",754,1427
0,"no_caste_unweighted",755,4287
0,"no_caste_unweighted",756,9114
0,"no_caste_unweighted",757,11122
0,"no_caste_unweighted",758,12727
0,"no_caste_unweighted",759,3187
0,"no_caste_unweighted",760,13741
0,"no_caste_unweighted",761,5771
0,"no_caste_unweighted",762,3753
0,"no_caste_unweighted",763,9032
0,"no_caste_unweighted",764,11123
0,"no_caste_unweighted",765,8333
0,"no_caste_unweighted",766,2642
0,"no_caste_unweighted",767,7236
0,"no_caste_unweighted",768,12963
0,"no_caste_unweighted",769,6440
0,"no_caste_unweighted",770,13339
0,"no_caste_unweighted",771,4694
0,"no_caste_unweighted",772,5183
0,"no_caste_unweighted",773,4277
0,"no_caste_unweighted",774,7454
0,"no_caste_unweighted",775,2175
0,"no_caste_unweighted",776,1081
0,"no_caste_unweighted",777,6681
0,"no_caste_unweighted",778,210
0,"no_caste_unweighted",779,7013
0,"no_caste_unweighted",780,1658
0,"no_caste_unweighted",781,7075
0,"no_caste_unweighted",782,8083
0,"no_caste_unweighted",783,1767
0,"no_caste_unweighted",784,804
0,"no_caste_unweighted",785,465
0,"no_caste_unweighted",786,9316
0,"no_caste_unweighted",787,6191
0,"no_caste_unweighted",788,577
0,"no_caste_unweighted",789,1145
0,"no_caste_unweighted",790,193
0,"no_caste_unweighted",791,5405
0,"no_caste_unweighted",792,9429
0,"no_caste_unweighted",793,2331
0,"no_caste_unweighted",794,11745
0,"no_caste_unweighted",795,8641
0,"no_caste_unweighted",796,11200
0,"no_caste_unweighted",797,4857
0,"no_caste_unweighted",798,1510
0,"no_caste_unweighted",799,9980
0,"no_caste_unweighted",800,7787
0,"no_caste_unweighted",801,892
0,"no_caste_unweighted",802,8399
0,"no_caste_unweighted",803,13133
0,"no_caste_unweighted",804,5220
0,"no_caste_unweighted",805,4470
0,"no_caste_unweighted",806,7463
0,"no_caste_unweighted",807,9866
0,"no_caste_unweighted",808,2889
0,"no_caste_unweighted",809,13373
0,"no_caste_unweighted",810,5195
0,"no_caste_unweighted",811,3235
0,"no_caste_unweighted",812,10797
0,"no_caste_unweighted",813,5814
0,"no_caste_unweighted",814,1083
0,"no_caste_unweighted",815,3877
0,"no_caste_unweighted",816,12634
0,"no_caste_unweighted",817,9475
0,"no_caste_unweighted",818,5697
0,"no_caste_unweighted",819,9130
0,"no_caste_unweighted",820,10714
0,"no_caste_unweighted",821,11135
0,"no_caste_unweighted",822,8879
0,"no_caste_unweighted",823,13333
0,"no_caste_unweighted",824,14022
0,"no_caste_unweighted",825,11704
0,"no_caste_unweighted",826,8926
0,"no_caste_unweighted",827,7639
0,"no_caste_unweighted",828,7574
0,"no_caste_unweighted",829,9100
0,"no_caste_unweighted",830,7038
0,"no_caste_unweighted",831,4869
0,"no_caste_unweighted",832,13954
0,"no_caste_unweighted",833,4204
0,"no_caste_unweighted",834,901
0,"no_caste_unweighted",835,10367
0,"no_caste_unweighted",836,6666
0,"no_caste_unweighted",837,4581
0,"no_caste_unweighted",838,1924
0,"no_caste_unweighted",839,2007
0,"no_caste_unweighted",840,2591
0,"no_caste_unweighted",841,7301
0,"no_caste_unweighted",842,8435
0,"no_caste_unweighted",843,1311
0,"no_caste_unweighted",844,400
0,"no_caste_unweighted",845,3023
0,"no_caste_unweighted",846,4620
0,"no_caste_unweighted",847,2206
0,"no_caste_unweighted",848,5808
0,"no_caste_unweighted",849,2364
0,"no_caste_unweighted",850,3012
0,"no_caste_unweighted",851,4775
0,"no_caste_unweighted",852,11974
0,"no_caste_unweighted",853,12179
0,"no_caste_unweighted",854,1517
0,"no_caste_unweighted",855,12224
0,"no_caste_unweighted",856,8089
0,"no_caste_unweighted",857,9117
0,"no_caste_unweighted",858,12367
0,"no_caste_unweighted",859,5452
0,"no_caste_unweighted",860,7064
0,"no_caste_unweighted",861,6106
0,"no_caste_unweighted",862,2271
0,"no_caste_unweighted",863,3558
0,"no_caste_unweighted",864,3151
0,"no_caste_unweighted",865,3382
0,"no_caste_unweighted",866,11353
0,"no_caste_unweighted",867,9610
0,"no_caste_unweighted",868,7617
0,"no_caste_unweighted",869,12586
0,"no_caste_unweighted",870,14091
0,"no_caste_unweighted",871,401
0,"no_caste_unweighted",872,10358
0,"no_caste_unweighted",873,341
0,"no_caste_unweighted",874,75
0,"no_caste_unweighted",875,2047
0,"no_caste_unweighted",876,11627
0,"no_caste_unweighted",877,12416
0,"no_caste_unweighted",878,753
0,"no_caste_unweighted",879,11267
0,"no_caste_unweighted",880,7290
0,"no_caste_unweighted",881,6660
0,"no_caste_unweighted",882,11901
0,"no_caste_unweighted",883,2249
0,"no_caste_unweighted",884,10028
0,"no_caste_unweighted",885,7315
0,"no_caste_unweighted",886,3079
0,"no_caste_unweighted",887,4719
0,"no_caste_unweighted",888,13233
0,"no_caste_unweighted",889,10784
0,"no_caste_unweighted",890,3611
0,"no_caste_unweighted",891,10886
0,"no_caste_unweighted",892,11998
0,"no_caste_unweighted",893,11759
0,"no_caste_unweighted",894,7328
0,"no_caste_unweighted",895,6601
0,"no_caste_unweighted",896,7393
0,"no_caste_unweighted",897,1859
0,"no_caste_unweighted",898,9318
0,"no_caste_unweighted",899,2387
0,"no_caste_unweighted",900,4634
0,"no_caste_unweighted",901,1744
0,"no_caste_unweighted",902,8158
0,"no_caste_unweighted",903,1343
0,"no_caste_unweighted",904,5050
0,"no_caste_unweighted",905,13598
0,"no_caste_unweighted",906,7988
0,"no_caste_unweighted",907,3408
0,"no_caste_unweighted",908,383
0,"no_caste_unweighted",909,9883
0,"no_caste_unweighted",910,4188
0,"no_caste_unweighted",911,8286
0,"no_caste_unweighted",912,3374
0,"no_caste_unweighted",913,3160
0,"no_caste_unweighted",914,3198
0,"no_caste_unweighted",915,13862
0,"no_caste_unweighted",916,4693
0,"no_caste_unweighted",917,11990
0,"no_caste_unweighted",918,10742
0,"no_caste_unweighted",919,7566
0,"no_caste_unweighted",920,11525
0,"no_caste_unweighted",921,4197
0,"no_caste_unweighted",922,3325
0,"no_caste_unweighted",923,8536
0,"no_caste_unweighted",924,12652
0,"no_caste_unweighted",925,3576
0,"no_caste_unweighted",926,8256
0,"no_caste_unweighted",927,13958
0,"no_caste_unweighted",928,741
0,"no_caste_unweighted",929,11172
0,"no_caste_unweighted",930,7947
0,"no_caste_unweighted",931,5473
0,"no_caste_unweighted",932,4680
0,"no_caste_unweighted",933,4727
0,"no_caste_unweighted",934,12404
0,"no_caste_unweighted",935,10151
0,"no_caste_unweighted",936,3429
0,"no_caste_unweighted",937,2871
0,"no_caste_unweighted",938,2771
0,"no_caste_unweighted",939,7991
0,"no_caste_unweighted",940,1878
0,"no_caste_unweighted",941,9773
0,"no_caste_unweighted",942,7524
0,"no_caste_unweighted",943,7411
0,"no_caste_unweighted",944,2181
0,"no_caste_unweighted",945,4855
0,"no_caste_unweighted",946,5730
0,"no_caste_unweighted",947,4156
0,"no_caste_unweighted",948,8856
0,"no_caste_unweighted",949,7801
0,"no_caste_unweighted",950,516
0,"no_caste_unweighted",951,4222
0,"no_caste_unweighted",952,2556
0,"no_caste_unweighted",953,12502
0,"no_caste_unweighted",954,12166
0,"no_caste_unweighted",955,12439
0,"no_caste_unweighted",956,9291
0,"no_caste_unweighted",957,10978
0,"no_caste_unweighted",958,9740
0,"no_caste_unweighted",959,2399
0,"no_caste_unweighted",960,6874
0,"no_caste_unweighted",961,1835
0,"no_caste_unweighted",962,14049
0,"no_caste_unweighted",963,9348
0,"no_caste_unweighted",964,7338
0,"no_caste_unweighted",965,13255
0,"no_caste_unweighted",966,5919
0,"no_caste_unweighted",967,13605
0,"no_caste_unweighted",968,8420
0,"no_caste_unweighted",969,4938
0,"no_caste_unweighted",970,11515
0,"no_caste_unweighted",971,2149
0,"no_caste_unweighted",972,12516
0,"no_caste_unweighted",973,9217
0,"no_caste_unweighted",974,6018
0,"no_caste_unweighted",975,632
0,"no_caste_unweighted",976,7723
0,"no_caste_unweighted",977,7380
0,"no_caste_unweighted",978,6794
0,"no_caste_unweighted",979,5861
0,"no_caste_unweighted",980,4603
0,"no_caste_unweighted",981,8351
0,"no_caste_unweighted",982,95
0,"no_caste_unweighted",983,11597
0,"no_caste_unweighted",984,4293
0,"no_caste_unweighted",985,8786
0,"no_caste_unweighted",986,12223
0,"no_caste_unweighted",987,3327
0,"no_caste_unweighted",988,10465
0,"no_caste_unweighted",989,5644
0,"no_caste_unweighted",990,13344
0,"no_caste_unweighted",991,4801
0,"no_caste_unweighted",992,13592
0,"no_caste_unweighted",993,11594
0,"no_caste_unweighted",994,8975
0,"no_caste_unweighted",995,7831
0,"no_caste_unweighted",996,10789
0,"no_caste_unweighted",997,8919
0,"no_caste_unweighted",998,4964
0,"no_caste_unweighted",999,1889
0,"no_caste_unweighted",1000,9872
0,"no_caste_unweighted",1001,7690
0,"no_caste_unweighted",1002,5857
0,"no_caste_unweighted",1003,12802
0,"no_caste_unweighted",1004,7103
0,"no_caste_unweighted",1005,503
0,"no_caste_unweighted",1006,2604
0,"no_caste_unweighted",1007,6727
0,"no_caste_unweighted",1008,7958
0,"no_caste_unweighted",1009,3039
0,"no_caste_unweighted",1010,13908
0,"no_caste_unweighted",1011,7216
0,"no_caste_unweighted",1012,11880
0,"no_caste_unweighted",1013,6079
0,"no_caste_unweighted",1014,1297
0,"no_caste_unweighted",1015,1466
0,"no_caste_unweighted",1016,12897
0,"no_caste_unweighted",1017,2773
0,"no_caste_unweighted",1018,13960
0,"no_caste_unweighted",1019,2045
0,"no_caste_unweighted",1020,7188
0,"no_caste_unweighted",1021,5152
0,"no_caste_unweighted",1022,771
0,"no_caste_unweighted",1023,12795
0,"no_caste_unweighted",1024,4004
0,"no_caste_unweighted",1025,5339
0,"no_caste_unweighted",1026,9002
0,"no_caste_unweighted",1027,2823
0,"no_caste_unweighted",1028,14009
0,"no_caste_unweighted",1029,11763
0,"no_caste_unweighted",1030,701
0,"no_caste_unweighted",1031,1880
0,"no_caste_unweighted",1032,7318
0,"no_caste_unweighted",1033,4633
0,"no_caste_unweighted",1034,183
0,"no_caste_unweighted",1035,4997
0,"no_caste_unweighted",1036,11625
0,"no_caste_unweighted",1037,5485
0,"no_caste_unweighted",1038,7498
0,"no_caste_unweighted",1039,2495
0,"no_caste_unweighted",1040,11075
0,"no_caste_unweighted",1041,12000
0,"no_caste_unweighted",1042,4400
0,"no_caste_unweighted",1043,7573
0,"no_caste_unweighted",1044,8081
0,"no_caste_unweighted",1045,4193
0,"no_caste_unweighted",1046,978
0,"no_caste_unweighted",1047,7340
0,"no_caste_unweighted",1048,2963
0,"no_caste_unweighted",1049,10787
0,"no_caste_unweighted",1050,14012
0,"no_caste_unweighted",1051,13845
0,"no_caste_unweighted",1052,13718
0,"no_caste_unweighted",1053,1157
0,"no_caste_unweighted",1054,10449
0,"no_caste_unweighted",1055,7431
0,"no_caste_unweighted",1056,12437
0,"no_caste_unweighted",1057,7559
0,"no_caste_unweighted",1058,8577
0,"no_caste_unweighted",1059,12271
0,"no_caste_unweighted",1060,8983
0,"no_caste_unweighted",1061,13974
0,"no_caste_unweighted",1062,648
0,"no_caste_unweighted",1063,11072
0,"no_caste_unweighted",1064,13236
0,"no_caste_unweighted",1065,4734
0,"no_caste_unweighted",1066,8061
0,"no_caste_unweighted",1067,9192
0,"no_caste_unweighted",1068,3142
0,"no_caste_unweighted",1069,9618
0,"no_caste_unweighted",1070,9230
0,"no_caste_unweighted",1071,5096
0,"no_caste_unweighted",1072,654
0,"no_caste_unweighted",1073,4977
0,"no_caste_unweighted",1074,253
0,"no_caste_unweighted",1075,11851
0,"no_caste_unweighted",1076,10275
0,"no_caste_unweighted",1077,2641
0,"no_caste_unweighted",1078,11336
0,"no_caste_unweighted",1079,4874
0,"no_caste_unweighted",1080,7461
0,"no_caste_unweighted",1081,4250
0,"no_caste_unweighted",1082,1637
0,"no_caste_unweighted",1083,5703
0,"no_caste_unweighted",1084,6019
0,"no_caste_unweighted",1085,1151
0,"no_caste_unweighted",1086,9107
0,"no_caste_unweighted",1087,7465
0,"no_caste_unweighted",1088,10564
0,"no_caste_unweighted",1089,16
0,"no_caste_unweighted",1090,11664
0,"no_caste_unweighted",1091,10885
0,"no_caste_unweighted",1092,9498
0,"no_caste_unweighted",1093,3874
0,"no_caste_unweighted",1094,12846
0,"no_caste_unweighted",1095,9605
0,"no_caste_unweighted",1096,10329
0,"no_caste_unweighted",1097,3780
0,"no_caste_unweighted",1098,14137
0,"no_caste_unweighted",1099,1298
0,"no_caste_unweighted",1100,4982
0,"no_caste_unweighted",1101,12926
0,"no_caste_unweighted",1102,2396
0,"no_caste_unweighted",1103,1464
0,"no_caste_unweighted",1104,4921
0,"no_caste_unweighted",1105,10945
0,"no_caste_unweighted",1106,14143
0,"no_caste_unweighted",1107,286
0,"no_caste_unweighted",1108,6933
0,"no_caste_unweighted",1109,167
0,"no_caste_unweighted",1110,4241
0,"no_caste_unweighted",1111,3034
0,"no_caste_unweighted",1112,6706
0,"no_caste_unweighted",1113,9484
0,"no_caste_unweighted",1114,11755
0,"no_caste_unweighted",1115,8755
0,"no_caste_unweighted",1116,2478
0,"no_caste_unweighted",1117,7329
0,"no_caste_unweighted",1118,270
0,"no_caste_unweighted",1119,2639
0,"no_caste_unweighted",1120,478
0,"no_caste_unweighted",1121,11978
0,"no_caste_unweighted",1122,9597
0,"no_caste_unweighted",1123,8780
0,"no_caste_unweighted",1124,7783
0,"no_caste_unweighted",1125,2265
0,"no_caste_unweighted",1126,12694
0,"no_caste_unweighted",1127,7052
0,"no_caste_unweighted",1128,3790
0,"no_caste_unweighted",1129,5282
0,"no_caste_unweighted",1130,2380
0,"no_caste_unweighted",1131,10426
0,"no_caste_unweighted",1132,507
0,"no_caste_unweighted",1133,6182
0,"no_caste_unweighted",1134,7897
0,"no_caste_unweighted",1135,4099
0,"no_caste_unweighted",1136,11384
0,"no_caste_unweighted",1137,12220
0,"no_caste_unweighted",1138,9199
0,"no_caste_unweighted",1139,8434
0,"no_caste_unweighted",1140,14082
0,"no_caste_unweighted",1141,8160
0,"no_caste_unweighted",1142,8388
0,"no_caste_unweighted",1143,5226
0,"no_caste_unweighted",1144,1025
0,"no_caste_unweighted",1145,5938
0,"no_caste_unweighted",1146,6080
0,"no_caste_unweighted",1147,4274
0,"no_caste_unweighted",1148,11459
0,"no_caste_unweighted",1149,7884
0,"no_caste_unweighted",1150,9518
0,"no_caste_unweighted",1151,9654
0,"no_caste_unweighted",1152,6583
0,"no_caste_unweighted",1153,5682
0,"no_caste_unweighted",1154,1836
0,"no_caste_unweighted",1155,1107
0,"no_caste_unweighted",1156,11559
0,"no_caste_unweighted",1157,10207
0,"no_caste_unweighted",1158,12531
0,"no_caste_unweighted",1159,2744
0,"no_caste_unweighted",1160,8863
0,"no_caste_unweighted",1161,5915
0,"no_caste_unweighted",1162,10863
0,"no_caste_unweighted",1163,6280
0,"no_caste_unweighted",1164,10333
0,"no_caste_unweighted",1165,903
0,"no_caste_unweighted",1166,1863
0,"no_caste_unweighted",1167,2634
0,"no_caste_unweighted",1168,9677
0,"no_caste_unweighted",1169,13899
0,"no_caste_unweighted",1170,2
0,"no_caste_unweighted",1171,10927
0,"no_caste_unweighted",1172,4715
0,"no_caste_unweighted",1173,4085
0,"no_caste_unweighted",1174,9935
0,"no_caste_unweighted",1175,364
0,"no_caste_unweighted",1176,4511
0,"no_caste_unweighted",1177,3114
0,"no_caste_unweighted",1178,5683
0,"no_caste_unweighted",1179,2949
0,"no_caste_unweighted",1180,7726
0,"no_caste_unweighted",1181,11538
0,"no_caste_unweighted",1182,462
0,"no_caste_unweighted",1183,10581
0,"no_caste_unweighted",1184,174
0,"no_caste_unweighted",1185,2158
0,"no_caste_unweighted",1186,9649
0,"no_caste_unweighted",1187,3521
0,"no_caste_unweighted",1188,7194
0,"no_caste_unweighted",1189,13613
0,"no_caste_unweighted",1190,10692
0,"no_caste_unweighted",1191,6214
0,"no_caste_unweighted",1192,6819
0,"no_caste_unweighted",1193,13607
0,"no_caste_unweighted",1194,5102
0,"no_caste_unweighted",1195,9347
0,"no_caste_unweighted",1196,6468
0,"no_caste_unweighted",1197,10469
0,"no_caste_unweighted",1198,8768
0,"no_caste_unweighted",1199,10448
0,"no_caste_unweighted",1200,1434
0,"no_caste_unweighted",1201,10387
0,"no_caste_unweighted",1202,6108
0,"no_caste_unweighted",1203,4862
0,"no_caste_unweighted",1204,1314
0,"no_caste_unweighted",1205,3419
0,"no_caste_unweighted",1206,7
0,"no_caste_unweighted",1207,7777
0,"no_caste_unweighted",1208,9554
0,"no_caste_unweighted",1209,3098
0,"no_caste_unweighted",1210,6129
0,"no_caste_unweighted",1211,7084
0,"no_caste_unweighted",1212,5355
0,"no_caste_unweighted",1213,9869
0,"no_caste_unweighted",1214,2992
0,"no_caste_unweighted",1215,13430
0,"no_caste_unweighted",1216,8933
0,"no_caste_unweighted",1217,12728
0,"no_caste_unweighted",1218,1758
0,"no_caste_unweighted",1219,140
0,"no_caste_unweighted",1220,9122
0,"no_caste_unweighted",1221,685
0,"no_caste_unweighted",1222,13832
0,"no_caste_unweighted",1223,12170
0,"no_caste_unweighted",1224,1866
0,"no_caste_unweighted",1225,3234
0,"no_caste_unweighted",1226,11897
0,"no_caste_unweighted",1227,12045
0,"no_caste_unweighted",1228,11621
0,"no_caste_unweighted",1229,1895
0,"no_caste_unweighted",1230,6288
0,"no_caste_unweighted",1231,4978
0,"no_caste_unweighted",1232,13279
0,"no_caste_unweighted",1233,7185
0,"no_caste_unweighted",1234,4805
0,"no_caste_unweighted",1235,11934
0,"no_caste_unweighted",1236,6804
0,"no_caste_unweighted",1237,2236
0,"no_caste_unweighted",1238,4993
0,"no_caste_unweighted",1239,5456
0,"no_caste_unweighted",1240,10738
0,"no_caste_unweighted",1241,11667
0,"no_caste_unweighted",1242,3348
0,"no_caste_unweighted",1243,9239
0,"no_caste_unweighted",1244,91
0,"no_caste_unweighted",1245,77
0,"no_caste_unweighted",1246,1576
0,"no_caste_unweighted",1247,1858
0,"no_caste_unweighted",1248,3713
0,"no_caste_unweighted",1249,2941
0,"no_caste_unweighted",1250,7412
0,"no_caste_unweighted",1251,9780
0,"no_caste_unweighted",1252,8661
0,"no_caste_unweighted",1253,1928
0,"no_caste_unweighted",1254,2338
0,"no_caste_unweighted",1255,3329
0,"no_caste_unweighted",1256,5685
0,"no_caste_unweighted",1257,4863
0,"no_caste_unweighted",1258,11499
0,"no_caste_unweighted",1259,10250
0,"no_caste_unweighted",1260,7962
0,"no_caste_unweighted",1261,10599
0,"no_caste_unweighted",1262,3870
0,"no_caste_unweighted",1263,8789
0,"no_caste_unweighted",1264,10264
0,"no_caste_unweighted",1265,1244
0,"no_caste_unweighted",1266,7953
0,"no_caste_unweighted",1267,10857
0,"no_caste_unweighted",1268,5174
0,"no_caste_unweighted",1269,3850
0,"no_caste_unweighted",1270,4354
0,"no_caste_unweighted",1271,9490
0,"no_caste_unweighted",1272,925
0,"no_caste_unweighted",1273,10676
0,"no_caste_unweighted",1274,390
0,"no_caste_unweighted",1275,9384
0,"no_caste_unweighted",1276,3358
0,"no_caste_unweighted",1277,12565
0,"no_caste_unweighted",1278,232
0,"no_caste_unweighted",1279,7490
0,"no_caste_unweighted",1280,2106
0,"no_caste_unweighted",1281,1828
0,"no_caste_unweighted",1282,14109
0,"no_caste_unweighted",1283,6273
0,"no_caste_unweighted",1284,6196
0,"no_caste_unweighted",1285,2887
0,"no_caste_unweighted",1286,9023
0,"no_caste_unweighted",1287,13975
0,"no_caste_unweighted",1288,6798
0,"no_caste_unweighted",1289,12955
0,"no_caste_unweighted",1290,581
0,"no_caste_unweighted",1291,10075
0,"no_caste_unweighted",1292,9058
0,"no_caste_unweighted",1293,3980
0,"no_caste_unweighted",1294,5512
0,"no_caste_unweighted",1295,5868
0,"no_caste_unweighted",1296,1136
0,"no_caste_unweighted",1297,3104
0,"no_caste_unweighted",1298,9977
0,"no_caste_unweighted",1299,2313
0,"no_caste_unweighted",1300,10854
0,"no_caste_unweighted",1301,8159
0,"no_caste_unweighted",1302,14132
0,"no_caste_unweighted",1303,6461
0,"no_caste_unweighted",1304,4873
0,"no_caste_unweighted",1305,8759
0,"no_caste_unweighted",1306,1323
0,"no_caste_unweighted",1307,11133
0,"no_caste_unweighted",1308,12804
0,"no_caste_unweighted",1309,12699
0,"no_caste_unweighted",1310,12178
0,"no_caste_unweighted",1311,10681
0,"no_caste_unweighted",1312,10212
0,"no_caste_unweighted",1313,3609
0,"no_caste_unweighted",1314,11006
0,"no_caste_unweighted",1315,4992
0,"no_caste_unweighted",1316,7852
0,"no_caste_unweighted",1317,3946
0,"no_caste_unweighted",1318,931
0,"no_caste_unweighted",1319,279
0,"no_caste_unweighted",1320,11541
0,"no_caste_unweighted",1321,4044
0,"no_caste_unweighted",1322,6144
0,"no_caste_unweighted",1323,7435
0,"no_caste_unweighted",1324,2701
0,"no_caste_unweighted",1325,11483
0,"no_caste_unweighted",1326,6307
0,"no_caste_unweighted",1327,10536
0,"no_caste_unweighted",1328,10413
0,"no_caste_unweighted",1329,10530
0,"no_caste_unweighted",1330,5668
0,"no_caste_unweighted",1331,12780
0,"no_caste_unweighted",1332,6621
0,"no_caste_unweighted",1333,109
0,"no_caste_unweighted",1334,3333
0,"no_caste_unweighted",1335,10361
0,"no_caste_unweighted",1336,6562
0,"no_caste_unweighted",1337,2430
0,"no_caste_unweighted",1338,3895
0,"no_caste_unweighted",1339,1717
0,"no_caste_unweighted",1340,6569
0,"no_caste_unweighted",1341,9261
0,"no_caste_unweighted",1342,11655
0,"no_caste_unweighted",1343,13778
0,"no_caste_unweighted",1344,1257
0,"no_caste_unweighted",1345,10745
0,"no_caste_unweighted",1346,11872
0,"no_caste_unweighted",1347,7992
0,"no_caste_unweighted",1348,6944
0,"no_caste_unweighted",1349,10959
0,"no_caste_unweighted",1350,9784
0,"no_caste_unweighted",1351,5372
0,"no_caste_unweighted",1352,6195
0,"no_caste_unweighted",1353,5116
0,"no_caste_unweighted",1354,5936
0,"no_caste_unweighted",1355,1888
0,"no_caste_unweighted",1356,11153
0,"no_caste_unweighted",1357,904
0,"no_caste_unweighted",1358,9029
0,"no_caste_unweighted",1359,3999
0,"no_caste_unweighted",1360,4906
0,"no_caste_unweighted",1361,9084
0,"no_caste_unweighted",1362,7730
0,"no_caste_unweighted",1363,3760
0,"no_caste_unweighted",1364,14083
0,"no_caste_unweighted",1365,1559
0,"no_caste_unweighted",1366,6432
0,"no_caste_unweighted",1367,13773
0,"no_caste_unweighted",1368,10238
0,"no_caste_unweighted",1369,4576
0,"no_caste_unweighted",1370,12890
0,"no_caste_unweighted",1371,3324
0,"no_caste_unweighted",1372,1156
0,"no_caste_unweighted",1373,12256
0,"no_caste_unweighted",1374,10416
0,"no_caste_unweighted",1375,12087
0,"no_caste_unweighted",1376,11769
0,"no_caste_unweighted",1377,10950
0,"no_caste_unweighted",1378,1755
0,"no_caste_unweighted",1379,2307
0,"no_caste_unweighted",1380,2802
0,"no_caste_unweighted",1381,4568
0,"no_caste_unweighted",1382,7471
0,"no_caste_unweighted",1383,10298
0,"no_caste_unweighted",1384,4240
0,"no_caste_unweighted",1385,11572
0,"no_caste_unweighted",1386,757
0,"no_caste_unweighted",1387,4983
0,"no_caste_unweighted",1388,3595
0,"no_caste_unweighted",1389,842
0,"no_caste_unweighted",1390,8805
0,"no_caste_unweighted",1391,5041
0,"no_caste_unweighted",1392,14092
0,"no_caste_unweighted",1393,8188
0,"no_caste_unweighted",1394,6327
0,"no_caste_unweighted",1395,7900
0,"no_caste_unweighted",1396,7426
0,"no_caste_unweighted",1397,12143
0,"no_caste_unweighted",1398,7410
0,"no_caste_unweighted",1399,1911
0,"no_caste_unweighted",1400,6394
0,"no_caste_unweighted",1401,5952
0,"no_caste_unweighted",1402,12465
0,"no_caste_unweighted",1403,2073
0,"no_caste_unweighted",1404,12888
0,"no_caste_unweighted",1405,4834
0,"no_caste_unweighted",1406,2662
0,"no_caste_unweighted",1407,9679
0,"no_caste_unweighted",1408,3417
0,"no_caste_unweighted",1409,2135
0,"no_caste_unweighted",1410,3718
0,"no_caste_unweighted",1411,5639
0,"no_caste_unweighted",1412,2107
0,"no_caste_unweighted",1413,4675
0,"no_caste_unweighted",1414,5057
0,"no_caste_unweighted",1415,5319
0,"no_caste_unweighted",1416,11543
0,"no_caste_unweighted",1417,11073
0,"no_caste_unweighted",1418,10339
0,"no_caste_unweighted",1419,7244
0,"no_caste_unweighted",1420,12591
0,"no_caste_unweighted",1421,3106
0,"no_caste_unweighted",1422,12234
0,"no_caste_unweighted",1423,5897
0,"no_caste_unweighted",1424,3297
0,"no_caste_unweighted",1425,2455
0,"no_caste_unweighted",1426,12232
0,"no_caste_unweighted",1427,10985
0,"no_caste_unweighted",1428,9047
0,"no_caste_unweighted",1429,13024
0,"no_caste_unweighted",1430,9924
0,"no_caste_unweighted",1431,8708
0,"no_caste_unweighted",1432,597
0,"no_caste_unweighted",1433,6298
0,"no_caste_unweighted",1434,6482
0,"no_caste_unweighted",1435,9279
0,"no_caste_unweighted",1436,11691
0,"no_caste_unweighted",1437,1500
0,"no_caste_unweighted",1438,1914
0,"no_caste_unweighted",1439,12879
0,"no_caste_unweighted",1440,10783
0,"no_caste_unweighted",1441,2678
0,"no_caste_unweighted",1442,2995
0,"no_caste_unweighted",1443,10366
0,"no_caste_unweighted",1444,1102
0,"no_caste_unweighted",1445,7415
0,"no_caste_unweighted",1446,11011
0,"no_caste_unweighted",1447,7020
0,"no_caste_unweighted",1448,9672
0,"no_caste_unweighted",1449,6355
0,"no_caste_unweighted",1450,10405
0,"no_caste_unweighted",1451,13798
0,"no_caste_unweighted",1452,8073
0,"no_caste_unweighted",1453,3332
0,"no_caste_unweighted",1454,3839
0,"no_caste_unweighted",1455,13755
0,"no_caste_unweighted",1456,11815
0,"no_caste_unweighted",1457,5487
0,"no_caste_unweighted",1458,4536
0,"no_caste_unweighted",1459,4198
0,"no_caste_unweighted",1460,1613
0,"no_caste_unweighted",1461,4272
0,"no_caste_unweighted",1462,10477
0,"no_caste_unweighted",1463,8066
0,"no_caste_unweighted",1464,9684
0,"no_caste_unweighted",1465,12893
0,"no_caste_unweighted",1466,987
0,"no_caste_unweighted",1467,3440
0,"no_caste_unweighted",1468,3410
0,"no_caste_unweighted",1469,11266
0,"no_caste_unweighted",1470,12588
0,"no_caste_unweighted",1471,850
0,"no_caste_unweighted",1472,2738
0,"no_caste_unweighted",1473,9271
0,"no_caste_unweighted",1474,8156
0,"no_caste_unweighted",1475,3031
0,"no_caste_unweighted",1476,8525
0,"no_caste_unweighted",1477,13723
0,"no_caste_unweighted",1478,1227
0,"no_caste_unweighted",1479,5738
0,"no_caste_unweighted",1480,3523
0,"no_caste_unweighted",1481,8795
0,"no_caste_unweighted",1482,7345
0,"no_caste_unweighted",1483,10458
0,"no_caste_unweighted",1484,8027
0,"no_caste_unweighted",1485,1675
0,"no_caste_unweighted",1486,7951
0,"no_caste_unweighted",1487,7776
0,"no_caste_unweighted",1488,7089
0,"no_caste_unweighted",1489,5931
0,"no_caste_unweighted",1490,9561
0,"no_caste_unweighted",1491,6551
0,"no_caste_unweighted",1492,4591
0,"no_caste_unweighted",1493,2527
0,"no_caste_unweighted",1494,10139
0,"no_caste_unweighted",1495,11889
0,"no_caste_unweighted",1496,9744
0,"no_caste_unweighted",1497,7562
0,"no_caste_unweighted",1498,7833
0,"no_caste_unweighted",1499,5193
0,"no_caste_unweighted",1500,3884
0,"no_caste_unweighted",1501,668
0,"no_caste_unweighted",1502,8405
0,"no_caste_unweighted",1503,5042
0,"no_caste_unweighted",1504,6462
0,"no_caste_unweighted",1505,10611
0,"no_caste_unweighted",1506,1043
0,"no_caste_unweighted",1507,3848
0,"no_caste_unweighted",1508,408
0,"no_caste_unweighted",1509,3123
0,"no_caste_unweighted",1510,10782
0,"no_caste_unweighted",1511,10293
0,"no_caste_unweighted",1512,2209
0,"no_caste_unweighted",1513,11002
0,"no_caste_unweighted",1514,8313
0,"no_caste_unweighted",1515,11109
0,"no_caste_unweighted",1516,8461
0,"no_caste_unweighted",1517,9728
0,"no_caste_unweighted",1518,12453
0,"no_caste_unweighted",1519,10291
0,"no_caste_unweighted",1520,6724
0,"no_caste_unweighted",1521,512
0,"no_caste_unweighted",1522,9747
0,"no_caste_unweighted",1523,2044
0,"no_caste_unweighted",1524,9717
0,"no_caste_unweighted",1525,5502
0,"no_caste_unweighted",1526,7017
0,"no_caste_unweighted",1527,6026
0,"no_caste_unweighted",1528,3215
0,"no_caste_unweighted",1529,631
0,"no_caste_unweighted",1530,12327
0,"no_caste_unweighted",1531,8955
0,"no_caste_unweighted",1532,13758
0,"no_caste_unweighted",1533,2237
0,"no_caste_unweighted",1534,5292
0,"no_caste_unweighted",1535,11546
0,"no_caste_unweighted",1536,6254
0,"no_caste_unweighted",1537,12906
0,"no_caste_unweighted",1538,1294
0,"no_caste_unweighted",1539,8101
0,"no_caste_unweighted",1540,5312
0,"no_caste_unweighted",1541,10467
0,"no_caste_unweighted",1542,883
0,"no_caste_unweighted",1543,6267
0,"no_caste_unweighted",1544,11766
0,"no_caste_unweighted",1545,2081
0,"no_caste_unweighted",1546,9612
0,"no_caste_unweighted",1547,13932
0,"no_caste_unweighted",1548,11314
0,"no_caste_unweighted",1549,10698
0,"no_caste_unweighted",1550,2189
0,"no_caste_unweighted",1551,3769
0,"no_caste_unweighted",1552,5327
0,"no_caste_unweighted",1553,6399
0,"no_caste_unweighted",1554,13285
0,"no_caste_unweighted",1555,13566
0,"no_caste_unweighted",1556,4416
0,"no_caste_unweighted",1557,705
0,"no_caste_unweighted",1558,1340
0,"no_caste_unweighted",1559,4854
0,"no_caste_unweighted",1560,10411
0,"no_caste_unweighted",1561,644
0,"no_caste_unweighted",1562,7945
0,"no_caste_unweighted",1563,6747
0,"no_caste_unweighted",1564,9464
0,"no_caste_unweighted",1565,625
0,"no_caste_unweighted",1566,11197
0,"no_caste_unweighted",1567,6856
0,"no_caste_unweighted",1568,7611
0,"no_caste_unweighted",1569,832
0,"no_caste_unweighted",1570,2544
0,"no_caste_unweighted",1571,11511
0,"no_caste_unweighted",1572,11660
0,"no_caste_unweighted",1573,13076
0,"no_caste_unweighted",1574,10963
0,"no_caste_unweighted",1575,779
0,"no_caste_unweighted",1576,146
0,"no_caste_unweighted",1577,3887
0,"no_caste_unweighted",1578,5436
0,"no_caste_unweighted",1579,10635
0,"no_caste_unweighted",1580,1484
0,"no_caste_unweighted",1581,2567
0,"no_caste_unweighted",1582,7979
0,"no_caste_unweighted",1583,6640
0,"no_caste_unweighted",1584,5070
0,"no_caste_unweighted",1585,2377
0,"no_caste_unweighted",1586,7692
0,"no_caste_unweighted",1587,2294
0,"no_caste_unweighted",1588,12070
0,"no_caste_unweighted",1589,2538
0,"no_caste_unweighted",1590,1215
0,"no_caste_unweighted",1591,4709
0,"no_caste_unweighted",1592,1486
0,"no_caste_unweighted",1593,861
0,"no_caste_unweighted",1594,3674
0,"no_caste_unweighted",1595,10450
0,"no_caste_unweighted",1596,10893
0,"no_caste_unweighted",1597,6550
0,"no_caste_unweighted",1598,4455
0,"no_caste_unweighted",1599,11661
0,"no_caste_unweighted",1600,12016
0,"no_caste_unweighted",1601,7406
0,"no_caste_unweighted",1602,3298
0,"no_caste_unweighted",1603,6360
0,"no_caste_unweighted",1604,11671
0,"no_caste_unweighted",1605,12284
0,"no_caste_unweighted",1606,9667
0,"no_caste_unweighted",1607,806
0,"no_caste_unweighted",1608,5360
0,"no_caste_unweighted",1609,9371
0,"no_caste_unweighted",1610,1354
0,"no_caste_unweighted",1611,5779
0,"no_caste_unweighted",1612,3545
0,"no_caste_unweighted",1613,3701
0,"no_caste_unweighted",1614,4190
0,"no_caste_unweighted",1615,5321
0,"no_caste_unweighted",1616,3339
0,"no_caste_unweighted",1617,3795
0,"no_caste_unweighted",1618,1463
0,"no_caste_unweighted",1619,2016
0,"no_caste_unweighted",1620,1357
0,"no_caste_unweighted",1621,10456
0,"no_caste_unweighted",1622,6225
0,"no_caste_unweighted",1623,994
0,"no_caste_unweighted",1624,14152
0,"no_caste_unweighted",1625,11591
0,"no_caste_unweighted",1626,3639
0,"no_caste_unweighted",1627,1706
0,"no_caste_unweighted",1628,2064
0,"no_caste_unweighted",1629,3520
0,"no_caste_unweighted",1630,13715
0,"no_caste_unweighted",1631,103
0,"no_caste_unweighted",1632,2449
0,"no_caste_unweighted",1633,2987
0,"no_caste_unweighted",1634,3907
0,"no_caste_unweighted",1635,1536
0,"no_caste_unweighted",1636,11645
0,"no_caste_unweighted",1637,11247
0,"no_caste_unweighted",1638,5099
0,"no_caste_unweighted",1639,7181
0,"no_caste_unweighted",1640,3166
0,"no_caste_unweighted",1641,2633
0,"no_caste_unweighted",1642,12160
0,"no_caste_unweighted",1643,10989
0,"no_caste_unweighted",1644,1184
0,"no_caste_unweighted",1645,7191
0,"no_caste_unweighted",1646,1556
0,"no_caste_unweighted",1647,1348
0,"no_caste_unweighted",1648,10258
0,"no_caste_unweighted",1649,6803
0,"no_caste_unweighted",1650,917
0,"no_caste_unweighted",1651,5727
0,"no_caste_unweighted",1652,11520
0,"no_caste_unweighted",1653,2162
0,"no_caste_unweighted",1654,12145
0,"no_caste_unweighted",1655,11025
0,"no_caste_unweighted",1656,3230
0,"no_caste_unweighted",1657,10964
0,"no_caste_unweighted",1658,7722
0,"no_caste_unweighted",1659,8315
0,"no_caste_unweighted",1660,4095
0,"no_caste_unweighted",1661,5091
0,"no_caste_unweighted",1662,7750
0,"no_caste_unweighted",1663,10060
0,"no_caste_unweighted",1664,5946
0,"no_caste_unweighted",1665,803
0,"no_caste_unweighted",1666,9262
0,"no_caste_unweighted",1667,11082
0,"no_caste_unweighted",1668,1610
0,"no_caste_unweighted",1669,11598
0,"no_caste_unweighted",1670,2215
0,"no_caste_unweighted",1671,1659
0,"no_caste_unweighted",1672,9269
0,"no_caste_unweighted",1673,11665
0,"no_caste_unweighted",1674,2213
0,"no_caste_unweighted",1675,7053
0,"no_caste_unweighted",1676,4360
0,"no_caste_unweighted",1677,7868
0,"no_caste_unweighted",1678,13761
0,"no_caste_unweighted",1679,6587
0,"no_caste_unweighted",1680,1820
0,"no_caste_unweighted",1681,9743
0,"no_caste_unweighted",1682,9834
0,"no_caste_unweighted",1683,1377
0,"no_caste_unweighted",1684,6262
0,"no_caste_unweighted",1685,5256
0,"no_caste_unweighted",1686,12712
0,"no_caste_unweighted",1687,5642
0,"no_caste_unweighted",1688,5315
0,"no_caste_unweighted",1689,6264
0,"no_caste_unweighted",1690,1037
0,"no_caste_unweighted",1691,11808
0,"no_caste_unweighted",1692,12469
0,"no_caste_unweighted",1693,2510
0,"no_caste_unweighted",1694,1460
0,"no_caste_unweighted",1695,7616
0,"no_caste_unweighted",1696,2284
0,"no_caste_unweighted",1697,2251
0,"no_caste_unweighted",1698,12646
0,"no_caste_unweighted",1699,1693
0,"no_caste_unweighted",1700,5557
0,"no_caste_unweighted",1701,6286
0,"no_caste_unweighted",1702,7888
0,"no_caste_unweighted",1703,10497
0,"no_caste_unweighted",1704,11991
0,"no_caste_unweighted",1705,5141
0,"no_caste_unweighted",1706,2985
0,"no_caste_unweighted",1707,8568
0,"no_caste_unweighted",1708,10062
0,"no_caste_unweighted",1709,12384
0,"no_caste_unweighted",1710,5889
0,"no_caste_unweighted",1711,8952
0,"no_caste_unweighted",1712,749
0,"no_caste_unweighted",1713,11227
0,"no_caste_unweighted",1714,8662
0,"no_caste_unweighted",1715,10385
0,"no_caste_unweighted",1716,9984
0,"no_caste_unweighted",1717,3119
0,"no_caste_unweighted",1718,5060
0,"no_caste_unweighted",1719,13875
0,"no_caste_unweighted",1720,11366
0,"no_caste_unweighted",1721,8867
0,"no_caste_unweighted",1722,106
0,"no_caste_unweighted",1723,11060
0,"no_caste_unweighted",1724,7452
0,"no_caste_unweighted",1725,11805
0,"no_caste_unweighted",1726,5331
0,"no_caste_unweighted",1727,5813
0,"no_caste_unweighted",1728,9205
0,"no_caste_unweighted",1729,11692
0,"no_caste_unweighted",1730,1833
0,"no_caste_unweighted",1731,14050
0,"no_caste_unweighted",1732,1853
0,"no_caste_unweighted",1733,346
0,"no_caste_unweighted",1734,13419
0,"no_caste_unweighted",1735,8851
0,"no_caste_unweighted",1736,3732
0,"no_caste_unweighted",1737,8030
0,"no_caste_unweighted",1738,8015
0,"no_caste_unweighted",1739,9194
0,"no_caste_unweighted",1740,13911
0,"no_caste_unweighted",1741,3373
0,"no_caste_unweighted",1742,1575
0,"no_caste_unweighted",1743,9738
0,"no_caste_unweighted",1744,6275
0,"no_caste_unweighted",1745,9204
0,"no_caste_unweighted",1746,3003
0,"no_caste_unweighted",1747,3568
0,"no_caste_unweighted",1748,11975
0,"no_caste_unweighted",1749,6255
0,"no_caste_unweighted",1750,3262
0,"no_caste_unweighted",1751,2747
0,"no_caste_unweighted",1752,9857
0,"no_caste_unweighted",1753,4488
0,"no_caste_unweighted",1754,55
0,"no_caste_unweighted",1755,833
0,"no_caste_unweighted",1756,2160
0,"no_caste_unweighted",1757,7830
0,"no_caste_unweighted",1758,5007
0,"no_caste_unweighted",1759,9931
0,"no_caste_unweighted",1760,12889
0,"no_caste_unweighted",1761,12702
0,"no_caste_unweighted",1762,8122
0,"no_caste_unweighted",1763,7196
0,"no_caste_unweighted",1764,2281
0,"no_caste_unweighted",1765,6224
0,"no_caste_unweighted",1766,10372
0,"no_caste_unweighted",1767,7059
0,"no_caste_unweighted",1768,9509
0,"no_caste_unweighted",1769,4826
0,"no_caste_unweighted",1770,5985
0,"no_caste_unweighted",1771,12581
0,"no_caste_unweighted",1772,5636
0,"no_caste_unweighted",1773,1032
0,"no_caste_unweighted",1774,12610
0,"no_caste_unweighted",1775,965
0,"no_caste_unweighted",1776,11156
0,"no_caste_unweighted",1777,4712
0,"no_caste_unweighted",1778,3470
0,"no_caste_unweighted",1779,1754
0,"no_caste_unweighted",1780,4203
0,"no_caste_unweighted",1781,11785
0,"no_caste_unweighted",1782,9417
0,"no_caste_unweighted",1783,8533
0,"no_caste_unweighted",1784,3962
0,"no_caste_unweighted",1785,7571
0,"no_caste_unweighted",1786,1546
0,"no_caste_unweighted",1787,8857
0,"no_caste_unweighted",1788,853
0,"no_caste_unweighted",1789,1414
0,"no_caste_unweighted",1790,8352
0,"no_caste_unweighted",1791,8118
0,"no_caste_unweighted",1792,7916
0,"no_caste_unweighted",1793,11929
0,"no_caste_unweighted",1794,6237
0,"no_caste_unweighted",1795,3164
0,"no_caste_unweighted",1796,791
0,"no_caste_unweighted",1797,2136
0,"no_caste_unweighted",1798,10509
0,"no_caste_unweighted",1799,8850
0,"no_caste_unweighted",1800,5651
0,"no_caste_unweighted",1801,12870
0,"no_caste_unweighted",1802,2407
0,"no_caste_unweighted",1803,3100
0,"no_caste_unweighted",1804,12162
0,"no_caste_unweighted",1805,3741
0,"no_caste_unweighted",1806,3220
0,"no_caste_unweighted",1807,7847
0,"no_caste_unweighted",1808,1622
0,"no_caste_unweighted",1809,12216
0,"no_caste_unweighted",1810,9868
0,"no_caste_unweighted",1811,9389
0,"no_caste_unweighted",1812,8129
0,"no_caste_unweighted",1813,8922
0,"no_caste_unweighted",1814,14119
0,"no_caste_unweighted",1815,7856
0,"no_caste_unweighted",1816,4206
0,"no_caste_unweighted",1817,10593
0,"no_caste_unweighted",1818,7825
0,"no_caste_unweighted",1819,6806
0,"no_caste_unweighted",1820,4764
0,"no_caste_unweighted",1821,3800
0,"no_caste_unweighted",1822,7626
0,"no_caste_unweighted",1823,12583
0,"no_caste_unweighted",1824,2612
0,"no_caste_unweighted",1825,3841
0,"no_caste_unweighted",1826,7358
0,"no_caste_unweighted",1827,5162
0,"no_caste_unweighted",1828,5051
0,"no_caste_unweighted",1829,5264
0,"no_caste_unweighted",1830,7429
0,"no_caste_unweighted",1831,5268
0,"no_caste_unweighted",1832,7708
0,"no_caste_unweighted",1833,3542
0,"no_caste_unweighted",1834,1059
0,"no_caste_unweighted",1835,8897
0,"no_caste_unweighted",1836,1945
0,"no_caste_unweighted",1837,13014
0,"no_caste_unweighted",1838,12205
0,"no_caste_unweighted",1839,3439
0,"no_caste_unweighted",1840,12628
0,"no_caste_unweighted",1841,1719
0,"no_caste_unweighted",1842,6787
0,"no_caste_unweighted",1843,3407
0,"no_caste_unweighted",1844,6208
0,"no_caste_unweighted",1845,7575
0,"no_caste_unweighted",1846,6140
0,"no_caste_unweighted",1847,6090
0,"no_caste_unweighted",1848,11775
0,"no_caste_unweighted",1849,10445
0,"no_caste_unweighted",1850,3229
0,"no_caste_unweighted",1851,2788
0,"no_caste_unweighted",1852,11291
0,"no_caste_unweighted",1853,5371
0,"no_caste_unweighted",1854,3593
0,"no_caste_unweighted",1855,1457
0,"no_caste_unweighted",1856,10931
0,"no_caste_unweighted",1857,3085
0,"no_caste_unweighted",1858,13589
0,"no_caste_unweighted",1859,7098
0,"no_caste_unweighted",1860,10535
0,"no_caste_unweighted",1861,636
0,"no_caste_unweighted",1862,202
0,"no_caste_unweighted",1863,9557
0,"no_caste_unweighted",1864,2707
0,"no_caste_unweighted",1865,11637
0,"no_caste_unweighted",1866,6992
0,"no_caste_unweighted",1867,2990
0,"no_caste_unweighted",1868,11162
0,"no_caste_unweighted",1869,6883
0,"no_caste_unweighted",1870,11446
0,"no_caste_unweighted",1871,11094
0,"no_caste_unweighted",1872,12787
0,"no_caste_unweighted",1873,10645
0,"no_caste_unweighted",1874,14068
0,"no_caste_unweighted",1875,14151
0,"no_caste_unweighted",1876,10402
0,"no_caste_unweighted",1877,10170
0,"no_caste_unweighted",1878,6881
0,"no_caste_unweighted",1879,6541
0,"no_caste_unweighted",1880,10410
0,"no_caste_unweighted",1881,12735
0,"no_caste_unweighted",1882,12605
0,"no_caste_unweighted",1883,13505
0,"no_caste_unweighted",1884,1851
0,"no_caste_unweighted",1885,10064
0,"no_caste_unweighted",1886,1850
0,"no_caste_unweighted",1887,4145
0,"no_caste_unweighted",1888,1351
0,"no_caste_unweighted",1889,5453
0,"no_caste_unweighted",1890,12538
0,"no_caste_unweighted",1891,9587
0,"no_caste_unweighted",1892,9307
0,"no_caste_unweighted",1893,6146
0,"no_caste_unweighted",1894,4009
0,"no_caste_unweighted",1895,11935
0,"no_caste_unweighted",1896,3299
0,"no_caste_unweighted",1897,7984
0,"no_caste_unweighted",1898,5546
0,"no_caste_unweighted",1899,14096
0,"no_caste_unweighted",1900,12632
0,"no_caste_unweighted",1901,13547
0,"no_caste_unweighted",1902,6116
0,"no_caste_unweighted",1903,11874
0,"no_caste_unweighted",1904,5584
0,"no_caste_unweighted",1905,12798
0,"no_caste_unweighted",1906,2177
0,"no_caste_unweighted",1907,10990
0,"no_caste_unweighted",1908,10128
0,"no_caste_unweighted",1909,10884
0,"no_caste_unweighted",1910,2444
0,"no_caste_unweighted",1911,3338
0,"no_caste_unweighted",1912,4513
0,"no_caste_unweighted",1913,2911
0,"no_caste_unweighted",1914,4685
0,"no_caste_unweighted",1915,1760
0,"no_caste_unweighted",1916,5357
0,"no_caste_unweighted",1917,12750
0,"no_caste_unweighted",1918,3505
0,"no_caste_unweighted",1919,2672
0,"no_caste_unweighted",1920,755
0,"no_caste_unweighted",1921,9463
0,"no_caste_unweighted",1922,11393
0,"no_caste_unweighted",1923,2363
0,"no_caste_unweighted",1924,3087
0,"no_caste_unweighted",1925,10790
0,"no_caste_unweighted",1926,10159
0,"no_caste_unweighted",1927,9154
0,"no_caste_unweighted",1928,820
0,"no_caste_unweighted",1929,9014
0,"no_caste_unweighted",1930,11718
0,"no_caste_unweighted",1931,536
0,"no_caste_unweighted",1932,6299
0,"no_caste_unweighted",1933,10995
0,"no_caste_unweighted",1934,6802
0,"no_caste_unweighted",1935,11468
0,"no_caste_unweighted",1936,8124
0,"no_caste_unweighted",1937,7908
0,"no_caste_unweighted",1938,7414
0,"no_caste_unweighted",1939,14033
0,"no_caste_unweighted",1940,4189
0,"no_caste_unweighted",1941,6314
0,"no_caste_unweighted",1942,9287
0,"no_caste_unweighted",1943,3289
0,"no_caste_unweighted",1944,517
0,"no_caste_unweighted",1945,960
0,"no_caste_unweighted",1946,12226
0,"no_caste_unweighted",1947,7727
0,"no_caste_unweighted",1948,13831
0,"no_caste_unweighted",1949,13357
0,"no_caste_unweighted",1950,10709
0,"no_caste_unweighted",1951,11699
0,"no_caste_unweighted",1952,940
0,"no_caste_unweighted",1953,14
0,"no_caste_unweighted",1954,11596
0,"no_caste_unweighted",1955,841
0,"no_caste_unweighted",1956,10145
0,"no_caste_unweighted",1957,11776
0,"no_caste_unweighted",1958,12932
0,"no_caste_unweighted",1959,8103
0,"no_caste_unweighted",1960,11168
0,"no_caste_unweighted",1961,12880
0,"no_caste_unweighted",1962,2321
0,"no_caste_unweighted",1963,13727
0,"no_caste_unweighted",1964,306
0,"no_caste_unweighted",1965,3442
0,"no_caste_unweighted",1966,10715
0,"no_caste_unweighted",1967,854
0,"no_caste_unweighted",1968,682
0,"no_caste_unweighted",1969,10401
0,"no_caste_unweighted",1970,11450
0,"no_caste_unweighted",1971,1883
0,"no_caste_unweighted",1972,12553
0,"no_caste_unweighted",1973,1105
0,"no_caste_unweighted",1974,10613
0,"no_caste_unweighted",1975,13086
0,"no_caste_unweighted",1976,13404
0,"no_caste_unweighted",1977,14058
0,"no_caste_unweighted",1978,12003
0,"no_caste_unweighted",1979,11881
0,"no_caste_unweighted",1980,6849
0,"no_caste_unweighted",1981,8698
0,"no_caste_unweighted",1982,13145
0,"no_caste_unweighted",1983,3859
0,"no_caste_unweighted",1984,8121
0,"no_caste_unweighted",1985,6814
0,"no_caste_unweighted",1986,1125
0,"no_caste_unweighted",1987,2797
0,"no_caste_unweighted",1988,8942
0,"no_caste_unweighted",1989,8647
0,"no_caste_unweighted",1990,6270
0,"no_caste_unweighted",1991,2828
0,"no_caste_unweighted",1992,10271
0,"no_caste_unweighted",1993,350
0,"no_caste_unweighted",1994,4211
0,"no_caste_unweighted",1995,10508
0,"no_caste_unweighted",1996,5311
0,"no_caste_unweighted",1997,4681
0,"no_caste_unweighted",1998,10461
0,"no_caste_unweighted",1999,11509
0,"no_caste_unweighted",2000,5707
0,"no_caste_unweighted",2001,2677
0,"no_caste_unweighted",2002,8344
0,"no_caste_unweighted",2003,6438
0,"no_caste_unweighted",2004,9121
0,"no_caste_unweighted",2005,4452
0,"no_caste_unweighted",2006,13225
0,"no_caste_unweighted",2007,9996
0,"no_caste_unweighted",2008,697
0,"no_caste_unweighted",2009,2966
0,"no_caste_unweighted",2010,13591
0,"no_caste_unweighted",2011,11296
0,"no_caste_unweighted",2012,5034
0,"no_caste_unweighted",2013,9963
0,"no_caste_unweighted",2014,6946
0,"no_caste_unweighted",2015,22
0,"no_caste_unweighted",2016,14089
0,"no_caste_unweighted",2017,8219
0,"no_caste_unweighted",2018,2509
0,"no_caste_unweighted",2019,1243
0,"no_caste_unweighted",2020,8909
0,"no_caste_unweighted",2021,3770
0,"no_caste_unweighted",2022,12326
0,"no_caste_unweighted",2023,11923
0,"no_caste_unweighted",2024,4882
0,"no_caste_unweighted",2025,6167
0,"no_caste_unweighted",2026,5074
0,"no_caste_unweighted",2027,1790
0,"no_caste_unweighted",2028,11039
0,"no_caste_unweighted",2029,5732
0,"no_caste_unweighted",2030,1894
0,"no_caste_unweighted",2031,7782
0,"no_caste_unweighted",2032,716
0,"no_caste_unweighted",2033,11439
0,"no_caste_unweighted",2034,6295
0,"no_caste_unweighted",2035,5545
0,"no_caste_unweighted",2036,3738
0,"no_caste_unweighted",2037,695
0,"no_caste_unweighted",2038,3058
0,"no_caste_unweighted",2039,1614
0,"no_caste_unweighted",2040,1384
0,"no_caste_unweighted",2041,3393
0,"no_caste_unweighted",2042,12312
0,"no_caste_unweighted",2043,8055
0,"no_caste_unweighted",2044,807
0,"no_caste_unweighted",2045,411
0,"no_caste_unweighted",2046,3252
0,"no_caste_unweighted",2047,3529
0,"no_caste_unweighted",2048,9368
0,"no_caste_unweighted",2049,9933
0,"no_caste_unweighted",2050,8724
0,"no_caste_unweighted",2051,4643
0,"no_caste_unweighted",2052,5207
0,"no_caste_unweighted",2053,10491
0,"no_caste_unweighted",2054,13880
0,"no_caste_unweighted",2055,12878
0,"no_caste_unweighted",2056,7492
0,"no_caste_unweighted",2057,948
0,"no_caste_unweighted",2058,11828
0,"no_caste_unweighted",2059,5104
0,"no_caste_unweighted",2060,13999
0,"no_caste_unweighted",2061,3096
0,"no_caste_unweighted",2062,11807
0,"no_caste_unweighted",2063,11904
0,"no_caste_unweighted",2064,926
0,"no_caste_unweighted",2065,6985
0,"no_caste_unweighted",2066,11513
0,"no_caste_unweighted",2067,247
0,"no_caste_unweighted",2068,12410
0,"no_caste_unweighted",2069,1971
0,"no_caste_unweighted",2070,8928
0,"no_caste_unweighted",2071,1364
0,"no_caste_unweighted",2072,405
0,"no_caste_unweighted",2073,7834
0,"no_caste_unweighted",2074,1967
0,"no_caste_unweighted",2075,10659
0,"no_caste_unweighted",2076,7271
0,"no_caste_unweighted",2077,2650
0,"no_caste_unweighted",2078,5373
0,"no_caste_unweighted",2079,3227
0,"no_caste_unweighted",2080,3846
0,"no_caste_unweighted",2081,3736
0,"no_caste_unweighted",2082,3590
0,"no_caste_unweighted",2083,5662
0,"no_caste_unweighted",2084,11856
0,"no_caste_unweighted",2085,5437
0,"no_caste_unweighted",2086,11113
0,"no_caste_unweighted",2087,10490
0,"no_caste_unweighted",2088,11478
0,"no_caste_unweighted",2089,4137
0,"no_caste_unweighted",2090,9061
0,"no_caste_unweighted",2091,9396
0,"no_caste_unweighted",2092,11992
0,"no_caste_unweighted",2093,1220
0,"no_caste_unweighted",2094,10785
0,"no_caste_unweighted",2095,1812
0,"no_caste_unweighted",2096,12196
0,"no_caste_unweighted",2097,1398
0,"no_caste_unweighted",2098,5336
0,"no_caste_unweighted",2099,11252
0,"no_caste_unweighted",2100,782
0,"no_caste_unweighted",2101,7402
0,"no_caste_unweighted",2102,4472
0,"no_caste_unweighted",2103,14141
0,"no_caste_unweighted",2104,9634
0,"no_caste_unweighted",2105,6370
0,"no_caste_unweighted",2106,7764
0,"no_caste_unweighted",2107,6229
0,"no_caste_unweighted",2108,65
0,"no_caste_unweighted",2109,6420
0,"no_caste_unweighted",2110,1487
0,"no_caste_unweighted",2111,11303
0,"no_caste_unweighted",2112,4263
0,"no_caste_unweighted",2113,11099
0,"no_caste_unweighted",2114,6540
0,"no_caste_unweighted",2115,13481
0,"no_caste_unweighted",2116,1589
0,"no_caste_unweighted",2117,8675
0,"no_caste_unweighted",2118,13929
0,"no_caste_unweighted",2119,12797
0,"no_caste_unweighted",2120,2228
0,"no_caste_unweighted",2121,9411
0,"no_caste_unweighted",2122,3997
0,"no_caste_unweighted",2123,4395
0,"no_caste_unweighted",2124,8553
0,"no_caste_unweighted",2125,4408
0,"no_caste_unweighted",2126,5526
0,"no_caste_unweighted",2127,10868
0,"no_caste_unweighted",2128,4248
0,"no_caste_unweighted",2129,1144
0,"no_caste_unweighted",2130,13748
0,"no_caste_unweighted",2131,7278
0,"no_caste_unweighted",2132,1158
0,"no_caste_unweighted",2133,7215
0,"no_caste_unweighted",2134,13130
0,"no_caste_unweighted",2135,10733
0,"no_caste_unweighted",2136,2056
0,"no_caste_unweighted",2137,12819
0,"no_caste_unweighted",2138,7971
0,"no_caste_unweighted",2139,6760
0,"no_caste_unweighted",2140,9863
0,"no_caste_unweighted",2141,9912
0,"no_caste_unweighted",2142,2094
0,"no_caste_unweighted",2143,11057
0,"no_caste_unweighted",2144,5094
0,"no_caste_unweighted",2145,10047
0,"no_caste_unweighted",2146,5369
0,"no_caste_unweighted",2147,5632
0,"no_caste_unweighted",2148,9102
0,"no_caste_unweighted",2149,8945
0,"no_caste_unweighted",2150,10039
0,"no_caste_unweighted",2151,5028
0,"no_caste_unweighted",2152,12515
0,"no_caste_unweighted",2153,4210
0,"no_caste_unweighted",2154,7790
0,"no_caste_unweighted",2155,11542
0,"no_caste_unweighted",2156,11302
0,"no_caste_unweighted",2157,5332
0,"no_caste_unweighted",2158,13640
0,"no_caste_unweighted",2159,2272
0,"no_caste_unweighted",2160,1359
0,"no_caste_unweighted",2161,7629
0,"no_caste_unweighted",2162,3910
0,"no_caste_unweighted",2163,11705
0,"no_caste_unweighted",2164,8676
0,"no_caste_unweighted",2165,357
0,"no_caste_unweighted",2166,12744
0,"no_caste_unweighted",2167,6969
0,"no_caste_unweighted",2168,2032
0,"no_caste_unweighted",2169,11701
0,"no_caste_unweighted",2170,4221
0,"no_caste_unweighted",2171,3008
0,"no_caste_unweighted",2172,6916
0,"no_caste_unweighted",2173,2087
0,"no_caste_unweighted",2174,11647
0,"no_caste_unweighted",2175,11831
0,"no_caste_unweighted",2176,14073
0,"no_caste_unweighted",2177,13635
0,"no_caste_unweighted",2178,11036
0,"no_caste_unweighted",2179,3050
0,"no_caste_unweighted",2180,13665
0,"no_caste_unweighted",2181,2176
0,"no_caste_unweighted",2182,10679
0,"no_caste_unweighted",2183,12934
0,"no_caste_unweighted",2184,12193
0,"no_caste_unweighted",2185,7383
0,"no_caste_unweighted",2186,11245
0,"no_caste_unweighted",2187,3321
0,"no_caste_unweighted",2188,12399
0,"no_caste_unweighted",2189,10940
0,"no_caste_unweighted",2190,12379
0,"no_caste_unweighted",2191,10801
0,"no_caste_unweighted",2192,4126
0,"no_caste_unweighted",2193,3248
0,"no_caste_unweighted",2194,2581
0,"no_caste_unweighted",2195,3217
0,"no_caste_unweighted",2196,3431
0,"no_caste_unweighted",2197,3353
0,"no_caste_unweighted",2198,3214
0,"no_caste_unweighted",2199,567
0,"no_caste_unweighted",2200,4303
0,"no_caste_unweighted",2201,1116
0,"no_caste_unweighted",2202,2512
0,"no_caste_unweighted",2203,10944
0,"no_caste_unweighted",2204,3238
0,"no_caste_unweighted",2205,11308
0,"no_caste_unweighted",2206,3899
0,"no_caste_unweighted",2207,4953
0,"no_caste_unweighted",2208,10200
0,"no_caste_unweighted",2209,4941
0,"no_caste_unweighted",2210,13619
0,"no_caste_unweighted",2211,7142
0,"no_caste_unweighted",2212,5273
0,"no_caste_unweighted",2213,11352
0,"no_caste_unweighted",2214,12249
0,"no_caste_unweighted",2215,6464
0,"no_caste_unweighted",2216,12077
0,"no_caste_unweighted",2217,7753
0,"no_caste_unweighted",2218,11844
0,"no_caste_unweighted",2219,2218
0,"no_caste_unweighted",2220,8677
0,"no_caste_unweighted",2221,305
0,"no_caste_unweighted",2222,8731
0,"no_caste_unweighted",2223,1594
0,"no_caste_unweighted",2224,1813
0,"no_caste_unweighted",2225,8762
0,"no_caste_unweighted",2226,9258
0,"no_caste_unweighted",2227,10757
0,"no_caste_unweighted",2228,6713
0,"no_caste_unweighted",2229,12011
0,"no_caste_unweighted",2230,10514
0,"no_caste_unweighted",2231,3885
0,"no_caste_unweighted",2232,1324
0,"no_caste_unweighted",2233,13985
0,"no_caste_unweighted",2234,2671
0,"no_caste_unweighted",2235,7904
0,"no_caste_unweighted",2236,1409
0,"no_caste_unweighted",2237,9870
0,"no_caste_unweighted",2238,5173
0,"no_caste_unweighted",2239,3448
0,"no_caste_unweighted",2240,1540
0,"no_caste_unweighted",2241,3918
0,"no_caste_unweighted",2242,11455
0,"no_caste_unweighted",2243,9216
0,"no_caste_unweighted",2244,11321
0,"no_caste_unweighted",2245,10040
0,"no_caste_unweighted",2246,4097
0,"no_caste_unweighted",2247,12352
0,"no_caste_unweighted",2248,7655
0,"no_caste_unweighted",2249,2961
0,"no_caste_unweighted",2250,2709
0,"no_caste_unweighted",2251,10971
0,"no_caste_unweighted",2252,5021
0,"no_caste_unweighted",2253,10670
0,"no_caste_unweighted",2254,9081
0,"no_caste_unweighted",2255,2858
0,"no_caste_unweighted",2256,9600
0,"no_caste_unweighted",2257,2374
0,"no_caste_unweighted",2258,5969
0,"no_caste_unweighted",2259,11294
0,"no_caste_unweighted",2260,13454
0,"no_caste_unweighted",2261,8314
0,"no_caste_unweighted",2262,3225
0,"no_caste_unweighted",2263,3304
0,"no_caste_unweighted",2264,5395
0,"no_caste_unweighted",2265,9195
0,"no_caste_unweighted",2266,2812
0,"no_caste_unweighted",2267,11885
0,"no_caste_unweighted",2268,4859
0,"no_caste_unweighted",2269,1449
0,"no_caste_unweighted",2270,9234
0,"no_caste_unweighted",2271,11920
0,"no_caste_unweighted",2272,12129
0,"no_caste_unweighted",2273,9938
0,"no_caste_unweighted",2274,4614
0,"no_caste_unweighted",2275,4394
0,"no_caste_unweighted",2276,6632
0,"no_caste_unweighted",2277,9653
0,"no_caste_unweighted",2278,4422
0,"no_caste_unweighted",2279,11038
0,"no_caste_unweighted",2280,4849
0,"no_caste_unweighted",2281,5669
0,"no_caste_unweighted",2282,10142
0,"no_caste_unweighted",2283,349
0,"no_caste_unweighted",2284,835
0,"no_caste_unweighted",2285,6963
0,"no_caste_unweighted",2286,2861
0,"no_caste_unweighted",2287,2620
0,"no_caste_unweighted",2288,11833
0,"no_caste_unweighted",2289,4015
0,"no_caste_unweighted",2290,4713
0,"no_caste_unweighted",2291,2869
0,"no_caste_unweighted",2292,3709
0,"no_caste_unweighted",2293,2530
0,"no_caste_unweighted",2294,10510
0,"no_caste_unweighted",2295,1775
0,"no_caste_unweighted",2296,2876
0,"no_caste_unweighted",2297,6064
0,"no_caste_unweighted",2298,10425
0,"no_caste_unweighted",2299,5660
0,"no_caste_unweighted",2300,9431
0,"no_caste_unweighted",2301,1881
0,"no_caste_unweighted",2302,8918
0,"no_caste_unweighted",2303,5396
0,"no_caste_unweighted",2304,3822
0,"no_caste_unweighted",2305,3458
0,"no_caste_unweighted",2306,9651
0,"no_caste_unweighted",2307,2730
0,"no_caste_unweighted",2308,6614
0,"no_caste_unweighted",2309,11444
0,"no_caste_unweighted",2310,7885
0,"no_caste_unweighted",2311,1031
0,"no_caste_unweighted",2312,9303
0,"no_caste_unweighted",2313,11774
0,"no_caste_unweighted",2314,3903
0,"no_caste_unweighted",2315,3359
0,"no_caste_unweighted",2316,7485
0,"no_caste_unweighted",2317,571
0,"no_caste_unweighted",2318,9442
0,"no_caste_unweighted",2319,1686
0,"no_caste_unweighted",2320,13290
0,"no_caste_unweighted",2321,3891
0,"no_caste_unweighted",2322,9815
0,"no_caste_unweighted",2323,4601
0,"no_caste_unweighted",2324,2409
0,"no_caste_unweighted",2325,10167
0,"no_caste_unweighted",2326,8452
0,"no_caste_unweighted",2327,3682
0,"no_caste_unweighted",2328,5745
0,"no_caste_unweighted",2329,4443
0,"no_caste_unweighted",2330,4660
0,"no_caste_unweighted",2331,3273
0,"no_caste_unweighted",2332,1958
0,"no_caste_unweighted",2333,4790
0,"no_caste_unweighted",2334,6325
0,"no_caste_unweighted",2335,5676
0,"no_caste_unweighted",2336,4635
0,"no_caste_unweighted",2337,4115
0,"no_caste_unweighted",2338,10539
0,"no_caste_unweighted",2339,2371
0,"no_caste_unweighted",2340,4944
0,"no_caste_unweighted",2341,8064
0,"no_caste_unweighted",2342,322
0,"no_caste_unweighted",2343,12876
0,"no_caste_unweighted",2344,2577
0,"no_caste_unweighted",2345,9878
0,"no_caste_unweighted",2346,5849
0,"no_caste_unweighted",2347,10232
0,"no_caste_unweighted",2348,4409
0,"no_caste_unweighted",2349,4195
0,"no_caste_unweighted",2350,3141
0,"no_caste_unweighted",2351,9193
0,"no_caste_unweighted",2352,5344
0,"no_caste_unweighted",2353,11535
0,"no_caste_unweighted",2354,8580
0,"no_caste_unweighted",2355,9949
0,"no_caste_unweighted",2356,12221
0,"no_caste_unweighted",2357,1320
0,"no_caste_unweighted",2358,9180
0,"no_caste_unweighted",2359,2491
0,"no_caste_unweighted",2360,13838
0,"no_caste_unweighted",2361,10424
0,"no_caste_unweighted",2362,10076
0,"no_caste_unweighted",2363,3853
0,"no_caste_unweighted",2364,1211
0,"no_caste_unweighted",2365,9671
0,"no_caste_unweighted",2366,2651
0,"no_caste_unweighted",2367,12433
0,"no_caste_unweighted",2368,3017
0,"no_caste_unweighted",2369,13781
0,"no_caste_unweighted",2370,6796
0,"no_caste_unweighted",2371,6899
0,"no_caste_unweighted",2372,8056
0,"no_caste_unweighted",2373,1627
0,"no_caste_unweighted",2374,2116
0,"no_caste_unweighted",2375,4435
0,"no_caste_unweighted",2376,3534
0,"no_caste_unweighted",2377,2154
0,"no_caste_unweighted",2378,2606
0,"no_caste_unweighted",2379,12450
0,"no_caste_unweighted",2380,13228
0,"no_caste_unweighted",2381,2049
0,"no_caste_unweighted",2382,12364
0,"no_caste_unweighted",2383,3640
0,"no_caste_unweighted",2384,11246
0,"no_caste_unweighted",2385,5544
0,"no_caste_unweighted",2386,13249
0,"no_caste_unweighted",2387,6492
0,"no_caste_unweighted",2388,975
0,"no_caste_unweighted",2389,9229
0,"no_caste_unweighted",2390,2203
0,"no_caste_unweighted",2391,5310
0,"no_caste_unweighted",2392,12211
0,"no_caste_unweighted",2393,12717
0,"no_caste_unweighted",2394,7955
0,"no_caste_unweighted",2395,7638
0,"no_caste_unweighted",2396,1617
0,"no_caste_unweighted",2397,1350
0,"no_caste_unweighted",2398,6028
0,"no_caste_unweighted",2399,1088
0,"no_caste_unweighted",2400,6022
0,"no_caste_unweighted",2401,1330
0,"no_caste_unweighted",2402,843
0,"no_caste_unweighted",2403,230
0,"no_caste_unweighted",2404,8563
0,"no_caste_unweighted",2405,10227
0,"no_caste_unweighted",2406,4866
0,"no_caste_unweighted",2407,7400
0,"no_caste_unweighted",2408,595
0,"no_caste_unweighted",2409,6823
0,"no_caste_unweighted",2410,7624
0,"no_caste_unweighted",2411,13815
0,"no_caste_unweighted",2412,8334
0,"no_caste_unweighted",2413,6068
0,"no_caste_unweighted",2414,8660
0,"no_caste_unweighted",2415,3476
0,"no_caste_unweighted",2416,3205
0,"no_caste_unweighted",2417,5233
0,"no_caste_unweighted",2418,10568
0,"no_caste_unweighted",2419,10266
0,"no_caste_unweighted",2420,4014
0,"no_caste_unweighted",2421,3480
0,"no_caste_unweighted",2422,1352
0,"no_caste_unweighted",2423,7137
0,"no_caste_unweighted",2424,1048
0,"no_caste_unweighted",2425,2117
0,"no_caste_unweighted",2426,2722
0,"no_caste_unweighted",2427,4578
0,"no_caste_unweighted",2428,10492
0,"no_caste_unweighted",2429,10684
0,"no_caste_unweighted",2430,4682
0,"no_caste_unweighted",2431,3727
0,"no_caste_unweighted",2432,12133
0,"no_caste_unweighted",2433,10376
0,"no_caste_unweighted",2434,13359
0,"no_caste_unweighted",2435,10904
0,"no_caste_unweighted",2436,2022
0,"no_caste_unweighted",2437,9880
0,"no_caste_unweighted",2438,6805
0,"no_caste_unweighted",2439,3312
0,"no_caste_unweighted",2440,7040
0,"no_caste_unweighted",2441,11323
0,"no_caste_unweighted",2442,4260
0,"no_caste_unweighted",2443,11054
0,"no_caste_unweighted",2444,13716
0,"no_caste_unweighted",2445,8357
0,"no_caste_unweighted",2446,8311
0,"no_caste_unweighted",2447,284
0,"no_caste_unweighted",2448,3881
0,"no_caste_unweighted",2449,2432
0,"no_caste_unweighted",2450,6987
0,"no_caste_unweighted",2451,2124
0,"no_caste_unweighted",2452,6594
0,"no_caste_unweighted",2453,432
0,"no_caste_unweighted",2454,2448
0,"no_caste_unweighted",2455,11586
0,"no_caste_unweighted",2456,11329
0,"no_caste_unweighted",2457,3862
0,"no_caste_unweighted",2458,7209
0,"no_caste_unweighted",2459,12915
0,"no_caste_unweighted",2460,7184
0,"no_caste_unweighted",2461,2353
0,"no_caste_unweighted",2462,13452
0,"no_caste_unweighted",2463,2114
0,"no_caste_unweighted",2464,990
0,"no_caste_unweighted",2465,815
0,"no_caste_unweighted",2466,11563
0,"no_caste_unweighted",2467,4538
0,"no_caste_unweighted",2468,9702
0,"no_caste_unweighted",2469,10748
0,"no_caste_unweighted",2470,5398
0,"no_caste_unweighted",2471,1308
0,"no_caste_unweighted",2472,12121
0,"no_caste_unweighted",2473,8962
0,"no_caste_unweighted",2474,6800
0,"no_caste_unweighted",2475,14075
0,"no_caste_unweighted",2476,14020
0,"no_caste_unweighted",2477,9765
0,"no_caste_unweighted",2478,231
0,"no_caste_unweighted",2479,12631
0,"no_caste_unweighted",2480,1423
0,"no_caste_unweighted",2481,4878
0,"no_caste_unweighted",2482,11233
0,"no_caste_unweighted",2483,5916
0,"no_caste_unweighted",2484,7127
0,"no_caste_unweighted",2485,9440
0,"no_caste_unweighted",2486,9966
0,"no_caste_unweighted",2487,11407
0,"no_caste_unweighted",2488,8904
0,"no_caste_unweighted",2489,540
0,"no_caste_unweighted",2490,4942
0,"no_caste_unweighted",2491,12333
0,"no_caste_unweighted",2492,5169
0,"no_caste_unweighted",2493,11219
0,"no_caste_unweighted",2494,12001
0,"no_caste_unweighted",2495,12398
0,"no_caste_unweighted",2496,7718
0,"no_caste_unweighted",2497,5347
0,"no_caste_unweighted",2498,13287
0,"no_caste_unweighted",2499,5960
0,"no_caste_unweighted",2500,7592
0,"no_caste_unweighted",2501,1383
0,"no_caste_unweighted",2502,6918
0,"no_caste_unweighted",2503,1444
0,"no_caste_unweighted",2504,11987
0,"no_caste_unweighted",2505,9409
0,"no_caste_unweighted",2506,273
0,"no_caste_unweighted",2507,9223
0,"no_caste_unweighted",2508,13737
0,"no_caste_unweighted",2509,2020
0,"no_caste_unweighted",2510,2571
0,"no_caste_unweighted",2511,2739
0,"no_caste_unweighted",2512,12919
0,"no_caste_unweighted",2513,11545
0,"no_caste_unweighted",2514,2050
0,"no_caste_unweighted",2515,3422
0,"no_caste_unweighted",2516,719
0,"no_caste_unweighted",2517,10768
0,"no_caste_unweighted",2518,5882
0,"no_caste_unweighted",2519,5471
0,"no_caste_unweighted",2520,12461
0,"no_caste_unweighted",2521,14027
0,"no_caste_unweighted",2522,10899
0,"no_caste_unweighted",2523,1424
0,"no_caste_unweighted",2524,11370
0,"no_caste_unweighted",2525,4711
0,"no_caste_unweighted",2526,2857
0,"no_caste_unweighted",2527,10042
0,"no_caste_unweighted",2528,11279
0,"no_caste_unweighted",2529,9226
0,"no_caste_unweighted",2530,5695
0,"no_caste_unweighted",2531,3803
0,"no_caste_unweighted",2532,4692
0,"no_caste_unweighted",2533,622
0,"no_caste_unweighted",2534,6999
0,"no_caste_unweighted",2535,9126
0,"no_caste_unweighted",2536,3506
0,"no_caste_unweighted",2537,5263
0,"no_caste_unweighted",2538,10914
0,"no_caste_unweighted",2539,7855
0,"no_caste_unweighted",2540,8669
0,"no_caste_unweighted",2541,2383
0,"no_caste_unweighted",2542,3462
0,"no_caste_unweighted",2543,9591
0,"no_caste_unweighted",2544,6605
0,"no_caste_unweighted",2545,11273
0,"no_caste_unweighted",2546,5484
0,"no_caste_unweighted",2547,10071
0,"no_caste_unweighted",2548,3697
0,"no_caste_unweighted",2549,2055
0,"no_caste_unweighted",2550,6460
0,"no_caste_unweighted",2551,1295
0,"no_caste_unweighted",2552,9378
0,"no_caste_unweighted",2553,9015
0,"no_caste_unweighted",2554,9474
0,"no_caste_unweighted",2555,8969
0,"no_caste_unweighted",2556,143
0,"no_caste_unweighted",2557,8583
0,"no_caste_unweighted",2558,5619
0,"no_caste_unweighted",2559,10752
0,"no_caste_unweighted",2560,2267
0,"no_caste_unweighted",2561,10297
0,"no_caste_unweighted",2562,8883
0,"no_caste_unweighted",2563,2202
0,"no_caste_unweighted",2564,3315
0,"no_caste_unweighted",2565,2690
0,"no_caste_unweighted",2566,2533
0,"no_caste_unweighted",2567,6675
0,"no_caste_unweighted",2568,10634
0,"no_caste_unweighted",2569,8414
0,"no_caste_unweighted",2570,7451
0,"no_caste_unweighted",2571,7954
0,"no_caste_unweighted",2572,12056
0,"no_caste_unweighted",2573,12621
0,"no_caste_unweighted",2574,2862
0,"no_caste_unweighted",2575,11500
0,"no_caste_unweighted",2576,10252
0,"no_caste_unweighted",2577,9734
0,"no_caste_unweighted",2578,4698
0,"no_caste_unweighted",2579,86
0,"no_caste_unweighted",2580,4016
0,"no_caste_unweighted",2581,5295
0,"no_caste_unweighted",2582,5731
0,"no_caste_unweighted",2583,6034
0,"no_caste_unweighted",2584,9638
0,"no_caste_unweighted",2585,10615
0,"no_caste_unweighted",2586,4994
0,"no_caste_unweighted",2587,7407
0,"no_caste_unweighted",2588,11799
0,"no_caste_unweighted",2589,10878
0,"no_caste_unweighted",2590,3575
0,"no_caste_unweighted",2591,9451
0,"no_caste_unweighted",2592,6539
0,"no_caste_unweighted",2593,9771
0,"no_caste_unweighted",2594,9920
0,"no_caste_unweighted",2595,2378
0,"no_caste_unweighted",2596,10228
0,"no_caste_unweighted",2597,11656
0,"no_caste_unweighted",2598,12304
0,"no_caste_unweighted",2599,246
0,"no_caste_unweighted",2600,4758
0,"no_caste_unweighted",2601,10133
0,"no_caste_unweighted",2602,4404
0,"no_caste_unweighted",2603,848
0,"no_caste_unweighted",2604,11056
0,"no_caste_unweighted",2605,8834
0,"no_caste_unweighted",2606,3188
0,"no_caste_unweighted",2607,187
0,"no_caste_unweighted",2608,12059
0,"no_caste_unweighted",2609,9978
0,"no_caste_unweighted",2610,3678
0,"no_caste_unweighted",2611,10074
0,"no_caste_unweighted",2612,10186
0,"no_caste_unweighted",2613,7211
0,"no_caste_unweighted",2614,10080
0,"no_caste_unweighted",2615,7425
0,"no_caste_unweighted",2616,13947
0,"no_caste_unweighted",2617,5197
0,"no_caste_unweighted",2618,6001
0,"no_caste_unweighted",2619,5467
0,"no_caste_unweighted",2620,5241
0,"no_caste_unweighted",2621,8460
0,"no_caste_unweighted",2622,12391
0,"no_caste_unweighted",2623,8570
0,"no_caste_unweighted",2624,11037
0,"no_caste_unweighted",2625,6720
0,"no_caste_unweighted",2626,4365
0,"no_caste_unweighted",2627,6659
0,"no_caste_unweighted",2628,8972
0,"no_caste_unweighted",2629,5237
0,"no_caste_unweighted",2630,5999
0,"no_caste_unweighted",2631,8645
0,"no_caste_unweighted",2632,4065
0,"no_caste_unweighted",2633,3368
0,"no_caste_unweighted",2634,1410
0,"no_caste_unweighted",2635,11740
0,"no_caste_unweighted",2636,6014
0,"no_caste_unweighted",2637,14099
0,"no_caste_unweighted",2638,4478
0,"no_caste_unweighted",2639,11932
0,"no_caste_unweighted",2640,6821
0,"no_caste_unweighted",2641,12519
0,"no_caste_unweighted",2642,4595
0,"no_caste_unweighted",2643,1854
0,"no_caste_unweighted",2644,9999
0,"no_caste_unweighted",2645,2884
0,"no_caste_unweighted",2646,10855
0,"no_caste_unweighted",2647,11717
0,"no_caste_unweighted",2648,3101
0,"no_caste_unweighted",2649,970
0,"no_caste_unweighted",2650,1919
0,"no_caste_unweighted",2651,7440
0,"no_caste_unweighted",2652,5283
0,"no_caste_unweighted",2653,335
0,"no_caste_unweighted",2654,12672
0,"no_caste_unweighted",2655,5884
0,"no_caste_unweighted",2656,6147
0,"no_caste_unweighted",2657,4968
0,"no_caste_unweighted",2658,9300
0,"no_caste_unweighted",2659,8243
0,"no_caste_unweighted",2660,4747
0,"no_caste_unweighted",2661,3094
0,"no_caste_unweighted",2662,881
0,"no_caste_unweighted",2663,5596
0,"no_caste_unweighted",2664,13988
0,"no_caste_unweighted",2665,4163
0,"no_caste_unweighted",2666,9620
0,"no_caste_unweighted",2667,7237
0,"no_caste_unweighted",2668,5294
0,"no_caste_unweighted",2669,12282
0,"no_caste_unweighted",2670,12671
0,"no_caste_unweighted",2671,12182
0,"no_caste_unweighted",2672,4157
0,"no_caste_unweighted",2673,1322
0,"no_caste_unweighted",2674,245
0,"no_caste_unweighted",2675,5064
0,"no_caste_unweighted",2676,3813
0,"no_caste_unweighted",2677,6184
0,"no_caste_unweighted",2678,4022
0,"no_caste_unweighted",2679,7363
0,"no_caste_unweighted",2680,600
0,"no_caste_unweighted",2681,12597
0,"no_caste_unweighted",2682,10799
0,"no_caste_unweighted",2683,10479
0,"no_caste_unweighted",2684,6508
0,"no_caste_unweighted",2685,5822
0,"no_caste_unweighted",2686,13873
0,"no_caste_unweighted",2687,10909
0,"no_caste_unweighted",2688,10753
0,"no_caste_unweighted",2689,7195
0,"no_caste_unweighted",2690,3449
0,"no_caste_unweighted",2691,3673
0,"no_caste_unweighted",2692,11074
0,"no_caste_unweighted",2693,129
0,"no_caste_unweighted",2694,11939
0,"no_caste_unweighted",2695,7360
0,"no_caste_unweighted",2696,312
0,"no_caste_unweighted",2697,8032
0,"no_caste_unweighted",2698,13909
0,"no_caste_unweighted",2699,4723
0,"no_caste_unweighted",2700,6312
0,"no_caste_unweighted",2701,7744
0,"no_caste_unweighted",2702,5408
0,"no_caste_unweighted",2703,3919
0,"no_caste_unweighted",2704,2253
0,"no_caste_unweighted",2705,3258
0,"no_caste_unweighted",2706,14100
0,"no_caste_unweighted",2707,5867
0,"no_caste_unweighted",2708,13670
0,"no_caste_unweighted",2709,4648
0,"no_caste_unweighted",2710,7741
0,"no_caste_unweighted",2711,12793
0,"no_caste_unweighted",2712,5914
0,"no_caste_unweighted",2713,11161
0,"no_caste_unweighted",2714,13699
0,"no_caste_unweighted",2715,10306
0,"no_caste_unweighted",2716,12965
0,"no_caste_unweighted",2717,2630
0,"no_caste_unweighted",2718,11677
0,"no_caste_unweighted",2719,413
0,"no_caste_unweighted",2720,87
0,"no_caste_unweighted",2721,4199
0,"no_caste_unweighted",2722,9582
0,"no_caste_unweighted",2723,8688
0,"no_caste_unweighted",2724,4316
0,"no_caste_unweighted",2725,2350
0,"no_caste_unweighted",2726,4155
0,"no_caste_unweighted",2727,9990
0,"no_caste_unweighted",2728,4233
0,"no_caste_unweighted",2729,1852
0,"no_caste_unweighted",2730,897
0,"no_caste_unweighted",2731,731
0,"no_caste_unweighted",2732,789
0,"no_caste_unweighted",2733,10090
0,"no_caste_unweighted",2734,4348
0,"no_caste_unweighted",2735,9086
0,"no_caste_unweighted",2736,7348
0,"no_caste_unweighted",2737,5811
0,"no_caste_unweighted",2738,10881
0,"no_caste_unweighted",2739,9936
0,"no_caste_unweighted",2740,7523
0,"no_caste_unweighted",2741,12156
0,"no_caste_unweighted",2742,3301
0,"no_caste_unweighted",2743,4755
0,"no_caste_unweighted",2744,2566
0,"no_caste_unweighted",2745,6230
0,"no_caste_unweighted",2746,5253
0,"no_caste_unweighted",2747,6414
0,"no_caste_unweighted",2748,5943
0,"no_caste_unweighted",2749,10164
0,"no_caste_unweighted",2750,8312
0,"no_caste_unweighted",2751,3054
0,"no_caste_unweighted",2752,8953
0,"no_caste_unweighted",2753,1168
0,"no_caste_unweighted",2754,7822
0,"no_caste_unweighted",2755,9101
0,"no_caste_unweighted",2756,1962
0,"no_caste_unweighted",2757,6151
0,"no_caste_unweighted",2758,3455
0,"no_caste_unweighted",2759,11503
0,"no_caste_unweighted",2760,11079
0,"no_caste_unweighted",2761,2299
0,"no_caste_unweighted",2762,1704
0,"no_caste_unweighted",2763,51
0,"no_caste_unweighted",2764,1655
0,"no_caste_unweighted",2765,11883
0,"no_caste_unweighted",2766,3105
0,"no_caste_unweighted",2767,4853
0,"no_caste_unweighted",2768,4159
0,"no_caste_unweighted",2769,66
0,"no_caste_unweighted",2770,10474
0,"no_caste_unweighted",2771,3601
0,"no_caste_unweighted",2772,1963
0,"no_caste_unweighted",2773,6188
0,"no_caste_unweighted",2774,5394
0,"no_caste_unweighted",2775,10288
0,"no_caste_unweighted",2776,539
0,"no_caste_unweighted",2777,13483
0,"no_caste_unweighted",2778,11035
0,"no_caste_unweighted",2779,13890
0,"no_caste_unweighted",2780,3720
0,"no_caste_unweighted",2781,7277
0,"no_caste_unweighted",2782,12532
0,"no_caste_unweighted",2783,12564
0,"no_caste_unweighted",2784,10163
0,"no_caste_unweighted",2785,6192
0,"no_caste_unweighted",2786,6888
0,"no_caste_unweighted",2787,5350
0,"no_caste_unweighted",2788,11798
0,"no_caste_unweighted",2789,11140
0,"no_caste_unweighted",2790,3668
0,"no_caste_unweighted",2791,8671
0,"no_caste_unweighted",2792,13702
0,"no_caste_unweighted",2793,11207
0,"no_caste_unweighted",2794,10147
0,"no_caste_unweighted",2795,7520
0,"no_caste_unweighted",2796,5205
0,"no_caste_unweighted",2797,5098
0,"no_caste_unweighted",2798,3163
0,"no_caste_unweighted",2799,7909
0,"no_caste_unweighted",2800,1331
0,"no_caste_unweighted",2801,9585
0,"no_caste_unweighted",2802,3265
0,"no_caste_unweighted",2803,9629
0,"no_caste_unweighted",2804,386
0,"no_caste_unweighted",2805,4889
0,"no_caste_unweighted",2806,7977
0,"no_caste_unweighted",2807,1206
0,"no_caste_unweighted",2808,7696
0,"no_caste_unweighted",2809,10129
0,"no_caste_unweighted",2810,165
0,"no_caste_unweighted",2811,4086
0,"no_caste_unweighted",2812,4871
0,"no_caste_unweighted",2813,13898
0,"no_caste_unweighted",2814,3453
0,"no_caste_unweighted",2815,11540
0,"no_caste_unweighted",2816,4789
0,"no_caste_unweighted",2817,13833
0,"no_caste_unweighted",2818,5014
0,"no_caste_unweighted",2819,5071
0,"no_caste_unweighted",2820,2663
0,"no_caste_unweighted",2821,6679
0,"no_caste_unweighted",2822,8416
0,"no_caste_unweighted",2823,12137
0,"no_caste_unweighted",2824,1188
0,"no_caste_unweighted",2825,2833
0,"no_caste_unweighted",2826,12080
0,"no_caste_unweighted",2827,5661
0,"no_caste_unweighted",2828,4310
0,"no_caste_unweighted",2829,7811
0,"no_caste_unweighted",2830,10932
0,"no_caste_unweighted",2831,6983
0,"no_caste_unweighted",2832,11764
0,"no_caste_unweighted",2833,14017
0,"no_caste_unweighted",2834,11325
0,"no_caste_unweighted",2835,3405
0,"no_caste_unweighted",2836,12629
0,"no_caste_unweighted",2837,4729
0,"no_caste_unweighted",2838,9338
0,"no_caste_unweighted",2839,864
0,"no_caste_unweighted",2840,14117
0,"no_caste_unweighted",2841,13917
0,"no_caste_unweighted",2842,1179
0,"no_caste_unweighted",2843,7482
0,"no_caste_unweighted",2844,7675
0,"no_caste_unweighted",2845,11464
0,"no_caste_unweighted",2846,7582
0,"no_caste_unweighted",2847,7645
0,"no_caste_unweighted",2848,5418
0,"no_caste_unweighted",2849,11832
0,"no_caste_unweighted",2850,5052
0,"no_caste_unweighted",2851,12522
0,"no_caste_unweighted",2852,537
0,"no_caste_unweighted",2853,12901
0,"no_caste_unweighted",2854,4585
0,"no_caste_unweighted",2855,2816
0,"no_caste_unweighted",2856,303
0,"no_caste_unweighted",2857,8481
0,"no_caste_unweighted",2858,238
0,"no_caste_unweighted",2859,251
0,"no_caste_unweighted",2860,5827
0,"no_caste_unweighted",2861,7323
0,"no_caste_unweighted",2862,9957
0,"no_caste_unweighted",2863,12742
0,"no_caste_unweighted",2864,5599
0,"no_caste_unweighted",2865,9954
0,"no_caste_unweighted",2866,4217
0,"no_caste_unweighted",2867,4082
0,"no_caste_unweighted",2868,1042
0,"no_caste_unweighted",2869,1862
0,"no_caste_unweighted",2870,11066
0,"no_caste_unweighted",2871,10953
0,"no_caste_unweighted",2872,12322
0,"no_caste_unweighted",2873,9785
0,"no_caste_unweighted",2874,2580
0,"no_caste_unweighted",2875,8133
0,"no_caste_unweighted",2876,10463
0,"no_caste_unweighted",2877,10871
0,"no_caste_unweighted",2878,831
0,"no_caste_unweighted",2879,11234
0,"no_caste_unweighted",2880,6636
0,"no_caste_unweighted",2881,6339
0,"no_caste_unweighted",2882,13143
0,"no_caste_unweighted",2883,407
0,"no_caste_unweighted",2884,3645
0,"no_caste_unweighted",2885,1611
0,"no_caste_unweighted",2886,7719
0,"no_caste_unweighted",2887,6077
0,"no_caste_unweighted",2888,7628
0,"no_caste_unweighted",2889,4895
0,"no_caste_unweighted",2890,3618
0,"no_caste_unweighted",2891,10939
0,"no_caste_unweighted",2892,6737
0,"no_caste_unweighted",2893,3976
0,"no_caste_unweighted",2894,6415
0,"no_caste_unweighted",2895,1549
0,"no_caste_unweighted",2896,12240
0,"no_caste_unweighted",2897,2602
0,"no_caste_unweighted",2898,9167
0,"no_caste_unweighted",2899,7518
0,"no_caste_unweighted",2900,10104
0,"no_caste_unweighted",2901,3776
0,"no_caste_unweighted",2902,8279
0,"no_caste_unweighted",2903,5509
0,"no_caste_unweighted",2904,10657
0,"no_caste_unweighted",2905,6870
0,"no_caste_unweighted",2906,5515
0,"no_caste_unweighted",2907,7367
0,"no_caste_unweighted",2908,8590
0,"no_caste_unweighted",2909,3292
0,"no_caste_unweighted",2910,5721
0,"no_caste_unweighted",2911,1277
0,"no_caste_unweighted",2912,2335
0,"no_caste_unweighted",2913,4908
0,"no_caste_unweighted",2914,9133
0,"no_caste_unweighted",2915,6190
0,"no_caste_unweighted",2916,7552
0,"no_caste_unweighted",2917,5848
0,"no_caste_unweighted",2918,9745
0,"no_caste_unweighted",2919,10910
0,"no_caste_unweighted",2920,13858
0,"no_caste_unweighted",2921,2918
0,"no_caste_unweighted",2922,13942
0,"no_caste_unweighted",2923,3675
0,"no_caste_unweighted",2924,7369
0,"no_caste_unweighted",2925,10650
0,"no_caste_unweighted",2926,3716
0,"no_caste_unweighted",2927,893
0,"no_caste_unweighted",2928,10160
0,"no_caste_unweighted",2929,209
0,"no_caste_unweighted",2930,1800
0,"no_caste_unweighted",2931,5420
0,"no_caste_unweighted",2932,2997
0,"no_caste_unweighted",2933,14004
0,"no_caste_unweighted",2934,7816
0,"no_caste_unweighted",2935,4939
0,"no_caste_unweighted",2936,4946
0,"no_caste_unweighted",2937,1303
0,"no_caste_unweighted",2938,1333
0,"no_caste_unweighted",2939,11703
0,"no_caste_unweighted",2940,5667
0,"no_caste_unweighted",2941,13976
0,"no_caste_unweighted",2942,1761
0,"no_caste_unweighted",2943,6320
0,"no_caste_unweighted",2944,6777
0,"no_caste_unweighted",2945,7292
0,"no_caste_unweighted",2946,4868
0,"no_caste_unweighted",2947,6593
0,"no_caste_unweighted",2948,9012
0,"no_caste_unweighted",2949,5266
0,"no_caste_unweighted",2950,2932
0,"no_caste_unweighted",2951,1133
0,"no_caste_unweighted",2952,10685
0,"no_caste_unweighted",2953,3367
0,"no_caste_unweighted",2954,2290
0,"no_caste_unweighted",2955,2126
0,"no_caste_unweighted",2956,1009
0,"no_caste_unweighted",2957,3544
0,"no_caste_unweighted",2958,3171
0,"no_caste_unweighted",2959,6943
0,"no_caste_unweighted",2960,3167
0,"no_caste_unweighted",2961,6336
0,"no_caste_unweighted",2962,10235
0,"no_caste_unweighted",2963,3984
0,"no_caste_unweighted",2964,776
0,"no_caste_unweighted",2965,767
0,"no_caste_unweighted",2966,3811
0,"no_caste_unweighted",2967,4973
0,"no_caste_unweighted",2968,483
0,"no_caste_unweighted",2969,11369
0,"no_caste_unweighted",2970,3306
0,"no_caste_unweighted",2971,9356
0,"no_caste_unweighted",2972,7257
0,"no_caste_unweighted",2973,9285
0,"no_caste_unweighted",2974,7980
0,"no_caste_unweighted",2975,389
0,"no_caste_unweighted",2976,10788
0,"no_caste_unweighted",2977,6842
0,"no_caste_unweighted",2978,11618
0,"no_caste_unweighted",2979,5352
0,"no_caste_unweighted",2980,9787
0,"no_caste_unweighted",2981,12237
0,"no_caste_unweighted",2982,1597
0,"no_caste_unweighted",2983,7614
0,"no_caste_unweighted",2984,3771
0,"no_caste_unweighted",2985,10188
0,"no_caste_unweighted",2986,1879
0,"no_caste_unweighted",2987,13628
0,"no_caste_unweighted",2988,9972
0,"no_caste_unweighted",2989,11857
0,"no_caste_unweighted",2990,3397
0,"no_caste_unweighted",2991,5582
0,"no_caste_unweighted",2992,5378
0,"no_caste_unweighted",2993,443
0,"no_caste_unweighted",2994,7275
0,"no_caste_unweighted",2995,2063
0,"no_caste_unweighted",2996,8681
0,"no_caste_unweighted",2997,8318
0,"no_caste_unweighted",2998,3684
0,"no_caste_unweighted",2999,3711
0,"no_caste_unweighted",3000,5678
0,"no_caste_unweighted",3001,10421
0,"no_caste_unweighted",3002,596
0,"no_caste_unweighted",3003,1435
0,"no_caste_unweighted",3004,12807
0,"no_caste_unweighted",3005,899
0,"no_caste_unweighted",3006,12014
0,"no_caste_unweighted",3007,13984
0,"no_caste_unweighted",3008,2192
0,"no_caste_unweighted",3009,12773
0,"no_caste_unweighted",3010,10146
0,"no_caste_unweighted",3011,3681
0,"no_caste_unweighted",3012,10488
0,"no_caste_unweighted",3013,4219
0,"no_caste_unweighted",3014,1113
0,"no_caste_unweighted",3015,7408
0,"no_caste_unweighted",3016,5977
0,"no_caste_unweighted",3017,748
0,"no_caste_unweighted",3018,8954
0,"no_caste_unweighted",3019,12651
0,"no_caste_unweighted",3020,6790
0,"no_caste_unweighted",3021,11158
0,"no_caste_unweighted",3022,226
0,"no_caste_unweighted",3023,9756
0,"no_caste_unweighted",3024,11290
0,"no_caste_unweighted",3025,12913
0,"no_caste_unweighted",3026,376
0,"no_caste_unweighted",3027,10347
0,"no_caste_unweighted",3028,10601
0,"no_caste_unweighted",3029,4541
0,"no_caste_unweighted",3030,11081
0,"no_caste_unweighted",3031,1989
0,"no_caste_unweighted",3032,11673
0,"no_caste_unweighted",3033,12822
0,"no_caste_unweighted",3034,3861
0,"no_caste_unweighted",3035,1570
0,"no_caste_unweighted",3036,11016
0,"no_caste_unweighted",3037,6311
0,"no_caste_unweighted",3038,6317
0,"no_caste_unweighted",3039,4005
0,"no_caste_unweighted",3040,1366
0,"no_caste_unweighted",3041,8264
0,"no_caste_unweighted",3042,6775
0,"no_caste_unweighted",3043,6834
0,"no_caste_unweighted",3044,5753
0,"no_caste_unweighted",3045,12109
0,"no_caste_unweighted",3046,12823
0,"no_caste_unweighted",3047,691
0,"no_caste_unweighted",3048,4032
0,"no_caste_unweighted",3049,12079
0,"no_caste_unweighted",3050,7148
0,"no_caste_unweighted",3051,12962
0,"no_caste_unweighted",3052,2953
0,"no_caste_unweighted",3053,10204
0,"no_caste_unweighted",3054,9168
0,"no_caste_unweighted",3055,674
0,"no_caste_unweighted",3056,4518
0,"no_caste_unweighted",3057,1356
0,"no_caste_unweighted",3058,9819
0,"no_caste_unweighted",3059,9770
0,"no_caste_unweighted",3060,11752
0,"no_caste_unweighted",3061,1996
0,"no_caste_unweighted",3062,5834
0,"no_caste_unweighted",3063,12693
0,"no_caste_unweighted",3064,7663
0,"no_caste_unweighted",3065,9171
0,"no_caste_unweighted",3066,10069
0,"no_caste_unweighted",3067,6052
0,"no_caste_unweighted",3068,11919
0,"no_caste_unweighted",3069,574
0,"no_caste_unweighted",3070,11100
0,"no_caste_unweighted",3071,4783
0,"no_caste_unweighted",3072,8132
0,"no_caste_unweighted",3073,8710
0,"no_caste_unweighted",3074,11972
0,"no_caste_unweighted",3075,76
0,"no_caste_unweighted",3076,3722
0,"no_caste_unweighted",3077,1455
0,"no_caste_unweighted",3078,7937
0,"no_caste_unweighted",3079,1368
0,"no_caste_unweighted",3080,3519
0,"no_caste_unweighted",3081,12266
0,"no_caste_unweighted",3082,4988
0,"no_caste_unweighted",3083,7717
0,"no_caste_unweighted",3084,7499
0,"no_caste_unweighted",3085,8269
0,"no_caste_unweighted",3086,12817
0,"no_caste_unweighted",3087,115
0,"no_caste_unweighted",3088,3592
0,"no_caste_unweighted",3089,11189
0,"no_caste_unweighted",3090,11208
0,"no_caste_unweighted",3091,847
0,"no_caste_unweighted",3092,11141
0,"no_caste_unweighted",3093,3391
0,"no_caste_unweighted",3094,10618
0,"no_caste_unweighted",3095,11605
0,"no_caste_unweighted",3096,2940
0,"no_caste_unweighted",3097,12868
0,"no_caste_unweighted",3098,5629
0,"no_caste_unweighted",3099,9820
0,"no_caste_unweighted",3100,11634
0,"no_caste_unweighted",3101,1661
0,"no_caste_unweighted",3102,10178
0,"no_caste_unweighted",3103,4990
0,"no_caste_unweighted",3104,4532
0,"no_caste_unweighted",3105,10124
0,"no_caste_unweighted",3106,5780
0,"no_caste_unweighted",3107,7202
0,"no_caste_unweighted",3108,3138
0,"no_caste_unweighted",3109,7743
0,"no_caste_unweighted",3110,4034
0,"no_caste_unweighted",3111,6978
0,"no_caste_unweighted",3112,11298
0,"no_caste_unweighted",3113,6474
0,"no_caste_unweighted",3114,11351
0,"no_caste_unweighted",3115,7403
0,"no_caste_unweighted",3116,10703
0,"no_caste_unweighted",3117,13901
0,"no_caste_unweighted",3118,5032
0,"no_caste_unweighted",3119,2583
0,"no_caste_unweighted",3120,10569
0,"no_caste_unweighted",3121,4440
0,"no_caste_unweighted",3122,10218
0,"no_caste_unweighted",3123,12368
0,"no_caste_unweighted",3124,671
0,"no_caste_unweighted",3125,9729
0,"no_caste_unweighted",3126,12152
0,"no_caste_unweighted",3127,8151
0,"no_caste_unweighted",3128,428
0,"no_caste_unweighted",3129,7976
0,"no_caste_unweighted",3130,12928
0,"no_caste_unweighted",3131,11616
0,"no_caste_unweighted",3132,6873
0,"no_caste_unweighted",3133,563
0,"no_caste_unweighted",3134,10674
0,"no_caste_unweighted",3135,7553
0,"no_caste_unweighted",3136,11154
0,"no_caste_unweighted",3137,4905
0,"no_caste_unweighted",3138,7545
0,"no_caste_unweighted",3139,4587
0,"no_caste_unweighted",3140,4042
0,"no_caste_unweighted",3141,5329
0,"no_caste_unweighted",3142,119
0,"no_caste_unweighted",3143,13736
0,"no_caste_unweighted",3144,11112
0,"no_caste_unweighted",3145,9054
0,"no_caste_unweighted",3146,1494
0,"no_caste_unweighted",3147,11257
0,"no_caste_unweighted",3148,7453
0,"no_caste_unweighted",3149,5046
0,"no_caste_unweighted",3150,10011
0,"no_caste_unweighted",3151,5826
0,"no_caste_unweighted",3152,10168
0,"no_caste_unweighted",3153,11698
0,"no_caste_unweighted",3154,10390
0,"no_caste_unweighted",3155,4228
0,"no_caste_unweighted",3156,1209
0,"no_caste_unweighted",3157,278
0,"no_caste_unweighted",3158,5790
0,"no_caste_unweighted",3159,13252
0,"no_caste_unweighted",3160,9362
0,"no_caste_unweighted",3161,12648
0,"no_caste_unweighted",3162,12498
0,"no_caste_unweighted",3163,12258
0,"no_caste_unweighted",3164,5469
0,"no_caste_unweighted",3165,10873
0,"no_caste_unweighted",3166,11078
0,"no_caste_unweighted",3167,13372
0,"no_caste_unweighted",3168,11960
0,"no_caste_unweighted",3169,130
0,"no_caste_unweighted",3170,7808
0,"no_caste_unweighted",3171,693
0,"no_caste_unweighted",3172,11183
0,"no_caste_unweighted",3173,2809
0,"no_caste_unweighted",3174,5979
0,"no_caste_unweighted",3175,5537
0,"no_caste_unweighted",3176,7623
0,"no_caste_unweighted",3177,12654
0,"no_caste_unweighted",3178,1146
0,"no_caste_unweighted",3179,2344
0,"no_caste_unweighted",3180,10941
0,"no_caste_unweighted",3181,11999
0,"no_caste_unweighted",3182,3986
0,"no_caste_unweighted",3183,3509
0,"no_caste_unweighted",3184,4476
0,"no_caste_unweighted",3185,4024
0,"no_caste_unweighted",3186,11218
0,"no_caste_unweighted",3187,11650
0,"no_caste_unweighted",3188,9985
0,"no_caste_unweighted",3189,1396
0,"no_caste_unweighted",3190,11144
0,"no_caste_unweighted",3191,13583
0,"no_caste_unweighted",3192,11607
0,"no_caste_unweighted",3193,608
0,"no_caste_unweighted",3194,4602
0,"no_caste_unweighted",3195,3179
0,"no_caste_unweighted",3196,5330
0,"no_caste_unweighted",3197,11096
0,"no_caste_unweighted",3198,177
0,"no_caste_unweighted",3199,2207
0,"no_caste_unweighted",3200,3791
0,"no_caste_unweighted",3201,11385
0,"no_caste_unweighted",3202,4028
0,"no_caste_unweighted",3203,3362
0,"no_caste_unweighted",3204,3817
0,"no_caste_unweighted",3205,2460
0,"no_caste_unweighted",3206,13809
0,"no_caste_unweighted",3207,13458
0,"no_caste_unweighted",3208,7648
0,"no_caste_unweighted",3209,1077
0,"no_caste_unweighted",3210,822
0,"no_caste_unweighted",3211,784
0,"no_caste_unweighted",3212,13343
0,"no_caste_unweighted",3213,10107
0,"no_caste_unweighted",3214,2479
0,"no_caste_unweighted",3215,1002
0,"no_caste_unweighted",3216,11120
0,"no_caste_unweighted",3217,5553
0,"no_caste_unweighted",3218,2144
0,"no_caste_unweighted",3219,11866
0,"no_caste_unweighted",3220,1256
0,"no_caste_unweighted",3221,855
0,"no_caste_unweighted",3222,12683
0,"no_caste_unweighted",3223,2746
0,"no_caste_unweighted",3224,583
0,"no_caste_unweighted",3225,5189
0,"no_caste_unweighted",3226,8667
0,"no_caste_unweighted",3227,9831
0,"no_caste_unweighted",3228,7066
0,"no_caste_unweighted",3229,10639
0,"no_caste_unweighted",3230,2127
0,"no_caste_unweighted",3231,7785
0,"no_caste_unweighted",3232,12301
0,"no_caste_unweighted",3233,5810
0,"no_caste_unweighted",3234,3683
0,"no_caste_unweighted",3235,11326
0,"no_caste_unweighted",3236,10543
0,"no_caste_unweighted",3237,4677
0,"no_caste_unweighted",3238,12645
0,"no_caste_unweighted",3239,1541
0,"no_caste_unweighted",3240,12748
0,"no_caste_unweighted",3241,6922
0,"no_caste_unweighted",3242,6111
0,"no_caste_unweighted",3243,158
0,"no_caste_unweighted",3244,11015
0,"no_caste_unweighted",3245,5511
0,"no_caste_unweighted",3246,5773
0,"no_caste_unweighted",3247,11022
0,"no_caste_unweighted",3248,9158
0,"no_caste_unweighted",3249,2329
0,"no_caste_unweighted",3250,12847
0,"no_caste_unweighted",3251,1990
0,"no_caste_unweighted",3252,8787
0,"no_caste_unweighted",3253,3628
0,"no_caste_unweighted",3254,5075
0,"no_caste_unweighted",3255,9178
0,"no_caste_unweighted",3256,13785
0,"no_caste_unweighted",3257,3177
0,"no_caste_unweighted",3258,6776
0,"no_caste_unweighted",3259,12024
0,"no_caste_unweighted",3260,334
0,"no_caste_unweighted",3261,2452
0,"no_caste_unweighted",3262,7987
0,"no_caste_unweighted",3263,9270
0,"no_caste_unweighted",3264,7225
0,"no_caste_unweighted",3265,1647
0,"no_caste_unweighted",3266,7071
0,"no_caste_unweighted",3267,3143
0,"no_caste_unweighted",3268,8326
0,"no_caste_unweighted",3269,1725
0,"no_caste_unweighted",3270,10538
0,"no_caste_unweighted",3271,530
0,"no_caste_unweighted",3272,1094
0,"no_caste_unweighted",3273,9854
0,"no_caste_unweighted",3274,5023
0,"no_caste_unweighted",3275,14134
0,"no_caste_unweighted",3276,11996
0,"no_caste_unweighted",3277,8254
0,"no_caste_unweighted",3278,4182
0,"no_caste_unweighted",3279,13562
0,"no_caste_unweighted",3280,4411
0,"no_caste_unweighted",3281,2164
0,"no_caste_unweighted",3282,10974
0,"no_caste_unweighted",3283,12405
0,"no_caste_unweighted",3284,7389
0,"no_caste_unweighted",3285,2220
0,"no_caste_unweighted",3286,7019
0,"no_caste_unweighted",3287,5748
0,"no_caste_unweighted",3288,3251
0,"no_caste_unweighted",3289,1817
0,"no_caste_unweighted",3290,11332
0,"no_caste_unweighted",3291,9767
0,"no_caste_unweighted",3292,7527
0,"no_caste_unweighted",3293,1301
0,"no_caste_unweighted",3294,1111
0,"no_caste_unweighted",3295,1499
0,"no_caste_unweighted",3296,3936
0,"no_caste_unweighted",3297,8686
0,"no_caste_unweighted",3298,9766
0,"no_caste_unweighted",3299,3758
0,"no_caste_unweighted",3300,9421
0,"no_caste_unweighted",3301,5937
0,"no_caste_unweighted",3302,8806
0,"no_caste_unweighted",3303,3135
0,"no_caste_unweighted",3304,6424
0,"no_caste_unweighted",3305,2282
0,"no_caste_unweighted",3306,4577
0,"no_caste_unweighted",3307,4945
0,"no_caste_unweighted",3308,11886
0,"no_caste_unweighted",3309,9439
0,"no_caste_unweighted",3310,7007
0,"no_caste_unweighted",3311,10194
0,"no_caste_unweighted",3312,6949
0,"no_caste_unweighted",3313,2171
0,"no_caste_unweighted",3314,10048
0,"no_caste_unweighted",3315,7599
0,"no_caste_unweighted",3316,8793
0,"no_caste_unweighted",3317,9060
0,"no_caste_unweighted",3318,10049
0,"no_caste_unweighted",3319,7069
0,"no_caste_unweighted",3320,12537
0,"no_caste_unweighted",3321,4087
0,"no_caste_unweighted",3322,1993
0,"no_caste_unweighted",3323,9833
0,"no_caste_unweighted",3324,7679
0,"no_caste_unweighted",3325,12844
0,"no_caste_unweighted",3326,8650
0,"no_caste_unweighted",3327,7314
0,"no_caste_unweighted",3328,13023
0,"no_caste_unweighted",3329,8020
0,"no_caste_unweighted",3330,11720
0,"no_caste_unweighted",3331,9238
0,"no_caste_unweighted",3332,12466
0,"no_caste_unweighted",3333,1714
0,"no_caste_unweighted",3334,7076
0,"no_caste_unweighted",3335,2398
0,"no_caste_unweighted",3336,6029
0,"no_caste_unweighted",3337,8233
0,"no_caste_unweighted",3338,11475
0,"no_caste_unweighted",3339,10430
0,"no_caste_unweighted",3340,12440
0,"no_caste_unweighted",3341,11922
0,"no_caste_unweighted",3342,6994
0,"no_caste_unweighted",3343,11103
0,"no_caste_unweighted",3344,8041
0,"no_caste_unweighted",3345,4446
0,"no_caste_unweighted",3346,5536
0,"no_caste_unweighted",3347,2283
0,"no_caste_unweighted",3348,6545
0,"no_caste_unweighted",3349,10894
0,"no_caste_unweighted",3350,12279
0,"no_caste_unweighted",3351,11047
0,"no_caste_unweighted",3352,12691
0,"no_caste_unweighted",3353,2821
0,"no_caste_unweighted",3354,11453
0,"no_caste_unweighted",3355,6846
0,"no_caste_unweighted",3356,6926
0,"no_caste_unweighted",3357,12872
0,"no_caste_unweighted",3358,11816
0,"no_caste_unweighted",3359,2779
0,"no_caste_unweighted",3360,7503
0,"no_caste_unweighted",3361,8310
0,"no_caste_unweighted",3362,12548
0,"no_caste_unweighted",3363,4108
0,"no_caste_unweighted",3364,8072
0,"no_caste_unweighted",3365,11465
0,"no_caste_unweighted",3366,1404
0,"no_caste_unweighted",3367,2824
0,"no_caste_unweighted",3368,1804
0,"no_caste_unweighted",3369,60
0,"no_caste_unweighted",3370,8419
0,"no_caste_unweighted",3371,5659
0,"no_caste_unweighted",3372,6194
0,"no_caste_unweighted",3373,11796
0,"no_caste_unweighted",3374,2579
0,"no_caste_unweighted",3375,5734
0,"no_caste_unweighted",3376,1453
0,"no_caste_unweighted",3377,10912
0,"no_caste_unweighted",3378,9408
0,"no_caste_unweighted",3379,9932
0,"no_caste_unweighted",3380,394
0,"no_caste_unweighted",3381,5634
0,"no_caste_unweighted",3382,640
0,"no_caste_unweighted",3383,672
0,"no_caste_unweighted",3384,7008
0,"no_caste_unweighted",3385,6338
0,"no_caste_unweighted",3386,6840
0,"no_caste_unweighted",3387,616
0,"no_caste_unweighted",3388,81
0,"no_caste_unweighted",3389,13664
0,"no_caste_unweighted",3390,7481
0,"no_caste_unweighted",3391,2178
0,"no_caste_unweighted",3392,4269
0,"no_caste_unweighted",3393,5108
0,"no_caste_unweighted",3394,11479
0,"no_caste_unweighted",3395,1393
0,"no_caste_unweighted",3396,12778
0,"no_caste_unweighted",3397,13660
0,"no_caste_unweighted",3398,1260
0,"no_caste_unweighted",3399,13738
0,"no_caste_unweighted",3400,2968
0,"no_caste_unweighted",3401,6441
0,"no_caste_unweighted",3402,11638
0,"no_caste_unweighted",3403,3427
0,"no_caste_unweighted",3404,10066
0,"no_caste_unweighted",3405,10438
0,"no_caste_unweighted",3406,9309
0,"no_caste_unweighted",3407,12413
0,"no_caste_unweighted",3408,8428
0,"no_caste_unweighted",3409,13745
0,"no_caste_unweighted",3410,1528
0,"no_caste_unweighted",3411,4401
0,"no_caste_unweighted",3412,8395
0,"no_caste_unweighted",3413,12026
0,"no_caste_unweighted",3414,4605
0,"no_caste_unweighted",3415,4170
0,"no_caste_unweighted",3416,8466
0,"no_caste_unweighted",3417,6483
0,"no_caste_unweighted",3418,11946
0,"no_caste_unweighted",3419,3381
0,"no_caste_unweighted",3420,8737
0,"no_caste_unweighted",3421,4162
0,"no_caste_unweighted",3422,7889
0,"no_caste_unweighted",3423,2034
0,"no_caste_unweighted",3424,2391
0,"no_caste_unweighted",3425,810
0,"no_caste_unweighted",3426,3354
0,"no_caste_unweighted",3427,14066
0,"no_caste_unweighted",3428,3643
0,"no_caste_unweighted",3429,1668
0,"no_caste_unweighted",3430,7859
0,"no_caste_unweighted",3431,1904
0,"no_caste_unweighted",3432,14114
0,"no_caste_unweighted",3433,9283
0,"no_caste_unweighted",3434,3773
0,"no_caste_unweighted",3435,5447
0,"no_caste_unweighted",3436,13793
0,"no_caste_unweighted",3437,3765
0,"no_caste_unweighted",3438,13857
0,"no_caste_unweighted",3439,225
0,"no_caste_unweighted",3440,7857
0,"no_caste_unweighted",3441,7926
0,"no_caste_unweighted",3442,6171
0,"no_caste_unweighted",3443,8096
0,"no_caste_unweighted",3444,7858
0,"no_caste_unweighted",3445,9433
0,"no_caste_unweighted",3446,7276
0,"no_caste_unweighted",3447,1516
0,"no_caste_unweighted",3448,41
0,"no_caste_unweighted",3449,12456
0,"no_caste_unweighted",3450,7128
0,"no_caste_unweighted",3451,8696
0,"no_caste_unweighted",3452,7027
0,"no_caste_unweighted",3453,3596
0,"no_caste_unweighted",3454,2090
0,"no_caste_unweighted",3455,2598
0,"no_caste_unweighted",3456,9224
0,"no_caste_unweighted",3457,4700
0,"no_caste_unweighted",3458,3337
0,"no_caste_unweighted",3459,12430
0,"no_caste_unweighted",3460,4748
0,"no_caste_unweighted",3461,2805
0,"no_caste_unweighted",3462,7487
0,"no_caste_unweighted",3463,8685
0,"no_caste_unweighted",3464,6867
0,"no_caste_unweighted",3465,5346
0,"no_caste_unweighted",3466,6940
0,"no_caste_unweighted",3467,8869
0,"no_caste_unweighted",3468,4073
0,"no_caste_unweighted",3469,5276
0,"no_caste_unweighted",3470,6732
0,"no_caste_unweighted",3471,5480
0,"no_caste_unweighted",3472,9613
0,"no_caste_unweighted",3473,3804
0,"no_caste_unweighted",3474,9394
0,"no_caste_unweighted",3475,5308
0,"no_caste_unweighted",3476,9222
0,"no_caste_unweighted",3477,12927
0,"no_caste_unweighted",3478,8765
0,"no_caste_unweighted",3479,2276
0,"no_caste_unweighted",3480,11565
0,"no_caste_unweighted",3481,1684
0,"no_caste_unweighted",3482,5831
0,"no_caste_unweighted",3483,8629
0,"no_caste_unweighted",3484,13803
0,"no_caste_unweighted",3485,13826
0,"no_caste_unweighted",3486,11220
0,"no_caste_unweighted",3487,1057
0,"no_caste_unweighted",3488,4593
0,"no_caste_unweighted",3489,7800
0,"no_caste_unweighted",3490,11956
0,"no_caste_unweighted",3491,2750
0,"no_caste_unweighted",3492,6088
0,"no_caste_unweighted",3493,2848
0,"no_caste_unweighted",3494,6375
0,"no_caste_unweighted",3495,10957
0,"no_caste_unweighted",3496,10919
0,"no_caste_unweighted",3497,12909
0,"no_caste_unweighted",3498,2687
0,"no_caste_unweighted",3499,3
0,"no_caste_unweighted",3500,9128
0,"no_caste_unweighted",3501,7606
0,"no_caste_unweighted",3502,6289
0,"no_caste_unweighted",3503,6525
0,"no_caste_unweighted",3504,4815
0,"no_caste_unweighted",3505,8378
0,"no_caste_unweighted",3506,3071
0,"no_caste_unweighted",3507,13696
0,"no_caste_unweighted",3508,5656
0,"no_caste_unweighted",3509,13685
0,"no_caste_unweighted",3510,7509
0,"no_caste_unweighted",3511,1713
0,"no_caste_unweighted",3512,1040
0,"no_caste_unweighted",3513,7222
0,"no_caste_unweighted",3514,2245
0,"no_caste_unweighted",3515,3370
0,"no_caste_unweighted",3516,4347
0,"no_caste_unweighted",3517,4279
0,"no_caste_unweighted",3518,12243
0,"no_caste_unweighted",3519,12048
0,"no_caste_unweighted",3520,6974
0,"no_caste_unweighted",3521,7533
0,"no_caste_unweighted",3522,11042
0,"no_caste_unweighted",3523,9326
0,"no_caste_unweighted",3524,4192
0,"no_caste_unweighted",3525,1363
0,"no_caste_unweighted",3526,8943
0,"no_caste_unweighted",3527,543
0,"no_caste_unweighted",3528,4735
0,"no_caste_unweighted",3529,5411
0,"no_caste_unweighted",3530,2141
0,"no_caste_unweighted",3531,9534
0,"no_caste_unweighted",3532,11210
0,"no_caste_unweighted",3533,10955
0,"no_caste_unweighted",3534,11180
0,"no_caste_unweighted",3535,1539
0,"no_caste_unweighted",3536,9727
0,"no_caste_unweighted",3537,5542
0,"no_caste_unweighted",3538,12345
0,"no_caste_unweighted",3539,845
0,"no_caste_unweighted",3540,7459
0,"no_caste_unweighted",3541,2960
0,"no_caste_unweighted",3542,7039
0,"no_caste_unweighted",3543,11818
0,"no_caste_unweighted",3544,10051
0,"no_caste_unweighted",3545,6607
0,"no_caste_unweighted",3546,1779
0,"no_caste_unweighted",3547,3343
0,"no_caste_unweighted",3548,10157
0,"no_caste_unweighted",3549,8157
0,"no_caste_unweighted",3550,9876
0,"no_caste_unweighted",3551,4986
0,"no_caste_unweighted",3552,5754
0,"no_caste_unweighted",3553,12754
0,"no_caste_unweighted",3554,12764
0,"no_caste_unweighted",3555,11287
0,"no_caste_unweighted",3556,13936
0,"no_caste_unweighted",3557,10948
0,"no_caste_unweighted",3558,9243
0,"no_caste_unweighted",3559,2397
0,"no_caste_unweighted",3560,5478
0,"no_caste_unweighted",3561,12449
0,"no_caste_unweighted",3562,12357
0,"no_caste_unweighted",3563,4382
0,"no_caste_unweighted",3564,10314
0,"no_caste_unweighted",3565,2924
0,"no_caste_unweighted",3566,5888
0,"no_caste_unweighted",3567,7725
0,"no_caste_unweighted",3568,6201
0,"no_caste_unweighted",3569,2922
0,"no_caste_unweighted",3570,7758
0,"no_caste_unweighted",3571,9405
0,"no_caste_unweighted",3572,7929
0,"no_caste_unweighted",3573,12369
0,"no_caste_unweighted",3574,9329
0,"no_caste_unweighted",3575,13465
0,"no_caste_unweighted",3576,13872
0,"no_caste_unweighted",3577,7543
0,"no_caste_unweighted",3578,3591
0,"no_caste_unweighted",3579,5608
0,"no_caste_unweighted",3580,6058
0,"no_caste_unweighted",3581,9363
0,"no_caste_unweighted",3582,9753
0,"no_caste_unweighted",3583,989
0,"no_caste_unweighted",3584,11877
0,"no_caste_unweighted",3585,4599
0,"no_caste_unweighted",3586,1977
0,"no_caste_unweighted",3587,2252
0,"no_caste_unweighted",3588,1498
0,"no_caste_unweighted",3589,6604
0,"no_caste_unweighted",3590,5113
0,"no_caste_unweighted",3591,877
0,"no_caste_unweighted",3592,10457
0,"no_caste_unweighted",3593,1959
0,"no_caste_unweighted",3594,8870
0,"no_caste_unweighted",3595,11342
0,"no_caste_unweighted",3596,7771
0,"no_caste_unweighted",3597,8554
0,"no_caste_unweighted",3598,9176
0,"no_caste_unweighted",3599,2625
0,"no_caste_unweighted",3600,11708
0,"no_caste_unweighted",3601,8592
0,"no_caste_unweighted",3602,7493
0,"no_caste_unweighted",3603,6253
0,"no_caste_unweighted",3604,11216
0,"no_caste_unweighted",3605,605
0,"no_caste_unweighted",3606,10649
0,"no_caste_unweighted",3607,13881
0,"no_caste_unweighted",3608,7045
0,"no_caste_unweighted",3609,4701
0,"no_caste_unweighted",3610,769
0,"no_caste_unweighted",3611,7144
0,"no_caste_unweighted",3612,7511
0,"no_caste_unweighted",3613,2984
0,"no_caste_unweighted",3614,4010
0,"no_caste_unweighted",3615,5062
0,"no_caste_unweighted",3616,4127
0,"no_caste_unweighted",3617,13902
0,"no_caste_unweighted",3618,164
0,"no_caste_unweighted",3619,1877
0,"no_caste_unweighted",3620,3293
0,"no_caste_unweighted",3621,2100
0,"no_caste_unweighted",3622,12861
0,"no_caste_unweighted",3623,18
0,"no_caste_unweighted",3624,11903
0,"no_caste_unweighted",3625,10767
0,"no_caste_unweighted",3626,2898
0,"no_caste_unweighted",3627,3755
0,"no_caste_unweighted",3628,6891
0,"no_caste_unweighted",3629,7705
0,"no_caste_unweighted",3630,998
0,"no_caste_unweighted",3631,4514
0,"no_caste_unweighted",3632,3617
0,"no_caste_unweighted",3633,10771
0,"no_caste_unweighted",3634,12935
0,"no_caste_unweighted",3635,4919
0,"no_caste_unweighted",3636,11474
0,"no_caste_unweighted",3637,418
0,"no_caste_unweighted",3638,3840
0,"no_caste_unweighted",3639,5533
0,"no_caste_unweighted",3640,14038
0,"no_caste_unweighted",3641,9959
0,"no_caste_unweighted",3642,2042
0,"no_caste_unweighted",3643,2710
0,"no_caste_unweighted",3644,6202
0,"no_caste_unweighted",3645,6245
0,"no_caste_unweighted",3646,12790
0,"no_caste_unweighted",3647,5019
0,"no_caste_unweighted",3648,3943
0,"no_caste_unweighted",3649,10295
0,"no_caste_unweighted",3650,1609
0,"no_caste_unweighted",3651,11319
0,"no_caste_unweighted",3652,6246
0,"no_caste_unweighted",3653,2122
0,"no_caste_unweighted",3654,859
0,"no_caste_unweighted",3655,5343
0,"no_caste_unweighted",3656,123
0,"no_caste_unweighted",3657,9435
0,"no_caste_unweighted",3658,763
0,"no_caste_unweighted",3659,11143
0,"no_caste_unweighted",3660,11547
0,"no_caste_unweighted",3661,4153
0,"no_caste_unweighted",3662,12856
0,"no_caste_unweighted",3663,3762
0,"no_caste_unweighted",3664,12871
0,"no_caste_unweighted",3665,2551
0,"no_caste_unweighted",3666,2273
0,"no_caste_unweighted",3667,8383
0,"no_caste_unweighted",3668,4642
0,"no_caste_unweighted",3669,12753
0,"no_caste_unweighted",3670,7862
0,"no_caste_unweighted",3671,6297
0,"no_caste_unweighted",3672,10357
0,"no_caste_unweighted",3673,2723
0,"no_caste_unweighted",3674,10231
0,"no_caste_unweighted",3675,11514
0,"no_caste_unweighted",3676,1534
0,"no_caste_unweighted",3677,9892
0,"no_caste_unweighted",3678,10988
0,"no_caste_unweighted",3679,3263
0,"no_caste_unweighted",3680,1662
0,"no_caste_unweighted",3681,6484
0,"no_caste_unweighted",3682,4786
0,"no_caste_unweighted",3683,6964
0,"no_caste_unweighted",3684,10958
0,"no_caste_unweighted",3685,6173
0,"no_caste_unweighted",3686,11281
0,"no_caste_unweighted",3687,9813
0,"no_caste_unweighted",3688,7065
0,"no_caste_unweighted",3689,9487
0,"no_caste_unweighted",3690,5552
0,"no_caste_unweighted",3691,2872
0,"no_caste_unweighted",3692,1085
0,"no_caste_unweighted",3693,8111
0,"no_caste_unweighted",3694,6342
0,"no_caste_unweighted",3695,982
0,"no_caste_unweighted",3696,3487
0,"no_caste_unweighted",3697,12287
0,"no_caste_unweighted",3698,3070
0,"no_caste_unweighted",3699,4901
0,"no_caste_unweighted",3700,5080
0,"no_caste_unweighted",3701,12698
0,"no_caste_unweighted",3702,11628
0,"no_caste_unweighted",3703,11585
0,"no_caste_unweighted",3704,12190
0,"no_caste_unweighted",3705,916
0,"no_caste_unweighted",3706,4893
0,"no_caste_unweighted",3707,339
0,"no_caste_unweighted",3708,454
0,"no_caste_unweighted",3709,946
0,"no_caste_unweighted",3710,4467
0,"no_caste_unweighted",3711,12278
0,"no_caste_unweighted",3712,2646
0,"no_caste_unweighted",3713,9754
0,"no_caste_unweighted",3714,7896
0,"no_caste_unweighted",3715,12299
0,"no_caste_unweighted",3716,11286
0,"no_caste_unweighted",3717,11850
0,"no_caste_unweighted",3718,8523
0,"no_caste_unweighted",3719,10660
0,"no_caste_unweighted",3720,9496
0,"no_caste_unweighted",3721,9589
0,"no_caste_unweighted",3722,467
0,"no_caste_unweighted",3723,7313
0,"no_caste_unweighted",3724,2424
0,"no_caste_unweighted",3725,1930
0,"no_caste_unweighted",3726,5740
0,"no_caste_unweighted",3727,14097
0,"no_caste_unweighted",3728,3699
0,"no_caste_unweighted",3729,3579
0,"no_caste_unweighted",3730,8490
0,"no_caste_unweighted",3731,1712
0,"no_caste_unweighted",3732,13651
0,"no_caste_unweighted",3733,2492
0,"no_caste_unweighted",3734,5103
0,"no_caste_unweighted",3735,4130
0,"no_caste_unweighted",3736,4628
0,"no_caste_unweighted",3737,11477
0,"no_caste_unweighted",3738,6032
0,"no_caste_unweighted",3739,261
0,"no_caste_unweighted",3740,5640
0,"no_caste_unweighted",3741,1669
0,"no_caste_unweighted",3742,12429
0,"no_caste_unweighted",3743,3484
0,"no_caste_unweighted",3744,11683
0,"no_caste_unweighted",3745,10960
0,"no_caste_unweighted",3746,5166
0,"no_caste_unweighted",3747,7928
0,"no_caste_unweighted",3748,3213
0,"no_caste_unweighted",3749,10102
0,"no_caste_unweighted",3750,10192
0,"no_caste_unweighted",3751,555
0,"no_caste_unweighted",3752,8602
0,"no_caste_unweighted",3753,10114
0,"no_caste_unweighted",3754,7122
0,"no_caste_unweighted",3755,6234
0,"no_caste_unweighted",3756,9089
0,"no_caste_unweighted",3757,3832
0,"no_caste_unweighted",3758,8703
0,"no_caste_unweighted",3759,12929
0,"no_caste_unweighted",3760,13841
0,"no_caste_unweighted",3761,10938
0,"no_caste_unweighted",3762,3120
0,"no_caste_unweighted",3763,1872
0,"no_caste_unweighted",3764,9810
0,"no_caste_unweighted",3765,7199
0,"no_caste_unweighted",3766,7993
0,"no_caste_unweighted",3767,14156
0,"no_caste_unweighted",3768,8057
0,"no_caste_unweighted",3769,2792
0,"no_caste_unweighted",3770,6260
0,"no_caste_unweighted",3771,7810
0,"no_caste_unweighted",3772,9576
0,"no_caste_unweighted",3773,9173
0,"no_caste_unweighted",3774,1632
0,"no_caste_unweighted",3775,2958
0,"no_caste_unweighted",3776,14133
0,"no_caste_unweighted",3777,518
0,"no_caste_unweighted",3778,4294
0,"no_caste_unweighted",3779,10494
0,"no_caste_unweighted",3780,2852
0,"no_caste_unweighted",3781,382
0,"no_caste_unweighted",3782,3872
0,"no_caste_unweighted",3783,707
0,"no_caste_unweighted",3784,496
0,"no_caste_unweighted",3785,263
0,"no_caste_unweighted",3786,13156
0,"no_caste_unweighted",3787,1519
0,"no_caste_unweighted",3788,5380
0,"no_caste_unweighted",3789,10058
0,"no_caste_unweighted",3790,3517
0,"no_caste_unweighted",3791,6418
0,"no_caste_unweighted",3792,14116
0,"no_caste_unweighted",3793,7189
0,"no_caste_unweighted",3794,9586
0,"no_caste_unweighted",3795,5932
0,"no_caste_unweighted",3796,2867
0,"no_caste_unweighted",3797,656
0,"no_caste_unweighted",3798,10475
0,"no_caste_unweighted",3799,8341
0,"no_caste_unweighted",3800,11902
0,"no_caste_unweighted",3801,1653
0,"no_caste_unweighted",3802,5432
0,"no_caste_unweighted",3803,10305
0,"no_caste_unweighted",3804,154
0,"no_caste_unweighted",3805,4342
0,"no_caste_unweighted",3806,13612
0,"no_caste_unweighted",3807,11313
0,"no_caste_unweighted",3808,10663
0,"no_caste_unweighted",3809,700
0,"no_caste_unweighted",3810,11031
0,"no_caste_unweighted",3811,9516
0,"no_caste_unweighted",3812,4606
0,"no_caste_unweighted",3813,5521
0,"no_caste_unweighted",3814,10933
0,"no_caste_unweighted",3815,13655
0,"no_caste_unweighted",3816,12445
0,"no_caste_unweighted",3817,959
0,"no_caste_unweighted",3818,7646
0,"no_caste_unweighted",3819,6477
0,"no_caste_unweighted",3820,10761
0,"no_caste_unweighted",3821,870
0,"no_caste_unweighted",3822,5494
0,"no_caste_unweighted",3823,11330
0,"no_caste_unweighted",3824,10268
0,"no_caste_unweighted",3825,6126
0,"no_caste_unweighted",3826,2926
0,"no_caste_unweighted",3827,1543
0,"no_caste_unweighted",3828,2097
0,"no_caste_unweighted",3829,9324
0,"no_caste_unweighted",3830,13948
0,"no_caste_unweighted",3831,12136
0,"no_caste_unweighted",3832,13744
0,"no_caste_unweighted",3833,821
0,"no_caste_unweighted",3834,2866
0,"no_caste_unweighted",3835,12960
0,"no_caste_unweighted",3836,7519
0,"no_caste_unweighted",3837,6392
0,"no_caste_unweighted",3838,10525
0,"no_caste_unweighted",3839,9633
0,"no_caste_unweighted",3840,9150
0,"no_caste_unweighted",3841,11175
0,"no_caste_unweighted",3842,7715
0,"no_caste_unweighted",3843,2085
0,"no_caste_unweighted",3844,8029
0,"no_caste_unweighted",3845,3147
0,"no_caste_unweighted",3846,3825
0,"no_caste_unweighted",3847,13991
0,"no_caste_unweighted",3848,9172
0,"no_caste_unweighted",3849,572
0,"no_caste_unweighted",3850,5986
0,"no_caste_unweighted",3851,8984
0,"no_caste_unweighted",3852,1554
0,"no_caste_unweighted",3853,4428
0,"no_caste_unweighted",3854,10814
0,"no_caste_unweighted",3855,872
0,"no_caste_unweighted",3856,7501
0,"no_caste_unweighted",3857,10055
0,"no_caste_unweighted",3858,1127
0,"no_caste_unweighted",3859,2361
0,"no_caste_unweighted",3860,8723
0,"no_caste_unweighted",3861,1997
0,"no_caste_unweighted",3862,10443
0,"no_caste_unweighted",3863,12815
0,"no_caste_unweighted",3864,13291
0,"no_caste_unweighted",3865,11021
0,"no_caste_unweighted",3866,12302
0,"no_caste_unweighted",3867,10777
0,"no_caste_unweighted",3868,9492
0,"no_caste_unweighted",3869,4238
0,"no_caste_unweighted",3870,4753
0,"no_caste_unweighted",3871,12142
0,"no_caste_unweighted",3872,5142
0,"no_caste_unweighted",3873,4891
0,"no_caste_unweighted",3874,3756
0,"no_caste_unweighted",3875,10968
0,"no_caste_unweighted",3876,9063
0,"no_caste_unweighted",3877,9310
0,"no_caste_unweighted",3878,1562
0,"no_caste_unweighted",3879,1565
0,"no_caste_unweighted",3880,4504
0,"no_caste_unweighted",3881,12831
0,"no_caste_unweighted",3882,10646
0,"no_caste_unweighted",3883,1555
0,"no_caste_unweighted",3884,12640
0,"no_caste_unweighted",3885,1400
0,"no_caste_unweighted",3886,12052
0,"no_caste_unweighted",3887,7578
0,"no_caste_unweighted",3888,12622
0,"no_caste_unweighted",3889,1557
0,"no_caste_unweighted",3890,9519
0,"no_caste_unweighted",3891,1405
0,"no_caste_unweighted",3892,9294
0,"no_caste_unweighted",3893,5002
0,"no_caste_unweighted",3894,7018
0,"no_caste_unweighted",3895,13802
0,"no_caste_unweighted",3896,326
0,"no_caste_unweighted",3897,5836
0,"no_caste_unweighted",3898,6863
0,"no_caste_unweighted",3899,6608
0,"no_caste_unweighted",3900,5445
0,"no_caste_unweighted",3901,1667
0,"no_caste_unweighted",3902,3868
0,"no_caste_unweighted",3903,11686
0,"no_caste_unweighted",3904,1626
0,"no_caste_unweighted",3905,3502
0,"no_caste_unweighted",3906,10656
0,"no_caste_unweighted",3907,484
0,"no_caste_unweighted",3908,6429
0,"no_caste_unweighted",3909,4923
0,"no_caste_unweighted",3910,10177
0,"no_caste_unweighted",3911,614
0,"no_caste_unweighted",3912,1791
0,"no_caste_unweighted",3913,7591
0,"no_caste_unweighted",3914,509
0,"no_caste_unweighted",3915,3444
0,"no_caste_unweighted",3916,7687
0,"no_caste_unweighted",3917,157
0,"no_caste_unweighted",3918,9768
0,"no_caste_unweighted",3919,7507
0,"no_caste_unweighted",3920,9343
0,"no_caste_unweighted",3921,6718
0,"no_caste_unweighted",3922,11968
0,"no_caste_unweighted",3923,8273
0,"no_caste_unweighted",3924,12038
0,"no_caste_unweighted",3925,11888
0,"no_caste_unweighted",3926,6603
0,"no_caste_unweighted",3927,8959
0,"no_caste_unweighted",3928,11942
0,"no_caste_unweighted",3929,11274
0,"no_caste_unweighted",3930,4575
0,"no_caste_unweighted",3931,7791
0,"no_caste_unweighted",3932,7989
0,"no_caste_unweighted",3933,14113
0,"no_caste_unweighted",3934,3137
0,"no_caste_unweighted",3935,7579
0,"no_caste_unweighted",3936,9075
0,"no_caste_unweighted",3937,7806
0,"no_caste_unweighted",3938,6920
0,"no_caste_unweighted",3939,5920
0,"no_caste_unweighted",3940,3195
0,"no_caste_unweighted",3941,11959
0,"no_caste_unweighted",3942,6134
0,"no_caste_unweighted",3943,2622
0,"no_caste_unweighted",3944,1285
0,"no_caste_unweighted",3945,9151
0,"no_caste_unweighted",3946,5689
0,"no_caste_unweighted",3947,10030
0,"no_caste_unweighted",3948,14008
0,"no_caste_unweighted",3949,1474
0,"no_caste_unweighted",3950,13046
0,"no_caste_unweighted",3951,3111
0,"no_caste_unweighted",3952,6278
0,"no_caste_unweighted",3953,5835
0,"no_caste_unweighted",3954,7883
0,"no_caste_unweighted",3955,2524
0,"no_caste_unweighted",3956,10031
0,"no_caste_unweighted",3957,240
0,"no_caste_unweighted",3958,557
0,"no_caste_unweighted",3959,8150
0,"no_caste_unweighted",3960,9438
0,"no_caste_unweighted",3961,6866
0,"no_caste_unweighted",3962,11773
0,"no_caste_unweighted",3963,10612
0,"no_caste_unweighted",3964,6528
0,"no_caste_unweighted",3965,12263
0,"no_caste_unweighted",3966,3342
0,"no_caste_unweighted",3967,387
0,"no_caste_unweighted",3968,8956
0,"no_caste_unweighted",3969,2239
0,"no_caste_unweighted",3970,6231
0,"no_caste_unweighted",3971,3069
0,"no_caste_unweighted",3972,9520
0,"no_caste_unweighted",3973,6205
0,"no_caste_unweighted",3974,1379
0,"no_caste_unweighted",3975,7268
0,"no_caste_unweighted",3976,10190
0,"no_caste_unweighted",3977,5211
0,"no_caste_unweighted",3978,5345
0,"no_caste_unweighted",3979,3033
0,"no_caste_unweighted",3980,4296
0,"no_caste_unweighted",3981,9196
0,"no_caste_unweighted",3982,12534
0,"no_caste_unweighted",3983,10084
0,"no_caste_unweighted",3984,3080
0,"no_caste_unweighted",3985,13776
0,"no_caste_unweighted",3986,11049
0,"no_caste_unweighted",3987,1030
0,"no_caste_unweighted",3988,2928
0,"no_caste_unweighted",3989,5168
0,"no_caste_unweighted",3990,1489
0,"no_caste_unweighted",3991,1130
0,"no_caste_unweighted",3992,14060
0,"no_caste_unweighted",3993,7441
0,"no_caste_unweighted",3994,10407
0,"no_caste_unweighted",3995,10533
0,"no_caste_unweighted",3996,1034
0,"no_caste_unweighted",3997,10326
0,"no_caste_unweighted",3998,13406
0,"no_caste_unweighted",3999,9578
0,"no_caste_unweighted",4000,9314
0,"no_caste_unweighted",4001,6626
0,"no_caste_unweighted",4002,4821
0,"no_caste_unweighted",4003,6880
0,"no_caste_unweighted",4004,5921
0,"no_caste_unweighted",4005,4937
0,"no_caste_unweighted",4006,4777
0,"no_caste_unweighted",4007,9685
0,"no_caste_unweighted",4008,5240
0,"no_caste_unweighted",4009,307
0,"no_caste_unweighted",4010,4629
0,"no_caste_unweighted",4011,2564
0,"no_caste_unweighted",4012,2411
0,"no_caste_unweighted",4013,5934
0,"no_caste_unweighted",4014,6809
0,"no_caste_unweighted",4015,13879
0,"no_caste_unweighted",4016,8451
0,"no_caste_unweighted",4017,633
0,"no_caste_unweighted",4018,9697
0,"no_caste_unweighted",4019,7100
0,"no_caste_unweighted",4020,3662
0,"no_caste_unweighted",4021,10582
0,"no_caste_unweighted",4022,5123
0,"no_caste_unweighted",4023,10021
0,"no_caste_unweighted",4024,9188
0,"no_caste_unweighted",4025,6091
0,"no_caste_unweighted",4026,10743
0,"no_caste_unweighted",4027,5244
0,"no_caste_unweighted",4028,3855
0,"no_caste_unweighted",4029,7149
0,"no_caste_unweighted",4030,2706
0,"no_caste_unweighted",4031,6304
0,"no_caste_unweighted",4032,7608
0,"no_caste_unweighted",4033,12185
0,"no_caste_unweighted",4034,688
0,"no_caste_unweighted",4035,11958
0,"no_caste_unweighted",4036,3046
0,"no_caste_unweighted",4037,10809
0,"no_caste_unweighted",4038,2708
0,"no_caste_unweighted",4039,11495
0,"no_caste_unweighted",4040,9059
0,"no_caste_unweighted",4041,7535
0,"no_caste_unweighted",4042,14129
0,"no_caste_unweighted",4043,2475
0,"no_caste_unweighted",4044,2753
0,"no_caste_unweighted",4045,14052
0,"no_caste_unweighted",4046,12614
0,"no_caste_unweighted",4047,944
0,"no_caste_unweighted",4048,8107
0,"no_caste_unweighted",4049,10877
0,"no_caste_unweighted",4050,10532
0,"no_caste_unweighted",4051,10236
0,"no_caste_unweighted",4052,8165
0,"no_caste_unweighted",4053,2505
0,"no_caste_unweighted",4054,8833
0,"no_caste_unweighted",4055,9412
0,"no_caste_unweighted",4056,5680
0,"no_caste_unweighted",4057,9991
0,"no_caste_unweighted",4058,13641
0,"no_caste_unweighted",4059,3847
0,"no_caste_unweighted",4060,5998
0,"no_caste_unweighted",4061,7667
0,"no_caste_unweighted",4062,3607
0,"no_caste_unweighted",4063,5769
0,"no_caste_unweighted",4064,10115
0,"no_caste_unweighted",4065,11461
0,"no_caste_unweighted",4066,3824
0,"no_caste_unweighted",4067,4733
0,"no_caste_unweighted",4068,2412
0,"no_caste_unweighted",4069,1750
0,"no_caste_unweighted",4070,10086
0,"no_caste_unweighted",4071,134
0,"no_caste_unweighted",4072,10652
0,"no_caste_unweighted",4073,1523
0,"no_caste_unweighted",4074,2590
0,"no_caste_unweighted",4075,9296
0,"no_caste_unweighted",4076,9875
0,"no_caste_unweighted",4077,10032
0,"no_caste_unweighted",4078,6369
0,"no_caste_unweighted",4079,1176
0,"no_caste_unweighted",4080,10815
0,"no_caste_unweighted",4081,11829
0,"no_caste_unweighted",4082,11425
0,"no_caste_unweighted",4083,14138
0,"no_caste_unweighted",4084,6829
0,"no_caste_unweighted",4085,11865
0,"no_caste_unweighted",4086,9468
0,"no_caste_unweighted",4087,1771
0,"no_caste_unweighted",4088,12496
0,"no_caste_unweighted",4089,14065
0,"no_caste_unweighted",4090,2685
0,"no_caste_unweighted",4091,4249
0,"no_caste_unweighted",4092,12619
0,"no_caste_unweighted",4093,4967
0,"no_caste_unweighted",4094,3798
0,"no_caste_unweighted",4095,9432
0,"no_caste_unweighted",4096,1865
0,"no_caste_unweighted",4097,344
0,"no_caste_unweighted",4098,4167
0,"no_caste_unweighted",4099,5120
0,"no_caste_unweighted",4100,7376
0,"no_caste_unweighted",4101,7878
0,"no_caste_unweighted",4102,5554
0,"no_caste_unweighted",4103,2666
0,"no_caste_unweighted",4104,11034
0,"no_caste_unweighted",4105,933
0,"no_caste_unweighted",4106,9545
0,"no_caste_unweighted",4107,7766
0,"no_caste_unweighted",4108,1547
0,"no_caste_unweighted",4109,6938
0,"no_caste_unweighted",4110,7016
0,"no_caste_unweighted",4111,5235
0,"no_caste_unweighted",4112,13711
0,"no_caste_unweighted",4113,8071
0,"no_caste_unweighted",4114,4639
0,"no_caste_unweighted",4115,11339
0,"no_caste_unweighted",4116,11048
0,"no_caste_unweighted",4117,13603
0,"no_caste_unweighted",4118,12615
0,"no_caste_unweighted",4119,3481
0,"no_caste_unweighted",4120,8155
0,"no_caste_unweighted",4121,12158
0,"no_caste_unweighted",4122,13708
0,"no_caste_unweighted",4123,9914
0,"no_caste_unweighted",4124,11127
0,"no_caste_unweighted",4125,1676
0,"no_caste_unweighted",4126,13878
0,"no_caste_unweighted",4127,8659
0,"no_caste_unweighted",4128,6711
0,"no_caste_unweighted",4129,12644
0,"no_caste_unweighted",4130,1809
0,"no_caste_unweighted",4131,7671
0,"no_caste_unweighted",4132,13356
0,"no_caste_unweighted",4133,5570
0,"no_caste_unweighted",4134,9706
0,"no_caste_unweighted",4135,6328
0,"no_caste_unweighted",4136,11560
0,"no_caste_unweighted",4137,4105
0,"no_caste_unweighted",4138,13834
0,"no_caste_unweighted",4139,2133
0,"no_caste_unweighted",4140,991
0,"no_caste_unweighted",4141,8794
0,"no_caste_unweighted",4142,1722
0,"no_caste_unweighted",4143,9462
0,"no_caste_unweighted",4144,13794
0,"no_caste_unweighted",4145,5906
0,"no_caste_unweighted",4146,14055
0,"no_caste_unweighted",4147,984
0,"no_caste_unweighted",4148,10513
0,"no_caste_unweighted",4149,12686
0,"no_caste_unweighted",4150,11501
0,"no_caste_unweighted",4151,4958
0,"no_caste_unweighted",4152,5425
0,"no_caste_unweighted",4153,2078
0,"no_caste_unweighted",4154,5124
0,"no_caste_unweighted",4155,11142
0,"no_caste_unweighted",4156,1250
0,"no_caste_unweighted",4157,8370
0,"no_caste_unweighted",4158,6439
0,"no_caste_unweighted",4159,9664
0,"no_caste_unweighted",4160,8687
0,"no_caste_unweighted",4161,11376
0,"no_caste_unweighted",4162,1281
0,"no_caste_unweighted",4163,1192
0,"no_caste_unweighted",4164,10009
0,"no_caste_unweighted",4165,71
0,"no_caste_unweighted",4166,6757
0,"no_caste_unweighted",4167,12245
0,"no_caste_unweighted",4168,10862
0,"no_caste_unweighted",4169,2973
0,"no_caste_unweighted",4170,12174
0,"no_caste_unweighted",4171,3852
0,"no_caste_unweighted",4172,6968
0,"no_caste_unweighted",4173,9249
0,"no_caste_unweighted",4174,14131
0,"no_caste_unweighted",4175,3482
0,"no_caste_unweighted",4176,4490
0,"no_caste_unweighted",4177,6112
0,"no_caste_unweighted",4178,2798
0,"no_caste_unweighted",4179,12949
0,"no_caste_unweighted",4180,12051
0,"no_caste_unweighted",4181,8105
0,"no_caste_unweighted",4182,480
0,"no_caste_unweighted",4183,9395
0,"no_caste_unweighted",4184,2623
0,"no_caste_unweighted",4185,9038
0,"no_caste_unweighted",4186,696
0,"no_caste_unweighted",4187,12415
0,"no_caste_unweighted",4188,6792
0,"no_caste_unweighted",4189,10397
0,"no_caste_unweighted",4190,2326
0,"no_caste_unweighted",4191,5577
0,"no_caste_unweighted",4192,8656
0,"no_caste_unweighted",4193,1290
0,"no_caste_unweighted",4194,6879
0,"no_caste_unweighted",4195,9125
0,"no_caste_unweighted",4196,9624
0,"no_caste_unweighted",4197,6467
0,"no_caste_unweighted",4198,2211
0,"no_caste_unweighted",4199,155
0,"no_caste_unweighted",4200,7561
0,"no_caste_unweighted",4201,3730
0,"no_caste_unweighted",4202,8091
0,"no_caste_unweighted",4203,2119
0,"no_caste_unweighted",4204,522
0,"no_caste_unweighted",4205,1361
0,"no_caste_unweighted",4206,1213
0,"no_caste_unweighted",4207,1926
0,"no_caste_unweighted",4208,8722
0,"no_caste_unweighted",4209,192
0,"no_caste_unweighted",4210,1287
0,"no_caste_unweighted",4211,3384
0,"no_caste_unweighted",4212,2052
0,"no_caste_unweighted",4213,12354
0,"no_caste_unweighted",4214,7793
0,"no_caste_unweighted",4215,3626
0,"no_caste_unweighted",4216,8114
0,"no_caste_unweighted",4217,2355
0,"no_caste_unweighted",4218,5833
0,"no_caste_unweighted",4219,6669
0,"no_caste_unweighted",4220,12420
0,"no_caste_unweighted",4221,7321
0,"no_caste_unweighted",4222,12175
0,"no_caste_unweighted",4223,6699
0,"no_caste_unweighted",4224,533
0,"no_caste_unweighted",4225,7192
0,"no_caste_unweighted",4226,9277
0,"no_caste_unweighted",4227,1780
0,"no_caste_unweighted",4228,12638
0,"no_caste_unweighted",4229,2373
0,"no_caste_unweighted",4230,7589
0,"no_caste_unweighted",4231,8438
0,"no_caste_unweighted",4232,2486
0,"no_caste_unweighted",4233,12431
0,"no_caste_unweighted",4234,2830
0,"no_caste_unweighted",4235,11312
0,"no_caste_unweighted",4236,2405
0,"no_caste_unweighted",4237,4543
0,"no_caste_unweighted",4238,5957
0,"no_caste_unweighted",4239,11528
0,"no_caste_unweighted",4240,8657
0,"no_caste_unweighted",4241,4746
0,"no_caste_unweighted",4242,4003
0,"no_caste_unweighted",4243,9555
0,"no_caste_unweighted",4244,5877
0,"no_caste_unweighted",4245,8034
0,"no_caste_unweighted",4246,9051
0,"no_caste_unweighted",4247,268
0,"no_caste_unweighted",4248,6293
0,"no_caste_unweighted",4249,7990
0,"no_caste_unweighted",4250,4751
0,"no_caste_unweighted",4251,11095
0,"no_caste_unweighted",4252,5858
0,"no_caste_unweighted",4253,8488
0,"no_caste_unweighted",4254,2676
0,"no_caste_unweighted",4255,10499
0,"no_caste_unweighted",4256,3281
0,"no_caste_unweighted",4257,8095
0,"no_caste_unweighted",4258,3597
0,"no_caste_unweighted",4259,13919
0,"no_caste_unweighted",4260,7869
0,"no_caste_unweighted",4261,3113
0,"no_caste_unweighted",4262,3490
0,"no_caste_unweighted",4263,9256
0,"no_caste_unweighted",4264,7190
0,"no_caste_unweighted",4265,6222
0,"no_caste_unweighted",4266,1490
0,"no_caste_unweighted",4267,1979
0,"no_caste_unweighted",4268,5400
0,"no_caste_unweighted",4269,3642
0,"no_caste_unweighted",4270,11688
0,"no_caste_unweighted",4271,6098
0,"no_caste_unweighted",4272,9623
0,"no_caste_unweighted",4273,11876
0,"no_caste_unweighted",4274,11256
0,"no_caste_unweighted",4275,6865
0,"no_caste_unweighted",4276,9140
0,"no_caste_unweighted",4277,4520
0,"no_caste_unweighted",4278,943
0,"no_caste_unweighted",4279,2864
0,"no_caste_unweighted",4280,12403
0,"no_caste_unweighted",4281,11827
0,"no_caste_unweighted",4282,780
0,"no_caste_unweighted",4283,3763
0,"no_caste_unweighted",4284,7093
0,"no_caste_unweighted",4285,4716
0,"no_caste_unweighted",4286,6060
0,"no_caste_unweighted",4287,12943
0,"no_caste_unweighted",4288,3660
0,"no_caste_unweighted",4289,12105
0,"no_caste_unweighted",4290,5082
0,"no_caste_unweighted",4291,6235
0,"no_caste_unweighted",4292,5764
0,"no_caste_unweighted",4293,12769
0,"no_caste_unweighted",4294,2974
0,"no_caste_unweighted",4295,12874
0,"no_caste_unweighted",4296,7460
0,"no_caste_unweighted",4297,6258
0,"no_caste_unweighted",4298,5390
0,"no_caste_unweighted",4299,7417
0,"no_caste_unweighted",4300,6488
0,"no_caste_unweighted",4301,9139
0,"no_caste_unweighted",4302,10632
0,"no_caste_unweighted",4303,7467
0,"no_caste_unweighted",4304,1496
0,"no_caste_unweighted",4305,9611
0,"no_caste_unweighted",4306,10573
0,"no_caste_unweighted",4307,12723
0,"no_caste_unweighted",4308,9749
0,"no_caste_unweighted",4309,2917
0,"no_caste_unweighted",4310,3283
0,"no_caste_unweighted",4311,12363
0,"no_caste_unweighted",4312,2268
0,"no_caste_unweighted",4313,10997
0,"no_caste_unweighted",4314,12857
0,"no_caste_unweighted",4315,12495
0,"no_caste_unweighted",4316,11448
0,"no_caste_unweighted",4317,10489
0,"no_caste_unweighted",4318,8175
0,"no_caste_unweighted",4319,4563
0,"no_caste_unweighted",4320,11646
0,"no_caste_unweighted",4321,2219
0,"no_caste_unweighted",4322,9434
0,"no_caste_unweighted",4323,12140
0,"no_caste_unweighted",4324,13800
0,"no_caste_unweighted",4325,10300
0,"no_caste_unweighted",4326,5601
0,"no_caste_unweighted",4327,5498
0,"no_caste_unweighted",4328,1075
0,"no_caste_unweighted",4329,7311
0,"no_caste_unweighted",4330,12293
0,"no_caste_unweighted",4331,10059
0,"no_caste_unweighted",4332,3102
0,"no_caste_unweighted",4333,13309
0,"no_caste_unweighted",4334,2372
0,"no_caste_unweighted",4335,1159
0,"no_caste_unweighted",4336,7680
0,"no_caste_unweighted",4337,5954
0,"no_caste_unweighted",4338,300
0,"no_caste_unweighted",4339,1664
0,"no_caste_unweighted",4340,6216
0,"no_caste_unweighted",4341,8125
0,"no_caste_unweighted",4342,1978
0,"no_caste_unweighted",4343,3588
0,"no_caste_unweighted",4344,3244
0,"no_caste_unweighted",4345,10725
0,"no_caste_unweighted",4346,4169
0,"no_caste_unweighted",4347,871
0,"no_caste_unweighted",4348,9814
0,"no_caste_unweighted",4349,6547
0,"no_caste_unweighted",4350,13618
0,"no_caste_unweighted",4351,12697
0,"no_caste_unweighted",4352,7067
0,"no_caste_unweighted",4353,10976
0,"no_caste_unweighted",4354,2088
0,"no_caste_unweighted",4355,3040
0,"no_caste_unweighted",4356,3013
0,"no_caste_unweighted",4357,2617
0,"no_caste_unweighted",4358,9915
0,"no_caste_unweighted",4359,6664
0,"no_caste_unweighted",4360,11248
0,"no_caste_unweighted",4361,7366
0,"no_caste_unweighted",4362,7077
0,"no_caste_unweighted",4363,6493
0,"no_caste_unweighted",4364,3255
0,"no_caste_unweighted",4365,4731
0,"no_caste_unweighted",4366,12813
0,"no_caste_unweighted",4367,10794
0,"no_caste_unweighted",4368,11519
0,"no_caste_unweighted",4369,9710
0,"no_caste_unweighted",4370,1416
0,"no_caste_unweighted",4371,223
0,"no_caste_unweighted",4372,3991
0,"no_caste_unweighted",4373,2099
0,"no_caste_unweighted",4374,5144
0,"no_caste_unweighted",4375,4230
0,"no_caste_unweighted",4376,9646
0,"no_caste_unweighted",4377,12313
0,"no_caste_unweighted",4378,9281
0,"no_caste_unweighted",4379,2599
0,"no_caste_unweighted",4380,3687
0,"no_caste_unweighted",4381,5818
0,"no_caste_unweighted",4382,8809
0,"no_caste_unweighted",4383,152
0,"no_caste_unweighted",4384,8836
0,"no_caste_unweighted",4385,12835
0,"no_caste_unweighted",4386,6357
0,"no_caste_unweighted",4387,13701
0,"no_caste_unweighted",4388,8120
0,"no_caste_unweighted",4389,6722
0,"no_caste_unweighted",4390,3322
0,"no_caste_unweighted",4391,8319
0,"no_caste_unweighted",4392,3974
0,"no_caste_unweighted",4393,12382
0,"no_caste_unweighted",4394,5507
0,"no_caste_unweighted",4395,13721
0,"no_caste_unweighted",4396,1830
0,"no_caste_unweighted",4397,5569
0,"no_caste_unweighted",4398,11232
0,"no_caste_unweighted",4399,13951
0,"no_caste_unweighted",4400,14010
0,"no_caste_unweighted",4401,4888
0,"no_caste_unweighted",4402,4469
0,"no_caste_unweighted",4403,4175
0,"no_caste_unweighted",4404,5229
0,"no_caste_unweighted",4405,4654
0,"no_caste_unweighted",4406,8392
0,"no_caste_unweighted",4407,2102
0,"no_caste_unweighted",4408,10726
0,"no_caste_unweighted",4409,11471
0,"no_caste_unweighted",4410,823
0,"no_caste_unweighted",4411,10135
0,"no_caste_unweighted",4412,494
0,"no_caste_unweighted",4413,5111
0,"no_caste_unweighted",4414,11534
0,"no_caste_unweighted",4415,4615
0,"no_caste_unweighted",4416,949
0,"no_caste_unweighted",4417,353
0,"no_caste_unweighted",4418,11979
0,"no_caste_unweighted",4419,6635
0,"no_caste_unweighted",4420,1650
0,"no_caste_unweighted",4421,4985
0,"no_caste_unweighted",4422,1374
0,"no_caste_unweighted",4423,4140
0,"no_caste_unweighted",4424,6618
0,"no_caste_unweighted",4425,9712
0,"no_caste_unweighted",4426,8094
0,"no_caste_unweighted",4427,1055
0,"no_caste_unweighted",4428,13686
0,"no_caste_unweighted",4429,2385
0,"no_caste_unweighted",4430,2839
0,"no_caste_unweighted",4431,7233
0,"no_caste_unweighted",4432,5997
0,"no_caste_unweighted",4433,865
0,"no_caste_unweighted",4434,9619
0,"no_caste_unweighted",4435,7604
0,"no_caste_unweighted",4436,11967
0,"no_caste_unweighted",4437,2713
0,"no_caste_unweighted",4438,10617
0,"no_caste_unweighted",4439,2893
0,"no_caste_unweighted",4440,4056
0,"no_caste_unweighted",4441,13671
0,"no_caste_unweighted",4442,15
0,"no_caste_unweighted",4443,3737
0,"no_caste_unweighted",4444,12215
0,"no_caste_unweighted",4445,9668
0,"no_caste_unweighted",4446,1210
0,"no_caste_unweighted",4447,6363
0,"no_caste_unweighted",4448,761
0,"no_caste_unweighted",4449,766
0,"no_caste_unweighted",4450,11173
0,"no_caste_unweighted",4451,12682
0,"no_caste_unweighted",4452,10980
0,"no_caste_unweighted",4453,4174
0,"no_caste_unweighted",4454,12594
0,"no_caste_unweighted",4455,5466
0,"no_caste_unweighted",4456,4134
0,"no_caste_unweighted",4457,9042
0,"no_caste_unweighted",4458,6186
0,"no_caste_unweighted",4459,1371
0,"no_caste_unweighted",4460,11891
0,"no_caste_unweighted",4461,12940
0,"no_caste_unweighted",4462,5470
0,"no_caste_unweighted",4463,9559
0,"no_caste_unweighted",4464,6472
0,"no_caste_unweighted",4465,6308
0,"no_caste_unweighted",4466,6187
0,"no_caste_unweighted",4467,9804
0,"no_caste_unweighted",4468,12494
0,"no_caste_unweighted",4469,11284
0,"no_caste_unweighted",4470,4161
0,"no_caste_unweighted",4471,3207
0,"no_caste_unweighted",4472,5968
0,"no_caste_unweighted",4473,4333
0,"no_caste_unweighted",4474,7397
0,"no_caste_unweighted",4475,880
0,"no_caste_unweighted",4476,566
0,"no_caste_unweighted",4477,11898
0,"no_caste_unweighted",4478,7063
0,"no_caste_unweighted",4479,13523
0,"no_caste_unweighted",4480,325
0,"no_caste_unweighted",4481,12244
0,"no_caste_unweighted",4482,1161
0,"no_caste_unweighted",4483,5359
0,"no_caste_unweighted",4484,578
0,"no_caste_unweighted",4485,13967
0,"no_caste_unweighted",4486,6272
0,"no_caste_unweighted",4487,7241
0,"no_caste_unweighted",4488,5158
0,"no_caste_unweighted",4489,9874
0,"no_caste_unweighted",4490,13990
0,"no_caste_unweighted",4491,3144
0,"no_caste_unweighted",4492,7919
0,"no_caste_unweighted",4493,12321
0,"no_caste_unweighted",4494,7843
0,"no_caste_unweighted",4495,8104
0,"no_caste_unweighted",4496,4833
0,"no_caste_unweighted",4497,1581
0,"no_caste_unweighted",4498,2201
0,"no_caste_unweighted",4499,9902
0,"no_caste_unweighted",4500,13266
0,"no_caste_unweighted",4501,8756
0,"no_caste_unweighted",4502,13554
0,"no_caste_unweighted",4503,1269
0,"no_caste_unweighted",4504,13138
0,"no_caste_unweighted",4505,6119
0,"no_caste_unweighted",4506,12295
0,"no_caste_unweighted",4507,3380
0,"no_caste_unweighted",4508,235
0,"no_caste_unweighted",4509,5443
0,"no_caste_unweighted",4510,13642
0,"no_caste_unweighted",4511,11001
0,"no_caste_unweighted",4512,3745
0,"no_caste_unweighted",4513,10860
0,"no_caste_unweighted",4514,4186
0,"no_caste_unweighted",4515,10625
0,"no_caste_unweighted",4516,5048
0,"no_caste_unweighted",4517,8487
0,"no_caste_unweighted",4518,5535
0,"no_caste_unweighted",4519,5300
0,"no_caste_unweighted",4520,13673
0,"no_caste_unweighted",4521,11680
0,"no_caste_unweighted",4522,12396
0,"no_caste_unweighted",4523,10173
0,"no_caste_unweighted",4524,9733
0,"no_caste_unweighted",4525,10550
0,"no_caste_unweighted",4526,14090
0,"no_caste_unweighted",4527,7966
0,"no_caste_unweighted",4528,9720
0,"no_caste_unweighted",4529,6463
0,"no_caste_unweighted",4530,7961
0,"no_caste_unweighted",4531,11600
0,"no_caste_unweighted",4532,10616
0,"no_caste_unweighted",4533,1005
0,"no_caste_unweighted",4534,1141
0,"no_caste_unweighted",4535,39
0,"no_caste_unweighted",4536,5224
0,"no_caste_unweighted",4537,11125
0,"no_caste_unweighted",4538,5231
0,"no_caste_unweighted",4539,11944
0,"no_caste_unweighted",4540,11803
0,"no_caste_unweighted",4541,1152
0,"no_caste_unweighted",4542,5963
0,"no_caste_unweighted",4543,2899
0,"no_caste_unweighted",4544,12275
0,"no_caste_unweighted",4545,2051
0,"no_caste_unweighted",4546,10045
0,"no_caste_unweighted",4547,4564
0,"no_caste_unweighted",4548,12554
0,"no_caste_unweighted",4549,834
0,"no_caste_unweighted",4550,393
0,"no_caste_unweighted",4551,9144
0,"no_caste_unweighted",4552,4562
0,"no_caste_unweighted",4553,336
0,"no_caste_unweighted",4554,11603
0,"no_caste_unweighted",4555,1537
0,"no_caste_unweighted",4556,9244
0,"no_caste_unweighted",4557,4838
0,"no_caste_unweighted",4558,13762
0,"no_caste_unweighted",4559,12428
0,"no_caste_unweighted",4560,7967
0,"no_caste_unweighted",4561,2248
0,"no_caste_unweighted",4562,4702
0,"no_caste_unweighted",4563,11447
0,"no_caste_unweighted",4564,4012
0,"no_caste_unweighted",4565,5130
0,"no_caste_unweighted",4566,1327
0,"no_caste_unweighted",4567,6962
0,"no_caste_unweighted",4568,2718
0,"no_caste_unweighted",4569,11963
0,"no_caste_unweighted",4570,9364
0,"no_caste_unweighted",4571,13889
0,"no_caste_unweighted",4572,10208
0,"no_caste_unweighted",4573,4549
0,"no_caste_unweighted",4574,637
0,"no_caste_unweighted",4575,4346
0,"no_caste_unweighted",4576,12920
0,"no_caste_unweighted",4577,2536
0,"no_caste_unweighted",4578,11280
0,"no_caste_unweighted",4579,369
0,"no_caste_unweighted",4580,1010
0,"no_caste_unweighted",4581,3821
0,"no_caste_unweighted",4582,1629
0,"no_caste_unweighted",4583,10744
0,"no_caste_unweighted",4584,7466
0,"no_caste_unweighted",4585,12165
0,"no_caste_unweighted",4586,7279
0,"no_caste_unweighted",4587,6233
0,"no_caste_unweighted",4588,10181
0,"no_caste_unweighted",4589,9312
0,"no_caste_unweighted",4590,8113
0,"no_caste_unweighted",4591,9454
0,"no_caste_unweighted",4592,9272
0,"no_caste_unweighted",4593,9385
0,"no_caste_unweighted",4594,11268
0,"no_caste_unweighted",4595,684
0,"no_caste_unweighted",4596,11098
0,"no_caste_unweighted",4597,7982
0,"no_caste_unweighted",4598,3287
0,"no_caste_unweighted",4599,2146
0,"no_caste_unweighted",4600,4135
0,"no_caste_unweighted",4601,12575
0,"no_caste_unweighted",4602,10504
0,"no_caste_unweighted",4603,37
0,"no_caste_unweighted",4604,6162
0,"no_caste_unweighted",4605,12290
0,"no_caste_unweighted",4606,1525
0,"no_caste_unweighted",4607,10296
0,"no_caste_unweighted",4608,4109
0,"no_caste_unweighted",4609,4023
0,"no_caste_unweighted",4610,12034
0,"no_caste_unweighted",4611,3168
0,"no_caste_unweighted",4612,8704
0,"no_caste_unweighted",4613,12281
0,"no_caste_unweighted",4614,6986
0,"no_caste_unweighted",4615,12719
0,"no_caste_unweighted",4616,1217
0,"no_caste_unweighted",4617,52
0,"no_caste_unweighted",4618,69
0,"no_caste_unweighted",4619,3095
0,"no_caste_unweighted",4620,12786
0,"no_caste_unweighted",4621,6142
0,"no_caste_unweighted",4622,12992
0,"no_caste_unweighted",4623,8293
0,"no_caste_unweighted",4624,1504
0,"no_caste_unweighted",4625,1080
0,"no_caste_unweighted",4626,508
0,"no_caste_unweighted",4627,4710
0,"no_caste_unweighted",4628,5775
0,"no_caste_unweighted",4629,265
0,"no_caste_unweighted",4630,12684
0,"no_caste_unweighted",4631,7474
0,"no_caste_unweighted",4632,1065
0,"no_caste_unweighted",4633,2076
0,"no_caste_unweighted",4634,10720
0,"no_caste_unweighted",4635,56
0,"no_caste_unweighted",4636,11357
0,"no_caste_unweighted",4637,13783
0,"no_caste_unweighted",4638,2316
0,"no_caste_unweighted",4639,12091
0,"no_caste_unweighted",4640,2900
0,"no_caste_unweighted",4641,6282
0,"no_caste_unweighted",4642,3880
0,"no_caste_unweighted",4643,11899
0,"no_caste_unweighted",4644,7622
0,"no_caste_unweighted",4645,4679
0,"no_caste_unweighted",4646,8449
0,"no_caste_unweighted",4647,4589
0,"no_caste_unweighted",4648,10214
0,"no_caste_unweighted",4649,5
0,"no_caste_unweighted",4650,1838
0,"no_caste_unweighted",4651,9871
0,"no_caste_unweighted",4652,10774
0,"no_caste_unweighted",4653,9041
0,"no_caste_unweighted",4654,9816
0,"no_caste_unweighted",4655,6592
0,"no_caste_unweighted",4656,5107
0,"no_caste_unweighted",4657,11333
0,"no_caste_unweighted",4658,4320
0,"no_caste_unweighted",4659,12277
0,"no_caste_unweighted",4660,13634
0,"no_caste_unweighted",4661,802
0,"no_caste_unweighted",4662,9535
0,"no_caste_unweighted",4663,6343
0,"no_caste_unweighted",4664,3139
0,"no_caste_unweighted",4665,4502
0,"no_caste_unweighted",4666,1619
0,"no_caste_unweighted",4667,11662
0,"no_caste_unweighted",4668,10769
0,"no_caste_unweighted",4669,2381
0,"no_caste_unweighted",4670,11817
0,"no_caste_unweighted",4671,7362
0,"no_caste_unweighted",4672,1172
0,"no_caste_unweighted",4673,3412
0,"no_caste_unweighted",4674,11244
0,"no_caste_unweighted",4675,1950
0,"no_caste_unweighted",4676,11177
0,"no_caste_unweighted",4677,1022
0,"no_caste_unweighted",4678,2727
0,"no_caste_unweighted",4679,10249
0,"no_caste_unweighted",4680,10169
0,"no_caste_unweighted",4681,13352
0,"no_caste_unweighted",4682,3361
0,"no_caste_unweighted",4683,9116
0,"no_caste_unweighted",4684,7157
0,"no_caste_unweighted",4685,12690
0,"no_caste_unweighted",4686,3347
0,"no_caste_unweighted",4687,10440
0,"no_caste_unweighted",4688,12685
0,"no_caste_unweighted",4689,12435
0,"no_caste_unweighted",4690,11409
0,"no_caste_unweighted",4691,10091
0,"no_caste_unweighted",4692,13931
0,"no_caste_unweighted",4693,11980
0,"no_caste_unweighted",4694,4235
0,"no_caste_unweighted",4695,2204
0,"no_caste_unweighted",4696,4831
0,"no_caste_unweighted",4697,12436
0,"no_caste_unweighted",4698,10378
0,"no_caste_unweighted",4699,10608
0,"no_caste_unweighted",4700,395
0,"no_caste_unweighted",4701,579
0,"no_caste_unweighted",4702,4437
0,"no_caste_unweighted",4703,12455
0,"no_caste_unweighted",4704,1912
0,"no_caste_unweighted",4705,1095
0,"no_caste_unweighted",4706,12811
0,"no_caste_unweighted",4707,11364
0,"no_caste_unweighted",4708,1355
0,"no_caste_unweighted",4709,1749
0,"no_caste_unweighted",4710,10759
0,"no_caste_unweighted",4711,2877
0,"no_caste_unweighted",4712,12194
0,"no_caste_unweighted",4713,13000
0,"no_caste_unweighted",4714,1530
0,"no_caste_unweighted",4715,196
0,"no_caste_unweighted",4716,2303
0,"no_caste_unweighted",4717,7774
0,"no_caste_unweighted",4718,3933
0,"no_caste_unweighted",4719,13867
0,"no_caste_unweighted",4720,2675
0,"no_caste_unweighted",4721,889
0,"no_caste_unweighted",4722,6393
0,"no_caste_unweighted",4723,6576
0,"no_caste_unweighted",4724,5119
0,"no_caste_unweighted",4725,332
0,"no_caste_unweighted",4726,9036
0,"no_caste_unweighted",4727,11842
0,"no_caste_unweighted",4728,4405
0,"no_caste_unweighted",4729,12149
0,"no_caste_unweighted",4730,7957
0,"no_caste_unweighted",4731,4142
0,"no_caste_unweighted",4732,548
0,"no_caste_unweighted",4733,808
0,"no_caste_unweighted",4734,6502
0,"no_caste_unweighted",4735,6907
0,"no_caste_unweighted",4736,12451
0,"no_caste_unweighted",4737,4539
0,"no_caste_unweighted",4738,3246
0,"no_caste_unweighted",4739,7387
0,"no_caste_unweighted",4740,7379
0,"no_caste_unweighted",4741,416
0,"no_caste_unweighted",4742,6784
0,"no_caste_unweighted",4743,3473
0,"no_caste_unweighted",4744,3401
0,"no_caste_unweighted",4745,3883
0,"no_caste_unweighted",4746,11410
0,"no_caste_unweighted",4747,10822
0,"no_caste_unweighted",4748,7026
0,"no_caste_unweighted",4749,8039
0,"no_caste_unweighted",4750,2314
0,"no_caste_unweighted",4751,11068
0,"no_caste_unweighted",4752,9485
0,"no_caste_unweighted",4753,5506
0,"no_caste_unweighted",4754,7567
0,"no_caste_unweighted",4755,345
0,"no_caste_unweighted",4756,3512
0,"no_caste_unweighted",4757,4918
0,"no_caste_unweighted",4758,5983
0,"no_caste_unweighted",4759,12579
0,"no_caste_unweighted",4760,12792
0,"no_caste_unweighted",4761,12905
0,"no_caste_unweighted",4762,1917
0,"no_caste_unweighted",4763,6009
0,"no_caste_unweighted",4764,6954
0,"no_caste_unweighted",4765,13808
0,"no_caste_unweighted",4766,7033
0,"no_caste_unweighted",4767,2688
0,"no_caste_unweighted",4768,7470
0,"no_caste_unweighted",4769,10259
0,"no_caste_unweighted",4770,11317
0,"no_caste_unweighted",4771,10153
0,"no_caste_unweighted",4772,4754
0,"no_caste_unweighted",4773,9886
0,"no_caste_unweighted",4774,4035
0,"no_caste_unweighted",4775,13953
0,"no_caste_unweighted",4776,6830
0,"no_caste_unweighted",4777,6046
0,"no_caste_unweighted",4778,9253
0,"no_caste_unweighted",4779,9776
0,"no_caste_unweighted",4780,1624
0,"no_caste_unweighted",4781,2600
0,"no_caste_unweighted",4782,6436
0,"no_caste_unweighted",4783,4687
0,"no_caste_unweighted",4784,6752
0,"no_caste_unweighted",4785,9652
0,"no_caste_unweighted",4786,11658
0,"no_caste_unweighted",4787,4756
0,"no_caste_unweighted",4788,2942
0,"no_caste_unweighted",4789,9120
0,"no_caste_unweighted",4790,13077
0,"no_caste_unweighted",4791,12536
0,"no_caste_unweighted",4792,366
0,"no_caste_unweighted",4793,14168
0,"no_caste_unweighted",4794,3028
0,"no_caste_unweighted",4795,4433
0,"no_caste_unweighted",4796,658
0,"no_caste_unweighted",4797,2419
0,"no_caste_unweighted",4798,13822
0,"no_caste_unweighted",4799,11838
0,"no_caste_unweighted",4800,9115
0,"no_caste_unweighted",4801,9201
0,"no_caste_unweighted",4802,2311
0,"no_caste_unweighted",4803,5210
0,"no_caste_unweighted",4804,13886
0,"no_caste_unweighted",4805,786
0,"no_caste_unweighted",4806,3399
0,"no_caste_unweighted",4807,8459
0,"no_caste_unweighted",4808,3896
0,"no_caste_unweighted",4809,3086
0,"no_caste_unweighted",4810,10798
0,"no_caste_unweighted",4811,5366
0,"no_caste_unweighted",4812,2068
0,"no_caste_unweighted",4813,1411
0,"no_caste_unweighted",4814,3494
0,"no_caste_unweighted",4815,13262
0,"no_caste_unweighted",4816,3989
0,"no_caste_unweighted",4817,5869
0,"no_caste_unweighted",4818,7116
0,"no_caste_unweighted",4819,7802
0,"no_caste_unweighted",4820,10374
0,"no_caste_unweighted",4821,10727
0,"no_caste_unweighted",4822,1937
0,"no_caste_unweighted",4823,5286
0,"no_caste_unweighted",4824,3777
0,"no_caste_unweighted",4825,7385
0,"no_caste_unweighted",4826,5012
0,"no_caste_unweighted",4827,1687
0,"no_caste_unweighted",4828,12812
0,"no_caste_unweighted",4829,10253
0,"no_caste_unweighted",4830,12766
0,"no_caste_unweighted",4831,3949
0,"no_caste_unweighted",4832,392
0,"no_caste_unweighted",4833,5337
0,"no_caste_unweighted",4834,398
0,"no_caste_unweighted",4835,7217
0,"no_caste_unweighted",4836,8022
0,"no_caste_unweighted",4837,4688
0,"no_caste_unweighted",4838,1252
0,"no_caste_unweighted",4839,14007
0,"no_caste_unweighted",4840,1646
0,"no_caste_unweighted",4841,6797
0,"no_caste_unweighted",4842,13688
0,"no_caste_unweighted",4843,3766
0,"no_caste_unweighted",4844,2263
0,"no_caste_unweighted",4845,1969
0,"no_caste_unweighted",4846,1492
0,"no_caste_unweighted",4847,728
0,"no_caste_unweighted",4848,12090
0,"no_caste_unweighted",4849,2305
0,"no_caste_unweighted",4850,10779
0,"no_caste_unweighted",4851,3978
0,"no_caste_unweighted",4852,7280
0,"no_caste_unweighted",4853,6810
0,"no_caste_unweighted",4854,6500
0,"no_caste_unweighted",4855,4940
0,"no_caste_unweighted",4856,13707
0,"no_caste_unweighted",4857,7356
0,"no_caste_unweighted",4858,10360
0,"no_caste_unweighted",4859,2320
0,"no_caste_unweighted",4860,1694
0,"no_caste_unweighted",4861,11779
0,"no_caste_unweighted",4862,6516
0,"no_caste_unweighted",4863,10921
0,"no_caste_unweighted",4864,2800
0,"no_caste_unweighted",4865,7587
0,"no_caste_unweighted",4866,11091
0,"no_caste_unweighted",4867,4972
0,"no_caste_unweighted",4868,4079
0,"no_caste_unweighted",4869,13903
0,"no_caste_unweighted",4870,8725
0,"no_caste_unweighted",4871,5724
0,"no_caste_unweighted",4872,173
0,"no_caste_unweighted",4873,4579
0,"no_caste_unweighted",4874,13615
0,"no_caste_unweighted",4875,10096
0,"no_caste_unweighted",4876,10472
0,"no_caste_unweighted",4877,13678
0,"no_caste_unweighted",4878,5896
0,"no_caste_unweighted",4879,6315
0,"no_caste_unweighted",4880,5230
0,"no_caste_unweighted",4881,8900
0,"no_caste_unweighted",4882,2103
0,"no_caste_unweighted",4883,4368
0,"no_caste_unweighted",4884,8148
0,"no_caste_unweighted",4885,6499
0,"no_caste_unweighted",4886,5322
0,"no_caste_unweighted",4887,1307
0,"no_caste_unweighted",4888,4956
0,"no_caste_unweighted",4889,10896
0,"no_caste_unweighted",4890,1656
0,"no_caste_unweighted",4891,7228
0,"no_caste_unweighted",4892,12127
0,"no_caste_unweighted",4893,5973
0,"no_caste_unweighted",4894,1720
0,"no_caste_unweighted",4895,29
0,"no_caste_unweighted",4896,12274
0,"no_caste_unweighted",4897,2504
0,"no_caste_unweighted",4898,12330
0,"no_caste_unweighted",4899,7930
0,"no_caste_unweighted",4900,10044
0,"no_caste_unweighted",4901,9614
0,"no_caste_unweighted",4902,2785
0,"no_caste_unweighted",4903,12195
0,"no_caste_unweighted",4904,11129
0,"no_caste_unweighted",4905,6657
0,"no_caste_unweighted",4906,551
0,"no_caste_unweighted",4907,8807
0,"no_caste_unweighted",4908,9461
0,"no_caste_unweighted",4909,6086
0,"no_caste_unweighted",4910,4829
0,"no_caste_unweighted",4911,5690
0,"no_caste_unweighted",4912,8308
0,"no_caste_unweighted",4913,10003
0,"no_caste_unweighted",4914,9211
0,"no_caste_unweighted",4915,6510
0,"no_caste_unweighted",4916,6149
0,"no_caste_unweighted",4917,9506
0,"no_caste_unweighted",4918,924
0,"no_caste_unweighted",4919,9603
0,"no_caste_unweighted",4920,9675
0,"no_caste_unweighted",4921,9548
0,"no_caste_unweighted",4922,8504
0,"no_caste_unweighted",4923,4148
0,"no_caste_unweighted",4924,4325
0,"no_caste_unweighted",4925,10642
0,"no_caste_unweighted",4926,10841
0,"no_caste_unweighted",4927,3025
0,"no_caste_unweighted",4928,7372
0,"no_caste_unweighted",4929,12760
0,"no_caste_unweighted",4930,9901
0,"no_caste_unweighted",4931,619
0,"no_caste_unweighted",4932,12276
0,"no_caste_unweighted",4933,2194
0,"no_caste_unweighted",4934,1319
0,"no_caste_unweighted",4935,3557
0,"no_caste_unweighted",4936,8626
0,"no_caste_unweighted",4937,9301
0,"no_caste_unweighted",4938,3011
0,"no_caste_unweighted",4939,12988
0,"no_caste_unweighted",4940,11862
0,"no_caste_unweighted",4941,10077
0,"no_caste_unweighted",4942,13978
0,"no_caste_unweighted",4943,12848
0,"no_caste_unweighted",4944,6324
0,"no_caste_unweighted",4945,259
0,"no_caste_unweighted",4946,5430
0,"no_caste_unweighted",4947,4959
0,"no_caste_unweighted",4948,9275
0,"no_caste_unweighted",4949,11055
0,"no_caste_unweighted",4950,7570
0,"no_caste_unweighted",4951,3774
0,"no_caste_unweighted",4952,6972
0,"no_caste_unweighted",4953,5887
0,"no_caste_unweighted",4954,11355
0,"no_caste_unweighted",4955,5733
0,"no_caste_unweighted",4956,6961
0,"no_caste_unweighted",4957,8090
0,"no_caste_unweighted",4958,3375
0,"no_caste_unweighted",4959,2098
0,"no_caste_unweighted",4960,10690
0,"no_caste_unweighted",4961,1509
0,"no_caste_unweighted",4962,5633
0,"no_caste_unweighted",4963,10507
0,"no_caste_unweighted",4964,7371
0,"no_caste_unweighted",4965,11386
0,"no_caste_unweighted",4966,12113
0,"no_caste_unweighted",4967,6362
0,"no_caste_unweighted",4968,1921
0,"no_caste_unweighted",4969,8594
0,"no_caste_unweighted",4970,2235
0,"no_caste_unweighted",4971,6697
0,"no_caste_unweighted",4972,7665
0,"no_caste_unweighted",4973,7568
0,"no_caste_unweighted",4974,9805
0,"no_caste_unweighted",4975,2751
0,"no_caste_unweighted",4976,9906
0,"no_caste_unweighted",4977,5449
0,"no_caste_unweighted",4978,2256
0,"no_caste_unweighted",4979,13944
0,"no_caste_unweighted",4980,14031
0,"no_caste_unweighted",4981,6955
0,"no_caste_unweighted",4982,10388
0,"no_caste_unweighted",4983,9366
0,"no_caste_unweighted",4984,1953
0,"no_caste_unweighted",4985,12066
0,"no_caste_unweighted",4986,9477
0,"no_caste_unweighted",4987,8278
0,"no_caste_unweighted",4988,7768
0,"no_caste_unweighted",4989,11320
0,"no_caste_unweighted",4990,7761
0,"no_caste_unweighted",4991,1696
0,"no_caste_unweighted",4992,14061
0,"no_caste_unweighted",4993,4072
0,"no_caste_unweighted",4994,13806
0,"no_caste_unweighted",4995,3435
0,"no_caste_unweighted",4996,6037
0,"no_caste_unweighted",4997,8046
0,"no_caste_unweighted",4998,6178
0,"no_caste_unweighted",4999,4326
0,"no_caste_unweighted",5000,11679
0,"no_caste_unweighted",5001,10925
0,"no_caste_unweighted",5002,765
0,"no_caste_unweighted",5003,9118
0,"no_caste_unweighted",5004,5342
0,"no_caste_unweighted",5005,9265
0,"no_caste_unweighted",5006,6549
0,"no_caste_unweighted",5007,11062
0,"no_caste_unweighted",5008,8426
0,"no_caste_unweighted",5009,11482
0,"no_caste_unweighted",5010,7759
0,"no_caste_unweighted",5011,8562
0,"no_caste_unweighted",5012,3208
0,"no_caste_unweighted",5013,6778
0,"no_caste_unweighted",5014,9382
0,"no_caste_unweighted",5015,10721
0,"no_caste_unweighted",5016,9986
0,"no_caste_unweighted",5017,3834
0,"no_caste_unweighted",5018,5250
0,"no_caste_unweighted",5019,8960
0,"no_caste_unweighted",5020,12098
0,"no_caste_unweighted",5021,13622
0,"no_caste_unweighted",5022,3858
0,"no_caste_unweighted",5023,12918
0,"no_caste_unweighted",5024,2403
0,"no_caste_unweighted",5025,11392
0,"no_caste_unweighted",5026,8287
0,"no_caste_unweighted",5027,12658
0,"no_caste_unweighted",5028,3450
0,"no_caste_unweighted",5029,1245
0,"no_caste_unweighted",5030,4317
0,"no_caste_unweighted",5031,162
0,"no_caste_unweighted",5032,910
0,"no_caste_unweighted",5033,4872
0,"no_caste_unweighted",5034,9698
0,"no_caste_unweighted",5035,7526
0,"no_caste_unweighted",5036,2058
0,"no_caste_unweighted",5037,168
0,"no_caste_unweighted",5038,3005
0,"no_caste_unweighted",5039,11549
0,"no_caste_unweighted",5040,6705
0,"no_caste_unweighted",5041,1362
0,"no_caste_unweighted",5042,907
0,"no_caste_unweighted",5043,3126
0,"no_caste_unweighted",5044,12676
0,"no_caste_unweighted",5045,5746
0,"no_caste_unweighted",5046,3664
0,"no_caste_unweighted",5047,1047
0,"no_caste_unweighted",5048,5003
0,"no_caste_unweighted",5049,1074
0,"no_caste_unweighted",5050,10454
0,"no_caste_unweighted",5051,2317
0,"no_caste_unweighted",5052,1933
0,"no_caste_unweighted",5053,10867
0,"no_caste_unweighted",5054,1585
0,"no_caste_unweighted",5055,7274
0,"no_caste_unweighted",5056,1119
0,"no_caste_unweighted",5057,7082
0,"no_caste_unweighted",5058,8408
0,"no_caste_unweighted",5059,1001
0,"no_caste_unweighted",5060,4845
0,"no_caste_unweighted",5061,5020
0,"no_caste_unweighted",5062,11282
0,"no_caste_unweighted",5063,5160
0,"no_caste_unweighted",5064,11169
0,"no_caste_unweighted",5065,4487
0,"no_caste_unweighted",5066,12389
0,"no_caste_unweighted",5067,4143
0,"no_caste_unweighted",5068,702
0,"no_caste_unweighted",5069,13368
0,"no_caste_unweighted",5070,3680
0,"no_caste_unweighted",5071,5513
0,"no_caste_unweighted",5072,4429
0,"no_caste_unweighted",5073,3637
0,"no_caste_unweighted",5074,13904
0,"no_caste_unweighted",5075,11539
0,"no_caste_unweighted",5076,7269
0,"no_caste_unweighted",5077,7464
0,"no_caste_unweighted",5078,2091
0,"no_caste_unweighted",5079,5904
0,"no_caste_unweighted",5080,11398
0,"no_caste_unweighted",5081,4025
0,"no_caste_unweighted",5082,5652
0,"no_caste_unweighted",5083,8648
0,"no_caste_unweighted",5084,7086
0,"no_caste_unweighted",5085,1036
0,"no_caste_unweighted",5086,13296
0,"no_caste_unweighted",5087,2610
0,"no_caste_unweighted",5088,12557
0,"no_caste_unweighted",5089,5992
0,"no_caste_unweighted",5090,4793
0,"no_caste_unweighted",5091,1900
0,"no_caste_unweighted",5092,9143
0,"no_caste_unweighted",5093,64
0,"no_caste_unweighted",5094,11226
0,"no_caste_unweighted",5095,6303
0,"no_caste_unweighted",5096,12470
0,"no_caste_unweighted",5097,12808
0,"no_caste_unweighted",5098,6973
0,"no_caste_unweighted",5099,3128
0,"no_caste_unweighted",5100,6736
0,"no_caste_unweighted",5101,1651
0,"no_caste_unweighted",5102,12561
0,"no_caste_unweighted",5103,4046
0,"no_caste_unweighted",5104,6893
0,"no_caste_unweighted",5105,12858
0,"no_caste_unweighted",5106,9495
0,"no_caste_unweighted",5107,13695
0,"no_caste_unweighted",5108,7549
0,"no_caste_unweighted",5109,10375
0,"no_caste_unweighted",5110,8612
0,"no_caste_unweighted",5111,9252
0,"no_caste_unweighted",5112,8384
0,"no_caste_unweighted",5113,11613
0,"no_caste_unweighted",5114,6043
0,"no_caste_unweighted",5115,9800
0,"no_caste_unweighted",5116,12328
0,"no_caste_unweighted",5117,8998
0,"no_caste_unweighted",5118,4867
0,"no_caste_unweighted",5119,9241
0,"no_caste_unweighted",5120,6596
0,"no_caste_unweighted",5121,12738
0,"no_caste_unweighted",5122,5908
0,"no_caste_unweighted",5123,3808
0,"no_caste_unweighted",5124,9499
0,"no_caste_unweighted",5125,7223
0,"no_caste_unweighted",5126,5585
0,"no_caste_unweighted",5127,7061
0,"no_caste_unweighted",5128,3196
0,"no_caste_unweighted",5129,11363
0,"no_caste_unweighted",5130,9735
0,"no_caste_unweighted",5131,4778
0,"no_caste_unweighted",5132,10303
0,"no_caste_unweighted",5133,2874
0,"no_caste_unweighted",5134,111
0,"no_caste_unweighted",5135,12161
0,"no_caste_unweighted",5136,12350
0,"no_caste_unweighted",5137,5301
0,"no_caste_unweighted",5138,11973
0,"no_caste_unweighted",5139,10694
0,"no_caste_unweighted",5140,1254
0,"no_caste_unweighted",5141,1913
0,"no_caste_unweighted",5142,2425
0,"no_caste_unweighted",5143,12959
0,"no_caste_unweighted",5144,171
0,"no_caste_unweighted",5145,973
0,"no_caste_unweighted",5146,9481
0,"no_caste_unweighted",5147,1831
0,"no_caste_unweighted",5148,11147
0,"no_caste_unweighted",5149,1452
0,"no_caste_unweighted",5150,7399
0,"no_caste_unweighted",5151,1777
0,"no_caste_unweighted",5152,7585
0,"no_caste_unweighted",5153,8712
0,"no_caste_unweighted",5154,12319
0,"no_caste_unweighted",5155,12921
0,"no_caste_unweighted",5156,207
0,"no_caste_unweighted",5157,1746
0,"no_caste_unweighted",5158,7124
0,"no_caste_unweighted",5159,11789
0,"no_caste_unweighted",5160,5184
0,"no_caste_unweighted",5161,6590
0,"no_caste_unweighted",5162,4553
0,"no_caste_unweighted",5163,10195
0,"no_caste_unweighted",5164,14015
0,"no_caste_unweighted",5165,340
0,"no_caste_unweighted",5166,6240
0,"no_caste_unweighted",5167,8738
0,"no_caste_unweighted",5168,8282
0,"no_caste_unweighted",5169,4481
0,"no_caste_unweighted",5170,610
0,"no_caste_unweighted",5171,7306
0,"no_caste_unweighted",5172,2029
0,"no_caste_unweighted",5173,9536
0,"no_caste_unweighted",5174,5045
0,"no_caste_unweighted",5175,1067
0,"no_caste_unweighted",5176,9896
0,"no_caste_unweighted",5177,11224
0,"no_caste_unweighted",5178,3460
0,"no_caste_unweighted",5179,12412
0,"no_caste_unweighted",5180,10400
0,"no_caste_unweighted",5181,12414
0,"no_caste_unweighted",5182,1568
0,"no_caste_unweighted",5183,3878
0,"no_caste_unweighted",5184,3280
0,"no_caste_unweighted",5185,6708
0,"no_caste_unweighted",5186,4999
0,"no_caste_unweighted",5187,1623
0,"no_caste_unweighted",5188,7740
0,"no_caste_unweighted",5189,4653
0,"no_caste_unweighted",5190,9020
0,"no_caste_unweighted",5191,11896
0,"no_caste_unweighted",5192,980
0,"no_caste_unweighted",5193,6300
0,"no_caste_unweighted",5194,7512
0,"no_caste_unweighted",5195,2951
0,"no_caste_unweighted",5196,8593
0,"no_caste_unweighted",5197,8500
0,"no_caste_unweighted",5198,10280
0,"no_caste_unweighted",5199,5143
0,"no_caste_unweighted",5200,6780
0,"no_caste_unweighted",5201,13952
0,"no_caste_unweighted",5202,3518
0,"no_caste_unweighted",5203,12952
0,"no_caste_unweighted",5204,13330
0,"no_caste_unweighted",5205,3402
0,"no_caste_unweighted",5206,2764
0,"no_caste_unweighted",5207,1124
0,"no_caste_unweighted",5208,9929
0,"no_caste_unweighted",5209,12704
0,"no_caste_unweighted",5210,11265
0,"no_caste_unweighted",5211,1247
0,"no_caste_unweighted",5212,7647
0,"no_caste_unweighted",5213,13475
0,"no_caste_unweighted",5214,7432
0,"no_caste_unweighted",5215,1114
0,"no_caste_unweighted",5216,14144
0,"no_caste_unweighted",5217,9430
0,"no_caste_unweighted",5218,8925
0,"no_caste_unweighted",5219,1026
0,"no_caste_unweighted",5220,12794
0,"no_caste_unweighted",5221,3957
0,"no_caste_unweighted",5222,11230
0,"no_caste_unweighted",5223,5239
0,"no_caste_unweighted",5224,9700
0,"no_caste_unweighted",5225,9085
0,"no_caste_unweighted",5226,10127
0,"no_caste_unweighted",5227,3772
0,"no_caste_unweighted",5228,3693
0,"no_caste_unweighted",5229,12877
0,"no_caste_unweighted",5230,9835
0,"no_caste_unweighted",5231,3268
0,"no_caste_unweighted",5232,11557
0,"no_caste_unweighted",5233,8763
0,"no_caste_unweighted",5234,9726
0,"no_caste_unweighted",5235,3969
0,"no_caste_unweighted",5236,13740
0,"no_caste_unweighted",5237,54
0,"no_caste_unweighted",5238,3486
0,"no_caste_unweighted",5239,3232
0,"no_caste_unweighted",5240,10292
0,"no_caste_unweighted",5241,10209
0,"no_caste_unweighted",5242,7355
0,"no_caste_unweighted",5243,10459
0,"no_caste_unweighted",5244,3233
0,"no_caste_unweighted",5245,4962
0,"no_caste_unweighted",5246,10174
0,"no_caste_unweighted",5247,5017
0,"no_caste_unweighted",5248,10678
0,"no_caste_unweighted",5249,3053
0,"no_caste_unweighted",5250,6446
0,"no_caste_unweighted",5251,12904
0,"no_caste_unweighted",5252,2660
0,"no_caste_unweighted",5253,7024
0,"no_caste_unweighted",5254,11567
0,"no_caste_unweighted",5255,13916
0,"no_caste_unweighted",5256,2287
0,"no_caste_unweighted",5257,1091
0,"no_caste_unweighted",5258,9670
0,"no_caste_unweighted",5259,11757
0,"no_caste_unweighted",5260,403
0,"no_caste_unweighted",5261,4524
0,"no_caste_unweighted",5262,11383
0,"no_caste_unweighted",5263,4574
0,"no_caste_unweighted",5264,909
0,"no_caste_unweighted",5265,3032
0,"no_caste_unweighted",5266,121
0,"no_caste_unweighted",5267,6645
0,"no_caste_unweighted",5268,7845
0,"no_caste_unweighted",5269,2186
0,"no_caste_unweighted",5270,12958
0,"no_caste_unweighted",5271,11106
0,"no_caste_unweighted",5272,10808
0,"no_caste_unweighted",5273,13823
0,"no_caste_unweighted",5274,5579
0,"no_caste_unweighted",5275,10122
0,"no_caste_unweighted",5276,5666
0,"no_caste_unweighted",5277,2534
0,"no_caste_unweighted",5278,12922
0,"no_caste_unweighted",5279,11428
0,"no_caste_unweighted",5280,13705
0,"no_caste_unweighted",5281,7034
0,"no_caste_unweighted",5282,7302
0,"no_caste_unweighted",5283,4510
0,"no_caste_unweighted",5284,6055
0,"no_caste_unweighted",5285,11080
0,"no_caste_unweighted",5286,10992
0,"no_caste_unweighted",5287,1051
0,"no_caste_unweighted",5288,10404
0,"no_caste_unweighted",5289,819
0,"no_caste_unweighted",5290,2286
0,"no_caste_unweighted",5291,986
0,"no_caste_unweighted",5292,10923
0,"no_caste_unweighted",5293,9574
0,"no_caste_unweighted",5294,8861
0,"no_caste_unweighted",5295,12318
0,"no_caste_unweighted",5296,7138
0,"no_caste_unweighted",5297,10015
0,"no_caste_unweighted",5298,10354
0,"no_caste_unweighted",5299,8186
0,"no_caste_unweighted",5300,12037
0,"no_caste_unweighted",5301,8372
0,"no_caste_unweighted",5302,10447
0,"no_caste_unweighted",5303,1806
0,"no_caste_unweighted",5304,490
0,"no_caste_unweighted",5305,2161
0,"no_caste_unweighted",5306,11400
0,"no_caste_unweighted",5307,3606
0,"no_caste_unweighted",5308,6480
0,"no_caste_unweighted",5309,12115
0,"no_caste_unweighted",5310,10913
0,"no_caste_unweighted",5311,175
0,"no_caste_unweighted",5312,12349
0,"no_caste_unweighted",5313,11045
0,"no_caste_unweighted",5314,4730
0,"no_caste_unweighted",5315,10653
0,"no_caste_unweighted",5316,3959
0,"no_caste_unweighted",5317,10013
0,"no_caste_unweighted",5318,9181
0,"no_caste_unweighted",5319,9479
0,"no_caste_unweighted",5320,3063
0,"no_caste_unweighted",5321,5892
0,"no_caste_unweighted",5322,7513
0,"no_caste_unweighted",5323,10234
0,"no_caste_unweighted",5324,5370
0,"no_caste_unweighted",5325,1235
0,"no_caste_unweighted",5326,13611
0,"no_caste_unweighted",5327,4200
0,"no_caste_unweighted",5328,12381
0,"no_caste_unweighted",5329,5903
0,"no_caste_unweighted",5330,10302
0,"no_caste_unweighted",5331,13797
0,"no_caste_unweighted",5332,11788
0,"no_caste_unweighted",5333,12853
0,"no_caste_unweighted",5334,4191
0,"no_caste_unweighted",5335,10233
0,"no_caste_unweighted",5336,5694
0,"no_caste_unweighted",5337,8766
0,"no_caste_unweighted",5338,8652
0,"no_caste_unweighted",5339,2601
0,"no_caste_unweighted",5340,457
0,"no_caste_unweighted",5341,5595
0,"no_caste_unweighted",5342,14106
0,"no_caste_unweighted",5343,7824
0,"no_caste_unweighted",5344,3092
0,"no_caste_unweighted",5345,11802
0,"no_caste_unweighted",5346,9109
0,"no_caste_unweighted",5347,4991
0,"no_caste_unweighted",5348,7496
0,"no_caste_unweighted",5349,6217
0,"no_caste_unweighted",5350,7005
0,"no_caste_unweighted",5351,1202
0,"no_caste_unweighted",5352,5181
0,"no_caste_unweighted",5353,10668
0,"no_caste_unweighted",5354,5720
0,"no_caste_unweighted",5355,9003
0,"no_caste_unweighted",5356,8868
0,"no_caste_unweighted",5357,3982
0,"no_caste_unweighted",5358,12047
0,"no_caste_unweighted",5359,1306
0,"no_caste_unweighted",5360,2920
0,"no_caste_unweighted",5361,4785
0,"no_caste_unweighted",5362,8430
0,"no_caste_unweighted",5363,11695
0,"no_caste_unweighted",5364,3507
0,"no_caste_unweighted",5365,8838
0,"no_caste_unweighted",5366,6006
0,"no_caste_unweighted",5367,4894
0,"no_caste_unweighted",5368,3307
0,"no_caste_unweighted",5369,1548
0,"no_caste_unweighted",5370,5097
0,"no_caste_unweighted",5371,4461
0,"no_caste_unweighted",5372,11382
0,"no_caste_unweighted",5373,9341
0,"no_caste_unweighted",5374,9232
0,"no_caste_unweighted",5375,7368
0,"no_caste_unweighted",5376,7981
0,"no_caste_unweighted",5377,11697
0,"no_caste_unweighted",5378,1899
0,"no_caste_unweighted",5379,10675
0,"no_caste_unweighted",5380,1944
0,"no_caste_unweighted",5381,9367
0,"no_caste_unweighted",5382,8993
0,"no_caste_unweighted",5383,10895
0,"no_caste_unweighted",5384,10837
0,"no_caste_unweighted",5385,6678
0,"no_caste_unweighted",5386,3691
0,"no_caste_unweighted",5387,2358
0,"no_caste_unweighted",5388,3535
0,"no_caste_unweighted",5389,9530
0,"no_caste_unweighted",5390,5698
0,"no_caste_unweighted",5391,12310
0,"no_caste_unweighted",5392,4093
0,"no_caste_unweighted",5393,7476
0,"no_caste_unweighted",5394,1871
0,"no_caste_unweighted",5395,4353
0,"no_caste_unweighted",5396,1229
0,"no_caste_unweighted",5397,2067
0,"no_caste_unweighted",5398,3725
0,"no_caste_unweighted",5399,3330
0,"no_caste_unweighted",5400,8732
0,"no_caste_unweighted",5401,9791
0,"no_caste_unweighted",5402,4237
0,"no_caste_unweighted",5403,4728
0,"no_caste_unweighted",5404,11064
0,"no_caste_unweighted",5405,1273
0,"no_caste_unweighted",5406,12114
0,"no_caste_unweighted",5407,4528
0,"no_caste_unweighted",5408,14001
0,"no_caste_unweighted",5409,9840
0,"no_caste_unweighted",5410,10043
0,"no_caste_unweighted",5411,6695
0,"no_caste_unweighted",5412,4424
0,"no_caste_unweighted",5413,4861
0,"no_caste_unweighted",5414,915
0,"no_caste_unweighted",5415,12387
0,"no_caste_unweighted",5416,1078
0,"no_caste_unweighted",5417,8886
0,"no_caste_unweighted",5418,358
0,"no_caste_unweighted",5419,1204
0,"no_caste_unweighted",5420,12673
0,"no_caste_unweighted",5421,2483
0,"no_caste_unweighted",5422,13472
0,"no_caste_unweighted",5423,4843
0,"no_caste_unweighted",5424,5361
0,"no_caste_unweighted",5425,4970
0,"no_caste_unweighted",5426,12908
0,"no_caste_unweighted",5427,7054
0,"no_caste_unweighted",5428,5777
0,"no_caste_unweighted",5429,1162
0,"no_caste_unweighted",5430,2172
0,"no_caste_unweighted",5431,5127
0,"no_caste_unweighted",5432,6507
0,"no_caste_unweighted",5433,8899
0,"no_caste_unweighted",5434,1299
0,"no_caste_unweighted",5435,6011
0,"no_caste_unweighted",5436,1117
0,"no_caste_unweighted",5437,3242
0,"no_caste_unweighted",5438,1300
0,"no_caste_unweighted",5439,11994
0,"no_caste_unweighted",5440,8802
0,"no_caste_unweighted",5441,6049
0,"no_caste_unweighted",5442,12236
0,"no_caste_unweighted",5443,5178
0,"no_caste_unweighted",5444,13211
0,"no_caste_unweighted",5445,8051
0,"no_caste_unweighted",5446,6980
0,"no_caste_unweighted",5447,2302
0,"no_caste_unweighted",5448,5743
0,"no_caste_unweighted",5449,13913
0,"no_caste_unweighted",5450,9606
0,"no_caste_unweighted",5451,12768
0,"no_caste_unweighted",5452,5385
0,"no_caste_unweighted",5453,5670
0,"no_caste_unweighted",5454,3047
0,"no_caste_unweighted",5455,13647
0,"no_caste_unweighted",5456,1456
0,"no_caste_unweighted",5457,7106
0,"no_caste_unweighted",5458,5377
0,"no_caste_unweighted",5459,6128
0,"no_caste_unweighted",5460,5637
0,"no_caste_unweighted",5461,8678
0,"no_caste_unweighted",5462,3784
0,"no_caste_unweighted",5463,11202
0,"no_caste_unweighted",5464,9187
0,"no_caste_unweighted",5465,3954
0,"no_caste_unweighted",5466,431
0,"no_caste_unweighted",5467,6076
0,"no_caste_unweighted",5468,2084
0,"no_caste_unweighted",5469,4270
0,"no_caste_unweighted",5470,1000
0,"no_caste_unweighted",5471,4008
0,"no_caste_unweighted",5472,4949
0,"no_caste_unweighted",5473,1666
0,"no_caste_unweighted",5474,4773
0,"no_caste_unweighted",5475,6078
0,"no_caste_unweighted",5476,2980
0,"no_caste_unweighted",5477,3300
0,"no_caste_unweighted",5478,4592
0,"no_caste_unweighted",5479,3996
0,"no_caste_unweighted",5480,3185
0,"no_caste_unweighted",5481,6266
0,"no_caste_unweighted",5482,11879
0,"no_caste_unweighted",5483,14041
0,"no_caste_unweighted",5484,7430
0,"no_caste_unweighted",5485,3740
0,"no_caste_unweighted",5486,12335
0,"no_caste_unweighted",5487,4609
0,"no_caste_unweighted",5488,3543
0,"no_caste_unweighted",5489,6710
0,"no_caste_unweighted",5490,7936
0,"no_caste_unweighted",5491,4117
0,"no_caste_unweighted",5492,10996
0,"no_caste_unweighted",5493,4406
0,"no_caste_unweighted",5494,302
0,"no_caste_unweighted",5495,4209
0,"no_caste_unweighted",5496,6395
0,"no_caste_unweighted",5497,3118
0,"no_caste_unweighted",5498,11912
0,"no_caste_unweighted",5499,7637
0,"no_caste_unweighted",5500,7308
0,"no_caste_unweighted",5501,1390
0,"no_caste_unweighted",5502,13299
0,"no_caste_unweighted",5503,14159
0,"no_caste_unweighted",5504,1178
0,"no_caste_unweighted",5505,6719
0,"no_caste_unweighted",5506,1752
0,"no_caste_unweighted",5507,13162
0,"no_caste_unweighted",5508,11887
0,"no_caste_unweighted",5509,2882
0,"no_caste_unweighted",5510,1756
0,"no_caste_unweighted",5511,9846
0,"no_caste_unweighted",5512,12784
0,"no_caste_unweighted",5513,687
0,"no_caste_unweighted",5514,12937
0,"no_caste_unweighted",5515,560
0,"no_caste_unweighted",5516,9708
0,"no_caste_unweighted",5517,3320
0,"no_caste_unweighted",5518,7375
0,"no_caste_unweighted",5519,12062
0,"no_caste_unweighted",5520,3873
0,"no_caste_unweighted",5521,6674
0,"no_caste_unweighted",5522,2193
0,"no_caste_unweighted",5523,5525
0,"no_caste_unweighted",5524,12842
0,"no_caste_unweighted",5525,4526
0,"no_caste_unweighted",5526,1280
0,"no_caste_unweighted",5527,5657
0,"no_caste_unweighted",5528,9551
0,"no_caste_unweighted",5529,9562
0,"no_caste_unweighted",5530,7240
0,"no_caste_unweighted",5531,10870
0,"no_caste_unweighted",5532,3665
0,"no_caste_unweighted",5533,5090
0,"no_caste_unweighted",5534,2888
0,"no_caste_unweighted",5535,8673
0,"no_caste_unweighted",5536,372
0,"no_caste_unweighted",5537,3130
0,"no_caste_unweighted",5538,4202
0,"no_caste_unweighted",5539,582
0,"no_caste_unweighted",5540,6624
0,"no_caste_unweighted",5541,1941
0,"no_caste_unweighted",5542,84
0,"no_caste_unweighted",5543,7256
0,"no_caste_unweighted",5544,3425
0,"no_caste_unweighted",5545,2333
0,"no_caste_unweighted",5546,198
0,"no_caste_unweighted",5547,7583
0,"no_caste_unweighted",5548,7390
0,"no_caste_unweighted",5549,12057
0,"no_caste_unweighted",5550,12540
0,"no_caste_unweighted",5551,13897
0,"no_caste_unweighted",5552,6939
0,"no_caste_unweighted",5553,4259
0,"no_caste_unweighted",5554,9921
0,"no_caste_unweighted",5555,13503
0,"no_caste_unweighted",5556,1844
0,"no_caste_unweighted",5557,2013
0,"no_caste_unweighted",5558,14018
0,"no_caste_unweighted",5559,13969
0,"no_caste_unweighted",5560,11367
0,"no_caste_unweighted",5561,4278
0,"no_caste_unweighted",5562,1337
0,"no_caste_unweighted",5563,11368
0,"no_caste_unweighted",5564,7248
0,"no_caste_unweighted",5565,9988
0,"no_caste_unweighted",5566,12751
0,"no_caste_unweighted",5567,137
0,"no_caste_unweighted",5568,4431
0,"no_caste_unweighted",5569,2667
0,"no_caste_unweighted",5570,4877
0,"no_caste_unweighted",5571,1082
0,"no_caste_unweighted",5572,5314
0,"no_caste_unweighted",5573,8398
0,"no_caste_unweighted",5574,8791
0,"no_caste_unweighted",5575,6755
0,"no_caste_unweighted",5576,5402
0,"no_caste_unweighted",5577,10805
0,"no_caste_unweighted",5578,4363
0,"no_caste_unweighted",5579,7147
0,"no_caste_unweighted",5580,1286
0,"no_caste_unweighted",5581,5975
0,"no_caste_unweighted",5582,12250
0,"no_caste_unweighted",5583,5203
0,"no_caste_unweighted",5584,5567
0,"no_caste_unweighted",5585,3221
0,"no_caste_unweighted",5586,6073
0,"no_caste_unweighted",5587,446
0,"no_caste_unweighted",5588,264
0,"no_caste_unweighted",5589,1143
0,"no_caste_unweighted",5590,5994
0,"no_caste_unweighted",5591,14155
0,"no_caste_unweighted",5592,10551
0,"no_caste_unweighted",5593,6491
0,"no_caste_unweighted",5594,184
0,"no_caste_unweighted",5595,11530
0,"no_caste_unweighted",5596,10693
0,"no_caste_unweighted",5597,10897
0,"no_caste_unweighted",5598,4658
0,"no_caste_unweighted",5599,11110
0,"no_caste_unweighted",5600,5735
0,"no_caste_unweighted",5601,3651
0,"no_caste_unweighted",5602,13242
0,"no_caste_unweighted",5603,3027
0,"no_caste_unweighted",5604,4989
0,"no_caste_unweighted",5605,12492
0,"no_caste_unweighted",5606,2597
0,"no_caste_unweighted",5607,11754
0,"no_caste_unweighted",5608,7541
0,"no_caste_unweighted",5609,10677
0,"no_caste_unweighted",5610,3559
0,"no_caste_unweighted",5611,12687
0,"no_caste_unweighted",5612,8740
0,"no_caste_unweighted",5613,3721
0,"no_caste_unweighted",5614,1230
0,"no_caste_unweighted",5615,4007
0,"no_caste_unweighted",5616,10105
0,"no_caste_unweighted",5617,12419
0,"no_caste_unweighted",5618,2991
0,"no_caste_unweighted",5619,5242
0,"no_caste_unweighted",5620,10368
0,"no_caste_unweighted",5621,5056
0,"no_caste_unweighted",5622,936
0,"no_caste_unweighted",5623,13358
0,"no_caste_unweighted",5624,5817
0,"no_caste_unweighted",5625,6589
0,"no_caste_unweighted",5626,2260
0,"no_caste_unweighted",5627,13807
0,"no_caste_unweighted",5628,8858
0,"no_caste_unweighted",5629,10823
0,"no_caste_unweighted",5630,3492
0,"no_caste_unweighted",5631,12253
0,"no_caste_unweighted",5632,5435
0,"no_caste_unweighted",5633,5614
0,"no_caste_unweighted",5634,10316
0,"no_caste_unweighted",5635,2113
0,"no_caste_unweighted",5636,3472
0,"no_caste_unweighted",5637,11195
0,"no_caste_unweighted",5638,1004
0,"no_caste_unweighted",5639,6185
0,"no_caste_unweighted",5640,6113
0,"no_caste_unweighted",5641,3344
0,"no_caste_unweighted",5642,3513
0,"no_caste_unweighted",5643,12447
0,"no_caste_unweighted",5644,2131
0,"no_caste_unweighted",5645,12448
0,"no_caste_unweighted",5646,3658
0,"no_caste_unweighted",5647,4121
0,"no_caste_unweighted",5648,12599
0,"no_caste_unweighted",5649,7347
0,"no_caste_unweighted",5650,8418
0,"no_caste_unweighted",5651,6347
0,"no_caste_unweighted",5652,10946
0,"no_caste_unweighted",5653,10336
0,"no_caste_unweighted",5654,6609
0,"no_caste_unweighted",5655,5899
0,"no_caste_unweighted",5656,10695
0,"no_caste_unweighted",5657,1147
0,"no_caste_unweighted",5658,1843
0,"no_caste_unweighted",5659,7674
0,"no_caste_unweighted",5660,8860
0,"no_caste_unweighted",5661,277
0,"no_caste_unweighted",5662,9917
0,"no_caste_unweighted",5663,4442
0,"no_caste_unweighted",5664,3599
0,"no_caste_unweighted",5665,2188
0,"no_caste_unweighted",5666,2140
0,"no_caste_unweighted",5667,1544
0,"no_caste_unweighted",5668,7563
0,"no_caste_unweighted",5669,3404
0,"no_caste_unweighted",5670,6641
0,"no_caste_unweighted",5671,10803
0,"no_caste_unweighted",5672,6902
0,"no_caste_unweighted",5673,1670
0,"no_caste_unweighted",5674,1050
0,"no_caste_unweighted",5675,4388
0,"no_caste_unweighted",5676,11343
0,"no_caste_unweighted",5677,11926
0,"no_caste_unweighted",5678,1160
0,"no_caste_unweighted",5679,10180
0,"no_caste_unweighted",5680,6122
0,"no_caste_unweighted",5681,10343
0,"no_caste_unweighted",5682,9048
0,"no_caste_unweighted",5683,12394
0,"no_caste_unweighted",5684,9721
0,"no_caste_unweighted",5685,3995
0,"no_caste_unweighted",5686,10603
0,"no_caste_unweighted",5687,9538
0,"no_caste_unweighted",5688,5650
0,"no_caste_unweighted",5689,2308
0,"no_caste_unweighted",5690,7796
0,"no_caste_unweighted",5691,10130
0,"no_caste_unweighted",5692,8415
0,"no_caste_unweighted",5693,10082
0,"no_caste_unweighted",5694,14098
0,"no_caste_unweighted",5695,13905
0,"no_caste_unweighted",5696,12765
0,"no_caste_unweighted",5697,2359
0,"no_caste_unweighted",5698,3328
0,"no_caste_unweighted",5699,12418
0,"no_caste_unweighted",5700,11510
0,"no_caste_unweighted",5701,4720
0,"no_caste_unweighted",5702,9334
0,"no_caste_unweighted",5703,12567
0,"no_caste_unweighted",5704,10000
0,"no_caste_unweighted",5705,1848
0,"no_caste_unweighted",5706,11668
0,"no_caste_unweighted",5707,404
0,"no_caste_unweighted",5708,10665
0,"no_caste_unweighted",5709,5388
0,"no_caste_unweighted",5710,11084
0,"no_caste_unweighted",5711,12771
0,"no_caste_unweighted",5712,7000
0,"no_caste_unweighted",5713,3133
0,"no_caste_unweighted",5714,10061
0,"no_caste_unweighted",5715,1335
0,"no_caste_unweighted",5716,3150
0,"no_caste_unweighted",5717,11678
0,"no_caste_unweighted",5718,2542
0,"no_caste_unweighted",5719,3707
0,"no_caste_unweighted",5720,7673
0,"no_caste_unweighted",5721,1757
0,"no_caste_unweighted",5722,12464
0,"no_caste_unweighted",5723,5830
0,"no_caste_unweighted",5724,11589
0,"no_caste_unweighted",5725,491
0,"no_caste_unweighted",5726,4507
0,"no_caste_unweighted",5727,11849
0,"no_caste_unweighted",5728,5262
0,"no_caste_unweighted",5729,5956
0,"no_caste_unweighted",5730,11362
0,"no_caste_unweighted",5731,2375
0,"no_caste_unweighted",5732,13777
0,"no_caste_unweighted",5733,6924
0,"no_caste_unweighted",5734,5841
0,"no_caste_unweighted",5735,754
0,"no_caste_unweighted",5736,5000
0,"no_caste_unweighted",5737,1099
0,"no_caste_unweighted",5738,7404
0,"no_caste_unweighted",5739,12939
0,"no_caste_unweighted",5740,6160
0,"no_caste_unweighted",5741,5167
0,"no_caste_unweighted",5742,3998
0,"no_caste_unweighted",5743,6021
0,"no_caste_unweighted",5744,2656
0,"no_caste_unweighted",5745,2834
0,"no_caste_unweighted",5746,4750
0,"no_caste_unweighted",5747,5093
0,"no_caste_unweighted",5748,12020
0,"no_caste_unweighted",5749,13827
0,"no_caste_unweighted",5750,14084
0,"no_caste_unweighted",5751,4493
0,"no_caste_unweighted",5752,2691
0,"no_caste_unweighted",5753,11211
0,"no_caste_unweighted",5754,338
0,"no_caste_unweighted",5755,13489
0,"no_caste_unweighted",5756,12035
0,"no_caste_unweighted",5757,3702
0,"no_caste_unweighted",5758,12938
0,"no_caste_unweighted",5759,10369
0,"no_caste_unweighted",5760,10741
0,"no_caste_unweighted",5761,5191
0,"no_caste_unweighted",5762,6782
0,"no_caste_unweighted",5763,10068
0,"no_caste_unweighted",5764,7610
0,"no_caste_unweighted",5765,7735
0,"no_caste_unweighted",5766,5709
0,"no_caste_unweighted",5767,11768
0,"no_caste_unweighted",5768,7691
0,"no_caste_unweighted",5769,2309
0,"no_caste_unweighted",5770,12866
0,"no_caste_unweighted",5771,5786
0,"no_caste_unweighted",5772,7851
0,"no_caste_unweighted",5773,6335
0,"no_caste_unweighted",5774,3916
0,"no_caste_unweighted",5775,9524
0,"no_caste_unweighted",5776,7877
0,"no_caste_unweighted",5777,6238
0,"no_caste_unweighted",5778,1372
0,"no_caste_unweighted",5779,1587
0,"no_caste_unweighted",5780,13002
0,"no_caste_unweighted",5781,7965
0,"no_caste_unweighted",5782,12891
0,"no_caste_unweighted",5783,12741
0,"no_caste_unweighted",5784,6892
0,"no_caste_unweighted",5785,12311
0,"no_caste_unweighted",5786,1903
0,"no_caste_unweighted",5787,3511
0,"no_caste_unweighted",5788,6799
0,"no_caste_unweighted",5789,10242
0,"no_caste_unweighted",5790,5559
0,"no_caste_unweighted",5791,6050
0,"no_caste_unweighted",5792,8189
0,"no_caste_unweighted",5793,2441
0,"no_caste_unweighted",5794,12131
0,"no_caste_unweighted",5795,8547
0,"no_caste_unweighted",5796,4207
0,"no_caste_unweighted",5797,12970
0,"no_caste_unweighted",5798,9566
0,"no_caste_unweighted",5799,13851
0,"no_caste_unweighted",5800,7182
0,"no_caste_unweighted",5801,1616
0,"no_caste_unweighted",5802,12524
0,"no_caste_unweighted",5803,6750
0,"no_caste_unweighted",5804,4393
0,"no_caste_unweighted",5805,12207
0,"no_caste_unweighted",5806,3279
0,"no_caste_unweighted",5807,11061
0,"no_caste_unweighted",5808,10523
0,"no_caste_unweighted",5809,10230
0,"no_caste_unweighted",5810,5354
0,"no_caste_unweighted",5811,11052
0,"no_caste_unweighted",5812,5341
0,"no_caste_unweighted",5813,4208
0,"no_caste_unweighted",5814,5340
0,"no_caste_unweighted",5815,2665
0,"no_caste_unweighted",5816,6654
0,"no_caste_unweighted",5817,12409
0,"no_caste_unweighted",5818,3764
0,"no_caste_unweighted",5819,5326
0,"no_caste_unweighted",5820,3204
0,"no_caste_unweighted",5821,12401
0,"no_caste_unweighted",5822,3078
0,"no_caste_unweighted",5823,3977
0,"no_caste_unweighted",5824,11813
0,"no_caste_unweighted",5825,8930
0,"no_caste_unweighted",5826,13544
0,"no_caste_unweighted",5827,3371
0,"no_caste_unweighted",5828,5147
0,"no_caste_unweighted",5829,4021
0,"no_caste_unweighted",5830,6612
0,"no_caste_unweighted",5831,6020
0,"no_caste_unweighted",5832,6087
0,"no_caste_unweighted",5833,13888
0,"no_caste_unweighted",5834,9074
0,"no_caste_unweighted",5835,9021
0,"no_caste_unweighted",5836,7809
0,"no_caste_unweighted",5837,7588
0,"no_caste_unweighted",5838,13868
0,"no_caste_unweighted",5839,1923
0,"no_caste_unweighted",5840,5988
0,"no_caste_unweighted",5841,4774
0,"no_caste_unweighted",5842,3131
0,"no_caste_unweighted",5843,1020
0,"no_caste_unweighted",5844,9764
0,"no_caste_unweighted",5845,9838
0,"no_caste_unweighted",5846,3459
0,"no_caste_unweighted",5847,3145
0,"no_caste_unweighted",5848,13049
0,"no_caste_unweighted",5849,7941
0,"no_caste_unweighted",5850,125
0,"no_caste_unweighted",5851,3564
0,"no_caste_unweighted",5852,7300
0,"no_caste_unweighted",5853,10395
0,"no_caste_unweighted",5854,1033
0,"no_caste_unweighted",5855,5222
0,"no_caste_unweighted",5856,12344
0,"no_caste_unweighted",5857,13652
0,"no_caste_unweighted",5858,11295
0,"no_caste_unweighted",5859,9682
0,"no_caste_unweighted",5860,3631
0,"no_caste_unweighted",5861,3277
0,"no_caste_unweighted",5862,12968
0,"no_caste_unweighted",5863,10453
0,"no_caste_unweighted",5864,8166
0,"no_caste_unweighted",5865,758
0,"no_caste_unweighted",5866,5100
0,"no_caste_unweighted",5867,4655
0,"no_caste_unweighted",5868,5199
0,"no_caste_unweighted",5869,4088
0,"no_caste_unweighted",5870,7260
0,"no_caste_unweighted",5871,4540
0,"no_caste_unweighted",5872,9428
0,"no_caste_unweighted",5873,11115
0,"no_caste_unweighted",5874,5460
0,"no_caste_unweighted",5875,14171
0,"no_caste_unweighted",5876,472
0,"no_caste_unweighted",5877,3630
0,"no_caste_unweighted",5878,3377
0,"no_caste_unweighted",5879,8024
0,"no_caste_unweighted",5880,1922
0,"no_caste_unweighted",5881,6388
0,"no_caste_unweighted",5882,7229
0,"no_caste_unweighted",5883,10037
0,"no_caste_unweighted",5884,249
0,"no_caste_unweighted",5885,8701
0,"no_caste_unweighted",5886,3830
0,"no_caste_unweighted",5887,7754
0,"no_caste_unweighted",5888,1462
0,"no_caste_unweighted",5889,7693
0,"no_caste_unweighted",5890,10898
0,"no_caste_unweighted",5891,2638
0,"no_caste_unweighted",5892,6530
0,"no_caste_unweighted",5893,1422
0,"no_caste_unweighted",5894,2789
0,"no_caste_unweighted",5895,9802
0,"no_caste_unweighted",5896,321
0,"no_caste_unweighted",5897,4214
0,"no_caste_unweighted",5898,5990
0,"no_caste_unweighted",5899,10495
0,"no_caste_unweighted",5900,14112
0,"no_caste_unweighted",5901,8693
0,"no_caste_unweighted",5902,9543
0,"no_caste_unweighted",5903,5228
0,"no_caste_unweighted",5904,922
0,"no_caste_unweighted",5905,5353
0,"no_caste_unweighted",5906,7602
0,"no_caste_unweighted",5907,13656
0,"no_caste_unweighted",5908,5925
0,"no_caste_unweighted",5909,2731
0,"no_caste_unweighted",5910,13930
0,"no_caste_unweighted",5911,12101
0,"no_caste_unweighted",5912,6131
0,"no_caste_unweighted",5913,6117
0,"no_caste_unweighted",5914,13089
0,"no_caste_unweighted",5915,3066
0,"no_caste_unweighted",5916,2712
0,"no_caste_unweighted",5917,1699
0,"no_caste_unweighted",5918,12947
0,"no_caste_unweighted",5919,7472
0,"no_caste_unweighted",5920,4784
0,"no_caste_unweighted",5921,11360
0,"no_caste_unweighted",5922,5653
0,"no_caste_unweighted",5923,6793
0,"no_caste_unweighted",5924,1826
0,"no_caste_unweighted",5925,11761
0,"no_caste_unweighted",5926,11853
0,"no_caste_unweighted",5927,11770
0,"no_caste_unweighted",5928,3550
0,"no_caste_unweighted",5929,2573
0,"no_caste_unweighted",5930,1283
0,"no_caste_unweighted",5931,3746
0,"no_caste_unweighted",5932,6455
0,"no_caste_unweighted",5933,9911
0,"no_caste_unweighted",5934,4914
0,"no_caste_unweighted",5935,10304
0,"no_caste_unweighted",5936,2325
0,"no_caste_unweighted",5937,6970
0,"no_caste_unweighted",5938,9925
0,"no_caste_unweighted",5939,4714
0,"no_caste_unweighted",5940,8668
0,"no_caste_unweighted",5941,2680
0,"no_caste_unweighted",5942,11746
0,"no_caste_unweighted",5943,6643
0,"no_caste_unweighted",5944,7996
0,"no_caste_unweighted",5945,4659
0,"no_caste_unweighted",5946,6408
0,"no_caste_unweighted",5947,588
0,"no_caste_unweighted",5948,4570
0,"no_caste_unweighted",5949,12587
0,"no_caste_unweighted",5950,9513
0,"no_caste_unweighted",5951,2938
0,"no_caste_unweighted",5952,13653
0,"no_caste_unweighted",5953,6223
0,"no_caste_unweighted",5954,12791
0,"no_caste_unweighted",5955,14130
0,"no_caste_unweighted",5956,219
0,"no_caste_unweighted",5957,6929
0,"no_caste_unweighted",5958,11292
0,"no_caste_unweighted",5959,4752
0,"no_caste_unweighted",5960,2756
0,"no_caste_unweighted",5961,7416
0,"no_caste_unweighted",5962,12745
0,"no_caste_unweighted",5963,10412
0,"no_caste_unweighted",5964,8259
0,"no_caste_unweighted",5965,5736
0,"no_caste_unweighted",5966,359
0,"no_caste_unweighted",5967,12481
0,"no_caste_unweighted",5968,6109
0,"no_caste_unweighted",5969,9456
0,"no_caste_unweighted",5970,396
0,"no_caste_unweighted",5971,13779
0,"no_caste_unweighted",5972,9732
0,"no_caste_unweighted",5973,9510
0,"no_caste_unweighted",5974,11792
0,"no_caste_unweighted",5975,12836
0,"no_caste_unweighted",5976,558
0,"no_caste_unweighted",5977,40
0,"no_caste_unweighted",5978,10600
0,"no_caste_unweighted",5979,1263
0,"no_caste_unweighted",5980,5409
0,"no_caste_unweighted",5981,12814
0,"no_caste_unweighted",5982,2964
0,"no_caste_unweighted",5983,1302
0,"no_caste_unweighted",5984,6915
0,"no_caste_unweighted",5985,12004
0,"no_caste_unweighted",5986,8862
0,"no_caste_unweighted",5987,126
0,"no_caste_unweighted",5988,14153
0,"no_caste_unweighted",5989,6239
0,"no_caste_unweighted",5990,6145
0,"no_caste_unweighted",5991,8023
0,"no_caste_unweighted",5992,3504
0,"no_caste_unweighted",5993,7364
0,"no_caste_unweighted",5994,11328
0,"no_caste_unweighted",5995,9227
0,"no_caste_unweighted",5996,11354
0,"no_caste_unweighted",5997,8937
0,"no_caste_unweighted",5998,8059
0,"no_caste_unweighted",5999,13341
0,"no_caste_unweighted",6000,10221
0,"no_caste_unweighted",6001,6241
0,"no_caste_unweighted",6002,8216
0,"no_caste_unweighted",6003,10930
0,"no_caste_unweighted",6004,6900
0,"no_caste_unweighted",6005,9572
0,"no_caste_unweighted",6006,12041
0,"no_caste_unweighted",6007,8754
0,"no_caste_unweighted",6008,5128
0,"no_caste_unweighted",6009,6595
0,"no_caste_unweighted",6010,2257
0,"no_caste_unweighted",6011,6677
0,"no_caste_unweighted",6012,11706
0,"no_caste_unweighted",6013,2301
0,"no_caste_unweighted",6014,9350
0,"no_caste_unweighted",6015,10848
0,"no_caste_unweighted",6016,13805
0,"no_caste_unweighted",6017,11401
0,"no_caste_unweighted",6018,8651
0,"no_caste_unweighted",6019,10033
0,"no_caste_unweighted",6020,958
0,"no_caste_unweighted",6021,1436
0,"no_caste_unweighted",6022,4897
0,"no_caste_unweighted",6023,5413
0,"no_caste_unweighted",6024,3625
0,"no_caste_unweighted",6025,1847
0,"no_caste_unweighted",6026,82
0,"no_caste_unweighted",6027,10370
0,"no_caste_unweighted",6028,1584
0,"no_caste_unweighted",6029,13602
0,"no_caste_unweighted",6030,7560
0,"no_caste_unweighted",6031,10199
0,"no_caste_unweighted",6032,2036
0,"no_caste_unweighted",6033,4258
0,"no_caste_unweighted",6034,6630
0,"no_caste_unweighted",6035,10520
0,"no_caste_unweighted",6036,13989
0,"no_caste_unweighted",6037,5649
0,"no_caste_unweighted",6038,11215
0,"no_caste_unweighted",6039,477
0,"no_caste_unweighted",6040,10969
0,"no_caste_unweighted",6041,10246
0,"no_caste_unweighted",6042,7307
0,"no_caste_unweighted",6043,8560
0,"no_caste_unweighted",6044,11786
0,"no_caste_unweighted",6045,11971
0,"no_caste_unweighted",6046,745
0,"no_caste_unweighted",6047,1778
0,"no_caste_unweighted",6048,6927
0,"no_caste_unweighted",6049,1648
0,"no_caste_unweighted",6050,1347
0,"no_caste_unweighted",6051,93
0,"no_caste_unweighted",6052,11693
0,"no_caste_unweighted",6053,7666
0,"no_caste_unweighted",6054,6101
0,"no_caste_unweighted",6055,11307
0,"no_caste_unweighted",6056,1618
0,"no_caste_unweighted",6057,905
0,"no_caste_unweighted",6058,10098
0,"no_caste_unweighted",6059,2856
0,"no_caste_unweighted",6060,4113
0,"no_caste_unweighted",6061,12402
0,"no_caste_unweighted",6062,5815
0,"no_caste_unweighted",6063,2431
0,"no_caste_unweighted",6064,2810
0,"no_caste_unweighted",6065,5607
0,"no_caste_unweighted",6066,8576
0,"no_caste_unweighted",6067,5638
0,"no_caste_unweighted",6068,7681
0,"no_caste_unweighted",6069,488
0,"no_caste_unweighted",6070,4399
0,"no_caste_unweighted",6071,85
0,"no_caste_unweighted",6072,4500
0,"no_caste_unweighted",6073,3635
0,"no_caste_unweighted",6074,809
0,"no_caste_unweighted",6075,5648
0,"no_caste_unweighted",6076,6384
0,"no_caste_unweighted",6077,825
0,"no_caste_unweighted",6078,13030
0,"no_caste_unweighted",6079,2001
0,"no_caste_unweighted",6080,12019
0,"no_caste_unweighted",6081,7381
0,"no_caste_unweighted",6082,8067
0,"no_caste_unweighted",6083,2199
0,"no_caste_unweighted",6084,5847
0,"no_caste_unweighted",6085,7842
0,"no_caste_unweighted",6086,12863
0,"no_caste_unweighted",6087,2826
0,"no_caste_unweighted",6088,1110
0,"no_caste_unweighted",6089,11334
0,"no_caste_unweighted",6090,799
0,"no_caste_unweighted",6091,4596
0,"no_caste_unweighted",6092,3951
0,"no_caste_unweighted",6093,1946
0,"no_caste_unweighted",6094,4613
0,"no_caste_unweighted",6095,7140
0,"no_caste_unweighted",6096,10644
0,"no_caste_unweighted",6097,5125
0,"no_caste_unweighted",6098,9511
0,"no_caste_unweighted",6099,620
0,"no_caste_unweighted",6100,3757
0,"no_caste_unweighted",6101,10594
0,"no_caste_unweighted",6102,3714
0,"no_caste_unweighted",6103,6773
0,"no_caste_unweighted",6104,7178
0,"no_caste_unweighted",6105,4537
0,"no_caste_unweighted",6106,11085
0,"no_caste_unweighted",6107,13924
0,"no_caste_unweighted",6108,10254
0,"no_caste_unweighted",6109,9069
0,"no_caste_unweighted",6110,13824
0,"no_caste_unweighted",6111,5741
0,"no_caste_unweighted",6112,11184
0,"no_caste_unweighted",6113,752
0,"no_caste_unweighted",6114,9357
0,"no_caste_unweighted",6115,12012
0,"no_caste_unweighted",6116,3751
0,"no_caste_unweighted",6117,12248
0,"no_caste_unweighted",6118,147
0,"no_caste_unweighted",6119,9851
0,"no_caste_unweighted",6120,12711
0,"no_caste_unweighted",6121,9228
0,"no_caste_unweighted",6122,621
0,"no_caste_unweighted",6123,12457
0,"no_caste_unweighted",6124,13360
0,"no_caste_unweighted",6125,4909
0,"no_caste_unweighted",6126,7353
0,"no_caste_unweighted",6127,4558
0,"no_caste_unweighted",6128,12800
0,"no_caste_unweighted",6129,12206
0,"no_caste_unweighted",6130,1685
0,"no_caste_unweighted",6131,7450
0,"no_caste_unweighted",6132,12294
0,"no_caste_unweighted",6133,11624
0,"no_caste_unweighted",6134,13674
0,"no_caste_unweighted",6135,12642
0,"no_caste_unweighted",6136,2292
0,"no_caste_unweighted",6137,2023
0,"no_caste_unweighted",6138,8409
0,"no_caste_unweighted",6139,5215
0,"no_caste_unweighted",6140,5245
0,"no_caste_unweighted",6141,3838
0,"no_caste_unweighted",6142,12523
0,"no_caste_unweighted",6143,2565
0,"no_caste_unweighted",6144,12443
0,"no_caste_unweighted",6145,12135
0,"no_caste_unweighted",6146,10802
0,"no_caste_unweighted",6147,4445
0,"no_caste_unweighted",6148,9311
0,"no_caste_unweighted",6149,3547
0,"no_caste_unweighted",6150,4265
0,"no_caste_unweighted",6151,4315
0,"no_caste_unweighted",6152,1860
0,"no_caste_unweighted",6153,1062
0,"no_caste_unweighted",6154,61
0,"no_caste_unweighted",6155,2232
0,"no_caste_unweighted",6156,9987
0,"no_caste_unweighted",6157,379
0,"no_caste_unweighted",6158,3801
0,"no_caste_unweighted",6159,11148
0,"no_caste_unweighted",6160,3264
0,"no_caste_unweighted",6161,11852
0,"no_caste_unweighted",6162,9033
0,"no_caste_unweighted",6163,9317
0,"no_caste_unweighted",6164,6354
0,"no_caste_unweighted",6165,12598
0,"no_caste_unweighted",6166,161
0,"no_caste_unweighted",6167,333
0,"no_caste_unweighted",6168,6023
0,"no_caste_unweighted",6169,12219
0,"no_caste_unweighted",6170,10359
0,"no_caste_unweighted",6171,591
0,"no_caste_unweighted",6172,2496
0,"no_caste_unweighted",6173,8270
0,"no_caste_unweighted",6174,9549
0,"no_caste_unweighted",6175,481
0,"no_caste_unweighted",6176,2221
0,"no_caste_unweighted",6177,342
0,"no_caste_unweighted",6178,13968
0,"no_caste_unweighted",6179,460
0,"no_caste_unweighted",6180,1381
0,"no_caste_unweighted",6181,5510
0,"no_caste_unweighted",6182,2354
0,"no_caste_unweighted",6183,14057
0,"no_caste_unweighted",6184,8100
0,"no_caste_unweighted",6185,11921
0,"no_caste_unweighted",6186,2185
0,"no_caste_unweighted",6187,9568
0,"no_caste_unweighted",6188,778
0,"no_caste_unweighted",6189,7169
0,"no_caste_unweighted",6190,127
0,"no_caste_unweighted",6191,7946
0,"no_caste_unweighted",6192,4696
0,"no_caste_unweighted",6193,7660
0,"no_caste_unweighted",6194,7978
0,"no_caste_unweighted",6195,10391
0,"no_caste_unweighted",6196,1421
0,"no_caste_unweighted",6197,5217
0,"no_caste_unweighted",6198,5933
0,"no_caste_unweighted",6199,4600
0,"no_caste_unweighted",6200,12653
0,"no_caste_unweighted",6201,11340
0,"no_caste_unweighted",6202,6707
0,"no_caste_unweighted",6203,12732
0,"no_caste_unweighted",6204,2454
0,"no_caste_unweighted",6205,12789
0,"no_caste_unweighted",6206,8944
0,"no_caste_unweighted",6207,9108
0,"no_caste_unweighted",6208,12292
0,"no_caste_unweighted",6209,3672
0,"no_caste_unweighted",6210,2435
0,"no_caste_unweighted",6211,6568
0,"no_caste_unweighted",6212,3571
0,"no_caste_unweighted",6213,884
0,"no_caste_unweighted",6214,1392
0,"no_caste_unweighted",6215,5677
0,"no_caste_unweighted",6216,3409
0,"no_caste_unweighted",6217,3669
0,"no_caste_unweighted",6218,11426
0,"no_caste_unweighted",6219,6177
0,"no_caste_unweighted",6220,770
0,"no_caste_unweighted",6221,49
0,"no_caste_unweighted",6222,282
0,"no_caste_unweighted",6223,11927
0,"no_caste_unweighted",6224,6063
0,"no_caste_unweighted",6225,13996
0,"no_caste_unweighted",6226,5290
0,"no_caste_unweighted",6227,4743
0,"no_caste_unweighted",6228,2975
0,"no_caste_unweighted",6229,5198
0,"no_caste_unweighted",6230,2039
0,"no_caste_unweighted",6231,14085
0,"no_caste_unweighted",6232,1739
0,"no_caste_unweighted",6233,11349
0,"no_caste_unweighted",6234,3057
0,"no_caste_unweighted",6235,7827
0,"no_caste_unweighted",6236,7011
0,"no_caste_unweighted",6237,13395
0,"no_caste_unweighted",6238,879
0,"no_caste_unweighted",6239,5953
0,"no_caste_unweighted",6240,36
0,"no_caste_unweighted",6241,9099
0,"no_caste_unweighted",6242,7072
0,"no_caste_unweighted",6243,9467
0,"no_caste_unweighted",6244,10171
0,"no_caste_unweighted",6245,6334
0,"no_caste_unweighted",6246,3538
0,"no_caste_unweighted",6247,2714
0,"no_caste_unweighted",6248,1058
0,"no_caste_unweighted",6249,10589
0,"no_caste_unweighted",6250,3508
0,"no_caste_unweighted",6251,2264
0,"no_caste_unweighted",6252,5010
0,"no_caste_unweighted",6253,6611
0,"no_caste_unweighted",6254,9242
0,"no_caste_unweighted",6255,1956
0,"no_caste_unweighted",6256,6431
0,"no_caste_unweighted",6257,9493
0,"no_caste_unweighted",6258,10078
0,"no_caste_unweighted",6259,12022
0,"no_caste_unweighted",6260,10619
0,"no_caste_unweighted",6261,4027
0,"no_caste_unweighted",6262,11430
0,"no_caste_unweighted",6263,13495
0,"no_caste_unweighted",6264,6410
0,"no_caste_unweighted",6265,1073
0,"no_caste_unweighted",6266,2507
0,"no_caste_unweighted",6267,5558
0,"no_caste_unweighted",6268,10671
0,"no_caste_unweighted",6269,4864
0,"no_caste_unweighted",6270,3158
0,"no_caste_unweighted",6271,12758
0,"no_caste_unweighted",6272,11223
0,"no_caste_unweighted",6273,6807
0,"no_caste_unweighted",6274,7893
0,"no_caste_unweighted",6275,6554
0,"no_caste_unweighted",6276,3036
0,"no_caste_unweighted",6277,7227
0,"no_caste_unweighted",6278,6193
0,"no_caste_unweighted",6279,8140
0,"no_caste_unweighted",6280,2075
0,"no_caste_unweighted",6281,9824
0,"no_caste_unweighted",6282,11532
0,"no_caste_unweighted",6283,12916
0,"no_caste_unweighted",6284,4911
0,"no_caste_unweighted",6285,11491
0,"no_caste_unweighted",6286,6696
0,"no_caste_unweighted",6287,7126
0,"no_caste_unweighted",6288,4398
0,"no_caste_unweighted",6289,8986
0,"no_caste_unweighted",6290,9292
0,"no_caste_unweighted",6291,2167
0,"no_caste_unweighted",6292,860
0,"no_caste_unweighted",6293,2233
0,"no_caste_unweighted",6294,12017
0,"no_caste_unweighted",6295,5675
0,"no_caste_unweighted",6296,8706
0,"no_caste_unweighted",6297,690
0,"no_caste_unweighted",6298,7615
0,"no_caste_unweighted",6299,3201
0,"no_caste_unweighted",6300,229
0,"no_caste_unweighted",6301,8477
0,"no_caste_unweighted",6302,5474
0,"no_caste_unweighted",6303,3994
0,"no_caste_unweighted",6304,4031
0,"no_caste_unweighted",6305,5392
0,"no_caste_unweighted",6306,2026
0,"no_caste_unweighted",6307,4000
0,"no_caste_unweighted",6308,12358
0,"no_caste_unweighted",6309,2521
0,"no_caste_unweighted",6310,8770
0,"no_caste_unweighted",6311,3122
0,"no_caste_unweighted",6312,9763
0,"no_caste_unweighted",6313,5053
0,"no_caste_unweighted",6314,4201
0,"no_caste_unweighted",6315,10994
0,"no_caste_unweighted",6316,11484
0,"no_caste_unweighted",6317,12246
0,"no_caste_unweighted",6318,7270
0,"no_caste_unweighted",6319,9526
0,"no_caste_unweighted",6320,7326
0,"no_caste_unweighted",6321,12339
0,"no_caste_unweighted",6322,5026
0,"no_caste_unweighted",6323,11348
0,"no_caste_unweighted",6324,4847
0,"no_caste_unweighted",6325,4979
0,"no_caste_unweighted",6326,5338
0,"no_caste_unweighted",6327,163
0,"no_caste_unweighted",6328,4494
0,"no_caste_unweighted",6329,8767
0,"no_caste_unweighted",6330,12895
0,"no_caste_unweighted",6331,5140
0,"no_caste_unweighted",6332,11070
0,"no_caste_unweighted",6333,801
0,"no_caste_unweighted",6334,5410
0,"no_caste_unweighted",6335,4572
0,"no_caste_unweighted",6336,5068
0,"no_caste_unweighted",6337,2191
0,"no_caste_unweighted",6338,10553
0,"no_caste_unweighted",6339,6665
0,"no_caste_unweighted",6340,1842
0,"no_caste_unweighted",6341,1369
0,"no_caste_unweighted",6342,9836
0,"no_caste_unweighted",6343,12956
0,"no_caste_unweighted",6344,8074
0,"no_caste_unweighted",6345,6613
0,"no_caste_unweighted",6346,2774
0,"no_caste_unweighted",6347,5890
0,"no_caste_unweighted",6348,4308
0,"no_caste_unweighted",6349,2892
0,"no_caste_unweighted",6350,11523
0,"no_caste_unweighted",6351,9821
0,"no_caste_unweighted",6352,6855
0,"no_caste_unweighted",6353,8295
0,"no_caste_unweighted",6354,9808
0,"no_caste_unweighted",6355,1808
0,"no_caste_unweighted",6356,5895
0,"no_caste_unweighted",6357,2402
0,"no_caste_unweighted",6358,2352
0,"no_caste_unweighted",6359,12737
0,"no_caste_unweighted",6360,788
0,"no_caste_unweighted",6361,6015
0,"no_caste_unweighted",6362,4630
0,"no_caste_unweighted",6363,2957
0,"no_caste_unweighted",6364,10243
0,"no_caste_unweighted",6365,1207
0,"no_caste_unweighted",6366,10434
0,"no_caste_unweighted",6367,2285
0,"no_caste_unweighted",6368,7028
0,"no_caste_unweighted",6369,7096
0,"no_caste_unweighted",6370,10526
0,"no_caste_unweighted",6371,12202
0,"no_caste_unweighted",6372,3882
0,"no_caste_unweighted",6373,9937
0,"no_caste_unweighted",6374,5612
0,"no_caste_unweighted",6375,3786
0,"no_caste_unweighted",6376,9973
0,"no_caste_unweighted",6377,6756
0,"no_caste_unweighted",6378,12483
0,"no_caste_unweighted",6379,9971
0,"no_caste_unweighted",6380,3864
0,"no_caste_unweighted",6381,2019
0,"no_caste_unweighted",6382,9908
0,"no_caste_unweighted",6383,10025
0,"no_caste_unweighted",6384,8758
0,"no_caste_unweighted",6385,1574
0,"no_caste_unweighted",6386,10683
0,"no_caste_unweighted",6387,3820
0,"no_caste_unweighted",6388,7709
0,"no_caste_unweighted",6389,3945
0,"no_caste_unweighted",6390,10281
0,"no_caste_unweighted",6391,4311
0,"no_caste_unweighted",6392,962
0,"no_caste_unweighted",6393,1600
0,"no_caste_unweighted",6394,12269
0,"no_caste_unweighted",6395,13558
0,"no_caste_unweighted",6396,10528
0,"no_caste_unweighted",6397,12086
0,"no_caste_unweighted",6398,5859
0,"no_caste_unweighted",6399,10640
0,"no_caste_unweighted",6400,489
0,"no_caste_unweighted",6401,9982
0,"no_caste_unweighted",6402,9617
0,"no_caste_unweighted",6403,8826
0,"no_caste_unweighted",6404,4458
0,"no_caste_unweighted",6405,8664
0,"no_caste_unweighted",6406,6712
0,"no_caste_unweighted",6407,114
0,"no_caste_unweighted",6408,5618
0,"no_caste_unweighted",6409,13248
0,"no_caste_unweighted",6410,6031
0,"no_caste_unweighted",6411,9225
0,"no_caste_unweighted",6412,1821
0,"no_caste_unweighted",6413,12362
0,"no_caste_unweighted",6414,5984
0,"no_caste_unweighted",6415,4215
0,"no_caste_unweighted",6416,8716
0,"no_caste_unweighted",6417,14162
0,"no_caste_unweighted",6418,774
0,"no_caste_unweighted",6419,2345
0,"no_caste_unweighted",6420,4178
0,"no_caste_unweighted",6421,8958
0,"no_caste_unweighted",6422,10185
0,"no_caste_unweighted",6423,9657
0,"no_caste_unweighted",6424,3566
0,"no_caste_unweighted",6425,5015
0,"no_caste_unweighted",6426,11434
0,"no_caste_unweighted",6427,9248
0,"no_caste_unweighted",6428,2280
0,"no_caste_unweighted",6429,12375
0,"no_caste_unweighted",6430,718
0,"no_caste_unweighted",6431,1816
0,"no_caste_unweighted",6432,12933
0,"no_caste_unweighted",6433,12099
0,"no_caste_unweighted",6434,11709
0,"no_caste_unweighted",6435,10483
0,"no_caste_unweighted",6436,3074
0,"no_caste_unweighted",6437,3004
0,"no_caste_unweighted",6438,6174
0,"no_caste_unweighted",6439,5760
0,"no_caste_unweighted",6440,11952
0,"no_caste_unweighted",6441,9136
0,"no_caste_unweighted",6442,13893
0,"no_caste_unweighted",6443,197
0,"no_caste_unweighted",6444,934
0,"no_caste_unweighted",6445,12181
0,"no_caste_unweighted",6446,1606
0,"no_caste_unweighted",6447,11748
0,"no_caste_unweighted",6448,13474
0,"no_caste_unweighted",6449,252
0,"no_caste_unweighted",6450,5281
0,"no_caste_unweighted",6451,12873
0,"no_caste_unweighted",6452,204
0,"no_caste_unweighted",6453,53
0,"no_caste_unweighted",6454,2293
0,"no_caste_unweighted",6455,11193
0,"no_caste_unweighted",6456,9848
0,"no_caste_unweighted",6457,7819
0,"no_caste_unweighted",6458,8974
0,"no_caste_unweighted",6459,14011
0,"no_caste_unweighted",6460,3845
0,"no_caste_unweighted",6461,6189
0,"no_caste_unweighted",6462,9759
0,"no_caste_unweighted",6463,12761
0,"no_caste_unweighted",6464,5271
0,"no_caste_unweighted",6465,2498
0,"no_caste_unweighted",6466,3690
0,"no_caste_unweighted",6467,4814
0,"no_caste_unweighted",6468,11046
0,"no_caste_unweighted",6469,4489
0,"no_caste_unweighted",6470,9569
0,"no_caste_unweighted",6471,7724
0,"no_caste_unweighted",6472,8939
0,"no_caste_unweighted",6473,3688
0,"no_caste_unweighted",6474,9940
0,"no_caste_unweighted",6475,623
0,"no_caste_unweighted",6476,7022
0,"no_caste_unweighted",6477,11417
0,"no_caste_unweighted",6478,1533
0,"no_caste_unweighted",6479,8431
0,"no_caste_unweighted",6480,9306
0,"no_caste_unweighted",6481,10341
0,"no_caste_unweighted",6482,12756
0,"no_caste_unweighted",6483,4302
0,"no_caste_unweighted",6484,5248
0,"no_caste_unweighted",6485,5658
0,"no_caste_unweighted",6486,7105
0,"no_caste_unweighted",6487,1365
0,"no_caste_unweighted",6488,7500
0,"no_caste_unweighted",6489,1765
0,"no_caste_unweighted",6490,9132
0,"no_caste_unweighted",6491,11531
0,"no_caste_unweighted",6492,5673
0,"no_caste_unweighted",6493,3973
0,"no_caste_unweighted",6494,5803
0,"no_caste_unweighted",6495,5728
0,"no_caste_unweighted",6496,5039
0,"no_caste_unweighted",6497,10689
0,"no_caste_unweighted",6498,6914
0,"no_caste_unweighted",6499,11456
0,"no_caste_unweighted",6500,5236
0,"no_caste_unweighted",6501,1567
0,"no_caste_unweighted",6502,13927
0,"no_caste_unweighted",6503,1122
0,"no_caste_unweighted",6504,7324
0,"no_caste_unweighted",6505,2832
0,"no_caste_unweighted",6506,7070
0,"no_caste_unweighted",6507,10123
0,"no_caste_unweighted",6508,9142
0,"no_caste_unweighted",6509,3580
0,"no_caste_unweighted",6510,14026
0,"no_caste_unweighted",6511,4887
0,"no_caste_unweighted",6512,5201
0,"no_caste_unweighted",6513,7131
0,"no_caste_unweighted",6514,9604
0,"no_caste_unweighted",6515,9221
0,"no_caste_unweighted",6516,1680
0,"no_caste_unweighted",6517,7114
0,"no_caste_unweighted",6518,9781
0,"no_caste_unweighted",6519,7760
0,"no_caste_unweighted",6520,6215
0,"no_caste_unweighted",6521,13977
0,"no_caste_unweighted",6522,377
0,"no_caste_unweighted",6523,678
0,"no_caste_unweighted",6524,878
0,"no_caste_unweighted",6525,8292
0,"no_caste_unweighted",6526,7767
0,"no_caste_unweighted",6527,639
0,"no_caste_unweighted",6528,7576
0,"no_caste_unweighted",6529,9328
0,"no_caste_unweighted",6530,2501
0,"no_caste_unweighted",6531,11855
0,"no_caste_unweighted",6532,7172
0,"no_caste_unweighted",6533,8468
0,"no_caste_unweighted",6534,10307
0,"no_caste_unweighted",6535,67
0,"no_caste_unweighted",6536,5225
0,"no_caste_unweighted",6537,470
0,"no_caste_unweighted",6538,13728
0,"no_caste_unweighted",6539,11533
0,"no_caste_unweighted",6540,3898
0,"no_caste_unweighted",6541,12788
0,"no_caste_unweighted",6542,10865
0,"no_caste_unweighted",6543,5368
0,"no_caste_unweighted",6544,3420
0,"no_caste_unweighted",6545,6976
0,"no_caste_unweighted",6546,10041
0,"no_caste_unweighted",6547,7899
0,"no_caste_unweighted",6548,4147
0,"no_caste_unweighted",6549,3729
0,"no_caste_unweighted",6550,3465
0,"no_caste_unweighted",6551,1748
0,"no_caste_unweighted",6552,4856
0,"no_caste_unweighted",6553,12499
0,"no_caste_unweighted",6554,1470
0,"no_caste_unweighted",6555,10654
0,"no_caste_unweighted",6556,4611
0,"no_caste_unweighted",6557,13254
0,"no_caste_unweighted",6558,1121
0,"no_caste_unweighted",6559,7378
0,"no_caste_unweighted",6560,8238
0,"no_caste_unweighted",6561,221
0,"no_caste_unweighted",6562,5687
0,"no_caste_unweighted",6563,2993
0,"no_caste_unweighted",6564,1459
0,"no_caste_unweighted",6565,12896
0,"no_caste_unweighted",6566,6995
0,"no_caste_unweighted",6567,9026
0,"no_caste_unweighted",6568,8117
0,"no_caste_unweighted",6569,10136
0,"no_caste_unweighted",6570,12383
0,"no_caste_unweighted",6571,13937
0,"no_caste_unweighted",6572,421
0,"no_caste_unweighted",6573,13646
0,"no_caste_unweighted",6574,12458
0,"no_caste_unweighted",6575,1483
0,"no_caste_unweighted",6576,7840
0,"no_caste_unweighted",6577,8892
0,"no_caste_unweighted",6578,9017
0,"no_caste_unweighted",6579,12002
0,"no_caste_unweighted",6580,6919
0,"no_caste_unweighted",6581,10380
0,"no_caste_unweighted",6582,1491
0,"no_caste_unweighted",6583,5117
0,"no_caste_unweighted",6584,4881
0,"no_caste_unweighted",6585,1515
0,"no_caste_unweighted",6586,13504
0,"no_caste_unweighted",6587,502
0,"no_caste_unweighted",6588,762
0,"no_caste_unweighted",6589,11604
0,"no_caste_unweighted",6590,14029
0,"no_caste_unweighted",6591,1590
0,"no_caste_unweighted",6592,7230
0,"no_caste_unweighted",6593,10027
0,"no_caste_unweighted",6594,9152
0,"no_caste_unweighted",6595,11299
0,"no_caste_unweighted",6596,653
0,"no_caste_unweighted",6597,5627
0,"no_caste_unweighted",6598,9489
0,"no_caste_unweighted",6599,11892
0,"no_caste_unweighted",6600,6935
0,"no_caste_unweighted",6601,1621
0,"no_caste_unweighted",6602,525
0,"no_caste_unweighted",6603,4741
0,"no_caste_unweighted",6604,12767
0,"no_caste_unweighted",6605,9514
0,"no_caste_unweighted",6606,9635
0,"no_caste_unweighted",6607,1186
0,"no_caste_unweighted",6608,4892
0,"no_caste_unweighted",6609,710
0,"no_caste_unweighted",6610,1014
0,"no_caste_unweighted",6611,2341
0,"no_caste_unweighted",6612,3889
0,"no_caste_unweighted",6613,12917
0,"no_caste_unweighted",6614,7656
0,"no_caste_unweighted",6615,3644
0,"no_caste_unweighted",6616,7262
0,"no_caste_unweighted",6617,6287
0,"no_caste_unweighted",6618,2624
0,"no_caste_unweighted",6619,10838
0,"no_caste_unweighted",6620,13286
0,"no_caste_unweighted",6621,2919
0,"no_caste_unweighted",6622,11041
0,"no_caste_unweighted",6623,9308
0,"no_caste_unweighted",6624,5823
0,"no_caste_unweighted",6625,6381
0,"no_caste_unweighted",6626,6851
0,"no_caste_unweighted",6627,7924
0,"no_caste_unweighted",6628,8689
0,"no_caste_unweighted",6629,13979
0,"no_caste_unweighted",6630,9826
0,"no_caste_unweighted",6631,13926
0,"no_caste_unweighted",6632,8134
0,"no_caste_unweighted",6633,234
0,"no_caste_unweighted",6634,7094
0,"no_caste_unweighted",6635,3686
0,"no_caste_unweighted",6636,2547
0,"no_caste_unweighted",6637,1233
0,"no_caste_unweighted",6638,5083
0,"no_caste_unweighted",6639,12257
0,"no_caste_unweighted",6640,170
0,"no_caste_unweighted",6641,10001
0,"no_caste_unweighted",6642,89
0,"no_caste_unweighted",6643,511
0,"no_caste_unweighted",6644,12265
0,"no_caste_unweighted",6645,2813
0,"no_caste_unweighted",6646,12089
0,"no_caste_unweighted",6647,6356
0,"no_caste_unweighted",6648,4177
0,"no_caste_unweighted",6649,5363
0,"no_caste_unweighted",6650,1545
0,"no_caste_unweighted",6651,10203
0,"no_caste_unweighted",6652,5944
0,"no_caste_unweighted",6653,12423
0,"no_caste_unweighted",6654,6772
0,"no_caste_unweighted",6655,3125
0,"no_caste_unweighted",6656,9337
0,"no_caste_unweighted",6657,8978
0,"no_caste_unweighted",6658,3483
0,"no_caste_unweighted",6659,13234
0,"no_caste_unweighted",6660,3968
0,"no_caste_unweighted",6661,2506
0,"no_caste_unweighted",6662,9777
0,"no_caste_unweighted",6663,9725
0,"no_caste_unweighted",6664,6008
0,"no_caste_unweighted",6665,9748
0,"no_caste_unweighted",6666,733
0,"no_caste_unweighted",6667,1769
0,"no_caste_unweighted",6668,12912
0,"no_caste_unweighted",6669,9436
0,"no_caste_unweighted",6670,941
0,"no_caste_unweighted",6671,937
0,"no_caste_unweighted",6672,11271
0,"no_caste_unweighted",6673,2945
0,"no_caste_unweighted",6674,1949
0,"no_caste_unweighted",6675,10244
0,"no_caste_unweighted",6676,7853
0,"no_caste_unweighted",6677,10241
0,"no_caste_unweighted",6678,9322
0,"no_caste_unweighted",6679,5762
0,"no_caste_unweighted",6680,995
0,"no_caste_unweighted",6681,2578
0,"no_caste_unweighted",6682,7986
0,"no_caste_unweighted",6683,5154
0,"no_caste_unweighted",6684,7231
0,"no_caste_unweighted",6685,13102
0,"no_caste_unweighted",6686,12607
0,"no_caste_unweighted",6687,8540
0,"no_caste_unweighted",6688,4176
0,"no_caste_unweighted",6689,159
0,"no_caste_unweighted",6690,2261
0,"no_caste_unweighted",6691,7359
0,"no_caste_unweighted",6692,2720
0,"no_caste_unweighted",6693,14154
0,"no_caste_unweighted",6694,6816
0,"no_caste_unweighted",6695,2270
0,"no_caste_unweighted",6696,10911
0,"no_caste_unweighted",6697,13245
0,"no_caste_unweighted",6698,3953
0,"no_caste_unweighted",6699,2327
0,"no_caste_unweighted",6700,3056
0,"no_caste_unweighted",6701,11609
0,"no_caste_unweighted",6702,3117
0,"no_caste_unweighted",6703,2673
0,"no_caste_unweighted",6704,5971
0,"no_caste_unweighted",6705,13334
0,"no_caste_unweighted",6706,6622
0,"no_caste_unweighted",6707,9494
0,"no_caste_unweighted",6708,8049
0,"no_caste_unweighted",6709,3403
0,"no_caste_unweighted",6710,5259
0,"no_caste_unweighted",6711,45
0,"no_caste_unweighted",6712,12869
0,"no_caste_unweighted",6713,13434
0,"no_caste_unweighted",6714,1529
0,"no_caste_unweighted",6715,13668
0,"no_caste_unweighted",6716,947
0,"no_caste_unweighted",6717,3805
0,"no_caste_unweighted",6718,1198
0,"no_caste_unweighted",6719,1226
0,"no_caste_unweighted",6720,2111
0,"no_caste_unweighted",6721,4770
0,"no_caste_unweighted",6722,10103
0,"no_caste_unweighted",6723,5190
0,"no_caste_unweighted",6724,1788
0,"no_caste_unweighted",6725,11
0,"no_caste_unweighted",6726,6074
0,"no_caste_unweighted",6727,7438
0,"no_caste_unweighted",6728,10116
0,"no_caste_unweighted",6729,1849
0,"no_caste_unweighted",6730,9573
0,"no_caste_unweighted",6731,7895
0,"no_caste_unweighted",6732,967
0,"no_caste_unweighted",6733,5538
0,"no_caste_unweighted",6734,8859
0,"no_caste_unweighted",6735,10481
0,"no_caste_unweighted",6736,7111
0,"no_caste_unweighted",6737,2784
0,"no_caste_unweighted",6738,5926
0,"no_caste_unweighted",6739,9900
0,"no_caste_unweighted",6740,13836
0,"no_caste_unweighted",6741,26
0,"no_caste_unweighted",6742,7160
0,"no_caste_unweighted",6743,12899
0,"no_caste_unweighted",6744,12862
0,"no_caste_unweighted",6745,1360
0,"no_caste_unweighted",6746,6698
0,"no_caste_unweighted",6747,23
0,"no_caste_unweighted",6748,11984
0,"no_caste_unweighted",6749,549
0,"no_caste_unweighted",6750,888
0,"no_caste_unweighted",6751,10749
0,"no_caste_unweighted",6752,9799
0,"no_caste_unweighted",6753,9995
0,"no_caste_unweighted",6754,10034
0,"no_caste_unweighted",6755,1786
0,"no_caste_unweighted",6756,11087
0,"no_caste_unweighted",6757,12351
0,"no_caste_unweighted",6758,3496
0,"no_caste_unweighted",6759,13512
0,"no_caste_unweighted",6760,11938
0,"no_caste_unweighted",6761,100
0,"no_caste_unweighted",6762,9922
0,"no_caste_unweighted",6763,2012
0,"no_caste_unweighted",6764,8106
0,"no_caste_unweighted",6765,1798
0,"no_caste_unweighted",6766,5194
0,"no_caste_unweighted",6767,594
0,"no_caste_unweighted",6768,913
0,"no_caste_unweighted",6769,1222
0,"no_caste_unweighted",6770,8268
0,"no_caste_unweighted",6771,550
0,"no_caste_unweighted",6772,6947
0,"no_caste_unweighted",6773,9342
0,"no_caste_unweighted",6774,10732
0,"no_caste_unweighted",6775,6890
0,"no_caste_unweighted",6776,3761
0,"no_caste_unweighted",6777,8362
0,"no_caste_unweighted",6778,7113
0,"no_caste_unweighted",6779,3652
0,"no_caste_unweighted",6780,1358
0,"no_caste_unweighted",6781,2605
0,"no_caste_unweighted",6782,852
0,"no_caste_unweighted",6783,12636
0,"no_caste_unweighted",6784,2682
0,"no_caste_unweighted",6785,764
0,"no_caste_unweighted",6786,3843
0,"no_caste_unweighted",6787,3275
0,"no_caste_unweighted",6788,12422
0,"no_caste_unweighted",6789,8139
0,"no_caste_unweighted",6790,4297
0,"no_caste_unweighted",6791,11989
0,"no_caste_unweighted",6792,11670
0,"no_caste_unweighted",6793,9515
0,"no_caste_unweighted",6794,13519
0,"no_caste_unweighted",6795,24
0,"no_caste_unweighted",6796,12432
0,"no_caste_unweighted",6797,9361
0,"no_caste_unweighted",6798,524
0,"no_caste_unweighted",6799,7538
0,"no_caste_unweighted",6800,13321
0,"no_caste_unweighted",6801,5450
0,"no_caste_unweighted",6802,11253
0,"no_caste_unweighted",6803,3867
0,"no_caste_unweighted",6804,7242
0,"no_caste_unweighted",6805,3390
0,"no_caste_unweighted",6806,10286
0,"no_caste_unweighted",6807,11884
0,"no_caste_unweighted",6808,2808
0,"no_caste_unweighted",6809,11846
0,"no_caste_unweighted",6810,5180
0,"no_caste_unweighted",6811,9080
0,"no_caste_unweighted",6812,10576
0,"no_caste_unweighted",6813,6003
0,"no_caste_unweighted",6814,2481
0,"no_caste_unweighted",6815,9245
0,"no_caste_unweighted",6816,11722
0,"no_caste_unweighted",6817,3426
0,"no_caste_unweighted",6818,274
0,"no_caste_unweighted",6819,9162
0,"no_caste_unweighted",6820,12063
0,"no_caste_unweighted",6821,10441
0,"no_caste_unweighted",6822,1289
0,"no_caste_unweighted",6823,4883
0,"no_caste_unweighted",6824,11063
0,"no_caste_unweighted",6825,10149
0,"no_caste_unweighted",6826,4760
0,"no_caste_unweighted",6827,363
0,"no_caste_unweighted",6828,6448
0,"no_caste_unweighted",6829,4807
0,"no_caste_unweighted",6830,2027
0,"no_caste_unweighted",6831,6788
0,"no_caste_unweighted",6832,7805
0,"no_caste_unweighted",6833,2765
0,"no_caste_unweighted",6834,9879
0,"no_caste_unweighted",6835,1908
0,"no_caste_unweighted",6836,5987
0,"no_caste_unweighted",6837,7401
0,"no_caste_unweighted",6838,5115
0,"no_caste_unweighted",6839,12209
0,"no_caste_unweighted",6840,7062
0,"no_caste_unweighted",6841,876
0,"no_caste_unweighted",6842,12816
0,"no_caste_unweighted",6843,7720
0,"no_caste_unweighted",6844,5016
0,"no_caste_unweighted",6845,11611
0,"no_caste_unweighted",6846,6616
0,"no_caste_unweighted",6847,4645
0,"no_caste_unweighted",6848,4929
0,"no_caste_unweighted",6849,12572
0,"no_caste_unweighted",6850,9546
0,"no_caste_unweighted",6851,8950
0,"no_caste_unweighted",6852,1007
0,"no_caste_unweighted",6853,6552
0,"no_caste_unweighted",6854,11651
0,"no_caste_unweighted",6855,6689
0,"no_caste_unweighted",6856,615
0,"no_caste_unweighted",6857,9031
0,"no_caste_unweighted",6858,6638
0,"no_caste_unweighted",6859,4181
0,"no_caste_unweighted",6860,12005
0,"no_caste_unweighted",6861,2173
0,"no_caste_unweighted",6862,1743
0,"no_caste_unweighted",6863,12508
0,"no_caste_unweighted",6864,8123
0,"no_caste_unweighted",6865,10561
0,"no_caste_unweighted",6866,3842
0,"no_caste_unweighted",6867,952
0,"no_caste_unweighted",6868,12641
0,"no_caste_unweighted",6869,7413
0,"no_caste_unweighted",6870,11622
0,"no_caste_unweighted",6871,4225
0,"no_caste_unweighted",6872,10344
0,"no_caste_unweighted",6873,10349
0,"no_caste_unweighted",6874,2649
0,"no_caste_unweighted",6875,576
0,"no_caste_unweighted",6876,7865
0,"no_caste_unweighted",6877,3443
0,"no_caste_unweighted",6878,11893
0,"no_caste_unweighted",6879,10386
0,"no_caste_unweighted",6880,6904
0,"no_caste_unweighted",6881,6382
0,"no_caste_unweighted",6882,8924
0,"no_caste_unweighted",6883,4707
0,"no_caste_unweighted",6884,5901
0,"no_caste_unweighted",6885,12212
0,"no_caste_unweighted",6886,13051
0,"no_caste_unweighted",6887,2061
0,"no_caste_unweighted",6888,13625
0,"no_caste_unweighted",6889,5185
0,"no_caste_unweighted",6890,12365
0,"no_caste_unweighted",6891,7670
0,"no_caste_unweighted",6892,9983
0,"no_caste_unweighted",6893,4971
0,"no_caste_unweighted",6894,8831
0,"no_caste_unweighted",6895,4757
0,"no_caste_unweighted",6896,5186
0,"no_caste_unweighted",6897,3734
0,"no_caste_unweighted",6898,9274
0,"no_caste_unweighted",6899,3146
0,"no_caste_unweighted",6900,11582
0,"no_caste_unweighted",6901,6652
0,"no_caste_unweighted",6902,9147
0,"no_caste_unweighted",6903,4262
0,"no_caste_unweighted",6904,8058
0,"no_caste_unweighted",6905,8348
0,"no_caste_unweighted",6906,2905
0,"no_caste_unweighted",6907,4762
0,"no_caste_unweighted",6908,5293
0,"no_caste_unweighted",6909,11578
0,"no_caste_unweighted",6910,13918
0,"no_caste_unweighted",6911,5893
0,"no_caste_unweighted",6912,12180
0,"no_caste_unweighted",6913,1006
0,"no_caste_unweighted",6914,6385
0,"no_caste_unweighted",6915,3202
0,"no_caste_unweighted",6916,942
0,"no_caste_unweighted",6917,6884
0,"no_caste_unweighted",6918,4969
0,"no_caste_unweighted",6919,6779
0,"no_caste_unweighted",6920,1013
0,"no_caste_unweighted",6921,8630
0,"no_caste_unweighted",6922,4255
0,"no_caste_unweighted",6923,9655
0,"no_caste_unweighted",6924,7564
0,"no_caste_unweighted",6925,6163
0,"no_caste_unweighted",6926,3527
0,"no_caste_unweighted",6927,9636
0,"no_caste_unweighted",6928,1692
0,"no_caste_unweighted",6929,8545
0,"no_caste_unweighted",6930,6489
0,"no_caste_unweighted",6931,4229
0,"no_caste_unweighted",6932,2502
0,"no_caste_unweighted",6933,2725
0,"no_caste_unweighted",6934,9584
0,"no_caste_unweighted",6935,10016
0,"no_caste_unweighted",6936,9019
0,"no_caste_unweighted",6937,4917
0,"no_caste_unweighted",6938,1196
0,"no_caste_unweighted",6939,10937
0,"no_caste_unweighted",6940,2568
0,"no_caste_unweighted",6941,5789
0,"no_caste_unweighted",6942,2835
0,"no_caste_unweighted",6943,8033
0,"no_caste_unweighted",6944,7813
0,"no_caste_unweighted",6945,2443
0,"no_caste_unweighted",6946,8374
0,"no_caste_unweighted",6947,1596
0,"no_caste_unweighted",6948,9948
0,"no_caste_unweighted",6949,2518
0,"no_caste_unweighted",6950,613
0,"no_caste_unweighted",6951,3689
0,"no_caste_unweighted",6952,552
0,"no_caste_unweighted",6953,5681
0,"no_caste_unweighted",6954,1916
0,"no_caste_unweighted",6955,6791
0,"no_caste_unweighted",6956,2416
0,"no_caste_unweighted",6957,3525
0,"no_caste_unweighted",6958,11181
0,"no_caste_unweighted",6959,10365
0,"no_caste_unweighted",6960,11338
0,"no_caste_unweighted",6961,7841
0,"no_caste_unweighted",6962,13864
0,"no_caste_unweighted",6963,5993
0,"no_caste_unweighted",6964,9979
0,"no_caste_unweighted",6965,11878
0,"no_caste_unweighted",6966,11713
0,"no_caste_unweighted",6967,5950
0,"no_caste_unweighted",6968,237
0,"no_caste_unweighted",6969,78
0,"no_caste_unweighted",6970,9701
0,"no_caste_unweighted",6971,4427
0,"no_caste_unweighted",6972,194
0,"no_caste_unweighted",6973,5534
0,"no_caste_unweighted",6974,12680
0,"no_caste_unweighted",6975,5374
0,"no_caste_unweighted",6976,4996
0,"no_caste_unweighted",6977,12772
0,"no_caste_unweighted",6978,13127
0,"no_caste_unweighted",6979,5693
0,"no_caste_unweighted",6980,275
0,"no_caste_unweighted",6981,857
0,"no_caste_unweighted",6982,1550
0,"no_caste_unweighted",6983,7243
0,"no_caste_unweighted",6984,6847
0,"no_caste_unweighted",6985,6383
0,"no_caste_unweighted",6986,3468
0,"no_caste_unweighted",6987,5561
0,"no_caste_unweighted",6988,6277
0,"no_caste_unweighted",6989,7251
0,"no_caste_unweighted",6990,8076
0,"no_caste_unweighted",6991,9325
0,"no_caste_unweighted",6992,5387
0,"no_caste_unweighted",6993,11933
0,"no_caste_unweighted",6994,1039
0,"no_caste_unweighted",6995,2843
0,"no_caste_unweighted",6996,298
0,"no_caste_unweighted",6997,11000
0,"no_caste_unweighted",6998,2631
0,"no_caste_unweighted",6999,6644
0,"no_caste_unweighted",7000,4132
0,"no_caste_unweighted",7001,5325
0,"no_caste_unweighted",7002,7497
0,"no_caste_unweighted",7003,5852
0,"no_caste_unweighted",7004,3775
0,"no_caste_unweighted",7005,7377
0,"no_caste_unweighted",7006,4080
0,"no_caste_unweighted",7007,11825
0,"no_caste_unweighted",7008,2459
0,"no_caste_unweighted",7009,8423
0,"no_caste_unweighted",7010,9953
0,"no_caste_unweighted",7011,3466
0,"no_caste_unweighted",7012,9752
0,"no_caste_unweighted",7013,3781
0,"no_caste_unweighted",7014,12951
0,"no_caste_unweighted",7015,10433
0,"no_caste_unweighted",7016,9772
0,"no_caste_unweighted",7017,5759
0,"no_caste_unweighted",7018,14139
0,"no_caste_unweighted",7019,5328
0,"no_caste_unweighted",7020,6827
0,"no_caste_unweighted",7021,10290
0,"no_caste_unweighted",7022,3621
0,"no_caste_unweighted",7023,13784
0,"no_caste_unweighted",7024,13735
0,"no_caste_unweighted",7025,10851
0,"no_caste_unweighted",7026,12724
0,"no_caste_unweighted",7027,8200
0,"no_caste_unweighted",7028,13384
0,"no_caste_unweighted",7029,3437
0,"no_caste_unweighted",7030,3785
0,"no_caste_unweighted",7031,9321
0,"no_caste_unweighted",7032,1512
0,"no_caste_unweighted",7033,12346
0,"no_caste_unweighted",7034,1781
0,"no_caste_unweighted",7035,5551
0,"no_caste_unweighted",7036,5600
0,"no_caste_unweighted",7037,13427
0,"no_caste_unweighted",7038,11913
0,"no_caste_unweighted",7039,2493
0,"no_caste_unweighted",7040,4457
0,"no_caste_unweighted",7041,12452
0,"no_caste_unweighted",7042,2557
0,"no_caste_unweighted",7043,7931
0,"no_caste_unweighted",7044,3577
0,"no_caste_unweighted",7045,13632
0,"no_caste_unweighted",7046,3779
0,"no_caste_unweighted",7047,8280
0,"no_caste_unweighted",7048,13511
0,"no_caste_unweighted",7049,4402
0,"no_caste_unweighted",7050,3893
0,"no_caste_unweighted",7051,2184
0,"no_caste_unweighted",7052,1153
0,"no_caste_unweighted",7053,4292
0,"no_caste_unweighted",7054,8054
0,"no_caste_unweighted",7055,3411
0,"no_caste_unweighted",7056,11322
0,"no_caste_unweighted",7057,4771
0,"no_caste_unweighted",7058,5898
0,"no_caste_unweighted",7059,13463
0,"no_caste_unweighted",7060,5499
0,"no_caste_unweighted",7061,5022
0,"no_caste_unweighted",7062,968
0,"no_caste_unweighted",7063,9632
0,"no_caste_unweighted",7064,9209
0,"no_caste_unweighted",7065,4954
0,"no_caste_unweighted",7066,8865
0,"no_caste_unweighted",7067,136
0,"no_caste_unweighted",7068,1737
0,"no_caste_unweighted",7069,354
0,"no_caste_unweighted",7070,4247
0,"no_caste_unweighted",7071,5176
0,"no_caste_unweighted",7072,3835
0,"no_caste_unweighted",7073,4850
0,"no_caste_unweighted",7074,607
0,"no_caste_unweighted",7075,2077
0,"no_caste_unweighted",7076,2223
0,"no_caste_unweighted",7077,6769
0,"no_caste_unweighted",7078,602
0,"no_caste_unweighted",7079,500
0,"no_caste_unweighted",7080,4998
0,"no_caste_unweighted",7081,3284
0,"no_caste_unweighted",7082,11304
0,"no_caste_unweighted",7083,6843
0,"no_caste_unweighted",7084,1137
0,"no_caste_unweighted",7085,10515
0,"no_caste_unweighted",7086,9699
0,"no_caste_unweighted",7087,6180
0,"no_caste_unweighted",7088,5878
0,"no_caste_unweighted",7089,11626
0,"no_caste_unweighted",7090,2853
0,"no_caste_unweighted",7091,609
0,"no_caste_unweighted",7092,7949
0,"no_caste_unweighted",7093,7940
0,"no_caste_unweighted",7094,7484
0,"no_caste_unweighted",7095,7781
0,"no_caste_unweighted",7096,9742
0,"no_caste_unweighted",7097,3988
0,"no_caste_unweighted",7098,8558
0,"no_caste_unweighted",7099,13623
0,"no_caste_unweighted",7100,787
0,"no_caste_unweighted",7101,1947
0,"no_caste_unweighted",7102,5165
0,"no_caste_unweighted",7103,13915
0,"no_caste_unweighted",7104,7627
0,"no_caste_unweighted",7105,12985
0,"no_caste_unweighted",7106,7682
0,"no_caste_unweighted",7107,5073
0,"no_caste_unweighted",7108,6694
0,"no_caste_unweighted",7109,569
0,"no_caste_unweighted",7110,12721
0,"no_caste_unweighted",7111,1214
0,"no_caste_unweighted",7112,3097
0,"no_caste_unweighted",7113,9095
0,"no_caste_unweighted",7114,10780
0,"no_caste_unweighted",7115,4884
0,"no_caste_unweighted",7116,7428
0,"no_caste_unweighted",7117,649
0,"no_caste_unweighted",7118,13959
0,"no_caste_unweighted",7119,11669
0,"no_caste_unweighted",7120,4926
0,"no_caste_unweighted",7121,14002
0,"no_caste_unweighted",7122,3708
0,"no_caste_unweighted",7123,1028
0,"no_caste_unweighted",7124,3060
0,"no_caste_unweighted",7125,13895
0,"no_caste_unweighted",7126,3446
0,"no_caste_unweighted",7127,4686
0,"no_caste_unweighted",7128,1367
0,"no_caste_unweighted",7129,1869
0,"no_caste_unweighted",7130,11275
0,"no_caste_unweighted",7131,6319
0,"no_caste_unweighted",7132,6041
0,"no_caste_unweighted",7133,11794
0,"no_caste_unweighted",7134,12829
0,"no_caste_unweighted",7135,3560
0,"no_caste_unweighted",7136,9425
0,"no_caste_unweighted",7137,7912
0,"no_caste_unweighted",7138,2142
0,"no_caste_unweighted",7139,13548
0,"no_caste_unweighted",7140,3715
0,"no_caste_unweighted",7141,4590
0,"no_caste_unweighted",7142,8171
0,"no_caste_unweighted",7143,689
0,"no_caste_unweighted",7144,939
0,"no_caste_unweighted",7145,3029
0,"no_caste_unweighted",7146,7058
0,"no_caste_unweighted",7147,9295
0,"no_caste_unweighted",7148,25
0,"no_caste_unweighted",7149,1165
0,"no_caste_unweighted",7150,2018
0,"no_caste_unweighted",7151,11415
0,"no_caste_unweighted",7152,10239
0,"no_caste_unweighted",7153,4423
0,"no_caste_unweighted",7154,4804
0,"no_caste_unweighted",7155,10095
0,"no_caste_unweighted",7156,9111
0,"no_caste_unweighted",7157,6346
0,"no_caste_unweighted",7158,1936
0,"no_caste_unweighted",7159,12154
0,"no_caste_unweighted",7160,10377
0,"no_caste_unweighted",7161,6159
0,"no_caste_unweighted",7162,5386
0,"no_caste_unweighted",7163,3376
0,"no_caste_unweighted",7164,2522
0,"no_caste_unweighted",7165,2563
0,"no_caste_unweighted",7166,6033
0,"no_caste_unweighted",7167,8672
0,"no_caste_unweighted",7168,5580
0,"no_caste_unweighted",7169,12910
0,"no_caste_unweighted",7170,8631
0,"no_caste_unweighted",7171,2782
0,"no_caste_unweighted",7172,5788
0,"no_caste_unweighted",7173,5881
0,"no_caste_unweighted",7174,1511
0,"no_caste_unweighted",7175,6000
0,"no_caste_unweighted",7176,11443
0,"no_caste_unweighted",7177,13752
0,"no_caste_unweighted",7178,3797
0,"no_caste_unweighted",7179,12084
0,"no_caste_unweighted",7180,3582
0,"no_caste_unweighted",7181,7173
0,"no_caste_unweighted",7182,10256
0,"no_caste_unweighted",7183,11335
0,"no_caste_unweighted",7184,13478
0,"no_caste_unweighted",7185,9989
0,"no_caste_unweighted",7186,9137
0,"no_caste_unweighted",7187,3987
0,"no_caste_unweighted",7188,8462
0,"no_caste_unweighted",7189,11440
0,"no_caste_unweighted",7190,5260
0,"no_caste_unweighted",7191,5122
0,"no_caste_unweighted",7192,4797
0,"no_caste_unweighted",7193,2621
0,"no_caste_unweighted",7194,3152
0,"no_caste_unweighted",7195,1079
0,"no_caste_unweighted",7196,11783
0,"no_caste_unweighted",7197,7291
0,"no_caste_unweighted",7198,4525
0,"no_caste_unweighted",7199,2222
0,"no_caste_unweighted",7200,10094
0,"no_caste_unweighted",7201,7600
0,"no_caste_unweighted",7202,951
0,"no_caste_unweighted",7203,3116
0,"no_caste_unweighted",7204,4020
0,"no_caste_unweighted",7205,2986
0,"no_caste_unweighted",7206,8866
0,"no_caste_unweighted",7207,6236
0,"no_caste_unweighted",7208,11473
0,"no_caste_unweighted",7209,6831
0,"no_caste_unweighted",7210,4512
0,"no_caste_unweighted",7211,11781
0,"no_caste_unweighted",7212,3747
0,"no_caste_unweighted",7213,7905
0,"no_caste_unweighted",7214,12898
0,"no_caste_unweighted",7215,3018
0,"no_caste_unweighted",7216,5204
0,"no_caste_unweighted",7217,10183
0,"no_caste_unweighted",7218,4966
0,"no_caste_unweighted",7219,441
0,"no_caste_unweighted",7220,8684
0,"no_caste_unweighted",7221,11830
0,"no_caste_unweighted",7222,3983
0,"no_caste_unweighted",7223,7056
0,"no_caste_unweighted",7224,2243
0,"no_caste_unweighted",7225,4194
0,"no_caste_unweighted",7226,1370
0,"no_caste_unweighted",7227,919
0,"no_caste_unweighted",7228,2683
0,"no_caste_unweighted",7229,2717
0,"no_caste_unweighted",7230,7458
0,"no_caste_unweighted",7231,9206
0,"no_caste_unweighted",7232,7653
0,"no_caste_unweighted",7233,12941
0,"no_caste_unweighted",7234,10485
0,"no_caste_unweighted",7235,13457
0,"no_caste_unweighted",7236,1505
0,"no_caste_unweighted",7237,13413
0,"no_caste_unweighted",7238,2592
0,"no_caste_unweighted",7239,14025
0,"no_caste_unweighted",7240,12886
0,"no_caste_unweighted",7241,8050
0,"no_caste_unweighted",7242,5459
0,"no_caste_unweighted",7243,1
0,"no_caste_unweighted",7244,6599
0,"no_caste_unweighted",7245,10713
0,"no_caste_unweighted",7246,2393
0,"no_caste_unweighted",7247,7163
0,"no_caste_unweighted",7248,662
0,"no_caste_unweighted",7249,10505
0,"no_caste_unweighted",7250,6715
0,"no_caste_unweighted",7251,9000
0,"no_caste_unweighted",7252,10431
0,"no_caste_unweighted",7253,1231
0,"no_caste_unweighted",7254,3676
0,"no_caste_unweighted",7255,11344
0,"no_caste_unweighted",7256,2561
0,"no_caste_unweighted",7257,8031
0,"no_caste_unweighted",7258,11449
0,"no_caste_unweighted",7259,6634
0,"no_caste_unweighted",7260,5461
0,"no_caste_unweighted",7261,6407
0,"no_caste_unweighted",7262,7252
0,"no_caste_unweighted",7263,8257
0,"no_caste_unweighted",7264,10734
0,"no_caste_unweighted",7265,12533
0,"no_caste_unweighted",7266,3219
0,"no_caste_unweighted",7267,5232
0,"no_caste_unweighted",7268,7079
0,"no_caste_unweighted",7269,2015
0,"no_caste_unweighted",7270,11507
0,"no_caste_unweighted",7271,4610
0,"no_caste_unweighted",7272,10435
0,"no_caste_unweighted",7273,9349
0,"no_caste_unweighted",7274,7684
0,"no_caste_unweighted",7275,10687
0,"no_caste_unweighted",7276,2699
0,"no_caste_unweighted",7277,9919
0,"no_caste_unweighted",7278,1818
0,"no_caste_unweighted",7279,2654
0,"no_caste_unweighted",7280,5603
0,"no_caste_unweighted",7281,8534
0,"no_caste_unweighted",7282,4329
0,"no_caste_unweighted",7283,1740
0,"no_caste_unweighted",7284,4666
0,"no_caste_unweighted",7285,7820
0,"no_caste_unweighted",7286,12501
0,"no_caste_unweighted",7287,12900
0,"no_caste_unweighted",7288,3826
0,"no_caste_unweighted",7289,9153
0,"no_caste_unweighted",7290,8803
0,"no_caste_unweighted",7291,3129
0,"no_caste_unweighted",7292,3810
0,"no_caste_unweighted",7293,5451
0,"no_caste_unweighted",7294,2406
0,"no_caste_unweighted",7295,7593
0,"no_caste_unweighted",7296,1654
0,"no_caste_unweighted",7297,750
0,"no_caste_unweighted",7298,4523
0,"no_caste_unweighted",7299,10890
0,"no_caste_unweighted",7300,7515
0,"no_caste_unweighted",7301,11951
0,"no_caste_unweighted",7302,351
0,"no_caste_unweighted",7303,9818
0,"no_caste_unweighted",7304,10197
0,"no_caste_unweighted",7305,11961
0,"no_caste_unweighted",7306,912
0,"no_caste_unweighted",7307,2120
0,"no_caste_unweighted",7308,12390
0,"no_caste_unweighted",7309,5008
0,"no_caste_unweighted",7310,5029
0,"no_caste_unweighted",7311,9522
0,"no_caste_unweighted",7312,12529
0,"no_caste_unweighted",7313,5560
0,"no_caste_unweighted",7314,1293
0,"no_caste_unweighted",7315,1216
0,"no_caste_unweighted",7316,14124
0,"no_caste_unweighted",7317,1021
0,"no_caste_unweighted",7318,2048
0,"no_caste_unweighted",7319,4799
0,"no_caste_unweighted",7320,7539
0,"no_caste_unweighted",7321,3979
0,"no_caste_unweighted",7322,12046
0,"no_caste_unweighted",7323,3900
0,"no_caste_unweighted",7324,829
0,"no_caste_unweighted",7325,7836
0,"no_caste_unweighted",7326,2155
0,"no_caste_unweighted",7327,11493
0,"no_caste_unweighted",7328,930
0,"no_caste_unweighted",7329,8775
0,"no_caste_unweighted",7330,2031
0,"no_caste_unweighted",7331,10053
0,"no_caste_unweighted",7332,12967
0,"no_caste_unweighted",7333,7521
0,"no_caste_unweighted",7334,10875
0,"no_caste_unweighted",7335,638
0,"no_caste_unweighted",7336,1378
0,"no_caste_unweighted",7337,7284
0,"no_caste_unweighted",7338,5768
0,"no_caste_unweighted",7339,11780
0,"no_caste_unweighted",7340,1433
0,"no_caste_unweighted",7341,7405
0,"no_caste_unweighted",7342,12559
0,"no_caste_unweighted",7343,9656
0,"no_caste_unweighted",7344,1551
0,"no_caste_unweighted",7345,5299
0,"no_caste_unweighted",7346,9669
0,"no_caste_unweighted",7347,2719
0,"no_caste_unweighted",7348,5679
0,"no_caste_unweighted",7349,9681
0,"no_caste_unweighted",7350,3646
0,"no_caste_unweighted",7351,3350
0,"no_caste_unweighted",7352,10024
0,"no_caste_unweighted",7353,1418
0,"no_caste_unweighted",7354,9246
0,"no_caste_unweighted",7355,9043
0,"no_caste_unweighted",7356,10972
0,"no_caste_unweighted",7357,6627
0,"no_caste_unweighted",7358,5737
0,"no_caste_unweighted",7359,5009
0,"no_caste_unweighted",7360,1649
0,"no_caste_unweighted",7361,2468
0,"no_caste_unweighted",7362,5468
0,"no_caste_unweighted",7363,13894
0,"no_caste_unweighted",7364,10156
0,"no_caste_unweighted",7365,4491
0,"no_caste_unweighted",7366,7880
0,"no_caste_unweighted",7367,12595
0,"no_caste_unweighted",7368,797
0,"no_caste_unweighted",7369,13587
0,"no_caste_unweighted",7370,485
0,"no_caste_unweighted",7371,11414
0,"no_caste_unweighted",7372,1827
0,"no_caste_unweighted",7373,260
0,"no_caste_unweighted",7374,4739
0,"no_caste_unweighted",7375,10109
0,"no_caste_unweighted",7376,1910
0,"no_caste_unweighted",7377,10850
0,"no_caste_unweighted",7378,12720
0,"no_caste_unweighted",7379,1689
0,"no_caste_unweighted",7380,11050
0,"no_caste_unweighted",7381,3009
0,"no_caste_unweighted",7382,935
0,"no_caste_unweighted",7383,6953
0,"no_caste_unweighted",7384,458
0,"no_caste_unweighted",7385,8769
0,"no_caste_unweighted",7386,12966
0,"no_caste_unweighted",7387,2562
0,"no_caste_unweighted",7388,11086
0,"no_caste_unweighted",7389,10503
0,"no_caste_unweighted",7390,12075
0,"no_caste_unweighted",7391,738
0,"no_caste_unweighted",7392,9746
0,"no_caste_unweighted",7393,894
0,"no_caste_unweighted",7394,4054
0,"no_caste_unweighted",7395,8702
0,"no_caste_unweighted",7396,9416
0,"no_caste_unweighted",7397,12838
0,"no_caste_unweighted",7398,10079
0,"no_caste_unweighted",7399,11020
0,"no_caste_unweighted",7400,3077
0,"no_caste_unweighted",7401,4683
0,"no_caste_unweighted",7402,1620
0,"no_caste_unweighted",7403,11251
0,"no_caste_unweighted",7404,11521
0,"no_caste_unweighted",7405,3552
0,"no_caste_unweighted",7406,13725
0,"no_caste_unweighted",7407,3516
0,"no_caste_unweighted",7408,14045
0,"no_caste_unweighted",7409,8493
0,"no_caste_unweighted",7410,13925
0,"no_caste_unweighted",7411,10085
0,"no_caste_unweighted",7412,2112
0,"no_caste_unweighted",7413,5806
0,"no_caste_unweighted",7414,8143
0,"no_caste_unweighted",7415,10131
0,"no_caste_unweighted",7416,1593
0,"no_caste_unweighted",7417,11606
0,"no_caste_unweighted",7418,2865
0,"no_caste_unweighted",7419,74
0,"no_caste_unweighted",7420,10455
0,"no_caste_unweighted",7421,14014
0,"no_caste_unweighted",7422,3866
0,"no_caste_unweighted",7423,8618
0,"no_caste_unweighted",7424,12930
0,"no_caste_unweighted",7425,6582
0,"no_caste_unweighted",7426,2535
0,"no_caste_unweighted",7427,9263
0,"no_caste_unweighted",7428,1834
0,"no_caste_unweighted",7429,9890
0,"no_caste_unweighted",7430,8079
0,"no_caste_unweighted",7431,7537
0,"no_caste_unweighted",7432,6179
0,"no_caste_unweighted",7433,586
0,"no_caste_unweighted",7434,2484
0,"no_caste_unweighted",7435,3379
0,"no_caste_unweighted",7436,4594
0,"no_caste_unweighted",7437,11185
0,"no_caste_unweighted",7438,7037
0,"no_caste_unweighted",7439,2735
0,"no_caste_unweighted",7440,9645
0,"no_caste_unweighted",7441,4810
0,"no_caste_unweighted",7442,8654
0,"no_caste_unweighted",7443,5643
0,"no_caste_unweighted",7444,4879
0,"no_caste_unweighted",7445,11462
0,"no_caste_unweighted",7446,13964
0,"no_caste_unweighted",7447,11599
0,"no_caste_unweighted",7448,12806
0,"no_caste_unweighted",7449,11058
0,"no_caste_unweighted",7450,5626
0,"no_caste_unweighted",7451,10566
0,"no_caste_unweighted",7452,2769
0,"no_caste_unweighted",7453,1064
0,"no_caste_unweighted",7454,10466
0,"no_caste_unweighted",7455,2902
0,"no_caste_unweighted",7456,2781
0,"no_caste_unweighted",7457,2159
0,"no_caste_unweighted",7458,7960
0,"no_caste_unweighted",7459,4915
0,"no_caste_unweighted",7460,13743
0,"no_caste_unweighted",7461,3670
0,"no_caste_unweighted",7462,611
0,"no_caste_unweighted",7463,1845
0,"no_caste_unweighted",7464,6379
0,"no_caste_unweighted",7465,4374
0,"no_caste_unweighted",7466,7779
0,"no_caste_unweighted",7467,4933
0,"no_caste_unweighted",7468,12254
0,"no_caste_unweighted",7469,1970
0,"no_caste_unweighted",7470,2446
0,"no_caste_unweighted",7471,5202
0,"no_caste_unweighted",7472,10470
0,"no_caste_unweighted",7473,12706
0,"no_caste_unweighted",7474,11403
0,"no_caste_unweighted",7475,11381
0,"no_caste_unweighted",7476,4759
0,"no_caste_unweighted",7477,950
0,"no_caste_unweighted",7478,10701
0,"no_caste_unweighted",7479,7232
0,"no_caste_unweighted",7480,13109
0,"no_caste_unweighted",7481,10152
0,"no_caste_unweighted",7482,4725
0,"no_caste_unweighted",7483,6373
0,"no_caste_unweighted",7484,528
0,"no_caste_unweighted",7485,6868
0,"no_caste_unweighted",7486,8043
0,"no_caste_unweighted",7487,9594
0,"no_caste_unweighted",7488,10607
0,"no_caste_unweighted",7489,9934
0,"no_caste_unweighted",7490,13561
0,"no_caste_unweighted",7491,6585
0,"no_caste_unweighted",7492,4026
0,"no_caste_unweighted",7493,8248
0,"no_caste_unweighted",7494,10672
0,"no_caste_unweighted",7495,11873
0,"no_caste_unweighted",7496,1948
0,"no_caste_unweighted",7497,781
0,"no_caste_unweighted",7498,13866
0,"no_caste_unweighted",7499,7180
0,"no_caste_unweighted",7500,4499
0,"no_caste_unweighted",7501,1353
0,"no_caste_unweighted",7502,1045
0,"no_caste_unweighted",7503,8670
0,"no_caste_unweighted",7504,11160
0,"no_caste_unweighted",7505,13227
0,"no_caste_unweighted",7506,4295
0,"no_caste_unweighted",7507,6573
0,"no_caste_unweighted",7508,932
0,"no_caste_unweighted",7509,515
0,"no_caste_unweighted",7510,14105
0,"no_caste_unweighted",7511,7023
0,"no_caste_unweighted",7512,13459
0,"no_caste_unweighted",7513,838
0,"no_caste_unweighted",7514,9148
0,"no_caste_unweighted",7515,7747
0,"no_caste_unweighted",7516,4067
0,"no_caste_unweighted",7517,14036
0,"no_caste_unweighted",7518,7636
0,"no_caste_unweighted",7519,2596
0,"no_caste_unweighted",7520,5540
0,"no_caste_unweighted",7521,7395
0,"no_caste_unweighted",7522,1334
0,"no_caste_unweighted",7523,10598
0,"no_caste_unweighted",7524,10664
0,"no_caste_unweighted",7525,7577
0,"no_caste_unweighted",7526,10540
0,"no_caste_unweighted",7527,5458
0,"no_caste_unweighted",7528,3432
0,"no_caste_unweighted",7529,13490
0,"no_caste_unweighted",7530,7446
0,"no_caste_unweighted",7531,7134
0,"no_caste_unweighted",7532,5590
0,"no_caste_unweighted",7533,272
0,"no_caste_unweighted",7534,8511
0,"no_caste_unweighted",7535,11488
0,"no_caste_unweighted",7536,2434
0,"no_caste_unweighted",7537,9947
0,"no_caste_unweighted",7538,11309
0,"no_caste_unweighted",7539,1628
0,"no_caste_unweighted",7540,12388
0,"no_caste_unweighted",7541,8473
0,"no_caste_unweighted",7542,11012
0,"no_caste_unweighted",7543,3479
0,"no_caste_unweighted",7544,12518
0,"no_caste_unweighted",7545,12300
0,"no_caste_unweighted",7546,4068
0,"no_caste_unweighted",7547,1069
0,"no_caste_unweighted",7548,11506
0,"no_caste_unweighted",7549,5766
0,"no_caste_unweighted",7550,1376
0,"no_caste_unweighted",7551,9628
0,"no_caste_unweighted",7552,10776
0,"no_caste_unweighted",7553,11209
0,"no_caste_unweighted",7554,1199
0,"no_caste_unweighted",7555,4173
0,"no_caste_unweighted",7556,2855
0,"no_caste_unweighted",7557,11860
0,"no_caste_unweighted",7558,9696
0,"no_caste_unweighted",7559,7872
0,"no_caste_unweighted",7560,12473
0,"no_caste_unweighted",7561,9441
0,"no_caste_unweighted",7562,8951
0,"no_caste_unweighted",7563,233
0,"no_caste_unweighted",7564,11277
0,"no_caste_unweighted",7565,11423
0,"no_caste_unweighted",7566,172
0,"no_caste_unweighted",7567,4138
0,"no_caste_unweighted",7568,4111
0,"no_caste_unweighted",7569,5572
0,"no_caste_unweighted",7570,6824
0,"no_caste_unweighted",7571,3541
0,"no_caste_unweighted",7572,3671
0,"no_caste_unweighted",7573,8161
0,"no_caste_unweighted",7574,5006
0,"no_caste_unweighted",7575,10773
0,"no_caste_unweighted",7576,10821
0,"no_caste_unweighted",7577,12954
0,"no_caste_unweighted",7578,6786
0,"no_caste_unweighted",7579,7090
0,"no_caste_unweighted",7580,9280
0,"no_caste_unweighted",7581,4886
0,"no_caste_unweighted",7582,473
0,"no_caste_unweighted",7583,6401
0,"no_caste_unweighted",7584,8048
0,"no_caste_unweighted",7585,12810
0,"no_caste_unweighted",7586,6228
0,"no_caste_unweighted",7587,13704
0,"no_caste_unweighted",7588,2132
0,"no_caste_unweighted",7589,6693
0,"no_caste_unweighted",7590,1998
0,"no_caste_unweighted",7591,6257
0,"no_caste_unweighted",7592,5942
0,"no_caste_unweighted",7593,7136
0,"no_caste_unweighted",7594,5172
0,"no_caste_unweighted",7595,5751
0,"no_caste_unweighted",7596,13362
0,"no_caste_unweighted",7597,2494
0,"no_caste_unweighted",7598,7823
0,"no_caste_unweighted",7599,13907
0,"no_caste_unweighted",7600,9817
0,"no_caste_unweighted",7601,734
0,"no_caste_unweighted",7602,10144
0,"no_caste_unweighted",7603,4506
0,"no_caste_unweighted",7604,4794
0,"no_caste_unweighted",7605,4066
0,"no_caste_unweighted",7606,2582
0,"no_caste_unweighted",7607,5837
0,"no_caste_unweighted",7608,8505
0,"no_caste_unweighted",7609,4107
0,"no_caste_unweighted",7610,323
0,"no_caste_unweighted",7611,1906
0,"no_caste_unweighted",7612,7319
0,"no_caste_unweighted",7613,7494
0,"no_caste_unweighted",7614,13731
0,"no_caste_unweighted",7615,5302
0,"no_caste_unweighted",7616,1240
0,"no_caste_unweighted",7617,463
0,"no_caste_unweighted",7618,3956
0,"no_caste_unweighted",7619,13003
0,"no_caste_unweighted",7620,3581
0,"no_caste_unweighted",7621,1284
0,"no_caste_unweighted",7622,3875
0,"no_caste_unweighted",7623,1098
0,"no_caste_unweighted",7624,2182
0,"no_caste_unweighted",7625,4018
0,"no_caste_unweighted",7626,402
0,"no_caste_unweighted",7627,3912
0,"no_caste_unweighted",7628,5277
0,"no_caste_unweighted",7629,9320
0,"no_caste_unweighted",7630,11101
0,"no_caste_unweighted",7631,5665
0,"no_caste_unweighted",7632,5164
0,"no_caste_unweighted",7633,8184
0,"no_caste_unweighted",7634,4904
0,"no_caste_unweighted",7635,1373
0,"no_caste_unweighted",7636,7031
0,"no_caste_unweighted",7637,5213
0,"no_caste_unweighted",7638,3890
0,"no_caste_unweighted",7639,12370
0,"no_caste_unweighted",7640,2404
0,"no_caste_unweighted",7641,68
0,"no_caste_unweighted",7642,10648
0,"no_caste_unweighted",7643,5807
0,"no_caste_unweighted",7644,5575
0,"no_caste_unweighted",7645,7522
0,"no_caste_unweighted",7646,2804
0,"no_caste_unweighted",7647,6075
0,"no_caste_unweighted",7648,9410
0,"no_caste_unweighted",7649,11894
0,"no_caste_unweighted",7650,4646
0,"no_caste_unweighted",7651,10920
0,"no_caste_unweighted",7652,4076
0,"no_caste_unweighted",7653,449
0,"no_caste_unweighted",7654,3871
0,"no_caste_unweighted",7655,10831
0,"no_caste_unweighted",7656,9621
0,"no_caste_unweighted",7657,4737
0,"no_caste_unweighted",7658,3788
0,"no_caste_unweighted",7659,6977
0,"no_caste_unweighted",7660,4767
0,"no_caste_unweighted",7661,1776
0,"no_caste_unweighted",7662,1991
0,"no_caste_unweighted",7663,1999
0,"no_caste_unweighted",7664,2163
0,"no_caste_unweighted",7665,14108
0,"no_caste_unweighted",7666,12460
0,"no_caste_unweighted",7667,6107
0,"no_caste_unweighted",7668,12801
0,"no_caste_unweighted",7669,11620
0,"no_caste_unweighted",7670,12566
0,"no_caste_unweighted",7671,12837
0,"no_caste_unweighted",7672,1605
0,"no_caste_unweighted",7673,8715
0,"no_caste_unweighted",7674,8948
0,"no_caste_unweighted",7675,290
0,"no_caste_unweighted",7676,11067
0,"no_caste_unweighted",7677,9488
0,"no_caste_unweighted",7678,7382
0,"no_caste_unweighted",7679,8728
0,"no_caste_unweighted",7680,6841
0,"no_caste_unweighted",7681,985
0,"no_caste_unweighted",7682,13729
0,"no_caste_unweighted",7683,10396
0,"no_caste_unweighted",7684,4598
0,"no_caste_unweighted",7685,5089
0,"no_caste_unweighted",7686,10092
0,"no_caste_unweighted",7687,1391
0,"no_caste_unweighted",7688,1819
0,"no_caste_unweighted",7689,4453
0,"no_caste_unweighted",7690,5109
0,"no_caste_unweighted",7691,8210
0,"no_caste_unweighted",7692,2999
0,"no_caste_unweighted",7693,6479
0,"no_caste_unweighted",7694,4671
0,"no_caste_unweighted",7695,11402
0,"no_caste_unweighted",7696,13526
0,"no_caste_unweighted",7697,7704
0,"no_caste_unweighted",7698,6631
0,"no_caste_unweighted",7699,3076
0,"no_caste_unweighted",7700,10423
0,"no_caste_unweighted",7701,12013
0,"no_caste_unweighted",7702,1258
0,"no_caste_unweighted",7703,6932
0,"no_caste_unweighted",7704,10929
0,"no_caste_unweighted",7705,11345
0,"no_caste_unweighted",7706,9998
0,"no_caste_unweighted",7707,655
0,"no_caste_unweighted",7708,562
0,"no_caste_unweighted",7709,12596
0,"no_caste_unweighted",7710,4083
0,"no_caste_unweighted",7711,7917
0,"no_caste_unweighted",7712,12082
0,"no_caste_unweighted",7713,13795
0,"no_caste_unweighted",7714,1763
0,"no_caste_unweighted",7715,9615
0,"no_caste_unweighted",7716,7396
0,"no_caste_unweighted",7717,2095
0,"no_caste_unweighted",7718,867
0,"no_caste_unweighted",7719,3430
0,"no_caste_unweighted",7720,8305
0,"no_caste_unweighted",7721,3975
0,"no_caste_unweighted",7722,10970
0,"no_caste_unweighted",7723,11250
0,"no_caste_unweighted",7724,6136
0,"no_caste_unweighted",7725,7171
0,"no_caste_unweighted",7726,13810
0,"no_caste_unweighted",7727,4328
0,"no_caste_unweighted",7728,11397
0,"no_caste_unweighted",7729,2279
0,"no_caste_unweighted",7730,1856
0,"no_caste_unweighted",7731,4529
0,"no_caste_unweighted",7732,7997
0,"no_caste_unweighted",7733,10609
0,"no_caste_unweighted",7734,12604
0,"no_caste_unweighted",7735,3695
0,"no_caste_unweighted",7736,1701
0,"no_caste_unweighted",7737,6901
0,"no_caste_unweighted",7738,7091
0,"no_caste_unweighted",7739,13528
0,"no_caste_unweighted",7740,11480
0,"no_caste_unweighted",7741,3620
0,"no_caste_unweighted",7742,2819
0,"no_caste_unweighted",7743,2569
0,"no_caste_unweighted",7744,3495
0,"no_caste_unweighted",7745,4420
0,"no_caste_unweighted",7746,11614
0,"no_caste_unweighted",7747,10278
0,"no_caste_unweighted",7748,5428
0,"no_caste_unweighted",7749,5613
0,"no_caste_unweighted",7750,12323
0,"no_caste_unweighted",7751,1640
0,"no_caste_unweighted",7752,4621
0,"no_caste_unweighted",7753,2548
0,"no_caste_unweighted",7754,11522
0,"no_caste_unweighted",7755,9588
0,"no_caste_unweighted",7756,2768
0,"no_caste_unweighted",7757,3812
0,"no_caste_unweighted",7758,9207
0,"no_caste_unweighted",7759,2734
0,"no_caste_unweighted",7760,7784
0,"no_caste_unweighted",7761,11760
0,"no_caste_unweighted",7762,10229
0,"no_caste_unweighted",7763,1332
0,"no_caste_unweighted",7764,6560
0,"no_caste_unweighted",7765,10345
0,"no_caste_unweighted",7766,295
0,"no_caste_unweighted",7767,9373
0,"no_caste_unweighted",7768,11864
0,"no_caste_unweighted",7769,2531
0,"no_caste_unweighted",7770,3782
0,"no_caste_unweighted",7771,14086
0,"no_caste_unweighted",7772,9695
0,"no_caste_unweighted",7773,8854
0,"no_caste_unweighted",7774,8502
0,"no_caste_unweighted",7775,2125
0,"no_caste_unweighted",7776,1502
0,"no_caste_unweighted",7777,12881
0,"no_caste_unweighted",7778,11524
0,"no_caste_unweighted",7779,13231
0,"no_caste_unweighted",7780,10285
0,"no_caste_unweighted",7781,5719
0,"no_caste_unweighted",7782,709
0,"no_caste_unweighted",7783,828
0,"no_caste_unweighted",7784,3809
0,"no_caste_unweighted",7785,3837
0,"no_caste_unweighted",7786,3236
0,"no_caste_unweighted",7787,132
0,"no_caste_unweighted",7788,5072
0,"no_caste_unweighted",7789,10008
0,"no_caste_unweighted",7790,10022
0,"no_caste_unweighted",7791,3294
0,"no_caste_unweighted",7792,4678
0,"no_caste_unweighted",7793,12283
0,"no_caste_unweighted",7794,8474
0,"no_caste_unweighted",7795,2546
0,"no_caste_unweighted",7796,1149
0,"no_caste_unweighted",7797,10781
0,"no_caste_unweighted",7798,5426
0,"no_caste_unweighted",7799,1542
0,"no_caste_unweighted",7800,12106
0,"no_caste_unweighted",7801,10554
0,"no_caste_unweighted",7802,3510
0,"no_caste_unweighted",7803,4721
0,"no_caste_unweighted",7804,12942
0,"no_caste_unweighted",7805,2147
0,"no_caste_unweighted",7806,12092
0,"no_caste_unweighted",7807,10325
0,"no_caste_unweighted",7808,1296
0,"no_caste_unweighted",7809,8127
0,"no_caste_unweighted",7810,7826
0,"no_caste_unweighted",7811,4782
0,"no_caste_unweighted",7812,9550
0,"no_caste_unweighted",7813,1807
0,"no_caste_unweighted",7814,10093
0,"no_caste_unweighted",7815,12255
0,"no_caste_unweighted",7816,5555
0,"no_caste_unweighted",7817,11574
0,"no_caste_unweighted",7818,3183
0,"no_caste_unweighted",7819,12497
0,"no_caste_unweighted",7820,10436
0,"no_caste_unweighted",7821,8776
0,"no_caste_unweighted",7822,9057
0,"no_caste_unweighted",7823,580
0,"no_caste_unweighted",7824,6081
0,"no_caste_unweighted",7825,10621
0,"no_caste_unweighted",7826,7598
0,"no_caste_unweighted",7827,686
0,"no_caste_unweighted",7828,6770
0,"no_caste_unweighted",7829,1249
0,"no_caste_unweighted",7830,2386
0,"no_caste_unweighted",7831,4631
0,"no_caste_unweighted",7832,4955
0,"no_caste_unweighted",7833,13444
0,"no_caste_unweighted",7834,8
0,"no_caste_unweighted",7835,5112
0,"no_caste_unweighted",7836,9332
0,"no_caste_unweighted",7837,2289
0,"no_caste_unweighted",7838,3049
0,"no_caste_unweighted",7839,8251
0,"no_caste_unweighted",7840,9778
0,"no_caste_unweighted",7841,8778
0,"no_caste_unweighted",7842,1193
0,"no_caste_unweighted",7843,9471
0,"no_caste_unweighted",7844,9593
0,"no_caste_unweighted",7845,4355
0,"no_caste_unweighted",7846,4213
0,"no_caste_unweighted",7847,1582
0,"no_caste_unweighted",7848,6835
0,"no_caste_unweighted",7849,11285
0,"no_caste_unweighted",7850,7250
0,"no_caste_unweighted",7851,2575
0,"no_caste_unweighted",7852,495
0,"no_caste_unweighted",7853,929
0,"no_caste_unweighted",7854,11663
0,"no_caste_unweighted",7855,2897
0,"no_caste_unweighted",7856,4281
0,"no_caste_unweighted",7857,12980
0,"no_caste_unweighted",7858,8546
0,"no_caste_unweighted",7859,3414
0,"no_caste_unweighted",7860,482
0,"no_caste_unweighted",7861,9907
0,"no_caste_unweighted",7862,13986
0,"no_caste_unweighted",7863,1035
0,"no_caste_unweighted",7864,5792
0,"no_caste_unweighted",7865,6057
0,"no_caste_unweighted",7866,11270
0,"no_caste_unweighted",7867,3914
0,"no_caste_unweighted",7868,10827
0,"no_caste_unweighted",7869,5234
0,"no_caste_unweighted",7870,3148
0,"no_caste_unweighted",7871,9088
0,"no_caste_unweighted",7872,12487
0,"no_caste_unweighted",7873,4223
0,"no_caste_unweighted",7874,1535
0,"no_caste_unweighted",7875,9083
0,"no_caste_unweighted",7876,14146
0,"no_caste_unweighted",7877,12110
0,"no_caste_unweighted",7878,6685
0,"no_caste_unweighted",7879,6532
0,"no_caste_unweighted",7880,2274
0,"no_caste_unweighted",7881,6199
0,"no_caste_unweighted",7882,11508
0,"no_caste_unweighted",7883,4239
0,"no_caste_unweighted",7884,12775
0,"no_caste_unweighted",7885,2139
0,"no_caste_unweighted",7886,1822
0,"no_caste_unweighted",7887,11587
0,"no_caste_unweighted",7888,7964
0,"no_caste_unweighted",7889,12678
0,"no_caste_unweighted",7890,13604
0,"no_caste_unweighted",7891,10556
0,"no_caste_unweighted",7892,486
0,"no_caste_unweighted",7893,12039
0,"no_caste_unweighted",7894,1735
0,"no_caste_unweighted",7895,3911
0,"no_caste_unweighted",7896,2006
0,"no_caste_unweighted",7897,10874
0,"no_caste_unweighted",7898,1588
0,"no_caste_unweighted",7899,2554
0,"no_caste_unweighted",7900,2927
0,"no_caste_unweighted",7901,12291
0,"no_caste_unweighted",7902,9302
0,"no_caste_unweighted",7903,10356
0,"no_caste_unweighted",7904,3112
0,"no_caste_unweighted",7905,6256
0,"no_caste_unweighted",7906,4749
0,"no_caste_unweighted",7907,1935
0,"no_caste_unweighted",7908,7849
0,"no_caste_unweighted",7909,575
0,"no_caste_unweighted",7910,3815
0,"no_caste_unweighted",7911,9841
0,"no_caste_unweighted",7912,3136
0,"no_caste_unweighted",7913,6860
0,"no_caste_unweighted",7914,8404
0,"no_caste_unweighted",7915,2210
0,"no_caste_unweighted",7916,2603
0,"no_caste_unweighted",7917,12625
0,"no_caste_unweighted",7918,5208
0,"no_caste_unweighted",7919,9909
0,"no_caste_unweighted",7920,2086
0,"no_caste_unweighted",7921,5688
0,"no_caste_unweighted",7922,13828
0,"no_caste_unweighted",7923,9327
0,"no_caste_unweighted",7924,2629
0,"no_caste_unweighted",7925,8296
0,"no_caste_unweighted",7926,12547
0,"no_caste_unweighted",7927,4689
0,"no_caste_unweighted",7928,6606
0,"no_caste_unweighted",7929,7712
0,"no_caste_unweighted",7930,3828
0,"no_caste_unweighted",7931,2787
0,"no_caste_unweighted",7932,4246
0,"no_caste_unweighted",7933,3326
0,"no_caste_unweighted",7934,14047
0,"no_caste_unweighted",7935,13724
0,"no_caste_unweighted",7936,94
0,"no_caste_unweighted",7937,6443
0,"no_caste_unweighted",7938,10544
0,"no_caste_unweighted",7939,8798
0,"no_caste_unweighted",7940,13885
0,"no_caste_unweighted",7941,7434
0,"no_caste_unweighted",7942,10892
0,"no_caste_unweighted",7943,10414
0,"no_caste_unweighted",7944,8146
0,"no_caste_unweighted",7945,1672
0,"no_caste_unweighted",7946,9284
0,"no_caste_unweighted",7947,10637
0,"no_caste_unweighted",7948,11601
0,"no_caste_unweighted",7949,12643
0,"no_caste_unweighted",7950,11293
0,"no_caste_unweighted",7951,2445
0,"no_caste_unweighted",7952,11192
0,"no_caste_unweighted",7953,7117
0,"no_caste_unweighted",7954,9028
0,"no_caste_unweighted",7955,895
0,"no_caste_unweighted",7956,11300
0,"no_caste_unweighted",7957,2829
0,"no_caste_unweighted",7958,9722
0,"no_caste_unweighted",7959,5163
0,"no_caste_unweighted",7960,6937
0,"no_caste_unweighted",7961,10255
0,"no_caste_unweighted",7962,3239
0,"no_caste_unweighted",7963,4131
0,"no_caste_unweighted",7964,4104
0,"no_caste_unweighted",7965,4580
0,"no_caste_unweighted",7966,8130
0,"no_caste_unweighted",7967,12845
0,"no_caste_unweighted",7968,12173
0,"no_caste_unweighted",7969,7101
0,"no_caste_unweighted",7970,7590
0,"no_caste_unweighted",7971,3467
0,"no_caste_unweighted",7972,4187
0,"no_caste_unweighted",7973,8080
0,"no_caste_unweighted",7974,6555
0,"no_caste_unweighted",7975,7975
0,"no_caste_unweighted",7976,11276
0,"no_caste_unweighted",7977,7068
0,"no_caste_unweighted",7978,7152
0,"no_caste_unweighted",7979,10289
0,"no_caste_unweighted",7980,14136
0,"no_caste_unweighted",7981,10052
0,"no_caste_unweighted",7982,4081
0,"no_caste_unweighted",7983,1518
0,"no_caste_unweighted",7984,9845
0,"no_caste_unweighted",7985,7630
0,"no_caste_unweighted",7986,8817
0,"no_caste_unweighted",7987,1702
0,"no_caste_unweighted",7988,6211
0,"no_caste_unweighted",7989,7480
0,"no_caste_unweighted",7990,3024
0,"no_caste_unweighted",7991,4706
0,"no_caste_unweighted",7992,10813
0,"no_caste_unweighted",7993,13471
0,"no_caste_unweighted",7994,6931
0,"no_caste_unweighted",7995,2525
0,"no_caste_unweighted",7996,6526
0,"no_caste_unweighted",7997,10444
0,"no_caste_unweighted",7998,9967
0,"no_caste_unweighted",7999,2696
0,"no_caste_unweighted",8000,9801
0,"no_caste_unweighted",8001,7322
0,"no_caste_unweighted",8002,3612
0,"no_caste_unweighted",8003,1810
0,"no_caste_unweighted",8004,4791
0,"no_caste_unweighted",8005,836
0,"no_caste_unweighted",8006,13940
0,"no_caste_unweighted",8007,13854
0,"no_caste_unweighted",8008,704
0,"no_caste_unweighted",8009,13957
0,"no_caste_unweighted",8010,4802
0,"no_caste_unweighted",8011,12028
0,"no_caste_unweighted",8012,10099
0,"no_caste_unweighted",8013,4943
0,"no_caste_unweighted",8014,2152
0,"no_caste_unweighted",8015,10267
0,"no_caste_unweighted",8016,6563
0,"no_caste_unweighted",8017,6226
0,"no_caste_unweighted",8018,6313
0,"no_caste_unweighted",8019,725
0,"no_caste_unweighted",8020,2894
0,"no_caste_unweighted",8021,7773
0,"no_caste_unweighted",8022,8412
0,"no_caste_unweighted",8023,4421
0,"no_caste_unweighted",8024,12176
0,"no_caste_unweighted",8025,10680
0,"no_caste_unweighted",8026,9602
0,"no_caste_unweighted",8027,4290
0,"no_caste_unweighted",8028,6934
0,"no_caste_unweighted",8029,7120
0,"no_caste_unweighted",8030,629
0,"no_caste_unweighted",8031,10696
0,"no_caste_unweighted",8032,11167
0,"no_caste_unweighted",8033,12147
0,"no_caste_unweighted",8034,2593
0,"no_caste_unweighted",8035,4828
0,"no_caste_unweighted",8036,3902
0,"no_caste_unweighted",8037,4011
0,"no_caste_unweighted",8038,10546
0,"no_caste_weighted",1,10761
0,"no_caste_weighted",2,2961
0,"no_caste_weighted",3,91
0,"no_caste_weighted",4,9207
0,"no_caste_weighted",5,11691
0,"no_caste_weighted",6,6301
0,"no_caste_weighted",7,1771
0,"no_caste_weighted",8,7090
0,"no_caste_weighted",9,13086
0,"no_caste_weighted",10,5185
0,"no_caste_weighted",11,12581
0,"no_caste_weighted",12,7706
0,"no_caste_weighted",13,6999
0,"no_caste_weighted",14,12235
0,"no_caste_weighted",15,587
0,"no_caste_weighted",16,428
0,"no_caste_weighted",17,4770
0,"no_caste_weighted",18,9733
0,"no_caste_weighted",19,5352
0,"no_caste_weighted",20,9766
0,"no_caste_weighted",21,4944
0,"no_caste_weighted",22,9561
0,"no_caste_weighted",23,7136
0,"no_caste_weighted",24,5607
0,"no_caste_weighted",25,4135
0,"no_caste_weighted",26,11698
0,"no_caste_weighted",27,13444
0,"no_caste_weighted",28,7668
0,"no_caste_weighted",29,4182
0,"no_caste_weighted",30,8793
0,"no_caste_weighted",31,6835
0,"no_caste_weighted",32,2025
0,"no_caste_weighted",33,5818
0,"no_caste_weighted",34,4902
0,"no_caste_weighted",35,3166
0,"no_caste_weighted",36,13398
0,"no_caste_weighted",37,418
0,"no_caste_weighted",38,4583
0,"no_caste_weighted",39,3185
0,"no_caste_weighted",40,4992
0,"no_caste_weighted",41,9430
0,"no_caste_weighted",42,10959
0,"no_caste_weighted",43,1778
0,"no_caste_weighted",44,8125
0,"no_caste_weighted",45,4797
0,"no_caste_weighted",46,1419
0,"no_caste_weighted",47,5877
0,"no_caste_weighted",48,13875
0,"no_caste_weighted",49,8332
0,"no_caste_weighted",50,3696
0,"no_caste_weighted",51,11434
0,"no_caste_weighted",52,4504
0,"no_caste_weighted",53,8468
0,"no_caste_weighted",54,1926
0,"no_caste_weighted",55,14130
0,"no_caste_weighted",56,1412
0,"no_caste_weighted",57,4897
0,"no_caste_weighted",58,320
0,"no_caste_weighted",59,6972
0,"no_caste_weighted",60,5834
0,"no_caste_weighted",61,10813
0,"no_caste_weighted",62,5488
0,"no_caste_weighted",63,8294
0,"no_caste_weighted",64,13591
0,"no_caste_weighted",65,2357
0,"no_caste_weighted",66,11880
0,"no_caste_weighted",67,6798
0,"no_caste_weighted",68,8998
0,"no_caste_weighted",69,12544
0,"no_caste_weighted",70,11047
0,"no_caste_weighted",71,1529
0,"no_caste_weighted",72,781
0,"no_caste_weighted",73,3083
0,"no_caste_weighted",74,10678
0,"no_caste_weighted",75,1523
0,"no_caste_weighted",76,5648
0,"no_caste_weighted",77,12748
0,"no_caste_weighted",78,2196
0,"no_caste_weighted",79,10255
0,"no_caste_weighted",80,10542
0,"no_caste_weighted",81,2022
0,"no_caste_weighted",82,9499
0,"no_caste_weighted",83,5636
0,"no_caste_weighted",84,12965
0,"no_caste_weighted",85,2012
0,"no_caste_weighted",86,12795
0,"no_caste_weighted",87,2927
0,"no_caste_weighted",88,4489
0,"no_caste_weighted",89,12873
0,"no_caste_weighted",90,8530
0,"no_caste_weighted",91,4491
0,"no_caste_weighted",92,12145
0,"no_caste_weighted",93,4985
0,"no_caste_weighted",94,3508
0,"no_caste_weighted",95,2404
0,"no_caste_weighted",96,12922
0,"no_caste_weighted",97,5530
0,"no_caste_weighted",98,3813
0,"no_caste_weighted",99,3918
0,"no_caste_weighted",100,6154
0,"no_caste_weighted",101,5675
0,"no_caste_weighted",102,7400
0,"no_caste_weighted",103,2052
0,"no_caste_weighted",104,11770
0,"no_caste_weighted",105,2398
0,"no_caste_weighted",106,3329
0,"no_caste_weighted",107,4874
0,"no_caste_weighted",108,4774
0,"no_caste_weighted",109,10937
0,"no_caste_weighted",110,8612
0,"no_caste_weighted",111,9678
0,"no_caste_weighted",112,4070
0,"no_caste_weighted",113,12255
0,"no_caste_weighted",114,4836
0,"no_caste_weighted",115,10618
0,"no_caste_weighted",116,2720
0,"no_caste_weighted",117,11319
0,"no_caste_weighted",118,3541
0,"no_caste_weighted",119,8423
0,"no_caste_weighted",120,1319
0,"no_caste_weighted",121,5428
0,"no_caste_weighted",122,2643
0,"no_caste_weighted",123,6226
0,"no_caste_weighted",124,3460
0,"no_caste_weighted",125,2006
0,"no_caste_weighted",126,10316
0,"no_caste_weighted",127,8809
0,"no_caste_weighted",128,5075
0,"no_caste_weighted",129,6415
0,"no_caste_weighted",130,3620
0,"no_caste_weighted",131,11407
0,"no_caste_weighted",132,4923
0,"no_caste_weighted",133,5017
0,"no_caste_weighted",134,7194
0,"no_caste_weighted",135,2916
0,"no_caste_weighted",136,446
0,"no_caste_weighted",137,7908
0,"no_caste_weighted",138,1211
0,"no_caste_weighted",139,2577
0,"no_caste_weighted",140,3009
0,"no_caste_weighted",141,12147
0,"no_caste_weighted",142,1895
0,"no_caste_weighted",143,5698
0,"no_caste_weighted",144,11480
0,"no_caste_weighted",145,6005
0,"no_caste_weighted",146,13633
0,"no_caste_weighted",147,4326
0,"no_caste_weighted",148,4408
0,"no_caste_weighted",149,9012
0,"no_caste_weighted",150,10972
0,"no_caste_weighted",151,6556
0,"no_caste_weighted",152,3495
0,"no_caste_weighted",153,7210
0,"no_caste_weighted",154,11354
0,"no_caste_weighted",155,1971
0,"no_caste_weighted",156,3499
0,"no_caste_weighted",157,5668
0,"no_caste_weighted",158,3739
0,"no_caste_weighted",159,4445
0,"no_caste_weighted",160,5160
0,"no_caste_weighted",161,3651
0,"no_caste_weighted",162,3576
0,"no_caste_weighted",163,9538
0,"no_caste_weighted",164,11237
0,"no_caste_weighted",165,4202
0,"no_caste_weighted",166,5481
0,"no_caste_weighted",167,7726
0,"no_caste_weighted",168,8795
0,"no_caste_weighted",169,4600
0,"no_caste_weighted",170,247
0,"no_caste_weighted",171,3032
0,"no_caste_weighted",172,1220
0,"no_caste_weighted",173,14072
0,"no_caste_weighted",174,4810
0,"no_caste_weighted",175,5643
0,"no_caste_weighted",176,12761
0,"no_caste_weighted",177,1880
0,"no_caste_weighted",178,4921
0,"no_caste_weighted",179,4225
0,"no_caste_weighted",180,7287
0,"no_caste_weighted",181,7794
0,"no_caste_weighted",182,13691
0,"no_caste_weighted",183,1206
0,"no_caste_weighted",184,7858
0,"no_caste_weighted",185,9880
0,"no_caste_weighted",186,7407
0,"no_caste_weighted",187,10102
0,"no_caste_weighted",188,2043
0,"no_caste_weighted",189,154
0,"no_caste_weighted",190,9135
0,"no_caste_weighted",191,7140
0,"no_caste_weighted",192,13695
0,"no_caste_weighted",193,13002
0,"no_caste_weighted",194,5897
0,"no_caste_weighted",195,175
0,"no_caste_weighted",196,6828
0,"no_caste_weighted",197,8072
0,"no_caste_weighted",198,11604
0,"no_caste_weighted",199,3881
0,"no_caste_weighted",200,3003
0,"no_caste_weighted",201,2295
0,"no_caste_weighted",202,13830
0,"no_caste_weighted",203,4572
0,"no_caste_weighted",204,10701
0,"no_caste_weighted",205,4964
0,"no_caste_weighted",206,5264
0,"no_caste_weighted",207,12002
0,"no_caste_weighted",208,3287
0,"no_caste_weighted",209,10386
0,"no_caste_weighted",210,11302
0,"no_caste_weighted",211,6058
0,"no_caste_weighted",212,582
0,"no_caste_weighted",213,5730
0,"no_caste_weighted",214,12799
0,"no_caste_weighted",215,3926
0,"no_caste_weighted",216,982
0,"no_caste_weighted",217,13804
0,"no_caste_weighted",218,4217
0,"no_caste_weighted",219,607
0,"no_caste_weighted",220,5852
0,"no_caste_weighted",221,6599
0,"no_caste_weighted",222,12196
0,"no_caste_weighted",223,3855
0,"no_caste_weighted",224,9011
0,"no_caste_weighted",225,3031
0,"no_caste_weighted",226,10689
0,"no_caste_weighted",227,6259
0,"no_caste_weighted",228,12499
0,"no_caste_weighted",229,13646
0,"no_caste_weighted",230,11654
0,"no_caste_weighted",231,7052
0,"no_caste_weighted",232,1141
0,"no_caste_weighted",233,4864
0,"no_caste_weighted",234,1969
0,"no_caste_weighted",235,2375
0,"no_caste_weighted",236,7614
0,"no_caste_weighted",237,7608
0,"no_caste_weighted",238,2300
0,"no_caste_weighted",239,8919
0,"no_caste_weighted",240,4279
0,"no_caste_weighted",241,6807
0,"no_caste_weighted",242,8856
0,"no_caste_weighted",243,10080
0,"no_caste_weighted",244,14005
0,"no_caste_weighted",245,9264
0,"no_caste_weighted",246,3595
0,"no_caste_weighted",247,8
0,"no_caste_weighted",248,12106
0,"no_caste_weighted",249,3012
0,"no_caste_weighted",250,12773
0,"no_caste_weighted",251,1411
0,"no_caste_weighted",252,13764
0,"no_caste_weighted",253,1540
0,"no_caste_weighted",254,3988
0,"no_caste_weighted",255,2992
0,"no_caste_weighted",256,7904
0,"no_caste_weighted",257,6165
0,"no_caste_weighted",258,10672
0,"no_caste_weighted",259,10763
0,"no_caste_weighted",260,5167
0,"no_caste_weighted",261,6829
0,"no_caste_weighted",262,1000
0,"no_caste_weighted",263,6190
0,"no_caste_weighted",264,6715
0,"no_caste_weighted",265,10837
0,"no_caste_weighted",266,9228
0,"no_caste_weighted",267,1122
0,"no_caste_weighted",268,1545
0,"no_caste_weighted",269,1334
0,"no_caste_weighted",270,7720
0,"no_caste_weighted",271,7279
0,"no_caste_weighted",272,10049
0,"no_caste_weighted",273,9420
0,"no_caste_weighted",274,2416
0,"no_caste_weighted",275,9795
0,"no_caste_weighted",276,12437
0,"no_caste_weighted",277,11224
0,"no_caste_weighted",278,654
0,"no_caste_weighted",279,10463
0,"no_caste_weighted",280,14132
0,"no_caste_weighted",281,2765
0,"no_caste_weighted",282,3785
0,"no_caste_weighted",283,12066
0,"no_caste_weighted",284,74
0,"no_caste_weighted",285,6424
0,"no_caste_weighted",286,3338
0,"no_caste_weighted",287,2419
0,"no_caste_weighted",288,13736
0,"no_caste_weighted",289,13156
0,"no_caste_weighted",290,5509
0,"no_caste_weighted",291,3878
0,"no_caste_weighted",292,3135
0,"no_caste_weighted",293,12836
0,"no_caste_weighted",294,94
0,"no_caste_weighted",295,12439
0,"no_caste_weighted",296,7441
0,"no_caste_weighted",297,6129
0,"no_caste_weighted",298,6718
0,"no_caste_weighted",299,3678
0,"no_caste_weighted",300,4319
0,"no_caste_weighted",301,10788
0,"no_caste_weighted",302,7169
0,"no_caste_weighted",303,443
0,"no_caste_weighted",304,2097
0,"no_caste_weighted",305,12707
0,"no_caste_weighted",306,7573
0,"no_caste_weighted",307,12348
0,"no_caste_weighted",308,11645
0,"no_caste_weighted",309,1810
0,"no_caste_weighted",310,1675
0,"no_caste_weighted",311,9053
0,"no_caste_weighted",312,1587
0,"no_caste_weighted",313,1306
0,"no_caste_weighted",314,2709
0,"no_caste_weighted",315,5677
0,"no_caste_weighted",316,5539
0,"no_caste_weighted",317,12080
0,"no_caste_weighted",318,9305
0,"no_caste_weighted",319,6695
0,"no_caste_weighted",320,5498
0,"no_caste_weighted",321,10561
0,"no_caste_weighted",322,4097
0,"no_caste_weighted",323,6401
0,"no_caste_weighted",324,6815
0,"no_caste_weighted",325,3834
0,"no_caste_weighted",326,11086
0,"no_caste_weighted",327,6159
0,"no_caste_weighted",328,10509
0,"no_caste_weighted",329,2522
0,"no_caste_weighted",330,11695
0,"no_caste_weighted",331,904
0,"no_caste_weighted",332,671
0,"no_caste_weighted",333,4564
0,"no_caste_weighted",334,13939
0,"no_caste_weighted",335,3409
0,"no_caste_weighted",336,1862
0,"no_caste_weighted",337,3023
0,"no_caste_weighted",338,11678
0,"no_caste_weighted",339,9836
0,"no_caste_weighted",340,4959
0,"no_caste_weighted",341,7054
0,"no_caste_weighted",342,14047
0,"no_caste_weighted",343,9590
0,"no_caste_weighted",344,4127
0,"no_caste_weighted",345,5319
0,"no_caste_weighted",346,10238
0,"no_caste_weighted",347,4732
0,"no_caste_weighted",348,1032
0,"no_caste_weighted",349,3618
0,"no_caste_weighted",350,12561
0,"no_caste_weighted",351,5567
0,"no_caste_weighted",352,7975
0,"no_caste_weighted",353,14159
0,"no_caste_weighted",354,10665
0,"no_caste_weighted",355,13783
0,"no_caste_weighted",356,12937
0,"no_caste_weighted",357,3858
0,"no_caste_weighted",358,11534
0,"no_caste_weighted",359,4099
0,"no_caste_weighted",360,5347
0,"no_caste_weighted",361,10779
0,"no_caste_weighted",362,7623
0,"no_caste_weighted",363,5938
0,"no_caste_weighted",364,3804
0,"no_caste_weighted",365,553
0,"no_caste_weighted",366,3611
0,"no_caste_weighted",367,2186
0,"no_caste_weighted",368,11774
0,"no_caste_weighted",369,1022
0,"no_caste_weighted",370,1284
0,"no_caste_weighted",371,8248
0,"no_caste_weighted",372,2973
0,"no_caste_weighted",373,7088
0,"no_caste_weighted",374,1081
0,"no_caste_weighted",375,10090
0,"no_caste_weighted",376,3308
0,"no_caste_weighted",377,11605
0,"no_caste_weighted",378,5390
0,"no_caste_weighted",379,2854
0,"no_caste_weighted",380,4943
0,"no_caste_weighted",381,2486
0,"no_caste_weighted",382,11219
0,"no_caste_weighted",383,12599
0,"no_caste_weighted",384,290
0,"no_caste_weighted",385,5992
0,"no_caste_weighted",386,12352
0,"no_caste_weighted",387,11752
0,"no_caste_weighted",388,1574
0,"no_caste_weighted",389,13523
0,"no_caste_weighted",390,2938
0,"no_caste_weighted",391,2014
0,"no_caste_weighted",392,9241
0,"no_caste_weighted",393,9312
0,"no_caste_weighted",394,12874
0,"no_caste_weighted",395,12443
0,"no_caste_weighted",396,2402
0,"no_caste_weighted",397,12170
0,"no_caste_weighted",398,6000
0,"no_caste_weighted",399,3582
0,"no_caste_weighted",400,2905
0,"no_caste_weighted",401,11643
0,"no_caste_weighted",402,3480
0,"no_caste_weighted",403,7802
0,"no_caste_weighted",404,13625
0,"no_caste_weighted",405,833
0,"no_caste_weighted",406,12786
0,"no_caste_weighted",407,13903
0,"no_caste_weighted",408,3213
0,"no_caste_weighted",409,6231
0,"no_caste_weighted",410,9114
0,"no_caste_weighted",411,11313
0,"no_caste_weighted",412,8950
0,"no_caste_weighted",413,760
0,"no_caste_weighted",414,3081
0,"no_caste_weighted",415,14085
0,"no_caste_weighted",416,7822
0,"no_caste_weighted",417,4257
0,"no_caste_weighted",418,2678
0,"no_caste_weighted",419,8449
0,"no_caste_weighted",420,10254
0,"no_caste_weighted",421,600
0,"no_caste_weighted",422,1263
0,"no_caste_weighted",423,5809
0,"no_caste_weighted",424,4274
0,"no_caste_weighted",425,2409
0,"no_caste_weighted",426,2263
0,"no_caste_weighted",427,8684
0,"no_caste_weighted",428,9995
0,"no_caste_weighted",429,9020
0,"no_caste_weighted",430,5460
0,"no_caste_weighted",431,1088
0,"no_caste_weighted",432,13948
0,"no_caste_weighted",433,3225
0,"no_caste_weighted",434,7137
0,"no_caste_weighted",435,10107
0,"no_caste_weighted",436,14038
0,"no_caste_weighted",437,6778
0,"no_caste_weighted",438,8766
0,"no_caste_weighted",439,4603
0,"no_caste_weighted",440,6664
0,"no_caste_weighted",441,3078
0,"no_caste_weighted",442,8130
0,"no_caste_weighted",443,7401
0,"no_caste_weighted",444,9097
0,"no_caste_weighted",445,8156
0,"no_caste_weighted",446,525
0,"no_caste_weighted",447,1335
0,"no_caste_weighted",448,3781
0,"no_caste_weighted",449,7761
0,"no_caste_weighted",450,5294
0,"no_caste_weighted",451,13606
0,"no_caste_weighted",452,8061
0,"no_caste_weighted",453,4833
0,"no_caste_weighted",454,6820
0,"no_caste_weighted",455,1611
0,"no_caste_weighted",456,11079
0,"no_caste_weighted",457,5051
0,"no_caste_weighted",458,4328
0,"no_caste_weighted",459,1491
0,"no_caste_weighted",460,1324
0,"no_caste_weighted",461,4549
0,"no_caste_weighted",462,5190
0,"no_caste_weighted",463,5021
0,"no_caste_weighted",464,9970
0,"no_caste_weighted",465,4138
0,"no_caste_weighted",466,4317
0,"no_caste_weighted",467,1812
0,"no_caste_weighted",468,12456
0,"no_caste_weighted",469,2968
0,"no_caste_weighted",470,13519
0,"no_caste_weighted",471,12648
0,"no_caste_weighted",472,12816
0,"no_caste_weighted",473,1760
0,"no_caste_weighted",474,8878
0,"no_caste_weighted",475,13635
0,"no_caste_weighted",476,10580
0,"no_caste_weighted",477,6147
0,"no_caste_weighted",478,6043
0,"no_caste_weighted",479,656
0,"no_caste_weighted",480,6188
0,"no_caste_weighted",481,9587
0,"no_caste_weighted",482,14007
0,"no_caste_weighted",483,9815
0,"no_caste_weighted",484,10442
0,"no_caste_weighted",485,6873
0,"no_caste_weighted",486,9588
0,"no_caste_weighted",487,12226
0,"no_caste_weighted",488,478
0,"no_caste_weighted",489,8310
0,"no_caste_weighted",490,915
0,"no_caste_weighted",491,7937
0,"no_caste_weighted",492,5459
0,"no_caste_weighted",493,11519
0,"no_caste_weighted",494,6324
0,"no_caste_weighted",495,1505
0,"no_caste_weighted",496,751
0,"no_caste_weighted",497,5810
0,"no_caste_weighted",498,12772
0,"no_caste_weighted",499,9188
0,"no_caste_weighted",500,12202
0,"no_caste_weighted",501,1249
0,"no_caste_weighted",502,2671
0,"no_caste_weighted",503,11563
0,"no_caste_weighted",504,5452
0,"no_caste_weighted",505,7035
0,"no_caste_weighted",506,6203
0,"no_caste_weighted",507,888
0,"no_caste_weighted",508,6021
0,"no_caste_weighted",509,11865
0,"no_caste_weighted",510,11922
0,"no_caste_weighted",511,13227
0,"no_caste_weighted",512,12754
0,"no_caste_weighted",513,739
0,"no_caste_weighted",514,12913
0,"no_caste_weighted",515,7084
0,"no_caste_weighted",516,5590
0,"no_caste_weighted",517,9396
0,"no_caste_weighted",518,6618
0,"no_caste_weighted",519,2813
0,"no_caste_weighted",520,386
0,"no_caste_weighted",521,6229
0,"no_caste_weighted",522,7402
0,"no_caste_weighted",523,1186
0,"no_caste_weighted",524,12575
0,"no_caste_weighted",525,3248
0,"no_caste_weighted",526,7515
0,"no_caste_weighted",527,5487
0,"no_caste_weighted",528,2002
0,"no_caste_weighted",529,6157
0,"no_caste_weighted",530,1269
0,"no_caste_weighted",531,11190
0,"no_caste_weighted",532,2470
0,"no_caste_weighted",533,12091
0,"no_caste_weighted",534,5651
0,"no_caste_weighted",535,6220
0,"no_caste_weighted",536,7078
0,"no_caste_weighted",537,4605
0,"no_caste_weighted",538,2088
0,"no_caste_weighted",539,4721
0,"no_caste_weighted",540,5997
0,"no_caste_weighted",541,13974
0,"no_caste_weighted",542,12829
0,"no_caste_weighted",543,11615
0,"no_caste_weighted",544,7642
0,"no_caste_weighted",545,2107
0,"no_caste_weighted",546,4755
0,"no_caste_weighted",547,2514
0,"no_caste_weighted",548,12277
0,"no_caste_weighted",549,12560
0,"no_caste_weighted",550,1981
0,"no_caste_weighted",551,2583
0,"no_caste_weighted",552,7042
0,"no_caste_weighted",553,4206
0,"no_caste_weighted",554,5619
0,"no_caste_weighted",555,1266
0,"no_caste_weighted",556,5203
0,"no_caste_weighted",557,10974
0,"no_caste_weighted",558,11953
0,"no_caste_weighted",559,850
0,"no_caste_weighted",560,13819
0,"no_caste_weighted",561,9856
0,"no_caste_weighted",562,5983
0,"no_caste_weighted",563,7231
0,"no_caste_weighted",564,4759
0,"no_caste_weighted",565,13254
0,"no_caste_weighted",566,10597
0,"no_caste_weighted",567,10799
0,"no_caste_weighted",568,8470
0,"no_caste_weighted",569,7007
0,"no_caste_weighted",570,4733
0,"no_caste_weighted",571,4064
0,"no_caste_weighted",572,11920
0,"no_caste_weighted",573,8083
0,"no_caste_weighted",574,7013
0,"no_caste_weighted",575,12878
0,"no_caste_weighted",576,3875
0,"no_caste_weighted",577,216
0,"no_caste_weighted",578,6049
0,"no_caste_weighted",579,8838
0,"no_caste_weighted",580,8799
0,"no_caste_weighted",581,11717
0,"no_caste_weighted",582,10139
0,"no_caste_weighted",583,4355
0,"no_caste_weighted",584,4429
0,"no_caste_weighted",585,12259
0,"no_caste_weighted",586,9288
0,"no_caste_weighted",587,10539
0,"no_caste_weighted",588,8096
0,"no_caste_weighted",589,1107
0,"no_caste_weighted",590,5944
0,"no_caste_weighted",591,12294
0,"no_caste_weighted",592,1620
0,"no_caste_weighted",593,670
0,"no_caste_weighted",594,11066
0,"no_caste_weighted",595,9428
0,"no_caste_weighted",596,9275
0,"no_caste_weighted",597,5759
0,"no_caste_weighted",598,14091
0,"no_caste_weighted",599,77
0,"no_caste_weighted",600,2232
0,"no_caste_weighted",601,4156
0,"no_caste_weighted",602,3783
0,"no_caste_weighted",603,1320
0,"no_caste_weighted",604,7378
0,"no_caste_weighted",605,5548
0,"no_caste_weighted",606,10957
0,"no_caste_weighted",607,11376
0,"no_caste_weighted",608,12813
0,"no_caste_weighted",609,5453
0,"no_caste_weighted",610,11398
0,"no_caste_weighted",611,3098
0,"no_caste_weighted",612,251
0,"no_caste_weighted",613,3994
0,"no_caste_weighted",614,9500
0,"no_caste_weighted",615,4991
0,"no_caste_weighted",616,2460
0,"no_caste_weighted",617,10135
0,"no_caste_weighted",618,6777
0,"no_caste_weighted",619,4247
0,"no_caste_weighted",620,9866
0,"no_caste_weighted",621,9350
0,"no_caste_weighted",622,3786
0,"no_caste_weighted",623,168
0,"no_caste_weighted",624,576
0,"no_caste_weighted",625,192
0,"no_caste_weighted",626,12819
0,"no_caste_weighted",627,13296
0,"no_caste_weighted",628,11328
0,"no_caste_weighted",629,5284
0,"no_caste_weighted",630,8054
0,"no_caste_weighted",631,389
0,"no_caste_weighted",632,10489
0,"no_caste_weighted",633,1873
0,"no_caste_weighted",634,6784
0,"no_caste_weighted",635,2924
0,"no_caste_weighted",636,13841
0,"no_caste_weighted",637,3894
0,"no_caste_weighted",638,980
0,"no_caste_weighted",639,12647
0,"no_caste_weighted",640,905
0,"no_caste_weighted",641,11091
0,"no_caste_weighted",642,4221
0,"no_caste_weighted",643,10252
0,"no_caste_weighted",644,1137
0,"no_caste_weighted",645,7175
0,"no_caste_weighted",646,9920
0,"no_caste_weighted",647,1750
0,"no_caste_weighted",648,923
0,"no_caste_weighted",649,155
0,"no_caste_weighted",650,5557
0,"no_caste_weighted",651,13738
0,"no_caste_weighted",652,10822
0,"no_caste_weighted",653,8076
0,"no_caste_weighted",654,12013
0,"no_caste_weighted",655,316
0,"no_caste_weighted",656,4543
0,"no_caste_weighted",657,14058
0,"no_caste_weighted",658,10602
0,"no_caste_weighted",659,8434
0,"no_caste_weighted",660,11183
0,"no_caste_weighted",661,10028
0,"no_caste_weighted",662,7372
0,"no_caste_weighted",663,11015
0,"no_caste_weighted",664,8815
0,"no_caste_weighted",665,10942
0,"no_caste_weighted",666,7429
0,"no_caste_weighted",667,10280
0,"no_caste_weighted",668,4850
0,"no_caste_weighted",669,11096
0,"no_caste_weighted",670,9026
0,"no_caste_weighted",671,3024
0,"no_caste_weighted",672,6608
0,"no_caste_weighted",673,8153
0,"no_caste_weighted",674,5400
0,"no_caste_weighted",675,7471
0,"no_caste_weighted",676,5579
0,"no_caste_weighted",677,7954
0,"no_caste_weighted",678,7570
0,"no_caste_weighted",679,1336
0,"no_caste_weighted",680,719
0,"no_caste_weighted",681,2833
0,"no_caste_weighted",682,11151
0,"no_caste_weighted",683,9568
0,"no_caste_weighted",684,7087
0,"no_caste_weighted",685,2748
0,"no_caste_weighted",686,11785
0,"no_caste_weighted",687,14135
0,"no_caste_weighted",688,5053
0,"no_caste_weighted",689,6293
0,"no_caste_weighted",690,7113
0,"no_caste_weighted",691,10284
0,"no_caste_weighted",692,9940
0,"no_caste_weighted",693,4831
0,"no_caste_weighted",694,13899
0,"no_caste_weighted",695,2631
0,"no_caste_weighted",696,10725
0,"no_caste_weighted",697,11849
0,"no_caste_weighted",698,10466
0,"no_caste_weighted",699,9614
0,"no_caste_weighted",700,9429
0,"no_caste_weighted",701,7172
0,"no_caste_weighted",702,2321
0,"no_caste_weighted",703,4008
0,"no_caste_weighted",704,171
0,"no_caste_weighted",705,8748
0,"no_caste_weighted",706,1658
0,"no_caste_weighted",707,9263
0,"no_caste_weighted",708,10483
0,"no_caste_weighted",709,9363
0,"no_caste_weighted",710,3174
0,"no_caste_weighted",711,3485
0,"no_caste_weighted",712,1453
0,"no_caste_weighted",713,5662
0,"no_caste_weighted",714,8175
0,"no_caste_weighted",715,4311
0,"no_caste_weighted",716,401
0,"no_caste_weighted",717,4513
0,"no_caste_weighted",718,8594
0,"no_caste_weighted",719,6751
0,"no_caste_weighted",720,3829
0,"no_caste_weighted",721,2329
0,"no_caste_weighted",722,8017
0,"no_caste_weighted",723,6797
0,"no_caste_weighted",724,9115
0,"no_caste_weighted",725,9543
0,"no_caste_weighted",726,7454
0,"no_caste_weighted",727,10368
0,"no_caste_weighted",728,11644
0,"no_caste_weighted",729,4329
0,"no_caste_weighted",730,3279
0,"no_caste_weighted",731,3380
0,"no_caste_weighted",732,804
0,"no_caste_weighted",733,6723
0,"no_caste_weighted",734,1559
0,"no_caste_weighted",735,12218
0,"no_caste_weighted",736,5627
0,"no_caste_weighted",737,10447
0,"no_caste_weighted",738,1820
0,"no_caste_weighted",739,4193
0,"no_caste_weighted",740,1020
0,"no_caste_weighted",741,3386
0,"no_caste_weighted",742,9709
0,"no_caste_weighted",743,8724
0,"no_caste_weighted",744,7964
0,"no_caste_weighted",745,10155
0,"no_caste_weighted",746,4629
0,"no_caste_weighted",747,14020
0,"no_caste_weighted",748,1629
0,"no_caste_weighted",749,10085
0,"no_caste_weighted",750,11417
0,"no_caste_weighted",751,11971
0,"no_caste_weighted",752,2629
0,"no_caste_weighted",753,9496
0,"no_caste_weighted",754,9792
0,"no_caste_weighted",755,3795
0,"no_caste_weighted",756,8541
0,"no_caste_weighted",757,2245
0,"no_caste_weighted",758,4475
0,"no_caste_weighted",759,68
0,"no_caste_weighted",760,5600
0,"no_caste_weighted",761,5168
0,"no_caste_weighted",762,3753
0,"no_caste_weighted",763,6446
0,"no_caste_weighted",764,11524
0,"no_caste_weighted",765,11958
0,"no_caste_weighted",766,12622
0,"no_caste_weighted",767,7550
0,"no_caste_weighted",768,9133
0,"no_caste_weighted",769,9641
0,"no_caste_weighted",770,10992
0,"no_caste_weighted",771,4694
0,"no_caste_weighted",772,9379
0,"no_caste_weighted",773,4277
0,"no_caste_weighted",774,8286
0,"no_caste_weighted",775,2175
0,"no_caste_weighted",776,5336
0,"no_caste_weighted",777,12861
0,"no_caste_weighted",778,1946
0,"no_caste_weighted",779,6383
0,"no_caste_weighted",780,11351
0,"no_caste_weighted",781,12548
0,"no_caste_weighted",782,6977
0,"no_caste_weighted",783,6234
0,"no_caste_weighted",784,10601
0,"no_caste_weighted",785,465
0,"no_caste_weighted",786,12792
0,"no_caste_weighted",787,13359
0,"no_caste_weighted",788,2333
0,"no_caste_weighted",789,3393
0,"no_caste_weighted",790,5899
0,"no_caste_weighted",791,5405
0,"no_caste_weighted",792,7345
0,"no_caste_weighted",793,10477
0,"no_caste_weighted",794,8937
0,"no_caste_weighted",795,6266
0,"no_caste_weighted",796,5559
0,"no_caste_weighted",797,6464
0,"no_caste_weighted",798,6404
0,"no_caste_weighted",799,4591
0,"no_caste_weighted",800,6823
0,"no_caste_weighted",801,2289
0,"no_caste_weighted",802,1366
0,"no_caste_weighted",803,13828
0,"no_caste_weighted",804,4173
0,"no_caste_weighted",805,11783
0,"no_caste_weighted",806,11160
0,"no_caste_weighted",807,2070
0,"no_caste_weighted",808,6019
0,"no_caste_weighted",809,408
0,"no_caste_weighted",810,7712
0,"no_caste_weighted",811,7423
0,"no_caste_weighted",812,9618
0,"no_caste_weighted",813,625
0,"no_caste_weighted",814,4470
0,"no_caste_weighted",815,6308
0,"no_caste_weighted",816,792
0,"no_caste_weighted",817,2747
0,"no_caste_weighted",818,13772
0,"no_caste_weighted",819,5513
0,"no_caste_weighted",820,9990
0,"no_caste_weighted",821,11701
0,"no_caste_weighted",822,5819
0,"no_caste_weighted",823,3017
0,"no_caste_weighted",824,6770
0,"no_caste_weighted",825,3850
0,"no_caste_weighted",826,9978
0,"no_caste_weighted",827,8739
0,"no_caste_weighted",828,7574
0,"no_caste_weighted",829,2454
0,"no_caste_weighted",830,12598
0,"no_caste_weighted",831,4869
0,"no_caste_weighted",832,7003
0,"no_caste_weighted",833,9150
0,"no_caste_weighted",834,12889
0,"no_caste_weighted",835,12038
0,"no_caste_weighted",836,6866
0,"no_caste_weighted",837,6933
0,"no_caste_weighted",838,5680
0,"no_caste_weighted",839,7178
0,"no_caste_weighted",840,11168
0,"no_caste_weighted",841,2544
0,"no_caste_weighted",842,4904
0,"no_caste_weighted",843,8678
0,"no_caste_weighted",844,400
0,"no_caste_weighted",845,7232
0,"no_caste_weighted",846,6994
0,"no_caste_weighted",847,2353
0,"no_caste_weighted",848,12333
0,"no_caste_weighted",849,8015
0,"no_caste_weighted",850,10199
0,"no_caste_weighted",851,12458
0,"no_caste_weighted",852,11511
0,"no_caste_weighted",853,10123
0,"no_caste_weighted",854,4120
0,"no_caste_weighted",855,10203
0,"no_caste_weighted",856,6892
0,"no_caste_weighted",857,12900
0,"no_caste_weighted",858,8117
0,"no_caste_weighted",859,6901
0,"no_caste_weighted",860,502
0,"no_caste_weighted",861,6106
0,"no_caste_weighted",862,6708
0,"no_caste_weighted",863,1077
0,"no_caste_weighted",864,3151
0,"no_caste_weighted",865,2397
0,"no_caste_weighted",866,8701
0,"no_caste_weighted",867,9438
0,"no_caste_weighted",868,6859
0,"no_caste_weighted",869,1064
0,"no_caste_weighted",870,893
0,"no_caste_weighted",871,9291
0,"no_caste_weighted",872,5178
0,"no_caste_weighted",873,13244
0,"no_caste_weighted",874,1749
0,"no_caste_weighted",875,2073
0,"no_caste_weighted",876,1744
0,"no_caste_weighted",877,13076
0,"no_caste_weighted",878,7438
0,"no_caste_weighted",879,10371
0,"no_caste_weighted",880,12557
0,"no_caste_weighted",881,1109
0,"no_caste_weighted",882,10262
0,"no_caste_weighted",883,2249
0,"no_caste_weighted",884,1769
0,"no_caste_weighted",885,1213
0,"no_caste_weighted",886,10904
0,"no_caste_weighted",887,9095
0,"no_caste_weighted",888,9221
0,"no_caste_weighted",889,2119
0,"no_caste_weighted",890,5083
0,"no_caste_weighted",891,5876
0,"no_caste_weighted",892,13953
0,"no_caste_weighted",893,8807
0,"no_caste_weighted",894,3422
0,"no_caste_weighted",895,3494
0,"no_caste_weighted",896,5735
0,"no_caste_weighted",897,1859
0,"no_caste_weighted",898,9234
0,"no_caste_weighted",899,3803
0,"no_caste_weighted",900,3635
0,"no_caste_weighted",901,7989
0,"no_caste_weighted",902,7740
0,"no_caste_weighted",903,3139
0,"no_caste_weighted",904,6484
0,"no_caste_weighted",905,4540
0,"no_caste_weighted",906,5409
0,"no_caste_weighted",907,9534
0,"no_caste_weighted",908,13723
0,"no_caste_weighted",909,9883
0,"no_caste_weighted",910,9989
0,"no_caste_weighted",911,2960
0,"no_caste_weighted",912,2058
0,"no_caste_weighted",913,12532
0,"no_caste_weighted",914,14171
0,"no_caste_weighted",915,3004
0,"no_caste_weighted",916,3733
0,"no_caste_weighted",917,7
0,"no_caste_weighted",918,3011
0,"no_caste_weighted",919,5775
0,"no_caste_weighted",920,2824
0,"no_caste_weighted",921,8930
0,"no_caste_weighted",922,3645
0,"no_caste_weighted",923,3282
0,"no_caste_weighted",924,2530
0,"no_caste_weighted",925,1001
0,"no_caste_weighted",926,2695
0,"no_caste_weighted",927,7475
0,"no_caste_weighted",928,6532
0,"no_caste_weighted",929,3558
0,"no_caste_weighted",930,9362
0,"no_caste_weighted",931,8961
0,"no_caste_weighted",932,9720
0,"no_caste_weighted",933,7098
0,"no_caste_weighted",934,4435
0,"no_caste_weighted",935,12161
0,"no_caste_weighted",936,7148
0,"no_caste_weighted",937,1424
0,"no_caste_weighted",938,2614
0,"no_caste_weighted",939,13604
0,"no_caste_weighted",940,11353
0,"no_caste_weighted",941,2637
0,"no_caste_weighted",942,2965
0,"no_caste_weighted",943,13596
0,"no_caste_weighted",944,2654
0,"no_caste_weighted",945,7591
0,"no_caste_weighted",946,7562
0,"no_caste_weighted",947,10550
0,"no_caste_weighted",948,3543
0,"no_caste_weighted",949,734
0,"no_caste_weighted",950,11535
0,"no_caste_weighted",951,6857
0,"no_caste_weighted",952,11817
0,"no_caste_weighted",953,12502
0,"no_caste_weighted",954,3414
0,"no_caste_weighted",955,13886
0,"no_caste_weighted",956,5180
0,"no_caste_weighted",957,733
0,"no_caste_weighted",958,10704
0,"no_caste_weighted",959,2399
0,"no_caste_weighted",960,5891
0,"no_caste_weighted",961,11663
0,"no_caste_weighted",962,2223
0,"no_caste_weighted",963,7889
0,"no_caste_weighted",964,13940
0,"no_caste_weighted",965,4645
0,"no_caste_weighted",966,1449
0,"no_caste_weighted",967,7366
0,"no_caste_weighted",968,814
0,"no_caste_weighted",969,7061
0,"no_caste_weighted",970,13242
0,"no_caste_weighted",971,8311
0,"no_caste_weighted",972,5087
0,"no_caste_weighted",973,5841
0,"no_caste_weighted",974,2358
0,"no_caste_weighted",975,4287
0,"no_caste_weighted",976,10074
0,"no_caste_weighted",977,8664
0,"no_caste_weighted",978,5401
0,"no_caste_weighted",979,4507
0,"no_caste_weighted",980,7011
0,"no_caste_weighted",981,3808
0,"no_caste_weighted",982,5554
0,"no_caste_weighted",983,6641
0,"no_caste_weighted",984,3896
0,"no_caste_weighted",985,6657
0,"no_caste_weighted",986,12223
0,"no_caste_weighted",987,3401
0,"no_caste_weighted",988,2236
0,"no_caste_weighted",989,5124
0,"no_caste_weighted",990,560
0,"no_caste_weighted",991,11789
0,"no_caste_weighted",992,4192
0,"no_caste_weighted",993,845
0,"no_caste_weighted",994,10512
0,"no_caste_weighted",995,12934
0,"no_caste_weighted",996,7498
0,"no_caste_weighted",997,3470
0,"no_caste_weighted",998,6465
0,"no_caste_weighted",999,4511
0,"no_caste_weighted",1000,11142
0,"no_caste_weighted",1001,6865
0,"no_caste_weighted",1002,11763
0,"no_caste_weighted",1003,9253
0,"no_caste_weighted",1004,11103
0,"no_caste_weighted",1005,6787
0,"no_caste_weighted",1006,1860
0,"no_caste_weighted",1007,5470
0,"no_caste_weighted",1008,2434
0,"no_caste_weighted",1009,9003
0,"no_caste_weighted",1010,13908
0,"no_caste_weighted",1011,10599
0,"no_caste_weighted",1012,5039
0,"no_caste_weighted",1013,3914
0,"no_caste_weighted",1014,5322
0,"no_caste_weighted",1015,2842
0,"no_caste_weighted",1016,7456
0,"no_caste_weighted",1017,2773
0,"no_caste_weighted",1018,638
0,"no_caste_weighted",1019,11807
0,"no_caste_weighted",1020,5751
0,"no_caste_weighted",1021,11456
0,"no_caste_weighted",1022,9256
0,"no_caste_weighted",1023,3373
0,"no_caste_weighted",1024,12595
0,"no_caste_weighted",1025,13937
0,"no_caste_weighted",1026,4785
0,"no_caste_weighted",1027,1991
0,"no_caste_weighted",1028,5184
0,"no_caste_weighted",1029,3637
0,"no_caste_weighted",1030,8157
0,"no_caste_weighted",1031,5220
0,"no_caste_weighted",1032,9058
0,"no_caste_weighted",1033,7752
0,"no_caste_weighted",1034,11384
0,"no_caste_weighted",1035,4678
0,"no_caste_weighted",1036,238
0,"no_caste_weighted",1037,707
0,"no_caste_weighted",1038,12967
0,"no_caste_weighted",1039,4643
0,"no_caste_weighted",1040,13603
0,"no_caste_weighted",1041,596
0,"no_caste_weighted",1042,1822
0,"no_caste_weighted",1043,14138
0,"no_caste_weighted",1044,13619
0,"no_caste_weighted",1045,1975
0,"no_caste_weighted",1046,548
0,"no_caste_weighted",1047,1156
0,"no_caste_weighted",1048,11683
0,"no_caste_weighted",1049,6355
0,"no_caste_weighted",1050,8631
0,"no_caste_weighted",1051,1664
0,"no_caste_weighted",1052,6842
0,"no_caste_weighted",1053,11833
0,"no_caste_weighted",1054,1806
0,"no_caste_weighted",1055,354
0,"no_caste_weighted",1056,7026
0,"no_caste_weighted",1057,6119
0,"no_caste_weighted",1058,12089
0,"no_caste_weighted",1059,5293
0,"no_caste_weighted",1060,12115
0,"no_caste_weighted",1061,3196
0,"no_caste_weighted",1062,4872
0,"no_caste_weighted",1063,2481
0,"no_caste_weighted",1064,5614
0,"no_caste_weighted",1065,8849
0,"no_caste_weighted",1066,10177
0,"no_caste_weighted",1067,11616
0,"no_caste_weighted",1068,2889
0,"no_caste_weighted",1069,13143
0,"no_caste_weighted",1070,9230
0,"no_caste_weighted",1071,14031
0,"no_caste_weighted",1072,1775
0,"no_caste_weighted",1073,2559
0,"no_caste_weighted",1074,10790
0,"no_caste_weighted",1075,14105
0,"no_caste_weighted",1076,7211
0,"no_caste_weighted",1077,4794
0,"no_caste_weighted",1078,1045
0,"no_caste_weighted",1079,11098
0,"no_caste_weighted",1080,11768
0,"no_caste_weighted",1081,10358
0,"no_caste_weighted",1082,12495
0,"no_caste_weighted",1083,12553
0,"no_caste_weighted",1084,11245
0,"no_caste_weighted",1085,4242
0,"no_caste_weighted",1086,1833
0,"no_caste_weighted",1087,6870
0,"no_caste_weighted",1088,6343
0,"no_caste_weighted",1089,5128
0,"no_caste_weighted",1090,566
0,"no_caste_weighted",1091,7567
0,"no_caste_weighted",1092,3071
0,"no_caste_weighted",1093,3874
0,"no_caste_weighted",1094,3029
0,"no_caste_weighted",1095,4263
0,"no_caste_weighted",1096,12764
0,"no_caste_weighted",1097,3142
0,"no_caste_weighted",1098,9251
0,"no_caste_weighted",1099,2839
0,"no_caste_weighted",1100,3517
0,"no_caste_weighted",1101,5679
0,"no_caste_weighted",1102,9412
0,"no_caste_weighted",1103,5179
0,"no_caste_weighted",1104,11567
0,"no_caste_weighted",1105,7180
0,"no_caste_weighted",1106,11646
0,"no_caste_weighted",1107,2771
0,"no_caste_weighted",1108,1351
0,"no_caste_weighted",1109,14
0,"no_caste_weighted",1110,618
0,"no_caste_weighted",1111,5263
0,"no_caste_weighted",1112,5733
0,"no_caste_weighted",1113,10633
0,"no_caste_weighted",1114,11755
0,"no_caste_weighted",1115,7520
0,"no_caste_weighted",1116,3164
0,"no_caste_weighted",1117,1110
0,"no_caste_weighted",1118,579
0,"no_caste_weighted",1119,6246
0,"no_caste_weighted",1120,12644
0,"no_caste_weighted",1121,2467
0,"no_caste_weighted",1122,8817
0,"no_caste_weighted",1123,8954
0,"no_caste_weighted",1124,11572
0,"no_caste_weighted",1125,2265
0,"no_caste_weighted",1126,7440
0,"no_caste_weighted",1127,7138
0,"no_caste_weighted",1128,11068
0,"no_caste_weighted",1129,346
0,"no_caste_weighted",1130,4270
0,"no_caste_weighted",1131,4349
0,"no_caste_weighted",1132,9645
0,"no_caste_weighted",1133,10167
0,"no_caste_weighted",1134,5748
0,"no_caste_weighted",1135,4289
0,"no_caste_weighted",1136,7127
0,"no_caste_weighted",1137,3998
0,"no_caste_weighted",1138,1143
0,"no_caste_weighted",1139,4029
0,"no_caste_weighted",1140,611
0,"no_caste_weighted",1141,8445
0,"no_caste_weighted",1142,6847
0,"no_caste_weighted",1143,3444
0,"no_caste_weighted",1144,14052
0,"no_caste_weighted",1145,2788
0,"no_caste_weighted",1146,7977
0,"no_caste_weighted",1147,14012
0,"no_caste_weighted",1148,10492
0,"no_caste_weighted",1149,6493
0,"no_caste_weighted",1150,8399
0,"no_caste_weighted",1151,4209
0,"no_caste_weighted",1152,4394
0,"no_caste_weighted",1153,2106
0,"no_caste_weighted",1154,9846
0,"no_caste_weighted",1155,6830
0,"no_caste_weighted",1156,11850
0,"no_caste_weighted",1157,4169
0,"no_caste_weighted",1158,3419
0,"no_caste_weighted",1159,12245
0,"no_caste_weighted",1160,12651
0,"no_caste_weighted",1161,4079
0,"no_caste_weighted",1162,6697
0,"no_caste_weighted",1163,889
0,"no_caste_weighted",1164,10056
0,"no_caste_weighted",1165,1289
0,"no_caste_weighted",1166,8078
0,"no_caste_weighted",1167,13915
0,"no_caste_weighted",1168,14066
0,"no_caste_weighted",1169,8279
0,"no_caste_weighted",1170,9740
0,"no_caste_weighted",1171,6841
0,"no_caste_weighted",1172,10173
0,"no_caste_weighted",1173,474
0,"no_caste_weighted",1174,12822
0,"no_caste_weighted",1175,12806
0,"no_caste_weighted",1176,8798
0,"no_caste_weighted",1177,3114
0,"no_caste_weighted",1178,9245
0,"no_caste_weighted",1179,2098
0,"no_caste_weighted",1180,10325
0,"no_caste_weighted",1181,5456
0,"no_caste_weighted",1182,7660
0,"no_caste_weighted",1183,3903
0,"no_caste_weighted",1184,13834
0,"no_caste_weighted",1185,1836
0,"no_caste_weighted",1186,10105
0,"no_caste_weighted",1187,7064
0,"no_caste_weighted",1188,2204
0,"no_caste_weighted",1189,1361
0,"no_caste_weighted",1190,6240
0,"no_caste_weighted",1191,1297
0,"no_caste_weighted",1192,9551
0,"no_caste_weighted",1193,3328
0,"no_caste_weighted",1194,12114
0,"no_caste_weighted",1195,991
0,"no_caste_weighted",1196,2077
0,"no_caste_weighted",1197,841
0,"no_caste_weighted",1198,10491
0,"no_caste_weighted",1199,10448
0,"no_caste_weighted",1200,12915
0,"no_caste_weighted",1201,10152
0,"no_caste_weighted",1202,11386
0,"no_caste_weighted",1203,1838
0,"no_caste_weighted",1204,1314
0,"no_caste_weighted",1205,6782
0,"no_caste_weighted",1206,8050
0,"no_caste_weighted",1207,511
0,"no_caste_weighted",1208,8105
0,"no_caste_weighted",1209,14027
0,"no_caste_weighted",1210,12179
0,"no_caste_weighted",1211,503
0,"no_caste_weighted",1212,8280
0,"no_caste_weighted",1213,13339
0,"no_caste_weighted",1214,3811
0,"no_caste_weighted",1215,1615
0,"no_caste_weighted",1216,1637
0,"no_caste_weighted",1217,4494
0,"no_caste_weighted",1218,2063
0,"no_caste_weighted",1219,11889
0,"no_caste_weighted",1220,14116
0,"no_caste_weighted",1221,6381
0,"no_caste_weighted",1222,10078
0,"no_caste_weighted",1223,5191
0,"no_caste_weighted",1224,5359
0,"no_caste_weighted",1225,1906
0,"no_caste_weighted",1226,10069
0,"no_caste_weighted",1227,509
0,"no_caste_weighted",1228,13138
0,"no_caste_weighted",1229,7841
0,"no_caste_weighted",1230,6288
0,"no_caste_weighted",1231,12429
0,"no_caste_weighted",1232,1136
0,"no_caste_weighted",1233,2036
0,"no_caste_weighted",1234,10250
0,"no_caste_weighted",1235,8387
0,"no_caste_weighted",1236,6239
0,"no_caste_weighted",1237,10533
0,"no_caste_weighted",1238,8405
0,"no_caste_weighted",1239,10322
0,"no_caste_weighted",1240,9080
0,"no_caste_weighted",1241,8081
0,"no_caste_weighted",1242,1057
0,"no_caste_weighted",1243,7826
0,"no_caste_weighted",1244,8269
0,"no_caste_weighted",1245,9727
0,"no_caste_weighted",1246,12892
0,"no_caste_weighted",1247,4347
0,"no_caste_weighted",1248,14154
0,"no_caste_weighted",1249,11499
0,"no_caste_weighted",1250,12870
0,"no_caste_weighted",1251,7020
0,"no_caste_weighted",1252,621
0,"no_caste_weighted",1253,1365
0,"no_caste_weighted",1254,9118
0,"no_caste_weighted",1255,7062
0,"no_caste_weighted",1256,12026
0,"no_caste_weighted",1257,4073
0,"no_caste_weighted",1258,10870
0,"no_caste_weighted",1259,5985
0,"no_caste_weighted",1260,6790
0,"no_caste_weighted",1261,2621
0,"no_caste_weighted",1262,3870
0,"no_caste_weighted",1263,1590
0,"no_caste_weighted",1264,11885
0,"no_caste_weighted",1265,12304
0,"no_caste_weighted",1266,9416
0,"no_caste_weighted",1267,7344
0,"no_caste_weighted",1268,4019
0,"no_caste_weighted",1269,7204
0,"no_caste_weighted",1270,9395
0,"no_caste_weighted",1271,10741
0,"no_caste_weighted",1272,5239
0,"no_caste_weighted",1273,960
0,"no_caste_weighted",1274,3177
0,"no_caste_weighted",1275,5556
0,"no_caste_weighted",1276,13287
0,"no_caste_weighted",1277,1669
0,"no_caste_weighted",1278,2550
0,"no_caste_weighted",1279,11400
0,"no_caste_weighted",1280,3395
0,"no_caste_weighted",1281,7511
0,"no_caste_weighted",1282,1762
0,"no_caste_weighted",1283,3700
0,"no_caste_weighted",1284,16
0,"no_caste_weighted",1285,2649
0,"no_caste_weighted",1286,9023
0,"no_caste_weighted",1287,4421
0,"no_caste_weighted",1288,9712
0,"no_caste_weighted",1289,8981
0,"no_caste_weighted",1290,2882
0,"no_caste_weighted",1291,2215
0,"no_caste_weighted",1292,7768
0,"no_caste_weighted",1293,3417
0,"no_caste_weighted",1294,7059
0,"no_caste_weighted",1295,5868
0,"no_caste_weighted",1296,6144
0,"no_caste_weighted",1297,13089
0,"no_caste_weighted",1298,2734
0,"no_caste_weighted",1299,3097
0,"no_caste_weighted",1300,9878
0,"no_caste_weighted",1301,2569
0,"no_caste_weighted",1302,7665
0,"no_caste_weighted",1303,4150
0,"no_caste_weighted",1304,2194
0,"no_caste_weighted",1305,2584
0,"no_caste_weighted",1306,7655
0,"no_caste_weighted",1307,9318
0,"no_caste_weighted",1308,12804
0,"no_caste_weighted",1309,11624
0,"no_caste_weighted",1310,9137
0,"no_caste_weighted",1311,10681
0,"no_caste_weighted",1312,1628
0,"no_caste_weighted",1313,636
0,"no_caste_weighted",1314,9471
0,"no_caste_weighted",1315,4069
0,"no_caste_weighted",1316,5018
0,"no_caste_weighted",1317,2445
0,"no_caste_weighted",1318,9297
0,"no_caste_weighted",1319,3820
0,"no_caste_weighted",1320,11541
0,"no_caste_weighted",1321,13356
0,"no_caste_weighted",1322,10410
0,"no_caste_weighted",1323,6194
0,"no_caste_weighted",1324,6750
0,"no_caste_weighted",1325,9192
0,"no_caste_weighted",1326,12952
0,"no_caste_weighted",1327,12720
0,"no_caste_weighted",1328,699
0,"no_caste_weighted",1329,13964
0,"no_caste_weighted",1330,2728
0,"no_caste_weighted",1331,10218
0,"no_caste_weighted",1332,917
0,"no_caste_weighted",1333,5535
0,"no_caste_weighted",1334,1809
0,"no_caste_weighted",1335,5123
0,"no_caste_weighted",1336,3053
0,"no_caste_weighted",1337,9760
0,"no_caste_weighted",1338,765
0,"no_caste_weighted",1339,11746
0,"no_caste_weighted",1340,3669
0,"no_caste_weighted",1341,12452
0,"no_caste_weighted",1342,477
0,"no_caste_weighted",1343,5125
0,"no_caste_weighted",1344,1888
0,"no_caste_weighted",1345,12142
0,"no_caste_weighted",1346,6225
0,"no_caste_weighted",1347,3481
0,"no_caste_weighted",1348,2958
0,"no_caste_weighted",1349,2826
0,"no_caste_weighted",1350,5256
0,"no_caste_weighted",1351,85
0,"no_caste_weighted",1352,6195
0,"no_caste_weighted",1353,3236
0,"no_caste_weighted",1354,1621
0,"no_caste_weighted",1355,2446
0,"no_caste_weighted",1356,3400
0,"no_caste_weighted",1357,11259
0,"no_caste_weighted",1358,10061
0,"no_caste_weighted",1359,11223
0,"no_caste_weighted",1360,10738
0,"no_caste_weighted",1361,6080
0,"no_caste_weighted",1362,4502
0,"no_caste_weighted",1363,2262
0,"no_caste_weighted",1364,5507
0,"no_caste_weighted",1365,12275
0,"no_caste_weighted",1366,3520
0,"no_caste_weighted",1367,14109
0,"no_caste_weighted",1368,10505
0,"no_caste_weighted",1369,11231
0,"no_caste_weighted",1370,2828
0,"no_caste_weighted",1371,1650
0,"no_caste_weighted",1372,11108
0,"no_caste_weighted",1373,8653
0,"no_caste_weighted",1374,12970
0,"no_caste_weighted",1375,13822
0,"no_caste_weighted",1376,3658
0,"no_caste_weighted",1377,6606
0,"no_caste_weighted",1378,7080
0,"no_caste_weighted",1379,1188
0,"no_caste_weighted",1380,9475
0,"no_caste_weighted",1381,9367
0,"no_caste_weighted",1382,4428
0,"no_caste_weighted",1383,6941
0,"no_caste_weighted",1384,13984
0,"no_caste_weighted",1385,12281
0,"no_caste_weighted",1386,12232
0,"no_caste_weighted",1387,10515
0,"no_caste_weighted",1388,3975
0,"no_caste_weighted",1389,305
0,"no_caste_weighted",1390,2013
0,"no_caste_weighted",1391,5276
0,"no_caste_weighted",1392,10913
0,"no_caste_weighted",1393,13467
0,"no_caste_weighted",1394,3684
0,"no_caste_weighted",1395,13958
0,"no_caste_weighted",1396,12389
0,"no_caste_weighted",1397,9671
0,"no_caste_weighted",1398,8474
0,"no_caste_weighted",1399,7275
0,"no_caste_weighted",1400,6008
0,"no_caste_weighted",1401,4669
0,"no_caste_weighted",1402,3187
0,"no_caste_weighted",1403,13696
0,"no_caste_weighted",1404,1463
0,"no_caste_weighted",1405,4834
0,"no_caste_weighted",1406,8139
0,"no_caste_weighted",1407,4882
0,"no_caste_weighted",1408,12428
0,"no_caste_weighted",1409,2003
0,"no_caste_weighted",1410,9624
0,"no_caste_weighted",1411,11532
0,"no_caste_weighted",1412,3959
0,"no_caste_weighted",1413,5652
0,"no_caste_weighted",1414,4690
0,"no_caste_weighted",1415,895
0,"no_caste_weighted",1416,7323
0,"no_caste_weighted",1417,5728
0,"no_caste_weighted",1418,11585
0,"no_caste_weighted",1419,7244
0,"no_caste_weighted",1420,11525
0,"no_caste_weighted",1421,12632
0,"no_caste_weighted",1422,9371
0,"no_caste_weighted",1423,7806
0,"no_caste_weighted",1424,8999
0,"no_caste_weighted",1425,3496
0,"no_caste_weighted",1426,9808
0,"no_caste_weighted",1427,7599
0,"no_caste_weighted",1428,9047
0,"no_caste_weighted",1429,4034
0,"no_caste_weighted",1430,1547
0,"no_caste_weighted",1431,2455
0,"no_caste_weighted",1432,7359
0,"no_caste_weighted",1433,6298
0,"no_caste_weighted",1434,13042
0,"no_caste_weighted",1435,2884
0,"no_caste_weighted",1436,9050
0,"no_caste_weighted",1437,7947
0,"no_caste_weighted",1438,202
0,"no_caste_weighted",1439,3458
0,"no_caste_weighted",1440,5371
0,"no_caste_weighted",1441,5130
0,"no_caste_weighted",1442,7842
0,"no_caste_weighted",1443,6015
0,"no_caste_weighted",1444,5814
0,"no_caste_weighted",1445,12949
0,"no_caste_weighted",1446,12939
0,"no_caste_weighted",1447,11967
0,"no_caste_weighted",1448,6163
0,"no_caste_weighted",1449,10092
0,"no_caste_weighted",1450,9717
0,"no_caste_weighted",1451,13798
0,"no_caste_weighted",1452,129
0,"no_caste_weighted",1453,4213
0,"no_caste_weighted",1454,5502
0,"no_caste_weighted",1455,13145
0,"no_caste_weighted",1456,6737
0,"no_caste_weighted",1457,2665
0,"no_caste_weighted",1458,9270
0,"no_caste_weighted",1459,10499
0,"no_caste_weighted",1460,5706
0,"no_caste_weighted",1461,8938
0,"no_caste_weighted",1462,7704
0,"no_caste_weighted",1463,4750
0,"no_caste_weighted",1464,10978
0,"no_caste_weighted",1465,12135
0,"no_caste_weighted",1466,1827
0,"no_caste_weighted",1467,2507
0,"no_caste_weighted",1468,4843
0,"no_caste_weighted",1469,14097
0,"no_caste_weighted",1470,5562
0,"no_caste_weighted",1471,3030
0,"no_caste_weighted",1472,6701
0,"no_caste_weighted",1473,7519
0,"no_caste_weighted",1474,4849
0,"no_caste_weighted",1475,12895
0,"no_caste_weighted",1476,1817
0,"no_caste_weighted",1477,11011
0,"no_caste_weighted",1478,2707
0,"no_caste_weighted",1479,4863
0,"no_caste_weighted",1480,10194
0,"no_caste_weighted",1481,9722
0,"no_caste_weighted",1482,1498
0,"no_caste_weighted",1483,9804
0,"no_caste_weighted",1484,14129
0,"no_caste_weighted",1485,4954
0,"no_caste_weighted",1486,11883
0,"no_caste_weighted",1487,13406
0,"no_caste_weighted",1488,11180
0,"no_caste_weighted",1489,13975
0,"no_caste_weighted",1490,10467
0,"no_caste_weighted",1491,2997
0,"no_caste_weighted",1492,10285
0,"no_caste_weighted",1493,6549
0,"no_caste_weighted",1494,12893
0,"no_caste_weighted",1495,12436
0,"no_caste_weighted",1496,10067
0,"no_caste_weighted",1497,9555
0,"no_caste_weighted",1498,147
0,"no_caste_weighted",1499,3320
0,"no_caste_weighted",1500,655
0,"no_caste_weighted",1501,7353
0,"no_caste_weighted",1502,13873
0,"no_caste_weighted",1503,5064
0,"no_caste_weighted",1504,1244
0,"no_caste_weighted",1505,11289
0,"no_caste_weighted",1506,10648
0,"no_caste_weighted",1507,6780
0,"no_caste_weighted",1508,2199
0,"no_caste_weighted",1509,10734
0,"no_caste_weighted",1510,7967
0,"no_caste_weighted",1511,5325
0,"no_caste_weighted",1512,6023
0,"no_caste_weighted",1513,6944
0,"no_caste_weighted",1514,8184
0,"no_caste_weighted",1515,11087
0,"no_caste_weighted",1516,3577
0,"no_caste_weighted",1517,10851
0,"no_caste_weighted",1518,1222
0,"no_caste_weighted",1519,1368
0,"no_caste_weighted",1520,595
0,"no_caste_weighted",1521,7537
0,"no_caste_weighted",1522,6050
0,"no_caste_weighted",1523,2044
0,"no_caste_weighted",1524,7019
0,"no_caste_weighted",1525,2261
0,"no_caste_weighted",1526,8471
0,"no_caste_weighted",1527,6026
0,"no_caste_weighted",1528,3215
0,"no_caste_weighted",1529,8854
0,"no_caste_weighted",1530,4195
0,"no_caste_weighted",1531,5632
0,"no_caste_weighted",1532,13854
0,"no_caste_weighted",1533,10405
0,"no_caste_weighted",1534,2717
0,"no_caste_weighted",1535,7236
0,"no_caste_weighted",1536,13583
0,"no_caste_weighted",1537,12906
0,"no_caste_weighted",1538,11197
0,"no_caste_weighted",1539,6335
0,"no_caste_weighted",1540,6312
0,"no_caste_weighted",1541,7744
0,"no_caste_weighted",1542,5328
0,"no_caste_weighted",1543,10286
0,"no_caste_weighted",1544,9242
0,"no_caste_weighted",1545,7931
0,"no_caste_weighted",1546,9511
0,"no_caste_weighted",1547,649
0,"no_caste_weighted",1548,7494
0,"no_caste_weighted",1549,2495
0,"no_caste_weighted",1550,4853
0,"no_caste_weighted",1551,7857
0,"no_caste_weighted",1552,3755
0,"no_caste_weighted",1553,2701
0,"no_caste_weighted",1554,5260
0,"no_caste_weighted",1555,10344
0,"no_caste_weighted",1556,4416
0,"no_caste_weighted",1557,3479
0,"no_caste_weighted",1558,5413
0,"no_caste_weighted",1559,3449
0,"no_caste_weighted",1560,10411
0,"no_caste_weighted",1561,13457
0,"no_caste_weighted",1562,10176
0,"no_caste_weighted",1563,7509
0,"no_caste_weighted",1564,12587
0,"no_caste_weighted",1565,7431
0,"no_caste_weighted",1566,1935
0,"no_caste_weighted",1567,10844
0,"no_caste_weighted",1568,4734
0,"no_caste_weighted",1569,10831
0,"no_caste_weighted",1570,6736
0,"no_caste_weighted",1571,551
0,"no_caste_weighted",1572,10789
0,"no_caste_weighted",1573,3523
0,"no_caste_weighted",1574,12392
0,"no_caste_weighted",1575,5719
0,"no_caste_weighted",1576,3148
0,"no_caste_weighted",1577,3976
0,"no_caste_weighted",1578,8670
0,"no_caste_weighted",1579,2866
0,"no_caste_weighted",1580,1385
0,"no_caste_weighted",1581,7981
0,"no_caste_weighted",1582,11368
0,"no_caste_weighted",1583,4871
0,"no_caste_weighted",1584,5070
0,"no_caste_weighted",1585,9518
0,"no_caste_weighted",1586,11493
0,"no_caste_weighted",1587,7512
0,"no_caste_weighted",1588,3884
0,"no_caste_weighted",1589,7714
0,"no_caste_weighted",1590,6555
0,"no_caste_weighted",1591,1414
0,"no_caste_weighted",1592,1486
0,"no_caste_weighted",1593,8055
0,"no_caste_weighted",1594,2811
0,"no_caste_weighted",1595,10450
0,"no_caste_weighted",1596,9545
0,"no_caste_weighted",1597,10783
0,"no_caste_weighted",1598,130
0,"no_caste_weighted",1599,9172
0,"no_caste_weighted",1600,2731
0,"no_caste_weighted",1601,7406
0,"no_caste_weighted",1602,1226
0,"no_caste_weighted",1603,7527
0,"no_caste_weighted",1604,13343
0,"no_caste_weighted",1605,12284
0,"no_caste_weighted",1606,5062
0,"no_caste_weighted",1607,5285
0,"no_caste_weighted",1608,4241
0,"no_caste_weighted",1609,1684
0,"no_caste_weighted",1610,1852
0,"no_caste_weighted",1611,4692
0,"no_caste_weighted",1612,4659
0,"no_caste_weighted",1613,9366
0,"no_caste_weighted",1614,8383
0,"no_caste_weighted",1615,5321
0,"no_caste_weighted",1616,10987
0,"no_caste_weighted",1617,7375
0,"no_caste_weighted",1618,6109
0,"no_caste_weighted",1619,8318
0,"no_caste_weighted",1620,2068
0,"no_caste_weighted",1621,684
0,"no_caste_weighted",1622,11410
0,"no_caste_weighted",1623,994
0,"no_caste_weighted",1624,8765
0,"no_caste_weighted",1625,13664
0,"no_caste_weighted",1626,2076
0,"no_caste_weighted",1627,6429
0,"no_caste_weighted",1628,4163
0,"no_caste_weighted",1629,9519
0,"no_caste_weighted",1630,5595
0,"no_caste_weighted",1631,9411
0,"no_caste_weighted",1632,5869
0,"no_caste_weighted",1633,6674
0,"no_caste_weighted",1634,516
0,"no_caste_weighted",1635,1536
0,"no_caste_weighted",1636,2993
0,"no_caste_weighted",1637,13885
0,"no_caste_weighted",1638,11944
0,"no_caste_weighted",1639,6853
0,"no_caste_weighted",1640,632
0,"no_caste_weighted",1641,7276
0,"no_caste_weighted",1642,7028
0,"no_caste_weighted",1643,4764
0,"no_caste_weighted",1644,14122
0,"no_caste_weighted",1645,2326
0,"no_caste_weighted",1646,14098
0,"no_caste_weighted",1647,4999
0,"no_caste_weighted",1648,174
0,"no_caste_weighted",1649,5812
0,"no_caste_weighted",1650,2403
0,"no_caste_weighted",1651,11185
0,"no_caste_weighted",1652,13248
0,"no_caste_weighted",1653,404
0,"no_caste_weighted",1654,2064
0,"no_caste_weighted",1655,11515
0,"no_caste_weighted",1656,7800
0,"no_caste_weighted",1657,10964
0,"no_caste_weighted",1658,2424
0,"no_caste_weighted",1659,8315
0,"no_caste_weighted",1660,4095
0,"no_caste_weighted",1661,5091
0,"no_caste_weighted",1662,6182
0,"no_caste_weighted",1663,7859
0,"no_caste_weighted",1664,7022
0,"no_caste_weighted",1665,4701
0,"no_caste_weighted",1666,9262
0,"no_caste_weighted",1667,3129
0,"no_caste_weighted",1668,11904
0,"no_caste_weighted",1669,14022
0,"no_caste_weighted",1670,3516
0,"no_caste_weighted",1671,7982
0,"no_caste_weighted",1672,9269
0,"no_caste_weighted",1673,5372
0,"no_caste_weighted",1674,10546
0,"no_caste_weighted",1675,8836
0,"no_caste_weighted",1676,6594
0,"no_caste_weighted",1677,10805
0,"no_caste_weighted",1678,6864
0,"no_caste_weighted",1679,3743
0,"no_caste_weighted",1680,12791
0,"no_caste_weighted",1681,5830
0,"no_caste_weighted",1682,7209
0,"no_caste_weighted",1683,7492
0,"no_caste_weighted",1684,13413
0,"no_caste_weighted",1685,9316
0,"no_caste_weighted",1686,675
0,"no_caste_weighted",1687,2527
0,"no_caste_weighted",1688,53
0,"no_caste_weighted",1689,13838
0,"no_caste_weighted",1690,2220
0,"no_caste_weighted",1691,4856
0,"no_caste_weighted",1692,6003
0,"no_caste_weighted",1693,2510
0,"no_caste_weighted",1694,1460
0,"no_caste_weighted",1695,2591
0,"no_caste_weighted",1696,9948
0,"no_caste_weighted",1697,8698
0,"no_caste_weighted",1698,688
0,"no_caste_weighted",1699,5342
0,"no_caste_weighted",1700,4838
0,"no_caste_weighted",1701,8839
0,"no_caste_weighted",1702,12817
0,"no_caste_weighted",1703,10497
0,"no_caste_weighted",1704,9421
0,"no_caste_weighted",1705,7039
0,"no_caste_weighted",1706,1413
0,"no_caste_weighted",1707,13668
0,"no_caste_weighted",1708,13900
0,"no_caste_weighted",1709,2984
0,"no_caste_weighted",1710,8490
0,"no_caste_weighted",1711,7735
0,"no_caste_weighted",1712,10057
0,"no_caste_weighted",1713,8351
0,"no_caste_weighted",1714,594
0,"no_caste_weighted",1715,4210
0,"no_caste_weighted",1716,3002
0,"no_caste_weighted",1717,6354
0,"no_caste_weighted",1718,2341
0,"no_caste_weighted",1719,6810
0,"no_caste_weighted",1720,701
0,"no_caste_weighted",1721,11074
0,"no_caste_weighted",1722,11776
0,"no_caste_weighted",1723,5808
0,"no_caste_weighted",1724,7852
0,"no_caste_weighted",1725,1050
0,"no_caste_weighted",1726,7711
0,"no_caste_weighted",1727,3682
0,"no_caste_weighted",1728,11545
0,"no_caste_weighted",1729,2682
0,"no_caste_weighted",1730,6275
0,"no_caste_weighted",1731,8143
0,"no_caste_weighted",1732,7184
0,"no_caste_weighted",1733,11439
0,"no_caste_weighted",1734,6075
0,"no_caste_weighted",1735,4066
0,"no_caste_weighted",1736,6331
0,"no_caste_weighted",1737,782
0,"no_caste_weighted",1738,1584
0,"no_caste_weighted",1739,2735
0,"no_caste_weighted",1740,9610
0,"no_caste_weighted",1741,4615
0,"no_caste_weighted",1742,5326
0,"no_caste_weighted",1743,10856
0,"no_caste_weighted",1744,2067
0,"no_caste_weighted",1745,7152
0,"no_caste_weighted",1746,5080
0,"no_caste_weighted",1747,8144
0,"no_caste_weighted",1748,3873
0,"no_caste_weighted",1749,3047
0,"no_caste_weighted",1750,4438
0,"no_caste_weighted",1751,1036
0,"no_caste_weighted",1752,2687
0,"no_caste_weighted",1753,2016
0,"no_caste_weighted",1754,55
0,"no_caste_weighted",1755,13598
0,"no_caste_weighted",1756,14033
0,"no_caste_weighted",1757,9935
0,"no_caste_weighted",1758,8464
0,"no_caste_weighted",1759,9931
0,"no_caste_weighted",1760,12156
0,"no_caste_weighted",1761,6081
0,"no_caste_weighted",1762,7611
0,"no_caste_weighted",1763,12912
0,"no_caste_weighted",1764,7566
0,"no_caste_weighted",1765,344
0,"no_caste_weighted",1766,6436
0,"no_caste_weighted",1767,3954
0,"no_caste_weighted",1768,11071
0,"no_caste_weighted",1769,7592
0,"no_caste_weighted",1770,6189
0,"no_caste_weighted",1771,5555
0,"no_caste_weighted",1772,5534
0,"no_caste_weighted",1773,2359
0,"no_caste_weighted",1774,5999
0,"no_caste_weighted",1775,7313
0,"no_caste_weighted",1776,5329
0,"no_caste_weighted",1777,9784
0,"no_caste_weighted",1778,36
0,"no_caste_weighted",1779,4026
0,"no_caste_weighted",1780,9683
0,"no_caste_weighted",1781,12853
0,"no_caste_weighted",1782,9417
0,"no_caste_weighted",1783,3319
0,"no_caste_weighted",1784,11312
0,"no_caste_weighted",1785,2239
0,"no_caste_weighted",1786,12781
0,"no_caste_weighted",1787,2636
0,"no_caste_weighted",1788,11118
0,"no_caste_weighted",1789,838
0,"no_caste_weighted",1790,578
0,"no_caste_weighted",1791,8660
0,"no_caste_weighted",1792,6264
0,"no_caste_weighted",1793,6772
0,"no_caste_weighted",1794,11057
0,"no_caste_weighted",1795,10940
0,"no_caste_weighted",1796,791
0,"no_caste_weighted",1797,562
0,"no_caste_weighted",1798,13669
0,"no_caste_weighted",1799,6973
0,"no_caste_weighted",1800,196
0,"no_caste_weighted",1801,7990
0,"no_caste_weighted",1802,11162
0,"no_caste_weighted",1803,9876
0,"no_caste_weighted",1804,12409
0,"no_caste_weighted",1805,4431
0,"no_caste_weighted",1806,5290
0,"no_caste_weighted",1807,2264
0,"no_caste_weighted",1808,12771
0,"no_caste_weighted",1809,11062
0,"no_caste_weighted",1810,10553
0,"no_caste_weighted",1811,10523
0,"no_caste_weighted",1812,11391
0,"no_caste_weighted",1813,1358
0,"no_caste_weighted",1814,6575
0,"no_caste_weighted",1815,12056
0,"no_caste_weighted",1816,12745
0,"no_caste_weighted",1817,954
0,"no_caste_weighted",1818,11461
0,"no_caste_weighted",1819,1254
0,"no_caste_weighted",1820,4437
0,"no_caste_weighted",1821,1280
0,"no_caste_weighted",1822,7626
0,"no_caste_weighted",1823,11998
0,"no_caste_weighted",1824,6060
0,"no_caste_weighted",1825,1134
0,"no_caste_weighted",1826,4595
0,"no_caste_weighted",1827,10446
0,"no_caste_weighted",1828,10892
0,"no_caste_weighted",1829,3474
0,"no_caste_weighted",1830,204
0,"no_caste_weighted",1831,5268
0,"no_caste_weighted",1832,11215
0,"no_caste_weighted",1833,2911
0,"no_caste_weighted",1834,11048
0,"no_caste_weighted",1835,10589
0,"no_caste_weighted",1836,304
0,"no_caste_weighted",1837,12751
0,"no_caste_weighted",1838,5580
0,"no_caste_weighted",1839,903
0,"no_caste_weighted",1840,7667
0,"no_caste_weighted",1841,13622
0,"no_caste_weighted",1842,8870
0,"no_caste_weighted",1843,3842
0,"no_caste_weighted",1844,10402
0,"no_caste_weighted",1845,12084
0,"no_caste_weighted",1846,3646
0,"no_caste_weighted",1847,7663
0,"no_caste_weighted",1848,4233
0,"no_caste_weighted",1849,10445
0,"no_caste_weighted",1850,9817
0,"no_caste_weighted",1851,13973
0,"no_caste_weighted",1852,4621
0,"no_caste_weighted",1853,932
0,"no_caste_weighted",1854,6552
0,"no_caste_weighted",1855,7389
0,"no_caste_weighted",1856,3882
0,"no_caste_weighted",1857,2047
0,"no_caste_weighted",1858,87
0,"no_caste_weighted",1859,7301
0,"no_caste_weighted",1860,11591
0,"no_caste_weighted",1861,11250
0,"no_caste_weighted",1862,11321
0,"no_caste_weighted",1863,12402
0,"no_caste_weighted",1864,880
0,"no_caste_weighted",1865,11309
0,"no_caste_weighted",1866,10054
0,"no_caste_weighted",1867,7696
0,"no_caste_weighted",1868,2407
0,"no_caste_weighted",1869,12857
0,"no_caste_weighted",1870,8140
0,"no_caste_weighted",1871,12180
0,"no_caste_weighted",1872,4232
0,"no_caste_weighted",1873,2091
0,"no_caste_weighted",1874,14068
0,"no_caste_weighted",1875,7091
0,"no_caste_weighted",1876,947
0,"no_caste_weighted",1877,5610
0,"no_caste_weighted",1878,12769
0,"no_caste_weighted",1879,1686
0,"no_caste_weighted",1880,524
0,"no_caste_weighted",1881,1527
0,"no_caste_weighted",1882,13475
0,"no_caste_weighted",1883,3359
0,"no_caste_weighted",1884,11110
0,"no_caste_weighted",1885,1616
0,"no_caste_weighted",1886,11599
0,"no_caste_weighted",1887,11455
0,"no_caste_weighted",1888,6560
0,"no_caste_weighted",1889,1647
0,"no_caste_weighted",1890,10495
0,"no_caste_weighted",1891,11974
0,"no_caste_weighted",1892,12173
0,"no_caste_weighted",1893,6146
0,"no_caste_weighted",1894,8563
0,"no_caste_weighted",1895,5601
0,"no_caste_weighted",1896,12828
0,"no_caste_weighted",1897,64
0,"no_caste_weighted",1898,13660
0,"no_caste_weighted",1899,4986
0,"no_caste_weighted",1900,9470
0,"no_caste_weighted",1901,4476
0,"no_caste_weighted",1902,4500
0,"no_caste_weighted",1903,1924
0,"no_caste_weighted",1904,7476
0,"no_caste_weighted",1905,6068
0,"no_caste_weighted",1906,4891
0,"no_caste_weighted",1907,8668
0,"no_caste_weighted",1908,881
0,"no_caste_weighted",1909,13901
0,"no_caste_weighted",1910,6613
0,"no_caste_weighted",1911,725
0,"no_caste_weighted",1912,10043
0,"no_caste_weighted",1913,12105
0,"no_caste_weighted",1914,13310
0,"no_caste_weighted",1915,10297
0,"no_caste_weighted",1916,13991
0,"no_caste_weighted",1917,3453
0,"no_caste_weighted",1918,11704
0,"no_caste_weighted",1919,12319
0,"no_caste_weighted",1920,9632
0,"no_caste_weighted",1921,6824
0,"no_caste_weighted",1922,8414
0,"no_caste_weighted",1923,3370
0,"no_caste_weighted",1924,13266
0,"no_caste_weighted",1925,2598
0,"no_caste_weighted",1926,11661
0,"no_caste_weighted",1927,4290
0,"no_caste_weighted",1928,5098
0,"no_caste_weighted",1929,9014
0,"no_caste_weighted",1930,1546
0,"no_caste_weighted",1931,1079
0,"no_caste_weighted",1932,12496
0,"no_caste_weighted",1933,9029
0,"no_caste_weighted",1934,8114
0,"no_caste_weighted",1935,4246
0,"no_caste_weighted",1936,7396
0,"no_caste_weighted",1937,12165
0,"no_caste_weighted",1938,5943
0,"no_caste_weighted",1939,4218
0,"no_caste_weighted",1940,6336
0,"no_caste_weighted",1941,6227
0,"no_caste_weighted",1942,6018
0,"no_caste_weighted",1943,5307
0,"no_caste_weighted",1944,14124
0,"no_caste_weighted",1945,14040
0,"no_caste_weighted",1946,4553
0,"no_caste_weighted",1947,7727
0,"no_caste_weighted",1948,4174
0,"no_caste_weighted",1949,11805
0,"no_caste_weighted",1950,9126
0,"no_caste_weighted",1951,13423
0,"no_caste_weighted",1952,3763
0,"no_caste_weighted",1953,12258
0,"no_caste_weighted",1954,3235
0,"no_caste_weighted",1955,13249
0,"no_caste_weighted",1956,10145
0,"no_caste_weighted",1957,7293
0,"no_caste_weighted",1958,8983
0,"no_caste_weighted",1959,8693
0,"no_caste_weighted",1960,10469
0,"no_caste_weighted",1961,11670
0,"no_caste_weighted",1962,12662
0,"no_caste_weighted",1963,4211
0,"no_caste_weighted",1964,7324
0,"no_caste_weighted",1965,574
0,"no_caste_weighted",1966,10130
0,"no_caste_weighted",1967,13623
0,"no_caste_weighted",1968,682
0,"no_caste_weighted",1969,6593
0,"no_caste_weighted",1970,7199
0,"no_caste_weighted",1971,10443
0,"no_caste_weighted",1972,49
0,"no_caste_weighted",1973,1856
0,"no_caste_weighted",1974,9453
0,"no_caste_weighted",1975,2837
0,"no_caste_weighted",1976,4908
0,"no_caste_weighted",1977,1894
0,"no_caste_weighted",1978,286
0,"no_caste_weighted",1979,11881
0,"no_caste_weighted",1980,9932
0,"no_caste_weighted",1981,3217
0,"no_caste_weighted",1982,12021
0,"no_caste_weighted",1983,11665
0,"no_caste_weighted",1984,11893
0,"no_caste_weighted",1985,10744
0,"no_caste_weighted",1986,641
0,"no_caste_weighted",1987,1853
0,"no_caste_weighted",1988,12960
0,"no_caste_weighted",1989,2393
0,"no_caste_weighted",1990,12909
0,"no_caste_weighted",1991,2738
0,"no_caste_weighted",1992,2371
0,"no_caste_weighted",1993,2922
0,"no_caste_weighted",1994,9790
0,"no_caste_weighted",1995,8683
0,"no_caste_weighted",1996,12687
0,"no_caste_weighted",1997,1483
0,"no_caste_weighted",1998,10215
0,"no_caste_weighted",1999,11054
0,"no_caste_weighted",2000,10314
0,"no_caste_weighted",2001,8780
0,"no_caste_weighted",2002,8711
0,"no_caste_weighted",2003,8850
0,"no_caste_weighted",2004,3590
0,"no_caste_weighted",2005,7377
0,"no_caste_weighted",2006,5438
0,"no_caste_weighted",2007,1878
0,"no_caste_weighted",2008,1763
0,"no_caste_weighted",2009,10663
0,"no_caste_weighted",2010,2554
0,"no_caste_weighted",2011,10525
0,"no_caste_weighted",2012,10752
0,"no_caste_weighted",2013,12391
0,"no_caste_weighted",2014,11377
0,"no_caste_weighted",2015,22
0,"no_caste_weighted",2016,5613
0,"no_caste_weighted",2017,3690
0,"no_caste_weighted",2018,10011
0,"no_caste_weighted",2019,12968
0,"no_caste_weighted",2020,13952
0,"no_caste_weighted",2021,7526
0,"no_caste_weighted",2022,9205
0,"no_caste_weighted",2023,8370
0,"no_caste_weighted",2024,12947
0,"no_caste_weighted",2025,12190
0,"no_caste_weighted",2026,7227
0,"no_caste_weighted",2027,10217
0,"no_caste_weighted",2028,2932
0,"no_caste_weighted",2029,13245
0,"no_caste_weighted",2030,7632
0,"no_caste_weighted",2031,7782
0,"no_caste_weighted",2032,2203
0,"no_caste_weighted",2033,3239
0,"no_caste_weighted",2034,4620
0,"no_caste_weighted",2035,12566
0,"no_caste_weighted",2036,9226
0,"no_caste_weighted",2037,695
0,"no_caste_weighted",2038,8841
0,"no_caste_weighted",2039,12869
0,"no_caste_weighted",2040,1384
0,"no_caste_weighted",2041,106
0,"no_caste_weighted",2042,10216
0,"no_caste_weighted",2043,5604
0,"no_caste_weighted",2044,6101
0,"no_caste_weighted",2045,7600
0,"no_caste_weighted",2046,4752
0,"no_caste_weighted",2047,13434
0,"no_caste_weighted",2048,5339
0,"no_caste_weighted",2049,279
0,"no_caste_weighted",2050,9504
0,"no_caste_weighted",2051,7894
0,"no_caste_weighted",2052,11538
0,"no_caste_weighted",2053,8942
0,"no_caste_weighted",2054,3845
0,"no_caste_weighted",2055,9477
0,"no_caste_weighted",2056,5681
0,"no_caste_weighted",2057,10782
0,"no_caste_weighted",2058,3943
0,"no_caste_weighted",2059,9957
0,"no_caste_weighted",2060,3639
0,"no_caste_weighted",2061,11296
0,"no_caste_weighted",2062,4170
0,"no_caste_weighted",2063,3036
0,"no_caste_weighted",2064,12897
0,"no_caste_weighted",2065,1548
0,"no_caste_weighted",2066,2231
0,"no_caste_weighted",2067,2338
0,"no_caste_weighted",2068,5194
0,"no_caste_weighted",2069,7628
0,"no_caste_weighted",2070,4653
0,"no_caste_weighted",2071,1198
0,"no_caste_weighted",2072,5197
0,"no_caste_weighted",2073,5585
0,"no_caste_weighted",2074,5882
0,"no_caste_weighted",2075,6215
0,"no_caste_weighted",2076,11921
0,"no_caste_weighted",2077,1514
0,"no_caste_weighted",2078,5373
0,"no_caste_weighted",2079,6439
0,"no_caste_weighted",2080,10236
0,"no_caste_weighted",2081,5998
0,"no_caste_weighted",2082,10876
0,"no_caste_weighted",2083,9310
0,"no_caste_weighted",2084,4510
0,"no_caste_weighted",2085,10086
0,"no_caste_weighted",2086,5000
0,"no_caste_weighted",2087,1030
0,"no_caste_weighted",2088,4925
0,"no_caste_weighted",2089,9248
0,"no_caste_weighted",2090,13989
0,"no_caste_weighted",2091,13740
0,"no_caste_weighted",2092,10472
0,"no_caste_weighted",2093,9851
0,"no_caste_weighted",2094,10094
0,"no_caste_weighted",2095,9679
0,"no_caste_weighted",2096,10153
0,"no_caste_weighted",2097,2727
0,"no_caste_weighted",2098,4230
0,"no_caste_weighted",2099,7412
0,"no_caste_weighted",2100,8532
0,"no_caste_weighted",2101,5374
0,"no_caste_weighted",2102,10380
0,"no_caste_weighted",2103,8630
0,"no_caste_weighted",2104,10526
0,"no_caste_weighted",2105,2829
0,"no_caste_weighted",2106,10275
0,"no_caste_weighted",2107,306
0,"no_caste_weighted",2108,65
0,"no_caste_weighted",2109,6788
0,"no_caste_weighted",2110,7240
0,"no_caste_weighted",2111,11303
0,"no_caste_weighted",2112,2475
0,"no_caste_weighted",2113,13800
0,"no_caste_weighted",2114,6540
0,"no_caste_weighted",2115,8352
0,"no_caste_weighted",2116,1953
0,"no_caste_weighted",2117,2590
0,"no_caste_weighted",2118,1849
0,"no_caste_weighted",2119,12797
0,"no_caste_weighted",2120,11503
0,"no_caste_weighted",2121,1356
0,"no_caste_weighted",2122,2441
0,"no_caste_weighted",2123,12898
0,"no_caste_weighted",2124,13762
0,"no_caste_weighted",2125,11453
0,"no_caste_weighted",2126,5526
0,"no_caste_weighted",2127,5208
0,"no_caste_weighted",2128,3446
0,"no_caste_weighted",2129,9090
0,"no_caste_weighted",2130,13404
0,"no_caste_weighted",2131,12845
0,"no_caste_weighted",2132,5813
0,"no_caste_weighted",2133,11291
0,"no_caste_weighted",2134,2940
0,"no_caste_weighted",2135,1160
0,"no_caste_weighted",2136,1459
0,"no_caste_weighted",2137,705
0,"no_caste_weighted",2138,8344
0,"no_caste_weighted",2139,11415
0,"no_caste_weighted",2140,11320
0,"no_caste_weighted",2141,3745
0,"no_caste_weighted",2142,7656
0,"no_caste_weighted",2143,13711
0,"no_caste_weighted",2144,10513
0,"no_caste_weighted",2145,10047
0,"no_caste_weighted",2146,3186
0,"no_caste_weighted",2147,12808
0,"no_caste_weighted",2148,10720
0,"no_caste_weighted",2149,7912
0,"no_caste_weighted",2150,6566
0,"no_caste_weighted",2151,11125
0,"no_caste_weighted",2152,6376
0,"no_caste_weighted",2153,11294
0,"no_caste_weighted",2154,12432
0,"no_caste_weighted",2155,12012
0,"no_caste_weighted",2156,14010
0,"no_caste_weighted",2157,9675
0,"no_caste_weighted",2158,2149
0,"no_caste_weighted",2159,1494
0,"no_caste_weighted",2160,12108
0,"no_caste_weighted",2161,3895
0,"no_caste_weighted",2162,332
0,"no_caste_weighted",2163,2144
0,"no_caste_weighted",2164,4341
0,"no_caste_weighted",2165,357
0,"no_caste_weighted",2166,4579
0,"no_caste_weighted",2167,396
0,"no_caste_weighted",2168,7397
0,"no_caste_weighted",2169,8897
0,"no_caste_weighted",2170,3367
0,"no_caste_weighted",2171,10660
0,"no_caste_weighted",2172,9271
0,"no_caste_weighted",2173,5363
0,"no_caste_weighted",2174,11828
0,"no_caste_weighted",2175,8034
0,"no_caste_weighted",2176,7940
0,"no_caste_weighted",2177,6382
0,"no_caste_weighted",2178,13905
0,"no_caste_weighted",2179,5926
0,"no_caste_weighted",2180,2551
0,"no_caste_weighted",2181,11385
0,"no_caste_weighted",2182,10679
0,"no_caste_weighted",2183,6605
0,"no_caste_weighted",2184,2218
0,"no_caste_weighted",2185,9341
0,"no_caste_weighted",2186,9206
0,"no_caste_weighted",2187,4892
0,"no_caste_weighted",2188,12399
0,"no_caste_weighted",2189,4945
0,"no_caste_weighted",2190,10096
0,"no_caste_weighted",2191,6483
0,"no_caste_weighted",2192,5676
0,"no_caste_weighted",2193,11621
0,"no_caste_weighted",2194,11474
0,"no_caste_weighted",2195,2029
0,"no_caste_weighted",2196,3431
0,"no_caste_weighted",2197,933
0,"no_caste_weighted",2198,7997
0,"no_caste_weighted",2199,5443
0,"no_caste_weighted",2200,3919
0,"no_caste_weighted",2201,4754
0,"no_caste_weighted",2202,143
0,"no_caste_weighted",2203,11963
0,"no_caste_weighted",2204,7000
0,"no_caste_weighted",2205,8183
0,"no_caste_weighted",2206,3490
0,"no_caste_weighted",2207,4953
0,"no_caste_weighted",2208,9054
0,"no_caste_weighted",2209,9179
0,"no_caste_weighted",2210,10823
0,"no_caste_weighted",2211,12287
0,"no_caste_weighted",2212,9810
0,"no_caste_weighted",2213,12753
0,"no_caste_weighted",2214,8500
0,"no_caste_weighted",2215,1462
0,"no_caste_weighted",2216,13812
0,"no_caste_weighted",2217,7753
0,"no_caste_weighted",2218,6868
0,"no_caste_weighted",2219,13904
0,"no_caste_weighted",2220,3051
0,"no_caste_weighted",2221,8146
0,"no_caste_weighted",2222,7139
0,"no_caste_weighted",2223,1594
0,"no_caste_weighted",2224,9626
0,"no_caste_weighted",2225,11892
0,"no_caste_weighted",2226,9564
0,"no_caste_weighted",2227,4144
0,"no_caste_weighted",2228,1094
0,"no_caste_weighted",2229,4147
0,"no_caste_weighted",2230,6467
0,"no_caste_weighted",2231,9085
0,"no_caste_weighted",2232,552
0,"no_caste_weighted",2233,8428
0,"no_caste_weighted",2234,8925
0,"no_caste_weighted",2235,11939
0,"no_caste_weighted",2236,5745
0,"no_caste_weighted",2237,1850
0,"no_caste_weighted",2238,5173
0,"no_caste_weighted",2239,9222
0,"no_caste_weighted",2240,10709
0,"no_caste_weighted",2241,2150
0,"no_caste_weighted",2242,2274
0,"no_caste_weighted",2243,12724
0,"no_caste_weighted",2244,3350
0,"no_caste_weighted",2245,10743
0,"no_caste_weighted",2246,3652
0,"no_caste_weighted",2247,12082
0,"no_caste_weighted",2248,11468
0,"no_caste_weighted",2249,9479
0,"no_caste_weighted",2250,5315
0,"no_caste_weighted",2251,14126
0,"no_caste_weighted",2252,5392
0,"no_caste_weighted",2253,12615
0,"no_caste_weighted",2254,691
0,"no_caste_weighted",2255,1283
0,"no_caste_weighted",2256,8070
0,"no_caste_weighted",2257,10077
0,"no_caste_weighted",2258,60
0,"no_caste_weighted",2259,10385
0,"no_caste_weighted",2260,12673
0,"no_caste_weighted",2261,12298
0,"no_caste_weighted",2262,2538
0,"no_caste_weighted",2263,710
0,"no_caste_weighted",2264,6585
0,"no_caste_weighted",2265,7647
0,"no_caste_weighted",2266,11036
0,"no_caste_weighted",2267,1511
0,"no_caste_weighted",2268,5807
0,"no_caste_weighted",2269,9593
0,"no_caste_weighted",2270,1296
0,"no_caste_weighted",2271,14099
0,"no_caste_weighted",2272,12129
0,"no_caste_weighted",2273,9314
0,"no_caste_weighted",2274,8689
0,"no_caste_weighted",2275,5009
0,"no_caste_weighted",2276,9326
0,"no_caste_weighted",2277,8686
0,"no_caste_weighted",2278,3772
0,"no_caste_weighted",2279,9863
0,"no_caste_weighted",2280,6675
0,"no_caste_weighted",2281,11060
0,"no_caste_weighted",2282,1945
0,"no_caste_weighted",2283,4968
0,"no_caste_weighted",2284,738
0,"no_caste_weighted",2285,5682
0,"no_caste_weighted",2286,5420
0,"no_caste_weighted",2287,5480
0,"no_caste_weighted",2288,8326
0,"no_caste_weighted",2289,13862
0,"no_caste_weighted",2290,10480
0,"no_caste_weighted",2291,4462
0,"no_caste_weighted",2292,1331
0,"no_caste_weighted",2293,2081
0,"no_caste_weighted",2294,9914
0,"no_caste_weighted",2295,1931
0,"no_caste_weighted",2296,10456
0,"no_caste_weighted",2297,7426
0,"no_caste_weighted",2298,152
0,"no_caste_weighted",2299,8758
0,"no_caste_weighted",2300,9585
0,"no_caste_weighted",2301,14115
0,"no_caste_weighted",2302,10777
0,"no_caste_weighted",2303,8024
0,"no_caste_weighted",2304,12178
0,"no_caste_weighted",2305,10356
0,"no_caste_weighted",2306,8151
0,"no_caste_weighted",2307,2730
0,"no_caste_weighted",2308,4889
0,"no_caste_weighted",2309,4886
0,"no_caste_weighted",2310,5946
0,"no_caste_weighted",2311,12113
0,"no_caste_weighted",2312,8107
0,"no_caste_weighted",2313,3979
0,"no_caste_weighted",2314,3764
0,"no_caste_weighted",2315,7461
0,"no_caste_weighted",2316,9334
0,"no_caste_weighted",2317,571
0,"no_caste_weighted",2318,9442
0,"no_caste_weighted",2319,2871
0,"no_caste_weighted",2320,2146
0,"no_caste_weighted",2321,3332
0,"no_caste_weighted",2322,5823
0,"no_caste_weighted",2323,10154
0,"no_caste_weighted",2324,1147
0,"no_caste_weighted",2325,4229
0,"no_caste_weighted",2326,7322
0,"no_caste_weighted",2327,6980
0,"no_caste_weighted",2328,6191
0,"no_caste_weighted",2329,7120
0,"no_caste_weighted",2330,3593
0,"no_caste_weighted",2331,3273
0,"no_caste_weighted",2332,4452
0,"no_caste_weighted",2333,2386
0,"no_caste_weighted",2334,9907
0,"no_caste_weighted",2335,13959
0,"no_caste_weighted",2336,6173
0,"no_caste_weighted",2337,4031
0,"no_caste_weighted",2338,6216
0,"no_caste_weighted",2339,2620
0,"no_caste_weighted",2340,5474
0,"no_caste_weighted",2341,5575
0,"no_caste_weighted",2342,322
0,"no_caste_weighted",2343,13931
0,"no_caste_weighted",2344,10241
0,"no_caste_weighted",2345,2529
0,"no_caste_weighted",2346,10093
0,"no_caste_weighted",2347,10052
0,"no_caste_weighted",2348,8259
0,"no_caste_weighted",2349,7615
0,"no_caste_weighted",2350,1618
0,"no_caste_weighted",2351,9193
0,"no_caste_weighted",2352,1403
0,"no_caste_weighted",2353,8308
0,"no_caste_weighted",2354,970
0,"no_caste_weighted",2355,9145
0,"no_caste_weighted",2356,5121
0,"no_caste_weighted",2357,12017
0,"no_caste_weighted",2358,12646
0,"no_caste_weighted",2359,7523
0,"no_caste_weighted",2360,10208
0,"no_caste_weighted",2361,437
0,"no_caste_weighted",2362,761
0,"no_caste_weighted",2363,3853
0,"no_caste_weighted",2364,6201
0,"no_caste_weighted",2365,8534
0,"no_caste_weighted",2366,2651
0,"no_caste_weighted",2367,2468
0,"no_caste_weighted",2368,6029
0,"no_caste_weighted",2369,7588
0,"no_caste_weighted",2370,10064
0,"no_caste_weighted",2371,6899
0,"no_caste_weighted",2372,2111
0,"no_caste_weighted",2373,6946
0,"no_caste_weighted",2374,6707
0,"no_caste_weighted",2375,6167
0,"no_caste_weighted",2376,973
0,"no_caste_weighted",2377,4443
0,"no_caste_weighted",2378,9622
0,"no_caste_weighted",2379,4366
0,"no_caste_weighted",2380,13228
0,"no_caste_weighted",2381,13968
0,"no_caste_weighted",2382,5202
0,"no_caste_weighted",2383,3410
0,"no_caste_weighted",2384,3599
0,"no_caste_weighted",2385,3465
0,"no_caste_weighted",2386,12241
0,"no_caste_weighted",2387,5640
0,"no_caste_weighted",2388,533
0,"no_caste_weighted",2389,2604
0,"no_caste_weighted",2390,10396
0,"no_caste_weighted",2391,5577
0,"no_caste_weighted",2392,10243
0,"no_caste_weighted",2393,12779
0,"no_caste_weighted",2394,7415
0,"no_caste_weighted",2395,7411
0,"no_caste_weighted",2396,5515
0,"no_caste_weighted",2397,9600
0,"no_caste_weighted",2398,5151
0,"no_caste_weighted",2399,11721
0,"no_caste_weighted",2400,11710
0,"no_caste_weighted",2401,2753
0,"no_caste_weighted",2402,7024
0,"no_caste_weighted",2403,230
0,"no_caste_weighted",2404,10860
0,"no_caste_weighted",2405,1231
0,"no_caste_weighted",2406,11995
0,"no_caste_weighted",2407,6223
0,"no_caste_weighted",2408,11687
0,"no_caste_weighted",2409,11022
0,"no_caste_weighted",2410,2162
0,"no_caste_weighted",2411,261
0,"no_caste_weighted",2412,2267
0,"no_caste_weighted",2413,14092
0,"no_caste_weighted",2414,5112
0,"no_caste_weighted",2415,5162
0,"no_caste_weighted",2416,8264
0,"no_caste_weighted",2417,4979
0,"no_caste_weighted",2418,3674
0,"no_caste_weighted",2419,11705
0,"no_caste_weighted",2420,4526
0,"no_caste_weighted",2421,1883
0,"no_caste_weighted",2422,11897
0,"no_caste_weighted",2423,2967
0,"no_caste_weighted",2424,1048
0,"no_caste_weighted",2425,7195
0,"no_caste_weighted",2426,12086
0,"no_caste_weighted",2427,10165
0,"no_caste_weighted",2428,10068
0,"no_caste_weighted",2429,9718
0,"no_caste_weighted",2430,11335
0,"no_caste_weighted",2431,9302
0,"no_caste_weighted",2432,7192
0,"no_caste_weighted",2433,619
0,"no_caste_weighted",2434,12445
0,"no_caste_weighted",2435,9899
0,"no_caste_weighted",2436,5165
0,"no_caste_weighted",2437,4682
0,"no_caste_weighted",2438,3675
0,"no_caste_weighted",2439,8974
0,"no_caste_weighted",2440,5468
0,"no_caste_weighted",2441,4686
0,"no_caste_weighted",2442,3868
0,"no_caste_weighted",2443,11046
0,"no_caste_weighted",2444,14086
0,"no_caste_weighted",2445,9782
0,"no_caste_weighted",2446,12645
0,"no_caste_weighted",2447,12460
0,"no_caste_weighted",2448,2051
0,"no_caste_weighted",2449,2432
0,"no_caste_weighted",2450,392
0,"no_caste_weighted",2451,11449
0,"no_caste_weighted",2452,12966
0,"no_caste_weighted",2453,2431
0,"no_caste_weighted",2454,12727
0,"no_caste_weighted",2455,11586
0,"no_caste_weighted",2456,2355
0,"no_caste_weighted",2457,11039
0,"no_caste_weighted",2458,12574
0,"no_caste_weighted",2459,9280
0,"no_caste_weighted",2460,10414
0,"no_caste_weighted",2461,2206
0,"no_caste_weighted",2462,7606
0,"no_caste_weighted",2463,13304
0,"no_caste_weighted",2464,7730
0,"no_caste_weighted",2465,1116
0,"no_caste_weighted",2466,12788
0,"no_caste_weighted",2467,3325
0,"no_caste_weighted",2468,5803
0,"no_caste_weighted",2469,1165
0,"no_caste_weighted",2470,7499
0,"no_caste_weighted",2471,2602
0,"no_caste_weighted",2472,12121
0,"no_caste_weighted",2473,6926
0,"no_caste_weighted",2474,350
0,"no_caste_weighted",2475,7463
0,"no_caste_weighted",2476,481
0,"no_caste_weighted",2477,10431
0,"no_caste_weighted",2478,7376
0,"no_caste_weighted",2479,3045
0,"no_caste_weighted",2480,9451
0,"no_caste_weighted",2481,416
0,"no_caste_weighted",2482,1303
0,"no_caste_weighted",2483,2540
0,"no_caste_weighted",2484,7432
0,"no_caste_weighted",2485,9277
0,"no_caste_weighted",2486,12623
0,"no_caste_weighted",2487,433
0,"no_caste_weighted",2488,522
0,"no_caste_weighted",2489,528
0,"no_caste_weighted",2490,8094
0,"no_caste_weighted",2491,12457
0,"no_caste_weighted",2492,5169
0,"no_caste_weighted",2493,11394
0,"no_caste_weighted",2494,2712
0,"no_caste_weighted",2495,161
0,"no_caste_weighted",2496,7718
0,"no_caste_weighted",2497,3348
0,"no_caste_weighted",2498,9554
0,"no_caste_weighted",2499,6180
0,"no_caste_weighted",2500,8706
0,"no_caste_weighted",2501,1543
0,"no_caste_weighted",2502,9664
0,"no_caste_weighted",2503,1444
0,"no_caste_weighted",2504,10584
0,"no_caste_weighted",2505,9821
0,"no_caste_weighted",2506,2764
0,"no_caste_weighted",2507,7643
0,"no_caste_weighted",2508,6300
0,"no_caste_weighted",2509,9617
0,"no_caste_weighted",2510,13765
0,"no_caste_weighted",2511,10128
0,"no_caste_weighted",2512,379
0,"no_caste_weighted",2513,6319
0,"no_caste_weighted",2514,2050
0,"no_caste_weighted",2515,7759
0,"no_caste_weighted",2516,5734
0,"no_caste_weighted",2517,6192
0,"no_caste_weighted",2518,530
0,"no_caste_weighted",2519,5471
0,"no_caste_weighted",2520,5766
0,"no_caste_weighted",2521,9685
0,"no_caste_weighted",2522,985
0,"no_caste_weighted",2523,2725
0,"no_caste_weighted",2524,5906
0,"no_caste_weighted",2525,6257
0,"no_caste_weighted",2526,5560
0,"no_caste_weighted",2527,512
0,"no_caste_weighted",2528,11279
0,"no_caste_weighted",2529,3962
0,"no_caste_weighted",2530,4003
0,"no_caste_weighted",2531,12837
0,"no_caste_weighted",2532,10630
0,"no_caste_weighted",2533,13566
0,"no_caste_weighted",2534,12943
0,"no_caste_weighted",2535,9594
0,"no_caste_weighted",2536,3055
0,"no_caste_weighted",2537,13382
0,"no_caste_weighted",2538,6311
0,"no_caste_weighted",2539,5656
0,"no_caste_weighted",2540,1127
0,"no_caste_weighted",2541,1497
0,"no_caste_weighted",2542,9670
0,"no_caste_weighted",2543,1434
0,"no_caste_weighted",2544,13159
0,"no_caste_weighted",2545,9557
0,"no_caste_weighted",2546,8743
0,"no_caste_weighted",2547,8690
0,"no_caste_weighted",2548,13910
0,"no_caste_weighted",2549,8560
0,"no_caste_weighted",2550,2605
0,"no_caste_weighted",2551,1369
0,"no_caste_weighted",2552,9378
0,"no_caste_weighted",2553,12605
0,"no_caste_weighted",2554,11589
0,"no_caste_weighted",2555,4601
0,"no_caste_weighted",2556,8949
0,"no_caste_weighted",2557,6932
0,"no_caste_weighted",2558,2313
0,"no_caste_weighted",2559,8577
0,"no_caste_weighted",2560,12638
0,"no_caste_weighted",2561,10465
0,"no_caste_weighted",2562,11959
0,"no_caste_weighted",2563,2202
0,"no_caste_weighted",2564,1405
0,"no_caste_weighted",2565,8251
0,"no_caste_weighted",2566,3601
0,"no_caste_weighted",2567,11115
0,"no_caste_weighted",2568,4790
0,"no_caste_weighted",2569,10807
0,"no_caste_weighted",2570,11363
0,"no_caste_weighted",2571,10676
0,"no_caste_weighted",2572,6477
0,"no_caste_weighted",2573,12621
0,"no_caste_weighted",2574,7481
0,"no_caste_weighted",2575,7760
0,"no_caste_weighted",2576,8357
0,"no_caste_weighted",2577,1435
0,"no_caste_weighted",2578,4698
0,"no_caste_weighted",2579,11898
0,"no_caste_weighted",2580,6489
0,"no_caste_weighted",2581,111
0,"no_caste_weighted",2582,9606
0,"no_caste_weighted",2583,3640
0,"no_caste_weighted",2584,2713
0,"no_caste_weighted",2585,6638
0,"no_caste_weighted",2586,13942
0,"no_caste_weighted",2587,13944
0,"no_caste_weighted",2588,10490
0,"no_caste_weighted",2589,11838
0,"no_caste_weighted",2590,2570
0,"no_caste_weighted",2591,4521
0,"no_caste_weighted",2592,11879
0,"no_caste_weighted",2593,1337
0,"no_caste_weighted",2594,572
0,"no_caste_weighted",2595,6669
0,"no_caste_weighted",2596,2622
0,"no_caste_weighted",2597,336
0,"no_caste_weighted",2598,4204
0,"no_caste_weighted",2599,12682
0,"no_caste_weighted",2600,8293
0,"no_caste_weighted",2601,1640
0,"no_caste_weighted",2602,4404
0,"no_caste_weighted",2603,10015
0,"no_caste_weighted",2604,4292
0,"no_caste_weighted",2605,10510
0,"no_caste_weighted",2606,9938
0,"no_caste_weighted",2607,5068
0,"no_caste_weighted",2608,7680
0,"no_caste_weighted",2609,11123
0,"no_caste_weighted",2610,2273
0,"no_caste_weighted",2611,1871
0,"no_caste_weighted",2612,6314
0,"no_caste_weighted",2613,5122
0,"no_caste_weighted",2614,3581
0,"no_caste_weighted",2615,6512
0,"no_caste_weighted",2616,2292
0,"no_caste_weighted",2617,3324
0,"no_caste_weighted",2618,3486
0,"no_caste_weighted",2619,10802
0,"no_caste_weighted",2620,4177
0,"no_caste_weighted",2621,8460
0,"no_caste_weighted",2622,5811
0,"no_caste_weighted",2623,7356
0,"no_caste_weighted",2624,5987
0,"no_caste_weighted",2625,6086
0,"no_caste_weighted",2626,10159
0,"no_caste_weighted",2627,12699
0,"no_caste_weighted",2628,6179
0,"no_caste_weighted",2629,4883
0,"no_caste_weighted",2630,6214
0,"no_caste_weighted",2631,12704
0,"no_caste_weighted",2632,12448
0,"no_caste_weighted",2633,836
0,"no_caste_weighted",2634,11724
0,"no_caste_weighted",2635,6551
0,"no_caste_weighted",2636,8252
0,"no_caste_weighted",2637,6872
0,"no_caste_weighted",2638,3872
0,"no_caste_weighted",2639,6090
0,"no_caste_weighted",2640,4537
0,"no_caste_weighted",2641,12519
0,"no_caste_weighted",2642,1821
0,"no_caste_weighted",2643,2406
0,"no_caste_weighted",2644,9966
0,"no_caste_weighted",2645,9548
0,"no_caste_weighted",2646,6712
0,"no_caste_weighted",2647,1815
0,"no_caste_weighted",2648,1095
0,"no_caste_weighted",2649,4937
0,"no_caste_weighted",2650,1919
0,"no_caste_weighted",2651,9199
0,"no_caste_weighted",2652,4941
0,"no_caste_weighted",2653,9002
0,"no_caste_weighted",2654,4866
0,"no_caste_weighted",2655,5411
0,"no_caste_weighted",2656,9489
0,"no_caste_weighted",2657,12403
0,"no_caste_weighted",2658,405
0,"no_caste_weighted",2659,9382
0,"no_caste_weighted",2660,4235
0,"no_caste_weighted",2661,4683
0,"no_caste_weighted",2662,4294
0,"no_caste_weighted",2663,13430
0,"no_caste_weighted",2664,689
0,"no_caste_weighted",2665,648
0,"no_caste_weighted",2666,10379
0,"no_caste_weighted",2667,11796
0,"no_caste_weighted",2668,11253
0,"no_caste_weighted",2669,12236
0,"no_caste_weighted",2670,12766
0,"no_caste_weighted",2671,3557
0,"no_caste_weighted",2672,10721
0,"no_caste_weighted",2673,11510
0,"no_caste_weighted",2674,6233
0,"no_caste_weighted",2675,7144
0,"no_caste_weighted",2676,1215
0,"no_caste_weighted",2677,5888
0,"no_caste_weighted",2678,1083
0,"no_caste_weighted",2679,3784
0,"no_caste_weighted",2680,11021
0,"no_caste_weighted",2681,12597
0,"no_caste_weighted",2682,13916
0,"no_caste_weighted",2683,1238
0,"no_caste_weighted",2684,7381
0,"no_caste_weighted",2685,14151
0,"no_caste_weighted",2686,3519
0,"no_caste_weighted",2687,10909
0,"no_caste_weighted",2688,5957
0,"no_caste_weighted",2689,3507
0,"no_caste_weighted",2690,11038
0,"no_caste_weighted",2691,5686
0,"no_caste_weighted",2692,11829
0,"no_caste_weighted",2693,2177
0,"no_caste_weighted",2694,1113
0,"no_caste_weighted",2695,51
0,"no_caste_weighted",2696,3184
0,"no_caste_weighted",2697,2311
0,"no_caste_weighted",2698,5060
0,"no_caste_weighted",2699,5234
0,"no_caste_weighted",2700,5432
0,"no_caste_weighted",2701,10474
0,"no_caste_weighted",2702,5669
0,"no_caste_weighted",2703,1399
0,"no_caste_weighted",2704,4580
0,"no_caste_weighted",2705,9211
0,"no_caste_weighted",2706,2810
0,"no_caste_weighted",2707,4680
0,"no_caste_weighted",2708,13670
0,"no_caste_weighted",2709,8832
0,"no_caste_weighted",2710,7355
0,"no_caste_weighted",2711,13472
0,"no_caste_weighted",2712,13550
0,"no_caste_weighted",2713,831
0,"no_caste_weighted",2714,13699
0,"no_caste_weighted",2715,3288
0,"no_caste_weighted",2716,11699
0,"no_caste_weighted",2717,5786
0,"no_caste_weighted",2718,829
0,"no_caste_weighted",2719,7892
0,"no_caste_weighted",2720,7228
0,"no_caste_weighted",2721,5286
0,"no_caste_weighted",2722,6918
0,"no_caste_weighted",2723,5449
0,"no_caste_weighted",2724,8805
0,"no_caste_weighted",2725,2897
0,"no_caste_weighted",2726,2235
0,"no_caste_weighted",2727,784
0,"no_caste_weighted",2728,333
0,"no_caste_weighted",2729,3707
0,"no_caste_weighted",2730,14108
0,"no_caste_weighted",2731,1719
0,"no_caste_weighted",2732,789
0,"no_caste_weighted",2733,12846
0,"no_caste_weighted",2734,1260
0,"no_caste_weighted",2735,5626
0,"no_caste_weighted",2736,10343
0,"no_caste_weighted",2737,8716
0,"no_caste_weighted",2738,10345
0,"no_caste_weighted",2739,14134
0,"no_caste_weighted",2740,3420
0,"no_caste_weighted",2741,8361
0,"no_caste_weighted",2742,1713
0,"no_caste_weighted",2743,13419
0,"no_caste_weighted",2744,4401
0,"no_caste_weighted",2745,6230
0,"no_caste_weighted",2746,10461
0,"no_caste_weighted",2747,11382
0,"no_caste_weighted",2748,1396
0,"no_caste_weighted",2749,1167
0,"no_caste_weighted",2750,5950
0,"no_caste_weighted",2751,5588
0,"no_caste_weighted",2752,848
0,"no_caste_weighted",2753,9210
0,"no_caste_weighted",2754,1739
0,"no_caste_weighted",2755,5582
0,"no_caste_weighted",2756,10451
0,"no_caste_weighted",2757,7568
0,"no_caste_weighted",2758,4087
0,"no_caste_weighted",2759,13511
0,"no_caste_weighted",2760,66
0,"no_caste_weighted",2761,2708
0,"no_caste_weighted",2762,6760
0,"no_caste_weighted",2763,3337
0,"no_caste_weighted",2764,1685
0,"no_caste_weighted",2765,5638
0,"no_caste_weighted",2766,7106
0,"no_caste_weighted",2767,5536
0,"no_caste_weighted",2768,4159
0,"no_caste_weighted",2769,10774
0,"no_caste_weighted",2770,2283
0,"no_caste_weighted",2771,43
0,"no_caste_weighted",2772,5073
0,"no_caste_weighted",2773,356
0,"no_caste_weighted",2774,9425
0,"no_caste_weighted",2775,9542
0,"no_caste_weighted",2776,12619
0,"no_caste_weighted",2777,9603
0,"no_caste_weighted",2778,11035
0,"no_caste_weighted",2779,2494
0,"no_caste_weighted",2780,12482
0,"no_caste_weighted",2781,7277
0,"no_caste_weighted",2782,12000
0,"no_caste_weighted",2783,7347
0,"no_caste_weighted",2784,10209
0,"no_caste_weighted",2785,7182
0,"no_caste_weighted",2786,2789
0,"no_caste_weighted",2787,959
0,"no_caste_weighted",2788,5183
0,"no_caste_weighted",2789,555
0,"no_caste_weighted",2790,4130
0,"no_caste_weighted",2791,6576
0,"no_caste_weighted",2792,1059
0,"no_caste_weighted",2793,10258
0,"no_caste_weighted",2794,5493
0,"no_caste_weighted",2795,10797
0,"no_caste_weighted",2796,11521
0,"no_caste_weighted",2797,13721
0,"no_caste_weighted",2798,11976
0,"no_caste_weighted",2799,1007
0,"no_caste_weighted",2800,259
0,"no_caste_weighted",2801,8540
0,"no_caste_weighted",2802,11794
0,"no_caste_weighted",2803,12441
0,"no_caste_weighted",2804,5915
0,"no_caste_weighted",2805,4488
0,"no_caste_weighted",2806,11179
0,"no_caste_weighted",2807,10873
0,"no_caste_weighted",2808,2007
0,"no_caste_weighted",2809,10303
0,"no_caste_weighted",2810,14029
0,"no_caste_weighted",2811,5052
0,"no_caste_weighted",2812,12398
0,"no_caste_weighted",2813,12140
0,"no_caste_weighted",2814,407
0,"no_caste_weighted",2815,2929
0,"no_caste_weighted",2816,12470
0,"no_caste_weighted",2817,10127
0,"no_caste_weighted",2818,2990
0,"no_caste_weighted",2819,4731
0,"no_caste_weighted",2820,10646
0,"no_caste_weighted",2821,5572
0,"no_caste_weighted",2822,8651
0,"no_caste_weighted",2823,412
0,"no_caste_weighted",2824,2492
0,"no_caste_weighted",2825,7897
0,"no_caste_weighted",2826,3070
0,"no_caste_weighted",2827,9967
0,"no_caste_weighted",2828,3773
0,"no_caste_weighted",2829,7446
0,"no_caste_weighted",2830,12290
0,"no_caste_weighted",2831,2575
0,"no_caste_weighted",2832,2221
0,"no_caste_weighted",2833,10576
0,"no_caste_weighted",2834,6775
0,"no_caste_weighted",2835,3405
0,"no_caste_weighted",2836,7466
0,"no_caste_weighted",2837,210
0,"no_caste_weighted",2838,3404
0,"no_caste_weighted",2839,8952
0,"no_caste_weighted",2840,8033
0,"no_caste_weighted",2841,10427
0,"no_caste_weighted",2842,1034
0,"no_caste_weighted",2843,3307
0,"no_caste_weighted",2844,2633
0,"no_caste_weighted",2845,12430
0,"no_caste_weighted",2846,5117
0,"no_caste_weighted",2847,9158
0,"no_caste_weighted",2848,13797
0,"no_caste_weighted",2849,12465
0,"no_caste_weighted",2850,3559
0,"no_caste_weighted",2851,12522
0,"no_caste_weighted",2852,8158
0,"no_caste_weighted",2853,3864
0,"no_caste_weighted",2854,7722
0,"no_caste_weighted",2855,10794
0,"no_caste_weighted",2856,10249
0,"no_caste_weighted",2857,6660
0,"no_caste_weighted",2858,323
0,"no_caste_weighted",2859,2339
0,"no_caste_weighted",2860,1347
0,"no_caste_weighted",2861,12775
0,"no_caste_weighted",2862,8118
0,"no_caste_weighted",2863,3532
0,"no_caste_weighted",2864,2498
0,"no_caste_weighted",2865,1409
0,"no_caste_weighted",2866,11069
0,"no_caste_weighted",2867,11799
0,"no_caste_weighted",2868,178
0,"no_caste_weighted",2869,4962
0,"no_caste_weighted",2870,5292
0,"no_caste_weighted",2871,2920
0,"no_caste_weighted",2872,6931
0,"no_caste_weighted",2873,9311
0,"no_caste_weighted",2874,2580
0,"no_caste_weighted",2875,4188
0,"no_caste_weighted",2876,432
0,"no_caste_weighted",2877,10333
0,"no_caste_weighted",2878,11531
0,"no_caste_weighted",2879,9043
0,"no_caste_weighted",2880,1117
0,"no_caste_weighted",2881,8435
0,"no_caste_weighted",2882,12211
0,"no_caste_weighted",2883,10231
0,"no_caste_weighted",2884,2980
0,"no_caste_weighted",2885,13351
0,"no_caste_weighted",2886,7719
0,"no_caste_weighted",2887,2521
0,"no_caste_weighted",2888,5102
0,"no_caste_weighted",2889,4895
0,"no_caste_weighted",2890,7405
0,"no_caste_weighted",2891,2139
0,"no_caste_weighted",2892,3822
0,"no_caste_weighted",2893,12240
0,"no_caste_weighted",2894,6590
0,"no_caste_weighted",2895,12657
0,"no_caste_weighted",2896,874
0,"no_caste_weighted",2897,9682
0,"no_caste_weighted",2898,10190
0,"no_caste_weighted",2899,7518
0,"no_caste_weighted",2900,10104
0,"no_caste_weighted",2901,3708
0,"no_caste_weighted",2902,8477
0,"no_caste_weighted",2903,1696
0,"no_caste_weighted",2904,10106
0,"no_caste_weighted",2905,7126
0,"no_caste_weighted",2906,857
0,"no_caste_weighted",2907,5697
0,"no_caste_weighted",2908,13486
0,"no_caste_weighted",2909,4360
0,"no_caste_weighted",2910,7572
0,"no_caste_weighted",2911,3375
0,"no_caste_weighted",2912,2335
0,"no_caste_weighted",2913,7883
0,"no_caste_weighted",2914,8943
0,"no_caste_weighted",2915,12367
0,"no_caste_weighted",2916,1900
0,"no_caste_weighted",2917,1082
0,"no_caste_weighted",2918,9745
0,"no_caste_weighted",2919,8334
0,"no_caste_weighted",2920,4107
0,"no_caste_weighted",2921,7270
0,"no_caste_weighted",2922,4487
0,"no_caste_weighted",2923,8861
0,"no_caste_weighted",2924,3852
0,"no_caste_weighted",2925,9409
0,"no_caste_weighted",2926,12802
0,"no_caste_weighted",2927,2161
0,"no_caste_weighted",2928,197
0,"no_caste_weighted",2929,209
0,"no_caste_weighted",2930,5451
0,"no_caste_weighted",2931,11514
0,"no_caste_weighted",2932,2821
0,"no_caste_weighted",2933,8452
0,"no_caste_weighted",2934,1229
0,"no_caste_weighted",2935,9654
0,"no_caste_weighted",2936,6710
0,"no_caste_weighted",2937,1999
0,"no_caste_weighted",2938,8430
0,"no_caste_weighted",2939,10271
0,"no_caste_weighted",2940,10121
0,"no_caste_weighted",2941,12265
0,"no_caste_weighted",2942,7854
0,"no_caste_weighted",2943,3138
0,"no_caste_weighted",2944,12412
0,"no_caste_weighted",2945,1408
0,"no_caste_weighted",2946,9154
0,"no_caste_weighted",2947,11233
0,"no_caste_weighted",2948,14001
0,"no_caste_weighted",2949,13395
0,"no_caste_weighted",2950,2405
0,"no_caste_weighted",2951,5561
0,"no_caste_weighted",2952,13592
0,"no_caste_weighted",2953,2547
0,"no_caste_weighted",2954,11816
0,"no_caste_weighted",2955,5410
0,"no_caste_weighted",2956,4011
0,"no_caste_weighted",2957,1500
0,"no_caste_weighted",2958,5707
0,"no_caste_weighted",2959,6943
0,"no_caste_weighted",2960,7171
0,"no_caste_weighted",2961,12047
0,"no_caste_weighted",2962,6362
0,"no_caste_weighted",2963,6805
0,"no_caste_weighted",2964,948
0,"no_caste_weighted",2965,12702
0,"no_caste_weighted",2966,9814
0,"no_caste_weighted",2967,12876
0,"no_caste_weighted",2968,2015
0,"no_caste_weighted",2969,9987
0,"no_caste_weighted",2970,8769
0,"no_caste_weighted",2971,7383
0,"no_caste_weighted",2972,5327
0,"no_caste_weighted",2973,8031
0,"no_caste_weighted",2974,9602
0,"no_caste_weighted",2975,7470
0,"no_caste_weighted",2976,9125
0,"no_caste_weighted",2977,12963
0,"no_caste_weighted",2978,12039
0,"no_caste_weighted",2979,13602
0,"no_caste_weighted",2980,8071
0,"no_caste_weighted",2981,12237
0,"no_caste_weighted",2982,9764
0,"no_caste_weighted",2983,828
0,"no_caste_weighted",2984,10949
0,"no_caste_weighted",2985,11587
0,"no_caste_weighted",2986,1970
0,"no_caste_weighted",2987,11290
0,"no_caste_weighted",2988,9348
0,"no_caste_weighted",2989,3910
0,"no_caste_weighted",2990,6809
0,"no_caste_weighted",2991,12451
0,"no_caste_weighted",2992,1240
0,"no_caste_weighted",2993,13769
0,"no_caste_weighted",2994,4529
0,"no_caste_weighted",2995,3578
0,"no_caste_weighted",2996,4076
0,"no_caste_weighted",2997,4010
0,"no_caste_weighted",2998,4911
0,"no_caste_weighted",2999,6088
0,"no_caste_weighted",3000,12767
0,"no_caste_weighted",3001,10033
0,"no_caste_weighted",3002,3321
0,"no_caste_weighted",3003,7242
0,"no_caste_weighted",3004,11542
0,"no_caste_weighted",3005,6720
0,"no_caste_weighted",3006,7578
0,"no_caste_weighted",3007,8441
0,"no_caste_weighted",3008,10814
0,"no_caste_weighted",3009,9338
0,"no_caste_weighted",3010,9042
0,"no_caste_weighted",3011,1549
0,"no_caste_weighted",3012,23
0,"no_caste_weighted",3013,4219
0,"no_caste_weighted",3014,12193
0,"no_caste_weighted",3015,11344
0,"no_caste_weighted",3016,3105
0,"no_caste_weighted",3017,5230
0,"no_caste_weighted",3018,11122
0,"no_caste_weighted",3019,9196
0,"no_caste_weighted",3020,5977
0,"no_caste_weighted",3021,11671
0,"no_caste_weighted",3022,9937
0,"no_caste_weighted",3023,9756
0,"no_caste_weighted",3024,13807
0,"no_caste_weighted",3025,11761
0,"no_caste_weighted",3026,1281
0,"no_caste_weighted",3027,95
0,"no_caste_weighted",3028,3564
0,"no_caste_weighted",3029,1956
0,"no_caste_weighted",3030,7584
0,"no_caste_weighted",3031,4423
0,"no_caste_weighted",3032,11041
0,"no_caste_weighted",3033,11413
0,"no_caste_weighted",3034,4523
0,"no_caste_weighted",3035,1847
0,"no_caste_weighted",3036,121
0,"no_caste_weighted",3037,3597
0,"no_caste_weighted",3038,4570
0,"no_caste_weighted",3039,8295
0,"no_caste_weighted",3040,12070
0,"no_caste_weighted",3041,2893
0,"no_caste_weighted",3042,1737
0,"no_caste_weighted",3043,11148
0,"no_caste_weighted",3044,13835
0,"no_caste_weighted",3045,11781
0,"no_caste_weighted",3046,5154
0,"no_caste_weighted",3047,10877
0,"no_caste_weighted",3048,14139
0,"no_caste_weighted",3049,9831
0,"no_caste_weighted",3050,7936
0,"no_caste_weighted",3051,10037
0,"no_caste_weighted",3052,14141
0,"no_caste_weighted",3053,942
0,"no_caste_weighted",3054,11832
0,"no_caste_weighted",3055,2679
0,"no_caste_weighted",3056,1759
0,"no_caste_weighted",3057,3313
0,"no_caste_weighted",3058,1816
0,"no_caste_weighted",3059,4200
0,"no_caste_weighted",3060,3046
0,"no_caste_weighted",3061,4926
0,"no_caste_weighted",3062,8892
0,"no_caste_weighted",3063,10059
0,"no_caste_weighted",3064,5896
0,"no_caste_weighted",3065,5370
0,"no_caste_weighted",3066,2718
0,"no_caste_weighted",3067,3788
0,"no_caste_weighted",3068,7885
0,"no_caste_weighted",3069,6096
0,"no_caste_weighted",3070,6502
0,"no_caste_weighted",3071,11001
0,"no_caste_weighted",3072,6117
0,"no_caste_weighted",3073,8710
0,"no_caste_weighted",3074,5777
0,"no_caste_weighted",3075,6507
0,"no_caste_weighted",3076,10479
0,"no_caste_weighted",3077,5181
0,"no_caste_weighted",3078,583
0,"no_caste_weighted",3079,13998
0,"no_caste_weighted",3080,13976
0,"no_caste_weighted",3081,6196
0,"no_caste_weighted",3082,9059
0,"no_caste_weighted",3083,4983
0,"no_caste_weighted",3084,11603
0,"no_caste_weighted",3085,6622
0,"no_caste_weighted",3086,9464
0,"no_caste_weighted",3087,6052
0,"no_caste_weighted",3088,13485
0,"no_caste_weighted",3089,470
0,"no_caste_weighted",3090,2490
0,"no_caste_weighted",3091,847
0,"no_caste_weighted",3092,8644
0,"no_caste_weighted",3093,3391
0,"no_caste_weighted",3094,11409
0,"no_caste_weighted",3095,13882
0,"no_caste_weighted",3096,7292
0,"no_caste_weighted",3097,8656
0,"no_caste_weighted",3098,366
0,"no_caste_weighted",3099,2864
0,"no_caste_weighted",3100,5883
0,"no_caste_weighted",3101,661
0,"no_caste_weighted",3102,11722
0,"no_caste_weighted",3103,12719
0,"no_caste_weighted",3104,7955
0,"no_caste_weighted",3105,6011
0,"no_caste_weighted",3106,12282
0,"no_caste_weighted",3107,6913
0,"no_caste_weighted",3108,7489
0,"no_caste_weighted",3109,11273
0,"no_caste_weighted",3110,6339
0,"no_caste_weighted",3111,3063
0,"no_caste_weighted",3112,2352
0,"no_caste_weighted",3113,13330
0,"no_caste_weighted",3114,12383
0,"no_caste_weighted",3115,7434
0,"no_caste_weighted",3116,7777
0,"no_caste_weighted",3117,5634
0,"no_caste_weighted",3118,4737
0,"no_caste_weighted",3119,12057
0,"no_caste_weighted",3120,6906
0,"no_caste_weighted",3121,1531
0,"no_caste_weighted",3122,3347
0,"no_caste_weighted",3123,358
0,"no_caste_weighted",3124,13682
0,"no_caste_weighted",3125,694
0,"no_caste_weighted",3126,136
0,"no_caste_weighted",3127,7594
0,"no_caste_weighted",3128,2657
0,"no_caste_weighted",3129,13548
0,"no_caste_weighted",3130,12928
0,"no_caste_weighted",3131,13913
0,"no_caste_weighted",3132,6814
0,"no_caste_weighted",3133,2253
0,"no_caste_weighted",3134,13911
0,"no_caste_weighted",3135,6806
0,"no_caste_weighted",3136,8159
0,"no_caste_weighted",3137,10535
0,"no_caste_weighted",3138,7545
0,"no_caste_weighted",3139,11813
0,"no_caste_weighted",3140,10433
0,"no_caste_weighted",3141,11658
0,"no_caste_weighted",3142,1091
0,"no_caste_weighted",3143,3540
0,"no_caste_weighted",3144,6846
0,"no_caste_weighted",3145,3100
0,"no_caste_weighted",3146,7780
0,"no_caste_weighted",3147,10095
0,"no_caste_weighted",3148,7111
0,"no_caste_weighted",3149,11506
0,"no_caste_weighted",3150,7467
0,"no_caste_weighted",3151,7430
0,"no_caste_weighted",3152,12356
0,"no_caste_weighted",3153,127
0,"no_caste_weighted",3154,5119
0,"no_caste_weighted",3155,2048
0,"no_caste_weighted",3156,8397
0,"no_caste_weighted",3157,5014
0,"no_caste_weighted",3158,3198
0,"no_caste_weighted",3159,9216
0,"no_caste_weighted",3160,9725
0,"no_caste_weighted",3161,3510
0,"no_caste_weighted",3162,6357
0,"no_caste_weighted",3163,1125
0,"no_caste_weighted",3164,5343
0,"no_caste_weighted",3165,1227
0,"no_caste_weighted",3166,7501
0,"no_caste_weighted",3167,9360
0,"no_caste_weighted",3168,11960
0,"no_caste_weighted",3169,3330
0,"no_caste_weighted",3170,12063
0,"no_caste_weighted",3171,6582
0,"no_caste_weighted",3172,4862
0,"no_caste_weighted",3173,11997
0,"no_caste_weighted",3174,2282
0,"no_caste_weighted",3175,8857
0,"no_caste_weighted",3176,3144
0,"no_caste_weighted",3177,12654
0,"no_caste_weighted",3178,13127
0,"no_caste_weighted",3179,3887
0,"no_caste_weighted",3180,5408
0,"no_caste_weighted",3181,8591
0,"no_caste_weighted",3182,10232
0,"no_caste_weighted",3183,223
0,"no_caste_weighted",3184,13451
0,"no_caste_weighted",3185,4997
0,"no_caste_weighted",3186,3856
0,"no_caste_weighted",3187,1702
0,"no_caste_weighted",3188,1035
0,"no_caste_weighted",3189,1743
0,"no_caste_weighted",3190,7637
0,"no_caste_weighted",3191,5377
0,"no_caste_weighted",3192,4802
0,"no_caste_weighted",3193,608
0,"no_caste_weighted",3194,9574
0,"no_caste_weighted",3195,10543
0,"no_caste_weighted",3196,2125
0,"no_caste_weighted",3197,7741
0,"no_caste_weighted",3198,12009
0,"no_caste_weighted",3199,484
0,"no_caste_weighted",3200,7888
0,"no_caste_weighted",3201,12174
0,"no_caste_weighted",3202,3188
0,"no_caste_weighted",3203,2222
0,"no_caste_weighted",3204,12955
0,"no_caste_weighted",3205,1230
0,"no_caste_weighted",3206,11034
0,"no_caste_weighted",3207,9441
0,"no_caste_weighted",3208,2601
0,"no_caste_weighted",3209,13279
0,"no_caste_weighted",3210,10815
0,"no_caste_weighted",3211,10188
0,"no_caste_weighted",3212,7590
0,"no_caste_weighted",3213,809
0,"no_caste_weighted",3214,12866
0,"no_caste_weighted",3215,3815
0,"no_caste_weighted",3216,11620
0,"no_caste_weighted",3217,9652
0,"no_caste_weighted",3218,1099
0,"no_caste_weighted",3219,13880
0,"no_caste_weighted",3220,662
0,"no_caste_weighted",3221,12209
0,"no_caste_weighted",3222,13231
0,"no_caste_weighted",3223,12212
0,"no_caste_weighted",3224,10995
0,"no_caste_weighted",3225,485
0,"no_caste_weighted",3226,9677
0,"no_caste_weighted",3227,10131
0,"no_caste_weighted",3228,7066
0,"no_caste_weighted",3229,4336
0,"no_caste_weighted",3230,7122
0,"no_caste_weighted",3231,10941
0,"no_caste_weighted",3232,8077
0,"no_caste_weighted",3233,2364
0,"no_caste_weighted",3234,4867
0,"no_caste_weighted",3235,7868
0,"no_caste_weighted",3236,14084
0,"no_caste_weighted",3237,9373
0,"no_caste_weighted",3238,5884
0,"no_caste_weighted",3239,8922
0,"no_caste_weighted",3240,9165
0,"no_caste_weighted",3241,7833
0,"no_caste_weighted",3242,5389
0,"no_caste_weighted",3243,883
0,"no_caste_weighted",3244,5822
0,"no_caste_weighted",3245,9168
0,"no_caste_weighted",3246,1489
0,"no_caste_weighted",3247,5608
0,"no_caste_weighted",3248,3069
0,"no_caste_weighted",3249,1202
0,"no_caste_weighted",3250,14011
0,"no_caste_weighted",3251,1990
0,"no_caste_weighted",3252,11099
0,"no_caste_weighted",3253,6705
0,"no_caste_weighted",3254,9033
0,"no_caste_weighted",3255,7296
0,"no_caste_weighted",3256,11886
0,"no_caste_weighted",3257,2918
0,"no_caste_weighted",3258,6776
0,"no_caste_weighted",3259,9942
0,"no_caste_weighted",3260,334
0,"no_caste_weighted",3261,13255
0,"no_caste_weighted",3262,8953
0,"no_caste_weighted",3263,69
0,"no_caste_weighted",3264,10136
0,"no_caste_weighted",3265,2117
0,"no_caste_weighted",3266,6222
0,"no_caste_weighted",3267,11713
0,"no_caste_weighted",3268,12394
0,"no_caste_weighted",3269,5341
0,"no_caste_weighted",3270,10538
0,"no_caste_weighted",3271,11261
0,"no_caste_weighted",3272,338
0,"no_caste_weighted",3273,12224
0,"no_caste_weighted",3274,5023
0,"no_caste_weighted",3275,2305
0,"no_caste_weighted",3276,9656
0,"no_caste_weighted",3277,6160
0,"no_caste_weighted",3278,10914
0,"no_caste_weighted",3279,13562
0,"no_caste_weighted",3280,3688
0,"no_caste_weighted",3281,39
0,"no_caste_weighted",3282,3779
0,"no_caste_weighted",3283,12405
0,"no_caste_weighted",3284,4576
0,"no_caste_weighted",3285,3371
0,"no_caste_weighted",3286,819
0,"no_caste_weighted",3287,3891
0,"no_caste_weighted",3288,13743
0,"no_caste_weighted",3289,7114
0,"no_caste_weighted",3290,5019
0,"no_caste_weighted",3291,1923
0,"no_caste_weighted",3292,4348
0,"no_caste_weighted",3293,9739
0,"no_caste_weighted",3294,13671
0,"no_caste_weighted",3295,9591
0,"no_caste_weighted",3296,11462
0,"no_caste_weighted",3297,6666
0,"no_caste_weighted",3298,5599
0,"no_caste_weighted",3299,5993
0,"no_caste_weighted",3300,12
0,"no_caste_weighted",3301,5937
0,"no_caste_weighted",3302,2210
0,"no_caste_weighted",3303,7943
0,"no_caste_weighted",3304,11857
0,"no_caste_weighted",3305,602
0,"no_caste_weighted",3306,12809
0,"no_caste_weighted",3307,4297
0,"no_caste_weighted",3308,13372
0,"no_caste_weighted",3309,10715
0,"no_caste_weighted",3310,7598
0,"no_caste_weighted",3311,8886
0,"no_caste_weighted",3312,11553
0,"no_caste_weighted",3313,6631
0,"no_caste_weighted",3314,10048
0,"no_caste_weighted",3315,13831
0,"no_caste_weighted",3316,2176
0,"no_caste_weighted",3317,6387
0,"no_caste_weighted",3318,1653
0,"no_caste_weighted",3319,52
0,"no_caste_weighted",3320,7783
0,"no_caste_weighted",3321,1487
0,"no_caste_weighted",3322,4587
0,"no_caste_weighted",3323,9833
0,"no_caste_weighted",3324,10115
0,"no_caste_weighted",3325,12016
0,"no_caste_weighted",3326,11891
0,"no_caste_weighted",3327,3353
0,"no_caste_weighted",3328,11675
0,"no_caste_weighted",3329,11140
0,"no_caste_weighted",3330,3057
0,"no_caste_weighted",3331,5790
0,"no_caste_weighted",3332,6474
0,"no_caste_weighted",3333,3300
0,"no_caste_weighted",3334,9394
0,"no_caste_weighted",3335,10652
0,"no_caste_weighted",3336,6964
0,"no_caste_weighted",3337,8233
0,"no_caste_weighted",3338,668
0,"no_caste_weighted",3339,10430
0,"no_caste_weighted",3340,2964
0,"no_caste_weighted",3341,9136
0,"no_caste_weighted",3342,2193
0,"no_caste_weighted",3343,9681
0,"no_caste_weighted",3344,5754
0,"no_caste_weighted",3345,8385
0,"no_caste_weighted",3346,11668
0,"no_caste_weighted",3347,11109
0,"no_caste_weighted",3348,2147
0,"no_caste_weighted",3349,14016
0,"no_caste_weighted",3350,1610
0,"no_caste_weighted",3351,10354
0,"no_caste_weighted",3352,1623
0,"no_caste_weighted",3353,3671
0,"no_caste_weighted",3354,6074
0,"no_caste_weighted",3355,3825
0,"no_caste_weighted",3356,5494
0,"no_caste_weighted",3357,11759
0,"no_caste_weighted",3358,4746
0,"no_caste_weighted",3359,11915
0,"no_caste_weighted",3360,7503
0,"no_caste_weighted",3361,1078
0,"no_caste_weighted",3362,8451
0,"no_caste_weighted",3363,10351
0,"no_caste_weighted",3364,3968
0,"no_caste_weighted",3365,4847
0,"no_caste_weighted",3366,8256
0,"no_caste_weighted",3367,11067
0,"no_caste_weighted",3368,12891
0,"no_caste_weighted",3369,8677
0,"no_caste_weighted",3370,4315
0,"no_caste_weighted",3371,13178
0,"no_caste_weighted",3372,1146
0,"no_caste_weighted",3373,2597
0,"no_caste_weighted",3374,11094
0,"no_caste_weighted",3375,1846
0,"no_caste_weighted",3376,2100
0,"no_caste_weighted",3377,3768
0,"no_caste_weighted",3378,5271
0,"no_caste_weighted",3379,12921
0,"no_caste_weighted",3380,9258
0,"no_caste_weighted",3381,5867
0,"no_caste_weighted",3382,2603
0,"no_caste_weighted",3383,11230
0,"no_caste_weighted",3384,12327
0,"no_caste_weighted",3385,6338
0,"no_caste_weighted",3386,6278
0,"no_caste_weighted",3387,616
0,"no_caste_weighted",3388,81
0,"no_caste_weighted",3389,11964
0,"no_caste_weighted",3390,6491
0,"no_caste_weighted",3391,12137
0,"no_caste_weighted",3392,10911
0,"no_caste_weighted",3393,5108
0,"no_caste_weighted",3394,9152
0,"no_caste_weighted",3395,5904
0,"no_caste_weighted",3396,12778
0,"no_caste_weighted",3397,9243
0,"no_caste_weighted",3398,984
0,"no_caste_weighted",3399,13586
0,"no_caste_weighted",3400,9520
0,"no_caste_weighted",3401,12371
0,"no_caste_weighted",3402,10540
0,"no_caste_weighted",3403,9513
0,"no_caste_weighted",3404,3438
0,"no_caste_weighted",3405,11364
0,"no_caste_weighted",3406,1714
0,"no_caste_weighted",3407,12335
0,"no_caste_weighted",3408,2623
0,"no_caste_weighted",3409,8803
0,"no_caste_weighted",3410,8466
0,"no_caste_weighted",3411,4406
0,"no_caste_weighted",3412,907
0,"no_caste_weighted",3413,7813
0,"no_caste_weighted",3414,12215
0,"no_caste_weighted",3415,2797
0,"no_caste_weighted",3416,3835
0,"no_caste_weighted",3417,10801
0,"no_caste_weighted",3418,2459
0,"no_caste_weighted",3419,4977
0,"no_caste_weighted",3420,7781
0,"no_caste_weighted",3421,2872
0,"no_caste_weighted",3422,3163
0,"no_caste_weighted",3423,4920
0,"no_caste_weighted",3424,13707
0,"no_caste_weighted",3425,909
0,"no_caste_weighted",3426,10692
0,"no_caste_weighted",3427,13868
0,"no_caste_weighted",3428,12004
0,"no_caste_weighted",3429,13898
0,"no_caste_weighted",3430,7774
0,"no_caste_weighted",3431,11208
0,"no_caste_weighted",3432,9301
0,"no_caste_weighted",3433,1730
0,"no_caste_weighted",3434,10748
0,"no_caste_weighted",3435,2949
0,"no_caste_weighted",3436,13793
0,"no_caste_weighted",3437,3765
0,"no_caste_weighted",3438,97
0,"no_caste_weighted",3439,5696
0,"no_caste_weighted",3440,697
0,"no_caste_weighted",3441,1301
0,"no_caste_weighted",3442,4318
0,"no_caste_weighted",3443,13893
0,"no_caste_weighted",3444,7252
0,"no_caste_weighted",3445,6126
0,"no_caste_weighted",3446,3101
0,"no_caste_weighted",3447,1069
0,"no_caste_weighted",3448,4619
0,"no_caste_weighted",3449,8602
0,"no_caste_weighted",3450,13474
0,"no_caste_weighted",3451,13157
0,"no_caste_weighted",3452,3933
0,"no_caste_weighted",3453,12583
0,"no_caste_weighted",3454,5699
0,"no_caste_weighted",3455,11815
0,"no_caste_weighted",3456,14100
0,"no_caste_weighted",3457,7071
0,"no_caste_weighted",3458,2573
0,"no_caste_weighted",3459,4590
0,"no_caste_weighted",3460,5547
0,"no_caste_weighted",3461,1502
0,"no_caste_weighted",3462,11929
0,"no_caste_weighted",3463,260
0,"no_caste_weighted",3464,1436
0,"no_caste_weighted",3465,6987
0,"no_caste_weighted",3466,8845
0,"no_caste_weighted",3467,8869
0,"no_caste_weighted",3468,9017
0,"no_caste_weighted",3469,11651
0,"no_caste_weighted",3470,2506
0,"no_caste_weighted",3471,12206
0,"no_caste_weighted",3472,7233
0,"no_caste_weighted",3473,5100
0,"no_caste_weighted",3474,7791
0,"no_caste_weighted",3475,8292
0,"no_caste_weighted",3476,4789
0,"no_caste_weighted",3477,11887
0,"no_caste_weighted",3478,6779
0,"no_caste_weighted",3479,2276
0,"no_caste_weighted",3480,11565
0,"no_caste_weighted",3481,14169
0,"no_caste_weighted",3482,7803
0,"no_caste_weighted",3483,12625
0,"no_caste_weighted",3484,8502
0,"no_caste_weighted",3485,1993
0,"no_caste_weighted",3486,3255
0,"no_caste_weighted",3487,2268
0,"no_caste_weighted",3488,4593
0,"no_caste_weighted",3489,328
0,"no_caste_weighted",3490,10855
0,"no_caste_weighted",3491,2141
0,"no_caste_weighted",3492,12596
0,"no_caste_weighted",3493,11618
0,"no_caste_weighted",3494,4081
0,"no_caste_weighted",3495,7379
0,"no_caste_weighted",3496,1257
0,"no_caste_weighted",3497,2378
0,"no_caste_weighted",3498,5731
0,"no_caste_weighted",3499,3
0,"no_caste_weighted",3500,7142
0,"no_caste_weighted",3501,3681
0,"no_caste_weighted",3502,6786
0,"no_caste_weighted",3503,7809
0,"no_caste_weighted",3504,8669
0,"no_caste_weighted",3505,7196
0,"no_caste_weighted",3506,5048
0,"no_caste_weighted",3507,9038
0,"no_caste_weighted",3508,5657
0,"no_caste_weighted",3509,4791
0,"no_caste_weighted",3510,13547
0,"no_caste_weighted",3511,1551
0,"no_caste_weighted",3512,7725
0,"no_caste_weighted",3513,10240
0,"no_caste_weighted",3514,11056
0,"no_caste_weighted",3515,12812
0,"no_caste_weighted",3516,8723
0,"no_caste_weighted",3517,9765
0,"no_caste_weighted",3518,4558
0,"no_caste_weighted",3519,4520
0,"no_caste_weighted",3520,1735
0,"no_caste_weighted",3521,3425
0,"no_caste_weighted",3522,11042
0,"no_caste_weighted",3523,9294
0,"no_caste_weighted",3524,11927
0,"no_caste_weighted",3525,11095
0,"no_caste_weighted",3526,13366
0,"no_caste_weighted",3527,543
0,"no_caste_weighted",3528,3487
0,"no_caste_weighted",3529,5633
0,"no_caste_weighted",3530,8834
0,"no_caste_weighted",3531,8583
0,"no_caste_weighted",3532,3695
0,"no_caste_weighted",3533,4016
0,"no_caste_weighted",3534,12741
0,"no_caste_weighted",3535,9954
0,"no_caste_weighted",3536,11614
0,"no_caste_weighted",3537,3730
0,"no_caste_weighted",3538,3265
0,"no_caste_weighted",3539,13993
0,"no_caste_weighted",3540,9468
0,"no_caste_weighted",3541,8113
0,"no_caste_weighted",3542,263
0,"no_caste_weighted",3543,779
0,"no_caste_weighted",3544,3264
0,"no_caste_weighted",3545,7805
0,"no_caste_weighted",3546,5369
0,"no_caste_weighted",3547,8550
0,"no_caste_weighted",3548,3076
0,"no_caste_weighted",3549,6804
0,"no_caste_weighted",3550,6443
0,"no_caste_weighted",3551,3382
0,"no_caste_weighted",3552,12306
0,"no_caste_weighted",3553,2136
0,"no_caste_weighted",3554,10329
0,"no_caste_weighted",3555,7157
0,"no_caste_weighted",3556,13872
0,"no_caste_weighted",3557,4563
0,"no_caste_weighted",3558,1670
0,"no_caste_weighted",3559,13805
0,"no_caste_weighted",3560,7949
0,"no_caste_weighted",3561,11287
0,"no_caste_weighted",3562,5398
0,"no_caste_weighted",3563,11594
0,"no_caste_weighted",3564,906
0,"no_caste_weighted",3565,5570
0,"no_caste_weighted",3566,8969
0,"no_caste_weighted",3567,3838
0,"no_caste_weighted",3568,4610
0,"no_caste_weighted",3569,11247
0,"no_caste_weighted",3570,1958
0,"no_caste_weighted",3571,4538
0,"no_caste_weighted",3572,2126
0,"no_caste_weighted",3573,10076
0,"no_caste_weighted",3574,4303
0,"no_caste_weighted",3575,9896
0,"no_caste_weighted",3576,12256
0,"no_caste_weighted",3577,9120
0,"no_caste_weighted",3578,3591
0,"no_caste_weighted",3579,11483
0,"no_caste_weighted",3580,1493
0,"no_caste_weighted",3581,11775
0,"no_caste_weighted",3582,1535
0,"no_caste_weighted",3583,9635
0,"no_caste_weighted",3584,11877
0,"no_caste_weighted",3585,11802
0,"no_caste_weighted",3586,1557
0,"no_caste_weighted",3587,564
0,"no_caste_weighted",3588,10885
0,"no_caste_weighted",3589,958
0,"no_caste_weighted",3590,5113
0,"no_caste_weighted",3591,13827
0,"no_caste_weighted",3592,9922
0,"no_caste_weighted",3593,7460
0,"no_caste_weighted",3594,12369
0,"no_caste_weighted",3595,10657
0,"no_caste_weighted",3596,6968
0,"no_caste_weighted",3597,7971
0,"no_caste_weighted",3598,9176
0,"no_caste_weighted",3599,7069
0,"no_caste_weighted",3600,4105
0,"no_caste_weighted",3601,1006
0,"no_caste_weighted",3602,3945
0,"no_caste_weighted",3603,11798
0,"no_caste_weighted",3604,3751
0,"no_caste_weighted",3605,1687
0,"no_caste_weighted",3606,486
0,"no_caste_weighted",3607,5402
0,"no_caste_weighted",3608,4165
0,"no_caste_weighted",3609,6037
0,"no_caste_weighted",3610,8493
0,"no_caste_weighted",3611,5211
0,"no_caste_weighted",3612,937
0,"no_caste_weighted",3613,4015
0,"no_caste_weighted",3614,4080
0,"no_caste_weighted",3615,8681
0,"no_caste_weighted",3616,3455
0,"no_caste_weighted",3617,10197
0,"no_caste_weighted",3618,6078
0,"no_caste_weighted",3619,10874
0,"no_caste_weighted",3620,3983
0,"no_caste_weighted",3621,3812
0,"no_caste_weighted",3622,7524
0,"no_caste_weighted",3623,11607
0,"no_caste_weighted",3624,10257
0,"no_caste_weighted",3625,8049
0,"no_caste_weighted",3626,10684
0,"no_caste_weighted",3627,4828
0,"no_caste_weighted",3628,6891
0,"no_caste_weighted",3629,3376
0,"no_caste_weighted",3630,10485
0,"no_caste_weighted",3631,9130
0,"no_caste_weighted",3632,3617
0,"no_caste_weighted",3633,998
0,"no_caste_weighted",3634,2552
0,"no_caste_weighted",3635,2113
0,"no_caste_weighted",3636,12003
0,"no_caste_weighted",3637,5310
0,"no_caste_weighted",3638,7452
0,"no_caste_weighted",3639,3664
0,"no_caste_weighted",3640,4108
0,"no_caste_weighted",3641,2676
0,"no_caste_weighted",3642,540
0,"no_caste_weighted",3643,2710
0,"no_caste_weighted",3644,4472
0,"no_caste_weighted",3645,3368
0,"no_caste_weighted",3646,4027
0,"no_caste_weighted",3647,8150
0,"no_caste_weighted",3648,10749
0,"no_caste_weighted",3649,5314
0,"no_caste_weighted",3650,6134
0,"no_caste_weighted",3651,10213
0,"no_caste_weighted",3652,4660
0,"no_caste_weighted",3653,2122
0,"no_caste_weighted",3654,859
0,"no_caste_weighted",3655,11330
0,"no_caste_weighted",3656,7284
0,"no_caste_weighted",3657,3218
0,"no_caste_weighted",3658,9886
0,"no_caste_weighted",3659,11143
0,"no_caste_weighted",3660,884
0,"no_caste_weighted",3661,7278
0,"no_caste_weighted",3662,5346
0,"no_caste_weighted",3663,3079
0,"no_caste_weighted",3664,10945
0,"no_caste_weighted",3665,13459
0,"no_caste_weighted",3666,5012
0,"no_caste_weighted",3667,9147
0,"no_caste_weighted",3668,1570
0,"no_caste_weighted",3669,12701
0,"no_caste_weighted",3670,10598
0,"no_caste_weighted",3671,8048
0,"no_caste_weighted",3672,3295
0,"no_caste_weighted",3673,6347
0,"no_caste_weighted",3674,3816
0,"no_caste_weighted",3675,11025
0,"no_caste_weighted",3676,8155
0,"no_caste_weighted",3677,8879
0,"no_caste_weighted",3678,11016
0,"no_caste_weighted",3679,5900
0,"no_caste_weighted",3680,7634
0,"no_caste_weighted",3681,3492
0,"no_caste_weighted",3682,4260
0,"no_caste_weighted",3683,7529
0,"no_caste_weighted",3684,10958
0,"no_caste_weighted",3685,9272
0,"no_caste_weighted",3686,9349
0,"no_caste_weighted",3687,1051
0,"no_caste_weighted",3688,11282
0,"no_caste_weighted",3689,1327
0,"no_caste_weighted",3690,4613
0,"no_caste_weighted",3691,4490
0,"no_caste_weighted",3692,1085
0,"no_caste_weighted",3693,7793
0,"no_caste_weighted",3694,1717
0,"no_caste_weighted",3695,10890
0,"no_caste_weighted",3696,5375
0,"no_caste_weighted",3697,5141
0,"no_caste_weighted",3698,5961
0,"no_caste_weighted",3699,5368
0,"no_caste_weighted",3700,10932
0,"no_caste_weighted",3701,367
0,"no_caste_weighted",3702,11276
0,"no_caste_weighted",3703,11355
0,"no_caste_weighted",3704,14073
0,"no_caste_weighted",3705,13803
0,"no_caste_weighted",3706,614
0,"no_caste_weighted",3707,13469
0,"no_caste_weighted",3708,4300
0,"no_caste_weighted",3709,946
0,"no_caste_weighted",3710,14017
0,"no_caste_weighted",3711,9462
0,"no_caste_weighted",3712,11559
0,"no_caste_weighted",3713,5361
0,"no_caste_weighted",3714,5221
0,"no_caste_weighted",3715,10144
0,"no_caste_weighted",3716,4453
0,"no_caste_weighted",3717,2564
0,"no_caste_weighted",3718,4575
0,"no_caste_weighted",3719,4568
0,"no_caste_weighted",3720,10674
0,"no_caste_weighted",3721,14142
0,"no_caste_weighted",3722,1808
0,"no_caste_weighted",3723,10675
0,"no_caste_weighted",3724,11479
0,"no_caste_weighted",3725,13512
0,"no_caste_weighted",3726,10568
0,"no_caste_weighted",3727,9492
0,"no_caste_weighted",3728,9431
0,"no_caste_weighted",3729,3579
0,"no_caste_weighted",3730,5041
0,"no_caste_weighted",3731,8868
0,"no_caste_weighted",3732,3607
0,"no_caste_weighted",3733,13972
0,"no_caste_weighted",3734,5103
0,"no_caste_weighted",3735,8413
0,"no_caste_weighted",3736,11429
0,"no_caste_weighted",3737,3715
0,"no_caste_weighted",3738,11232
0,"no_caste_weighted",3739,12368
0,"no_caste_weighted",3740,388
0,"no_caste_weighted",3741,10728
0,"no_caste_weighted",3742,1539
0,"no_caste_weighted",3743,4044
0,"no_caste_weighted",3744,13577
0,"no_caste_weighted",3745,2509
0,"no_caste_weighted",3746,9750
0,"no_caste_weighted",3747,13024
0,"no_caste_weighted",3748,10375
0,"no_caste_weighted",3749,2512
0,"no_caste_weighted",3750,4296
0,"no_caste_weighted",3751,7771
0,"no_caste_weighted",3752,8103
0,"no_caste_weighted",3753,13628
0,"no_caste_weighted",3754,7986
0,"no_caste_weighted",3755,1026
0,"no_caste_weighted",3756,14114
0,"no_caste_weighted",3757,10084
0,"no_caste_weighted",3758,10884
0,"no_caste_weighted",3759,8415
0,"no_caste_weighted",3760,9973
0,"no_caste_weighted",3761,3050
0,"no_caste_weighted",3762,4581
0,"no_caste_weighted",3763,10726
0,"no_caste_weighted",3764,3513
0,"no_caste_weighted",3765,12790
0,"no_caste_weighted",3766,2978
0,"no_caste_weighted",3767,2030
0,"no_caste_weighted",3768,12914
0,"no_caste_weighted",3769,2683
0,"no_caste_weighted",3770,12228
0,"no_caste_weighted",3771,10195
0,"no_caste_weighted",3772,1624
0,"no_caste_weighted",3773,12588
0,"no_caste_weighted",3774,8647
0,"no_caste_weighted",3775,2377
0,"no_caste_weighted",3776,8714
0,"no_caste_weighted",3777,7237
0,"no_caste_weighted",3778,11366
0,"no_caste_weighted",3779,11501
0,"no_caste_weighted",3780,198
0,"no_caste_weighted",3781,11509
0,"no_caste_weighted",3782,6693
0,"no_caste_weighted",3783,11664
0,"no_caste_weighted",3784,11791
0,"no_caste_weighted",3785,5348
0,"no_caste_weighted",3786,4859
0,"no_caste_weighted",3787,6860
0,"no_caste_weighted",3788,6320
0,"no_caste_weighted",3789,6356
0,"no_caste_weighted",3790,1928
0,"no_caste_weighted",3791,8384
0,"no_caste_weighted",3792,8704
0,"no_caste_weighted",3793,6020
0,"no_caste_weighted",3794,12133
0,"no_caste_weighted",3795,341
0,"no_caste_weighted",3796,7831
0,"no_caste_weighted",3797,12579
0,"no_caste_weighted",3798,10733
0,"no_caste_weighted",3799,8341
0,"no_caste_weighted",3800,13216
0,"no_caste_weighted",3801,9972
0,"no_caste_weighted",3802,8923
0,"no_caste_weighted",3803,13513
0,"no_caste_weighted",3804,3077
0,"no_caste_weighted",3805,9933
0,"no_caste_weighted",3806,6722
0,"no_caste_weighted",3807,686
0,"no_caste_weighted",3808,1362
0,"no_caste_weighted",3809,3028
0,"no_caste_weighted",3810,8633
0,"no_caste_weighted",3811,3442
0,"no_caste_weighted",3812,6802
0,"no_caste_weighted",3813,1869
0,"no_caste_weighted",3814,10944
0,"no_caste_weighted",3815,3550
0,"no_caste_weighted",3816,1065
0,"no_caste_weighted",3817,9109
0,"no_caste_weighted",3818,11688
0,"no_caste_weighted",3819,967
0,"no_caste_weighted",3820,13967
0,"no_caste_weighted",3821,2320
0,"no_caste_weighted",3822,6307
0,"no_caste_weighted",3823,3322
0,"no_caste_weighted",3824,8073
0,"no_caste_weighted",3825,4240
0,"no_caste_weighted",3826,12694
0,"no_caste_weighted",3827,2972
0,"no_caste_weighted",3828,4821
0,"no_caste_weighted",3829,9324
0,"no_caste_weighted",3830,9634
0,"no_caste_weighted",3831,10360
0,"no_caste_weighted",3832,10645
0,"no_caste_weighted",3833,10912
0,"no_caste_weighted",3834,7834
0,"no_caste_weighted",3835,10985
0,"no_caste_weighted",3836,18
0,"no_caste_weighted",3837,2213
0,"no_caste_weighted",3838,8576
0,"no_caste_weighted",3839,9296
0,"no_caste_weighted",3840,3830
0,"no_caste_weighted",3841,11574
0,"no_caste_weighted",3842,449
0,"no_caste_weighted",3843,3152
0,"no_caste_weighted",3844,8939
0,"no_caste_weighted",3845,962
0,"no_caste_weighted",3846,5521
0,"no_caste_weighted",3847,10612
0,"no_caste_weighted",3848,13781
0,"no_caste_weighted",3849,4381
0,"no_caste_weighted",3850,6211
0,"no_caste_weighted",3851,10200
0,"no_caste_weighted",3852,8676
0,"no_caste_weighted",3853,11938
0,"no_caste_weighted",3854,8945
0,"no_caste_weighted",3855,872
0,"no_caste_weighted",3856,9488
0,"no_caste_weighted",3857,5015
0,"no_caste_weighted",3858,9988
0,"no_caste_weighted",3859,10879
0,"no_caste_weighted",3860,9834
0,"no_caste_weighted",3861,1997
0,"no_caste_weighted",3862,13840
0,"no_caste_weighted",3863,7063
0,"no_caste_weighted",3864,9971
0,"no_caste_weighted",3865,2596
0,"no_caste_weighted",3866,13653
0,"no_caste_weighted",3867,1209
0,"no_caste_weighted",3868,11284
0,"no_caste_weighted",3869,4775
0,"no_caste_weighted",3870,13373
0,"no_caste_weighted",3871,10745
0,"no_caste_weighted",3872,5142
0,"no_caste_weighted",3873,11427
0,"no_caste_weighted",3874,7953
0,"no_caste_weighted",3875,9057
0,"no_caste_weighted",3876,11161
0,"no_caste_weighted",3877,2834
0,"no_caste_weighted",3878,12591
0,"no_caste_weighted",3879,1565
0,"no_caste_weighted",3880,11677
0,"no_caste_weighted",3881,11992
0,"no_caste_weighted",3882,949
0,"no_caste_weighted",3883,978
0,"no_caste_weighted",3884,7553
0,"no_caste_weighted",3885,9785
0,"no_caste_weighted",3886,6224
0,"no_caste_weighted",3887,11049
0,"no_caste_weighted",3888,8546
0,"no_caste_weighted",3889,4293
0,"no_caste_weighted",3890,11184
0,"no_caste_weighted",3891,2331
0,"no_caste_weighted",3892,13810
0,"no_caste_weighted",3893,4354
0,"no_caste_weighted",3894,225
0,"no_caste_weighted",3895,11592
0,"no_caste_weighted",3896,326
0,"no_caste_weighted",3897,10227
0,"no_caste_weighted",3898,9868
0,"no_caste_weighted",3899,4382
0,"no_caste_weighted",3900,5709
0,"no_caste_weighted",3901,1667
0,"no_caste_weighted",3902,7027
0,"no_caste_weighted",3903,1936
0,"no_caste_weighted",3904,1851
0,"no_caste_weighted",3905,2301
0,"no_caste_weighted",3906,10656
0,"no_caste_weighted",3907,1302
0,"no_caste_weighted",3908,3122
0,"no_caste_weighted",3909,766
0,"no_caste_weighted",3910,3502
0,"no_caste_weighted",3911,2908
0,"no_caste_weighted",3912,9781
0,"no_caste_weighted",3913,3670
0,"no_caste_weighted",3914,1622
0,"no_caste_weighted",3915,2804
0,"no_caste_weighted",3916,12041
0,"no_caste_weighted",3917,7664
0,"no_caste_weighted",3918,7047
0,"no_caste_weighted",3919,11951
0,"no_caste_weighted",3920,6867
0,"no_caste_weighted",3921,14025
0,"no_caste_weighted",3922,13605
0,"no_caste_weighted",3923,8273
0,"no_caste_weighted",3924,11831
0,"no_caste_weighted",3925,170
0,"no_caste_weighted",3926,8806
0,"no_caste_weighted",3927,6492
0,"no_caste_weighted",3928,8545
0,"no_caste_weighted",3929,5574
0,"no_caste_weighted",3930,12160
0,"no_caste_weighted",3931,13802
0,"no_caste_weighted",3932,3780
0,"no_caste_weighted",3933,14113
0,"no_caste_weighted",3934,3137
0,"no_caste_weighted",3935,10683
0,"no_caste_weighted",3936,7636
0,"no_caste_weighted",3937,747
0,"no_caste_weighted",3938,6920
0,"no_caste_weighted",3939,11357
0,"no_caste_weighted",3940,480
0,"no_caste_weighted",3941,5780
0,"no_caste_weighted",3942,6113
0,"no_caste_weighted",3943,13615
0,"no_caste_weighted",3944,10244
0,"no_caste_weighted",3945,9151
0,"no_caste_weighted",3946,8101
0,"no_caste_weighted",3947,12276
0,"no_caste_weighted",3948,7945
0,"no_caste_weighted",3949,3923
0,"no_caste_weighted",3950,9201
0,"no_caste_weighted",3951,5753
0,"no_caste_weighted",3952,5242
0,"no_caste_weighted",3953,2869
0,"no_caste_weighted",3954,7779
0,"no_caste_weighted",3955,5720
0,"no_caste_weighted",3956,1524
0,"no_caste_weighted",3957,4602
0,"no_caste_weighted",3958,7104
0,"no_caste_weighted",3959,5540
0,"no_caste_weighted",3960,13995
0,"no_caste_weighted",3961,2026
0,"no_caste_weighted",3962,5485
0,"no_caste_weighted",3963,40
0,"no_caste_weighted",3964,4712
0,"no_caste_weighted",3965,5661
0,"no_caste_weighted",3966,14143
0,"no_caste_weighted",3967,387
0,"no_caste_weighted",3968,12253
0,"no_caste_weighted",3969,8372
0,"no_caste_weighted",3970,9102
0,"no_caste_weighted",3971,7413
0,"no_caste_weighted",3972,7056
0,"no_caste_weighted",3973,11000
0,"no_caste_weighted",3974,165
0,"no_caste_weighted",3975,431
0,"no_caste_weighted",3976,11211
0,"no_caste_weighted",3977,3110
0,"no_caste_weighted",3978,10424
0,"no_caste_weighted",3979,10183
0,"no_caste_weighted",3980,6262
0,"no_caste_weighted",3981,7825
0,"no_caste_weighted",3982,262
0,"no_caste_weighted",3983,5
0,"no_caste_weighted",3984,7616
0,"no_caste_weighted",3985,5350
0,"no_caste_weighted",3986,876
0,"no_caste_weighted",3987,1699
0,"no_caste_weighted",3988,807
0,"no_caste_weighted",3989,3672
0,"no_caste_weighted",3990,6280
0,"no_caste_weighted",3991,5889
0,"no_caste_weighted",3992,1343
0,"no_caste_weighted",3993,4086
0,"no_caste_weighted",3994,1002
0,"no_caste_weighted",3995,6961
0,"no_caste_weighted",3996,4599
0,"no_caste_weighted",3997,5903
0,"no_caste_weighted",3998,7089
0,"no_caste_weighted",3999,2380
0,"no_caste_weighted",4000,6098
0,"no_caste_weighted",4001,10006
0,"no_caste_weighted",4002,12723
0,"no_caste_weighted",4003,6880
0,"no_caste_weighted",4004,5921
0,"no_caste_weighted",4005,13879
0,"no_caste_weighted",4006,2502
0,"no_caste_weighted",4007,2165
0,"no_caste_weighted",4008,1676
0,"no_caste_weighted",4009,12149
0,"no_caste_weighted",4010,3902
0,"no_caste_weighted",4011,10481
0,"no_caste_weighted",4012,2284
0,"no_caste_weighted",4013,5934
0,"no_caste_weighted",4014,6992
0,"no_caste_weighted",4015,13773
0,"no_caste_weighted",4016,9578
0,"no_caste_weighted",4017,10230
0,"no_caste_weighted",4018,12203
0,"no_caste_weighted",4019,7951
0,"no_caste_weighted",4020,4167
0,"no_caste_weighted",4021,12742
0,"no_caste_weighted",4022,5461
0,"no_caste_weighted",4023,6414
0,"no_caste_weighted",4024,13046
0,"no_caste_weighted",4025,11980
0,"no_caste_weighted",4026,10000
0,"no_caste_weighted",4027,12711
0,"no_caste_weighted",4028,774
0,"no_caste_weighted",4029,9522
0,"no_caste_weighted",4030,3824
0,"no_caste_weighted",4031,3566
0,"no_caste_weighted",4032,4534
0,"no_caste_weighted",4033,2020
0,"no_caste_weighted",4034,9514
0,"no_caste_weighted",4035,2219
0,"no_caste_weighted",4036,12691
0,"no_caste_weighted",4037,4744
0,"no_caste_weighted",4038,5769
0,"no_caste_weighted",4039,11495
0,"no_caste_weighted",4040,6609
0,"no_caste_weighted",4041,8944
0,"no_caste_weighted",4042,9566
0,"no_caste_weighted",4043,12461
0,"no_caste_weighted",4044,10664
0,"no_caste_weighted",4045,11317
0,"no_caste_weighted",4046,12614
0,"no_caste_weighted",4047,2243
0,"no_caste_weighted",4048,5746
0,"no_caste_weighted",4049,6840
0,"no_caste_weighted",4050,11216
0,"no_caste_weighted",4051,6635
0,"no_caste_weighted",4052,13917
0,"no_caste_weighted",4053,911
0,"no_caste_weighted",4054,10264
0,"no_caste_weighted",4055,273
0,"no_caste_weighted",4056,11129
0,"no_caste_weighted",4057,9991
0,"no_caste_weighted",4058,5127
0,"no_caste_weighted",4059,855
0,"no_caste_weighted",4060,3898
0,"no_caste_weighted",4061,9084
0,"no_caste_weighted",4062,8080
0,"no_caste_weighted",4063,7105
0,"no_caste_weighted",4064,9081
0,"no_caste_weighted",4065,4917
0,"no_caste_weighted",4066,5232
0,"no_caste_weighted",4067,745
0,"no_caste_weighted",4068,5277
0,"no_caste_weighted",4069,1962
0,"no_caste_weighted",4070,13495
0,"no_caste_weighted",4071,9187
0,"no_caste_weighted",4072,4616
0,"no_caste_weighted",4073,952
0,"no_caste_weighted",4074,6643
0,"no_caste_weighted",4075,1121
0,"no_caste_weighted",4076,1433
0,"no_caste_weighted",4077,10990
0,"no_caste_weighted",4078,8860
0,"no_caste_weighted",4079,1176
0,"no_caste_weighted",4080,7808
0,"no_caste_weighted",4081,10989
0,"no_caste_weighted",4082,11425
0,"no_caste_weighted",4083,2800
0,"no_caste_weighted",4084,6111
0,"no_caste_weighted",4085,12359
0,"no_caste_weighted",4086,6178
0,"no_caste_weighted",4087,4198
0,"no_caste_weighted",4088,7072
0,"no_caste_weighted",4089,8462
0,"no_caste_weighted",4090,10321
0,"no_caste_weighted",4091,860
0,"no_caste_weighted",4092,5545
0,"no_caste_weighted",4093,3292
0,"no_caste_weighted",4094,3798
0,"no_caste_weighted",4095,10494
0,"no_caste_weighted",4096,1265
0,"no_caste_weighted",4097,12090
0,"no_caste_weighted",4098,2638
0,"no_caste_weighted",4099,5344
0,"no_caste_weighted",4100,5466
0,"no_caste_weighted",4101,4716
0,"no_caste_weighted",4102,6282
0,"no_caste_weighted",4103,5678
0,"no_caste_weighted",4104,5673
0,"no_caste_weighted",4105,8257
0,"no_caste_weighted",4106,1395
0,"no_caste_weighted",4107,9838
0,"no_caste_weighted",4108,6388
0,"no_caste_weighted",4109,6136
0,"no_caste_weighted",4110,7269
0,"no_caste_weighted",4111,4671
0,"no_caste_weighted",4112,7754
0,"no_caste_weighted",4113,4004
0,"no_caste_weighted",4114,4639
0,"no_caste_weighted",4115,10192
0,"no_caste_weighted",4116,7348
0,"no_caste_weighted",4117,12220
0,"no_caste_weighted",4118,10454
0,"no_caste_weighted",4119,11888
0,"no_caste_weighted",4120,780
0,"no_caste_weighted",4121,3986
0,"no_caste_weighted",4122,13708
0,"no_caste_weighted",4123,11332
0,"no_caste_weighted",4124,9556
0,"no_caste_weighted",4125,4065
0,"no_caste_weighted",4126,92
0,"no_caste_weighted",4127,8659
0,"no_caste_weighted",4128,12652
0,"no_caste_weighted",4129,11082
0,"no_caste_weighted",4130,1018
0,"no_caste_weighted",4131,10376
0,"no_caste_weighted",4132,4259
0,"no_caste_weighted",4133,9890
0,"no_caste_weighted",4134,12721
0,"no_caste_weighted",4135,6328
0,"no_caste_weighted",4136,8171
0,"no_caste_weighted",4137,1596
0,"no_caste_weighted",4138,2919
0,"no_caste_weighted",4139,5667
0,"no_caste_weighted",4140,10736
0,"no_caste_weighted",4141,6648
0,"no_caste_weighted",4142,7910
0,"no_caste_weighted",4143,7543
0,"no_caste_weighted",4144,13776
0,"no_caste_weighted",4145,2280
0,"no_caste_weighted",4146,14055
0,"no_caste_weighted",4147,12607
0,"no_caste_weighted",4148,3179
0,"no_caste_weighted",4149,7079
0,"no_caste_weighted",4150,8975
0,"no_caste_weighted",4151,4958
0,"no_caste_weighted",4152,5338
0,"no_caste_weighted",4153,6313
0,"no_caste_weighted",4154,5817
0,"no_caste_weighted",4155,10916
0,"no_caste_weighted",4156,2435
0,"no_caste_weighted",4157,3306
0,"no_caste_weighted",4158,2785
0,"no_caste_weighted",4159,2172
0,"no_caste_weighted",4160,10920
0,"no_caste_weighted",4161,1340
0,"no_caste_weighted",4162,9586
0,"no_caste_weighted",4163,4878
0,"no_caste_weighted",4164,2877
0,"no_caste_weighted",4165,11158
0,"no_caste_weighted",4166,11840
0,"no_caste_weighted",4167,14106
0,"no_caste_weighted",4168,12494
0,"no_caste_weighted",4169,6927
0,"no_caste_weighted",4170,9728
0,"no_caste_weighted",4171,3957
0,"no_caste_weighted",4172,10391
0,"no_caste_weighted",4173,1157
0,"no_caste_weighted",4174,3727
0,"no_caste_weighted",4175,411
0,"no_caste_weighted",4176,12572
0,"no_caste_weighted",4177,4481
0,"no_caste_weighted",4178,10364
0,"no_caste_weighted",4179,6350
0,"no_caste_weighted",4180,5872
0,"no_caste_weighted",4181,569
0,"no_caste_weighted",4182,9225
0,"no_caste_weighted",4183,6562
0,"no_caste_weighted",4184,11686
0,"no_caste_weighted",4185,4022
0,"no_caste_weighted",4186,696
0,"no_caste_weighted",4187,1124
0,"no_caste_weighted",4188,6241
0,"no_caste_weighted",4189,11660
0,"no_caste_weighted",4190,4228
0,"no_caste_weighted",4191,1528
0,"no_caste_weighted",4192,2034
0,"no_caste_weighted",4193,9857
0,"no_caste_weighted",4194,3263
0,"no_caste_weighted",4195,815
0,"no_caste_weighted",4196,2171
0,"no_caste_weighted",4197,4024
0,"no_caste_weighted",4198,4946
0,"no_caste_weighted",4199,9229
0,"no_caste_weighted",4200,2152
0,"no_caste_weighted",4201,5642
0,"no_caste_weighted",4202,11131
0,"no_caste_weighted",4203,1509
0,"no_caste_weighted",4204,8778
0,"no_caste_weighted",4205,2279
0,"no_caste_weighted",4206,6375
0,"no_caste_weighted",4207,1916
0,"no_caste_weighted",4208,7715
0,"no_caste_weighted",4209,10171
0,"no_caste_weighted",4210,1287
0,"no_caste_weighted",4211,10253
0,"no_caste_weighted",4212,2898
0,"no_caste_weighted",4213,4528
0,"no_caste_weighted",4214,1474
0,"no_caste_weighted",4215,2192
0,"no_caste_weighted",4216,8802
0,"no_caste_weighted",4217,8419
0,"no_caste_weighted",4218,5833
0,"no_caste_weighted",4219,3104
0,"no_caste_weighted",4220,10950
0,"no_caste_weighted",4221,4325
0,"no_caste_weighted",4222,11669
0,"no_caste_weighted",4223,6699
0,"no_caste_weighted",4224,9549
0,"no_caste_weighted",4225,10266
0,"no_caste_weighted",4226,3439
0,"no_caste_weighted",4227,4723
0,"no_caste_weighted",4228,3113
0,"no_caste_weighted",4229,2373
0,"no_caste_weighted",4230,7589
0,"no_caste_weighted",4231,8438
0,"no_caste_weighted",4232,9700
0,"no_caste_weighted",4233,1655
0,"no_caste_weighted",4234,5241
0,"no_caste_weighted",4235,8959
0,"no_caste_weighted",4236,12594
0,"no_caste_weighted",4237,11859
0,"no_caste_weighted",4238,3283
0,"no_caste_weighted",4239,12293
0,"no_caste_weighted",4240,13806
0,"no_caste_weighted",4241,3987
0,"no_caste_weighted",4242,5312
0,"no_caste_weighted",4243,5949
0,"no_caste_weighted",4244,1893
0,"no_caste_weighted",4245,3362
0,"no_caste_weighted",4246,7147
0,"no_caste_weighted",4247,2751
0,"no_caste_weighted",4248,7033
0,"no_caste_weighted",4249,3638
0,"no_caste_weighted",4250,2808
0,"no_caste_weighted",4251,7484
0,"no_caste_weighted",4252,12920
0,"no_caste_weighted",4253,1662
0,"no_caste_weighted",4254,3766
0,"no_caste_weighted",4255,10306
0,"no_caste_weighted",4256,5552
0,"no_caste_weighted",4257,8511
0,"no_caste_weighted",4258,11610
0,"no_caste_weighted",4259,4237
0,"no_caste_weighted",4260,6255
0,"no_caste_weighted",4261,3427
0,"no_caste_weighted",4262,8592
0,"no_caste_weighted",4263,3631
0,"no_caste_weighted",4264,5229
0,"no_caste_weighted",4265,12531
0,"no_caste_weighted",4266,5708
0,"no_caste_weighted",4267,7895
0,"no_caste_weighted",4268,3734
0,"no_caste_weighted",4269,4117
0,"no_caste_weighted",4270,8859
0,"no_caste_weighted",4271,10053
0,"no_caste_weighted",4272,3697
0,"no_caste_weighted",4273,2706
0,"no_caste_weighted",4274,2449
0,"no_caste_weighted",4275,1307
0,"no_caste_weighted",4276,6077
0,"no_caste_weighted",4277,9306
0,"no_caste_weighted",4278,232
0,"no_caste_weighted",4279,4436
0,"no_caste_weighted",4280,5257
0,"no_caste_weighted",4281,1348
0,"no_caste_weighted",4282,8904
0,"no_caste_weighted",4283,10400
0,"no_caste_weighted",4284,2374
0,"no_caste_weighted",4285,3087
0,"no_caste_weighted",4286,3534
0,"no_caste_weighted",4287,5960
0,"no_caste_weighted",4288,2308
0,"no_caste_weighted",4289,14144
0,"no_caste_weighted",4290,1614
0,"no_caste_weighted",4291,7068
0,"no_caste_weighted",4292,12917
0,"no_caste_weighted",4293,1800
0,"no_caste_weighted",4294,5360
0,"no_caste_weighted",4295,2593
0,"no_caste_weighted",4296,5163
0,"no_caste_weighted",4297,6634
0,"no_caste_weighted",4298,3793
0,"no_caste_weighted",4299,11154
0,"no_caste_weighted",4300,5357
0,"no_caste_weighted",4301,8789
0,"no_caste_weighted",4302,786
0,"no_caste_weighted",4303,6468
0,"no_caste_weighted",4304,1496
0,"no_caste_weighted",4305,9261
0,"no_caste_weighted",4306,4109
0,"no_caste_weighted",4307,12877
0,"no_caste_weighted",4308,1158
0,"no_caste_weighted",4309,2917
0,"no_caste_weighted",4310,12481
0,"no_caste_weighted",4311,9544
0,"no_caste_weighted",4312,728
0,"no_caste_weighted",4313,7262
0,"no_caste_weighted",4314,6949
0,"no_caste_weighted",4315,9807
0,"no_caste_weighted",4316,1661
0,"no_caste_weighted",4317,8282
0,"no_caste_weighted",4318,12858
0,"no_caste_weighted",4319,13954
0,"no_caste_weighted",4320,7034
0,"no_caste_weighted",4321,4909
0,"no_caste_weighted",4322,6217
0,"no_caste_weighted",4323,11222
0,"no_caste_weighted",4324,11975
0,"no_caste_weighted",4325,6253
0,"no_caste_weighted",4326,11147
0,"no_caste_weighted",4327,10759
0,"no_caste_weighted",4328,9123
0,"no_caste_weighted",4329,7257
0,"no_caste_weighted",4330,4185
0,"no_caste_weighted",4331,899
0,"no_caste_weighted",4332,7008
0,"no_caste_weighted",4333,8533
0,"no_caste_weighted",4334,13823
0,"no_caste_weighted",4335,10997
0,"no_caste_weighted",4336,9639
0,"no_caste_weighted",4337,4747
0,"no_caste_weighted",4338,167
0,"no_caste_weighted",4339,253
0,"no_caste_weighted",4340,4005
0,"no_caste_weighted",4341,5140
0,"no_caste_weighted",4342,13785
0,"no_caste_weighted",4343,4262
0,"no_caste_weighted",4344,4990
0,"no_caste_weighted",4345,5732
0,"no_caste_weighted",4346,9909
0,"no_caste_weighted",4347,10948
0,"no_caste_weighted",4348,4068
0,"no_caste_weighted",4349,11693
0,"no_caste_weighted",4350,11285
0,"no_caste_weighted",4351,5693
0,"no_caste_weighted",4352,2617
0,"no_caste_weighted",4353,2132
0,"no_caste_weighted",4354,11053
0,"no_caste_weighted",4355,3432
0,"no_caste_weighted",4356,7801
0,"no_caste_weighted",4357,7767
0,"no_caste_weighted",4358,12045
0,"no_caste_weighted",4359,2782
0,"no_caste_weighted",4360,12243
0,"no_caste_weighted",4361,10142
0,"no_caste_weighted",4362,7824
0,"no_caste_weighted",4363,11874
0,"no_caste_weighted",4364,13334
0,"no_caste_weighted",4365,11336
0,"no_caste_weighted",4366,11740
0,"no_caste_weighted",4367,11987
0,"no_caste_weighted",4368,10532
0,"no_caste_weighted",4369,5785
0,"no_caste_weighted",4370,6032
0,"no_caste_weighted",4371,9540
0,"no_caste_weighted",4372,8305
0,"no_caste_weighted",4373,3890
0,"no_caste_weighted",4374,2719
0,"no_caste_weighted",4375,6681
0,"no_caste_weighted",4376,1576
0,"no_caste_weighted",4377,2887
0,"no_caste_weighted",4378,10453
0,"no_caste_weighted",4379,10060
0,"no_caste_weighted",4380,11459
0,"no_caste_weighted",4381,9738
0,"no_caste_weighted",4382,12935
0,"no_caste_weighted",4383,7571
0,"no_caste_weighted",4384,4238
0,"no_caste_weighted",4385,5269
0,"no_caste_weighted",4386,4793
0,"no_caste_weighted",4387,9900
0,"no_caste_weighted",4388,3544
0,"no_caste_weighted",4389,3312
0,"no_caste_weighted",4390,5458
0,"no_caste_weighted",4391,633
0,"no_caste_weighted",4392,1765
0,"no_caste_weighted",4393,2563
0,"no_caste_weighted",4394,13600
0,"no_caste_weighted",4395,1273
0,"no_caste_weighted",4396,9908
0,"no_caste_weighted",4397,13463
0,"no_caste_weighted",4398,7390
0,"no_caste_weighted",4399,12941
0,"no_caste_weighted",4400,8278
0,"no_caste_weighted",4401,5436
0,"no_caste_weighted",4402,7191
0,"no_caste_weighted",4403,10407
0,"no_caste_weighted",4404,7038
0,"no_caste_weighted",4405,11481
0,"no_caste_weighted",4406,8725
0,"no_caste_weighted",4407,2677
0,"no_caste_weighted",4408,3252
0,"no_caste_weighted",4409,11471
0,"no_caste_weighted",4410,8046
0,"no_caste_weighted",4411,2987
0,"no_caste_weighted",4412,494
0,"no_caste_weighted",4413,1490
0,"no_caste_weighted",4414,10237
0,"no_caste_weighted",4415,9977
0,"no_caste_weighted",4416,7758
0,"no_caste_weighted",4417,13909
0,"no_caste_weighted",4418,1708
0,"no_caste_weighted",4419,11754
0,"no_caste_weighted",4420,4687
0,"no_caste_weighted",4421,12564
0,"no_caste_weighted",4422,11135
0,"no_caste_weighted",4423,4589
0,"no_caste_weighted",4424,2722
0,"no_caste_weighted",4425,9653
0,"no_caste_weighted",4426,3839
0,"no_caste_weighted",4427,5354
0,"no_caste_weighted",4428,1519
0,"no_caste_weighted",4429,2385
0,"no_caste_weighted",4430,2032
0,"no_caste_weighted",4431,7965
0,"no_caste_weighted",4432,5153
0,"no_caste_weighted",4433,6624
0,"no_caste_weighted",4434,4845
0,"no_caste_weighted",4435,12684
0,"no_caste_weighted",4436,9780
0,"no_caste_weighted",4437,10617
0,"no_caste_weighted",4438,11172
0,"no_caste_weighted",4439,6186
0,"no_caste_weighted",4440,1781
0,"no_caste_weighted",4441,2309
0,"no_caste_weighted",4442,15
0,"no_caste_weighted",4443,12175
0,"no_caste_weighted",4444,3512
0,"no_caste_weighted",4445,11956
0,"no_caste_weighted",4446,1210
0,"no_caste_weighted",4447,12847
0,"no_caste_weighted",4448,8786
0,"no_caste_weighted",4449,3158
0,"no_caste_weighted",4450,4295
0,"no_caste_weighted",4451,4868
0,"no_caste_weighted",4452,3650
0,"no_caste_weighted",4453,13902
0,"no_caste_weighted",4454,9405
0,"no_caste_weighted",4455,1516
0,"no_caste_weighted",4456,6769
0,"no_caste_weighted",4457,5362
0,"no_caste_weighted",4458,14152
0,"no_caste_weighted",4459,3280
0,"no_caste_weighted",4460,8650
0,"no_caste_weighted",4461,12940
0,"no_caste_weighted",4462,4642
0,"no_caste_weighted",4463,9559
0,"no_caste_weighted",4464,4082
0,"no_caste_weighted",4465,5472
0,"no_caste_weighted",4466,2581
0,"no_caste_weighted",4467,10034
0,"no_caste_weighted",4468,9845
0,"no_caste_weighted",4469,1028
0,"no_caste_weighted",4470,3871
0,"no_caste_weighted",4471,8090
0,"no_caste_weighted",4472,6327
0,"no_caste_weighted",4473,12158
0,"no_caste_weighted",4474,10650
0,"no_caste_weighted",4475,5253
0,"no_caste_weighted",4476,13858
0,"no_caste_weighted",4477,5988
0,"no_caste_weighted",4478,8418
0,"no_caste_weighted",4479,10881
0,"no_caste_weighted",4480,6169
0,"no_caste_weighted",4481,536
0,"no_caste_weighted",4482,2207
0,"no_caste_weighted",4483,12014
0,"no_caste_weighted",4484,1879
0,"no_caste_weighted",4485,6286
0,"no_caste_weighted",4486,7576
0,"no_caste_weighted",4487,7241
0,"no_caste_weighted",4488,7160
0,"no_caste_weighted",4489,11192
0,"no_caste_weighted",4490,3762
0,"no_caste_weighted",4491,4291
0,"no_caste_weighted",4492,9051
0,"no_caste_weighted",4493,7016
0,"no_caste_weighted",4494,3794
0,"no_caste_weighted",4495,11884
0,"no_caste_weighted",4496,13357
0,"no_caste_weighted",4497,3025
0,"no_caste_weighted",4498,7784
0,"no_caste_weighted",4499,9356
0,"no_caste_weighted",4500,10421
0,"no_caste_weighted",4501,3102
0,"no_caste_weighted",4502,2650
0,"no_caste_weighted",4503,6948
0,"no_caste_weighted",4504,6646
0,"no_caste_weighted",4505,4134
0,"no_caste_weighted",4506,11845
0,"no_caste_weighted",4507,3791
0,"no_caste_weighted",4508,6304
0,"no_caste_weighted",4509,2673
0,"no_caste_weighted",4510,4116
0,"no_caste_weighted",4511,13358
0,"no_caste_weighted",4512,975
0,"no_caste_weighted",4513,10687
0,"no_caste_weighted",4514,12188
0,"no_caste_weighted",4515,4506
0,"no_caste_weighted",4516,7896
0,"no_caste_weighted",4517,4312
0,"no_caste_weighted",4518,8057
0,"no_caste_weighted",4519,5300
0,"no_caste_weighted",4520,9858
0,"no_caste_weighted",4521,12001
0,"no_caste_weighted",4522,1371
0,"no_caste_weighted",4523,10164
0,"no_caste_weighted",4524,11073
0,"no_caste_weighted",4525,742
0,"no_caste_weighted",4526,9284
0,"no_caste_weighted",4527,12354
0,"no_caste_weighted",4528,10116
0,"no_caste_weighted",4529,12420
0,"no_caste_weighted",4530,7961
0,"no_caste_weighted",4531,11167
0,"no_caste_weighted",4532,5233
0,"no_caste_weighted",4533,12358
0,"no_caste_weighted",4534,8165
0,"no_caste_weighted",4535,10046
0,"no_caste_weighted",4536,13951
0,"no_caste_weighted",4537,8388
0,"no_caste_weighted",4538,10962
0,"no_caste_weighted",4539,7450
0,"no_caste_weighted",4540,5727
0,"no_caste_weighted",4541,6174
0,"no_caste_weighted",4542,10938
0,"no_caste_weighted",4543,3771
0,"no_caste_weighted",4544,3757
0,"no_caste_weighted",4545,8823
0,"no_caste_weighted",4546,10045
0,"no_caste_weighted",4547,4140
0,"no_caste_weighted",4548,7629
0,"no_caste_weighted",4549,834
0,"no_caste_weighted",4550,10346
0,"no_caste_weighted",4551,10397
0,"no_caste_weighted",4552,11153
0,"no_caste_weighted",4553,5032
0,"no_caste_weighted",4554,8768
0,"no_caste_weighted",4555,1914
0,"no_caste_weighted",4556,7552
0,"no_caste_weighted",4557,11968
0,"no_caste_weighted",4558,6706
0,"no_caste_weighted",4559,10256
0,"no_caste_weighted",4560,10527
0,"no_caste_weighted",4561,7358
0,"no_caste_weighted",4562,12182
0,"no_caste_weighted",4563,10288
0,"no_caste_weighted",4564,10895
0,"no_caste_weighted",4565,1080
0,"no_caste_weighted",4566,12388
0,"no_caste_weighted",4567,568
0,"no_caste_weighted",4568,771
0,"no_caste_weighted",4569,8420
0,"no_caste_weighted",4570,6472
0,"no_caste_weighted",4571,13895
0,"no_caste_weighted",4572,7539
0,"no_caste_weighted",4573,4715
0,"no_caste_weighted",4574,7493
0,"no_caste_weighted",4575,12608
0,"no_caste_weighted",4576,4353
0,"no_caste_weighted",4577,2699
0,"no_caste_weighted",4578,14168
0,"no_caste_weighted",4579,12811
0,"no_caste_weighted",4580,8426
0,"no_caste_weighted",4581,5388
0,"no_caste_weighted",4582,5226
0,"no_caste_weighted",4583,8672
0,"no_caste_weighted",4584,12904
0,"no_caste_weighted",4585,5973
0,"no_caste_weighted",4586,3268
0,"no_caste_weighted",4587,8064
0,"no_caste_weighted",4588,11293
0,"no_caste_weighted",4589,9524
0,"no_caste_weighted",4590,8314
0,"no_caste_weighted",4591,9454
0,"no_caste_weighted",4592,5380
0,"no_caste_weighted",4593,4857
0,"no_caste_weighted",4594,762
0,"no_caste_weighted",4595,2075
0,"no_caste_weighted",4596,7318
0,"no_caste_weighted",4597,5703
0,"no_caste_weighted",4598,3233
0,"no_caste_weighted",4599,8243
0,"no_caste_weighted",4600,6696
0,"no_caste_weighted",4601,1865
0,"no_caste_weighted",4602,7851
0,"no_caste_weighted",4603,13290
0,"no_caste_weighted",4604,13470
0,"no_caste_weighted",4605,5792
0,"no_caste_weighted",4606,12238
0,"no_caste_weighted",4607,9919
0,"no_caste_weighted",4608,162
0,"no_caste_weighted",4609,10235
0,"no_caste_weighted",4610,5511
0,"no_caste_weighted",4611,3168
0,"no_caste_weighted",4612,778
0,"no_caste_weighted",4613,3219
0,"no_caste_weighted",4614,1293
0,"no_caste_weighted",4615,2565
0,"no_caste_weighted",4616,1217
0,"no_caste_weighted",4617,7682
0,"no_caste_weighted",4618,4384
0,"no_caste_weighted",4619,3095
0,"no_caste_weighted",4620,2504
0,"no_caste_weighted",4621,6142
0,"no_caste_weighted",4622,12992
0,"no_caste_weighted",4623,12735
0,"no_caste_weighted",4624,10270
0,"no_caste_weighted",4625,8505
0,"no_caste_weighted",4626,508
0,"no_caste_weighted",4627,8162
0,"no_caste_weighted",4628,822
0,"no_caste_weighted",4629,2412
0,"no_caste_weighted",4630,1112
0,"no_caste_weighted",4631,10030
0,"no_caste_weighted",4632,421
0,"no_caste_weighted",4633,12533
0,"no_caste_weighted",4634,9000
0,"no_caste_weighted",4635,1207
0,"no_caste_weighted",4636,13716
0,"no_caste_weighted",4637,1004
0,"no_caste_weighted",4638,1455
0,"no_caste_weighted",4639,6270
0,"no_caste_weighted",4640,7627
0,"no_caste_weighted",4641,6346
0,"no_caste_weighted",4642,6962
0,"no_caste_weighted",4643,7215
0,"no_caste_weighted",4644,10969
0,"no_caste_weighted",4645,4222
0,"no_caste_weighted",4646,9167
0,"no_caste_weighted",4647,6185
0,"no_caste_weighted",4648,797
0,"no_caste_weighted",4649,8726
0,"no_caste_weighted",4650,11477
0,"no_caste_weighted",4651,9871
0,"no_caste_weighted",4652,9100
0,"no_caste_weighted",4653,11727
0,"no_caste_weighted",4654,13824
0,"no_caste_weighted",4655,11757
0,"no_caste_weighted",4656,10671
0,"no_caste_weighted",4657,3621
0,"no_caste_weighted",4658,13851
0,"no_caste_weighted",4659,3758
0,"no_caste_weighted",4660,5994
0,"no_caste_weighted",4661,11037
0,"no_caste_weighted",4662,10994
0,"no_caste_weighted",4663,1908
0,"no_caste_weighted",4664,7282
0,"no_caste_weighted",4665,2381
0,"no_caste_weighted",4666,1619
0,"no_caste_weighted",4667,11662
0,"no_caste_weighted",4668,10769
0,"no_caste_weighted",4669,1811
0,"no_caste_weighted",4670,9283
0,"no_caste_weighted",4671,8362
0,"no_caste_weighted",4672,823
0,"no_caste_weighted",4673,11601
0,"no_caste_weighted",4674,1470
0,"no_caste_weighted",4675,13401
0,"no_caste_weighted",4676,1680
0,"no_caste_weighted",4677,4729
0,"no_caste_weighted",4678,9777
0,"no_caste_weighted",4679,2159
0,"no_caste_weighted",4680,4395
0,"no_caste_weighted",4681,10440
0,"no_caste_weighted",4682,2127
0,"no_caste_weighted",4683,10025
0,"no_caste_weighted",4684,11367
0,"no_caste_weighted",4685,5685
0,"no_caste_weighted",4686,6310
0,"no_caste_weighted",4687,6202
0,"no_caste_weighted",4688,10263
0,"no_caste_weighted",4689,2323
0,"no_caste_weighted",4690,420
0,"no_caste_weighted",4691,820
0,"no_caste_weighted",4692,13907
0,"no_caste_weighted",4693,9628
0,"no_caste_weighted",4694,6530
0,"no_caste_weighted",4695,9121
0,"no_caste_weighted",4696,13361
0,"no_caste_weighted",4697,8558
0,"no_caste_weighted",4698,7673
0,"no_caste_weighted",4699,620
0,"no_caste_weighted",4700,5299
0,"no_caste_weighted",4701,4387
0,"no_caste_weighted",4702,2845
0,"no_caste_weighted",4703,1423
0,"no_caste_weighted",4704,2802
0,"no_caste_weighted",4705,10293
0,"no_caste_weighted",4706,7414
0,"no_caste_weighted",4707,7978
0,"no_caste_weighted",4708,2285
0,"no_caste_weighted",4709,7973
0,"no_caste_weighted",4710,2566
0,"no_caste_weighted",4711,11177
0,"no_caste_weighted",4712,13642
0,"no_caste_weighted",4713,11163
0,"no_caste_weighted",4714,11548
0,"no_caste_weighted",4715,460
0,"no_caste_weighted",4716,7690
0,"no_caste_weighted",4717,1009
0,"no_caste_weighted",4718,5908
0,"no_caste_weighted",4719,5878
0,"no_caste_weighted",4720,2945
0,"no_caste_weighted",4721,12249
0,"no_caste_weighted",4722,637
0,"no_caste_weighted",4723,1512
0,"no_caste_weighted",4724,840
0,"no_caste_weighted",4725,12814
0,"no_caste_weighted",4726,10971
0,"no_caste_weighted",4727,6601
0,"no_caste_weighted",4728,4405
0,"no_caste_weighted",4729,6258
0,"no_caste_weighted",4730,4801
0,"no_caste_weighted",4731,4104
0,"no_caste_weighted",4732,3339
0,"no_caste_weighted",4733,1554
0,"no_caste_weighted",4734,11100
0,"no_caste_weighted",4735,6287
0,"no_caste_weighted",4736,10698
0,"no_caste_weighted",4737,4162
0,"no_caste_weighted",4738,1740
0,"no_caste_weighted",4739,7387
0,"no_caste_weighted",4740,2135
0,"no_caste_weighted",4741,6110
0,"no_caste_weighted",4742,2491
0,"no_caste_weighted",4743,1582
0,"no_caste_weighted",4744,8538
0,"no_caste_weighted",4745,12300
0,"no_caste_weighted",4746,9515
0,"no_caste_weighted",4747,801
0,"no_caste_weighted",4748,10166
0,"no_caste_weighted",4749,4518
0,"no_caste_weighted",4750,3125
0,"no_caste_weighted",4751,9530
0,"no_caste_weighted",4752,1354
0,"no_caste_weighted",4753,12670
0,"no_caste_weighted",4754,2835
0,"no_caste_weighted",4755,11464
0,"no_caste_weighted",4756,13273
0,"no_caste_weighted",4757,13481
0,"no_caste_weighted",4758,3731
0,"no_caste_weighted",4759,13446
0,"no_caste_weighted",4760,13233
0,"no_caste_weighted",4761,7717
0,"no_caste_weighted",4762,3384
0,"no_caste_weighted",4763,12221
0,"no_caste_weighted",4764,9732
0,"no_caste_weighted",4765,13808
0,"no_caste_weighted",4766,6831
0,"no_caste_weighted",4767,11703
0,"no_caste_weighted",4768,6046
0,"no_caste_weighted",4769,3299
0,"no_caste_weighted",4770,11491
0,"no_caste_weighted",4771,9629
0,"no_caste_weighted",4772,3251
0,"no_caste_weighted",4773,12697
0,"no_caste_weighted",4774,12559
0,"no_caste_weighted",4775,532
0,"no_caste_weighted",4776,11352
0,"no_caste_weighted",4777,13632
0,"no_caste_weighted",4778,11961
0,"no_caste_weighted",4779,10181
0,"no_caste_weighted",4780,8091
0,"no_caste_weighted",4781,6587
0,"no_caste_weighted",4782,2252
0,"no_caste_weighted",4783,835
0,"no_caste_weighted",4784,1421
0,"no_caste_weighted",4785,7787
0,"no_caste_weighted",4786,3327
0,"no_caste_weighted",4787,11266
0,"no_caste_weighted",4788,3767
0,"no_caste_weighted",4789,11508
0,"no_caste_weighted",4790,8661
0,"no_caste_weighted",4791,515
0,"no_caste_weighted",4792,2429
0,"no_caste_weighted",4793,274
0,"no_caste_weighted",4794,7181
0,"no_caste_weighted",4795,173
0,"no_caste_weighted",4796,7976
0,"no_caste_weighted",4797,282
0,"no_caste_weighted",4798,9702
0,"no_caste_weighted",4799,563
0,"no_caste_weighted",4800,8052
0,"no_caste_weighted",4801,10609
0,"no_caste_weighted",4802,5546
0,"no_caste_weighted",4803,7979
0,"no_caste_weighted",4804,3220
0,"no_caste_weighted",4805,13109
0,"no_caste_weighted",4806,12890
0,"no_caste_weighted",4807,8734
0,"no_caste_weighted",4808,10062
0,"no_caste_weighted",4809,13715
0,"no_caste_weighted",4810,9279
0,"no_caste_weighted",4811,6983
0,"no_caste_weighted",4812,12717
0,"no_caste_weighted",4813,1073
0,"no_caste_weighted",4814,3776
0,"no_caste_weighted",4815,1258
0,"no_caste_weighted",4816,4893
0,"no_caste_weighted",4817,9295
0,"no_caste_weighted",4818,7958
0,"no_caste_weighted",4819,2723
0,"no_caste_weighted",4820,749
0,"no_caste_weighted",4821,2443
0,"no_caste_weighted",4822,10012
0,"no_caste_weighted",4823,5224
0,"no_caste_weighted",4824,12246
0,"no_caste_weighted",4825,8270
0,"no_caste_weighted",4826,7053
0,"no_caste_weighted",4827,1140
0,"no_caste_weighted",4828,12833
0,"no_caste_weighted",4829,951
0,"no_caste_weighted",4830,7131
0,"no_caste_weighted",4831,3949
0,"no_caste_weighted",4832,5115
0,"no_caste_weighted",4833,5665
0,"no_caste_weighted",4834,339
0,"no_caste_weighted",4835,7507
0,"no_caste_weighted",4836,11855
0,"no_caste_weighted",4837,1312
0,"no_caste_weighted",4838,6334
0,"no_caste_weighted",4839,2963
0,"no_caste_weighted",4840,9695
0,"no_caste_weighted",4841,910
0,"no_caste_weighted",4842,4749
0,"no_caste_weighted",4843,13833
0,"no_caste_weighted",4844,8110
0,"no_caste_weighted",4845,810
0,"no_caste_weighted",4846,13640
0,"no_caste_weighted",4847,1828
0,"no_caste_weighted",4848,3013
0,"no_caste_weighted",4849,1748
0,"no_caste_weighted",4850,5387
0,"no_caste_weighted",4851,8700
0,"no_caste_weighted",4852,13735
0,"no_caste_weighted",4853,13130
0,"no_caste_weighted",4854,3716
0,"no_caste_weighted",4855,7368
0,"no_caste_weighted",4856,11549
0,"no_caste_weighted",4857,3984
0,"no_caste_weighted",4858,6883
0,"no_caste_weighted",4859,3049
0,"no_caste_weighted",4860,4208
0,"no_caste_weighted",4861,11779
0,"no_caste_weighted",4862,6516
0,"no_caste_weighted",4863,2599
0,"no_caste_weighted",4864,14004
0,"no_caste_weighted",4865,11685
0,"no_caste_weighted",4866,4677
0,"no_caste_weighted",4867,11919
0,"no_caste_weighted",4868,4197
0,"no_caste_weighted",4869,394
0,"no_caste_weighted",4870,878
0,"no_caste_weighted",4871,12099
0,"no_caste_weighted",4872,2852
0,"no_caste_weighted",4873,13285
0,"no_caste_weighted",4874,9217
0,"no_caste_weighted",4875,3911
0,"no_caste_weighted",4876,1889
0,"no_caste_weighted",4877,5006
0,"no_caste_weighted",4878,12435
0,"no_caste_weighted",4879,1294
0,"no_caste_weighted",4880,13003
0,"no_caste_weighted",4881,702
0,"no_caste_weighted",4882,7652
0,"no_caste_weighted",4883,1179
0,"no_caste_weighted",4884,11444
0,"no_caste_weighted",4885,6499
0,"no_caste_weighted",4886,11002
0,"no_caste_weighted",4887,5282
0,"no_caste_weighted",4888,3443
0,"no_caste_weighted",4889,5022
0,"no_caste_weighted",4890,13613
0,"no_caste_weighted",4891,2774
0,"no_caste_weighted",4892,13809
0,"no_caste_weighted",4893,8189
0,"no_caste_weighted",4894,8984
0,"no_caste_weighted",4895,2739
0,"no_caste_weighted",4896,567
0,"no_caste_weighted",4897,10032
0,"no_caste_weighted",4898,5956
0,"no_caste_weighted",4899,8287
0,"no_caste_weighted",4900,1290
0,"no_caste_weighted",4901,9572
0,"no_caste_weighted",4902,10996
0,"no_caste_weighted",4903,8791
0,"no_caste_weighted",4904,1892
0,"no_caste_weighted",4905,5201
0,"no_caste_weighted",4906,5484
0,"no_caste_weighted",4907,11113
0,"no_caste_weighted",4908,119
0,"no_caste_weighted",4909,9746
0,"no_caste_weighted",4910,10616
0,"no_caste_weighted",4911,4186
0,"no_caste_weighted",4912,9697
0,"no_caste_weighted",4913,5437
0,"no_caste_weighted",4914,8794
0,"no_caste_weighted",4915,6510
0,"no_caste_weighted",4916,2862
0,"no_caste_weighted",4917,7124
0,"no_caste_weighted",4918,5210
0,"no_caste_weighted",4919,3361
0,"no_caste_weighted",4920,4310
0,"no_caste_weighted",4921,14153
0,"no_caste_weighted",4922,6856
0,"no_caste_weighted",4923,10051
0,"no_caste_weighted",4924,6934
0,"no_caste_weighted",4925,1899
0,"no_caste_weighted",4926,2184
0,"no_caste_weighted",4927,13685
0,"no_caste_weighted",4928,3810
0,"no_caste_weighted",4929,7065
0,"no_caste_weighted",4930,9998
0,"no_caste_weighted",4931,13977
0,"no_caste_weighted",4932,2120
0,"no_caste_weighted",4933,3466
0,"no_caste_weighted",4934,3429
0,"no_caste_weighted",4935,10324
0,"no_caste_weighted",4936,5425
0,"no_caste_weighted",4937,1790
0,"no_caste_weighted",4938,6033
0,"no_caste_weighted",4939,12988
0,"no_caste_weighted",4940,4054
0,"no_caste_weighted",4941,7905
0,"no_caste_weighted",4942,13978
0,"no_caste_weighted",4943,10821
0,"no_caste_weighted",4944,3340
0,"no_caste_weighted",4945,12631
0,"no_caste_weighted",4946,9621
0,"no_caste_weighted",4947,1720
0,"no_caste_weighted",4948,275
0,"no_caste_weighted",4949,7017
0,"no_caste_weighted",4950,13986
0,"no_caste_weighted",4951,11426
0,"no_caste_weighted",4952,3117
0,"no_caste_weighted",4953,5887
0,"no_caste_weighted",4954,12524
0,"no_caste_weighted",4955,9307
0,"no_caste_weighted",4956,11270
0,"no_caste_weighted",4957,3741
0,"no_caste_weighted",4958,9936
0,"no_caste_weighted",4959,6277
0,"no_caste_weighted",4960,12760
0,"no_caste_weighted",4961,13607
0,"no_caste_weighted",4962,5510
0,"no_caste_weighted",4963,1144
0,"no_caste_weighted",4964,4635
0,"no_caste_weighted",4965,7273
0,"no_caste_weighted",4966,9180
0,"no_caste_weighted",4967,6177
0,"no_caste_weighted",4968,8059
0,"no_caste_weighted",4969,11896
0,"no_caste_weighted",4970,12663
0,"no_caste_weighted",4971,1854
0,"no_caste_weighted",4972,7163
0,"no_caste_weighted",4973,12680
0,"no_caste_weighted",4974,4121
0,"no_caste_weighted",4975,8648
0,"no_caste_weighted",4976,9906
0,"no_caste_weighted",4977,12916
0,"no_caste_weighted",4978,3304
0,"no_caste_weighted",4979,12052
0,"no_caste_weighted",4980,10582
0,"no_caste_weighted",4981,4942
0,"no_caste_weighted",4982,10388
0,"no_caste_weighted",4983,11423
0,"no_caste_weighted",4984,7399
0,"no_caste_weighted",4985,11522
0,"no_caste_weighted",4986,4365
0,"no_caste_weighted",4987,2259
0,"no_caste_weighted",4988,10753
0,"no_caste_weighted",4989,4873
0,"no_caste_weighted",4990,10780
0,"no_caste_weighted",4991,2819
0,"no_caste_weighted",4992,14061
0,"no_caste_weighted",4993,8485
0,"no_caste_weighted",4994,3116
0,"no_caste_weighted",4995,3435
0,"no_caste_weighted",4996,7238
0,"no_caste_weighted",4997,9749
0,"no_caste_weighted",4998,10878
0,"no_caste_weighted",4999,1400
0,"no_caste_weighted",5000,11679
0,"no_caste_weighted",5001,12373
0,"no_caste_weighted",5002,4046
0,"no_caste_weighted",5003,6888
0,"no_caste_weighted",5004,4433
0,"no_caste_weighted",5005,2874
0,"no_caste_weighted",5006,9924
0,"no_caste_weighted",5007,5074
0,"no_caste_weighted",5008,7681
0,"no_caste_weighted",5009,3403
0,"no_caste_weighted",5010,2084
0,"no_caste_weighted",5011,3150
0,"no_caste_weighted",5012,12692
0,"no_caste_weighted",5013,8722
0,"no_caste_weighted",5014,2294
0,"no_caste_weighted",5015,1149
0,"no_caste_weighted",5016,7778
0,"no_caste_weighted",5017,5295
0,"no_caste_weighted",5018,8160
0,"no_caste_weighted",5019,575
0,"no_caste_weighted",5020,13777
0,"no_caste_weighted",5021,10357
0,"no_caste_weighted",5022,3054
0,"no_caste_weighted",5023,2200
0,"no_caste_weighted",5024,3232
0,"no_caste_weighted",5025,11792
0,"no_caste_weighted",5026,4922
0,"no_caste_weighted",5027,4702
0,"no_caste_weighted",5028,3450
0,"no_caste_weighted",5029,103
0,"no_caste_weighted",5030,5658
0,"no_caste_weighted",5031,2272
0,"no_caste_weighted",5032,693
0,"no_caste_weighted",5033,1067
0,"no_caste_weighted",5034,2452
0,"no_caste_weighted",5035,6140
0,"no_caste_weighted",5036,158
0,"no_caste_weighted",5037,8093
0,"no_caste_weighted",5038,3005
0,"no_caste_weighted",5039,3885
0,"no_caste_weighted",5040,5849
0,"no_caste_weighted",5041,7919
0,"no_caste_weighted",5042,11709
0,"no_caste_weighted",5043,11546
0,"no_caste_weighted",5044,3207
0,"no_caste_weighted",5045,11625
0,"no_caste_weighted",5046,12219
0,"no_caste_weighted",5047,1047
0,"no_caste_weighted",5048,3120
0,"no_caste_weighted",5049,4939
0,"no_caste_weighted",5050,13478
0,"no_caste_weighted",5051,2317
0,"no_caste_weighted",5052,1818
0,"no_caste_weighted",5053,8461
0,"no_caste_weighted",5054,11475
0,"no_caste_weighted",5055,6890
0,"no_caste_weighted",5056,5806
0,"no_caste_weighted",5057,11523
0,"no_caste_weighted",5058,8408
0,"no_caste_weighted",5059,13252
0,"no_caste_weighted",5060,5689
0,"no_caste_weighted",5061,5020
0,"no_caste_weighted",5062,13030
0,"no_caste_weighted",5063,11488
0,"no_caste_weighted",5064,1062
0,"no_caste_weighted",5065,2656
0,"no_caste_weighted",5066,7991
0,"no_caste_weighted",5067,12600
0,"no_caste_weighted",5068,3509
0,"no_caste_weighted",5069,4739
0,"no_caste_weighted",5070,504
0,"no_caste_weighted",5071,5603
0,"no_caste_weighted",5072,1959
0,"no_caste_weighted",5073,808
0,"no_caste_weighted",5074,9535
0,"no_caste_weighted",5075,9647
0,"no_caste_weighted",5076,2746
0,"no_caste_weighted",5077,4161
0,"no_caste_weighted",5078,3687
0,"no_caste_weighted",5079,11720
0,"no_caste_weighted",5080,5832
0,"no_caste_weighted",5081,140
0,"no_caste_weighted",5082,6034
0,"no_caste_weighted",5083,6073
0,"no_caste_weighted",5084,13465
0,"no_caste_weighted",5085,413
0,"no_caste_weighted",5086,2690
0,"no_caste_weighted",5087,12586
0,"no_caste_weighted",5088,2444
0,"no_caste_weighted",5089,6595
0,"no_caste_weighted",5090,4906
0,"no_caste_weighted",5091,1842
0,"no_caste_weighted",5092,6792
0,"no_caste_weighted",5093,12364
0,"no_caste_weighted",5094,11226
0,"no_caste_weighted",5095,8862
0,"no_caste_weighted",5096,6057
0,"no_caste_weighted",5097,4711
0,"no_caste_weighted",5098,29
0,"no_caste_weighted",5099,3128
0,"no_caste_weighted",5100,9747
0,"no_caste_weighted",5101,5694
0,"no_caste_weighted",5102,11214
0,"no_caste_weighted",5103,1692
0,"no_caste_weighted",5104,13924
0,"no_caste_weighted",5105,1454
0,"no_caste_weighted",5106,12274
0,"no_caste_weighted",5107,5898
0,"no_caste_weighted",5108,11323
0,"no_caste_weighted",5109,193
0,"no_caste_weighted",5110,7878
0,"no_caste_weighted",5111,13427
0,"no_caste_weighted",5112,9604
0,"no_caste_weighted",5113,6209
0,"no_caste_weighted",5114,1632
0,"no_caste_weighted",5115,2858
0,"no_caste_weighted",5116,5768
0,"no_caste_weighted",5117,12798
0,"no_caste_weighted",5118,12263
0,"no_caste_weighted",5119,5008
0,"no_caste_weighted",5120,3342
0,"no_caste_weighted",5121,12166
0,"no_caste_weighted",5122,4760
0,"no_caste_weighted",5123,2396
0,"no_caste_weighted",5124,7804
0,"no_caste_weighted",5125,3936
0,"no_caste_weighted",5126,6254
0,"no_caste_weighted",5127,581
0,"no_caste_weighted",5128,9813
0,"no_caste_weighted",5129,12933
0,"no_caste_weighted",5130,298
0,"no_caste_weighted",5131,2662
0,"no_caste_weighted",5132,3440
0,"no_caste_weighted",5133,9265
0,"no_caste_weighted",5134,9743
0,"no_caste_weighted",5135,10724
0,"no_caste_weighted",5136,5942
0,"no_caste_weighted",5137,10204
0,"no_caste_weighted",5138,9094
0,"no_caste_weighted",5139,9132
0,"no_caste_weighted",5140,931
0,"no_caste_weighted",5141,7250
0,"no_caste_weighted",5142,11416
0,"no_caste_weighted",5143,12959
0,"no_caste_weighted",5144,5445
0,"no_caste_weighted",5145,4056
0,"no_caste_weighted",5146,6940
0,"no_caste_weighted",5147,767
0,"no_caste_weighted",5148,3343
0,"no_caste_weighted",5149,12629
0,"no_caste_weighted",5150,2750
0,"no_caste_weighted",5151,1777
0,"no_caste_weighted",5152,7585
0,"no_caste_weighted",5153,6363
0,"no_caste_weighted",5154,8732
0,"no_caste_weighted",5155,454
0,"no_caste_weighted",5156,9818
0,"no_caste_weighted",5157,11325
0,"no_caste_weighted",5158,11866
0,"no_caste_weighted",5159,4915
0,"no_caste_weighted",5160,10457
0,"no_caste_weighted",5161,12838
0,"no_caste_weighted",5162,100
0,"no_caste_weighted",5163,12942
0,"no_caste_weighted",5164,685
0,"no_caste_weighted",5165,3402
0,"no_caste_weighted",5166,4606
0,"no_caste_weighted",5167,8738
0,"no_caste_weighted",5168,245
0,"no_caste_weighted",5169,10899
0,"no_caste_weighted",5170,12693
0,"no_caste_weighted",5171,7134
0,"no_caste_weighted",5172,4675
0,"no_caste_weighted",5173,9536
0,"no_caste_weighted",5174,5558
0,"no_caste_weighted",5175,11275
0,"no_caste_weighted",5176,4875
0,"no_caste_weighted",5177,757
0,"no_caste_weighted",5178,824
0,"no_caste_weighted",5179,7067
0,"no_caste_weighted",5180,4440
0,"no_caste_weighted",5181,12414
0,"no_caste_weighted",5182,12487
0,"no_caste_weighted",5183,3575
0,"no_caste_weighted",5184,9101
0,"no_caste_weighted",5185,577
0,"no_caste_weighted",5186,9613
0,"no_caste_weighted",5187,10607
0,"no_caste_weighted",5188,8697
0,"no_caste_weighted",5189,13655
0,"no_caste_weighted",5190,13999
0,"no_caste_weighted",5191,6970
0,"no_caste_weighted",5192,459
0,"no_caste_weighted",5193,146
0,"no_caste_weighted",5194,10857
0,"no_caste_weighted",5195,5836
0,"no_caste_weighted",5196,3099
0,"no_caste_weighted",5197,11392
0,"no_caste_weighted",5198,10444
0,"no_caste_weighted",5199,2087
0,"no_caste_weighted",5200,5779
0,"no_caste_weighted",5201,11598
0,"no_caste_weighted",5202,11780
0,"no_caste_weighted",5203,3171
0,"no_caste_weighted",5204,6796
0,"no_caste_weighted",5205,3841
0,"no_caste_weighted",5206,3980
0,"no_caste_weighted",5207,1377
0,"no_caste_weighted",5208,7094
0,"no_caste_weighted",5209,5971
0,"no_caste_weighted",5210,9917
0,"no_caste_weighted",5211,1247
0,"no_caste_weighted",5212,7877
0,"no_caste_weighted",5213,1432
0,"no_caste_weighted",5214,7538
0,"no_caste_weighted",5215,1114
0,"no_caste_weighted",5216,10267
0,"no_caste_weighted",5217,13963
0,"no_caste_weighted",5218,1074
0,"no_caste_weighted",5219,6235
0,"no_caste_weighted",5220,12794
0,"no_caste_weighted",5221,5764
0,"no_caste_weighted",5222,6107
0,"no_caste_weighted",5223,13476
0,"no_caste_weighted",5224,9495
0,"no_caste_weighted",5225,26
0,"no_caste_weighted",5226,1963
0,"no_caste_weighted",5227,4422
0,"no_caste_weighted",5228,9584
0,"no_caste_weighted",5229,5150
0,"no_caste_weighted",5230,1904
0,"no_caste_weighted",5231,9088
0,"no_caste_weighted",5232,10750
0,"no_caste_weighted",5233,11994
0,"no_caste_weighted",5234,9726
0,"no_caste_weighted",5235,2019
0,"no_caste_weighted",5236,2579
0,"no_caste_weighted",5237,13926
0,"no_caste_weighted",5238,4598
0,"no_caste_weighted",5239,5721
0,"no_caste_weighted",5240,10600
0,"no_caste_weighted",5241,9902
0,"no_caste_weighted",5242,11580
0,"no_caste_weighted",5243,10459
0,"no_caste_weighted",5244,3478
0,"no_caste_weighted",5245,6370
0,"no_caste_weighted",5246,56
0,"no_caste_weighted",5247,4633
0,"no_caste_weighted",5248,5093
0,"no_caste_weighted",5249,2744
0,"no_caste_weighted",5250,5737
0,"no_caste_weighted",5251,6420
0,"no_caste_weighted",5252,2769
0,"no_caste_weighted",5253,5984
0,"no_caste_weighted",5254,1151
0,"no_caste_weighted",5255,7713
0,"no_caste_weighted",5256,11383
0,"no_caste_weighted",5257,9287
0,"no_caste_weighted",5258,13745
0,"no_caste_weighted",5259,843
0,"no_caste_weighted",5260,11596
0,"no_caste_weighted",5261,5302
0,"no_caste_weighted",5262,6732
0,"no_caste_weighted",5263,1388
0,"no_caste_weighted",5264,2257
0,"no_caste_weighted",5265,6953
0,"no_caste_weighted",5266,3630
0,"no_caste_weighted",5267,3625
0,"no_caste_weighted",5268,10412
0,"no_caste_weighted",5269,11482
0,"no_caste_weighted",5270,12958
0,"no_caste_weighted",5271,3262
0,"no_caste_weighted",5272,1872
0,"no_caste_weighted",5273,9074
0,"no_caste_weighted",5274,3883
0,"no_caste_weighted",5275,1330
0,"no_caste_weighted",5276,1948
0,"no_caste_weighted",5277,12841
0,"no_caste_weighted",5278,2518
0,"no_caste_weighted",5279,13452
0,"no_caste_weighted",5280,10160
0,"no_caste_weighted",5281,1544
0,"no_caste_weighted",5282,5082
0,"no_caste_weighted",5283,4205
0,"no_caste_weighted",5284,11846
0,"no_caste_weighted",5285,11714
0,"no_caste_weighted",5286,395
0,"no_caste_weighted",5287,9869
0,"no_caste_weighted",5288,7271
0,"no_caste_weighted",5289,246
0,"no_caste_weighted",5290,11116
0,"no_caste_weighted",5291,986
0,"no_caste_weighted",5292,7490
0,"no_caste_weighted",5293,1560
0,"no_caste_weighted",5294,41
0,"no_caste_weighted",5295,3056
0,"no_caste_weighted",5296,1693
0,"no_caste_weighted",5297,12207
0,"no_caste_weighted",5298,11560
0,"no_caste_weighted",5299,11156
0,"no_caste_weighted",5300,12037
0,"no_caste_weighted",5301,5109
0,"no_caste_weighted",5302,4614
0,"no_caste_weighted",5303,7230
0,"no_caste_weighted",5304,490
0,"no_caste_weighted",5305,13960
0,"no_caste_weighted",5306,7785
0,"no_caste_weighted",5307,13969
0,"no_caste_weighted",5308,8570
0,"no_caste_weighted",5309,10564
0,"no_caste_weighted",5310,7533
0,"no_caste_weighted",5311,1161
0,"no_caste_weighted",5312,6653
0,"no_caste_weighted",5313,1111
0,"no_caste_weighted",5314,12492
0,"no_caste_weighted",5315,3912
0,"no_caste_weighted",5316,9181
0,"no_caste_weighted",5317,8770
0,"no_caste_weighted",5318,6394
0,"no_caste_weighted",5319,6955
0,"no_caste_weighted",5320,11972
0,"no_caste_weighted",5321,7922
0,"no_caste_weighted",5322,7513
0,"no_caste_weighted",5323,2861
0,"no_caste_weighted",5324,14162
0,"no_caste_weighted",5325,1235
0,"no_caste_weighted",5326,13611
0,"no_caste_weighted",5327,11050
0,"no_caste_weighted",5328,3039
0,"no_caste_weighted",5329,12567
0,"no_caste_weighted",5330,7866
0,"no_caste_weighted",5331,10436
0,"no_caste_weighted",5332,11141
0,"no_caste_weighted",5333,7691
0,"no_caste_weighted",5334,10653
0,"no_caste_weighted",5335,7185
0,"no_caste_weighted",5336,7563
0,"no_caste_weighted",5337,12127
0,"no_caste_weighted",5338,8652
0,"no_caste_weighted",5339,7648
0,"no_caste_weighted",5340,2158
0,"no_caste_weighted",5341,5120
0,"no_caste_weighted",5342,6986
0,"no_caste_weighted",5343,7506
0,"no_caste_weighted",5344,3092
0,"no_caste_weighted",5345,9108
0,"no_caste_weighted",5346,7367
0,"no_caste_weighted",5347,5207
0,"no_caste_weighted",5348,183
0,"no_caste_weighted",5349,4320
0,"no_caste_weighted",5350,11606
0,"no_caste_weighted",5351,9841
0,"no_caste_weighted",5352,3547
0,"no_caste_weighted",5353,1021
0,"no_caste_weighted",5354,9083
0,"no_caste_weighted",5355,1937
0,"no_caste_weighted",5356,11557
0,"no_caste_weighted",5357,12181
0,"no_caste_weighted",5358,7213
0,"no_caste_weighted",5359,12350
0,"no_caste_weighted",5360,9267
0,"no_caste_weighted",5361,3381
0,"no_caste_weighted",5362,8826
0,"no_caste_weighted",5363,11638
0,"no_caste_weighted",5364,1172
0,"no_caste_weighted",5365,4212
0,"no_caste_weighted",5366,12195
0,"no_caste_weighted",5367,13318
0,"no_caste_weighted",5368,14082
0,"no_caste_weighted",5369,1776
0,"no_caste_weighted",5370,4308
0,"no_caste_weighted",5371,7845
0,"no_caste_weighted",5372,2408
0,"no_caste_weighted",5373,3989
0,"no_caste_weighted",5374,1666
0,"no_caste_weighted",5375,1195
0,"no_caste_weighted",5376,10304
0,"no_caste_weighted",5377,3693
0,"no_caste_weighted",5378,1922
0,"no_caste_weighted",5379,12071
0,"no_caste_weighted",5380,3202
0,"no_caste_weighted",5381,7497
0,"no_caste_weighted",5382,700
0,"no_caste_weighted",5383,9612
0,"no_caste_weighted",5384,13458
0,"no_caste_weighted",5385,1192
0,"no_caste_weighted",5386,8333
0,"no_caste_weighted",5387,11932
0,"no_caste_weighted",5388,672
0,"no_caste_weighted",5389,14117
0,"no_caste_weighted",5390,10981
0,"no_caste_weighted",5391,11540
0,"no_caste_weighted",5392,4093
0,"no_caste_weighted",5393,1949
0,"no_caste_weighted",5394,4978
0,"no_caste_weighted",5395,2891
0,"no_caste_weighted",5396,7453
0,"no_caste_weighted",5397,159
0,"no_caste_weighted",5398,7380
0,"no_caste_weighted",5399,172
0,"no_caste_weighted",5400,8161
0,"no_caste_weighted",5401,10642
0,"no_caste_weighted",5402,12810
0,"no_caste_weighted",5403,10520
0,"no_caste_weighted",5404,7840
0,"no_caste_weighted",5405,3246
0,"no_caste_weighted",5406,7260
0,"no_caste_weighted",5407,4905
0,"no_caste_weighted",5408,10988
0,"no_caste_weighted",5409,1484
0,"no_caste_weighted",5410,4427
0,"no_caste_weighted",5411,2895
0,"no_caste_weighted",5412,6245
0,"no_caste_weighted",5413,4861
0,"no_caste_weighted",5414,7189
0,"no_caste_weighted",5415,12062
0,"no_caste_weighted",5416,500
0,"no_caste_weighted",5417,2899
0,"no_caste_weighted",5418,335
0,"no_caste_weighted",5419,1204
0,"no_caste_weighted",5420,8924
0,"no_caste_weighted",5421,11340
0,"no_caste_weighted",5422,6837
0,"no_caste_weighted",5423,5215
0,"no_caste_weighted",5424,9385
0,"no_caste_weighted",5425,4189
0,"no_caste_weighted",5426,13878
0,"no_caste_weighted",5427,8775
0,"no_caste_weighted",5428,3066
0,"no_caste_weighted",5429,1162
0,"no_caste_weighted",5430,12035
0,"no_caste_weighted",5431,7522
0,"no_caste_weighted",5432,3922
0,"no_caste_weighted",5433,1722
0,"no_caste_weighted",5434,4398
0,"no_caste_weighted",5435,3542
0,"no_caste_weighted",5436,6260
0,"no_caste_weighted",5437,13795
0,"no_caste_weighted",5438,1930
0,"no_caste_weighted",5439,8763
0,"no_caste_weighted",5440,6369
0,"no_caste_weighted",5441,12473
0,"no_caste_weighted",5442,10640
0,"no_caste_weighted",5443,325
0,"no_caste_weighted",5444,13211
0,"no_caste_weighted",5445,13471
0,"no_caste_weighted",5446,12075
0,"no_caste_weighted",5447,4187
0,"no_caste_weighted",5448,11609
0,"no_caste_weighted",5449,2931
0,"no_caste_weighted",5450,7393
0,"no_caste_weighted",5451,12028
0,"no_caste_weighted",5452,8553
0,"no_caste_weighted",5453,3195
0,"no_caste_weighted",5454,7747
0,"no_caste_weighted",5455,13291
0,"no_caste_weighted",5456,2832
0,"no_caste_weighted",5457,3616
0,"no_caste_weighted",5458,4281
0,"no_caste_weighted",5459,4681
0,"no_caste_weighted",5460,10022
0,"no_caste_weighted",5461,12908
0,"no_caste_weighted",5462,12640
0,"no_caste_weighted",5463,11202
0,"no_caste_weighted",5464,4539
0,"no_caste_weighted",5465,1184
0,"no_caste_weighted",5466,11295
0,"no_caste_weighted",5467,7622
0,"no_caste_weighted",5468,10771
0,"no_caste_weighted",5469,6228
0,"no_caste_weighted",5470,2180
0,"no_caste_weighted",5471,14060
0,"no_caste_weighted",5472,6438
0,"no_caste_weighted",5473,2287
0,"no_caste_weighted",5474,4773
0,"no_caste_weighted",5475,199
0,"no_caste_weighted",5476,9672
0,"no_caste_weighted",5477,2892
0,"no_caste_weighted",5478,12508
0,"no_caste_weighted",5479,4545
0,"no_caste_weighted",5480,7646
0,"no_caste_weighted",5481,268
0,"no_caste_weighted",5482,10923
0,"no_caste_weighted",5483,4879
0,"no_caste_weighted",5484,10387
0,"no_caste_weighted",5485,3610
0,"no_caste_weighted",5486,4585
0,"no_caste_weighted",5487,4609
0,"no_caste_weighted",5488,11370
0,"no_caste_weighted",5489,9329
0,"no_caste_weighted",5490,1668
0,"no_caste_weighted",5491,13930
0,"no_caste_weighted",5492,2855
0,"no_caste_weighted",5493,3108
0,"no_caste_weighted",5494,3817
0,"no_caste_weighted",5495,10865
0,"no_caste_weighted",5496,491
0,"no_caste_weighted",5497,3390
0,"no_caste_weighted",5498,10044
0,"no_caste_weighted",5499,1061
0,"no_caste_weighted",5500,3738
0,"no_caste_weighted",5501,1390
0,"no_caste_weighted",5502,4586
0,"no_caste_weighted",5503,13309
0,"no_caste_weighted",5504,2667
0,"no_caste_weighted",5505,11803
0,"no_caste_weighted",5506,4203
0,"no_caste_weighted",5507,9484
0,"no_caste_weighted",5508,763
0,"no_caste_weighted",5509,7980
0,"no_caste_weighted",5510,7776
0,"no_caste_weighted",5511,10536
0,"no_caste_weighted",5512,13700
0,"no_caste_weighted",5513,11362
0,"no_caste_weighted",5514,12396
0,"no_caste_weighted",5515,5861
0,"no_caste_weighted",5516,928
0,"no_caste_weighted",5517,7750
0,"no_caste_weighted",5518,8459
0,"no_caste_weighted",5519,803
0,"no_caste_weighted",5520,12672
0,"no_caste_weighted",5521,13779
0,"no_caste_weighted",5522,4971
0,"no_caste_weighted",5523,2260
0,"no_caste_weighted",5524,10635
0,"no_caste_weighted",5525,8129
0,"no_caste_weighted",5526,5273
0,"no_caste_weighted",5527,586
0,"no_caste_weighted",5528,1756
0,"no_caste_weighted",5529,6001
0,"no_caste_weighted",5530,2155
0,"no_caste_weighted",5531,10976
0,"no_caste_weighted",5532,2290
0,"no_caste_weighted",5533,3258
0,"no_caste_weighted",5534,4363
0,"no_caste_weighted",5535,6685
0,"no_caste_weighted",5536,372
0,"no_caste_weighted",5537,11773
0,"no_caste_weighted",5538,12254
0,"no_caste_weighted",5539,10503
0,"no_caste_weighted",5540,758
0,"no_caste_weighted",5541,10611
0,"no_caste_weighted",5542,11853
0,"no_caste_weighted",5543,7836
0,"no_caste_weighted",5544,3877
0,"no_caste_weighted",5545,11996
0,"no_caste_weighted",5546,277
0,"no_caste_weighted",5547,12910
0,"no_caste_weighted",5548,14156
0,"no_caste_weighted",5549,4478
0,"no_caste_weighted",5550,184
0,"no_caste_weighted",5551,3145
0,"no_caste_weighted",5552,6441
0,"no_caste_weighted",5553,11078
0,"no_caste_weighted",5554,11909
0,"no_caste_weighted",5555,1848
0,"no_caste_weighted",5556,1844
0,"no_caste_weighted",5557,12363
0,"no_caste_weighted",5558,9912
0,"no_caste_weighted",5559,13102
0,"no_caste_weighted",5560,12048
0,"no_caste_weighted",5561,3710
0,"no_caste_weighted",5562,4574
0,"no_caste_weighted",5563,4753
0,"no_caste_weighted",5564,4142
0,"no_caste_weighted",5565,4215
0,"no_caste_weighted",5566,4748
0,"no_caste_weighted",5567,4933
0,"no_caste_weighted",5568,6462
0,"no_caste_weighted",5569,84
0,"no_caste_weighted",5570,6479
0,"no_caste_weighted",5571,5353
0,"no_caste_weighted",5572,10024
0,"no_caste_weighted",5573,8398
0,"no_caste_weighted",5574,11144
0,"no_caste_weighted",5575,6755
0,"no_caste_weighted",5576,3482
0,"no_caste_weighted",5577,9509
0,"no_caste_weighted",5578,9214
0,"no_caste_weighted",5579,10644
0,"no_caste_weighted",5580,10919
0,"no_caste_weighted",5581,3160
0,"no_caste_weighted",5582,12540
0,"no_caste_weighted",5583,5034
0,"no_caste_weighted",5584,10507
0,"no_caste_weighted",5585,3221
0,"no_caste_weighted",5586,897
0,"no_caste_weighted",5587,1761
0,"no_caste_weighted",5588,264
0,"no_caste_weighted",5589,8268
0,"no_caste_weighted",5590,5225
0,"no_caste_weighted",5591,2535
0,"no_caste_weighted",5592,10551
0,"no_caste_weighted",5593,5228
0,"no_caste_weighted",5594,11447
0,"no_caste_weighted",5595,11530
0,"no_caste_weighted",5596,10573
0,"no_caste_weighted",5597,9028
0,"no_caste_weighted",5598,12312
0,"no_caste_weighted",5599,9408
0,"no_caste_weighted",5600,9824
0,"no_caste_weighted",5601,13505
0,"no_caste_weighted",5602,12466
0,"no_caste_weighted",5603,2288
0,"no_caste_weighted",5604,10103
0,"no_caste_weighted",5605,9285
0,"no_caste_weighted",5606,13618
0,"no_caste_weighted",5607,8100
0,"no_caste_weighted",5608,11307
0,"no_caste_weighted",5609,2567
0,"no_caste_weighted",5610,3999
0,"no_caste_weighted",5611,9309
0,"no_caste_weighted",5612,8740
0,"no_caste_weighted",5613,4067
0,"no_caste_weighted",5614,4207
0,"no_caste_weighted",5615,1998
0,"no_caste_weighted",5616,82
0,"no_caste_weighted",5617,2425
0,"no_caste_weighted",5618,873
0,"no_caste_weighted",5619,6128
0,"no_caste_weighted",5620,7311
0,"no_caste_weighted",5621,10185
0,"no_caste_weighted",5622,936
0,"no_caste_weighted",5623,12024
0,"no_caste_weighted",5624,12768
0,"no_caste_weighted",5625,6589
0,"no_caste_weighted",5626,6432
0,"no_caste_weighted",5627,4894
0,"no_caste_weighted",5628,7604
0,"no_caste_weighted",5629,8671
0,"no_caste_weighted",5630,7773
0,"no_caste_weighted",5631,7610
0,"no_caste_weighted",5632,11708
0,"no_caste_weighted",5633,5028
0,"no_caste_weighted",5634,5741
0,"no_caste_weighted",5635,14096
0,"no_caste_weighted",5636,3472
0,"no_caste_weighted",5637,12077
0,"no_caste_weighted",5638,8819
0,"no_caste_weighted",5639,12758
0,"no_caste_weighted",5640,6207
0,"no_caste_weighted",5641,11063
0,"no_caste_weighted",5642,3344
0,"no_caste_weighted",5643,3711
0,"no_caste_weighted",5644,1672
0,"no_caste_weighted",5645,5969
0,"no_caste_weighted",5646,3642
0,"no_caste_weighted",5647,6006
0,"no_caste_weighted",5648,1555
0,"no_caste_weighted",5649,9493
0,"no_caste_weighted",5650,6791
0,"no_caste_weighted",5651,1996
0,"no_caste_weighted",5652,10946
0,"no_caste_weighted",5653,10336
0,"no_caste_weighted",5654,1843
0,"no_caste_weighted",5655,7653
0,"no_caste_weighted",5656,8363
0,"no_caste_weighted",5657,10608
0,"no_caste_weighted",5658,7847
0,"no_caste_weighted",5659,8504
0,"no_caste_weighted",5660,4993
0,"no_caste_weighted",5661,1627
0,"no_caste_weighted",5662,613
0,"no_caste_weighted",5663,4442
0,"no_caste_weighted",5664,6903
0,"no_caste_weighted",5665,12756
0,"no_caste_weighted",5666,6694
0,"no_caste_weighted",5667,7684
0,"no_caste_weighted",5668,2031
0,"no_caste_weighted",5669,3504
0,"no_caste_weighted",5670,13727
0,"no_caste_weighted",5671,10291
0,"no_caste_weighted",5672,4402
0,"no_caste_weighted",5673,12690
0,"no_caste_weighted",5674,7849
0,"no_caste_weighted",5675,13612
0,"no_caste_weighted",5676,755
0,"no_caste_weighted",5677,14157
0,"no_caste_weighted",5678,10426
0,"no_caste_weighted",5679,12582
0,"no_caste_weighted",5680,929
0,"no_caste_weighted",5681,12738
0,"no_caste_weighted",5682,10867
0,"no_caste_weighted",5683,3277
0,"no_caste_weighted",5684,919
0,"no_caste_weighted",5685,3995
0,"no_caste_weighted",5686,11014
0,"no_caste_weighted",5687,12831
0,"no_caste_weighted",5688,9684
0,"no_caste_weighted",5689,3660
0,"no_caste_weighted",5690,4735
0,"no_caste_weighted",5691,3229
0,"no_caste_weighted",5692,8865
0,"no_caste_weighted",5693,10082
0,"no_caste_weighted",5694,1556
0,"no_caste_weighted",5695,1550
0,"no_caste_weighted",5696,3680
0,"no_caste_weighted",5697,7790
0,"no_caste_weighted",5698,278
0,"no_caste_weighted",5699,4714
0,"no_caste_weighted",5700,7096
0,"no_caste_weighted",5701,6384
0,"no_caste_weighted",5702,934
0,"no_caste_weighted",5703,12162
0,"no_caste_weighted",5704,9636
0,"no_caste_weighted",5705,1355
0,"no_caste_weighted",5706,11673
0,"no_caste_weighted",5707,11299
0,"no_caste_weighted",5708,2086
0,"no_caste_weighted",5709,1285
0,"no_caste_weighted",5710,2090
0,"no_caste_weighted",5711,7319
0,"no_caste_weighted",5712,6463
0,"no_caste_weighted",5713,11013
0,"no_caste_weighted",5714,2142
0,"no_caste_weighted",5715,5331
0,"no_caste_weighted",5716,10634
0,"no_caste_weighted",5717,7408
0,"no_caste_weighted",5718,8685
0,"no_caste_weighted",5719,7272
0,"no_caste_weighted",5720,687
0,"no_caste_weighted",5721,200
0,"no_caste_weighted",5722,10625
0,"no_caste_weighted",5723,12523
0,"no_caste_weighted",5724,6131
0,"no_caste_weighted",5725,6108
0,"no_caste_weighted",5726,2411
0,"no_caste_weighted",5727,8022
0,"no_caste_weighted",5728,11854
0,"no_caste_weighted",5729,7561
0,"no_caste_weighted",5730,11252
0,"no_caste_weighted",5731,794
0,"no_caste_weighted",5732,312
0,"no_caste_weighted",5733,12278
0,"no_caste_weighted",5734,8909
0,"no_caste_weighted",5735,754
0,"no_caste_weighted",5736,11912
0,"no_caste_weighted",5737,1098
0,"no_caste_weighted",5738,7404
0,"no_caste_weighted",5739,2556
0,"no_caste_weighted",5740,9368
0,"no_caste_weighted",5741,5081
0,"no_caste_weighted",5742,6938
0,"no_caste_weighted",5743,13724
0,"no_caste_weighted",5744,12022
0,"no_caste_weighted",5745,5653
0,"no_caste_weighted",5746,75
0,"no_caste_weighted",5747,940
0,"no_caste_weighted",5748,9357
0,"no_caste_weighted",5749,3628
0,"no_caste_weighted",5750,3899
0,"no_caste_weighted",5751,4493
0,"no_caste_weighted",5752,4707
0,"no_caste_weighted",5753,3040
0,"no_caste_weighted",5754,10714
0,"no_caste_weighted",5755,10008
0,"no_caste_weighted",5756,1242
0,"no_caste_weighted",5757,3702
0,"no_caste_weighted",5758,8986
0,"no_caste_weighted",5759,10727
0,"no_caste_weighted",5760,4914
0,"no_caste_weighted",5761,11298
0,"no_caste_weighted",5762,12919
0,"no_caste_weighted",5763,12929
0,"no_caste_weighted",5764,7987
0,"no_caste_weighted",5765,13704
0,"no_caste_weighted",5766,11555
0,"no_caste_weighted",5767,11692
0,"no_caste_weighted",5768,12416
0,"no_caste_weighted",5769,7464
0,"no_caste_weighted",5770,9093
0,"no_caste_weighted",5771,10939
0,"no_caste_weighted",5772,11628
0,"no_caste_weighted",5773,4190
0,"no_caste_weighted",5774,11760
0,"no_caste_weighted",5775,5473
0,"no_caste_weighted",5776,8368
0,"no_caste_weighted",5777,6238
0,"no_caste_weighted",5778,1372
0,"no_caste_weighted",5779,2641
0,"no_caste_weighted",5780,12842
0,"no_caste_weighted",5781,7459
0,"no_caste_weighted",5782,12728
0,"no_caste_weighted",5783,5660
0,"no_caste_weighted",5784,13344
0,"no_caste_weighted",5785,9300
0,"no_caste_weighted",5786,13845
0,"no_caste_weighted",5787,3511
0,"no_caste_weighted",5788,981
0,"no_caste_weighted",5789,10242
0,"no_caste_weighted",5790,10273
0,"no_caste_weighted",5791,7872
0,"no_caste_weighted",5792,9615
0,"no_caste_weighted",5793,11242
0,"no_caste_weighted",5794,10435
0,"no_caste_weighted",5795,14041
0,"no_caste_weighted",5796,7435
0,"no_caste_weighted",5797,7149
0,"no_caste_weighted",5798,6698
0,"no_caste_weighted",5799,12087
0,"no_caste_weighted",5800,7274
0,"no_caste_weighted",5801,1159
0,"no_caste_weighted",5802,2164
0,"no_caste_weighted",5803,609
0,"no_caste_weighted",5804,7587
0,"no_caste_weighted",5805,9768
0,"no_caste_weighted",5806,9752
0,"no_caste_weighted",5807,990
0,"no_caste_weighted",5808,10370
0,"no_caste_weighted",5809,8074
0,"no_caste_weighted",5810,13761
0,"no_caste_weighted",5811,6087
0,"no_caste_weighted",5812,12257
0,"no_caste_weighted",5813,4648
0,"no_caste_weighted",5814,3689
0,"no_caste_weighted",5815,1788
0,"no_caste_weighted",5816,3750
0,"no_caste_weighted",5817,9260
0,"no_caste_weighted",5818,2209
0,"no_caste_weighted",5819,12784
0,"no_caste_weighted",5820,108
0,"no_caste_weighted",5821,12034
0,"no_caste_weighted",5822,9826
0,"no_caste_weighted",5823,11374
0,"no_caste_weighted",5824,8488
0,"no_caste_weighted",5825,13325
0,"no_caste_weighted",5826,9292
0,"no_caste_weighted",5827,7913
0,"no_caste_weighted",5828,5147
0,"no_caste_weighted",5829,9701
0,"no_caste_weighted",5830,5499
0,"no_caste_weighted",5831,9162
0,"no_caste_weighted",5832,10158
0,"no_caste_weighted",5833,5952
0,"no_caste_weighted",5834,9456
0,"no_caste_weighted",5835,9021
0,"no_caste_weighted",5836,6418
0,"no_caste_weighted",5837,9791
0,"no_caste_weighted",5838,7624
0,"no_caste_weighted",5839,12450
0,"no_caste_weighted",5840,13493
0,"no_caste_weighted",5841,10803
0,"no_caste_weighted",5842,14133
0,"no_caste_weighted",5843,3606
0,"no_caste_weighted",5844,7645
0,"no_caste_weighted",5845,10680
0,"no_caste_weighted",5846,2201
0,"no_caste_weighted",5847,12370
0,"no_caste_weighted",5848,12343
0,"no_caste_weighted",5849,7582
0,"no_caste_weighted",5850,11193
0,"no_caste_weighted",5851,10619
0,"no_caste_weighted",5852,4898
0,"no_caste_weighted",5853,8312
0,"no_caste_weighted",5854,3691
0,"no_caste_weighted",5855,5222
0,"no_caste_weighted",5856,12344
0,"no_caste_weighted",5857,11655
0,"no_caste_weighted",5858,2270
0,"no_caste_weighted",5859,10927
0,"no_caste_weighted",5860,8066
0,"no_caste_weighted",5861,2672
0,"no_caste_weighted",5862,12686
0,"no_caste_weighted",5863,349
0,"no_caste_weighted",5864,8166
0,"no_caste_weighted",5865,12634
0,"no_caste_weighted",5866,13881
0,"no_caste_weighted",5867,5659
0,"no_caste_weighted",5868,14015
0,"no_caste_weighted",5869,5827
0,"no_caste_weighted",5870,2345
0,"no_caste_weighted",5871,7564
0,"no_caste_weighted",5872,1292
0,"no_caste_weighted",5873,11457
0,"no_caste_weighted",5874,11256
0,"no_caste_weighted",5875,11637
0,"no_caste_weighted",5876,2195
0,"no_caste_weighted",5877,13947
0,"no_caste_weighted",5878,11342
0,"no_caste_weighted",5879,5542
0,"no_caste_weighted",5880,3982
0,"no_caste_weighted",5881,12176
0,"no_caste_weighted",5882,6272
0,"no_caste_weighted",5883,5042
0,"no_caste_weighted",5884,11882
0,"no_caste_weighted",5885,11133
0,"no_caste_weighted",5886,14131
0,"no_caste_weighted",5887,11500
0,"no_caste_weighted",5888,11627
0,"no_caste_weighted",5889,324
0,"no_caste_weighted",5890,10898
0,"no_caste_weighted",5891,10654
0,"no_caste_weighted",5892,660
0,"no_caste_weighted",5893,13641
0,"no_caste_weighted",5894,5330
0,"no_caste_weighted",5895,653
0,"no_caste_weighted",5896,321
0,"no_caste_weighted",5897,10685
0,"no_caste_weighted",5898,5690
0,"no_caste_weighted",5899,1830
0,"no_caste_weighted",5900,12547
0,"no_caste_weighted",5901,4762
0,"no_caste_weighted",5902,13365
0,"no_caste_weighted",5903,13932
0,"no_caste_weighted",5904,7764
0,"no_caste_weighted",5905,2807
0,"no_caste_weighted",5906,13662
0,"no_caste_weighted",5907,7909
0,"no_caste_weighted",5908,11448
0,"no_caste_weighted",5909,2639
0,"no_caste_weighted",5910,12737
0,"no_caste_weighted",5911,1245
0,"no_caste_weighted",5912,7487
0,"no_caste_weighted",5913,9770
0,"no_caste_weighted",5914,8132
0,"no_caste_weighted",5915,3111
0,"no_caste_weighted",5916,1178
0,"no_caste_weighted",5917,5296
0,"no_caste_weighted",5918,13728
0,"no_caste_weighted",5919,7472
0,"no_caste_weighted",5920,10968
0,"no_caste_weighted",5921,3294
0,"no_caste_weighted",5922,11169
0,"no_caste_weighted",5923,4461
0,"no_caste_weighted",5924,3787
0,"no_caste_weighted",5925,7649
0,"no_caste_weighted",5926,11446
0,"no_caste_weighted",5927,1504
0,"no_caste_weighted",5928,4641
0,"no_caste_weighted",5929,930
0,"no_caste_weighted",5930,10003
0,"no_caste_weighted",5931,1252
0,"no_caste_weighted",5932,6455
0,"no_caste_weighted",5933,9982
0,"no_caste_weighted",5934,5447
0,"no_caste_weighted",5935,9911
0,"no_caste_weighted",5936,11292
0,"no_caste_weighted",5937,12074
0,"no_caste_weighted",5938,11465
0,"no_caste_weighted",5939,5791
0,"no_caste_weighted",5940,7683
0,"no_caste_weighted",5941,9031
0,"no_caste_weighted",5942,12109
0,"no_caste_weighted",5943,3737
0,"no_caste_weighted",5944,6914
0,"no_caste_weighted",5945,9364
0,"no_caste_weighted",5946,6408
0,"no_caste_weighted",5947,1105
0,"no_caste_weighted",5948,5537
0,"no_caste_weighted",5949,13927
0,"no_caste_weighted",5950,3978
0,"no_caste_weighted",5951,12453
0,"no_caste_weighted",5952,9597
0,"no_caste_weighted",5953,3612
0,"no_caste_weighted",5954,7617
0,"no_caste_weighted",5955,13595
0,"no_caste_weighted",5956,219
0,"no_caste_weighted",5957,9435
0,"no_caste_weighted",5958,2325
0,"no_caste_weighted",5959,2112
0,"no_caste_weighted",5960,4819
0,"no_caste_weighted",5961,7416
0,"no_caste_weighted",5962,5010
0,"no_caste_weighted",5963,1196
0,"no_caste_weighted",5964,6175
0,"no_caste_weighted",5965,13503
0,"no_caste_weighted",5966,359
0,"no_caste_weighted",5967,3018
0,"no_caste_weighted",5968,12433
0,"no_caste_weighted",5969,4126
0,"no_caste_weighted",5970,2314
0,"no_caste_weighted",5971,12322
0,"no_caste_weighted",5972,709
0,"no_caste_weighted",5973,9510
0,"no_caste_weighted",5974,5435
0,"no_caste_weighted",5975,8104
0,"no_caste_weighted",5976,6904
0,"no_caste_weighted",5977,5618
0,"no_caste_weighted",5978,4688
0,"no_caste_weighted",5979,1467
0,"no_caste_weighted",5980,2986
0,"no_caste_weighted",5981,4947
0,"no_caste_weighted",5982,3358
0,"no_caste_weighted",5983,11003
0,"no_caste_weighted",5984,11333
0,"no_caste_weighted",5985,753
0,"no_caste_weighted",5986,2536
0,"no_caste_weighted",5987,10355
0,"no_caste_weighted",5988,4632
0,"no_caste_weighted",5989,9620
0,"no_caste_weighted",5990,12191
0,"no_caste_weighted",5991,12497
0,"no_caste_weighted",5992,11411
0,"no_caste_weighted",5993,2248
0,"no_caste_weighted",5994,9249
0,"no_caste_weighted",5995,3448
0,"no_caste_weighted",5996,7710
0,"no_caste_weighted",5997,11991
0,"no_caste_weighted",5998,10228
0,"no_caste_weighted",5999,10438
0,"no_caste_weighted",6000,10221
0,"no_caste_weighted",6001,14049
0,"no_caste_weighted",6002,8030
0,"no_caste_weighted",6003,800
0,"no_caste_weighted",6004,8111
0,"no_caste_weighted",6005,4832
0,"no_caste_weighted",6006,7521
0,"no_caste_weighted",6007,4483
0,"no_caste_weighted",6008,11862
0,"no_caste_weighted",6009,13000
0,"no_caste_weighted",6010,3119
0,"no_caste_weighted",6011,12780
0,"no_caste_weighted",6012,3146
0,"no_caste_weighted",6013,8593
0,"no_caste_weighted",6014,6724
0,"no_caste_weighted",6015,5071
0,"no_caste_weighted",6016,2792
0,"no_caste_weighted",6017,11401
0,"no_caste_weighted",6018,941
0,"no_caste_weighted",6019,6652
0,"no_caste_weighted",6020,3736
0,"no_caste_weighted",6021,14050
0,"no_caste_weighted",6022,1648
0,"no_caste_weighted",6023,965
0,"no_caste_weighted",6024,12750
0,"no_caste_weighted",6025,3880
0,"no_caste_weighted",6026,12313
0,"no_caste_weighted",6027,8562
0,"no_caste_weighted",6028,6744
0,"no_caste_weighted",6029,4278
0,"no_caste_weighted",6030,2391
0,"no_caste_weighted",6031,6816
0,"no_caste_weighted",6032,12770
0,"no_caste_weighted",6033,4258
0,"no_caste_weighted",6034,6630
0,"no_caste_weighted",6035,8645
0,"no_caste_weighted",6036,11860
0,"no_caste_weighted",6037,5649
0,"no_caste_weighted",6038,12299
0,"no_caste_weighted",6039,6947
0,"no_caste_weighted",6040,11622
0,"no_caste_weighted",6041,10929
0,"no_caste_weighted",6042,4884
0,"no_caste_weighted",6043,4783
0,"no_caste_weighted",6044,8960
0,"no_caste_weighted",6045,13925
0,"no_caste_weighted",6046,4720
0,"no_caste_weighted",6047,24
0,"no_caste_weighted",6048,2634
0,"no_caste_weighted",6049,9434
0,"no_caste_weighted",6050,6655
0,"no_caste_weighted",6051,9550
0,"no_caste_weighted",6052,4940
0,"no_caste_weighted",6053,13985
0,"no_caste_weighted",6054,8858
0,"no_caste_weighted",6055,1383
0,"no_caste_weighted",6056,1025
0,"no_caste_weighted",6057,10239
0,"no_caste_weighted",6058,265
0,"no_caste_weighted",6059,2856
0,"no_caste_weighted",6060,5917
0,"no_caste_weighted",6061,1264
0,"no_caste_weighted",6062,4021
0,"no_caste_weighted",6063,14089
0,"no_caste_weighted",6064,10423
0,"no_caste_weighted",6065,5152
0,"no_caste_weighted",6066,2160
0,"no_caste_weighted",6067,5111
0,"no_caste_weighted",6068,3718
0,"no_caste_weighted",6069,11697
0,"no_caste_weighted",6070,7041
0,"no_caste_weighted",6071,12029
0,"no_caste_weighted",6072,1102
0,"no_caste_weighted",6073,7070
0,"no_caste_weighted",6074,6374
0,"no_caste_weighted",6075,622
0,"no_caste_weighted",6076,11389
0,"no_caste_weighted",6077,4272
0,"no_caste_weighted",6078,10637
0,"no_caste_weighted",6079,2001
0,"no_caste_weighted",6080,12019
0,"no_caste_weighted",6081,13894
0,"no_caste_weighted",6082,2542
0,"no_caste_weighted",6083,4807
0,"no_caste_weighted",6084,8797
0,"no_caste_weighted",6085,1752
0,"no_caste_weighted",6086,109
0,"no_caste_weighted",6087,1533
0,"no_caste_weighted",6088,9835
0,"no_caste_weighted",6089,14014
0,"no_caste_weighted",6090,13490
0,"no_caste_weighted",6091,4854
0,"no_caste_weighted",6092,9952
0,"no_caste_weighted",6093,2182
0,"no_caste_weighted",6094,10071
0,"no_caste_weighted",6095,13544
0,"no_caste_weighted",6096,7321
0,"no_caste_weighted",6097,8281
0,"no_caste_weighted",6098,615
0,"no_caste_weighted",6099,9949
0,"no_caste_weighted",6100,9235
0,"no_caste_weighted",6101,10594
0,"no_caste_weighted",6102,3293
0,"no_caste_weighted",6103,7693
0,"no_caste_weighted",6104,8416
0,"no_caste_weighted",6105,3893
0,"no_caste_weighted",6106,11085
0,"no_caste_weighted",6107,11058
0,"no_caste_weighted",6108,6905
0,"no_caste_weighted",6109,9744
0,"no_caste_weighted",6110,7816
0,"no_caste_weighted",6111,12404
0,"no_caste_weighted",6112,11314
0,"no_caste_weighted",6113,12279
0,"no_caste_weighted",6114,9163
0,"no_caste_weighted",6115,13981
0,"no_caste_weighted",6116,9032
0,"no_caste_weighted",6117,11234
0,"no_caste_weighted",6118,11322
0,"no_caste_weighted",6119,67
0,"no_caste_weighted",6120,4685
0,"no_caste_weighted",6121,12234
0,"no_caste_weighted",6122,10603
0,"no_caste_weighted",6123,4758
0,"no_caste_weighted",6124,5700
0,"no_caste_weighted",6125,1014
0,"no_caste_weighted",6126,8833
0,"no_caste_weighted",6127,11825
0,"no_caste_weighted",6128,12200
0,"no_caste_weighted",6129,2167
0,"no_caste_weighted",6130,5205
0,"no_caste_weighted",6131,8851
0,"no_caste_weighted",6132,9640
0,"no_caste_weighted",6133,11175
0,"no_caste_weighted",6134,5235
0,"no_caste_weighted",6135,10365
0,"no_caste_weighted",6136,7583
0,"no_caste_weighted",6137,3985
0,"no_caste_weighted",6138,8409
0,"no_caste_weighted",6139,8675
0,"no_caste_weighted",6140,6400
0,"no_caste_weighted",6141,3676
0,"no_caste_weighted",6142,1492
0,"no_caste_weighted",6143,9623
0,"no_caste_weighted",6144,5198
0,"no_caste_weighted",6145,5394
0,"no_caste_weighted",6146,5192
0,"no_caste_weighted",6147,5057
0,"no_caste_weighted",6148,8481
0,"no_caste_weighted",6149,5553
0,"no_caste_weighted",6150,12801
0,"no_caste_weighted",6151,2042
0,"no_caste_weighted",6152,6645
0,"no_caste_weighted",6153,8687
0,"no_caste_weighted",6154,2691
0,"no_caste_weighted",6155,1010
0,"no_caste_weighted",6156,2974
0,"no_caste_weighted",6157,2099
0,"no_caste_weighted",6158,9149
0,"no_caste_weighted",6159,10868
0,"no_caste_weighted",6160,5245
0,"no_caste_weighted",6161,9327
0,"no_caste_weighted",6162,5223
0,"no_caste_weighted",6163,4646
0,"no_caste_weighted",6164,4175
0,"no_caste_weighted",6165,2134
0,"no_caste_weighted",6166,1216
0,"no_caste_weighted",6167,10621
0,"no_caste_weighted",6168,1333
0,"no_caste_weighted",6169,6064
0,"no_caste_weighted",6170,10359
0,"no_caste_weighted",6171,2926
0,"no_caste_weighted",6172,2496
0,"no_caste_weighted",6173,7075
0,"no_caste_weighted",6174,6392
0,"no_caste_weighted",6175,7893
0,"no_caste_weighted",6176,11543
0,"no_caste_weighted",6177,342
0,"no_caste_weighted",6178,11414
0,"no_caste_weighted",6179,3992
0,"no_caste_weighted",6180,1381
0,"no_caste_weighted",6181,3991
0,"no_caste_weighted",6182,5144
0,"no_caste_weighted",6183,14057
0,"no_caste_weighted",6184,6919
0,"no_caste_weighted",6185,10404
0,"no_caste_weighted",6186,7058
0,"no_caste_weighted",6187,9776
0,"no_caste_weighted",6188,3271
0,"no_caste_weighted",6189,4799
0,"no_caste_weighted",6190,2256
0,"no_caste_weighted",6191,11946
0,"no_caste_weighted",6192,4696
0,"no_caste_weighted",6193,12954
0,"no_caste_weighted",6194,7603
0,"no_caste_weighted",6195,12316
0,"no_caste_weighted",6196,2389
0,"no_caste_weighted",6197,6187
0,"no_caste_weighted",6198,922
0,"no_caste_weighted",6199,12537
0,"no_caste_weighted",6200,842
0,"no_caste_weighted",6201,4634
0,"no_caste_weighted",6202,252
0,"no_caste_weighted",6203,226
0,"no_caste_weighted",6204,10693
0,"no_caste_weighted",6205,13554
0,"no_caste_weighted",6206,6756
0,"no_caste_weighted",6207,9687
0,"no_caste_weighted",6208,2999
0,"no_caste_weighted",6209,3205
0,"no_caste_weighted",6210,10798
0,"no_caste_weighted",6211,7480
0,"no_caste_weighted",6212,9953
0,"no_caste_weighted",6213,7666
0,"no_caste_weighted",6214,5094
0,"no_caste_weighted",6215,1831
0,"no_caste_weighted",6216,5099
0,"no_caste_weighted",6217,11277
0,"no_caste_weighted",6218,12387
0,"no_caste_weighted",6219,472
0,"no_caste_weighted",6220,13539
0,"no_caste_weighted",6221,6410
0,"no_caste_weighted",6222,9526
0,"no_caste_weighted",6223,6834
0,"no_caste_weighted",6224,4994
0,"no_caste_weighted",6225,8715
0,"no_caste_weighted",6226,11537
0,"no_caste_weighted",6227,4743
0,"no_caste_weighted",6228,9921
0,"no_caste_weighted",6229,10556
0,"no_caste_weighted",6230,12438
0,"no_caste_weighted",6231,5217
0,"no_caste_weighted",6232,13688
0,"no_caste_weighted",6233,631
0,"no_caste_weighted",6234,5684
0,"no_caste_weighted",6235,11338
0,"no_caste_weighted",6236,14090
0,"no_caste_weighted",6237,5266
0,"no_caste_weighted",6238,8327
0,"no_caste_weighted",6239,9433
0,"no_caste_weighted",6240,5650
0,"no_caste_weighted",6241,10639
0,"no_caste_weighted",6242,7268
0,"no_caste_weighted",6243,6851
0,"no_caste_weighted",6244,4214
0,"no_caste_weighted",6245,1588
0,"no_caste_weighted",6246,10504
0,"no_caste_weighted",6247,363
0,"no_caste_weighted",6248,11873
0,"no_caste_weighted",6249,1376
0,"no_caste_weighted",6250,3801
0,"no_caste_weighted",6251,13489
0,"no_caste_weighted",6252,377
0,"no_caste_weighted",6253,1243
0,"no_caste_weighted",6254,7674
0,"no_caste_weighted",6255,9128
0,"no_caste_weighted",6256,9980
0,"no_caste_weighted",6257,10196
0,"no_caste_weighted",6258,495
0,"no_caste_weighted",6259,5920
0,"no_caste_weighted",6260,752
0,"no_caste_weighted",6261,5195
0,"no_caste_weighted",6262,89
0,"no_caste_weighted",6263,8933
0,"no_caste_weighted",6264,7077
0,"no_caste_weighted",6265,14136
0,"no_caste_weighted",6266,658
0,"no_caste_weighted",6267,3538
0,"no_caste_weighted",6268,2312
0,"no_caste_weighted",6269,2571
0,"no_caste_weighted",6270,6539
0,"no_caste_weighted",6271,10296
0,"no_caste_weighted",6272,12326
0,"no_caste_weighted",6273,1988
0,"no_caste_weighted",6274,13914
0,"no_caste_weighted",6275,13436
0,"no_caste_weighted",6276,1651
0,"no_caste_weighted",6277,4025
0,"no_caste_weighted",6278,1921
0,"no_caste_weighted",6279,2049
0,"no_caste_weighted",6280,7984
0,"no_caste_weighted",6281,1977
0,"no_caste_weighted",6282,8956
0,"no_caste_weighted",6283,1877
0,"no_caste_weighted",6284,10151
0,"no_caste_weighted",6285,8238
0,"no_caste_weighted",6286,939
0,"no_caste_weighted",6287,10921
0,"no_caste_weighted",6288,1299
0,"no_caste_weighted",6289,12698
0,"no_caste_weighted",6290,13919
0,"no_caste_weighted",6291,7385
0,"no_caste_weighted",6292,9589
0,"no_caste_weighted",6293,13725
0,"no_caste_weighted",6294,853
0,"no_caste_weighted",6295,9611
0,"no_caste_weighted",6296,9959
0,"no_caste_weighted",6297,3230
0,"no_caste_weighted",6298,3387
0,"no_caste_weighted",6299,3201
0,"no_caste_weighted",6300,1649
0,"no_caste_weighted",6301,9571
0,"no_caste_weighted",6302,925
0,"no_caste_weighted",6303,8688
0,"no_caste_weighted",6304,5046
0,"no_caste_weighted",6305,12628
0,"no_caste_weighted",6306,6801
0,"no_caste_weighted",6307,11402
0,"no_caste_weighted",6308,7639
0,"no_caste_weighted",6309,11045
0,"no_caste_weighted",6310,3238
0,"no_caste_weighted",6311,6373
0,"no_caste_weighted",6312,9799
0,"no_caste_weighted",6313,6794
0,"no_caste_weighted",6314,7575
0,"no_caste_weighted",6315,3673
0,"no_caste_weighted",6316,11484
0,"no_caste_weighted",6317,5364
0,"no_caste_weighted",6318,4628
0,"no_caste_weighted",6319,10428
0,"no_caste_weighted",6320,7326
0,"no_caste_weighted",6321,12899
0,"no_caste_weighted",6322,14083
0,"no_caste_weighted",6323,5311
0,"no_caste_weighted",6324,1130
0,"no_caste_weighted",6325,6256
0,"no_caste_weighted",6326,9651
0,"no_caste_weighted",6327,11173
0,"no_caste_weighted",6328,8023
0,"no_caste_weighted",6329,8767
0,"no_caste_weighted",6330,5164
0,"no_caste_weighted",6331,977
0,"no_caste_weighted",6332,3662
0,"no_caste_weighted",6333,1416
0,"no_caste_weighted",6334,3560
0,"no_caste_weighted",6335,2316
0,"no_caste_weighted",6336,187
0,"no_caste_weighted",6337,12905
0,"no_caste_weighted",6338,2388
0,"no_caste_weighted",6339,3080
0,"no_caste_weighted",6340,1398
0,"no_caste_weighted",6341,4153
0,"no_caste_weighted",6342,1987
0,"no_caste_weighted",6343,2795
0,"no_caste_weighted",6344,1043
0,"no_caste_weighted",6345,1058
0,"no_caste_weighted",6346,8095
0,"no_caste_weighted",6347,11539
0,"no_caste_weighted",6348,1322
0,"no_caste_weighted",6349,5056
0,"no_caste_weighted",6350,9317
0,"no_caste_weighted",6351,2680
0,"no_caste_weighted",6352,9605
0,"no_caste_weighted",6353,13483
0,"no_caste_weighted",6354,231
0,"no_caste_weighted",6355,12185
0,"no_caste_weighted",6356,3505
0,"no_caste_weighted",6357,3086
0,"no_caste_weighted",6358,13015
0,"no_caste_weighted",6359,2102
0,"no_caste_weighted",6360,5760
0,"no_caste_weighted",6361,12244
0,"no_caste_weighted",6362,4630
0,"no_caste_weighted",6363,7265
0,"no_caste_weighted",6364,5186
0,"no_caste_weighted",6365,5569
0,"no_caste_weighted",6366,6922
0,"no_caste_weighted",6367,8188
0,"no_caste_weighted",6368,7830
0,"no_caste_weighted",6369,2809
0,"no_caste_weighted",6370,12565
0,"no_caste_weighted",6371,2957
0,"no_caste_weighted",6372,11
0,"no_caste_weighted",6373,944
0,"no_caste_weighted",6374,4409
0,"no_caste_weighted",6375,4032
0,"no_caste_weighted",6376,10848
0,"no_caste_weighted",6377,12351
0,"no_caste_weighted",6378,14087
0,"no_caste_weighted",6379,6879
0,"no_caste_weighted",6380,9754
0,"no_caste_weighted",6381,2350
0,"no_caste_weighted",6382,3123
0,"no_caste_weighted",6383,6232
0,"no_caste_weighted",6384,11811
0,"no_caste_weighted",6385,1866
0,"no_caste_weighted",6386,2121
0,"no_caste_weighted",6387,9696
0,"no_caste_weighted",6388,10449
0,"no_caste_weighted",6389,4756
0,"no_caste_weighted",6390,8831
0,"no_caste_weighted",6391,1133
0,"no_caste_weighted",6392,9847
0,"no_caste_weighted",6393,10613
0,"no_caste_weighted",6394,9996
0,"no_caste_weighted",6395,13558
0,"no_caste_weighted",6396,11901
0,"no_caste_weighted",6397,8755
0,"no_caste_weighted",6398,5859
0,"no_caste_weighted",6399,13454
0,"no_caste_weighted",6400,5250
0,"no_caste_weighted",6401,6171
0,"no_caste_weighted",6402,6208
0,"no_caste_weighted",6403,3234
0,"no_caste_weighted",6404,9308
0,"no_caste_weighted",6405,9087
0,"no_caste_weighted",6406,10361
0,"no_caste_weighted",6407,114
0,"no_caste_weighted",6408,12415
0,"no_caste_weighted",6409,8288
0,"no_caste_weighted",6410,5639
0,"no_caste_weighted",6411,2493
0,"no_caste_weighted",6412,10021
0,"no_caste_weighted",6413,12362
0,"no_caste_weighted",6414,3261
0,"no_caste_weighted",6415,13686
0,"no_caste_weighted",6416,9963
0,"no_caste_weighted",6417,580
0,"no_caste_weighted",6418,7173
0,"no_caste_weighted",6419,3746
0,"no_caste_weighted",6420,769
0,"no_caste_weighted",6421,7692
0,"no_caste_weighted",6422,13832
0,"no_caste_weighted",6423,7225
0,"no_caste_weighted",6424,10677
0,"no_caste_weighted",6425,10055
0,"no_caste_weighted",6426,4855
0,"no_caste_weighted",6427,457
0,"no_caste_weighted",6428,3974
0,"no_caste_weighted",6429,3832
0,"no_caste_weighted",6430,4145
0,"no_caste_weighted",6431,963
0,"no_caste_weighted",6432,9848
0,"no_caste_weighted",6433,11680
0,"no_caste_weighted",6434,13929
0,"no_caste_weighted",6435,2525
0,"no_caste_weighted",6436,3074
0,"no_caste_weighted",6437,4072
0,"no_caste_weighted",6438,13236
0,"no_caste_weighted",6439,7451
0,"no_caste_weighted",6440,11952
0,"no_caste_weighted",6441,3643
0,"no_caste_weighted",6442,2688
0,"no_caste_weighted",6443,12058
0,"no_caste_weighted",6444,11547
0,"no_caste_weighted",6445,6076
0,"no_caste_weighted",6446,5418
0,"no_caste_weighted",6447,12419
0,"no_caste_weighted",6448,1694
0,"no_caste_weighted",6449,704
0,"no_caste_weighted",6450,11084
0,"no_caste_weighted",6451,7369
0,"no_caste_weighted",6452,307
0,"no_caste_weighted",6453,913
0,"no_caste_weighted",6454,2293
0,"no_caste_weighted",6455,9099
0,"no_caste_weighted",6456,993
0,"no_caste_weighted",6457,7819
0,"no_caste_weighted",6458,11343
0,"no_caste_weighted",6459,1374
0,"no_caste_weighted",6460,1706
0,"no_caste_weighted",6461,5736
0,"no_caste_weighted",6462,13587
0,"no_caste_weighted",6463,1031
0,"no_caste_weighted",6464,9303
0,"no_caste_weighted",6465,2791
0,"no_caste_weighted",6466,10690
0,"no_caste_weighted",6467,806
0,"no_caste_weighted",6468,9195
0,"no_caste_weighted",6469,5469
0,"no_caste_weighted",6470,9569
0,"no_caste_weighted",6471,3760
0,"no_caste_weighted",6472,1858
0,"no_caste_weighted",6473,5450
0,"no_caste_weighted",6474,3204
0,"no_caste_weighted",6475,7796
0,"no_caste_weighted",6476,1005
0,"no_caste_weighted",6477,6149
0,"no_caste_weighted",6478,4512
0,"no_caste_weighted",6479,6900
0,"no_caste_weighted",6480,7705
0,"no_caste_weighted",6481,3106
0,"no_caste_weighted",6482,7100
0,"no_caste_weighted",6483,10374
0,"no_caste_weighted",6484,5248
0,"no_caste_weighted",6485,13321
0,"no_caste_weighted",6486,8219
0,"no_caste_weighted",6487,7827
0,"no_caste_weighted",6488,4035
0,"no_caste_weighted",6489,674
0,"no_caste_weighted",6490,58
0,"no_caste_weighted",6491,4333
0,"no_caste_weighted",6492,4566
0,"no_caste_weighted",6493,2344
0,"no_caste_weighted",6494,10930
0,"no_caste_weighted",6495,6303
0,"no_caste_weighted",6496,10808
0,"no_caste_weighted",6497,5963
0,"no_caste_weighted",6498,7217
0,"no_caste_weighted",6499,364
0,"no_caste_weighted",6500,6907
0,"no_caste_weighted",6501,3315
0,"no_caste_weighted",6502,6923
0,"no_caste_weighted",6503,1606
0,"no_caste_weighted",6504,12459
0,"no_caste_weighted",6505,10366
0,"no_caste_weighted",6506,8948
0,"no_caste_weighted",6507,716
0,"no_caste_weighted",6508,9142
0,"no_caste_weighted",6509,14119
0,"no_caste_weighted",6510,11127
0,"no_caste_weighted",6511,13656
0,"no_caste_weighted",6512,12136
0,"no_caste_weighted",6513,5050
0,"no_caste_weighted",6514,10804
0,"no_caste_weighted",6515,10854
0,"no_caste_weighted",6516,3473
0,"no_caste_weighted",6517,8866
0,"no_caste_weighted",6518,5831
0,"no_caste_weighted",6519,2133
0,"no_caste_weighted",6520,10279
0,"no_caste_weighted",6521,6360
0,"no_caste_weighted",6522,12266
0,"no_caste_weighted",6523,678
0,"no_caste_weighted",6524,4499
0,"no_caste_weighted",6525,5308
0,"no_caste_weighted",6526,2666
0,"no_caste_weighted",6527,2299
0,"no_caste_weighted",6528,8978
0,"no_caste_weighted",6529,2561
0,"no_caste_weighted",6530,8412
0,"no_caste_weighted",6531,8654
0,"no_caste_weighted",6532,5543
0,"no_caste_weighted",6533,4710
0,"no_caste_weighted",6534,10307
0,"no_caste_weighted",6535,5933
0,"no_caste_weighted",6536,393
0,"no_caste_weighted",6537,12685
0,"no_caste_weighted",6538,9874
0,"no_caste_weighted",6539,9463
0,"no_caste_weighted",6540,13996
0,"no_caste_weighted",6541,1152
0,"no_caste_weighted",6542,5045
0,"no_caste_weighted",6543,5866
0,"no_caste_weighted",6544,2154
0,"no_caste_weighted",6545,6976
0,"no_caste_weighted",6546,11360
0,"no_caste_weighted",6547,7899
0,"no_caste_weighted",6548,8863
0,"no_caste_weighted",6549,3729
0,"no_caste_weighted",6550,3118
0,"no_caste_weighted",6551,2867
0,"no_caste_weighted",6552,7223
0,"no_caste_weighted",6553,12856
0,"no_caste_weighted",6554,11667
0,"no_caste_weighted",6555,518
0,"no_caste_weighted",6556,9546
0,"no_caste_weighted",6557,12339
0,"no_caste_weighted",6558,12887
0,"no_caste_weighted",6559,5670
0,"no_caste_weighted",6560,1391
0,"no_caste_weighted",6561,1807
0,"no_caste_weighted",6562,8393
0,"no_caste_weighted",6563,2524
0,"no_caste_weighted",6564,5762
0,"no_caste_weighted",6565,13461
0,"no_caste_weighted",6566,8958
0,"no_caste_weighted",6567,1510
0,"no_caste_weighted",6568,3399
0,"no_caste_weighted",6569,6881
0,"no_caste_weighted",6570,9771
0,"no_caste_weighted",6571,4536
0,"no_caste_weighted",6572,12868
0,"no_caste_weighted",6573,300
0,"no_caste_weighted",6574,2163
0,"no_caste_weighted",6575,5573
0,"no_caste_weighted",6576,10980
0,"no_caste_weighted",6577,7962
0,"no_caste_weighted",6578,4784
0,"no_caste_weighted",6579,1575
0,"no_caste_weighted",6580,10569
0,"no_caste_weighted",6581,10170
0,"no_caste_weighted",6582,6902
0,"no_caste_weighted",6583,2941
0,"no_caste_weighted",6584,4881
0,"no_caste_weighted",6585,11827
0,"no_caste_weighted",6586,13504
0,"no_caste_weighted",6587,10169
0,"no_caste_weighted",6588,4023
0,"no_caste_weighted",6589,4012
0,"no_caste_weighted",6590,6309
0,"no_caste_weighted",6591,115
0,"no_caste_weighted",6592,2606
0,"no_caste_weighted",6593,750
0,"no_caste_weighted",6594,8977
0,"no_caste_weighted",6595,9875
0,"no_caste_weighted",6596,7670
0,"no_caste_weighted",6597,9487
0,"no_caste_weighted",6598,12384
0,"no_caste_weighted",6599,1826
0,"no_caste_weighted",6600,6636
0,"no_caste_weighted",6601,4497
0,"no_caste_weighted",6602,7687
0,"no_caste_weighted",6603,591
0,"no_caste_weighted",6604,4178
0,"no_caste_weighted",6605,13859
0,"no_caste_weighted",6606,11626
0,"no_caste_weighted",6607,10289
0,"no_caste_weighted",6608,1704
0,"no_caste_weighted",6609,4009
0,"no_caste_weighted",6610,2985
0,"no_caste_weighted",6611,9934
0,"no_caste_weighted",6612,3889
0,"no_caste_weighted",6613,10670
0,"no_caste_weighted",6614,6480
0,"no_caste_weighted",6615,7992
0,"no_caste_weighted",6616,7853
0,"no_caste_weighted",6617,10773
0,"no_caste_weighted",6618,2624
0,"no_caste_weighted",6619,10838
0,"no_caste_weighted",6620,802
0,"no_caste_weighted",6621,4250
0,"no_caste_weighted",6622,13652
0,"no_caste_weighted",6623,11249
0,"no_caste_weighted",6624,12610
0,"no_caste_weighted",6625,8754
0,"no_caste_weighted",6626,6800
0,"no_caste_weighted",6627,13299
0,"no_caste_weighted",6628,7929
0,"no_caste_weighted",6629,9224
0,"no_caste_weighted",6630,10850
0,"no_caste_weighted",6631,776
0,"no_caste_weighted",6632,3298
0,"no_caste_weighted",6633,9699
0,"no_caste_weighted",6634,6958
0,"no_caste_weighted",6635,8898
0,"no_caste_weighted",6636,9323
0,"no_caste_weighted",6637,3790
0,"no_caste_weighted",6638,2055
0,"no_caste_weighted",6639,2781
0,"no_caste_weighted",6640,93
0,"no_caste_weighted",6641,7577
0,"no_caste_weighted",6642,7082
0,"no_caste_weighted",6643,11818
0,"no_caste_weighted",6644,6063
0,"no_caste_weighted",6645,13755
0,"no_caste_weighted",6646,12413
0,"no_caste_weighted",6647,10058
0,"no_caste_weighted",6648,13341
0,"no_caste_weighted",6649,11329
0,"no_caste_weighted",6650,968
0,"no_caste_weighted",6651,13758
0,"no_caste_weighted",6652,8554
0,"no_caste_weighted",6653,6659
0,"no_caste_weighted",6654,7076
0,"no_caste_weighted",6655,2448
0,"no_caste_weighted",6656,6563
0,"no_caste_weighted",6657,13918
0,"no_caste_weighted",6658,3857
0,"no_caste_weighted",6659,5395
0,"no_caste_weighted",6660,6893
0,"no_caste_weighted",6661,7630
0,"no_caste_weighted",6662,8051
0,"no_caste_weighted",6663,13897
0,"no_caste_weighted",6664,1979
0,"no_caste_weighted",6665,3354
0,"no_caste_weighted",6666,11684
0,"no_caste_weighted",6667,9
0,"no_caste_weighted",6668,2900
0,"no_caste_weighted",6669,1410
0,"no_caste_weighted",6670,7541
0,"no_caste_weighted",6671,13676
0,"no_caste_weighted",6672,3848
0,"no_caste_weighted",6673,11443
0,"no_caste_weighted",6674,1199
0,"no_caste_weighted",6675,7823
0,"no_caste_weighted",6676,5771
0,"no_caste_weighted",6677,8392
0,"no_caste_weighted",6678,9322
0,"no_caste_weighted",6679,877
0,"no_caste_weighted",6680,995
0,"no_caste_weighted",6681,12653
0,"no_caste_weighted",6682,1145
0,"no_caste_weighted",6683,3242
0,"no_caste_weighted",6684,519
0,"no_caste_weighted",6685,11378
0,"no_caste_weighted",6686,6070
0,"no_caste_weighted",6687,7128
0,"no_caste_weighted",6688,13665
0,"no_caste_weighted",6689,9658
0,"no_caste_weighted",6690,13368
0,"no_caste_weighted",6691,12410
0,"no_caste_weighted",6692,11973
0,"no_caste_weighted",6693,9063
0,"no_caste_weighted",6694,6541
0,"no_caste_weighted",6695,5240
0,"no_caste_weighted",6696,10041
0,"no_caste_weighted",6697,13979
0,"no_caste_weighted",6698,12423
0,"no_caste_weighted",6699,9321
0,"no_caste_weighted",6700,1457
0,"no_caste_weighted",6701,6632
0,"no_caste_weighted",6702,8395
0,"no_caste_weighted",6703,473
0,"no_caste_weighted",6704,194
0,"no_caste_weighted",6705,11220
0,"no_caste_weighted",6706,1256
0,"no_caste_weighted",6707,1757
0,"no_caste_weighted",6708,1323
0,"no_caste_weighted",6709,864
0,"no_caste_weighted",6710,5259
0,"no_caste_weighted",6711,2612
0,"no_caste_weighted",6712,11520
0,"no_caste_weighted",6713,11326
0,"no_caste_weighted",6714,8497
0,"no_caste_weighted",6715,6393
0,"no_caste_weighted",6716,11876
0,"no_caste_weighted",6717,3805
0,"no_caste_weighted",6718,9649
0,"no_caste_weighted",6719,9337
0,"no_caste_weighted",6720,6102
0,"no_caste_weighted",6721,7941
0,"no_caste_weighted",6722,2546
0,"no_caste_weighted",6723,8027
0,"no_caste_weighted",6724,2039
0,"no_caste_weighted",6725,10931
0,"no_caste_weighted",6726,6385
0,"no_caste_weighted",6727,11397
0,"no_caste_weighted",6728,11248
0,"no_caste_weighted",6729,3580
0,"no_caste_weighted",6730,8951
0,"no_caste_weighted",6731,1251
0,"no_caste_weighted",6732,10413
0,"no_caste_weighted",6733,1656
0,"no_caste_weighted",6734,1295
0,"no_caste_weighted",6735,6299
0,"no_caste_weighted",6736,2685
0,"no_caste_weighted",6737,2784
0,"no_caste_weighted",6738,10305
0,"no_caste_weighted",6739,11006
0,"no_caste_weighted",6740,3668
0,"no_caste_weighted",6741,10649
0,"no_caste_weighted",6742,3721
0,"no_caste_weighted",6743,9252
0,"no_caste_weighted",6744,7723
0,"no_caste_weighted",6745,1917
0,"no_caste_weighted",6746,11012
0,"no_caste_weighted",6747,9474
0,"no_caste_weighted",6748,5892
0,"no_caste_weighted",6749,549
0,"no_caste_weighted",6750,8032
0,"no_caste_weighted",6751,10963
0,"no_caste_weighted",6752,4982
0,"no_caste_weighted",6753,4420
0,"no_caste_weighted",6754,3774
0,"no_caste_weighted",6755,1786
0,"no_caste_weighted",6756,5925
0,"no_caste_weighted",6757,2768
0,"no_caste_weighted",6758,2928
0,"no_caste_weighted",6759,3661
0,"no_caste_weighted",6760,9721
0,"no_caste_weighted",6761,6607
0,"no_caste_weighted",6762,12880
0,"no_caste_weighted",6763,10282
0,"no_caste_weighted",6764,5193
0,"no_caste_weighted",6765,718
0,"no_caste_weighted",6766,892
0,"no_caste_weighted",6767,4578
0,"no_caste_weighted",6768,9723
0,"no_caste_weighted",6769,11942
0,"no_caste_weighted",6770,25
0,"no_caste_weighted",6771,550
0,"no_caste_weighted",6772,10066
0,"no_caste_weighted",6773,9342
0,"no_caste_weighted",6774,10960
0,"no_caste_weighted",6775,3683
0,"no_caste_weighted",6776,2630
0,"no_caste_weighted",6777,13826
0,"no_caste_weighted",6778,2130
0,"no_caste_weighted",6779,10347
0,"no_caste_weighted",6780,5986
0,"no_caste_weighted",6781,5789
0,"no_caste_weighted",6782,8121
0,"no_caste_weighted",6783,8297
0,"no_caste_weighted",6784,7086
0,"no_caste_weighted",6785,1392
0,"no_caste_weighted",6786,5596
0,"no_caste_weighted",6787,12020
0,"no_caste_weighted",6788,10281
0,"no_caste_weighted",6789,10925
0,"no_caste_weighted",6790,10434
0,"no_caste_weighted",6791,2562
0,"no_caste_weighted",6792,5525
0,"no_caste_weighted",6793,10075
0,"no_caste_weighted",6794,4704
0,"no_caste_weighted",6795,11072
0,"no_caste_weighted",6796,1456
0,"no_caste_weighted",6797,9232
0,"no_caste_weighted",6798,11851
0,"no_caste_weighted",6799,12131
0,"no_caste_weighted",6800,6757
0,"no_caste_weighted",6801,10147
0,"no_caste_weighted",6802,3527
0,"no_caste_weighted",6803,8431
0,"no_caste_weighted",6804,7101
0,"no_caste_weighted",6805,7679
0,"no_caste_weighted",6806,12789
0,"no_caste_weighted",6807,12154
0,"no_caste_weighted",6808,5244
0,"no_caste_weighted",6809,2995
0,"no_caste_weighted",6810,5385
0,"no_caste_weighted",6811,5016
0,"no_caste_weighted",6812,5858
0,"no_caste_weighted",6813,1754
0,"no_caste_weighted",6814,1767
0,"no_caste_weighted",6815,4255
0,"no_caste_weighted",6816,2018
0,"no_caste_weighted",6817,12744
0,"no_caste_weighted",6818,12881
0,"no_caste_weighted",6819,4514
0,"no_caste_weighted",6820,7103
0,"no_caste_weighted",6821,12932
0,"no_caste_weighted",6822,6843
0,"no_caste_weighted",6823,1534
0,"no_caste_weighted",6824,4888
0,"no_caste_weighted",6825,10149
0,"no_caste_weighted",6826,1428
0,"no_caste_weighted",6827,3476
0,"no_caste_weighted",6828,5919
0,"no_caste_weighted",6829,2188
0,"no_caste_weighted",6830,2027
0,"no_caste_weighted",6831,5237
0,"no_caste_weighted",6832,6819
0,"no_caste_weighted",6833,5002
0,"no_caste_weighted",6834,1466
0,"no_caste_weighted",6835,11251
0,"no_caste_weighted",6836,1600
0,"no_caste_weighted",6837,9560
0,"no_caste_weighted",6838,9332
0,"no_caste_weighted",6839,6969
0,"no_caste_weighted",6840,12365
0,"no_caste_weighted",6841,8186
0,"no_caste_weighted",6842,10098
0,"no_caste_weighted",6843,3333
0,"no_caste_weighted",6844,3126
0,"no_caste_weighted",6845,6554
0,"no_caste_weighted",6846,8253
0,"no_caste_weighted",6847,12515
0,"no_caste_weighted",6848,12997
0,"no_caste_weighted",6849,8737
0,"no_caste_weighted",6850,6935
0,"no_caste_weighted",6851,9143
0,"no_caste_weighted",6852,7560
0,"no_caste_weighted",6853,5455
0,"no_caste_weighted",6854,6028
0,"no_caste_weighted",6855,6689
0,"no_caste_weighted",6856,13731
0,"no_caste_weighted",6857,5262
0,"no_caste_weighted",6858,10615
0,"no_caste_weighted",6859,6995
0,"no_caste_weighted",6860,2189
0,"no_caste_weighted",6861,11331
0,"no_caste_weighted",6862,1308
0,"no_caste_weighted",6863,12292
0,"no_caste_weighted",6864,9239
0,"no_caste_weighted",6865,6626
0,"no_caste_weighted",6866,10341
0,"no_caste_weighted",6867,6569
0,"no_caste_weighted",6868,4157
0,"no_caste_weighted",6869,6604
0,"no_caste_weighted",6870,7474
0,"no_caste_weighted",6871,12120
0,"no_caste_weighted",6872,3953
0,"no_caste_weighted",6873,558
0,"no_caste_weighted",6874,5003
0,"no_caste_weighted",6875,10013
0,"no_caste_weighted",6876,4085
0,"no_caste_weighted",6877,6603
0,"no_caste_weighted",6878,7360
0,"no_caste_weighted",6879,10841
0,"no_caste_weighted",6880,6205
0,"no_caste_weighted",6881,11396
0,"no_caste_weighted",6882,12956
0,"no_caste_weighted",6883,12918
0,"no_caste_weighted",6884,6592
0,"no_caste_weighted",6885,8133
0,"no_caste_weighted",6886,11894
0,"no_caste_weighted",6887,2061
0,"no_caste_weighted",6888,8283
0,"no_caste_weighted",6889,118
0,"no_caste_weighted",6890,12823
0,"no_caste_weighted",6891,7243
0,"no_caste_weighted",6892,6371
0,"no_caste_weighted",6893,6963
0,"no_caste_weighted",6894,7734
0,"no_caste_weighted",6895,4757
0,"no_caste_weighted",6896,5143
0,"no_caste_weighted",6897,11718
0,"no_caste_weighted",6898,11246
0,"no_caste_weighted",6899,10229
0,"no_caste_weighted",6900,10040
0,"no_caste_weighted",6901,2501
0,"no_caste_weighted",6902,2823
0,"no_caste_weighted",6903,9238
0,"no_caste_weighted",6904,382
0,"no_caste_weighted",6905,8348
0,"no_caste_weighted",6906,303
0,"no_caste_weighted",6907,11913
0,"no_caste_weighted",6908,9633
0,"no_caste_weighted",6909,11578
0,"no_caste_weighted",6910,8880
0,"no_caste_weighted",6911,13936
0,"no_caste_weighted",6912,4469
0,"no_caste_weighted",6913,10910
0,"no_caste_weighted",6914,4594
0,"no_caste_weighted",6915,987
0,"no_caste_weighted",6916,5301
0,"no_caste_weighted",6917,3147
0,"no_caste_weighted",6918,5847
0,"no_caste_weighted",6919,8067
0,"no_caste_weighted",6920,4998
0,"no_caste_weighted",6921,6012
0,"no_caste_weighted",6922,3644
0,"no_caste_weighted",6923,5345
0,"no_caste_weighted",6924,5478
0,"no_caste_weighted",6925,6588
0,"no_caste_weighted",6926,9111
0,"no_caste_weighted",6927,5538
0,"no_caste_weighted",6928,1013
0,"no_caste_weighted",6929,5157
0,"no_caste_weighted",6930,2841
0,"no_caste_weighted",6931,12447
0,"no_caste_weighted",6932,10757
0,"no_caste_weighted",6933,11369
0,"no_caste_weighted",6934,5954
0,"no_caste_weighted",6935,10016
0,"no_caste_weighted",6936,5512
0,"no_caste_weighted",6937,11080
0,"no_caste_weighted",6938,10091
0,"no_caste_weighted",6939,5637
0,"no_caste_weighted",6940,11597
0,"no_caste_weighted",6941,6461
0,"no_caste_weighted",6942,6665
0,"no_caste_weighted",6943,5687
0,"no_caste_weighted",6944,302
0,"no_caste_weighted",6945,1755
0,"no_caste_weighted",6946,8374
0,"no_caste_weighted",6947,9655
0,"no_caste_weighted",6948,7810
0,"no_caste_weighted",6949,249
0,"no_caste_weighted",6950,6488
0,"no_caste_weighted",6951,11856
0,"no_caste_weighted",6952,748
0,"no_caste_weighted",6953,5337
0,"no_caste_weighted",6954,11450
0,"no_caste_weighted",6955,588
0,"no_caste_weighted",6956,8867
0,"no_caste_weighted",6957,3525
0,"no_caste_weighted",6958,11181
0,"no_caste_weighted",6959,4471
0,"no_caste_weighted",6960,1585
0,"no_caste_weighted",6961,1863
0,"no_caste_weighted",6962,5936
0,"no_caste_weighted",6963,5857
0,"no_caste_weighted",6964,9979
0,"no_caste_weighted",6965,10401
0,"no_caste_weighted",6966,1613
0,"no_caste_weighted",6967,12931
0,"no_caste_weighted",6968,8667
0,"no_caste_weighted",6969,78
0,"no_caste_weighted",6970,4966
0,"no_caste_weighted",6971,926
0,"no_caste_weighted",6972,6874
0,"no_caste_weighted",6973,10124
0,"no_caste_weighted",6974,1944
0,"no_caste_weighted",6975,7928
0,"no_caste_weighted",6976,4996
0,"no_caste_weighted",6977,1119
0,"no_caste_weighted",6978,5236
0,"no_caste_weighted",6979,3626
0,"no_caste_weighted",6980,12252
0,"no_caste_weighted",6981,12361
0,"no_caste_weighted",6982,7843
0,"no_caste_weighted",6983,1250
0,"no_caste_weighted",6984,340
0,"no_caste_weighted",6985,4115
0,"no_caste_weighted",6986,5174
0,"no_caste_weighted",6987,1153
0,"no_caste_weighted",6988,4689
0,"no_caste_weighted",6989,8993
0,"no_caste_weighted",6990,8973
0,"no_caste_weighted",6991,8657
0,"no_caste_weighted",6992,488
0,"no_caste_weighted",6993,3770
0,"no_caste_weighted",6994,11189
0,"no_caste_weighted",6995,2114
0,"no_caste_weighted",6996,9444
0,"no_caste_weighted",6997,3861
0,"no_caste_weighted",6998,4302
0,"no_caste_weighted",6999,5584
0,"no_caste_weighted",7000,9218
0,"no_caste_weighted",7001,9854
0,"no_caste_weighted",7002,12683
0,"no_caste_weighted",7003,3969
0,"no_caste_weighted",7004,7549
0,"no_caste_weighted",7005,3907
0,"no_caste_weighted",7006,764
0,"no_caste_weighted",7007,3377
0,"no_caste_weighted",7008,12642
0,"no_caste_weighted",7009,4814
0,"no_caste_weighted",7010,8079
0,"no_caste_weighted",7011,2582
0,"no_caste_weighted",7012,10894
0,"no_caste_weighted",7013,270
0,"no_caste_weighted",7014,6644
0,"no_caste_weighted",7015,9805
0,"no_caste_weighted",7016,12046
0,"no_caste_weighted",7017,10031
0,"no_caste_weighted",7018,1370
0,"no_caste_weighted",7019,7308
0,"no_caste_weighted",7020,6827
0,"no_caste_weighted",7021,12894
0,"no_caste_weighted",7022,13748
0,"no_caste_weighted",7023,12005
0,"no_caste_weighted",7024,10455
0,"no_caste_weighted",7025,1780
0,"no_caste_weighted",7026,2140
0,"no_caste_weighted",7027,6596
0,"no_caste_weighted",7028,2484
0,"no_caste_weighted",7029,3437
0,"no_caste_weighted",7030,3468
0,"no_caste_weighted",7031,2327
0,"no_caste_weighted",7032,12177
0,"no_caste_weighted",7033,10632
0,"no_caste_weighted",7034,2991
0,"no_caste_weighted",7035,5427
0,"no_caste_weighted",7036,13741
0,"no_caste_weighted",7037,2228
0,"no_caste_weighted",7038,6612
0,"no_caste_weighted",7039,4877
0,"no_caste_weighted",7040,2116
0,"no_caste_weighted",7041,11075
0,"no_caste_weighted",7042,12271
0,"no_caste_weighted",7043,7093
0,"no_caste_weighted",7044,2975
0,"no_caste_weighted",7045,2372
0,"no_caste_weighted",7046,1839
0,"no_caste_weighted",7047,11339
0,"no_caste_weighted",7048,10893
0,"no_caste_weighted",7049,10390
0,"no_caste_weighted",7050,6752
0,"no_caste_weighted",7051,2483
0,"no_caste_weighted",7052,610
0,"no_caste_weighted",7053,1452
0,"no_caste_weighted",7054,10039
0,"no_caste_weighted",7055,3027
0,"no_caste_weighted",7056,8787
0,"no_caste_weighted",7057,4191
0,"no_caste_weighted",7058,8473
0,"no_caste_weighted",7059,9320
0,"no_caste_weighted",7060,7766
0,"no_caste_weighted",7061,11200
0,"no_caste_weighted",7062,6717
0,"no_caste_weighted",7063,4658
0,"no_caste_weighted",7064,3412
0,"no_caste_weighted",7065,12871
0,"no_caste_weighted",7066,8568
0,"no_caste_weighted",7067,3747
0,"no_caste_weighted",7068,4181
0,"no_caste_weighted",7069,13744
0,"no_caste_weighted",7070,5953
0,"no_caste_weighted",7071,5176
0,"no_caste_weighted",7072,2812
0,"no_caste_weighted",7073,13815
0,"no_caste_weighted",7074,11788
0,"no_caste_weighted",7075,3732
0,"no_caste_weighted",7076,6460
0,"no_caste_weighted",7077,3131
0,"no_caste_weighted",7078,3859
0,"no_caste_weighted",7079,2660
0,"no_caste_weighted",7080,2094
0,"no_caste_weighted",7081,3284
0,"no_caste_weighted",7082,11304
0,"no_caste_weighted",7083,4458
0,"no_caste_weighted",7084,12712
0,"no_caste_weighted",7085,8123
0,"no_caste_weighted",7086,2379
0,"no_caste_weighted",7087,1393
0,"no_caste_weighted",7088,5199
0,"no_caste_weighted",7089,6640
0,"no_caste_weighted",7090,2853
0,"no_caste_weighted",7091,6713
0,"no_caste_weighted",7092,7229
0,"no_caste_weighted",7093,2805
0,"no_caste_weighted",7094,9710
0,"no_caste_weighted",7095,12152
0,"no_caste_weighted",7096,4611
0,"no_caste_weighted",7097,4804
0,"no_caste_weighted",7098,8641
0,"no_caste_weighted",7099,1404
0,"no_caste_weighted",7100,12381
0,"no_caste_weighted",7101,1947
0,"no_caste_weighted",7102,9361
0,"no_caste_weighted",7103,2023
0,"no_caste_weighted",7104,1422
0,"no_caste_weighted",7105,12985
0,"no_caste_weighted",7106,8926
0,"no_caste_weighted",7107,7314
0,"no_caste_weighted",7108,1373
0,"no_caste_weighted",7109,11207
0,"no_caste_weighted",7110,11878
0,"no_caste_weighted",7111,8580
0,"no_caste_weighted",7112,12643
0,"no_caste_weighted",7113,163
0,"no_caste_weighted",7114,13737
0,"no_caste_weighted",7115,10696
0,"no_caste_weighted",7116,3214
0,"no_caste_weighted",7117,11930
0,"no_caste_weighted",7118,5815
0,"no_caste_weighted",7119,943
0,"no_caste_weighted",7120,1660
0,"no_caste_weighted",7121,14002
0,"no_caste_weighted",7122,12930
0,"no_caste_weighted",7123,2054
0,"no_caste_weighted",7124,6939
0,"no_caste_weighted",7125,11979
0,"no_caste_weighted",7126,5104
0,"no_caste_weighted",7127,12536
0,"no_caste_weighted",7128,938
0,"no_caste_weighted",7129,825
0,"no_caste_weighted",7130,37
0,"no_caste_weighted",7131,4368
0,"no_caste_weighted",7132,6041
0,"no_caste_weighted",7133,12530
0,"no_caste_weighted",7134,10809
0,"no_caste_weighted",7135,3713
0,"no_caste_weighted",7136,11334
0,"no_caste_weighted",7137,731
0,"no_caste_weighted",7138,8900
0,"no_caste_weighted",7139,11570
0,"no_caste_weighted",7140,383
0,"no_caste_weighted",7141,3761
0,"no_caste_weighted",7142,13589
0,"no_caste_weighted",7143,9227
0,"no_caste_weighted",7144,6711
0,"no_caste_weighted",7145,11842
0,"no_caste_weighted",7146,8122
0,"no_caste_weighted",7147,8041
0,"no_caste_weighted",7148,1364
0,"no_caste_weighted",7149,6550
0,"no_caste_weighted",7150,221
0,"no_caste_weighted",7151,7917
0,"no_caste_weighted",7152,2894
0,"no_caste_weighted",7153,1989
0,"no_caste_weighted",7154,1530
0,"no_caste_weighted",7155,13133
0,"no_caste_weighted",7156,10234
0,"no_caste_weighted",7157,6379
0,"no_caste_weighted",7158,2009
0,"no_caste_weighted",7159,3167
0,"no_caste_weighted",7160,9343
0,"no_caste_weighted",7161,2578
0,"no_caste_weighted",7162,5386
0,"no_caste_weighted",7163,6289
0,"no_caste_weighted",7164,1298
0,"no_caste_weighted",7165,14008
0,"no_caste_weighted",7166,458
0,"no_caste_weighted",7167,12926
0,"no_caste_weighted",7168,2663
0,"no_caste_weighted",7169,2816
0,"no_caste_weighted",7170,12302
0,"no_caste_weighted",7171,6145
0,"no_caste_weighted",7172,6055
0,"no_caste_weighted",7173,9772
0,"no_caste_weighted",7174,5890
0,"no_caste_weighted",7175,2642
0,"no_caste_weighted",7176,1978
0,"no_caste_weighted",7177,9759
0,"no_caste_weighted",7178,9209
0,"no_caste_weighted",7179,8089
0,"no_caste_weighted",7180,4679
0,"no_caste_weighted",7181,12269
0,"no_caste_weighted",7182,7428
0,"no_caste_weighted",7183,12201
0,"no_caste_weighted",7184,2625
0,"no_caste_weighted",7185,13647
0,"no_caste_weighted",7186,6971
0,"no_caste_weighted",7187,10896
0,"no_caste_weighted",7188,1233
0,"no_caste_weighted",7189,11440
0,"no_caste_weighted",7190,1941
0,"no_caste_weighted",7191,13884
0,"no_caste_weighted",7192,6315
0,"no_caste_weighted",7193,13262
0,"no_caste_weighted",7194,741
0,"no_caste_weighted",7195,7884
0,"no_caste_weighted",7196,2251
0,"no_caste_weighted",7197,7291
0,"no_caste_weighted",7198,10524
0,"no_caste_weighted",7199,11473
0,"no_caste_weighted",7200,8955
0,"no_caste_weighted",7201,3699
0,"no_caste_weighted",7202,5340
0,"no_caste_weighted",7203,5533
0,"no_caste_weighted",7204,7328
0,"no_caste_weighted",7205,10214
0,"no_caste_weighted",7206,4771
0,"no_caste_weighted",7207,483
0,"no_caste_weighted",7208,3777
0,"no_caste_weighted",7209,4805
0,"no_caste_weighted",7210,12330
0,"no_caste_weighted",7211,8696
0,"no_caste_weighted",7212,10668
0,"no_caste_weighted",7213,11978
0,"no_caste_weighted",7214,9748
0,"no_caste_weighted",7215,7117
0,"no_caste_weighted",7216,5204
0,"no_caste_weighted",7217,11613
0,"no_caste_weighted",7218,3483
0,"no_caste_weighted",7219,2183
0,"no_caste_weighted",7220,10278
0,"no_caste_weighted",7221,7045
0,"no_caste_weighted",7222,3397
0,"no_caste_weighted",7223,6399
0,"no_caste_weighted",7224,10339
0,"no_caste_weighted",7225,266
0,"no_caste_weighted",7226,1605
0,"no_caste_weighted",7227,4399
0,"no_caste_weighted",7228,8152
0,"no_caste_weighted",7229,1912
0,"no_caste_weighted",7230,4919
0,"no_caste_weighted",7231,13988
0,"no_caste_weighted",7232,5979
0,"no_caste_weighted",7233,7329
0,"no_caste_weighted",7234,821
0,"no_caste_weighted",7235,11280
0,"no_caste_weighted",7236,13323
0,"no_caste_weighted",7237,4446
0,"no_caste_weighted",7238,2592
0,"no_caste_weighted",7239,6122
0,"no_caste_weighted",7240,1567
0,"no_caste_weighted",7241,11990
0,"no_caste_weighted",7242,1525
0,"no_caste_weighted",7243,12301
0,"no_caste_weighted",7244,1503
0,"no_caste_weighted",7245,7593
0,"no_caste_weighted",7246,9638
0,"no_caste_weighted",7247,11507
0,"no_caste_weighted",7248,1286
0,"no_caste_weighted",7249,5270
0,"no_caste_weighted",7250,10292
0,"no_caste_weighted",7251,1040
0,"no_caste_weighted",7252,6915
0,"no_caste_weighted",7253,10953
0,"no_caste_weighted",7254,11611
0,"no_caste_weighted",7255,1042
0,"no_caste_weighted",7256,9328
0,"no_caste_weighted",7257,5932
0,"no_caste_weighted",7258,5189
0,"no_caste_weighted",7259,4393
0,"no_caste_weighted",7260,3568
0,"no_caste_weighted",7261,4988
0,"no_caste_weighted",7262,3709
0,"no_caste_weighted",7263,11582
0,"no_caste_weighted",7264,467
0,"no_caste_weighted",7265,13673
0,"no_caste_weighted",7266,9708
0,"no_caste_weighted",7267,10174
0,"no_caste_weighted",7268,12449
0,"no_caste_weighted",7269,7880
0,"no_caste_weighted",7270,5695
0,"no_caste_weighted",7271,9347
0,"no_caste_weighted",7272,13029
0,"no_caste_weighted",7273,6678
0,"no_caste_weighted",7274,605
0,"no_caste_weighted",7275,3521
0,"no_caste_weighted",7276,6614
0,"no_caste_weighted",7277,6116
0,"no_caste_weighted",7278,9055
0,"no_caste_weighted",7279,6325
0,"no_caste_weighted",7280,2786
0,"no_caste_weighted",7281,1359
0,"no_caste_weighted",7282,6616
0,"no_caste_weighted",7283,2271
0,"no_caste_weighted",7284,4201
0,"no_caste_weighted",7285,7820
0,"no_caste_weighted",7286,12516
0,"no_caste_weighted",7287,13162
0,"no_caste_weighted",7288,12250
0,"no_caste_weighted",7289,10259
0,"no_caste_weighted",7290,1626
0,"no_caste_weighted",7291,9802
0,"no_caste_weighted",7292,2281
0,"no_caste_weighted",7293,6112
0,"no_caste_weighted",7294,9516
0,"no_caste_weighted",7295,7465
0,"no_caste_weighted",7296,5644
0,"no_caste_weighted",7297,3846
0,"no_caste_weighted",7298,6916
0,"no_caste_weighted",7299,4728
0,"no_caste_weighted",7300,5029
0,"no_caste_weighted",7301,4000
0,"no_caste_weighted",7302,351
0,"no_caste_weighted",7303,207
0,"no_caste_weighted",7304,12863
0,"no_caste_weighted",7305,861
0,"no_caste_weighted",7306,912
0,"no_caste_weighted",7307,13784
0,"no_caste_weighted",7308,12390
0,"no_caste_weighted",7309,403
0,"no_caste_weighted",7310,9820
0,"no_caste_weighted",7311,4411
0,"no_caste_weighted",7312,10377
0,"no_caste_weighted",7313,13889
0,"no_caste_weighted",7314,5378
0,"no_caste_weighted",7315,157
0,"no_caste_weighted",7316,4767
0,"no_caste_weighted",7317,12501
0,"no_caste_weighted",7318,2354
0,"no_caste_weighted",7319,6677
0,"no_caste_weighted",7320,1475
0,"no_caste_weighted",7321,177
0,"no_caste_weighted",7322,5740
0,"no_caste_weighted",7323,3900
0,"no_caste_weighted",7324,5895
0,"no_caste_weighted",7325,10787
0,"no_caste_weighted",7326,3408
0,"no_caste_weighted",7327,6407
0,"no_caste_weighted",7328,5116
0,"no_caste_weighted",7329,12321
0,"no_caste_weighted",7330,10326
0,"no_caste_weighted",7331,2286
0,"no_caste_weighted",7332,9086
0,"no_caste_weighted",7333,720
0,"no_caste_weighted",7334,10875
0,"no_caste_weighted",7335,6317
0,"no_caste_weighted",7336,644
0,"no_caste_weighted",7337,8378
0,"no_caste_weighted",7338,6627
0,"no_caste_weighted",7339,4972
0,"no_caste_weighted",7340,8759
0,"no_caste_weighted",7341,12901
0,"no_caste_weighted",7342,3407
0,"no_caste_weighted",7343,11064
0,"no_caste_weighted",7344,9140
0,"no_caste_weighted",7345,7856
0,"no_caste_weighted",7346,9669
0,"no_caste_weighted",7347,9767
0,"no_caste_weighted",7348,7811
0,"no_caste_weighted",7349,11020
0,"no_caste_weighted",7350,10470
0,"no_caste_weighted",7351,3244
0,"no_caste_weighted",7352,3916
0,"no_caste_weighted",7353,4719
0,"no_caste_weighted",7354,9246
0,"no_caste_weighted",7355,3847
0,"no_caste_weighted",7356,2610
0,"no_caste_weighted",7357,1277
0,"no_caste_weighted",7358,8762
0,"no_caste_weighted",7359,6583
0,"no_caste_weighted",7360,9558
0,"no_caste_weighted",7361,5267
0,"no_caste_weighted",7362,1835
0,"no_caste_weighted",7363,12374
0,"no_caste_weighted",7364,10732
0,"no_caste_weighted",7365,2181
0,"no_caste_weighted",7366,237
0,"no_caste_weighted",7367,9184
0,"no_caste_weighted",7368,8029
0,"no_caste_weighted",7369,13752
0,"no_caste_weighted",7370,5940
0,"no_caste_weighted",7371,9497
0,"no_caste_weighted",7372,1950
0,"no_caste_weighted",7373,10163
0,"no_caste_weighted",7374,9048
0,"no_caste_weighted",7375,9490
0,"no_caste_weighted",7376,13864
0,"no_caste_weighted",7377,9657
0,"no_caste_weighted",7378,14065
0,"no_caste_weighted",7379,1689
0,"no_caste_weighted",7380,4967
0,"no_caste_weighted",7381,7040
0,"no_caste_weighted",7382,935
0,"no_caste_weighted",7383,7671
0,"no_caste_weighted",7384,1732
0,"no_caste_weighted",7385,7960
0,"no_caste_weighted",7386,4194
0,"no_caste_weighted",7387,12311
0,"no_caste_weighted",7388,1332
0,"no_caste_weighted",7389,13866
0,"no_caste_weighted",7390,2211
0,"no_caste_weighted",7391,8486
0,"no_caste_weighted",7392,623
0,"no_caste_weighted",7393,6568
0,"no_caste_weighted",7394,7362
0,"no_caste_weighted",7395,12483
0,"no_caste_weighted",7396,7188
0,"no_caste_weighted",7397,6206
0,"no_caste_weighted",7398,10079
0,"no_caste_weighted",7399,126
0,"no_caste_weighted",7400,5213
0,"no_caste_weighted",7401,7248
0,"no_caste_weighted",7402,6679
0,"no_caste_weighted",7403,3588
0,"no_caste_weighted",7404,5990
0,"no_caste_weighted",7405,1104
0,"no_caste_weighted",7406,12455
0,"no_caste_weighted",7407,6974
0,"no_caste_weighted",7408,6151
0,"no_caste_weighted",7409,13352
0,"no_caste_weighted",7410,10767
0,"no_caste_weighted",7411,4467
0,"no_caste_weighted",7412,5683
0,"no_caste_weighted",7413,284
0,"no_caste_weighted",7414,8525
0,"no_caste_weighted",7415,8918
0,"no_caste_weighted",7416,10
0,"no_caste_weighted",7417,13888
0,"no_caste_weighted",7418,10772
0,"no_caste_weighted",7419,13610
0,"no_caste_weighted",7420,4346
0,"no_caste_weighted",7421,12815
0,"no_caste_weighted",7422,5931
0,"no_caste_weighted",7423,5968
0,"no_caste_weighted",7424,10186
0,"no_caste_weighted",7425,2953
0,"no_caste_weighted",7426,1541
0,"no_caste_weighted",7427,11274
0,"no_caste_weighted",7428,5166
0,"no_caste_weighted",7429,8662
0,"no_caste_weighted",7430,1986
0,"no_caste_weighted",7431,13990
0,"no_caste_weighted",7432,11052
0,"no_caste_weighted",7433,7855
0,"no_caste_weighted",7434,6621
0,"no_caste_weighted",7435,1168
0,"no_caste_weighted",7436,5396
0,"no_caste_weighted",7437,9646
0,"no_caste_weighted",7438,11031
0,"no_caste_weighted",7439,7638
0,"no_caste_weighted",7440,3096
0,"no_caste_weighted",7441,1518
0,"no_caste_weighted",7442,9885
0,"no_caste_weighted",7443,8731
0,"no_caste_weighted",7444,2876
0,"no_caste_weighted",7445,1075
0,"no_caste_weighted",7446,10530
0,"no_caste_weighted",7447,6773
0,"no_caste_weighted",7448,7500
0,"no_caste_weighted",7449,7535
0,"no_caste_weighted",7450,6747
0,"no_caste_weighted",7451,13594
0,"no_caste_weighted",7452,4176
0,"no_caste_weighted",7453,4148
0,"no_caste_weighted",7454,2646
0,"no_caste_weighted",7455,9506
0,"no_caste_weighted",7456,3592
0,"no_caste_weighted",7457,7709
0,"no_caste_weighted",7458,10378
0,"no_caste_weighted",7459,7216
0,"no_caste_weighted",7460,7916
0,"no_caste_weighted",7461,11769
0,"no_caste_weighted",7462,12310
0,"no_caste_weighted",7463,1845
0,"no_caste_weighted",7464,13049
0,"no_caste_weighted",7465,4374
0,"no_caste_weighted",7466,3714
0,"no_caste_weighted",7467,4709
0,"no_caste_weighted",7468,2095
0,"no_caste_weighted",7469,5848
0,"no_caste_weighted",7470,9929
0,"no_caste_weighted",7471,4131
0,"no_caste_weighted",7472,7280
0,"no_caste_weighted",7473,12706
0,"no_caste_weighted",7474,11566
0,"no_caste_weighted",7475,11381
0,"no_caste_weighted",7476,7425
0,"no_caste_weighted",7477,6162
0,"no_caste_weighted",7478,6978
0,"no_caste_weighted",7479,9735
0,"no_caste_weighted",7480,3821
0,"no_caste_weighted",7481,12793
0,"no_caste_weighted",7482,4725
0,"no_caste_weighted",7483,10862
0,"no_caste_weighted",7484,14018
0,"no_caste_weighted",7485,2185
0,"no_caste_weighted",7486,4970
0,"no_caste_weighted",7487,1311
0,"no_caste_weighted",7488,5788
0,"no_caste_weighted",7489,4143
0,"no_caste_weighted",7490,402
0,"no_caste_weighted",7491,13234
0,"no_caste_weighted",7492,12469
0,"no_caste_weighted",7493,11764
0,"no_caste_weighted",7494,4938
0,"no_caste_weighted",7495,11061
0,"no_caste_weighted",7496,871
0,"no_caste_weighted",7497,4887
0,"no_caste_weighted",7498,5366
0,"no_caste_weighted",7499,10886
0,"no_caste_weighted",7500,11844
0,"no_caste_weighted",7501,1758
0,"no_caste_weighted",7502,2696
0,"no_caste_weighted",7503,9800
0,"no_caste_weighted",7504,5467
0,"no_caste_weighted",7505,1542
0,"no_caste_weighted",7506,3609
0,"no_caste_weighted",7507,9915
0,"no_caste_weighted",7508,1644
0,"no_caste_weighted",7509,4596
0,"no_caste_weighted",7510,10109
0,"no_caste_weighted",7511,7023
0,"no_caste_weighted",7512,8254
0,"no_caste_weighted",7513,870
0,"no_caste_weighted",7514,9148
0,"no_caste_weighted",7515,1239
0,"no_caste_weighted",7516,4727
0,"no_caste_weighted",7517,14036
0,"no_caste_weighted",7518,3058
0,"no_caste_weighted",7519,13177
0,"no_caste_weighted",7520,11244
0,"no_caste_weighted",7521,7743
0,"no_caste_weighted",7522,10593
0,"no_caste_weighted",7523,12011
0,"no_caste_weighted",7524,10897
0,"no_caste_weighted",7525,6342
0,"no_caste_weighted",7526,13701
0,"no_caste_weighted",7527,235
0,"no_caste_weighted",7528,2124
0,"no_caste_weighted",7529,12832
0,"no_caste_weighted",7530,7300
0,"no_caste_weighted",7531,164
0,"no_caste_weighted",7532,11430
0,"no_caste_weighted",7533,13921
0,"no_caste_weighted",7534,11101
0,"no_caste_weighted",7535,4400
0,"no_caste_weighted",7536,4342
0,"no_caste_weighted",7537,9947
0,"no_caste_weighted",7538,9668
0,"no_caste_weighted",7539,2994
0,"no_caste_weighted",7540,5941
0,"no_caste_weighted",7541,9117
0,"no_caste_weighted",7542,6009
0,"no_caste_weighted",7543,4741
0,"no_caste_weighted",7544,2830
0,"no_caste_weighted",7545,5773
0,"no_caste_weighted",7546,4969
0,"no_caste_weighted",7547,1464
0,"no_caste_weighted",7548,132
0,"no_caste_weighted",7549,7302
0,"no_caste_weighted",7550,11513
0,"no_caste_weighted",7551,7306
0,"no_caste_weighted",7552,10776
0,"no_caste_weighted",7553,11209
0,"no_caste_weighted",7554,8547
0,"no_caste_weighted",7555,9694
0,"no_caste_weighted",7556,7957
0,"no_caste_weighted",7557,13051
0,"no_caste_weighted",7558,3518
0,"no_caste_weighted",7559,229
0,"no_caste_weighted",7560,1517
0,"no_caste_weighted",7561,12805
0,"no_caste_weighted",7562,5629
0,"no_caste_weighted",7563,11393
0,"no_caste_weighted",7564,12418
0,"no_caste_weighted",7565,61
0,"no_caste_weighted",7566,13890
0,"no_caste_weighted",7567,11145
0,"no_caste_weighted",7568,4111
0,"no_caste_weighted",7569,894
0,"no_caste_weighted",7570,3826
0,"no_caste_weighted",7571,12355
0,"no_caste_weighted",7572,597
0,"no_caste_weighted",7573,5916
0,"no_caste_weighted",7574,8404
0,"no_caste_weighted",7575,1593
0,"no_caste_weighted",7576,11112
0,"no_caste_weighted",7577,12636
0,"no_caste_weighted",7578,11308
0,"no_caste_weighted",7579,7005
0,"no_caste_weighted",7580,4541
0,"no_caste_weighted",7581,9139
0,"no_caste_weighted",7582,5612
0,"no_caste_weighted",7583,5724
0,"no_caste_weighted",7584,3085
0,"no_caste_weighted",7585,9244
0,"no_caste_weighted",7586,7996
0,"no_caste_weighted",7587,1746
0,"no_caste_weighted",7588,1418
0,"no_caste_weighted",7589,8776
0,"no_caste_weighted",7590,4007
0,"no_caste_weighted",7591,12872
0,"no_caste_weighted",7592,8703
0,"no_caste_weighted",7593,3136
0,"no_caste_weighted",7594,3866
0,"no_caste_weighted",7595,11902
0,"no_caste_weighted",7596,13362
0,"no_caste_weighted",7597,7235
0,"no_caste_weighted",7598,6022
0,"no_caste_weighted",7599,7116
0,"no_caste_weighted",7600,3484
0,"no_caste_weighted",7601,7382
0,"no_caste_weighted",7602,4706
0,"no_caste_weighted",7603,8629
0,"no_caste_weighted",7604,3275
0,"no_caste_weighted",7605,6793
0,"no_caste_weighted",7606,11993
0,"no_caste_weighted",7607,2383
0,"no_caste_weighted",7608,6395
0,"no_caste_weighted",7609,8319
0,"no_caste_weighted",7610,9116
0,"no_caste_weighted",7611,13867
0,"no_caste_weighted",7612,6079
0,"no_caste_weighted",7613,2349
0,"no_caste_weighted",7614,2787
0,"no_caste_weighted",7615,1597
0,"no_caste_weighted",7616,12431
0,"no_caste_weighted",7617,463
0,"no_caste_weighted",7618,7946
0,"no_caste_weighted",7619,901
0,"no_caste_weighted",7620,1378
0,"no_caste_weighted",7621,4562
0,"no_caste_weighted",7622,3862
0,"no_caste_weighted",7623,12357
0,"no_caste_weighted",7624,1360
0,"no_caste_weighted",7625,10099
0,"no_caste_weighted",7626,9753
0,"no_caste_weighted",7627,9144
0,"no_caste_weighted",7628,10114
0,"no_caste_weighted",7629,6508
0,"no_caste_weighted",7630,8134
0,"no_caste_weighted",7631,9173
0,"no_caste_weighted",7632,4577
0,"no_caste_weighted",7633,11271
0,"no_caste_weighted",7634,54
0,"no_caste_weighted",7635,2976
0,"no_caste_weighted",7636,7031
0,"no_caste_weighted",7637,1214
0,"no_caste_weighted",7638,11989
0,"no_caste_weighted",7639,2505
0,"no_caste_weighted",7640,7865
0,"no_caste_weighted",7641,9171
0,"no_caste_weighted",7642,12345
0,"no_caste_weighted",7643,12101
0,"no_caste_weighted",7644,11070
0,"no_caste_weighted",7645,2843
0,"no_caste_weighted",7646,3374
0,"no_caste_weighted",7647,13526
0,"no_caste_weighted",7648,6500
0,"no_caste_weighted",7649,4666
0,"no_caste_weighted",7650,4777
0,"no_caste_weighted",7651,11428
0,"no_caste_weighted",7652,1515
0,"no_caste_weighted",7653,9619
0,"no_caste_weighted",7654,4973
0,"no_caste_weighted",7655,9015
0,"no_caste_weighted",7656,5430
0,"no_caste_weighted",7657,1701
0,"no_caste_weighted",7658,6528
0,"no_caste_weighted",7659,12852
0,"no_caste_weighted",7660,12295
0,"no_caste_weighted",7661,5172
0,"no_caste_weighted",7662,9325
0,"no_caste_weighted",7663,11403
0,"no_caste_weighted",7664,10290
0,"no_caste_weighted",7665,10178
0,"no_caste_weighted",7666,14009
0,"no_caste_weighted",7667,9698
0,"no_caste_weighted",7668,13857
0,"no_caste_weighted",7669,8893
0,"no_caste_weighted",7670,12401
0,"no_caste_weighted",7671,13705
0,"no_caste_weighted",7672,8463
0,"no_caste_weighted",7673,3977
0,"no_caste_weighted",7674,5072
0,"no_caste_weighted",7675,8043
0,"no_caste_weighted",7676,9706
0,"no_caste_weighted",7677,12989
0,"no_caste_weighted",7678,7485
0,"no_caste_weighted",7679,3665
0,"no_caste_weighted",7680,71
0,"no_caste_weighted",7681,9389
0,"no_caste_weighted",7682,4199
0,"no_caste_weighted",7683,10212
0,"no_caste_weighted",7684,9069
0,"no_caste_weighted",7685,5089
0,"no_caste_weighted",7686,4524
0,"no_caste_weighted",7687,4655
0,"no_caste_weighted",7688,1617
0,"no_caste_weighted",7689,6545
0,"no_caste_weighted",7690,10302
0,"no_caste_weighted",7691,8210
0,"no_caste_weighted",7692,9204
0,"no_caste_weighted",7693,4113
0,"no_caste_weighted",7694,12143
0,"no_caste_weighted",7695,3973
0,"no_caste_weighted",7696,5355
0,"no_caste_weighted",7697,376
0,"no_caste_weighted",7698,4525
0,"no_caste_weighted",7699,10581
0,"no_caste_weighted",7700,10416
0,"no_caste_weighted",7701,11766
0,"no_caste_weighted",7702,8890
0,"no_caste_weighted",7703,10827
0,"no_caste_weighted",7704,6573
0,"no_caste_weighted",7705,11345
0,"no_caste_weighted",7706,770
0,"no_caste_weighted",7707,7458
0,"no_caste_weighted",7708,11786
0,"no_caste_weighted",7709,2600
0,"no_caste_weighted",7710,6237
0,"no_caste_weighted",7711,10122
0,"no_caste_weighted",7712,11647
0,"no_caste_weighted",7713,12862
0,"no_caste_weighted",7714,2966
0,"no_caste_weighted",7715,8200
0,"no_caste_weighted",7716,8899
0,"no_caste_weighted",7717,13678
0,"no_caste_weighted",7718,867
0,"no_caste_weighted",7719,3430
0,"no_caste_weighted",7720,2902
0,"no_caste_weighted",7721,950
0,"no_caste_weighted",7722,9374
0,"no_caste_weighted",7723,9274
0,"no_caste_weighted",7724,2675
0,"no_caste_weighted",7725,10768
0,"no_caste_weighted",7726,7547
0,"no_caste_weighted",7727,11195
0,"no_caste_weighted",7728,2
0,"no_caste_weighted",7729,12440
0,"no_caste_weighted",7730,1659
0,"no_caste_weighted",7731,11935
0,"no_caste_weighted",7732,10784
0,"no_caste_weighted",7733,1834
0,"no_caste_weighted",7734,12051
0,"no_caste_weighted",7735,13360
0,"no_caste_weighted",7736,12079
0,"no_caste_weighted",7737,7417
0,"no_caste_weighted",7738,12117
0,"no_caste_weighted",7739,13528
0,"no_caste_weighted",7740,3094
0,"no_caste_weighted",7741,11533
0,"no_caste_weighted",7742,5096
0,"no_caste_weighted",7743,11102
0,"no_caste_weighted",7744,852
0,"no_caste_weighted",7745,9060
0,"no_caste_weighted",7746,7724
0,"no_caste_weighted",7747,11349
0,"no_caste_weighted",7748,1309
0,"no_caste_weighted",7749,6452
0,"no_caste_weighted",7750,12323
0,"no_caste_weighted",7751,799
0,"no_caste_weighted",7752,9410
0,"no_caste_weighted",7753,2548
0,"no_caste_weighted",7754,190
0,"no_caste_weighted",7755,353
0,"no_caste_weighted",7756,5901
0,"no_caste_weighted",7757,10488
0,"no_caste_weighted",7758,3112
0,"no_caste_weighted",7759,8756
0,"no_caste_weighted",7760,8928
0,"no_caste_weighted",7761,4532
0,"no_caste_weighted",7762,11706
0,"no_caste_weighted",7763,3570
0,"no_caste_weighted",7764,10713
0,"no_caste_weighted",7765,4778
0,"no_caste_weighted",7766,295
0,"no_caste_weighted",7767,4989
0,"no_caste_weighted",7768,11864
0,"no_caste_weighted",7769,2531
0,"no_caste_weighted",7770,9153
0,"no_caste_weighted",7771,1654
0,"no_caste_weighted",7772,1379
0,"no_caste_weighted",7773,639
0,"no_caste_weighted",7774,3462
0,"no_caste_weighted",7775,4730
0,"no_caste_weighted",7776,2865
0,"no_caste_weighted",7777,2568
0,"no_caste_weighted",7778,12554
0,"no_caste_weighted",7779,4248
0,"no_caste_weighted",7780,12787
0,"no_caste_weighted",7781,2387
0,"no_caste_weighted",7782,6440
0,"no_caste_weighted",7783,8147
0,"no_caste_weighted",7784,3809
0,"no_caste_weighted",7785,3837
0,"no_caste_weighted",7786,337
0,"no_caste_weighted",7787,11810
0,"no_caste_weighted",7788,3828
0,"no_caste_weighted",7789,12379
0,"no_caste_weighted",7790,5975
0,"no_caste_weighted",7791,10268
0,"no_caste_weighted",7792,5026
0,"no_caste_weighted",7793,10101
0,"no_caste_weighted",7794,6273
0,"no_caste_weighted",7795,2714
0,"no_caste_weighted",7796,1367
0,"no_caste_weighted",7797,10781
0,"no_caste_weighted",7798,5426
0,"no_caste_weighted",7799,11650
0,"no_caste_weighted",7800,1037
0,"no_caste_weighted",7801,5158
0,"no_caste_weighted",7802,3301
0,"no_caste_weighted",7803,7256
0,"no_caste_weighted",7804,4018
0,"no_caste_weighted",7805,9034
0,"no_caste_weighted",7806,9220
0,"no_caste_weighted",7807,13286
0,"no_caste_weighted",7808,9870
0,"no_caste_weighted",7809,8127
0,"no_caste_weighted",7810,3956
0,"no_caste_weighted",7811,4782
0,"no_caste_weighted",7812,13561
0,"no_caste_weighted",7813,6719
0,"no_caste_weighted",7814,5893
0,"no_caste_weighted",7815,6547
0,"no_caste_weighted",7816,10658
0,"no_caste_weighted",7817,13384
0,"no_caste_weighted",7818,3183
0,"no_caste_weighted",7819,6506
0,"no_caste_weighted",7820,9944
0,"no_caste_weighted",7821,8708
0,"no_caste_weighted",7822,9573
0,"no_caste_weighted",7823,11745
0,"no_caste_weighted",7824,10475
0,"no_caste_weighted",7825,9763
0,"no_caste_weighted",7826,10695
0,"no_caste_weighted",7827,12349
0,"no_caste_weighted",7828,3297
0,"no_caste_weighted",7829,5738
0,"no_caste_weighted",7830,8148
0,"no_caste_weighted",7831,10566
0,"no_caste_weighted",7832,4584
0,"no_caste_weighted",7833,13794
0,"no_caste_weighted",7834,4918
0,"no_caste_weighted",7835,345
0,"no_caste_weighted",7836,7220
0,"no_caste_weighted",7837,9397
0,"no_caste_weighted",7838,10349
0,"no_caste_weighted",7839,1
0,"no_caste_weighted",7840,9778
0,"no_caste_weighted",7841,13702
0,"no_caste_weighted",7842,7315
0,"no_caste_weighted",7843,12765
0,"no_caste_weighted",7844,448
0,"no_caste_weighted",7845,8590
0,"no_caste_weighted",7846,9315
0,"no_caste_weighted",7847,2942
0,"no_caste_weighted",7848,1300
0,"no_caste_weighted",7849,7930
0,"no_caste_weighted",7850,9498
0,"no_caste_weighted",7851,6863
0,"no_caste_weighted",7852,12305
0,"no_caste_weighted",7853,7862
0,"no_caste_weighted",7854,2534
0,"no_caste_weighted",7855,7222
0,"no_caste_weighted",7856,14075
0,"no_caste_weighted",7857,6457
0,"no_caste_weighted",7858,6884
0,"no_caste_weighted",7859,8618
0,"no_caste_weighted",7860,1352
0,"no_caste_weighted",7861,9562
0,"no_caste_weighted",7862,3033
0,"no_caste_weighted",7863,7993
0,"no_caste_weighted",7864,4901
0,"no_caste_weighted",7865,8020
0,"no_caste_weighted",7866,12927
0,"no_caste_weighted",7867,6297
0,"no_caste_weighted",7868,3075
0,"no_caste_weighted",7869,6062
0,"no_caste_weighted",7870,6654
0,"no_caste_weighted",7871,125
0,"no_caste_weighted",7872,4388
0,"no_caste_weighted",7873,8883
0,"no_caste_weighted",7874,514
0,"no_caste_weighted",7875,7675
0,"no_caste_weighted",7876,14146
0,"no_caste_weighted",7877,1033
0,"no_caste_weighted",7878,12951
0,"no_caste_weighted",7879,9734
0,"no_caste_weighted",7880,12054
0,"no_caste_weighted",7881,4265
0,"no_caste_weighted",7882,4693
0,"no_caste_weighted",7883,4239
0,"no_caste_weighted",7884,8712
0,"no_caste_weighted",7885,11044
0,"no_caste_weighted",7886,3701
0,"no_caste_weighted",7887,4829
0,"no_caste_weighted",7888,12248
0,"no_caste_weighted",7889,10785
0,"no_caste_weighted",7890,3756
0,"no_caste_weighted",7891,10425
0,"no_caste_weighted",7892,6236
0,"no_caste_weighted",7893,13077
0,"no_caste_weighted",7894,13729
0,"no_caste_weighted",7895,3506
0,"no_caste_weighted",7896,4249
0,"no_caste_weighted",7897,496
0,"no_caste_weighted",7898,7925
0,"no_caste_weighted",7899,989
0,"no_caste_weighted",7900,2363
0,"no_caste_weighted",7901,12291
0,"no_caste_weighted",7902,11348
0,"no_caste_weighted",7903,3782
0,"no_caste_weighted",7904,4786
0,"no_caste_weighted",7905,11268
0,"no_caste_weighted",7906,6199
0,"no_caste_weighted",7907,6725
0,"no_caste_weighted",7908,12678
0,"no_caste_weighted",7909,4815
0,"no_caste_weighted",7910,10233
0,"no_caste_weighted",7911,12604
0,"no_caste_weighted",7912,10955
0,"no_caste_weighted",7913,4083
0,"no_caste_weighted",7914,6184
0,"no_caste_weighted",7915,233
0,"no_caste_weighted",7916,4751
0,"no_caste_weighted",7917,3008
0,"no_caste_weighted",7918,13739
0,"no_caste_weighted",7919,3535
0,"no_caste_weighted",7920,13674
0,"no_caste_weighted",7921,5688
0,"no_caste_weighted",7922,6954
0,"no_caste_weighted",7923,8972
0,"no_caste_weighted",7924,13836
0,"no_caste_weighted",7925,8296
0,"no_caste_weighted",7926,1015
0,"no_caste_weighted",7927,8216
0,"no_caste_weighted",7928,507
0,"no_caste_weighted",7929,8903
0,"no_caste_weighted",7930,4956
0,"no_caste_weighted",7931,9467
0,"no_caste_weighted",7932,12529
0,"no_caste_weighted",7933,3326
0,"no_caste_weighted",7934,7602
0,"no_caste_weighted",7935,3529
0,"no_caste_weighted",7936,12194
0,"no_caste_weighted",7937,10372
0,"no_caste_weighted",7938,10544
0,"no_caste_weighted",7939,11437
0,"no_caste_weighted",7940,10009
0,"no_caste_weighted",7941,2533
0,"no_caste_weighted",7942,272
0,"no_caste_weighted",7943,12800
0,"no_caste_weighted",7944,12538
0,"no_caste_weighted",7945,8106
0,"no_caste_weighted",7946,11257
0,"no_caste_weighted",7947,4826
0,"no_caste_weighted",7948,8479
0,"no_caste_weighted",7949,5666
0,"no_caste_weighted",7950,7190
0,"no_caste_weighted",7951,1589
0,"no_caste_weighted",7952,9461
0,"no_caste_weighted",7953,10395
0,"no_caste_weighted",7954,14155
0,"no_caste_weighted",7955,11265
0,"no_caste_weighted",7956,1363
0,"no_caste_weighted",7957,2756
0,"no_caste_weighted",7958,4014
0,"no_caste_weighted",7959,4700
0,"no_caste_weighted",7960,11934
0,"no_caste_weighted",7961,854
0,"no_caste_weighted",7962,4316
0,"no_caste_weighted",7963,8124
0,"no_caste_weighted",7964,369
0,"no_caste_weighted",7965,8728
0,"no_caste_weighted",7966,2131
0,"no_caste_weighted",7967,12422
0,"no_caste_weighted",7968,7924
0,"no_caste_weighted",7969,8626
0,"no_caste_weighted",7970,7579
0,"no_caste_weighted",7971,3467
0,"no_caste_weighted",7972,2302
0,"no_caste_weighted",7973,12848
0,"no_caste_weighted",7974,12092
0,"no_caste_weighted",7975,3227
0,"no_caste_weighted",7976,10156
0,"no_caste_weighted",7977,2303
0,"no_caste_weighted",7978,787
0,"no_caste_weighted",7979,462
0,"no_caste_weighted",7980,12676
0,"no_caste_weighted",7981,12205
0,"no_caste_weighted",7982,9223
0,"no_caste_weighted",7983,6148
0,"no_caste_weighted",7984,1499
0,"no_caste_weighted",7985,2798
0,"no_caste_weighted",7986,13023
0,"no_caste_weighted",7987,4949
0,"no_caste_weighted",7988,9440
0,"no_caste_weighted",7989,9816
0,"no_caste_weighted",7990,13014
0,"no_caste_weighted",7991,6031
0,"no_caste_weighted",7992,8501
0,"no_caste_weighted",7993,2191
0,"no_caste_weighted",7994,2951
0,"no_caste_weighted",7995,12375
0,"no_caste_weighted",7996,6526
0,"no_caste_weighted",7997,3769
0,"no_caste_weighted",7998,924
0,"no_caste_weighted",7999,10655
0,"no_caste_weighted",8000,9801
0,"no_caste_weighted",8001,3843
0,"no_caste_weighted",8002,7901
0,"no_caste_weighted",8003,10871
0,"no_caste_weighted",8004,4028
0,"no_caste_weighted",8005,1913
0,"no_caste_weighted",8006,10458
0,"no_caste_weighted",8007,10703
0,"no_caste_weighted",8008,12962
0,"no_caste_weighted",8009,8039
0,"no_caste_weighted",8010,11210
0,"no_caste_weighted",8011,10441
0,"no_caste_weighted",8012,12328
0,"no_caste_weighted",8013,3725
0,"no_caste_weighted",8014,11656
0,"no_caste_weighted",8015,10514
0,"no_caste_weighted",8016,9819
0,"no_caste_weighted",8017,14026
0,"no_caste_weighted",8018,9041
0,"no_caste_weighted",8019,8771
0,"no_caste_weighted",8020,5826
0,"no_caste_weighted",8021,10207
0,"no_caste_weighted",8022,6848
0,"no_caste_weighted",8023,240
0,"no_caste_weighted",8024,12938
0,"no_caste_weighted",8025,7251
0,"no_caste_weighted",8026,1609
0,"no_caste_weighted",8027,7508
0,"no_caste_weighted",8028,10129
0,"no_caste_weighted",8029,14112
0,"no_caste_weighted",8030,629
0,"no_caste_weighted",8031,4455
0,"no_caste_weighted",8032,11600
0,"no_caste_weighted",8033,1537
0,"no_caste_weighted",8034,9122
0,"no_caste_weighted",8035,5551
0,"no_caste_weighted",8036,10659
0,"no_caste_weighted",8037,12550
0,"no_caste_weighted",8038,5743
