"draw","scenario","population","definition","eligible_n","classified_n","same_n","share"
1,"original","full_market","reported_caste",8038,7699,7000,0.909208988180284
1,"original","full_market","broad_caste",8038,7699,7043,0.914794129107676
1,"original","verified_interview_subset","reported_caste",546,533,489,0.917448405253283
1,"original","verified_interview_subset","broad_caste",546,533,492,0.923076923076923
1,"original","verified_interview_men","reported_caste",259,250,226,0.904
1,"original","verified_interview_men","broad_caste",259,250,227,0.908
1,"feature_corrected","full_market","reported_caste",8038,7695,6911,0.898115659519168
1,"feature_corrected","full_market","broad_caste",8038,7695,6961,0.90461338531514
1,"feature_corrected","verified_interview_subset","reported_caste",539,526,478,0.908745247148289
1,"feature_corrected","verified_interview_subset","broad_caste",539,526,483,0.918250950570342
1,"feature_corrected","verified_interview_men","reported_caste",259,249,226,0.907630522088353
1,"feature_corrected","verified_interview_men","broad_caste",259,249,229,0.919678714859438
2,"original","full_market","reported_caste",8038,7713,7429,0.963179048359912
2,"original","full_market","broad_caste",8038,7713,7437,0.964216258265266
2,"original","verified_interview_subset","reported_caste",543,531,507,0.954802259887006
2,"original","verified_interview_subset","broad_caste",543,531,508,0.95668549905838
2,"original","verified_interview_men","reported_caste",259,250,237,0.948
2,"original","verified_interview_men","broad_caste",259,250,238,0.952
2,"feature_corrected","full_market","reported_caste",8038,7705,7384,0.958338741077223
2,"feature_corrected","full_market","broad_caste",8038,7705,7393,0.9595068137573
2,"feature_corrected","verified_interview_subset","reported_caste",543,529,509,0.962192816635161
2,"feature_corrected","verified_interview_subset","broad_caste",543,529,510,0.964083175803403
2,"feature_corrected","verified_interview_men","reported_caste",259,251,238,0.948207171314741
2,"feature_corrected","verified_interview_men","broad_caste",259,251,238,0.948207171314741
3,"original","full_market","reported_caste",8038,7735,6755,0.873303167420814
3,"original","full_market","broad_caste",8038,7735,6783,0.876923076923077
3,"original","verified_interview_subset","reported_caste",545,535,466,0.871028037383177
3,"original","verified_interview_subset","broad_caste",545,535,467,0.872897196261682
3,"original","verified_interview_men","reported_caste",259,254,214,0.84251968503937
3,"original","verified_interview_men","broad_caste",259,254,214,0.84251968503937
3,"feature_corrected","full_market","reported_caste",8038,7706,6251,0.811186088762004
3,"feature_corrected","full_market","broad_caste",8038,7706,6284,0.815468466130288
3,"feature_corrected","verified_interview_subset","reported_caste",531,518,419,0.808880308880309
3,"feature_corrected","verified_interview_subset","broad_caste",531,518,421,0.812741312741313
3,"feature_corrected","verified_interview_men","reported_caste",259,251,193,0.768924302788844
3,"feature_corrected","verified_interview_men","broad_caste",259,251,195,0.776892430278884
4,"original","full_market","reported_caste",8038,7715,6920,0.896953985742061
4,"original","full_market","broad_caste",8038,7715,6948,0.900583279325989
4,"original","verified_interview_subset","reported_caste",526,513,465,0.906432748538012
4,"original","verified_interview_subset","broad_caste",526,513,468,0.912280701754386
4,"original","verified_interview_men","reported_caste",259,250,218,0.872
4,"original","verified_interview_men","broad_caste",259,250,221,0.884
4,"feature_corrected","full_market","reported_caste",8038,7670,6356,0.828683181225553
4,"feature_corrected","full_market","broad_caste",8038,7670,6385,0.832464146023467
4,"feature_corrected","verified_interview_subset","reported_caste",531,518,430,0.83011583011583
4,"feature_corrected","verified_interview_subset","broad_caste",531,518,432,0.833976833976834
4,"feature_corrected","verified_interview_men","reported_caste",259,249,203,0.815261044176707
4,"feature_corrected","verified_interview_men","broad_caste",259,249,204,0.819277108433735
5,"original","full_market","reported_caste",8038,7699,7465,0.969606442395116
5,"original","full_market","broad_caste",8038,7699,7483,0.971944408364723
5,"original","verified_interview_subset","reported_caste",540,528,515,0.975378787878788
5,"original","verified_interview_subset","broad_caste",540,528,515,0.975378787878788
5,"original","verified_interview_men","reported_caste",259,252,243,0.964285714285714
5,"original","verified_interview_men","broad_caste",259,252,243,0.964285714285714
5,"feature_corrected","full_market","reported_caste",8038,7697,7097,0.922047550993893
5,"feature_corrected","full_market","broad_caste",8038,7697,7107,0.923346758477328
5,"feature_corrected","verified_interview_subset","reported_caste",538,528,485,0.918560606060606
5,"feature_corrected","verified_interview_subset","broad_caste",538,528,486,0.920454545454545
5,"feature_corrected","verified_interview_men","reported_caste",259,254,235,0.925196850393701
5,"feature_corrected","verified_interview_men","broad_caste",259,254,236,0.929133858267716
6,"original","full_market","reported_caste",8038,7708,7486,0.971198754540737
6,"original","full_market","broad_caste",8038,7708,7518,0.975350285417748
6,"original","verified_interview_subset","reported_caste",539,528,511,0.96780303030303
6,"original","verified_interview_subset","broad_caste",539,528,516,0.977272727272727
6,"original","verified_interview_men","reported_caste",259,250,241,0.964
6,"original","verified_interview_men","broad_caste",259,250,243,0.972
6,"feature_corrected","full_market","reported_caste",8038,7674,7193,0.937320823560073
6,"feature_corrected","full_market","broad_caste",8038,7674,7218,0.940578577013292
6,"feature_corrected","verified_interview_subset","reported_caste",540,526,490,0.931558935361217
6,"feature_corrected","verified_interview_subset","broad_caste",540,526,491,0.933460076045627
6,"feature_corrected","verified_interview_men","reported_caste",259,249,229,0.919678714859438
6,"feature_corrected","verified_interview_men","broad_caste",259,249,230,0.923694779116466
7,"original","full_market","reported_caste",8038,7725,7524,0.973980582524272
7,"original","full_market","broad_caste",8038,7725,7530,0.974757281553398
7,"original","verified_interview_subset","reported_caste",533,525,512,0.975238095238095
7,"original","verified_interview_subset","broad_caste",533,525,512,0.975238095238095
7,"original","verified_interview_men","reported_caste",259,253,246,0.972332015810277
7,"original","verified_interview_men","broad_caste",259,253,246,0.972332015810277
7,"feature_corrected","full_market","reported_caste",8038,7700,7429,0.964805194805195
7,"feature_corrected","full_market","broad_caste",8038,7700,7435,0.965584415584416
7,"feature_corrected","verified_interview_subset","reported_caste",535,525,509,0.96952380952381
7,"feature_corrected","verified_interview_subset","broad_caste",535,525,509,0.96952380952381
7,"feature_corrected","verified_interview_men","reported_caste",259,253,244,0.964426877470356
7,"feature_corrected","verified_interview_men","broad_caste",259,253,244,0.964426877470356
8,"original","full_market","reported_caste",8038,7805,7042,0.902242152466368
8,"original","full_market","broad_caste",8038,7805,7080,0.907110826393337
8,"original","verified_interview_subset","reported_caste",540,534,486,0.910112359550562
8,"original","verified_interview_subset","broad_caste",540,534,488,0.913857677902622
8,"original","verified_interview_men","reported_caste",259,255,223,0.874509803921569
8,"original","verified_interview_men","broad_caste",259,255,224,0.87843137254902
8,"feature_corrected","full_market","reported_caste",8038,7802,6837,0.876313765701102
8,"feature_corrected","full_market","broad_caste",8038,7802,6865,0.879902589079723
8,"feature_corrected","verified_interview_subset","reported_caste",535,528,465,0.880681818181818
8,"feature_corrected","verified_interview_subset","broad_caste",535,528,467,0.884469696969697
8,"feature_corrected","verified_interview_men","reported_caste",259,254,211,0.830708661417323
8,"feature_corrected","verified_interview_men","broad_caste",259,254,213,0.838582677165354
9,"original","full_market","reported_caste",8038,7682,6803,0.885576672741474
9,"original","full_market","broad_caste",8038,7682,6831,0.889221556886228
9,"original","verified_interview_subset","reported_caste",546,530,476,0.89811320754717
9,"original","verified_interview_subset","broad_caste",546,530,478,0.90188679245283
9,"original","verified_interview_men","reported_caste",259,250,216,0.864
9,"original","verified_interview_men","broad_caste",259,250,216,0.864
9,"feature_corrected","full_market","reported_caste",8038,7657,6129,0.80044403813504
9,"feature_corrected","full_market","broad_caste",8038,7657,6147,0.802794828261721
9,"feature_corrected","verified_interview_subset","reported_caste",532,515,417,0.809708737864078
9,"feature_corrected","verified_interview_subset","broad_caste",532,515,418,0.811650485436893
9,"feature_corrected","verified_interview_men","reported_caste",259,247,183,0.740890688259109
9,"feature_corrected","verified_interview_men","broad_caste",259,247,184,0.744939271255061
10,"original","full_market","reported_caste",8038,7666,7392,0.964257761544482
10,"original","full_market","broad_caste",8038,7666,7423,0.968301591442734
10,"original","verified_interview_subset","reported_caste",548,537,519,0.966480446927374
10,"original","verified_interview_subset","broad_caste",548,537,522,0.972067039106145
10,"original","verified_interview_men","reported_caste",259,253,246,0.972332015810277
10,"original","verified_interview_men","broad_caste",259,253,248,0.980237154150198
10,"feature_corrected","full_market","reported_caste",8038,7658,7347,0.959388874379734
10,"feature_corrected","full_market","broad_caste",8038,7658,7377,0.963306346304518
10,"feature_corrected","verified_interview_subset","reported_caste",548,533,512,0.960600375234522
10,"feature_corrected","verified_interview_subset","broad_caste",548,533,515,0.966228893058161
10,"feature_corrected","verified_interview_men","reported_caste",259,249,237,0.951807228915663
10,"feature_corrected","verified_interview_men","broad_caste",259,249,238,0.955823293172691
11,"original","full_market","reported_caste",8038,7732,6895,0.891748577340921
11,"original","full_market","broad_caste",8038,7732,6911,0.893817899637869
11,"original","verified_interview_subset","reported_caste",547,537,479,0.891992551210428
11,"original","verified_interview_subset","broad_caste",547,537,479,0.891992551210428
11,"original","verified_interview_men","reported_caste",259,251,215,0.856573705179283
11,"original","verified_interview_men","broad_caste",259,251,215,0.856573705179283
11,"feature_corrected","full_market","reported_caste",8038,7720,6670,0.863989637305699
11,"feature_corrected","full_market","broad_caste",8038,7720,6692,0.866839378238342
11,"feature_corrected","verified_interview_subset","reported_caste",543,532,456,0.857142857142857
11,"feature_corrected","verified_interview_subset","broad_caste",543,532,456,0.857142857142857
11,"feature_corrected","verified_interview_men","reported_caste",259,250,207,0.828
11,"feature_corrected","verified_interview_men","broad_caste",259,250,207,0.828
12,"original","full_market","reported_caste",8038,7731,7063,0.913594619066098
12,"original","full_market","broad_caste",8038,7731,7081,0.915922907773898
12,"original","verified_interview_subset","reported_caste",543,531,494,0.930320150659134
12,"original","verified_interview_subset","broad_caste",543,531,495,0.932203389830508
12,"original","verified_interview_men","reported_caste",259,250,227,0.908
12,"original","verified_interview_men","broad_caste",259,250,227,0.908
12,"feature_corrected","full_market","reported_caste",8038,7707,6668,0.86518749189049
12,"feature_corrected","full_market","broad_caste",8038,7707,6684,0.867263526664072
12,"feature_corrected","verified_interview_subset","reported_caste",548,532,463,0.870300751879699
12,"feature_corrected","verified_interview_subset","broad_caste",548,532,463,0.870300751879699
12,"feature_corrected","verified_interview_men","reported_caste",259,248,213,0.858870967741935
12,"feature_corrected","verified_interview_men","broad_caste",259,248,213,0.858870967741935
13,"original","full_market","reported_caste",8038,7764,5946,0.765842349304483
13,"original","full_market","broad_caste",8038,7764,5964,0.768160741885626
13,"original","verified_interview_subset","reported_caste",521,514,388,0.754863813229572
13,"original","verified_interview_subset","broad_caste",521,514,390,0.75875486381323
13,"original","verified_interview_men","reported_caste",259,255,178,0.698039215686274
13,"original","verified_interview_men","broad_caste",259,255,180,0.705882352941176
13,"feature_corrected","full_market","reported_caste",8038,7788,5857,0.752054442732409
13,"feature_corrected","full_market","broad_caste",8038,7788,5881,0.755136106831022
13,"feature_corrected","verified_interview_subset","reported_caste",522,516,395,0.765503875968992
13,"feature_corrected","verified_interview_subset","broad_caste",522,516,397,0.76937984496124
13,"feature_corrected","verified_interview_men","reported_caste",259,255,179,0.701960784313725
13,"feature_corrected","verified_interview_men","broad_caste",259,255,181,0.709803921568627
14,"original","full_market","reported_caste",8038,7719,7366,0.954268687653841
14,"original","full_market","broad_caste",8038,7719,7404,0.959191605130198
14,"original","verified_interview_subset","reported_caste",544,535,510,0.953271028037383
14,"original","verified_interview_subset","broad_caste",544,535,515,0.962616822429907
14,"original","verified_interview_men","reported_caste",259,252,236,0.936507936507936
14,"original","verified_interview_men","broad_caste",259,252,239,0.948412698412698
14,"feature_corrected","full_market","reported_caste",8038,7709,7272,0.943313010766636
14,"feature_corrected","full_market","broad_caste",8038,7709,7303,0.947334284602413
14,"feature_corrected","verified_interview_subset","reported_caste",538,530,505,0.952830188679245
14,"feature_corrected","verified_interview_subset","broad_caste",538,530,508,0.958490566037736
14,"feature_corrected","verified_interview_men","reported_caste",259,253,238,0.940711462450593
14,"feature_corrected","verified_interview_men","broad_caste",259,253,239,0.944664031620553
15,"original","full_market","reported_caste",8038,7798,6857,0.879328032828931
15,"original","full_market","broad_caste",8038,7798,6896,0.884329315209028
15,"original","verified_interview_subset","reported_caste",540,535,463,0.865420560747663
15,"original","verified_interview_subset","broad_caste",540,535,464,0.867289719626168
15,"original","verified_interview_men","reported_caste",259,256,214,0.8359375
15,"original","verified_interview_men","broad_caste",259,256,215,0.83984375
15,"feature_corrected","full_market","reported_caste",8038,7772,6448,0.829644879053011
15,"feature_corrected","full_market","broad_caste",8038,7772,6492,0.835306227483273
15,"feature_corrected","verified_interview_subset","reported_caste",537,529,446,0.843100189035917
15,"feature_corrected","verified_interview_subset","broad_caste",537,529,448,0.846880907372401
15,"feature_corrected","verified_interview_men","reported_caste",259,254,208,0.818897637795276
15,"feature_corrected","verified_interview_men","broad_caste",259,254,210,0.826771653543307
16,"original","full_market","reported_caste",8038,7734,7207,0.931859322472202
16,"original","full_market","broad_caste",8038,7734,7233,0.93522110162917
16,"original","verified_interview_subset","reported_caste",543,532,511,0.960526315789474
16,"original","verified_interview_subset","broad_caste",543,532,511,0.960526315789474
16,"original","verified_interview_men","reported_caste",259,252,243,0.964285714285714
16,"original","verified_interview_men","broad_caste",259,252,243,0.964285714285714
16,"feature_corrected","full_market","reported_caste",8038,7716,6893,0.893338517366511
16,"feature_corrected","full_market","broad_caste",8038,7716,6913,0.895930533955417
16,"feature_corrected","verified_interview_subset","reported_caste",538,528,482,0.912878787878788
16,"feature_corrected","verified_interview_subset","broad_caste",538,528,483,0.914772727272727
16,"feature_corrected","verified_interview_men","reported_caste",259,252,228,0.904761904761905
16,"feature_corrected","verified_interview_men","broad_caste",259,252,229,0.908730158730159
17,"original","full_market","reported_caste",8038,7699,7095,0.921548253019873
17,"original","full_market","broad_caste",8038,7699,7126,0.925574749967529
17,"original","verified_interview_subset","reported_caste",526,510,469,0.919607843137255
17,"original","verified_interview_subset","broad_caste",526,510,470,0.92156862745098
17,"original","verified_interview_men","reported_caste",259,247,224,0.906882591093117
17,"original","verified_interview_men","broad_caste",259,247,224,0.906882591093117
17,"feature_corrected","full_market","reported_caste",8038,7687,6708,0.872642123064915
17,"feature_corrected","full_market","broad_caste",8038,7687,6737,0.876414726161051
17,"feature_corrected","verified_interview_subset","reported_caste",530,517,444,0.858800773694391
17,"feature_corrected","verified_interview_subset","broad_caste",530,517,446,0.862669245647969
17,"feature_corrected","verified_interview_men","reported_caste",259,249,208,0.835341365461847
17,"feature_corrected","verified_interview_men","broad_caste",259,249,210,0.843373493975904
18,"original","full_market","reported_caste",8038,7693,7164,0.931236188743013
18,"original","full_market","broad_caste",8038,7693,7217,0.938125568698818
18,"original","verified_interview_subset","reported_caste",544,534,499,0.934456928838951
18,"original","verified_interview_subset","broad_caste",544,534,505,0.945692883895131
18,"original","verified_interview_men","reported_caste",259,252,236,0.936507936507936
18,"original","verified_interview_men","broad_caste",259,252,239,0.948412698412698
18,"feature_corrected","full_market","reported_caste",8038,7689,7145,0.929249577318248
18,"feature_corrected","full_market","broad_caste",8038,7689,7185,0.93445181428014
18,"feature_corrected","verified_interview_subset","reported_caste",545,531,503,0.947269303201506
18,"feature_corrected","verified_interview_subset","broad_caste",545,531,506,0.952919020715631
18,"feature_corrected","verified_interview_men","reported_caste",259,251,236,0.940239043824701
18,"feature_corrected","verified_interview_men","broad_caste",259,251,236,0.940239043824701
19,"original","full_market","reported_caste",8038,7655,7520,0.982364467668191
19,"original","full_market","broad_caste",8038,7655,7531,0.983801436969301
19,"original","verified_interview_subset","reported_caste",544,529,519,0.98109640831758
19,"original","verified_interview_subset","broad_caste",544,529,519,0.98109640831758
19,"original","verified_interview_men","reported_caste",259,249,243,0.975903614457831
19,"original","verified_interview_men","broad_caste",259,249,243,0.975903614457831
19,"feature_corrected","full_market","reported_caste",8038,7648,7259,0.949137029288703
19,"feature_corrected","full_market","broad_caste",8038,7648,7268,0.950313807531381
19,"feature_corrected","verified_interview_subset","reported_caste",542,528,504,0.954545454545455
19,"feature_corrected","verified_interview_subset","broad_caste",542,528,504,0.954545454545455
19,"feature_corrected","verified_interview_men","reported_caste",259,251,239,0.952191235059761
19,"feature_corrected","verified_interview_men","broad_caste",259,251,239,0.952191235059761
20,"original","full_market","reported_caste",8038,7694,6923,0.899792045749935
20,"original","full_market","broad_caste",8038,7694,6960,0.904600987782688
20,"original","verified_interview_subset","reported_caste",536,521,470,0.9021113243762
20,"original","verified_interview_subset","broad_caste",536,521,471,0.904030710172745
20,"original","verified_interview_men","reported_caste",259,250,219,0.876
20,"original","verified_interview_men","broad_caste",259,250,220,0.88
20,"feature_corrected","full_market","reported_caste",8038,7684,6752,0.878709005726185
20,"feature_corrected","full_market","broad_caste",8038,7684,6787,0.883263925039042
20,"feature_corrected","verified_interview_subset","reported_caste",539,523,455,0.869980879541109
20,"feature_corrected","verified_interview_subset","broad_caste",539,523,456,0.87189292543021
20,"feature_corrected","verified_interview_men","reported_caste",259,247,209,0.846153846153846
20,"feature_corrected","verified_interview_men","broad_caste",259,247,209,0.846153846153846
21,"original","full_market","reported_caste",8038,7779,7131,0.916698804473583
21,"original","full_market","broad_caste",8038,7779,7163,0.920812443758838
21,"original","verified_interview_subset","reported_caste",541,534,496,0.928838951310861
21,"original","verified_interview_subset","broad_caste",541,534,497,0.930711610486891
21,"original","verified_interview_men","reported_caste",259,254,231,0.909448818897638
21,"original","verified_interview_men","broad_caste",259,254,232,0.913385826771653
21,"feature_corrected","full_market","reported_caste",8038,7796,7233,0.92778347870703
21,"feature_corrected","full_market","broad_caste",8038,7796,7266,0.932016418676244
21,"feature_corrected","verified_interview_subset","reported_caste",546,541,508,0.939001848428835
21,"feature_corrected","verified_interview_subset","broad_caste",546,541,509,0.940850277264325
21,"feature_corrected","verified_interview_men","reported_caste",259,256,235,0.91796875
21,"feature_corrected","verified_interview_men","broad_caste",259,256,236,0.921875
22,"original","full_market","reported_caste",8038,7717,6630,0.859142153686666
22,"original","full_market","broad_caste",8038,7717,6648,0.861474666321109
22,"original","verified_interview_subset","reported_caste",524,517,453,0.876208897485493
22,"original","verified_interview_subset","broad_caste",524,517,453,0.876208897485493
22,"original","verified_interview_men","reported_caste",259,255,215,0.843137254901961
22,"original","verified_interview_men","broad_caste",259,255,215,0.843137254901961
22,"feature_corrected","full_market","reported_caste",8038,7679,6300,0.820419325432998
22,"feature_corrected","full_market","broad_caste",8038,7679,6319,0.822893605938273
22,"feature_corrected","verified_interview_subset","reported_caste",522,510,428,0.83921568627451
22,"feature_corrected","verified_interview_subset","broad_caste",522,510,429,0.841176470588235
22,"feature_corrected","verified_interview_men","reported_caste",259,252,205,0.813492063492064
22,"feature_corrected","verified_interview_men","broad_caste",259,252,206,0.817460317460318
23,"original","full_market","reported_caste",8038,7691,7648,0.994409049538422
23,"original","full_market","broad_caste",8038,7691,7673,0.997659602132363
23,"original","verified_interview_subset","reported_caste",534,517,515,0.996131528046422
23,"original","verified_interview_subset","broad_caste",534,517,516,0.998065764023211
23,"original","verified_interview_men","reported_caste",259,247,246,0.995951417004049
23,"original","verified_interview_men","broad_caste",259,247,246,0.995951417004049
23,"feature_corrected","full_market","reported_caste",8038,7690,7613,0.989986996098829
23,"feature_corrected","full_market","broad_caste",8038,7690,7628,0.991937581274382
23,"feature_corrected","verified_interview_subset","reported_caste",536,520,517,0.994230769230769
23,"feature_corrected","verified_interview_subset","broad_caste",536,520,517,0.994230769230769
23,"feature_corrected","verified_interview_men","reported_caste",259,248,247,0.995967741935484
23,"feature_corrected","verified_interview_men","broad_caste",259,248,247,0.995967741935484
24,"original","full_market","reported_caste",8038,7707,6099,0.791358505254964
24,"original","full_market","broad_caste",8038,7707,6145,0.797327105229012
24,"original","verified_interview_subset","reported_caste",519,509,408,0.801571709233792
24,"original","verified_interview_subset","broad_caste",519,509,411,0.807465618860511
24,"original","verified_interview_men","reported_caste",259,253,190,0.75098814229249
24,"original","verified_interview_men","broad_caste",259,253,191,0.754940711462451
24,"feature_corrected","full_market","reported_caste",8038,7665,5568,0.72641878669276
24,"feature_corrected","full_market","broad_caste",8038,7665,5609,0.731767775603392
24,"feature_corrected","verified_interview_subset","reported_caste",512,497,366,0.736418511066398
24,"feature_corrected","verified_interview_subset","broad_caste",512,497,369,0.742454728370221
24,"feature_corrected","verified_interview_men","reported_caste",259,248,174,0.701612903225806
24,"feature_corrected","verified_interview_men","broad_caste",259,248,176,0.709677419354839
25,"original","full_market","reported_caste",8038,7802,7594,0.973340169187388
25,"original","full_market","broad_caste",8038,7802,7632,0.97821071520123
25,"original","verified_interview_subset","reported_caste",535,528,517,0.979166666666667
25,"original","verified_interview_subset","broad_caste",535,528,518,0.981060606060606
25,"original","verified_interview_men","reported_caste",259,255,247,0.968627450980392
25,"original","verified_interview_men","broad_caste",259,255,248,0.972549019607843
25,"feature_corrected","full_market","reported_caste",8038,7800,7579,0.971666666666667
25,"feature_corrected","full_market","broad_caste",8038,7800,7611,0.975769230769231
25,"feature_corrected","verified_interview_subset","reported_caste",542,536,525,0.979477611940298
25,"feature_corrected","verified_interview_subset","broad_caste",542,536,525,0.979477611940298
25,"feature_corrected","verified_interview_men","reported_caste",259,255,249,0.976470588235294
25,"feature_corrected","verified_interview_men","broad_caste",259,255,249,0.976470588235294
26,"original","full_market","reported_caste",8038,7640,7201,0.942539267015707
26,"original","full_market","broad_caste",8038,7640,7229,0.946204188481675
26,"original","verified_interview_subset","reported_caste",526,508,479,0.942913385826772
26,"original","verified_interview_subset","broad_caste",526,508,481,0.946850393700787
26,"original","verified_interview_men","reported_caste",259,249,234,0.939759036144578
26,"original","verified_interview_men","broad_caste",259,249,235,0.943775100401606
26,"feature_corrected","full_market","reported_caste",8038,7626,7107,0.931943351691581
26,"feature_corrected","full_market","broad_caste",8038,7626,7133,0.935352740624181
26,"feature_corrected","verified_interview_subset","reported_caste",532,514,484,0.941634241245136
26,"feature_corrected","verified_interview_subset","broad_caste",532,514,485,0.943579766536965
26,"feature_corrected","verified_interview_men","reported_caste",259,248,230,0.92741935483871
26,"feature_corrected","verified_interview_men","broad_caste",259,248,231,0.931451612903226
27,"original","full_market","reported_caste",8038,7776,6886,0.885545267489712
27,"original","full_market","broad_caste",8038,7776,6908,0.888374485596708
27,"original","verified_interview_subset","reported_caste",534,527,474,0.899430740037951
27,"original","verified_interview_subset","broad_caste",534,527,476,0.903225806451613
27,"original","verified_interview_men","reported_caste",259,254,220,0.866141732283464
27,"original","verified_interview_men","broad_caste",259,254,221,0.87007874015748
27,"feature_corrected","full_market","reported_caste",8038,7765,6830,0.879587894397941
27,"feature_corrected","full_market","broad_caste",8038,7765,6845,0.881519639407597
27,"feature_corrected","verified_interview_subset","reported_caste",534,527,474,0.899430740037951
27,"feature_corrected","verified_interview_subset","broad_caste",534,527,475,0.901328273244782
27,"feature_corrected","verified_interview_men","reported_caste",259,254,222,0.874015748031496
27,"feature_corrected","verified_interview_men","broad_caste",259,254,223,0.877952755905512
28,"original","full_market","reported_caste",8038,7685,7031,0.914899154196487
28,"original","full_market","broad_caste",8038,7685,7054,0.917891997397527
28,"original","verified_interview_subset","reported_caste",544,530,492,0.928301886792453
28,"original","verified_interview_subset","broad_caste",544,530,492,0.928301886792453
28,"original","verified_interview_men","reported_caste",259,251,228,0.908366533864542
28,"original","verified_interview_men","broad_caste",259,251,228,0.908366533864542
28,"feature_corrected","full_market","reported_caste",8038,7676,6769,0.881839499739447
28,"feature_corrected","full_market","broad_caste",8038,7676,6809,0.887050547159979
28,"feature_corrected","verified_interview_subset","reported_caste",545,530,473,0.892452830188679
28,"feature_corrected","verified_interview_subset","broad_caste",545,530,475,0.89622641509434
28,"feature_corrected","verified_interview_men","reported_caste",259,250,221,0.884
28,"feature_corrected","verified_interview_men","broad_caste",259,250,221,0.884
29,"original","full_market","reported_caste",8038,7763,6521,0.840010305294345
29,"original","full_market","broad_caste",8038,7763,6563,0.845420584825454
29,"original","verified_interview_subset","reported_caste",538,530,442,0.833962264150943
29,"original","verified_interview_subset","broad_caste",538,530,443,0.835849056603774
29,"original","verified_interview_men","reported_caste",259,255,202,0.792156862745098
29,"original","verified_interview_men","broad_caste",259,255,202,0.792156862745098
29,"feature_corrected","full_market","reported_caste",8038,7754,6409,0.826541140056745
29,"feature_corrected","full_market","broad_caste",8038,7754,6456,0.832602527727624
29,"feature_corrected","verified_interview_subset","reported_caste",535,529,437,0.826086956521739
29,"feature_corrected","verified_interview_subset","broad_caste",535,529,442,0.835538752362949
29,"feature_corrected","verified_interview_men","reported_caste",259,255,196,0.768627450980392
29,"feature_corrected","verified_interview_men","broad_caste",259,255,198,0.776470588235294
30,"original","full_market","reported_caste",8038,7711,7358,0.954221242381014
30,"original","full_market","broad_caste",8038,7711,7369,0.955647775904552
30,"original","verified_interview_subset","reported_caste",542,532,522,0.981203007518797
30,"original","verified_interview_subset","broad_caste",542,532,522,0.981203007518797
30,"original","verified_interview_men","reported_caste",259,253,247,0.976284584980237
30,"original","verified_interview_men","broad_caste",259,253,247,0.976284584980237
30,"feature_corrected","full_market","reported_caste",8038,7712,7352,0.953319502074689
30,"feature_corrected","full_market","broad_caste",8038,7712,7363,0.954745850622406
30,"feature_corrected","verified_interview_subset","reported_caste",534,527,506,0.960151802656547
30,"feature_corrected","verified_interview_subset","broad_caste",534,527,506,0.960151802656547
30,"feature_corrected","verified_interview_men","reported_caste",259,254,245,0.964566929133858
30,"feature_corrected","verified_interview_men","broad_caste",259,254,245,0.964566929133858
31,"original","full_market","reported_caste",8038,7707,6566,0.851952770208901
31,"original","full_market","broad_caste",8038,7708,6642,0.861702127659575
31,"original","verified_interview_subset","reported_caste",534,522,448,0.85823754789272
31,"original","verified_interview_subset","broad_caste",534,523,451,0.862332695984704
31,"original","verified_interview_men","reported_caste",259,254,209,0.822834645669291
31,"original","verified_interview_men","broad_caste",259,254,211,0.830708661417323
31,"feature_corrected","full_market","reported_caste",8038,7656,5400,0.705329153605017
31,"feature_corrected","full_market","broad_caste",8038,7656,5425,0.708594566353187
31,"feature_corrected","verified_interview_subset","reported_caste",537,517,376,0.727272727272727
31,"feature_corrected","verified_interview_subset","broad_caste",537,517,377,0.729206963249516
31,"feature_corrected","verified_interview_men","reported_caste",259,245,174,0.710204081632653
31,"feature_corrected","verified_interview_men","broad_caste",259,245,175,0.714285714285714
32,"original","full_market","reported_caste",8038,7715,7206,0.934024627349319
32,"original","full_market","broad_caste",8038,7715,7229,0.93700583279326
32,"original","verified_interview_subset","reported_caste",539,529,494,0.933837429111531
32,"original","verified_interview_subset","broad_caste",539,529,495,0.935727788279773
32,"original","verified_interview_men","reported_caste",259,254,234,0.921259842519685
32,"original","verified_interview_men","broad_caste",259,254,235,0.925196850393701
32,"feature_corrected","full_market","reported_caste",8038,7708,7110,0.922418266735859
32,"feature_corrected","full_market","broad_caste",8038,7708,7134,0.925531914893617
32,"feature_corrected","verified_interview_subset","reported_caste",542,533,495,0.928705440900563
32,"feature_corrected","verified_interview_subset","broad_caste",542,533,496,0.930581613508443
32,"feature_corrected","verified_interview_men","reported_caste",259,254,235,0.925196850393701
32,"feature_corrected","verified_interview_men","broad_caste",259,254,235,0.925196850393701
33,"original","full_market","reported_caste",8038,7687,7346,0.955639391179914
33,"original","full_market","broad_caste",8038,7687,7369,0.958631455704436
33,"original","verified_interview_subset","reported_caste",538,522,497,0.952107279693487
33,"original","verified_interview_subset","broad_caste",538,522,500,0.957854406130268
33,"original","verified_interview_men","reported_caste",259,249,236,0.947791164658634
33,"original","verified_interview_men","broad_caste",259,249,238,0.955823293172691
33,"feature_corrected","full_market","reported_caste",8038,7668,6983,0.910667709963485
33,"feature_corrected","full_market","broad_caste",8038,7668,6997,0.912493479394888
33,"feature_corrected","verified_interview_subset","reported_caste",542,528,477,0.903409090909091
33,"feature_corrected","verified_interview_subset","broad_caste",542,528,477,0.903409090909091
33,"feature_corrected","verified_interview_men","reported_caste",259,250,221,0.884
33,"feature_corrected","verified_interview_men","broad_caste",259,250,221,0.884
34,"original","full_market","reported_caste",8038,7626,5412,0.709677419354838
34,"original","full_market","broad_caste",8038,7626,5415,0.710070810385523
34,"original","verified_interview_subset","reported_caste",525,509,365,0.717092337917485
34,"original","verified_interview_subset","broad_caste",525,509,365,0.717092337917485
34,"original","verified_interview_men","reported_caste",259,251,159,0.633466135458167
34,"original","verified_interview_men","broad_caste",259,251,159,0.633466135458167
34,"feature_corrected","full_market","reported_caste",8038,7599,4940,0.650085537570733
34,"feature_corrected","full_market","broad_caste",8038,7600,4947,0.650921052631579
34,"feature_corrected","verified_interview_subset","reported_caste",524,502,329,0.655378486055777
34,"feature_corrected","verified_interview_subset","broad_caste",524,503,329,0.654075546719682
34,"feature_corrected","verified_interview_men","reported_caste",259,248,148,0.596774193548387
34,"feature_corrected","verified_interview_men","broad_caste",259,248,148,0.596774193548387
35,"original","full_market","reported_caste",8038,7727,7315,0.94668047107545
35,"original","full_market","broad_caste",8038,7727,7338,0.949657046719296
35,"original","verified_interview_subset","reported_caste",542,531,502,0.945386064030132
35,"original","verified_interview_subset","broad_caste",542,531,504,0.949152542372881
35,"original","verified_interview_men","reported_caste",259,252,235,0.932539682539682
35,"original","verified_interview_men","broad_caste",259,252,237,0.94047619047619
35,"feature_corrected","full_market","reported_caste",8038,7723,7273,0.941732487375372
35,"feature_corrected","full_market","broad_caste",8038,7723,7294,0.944451637964522
35,"feature_corrected","verified_interview_subset","reported_caste",536,527,496,0.941176470588235
35,"feature_corrected","verified_interview_subset","broad_caste",536,527,499,0.946869070208729
35,"feature_corrected","verified_interview_men","reported_caste",259,254,235,0.925196850393701
35,"feature_corrected","verified_interview_men","broad_caste",259,254,236,0.929133858267716
36,"original","full_market","reported_caste",8038,7777,7492,0.963353478204963
36,"original","full_market","broad_caste",8038,7777,7510,0.965667995370965
36,"original","verified_interview_subset","reported_caste",541,536,515,0.960820895522388
36,"original","verified_interview_subset","broad_caste",541,536,516,0.962686567164179
36,"original","verified_interview_men","reported_caste",259,256,243,0.94921875
36,"original","verified_interview_men","broad_caste",259,256,244,0.953125
36,"feature_corrected","full_market","reported_caste",8038,7786,7556,0.97045979964038
36,"feature_corrected","full_market","broad_caste",8038,7786,7577,0.973156948368867
36,"feature_corrected","verified_interview_subset","reported_caste",546,541,525,0.970425138632163
36,"feature_corrected","verified_interview_subset","broad_caste",546,541,526,0.972273567467653
36,"feature_corrected","verified_interview_men","reported_caste",259,256,245,0.95703125
36,"feature_corrected","verified_interview_men","broad_caste",259,256,246,0.9609375
37,"original","full_market","reported_caste",8038,7761,7655,0.986341966241464
37,"original","full_market","broad_caste",8038,7761,7684,0.990078598118799
37,"original","verified_interview_subset","reported_caste",545,537,529,0.985102420856611
37,"original","verified_interview_subset","broad_caste",545,537,531,0.988826815642458
37,"original","verified_interview_men","reported_caste",259,253,249,0.984189723320158
37,"original","verified_interview_men","broad_caste",259,253,249,0.984189723320158
37,"feature_corrected","full_market","reported_caste",8038,7773,7627,0.981217033320468
37,"feature_corrected","full_market","broad_caste",8038,7773,7645,0.983532741541233
37,"feature_corrected","verified_interview_subset","reported_caste",531,525,510,0.971428571428571
37,"feature_corrected","verified_interview_subset","broad_caste",531,525,510,0.971428571428571
37,"feature_corrected","verified_interview_men","reported_caste",259,256,247,0.96484375
37,"feature_corrected","verified_interview_men","broad_caste",259,256,247,0.96484375
38,"original","full_market","reported_caste",8038,7714,7634,0.989629245527612
38,"original","full_market","broad_caste",8038,7714,7661,0.993129375162043
38,"original","verified_interview_subset","reported_caste",548,535,530,0.990654205607477
38,"original","verified_interview_subset","broad_caste",548,535,531,0.992523364485981
38,"original","verified_interview_men","reported_caste",259,253,251,0.992094861660079
38,"original","verified_interview_men","broad_caste",259,253,252,0.99604743083004
38,"feature_corrected","full_market","reported_caste",8038,7688,7564,0.983870967741935
38,"feature_corrected","full_market","broad_caste",8038,7688,7577,0.985561914672216
38,"feature_corrected","verified_interview_subset","reported_caste",555,539,535,0.992578849721707
38,"feature_corrected","verified_interview_subset","broad_caste",555,539,535,0.992578849721707
38,"feature_corrected","verified_interview_men","reported_caste",259,250,248,0.992
38,"feature_corrected","verified_interview_men","broad_caste",259,250,248,0.992
39,"original","full_market","reported_caste",8038,7689,7594,0.987644687215503
39,"original","full_market","broad_caste",8038,7689,7607,0.989335414228118
39,"original","verified_interview_subset","reported_caste",542,528,521,0.986742424242424
39,"original","verified_interview_subset","broad_caste",542,528,522,0.988636363636364
39,"original","verified_interview_men","reported_caste",259,249,246,0.987951807228916
39,"original","verified_interview_men","broad_caste",259,249,246,0.987951807228916
39,"feature_corrected","full_market","reported_caste",8038,7684,7501,0.976184279021343
39,"feature_corrected","full_market","broad_caste",8038,7684,7509,0.977225403435711
39,"feature_corrected","verified_interview_subset","reported_caste",543,531,518,0.975517890772128
39,"feature_corrected","verified_interview_subset","broad_caste",543,531,518,0.975517890772128
39,"feature_corrected","verified_interview_men","reported_caste",259,251,245,0.97609561752988
39,"feature_corrected","verified_interview_men","broad_caste",259,251,245,0.97609561752988
40,"original","full_market","reported_caste",8038,7716,6750,0.874805598755832
40,"original","full_market","broad_caste",8038,7716,6784,0.879212026956973
40,"original","verified_interview_subset","reported_caste",535,528,452,0.856060606060606
40,"original","verified_interview_subset","broad_caste",535,528,454,0.859848484848485
40,"original","verified_interview_men","reported_caste",259,254,211,0.830708661417323
40,"original","verified_interview_men","broad_caste",259,254,211,0.830708661417323
40,"feature_corrected","full_market","reported_caste",8038,7678,6489,0.845141964053139
40,"feature_corrected","full_market","broad_caste",8038,7678,6514,0.848398020317791
40,"feature_corrected","verified_interview_subset","reported_caste",529,517,435,0.841392649903288
40,"feature_corrected","verified_interview_subset","broad_caste",529,517,436,0.843326885880077
40,"feature_corrected","verified_interview_men","reported_caste",259,251,208,0.828685258964143
40,"feature_corrected","verified_interview_men","broad_caste",259,251,208,0.828685258964143
41,"original","full_market","reported_caste",8038,7721,7504,0.971894832275612
41,"original","full_market","broad_caste",8038,7721,7524,0.974485170314726
41,"original","verified_interview_subset","reported_caste",527,514,498,0.968871595330739
41,"original","verified_interview_subset","broad_caste",527,514,500,0.972762645914397
41,"original","verified_interview_men","reported_caste",259,251,242,0.964143426294821
41,"original","verified_interview_men","broad_caste",259,251,243,0.968127490039841
41,"feature_corrected","full_market","reported_caste",8038,7721,7493,0.970470146354099
41,"feature_corrected","full_market","broad_caste",8038,7721,7514,0.973190001295169
41,"feature_corrected","verified_interview_subset","reported_caste",528,514,499,0.970817120622568
41,"feature_corrected","verified_interview_subset","broad_caste",528,514,501,0.974708171206226
41,"feature_corrected","verified_interview_men","reported_caste",259,250,242,0.968
41,"feature_corrected","verified_interview_men","broad_caste",259,250,243,0.972
42,"original","full_market","reported_caste",8038,7772,7474,0.96165723108595
42,"original","full_market","broad_caste",8038,7772,7495,0.964359238291302
42,"original","verified_interview_subset","reported_caste",538,531,511,0.962335216572505
42,"original","verified_interview_subset","broad_caste",538,531,513,0.966101694915254
42,"original","verified_interview_men","reported_caste",259,255,243,0.952941176470588
42,"original","verified_interview_men","broad_caste",259,255,243,0.952941176470588
42,"feature_corrected","full_market","reported_caste",8038,7769,7434,0.95687990732398
42,"feature_corrected","full_market","broad_caste",8038,7769,7460,0.960226541382417
42,"feature_corrected","verified_interview_subset","reported_caste",543,535,511,0.955140186915888
42,"feature_corrected","verified_interview_subset","broad_caste",543,535,514,0.960747663551402
42,"feature_corrected","verified_interview_men","reported_caste",259,253,242,0.956521739130435
42,"feature_corrected","verified_interview_men","broad_caste",259,253,244,0.964426877470356
43,"original","full_market","reported_caste",8038,7797,7387,0.947415672694626
43,"original","full_market","broad_caste",8038,7797,7431,0.953058868795691
43,"original","verified_interview_subset","reported_caste",541,533,500,0.938086303939963
43,"original","verified_interview_subset","broad_caste",541,533,504,0.945590994371482
43,"original","verified_interview_men","reported_caste",259,254,229,0.901574803149606
43,"original","verified_interview_men","broad_caste",259,254,232,0.913385826771653
43,"feature_corrected","full_market","reported_caste",8038,7806,7154,0.916474506789649
43,"feature_corrected","full_market","broad_caste",8038,7806,7210,0.923648475531642
43,"feature_corrected","verified_interview_subset","reported_caste",540,534,482,0.902621722846442
43,"feature_corrected","verified_interview_subset","broad_caste",540,534,487,0.911985018726592
43,"feature_corrected","verified_interview_men","reported_caste",259,255,226,0.886274509803922
43,"feature_corrected","verified_interview_men","broad_caste",259,255,229,0.898039215686275
44,"original","full_market","reported_caste",8038,7710,6974,0.904539559014267
44,"original","full_market","broad_caste",8038,7710,6981,0.90544747081712
44,"original","verified_interview_subset","reported_caste",540,528,480,0.909090909090909
44,"original","verified_interview_subset","broad_caste",540,528,480,0.909090909090909
44,"original","verified_interview_men","reported_caste",259,251,220,0.876494023904382
44,"original","verified_interview_men","broad_caste",259,251,220,0.876494023904382
44,"feature_corrected","full_market","reported_caste",8038,7697,6644,0.863193451994283
44,"feature_corrected","full_market","broad_caste",8038,7697,6655,0.864622580226062
44,"feature_corrected","verified_interview_subset","reported_caste",549,536,465,0.867537313432836
44,"feature_corrected","verified_interview_subset","broad_caste",549,536,466,0.869402985074627
44,"feature_corrected","verified_interview_men","reported_caste",259,251,207,0.824701195219123
44,"feature_corrected","verified_interview_men","broad_caste",259,251,207,0.824701195219123
45,"original","full_market","reported_caste",8038,7694,6745,0.876657135430205
45,"original","full_market","broad_caste",8038,7694,6758,0.878346763711983
45,"original","verified_interview_subset","reported_caste",538,518,454,0.876447876447876
45,"original","verified_interview_subset","broad_caste",538,518,455,0.878378378378378
45,"original","verified_interview_men","reported_caste",259,245,202,0.824489795918367
45,"original","verified_interview_men","broad_caste",259,245,202,0.824489795918367
45,"feature_corrected","full_market","reported_caste",8038,7701,6568,0.852876249837683
45,"feature_corrected","full_market","broad_caste",8038,7701,6573,0.853525516166732
45,"feature_corrected","verified_interview_subset","reported_caste",547,530,445,0.839622641509434
45,"feature_corrected","verified_interview_subset","broad_caste",547,530,446,0.841509433962264
45,"feature_corrected","verified_interview_men","reported_caste",259,248,201,0.810483870967742
45,"feature_corrected","verified_interview_men","broad_caste",259,248,201,0.810483870967742
46,"original","full_market","reported_caste",8038,7795,6845,0.878127004490057
46,"original","full_market","broad_caste",8038,7795,6872,0.881590763309814
46,"original","verified_interview_subset","reported_caste",539,533,474,0.889305816135085
46,"original","verified_interview_subset","broad_caste",539,533,477,0.894934333958724
46,"original","verified_interview_men","reported_caste",259,255,219,0.858823529411765
46,"original","verified_interview_men","broad_caste",259,255,221,0.866666666666667
46,"feature_corrected","full_market","reported_caste",8038,7807,6751,0.864736774689382
46,"feature_corrected","full_market","broad_caste",8038,7807,6794,0.870244652235174
46,"feature_corrected","verified_interview_subset","reported_caste",541,536,469,0.875
46,"feature_corrected","verified_interview_subset","broad_caste",541,536,471,0.878731343283582
46,"feature_corrected","verified_interview_men","reported_caste",259,256,216,0.84375
46,"feature_corrected","verified_interview_men","broad_caste",259,256,217,0.84765625
47,"original","full_market","reported_caste",8038,7689,7369,0.958382104304851
47,"original","full_market","broad_caste",8038,7689,7384,0.960332943165561
47,"original","verified_interview_subset","reported_caste",541,525,502,0.956190476190476
47,"original","verified_interview_subset","broad_caste",541,525,502,0.956190476190476
47,"original","verified_interview_men","reported_caste",259,247,234,0.947368421052632
47,"original","verified_interview_men","broad_caste",259,247,234,0.947368421052632
47,"feature_corrected","full_market","reported_caste",8038,7685,7065,0.91932335718933
47,"feature_corrected","full_market","broad_caste",8038,7685,7082,0.921535458685751
47,"feature_corrected","verified_interview_subset","reported_caste",529,512,472,0.921875
47,"feature_corrected","verified_interview_subset","broad_caste",529,512,472,0.921875
47,"feature_corrected","verified_interview_men","reported_caste",259,245,223,0.910204081632653
47,"feature_corrected","verified_interview_men","broad_caste",259,245,223,0.910204081632653
48,"original","full_market","reported_caste",8038,7779,6439,0.827741354929939
48,"original","full_market","broad_caste",8038,7779,6511,0.836997043321763
48,"original","verified_interview_subset","reported_caste",525,518,430,0.83011583011583
48,"original","verified_interview_subset","broad_caste",525,518,432,0.833976833976834
48,"original","verified_interview_men","reported_caste",259,254,203,0.799212598425197
48,"original","verified_interview_men","broad_caste",259,254,203,0.799212598425197
48,"feature_corrected","full_market","reported_caste",8038,7765,6143,0.791113972955569
48,"feature_corrected","full_market","broad_caste",8038,7765,6200,0.798454603992272
48,"feature_corrected","verified_interview_subset","reported_caste",526,519,408,0.786127167630058
48,"feature_corrected","verified_interview_subset","broad_caste",526,519,409,0.788053949903661
48,"feature_corrected","verified_interview_men","reported_caste",259,254,191,0.751968503937008
48,"feature_corrected","verified_interview_men","broad_caste",259,254,191,0.751968503937008
49,"original","full_market","reported_caste",8038,7709,6414,0.832014528473212
49,"original","full_market","broad_caste",8038,7709,6422,0.833052276559864
49,"original","verified_interview_subset","reported_caste",523,510,421,0.825490196078431
49,"original","verified_interview_subset","broad_caste",523,510,421,0.825490196078431
49,"original","verified_interview_men","reported_caste",259,251,197,0.784860557768924
49,"original","verified_interview_men","broad_caste",259,251,197,0.784860557768924
49,"feature_corrected","full_market","reported_caste",8038,7686,6419,0.835154826958106
49,"feature_corrected","full_market","broad_caste",8038,7686,6429,0.836455893832943
49,"feature_corrected","verified_interview_subset","reported_caste",530,513,427,0.832358674463938
49,"feature_corrected","verified_interview_subset","broad_caste",530,513,427,0.832358674463938
49,"feature_corrected","verified_interview_men","reported_caste",259,250,201,0.804
49,"feature_corrected","verified_interview_men","broad_caste",259,250,201,0.804
50,"original","full_market","reported_caste",8038,7728,6292,0.814182194616977
50,"original","full_market","broad_caste",8038,7728,6350,0.821687370600414
50,"original","verified_interview_subset","reported_caste",529,521,419,0.804222648752399
50,"original","verified_interview_subset","broad_caste",529,521,423,0.81190019193858
50,"original","verified_interview_men","reported_caste",259,254,199,0.783464566929134
50,"original","verified_interview_men","broad_caste",259,254,200,0.78740157480315
50,"feature_corrected","full_market","reported_caste",8038,7681,5827,0.75862517901315
50,"feature_corrected","full_market","broad_caste",8038,7681,5869,0.764093217029033
50,"feature_corrected","verified_interview_subset","reported_caste",528,516,400,0.775193798449612
50,"feature_corrected","verified_interview_subset","broad_caste",528,516,402,0.77906976744186
50,"feature_corrected","verified_interview_men","reported_caste",259,251,178,0.709163346613546
50,"feature_corrected","verified_interview_men","broad_caste",259,251,180,0.717131474103586
51,"original","full_market","reported_caste",8038,7783,7724,0.992419375562122
51,"original","full_market","broad_caste",8038,7783,7737,0.994089682641655
51,"original","verified_interview_subset","reported_caste",545,539,535,0.992578849721707
51,"original","verified_interview_subset","broad_caste",545,539,537,0.996289424860853
51,"original","verified_interview_men","reported_caste",259,255,252,0.988235294117647
51,"original","verified_interview_men","broad_caste",259,255,253,0.992156862745098
51,"feature_corrected","full_market","reported_caste",8038,7794,7727,0.991403643828586
51,"feature_corrected","full_market","broad_caste",8038,7794,7744,0.993584808827303
51,"feature_corrected","verified_interview_subset","reported_caste",549,544,540,0.99264705882353
51,"feature_corrected","verified_interview_subset","broad_caste",549,544,541,0.994485294117647
51,"feature_corrected","verified_interview_men","reported_caste",259,256,252,0.984375
51,"feature_corrected","verified_interview_men","broad_caste",259,256,253,0.98828125
52,"original","full_market","reported_caste",8038,7783,7605,0.977129641526404
52,"original","full_market","broad_caste",8038,7783,7628,0.980084800205576
52,"original","verified_interview_subset","reported_caste",529,523,512,0.978967495219885
52,"original","verified_interview_subset","broad_caste",529,523,512,0.978967495219885
52,"original","verified_interview_men","reported_caste",259,255,249,0.976470588235294
52,"original","verified_interview_men","broad_caste",259,255,249,0.976470588235294
52,"feature_corrected","full_market","reported_caste",8038,7779,7576,0.973904100784162
52,"feature_corrected","full_market","broad_caste",8038,7779,7594,0.976218022882118
52,"feature_corrected","verified_interview_subset","reported_caste",540,534,524,0.9812734082397
52,"feature_corrected","verified_interview_subset","broad_caste",540,534,524,0.9812734082397
52,"feature_corrected","verified_interview_men","reported_caste",259,255,251,0.984313725490196
52,"feature_corrected","verified_interview_men","broad_caste",259,255,251,0.984313725490196
53,"original","full_market","reported_caste",8038,7693,7607,0.98882100610945
53,"original","full_market","broad_caste",8038,7693,7624,0.99103080722735
53,"original","verified_interview_subset","reported_caste",549,536,530,0.988805970149254
53,"original","verified_interview_subset","broad_caste",549,536,531,0.990671641791045
53,"original","verified_interview_men","reported_caste",259,251,248,0.98804780876494
53,"original","verified_interview_men","broad_caste",259,251,248,0.98804780876494
53,"feature_corrected","full_market","reported_caste",8038,7696,7565,0.98297817047817
53,"feature_corrected","full_market","broad_caste",8038,7696,7576,0.984407484407485
53,"feature_corrected","verified_interview_subset","reported_caste",547,534,526,0.98501872659176
53,"feature_corrected","verified_interview_subset","broad_caste",547,534,527,0.98689138576779
53,"feature_corrected","verified_interview_men","reported_caste",259,253,249,0.984189723320158
53,"feature_corrected","verified_interview_men","broad_caste",259,253,249,0.984189723320158
54,"original","full_market","reported_caste",8038,7762,7667,0.987760886369493
54,"original","full_market","broad_caste",8038,7762,7693,0.991110538521
54,"original","verified_interview_subset","reported_caste",545,538,534,0.992565055762082
54,"original","verified_interview_subset","broad_caste",545,538,535,0.994423791821561
54,"original","verified_interview_men","reported_caste",259,254,250,0.984251968503937
54,"original","verified_interview_men","broad_caste",259,254,251,0.988188976377953
54,"feature_corrected","full_market","reported_caste",8038,7774,7537,0.969513763828145
54,"feature_corrected","full_market","broad_caste",8038,7774,7558,0.972215075894006
54,"feature_corrected","verified_interview_subset","reported_caste",545,539,519,0.962894248608534
54,"feature_corrected","verified_interview_subset","broad_caste",545,539,521,0.966604823747681
54,"feature_corrected","verified_interview_men","reported_caste",259,255,245,0.96078431372549
54,"feature_corrected","verified_interview_men","broad_caste",259,255,245,0.96078431372549
55,"original","full_market","reported_caste",8038,7784,7501,0.963643371017472
55,"original","full_market","broad_caste",8038,7784,7519,0.965955806783145
55,"original","verified_interview_subset","reported_caste",540,533,511,0.958724202626642
55,"original","verified_interview_subset","broad_caste",540,533,511,0.958724202626642
55,"original","verified_interview_men","reported_caste",259,254,243,0.956692913385827
55,"original","verified_interview_men","broad_caste",259,254,243,0.956692913385827
55,"feature_corrected","full_market","reported_caste",8038,7802,7545,0.967059728274801
55,"feature_corrected","full_market","broad_caste",8038,7802,7558,0.96872596770059
55,"feature_corrected","verified_interview_subset","reported_caste",542,535,515,0.962616822429907
55,"feature_corrected","verified_interview_subset","broad_caste",542,535,515,0.962616822429907
55,"feature_corrected","verified_interview_men","reported_caste",259,254,245,0.964566929133858
55,"feature_corrected","verified_interview_men","broad_caste",259,254,245,0.964566929133858
56,"original","full_market","reported_caste",8038,7706,7313,0.949000778614067
56,"original","full_market","broad_caste",8038,7706,7342,0.95276407993771
56,"original","verified_interview_subset","reported_caste",534,519,503,0.969171483622351
56,"original","verified_interview_subset","broad_caste",534,519,506,0.97495183044316
56,"original","verified_interview_men","reported_caste",259,249,240,0.963855421686747
56,"original","verified_interview_men","broad_caste",259,249,242,0.971887550200803
56,"feature_corrected","full_market","reported_caste",8038,7696,7214,0.937370062370063
56,"feature_corrected","full_market","broad_caste",8038,7696,7244,0.941268191268192
56,"feature_corrected","verified_interview_subset","reported_caste",544,529,500,0.945179584120983
56,"feature_corrected","verified_interview_subset","broad_caste",544,529,502,0.948960302457467
56,"feature_corrected","verified_interview_men","reported_caste",259,249,237,0.951807228915663
56,"feature_corrected","verified_interview_men","broad_caste",259,249,239,0.959839357429719
57,"original","full_market","reported_caste",8038,7786,6521,0.83752889802209
57,"original","full_market","broad_caste",8038,7786,6570,0.843822245055226
57,"original","verified_interview_subset","reported_caste",531,522,449,0.860153256704981
57,"original","verified_interview_subset","broad_caste",531,522,451,0.863984674329502
57,"original","verified_interview_men","reported_caste",259,254,209,0.822834645669291
57,"original","verified_interview_men","broad_caste",259,254,210,0.826771653543307
57,"feature_corrected","full_market","reported_caste",8038,7766,6156,0.792686067473602
57,"feature_corrected","full_market","broad_caste",8038,7766,6190,0.797064125676024
57,"feature_corrected","verified_interview_subset","reported_caste",529,523,428,0.818355640535373
57,"feature_corrected","verified_interview_subset","broad_caste",529,523,430,0.822179732313576
57,"feature_corrected","verified_interview_men","reported_caste",259,256,202,0.7890625
57,"feature_corrected","verified_interview_men","broad_caste",259,256,203,0.79296875
58,"original","full_market","reported_caste",8038,7698,7607,0.988178747726682
58,"original","full_market","broad_caste",8038,7698,7632,0.991426344505066
58,"original","verified_interview_subset","reported_caste",546,530,522,0.984905660377358
58,"original","verified_interview_subset","broad_caste",546,530,523,0.986792452830189
58,"original","verified_interview_men","reported_caste",259,250,244,0.976
58,"original","verified_interview_men","broad_caste",259,250,244,0.976
58,"feature_corrected","full_market","reported_caste",8038,7701,7570,0.982989222178938
58,"feature_corrected","full_market","broad_caste",8038,7701,7581,0.984417608102844
58,"feature_corrected","verified_interview_subset","reported_caste",548,537,527,0.981378026070764
58,"feature_corrected","verified_interview_subset","broad_caste",548,537,529,0.985102420856611
58,"feature_corrected","verified_interview_men","reported_caste",259,251,245,0.97609561752988
58,"feature_corrected","verified_interview_men","broad_caste",259,251,246,0.9800796812749
59,"original","full_market","reported_caste",8038,7706,6955,0.902543472618739
59,"original","full_market","broad_caste",8038,7706,6966,0.9039709317415
59,"original","verified_interview_subset","reported_caste",538,526,473,0.899239543726236
59,"original","verified_interview_subset","broad_caste",538,526,474,0.901140684410647
59,"original","verified_interview_men","reported_caste",259,252,221,0.876984126984127
59,"original","verified_interview_men","broad_caste",259,252,222,0.880952380952381
59,"feature_corrected","full_market","reported_caste",8038,7691,6831,0.888180990768431
59,"feature_corrected","full_market","broad_caste",8038,7691,6850,0.890651410739826
59,"feature_corrected","verified_interview_subset","reported_caste",529,519,455,0.876685934489403
59,"feature_corrected","verified_interview_subset","broad_caste",529,519,457,0.880539499036609
59,"feature_corrected","verified_interview_men","reported_caste",259,253,219,0.865612648221344
59,"feature_corrected","verified_interview_men","broad_caste",259,253,220,0.869565217391304
60,"original","full_market","reported_caste",8038,7694,7398,0.961528463737978
60,"original","full_market","broad_caste",8038,7694,7419,0.96425786327008
60,"original","verified_interview_subset","reported_caste",545,531,510,0.96045197740113
60,"original","verified_interview_subset","broad_caste",545,531,513,0.966101694915254
60,"original","verified_interview_men","reported_caste",259,251,238,0.948207171314741
60,"original","verified_interview_men","broad_caste",259,251,240,0.956175298804781
60,"feature_corrected","full_market","reported_caste",8038,7687,7313,0.951346429036035
60,"feature_corrected","full_market","broad_caste",8038,7687,7333,0.953948224274749
60,"feature_corrected","verified_interview_subset","reported_caste",536,522,492,0.942528735632184
60,"feature_corrected","verified_interview_subset","broad_caste",536,522,493,0.944444444444444
60,"feature_corrected","verified_interview_men","reported_caste",259,251,233,0.928286852589641
60,"feature_corrected","verified_interview_men","broad_caste",259,251,234,0.932270916334661
61,"original","full_market","reported_caste",8038,7715,7135,0.924821775761503
61,"original","full_market","broad_caste",8038,7715,7151,0.926895657809462
61,"original","verified_interview_subset","reported_caste",541,529,497,0.939508506616257
61,"original","verified_interview_subset","broad_caste",541,529,498,0.941398865784499
61,"original","verified_interview_men","reported_caste",259,250,230,0.92
61,"original","verified_interview_men","broad_caste",259,250,231,0.924
61,"feature_corrected","full_market","reported_caste",8038,7708,7052,0.914893617021276
61,"feature_corrected","full_market","broad_caste",8038,7708,7065,0.916580176440062
61,"feature_corrected","verified_interview_subset","reported_caste",538,525,477,0.908571428571429
61,"feature_corrected","verified_interview_subset","broad_caste",538,525,478,0.91047619047619
61,"feature_corrected","verified_interview_men","reported_caste",259,250,223,0.892
61,"feature_corrected","verified_interview_men","broad_caste",259,250,223,0.892
62,"original","full_market","reported_caste",8038,7741,7399,0.955819661542436
62,"original","full_market","broad_caste",8038,7741,7418,0.958274124790079
62,"original","verified_interview_subset","reported_caste",548,538,516,0.95910780669145
62,"original","verified_interview_subset","broad_caste",548,538,519,0.964684014869889
62,"original","verified_interview_men","reported_caste",259,252,239,0.948412698412698
62,"original","verified_interview_men","broad_caste",259,252,241,0.956349206349206
62,"feature_corrected","full_market","reported_caste",8038,7739,7384,0.954128440366973
62,"feature_corrected","full_market","broad_caste",8038,7739,7399,0.956066675281044
62,"feature_corrected","verified_interview_subset","reported_caste",551,539,516,0.957328385899814
62,"feature_corrected","verified_interview_subset","broad_caste",551,539,519,0.962894248608534
62,"feature_corrected","verified_interview_men","reported_caste",259,248,236,0.951612903225806
62,"feature_corrected","verified_interview_men","broad_caste",259,248,239,0.963709677419355
63,"original","full_market","reported_caste",8038,7784,7647,0.982399794450154
63,"original","full_market","broad_caste",8038,7784,7670,0.98535457348407
63,"original","verified_interview_subset","reported_caste",529,524,517,0.986641221374046
63,"original","verified_interview_subset","broad_caste",529,524,520,0.99236641221374
63,"original","verified_interview_men","reported_caste",259,256,251,0.98046875
63,"original","verified_interview_men","broad_caste",259,256,253,0.98828125
63,"feature_corrected","full_market","reported_caste",8038,7794,7660,0.982807287657172
63,"feature_corrected","full_market","broad_caste",8038,7794,7685,0.98601488324352
63,"feature_corrected","verified_interview_subset","reported_caste",537,531,526,0.990583804143126
63,"feature_corrected","verified_interview_subset","broad_caste",537,531,527,0.992467043314501
63,"feature_corrected","verified_interview_men","reported_caste",259,255,250,0.980392156862745
63,"feature_corrected","verified_interview_men","broad_caste",259,255,251,0.984313725490196
64,"original","full_market","reported_caste",8038,7707,7460,0.967951213182821
64,"original","full_market","broad_caste",8038,7707,7472,0.969508239263008
64,"original","verified_interview_subset","reported_caste",545,534,516,0.966292134831461
64,"original","verified_interview_subset","broad_caste",545,534,517,0.968164794007491
64,"original","verified_interview_men","reported_caste",259,251,240,0.956175298804781
64,"original","verified_interview_men","broad_caste",259,251,240,0.956175298804781
64,"feature_corrected","full_market","reported_caste",8038,7703,7207,0.93560950279112
64,"feature_corrected","full_market","broad_caste",8038,7703,7224,0.937816435155134
64,"feature_corrected","verified_interview_subset","reported_caste",544,529,493,0.931947069943289
64,"feature_corrected","verified_interview_subset","broad_caste",544,529,495,0.935727788279773
64,"feature_corrected","verified_interview_men","reported_caste",259,249,233,0.93574297188755
64,"feature_corrected","verified_interview_men","broad_caste",259,249,234,0.939759036144578
65,"original","full_market","reported_caste",8038,7791,7037,0.9032216660249
65,"original","full_market","broad_caste",8038,7791,7071,0.907585675779746
65,"original","verified_interview_subset","reported_caste",542,534,483,0.904494382022472
65,"original","verified_interview_subset","broad_caste",542,534,486,0.910112359550562
65,"original","verified_interview_men","reported_caste",259,253,223,0.881422924901186
65,"original","verified_interview_men","broad_caste",259,253,225,0.889328063241107
65,"feature_corrected","full_market","reported_caste",8038,7799,7090,0.909090909090909
65,"feature_corrected","full_market","broad_caste",8038,7799,7122,0.91319399923067
65,"feature_corrected","verified_interview_subset","reported_caste",545,539,483,0.896103896103896
65,"feature_corrected","verified_interview_subset","broad_caste",545,539,483,0.896103896103896
65,"feature_corrected","verified_interview_men","reported_caste",259,255,220,0.862745098039216
65,"feature_corrected","verified_interview_men","broad_caste",259,255,220,0.862745098039216
66,"original","full_market","reported_caste",8038,7711,7549,0.978991051744261
66,"original","full_market","broad_caste",8038,7711,7562,0.980676954999352
66,"original","verified_interview_subset","reported_caste",537,527,516,0.979127134724858
66,"original","verified_interview_subset","broad_caste",537,527,516,0.979127134724858
66,"original","verified_interview_men","reported_caste",259,254,249,0.980314960629921
66,"original","verified_interview_men","broad_caste",259,254,249,0.980314960629921
66,"feature_corrected","full_market","reported_caste",8038,7710,7575,0.982490272373541
66,"feature_corrected","full_market","broad_caste",8038,7710,7586,0.983916990920882
66,"feature_corrected","verified_interview_subset","reported_caste",542,533,529,0.99249530956848
66,"feature_corrected","verified_interview_subset","broad_caste",542,533,529,0.99249530956848
66,"feature_corrected","verified_interview_men","reported_caste",259,253,250,0.988142292490119
66,"feature_corrected","verified_interview_men","broad_caste",259,253,250,0.988142292490119
67,"original","full_market","reported_caste",8038,7707,7230,0.938108213312573
67,"original","full_market","broad_caste",8038,7707,7244,0.939924743739458
67,"original","verified_interview_subset","reported_caste",533,520,492,0.946153846153846
67,"original","verified_interview_subset","broad_caste",533,520,495,0.951923076923077
67,"original","verified_interview_men","reported_caste",259,250,233,0.932
67,"original","verified_interview_men","broad_caste",259,250,235,0.94
67,"feature_corrected","full_market","reported_caste",8038,7697,7105,0.923086916980642
67,"feature_corrected","full_market","broad_caste",8038,7697,7126,0.925815252695856
67,"feature_corrected","verified_interview_subset","reported_caste",535,521,483,0.927063339731286
67,"feature_corrected","verified_interview_subset","broad_caste",535,521,484,0.928982725527831
67,"feature_corrected","verified_interview_men","reported_caste",259,249,226,0.907630522088353
67,"feature_corrected","verified_interview_men","broad_caste",259,249,227,0.911646586345382
68,"original","full_market","reported_caste",8038,7781,7556,0.971083408302275
68,"original","full_market","broad_caste",8038,7781,7576,0.97365377200874
68,"original","verified_interview_subset","reported_caste",531,524,509,0.971374045801527
68,"original","verified_interview_subset","broad_caste",531,524,512,0.977099236641221
68,"original","verified_interview_men","reported_caste",259,254,244,0.960629921259842
68,"original","verified_interview_men","broad_caste",259,254,246,0.968503937007874
68,"feature_corrected","full_market","reported_caste",8038,7787,7570,0.972133042249904
68,"feature_corrected","full_market","broad_caste",8038,7787,7595,0.975343521253371
68,"feature_corrected","verified_interview_subset","reported_caste",535,528,511,0.96780303030303
68,"feature_corrected","verified_interview_subset","broad_caste",535,528,513,0.971590909090909
68,"feature_corrected","verified_interview_men","reported_caste",259,254,243,0.956692913385827
68,"feature_corrected","verified_interview_men","broad_caste",259,254,244,0.960629921259842
69,"original","full_market","reported_caste",8038,7780,7486,0.962210796915167
69,"original","full_market","broad_caste",8038,7780,7502,0.96426735218509
69,"original","verified_interview_subset","reported_caste",544,533,517,0.969981238273921
69,"original","verified_interview_subset","broad_caste",544,533,518,0.971857410881801
69,"original","verified_interview_men","reported_caste",259,253,245,0.968379446640316
69,"original","verified_interview_men","broad_caste",259,253,245,0.968379446640316
69,"feature_corrected","full_market","reported_caste",8038,7793,7391,0.948415244450147
69,"feature_corrected","full_market","broad_caste",8038,7793,7407,0.950468369049147
69,"feature_corrected","verified_interview_subset","reported_caste",538,531,504,0.949152542372881
69,"feature_corrected","verified_interview_subset","broad_caste",538,531,505,0.951035781544256
69,"feature_corrected","verified_interview_men","reported_caste",259,255,237,0.929411764705882
69,"feature_corrected","verified_interview_men","broad_caste",259,255,238,0.933333333333333
70,"original","full_market","reported_caste",8038,7702,6554,0.850947805764737
70,"original","full_market","broad_caste",8038,7702,6586,0.855102570760841
70,"original","verified_interview_subset","reported_caste",536,525,450,0.857142857142857
70,"original","verified_interview_subset","broad_caste",536,525,451,0.859047619047619
70,"original","verified_interview_men","reported_caste",259,253,209,0.826086956521739
70,"original","verified_interview_men","broad_caste",259,253,210,0.8300395256917
70,"feature_corrected","full_market","reported_caste",8038,7689,6656,0.865652230459097
70,"feature_corrected","full_market","broad_caste",8038,7689,6683,0.869163740408376
70,"feature_corrected","verified_interview_subset","reported_caste",537,529,467,0.882797731568998
70,"feature_corrected","verified_interview_subset","broad_caste",537,529,467,0.882797731568998
70,"feature_corrected","verified_interview_men","reported_caste",259,255,217,0.850980392156863
70,"feature_corrected","verified_interview_men","broad_caste",259,255,217,0.850980392156863
71,"original","full_market","reported_caste",8038,7711,6916,0.89690053170795
71,"original","full_market","broad_caste",8038,7711,6932,0.898975489560369
71,"original","verified_interview_subset","reported_caste",548,539,489,0.907235621521336
71,"original","verified_interview_subset","broad_caste",548,539,490,0.909090909090909
71,"original","verified_interview_men","reported_caste",259,253,225,0.889328063241107
71,"original","verified_interview_men","broad_caste",259,253,226,0.893280632411067
71,"feature_corrected","full_market","reported_caste",8038,7697,6801,0.883591009484215
71,"feature_corrected","full_market","broad_caste",8038,7697,6816,0.885539820709367
71,"feature_corrected","verified_interview_subset","reported_caste",548,537,478,0.890130353817505
71,"feature_corrected","verified_interview_subset","broad_caste",548,537,479,0.891992551210428
71,"feature_corrected","verified_interview_men","reported_caste",259,252,219,0.869047619047619
71,"feature_corrected","verified_interview_men","broad_caste",259,252,219,0.869047619047619
72,"original","full_market","reported_caste",8038,7727,7424,0.960786851300634
72,"original","full_market","broad_caste",8038,7727,7459,0.965316422932574
72,"original","verified_interview_subset","reported_caste",539,526,509,0.967680608365019
72,"original","verified_interview_subset","broad_caste",539,526,511,0.97148288973384
72,"original","verified_interview_men","reported_caste",259,250,238,0.952
72,"original","verified_interview_men","broad_caste",259,250,239,0.956
72,"feature_corrected","full_market","reported_caste",8038,7720,7137,0.924481865284974
72,"feature_corrected","full_market","broad_caste",8038,7720,7175,0.92940414507772
72,"feature_corrected","verified_interview_subset","reported_caste",540,530,494,0.932075471698113
72,"feature_corrected","verified_interview_subset","broad_caste",540,530,495,0.933962264150943
72,"feature_corrected","verified_interview_men","reported_caste",259,252,232,0.920634920634921
72,"feature_corrected","verified_interview_men","broad_caste",259,252,232,0.920634920634921
73,"original","full_market","reported_caste",8038,7715,6344,0.822294232015554
73,"original","full_market","broad_caste",8038,7715,6376,0.826441996111472
73,"original","verified_interview_subset","reported_caste",527,520,437,0.840384615384615
73,"original","verified_interview_subset","broad_caste",527,520,440,0.846153846153846
73,"original","verified_interview_men","reported_caste",259,255,205,0.803921568627451
73,"original","verified_interview_men","broad_caste",259,255,207,0.811764705882353
73,"feature_corrected","full_market","reported_caste",8038,7689,5996,0.779815320587853
73,"feature_corrected","full_market","broad_caste",8038,7689,6021,0.783066718689037
73,"feature_corrected","verified_interview_subset","reported_caste",523,512,413,0.806640625
73,"feature_corrected","verified_interview_subset","broad_caste",523,512,414,0.80859375
73,"feature_corrected","verified_interview_men","reported_caste",259,252,193,0.765873015873016
73,"feature_corrected","verified_interview_men","broad_caste",259,252,194,0.76984126984127
74,"original","full_market","reported_caste",8038,7790,6950,0.89216944801027
74,"original","full_market","broad_caste",8038,7790,6978,0.895763799743261
74,"original","verified_interview_subset","reported_caste",544,535,479,0.895327102803738
74,"original","verified_interview_subset","broad_caste",544,535,483,0.902803738317757
74,"original","verified_interview_men","reported_caste",259,253,222,0.877470355731225
74,"original","verified_interview_men","broad_caste",259,253,224,0.885375494071146
74,"feature_corrected","full_market","reported_caste",8038,7762,6413,0.826204586446792
74,"feature_corrected","full_market","broad_caste",8038,7762,6437,0.829296573048183
74,"feature_corrected","verified_interview_subset","reported_caste",543,532,437,0.821428571428572
74,"feature_corrected","verified_interview_subset","broad_caste",543,532,438,0.823308270676692
74,"feature_corrected","verified_interview_men","reported_caste",259,254,200,0.78740157480315
74,"feature_corrected","verified_interview_men","broad_caste",259,254,201,0.791338582677165
75,"original","full_market","reported_caste",8038,7693,7337,0.953724164825166
75,"original","full_market","broad_caste",8038,7693,7350,0.955414012738854
75,"original","verified_interview_subset","reported_caste",551,543,515,0.948434622467772
75,"original","verified_interview_subset","broad_caste",551,543,515,0.948434622467772
75,"original","verified_interview_men","reported_caste",259,255,239,0.937254901960784
75,"original","verified_interview_men","broad_caste",259,255,239,0.937254901960784
75,"feature_corrected","full_market","reported_caste",8038,7688,7108,0.924557752341311
75,"feature_corrected","full_market","broad_caste",8038,7688,7120,0.926118626430802
75,"feature_corrected","verified_interview_subset","reported_caste",543,533,500,0.938086303939963
75,"feature_corrected","verified_interview_subset","broad_caste",543,533,501,0.939962476547842
75,"feature_corrected","verified_interview_men","reported_caste",259,252,234,0.928571428571429
75,"feature_corrected","verified_interview_men","broad_caste",259,252,234,0.928571428571429
76,"original","full_market","reported_caste",8038,7800,7072,0.906666666666667
76,"original","full_market","broad_caste",8038,7800,7098,0.91
76,"original","verified_interview_subset","reported_caste",534,527,486,0.922201138519924
76,"original","verified_interview_subset","broad_caste",534,527,487,0.924098671726755
76,"original","verified_interview_men","reported_caste",259,255,230,0.901960784313725
76,"original","verified_interview_men","broad_caste",259,255,231,0.905882352941176
76,"feature_corrected","full_market","reported_caste",8038,7807,7089,0.908031254002818
76,"feature_corrected","full_market","broad_caste",8038,7807,7109,0.910593057512489
76,"feature_corrected","verified_interview_subset","reported_caste",535,527,489,0.927893738140418
76,"feature_corrected","verified_interview_subset","broad_caste",535,527,489,0.927893738140418
76,"feature_corrected","verified_interview_men","reported_caste",259,254,234,0.921259842519685
76,"feature_corrected","verified_interview_men","broad_caste",259,254,234,0.921259842519685
77,"original","full_market","reported_caste",8038,7781,7561,0.971725999228891
77,"original","full_market","broad_caste",8038,7781,7577,0.973782290194062
77,"original","verified_interview_subset","reported_caste",540,533,516,0.968105065666041
77,"original","verified_interview_subset","broad_caste",540,533,517,0.969981238273921
77,"original","verified_interview_men","reported_caste",259,255,246,0.964705882352941
77,"original","verified_interview_men","broad_caste",259,255,246,0.964705882352941
77,"feature_corrected","full_market","reported_caste",8038,7795,7557,0.969467607440667
77,"feature_corrected","full_market","broad_caste",8038,7795,7576,0.971905067350866
77,"feature_corrected","verified_interview_subset","reported_caste",541,535,517,0.966355140186916
77,"feature_corrected","verified_interview_subset","broad_caste",541,535,518,0.96822429906542
77,"feature_corrected","verified_interview_men","reported_caste",259,255,246,0.964705882352941
77,"feature_corrected","verified_interview_men","broad_caste",259,255,246,0.964705882352941
78,"original","full_market","reported_caste",8038,7805,7665,0.982062780269058
78,"original","full_market","broad_caste",8038,7805,7694,0.985778347213325
78,"original","verified_interview_subset","reported_caste",536,531,518,0.975517890772128
78,"original","verified_interview_subset","broad_caste",536,531,522,0.983050847457627
78,"original","verified_interview_men","reported_caste",259,256,250,0.9765625
78,"original","verified_interview_men","broad_caste",259,256,251,0.98046875
78,"feature_corrected","full_market","reported_caste",8038,7805,7650,0.980140935297886
78,"feature_corrected","full_market","broad_caste",8038,7805,7669,0.982575272261371
78,"feature_corrected","verified_interview_subset","reported_caste",543,538,523,0.972118959107807
78,"feature_corrected","verified_interview_subset","broad_caste",543,538,525,0.975836431226766
78,"feature_corrected","verified_interview_men","reported_caste",259,256,250,0.9765625
78,"feature_corrected","verified_interview_men","broad_caste",259,256,250,0.9765625
79,"original","full_market","reported_caste",8038,7769,6811,0.876689406616038
79,"original","full_market","broad_caste",8038,7769,6879,0.885442141845797
79,"original","verified_interview_subset","reported_caste",544,536,464,0.865671641791045
79,"original","verified_interview_subset","broad_caste",544,536,469,0.875
79,"original","verified_interview_men","reported_caste",259,254,215,0.846456692913386
79,"original","verified_interview_men","broad_caste",259,254,217,0.854330708661417
79,"feature_corrected","full_market","reported_caste",8038,7785,6407,0.822992935131663
79,"feature_corrected","full_market","broad_caste",8038,7785,6466,0.830571612074503
79,"feature_corrected","verified_interview_subset","reported_caste",543,537,440,0.819366852886406
79,"feature_corrected","verified_interview_subset","broad_caste",543,537,444,0.8268156424581
79,"feature_corrected","verified_interview_men","reported_caste",259,255,200,0.784313725490196
79,"feature_corrected","verified_interview_men","broad_caste",259,255,203,0.796078431372549
80,"original","full_market","reported_caste",8038,7713,7380,0.956826137689615
80,"original","full_market","broad_caste",8038,7713,7406,0.960197069882017
80,"original","verified_interview_subset","reported_caste",539,526,511,0.97148288973384
80,"original","verified_interview_subset","broad_caste",539,526,513,0.975285171102662
80,"original","verified_interview_men","reported_caste",259,250,241,0.964
80,"original","verified_interview_men","broad_caste",259,250,241,0.964
80,"feature_corrected","full_market","reported_caste",8038,7699,7010,0.910507858163398
80,"feature_corrected","full_market","broad_caste",8038,7699,7036,0.913884920119496
80,"feature_corrected","verified_interview_subset","reported_caste",539,527,484,0.918406072106262
80,"feature_corrected","verified_interview_subset","broad_caste",539,527,487,0.924098671726755
80,"feature_corrected","verified_interview_men","reported_caste",259,250,228,0.912
80,"feature_corrected","verified_interview_men","broad_caste",259,250,230,0.92
81,"original","full_market","reported_caste",8038,7721,6240,0.808185468203601
81,"original","full_market","broad_caste",8038,7721,6324,0.81906488796788
81,"original","verified_interview_subset","reported_caste",516,505,420,0.831683168316832
81,"original","verified_interview_subset","broad_caste",516,505,428,0.847524752475248
81,"original","verified_interview_men","reported_caste",259,252,197,0.781746031746032
81,"original","verified_interview_men","broad_caste",259,252,200,0.793650793650794
81,"feature_corrected","full_market","reported_caste",8038,7697,5708,0.741587631544758
81,"feature_corrected","full_market","broad_caste",8038,7697,5772,0.749902559438742
81,"feature_corrected","verified_interview_subset","reported_caste",525,511,382,0.747553816046967
81,"feature_corrected","verified_interview_subset","broad_caste",525,511,383,0.749510763209393
81,"feature_corrected","verified_interview_men","reported_caste",259,252,181,0.718253968253968
81,"feature_corrected","verified_interview_men","broad_caste",259,252,182,0.722222222222222
82,"original","full_market","reported_caste",8038,7713,7593,0.984441851419681
82,"original","full_market","broad_caste",8038,7713,7612,0.986905224944898
82,"original","verified_interview_subset","reported_caste",545,537,529,0.985102420856611
82,"original","verified_interview_subset","broad_caste",545,537,530,0.986964618249534
82,"original","verified_interview_men","reported_caste",259,254,249,0.980314960629921
82,"original","verified_interview_men","broad_caste",259,254,249,0.980314960629921
82,"feature_corrected","full_market","reported_caste",8038,7717,7542,0.9773227938318
82,"feature_corrected","full_market","broad_caste",8038,7717,7557,0.979266554360503
82,"feature_corrected","verified_interview_subset","reported_caste",552,543,532,0.979742173112339
82,"feature_corrected","verified_interview_subset","broad_caste",552,543,532,0.979742173112339
82,"feature_corrected","verified_interview_men","reported_caste",259,254,246,0.968503937007874
82,"feature_corrected","verified_interview_men","broad_caste",259,254,246,0.968503937007874
83,"original","full_market","reported_caste",8038,7725,7333,0.94925566343042
83,"original","full_market","broad_caste",8038,7725,7355,0.95210355987055
83,"original","verified_interview_subset","reported_caste",535,524,510,0.973282442748092
83,"original","verified_interview_subset","broad_caste",535,524,511,0.975190839694656
83,"original","verified_interview_men","reported_caste",259,251,246,0.9800796812749
83,"original","verified_interview_men","broad_caste",259,251,247,0.98406374501992
83,"feature_corrected","full_market","reported_caste",8038,7715,7291,0.945042125729099
83,"feature_corrected","full_market","broad_caste",8038,7715,7311,0.947634478289048
83,"feature_corrected","verified_interview_subset","reported_caste",535,522,505,0.967432950191571
83,"feature_corrected","verified_interview_subset","broad_caste",535,522,505,0.967432950191571
83,"feature_corrected","verified_interview_men","reported_caste",259,251,245,0.97609561752988
83,"feature_corrected","verified_interview_men","broad_caste",259,251,245,0.97609561752988
84,"original","full_market","reported_caste",8038,7726,6720,0.869790318405384
84,"original","full_market","broad_caste",8038,7726,6731,0.871214082319441
84,"original","verified_interview_subset","reported_caste",529,515,436,0.846601941747573
84,"original","verified_interview_subset","broad_caste",529,515,437,0.848543689320388
84,"original","verified_interview_men","reported_caste",259,251,204,0.812749003984064
84,"original","verified_interview_men","broad_caste",259,251,204,0.812749003984064
84,"feature_corrected","full_market","reported_caste",8038,7715,6736,0.873104342190538
84,"feature_corrected","full_market","broad_caste",8038,7715,6748,0.874659753726507
84,"feature_corrected","verified_interview_subset","reported_caste",532,523,450,0.860420650095602
84,"feature_corrected","verified_interview_subset","broad_caste",532,523,451,0.862332695984704
84,"feature_corrected","verified_interview_men","reported_caste",259,254,211,0.830708661417323
84,"feature_corrected","verified_interview_men","broad_caste",259,254,211,0.830708661417323
85,"original","full_market","reported_caste",8038,7773,6980,0.897980187829667
85,"original","full_market","broad_caste",8038,7773,6999,0.900424546507141
85,"original","verified_interview_subset","reported_caste",525,515,468,0.90873786407767
85,"original","verified_interview_subset","broad_caste",525,515,469,0.910679611650485
85,"original","verified_interview_men","reported_caste",259,252,224,0.888888888888889
85,"original","verified_interview_men","broad_caste",259,252,225,0.892857142857143
85,"feature_corrected","full_market","reported_caste",8038,7796,7047,0.903925089789636
85,"feature_corrected","full_market","broad_caste",8038,7796,7076,0.907644946126219
85,"feature_corrected","verified_interview_subset","reported_caste",533,527,487,0.924098671726755
85,"feature_corrected","verified_interview_subset","broad_caste",533,527,489,0.927893738140418
85,"feature_corrected","verified_interview_men","reported_caste",259,255,231,0.905882352941176
85,"feature_corrected","verified_interview_men","broad_caste",259,255,232,0.909803921568627
86,"original","full_market","reported_caste",8038,7711,7636,0.990273635066788
86,"original","full_market","broad_caste",8038,7711,7648,0.991829853456102
86,"original","verified_interview_subset","reported_caste",530,521,515,0.988483685220729
86,"original","verified_interview_subset","broad_caste",530,521,516,0.990403071017274
86,"original","verified_interview_men","reported_caste",259,252,247,0.98015873015873
86,"original","verified_interview_men","broad_caste",259,252,247,0.98015873015873
86,"feature_corrected","full_market","reported_caste",8038,7704,7503,0.973909657320872
86,"feature_corrected","full_market","broad_caste",8038,7704,7508,0.974558670820352
86,"feature_corrected","verified_interview_subset","reported_caste",541,530,517,0.975471698113208
86,"feature_corrected","verified_interview_subset","broad_caste",541,530,517,0.975471698113208
86,"feature_corrected","verified_interview_men","reported_caste",259,252,245,0.972222222222222
86,"feature_corrected","verified_interview_men","broad_caste",259,252,245,0.972222222222222
87,"original","full_market","reported_caste",8038,7753,7019,0.905326970205082
87,"original","full_market","broad_caste",8038,7753,7058,0.910357281052496
87,"original","verified_interview_subset","reported_caste",541,533,485,0.909943714821764
87,"original","verified_interview_subset","broad_caste",541,533,487,0.913696060037524
87,"original","verified_interview_men","reported_caste",259,253,229,0.905138339920949
87,"original","verified_interview_men","broad_caste",259,253,229,0.905138339920949
87,"feature_corrected","full_market","reported_caste",8038,7707,6863,0.890489165693525
87,"feature_corrected","full_market","broad_caste",8038,7707,6894,0.894511483067341
87,"feature_corrected","verified_interview_subset","reported_caste",537,527,467,0.886148007590133
87,"feature_corrected","verified_interview_subset","broad_caste",537,527,472,0.895635673624289
87,"feature_corrected","verified_interview_men","reported_caste",259,252,217,0.861111111111111
87,"feature_corrected","verified_interview_men","broad_caste",259,252,220,0.873015873015873
88,"original","full_market","reported_caste",8038,7688,7476,0.972424557752341
88,"original","full_market","broad_caste",8038,7688,7487,0.97385535900104
88,"original","verified_interview_subset","reported_caste",541,526,514,0.977186311787072
88,"original","verified_interview_subset","broad_caste",541,526,514,0.977186311787072
88,"original","verified_interview_men","reported_caste",259,248,241,0.971774193548387
88,"original","verified_interview_men","broad_caste",259,248,241,0.971774193548387
88,"feature_corrected","full_market","reported_caste",8038,7682,7479,0.973574589950534
88,"feature_corrected","full_market","broad_caste",8038,7682,7487,0.974615985420463
88,"feature_corrected","verified_interview_subset","reported_caste",544,528,514,0.973484848484848
88,"feature_corrected","verified_interview_subset","broad_caste",544,528,515,0.975378787878788
88,"feature_corrected","verified_interview_men","reported_caste",259,249,238,0.955823293172691
88,"feature_corrected","verified_interview_men","broad_caste",259,249,239,0.959839357429719
89,"original","full_market","reported_caste",8038,7687,7253,0.943541043319891
89,"original","full_market","broad_caste",8038,7687,7259,0.944321581891506
89,"original","verified_interview_subset","reported_caste",546,530,511,0.964150943396226
89,"original","verified_interview_subset","broad_caste",546,530,512,0.966037735849057
89,"original","verified_interview_men","reported_caste",259,251,242,0.964143426294821
89,"original","verified_interview_men","broad_caste",259,251,242,0.964143426294821
89,"feature_corrected","full_market","reported_caste",8038,7687,7167,0.932353323793417
89,"feature_corrected","full_market","broad_caste",8038,7687,7177,0.933654221412775
89,"feature_corrected","verified_interview_subset","reported_caste",533,526,502,0.954372623574145
89,"feature_corrected","verified_interview_subset","broad_caste",533,526,503,0.956273764258555
89,"feature_corrected","verified_interview_men","reported_caste",259,255,241,0.945098039215686
89,"feature_corrected","verified_interview_men","broad_caste",259,255,241,0.945098039215686
90,"original","full_market","reported_caste",8038,7795,7013,0.899679281590763
90,"original","full_market","broad_caste",8038,7795,7026,0.901347017318795
90,"original","verified_interview_subset","reported_caste",535,529,479,0.905482041587902
90,"original","verified_interview_subset","broad_caste",535,529,479,0.905482041587902
90,"original","verified_interview_men","reported_caste",259,255,227,0.890196078431372
90,"original","verified_interview_men","broad_caste",259,255,227,0.890196078431372
90,"feature_corrected","full_market","reported_caste",8038,7805,6872,0.880461242793081
90,"feature_corrected","full_market","broad_caste",8038,7805,6882,0.881742472773862
90,"feature_corrected","verified_interview_subset","reported_caste",537,531,478,0.900188323917137
90,"feature_corrected","verified_interview_subset","broad_caste",537,531,478,0.900188323917137
90,"feature_corrected","verified_interview_men","reported_caste",259,255,222,0.870588235294118
90,"feature_corrected","verified_interview_men","broad_caste",259,255,222,0.870588235294118
91,"original","full_market","reported_caste",8038,7744,7167,0.925490702479338
91,"original","full_market","broad_caste",8038,7744,7188,0.928202479338843
91,"original","verified_interview_subset","reported_caste",548,537,502,0.934823091247672
91,"original","verified_interview_subset","broad_caste",548,537,503,0.936685288640596
91,"original","verified_interview_men","reported_caste",259,250,237,0.948
91,"original","verified_interview_men","broad_caste",259,250,237,0.948
91,"feature_corrected","full_market","reported_caste",8038,7734,6635,0.857900181018878
91,"feature_corrected","full_market","broad_caste",8038,7734,6660,0.861132660977502
91,"feature_corrected","verified_interview_subset","reported_caste",540,531,460,0.866290018832392
91,"feature_corrected","verified_interview_subset","broad_caste",540,531,461,0.868173258003766
91,"feature_corrected","verified_interview_men","reported_caste",259,252,214,0.849206349206349
91,"feature_corrected","verified_interview_men","broad_caste",259,252,215,0.853174603174603
92,"original","full_market","reported_caste",8038,7718,7329,0.949598341539259
92,"original","full_market","broad_caste",8038,7718,7351,0.952448820938067
92,"original","verified_interview_subset","reported_caste",549,536,515,0.960820895522388
92,"original","verified_interview_subset","broad_caste",549,536,516,0.962686567164179
92,"original","verified_interview_men","reported_caste",259,250,239,0.956
92,"original","verified_interview_men","broad_caste",259,250,239,0.956
92,"feature_corrected","full_market","reported_caste",8038,7716,7278,0.943234836702954
92,"feature_corrected","full_market","broad_caste",8038,7716,7297,0.945697252462415
92,"feature_corrected","verified_interview_subset","reported_caste",543,530,505,0.952830188679245
92,"feature_corrected","verified_interview_subset","broad_caste",543,530,506,0.954716981132075
92,"feature_corrected","verified_interview_men","reported_caste",259,251,236,0.940239043824701
92,"feature_corrected","verified_interview_men","broad_caste",259,251,237,0.944223107569721
93,"original","full_market","reported_caste",8038,7779,7452,0.957963748553799
93,"original","full_market","broad_caste",8038,7779,7469,0.96014911942409
93,"original","verified_interview_subset","reported_caste",535,528,509,0.964015151515152
93,"original","verified_interview_subset","broad_caste",535,528,510,0.965909090909091
93,"original","verified_interview_men","reported_caste",259,255,242,0.949019607843137
93,"original","verified_interview_men","broad_caste",259,255,242,0.949019607843137
93,"feature_corrected","full_market","reported_caste",8038,7787,7209,0.925773725439836
93,"feature_corrected","full_market","broad_caste",8038,7787,7227,0.928085270322332
93,"feature_corrected","verified_interview_subset","reported_caste",535,529,492,0.930056710775047
93,"feature_corrected","verified_interview_subset","broad_caste",535,529,493,0.931947069943289
93,"feature_corrected","verified_interview_men","reported_caste",259,255,237,0.929411764705882
93,"feature_corrected","verified_interview_men","broad_caste",259,255,238,0.933333333333333
94,"original","full_market","reported_caste",8038,7707,7118,0.923575969897496
94,"original","full_market","broad_caste",8038,7707,7138,0.926171013364474
94,"original","verified_interview_subset","reported_caste",537,529,494,0.933837429111531
94,"original","verified_interview_subset","broad_caste",537,529,495,0.935727788279773
94,"original","verified_interview_men","reported_caste",259,254,236,0.929133858267716
94,"original","verified_interview_men","broad_caste",259,254,237,0.933070866141732
94,"feature_corrected","full_market","reported_caste",8038,7704,7090,0.920301142263759
94,"feature_corrected","full_market","broad_caste",8038,7704,7108,0.92263759086189
94,"feature_corrected","verified_interview_subset","reported_caste",534,526,489,0.929657794676806
94,"feature_corrected","verified_interview_subset","broad_caste",534,526,490,0.931558935361217
94,"feature_corrected","verified_interview_men","reported_caste",259,254,231,0.909448818897638
94,"feature_corrected","verified_interview_men","broad_caste",259,254,232,0.913385826771653
95,"original","full_market","reported_caste",8038,7792,6194,0.794917864476386
95,"original","full_market","broad_caste",8038,7792,6213,0.797356262833675
95,"original","verified_interview_subset","reported_caste",531,522,425,0.814176245210728
95,"original","verified_interview_subset","broad_caste",531,522,426,0.816091954022988
95,"original","verified_interview_men","reported_caste",259,253,195,0.770750988142292
95,"original","verified_interview_men","broad_caste",259,253,195,0.770750988142292
95,"feature_corrected","full_market","reported_caste",8038,7756,5161,0.66542031975245
95,"feature_corrected","full_market","broad_caste",8038,7757,5164,0.665721284001547
95,"feature_corrected","verified_interview_subset","reported_caste",525,512,349,0.681640625
95,"feature_corrected","verified_interview_subset","broad_caste",525,513,349,0.680311890838207
95,"feature_corrected","verified_interview_men","reported_caste",259,253,164,0.648221343873518
95,"feature_corrected","verified_interview_men","broad_caste",259,253,164,0.648221343873518
96,"original","full_market","reported_caste",8038,7705,6192,0.803634003893575
96,"original","full_market","broad_caste",8038,7705,6201,0.804802076573654
96,"original","verified_interview_subset","reported_caste",516,507,410,0.808678500986193
96,"original","verified_interview_subset","broad_caste",516,507,410,0.808678500986193
96,"original","verified_interview_men","reported_caste",259,253,189,0.74703557312253
96,"original","verified_interview_men","broad_caste",259,253,189,0.74703557312253
96,"feature_corrected","full_market","reported_caste",8038,7676,5691,0.741401771756123
96,"feature_corrected","full_market","broad_caste",8038,7676,5705,0.743225638353309
96,"feature_corrected","verified_interview_subset","reported_caste",518,502,380,0.756972111553785
96,"feature_corrected","verified_interview_subset","broad_caste",518,502,380,0.756972111553785
96,"feature_corrected","verified_interview_men","reported_caste",259,249,175,0.70281124497992
96,"feature_corrected","verified_interview_men","broad_caste",259,249,175,0.70281124497992
97,"original","full_market","reported_caste",8038,7787,6840,0.878387055348658
97,"original","full_market","broad_caste",8038,7787,6868,0.881982791832541
97,"original","verified_interview_subset","reported_caste",534,526,461,0.876425855513308
97,"original","verified_interview_subset","broad_caste",534,526,464,0.88212927756654
97,"original","verified_interview_men","reported_caste",259,253,209,0.826086956521739
97,"original","verified_interview_men","broad_caste",259,253,212,0.83794466403162
97,"feature_corrected","full_market","reported_caste",8038,7786,6509,0.835987670177241
97,"feature_corrected","full_market","broad_caste",8038,7786,6552,0.841510403287953
97,"feature_corrected","verified_interview_subset","reported_caste",526,520,427,0.821153846153846
97,"feature_corrected","verified_interview_subset","broad_caste",526,520,432,0.830769230769231
97,"feature_corrected","verified_interview_men","reported_caste",259,255,201,0.788235294117647
97,"feature_corrected","verified_interview_men","broad_caste",259,255,203,0.796078431372549
98,"original","full_market","reported_caste",8038,7670,6548,0.853715775749674
98,"original","full_market","broad_caste",8038,7670,6565,0.85593220338983
98,"original","verified_interview_subset","reported_caste",544,530,449,0.847169811320755
98,"original","verified_interview_subset","broad_caste",544,530,449,0.847169811320755
98,"original","verified_interview_men","reported_caste",259,251,199,0.792828685258964
98,"original","verified_interview_men","broad_caste",259,251,199,0.792828685258964
98,"feature_corrected","full_market","reported_caste",8038,7649,6484,0.847692508824683
98,"feature_corrected","full_market","broad_caste",8038,7649,6497,0.849392077395738
98,"feature_corrected","verified_interview_subset","reported_caste",542,522,446,0.854406130268199
98,"feature_corrected","verified_interview_subset","broad_caste",542,522,446,0.854406130268199
98,"feature_corrected","verified_interview_men","reported_caste",259,247,200,0.809716599190283
98,"feature_corrected","verified_interview_men","broad_caste",259,247,200,0.809716599190283
99,"original","full_market","reported_caste",8038,7776,7492,0.963477366255144
99,"original","full_market","broad_caste",8038,7776,7535,0.96900720164609
99,"original","verified_interview_subset","reported_caste",538,530,517,0.975471698113208
99,"original","verified_interview_subset","broad_caste",538,530,517,0.975471698113208
99,"original","verified_interview_men","reported_caste",259,254,247,0.97244094488189
99,"original","verified_interview_men","broad_caste",259,254,247,0.97244094488189
99,"feature_corrected","full_market","reported_caste",8038,7778,7499,0.964129596297249
99,"feature_corrected","full_market","broad_caste",8038,7778,7536,0.968886603239907
99,"feature_corrected","verified_interview_subset","reported_caste",537,529,516,0.975425330812854
99,"feature_corrected","verified_interview_subset","broad_caste",537,529,516,0.975425330812854
99,"feature_corrected","verified_interview_men","reported_caste",259,254,247,0.97244094488189
99,"feature_corrected","verified_interview_men","broad_caste",259,254,247,0.97244094488189
100,"original","full_market","reported_caste",8038,7804,6745,0.864300358790364
100,"original","full_market","broad_caste",8038,7804,6749,0.864812916453101
100,"original","verified_interview_subset","reported_caste",545,540,471,0.872222222222222
100,"original","verified_interview_subset","broad_caste",545,540,471,0.872222222222222
100,"original","verified_interview_men","reported_caste",259,256,217,0.84765625
100,"original","verified_interview_men","broad_caste",259,256,217,0.84765625
100,"feature_corrected","full_market","reported_caste",8038,7801,6386,0.818612998333547
100,"feature_corrected","full_market","broad_caste",8038,7801,6393,0.819510319189848
100,"feature_corrected","verified_interview_subset","reported_caste",546,541,437,0.807763401109057
100,"feature_corrected","verified_interview_subset","broad_caste",546,541,438,0.809611829944547
100,"feature_corrected","verified_interview_men","reported_caste",259,256,197,0.76953125
100,"feature_corrected","verified_interview_men","broad_caste",259,256,198,0.7734375
101,"original","full_market","reported_caste",8038,7691,7396,0.961643479391497
101,"original","full_market","broad_caste",8038,7691,7428,0.965804186711741
101,"original","verified_interview_subset","reported_caste",537,523,506,0.967495219885277
101,"original","verified_interview_subset","broad_caste",537,523,510,0.975143403441683
101,"original","verified_interview_men","reported_caste",259,248,240,0.967741935483871
101,"original","verified_interview_men","broad_caste",259,248,242,0.975806451612903
101,"feature_corrected","full_market","reported_caste",8038,7687,7316,0.951736698321842
101,"feature_corrected","full_market","broad_caste",8038,7687,7346,0.955639391179914
101,"feature_corrected","verified_interview_subset","reported_caste",532,516,495,0.959302325581395
101,"feature_corrected","verified_interview_subset","broad_caste",532,516,496,0.961240310077519
101,"feature_corrected","verified_interview_men","reported_caste",259,248,237,0.955645161290323
101,"feature_corrected","verified_interview_men","broad_caste",259,248,238,0.959677419354839
102,"original","full_market","reported_caste",8038,7706,7205,0.934985725408772
102,"original","full_market","broad_caste",8038,7706,7234,0.938749026732416
102,"original","verified_interview_subset","reported_caste",541,531,493,0.928436911487759
102,"original","verified_interview_subset","broad_caste",541,531,498,0.937853107344633
102,"original","verified_interview_men","reported_caste",259,254,230,0.905511811023622
102,"original","verified_interview_men","broad_caste",259,254,234,0.921259842519685
102,"feature_corrected","full_market","reported_caste",8038,7692,6676,0.867914716588664
102,"feature_corrected","full_market","broad_caste",8038,7692,6724,0.874154966198648
102,"feature_corrected","verified_interview_subset","reported_caste",535,522,449,0.860153256704981
102,"feature_corrected","verified_interview_subset","broad_caste",535,522,451,0.863984674329502
102,"feature_corrected","verified_interview_men","reported_caste",259,252,209,0.829365079365079
102,"feature_corrected","verified_interview_men","broad_caste",259,252,211,0.837301587301587
103,"original","full_market","reported_caste",8038,7662,6196,0.808666144609762
103,"original","full_market","broad_caste",8038,7662,6208,0.81023231532237
103,"original","verified_interview_subset","reported_caste",528,515,424,0.823300970873786
103,"original","verified_interview_subset","broad_caste",528,515,424,0.823300970873786
103,"original","verified_interview_men","reported_caste",259,253,189,0.74703557312253
103,"original","verified_interview_men","broad_caste",259,253,189,0.74703557312253
103,"feature_corrected","full_market","reported_caste",8038,7606,5867,0.771364712069418
103,"feature_corrected","full_market","broad_caste",8038,7606,5876,0.772547988430187
103,"feature_corrected","verified_interview_subset","reported_caste",530,511,393,0.76908023483366
103,"feature_corrected","verified_interview_subset","broad_caste",530,511,394,0.771037181996086
103,"feature_corrected","verified_interview_men","reported_caste",259,250,177,0.708
103,"feature_corrected","verified_interview_men","broad_caste",259,250,177,0.708
104,"original","full_market","reported_caste",8038,7788,7289,0.935927067283
104,"original","full_market","broad_caste",8038,7788,7312,0.938880328710837
104,"original","verified_interview_subset","reported_caste",534,528,500,0.946969696969697
104,"original","verified_interview_subset","broad_caste",534,528,502,0.950757575757576
104,"original","verified_interview_men","reported_caste",259,255,237,0.929411764705882
104,"original","verified_interview_men","broad_caste",259,255,238,0.933333333333333
104,"feature_corrected","full_market","reported_caste",8038,7791,7102,0.91156462585034
104,"feature_corrected","full_market","broad_caste",8038,7791,7129,0.9150301630086
104,"feature_corrected","verified_interview_subset","reported_caste",523,518,465,0.897683397683398
104,"feature_corrected","verified_interview_subset","broad_caste",523,518,468,0.903474903474904
104,"feature_corrected","verified_interview_men","reported_caste",259,256,225,0.87890625
104,"feature_corrected","verified_interview_men","broad_caste",259,256,226,0.8828125
105,"original","full_market","reported_caste",8038,7780,6653,0.855141388174807
105,"original","full_market","broad_caste",8038,7780,6694,0.860411311053984
105,"original","verified_interview_subset","reported_caste",538,528,456,0.863636363636364
105,"original","verified_interview_subset","broad_caste",538,528,456,0.863636363636364
105,"original","verified_interview_men","reported_caste",259,253,206,0.814229249011858
105,"original","verified_interview_men","broad_caste",259,253,206,0.814229249011858
105,"feature_corrected","full_market","reported_caste",8038,7775,6623,0.851832797427652
105,"feature_corrected","full_market","broad_caste",8038,7775,6662,0.85684887459807
105,"feature_corrected","verified_interview_subset","reported_caste",539,532,453,0.851503759398496
105,"feature_corrected","verified_interview_subset","broad_caste",539,532,454,0.853383458646616
105,"feature_corrected","verified_interview_men","reported_caste",259,254,204,0.803149606299213
105,"feature_corrected","verified_interview_men","broad_caste",259,254,205,0.807086614173228
106,"original","full_market","reported_caste",8038,7801,7662,0.982181771567748
106,"original","full_market","broad_caste",8038,7801,7679,0.98436097936162
106,"original","verified_interview_subset","reported_caste",537,530,522,0.984905660377358
106,"original","verified_interview_subset","broad_caste",537,530,522,0.984905660377358
106,"original","verified_interview_men","reported_caste",259,254,249,0.980314960629921
106,"original","verified_interview_men","broad_caste",259,254,249,0.980314960629921
106,"feature_corrected","full_market","reported_caste",8038,7798,7633,0.978840728391896
106,"feature_corrected","full_market","broad_caste",8038,7798,7646,0.980507822518594
106,"feature_corrected","verified_interview_subset","reported_caste",539,531,522,0.983050847457627
106,"feature_corrected","verified_interview_subset","broad_caste",539,531,523,0.984934086629002
106,"feature_corrected","verified_interview_men","reported_caste",259,254,248,0.976377952755906
106,"feature_corrected","verified_interview_men","broad_caste",259,254,248,0.976377952755906
107,"original","full_market","reported_caste",8038,7771,7676,0.987775061124694
107,"original","full_market","broad_caste",8038,7771,7703,0.991249517436623
107,"original","verified_interview_subset","reported_caste",530,523,515,0.984703632887189
107,"original","verified_interview_subset","broad_caste",530,523,519,0.992351816443595
107,"original","verified_interview_men","reported_caste",259,254,251,0.988188976377953
107,"original","verified_interview_men","broad_caste",259,254,253,0.996062992125984
107,"feature_corrected","full_market","reported_caste",8038,7779,7661,0.984830955135621
107,"feature_corrected","full_market","broad_caste",8038,7779,7687,0.988173287054891
107,"feature_corrected","verified_interview_subset","reported_caste",530,523,514,0.982791586998088
107,"feature_corrected","verified_interview_subset","broad_caste",530,523,517,0.988527724665392
107,"feature_corrected","verified_interview_men","reported_caste",259,255,251,0.984313725490196
107,"feature_corrected","verified_interview_men","broad_caste",259,255,252,0.988235294117647
108,"original","full_market","reported_caste",8038,7789,7090,0.91025805623315
108,"original","full_market","broad_caste",8038,7789,7133,0.915778662215947
108,"original","verified_interview_subset","reported_caste",542,533,492,0.923076923076923
108,"original","verified_interview_subset","broad_caste",542,533,495,0.928705440900563
108,"original","verified_interview_men","reported_caste",259,255,230,0.901960784313725
108,"original","verified_interview_men","broad_caste",259,255,231,0.905882352941176
108,"feature_corrected","full_market","reported_caste",8038,7787,6964,0.894311031205856
108,"feature_corrected","full_market","broad_caste",8038,7787,7009,0.900089893412097
108,"feature_corrected","verified_interview_subset","reported_caste",538,529,480,0.907372400756144
108,"feature_corrected","verified_interview_subset","broad_caste",538,529,482,0.911153119092628
108,"feature_corrected","verified_interview_men","reported_caste",259,255,228,0.894117647058823
108,"feature_corrected","verified_interview_men","broad_caste",259,255,229,0.898039215686275
109,"original","full_market","reported_caste",8038,7771,6693,0.861279114657058
109,"original","full_market","broad_caste",8038,7771,6773,0.871573800025737
109,"original","verified_interview_subset","reported_caste",521,509,445,0.87426326129666
109,"original","verified_interview_subset","broad_caste",521,509,450,0.884086444007859
109,"original","verified_interview_men","reported_caste",259,249,214,0.859437751004016
109,"original","verified_interview_men","broad_caste",259,249,215,0.863453815261044
109,"feature_corrected","full_market","reported_caste",8038,7787,6718,0.862719917811738
109,"feature_corrected","full_market","broad_caste",8038,7787,6807,0.874149223064082
109,"feature_corrected","verified_interview_subset","reported_caste",535,527,460,0.872865275142315
109,"feature_corrected","verified_interview_subset","broad_caste",535,527,468,0.888045540796964
109,"feature_corrected","verified_interview_men","reported_caste",259,253,217,0.857707509881423
109,"feature_corrected","verified_interview_men","broad_caste",259,253,219,0.865612648221344
110,"original","full_market","reported_caste",8038,7675,7612,0.991791530944625
110,"original","full_market","broad_caste",8038,7675,7631,0.994267100977199
110,"original","verified_interview_subset","reported_caste",535,520,517,0.994230769230769
110,"original","verified_interview_subset","broad_caste",535,520,518,0.996153846153846
110,"original","verified_interview_men","reported_caste",259,250,249,0.996
110,"original","verified_interview_men","broad_caste",259,250,249,0.996
110,"feature_corrected","full_market","reported_caste",8038,7673,7549,0.983839436986837
110,"feature_corrected","full_market","broad_caste",8038,7673,7561,0.985403362439724
110,"feature_corrected","verified_interview_subset","reported_caste",538,520,515,0.990384615384615
110,"feature_corrected","verified_interview_subset","broad_caste",538,520,515,0.990384615384615
110,"feature_corrected","verified_interview_men","reported_caste",259,250,248,0.992
110,"feature_corrected","verified_interview_men","broad_caste",259,250,248,0.992
111,"original","full_market","reported_caste",8038,7791,6051,0.776665383134386
111,"original","full_market","broad_caste",8038,7791,6073,0.779489154152226
111,"original","verified_interview_subset","reported_caste",524,515,413,0.801941747572816
111,"original","verified_interview_subset","broad_caste",524,515,414,0.803883495145631
111,"original","verified_interview_men","reported_caste",259,255,190,0.745098039215686
111,"original","verified_interview_men","broad_caste",259,255,191,0.749019607843137
111,"feature_corrected","full_market","reported_caste",8038,7757,5612,0.723475570452495
111,"feature_corrected","full_market","broad_caste",8038,7757,5613,0.723604486270465
111,"feature_corrected","verified_interview_subset","reported_caste",515,507,367,0.723865877712032
111,"feature_corrected","verified_interview_subset","broad_caste",515,507,367,0.723865877712032
111,"feature_corrected","verified_interview_men","reported_caste",259,254,176,0.692913385826772
111,"feature_corrected","verified_interview_men","broad_caste",259,254,176,0.692913385826772
112,"original","full_market","reported_caste",8038,7671,7309,0.952809281710338
112,"original","full_market","broad_caste",8038,7671,7331,0.955677225915787
112,"original","verified_interview_subset","reported_caste",543,527,510,0.967741935483871
112,"original","verified_interview_subset","broad_caste",543,527,512,0.971537001897533
112,"original","verified_interview_men","reported_caste",259,251,243,0.968127490039841
112,"original","verified_interview_men","broad_caste",259,251,243,0.968127490039841
112,"feature_corrected","full_market","reported_caste",8038,7665,7290,0.951076320939335
112,"feature_corrected","full_market","broad_caste",8038,7665,7304,0.9529028049576
112,"feature_corrected","verified_interview_subset","reported_caste",539,525,504,0.96
112,"feature_corrected","verified_interview_subset","broad_caste",539,525,506,0.963809523809524
112,"feature_corrected","verified_interview_men","reported_caste",259,251,244,0.972111553784861
112,"feature_corrected","verified_interview_men","broad_caste",259,251,244,0.972111553784861
113,"original","full_market","reported_caste",8038,7751,7004,0.903625338665979
113,"original","full_market","broad_caste",8038,7751,7052,0.909818087988646
113,"original","verified_interview_subset","reported_caste",527,518,466,0.8996138996139
113,"original","verified_interview_subset","broad_caste",527,518,467,0.901544401544401
113,"original","verified_interview_men","reported_caste",259,255,227,0.890196078431372
113,"original","verified_interview_men","broad_caste",259,255,228,0.894117647058824
113,"feature_corrected","full_market","reported_caste",8038,7730,6707,0.867658473479948
113,"feature_corrected","full_market","broad_caste",8038,7730,6761,0.874644243208279
113,"feature_corrected","verified_interview_subset","reported_caste",527,521,452,0.867562380038388
113,"feature_corrected","verified_interview_subset","broad_caste",527,521,458,0.879078694817658
113,"feature_corrected","verified_interview_men","reported_caste",259,255,212,0.831372549019608
113,"feature_corrected","verified_interview_men","broad_caste",259,255,215,0.843137254901961
114,"original","full_market","reported_caste",8038,7696,7424,0.964656964656965
114,"original","full_market","broad_caste",8038,7696,7452,0.968295218295218
114,"original","verified_interview_subset","reported_caste",547,532,513,0.964285714285714
114,"original","verified_interview_subset","broad_caste",547,532,514,0.966165413533835
114,"original","verified_interview_men","reported_caste",259,248,238,0.959677419354839
114,"original","verified_interview_men","broad_caste",259,248,239,0.963709677419355
114,"feature_corrected","full_market","reported_caste",8038,7702,7266,0.943391326928071
114,"feature_corrected","full_market","broad_caste",8038,7702,7278,0.94494936380161
114,"feature_corrected","verified_interview_subset","reported_caste",539,529,493,0.931947069943289
114,"feature_corrected","verified_interview_subset","broad_caste",539,529,493,0.931947069943289
114,"feature_corrected","verified_interview_men","reported_caste",259,252,233,0.924603174603174
114,"feature_corrected","verified_interview_men","broad_caste",259,252,233,0.924603174603174
115,"original","full_market","reported_caste",8038,7734,7623,0.985647788983708
115,"original","full_market","broad_caste",8038,7734,7634,0.987070080165503
115,"original","verified_interview_subset","reported_caste",539,528,517,0.979166666666667
115,"original","verified_interview_subset","broad_caste",539,528,521,0.986742424242424
115,"original","verified_interview_men","reported_caste",259,251,245,0.97609561752988
115,"original","verified_interview_men","broad_caste",259,251,246,0.9800796812749
115,"feature_corrected","full_market","reported_caste",8038,7741,7623,0.984756491409379
115,"feature_corrected","full_market","broad_caste",8038,7741,7632,0.985919131895104
115,"feature_corrected","verified_interview_subset","reported_caste",535,525,516,0.982857142857143
115,"feature_corrected","verified_interview_subset","broad_caste",535,525,517,0.984761904761905
115,"feature_corrected","verified_interview_men","reported_caste",259,252,245,0.972222222222222
115,"feature_corrected","verified_interview_men","broad_caste",259,252,246,0.976190476190476
116,"original","full_market","reported_caste",8038,7748,7582,0.978575116159009
116,"original","full_market","broad_caste",8038,7748,7623,0.983866804336603
116,"original","verified_interview_subset","reported_caste",529,516,498,0.965116279069767
116,"original","verified_interview_subset","broad_caste",529,516,502,0.972868217054264
116,"original","verified_interview_men","reported_caste",259,250,242,0.968
116,"original","verified_interview_men","broad_caste",259,250,243,0.972
116,"feature_corrected","full_market","reported_caste",8038,7751,7174,0.925557992517095
116,"feature_corrected","full_market","broad_caste",8038,7751,7194,0.928138304734873
116,"feature_corrected","verified_interview_subset","reported_caste",536,526,482,0.916349809885932
116,"feature_corrected","verified_interview_subset","broad_caste",536,526,483,0.918250950570342
116,"feature_corrected","verified_interview_men","reported_caste",259,251,225,0.896414342629482
116,"feature_corrected","verified_interview_men","broad_caste",259,251,226,0.900398406374502
117,"original","full_market","reported_caste",8038,7710,7565,0.981193255512322
117,"original","full_market","broad_caste",8038,7710,7571,0.981971465629053
117,"original","verified_interview_subset","reported_caste",536,524,515,0.982824427480916
117,"original","verified_interview_subset","broad_caste",536,524,515,0.982824427480916
117,"original","verified_interview_men","reported_caste",259,251,245,0.97609561752988
117,"original","verified_interview_men","broad_caste",259,251,245,0.97609561752988
117,"feature_corrected","full_market","reported_caste",8038,7712,7490,0.971213692946058
117,"feature_corrected","full_market","broad_caste",8038,7712,7494,0.971732365145228
117,"feature_corrected","verified_interview_subset","reported_caste",541,529,518,0.979206049149338
117,"feature_corrected","verified_interview_subset","broad_caste",541,529,518,0.979206049149338
117,"feature_corrected","verified_interview_men","reported_caste",259,250,243,0.972
117,"feature_corrected","verified_interview_men","broad_caste",259,250,243,0.972
118,"original","full_market","reported_caste",8038,7778,7263,0.933787606068398
118,"original","full_market","broad_caste",8038,7778,7287,0.936873232193366
118,"original","verified_interview_subset","reported_caste",531,524,484,0.923664122137404
118,"original","verified_interview_subset","broad_caste",531,524,488,0.931297709923664
118,"original","verified_interview_men","reported_caste",259,254,234,0.921259842519685
118,"original","verified_interview_men","broad_caste",259,254,237,0.933070866141732
118,"feature_corrected","full_market","reported_caste",8038,7785,7218,0.927167630057804
118,"feature_corrected","full_market","broad_caste",8038,7785,7245,0.93063583815029
118,"feature_corrected","verified_interview_subset","reported_caste",536,529,490,0.926275992438563
118,"feature_corrected","verified_interview_subset","broad_caste",536,529,493,0.931947069943289
118,"feature_corrected","verified_interview_men","reported_caste",259,254,232,0.913385826771653
118,"feature_corrected","verified_interview_men","broad_caste",259,254,234,0.921259842519685
119,"original","full_market","reported_caste",8038,7709,7499,0.972759112725386
119,"original","full_market","broad_caste",8038,7709,7511,0.974315734855364
119,"original","verified_interview_subset","reported_caste",538,524,505,0.963740458015267
119,"original","verified_interview_subset","broad_caste",538,524,505,0.963740458015267
119,"original","verified_interview_men","reported_caste",259,250,242,0.968
119,"original","verified_interview_men","broad_caste",259,250,242,0.968
119,"feature_corrected","full_market","reported_caste",8038,7700,7307,0.948961038961039
119,"feature_corrected","full_market","broad_caste",8038,7700,7320,0.950649350649351
119,"feature_corrected","verified_interview_subset","reported_caste",544,531,504,0.949152542372881
119,"feature_corrected","verified_interview_subset","broad_caste",544,531,504,0.949152542372881
119,"feature_corrected","verified_interview_men","reported_caste",259,250,235,0.94
119,"feature_corrected","verified_interview_men","broad_caste",259,250,235,0.94
120,"original","full_market","reported_caste",8038,7693,6590,0.856622903938645
120,"original","full_market","broad_caste",8038,7693,6599,0.857792798648123
120,"original","verified_interview_subset","reported_caste",540,527,456,0.86527514231499
120,"original","verified_interview_subset","broad_caste",540,527,457,0.867172675521822
120,"original","verified_interview_men","reported_caste",259,250,206,0.824
120,"original","verified_interview_men","broad_caste",259,250,207,0.828
120,"feature_corrected","full_market","reported_caste",8038,7667,6195,0.808008347463154
120,"feature_corrected","full_market","broad_caste",8038,7667,6207,0.809573496804487
120,"feature_corrected","verified_interview_subset","reported_caste",532,517,427,0.825918762088975
120,"feature_corrected","verified_interview_subset","broad_caste",532,517,428,0.827852998065764
120,"feature_corrected","verified_interview_men","reported_caste",259,249,194,0.779116465863454
120,"feature_corrected","verified_interview_men","broad_caste",259,249,195,0.783132530120482
121,"original","full_market","reported_caste",8038,7793,7638,0.980110355447196
121,"original","full_market","broad_caste",8038,7793,7662,0.983190042345695
121,"original","verified_interview_subset","reported_caste",528,520,516,0.992307692307692
121,"original","verified_interview_subset","broad_caste",528,520,516,0.992307692307692
121,"original","verified_interview_men","reported_caste",259,253,250,0.988142292490119
121,"original","verified_interview_men","broad_caste",259,253,250,0.988142292490119
121,"feature_corrected","full_market","reported_caste",8038,7783,7478,0.960812026210973
121,"feature_corrected","full_market","broad_caste",8038,7783,7495,0.962996273930361
121,"feature_corrected","verified_interview_subset","reported_caste",529,519,503,0.969171483622351
121,"feature_corrected","verified_interview_subset","broad_caste",529,519,504,0.971098265895954
121,"feature_corrected","verified_interview_men","reported_caste",259,253,245,0.968379446640316
121,"feature_corrected","verified_interview_men","broad_caste",259,253,245,0.968379446640316
122,"original","full_market","reported_caste",8038,7719,7274,0.942350045342661
122,"original","full_market","broad_caste",8038,7719,7324,0.948827568337868
122,"original","verified_interview_subset","reported_caste",540,529,504,0.952741020793951
122,"original","verified_interview_subset","broad_caste",540,529,510,0.964083175803403
122,"original","verified_interview_men","reported_caste",259,251,237,0.944223107569721
122,"original","verified_interview_men","broad_caste",259,251,239,0.952191235059761
122,"feature_corrected","full_market","reported_caste",8038,7702,6522,0.846793040768632
122,"feature_corrected","full_market","broad_caste",8038,7702,6536,0.848610750454428
122,"feature_corrected","verified_interview_subset","reported_caste",540,529,442,0.835538752362949
122,"feature_corrected","verified_interview_subset","broad_caste",540,529,442,0.835538752362949
122,"feature_corrected","verified_interview_men","reported_caste",259,252,203,0.805555555555556
122,"feature_corrected","verified_interview_men","broad_caste",259,252,203,0.805555555555556
123,"original","full_market","reported_caste",8038,7810,7494,0.959539052496799
123,"original","full_market","broad_caste",8038,7810,7522,0.963124199743918
123,"original","verified_interview_subset","reported_caste",539,533,514,0.964352720450281
123,"original","verified_interview_subset","broad_caste",539,533,515,0.966228893058161
123,"original","verified_interview_men","reported_caste",259,255,248,0.972549019607843
123,"original","verified_interview_men","broad_caste",259,255,249,0.976470588235294
123,"feature_corrected","full_market","reported_caste",8038,7810,7124,0.912163892445583
123,"feature_corrected","full_market","broad_caste",8038,7810,7148,0.915236875800256
123,"feature_corrected","verified_interview_subset","reported_caste",543,537,491,0.914338919925512
123,"feature_corrected","verified_interview_subset","broad_caste",543,537,491,0.914338919925512
123,"feature_corrected","verified_interview_men","reported_caste",259,255,231,0.905882352941176
123,"feature_corrected","verified_interview_men","broad_caste",259,255,231,0.905882352941176
124,"original","full_market","reported_caste",8038,7704,7105,0.922248182762202
124,"original","full_market","broad_caste",8038,7704,7118,0.923935617860851
124,"original","verified_interview_subset","reported_caste",538,528,490,0.928030303030303
124,"original","verified_interview_subset","broad_caste",538,528,491,0.929924242424242
124,"original","verified_interview_men","reported_caste",259,253,231,0.91304347826087
124,"original","verified_interview_men","broad_caste",259,253,232,0.91699604743083
124,"feature_corrected","full_market","reported_caste",8038,7695,6884,0.894606887589344
124,"feature_corrected","full_market","broad_caste",8038,7695,6906,0.897465886939571
124,"feature_corrected","verified_interview_subset","reported_caste",543,535,479,0.895327102803738
124,"feature_corrected","verified_interview_subset","broad_caste",543,535,479,0.895327102803738
124,"feature_corrected","verified_interview_men","reported_caste",259,255,222,0.870588235294118
124,"feature_corrected","verified_interview_men","broad_caste",259,255,222,0.870588235294118
125,"original","full_market","reported_caste",8038,7706,6148,0.797819880612509
125,"original","full_market","broad_caste",8038,7706,6176,0.801453412924994
125,"original","verified_interview_subset","reported_caste",529,517,419,0.810444874274661
125,"original","verified_interview_subset","broad_caste",529,517,419,0.810444874274661
125,"original","verified_interview_men","reported_caste",259,251,194,0.772908366533864
125,"original","verified_interview_men","broad_caste",259,251,194,0.772908366533864
125,"feature_corrected","full_market","reported_caste",8038,7674,5680,0.74016158457128
125,"feature_corrected","full_market","broad_caste",8038,7674,5693,0.741855616366952
125,"feature_corrected","verified_interview_subset","reported_caste",532,514,390,0.75875486381323
125,"feature_corrected","verified_interview_subset","broad_caste",532,514,390,0.75875486381323
125,"feature_corrected","verified_interview_men","reported_caste",259,245,176,0.718367346938776
125,"feature_corrected","verified_interview_men","broad_caste",259,245,176,0.718367346938776
126,"original","full_market","reported_caste",8038,7808,7622,0.976178278688525
126,"original","full_market","broad_caste",8038,7808,7645,0.979123975409836
126,"original","verified_interview_subset","reported_caste",533,528,516,0.977272727272727
126,"original","verified_interview_subset","broad_caste",533,528,517,0.979166666666667
126,"original","verified_interview_men","reported_caste",259,256,248,0.96875
126,"original","verified_interview_men","broad_caste",259,256,249,0.97265625
126,"feature_corrected","full_market","reported_caste",8038,7802,7479,0.958600358882337
126,"feature_corrected","full_market","broad_caste",8038,7802,7493,0.960394770571648
126,"feature_corrected","verified_interview_subset","reported_caste",543,536,516,0.962686567164179
126,"feature_corrected","verified_interview_subset","broad_caste",543,536,517,0.96455223880597
126,"feature_corrected","verified_interview_men","reported_caste",259,254,242,0.952755905511811
126,"feature_corrected","verified_interview_men","broad_caste",259,254,243,0.956692913385827
127,"original","full_market","reported_caste",8038,7784,7578,0.973535457348407
127,"original","full_market","broad_caste",8038,7784,7590,0.975077081192189
127,"original","verified_interview_subset","reported_caste",543,533,524,0.983114446529081
127,"original","verified_interview_subset","broad_caste",543,533,526,0.986866791744841
127,"original","verified_interview_men","reported_caste",259,253,246,0.972332015810277
127,"original","verified_interview_men","broad_caste",259,253,247,0.976284584980237
127,"feature_corrected","full_market","reported_caste",8038,7778,7520,0.966829519156595
127,"feature_corrected","full_market","broad_caste",8038,7778,7526,0.967600925687838
127,"feature_corrected","verified_interview_subset","reported_caste",541,530,509,0.960377358490566
127,"feature_corrected","verified_interview_subset","broad_caste",541,530,509,0.960377358490566
127,"feature_corrected","verified_interview_men","reported_caste",259,252,240,0.952380952380952
127,"feature_corrected","verified_interview_men","broad_caste",259,252,240,0.952380952380952
128,"original","full_market","reported_caste",8038,7649,6776,0.885867433651458
128,"original","full_market","broad_caste",8038,7649,6823,0.892012027716041
128,"original","verified_interview_subset","reported_caste",530,518,458,0.884169884169884
128,"original","verified_interview_subset","broad_caste",530,518,465,0.897683397683398
128,"original","verified_interview_men","reported_caste",259,251,219,0.872509960159362
128,"original","verified_interview_men","broad_caste",259,251,222,0.884462151394422
128,"feature_corrected","full_market","reported_caste",8038,7653,6552,0.856134849078793
128,"feature_corrected","full_market","broad_caste",8038,7653,6575,0.859140206454984
128,"feature_corrected","verified_interview_subset","reported_caste",532,520,441,0.848076923076923
128,"feature_corrected","verified_interview_subset","broad_caste",532,520,444,0.853846153846154
128,"feature_corrected","verified_interview_men","reported_caste",259,253,213,0.841897233201581
128,"feature_corrected","verified_interview_men","broad_caste",259,253,215,0.849802371541502
129,"original","full_market","reported_caste",8038,7695,6742,0.876153346328785
129,"original","full_market","broad_caste",8038,7695,6762,0.878752436647173
129,"original","verified_interview_subset","reported_caste",533,518,467,0.901544401544402
129,"original","verified_interview_subset","broad_caste",533,518,468,0.903474903474903
129,"original","verified_interview_men","reported_caste",259,250,221,0.884
129,"original","verified_interview_men","broad_caste",259,250,222,0.888
129,"feature_corrected","full_market","reported_caste",8038,7663,6296,0.821610335377789
129,"feature_corrected","full_market","broad_caste",8038,7663,6337,0.826960720344513
129,"feature_corrected","verified_interview_subset","reported_caste",530,514,428,0.832684824902724
129,"feature_corrected","verified_interview_subset","broad_caste",530,514,430,0.836575875486381
129,"feature_corrected","verified_interview_men","reported_caste",259,248,203,0.818548387096774
129,"feature_corrected","verified_interview_men","broad_caste",259,248,205,0.826612903225806
130,"original","full_market","reported_caste",8038,7685,6806,0.88562134027326
130,"original","full_market","broad_caste",8038,7685,6848,0.891086532205596
130,"original","verified_interview_subset","reported_caste",537,528,478,0.90530303030303
130,"original","verified_interview_subset","broad_caste",537,528,480,0.909090909090909
130,"original","verified_interview_men","reported_caste",259,253,219,0.865612648221344
130,"original","verified_interview_men","broad_caste",259,253,219,0.865612648221344
130,"feature_corrected","full_market","reported_caste",8038,7654,6241,0.815390645414163
130,"feature_corrected","full_market","broad_caste",8038,7654,6282,0.820747321661876
130,"feature_corrected","verified_interview_subset","reported_caste",531,520,426,0.819230769230769
130,"feature_corrected","verified_interview_subset","broad_caste",531,520,427,0.821153846153846
130,"feature_corrected","verified_interview_men","reported_caste",259,251,200,0.796812749003984
130,"feature_corrected","verified_interview_men","broad_caste",259,251,201,0.800796812749004
131,"original","full_market","reported_caste",8038,7729,7229,0.935308578082546
131,"original","full_market","broad_caste",8038,7729,7242,0.9369905550524
131,"original","verified_interview_subset","reported_caste",544,533,500,0.938086303939963
131,"original","verified_interview_subset","broad_caste",544,533,500,0.938086303939963
131,"original","verified_interview_men","reported_caste",259,252,231,0.916666666666667
131,"original","verified_interview_men","broad_caste",259,252,231,0.916666666666667
131,"feature_corrected","full_market","reported_caste",8038,7727,7252,0.938527242137957
131,"feature_corrected","full_market","broad_caste",8038,7727,7266,0.940339070790734
131,"feature_corrected","verified_interview_subset","reported_caste",544,535,506,0.945794392523365
131,"feature_corrected","verified_interview_subset","broad_caste",544,535,507,0.947663551401869
131,"feature_corrected","verified_interview_men","reported_caste",259,252,238,0.944444444444444
131,"feature_corrected","verified_interview_men","broad_caste",259,252,238,0.944444444444444
132,"original","full_market","reported_caste",8038,7715,7442,0.964614387556708
132,"original","full_market","broad_caste",8038,7715,7472,0.96850291639663
132,"original","verified_interview_subset","reported_caste",544,532,517,0.971804511278195
132,"original","verified_interview_subset","broad_caste",544,532,522,0.981203007518797
132,"original","verified_interview_men","reported_caste",259,251,242,0.964143426294821
132,"original","verified_interview_men","broad_caste",259,251,245,0.97609561752988
132,"feature_corrected","full_market","reported_caste",8038,7712,7438,0.964470954356847
132,"feature_corrected","full_market","broad_caste",8038,7712,7462,0.967582987551867
132,"feature_corrected","verified_interview_subset","reported_caste",543,532,514,0.966165413533835
132,"feature_corrected","verified_interview_subset","broad_caste",543,532,516,0.969924812030075
132,"feature_corrected","verified_interview_men","reported_caste",259,252,239,0.948412698412698
132,"feature_corrected","verified_interview_men","broad_caste",259,252,241,0.956349206349206
133,"original","full_market","reported_caste",8038,7674,7530,0.981235340109461
133,"original","full_market","broad_caste",8038,7674,7567,0.986056815220224
133,"original","verified_interview_subset","reported_caste",528,518,507,0.978764478764479
133,"original","verified_interview_subset","broad_caste",528,518,510,0.984555984555985
133,"original","verified_interview_men","reported_caste",259,252,247,0.98015873015873
133,"original","verified_interview_men","broad_caste",259,252,248,0.984126984126984
133,"feature_corrected","full_market","reported_caste",8038,7656,7011,0.915752351097178
133,"feature_corrected","full_market","broad_caste",8038,7656,7022,0.917189132706374
133,"feature_corrected","verified_interview_subset","reported_caste",540,526,473,0.899239543726236
133,"feature_corrected","verified_interview_subset","broad_caste",540,526,473,0.899239543726236
133,"feature_corrected","verified_interview_men","reported_caste",259,252,221,0.876984126984127
133,"feature_corrected","verified_interview_men","broad_caste",259,252,221,0.876984126984127
134,"original","full_market","reported_caste",8038,7732,7530,0.973874806001034
134,"original","full_market","broad_caste",8038,7732,7546,0.975944128297983
134,"original","verified_interview_subset","reported_caste",546,537,530,0.986964618249534
134,"original","verified_interview_subset","broad_caste",546,537,530,0.986964618249534
134,"original","verified_interview_men","reported_caste",259,253,249,0.984189723320158
134,"original","verified_interview_men","broad_caste",259,253,249,0.984189723320158
134,"feature_corrected","full_market","reported_caste",8038,7714,7516,0.97433238268084
134,"feature_corrected","full_market","broad_caste",8038,7714,7531,0.976276899144413
134,"feature_corrected","verified_interview_subset","reported_caste",541,531,512,0.96421845574388
134,"feature_corrected","verified_interview_subset","broad_caste",541,531,512,0.96421845574388
134,"feature_corrected","verified_interview_men","reported_caste",259,253,242,0.956521739130435
134,"feature_corrected","verified_interview_men","broad_caste",259,253,242,0.956521739130435
135,"original","full_market","reported_caste",8038,7799,6943,0.890242338761379
135,"original","full_market","broad_caste",8038,7799,6975,0.894345428901142
135,"original","verified_interview_subset","reported_caste",529,520,472,0.907692307692308
135,"original","verified_interview_subset","broad_caste",529,520,476,0.915384615384615
135,"original","verified_interview_men","reported_caste",259,252,223,0.884920634920635
135,"original","verified_interview_men","broad_caste",259,252,225,0.892857142857143
135,"feature_corrected","full_market","reported_caste",8038,7801,7062,0.905268555313422
135,"feature_corrected","full_market","broad_caste",8038,7801,7084,0.90808870657608
135,"feature_corrected","verified_interview_subset","reported_caste",531,525,480,0.914285714285714
135,"feature_corrected","verified_interview_subset","broad_caste",531,525,483,0.92
135,"feature_corrected","verified_interview_men","reported_caste",259,255,227,0.890196078431372
135,"feature_corrected","verified_interview_men","broad_caste",259,255,229,0.898039215686275
136,"original","full_market","reported_caste",8038,7682,7546,0.982296277011195
136,"original","full_market","broad_caste",8038,7682,7554,0.983337672481125
136,"original","verified_interview_subset","reported_caste",529,517,510,0.986460348162476
136,"original","verified_interview_subset","broad_caste",529,517,510,0.986460348162476
136,"original","verified_interview_men","reported_caste",259,251,247,0.98406374501992
136,"original","verified_interview_men","broad_caste",259,251,247,0.98406374501992
136,"feature_corrected","full_market","reported_caste",8038,7679,7545,0.98254981117333
136,"feature_corrected","full_market","broad_caste",8038,7679,7557,0.984112514650345
136,"feature_corrected","verified_interview_subset","reported_caste",536,522,514,0.984674329501916
136,"feature_corrected","verified_interview_subset","broad_caste",536,522,515,0.986590038314176
136,"feature_corrected","verified_interview_men","reported_caste",259,249,244,0.979919678714859
136,"feature_corrected","verified_interview_men","broad_caste",259,249,245,0.983935742971888
137,"original","full_market","reported_caste",8038,7809,6775,0.867588679728517
137,"original","full_market","broad_caste",8038,7809,6790,0.869509540274043
137,"original","verified_interview_subset","reported_caste",539,534,472,0.883895131086142
137,"original","verified_interview_subset","broad_caste",539,534,475,0.889513108614232
137,"original","verified_interview_men","reported_caste",259,256,215,0.83984375
137,"original","verified_interview_men","broad_caste",259,256,216,0.84375
137,"feature_corrected","full_market","reported_caste",8038,7810,6694,0.857106274007681
137,"feature_corrected","full_market","broad_caste",8038,7810,6721,0.86056338028169
137,"feature_corrected","verified_interview_subset","reported_caste",535,530,461,0.869811320754717
137,"feature_corrected","verified_interview_subset","broad_caste",535,530,461,0.869811320754717
137,"feature_corrected","verified_interview_men","reported_caste",259,256,213,0.83203125
137,"feature_corrected","verified_interview_men","broad_caste",259,256,213,0.83203125
138,"original","full_market","reported_caste",8038,7695,6532,0.848862897985706
138,"original","full_market","broad_caste",8038,7695,6575,0.854450942170242
138,"original","verified_interview_subset","reported_caste",532,519,438,0.84393063583815
138,"original","verified_interview_subset","broad_caste",532,519,439,0.845857418111753
138,"original","verified_interview_men","reported_caste",259,250,199,0.796
138,"original","verified_interview_men","broad_caste",259,250,199,0.796
138,"feature_corrected","full_market","reported_caste",8038,7673,6284,0.818975628828359
138,"feature_corrected","full_market","broad_caste",8038,7673,6326,0.824449367913463
138,"feature_corrected","verified_interview_subset","reported_caste",529,511,417,0.816046966731898
138,"feature_corrected","verified_interview_subset","broad_caste",529,511,417,0.816046966731898
138,"feature_corrected","verified_interview_men","reported_caste",259,247,191,0.773279352226721
138,"feature_corrected","verified_interview_men","broad_caste",259,247,191,0.773279352226721
139,"original","full_market","reported_caste",8038,7691,6138,0.798075672864388
139,"original","full_market","broad_caste",8038,7691,6161,0.801066181250813
139,"original","verified_interview_subset","reported_caste",536,523,427,0.816443594646272
139,"original","verified_interview_subset","broad_caste",536,523,427,0.816443594646272
139,"original","verified_interview_men","reported_caste",259,249,191,0.76706827309237
139,"original","verified_interview_men","broad_caste",259,249,191,0.76706827309237
139,"feature_corrected","full_market","reported_caste",8038,7668,6156,0.802816901408451
139,"feature_corrected","full_market","broad_caste",8038,7668,6181,0.806077203964528
139,"feature_corrected","verified_interview_subset","reported_caste",536,524,435,0.830152671755725
139,"feature_corrected","verified_interview_subset","broad_caste",536,524,437,0.833969465648855
139,"feature_corrected","verified_interview_men","reported_caste",259,250,197,0.788
139,"feature_corrected","verified_interview_men","broad_caste",259,250,198,0.792
140,"original","full_market","reported_caste",8038,7801,7416,0.950647352903474
140,"original","full_market","broad_caste",8038,7801,7456,0.955774900653762
140,"original","verified_interview_subset","reported_caste",535,529,508,0.960302457466919
140,"original","verified_interview_subset","broad_caste",535,529,514,0.97164461247637
140,"original","verified_interview_men","reported_caste",259,255,242,0.949019607843137
140,"original","verified_interview_men","broad_caste",259,255,244,0.956862745098039
140,"feature_corrected","full_market","reported_caste",8038,7799,7378,0.946018720348762
140,"feature_corrected","full_market","broad_caste",8038,7799,7400,0.948839594819849
140,"feature_corrected","verified_interview_subset","reported_caste",530,523,499,0.954110898661568
140,"feature_corrected","verified_interview_subset","broad_caste",530,523,500,0.956022944550669
140,"feature_corrected","verified_interview_men","reported_caste",259,254,239,0.940944881889764
140,"feature_corrected","verified_interview_men","broad_caste",259,254,240,0.94488188976378
141,"original","full_market","reported_caste",8038,7703,7639,0.991691548747241
141,"original","full_market","broad_caste",8038,7703,7660,0.994417759314553
141,"original","verified_interview_subset","reported_caste",550,535,534,0.998130841121495
141,"original","verified_interview_subset","broad_caste",550,535,535,1
141,"original","verified_interview_men","reported_caste",259,248,248,1
141,"original","verified_interview_men","broad_caste",259,248,248,1
141,"feature_corrected","full_market","reported_caste",8038,7697,7612,0.988956736390802
141,"feature_corrected","full_market","broad_caste",8038,7697,7632,0.991555151357672
141,"feature_corrected","verified_interview_subset","reported_caste",550,536,529,0.986940298507463
141,"feature_corrected","verified_interview_subset","broad_caste",550,536,531,0.990671641791045
141,"feature_corrected","verified_interview_men","reported_caste",259,250,247,0.988
141,"feature_corrected","verified_interview_men","broad_caste",259,250,247,0.988
142,"original","full_market","reported_caste",8038,7661,6740,0.879780707479442
142,"original","full_market","broad_caste",8038,7661,6776,0.884479832919984
142,"original","verified_interview_subset","reported_caste",553,540,475,0.87962962962963
142,"original","verified_interview_subset","broad_caste",553,540,477,0.883333333333333
142,"original","verified_interview_men","reported_caste",259,252,214,0.849206349206349
142,"original","verified_interview_men","broad_caste",259,252,216,0.857142857142857
142,"feature_corrected","full_market","reported_caste",8038,7650,6759,0.883529411764706
142,"feature_corrected","full_market","broad_caste",8038,7650,6782,0.886535947712419
142,"feature_corrected","verified_interview_subset","reported_caste",548,534,469,0.878277153558053
142,"feature_corrected","verified_interview_subset","broad_caste",548,534,470,0.880149812734082
142,"feature_corrected","verified_interview_men","reported_caste",259,252,214,0.849206349206349
142,"feature_corrected","verified_interview_men","broad_caste",259,252,214,0.849206349206349
143,"original","full_market","reported_caste",8038,7785,7227,0.928323699421965
143,"original","full_market","broad_caste",8038,7785,7254,0.93179190751445
143,"original","verified_interview_subset","reported_caste",548,540,509,0.942592592592593
143,"original","verified_interview_subset","broad_caste",548,540,514,0.951851851851852
143,"original","verified_interview_men","reported_caste",259,253,240,0.948616600790514
143,"original","verified_interview_men","broad_caste",259,253,242,0.956521739130435
143,"feature_corrected","full_market","reported_caste",8038,7797,7007,0.898678979094524
143,"feature_corrected","full_market","broad_caste",8038,7797,7036,0.902398358342952
143,"feature_corrected","verified_interview_subset","reported_caste",540,533,475,0.891181988742964
143,"feature_corrected","verified_interview_subset","broad_caste",540,533,477,0.894934333958724
143,"feature_corrected","verified_interview_men","reported_caste",259,254,219,0.862204724409449
143,"feature_corrected","verified_interview_men","broad_caste",259,254,220,0.866141732283465
144,"original","full_market","reported_caste",8038,7807,7161,0.917253746637633
144,"original","full_market","broad_caste",8038,7807,7191,0.921096451902139
144,"original","verified_interview_subset","reported_caste",538,533,482,0.904315196998124
144,"original","verified_interview_subset","broad_caste",538,533,483,0.906191369606004
144,"original","verified_interview_men","reported_caste",259,256,228,0.890625
144,"original","verified_interview_men","broad_caste",259,256,228,0.890625
144,"feature_corrected","full_market","reported_caste",8038,7804,6973,0.893516145566376
144,"feature_corrected","full_market","broad_caste",8038,7804,7000,0.896975909789851
144,"feature_corrected","verified_interview_subset","reported_caste",541,535,466,0.871028037383178
144,"feature_corrected","verified_interview_subset","broad_caste",541,535,471,0.880373831775701
144,"feature_corrected","verified_interview_men","reported_caste",259,256,220,0.859375
144,"feature_corrected","verified_interview_men","broad_caste",259,256,223,0.87109375
145,"original","full_market","reported_caste",8038,7785,7417,0.952729608220937
145,"original","full_market","broad_caste",8038,7785,7450,0.956968529222865
145,"original","verified_interview_subset","reported_caste",541,533,512,0.960600375234522
145,"original","verified_interview_subset","broad_caste",541,533,513,0.962476547842402
145,"original","verified_interview_men","reported_caste",259,253,240,0.948616600790514
145,"original","verified_interview_men","broad_caste",259,253,241,0.952569169960474
145,"feature_corrected","full_market","reported_caste",8038,7796,7406,0.949974345818368
145,"feature_corrected","full_market","broad_caste",8038,7796,7439,0.954207285787584
145,"feature_corrected","verified_interview_subset","reported_caste",542,534,510,0.955056179775281
145,"feature_corrected","verified_interview_subset","broad_caste",542,534,511,0.956928838951311
145,"feature_corrected","verified_interview_men","reported_caste",259,253,239,0.944664031620553
145,"feature_corrected","verified_interview_men","broad_caste",259,253,239,0.944664031620553
146,"original","full_market","reported_caste",8038,7652,7298,0.953737584945112
146,"original","full_market","broad_caste",8038,7652,7319,0.956481965499216
146,"original","verified_interview_subset","reported_caste",536,522,502,0.961685823754789
146,"original","verified_interview_subset","broad_caste",536,522,504,0.96551724137931
146,"original","verified_interview_men","reported_caste",259,249,237,0.951807228915663
146,"original","verified_interview_men","broad_caste",259,249,238,0.955823293172691
146,"feature_corrected","full_market","reported_caste",8038,7664,6568,0.856993736951983
146,"feature_corrected","full_market","broad_caste",8038,7664,6597,0.860777661795407
146,"feature_corrected","verified_interview_subset","reported_caste",535,522,443,0.848659003831418
146,"feature_corrected","verified_interview_subset","broad_caste",535,522,444,0.850574712643678
146,"feature_corrected","verified_interview_men","reported_caste",259,252,211,0.837301587301587
146,"feature_corrected","verified_interview_men","broad_caste",259,252,212,0.841269841269841
147,"original","full_market","reported_caste",8038,7802,7627,0.97756985388362
147,"original","full_market","broad_caste",8038,7802,7663,0.982184055370418
147,"original","verified_interview_subset","reported_caste",538,532,518,0.973684210526316
147,"original","verified_interview_subset","broad_caste",538,532,521,0.979323308270677
147,"original","verified_interview_men","reported_caste",259,255,247,0.968627450980392
147,"original","verified_interview_men","broad_caste",259,255,248,0.972549019607843
147,"feature_corrected","full_market","reported_caste",8038,7800,7627,0.977820512820513
147,"feature_corrected","full_market","broad_caste",8038,7800,7652,0.981025641025641
147,"feature_corrected","verified_interview_subset","reported_caste",542,534,522,0.97752808988764
147,"feature_corrected","verified_interview_subset","broad_caste",542,534,525,0.98314606741573
147,"feature_corrected","verified_interview_men","reported_caste",259,253,245,0.968379446640316
147,"feature_corrected","verified_interview_men","broad_caste",259,253,247,0.976284584980237
148,"original","full_market","reported_caste",8038,7716,6784,0.879212026956973
148,"original","full_market","broad_caste",8038,7716,6831,0.885303265940902
148,"original","verified_interview_subset","reported_caste",538,529,465,0.879017013232514
148,"original","verified_interview_subset","broad_caste",538,529,465,0.879017013232514
148,"original","verified_interview_men","reported_caste",259,252,213,0.845238095238095
148,"original","verified_interview_men","broad_caste",259,252,213,0.845238095238095
148,"feature_corrected","full_market","reported_caste",8038,7693,6388,0.830365267125958
148,"feature_corrected","full_market","broad_caste",8038,7693,6422,0.834784869361757
148,"feature_corrected","verified_interview_subset","reported_caste",538,524,434,0.82824427480916
148,"feature_corrected","verified_interview_subset","broad_caste",538,524,435,0.830152671755725
148,"feature_corrected","verified_interview_men","reported_caste",259,251,199,0.792828685258964
148,"feature_corrected","verified_interview_men","broad_caste",259,251,199,0.792828685258964
149,"original","full_market","reported_caste",8038,7707,6678,0.866485013623978
149,"original","full_market","broad_caste",8038,7707,6704,0.869858570131049
149,"original","verified_interview_subset","reported_caste",530,519,457,0.880539499036609
149,"original","verified_interview_subset","broad_caste",530,519,458,0.882466281310212
149,"original","verified_interview_men","reported_caste",259,254,221,0.87007874015748
149,"original","verified_interview_men","broad_caste",259,254,222,0.874015748031496
149,"feature_corrected","full_market","reported_caste",8038,7687,6092,0.792506829712502
149,"feature_corrected","full_market","broad_caste",8038,7687,6127,0.797059971380252
149,"feature_corrected","verified_interview_subset","reported_caste",530,520,414,0.796153846153846
149,"feature_corrected","verified_interview_subset","broad_caste",530,520,414,0.796153846153846
149,"feature_corrected","verified_interview_men","reported_caste",259,256,197,0.76953125
149,"feature_corrected","verified_interview_men","broad_caste",259,256,197,0.76953125
150,"original","full_market","reported_caste",8038,7667,6407,0.835659319160036
150,"original","full_market","broad_caste",8038,7667,6432,0.838920046954481
150,"original","verified_interview_subset","reported_caste",527,509,430,0.844793713163065
150,"original","verified_interview_subset","broad_caste",527,509,434,0.852652259332024
150,"original","verified_interview_men","reported_caste",259,248,197,0.794354838709677
150,"original","verified_interview_men","broad_caste",259,248,200,0.806451612903226
150,"feature_corrected","full_market","reported_caste",8038,7596,5485,0.72209057398631
150,"feature_corrected","full_market","broad_caste",8038,7596,5493,0.723143759873619
150,"feature_corrected","verified_interview_subset","reported_caste",525,505,374,0.740594059405941
150,"feature_corrected","verified_interview_subset","broad_caste",525,505,374,0.740594059405941
150,"feature_corrected","verified_interview_men","reported_caste",259,246,169,0.686991869918699
150,"feature_corrected","verified_interview_men","broad_caste",259,246,169,0.686991869918699
151,"original","full_market","reported_caste",8038,7791,7334,0.941342574765755
151,"original","full_market","broad_caste",8038,7791,7362,0.944936465152099
151,"original","verified_interview_subset","reported_caste",540,533,508,0.953095684803002
151,"original","verified_interview_subset","broad_caste",540,533,510,0.956848030018762
151,"original","verified_interview_men","reported_caste",259,254,239,0.940944881889764
151,"original","verified_interview_men","broad_caste",259,254,241,0.948818897637795
151,"feature_corrected","full_market","reported_caste",8038,7796,7006,0.898665982555157
151,"feature_corrected","full_market","broad_caste",8038,7796,7045,0.90366854797332
151,"feature_corrected","verified_interview_subset","reported_caste",534,528,473,0.895833333333333
151,"feature_corrected","verified_interview_subset","broad_caste",534,528,475,0.899621212121212
151,"feature_corrected","verified_interview_men","reported_caste",259,255,226,0.886274509803921
151,"feature_corrected","verified_interview_men","broad_caste",259,255,228,0.894117647058823
152,"original","full_market","reported_caste",8038,7805,6982,0.894554772581679
152,"original","full_market","broad_caste",8038,7805,7018,0.899167200512492
152,"original","verified_interview_subset","reported_caste",536,531,474,0.892655367231638
152,"original","verified_interview_subset","broad_caste",536,531,478,0.900188323917137
152,"original","verified_interview_men","reported_caste",259,256,223,0.87109375
152,"original","verified_interview_men","broad_caste",259,256,225,0.87890625
152,"feature_corrected","full_market","reported_caste",8038,7797,6724,0.862382967808132
152,"feature_corrected","full_market","broad_caste",8038,7797,6759,0.866871873797615
152,"feature_corrected","verified_interview_subset","reported_caste",540,533,474,0.889305816135085
152,"feature_corrected","verified_interview_subset","broad_caste",540,533,475,0.891181988742964
152,"feature_corrected","verified_interview_men","reported_caste",259,254,217,0.854330708661417
152,"feature_corrected","verified_interview_men","broad_caste",259,254,218,0.858267716535433
153,"original","full_market","reported_caste",8038,7713,6385,0.827823155711137
153,"original","full_market","broad_caste",8038,7713,6398,0.829508621807338
153,"original","verified_interview_subset","reported_caste",517,503,412,0.819085487077535
153,"original","verified_interview_subset","broad_caste",517,503,413,0.821073558648111
153,"original","verified_interview_men","reported_caste",259,252,195,0.773809523809524
153,"original","verified_interview_men","broad_caste",259,252,196,0.777777777777778
153,"feature_corrected","full_market","reported_caste",8038,7648,6167,0.80635460251046
153,"feature_corrected","full_market","broad_caste",8038,7648,6174,0.807269874476988
153,"feature_corrected","verified_interview_subset","reported_caste",515,500,408,0.816
153,"feature_corrected","verified_interview_subset","broad_caste",515,500,410,0.82
153,"feature_corrected","verified_interview_men","reported_caste",259,248,192,0.774193548387097
153,"feature_corrected","verified_interview_men","broad_caste",259,248,192,0.774193548387097
154,"original","full_market","reported_caste",8038,7712,7522,0.975363070539419
154,"original","full_market","broad_caste",8038,7712,7538,0.9774377593361
154,"original","verified_interview_subset","reported_caste",556,543,529,0.974217311233886
154,"original","verified_interview_subset","broad_caste",556,543,529,0.974217311233886
154,"original","verified_interview_men","reported_caste",259,249,244,0.979919678714859
154,"original","verified_interview_men","broad_caste",259,249,244,0.979919678714859
154,"feature_corrected","full_market","reported_caste",8038,7714,7528,0.975887995851698
154,"feature_corrected","full_market","broad_caste",8038,7714,7548,0.978480684469795
154,"feature_corrected","verified_interview_subset","reported_caste",549,539,525,0.974025974025974
154,"feature_corrected","verified_interview_subset","broad_caste",549,539,525,0.974025974025974
154,"feature_corrected","verified_interview_men","reported_caste",259,251,246,0.9800796812749
154,"feature_corrected","verified_interview_men","broad_caste",259,251,246,0.9800796812749
155,"original","full_market","reported_caste",8038,7698,7631,0.991296440633931
155,"original","full_market","broad_caste",8038,7698,7661,0.995193556767992
155,"original","verified_interview_subset","reported_caste",545,530,524,0.988679245283019
155,"original","verified_interview_subset","broad_caste",545,530,530,1
155,"original","verified_interview_men","reported_caste",259,249,246,0.987951807228916
155,"original","verified_interview_men","broad_caste",259,249,249,1
155,"feature_corrected","full_market","reported_caste",8038,7699,7624,0.99025847512664
155,"feature_corrected","full_market","broad_caste",8038,7699,7650,0.993635537082738
155,"feature_corrected","verified_interview_subset","reported_caste",542,530,524,0.988679245283019
155,"feature_corrected","verified_interview_subset","broad_caste",542,530,527,0.994339622641509
155,"feature_corrected","verified_interview_men","reported_caste",259,250,247,0.988
155,"feature_corrected","verified_interview_men","broad_caste",259,250,249,0.996
156,"original","full_market","reported_caste",8038,7796,6665,0.854925602873269
156,"original","full_market","broad_caste",8038,7796,6683,0.857234479220113
156,"original","verified_interview_subset","reported_caste",539,530,467,0.881132075471698
156,"original","verified_interview_subset","broad_caste",539,530,467,0.881132075471698
156,"original","verified_interview_men","reported_caste",259,252,216,0.857142857142857
156,"original","verified_interview_men","broad_caste",259,252,216,0.857142857142857
156,"feature_corrected","full_market","reported_caste",8038,7802,6698,0.858497821071519
156,"feature_corrected","full_market","broad_caste",8038,7802,6716,0.86080492181492
156,"feature_corrected","verified_interview_subset","reported_caste",531,526,462,0.878326996197719
156,"feature_corrected","verified_interview_subset","broad_caste",531,526,462,0.878326996197719
156,"feature_corrected","verified_interview_men","reported_caste",259,255,216,0.847058823529412
156,"feature_corrected","verified_interview_men","broad_caste",259,255,216,0.847058823529412
157,"original","full_market","reported_caste",8038,7637,5774,0.756056042948802
157,"original","full_market","broad_caste",8038,7637,5789,0.758020164986251
157,"original","verified_interview_subset","reported_caste",520,504,373,0.740079365079365
157,"original","verified_interview_subset","broad_caste",520,504,375,0.744047619047619
157,"original","verified_interview_men","reported_caste",259,249,171,0.686746987951807
157,"original","verified_interview_men","broad_caste",259,249,172,0.690763052208835
157,"feature_corrected","full_market","reported_caste",8038,7633,5429,0.711253766540023
157,"feature_corrected","full_market","broad_caste",8038,7633,5440,0.712694877505567
157,"feature_corrected","verified_interview_subset","reported_caste",513,496,356,0.717741935483871
157,"feature_corrected","verified_interview_subset","broad_caste",513,496,357,0.719758064516129
157,"feature_corrected","verified_interview_men","reported_caste",259,248,163,0.657258064516129
157,"feature_corrected","verified_interview_men","broad_caste",259,248,164,0.661290322580645
158,"original","full_market","reported_caste",8038,7783,6883,0.884363356032379
158,"original","full_market","broad_caste",8038,7783,6917,0.888731851471155
158,"original","verified_interview_subset","reported_caste",527,520,466,0.896153846153846
158,"original","verified_interview_subset","broad_caste",527,520,471,0.905769230769231
158,"original","verified_interview_men","reported_caste",259,255,221,0.866666666666667
158,"original","verified_interview_men","broad_caste",259,255,224,0.87843137254902
158,"feature_corrected","full_market","reported_caste",8038,7789,6831,0.877006034150726
158,"feature_corrected","full_market","broad_caste",8038,7789,6867,0.881627936833997
158,"feature_corrected","verified_interview_subset","reported_caste",530,523,469,0.896749521988528
158,"feature_corrected","verified_interview_subset","broad_caste",530,523,470,0.898661567877629
158,"feature_corrected","verified_interview_men","reported_caste",259,256,229,0.89453125
158,"feature_corrected","verified_interview_men","broad_caste",259,256,229,0.89453125
159,"original","full_market","reported_caste",8038,7699,7590,0.98584231718405
159,"original","full_market","broad_caste",8038,7699,7608,0.988180283153656
159,"original","verified_interview_subset","reported_caste",531,516,514,0.996124031007752
159,"original","verified_interview_subset","broad_caste",531,516,515,0.998062015503876
159,"original","verified_interview_men","reported_caste",259,247,246,0.995951417004049
159,"original","verified_interview_men","broad_caste",259,247,247,1
159,"feature_corrected","full_market","reported_caste",8038,7706,7593,0.985336101738905
159,"feature_corrected","full_market","broad_caste",8038,7706,7607,0.987152867895147
159,"feature_corrected","verified_interview_subset","reported_caste",539,524,516,0.984732824427481
159,"feature_corrected","verified_interview_subset","broad_caste",539,524,517,0.986641221374046
159,"feature_corrected","verified_interview_men","reported_caste",259,248,243,0.979838709677419
159,"feature_corrected","verified_interview_men","broad_caste",259,248,244,0.983870967741935
160,"original","full_market","reported_caste",8038,7776,7702,0.99048353909465
160,"original","full_market","broad_caste",8038,7776,7724,0.993312757201646
160,"original","verified_interview_subset","reported_caste",542,536,530,0.988805970149254
160,"original","verified_interview_subset","broad_caste",542,536,531,0.990671641791045
160,"original","verified_interview_men","reported_caste",259,256,251,0.98046875
160,"original","verified_interview_men","broad_caste",259,256,251,0.98046875
160,"feature_corrected","full_market","reported_caste",8038,7789,7705,0.9892155604057
160,"feature_corrected","full_market","broad_caste",8038,7789,7731,0.992553601232507
160,"feature_corrected","verified_interview_subset","reported_caste",545,540,536,0.992592592592593
160,"feature_corrected","verified_interview_subset","broad_caste",545,540,536,0.992592592592593
160,"feature_corrected","verified_interview_men","reported_caste",259,256,253,0.98828125
160,"feature_corrected","verified_interview_men","broad_caste",259,256,253,0.98828125
161,"original","full_market","reported_caste",8038,7784,6967,0.895041109969167
161,"original","full_market","broad_caste",8038,7784,6979,0.89658273381295
161,"original","verified_interview_subset","reported_caste",540,533,481,0.902439024390244
161,"original","verified_interview_subset","broad_caste",540,533,482,0.904315196998124
161,"original","verified_interview_men","reported_caste",259,254,221,0.87007874015748
161,"original","verified_interview_men","broad_caste",259,254,221,0.87007874015748
161,"feature_corrected","full_market","reported_caste",8038,7799,7038,0.902423387613797
161,"feature_corrected","full_market","broad_caste",8038,7799,7053,0.90434671111681
161,"feature_corrected","verified_interview_subset","reported_caste",540,534,485,0.908239700374532
161,"feature_corrected","verified_interview_subset","broad_caste",540,534,486,0.910112359550562
161,"feature_corrected","verified_interview_men","reported_caste",259,255,228,0.894117647058824
161,"feature_corrected","verified_interview_men","broad_caste",259,255,228,0.894117647058824
162,"original","full_market","reported_caste",8038,7718,7257,0.940269499870433
162,"original","full_market","broad_caste",8038,7718,7302,0.94610002591345
162,"original","verified_interview_subset","reported_caste",539,523,494,0.944550669216061
162,"original","verified_interview_subset","broad_caste",539,523,500,0.956022944550669
162,"original","verified_interview_men","reported_caste",259,250,234,0.936
162,"original","verified_interview_men","broad_caste",259,250,237,0.948
162,"feature_corrected","full_market","reported_caste",8038,7698,6838,0.888282670823591
162,"feature_corrected","full_market","broad_caste",8038,7698,6883,0.894128345024682
162,"feature_corrected","verified_interview_subset","reported_caste",539,526,464,0.88212927756654
162,"feature_corrected","verified_interview_subset","broad_caste",539,526,467,0.887832699619772
162,"feature_corrected","verified_interview_men","reported_caste",259,250,213,0.852
162,"feature_corrected","verified_interview_men","broad_caste",259,250,215,0.86
163,"original","full_market","reported_caste",8038,7793,6505,0.834723469780572
163,"original","full_market","broad_caste",8038,7793,6550,0.840497882715258
163,"original","verified_interview_subset","reported_caste",529,524,445,0.849236641221374
163,"original","verified_interview_subset","broad_caste",529,524,448,0.854961832061069
163,"original","verified_interview_men","reported_caste",259,256,203,0.79296875
163,"original","verified_interview_men","broad_caste",259,256,205,0.80078125
163,"feature_corrected","full_market","reported_caste",8038,7783,6035,0.775407940382887
163,"feature_corrected","full_market","broad_caste",8038,7784,6061,0.778648509763617
163,"feature_corrected","verified_interview_subset","reported_caste",523,516,407,0.788759689922481
163,"feature_corrected","verified_interview_subset","broad_caste",523,517,410,0.793036750483559
163,"feature_corrected","verified_interview_men","reported_caste",259,255,188,0.737254901960784
163,"feature_corrected","verified_interview_men","broad_caste",259,255,190,0.745098039215686
164,"original","full_market","reported_caste",8038,7778,6970,0.896117253792749
164,"original","full_market","broad_caste",8038,7778,6998,0.899717150938545
164,"original","verified_interview_subset","reported_caste",533,528,474,0.897727272727273
164,"original","verified_interview_subset","broad_caste",533,528,476,0.901515151515152
164,"original","verified_interview_men","reported_caste",259,255,221,0.866666666666667
164,"original","verified_interview_men","broad_caste",259,255,222,0.870588235294118
164,"feature_corrected","full_market","reported_caste",8038,7793,6371,0.817528551263955
164,"feature_corrected","full_market","broad_caste",8038,7793,6402,0.821506480174515
164,"feature_corrected","verified_interview_subset","reported_caste",525,520,410,0.788461538461539
164,"feature_corrected","verified_interview_subset","broad_caste",525,520,411,0.790384615384615
164,"feature_corrected","verified_interview_men","reported_caste",259,255,196,0.768627450980392
164,"feature_corrected","verified_interview_men","broad_caste",259,255,197,0.772549019607843
165,"original","full_market","reported_caste",8038,7758,6870,0.88553750966744
165,"original","full_market","broad_caste",8038,7758,6918,0.891724671307038
165,"original","verified_interview_subset","reported_caste",546,539,489,0.907235621521336
165,"original","verified_interview_subset","broad_caste",546,539,492,0.912801484230056
165,"original","verified_interview_men","reported_caste",259,255,226,0.886274509803921
165,"original","verified_interview_men","broad_caste",259,255,227,0.890196078431372
165,"feature_corrected","full_market","reported_caste",8038,7771,6791,0.87389010423369
165,"feature_corrected","full_market","broad_caste",8038,7771,6821,0.877750611246943
165,"feature_corrected","verified_interview_subset","reported_caste",544,537,472,0.878957169459963
165,"feature_corrected","verified_interview_subset","broad_caste",544,537,473,0.880819366852886
165,"feature_corrected","verified_interview_men","reported_caste",259,255,218,0.854901960784314
165,"feature_corrected","verified_interview_men","broad_caste",259,255,218,0.854901960784314
166,"original","full_market","reported_caste",8038,7747,6632,0.856073318704015
166,"original","full_market","broad_caste",8038,7747,6672,0.861236607719118
166,"original","verified_interview_subset","reported_caste",533,524,456,0.870229007633588
166,"original","verified_interview_subset","broad_caste",533,524,461,0.879770992366412
166,"original","verified_interview_men","reported_caste",259,254,211,0.830708661417323
166,"original","verified_interview_men","broad_caste",259,254,214,0.84251968503937
166,"feature_corrected","full_market","reported_caste",8038,7772,6546,0.842254246011323
166,"feature_corrected","full_market","broad_caste",8038,7772,6584,0.847143592382913
166,"feature_corrected","verified_interview_subset","reported_caste",525,519,454,0.8747591522158
166,"feature_corrected","verified_interview_subset","broad_caste",525,519,457,0.880539499036609
166,"feature_corrected","verified_interview_men","reported_caste",259,255,217,0.850980392156863
166,"feature_corrected","verified_interview_men","broad_caste",259,255,219,0.858823529411765
167,"original","full_market","reported_caste",8038,7770,6451,0.83024453024453
167,"original","full_market","broad_caste",8038,7770,6489,0.835135135135135
167,"original","verified_interview_subset","reported_caste",543,536,444,0.828358208955224
167,"original","verified_interview_subset","broad_caste",543,536,447,0.833955223880597
167,"original","verified_interview_men","reported_caste",259,255,197,0.772549019607843
167,"original","verified_interview_men","broad_caste",259,255,197,0.772549019607843
167,"feature_corrected","full_market","reported_caste",8038,7754,6194,0.79881351560485
167,"feature_corrected","full_market","broad_caste",8038,7754,6230,0.803456280629352
167,"feature_corrected","verified_interview_subset","reported_caste",534,526,424,0.806083650190114
167,"feature_corrected","verified_interview_subset","broad_caste",534,526,425,0.807984790874525
167,"feature_corrected","verified_interview_men","reported_caste",259,255,193,0.756862745098039
167,"feature_corrected","verified_interview_men","broad_caste",259,255,193,0.756862745098039
168,"original","full_market","reported_caste",8038,7787,7379,0.947604982663413
168,"original","full_market","broad_caste",8038,7787,7398,0.950044946706049
168,"original","verified_interview_subset","reported_caste",540,534,508,0.951310861423221
168,"original","verified_interview_subset","broad_caste",540,534,509,0.953183520599251
168,"original","verified_interview_men","reported_caste",259,255,238,0.933333333333333
168,"original","verified_interview_men","broad_caste",259,255,239,0.937254901960784
168,"feature_corrected","full_market","reported_caste",8038,7799,7181,0.920759071675856
168,"feature_corrected","full_market","broad_caste",8038,7799,7201,0.923323503013206
168,"feature_corrected","verified_interview_subset","reported_caste",539,532,482,0.906015037593985
168,"feature_corrected","verified_interview_subset","broad_caste",539,532,482,0.906015037593985
168,"feature_corrected","verified_interview_men","reported_caste",259,254,226,0.889763779527559
168,"feature_corrected","verified_interview_men","broad_caste",259,254,226,0.889763779527559
169,"original","full_market","reported_caste",8038,7690,7332,0.953446033810143
169,"original","full_market","broad_caste",8038,7690,7351,0.95591677503251
169,"original","verified_interview_subset","reported_caste",547,531,503,0.947269303201506
169,"original","verified_interview_subset","broad_caste",547,531,506,0.952919020715631
169,"original","verified_interview_men","reported_caste",259,248,230,0.92741935483871
169,"original","verified_interview_men","broad_caste",259,248,232,0.935483870967742
169,"feature_corrected","full_market","reported_caste",8038,7688,7368,0.95837669094693
169,"feature_corrected","full_market","broad_caste",8038,7688,7385,0.960587929240375
169,"feature_corrected","verified_interview_subset","reported_caste",540,525,504,0.96
169,"feature_corrected","verified_interview_subset","broad_caste",540,525,507,0.965714285714286
169,"feature_corrected","verified_interview_men","reported_caste",259,249,238,0.955823293172691
169,"feature_corrected","verified_interview_men","broad_caste",259,249,240,0.963855421686747
170,"original","full_market","reported_caste",8038,7733,6776,0.87624466571835
170,"original","full_market","broad_caste",8038,7733,6806,0.880124143282038
170,"original","verified_interview_subset","reported_caste",521,509,461,0.905697445972495
170,"original","verified_interview_subset","broad_caste",521,509,464,0.911591355599214
170,"original","verified_interview_men","reported_caste",259,251,224,0.892430278884462
170,"original","verified_interview_men","broad_caste",259,251,226,0.900398406374502
170,"feature_corrected","full_market","reported_caste",8038,7722,6752,0.874384874384875
170,"feature_corrected","full_market","broad_caste",8038,7722,6781,0.878140378140378
170,"feature_corrected","verified_interview_subset","reported_caste",530,520,460,0.884615384615385
170,"feature_corrected","verified_interview_subset","broad_caste",530,520,461,0.886538461538461
170,"feature_corrected","verified_interview_men","reported_caste",259,252,220,0.873015873015873
170,"feature_corrected","verified_interview_men","broad_caste",259,252,221,0.876984126984127
171,"original","full_market","reported_caste",8038,7747,6885,0.888731121724538
171,"original","full_market","broad_caste",8038,7747,6896,0.890151026203692
171,"original","verified_interview_subset","reported_caste",532,525,475,0.904761904761905
171,"original","verified_interview_subset","broad_caste",532,525,476,0.906666666666667
171,"original","verified_interview_men","reported_caste",259,254,226,0.889763779527559
171,"original","verified_interview_men","broad_caste",259,254,226,0.889763779527559
171,"feature_corrected","full_market","reported_caste",8038,7706,6397,0.830132364391384
171,"feature_corrected","full_market","broad_caste",8038,7706,6407,0.831430054502985
171,"feature_corrected","verified_interview_subset","reported_caste",545,530,442,0.833962264150943
171,"feature_corrected","verified_interview_subset","broad_caste",545,530,442,0.833962264150943
171,"feature_corrected","verified_interview_men","reported_caste",259,248,199,0.80241935483871
171,"feature_corrected","verified_interview_men","broad_caste",259,248,199,0.80241935483871
172,"original","full_market","reported_caste",8038,7711,7525,0.975878614965633
172,"original","full_market","broad_caste",8038,7711,7549,0.978991051744262
172,"original","verified_interview_subset","reported_caste",536,527,513,0.973434535104364
172,"original","verified_interview_subset","broad_caste",536,527,517,0.981024667931689
172,"original","verified_interview_men","reported_caste",259,252,245,0.972222222222222
172,"original","verified_interview_men","broad_caste",259,252,247,0.98015873015873
172,"feature_corrected","full_market","reported_caste",8038,7716,7590,0.983670295489891
172,"feature_corrected","full_market","broad_caste",8038,7716,7616,0.987039917055469
172,"feature_corrected","verified_interview_subset","reported_caste",533,522,514,0.984674329501916
172,"feature_corrected","verified_interview_subset","broad_caste",533,522,516,0.988505747126437
172,"feature_corrected","verified_interview_men","reported_caste",259,251,246,0.9800796812749
172,"feature_corrected","verified_interview_men","broad_caste",259,251,246,0.9800796812749
173,"original","full_market","reported_caste",8038,7779,7717,0.992029823884818
173,"original","full_market","broad_caste",8038,7779,7729,0.993572438616789
173,"original","verified_interview_subset","reported_caste",538,530,527,0.994339622641509
173,"original","verified_interview_subset","broad_caste",538,530,528,0.99622641509434
173,"original","verified_interview_men","reported_caste",259,253,250,0.988142292490119
173,"original","verified_interview_men","broad_caste",259,253,251,0.992094861660079
173,"feature_corrected","full_market","reported_caste",8038,7778,7666,0.985600411416817
173,"feature_corrected","full_market","broad_caste",8038,7778,7677,0.987014656724093
173,"feature_corrected","verified_interview_subset","reported_caste",544,537,530,0.986964618249534
173,"feature_corrected","verified_interview_subset","broad_caste",544,537,531,0.988826815642458
173,"feature_corrected","verified_interview_men","reported_caste",259,254,248,0.976377952755906
173,"feature_corrected","verified_interview_men","broad_caste",259,254,249,0.980314960629921
174,"original","full_market","reported_caste",8038,7707,7487,0.971454521863241
174,"original","full_market","broad_caste",8038,7707,7520,0.975736343583755
174,"original","verified_interview_subset","reported_caste",533,519,502,0.967244701348748
174,"original","verified_interview_subset","broad_caste",533,519,505,0.973025048169557
174,"original","verified_interview_men","reported_caste",259,251,243,0.968127490039841
174,"original","verified_interview_men","broad_caste",259,251,245,0.97609561752988
174,"feature_corrected","full_market","reported_caste",8038,7681,7362,0.958468949355553
174,"feature_corrected","full_market","broad_caste",8038,7681,7379,0.960682202838172
174,"feature_corrected","verified_interview_subset","reported_caste",530,512,492,0.9609375
174,"feature_corrected","verified_interview_subset","broad_caste",530,512,494,0.96484375
174,"feature_corrected","verified_interview_men","reported_caste",259,249,238,0.955823293172691
174,"feature_corrected","verified_interview_men","broad_caste",259,249,239,0.959839357429719
175,"original","full_market","reported_caste",8038,7782,7434,0.955281418658443
175,"original","full_market","broad_caste",8038,7782,7461,0.958750963762529
175,"original","verified_interview_subset","reported_caste",542,536,510,0.951492537313433
175,"original","verified_interview_subset","broad_caste",542,536,512,0.955223880597015
175,"original","verified_interview_men","reported_caste",259,255,237,0.929411764705882
175,"original","verified_interview_men","broad_caste",259,255,237,0.929411764705882
175,"feature_corrected","full_market","reported_caste",8038,7800,7311,0.937307692307692
175,"feature_corrected","full_market","broad_caste",8038,7800,7329,0.939615384615385
175,"feature_corrected","verified_interview_subset","reported_caste",542,535,499,0.932710280373832
175,"feature_corrected","verified_interview_subset","broad_caste",542,535,500,0.934579439252336
175,"feature_corrected","verified_interview_men","reported_caste",259,255,231,0.905882352941176
175,"feature_corrected","verified_interview_men","broad_caste",259,255,231,0.905882352941176
176,"original","full_market","reported_caste",8038,7680,7224,0.940625
176,"original","full_market","broad_caste",8038,7680,7251,0.944140625
176,"original","verified_interview_subset","reported_caste",545,527,488,0.925996204933586
176,"original","verified_interview_subset","broad_caste",545,527,489,0.927893738140418
176,"original","verified_interview_men","reported_caste",259,248,227,0.915322580645161
176,"original","verified_interview_men","broad_caste",259,248,228,0.919354838709677
176,"feature_corrected","full_market","reported_caste",8038,7679,7033,0.91587446282068
176,"feature_corrected","full_market","broad_caste",8038,7679,7058,0.919130095064461
176,"feature_corrected","verified_interview_subset","reported_caste",546,533,481,0.902439024390244
176,"feature_corrected","verified_interview_subset","broad_caste",546,533,482,0.904315196998124
176,"feature_corrected","verified_interview_men","reported_caste",259,252,220,0.873015873015873
176,"feature_corrected","verified_interview_men","broad_caste",259,252,221,0.876984126984127
177,"original","full_market","reported_caste",8038,7709,7311,0.948372032689065
177,"original","full_market","broad_caste",8038,7709,7321,0.94966921779738
177,"original","verified_interview_subset","reported_caste",531,520,492,0.946153846153846
177,"original","verified_interview_subset","broad_caste",531,520,492,0.946153846153846
177,"original","verified_interview_men","reported_caste",259,253,233,0.92094861660079
177,"original","verified_interview_men","broad_caste",259,253,233,0.92094861660079
177,"feature_corrected","full_market","reported_caste",8038,7706,7374,0.956916688294835
177,"feature_corrected","full_market","broad_caste",8038,7706,7380,0.957695302361796
177,"feature_corrected","verified_interview_subset","reported_caste",529,518,496,0.957528957528958
177,"feature_corrected","verified_interview_subset","broad_caste",529,518,496,0.957528957528958
177,"feature_corrected","verified_interview_men","reported_caste",259,251,235,0.936254980079681
177,"feature_corrected","verified_interview_men","broad_caste",259,251,235,0.936254980079681
178,"original","full_market","reported_caste",8038,7785,7641,0.98150289017341
178,"original","full_market","broad_caste",8038,7785,7670,0.985228002569043
178,"original","verified_interview_subset","reported_caste",542,536,521,0.972014925373134
178,"original","verified_interview_subset","broad_caste",542,536,525,0.979477611940298
178,"original","verified_interview_men","reported_caste",259,255,248,0.972549019607843
178,"original","verified_interview_men","broad_caste",259,255,248,0.972549019607843
178,"feature_corrected","full_market","reported_caste",8038,7794,7455,0.956505003849115
178,"feature_corrected","full_market","broad_caste",8038,7794,7477,0.959327687965101
178,"feature_corrected","verified_interview_subset","reported_caste",534,528,507,0.960227272727273
178,"feature_corrected","verified_interview_subset","broad_caste",534,528,507,0.960227272727273
178,"feature_corrected","verified_interview_men","reported_caste",259,255,245,0.96078431372549
178,"feature_corrected","verified_interview_men","broad_caste",259,255,245,0.96078431372549
179,"original","full_market","reported_caste",8038,7740,6395,0.826227390180878
179,"original","full_market","broad_caste",8038,7740,6425,0.830103359173127
179,"original","verified_interview_subset","reported_caste",531,520,430,0.826923076923077
179,"original","verified_interview_subset","broad_caste",531,520,434,0.834615384615385
179,"original","verified_interview_men","reported_caste",259,253,203,0.802371541501976
179,"original","verified_interview_men","broad_caste",259,253,204,0.806324110671937
179,"feature_corrected","full_market","reported_caste",8038,7737,6182,0.799017707121623
179,"feature_corrected","full_market","broad_caste",8038,7737,6210,0.802636680884064
179,"feature_corrected","verified_interview_subset","reported_caste",533,524,417,0.795801526717557
179,"feature_corrected","verified_interview_subset","broad_caste",533,524,417,0.795801526717557
179,"feature_corrected","verified_interview_men","reported_caste",259,254,197,0.775590551181103
179,"feature_corrected","verified_interview_men","broad_caste",259,254,197,0.775590551181103
180,"original","full_market","reported_caste",8038,7797,7556,0.969090675900988
180,"original","full_market","broad_caste",8038,7797,7584,0.972681800692574
180,"original","verified_interview_subset","reported_caste",546,541,523,0.966728280961183
180,"original","verified_interview_subset","broad_caste",546,541,524,0.968576709796673
180,"original","verified_interview_men","reported_caste",259,256,248,0.96875
180,"original","verified_interview_men","broad_caste",259,256,248,0.96875
180,"feature_corrected","full_market","reported_caste",8038,7806,7584,0.971560338201384
180,"feature_corrected","full_market","broad_caste",8038,7806,7608,0.974634896233666
180,"feature_corrected","verified_interview_subset","reported_caste",536,531,519,0.977401129943503
180,"feature_corrected","verified_interview_subset","broad_caste",536,531,519,0.977401129943503
180,"feature_corrected","verified_interview_men","reported_caste",259,256,249,0.97265625
180,"feature_corrected","verified_interview_men","broad_caste",259,256,249,0.97265625
181,"original","full_market","reported_caste",8038,7800,7562,0.969487179487179
181,"original","full_market","broad_caste",8038,7800,7594,0.973589743589744
181,"original","verified_interview_subset","reported_caste",548,539,527,0.97773654916512
181,"original","verified_interview_subset","broad_caste",548,539,530,0.98330241187384
181,"original","verified_interview_men","reported_caste",259,253,245,0.968379446640316
181,"original","verified_interview_men","broad_caste",259,253,247,0.976284584980237
181,"feature_corrected","full_market","reported_caste",8038,7791,7185,0.922217943781286
181,"feature_corrected","full_market","broad_caste",8038,7791,7210,0.925426774483378
181,"feature_corrected","verified_interview_subset","reported_caste",537,529,486,0.918714555765596
181,"feature_corrected","verified_interview_subset","broad_caste",537,529,487,0.920604914933837
181,"feature_corrected","verified_interview_men","reported_caste",259,255,229,0.898039215686275
181,"feature_corrected","verified_interview_men","broad_caste",259,255,229,0.898039215686275
182,"original","full_market","reported_caste",8038,7655,5916,0.772828216851731
182,"original","full_market","broad_caste",8038,7655,5933,0.77504898758981
182,"original","verified_interview_subset","reported_caste",523,510,401,0.786274509803922
182,"original","verified_interview_subset","broad_caste",523,510,402,0.788235294117647
182,"original","verified_interview_men","reported_caste",259,252,188,0.746031746031746
182,"original","verified_interview_men","broad_caste",259,252,188,0.746031746031746
182,"feature_corrected","full_market","reported_caste",8038,7631,5683,0.744725461931595
182,"feature_corrected","full_market","broad_caste",8038,7631,5701,0.74708426156467
182,"feature_corrected","verified_interview_subset","reported_caste",517,497,376,0.756539235412475
182,"feature_corrected","verified_interview_subset","broad_caste",517,497,376,0.756539235412475
182,"feature_corrected","verified_interview_men","reported_caste",259,246,176,0.715447154471545
182,"feature_corrected","verified_interview_men","broad_caste",259,246,176,0.715447154471545
183,"original","full_market","reported_caste",8038,7671,6970,0.908616868726372
183,"original","full_market","broad_caste",8038,7671,6995,0.911875896232564
183,"original","verified_interview_subset","reported_caste",533,521,476,0.91362763915547
183,"original","verified_interview_subset","broad_caste",533,521,478,0.91746641074856
183,"original","verified_interview_men","reported_caste",259,251,220,0.876494023904382
183,"original","verified_interview_men","broad_caste",259,251,222,0.884462151394422
183,"feature_corrected","full_market","reported_caste",8038,7646,6610,0.864504315982213
183,"feature_corrected","full_market","broad_caste",8038,7646,6633,0.867512424797279
183,"feature_corrected","verified_interview_subset","reported_caste",540,518,450,0.868725868725869
183,"feature_corrected","verified_interview_subset","broad_caste",540,518,450,0.868725868725869
183,"feature_corrected","verified_interview_men","reported_caste",259,247,202,0.817813765182186
183,"feature_corrected","verified_interview_men","broad_caste",259,247,202,0.817813765182186
184,"original","full_market","reported_caste",8038,7752,6515,0.840428276573787
184,"original","full_market","broad_caste",8038,7752,6532,0.842621259029928
184,"original","verified_interview_subset","reported_caste",525,515,442,0.858252427184466
184,"original","verified_interview_subset","broad_caste",525,515,443,0.860194174757282
184,"original","verified_interview_men","reported_caste",259,252,203,0.805555555555556
184,"original","verified_interview_men","broad_caste",259,252,204,0.80952380952381
184,"feature_corrected","full_market","reported_caste",8038,7737,5918,0.76489595450433
184,"feature_corrected","full_market","broad_caste",8038,7737,5921,0.765283701693162
184,"feature_corrected","verified_interview_subset","reported_caste",527,516,393,0.761627906976744
184,"feature_corrected","verified_interview_subset","broad_caste",527,516,393,0.761627906976744
184,"feature_corrected","verified_interview_men","reported_caste",259,251,181,0.721115537848605
184,"feature_corrected","verified_interview_men","broad_caste",259,251,181,0.721115537848605
185,"original","full_market","reported_caste",8038,7783,7543,0.969163561608634
185,"original","full_market","broad_caste",8038,7783,7570,0.972632660927663
185,"original","verified_interview_subset","reported_caste",536,528,515,0.975378787878788
185,"original","verified_interview_subset","broad_caste",536,528,516,0.977272727272727
185,"original","verified_interview_men","reported_caste",259,254,246,0.968503937007874
185,"original","verified_interview_men","broad_caste",259,254,246,0.968503937007874
185,"feature_corrected","full_market","reported_caste",8038,7796,7472,0.958440225756798
185,"feature_corrected","full_market","broad_caste",8038,7796,7502,0.962288353001539
185,"feature_corrected","verified_interview_subset","reported_caste",535,528,509,0.964015151515152
185,"feature_corrected","verified_interview_subset","broad_caste",535,528,509,0.964015151515152
185,"feature_corrected","verified_interview_men","reported_caste",259,255,244,0.956862745098039
185,"feature_corrected","verified_interview_men","broad_caste",259,255,244,0.956862745098039
186,"original","full_market","reported_caste",8038,7702,7337,0.952609711763178
186,"original","full_market","broad_caste",8038,7702,7364,0.956115294728642
186,"original","verified_interview_subset","reported_caste",538,527,503,0.954459203036053
186,"original","verified_interview_subset","broad_caste",538,527,507,0.962049335863378
186,"original","verified_interview_men","reported_caste",259,251,236,0.940239043824701
186,"original","verified_interview_men","broad_caste",259,251,238,0.948207171314741
186,"feature_corrected","full_market","reported_caste",8038,7690,7132,0.927438231469441
186,"feature_corrected","full_market","broad_caste",8038,7690,7146,0.92925877763329
186,"feature_corrected","verified_interview_subset","reported_caste",533,519,481,0.926782273603083
186,"feature_corrected","verified_interview_subset","broad_caste",533,519,481,0.926782273603083
186,"feature_corrected","verified_interview_men","reported_caste",259,250,229,0.916
186,"feature_corrected","verified_interview_men","broad_caste",259,250,229,0.916
187,"original","full_market","reported_caste",8038,7701,6544,0.849759771458252
187,"original","full_market","broad_caste",8038,7701,6557,0.851447863913778
187,"original","verified_interview_subset","reported_caste",518,508,435,0.856299212598425
187,"original","verified_interview_subset","broad_caste",518,508,436,0.858267716535433
187,"original","verified_interview_men","reported_caste",259,253,205,0.810276679841897
187,"original","verified_interview_men","broad_caste",259,253,206,0.814229249011858
187,"feature_corrected","full_market","reported_caste",8038,7704,6606,0.857476635514019
187,"feature_corrected","full_market","broad_caste",8038,7704,6624,0.859813084112149
187,"feature_corrected","verified_interview_subset","reported_caste",526,517,448,0.866537717601547
187,"feature_corrected","verified_interview_subset","broad_caste",526,517,450,0.870406189555126
187,"feature_corrected","verified_interview_men","reported_caste",259,253,211,0.83399209486166
187,"feature_corrected","verified_interview_men","broad_caste",259,253,213,0.841897233201581
188,"original","full_market","reported_caste",8038,7634,6740,0.882892323814514
188,"original","full_market","broad_caste",8038,7634,6772,0.887084097458737
188,"original","verified_interview_subset","reported_caste",534,518,461,0.88996138996139
188,"original","verified_interview_subset","broad_caste",534,518,464,0.895752895752896
188,"original","verified_interview_men","reported_caste",259,250,213,0.852
188,"original","verified_interview_men","broad_caste",259,250,215,0.86
188,"feature_corrected","full_market","reported_caste",8038,7637,6800,0.890401990310332
188,"feature_corrected","full_market","broad_caste",8038,7637,6830,0.89433023438523
188,"feature_corrected","verified_interview_subset","reported_caste",530,513,453,0.883040935672515
188,"feature_corrected","verified_interview_subset","broad_caste",530,513,455,0.886939571150097
188,"feature_corrected","verified_interview_men","reported_caste",259,247,215,0.870445344129555
188,"feature_corrected","verified_interview_men","broad_caste",259,247,216,0.874493927125506
189,"original","full_market","reported_caste",8038,7773,7583,0.975556413225267
189,"original","full_market","broad_caste",8038,7773,7638,0.982632188344268
189,"original","verified_interview_subset","reported_caste",540,531,523,0.984934086629002
189,"original","verified_interview_subset","broad_caste",540,531,525,0.988700564971751
189,"original","verified_interview_men","reported_caste",259,252,248,0.984126984126984
189,"original","verified_interview_men","broad_caste",259,252,249,0.988095238095238
189,"feature_corrected","full_market","reported_caste",8038,7781,7571,0.973011181082123
189,"feature_corrected","full_market","broad_caste",8038,7781,7617,0.978923017606991
189,"feature_corrected","verified_interview_subset","reported_caste",543,533,525,0.984990619136961
189,"feature_corrected","verified_interview_subset","broad_caste",543,533,526,0.986866791744841
189,"feature_corrected","verified_interview_men","reported_caste",259,252,248,0.984126984126984
189,"feature_corrected","verified_interview_men","broad_caste",259,252,249,0.988095238095238
190,"original","full_market","reported_caste",8038,7700,6787,0.881428571428571
190,"original","full_market","broad_caste",8038,7700,6817,0.885324675324676
190,"original","verified_interview_subset","reported_caste",537,523,465,0.889101338432122
190,"original","verified_interview_subset","broad_caste",537,523,466,0.891013384321224
190,"original","verified_interview_men","reported_caste",259,248,206,0.830645161290323
190,"original","verified_interview_men","broad_caste",259,248,207,0.834677419354839
190,"feature_corrected","full_market","reported_caste",8038,7697,6809,0.884630375470963
190,"feature_corrected","full_market","broad_caste",8038,7697,6843,0.889047680914642
190,"feature_corrected","verified_interview_subset","reported_caste",535,525,463,0.881904761904762
190,"feature_corrected","verified_interview_subset","broad_caste",535,525,465,0.885714285714286
190,"feature_corrected","verified_interview_men","reported_caste",259,252,214,0.849206349206349
190,"feature_corrected","verified_interview_men","broad_caste",259,252,216,0.857142857142857
191,"original","full_market","reported_caste",8038,7673,7198,0.9380946174899
191,"original","full_market","broad_caste",8038,7673,7216,0.94044050566923
191,"original","verified_interview_subset","reported_caste",535,522,491,0.940613026819923
191,"original","verified_interview_subset","broad_caste",535,522,492,0.942528735632184
191,"original","verified_interview_men","reported_caste",259,250,234,0.936
191,"original","verified_interview_men","broad_caste",259,250,234,0.936
191,"feature_corrected","full_market","reported_caste",8038,7625,6414,0.841180327868852
191,"feature_corrected","full_market","broad_caste",8038,7625,6435,0.843934426229508
191,"feature_corrected","verified_interview_subset","reported_caste",522,503,422,0.8389662027833
191,"feature_corrected","verified_interview_subset","broad_caste",522,503,422,0.8389662027833
191,"feature_corrected","verified_interview_men","reported_caste",259,247,202,0.817813765182186
191,"feature_corrected","verified_interview_men","broad_caste",259,247,202,0.817813765182186
192,"original","full_market","reported_caste",8038,7790,7315,0.939024390243902
192,"original","full_market","broad_caste",8038,7790,7348,0.943260590500642
192,"original","verified_interview_subset","reported_caste",528,519,490,0.94412331406551
192,"original","verified_interview_subset","broad_caste",528,519,493,0.94990366088632
192,"original","verified_interview_men","reported_caste",259,253,238,0.940711462450593
192,"original","verified_interview_men","broad_caste",259,253,238,0.940711462450593
192,"feature_corrected","full_market","reported_caste",8038,7801,7352,0.942443276503012
192,"feature_corrected","full_market","broad_caste",8038,7801,7371,0.944878861684399
192,"feature_corrected","verified_interview_subset","reported_caste",527,520,490,0.942307692307692
192,"feature_corrected","verified_interview_subset","broad_caste",527,520,493,0.948076923076923
192,"feature_corrected","verified_interview_men","reported_caste",259,254,237,0.933070866141732
192,"feature_corrected","verified_interview_men","broad_caste",259,254,240,0.94488188976378
193,"original","full_market","reported_caste",8038,7696,7418,0.963877338877339
193,"original","full_market","broad_caste",8038,7696,7432,0.965696465696466
193,"original","verified_interview_subset","reported_caste",536,520,505,0.971153846153846
193,"original","verified_interview_subset","broad_caste",536,520,505,0.971153846153846
193,"original","verified_interview_men","reported_caste",259,251,240,0.956175298804781
193,"original","verified_interview_men","broad_caste",259,251,240,0.956175298804781
193,"feature_corrected","full_market","reported_caste",8038,7693,7184,0.933835954764071
193,"feature_corrected","full_market","broad_caste",8038,7693,7211,0.9373456388925
193,"feature_corrected","verified_interview_subset","reported_caste",536,522,484,0.9272030651341
193,"feature_corrected","verified_interview_subset","broad_caste",536,522,486,0.931034482758621
193,"feature_corrected","verified_interview_men","reported_caste",259,251,227,0.904382470119522
193,"feature_corrected","verified_interview_men","broad_caste",259,251,228,0.908366533864542
194,"original","full_market","reported_caste",8038,7738,7391,0.955156371155337
194,"original","full_market","broad_caste",8038,7738,7434,0.960713362626001
194,"original","verified_interview_subset","reported_caste",536,528,498,0.943181818181818
194,"original","verified_interview_subset","broad_caste",536,528,501,0.948863636363636
194,"original","verified_interview_men","reported_caste",259,254,240,0.944881889763779
194,"original","verified_interview_men","broad_caste",259,254,240,0.944881889763779
194,"feature_corrected","full_market","reported_caste",8038,7694,6813,0.885495191057967
194,"feature_corrected","full_market","broad_caste",8038,7694,6847,0.889914218871848
194,"feature_corrected","verified_interview_subset","reported_caste",529,516,458,0.887596899224806
194,"feature_corrected","verified_interview_subset","broad_caste",529,516,458,0.887596899224806
194,"feature_corrected","verified_interview_men","reported_caste",259,250,222,0.888
194,"feature_corrected","verified_interview_men","broad_caste",259,250,222,0.888
195,"original","full_market","reported_caste",8038,7678,7563,0.9850221411826
195,"original","full_market","broad_caste",8038,7678,7602,0.990101588955457
195,"original","verified_interview_subset","reported_caste",537,524,514,0.980916030534351
195,"original","verified_interview_subset","broad_caste",537,524,517,0.986641221374046
195,"original","verified_interview_men","reported_caste",259,250,244,0.976
195,"original","verified_interview_men","broad_caste",259,250,246,0.984
195,"feature_corrected","full_market","reported_caste",8038,7671,7377,0.96167383652718
195,"feature_corrected","full_market","broad_caste",8038,7671,7401,0.964802502933125
195,"feature_corrected","verified_interview_subset","reported_caste",538,523,498,0.952198852772467
195,"feature_corrected","verified_interview_subset","broad_caste",538,523,500,0.956022944550669
195,"feature_corrected","verified_interview_men","reported_caste",259,249,237,0.951807228915663
195,"feature_corrected","verified_interview_men","broad_caste",259,249,238,0.955823293172691
196,"original","full_market","reported_caste",8038,7796,7629,0.978578758337609
196,"original","full_market","broad_caste",8038,7796,7658,0.982298614674192
196,"original","verified_interview_subset","reported_caste",548,543,540,0.994475138121547
196,"original","verified_interview_subset","broad_caste",548,543,542,0.998158379373849
196,"original","verified_interview_men","reported_caste",259,256,254,0.9921875
196,"original","verified_interview_men","broad_caste",259,256,255,0.99609375
196,"feature_corrected","full_market","reported_caste",8038,7789,7648,0.981897547823854
196,"feature_corrected","full_market","broad_caste",8038,7789,7678,0.985749133393247
196,"feature_corrected","verified_interview_subset","reported_caste",543,537,531,0.988826815642458
196,"feature_corrected","verified_interview_subset","broad_caste",543,537,532,0.990689013035382
196,"feature_corrected","verified_interview_men","reported_caste",259,256,252,0.984375
196,"feature_corrected","verified_interview_men","broad_caste",259,256,253,0.98828125
197,"original","full_market","reported_caste",8038,7787,7657,0.98330550918197
197,"original","full_market","broad_caste",8038,7787,7706,0.989598048028766
197,"original","verified_interview_subset","reported_caste",544,539,528,0.979591836734694
197,"original","verified_interview_subset","broad_caste",544,539,532,0.987012987012987
197,"original","verified_interview_men","reported_caste",259,255,250,0.980392156862745
197,"original","verified_interview_men","broad_caste",259,255,251,0.984313725490196
197,"feature_corrected","full_market","reported_caste",8038,7789,7650,0.982154320195147
197,"feature_corrected","full_market","broad_caste",8038,7789,7683,0.986391064321479
197,"feature_corrected","verified_interview_subset","reported_caste",551,545,532,0.976146788990826
197,"feature_corrected","verified_interview_subset","broad_caste",551,545,534,0.979816513761468
197,"feature_corrected","verified_interview_men","reported_caste",259,254,250,0.984251968503937
197,"feature_corrected","verified_interview_men","broad_caste",259,254,250,0.984251968503937
198,"original","full_market","reported_caste",8038,7731,6653,0.860561376277325
198,"original","full_market","broad_caste",8038,7731,6666,0.862242918121847
198,"original","verified_interview_subset","reported_caste",541,530,462,0.871698113207547
198,"original","verified_interview_subset","broad_caste",541,530,462,0.871698113207547
198,"original","verified_interview_men","reported_caste",259,253,208,0.822134387351779
198,"original","verified_interview_men","broad_caste",259,253,208,0.822134387351779
198,"feature_corrected","full_market","reported_caste",8038,7706,6432,0.834674279781988
198,"feature_corrected","full_market","broad_caste",8038,7706,6448,0.83675058396055
198,"feature_corrected","verified_interview_subset","reported_caste",530,517,434,0.839458413926499
198,"feature_corrected","verified_interview_subset","broad_caste",530,517,434,0.839458413926499
198,"feature_corrected","verified_interview_men","reported_caste",259,251,198,0.788844621513944
198,"feature_corrected","verified_interview_men","broad_caste",259,251,198,0.788844621513944
199,"original","full_market","reported_caste",8038,7761,7679,0.989434351243397
199,"original","full_market","broad_caste",8038,7761,7697,0.991753639994846
199,"original","verified_interview_subset","reported_caste",542,533,531,0.99624765478424
199,"original","verified_interview_subset","broad_caste",542,533,532,0.99812382739212
199,"original","verified_interview_men","reported_caste",259,252,251,0.996031746031746
199,"original","verified_interview_men","broad_caste",259,252,251,0.996031746031746
199,"feature_corrected","full_market","reported_caste",8038,7770,7534,0.96962676962677
199,"feature_corrected","full_market","broad_caste",8038,7770,7544,0.97091377091377
199,"feature_corrected","verified_interview_subset","reported_caste",542,535,523,0.977570093457944
199,"feature_corrected","verified_interview_subset","broad_caste",542,535,523,0.977570093457944
199,"feature_corrected","verified_interview_men","reported_caste",259,254,252,0.992125984251969
199,"feature_corrected","verified_interview_men","broad_caste",259,254,252,0.992125984251969
200,"original","full_market","reported_caste",8038,7691,6705,0.871798205694968
200,"original","full_market","broad_caste",8038,7691,6718,0.873488493043817
200,"original","verified_interview_subset","reported_caste",533,516,448,0.868217054263566
200,"original","verified_interview_subset","broad_caste",533,516,449,0.87015503875969
200,"original","verified_interview_men","reported_caste",259,252,213,0.845238095238095
200,"original","verified_interview_men","broad_caste",259,252,213,0.845238095238095
200,"feature_corrected","full_market","reported_caste",8038,7673,6609,0.861331943177375
200,"feature_corrected","full_market","broad_caste",8038,7673,6626,0.863547504235632
200,"feature_corrected","verified_interview_subset","reported_caste",537,519,454,0.8747591522158
200,"feature_corrected","verified_interview_subset","broad_caste",537,519,454,0.8747591522158
200,"feature_corrected","verified_interview_men","reported_caste",259,250,211,0.844
200,"feature_corrected","verified_interview_men","broad_caste",259,250,211,0.844
201,"original","full_market","reported_caste",8038,7673,7476,0.974325557148443
201,"original","full_market","broad_caste",8038,7673,7519,0.97992962335462
201,"original","verified_interview_subset","reported_caste",538,517,505,0.97678916827853
201,"original","verified_interview_subset","broad_caste",538,517,507,0.980657640232108
201,"original","verified_interview_men","reported_caste",259,244,239,0.979508196721312
201,"original","verified_interview_men","broad_caste",259,244,239,0.979508196721312
201,"feature_corrected","full_market","reported_caste",8038,7671,7321,0.95437361491331
201,"feature_corrected","full_market","broad_caste",8038,7671,7353,0.958545170121236
201,"feature_corrected","verified_interview_subset","reported_caste",528,512,488,0.953125
201,"feature_corrected","verified_interview_subset","broad_caste",528,512,489,0.955078125
201,"feature_corrected","verified_interview_men","reported_caste",259,249,237,0.951807228915663
201,"feature_corrected","verified_interview_men","broad_caste",259,249,237,0.951807228915663
202,"original","full_market","reported_caste",8038,7687,7584,0.986600754520619
202,"original","full_market","broad_caste",8038,7687,7598,0.98842201118772
202,"original","verified_interview_subset","reported_caste",543,528,516,0.977272727272727
202,"original","verified_interview_subset","broad_caste",543,528,517,0.979166666666667
202,"original","verified_interview_men","reported_caste",259,248,244,0.983870967741935
202,"original","verified_interview_men","broad_caste",259,248,244,0.983870967741935
202,"feature_corrected","full_market","reported_caste",8038,7683,7567,0.984901731094625
202,"feature_corrected","full_market","broad_caste",8038,7683,7577,0.98620330600026
202,"feature_corrected","verified_interview_subset","reported_caste",547,527,520,0.986717267552182
202,"feature_corrected","verified_interview_subset","broad_caste",547,527,520,0.986717267552182
202,"feature_corrected","verified_interview_men","reported_caste",259,247,242,0.979757085020243
202,"feature_corrected","verified_interview_men","broad_caste",259,247,242,0.979757085020243
203,"original","full_market","reported_caste",8038,7683,6961,0.906026291813094
203,"original","full_market","broad_caste",8038,7683,6986,0.909280229077184
203,"original","verified_interview_subset","reported_caste",531,518,477,0.920849420849421
203,"original","verified_interview_subset","broad_caste",531,518,481,0.928571428571428
203,"original","verified_interview_men","reported_caste",259,252,231,0.916666666666667
203,"original","verified_interview_men","broad_caste",259,252,234,0.928571428571428
203,"feature_corrected","full_market","reported_caste",8038,7658,6794,0.887176808566205
203,"feature_corrected","full_market","broad_caste",8038,7658,6821,0.890702533298511
203,"feature_corrected","verified_interview_subset","reported_caste",538,523,477,0.912045889101339
203,"feature_corrected","verified_interview_subset","broad_caste",538,523,478,0.91395793499044
203,"feature_corrected","verified_interview_men","reported_caste",259,252,225,0.892857142857143
203,"feature_corrected","verified_interview_men","broad_caste",259,252,226,0.896825396825397
204,"original","full_market","reported_caste",8038,7798,6527,0.837009489612721
204,"original","full_market","broad_caste",8038,7798,6556,0.840728391895358
204,"original","verified_interview_subset","reported_caste",528,522,428,0.81992337164751
204,"original","verified_interview_subset","broad_caste",528,522,429,0.82183908045977
204,"original","verified_interview_men","reported_caste",259,256,197,0.76953125
204,"original","verified_interview_men","broad_caste",259,256,198,0.7734375
204,"feature_corrected","full_market","reported_caste",8038,7800,6275,0.80448717948718
204,"feature_corrected","full_market","broad_caste",8038,7800,6307,0.808589743589744
204,"feature_corrected","verified_interview_subset","reported_caste",530,523,415,0.793499043977055
204,"feature_corrected","verified_interview_subset","broad_caste",530,523,416,0.795411089866157
204,"feature_corrected","verified_interview_men","reported_caste",259,254,191,0.751968503937008
204,"feature_corrected","verified_interview_men","broad_caste",259,254,192,0.755905511811024
205,"original","full_market","reported_caste",8038,7710,6891,0.893774319066148
205,"original","full_market","broad_caste",8038,7710,6918,0.897276264591439
205,"original","verified_interview_subset","reported_caste",531,516,459,0.88953488372093
205,"original","verified_interview_subset","broad_caste",531,516,460,0.891472868217054
205,"original","verified_interview_men","reported_caste",259,250,216,0.864
205,"original","verified_interview_men","broad_caste",259,250,217,0.868
205,"feature_corrected","full_market","reported_caste",8038,7697,6880,0.893854748603352
205,"feature_corrected","full_market","broad_caste",8038,7697,6904,0.896972846563596
205,"feature_corrected","verified_interview_subset","reported_caste",529,515,459,0.89126213592233
205,"feature_corrected","verified_interview_subset","broad_caste",529,515,460,0.893203883495146
205,"feature_corrected","verified_interview_men","reported_caste",259,250,215,0.86
205,"feature_corrected","verified_interview_men","broad_caste",259,250,215,0.86
206,"original","full_market","reported_caste",8038,7800,6521,0.83602564102564
206,"original","full_market","broad_caste",8038,7800,6586,0.844358974358974
206,"original","verified_interview_subset","reported_caste",529,522,443,0.848659003831418
206,"original","verified_interview_subset","broad_caste",529,522,448,0.85823754789272
206,"original","verified_interview_men","reported_caste",259,254,208,0.818897637795276
206,"original","verified_interview_men","broad_caste",259,254,210,0.826771653543307
206,"feature_corrected","full_market","reported_caste",8038,7791,5958,0.764728532922603
206,"feature_corrected","full_market","broad_caste",8038,7791,6002,0.770376074958285
206,"feature_corrected","verified_interview_subset","reported_caste",519,512,402,0.78515625
206,"feature_corrected","verified_interview_subset","broad_caste",519,512,405,0.791015625
206,"feature_corrected","verified_interview_men","reported_caste",259,254,189,0.744094488188976
206,"feature_corrected","verified_interview_men","broad_caste",259,254,191,0.751968503937008
207,"original","full_market","reported_caste",8038,7700,6820,0.885714285714285
207,"original","full_market","broad_caste",8038,7700,6849,0.88948051948052
207,"original","verified_interview_subset","reported_caste",532,517,465,0.899419729206963
207,"original","verified_interview_subset","broad_caste",532,517,467,0.903288201160542
207,"original","verified_interview_men","reported_caste",259,250,216,0.864
207,"original","verified_interview_men","broad_caste",259,250,217,0.868
207,"feature_corrected","full_market","reported_caste",8038,7693,6886,0.895099441050305
207,"feature_corrected","full_market","broad_caste",8038,7693,6909,0.898089171974522
207,"feature_corrected","verified_interview_subset","reported_caste",531,518,467,0.901544401544402
207,"feature_corrected","verified_interview_subset","broad_caste",531,518,467,0.901544401544402
207,"feature_corrected","verified_interview_men","reported_caste",259,251,218,0.868525896414343
207,"feature_corrected","verified_interview_men","broad_caste",259,251,218,0.868525896414343
208,"original","full_market","reported_caste",8038,7812,6840,0.875576036866359
208,"original","full_market","broad_caste",8038,7812,6855,0.877496159754224
208,"original","verified_interview_subset","reported_caste",535,528,464,0.878787878787879
208,"original","verified_interview_subset","broad_caste",535,528,467,0.884469696969697
208,"original","verified_interview_men","reported_caste",259,255,212,0.831372549019608
208,"original","verified_interview_men","broad_caste",259,255,213,0.835294117647059
208,"feature_corrected","full_market","reported_caste",8038,7791,6560,0.841997176228982
208,"feature_corrected","full_market","broad_caste",8038,7791,6564,0.842510589141317
208,"feature_corrected","verified_interview_subset","reported_caste",533,527,449,0.851992409867173
208,"feature_corrected","verified_interview_subset","broad_caste",533,527,449,0.851992409867173
208,"feature_corrected","verified_interview_men","reported_caste",259,255,207,0.811764705882353
208,"feature_corrected","verified_interview_men","broad_caste",259,255,207,0.811764705882353
209,"original","full_market","reported_caste",8038,7701,6681,0.867549668874172
209,"original","full_market","broad_caste",8038,7701,6701,0.870146734190365
209,"original","verified_interview_subset","reported_caste",538,524,460,0.877862595419847
209,"original","verified_interview_subset","broad_caste",538,524,461,0.879770992366412
209,"original","verified_interview_men","reported_caste",259,251,209,0.832669322709163
209,"original","verified_interview_men","broad_caste",259,251,209,0.832669322709163
209,"feature_corrected","full_market","reported_caste",8038,7667,6508,0.848832659449589
209,"feature_corrected","full_market","broad_caste",8038,7667,6528,0.851441241685144
209,"feature_corrected","verified_interview_subset","reported_caste",537,522,445,0.852490421455939
209,"feature_corrected","verified_interview_subset","broad_caste",537,522,446,0.854406130268199
209,"feature_corrected","verified_interview_men","reported_caste",259,250,197,0.788
209,"feature_corrected","verified_interview_men","broad_caste",259,250,197,0.788
210,"original","full_market","reported_caste",8038,7789,7528,0.966491205546283
210,"original","full_market","broad_caste",8038,7789,7536,0.967518295031455
210,"original","verified_interview_subset","reported_caste",537,530,514,0.969811320754717
210,"original","verified_interview_subset","broad_caste",537,530,514,0.969811320754717
210,"original","verified_interview_men","reported_caste",259,255,245,0.96078431372549
210,"original","verified_interview_men","broad_caste",259,255,245,0.96078431372549
210,"feature_corrected","full_market","reported_caste",8038,7784,7563,0.971608427543679
210,"feature_corrected","full_market","broad_caste",8038,7784,7573,0.972893114080164
210,"feature_corrected","verified_interview_subset","reported_caste",546,541,527,0.974121996303142
210,"feature_corrected","verified_interview_subset","broad_caste",546,541,528,0.975970425138632
210,"feature_corrected","verified_interview_men","reported_caste",259,256,248,0.96875
210,"feature_corrected","verified_interview_men","broad_caste",259,256,248,0.96875
211,"original","full_market","reported_caste",8038,7723,7480,0.968535543182701
211,"original","full_market","broad_caste",8038,7723,7493,0.970218826880746
211,"original","verified_interview_subset","reported_caste",537,522,501,0.959770114942529
211,"original","verified_interview_subset","broad_caste",537,522,502,0.961685823754789
211,"original","verified_interview_men","reported_caste",259,251,237,0.944223107569721
211,"original","verified_interview_men","broad_caste",259,251,237,0.944223107569721
211,"feature_corrected","full_market","reported_caste",8038,7716,7168,0.928978745463971
211,"feature_corrected","full_market","broad_caste",8038,7716,7177,0.930145152928979
211,"feature_corrected","verified_interview_subset","reported_caste",530,519,468,0.901734104046243
211,"feature_corrected","verified_interview_subset","broad_caste",530,519,469,0.903660886319846
211,"feature_corrected","verified_interview_men","reported_caste",259,252,221,0.876984126984127
211,"feature_corrected","verified_interview_men","broad_caste",259,252,222,0.880952380952381
212,"original","full_market","reported_caste",8038,7678,6842,0.891117478510028
212,"original","full_market","broad_caste",8038,7678,6866,0.894243292524095
212,"original","verified_interview_subset","reported_caste",538,525,476,0.906666666666667
212,"original","verified_interview_subset","broad_caste",538,525,479,0.912380952380952
212,"original","verified_interview_men","reported_caste",259,252,222,0.880952380952381
212,"original","verified_interview_men","broad_caste",259,252,224,0.888888888888889
212,"feature_corrected","full_market","reported_caste",8038,7658,6582,0.859493340297728
212,"feature_corrected","full_market","broad_caste",8038,7658,6617,0.864063724209976
212,"feature_corrected","verified_interview_subset","reported_caste",534,512,450,0.87890625
212,"feature_corrected","verified_interview_subset","broad_caste",534,512,450,0.87890625
212,"feature_corrected","verified_interview_men","reported_caste",259,247,216,0.874493927125506
212,"feature_corrected","verified_interview_men","broad_caste",259,247,216,0.874493927125506
213,"original","full_market","reported_caste",8038,7769,7257,0.934097052387694
213,"original","full_market","broad_caste",8038,7769,7273,0.93615651950058
213,"original","verified_interview_subset","reported_caste",542,534,500,0.936329588014981
213,"original","verified_interview_subset","broad_caste",542,534,501,0.938202247191011
213,"original","verified_interview_men","reported_caste",259,253,232,0.91699604743083
213,"original","verified_interview_men","broad_caste",259,253,233,0.92094861660079
213,"feature_corrected","full_market","reported_caste",8038,7785,7118,0.914322414900449
213,"feature_corrected","full_market","broad_caste",8038,7785,7131,0.915992292870905
213,"feature_corrected","verified_interview_subset","reported_caste",534,528,491,0.929924242424243
213,"feature_corrected","verified_interview_subset","broad_caste",534,528,491,0.929924242424243
213,"feature_corrected","verified_interview_men","reported_caste",259,255,231,0.905882352941177
213,"feature_corrected","verified_interview_men","broad_caste",259,255,231,0.905882352941177
214,"original","full_market","reported_caste",8038,7696,6634,0.862006237006237
214,"original","full_market","broad_caste",8038,7696,6663,0.865774428274429
214,"original","verified_interview_subset","reported_caste",546,535,469,0.876635514018692
214,"original","verified_interview_subset","broad_caste",546,535,469,0.876635514018692
214,"original","verified_interview_men","reported_caste",259,254,216,0.850393700787402
214,"original","verified_interview_men","broad_caste",259,254,216,0.850393700787402
214,"feature_corrected","full_market","reported_caste",8038,7677,6135,0.799140289175459
214,"feature_corrected","full_market","broad_caste",8038,7677,6162,0.802657288003127
214,"feature_corrected","verified_interview_subset","reported_caste",534,520,418,0.803846153846154
214,"feature_corrected","verified_interview_subset","broad_caste",534,520,419,0.805769230769231
214,"feature_corrected","verified_interview_men","reported_caste",259,251,199,0.792828685258964
214,"feature_corrected","verified_interview_men","broad_caste",259,251,199,0.792828685258964
215,"original","full_market","reported_caste",8038,7699,7525,0.977399662293804
215,"original","full_market","broad_caste",8038,7699,7567,0.982854916222886
215,"original","verified_interview_subset","reported_caste",539,527,516,0.979127134724858
215,"original","verified_interview_subset","broad_caste",539,527,519,0.984819734345351
215,"original","verified_interview_men","reported_caste",259,249,245,0.983935742971888
215,"original","verified_interview_men","broad_caste",259,249,247,0.991967871485944
215,"feature_corrected","full_market","reported_caste",8038,7701,7473,0.970393455395403
215,"feature_corrected","full_market","broad_caste",8038,7701,7502,0.974159200103883
215,"feature_corrected","verified_interview_subset","reported_caste",530,514,499,0.970817120622568
215,"feature_corrected","verified_interview_subset","broad_caste",530,514,499,0.970817120622568
215,"feature_corrected","verified_interview_men","reported_caste",259,248,241,0.971774193548387
215,"feature_corrected","verified_interview_men","broad_caste",259,248,241,0.971774193548387
216,"original","full_market","reported_caste",8038,7704,7201,0.934709241952232
216,"original","full_market","broad_caste",8038,7704,7215,0.936526479750779
216,"original","verified_interview_subset","reported_caste",534,521,492,0.944337811900192
216,"original","verified_interview_subset","broad_caste",534,521,492,0.944337811900192
216,"original","verified_interview_men","reported_caste",259,250,234,0.936
216,"original","verified_interview_men","broad_caste",259,250,234,0.936
216,"feature_corrected","full_market","reported_caste",8038,7706,7214,0.936153646509213
216,"feature_corrected","full_market","broad_caste",8038,7706,7225,0.937581105631975
216,"feature_corrected","verified_interview_subset","reported_caste",527,510,482,0.945098039215686
216,"feature_corrected","verified_interview_subset","broad_caste",527,510,482,0.945098039215686
216,"feature_corrected","verified_interview_men","reported_caste",259,248,233,0.939516129032258
216,"feature_corrected","verified_interview_men","broad_caste",259,248,233,0.939516129032258
217,"original","full_market","reported_caste",8038,7708,7363,0.955241307732226
217,"original","full_market","broad_caste",8038,7708,7386,0.958225220550078
217,"original","verified_interview_subset","reported_caste",544,533,510,0.956848030018762
217,"original","verified_interview_subset","broad_caste",544,533,512,0.960600375234522
217,"original","verified_interview_men","reported_caste",259,253,241,0.952569169960474
217,"original","verified_interview_men","broad_caste",259,253,242,0.956521739130435
217,"feature_corrected","full_market","reported_caste",8038,7701,6841,0.888326191403714
217,"feature_corrected","full_market","broad_caste",8038,7701,6876,0.892871055707051
217,"feature_corrected","verified_interview_subset","reported_caste",550,538,477,0.886617100371747
217,"feature_corrected","verified_interview_subset","broad_caste",550,538,479,0.890334572490706
217,"feature_corrected","verified_interview_men","reported_caste",259,253,219,0.865612648221344
217,"feature_corrected","verified_interview_men","broad_caste",259,253,221,0.873517786561265
218,"original","full_market","reported_caste",8038,7725,7174,0.928673139158576
218,"original","full_market","broad_caste",8038,7725,7194,0.93126213592233
218,"original","verified_interview_subset","reported_caste",537,525,499,0.95047619047619
218,"original","verified_interview_subset","broad_caste",537,525,501,0.954285714285714
218,"original","verified_interview_men","reported_caste",259,251,236,0.940239043824701
218,"original","verified_interview_men","broad_caste",259,251,238,0.948207171314741
218,"feature_corrected","full_market","reported_caste",8038,7714,7049,0.913793103448275
218,"feature_corrected","full_market","broad_caste",8038,7714,7067,0.916126523204563
218,"feature_corrected","verified_interview_subset","reported_caste",536,528,482,0.912878787878788
218,"feature_corrected","verified_interview_subset","broad_caste",536,528,484,0.916666666666667
218,"feature_corrected","verified_interview_men","reported_caste",259,253,227,0.897233201581028
218,"feature_corrected","verified_interview_men","broad_caste",259,253,228,0.901185770750988
219,"original","full_market","reported_caste",8038,7730,7321,0.947089262613195
219,"original","full_market","broad_caste",8038,7730,7339,0.949417852522639
219,"original","verified_interview_subset","reported_caste",539,533,508,0.953095684803002
219,"original","verified_interview_subset","broad_caste",539,533,508,0.953095684803002
219,"original","verified_interview_men","reported_caste",259,255,241,0.945098039215686
219,"original","verified_interview_men","broad_caste",259,255,241,0.945098039215686
219,"feature_corrected","full_market","reported_caste",8038,7689,6900,0.897385875926648
219,"feature_corrected","full_market","broad_caste",8038,7689,6920,0.899986994407595
219,"feature_corrected","verified_interview_subset","reported_caste",544,533,485,0.909943714821764
219,"feature_corrected","verified_interview_subset","broad_caste",544,533,486,0.911819887429643
219,"feature_corrected","verified_interview_men","reported_caste",259,253,227,0.897233201581028
219,"feature_corrected","verified_interview_men","broad_caste",259,253,228,0.901185770750988
220,"original","full_market","reported_caste",8038,7715,7277,0.943227478937135
220,"original","full_market","broad_caste",8038,7715,7376,0.956059624108879
220,"original","verified_interview_subset","reported_caste",536,521,488,0.936660268714011
220,"original","verified_interview_subset","broad_caste",536,521,497,0.953934740882918
220,"original","verified_interview_men","reported_caste",259,251,233,0.928286852589641
220,"original","verified_interview_men","broad_caste",259,251,237,0.944223107569721
220,"feature_corrected","full_market","reported_caste",8038,7705,6723,0.87255029201817
220,"feature_corrected","full_market","broad_caste",8038,7705,6777,0.879558728098638
220,"feature_corrected","verified_interview_subset","reported_caste",538,525,440,0.838095238095238
220,"feature_corrected","verified_interview_subset","broad_caste",538,525,443,0.843809523809524
220,"feature_corrected","verified_interview_men","reported_caste",259,250,201,0.804
220,"feature_corrected","verified_interview_men","broad_caste",259,250,202,0.808
221,"original","full_market","reported_caste",8038,7809,6919,0.886028940965553
221,"original","full_market","broad_caste",8038,7809,6941,0.888846203098988
221,"original","verified_interview_subset","reported_caste",542,537,470,0.875232774674115
221,"original","verified_interview_subset","broad_caste",542,537,472,0.878957169459963
221,"original","verified_interview_men","reported_caste",259,256,216,0.84375
221,"original","verified_interview_men","broad_caste",259,256,217,0.84765625
221,"feature_corrected","full_market","reported_caste",8038,7808,6616,0.84733606557377
221,"feature_corrected","full_market","broad_caste",8038,7808,6641,0.850537909836066
221,"feature_corrected","verified_interview_subset","reported_caste",542,537,459,0.854748603351955
221,"feature_corrected","verified_interview_subset","broad_caste",542,537,461,0.858472998137803
221,"feature_corrected","verified_interview_men","reported_caste",259,256,212,0.828125
221,"feature_corrected","verified_interview_men","broad_caste",259,256,212,0.828125
222,"original","full_market","reported_caste",8038,7657,6341,0.828131121849288
222,"original","full_market","broad_caste",8038,7657,6359,0.83048191197597
222,"original","verified_interview_subset","reported_caste",529,512,427,0.833984375
222,"original","verified_interview_subset","broad_caste",529,512,428,0.8359375
222,"original","verified_interview_men","reported_caste",259,246,193,0.784552845528455
222,"original","verified_interview_men","broad_caste",259,246,193,0.784552845528455
222,"feature_corrected","full_market","reported_caste",8038,7610,5847,0.768331143232589
222,"feature_corrected","full_market","broad_caste",8038,7610,5869,0.771222076215506
222,"feature_corrected","verified_interview_subset","reported_caste",529,502,382,0.760956175298805
222,"feature_corrected","verified_interview_subset","broad_caste",529,502,383,0.762948207171315
222,"feature_corrected","verified_interview_men","reported_caste",259,243,177,0.728395061728395
222,"feature_corrected","verified_interview_men","broad_caste",259,243,177,0.728395061728395
223,"original","full_market","reported_caste",8038,7703,7278,0.944826690899649
223,"original","full_market","broad_caste",8038,7703,7312,0.949240555627678
223,"original","verified_interview_subset","reported_caste",542,527,498,0.944971537001898
223,"original","verified_interview_subset","broad_caste",542,527,502,0.952561669829222
223,"original","verified_interview_men","reported_caste",259,249,234,0.939759036144578
223,"original","verified_interview_men","broad_caste",259,249,237,0.951807228915663
223,"feature_corrected","full_market","reported_caste",8038,7698,6981,0.906858924395947
223,"feature_corrected","full_market","broad_caste",8038,7698,7002,0.90958690568979
223,"feature_corrected","verified_interview_subset","reported_caste",536,520,463,0.890384615384615
223,"feature_corrected","verified_interview_subset","broad_caste",536,520,466,0.896153846153846
223,"feature_corrected","verified_interview_men","reported_caste",259,249,218,0.875502008032128
223,"feature_corrected","verified_interview_men","broad_caste",259,249,220,0.883534136546185
224,"original","full_market","reported_caste",8038,7804,7605,0.974500256278831
224,"original","full_market","broad_caste",8038,7804,7643,0.979369554074833
224,"original","verified_interview_subset","reported_caste",533,527,515,0.977229601518027
224,"original","verified_interview_subset","broad_caste",533,527,519,0.984819734345351
224,"original","verified_interview_men","reported_caste",259,255,248,0.972549019607843
224,"original","verified_interview_men","broad_caste",259,255,250,0.980392156862745
224,"feature_corrected","full_market","reported_caste",8038,7795,7605,0.975625400898012
224,"feature_corrected","full_market","broad_caste",8038,7795,7638,0.979858883899936
224,"feature_corrected","verified_interview_subset","reported_caste",534,525,517,0.984761904761905
224,"feature_corrected","verified_interview_subset","broad_caste",534,525,519,0.988571428571429
224,"feature_corrected","verified_interview_men","reported_caste",259,252,246,0.976190476190476
224,"feature_corrected","verified_interview_men","broad_caste",259,252,248,0.984126984126984
225,"original","full_market","reported_caste",8038,7796,6379,0.818240123140072
225,"original","full_market","broad_caste",8038,7796,6395,0.8202924576706
225,"original","verified_interview_subset","reported_caste",529,523,427,0.816443594646272
225,"original","verified_interview_subset","broad_caste",529,523,428,0.818355640535373
225,"original","verified_interview_men","reported_caste",259,255,197,0.772549019607843
225,"original","verified_interview_men","broad_caste",259,255,197,0.772549019607843
225,"feature_corrected","full_market","reported_caste",8038,7807,6375,0.81657486870757
225,"feature_corrected","full_market","broad_caste",8038,7807,6390,0.818496221339823
225,"feature_corrected","verified_interview_subset","reported_caste",528,521,418,0.802303262955854
225,"feature_corrected","verified_interview_subset","broad_caste",528,521,419,0.804222648752399
225,"feature_corrected","verified_interview_men","reported_caste",259,254,191,0.751968503937008
225,"feature_corrected","verified_interview_men","broad_caste",259,254,192,0.755905511811024
226,"original","full_market","reported_caste",8038,7680,6926,0.901822916666666
226,"original","full_market","broad_caste",8038,7680,6956,0.905729166666666
226,"original","verified_interview_subset","reported_caste",537,523,481,0.919694072657744
226,"original","verified_interview_subset","broad_caste",537,523,482,0.921606118546845
226,"original","verified_interview_men","reported_caste",259,250,224,0.896
226,"original","verified_interview_men","broad_caste",259,250,224,0.896
226,"feature_corrected","full_market","reported_caste",8038,7673,6927,0.902775967678873
226,"feature_corrected","full_market","broad_caste",8038,7673,6952,0.90603414570572
226,"feature_corrected","verified_interview_subset","reported_caste",531,516,474,0.918604651162791
226,"feature_corrected","verified_interview_subset","broad_caste",531,516,476,0.922480620155039
226,"feature_corrected","verified_interview_men","reported_caste",259,248,223,0.899193548387097
226,"feature_corrected","verified_interview_men","broad_caste",259,248,223,0.899193548387097
227,"original","full_market","reported_caste",8038,7698,6651,0.863990646921278
227,"original","full_market","broad_caste",8038,7698,6669,0.866328916601714
227,"original","verified_interview_subset","reported_caste",528,519,447,0.861271676300578
227,"original","verified_interview_subset","broad_caste",528,519,447,0.861271676300578
227,"original","verified_interview_men","reported_caste",259,252,215,0.853174603174603
227,"original","verified_interview_men","broad_caste",259,252,215,0.853174603174603
227,"feature_corrected","full_market","reported_caste",8038,7668,6213,0.810250391236307
227,"feature_corrected","full_market","broad_caste",8038,7668,6226,0.811945748565467
227,"feature_corrected","verified_interview_subset","reported_caste",525,511,422,0.825831702544031
227,"feature_corrected","verified_interview_subset","broad_caste",525,511,422,0.825831702544031
227,"feature_corrected","verified_interview_men","reported_caste",259,249,199,0.799196787148594
227,"feature_corrected","verified_interview_men","broad_caste",259,249,199,0.799196787148594
228,"original","full_market","reported_caste",8038,7719,7099,0.919678714859438
228,"original","full_market","broad_caste",8038,7719,7125,0.923047026816945
228,"original","verified_interview_subset","reported_caste",535,524,484,0.923664122137405
228,"original","verified_interview_subset","broad_caste",535,524,487,0.929389312977099
228,"original","verified_interview_men","reported_caste",259,253,229,0.905138339920949
228,"original","verified_interview_men","broad_caste",259,253,230,0.909090909090909
228,"feature_corrected","full_market","reported_caste",8038,7705,6845,0.888384166125892
228,"feature_corrected","full_market","broad_caste",8038,7705,6883,0.893316028552887
228,"feature_corrected","verified_interview_subset","reported_caste",538,526,464,0.88212927756654
228,"feature_corrected","verified_interview_subset","broad_caste",538,526,467,0.887832699619772
228,"feature_corrected","verified_interview_men","reported_caste",259,252,215,0.853174603174603
228,"feature_corrected","verified_interview_men","broad_caste",259,252,217,0.861111111111111
229,"original","full_market","reported_caste",8038,7743,7232,0.93400490765853
229,"original","full_market","broad_caste",8038,7743,7261,0.93775022601059
229,"original","verified_interview_subset","reported_caste",559,550,514,0.934545454545455
229,"original","verified_interview_subset","broad_caste",559,550,516,0.938181818181818
229,"original","verified_interview_men","reported_caste",259,253,232,0.91699604743083
229,"original","verified_interview_men","broad_caste",259,253,233,0.92094861660079
229,"feature_corrected","full_market","reported_caste",8038,7753,7112,0.917322326841223
229,"feature_corrected","full_market","broad_caste",8038,7753,7134,0.920159938088482
229,"feature_corrected","verified_interview_subset","reported_caste",555,547,494,0.903107861060329
229,"feature_corrected","verified_interview_subset","broad_caste",555,547,496,0.906764168190128
229,"feature_corrected","verified_interview_men","reported_caste",259,254,220,0.866141732283465
229,"feature_corrected","verified_interview_men","broad_caste",259,254,222,0.874015748031496
230,"original","full_market","reported_caste",8038,7685,6777,0.881847755367599
230,"original","full_market","broad_caste",8038,7685,6856,0.892127521145088
230,"original","verified_interview_subset","reported_caste",536,521,463,0.888675623800384
230,"original","verified_interview_subset","broad_caste",536,521,468,0.898272552783109
230,"original","verified_interview_men","reported_caste",259,250,219,0.876
230,"original","verified_interview_men","broad_caste",259,250,221,0.884
230,"feature_corrected","full_market","reported_caste",8038,7676,6661,0.867769671704012
230,"feature_corrected","full_market","broad_caste",8038,7676,6726,0.876237623762377
230,"feature_corrected","verified_interview_subset","reported_caste",541,526,462,0.878326996197719
230,"feature_corrected","verified_interview_subset","broad_caste",541,526,466,0.885931558935361
230,"feature_corrected","verified_interview_men","reported_caste",259,250,209,0.836
230,"feature_corrected","verified_interview_men","broad_caste",259,250,209,0.836
231,"original","full_market","reported_caste",8038,7707,6859,0.88997015700013
231,"original","full_market","broad_caste",8038,7707,6877,0.89230569612041
231,"original","verified_interview_subset","reported_caste",532,520,463,0.890384615384615
231,"original","verified_interview_subset","broad_caste",532,520,464,0.892307692307692
231,"original","verified_interview_men","reported_caste",259,251,218,0.868525896414343
231,"original","verified_interview_men","broad_caste",259,251,219,0.872509960159363
231,"feature_corrected","full_market","reported_caste",8038,7681,6706,0.873063403202708
231,"feature_corrected","full_market","broad_caste",8038,7681,6724,0.875406848066658
231,"feature_corrected","verified_interview_subset","reported_caste",529,517,457,0.88394584139265
231,"feature_corrected","verified_interview_subset","broad_caste",529,517,458,0.885880077369439
231,"feature_corrected","verified_interview_men","reported_caste",259,252,222,0.880952380952381
231,"feature_corrected","verified_interview_men","broad_caste",259,252,223,0.884920634920635
232,"original","full_market","reported_caste",8038,7808,7634,0.977715163934426
232,"original","full_market","broad_caste",8038,7808,7642,0.978739754098361
232,"original","verified_interview_subset","reported_caste",532,527,518,0.98292220113852
232,"original","verified_interview_subset","broad_caste",532,527,519,0.984819734345351
232,"original","verified_interview_men","reported_caste",259,256,249,0.97265625
232,"original","verified_interview_men","broad_caste",259,256,250,0.9765625
232,"feature_corrected","full_market","reported_caste",8038,7807,7620,0.976047137184578
232,"feature_corrected","full_market","broad_caste",8038,7807,7626,0.976815678237479
232,"feature_corrected","verified_interview_subset","reported_caste",535,530,519,0.979245283018868
232,"feature_corrected","verified_interview_subset","broad_caste",535,530,520,0.981132075471698
232,"feature_corrected","verified_interview_men","reported_caste",259,256,248,0.96875
232,"feature_corrected","verified_interview_men","broad_caste",259,256,249,0.97265625
233,"original","full_market","reported_caste",8038,7715,7488,0.970576798444589
233,"original","full_market","broad_caste",8038,7715,7501,0.972261827608555
233,"original","verified_interview_subset","reported_caste",529,518,506,0.976833976833977
233,"original","verified_interview_subset","broad_caste",529,518,506,0.976833976833977
233,"original","verified_interview_men","reported_caste",259,254,245,0.964566929133858
233,"original","verified_interview_men","broad_caste",259,254,245,0.964566929133858
233,"feature_corrected","full_market","reported_caste",8038,7704,7317,0.949766355140186
233,"feature_corrected","full_market","broad_caste",8038,7704,7332,0.951713395638629
233,"feature_corrected","verified_interview_subset","reported_caste",526,512,494,0.96484375
233,"feature_corrected","verified_interview_subset","broad_caste",526,512,494,0.96484375
233,"feature_corrected","verified_interview_men","reported_caste",259,250,237,0.948
233,"feature_corrected","verified_interview_men","broad_caste",259,250,237,0.948
234,"original","full_market","reported_caste",8038,7813,6711,0.858953027006271
234,"original","full_market","broad_caste",8038,7813,6749,0.863816715730193
234,"original","verified_interview_subset","reported_caste",539,534,471,0.882022471910112
234,"original","verified_interview_subset","broad_caste",539,534,474,0.887640449438202
234,"original","verified_interview_men","reported_caste",259,256,220,0.859375
234,"original","verified_interview_men","broad_caste",259,256,222,0.8671875
234,"feature_corrected","full_market","reported_caste",8038,7818,6569,0.840240470708621
234,"feature_corrected","full_market","broad_caste",8038,7818,6593,0.843310309542082
234,"feature_corrected","verified_interview_subset","reported_caste",536,531,459,0.864406779661017
234,"feature_corrected","verified_interview_subset","broad_caste",536,531,462,0.870056497175141
234,"feature_corrected","verified_interview_men","reported_caste",259,256,217,0.84765625
234,"feature_corrected","verified_interview_men","broad_caste",259,256,218,0.8515625
235,"original","full_market","reported_caste",8038,7709,7310,0.948242314178233
235,"original","full_market","broad_caste",8038,7709,7330,0.950836684394863
235,"original","verified_interview_subset","reported_caste",541,528,502,0.950757575757576
235,"original","verified_interview_subset","broad_caste",541,528,503,0.952651515151515
235,"original","verified_interview_men","reported_caste",259,251,237,0.944223107569721
235,"original","verified_interview_men","broad_caste",259,251,237,0.944223107569721
235,"feature_corrected","full_market","reported_caste",8038,7702,7276,0.944689690989354
235,"feature_corrected","full_market","broad_caste",8038,7702,7289,0.946377564269021
235,"feature_corrected","verified_interview_subset","reported_caste",537,523,499,0.954110898661568
235,"feature_corrected","verified_interview_subset","broad_caste",537,523,499,0.954110898661568
235,"feature_corrected","verified_interview_men","reported_caste",259,250,235,0.94
235,"feature_corrected","verified_interview_men","broad_caste",259,250,235,0.94
236,"original","full_market","reported_caste",8038,7768,7675,0.98802780638517
236,"original","full_market","broad_caste",8038,7768,7690,0.989958805355304
236,"original","verified_interview_subset","reported_caste",539,532,524,0.984962406015038
236,"original","verified_interview_subset","broad_caste",539,532,526,0.988721804511278
236,"original","verified_interview_men","reported_caste",259,254,249,0.980314960629921
236,"original","verified_interview_men","broad_caste",259,254,249,0.980314960629921
236,"feature_corrected","full_market","reported_caste",8038,7780,7700,0.989717223650386
236,"feature_corrected","full_market","broad_caste",8038,7780,7712,0.991259640102828
236,"feature_corrected","verified_interview_subset","reported_caste",540,534,527,0.98689138576779
236,"feature_corrected","verified_interview_subset","broad_caste",540,534,527,0.98689138576779
236,"feature_corrected","verified_interview_men","reported_caste",259,255,250,0.980392156862745
236,"feature_corrected","verified_interview_men","broad_caste",259,255,250,0.980392156862745
237,"original","full_market","reported_caste",8038,7648,6549,0.85630230125523
237,"original","full_market","broad_caste",8038,7648,6576,0.859832635983264
237,"original","verified_interview_subset","reported_caste",531,511,435,0.851272015655577
237,"original","verified_interview_subset","broad_caste",531,511,438,0.857142857142857
237,"original","verified_interview_men","reported_caste",259,248,203,0.818548387096774
237,"original","verified_interview_men","broad_caste",259,248,206,0.830645161290322
237,"feature_corrected","full_market","reported_caste",8038,7619,6230,0.817692610578816
237,"feature_corrected","full_market","broad_caste",8038,7619,6252,0.820580128625804
237,"feature_corrected","verified_interview_subset","reported_caste",531,513,407,0.793372319688109
237,"feature_corrected","verified_interview_subset","broad_caste",531,513,409,0.797270955165692
237,"feature_corrected","verified_interview_men","reported_caste",259,248,188,0.758064516129032
237,"feature_corrected","verified_interview_men","broad_caste",259,248,189,0.762096774193548
238,"original","full_market","reported_caste",8038,7803,7589,0.972574650775343
238,"original","full_market","broad_caste",8038,7803,7613,0.975650390875304
238,"original","verified_interview_subset","reported_caste",545,539,523,0.970315398886827
238,"original","verified_interview_subset","broad_caste",545,539,526,0.975881261595547
238,"original","verified_interview_men","reported_caste",259,255,246,0.964705882352941
238,"original","verified_interview_men","broad_caste",259,255,247,0.968627450980392
238,"feature_corrected","full_market","reported_caste",8038,7809,7546,0.966320911768472
238,"feature_corrected","full_market","broad_caste",8038,7809,7566,0.968882059162505
238,"feature_corrected","verified_interview_subset","reported_caste",545,540,515,0.953703703703704
238,"feature_corrected","verified_interview_subset","broad_caste",545,540,516,0.955555555555555
238,"feature_corrected","verified_interview_men","reported_caste",259,256,240,0.9375
238,"feature_corrected","verified_interview_men","broad_caste",259,256,240,0.9375
239,"original","full_market","reported_caste",8038,7782,7261,0.933050629658186
239,"original","full_market","broad_caste",8038,7782,7311,0.939475713184271
239,"original","verified_interview_subset","reported_caste",547,540,501,0.927777777777778
239,"original","verified_interview_subset","broad_caste",547,540,508,0.940740740740741
239,"original","verified_interview_men","reported_caste",259,254,229,0.901574803149606
239,"original","verified_interview_men","broad_caste",259,254,234,0.921259842519685
239,"feature_corrected","full_market","reported_caste",8038,7791,7156,0.918495700166859
239,"feature_corrected","full_market","broad_caste",8038,7791,7199,0.924014888974457
239,"feature_corrected","verified_interview_subset","reported_caste",547,541,495,0.914972273567468
239,"feature_corrected","verified_interview_subset","broad_caste",547,541,497,0.918669131238447
239,"feature_corrected","verified_interview_men","reported_caste",259,255,227,0.890196078431372
239,"feature_corrected","verified_interview_men","broad_caste",259,255,229,0.898039215686275
240,"original","full_market","reported_caste",8038,7694,7099,0.922667013257084
240,"original","full_market","broad_caste",8038,7694,7112,0.924356641538862
240,"original","verified_interview_subset","reported_caste",529,520,473,0.909615384615385
240,"original","verified_interview_subset","broad_caste",529,520,474,0.911538461538462
240,"original","verified_interview_men","reported_caste",259,253,223,0.881422924901186
240,"original","verified_interview_men","broad_caste",259,253,224,0.885375494071146
240,"feature_corrected","full_market","reported_caste",8038,7682,6919,0.900676907055454
240,"feature_corrected","full_market","broad_caste",8038,7682,6930,0.902108825826608
240,"feature_corrected","verified_interview_subset","reported_caste",532,518,460,0.888030888030888
240,"feature_corrected","verified_interview_subset","broad_caste",532,518,460,0.888030888030888
240,"feature_corrected","verified_interview_men","reported_caste",259,252,216,0.857142857142857
240,"feature_corrected","verified_interview_men","broad_caste",259,252,216,0.857142857142857
241,"original","full_market","reported_caste",8038,7727,7275,0.941503817781804
241,"original","full_market","broad_caste",8038,7727,7291,0.943574479099263
241,"original","verified_interview_subset","reported_caste",538,524,496,0.946564885496183
241,"original","verified_interview_subset","broad_caste",538,524,497,0.948473282442748
241,"original","verified_interview_men","reported_caste",259,249,232,0.931726907630522
241,"original","verified_interview_men","broad_caste",259,249,232,0.931726907630522
241,"feature_corrected","full_market","reported_caste",8038,7718,7228,0.936512049753822
241,"feature_corrected","full_market","broad_caste",8038,7718,7242,0.938325991189427
241,"feature_corrected","verified_interview_subset","reported_caste",548,534,491,0.919475655430712
241,"feature_corrected","verified_interview_subset","broad_caste",548,534,491,0.919475655430712
241,"feature_corrected","verified_interview_men","reported_caste",259,249,221,0.887550200803213
241,"feature_corrected","verified_interview_men","broad_caste",259,249,221,0.887550200803213
242,"original","full_market","reported_caste",8038,7690,6640,0.863459037711314
242,"original","full_market","broad_caste",8038,7690,6658,0.865799739921977
242,"original","verified_interview_subset","reported_caste",527,517,444,0.858800773694391
242,"original","verified_interview_subset","broad_caste",527,517,446,0.862669245647969
242,"original","verified_interview_men","reported_caste",259,253,208,0.822134387351779
242,"original","verified_interview_men","broad_caste",259,253,210,0.8300395256917
242,"feature_corrected","full_market","reported_caste",8038,7680,6466,0.841927083333333
242,"feature_corrected","full_market","broad_caste",8038,7680,6493,0.845442708333333
242,"feature_corrected","verified_interview_subset","reported_caste",525,511,429,0.839530332681018
242,"feature_corrected","verified_interview_subset","broad_caste",525,511,432,0.845401174168297
242,"feature_corrected","verified_interview_men","reported_caste",259,252,198,0.785714285714286
242,"feature_corrected","verified_interview_men","broad_caste",259,252,200,0.793650793650794
243,"original","full_market","reported_caste",8038,7713,7317,0.948658109684947
243,"original","full_market","broad_caste",8038,7713,7332,0.950602878257487
243,"original","verified_interview_subset","reported_caste",531,521,500,0.959692898272553
243,"original","verified_interview_subset","broad_caste",531,521,501,0.961612284069098
243,"original","verified_interview_men","reported_caste",259,253,244,0.964426877470356
243,"original","verified_interview_men","broad_caste",259,253,245,0.968379446640316
243,"feature_corrected","full_market","reported_caste",8038,7709,7270,0.943053573744973
243,"feature_corrected","full_market","broad_caste",8038,7709,7281,0.94448047736412
243,"feature_corrected","verified_interview_subset","reported_caste",538,530,504,0.950943396226415
243,"feature_corrected","verified_interview_subset","broad_caste",538,530,506,0.954716981132075
243,"feature_corrected","verified_interview_men","reported_caste",259,255,241,0.945098039215686
243,"feature_corrected","verified_interview_men","broad_caste",259,255,242,0.949019607843137
244,"original","full_market","reported_caste",8038,7706,7311,0.948741240591747
244,"original","full_market","broad_caste",8038,7706,7325,0.950558006747989
244,"original","verified_interview_subset","reported_caste",539,528,510,0.965909090909091
244,"original","verified_interview_subset","broad_caste",539,528,511,0.96780303030303
244,"original","verified_interview_men","reported_caste",259,251,239,0.952191235059761
244,"original","verified_interview_men","broad_caste",259,251,239,0.952191235059761
244,"feature_corrected","full_market","reported_caste",8038,7695,7268,0.944509421702404
244,"feature_corrected","full_market","broad_caste",8038,7695,7288,0.947108512020793
244,"feature_corrected","verified_interview_subset","reported_caste",538,529,490,0.926275992438563
244,"feature_corrected","verified_interview_subset","broad_caste",538,529,493,0.931947069943289
244,"feature_corrected","verified_interview_men","reported_caste",259,252,229,0.908730158730159
244,"feature_corrected","verified_interview_men","broad_caste",259,252,229,0.908730158730159
245,"original","full_market","reported_caste",8038,7807,7093,0.908543614704752
245,"original","full_market","broad_caste",8038,7807,7139,0.914435762776995
245,"original","verified_interview_subset","reported_caste",542,536,488,0.91044776119403
245,"original","verified_interview_subset","broad_caste",542,536,494,0.921641791044776
245,"original","verified_interview_men","reported_caste",259,255,230,0.901960784313726
245,"original","verified_interview_men","broad_caste",259,255,233,0.913725490196079
245,"feature_corrected","full_market","reported_caste",8038,7803,6705,0.859284890426759
245,"feature_corrected","full_market","broad_caste",8038,7803,6750,0.865051903114187
245,"feature_corrected","verified_interview_subset","reported_caste",531,523,444,0.848948374760994
245,"feature_corrected","verified_interview_subset","broad_caste",531,523,447,0.854684512428298
245,"feature_corrected","verified_interview_men","reported_caste",259,254,209,0.822834645669291
245,"feature_corrected","verified_interview_men","broad_caste",259,254,210,0.826771653543307
246,"original","full_market","reported_caste",8038,7720,7072,0.916062176165803
246,"original","full_market","broad_caste",8038,7720,7123,0.922668393782383
246,"original","verified_interview_subset","reported_caste",532,519,480,0.92485549132948
246,"original","verified_interview_subset","broad_caste",532,519,481,0.926782273603083
246,"original","verified_interview_men","reported_caste",259,251,226,0.900398406374502
246,"original","verified_interview_men","broad_caste",259,251,227,0.904382470119522
246,"feature_corrected","full_market","reported_caste",8038,7717,6850,0.887650641440975
246,"feature_corrected","full_market","broad_caste",8038,7717,6897,0.893741091097577
246,"feature_corrected","verified_interview_subset","reported_caste",533,519,458,0.882466281310212
246,"feature_corrected","verified_interview_subset","broad_caste",533,519,462,0.890173410404624
246,"feature_corrected","verified_interview_men","reported_caste",259,249,218,0.875502008032128
246,"feature_corrected","verified_interview_men","broad_caste",259,249,220,0.883534136546185
247,"original","full_market","reported_caste",8038,7708,7575,0.982745199792423
247,"original","full_market","broad_caste",8038,7708,7602,0.986248053969901
247,"original","verified_interview_subset","reported_caste",545,532,526,0.988721804511278
247,"original","verified_interview_subset","broad_caste",545,532,527,0.990601503759398
247,"original","verified_interview_men","reported_caste",259,250,246,0.984
247,"original","verified_interview_men","broad_caste",259,250,246,0.984
247,"feature_corrected","full_market","reported_caste",8038,7705,7554,0.98040233614536
247,"feature_corrected","full_market","broad_caste",8038,7705,7576,0.983257624918884
247,"feature_corrected","verified_interview_subset","reported_caste",555,542,535,0.987084870848708
247,"feature_corrected","verified_interview_subset","broad_caste",555,542,536,0.988929889298893
247,"feature_corrected","verified_interview_men","reported_caste",259,249,244,0.97991967871486
247,"feature_corrected","verified_interview_men","broad_caste",259,249,244,0.97991967871486
248,"original","full_market","reported_caste",8038,7696,6083,0.790410602910602
248,"original","full_market","broad_caste",8038,7696,6124,0.795738045738046
248,"original","verified_interview_subset","reported_caste",508,496,405,0.816532258064516
248,"original","verified_interview_subset","broad_caste",508,496,407,0.820564516129032
248,"original","verified_interview_men","reported_caste",259,252,192,0.761904761904762
248,"original","verified_interview_men","broad_caste",259,252,193,0.765873015873016
248,"feature_corrected","full_market","reported_caste",8038,7663,5845,0.762756100743834
248,"feature_corrected","full_market","broad_caste",8038,7663,5898,0.769672452042281
248,"feature_corrected","verified_interview_subset","reported_caste",525,503,379,0.753479125248509
248,"feature_corrected","verified_interview_subset","broad_caste",525,503,383,0.761431411530815
248,"feature_corrected","verified_interview_men","reported_caste",259,246,175,0.711382113821138
248,"feature_corrected","verified_interview_men","broad_caste",259,246,177,0.719512195121951
249,"original","full_market","reported_caste",8038,7720,7336,0.950259067357513
249,"original","full_market","broad_caste",8038,7720,7388,0.95699481865285
249,"original","verified_interview_subset","reported_caste",526,513,489,0.953216374269006
249,"original","verified_interview_subset","broad_caste",526,513,493,0.961013645224172
249,"original","verified_interview_men","reported_caste",259,251,240,0.956175298804781
249,"original","verified_interview_men","broad_caste",259,251,241,0.960159362549801
249,"feature_corrected","full_market","reported_caste",8038,7695,7133,0.926965562053281
249,"feature_corrected","full_market","broad_caste",8038,7695,7174,0.932293697205978
249,"feature_corrected","verified_interview_subset","reported_caste",535,522,486,0.931034482758621
249,"feature_corrected","verified_interview_subset","broad_caste",535,522,489,0.936781609195402
249,"feature_corrected","verified_interview_men","reported_caste",259,250,231,0.924
249,"feature_corrected","verified_interview_men","broad_caste",259,250,233,0.932
250,"original","full_market","reported_caste",8038,7723,7508,0.972161077301567
250,"original","full_market","broad_caste",8038,7723,7521,0.973844360999611
250,"original","verified_interview_subset","reported_caste",536,522,511,0.978927203065134
250,"original","verified_interview_subset","broad_caste",536,522,511,0.978927203065134
250,"original","verified_interview_men","reported_caste",259,250,242,0.968
250,"original","verified_interview_men","broad_caste",259,250,242,0.968
250,"feature_corrected","full_market","reported_caste",8038,7724,7487,0.969316416364578
250,"feature_corrected","full_market","broad_caste",8038,7724,7500,0.970999482133609
250,"feature_corrected","verified_interview_subset","reported_caste",532,519,503,0.969171483622351
250,"feature_corrected","verified_interview_subset","broad_caste",532,519,503,0.969171483622351
250,"feature_corrected","verified_interview_men","reported_caste",259,249,240,0.963855421686747
250,"feature_corrected","verified_interview_men","broad_caste",259,249,240,0.963855421686747
