"scenario","draw","population","output_name","outcome","coefficient","published_table8_cell","panel","estimate","n","design_columns","design_rank","coefficient_estimable","caste_model","same_caste_n","higher_caste_n","reference_n","reference_lower_rank_n","reference_equal_rank_n","same_and_higher_n","source_line"
"original",1,"full_market","beta_edu_male_long","edu_max_male","samecaste",TRUE,"male_attributes",0.356213871028339,5993,31,31,TRUE,TRUE,5439,500,54,22,32,0,298
"original",1,"full_market","beta_edu_male_long2","edu_max_male","highercaste",TRUE,"male_attributes",0.552060620774885,5993,31,31,TRUE,TRUE,5439,500,54,22,32,0,298
"original",1,"full_market","beta_edu_male_long_hg","diff_height","edu_max_male",TRUE,"male_attributes",0.000596828977143246,5521,30,29,TRUE,FALSE,NA,NA,NA,NA,NA,NA,301
"original",1,"full_market","beta_edu_male_long_ag","diff_age","edu_max_male",TRUE,"male_attributes",-0.224493411016622,6127,30,29,TRUE,FALSE,NA,NA,NA,NA,NA,NA,303
"original",1,"full_market","beta_edu_male_long_wag","logwage_male","edu_max_male",TRUE,"male_attributes",0.161774542683923,4687,30,30,TRUE,FALSE,NA,NA,NA,NA,NA,NA,305
"original",1,"full_market","beta_edu_male_long_inc","logincome_male","edu_max_male",TRUE,"male_attributes",-1947.89312428153,1408,30,30,TRUE,FALSE,NA,NA,NA,NA,NA,NA,307
"original",1,"full_market","beta_edu_female_long","edu_max_female","samecaste",TRUE,"female_attributes",0.308063546834634,7293,32,31,TRUE,TRUE,6630,26,637,597,40,0,309
"original",1,"full_market","beta_edu_female_long2","edu_max_female","highercaste_female",TRUE,"female_attributes",0.563354632458524,7293,32,31,TRUE,TRUE,6630,26,637,597,40,0,309
"original",1,"full_market","beta_edu_female_long_vb","vbeautiful_female","edu_max_female",TRUE,"female_attributes",-0.0289293255435662,5871,31,31,TRUE,FALSE,NA,NA,NA,NA,NA,NA,312
"original",1,"full_market","beta_edu_female_long_b","beautiful_female","edu_max_female",TRUE,"female_attributes",-0.0015576622062925,5871,31,31,TRUE,FALSE,NA,NA,NA,NA,NA,NA,314
"original",1,"full_market","beta_edu_female_long_sk","skinrank_female","edu_max_female",TRUE,"female_attributes",0.0859229974586576,5464,31,31,TRUE,FALSE,NA,NA,NA,NA,NA,NA,316
"original",1,"full_market","beta_edu_female_long_hg","diff_height","edu_max_female",TRUE,"female_attributes",0.00313277543564331,6588,31,30,TRUE,FALSE,NA,NA,NA,NA,NA,NA,318
"original",1,"full_market","beta_edu_female_long_age","diff_age","edu_max_female",TRUE,"female_attributes",-0.579113988054777,7405,31,30,TRUE,FALSE,NA,NA,NA,NA,NA,NA,320
"original",1,"full_market","beta_inc_male_long","logincome_male","samecaste",TRUE,"male_attributes",391.086695674315,1665,31,31,TRUE,TRUE,1509,141,15,7,8,0,322
"original",1,"full_market","beta_inc_male_long2","logincome_male","highercaste",TRUE,"male_attributes",21944.1371267268,1665,31,31,TRUE,TRUE,1509,141,15,7,8,0,322
"original",1,"full_market","beta_inc_female_long","logincome_female","samecaste",FALSE,"female_attributes",-6544.32893305126,119,32,29,TRUE,TRUE,101,1,17,16,1,0,325
"original",1,"full_market","beta_inc_female_long2","logincome_female","highercaste_female",FALSE,"female_attributes",-15910.4265232318,119,32,29,TRUE,TRUE,101,1,17,16,1,0,325
"original",1,"full_market","beta_wag_male_long","logwage_male","samecaste",TRUE,"male_attributes",0.0436510525668781,5766,31,31,TRUE,TRUE,5238,469,59,24,35,0,328
"original",1,"full_market","beta_wag_male_long2","logwage_male","highercaste",TRUE,"male_attributes",0.22099092385795,5766,31,31,TRUE,TRUE,5238,469,59,24,35,0,328
"original",1,"full_market","beta_wage_female_long","logwage_female","samecaste",TRUE,"female_attributes",-0.00306001102363975,1413,32,31,TRUE,TRUE,1274,7,132,124,8,0,331
"original",1,"full_market","beta_wage_female_long2","logwage_female","highercaste_female",TRUE,"female_attributes",-0.259360433710347,1413,32,31,TRUE,TRUE,1274,7,132,124,8,0,331
"original",1,"full_market","beta_skin_female_long","skinrank_female","samecaste",TRUE,"female_attributes",-0.246983349378111,5538,32,31,TRUE,TRUE,5000,20,518,485,33,0,334
"original",1,"full_market","beta_skin_female_long2","skinrank_female","highercaste_female",TRUE,"female_attributes",-0.166109507053481,5538,32,31,TRUE,TRUE,5000,20,518,485,33,0,334
"original",1,"full_market","beta_vb_female_long","vbeautiful_female","samecaste",TRUE,"female_attributes",0.0201651369200473,5982,32,31,TRUE,TRUE,5468,17,497,467,30,0,337
"original",1,"full_market","beta_vb_female_long2","vbeautiful_female","highercaste_female",TRUE,"female_attributes",-0.0457086190176347,5982,32,31,TRUE,TRUE,5468,17,497,467,30,0,337
"original",1,"full_market","beta_b_female_long","beautiful_female","samecaste",TRUE,"female_attributes",0.0999736570632469,5982,32,31,TRUE,TRUE,5468,17,497,467,30,0,340
"original",1,"full_market","beta_b_female_long2","beautiful_female","highercaste_female",TRUE,"female_attributes",0.126885291232743,5982,32,31,TRUE,TRUE,5468,17,497,467,30,0,340
"original",1,"full_market","beta_age_female_long","diff_age","samecaste",TRUE,"female_attributes",0.238617455680777,7508,32,30,TRUE,TRUE,6834,28,646,607,39,0,343
"original",1,"full_market","beta_age_female_long2","diff_age","highercaste_female",TRUE,"female_attributes",-1.3725733564965,7508,32,30,TRUE,TRUE,6834,28,646,607,39,0,343
"original",1,"full_market","beta_hg_female_long","diff_height","samecaste",TRUE,"female_attributes",-0.00603666597484004,6669,32,30,TRUE,TRUE,6055,22,592,563,29,0,346
"original",1,"full_market","beta_hg_female_long2","diff_height","highercaste_female",TRUE,"female_attributes",-0.00461405453861959,6669,32,30,TRUE,TRUE,6055,22,592,563,29,0,346
"original",1,"full_market","beta_age_male_long","diff_age","samecaste",TRUE,"male_attributes",0.514424143338662,7508,31,30,TRUE,TRUE,6834,607,67,28,39,0,349
"original",1,"full_market","beta_age_male_long2","diff_age","highercaste",TRUE,"male_attributes",0.638221438345175,7508,31,30,TRUE,TRUE,6834,607,67,28,39,0,349
"original",1,"full_market","beta_hg_male_long","diff_height","samecaste",TRUE,"male_attributes",-0.00282372697596139,6669,31,30,TRUE,TRUE,6055,563,51,22,29,0,352
"original",1,"full_market","beta_hg_male_long2","diff_height","highercaste",TRUE,"male_attributes",-0.00369684967085907,6669,31,30,TRUE,TRUE,6055,563,51,22,29,0,352
"original",1,"verified_interview_subset","beta_edu_male_long","edu_max_male","samecaste",TRUE,"male_attributes",0.234301139954642,423,31,31,TRUE,TRUE,388,32,3,1,2,0,298
"original",1,"verified_interview_subset","beta_edu_male_long2","edu_max_male","highercaste",TRUE,"male_attributes",0.412982954773186,423,31,31,TRUE,TRUE,388,32,3,1,2,0,298
"original",1,"verified_interview_subset","beta_edu_male_long_hg","diff_height","edu_max_male",TRUE,"male_attributes",-0.00168595108579297,378,30,29,TRUE,FALSE,NA,NA,NA,NA,NA,NA,301
"original",1,"verified_interview_subset","beta_edu_male_long_ag","diff_age","edu_max_male",TRUE,"male_attributes",-0.330526919530542,424,30,29,TRUE,FALSE,NA,NA,NA,NA,NA,NA,303
"original",1,"verified_interview_subset","beta_edu_male_long_wag","logwage_male","edu_max_male",TRUE,"male_attributes",0.103997526453658,332,30,29,TRUE,FALSE,NA,NA,NA,NA,NA,NA,305
"original",1,"verified_interview_subset","beta_edu_male_long_inc","logincome_male","edu_max_male",TRUE,"male_attributes",-4030.83715826602,112,30,27,TRUE,FALSE,NA,NA,NA,NA,NA,NA,307
"original",1,"verified_interview_subset","beta_edu_female_long","edu_max_female","samecaste",TRUE,"female_attributes",0.0612677701695587,510,32,31,TRUE,TRUE,466,1,43,40,3,0,309
"original",1,"verified_interview_subset","beta_edu_female_long2","edu_max_female","highercaste_female",TRUE,"female_attributes",-0.951211876359241,510,32,31,TRUE,TRUE,466,1,43,40,3,0,309
"original",1,"verified_interview_subset","beta_edu_female_long_vb","vbeautiful_female","edu_max_female",TRUE,"female_attributes",-0.0182523662916637,419,31,31,TRUE,FALSE,NA,NA,NA,NA,NA,NA,312
"original",1,"verified_interview_subset","beta_edu_female_long_b","beautiful_female","edu_max_female",TRUE,"female_attributes",-0.0197457192552395,419,31,31,TRUE,FALSE,NA,NA,NA,NA,NA,NA,314
"original",1,"verified_interview_subset","beta_edu_female_long_sk","skinrank_female","edu_max_female",TRUE,"female_attributes",0.128424399904117,387,31,31,TRUE,FALSE,NA,NA,NA,NA,NA,NA,316
"original",1,"verified_interview_subset","beta_edu_female_long_hg","diff_height","edu_max_female",TRUE,"female_attributes",0.00269627865505161,449,31,30,TRUE,FALSE,NA,NA,NA,NA,NA,NA,318
"original",1,"verified_interview_subset","beta_edu_female_long_age","diff_age","edu_max_female",TRUE,"female_attributes",-0.65428637005236,506,31,30,TRUE,FALSE,NA,NA,NA,NA,NA,NA,320
"original",1,"verified_interview_subset","beta_inc_male_long","logincome_male","samecaste",TRUE,"male_attributes",4986.3912349755,132,31,29,TRUE,TRUE,119,11,2,0,2,0,322
"original",1,"verified_interview_subset","beta_inc_male_long2","logincome_male","highercaste",TRUE,"male_attributes",-2528.76619144842,132,31,29,TRUE,TRUE,119,11,2,0,2,0,322
"original",1,"verified_interview_subset","beta_inc_female_long","logincome_female","samecaste",FALSE,"female_attributes",NA,11,32,11,FALSE,TRUE,11,0,0,0,0,0,325
"original",1,"verified_interview_subset","beta_inc_female_long2","logincome_female","highercaste_female",FALSE,"female_attributes",NA,11,32,11,FALSE,TRUE,11,0,0,0,0,0,325
"original",1,"verified_interview_subset","beta_wag_male_long","logwage_male","samecaste",TRUE,"male_attributes",-0.0537465254996588,398,31,30,TRUE,TRUE,364,31,3,1,2,0,328
"original",1,"verified_interview_subset","beta_wag_male_long2","logwage_male","highercaste",TRUE,"male_attributes",-0.0612177690911746,398,31,30,TRUE,TRUE,364,31,3,1,2,0,328
"original",1,"verified_interview_subset","beta_wage_female_long","logwage_female","samecaste",TRUE,"female_attributes",0.2770834855611,98,32,30,TRUE,TRUE,86,0,12,12,0,0,331
"original",1,"verified_interview_subset","beta_wage_female_long2","logwage_female","highercaste_female",TRUE,"female_attributes",NA,98,32,30,FALSE,TRUE,86,0,12,12,0,0,331
"original",1,"verified_interview_subset","beta_skin_female_long","skinrank_female","samecaste",TRUE,"female_attributes",-0.190959806175925,400,32,30,TRUE,TRUE,363,0,37,34,3,0,334
"original",1,"verified_interview_subset","beta_skin_female_long2","skinrank_female","highercaste_female",TRUE,"female_attributes",NA,400,32,30,FALSE,TRUE,363,0,37,34,3,0,334
"original",1,"verified_interview_subset","beta_vb_female_long","vbeautiful_female","samecaste",TRUE,"female_attributes",0.0464076828217627,430,32,30,TRUE,TRUE,396,0,34,31,3,0,337
"original",1,"verified_interview_subset","beta_vb_female_long2","vbeautiful_female","highercaste_female",TRUE,"female_attributes",NA,430,32,30,FALSE,TRUE,396,0,34,31,3,0,337
"original",1,"verified_interview_subset","beta_b_female_long","beautiful_female","samecaste",TRUE,"female_attributes",-0.010260925004358,430,32,30,TRUE,TRUE,396,0,34,31,3,0,340
"original",1,"verified_interview_subset","beta_b_female_long2","beautiful_female","highercaste_female",TRUE,"female_attributes",NA,430,32,30,FALSE,TRUE,396,0,34,31,3,0,340
"original",1,"verified_interview_subset","beta_age_female_long","diff_age","samecaste",TRUE,"female_attributes",0.79819233303577,516,32,30,TRUE,TRUE,474,1,41,38,3,0,343
"original",1,"verified_interview_subset","beta_age_female_long2","diff_age","highercaste_female",TRUE,"female_attributes",2.47270777358334,516,32,30,TRUE,TRUE,474,1,41,38,3,0,343
"original",1,"verified_interview_subset","beta_hg_female_long","diff_height","samecaste",TRUE,"female_attributes",-0.00883809088502472,457,32,30,TRUE,TRUE,417,1,39,37,2,0,346
"original",1,"verified_interview_subset","beta_hg_female_long2","diff_height","highercaste_female",TRUE,"female_attributes",0.0187607500100211,457,32,30,TRUE,TRUE,417,1,39,37,2,0,346
"original",1,"verified_interview_subset","beta_age_male_long","diff_age","samecaste",TRUE,"male_attributes",-0.258853746331912,516,31,30,TRUE,TRUE,474,38,4,1,3,0,349
"original",1,"verified_interview_subset","beta_age_male_long2","diff_age","highercaste",TRUE,"male_attributes",-0.487936959753782,516,31,30,TRUE,TRUE,474,38,4,1,3,0,349
"original",1,"verified_interview_subset","beta_hg_male_long","diff_height","samecaste",TRUE,"male_attributes",-0.0237116556637008,457,31,30,TRUE,TRUE,417,37,3,1,2,0,352
"original",1,"verified_interview_subset","beta_hg_male_long2","diff_height","highercaste",TRUE,"male_attributes",-0.0176721983713715,457,31,30,TRUE,TRUE,417,37,3,1,2,0,352
"residence_corrected",1,"full_market","beta_edu_male_long","edu_max_male","samecaste",TRUE,"male_attributes",0.321194659474508,5989,31,31,TRUE,TRUE,5440,493,56,19,37,0,298
"residence_corrected",1,"full_market","beta_edu_male_long2","edu_max_male","highercaste",TRUE,"male_attributes",0.522534990091448,5989,31,31,TRUE,TRUE,5440,493,56,19,37,0,298
"residence_corrected",1,"full_market","beta_edu_male_long_hg","diff_height","edu_max_male",TRUE,"male_attributes",0.000655050647958074,5520,30,29,TRUE,FALSE,NA,NA,NA,NA,NA,NA,301
"residence_corrected",1,"full_market","beta_edu_male_long_ag","diff_age","edu_max_male",TRUE,"male_attributes",-0.220918608651492,6128,30,29,TRUE,FALSE,NA,NA,NA,NA,NA,NA,303
"residence_corrected",1,"full_market","beta_edu_male_long_wag","logwage_male","edu_max_male",TRUE,"male_attributes",0.16387459959504,4687,30,30,TRUE,FALSE,NA,NA,NA,NA,NA,NA,305
"residence_corrected",1,"full_market","beta_edu_male_long_inc","logincome_male","edu_max_male",TRUE,"male_attributes",-1903.5406971065,1408,30,30,TRUE,FALSE,NA,NA,NA,NA,NA,NA,307
"residence_corrected",1,"full_market","beta_edu_female_long","edu_max_female","samecaste",TRUE,"female_attributes",0.314015048585358,7293,32,31,TRUE,TRUE,6634,23,636,593,43,0,309
"residence_corrected",1,"full_market","beta_edu_female_long2","edu_max_female","highercaste_female",TRUE,"female_attributes",0.548355836671248,7293,32,31,TRUE,TRUE,6634,23,636,593,43,0,309
"residence_corrected",1,"full_market","beta_edu_female_long_vb","vbeautiful_female","edu_max_female",TRUE,"female_attributes",-0.029290229084551,5870,31,31,TRUE,FALSE,NA,NA,NA,NA,NA,NA,312
"residence_corrected",1,"full_market","beta_edu_female_long_b","beautiful_female","edu_max_female",TRUE,"female_attributes",-0.00256780401653404,5870,31,31,TRUE,FALSE,NA,NA,NA,NA,NA,NA,314
"residence_corrected",1,"full_market","beta_edu_female_long_sk","skinrank_female","edu_max_female",TRUE,"female_attributes",0.0850141176291307,5458,31,31,TRUE,FALSE,NA,NA,NA,NA,NA,NA,316
"residence_corrected",1,"full_market","beta_edu_female_long_hg","diff_height","edu_max_female",TRUE,"female_attributes",0.00306470417421799,6591,31,30,TRUE,FALSE,NA,NA,NA,NA,NA,NA,318
"residence_corrected",1,"full_market","beta_edu_female_long_age","diff_age","edu_max_female",TRUE,"female_attributes",-0.587561804542626,7406,31,30,TRUE,FALSE,NA,NA,NA,NA,NA,NA,320
"residence_corrected",1,"full_market","beta_inc_male_long","logincome_male","samecaste",TRUE,"male_attributes",1581.88105020391,1663,31,31,TRUE,TRUE,1511,138,14,7,7,0,322
"residence_corrected",1,"full_market","beta_inc_male_long2","logincome_male","highercaste",TRUE,"male_attributes",22821.0048832219,1663,31,31,TRUE,TRUE,1511,138,14,7,7,0,322
"residence_corrected",1,"full_market","beta_inc_female_long","logincome_female","samecaste",FALSE,"female_attributes",-15774.2255347629,119,32,30,TRUE,TRUE,102,1,16,15,1,0,325
"residence_corrected",1,"full_market","beta_inc_female_long2","logincome_female","highercaste_female",FALSE,"female_attributes",-24253.1793429623,119,32,30,TRUE,TRUE,102,1,16,15,1,0,325
"residence_corrected",1,"full_market","beta_wag_male_long","logwage_male","samecaste",TRUE,"male_attributes",0.015622489054639,5766,31,31,TRUE,TRUE,5243,462,61,21,40,0,328
"residence_corrected",1,"full_market","beta_wag_male_long2","logwage_male","highercaste",TRUE,"male_attributes",0.208312245558809,5766,31,31,TRUE,TRUE,5243,462,61,21,40,0,328
"residence_corrected",1,"full_market","beta_wage_female_long","logwage_female","samecaste",TRUE,"female_attributes",-0.00474844965586723,1411,32,31,TRUE,TRUE,1269,4,138,131,7,0,331
"residence_corrected",1,"full_market","beta_wage_female_long2","logwage_female","highercaste_female",TRUE,"female_attributes",-0.175466978878805,1411,32,31,TRUE,TRUE,1269,4,138,131,7,0,331
"residence_corrected",1,"full_market","beta_skin_female_long","skinrank_female","samecaste",TRUE,"female_attributes",-0.234875863143654,5531,32,31,TRUE,TRUE,4994,17,520,481,39,0,334
"residence_corrected",1,"full_market","beta_skin_female_long2","skinrank_female","highercaste_female",TRUE,"female_attributes",-0.174719886851126,5531,32,31,TRUE,TRUE,4994,17,520,481,39,0,334
"residence_corrected",1,"full_market","beta_vb_female_long","vbeautiful_female","samecaste",TRUE,"female_attributes",0.0284690825678389,5975,32,31,TRUE,TRUE,5464,16,495,462,33,0,337
"residence_corrected",1,"full_market","beta_vb_female_long2","vbeautiful_female","highercaste_female",TRUE,"female_attributes",-0.0386830731798484,5975,32,31,TRUE,TRUE,5464,16,495,462,33,0,337
"residence_corrected",1,"full_market","beta_b_female_long","beautiful_female","samecaste",TRUE,"female_attributes",0.0740598098283961,5975,32,31,TRUE,TRUE,5464,16,495,462,33,0,340
"residence_corrected",1,"full_market","beta_b_female_long2","beautiful_female","highercaste_female",TRUE,"female_attributes",0.147610211867966,5975,32,31,TRUE,TRUE,5464,16,495,462,33,0,340
"residence_corrected",1,"full_market","beta_age_female_long","diff_age","samecaste",TRUE,"female_attributes",0.285742513862526,7508,32,30,TRUE,TRUE,6839,25,644,599,45,0,343
"residence_corrected",1,"full_market","beta_age_female_long2","diff_age","highercaste_female",TRUE,"female_attributes",-1.39897650607808,7508,32,30,TRUE,TRUE,6839,25,644,599,45,0,343
"residence_corrected",1,"full_market","beta_hg_female_long","diff_height","samecaste",TRUE,"female_attributes",-0.00680171782687092,6668,32,30,TRUE,TRUE,6057,20,591,557,34,0,346
"residence_corrected",1,"full_market","beta_hg_female_long2","diff_height","highercaste_female",TRUE,"female_attributes",-0.00482501965472829,6668,32,30,TRUE,TRUE,6057,20,591,557,34,0,346
"residence_corrected",1,"full_market","beta_age_male_long","diff_age","samecaste",TRUE,"male_attributes",0.502537910689516,7508,31,30,TRUE,TRUE,6839,599,70,25,45,0,349
"residence_corrected",1,"full_market","beta_age_male_long2","diff_age","highercaste",TRUE,"male_attributes",0.595690009714617,7508,31,30,TRUE,TRUE,6839,599,70,25,45,0,349
"residence_corrected",1,"full_market","beta_hg_male_long","diff_height","samecaste",TRUE,"male_attributes",-0.00524687005387351,6668,31,30,TRUE,TRUE,6057,557,54,20,34,0,352
"residence_corrected",1,"full_market","beta_hg_male_long2","diff_height","highercaste",TRUE,"male_attributes",-0.00569129538471196,6668,31,30,TRUE,TRUE,6057,557,54,20,34,0,352
"residence_corrected",1,"verified_interview_subset","beta_edu_male_long","edu_max_male","samecaste",TRUE,"male_attributes",0.198151305062062,428,31,31,TRUE,TRUE,394,31,3,1,2,0,298
"residence_corrected",1,"verified_interview_subset","beta_edu_male_long2","edu_max_male","highercaste",TRUE,"male_attributes",0.447806410915003,428,31,31,TRUE,TRUE,394,31,3,1,2,0,298
"residence_corrected",1,"verified_interview_subset","beta_edu_male_long_hg","diff_height","edu_max_male",TRUE,"male_attributes",-0.00158885442821847,383,30,29,TRUE,FALSE,NA,NA,NA,NA,NA,NA,301
"residence_corrected",1,"verified_interview_subset","beta_edu_male_long_ag","diff_age","edu_max_male",TRUE,"male_attributes",-0.227729822500097,430,30,29,TRUE,FALSE,NA,NA,NA,NA,NA,NA,303
"residence_corrected",1,"verified_interview_subset","beta_edu_male_long_wag","logwage_male","edu_max_male",TRUE,"male_attributes",0.103368818132352,339,30,30,TRUE,FALSE,NA,NA,NA,NA,NA,NA,305
"residence_corrected",1,"verified_interview_subset","beta_edu_male_long_inc","logincome_male","edu_max_male",TRUE,"male_attributes",-1522.64852884387,116,30,28,TRUE,FALSE,NA,NA,NA,NA,NA,NA,307
"residence_corrected",1,"verified_interview_subset","beta_edu_female_long","edu_max_female","samecaste",TRUE,"female_attributes",0.118894768254547,514,32,31,TRUE,TRUE,471,1,42,38,4,0,309
"residence_corrected",1,"verified_interview_subset","beta_edu_female_long2","edu_max_female","highercaste_female",TRUE,"female_attributes",-0.881465108493573,514,32,31,TRUE,TRUE,471,1,42,38,4,0,309
"residence_corrected",1,"verified_interview_subset","beta_edu_female_long_vb","vbeautiful_female","edu_max_female",TRUE,"female_attributes",-0.0225921106552708,421,31,31,TRUE,FALSE,NA,NA,NA,NA,NA,NA,312
"residence_corrected",1,"verified_interview_subset","beta_edu_female_long_b","beautiful_female","edu_max_female",TRUE,"female_attributes",-0.0206756533224958,421,31,31,TRUE,FALSE,NA,NA,NA,NA,NA,NA,314
"residence_corrected",1,"verified_interview_subset","beta_edu_female_long_sk","skinrank_female","edu_max_female",TRUE,"female_attributes",0.147106047810671,387,31,31,TRUE,FALSE,NA,NA,NA,NA,NA,NA,316
"residence_corrected",1,"verified_interview_subset","beta_edu_female_long_hg","diff_height","edu_max_female",TRUE,"female_attributes",0.00434984243713572,455,31,30,TRUE,FALSE,NA,NA,NA,NA,NA,NA,318
"residence_corrected",1,"verified_interview_subset","beta_edu_female_long_age","diff_age","edu_max_female",TRUE,"female_attributes",-0.67116955529256,511,31,30,TRUE,FALSE,NA,NA,NA,NA,NA,NA,320
"residence_corrected",1,"verified_interview_subset","beta_inc_male_long","logincome_male","samecaste",TRUE,"male_attributes",-1234.35468753918,136,31,29,TRUE,TRUE,125,9,2,0,2,0,322
"residence_corrected",1,"verified_interview_subset","beta_inc_male_long2","logincome_male","highercaste",TRUE,"male_attributes",-11845.7487833796,136,31,29,TRUE,TRUE,125,9,2,0,2,0,322
"residence_corrected",1,"verified_interview_subset","beta_inc_female_long","logincome_female","samecaste",FALSE,"female_attributes",NA,14,32,14,FALSE,TRUE,12,0,2,2,0,0,325
"residence_corrected",1,"verified_interview_subset","beta_inc_female_long2","logincome_female","highercaste_female",FALSE,"female_attributes",NA,14,32,14,FALSE,TRUE,12,0,2,2,0,0,325
"residence_corrected",1,"verified_interview_subset","beta_wag_male_long","logwage_male","samecaste",TRUE,"male_attributes",-0.216925913149403,407,31,31,TRUE,TRUE,373,30,4,1,3,0,328
"residence_corrected",1,"verified_interview_subset","beta_wag_male_long2","logwage_male","highercaste",TRUE,"male_attributes",-0.175782810032052,407,31,31,TRUE,TRUE,373,30,4,1,3,0,328
"residence_corrected",1,"verified_interview_subset","beta_wage_female_long","logwage_female","samecaste",TRUE,"female_attributes",0.11306495965314,105,32,28,TRUE,TRUE,94,0,11,11,0,0,331
"residence_corrected",1,"verified_interview_subset","beta_wage_female_long2","logwage_female","highercaste_female",TRUE,"female_attributes",NA,105,32,28,FALSE,TRUE,94,0,11,11,0,0,331
"residence_corrected",1,"verified_interview_subset","beta_skin_female_long","skinrank_female","samecaste",TRUE,"female_attributes",-0.181113467922564,400,32,30,TRUE,TRUE,363,0,37,33,4,0,334
"residence_corrected",1,"verified_interview_subset","beta_skin_female_long2","skinrank_female","highercaste_female",TRUE,"female_attributes",NA,400,32,30,FALSE,TRUE,363,0,37,33,4,0,334
"residence_corrected",1,"verified_interview_subset","beta_vb_female_long","vbeautiful_female","samecaste",TRUE,"female_attributes",0.0720994185709083,431,32,30,TRUE,TRUE,398,0,33,29,4,0,337
"residence_corrected",1,"verified_interview_subset","beta_vb_female_long2","vbeautiful_female","highercaste_female",TRUE,"female_attributes",NA,431,32,30,FALSE,TRUE,398,0,33,29,4,0,337
"residence_corrected",1,"verified_interview_subset","beta_b_female_long","beautiful_female","samecaste",TRUE,"female_attributes",0.00214100230785244,431,32,30,TRUE,TRUE,398,0,33,29,4,0,340
"residence_corrected",1,"verified_interview_subset","beta_b_female_long2","beautiful_female","highercaste_female",TRUE,"female_attributes",NA,431,32,30,FALSE,TRUE,398,0,33,29,4,0,340
"residence_corrected",1,"verified_interview_subset","beta_age_female_long","diff_age","samecaste",TRUE,"female_attributes",0.607044849064445,518,32,30,TRUE,TRUE,477,1,40,36,4,0,343
"residence_corrected",1,"verified_interview_subset","beta_age_female_long2","diff_age","highercaste_female",TRUE,"female_attributes",1.98394717865618,518,32,30,TRUE,TRUE,477,1,40,36,4,0,343
"residence_corrected",1,"verified_interview_subset","beta_hg_female_long","diff_height","samecaste",TRUE,"female_attributes",-0.00772273795060669,460,32,30,TRUE,TRUE,421,1,38,35,3,0,346
"residence_corrected",1,"verified_interview_subset","beta_hg_female_long2","diff_height","highercaste_female",TRUE,"female_attributes",0.0217436821487192,460,32,30,TRUE,TRUE,421,1,38,35,3,0,346
"residence_corrected",1,"verified_interview_subset","beta_age_male_long","diff_age","samecaste",TRUE,"male_attributes",-0.400784512433186,518,31,30,TRUE,TRUE,477,36,5,1,4,0,349
"residence_corrected",1,"verified_interview_subset","beta_age_male_long2","diff_age","highercaste",TRUE,"male_attributes",-0.326855329188895,518,31,30,TRUE,TRUE,477,36,5,1,4,0,349
"residence_corrected",1,"verified_interview_subset","beta_hg_male_long","diff_height","samecaste",TRUE,"male_attributes",-0.0052829849305848,460,31,30,TRUE,TRUE,421,35,4,1,3,0,352
"residence_corrected",1,"verified_interview_subset","beta_hg_male_long2","diff_height","highercaste",TRUE,"male_attributes",0.0013554416236497,460,31,30,TRUE,TRUE,421,35,4,1,3,0,352
"no_caste_original",1,"full_market","beta_edu_male_long","edu_max_male","samecaste",TRUE,"male_attributes",0.0493218507094452,5986,31,31,TRUE,TRUE,1100,2140,2746,2405,341,0,298
"no_caste_original",1,"full_market","beta_edu_male_long2","edu_max_male","highercaste",TRUE,"male_attributes",0.101317954997167,5986,31,31,TRUE,TRUE,1100,2140,2746,2405,341,0,298
"no_caste_original",1,"full_market","beta_edu_male_long_hg","diff_height","edu_max_male",TRUE,"male_attributes",0.000935311771359326,5516,30,29,TRUE,FALSE,NA,NA,NA,NA,NA,NA,301
"no_caste_original",1,"full_market","beta_edu_male_long_ag","diff_age","edu_max_male",TRUE,"male_attributes",-0.215560401632285,6112,30,29,TRUE,FALSE,NA,NA,NA,NA,NA,NA,303
"no_caste_original",1,"full_market","beta_edu_male_long_wag","logwage_male","edu_max_male",TRUE,"male_attributes",0.140160398545884,4687,30,30,TRUE,FALSE,NA,NA,NA,NA,NA,NA,305
"no_caste_original",1,"full_market","beta_edu_male_long_inc","logincome_male","edu_max_male",TRUE,"male_attributes",-3290.62872786323,1408,30,30,TRUE,FALSE,NA,NA,NA,NA,NA,NA,307
"no_caste_original",1,"full_market","beta_edu_female_long","edu_max_female","samecaste",TRUE,"female_attributes",0.0423360773548836,7296,32,31,TRUE,TRUE,1342,2884,3070,2672,398,0,309
"no_caste_original",1,"full_market","beta_edu_female_long2","edu_max_female","highercaste_female",TRUE,"female_attributes",0.0499948208128107,7296,32,31,TRUE,TRUE,1342,2884,3070,2672,398,0,309
"no_caste_original",1,"full_market","beta_edu_female_long_vb","vbeautiful_female","edu_max_female",TRUE,"female_attributes",-0.0343617756875053,5940,31,31,TRUE,FALSE,NA,NA,NA,NA,NA,NA,312
"no_caste_original",1,"full_market","beta_edu_female_long_b","beautiful_female","edu_max_female",TRUE,"female_attributes",0.00219158513149086,5940,31,31,TRUE,FALSE,NA,NA,NA,NA,NA,NA,314
"no_caste_original",1,"full_market","beta_edu_female_long_sk","skinrank_female","edu_max_female",TRUE,"female_attributes",0.0842909488354939,5443,31,31,TRUE,FALSE,NA,NA,NA,NA,NA,NA,316
"no_caste_original",1,"full_market","beta_edu_female_long_hg","diff_height","edu_max_female",TRUE,"female_attributes",0.00305937890730968,6618,31,30,TRUE,FALSE,NA,NA,NA,NA,NA,NA,318
"no_caste_original",1,"full_market","beta_edu_female_long_age","diff_age","edu_max_female",TRUE,"female_attributes",-0.587726327441233,7439,31,30,TRUE,FALSE,NA,NA,NA,NA,NA,NA,320
"no_caste_original",1,"full_market","beta_inc_male_long","logincome_male","samecaste",TRUE,"male_attributes",-865.382058151973,1670,31,31,TRUE,TRUE,332,621,717,643,74,0,322
"no_caste_original",1,"full_market","beta_inc_male_long2","logincome_male","highercaste",TRUE,"male_attributes",-1645.7726444526,1670,31,31,TRUE,TRUE,332,621,717,643,74,0,322
"no_caste_original",1,"full_market","beta_inc_female_long","logincome_female","samecaste",FALSE,"female_attributes",-16489.2618270985,110,32,31,TRUE,TRUE,20,33,57,52,5,0,325
"no_caste_original",1,"full_market","beta_inc_female_long2","logincome_female","highercaste_female",FALSE,"female_attributes",-33276.5556912045,110,32,31,TRUE,TRUE,20,33,57,52,5,0,325
"no_caste_original",1,"full_market","beta_wag_male_long","logwage_male","samecaste",TRUE,"male_attributes",0.0626548977739895,5770,31,31,TRUE,TRUE,1085,2043,2642,2327,315,0,328
"no_caste_original",1,"full_market","beta_wag_male_long2","logwage_male","highercaste",TRUE,"male_attributes",0.0583277635484731,5770,31,31,TRUE,TRUE,1085,2043,2642,2327,315,0,328
"no_caste_original",1,"full_market","beta_wage_female_long","logwage_female","samecaste",TRUE,"female_attributes",0.063295403502794,1416,32,31,TRUE,TRUE,277,528,611,550,61,0,331
"no_caste_original",1,"full_market","beta_wage_female_long2","logwage_female","highercaste_female",TRUE,"female_attributes",-0.00419984368660975,1416,32,31,TRUE,TRUE,277,528,611,550,61,0,331
"no_caste_original",1,"full_market","beta_skin_female_long","skinrank_female","samecaste",TRUE,"female_attributes",0.00491069010014901,5484,32,31,TRUE,TRUE,1022,2129,2333,2024,309,0,334
"no_caste_original",1,"full_market","beta_skin_female_long2","skinrank_female","highercaste_female",TRUE,"female_attributes",-0.0372873510158092,5484,32,31,TRUE,TRUE,1022,2129,2333,2024,309,0,334
"no_caste_original",1,"full_market","beta_vb_female_long","vbeautiful_female","samecaste",TRUE,"female_attributes",-0.0135016784236031,5999,32,31,TRUE,TRUE,1114,2419,2466,2130,336,0,337
"no_caste_original",1,"full_market","beta_vb_female_long2","vbeautiful_female","highercaste_female",TRUE,"female_attributes",-0.00492938385481045,5999,32,31,TRUE,TRUE,1114,2419,2466,2130,336,0,337
"no_caste_original",1,"full_market","beta_b_female_long","beautiful_female","samecaste",TRUE,"female_attributes",0.00298961738792199,5999,32,31,TRUE,TRUE,1114,2419,2466,2130,336,0,340
"no_caste_original",1,"full_market","beta_b_female_long2","beautiful_female","highercaste_female",TRUE,"female_attributes",0.0247929222779941,5999,32,31,TRUE,TRUE,1114,2419,2466,2130,336,0,340
"no_caste_original",1,"full_market","beta_age_female_long","diff_age","samecaste",TRUE,"female_attributes",-0.0722522748367712,7493,32,30,TRUE,TRUE,1377,2962,3154,2742,412,0,343
"no_caste_original",1,"full_market","beta_age_female_long2","diff_age","highercaste_female",TRUE,"female_attributes",-0.00698208531793544,7493,32,30,TRUE,TRUE,1377,2962,3154,2742,412,0,343
"no_caste_original",1,"full_market","beta_hg_female_long","diff_height","samecaste",TRUE,"female_attributes",0.000273722607125873,6676,32,30,TRUE,TRUE,1252,2654,2770,2398,372,0,346
"no_caste_original",1,"full_market","beta_hg_female_long2","diff_height","highercaste_female",TRUE,"female_attributes",-0.0016783824950863,6676,32,30,TRUE,TRUE,1252,2654,2770,2398,372,0,346
"no_caste_original",1,"full_market","beta_age_male_long","diff_age","samecaste",TRUE,"male_attributes",-0.0714657344590065,7493,31,30,TRUE,TRUE,1377,2742,3374,2962,412,0,349
"no_caste_original",1,"full_market","beta_age_male_long2","diff_age","highercaste",TRUE,"male_attributes",-0.012917906140454,7493,31,30,TRUE,TRUE,1377,2742,3374,2962,412,0,349
"no_caste_original",1,"full_market","beta_hg_male_long","diff_height","samecaste",TRUE,"male_attributes",0.00432179294867141,6676,31,30,TRUE,TRUE,1252,2398,3026,2654,372,0,352
"no_caste_original",1,"full_market","beta_hg_male_long2","diff_height","highercaste",TRUE,"male_attributes",0.00272162927660764,6676,31,30,TRUE,TRUE,1252,2398,3026,2654,372,0,352
"no_caste_original",1,"verified_interview_subset","beta_edu_male_long","edu_max_male","samecaste",TRUE,"male_attributes",-0.174661197360769,435,31,31,TRUE,TRUE,81,162,192,173,19,0,298
"no_caste_original",1,"verified_interview_subset","beta_edu_male_long2","edu_max_male","highercaste",TRUE,"male_attributes",0.0922109140957688,435,31,31,TRUE,TRUE,81,162,192,173,19,0,298
"no_caste_original",1,"verified_interview_subset","beta_edu_male_long_hg","diff_height","edu_max_male",TRUE,"male_attributes",-0.00124677499509324,387,30,28,TRUE,FALSE,NA,NA,NA,NA,NA,NA,301
"no_caste_original",1,"verified_interview_subset","beta_edu_male_long_ag","diff_age","edu_max_male",TRUE,"male_attributes",-0.104922507692651,434,30,29,TRUE,FALSE,NA,NA,NA,NA,NA,NA,303
"no_caste_original",1,"verified_interview_subset","beta_edu_male_long_wag","logwage_male","edu_max_male",TRUE,"male_attributes",0.0987826979907622,320,30,30,TRUE,FALSE,NA,NA,NA,NA,NA,NA,305
"no_caste_original",1,"verified_interview_subset","beta_edu_male_long_inc","logincome_male","edu_max_male",TRUE,"male_attributes",-1650.3435490687,114,30,27,TRUE,FALSE,NA,NA,NA,NA,NA,NA,307
"no_caste_original",1,"verified_interview_subset","beta_edu_female_long","edu_max_female","samecaste",TRUE,"female_attributes",0.225757316491237,515,32,31,TRUE,TRUE,100,194,221,197,24,0,309
"no_caste_original",1,"verified_interview_subset","beta_edu_female_long2","edu_max_female","highercaste_female",TRUE,"female_attributes",0.317540167373714,515,32,31,TRUE,TRUE,100,194,221,197,24,0,309
"no_caste_original",1,"verified_interview_subset","beta_edu_female_long_vb","vbeautiful_female","edu_max_female",TRUE,"female_attributes",-0.0508656201757092,411,31,31,TRUE,FALSE,NA,NA,NA,NA,NA,NA,312
"no_caste_original",1,"verified_interview_subset","beta_edu_female_long_b","beautiful_female","edu_max_female",TRUE,"female_attributes",0.038509501375337,411,31,31,TRUE,FALSE,NA,NA,NA,NA,NA,NA,314
"no_caste_original",1,"verified_interview_subset","beta_edu_female_long_sk","skinrank_female","edu_max_female",TRUE,"female_attributes",0.0674354142819568,390,31,31,TRUE,FALSE,NA,NA,NA,NA,NA,NA,316
"no_caste_original",1,"verified_interview_subset","beta_edu_female_long_hg","diff_height","edu_max_female",TRUE,"female_attributes",0.00410994555954391,449,31,30,TRUE,FALSE,NA,NA,NA,NA,NA,NA,318
"no_caste_original",1,"verified_interview_subset","beta_edu_female_long_age","diff_age","edu_max_female",TRUE,"female_attributes",-0.712349273415053,508,31,30,TRUE,FALSE,NA,NA,NA,NA,NA,NA,320
"no_caste_original",1,"verified_interview_subset","beta_inc_male_long","logincome_male","samecaste",TRUE,"male_attributes",-570.128632970667,130,31,29,TRUE,TRUE,31,47,52,49,3,0,322
"no_caste_original",1,"verified_interview_subset","beta_inc_male_long2","logincome_male","highercaste",TRUE,"male_attributes",49.9512319447082,130,31,29,TRUE,TRUE,31,47,52,49,3,0,322
"no_caste_original",1,"verified_interview_subset","beta_inc_female_long","logincome_female","samecaste",FALSE,"female_attributes",NA,7,32,7,FALSE,TRUE,2,1,4,4,0,0,325
"no_caste_original",1,"verified_interview_subset","beta_inc_female_long2","logincome_female","highercaste_female",FALSE,"female_attributes",NA,7,32,7,FALSE,TRUE,2,1,4,4,0,0,325
"no_caste_original",1,"verified_interview_subset","beta_wag_male_long","logwage_male","samecaste",TRUE,"male_attributes",-0.0602567166937268,388,31,31,TRUE,TRUE,76,146,166,148,18,0,328
"no_caste_original",1,"verified_interview_subset","beta_wag_male_long2","logwage_male","highercaste",TRUE,"male_attributes",-0.105090125127318,388,31,31,TRUE,TRUE,76,146,166,148,18,0,328
"no_caste_original",1,"verified_interview_subset","beta_wage_female_long","logwage_female","samecaste",TRUE,"female_attributes",0.058716863331322,114,32,30,TRUE,TRUE,21,44,49,44,5,0,331
"no_caste_original",1,"verified_interview_subset","beta_wage_female_long2","logwage_female","highercaste_female",TRUE,"female_attributes",0.0226926318698527,114,32,30,TRUE,TRUE,21,44,49,44,5,0,331
"no_caste_original",1,"verified_interview_subset","beta_skin_female_long","skinrank_female","samecaste",TRUE,"female_attributes",-0.00411968578858397,396,32,31,TRUE,TRUE,81,149,166,148,18,0,334
"no_caste_original",1,"verified_interview_subset","beta_skin_female_long2","skinrank_female","highercaste_female",TRUE,"female_attributes",-0.0280912174601811,396,32,31,TRUE,TRUE,81,149,166,148,18,0,334
"no_caste_original",1,"verified_interview_subset","beta_vb_female_long","vbeautiful_female","samecaste",TRUE,"female_attributes",-0.0427672973195994,421,32,31,TRUE,TRUE,85,163,173,151,22,0,337
"no_caste_original",1,"verified_interview_subset","beta_vb_female_long2","vbeautiful_female","highercaste_female",TRUE,"female_attributes",-0.0302687050361474,421,32,31,TRUE,TRUE,85,163,173,151,22,0,337
"no_caste_original",1,"verified_interview_subset","beta_b_female_long","beautiful_female","samecaste",TRUE,"female_attributes",0.0195486502675243,421,32,31,TRUE,TRUE,85,163,173,151,22,0,340
"no_caste_original",1,"verified_interview_subset","beta_b_female_long2","beautiful_female","highercaste_female",TRUE,"female_attributes",-0.00929247284865762,421,32,31,TRUE,TRUE,85,163,173,151,22,0,340
"no_caste_original",1,"verified_interview_subset","beta_age_female_long","diff_age","samecaste",TRUE,"female_attributes",-0.204896444555925,516,32,30,TRUE,TRUE,98,194,224,201,23,0,343
"no_caste_original",1,"verified_interview_subset","beta_age_female_long2","diff_age","highercaste_female",TRUE,"female_attributes",-0.179666114090544,516,32,30,TRUE,TRUE,98,194,224,201,23,0,343
"no_caste_original",1,"verified_interview_subset","beta_hg_female_long","diff_height","samecaste",TRUE,"female_attributes",0.00323628918773476,457,32,30,TRUE,TRUE,85,178,194,175,19,0,346
"no_caste_original",1,"verified_interview_subset","beta_hg_female_long2","diff_height","highercaste_female",TRUE,"female_attributes",0.00214071163107658,457,32,30,TRUE,TRUE,85,178,194,175,19,0,346
"no_caste_original",1,"verified_interview_subset","beta_age_male_long","diff_age","samecaste",TRUE,"male_attributes",-0.0265663602711484,516,31,30,TRUE,TRUE,98,201,217,194,23,0,349
"no_caste_original",1,"verified_interview_subset","beta_age_male_long2","diff_age","highercaste",TRUE,"male_attributes",0.0769533176878402,516,31,30,TRUE,TRUE,98,201,217,194,23,0,349
"no_caste_original",1,"verified_interview_subset","beta_hg_male_long","diff_height","samecaste",TRUE,"male_attributes",0.00759565034664688,457,31,30,TRUE,TRUE,85,175,197,178,19,0,352
"no_caste_original",1,"verified_interview_subset","beta_hg_male_long2","diff_height","highercaste",TRUE,"male_attributes",0.00278154939330075,457,31,30,TRUE,TRUE,85,175,197,178,19,0,352
"no_caste_residence_corrected",1,"full_market","beta_edu_male_long","edu_max_male","samecaste",TRUE,"male_attributes",0.0570174450497275,5983,31,31,TRUE,TRUE,1129,2124,2730,2401,329,0,298
"no_caste_residence_corrected",1,"full_market","beta_edu_male_long2","edu_max_male","highercaste",TRUE,"male_attributes",0.0644928240991309,5983,31,31,TRUE,TRUE,1129,2124,2730,2401,329,0,298
"no_caste_residence_corrected",1,"full_market","beta_edu_male_long_hg","diff_height","edu_max_male",TRUE,"male_attributes",0.000956402512669313,5518,30,29,TRUE,FALSE,NA,NA,NA,NA,NA,NA,301
"no_caste_residence_corrected",1,"full_market","beta_edu_male_long_ag","diff_age","edu_max_male",TRUE,"male_attributes",-0.216152051501746,6112,30,29,TRUE,FALSE,NA,NA,NA,NA,NA,NA,303
"no_caste_residence_corrected",1,"full_market","beta_edu_male_long_wag","logwage_male","edu_max_male",TRUE,"male_attributes",0.142183911513522,4687,30,30,TRUE,FALSE,NA,NA,NA,NA,NA,NA,305
"no_caste_residence_corrected",1,"full_market","beta_edu_male_long_inc","logincome_male","edu_max_male",TRUE,"male_attributes",-3264.96356373758,1408,30,30,TRUE,FALSE,NA,NA,NA,NA,NA,NA,307
"no_caste_residence_corrected",1,"full_market","beta_edu_female_long","edu_max_female","samecaste",TRUE,"female_attributes",0.0485641886720154,7304,32,31,TRUE,TRUE,1364,2872,3068,2679,389,0,309
"no_caste_residence_corrected",1,"full_market","beta_edu_female_long2","edu_max_female","highercaste_female",TRUE,"female_attributes",0.0500965364348117,7304,32,31,TRUE,TRUE,1364,2872,3068,2679,389,0,309
"no_caste_residence_corrected",1,"full_market","beta_edu_female_long_vb","vbeautiful_female","edu_max_female",TRUE,"female_attributes",-0.0366513294931812,5939,31,31,TRUE,FALSE,NA,NA,NA,NA,NA,NA,312
"no_caste_residence_corrected",1,"full_market","beta_edu_female_long_b","beautiful_female","edu_max_female",TRUE,"female_attributes",0.00339530427416008,5939,31,31,TRUE,FALSE,NA,NA,NA,NA,NA,NA,314
"no_caste_residence_corrected",1,"full_market","beta_edu_female_long_sk","skinrank_female","edu_max_female",TRUE,"female_attributes",0.0880932862078655,5449,31,31,TRUE,FALSE,NA,NA,NA,NA,NA,NA,316
"no_caste_residence_corrected",1,"full_market","beta_edu_female_long_hg","diff_height","edu_max_female",TRUE,"female_attributes",0.00286715086973008,6620,31,30,TRUE,FALSE,NA,NA,NA,NA,NA,NA,318
"no_caste_residence_corrected",1,"full_market","beta_edu_female_long_age","diff_age","edu_max_female",TRUE,"female_attributes",-0.592109727259992,7442,31,30,TRUE,FALSE,NA,NA,NA,NA,NA,NA,320
"no_caste_residence_corrected",1,"full_market","beta_inc_male_long","logincome_male","samecaste",TRUE,"male_attributes",-1131.88620766228,1664,31,31,TRUE,TRUE,326,623,715,640,75,0,322
"no_caste_residence_corrected",1,"full_market","beta_inc_male_long2","logincome_male","highercaste",TRUE,"male_attributes",-2159.30946504299,1664,31,31,TRUE,TRUE,326,623,715,640,75,0,322
"no_caste_residence_corrected",1,"full_market","beta_inc_female_long","logincome_female","samecaste",FALSE,"female_attributes",-41726.6700656847,114,32,30,TRUE,TRUE,19,36,59,56,3,0,325
"no_caste_residence_corrected",1,"full_market","beta_inc_female_long2","logincome_female","highercaste_female",FALSE,"female_attributes",-20524.1771976054,114,32,30,TRUE,TRUE,19,36,59,56,3,0,325
"no_caste_residence_corrected",1,"full_market","beta_wag_male_long","logwage_male","samecaste",TRUE,"male_attributes",0.0690893885927104,5768,31,31,TRUE,TRUE,1085,2066,2617,2311,306,0,328
"no_caste_residence_corrected",1,"full_market","beta_wag_male_long2","logwage_male","highercaste",TRUE,"male_attributes",0.064814361532557,5768,31,31,TRUE,TRUE,1085,2066,2617,2311,306,0,328
"no_caste_residence_corrected",1,"full_market","beta_wage_female_long","logwage_female","samecaste",TRUE,"female_attributes",0.0528312908572891,1416,32,31,TRUE,TRUE,285,506,625,559,66,0,331
"no_caste_residence_corrected",1,"full_market","beta_wage_female_long2","logwage_female","highercaste_female",TRUE,"female_attributes",-0.0082231473720107,1416,32,31,TRUE,TRUE,285,506,625,559,66,0,331
"no_caste_residence_corrected",1,"full_market","beta_skin_female_long","skinrank_female","samecaste",TRUE,"female_attributes",-0.00692641452879974,5492,32,31,TRUE,TRUE,1014,2130,2348,2060,288,0,334
"no_caste_residence_corrected",1,"full_market","beta_skin_female_long2","skinrank_female","highercaste_female",TRUE,"female_attributes",-0.0333039005357216,5492,32,31,TRUE,TRUE,1014,2130,2348,2060,288,0,334
"no_caste_residence_corrected",1,"full_market","beta_vb_female_long","vbeautiful_female","samecaste",TRUE,"female_attributes",-0.008047822669285,6005,32,31,TRUE,TRUE,1108,2418,2479,2155,324,0,337
"no_caste_residence_corrected",1,"full_market","beta_vb_female_long2","vbeautiful_female","highercaste_female",TRUE,"female_attributes",-0.00843995339011491,6005,32,31,TRUE,TRUE,1108,2418,2479,2155,324,0,337
"no_caste_residence_corrected",1,"full_market","beta_b_female_long","beautiful_female","samecaste",TRUE,"female_attributes",-0.00746222793126544,6005,32,31,TRUE,TRUE,1108,2418,2479,2155,324,0,340
"no_caste_residence_corrected",1,"full_market","beta_b_female_long2","beautiful_female","highercaste_female",TRUE,"female_attributes",0.00571848619450072,6005,32,31,TRUE,TRUE,1108,2418,2479,2155,324,0,340
"no_caste_residence_corrected",1,"full_market","beta_age_female_long","diff_age","samecaste",TRUE,"female_attributes",-0.0820729678717011,7495,32,30,TRUE,TRUE,1392,2957,3146,2749,397,0,343
"no_caste_residence_corrected",1,"full_market","beta_age_female_long2","diff_age","highercaste_female",TRUE,"female_attributes",-0.0354895072290779,7495,32,30,TRUE,TRUE,1392,2957,3146,2749,397,0,343
"no_caste_residence_corrected",1,"full_market","beta_hg_female_long","diff_height","samecaste",TRUE,"female_attributes",-0.000493227638457758,6678,32,30,TRUE,TRUE,1265,2657,2756,2400,356,0,346
"no_caste_residence_corrected",1,"full_market","beta_hg_female_long2","diff_height","highercaste_female",TRUE,"female_attributes",-0.00189702950294645,6678,32,30,TRUE,TRUE,1265,2657,2756,2400,356,0,346
"no_caste_residence_corrected",1,"full_market","beta_age_male_long","diff_age","samecaste",TRUE,"male_attributes",0.0285430842160611,7495,31,30,TRUE,TRUE,1392,2749,3354,2957,397,0,349
"no_caste_residence_corrected",1,"full_market","beta_age_male_long2","diff_age","highercaste",TRUE,"male_attributes",0.070993978103078,7495,31,30,TRUE,TRUE,1392,2749,3354,2957,397,0,349
"no_caste_residence_corrected",1,"full_market","beta_hg_male_long","diff_height","samecaste",TRUE,"male_attributes",0.00299360828934363,6678,31,30,TRUE,TRUE,1265,2400,3013,2657,356,0,352
"no_caste_residence_corrected",1,"full_market","beta_hg_male_long2","diff_height","highercaste",TRUE,"male_attributes",0.00237744829087648,6678,31,30,TRUE,TRUE,1265,2400,3013,2657,356,0,352
"no_caste_residence_corrected",1,"verified_interview_subset","beta_edu_male_long","edu_max_male","samecaste",TRUE,"male_attributes",-0.0851010593668302,428,31,31,TRUE,TRUE,81,152,195,182,13,0,298
"no_caste_residence_corrected",1,"verified_interview_subset","beta_edu_male_long2","edu_max_male","highercaste",TRUE,"male_attributes",0.0712921908262295,428,31,31,TRUE,TRUE,81,152,195,182,13,0,298
"no_caste_residence_corrected",1,"verified_interview_subset","beta_edu_male_long_hg","diff_height","edu_max_male",TRUE,"male_attributes",0.000754669457896449,390,30,28,TRUE,FALSE,NA,NA,NA,NA,NA,NA,301
"no_caste_residence_corrected",1,"verified_interview_subset","beta_edu_male_long_ag","diff_age","edu_max_male",TRUE,"male_attributes",-0.240809437347744,435,30,29,TRUE,FALSE,NA,NA,NA,NA,NA,NA,303
"no_caste_residence_corrected",1,"verified_interview_subset","beta_edu_male_long_wag","logwage_male","edu_max_male",TRUE,"male_attributes",0.153891684081343,329,30,30,TRUE,FALSE,NA,NA,NA,NA,NA,NA,305
"no_caste_residence_corrected",1,"verified_interview_subset","beta_edu_male_long_inc","logincome_male","edu_max_male",TRUE,"male_attributes",-2116.27048326873,105,30,27,TRUE,FALSE,NA,NA,NA,NA,NA,NA,307
"no_caste_residence_corrected",1,"verified_interview_subset","beta_edu_female_long","edu_max_female","samecaste",TRUE,"female_attributes",0.149431140885436,509,32,31,TRUE,TRUE,99,207,203,185,18,0,309
"no_caste_residence_corrected",1,"verified_interview_subset","beta_edu_female_long2","edu_max_female","highercaste_female",TRUE,"female_attributes",0.306156908434585,509,32,31,TRUE,TRUE,99,207,203,185,18,0,309
"no_caste_residence_corrected",1,"verified_interview_subset","beta_edu_female_long_vb","vbeautiful_female","edu_max_female",TRUE,"female_attributes",-0.0538183487209553,418,31,31,TRUE,FALSE,NA,NA,NA,NA,NA,NA,312
"no_caste_residence_corrected",1,"verified_interview_subset","beta_edu_female_long_b","beautiful_female","edu_max_female",TRUE,"female_attributes",0.0325972316798965,418,31,31,TRUE,FALSE,NA,NA,NA,NA,NA,NA,314
"no_caste_residence_corrected",1,"verified_interview_subset","beta_edu_female_long_sk","skinrank_female","edu_max_female",TRUE,"female_attributes",0.0898435306235802,373,31,31,TRUE,FALSE,NA,NA,NA,NA,NA,NA,316
"no_caste_residence_corrected",1,"verified_interview_subset","beta_edu_female_long_hg","diff_height","edu_max_female",TRUE,"female_attributes",0.00492052685296591,455,31,30,TRUE,FALSE,NA,NA,NA,NA,NA,NA,318
"no_caste_residence_corrected",1,"verified_interview_subset","beta_edu_female_long_age","diff_age","edu_max_female",TRUE,"female_attributes",-0.703527799689165,510,31,30,TRUE,FALSE,NA,NA,NA,NA,NA,NA,320
"no_caste_residence_corrected",1,"verified_interview_subset","beta_inc_male_long","logincome_male","samecaste",TRUE,"male_attributes",1579.8818272897,121,31,30,TRUE,TRUE,25,51,45,40,5,0,322
"no_caste_residence_corrected",1,"verified_interview_subset","beta_inc_male_long2","logincome_male","highercaste",TRUE,"male_attributes",-899.829827752475,121,31,30,TRUE,TRUE,25,51,45,40,5,0,322
"no_caste_residence_corrected",1,"verified_interview_subset","beta_inc_female_long","logincome_female","samecaste",FALSE,"female_attributes",NA,8,32,8,FALSE,TRUE,1,3,4,4,0,0,325
"no_caste_residence_corrected",1,"verified_interview_subset","beta_inc_female_long2","logincome_female","highercaste_female",FALSE,"female_attributes",NA,8,32,8,FALSE,TRUE,1,3,4,4,0,0,325
"no_caste_residence_corrected",1,"verified_interview_subset","beta_wag_male_long","logwage_male","samecaste",TRUE,"male_attributes",0.0393360503719134,386,31,31,TRUE,TRUE,74,134,178,163,15,0,328
"no_caste_residence_corrected",1,"verified_interview_subset","beta_wag_male_long2","logwage_male","highercaste",TRUE,"male_attributes",0.0427986386912255,386,31,31,TRUE,TRUE,74,134,178,163,15,0,328
"no_caste_residence_corrected",1,"verified_interview_subset","beta_wage_female_long","logwage_female","samecaste",TRUE,"female_attributes",-0.0192235965043205,99,32,29,TRUE,TRUE,16,40,43,39,4,0,331
"no_caste_residence_corrected",1,"verified_interview_subset","beta_wage_female_long2","logwage_female","highercaste_female",TRUE,"female_attributes",0.0383472867940476,99,32,29,TRUE,TRUE,16,40,43,39,4,0,331
"no_caste_residence_corrected",1,"verified_interview_subset","beta_skin_female_long","skinrank_female","samecaste",TRUE,"female_attributes",-0.0941816805606818,373,32,31,TRUE,TRUE,76,151,146,135,11,0,334
"no_caste_residence_corrected",1,"verified_interview_subset","beta_skin_female_long2","skinrank_female","highercaste_female",TRUE,"female_attributes",-0.0773269328156811,373,32,31,TRUE,TRUE,76,151,146,135,11,0,334
"no_caste_residence_corrected",1,"verified_interview_subset","beta_vb_female_long","vbeautiful_female","samecaste",TRUE,"female_attributes",-0.0479766719228746,419,32,31,TRUE,TRUE,81,177,161,145,16,0,337
"no_caste_residence_corrected",1,"verified_interview_subset","beta_vb_female_long2","vbeautiful_female","highercaste_female",TRUE,"female_attributes",-0.0155580725053373,419,32,31,TRUE,TRUE,81,177,161,145,16,0,337
"no_caste_residence_corrected",1,"verified_interview_subset","beta_b_female_long","beautiful_female","samecaste",TRUE,"female_attributes",0.00517916896404914,419,32,31,TRUE,TRUE,81,177,161,145,16,0,340
"no_caste_residence_corrected",1,"verified_interview_subset","beta_b_female_long2","beautiful_female","highercaste_female",TRUE,"female_attributes",-0.0306303887953952,419,32,31,TRUE,TRUE,81,177,161,145,16,0,340
"no_caste_residence_corrected",1,"verified_interview_subset","beta_age_female_long","diff_age","samecaste",TRUE,"female_attributes",0.0222786711206127,507,32,30,TRUE,TRUE,98,206,203,186,17,0,343
"no_caste_residence_corrected",1,"verified_interview_subset","beta_age_female_long2","diff_age","highercaste_female",TRUE,"female_attributes",0.00358132402788474,507,32,30,TRUE,TRUE,98,206,203,186,17,0,343
"no_caste_residence_corrected",1,"verified_interview_subset","beta_hg_female_long","diff_height","samecaste",TRUE,"female_attributes",0.000559149777866752,453,32,30,TRUE,TRUE,89,186,178,163,15,0,346
"no_caste_residence_corrected",1,"verified_interview_subset","beta_hg_female_long2","diff_height","highercaste_female",TRUE,"female_attributes",0.00145125789169848,453,32,30,TRUE,TRUE,89,186,178,163,15,0,346
"no_caste_residence_corrected",1,"verified_interview_subset","beta_age_male_long","diff_age","samecaste",TRUE,"male_attributes",0.269986084784377,507,31,30,TRUE,TRUE,98,186,223,206,17,0,349
"no_caste_residence_corrected",1,"verified_interview_subset","beta_age_male_long2","diff_age","highercaste",TRUE,"male_attributes",0.0458677357351274,507,31,30,TRUE,TRUE,98,186,223,206,17,0,349
"no_caste_residence_corrected",1,"verified_interview_subset","beta_hg_male_long","diff_height","samecaste",TRUE,"male_attributes",0.00206569744103774,453,31,30,TRUE,TRUE,89,163,201,186,15,0,352
"no_caste_residence_corrected",1,"verified_interview_subset","beta_hg_male_long2","diff_height","highercaste",TRUE,"male_attributes",0.00390495301929343,453,31,30,TRUE,TRUE,89,163,201,186,15,0,352
"unweighted",0,"full_market","beta_edu_male_long","edu_max_male","samecaste",TRUE,"male_attributes",-0.0532582190838958,6026,31,31,TRUE,TRUE,5620,32,374,374,0,0,298
"unweighted",0,"full_market","beta_edu_male_long2","edu_max_male","highercaste",TRUE,"male_attributes",-0.257969669885277,6026,31,31,TRUE,TRUE,5620,32,374,374,0,0,298
"unweighted",0,"full_market","beta_edu_male_long_hg","diff_height","edu_max_male",TRUE,"male_attributes",0.00086516171804598,5515,30,29,TRUE,FALSE,NA,NA,NA,NA,NA,NA,301
"unweighted",0,"full_market","beta_edu_male_long_ag","diff_age","edu_max_male",TRUE,"male_attributes",-0.201559558991187,6080,30,29,TRUE,FALSE,NA,NA,NA,NA,NA,NA,303
"unweighted",0,"full_market","beta_edu_male_long_wag","logwage_male","edu_max_male",TRUE,"male_attributes",0.167094841153997,4687,30,30,TRUE,FALSE,NA,NA,NA,NA,NA,NA,305
"unweighted",0,"full_market","beta_edu_male_long_inc","logincome_male","edu_max_male",TRUE,"male_attributes",-543.895542120419,1408,30,30,TRUE,FALSE,NA,NA,NA,NA,NA,NA,307
"unweighted",0,"full_market","beta_edu_female_long","edu_max_female","samecaste",TRUE,"female_attributes",-0.0886155989891633,7255,32,31,TRUE,TRUE,6757,454,44,44,0,0,309
"unweighted",0,"full_market","beta_edu_female_long2","edu_max_female","highercaste_female",TRUE,"female_attributes",-0.318779507506508,7255,32,31,TRUE,TRUE,6757,454,44,44,0,0,309
"unweighted",0,"full_market","beta_edu_female_long_vb","vbeautiful_female","edu_max_female",TRUE,"female_attributes",-0.0477094044856349,5805,31,31,TRUE,FALSE,NA,NA,NA,NA,NA,NA,312
"unweighted",0,"full_market","beta_edu_female_long_b","beautiful_female","edu_max_female",TRUE,"female_attributes",-0.01607834418159,5805,31,31,TRUE,FALSE,NA,NA,NA,NA,NA,NA,314
"unweighted",0,"full_market","beta_edu_female_long_sk","skinrank_female","edu_max_female",TRUE,"female_attributes",0.117954903510756,5514,31,31,TRUE,FALSE,NA,NA,NA,NA,NA,NA,316
"unweighted",0,"full_market","beta_edu_female_long_hg","diff_height","edu_max_female",TRUE,"female_attributes",0.00344083351536627,6541,31,30,TRUE,FALSE,NA,NA,NA,NA,NA,NA,318
"unweighted",0,"full_market","beta_edu_female_long_age","diff_age","edu_max_female",TRUE,"female_attributes",-0.67081462270295,7283,31,30,TRUE,FALSE,NA,NA,NA,NA,NA,NA,320
"unweighted",0,"full_market","beta_inc_male_long","logincome_male","samecaste",TRUE,"male_attributes",-13199.1789933349,1674,31,31,TRUE,TRUE,1566,7,101,101,0,0,322
"unweighted",0,"full_market","beta_inc_male_long2","logincome_male","highercaste",TRUE,"male_attributes",-10940.0156762586,1674,31,31,TRUE,TRUE,1566,7,101,101,0,0,322
"unweighted",0,"full_market","beta_inc_female_long","logincome_female","samecaste",FALSE,"female_attributes",-7339.63055708332,104,32,30,TRUE,TRUE,95,6,3,3,0,0,325
"unweighted",0,"full_market","beta_inc_female_long2","logincome_female","highercaste_female",FALSE,"female_attributes",-24046.6900645111,104,32,30,TRUE,TRUE,95,6,3,3,0,0,325
"unweighted",0,"full_market","beta_wag_male_long","logwage_male","samecaste",TRUE,"male_attributes",-0.187990382161861,5793,31,31,TRUE,TRUE,5363,32,398,397,1,0,328
"unweighted",0,"full_market","beta_wag_male_long2","logwage_male","highercaste",TRUE,"male_attributes",-0.290827259564665,5793,31,31,TRUE,TRUE,5363,32,398,397,1,0,328
"unweighted",0,"full_market","beta_wage_female_long","logwage_female","samecaste",TRUE,"female_attributes",-0.0424940175964232,1386,32,31,TRUE,TRUE,1296,71,19,18,1,0,331
"unweighted",0,"full_market","beta_wage_female_long2","logwage_female","highercaste_female",TRUE,"female_attributes",-0.124363451837712,1386,32,31,TRUE,TRUE,1296,71,19,18,1,0,331
"unweighted",0,"full_market","beta_skin_female_long","skinrank_female","samecaste",TRUE,"female_attributes",0.141356522627762,5662,32,31,TRUE,TRUE,5262,369,31,30,1,0,334
"unweighted",0,"full_market","beta_skin_female_long2","skinrank_female","highercaste_female",TRUE,"female_attributes",0.159151340207705,5662,32,31,TRUE,TRUE,5262,369,31,30,1,0,334
"unweighted",0,"full_market","beta_vb_female_long","vbeautiful_female","samecaste",TRUE,"female_attributes",-0.0522051469481092,5990,32,31,TRUE,TRUE,5586,370,34,33,1,0,337
"unweighted",0,"full_market","beta_vb_female_long2","vbeautiful_female","highercaste_female",TRUE,"female_attributes",-0.0827011719268692,5990,32,31,TRUE,TRUE,5586,370,34,33,1,0,337
"unweighted",0,"full_market","beta_b_female_long","beautiful_female","samecaste",TRUE,"female_attributes",0.127658787621122,5990,32,31,TRUE,TRUE,5586,370,34,33,1,0,340
"unweighted",0,"full_market","beta_b_female_long2","beautiful_female","highercaste_female",TRUE,"female_attributes",0.067574289923912,5990,32,31,TRUE,TRUE,5586,370,34,33,1,0,340
"unweighted",0,"full_market","beta_age_female_long","diff_age","samecaste",TRUE,"female_attributes",0.213116795505867,7475,32,30,TRUE,TRUE,6969,465,41,41,0,0,343
"unweighted",0,"full_market","beta_age_female_long2","diff_age","highercaste_female",TRUE,"female_attributes",0.0230888792356783,7475,32,30,TRUE,TRUE,6969,465,41,41,0,0,343
"unweighted",0,"full_market","beta_hg_female_long","diff_height","samecaste",TRUE,"female_attributes",0.000388917679014836,6684,32,30,TRUE,TRUE,6222,422,40,40,0,0,346
"unweighted",0,"full_market","beta_hg_female_long2","diff_height","highercaste_female",TRUE,"female_attributes",0.0011556536610659,6684,32,30,TRUE,TRUE,6222,422,40,40,0,0,346
"unweighted",0,"full_market","beta_age_male_long","diff_age","samecaste",TRUE,"male_attributes",0.178392228960122,7475,31,30,TRUE,TRUE,6969,41,465,465,0,0,349
"unweighted",0,"full_market","beta_age_male_long2","diff_age","highercaste",TRUE,"male_attributes",0.57562141962107,7475,31,30,TRUE,TRUE,6969,41,465,465,0,0,349
"unweighted",0,"full_market","beta_hg_male_long","diff_height","samecaste",TRUE,"male_attributes",0.00641820417306269,6684,31,30,TRUE,TRUE,6222,40,422,422,0,0,352
"unweighted",0,"full_market","beta_hg_male_long2","diff_height","highercaste",TRUE,"male_attributes",0.00724377455375685,6684,31,30,TRUE,TRUE,6222,40,422,422,0,0,352
"unweighted",0,"verified_interview_subset","beta_edu_male_long","edu_max_male","samecaste",TRUE,"male_attributes",-0.354158224719366,434,31,29,TRUE,TRUE,405,2,27,27,0,0,298
"unweighted",0,"verified_interview_subset","beta_edu_male_long2","edu_max_male","highercaste",TRUE,"male_attributes",0.284815938941352,434,31,29,TRUE,TRUE,405,2,27,27,0,0,298
"unweighted",0,"verified_interview_subset","beta_edu_male_long_hg","diff_height","edu_max_male",TRUE,"male_attributes",0.00279666377015027,395,30,27,TRUE,FALSE,NA,NA,NA,NA,NA,NA,301
"unweighted",0,"verified_interview_subset","beta_edu_male_long_ag","diff_age","edu_max_male",TRUE,"male_attributes",-0.227928141155526,426,30,27,TRUE,FALSE,NA,NA,NA,NA,NA,NA,303
"unweighted",0,"verified_interview_subset","beta_edu_male_long_wag","logwage_male","edu_max_male",TRUE,"male_attributes",0.140819261079774,317,30,28,TRUE,FALSE,NA,NA,NA,NA,NA,NA,305
"unweighted",0,"verified_interview_subset","beta_edu_male_long_inc","logincome_male","edu_max_male",TRUE,"male_attributes",-3878.95620862449,105,30,26,TRUE,FALSE,NA,NA,NA,NA,NA,NA,307
"unweighted",0,"verified_interview_subset","beta_edu_female_long","edu_max_female","samecaste",TRUE,"female_attributes",-0.214117718999018,515,32,31,TRUE,TRUE,476,37,2,2,0,0,309
"unweighted",0,"verified_interview_subset","beta_edu_female_long2","edu_max_female","highercaste_female",TRUE,"female_attributes",-0.0504413541981546,515,32,31,TRUE,TRUE,476,37,2,2,0,0,309
"unweighted",0,"verified_interview_subset","beta_edu_female_long_vb","vbeautiful_female","edu_max_female",TRUE,"female_attributes",-0.0590869823468744,430,31,31,TRUE,FALSE,NA,NA,NA,NA,NA,NA,312
"unweighted",0,"verified_interview_subset","beta_edu_female_long_b","beautiful_female","edu_max_female",TRUE,"female_attributes",-0.00702348650621482,430,31,31,TRUE,FALSE,NA,NA,NA,NA,NA,NA,314
"unweighted",0,"verified_interview_subset","beta_edu_female_long_sk","skinrank_female","edu_max_female",TRUE,"female_attributes",0.11430474298469,386,31,31,TRUE,FALSE,NA,NA,NA,NA,NA,NA,316
"unweighted",0,"verified_interview_subset","beta_edu_female_long_hg","diff_height","edu_max_female",TRUE,"female_attributes",0.00509685464746615,459,31,30,TRUE,FALSE,NA,NA,NA,NA,NA,NA,318
"unweighted",0,"verified_interview_subset","beta_edu_female_long_age","diff_age","edu_max_female",TRUE,"female_attributes",-0.752455002100258,501,31,30,TRUE,FALSE,NA,NA,NA,NA,NA,NA,320
"unweighted",0,"verified_interview_subset","beta_inc_male_long","logincome_male","samecaste",TRUE,"male_attributes",18179.9896605083,123,31,27,TRUE,TRUE,117,0,6,6,0,0,322
"unweighted",0,"verified_interview_subset","beta_inc_male_long2","logincome_male","highercaste",TRUE,"male_attributes",NA,123,31,27,FALSE,TRUE,117,0,6,6,0,0,322
"unweighted",0,"verified_interview_subset","beta_inc_female_long","logincome_female","samecaste",FALSE,"female_attributes",NA,7,32,7,FALSE,TRUE,6,1,0,0,0,0,325
"unweighted",0,"verified_interview_subset","beta_inc_female_long2","logincome_female","highercaste_female",FALSE,"female_attributes",NA,7,32,7,FALSE,TRUE,6,1,0,0,0,0,325
"unweighted",0,"verified_interview_subset","beta_wag_male_long","logwage_male","samecaste",TRUE,"male_attributes",-0.0610123505324443,389,31,29,TRUE,TRUE,360,1,28,28,0,0,328
"unweighted",0,"verified_interview_subset","beta_wag_male_long2","logwage_male","highercaste",TRUE,"male_attributes",-0.514340773081827,389,31,29,TRUE,TRUE,360,1,28,28,0,0,328
"unweighted",0,"verified_interview_subset","beta_wage_female_long","logwage_female","samecaste",TRUE,"female_attributes",-0.450279013710547,99,32,30,TRUE,TRUE,91,6,2,2,0,0,331
"unweighted",0,"verified_interview_subset","beta_wage_female_long2","logwage_female","highercaste_female",TRUE,"female_attributes",-0.556495940940285,99,32,30,TRUE,TRUE,91,6,2,2,0,0,331
"unweighted",0,"verified_interview_subset","beta_skin_female_long","skinrank_female","samecaste",TRUE,"female_attributes",-0.0538970423506203,395,32,31,TRUE,TRUE,364,30,1,1,0,0,334
"unweighted",0,"verified_interview_subset","beta_skin_female_long2","skinrank_female","highercaste_female",TRUE,"female_attributes",-0.224212761286228,395,32,31,TRUE,TRUE,364,30,1,1,0,0,334
"unweighted",0,"verified_interview_subset","beta_vb_female_long","vbeautiful_female","samecaste",TRUE,"female_attributes",-0.36915925572474,440,32,31,TRUE,TRUE,408,30,2,2,0,0,337
"unweighted",0,"verified_interview_subset","beta_vb_female_long2","vbeautiful_female","highercaste_female",TRUE,"female_attributes",-0.508889228738548,440,32,31,TRUE,TRUE,408,30,2,2,0,0,337
"unweighted",0,"verified_interview_subset","beta_b_female_long","beautiful_female","samecaste",TRUE,"female_attributes",0.53958000172237,440,32,31,TRUE,TRUE,408,30,2,2,0,0,340
"unweighted",0,"verified_interview_subset","beta_b_female_long2","beautiful_female","highercaste_female",TRUE,"female_attributes",0.731850530725155,440,32,31,TRUE,TRUE,408,30,2,2,0,0,340
"unweighted",0,"verified_interview_subset","beta_age_female_long","diff_age","samecaste",TRUE,"female_attributes",-0.302693006069387,512,32,30,TRUE,TRUE,475,35,2,2,0,0,343
"unweighted",0,"verified_interview_subset","beta_age_female_long2","diff_age","highercaste_female",TRUE,"female_attributes",-0.130997196943659,512,32,30,TRUE,TRUE,475,35,2,2,0,0,343
"unweighted",0,"verified_interview_subset","beta_hg_female_long","diff_height","samecaste",TRUE,"female_attributes",-0.019930329620372,469,32,30,TRUE,TRUE,434,33,2,2,0,0,346
"unweighted",0,"verified_interview_subset","beta_hg_female_long2","diff_height","highercaste_female",TRUE,"female_attributes",-0.014255726047592,469,32,30,TRUE,TRUE,434,33,2,2,0,0,346
"unweighted",0,"verified_interview_subset","beta_age_male_long","diff_age","samecaste",TRUE,"male_attributes",-0.560903316091544,512,31,28,TRUE,TRUE,475,2,35,35,0,0,349
"unweighted",0,"verified_interview_subset","beta_age_male_long2","diff_age","highercaste",TRUE,"male_attributes",1.49167135430617,512,31,28,TRUE,TRUE,475,2,35,35,0,0,349
"unweighted",0,"verified_interview_subset","beta_hg_male_long","diff_height","samecaste",TRUE,"male_attributes",0.00803394965672063,469,31,28,TRUE,TRUE,434,2,33,33,0,0,352
"unweighted",0,"verified_interview_subset","beta_hg_male_long2","diff_height","highercaste",TRUE,"male_attributes",0.0357710439396003,469,31,28,TRUE,TRUE,434,2,33,33,0,0,352
"weighted",0,"full_market","beta_edu_male_long","edu_max_male","samecaste",TRUE,"male_attributes",-0.0113533903338787,6034,31,31,TRUE,TRUE,5587,76,371,370,1,0,298
"weighted",0,"full_market","beta_edu_male_long2","edu_max_male","highercaste",TRUE,"male_attributes",-0.193196595197768,6034,31,31,TRUE,TRUE,5587,76,371,370,1,0,298
"weighted",0,"full_market","beta_edu_male_long_hg","diff_height","edu_max_male",TRUE,"male_attributes",0.00100418213091737,5472,30,29,TRUE,FALSE,NA,NA,NA,NA,NA,NA,301
"weighted",0,"full_market","beta_edu_male_long_ag","diff_age","edu_max_male",TRUE,"male_attributes",-0.13066191872075,6074,30,29,TRUE,FALSE,NA,NA,NA,NA,NA,NA,303
"weighted",0,"full_market","beta_edu_male_long_wag","logwage_male","edu_max_male",TRUE,"male_attributes",0.153515542265266,4687,30,30,TRUE,FALSE,NA,NA,NA,NA,NA,NA,305
"weighted",0,"full_market","beta_edu_male_long_inc","logincome_male","edu_max_male",TRUE,"male_attributes",-1690.66546668778,1408,30,30,TRUE,FALSE,NA,NA,NA,NA,NA,NA,307
"weighted",0,"full_market","beta_edu_female_long","edu_max_female","samecaste",TRUE,"female_attributes",-0.0690630195108368,7150,32,31,TRUE,TRUE,6615,443,92,91,1,0,309
"weighted",0,"full_market","beta_edu_female_long2","edu_max_female","highercaste_female",TRUE,"female_attributes",-0.365930298395665,7150,32,31,TRUE,TRUE,6615,443,92,91,1,0,309
"weighted",0,"full_market","beta_edu_female_long_vb","vbeautiful_female","edu_max_female",TRUE,"female_attributes",-0.0483874495479686,5746,31,31,TRUE,FALSE,NA,NA,NA,NA,NA,NA,312
"weighted",0,"full_market","beta_edu_female_long_b","beautiful_female","edu_max_female",TRUE,"female_attributes",0.0106588732056432,5746,31,31,TRUE,FALSE,NA,NA,NA,NA,NA,NA,314
"weighted",0,"full_market","beta_edu_female_long_sk","skinrank_female","edu_max_female",TRUE,"female_attributes",0.0964495813082786,5416,31,31,TRUE,FALSE,NA,NA,NA,NA,NA,NA,316
"weighted",0,"full_market","beta_edu_female_long_hg","diff_height","edu_max_female",TRUE,"female_attributes",0.00233326327165274,6404,31,30,TRUE,FALSE,NA,NA,NA,NA,NA,NA,318
"weighted",0,"full_market","beta_edu_female_long_age","diff_age","edu_max_female",TRUE,"female_attributes",-0.565008584585008,7171,31,30,TRUE,FALSE,NA,NA,NA,NA,NA,NA,320
"weighted",0,"full_market","beta_inc_male_long","logincome_male","samecaste",TRUE,"male_attributes",-3590.64747732251,1678,31,31,TRUE,TRUE,1547,23,108,108,0,0,322
"weighted",0,"full_market","beta_inc_male_long2","logincome_male","highercaste",TRUE,"male_attributes",9488.13944551372,1678,31,31,TRUE,TRUE,1547,23,108,108,0,0,322
"weighted",0,"full_market","beta_inc_female_long","logincome_female","samecaste",FALSE,"female_attributes",-25577.2558409874,110,32,31,TRUE,TRUE,100,4,6,6,0,0,325
"weighted",0,"full_market","beta_inc_female_long2","logincome_female","highercaste_female",FALSE,"female_attributes",21537.6099504891,110,32,31,TRUE,TRUE,100,4,6,6,0,0,325
"weighted",0,"full_market","beta_wag_male_long","logwage_male","samecaste",TRUE,"male_attributes",-0.178889952963201,5812,31,31,TRUE,TRUE,5343,72,397,396,1,0,328
"weighted",0,"full_market","beta_wag_male_long2","logwage_male","highercaste",TRUE,"male_attributes",-0.311244215562526,5812,31,31,TRUE,TRUE,5343,72,397,396,1,0,328
"weighted",0,"full_market","beta_wage_female_long","logwage_female","samecaste",TRUE,"female_attributes",0.027468343737336,1384,32,31,TRUE,TRUE,1283,73,28,28,0,0,331
"weighted",0,"full_market","beta_wage_female_long2","logwage_female","highercaste_female",TRUE,"female_attributes",0.00241397601362542,1384,32,31,TRUE,TRUE,1283,73,28,28,0,0,331
"weighted",0,"full_market","beta_skin_female_long","skinrank_female","samecaste",TRUE,"female_attributes",0.0537838418034286,5665,32,31,TRUE,TRUE,5237,353,75,73,2,0,334
"weighted",0,"full_market","beta_skin_female_long2","skinrank_female","highercaste_female",TRUE,"female_attributes",0.0783249656317221,5665,32,31,TRUE,TRUE,5237,353,75,73,2,0,334
"weighted",0,"full_market","beta_vb_female_long","vbeautiful_female","samecaste",TRUE,"female_attributes",-0.0660536920663113,6040,32,31,TRUE,TRUE,5583,380,77,76,1,0,337
"weighted",0,"full_market","beta_vb_female_long2","vbeautiful_female","highercaste_female",TRUE,"female_attributes",-0.129066774225004,6040,32,31,TRUE,TRUE,5583,380,77,76,1,0,337
"weighted",0,"full_market","beta_b_female_long","beautiful_female","samecaste",TRUE,"female_attributes",0.139501687500717,6040,32,31,TRUE,TRUE,5583,380,77,76,1,0,340
"weighted",0,"full_market","beta_b_female_long2","beautiful_female","highercaste_female",TRUE,"female_attributes",0.0875535881762405,6040,32,31,TRUE,TRUE,5583,380,77,76,1,0,340
"weighted",0,"full_market","beta_age_female_long","diff_age","samecaste",TRUE,"female_attributes",0.23208148327972,7489,32,30,TRUE,TRUE,6936,457,96,94,2,0,343
"weighted",0,"full_market","beta_age_female_long2","diff_age","highercaste_female",TRUE,"female_attributes",-0.195196491143311,7489,32,30,TRUE,TRUE,6936,457,96,94,2,0,343
"weighted",0,"full_market","beta_hg_female_long","diff_height","samecaste",TRUE,"female_attributes",-0.000729109292816317,6665,32,30,TRUE,TRUE,6152,425,88,86,2,0,346
"weighted",0,"full_market","beta_hg_female_long2","diff_height","highercaste_female",TRUE,"female_attributes",-0.00134943631654877,6665,32,30,TRUE,TRUE,6152,425,88,86,2,0,346
"weighted",0,"full_market","beta_age_male_long","diff_age","samecaste",TRUE,"male_attributes",0.104305438516417,7489,31,30,TRUE,TRUE,6936,94,459,457,2,0,349
"weighted",0,"full_market","beta_age_male_long2","diff_age","highercaste",TRUE,"male_attributes",0.275847766481162,7489,31,30,TRUE,TRUE,6936,94,459,457,2,0,349
"weighted",0,"full_market","beta_hg_male_long","diff_height","samecaste",TRUE,"male_attributes",0.00873836561402076,6665,31,30,TRUE,TRUE,6152,86,427,425,2,0,352
"weighted",0,"full_market","beta_hg_male_long2","diff_height","highercaste",TRUE,"male_attributes",0.0102514950221175,6665,31,30,TRUE,TRUE,6152,86,427,425,2,0,352
"weighted",0,"verified_interview_subset","beta_edu_male_long","edu_max_male","samecaste",TRUE,"male_attributes",0.0219209638926767,430,31,31,TRUE,TRUE,396,5,29,29,0,0,298
"weighted",0,"verified_interview_subset","beta_edu_male_long2","edu_max_male","highercaste",TRUE,"male_attributes",-0.188819161917729,430,31,31,TRUE,TRUE,396,5,29,29,0,0,298
"weighted",0,"verified_interview_subset","beta_edu_male_long_hg","diff_height","edu_max_male",TRUE,"male_attributes",0.00160846089064542,386,30,28,TRUE,FALSE,NA,NA,NA,NA,NA,NA,301
"weighted",0,"verified_interview_subset","beta_edu_male_long_ag","diff_age","edu_max_male",TRUE,"male_attributes",-0.15020517526344,425,30,29,TRUE,FALSE,NA,NA,NA,NA,NA,NA,303
"weighted",0,"verified_interview_subset","beta_edu_male_long_wag","logwage_male","edu_max_male",TRUE,"male_attributes",0.143223031124493,326,30,30,TRUE,FALSE,NA,NA,NA,NA,NA,NA,305
"weighted",0,"verified_interview_subset","beta_edu_male_long_inc","logincome_male","edu_max_male",TRUE,"male_attributes",-824.328882271244,100,30,26,TRUE,FALSE,NA,NA,NA,NA,NA,NA,307
"weighted",0,"verified_interview_subset","beta_edu_female_long","edu_max_female","samecaste",TRUE,"female_attributes",-0.583116591680594,502,32,31,TRUE,TRUE,464,33,5,5,0,0,309
"weighted",0,"verified_interview_subset","beta_edu_female_long2","edu_max_female","highercaste_female",TRUE,"female_attributes",-0.649218426320011,502,32,31,TRUE,TRUE,464,33,5,5,0,0,309
"weighted",0,"verified_interview_subset","beta_edu_female_long_vb","vbeautiful_female","edu_max_female",TRUE,"female_attributes",-0.0465898478492212,415,31,31,TRUE,FALSE,NA,NA,NA,NA,NA,NA,312
"weighted",0,"verified_interview_subset","beta_edu_female_long_b","beautiful_female","edu_max_female",TRUE,"female_attributes",0.0116698285010072,415,31,31,TRUE,FALSE,NA,NA,NA,NA,NA,NA,314
"weighted",0,"verified_interview_subset","beta_edu_female_long_sk","skinrank_female","edu_max_female",TRUE,"female_attributes",0.126596151007357,371,31,31,TRUE,FALSE,NA,NA,NA,NA,NA,NA,316
"weighted",0,"verified_interview_subset","beta_edu_female_long_hg","diff_height","edu_max_female",TRUE,"female_attributes",0.00155717796650183,452,31,30,TRUE,FALSE,NA,NA,NA,NA,NA,NA,318
"weighted",0,"verified_interview_subset","beta_edu_female_long_age","diff_age","edu_max_female",TRUE,"female_attributes",-0.5781252799457,492,31,30,TRUE,FALSE,NA,NA,NA,NA,NA,NA,320
"weighted",0,"verified_interview_subset","beta_inc_male_long","logincome_male","samecaste",TRUE,"male_attributes",6959.03264124832,121,31,27,TRUE,TRUE,112,1,8,8,0,0,322
"weighted",0,"verified_interview_subset","beta_inc_male_long2","logincome_male","highercaste",TRUE,"male_attributes",-47091.0831649813,121,31,27,TRUE,TRUE,112,1,8,8,0,0,322
"weighted",0,"verified_interview_subset","beta_inc_female_long","logincome_female","samecaste",FALSE,"female_attributes",NA,7,32,7,FALSE,TRUE,7,0,0,0,0,0,325
"weighted",0,"verified_interview_subset","beta_inc_female_long2","logincome_female","highercaste_female",FALSE,"female_attributes",NA,7,32,7,FALSE,TRUE,7,0,0,0,0,0,325
"weighted",0,"verified_interview_subset","beta_wag_male_long","logwage_male","samecaste",TRUE,"male_attributes",-0.0103216060036035,397,31,31,TRUE,TRUE,363,4,30,30,0,0,328
"weighted",0,"verified_interview_subset","beta_wag_male_long2","logwage_male","highercaste",TRUE,"male_attributes",-0.155871094207462,397,31,31,TRUE,TRUE,363,4,30,30,0,0,328
"weighted",0,"verified_interview_subset","beta_wage_female_long","logwage_female","samecaste",TRUE,"female_attributes",0.189576648198863,105,32,30,TRUE,TRUE,92,10,3,3,0,0,331
"weighted",0,"verified_interview_subset","beta_wage_female_long2","logwage_female","highercaste_female",TRUE,"female_attributes",0.261868836044772,105,32,30,TRUE,TRUE,92,10,3,3,0,0,331
"weighted",0,"verified_interview_subset","beta_skin_female_long","skinrank_female","samecaste",TRUE,"female_attributes",-0.0473997662039034,386,32,31,TRUE,TRUE,357,26,3,3,0,0,334
"weighted",0,"verified_interview_subset","beta_skin_female_long2","skinrank_female","highercaste_female",TRUE,"female_attributes",0.164279193901796,386,32,31,TRUE,TRUE,357,26,3,3,0,0,334
"weighted",0,"verified_interview_subset","beta_vb_female_long","vbeautiful_female","samecaste",TRUE,"female_attributes",0.260539283291223,432,32,31,TRUE,TRUE,400,29,3,3,0,0,337
"weighted",0,"verified_interview_subset","beta_vb_female_long2","vbeautiful_female","highercaste_female",TRUE,"female_attributes",0.25600454035022,432,32,31,TRUE,TRUE,400,29,3,3,0,0,337
"weighted",0,"verified_interview_subset","beta_b_female_long","beautiful_female","samecaste",TRUE,"female_attributes",-0.157601844630834,432,32,31,TRUE,TRUE,400,29,3,3,0,0,340
"weighted",0,"verified_interview_subset","beta_b_female_long2","beautiful_female","highercaste_female",TRUE,"female_attributes",-0.248139476806064,432,32,31,TRUE,TRUE,400,29,3,3,0,0,340
"weighted",0,"verified_interview_subset","beta_age_female_long","diff_age","samecaste",TRUE,"female_attributes",-0.428390270465213,511,32,30,TRUE,TRUE,474,32,5,5,0,0,343
"weighted",0,"verified_interview_subset","beta_age_female_long2","diff_age","highercaste_female",TRUE,"female_attributes",-1.48370899887885,511,32,30,TRUE,TRUE,474,32,5,5,0,0,343
"weighted",0,"verified_interview_subset","beta_hg_female_long","diff_height","samecaste",TRUE,"female_attributes",-0.000787841041583371,465,32,30,TRUE,TRUE,429,32,4,4,0,0,346
"weighted",0,"verified_interview_subset","beta_hg_female_long2","diff_height","highercaste_female",TRUE,"female_attributes",0.0173695110450806,465,32,30,TRUE,TRUE,429,32,4,4,0,0,346
"weighted",0,"verified_interview_subset","beta_age_male_long","diff_age","samecaste",TRUE,"male_attributes",0.245234329427987,511,31,30,TRUE,TRUE,474,5,32,32,0,0,349
"weighted",0,"verified_interview_subset","beta_age_male_long2","diff_age","highercaste",TRUE,"male_attributes",1.87969550167957,511,31,30,TRUE,TRUE,474,5,32,32,0,0,349
"weighted",0,"verified_interview_subset","beta_hg_male_long","diff_height","samecaste",TRUE,"male_attributes",0.00511724549279912,465,31,30,TRUE,TRUE,429,4,32,32,0,0,352
"weighted",0,"verified_interview_subset","beta_hg_male_long2","diff_height","highercaste",TRUE,"male_attributes",0.0224012401690647,465,31,30,TRUE,TRUE,429,4,32,32,0,0,352
"no_caste_unweighted",0,"full_market","beta_edu_male_long","edu_max_male","samecaste",TRUE,"male_attributes",0.0741579993395631,6009,31,31,TRUE,TRUE,1101,2175,2733,2405,328,0,298
"no_caste_unweighted",0,"full_market","beta_edu_male_long2","edu_max_male","highercaste",TRUE,"male_attributes",0.109019049933036,6009,31,31,TRUE,TRUE,1101,2175,2733,2405,328,0,298
"no_caste_unweighted",0,"full_market","beta_edu_male_long_hg","diff_height","edu_max_male",TRUE,"male_attributes",0.00051418315069964,5511,30,29,TRUE,FALSE,NA,NA,NA,NA,NA,NA,301
"no_caste_unweighted",0,"full_market","beta_edu_male_long_ag","diff_age","edu_max_male",TRUE,"male_attributes",-0.228293383761023,6076,30,29,TRUE,FALSE,NA,NA,NA,NA,NA,NA,303
"no_caste_unweighted",0,"full_market","beta_edu_male_long_wag","logwage_male","edu_max_male",TRUE,"male_attributes",0.151251312227708,4687,30,30,TRUE,FALSE,NA,NA,NA,NA,NA,NA,305
"no_caste_unweighted",0,"full_market","beta_edu_male_long_inc","logincome_male","edu_max_male",TRUE,"male_attributes",-1950.0625166489,1408,30,30,TRUE,FALSE,NA,NA,NA,NA,NA,NA,307
"no_caste_unweighted",0,"full_market","beta_edu_female_long","edu_max_female","samecaste",TRUE,"female_attributes",0.0412752801735113,7214,32,31,TRUE,TRUE,1337,2847,3030,2643,387,0,309
"no_caste_unweighted",0,"full_market","beta_edu_female_long2","edu_max_female","highercaste_female",TRUE,"female_attributes",0.0622097914020689,7214,32,31,TRUE,TRUE,1337,2847,3030,2643,387,0,309
"no_caste_unweighted",0,"full_market","beta_edu_female_long_vb","vbeautiful_female","edu_max_female",TRUE,"female_attributes",-0.0557925896874903,5817,31,31,TRUE,FALSE,NA,NA,NA,NA,NA,NA,312
"no_caste_unweighted",0,"full_market","beta_edu_female_long_b","beautiful_female","edu_max_female",TRUE,"female_attributes",-0.00632473709117559,5817,31,31,TRUE,FALSE,NA,NA,NA,NA,NA,NA,314
"no_caste_unweighted",0,"full_market","beta_edu_female_long_sk","skinrank_female","edu_max_female",TRUE,"female_attributes",0.122715947066525,5495,31,31,TRUE,FALSE,NA,NA,NA,NA,NA,NA,316
"no_caste_unweighted",0,"full_market","beta_edu_female_long_hg","diff_height","edu_max_female",TRUE,"female_attributes",0.00252078390429235,6556,31,30,TRUE,FALSE,NA,NA,NA,NA,NA,NA,318
"no_caste_unweighted",0,"full_market","beta_edu_female_long_age","diff_age","edu_max_female",TRUE,"female_attributes",-0.601364124563335,7289,31,30,TRUE,FALSE,NA,NA,NA,NA,NA,NA,320
"no_caste_unweighted",0,"full_market","beta_inc_male_long","logincome_male","samecaste",TRUE,"male_attributes",477.677343183916,1666,31,31,TRUE,TRUE,317,611,738,660,78,0,322
"no_caste_unweighted",0,"full_market","beta_inc_male_long2","logincome_male","highercaste",TRUE,"male_attributes",1923.68800603033,1666,31,31,TRUE,TRUE,317,611,738,660,78,0,322
"no_caste_unweighted",0,"full_market","beta_inc_female_long","logincome_female","samecaste",FALSE,"female_attributes",-25488.4743239011,106,32,29,TRUE,TRUE,16,38,52,50,2,0,325
"no_caste_unweighted",0,"full_market","beta_inc_female_long2","logincome_female","highercaste_female",FALSE,"female_attributes",-15356.0045967763,106,32,29,TRUE,TRUE,16,38,52,50,2,0,325
"no_caste_unweighted",0,"full_market","beta_wag_male_long","logwage_male","samecaste",TRUE,"male_attributes",0.0406341316874982,5773,31,31,TRUE,TRUE,1040,2061,2672,2360,312,0,328
"no_caste_unweighted",0,"full_market","beta_wag_male_long2","logwage_male","highercaste",TRUE,"male_attributes",0.0673764767343603,5773,31,31,TRUE,TRUE,1040,2061,2672,2360,312,0,328
"no_caste_unweighted",0,"full_market","beta_wage_female_long","logwage_female","samecaste",TRUE,"female_attributes",-0.0360815152292334,1383,32,31,TRUE,TRUE,252,531,600,538,62,0,331
"no_caste_unweighted",0,"full_market","beta_wage_female_long2","logwage_female","highercaste_female",TRUE,"female_attributes",-0.0112111604781148,1383,32,31,TRUE,TRUE,252,531,600,538,62,0,331
"no_caste_unweighted",0,"full_market","beta_skin_female_long","skinrank_female","samecaste",TRUE,"female_attributes",-0.0120689613384889,5625,32,31,TRUE,TRUE,1015,2206,2404,2096,308,0,334
"no_caste_unweighted",0,"full_market","beta_skin_female_long2","skinrank_female","highercaste_female",TRUE,"female_attributes",-0.0595511094524257,5625,32,31,TRUE,TRUE,1015,2206,2404,2096,308,0,334
"no_caste_unweighted",0,"full_market","beta_vb_female_long","vbeautiful_female","samecaste",TRUE,"female_attributes",-0.00544278694405249,5950,32,31,TRUE,TRUE,1106,2385,2459,2159,300,0,337
"no_caste_unweighted",0,"full_market","beta_vb_female_long2","vbeautiful_female","highercaste_female",TRUE,"female_attributes",-0.0047582818617712,5950,32,31,TRUE,TRUE,1106,2385,2459,2159,300,0,337
"no_caste_unweighted",0,"full_market","beta_b_female_long","beautiful_female","samecaste",TRUE,"female_attributes",0.0112768209961611,5950,32,31,TRUE,TRUE,1106,2385,2459,2159,300,0,340
"no_caste_unweighted",0,"full_market","beta_b_female_long2","beautiful_female","highercaste_female",TRUE,"female_attributes",-0.00422422952290119,5950,32,31,TRUE,TRUE,1106,2385,2459,2159,300,0,340
"no_caste_unweighted",0,"full_market","beta_age_female_long","diff_age","samecaste",TRUE,"female_attributes",-0.0904797207765429,7443,32,30,TRUE,TRUE,1374,2928,3141,2741,400,0,343
"no_caste_unweighted",0,"full_market","beta_age_female_long2","diff_age","highercaste_female",TRUE,"female_attributes",-0.0425588776368048,7443,32,30,TRUE,TRUE,1374,2928,3141,2741,400,0,343
"no_caste_unweighted",0,"full_market","beta_hg_female_long","diff_height","samecaste",TRUE,"female_attributes",-0.000758240425217199,6673,32,30,TRUE,TRUE,1231,2658,2784,2423,361,0,346
"no_caste_unweighted",0,"full_market","beta_hg_female_long2","diff_height","highercaste_female",TRUE,"female_attributes",-0.00105288901859068,6673,32,30,TRUE,TRUE,1231,2658,2784,2423,361,0,346
"no_caste_unweighted",0,"full_market","beta_age_male_long","diff_age","samecaste",TRUE,"male_attributes",0.0264516964683125,7443,31,30,TRUE,TRUE,1374,2741,3328,2928,400,0,349
"no_caste_unweighted",0,"full_market","beta_age_male_long2","diff_age","highercaste",TRUE,"male_attributes",0.0988188808650538,7443,31,30,TRUE,TRUE,1374,2741,3328,2928,400,0,349
"no_caste_unweighted",0,"full_market","beta_hg_male_long","diff_height","samecaste",TRUE,"male_attributes",0.00108522043333703,6673,31,30,TRUE,TRUE,1231,2423,3019,2658,361,0,352
"no_caste_unweighted",0,"full_market","beta_hg_male_long2","diff_height","highercaste",TRUE,"male_attributes",0.00245450698720768,6673,31,30,TRUE,TRUE,1231,2423,3019,2658,361,0,352
"no_caste_unweighted",0,"verified_interview_subset","beta_edu_male_long","edu_max_male","samecaste",TRUE,"male_attributes",0.122152992937156,432,31,31,TRUE,TRUE,83,146,203,180,23,0,298
"no_caste_unweighted",0,"verified_interview_subset","beta_edu_male_long2","edu_max_male","highercaste",TRUE,"male_attributes",0.241197097813593,432,31,31,TRUE,TRUE,83,146,203,180,23,0,298
"no_caste_unweighted",0,"verified_interview_subset","beta_edu_male_long_hg","diff_height","edu_max_male",TRUE,"male_attributes",0.000100505359546971,401,30,29,TRUE,FALSE,NA,NA,NA,NA,NA,NA,301
"no_caste_unweighted",0,"verified_interview_subset","beta_edu_male_long_ag","diff_age","edu_max_male",TRUE,"male_attributes",-0.274303473343198,432,30,29,TRUE,FALSE,NA,NA,NA,NA,NA,NA,303
"no_caste_unweighted",0,"verified_interview_subset","beta_edu_male_long_wag","logwage_male","edu_max_male",TRUE,"male_attributes",0.102559194592169,336,30,30,TRUE,FALSE,NA,NA,NA,NA,NA,NA,305
"no_caste_unweighted",0,"verified_interview_subset","beta_edu_male_long_inc","logincome_male","edu_max_male",TRUE,"male_attributes",-2734.07853610482,110,30,24,TRUE,FALSE,NA,NA,NA,NA,NA,NA,307
"no_caste_unweighted",0,"verified_interview_subset","beta_edu_female_long","edu_max_female","samecaste",TRUE,"female_attributes",0.0353551914405462,506,32,31,TRUE,TRUE,100,206,200,173,27,0,309
"no_caste_unweighted",0,"verified_interview_subset","beta_edu_female_long2","edu_max_female","highercaste_female",TRUE,"female_attributes",0.0872532134284964,506,32,31,TRUE,TRUE,100,206,200,173,27,0,309
"no_caste_unweighted",0,"verified_interview_subset","beta_edu_female_long_vb","vbeautiful_female","edu_max_female",TRUE,"female_attributes",-0.0414062642005245,432,31,31,TRUE,FALSE,NA,NA,NA,NA,NA,NA,312
"no_caste_unweighted",0,"verified_interview_subset","beta_edu_female_long_b","beautiful_female","edu_max_female",TRUE,"female_attributes",-0.0217288990145762,432,31,31,TRUE,FALSE,NA,NA,NA,NA,NA,NA,314
"no_caste_unweighted",0,"verified_interview_subset","beta_edu_female_long_sk","skinrank_female","edu_max_female",TRUE,"female_attributes",0.0922542058337778,389,31,31,TRUE,FALSE,NA,NA,NA,NA,NA,NA,316
"no_caste_unweighted",0,"verified_interview_subset","beta_edu_female_long_hg","diff_height","edu_max_female",TRUE,"female_attributes",0.00278831609642839,465,31,30,TRUE,FALSE,NA,NA,NA,NA,NA,NA,318
"no_caste_unweighted",0,"verified_interview_subset","beta_edu_female_long_age","diff_age","edu_max_female",TRUE,"female_attributes",-0.607024606262754,499,31,30,TRUE,FALSE,NA,NA,NA,NA,NA,NA,320
"no_caste_unweighted",0,"verified_interview_subset","beta_inc_male_long","logincome_male","samecaste",TRUE,"male_attributes",11667.365397823,129,31,28,TRUE,TRUE,24,50,55,49,6,0,322
"no_caste_unweighted",0,"verified_interview_subset","beta_inc_male_long2","logincome_male","highercaste",TRUE,"male_attributes",-15930.9496639485,129,31,28,TRUE,TRUE,24,50,55,49,6,0,322
"no_caste_unweighted",0,"verified_interview_subset","beta_inc_female_long","logincome_female","samecaste",FALSE,"female_attributes",NA,12,32,12,FALSE,TRUE,0,4,8,8,0,0,325
"no_caste_unweighted",0,"verified_interview_subset","beta_inc_female_long2","logincome_female","highercaste_female",FALSE,"female_attributes",NA,12,32,12,FALSE,TRUE,0,4,8,8,0,0,325
"no_caste_unweighted",0,"verified_interview_subset","beta_wag_male_long","logwage_male","samecaste",TRUE,"male_attributes",0.180991401736153,395,31,31,TRUE,TRUE,70,131,194,174,20,0,328
"no_caste_unweighted",0,"verified_interview_subset","beta_wag_male_long2","logwage_male","highercaste",TRUE,"male_attributes",0.129819691122052,395,31,31,TRUE,TRUE,70,131,194,174,20,0,328
"no_caste_unweighted",0,"verified_interview_subset","beta_wage_female_long","logwage_female","samecaste",TRUE,"female_attributes",-0.0147753137147172,106,32,30,TRUE,TRUE,14,49,43,39,4,0,331
"no_caste_unweighted",0,"verified_interview_subset","beta_wage_female_long2","logwage_female","highercaste_female",TRUE,"female_attributes",-0.0715751124031466,106,32,30,TRUE,TRUE,14,49,43,39,4,0,331
"no_caste_unweighted",0,"verified_interview_subset","beta_skin_female_long","skinrank_female","samecaste",TRUE,"female_attributes",0.0248602490263555,404,32,31,TRUE,TRUE,84,157,163,143,20,0,334
"no_caste_unweighted",0,"verified_interview_subset","beta_skin_female_long2","skinrank_female","highercaste_female",TRUE,"female_attributes",-0.244703945385728,404,32,31,TRUE,TRUE,84,157,163,143,20,0,334
"no_caste_unweighted",0,"verified_interview_subset","beta_vb_female_long","vbeautiful_female","samecaste",TRUE,"female_attributes",-0.0119329006238994,442,32,31,TRUE,TRUE,85,185,172,148,24,0,337
"no_caste_unweighted",0,"verified_interview_subset","beta_vb_female_long2","vbeautiful_female","highercaste_female",TRUE,"female_attributes",0.0323910149794541,442,32,31,TRUE,TRUE,85,185,172,148,24,0,337
"no_caste_unweighted",0,"verified_interview_subset","beta_b_female_long","beautiful_female","samecaste",TRUE,"female_attributes",-0.091732075601836,442,32,31,TRUE,TRUE,85,185,172,148,24,0,340
"no_caste_unweighted",0,"verified_interview_subset","beta_b_female_long2","beautiful_female","highercaste_female",TRUE,"female_attributes",-0.0943220553168839,442,32,31,TRUE,TRUE,85,185,172,148,24,0,340
"no_caste_unweighted",0,"verified_interview_subset","beta_age_female_long","diff_age","samecaste",TRUE,"female_attributes",0.0825531087705397,513,32,30,TRUE,TRUE,102,207,204,178,26,0,343
"no_caste_unweighted",0,"verified_interview_subset","beta_age_female_long2","diff_age","highercaste_female",TRUE,"female_attributes",-0.0184060581849592,513,32,30,TRUE,TRUE,102,207,204,178,26,0,343
"no_caste_unweighted",0,"verified_interview_subset","beta_hg_female_long","diff_height","samecaste",TRUE,"female_attributes",-0.00280446592478554,472,32,30,TRUE,TRUE,92,195,185,160,25,0,346
"no_caste_unweighted",0,"verified_interview_subset","beta_hg_female_long2","diff_height","highercaste_female",TRUE,"female_attributes",-0.00194077290615631,472,32,30,TRUE,TRUE,92,195,185,160,25,0,346
"no_caste_unweighted",0,"verified_interview_subset","beta_age_male_long","diff_age","samecaste",TRUE,"male_attributes",0.203208803917476,513,31,30,TRUE,TRUE,102,178,233,207,26,0,349
"no_caste_unweighted",0,"verified_interview_subset","beta_age_male_long2","diff_age","highercaste",TRUE,"male_attributes",0.185454388531293,513,31,30,TRUE,TRUE,102,178,233,207,26,0,349
"no_caste_unweighted",0,"verified_interview_subset","beta_hg_male_long","diff_height","samecaste",TRUE,"male_attributes",-0.00214770981208594,472,31,30,TRUE,TRUE,92,160,220,195,25,0,352
"no_caste_unweighted",0,"verified_interview_subset","beta_hg_male_long2","diff_height","highercaste",TRUE,"male_attributes",-0.000529913180484543,472,31,30,TRUE,TRUE,92,160,220,195,25,0,352
"no_caste_weighted",0,"full_market","beta_edu_male_long","edu_max_male","samecaste",TRUE,"male_attributes",0.0487338370418144,6004,31,31,TRUE,TRUE,1108,2157,2739,2423,316,0,298
"no_caste_weighted",0,"full_market","beta_edu_male_long2","edu_max_male","highercaste",TRUE,"male_attributes",0.113136764204209,6004,31,31,TRUE,TRUE,1108,2157,2739,2423,316,0,298
"no_caste_weighted",0,"full_market","beta_edu_male_long_hg","diff_height","edu_max_male",TRUE,"male_attributes",0.000341075424000607,5464,30,29,TRUE,FALSE,NA,NA,NA,NA,NA,NA,301
"no_caste_weighted",0,"full_market","beta_edu_male_long_ag","diff_age","edu_max_male",TRUE,"male_attributes",-0.183005054829092,6066,30,29,TRUE,FALSE,NA,NA,NA,NA,NA,NA,303
"no_caste_weighted",0,"full_market","beta_edu_male_long_wag","logwage_male","edu_max_male",TRUE,"male_attributes",0.139850309979787,4687,30,30,TRUE,FALSE,NA,NA,NA,NA,NA,NA,305
"no_caste_weighted",0,"full_market","beta_edu_male_long_inc","logincome_male","edu_max_male",TRUE,"male_attributes",-3261.72390206796,1408,30,30,TRUE,FALSE,NA,NA,NA,NA,NA,NA,307
"no_caste_weighted",0,"full_market","beta_edu_female_long","edu_max_female","samecaste",TRUE,"female_attributes",0.0262559500039254,7089,32,31,TRUE,TRUE,1329,2785,2975,2607,368,0,309
"no_caste_weighted",0,"full_market","beta_edu_female_long2","edu_max_female","highercaste_female",TRUE,"female_attributes",0.0941722310758653,7089,32,31,TRUE,TRUE,1329,2785,2975,2607,368,0,309
"no_caste_weighted",0,"full_market","beta_edu_female_long_vb","vbeautiful_female","edu_max_female",TRUE,"female_attributes",-0.0512749183843814,5738,31,31,TRUE,FALSE,NA,NA,NA,NA,NA,NA,312
"no_caste_weighted",0,"full_market","beta_edu_female_long_b","beautiful_female","edu_max_female",TRUE,"female_attributes",0.0190466006913089,5738,31,31,TRUE,FALSE,NA,NA,NA,NA,NA,NA,314
"no_caste_weighted",0,"full_market","beta_edu_female_long_sk","skinrank_female","edu_max_female",TRUE,"female_attributes",0.100103904367459,5411,31,31,TRUE,FALSE,NA,NA,NA,NA,NA,NA,316
"no_caste_weighted",0,"full_market","beta_edu_female_long_hg","diff_height","edu_max_female",TRUE,"female_attributes",0.00148870036324301,6408,31,30,TRUE,FALSE,NA,NA,NA,NA,NA,NA,318
"no_caste_weighted",0,"full_market","beta_edu_female_long_age","diff_age","edu_max_female",TRUE,"female_attributes",-0.504942065118721,7174,31,30,TRUE,FALSE,NA,NA,NA,NA,NA,NA,320
"no_caste_weighted",0,"full_market","beta_inc_male_long","logincome_male","samecaste",TRUE,"male_attributes",-930.126072197153,1674,31,31,TRUE,TRUE,351,603,720,641,79,0,322
"no_caste_weighted",0,"full_market","beta_inc_male_long2","logincome_male","highercaste",TRUE,"male_attributes",1424.35362632029,1674,31,31,TRUE,TRUE,351,603,720,641,79,0,322
"no_caste_weighted",0,"full_market","beta_inc_female_long","logincome_female","samecaste",FALSE,"female_attributes",-3734.21586271012,108,32,31,TRUE,TRUE,22,35,51,45,6,0,325
"no_caste_weighted",0,"full_market","beta_inc_female_long2","logincome_female","highercaste_female",FALSE,"female_attributes",-41165.2815003471,108,32,31,TRUE,TRUE,22,35,51,45,6,0,325
"no_caste_weighted",0,"full_market","beta_wag_male_long","logwage_male","samecaste",TRUE,"male_attributes",0.0389463939276012,5781,31,31,TRUE,TRUE,1034,2063,2684,2371,313,0,328
"no_caste_weighted",0,"full_market","beta_wag_male_long2","logwage_male","highercaste",TRUE,"male_attributes",0.0648850815993521,5781,31,31,TRUE,TRUE,1034,2063,2684,2371,313,0,328
"no_caste_weighted",0,"full_market","beta_wage_female_long","logwage_female","samecaste",TRUE,"female_attributes",-0.00573219808385521,1383,32,31,TRUE,TRUE,260,527,596,518,78,0,331
"no_caste_weighted",0,"full_market","beta_wage_female_long2","logwage_female","highercaste_female",TRUE,"female_attributes",0.0112627012649382,1383,32,31,TRUE,TRUE,260,527,596,518,78,0,331
"no_caste_weighted",0,"full_market","beta_skin_female_long","skinrank_female","samecaste",TRUE,"female_attributes",-0.0397539003918602,5625,32,31,TRUE,TRUE,1041,2198,2386,2084,302,0,334
"no_caste_weighted",0,"full_market","beta_skin_female_long2","skinrank_female","highercaste_female",TRUE,"female_attributes",-0.0356806758712017,5625,32,31,TRUE,TRUE,1041,2198,2386,2084,302,0,334
"no_caste_weighted",0,"full_market","beta_vb_female_long","vbeautiful_female","samecaste",TRUE,"female_attributes",-0.00520046602989227,5982,32,31,TRUE,TRUE,1108,2393,2481,2178,303,0,337
"no_caste_weighted",0,"full_market","beta_vb_female_long2","vbeautiful_female","highercaste_female",TRUE,"female_attributes",-0.00582887975247728,5982,32,31,TRUE,TRUE,1108,2393,2481,2178,303,0,337
"no_caste_weighted",0,"full_market","beta_b_female_long","beautiful_female","samecaste",TRUE,"female_attributes",0.036115557207984,5982,32,31,TRUE,TRUE,1108,2393,2481,2178,303,0,340
"no_caste_weighted",0,"full_market","beta_b_female_long2","beautiful_female","highercaste_female",TRUE,"female_attributes",0.015389118915685,5982,32,31,TRUE,TRUE,1108,2393,2481,2178,303,0,340
"no_caste_weighted",0,"full_market","beta_age_female_long","diff_age","samecaste",TRUE,"female_attributes",-0.0549490497398027,7443,32,30,TRUE,TRUE,1371,2936,3136,2741,395,0,343
"no_caste_weighted",0,"full_market","beta_age_female_long2","diff_age","highercaste_female",TRUE,"female_attributes",-0.075224569188107,7443,32,30,TRUE,TRUE,1371,2936,3136,2741,395,0,343
"no_caste_weighted",0,"full_market","beta_hg_female_long","diff_height","samecaste",TRUE,"female_attributes",-0.000542771598257833,6630,32,30,TRUE,TRUE,1232,2630,2768,2413,355,0,346
"no_caste_weighted",0,"full_market","beta_hg_female_long2","diff_height","highercaste_female",TRUE,"female_attributes",-0.00154008908835512,6630,32,30,TRUE,TRUE,1232,2630,2768,2413,355,0,346
"no_caste_weighted",0,"full_market","beta_age_male_long","diff_age","samecaste",TRUE,"male_attributes",0.0536125951410744,7443,31,30,TRUE,TRUE,1371,2741,3331,2936,395,0,349
"no_caste_weighted",0,"full_market","beta_age_male_long2","diff_age","highercaste",TRUE,"male_attributes",0.0200452241262444,7443,31,30,TRUE,TRUE,1371,2741,3331,2936,395,0,349
"no_caste_weighted",0,"full_market","beta_hg_male_long","diff_height","samecaste",TRUE,"male_attributes",0.00161585139590075,6630,31,30,TRUE,TRUE,1232,2413,2985,2630,355,0,352
"no_caste_weighted",0,"full_market","beta_hg_male_long2","diff_height","highercaste",TRUE,"male_attributes",0.00303767829053304,6630,31,30,TRUE,TRUE,1232,2413,2985,2630,355,0,352
"no_caste_weighted",0,"verified_interview_subset","beta_edu_male_long","edu_max_male","samecaste",TRUE,"male_attributes",0.138999755622344,443,31,31,TRUE,TRUE,85,156,202,181,21,0,298
"no_caste_weighted",0,"verified_interview_subset","beta_edu_male_long2","edu_max_male","highercaste",TRUE,"male_attributes",0.00724243806544437,443,31,31,TRUE,TRUE,85,156,202,181,21,0,298
"no_caste_weighted",0,"verified_interview_subset","beta_edu_male_long_hg","diff_height","edu_max_male",TRUE,"male_attributes",0.00115143046698635,397,30,29,TRUE,FALSE,NA,NA,NA,NA,NA,NA,301
"no_caste_weighted",0,"verified_interview_subset","beta_edu_male_long_ag","diff_age","edu_max_male",TRUE,"male_attributes",-0.131895588717941,436,30,29,TRUE,FALSE,NA,NA,NA,NA,NA,NA,303
"no_caste_weighted",0,"verified_interview_subset","beta_edu_male_long_wag","logwage_male","edu_max_male",TRUE,"male_attributes",0.142747537257774,338,30,30,TRUE,FALSE,NA,NA,NA,NA,NA,NA,305
"no_caste_weighted",0,"verified_interview_subset","beta_edu_male_long_inc","logincome_male","edu_max_male",TRUE,"male_attributes",233.005509846563,113,30,27,TRUE,FALSE,NA,NA,NA,NA,NA,NA,307
"no_caste_weighted",0,"verified_interview_subset","beta_edu_female_long","edu_max_female","samecaste",TRUE,"female_attributes",0.185706797377899,497,32,31,TRUE,TRUE,95,197,205,180,25,0,309
"no_caste_weighted",0,"verified_interview_subset","beta_edu_female_long2","edu_max_female","highercaste_female",TRUE,"female_attributes",0.115097312680986,497,32,31,TRUE,TRUE,95,197,205,180,25,0,309
"no_caste_weighted",0,"verified_interview_subset","beta_edu_female_long_vb","vbeautiful_female","edu_max_female",TRUE,"female_attributes",-0.0524458642173494,414,31,31,TRUE,FALSE,NA,NA,NA,NA,NA,NA,312
"no_caste_weighted",0,"verified_interview_subset","beta_edu_female_long_b","beautiful_female","edu_max_female",TRUE,"female_attributes",-0.00305840768039397,414,31,31,TRUE,FALSE,NA,NA,NA,NA,NA,NA,314
"no_caste_weighted",0,"verified_interview_subset","beta_edu_female_long_sk","skinrank_female","edu_max_female",TRUE,"female_attributes",0.113202542473736,377,31,31,TRUE,FALSE,NA,NA,NA,NA,NA,NA,316
"no_caste_weighted",0,"verified_interview_subset","beta_edu_female_long_hg","diff_height","edu_max_female",TRUE,"female_attributes",0.00206547494085295,446,31,30,TRUE,FALSE,NA,NA,NA,NA,NA,NA,318
"no_caste_weighted",0,"verified_interview_subset","beta_edu_female_long_age","diff_age","edu_max_female",TRUE,"female_attributes",-0.491426503014855,488,31,30,TRUE,FALSE,NA,NA,NA,NA,NA,NA,320
"no_caste_weighted",0,"verified_interview_subset","beta_inc_male_long","logincome_male","samecaste",TRUE,"male_attributes",7160.82758691415,133,31,28,TRUE,TRUE,24,48,61,54,7,0,322
"no_caste_weighted",0,"verified_interview_subset","beta_inc_male_long2","logincome_male","highercaste",TRUE,"male_attributes",-3351.3130389886,133,31,28,TRUE,TRUE,24,48,61,54,7,0,322
"no_caste_weighted",0,"verified_interview_subset","beta_inc_female_long","logincome_female","samecaste",FALSE,"female_attributes",NA,10,32,10,FALSE,TRUE,1,2,7,7,0,0,325
"no_caste_weighted",0,"verified_interview_subset","beta_inc_female_long2","logincome_female","highercaste_female",FALSE,"female_attributes",NA,10,32,10,FALSE,TRUE,1,2,7,7,0,0,325
"no_caste_weighted",0,"verified_interview_subset","beta_wag_male_long","logwage_male","samecaste",TRUE,"male_attributes",-0.102790441891359,400,31,31,TRUE,TRUE,74,141,185,166,19,0,328
"no_caste_weighted",0,"verified_interview_subset","beta_wag_male_long2","logwage_male","highercaste",TRUE,"male_attributes",-0.129388958463351,400,31,31,TRUE,TRUE,74,141,185,166,19,0,328
"no_caste_weighted",0,"verified_interview_subset","beta_wage_female_long","logwage_female","samecaste",TRUE,"female_attributes",0.157165835324492,118,32,30,TRUE,TRUE,18,58,42,36,6,0,331
"no_caste_weighted",0,"verified_interview_subset","beta_wage_female_long2","logwage_female","highercaste_female",TRUE,"female_attributes",0.182640221097431,118,32,30,TRUE,TRUE,18,58,42,36,6,0,331
"no_caste_weighted",0,"verified_interview_subset","beta_skin_female_long","skinrank_female","samecaste",TRUE,"female_attributes",-0.111313135351548,396,32,31,TRUE,TRUE,78,157,161,142,19,0,334
"no_caste_weighted",0,"verified_interview_subset","beta_skin_female_long2","skinrank_female","highercaste_female",TRUE,"female_attributes",-0.121758509424197,396,32,31,TRUE,TRUE,78,157,161,142,19,0,334
"no_caste_weighted",0,"verified_interview_subset","beta_vb_female_long","vbeautiful_female","samecaste",TRUE,"female_attributes",-0.0581416553272301,439,32,31,TRUE,TRUE,82,181,176,153,23,0,337
"no_caste_weighted",0,"verified_interview_subset","beta_vb_female_long2","vbeautiful_female","highercaste_female",TRUE,"female_attributes",-0.0265961650483852,439,32,31,TRUE,TRUE,82,181,176,153,23,0,337
"no_caste_weighted",0,"verified_interview_subset","beta_b_female_long","beautiful_female","samecaste",TRUE,"female_attributes",-0.00311319850304054,439,32,31,TRUE,TRUE,82,181,176,153,23,0,340
"no_caste_weighted",0,"verified_interview_subset","beta_b_female_long2","beautiful_female","highercaste_female",TRUE,"female_attributes",0.0252972613755759,439,32,31,TRUE,TRUE,82,181,176,153,23,0,340
"no_caste_weighted",0,"verified_interview_subset","beta_age_female_long","diff_age","samecaste",TRUE,"female_attributes",-0.0877061987989339,516,32,30,TRUE,TRUE,94,209,213,188,25,0,343
"no_caste_weighted",0,"verified_interview_subset","beta_age_female_long2","diff_age","highercaste_female",TRUE,"female_attributes",0.0151250828122334,516,32,30,TRUE,TRUE,94,209,213,188,25,0,343
"no_caste_weighted",0,"verified_interview_subset","beta_hg_female_long","diff_height","samecaste",TRUE,"female_attributes",-0.00513808542444136,465,32,30,TRUE,TRUE,90,188,187,163,24,0,346
"no_caste_weighted",0,"verified_interview_subset","beta_hg_female_long2","diff_height","highercaste_female",TRUE,"female_attributes",-0.00266309354852176,465,32,30,TRUE,TRUE,90,188,187,163,24,0,346
"no_caste_weighted",0,"verified_interview_subset","beta_age_male_long","diff_age","samecaste",TRUE,"male_attributes",0.0980204905322659,516,31,30,TRUE,TRUE,94,188,234,209,25,0,349
"no_caste_weighted",0,"verified_interview_subset","beta_age_male_long2","diff_age","highercaste",TRUE,"male_attributes",0.330757563787925,516,31,30,TRUE,TRUE,94,188,234,209,25,0,349
"no_caste_weighted",0,"verified_interview_subset","beta_hg_male_long","diff_height","samecaste",TRUE,"male_attributes",-0.00250926534489797,465,31,30,TRUE,TRUE,90,163,212,188,24,0,352
"no_caste_weighted",0,"verified_interview_subset","beta_hg_male_long2","diff_height","highercaste",TRUE,"male_attributes",0.00336934774387815,465,31,30,TRUE,TRUE,90,163,212,188,24,0,352
"weighted_handoff",0,"full_market","beta_edu_male_long","edu_max_male","samecaste",TRUE,"male_attributes",-0.140260773384549,6030,31,31,TRUE,TRUE,5653,28,349,340,9,0,298
"weighted_handoff",0,"full_market","beta_edu_male_long2","edu_max_male","highercaste",TRUE,"male_attributes",-0.327913460903394,6030,31,31,TRUE,TRUE,5653,28,349,340,9,0,298
"weighted_handoff",0,"full_market","beta_edu_male_long_hg","diff_height","edu_max_male",TRUE,"male_attributes",0.000243373093857536,5463,30,29,TRUE,FALSE,NA,NA,NA,NA,NA,NA,301
"weighted_handoff",0,"full_market","beta_edu_male_long_ag","diff_age","edu_max_male",TRUE,"male_attributes",-0.158629499870947,6074,30,29,TRUE,FALSE,NA,NA,NA,NA,NA,NA,303
"weighted_handoff",0,"full_market","beta_edu_male_long_wag","logwage_male","edu_max_male",TRUE,"male_attributes",0.112390335600348,4687,30,30,TRUE,FALSE,NA,NA,NA,NA,NA,NA,305
"weighted_handoff",0,"full_market","beta_edu_male_long_inc","logincome_male","edu_max_male",TRUE,"male_attributes",-4456.02302629489,1408,30,30,TRUE,FALSE,NA,NA,NA,NA,NA,NA,307
"weighted_handoff",0,"full_market","beta_edu_female_long","edu_max_female","samecaste",TRUE,"female_attributes",0.163361281310035,7147,32,31,TRUE,TRUE,6706,397,44,35,9,0,309
"weighted_handoff",0,"full_market","beta_edu_female_long2","edu_max_female","highercaste_female",TRUE,"female_attributes",-0.188902436538717,7147,32,31,TRUE,TRUE,6706,397,44,35,9,0,309
"weighted_handoff",0,"full_market","beta_edu_female_long_vb","vbeautiful_female","edu_max_female",TRUE,"female_attributes",-0.0477622987402382,5739,31,31,TRUE,FALSE,NA,NA,NA,NA,NA,NA,312
"weighted_handoff",0,"full_market","beta_edu_female_long_b","beautiful_female","edu_max_female",TRUE,"female_attributes",0.0069485580805442,5739,31,31,TRUE,FALSE,NA,NA,NA,NA,NA,NA,314
"weighted_handoff",0,"full_market","beta_edu_female_long_sk","skinrank_female","edu_max_female",TRUE,"female_attributes",0.0963019923709018,5411,31,31,TRUE,FALSE,NA,NA,NA,NA,NA,NA,316
"weighted_handoff",0,"full_market","beta_edu_female_long_hg","diff_height","edu_max_female",TRUE,"female_attributes",0.00243396264809839,6366,31,30,TRUE,FALSE,NA,NA,NA,NA,NA,NA,318
"weighted_handoff",0,"full_market","beta_edu_female_long_age","diff_age","edu_max_female",TRUE,"female_attributes",-0.545410882947904,7169,31,30,TRUE,FALSE,NA,NA,NA,NA,NA,NA,320
"weighted_handoff",0,"full_market","beta_inc_male_long","logincome_male","samecaste",TRUE,"male_attributes",-6518.18736992319,1681,31,31,TRUE,TRUE,1579,6,96,94,2,0,322
"weighted_handoff",0,"full_market","beta_inc_male_long2","logincome_male","highercaste",TRUE,"male_attributes",97731.733143998,1681,31,31,TRUE,TRUE,1579,6,96,94,2,0,322
"weighted_handoff",0,"full_market","beta_inc_female_long","logincome_female","samecaste",FALSE,"female_attributes",-21393.2347503447,109,32,29,TRUE,TRUE,101,5,3,3,0,0,325
"weighted_handoff",0,"full_market","beta_inc_female_long2","logincome_female","highercaste_female",FALSE,"female_attributes",-25403.7226431736,109,32,29,TRUE,TRUE,101,5,3,3,0,0,325
"weighted_handoff",0,"full_market","beta_wag_male_long","logwage_male","samecaste",TRUE,"male_attributes",-0.293207523086017,5807,31,31,TRUE,TRUE,5413,26,368,360,8,0,328
"weighted_handoff",0,"full_market","beta_wag_male_long2","logwage_male","highercaste",TRUE,"male_attributes",-0.450188447374171,5807,31,31,TRUE,TRUE,5413,26,368,360,8,0,328
"weighted_handoff",0,"full_market","beta_wage_female_long","logwage_female","samecaste",TRUE,"female_attributes",0.121612793917831,1391,32,31,TRUE,TRUE,1312,67,12,9,3,0,331
"weighted_handoff",0,"full_market","beta_wage_female_long2","logwage_female","highercaste_female",TRUE,"female_attributes",-0.00508933978613151,1391,32,31,TRUE,TRUE,1312,67,12,9,3,0,331
"weighted_handoff",0,"full_market","beta_skin_female_long","skinrank_female","samecaste",TRUE,"female_attributes",-0.256476570487417,5658,32,31,TRUE,TRUE,5283,341,34,25,9,0,334
"weighted_handoff",0,"full_market","beta_skin_female_long2","skinrank_female","highercaste_female",TRUE,"female_attributes",-0.177531134517371,5658,32,31,TRUE,TRUE,5283,341,34,25,9,0,334
"weighted_handoff",0,"full_market","beta_vb_female_long","vbeautiful_female","samecaste",TRUE,"female_attributes",-0.0643722508142971,6033,32,31,TRUE,TRUE,5645,359,29,22,7,0,337
"weighted_handoff",0,"full_market","beta_vb_female_long2","vbeautiful_female","highercaste_female",TRUE,"female_attributes",-0.120573471830964,6033,32,31,TRUE,TRUE,5645,359,29,22,7,0,337
"weighted_handoff",0,"full_market","beta_b_female_long","beautiful_female","samecaste",TRUE,"female_attributes",0.125617939569475,6033,32,31,TRUE,TRUE,5645,359,29,22,7,0,340
"weighted_handoff",0,"full_market","beta_b_female_long2","beautiful_female","highercaste_female",TRUE,"female_attributes",0.133053037769755,6033,32,31,TRUE,TRUE,5645,359,29,22,7,0,340
"weighted_handoff",0,"full_market","beta_age_female_long","diff_age","samecaste",TRUE,"female_attributes",0.0569882203552687,7487,32,30,TRUE,TRUE,7028,416,43,32,11,0,343
"weighted_handoff",0,"full_market","beta_age_female_long2","diff_age","highercaste_female",TRUE,"female_attributes",-0.201472511773217,7487,32,30,TRUE,TRUE,7028,416,43,32,11,0,343
"weighted_handoff",0,"full_market","beta_hg_female_long","diff_height","samecaste",TRUE,"female_attributes",0.00536477871486399,6657,32,30,TRUE,TRUE,6245,376,36,25,11,0,346
"weighted_handoff",0,"full_market","beta_hg_female_long2","diff_height","highercaste_female",TRUE,"female_attributes",0.00941703648900623,6657,32,30,TRUE,TRUE,6245,376,36,25,11,0,346
"weighted_handoff",0,"full_market","beta_age_male_long","diff_age","samecaste",TRUE,"male_attributes",0.17167817098222,7487,31,30,TRUE,TRUE,7028,32,427,416,11,0,349
"weighted_handoff",0,"full_market","beta_age_male_long2","diff_age","highercaste",TRUE,"male_attributes",0.534547168501344,7487,31,30,TRUE,TRUE,7028,32,427,416,11,0,349
"weighted_handoff",0,"full_market","beta_hg_male_long","diff_height","samecaste",TRUE,"male_attributes",0.00599340216173447,6657,31,30,TRUE,TRUE,6245,25,387,376,11,0,352
"weighted_handoff",0,"full_market","beta_hg_male_long2","diff_height","highercaste",TRUE,"male_attributes",-0.00276753579801117,6657,31,30,TRUE,TRUE,6245,25,387,376,11,0,352
"weighted_handoff",0,"verified_interview_subset","beta_edu_male_long","edu_max_male","samecaste",TRUE,"male_attributes",-0.193733415483035,433,31,31,TRUE,TRUE,407,1,25,24,1,0,298
"weighted_handoff",0,"verified_interview_subset","beta_edu_male_long2","edu_max_male","highercaste",TRUE,"male_attributes",-0.315055396940334,433,31,31,TRUE,TRUE,407,1,25,24,1,0,298
"weighted_handoff",0,"verified_interview_subset","beta_edu_male_long_hg","diff_height","edu_max_male",TRUE,"male_attributes",0.00111769242470883,374,30,29,TRUE,FALSE,NA,NA,NA,NA,NA,NA,301
"weighted_handoff",0,"verified_interview_subset","beta_edu_male_long_ag","diff_age","edu_max_male",TRUE,"male_attributes",-0.257820223567596,424,30,29,TRUE,FALSE,NA,NA,NA,NA,NA,NA,303
"weighted_handoff",0,"verified_interview_subset","beta_edu_male_long_wag","logwage_male","edu_max_male",TRUE,"male_attributes",0.0434812239870371,335,30,30,TRUE,FALSE,NA,NA,NA,NA,NA,NA,305
"weighted_handoff",0,"verified_interview_subset","beta_edu_male_long_inc","logincome_male","edu_max_male",TRUE,"male_attributes",58.0905726423797,107,30,25,TRUE,FALSE,NA,NA,NA,NA,NA,NA,307
"weighted_handoff",0,"verified_interview_subset","beta_edu_female_long","edu_max_female","samecaste",TRUE,"female_attributes",0.958170940802567,501,32,31,TRUE,TRUE,472,27,2,2,0,0,309
"weighted_handoff",0,"verified_interview_subset","beta_edu_female_long2","edu_max_female","highercaste_female",TRUE,"female_attributes",0.432068865536435,501,32,31,TRUE,TRUE,472,27,2,2,0,0,309
"weighted_handoff",0,"verified_interview_subset","beta_edu_female_long_vb","vbeautiful_female","edu_max_female",TRUE,"female_attributes",-0.0485260958153135,410,31,31,TRUE,FALSE,NA,NA,NA,NA,NA,NA,312
"weighted_handoff",0,"verified_interview_subset","beta_edu_female_long_b","beautiful_female","edu_max_female",TRUE,"female_attributes",-0.0347891474310022,410,31,31,TRUE,FALSE,NA,NA,NA,NA,NA,NA,314
"weighted_handoff",0,"verified_interview_subset","beta_edu_female_long_sk","skinrank_female","edu_max_female",TRUE,"female_attributes",0.106982749331019,376,31,31,TRUE,FALSE,NA,NA,NA,NA,NA,NA,316
"weighted_handoff",0,"verified_interview_subset","beta_edu_female_long_hg","diff_height","edu_max_female",TRUE,"female_attributes",0.00505201823625428,429,31,30,TRUE,FALSE,NA,NA,NA,NA,NA,NA,318
"weighted_handoff",0,"verified_interview_subset","beta_edu_female_long_age","diff_age","edu_max_female",TRUE,"female_attributes",-0.586731235090606,488,31,30,TRUE,FALSE,NA,NA,NA,NA,NA,NA,320
"weighted_handoff",0,"verified_interview_subset","beta_inc_male_long","logincome_male","samecaste",TRUE,"male_attributes",145.137051281233,127,31,27,TRUE,TRUE,121,0,6,6,0,0,322
"weighted_handoff",0,"verified_interview_subset","beta_inc_male_long2","logincome_male","highercaste",TRUE,"male_attributes",NA,127,31,27,FALSE,TRUE,121,0,6,6,0,0,322
"weighted_handoff",0,"verified_interview_subset","beta_inc_female_long","logincome_female","samecaste",FALSE,"female_attributes",NA,8,32,8,FALSE,TRUE,8,0,0,0,0,0,325
"weighted_handoff",0,"verified_interview_subset","beta_inc_female_long2","logincome_female","highercaste_female",FALSE,"female_attributes",NA,8,32,8,FALSE,TRUE,8,0,0,0,0,0,325
"weighted_handoff",0,"verified_interview_subset","beta_wag_male_long","logwage_male","samecaste",TRUE,"male_attributes",-0.105113491131513,403,31,31,TRUE,TRUE,376,2,25,25,0,0,328
"weighted_handoff",0,"verified_interview_subset","beta_wag_male_long2","logwage_male","highercaste",TRUE,"male_attributes",-1.10078755309607,403,31,31,TRUE,TRUE,376,2,25,25,0,0,328
"weighted_handoff",0,"verified_interview_subset","beta_wage_female_long","logwage_female","samecaste",TRUE,"female_attributes",NA,102,32,29,FALSE,TRUE,100,2,0,0,0,0,331
"weighted_handoff",0,"verified_interview_subset","beta_wage_female_long2","logwage_female","highercaste_female",TRUE,"female_attributes",NA,102,32,29,FALSE,TRUE,100,2,0,0,0,0,331
"weighted_handoff",0,"verified_interview_subset","beta_skin_female_long","skinrank_female","samecaste",TRUE,"female_attributes",-0.579894286041365,397,32,31,TRUE,TRUE,366,28,3,2,1,0,334
"weighted_handoff",0,"verified_interview_subset","beta_skin_female_long2","skinrank_female","highercaste_female",TRUE,"female_attributes",-0.763087410085666,397,32,31,TRUE,TRUE,366,28,3,2,1,0,334
"weighted_handoff",0,"verified_interview_subset","beta_vb_female_long","vbeautiful_female","samecaste",TRUE,"female_attributes",-0.549276416862923,433,32,31,TRUE,TRUE,405,25,3,2,1,0,337
"weighted_handoff",0,"verified_interview_subset","beta_vb_female_long2","vbeautiful_female","highercaste_female",TRUE,"female_attributes",-0.454525728241226,433,32,31,TRUE,TRUE,405,25,3,2,1,0,337
"weighted_handoff",0,"verified_interview_subset","beta_b_female_long","beautiful_female","samecaste",TRUE,"female_attributes",0.220070639184991,433,32,31,TRUE,TRUE,405,25,3,2,1,0,340
"weighted_handoff",0,"verified_interview_subset","beta_b_female_long2","beautiful_female","highercaste_female",TRUE,"female_attributes",0.113679692689204,433,32,31,TRUE,TRUE,405,25,3,2,1,0,340
"weighted_handoff",0,"verified_interview_subset","beta_age_female_long","diff_age","samecaste",TRUE,"female_attributes",-1.290745309041,514,32,30,TRUE,TRUE,484,28,2,1,1,0,343
"weighted_handoff",0,"verified_interview_subset","beta_age_female_long2","diff_age","highercaste_female",TRUE,"female_attributes",-1.37895041141852,514,32,30,TRUE,TRUE,484,28,2,1,1,0,343
"weighted_handoff",0,"verified_interview_subset","beta_hg_female_long","diff_height","samecaste",TRUE,"female_attributes",-0.0173994957885717,451,32,30,TRUE,TRUE,422,27,2,1,1,0,346
"weighted_handoff",0,"verified_interview_subset","beta_hg_female_long2","diff_height","highercaste_female",TRUE,"female_attributes",0.0222899308788342,451,32,30,TRUE,TRUE,422,27,2,1,1,0,346
"weighted_handoff",0,"verified_interview_subset","beta_age_male_long","diff_age","samecaste",TRUE,"male_attributes",0.13048761124798,514,31,30,TRUE,TRUE,484,1,29,28,1,0,349
"weighted_handoff",0,"verified_interview_subset","beta_age_male_long2","diff_age","highercaste",TRUE,"male_attributes",1.79657453663274,514,31,30,TRUE,TRUE,484,1,29,28,1,0,349
"weighted_handoff",0,"verified_interview_subset","beta_hg_male_long","diff_height","samecaste",TRUE,"male_attributes",0.00334996601416542,451,31,30,TRUE,TRUE,422,1,28,27,1,0,352
"weighted_handoff",0,"verified_interview_subset","beta_hg_male_long2","diff_height","highercaste",TRUE,"male_attributes",0.11282206204147,451,31,30,TRUE,TRUE,422,1,28,27,1,0,352
"no_caste_weighted_handoff",0,"full_market","beta_edu_male_long","edu_max_male","samecaste",TRUE,"male_attributes",0.0159991087023901,5995,31,31,TRUE,TRUE,1098,2193,2704,2383,321,0,298
"no_caste_weighted_handoff",0,"full_market","beta_edu_male_long2","edu_max_male","highercaste",TRUE,"male_attributes",0.0575666873177185,5995,31,31,TRUE,TRUE,1098,2193,2704,2383,321,0,298
"no_caste_weighted_handoff",0,"full_market","beta_edu_male_long_hg","diff_height","edu_max_male",TRUE,"male_attributes",-0.000106901998768926,5461,30,29,TRUE,FALSE,NA,NA,NA,NA,NA,NA,301
"no_caste_weighted_handoff",0,"full_market","beta_edu_male_long_ag","diff_age","edu_max_male",TRUE,"male_attributes",-0.206933830333726,6072,30,29,TRUE,FALSE,NA,NA,NA,NA,NA,NA,303
"no_caste_weighted_handoff",0,"full_market","beta_edu_male_long_wag","logwage_male","edu_max_male",TRUE,"male_attributes",0.0874265956091145,4687,30,30,TRUE,FALSE,NA,NA,NA,NA,NA,NA,305
"no_caste_weighted_handoff",0,"full_market","beta_edu_male_long_inc","logincome_male","edu_max_male",TRUE,"male_attributes",-5650.22440937487,1408,30,30,TRUE,FALSE,NA,NA,NA,NA,NA,NA,307
"no_caste_weighted_handoff",0,"full_market","beta_edu_female_long","edu_max_female","samecaste",TRUE,"female_attributes",0.0707344972755443,7092,32,31,TRUE,TRUE,1345,2773,2974,2604,370,0,309
"no_caste_weighted_handoff",0,"full_market","beta_edu_female_long2","edu_max_female","highercaste_female",TRUE,"female_attributes",0.0862114919784691,7092,32,31,TRUE,TRUE,1345,2773,2974,2604,370,0,309
"no_caste_weighted_handoff",0,"full_market","beta_edu_female_long_vb","vbeautiful_female","edu_max_female",TRUE,"female_attributes",-0.0524030815598334,5734,31,31,TRUE,FALSE,NA,NA,NA,NA,NA,NA,312
"no_caste_weighted_handoff",0,"full_market","beta_edu_female_long_b","beautiful_female","edu_max_female",TRUE,"female_attributes",0.0171116526405934,5734,31,31,TRUE,FALSE,NA,NA,NA,NA,NA,NA,314
"no_caste_weighted_handoff",0,"full_market","beta_edu_female_long_sk","skinrank_female","edu_max_female",TRUE,"female_attributes",0.102148755368335,5395,31,31,TRUE,FALSE,NA,NA,NA,NA,NA,NA,316
"no_caste_weighted_handoff",0,"full_market","beta_edu_female_long_hg","diff_height","edu_max_female",TRUE,"female_attributes",0.00128014112735701,6365,31,30,TRUE,FALSE,NA,NA,NA,NA,NA,NA,318
"no_caste_weighted_handoff",0,"full_market","beta_edu_female_long_age","diff_age","edu_max_female",TRUE,"female_attributes",-0.510928664744144,7174,31,30,TRUE,FALSE,NA,NA,NA,NA,NA,NA,320
"no_caste_weighted_handoff",0,"full_market","beta_inc_male_long","logincome_male","samecaste",TRUE,"male_attributes",462.082652930478,1661,31,31,TRUE,TRUE,351,601,709,645,64,0,322
"no_caste_weighted_handoff",0,"full_market","beta_inc_male_long2","logincome_male","highercaste",TRUE,"male_attributes",-1712.15052075699,1661,31,31,TRUE,TRUE,351,601,709,645,64,0,322
"no_caste_weighted_handoff",0,"full_market","beta_inc_female_long","logincome_female","samecaste",FALSE,"female_attributes",-13187.7335267066,112,32,30,TRUE,TRUE,19,42,51,46,5,0,325
"no_caste_weighted_handoff",0,"full_market","beta_inc_female_long2","logincome_female","highercaste_female",FALSE,"female_attributes",41682.3237602136,112,32,30,TRUE,TRUE,19,42,51,46,5,0,325
"no_caste_weighted_handoff",0,"full_market","beta_wag_male_long","logwage_male","samecaste",TRUE,"male_attributes",0.0421335853542084,5786,31,31,TRUE,TRUE,1065,2069,2652,2360,292,0,328
"no_caste_weighted_handoff",0,"full_market","beta_wag_male_long2","logwage_male","highercaste",TRUE,"male_attributes",0.0354718834225227,5786,31,31,TRUE,TRUE,1065,2069,2652,2360,292,0,328
"no_caste_weighted_handoff",0,"full_market","beta_wage_female_long","logwage_female","samecaste",TRUE,"female_attributes",0.00323038380169463,1392,32,31,TRUE,TRUE,269,529,594,522,72,0,331
"no_caste_weighted_handoff",0,"full_market","beta_wage_female_long2","logwage_female","highercaste_female",TRUE,"female_attributes",0.00498260098405575,1392,32,31,TRUE,TRUE,269,529,594,522,72,0,331
"no_caste_weighted_handoff",0,"full_market","beta_skin_female_long","skinrank_female","samecaste",TRUE,"female_attributes",-0.0246179090890596,5600,32,31,TRUE,TRUE,1062,2163,2375,2068,307,0,334
"no_caste_weighted_handoff",0,"full_market","beta_skin_female_long2","skinrank_female","highercaste_female",TRUE,"female_attributes",-0.030710424365151,5600,32,31,TRUE,TRUE,1062,2163,2375,2068,307,0,334
"no_caste_weighted_handoff",0,"full_market","beta_vb_female_long","vbeautiful_female","samecaste",TRUE,"female_attributes",-0.00920562836590356,5977,32,31,TRUE,TRUE,1137,2357,2483,2181,302,0,337
"no_caste_weighted_handoff",0,"full_market","beta_vb_female_long2","vbeautiful_female","highercaste_female",TRUE,"female_attributes",-0.0128569189905836,5977,32,31,TRUE,TRUE,1137,2357,2483,2181,302,0,337
"no_caste_weighted_handoff",0,"full_market","beta_b_female_long","beautiful_female","samecaste",TRUE,"female_attributes",0.00426402485668424,5977,32,31,TRUE,TRUE,1137,2357,2483,2181,302,0,340
"no_caste_weighted_handoff",0,"full_market","beta_b_female_long2","beautiful_female","highercaste_female",TRUE,"female_attributes",0.02497958675684,5977,32,31,TRUE,TRUE,1137,2357,2483,2181,302,0,340
"no_caste_weighted_handoff",0,"full_market","beta_age_female_long","diff_age","samecaste",TRUE,"female_attributes",-0.0613234627459321,7445,32,30,TRUE,TRUE,1405,2916,3124,2741,383,0,343
"no_caste_weighted_handoff",0,"full_market","beta_age_female_long2","diff_age","highercaste_female",TRUE,"female_attributes",-0.0842705023803122,7445,32,30,TRUE,TRUE,1405,2916,3124,2741,383,0,343
"no_caste_weighted_handoff",0,"full_market","beta_hg_female_long","diff_height","samecaste",TRUE,"female_attributes",-0.000847586778481318,6622,32,30,TRUE,TRUE,1243,2603,2776,2424,352,0,346
"no_caste_weighted_handoff",0,"full_market","beta_hg_female_long2","diff_height","highercaste_female",TRUE,"female_attributes",-0.00196001583427819,6622,32,30,TRUE,TRUE,1243,2603,2776,2424,352,0,346
"no_caste_weighted_handoff",0,"full_market","beta_age_male_long","diff_age","samecaste",TRUE,"male_attributes",0.0333425009121765,7445,31,30,TRUE,TRUE,1405,2741,3299,2916,383,0,349
"no_caste_weighted_handoff",0,"full_market","beta_age_male_long2","diff_age","highercaste",TRUE,"male_attributes",0.0790939673662834,7445,31,30,TRUE,TRUE,1405,2741,3299,2916,383,0,349
"no_caste_weighted_handoff",0,"full_market","beta_hg_male_long","diff_height","samecaste",TRUE,"male_attributes",0.00139930808991134,6622,31,30,TRUE,TRUE,1243,2424,2955,2603,352,0,352
"no_caste_weighted_handoff",0,"full_market","beta_hg_male_long2","diff_height","highercaste",TRUE,"male_attributes",0.00214059734701913,6622,31,30,TRUE,TRUE,1243,2424,2955,2603,352,0,352
"no_caste_weighted_handoff",0,"verified_interview_subset","beta_edu_male_long","edu_max_male","samecaste",TRUE,"male_attributes",0.0122707343359218,437,31,30,TRUE,TRUE,85,165,187,162,25,0,298
"no_caste_weighted_handoff",0,"verified_interview_subset","beta_edu_male_long2","edu_max_male","highercaste",TRUE,"male_attributes",0.298521055543244,437,31,30,TRUE,TRUE,85,165,187,162,25,0,298
"no_caste_weighted_handoff",0,"verified_interview_subset","beta_edu_male_long_hg","diff_height","edu_max_male",TRUE,"male_attributes",0.000618439316947232,395,30,28,TRUE,FALSE,NA,NA,NA,NA,NA,NA,301
"no_caste_weighted_handoff",0,"verified_interview_subset","beta_edu_male_long_ag","diff_age","edu_max_male",TRUE,"male_attributes",-0.251310903561797,435,30,28,TRUE,FALSE,NA,NA,NA,NA,NA,NA,303
"no_caste_weighted_handoff",0,"verified_interview_subset","beta_edu_male_long_wag","logwage_male","edu_max_male",TRUE,"male_attributes",0.0815841487457624,333,30,29,TRUE,FALSE,NA,NA,NA,NA,NA,NA,305
"no_caste_weighted_handoff",0,"verified_interview_subset","beta_edu_male_long_inc","logincome_male","edu_max_male",TRUE,"male_attributes",323.080791366746,117,30,28,TRUE,FALSE,NA,NA,NA,NA,NA,NA,307
"no_caste_weighted_handoff",0,"verified_interview_subset","beta_edu_female_long","edu_max_female","samecaste",TRUE,"female_attributes",0.0649064042670906,500,32,31,TRUE,TRUE,96,189,215,189,26,0,309
"no_caste_weighted_handoff",0,"verified_interview_subset","beta_edu_female_long2","edu_max_female","highercaste_female",TRUE,"female_attributes",0.172132339715184,500,32,31,TRUE,TRUE,96,189,215,189,26,0,309
"no_caste_weighted_handoff",0,"verified_interview_subset","beta_edu_female_long_vb","vbeautiful_female","edu_max_female",TRUE,"female_attributes",-0.05093294803505,414,31,31,TRUE,FALSE,NA,NA,NA,NA,NA,NA,312
"no_caste_weighted_handoff",0,"verified_interview_subset","beta_edu_female_long_b","beautiful_female","edu_max_female",TRUE,"female_attributes",0.0329507311264023,414,31,31,TRUE,FALSE,NA,NA,NA,NA,NA,NA,314
"no_caste_weighted_handoff",0,"verified_interview_subset","beta_edu_female_long_sk","skinrank_female","edu_max_female",TRUE,"female_attributes",0.115823559233522,378,31,31,TRUE,FALSE,NA,NA,NA,NA,NA,NA,316
"no_caste_weighted_handoff",0,"verified_interview_subset","beta_edu_female_long_hg","diff_height","edu_max_female",TRUE,"female_attributes",0.00213215610460412,451,31,30,TRUE,FALSE,NA,NA,NA,NA,NA,NA,318
"no_caste_weighted_handoff",0,"verified_interview_subset","beta_edu_female_long_age","diff_age","edu_max_female",TRUE,"female_attributes",-0.561390003231252,495,31,30,TRUE,FALSE,NA,NA,NA,NA,NA,NA,320
"no_caste_weighted_handoff",0,"verified_interview_subset","beta_inc_male_long","logincome_male","samecaste",TRUE,"male_attributes",3909.86859852726,130,31,29,TRUE,TRUE,28,53,49,44,5,0,322
"no_caste_weighted_handoff",0,"verified_interview_subset","beta_inc_male_long2","logincome_male","highercaste",TRUE,"male_attributes",-6572.91491289778,130,31,29,TRUE,TRUE,28,53,49,44,5,0,322
"no_caste_weighted_handoff",0,"verified_interview_subset","beta_inc_female_long","logincome_female","samecaste",FALSE,"female_attributes",NA,11,32,11,FALSE,TRUE,1,3,7,6,1,0,325
"no_caste_weighted_handoff",0,"verified_interview_subset","beta_inc_female_long2","logincome_female","highercaste_female",FALSE,"female_attributes",NA,11,32,11,FALSE,TRUE,1,3,7,6,1,0,325
"no_caste_weighted_handoff",0,"verified_interview_subset","beta_wag_male_long","logwage_male","samecaste",TRUE,"male_attributes",-0.0872136832222002,399,31,30,TRUE,TRUE,74,142,183,166,17,0,328
"no_caste_weighted_handoff",0,"verified_interview_subset","beta_wag_male_long2","logwage_male","highercaste",TRUE,"male_attributes",-0.10436386904468,399,31,30,TRUE,TRUE,74,142,183,166,17,0,328
"no_caste_weighted_handoff",0,"verified_interview_subset","beta_wage_female_long","logwage_female","samecaste",TRUE,"female_attributes",-0.0486507273654989,113,32,30,TRUE,TRUE,20,47,46,42,4,0,331
"no_caste_weighted_handoff",0,"verified_interview_subset","beta_wage_female_long2","logwage_female","highercaste_female",TRUE,"female_attributes",0.0236876902899801,113,32,30,TRUE,TRUE,20,47,46,42,4,0,331
"no_caste_weighted_handoff",0,"verified_interview_subset","beta_skin_female_long","skinrank_female","samecaste",TRUE,"female_attributes",-0.120529665047705,392,32,31,TRUE,TRUE,78,151,163,143,20,0,334
"no_caste_weighted_handoff",0,"verified_interview_subset","beta_skin_female_long2","skinrank_female","highercaste_female",TRUE,"female_attributes",-0.0599183527965573,392,32,31,TRUE,TRUE,78,151,163,143,20,0,334
"no_caste_weighted_handoff",0,"verified_interview_subset","beta_vb_female_long","vbeautiful_female","samecaste",TRUE,"female_attributes",-0.0324863006505694,430,32,31,TRUE,TRUE,83,170,177,157,20,0,337
"no_caste_weighted_handoff",0,"verified_interview_subset","beta_vb_female_long2","vbeautiful_female","highercaste_female",TRUE,"female_attributes",0.0368718865785282,430,32,31,TRUE,TRUE,83,170,177,157,20,0,337
"no_caste_weighted_handoff",0,"verified_interview_subset","beta_b_female_long","beautiful_female","samecaste",TRUE,"female_attributes",-0.0896129501542228,430,32,31,TRUE,TRUE,83,170,177,157,20,0,340
"no_caste_weighted_handoff",0,"verified_interview_subset","beta_b_female_long2","beautiful_female","highercaste_female",TRUE,"female_attributes",-0.0126181596643998,430,32,31,TRUE,TRUE,83,170,177,157,20,0,340
"no_caste_weighted_handoff",0,"verified_interview_subset","beta_age_female_long","diff_age","samecaste",TRUE,"female_attributes",-0.0778605884473221,511,32,30,TRUE,TRUE,97,194,220,193,27,0,343
"no_caste_weighted_handoff",0,"verified_interview_subset","beta_age_female_long2","diff_age","highercaste_female",TRUE,"female_attributes",-0.168169150472048,511,32,30,TRUE,TRUE,97,194,220,193,27,0,343
"no_caste_weighted_handoff",0,"verified_interview_subset","beta_hg_female_long","diff_height","samecaste",TRUE,"female_attributes",-0.000876323035325903,463,32,30,TRUE,TRUE,88,181,194,169,25,0,346
"no_caste_weighted_handoff",0,"verified_interview_subset","beta_hg_female_long2","diff_height","highercaste_female",TRUE,"female_attributes",0.00019916621671461,463,32,30,TRUE,TRUE,88,181,194,169,25,0,346
"no_caste_weighted_handoff",0,"verified_interview_subset","beta_age_male_long","diff_age","samecaste",TRUE,"male_attributes",0.0551368253383943,511,31,29,TRUE,TRUE,97,193,221,194,27,0,349
"no_caste_weighted_handoff",0,"verified_interview_subset","beta_age_male_long2","diff_age","highercaste",TRUE,"male_attributes",0.173032918331918,511,31,29,TRUE,TRUE,97,193,221,194,27,0,349
"no_caste_weighted_handoff",0,"verified_interview_subset","beta_hg_male_long","diff_height","samecaste",TRUE,"male_attributes",0.00282564560987513,463,31,29,TRUE,TRUE,88,169,206,181,25,0,352
"no_caste_weighted_handoff",0,"verified_interview_subset","beta_hg_male_long2","diff_height","highercaste",TRUE,"male_attributes",0.00501338590408238,463,31,29,TRUE,TRUE,88,169,206,181,25,0,352
