SI	considered	nocaste_female	noage_female	noheight_female	skinrank_female	noskin_female	nores_female	family_origin_female	nofamily_origin_female	beauty_female	vbeauty_female	nobeauty_female	samenocaste	sameresstatus	samenores	samenofamily_origin	samenoage	samenoheight	samecaste	samefamily_origin	diff_above	diff_below	diffage	diffheight	diffagesq	diffheightsq	age_noage	noage_age	height_noheight	noheight_height	casteimportantmatch	casteimportantdiff	casteimportantno	castenotimpmatch	castenotimpdiff	castenotimpno	calcutta_female	caste_nof3	caste_nof4	caste_nof5	caste_nof6	caste_nof7	caste_nof8	caste_nof9	income_pred_female
2	1	0	0	0	1	0	1	0	0	1	1	0	0	0	1	0	0	0	1	0	0	0	7	0.0763999	49	0.0058369	0	0	0	0	0	0	0	0	0	0	0	0	0	1	0	0	0	0	9.104201
2	1	0	0	0	1	0	1	0	1	1	0	0	0	0	1	1	0	0	1	0	0	0	8	0.0508	64	0.0025806	0	0	0	0	0	0	0	0	0	0	0	0	0	1	0	0	0	0	8.852798
2	1	0	0	0	1	0	0	0	0	1	0	0	0	0	0	0	0	0	1	0	0	0	11	0.0761999	121	0.0058064	0	0	0	0	0	0	0	0	0	0	1	0	0	1	0	0	0	0	9.28473
2	0	0	0	0	1	0	0	0	0	0	0	0	0	0	0	0	0	0	0	0	0	2	6	0.0508	36	0.0025806	0	0	0	0	0	0	0	0	0	0	0	1	0	0	0	0	0	0	9.203803
2	0	0	0	0	1	0	0	0	0	0	0	1	0	0	0	0	0	0	1	0	0	0	5	0.1015999	25	0.0103225	0	0	0	0	0	0	0	0	0	0	0	0	0	1	0	0	0	0	8.673765
2	1	0	0	0	1	0	0	0	0	0	0	1	0	0	0	0	0	0	1	0	0	0	11	0.0761999	121	0.0058064	0	0	0	0	0	0	0	0	0	0	1	0	0	1	0	0	0	0	8.613906
2	0	0	0	0	1	0	1	0	1	0	0	1	0	0	1	1	0	0	1	0	0	0	7	0.0761999	49	0.0058064	0	0	0	0	0	0	0	0	0	0	0	0	0	1	0	0	0	0	8.543419
2	0	0	0	0	1	0	0	1	0	0	0	1	0	0	0	0	0	0	1	0	0	0	10	0.0253999	100	0.0006452	0	0	0	0	0	0	0	0	0	0	0	0	0	1	0	0	0	0	9.355217
2	0	0	0	0	1	0	0	0	0	0	0	0	0	0	0	0	0	0	0	0	-1	0	9	0.1015999	81	0.0103225	0	0	0	0	0	0	0	0	0	0	1	0	0	0	1	0	0	0	8.099738
2	1	0	0	0	1	0	0	0	0	1	1	0	0	0	0	0	0	0	1	0	0	0	6	0.0761999	36	0.0058064	0	0	0	0	0	0	0	0	0	0	1	0	0	1	0	0	0	0	9.104201
2	1	0	0	0	2	0	1	0	0	1	1	0	0	0	1	0	0	0	0	0	0	3	7	0.0761999	49	0.0058064	0	0	0	0	0	0	0	0	0	0	0	0	0	0	0	0	0	0	8.86365
2	0	0	0	1	1	0	1	0	0	0	0	0	0	0	1	0	0	0	1	0	0	0	9	0	81	0	0	0	0	1.6764	0	0	0	0	0	0	0	0	0	1	0	0	0	0	8.543419
2	1	0	0	0	1	0	1	1	0	1	0	0	0	0	1	0	0	0	1	0	0	0	9	0.1015999	81	0.0103225	0	0	0	0	0	0	0	0	0	0	0	0	0	1	0	0	0	0	8.589443
2	0	1	0	0	1	0	1	0	0	0	0	0	0	0	1	0	0	0	0	0	0	0	9	0.0253999	81	0.0006452	0	0	0	0	0	0	0	0	0	0	0	0	0	0	0	0	0	0	8.744252
10	1	1	0	0	3	0	0	1	0	0	0	1	0	0	0	0	0	0	0	0	0	0	12	0.0508	144	0.0025806	0	0	0	0	0	0	0	0	0	0	0	0	0	0	0	0	0	0	8.494558
10	1	0	0	0	1	0	0	0	0	0	0	0	0	1	0	0	0	0	1	1	0	0	7	0.1015999	49	0.0103225	0	0	0	0	0	0	0	0	0	0	1	0	0	1	0	0	0	0	8.612476
10	1	0	0	0	1	0	0	0	0	0	0	1	0	1	0	0	0	0	1	1	0	0	8	0.0761999	64	0.0058064	0	0	0	0	0	0	0	0	0	0	1	0	0	1	0	0	0	0	8.989017
10	1	0	0	0	0	1	0	1	0	0	0	0	0	0	0	0	0	0	1	0	0	0	7	0.0761999	49	0.0058064	0	0	0	0	0	0	0	0	0	0	0	0	0	1	0	0	0	0	8.744252
10	0	0	0	0	1	0	0	0	0	0	0	0	0	1	0	0	0	0	1	1	0	0	7	0.1142999	49	0.0130645	0	0	0	0	0	0	0	0	0	0	1	0	0	1	0	0	0	0	8.099738
10	0	1	0	0	1	0	0	0	0	0	0	0	0	1	0	0	0	0	0	1	0	0	5	0.1015999	25	0.0103225	0	0	0	0	0	0	0	0	0	0	1	0	0	0	0	0	0	0	8.099738
10	1	0	0	0	1	0	0	1	0	0	0	0	0	0	0	0	0	0	0	0	-2	0	6	0.1015999	36	0.0103225	0	0	0	0	0	0	0	0	0	0	0	0	0	0	0	1	0	0	8.911333
10	1	0	0	0	1	0	0	0	0	0	0	0	0	1	0	0	0	0	1	1	0	0	5	0.1015999	25	0.0103225	0	0	0	0	0	0	0	0	0	0	1	0	0	1	0	0	0	0	8.673765
10	1	0	0	0	1	0	1	0	0	1	0	0	0	0	0	0	0	0	1	1	0	0	5	0.1015999	25	0.0103225	0	0	0	0	0	0	0	0	0	0	0	0	0	1	0	0	0	0	8.543419
10	1	0	0	0	1	0	0	0	0	0	0	0	0	0	0	0	0	0	1	1	0	0	3	0.127	9	0.016129	0	0	0	0	0	0	0	0	0	0	0	0	0	1	0	0	0	0	9.043935
10	1	0	0	0	3	0	0	1	0	0	0	1	0	1	0	0	0	0	0	0	-2	0	6	0.1523999	36	0.0232257	0	0	0	0	0	0	0	0	0	0	1	0	0	0	0	1	0	0	8.840846
10	1	1	0	0	0	1	0	0	0	0	0	1	0	0	0	0	0	0	0	1	0	0	11	0.0381	121	0.0014516	0	0	0	0	0	0	0	0	0	0	0	0	0	0	0	0	0	0	8.673765
10	1	0	0	0	3	0	0	0	1	0	0	1	0	0	0	0	0	0	0	0	0	3	5	0.0761999	25	0.0058064	0	0	0	0	0	0	0	0	0	0	0	0	0	0	0	0	0	0	9.104201
10	1	0	0	0	1	0	0	0	1	0	0	0	0	1	0	0	0	0	1	0	0	0	10	0.127	100	0.016129	0	0	0	0	0	0	0	0	0	0	1	0	0	1	0	0	0	0	8.744252
12	1	0	0	0	1	0	0	0	0	1	1	0	0	0	0	0	0	0	1	1	0	0	3	0.1777999	9	0.0316128	0	0	0	0	0	0	0	0	0	0	1	0	0	0	1	0	0	0	8.612476
12	1	0	0	0	3	0	1	0	0	0	0	0	0	0	1	0	0	0	1	1	0	0	3	0.2539999	9	0.064516	0	0	0	0	0	0	0	0	0	0	0	0	0	0	1	0	0	0	8.673765
12	1	0	0	0	1	0	0	0	0	0	0	1	0	0	0	0	0	0	1	1	0	0	7	0.0508	49	0.0025806	0	0	0	0	0	0	0	0	0	0	1	0	0	0	1	0	0	0	8.099738
12	1	1	0	0	2	0	0	0	1	0	0	1	0	0	0	0	0	0	0	0	0	0	9	0.127	81	0.016129	0	0	0	0	0	0	0	0	0	0	0	0	0	0	0	0	0	0	8.099738
12	1	0	0	0	2	0	0	0	0	0	0	0	0	0	0	0	0	0	1	1	0	0	9	0.1523999	81	0.0232257	0	0	0	0	0	0	0	0	0	0	1	0	0	0	1	0	0	0	8.673765
12	1	0	0	0	1	0	1	0	0	0	0	1	0	0	1	0	0	0	1	1	0	0	8	0.0508	64	0.0025806	0	0	0	0	0	0	0	0	0	0	0	0	0	0	1	0	0	0	7.909623
12	0	0	0	0	1	0	0	0	1	0	0	1	0	0	0	0	0	0	0	0	0	1	4	0.1015999	16	0.0103225	0	0	0	0	0	0	0	0	0	0	0	0	0	1	0	0	0	0	9.174689
12	1	0	0	0	0	1	1	0	0	1	0	0	0	0	1	0	0	0	0	1	0	1	4	0.1523999	16	0.0232257	0	0	0	0	0	0	0	0	0	0	0	0	0	1	0	0	0	0	8.673765
12	1	1	0	0	3	0	1	0	1	0	0	1	0	0	1	0	0	0	0	0	0	0	8	0.1015999	64	0.0103225	0	0	0	0	0	0	0	0	0	0	0	0	0	0	0	0	0	0	8.099738
12	1	1	0	1	3	0	0	0	1	0	0	0	0	0	0	0	0	0	0	0	0	0	11	0	121	0	0	0	0	1.6764	0	0	0	0	0	0	0	0	0	0	0	0	0	0	8.612476
12	1	0	0	0	3	0	0	0	1	0	0	0	0	0	0	0	0	0	1	0	0	0	5	0.1523999	25	0.0232257	0	0	0	0	0	0	0	0	0	0	1	0	0	0	1	0	0	0	8.673765
14	1	1	0	0	1	0	0	0	0	1	0	0	0	1	0	0	0	0	0	1	0	0	5	0.1523999	25	0.0232257	0	0	0	0	0	0	0	0	0	0	1	0	0	0	0	0	0	0	7.909623
14	0	0	0	0	2	0	0	0	0	0	0	0	0	1	0	0	0	0	1	1	0	0	1	0.2285999	1	0.0522579	0	0	0	0	0	0	0	0	0	0	1	0	0	1	0	0	0	0	8.673765
14	1	0	0	0	0	1	0	0	0	0	0	1	0	0	0	0	0	0	1	1	0	0	4	0.2032	16	0.0412902	0	0	0	0	0	0	0	0	0	0	0	0	0	1	0	0	0	0	8.543419
14	1	0	0	0	1	0	0	1	0	1	1	0	0	0	0	0	0	0	1	0	0	0	2	0.2032	4	0.0412902	0	0	0	0	0	0	0	0	0	0	0	0	0	1	0	0	0	0	8.673765
14	0	0	0	0	0	1	1	0	1	0	0	1	0	0	0	0	0	0	1	0	0	0	4	0.1523999	16	0.0232257	0	0	0	0	0	0	0	0	0	0	0	0	0	1	0	0	0	0	8.673765
14	1	1	0	1	0	1	0	0	0	1	0	0	0	0	0	0	0	0	0	1	0	0	5	0	25	0	0	0	0	1.7526	0	0	0	0	0	0	0	0	0	0	0	0	0	0	8.673765
14	1	0	0	0	1	0	0	0	0	0	0	1	0	0	0	0	0	0	0	1	0	2	4	0.1523999	16	0.0232257	0	0	0	0	0	0	0	0	0	0	0	1	0	0	0	0	0	0	8.673765
14	1	0	0	0	3	0	0	0	0	1	1	0	0	0	0	0	0	0	1	1	0	0	4	0.1777999	16	0.0316128	0	0	0	0	0	0	0	0	0	0	0	0	0	1	0	0	0	0	8.673765
14	0	0	0	0	0	1	1	0	0	0	0	0	0	0	0	0	0	0	1	1	0	0	5	0.1523999	25	0.0232257	0	0	0	0	0	0	0	0	0	0	0	0	0	1	0	0	0	0	8.673765
14	0	1	0	0	1	0	0	1	0	1	0	0	0	0	0	0	0	0	0	0	0	0	3	0.127	9	0.016129	0	0	0	0	0	0	0	0	0	0	0	0	0	0	0	0	0	0	8.744252
14	0	0	0	0	0	1	0	0	1	0	0	0	0	0	0	0	0	0	0	0	-2	0	-1	0.2285999	1	0.0522579	0	0	0	0	0	0	0	0	0	0	0	0	0	0	0	1	0	0	8.744252
14	1	0	0	0	1	0	0	0	0	0	0	1	0	1	0	0	0	0	1	1	0	0	3	0.1777999	9	0.0316128	0	0	0	0	0	0	0	0	0	0	1	0	0	1	0	0	0	0	8.673765
14	0	1	0	0	1	0	0	0	0	1	0	0	0	1	0	0	0	0	0	1	0	0	5	0.2032	25	0.0412902	0	0	0	0	0	0	0	0	0	0	1	0	0	0	0	0	0	0	8.673765
14	1	1	0	0	2	0	0	0	0	0	0	0	0	1	0	0	0	0	0	1	0	0	5	0.2032	25	0.0412902	0	0	0	0	0	0	0	0	0	0	1	0	0	0	0	0	0	0	8.744252
14	1	1	0	0	1	0	0	0	1	1	1	0	0	1	0	0	0	0	0	0	0	0	4	0.1777999	16	0.0316128	0	0	0	0	0	0	0	0	0	0	1	0	0	0	0	0	0	0	9.084176
14	0	0	0	0	1	0	0	0	1	0	0	0	0	0	0	0	0	0	0	0	0	3	4	0.1015999	16	0.0103225	0	0	0	0	0	0	0	0	0	0	0	0	0	0	0	0	0	0	8.525649
14	1	1	0	0	3	0	0	0	0	0	0	1	0	1	0	0	0	0	0	1	0	0	4	0.1523999	16	0.0232257	0	0	0	0	0	0	0	0	0	0	1	0	0	0	0	0	0	0	8.744252
14	1	0	0	0	1	0	0	0	0	1	0	0	0	1	0	0	0	0	1	1	0	0	3	0.1777999	9	0.0316128	0	0	0	0	0	0	0	0	0	0	1	0	0	1	0	0	0	0	8.673765
15	1	0	0	0	1	0	1	1	0	1	0	0	0	0	1	0	0	0	0	0	0	4	5	0.127	25	0.016129	0	0	0	0	0	0	0	0	4	0	0	0	0	0	0	0	0	0	8.673765
15	0	0	0	0	1	0	0	0	0	1	0	0	0	0	0	0	0	0	1	1	0	0	6	0.127	36	0.016129	0	0	0	0	0	0	0	1	0	0	0	0	0	0	1	0	0	0	8.099738
15	1	0	0	0	1	0	0	0	0	1	0	0	0	0	0	0	0	0	1	1	0	0	8	0.127	64	0.016129	0	0	0	0	0	0	0	1	0	0	1	0	0	0	1	0	0	0	9.104201
15	0	0	0	0	1	0	0	0	0	0	0	1	0	0	0	0	0	0	0	1	0	0	5	0.1778001	25	0.0316129	0	0	0	0	0	0	0	0	0	0	0	0	0	0	1	0	0	0	8.099738
15	0	1	0	0	1	0	1	0	1	0	0	1	0	0	1	0	0	0	0	0	0	0	7	0.127	49	0.016129	0	0	0	0	0	0	0	0	0	1	0	0	0	0	0	0	0	0	8.744252
15	1	0	0	0	1	0	0	0	0	1	0	0	0	0	0	0	0	0	1	1	0	0	6	0.127	36	0.016129	0	0	0	0	0	0	0	1	0	0	1	0	0	0	1	0	0	0	8.744252
15	1	0	0	0	1	0	1	0	0	0	0	1	0	0	1	0	0	0	1	1	0	0	8	0.127	64	0.016129	0	0	0	0	0	0	0	1	0	0	0	0	0	0	1	0	0	0	8.673765
15	0	0	0	0	0	1	1	1	0	0	0	1	0	0	1	0	0	0	0	0	-1	0	5	0.0508001	25	0.0025806	0	0	0	0	0	0	0	0	-1	0	0	0	0	0	0	1	0	0	8.525649
15	0	1	0	0	1	0	1	0	0	0	0	1	0	0	1	0	0	0	0	1	0	0	6	0.1397001	36	0.0195161	0	0	0	0	0	0	0	0	0	1	0	0	0	0	0	0	0	0	8.673765
15	0	0	0	0	1	0	1	0	0	1	0	0	0	0	1	0	0	0	1	1	0	0	11	0.1778001	121	0.0316129	0	0	0	0	0	0	0	1	0	0	0	0	0	0	1	0	0	0	8.099738
15	1	1	0	0	0	1	0	1	0	0	0	1	0	0	0	0	0	0	0	0	0	0	9	0.1143	81	0.0130645	0	0	0	0	0	0	0	0	0	1	0	0	0	0	0	0	0	0	8.673765
15	1	0	0	0	1	0	0	0	0	1	1	0	0	0	0	0	0	0	1	1	0	0	4	0.0872	16	0.0076038	0	0	0	0	0	0	0	1	0	0	1	0	0	0	1	0	0	0	9.104201
15	0	0	0	0	1	0	0	1	0	0	0	0	0	0	0	0	0	0	0	0	0	1	7	0.1524	49	0.0232258	0	0	0	0	0	0	0	0	1	0	0	0	0	1	0	0	0	0	8.673765
15	1	1	0	0	0	1	0	0	1	0	0	1	0	0	0	0	0	0	0	0	0	0	5	0.127	25	0.016129	0	0	0	0	0	0	0	0	0	1	0	0	0	0	0	0	0	0	8.744252
16	0	1	0	0	1	0	0	0	1	1	0	0	0	0	0	1	0	0	0	0	0	0	5	0.2032	25	0.0412902	0	0	0	0	0	0	0	0	0	1	1	0	0	0	0	0	0	0	9.508718
16	0	0	0	0	1	0	0	0	1	1	0	0	0	0	0	1	0	0	1	0	0	0	4	0.2286	16	0.052258	0	0	0	0	0	0	0	1	0	0	0	0	0	1	0	0	0	0	8.744252
16	1	0	0	0	1	0	1	0	1	0	0	0	0	0	0	1	0	0	1	0	0	0	6	0.1524	36	0.0232258	0	0	0	0	0	0	0	1	0	0	0	0	0	1	0	0	0	0	8.613906
16	1	0	0	0	1	0	0	0	0	1	1	0	0	0	0	0	0	0	1	0	0	0	4	0.1777999	16	0.0316128	0	0	0	0	0	0	0	1	0	0	1	0	0	1	0	0	0	0	8.744252
16	0	0	0	0	1	0	0	0	0	1	0	0	0	0	0	0	0	0	1	0	0	0	3	0.2032	9	0.0412902	0	0	0	0	0	0	0	1	0	0	0	0	0	1	0	0	0	0	9.044342
16	1	1	0	0	2	0	0	0	0	1	0	0	0	0	0	0	0	0	0	0	0	0	8	0.1777999	64	0.0316128	0	0	0	0	0	0	0	0	0	1	1	0	0	0	0	0	0	0	8.613906
16	0	0	0	0	1	0	0	0	0	0	0	1	0	0	0	0	0	0	1	0	0	0	8	0.2286	64	0.052258	0	0	0	0	0	0	0	1	0	0	1	0	0	1	0	0	0	0	9.289562
16	1	1	0	0	0	1	1	0	1	0	0	1	0	0	0	1	0	0	0	0	0	0	5	0.2539999	25	0.064516	0	0	0	0	0	0	0	0	0	1	0	0	0	0	0	0	0	0	8.613906
16	1	0	0	0	2	0	0	0	1	0	0	1	0	0	0	1	0	0	0	0	0	3	3	0.2032	9	0.0412902	0	0	0	0	0	0	0	0	3	0	1	0	0	0	0	0	0	0	8.543419
16	0	1	0	0	1	0	0	0	0	1	0	0	0	0	0	0	0	0	0	0	0	0	5	0.127	25	0.016129	0	0	0	0	0	0	0	0	0	1	1	0	0	0	0	0	0	0	8.543419
16	0	0	0	0	1	0	0	0	0	0	0	1	0	0	0	0	0	0	0	0	0	3	6	0.2032	36	0.0412902	0	0	0	0	0	0	0	0	3	0	0	0	0	0	0	0	0	0	8.744252
16	1	0	0	0	1	0	0	0	1	1	0	0	0	1	0	1	0	0	1	0	0	0	0	0.1651	0	0.027258	0	0	0	0	0	0	0	1	0	0	0	0	0	1	0	0	0	0	9.84864
16	1	0	0	0	1	0	0	1	0	1	0	0	0	0	0	0	0	0	1	0	0	0	7	0.127	49	0.016129	0	0	0	0	0	0	0	1	0	0	0	0	0	1	0	0	0	0	8.733533
16	0	0	0	0	1	0	0	0	0	0	0	1	0	0	0	0	0	0	1	0	0	0	3	0.1524	9	0.0232258	0	0	0	0	0	0	0	1	0	0	0	0	0	1	0	0	0	0	8.543419
16	0	0	0	0	1	0	0	0	1	0	0	1	0	0	0	1	0	0	0	0	-1	0	7	0.1777999	49	0.0316128	0	0	0	0	0	0	0	0	-1	0	1	0	0	0	1	0	0	0	8.744252
16	1	0	0	0	1	0	0	0	1	1	0	0	0	0	0	1	0	0	1	0	0	0	6	0.0635	36	0.0040323	0	0	0	0	0	0	0	1	0	0	1	0	0	1	0	0	0	0	8.525649
16	1	1	0	0	0	1	0	1	0	0	0	1	0	0	0	0	0	0	0	0	0	0	3	0.2032	9	0.0412902	0	0	0	0	0	0	0	0	0	1	1	0	0	0	0	0	0	0	9.151115
16	1	0	0	0	1	0	1	0	1	1	0	0	0	0	0	1	0	0	1	0	0	0	6	0.1777999	36	0.0316128	0	0	0	0	0	0	0	1	0	0	0	0	0	1	0	0	0	0	9.084176
16	1	0	0	0	1	0	0	0	0	0	0	1	0	0	0	0	0	0	1	0	0	0	4	0.1777999	16	0.0316128	0	0	0	0	0	0	0	1	0	0	0	0	0	1	0	0	0	0	9.280687
16	1	1	0	0	1	0	0	0	0	0	0	1	0	0	0	0	0	0	0	0	0	0	6	0.2032	36	0.0412902	0	0	0	0	0	0	0	0	0	1	0	0	0	0	0	0	0	0	9.084176
16	1	0	0	0	1	0	1	0	1	1	1	0	0	0	0	1	0	0	0	0	-1	0	8	0.1777999	64	0.0316128	0	0	0	0	0	0	0	0	-1	0	0	0	0	0	1	0	0	0	8.613906
16	1	0	0	0	1	0	0	1	0	1	0	0	0	0	0	0	0	0	1	0	0	0	2	0.1524	4	0.0232258	0	0	0	0	0	0	0	1	0	0	1	0	0	1	0	0	0	0	9.203803
16	1	0	0	0	1	0	1	0	1	0	0	1	0	0	0	1	0	0	1	0	0	0	1	0.2539999	1	0.064516	0	0	0	0	0	0	0	1	0	0	0	0	0	1	0	0	0	0	9.514612
16	1	0	0	0	1	0	0	1	0	0	0	0	0	0	0	0	0	0	0	0	-2	0	2	0.127	4	0.016129	0	0	0	0	0	0	0	0	-2	0	1	0	0	0	0	1	0	0	9.151115
16	1	0	0	0	2	0	0	0	1	0	0	1	0	0	0	1	0	0	1	0	0	0	5	0.228	25	0.051984	0	0	0	0	0	0	0	1	0	0	1	0	0	1	0	0	0	0	8.525649
16	1	0	0	0	2	0	0	0	1	0	0	1	0	0	0	1	0	0	1	0	0	0	4	0.2286	16	0.052258	0	0	0	0	0	0	0	1	0	0	0	0	0	1	0	0	0	0	9.377819
16	1	0	0	0	1	0	0	0	0	1	0	0	0	0	0	0	0	0	0	0	-1	0	5	0.1777999	25	0.0316128	0	0	0	0	0	0	0	0	-1	0	1	0	0	0	1	0	0	0	9.151115
16	0	0	0	0	1	0	0	1	0	1	0	0	0	0	0	0	0	0	0	0	-2	0	3	0.2032	9	0.0412902	0	0	0	0	0	0	0	0	-2	0	1	0	0	0	0	1	0	0	9.377819
16	0	1	0	0	1	0	1	0	1	0	0	1	0	0	0	1	0	0	0	0	0	0	9	0.1777999	81	0.0316128	0	0	0	0	0	0	0	0	0	1	0	0	0	0	0	0	0	0	8.673765
16	1	0	0	0	1	0	1	1	0	1	0	0	0	0	0	0	0	0	0	0	-2	0	1	0.1524	1	0.0232258	0	0	0	0	0	0	0	0	-2	0	0	0	0	0	0	1	0	0	9.84864
18	1	0	0	0	1	0	0	1	0	0	0	1	0	0	0	0	0	0	0	1	0	2	4	0.1270001	16	0.016129	0	0	0	0	0	0	0	0	2	0	1	0	0	1	0	0	0	0	8.744252
18	1	0	0	0	1	0	0	1	0	1	0	0	0	0	0	0	0	0	1	1	0	0	3	0.2286	9	0.052258	0	0	0	0	0	0	0	1	0	0	1	0	0	0	0	1	0	0	8.543419
18	0	0	0	0	1	0	0	0	0	0	0	0	0	0	0	0	0	0	0	0	0	2	3	0.1905	9	0.0362903	0	0	0	0	0	0	0	0	2	0	1	0	0	1	0	0	0	0	8.673765
18	0	0	0	0	1	0	0	1	0	0	0	1	0	0	0	0	0	0	0	1	-1	0	4	0.2286	16	0.052258	0	0	0	0	0	0	0	0	-1	0	0	0	0	0	0	0	1	0	8.543419
18	1	1	0	0	1	0	0	0	1	0	0	0	0	0	0	0	0	0	0	0	0	0	7	0.1778001	49	0.0316129	0	0	0	0	0	0	0	0	0	1	0	0	0	0	0	0	0	0	8.673765
18	1	0	0	0	1	0	0	1	0	0	0	0	0	0	0	0	0	0	1	1	0	0	4	0.2032	16	0.0412902	0	0	0	0	0	0	0	1	0	0	0	0	0	0	0	1	0	0	8.543419
18	1	0	0	0	1	0	0	0	0	1	0	0	0	0	0	0	0	0	0	0	0	1	3	0.2032	9	0.0412902	0	0	0	0	0	0	0	0	1	0	1	0	0	0	1	0	0	0	8.673765
18	0	0	0	0	2	0	0	1	0	1	0	0	0	0	0	0	0	0	1	1	0	0	5	0.2032	25	0.0412902	0	0	0	0	0	0	0	1	0	0	1	0	0	0	0	1	0	0	8.673765
18	1	0	0	0	1	0	1	0	0	1	0	0	0	0	1	0	0	0	0	0	0	0	2	0.2032	4	0.0412902	0	0	0	0	0	0	0	0	0	0	0	0	0	0	0	1	0	0	9.044342
18	1	0	0	1	1	0	0	1	0	0	0	0	0	0	0	0	0	0	0	1	0	1	4	0	16	0	0	0	0	1.8034	0	0	0	0	1	0	0	0	0	0	1	0	0	0	9.084176
18	1	1	0	0	1	0	0	0	0	0	0	0	0	0	0	0	0	0	0	0	0	0	6	0.1270001	36	0.016129	0	0	0	0	0	0	0	0	0	1	1	0	0	0	0	0	0	0	8.673765
18	1	0	0	0	1	0	0	1	0	0	0	1	0	0	0	0	0	0	1	1	0	0	6	0.2032	36	0.0412902	0	0	0	0	0	0	0	1	0	0	0	0	0	0	0	1	0	0	9.113841
18	1	0	0	0	1	0	0	0	0	1	0	0	0	0	0	0	0	0	0	0	0	1	3	0.2286	9	0.052258	0	0	0	0	0	0	0	0	1	0	1	0	0	0	1	0	0	0	8.744252
18	1	0	0	0	1	0	0	1	0	1	0	0	0	0	0	0	0	0	1	1	0	0	3	0.1397001	9	0.0195161	0	0	0	0	0	0	0	1	0	0	0	0	0	0	0	1	0	0	8.543419
18	1	1	0	0	1	0	0	1	0	0	0	1	0	0	0	0	0	0	0	1	0	0	3	0.1397001	9	0.0195161	0	0	0	0	0	0	0	0	0	1	0	0	0	0	0	0	0	0	8.673765
18	1	0	0	0	1	0	1	1	0	1	0	0	0	0	1	0	0	0	1	1	0	0	5	0.1651001	25	0.027258	0	0	0	0	0	0	0	1	0	0	0	0	0	0	0	1	0	0	8.543419
18	1	0	0	0	1	0	0	1	0	1	0	0	0	0	0	0	0	0	0	1	0	1	3	0.2286	9	0.052258	0	0	0	0	0	0	0	0	1	0	1	0	0	0	1	0	0	0	8.744252
18	1	1	0	0	1	0	0	0	1	1	1	0	0	0	0	0	0	0	0	0	0	0	6	0.2286	36	0.052258	0	0	0	0	0	0	0	0	0	1	1	0	0	0	0	0	0	0	9.084176
18	1	0	0	0	1	0	0	1	0	1	0	0	0	0	0	0	0	0	1	1	0	0	4	0.2032	16	0.0412902	0	0	0	0	0	0	0	1	0	0	0	0	0	0	0	1	0	0	8.956086
18	1	0	0	0	1	0	1	0	1	0	0	1	0	0	1	0	0	0	1	0	0	0	5	0.2032	25	0.0412902	0	0	0	0	0	0	0	1	0	0	0	0	0	0	0	1	0	0	8.744252
18	1	0	0	0	1	0	0	0	1	0	0	1	0	0	0	0	0	0	0	0	-1	0	4	0.1778001	16	0.0316129	0	0	0	0	0	0	0	0	-1	0	1	0	0	0	0	0	1	0	8.744252
18	1	0	0	0	1	0	1	1	0	0	0	0	0	0	1	0	0	0	1	1	0	0	2	0.1778001	4	0.0316129	0	0	0	0	0	0	0	1	0	0	0	0	0	0	0	1	0	0	8.744252
18	1	0	0	0	2	0	0	1	0	1	1	0	0	0	0	0	0	0	0	1	0	5	2	0.2032	4	0.0412902	0	0	0	0	0	0	0	0	5	0	1	0	0	0	0	0	0	0	8.543419
19	1	0	0	0	1	0	1	1	0	0	0	0	0	0	0	0	0	0	1	0	0	0	9	0	81	0	0	0	1.5494	0	1	0	0	0	0	0	0	0	0	0	0	0	0	0	8.973855
19	1	0	1	1	0	1	1	0	1	1	0	0	0	0	0	1	0	1	1	0	0	0	0	0	0	0	0	48	0	0	1	0	0	0	0	0	0	0	0	0	0	0	0	0	8.744252
19	1	0	0	0	1	0	0	0	0	1	1	0	0	1	0	0	0	0	1	0	0	0	13	0	169	0	0	0	1.5748	0	1	0	0	0	0	0	1	0	0	0	0	0	0	0	8.099738
19	1	1	1	1	0	1	0	0	1	0	0	0	0	1	0	1	0	1	0	0	0	0	0	0	0	0	0	48	0	0	0	0	1	0	0	0	1	0	0	0	0	0	0	0	8.543419
19	1	0	0	0	2	0	1	0	0	0	0	0	0	0	0	0	0	0	1	0	0	0	9	0	81	0	0	0	1.6002	0	1	0	0	0	0	0	0	0	0	0	0	0	0	0	8.612476
19	1	0	0	0	1	0	0	0	1	0	0	0	0	0	0	1	0	0	1	0	0	0	9	0	81	0	0	0	1.5748	0	1	0	0	0	0	0	0	0	0	0	0	0	0	0	8.673765
19	0	0	0	0	1	0	1	0	1	0	0	1	0	0	0	1	0	0	1	0	0	0	6	0	36	0	0	0	1.651	0	1	0	0	0	0	0	0	0	0	0	0	0	0	0	8.673765
19	0	0	0	0	1	0	0	1	0	0	0	1	0	1	0	0	0	0	1	0	0	0	3	0	9	0	0	0	1.6129	0	1	0	0	0	0	0	1	0	0	0	0	0	0	0	8.543419
19	1	0	0	0	1	0	0	1	0	0	0	0	0	0	0	0	0	0	1	0	0	0	11	0	121	0	0	0	1.5748	0	1	0	0	0	0	0	0	0	0	0	0	0	0	0	8.673765
19	0	0	0	0	1	0	0	1	0	1	0	0	0	1	0	0	0	0	1	0	0	0	6	0	36	0	0	0	1.56	0	1	0	0	0	0	0	1	0	0	0	0	0	0	0	7.95042
19	1	0	0	0	1	0	1	0	0	0	0	1	0	0	0	0	0	0	1	0	0	0	16	0	256	0	0	0	1.6002	0	1	0	0	0	0	0	0	0	0	0	0	0	0	0	8.612476
19	1	0	0	0	1	0	0	0	0	0	0	0	0	0	0	0	0	0	1	0	0	0	9	0	81	0	0	0	1.5748	0	1	0	0	0	0	0	0	0	0	0	0	0	0	0	8.262196
19	1	0	0	0	1	0	0	1	0	0	0	0	0	0	0	0	0	0	1	0	0	0	11	0	121	0	0	0	1.5748	0	1	0	0	0	0	0	0	0	0	0	0	0	0	0	8.612476
19	1	0	0	0	1	0	1	0	1	1	0	0	0	0	0	1	0	0	1	0	0	0	10	0	100	0	0	0	1.6002	0	1	0	0	0	0	0	0	0	0	0	0	0	0	0	8.543419
19	1	0	0	0	1	0	0	0	1	1	0	0	0	0	0	1	0	0	1	0	0	0	8	0	64	0	0	0	1.5748	0	1	0	0	0	0	0	0	0	0	0	0	0	0	0	8.673765
19	1	0	0	0	3	0	0	1	0	0	0	0	0	0	0	0	0	0	1	0	0	0	16	0	256	0	0	0	1.524	0	1	0	0	0	0	0	0	0	0	0	0	0	0	0	8.543419
19	0	1	0	0	1	0	1	0	1	1	0	0	0	0	0	1	0	0	0	0	0	0	18	0	324	0	0	0	1.5494	0	0	0	1	0	0	0	0	0	0	0	0	0	0	0	7.95042
19	1	0	0	0	2	0	0	0	1	0	0	0	0	1	0	1	0	0	1	0	0	0	6	0	36	0	0	0	1.6129	0	1	0	0	0	0	0	1	0	0	0	0	0	0	0	8.973855
19	0	1	0	0	1	0	0	0	1	0	0	1	0	0	0	1	0	0	0	0	0	0	5	0	25	0	0	0	1.5748	0	0	0	1	0	0	0	0	0	0	0	0	0	0	0	8.673765
19	0	1	0	1	0	1	1	0	1	1	0	0	0	0	0	1	0	1	0	0	0	0	13	0	169	0	0	0	0	0	0	0	1	0	0	0	0	0	0	0	0	0	0	0	9.044342
19	0	0	0	0	0	1	0	0	1	0	0	0	0	0	0	1	0	0	1	0	0	0	7	0	49	0	0	0	1.5748	0	1	0	0	0	0	0	0	0	0	0	0	0	0	0	9.084176
19	1	0	0	0	1	0	1	1	0	1	0	0	0	0	0	0	0	0	1	0	0	0	12	0	144	0	0	0	1.5875	0	1	0	0	0	0	0	0	0	0	0	0	0	0	0	9.013688
19	0	0	0	0	2	0	1	0	0	0	0	1	0	0	0	0	0	0	0	0	-3	0	8	0	64	0	0	0	1.5494	0	0	-3	0	0	0	0	0	0	0	1	0	0	0	0	8.422362
20	0	0	0	0	1	0	0	0	0	0	0	1	0	0	0	0	0	0	0	1	-2	0	5	0.1015999	25	0.0103225	0	0	0	0	0	0	0	0	-2	0	1	0	0	1	0	0	0	0	8.673765
20	0	1	0	0	3	0	0	0	0	0	0	0	0	0	0	0	0	0	0	1	0	0	6	0.1564	36	0.0244609	0	0	0	0	0	0	0	0	0	1	1	0	0	0	0	0	0	0	8.395303
20	1	0	0	0	1	0	0	0	1	0	0	0	0	0	0	0	0	0	0	0	-3	0	4	0.0508	16	0.0025806	0	0	0	0	0	0	0	0	-3	0	0	0	0	0	1	0	0	0	8.744252
20	1	0	0	0	3	0	0	0	0	0	0	1	0	0	0	0	0	0	1	1	0	0	7	0.0761999	49	0.0058064	0	0	0	0	0	0	0	1	0	0	1	1	0	0	0	0	0	0	9.174689
20	0	0	0	0	1	0	0	0	0	0	0	1	0	0	0	0	0	0	1	1	0	0	6	0.0508	36	0.0025806	0	0	0	0	0	0	0	1	0	0	0	1	0	0	0	0	0	0	8.673765
20	0	0	0	0	1	0	0	0	0	0	0	0	0	0	0	0	0	0	0	1	-2	0	7	0.0634999	49	0.0040322	0	0	0	0	0	0	0	0	-2	0	1	0	0	1	0	0	0	0	8.673765
20	1	0	0	0	2	0	0	0	0	0	0	0	0	0	0	0	0	0	0	1	-2	0	6	0.1015999	36	0.0103225	0	0	0	0	0	0	0	0	-2	0	1	0	0	1	0	0	0	0	8.613906
20	0	0	0	0	1	0	0	0	0	0	0	0	0	0	0	0	0	0	1	1	0	0	5	0.0508	25	0.0025806	0	0	0	0	0	0	0	1	0	0	1	1	0	0	0	0	0	0	9.042912
20	1	1	0	0	1	0	1	0	1	1	0	0	0	0	1	0	0	0	0	0	0	0	8	0.127	64	0.016129	0	0	0	0	0	0	0	0	0	1	0	0	0	0	0	0	0	0	8.673765
20	1	1	0	1	2	0	0	0	0	0	0	0	0	0	0	0	0	0	0	1	0	0	11	0	121	0	0	0	0	1.6764	0	0	0	0	0	1	0	0	0	0	0	0	0	0	8.543419
20	0	0	0	0	2	0	0	0	0	1	0	0	0	0	0	0	0	0	1	1	0	0	7	0.1015999	49	0.0103225	0	0	0	0	0	0	0	1	0	0	0	1	0	0	0	0	0	0	8.825739
20	1	0	0	0	1	0	0	1	0	0	0	0	0	0	0	0	0	0	1	0	0	0	4	0.0761999	16	0.0058064	0	0	0	0	0	0	0	1	0	0	1	1	0	0	0	0	0	0	8.673765
20	1	0	0	0	3	0	1	0	1	0	0	0	0	0	1	0	0	0	1	0	0	0	5	0.127	25	0.016129	0	0	0	0	0	0	0	1	0	0	0	1	0	0	0	0	0	0	8.973855
20	0	0	0	0	1	0	0	0	0	1	0	0	0	0	0	0	0	0	0	1	-2	0	7	0.0889	49	0.0079032	0	0	0	0	0	0	0	0	-2	0	1	0	0	1	0	0	0	0	8.744252
20	0	0	0	0	1	0	0	0	1	0	0	1	0	0	0	0	0	0	0	0	-2	0	7	0.1523999	49	0.0232257	0	0	0	0	0	0	0	0	-2	0	0	0	0	1	0	0	0	0	8.525649
20	1	0	0	0	1	0	0	1	0	0	0	0	0	0	0	0	0	0	1	0	0	0	7	0.127	49	0.016129	0	0	0	0	0	0	0	1	0	0	1	1	0	0	0	0	0	0	8.673765
20	1	0	0	0	1	0	0	0	0	1	0	0	0	0	0	0	0	0	0	1	-2	0	9	0.0381	81	0.0014516	0	0	0	0	0	0	0	0	-2	0	0	0	0	1	0	0	0	0	9.174689
20	1	0	0	1	1	0	0	0	0	0	0	1	0	0	0	0	0	0	1	1	0	0	8	0	64	0	0	0	0	1.6764	0	0	0	1	0	0	1	1	0	0	0	0	0	0	8.525649
20	1	0	0	0	2	0	0	0	0	0	0	0	0	0	0	0	0	0	0	1	-2	0	5	0.127	25	0.016129	0	0	0	0	0	0	0	0	-2	0	1	0	0	1	0	0	0	0	9.174689
20	1	0	0	0	1	0	0	0	0	0	0	1	0	0	0	0	0	0	0	1	-2	0	4	0.0508	16	0.0025806	0	0	0	0	0	0	0	0	-2	0	0	0	0	1	0	0	0	0	8.543419
20	1	1	0	0	1	0	0	0	0	0	0	1	0	0	0	0	0	0	0	1	0	0	8	0.1523999	64	0.0232257	0	0	0	0	0	0	0	0	0	1	1	0	0	0	0	0	0	0	8.543419
20	1	0	0	0	1	0	0	0	0	0	0	0	0	0	0	0	0	0	1	1	0	0	8	0.0761999	64	0.0058064	0	0	0	0	0	0	0	1	0	0	1	1	0	0	0	0	0	0	9.174689
20	1	0	0	0	2	0	0	0	0	0	0	0	0	0	0	0	0	0	0	1	-2	0	7	0.1015999	49	0.0103225	0	0	0	0	0	0	0	0	-2	0	1	0	0	1	0	0	0	0	8.973855
20	0	0	0	1	1	0	0	0	0	0	0	0	0	0	0	0	0	0	0	1	0	1	10	0	100	0	0	0	0	1.6764	0	0	0	0	1	0	0	0	0	0	0	0	0	0	8.744252
20	1	0	0	0	2	0	0	0	0	1	0	0	0	0	0	0	0	0	0	1	-2	0	9	0.0761999	81	0.0058064	0	0	0	0	0	0	0	0	-2	0	1	0	0	1	0	0	0	0	8.612476
20	0	0	0	0	3	0	0	1	0	0	0	1	0	0	0	0	0	0	0	0	-2	0	5	0.0761999	25	0.0058064	0	0	0	0	0	0	0	0	-2	0	1	0	0	1	0	0	0	0	8.525649
20	1	0	0	0	3	0	1	0	1	0	0	0	0	0	1	0	0	0	1	0	0	0	4	0.0761999	16	0.0058064	0	0	0	0	0	0	0	1	0	0	0	1	0	0	0	0	0	0	8.543419
20	1	0	0	0	1	0	0	0	0	1	0	0	0	0	0	0	0	0	1	1	0	0	9	0.1523999	81	0.0232257	0	0	0	0	0	0	0	1	0	0	1	1	0	0	0	0	0	0	9.249854
20	1	1	0	0	2	0	0	0	0	0	0	0	0	0	0	0	0	0	0	1	0	0	8	0.1523999	64	0.0232257	0	0	0	0	0	0	0	0	0	1	0	0	0	0	0	0	0	0	8.673765
20	1	0	0	0	1	0	0	0	0	1	0	0	0	0	0	0	0	0	0	1	-2	0	5	0.127	25	0.016129	0	0	0	0	0	0	0	0	-2	0	0	0	0	1	0	0	0	0	8.673765
21	1	0	0	0	1	0	0	0	0	0	0	0	0	1	0	0	0	0	1	1	0	0	2	0.1524	4	0.0232258	0	0	0	0	0	0	0	0	0	0	1	0	0	1	0	0	0	0	8.543419
21	0	1	0	0	1	0	0	0	0	1	1	0	0	1	0	0	0	0	0	1	0	0	5	0.1397001	25	0.0195161	0	0	0	0	0	0	0	0	0	0	1	0	0	0	0	0	0	0	8.983494
21	0	0	0	0	0	1	0	0	0	0	0	0	0	0	0	0	0	0	1	1	0	0	2	0.0508001	4	0.0025806	0	0	0	0	0	0	0	0	0	0	0	0	0	1	0	0	0	0	8.395303
21	1	1	0	0	1	0	0	0	1	1	1	0	0	1	0	0	0	0	0	0	0	0	2	0.1524	4	0.0232258	0	0	0	0	0	0	0	0	0	0	1	0	0	0	0	0	0	0	9.84864
21	0	1	0	0	1	0	0	0	1	1	1	0	0	1	0	0	0	0	0	0	0	0	4	0.1778001	16	0.0316129	0	0	0	0	0	0	0	0	0	0	1	0	0	0	0	0	0	0	9.174689
21	1	0	0	0	2	0	0	1	0	1	0	0	0	1	0	0	0	0	1	0	0	0	2	0.1016001	4	0.0103226	0	0	0	0	0	0	0	0	0	0	1	0	0	1	0	0	0	0	9.113841
21	0	0	1	0	3	0	0	1	0	0	0	0	0	1	0	0	0	0	1	0	0	0	0	0.1524	0	0.0232258	0	28	0	0	0	0	0	0	0	0	1	0	0	1	0	0	0	0	8.673765
21	1	1	0	0	1	0	1	0	0	0	0	0	0	0	0	0	0	0	0	1	0	0	5	0.127	25	0.016129	0	0	0	0	0	0	0	0	0	0	0	0	0	0	0	0	0	0	8.673765
21	0	1	0	0	1	0	0	0	0	1	0	0	0	0	0	0	0	0	0	1	0	0	7	0.1524	49	0.0232258	0	0	0	0	0	0	0	0	0	0	0	0	0	0	0	0	0	0	9.104201
21	1	0	0	0	2	0	0	0	0	0	0	1	0	1	0	0	0	0	1	1	0	0	4	0.1016001	16	0.0103226	0	0	0	0	0	0	0	0	0	0	1	0	0	1	0	0	0	0	9.437678
22	0	0	0	0	2	0	0	0	0	0	0	1	0	0	0	0	0	0	1	1	0	0	9	0.1143	81	0.0130645	0	0	0	0	0	0	0	0	0	0	0	0	0	1	0	0	0	0	8.673765
22	1	0	0	0	1	0	1	0	0	1	0	0	0	0	1	0	0	0	1	1	0	0	8	0.127	64	0.016129	0	0	0	0	0	0	0	0	0	0	0	0	0	1	0	0	0	0	8.612476
22	1	1	0	0	2	0	0	0	0	0	0	1	0	0	0	0	0	0	0	1	0	0	7	0.1777999	49	0.0316128	0	0	0	0	0	0	0	0	0	0	1	0	0	0	0	0	0	0	8.673765
22	1	0	1	0	1	0	1	1	0	0	0	0	0	0	1	0	0	0	1	0	0	0	0	0.1524	0	0.0232258	0	36	0	0	0	0	0	0	0	0	0	0	0	1	0	0	0	0	7.95042
22	1	0	0	0	1	0	0	0	0	0	0	1	0	0	0	0	0	0	1	1	0	0	9	0.127	81	0.016129	0	0	0	0	0	0	0	0	0	0	1	0	0	1	0	0	0	0	8.099738
22	1	0	0	0	4	0	0	0	0	0	0	1	0	0	0	0	0	0	1	1	0	0	9	0.0508	81	0.0025806	0	0	0	0	0	0	0	0	0	0	1	0	0	1	0	0	0	0	9.203803
22	1	1	0	0	2	0	1	0	1	0	0	1	0	0	1	0	0	0	0	0	0	0	9	0.127	81	0.016129	0	0	0	0	0	0	0	0	0	0	0	0	0	0	0	0	0	0	8.099738
22	1	1	0	0	3	0	0	0	0	0	0	0	0	0	0	0	0	0	0	1	0	0	6	0.0762	36	0.0058064	0	0	0	0	0	0	0	0	0	0	0	0	0	0	0	0	0	0	9.203803
22	0	1	0	1	4	0	0	0	1	0	0	1	0	0	0	0	0	0	0	0	0	0	8	0	64	0	0	0	0	1.7018	0	0	0	0	0	0	0	0	0	0	0	0	0	0	7.95042
22	1	0	0	0	1	0	0	0	0	0	0	1	0	0	0	0	0	0	1	1	0	0	9	0.1524	81	0.0232258	0	0	0	0	0	0	0	0	0	0	1	0	0	1	0	0	0	0	8.744252
22	1	0	0	0	3	0	0	0	0	1	0	0	0	0	0	0	0	0	1	1	0	0	8	0.1524	64	0.0232258	0	0	0	0	0	0	0	0	0	0	0	0	0	1	0	0	0	0	8.673765
22	1	0	0	0	1	0	0	0	0	0	0	0	0	0	0	0	0	0	1	1	0	0	6	0.127	36	0.016129	0	0	0	0	0	0	0	0	0	0	1	0	0	1	0	0	0	0	8.673765
22	1	0	0	0	2	0	0	0	0	0	0	1	0	0	0	0	0	0	1	1	0	0	8	0.127	64	0.016129	0	0	0	0	0	0	0	0	0	0	0	0	0	1	0	0	0	0	8.099738
22	0	0	0	0	3	0	0	0	0	0	0	1	0	0	0	0	0	0	1	1	0	0	3	0.1777999	9	0.0316128	0	0	0	0	0	0	0	0	0	0	0	0	0	1	0	0	0	0	8.099738
22	1	0	0	0	1	0	0	0	0	0	0	0	0	0	0	0	0	0	1	1	0	0	9	0.1524	81	0.0232258	0	0	0	0	0	0	0	0	0	0	0	0	0	1	0	0	0	0	8.673765
22	1	0	0	0	2	0	0	0	0	0	0	0	0	0	0	0	0	0	1	1	0	0	7	0.127	49	0.016129	0	0	0	0	0	0	0	0	0	0	1	0	0	1	0	0	0	0	8.673765
22	0	1	0	0	3	0	0	0	0	0	0	1	0	0	0	0	0	0	0	1	0	0	10	0.127	100	0.016129	0	0	0	0	0	0	0	0	0	0	0	0	0	0	0	0	0	0	8.099738
22	1	0	0	0	2	0	0	0	0	0	0	0	0	0	0	0	0	0	0	1	0	2	7	0.0508	49	0.0025806	0	0	0	0	0	0	0	0	0	0	1	1	0	0	0	0	0	0	8.673765
22	1	0	0	0	1	0	0	0	0	0	0	1	0	0	0	0	0	0	1	1	0	0	10	0.1015999	100	0.0103225	0	0	0	0	0	0	0	0	0	0	1	0	0	1	0	0	0	0	8.099738
22	1	0	1	1	1	0	0	0	1	0	0	0	0	0	0	0	0	0	1	0	0	0	0	0	0	0	0	36	0	1.7018	0	0	0	0	0	0	0	0	0	1	0	0	0	0	9.042912
22	1	1	0	0	3	0	0	0	0	0	0	0	0	0	0	0	0	0	0	1	0	0	8	0.0762	64	0.0058064	0	0	0	0	0	0	0	0	0	0	0	0	0	0	0	0	0	0	8.612476
22	1	0	0	0	0	1	1	0	1	0	0	1	0	0	1	0	0	0	0	0	0	2	5	0.127	25	0.016129	0	0	0	0	0	0	0	0	0	0	0	1	0	0	0	0	0	0	8.840846
22	1	0	0	0	1	0	0	0	0	0	0	0	0	0	0	0	0	0	1	1	0	0	8	0.127	64	0.016129	0	0	0	0	0	0	0	0	0	0	0	0	0	1	0	0	0	0	8.973855
22	1	1	0	0	1	0	1	0	0	1	1	0	0	0	1	0	0	0	0	1	0	0	9	0.1015999	81	0.0103225	0	0	0	0	0	0	0	0	0	0	0	0	0	0	0	0	0	0	9.203803
22	0	0	0	0	1	0	0	0	0	1	0	0	0	0	0	0	0	0	1	1	0	0	9	0.0508	81	0.0025806	0	0	0	0	0	0	0	0	0	0	0	0	0	1	0	0	0	0	8.099738
22	1	0	0	0	0	1	1	0	0	0	0	1	0	0	1	0	0	0	1	1	0	0	8	0.0508	64	0.0025806	0	0	0	0	0	0	0	0	0	0	0	0	0	1	0	0	0	0	8.673765
22	1	0	0	0	1	0	0	0	0	0	0	0	0	0	0	0	0	0	1	1	0	0	8	0.1143	64	0.0130645	0	0	0	0	0	0	0	0	0	0	0	0	0	1	0	0	0	0	8.612476
22	1	1	0	0	3	0	0	0	0	0	0	1	0	0	0	0	0	0	0	1	0	0	9	0.1524	81	0.0232258	0	0	0	0	0	0	0	0	0	0	0	0	0	0	0	0	0	0	8.099738
22	1	0	0	0	1	0	0	0	0	0	0	0	0	0	0	0	0	0	1	1	0	0	8	0.1777999	64	0.0316128	0	0	0	0	0	0	0	0	0	0	0	0	0	1	0	0	0	0	8.612476
22	1	0	0	0	0	1	0	0	0	0	0	1	0	0	0	0	0	0	1	1	0	0	8	0.0508	64	0.0025806	0	0	0	0	0	0	0	0	0	0	1	0	0	1	0	0	0	0	8.525649
26	0	1	0	0	1	0	0	0	0	1	1	0	0	0	0	0	0	0	0	1	0	0	6	0.127	36	0.016129	0	0	0	0	0	0	0	0	0	1	1	0	0	0	0	0	0	0	8.744252
26	0	1	0	0	1	0	0	0	1	1	1	0	0	0	0	0	0	0	0	0	0	0	3	0.0254	9	0.0006452	0	0	0	0	0	0	0	0	0	1	1	0	0	0	0	0	0	0	8.673765
26	0	1	0	0	1	0	0	0	1	1	1	0	0	0	0	0	0	0	0	0	0	0	6	0.1524	36	0.0232258	0	0	0	0	0	0	0	0	0	1	0	0	0	0	0	0	0	0	8.673765
26	0	1	0	0	1	0	0	0	1	1	1	0	0	0	0	0	0	0	0	0	0	0	4	0.0508	16	0.0025806	0	0	0	0	0	0	0	0	0	1	1	0	0	0	0	0	0	0	8.673765
26	0	0	0	0	1	0	0	0	1	1	0	0	0	0	0	0	0	0	1	0	0	0	4	0.1016001	16	0.0103226	0	0	0	0	0	0	0	1	0	0	1	0	0	0	0	0	0	1	8.673765
26	0	1	0	0	1	0	0	0	0	1	1	0	0	0	0	0	0	0	0	1	0	0	5	0.0762	25	0.0058064	0	0	0	0	0	0	0	0	0	1	1	0	0	0	0	0	0	0	8.744252
26	0	1	0	0	1	0	0	0	0	1	1	0	0	0	0	0	0	0	0	1	0	0	4	0	16	0	0	0	0	0	0	0	0	0	0	1	0	0	0	0	0	0	0	0	8.673765
26	0	1	0	0	1	0	0	0	0	1	1	0	0	0	0	0	0	0	0	1	0	0	4	0.0762	16	0.0058064	0	0	0	0	0	0	0	0	0	1	1	0	0	0	0	0	0	0	8.744252
26	0	1	0	0	1	0	0	0	0	1	1	0	0	0	0	0	0	0	0	1	0	0	4	0	16	0	0	0	0	0	0	0	0	0	0	1	1	0	0	0	0	0	0	0	8.099738
26	0	1	0	0	1	0	0	0	0	1	1	0	0	0	0	0	0	0	0	1	0	0	4	0	16	0	0	0	0	0	0	0	0	0	0	1	1	0	0	0	0	0	0	0	8.099738
26	0	0	0	1	1	0	0	0	1	1	1	0	0	0	0	0	0	0	1	0	0	0	3	0	9	0	0	0	0	1.651	0	0	0	1	0	0	1	0	0	0	0	0	0	1	8.673765
27	0	0	0	0	0	1	0	0	0	1	1	0	0	0	0	0	0	0	1	1	0	0	10	0.1397001	100	0.0195161	0	0	0	0	0	0	0	0	0	0	1	0	0	1	0	0	0	0	8.673765
27	0	0	0	0	1	0	0	0	0	1	0	0	0	0	0	0	0	0	1	1	0	0	8	0.0889	64	0.0079032	0	0	0	0	0	0	0	0	0	0	1	0	0	1	0	0	0	0	8.673765
27	1	0	0	0	0	1	0	0	0	0	0	1	0	0	0	0	0	0	1	1	0	0	11	0.1143	121	0.0130645	0	0	0	0	0	0	0	0	0	0	1	0	0	1	0	0	0	0	8.099738
27	1	0	0	0	1	0	0	0	0	0	0	0	0	0	0	0	0	0	1	1	0	0	9	0.1651	81	0.027258	0	0	0	0	0	0	0	0	0	0	1	0	0	1	0	0	0	0	8.744252
27	0	0	0	0	1	0	0	0	0	1	0	0	0	0	0	0	0	0	1	1	0	0	7	0.1651	49	0.027258	0	0	0	0	0	0	0	0	0	0	1	0	0	1	0	0	0	0	7.909623
27	0	0	0	0	0	1	0	0	0	0	0	1	0	0	0	0	0	0	1	1	0	0	7	0.0508001	49	0.0025806	0	0	0	0	0	0	0	0	0	0	1	0	0	1	0	0	0	0	9.437678
27	1	0	0	0	0	1	0	0	0	0	0	0	0	0	0	0	0	0	1	1	0	0	6	0.0635	36	0.0040323	0	0	0	0	0	0	0	0	0	0	1	0	0	1	0	0	0	0	8.525649
27	0	1	0	0	1	0	0	0	0	0	0	1	0	0	0	0	0	0	0	1	0	0	8	0.1397001	64	0.0195161	0	0	0	0	0	0	0	0	0	0	0	0	0	0	0	0	0	0	9.013688
27	0	0	0	0	4	0	0	0	1	0	0	1	0	0	0	0	0	0	1	0	0	0	9	0.0889	81	0.0079032	0	0	0	0	0	0	0	0	0	0	1	0	0	1	0	0	0	0	8.673765
27	0	0	0	1	1	0	0	0	0	0	0	0	0	0	0	0	0	0	1	1	0	0	9	0	81	0	0	0	0	1.6891	0	0	0	0	0	0	1	0	0	1	0	0	0	0	8.673765
27	0	0	0	0	2	0	0	1	0	0	0	1	0	0	0	0	0	0	1	0	0	0	9	0.1397001	81	0.0195161	0	0	0	0	0	0	0	0	0	0	1	0	0	1	0	0	0	0	8.744252
27	1	0	0	0	1	0	0	0	0	0	0	1	0	0	0	0	0	0	1	1	0	0	6	0.1397001	36	0.0195161	0	0	0	0	0	0	0	0	0	0	1	0	0	1	0	0	0	0	8.673765
27	0	0	0	0	2	0	0	0	0	0	0	0	0	0	0	0	0	0	1	1	0	0	4	0.0635	16	0.0040323	0	0	0	0	0	0	0	0	0	0	1	0	0	1	0	0	0	0	8.744252
27	0	0	0	0	1	0	0	0	0	0	0	0	0	0	0	0	0	0	1	1	0	0	8	0.1143	64	0.0130645	0	0	0	0	0	0	0	0	0	0	0	0	0	1	0	0	0	0	8.673765
27	1	1	0	0	1	0	0	0	1	0	0	1	0	0	0	0	0	0	0	0	0	0	10	0.1143	100	0.0130645	0	0	0	0	0	0	0	0	0	0	1	0	0	0	0	0	0	0	8.099738
28	0	1	0	1	0	1	1	0	1	0	0	1	0	0	0	0	0	0	0	0	0	0	5	0	25	0	0	0	0	1.7018	0	0	0	0	0	0	0	0	0	0	0	0	0	0	7.95042
28	1	1	0	0	0	1	0	1	0	1	1	0	0	1	0	0	0	0	0	0	0	0	7	0.1015999	49	0.0103225	0	0	0	0	0	0	0	0	0	0	1	0	0	0	0	0	0	0	8.673765
28	1	1	0	1	2	0	0	1	0	0	0	1	0	1	0	0	0	0	0	0	0	0	5	0	25	0	0	0	0	1.7018	0	0	0	0	0	0	1	0	0	0	0	0	0	0	7.95042
28	0	0	0	0	0	1	0	0	0	0	0	0	0	1	0	0	0	0	0	1	-1	0	6	0.0508	36	0.0025806	0	0	0	0	0	0	0	0	0	0	1	1	0	0	0	0	0	0	8.673765
28	1	0	0	0	3	0	0	1	0	0	0	1	0	1	0	0	0	0	1	0	0	0	6	0.1777999	36	0.0316128	0	0	0	0	0	0	0	0	0	0	1	0	0	0	0	0	0	0	8.744252
28	1	1	1	1	0	1	0	1	0	0	0	1	0	1	0	0	0	0	0	0	0	0	0	0	0	0	0	28	0	1.7018	0	0	0	0	0	0	1	0	0	0	0	0	0	0	8.673765
28	1	1	0	0	1	0	0	0	0	0	0	1	0	0	0	0	0	0	0	1	0	0	6	0.127	36	0.016129	0	0	0	0	0	0	0	0	0	0	0	0	0	0	0	0	0	0	8.525649
28	1	0	0	0	2	0	0	0	0	0	0	0	0	1	0	0	0	0	1	1	0	0	4	0.127	16	0.016129	0	0	0	0	0	0	0	0	0	0	1	0	0	0	0	0	0	0	8.744252
28	1	1	0	0	1	0	0	0	0	1	0	0	0	0	0	0	0	0	0	1	0	0	7	0.0635	49	0.0040323	0	0	0	0	0	0	0	0	0	0	0	0	0	0	0	0	0	0	7.95042
28	1	1	0	0	1	0	1	0	0	0	0	1	0	0	0	0	0	0	0	1	0	0	9	0.1015999	81	0.0103225	0	0	0	0	0	0	0	0	0	0	0	0	0	0	0	0	0	0	8.099738
28	1	0	0	0	1	0	0	0	0	0	0	1	0	1	0	0	0	0	1	1	0	0	6	0.1524	36	0.0232258	0	0	0	0	0	0	0	0	0	0	1	0	0	0	0	0	0	0	8.673765
28	1	1	0	0	1	0	0	0	1	0	0	1	0	0	0	0	0	0	0	0	0	0	6	0.127	36	0.016129	0	0	0	0	0	0	0	0	0	0	0	0	0	0	0	0	0	0	8.673765
28	1	1	0	0	1	0	0	0	0	1	0	0	0	0	0	0	0	0	0	1	0	0	6	0.127	36	0.016129	0	0	0	0	0	0	0	0	0	0	0	0	0	0	0	0	0	0	8.099738
28	0	0	0	0	1	0	0	0	1	1	1	0	0	0	0	0	0	0	1	0	0	0	6	0.1777999	36	0.0316128	0	0	0	0	0	0	0	0	0	0	0	0	0	0	0	0	0	0	8.395303
28	0	1	0	0	2	0	0	1	0	0	0	0	0	1	0	0	0	0	0	0	0	0	4	0.127	16	0.016129	0	0	0	0	0	0	0	0	0	0	1	0	0	0	0	0	0	0	8.673765
28	1	1	1	0	1	0	0	0	1	1	0	0	0	1	0	0	0	0	0	0	0	0	0	0.127	0	0.016129	0	28	0	0	0	0	0	0	0	0	1	0	0	0	0	0	0	0	8.099738
30	0	0	0	0	0	1	0	0	1	0	0	1	0	0	0	1	0	0	0	0	-4	0	10	0.3047999	100	0.092903	0	0	0	0	0	0	0	0	-4	0	1	0	0	0	0	1	0	0	8.673765
30	1	0	0	0	1	0	1	1	0	0	0	0	0	0	1	0	0	0	0	0	-3	0	7	0.1777999	49	0.0316128	0	0	0	0	0	0	0	0	-3	0	0	0	0	0	1	0	0	0	8.865573
30	0	0	0	1	3	0	0	0	0	0	0	0	0	0	0	0	0	0	0	0	-3	0	5	0	25	0	0	0	0	1.8288	0	0	0	0	-3	0	0	0	0	0	1	0	0	0	8.332068
30	1	0	0	0	0	1	0	0	0	0	0	0	0	0	0	0	0	0	0	0	0	1	10	0.2285999	100	0.0522579	0	0	0	0	0	0	0	0	1	0	1	0	0	0	0	0	0	0	8.744252
30	1	1	0	0	3	0	0	0	0	0	0	0	0	0	0	0	0	0	0	0	0	0	10	0.2158999	100	0.0466128	0	0	0	0	0	0	0	0	0	1	1	0	0	0	0	0	0	0	8.543419
30	1	0	0	0	0	1	0	0	0	0	0	1	0	0	0	0	0	0	0	0	-3	0	7	0.2539999	49	0.064516	0	0	0	0	0	0	0	0	-3	0	1	0	0	0	1	0	0	0	8.991449
30	1	1	0	0	3	0	0	0	0	0	0	0	0	0	0	0	0	0	0	0	0	0	10	0.2158999	100	0.0466128	0	0	0	0	0	0	0	0	0	1	1	0	0	0	0	0	0	0	8.543419
30	0	0	0	0	0	1	0	0	1	0	0	1	0	0	0	1	0	0	0	0	-3	0	3	0.2539999	9	0.064516	0	0	0	0	0	0	0	0	-3	0	0	0	0	0	1	0	0	0	8.920962
30	1	0	0	0	1	0	0	0	1	0	0	0	0	0	0	1	0	0	0	0	-4	0	7	0.2794	49	0.0780644	0	0	0	0	0	0	0	0	-4	0	0	0	0	0	0	1	0	0	9.136614
30	0	0	0	0	0	1	1	0	1	0	0	1	0	0	1	1	0	0	1	0	0	0	10	0.3047999	100	0.092903	0	0	0	0	0	0	0	1	0	0	0	1	0	0	0	0	0	0	8.673765
30	1	1	0	1	0	1	1	0	1	0	0	1	0	0	1	1	0	0	0	0	0	0	11	0	121	0	0	0	0	1.8288	0	0	0	0	0	1	0	0	0	0	0	0	0	0	8.744252
30	0	0	0	0	2	0	0	0	0	0	0	0	0	0	0	0	0	0	0	0	-2	0	9	0.3047999	81	0.092903	0	0	0	0	0	0	0	0	-2	0	0	0	0	1	0	0	0	0	8.183952
30	1	1	0	0	3	0	1	0	1	0	0	1	0	0	1	1	0	0	0	0	0	0	9	0.2794	81	0.0780644	0	0	0	0	0	0	0	0	0	1	0	0	0	0	0	0	0	0	8.973855
30	1	0	0	0	1	0	0	0	0	0	0	1	0	0	0	0	0	0	0	0	-2	0	10	0.2539999	100	0.064516	0	0	0	0	0	0	0	0	-2	0	1	0	0	1	0	0	0	0	8.525649
33	0	1	0	1	2	0	0	0	1	1	0	0	0	0	0	0	0	0	0	0	0	0	7	0	49	0	0	0	0	1.7018	0	0	0	0	0	0	0	0	0	0	0	0	0	0	8.673765
33	1	0	0	0	0	1	0	0	0	0	0	1	0	0	0	0	0	0	1	0	0	0	2	0.1524	4	0.0232258	0	0	0	0	0	0	0	0	0	0	1	0	0	0	0	0	0	0	8.744252
33	0	0	0	0	1	0	0	0	1	0	0	0	0	0	0	0	0	0	1	0	0	0	1	0.1015999	1	0.0103225	0	0	0	0	0	0	0	0	0	0	1	0	0	0	0	0	0	0	8.673765
33	1	1	0	0	0	1	0	1	0	1	0	0	0	0	0	0	0	0	0	1	0	0	2	0.1018	4	0.0103632	0	0	0	0	0	0	0	0	0	0	1	0	0	0	0	0	0	0	9.104201
33	0	1	0	0	1	0	0	1	0	0	0	1	0	0	0	0	0	0	0	1	0	0	3	0.127	9	0.016129	0	0	0	0	0	0	0	0	0	0	1	0	0	0	0	0	0	0	8.673765
33	0	1	0	0	1	0	0	0	0	0	0	1	0	0	0	0	0	0	0	0	0	0	1	0.1524	1	0.0232258	0	0	0	0	0	0	0	0	0	0	1	0	0	0	0	0	0	0	8.772846
33	0	1	0	0	0	1	0	0	0	0	0	0	0	0	0	0	0	0	0	0	0	0	1	0.0508	1	0.0025806	0	0	0	0	0	0	0	0	0	0	1	0	0	0	0	0	0	0	8.840846
33	1	1	1	0	1	0	0	0	1	1	1	0	0	0	0	0	0	0	0	0	0	0	0	0.1524	0	0.0232258	0	27	0	0	0	0	0	0	0	0	1	0	0	0	0	0	0	0	8.673765
33	0	0	0	0	1	0	0	1	0	0	0	0	0	0	0	0	0	0	1	1	0	0	4	0.1143	16	0.0130645	0	0	0	0	0	0	0	0	0	0	0	0	0	0	0	0	0	0	8.673765
33	0	1	0	0	1	0	1	1	0	0	0	0	0	0	1	0	0	0	0	1	0	0	3	0.0635	9	0.0040323	0	0	0	0	0	0	0	0	0	0	0	0	0	0	0	0	0	0	8.613906
33	0	1	0	0	1	0	0	1	0	0	0	0	0	0	0	0	0	0	0	1	0	0	4	0.127	16	0.016129	0	0	0	0	0	0	0	0	0	0	0	0	0	0	0	0	0	0	8.099738
33	0	1	0	1	0	1	0	0	1	0	0	1	0	0	0	0	0	0	0	0	0	0	3	0	9	0	0	0	0	1.7018	0	0	0	0	0	0	0	0	0	0	0	0	0	0	8.613906
33	0	0	0	0	1	0	0	1	0	1	1	0	0	0	0	0	0	0	1	1	0	0	1	0.127	1	0.016129	0	0	0	0	0	0	0	0	0	0	1	0	0	0	0	0	0	0	9.044342
34	1	1	0	0	1	0	0	0	0	0	0	0	0	0	0	0	0	0	0	1	0	0	5	0.0762	25	0.0058064	0	0	0	0	0	0	0	0	0	0	1	0	0	0	0	0	0	0	8.543419
34	0	0	0	0	1	0	1	0	0	0	0	0	0	0	1	0	0	0	1	1	0	0	5	0.127	25	0.016129	0	0	0	0	0	0	0	0	0	0	0	0	0	0	0	0	0	0	8.744252
34	0	1	0	0	1	0	1	0	0	0	0	0	0	0	1	0	0	0	0	1	0	0	4	0.2032	16	0.0412902	0	0	0	0	0	0	0	0	0	0	0	0	0	0	0	0	0	0	8.612476
34	0	1	0	0	1	0	0	0	1	1	1	0	0	0	0	0	0	0	0	0	0	0	5	0.1016001	25	0.0103226	0	0	0	0	0	0	0	0	0	0	0	0	0	0	0	0	0	0	8.099738
34	0	0	0	0	1	0	0	0	0	0	0	1	0	0	0	0	0	0	1	1	0	0	6	0.127	36	0.016129	0	0	0	0	0	0	0	0	0	0	1	0	0	0	0	0	0	0	8.744252
34	0	1	0	0	1	0	1	0	0	0	0	1	0	0	1	0	0	0	0	1	0	0	8	0.127	64	0.016129	0	0	0	0	0	0	0	0	0	0	0	0	0	0	0	0	0	0	8.099738
34	0	1	0	0	1	0	0	0	0	0	0	1	0	0	0	0	0	0	0	1	0	0	6	0.1778001	36	0.0316129	0	0	0	0	0	0	0	0	0	0	0	0	0	0	0	0	0	0	8.673765
34	0	1	0	0	1	0	1	0	0	0	0	1	0	0	1	0	0	0	0	1	0	0	6	0.1397001	36	0.0195161	0	0	0	0	0	0	0	0	0	0	0	0	0	0	0	0	0	0	8.673765
34	1	1	0	0	1	0	0	0	0	0	0	1	0	0	0	0	0	0	0	1	0	0	4	0.127	16	0.016129	0	0	0	0	0	0	0	0	0	0	1	0	0	0	0	0	0	0	8.744252
34	0	1	0	0	1	0	0	0	0	0	0	1	0	0	0	0	0	0	0	1	0	0	4	0.127	16	0.016129	0	0	0	0	0	0	0	0	0	0	0	0	0	0	0	0	0	0	8.744252
34	1	1	0	0	3	0	0	0	1	1	0	0	0	0	0	0	0	0	0	0	0	0	7	0.127	49	0.016129	0	0	0	0	0	0	0	0	0	0	1	0	0	0	0	0	0	0	8.525649
34	0	0	0	0	1	0	0	0	1	0	0	0	0	0	0	0	0	0	1	0	0	0	4	0.1524	16	0.0232258	0	0	0	0	0	0	0	0	0	0	1	0	0	0	0	0	0	0	8.744252
34	1	0	0	0	1	0	0	0	1	1	1	0	0	0	0	0	0	0	1	0	0	0	4	0.1016001	16	0.0103226	0	0	0	0	0	0	0	0	0	0	0	0	0	0	0	0	0	0	8.673765
34	0	0	0	0	1	0	0	0	0	0	0	0	0	0	0	0	0	0	1	1	0	0	7	0.127	49	0.016129	0	0	0	0	0	0	0	0	0	0	0	0	0	0	0	0	0	0	8.099738
35	1	0	0	0	1	0	0	1	0	1	1	0	0	1	0	0	0	0	1	1	0	0	4	0.127	16	0.016129	0	0	0	0	0	0	0	0	0	0	1	0	0	0	0	1	0	0	8.744252
35	1	0	0	0	1	0	0	1	0	1	1	0	0	0	0	0	0	0	1	1	0	0	9	0.127	81	0.016129	0	0	0	0	0	0	0	0	0	0	0	0	0	0	0	1	0	0	8.744252
35	0	0	0	0	1	0	0	0	1	0	0	1	0	1	0	0	0	0	0	0	0	1	7	0.1778001	49	0.0316129	0	0	0	0	0	0	0	0	0	0	1	0	0	0	1	0	0	0	8.543419
35	0	0	0	0	1	0	0	1	0	0	0	1	0	1	0	0	0	0	1	1	0	0	4	0.1016001	16	0.0103226	0	0	0	0	0	0	0	0	0	0	1	0	0	0	0	1	0	0	8.543419
35	1	0	0	1	1	0	0	1	0	1	1	0	0	1	0	0	0	0	1	1	0	0	7	0	49	0	0	0	0	1.7272	0	0	0	0	0	0	1	0	0	0	0	1	0	0	8.744252
35	0	1	0	0	1	0	0	0	1	0	0	0	0	1	0	0	0	0	0	0	0	0	3	0.1778001	9	0.0316129	0	0	0	0	0	0	0	0	0	0	1	0	0	0	0	0	0	0	8.733533
35	1	0	0	0	1	0	0	1	0	0	0	1	0	1	0	0	0	0	0	1	0	0	6	0.1397001	36	0.0195161	0	0	0	0	0	0	0	0	0	0	1	0	0	0	0	1	0	0	8.744252
35	1	0	0	0	1	0	0	1	0	1	0	0	0	1	0	0	0	0	1	1	0	0	6	0.1397001	36	0.0195161	0	0	0	0	0	0	0	0	0	0	1	0	0	0	0	1	0	0	8.673765
35	1	0	0	0	2	0	0	0	1	0	0	0	0	1	0	0	0	0	1	0	0	0	4	0.1016001	16	0.0103226	0	0	0	0	0	0	0	0	0	0	1	0	0	0	0	1	0	0	9.174689
35	0	0	0	0	1	0	0	0	1	1	0	0	0	1	0	0	0	0	0	0	0	1	0	0.127	0	0.016129	0	0	0	0	0	0	0	0	0	0	1	0	0	0	1	0	0	0	8.673765
35	0	0	0	0	2	0	0	1	0	0	0	0	0	0	0	0	0	0	0	1	0	5	7	0.1143	49	0.0130645	0	0	0	0	0	0	0	0	0	0	0	0	0	0	0	0	0	0	8.543419
35	1	0	0	0	1	0	0	1	0	1	0	0	0	1	0	0	0	0	1	1	0	0	6	0.127	36	0.016129	0	0	0	0	0	0	0	0	0	0	1	0	0	0	0	1	0	0	8.673765
35	0	0	0	0	1	0	0	0	1	0	0	0	0	0	0	0	0	0	1	0	0	0	4	0.1016001	16	0.0103226	0	0	0	0	0	0	0	0	0	0	0	0	0	0	0	1	0	0	8.395303
35	1	0	0	0	1	0	0	1	0	0	0	1	0	1	0	0	0	0	1	1	0	0	3	0.1524	9	0.0232258	0	0	0	0	0	0	0	0	0	0	1	0	0	0	0	1	0	0	8.673765
36	0	0	0	0	1	0	1	0	1	1	0	0	0	0	1	0	0	0	1	0	0	0	11	0.1418	121	0.0201073	0	0	0	0	0	0	0	0	0	0	0	0	0	0	0	0	0	0	8.973855
36	0	1	0	1	0	1	1	0	1	1	0	0	0	0	1	0	0	0	0	0	0	0	13	0	169	0	0	0	0	1.7018	0	0	0	0	0	0	0	0	0	0	0	0	0	0	8.673765
36	1	1	0	0	4	0	1	1	0	0	0	0	0	0	1	0	0	0	0	1	0	0	10	0.127	100	0.016129	0	0	0	0	0	0	0	0	0	0	0	0	0	0	0	0	0	0	7.95042
36	0	1	0	0	1	0	1	1	0	1	0	0	0	0	1	0	0	0	0	1	0	0	10	0.127	100	0.016129	0	0	0	0	0	0	0	0	0	0	0	0	0	0	0	0	0	0	9.203803
36	0	0	0	0	0	1	1	0	1	0	0	1	0	0	1	0	0	0	0	0	-4	0	6	0.1015999	36	0.0103225	0	0	0	0	0	0	0	0	0	0	0	0	0	0	1	0	0	0	8.543419
36	1	1	0	0	2	0	1	0	1	0	0	1	0	0	1	0	0	0	0	0	0	0	7	0.1015999	49	0.0103225	0	0	0	0	0	0	0	0	0	0	0	0	0	0	0	0	0	0	9.203803
36	0	1	0	0	1	0	0	0	1	0	0	1	0	0	0	0	0	0	0	0	0	0	11	0.1015999	121	0.0103225	0	0	0	0	0	0	0	0	0	0	1	0	0	0	0	0	0	0	9.174689
36	0	0	0	0	1	0	1	1	0	1	0	0	0	0	1	0	0	0	0	1	-3	0	16	0.1143	256	0.0130645	0	0	0	0	0	0	0	0	0	0	0	0	0	1	0	0	0	0	8.525649
36	0	1	0	1	0	1	1	0	1	0	0	1	0	0	1	0	0	0	0	0	0	0	7	0	49	0	0	0	0	1.7018	0	0	0	0	0	0	0	0	0	0	0	0	0	0	8.673765
36	0	0	0	0	1	0	0	0	1	0	0	0	0	0	0	0	0	0	0	0	-3	0	13	0.127	169	0.016129	0	0	0	0	0	0	0	0	0	0	0	0	0	1	0	0	0	0	7.95042
36	1	1	0	0	1	0	1	0	1	0	0	1	0	0	1	0	0	0	0	0	0	0	5	0.1015999	25	0.0103225	0	0	0	0	0	0	0	0	0	0	0	0	0	0	0	0	0	0	7.95042
36	1	1	0	1	1	0	0	0	1	0	0	1	0	0	0	0	0	0	0	0	0	0	6	0	36	0	0	0	0	1.7018	0	0	0	0	0	0	1	0	0	0	0	0	0	0	8.673765
36	0	1	0	0	0	1	0	0	0	0	0	1	0	0	0	0	0	0	0	0	0	0	10	0.1015999	100	0.0103225	0	0	0	0	0	0	0	0	0	0	1	0	0	0	0	0	0	0	8.543419
36	0	1	0	0	1	0	1	0	1	0	0	1	0	0	1	0	0	0	0	0	0	0	20	0.127	400	0.016129	0	0	0	0	0	0	0	0	0	0	0	0	0	0	0	0	0	0	7.95042
36	1	0	0	0	1	0	1	0	0	0	0	0	0	0	1	0	0	0	0	0	-4	0	7	0.1524	49	0.0232258	0	0	0	0	0	0	0	0	0	0	0	0	0	0	1	0	0	0	8.099738
37	0	0	0	0	1	0	1	0	0	0	0	0	0	0	0	0	0	0	1	0	0	0	5	0.1778001	25	0.0316129	0	0	0	0	0	0	0	1	0	0	0	0	0	0	0	0	0	0	8.673765
37	1	0	0	0	0	1	1	0	0	0	0	1	0	0	0	0	0	0	0	0	-4	0	7	0.2032	49	0.0412902	0	0	0	0	0	0	0	0	-4	0	0	0	0	0	1	0	0	0	8.956086
37	0	0	0	0	0	1	0	0	0	0	0	0	0	1	0	0	0	0	0	0	-3	0	12	0.2159001	144	0.0466128	0	0	0	0	0	0	0	0	-3	0	1	0	0	1	0	0	0	0	7.95042
37	1	1	0	0	1	0	1	0	1	0	0	0	0	0	0	1	0	0	0	0	0	0	5	0.2794	25	0.0780644	0	0	0	0	0	0	0	0	0	1	0	0	0	0	0	0	0	0	8.744252
37	0	1	0	0	2	0	0	0	1	0	0	0	0	1	0	1	0	0	0	0	0	0	3	0.2286	9	0.052258	0	0	0	0	0	0	0	0	0	1	1	0	0	0	0	0	0	0	8.673765
37	0	0	0	0	0	1	1	0	1	0	0	0	0	0	0	1	0	0	1	0	0	0	5	0.2032	25	0.0412902	0	0	0	0	0	0	0	1	0	0	0	0	0	0	0	0	0	0	8.973855
37	1	0	0	0	1	0	0	0	1	0	0	0	0	0	0	1	0	0	0	0	-3	0	8	0.1778001	64	0.0316129	0	0	0	0	0	0	0	0	-3	0	0	0	0	1	0	0	0	0	8.525649
37	0	1	0	0	1	0	0	0	1	1	0	0	0	0	0	1	0	0	0	0	0	0	7	0.1524	49	0.0232258	0	0	0	0	0	0	0	0	0	1	0	0	0	0	0	0	0	0	9.113841
37	0	0	0	0	2	0	1	0	1	0	0	0	0	0	0	1	0	0	0	0	-3	0	4	0.2540001	16	0.064516	0	0	0	0	0	0	0	0	-3	0	0	0	0	1	0	0	0	0	8.673765
37	0	1	0	0	1	0	0	0	1	1	0	0	0	0	0	1	0	0	0	0	0	0	8	0.1778001	64	0.0316129	0	0	0	0	0	0	0	0	0	1	0	0	0	0	0	0	0	0	8.543419
37	1	0	0	0	0	1	0	0	0	0	0	1	0	0	0	0	0	0	1	0	0	0	9	0.2159001	81	0.0466128	0	0	0	0	0	0	0	1	0	0	0	0	0	0	0	0	0	0	8.991449
37	0	0	0	0	2	0	1	0	0	0	0	1	0	0	0	0	0	0	0	0	-3	0	8	0.2286	64	0.052258	0	0	0	0	0	0	0	0	-3	0	0	0	0	1	0	0	0	0	8.673765
37	1	1	0	1	0	1	1	0	1	0	0	1	0	0	0	1	0	0	0	0	0	0	10	0	100	0	0	0	0	1.8034	0	0	0	0	0	1	0	0	0	0	0	0	0	0	8.840846
37	0	0	0	0	2	0	1	0	0	0	0	0	0	0	0	0	0	0	1	0	0	0	4	0.2540001	16	0.064516	0	0	0	0	0	0	0	1	0	0	0	0	0	0	0	0	0	0	8.525649
37	0	0	0	0	1	0	0	1	0	0	0	0	0	1	0	0	0	0	1	0	0	0	11	0.2286	121	0.052258	0	0	0	0	0	0	0	1	0	0	1	0	0	0	0	0	0	0	8.673765
38	1	1	0	0	0	1	1	0	1	0	0	1	0	0	0	0	0	0	0	0	0	0	8	0.0508	64	0.0025806	0	0	0	0	0	0	0	0	0	1	0	0	0	0	0	0	0	0	8.673765
38	0	1	0	0	1	0	1	0	0	0	0	0	0	0	0	0	0	0	0	0	0	0	3	0.0253999	9	0.0006452	0	0	0	0	0	0	0	0	0	1	0	0	0	0	0	0	0	0	8.673765
38	1	0	0	0	1	0	1	0	1	1	0	0	0	0	0	0	0	0	1	0	0	0	9	0.1015999	81	0.0103225	0	0	0	0	0	0	0	1	0	0	0	0	0	0	1	0	0	0	8.673765
38	0	0	0	0	1	0	0	1	0	0	0	0	0	1	0	0	0	0	0	1	0	0	5	0.1015999	25	0.0103225	0	0	0	0	0	0	0	0	0	0	1	0	0	0	1	0	0	0	9.03096
38	0	0	0	0	1	0	0	0	1	1	1	0	0	1	0	0	0	0	1	0	0	0	9	0.1015999	81	0.0103225	0	0	0	0	0	0	0	1	0	0	1	0	0	0	1	0	0	0	8.673765
38	0	0	0	0	1	0	0	1	0	0	0	1	0	0	0	0	0	0	1	1	0	0	8	0.0761999	64	0.0058064	0	0	0	0	0	0	0	1	0	0	0	0	0	0	1	0	0	0	8.673765
38	0	0	0	0	4	0	1	0	1	0	0	1	0	0	0	0	0	0	1	0	0	0	6	0.0889	36	0.0079032	0	0	0	0	0	0	0	1	0	0	0	0	0	0	1	0	0	0	8.744576
38	0	0	0	0	0	1	0	0	1	0	0	1	0	0	0	0	0	0	1	0	0	0	9	0.1015999	81	0.0103225	0	0	0	0	0	0	0	1	0	0	0	0	0	0	1	0	0	0	8.744252
38	0	0	0	0	0	1	0	0	0	0	0	1	0	0	0	0	0	0	0	0	0	0	10	0.0508	100	0.0025806	0	0	0	0	0	0	0	0	0	0	0	0	0	0	1	0	0	0	8.744252
38	0	0	0	0	1	0	1	0	0	0	0	0	0	0	0	0	0	0	1	0	0	0	5	0.127	25	0.016129	0	0	0	0	0	0	0	1	0	0	0	0	0	0	1	0	0	0	8.673765
38	1	0	0	0	1	0	1	0	1	0	0	0	0	0	0	0	0	0	1	0	0	0	7	0.1015999	49	0.0103225	0	0	0	0	0	0	0	1	0	0	0	0	0	0	1	0	0	0	8.673765
38	0	0	0	0	1	0	1	0	1	1	0	0	0	0	0	0	0	0	0	0	0	4	9	0.0508	81	0.0025806	0	0	0	0	0	0	0	0	4	0	0	0	0	0	0	0	0	0	8.099738
38	0	0	0	0	1	0	1	1	0	0	0	0	0	0	0	0	0	0	0	1	-1	0	5	0.0508	25	0.0025806	0	0	0	0	0	0	0	0	-1	0	0	0	0	0	0	1	0	0	9.508165
38	1	0	0	0	1	0	0	0	1	0	0	0	0	0	0	0	0	0	1	0	0	0	9	0.1396999	81	0.0195161	0	0	0	0	0	0	0	1	0	0	0	0	0	0	1	0	0	0	8.744252
38	1	0	0	0	1	0	1	0	1	0	0	0	0	0	0	0	0	0	0	0	0	1	8	0.1015999	64	0.0103225	0	0	0	0	0	0	0	0	1	0	0	0	0	1	0	0	0	0	8.673765
39	1	0	0	0	2	0	0	0	1	0	0	0	0	1	0	0	0	0	1	0	0	0	5	0.1397001	25	0.0195161	0	0	0	0	0	0	0	1	0	0	1	0	0	0	0	1	0	0	8.744252
39	1	0	0	0	1	0	0	0	0	1	0	0	0	1	0	0	0	0	0	1	0	2	6	0.2032	36	0.0412902	0	0	0	0	0	0	0	0	2	0	1	0	0	1	0	0	0	0	8.525649
39	1	1	0	0	1	0	1	0	1	0	0	1	0	0	0	0	0	0	0	0	0	0	5	0.1397001	25	0.0195161	0	0	0	0	0	0	0	0	0	1	0	0	0	0	0	0	0	0	8.673765
39	1	0	0	0	0	1	0	0	0	0	0	0	0	0	0	0	0	0	1	1	0	0	7	0.1016001	49	0.0103226	0	0	0	0	0	0	0	1	0	0	0	0	0	0	0	1	0	0	8.673765
39	0	0	0	0	2	0	0	1	0	0	0	1	0	1	0	0	0	0	0	0	0	2	7	0.1572	49	0.0247118	0	0	0	0	0	0	0	0	2	0	1	0	0	1	0	0	0	0	8.673765
39	1	0	0	0	1	0	0	0	0	1	1	0	0	1	0	0	0	0	1	1	0	0	6	0.1778001	36	0.0316129	0	0	0	0	0	0	0	1	0	0	1	0	0	0	0	1	0	0	8.543419
39	1	0	0	0	1	0	0	0	1	0	0	1	0	1	0	0	0	0	0	0	0	2	5	0.1524	25	0.0232258	0	0	0	0	0	0	0	0	2	0	1	0	0	1	0	0	0	0	8.673765
39	1	0	0	0	1	0	0	1	0	0	0	0	0	0	0	0	0	0	1	0	0	0	4	0.1524	16	0.0232258	0	0	0	0	0	0	0	1	0	0	0	0	0	0	0	1	0	0	8.673765
39	1	0	0	0	0	1	0	0	1	1	0	0	0	1	0	0	0	0	1	0	0	0	5	0.1524	25	0.0232258	0	0	0	0	0	0	0	1	0	0	1	0	0	0	0	1	0	0	8.973855
39	1	0	0	0	2	0	0	0	0	0	0	0	0	1	0	0	0	0	0	1	0	2	3	0.1524	9	0.0232258	0	0	0	0	0	0	0	0	2	0	1	0	0	1	0	0	0	0	8.613906
39	1	0	0	0	1	0	0	0	0	0	0	0	0	0	0	0	0	0	0	1	0	2	4	0.1524	16	0.0232258	0	0	0	0	0	0	0	0	2	0	0	0	0	1	0	0	0	0	8.525649
39	1	0	0	0	1	0	1	0	0	0	0	0	0	0	0	0	0	0	0	1	0	2	5	0.1778001	25	0.0316129	0	0	0	0	0	0	0	0	2	0	0	0	0	1	0	0	0	0	9.043353
39	1	0	0	0	2	0	0	0	1	0	0	1	0	0	0	0	0	0	1	0	0	0	4	0.127	16	0.016129	0	0	0	0	0	0	0	1	0	0	0	0	0	0	0	1	0	0	8.673765
39	1	0	0	0	2	0	1	1	0	0	0	1	0	0	0	0	0	0	1	0	0	0	5	0.127	25	0.016129	0	0	0	0	0	0	0	1	0	0	0	0	0	0	0	1	0	0	8.673765
39	1	0	0	0	2	0	0	0	0	0	0	0	0	1	0	0	0	0	0	1	0	2	2	0.1397001	4	0.0195161	0	0	0	0	0	0	0	0	2	0	1	0	0	1	0	0	0	0	8.543419
39	1	0	0	0	1	0	0	0	0	0	0	0	0	0	0	0	0	0	0	1	0	2	4	0.2032	16	0.0412902	0	0	0	0	0	0	0	0	2	0	0	0	0	1	0	0	0	0	8.613906
39	1	1	0	0	1	0	0	0	1	0	0	0	0	0	0	0	0	0	0	0	0	0	5	0.0762	25	0.0058064	0	0	0	0	0	0	0	0	0	1	0	0	0	0	0	0	0	0	8.673765
39	1	0	0	0	2	0	0	1	0	0	0	0	0	1	0	0	0	0	0	0	0	1	4	0.127	16	0.016129	0	0	0	0	0	0	0	0	1	0	1	0	0	0	1	0	0	0	8.673765
39	1	0	0	0	1	0	0	0	0	0	0	1	0	1	0	0	0	0	0	1	0	2	6	0.1524	36	0.0232258	0	0	0	0	0	0	0	0	2	0	1	0	0	1	0	0	0	0	8.612476
39	1	0	0	0	1	0	0	0	0	1	1	0	0	0	0	0	0	0	0	1	0	1	6	0.2032	36	0.0412902	0	0	0	0	0	0	0	0	1	0	0	0	0	0	1	0	0	0	8.673765
39	1	0	0	0	2	0	0	0	1	0	0	1	0	1	0	0	0	0	1	0	0	0	5	0.1524	25	0.0232258	0	0	0	0	0	0	0	1	0	0	1	0	0	0	0	1	0	0	8.744252
39	1	0	0	0	2	0	0	1	0	0	0	1	0	0	0	0	0	0	1	0	0	0	5	0.127	25	0.016129	0	0	0	0	0	0	0	1	0	0	0	0	0	0	0	1	0	0	7.95042
39	1	0	0	0	1	0	0	1	0	0	0	0	0	0	0	0	0	0	1	0	0	0	5	0.1524	25	0.0232258	0	0	0	0	0	0	0	1	0	0	0	0	0	0	0	1	0	0	8.673765
39	0	0	0	0	3	0	0	0	0	0	0	0	0	0	0	0	0	0	0	1	0	2	6	0.1524	36	0.0232258	0	0	0	0	0	0	0	0	2	0	0	0	0	1	0	0	0	0	8.673765
39	1	0	0	0	1	0	1	1	0	0	0	0	0	0	0	0	0	0	1	0	0	0	4	0.1016001	16	0.0103226	0	0	0	0	0	0	0	1	0	0	0	0	0	0	0	1	0	0	9.113841
39	1	0	0	0	1	0	0	1	0	0	0	0	0	1	0	0	0	0	1	0	0	0	6	0.127	36	0.016129	0	0	0	0	0	0	0	1	0	0	1	0	0	0	0	1	0	0	8.673765
39	1	0	0	0	1	0	0	0	0	1	1	0	0	0	0	0	0	0	0	1	0	2	9	0.0762	81	0.0058064	0	0	0	0	0	0	0	0	2	0	0	0	0	1	0	0	0	0	8.673765
39	1	0	0	0	0	1	1	0	0	0	0	1	0	0	0	0	0	0	0	1	0	2	5	0.0889001	25	0.0079032	0	0	0	0	0	0	0	0	2	0	0	0	0	1	0	0	0	0	8.613906
39	1	0	0	0	0	1	0	1	0	0	0	1	0	0	0	0	0	0	0	0	0	2	5	0.1778001	25	0.0316129	0	0	0	0	0	0	0	0	2	0	0	0	0	1	0	0	0	0	8.395303
39	1	0	0	0	3	0	0	1	0	1	0	0	0	1	0	0	0	0	1	0	0	0	5	0.1397001	25	0.0195161	0	0	0	0	0	0	0	1	0	0	1	0	0	0	0	1	0	0	8.744252
40	0	1	0	0	1	0	1	1	0	0	0	1	0	0	0	0	0	0	0	0	0	0	3	0.13	9	0.0169	0	0	0	0	0	0	0	0	0	0	0	0	0	0	0	0	0	0	9.113841
40	1	0	0	0	1	0	1	0	0	1	0	0	0	0	0	0	0	0	1	0	0	0	6	0.1071	36	0.0114704	0	0	0	0	0	0	0	0	0	0	0	1	0	0	0	0	0	0	8.744252
40	1	0	0	0	1	0	1	0	1	1	0	0	0	0	0	1	0	0	0	0	-2	0	3	0.1198	9	0.014352	0	0	0	0	0	0	0	0	0	0	0	0	0	1	0	0	0	0	9.508165
40	0	0	0	0	0	1	1	1	0	0	0	0	0	0	0	0	0	0	1	0	0	0	6	0.1198	36	0.014352	0	0	0	0	0	0	0	0	0	0	0	1	0	0	0	0	0	0	8.673765
40	0	1	0	0	1	0	0	0	0	1	0	0	0	0	0	0	0	0	0	0	0	0	3	0.1198	9	0.014352	0	0	0	0	0	0	0	0	0	0	1	0	0	0	0	0	0	0	8.673765
40	0	1	0	0	0	1	0	0	1	0	0	1	0	0	0	1	0	0	0	0	0	0	4	0.0563	16	0.0031697	0	0	0	0	0	0	0	0	0	0	0	0	0	0	0	0	0	0	8.673765
40	1	0	0	1	1	0	0	0	0	1	0	0	0	0	0	0	0	0	1	0	0	0	7	0	49	0	0	0	0	1.72	0	0	0	0	0	0	1	1	0	0	0	0	0	0	8.744252
40	0	0	0	0	1	0	0	0	1	0	0	1	0	0	0	1	0	0	1	0	0	0	2	0.0944	4	0.0089114	0	0	0	0	0	0	0	0	0	0	1	1	0	0	0	0	0	0	8.673765
40	0	0	0	0	0	1	1	0	1	0	0	1	0	0	0	1	0	0	0	0	0	1	3	0.1198	9	0.014352	0	0	0	0	0	0	0	0	0	0	0	0	0	0	0	0	0	0	8.744252
40	0	0	0	0	1	0	0	0	0	0	0	0	0	0	0	0	0	0	1	0	0	0	7	0.0436001	49	0.001901	0	0	0	0	0	0	0	0	0	0	1	1	0	0	0	0	0	0	8.673765
40	0	1	0	0	0	1	0	0	0	0	0	0	0	0	0	0	0	0	0	0	0	0	5	0.0944	25	0.0089114	0	0	0	0	0	0	0	0	0	0	0	0	0	0	0	0	0	0	8.673765
40	1	0	0	0	0	1	1	0	1	0	0	1	0	0	0	1	0	0	1	0	0	0	4	0.1452	16	0.021083	0	0	0	0	0	0	0	0	0	0	0	1	0	0	0	0	0	0	8.613906
40	0	1	0	0	0	1	1	0	0	0	0	0	0	0	0	0	0	0	0	0	0	0	5	0.1071	25	0.0114704	0	0	0	0	0	0	0	0	0	0	0	0	0	0	0	0	0	0	8.543419
40	1	0	0	0	1	0	0	0	1	0	0	1	0	0	0	1	0	0	0	0	-2	0	5	0.1198	25	0.014352	0	0	0	0	0	0	0	0	0	0	0	0	0	1	0	0	0	0	8.733533
40	0	1	0	0	1	0	1	0	1	0	0	0	0	0	0	1	0	0	0	0	0	0	6	0.1198	36	0.014352	0	0	0	0	0	0	0	0	0	0	0	0	0	0	0	0	0	0	8.525649
42	0	1	0	0	1	0	0	0	1	1	0	0	0	1	0	1	0	0	0	0	0	0	5	0.1651	25	0.027258	0	0	0	0	0	0	0	0	0	0	1	0	0	0	0	0	0	0	8.673765
42	0	1	0	0	0	1	1	0	0	0	0	1	0	0	0	0	0	0	0	0	0	0	2	0.2539999	4	0.064516	0	0	0	0	0	0	0	0	0	0	0	0	0	0	0	0	0	0	8.744252
42	1	0	0	0	1	0	1	0	1	0	0	0	0	0	0	1	0	0	0	0	0	1	2	0.2032	4	0.0412902	0	0	0	0	0	0	0	0	0	0	0	0	0	0	0	0	0	0	8.744252
42	0	1	0	0	1	0	0	0	0	1	0	0	0	1	0	0	0	0	0	0	0	0	4	0.1397001	16	0.0195161	0	0	0	0	0	0	0	0	0	0	1	0	0	0	0	0	0	0	8.744252
42	0	1	0	0	1	0	0	0	0	1	0	0	0	1	0	0	0	0	0	0	0	0	1	0.2032	1	0.0412902	0	0	0	0	0	0	0	0	0	0	1	0	0	0	0	0	0	0	8.613906
42	0	0	0	0	1	0	1	0	0	0	0	0	0	0	0	0	0	0	0	0	-2	0	3	0.1524	9	0.0232258	0	0	0	0	0	0	0	0	0	0	0	0	0	1	0	0	0	0	8.673765
42	0	1	1	1	0	1	0	0	0	0	0	1	0	1	0	0	0	0	0	0	0	0	0	0	0	0	0	27	0	1.778	0	0	0	0	0	0	1	0	0	0	0	0	0	0	8.744252
42	1	0	1	1	0	1	0	0	0	1	0	0	0	1	0	0	0	0	0	0	0	1	0	0	0	0	0	27	0	1.778	0	0	0	0	0	0	1	0	0	0	0	0	0	0	9.174689
42	1	0	0	0	3	0	0	1	0	0	0	1	0	1	0	0	0	0	0	0	-2	0	4	0.1777999	16	0.0316128	0	0	0	0	0	0	0	0	0	0	1	0	0	1	0	0	0	0	8.744252
42	1	0	0	0	3	0	0	0	0	0	0	0	0	1	0	0	0	0	1	0	0	0	5	0.127	25	0.016129	0	0	0	0	0	0	0	0	0	0	1	1	0	0	0	0	0	0	7.95042
42	0	1	0	0	0	1	0	0	0	1	1	0	0	0	0	0	0	0	0	0	0	0	3	0.1777999	9	0.0316128	0	0	0	0	0	0	0	0	0	0	0	0	0	0	0	0	0	0	7.95042
44	1	1	0	1	1	0	1	0	1	1	1	0	0	0	1	0	0	0	0	0	0	0	5	0	25	0	0	0	0	1.6764	0	0	0	0	0	1	0	0	0	0	0	0	0	0	8.543419
44	0	1	0	0	1	0	0	1	0	0	0	1	0	0	0	0	0	0	0	1	0	0	5	0.0761999	25	0.0058064	0	0	0	0	0	0	0	0	0	1	0	0	0	0	0	0	0	0	8.673765
44	0	1	0	0	1	0	0	0	1	0	0	0	0	0	0	0	0	0	0	0	0	0	3	0.0508	9	0.0025806	0	0	0	0	0	0	0	0	0	1	0	0	0	0	0	0	0	0	8.744252
44	1	0	0	0	0	1	1	0	1	0	0	1	0	0	1	0	0	0	1	0	0	0	4	0.127	16	0.016129	0	0	0	0	0	0	0	1	0	0	0	0	0	1	0	0	0	0	8.673765
44	0	1	0	0	1	0	0	0	1	1	1	0	0	0	0	0	0	0	0	0	0	0	6	0.127	36	0.016129	0	0	0	0	0	0	0	0	0	1	1	0	0	0	0	0	0	0	8.673765
44	0	1	0	0	1	0	0	0	1	1	1	0	0	0	0	0	0	0	0	0	0	0	4	0.1015999	16	0.0103225	0	0	0	0	0	0	0	0	0	1	0	0	0	0	0	0	0	0	8.543419
44	1	1	0	0	0	1	1	0	0	0	0	1	0	0	1	0	0	0	0	0	0	0	4	0.0761999	16	0.0058064	0	0	0	0	0	0	0	0	0	1	0	0	0	0	0	0	0	0	8.613906
44	0	0	0	0	1	0	0	0	1	1	1	0	0	0	0	0	0	0	0	0	-2	0	8	0.1015999	64	0.0103225	0	0	0	0	0	0	0	0	-2	0	0	0	0	0	0	1	0	0	8.099738
44	1	0	0	0	1	0	1	1	0	1	0	0	0	0	1	0	0	0	0	1	0	2	5	0.0761999	25	0.0058064	0	0	0	0	0	0	0	0	2	0	0	1	0	0	0	0	0	0	8.543419
44	1	1	0	1	0	1	0	0	0	0	0	1	0	0	0	0	0	0	0	0	0	0	3	0	9	0	0	0	0	1.6764	0	0	0	0	0	1	0	0	0	0	0	0	0	0	8.613906
44	0	1	0	0	1	0	0	0	0	0	0	0	0	0	0	0	0	0	0	0	0	0	5	0.1015999	25	0.0103225	0	0	0	0	0	0	0	0	0	1	1	0	0	0	0	0	0	0	8.673765
44	0	1	0	0	1	0	0	0	1	0	0	1	0	0	0	0	0	0	0	0	0	0	6	0.127	36	0.016129	0	0	0	0	0	0	0	0	0	1	0	0	0	0	0	0	0	0	8.673765
44	0	0	0	0	1	0	1	0	1	0	0	1	0	0	1	0	0	0	0	0	-1	0	3	0.0761999	9	0.0058064	0	0	0	0	0	0	0	0	-1	0	0	0	0	0	1	0	0	0	8.744252
44	0	0	0	0	1	0	0	0	0	1	0	0	0	0	0	0	0	0	0	0	-1	0	2	0.1015999	4	0.0103225	0	0	0	0	0	0	0	0	-1	0	1	0	0	0	1	0	0	0	8.543419
44	0	1	0	0	0	1	0	0	0	0	0	1	0	0	0	0	0	0	0	0	0	0	7	0.1523999	49	0.0232257	0	0	0	0	0	0	0	0	0	1	0	0	0	0	0	0	0	0	8.744252
45	0	0	0	0	2	0	1	1	0	0	0	1	0	0	1	0	0	0	0	0	-1	0	9	0.1397001	81	0.0195161	0	0	0	0	0	0	0	0	0	0	0	0	0	0	1	0	0	0	8.673765
45	1	0	0	0	3	0	0	0	0	0	0	0	0	0	0	0	0	0	1	1	0	0	5	0.1397001	25	0.0195161	0	0	0	0	0	0	0	0	0	0	1	0	0	1	0	0	0	0	8.744252
45	1	1	0	0	1	0	0	1	0	0	0	1	0	0	0	0	0	0	0	0	0	0	6	0.1651	36	0.027258	0	0	0	0	0	0	0	0	0	0	1	0	0	0	0	0	0	0	8.673765
45	0	1	0	0	3	0	1	0	0	0	0	1	0	0	1	0	0	0	0	1	0	0	7	0.0508001	49	0.0025806	0	0	0	0	0	0	0	0	0	0	0	0	0	0	0	0	0	0	8.673765
45	0	1	0	0	1	0	0	0	1	1	0	0	0	0	0	0	0	0	0	0	0	0	8	0.1397001	64	0.0195161	0	0	0	0	0	0	0	0	0	0	1	0	0	0	0	0	0	0	8.673765
45	0	1	0	0	2	0	1	0	0	0	0	1	0	0	1	0	0	0	0	1	0	0	8	0.0889	64	0.0079032	0	0	0	0	0	0	0	0	0	0	0	0	0	0	0	0	0	0	8.673765
45	0	0	0	0	3	0	1	0	0	0	0	1	0	0	1	0	0	0	0	1	-2	0	8	0.1651	64	0.027258	0	0	0	0	0	0	0	0	0	0	0	0	0	0	0	1	0	0	8.673765
45	0	0	0	0	1	0	1	0	0	0	0	0	0	0	1	0	0	0	1	1	0	0	7	0.0889	49	0.0079032	0	0	0	0	0	0	0	0	0	0	0	0	0	1	0	0	0	0	8.673765
45	1	1	0	0	2	0	1	0	0	0	0	0	0	0	1	0	0	0	0	1	0	0	9	0.1143	81	0.0130645	0	0	0	0	0	0	0	0	0	0	0	0	0	0	0	0	0	0	8.613906
45	0	0	0	0	2	0	0	1	0	0	0	1	0	0	0	0	0	0	1	0	0	0	7	0.1397001	49	0.0195161	0	0	0	0	0	0	0	0	0	0	1	0	0	1	0	0	0	0	8.543419
45	0	0	0	0	2	0	0	0	0	0	0	1	0	0	0	0	0	0	1	1	0	0	7	0.1016001	49	0.0103226	0	0	0	0	0	0	0	0	0	0	0	0	0	1	0	0	0	0	8.673765
45	1	0	0	0	1	0	0	0	0	0	0	1	0	0	0	0	0	0	1	1	0	0	6	0.0889	36	0.0079032	0	0	0	0	0	0	0	0	0	0	1	0	0	1	0	0	0	0	8.673765
45	0	0	0	0	1	0	0	0	0	0	0	0	0	0	0	0	0	0	1	1	0	0	6	0.1651	36	0.027258	0	0	0	0	0	0	0	0	0	0	0	0	0	1	0	0	0	0	8.612476
45	0	0	0	0	2	0	0	0	0	0	0	1	0	0	0	0	0	0	1	1	0	0	10	0.0381	100	0.0014516	0	0	0	0	0	0	0	0	0	0	1	0	0	1	0	0	0	0	8.673765
45	1	0	0	0	1	0	0	0	0	1	0	0	0	0	0	0	0	0	1	1	0	0	7	0.0889	49	0.0079032	0	0	0	0	0	0	0	0	0	0	1	0	0	1	0	0	0	0	8.673765
48	0	1	0	0	3	0	0	0	0	0	0	1	0	0	0	0	0	0	0	1	0	0	0	0.0761999	0	0.0058064	0	0	0	0	0	0	0	0	0	0	0	0	0	0	0	0	0	0	8.380857
48	0	0	0	0	3	0	0	0	0	0	0	0	0	0	0	0	0	0	0	1	0	1	2	0.1015999	4	0.0103225	0	0	0	0	0	0	0	0	0	0	0	0	0	0	0	0	1	0	9.104201
48	1	0	0	0	1	0	0	0	0	1	1	0	0	1	0	0	0	0	1	1	0	0	5	0.0508	25	0.0025806	0	0	0	0	0	0	0	0	0	0	1	0	0	0	0	0	0	1	8.543419
48	1	0	0	0	1	0	0	0	0	1	0	0	0	1	0	0	0	0	1	1	0	0	3	0.0761999	9	0.0058064	0	0	0	0	0	0	0	0	0	0	1	0	0	0	0	0	0	1	8.543419
48	0	0	0	0	1	0	0	0	0	0	0	0	0	0	0	0	0	0	1	1	0	0	1	0.1523999	1	0.0232257	0	0	0	0	0	0	0	0	0	0	0	0	0	0	0	0	0	1	7.95042
48	0	0	0	1	1	0	1	0	0	1	0	0	0	0	0	0	0	0	1	1	0	0	5	0	25	0	0	0	0	1.6764	0	0	0	0	0	0	0	0	0	0	0	0	0	1	8.673765
48	0	1	0	0	1	0	0	0	0	1	1	0	0	0	0	0	0	0	0	1	0	0	-1	0.1015999	1	0.0103225	0	0	0	0	0	0	0	0	0	0	0	0	0	0	0	0	0	0	9.104201
48	0	1	0	0	1	0	1	0	1	1	0	0	0	0	0	0	0	0	0	0	0	0	5	0.0508	25	0.0025806	0	0	0	0	0	0	0	0	0	0	0	0	0	0	0	0	0	0	8.543419
48	0	0	0	0	1	0	0	0	0	0	0	1	0	0	0	0	0	0	1	1	0	0	4	0.127	16	0.016129	0	0	0	0	0	0	0	0	0	0	0	0	0	0	0	0	0	1	7.95042
48	0	0	0	1	1	0	0	0	0	1	0	0	0	0	0	0	0	0	1	1	0	0	4	0	16	0	0	0	0	1.6764	0	0	0	0	0	0	0	0	0	0	0	0	0	1	8.543419
48	1	0	0	0	0	1	0	0	1	1	0	0	0	0	0	0	0	0	1	0	0	0	2	0.1523999	4	0.0232257	0	0	0	0	0	0	0	0	0	0	0	0	0	0	0	0	0	1	8.744252
48	0	0	0	0	1	0	1	0	0	1	0	0	0	0	0	0	0	0	1	1	0	0	4	0	16	0	0	0	0	0	0	0	0	0	0	0	0	0	0	0	0	0	0	1	8.673765
48	0	1	0	0	1	0	0	0	0	1	0	0	0	0	0	0	0	0	0	1	0	0	6	0.0508	36	0.0025806	0	0	0	0	0	0	0	0	0	0	0	0	0	0	0	0	0	0	8.266818
49	0	1	0	0	1	0	1	0	1	0	0	0	0	0	1	1	0	0	0	0	0	0	3	0.127	9	0.016129	0	0	0	0	0	0	0	0	0	0	0	0	0	0	0	0	0	0	8.744252
49	0	1	0	0	1	0	1	0	0	0	0	0	0	0	1	0	0	0	0	0	0	0	6	0.1778001	36	0.0316129	0	0	0	0	0	0	0	0	0	0	0	0	0	0	0	0	0	0	8.744252
49	0	1	0	0	0	1	1	0	1	0	0	1	0	0	1	1	0	0	0	0	0	0	5	0.1472	25	0.0216678	0	0	0	0	0	0	0	0	0	0	0	0	0	0	0	0	0	0	8.543419
49	1	0	0	0	0	1	1	0	1	0	0	1	0	0	1	1	0	0	1	0	0	0	8	0.0762	64	0.0058064	0	0	0	0	0	0	0	0	0	0	0	0	0	0	0	0	0	0	8.673765
49	0	1	0	0	0	1	0	0	1	0	0	1	0	0	0	1	0	0	0	0	0	0	7	0.1272	49	0.0161798	0	0	0	0	0	0	0	0	0	0	0	0	0	0	0	0	0	0	9.104201
49	1	0	0	0	0	1	0	0	1	0	0	0	0	0	0	1	0	0	1	0	0	0	6	0.1143	36	0.0130645	0	0	0	0	0	0	0	0	0	0	0	0	0	0	0	0	0	0	8.543419
49	1	1	0	0	0	1	0	1	0	0	0	1	0	0	0	0	0	0	0	0	0	0	1	0.1372	1	0.0188238	0	0	0	0	0	0	0	0	0	0	0	0	0	0	0	0	0	0	9.203803
49	0	1	0	0	0	1	1	0	1	0	0	1	0	0	1	1	0	0	0	0	0	0	2	0.0889001	4	0.0079032	0	0	0	0	0	0	0	0	0	0	0	0	0	0	0	0	0	0	8.380857
49	0	1	0	0	1	0	1	0	0	1	0	0	0	0	1	0	0	0	0	0	0	0	4	0.0972	16	0.0094478	0	0	0	0	0	0	0	0	0	0	0	0	0	0	0	0	0	0	8.673765
49	0	1	0	1	0	1	1	0	1	0	0	1	0	0	1	1	0	0	0	0	0	0	4	0	16	0	0	0	0	1.7272	0	0	0	0	0	0	0	0	0	0	0	0	0	0	8.673765
49	0	1	0	1	0	1	0	0	1	0	0	1	0	0	0	1	0	0	0	0	0	0	4	0	16	0	0	0	0	1.7272	0	0	0	0	0	0	0	0	0	0	0	0	0	0	8.673765
49	1	1	0	0	1	0	1	0	0	1	1	0	0	0	1	0	0	0	0	0	0	0	8	0.0762	64	0.0058064	0	0	0	0	0	0	0	0	0	0	0	0	0	0	0	0	0	0	8.744252
49	0	1	0	0	1	0	0	1	0	1	0	0	0	0	0	0	0	0	0	0	0	0	5	0.1524	25	0.0232258	0	0	0	0	0	0	0	0	0	0	0	0	0	0	0	0	0	0	8.673765
49	0	0	0	1	0	1	1	0	1	0	0	1	0	0	1	1	0	0	1	0	0	0	4	0	16	0	0	0	0	1.7272	0	0	0	0	0	0	0	0	0	0	0	0	0	0	8.973855
50	0	0	0	0	1	0	1	1	0	0	0	1	0	0	0	0	0	0	1	1	0	0	6	0.2032	36	0.0412902	0	0	0	0	0	0	0	0	0	0	0	0	0	0	0	1	0	0	8.673765
50	1	0	0	0	1	0	0	1	0	1	1	0	0	1	0	0	0	0	0	1	0	0	7	0.1524	49	0.0232258	0	0	0	0	0	0	0	0	0	0	1	0	0	0	0	1	0	0	8.673765
50	1	0	0	0	1	0	0	1	0	1	0	0	0	0	0	0	0	0	1	1	0	0	7	0.2032	49	0.0412902	0	0	0	0	0	0	0	0	0	0	0	0	0	0	0	1	0	0	8.543419
50	0	1	1	0	0	1	0	0	1	1	1	0	0	0	0	0	0	0	0	0	0	0	0	0.2032	0	0.0412902	0	33	0	0	0	0	0	0	0	0	0	0	0	0	0	0	0	0	8.099738
50	0	0	0	0	2	0	0	1	0	0	0	1	0	1	0	0	0	0	1	1	0	0	6	0.1778001	36	0.0316129	0	0	0	0	0	0	0	0	0	0	1	0	0	0	0	1	0	0	9.104201
50	0	0	0	0	1	0	0	1	0	0	0	1	0	1	0	0	0	0	1	1	0	0	8	0.2032	64	0.0412902	0	0	0	0	0	0	0	0	0	0	1	0	0	0	0	1	0	0	8.744252
50	1	0	0	0	2	0	1	1	0	0	0	0	0	0	0	0	0	0	1	1	0	0	5	0.2794	25	0.0780644	0	0	0	0	0	0	0	0	0	0	0	0	0	0	0	1	0	0	9.044342
50	0	0	0	0	1	0	1	1	0	0	0	0	0	0	0	0	0	0	1	1	0	0	6	0.2286	36	0.052258	0	0	0	0	0	0	0	0	0	0	0	0	0	0	0	1	0	0	8.673765
50	0	0	0	0	2	0	0	1	0	0	0	1	0	1	0	0	0	0	1	1	0	0	10	0.2286	100	0.052258	0	0	0	0	0	0	0	0	0	0	1	0	0	0	0	1	0	0	8.543419
50	1	0	0	0	1	0	0	1	0	0	0	1	0	1	0	0	0	0	1	1	0	0	6	0.2032	36	0.0412902	0	0	0	0	0	0	0	0	0	0	1	0	0	0	0	1	0	0	8.612476
50	0	0	0	0	1	0	1	1	0	1	0	0	0	0	0	0	0	0	0	1	0	3	9	0.2032	81	0.0412902	0	0	0	0	0	0	0	0	0	0	0	0	1	0	0	0	0	0	8.612476
50	0	0	0	0	1	0	0	1	0	0	0	1	0	0	0	0	0	0	1	1	0	0	5	0.2032	25	0.0412902	0	0	0	0	0	0	0	0	0	0	0	0	0	0	0	1	0	0	8.099738
50	1	0	0	0	1	0	1	0	1	0	0	0	0	0	0	0	0	0	1	0	0	0	11	0.2540001	121	0.064516	0	0	0	0	0	0	0	0	0	0	0	0	0	0	0	1	0	0	8.673765
50	0	0	0	0	1	0	1	0	1	0	0	1	0	0	0	0	0	0	0	0	0	2	10	0.2159001	100	0.0466128	0	0	0	0	0	0	0	0	0	0	0	0	0	1	0	0	0	0	8.673765
50	0	0	0	0	3	0	1	1	0	0	0	0	0	0	0	0	0	0	0	1	0	0	11	0.1270001	121	0.016129	0	0	0	0	0	0	0	0	0	0	0	0	0	0	0	1	0	0	8.744252
51	0	0	0	0	0	1	0	1	0	0	0	0	0	0	0	0	0	0	1	0	0	0	8	0.0761999	64	0.0058064	0	0	0	0	0	0	0	0	0	0	0	0	0	1	0	0	0	0	8.673765
51	0	1	0	0	1	0	0	1	0	0	0	1	0	0	0	0	0	0	0	0	0	0	5	0.1523999	25	0.0232257	0	0	0	0	0	0	0	0	0	0	1	0	0	0	0	0	0	0	8.525649
51	1	0	0	0	2	0	0	0	0	1	0	0	0	0	0	0	0	0	1	1	0	0	6	0.0761999	36	0.0058064	0	0	0	0	0	0	0	0	0	0	1	0	0	1	0	0	0	0	8.673765
51	0	0	0	0	2	0	0	1	0	0	0	1	0	0	0	0	0	0	1	0	0	0	7	0.1777999	49	0.0316128	0	0	0	0	0	0	0	0	0	0	1	0	0	1	0	0	0	0	8.973855
51	0	1	0	0	1	0	0	0	0	0	0	1	0	0	0	0	0	0	0	1	0	0	4	0.0761999	16	0.0058064	0	0	0	0	0	0	0	0	0	0	1	0	0	0	0	0	0	0	8.673765
51	1	0	0	0	3	0	0	0	0	0	0	0	0	0	0	0	0	0	1	1	0	0	5	0.127	25	0.016129	0	0	0	0	0	0	0	0	0	0	1	0	0	1	0	0	0	0	9.174689
51	0	0	0	0	2	0	0	1	0	0	0	1	0	0	0	0	0	0	1	0	0	0	6	0.1523999	36	0.0232257	0	0	0	0	0	0	0	0	0	0	1	0	0	1	0	0	0	0	8.911333
51	0	0	0	0	1	0	0	0	0	0	0	1	0	0	0	0	0	0	1	1	0	0	6	0.1015999	36	0.0103225	0	0	0	0	0	0	0	0	0	0	1	0	0	1	0	0	0	0	8.673765
51	1	1	0	0	2	0	0	0	0	0	0	0	0	0	0	0	0	0	0	1	0	0	4	0.127	16	0.016129	0	0	0	0	0	0	0	0	0	0	1	0	0	0	0	0	0	0	8.673765
51	0	0	0	0	1	0	0	0	0	1	0	0	0	0	0	0	0	0	1	1	0	0	6	0.0508	36	0.0025806	0	0	0	0	0	0	0	0	0	0	1	0	0	1	0	0	0	0	8.673765
51	0	0	0	0	3	0	1	0	0	0	0	0	0	0	1	0	0	0	1	1	0	0	3	0.127	9	0.016129	0	0	0	0	0	0	0	0	0	0	0	0	0	1	0	0	0	0	9.508718
51	1	1	0	0	1	0	0	1	0	1	0	0	0	0	0	0	0	0	0	0	0	0	7	0.1523999	49	0.0232257	0	0	0	0	0	0	0	0	0	0	1	0	0	0	0	0	0	0	8.673765
51	0	1	0	0	2	0	0	0	0	0	0	0	0	0	0	0	0	0	0	1	0	0	6	0.1015999	36	0.0103225	0	0	0	0	0	0	0	0	0	0	1	0	0	0	0	0	0	0	8.612476
51	0	0	0	0	3	0	0	1	0	0	0	0	0	0	0	0	0	0	1	0	0	0	8	0.1523999	64	0.0232257	0	0	0	0	0	0	0	0	0	0	1	0	0	1	0	0	0	0	8.673765
54	0	0	1	0	1	0	0	1	0	0	0	0	0	0	0	0	0	0	0	0	0	3	0	0.0508	0	0.0025806	0	31	0	0	0	0	0	0	3	0	0	0	0	0	1	0	0	0	8.673765
54	0	0	0	0	1	0	0	0	0	1	0	0	0	1	0	0	0	0	0	1	0	4	7	0.0762	49	0.0058064	0	0	0	0	0	0	0	0	4	0	1	0	0	1	0	0	0	0	8.673765
54	1	0	0	0	1	0	1	0	0	0	0	0	0	0	0	0	0	0	1	1	0	0	4	0.0762	16	0.0058064	0	0	0	0	0	0	0	1	0	0	0	0	0	0	0	0	0	1	8.613906
54	0	0	0	0	1	0	0	0	0	0	0	0	0	0	0	0	0	0	0	1	0	4	4	0.0762	16	0.0058064	0	0	0	0	0	0	0	0	4	0	0	0	0	1	0	0	0	0	8.613906
54	0	0	0	0	2	0	0	1	0	0	0	0	0	1	0	0	0	0	0	0	0	3	3	0.0253999	9	0.0006452	0	0	0	0	0	0	0	0	3	0	1	0	0	0	1	0	0	0	8.612476
54	0	0	0	0	1	0	0	1	0	1	1	0	0	0	0	0	0	0	0	0	0	7	4	0.0253999	16	0.0006452	0	0	0	0	0	0	0	0	7	0	0	0	0	0	0	0	0	0	8.673765
54	0	0	0	0	0	1	1	0	0	1	0	0	0	0	0	0	0	0	0	1	0	4	6	0.0508	36	0.0025806	0	0	0	0	0	0	0	0	4	0	0	0	0	1	0	0	0	0	8.673765
54	0	1	0	0	1	0	0	1	0	0	0	0	0	1	0	0	0	0	0	0	0	0	5	0.0508	25	0.0025806	0	0	0	0	0	0	0	0	0	1	1	0	0	0	0	0	0	0	8.673765
54	1	1	0	0	2	0	1	0	1	0	0	1	0	0	0	0	0	0	0	0	0	0	4	0.1524	16	0.0232258	0	0	0	0	0	0	0	0	0	1	0	0	0	0	0	0	0	0	8.380857
54	0	0	0	0	2	0	0	1	0	0	0	1	0	0	0	0	0	0	0	0	0	2	7	0.1015999	49	0.0103225	0	0	0	0	0	0	0	0	2	0	0	0	0	0	0	1	0	0	9.104201
54	1	0	0	0	1	0	0	0	1	0	0	0	0	0	0	0	0	0	1	0	0	0	8	0.0762	64	0.0058064	0	0	0	0	0	0	0	1	0	0	0	0	0	0	0	0	0	1	8.673765
54	1	0	0	0	1	0	1	1	0	1	0	0	0	0	0	0	0	0	0	0	0	3	6	0.0762	36	0.0058064	0	0	0	0	0	0	0	0	3	0	0	0	0	0	1	0	0	0	8.543419
54	1	0	0	0	1	0	1	0	1	1	0	0	0	0	0	0	0	0	1	0	0	0	3	0.0253999	9	0.0006452	0	0	0	0	0	0	0	1	0	0	0	0	0	0	0	0	0	1	8.613906
54	0	0	0	0	1	0	1	0	1	1	0	0	0	0	0	0	0	0	0	0	0	4	4	0.0762	16	0.0058064	0	0	0	0	0	0	0	0	4	0	0	0	0	1	0	0	0	0	8.673765
54	0	1	0	0	1	0	1	0	1	1	0	0	0	0	0	0	0	0	0	0	0	0	7	0.0508	49	0.0025806	0	0	0	0	0	0	0	0	0	1	0	0	0	0	0	0	0	0	7.760306
55	1	0	0	0	1	0	0	0	0	0	0	1	0	1	0	0	0	0	1	1	0	0	7	0.1905	49	0.0362903	0	0	0	0	0	0	0	0	0	0	1	1	0	0	0	0	0	0	8.543419
55	1	0	0	1	3	0	0	0	0	0	0	1	0	1	0	0	0	0	1	1	0	0	7	0	49	0	0	0	0	1.8161	0	0	0	0	0	0	1	1	0	0	0	0	0	0	8.673765
55	0	1	0	0	1	0	0	0	0	0	0	1	0	0	0	0	0	0	0	1	0	0	8	0.1651	64	0.027258	0	0	0	0	0	0	0	0	0	0	0	0	0	0	0	0	0	0	8.673765
55	1	0	0	0	1	0	0	0	0	1	0	0	0	0	0	0	0	0	0	1	0	1	9	0.2413	81	0.0582257	0	0	0	0	0	0	0	0	0	0	0	0	0	0	0	0	0	0	8.673765
55	0	0	0	0	1	0	0	0	0	0	0	0	0	1	0	0	0	0	0	1	-2	0	4	0.1905	16	0.0362903	0	0	0	0	0	0	0	0	0	0	1	0	0	1	0	0	0	0	8.673765
55	1	0	0	0	1	0	0	1	0	0	0	1	0	1	0	0	0	0	0	0	-4	0	9	0.1905	81	0.0362903	0	0	0	0	0	0	0	0	0	0	1	0	0	0	0	1	0	0	8.612476
55	0	1	0	0	2	0	0	0	0	0	0	0	0	0	0	0	0	0	0	1	0	0	8	0.2667	64	0.0711289	0	0	0	0	0	0	0	0	0	0	0	0	0	0	0	0	0	0	8.673765
55	1	1	0	0	1	0	0	0	0	0	0	0	0	1	0	0	0	0	0	1	0	0	8	0.2413	64	0.0582257	0	0	0	0	0	0	0	0	0	0	1	0	0	0	0	0	0	0	7.760306
55	0	0	0	0	1	0	0	1	0	0	0	0	0	0	0	0	0	0	0	0	-2	0	6	0.1905	36	0.0362903	0	0	0	0	0	0	0	0	0	0	0	0	0	1	0	0	0	0	8.673765
55	1	0	0	0	3	0	0	1	0	0	0	1	0	0	0	0	0	0	0	0	0	1	6	0.2667	36	0.0711289	0	0	0	0	0	0	0	0	0	0	0	0	0	0	0	0	0	0	8.673765
55	1	0	0	1	1	0	0	1	0	0	0	1	0	1	0	0	0	0	0	0	-2	0	5	0	25	0	0	0	0	1.8161	0	0	0	0	0	0	1	0	0	1	0	0	0	0	8.744252
55	1	0	0	0	1	0	1	0	0	0	0	1	0	0	0	0	0	0	0	1	-2	0	5	0.2413	25	0.0582257	0	0	0	0	0	0	0	0	0	0	0	0	0	1	0	0	0	0	8.543419
55	1	0	0	0	1	0	0	1	0	0	0	1	0	0	0	0	0	0	0	0	-2	0	5	0.1651	25	0.027258	0	0	0	0	0	0	0	0	0	0	0	0	0	1	0	0	0	0	8.744252
55	1	0	0	0	1	0	0	0	0	0	0	1	0	1	0	0	0	0	0	1	-2	0	9	0.2413	81	0.0582257	0	0	0	0	0	0	0	0	0	0	1	0	0	1	0	0	0	0	8.543419
55	1	1	0	0	1	0	0	0	1	0	0	0	0	0	0	0	0	0	0	0	0	0	8	0.2158999	64	0.0466128	0	0	0	0	0	0	0	0	0	0	0	0	0	0	0	0	0	0	8.673765
56	0	1	0	0	0	1	1	0	1	1	1	0	0	0	0	0	0	0	0	0	0	0	6	0.2286	36	0.052258	0	0	0	0	0	0	0	0	0	1	0	0	0	0	0	0	0	0	9.084176
56	0	0	0	0	1	0	1	0	0	1	0	0	0	0	0	0	0	0	0	1	-2	0	9	0.0508	81	0.0025806	0	0	0	0	0	0	0	0	-2	0	0	0	0	1	0	0	0	0	8.613906
56	0	1	0	0	1	0	0	0	1	1	0	0	0	1	0	0	0	0	0	0	0	0	8	0.0508	64	0.0025806	0	0	0	0	0	0	0	0	0	1	1	0	0	0	0	0	0	0	8.099738
56	0	0	0	0	1	0	0	0	0	1	1	0	0	0	0	0	0	0	0	1	-2	0	1	0.1015999	1	0.0103225	0	0	0	0	0	0	0	0	-2	0	0	0	0	1	0	0	0	0	8.395303
56	1	0	0	0	1	0	0	0	0	1	0	0	0	0	0	0	0	0	0	1	0	1	6	0.0918	36	0.0084272	0	0	0	0	0	0	0	0	1	0	0	0	0	0	0	0	0	0	9.307331
56	1	1	0	1	0	1	1	1	0	0	0	1	0	0	0	0	0	0	0	0	0	0	5	0	25	0	0	0	0	1.7018	0	0	0	0	0	1	0	0	0	0	0	0	0	0	9.266994
56	1	1	0	0	1	0	0	0	1	1	1	0	0	0	0	0	0	0	0	0	0	0	7	0.127	49	0.016129	0	0	0	0	0	0	0	0	0	1	0	0	0	0	0	0	0	0	8.733533
56	1	0	0	1	1	0	0	0	0	1	0	0	0	1	0	0	0	0	0	1	-3	0	8	0	64	0	0	0	0	1.7018	0	0	0	0	-3	0	1	0	0	0	1	0	0	0	8.612476
56	0	0	0	0	0	1	0	1	0	1	0	0	0	0	0	0	0	0	0	0	-4	0	6	0.1143	36	0.0130645	0	0	0	0	0	0	0	0	-4	0	0	0	0	0	0	1	0	0	8.991449
56	0	1	1	1	0	1	1	0	1	0	0	1	0	0	0	0	0	0	0	0	0	0	0	0	0	0	0	34	0	1.7018	0	0	0	0	0	1	0	0	0	0	0	0	0	0	7.95042
56	0	1	0	0	1	0	0	0	1	0	0	1	0	1	0	0	0	0	0	0	0	0	-1	0.0254	1	0.0006452	0	0	0	0	0	0	0	0	0	1	1	0	0	0	0	0	0	0	8.543419
56	0	1	1	1	0	1	1	0	1	0	0	1	0	0	0	0	0	0	0	0	0	0	0	0	0	0	0	34	0	1.7018	0	0	0	0	0	1	0	0	0	0	0	0	0	0	7.95042
56	0	0	0	0	1	0	1	0	1	1	1	0	0	0	0	0	0	0	0	0	-4	0	8	0.1015999	64	0.0103225	0	0	0	0	0	0	0	0	-4	0	0	0	0	0	0	1	0	0	8.973855
56	0	0	0	0	1	0	0	0	0	1	0	0	0	1	0	0	0	0	0	1	0	1	5	0.0762	25	0.0058064	0	0	0	0	0	0	0	0	1	0	1	0	0	0	0	0	0	0	8.530174
56	1	0	0	0	1	0	1	1	0	0	0	1	0	0	0	0	0	0	0	0	-3	0	10	0.127	100	0.016129	0	0	0	0	0	0	0	0	-3	0	0	0	0	0	1	0	0	0	8.332068
57	1	1	0	0	1	0	0	0	0	0	0	0	0	0	0	0	0	0	0	1	0	0	3	0.1777999	9	0.0316128	0	0	0	0	0	0	0	0	0	1	1	0	0	0	0	0	0	0	8.673765
57	1	0	0	0	3	0	0	0	0	1	1	0	0	0	0	0	0	0	0	1	0	4	3	0.127	9	0.016129	0	0	0	0	0	0	0	0	4	0	1	0	0	0	0	0	0	0	9.043353
57	0	0	0	0	1	0	0	0	0	0	0	0	0	0	0	0	0	0	0	1	0	0	2	0.1523999	4	0.0232257	0	0	0	0	0	0	0	0	0	0	1	0	0	0	1	0	0	0	8.673765
57	1	0	0	0	1	0	0	0	0	0	0	1	0	0	0	0	0	0	0	1	0	0	7	0.127	49	0.016129	0	0	0	0	0	0	0	0	0	0	1	0	0	0	1	0	0	0	8.099738
57	1	0	0	0	1	0	0	0	0	1	1	0	0	0	0	0	0	0	0	1	0	1	7	0.2032	49	0.0412902	0	0	0	0	0	0	0	0	1	0	1	0	0	1	0	0	0	0	8.673765
57	1	0	0	0	1	0	0	0	0	0	0	1	0	0	0	0	0	0	1	1	0	0	5	0.1015999	25	0.0103225	0	0	0	0	0	0	0	1	0	0	1	0	0	0	1	0	0	0	8.744252
57	0	0	0	0	1	0	0	0	0	0	0	0	0	0	0	0	0	0	0	1	0	1	2	0.1777999	4	0.0316128	0	0	0	0	0	0	0	0	1	0	1	0	0	1	0	0	0	0	7.980111
57	1	0	0	0	2	0	0	0	0	0	0	0	0	0	0	0	0	0	0	1	0	0	4	0.1015999	16	0.0103225	0	0	0	0	0	0	0	0	0	0	1	0	0	0	1	0	0	0	8.744252
57	1	0	0	1	1	0	0	0	0	1	1	0	0	0	0	0	0	0	0	1	-1	0	2	0	4	0	0	0	0	1.7526	0	0	0	0	-1	0	1	0	0	0	0	1	0	0	9.174689
57	1	1	0	0	1	0	0	0	0	1	1	0	0	0	0	0	0	0	0	1	0	0	4	0.2032	16	0.0412902	0	0	0	0	0	0	0	0	0	1	1	0	0	0	0	0	0	0	8.525649
57	1	0	0	0	0	1	0	0	0	0	0	0	0	0	0	0	0	0	0	1	0	1	3	0.1015999	9	0.0103225	0	0	0	0	0	0	0	0	1	0	1	0	0	1	0	0	0	0	8.613906
57	0	0	0	0	3	0	0	0	0	0	0	0	0	0	0	0	0	0	1	1	0	0	4	0.0762	16	0.0058064	0	0	0	0	0	0	0	1	0	0	0	0	0	0	1	0	0	0	8.525649
57	1	1	0	0	1	0	0	0	0	1	1	0	0	0	0	0	0	0	0	1	0	0	4	0.1523999	16	0.0232257	0	0	0	0	0	0	0	0	0	1	1	0	0	0	0	0	0	0	8.543419
57	1	0	0	0	3	0	0	0	0	0	0	0	0	0	0	0	0	0	0	1	0	0	4	0.1777999	16	0.0316128	0	0	0	0	0	0	0	0	0	0	1	0	0	0	1	0	0	0	8.543419
58	0	0	0	0	1	0	0	1	0	1	1	0	0	1	0	0	0	0	0	0	-2	0	7	0.1524	49	0.0232258	0	0	0	0	0	0	0	0	-2	0	1	0	0	0	1	0	0	0	8.543419
58	0	0	0	0	1	0	0	0	0	1	1	0	0	1	0	0	0	0	0	0	-1	0	5	0.1524	25	0.0232258	0	0	0	0	0	0	0	0	-1	0	1	0	0	1	0	0	0	0	8.673765
58	0	1	0	1	1	0	0	1	0	1	0	0	0	1	0	0	0	0	0	0	0	0	3	0	9	0	0	0	0	1.7018	0	0	0	0	0	1	1	0	0	0	0	0	0	0	8.673765
58	0	0	0	0	1	0	0	1	0	0	0	0	0	1	0	0	0	0	0	0	-3	0	4	0.0762	16	0.0058064	0	0	0	0	0	0	0	0	-3	0	1	0	0	0	0	1	0	0	8.744252
58	1	0	0	0	1	0	0	1	0	1	0	0	0	1	0	0	0	0	1	0	0	0	5	0.1015999	25	0.0103225	0	0	0	0	0	0	0	1	0	0	1	0	1	0	0	0	0	0	8.673765
58	0	0	0	0	3	0	0	1	0	0	0	0	0	1	0	0	0	0	0	0	-1	0	8	0.0762	64	0.0058064	0	0	0	0	0	0	0	0	-1	0	1	0	0	1	0	0	0	0	8.406195
58	1	0	0	0	1	0	0	1	0	1	0	0	0	0	0	0	0	0	1	0	0	0	5	0.0762	25	0.0058064	0	0	0	0	0	0	0	1	0	0	0	0	1	0	0	0	0	0	8.543419
58	0	0	0	0	1	0	0	0	0	1	1	0	0	1	0	0	0	0	0	0	-1	0	7	0.127	49	0.016129	0	0	0	0	0	0	0	0	-1	0	1	0	0	1	0	0	0	0	8.673765
58	1	0	0	0	1	0	0	1	0	1	1	0	0	1	0	0	0	0	1	0	0	0	4	0.0762	16	0.0058064	0	0	0	0	0	0	0	1	0	0	1	0	1	0	0	0	0	0	9.104201
58	0	0	0	0	1	0	0	1	0	1	1	0	0	1	0	0	0	0	0	0	0	0	4	0.127	16	0.016129	0	0	0	0	0	0	0	0	0	0	1	0	1	0	0	0	0	0	8.673765
58	0	1	0	0	1	0	0	0	0	1	0	0	0	1	0	0	0	0	0	0	0	0	4	0.127	16	0.016129	0	0	0	0	0	0	0	0	0	1	1	0	0	0	0	0	0	0	8.673765
58	1	0	0	0	1	0	0	1	0	1	0	0	0	0	0	0	0	0	1	0	0	0	4	0.1143	16	0.0130645	0	0	0	0	0	0	0	1	0	0	0	0	1	0	0	0	0	0	8.973855
58	1	0	0	0	2	0	0	1	0	0	0	0	0	0	0	0	0	0	1	0	0	0	7	0.1015999	49	0.0103225	0	0	0	0	0	0	0	1	0	0	0	0	1	0	0	0	0	0	8.543419
58	0	0	0	0	3	0	0	1	0	0	0	0	0	0	0	0	0	0	0	0	-1	0	5	0.1015999	25	0.0103225	0	0	0	0	0	0	0	0	-1	0	0	0	0	1	0	0	0	0	8.744252
58	0	1	0	0	1	0	0	0	0	0	0	1	0	1	0	0	0	0	0	0	0	0	3	0.1143	9	0.0130645	0	0	0	0	0	0	0	0	0	1	1	0	0	0	0	0	0	0	8.395303
59	0	0	0	0	1	0	1	0	0	0	0	0	0	0	0	0	0	0	1	0	0	0	7	0.1142999	49	0.0130645	0	0	0	0	0	0	0	1	0	0	0	0	0	1	0	0	0	0	8.673765
59	1	1	0	0	3	0	0	0	0	1	1	0	0	0	0	0	0	0	0	0	0	0	2	0.1142999	4	0.0130645	0	0	0	0	0	0	0	0	0	1	1	0	0	0	0	0	0	0	8.543419
59	1	0	0	0	1	0	1	1	0	0	0	1	0	0	0	0	0	0	1	0	0	0	3	0.1142999	9	0.0130645	0	0	0	0	0	0	0	1	0	0	0	0	0	1	0	0	0	0	9.084176
59	0	0	0	0	4	0	1	1	0	0	0	1	0	0	0	0	0	0	0	0	-2	0	4	0.0634999	16	0.0040322	0	0	0	0	0	0	0	0	-2	0	0	0	0	0	0	1	0	0	9.013688
59	1	1	0	0	1	0	0	0	0	0	0	1	0	0	0	0	0	0	0	0	0	0	7	0.0380999	49	0.0014516	0	0	0	0	0	0	0	0	0	1	1	0	0	0	0	0	0	0	8.395303
59	0	0	0	0	0	1	0	1	0	0	0	1	0	0	0	0	0	0	1	0	0	0	3	0.1396999	9	0.0195161	0	0	0	0	0	0	0	1	0	0	1	0	0	1	0	0	0	0	8.744252
59	1	0	0	0	1	0	1	1	0	1	0	0	0	0	0	0	0	0	1	0	0	0	4	0.1142999	16	0.0130645	0	0	0	0	0	0	0	1	0	0	0	0	0	1	0	0	0	0	8.525649
59	1	1	0	0	1	0	0	0	0	0	0	1	0	0	0	0	0	0	0	0	0	0	2	0.0634999	4	0.0040322	0	0	0	0	0	0	0	0	0	1	1	0	0	0	0	0	0	0	9.013688
59	0	0	0	0	0	1	1	0	0	0	0	1	0	0	0	0	0	0	0	0	-1	0	3	0.1142999	9	0.0130645	0	0	0	0	0	0	0	0	-1	0	0	0	0	0	1	0	0	0	8.543419
59	0	1	0	0	3	0	0	0	1	0	0	0	0	0	0	1	0	0	0	0	0	0	3	0.1142999	9	0.0130645	0	0	0	0	0	0	0	0	0	1	0	0	0	0	0	0	0	0	8.613906
59	0	1	0	0	1	0	1	0	1	1	0	0	0	0	0	1	0	0	0	0	0	0	3	0.0634999	9	0.0040322	0	0	0	0	0	0	0	0	0	1	0	0	0	0	0	0	0	0	9.307331
59	0	1	0	0	1	0	0	0	0	1	0	0	0	0	0	0	0	0	0	0	0	0	7	0.0508	49	0.0025806	0	0	0	0	0	0	0	0	0	1	1	0	0	0	0	0	0	0	8.543419
59	0	0	0	0	1	0	0	1	0	0	0	1	0	0	0	0	0	0	1	0	0	0	4	0.1142999	16	0.0130645	0	0	0	0	0	0	0	1	0	0	1	0	0	1	0	0	0	0	7.95042
59	0	0	0	0	1	0	0	0	0	0	0	1	0	0	0	0	0	0	1	0	0	0	6	0.0889	36	0.0079032	0	0	0	0	0	0	0	1	0	0	1	0	0	1	0	0	0	0	8.543419
59	0	0	0	0	3	0	1	0	1	1	0	0	0	0	0	1	0	0	1	0	0	0	3	0.0380999	9	0.0014516	0	0	0	0	0	0	0	1	0	0	0	0	0	1	0	0	0	0	8.543419
60	1	1	0	0	0	1	0	0	1	0	0	1	0	0	0	0	0	0	0	0	0	0	4	0.1015999	16	0.0103225	0	0	0	0	0	0	0	0	0	0	0	0	0	0	0	0	0	0	8.395303
60	0	1	0	0	1	0	1	0	0	0	0	1	0	0	1	0	0	0	0	0	0	0	5	0.0635	25	0.0040323	0	0	0	0	0	0	0	0	0	0	0	0	0	0	0	0	0	0	8.673765
60	0	1	0	0	1	0	0	0	0	1	0	0	0	0	0	0	0	0	0	0	0	0	0	0.0508	0	0.0025806	0	0	0	0	0	0	0	0	0	0	0	0	0	0	0	0	0	0	8.673765
60	0	1	0	0	1	0	0	0	0	0	0	0	0	0	0	0	0	0	0	0	0	0	4	0.1015999	16	0.0103225	0	0	0	0	0	0	0	0	0	0	1	0	0	0	0	0	0	0	9.444125
60	1	1	0	0	1	0	1	0	1	0	0	0	0	0	1	0	0	0	0	0	0	0	5	0.0762	25	0.0058064	0	0	0	0	0	0	0	0	0	0	0	0	0	0	0	0	0	0	8.613906
60	0	0	0	0	1	0	0	0	0	0	0	0	0	0	0	0	0	0	0	0	-3	0	0	0.0254	0	0.0006452	0	0	0	0	0	0	0	0	0	0	0	0	0	1	0	0	0	0	8.744252
60	0	1	0	0	1	0	1	0	1	0	0	0	0	0	1	0	0	0	0	0	0	0	2	0.1015999	4	0.0103225	0	0	0	0	0	0	0	0	0	0	0	0	0	0	0	0	0	0	7.95042
60	0	0	0	0	1	0	0	0	0	0	0	1	0	0	0	0	0	0	0	0	-3	0	3	0.0762	9	0.0058064	0	0	0	0	0	0	0	0	0	0	0	0	0	1	0	0	0	0	8.395303
60	0	1	0	0	1	0	0	0	0	0	0	0	0	0	0	0	0	0	0	0	0	0	7	0.0508	49	0.0025806	0	0	0	0	0	0	0	0	0	0	1	0	0	0	0	0	0	0	8.543419
60	1	1	0	0	1	0	1	0	1	0	0	0	0	0	1	0	0	0	0	0	0	0	6	0.1015999	36	0.0103225	0	0	0	0	0	0	0	0	0	0	0	0	0	0	0	0	0	0	8.543419
60	1	1	0	0	1	0	1	0	0	1	0	0	0	0	1	0	0	0	0	0	0	0	3	0.0508	9	0.0025806	0	0	0	0	0	0	0	0	0	0	0	0	0	0	0	0	0	0	8.543419
60	0	1	0	0	1	0	0	1	0	1	0	0	0	0	0	0	0	0	0	1	0	0	3	0.1015999	9	0.0103225	0	0	0	0	0	0	0	0	0	0	1	0	0	0	0	0	0	0	8.744252
60	0	1	0	0	0	1	0	1	0	0	0	1	0	0	0	0	0	0	0	1	0	0	2	0.127	4	0.016129	0	0	0	0	0	0	0	0	0	0	1	0	0	0	0	0	0	0	8.673765
60	0	0	0	0	1	0	0	1	0	0	0	1	0	0	0	0	0	0	1	1	0	0	0	0.127	0	0.016129	0	0	0	0	0	0	0	0	0	0	1	0	0	0	0	0	0	0	8.973855
60	1	1	0	0	0	1	1	0	1	0	0	1	0	0	1	0	0	0	0	0	0	0	5	0.1018	25	0.0103632	0	0	0	0	0	0	0	0	0	0	0	0	0	0	0	0	0	0	8.395303
61	0	1	0	1	1	0	1	0	1	1	0	0	0	0	0	0	0	0	0	0	0	0	6	0	36	0	0	0	0	1.6764	0	0	0	0	0	0	0	0	0	0	0	0	0	0	8.099738
61	1	0	0	0	1	0	1	1	0	0	0	0	0	0	0	0	0	0	0	1	0	0	10	0.0889	100	0.0079032	0	0	0	0	0	0	0	0	0	0	0	0	0	0	1	0	0	0	8.744252
61	0	0	0	0	1	0	1	0	0	1	0	0	0	0	0	0	0	0	0	0	0	1	8	0.1015999	64	0.0103225	0	0	0	0	0	0	0	0	0	0	0	0	0	1	0	0	0	0	8.099738
61	0	0	0	0	1	0	0	0	0	0	0	1	0	1	0	0	0	0	1	0	0	0	6	0.1523999	36	0.0232257	0	0	0	0	0	0	0	0	0	0	1	0	0	0	1	0	0	0	8.744252
61	1	0	0	0	0	1	0	1	0	0	0	0	0	0	0	0	0	0	0	1	-1	0	7	0.0761999	49	0.0058064	0	0	0	0	0	0	0	0	0	0	0	0	0	0	0	1	0	0	8.956086
61	0	1	0	0	1	0	1	0	1	0	0	1	0	0	0	0	0	0	0	0	0	0	7	0.0889	49	0.0079032	0	0	0	0	0	0	0	0	0	0	0	0	0	0	0	0	0	0	8.989017
61	1	1	0	0	4	0	0	0	1	0	0	1	0	1	0	0	0	0	0	0	0	0	6	0.1015999	36	0.0103225	0	0	0	0	0	0	0	0	0	0	1	0	0	0	0	0	0	0	8.673765
61	0	1	0	0	4	0	0	0	1	0	0	1	0	1	0	0	0	0	0	0	0	0	8	0.0761999	64	0.0058064	0	0	0	0	0	0	0	0	0	0	1	0	0	0	0	0	0	0	8.989017
61	0	0	0	0	0	1	0	1	0	1	0	0	0	1	0	0	0	0	0	1	0	0	6	0.1015999	36	0.0103225	0	0	0	0	0	0	0	0	0	0	1	0	0	0	1	0	0	0	8.673765
61	1	0	0	0	1	0	1	1	0	0	0	0	0	0	0	0	0	0	0	1	0	2	9	0.127	81	0.016129	0	0	0	0	0	0	0	0	0	0	0	0	1	0	0	0	0	0	8.099738
61	0	0	0	1	1	0	0	0	1	1	0	0	0	1	0	0	0	0	0	0	0	0	6	0	36	0	0	0	0	1.6764	0	0	0	0	0	0	1	0	0	0	1	0	0	0	8.525649
61	0	0	0	0	1	0	0	0	0	1	1	0	0	1	0	0	0	0	1	0	0	0	6	0.1777999	36	0.0316128	0	0	0	0	0	0	0	0	0	0	1	0	0	0	1	0	0	0	8.612476
61	1	0	0	0	3	0	0	1	0	0	0	1	0	0	0	0	0	0	0	1	0	4	7	0.0381	49	0.0014516	0	0	0	0	0	0	0	0	0	0	0	0	0	0	0	0	0	0	8.673765
61	0	0	0	0	1	0	1	1	0	0	0	0	0	0	0	0	0	0	0	1	-3	0	4	0.127	16	0.016129	0	0	0	0	0	0	0	0	0	0	0	0	0	0	0	0	0	1	8.673765
61	0	0	0	0	1	0	0	0	0	0	0	0	0	1	0	0	0	0	1	0	0	0	8	0.0761999	64	0.0058064	0	0	0	0	0	0	0	0	0	0	1	0	0	0	1	0	0	0	9.043935
63	0	0	0	0	1	0	0	0	0	0	0	1	0	0	0	0	0	0	1	0	0	0	5	0.1777999	25	0.0316128	0	0	0	0	0	0	0	0	0	0	0	0	0	0	0	0	0	1	8.673765
63	1	0	0	0	4	0	1	1	0	0	0	1	0	0	1	0	0	0	0	0	0	5	5	0.127	25	0.016129	0	0	0	0	0	0	0	0	0	0	0	0	1	0	0	0	0	0	9.044342
63	0	0	0	0	1	0	0	0	0	1	0	0	0	0	0	0	0	0	1	0	0	0	7	0.1904999	49	0.0362902	0	0	0	0	0	0	0	0	0	0	0	0	0	0	0	0	0	1	8.673765
63	0	0	0	0	1	0	1	0	1	0	0	1	0	0	1	1	0	0	1	0	0	0	4	0.127	16	0.016129	0	0	0	0	0	0	0	0	0	0	0	0	0	0	0	0	0	1	8.673765
63	0	0	0	0	3	0	0	0	0	0	0	0	0	0	0	0	0	0	1	0	0	0	9	0.1777999	81	0.0316128	0	0	0	0	0	0	0	0	0	0	1	0	0	0	0	0	0	1	8.673765
63	0	1	0	0	1	0	0	0	0	0	0	1	0	0	0	0	0	0	0	0	0	0	3	0.1523999	9	0.0232257	0	0	0	0	0	0	0	0	0	0	0	0	0	0	0	0	0	0	8.973855
63	0	0	0	0	1	0	0	1	0	0	0	1	0	0	0	0	0	0	0	0	0	3	6	0.1904999	36	0.0362902	0	0	0	0	0	0	0	0	0	0	0	0	0	0	1	0	0	0	8.779557
63	0	0	0	0	1	0	0	0	0	1	0	0	0	0	0	0	0	0	1	0	0	0	7	0.1523999	49	0.0232257	0	0	0	0	0	0	0	0	0	0	1	0	0	0	0	0	0	1	8.612476
63	0	0	0	0	0	1	0	0	1	0	0	0	0	0	0	1	0	0	0	0	0	3	8	0.1015999	64	0.0103225	0	0	0	0	0	0	0	0	0	0	0	0	0	0	1	0	0	0	8.673765
63	0	0	0	0	1	0	0	0	1	0	0	1	0	0	0	1	0	0	1	0	0	0	5	0.1777999	25	0.0316128	0	0	0	0	0	0	0	0	0	0	0	0	0	0	0	0	0	1	8.673765
63	0	0	0	0	1	0	0	1	0	0	0	0	0	0	0	0	0	0	0	0	0	3	7	0.1777999	49	0.0316128	0	0	0	0	0	0	0	0	0	0	0	0	0	0	1	0	0	0	8.673765
65	0	0	0	0	1	0	0	0	0	1	0	0	0	1	0	0	0	0	0	0	0	2	3	0.2539999	9	0.064516	0	0	0	0	0	0	0	0	2	0	1	0	0	1	0	0	0	0	8.543419
65	0	1	0	0	2	0	0	0	1	0	0	0	0	0	0	0	0	0	0	0	0	0	5	0.2285999	25	0.0522579	0	0	0	0	0	0	0	0	0	1	0	0	0	0	0	0	0	0	8.673765
65	1	1	0	0	1	0	1	0	1	0	0	0	0	0	0	0	0	0	0	0	0	0	4	0.1524	16	0.0232258	0	0	0	0	0	0	0	0	0	1	0	0	0	0	0	0	0	0	8.613906
65	0	0	0	0	1	0	0	1	0	1	0	0	0	1	0	0	0	0	1	1	0	0	4	0.2539999	16	0.064516	0	0	0	0	0	0	0	1	0	0	1	0	0	0	0	1	0	0	8.525649
65	1	0	0	0	1	0	0	1	0	0	0	1	0	1	0	0	0	0	0	1	0	1	5	0.2032	25	0.0412902	0	0	0	0	0	0	0	0	1	0	1	0	0	0	1	0	0	0	8.525649
65	0	1	0	0	2	0	0	1	0	1	0	0	0	1	0	0	0	0	0	1	0	0	2	0.2285999	4	0.0522579	0	0	0	0	0	0	0	0	0	1	1	0	0	0	0	0	0	0	8.543419
65	0	0	0	0	1	0	1	1	0	0	0	0	0	0	0	0	0	0	1	1	0	0	3	0.2032	9	0.0412902	0	0	0	0	0	0	0	1	0	0	0	0	0	0	0	1	0	0	8.744252
65	0	0	0	0	0	1	0	0	1	0	0	1	0	1	0	0	0	0	1	0	0	0	6	0.2032	36	0.0412902	0	0	0	0	0	0	0	1	0	0	1	0	0	0	0	1	0	0	9.437678
65	0	0	0	0	1	0	1	1	0	1	0	0	0	0	0	0	0	0	1	1	0	0	6	0.2413	36	0.0582257	0	0	0	0	0	0	0	1	0	0	0	0	0	0	0	1	0	0	8.744252
65	0	0	0	0	1	0	1	0	1	0	0	1	0	0	0	0	0	0	0	0	0	2	2	0.1143	4	0.0130645	0	0	0	0	0	0	0	0	2	0	0	0	0	1	0	0	0	0	9.174689
65	0	0	0	0	1	0	1	1	0	1	0	0	0	0	0	0	0	0	1	1	0	0	6	0.2413	36	0.0582257	0	0	0	0	0	0	0	1	0	0	0	0	0	0	0	1	0	0	8.673765
65	0	0	0	0	1	0	0	1	0	0	0	1	0	1	0	0	0	0	0	1	0	5	2	0.2158999	4	0.0466128	0	0	0	0	0	0	0	0	5	0	1	0	0	0	0	0	0	0	8.395303
65	1	0	0	0	1	0	0	1	0	0	0	0	0	1	0	0	0	0	1	1	0	0	4	0.2285999	16	0.0522579	0	0	0	0	0	0	0	1	0	0	1	0	0	0	0	1	0	0	8.673765
65	1	1	0	0	1	0	1	0	1	0	0	1	0	0	0	0	0	0	0	0	0	0	6	0.2032	36	0.0412902	0	0	0	0	0	0	0	0	0	1	0	0	0	0	0	0	0	0	8.543419
65	1	0	0	0	1	0	1	1	0	0	0	1	0	0	0	0	0	0	1	1	0	0	5	0.2285999	25	0.0522579	0	0	0	0	0	0	0	1	0	0	0	0	0	0	0	1	0	0	8.673765
69	1	0	0	0	1	0	1	1	0	0	0	1	0	0	1	0	0	0	1	1	0	0	4	0	16	0	0	0	0	0	0	0	0	0	0	0	0	0	0	1	0	0	0	0	8.673765
69	0	0	0	0	1	0	0	1	0	0	0	1	0	0	0	0	0	0	1	1	0	0	7	0.0508	49	0.0025806	0	0	0	0	0	0	0	0	0	0	1	0	0	1	0	0	0	0	9.968267
69	0	0	0	0	2	0	0	0	0	0	0	1	0	0	0	0	0	0	1	0	0	0	3	0.0508	9	0.0025806	0	0	0	0	0	0	0	0	0	0	0	0	0	1	0	0	0	0	8.673765
69	1	0	0	0	1	0	0	0	0	1	0	0	0	0	0	0	0	0	1	0	0	0	6	0.0508	36	0.0025806	0	0	0	0	0	0	0	0	0	0	0	0	0	1	0	0	0	0	8.673765
69	0	0	0	0	1	0	0	0	1	1	1	0	0	0	0	0	0	0	0	0	0	3	4	-0.0254	16	0.0006452	0	0	0	0	0	0	0	0	0	0	1	0	0	0	0	0	0	0	8.612476
69	0	0	0	0	1	0	1	1	0	1	0	0	0	0	1	0	0	0	1	1	0	0	12	0.0508	144	0.0025806	0	0	0	0	0	0	0	0	0	0	0	0	0	1	0	0	0	0	8.099738
69	0	0	0	0	1	0	0	1	0	0	0	1	0	0	0	0	0	0	1	1	0	0	6	0	36	0	0	0	0	0	0	0	0	0	0	0	1	0	0	1	0	0	0	0	8.744252
69	0	0	0	0	1	0	1	0	0	1	0	0	0	0	1	0	0	0	1	0	0	0	10	0.0508	100	0.0025806	0	0	0	0	0	0	0	0	0	0	0	0	0	1	0	0	0	0	8.863879
69	1	1	1	0	0	1	1	1	0	0	0	1	0	0	1	0	0	0	0	1	0	0	0	-0.0254	0	0.0006452	0	34	0	0	0	0	0	0	0	0	0	0	0	0	0	0	0	0	8.525649
69	1	1	0	0	3	0	1	1	0	0	0	0	0	0	1	0	0	0	0	1	0	0	7	0.0508	49	0.0025806	0	0	0	0	0	0	0	0	0	0	0	0	0	0	0	0	0	0	8.543419
69	0	0	0	0	3	0	0	1	0	0	0	1	0	0	0	0	0	0	1	1	0	0	7	0	49	0	0	0	0	0	0	0	0	0	0	0	1	0	0	1	0	0	0	0	8.525649
69	1	0	0	0	1	0	0	1	0	1	0	0	0	0	0	0	0	0	1	1	0	0	5	0.0508	25	0.0025806	0	0	0	0	0	0	0	0	0	0	0	0	0	1	0	0	0	0	8.673765
69	0	1	0	0	1	0	1	0	1	1	1	0	0	0	1	0	0	0	0	0	0	0	6	0.0254	36	0.0006452	0	0	0	0	0	0	0	0	0	0	0	0	0	0	0	0	0	0	8.673765
69	0	1	0	0	3	0	0	0	1	0	0	1	0	0	0	0	0	0	0	0	0	0	5	-0.0762	25	0.0058064	0	0	0	0	0	0	0	0	0	0	0	0	0	0	0	0	0	0	8.543419
69	0	0	0	0	2	0	0	1	0	0	0	1	0	0	0	0	0	0	1	1	0	0	4	0.0254	16	0.0006452	0	0	0	0	0	0	0	0	0	0	0	0	0	1	0	0	0	0	8.673765
73	1	0	0	0	1	0	0	1	0	0	0	0	0	1	0	0	0	0	1	0	0	0	3	0.2158999	9	0.0466128	0	0	0	0	0	0	0	0	0	0	1	0	0	1	0	0	0	0	8.543419
73	0	0	0	0	1	0	0	0	0	1	0	0	0	1	0	0	0	0	1	1	0	0	2	0.3175	4	0.1008062	0	0	0	0	0	0	0	0	0	0	1	0	0	1	0	0	0	0	8.673765
73	0	1	0	0	1	0	0	1	0	0	0	0	0	1	0	0	0	0	0	0	0	0	6	0.2666999	36	0.0711288	0	0	0	0	0	0	0	0	0	0	1	0	0	0	0	0	0	0	8.744252
73	0	0	0	0	1	0	0	0	0	0	0	0	0	1	0	0	0	0	1	1	0	0	4	0.2666999	16	0.0711288	0	0	0	0	0	0	0	0	0	0	1	0	0	1	0	0	0	0	8.983494
73	1	0	0	0	1	0	0	0	0	1	1	0	0	1	0	0	0	0	0	1	0	2	4	0.2032	16	0.0412902	0	0	0	0	0	0	0	0	0	0	1	1	0	0	0	0	0	0	8.673765
73	0	0	0	0	1	0	0	0	1	0	0	1	0	1	0	0	0	0	0	0	0	3	6	0.2286	36	0.052258	0	0	0	0	0	0	0	0	0	0	1	0	0	0	0	0	0	0	8.673765
73	0	1	0	0	1	0	0	0	0	0	0	1	0	1	0	0	0	0	0	1	0	0	4	0.2666999	16	0.0711288	0	0	0	0	0	0	0	0	0	0	1	0	0	0	0	0	0	0	9.174689
73	0	0	0	0	1	0	0	0	0	0	0	1	0	1	0	0	0	0	0	1	0	2	2	0.2413	4	0.0582257	0	0	0	0	0	0	0	0	0	0	1	1	0	0	0	0	0	0	9.437678
73	1	1	0	0	1	0	0	1	0	0	0	0	0	1	0	0	0	0	0	0	0	0	4	0.2158999	16	0.0466128	0	0	0	0	0	0	0	0	0	0	1	0	0	0	0	0	0	0	8.543419
73	1	0	0	0	1	0	0	0	0	0	0	0	0	1	0	0	0	0	1	1	0	0	4	0.2158999	16	0.0466128	0	0	0	0	0	0	0	0	0	0	1	0	0	1	0	0	0	0	8.525649
73	0	0	0	0	1	0	0	0	0	0	0	1	0	1	0	0	0	0	1	1	0	0	4	0.2032	16	0.0412902	0	0	0	0	0	0	0	0	0	0	1	0	0	1	0	0	0	0	8.744252
73	0	0	0	0	1	0	0	0	0	0	0	1	0	1	0	0	0	0	0	1	-1	0	2	0.2666999	4	0.0711288	0	0	0	0	0	0	0	0	0	0	1	0	0	0	1	0	0	0	7.909623
73	0	1	0	0	1	0	0	0	0	0	0	0	0	1	0	0	0	0	0	1	0	0	2	0.2413	4	0.0582257	0	0	0	0	0	0	0	0	0	0	1	0	0	0	0	0	0	0	8.673765
73	1	1	0	0	1	0	0	0	0	1	0	0	0	1	0	0	0	0	0	1	0	0	6	0.2158999	36	0.0466128	0	0	0	0	0	0	0	0	0	0	1	0	0	0	0	0	0	0	8.673765
73	0	0	0	0	1	0	0	1	0	0	0	0	0	1	0	0	0	0	1	0	0	0	6	0.2666999	36	0.0711288	0	0	0	0	0	0	0	0	0	0	1	0	0	1	0	0	0	0	9.355217
74	0	0	0	0	2	0	0	0	0	1	0	0	0	0	0	0	0	0	0	1	-1	0	8	0.1523999	64	0.0232257	0	0	0	0	0	0	0	0	-1	0	0	0	0	1	0	0	0	0	8.612476
74	0	0	0	0	1	0	0	0	0	0	0	0	0	1	0	0	0	0	0	1	-1	0	4	0.1396999	16	0.0195161	0	0	0	0	0	0	0	0	-1	0	1	0	0	1	0	0	0	0	8.673765
74	0	0	0	0	1	0	0	0	0	0	0	0	0	1	0	0	0	0	0	1	-1	0	4	0.2285999	16	0.0522579	0	0	0	0	0	0	0	0	-1	0	1	0	0	1	0	0	0	0	8.744252
74	1	0	0	0	1	0	0	0	0	1	0	0	0	1	0	0	0	0	0	1	-2	0	4	0.1777999	16	0.0316128	0	0	0	0	0	0	0	0	-2	0	1	0	0	0	1	0	0	0	8.543419
74	1	0	0	0	1	0	0	1	0	0	0	1	0	0	0	0	0	0	0	0	-3	0	9	0.22225	81	0.0493951	0	0	0	0	0	0	0	0	-3	0	0	0	0	0	0	1	0	0	8.673765
74	0	0	0	0	1	0	0	1	0	0	0	1	0	0	0	0	0	0	0	0	-3	0	7	0.1523999	49	0.0232257	0	0	0	0	0	0	0	0	-3	0	0	0	0	0	0	1	0	0	8.744252
74	1	0	0	0	1	0	0	1	0	0	0	0	0	0	0	0	0	0	0	0	0	2	6	0.1777999	36	0.0316128	0	0	0	0	0	0	0	0	2	0	0	0	0	0	0	0	0	0	8.613906
74	1	1	0	0	1	0	1	0	1	0	0	1	0	0	0	0	0	0	0	0	0	0	2	0.127	4	0.016129	0	0	0	0	0	0	0	0	0	1	0	0	0	0	0	0	0	0	8.673765
74	0	1	0	1	4	0	0	0	1	0	0	1	0	0	0	0	0	0	0	0	0	0	6	0	36	0	0	0	0	1.7526	0	0	0	0	0	1	0	0	0	0	0	0	0	0	8.744252
74	0	0	0	0	2	0	0	1	0	0	0	1	0	1	0	0	0	0	1	0	0	0	7	0.2794	49	0.0780644	0	0	0	0	0	0	0	1	0	0	1	0	1	0	0	0	0	0	8.099738
74	0	0	0	0	2	0	1	1	0	0	0	1	0	0	0	0	0	0	0	0	-3	0	2	0.2285999	4	0.0522579	0	0	0	0	0	0	0	0	-3	0	0	0	0	0	0	1	0	0	9.044342
74	0	0	0	0	0	1	0	0	0	0	0	1	0	0	0	0	0	0	0	1	-1	0	2	0.1777999	4	0.0316128	0	0	0	0	0	0	0	0	-1	0	0	0	0	1	0	0	0	0	8.673765
74	1	0	0	0	1	0	0	0	1	1	1	0	0	1	0	0	0	0	0	0	-1	0	8	0.1015999	64	0.0103225	0	0	0	0	0	0	0	0	-1	0	1	0	0	1	0	0	0	0	8.525649
74	0	0	0	0	1	0	1	1	0	0	0	1	0	0	0	0	0	0	0	0	-2	0	3	0.1015999	9	0.0103225	0	0	0	0	0	0	0	0	-2	0	0	0	0	0	1	0	0	0	8.613906
74	0	0	0	0	0	1	0	1	0	0	0	0	0	1	0	0	0	0	0	0	-1	0	1	0.1523999	1	0.0232257	0	0	0	0	0	0	0	0	-1	0	1	0	0	1	0	0	0	0	8.673765
78	1	0	0	0	1	0	0	0	0	1	0	0	0	0	0	0	0	0	1	0	0	0	8	0.1905	64	0.0362903	0	0	0	0	0	0	0	0	0	0	1	0	0	0	0	0	0	0	8.673765
78	1	1	0	0	1	0	0	0	0	1	1	0	0	0	0	0	0	0	0	0	0	0	8	0.1524	64	0.0232258	0	0	0	0	0	0	0	0	0	0	1	0	0	0	0	0	0	0	8.673765
78	0	1	0	0	0	1	1	1	0	0	0	0	0	0	1	0	0	0	0	0	0	0	9	0.1524	81	0.0232258	0	0	0	0	0	0	0	0	0	0	0	0	0	0	0	0	0	0	8.525649
78	0	1	0	0	1	0	1	0	1	1	0	0	0	0	1	1	0	0	0	0	0	0	7	0.1777999	49	0.0316128	0	0	0	0	0	0	0	0	0	0	0	0	0	0	0	0	0	0	8.673765
78	0	1	0	0	3	0	0	0	1	0	0	1	0	0	0	1	0	0	0	0	0	0	4	0.1777999	16	0.0316128	0	0	0	0	0	0	0	0	0	0	1	0	0	0	0	0	0	0	8.744252
78	0	1	0	0	1	0	0	0	1	1	0	0	0	0	0	1	0	0	0	0	0	0	7	0.2286	49	0.052258	0	0	0	0	0	0	0	0	0	0	1	0	0	0	0	0	0	0	8.673765
78	1	0	0	0	1	0	1	1	0	1	1	0	0	0	1	0	0	0	1	0	0	0	8	0.2032	64	0.0412902	0	0	0	0	0	0	0	0	0	0	0	0	0	0	0	0	0	0	8.673765
78	0	0	0	0	1	0	1	0	1	0	0	1	0	0	1	1	0	0	1	0	0	0	7	0.1777999	49	0.0316128	0	0	0	0	0	0	0	0	0	0	0	0	0	0	0	0	0	0	8.744252
78	0	1	0	0	1	0	0	0	0	0	0	1	0	0	0	0	0	0	0	0	0	0	8	0.1777999	64	0.0316128	0	0	0	0	0	0	0	0	0	0	1	0	0	0	0	0	0	0	8.543419
78	1	0	0	0	1	0	1	0	0	0	0	1	0	0	1	0	0	0	1	0	0	0	7	0.127	49	0.016129	0	0	0	0	0	0	0	0	0	0	0	0	0	0	0	0	0	0	8.744252
78	1	0	0	0	1	0	1	1	0	1	0	0	0	0	1	0	0	0	1	0	0	0	9	0.127	81	0.016129	0	0	0	0	0	0	0	0	0	0	0	0	0	0	0	0	0	0	8.744252
78	0	1	0	0	1	0	0	1	0	0	0	1	0	0	0	0	0	0	0	0	0	0	7	0.2032	49	0.0412902	0	0	0	0	0	0	0	0	0	0	0	0	0	0	0	0	0	0	8.673765
78	0	1	0	0	0	1	1	1	0	0	0	1	0	0	1	0	0	0	0	0	0	0	7	0.2158999	49	0.0466128	0	0	0	0	0	0	0	0	0	0	0	0	0	0	0	0	0	0	9.104201
78	0	0	0	0	1	0	0	0	0	1	0	0	0	0	0	0	0	0	1	0	0	0	3	0.0762	9	0.0058064	0	0	0	0	0	0	0	0	0	0	0	0	0	0	0	0	0	0	8.673765
78	0	1	0	0	1	0	1	0	1	0	0	0	0	0	1	1	0	0	0	0	0	0	5	0.127	25	0.016129	0	0	0	0	0	0	0	0	0	0	0	0	0	0	0	0	0	0	9.377819
80	0	0	0	0	2	0	1	0	1	0	0	1	0	0	1	0	0	0	1	0	0	0	9	0.0508	81	0.0025806	0	0	0	0	0	0	0	0	0	0	0	0	0	1	0	0	0	0	8.099738
80	1	0	0	0	1	0	0	0	0	0	0	1	0	0	0	0	0	0	1	1	0	0	4	0.0761999	16	0.0058064	0	0	0	0	0	0	0	0	0	0	1	0	0	1	0	0	0	0	8.673765
80	0	0	0	0	2	0	0	0	0	0	0	0	0	0	0	0	0	0	1	1	0	0	5	0.1015999	25	0.0103225	0	0	0	0	0	0	0	0	0	0	1	0	0	1	0	0	0	0	8.099738
80	1	0	0	1	2	0	0	0	0	0	0	0	0	0	0	0	0	0	1	1	0	0	4	0	16	0	0	0	0	1.6764	0	0	0	0	0	0	0	0	0	1	0	0	0	0	8.612476
80	0	0	0	0	2	0	0	0	0	1	0	0	0	0	0	0	0	0	1	1	0	0	5	0.1523999	25	0.0232257	0	0	0	0	0	0	0	0	0	0	1	0	0	1	0	0	0	0	8.099738
80	0	1	0	0	1	0	0	0	0	1	0	0	0	0	0	0	0	0	0	1	0	0	6	0.1523999	36	0.0232257	0	0	0	0	0	0	0	0	0	0	1	0	0	0	0	0	0	0	8.863879
80	1	1	0	1	0	1	0	0	0	0	0	1	0	0	0	0	0	0	0	1	0	0	6	0	36	0	0	0	0	1.6764	0	0	0	0	0	0	1	0	0	0	0	0	0	0	7.95042
80	1	0	0	0	3	0	0	0	0	0	0	1	0	0	0	0	0	0	1	1	0	0	8	0.1523999	64	0.0232257	0	0	0	0	0	0	0	0	0	0	1	0	0	1	0	0	0	0	8.673765
80	0	1	1	1	0	1	0	0	1	0	0	1	0	0	0	0	0	0	0	0	0	0	0	0	0	0	0	32	0	1.6764	0	0	0	0	0	0	1	0	0	0	0	0	0	0	7.95042
80	0	0	0	0	1	0	0	0	0	0	0	1	0	0	0	0	0	0	1	1	0	0	7	0.0761999	49	0.0058064	0	0	0	0	0	0	0	0	0	0	1	0	0	1	0	0	0	0	8.099738
80	1	1	0	0	3	0	0	0	0	0	0	0	0	0	0	0	0	0	0	1	0	0	5	0.1015999	25	0.0103225	0	0	0	0	0	0	0	0	0	0	0	0	0	0	0	0	0	0	8.673765
80	0	0	0	0	3	0	0	0	0	0	0	1	0	0	0	0	0	0	0	1	-1	0	5	0.1523999	25	0.0232257	0	0	0	0	0	0	0	0	0	0	0	0	0	0	1	0	0	0	8.099738
80	0	1	0	0	0	1	0	0	0	0	0	1	0	0	0	0	0	0	0	1	0	0	5	0.127	25	0.016129	0	0	0	0	0	0	0	0	0	0	1	0	0	0	0	0	0	0	8.530174
83	1	0	0	0	1	0	0	0	0	1	0	0	0	0	0	0	0	0	1	1	0	0	5	0.1524	25	0.0232258	0	0	0	0	0	0	0	0	0	0	0	0	0	1	0	0	0	0	8.673765
83	0	1	0	0	0	1	0	0	0	0	0	1	0	0	0	0	0	0	0	1	0	0	7	0.127	49	0.016129	0	0	0	0	0	0	0	0	0	0	0	0	0	0	0	0	0	0	8.673765
83	1	0	0	0	1	0	0	0	0	0	0	0	0	1	0	0	0	0	1	1	0	0	5	0.0762	25	0.0058064	0	0	0	0	0	0	0	0	0	0	1	0	0	1	0	0	0	0	8.673765
83	0	1	0	0	3	0	0	0	0	0	0	0	0	1	0	0	0	0	0	1	0	0	3	0.1143	9	0.0130645	0	0	0	0	0	0	0	0	0	0	1	0	0	0	0	0	0	0	9.267165
83	0	0	0	0	1	0	1	1	0	0	0	0	0	0	0	0	0	0	1	0	0	0	10	0.1778001	100	0.0316129	0	0	0	0	0	0	0	0	0	0	0	0	0	1	0	0	0	0	8.099738
83	0	0	0	0	1	0	0	0	0	0	0	1	0	1	0	0	0	0	1	1	0	0	7	0.1778001	49	0.0316129	0	0	0	0	0	0	0	0	0	0	1	0	0	1	0	0	0	0	7.95042
83	1	0	0	0	1	0	0	0	0	1	0	0	0	0	0	0	0	0	1	1	0	0	4	0.127	16	0.016129	0	0	0	0	0	0	0	0	0	0	0	0	0	1	0	0	0	0	8.673765
83	0	0	0	0	1	0	0	1	0	0	0	1	0	1	0	0	0	0	1	0	0	0	3	0.1016001	9	0.0103226	0	0	0	0	0	0	0	0	0	0	1	0	0	1	0	0	0	0	8.543419
83	0	0	0	0	1	0	0	1	0	0	0	0	0	0	0	0	0	0	1	0	0	0	7	0.1397001	49	0.0195161	0	0	0	0	0	0	0	0	0	0	0	0	0	1	0	0	0	0	8.673765
83	0	1	0	0	2	0	0	0	0	0	0	1	0	0	0	0	0	0	0	1	0	0	6	0.1016001	36	0.0103226	0	0	0	0	0	0	0	0	0	0	0	0	0	0	0	0	0	0	8.543419
83	0	0	0	0	1	0	0	0	0	0	0	0	0	1	0	0	0	0	1	1	0	0	7	0.127	49	0.016129	0	0	0	0	0	0	0	0	0	0	1	0	0	1	0	0	0	0	8.673765
83	0	1	0	0	2	0	1	0	0	0	0	1	0	0	0	0	0	0	0	1	0	0	6	0.1524	36	0.0232258	0	0	0	0	0	0	0	0	0	0	0	0	0	0	0	0	0	0	8.673765
83	1	0	0	0	0	1	0	0	0	0	0	1	0	1	0	0	0	0	1	1	0	0	5	0.1524	25	0.0232258	0	0	0	0	0	0	0	0	0	0	1	0	0	1	0	0	0	0	8.673765
83	1	0	0	0	1	0	0	0	0	1	0	0	0	1	0	0	0	0	1	1	0	0	7	0.1778001	49	0.0316129	0	0	0	0	0	0	0	0	0	0	1	0	0	1	0	0	0	0	8.543419
83	0	0	0	0	1	0	1	0	0	1	0	0	0	0	0	0	0	0	1	1	0	0	8	0.1016001	64	0.0103226	0	0	0	0	0	0	0	0	0	0	0	0	0	1	0	0	0	0	8.673765
84	0	0	0	0	1	0	0	1	0	0	0	1	0	1	0	0	0	0	1	0	0	0	11	0.0297999	121	0.000888	0	0	0	0	0	0	0	0	0	0	1	0	0	0	0	1	0	0	8.744252
84	0	0	0	0	4	0	0	0	0	0	0	0	0	0	0	0	0	0	0	0	0	2	3	0.0806	9	0.0064964	0	0	0	0	0	0	0	0	0	0	0	0	0	1	0	0	0	0	8.673765
84	0	1	0	0	1	0	1	0	1	0	0	1	0	0	0	1	0	0	0	0	0	0	7	0.0297999	49	0.000888	0	0	0	0	0	0	0	0	0	0	0	0	0	0	0	0	0	0	7.95042
84	0	0	0	0	0	1	0	0	1	0	0	1	0	0	0	1	0	0	1	0	0	0	8	0.0552	64	0.003047	0	0	0	0	0	0	0	0	0	0	0	0	0	0	0	1	0	0	8.744252
84	0	0	0	0	1	0	1	0	1	1	1	0	0	0	0	1	0	0	1	0	0	0	9	0.0044	81	0.0000194	0	0	0	0	0	0	0	0	0	0	0	0	0	0	0	1	0	0	8.744252
84	1	1	0	0	0	1	0	0	1	0	0	1	0	1	0	1	0	0	0	0	0	0	12	0.0678999	144	0.0046104	0	0	0	0	0	0	0	0	0	0	1	0	0	0	0	0	0	0	9.104201
84	1	0	0	0	0	1	0	0	0	1	0	0	0	1	0	0	0	0	0	0	0	1	4	0.0806	16	0.0064964	0	0	0	0	0	0	0	0	0	0	1	0	0	0	1	0	0	0	8.744252
84	0	0	0	0	1	0	0	0	1	1	0	0	0	1	0	1	0	0	1	0	0	0	3	0.0806	9	0.0064964	0	0	0	0	0	0	0	0	0	0	1	0	0	0	0	1	0	0	8.673765
84	0	0	0	0	0	1	1	1	0	0	0	1	0	0	0	0	0	0	0	0	0	1	5	0.0552	25	0.003047	0	0	0	0	0	0	0	0	0	0	0	0	0	0	1	0	0	0	8.525649
84	0	1	0	0	0	1	0	1	0	0	0	1	0	0	0	0	0	0	0	0	0	0	5	0.0044	25	0.0000194	0	0	0	0	0	0	0	0	0	0	0	0	0	0	0	0	0	0	8.744252
84	0	0	0	0	4	0	0	1	0	0	0	1	0	1	0	0	0	0	1	0	0	0	8	0.0297999	64	0.000888	0	0	0	0	0	0	0	0	0	0	1	0	0	0	0	1	0	0	8.673765
84	0	0	0	0	0	1	0	1	0	0	0	1	0	0	0	0	0	0	1	0	0	0	8	0.0806	64	0.0064964	0	0	0	0	0	0	0	0	0	0	0	0	0	0	0	1	0	0	8.744252
85	1	0	0	0	1	0	0	1	0	0	0	1	0	0	0	0	0	0	1	0	0	0	4	0.0508	16	0.0025806	0	0	0	0	0	0	0	0	0	0	1	0	0	1	0	0	0	0	8.673765
85	0	1	0	0	3	0	1	0	1	0	0	0	0	0	1	0	0	0	0	0	0	0	3	0.0253999	9	0.0006452	0	0	0	0	0	0	0	0	0	0	0	0	0	0	0	0	0	0	8.744252
85	1	0	0	0	1	0	1	0	0	1	1	0	0	0	1	0	0	0	1	1	0	0	5	0.0508	25	0.0025806	0	0	0	0	0	0	0	0	0	0	0	0	0	1	0	0	0	0	8.543419
85	0	0	0	0	1	0	0	0	0	0	0	1	0	0	0	0	0	0	1	1	0	0	4	0.1015999	16	0.0103225	0	0	0	0	0	0	0	0	0	0	1	0	0	1	0	0	0	0	8.543419
85	0	0	0	0	1	0	0	0	0	0	0	1	0	0	0	0	0	0	0	1	0	2	5	0	25	0	0	0	0	0	0	0	0	0	0	0	1	1	0	0	0	0	0	0	8.543419
85	1	0	0	0	1	0	1	0	1	0	0	1	0	0	1	0	0	0	1	0	0	0	7	0.0508	49	0.0025806	0	0	0	0	0	0	0	0	0	0	0	0	0	1	0	0	0	0	8.612476
85	0	0	0	0	2	0	0	0	1	0	0	1	0	0	0	0	0	0	1	0	0	0	7	0.0253999	49	0.0006452	0	0	0	0	0	0	0	0	0	0	0	0	0	1	0	0	0	0	8.099738
85	1	0	0	0	0	1	0	0	0	0	0	0	0	0	0	0	0	0	1	1	0	0	6	0.0253999	36	0.0006452	0	0	0	0	0	0	0	0	0	0	0	0	0	1	0	0	0	0	8.543419
85	1	0	0	0	1	0	0	0	0	0	0	0	0	0	0	0	0	0	1	1	0	0	7	0.0253999	49	0.0006452	0	0	0	0	0	0	0	0	0	0	1	0	0	1	0	0	0	0	8.673765
85	0	0	0	0	1	0	1	0	1	0	0	1	0	0	1	0	0	0	1	0	0	0	5	0.0762	25	0.0058064	0	0	0	0	0	0	0	0	0	0	0	0	0	1	0	0	0	0	8.543419
85	0	0	0	0	1	0	0	1	0	1	0	0	0	0	0	0	0	0	1	0	0	0	7	0.0762	49	0.0058064	0	0	0	0	0	0	0	0	0	0	1	0	0	1	0	0	0	0	8.543419
85	0	0	0	0	0	1	1	0	0	0	0	0	0	0	1	0	0	0	1	1	0	0	8	0.0508	64	0.0025806	0	0	0	0	0	0	0	0	0	0	0	0	0	1	0	0	0	0	8.673765
85	0	1	0	0	2	0	1	1	0	1	0	0	0	0	1	0	0	0	0	0	0	0	3	0	9	0	0	0	0	0	0	0	0	0	0	0	0	0	0	0	0	0	0	0	9.19243
85	0	0	0	0	1	0	1	0	1	1	0	0	0	0	1	0	0	0	1	0	0	0	2	0.0756	4	0.0057154	0	0	0	0	0	0	0	0	0	0	0	0	0	1	0	0	0	0	9.013688
85	0	0	0	0	1	0	0	0	0	1	0	0	0	0	0	0	0	0	0	1	-1	0	5	0.0762	25	0.0058064	0	0	0	0	0	0	0	0	0	0	0	0	0	0	1	0	0	0	8.543419
88	0	1	0	0	3	0	0	0	0	0	0	0	0	0	0	0	0	0	0	1	0	0	10	-0.1778001	100	0.0316129	0	0	0	0	0	0	1	0	0	0	0	0	0	0	0	0	0	0	8.673765
88	1	1	0	1	2	0	0	0	1	0	0	1	0	0	0	0	0	0	0	0	0	0	7	0	49	0	0	0	0	1.6256	0	0	1	0	0	0	0	0	0	0	0	0	0	0	8.099738
88	0	1	0	0	1	0	0	0	0	0	0	1	0	0	0	0	0	0	0	1	0	0	7	0.0508	49	0.0025806	0	0	0	0	0	0	1	0	0	0	0	0	0	0	0	0	0	0	8.099738
88	1	1	0	0	0	1	1	0	1	0	0	1	0	0	1	0	0	0	0	0	0	0	9	0.1015999	81	0.0103225	0	0	0	0	0	0	1	0	0	0	0	0	0	0	0	0	0	0	9.203803
88	1	1	0	0	2	0	0	0	0	0	0	1	0	0	0	0	0	0	0	1	0	0	8	0.1015999	64	0.0103225	0	0	0	0	0	0	1	0	0	0	0	0	0	0	0	0	0	0	8.099738
88	0	1	1	0	0	1	0	1	0	1	0	0	0	0	0	0	0	0	0	0	0	0	0	0.0253999	0	0.0006452	0	32	0	0	0	0	1	0	0	0	0	0	0	0	0	0	0	0	8.099738
88	0	0	0	0	1	0	1	0	1	0	0	0	0	0	1	0	0	0	1	0	0	0	6	0.1015999	36	0.0103225	0	0	0	0	1	0	0	0	0	0	0	0	0	0	0	0	0	0	8.673765
88	0	1	0	0	1	0	0	0	1	1	1	0	0	0	0	0	0	0	0	0	0	0	14	-0.0254	196	0.0006452	0	0	0	0	0	0	1	0	0	0	1	0	0	0	0	0	0	0	8.099738
88	0	1	0	1	1	0	1	0	0	0	0	1	0	0	1	0	0	0	0	1	0	0	11	0	121	0	0	0	0	1.6256	0	0	1	0	0	0	0	0	0	0	0	0	0	0	8.673765
88	0	1	0	0	1	0	1	0	0	1	1	0	0	0	1	0	0	0	0	1	0	0	10	0.0127	100	0.0001613	0	0	0	0	0	0	1	0	0	0	0	0	0	0	0	0	0	0	9.203803
88	1	1	0	0	1	0	1	0	1	0	0	1	0	0	1	0	0	0	0	0	0	0	14	0.1015999	196	0.0103225	0	0	0	0	0	0	1	0	0	0	0	0	0	0	0	0	0	0	8.099738
88	0	0	0	0	2	0	0	0	0	0	0	0	0	0	0	0	0	0	1	1	0	0	4	0.127	16	0.016129	0	0	0	0	1	0	0	0	0	0	1	0	0	0	0	0	0	0	8.673765
88	1	1	0	0	1	0	0	0	1	0	0	1	0	0	0	0	0	0	0	0	0	0	10	0	100	0	0	0	0	0	0	0	1	0	0	0	0	0	0	0	0	0	0	0	7.95042
88	0	0	0	0	0	1	0	0	0	0	0	0	0	0	0	0	0	0	1	1	0	0	8	0.0253999	64	0.0006452	0	0	0	0	1	0	0	0	0	0	0	0	0	0	0	0	0	0	9.203803
88	0	1	0	0	1	0	0	0	1	0	0	0	0	0	0	0	0	0	0	0	0	0	3	0.0762	9	0.0058064	0	0	0	0	0	0	1	0	0	0	1	0	0	0	0	0	0	0	8.099738
94	0	0	0	0	1	0	0	0	1	0	0	1	0	1	0	0	0	0	1	0	0	0	5	0.127	25	0.016129	0	0	0	0	0	0	0	0	0	0	1	0	0	1	0	0	0	0	8.543419
94	0	0	0	0	0	1	0	0	0	0	0	0	0	1	0	0	0	0	1	1	0	0	7	0.1015999	49	0.0103225	0	0	0	0	0	0	0	0	0	0	1	0	0	1	0	0	0	0	8.673765
94	1	0	0	0	0	1	0	0	0	1	1	0	0	0	0	0	0	0	1	1	0	0	8	0.127	64	0.016129	0	0	0	0	0	0	0	0	0	0	0	0	0	1	0	0	0	0	8.525649
94	0	0	0	0	1	0	0	1	0	1	0	0	0	0	0	0	0	0	1	0	0	0	5	0.1524	25	0.0232258	0	0	0	0	0	0	0	0	0	0	0	0	0	1	0	0	0	0	8.673765
94	0	0	0	0	1	0	0	1	0	1	0	0	0	1	0	0	0	0	1	0	0	0	8	0.1015999	64	0.0103225	0	0	0	0	0	0	0	0	0	0	1	0	0	1	0	0	0	0	9.043353
94	0	0	0	0	3	0	0	1	0	0	0	0	0	0	0	0	0	0	1	0	0	0	7	0.127	49	0.016129	0	0	0	0	0	0	0	0	0	0	0	0	0	1	0	0	0	0	8.673765
94	1	0	0	0	2	0	0	1	0	0	0	0	0	1	0	0	0	0	1	0	0	0	4	0.0762	16	0.0058064	0	0	0	0	0	0	0	0	0	0	1	0	0	1	0	0	0	0	8.772846
94	0	0	0	0	3	0	1	1	0	0	0	0	0	0	0	0	0	0	1	0	0	0	5	0.1015999	25	0.0103225	0	0	0	0	0	0	0	0	0	0	0	0	0	1	0	0	0	0	8.673765
94	1	0	0	0	1	0	0	0	0	0	0	0	0	1	0	0	0	0	1	1	0	0	6	0.1524	36	0.0232258	0	0	0	0	0	0	0	0	0	0	1	0	0	1	0	0	0	0	8.673765
94	0	0	0	0	1	0	0	0	0	0	0	1	0	1	0	0	0	0	1	1	0	0	4	0.0762	16	0.0058064	0	0	0	0	0	0	0	0	0	0	1	0	0	1	0	0	0	0	8.543419
94	1	0	0	0	0	1	0	0	0	0	0	1	0	0	0	0	0	0	0	1	0	2	5	0.1015999	25	0.0103225	0	0	0	0	0	0	0	0	0	0	0	1	0	0	0	0	0	0	8.673765
94	0	0	0	0	0	1	0	0	0	0	0	0	0	0	0	0	0	0	1	1	0	0	4	0.127	16	0.016129	0	0	0	0	0	0	0	0	0	0	0	0	0	1	0	0	0	0	8.099738
94	0	0	0	0	1	0	0	0	0	0	0	0	0	0	0	0	0	0	1	1	0	0	5	0.1015999	25	0.0103225	0	0	0	0	0	0	0	0	0	0	0	0	0	1	0	0	0	0	8.099738
94	0	0	0	0	1	0	0	1	0	0	0	0	0	1	0	0	0	0	0	0	0	2	3	0.0889	9	0.0079032	0	0	0	0	0	0	0	0	0	0	1	1	0	0	0	0	0	0	8.673765
94	1	1	0	0	1	0	0	0	0	1	0	0	0	0	0	0	0	0	0	1	0	0	4	0.1015999	16	0.0103225	0	0	0	0	0	0	0	0	0	0	0	0	0	0	0	0	0	0	8.673765
97	1	0	0	1	4	0	0	0	1	0	0	1	0	1	0	0	0	1	0	0	0	1	0	0	0	0	26	0	0	0	0	0	0	0	0	0	1	0	1	0	0	0	0	0	9.203803
97	1	1	0	1	4	0	1	0	1	1	0	0	0	0	0	0	0	1	0	0	0	0	0	0	0	0	26	0	0	0	0	0	0	0	0	0	0	0	0	0	0	0	0	0	7.95042
97	1	1	0	0	1	0	0	0	0	1	0	0	0	1	0	0	0	0	0	0	0	0	0	0	0	0	26	0	1.524	0	0	0	0	0	0	0	1	0	0	0	0	0	0	0	8.099738
97	1	0	0	0	3	0	0	0	0	0	0	1	0	1	0	0	0	0	1	0	0	0	0	0	0	0	23	0	1.5748	0	0	0	0	0	0	0	1	0	0	1	0	0	0	0	9.203803
97	0	1	1	1	0	1	0	0	1	0	0	1	0	1	0	0	1	1	0	0	0	0	0	0	0	0	0	0	0	0	0	0	0	0	0	0	1	0	0	0	0	0	0	0	7.95042
97	1	0	0	0	0	1	1	1	0	0	0	1	0	0	0	0	0	0	1	1	0	0	0	0	0	0	25	0	1.524	0	0	0	0	0	0	0	0	0	0	1	0	0	0	0	8.673765
98	0	0	0	0	2	0	0	0	0	0	0	0	0	0	0	0	0	0	1	0	0	0	6	0.1015999	36	0.0103225	0	0	0	0	0	0	0	0	0	0	1	0	0	1	0	0	0	0	8.099738
98	0	0	0	0	1	0	1	0	0	0	0	0	0	0	0	0	0	0	1	0	0	0	4	0.1015999	16	0.0103225	0	0	0	0	0	0	0	0	0	0	0	0	0	1	0	0	0	0	8.673765
98	1	0	0	0	3	0	0	0	0	0	0	1	0	0	0	0	0	0	1	0	0	0	5	0.1015999	25	0.0103225	0	0	0	0	0	0	0	0	0	0	0	0	0	1	0	0	0	0	8.673765
98	0	0	0	0	1	0	1	1	0	0	0	0	0	0	0	0	0	0	0	0	-1	0	11	0.0761999	121	0.0058064	0	0	0	0	0	0	0	0	0	0	0	0	0	0	1	0	0	0	8.099738
98	0	0	0	0	3	0	0	0	0	0	0	1	0	0	0	0	0	0	1	0	0	0	10	0.1523999	100	0.0232257	0	0	0	0	0	0	0	0	0	0	0	0	0	1	0	0	0	0	8.673765
98	0	0	1	1	1	0	0	0	1	0	0	0	0	0	0	1	0	0	0	0	-4	0	0	0	0	0	0	34	0	1.6764	0	0	0	0	0	0	0	0	0	0	0	0	0	1	7.95042
98	1	0	0	0	1	0	1	0	0	0	0	1	0	0	0	0	0	0	1	0	0	0	6	0.127	36	0.016129	0	0	0	0	0	0	0	0	0	0	0	0	0	1	0	0	0	0	8.099738
98	0	0	0	0	1	0	1	0	0	0	0	1	0	0	0	0	0	0	0	0	0	3	8	0.0508	64	0.0025806	0	0	0	0	0	0	0	0	0	0	0	0	0	0	0	0	0	0	8.099738
98	0	0	0	0	1	0	0	0	0	0	0	0	0	0	0	0	0	0	1	0	0	0	8	0.0761999	64	0.0058064	0	0	0	0	0	0	0	0	0	0	0	0	0	1	0	0	0	0	8.099738
98	1	1	0	0	2	0	0	0	0	0	0	1	0	0	0	0	0	0	0	0	0	0	8	0.0508	64	0.0025806	0	0	0	0	0	0	0	0	0	0	1	0	0	0	0	0	0	0	8.673765
98	0	0	0	0	1	0	1	0	0	0	0	1	0	0	0	0	0	0	0	0	-1	0	6	0.1015999	36	0.0103225	0	0	0	0	0	0	0	0	0	0	0	0	0	0	1	0	0	0	9.174689
98	1	0	0	0	1	0	0	0	0	0	0	0	0	0	0	0	0	0	1	0	0	0	8	0.1015999	64	0.0103225	0	0	0	0	0	0	0	0	0	0	0	0	0	1	0	0	0	0	8.099738
98	1	0	1	1	0	1	1	0	1	0	0	0	0	0	0	1	0	0	1	0	0	0	0	0	0	0	0	34	0	1.6764	0	0	0	0	0	0	0	0	0	1	0	0	0	0	8.099738
98	0	0	0	0	1	0	1	0	0	0	0	0	0	0	0	0	0	0	1	0	0	0	9	0.1396999	81	0.0195161	0	0	0	0	0	0	0	0	0	0	0	0	0	1	0	0	0	0	8.673765
98	0	1	0	0	2	0	1	0	1	0	0	1	0	0	0	1	0	0	0	0	0	0	9	0.1015999	81	0.0103225	0	0	0	0	0	0	0	0	0	0	0	0	0	0	0	0	0	0	8.099738
99	0	0	1	0	2	0	1	1	0	0	0	1	0	0	0	0	0	0	0	1	0	0	0	0.1777999	0	0.0316128	0	34	0	0	0	0	0	0	0	0	0	0	0	0	0	1	0	0	8.099738
99	0	0	0	0	1	0	0	1	0	0	0	0	0	1	0	0	0	0	1	1	0	0	10	0.0889	100	0.0079032	0	0	0	0	0	0	0	0	0	0	0	0	0	0	0	1	0	0	8.673765
99	0	0	0	0	0	1	1	0	1	1	1	0	0	0	0	0	0	0	0	0	0	2	6	0.0508	36	0.0025806	0	0	0	0	0	0	0	0	0	0	0	0	0	1	0	0	0	0	9.203803
99	0	1	1	0	1	0	0	1	0	0	0	0	0	0	0	0	0	0	0	1	0	0	0	0.0762	0	0.0058064	0	34	0	0	0	0	0	0	0	0	1	0	0	0	0	0	0	0	9.203803
99	0	0	0	0	0	1	1	1	0	0	0	0	0	0	0	0	0	0	0	1	0	0	5	0.1777999	25	0.0316128	0	0	0	0	0	0	0	0	0	0	0	0	0	0	0	1	0	0	8.673765
99	0	0	0	0	0	1	1	1	0	0	0	0	0	0	0	0	0	0	0	1	0	0	5	0.1015999	25	0.0103225	0	0	0	0	0	0	0	0	0	0	0	0	0	0	0	1	0	0	9.203803
99	0	1	0	0	1	0	0	0	0	0	0	0	0	1	0	0	0	0	0	0	0	0	8	0.0508	64	0.0025806	0	0	0	0	0	0	0	0	0	0	0	0	0	0	0	0	0	0	9.203803
99	0	0	0	0	0	1	1	1	0	0	0	0	0	0	0	0	0	0	0	1	0	2	4	0.0508	16	0.0025806	0	0	0	0	0	0	0	0	0	0	0	0	0	1	0	0	0	0	8.099738
99	0	0	0	0	3	0	1	1	0	0	0	1	0	0	0	0	0	0	1	1	0	0	9	0.127	81	0.016129	0	0	0	0	0	0	0	0	0	0	0	0	0	0	0	1	0	0	8.099738
99	0	0	0	0	2	0	0	1	0	0	0	0	0	1	0	0	0	0	1	1	0	0	7	0.1015999	49	0.0103225	0	0	0	0	0	0	0	0	0	0	0	0	0	0	0	1	0	0	8.673765
104	1	0	0	0	1	0	0	0	0	1	0	0	0	0	0	0	0	0	0	1	0	2	6	0.2032	36	0.0412902	0	0	0	0	0	0	0	0	0	0	0	1	0	0	0	0	0	0	8.613906
104	0	1	0	0	0	1	1	0	1	0	0	1	0	0	1	0	0	0	0	0	0	0	11	0.1524	121	0.0232258	0	0	0	0	0	0	0	0	0	0	0	0	0	0	0	0	0	0	8.543419
104	1	1	0	0	4	0	1	0	1	1	0	0	0	0	1	0	0	0	0	0	0	0	9	0.2032	81	0.0412902	0	0	0	0	0	0	0	0	0	0	0	0	0	0	0	0	0	0	8.673765
104	0	1	0	0	3	0	1	0	1	0	0	1	0	0	1	0	0	0	0	0	0	0	9	0.2032	81	0.0412902	0	0	0	0	0	0	0	0	0	0	0	0	0	0	0	0	0	0	8.863879
104	0	1	0	0	1	0	0	0	0	0	0	0	0	0	0	0	0	0	0	1	0	0	8	0.1777999	64	0.0316128	0	0	0	0	0	0	0	0	0	0	1	0	0	0	0	0	0	0	8.673765
104	0	0	0	0	4	0	0	0	1	1	0	0	0	0	0	0	0	0	0	0	0	2	6	0.1524	36	0.0232258	0	0	0	0	0	0	0	0	0	0	0	1	0	0	0	0	0	0	8.612476
104	0	1	0	0	1	0	0	0	0	0	0	1	0	0	0	0	0	0	0	1	0	0	5	0.1016001	25	0.0103226	0	0	0	0	0	0	0	0	0	0	1	0	0	0	0	0	0	0	8.673765
104	0	1	0	1	1	0	1	0	1	1	0	0	0	0	1	0	0	0	0	0	0	0	11	0	121	0	0	0	0	1.778	0	0	0	0	0	0	0	0	0	0	0	0	0	0	8.863879
104	1	0	0	1	1	0	0	0	0	0	0	0	0	0	0	0	0	0	0	1	0	2	9	0	81	0	0	0	0	1.778	0	0	0	0	0	0	1	1	0	0	0	0	0	0	8.673765
104	0	0	0	0	0	1	1	1	0	0	0	1	0	0	1	0	0	0	1	0	0	0	3	0.1651	9	0.027258	0	0	0	0	0	0	0	0	0	0	0	0	0	1	0	0	0	0	8.613906
104	0	0	0	1	1	0	0	0	0	1	0	0	0	0	0	0	0	0	0	1	0	1	7	0	49	0	0	0	0	1.778	0	0	0	0	0	0	1	0	1	0	0	0	0	0	8.099738
104	0	1	0	0	1	0	1	1	0	1	0	0	0	0	1	0	0	0	0	0	0	0	12	0.1777999	144	0.0316128	0	0	0	0	0	0	0	0	0	0	0	0	0	0	0	0	0	0	8.099738
104	1	0	0	1	1	0	1	0	1	1	0	0	0	0	1	0	0	0	0	0	-2	0	9	0	81	0	0	0	0	1.778	0	0	0	0	0	0	0	0	0	0	0	1	0	0	8.673765
104	0	0	0	0	1	0	0	0	1	1	0	0	0	0	0	0	0	0	0	0	0	1	9	0.1777999	81	0.0316128	0	0	0	0	0	0	0	0	0	0	1	0	1	0	0	0	0	0	8.744252
105	0	0	0	0	1	0	0	0	0	1	1	0	0	1	0	0	0	0	0	0	0	0	10	0.2159001	100	0.0466128	0	0	0	0	0	0	0	0	0	0	1	0	0	0	0	1	0	0	8.673765
105	0	0	1	1	1	0	1	0	1	0	0	1	0	0	0	1	0	0	0	0	0	2	0	0	0	0	0	34	0	1.8034	0	0	0	0	0	0	0	0	0	1	0	0	0	0	8.673765
105	0	0	0	0	1	0	0	1	0	1	1	0	0	1	0	0	0	0	0	0	0	0	8	0.1524	64	0.0232258	0	0	0	0	0	0	0	0	0	0	1	0	0	0	0	1	0	0	8.673765
105	0	1	0	0	0	1	1	0	1	0	0	1	0	0	0	1	0	0	0	0	0	0	8	0.1778001	64	0.0316129	0	0	0	0	0	0	0	0	0	0	0	0	0	0	0	0	0	0	8.673765
105	0	1	0	0	1	0	1	0	1	0	0	1	0	0	0	1	0	0	0	0	0	0	2	0.2032	4	0.0412902	0	0	0	0	0	0	0	0	0	0	0	0	0	0	0	0	0	0	8.673765
105	0	1	0	0	1	0	0	0	0	1	0	0	0	0	0	0	0	0	0	0	0	0	5	0.2794	25	0.0780644	0	0	0	0	0	0	0	0	0	0	0	0	0	0	0	0	0	0	8.744252
105	0	1	0	0	1	0	1	0	1	1	0	0	0	0	0	1	0	0	0	0	0	0	2	0.1270001	4	0.016129	0	0	0	0	0	0	0	0	0	0	0	0	0	0	0	0	0	0	8.790615
105	0	0	0	0	0	1	1	0	1	0	0	1	0	0	0	1	0	0	0	0	-2	0	4	0.2540001	16	0.064516	0	0	0	0	0	0	0	0	0	0	0	0	0	0	0	0	0	1	8.395303
105	0	0	0	0	1	0	1	0	1	1	0	0	0	0	0	1	0	0	0	0	0	5	2	0.1778001	4	0.0316129	0	0	0	0	0	0	0	0	0	0	0	0	0	0	0	0	0	0	8.543419
105	1	0	0	0	1	0	0	1	0	1	0	0	0	1	0	0	0	0	1	0	0	0	10	0.2286	100	0.052258	0	0	0	0	0	0	0	0	0	0	1	0	0	0	0	1	0	0	8.525649
105	0	0	0	0	1	0	1	0	0	1	0	0	0	0	0	0	0	0	0	0	0	2	5	0.1524	25	0.0232258	0	0	0	0	0	0	0	0	0	0	0	0	0	1	0	0	0	0	8.525649
107	0	1	0	0	0	1	0	0	0	0	0	1	0	0	0	0	0	0	0	1	0	0	5	0.127	25	0.016129	0	0	0	0	0	0	0	0	0	0	0	0	0	0	0	0	0	0	9.044342
107	0	0	0	0	1	0	0	0	0	1	0	0	0	0	0	0	0	0	0	1	-2	0	3	0.1015999	9	0.0103225	0	0	0	0	0	0	0	0	0	0	1	0	0	1	0	0	0	0	9.84864
107	0	1	0	0	3	0	0	0	0	0	0	0	0	0	0	0	0	0	0	1	0	0	7	0.1524	49	0.0232258	0	0	0	0	0	0	0	0	0	0	1	0	0	0	0	0	0	0	8.543419
107	0	0	0	0	3	0	1	0	0	0	0	1	0	0	0	0	0	0	0	1	-2	0	6	0.1777999	36	0.0316128	0	0	0	0	0	0	0	0	0	0	0	0	0	1	0	0	0	0	9.84864
107	0	0	0	0	1	0	0	0	1	1	1	0	0	0	0	0	0	0	0	0	-4	0	2	0.127	4	0.016129	0	0	0	0	0	0	0	0	0	0	0	0	0	0	0	1	0	0	9.044342
107	0	1	0	0	0	1	0	1	0	0	0	0	0	0	0	0	0	0	0	0	0	0	8	0.0889	64	0.0079032	0	0	0	0	0	0	0	0	0	0	0	0	0	0	0	0	0	0	8.612476
107	0	0	0	0	0	1	0	0	0	1	0	0	0	0	0	0	0	0	0	1	-2	0	4	0.1015999	16	0.0103225	0	0	0	0	0	0	0	0	0	0	1	0	0	1	0	0	0	0	8.543419
107	0	1	0	0	1	0	0	0	0	0	0	1	0	0	0	0	0	0	0	1	0	0	3	0.127	9	0.016129	0	0	0	0	0	0	0	0	0	0	1	0	0	0	0	0	0	0	8.395303
107	0	0	0	0	1	0	0	1	0	0	0	1	0	0	0	0	0	0	0	0	-4	0	5	0.1524	25	0.0232258	0	0	0	0	0	0	0	0	0	0	0	0	0	0	0	1	0	0	8.744252
107	0	0	0	0	0	1	0	0	1	0	0	1	0	0	0	0	0	0	0	0	-3	0	4	0.0762	16	0.0058064	0	0	0	0	0	0	0	0	0	0	0	0	0	0	1	0	0	0	8.613906
108	0	0	0	0	1	0	0	1	0	0	0	1	0	1	0	0	0	0	1	1	0	0	3	0.0762	9	0.0058064	0	0	0	0	0	0	0	0	0	0	1	0	0	1	0	0	0	0	9.508165
108	0	0	0	0	1	0	0	0	0	0	0	1	0	1	0	0	0	0	1	0	0	0	2	0.0508	4	0.0025806	0	0	0	0	0	0	0	0	0	0	1	0	0	1	0	0	0	0	8.525649
108	0	1	0	0	0	1	0	0	0	0	0	1	0	1	0	0	0	0	0	0	0	0	4	0.0508	16	0.0025806	0	0	0	0	0	0	0	0	0	0	1	0	0	0	0	0	0	0	9.145674
108	0	0	0	0	1	0	0	1	0	1	0	0	0	1	0	0	0	0	1	1	0	0	6	0.0762	36	0.0058064	0	0	0	0	0	0	0	0	0	0	1	0	0	1	0	0	0	0	8.673765
108	1	0	0	0	1	0	0	1	0	1	0	0	0	1	0	0	0	0	1	1	0	0	5	0.0635	25	0.0040323	0	0	0	0	0	0	0	0	0	0	1	0	0	1	0	0	0	0	8.525649
108	0	0	0	0	0	1	0	1	0	1	0	0	0	0	0	0	0	0	1	1	0	0	4	0.0508	16	0.0025806	0	0	0	0	0	0	0	0	0	0	0	0	0	1	0	0	0	0	8.525649
108	0	1	0	0	1	0	0	0	1	1	1	0	0	0	0	0	0	0	0	0	0	0	5	0.0508	25	0.0025806	0	0	0	0	0	0	0	0	0	0	0	0	0	0	0	0	0	0	8.673765
108	0	0	0	0	1	0	0	0	0	0	0	1	0	1	0	0	0	0	1	0	0	0	4	0.127	16	0.016129	0	0	0	0	0	0	0	0	0	0	1	0	0	1	0	0	0	0	8.673765
108	0	0	0	0	1	0	0	0	0	1	0	0	0	1	0	0	0	0	0	0	-1	0	4	0	16	0	0	0	0	0	0	0	0	0	0	0	1	0	0	0	1	0	0	0	8.744252
108	1	0	0	0	1	0	0	0	0	0	0	1	0	1	0	0	0	0	0	0	0	2	2	0.0254	4	0.0006452	0	0	0	0	0	0	0	0	0	0	1	1	0	0	0	0	0	0	8.673765
108	1	1	0	0	1	0	0	0	1	0	0	1	0	1	0	0	0	0	0	0	0	0	4	0.1016001	16	0.0103226	0	0	0	0	0	0	0	0	0	0	1	0	0	0	0	0	0	0	8.613906
108	1	0	0	0	1	0	0	1	0	1	0	0	0	1	0	0	0	0	1	1	0	0	7	0.0508	49	0.0025806	0	0	0	0	0	0	0	0	0	0	1	0	0	1	0	0	0	0	8.744252
108	0	1	1	1	0	1	0	1	0	0	0	1	0	1	0	0	0	0	0	1	0	0	0	0	0	0	0	29	0	1.651	0	0	0	0	0	0	1	0	0	0	0	0	0	0	9.104201
108	0	0	0	0	2	0	0	0	0	1	0	0	0	0	0	0	0	0	1	0	0	0	3	0.1778001	9	0.0316129	0	0	0	0	0	0	0	0	0	0	0	0	0	1	0	0	0	0	8.673765
108	1	0	0	0	1	0	0	0	0	1	0	0	0	1	0	0	0	0	1	0	0	0	3	0.0254	9	0.0006452	0	0	0	0	0	0	0	0	0	0	1	0	0	1	0	0	0	0	8.865573
112	0	0	0	0	3	0	0	0	0	0	0	0	0	0	0	0	0	0	1	1	0	0	6	-0.0002	36	4.00E-08	0	0	0	0	0	0	0	0	0	0	0	0	0	1	0	0	0	0	9.104201
112	0	0	0	0	1	0	0	0	0	0	0	0	0	0	0	0	0	0	1	1	0	0	9	0.0125	81	0.0001563	0	0	0	0	0	0	0	0	0	0	0	0	0	1	0	0	0	0	8.612476
112	1	0	0	0	1	0	0	0	0	0	0	0	0	0	0	0	0	0	1	1	0	0	10	0.0506001	100	0.0025604	0	0	0	0	0	0	0	0	0	0	0	0	0	1	0	0	0	0	8.744252
112	0	1	0	0	1	0	0	0	0	1	0	0	0	0	0	0	0	0	0	1	0	0	7	0.0252	49	0.000635	0	0	0	0	0	0	0	0	0	0	1	0	0	0	0	0	0	0	8.673765
112	0	0	0	0	1	0	0	0	0	1	1	0	0	0	0	0	0	0	1	1	0	0	8	0.076	64	0.005776	0	0	0	0	0	0	0	0	0	0	1	0	0	1	0	0	0	0	8.744252
112	1	1	0	0	1	0	0	0	0	0	0	0	0	0	0	0	0	0	0	1	0	0	7	-0.0002	49	4.00E-08	0	0	0	0	0	0	0	0	0	0	1	0	0	0	0	0	0	0	8.673765
112	1	0	0	1	2	0	0	0	0	0	0	1	0	0	0	0	0	0	1	1	0	0	4	0	16	0	0	0	0	1.6	0	0	0	0	0	0	1	0	0	1	0	0	0	0	8.973855
112	0	0	0	0	1	0	0	0	0	1	0	0	0	0	0	0	0	0	1	1	0	0	9	0.0506001	81	0.0025604	0	0	0	0	0	0	0	0	0	0	1	0	0	1	0	0	0	0	8.543419
112	0	0	0	0	1	0	0	0	0	1	0	0	0	0	0	0	0	0	1	1	0	0	7	-0.0256	49	0.0006554	0	0	0	0	0	0	0	0	0	0	1	0	0	1	0	0	0	0	8.525649
112	0	1	0	0	1	0	0	0	0	0	0	1	0	0	0	0	0	0	0	1	0	0	6	0.0506001	36	0.0025604	0	0	0	0	0	0	0	0	0	0	1	0	0	0	0	0	0	0	8.673765
112	0	0	0	0	4	0	0	0	0	0	0	1	0	0	0	0	0	0	1	1	0	0	7	0.0252	49	0.000635	0	0	0	0	0	0	0	0	0	0	1	0	0	1	0	0	0	0	8.099738
112	1	1	0	0	1	0	0	0	0	0	0	1	0	0	0	0	0	0	0	1	0	0	4	-0.051	16	0.002601	0	0	0	0	0	0	0	0	0	0	1	0	0	0	0	0	0	0	9.514612
112	1	1	0	0	1	0	0	0	1	0	0	1	0	0	0	0	0	0	0	0	0	0	7	0.0252	49	0.000635	0	0	0	0	0	0	0	0	0	0	1	0	0	0	0	0	0	0	9.043353
112	0	0	0	0	2	0	0	0	0	1	1	0	0	0	0	0	0	0	0	1	-1	0	8	0.0252	64	0.000635	0	0	0	0	0	0	0	0	0	0	1	0	0	0	1	0	0	0	8.673765
112	0	0	0	0	1	0	0	0	0	1	0	0	0	0	0	0	0	0	0	1	0	2	10	0.1	100	0.01	0	0	0	0	0	0	0	0	0	0	1	1	0	0	0	0	0	0	8.525649
119	0	0	0	0	1	0	0	0	0	0	0	1	0	1	0	0	0	0	1	1	0	0	5	0.1777999	25	0.0316128	0	0	0	0	0	0	0	0	0	0	1	0	0	0	0	0	0	0	8.673765
119	1	1	0	0	1	0	0	0	0	0	0	0	0	1	0	0	0	0	0	1	0	0	4	0.127	16	0.016129	0	0	0	0	0	0	0	0	0	0	1	0	0	0	0	0	0	0	9.104201
119	0	0	0	0	1	0	0	0	0	0	0	1	0	1	0	0	0	0	1	1	0	0	7	0.127	49	0.016129	0	0	0	0	0	0	0	0	0	0	1	0	0	0	0	0	0	0	8.673765
119	0	0	0	0	1	0	1	0	1	0	0	0	0	0	0	0	0	0	1	0	0	0	6	0.127	36	0.016129	0	0	0	0	0	0	0	0	0	0	0	0	0	0	0	0	0	0	8.673765
119	0	1	0	0	1	0	0	1	0	0	0	1	0	0	0	0	0	0	0	0	0	0	6	0.127	36	0.016129	0	0	0	0	0	0	0	0	0	0	0	0	0	0	0	0	0	0	8.099738
119	1	0	0	0	1	0	0	0	0	1	1	0	0	1	0	0	0	0	1	1	0	0	1	0.1015999	1	0.0103225	0	0	0	0	0	0	0	0	0	0	1	0	0	0	0	0	0	0	8.673765
119	1	1	0	0	1	0	0	0	1	1	0	0	0	0	0	0	0	0	0	0	0	0	6	0.1777999	36	0.0316128	0	0	0	0	0	0	0	0	0	0	0	0	0	0	0	0	0	0	8.525649
119	0	1	0	0	1	0	0	0	0	1	0	0	0	1	0	0	0	0	0	1	0	0	6	0.127	36	0.016129	0	0	0	0	0	0	0	0	0	0	1	0	0	0	0	0	0	0	8.744252
119	0	1	0	1	1	0	0	0	1	1	1	0	0	1	0	0	0	0	0	0	0	0	6	0	36	0	0	0	0	1.7018	0	0	0	0	0	0	1	0	0	0	0	0	0	0	8.099738
119	0	1	0	0	0	1	1	0	1	0	0	1	0	0	0	0	0	0	0	0	0	0	4	0.1015999	16	0.0103225	0	0	0	0	0	0	0	0	0	0	0	0	0	0	0	0	0	0	8.744252
119	0	0	0	0	0	1	1	1	0	0	0	1	0	0	0	0	0	0	1	0	0	0	1	0.0762	1	0.0058064	0	0	0	0	0	0	0	0	0	0	0	0	0	0	0	0	0	0	8.673765
119	0	1	0	0	1	0	1	0	1	0	0	0	0	0	0	0	0	0	0	0	0	0	1	0.1015999	1	0.0103225	0	0	0	0	0	0	0	0	0	0	0	0	0	0	0	0	0	0	8.744252
119	1	1	0	0	1	0	0	0	0	0	0	1	0	1	0	0	0	0	0	1	0	0	3	0.1015999	9	0.0103225	0	0	0	0	0	0	0	0	0	0	1	0	0	0	0	0	0	0	8.673765
119	1	1	0	0	1	0	0	0	1	0	0	0	0	1	0	0	0	0	0	0	0	0	6	0.127	36	0.016129	0	0	0	0	0	0	0	0	0	0	1	0	0	0	0	0	0	0	8.543419
119	0	1	0	0	1	0	0	0	0	0	0	0	0	1	0	0	0	0	0	1	0	0	7	0.0762	49	0.0058064	0	0	0	0	0	0	0	0	0	0	1	0	0	0	0	0	0	0	8.543419
121	0	0	0	0	1	0	1	0	1	0	0	0	0	0	0	0	0	0	0	0	-1	0	8	0.0508001	64	0.0025806	0	0	0	0	0	0	0	0	0	0	0	0	0	0	0	0	0	1	8.673765
121	1	0	0	0	1	0	1	0	0	0	0	0	0	0	0	0	0	0	0	1	0	3	6	0.0381	36	0.0014516	0	0	0	0	0	0	0	0	0	0	0	0	0	1	0	0	0	0	8.543419
121	0	0	0	0	1	0	0	1	0	0	0	1	0	0	0	0	0	0	0	0	0	1	7	0.1270001	49	0.016129	0	0	0	0	0	0	0	0	0	0	1	0	0	0	0	1	0	0	8.673765
121	0	1	0	0	1	0	1	0	1	0	0	0	0	0	0	0	0	0	0	0	0	0	5	0.0762	25	0.0058064	0	0	0	0	0	0	0	0	0	0	0	0	0	0	0	0	0	0	8.864202
121	1	0	0	0	2	0	1	1	0	1	0	0	0	0	0	0	0	0	0	0	0	3	7	0.0508001	49	0.0025806	0	0	0	0	0	0	0	0	0	0	0	0	0	1	0	0	0	0	8.673765
121	1	0	0	0	1	0	0	0	0	0	0	0	0	0	0	0	0	0	1	1	0	0	7	0.0762	49	0.0058064	0	0	0	0	0	0	0	0	0	0	0	0	0	0	0	0	1	0	8.673765
121	0	0	0	0	1	0	1	0	1	0	0	1	0	0	0	0	0	0	1	0	0	0	8	0.0381	64	0.0014516	0	0	0	0	0	0	0	0	0	0	0	0	0	0	0	0	1	0	8.744252
121	0	1	0	0	2	0	1	0	0	0	0	0	0	0	0	0	0	0	0	1	0	0	5	0.0508001	25	0.0025806	0	0	0	0	0	0	0	0	0	0	0	0	0	0	0	0	0	0	8.744252
121	0	0	0	0	3	0	0	1	0	0	0	1	0	0	0	0	0	0	0	0	0	2	5	0.0254	25	0.0006452	0	0	0	0	0	0	0	0	0	0	0	0	0	0	1	0	0	0	8.863879
121	1	0	0	0	1	0	1	0	0	0	0	0	0	0	0	0	0	0	0	1	0	3	7	0.0508001	49	0.0025806	0	0	0	0	0	0	0	0	0	0	0	0	0	1	0	0	0	0	8.525649
121	0	0	0	0	0	1	1	0	0	1	0	0	0	0	0	0	0	0	0	1	-1	0	5	0.0254	25	0.0006452	0	0	0	0	0	0	0	0	0	0	0	0	0	0	0	0	0	1	8.673765
121	0	0	0	0	1	0	1	0	0	0	0	1	0	0	0	0	0	0	0	1	-1	0	7	-0.0253999	49	0.0006452	0	0	0	0	0	0	0	0	0	0	0	0	0	0	0	0	0	1	8.612476
121	0	1	0	0	2	0	0	0	0	0	0	0	0	0	0	0	0	0	0	1	0	0	5	0.0254	25	0.0006452	0	0	0	0	0	0	0	0	0	0	0	0	0	0	0	0	0	0	8.744252
121	1	0	0	0	1	0	0	0	0	1	0	0	0	0	0	0	0	0	0	1	-1	0	9	0.0508001	81	0.0025806	0	0	0	0	0	0	0	0	0	0	1	0	0	0	0	0	0	1	7.95042
121	0	0	0	0	1	0	1	0	0	0	0	0	0	0	0	0	0	0	1	1	0	0	5	0.0762	25	0.0058064	0	0	0	0	0	0	0	0	0	0	0	0	0	0	0	0	1	0	8.973855
122	1	0	0	0	1	0	1	1	0	0	0	0	0	0	0	0	0	0	1	1	0	0	9	0.0254	81	0.0006452	0	0	0	0	0	0	0	0	0	0	0	0	0	0	0	0	0	0	8.099738
122	1	0	0	0	1	0	0	1	0	0	0	1	0	1	0	0	0	0	1	1	0	0	7	0.0508001	49	0.0025806	0	0	0	0	0	0	0	0	0	0	0	0	0	0	0	0	0	0	8.099738
122	1	1	0	1	0	1	0	0	1	0	0	1	0	1	0	0	0	0	0	0	0	0	9	0	81	0	0	0	0	1.6002	0	0	0	0	0	0	0	0	0	0	0	0	0	0	8.099738
122	1	0	0	0	3	0	0	1	0	0	0	0	0	1	0	0	0	0	1	1	0	0	10	0	100	0	0	0	0	0	0	0	0	0	0	0	0	0	0	0	0	0	0	0	8.099738
122	1	1	0	1	0	1	0	0	1	1	0	0	0	1	0	0	0	0	0	0	0	0	4	0	16	0	0	0	0	1.6002	0	0	0	0	0	0	0	0	0	0	0	0	0	0	9.203803
124	1	0	0	0	1	0	0	1	0	0	0	1	0	0	0	0	0	0	0	1	-1	0	6	0.1015999	36	0.0103225	0	0	0	0	0	0	0	0	-1	0	0	0	0	0	0	1	0	0	8.612476
124	1	0	0	0	1	0	0	0	1	1	0	0	0	0	0	0	0	0	0	0	-3	0	9	0.127	81	0.016129	0	0	0	0	0	0	0	0	-3	0	0	0	0	0	0	0	0	1	8.525649
124	1	0	0	0	1	0	0	1	0	0	0	0	0	0	0	0	0	0	0	1	0	0	7	0.1777999	49	0.0316128	0	0	0	0	0	0	0	0	0	0	0	0	0	0	1	0	0	0	8.543419
124	0	0	0	0	1	0	1	1	0	0	0	0	0	0	1	0	0	0	0	1	0	0	4	0.1015999	16	0.0103225	0	0	0	0	0	0	0	0	0	0	0	0	0	0	1	0	0	0	8.099738
124	0	0	1	1	0	1	1	1	0	1	1	0	0	0	1	0	0	0	1	1	0	0	0	0	0	0	0	31	0	1.7018	0	0	0	1	0	0	0	0	0	0	1	0	0	0	8.744252
124	1	0	0	0	1	0	0	1	0	0	0	0	0	0	0	0	0	0	1	1	0	0	3	0.127	9	0.016129	0	0	0	0	0	0	0	1	0	0	0	0	0	0	1	0	0	0	8.973855
124	0	0	0	1	1	0	0	1	0	1	0	0	0	0	0	0	0	0	1	1	0	0	6	0	36	0	0	0	0	1.7018	0	0	0	1	0	0	0	0	0	0	1	0	0	0	8.612476
124	0	0	0	0	1	0	0	1	0	0	0	0	0	0	0	0	0	0	0	1	0	0	4	0.1396999	16	0.0195161	0	0	0	0	0	0	0	0	0	0	0	0	0	0	1	0	0	0	8.543419
124	0	0	0	0	1	0	0	1	0	1	0	0	0	0	0	0	0	0	0	1	-1	0	4	0.1015999	16	0.0103225	0	0	0	0	0	0	0	0	-1	0	1	0	0	0	0	1	0	0	8.744252
124	0	0	0	0	1	0	0	1	0	1	0	0	0	0	0	0	0	0	0	1	-1	0	5	0.1396999	25	0.0195161	0	0	0	0	0	0	0	0	-1	0	0	0	0	0	0	1	0	0	8.744252
124	1	0	0	0	2	0	0	1	0	0	0	0	0	0	0	0	0	0	1	1	0	0	8	0.0762	64	0.0058064	0	0	0	0	0	0	0	1	0	0	0	0	0	0	1	0	0	0	8.744252
124	0	0	0	0	1	0	0	0	0	0	0	0	0	0	0	0	0	0	0	0	0	0	9	0.0762	81	0.0058064	0	0	0	0	0	0	0	0	0	0	1	0	0	0	1	0	0	0	8.673765
124	0	0	0	0	1	0	0	1	0	1	1	0	0	0	0	0	0	0	1	1	0	0	5	0.0635	25	0.0040323	0	0	0	0	0	0	0	1	0	0	1	0	0	0	1	0	0	0	8.612476
124	0	0	0	0	0	1	1	1	0	0	0	1	0	0	1	0	0	0	0	1	-2	0	7	0.0762	49	0.0058064	0	0	0	0	0	0	0	0	-2	0	0	0	0	0	0	0	1	0	8.744252
124	0	0	0	0	1	0	0	0	1	0	0	0	0	0	0	0	0	0	0	0	0	4	5	0.127	25	0.016129	0	0	0	0	0	0	0	0	4	0	1	0	0	0	0	0	0	0	8.673765
125	1	0	0	0	1	0	0	0	0	0	0	0	0	0	0	0	0	0	1	1	0	0	9	0.2032	81	0.0412902	0	0	0	0	0	0	0	0	0	0	1	0	0	1	0	0	0	0	8.099738
125	0	0	0	0	2	0	0	0	0	0	0	1	0	0	0	0	0	0	1	1	0	0	6	0.1777999	36	0.0316128	0	0	0	0	0	0	0	0	0	0	0	0	0	1	0	0	0	0	8.673765
125	1	0	0	0	1	0	0	0	0	0	0	0	0	0	0	0	0	0	1	1	0	0	5	0.1777999	25	0.0316128	0	0	0	0	0	0	0	0	0	0	1	0	0	1	0	0	0	0	8.612476
125	0	0	0	0	2	0	0	0	0	0	0	1	0	0	0	0	0	0	1	1	0	0	5	0.1777999	25	0.0316128	0	0	0	0	0	0	0	0	0	0	1	0	0	1	0	0	0	0	8.673765
125	0	1	0	0	3	0	0	0	0	0	0	1	0	0	0	0	0	0	0	1	0	0	6	0.2285999	36	0.0522579	0	0	0	0	0	0	0	0	0	0	1	0	0	0	0	0	0	0	8.099738
125	0	0	0	0	2	0	0	1	0	0	0	0	0	0	0	0	0	0	1	0	0	0	9	0.2032	81	0.0412902	0	0	0	0	0	0	0	0	0	0	1	0	0	1	0	0	0	0	8.099738
125	1	0	0	0	1	0	0	0	0	0	0	0	0	0	0	0	0	0	1	1	0	0	7	0.1651	49	0.027258	0	0	0	0	0	0	0	0	0	0	1	0	0	1	0	0	0	0	8.744252
125	0	0	0	0	1	0	0	0	0	1	0	0	0	0	0	0	0	0	1	1	0	0	5	0.1523999	25	0.0232257	0	0	0	0	0	0	0	0	0	0	1	0	0	1	0	0	0	0	8.673765
125	0	1	0	0	1	0	0	0	1	1	0	0	0	0	0	0	0	0	0	0	0	0	9	0.1651	81	0.027258	0	0	0	0	0	0	0	0	0	0	0	0	0	0	0	0	0	0	8.744252
125	0	0	0	0	2	0	0	0	0	0	0	1	0	0	0	0	0	0	1	1	0	0	4	0.1777999	16	0.0316128	0	0	0	0	0	0	0	0	0	0	1	0	0	1	0	0	0	0	8.612476
125	0	0	0	0	2	0	0	0	0	1	0	0	0	0	0	0	0	0	1	1	0	0	7	0.1651	49	0.027258	0	0	0	0	0	0	0	0	0	0	1	0	0	1	0	0	0	0	8.099738
125	0	1	0	0	1	0	0	1	0	0	0	0	0	0	0	0	0	0	0	0	0	0	3	0.1015999	9	0.0103225	0	0	0	0	0	0	0	0	0	0	0	0	0	0	0	0	0	0	8.543419
125	0	0	0	0	1	0	0	1	0	1	0	0	0	0	0	0	0	0	1	0	0	0	8	0.2032	64	0.0412902	0	0	0	0	0	0	0	0	0	0	0	0	0	1	0	0	0	0	8.099738
127	0	0	0	0	1	0	1	0	0	0	0	1	0	0	0	0	0	0	0	1	0	1	2	0.1018	4	0.0103632	0	0	0	0	0	0	0	0	1	0	0	0	0	1	0	0	0	0	9.634239
127	0	0	0	0	0	1	1	1	0	0	0	1	0	0	0	0	0	0	0	0	0	0	11	0.1015999	121	0.0103225	0	0	0	0	0	0	0	0	0	0	0	0	0	0	1	0	0	0	8.673765
127	1	0	0	0	1	0	1	0	1	1	0	0	0	0	0	0	0	0	1	0	0	0	5	0.127	25	0.016129	0	0	0	0	0	0	0	1	0	0	0	0	0	0	1	0	0	0	8.613906
127	0	0	0	0	1	0	0	0	0	0	0	1	0	0	0	0	0	0	0	1	0	1	5	0.1777999	25	0.0316128	0	0	0	0	0	0	0	0	1	0	1	0	0	1	0	0	0	0	9.013688
127	0	0	0	0	1	0	1	0	0	1	0	0	0	0	0	0	0	0	0	1	0	0	7	0.0635	49	0.0040323	0	0	0	0	0	0	0	0	0	0	0	0	0	0	1	0	0	0	8.395303
127	0	1	0	0	1	0	0	1	0	1	1	0	0	0	0	0	0	0	0	0	0	0	5	0.0762	25	0.0058064	0	0	0	0	0	0	0	0	0	1	0	0	0	0	0	0	0	0	8.543419
127	0	0	0	0	0	1	1	0	1	0	0	1	0	0	0	0	0	0	0	0	0	1	4	0.1396999	16	0.0195161	0	0	0	0	0	0	0	0	1	0	0	0	0	1	0	0	0	0	8.673765
127	0	1	0	0	1	0	0	0	1	1	0	0	0	0	0	0	0	0	0	0	0	0	10	0.1015999	100	0.0103225	0	0	0	0	0	0	0	0	0	1	1	0	0	0	0	0	0	0	8.744252
127	1	0	0	0	3	0	0	0	1	0	0	1	0	0	0	0	0	0	0	0	0	1	3	0.1524	9	0.0232258	0	0	0	0	0	0	0	0	1	0	1	0	0	1	0	0	0	0	8.613906
127	0	0	0	0	2	0	1	0	0	0	0	0	0	0	0	0	0	0	0	1	0	4	6	0.1015999	36	0.0103225	0	0	0	0	0	0	0	0	4	0	0	0	0	0	0	0	0	0	9.013688
127	1	0	0	0	0	1	1	0	0	1	0	0	0	0	0	0	0	0	0	1	0	0	5	0.1015999	25	0.0103225	0	0	0	0	0	0	0	0	0	0	0	0	0	0	1	0	0	0	8.613906
127	1	0	0	1	0	1	1	0	1	1	0	0	0	0	0	0	0	0	0	0	0	4	4	0	16	0	0	0	0	1.7018	0	0	0	0	4	0	0	0	0	0	0	0	0	0	9.634239
127	1	0	0	0	1	0	0	1	0	0	0	0	0	0	0	0	0	0	0	0	0	2	7	0.1524	49	0.0232258	0	0	0	0	0	0	0	0	2	0	1	0	1	0	0	0	0	0	9.084176
127	0	0	0	0	1	0	1	1	0	0	0	1	0	0	0	0	0	0	0	0	0	0	6	0.1015999	36	0.0103225	0	0	0	0	0	0	0	0	0	0	0	0	0	0	1	0	0	0	9.508718
127	0	0	0	0	1	0	0	0	1	0	0	1	0	0	0	0	0	0	1	0	0	0	7	0.1524	49	0.0232258	0	0	0	0	0	0	0	1	0	0	1	0	0	0	1	0	0	0	8.744252
128	0	0	0	0	3	0	0	0	0	0	0	1	0	0	0	0	0	0	1	0	0	0	6	0	36	0	0	0	1.4986	0	0	0	0	0	0	0	1	0	0	1	0	0	0	0	7.758041
128	1	1	0	0	1	0	1	0	1	0	0	1	0	0	1	1	0	0	0	0	0	0	3	0	9	0	0	0	1.5748	0	0	0	0	0	0	0	0	0	0	0	0	0	0	0	8.673765
128	0	1	0	0	1	0	1	0	1	0	0	1	0	0	1	1	0	0	0	0	0	0	2	0	4	0	0	0	1.5494	0	0	0	0	0	0	0	0	0	0	0	0	0	0	0	8.543419
128	1	0	0	0	4	0	0	0	0	0	0	0	0	0	0	0	0	0	1	0	0	0	4	0	16	0	0	0	1.524	0	0	0	0	0	0	0	1	0	0	1	0	0	0	0	8.744252
128	0	0	0	0	3	0	0	1	0	1	0	0	0	0	0	0	0	0	0	0	-3	0	4	0	16	0	0	0	1.5748	0	0	0	0	0	0	0	0	0	0	0	0	0	1	0	9.203803
128	1	0	0	0	1	0	0	0	0	0	0	0	0	0	0	0	0	0	1	0	0	0	8	0	64	0	0	0	1.651	0	0	0	0	0	0	0	1	0	0	1	0	0	0	0	8.099738
128	1	0	0	0	3	0	0	0	0	0	0	1	0	0	0	0	0	0	1	0	0	0	7	0	49	0	0	0	1.5748	0	0	0	0	0	0	0	0	0	0	1	0	0	0	0	8.673765
128	0	0	0	0	3	0	0	0	0	0	0	1	0	0	0	0	0	0	1	0	0	0	8	0	64	0	0	0	1.5494	0	0	0	0	0	0	0	1	0	0	1	0	0	0	0	9.203803
128	1	0	0	1	1	0	0	0	0	1	0	0	0	0	0	0	0	1	1	0	0	0	3	0	9	0	0	0	0	0	0	0	0	0	0	0	0	0	0	1	0	0	0	0	8.673765
140	0	1	0	0	1	0	1	0	1	0	0	1	0	0	1	0	0	0	0	0	0	0	8	0	64	0	0	0	1.5494	0	0	0	0	0	0	1	0	0	0	0	0	0	0	0	8.673765
140	0	1	0	0	3	0	1	0	1	0	0	0	0	0	1	0	0	0	0	0	0	0	12	0	144	0	0	0	1.6383	0	0	0	0	0	0	1	0	0	0	0	0	0	0	0	9.203803
140	0	1	0	0	1	0	1	0	1	0	0	1	0	0	1	0	0	0	0	0	0	0	7	0	49	0	0	0	1.5748	0	0	0	0	0	0	1	0	0	0	0	0	0	0	0	8.099738
140	0	0	0	0	1	0	0	1	0	0	0	0	0	0	0	0	0	0	1	0	0	0	2	0	4	0	0	0	1.5748	0	0	0	0	1	0	0	0	0	0	0	0	0	1	0	8.099738
140	0	0	0	0	1	0	0	0	0	0	0	0	0	0	0	0	0	0	1	1	0	0	7	0	49	0	0	0	1.5748	0	0	0	0	1	0	0	0	0	0	0	0	0	1	0	8.099738
140	1	1	0	0	1	0	0	0	1	0	0	0	0	0	0	0	0	0	0	0	0	0	9	0	81	0	0	0	1.5748	0	0	0	0	0	0	1	0	0	0	0	0	0	0	0	8.099738
140	0	0	0	0	1	0	1	1	0	1	0	0	0	0	1	0	0	0	0	0	0	2	9	0	81	0	0	0	1.524	0	0	0	0	0	2	0	0	0	0	0	1	0	0	0	8.673765
140	1	1	0	0	0	1	1	0	0	0	0	1	0	0	1	0	0	0	0	1	0	0	10	0	100	0	0	0	1.524	0	0	0	0	0	0	1	0	0	0	0	0	0	0	0	8.099738
140	0	1	0	0	0	1	1	0	1	1	0	0	0	0	1	0	0	0	0	0	0	0	6	0	36	0	0	0	1.5494	0	0	0	0	0	0	1	0	0	0	0	0	0	0	0	8.099738
140	0	0	0	0	1	0	0	0	0	0	0	0	0	0	0	0	0	0	0	1	0	0	7	0	49	0	0	0	1.5494	0	0	0	0	0	0	0	1	0	0	0	0	0	1	0	8.673765
141	1	0	0	0	2	0	0	0	1	0	0	1	0	0	0	0	0	0	0	0	0	3	7	0.0508001	49	0.0025806	0	0	0	0	0	0	0	0	0	0	0	0	0	0	0	0	0	0	9.203803
141	0	0	0	1	1	0	1	0	1	1	0	0	0	0	1	0	0	0	1	0	0	0	5	0	25	0	0	0	0	1.6002	0	0	0	0	0	0	0	0	0	1	0	0	0	0	9.203803
141	0	0	0	0	0	1	1	0	1	0	0	1	0	0	1	0	0	0	0	0	-2	0	4	0.0254	16	0.0006452	0	0	0	0	0	0	0	0	0	0	0	0	0	0	0	1	0	0	8.099738
141	1	1	0	0	1	0	0	0	0	1	0	0	0	0	0	0	0	0	0	0	0	0	4	0.0254	16	0.0006452	0	0	0	0	0	0	0	0	0	0	0	0	0	0	0	0	0	0	9.203803
141	1	0	0	1	1	0	0	0	1	1	0	0	0	0	0	0	0	0	0	0	0	0	4	0	16	0	0	0	0	1.6002	0	0	0	0	0	0	1	0	0	1	0	0	0	0	9.203803
141	1	0	0	1	0	1	0	1	0	0	0	0	0	0	0	0	0	0	0	1	0	0	7	0	49	0	0	0	0	1.6002	0	0	0	0	0	0	0	0	0	1	0	0	0	0	9.203803
141	0	0	0	0	1	0	1	1	0	1	0	0	0	0	1	0	0	0	0	1	-1	0	3	0.0762	9	0.0058064	0	0	0	0	0	0	0	0	0	0	0	0	0	0	1	0	0	0	9.203803
141	0	1	0	0	4	0	1	0	1	0	0	1	0	0	1	0	0	0	0	0	0	0	0	0.0254	0	0.0006452	0	0	0	0	0	0	0	0	0	0	0	0	0	0	0	0	0	0	8.099738
141	1	1	0	0	1	0	1	0	1	0	0	1	0	0	1	0	0	0	0	0	0	0	4	0.0508001	16	0.0025806	0	0	0	0	0	0	0	0	0	0	0	0	0	0	0	0	0	0	8.099738
141	0	0	0	0	3	0	0	0	0	0	0	0	0	0	0	0	0	0	0	0	0	0	5	0.0762	25	0.0058064	0	0	0	0	0	0	0	0	0	0	0	0	0	1	0	0	0	0	9.203803
145	1	0	0	0	1	0	1	0	1	0	0	1	0	0	1	0	0	0	1	0	0	0	5	0.127	25	0.016129	0	0	0	0	0	0	0	0	0	0	0	0	0	0	0	0	0	0	8.099738
145	0	0	0	0	3	0	0	0	0	0	0	0	0	0	0	0	0	0	1	1	0	0	6	0.2286	36	0.052258	0	0	0	0	0	0	0	0	0	0	1	0	0	0	0	0	0	0	8.673765
145	0	1	0	0	1	0	0	0	0	0	0	0	0	0	0	0	0	0	0	1	0	0	7	0.1524	49	0.0232258	0	0	0	0	0	0	0	0	0	0	1	0	0	0	0	0	0	0	8.673765
145	0	1	0	0	0	1	0	1	0	0	0	1	0	0	0	0	0	0	0	0	0	0	6	0.0508001	36	0.0025806	0	0	0	0	0	0	0	0	0	0	0	0	0	0	0	0	0	0	8.673765
145	0	0	0	0	0	1	0	0	0	0	0	0	0	0	0	0	0	0	1	1	0	0	4	0.1016001	16	0.0103226	0	0	0	0	0	0	0	0	0	0	1	0	0	0	0	0	0	0	8.612476
145	0	1	0	0	1	0	0	0	0	1	1	0	0	0	0	0	0	0	0	1	0	0	11	0.127	121	0.016129	0	0	0	0	0	0	0	0	0	0	1	0	0	0	0	0	0	0	8.099738
145	1	1	0	0	3	0	1	0	1	0	0	0	0	0	1	0	0	0	0	0	0	0	5	0.127	25	0.016129	0	0	0	0	0	0	0	0	0	0	0	0	0	0	0	0	0	0	8.673765
145	1	0	0	0	0	1	0	0	0	0	0	0	0	0	0	0	0	0	1	1	0	0	5	0.1016001	25	0.0103226	0	0	0	0	0	0	0	0	0	0	1	0	0	0	0	0	0	0	8.673765
145	1	1	0	0	0	1	0	0	0	0	0	1	0	0	0	0	0	0	0	1	0	0	9	0.1524	81	0.0232258	0	0	0	0	0	0	0	0	0	0	1	0	0	0	0	0	0	0	8.099738
145	0	1	0	0	4	0	0	0	0	0	0	0	0	0	0	0	0	0	0	1	0	0	4	0.1778001	16	0.0316129	0	0	0	0	0	0	0	0	0	0	0	0	0	0	0	0	0	0	8.099738
145	1	0	0	0	1	0	0	0	1	0	0	0	0	0	0	0	0	0	1	0	0	0	6	0.1524	36	0.0232258	0	0	0	0	0	0	0	0	0	0	1	0	0	0	0	0	0	0	9.104201
145	0	0	0	0	1	0	0	0	0	0	0	0	0	0	0	0	0	0	1	1	0	0	6	0.127	36	0.016129	0	0	0	0	0	0	0	0	0	0	0	0	0	0	0	0	0	0	8.612476
145	0	1	0	0	3	0	0	0	0	0	0	1	0	0	0	0	0	0	0	1	0	0	8	0.127	64	0.016129	0	0	0	0	0	0	0	0	0	0	1	0	0	0	0	0	0	0	8.099738
145	0	0	0	0	1	0	1	1	0	0	0	0	0	0	1	0	0	0	1	0	0	0	5	0.1016001	25	0.0103226	0	0	0	0	0	0	0	0	0	0	0	0	0	0	0	0	0	0	8.744252
145	0	0	0	0	3	0	0	1	0	0	0	1	0	0	0	0	0	0	1	0	0	0	7	0.1524	49	0.0232258	0	0	0	0	0	0	0	0	0	0	0	0	0	0	0	0	0	0	9.451
147	0	0	0	0	0	1	0	0	0	1	0	0	0	0	0	0	0	0	1	1	0	0	4	0.2032	16	0.0412902	0	0	0	0	0	0	0	0	0	0	0	0	0	0	0	0	0	1	8.733533
147	1	0	0	0	1	0	0	0	1	1	1	0	0	1	0	0	0	0	1	0	0	0	6	0.127	36	0.016129	0	0	0	0	0	0	0	0	0	0	1	0	0	0	0	0	0	1	7.95042
147	0	1	0	0	0	1	0	0	1	0	0	1	0	1	0	0	0	0	0	0	0	0	6	0.2032	36	0.0412902	0	0	0	0	0	0	0	0	0	0	1	0	0	0	0	0	0	0	8.989017
147	0	0	0	0	1	0	0	1	0	0	0	0	0	1	0	0	0	0	0	0	0	4	4	0.2286	16	0.052258	0	0	0	0	0	0	0	0	0	0	1	0	0	1	0	0	0	0	9.013688
147	0	1	0	0	1	0	0	0	0	0	0	1	0	0	0	0	0	0	0	1	0	0	2	0.1777999	4	0.0316128	0	0	0	0	0	0	0	0	0	0	0	0	0	0	0	0	0	0	8.973855
147	0	0	0	1	3	0	0	0	1	0	0	1	0	1	0	0	0	0	1	0	0	0	3	0	9	0	0	0	0	1.778	0	0	0	0	0	0	1	0	0	0	0	0	0	1	9.154383
147	0	0	0	0	1	0	0	0	0	0	0	0	0	1	0	0	0	0	1	1	0	0	4	0.1777999	16	0.0316128	0	0	0	0	0	0	0	0	0	0	1	0	0	0	0	0	0	1	8.395303
147	0	0	0	0	1	0	0	0	0	0	0	0	0	1	0	0	0	0	0	1	0	3	6	0.2413	36	0.0582257	0	0	0	0	0	0	0	0	0	0	1	0	0	0	1	0	0	0	9.508165
147	1	0	0	0	2	0	0	0	1	0	0	0	0	1	0	0	0	0	0	0	0	3	6	0.1524	36	0.0232258	0	0	0	0	0	0	0	0	0	0	1	0	0	0	1	0	0	0	9.174689
147	0	0	0	0	0	1	0	1	0	0	0	1	0	1	0	0	0	0	0	0	0	3	4	0.1905	16	0.0362903	0	0	0	0	0	0	0	0	0	0	1	0	0	0	1	0	0	0	8.927071
147	1	1	0	0	1	0	0	0	0	1	0	0	0	0	0	0	0	0	0	1	0	0	3	0.1524	9	0.0232258	0	0	0	0	0	0	0	0	0	0	0	0	0	0	0	0	0	0	8.673765
147	1	0	1	0	1	0	0	0	1	1	1	0	0	0	0	0	0	0	1	0	0	0	0	0.1777999	0	0.0316128	0	31	0	0	0	0	0	0	0	0	0	0	0	0	0	0	0	1	8.673765
147	0	1	1	0	1	0	1	0	1	1	0	0	0	0	0	0	0	0	0	0	0	0	0	0.1524	0	0.0232258	0	31	0	0	0	0	0	0	0	0	0	0	0	0	0	0	0	0	8.744252
147	1	0	0	0	1	0	0	0	1	1	0	0	0	0	0	0	0	0	0	0	0	3	6	0.1524	36	0.0232258	0	0	0	0	0	0	0	0	0	0	0	0	0	0	1	0	0	0	9.508718
147	0	0	0	0	1	0	0	1	0	0	0	1	0	1	0	0	0	0	0	0	0	3	5	0.2032	25	0.0412902	0	0	0	0	0	0	0	0	0	0	1	0	0	0	1	0	0	0	8.525649
151	0	0	0	0	1	0	0	0	0	0	0	1	0	0	0	0	0	0	0	1	0	1	2	0.1396999	4	0.0195161	0	0	0	0	0	0	0	0	1	0	1	0	0	1	0	0	0	0	8.673765
151	0	1	0	0	1	0	1	0	1	0	0	1	0	0	0	0	0	0	0	0	0	0	5	0.0634999	25	0.0040322	0	0	0	0	0	0	0	0	0	1	0	0	0	0	0	0	0	0	8.744252
151	1	0	0	0	1	0	0	0	0	1	0	0	0	0	0	0	0	0	0	1	0	1	6	0.0634999	36	0.0040322	0	0	0	0	0	0	0	0	1	0	1	0	0	1	0	0	0	0	8.613906
151	0	1	0	0	1	0	1	0	1	1	0	0	0	0	0	0	0	0	0	0	0	0	2	0.0381	4	0.0014516	0	0	0	0	0	0	0	0	0	1	0	0	0	0	0	0	0	0	8.613906
151	0	0	0	0	1	0	0	0	1	1	0	0	0	0	0	0	0	0	0	0	0	0	2	0.1142999	4	0.0130645	0	0	0	0	0	0	0	0	0	0	1	0	0	0	1	0	0	0	8.613906
151	0	0	0	0	1	0	1	0	1	1	0	0	0	0	0	0	0	0	0	0	0	1	5	0.1396999	25	0.0195161	0	0	0	0	0	0	0	0	1	0	0	0	0	1	0	0	0	0	8.744252
151	1	0	0	0	1	0	0	0	1	1	1	0	0	0	0	0	0	0	1	0	0	0	4	0.1651	16	0.027258	0	0	0	0	0	0	0	1	0	0	1	0	0	0	1	0	0	0	8.613906
151	0	0	0	0	1	0	1	0	0	0	0	1	0	0	0	0	0	0	0	1	-1	0	3	0.0889	9	0.0079032	0	0	0	0	0	0	0	0	-1	0	0	0	0	0	0	1	0	0	8.543419
151	0	1	0	0	3	0	0	0	1	0	0	1	0	0	0	0	0	0	0	0	0	0	3	0.1396999	9	0.0195161	0	0	0	0	0	0	0	0	0	1	1	0	0	0	0	0	0	0	8.744252
151	0	0	0	0	1	0	0	0	0	1	0	0	0	0	0	0	0	0	1	1	0	0	4	0.127	16	0.016129	0	0	0	0	0	0	0	1	0	0	0	0	0	0	1	0	0	0	8.099738
151	1	0	0	0	1	0	0	1	0	1	0	0	0	0	0	0	0	0	1	0	0	0	6	0.1396999	36	0.0195161	0	0	0	0	0	0	0	1	0	0	0	0	0	0	1	0	0	0	8.613906
151	0	0	0	0	2	0	0	0	0	0	0	0	0	0	0	0	0	0	0	1	-3	0	2	0.1142999	4	0.0130645	0	0	0	0	0	0	0	0	-3	0	1	0	0	0	0	0	0	1	9.621386
151	0	0	0	0	1	0	1	1	0	0	0	0	0	0	0	0	0	0	0	0	0	0	3	0.1142999	9	0.0130645	0	0	0	0	0	0	0	0	0	0	0	0	0	0	1	0	0	0	9.151115
154	1	0	0	0	1	0	0	0	0	0	0	1	0	1	0	0	0	0	1	1	0	0	8	0.0761999	64	0.0058064	0	0	0	0	0	0	0	0	0	0	1	0	0	0	0	0	0	1	8.099738
154	0	0	0	0	1	0	0	0	0	0	0	0	0	1	0	0	0	0	1	1	0	0	5	0.1523999	25	0.0232257	0	0	0	0	0	0	0	0	0	0	1	0	0	0	0	0	0	1	9.043353
154	0	1	0	0	1	0	0	0	1	0	0	1	0	1	0	0	0	0	0	0	0	0	3	0.0508	9	0.0025806	0	0	0	0	0	0	0	0	0	0	1	0	0	0	0	0	0	0	8.673765
154	0	0	0	0	4	0	0	1	0	0	0	0	0	0	0	0	0	0	1	0	0	0	5	0.0761999	25	0.0058064	0	0	0	0	0	0	0	0	0	0	0	0	0	0	0	0	0	1	8.673765
154	0	1	0	0	1	0	0	0	0	1	0	0	0	0	0	0	0	0	0	1	0	0	4	0.0508	16	0.0025806	0	0	0	0	0	0	0	0	0	0	0	0	0	0	0	0	0	0	8.673765
154	0	0	0	0	1	0	0	0	0	0	0	1	0	0	0	0	0	0	1	1	0	0	7	0.0889	49	0.0079032	0	0	0	0	0	0	0	0	0	0	0	0	0	0	0	0	0	1	8.673765
154	1	1	0	0	1	0	0	0	1	0	0	0	0	1	0	0	0	0	0	0	0	0	3	0.0253999	9	0.0006452	0	0	0	0	0	0	0	0	0	0	1	0	0	0	0	0	0	0	8.673765
154	0	1	0	0	1	0	0	0	1	0	0	1	0	1	0	0	0	0	0	0	0	0	4	0.1015999	16	0.0103225	0	0	0	0	0	0	0	0	0	0	1	0	0	0	0	0	0	0	8.673765
154	0	0	0	0	1	0	0	0	0	1	0	0	0	0	0	0	0	0	1	1	0	0	6	0.1015999	36	0.0103225	0	0	0	0	0	0	0	0	0	0	0	0	0	0	0	0	0	1	8.673765
154	0	1	0	0	2	0	0	0	1	0	0	1	0	1	0	0	0	0	0	0	0	0	10	0.0253999	100	0.0006452	0	0	0	0	0	0	0	0	0	0	1	0	0	0	0	0	0	0	8.099738
154	0	1	0	0	1	0	0	0	1	1	0	0	0	1	0	0	0	0	0	0	0	0	2	0.0253999	4	0.0006452	0	0	0	0	0	0	0	0	0	0	1	0	0	0	0	0	0	0	8.673765
154	0	1	0	0	0	1	0	0	1	0	0	1	0	0	0	0	0	0	0	0	0	0	8	0.1523999	64	0.0232257	0	0	0	0	0	0	0	0	0	0	0	0	0	0	0	0	0	0	8.525649
154	1	0	0	0	1	0	0	0	0	1	0	0	0	1	0	0	0	0	1	1	0	0	8	0.1015999	64	0.0103225	0	0	0	0	0	0	0	0	0	0	1	0	0	0	0	0	0	1	8.673765
158	0	1	0	0	3	0	1	0	1	1	0	0	0	0	1	0	0	0	0	0	0	0	9	0	81	0	0	0	1.5748	0	0	0	0	0	0	1	0	0	0	0	0	0	0	0	8.673765
158	1	1	1	1	1	0	1	0	1	0	0	0	0	0	1	0	0	1	0	0	0	0	0	0	0	0	0	35	0	0	0	0	0	0	0	1	0	0	0	0	0	0	0	0	8.612476
158	0	1	0	0	1	0	1	0	1	0	0	0	0	0	1	0	0	0	0	0	0	0	6	0	36	0	0	0	1.5494	0	0	0	0	0	0	1	0	0	0	0	0	0	0	0	8.673765
158	1	0	0	0	1	0	1	0	1	0	0	1	0	0	1	0	0	0	0	0	0	4	8	0	64	0	0	0	1.524	0	0	0	0	0	4	0	0	0	0	0	0	0	0	0	8.525649
158	0	1	0	0	1	0	1	0	0	0	0	0	0	0	1	0	0	0	0	0	0	0	8	0	64	0	0	0	1.524	0	0	0	0	0	0	1	0	0	0	0	0	0	0	0	8.673765
158	0	1	0	0	3	0	1	0	0	0	0	0	0	0	1	0	0	0	0	0	0	0	7	0	49	0	0	0	1.5748	0	0	0	0	0	0	1	0	0	0	0	0	0	0	0	8.530174
158	1	1	0	0	2	0	0	0	1	0	0	1	0	0	0	0	0	0	0	0	0	0	9	0	81	0	0	0	1.524	0	0	0	0	0	0	1	1	0	0	0	0	0	0	0	8.973855
158	0	0	0	0	1	0	1	0	0	0	0	0	0	0	1	0	0	0	0	0	0	1	8	0	64	0	0	0	1.5494	0	0	0	0	0	1	0	0	0	0	1	0	0	0	0	8.673765
158	1	1	0	0	3	0	0	1	0	0	0	0	0	0	0	0	0	0	0	1	0	0	9	0	81	0	0	0	1.5494	0	0	0	0	0	0	1	1	0	0	0	0	0	0	0	8.744252
158	0	0	0	0	3	0	0	1	0	0	0	0	0	0	0	0	0	0	0	1	-3	0	12	0	144	0	0	0	1.5748	0	0	0	0	0	-3	0	0	0	0	0	0	0	0	1	8.099738
158	0	0	0	0	1	0	0	1	0	1	0	0	0	0	0	0	0	0	0	1	0	0	6	0	36	0	0	0	1.6002	0	0	0	0	0	0	0	0	0	0	0	1	0	0	0	8.543419
158	0	0	0	0	1	0	1	1	0	1	1	0	0	0	1	0	0	0	0	1	-1	0	6	0	36	0	0	0	1.6002	0	0	0	0	0	-1	0	0	0	0	0	0	1	0	0	9.203803
158	0	1	0	0	3	0	1	0	0	0	0	1	0	0	1	0	0	0	0	0	0	0	5	0	25	0	0	0	1.6002	0	0	0	0	0	0	1	0	0	0	0	0	0	0	0	8.099738
158	0	0	0	0	1	0	0	1	0	0	0	0	0	0	0	0	0	0	0	1	-1	0	4	0	16	0	0	0	1.5748	0	0	0	0	0	-1	0	1	0	0	0	0	1	0	0	8.099738
158	1	0	0	0	1	0	1	1	0	1	1	0	0	0	1	0	0	0	0	1	0	0	5	0	25	0	0	0	1.5494	0	0	0	0	0	0	0	0	0	0	0	1	0	0	0	7.95042
159	0	0	0	0	1	0	0	1	0	1	0	0	0	0	0	0	0	0	1	0	0	0	2	0.127	4	0.016129	0	0	0	0	0	0	0	0	0	0	0	0	0	0	0	1	0	0	8.543419
159	0	1	0	0	1	0	1	0	0	0	0	0	0	0	0	0	0	0	0	0	0	0	4	0.1015999	16	0.0103225	0	0	0	0	0	0	0	0	0	0	0	0	0	0	0	0	0	0	8.543419
159	0	0	0	0	1	0	0	0	0	1	0	0	0	1	0	0	0	0	0	0	0	1	5	0.1523999	25	0.0232257	0	0	0	0	0	0	0	0	0	0	1	0	0	0	1	0	0	0	8.673765
159	0	0	0	0	1	0	0	0	0	1	0	0	0	1	0	0	0	0	0	0	0	2	5	0.127	25	0.016129	0	0	0	0	0	0	0	0	0	0	1	0	0	1	0	0	0	0	8.673765
159	0	1	0	1	0	1	0	0	1	0	0	0	0	1	0	1	0	0	0	0	0	0	1	0	1	0	0	0	0	1.6764	0	0	0	0	0	0	1	0	0	0	0	0	0	0	8.744252
159	0	0	0	0	0	1	0	1	0	0	0	1	0	0	0	0	0	0	0	0	0	1	4	0.1015999	16	0.0103225	0	0	0	0	0	0	0	0	0	0	0	0	0	0	1	0	0	0	8.673765
159	0	0	0	0	1	0	0	0	1	1	0	0	0	0	0	1	0	0	1	0	0	0	4	0.1523999	16	0.0232257	0	0	0	0	0	0	0	0	0	0	0	0	0	0	0	1	0	0	8.744252
159	0	0	0	0	1	0	1	0	1	1	0	0	0	0	0	1	0	0	0	0	0	0	3	0.0761999	9	0.0058064	0	0	0	0	0	0	0	0	0	0	0	0	0	0	0	1	0	0	8.673765
159	0	1	0	0	1	0	0	0	1	0	0	1	0	0	0	1	0	0	0	0	0	0	3	0.0761999	9	0.0058064	0	0	0	0	0	0	0	0	0	0	0	0	0	0	0	0	0	0	8.673765
159	0	0	0	0	2	0	1	0	1	0	0	0	0	0	0	1	0	0	0	0	0	0	1	0.0508	1	0.0025806	0	0	0	0	0	0	0	0	0	0	0	0	0	0	0	1	0	0	9.113841
160	0	0	0	0	2	0	0	0	0	1	0	0	0	0	0	0	0	0	1	1	0	0	6	0.127	36	0.016129	0	0	0	0	0	0	0	0	0	0	1	0	0	1	0	0	0	0	8.099738
160	0	0	0	0	1	0	0	1	0	0	0	0	0	0	0	0	0	0	0	0	-2	0	12	0.1524	144	0.0232258	0	0	0	0	0	0	0	0	0	0	0	0	0	0	0	1	0	0	8.744252
160	0	1	0	1	0	1	1	0	1	0	0	0	0	0	1	0	0	0	0	0	0	0	11	0	121	0	0	0	0	1.7018	0	0	0	0	0	0	0	0	0	0	0	0	0	0	7.95042
160	0	0	0	1	2	0	0	1	0	0	0	0	0	0	0	0	0	0	1	0	0	0	10	0	100	0	0	0	0	1.7018	0	0	0	0	0	0	0	0	0	1	0	0	0	0	9.203803
160	1	0	0	1	2	0	0	0	0	0	0	0	0	0	0	0	0	0	1	1	0	0	13	0	169	0	0	0	0	1.7018	0	0	0	0	0	0	1	0	0	1	0	0	0	0	8.612476
160	0	0	0	0	1	0	0	1	0	0	0	1	0	0	0	0	0	0	0	0	-1	0	10	0.127	100	0.016129	0	0	0	0	0	0	0	0	0	0	1	0	0	0	1	0	0	0	8.673765
160	0	0	0	0	2	0	0	0	0	0	0	0	0	0	0	0	0	0	1	1	0	0	10	0.2286	100	0.052258	0	0	0	0	0	0	0	0	0	0	0	0	0	1	0	0	0	0	8.612476
160	0	1	0	1	1	0	0	0	1	1	0	0	0	0	0	0	0	0	0	0	0	0	23	0	529	0	0	0	0	1.7018	0	0	0	0	0	0	0	0	0	0	0	0	0	0	7.95042
160	1	0	0	0	1	0	0	0	0	1	0	0	0	0	0	0	0	0	1	1	0	0	12	0.127	144	0.016129	0	0	0	0	0	0	0	0	0	0	1	0	0	1	0	0	0	0	8.673765
160	0	1	0	0	1	0	0	0	1	0	0	1	0	0	0	0	0	0	0	0	0	0	6	0.0254	36	0.0006452	0	0	0	0	0	0	0	0	0	0	1	0	0	0	0	0	0	0	8.380857
160	1	1	0	1	1	0	0	1	0	1	1	0	0	0	0	0	0	0	0	0	0	0	12	0	144	0	0	0	0	1.7018	0	0	0	0	0	0	1	0	0	0	0	0	0	0	8.673765
160	0	0	1	1	0	1	0	1	0	0	0	1	0	0	0	0	0	0	0	0	-1	0	0	0	0	0	0	50	0	1.7018	0	0	0	0	0	0	0	0	0	0	1	0	0	0	7.95042
160	1	0	0	1	0	1	0	0	0	0	0	0	0	0	0	0	0	0	1	1	0	0	13	0	169	0	0	0	0	1.7018	0	0	0	0	0	0	1	0	0	1	0	0	0	0	9.104201
160	0	1	0	0	4	0	0	0	1	1	1	0	0	0	0	0	0	0	0	0	0	0	3	0.0762	9	0.0058064	0	0	0	0	0	0	0	0	0	0	0	0	0	0	0	0	0	0	9.104201
160	1	0	0	0	1	0	0	0	0	0	0	0	0	0	0	0	0	0	1	1	0	0	13	0.0762	169	0.0058064	0	0	0	0	0	0	0	0	0	0	1	0	0	1	0	0	0	0	8.543419
161	0	0	0	0	1	0	0	1	0	1	0	0	0	1	0	0	0	0	0	0	-3	0	3	0.1778001	9	0.0316129	0	0	0	0	0	0	0	0	0	0	1	0	0	1	0	0	0	0	8.744252
161	0	1	0	0	1	0	1	1	0	1	0	0	0	0	0	0	0	0	0	0	0	0	5	0.2540001	25	0.064516	0	0	0	0	0	0	0	0	0	0	0	0	0	0	0	0	0	0	8.673765
161	1	0	0	0	0	1	0	0	0	1	1	0	0	0	0	0	0	0	1	1	0	0	5	0.1778001	25	0.0316129	0	0	0	0	0	0	0	0	0	0	0	0	0	0	0	0	0	0	8.673765
161	0	0	1	1	0	1	0	0	0	0	0	1	0	1	0	0	0	0	0	1	-3	0	0	0	0	0	0	29	0	1.8034	0	0	0	0	0	0	1	0	0	1	0	0	0	0	7.95042
161	0	0	0	0	1	0	0	1	0	0	0	0	0	1	0	0	0	0	0	0	-3	0	4	0.2540001	16	0.064516	0	0	0	0	0	0	0	0	0	0	1	0	0	1	0	0	0	0	8.543419
161	0	1	0	0	0	1	0	0	1	0	0	1	0	1	0	0	0	0	0	0	0	0	6	0.2286	36	0.052258	0	0	0	0	0	0	0	0	0	0	1	0	0	0	0	0	0	0	8.099738
161	1	1	1	0	0	1	0	0	0	0	0	0	0	1	0	0	0	0	0	1	0	0	0	0.2286	0	0.052258	0	29	0	0	0	0	0	0	0	0	1	0	0	0	0	0	0	0	8.744252
161	0	0	0	0	1	0	0	1	0	0	0	1	0	0	0	0	0	0	0	0	-3	0	6	0.1270001	36	0.016129	0	0	0	0	0	0	0	0	0	0	0	0	0	1	0	0	0	0	8.673765
161	1	1	0	0	1	0	0	0	0	0	0	0	0	0	0	0	0	0	0	1	0	0	5	0.2032	25	0.0412902	0	0	0	0	0	0	0	0	0	0	0	0	0	0	0	0	0	0	8.673765
161	0	1	0	0	1	0	0	0	0	0	0	1	0	1	0	0	0	0	0	1	0	0	7	0.1524	49	0.0232258	0	0	0	0	0	0	0	0	0	0	1	0	0	0	0	0	0	0	8.525649
161	0	0	0	0	1	0	0	0	0	1	0	0	0	1	0	0	0	0	1	1	0	0	6	0.2286	36	0.052258	0	0	0	0	0	0	0	0	0	0	1	0	0	0	0	0	0	0	8.673765
161	1	0	0	0	3	0	0	0	0	0	0	0	0	0	0	0	0	0	1	1	0	0	4	0.1778001	16	0.0316129	0	0	0	0	0	0	0	0	0	0	0	0	0	0	0	0	0	0	8.613906
161	0	1	0	0	1	0	0	0	0	1	0	0	0	1	0	0	0	0	0	1	0	0	3	0.2032	9	0.0412902	0	0	0	0	0	0	0	0	0	0	1	0	0	0	0	0	0	0	8.543419
161	0	0	0	0	1	0	0	0	1	0	0	0	0	1	0	0	0	0	1	0	0	0	6	0.2286	36	0.052258	0	0	0	0	0	0	0	0	0	0	1	0	0	0	0	0	0	0	8.525649
161	1	1	0	0	0	1	0	0	0	1	1	0	0	1	0	0	0	0	0	1	0	0	5	0.2286	25	0.052258	0	0	0	0	0	0	0	0	0	0	1	0	0	0	0	0	0	0	8.673765
162	0	0	0	0	1	0	0	0	0	0	0	0	0	0	0	0	0	0	1	1	0	0	4	0.1396999	16	0.0195161	0	0	0	0	0	0	0	0	0	0	0	0	0	1	0	0	0	0	8.673765
162	0	0	0	0	1	0	1	0	0	1	0	0	0	0	0	0	0	0	0	1	-1	0	7	0.127	49	0.016129	0	0	0	0	0	0	0	0	0	0	0	0	0	0	1	0	0	0	9.203803
162	1	0	0	1	0	1	0	0	0	1	1	0	0	0	0	0	0	0	1	1	0	0	6	0	36	0	0	0	0	1.7018	0	0	0	0	0	0	0	0	0	1	0	0	0	0	8.543419
162	0	1	0	0	1	0	0	0	0	0	0	0	0	0	0	0	0	0	0	1	0	0	7	0.1524	49	0.0232258	0	0	0	0	0	0	0	0	0	0	0	0	0	0	0	0	0	0	8.525649
162	0	1	0	1	1	0	0	0	0	1	0	0	0	1	0	0	0	0	0	1	0	0	11	0	121	0	0	0	0	1.7018	0	0	0	0	0	0	1	0	0	0	0	0	0	0	7.95042
162	1	1	0	0	0	1	0	1	0	0	0	1	0	0	0	0	0	0	0	0	0	0	7	0.1015999	49	0.0103225	0	0	0	0	0	0	0	0	0	0	0	0	0	0	0	0	0	0	8.099738
162	1	1	0	0	1	0	0	0	1	0	0	1	0	1	0	0	0	0	0	0	0	0	8	0.0762	64	0.0058064	0	0	0	0	0	0	0	0	0	0	1	0	0	0	0	0	0	0	8.099738
162	0	1	0	0	1	0	0	0	0	1	1	0	0	1	0	0	0	0	0	1	0	0	6	0.1777999	36	0.0316128	0	0	0	0	0	0	0	0	0	0	1	0	0	0	0	0	0	0	8.744252
162	1	0	0	0	0	1	1	0	1	0	0	1	0	0	0	0	0	0	0	0	-1	0	10	0.127	100	0.016129	0	0	0	0	0	0	0	0	0	0	0	0	0	0	1	0	0	0	8.099738
162	1	1	0	0	1	0	0	0	1	0	0	1	0	0	0	0	0	0	0	0	0	0	3	0.127	9	0.016129	0	0	0	0	0	0	0	0	0	0	0	0	0	0	0	0	0	0	8.744252
166	1	0	0	0	1	0	0	1	0	1	1	0	0	0	0	0	0	0	1	0	0	0	4	0.127	16	0.016129	0	0	0	0	0	0	0	0	0	0	0	0	0	0	0	1	0	0	8.543419
166	0	0	0	0	0	1	0	1	0	0	0	0	0	0	0	0	0	0	0	0	0	2	3	0.127	9	0.016129	0	0	0	0	0	0	0	0	0	0	0	0	0	1	0	0	0	0	9.444125
166	0	0	0	0	1	0	0	1	0	1	1	0	0	0	0	0	0	0	0	0	0	0	7	0.0508	49	0.0025806	0	0	0	0	0	0	0	0	0	0	1	0	0	0	0	1	0	0	8.673765
166	1	0	0	0	3	0	0	1	0	0	0	0	0	0	0	0	0	0	1	0	0	0	8	0.1015999	64	0.0103225	0	0	0	0	0	0	0	0	0	0	1	0	0	0	0	1	0	0	9.113841
166	0	0	0	0	2	0	0	1	0	0	0	0	0	0	0	0	0	0	1	0	0	0	8	0.0889	64	0.0079032	0	0	0	0	0	0	0	0	0	0	1	0	0	0	0	1	0	0	8.543419
166	0	0	0	0	1	0	0	1	0	0	0	1	0	0	0	0	0	0	1	0	0	0	7	0.1524	49	0.0232258	0	0	0	0	0	0	0	0	0	0	1	0	0	0	0	1	0	0	8.099738
166	1	0	0	0	1	0	0	1	0	0	0	0	0	0	0	0	0	0	1	0	0	0	8	0.127	64	0.016129	0	0	0	0	0	0	0	0	0	0	0	0	0	0	0	1	0	0	8.543419
166	0	0	0	0	1	0	0	0	0	1	0	0	0	0	0	0	0	0	0	1	0	1	7	0.127	49	0.016129	0	0	0	0	0	0	0	0	0	0	1	0	0	0	1	0	0	0	8.543419
166	0	0	0	0	1	0	0	1	0	1	0	0	0	0	0	0	0	0	0	0	0	1	7	0.127	49	0.016129	0	0	0	0	0	0	0	0	0	0	1	0	0	0	1	0	0	0	8.911333
166	1	1	0	0	1	0	0	1	0	1	0	0	0	0	0	0	0	0	0	0	0	0	9	0.1524	81	0.0232258	0	0	0	0	0	0	0	0	0	0	0	0	0	0	0	0	0	0	8.673765
166	0	0	0	0	1	0	0	0	1	0	0	1	0	0	0	0	0	0	0	0	0	1	8	0.1015999	64	0.0103225	0	0	0	0	0	0	0	0	0	0	1	0	0	0	1	0	0	0	8.744252
166	1	0	0	0	1	0	0	0	1	1	0	0	0	0	0	0	0	0	0	0	0	1	7	0.1015999	49	0.0103225	0	0	0	0	0	0	0	0	0	0	1	0	0	0	1	0	0	0	8.525649
166	0	0	0	0	0	1	0	0	0	0	0	0	0	0	0	0	0	0	0	1	0	1	6	0.0762	36	0.0058064	0	0	0	0	0	0	0	0	0	0	1	0	0	0	1	0	0	0	8.543419
166	0	0	0	0	1	0	0	1	0	1	0	0	0	0	0	0	0	0	0	0	0	2	6	0.1015999	36	0.0103225	0	0	0	0	0	0	0	0	0	0	0	0	0	1	0	0	0	0	8.744252
166	0	0	0	0	1	0	0	1	0	0	0	1	0	0	0	0	0	0	1	0	0	0	4	0.0762	16	0.0058064	0	0	0	0	0	0	0	0	0	0	1	0	0	0	0	1	0	0	8.673765
168	0	0	0	0	2	0	0	1	0	1	1	0	0	1	0	0	0	0	0	1	0	1	5	0.2218	25	0.0491952	0	0	0	0	0	0	0	0	1	0	1	0	0	0	1	0	0	0	8.099738
168	0	0	0	0	1	0	0	1	0	0	0	0	0	0	0	0	0	0	0	1	0	0	6	0.127	36	0.016129	0	0	0	0	0	0	0	0	0	0	0	0	0	0	0	1	0	0	8.099738
168	0	0	0	0	1	0	0	1	0	0	0	0	0	0	0	0	0	0	1	1	0	0	5	0.0762	25	0.0058064	0	0	0	0	0	0	0	1	0	0	0	0	0	0	0	1	0	0	8.099738
168	1	0	0	0	2	0	1	0	1	0	0	1	0	0	0	0	0	0	0	0	0	1	3	0.0762	9	0.0058064	0	0	0	0	0	0	0	0	1	0	0	0	0	0	1	0	0	0	8.673765
168	1	0	0	0	1	0	0	1	0	0	0	1	0	0	0	0	0	0	1	1	0	0	7	0.127	49	0.016129	0	0	0	0	0	0	0	1	0	0	0	0	0	0	0	1	0	0	8.525649
168	1	0	0	0	1	0	0	1	0	1	1	0	0	0	0	0	0	0	1	1	0	0	6	0.1524	36	0.0232258	0	0	0	0	0	0	0	1	0	0	0	0	0	0	0	1	0	0	8.525649
168	0	0	0	0	2	0	0	0	0	1	0	0	0	0	0	0	0	0	0	0	0	2	6	0.1015999	36	0.0103225	0	0	0	0	0	0	0	0	2	0	0	0	0	1	0	0	0	0	8.612476
168	0	0	0	0	1	0	0	0	1	0	0	0	0	1	0	0	0	0	0	0	0	2	5	0.1777999	25	0.0316128	0	0	0	0	0	0	0	0	2	0	1	0	0	1	0	0	0	0	8.673765
168	0	0	0	0	1	0	1	0	0	0	0	1	0	0	0	0	0	0	0	0	0	1	4	0.0762	16	0.0058064	0	0	0	0	0	0	0	0	1	0	0	0	0	0	1	0	0	0	8.744252
168	0	0	0	0	2	0	0	1	0	0	0	0	0	1	0	0	0	0	0	1	0	1	4	0.2286	16	0.052258	0	0	0	0	0	0	0	0	1	0	1	0	0	0	1	0	0	0	8.543419
168	1	1	0	0	1	0	0	1	0	1	0	0	0	0	0	0	0	0	0	1	0	0	4	0.1524	16	0.0232258	0	0	0	0	0	0	0	0	0	1	0	0	0	0	0	0	0	0	8.673765
168	0	0	0	0	3	0	0	1	0	0	0	0	0	1	0	0	0	0	0	1	0	5	4	0.1777999	16	0.0316128	0	0	0	0	0	0	0	0	5	0	1	0	0	0	0	0	0	0	8.099738
168	0	0	0	0	4	0	1	0	1	0	0	0	0	0	0	0	0	0	0	0	0	0	4	0.1015999	16	0.0103225	0	0	0	0	0	0	0	0	0	0	0	0	0	0	0	1	0	0	8.673765
168	1	0	0	0	0	1	0	1	0	0	0	1	0	0	0	0	0	0	0	1	0	2	7	0.1015999	49	0.0103225	0	0	0	0	0	0	0	0	2	0	0	0	0	1	0	0	0	0	8.673765
170	1	1	0	0	1	0	0	0	0	0	0	0	0	0	0	0	0	0	0	0	0	0	5	0.0508	25	0.0025806	0	0	0	0	0	0	0	0	0	1	0	0	0	0	0	0	0	0	8.673765
170	0	0	1	1	1	0	1	1	0	0	0	1	0	0	1	0	0	0	0	0	0	0	0	0	0	0	0	27	0	1.6764	0	0	0	0	0	0	0	0	0	0	1	0	0	0	8.099738
170	0	1	0	0	1	0	0	1	0	1	0	0	0	0	0	0	0	0	0	0	0	0	3	0.1015999	9	0.0103225	0	0	0	0	0	0	0	0	0	1	0	0	0	0	0	0	0	0	8.543419
170	0	1	0	0	1	0	0	1	0	0	0	0	0	0	0	0	0	0	0	0	0	0	4	0.0761999	16	0.0058064	0	0	0	0	0	0	0	0	0	1	0	0	0	0	0	0	0	0	8.673765
170	1	1	0	0	1	0	1	1	0	0	0	1	0	0	1	0	0	0	0	0	0	0	5	-0.0508001	25	0.0025806	0	0	0	0	0	0	0	0	0	1	0	0	0	0	0	0	0	0	8.099738
170	0	0	0	0	1	0	0	0	0	1	1	0	0	0	0	0	0	0	1	0	0	0	6	0.1015999	36	0.0103225	0	0	0	0	0	0	0	1	0	0	1	0	0	0	1	0	0	0	8.673765
170	1	1	0	0	1	0	0	0	1	1	1	0	0	0	0	1	0	0	0	0	0	0	5	0.127	25	0.016129	0	0	0	0	0	0	0	0	0	1	0	0	0	0	0	0	0	0	8.673765
170	0	0	0	0	1	0	0	0	1	0	0	0	0	0	0	1	0	0	0	0	0	0	5	0.1015999	25	0.0103225	0	0	0	0	0	0	0	0	0	0	1	0	0	0	1	0	0	0	8.673765
170	0	1	0	0	0	1	1	0	1	0	0	1	0	0	1	1	0	0	0	0	0	0	2	0.1015999	4	0.0103225	0	0	0	0	0	0	0	0	0	1	0	0	0	0	0	0	0	0	8.673765
170	0	0	0	0	4	0	0	0	0	1	1	0	0	0	0	0	0	0	0	0	-3	0	5	0.0889	25	0.0079032	0	0	0	0	0	0	0	0	-3	0	0	0	0	0	0	0	0	1	8.543419
170	0	1	0	0	0	1	1	0	1	0	0	0	0	0	1	1	0	0	0	0	0	0	6	0.0761999	36	0.0058064	0	0	0	0	0	0	0	0	0	1	0	0	0	0	0	0	0	0	8.673765
170	0	0	0	0	1	0	1	1	0	0	0	0	0	0	1	0	0	0	0	0	0	0	4	0.127	16	0.016129	0	0	0	0	0	0	0	0	0	0	0	0	0	0	1	0	0	0	8.673765
170	1	1	0	0	0	1	0	1	0	0	0	0	0	0	0	0	0	0	0	0	0	0	2	0.1523999	4	0.0232257	0	0	0	0	0	0	0	0	0	1	0	0	0	0	0	0	0	0	8.673765
170	1	0	0	0	1	0	0	1	0	0	0	0	0	0	0	0	0	0	0	0	0	4	4	0.1015999	16	0.0103225	0	0	0	0	0	0	0	0	4	0	0	0	0	0	0	0	0	0	8.525649
170	0	1	0	1	0	1	0	0	1	0	0	1	0	0	0	1	0	0	0	0	0	0	5	0	25	0	0	0	0	1.6764	0	0	0	0	0	1	0	0	0	0	0	0	0	0	8.673765
172	0	1	0	0	1	0	0	0	1	0	0	0	0	0	0	0	0	0	0	0	0	0	5	0.1524	25	0.0232258	0	0	0	0	0	0	0	0	0	0	0	0	0	0	0	0	0	0	8.673765
172	0	1	0	0	1	0	1	0	1	0	0	1	0	0	1	0	0	0	0	0	0	0	10	0.0762	100	0.0058064	0	0	0	0	0	0	0	0	0	0	0	0	0	0	0	0	0	0	8.612476
172	0	0	0	0	1	0	0	1	0	1	0	0	0	0	0	0	0	0	1	1	0	0	6	0.1772001	36	0.0313999	0	0	0	0	0	0	0	0	0	0	0	0	0	1	0	0	0	0	8.613906
172	1	0	0	0	1	0	1	0	0	1	0	0	0	0	1	0	0	0	0	0	0	3	4	0.1143	16	0.0130645	0	0	0	0	0	0	0	0	0	0	0	0	0	0	0	0	0	0	8.543419
172	0	0	0	0	0	1	0	1	0	0	0	0	0	0	0	0	0	0	1	1	0	0	4	0.1524	16	0.0232258	0	0	0	0	0	0	0	0	0	0	1	0	0	1	0	0	0	0	8.673765
172	0	0	0	0	1	0	0	0	1	0	0	0	0	0	0	0	0	0	0	0	-2	0	5	0.1524	25	0.0232258	0	0	0	0	0	0	0	0	0	0	1	0	0	0	0	1	0	0	8.673765
172	1	1	0	0	1	0	0	1	0	0	0	0	0	0	0	0	0	0	0	1	0	0	8	0.1397001	64	0.0195161	0	0	0	0	0	0	0	0	0	0	1	0	0	0	0	0	0	0	8.973855
172	0	1	0	0	1	0	0	0	0	0	0	1	0	0	0	0	0	0	0	0	0	0	3	0.127	9	0.016129	0	0	0	0	0	0	0	0	0	0	0	0	0	0	0	0	0	0	8.973855
172	0	0	0	0	3	0	0	0	1	0	0	0	0	0	0	0	0	0	0	0	-2	0	8	0.1524	64	0.0232258	0	0	0	0	0	0	0	0	0	0	0	0	0	0	0	1	0	0	8.613906
172	1	0	0	0	1	0	0	1	0	1	0	0	0	0	0	0	0	0	1	1	0	0	5	0.127	25	0.016129	0	0	0	0	0	0	0	0	0	0	1	0	0	1	0	0	0	0	8.613906
172	0	0	0	0	1	0	0	1	0	1	0	0	0	0	0	0	0	0	1	1	0	0	10	0.1016001	100	0.0103226	0	0	0	0	0	0	0	0	0	0	0	0	0	1	0	0	0	0	8.673765
172	0	1	0	0	1	0	1	1	0	0	0	1	0	0	1	0	0	0	0	1	0	0	6	0.1016001	36	0.0103226	0	0	0	0	0	0	0	0	0	0	0	0	0	0	0	0	0	0	8.673765
172	1	0	0	0	2	0	0	1	0	1	0	0	0	0	0	0	0	0	1	1	0	0	5	0.1397001	25	0.0195161	0	0	0	0	0	0	0	0	0	0	1	0	0	1	0	0	0	0	8.543419
172	1	0	0	0	1	0	0	1	0	0	0	1	0	0	0	0	0	0	0	1	-2	0	6	0.1524	36	0.0232258	0	0	0	0	0	0	0	0	0	0	1	0	0	0	0	1	0	0	8.613906
172	0	0	0	0	1	0	0	1	0	0	0	0	0	0	0	0	0	0	0	1	-1	0	5	0.0762	25	0.0058064	0	0	0	0	0	0	0	0	0	0	1	0	0	0	1	0	0	0	8.613906
173	0	1	0	0	2	0	0	0	0	0	0	1	0	0	0	0	0	0	0	0	0	0	6	0.0889	36	0.0079032	0	0	0	0	0	0	1	0	0	0	0	0	0	0	0	0	0	0	8.673765
173	0	0	0	0	1	0	0	0	1	0	0	1	0	0	0	1	0	0	1	0	0	0	3	0.1523999	9	0.0232257	0	0	0	0	1	0	0	0	0	0	0	0	0	1	0	0	0	0	8.543419
173	0	0	0	0	1	0	1	0	0	1	0	0	0	0	0	0	0	0	1	0	0	0	6	0.0761999	36	0.0058064	0	0	0	0	1	0	0	0	0	0	0	0	0	1	0	0	0	0	8.543419
173	0	0	0	0	1	0	0	0	0	1	0	0	0	1	0	0	0	0	1	0	0	0	4	0.1523999	16	0.0232257	0	0	0	0	1	0	0	0	0	0	0	0	0	1	0	0	0	0	8.673765
173	0	1	0	0	1	0	0	0	0	0	0	1	0	1	0	0	0	0	0	0	0	0	7	0.0761999	49	0.0058064	0	0	0	0	0	0	1	0	0	0	0	0	0	0	0	0	0	0	8.673765
173	0	0	0	0	3	0	0	0	0	0	0	1	0	0	0	0	0	0	1	0	0	0	7	0.1015999	49	0.0103225	0	0	0	0	1	0	0	0	0	0	0	0	0	1	0	0	0	0	8.099738
173	0	0	0	0	3	0	0	0	1	0	0	1	0	0	0	1	0	0	1	0	0	0	3	0.127	9	0.016129	0	0	0	0	1	0	0	0	0	0	0	0	0	1	0	0	0	0	8.973855
173	0	0	0	0	1	0	0	0	0	0	0	1	0	0	0	0	0	0	1	0	0	0	6	0.0253999	36	0.0006452	0	0	0	0	1	0	0	0	0	0	0	0	0	1	0	0	0	0	8.673765
173	0	0	0	0	1	0	0	0	0	1	0	0	0	0	0	0	0	0	1	0	0	0	5	0.127	25	0.016129	0	0	0	0	1	0	0	0	0	0	0	0	0	1	0	0	0	0	8.673765
173	0	1	0	0	2	0	0	0	0	0	0	1	0	0	0	0	0	0	0	0	0	0	7	0.0508	49	0.0025806	0	0	0	0	0	0	1	0	0	0	1	0	0	0	0	0	0	0	8.673765
174	1	0	0	0	1	0	0	1	0	0	0	0	0	0	0	0	0	0	1	1	0	0	0	0.127	0	0.016129	27	0	0	0	1	0	0	0	0	0	1	0	0	1	0	0	0	0	8.543419
174	1	1	0	1	4	0	0	0	1	0	0	1	0	0	0	0	0	0	0	0	0	0	0	0	0	0	26	0	0	1.7272	0	0	1	0	0	0	1	0	0	0	0	0	0	0	8.673765
174	0	1	0	0	1	0	0	0	1	0	0	0	0	0	0	0	0	0	0	0	0	0	0	0.0508001	0	0.0025806	27	0	0	0	0	0	1	0	0	0	0	0	0	0	0	0	0	0	9.084176
174	0	1	0	0	0	1	0	0	1	0	0	1	0	0	0	0	0	0	0	0	0	0	0	0.0508001	0	0.0025806	26	0	0	0	0	0	1	0	0	0	0	0	0	0	0	0	0	0	8.380857
174	0	0	0	0	0	1	0	1	0	1	0	0	0	0	0	0	0	0	1	1	0	0	0	0.1524	0	0.0232258	21	0	0	0	1	0	0	0	0	0	0	0	0	1	0	0	0	0	8.543419
174	1	1	0	0	1	0	0	1	0	1	0	0	0	0	0	0	0	0	0	1	0	0	0	0.1016001	0	0.0103226	23	0	0	0	0	0	1	0	0	0	0	0	0	0	0	0	0	0	8.744252
174	1	0	0	0	1	0	0	1	0	0	0	0	0	0	0	0	0	0	1	1	0	0	0	0.127	0	0.016129	28	0	0	0	1	0	0	0	0	0	1	0	0	1	0	0	0	0	8.744252
174	1	0	0	0	1	0	0	1	0	0	0	0	0	0	0	0	0	0	1	1	0	0	0	0.1524	0	0.0232258	27	0	0	0	1	0	0	0	0	0	0	0	0	1	0	0	0	0	8.744252
176	0	0	0	0	1	0	0	1	0	0	0	1	0	0	0	0	0	0	1	1	0	0	3	0.0508	9	0.0025806	0	0	0	0	0	0	0	0	0	0	0	0	0	0	1	0	0	0	8.613906
176	0	0	0	0	1	0	0	0	0	0	0	1	0	0	0	0	0	0	0	0	0	0	3	0	9	0	0	0	0	0	0	0	0	0	0	0	0	0	0	0	1	0	0	0	8.673765
176	1	0	1	1	0	1	0	0	1	0	0	1	0	0	0	0	0	0	1	0	0	0	0	0	0	0	0	26	0	1.6256	0	0	0	0	0	0	1	0	0	0	1	0	0	0	8.673765
176	0	0	0	0	1	0	1	1	0	0	0	1	0	0	1	0	0	0	1	1	0	0	3	0.0508	9	0.0025806	0	0	0	0	0	0	0	0	0	0	0	0	0	0	1	0	0	0	8.525649
176	0	1	0	0	0	1	1	1	0	0	0	1	0	0	1	0	0	0	0	1	0	0	4	0.0127	16	0.0001613	0	0	0	0	0	0	0	0	0	0	0	0	0	0	0	0	0	0	8.673765
176	0	0	0	0	2	0	0	1	0	0	0	1	0	0	0	0	0	0	1	1	0	0	2	0.1015999	4	0.0103225	0	0	0	0	0	0	0	0	0	0	0	0	0	0	1	0	0	0	9.203803
176	0	0	0	0	3	0	0	1	0	0	0	1	0	0	0	0	0	0	1	1	0	0	3	0.1015999	9	0.0103225	0	0	0	0	0	0	0	0	0	0	0	0	0	0	1	0	0	0	8.099738
176	0	1	0	0	1	0	1	0	1	1	0	0	0	0	1	0	0	0	0	0	0	0	3	0.1777999	9	0.0316128	0	0	0	0	0	0	0	0	0	0	0	0	0	0	0	0	0	0	8.673765
176	0	1	0	0	1	0	0	0	1	1	0	0	0	0	0	0	0	0	0	0	0	0	6	0.0762	36	0.0058064	0	0	0	0	0	0	0	0	0	0	0	0	0	0	0	0	0	0	8.099738
176	0	1	0	1	1	0	1	0	1	1	0	0	0	0	1	0	0	0	0	0	0	0	4	0	16	0	0	0	0	1.6256	0	0	0	0	0	0	0	0	0	0	0	0	0	0	8.525649
176	1	1	0	0	0	1	1	0	1	0	0	1	0	0	1	0	0	0	0	0	0	0	6	0.1015999	36	0.0103225	0	0	0	0	0	0	0	0	0	0	0	0	0	0	0	0	0	0	8.673765
176	0	1	0	1	0	1	1	0	1	0	0	1	0	0	1	0	0	0	0	0	0	0	5	0	25	0	0	0	0	1.6256	0	0	0	0	0	0	0	0	0	0	0	0	0	0	8.099738
180	1	0	0	0	3	0	0	0	0	0	0	1	0	0	0	0	0	0	1	1	0	0	9	0	81	0	0	0	1.6002	0	0	0	0	1	0	0	0	0	0	0	1	0	0	0	8.673765
180	0	0	0	0	1	0	0	1	0	0	0	1	0	0	0	0	0	0	0	0	0	0	15	0	225	0	0	0	1.651	0	0	0	0	0	0	0	0	0	0	0	1	0	0	0	8.099738
180	0	0	0	0	2	0	1	0	1	0	0	1	0	0	1	0	0	0	0	0	-1	0	14	0	196	0	0	0	1.524	0	0	0	0	0	-1	0	0	0	0	0	0	1	0	0	8.525649
180	1	0	0	0	1	0	1	0	0	0	0	1	0	0	1	0	0	0	1	1	0	0	11	0	121	0	0	0	1.5748	0	0	0	0	1	0	0	0	0	0	0	1	0	0	0	8.673765
180	0	1	0	0	1	0	0	0	0	0	0	0	0	0	0	0	0	0	0	1	0	0	4	0	16	0	0	0	1.524	0	0	0	0	0	0	1	0	0	0	0	0	0	0	0	8.543419
180	1	0	0	1	4	0	0	0	0	0	0	0	0	0	0	0	0	1	1	1	0	0	11	0	121	0	0	0	0	0	0	0	0	1	0	0	0	0	0	0	1	0	0	0	8.099738
180	0	0	0	0	1	0	0	1	0	0	0	1	0	0	0	0	0	0	0	0	0	0	5	0	25	0	0	0	0.9652	0	0	0	0	0	0	0	0	0	0	0	1	0	0	0	8.973855
180	0	0	0	0	1	0	0	1	0	0	0	0	0	0	0	0	0	0	0	0	-1	0	9	0	81	0	0	0	1.5748	0	0	0	0	0	-1	0	0	0	0	0	0	1	0	0	8.673765
180	1	0	0	0	3	0	1	0	0	0	0	0	0	0	1	0	0	0	1	1	0	0	9	0	81	0	0	0	1.4224	0	0	0	0	1	0	0	0	0	0	0	1	0	0	0	9.043353
180	0	0	0	0	1	0	0	1	0	1	1	0	0	0	0	0	0	0	1	0	0	0	9	0	81	0	0	0	1.6002	0	0	0	0	1	0	0	0	0	0	0	1	0	0	0	8.673765
180	1	0	0	0	0	1	1	0	0	0	0	0	0	0	1	0	0	0	0	1	0	1	12	0	144	0	0	0	1.524	0	0	0	0	0	1	0	0	0	0	1	0	0	0	0	8.525649
180	0	1	0	0	3	0	1	0	1	0	0	1	0	0	1	0	0	0	0	0	0	0	9	0	81	0	0	0	1.6002	0	0	0	0	0	0	1	0	0	0	0	0	0	0	0	8.612476
180	0	0	0	0	3	0	1	0	0	0	0	0	0	0	1	0	0	0	0	1	0	0	7	0	49	0	0	0	1.524	0	0	0	0	0	0	0	0	0	0	0	1	0	0	0	9.044342
180	0	0	0	0	1	0	1	0	0	1	0	0	0	0	1	0	0	0	0	1	0	1	11	0	121	0	0	0	1.6002	0	0	0	0	0	1	0	0	0	0	1	0	0	0	0	8.673765
180	0	1	0	0	3	0	0	0	0	0	0	0	0	0	0	0	0	0	0	1	0	0	4	0	16	0	0	0	1.5748	0	0	0	0	0	0	1	1	0	0	0	0	0	0	0	8.099738
181	0	0	0	0	1	0	0	0	0	0	0	1	0	0	0	0	0	0	0	1	0	0	4	0.1778001	16	0.0316129	0	0	0	0	0	0	0	0	0	0	1	0	0	0	1	0	0	0	8.099738
181	0	0	0	0	1	0	0	1	0	1	0	0	0	0	0	0	0	0	0	0	0	1	3	0.1524	9	0.0232258	0	0	0	0	0	0	0	0	0	0	1	0	0	1	0	0	0	0	8.099738
181	0	0	0	0	0	1	0	0	1	0	0	0	0	0	0	0	0	0	0	0	0	0	9	0.2794	81	0.0780644	0	0	0	0	0	0	0	0	0	0	1	0	0	0	1	0	0	0	9.203803
181	0	0	0	0	2	0	0	0	1	0	0	0	0	0	0	0	0	0	0	0	0	1	5	0.1016001	25	0.0103226	0	0	0	0	0	0	0	0	0	0	1	0	0	1	0	0	0	0	8.099738
182	0	1	1	1	0	1	1	0	1	0	0	1	0	0	1	0	0	0	0	0	0	0	0	0	0	0	0	27	0	1.7526	0	0	1	0	0	0	0	0	0	0	0	0	0	0	8.673765
182	0	1	0	0	0	1	0	0	1	0	0	0	0	0	0	0	0	0	0	0	0	0	6	0.127	36	0.016129	0	0	0	0	0	0	1	0	0	0	0	0	0	0	0	0	0	0	8.099738
182	1	1	0	0	1	0	1	0	1	0	0	0	0	0	1	0	0	0	0	0	0	0	5	0.1015999	25	0.0103225	0	0	0	0	0	0	1	0	0	0	0	0	0	0	0	0	0	0	8.673765
182	0	1	0	0	1	0	1	0	0	1	0	0	0	0	1	0	0	0	0	1	0	0	6	0.1523999	36	0.0232257	0	0	0	0	0	0	1	0	0	0	0	0	0	0	0	0	0	0	8.099738
182	1	0	0	0	0	1	1	0	0	0	0	0	0	0	1	0	0	0	1	1	0	0	6	0.1523999	36	0.0232257	0	0	0	0	1	0	0	0	0	0	0	0	0	0	0	0	0	0	8.099738
182	0	1	0	1	1	0	0	0	0	1	0	0	0	0	0	0	0	0	0	1	0	0	5	0	25	0	0	0	0	1.7526	0	0	1	0	0	0	0	0	0	0	0	0	0	0	7.95042
182	1	0	0	0	1	0	1	0	0	0	0	0	0	0	1	0	0	0	1	1	0	0	7	0.1143	49	0.0130645	0	0	0	0	1	0	0	0	0	0	0	0	0	0	0	0	0	0	8.099738
182	0	1	0	1	1	0	0	0	0	0	0	1	0	0	0	0	0	0	0	1	0	0	6	0	36	0	0	0	0	1.7526	0	0	1	0	0	0	0	0	0	0	0	0	0	0	8.744252
182	0	0	0	1	1	0	1	0	1	1	0	0	0	0	1	0	0	0	1	0	0	0	5	0	25	0	0	0	0	1.7526	1	0	0	0	0	0	0	0	0	0	0	0	0	0	8.744252
182	0	1	0	0	1	0	1	0	1	0	0	1	0	0	1	0	0	0	0	0	0	0	6	0.1777999	36	0.0316128	0	0	0	0	0	0	1	0	0	0	0	0	0	0	0	0	0	0	8.543419
182	1	1	0	0	0	1	1	0	0	1	1	0	0	0	1	0	0	0	0	1	0	0	6	0.1523999	36	0.0232257	0	0	0	0	0	0	1	0	0	0	0	0	0	0	0	0	0	0	8.673765
182	0	0	0	0	1	0	1	1	0	0	0	1	0	0	1	0	0	0	1	0	0	0	5	0.1523999	25	0.0232257	0	0	0	0	1	0	0	0	0	0	0	0	0	0	0	0	0	0	8.673765
182	1	1	0	1	0	1	1	0	1	0	0	1	0	0	1	0	0	0	0	0	0	0	10	0	100	0	0	0	0	1.7526	0	0	1	0	0	0	0	0	0	0	0	0	0	0	8.099738
182	0	1	0	0	0	1	0	0	0	0	0	1	0	0	0	0	0	0	0	1	0	0	4	0.1777999	16	0.0316128	0	0	0	0	0	0	1	0	0	0	1	0	0	0	0	0	0	0	8.673765
182	0	1	0	0	3	0	0	1	0	0	0	0	0	0	0	0	0	0	0	0	0	0	5	0.127	25	0.016129	0	0	0	0	0	0	1	0	0	0	0	0	0	0	0	0	0	0	8.744252
183	1	0	0	0	0	1	0	0	1	0	0	0	0	0	0	1	0	0	1	0	0	0	13	0.0508	169	0.0025806	0	0	0	0	0	0	0	0	0	0	1	0	0	0	0	1	0	0	8.099738
183	1	0	0	0	3	0	0	0	0	0	0	0	0	0	0	0	0	0	1	0	0	0	4	0.127	16	0.016129	0	0	0	0	0	0	0	0	0	0	1	0	0	0	0	1	0	0	8.956086
183	0	0	0	0	1	0	1	1	0	0	0	1	0	0	1	0	0	0	0	0	0	5	12	0.0508	144	0.0025806	0	0	0	0	0	0	0	0	0	0	0	0	0	0	0	0	0	0	7.95042
183	0	0	0	1	0	1	1	1	0	0	0	0	0	0	1	0	0	0	0	0	0	2	9	0	81	0	0	0	0	1.651	0	0	0	0	0	0	0	0	0	1	0	0	0	0	8.673765
183	0	1	0	1	0	1	1	0	1	0	0	1	0	0	1	1	0	0	0	0	0	0	9	0	81	0	0	0	0	1.651	0	0	0	0	0	0	0	0	0	0	0	0	0	0	8.099738
183	0	0	0	0	0	1	1	1	0	0	0	1	0	0	1	0	0	0	0	0	0	1	8	0.0762	64	0.0058064	0	0	0	0	0	0	0	0	0	0	0	0	0	0	1	0	0	0	8.612476
183	0	1	1	0	3	0	1	0	0	0	0	1	0	0	1	0	0	0	0	0	0	0	0	0.1016001	0	0.0103226	0	34	0	0	0	0	0	0	0	0	0	0	0	0	0	0	0	0	8.543419
183	0	0	0	0	1	0	1	0	1	0	0	0	0	0	1	1	0	0	0	0	0	0	4	0.0762	16	0.0058064	0	0	0	0	0	0	0	0	0	0	0	0	0	0	0	1	0	0	8.099738
183	1	0	0	0	4	0	1	1	0	0	0	1	0	0	1	0	0	0	1	0	0	0	10	0.0762	100	0.0058064	0	0	0	0	0	0	0	0	0	0	0	0	0	0	0	1	0	0	8.673765
183	0	0	0	0	1	0	1	1	0	1	0	0	0	0	1	0	0	0	0	0	0	2	8	0	64	0	0	0	0	0	0	0	0	0	0	0	0	0	0	1	0	0	0	0	8.099738
183	0	0	0	0	3	0	0	0	0	0	0	1	0	0	0	0	0	0	0	0	0	2	3	0.0508	9	0.0025806	0	0	0	0	0	0	0	0	0	0	0	0	0	1	0	0	0	0	7.95042
183	1	1	0	0	1	0	0	0	0	0	0	0	0	0	0	0	0	0	0	0	0	0	8	0.0508	64	0.0025806	0	0	0	0	0	0	0	0	0	0	0	0	0	0	0	0	0	0	8.673765
183	0	0	0	0	1	0	0	0	1	1	0	0	0	0	0	1	0	0	0	0	0	1	4	0.0254	16	0.0006452	0	0	0	0	0	0	0	0	0	0	1	0	0	0	1	0	0	0	8.099738
183	0	1	0	0	0	1	1	0	1	0	0	1	0	0	1	1	0	0	0	0	0	0	9	0.127	81	0.016129	0	0	0	0	0	0	0	0	0	0	0	0	0	0	0	0	0	0	8.099738
183	1	0	0	0	1	0	1	1	0	1	0	0	0	0	1	0	0	0	1	0	0	0	8	0.0635	64	0.0040323	0	0	0	0	0	0	0	0	0	0	0	0	0	0	0	1	0	0	8.673765
185	0	1	0	0	1	0	1	0	1	0	0	1	0	0	0	1	0	0	0	0	0	0	3	0	9	0	0	0	1.6002	0	0	0	0	0	0	0	0	0	0	0	0	0	0	0	8.744252
185	1	1	0	0	1	0	1	0	1	1	1	0	0	0	0	1	0	0	0	0	0	0	4	0	16	0	0	0	1.6256	0	0	0	0	0	0	0	0	0	0	0	0	0	0	0	8.744252
185	0	0	0	0	1	0	1	0	1	0	0	1	0	0	0	1	0	0	1	0	0	0	5	0	25	0	0	0	1.5748	0	0	0	0	0	0	0	0	0	0	1	0	0	0	0	8.744252
185	1	1	0	0	0	1	1	0	1	0	0	1	0	0	0	1	0	0	0	0	0	0	5	0	25	0	0	0	1.5494	0	0	0	0	0	0	0	0	0	0	0	0	0	0	0	7.95042
185	0	1	1	1	0	1	1	0	1	0	0	1	0	0	0	1	0	1	0	0	0	0	0	0	0	0	0	29	0	0	0	0	0	0	0	0	0	0	0	0	0	0	0	0	7.95042
185	1	1	1	1	1	0	0	0	0	0	0	1	0	0	0	0	0	1	0	0	0	0	0	0	0	0	0	29	0	0	0	0	0	0	0	0	1	0	0	0	0	0	0	0	8.395303
185	0	0	0	0	1	0	0	0	0	1	0	0	0	0	0	0	0	0	1	0	0	0	5	0	25	0	0	0	1.5494	0	0	0	0	0	0	0	1	0	0	1	0	0	0	0	8.744252
185	0	1	0	1	0	1	1	0	1	0	0	1	0	0	0	1	0	1	0	0	0	0	7	0	49	0	0	0	0	0	0	0	0	0	0	0	0	0	0	0	0	0	0	0	8.525649
185	0	1	1	1	0	1	1	0	1	0	0	1	0	0	0	1	0	1	0	0	0	0	0	0	0	0	0	29	0	0	0	0	0	0	0	0	0	0	0	0	0	0	0	0	7.95042
185	1	0	0	1	1	0	1	0	0	1	0	0	0	0	0	0	0	1	1	0	0	0	4	0	16	0	0	0	0	0	0	0	0	0	0	0	0	0	0	1	0	0	0	0	8.613906
185	0	0	0	0	1	0	0	0	0	1	0	0	0	0	0	0	0	0	1	0	0	0	5	0	25	0	0	0	1.5494	0	0	0	0	0	0	0	1	0	0	1	0	0	0	0	8.744252
185	0	1	1	1	0	1	1	0	1	0	0	1	0	0	0	1	0	1	0	0	0	0	0	0	0	0	0	29	0	0	0	0	0	0	0	0	0	0	0	0	0	0	0	0	7.95042
185	1	0	0	0	0	1	0	0	1	0	0	1	0	0	0	1	0	0	1	0	0	0	5	0	25	0	0	0	1.651	0	0	0	0	0	0	0	1	0	0	1	0	0	0	0	8.099738
185	0	0	0	0	1	0	1	0	1	0	0	1	0	0	0	1	0	0	1	0	0	0	5	0	25	0	0	0	1.5494	0	0	0	0	0	0	0	0	0	0	1	0	0	0	0	8.673765
185	0	0	0	0	1	0	1	1	0	0	0	1	0	0	0	0	0	0	0	0	-1	0	4	0	16	0	0	0	1.55	0	0	0	0	0	0	0	0	0	0	0	1	0	0	0	8.543419
187	1	0	0	0	1	0	0	1	0	1	0	0	0	0	0	0	0	0	0	0	-1	0	8	0.1244	64	0.0154754	0	0	0	0	0	0	0	0	0	0	1	0	0	0	1	0	0	0	8.744252
187	0	0	0	0	1	0	0	0	1	0	0	1	0	0	0	1	0	0	0	0	0	1	7	0.1497999	49	0.02244	0	0	0	0	0	0	0	0	0	0	0	0	1	0	0	0	0	0	9.174689
187	0	0	0	0	1	0	0	0	0	0	0	0	0	0	0	0	0	0	0	0	0	0	5	0.1497999	25	0.02244	0	0	0	0	0	0	0	0	0	0	1	0	0	1	0	0	0	0	9.174689
187	0	0	0	0	1	0	0	0	1	0	0	1	0	0	0	1	0	0	0	0	-1	0	6	0.226	36	0.051076	0	0	0	0	0	0	0	0	0	0	0	0	0	0	1	0	0	0	9.044342
187	1	0	0	0	1	0	0	1	0	1	0	0	0	0	0	0	0	0	0	0	-2	0	6	0.1497999	36	0.02244	0	0	0	0	0	0	0	0	0	0	1	0	0	0	0	1	0	0	8.973855
187	0	1	0	0	2	0	1	1	0	0	0	0	0	0	1	0	0	0	0	0	0	0	3	0.0736001	9	0.005417	0	0	0	0	0	0	0	0	0	0	0	0	0	0	0	0	0	0	8.973855
187	0	1	0	0	1	0	1	0	0	0	0	0	0	0	1	0	0	0	0	0	0	0	7	0.1752	49	0.030695	0	0	0	0	0	0	0	0	0	0	0	0	0	0	0	0	0	0	8.956086
187	1	0	0	0	1	0	0	0	1	1	0	0	0	0	0	1	0	0	0	0	-1	0	6	0.1117001	36	0.0124769	0	0	0	0	0	0	0	0	0	0	1	0	0	0	1	0	0	0	8.973855
187	0	0	0	0	0	1	0	0	0	1	0	0	0	0	0	0	0	0	0	0	-4	0	7	0.1752	49	0.030695	0	0	0	0	0	0	0	0	0	0	0	0	0	0	0	0	0	1	8.613906
187	0	1	0	0	1	0	1	0	1	1	0	0	0	0	1	1	0	0	0	0	0	0	6	0.1497999	36	0.02244	0	0	0	0	0	0	0	0	0	0	0	0	0	0	0	0	0	0	8.911333
187	1	0	0	0	1	0	0	1	0	0	0	0	0	0	0	0	0	0	0	0	-2	0	8	0.2006	64	0.0402404	0	0	0	0	0	0	0	0	0	0	1	0	0	0	0	1	0	0	8.543419
187	1	1	0	0	1	0	0	1	0	1	0	0	0	0	0	0	0	0	0	0	0	0	8	0.1497999	64	0.02244	0	0	0	0	0	0	0	0	0	0	1	0	0	0	0	0	0	0	8.525649
187	0	0	0	0	1	0	0	0	0	0	0	0	0	0	0	0	0	0	1	0	0	0	5	0.1497999	25	0.02244	0	0	0	0	0	0	0	0	0	0	0	0	0	1	0	0	0	0	8.973855
187	0	0	0	0	1	0	0	0	0	0	0	1	0	0	0	0	0	0	0	0	0	2	8	0.1244	64	0.0154754	0	0	0	0	0	0	0	0	0	0	1	1	0	0	0	0	0	0	8.543419
187	0	0	0	0	1	0	1	0	1	1	0	0	0	0	1	1	0	0	0	0	-4	0	7	0.1497999	49	0.02244	0	0	0	0	0	0	0	0	0	0	0	0	0	0	0	0	0	1	8.613906
190	0	0	0	0	1	0	0	0	0	0	0	1	0	0	0	0	0	0	1	1	0	0	8	0.2032	64	0.0412902	0	0	0	0	0	0	0	0	0	0	0	1	0	0	0	0	0	0	8.673765
190	0	0	0	0	1	0	0	0	0	0	0	0	0	1	0	0	0	0	1	1	0	0	9	0.1778001	81	0.0316129	0	0	0	0	0	0	0	0	0	0	1	1	0	0	0	0	0	0	8.099738
190	0	0	0	0	0	1	0	1	0	0	0	0	0	0	0	0	0	0	0	0	-5	0	2	0.127	4	0.016129	0	0	0	0	0	0	0	0	0	0	0	0	0	0	0	0	1	0	8.911333
190	0	0	0	0	0	1	0	1	0	0	0	0	0	0	0	0	0	0	0	0	-4	0	3	0.1524	9	0.0232258	0	0	0	0	0	0	0	0	0	0	0	0	0	0	0	1	0	0	8.840846
190	0	1	0	0	1	0	0	1	0	0	0	1	0	0	0	0	0	0	0	0	0	0	8	0.1778001	64	0.0316129	0	0	0	0	0	0	0	0	0	0	0	0	0	0	0	0	0	0	8.117501
190	1	0	0	0	1	0	0	0	0	0	0	0	0	1	0	0	0	0	1	1	0	0	8	0.127	64	0.016129	0	0	0	0	0	0	0	0	0	0	1	1	0	0	0	0	0	0	8.673765
190	0	0	0	0	3	0	0	0	0	0	0	1	0	1	0	0	0	0	1	1	0	0	8	0.1016001	64	0.0103226	0	0	0	0	0	0	0	0	0	0	1	1	0	0	0	0	0	0	8.673765
190	0	1	0	0	1	0	0	0	0	1	0	0	0	0	0	0	0	0	0	1	0	0	6	0.1524	36	0.0232258	0	0	0	0	0	0	0	0	0	0	0	0	0	0	0	0	0	0	9.84864
190	1	0	0	0	1	0	0	0	0	1	0	0	0	1	0	0	0	0	0	1	-2	0	5	0.1778001	25	0.0316129	0	0	0	0	0	0	0	0	0	0	1	0	0	1	0	0	0	0	8.543419
190	1	0	0	0	1	0	0	0	0	1	0	0	0	1	0	0	0	0	1	1	0	0	6	0.2272	36	0.0516199	0	0	0	0	0	0	0	0	0	0	1	1	0	0	0	0	0	0	8.525649
190	0	0	0	0	2	0	0	1	0	0	0	0	0	0	0	0	0	0	1	0	0	0	8	0.1016001	64	0.0103226	0	0	0	0	0	0	0	0	0	0	0	1	0	0	0	0	0	0	8.099738
190	1	0	0	0	1	0	0	0	0	0	0	0	0	1	0	0	0	0	1	1	0	0	4	0.1016001	16	0.0103226	0	0	0	0	0	0	0	0	0	0	1	1	0	0	0	0	0	0	9.042912
190	1	1	0	0	1	0	0	0	0	0	0	0	0	1	0	0	0	0	0	1	0	0	7	0.1778001	49	0.0316129	0	0	0	0	0	0	0	0	0	0	1	0	0	0	0	0	0	0	8.673765
190	0	0	0	0	1	0	0	0	0	1	0	0	0	1	0	0	0	0	0	1	-2	0	3	0.1524	9	0.0232258	0	0	0	0	0	0	0	0	0	0	1	0	0	1	0	0	0	0	8.973855
190	0	0	0	0	0	1	0	0	0	0	0	0	0	0	0	0	0	0	1	1	0	0	6	0.127	36	0.016129	0	0	0	0	0	0	0	0	0	0	0	1	0	0	0	0	0	0	8.525649
195	0	1	0	1	1	0	1	0	1	1	1	0	0	0	1	1	0	0	0	0	0	0	16	0	256	0	0	0	0	1.6002	0	0	0	0	0	1	0	0	0	0	0	0	0	0	7.95042
195	0	1	0	0	1	0	0	0	0	0	0	1	0	0	0	0	0	0	0	0	0	0	6	0.0508001	36	0.0025806	0	0	0	0	0	0	0	0	0	1	0	0	0	0	0	0	0	0	8.099738
195	1	1	1	0	1	0	0	0	1	0	0	1	0	0	0	1	0	0	0	0	0	0	0	0.0762	0	0.0058064	0	45	0	0	0	0	0	0	0	1	1	0	0	0	0	0	0	0	8.840846
195	0	1	0	0	3	0	1	0	0	0	0	1	0	0	1	0	0	0	0	0	0	0	8	0.0254	64	0.0006452	0	0	0	0	0	0	0	0	0	1	0	0	0	0	0	0	0	0	8.099738
195	0	0	0	0	1	0	1	0	0	0	0	0	0	0	1	0	0	0	1	0	0	0	12	0.0254	144	0.0006452	0	0	0	0	0	0	0	1	0	0	0	0	0	0	0	0	0	0	8.673765
195	0	0	0	0	0	1	0	0	0	1	0	0	0	0	0	0	0	0	1	0	0	0	10	0.0254	100	0.0006452	0	0	0	0	0	0	0	1	0	0	1	0	0	0	0	0	0	0	8.673765
195	0	0	0	0	1	0	0	0	0	0	0	0	0	0	0	0	0	0	1	0	0	0	10	0.0254	100	0.0006452	0	0	0	0	0	0	0	1	0	0	1	0	0	0	0	0	0	0	8.099738
195	0	0	0	0	1	0	1	1	0	0	0	0	0	0	1	0	0	0	0	0	-5	0	7	0.0508001	49	0.0025806	0	0	0	0	0	0	0	0	-5	0	0	0	0	0	0	1	0	0	8.744252
195	1	0	0	1	1	0	1	0	1	0	0	0	0	0	1	1	0	0	1	0	0	0	10	0	100	0	0	0	0	1.6002	0	0	0	1	0	0	0	0	0	0	0	0	0	0	8.612476
195	0	0	1	0	2	0	1	0	0	0	0	1	0	0	1	0	0	0	1	0	0	0	0	-0.0253999	0	0.0006452	0	45	0	0	0	0	0	1	0	0	0	0	0	0	0	0	0	0	8.673765
195	0	0	0	0	1	0	0	0	0	1	0	0	0	0	0	0	0	0	1	0	0	0	11	0.0127001	121	0.0001613	0	0	0	0	0	0	0	1	0	0	1	0	0	0	0	0	0	0	8.612476
195	1	0	0	1	1	0	1	0	1	0	0	1	0	0	1	1	0	0	1	0	0	0	10	0	100	0	0	0	0	1.6002	0	0	0	1	0	0	0	0	0	0	0	0	0	0	7.95042
195	1	0	0	1	0	1	1	0	1	1	1	0	0	0	1	1	0	0	1	0	0	0	8	0	64	0	0	0	0	1.6002	0	0	0	1	0	0	0	0	0	0	0	0	0	0	8.973855
195	0	0	0	0	3	0	0	0	1	0	0	1	0	0	0	1	0	0	1	0	0	0	11	-0.0253999	121	0.0006452	0	0	0	0	0	0	0	1	0	0	0	0	0	0	0	0	0	0	8.973855
195	1	1	0	0	0	1	1	0	1	0	0	0	0	0	1	1	0	0	0	0	0	0	11	0	121	0	0	0	0	0	0	0	0	0	0	1	0	0	0	0	0	0	0	0	8.612476
197	0	0	0	0	1	0	0	0	1	0	0	1	0	0	0	1	0	0	1	0	0	0	7	0.0761999	49	0.0058064	0	0	0	0	1	0	0	0	0	0	0	0	0	0	0	0	0	0	8.543419
197	0	0	0	0	1	0	0	0	0	0	0	0	0	1	0	0	0	0	1	0	0	0	2	0.1015999	4	0.0103225	0	0	0	0	1	0	0	0	0	0	1	0	0	0	0	0	0	0	8.543419
197	1	0	0	0	1	0	0	0	1	1	0	0	0	0	0	1	0	0	1	0	0	0	6	0.0761999	36	0.0058064	0	0	0	0	1	0	0	0	0	0	0	0	0	0	0	0	0	0	8.673765
197	0	0	0	0	2	0	1	0	0	0	0	0	0	0	0	0	0	0	1	0	0	0	6	0.1015999	36	0.0103225	0	0	0	0	1	0	0	0	0	0	0	0	0	0	0	0	0	0	8.973855
197	0	1	0	1	0	1	1	0	1	0	0	1	0	0	0	1	0	0	0	0	0	0	6	0	36	0	0	0	0	1.6764	0	0	1	0	0	0	0	0	0	0	0	0	0	0	8.911333
197	0	0	0	0	0	1	0	0	1	1	0	0	0	0	0	1	0	0	1	0	0	0	4	0	16	0	0	0	0	0	1	0	0	0	0	0	0	0	0	0	0	0	0	0	8.744252
197	1	0	0	0	3	0	0	0	0	0	0	1	0	1	0	0	0	0	1	0	0	0	6	0.1523999	36	0.0232257	0	0	0	0	1	0	0	0	0	0	1	0	0	0	0	0	0	0	9.104201
197	0	1	0	0	1	0	0	0	1	0	0	1	0	1	0	1	0	0	0	0	0	0	6	0.0761999	36	0.0058064	0	0	0	0	0	0	1	0	0	0	1	0	0	0	0	0	0	0	8.673765
197	0	1	0	1	0	1	0	0	0	0	0	1	0	0	0	0	0	0	0	0	0	0	10	0	100	0	0	0	0	1.6764	0	0	1	0	0	0	0	0	0	0	0	0	0	0	8.744252
197	1	0	0	0	1	0	0	0	0	0	0	1	0	1	0	0	0	0	1	0	0	0	6	0.0761999	36	0.0058064	0	0	0	0	1	0	0	0	0	0	1	0	0	0	0	0	0	0	8.673765
197	1	0	0	0	1	0	1	0	1	0	0	0	0	0	0	1	0	0	1	0	0	0	6	0.1015999	36	0.0103225	0	0	0	0	1	0	0	0	0	0	0	0	0	0	0	0	0	0	9.013688
197	1	0	0	0	2	0	0	1	0	0	0	1	0	0	0	0	0	0	1	0	0	0	8	0.0253999	64	0.0006452	0	0	0	0	1	0	0	0	0	0	0	0	0	0	0	0	0	0	8.673765
197	0	0	0	0	1	0	0	1	0	1	0	0	0	0	0	0	0	0	1	0	0	0	6	0.0761999	36	0.0058064	0	0	0	0	1	0	0	0	0	0	0	0	0	0	0	0	0	0	8.673765
197	0	0	0	0	1	0	0	0	0	1	0	0	0	1	0	0	0	0	1	0	0	0	4	0.0634999	16	0.0040322	0	0	0	0	1	0	0	0	0	0	1	0	0	0	0	0	0	0	8.973855
197	0	0	0	0	0	1	0	1	0	1	0	0	0	0	0	0	0	0	1	0	0	0	5	0.1015999	25	0.0103225	0	0	0	0	1	0	0	0	0	0	0	0	0	0	0	0	0	0	8.744252
199	0	0	0	0	1	0	0	0	1	0	0	0	0	0	0	0	0	0	1	0	0	0	5	0.2032	25	0.0412902	0	0	0	0	0	0	0	0	0	0	0	0	0	0	0	0	0	0	8.543419
199	1	0	0	1	1	0	0	1	0	1	0	0	0	0	0	0	0	0	1	0	0	0	4	0	16	0	0	0	0	1.778	0	0	0	0	0	0	1	0	0	0	0	0	0	0	8.673765
199	0	0	0	0	1	0	1	0	1	0	0	1	0	0	1	0	0	0	0	0	-3	0	5	0.1777999	25	0.0316128	0	0	0	0	0	0	0	0	0	0	0	0	0	1	0	0	0	0	8.673765
199	0	1	0	0	2	0	0	0	0	0	0	0	0	0	0	0	0	0	0	1	0	0	3	0.1777999	9	0.0316128	0	0	0	0	0	0	0	0	0	0	0	0	0	0	0	0	0	0	8.744252
199	1	1	1	0	1	0	1	0	1	1	0	0	0	0	1	0	0	0	0	0	0	0	0	0.127	0	0.016129	0	28	0	0	0	0	0	0	0	0	0	0	0	0	0	0	0	0	8.099738
199	0	1	0	0	1	0	1	0	1	0	0	1	0	0	1	0	0	0	0	0	0	0	6	0.1777999	36	0.0316128	0	0	0	0	0	0	0	0	0	0	0	0	0	0	0	0	0	0	8.099738
199	0	0	0	0	0	1	1	1	0	0	0	1	0	0	1	0	0	0	1	0	0	0	2	0.127	4	0.016129	0	0	0	0	0	0	0	0	0	0	0	0	0	0	0	0	0	0	8.673765
199	1	0	0	0	1	0	0	0	0	0	0	1	0	0	0	0	0	0	1	1	0	0	6	0.1777999	36	0.0316128	0	0	0	0	0	0	0	0	0	0	1	0	0	0	0	0	0	0	8.525649
199	1	1	0	0	2	0	0	0	0	0	0	1	0	0	0	0	0	0	0	1	0	0	3	0.1777999	9	0.0316128	0	0	0	0	0	0	0	0	0	0	1	0	0	0	0	0	0	0	8.673765
199	0	0	0	0	3	0	0	0	0	0	0	1	0	0	0	0	0	0	1	1	0	0	2	0.127	4	0.016129	0	0	0	0	0	0	0	0	0	0	0	0	0	0	0	0	0	0	8.099738
199	0	1	0	0	3	0	1	0	0	1	0	0	0	0	1	0	0	0	0	1	0	0	5	0.2539999	25	0.064516	0	0	0	0	0	0	0	0	0	0	0	0	0	0	0	0	0	0	8.744252
199	1	0	0	0	0	1	0	0	0	0	0	1	0	0	0	0	0	0	1	1	0	0	4	0.2032	16	0.0412902	0	0	0	0	0	0	0	0	0	0	1	0	0	0	0	0	0	0	9.104201
201	0	0	0	0	1	0	0	0	0	1	0	0	0	1	0	0	0	0	0	1	0	2	5	0	25	0	0	0	1.6383	0	0	0	0	0	2	0	1	1	0	0	0	0	0	0	8.543419
201	1	0	0	0	3	0	0	0	0	0	0	0	0	0	0	0	0	0	1	1	0	0	6	0	36	0	0	0	1.651	0	0	0	0	1	0	0	0	0	0	1	0	0	0	0	8.673765
201	0	0	0	1	1	0	0	0	0	0	0	0	0	1	0	0	0	1	1	1	0	0	5	0	25	0	0	0	0	0	0	0	0	1	0	0	1	0	0	1	0	0	0	0	8.673765
201	0	0	0	0	1	0	1	0	0	1	0	0	0	0	0	0	0	0	1	1	0	0	5	0	25	0	0	0	1.6637	0	0	0	0	1	0	0	0	0	0	1	0	0	0	0	8.543419
201	1	0	0	0	3	0	0	0	0	1	0	0	0	1	0	0	0	0	1	1	0	0	4	0	16	0	0	0	1.6256	0	0	0	0	1	0	0	1	0	0	1	0	0	0	0	8.613906
201	0	0	0	0	2	0	0	0	0	1	0	0	0	1	0	0	0	0	1	1	0	0	5	0	25	0	0	0	1.5748	0	0	0	0	1	0	0	1	0	0	1	0	0	0	0	8.744252
201	0	0	0	0	1	0	0	1	0	1	0	0	0	1	0	0	0	0	0	0	-1	0	6	0	36	0	0	0	1.6256	0	0	0	0	0	-1	0	1	0	0	0	1	0	0	0	8.673765
201	0	1	0	0	2	0	0	0	0	0	0	0	0	0	0	0	0	0	0	1	0	0	7	0	49	0	0	0	1.6256	0	0	0	0	0	0	1	0	0	0	0	0	0	0	0	9.174689
201	0	0	0	0	1	0	0	0	0	0	0	0	0	1	0	0	0	0	1	1	0	0	5	0	25	0	0	0	1.6002	0	0	0	0	1	0	0	1	0	0	1	0	0	0	0	8.612476
201	1	0	0	0	1	0	0	0	0	0	0	1	0	1	0	0	0	0	1	1	0	0	6	0	36	0	0	0	1.6002	0	0	0	0	1	0	0	1	0	0	1	0	0	0	0	8.673765
201	0	0	0	0	1	0	0	0	0	0	0	0	0	0	0	0	0	0	1	1	0	0	7	0	49	0	0	0	1.6256	0	0	0	0	1	0	0	0	0	0	1	0	0	0	0	8.744252
201	1	0	0	0	1	0	0	0	0	0	0	1	0	1	0	0	0	0	1	1	0	0	3	0	9	0	0	0	1.6129	0	0	0	0	1	0	0	1	0	0	1	0	0	0	0	8.744252
201	1	0	0	0	1	0	0	1	0	1	0	0	0	1	0	0	0	0	1	0	0	0	4	0	16	0	0	0	1.6256	0	0	0	0	1	0	0	1	0	0	1	0	0	0	0	8.543419
201	0	0	0	0	1	0	0	0	0	1	0	0	0	1	0	0	0	0	1	1	0	0	3	0	9	0	0	0	1.65	0	0	0	0	1	0	0	1	0	0	1	0	0	0	0	8.744252
201	0	0	0	0	1	0	0	0	0	1	0	0	0	1	0	0	0	0	1	1	0	0	5	0	25	0	0	0	1.6002	0	0	0	0	1	0	0	1	0	0	1	0	0	0	0	9.104201
203	0	0	0	0	1	0	1	0	0	0	0	1	0	0	0	0	0	0	1	1	0	0	9	0.127	81	0.016129	0	0	0	0	0	0	0	0	0	0	0	0	0	1	0	0	0	0	8.543419
203	1	0	0	0	1	0	1	0	1	0	0	1	0	0	0	0	0	0	0	0	-1	0	8	0.1015999	64	0.0103225	0	0	0	0	0	0	0	0	0	0	0	0	0	0	1	0	0	0	8.613906
203	0	0	0	0	1	0	0	0	0	1	0	0	0	0	0	0	0	0	1	1	0	0	7	0.0761999	49	0.0058064	0	0	0	0	0	0	0	0	0	0	0	0	0	1	0	0	0	0	8.543419
203	1	0	0	0	1	0	0	0	0	1	0	0	0	1	0	0	0	0	1	1	0	0	9	0.1015999	81	0.0103225	0	0	0	0	0	0	0	0	0	0	1	0	0	1	0	0	0	0	8.673765
203	1	1	0	0	0	1	0	0	0	0	0	1	0	1	0	0	0	0	0	1	0	0	10	0.0761999	100	0.0058064	0	0	0	0	0	0	0	0	0	0	1	0	0	0	0	0	0	0	8.744252
203	0	1	0	0	1	0	0	0	0	1	0	0	0	1	0	0	0	0	0	1	0	0	8	0.1523999	64	0.0232257	0	0	0	0	0	0	0	0	0	0	1	0	0	0	0	0	0	0	8.543419
203	0	1	0	0	1	0	0	0	0	0	0	1	0	0	0	0	0	0	0	1	0	0	10	0.0508	100	0.0025806	0	0	0	0	0	0	0	0	0	0	0	0	0	0	0	0	0	0	8.744252
203	0	0	0	0	1	0	0	0	0	0	0	1	0	0	0	0	0	0	1	1	0	0	7	0.1015999	49	0.0103225	0	0	0	0	0	0	0	0	0	0	0	0	0	1	0	0	0	0	8.543419
203	0	1	0	0	3	0	1	0	1	0	0	1	0	0	0	0	0	0	0	0	0	0	7	0.0761999	49	0.0058064	0	0	0	0	0	0	0	0	0	0	0	0	0	0	0	0	0	0	8.673765
203	0	1	0	0	3	0	0	0	1	0	0	1	0	0	0	0	0	0	0	0	0	0	8	0.0889	64	0.0079032	0	0	0	0	0	0	0	0	0	0	0	0	0	0	0	0	0	0	8.673765
203	0	0	0	0	1	0	0	0	0	1	0	0	0	0	0	0	0	0	1	1	0	0	9	0.0761999	81	0.0058064	0	0	0	0	0	0	0	0	0	0	0	0	0	1	0	0	0	0	8.744252
203	0	0	0	0	1	0	0	1	0	0	0	0	0	1	0	0	0	0	1	0	0	0	10	0.0761999	100	0.0058064	0	0	0	0	0	0	0	0	0	0	1	0	0	1	0	0	0	0	8.673765
203	1	0	0	0	3	0	0	1	0	0	0	1	0	0	0	0	0	0	1	0	0	0	10	0.1015999	100	0.0103225	0	0	0	0	0	0	0	0	0	0	0	0	0	1	0	0	0	0	8.863879
203	0	1	0	1	1	0	0	0	0	0	0	0	0	1	0	0	0	0	0	1	0	0	9	0	81	0	0	0	0	1.6764	0	0	0	0	0	0	1	0	0	0	0	0	0	0	8.673765
203	1	0	0	0	1	0	0	0	0	0	0	1	0	1	0	0	0	0	1	1	0	0	8	0.1015999	64	0.0103225	0	0	0	0	0	0	0	0	0	0	1	0	0	1	0	0	0	0	8.612476
204	0	1	0	0	1	0	0	0	1	0	0	1	0	0	0	0	0	0	0	0	0	0	9	0.127	81	0.016129	0	0	0	0	0	0	1	0	0	0	1	0	0	0	0	0	0	0	8.673765
204	0	0	0	0	1	0	0	0	0	0	0	0	0	0	0	0	0	0	1	1	0	0	8	0.1524	64	0.0232258	0	0	0	0	1	0	0	0	0	0	1	0	0	1	0	0	0	0	9.174689
204	0	0	0	0	1	0	0	1	0	0	0	0	0	0	0	0	0	0	1	0	0	0	7	0.1524	49	0.0232258	0	0	0	0	1	0	0	0	0	0	1	0	0	1	0	0	0	0	8.744252
204	0	0	0	0	1	0	0	0	0	1	0	0	0	0	0	0	0	0	1	1	0	0	8	0.127	64	0.016129	0	0	0	0	1	0	0	0	0	0	1	0	0	1	0	0	0	0	8.744252
204	0	0	0	0	1	0	0	0	0	0	0	0	0	0	0	0	0	0	1	1	0	0	6	0.1015999	36	0.0103225	0	0	0	0	1	0	0	0	0	0	0	0	0	1	0	0	0	0	8.673765
204	1	0	0	0	1	0	0	0	0	1	0	0	0	0	0	0	0	0	1	1	0	0	8	0.1524	64	0.0232258	0	0	0	0	1	0	0	0	0	0	1	0	0	1	0	0	0	0	8.744252
204	1	0	0	0	1	0	0	0	0	1	1	0	0	0	0	0	0	0	1	1	0	0	6	0.1015999	36	0.0103225	0	0	0	0	1	0	0	0	0	0	0	0	0	1	0	0	0	0	8.612476
204	0	0	0	0	1	0	0	1	0	0	0	1	0	0	0	0	0	0	0	0	-2	0	4	0.127	16	0.016129	0	0	0	0	0	-2	0	0	0	0	0	0	0	0	0	1	0	0	8.744252
204	0	0	0	0	0	1	0	1	0	0	0	1	0	0	0	0	0	0	1	0	0	0	5	0.127	25	0.016129	0	0	0	0	1	0	0	0	0	0	1	0	0	1	0	0	0	0	8.673765
204	0	0	0	0	1	0	0	0	0	0	0	0	0	0	0	0	0	0	1	1	0	0	3	0.1015999	9	0.0103225	0	0	0	0	1	0	0	0	0	0	0	0	0	1	0	0	0	0	8.543419
204	0	0	0	0	1	0	0	0	0	0	0	1	0	0	0	0	0	0	1	1	0	0	9	0.1777999	81	0.0316128	0	0	0	0	1	0	0	0	0	0	1	0	0	1	0	0	0	0	8.673765
204	1	1	0	0	1	0	0	0	0	1	0	0	0	0	0	0	0	0	0	1	0	0	8	0.1777999	64	0.0316128	0	0	0	0	0	0	1	0	0	0	1	0	0	0	0	0	0	0	8.673765
204	0	0	0	0	2	0	0	0	0	0	0	1	0	0	0	0	0	0	1	1	0	0	12	0.1524	144	0.0232258	0	0	0	0	1	0	0	0	0	0	1	0	0	1	0	0	0	0	8.543419
204	1	0	0	0	1	0	0	0	0	0	0	1	0	0	0	0	0	0	1	1	0	0	10	0.1396999	100	0.0195161	0	0	0	0	1	0	0	0	0	0	1	0	0	1	0	0	0	0	8.673765
204	1	0	0	0	1	0	0	0	0	1	0	0	0	0	0	0	0	0	1	1	0	0	12	0.1015999	144	0.0103225	0	0	0	0	1	0	0	0	0	0	1	0	0	1	0	0	0	0	8.673765
205	0	0	0	0	1	0	0	1	0	0	0	1	0	0	0	0	0	0	1	1	0	0	6	0.1396999	36	0.0195161	0	0	0	0	0	0	0	0	0	0	0	0	0	0	0	0	0	0	8.543419
205	1	1	0	0	1	0	0	1	0	1	0	0	0	1	0	0	0	0	0	1	0	0	4	0.127	16	0.016129	0	0	0	0	0	0	0	0	0	0	1	0	0	0	0	0	0	0	8.525649
205	0	0	0	0	0	1	0	1	0	0	0	1	0	0	0	0	0	0	1	1	0	0	6	0.127	36	0.016129	0	0	0	0	0	0	0	0	0	0	0	0	0	0	0	0	0	0	8.673765
205	0	0	0	0	1	0	0	1	0	1	0	0	0	1	0	0	0	0	1	1	0	0	4	0.2032	16	0.0412902	0	0	0	0	0	0	0	0	0	0	1	0	0	0	0	0	0	0	8.099738
205	1	1	0	0	1	0	0	1	0	0	0	1	0	1	0	0	0	0	0	1	0	0	4	0.127	16	0.016129	0	0	0	0	0	0	0	0	0	0	1	0	0	0	0	0	0	0	8.525649
205	1	1	0	0	1	0	0	0	0	1	0	0	0	1	0	0	0	0	0	0	0	0	5	0.1015999	25	0.0103225	0	0	0	0	0	0	0	0	0	0	1	0	0	0	0	0	0	0	8.525649
205	0	0	0	0	1	0	0	1	0	0	0	0	0	1	0	0	0	0	0	1	-2	0	2	0.1777999	4	0.0316128	0	0	0	0	0	0	0	0	0	0	1	0	1	0	0	0	0	0	8.543419
205	0	0	0	0	1	0	0	0	0	1	1	0	0	0	0	0	0	0	1	0	0	0	6	0.1523999	36	0.0232257	0	0	0	0	0	0	0	0	0	0	0	0	0	0	0	0	0	0	8.673765
205	0	0	0	0	1	0	0	0	1	0	0	0	0	1	0	0	0	0	1	0	0	0	4	0.1777999	16	0.0316128	0	0	0	0	0	0	0	0	0	0	1	0	0	0	0	0	0	0	8.673765
205	0	0	0	0	1	0	0	0	0	0	0	0	0	1	0	0	0	0	0	0	-3	0	1	0.0253999	1	0.0006452	0	0	0	0	0	0	0	0	0	0	1	0	0	1	0	0	0	0	8.613906
205	1	1	0	0	1	0	0	1	0	0	0	1	0	0	0	0	0	0	0	1	0	0	5	0.1523999	25	0.0232257	0	0	0	0	0	0	0	0	0	0	0	0	0	0	0	0	0	0	8.543419
205	1	1	0	0	1	0	0	0	1	0	0	1	0	0	0	0	0	0	0	0	0	0	3	0.1015999	9	0.0103225	0	0	0	0	0	0	0	0	0	0	0	0	0	0	0	0	0	0	8.744252
205	0	1	0	0	1	0	0	0	1	1	1	0	0	1	0	0	0	0	0	0	0	0	4	0.1777999	16	0.0316128	0	0	0	0	0	0	0	0	0	0	1	0	0	0	0	0	0	0	8.673765
205	0	0	0	0	1	0	0	1	0	1	0	0	0	1	0	0	0	0	1	1	0	0	4	0.1015999	16	0.0103225	0	0	0	0	0	0	0	0	0	0	1	0	0	0	0	0	0	0	8.744252
205	0	0	0	0	1	0	0	0	0	1	0	0	0	1	0	0	0	0	1	0	0	0	4	0.1523999	16	0.0232257	0	0	0	0	0	0	0	0	0	0	1	0	0	0	0	0	0	0	8.525649
210	0	0	0	0	1	0	0	0	0	0	0	0	0	0	0	0	0	0	0	1	-1	0	7	0.127	49	0.016129	0	0	0	0	0	0	0	0	0	0	0	0	0	0	0	1	0	0	8.099738
210	0	0	0	0	1	0	0	0	0	1	1	0	0	0	0	0	0	0	1	1	0	0	4	0.1524	16	0.0232258	0	0	0	0	0	0	0	0	0	0	0	0	0	0	1	0	0	0	8.099738
210	0	1	0	0	1	0	0	0	0	0	0	1	0	1	0	0	0	0	0	1	0	0	10	0.1777999	100	0.0316128	0	0	0	0	0	0	0	0	0	0	1	0	0	0	0	0	0	0	8.099738
210	1	1	0	0	1	0	0	0	1	1	0	0	0	1	0	0	0	0	0	0	0	0	8	0.0762	64	0.0058064	0	0	0	0	0	0	0	0	0	0	1	0	0	0	0	0	0	0	8.673765
210	1	0	0	0	0	1	0	0	0	0	0	0	0	1	0	0	0	0	1	1	0	0	5	0.0762	25	0.0058064	0	0	0	0	0	0	0	0	0	0	1	0	0	0	1	0	0	0	8.673765
210	1	0	0	0	1	0	0	0	0	1	1	0	0	1	0	0	0	0	1	1	0	0	7	0.0762	49	0.0058064	0	0	0	0	0	0	0	0	0	0	1	0	0	0	1	0	0	0	8.525649
210	0	0	0	0	3	0	0	1	0	1	0	0	0	0	0	0	0	0	0	0	0	0	9	0.127	81	0.016129	0	0	0	0	0	0	0	0	0	0	0	0	0	0	1	0	0	0	8.863879
210	1	0	0	0	1	0	0	0	0	1	0	0	0	0	0	0	0	0	1	1	0	0	9	0.1015999	81	0.0103225	0	0	0	0	0	0	0	0	0	0	0	0	0	0	1	0	0	0	8.099738
215	0	0	0	0	1	0	0	1	0	0	0	1	0	0	0	0	0	0	1	1	0	0	6	0.127	36	0.016129	0	0	0	0	1	0	0	0	0	0	0	0	0	0	0	0	0	0	8.973855
215	0	0	0	0	1	0	0	1	0	0	0	1	0	1	0	0	0	0	1	1	0	0	10	0.0508001	100	0.0025806	0	0	0	0	1	0	0	0	0	0	1	0	0	0	0	0	0	0	8.673765
215	1	0	0	0	1	0	0	1	0	0	0	0	0	0	0	0	0	0	1	1	0	0	6	0.1524	36	0.0232258	0	0	0	0	1	0	0	0	0	0	0	0	0	0	0	0	0	0	9.104201
215	0	0	0	0	1	0	0	0	0	0	0	1	0	1	0	0	0	0	1	0	0	0	10	0.1016001	100	0.0103226	0	0	0	0	1	0	0	0	0	0	1	0	0	0	0	0	0	0	8.744252
215	0	0	0	0	1	0	0	1	0	1	0	0	0	1	0	0	0	0	1	1	0	0	10	0.1524	100	0.0232258	0	0	0	0	1	0	0	0	0	0	1	0	0	0	0	0	0	0	8.673765
215	1	0	0	0	1	0	0	1	0	0	0	0	0	1	0	0	0	0	1	1	0	0	7	0.1143	49	0.0130645	0	0	0	0	1	0	0	0	0	0	1	0	0	0	0	0	0	0	8.673765
215	1	0	0	0	1	0	0	1	0	1	0	0	0	1	0	0	0	0	1	1	0	0	7	0.1778001	49	0.0316129	0	0	0	0	1	0	0	0	0	0	1	0	0	0	0	0	0	0	8.612476
215	1	1	0	0	1	0	0	0	0	1	0	0	0	1	0	0	0	0	0	0	0	0	7	0.1016001	49	0.0103226	0	0	0	0	0	0	1	0	0	0	1	0	0	0	0	0	0	0	8.973855
215	0	0	0	0	1	0	0	1	0	1	0	0	0	0	0	0	0	0	1	1	0	0	7	0.1524	49	0.0232258	0	0	0	0	1	0	0	0	0	0	0	0	0	0	0	0	0	0	9.174689
215	1	0	0	0	1	0	0	1	0	1	0	0	0	0	0	0	0	0	1	1	0	0	5	0.127	25	0.016129	0	0	0	0	1	0	0	0	0	0	0	0	0	0	0	0	0	0	8.973855
216	0	0	0	0	0	1	0	0	1	0	0	0	0	0	0	1	0	0	0	0	0	1	2	0.1797999	4	0.032328	0	0	0	0	0	0	0	0	0	0	1	0	0	0	1	0	0	0	8.673765
216	0	1	0	0	0	1	0	0	1	0	0	1	0	0	0	1	0	0	0	0	0	0	3	0.2306	9	0.0531764	0	0	0	0	0	0	0	0	0	0	0	0	0	0	0	0	0	0	9.042912
216	1	0	0	1	1	0	0	0	1	1	0	0	0	0	0	1	0	0	1	0	0	0	4	0	16	0	0	0	0	1.78	0	0	0	0	0	0	1	0	0	0	0	1	0	0	8.543419
216	0	0	0	0	1	0	0	0	0	1	0	0	0	0	0	0	0	0	0	0	0	0	4	0.1797999	16	0.032328	0	0	0	0	0	0	0	0	0	0	1	0	0	0	0	1	0	0	8.744252
216	0	0	0	0	1	0	0	0	1	0	0	1	0	0	0	1	0	0	1	0	0	0	1	0.1797999	1	0.032328	0	0	0	0	0	0	0	0	0	0	0	0	0	0	0	1	0	0	8.613906
216	0	0	0	0	1	0	0	1	0	1	1	0	0	0	0	0	0	0	1	0	0	0	6	0.1544	36	0.0238394	0	0	0	0	0	0	0	0	0	0	0	0	0	0	0	1	0	0	8.673765
216	1	0	0	0	1	0	0	0	1	1	0	0	0	0	0	1	0	0	0	0	0	1	2	0.1797999	4	0.032328	0	0	0	0	0	0	0	0	0	0	1	0	0	0	1	0	0	0	8.525649
216	0	0	0	0	1	0	0	1	0	0	0	1	0	0	0	0	0	0	1	0	0	0	5	0.1797999	25	0.032328	0	0	0	0	0	0	0	0	0	0	1	0	0	0	0	1	0	0	8.744252
216	0	0	0	0	1	0	0	0	0	1	0	0	0	0	0	0	0	0	0	0	0	1	2	0.2559999	4	0.065536	0	0	0	0	0	0	0	0	0	0	1	0	0	0	1	0	0	0	8.543419
216	1	0	0	0	0	1	0	0	1	0	0	1	0	0	0	1	0	0	1	0	0	0	6	0.1797999	36	0.032328	0	0	0	0	0	0	0	0	0	0	0	0	0	0	0	1	0	0	8.673765
216	1	0	0	0	1	0	0	1	0	0	0	1	0	0	0	0	0	0	1	0	0	0	5	0.1036	25	0.010733	0	0	0	0	0	0	0	0	0	0	0	0	0	0	0	1	0	0	8.543419
216	0	0	0	0	1	0	0	0	0	1	0	0	0	0	0	0	0	0	0	0	0	1	3	0.2306	9	0.0531764	0	0	0	0	0	0	0	0	0	0	1	0	0	0	1	0	0	0	8.744252
216	0	0	0	0	1	0	0	1	0	1	0	0	0	0	0	0	0	0	0	0	0	1	2	0.1544	4	0.0238394	0	0	0	0	0	0	0	0	0	0	1	0	0	0	1	0	0	0	8.543419
216	0	1	0	0	1	0	0	0	1	0	0	1	0	0	0	1	0	0	0	0	0	0	4	0.1289999	16	0.016641	0	0	0	0	0	0	0	0	0	0	1	0	0	0	0	0	0	0	8.673765
218	0	0	0	0	4	0	0	0	0	0	0	1	0	1	0	0	0	0	1	1	0	0	7	0.0762	49	0.0058064	0	0	0	0	0	0	0	0	0	0	1	0	0	0	0	0	0	0	8.673765
218	1	0	0	0	1	0	0	0	0	1	0	0	0	1	0	0	0	0	1	1	0	0	5	0.1143	25	0.0130645	0	0	0	0	0	0	0	0	0	0	1	0	0	0	0	0	0	0	8.744252
218	0	0	0	0	1	0	0	0	0	0	0	1	0	1	0	0	0	0	1	1	0	0	4	0.127	16	0.016129	0	0	0	0	0	0	0	0	0	0	1	0	0	0	0	0	0	0	8.744252
218	0	0	0	0	3	0	0	1	0	0	0	1	0	1	0	0	0	0	1	0	0	0	5	0.1524	25	0.0232258	0	0	0	0	0	0	0	0	0	0	1	0	0	0	0	0	0	0	9.114422
218	0	0	0	0	3	0	0	0	0	0	0	0	0	1	0	0	0	0	1	1	0	0	3	0.127	9	0.016129	0	0	0	0	0	0	0	0	0	0	1	0	0	0	0	0	0	0	8.525649
218	1	0	0	0	1	0	0	0	0	0	0	1	0	1	0	0	0	0	1	1	0	0	5	0.1015999	25	0.0103225	0	0	0	0	0	0	0	0	0	0	1	0	0	0	0	0	0	0	8.613906
218	1	0	0	0	0	1	0	0	0	1	0	0	0	1	0	0	0	0	1	1	0	0	5	0.1015999	25	0.0103225	0	0	0	0	0	0	0	0	0	0	1	0	0	0	0	0	0	0	8.099738
218	0	0	0	0	1	0	0	0	0	0	0	1	0	0	0	0	0	0	1	1	0	0	5	0.1524	25	0.0232258	0	0	0	0	0	0	0	0	0	0	0	0	0	0	0	0	0	0	8.543419
218	0	0	0	0	0	1	0	0	0	0	0	1	0	1	0	0	0	0	1	1	0	0	4	0.0762	16	0.0058064	0	0	0	0	0	0	0	0	0	0	1	0	0	0	0	0	0	0	8.673765
218	1	0	0	0	1	0	0	0	0	1	0	0	0	0	0	0	0	0	1	1	0	0	3	0.127	9	0.016129	0	0	0	0	0	0	0	0	0	0	0	0	0	0	0	0	0	0	8.543419
218	0	0	0	0	1	0	0	0	0	1	1	0	0	1	0	0	0	0	1	1	0	0	5	0.1015999	25	0.0103225	0	0	0	0	0	0	0	0	0	0	1	0	0	0	0	0	0	0	8.744252
218	0	0	0	0	1	0	0	1	0	0	0	0	0	0	0	0	0	0	1	0	0	0	6	0.127	36	0.016129	0	0	0	0	0	0	0	0	0	0	0	0	0	0	0	0	0	0	8.744252
218	0	0	0	0	1	0	0	1	0	0	0	1	0	1	0	0	0	0	1	0	0	0	7	0.1143	49	0.0130645	0	0	0	0	0	0	0	0	0	0	1	0	0	0	0	0	0	0	8.543419
218	0	0	0	0	1	0	0	0	0	1	0	0	0	1	0	0	0	0	1	1	0	0	5	0.1015999	25	0.0103225	0	0	0	0	0	0	0	0	0	0	1	0	0	0	0	0	0	0	8.673765
218	1	0	0	0	1	0	0	0	0	0	0	0	0	1	0	0	0	0	1	1	0	0	5	0.127	25	0.016129	0	0	0	0	0	0	0	0	0	0	1	0	0	0	0	0	0	0	8.543419
226	0	1	0	0	1	0	0	0	0	1	0	0	0	1	0	0	0	0	0	1	0	0	5	0.1777999	25	0.0316128	0	0	0	0	0	0	0	0	0	0	1	0	0	0	0	0	0	0	8.744252
226	0	0	0	0	1	0	1	0	0	0	0	1	0	0	0	0	0	0	1	1	0	0	5	0.1777999	25	0.0316128	0	0	0	0	0	0	0	0	0	0	0	0	0	1	0	0	0	0	8.673765
226	0	0	0	0	1	0	0	0	0	0	0	1	0	1	0	0	0	0	1	1	0	0	3	0.1325999	9	0.0175827	0	0	0	0	0	0	0	0	0	0	1	0	0	1	0	0	0	0	8.744252
226	0	0	0	0	2	0	1	0	0	1	0	0	0	0	0	0	0	0	0	1	0	2	2	0.1523999	4	0.0232257	0	0	0	0	0	0	0	0	0	0	0	1	0	0	0	0	0	0	8.956086
226	0	0	0	0	4	0	1	0	0	0	0	1	0	0	0	0	0	0	1	1	0	0	8	0.2032	64	0.0412902	0	0	0	0	0	0	0	0	0	0	0	0	0	1	0	0	0	0	8.099738
226	1	0	0	0	1	0	0	0	0	1	1	0	0	0	0	0	0	0	1	1	0	0	6	0.1523999	36	0.0232257	0	0	0	0	0	0	0	0	0	0	0	0	0	1	0	0	0	0	8.744252
226	1	0	0	0	1	0	0	0	1	0	0	0	0	0	0	0	0	0	1	0	0	0	3	0.1523999	9	0.0232257	0	0	0	0	0	0	0	0	0	0	0	0	0	1	0	0	0	0	8.395303
226	0	1	0	0	2	0	0	0	0	0	0	1	0	0	0	0	0	0	0	1	0	0	6	0.1015999	36	0.0103225	0	0	0	0	0	0	0	0	0	0	0	0	0	0	0	0	0	0	8.744252
226	1	0	0	0	2	0	0	0	0	0	0	1	0	0	0	0	0	0	1	1	0	0	4	0.127	16	0.016129	0	0	0	0	0	0	0	0	0	0	0	0	0	1	0	0	0	0	8.673765
226	0	0	0	0	1	0	1	0	0	0	0	1	0	0	0	0	0	0	1	1	0	0	4	0.2032	16	0.0412902	0	0	0	0	0	0	0	0	0	0	0	0	0	1	0	0	0	0	8.543419
226	0	0	0	0	2	0	0	1	0	0	0	1	0	1	0	0	0	0	1	0	0	0	5	0.2032	25	0.0412902	0	0	0	0	0	0	0	0	0	0	1	0	0	1	0	0	0	0	8.744252
226	1	0	0	0	1	0	0	0	0	1	0	0	0	0	0	0	0	0	1	1	0	0	3	0.1523999	9	0.0232257	0	0	0	0	0	0	0	0	0	0	0	0	0	1	0	0	0	0	8.543419
226	0	0	0	0	0	1	0	0	0	0	0	1	0	1	0	0	0	0	1	1	0	0	3	0.1904999	9	0.0362902	0	0	0	0	0	0	0	0	0	0	1	0	0	1	0	0	0	0	8.673765
226	1	1	0	0	1	0	0	0	1	1	0	0	0	0	0	0	0	0	0	0	0	0	8	0.1523999	64	0.0232257	0	0	0	0	0	0	0	0	0	0	0	0	0	0	0	0	0	0	8.099738
226	0	0	0	0	1	0	1	0	1	0	0	1	0	0	0	0	0	0	0	0	-2	0	2	0.1475999	4	0.0217857	0	0	0	0	0	0	0	0	0	0	0	0	0	0	0	1	0	0	9.508165
227	1	0	0	0	1	0	1	1	0	0	0	0	0	0	1	0	0	0	1	1	0	0	0	0	0	0	24	0	1.5748	0	0	0	0	0	0	0	0	0	0	0	0	1	0	0	8.673765
227	0	0	0	0	1	0	0	1	0	1	0	0	0	0	0	0	0	0	0	1	0	0	0	0	0	0	24	0	1.5494	0	0	0	0	0	0	0	0	0	0	0	0	1	0	0	8.744252
227	1	0	0	0	2	0	0	1	0	0	0	1	0	0	0	0	0	0	0	1	0	0	0	0	0	0	24	0	1.6002	0	0	0	0	0	0	0	0	0	0	0	0	1	0	0	8.613906
227	0	0	0	0	1	0	0	1	0	0	0	1	0	0	0	0	0	0	1	1	0	0	0	0	0	0	23	0	1.6256	0	0	0	0	0	0	0	0	0	0	0	0	1	0	0	8.673765
227	0	0	0	0	1	0	0	1	0	1	0	0	0	0	0	0	0	0	0	1	0	1	0	0	0	0	21	0	1.5748	0	0	0	0	0	0	0	0	0	0	0	1	0	0	0	8.673765
227	0	0	0	0	1	0	0	1	0	1	1	0	0	0	0	0	0	0	1	1	0	0	0	0	0	0	19	0	1.5748	0	0	0	0	0	0	0	0	0	0	0	0	1	0	0	8.099738
227	1	1	0	0	1	0	0	1	0	0	0	0	0	0	0	0	0	0	0	1	0	0	0	0	0	0	23	0	1.6002	0	0	0	0	0	0	0	0	0	0	0	0	0	0	0	8.543419
227	0	0	0	0	1	0	0	0	0	1	0	0	0	0	0	0	0	0	0	0	0	2	0	0	0	0	24	0	1.5621	0	0	0	0	0	0	0	0	0	0	1	0	0	0	0	8.673765
227	0	1	0	0	1	0	0	0	0	0	0	0	0	0	0	0	0	0	0	0	0	0	0	0	0	0	23	0	1.651	0	0	0	0	0	0	0	1	0	0	0	0	0	0	0	8.673765
227	0	1	0	0	1	0	1	0	1	0	0	1	0	0	1	0	0	0	0	0	0	0	0	0	0	0	23	0	1.6383	0	0	0	0	0	0	0	0	0	0	0	0	0	0	0	8.744252
227	1	0	0	1	1	0	1	0	1	0	0	0	0	0	1	0	0	1	1	0	0	0	0	0	0	0	23	0	0	0	0	0	0	0	0	0	0	0	0	0	0	1	0	0	8.543419
227	1	0	0	0	1	0	1	0	1	0	0	0	0	0	1	0	0	0	1	0	0	0	0	0	0	0	23	0	1.5748	0	0	0	0	0	0	0	0	0	0	0	0	1	0	0	8.673765
227	0	0	0	0	1	0	0	0	0	1	0	0	0	0	0	0	0	0	0	0	0	2	0	0	0	0	23	0	1.6002	0	0	0	0	0	0	0	0	0	0	1	0	0	0	0	8.099738
227	0	0	0	0	1	0	1	0	1	0	0	1	0	0	1	0	0	0	0	0	0	1	0	0	0	0	23	0	1.5748	0	0	0	0	0	0	0	0	0	0	0	1	0	0	0	8.673765
227	0	0	0	0	0	1	1	1	0	0	0	0	0	0	1	0	0	0	1	1	0	0	0	0	0	0	22	0	1.6002	0	0	0	0	0	0	0	0	0	0	0	0	1	0	0	8.673765
228	1	0	0	0	1	0	0	1	0	1	0	0	0	0	0	0	0	0	0	0	-2	0	-1	0.0762	1	0.0058064	0	0	0	0	0	0	0	0	0	0	0	0	0	0	0	1	0	0	9.84864
228	1	0	0	0	1	0	0	1	0	1	0	0	0	0	0	0	0	0	1	0	0	0	1	0	1	0	0	0	0	0	0	0	0	0	0	0	0	0	0	1	0	0	0	0	8.744252
228	1	0	0	0	1	0	1	1	0	1	0	0	0	0	0	0	0	0	0	0	-2	0	0	0.0254	0	0.0006452	0	0	0	0	0	0	0	0	0	0	0	0	0	0	0	1	0	0	9.84864
228	1	1	0	0	2	0	0	0	0	0	0	1	0	1	0	0	0	0	0	0	0	0	-1	0.0508001	1	0.0025806	0	0	0	0	0	0	0	0	0	0	1	0	0	0	0	0	0	0	9.841181
228	1	0	0	0	1	0	0	1	0	1	0	0	0	1	0	0	0	0	0	0	-1	0	0	0.0254	0	0.0006452	0	0	0	0	0	0	0	0	0	0	1	0	0	0	1	0	0	0	9.084176
232	0	0	0	0	1	0	0	0	0	0	0	1	0	1	0	0	0	0	1	0	0	0	5	0.2539999	25	0.064516	0	0	0	0	0	0	0	0	0	0	1	0	0	0	0	0	0	0	8.673765
232	0	0	0	0	0	1	0	1	0	0	0	0	0	0	0	0	0	0	1	0	0	0	7	0.2032	49	0.0412902	0	0	0	0	0	0	0	0	0	0	0	0	0	0	0	0	0	0	8.673765
232	0	1	0	0	1	0	0	0	1	0	0	0	0	1	0	1	0	0	0	0	0	0	6	0.2794	36	0.0780644	0	0	0	0	0	0	0	0	0	0	1	0	0	0	0	0	0	0	8.673765
232	0	1	0	0	3	0	0	0	0	0	0	1	0	0	0	0	0	0	0	0	0	0	7	0.2285999	49	0.0522579	0	0	0	0	0	0	0	0	0	0	0	0	0	0	0	0	0	0	8.673765
232	0	0	0	0	1	0	0	1	0	1	0	0	0	1	0	0	0	0	1	0	0	0	8	0.2285999	64	0.0522579	0	0	0	0	0	0	0	0	0	0	1	0	0	0	0	0	0	0	8.099738
232	1	1	0	0	1	0	0	1	0	0	0	0	0	1	0	0	0	0	0	0	0	0	6	0.2032	36	0.0412902	0	0	0	0	0	0	0	0	0	0	1	0	0	0	0	0	0	0	8.673765
232	0	1	0	0	1	0	0	1	0	1	0	0	0	1	0	0	0	0	0	0	0	0	8	0.3047999	64	0.092903	0	0	0	0	0	0	0	0	0	0	1	0	0	0	0	0	0	0	8.673765
232	0	0	0	0	1	0	0	1	0	0	0	0	0	0	0	0	0	0	1	0	0	0	5	0.127	25	0.016129	0	0	0	0	0	0	0	0	0	0	0	0	0	0	0	0	0	0	8.673765
232	0	1	0	0	0	1	1	1	0	0	0	1	0	0	0	0	0	0	0	0	0	0	6	0.1777999	36	0.0316128	0	0	0	0	0	0	0	0	0	0	0	0	0	0	0	0	0	0	8.099738
232	0	0	0	0	1	0	0	0	1	0	0	0	0	0	0	1	0	0	1	0	0	0	7	0.2539999	49	0.064516	0	0	0	0	0	0	0	0	0	0	0	0	0	0	0	0	0	0	8.543419
232	1	0	0	0	1	0	0	0	0	0	0	0	0	1	0	0	0	0	1	0	0	0	7	0.1777999	49	0.0316128	0	0	0	0	0	0	0	0	0	0	1	0	0	0	0	0	0	0	8.673765
232	1	0	0	0	1	0	0	1	0	0	0	1	0	0	0	0	0	0	1	0	0	0	3	0.1524	9	0.0232258	0	0	0	0	0	0	0	0	0	0	0	0	0	0	0	0	0	0	8.395303
232	0	1	0	0	1	0	0	1	0	0	0	0	0	1	0	0	0	0	0	0	0	0	5	0.1777999	25	0.0316128	0	0	0	0	0	0	0	0	0	0	1	0	0	0	0	0	0	0	8.895238
237	1	1	0	0	1	0	1	0	1	0	0	1	0	0	0	1	0	0	0	0	0	0	4	0.127	16	0.016129	0	0	0	0	0	0	0	0	0	0	0	0	0	0	0	0	0	0	9.174689
237	1	1	0	0	1	0	0	1	0	0	0	1	0	0	0	0	0	0	0	0	0	0	3	0.0508	9	0.0025806	0	0	0	0	0	0	0	0	0	0	0	0	0	0	0	0	0	0	8.744252
237	0	0	0	0	3	0	1	0	0	0	0	0	0	0	0	0	0	0	1	0	0	0	2	0.1016001	4	0.0103226	0	0	0	0	0	0	0	0	0	0	0	0	0	0	0	0	0	0	8.543419
237	0	1	0	0	1	0	0	0	0	0	0	1	0	0	0	0	0	0	0	0	0	0	1	0.1778001	1	0.0316129	0	0	0	0	0	0	0	0	0	0	0	0	0	0	0	0	0	0	8.543419
237	0	0	0	0	1	0	1	0	0	1	1	0	0	0	0	0	0	0	1	0	0	0	9	0.1016001	81	0.0103226	0	0	0	0	0	0	0	0	0	0	0	0	0	0	0	0	0	0	8.099738
237	0	0	0	0	1	0	1	0	1	1	0	0	0	0	0	1	0	0	1	0	0	0	3	0.127	9	0.016129	0	0	0	0	0	0	0	0	0	0	0	0	0	0	0	0	0	0	8.840846
237	0	1	0	0	1	0	0	0	0	0	0	1	0	0	0	0	0	0	0	0	0	0	5	0.0508	25	0.0025806	0	0	0	0	0	0	0	0	0	0	0	0	0	0	0	0	0	0	8.099738
237	0	0	0	1	0	1	1	1	0	0	0	0	0	0	0	0	0	0	1	0	0	0	-2	0	4	0	0	0	0	1.651	0	0	0	0	0	0	0	0	0	0	0	0	0	0	8.099738
237	1	0	0	0	1	0	0	1	0	0	0	1	0	0	0	0	0	0	1	0	0	0	1	0.127	1	0.016129	0	0	0	0	0	0	0	0	0	0	0	0	0	0	0	0	0	0	8.673765
237	1	0	0	0	1	0	0	1	0	0	0	0	0	0	0	0	0	0	1	0	0	0	5	-0.0762	25	0.0058064	0	0	0	0	0	0	0	0	0	0	0	0	0	0	0	0	0	0	8.744252
237	0	0	0	0	1	0	0	1	0	1	1	0	0	0	0	0	0	0	1	0	0	0	6	0.0889	36	0.0079032	0	0	0	0	0	0	0	0	0	0	0	0	0	0	0	0	0	0	8.395303
237	0	1	0	0	1	0	1	0	1	1	0	0	0	0	0	1	0	0	0	0	0	0	0	0	0	0	0	0	0	0	0	0	0	0	0	0	0	0	0	0	0	0	0	0	9.174689
237	1	0	0	0	1	0	0	1	0	0	0	0	0	0	0	0	0	0	1	0	0	0	3	0.0762	9	0.0058064	0	0	0	0	0	0	0	0	0	0	0	0	0	0	0	0	0	0	8.673765
237	0	0	0	1	1	0	0	1	0	0	0	0	0	1	0	0	0	0	1	0	0	0	0	0	0	0	0	0	0	1.651	0	0	0	0	0	0	1	0	0	0	0	0	0	0	8.673765
237	0	0	0	0	1	0	0	0	0	0	0	0	0	1	0	0	0	0	1	0	0	0	4	0.0254	16	0.0006452	0	0	0	0	0	0	0	0	0	0	1	0	0	0	0	0	0	0	8.525649
239	0	0	0	0	1	0	0	0	0	1	0	0	0	1	0	0	0	0	1	0	0	0	4	0.2285999	16	0.0522579	0	0	0	0	0	0	0	0	0	0	1	0	0	1	0	0	0	0	8.543419
239	0	0	0	0	0	1	0	1	0	1	0	0	0	1	0	0	0	0	1	0	0	0	2	0.2032	4	0.0412902	0	0	0	0	0	0	0	0	0	0	1	0	0	1	0	0	0	0	8.543419
239	0	0	0	0	1	0	0	1	0	1	0	0	0	0	0	0	0	0	0	0	-1	0	9	0.2032	81	0.0412902	0	0	0	0	0	0	0	0	0	0	0	0	0	0	1	0	0	0	8.744252
239	1	0	0	0	1	0	0	1	0	1	0	0	0	1	0	0	0	0	1	0	0	0	6	0.1777999	36	0.0316128	0	0	0	0	0	0	0	0	0	0	1	0	0	1	0	0	0	0	8.673765
239	0	0	0	1	1	0	1	0	1	1	0	0	0	0	0	1	0	0	1	0	0	0	4	0	16	0	0	0	0	1.8288	0	0	0	0	0	0	0	0	0	1	0	0	0	0	8.673765
239	0	0	0	0	1	0	0	1	0	1	1	0	0	1	0	0	0	0	1	0	0	0	13	0.1015999	169	0.0103225	0	0	0	0	0	0	0	0	0	0	1	0	0	1	0	0	0	0	7.95042
239	0	0	0	0	1	0	1	0	1	1	1	0	0	0	0	1	0	0	0	0	0	3	3	0.2788	9	0.0777294	0	0	0	0	0	0	0	0	0	0	0	0	0	0	0	0	0	0	8.543419
239	0	1	1	1	0	1	1	0	1	0	0	0	0	0	0	1	0	0	0	0	0	0	0	0	0	0	0	36	0	1.8288	0	0	0	0	0	0	0	0	0	0	0	0	0	0	7.95042
239	0	0	0	0	1	0	0	0	0	1	1	0	0	1	0	0	0	0	1	0	0	0	8	0.3047999	64	0.092903	0	0	0	0	0	0	0	0	0	0	1	0	0	1	0	0	0	0	8.099738
239	1	0	0	0	1	0	1	0	0	0	0	1	0	0	0	0	0	0	1	0	0	0	6	0.2285999	36	0.0522579	0	0	0	0	0	0	0	0	0	0	0	0	0	1	0	0	0	0	8.744252
239	0	1	0	0	1	0	1	0	0	1	1	0	0	0	0	0	0	0	0	0	0	0	6	0.1777999	36	0.0316128	0	0	0	0	0	0	0	0	0	0	0	0	0	0	0	0	0	0	8.099738
239	0	0	0	0	0	1	1	1	0	0	0	1	0	0	0	0	0	0	1	0	0	0	7	0.2032	49	0.0412902	0	0	0	0	0	0	0	0	0	0	0	0	0	1	0	0	0	0	8.099738
239	1	0	0	0	1	0	0	1	0	0	0	0	0	0	0	0	0	0	1	0	0	0	6	0.2032	36	0.0412902	0	0	0	0	0	0	0	0	0	0	0	0	0	1	0	0	0	0	8.543419
252	1	1	0	0	1	0	0	0	1	0	0	1	0	0	0	0	0	0	0	0	0	0	6	0	36	0	0	0	1.6002	0	0	0	0	0	0	0	1	0	0	0	0	0	0	0	8.973855
252	0	0	0	0	0	1	1	0	0	0	0	1	0	0	1	0	0	0	0	0	0	0	6	0	36	0	0	0	1.5748	0	0	0	0	0	0	0	0	0	0	0	1	0	0	0	8.099738
252	1	0	0	0	1	0	1	1	0	1	0	0	0	0	1	0	0	0	1	1	0	0	5	0	25	0	0	0	1.5748	0	0	0	0	0	0	0	0	0	0	0	1	0	0	0	8.744252
252	0	0	0	0	1	0	1	0	1	0	0	0	0	0	1	0	0	0	0	0	0	1	8	0	64	0	0	0	1.524	0	0	0	0	0	0	0	0	0	0	1	0	0	0	0	8.543419
252	0	0	0	0	1	0	0	1	0	1	0	0	0	0	0	0	0	0	1	1	0	0	7	0	49	0	0	0	1.5748	0	0	0	0	0	0	0	0	0	0	0	1	0	0	0	8.673765
252	1	0	0	0	1	0	0	1	0	1	0	0	0	0	0	0	0	0	1	1	0	0	7	0	49	0	0	0	1.6256	0	0	0	0	0	0	0	1	0	0	0	1	0	0	0	8.525649
252	0	0	0	0	0	1	0	0	0	0	0	1	0	0	0	0	0	0	0	0	0	4	8	0	64	0	0	0	1.5748	0	0	0	0	0	0	0	1	0	0	0	0	0	0	0	8.543419
252	0	0	0	0	0	1	1	0	1	0	0	1	0	0	1	0	0	0	0	0	0	4	9	0	81	0	0	0	1.5748	0	0	0	0	0	0	0	0	0	0	0	0	0	0	0	8.744252
252	0	0	0	0	3	0	1	1	0	0	0	0	0	0	1	0	0	0	0	1	-1	0	4	0	16	0	0	0	1.6002	0	0	0	0	0	0	0	0	0	0	0	0	1	0	0	8.543419
252	0	0	0	0	1	0	1	0	1	0	0	0	0	0	1	0	0	0	0	0	0	0	9	0	81	0	0	0	1.651	0	0	0	0	0	0	0	0	0	0	0	1	0	0	0	8.613906
252	0	1	0	0	1	0	0	1	0	1	1	0	0	0	0	0	0	0	0	1	0	0	4	0	16	0	0	0	1.651	0	0	0	0	0	0	0	1	0	0	0	0	0	0	0	9.044342
252	0	0	0	0	0	1	1	1	0	0	0	1	0	0	1	0	0	0	0	1	0	1	4	0	16	0	0	0	1.6002	0	0	0	0	0	0	0	0	0	0	1	0	0	0	0	8.744252
252	1	0	0	0	1	0	0	1	0	1	0	0	0	0	0	0	0	0	0	1	0	1	8	0	64	0	0	0	1.6002	0	0	0	0	0	0	0	1	0	0	1	0	0	0	0	8.525649
252	1	0	0	0	1	0	0	0	0	0	0	0	0	0	0	0	0	0	0	0	0	1	7	0	49	0	0	0	1.5494	0	0	0	0	0	0	0	1	0	0	1	0	0	0	0	8.744252
252	0	1	0	0	2	0	1	0	1	0	0	0	0	0	1	0	0	0	0	0	0	0	4	0	16	0	0	0	1.5494	0	0	0	0	0	0	0	0	0	0	0	0	0	0	0	8.973855
253	0	0	0	0	1	0	0	0	0	0	0	0	0	0	0	0	0	0	1	1	0	0	4	0	16	0	0	0	1.5748	0	0	0	0	1	0	0	0	0	0	0	1	0	0	0	8.673765
253	0	0	0	0	1	0	0	1	0	1	0	0	0	0	0	0	0	0	0	0	-1	0	4	0	16	0	0	0	1.6002	0	0	0	0	0	-1	0	0	0	0	0	0	1	0	0	8.673765
253	0	0	0	0	1	0	0	0	0	0	0	1	0	0	0	0	0	0	1	1	0	0	2	0	4	0	0	0	1.5748	0	0	0	0	1	0	0	0	0	0	0	1	0	0	0	8.543419
253	0	0	0	0	1	0	0	0	0	1	0	0	0	0	0	0	0	0	1	1	0	0	5	0	25	0	0	0	1.5494	0	0	0	0	1	0	0	1	0	0	0	1	0	0	0	8.525649
253	0	1	0	1	1	0	0	0	0	1	0	0	0	0	0	0	0	1	0	1	0	0	3	0	9	0	0	0	0	0	0	0	0	0	0	1	1	0	0	0	0	0	0	0	8.525649
253	0	0	0	0	2	0	0	1	0	0	0	1	0	0	0	0	0	0	0	0	0	0	7	0	49	0	0	0	1.6002	0	0	0	0	0	0	0	0	0	0	0	1	0	0	0	8.099738
253	0	0	0	0	1	0	0	0	0	0	0	0	0	0	0	0	0	0	1	1	0	0	4	0	16	0	0	0	1.5875	0	0	0	0	1	0	0	1	0	0	0	1	0	0	0	8.525649
253	0	1	0	0	0	1	0	1	0	1	0	0	0	0	0	0	0	0	0	0	0	0	4	0	16	0	0	0	1.6002	0	0	0	0	0	0	1	1	0	0	0	0	0	0	0	9.013688
253	0	0	0	0	1	0	0	0	0	1	0	0	0	0	0	0	0	0	0	1	0	0	3	0	9	0	0	0	1.5494	0	0	0	0	0	0	0	1	0	0	0	1	0	0	0	8.744252
253	0	0	0	0	1	0	0	0	1	1	1	0	0	0	0	0	0	0	1	0	0	0	3	0	9	0	0	0	1.5621	0	0	0	0	1	0	0	1	0	0	0	1	0	0	0	8.744252
255	0	0	1	0	1	0	1	0	1	0	0	0	0	0	0	0	0	0	0	0	0	4	0	0.127	0	0.016129	0	34	0	0	0	0	0	0	0	0	0	0	0	0	0	0	0	0	8.673765
255	0	0	0	0	1	0	0	0	1	0	0	1	0	0	0	0	0	0	1	0	0	0	9	0.0508	81	0.0025806	0	0	0	0	0	0	0	0	0	0	0	0	0	0	1	0	0	0	8.744252
255	0	0	0	0	1	0	0	0	1	0	0	1	0	0	0	0	0	0	0	0	0	0	6	0.1524	36	0.0232258	0	0	0	0	0	0	0	0	0	0	1	0	0	0	1	0	0	0	8.744252
255	0	0	0	0	1	0	0	0	1	1	0	0	0	0	0	0	0	0	0	0	0	0	8	0.1015999	64	0.0103225	0	0	0	0	0	0	0	0	0	0	1	0	0	0	1	0	0	0	8.613906
255	1	0	0	0	1	0	0	0	0	1	1	0	0	0	0	0	0	0	1	1	0	0	6	0.0889	36	0.0079032	0	0	0	0	0	0	0	0	0	0	1	0	0	0	1	0	0	0	9.174689
255	0	0	0	0	0	1	0	1	0	0	0	0	0	0	0	0	0	0	0	0	-1	0	5	0.1524	25	0.0232258	0	0	0	0	0	0	0	0	0	0	0	0	0	0	0	1	0	0	8.613906
255	1	0	0	0	1	0	0	0	1	0	0	0	0	0	0	0	0	0	1	0	0	0	6	0.0508	36	0.0025806	0	0	0	0	0	0	0	0	0	0	1	0	0	0	1	0	0	0	8.613906
255	1	1	0	0	1	0	0	0	0	1	1	0	0	0	0	0	0	0	0	1	0	0	9	0.127	81	0.016129	0	0	0	0	0	0	0	0	0	0	1	0	0	0	0	0	0	0	9.629485
255	0	0	0	0	1	0	0	1	0	1	0	0	0	0	0	0	0	0	0	0	0	0	9	0.1015999	81	0.0103225	0	0	0	0	0	0	0	0	0	0	1	0	0	0	1	0	0	0	8.613906
255	0	1	0	0	1	0	0	1	0	0	0	1	0	0	0	0	0	0	0	0	0	0	9	0.1015999	81	0.0103225	0	0	0	0	0	0	0	0	0	0	1	0	0	0	0	0	0	0	8.744252
255	0	0	0	0	2	0	0	1	0	0	0	1	0	0	0	0	0	0	0	0	0	0	7	0.1524	49	0.0232258	0	0	0	0	0	0	0	0	0	0	0	0	0	0	1	0	0	0	9.377819
255	0	0	0	0	1	0	0	0	0	1	0	0	0	0	0	0	0	0	1	1	0	0	8	0.1777999	64	0.0316128	0	0	0	0	0	0	0	0	0	0	1	0	0	0	1	0	0	0	9.113841
256	0	0	0	0	1	0	0	0	0	1	0	0	0	0	0	0	0	0	0	0	0	2	6	0.1523999	36	0.0232257	0	0	0	0	0	0	0	0	2	0	0	0	0	1	0	0	0	0	8.099738
256	1	0	0	0	1	0	0	0	1	0	0	1	0	0	0	1	0	0	1	0	0	0	2	0.0761999	4	0.0058064	0	0	0	0	0	0	0	1	0	0	0	0	0	0	0	1	0	0	8.673765
256	0	0	0	0	1	0	0	1	0	0	0	1	0	1	0	0	0	0	0	0	0	0	6	0.1523999	36	0.0232257	0	0	0	0	0	0	0	0	0	0	1	0	0	0	0	1	0	0	8.673765
256	0	0	0	0	1	0	0	1	0	1	0	0	0	0	0	0	0	0	1	0	0	0	2	0.0508	4	0.0025806	0	0	0	0	0	0	0	1	0	0	0	0	0	0	0	1	0	0	8.380857
256	1	0	0	0	1	0	0	1	0	1	0	0	0	0	0	0	0	0	1	0	0	0	6	0.0761999	36	0.0058064	0	0	0	0	0	0	0	1	0	0	0	0	0	0	0	1	0	0	8.099738
256	0	0	0	0	3	0	0	0	1	0	0	1	0	1	0	1	0	0	0	0	0	1	6	0.1523999	36	0.0232257	0	0	0	0	0	0	0	0	1	0	1	0	0	0	1	0	0	0	8.099738
256	0	0	0	0	1	0	0	1	0	1	1	0	0	0	0	0	0	0	1	0	0	0	9	0.0761999	81	0.0058064	0	0	0	0	0	0	0	1	0	0	0	0	0	0	0	1	0	0	8.612476
256	0	0	0	0	1	0	0	0	1	0	0	1	0	0	0	1	0	0	0	0	-2	0	7	0.1523999	49	0.0232257	0	0	0	0	0	0	0	0	-2	0	0	0	0	0	0	0	0	1	8.673765
256	1	0	0	0	1	0	0	1	0	1	0	0	0	0	0	0	0	0	1	0	0	0	9	0.127	81	0.016129	0	0	0	0	0	0	0	1	0	0	0	0	0	0	0	1	0	0	8.673765
256	1	0	0	0	1	0	0	1	0	1	1	0	0	0	0	0	0	0	1	0	0	0	11	0.1015999	121	0.0103225	0	0	0	0	0	0	0	1	0	0	0	0	0	0	0	1	0	0	8.099738
256	0	0	0	0	1	0	0	1	0	1	0	0	0	0	0	0	0	0	1	0	0	0	7	0.0761999	49	0.0058064	0	0	0	0	0	0	0	1	0	0	0	0	0	0	0	1	0	0	8.099738
256	0	0	0	0	1	0	0	1	0	0	0	0	0	0	0	0	0	0	1	0	0	0	5	0.0634999	25	0.0040322	0	0	0	0	0	0	0	1	0	0	0	0	0	0	0	1	0	0	8.543419
256	0	0	0	1	0	1	0	0	1	0	0	1	0	0	0	1	0	0	0	0	0	1	7	0	49	0	0	0	0	1.6764	0	0	0	0	1	0	0	0	0	0	1	0	0	0	8.673765
256	1	0	0	0	1	0	1	0	1	0	0	0	0	0	0	1	0	0	0	0	0	1	5	0.1015999	25	0.0103225	0	0	0	0	0	0	0	0	1	0	0	0	0	0	1	0	0	0	8.099738
256	0	0	0	1	1	0	0	0	1	1	0	0	0	1	0	1	0	0	0	0	0	1	5	0	25	0	0	0	0	1.6764	0	0	0	0	1	0	1	0	0	0	1	0	0	0	8.673765
257	1	1	0	0	0	1	0	0	1	0	0	0	0	0	0	1	0	0	0	0	0	0	9	0.127	81	0.016129	0	0	0	0	0	0	0	0	0	0	0	0	0	0	0	0	0	0	8.099738
257	0	1	1	1	0	1	0	0	1	1	0	0	0	0	0	1	0	0	0	0	0	0	0	0	0	0	0	30	0	1.651	0	0	0	0	0	0	0	0	0	0	0	0	0	0	9.084176
257	1	1	0	1	2	0	0	0	1	0	0	1	0	0	0	1	0	0	0	0	0	0	6	0	36	0	0	0	0	1.651	0	0	0	0	0	0	0	0	0	0	0	0	0	0	8.612476
257	0	1	0	0	1	0	1	0	1	1	0	0	0	0	0	1	0	0	0	0	0	0	8	0.0127001	64	0.0001613	0	0	0	0	0	0	0	0	0	0	0	0	0	0	0	0	0	0	8.673765
257	1	1	0	0	3	0	0	0	1	0	0	0	0	0	0	1	0	0	0	0	0	0	7	0.1016001	49	0.0103226	0	0	0	0	0	0	0	0	0	0	0	0	0	0	0	0	0	0	8.673765
257	1	0	0	0	1	0	0	1	0	0	0	0	0	0	0	0	0	0	1	0	0	0	5	0.0508	25	0.0025806	0	0	0	0	0	0	0	0	0	0	0	0	0	0	1	0	0	0	8.543419
257	0	1	0	0	3	0	0	0	1	0	0	0	0	0	0	1	0	0	0	0	0	0	10	0.0508	100	0.0025806	0	0	0	0	0	0	0	0	0	0	0	0	0	0	0	0	0	0	8.099738
257	0	0	0	0	0	1	0	1	0	0	0	0	0	0	0	0	0	0	1	0	0	0	6	0.1016001	36	0.0103226	0	0	0	0	0	0	0	0	0	0	0	0	0	0	1	0	0	0	8.612476
257	0	1	0	1	0	1	0	0	1	0	0	1	0	0	0	1	0	0	0	0	0	0	5	0	25	0	0	0	0	1.651	0	0	0	0	0	0	0	0	0	0	0	0	0	0	8.673765
257	1	0	0	0	1	0	0	1	0	0	0	0	0	1	0	0	0	0	1	0	0	0	5	0.127	25	0.016129	0	0	0	0	0	0	0	0	0	0	1	0	0	0	1	0	0	0	8.744252
257	0	0	0	0	2	0	0	0	1	0	0	1	0	1	0	1	0	0	1	0	0	0	6	0.0762	36	0.0058064	0	0	0	0	0	0	0	0	0	0	1	0	0	0	1	0	0	0	8.673765
257	0	1	0	0	4	0	0	0	1	0	0	1	0	1	0	1	0	0	0	0	0	0	7	0.1016001	49	0.0103226	0	0	0	0	0	0	0	0	0	0	1	0	0	0	0	0	0	0	8.099738
257	0	0	0	0	0	1	1	1	0	1	0	0	0	0	0	0	0	0	1	0	0	0	6	0.0762	36	0.0058064	0	0	0	0	0	0	0	0	0	0	0	0	0	0	1	0	0	0	8.673765
257	0	0	0	0	0	1	0	1	0	0	0	1	0	0	0	0	0	0	1	0	0	0	4	0.1016001	16	0.0103226	0	0	0	0	0	0	0	0	0	0	0	0	0	0	1	0	0	0	8.673765
257	0	0	1	0	0	1	1	0	1	0	0	0	0	0	0	1	0	0	1	0	0	0	0	0.127	0	0.016129	0	30	0	0	0	0	0	0	0	0	0	0	0	0	1	0	0	0	8.099738
269	1	0	0	0	3	0	0	0	0	0	0	1	0	0	0	0	0	0	1	1	0	0	6	0.2032	36	0.0412902	0	0	0	0	0	0	0	1	0	0	1	0	0	1	0	0	0	0	8.673765
269	0	0	0	0	1	0	1	0	1	1	0	0	0	0	0	0	0	0	1	0	0	0	5	0.1524	25	0.0232258	0	0	0	0	0	0	0	1	0	0	0	0	0	1	0	0	0	0	8.525649
269	1	0	0	0	4	0	1	0	0	0	0	0	0	0	0	0	0	0	1	1	0	0	6	0.1524	36	0.0232258	0	0	0	0	0	0	0	1	0	0	0	0	0	1	0	0	0	0	8.099738
269	1	0	0	0	0	1	1	1	0	0	0	0	0	0	0	0	0	0	1	0	0	0	6	0.2032	36	0.0412902	0	0	0	0	0	0	0	1	0	0	0	0	0	1	0	0	0	0	8.543419
269	0	0	0	0	1	0	0	1	0	1	0	0	0	0	0	0	0	0	0	0	0	3	8	0.127	64	0.016129	0	0	0	0	0	0	0	0	3	0	1	0	0	0	0	0	0	0	8.099738
269	0	0	0	0	4	0	0	0	0	0	0	0	0	0	0	0	0	0	1	1	0	0	8	0.127	64	0.016129	0	0	0	0	0	0	0	1	0	0	0	0	0	1	0	0	0	0	8.099738
269	0	0	0	0	3	0	0	0	0	0	0	0	0	1	0	0	0	0	1	1	0	0	5	0.127	25	0.016129	0	0	0	0	0	0	0	1	0	0	0	0	0	1	0	0	0	0	8.744252
269	0	0	0	0	2	0	0	1	0	0	0	1	0	1	0	0	0	0	0	0	-2	0	4	0.2032	16	0.0412902	0	0	0	0	0	0	0	0	-2	0	0	0	0	0	0	1	0	0	8.612476
269	0	0	0	0	1	0	0	1	0	0	0	0	0	1	0	0	0	0	1	0	0	0	4	0.1524	16	0.0232258	0	0	0	0	0	0	0	1	0	0	0	0	0	1	0	0	0	0	8.673765
269	0	0	0	0	2	0	1	0	1	0	0	1	0	0	0	0	0	0	1	0	0	0	5	0.1397001	25	0.0195161	0	0	0	0	0	0	0	1	0	0	0	0	0	1	0	0	0	0	8.673765
269	1	0	1	1	1	0	0	0	0	1	0	0	0	0	0	0	0	0	1	1	0	0	0	0	0	0	0	30	0	1.7272	0	0	0	1	0	0	1	0	0	1	0	0	0	0	8.099738
269	1	1	0	0	3	0	0	0	0	0	0	0	0	0	0	0	0	0	0	1	0	0	4	0.1524	16	0.0232258	0	0	0	0	0	0	0	0	0	1	0	0	0	0	0	0	0	0	8.673765
269	0	1	0	0	1	0	1	0	0	0	0	0	0	0	0	0	0	0	0	1	0	0	1	0.1778001	1	0.0316129	0	0	0	0	0	0	0	0	0	1	0	0	0	0	0	0	0	0	8.525649
280	1	0	0	0	1	0	0	0	0	1	0	0	0	1	0	0	0	0	1	0	0	0	3	0.0508	9	0.0025806	0	0	0	0	0	0	0	0	0	0	1	0	0	1	0	0	0	0	8.744252
280	0	0	0	0	1	0	0	0	0	0	0	0	0	1	0	0	0	0	0	0	0	2	3	0.1015999	9	0.0103225	0	0	0	0	0	0	0	0	0	0	1	1	0	0	0	0	0	0	8.613906
280	0	1	0	0	1	0	0	0	0	1	1	0	0	1	0	0	0	0	0	0	0	0	2	0.1015999	4	0.0103225	0	0	0	0	0	0	0	0	0	0	1	0	0	0	0	0	0	0	8.099738
280	1	0	0	0	1	0	0	0	1	0	0	0	0	1	0	1	0	0	1	0	0	0	4	0.1015999	16	0.0103225	0	0	0	0	0	0	0	0	0	0	1	0	0	1	0	0	0	0	8.744252
280	0	0	0	1	0	1	0	0	0	0	0	1	0	1	0	0	0	0	1	0	0	0	4	0	16	0	0	0	0	1.6256	0	0	0	0	0	0	1	0	0	1	0	0	0	0	8.673765
280	0	0	0	0	2	0	0	0	0	0	0	0	0	0	0	0	0	0	1	0	0	0	4	0	16	0	0	0	0	0	0	0	0	0	0	0	0	0	0	1	0	0	0	0	8.673765
280	0	0	0	0	0	1	0	0	0	0	0	1	0	1	0	0	0	0	1	0	0	0	7	0.0762	49	0.0058064	0	0	0	0	0	0	0	0	0	0	1	0	0	1	0	0	0	0	8.099738
280	0	0	0	0	1	0	0	1	0	1	0	0	0	1	0	0	0	0	0	0	-2	0	4	0.1015999	16	0.0103225	0	0	0	0	0	0	0	0	0	0	1	0	0	0	0	1	0	0	8.744252
280	1	1	0	0	1	0	0	0	1	0	0	1	0	1	0	1	0	0	0	0	0	0	5	0.0508	25	0.0025806	0	0	0	0	0	0	0	0	0	0	1	0	0	0	0	0	0	0	8.099738
280	1	0	0	0	1	0	0	1	0	0	0	0	0	1	0	0	0	0	1	0	0	0	4	0.1015999	16	0.0103225	0	0	0	0	0	0	0	0	0	0	1	0	0	1	0	0	0	0	8.744252
280	0	0	0	0	3	0	0	0	0	0	0	0	0	0	0	0	0	0	1	0	0	0	4	0.0762	16	0.0058064	0	0	0	0	0	0	0	0	0	0	0	0	0	1	0	0	0	0	8.673765
280	0	0	0	0	1	0	0	1	0	0	0	1	0	0	0	0	0	0	1	0	0	0	4	0.0508	16	0.0025806	0	0	0	0	0	0	0	0	0	0	0	0	0	1	0	0	0	0	8.673765
280	0	1	0	1	0	1	0	0	1	0	0	1	0	1	0	1	0	0	0	0	0	0	3	0	9	0	0	0	0	1.6256	0	0	0	0	0	0	1	0	0	0	0	0	0	0	8.525649
280	0	0	0	0	1	0	0	0	1	1	0	0	0	0	0	1	0	0	1	0	0	0	4	0.0508	16	0.0025806	0	0	0	0	0	0	0	0	0	0	0	0	0	1	0	0	0	0	8.673765
280	1	0	0	0	1	0	0	1	0	0	0	0	0	0	0	0	0	0	1	0	0	0	3	0.0508	9	0.0025806	0	0	0	0	0	0	0	0	0	0	0	0	0	1	0	0	0	0	8.525649
281	1	0	0	0	0	1	0	1	0	0	0	0	0	1	0	0	0	0	0	1	0	3	5	0.1778001	25	0.0316129	0	0	0	0	0	0	0	0	3	0	1	0	0	0	0	0	0	0	8.673765
281	0	0	0	0	1	0	0	0	0	0	0	1	0	1	0	0	0	0	0	0	0	2	6	0.0762	36	0.0058064	0	0	0	0	0	0	0	0	2	0	1	1	0	0	0	0	0	0	8.744252
281	1	0	0	0	1	0	0	0	0	0	0	0	0	0	0	0	0	0	1	0	0	0	5	0.127	25	0.016129	0	0	0	0	0	0	0	1	0	0	0	0	0	1	0	0	0	0	8.744252
281	0	0	0	0	1	0	0	0	1	0	0	1	0	1	0	0	0	0	0	0	0	2	11	0.127	121	0.016129	0	0	0	0	0	0	0	0	2	0	1	1	0	0	0	0	0	0	8.543419
281	0	0	0	0	2	0	0	0	0	0	0	0	0	1	0	0	0	0	1	0	0	0	8	0.0508	64	0.0025806	0	0	0	0	0	0	0	1	0	0	1	0	0	1	0	0	0	0	8.525649
281	0	0	0	0	0	1	0	0	0	0	0	1	0	0	0	0	0	0	1	0	0	0	6	0.1016001	36	0.0103226	0	0	0	0	0	0	0	1	0	0	0	0	0	1	0	0	0	0	8.673765
281	0	0	0	0	1	0	0	0	0	1	0	0	0	1	0	0	0	0	1	0	0	0	7	-0.0253999	49	0.0006452	0	0	0	0	0	0	0	1	0	0	1	0	0	1	0	0	0	0	8.673765
281	1	0	0	0	0	1	0	0	0	0	0	1	0	1	0	0	0	0	1	0	0	0	9	0.0762	81	0.0058064	0	0	0	0	0	0	0	1	0	0	1	0	0	1	0	0	0	0	8.673765
281	1	0	0	0	1	0	0	0	0	1	0	0	0	0	0	0	0	0	0	0	0	2	5	0.1016001	25	0.0103226	0	0	0	0	0	0	0	0	2	0	0	1	0	0	0	0	0	0	8.673765
281	0	0	0	0	1	0	0	1	0	0	0	1	0	0	0	0	0	0	1	1	0	0	4	0.0254	16	0.0006452	0	0	0	0	0	0	0	1	0	0	0	0	0	1	0	0	0	0	8.673765
281	0	0	0	0	4	0	0	0	0	0	0	0	0	0	0	0	0	0	0	0	0	2	8	0.127	64	0.016129	0	0	0	0	0	0	0	0	2	0	0	1	0	0	0	0	0	0	8.543419
281	0	0	0	0	2	0	0	1	0	0	0	0	0	1	0	0	0	0	0	1	0	3	5	0.1778001	25	0.0316129	0	0	0	0	0	0	0	0	3	0	1	0	0	0	0	0	0	0	8.673765
281	0	0	0	1	0	1	0	0	0	0	0	1	0	0	0	0	0	0	0	0	0	2	6	0	36	0	0	0	0	1.651	0	0	0	0	2	0	0	1	0	0	0	0	0	0	8.973855
281	1	0	0	0	1	0	0	0	0	0	0	0	0	1	0	0	0	0	0	0	-1	0	4	0.0508	16	0.0025806	0	0	0	0	0	0	0	0	-1	0	1	0	0	0	1	0	0	0	8.525649
281	0	0	0	0	1	0	0	0	0	0	0	0	0	1	0	0	0	0	1	0	0	0	7	0.0762	49	0.0058064	0	0	0	0	0	0	0	1	0	0	1	0	0	1	0	0	0	0	8.673765
283	1	0	0	0	1	0	0	0	1	1	0	0	0	1	0	0	0	0	0	0	0	1	4	0.1778001	16	0.0316129	0	0	0	0	0	0	0	0	1	0	1	0	0	1	0	0	0	0	9.174689
283	0	1	0	1	1	0	0	0	1	1	0	0	0	0	0	0	0	0	0	0	0	0	9	0	81	0	0	0	0	1.7272	0	0	0	0	0	1	0	0	0	0	0	0	0	0	8.332068
283	0	1	0	0	1	0	0	0	1	0	0	1	0	0	0	0	0	0	0	0	0	0	9	0.0762	81	0.0058064	0	0	0	0	0	0	0	0	0	1	0	0	0	0	0	0	0	0	8.863879
283	0	0	0	0	0	1	0	1	0	0	0	0	0	0	0	0	0	0	1	1	0	0	10	0.1778001	100	0.0316129	0	0	0	0	0	0	0	1	0	0	0	0	0	0	1	0	0	0	8.543419
283	0	1	0	0	1	0	0	0	1	0	0	0	0	0	0	0	0	0	0	0	0	0	6	0.127	36	0.016129	0	0	0	0	0	0	0	0	0	1	0	0	0	0	0	0	0	0	8.673765
283	0	1	0	0	2	0	0	0	1	0	0	1	0	1	0	0	0	0	0	0	0	0	6	0.2032	36	0.0412902	0	0	0	0	0	0	0	0	0	1	1	0	0	0	0	0	0	0	8.543419
283	0	0	0	0	1	0	0	0	1	0	0	1	0	1	0	0	0	0	1	0	0	0	9	0.2032	81	0.0412902	0	0	0	0	0	0	0	1	0	0	1	0	0	0	1	0	0	0	8.673765
283	0	1	0	0	1	0	0	0	1	0	0	1	0	0	0	0	0	0	0	0	0	0	12	0.0889001	144	0.0079032	0	0	0	0	0	0	0	0	0	1	0	0	0	0	0	0	0	0	8.673765
283	0	1	1	1	0	1	1	0	1	0	0	1	0	0	0	0	0	0	0	0	0	0	0	0	0	0	0	34	0	1.7272	0	0	0	0	0	1	0	0	0	0	0	0	0	0	7.95042
283	1	0	0	0	1	0	0	0	0	1	0	0	0	1	0	0	0	0	0	0	0	1	6	0.127	36	0.016129	0	0	0	0	0	0	0	0	1	0	1	0	0	1	0	0	0	0	8.744252
283	0	1	0	0	2	0	0	0	1	0	0	0	0	0	0	0	0	0	0	0	0	0	10	0.127	100	0.016129	0	0	0	0	0	0	0	0	0	1	0	0	0	0	0	0	0	0	8.673765
283	1	0	0	0	1	0	0	1	0	1	0	0	0	1	0	0	0	0	0	1	0	1	6	0.2032	36	0.0412902	0	0	0	0	0	0	0	0	1	0	1	0	0	1	0	0	0	0	8.744252
283	1	0	0	0	2	0	0	0	0	1	0	0	0	1	0	0	0	0	0	0	0	0	6	0.0762	36	0.0058064	0	0	0	0	0	0	0	0	0	0	1	0	0	0	1	0	0	0	9.044342
283	0	0	0	0	1	0	0	1	0	0	0	0	0	0	0	0	0	0	1	1	0	0	4	0.1778001	16	0.0316129	0	0	0	0	0	0	0	1	0	0	0	0	0	0	1	0	0	0	8.744252
283	1	1	0	0	1	0	0	0	0	0	0	1	0	0	0	0	0	0	0	0	0	0	5	0.127	25	0.016129	0	0	0	0	0	0	0	0	0	1	0	0	0	0	0	0	0	0	8.973855
284	1	0	0	0	1	0	0	0	0	1	0	0	0	1	0	0	0	0	1	1	0	0	9	0.1523999	81	0.0232257	0	0	0	0	1	0	0	0	0	0	1	0	0	0	1	0	0	0	8.525649
284	1	0	0	0	1	0	0	0	0	1	0	0	0	1	0	0	0	0	1	1	0	0	7	0.1523999	49	0.0232257	0	0	0	0	1	0	0	0	0	0	1	0	0	0	1	0	0	0	9.104201
284	0	0	0	0	1	0	0	1	0	1	0	0	0	0	0	0	0	0	1	0	0	0	10	0.1777999	100	0.0316128	0	0	0	0	1	0	0	0	0	0	0	0	0	0	1	0	0	0	8.744252
284	0	0	0	0	2	0	0	1	0	1	1	0	0	0	0	0	0	0	1	0	0	0	9	0.2794	81	0.0780644	0	0	0	0	1	0	0	0	0	0	0	0	0	0	1	0	0	0	8.673765
284	0	0	0	0	1	0	0	1	0	1	0	0	0	1	0	0	0	0	1	0	0	0	10	0.1777999	100	0.0316128	0	0	0	0	1	0	0	0	0	0	1	0	0	0	1	0	0	0	8.613906
284	0	0	0	0	1	0	0	0	1	1	0	0	0	0	0	0	0	0	1	0	0	0	6	0.1904999	36	0.0362902	0	0	0	0	1	0	0	0	0	0	0	0	0	0	1	0	0	0	8.673765
284	0	0	0	0	1	0	0	1	0	1	0	0	0	1	0	0	0	0	1	0	0	0	9	0.1523999	81	0.0232257	0	0	0	0	1	0	0	0	0	0	1	0	0	0	1	0	0	0	8.543419
284	1	0	0	0	1	0	0	0	0	1	0	0	0	1	0	0	0	0	1	1	0	0	8	0.1015999	64	0.0103225	0	0	0	0	1	0	0	0	0	0	1	0	0	0	1	0	0	0	8.673765
284	1	0	0	0	1	0	0	0	0	0	0	0	0	1	0	0	0	0	1	1	0	0	6	0.127	36	0.016129	0	0	0	0	1	0	0	0	0	0	1	0	0	0	1	0	0	0	8.744252
284	0	0	0	0	1	0	0	1	0	1	0	0	0	0	0	0	0	0	1	0	0	0	9	0.1523999	81	0.0232257	0	0	0	0	1	0	0	0	0	0	0	0	0	0	1	0	0	0	8.543419
284	1	0	0	0	1	0	0	0	0	1	0	0	0	0	0	0	0	0	1	1	0	0	6	0.127	36	0.016129	0	0	0	0	1	0	0	0	0	0	0	0	0	0	1	0	0	0	9.104201
284	0	0	0	0	1	0	0	1	0	1	0	0	0	0	0	0	0	0	1	0	0	0	8	0.2285999	64	0.0522579	0	0	0	0	1	0	0	0	0	0	0	0	0	0	1	0	0	0	8.673765
284	0	0	0	0	1	0	0	0	1	1	0	0	0	0	0	0	0	0	1	0	0	0	7	0.2285999	49	0.0522579	0	0	0	0	1	0	0	0	0	0	0	0	0	0	1	0	0	0	8.525649
284	0	0	0	0	1	0	0	0	1	1	0	0	0	1	0	0	0	0	0	0	0	0	8	0.2539999	64	0.064516	0	0	0	0	0	0	0	0	0	0	1	0	0	0	1	0	0	0	8.673765
284	0	0	0	0	1	0	0	1	0	0	0	1	0	1	0	0	0	0	1	0	0	0	11	0.1777999	121	0.0316128	0	0	0	0	1	0	0	0	0	0	1	0	0	0	1	0	0	0	8.673765
290	1	1	0	0	1	0	0	1	0	1	0	0	0	1	0	0	0	0	0	1	0	0	12	0.1015999	144	0.0103225	0	0	0	0	0	0	0	0	0	1	1	0	0	0	0	0	0	0	8.543419
290	0	0	0	0	1	0	0	1	0	1	0	0	0	1	0	0	0	0	0	1	0	0	7	0.0761999	49	0.0058064	0	0	0	0	0	0	0	0	0	0	1	0	0	0	1	0	0	0	9.104201
290	1	0	0	1	1	0	0	0	1	0	0	1	0	0	0	0	0	0	0	0	0	0	11	0	121	0	0	0	0	1.6764	0	0	0	0	0	0	0	0	0	0	1	0	0	0	8.543419
290	0	0	0	0	1	0	1	0	1	1	0	0	0	0	0	0	0	0	0	0	0	0	12	0.1015999	144	0.0103225	0	0	0	0	0	0	0	0	0	0	0	0	0	0	1	0	0	0	8.673765
290	1	1	0	0	1	0	1	0	1	0	0	1	0	0	0	0	0	0	0	0	0	0	6	0.0761999	36	0.0058064	0	0	0	0	0	0	0	0	0	1	0	0	0	0	0	0	0	0	9.508718
290	1	0	0	0	0	1	1	0	1	1	0	0	0	0	0	0	0	0	0	0	0	0	7	0.127	49	0.016129	0	0	0	0	0	0	0	0	0	0	0	0	0	0	1	0	0	0	8.395303
290	0	0	0	0	2	0	0	0	1	0	0	0	0	1	0	0	0	0	0	0	0	0	4	0.1015999	16	0.0103225	0	0	0	0	0	0	0	0	0	0	1	0	0	0	1	0	0	0	9.139073
290	1	0	0	0	1	0	0	0	0	1	0	0	0	0	0	0	0	0	1	0	0	0	9	0.1015999	81	0.0103225	0	0	0	0	0	0	0	1	0	0	0	0	0	0	1	0	0	0	8.525649
290	0	0	0	0	1	0	1	0	0	1	1	0	0	0	0	0	0	0	0	0	0	0	8	0.0364	64	0.001325	0	0	0	0	0	0	0	0	0	0	0	0	0	0	1	0	0	0	9.104201
290	0	0	0	0	3	0	0	1	0	0	0	0	0	0	0	0	0	0	0	1	-1	0	9	0.0761999	81	0.0058064	0	0	0	0	0	0	0	0	-1	0	0	0	0	0	0	1	0	0	8.673765
290	0	0	0	0	1	0	0	0	0	1	0	0	0	1	0	0	0	0	0	0	0	0	8	0.0761999	64	0.0058064	0	0	0	0	0	0	0	0	0	0	1	0	0	0	1	0	0	0	9.104201
290	0	0	0	0	3	0	0	0	1	0	0	1	0	1	0	0	0	0	0	0	0	1	3	0.127	9	0.016129	0	0	0	0	0	0	0	0	1	0	1	0	0	1	0	0	0	0	9.634239
290	0	0	0	0	1	0	0	0	1	1	0	0	0	1	0	0	0	0	0	0	0	0	8	0.1523999	64	0.0232257	0	0	0	0	0	0	0	0	0	0	1	0	0	0	1	0	0	0	8.840846
290	0	0	0	0	1	0	0	0	0	1	0	0	0	1	0	0	0	0	0	0	0	0	7	0.1015999	49	0.0103225	0	0	0	0	0	0	0	0	0	0	1	0	0	0	1	0	0	0	8.673765
290	0	1	0	0	1	0	0	0	0	0	0	0	0	0	0	0	0	0	0	0	0	0	4	0.0663999	16	0.004409	0	0	0	0	0	0	0	0	0	1	0	0	0	0	0	0	0	0	8.613906
293	0	0	0	0	0	1	0	0	0	0	0	0	0	0	0	0	0	0	1	1	0	0	5	0.1143	25	0.0130645	0	0	0	0	0	0	0	0	0	0	1	0	0	0	0	0	0	1	8.673765
293	0	0	0	0	3	0	0	0	0	0	0	1	0	0	0	0	0	0	0	1	0	4	8	-0.0127	64	0.0001613	0	0	0	0	0	0	0	0	0	0	0	0	0	1	0	0	0	0	7.95042
293	0	0	0	0	1	0	1	0	0	0	0	1	0	0	1	0	0	0	1	1	0	0	5	0.0635	25	0.0040323	0	0	0	0	0	0	0	0	0	0	0	0	0	0	0	0	0	1	8.612476
293	1	1	0	0	1	0	1	0	1	0	0	1	0	0	1	0	0	0	0	0	0	0	6	0.1143	36	0.0130645	0	0	0	0	0	0	0	0	0	0	0	0	0	0	0	0	0	0	8.613906
293	0	0	0	0	1	0	0	0	0	0	0	1	0	0	0	0	0	0	0	1	0	4	7	0.0889	49	0.0079032	0	0	0	0	0	0	0	0	0	0	1	0	0	1	0	0	0	0	8.543419
293	0	0	0	0	0	1	1	1	0	0	0	1	0	0	1	0	0	0	0	0	0	3	4	0.0889	16	0.0079032	0	0	0	0	0	0	0	0	0	0	0	0	0	0	1	0	0	0	8.613906
293	0	0	0	0	1	0	1	0	0	0	0	1	0	0	1	0	0	0	1	1	0	0	6	0.0889	36	0.0079032	0	0	0	0	0	0	0	0	0	0	0	0	0	0	0	0	0	1	8.673765
293	1	0	0	0	1	0	0	1	0	1	0	0	0	0	0	0	0	0	0	0	0	3	6	0.0254	36	0.0006452	0	0	0	0	0	0	0	0	0	0	0	0	0	0	1	0	0	0	8.613906
293	1	0	0	0	0	1	0	0	0	0	0	1	0	0	0	0	0	0	1	1	0	0	9	0.1143	81	0.0130645	0	0	0	0	0	0	0	0	0	0	1	0	0	0	0	0	0	1	8.099738
293	0	0	0	0	1	0	1	0	1	1	0	0	0	0	1	0	0	0	1	0	0	0	4	0.1397001	16	0.0195161	0	0	0	0	0	0	0	0	0	0	0	0	0	0	0	0	0	1	7.95042
293	0	0	0	0	0	1	1	0	0	1	0	0	0	0	1	0	0	0	1	1	0	0	4	0.0635	16	0.0040323	0	0	0	0	0	0	0	0	0	0	0	0	0	0	0	0	0	1	8.543419
293	1	0	0	0	0	1	0	1	0	0	0	1	0	0	0	0	0	0	0	0	0	3	5	0.1143	25	0.0130645	0	0	0	0	0	0	0	0	0	0	0	0	0	0	1	0	0	0	8.613906
293	0	0	0	0	1	0	0	0	1	1	0	0	0	0	0	0	0	0	1	0	0	0	5	0.1143	25	0.0130645	0	0	0	0	0	0	0	0	0	0	1	0	0	0	0	0	0	1	8.673765
293	1	1	0	0	1	0	0	0	1	0	0	1	0	0	0	0	0	0	0	0	0	0	4	0.1143	16	0.0130645	0	0	0	0	0	0	0	0	0	0	1	0	0	0	0	0	0	0	8.744252
293	0	0	0	0	1	0	1	0	0	1	0	0	0	0	1	0	0	0	0	1	0	4	4	0.1397001	16	0.0195161	0	0	0	0	0	0	0	0	0	0	0	0	0	1	0	0	0	0	8.543419
296	0	0	0	0	1	0	0	0	1	0	0	1	0	1	0	0	0	0	0	0	-1	0	6	0.2032	36	0.0412902	0	0	0	0	0	0	0	0	-1	0	1	1	0	0	0	0	0	0	8.673765
296	1	0	0	0	1	0	0	0	0	0	0	0	0	1	0	0	0	0	0	1	-3	0	8	0.2032	64	0.0412902	0	0	0	0	0	0	0	0	-3	0	1	0	0	1	0	0	0	0	8.673765
296	1	0	0	0	1	0	0	0	0	1	1	0	0	1	0	0	0	0	0	1	-3	0	6	0.2285999	36	0.0522579	0	0	0	0	0	0	0	0	-3	0	1	0	0	1	0	0	0	0	7.95042
296	0	0	0	0	1	0	0	0	0	0	0	0	0	0	0	0	0	0	0	1	-3	0	7	0.2539999	49	0.064516	0	0	0	0	0	0	0	0	-3	0	0	0	0	1	0	0	0	0	8.673765
296	1	0	0	0	1	0	0	0	0	1	0	0	0	1	0	0	0	0	1	1	0	0	13	0.2285999	169	0.0522579	0	0	0	0	0	0	0	1	0	0	1	0	0	0	0	0	0	0	8.099738
296	1	0	0	0	1	0	1	0	0	0	0	0	0	0	0	0	0	0	0	1	-1	0	9	0.2285999	81	0.0522579	0	0	0	0	0	0	0	0	-1	0	0	1	0	0	0	0	0	0	8.673765
296	0	0	0	0	1	0	0	0	0	0	0	0	0	0	0	0	0	0	1	1	0	0	10	0.3047999	100	0.092903	0	0	0	0	0	0	0	1	0	0	0	0	0	0	0	0	0	0	8.673765
296	0	0	0	0	1	0	0	0	0	1	0	0	0	1	0	0	0	0	1	1	0	0	7	0.2158999	49	0.0466128	0	0	0	0	0	0	0	1	0	0	1	0	0	0	0	0	0	0	8.973855
296	1	0	0	0	1	0	0	0	0	1	1	0	0	1	0	0	0	0	1	1	0	0	9	0.2539999	81	0.064516	0	0	0	0	0	0	0	1	0	0	1	0	0	0	0	0	0	0	8.744252
296	0	0	0	0	2	0	0	0	0	0	0	0	0	0	0	0	0	0	1	1	0	0	10	0.2794	100	0.0780644	0	0	0	0	0	0	0	1	0	0	0	0	0	0	0	0	0	0	8.543419
296	0	0	0	0	0	1	0	0	0	0	0	0	0	1	0	0	0	0	0	1	-3	0	4	0.1905	16	0.0362903	0	0	0	0	0	0	0	0	-3	0	1	0	0	1	0	0	0	0	8.714885
299	0	0	0	0	1	0	0	1	0	0	0	1	0	0	0	0	0	0	0	0	-1	0	6	0.0762	36	0.0058064	0	0	0	0	0	0	0	0	0	0	0	0	0	0	0	1	0	0	8.612476
299	0	0	0	0	0	1	0	1	0	0	0	0	0	0	0	0	0	0	1	0	0	0	10	0.0127	100	0.0001613	0	0	0	0	0	0	0	0	0	0	0	0	0	0	1	0	0	0	8.673765
299	0	0	0	0	3	0	0	0	0	0	0	0	0	0	0	0	0	0	0	0	0	0	14	0.1396999	196	0.0195161	0	0	0	0	0	0	0	0	0	0	0	0	0	0	1	0	0	0	8.099738
299	1	1	1	1	0	1	0	0	1	0	0	1	0	0	0	1	0	0	0	0	0	0	0	0	0	0	0	36	0	1.6256	0	0	0	0	0	0	0	0	0	0	0	0	0	0	7.95042
299	0	0	0	0	1	0	0	0	0	0	0	1	0	0	0	0	0	0	0	0	-3	0	8	0.0508	64	0.0025806	0	0	0	0	0	0	0	0	0	0	1	0	0	0	0	0	0	1	7.95042
299	1	0	0	0	2	0	0	0	0	0	0	1	0	0	0	0	0	0	0	0	0	4	7	0	49	0	0	0	0	0	0	0	0	0	0	0	0	0	0	0	0	0	0	0	8.099738
299	0	0	0	0	1	0	0	1	0	0	0	1	0	0	0	0	0	0	1	0	0	0	8	0.1015999	64	0.0103225	0	0	0	0	0	0	0	0	0	0	0	0	0	0	1	0	0	0	8.099738
299	1	1	0	1	2	0	0	0	1	0	0	1	0	0	0	1	0	0	0	0	0	0	6	0	36	0	0	0	0	1.6256	0	0	0	0	0	0	1	0	0	0	0	0	0	0	8.099738
299	0	0	0	1	3	0	0	1	0	0	0	1	0	0	0	0	0	0	1	0	0	0	8	0	64	0	0	0	0	1.6256	0	0	0	0	0	0	0	0	0	0	1	0	0	0	7.95042
299	1	1	0	0	0	1	0	0	1	0	0	1	0	0	0	1	0	0	0	0	0	0	5	0	25	0	0	0	0	0	0	0	0	0	0	0	1	0	0	0	0	0	0	0	8.099738
299	0	0	0	0	1	0	0	1	0	0	0	1	0	0	0	0	0	0	1	0	0	0	11	0.0508	121	0.0025806	0	0	0	0	0	0	0	0	0	0	0	0	0	0	1	0	0	0	8.099738
299	0	0	0	0	3	0	0	1	0	0	0	1	0	0	0	0	0	0	0	0	0	0	10	0.0508	100	0.0025806	0	0	0	0	0	0	0	0	0	0	0	0	0	0	1	0	0	0	8.673765
299	0	0	0	0	1	0	0	1	0	0	0	0	0	0	0	0	0	0	0	0	-1	0	6	0.0253999	36	0.0006452	0	0	0	0	0	0	0	0	0	0	0	0	0	0	0	1	0	0	9.203803
299	1	0	0	0	0	1	0	0	0	0	0	0	0	0	0	0	0	0	0	0	0	0	8	0.1015999	64	0.0103225	0	0	0	0	0	0	0	0	0	0	1	0	0	0	1	0	0	0	8.099738
299	0	1	0	1	0	1	1	0	1	0	0	0	0	0	1	1	0	0	0	0	0	0	11	0	121	0	0	0	0	1.6256	0	0	0	0	0	0	0	0	0	0	0	0	0	0	8.099738
300	0	0	0	0	4	0	0	0	1	0	0	1	0	0	0	0	0	0	0	0	0	1	2	0.0762	4	0.0058064	0	0	0	0	0	0	0	0	0	0	0	0	1	0	0	0	0	0	8.099738
300	0	0	0	0	1	0	0	1	0	0	0	1	0	0	0	0	0	0	1	0	0	0	0	0	0	0	0	0	0	0	0	0	0	0	0	0	1	0	0	1	0	0	0	0	8.543419
300	1	0	0	0	1	0	0	0	0	0	0	1	0	0	0	0	0	0	1	1	0	0	-7	-0.0253999	49	0.0006452	0	0	0	0	0	0	0	0	0	0	0	0	0	1	0	0	0	0	9.174689
300	0	0	0	0	0	1	0	0	0	0	0	0	0	0	0	0	0	0	1	1	0	0	-6	0.0254	36	0.0006452	0	0	0	0	0	0	0	0	0	0	1	0	0	1	0	0	0	0	8.744252
300	1	0	1	0	1	0	0	1	0	0	0	1	0	0	0	0	0	0	1	0	0	0	0	0.0762	0	0.0058064	0	24	0	0	0	0	0	0	0	0	1	0	0	1	0	0	0	0	9.044342
300	1	1	0	0	1	0	1	0	1	0	0	1	0	0	1	0	0	0	0	0	0	0	-2	0.0762	4	0.0058064	0	0	0	0	0	0	0	0	0	0	0	0	0	0	0	0	0	0	8.673765
300	0	0	0	0	0	1	1	0	0	1	0	0	0	0	1	0	0	0	1	1	0	0	-3	-0.0253999	9	0.0006452	0	0	0	0	0	0	0	0	0	0	0	0	0	1	0	0	0	0	9.043353
300	0	0	0	1	2	0	1	0	0	1	0	0	0	0	1	0	0	0	1	1	0	0	-6	0	36	0	0	0	0	1.6002	0	0	0	0	0	0	0	0	0	1	0	0	0	0	8.099738
300	1	0	0	0	2	0	0	0	0	1	0	0	0	0	0	0	0	0	1	1	0	0	-3	0	9	0	0	0	0	0	0	0	0	0	0	0	1	0	0	1	0	0	0	0	8.673765
300	0	0	0	0	1	0	0	0	0	0	0	1	0	0	0	0	0	0	1	1	0	0	-7	0.0762	49	0.0058064	0	0	0	0	0	0	0	0	0	0	1	0	0	1	0	0	0	0	8.543419
300	0	0	0	0	1	0	0	0	0	1	0	0	0	0	0	0	0	0	1	1	0	0	-5	0.0127001	25	0.0001613	0	0	0	0	0	0	0	0	0	0	1	0	0	1	0	0	0	0	8.744252
300	0	1	1	1	0	1	1	0	1	0	0	1	0	0	1	0	0	0	0	0	0	0	0	0	0	0	0	24	0	1.6002	0	0	0	0	0	0	0	0	0	0	0	0	0	0	9.042912
300	1	0	0	0	1	0	1	1	0	0	0	0	0	0	1	0	0	0	0	0	0	1	-4	0.0508001	16	0.0025806	0	0	0	0	0	0	0	0	0	0	0	0	1	0	0	0	0	0	9.084176
300	0	0	0	0	1	0	1	0	0	1	0	0	0	0	1	0	0	0	1	1	0	0	-1	-0.2794	1	0.0780644	0	0	0	0	0	0	0	0	0	0	0	0	0	1	0	0	0	0	8.673765
300	0	0	0	0	1	0	1	0	0	0	0	0	0	0	1	0	0	0	1	1	0	0	-6	0.0762	36	0.0058064	0	0	0	0	0	0	0	0	0	0	0	0	0	1	0	0	0	0	8.525649
312	1	0	0	0	2	0	0	0	1	0	0	0	0	0	0	0	0	0	0	0	-2	0	8	0.127	64	0.016129	0	0	0	0	0	0	0	0	0	0	0	0	0	0	0	1	0	0	9.104201
312	0	0	0	0	1	0	0	0	0	0	0	0	0	0	0	0	0	0	1	1	0	0	7	0.0635	49	0.0040323	0	0	0	0	0	0	0	0	0	0	1	0	0	1	0	0	0	0	9.042912
312	1	1	0	0	1	0	0	0	0	0	0	0	0	0	0	0	0	0	0	1	0	0	5	0.127	25	0.016129	0	0	0	0	0	0	0	0	0	0	1	0	0	0	0	0	0	0	8.973855
312	1	0	0	0	1	0	0	1	0	0	0	0	0	0	0	0	0	0	1	0	0	0	6	0	36	0	0	0	0	0	0	0	0	0	0	0	0	0	0	1	0	0	0	0	8.543419
312	1	0	0	0	0	1	0	0	1	0	0	0	0	0	0	0	0	0	1	0	0	0	6	0.1016001	36	0.0103226	0	0	0	0	0	0	0	0	0	0	0	0	0	1	0	0	0	0	9.044342
312	0	0	0	0	1	0	0	1	0	0	0	0	0	0	0	0	0	0	0	0	0	2	6	0.0508	36	0.0025806	0	0	0	0	0	0	0	0	0	0	1	1	0	0	0	0	0	0	8.673765
312	1	1	0	0	1	0	0	0	0	1	0	0	0	0	0	0	0	0	0	1	0	0	5	0.0635	25	0.0040323	0	0	0	0	0	0	0	0	0	0	0	0	0	0	0	0	0	0	8.673765
312	0	0	0	0	1	0	0	1	0	1	0	0	0	0	0	0	0	0	1	0	0	0	10	0.1016001	100	0.0103226	0	0	0	0	0	0	0	0	0	0	1	0	0	1	0	0	0	0	8.744252
312	0	0	0	0	1	0	0	1	0	0	0	1	0	0	0	0	0	0	0	0	-2	0	2	0.0910001	4	0.008281	0	0	0	0	0	0	0	0	0	0	1	0	0	0	0	1	0	0	8.973855
312	0	0	0	0	1	0	0	1	0	1	0	0	0	0	0	0	0	0	1	0	0	0	5	0.1016001	25	0.0103226	0	0	0	0	0	0	0	0	0	0	1	0	0	1	0	0	0	0	8.613906
312	0	0	0	0	1	0	0	0	0	0	0	1	0	0	0	0	0	0	1	1	0	0	8	0.0508	64	0.0025806	0	0	0	0	0	0	0	0	0	0	1	0	0	1	0	0	0	0	8.525649
312	0	0	0	0	2	0	0	0	0	0	0	0	0	0	0	0	0	0	0	1	-2	0	13	0.1524	169	0.0232258	0	0	0	0	0	0	0	0	0	0	1	0	0	0	0	1	0	0	8.69273
312	0	0	0	0	3	0	0	0	0	0	0	0	0	0	0	0	0	0	1	1	0	0	9	0.0762	81	0.0058064	0	0	0	0	0	0	0	0	0	0	0	0	0	1	0	0	0	0	8.913007
312	0	0	0	0	4	0	0	0	0	0	0	0	0	0	0	0	0	0	1	1	0	0	7	0.0254	49	0.0006452	0	0	0	0	0	0	0	0	0	0	1	0	0	1	0	0	0	0	8.673765
312	0	0	0	0	1	0	0	1	0	1	0	0	0	0	0	0	0	0	1	0	0	0	4	0.0254	16	0.0006452	0	0	0	0	0	0	0	0	0	0	1	0	0	1	0	0	0	0	8.744252
313	0	1	0	0	2	0	0	0	0	0	0	1	0	1	0	0	0	0	0	1	0	0	7	0.0508	49	0.0025806	0	0	0	0	0	0	0	0	0	0	1	0	0	0	0	0	0	0	8.099738
313	0	0	0	0	4	0	1	1	0	0	0	0	0	0	0	0	0	0	0	0	-2	0	8	0.0254	64	0.0006452	0	0	0	0	0	0	0	0	0	0	0	0	0	0	0	1	0	0	8.099738
313	1	0	0	1	1	0	0	0	0	0	0	0	0	0	0	0	0	0	1	1	0	0	8	0	64	0	0	0	0	1.651	0	0	0	0	0	0	0	0	0	1	0	0	0	0	8.099738
313	0	1	0	0	2	0	1	0	1	0	0	0	0	0	0	0	0	0	0	0	0	0	9	0.0508	81	0.0025806	0	0	0	0	0	0	0	0	0	0	0	0	0	0	0	0	0	0	8.956086
313	1	0	0	0	1	0	0	0	0	1	0	0	0	0	0	0	0	0	1	1	0	0	10	0.1016001	100	0.0103226	0	0	0	0	0	0	0	0	0	0	0	0	0	1	0	0	0	0	8.673765
313	0	0	0	0	2	0	1	0	1	0	0	0	0	0	0	0	0	0	0	0	-1	0	14	0.1016001	196	0.0103226	0	0	0	0	0	0	0	0	0	0	0	0	0	0	1	0	0	0	8.673765
313	1	0	0	0	1	0	1	0	0	0	0	0	0	0	0	0	0	0	0	1	-1	0	10	0.0762	100	0.0058064	0	0	0	0	0	0	0	0	0	0	0	0	0	0	1	0	0	0	8.099738
313	1	0	0	0	0	1	1	0	1	0	0	0	0	0	0	0	0	0	1	0	0	0	10	0.0381	100	0.0014516	0	0	0	0	0	0	0	0	0	0	0	0	0	1	0	0	0	0	7.95042
313	0	1	0	1	0	1	1	0	1	0	0	0	0	0	0	0	0	0	0	0	0	0	8	0	64	0	0	0	0	1.651	0	0	0	0	0	0	0	0	0	0	0	0	0	0	8.099738
313	0	0	0	0	1	0	1	0	0	0	0	0	0	0	0	0	0	0	1	1	0	0	5	0.0254	25	0.0006452	0	0	0	0	0	0	0	0	0	0	0	0	0	1	0	0	0	0	8.099738
313	0	0	0	0	2	0	0	0	0	0	0	0	0	1	0	0	0	0	1	1	0	0	7	0.127	49	0.016129	0	0	0	0	0	0	0	0	0	0	1	0	0	1	0	0	0	0	8.099738
313	0	0	0	0	1	0	0	1	0	0	0	0	0	0	0	0	0	0	0	0	-1	0	5	0.127	25	0.016129	0	0	0	0	0	0	0	0	0	0	0	0	0	0	1	0	0	0	7.95042
313	1	0	0	1	1	0	1	0	0	0	0	0	0	0	0	0	0	0	1	1	0	0	9	0	81	0	0	0	0	1.651	0	0	0	0	0	0	0	0	0	1	0	0	0	0	8.099738
313	0	0	0	0	1	0	0	0	0	0	0	1	0	0	0	0	0	0	1	1	0	0	7	0.127	49	0.016129	0	0	0	0	0	0	0	0	0	0	0	0	0	1	0	0	0	0	8.099738
313	0	1	0	0	3	0	1	0	0	0	0	0	0	0	0	0	0	0	0	1	0	0	5	0.0254	25	0.0006452	0	0	0	0	0	0	0	0	0	0	0	0	0	0	0	0	0	0	8.099738
314	0	0	0	0	2	0	0	1	0	0	0	0	0	0	0	0	0	0	1	0	0	0	4	0.127	16	0.016129	0	0	0	0	1	0	0	0	0	0	0	0	0	0	0	0	0	0	8.099738
314	0	1	0	0	0	1	0	1	0	0	0	1	0	0	0	0	0	0	0	0	0	0	4	0.127	16	0.016129	0	0	0	0	0	0	1	0	0	0	0	0	0	0	0	0	0	0	8.099738
314	0	1	0	0	1	0	0	0	1	1	0	0	0	1	0	1	0	0	0	0	0	0	7	0.0508	49	0.0025806	0	0	0	0	0	0	1	0	0	0	1	0	0	0	0	0	0	0	8.099738
314	0	0	0	1	0	1	0	0	1	0	0	0	0	1	0	1	0	0	1	0	0	0	9	0	81	0	0	0	0	1.651	1	0	0	0	0	0	1	0	0	0	0	0	0	0	8.099738
314	1	0	0	0	1	0	0	0	1	0	0	1	0	0	0	1	0	0	1	0	0	0	10	0.0762	100	0.0058064	0	0	0	0	1	0	0	0	0	0	0	0	0	0	0	0	0	0	8.099738
314	1	0	0	0	2	0	0	0	0	0	0	0	0	1	0	0	0	0	1	0	0	0	6	0.0508	36	0.0025806	0	0	0	0	1	0	0	0	0	0	1	0	0	0	0	0	0	0	8.099738
314	0	0	0	0	4	0	0	0	0	0	0	0	0	0	0	0	0	0	1	0	0	0	4	0.1016001	16	0.0103226	0	0	0	0	1	0	0	0	0	0	0	0	0	0	0	0	0	0	8.525649
314	0	0	1	0	4	0	0	0	1	0	0	1	0	0	0	1	0	0	1	0	0	0	0	0.1016001	0	0.0103226	0	40	0	0	1	0	0	0	0	0	0	0	0	0	0	0	0	0	9.203803
323	0	0	0	0	1	0	0	0	0	1	0	0	0	0	0	0	0	0	0	0	-3	0	1	0	1	0	0	0	1.524	0	0	-3	0	0	0	0	1	0	0	0	1	0	0	0	8.543419
323	1	0	0	0	1	0	0	0	0	1	1	0	0	0	0	0	0	0	1	0	0	0	4	0	16	0	0	0	1.5875	0	1	0	0	0	0	0	1	1	0	0	0	0	0	0	8.744252
323	1	1	0	0	1	0	0	0	1	0	0	1	0	0	0	1	0	0	0	0	0	0	6	0	36	0	0	0	1.6002	0	0	0	1	0	0	0	0	0	0	0	0	0	0	0	8.744252
323	0	1	0	1	0	1	0	0	1	0	0	0	0	0	0	1	0	1	0	0	0	0	3	0	9	0	0	0	0	0	0	0	1	0	0	0	1	0	0	0	0	0	0	0	8.744252
323	0	0	0	0	2	0	0	1	0	1	0	0	0	0	0	0	0	0	1	0	0	0	1	0	1	0	0	0	1.6256	0	1	0	0	0	0	0	0	1	0	0	0	0	0	0	8.613906
323	0	1	0	0	1	0	0	0	0	0	0	0	0	0	0	0	0	0	0	0	0	0	5	0	25	0	0	0	1.6764	0	0	0	1	0	0	0	1	0	0	0	0	0	0	0	8.673765
323	1	0	0	1	1	0	0	0	0	0	0	1	0	0	0	0	0	1	1	0	0	0	3	0	9	0	0	0	0	0	1	0	0	0	0	0	0	1	0	0	0	0	0	0	7.95042
323	0	0	0	0	1	0	0	1	0	1	0	0	0	0	0	0	0	0	0	0	-4	0	6	0	36	0	0	0	1.524	0	0	-4	0	0	0	0	1	0	0	0	0	1	0	0	8.099738
323	0	0	0	1	1	0	0	1	0	0	0	0	0	0	0	0	0	1	0	0	-3	0	2	0	4	0	0	0	0	0	0	-3	0	0	0	0	1	0	0	0	1	0	0	0	9.013688
323	0	0	1	0	0	1	0	0	0	0	0	0	0	0	0	0	0	0	0	0	-3	0	0	0	0	0	0	27	1.524	0	0	-3	0	0	0	0	0	0	0	0	1	0	0	0	8.744252
323	0	0	0	0	1	0	0	0	0	0	0	1	0	0	0	0	0	0	1	0	0	0	0	0	0	0	0	0	1.6256	0	1	0	0	0	0	0	1	1	0	0	0	0	0	0	8.673765
323	1	0	0	0	1	0	0	0	1	0	0	1	0	0	0	1	0	0	1	0	0	0	5	0	25	0	0	0	1.6002	0	1	0	0	0	0	0	0	1	0	0	0	0	0	0	8.613906
323	0	0	0	0	1	0	0	0	0	0	0	1	0	0	0	0	0	0	0	0	-2	0	2	0	4	0	0	0	1.6764	0	0	-2	0	0	0	0	1	0	0	1	0	0	0	0	8.744252
323	1	0	0	0	3	0	0	1	0	0	0	0	0	0	0	0	0	0	1	0	0	0	3	0	9	0	0	0	1.6256	0	1	0	0	0	0	0	0	1	0	0	0	0	0	0	8.613906
323	0	0	0	0	1	0	0	1	0	0	0	1	0	0	0	0	0	0	1	0	0	0	-2	0	4	0	0	0	1.5748	0	1	0	0	0	0	0	1	1	0	0	0	0	0	0	8.525649
325	1	0	0	0	1	0	0	0	0	1	0	0	0	0	0	0	0	0	1	1	0	0	7	0.1016001	49	0.0103226	0	0	0	0	0	0	0	0	0	0	0	0	0	1	0	0	0	0	8.525649
325	0	0	0	0	1	0	0	1	0	1	1	0	0	1	0	0	0	0	1	0	0	0	8	0.0254	64	0.0006452	0	0	0	0	0	0	0	0	0	0	1	0	0	1	0	0	0	0	8.673765
325	0	0	0	0	1	0	0	1	0	0	0	0	0	1	0	0	0	0	1	0	0	0	6	0.0254	36	0.0006452	0	0	0	0	0	0	0	0	0	0	1	0	0	1	0	0	0	0	8.673765
325	1	1	0	0	1	0	0	0	0	1	0	0	0	0	0	0	0	0	0	1	0	0	7	0.1016001	49	0.0103226	0	0	0	0	0	0	0	0	0	0	0	0	0	0	0	0	0	0	8.673765
325	0	0	0	0	1	0	0	0	0	0	0	1	0	1	0	0	0	0	1	1	0	0	6	0.0508	36	0.0025806	0	0	0	0	0	0	0	0	0	0	1	0	0	1	0	0	0	0	8.543419
325	0	0	0	0	1	0	0	1	0	1	1	0	0	0	0	0	0	0	0	0	0	3	7	0.0762	49	0.0058064	0	0	0	0	0	0	0	0	0	0	0	0	0	0	0	0	0	0	8.673765
325	1	0	0	0	1	0	0	0	0	0	0	0	0	1	0	0	0	0	1	1	0	0	6	0.0635	36	0.0040323	0	0	0	0	0	0	0	0	0	0	1	0	0	1	0	0	0	0	8.673765
325	1	0	0	1	1	0	0	0	0	1	1	0	0	1	0	0	0	0	1	1	0	0	7	0	49	0	0	0	0	1.651	0	0	0	0	0	0	1	0	0	1	0	0	0	0	8.099738
325	0	0	0	0	1	0	0	1	0	1	0	0	0	1	0	0	0	0	1	0	0	0	7	0.1016001	49	0.0103226	0	0	0	0	0	0	0	0	0	0	1	0	0	1	0	0	0	0	8.673765
325	0	0	0	0	2	0	0	0	0	0	0	0	0	0	0	0	0	0	1	1	0	0	8	0	64	0	0	0	0	0	0	0	0	0	0	0	0	0	0	1	0	0	0	0	8.744252
325	0	0	0	0	1	0	0	0	0	0	0	0	0	1	0	0	0	0	1	1	0	0	6	0.127	36	0.016129	0	0	0	0	0	0	0	0	0	0	1	0	0	1	0	0	0	0	8.543419
325	1	0	0	0	1	0	0	0	0	0	0	0	0	1	0	0	0	0	1	1	0	0	8	0.0254	64	0.0006452	0	0	0	0	0	0	0	0	0	0	1	0	0	1	0	0	0	0	8.673765
325	0	0	0	0	0	1	0	0	0	1	0	0	0	0	0	0	0	0	0	1	0	2	5	0.0508	25	0.0025806	0	0	0	0	0	0	0	0	0	0	0	1	0	0	0	0	0	0	8.673765
325	0	0	0	0	1	0	0	1	0	1	1	0	0	1	0	0	0	0	1	0	0	0	9	0.1016001	81	0.0103226	0	0	0	0	0	0	0	0	0	0	1	0	0	1	0	0	0	0	8.525649
325	0	0	0	0	3	0	0	1	0	0	0	0	0	1	0	0	0	0	1	0	0	0	7	0.0762	49	0.0058064	0	0	0	0	0	0	0	0	0	0	1	0	0	1	0	0	0	0	8.543419
327	1	0	0	0	1	0	0	0	0	0	0	0	0	0	0	0	0	0	1	1	0	0	4	0.1777999	16	0.0316128	0	0	0	0	0	0	0	0	0	0	1	0	0	1	0	0	0	0	9.104201
327	0	1	0	0	1	0	0	1	0	0	0	0	0	0	0	0	0	0	0	0	0	0	4	0.1015999	16	0.0103225	0	0	0	0	0	0	0	0	0	0	0	0	0	0	0	0	0	0	8.543419
327	0	0	0	0	4	0	0	0	0	0	0	0	0	0	0	0	0	0	0	1	-1	0	6	0.2032	36	0.0412902	0	0	0	0	0	0	0	0	0	0	1	0	0	0	1	0	0	0	8.744252
327	1	1	0	0	1	0	1	0	1	0	0	1	0	0	1	0	0	0	0	0	0	0	10	0.1777999	100	0.0316128	0	0	0	0	0	0	0	0	0	0	0	0	0	0	0	0	0	0	8.099738
327	0	0	0	0	2	0	0	1	0	0	0	0	0	0	0	0	0	0	1	0	0	0	5	0.2158999	25	0.0466128	0	0	0	0	0	0	0	0	0	0	0	0	0	1	0	0	0	0	8.525649
327	0	0	0	0	1	0	1	0	0	0	0	1	0	0	1	0	0	0	1	1	0	0	6	0.2285999	36	0.0522579	0	0	0	0	0	0	0	0	0	0	0	0	0	1	0	0	0	0	8.744252
327	0	0	0	0	1	0	1	1	0	1	0	0	0	0	1	0	0	0	1	0	0	0	6	0.2032	36	0.0412902	0	0	0	0	0	0	0	0	0	0	0	0	0	1	0	0	0	0	8.673765
327	1	0	0	0	1	0	0	0	0	0	0	0	0	0	0	0	0	0	1	1	0	0	8	0.1777999	64	0.0316128	0	0	0	0	0	0	0	0	0	0	1	0	0	1	0	0	0	0	8.612476
327	0	0	0	0	1	0	0	1	0	0	0	1	0	0	0	0	0	0	0	0	0	3	8	0.1777999	64	0.0316128	0	0	0	0	0	0	0	0	0	0	1	0	0	0	0	0	0	0	8.099738
327	0	0	0	0	1	0	1	0	1	1	0	0	0	0	1	0	0	0	1	0	0	0	5	0.2285999	25	0.0522579	0	0	0	0	0	0	0	0	0	0	0	0	0	1	0	0	0	0	8.543419
327	0	0	0	0	1	0	0	0	0	1	0	0	0	0	0	0	0	0	0	1	0	2	4	0.2526	16	0.0638067	0	0	0	0	0	0	0	0	0	0	1	1	0	0	0	0	0	0	8.525649
327	1	0	0	0	1	0	0	0	0	0	0	0	0	0	0	0	0	0	1	1	0	0	8	0.2285999	64	0.0522579	0	0	0	0	0	0	0	0	0	0	0	0	0	1	0	0	0	0	8.525649
327	1	1	0	0	1	0	0	0	0	0	0	0	0	0	0	0	0	0	0	1	0	0	4	0.1523999	16	0.0232257	0	0	0	0	0	0	0	0	0	0	1	0	0	0	0	0	0	0	8.673765
327	0	0	0	0	1	0	0	0	0	1	0	0	0	0	0	0	0	0	1	1	0	0	2	0.1523999	4	0.0232257	0	0	0	0	0	0	0	0	0	0	1	0	0	1	0	0	0	0	8.920962
327	0	0	0	0	3	0	0	1	0	0	0	1	0	0	0	0	0	0	1	0	0	0	4	0.1523999	16	0.0232257	0	0	0	0	0	0	0	0	0	0	1	0	0	1	0	0	0	0	8.673765
334	1	1	0	0	1	0	0	0	0	0	0	1	0	0	0	0	0	0	0	1	0	0	8	0.0889	64	0.0079032	0	0	0	0	0	0	0	0	0	0	0	0	0	0	0	0	0	0	8.099738
334	0	0	0	0	1	0	0	0	0	0	0	1	0	0	0	0	0	0	1	1	0	0	4	0.0381	16	0.0014516	0	0	0	0	0	0	0	0	0	0	0	0	0	0	0	0	0	0	8.099738
334	0	0	0	0	1	0	0	0	0	1	1	0	0	0	0	0	0	0	1	1	0	0	11	0.1397001	121	0.0195161	0	0	0	0	0	0	0	0	0	0	0	0	0	0	0	0	0	0	8.099738
334	0	1	0	0	1	0	0	0	1	0	0	0	0	0	0	0	0	0	0	0	0	0	2	0.0889	4	0.0079032	0	0	0	0	0	0	0	0	0	0	1	0	0	0	0	0	0	0	8.099738
334	0	0	0	0	1	0	0	1	0	0	0	0	0	0	0	0	0	0	1	0	0	0	7	0	49	0	0	0	0	0	0	0	0	0	0	0	1	0	0	0	0	0	0	0	8.099738
334	1	1	0	0	1	0	0	0	0	0	0	1	0	0	0	0	0	0	0	1	0	0	7	0.0635	49	0.0040323	0	0	0	0	0	0	0	0	0	0	1	0	0	0	0	0	0	0	8.525649
334	1	0	0	0	1	0	0	0	0	0	0	1	0	0	0	0	0	0	1	1	0	0	6	0.0889	36	0.0079032	0	0	0	0	0	0	0	0	0	0	1	0	0	0	0	0	0	0	8.673765
334	1	1	0	0	1	0	0	0	1	1	0	0	0	0	0	0	0	0	0	0	0	0	5	0.1143	25	0.0130645	0	0	0	0	0	0	0	0	0	0	1	0	0	0	0	0	0	0	8.099738
334	0	1	0	0	0	1	0	0	1	0	0	1	0	0	0	0	0	0	0	0	0	0	10	0.0889	100	0.0079032	0	0	0	0	0	0	0	0	0	0	0	0	0	0	0	0	0	0	8.099738
334	0	1	0	0	1	0	0	0	1	0	0	1	0	0	0	0	0	0	0	0	0	0	5	0.1143	25	0.0130645	0	0	0	0	0	0	0	0	0	0	0	0	0	0	0	0	0	0	8.099738
334	0	1	1	1	1	0	0	0	1	0	0	0	0	0	0	0	0	0	0	0	0	0	0	0	0	0	0	30	0	1.6891	0	0	0	0	0	0	1	0	0	0	0	0	0	0	8.612476
334	0	1	1	0	1	0	0	0	1	0	0	1	0	0	0	0	0	0	0	0	0	0	0	0.0889	0	0.0079032	0	30	0	0	0	0	0	0	0	0	1	0	0	0	0	0	0	0	8.673765
334	0	1	0	0	3	0	0	0	0	0	0	1	0	0	0	0	0	0	0	1	0	0	4	0.1651	16	0.027258	0	0	0	0	0	0	0	0	0	0	0	0	0	0	0	0	0	0	8.099738
334	0	0	0	0	1	0	0	0	1	1	0	0	0	0	0	0	0	0	1	0	0	0	5	0.2413	25	0.0582257	0	0	0	0	0	0	0	0	0	0	1	0	0	0	0	0	0	0	8.525649
334	1	0	0	0	1	0	0	1	0	0	0	0	0	0	0	0	0	0	1	0	0	0	6	0.0889	36	0.0079032	0	0	0	0	0	0	0	0	0	0	0	0	0	0	0	0	0	0	8.673765
341	1	0	0	0	1	0	0	0	1	1	0	0	0	0	0	1	0	0	0	0	0	1	0	0	0	0	33	0	1.6256	0	0	0	0	0	0	0	0	0	1	0	0	0	0	0	8.673765
341	0	0	0	1	0	1	0	0	1	1	0	0	0	0	0	1	0	1	1	0	0	0	0	0	0	0	35	0	0	0	0	0	0	0	0	0	0	0	0	1	0	0	0	0	8.543419
341	0	0	0	0	1	0	0	0	0	0	0	1	0	0	0	0	0	0	0	0	-1	0	0	0	0	0	33	0	1.524	0	0	0	0	0	0	0	0	0	0	0	1	0	0	0	8.099738
341	0	0	0	0	1	0	0	1	0	0	0	0	0	0	0	0	0	0	0	0	-1	0	0	0	0	0	33	0	1.6256	0	0	0	0	0	0	0	0	0	0	0	1	0	0	0	8.673765
341	0	0	0	1	0	1	0	0	0	0	0	0	0	0	0	0	0	1	1	0	0	0	0	0	0	0	33	0	0	0	0	0	0	0	0	0	1	0	0	1	0	0	0	0	8.099738
341	0	0	0	0	2	0	0	0	1	0	0	1	0	0	0	1	0	0	0	0	-1	0	0	0	0	0	26	0	1.5494	0	0	0	0	0	0	0	1	0	0	0	1	0	0	0	8.673765
341	1	1	0	0	1	0	0	0	1	0	0	1	0	0	0	1	0	0	0	0	0	0	0	0	0	0	35	0	1.6637	0	0	0	0	0	0	0	0	0	0	0	0	0	0	0	8.973855
341	1	0	0	1	1	0	0	0	1	0	0	0	0	0	0	1	0	1	1	0	0	0	0	0	0	0	29	0	0	0	0	0	0	0	0	0	0	0	0	1	0	0	0	0	7.95042
341	0	0	0	0	1	0	0	0	1	0	0	1	0	0	0	1	0	0	0	0	0	3	0	0	0	0	27	0	1.524	0	0	0	0	0	0	0	1	0	0	0	0	0	0	0	8.525649
341	0	0	0	0	1	0	0	1	0	0	0	0	0	0	0	0	0	0	0	0	-1	0	0	0	0	0	34	0	1.524	0	0	0	0	0	0	0	1	0	0	0	1	0	0	0	8.099738
341	0	0	0	0	1	0	0	0	0	0	0	0	0	0	0	0	0	0	0	0	-4	0	0	0	0	0	31	0	1.6002	0	0	0	0	0	0	0	1	0	0	0	0	0	0	1	8.099738
341	1	0	0	0	1	0	0	0	0	1	0	0	0	0	0	0	0	0	1	0	0	0	0	0	0	0	34	0	1.6002	0	0	0	0	0	0	0	0	0	0	1	0	0	0	0	7.95042
341	1	1	0	0	1	0	0	0	1	1	0	0	0	0	0	1	0	0	0	0	0	0	0	0	0	0	30	0	1.6002	0	0	0	0	0	0	0	1	0	0	0	0	0	0	0	9.104201
341	0	0	1	1	1	0	0	0	1	0	0	0	0	0	0	1	1	1	1	0	0	0	0	0	0	0	0	0	0	0	0	0	0	0	0	0	1	0	0	1	0	0	0	0	7.95042
341	0	1	0	0	0	1	0	0	0	0	0	0	0	0	0	0	0	0	0	0	0	0	0	0	0	0	33	0	1.5494	0	0	0	0	0	0	0	0	0	0	0	0	0	0	0	8.673765
342	0	0	0	0	1	0	0	0	1	0	0	1	0	0	0	0	0	0	0	0	0	3	6	0.127	36	0.016129	0	0	0	0	0	0	0	0	0	0	1	0	0	0	0	0	0	0	8.099738
342	0	0	0	0	1	0	0	1	0	0	0	1	0	0	0	0	0	0	1	0	0	0	4	0.0762	16	0.0058064	0	0	0	0	0	0	0	0	0	0	0	0	0	1	0	0	0	0	8.673765
342	0	0	0	0	3	0	0	1	0	0	0	1	0	0	0	0	0	0	0	0	-1	0	5	0.1016001	25	0.0103226	0	0	0	0	0	0	0	0	0	0	0	0	0	0	1	0	0	0	8.099738
342	0	0	0	0	1	0	0	1	0	1	1	0	0	0	0	0	0	0	1	0	0	0	2	0.0889001	4	0.0079032	0	0	0	0	0	0	0	0	0	0	1	0	0	1	0	0	0	0	8.673765
342	0	0	0	0	3	0	0	0	0	0	0	1	0	0	0	0	0	0	1	1	0	0	3	0.1016001	9	0.0103226	0	0	0	0	0	0	0	0	0	0	1	0	0	1	0	0	0	0	8.744252
342	1	0	0	0	1	0	0	0	0	0	0	1	0	0	0	0	0	0	1	1	0	0	6	0.127	36	0.016129	0	0	0	0	0	0	0	0	0	0	1	0	0	1	0	0	0	0	8.525649
342	1	0	0	0	1	0	0	1	0	1	0	0	0	0	0	0	0	0	1	0	0	0	2	0.0762	4	0.0058064	0	0	0	0	0	0	0	0	0	0	0	0	0	1	0	0	0	0	8.673765
342	1	0	0	0	1	0	0	1	0	0	0	1	0	0	0	0	0	0	1	0	0	0	2	0.0889001	4	0.0079032	0	0	0	0	0	0	0	0	0	0	0	0	0	1	0	0	0	0	9.113841
342	0	0	0	0	1	0	0	0	0	0	0	0	0	0	0	0	0	0	1	1	0	0	6	0.1016001	36	0.0103226	0	0	0	0	0	0	0	0	0	0	0	0	0	1	0	0	0	0	8.099738
342	0	0	0	0	1	0	0	0	0	0	0	0	0	0	0	0	0	0	1	1	0	0	3	0.1524	9	0.0232258	0	0	0	0	0	0	0	0	0	0	0	0	0	1	0	0	0	0	8.673765
342	0	0	0	0	1	0	0	0	0	0	0	1	0	0	0	0	0	0	1	1	0	0	2	0.127	4	0.016129	0	0	0	0	0	0	0	0	0	0	1	0	0	1	0	0	0	0	8.744252
342	1	0	0	0	1	0	0	0	0	0	0	0	0	0	0	0	0	0	1	1	0	0	3	0.1016001	9	0.0103226	0	0	0	0	0	0	0	0	0	0	0	0	0	1	0	0	0	0	8.744252
342	0	0	0	0	1	0	0	0	0	0	0	1	0	0	0	0	0	0	1	1	0	0	3	0.1524	9	0.0232258	0	0	0	0	0	0	0	0	0	0	0	0	0	1	0	0	0	0	8.673765
342	1	0	0	0	1	0	0	0	0	0	0	0	0	0	0	0	0	0	1	1	0	0	4	0.127	16	0.016129	0	0	0	0	0	0	0	0	0	0	1	0	0	1	0	0	0	0	8.613906
342	0	0	0	0	1	0	0	0	0	0	0	0	0	0	0	0	0	0	1	1	0	0	4	0.127	16	0.016129	0	0	0	0	0	0	0	0	0	0	1	0	0	1	0	0	0	0	8.744252
344	0	0	0	0	3	0	0	0	1	0	0	1	0	1	0	0	0	0	0	0	-3	0	10	0.0253999	100	0.0006452	0	0	0	0	0	0	0	0	0	0	1	0	0	0	0	0	0	1	8.612476
344	0	0	0	0	1	0	0	1	0	0	0	0	0	0	0	0	0	0	0	0	-1	0	5	0.1015999	25	0.0103225	0	0	0	0	0	0	0	0	0	0	0	0	0	0	0	1	0	0	9.174689
344	0	0	0	0	3	0	1	0	0	1	0	0	0	0	0	0	0	0	0	1	0	0	8	0.0762	64	0.0058064	0	0	0	0	0	0	0	0	0	0	0	0	0	0	1	0	0	0	8.673765
344	0	0	0	0	2	0	0	0	0	0	0	1	0	0	0	0	0	0	0	1	0	1	5	0.0381	25	0.0014516	0	0	0	0	0	0	0	0	0	0	0	0	0	1	0	0	0	0	8.673765
344	1	0	0	0	1	0	0	0	0	0	0	0	0	1	0	0	0	0	1	1	0	0	6	0.0253999	36	0.0006452	0	0	0	0	0	0	0	0	0	0	1	0	0	0	1	0	0	0	8.543419
344	0	0	0	0	3	0	0	1	0	0	0	0	0	1	0	0	0	0	0	0	-1	0	6	0.1015999	36	0.0103225	0	0	0	0	0	0	0	0	0	0	1	0	0	0	0	1	0	0	8.673765
344	1	1	0	0	1	0	1	0	1	0	0	1	0	0	0	0	0	0	0	0	0	0	7	0.1015999	49	0.0103225	0	0	0	0	0	0	0	0	0	0	0	0	0	0	0	0	0	0	8.673765
344	1	0	0	0	0	1	1	0	0	0	0	1	0	0	0	0	0	0	0	1	0	1	7	0.1015999	49	0.0103225	0	0	0	0	0	0	0	0	0	0	0	0	0	1	0	0	0	0	8.673765
344	0	0	0	0	3	0	0	0	1	0	0	0	0	0	0	0	0	0	0	0	0	2	8	0.0889	64	0.0079032	0	0	0	0	0	0	0	0	0	0	0	0	1	0	0	0	0	0	8.989017
344	0	0	0	0	0	1	1	1	0	0	0	1	0	0	0	0	0	0	0	0	0	1	2	0.0253999	4	0.0006452	0	0	0	0	0	0	0	0	0	0	0	0	0	1	0	0	0	0	9.377819
344	1	0	0	0	1	0	0	0	0	1	0	0	0	1	0	0	0	0	1	1	0	0	8	0.0508	64	0.0025806	0	0	0	0	0	0	0	0	0	0	1	0	0	0	1	0	0	0	8.673765
344	1	0	0	0	3	0	1	0	0	0	0	0	0	0	0	0	0	0	0	1	0	1	9	0.0762	81	0.0058064	0	0	0	0	0	0	0	0	0	0	0	0	0	1	0	0	0	0	8.673765
344	0	0	0	0	1	0	0	1	0	0	0	0	0	1	0	0	0	0	0	0	0	1	3	0.1015999	9	0.0103225	0	0	0	0	0	0	0	0	0	0	1	0	0	1	0	0	0	0	8.744252
344	0	0	0	0	0	1	1	0	0	1	0	0	0	0	0	0	0	0	0	1	0	0	7	0	49	0	0	0	0	0	0	0	0	0	0	0	0	0	0	0	1	0	0	0	8.744252
344	0	1	0	0	1	0	0	0	0	0	0	0	0	1	0	0	0	0	0	1	0	0	10	0.1015999	100	0.0103225	0	0	0	0	0	0	0	0	0	0	1	0	0	0	0	0	0	0	8.673765
345	0	0	0	0	2	0	0	1	0	0	0	0	0	0	0	0	0	0	0	1	0	0	7	0.0508	49	0.0025806	0	0	0	0	0	0	0	0	0	0	0	0	0	0	0	1	0	0	8.673765
345	1	0	0	0	1	0	0	0	0	1	0	0	0	1	0	0	0	0	0	0	0	1	7	0.1015999	49	0.0103225	0	0	0	0	0	0	0	0	1	0	1	0	0	0	1	0	0	0	8.612476
345	0	0	0	0	1	0	0	0	0	0	0	0	0	1	0	0	0	0	0	0	0	1	2	0.1015999	4	0.0103225	0	0	0	0	0	0	0	0	1	0	1	0	0	0	1	0	0	0	8.673765
345	0	0	0	0	1	0	1	1	0	0	0	0	0	0	0	0	0	0	0	1	-1	0	4	0.0508	16	0.0025806	0	0	0	0	0	0	0	0	-1	0	0	0	0	0	0	0	1	0	8.673765
345	0	0	0	0	1	0	0	0	0	0	0	0	0	1	0	0	0	0	0	0	0	1	5	0.0508	25	0.0025806	0	0	0	0	0	0	0	0	1	0	1	0	0	0	1	0	0	0	8.673765
345	1	0	0	0	1	0	0	0	1	1	0	0	0	1	0	0	0	0	0	0	0	1	4	0	16	0	0	0	0	0	0	0	0	0	1	0	1	0	0	0	1	0	0	0	9.437678
345	0	0	0	0	0	1	0	0	1	0	0	0	0	0	0	0	0	0	1	0	0	0	1	-0.0254	1	0.0006452	0	0	0	0	0	0	0	1	0	0	0	0	0	0	0	1	0	0	8.673765
345	0	0	1	1	0	1	1	0	1	0	0	1	0	0	0	0	0	0	0	0	0	3	0	0	0	0	0	29	0	1.6256	0	0	0	0	3	0	0	0	1	0	0	0	0	0	8.673765
345	0	1	0	0	2	0	0	1	0	0	0	0	0	0	0	0	0	0	0	1	0	0	6	0.0381	36	0.0014516	0	0	0	0	0	0	0	0	0	1	0	0	0	0	0	0	0	0	8.673765
345	0	0	0	0	2	0	0	1	0	0	0	0	0	1	0	0	0	0	0	1	0	0	4	0.0253999	16	0.0006452	0	0	0	0	0	0	0	0	0	0	1	0	0	0	0	1	0	0	9.113841
345	1	0	0	0	0	1	0	0	0	1	0	0	0	1	0	0	0	0	1	0	0	0	3	0.0127	9	0.0001613	0	0	0	0	0	0	0	1	0	0	1	0	0	0	0	1	0	0	9.294316
345	1	1	0	0	1	0	0	0	1	0	0	0	0	0	0	0	0	0	0	0	0	0	8	0.0762	64	0.0058064	0	0	0	0	0	0	0	0	0	1	0	0	0	0	0	0	0	0	8.099738
345	1	0	0	0	1	0	0	0	1	1	0	0	0	1	0	0	0	0	1	0	0	0	7	0.0508	49	0.0025806	0	0	0	0	0	0	0	1	0	0	1	0	0	0	0	1	0	0	8.525649
346	0	0	0	0	1	0	0	0	0	1	0	0	0	1	0	0	0	0	0	0	0	0	8	0.127	64	0.016129	0	0	0	0	0	0	0	0	0	0	1	0	0	0	1	0	0	0	8.673765
346	0	1	0	0	0	1	0	0	0	1	0	0	0	1	0	0	0	0	0	0	0	0	5	0.2286	25	0.052258	0	0	0	0	0	0	0	0	0	0	1	0	0	0	0	0	0	0	8.744252
346	0	0	0	0	0	1	0	0	0	1	0	0	0	1	0	0	0	0	0	0	0	0	7	0.2539999	49	0.064516	0	0	0	0	0	0	0	0	0	0	1	0	0	0	1	0	0	0	8.525649
346	0	0	0	0	1	0	0	0	0	1	0	0	0	1	0	0	0	0	0	0	0	0	3	0.2539999	9	0.064516	0	0	0	0	0	0	0	0	0	0	1	0	0	0	1	0	0	0	8.673765
346	0	0	0	0	1	0	0	0	1	1	0	0	0	0	0	0	0	0	0	0	0	1	8	0.2539999	64	0.064516	0	0	0	0	0	0	0	0	0	0	0	0	0	1	0	0	0	0	8.099738
346	0	0	0	0	1	0	0	0	0	1	0	0	0	0	0	0	0	0	0	0	0	0	7	0.1651	49	0.027258	0	0	0	0	0	0	0	0	0	0	0	0	0	0	1	0	0	0	8.673765
346	1	0	0	0	1	0	0	0	0	0	0	1	0	1	0	0	0	0	0	0	0	0	5	0.2286	25	0.052258	0	0	0	0	0	0	0	0	0	0	1	0	0	0	1	0	0	0	8.744252
346	1	0	0	0	1	0	0	1	0	0	0	0	0	1	0	0	0	0	1	1	0	0	5	0.1777999	25	0.0316128	0	0	0	0	0	0	0	0	0	0	1	0	0	0	1	0	0	0	9.013688
346	0	0	0	0	2	0	0	1	0	0	0	0	0	0	0	0	0	0	0	1	-1	0	6	0.2032	36	0.0412902	0	0	0	0	0	0	0	0	0	0	0	0	0	0	0	1	0	0	8.913007
346	0	1	0	0	0	1	0	1	0	0	0	1	0	1	0	0	0	0	0	1	0	0	5	0.1777999	25	0.0316128	0	0	0	0	0	0	0	0	0	0	1	0	0	0	0	0	0	0	8.099738
346	1	0	0	0	1	0	0	0	0	0	0	1	0	1	0	0	0	0	0	0	0	1	5	0.2032	25	0.0412902	0	0	0	0	0	0	0	0	0	0	1	0	0	1	0	0	0	0	8.736883
346	1	0	0	0	0	1	1	0	0	1	0	0	0	0	0	0	0	0	0	0	0	0	3	0.1524	9	0.0232258	0	0	0	0	0	0	0	0	0	0	0	0	0	0	1	0	0	0	8.744252
346	0	0	0	0	0	1	0	1	0	0	0	0	0	1	0	0	0	0	0	1	0	0	11	0.1524	121	0.0232258	0	0	0	0	0	0	0	0	0	0	1	0	0	0	1	0	0	0	8.673765
346	1	0	0	0	1	0	1	1	0	1	0	0	0	0	0	0	0	0	0	1	0	0	2	0.1524	4	0.0232258	0	0	0	0	0	0	0	0	0	0	0	0	0	0	1	0	0	0	8.744252
346	0	0	0	0	3	0	0	0	1	0	0	0	0	0	0	0	0	0	1	0	0	0	6	0.0762	36	0.0058064	0	0	0	0	0	0	0	0	0	0	0	0	0	0	1	0	0	0	8.673765
348	0	0	0	0	1	0	0	0	1	0	0	0	0	0	0	0	0	0	1	0	0	0	9	0.127	81	0.016129	0	0	0	0	0	0	0	0	0	0	1	0	0	0	1	0	0	0	8.099738
348	0	0	0	0	1	0	0	0	0	0	0	1	0	0	0	0	0	0	1	1	0	0	8	0.0254	64	0.0006452	0	0	0	0	0	0	0	0	0	0	0	0	0	0	1	0	0	0	8.673765
348	0	0	0	0	2	0	0	1	0	0	0	0	0	0	0	0	0	0	1	0	0	0	9	0.0254	81	0.0006452	0	0	0	0	0	0	0	0	0	0	0	0	0	0	1	0	0	0	8.744252
348	0	0	0	0	1	0	0	0	1	0	0	0	0	0	0	0	0	0	1	0	0	0	8	0.0762	64	0.0058064	0	0	0	0	0	0	0	0	0	0	0	0	0	0	1	0	0	0	8.673765
348	0	0	0	0	3	0	0	0	0	0	0	0	0	0	0	0	0	0	1	1	0	0	7	0	49	0	0	0	0	0	0	0	0	0	0	0	1	0	0	0	1	0	0	0	8.673765
348	0	1	0	0	1	0	0	0	0	0	0	0	0	0	0	0	0	0	0	1	0	0	5	0.1778001	25	0.0316129	0	0	0	0	0	0	0	0	0	0	1	0	0	0	0	0	0	0	8.744252
348	0	0	0	0	1	0	0	0	0	0	0	1	0	0	0	0	0	0	0	1	0	0	5	0.0762	25	0.0058064	0	0	0	0	0	0	0	0	0	0	0	0	0	0	1	0	0	0	8.673765
348	0	0	0	0	2	0	0	1	0	1	1	0	0	0	0	0	0	0	1	0	0	0	9	0.171	81	0.029241	0	0	0	0	0	0	0	0	0	0	1	0	0	0	1	0	0	0	8.099738
348	1	0	0	0	1	0	0	0	0	0	0	0	0	0	0	0	0	0	0	1	0	1	9	0.1524	81	0.0232258	0	0	0	0	0	0	0	0	0	0	1	0	0	1	0	0	0	0	8.744252
348	0	0	0	0	1	0	0	1	0	0	0	0	0	0	0	0	0	0	0	0	0	0	6	0.0762	36	0.0058064	0	0	0	0	0	0	0	0	0	0	0	0	0	0	1	0	0	0	8.673765
348	1	0	0	0	1	0	1	0	0	0	0	0	0	0	1	0	0	0	1	1	0	0	6	0.1016001	36	0.0103226	0	0	0	0	0	0	0	0	0	0	0	0	0	0	1	0	0	0	8.612476
348	0	0	0	0	1	0	0	1	0	1	0	0	0	0	0	0	0	0	0	0	0	0	1	0.0254	1	0.0006452	0	0	0	0	0	0	0	0	0	0	1	0	0	0	1	0	0	0	8.744252
348	1	0	0	0	1	0	0	0	0	1	1	0	0	0	0	0	0	0	1	1	0	0	10	0.127	100	0.016129	0	0	0	0	0	0	0	0	0	0	0	0	0	0	1	0	0	0	8.673765
348	1	1	0	0	1	0	1	0	1	0	0	1	0	0	1	0	0	0	0	0	0	0	8	0.1524	64	0.0232258	0	0	0	0	0	0	0	0	0	0	0	0	0	0	0	0	0	0	8.673765
349	0	0	0	0	3	0	1	1	0	0	0	0	0	0	1	0	0	0	0	1	-1	0	8	0.1016001	64	0.0103226	0	0	0	0	0	0	0	0	0	0	0	0	0	0	1	0	0	0	8.099738
349	0	0	0	0	2	0	0	0	0	0	0	1	0	0	0	0	0	0	0	0	0	2	4	0.2032	16	0.0412902	0	0	0	0	0	0	0	0	0	0	1	1	0	0	0	0	0	0	8.099738
349	0	1	0	0	3	0	0	0	0	0	0	1	0	0	0	0	0	0	0	0	0	0	9	0.127	81	0.016129	0	0	0	0	0	0	0	0	0	0	1	0	0	0	0	0	0	0	8.099738
349	0	1	0	0	0	1	0	1	0	0	0	0	0	0	0	0	0	0	0	1	0	0	9	0.1524	81	0.0232258	0	0	0	0	0	0	0	0	0	0	0	0	0	0	0	0	0	0	9.042912
349	0	0	0	0	1	0	0	1	0	0	0	1	0	0	0	0	0	0	1	1	0	0	11	0.1778001	121	0.0316129	0	0	0	0	0	0	0	0	0	0	0	0	0	1	0	0	0	0	8.099738
349	0	1	0	1	3	0	0	0	1	0	0	0	0	0	0	0	0	0	0	0	0	0	6	0	36	0	0	0	0	1.7272	0	0	0	0	0	0	1	0	0	0	0	0	0	0	9.203803
349	0	1	0	0	1	0	0	0	0	0	0	1	0	0	0	0	0	0	0	0	0	0	4	0.127	16	0.016129	0	0	0	0	0	0	0	0	0	0	0	0	0	0	0	0	0	0	8.673765
349	1	0	0	0	2	0	0	0	0	0	0	1	0	0	0	0	0	0	1	0	0	0	7	0.1397001	49	0.0195161	0	0	0	0	0	0	0	0	0	0	0	0	0	1	0	0	0	0	8.673765
349	0	0	0	0	3	0	0	0	1	0	0	0	0	0	0	0	0	0	1	0	0	0	8	0.127	64	0.016129	0	0	0	0	0	0	0	0	0	0	1	0	0	1	0	0	0	0	8.099738
349	0	1	0	0	3	0	0	0	0	0	0	0	0	0	0	0	0	0	0	0	0	0	6	0.1016001	36	0.0103226	0	0	0	0	0	0	0	0	0	0	0	0	0	0	0	0	0	0	8.612476
349	1	0	0	0	1	0	0	0	0	0	0	0	0	0	0	0	0	0	1	0	0	0	4	0.1524	16	0.0232258	0	0	0	0	0	0	0	0	0	0	0	0	0	1	0	0	0	0	8.099738
349	0	0	0	0	4	0	0	0	1	0	0	1	0	0	0	0	0	0	1	0	0	0	6	0.1651	36	0.027258	0	0	0	0	0	0	0	0	0	0	0	0	0	1	0	0	0	0	8.673765
349	1	0	0	0	1	0	0	0	0	1	0	0	0	0	0	0	0	0	1	0	0	0	8	0.127	64	0.016129	0	0	0	0	0	0	0	0	0	0	0	0	0	1	0	0	0	0	8.673765
349	1	1	0	0	1	0	0	0	1	1	0	0	0	0	0	0	0	0	0	0	0	0	7	0.1524	49	0.0232258	0	0	0	0	0	0	0	0	0	0	1	0	0	0	0	0	0	0	8.744252
349	1	0	0	0	3	0	0	0	0	0	0	1	0	0	0	0	0	0	1	0	0	0	9	0.1524	81	0.0232258	0	0	0	0	0	0	0	0	0	0	1	0	0	1	0	0	0	0	8.099738
350	1	0	0	0	1	0	0	1	0	0	0	0	0	0	0	0	0	0	1	1	0	0	6	0.0508001	36	0.0025806	0	0	0	0	0	0	0	0	0	0	1	0	0	1	0	0	0	0	9.044342
350	0	1	0	0	0	1	0	0	0	0	0	0	0	0	0	0	0	0	0	0	0	0	6	0.0127001	36	0.0001613	0	0	0	0	0	0	0	0	0	0	0	0	0	0	0	0	0	0	8.543419
350	1	0	0	0	0	1	0	1	0	0	0	1	0	0	0	0	0	0	1	1	0	0	10	0	100	0	0	0	0	0	0	0	0	0	0	0	1	0	0	1	0	0	0	0	8.099738
350	0	0	0	0	1	0	0	0	0	0	0	0	0	0	0	0	0	0	1	0	0	0	7	0.0127001	49	0.0001613	0	0	0	0	0	0	0	0	0	0	0	0	0	1	0	0	0	0	9.174689
350	0	0	0	0	1	0	1	0	0	0	0	0	0	0	1	0	0	0	1	0	0	0	6	0.0127001	36	0.0001613	0	0	0	0	0	0	0	0	0	0	0	0	0	1	0	0	0	0	9.042912
350	0	0	0	0	1	0	0	1	0	0	0	0	0	0	0	0	0	0	1	1	0	0	4	0.0254	16	0.0006452	0	0	0	0	0	0	0	0	0	0	0	0	0	1	0	0	0	0	8.825739
350	1	0	0	0	1	0	0	1	0	0	0	1	0	0	0	0	0	0	1	1	0	0	10	0.1270001	100	0.016129	0	0	0	0	0	0	0	0	0	0	1	0	0	1	0	0	0	0	9.113841
350	0	1	0	0	3	0	1	0	1	0	0	1	0	0	1	0	0	0	0	0	0	0	10	0.0762	100	0.0058064	0	0	0	0	0	0	0	0	0	0	0	0	0	0	0	0	0	0	8.673765
350	0	1	0	0	2	0	1	0	0	0	0	0	0	0	1	0	0	0	0	0	0	0	10	0.0508001	100	0.0025806	0	0	0	0	0	0	0	0	0	0	0	0	0	0	0	0	0	0	8.673765
350	1	1	0	0	1	0	1	0	1	1	0	0	0	0	1	0	0	0	0	0	0	0	6	0.0508001	36	0.0025806	0	0	0	0	0	0	0	0	0	0	0	0	0	0	0	0	0	0	8.525649
350	0	0	0	0	1	0	1	1	0	0	0	0	0	0	1	0	0	0	0	1	-1	0	7	0	49	0	0	0	0	0	0	0	0	0	0	0	0	0	0	0	1	0	0	0	8.525649
350	0	0	0	0	0	1	1	1	0	0	0	0	0	0	1	0	0	0	0	1	0	1	4	0.0254	16	0.0006452	0	0	0	0	0	0	0	0	0	0	0	0	1	0	0	0	0	0	8.673765
350	1	0	0	0	1	0	0	0	1	0	0	1	0	0	0	0	0	0	0	0	0	3	6	0	36	0	0	0	0	0	0	0	0	0	0	0	1	0	0	0	0	0	0	0	8.612476
350	0	1	0	0	1	0	1	0	1	0	0	1	0	0	1	0	0	0	0	0	0	0	8	0.0254	64	0.0006452	0	0	0	0	0	0	0	0	0	0	0	0	0	0	0	0	0	0	8.612476
350	0	0	0	0	1	0	0	0	0	0	0	1	0	0	0	0	0	0	1	0	0	0	6	0	36	0	0	0	0	0	0	0	0	0	0	0	1	0	0	1	0	0	0	0	8.673765
351	0	1	0	0	0	1	0	0	1	0	0	1	0	1	0	0	0	0	0	0	0	0	11	0.0508	121	0.0025806	0	0	0	0	0	0	0	0	0	0	1	0	0	0	0	0	0	0	8.673765
351	0	1	0	0	3	0	1	0	1	0	0	1	0	0	0	0	0	0	0	0	0	0	3	0.127	9	0.016129	0	0	0	0	0	0	0	0	0	0	0	0	0	0	0	0	0	0	9.174689
351	1	1	0	0	0	1	1	0	1	0	0	0	0	0	0	0	0	0	0	0	0	0	7	0.0508	49	0.0025806	0	0	0	0	0	0	0	0	0	0	0	0	0	0	0	0	0	0	8.673765
351	0	1	0	0	1	0	0	0	0	0	0	0	0	1	0	0	0	0	0	0	0	0	5	0.1523999	25	0.0232257	0	0	0	0	0	0	0	0	0	0	1	0	0	0	0	0	0	0	8.673765
351	1	1	0	0	1	0	0	1	0	0	0	1	0	1	0	0	0	0	0	1	0	0	4	0.0508	16	0.0025806	0	0	0	0	0	0	0	0	0	0	1	0	0	0	0	0	0	0	8.673765
351	0	1	0	0	1	0	1	0	1	1	0	0	0	0	0	0	0	0	0	0	0	0	7	0.0634999	49	0.0040322	0	0	0	0	0	0	0	0	0	0	0	0	0	0	0	0	0	0	8.099738
351	0	0	0	0	1	0	1	0	0	1	0	0	0	0	0	0	0	0	0	0	-3	0	7	0.0508	49	0.0025806	0	0	0	0	0	0	0	0	0	0	0	0	0	1	0	0	0	0	8.525649
351	1	0	0	1	1	0	1	0	1	1	0	0	0	0	0	0	0	0	1	0	0	0	8	0	64	0	0	0	0	1.6764	0	0	0	0	0	0	0	0	0	0	0	0	0	0	8.099738
351	0	0	0	0	2	0	1	1	0	0	0	0	0	0	0	0	0	0	1	1	0	0	6	0.0508	36	0.0025806	0	0	0	0	0	0	0	0	0	0	0	0	0	0	0	0	0	0	8.525649
351	0	0	0	0	3	0	1	0	1	0	0	1	0	0	0	0	0	0	1	0	0	0	11	0.0761999	121	0.0058064	0	0	0	0	0	0	0	0	0	0	0	0	0	0	0	0	0	0	8.099738
351	1	0	0	0	1	0	1	1	0	0	0	1	0	0	0	0	0	0	1	1	0	0	7	0.0508	49	0.0025806	0	0	0	0	0	0	0	0	0	0	0	0	0	0	0	0	0	0	8.099738
351	1	1	0	0	1	0	1	0	1	0	0	0	0	0	0	0	0	0	0	0	0	0	7	0.0508	49	0.0025806	0	0	0	0	0	0	0	0	0	0	0	0	0	0	0	0	0	0	8.099738
351	0	0	0	0	3	0	0	1	0	0	0	0	0	1	0	0	0	0	1	1	0	0	6	0.127	36	0.016129	0	0	0	0	0	0	0	0	0	0	1	0	0	0	0	0	0	0	8.099738
351	0	0	0	0	3	0	0	0	0	0	0	0	0	0	0	0	0	0	0	0	-4	0	8	0.1015999	64	0.0103225	0	0	0	0	0	0	0	0	0	0	0	0	0	0	1	0	0	0	8.673765
351	0	0	0	0	1	0	1	0	1	1	0	0	0	0	0	0	0	0	1	0	0	0	5	0.0508	25	0.0025806	0	0	0	0	0	0	0	0	0	0	0	0	0	0	0	0	0	0	8.543419
357	1	1	0	0	1	0	0	0	1	0	0	1	0	0	0	0	0	0	0	0	0	0	6	0.0761999	36	0.0058064	0	0	0	0	0	0	0	0	0	0	0	0	0	0	0	0	0	0	8.744252
357	0	1	0	0	1	0	0	0	1	0	0	0	0	0	0	0	0	0	0	0	0	0	8	0.0761999	64	0.0058064	0	0	0	0	0	0	0	0	0	0	0	0	0	0	0	0	0	0	7.760306
357	0	0	0	0	1	0	0	1	0	0	0	1	0	0	0	0	0	0	1	0	0	0	4	0.1523999	16	0.0232257	0	0	0	0	0	0	0	0	0	0	1	0	0	1	0	0	0	0	8.525649
357	1	0	0	0	1	0	0	0	0	1	0	0	0	0	0	0	0	0	1	1	0	0	3	0.1015999	9	0.0103225	0	0	0	0	0	0	0	0	0	0	1	0	0	1	0	0	0	0	8.543419
357	0	0	0	0	1	0	0	0	0	0	0	0	0	0	0	0	0	0	0	1	-1	0	4	0.0253999	16	0.0006452	0	0	0	0	0	0	0	0	0	0	1	0	0	0	1	0	0	0	8.744252
357	0	0	0	0	2	0	0	0	0	0	0	0	0	0	0	0	0	0	1	1	0	0	4	0.0889	16	0.0079032	0	0	0	0	0	0	0	0	0	0	1	0	0	1	0	0	0	0	8.612476
357	0	0	0	0	1	0	0	0	0	0	0	1	0	0	0	0	0	0	1	1	0	0	3	0.1523999	9	0.0232257	0	0	0	0	0	0	0	0	0	0	1	0	0	1	0	0	0	0	8.973855
357	1	0	0	0	1	0	0	0	0	1	0	0	0	0	0	0	0	0	1	1	0	0	7	0.0761999	49	0.0058064	0	0	0	0	0	0	0	0	0	0	1	0	0	1	0	0	0	0	8.673765
357	0	0	0	0	1	0	0	1	0	1	0	0	0	0	0	0	0	0	1	0	0	0	6	0.1015999	36	0.0103225	0	0	0	0	0	0	0	0	0	0	1	0	0	1	0	0	0	0	8.673765
357	0	0	0	0	1	0	0	0	0	0	0	1	0	0	0	0	0	0	0	1	-1	0	7	0.127	49	0.016129	0	0	0	0	0	0	0	0	0	0	1	0	0	0	1	0	0	0	8.744252
357	1	0	0	1	1	0	0	1	0	1	0	0	0	0	0	0	0	0	0	0	-1	0	5	0	25	0	0	0	0	1.6764	0	0	0	0	0	0	1	0	0	0	1	0	0	0	8.744252
357	0	0	0	0	1	0	0	0	0	1	0	0	0	0	0	0	0	0	1	1	0	0	4	0.0761999	16	0.0058064	0	0	0	0	0	0	0	0	0	0	1	0	0	1	0	0	0	0	8.673765
357	0	1	0	0	1	0	0	0	0	1	0	0	0	0	0	0	0	0	0	1	0	0	8	0.0761999	64	0.0058064	0	0	0	0	0	0	0	0	0	0	1	0	0	0	0	0	0	0	8.673765
357	0	0	0	0	1	0	0	0	1	1	0	0	0	0	0	0	0	0	0	0	-2	0	5	0.0713999	25	0.0050979	0	0	0	0	0	0	0	0	0	0	1	0	0	0	0	1	0	0	9.508165
357	1	0	0	0	2	0	0	0	0	1	0	0	0	0	0	0	0	0	1	1	0	0	6	0.127	36	0.016129	0	0	0	0	0	0	0	0	0	0	1	0	0	1	0	0	0	0	8.612476
358	0	1	0	0	2	0	0	0	0	1	0	0	0	1	0	0	0	0	0	1	0	0	7	0.0762	49	0.0058064	0	0	0	0	0	0	0	0	0	1	1	0	0	0	0	0	0	0	8.744252
358	0	0	0	0	3	0	1	0	0	0	0	0	0	0	0	0	0	0	1	1	0	0	3	0.0508	9	0.0025806	0	0	0	0	0	0	0	1	0	0	0	0	0	1	0	0	0	0	8.543419
358	0	0	1	1	1	0	1	1	0	0	0	0	0	0	0	0	0	0	0	0	-1	0	0	0	0	0	0	36	0	1.651	0	0	0	0	-1	0	0	0	0	0	1	0	0	0	7.95042
358	0	0	0	0	1	0	0	1	0	1	0	0	0	0	0	0	0	0	0	0	0	0	8	0.127	64	0.016129	0	0	0	0	0	0	0	0	0	0	0	0	0	1	0	0	0	0	8.673765
358	1	0	0	0	1	0	0	0	0	0	0	0	0	1	0	0	0	0	1	1	0	0	7	0.0254	49	0.0006452	0	0	0	0	0	0	0	1	0	0	1	0	0	1	0	0	0	0	8.973855
358	1	0	0	0	1	0	0	1	0	0	0	1	0	0	0	0	0	0	1	0	0	0	7	0	49	0	0	0	0	0	0	0	0	1	0	0	0	0	0	1	0	0	0	0	8.543419
358	0	0	0	1	0	1	0	0	0	1	0	0	0	0	0	0	0	0	0	1	0	0	9	0	81	0	0	0	0	1.651	0	0	0	0	0	0	0	0	0	1	0	0	0	0	8.673765
358	0	0	0	0	3	0	1	0	0	0	0	0	0	0	0	0	0	0	0	1	-4	0	5	0.127	25	0.016129	0	0	0	0	0	0	0	0	-4	0	0	0	0	0	0	0	0	1	8.346935
358	1	0	0	0	1	0	0	0	0	1	0	0	0	1	0	0	0	0	1	1	0	0	6	0.0762	36	0.0058064	0	0	0	0	0	0	0	1	0	0	1	0	0	1	0	0	0	0	8.973855
358	0	1	0	0	1	0	0	0	1	0	0	0	0	1	0	0	0	0	0	0	0	0	7	0.1778001	49	0.0316129	0	0	0	0	0	0	0	0	0	1	1	0	0	0	0	0	0	0	8.973855
358	1	0	0	0	1	0	1	1	0	0	0	1	0	0	0	0	0	0	1	0	0	0	6	0.0762	36	0.0058064	0	0	0	0	0	0	0	1	0	0	0	0	0	1	0	0	0	0	8.744252
358	0	1	0	0	1	0	0	0	0	0	0	0	0	1	0	0	0	0	0	1	0	0	10	0.127	100	0.016129	0	0	0	0	0	0	0	0	0	1	1	0	0	0	0	0	0	0	9.104201
358	0	0	1	1	1	0	0	0	0	0	0	0	0	0	0	0	0	0	1	1	0	0	0	0	0	0	0	36	0	1.651	0	0	0	1	0	0	0	0	0	1	0	0	0	0	8.673765
358	1	1	0	0	1	0	0	0	1	0	0	0	0	1	0	0	0	0	0	0	0	0	7	0.0762	49	0.0058064	0	0	0	0	0	0	0	0	0	1	1	0	0	0	0	0	0	0	9.104201
358	0	0	0	0	1	0	0	0	1	1	0	0	0	1	0	0	0	0	1	0	0	0	4	-0.0253999	16	0.0006452	0	0	0	0	0	0	0	1	0	0	1	0	0	1	0	0	0	0	8.612476
360	0	1	0	0	3	0	0	0	1	1	0	0	0	0	0	0	0	0	0	0	0	0	7	0.0508	49	0.0025806	0	0	0	0	0	0	0	0	0	1	0	0	0	0	0	0	0	0	8.69273
360	0	0	0	0	2	0	1	1	0	0	0	0	0	0	1	0	0	0	0	1	0	0	6	0.0508	36	0.0025806	0	0	0	0	0	0	0	0	0	0	0	0	0	1	0	0	0	0	8.673765
360	0	0	0	0	1	0	0	0	0	1	0	0	0	0	0	0	0	0	0	0	-2	0	9	0.0761999	81	0.0058064	0	0	0	0	0	0	0	0	-2	0	0	0	0	0	0	1	0	0	9.508718
360	1	0	0	0	3	0	0	0	0	0	0	1	0	0	0	0	0	0	1	0	0	0	8	0.0761999	64	0.0058064	0	0	0	0	0	0	0	1	0	0	0	0	0	1	0	0	0	0	8.973855
360	1	1	0	0	1	0	0	0	0	0	0	1	0	0	0	0	0	0	0	0	0	0	5	0.0761999	25	0.0058064	0	0	0	0	0	0	0	0	0	1	0	0	0	0	0	0	0	0	8.973855
360	0	0	0	0	3	0	1	0	0	0	0	0	0	0	1	0	0	0	1	0	0	0	4	0.1523999	16	0.0232257	0	0	0	0	0	0	0	1	0	0	0	0	0	1	0	0	0	0	8.991449
360	0	0	0	0	1	0	1	1	0	0	0	1	0	0	1	0	0	0	1	1	0	0	6	0.0634999	36	0.0040322	0	0	0	0	0	0	0	1	0	0	0	0	0	1	0	0	0	0	8.973855
360	1	1	0	0	1	0	1	0	1	0	0	1	0	0	1	0	0	0	0	0	0	0	5	0.1015999	25	0.0103225	0	0	0	0	0	0	0	0	0	1	0	0	0	0	0	0	0	0	8.744252
360	1	1	0	1	0	1	0	1	0	0	0	0	0	0	0	0	0	0	0	1	0	0	8	0	64	0	0	0	0	1.6764	0	0	0	0	0	1	0	0	0	0	0	0	0	0	8.543419
360	0	0	0	0	4	0	0	0	1	0	0	1	0	0	0	0	0	0	1	0	0	0	6	0.1015999	36	0.0103225	0	0	0	0	0	0	0	1	0	0	0	0	0	1	0	0	0	0	8.991449
360	0	1	0	0	2	0	1	0	1	0	0	1	0	0	1	0	0	0	0	0	0	0	7	0	49	0	0	0	0	0	0	0	0	0	0	1	0	0	0	0	0	0	0	0	8.673765
360	0	0	0	0	1	0	0	1	0	1	0	0	0	0	0	0	0	0	1	1	0	0	7	0.1523999	49	0.0232257	0	0	0	0	0	0	0	1	0	0	0	0	0	1	0	0	0	0	8.973855
360	0	0	0	0	1	0	0	1	0	0	0	1	0	0	0	0	0	0	0	1	0	0	8	0.0761999	64	0.0058064	0	0	0	0	0	0	0	0	0	0	1	0	0	1	0	0	0	0	8.673765
360	0	0	0	0	1	0	0	0	0	1	0	0	0	0	0	0	0	0	1	0	0	0	9	0.1396999	81	0.0195161	0	0	0	0	0	0	0	1	0	0	1	0	0	1	0	0	0	0	8.673765
360	1	0	0	0	1	0	0	1	0	1	0	0	0	0	0	0	0	0	0	1	0	3	6	0.1523999	36	0.0232257	0	0	0	0	0	0	0	0	3	0	0	0	0	0	0	0	0	0	9.068585
364	0	0	0	0	1	0	0	0	0	1	0	0	0	0	0	0	0	0	1	1	0	0	9	0.0508	81	0.0025806	0	0	0	0	0	0	0	0	0	0	0	0	0	0	1	0	0	0	8.099738
364	1	1	0	1	3	0	0	0	0	0	0	1	0	1	0	0	0	0	0	1	0	0	1	0	1	0	0	0	0	1.651	0	0	0	0	0	0	1	0	0	0	0	0	0	0	8.673765
364	1	1	0	0	2	0	0	0	0	0	0	0	0	1	0	0	0	0	0	1	0	0	6	0.0762	36	0.0058064	0	0	0	0	0	0	0	0	0	0	1	0	0	0	0	0	0	0	8.744252
364	0	1	0	0	1	0	0	0	0	0	0	1	0	1	0	0	0	0	0	1	0	0	5	0.127	25	0.016129	0	0	0	0	0	0	0	0	0	0	1	0	0	0	0	0	0	0	8.099738
364	1	0	0	1	0	1	1	0	0	0	0	1	0	0	0	0	0	0	0	1	0	1	4	0	16	0	0	0	0	1.651	0	0	0	0	0	0	0	0	0	1	0	0	0	0	8.673765
364	0	0	0	0	1	0	0	0	0	0	0	1	0	1	0	0	0	0	0	1	0	1	1	0.0762	1	0.0058064	0	0	0	0	0	0	0	0	0	0	1	0	0	1	0	0	0	0	8.673765
364	0	0	0	0	1	0	0	0	0	0	0	0	0	0	0	0	0	0	0	1	0	1	2	0.1016001	4	0.0103226	0	0	0	0	0	0	0	0	0	0	0	0	0	1	0	0	0	0	9.043353
364	0	0	0	0	1	0	0	0	1	1	0	0	0	0	0	0	0	0	1	0	0	0	4	0.0508	16	0.0025806	0	0	0	0	0	0	0	0	0	0	0	0	0	0	1	0	0	0	8.673765
364	1	1	0	0	1	0	0	0	0	0	0	0	0	1	0	0	0	0	0	1	0	0	4	0.0254	16	0.0006452	0	0	0	0	0	0	0	0	0	0	1	0	0	0	0	0	0	0	8.673765
364	0	0	0	0	2	0	0	1	0	0	0	0	0	1	0	0	0	0	0	0	-1	0	4	0.1143	16	0.0130645	0	0	0	0	0	0	0	0	0	0	1	0	0	0	0	1	0	0	8.395303
364	1	0	0	0	1	0	0	0	0	0	0	0	0	1	0	0	0	0	1	1	0	0	8	0.0508	64	0.0025806	0	0	0	0	0	0	0	0	0	0	1	0	0	0	1	0	0	0	8.673765
364	0	0	0	0	1	0	0	0	0	1	0	0	0	1	0	0	0	0	1	1	0	0	2	0.127	4	0.016129	0	0	0	0	0	0	0	0	0	0	1	0	0	0	1	0	0	0	8.673765
364	0	0	1	1	1	0	0	0	0	0	0	1	0	0	0	0	0	0	1	1	0	0	0	0	0	0	0	29	0	1.651	0	0	0	0	0	0	0	0	0	0	1	0	0	0	7.95042
365	0	0	0	0	1	0	0	0	0	0	0	1	0	1	0	0	0	0	1	1	0	0	5	0.1777999	25	0.0316128	0	0	0	0	0	0	0	0	0	0	1	0	0	0	0	0	0	0	8.673765
365	0	0	0	0	1	0	0	0	0	1	0	0	0	1	0	0	0	0	1	1	0	0	3	0.0762	9	0.0058064	0	0	0	0	0	0	0	0	0	0	1	0	0	0	0	0	0	0	8.673765
365	1	1	0	0	1	0	0	0	0	0	0	0	0	1	0	0	0	0	0	1	0	0	7	0.0762	49	0.0058064	0	0	0	0	0	0	0	0	0	0	1	0	0	0	0	0	0	0	8.673765
365	0	1	0	0	2	0	0	0	0	0	0	1	0	0	0	0	0	0	0	1	0	0	7	0.1777999	49	0.0316128	0	0	0	0	0	0	0	0	0	0	0	0	0	0	0	0	0	0	8.673765
365	0	1	0	0	1	0	0	1	0	0	0	1	0	1	0	0	0	0	0	0	0	0	6	0.127	36	0.016129	0	0	0	0	0	0	0	0	0	0	1	0	0	0	0	0	0	0	8.673765
365	0	0	0	0	1	0	0	0	1	0	0	1	0	0	0	0	0	0	1	0	0	0	8	0.127	64	0.016129	0	0	0	0	0	0	0	0	0	0	0	0	0	0	0	0	0	0	8.099738
365	1	1	0	0	1	0	0	0	1	0	0	1	0	1	0	0	0	0	0	0	0	0	5	0.1015999	25	0.0103225	0	0	0	0	0	0	0	0	0	0	1	0	0	0	0	0	0	0	8.543419
365	0	1	0	0	1	0	0	0	1	0	0	1	0	0	0	0	0	0	0	0	0	0	7	0.0635	49	0.0040323	0	0	0	0	0	0	0	0	0	0	0	0	0	0	0	0	0	0	8.099738
365	1	1	0	0	1	0	0	0	0	0	0	0	0	1	0	0	0	0	0	1	0	0	4	0.0762	16	0.0058064	0	0	0	0	0	0	0	0	0	0	1	0	0	0	0	0	0	0	8.543419
365	1	1	0	0	0	1	0	1	0	0	0	1	0	1	0	0	0	0	0	0	0	0	4	0.1015999	16	0.0103225	0	0	0	0	0	0	0	0	0	0	1	0	0	0	0	0	0	0	8.973855
365	1	1	0	0	0	1	0	0	1	1	1	0	0	1	0	0	0	0	0	0	0	0	2	0.0762	4	0.0058064	0	0	0	0	0	0	0	0	0	0	1	0	0	0	0	0	0	0	8.673765
365	0	0	0	0	1	0	0	0	0	1	1	0	0	0	0	0	0	0	1	1	0	0	11	0.1524	121	0.0232258	0	0	0	0	0	0	0	0	0	0	0	0	0	0	0	0	0	0	8.099738
365	0	1	0	1	0	1	0	0	1	0	0	1	0	0	0	0	0	0	0	0	0	0	2	0	4	0	0	0	0	1.7018	0	0	0	0	0	0	0	0	0	0	0	0	0	0	8.543419
365	0	0	0	0	1	0	0	0	1	0	0	1	0	1	0	0	0	0	1	0	0	0	3	0.1015999	9	0.0103225	0	0	0	0	0	0	0	0	0	0	1	0	0	0	0	0	0	0	8.673765
365	0	0	0	0	0	1	0	1	0	1	0	0	0	1	0	0	0	0	1	0	0	0	5	0.1777999	25	0.0316128	0	0	0	0	0	0	0	0	0	0	1	0	0	0	0	0	0	0	9.104201
366	0	0	0	0	3	0	0	1	0	0	0	1	0	0	0	0	0	0	0	1	0	0	5	0.1015999	25	0.0103225	0	0	0	0	0	0	0	0	0	0	1	0	0	0	1	0	0	0	8.673765
366	0	0	0	0	3	0	0	0	1	0	0	1	0	1	0	0	0	0	1	0	0	0	7	0.0634999	49	0.0040322	0	0	0	0	0	0	0	1	0	0	0	0	0	0	1	0	0	0	8.744252
366	0	0	0	0	1	0	0	0	0	0	0	0	0	1	0	0	0	0	0	0	-3	0	9	0.127	81	0.016129	0	0	0	0	0	0	0	0	-3	0	0	0	0	0	0	0	0	1	8.099738
366	1	0	0	0	1	0	0	1	0	0	0	0	0	1	0	0	0	0	0	1	-1	0	4	0.0508	16	0.0025806	0	0	0	0	0	0	0	0	-1	0	0	0	0	0	0	1	0	0	8.744252
366	0	0	0	0	2	0	0	0	0	0	0	0	0	0	0	0	0	0	0	0	0	1	1	0.1523999	1	0.0232257	0	0	0	0	0	0	0	0	1	0	1	0	0	1	0	0	0	0	8.543419
366	1	0	0	0	1	0	0	1	0	1	0	0	0	1	0	0	0	0	0	1	-1	0	7	0.1015999	49	0.0103225	0	0	0	0	0	0	0	0	-1	0	0	0	0	0	0	1	0	0	8.911333
366	0	1	0	0	1	0	0	0	0	1	0	0	0	0	0	0	0	0	0	0	0	0	5	0.0508	25	0.0025806	0	0	0	0	0	0	0	0	0	1	1	0	0	0	0	0	0	0	8.099738
366	0	0	0	0	1	0	0	0	0	0	0	0	0	1	0	0	0	0	1	0	0	0	2	0.0253999	4	0.0006452	0	0	0	0	0	0	0	1	0	0	0	0	0	0	1	0	0	0	8.673765
366	0	0	0	0	3	0	0	1	0	0	0	0	0	1	0	0	0	0	0	1	-1	0	5	0.0761999	25	0.0058064	0	0	0	0	0	0	0	0	-1	0	0	0	0	0	0	1	0	0	8.673765
366	1	0	0	0	1	0	0	0	1	0	0	1	0	0	0	0	0	0	1	0	0	0	2	0.127	4	0.016129	0	0	0	0	0	0	0	1	0	0	1	0	0	0	1	0	0	0	8.973855
366	0	0	0	0	1	0	0	1	0	1	0	0	0	1	0	0	0	0	1	1	0	0	9	0.1523999	81	0.0232257	0	0	0	0	0	0	0	1	0	0	0	0	0	0	1	0	0	0	8.673765
366	0	0	0	0	1	0	0	0	1	1	0	0	0	1	0	0	0	0	0	0	0	2	6	0.1523999	36	0.0232257	0	0	0	0	0	0	0	0	2	0	0	0	1	0	0	0	0	0	8.543419
366	1	0	0	0	1	0	0	0	1	0	0	1	0	0	0	0	0	0	0	0	0	0	3	0.1523999	9	0.0232257	0	0	0	0	0	0	0	0	0	0	1	0	0	0	1	0	0	0	8.392542
366	0	0	0	0	0	1	0	0	1	0	0	1	0	1	0	0	0	0	1	0	0	0	6	0.127	36	0.016129	0	0	0	0	0	0	0	1	0	0	0	0	0	0	1	0	0	0	8.673765
366	1	0	0	0	1	0	0	1	0	0	0	1	0	1	0	0	0	0	0	1	0	4	6	0.1523999	36	0.0232257	0	0	0	0	0	0	0	0	4	0	0	0	0	0	0	0	0	0	8.744252
370	1	0	0	0	2	0	0	1	0	0	0	1	0	0	0	0	0	0	1	1	0	0	7	0.1015999	49	0.0103225	0	0	0	0	0	0	0	0	0	0	1	0	0	0	0	0	0	0	8.673765
370	1	0	0	0	3	0	0	1	0	0	0	0	0	0	0	0	0	0	1	1	0	0	7	0.1015999	49	0.0103225	0	0	0	0	0	0	0	0	0	0	0	0	0	0	0	0	0	0	8.612476
370	1	0	0	0	1	0	0	1	0	0	0	0	0	0	0	0	0	0	1	1	0	0	3	0.127	9	0.016129	0	0	0	0	0	0	0	0	0	0	1	0	0	0	0	0	0	0	8.543419
370	0	0	0	0	3	0	0	1	0	0	0	1	0	0	0	0	0	0	1	1	0	0	6	0.1777999	36	0.0316128	0	0	0	0	0	0	0	0	0	0	1	0	0	0	0	0	0	0	8.612476
370	0	0	0	0	1	0	0	1	0	0	0	1	0	0	0	0	0	0	1	1	0	0	4	0.0508	16	0.0025806	0	0	0	0	0	0	0	0	0	0	0	0	0	0	0	0	0	0	8.525649
370	0	0	0	0	2	0	0	1	0	0	0	0	0	0	0	0	0	0	1	1	0	0	6	0.1015999	36	0.0103225	0	0	0	0	0	0	0	0	0	0	0	0	0	0	0	0	0	0	8.612476
370	1	0	0	0	1	0	0	0	1	0	0	0	0	0	0	0	0	0	1	0	0	0	6	0.127	36	0.016129	0	0	0	0	0	0	0	0	0	0	1	0	0	0	0	0	0	0	8.673765
370	0	0	0	0	1	0	0	1	0	0	0	1	0	0	0	0	0	0	1	1	0	0	7	0.1524	49	0.0232258	0	0	0	0	0	0	0	0	0	0	0	0	0	0	0	0	0	0	8.673765
370	0	0	0	0	1	0	0	0	1	0	0	1	0	0	0	0	0	0	1	0	0	0	11	0.0508	121	0.0025806	0	0	0	0	0	0	0	0	0	0	1	0	0	0	0	0	0	0	8.099738
370	0	0	0	0	1	0	0	1	0	0	0	1	0	0	0	0	0	0	1	1	0	0	8	0.1777999	64	0.0316128	0	0	0	0	0	0	0	0	0	0	1	0	0	0	0	0	0	0	8.673765
370	0	0	0	0	1	0	0	0	1	0	0	1	0	0	0	0	0	0	1	0	0	0	5	0.127	25	0.016129	0	0	0	0	0	0	0	0	0	0	1	0	0	0	0	0	0	0	8.673765
370	0	0	0	0	1	0	0	1	0	0	0	1	0	0	0	0	0	0	1	1	0	0	6	0.0254	36	0.0006452	0	0	0	0	0	0	0	0	0	0	1	0	0	0	0	0	0	0	8.543419
370	0	0	0	0	3	0	0	1	0	0	0	0	0	0	0	0	0	0	1	1	0	0	6	0.1777999	36	0.0316128	0	0	0	0	0	0	0	0	0	0	0	0	0	0	0	0	0	0	8.099738
370	1	0	0	1	1	0	0	0	1	0	0	0	0	0	0	0	0	0	1	0	0	0	4	0	16	0	0	0	0	1.7018	0	0	0	0	0	0	1	0	0	0	0	0	0	0	8.612476
370	0	0	0	0	1	0	0	1	0	0	0	0	0	0	0	0	0	0	1	1	0	0	8	0.1015999	64	0.0103225	0	0	0	0	0	0	0	0	0	0	1	0	0	0	0	0	0	0	8.099738
375	1	0	0	0	1	0	0	0	0	1	1	0	0	0	0	0	0	0	0	1	0	4	3	0.0762	9	0.0058064	0	0	0	0	0	0	0	0	4	0	0	0	0	0	0	0	0	0	8.673765
375	0	1	0	0	0	1	1	0	1	0	0	0	0	0	1	0	0	0	0	0	0	0	3	0.1777999	9	0.0316128	0	0	0	0	0	0	0	0	0	1	0	0	0	0	0	0	0	0	8.613906
375	0	1	0	0	1	0	0	0	0	0	0	0	0	0	0	0	0	0	0	1	0	0	4	0.127	16	0.016129	0	0	0	0	0	0	0	0	0	1	1	0	0	0	0	0	0	0	8.543419
375	0	0	0	0	1	0	0	0	1	1	0	0	0	0	0	0	0	0	0	0	0	0	2	0.1777999	4	0.0316128	0	0	0	0	0	0	0	0	0	0	0	0	0	0	1	0	0	0	8.612476
375	0	0	0	0	1	0	0	1	0	0	0	0	0	0	0	0	0	0	0	0	0	0	3	0.127	9	0.016129	0	0	0	0	0	0	0	0	0	0	1	0	0	0	1	0	0	0	8.543419
375	1	0	0	0	1	0	0	0	0	0	0	1	0	0	0	0	0	0	1	1	0	0	4	0.1143	16	0.0130645	0	0	0	0	0	0	0	1	0	0	1	0	0	0	1	0	0	0	8.673765
375	1	0	0	0	1	0	0	1	0	1	0	0	0	0	0	0	0	0	0	0	-1	0	4	0.127	16	0.016129	0	0	0	0	0	0	0	0	-1	0	0	0	0	0	0	1	0	0	8.613906
375	1	0	0	0	1	0	1	0	0	0	0	1	0	0	1	0	0	0	1	1	0	0	5	0.127	25	0.016129	0	0	0	0	0	0	0	1	0	0	0	0	0	0	1	0	0	0	8.673765
375	0	0	0	0	1	0	0	0	0	0	0	1	0	0	0	0	0	0	1	1	0	0	4	0.1015999	16	0.0103225	0	0	0	0	0	0	0	1	0	0	0	0	0	0	1	0	0	0	8.673765
375	0	0	0	0	1	0	1	0	1	0	0	1	0	0	1	0	0	0	0	0	0	0	2	0.1015999	4	0.0103225	0	0	0	0	0	0	0	0	0	0	0	0	0	0	1	0	0	0	8.744252
375	0	0	0	0	1	0	1	0	1	0	0	1	0	0	1	0	0	0	0	0	0	1	2	0.1015999	4	0.0103225	0	0	0	0	0	0	0	0	1	0	0	0	0	1	0	0	0	0	8.673765
375	0	0	0	0	1	0	1	1	0	0	0	0	0	0	1	0	0	0	0	0	-1	0	4	0.127	16	0.016129	0	0	0	0	0	0	0	0	-1	0	0	0	0	0	0	1	0	0	7.832168
375	1	0	0	0	1	0	1	0	0	1	0	0	0	0	1	0	0	0	1	1	0	0	2	0.127	4	0.016129	0	0	0	0	0	0	0	1	0	0	0	0	0	0	1	0	0	0	8.525649
375	0	0	0	0	1	0	0	0	0	1	0	0	0	0	0	0	0	0	1	1	0	0	6	0.0762	36	0.0058064	0	0	0	0	0	0	0	1	0	0	1	0	0	0	1	0	0	0	8.673765
375	0	0	0	0	1	0	1	0	0	1	1	0	0	0	1	0	0	0	1	1	0	0	5	0.127	25	0.016129	0	0	0	0	0	0	0	1	0	0	0	0	0	0	1	0	0	0	8.099738
376	1	0	0	0	1	0	0	1	0	0	0	0	0	0	0	0	0	0	1	0	0	0	5	0.1523999	25	0.0232257	0	0	0	0	0	0	0	0	0	0	1	0	0	0	0	0	0	0	8.543419
376	0	0	0	0	1	0	0	0	0	0	0	0	0	0	0	0	0	0	1	1	0	0	10	0.0508	100	0.0025806	0	0	0	0	0	0	0	0	0	0	1	0	0	0	0	0	0	0	8.525649
376	0	1	0	0	0	1	0	1	0	1	0	0	0	0	0	0	0	0	0	0	0	0	8	0.0761999	64	0.0058064	0	0	0	0	0	0	0	0	0	0	0	0	0	0	0	0	0	0	8.673765
376	1	0	0	0	1	0	0	0	0	1	0	0	0	0	0	0	0	0	1	1	0	0	7	0.1523999	49	0.0232257	0	0	0	0	0	0	0	0	0	0	1	0	0	0	0	0	0	0	8.673765
376	0	0	0	0	1	0	0	0	1	0	0	0	0	0	0	0	0	0	1	0	0	0	2	0.1015999	4	0.0103225	0	0	0	0	0	0	0	0	0	0	1	0	0	0	0	0	0	0	9.203803
376	0	1	0	0	1	0	0	0	0	1	0	0	0	0	0	0	0	0	0	1	0	0	6	0.0761999	36	0.0058064	0	0	0	0	0	0	0	0	0	0	1	0	0	0	0	0	0	0	8.733533
376	0	0	0	0	1	0	0	0	0	0	0	0	0	0	0	0	0	0	1	1	0	0	8	0.1015999	64	0.0103225	0	0	0	0	0	0	0	0	0	0	1	0	0	0	0	0	0	0	8.543419
376	0	0	0	0	1	0	0	1	0	1	1	0	0	0	0	0	0	0	1	0	0	0	2	0.0761999	4	0.0058064	0	0	0	0	0	0	0	0	0	0	1	0	0	0	0	0	0	0	8.673765
376	1	1	0	0	1	0	0	1	0	1	0	0	0	0	0	0	0	0	0	0	0	0	5	0.0761999	25	0.0058064	0	0	0	0	0	0	0	0	0	0	1	0	0	0	0	0	0	0	8.673765
376	0	1	0	0	3	0	1	0	1	0	0	1	0	0	1	0	0	0	0	0	0	0	6	0.1015999	36	0.0103225	0	0	0	0	0	0	0	0	0	0	0	0	0	0	0	0	0	0	8.673765
376	0	0	0	0	1	0	0	0	0	0	0	0	0	0	0	0	0	0	1	1	0	0	10	0.0508	100	0.0025806	0	0	0	0	0	0	0	0	0	0	1	0	0	0	0	0	0	0	8.525649
376	1	0	0	0	1	0	0	0	1	1	0	0	0	0	0	0	0	0	1	0	0	0	2	0.0508	4	0.0025806	0	0	0	0	0	0	0	0	0	0	1	0	0	0	0	0	0	0	8.543419
376	0	0	0	0	3	0	0	1	0	0	0	1	0	0	0	0	0	0	1	0	0	0	6	0.0508	36	0.0025806	0	0	0	0	0	0	0	0	0	0	1	0	0	0	0	0	0	0	8.612476
376	1	0	0	0	1	0	0	1	0	0	0	0	0	0	0	0	0	0	1	0	0	0	8	0.0634999	64	0.0040322	0	0	0	0	0	0	0	0	0	0	1	0	0	0	0	0	0	0	8.543419
376	0	1	0	0	1	0	0	0	0	0	0	1	0	0	0	0	0	0	0	1	0	0	6	0.1015999	36	0.0103225	0	0	0	0	0	0	0	0	0	0	1	0	0	0	0	0	0	0	8.673765
376	0	0	0	0	1	0	1	0	0	1	0	0	0	0	1	0	0	0	1	1	0	0	8	0.127	64	0.016129	0	0	0	0	0	0	0	0	0	0	0	0	0	0	0	0	0	0	9.104201
380	0	1	1	1	0	1	0	0	1	0	0	0	0	1	0	1	0	0	0	0	0	0	0	0	0	0	0	26	0	1.7018	0	0	0	0	0	0	1	0	0	0	0	0	0	0	8.673765
380	0	1	0	0	0	1	0	0	1	1	0	0	0	0	0	1	0	0	0	0	0	0	7	0.1015999	49	0.0103225	0	0	0	0	0	0	0	0	0	0	0	0	0	0	0	0	0	0	8.099738
380	0	1	0	1	0	1	0	0	1	1	0	0	0	0	0	1	0	0	0	0	0	0	5	0	25	0	0	0	0	1.7018	0	0	0	0	0	0	0	0	0	0	0	0	0	0	8.099738
380	1	0	0	0	1	0	0	0	0	1	0	0	0	1	0	0	0	0	1	0	0	0	3	0.1524	9	0.0232258	0	0	0	0	0	0	0	0	0	0	1	0	0	0	0	0	0	0	8.099738
380	1	0	0	1	0	1	0	1	0	0	0	1	0	1	0	0	0	0	1	0	0	0	3	0	9	0	0	0	0	1.7018	0	0	0	0	0	0	1	0	0	0	0	0	0	0	8.525649
380	0	1	0	1	0	1	0	0	1	0	0	1	0	1	0	1	0	0	0	0	0	0	4	0	16	0	0	0	0	1.7018	0	0	0	0	0	0	1	0	0	0	0	0	0	0	9.104201
380	0	0	1	1	0	1	1	1	0	0	0	1	0	0	0	0	0	0	1	0	0	0	0	0	0	0	0	26	0	1.7018	0	0	0	0	0	0	0	0	0	0	0	0	0	0	7.95042
380	0	0	0	0	0	1	0	0	1	0	0	1	0	0	0	1	0	0	1	0	0	0	4	0.0508	16	0.0025806	0	0	0	0	0	0	0	0	0	0	0	0	0	0	0	0	0	0	7.95042
380	0	1	0	0	3	0	0	0	1	0	0	1	0	0	0	1	0	0	0	0	0	0	2	0.1015999	4	0.0103225	0	0	0	0	0	0	0	0	0	0	0	0	0	0	0	0	0	0	9.203803
380	0	1	0	0	3	0	0	0	0	0	0	1	0	1	0	0	0	0	0	0	0	0	5	0.127	25	0.016129	0	0	0	0	0	0	0	0	0	0	1	0	0	0	0	0	0	0	8.099738
380	0	0	0	0	1	0	0	0	0	1	0	0	0	0	0	0	0	0	1	0	0	0	6	0.127	36	0.016129	0	0	0	0	0	0	0	0	0	0	0	0	0	0	0	0	0	0	8.099738
380	0	0	0	0	0	1	0	1	0	0	0	0	0	0	0	0	0	0	1	0	0	0	3	0.1777999	9	0.0316128	0	0	0	0	0	0	0	0	0	0	0	0	0	0	0	0	0	0	8.099738
380	1	1	0	0	1	0	0	0	0	0	0	1	0	1	0	0	0	0	0	0	0	0	4	0.1524	16	0.0232258	0	0	0	0	0	0	0	0	0	0	1	0	0	0	0	0	0	0	8.525649
380	1	1	0	0	2	0	0	1	0	1	0	0	0	0	0	0	0	0	0	0	0	0	6	0.1143	36	0.0130645	0	0	0	0	0	0	0	0	0	0	0	0	0	0	0	0	0	0	8.099738
380	1	1	0	1	0	1	0	0	0	0	0	1	0	1	0	0	0	0	0	0	0	0	2	0	4	0	0	0	0	1.7018	0	0	0	0	0	0	1	0	0	0	0	0	0	0	8.744252
388	0	0	0	0	1	0	0	0	0	0	0	1	0	1	0	0	0	0	0	0	0	1	3	0.0761999	9	0.0058064	0	0	0	0	0	0	0	0	1	0	1	0	0	0	1	0	0	0	9.607089
388	0	0	0	0	1	0	0	0	0	1	0	0	0	1	0	0	0	0	0	0	0	1	6	0.0761999	36	0.0058064	0	0	0	0	0	0	0	0	1	0	1	0	0	0	1	0	0	0	7.95042
388	1	1	0	0	0	1	0	0	0	1	1	0	0	1	0	0	0	0	0	0	0	0	7	0.1142999	49	0.0130645	0	0	0	0	0	0	0	0	0	1	1	0	0	0	0	0	0	0	8.744252
388	1	0	0	0	1	0	0	0	1	0	0	1	0	1	0	1	0	0	0	0	0	2	5	0.0889	25	0.0079032	0	0	0	0	0	0	0	0	2	0	1	0	0	1	0	0	0	0	8.673765
388	1	1	0	0	1	0	0	0	1	0	0	1	0	1	0	1	0	0	0	0	0	0	3	0.0761999	9	0.0058064	0	0	0	0	0	0	0	0	0	1	1	0	0	0	0	0	0	0	8.673765
388	0	1	0	0	1	0	0	0	1	1	0	0	0	1	0	1	0	0	0	0	0	0	1	0.1015999	1	0.0103225	0	0	0	0	0	0	0	0	0	1	1	0	0	0	0	0	0	0	8.613906
388	0	0	0	0	1	0	0	0	1	1	0	0	0	0	0	1	0	0	0	0	0	1	5	0.1015999	25	0.0103225	0	0	0	0	0	0	0	0	1	0	0	0	0	0	1	0	0	0	8.744252
388	1	0	0	0	0	1	0	1	0	1	0	0	0	1	0	0	0	0	0	0	0	0	4	0.1015999	16	0.0103225	0	0	0	0	0	0	0	0	0	0	1	0	0	0	0	1	0	0	8.744252
388	0	0	0	0	2	0	0	1	0	0	0	1	0	0	0	0	0	0	1	0	0	0	1	0.0761999	1	0.0058064	0	0	0	0	0	0	0	1	0	0	0	0	0	0	0	1	0	0	8.744252
388	0	0	0	0	1	0	0	0	0	1	0	0	0	1	0	0	0	0	0	0	0	0	6	0.0889	36	0.0079032	0	0	0	0	0	0	0	0	0	0	1	0	0	0	0	1	0	0	8.673765
388	0	0	0	0	2	0	0	0	1	1	0	0	0	0	0	1	0	0	0	0	0	1	7	0.0761999	49	0.0058064	0	0	0	0	0	0	0	0	1	0	0	0	0	0	1	0	0	0	8.744252
388	0	0	0	0	1	0	0	0	0	1	1	0	0	0	0	0	0	0	0	0	0	1	4	0.1523999	16	0.0232257	0	0	0	0	0	0	0	0	1	0	0	0	0	0	1	0	0	0	8.543419
388	1	0	0	0	1	0	0	0	0	1	0	0	0	0	0	0	0	0	0	0	0	1	5	0.0889	25	0.0079032	0	0	0	0	0	0	0	0	1	0	0	0	0	0	1	0	0	0	8.099738
388	0	0	0	0	1	0	0	0	0	1	1	0	0	1	0	0	0	0	0	0	0	2	4	0.0761999	16	0.0058064	0	0	0	0	0	0	0	0	2	0	1	0	0	1	0	0	0	0	8.744252
388	0	1	0	0	1	0	0	0	1	1	0	0	0	0	0	1	0	0	0	0	0	0	6	0.127	36	0.016129	0	0	0	0	0	0	0	0	0	1	0	0	0	0	0	0	0	0	8.543419
395	0	0	0	0	1	0	0	0	1	1	0	0	0	0	0	0	0	0	1	0	0	0	7	0.0254	49	0.0006452	0	0	0	0	1	0	0	0	0	0	0	0	0	0	0	0	0	0	8.543419
395	0	0	0	0	1	0	0	1	0	0	0	0	0	0	0	0	0	0	1	1	0	0	8	0.127	64	0.016129	0	0	0	0	1	0	0	0	0	0	0	0	0	0	0	0	0	0	8.099738
395	0	0	0	0	1	0	0	0	0	1	0	0	0	1	0	0	0	0	1	0	0	0	8	0.127	64	0.016129	0	0	0	0	1	0	0	0	0	0	1	0	0	0	0	0	0	0	8.673765
395	1	0	0	0	1	0	0	1	0	0	0	0	0	1	0	0	0	0	1	1	0	0	9	0.1016001	81	0.0103226	0	0	0	0	1	0	0	0	0	0	1	0	0	0	0	0	0	0	8.825739
395	0	0	0	0	1	0	0	0	0	0	0	0	0	0	0	0	0	0	1	0	0	0	8	0.0254	64	0.0006452	0	0	0	0	1	0	0	0	0	0	0	0	0	0	0	0	0	0	8.673765
395	0	0	0	0	1	0	0	1	0	0	0	0	0	1	0	0	0	0	1	1	0	0	8	0.0762	64	0.0058064	0	0	0	0	1	0	0	0	0	0	1	0	0	0	0	0	0	0	8.673765
395	1	0	0	1	1	0	0	1	0	1	1	0	0	1	0	0	0	0	1	1	0	0	9	0	81	0	0	0	0	1.651	1	0	0	0	0	0	1	0	0	0	0	0	0	0	8.673765
395	1	1	0	0	1	0	0	0	1	0	0	1	0	1	0	0	0	0	0	0	0	0	8	0.1016001	64	0.0103226	0	0	0	0	0	0	1	0	0	0	1	0	0	0	0	0	0	0	8.543419
395	0	1	0	0	1	0	0	0	0	0	0	1	0	1	0	0	0	0	0	0	0	0	11	0.0254	121	0.0006452	0	0	0	0	0	0	1	0	0	0	1	0	0	0	0	0	0	0	8.673765
395	1	1	0	0	1	0	0	1	0	0	0	1	0	0	0	0	0	0	0	1	0	0	6	0.0762	36	0.0058064	0	0	0	0	0	0	1	0	0	0	0	0	0	0	0	0	0	0	8.543419
395	1	1	0	0	1	0	0	1	0	0	0	1	0	1	0	0	0	0	0	1	0	0	11	0.0889	121	0.0079032	0	0	0	0	0	0	1	0	0	0	1	0	0	0	0	0	0	0	8.543419
395	0	0	0	0	1	0	1	1	0	1	1	0	0	0	0	0	0	0	1	1	0	0	7	0.0508	49	0.0025806	0	0	0	0	1	0	0	0	0	0	0	0	0	0	0	0	0	0	9.174689
395	0	1	1	1	3	0	0	0	1	0	0	1	0	0	0	0	0	0	0	0	0	0	0	0	0	0	0	40	0	1.651	0	0	1	0	0	0	0	0	0	0	0	0	0	0	8.197618
395	0	1	0	0	0	1	0	0	1	0	0	1	0	1	0	0	0	0	0	0	0	0	8	0.0762	64	0.0058064	0	0	0	0	0	0	1	0	0	0	1	0	0	0	0	0	0	0	8.673765
395	0	0	0	0	2	0	0	0	0	1	0	0	0	1	0	0	0	0	1	0	0	0	5	0	25	0	0	0	0	0	1	0	0	0	0	0	1	0	0	0	0	0	0	0	8.612476
407	1	0	0	0	1	0	0	0	0	0	0	0	0	0	0	0	0	0	1	1	0	0	5	0.1015999	25	0.0103225	0	0	0	0	0	0	0	0	0	0	1	0	0	0	1	0	0	0	8.744252
407	0	0	0	0	1	0	0	0	1	0	0	1	0	0	0	0	0	0	1	0	0	0	6	0.1524	36	0.0232258	0	0	0	0	0	0	0	0	0	0	1	0	0	0	1	0	0	0	8.673765
407	0	0	0	0	1	0	0	1	0	0	0	1	0	0	0	0	0	0	0	0	-1	0	2	0.1777999	4	0.0316128	0	0	0	0	0	0	0	0	0	0	0	0	0	0	0	1	0	0	8.099738
407	0	0	0	0	1	0	0	0	0	1	0	0	0	0	0	0	0	0	1	1	0	0	6	0.127	36	0.016129	0	0	0	0	0	0	0	0	0	0	0	0	0	0	1	0	0	0	8.673765
407	1	0	0	0	0	1	0	0	0	1	0	0	0	0	0	0	0	0	1	1	0	0	4	0.1143	16	0.0130645	0	0	0	0	0	0	0	0	0	0	0	0	0	0	1	0	0	0	9.174689
407	1	0	0	0	1	0	0	0	0	1	1	0	0	0	0	0	0	0	1	1	0	0	6	0.0508	36	0.0025806	0	0	0	0	0	0	0	0	0	0	1	0	0	0	1	0	0	0	8.525649
407	0	0	0	0	1	0	0	0	0	0	0	1	0	0	0	0	0	0	1	1	0	0	8	0.0762	64	0.0058064	0	0	0	0	0	0	0	0	0	0	1	0	0	0	1	0	0	0	8.099738
407	1	0	0	1	1	0	0	0	0	1	0	0	0	0	0	0	0	0	1	1	0	0	5	0	25	0	0	0	0	1.7018	0	0	0	0	0	0	1	0	0	0	1	0	0	0	8.543419
407	1	0	0	0	1	0	0	0	0	1	1	0	0	0	0	0	0	0	1	1	0	0	5	0.1143	25	0.0130645	0	0	0	0	0	0	0	0	0	0	1	0	0	0	1	0	0	0	8.673765
407	0	0	0	0	0	1	0	0	1	0	0	1	0	0	0	0	0	0	1	0	0	0	8	0.1015999	64	0.0103225	0	0	0	0	0	0	0	0	0	0	0	0	0	0	1	0	0	0	8.673765
407	0	0	0	0	1	0	0	0	0	0	0	1	0	0	0	0	0	0	0	1	0	1	6	0.1777999	36	0.0316128	0	0	0	0	0	0	0	0	0	0	1	0	0	1	0	0	0	0	8.673765
407	0	1	0	0	1	0	0	0	0	1	0	0	0	0	0	0	0	0	0	1	0	0	6	-0.0254	36	0.0006452	0	0	0	0	0	0	0	0	0	0	1	0	0	0	0	0	0	0	8.973855
407	0	0	0	0	1	0	0	0	0	1	1	0	0	0	0	0	0	0	1	1	0	0	4	0.1524	16	0.0232258	0	0	0	0	0	0	0	0	0	0	1	0	0	0	1	0	0	0	8.543419
407	0	0	0	0	1	0	0	0	1	1	0	0	0	0	0	0	0	0	1	0	0	0	6	0.127	36	0.016129	0	0	0	0	0	0	0	0	0	0	0	0	0	0	1	0	0	0	8.673765
407	0	1	0	0	2	0	0	0	1	0	0	1	0	0	0	0	0	0	0	0	0	0	6	0.1015999	36	0.0103225	0	0	0	0	0	0	0	0	0	0	1	0	0	0	0	0	0	0	8.673765
408	0	0	0	0	1	0	0	0	0	0	0	0	0	0	0	0	0	0	1	0	0	0	5	0	25	0	0	0	1.6002	0	0	0	0	0	0	0	0	0	0	0	0	0	0	0	8.673765
408	1	0	0	0	1	0	0	0	1	1	0	0	0	0	0	1	0	0	1	0	0	0	6	0	36	0	0	0	1.6002	0	0	0	0	0	0	0	0	0	0	0	0	0	0	0	8.612476
408	0	1	0	0	1	0	0	0	1	0	0	0	0	1	0	1	0	0	0	0	0	0	6	0	36	0	0	0	1.6002	0	0	0	0	0	0	0	1	0	0	0	0	0	0	0	8.525649
408	0	0	0	0	0	1	0	0	0	0	0	0	0	0	0	0	0	0	1	0	0	0	5	0	25	0	0	0	1.5748	0	0	0	0	0	0	0	0	0	0	0	0	0	0	0	8.744252
408	1	0	0	0	1	0	0	0	0	0	0	0	0	1	0	0	0	0	1	0	0	0	5	0	25	0	0	0	1.5748	0	0	0	0	0	0	0	1	0	0	0	0	0	0	0	8.673765
408	0	0	0	0	1	0	0	1	0	0	0	1	0	1	0	0	0	0	1	0	0	0	9	0	81	0	0	0	1.6256	0	0	0	0	0	0	0	1	0	0	0	0	0	0	0	7.95042
408	1	0	0	0	1	0	0	0	1	0	0	0	0	1	0	1	0	0	1	0	0	0	4	0	16	0	0	0	1.5748	0	0	0	0	0	0	0	1	0	0	0	0	0	0	0	8.673765
408	0	0	0	0	1	0	0	0	0	0	0	1	0	1	0	0	0	0	1	0	0	0	5	0	25	0	0	0	1.5494	0	0	0	0	0	0	0	1	0	0	0	0	0	0	0	8.673765
408	1	0	0	0	2	0	0	1	0	0	0	0	0	1	0	0	0	0	1	0	0	0	4	0	16	0	0	0	1.5748	0	0	0	0	0	0	0	1	0	0	0	0	0	0	0	8.673765
408	0	0	0	0	1	0	0	0	1	0	0	0	0	0	0	1	0	0	1	0	0	0	4	0	16	0	0	0	1.6256	0	0	0	0	0	0	0	0	0	0	0	0	0	0	0	8.673765
408	0	0	0	0	1	0	0	0	0	1	0	0	0	0	0	0	0	0	1	0	0	0	6	0	36	0	0	0	1.651	0	0	0	0	0	0	0	0	0	0	0	0	0	0	0	8.525649
408	0	0	0	0	1	0	0	0	0	0	0	0	0	1	0	0	0	0	1	0	0	0	4	0	16	0	0	0	1.6129	0	0	0	0	0	0	0	1	0	0	0	0	0	0	0	8.613906
408	0	0	0	0	1	0	0	1	0	1	0	0	0	0	0	0	0	0	1	0	0	0	6	0	36	0	0	0	1.6002	0	0	0	0	0	0	0	0	0	0	0	0	0	0	0	9.104201
408	1	0	0	0	1	0	0	0	0	0	0	0	0	1	0	0	0	0	1	0	0	0	4	0	16	0	0	0	1.6256	0	0	0	0	0	0	0	1	0	0	0	0	0	0	0	8.744252
408	0	0	0	0	3	0	0	1	0	0	0	1	0	1	0	0	0	0	1	0	0	0	4	0	16	0	0	0	1.7272	0	0	0	0	0	0	0	1	0	0	0	0	0	0	0	8.525649
409	0	1	0	0	0	1	0	0	0	0	0	0	0	0	0	0	0	0	0	0	0	0	3	0.1651	9	0.027258	0	0	0	0	0	0	0	0	0	1	0	0	0	0	0	0	0	0	8.612476
409	1	0	0	0	1	0	0	1	0	0	0	1	0	0	0	0	0	0	0	1	0	0	2	0.0508	4	0.0025806	0	0	0	0	0	0	0	0	0	0	1	0	0	0	1	0	0	0	8.613906
409	1	0	0	0	1	0	0	1	0	0	0	1	0	0	0	0	0	0	0	1	0	2	6	0.127	36	0.016129	0	0	0	0	0	0	0	0	2	0	1	0	1	0	0	0	0	0	8.543419
409	1	0	0	0	1	0	0	1	0	0	0	1	0	0	0	0	0	0	0	1	0	2	4	0.1777999	16	0.0316128	0	0	0	0	0	0	0	0	2	0	0	0	1	0	0	0	0	0	9.104201
409	1	1	0	0	1	0	0	0	1	0	0	0	0	0	0	0	0	0	0	0	0	0	4	0.1015999	16	0.0103225	0	0	0	0	0	0	0	0	0	1	1	0	0	0	0	0	0	0	8.911333
409	0	0	0	0	2	0	0	1	0	0	0	1	0	0	0	0	0	0	0	1	-1	0	4	0.127	16	0.016129	0	0	0	0	0	0	0	0	-1	0	1	0	0	0	0	1	0	0	8.525649
409	1	0	0	0	1	0	0	0	1	1	1	0	0	0	0	0	0	0	0	0	-1	0	7	0.1015999	49	0.0103225	0	0	0	0	0	0	0	0	-1	0	1	0	0	0	0	1	0	0	8.673765
409	0	1	0	0	1	0	0	0	0	0	0	0	0	0	0	0	0	0	0	0	0	0	6	0.0762	36	0.0058064	0	0	0	0	0	0	0	0	0	1	0	0	0	0	0	0	0	0	8.744252
409	0	0	0	0	2	0	0	1	0	1	0	0	0	0	0	0	0	0	0	1	0	2	6	0.127	36	0.016129	0	0	0	0	0	0	0	0	2	0	0	0	1	0	0	0	0	0	8.613906
409	0	0	0	0	1	0	0	0	0	1	0	0	0	0	0	0	0	0	0	0	0	4	8	0.1015999	64	0.0103225	0	0	0	0	0	0	0	0	4	0	1	0	0	0	0	0	0	0	8.099738
409	0	0	0	0	1	0	0	1	0	0	0	0	0	0	0	0	0	0	0	1	-1	0	8	0.1015999	64	0.0103225	0	0	0	0	0	0	0	0	-1	0	0	0	0	0	0	1	0	0	8.099738
409	0	0	0	0	1	0	0	1	0	1	1	0	0	0	0	0	0	0	0	1	0	2	6	0.127	36	0.016129	0	0	0	0	0	0	0	0	2	0	0	0	1	0	0	0	0	0	8.673765
409	0	0	0	0	1	0	0	0	0	0	0	0	0	0	0	0	0	0	0	0	0	1	1	0.127	1	0.016129	0	0	0	0	0	0	0	0	1	0	1	0	0	1	0	0	0	0	8.525649
409	0	0	0	0	1	0	0	1	0	1	0	0	0	0	0	0	0	0	0	1	0	0	5	0.1524	25	0.0232258	0	0	0	0	0	0	0	0	0	0	1	0	0	0	1	0	0	0	8.543419
409	0	0	0	0	1	0	0	1	0	0	0	1	0	0	0	0	0	0	0	1	0	2	5	0.0762	25	0.0058064	0	0	0	0	0	0	0	0	2	0	0	0	1	0	0	0	0	0	8.543419
413	0	1	0	0	2	0	0	1	0	0	0	1	0	0	0	0	0	0	0	1	0	0	9	0.161	81	0.025921	0	0	0	0	0	0	0	0	0	0	0	0	0	0	0	0	0	0	8.543419
413	0	0	0	0	0	1	0	0	0	0	0	0	0	0	0	0	0	0	0	0	-4	0	7	0.2032	49	0.0412902	0	0	0	0	0	0	0	0	0	0	0	0	0	0	0	0	0	1	8.530174
413	1	1	0	0	1	0	0	1	0	0	0	1	0	0	0	0	0	0	0	1	0	0	5	0.127	25	0.016129	0	0	0	0	0	0	0	0	0	0	0	0	0	0	0	0	0	0	8.673765
413	1	1	0	1	1	0	1	1	0	0	0	0	0	0	1	0	0	0	0	1	0	0	10	0	100	0	0	0	0	1.651	0	0	0	0	0	0	0	0	0	0	0	0	0	0	8.673765
413	0	1	0	0	1	0	1	0	1	0	0	1	0	0	1	0	0	0	0	0	0	0	7	0.2032	49	0.0412902	0	0	0	0	0	0	0	0	0	0	0	0	0	0	0	0	0	0	8.673765
413	1	0	0	0	1	0	0	1	0	0	0	0	0	0	0	0	0	0	0	1	-1	0	8	0.127	64	0.016129	0	0	0	0	0	0	0	0	0	0	1	0	0	0	1	0	0	0	8.673765
413	0	1	0	0	1	0	0	0	0	0	0	0	0	0	0	0	0	0	0	0	0	0	6	0.0508	36	0.0025806	0	0	0	0	0	0	0	0	0	0	1	0	0	0	0	0	0	0	8.673765
413	0	1	0	0	1	0	0	0	1	0	0	1	0	0	0	0	0	0	0	0	0	0	11	0.0762	121	0.0058064	0	0	0	0	0	0	0	0	0	0	0	0	0	0	0	0	0	0	8.099738
413	1	1	0	0	1	0	0	1	0	1	0	0	0	0	0	0	0	0	0	1	0	0	5	0.0635	25	0.0040323	0	0	0	0	0	0	0	0	0	0	0	0	0	0	0	0	0	0	8.673765
413	0	1	0	0	3	0	0	1	0	0	0	0	0	0	0	0	0	0	0	1	0	0	3	0.0762	9	0.0058064	0	0	0	0	0	0	0	0	0	0	0	0	0	0	0	0	0	0	8.543419
413	0	0	0	0	1	0	1	0	0	0	0	1	0	0	1	0	0	0	0	0	-4	0	5	0.0762	25	0.0058064	0	0	0	0	0	0	0	0	0	0	0	0	0	0	0	0	0	1	8.673765
413	0	1	0	0	1	0	0	0	0	0	0	0	0	0	0	0	0	0	0	0	0	0	9	0.0508	81	0.0025806	0	0	0	0	0	0	0	0	0	0	0	0	0	0	0	0	0	0	8.525649
413	0	0	0	0	1	0	1	0	1	1	0	0	0	0	1	0	0	0	0	0	0	1	4	0.127	16	0.016129	0	0	0	0	0	0	0	0	0	0	0	0	1	0	0	0	0	0	8.543419
413	0	0	0	0	1	0	0	0	0	0	0	0	0	0	0	0	0	0	0	0	-1	0	5	0.127	25	0.016129	0	0	0	0	0	0	0	0	0	0	1	0	0	0	1	0	0	0	8.673765
418	0	0	0	0	3	0	0	0	1	1	0	0	0	0	0	0	0	0	1	0	0	0	9	0.127	81	0.016129	0	0	0	0	0	0	0	0	0	0	0	0	0	0	0	0	1	0	9.203803
418	0	0	0	0	1	0	0	1	0	0	0	0	0	0	0	0	0	0	1	1	0	0	4	0.127	16	0.016129	0	0	0	0	0	0	0	0	0	0	0	0	0	0	0	0	1	0	8.099738
418	0	0	0	0	1	0	0	0	1	0	0	0	0	0	0	0	0	0	0	0	0	1	9	0.0254	81	0.0006452	0	0	0	0	0	0	0	0	0	0	0	0	0	0	0	1	0	0	9.203803
418	0	1	0	0	1	0	0	0	1	0	0	0	0	0	0	0	0	0	0	0	0	0	7	0.0508	49	0.0025806	0	0	0	0	0	0	0	0	0	0	0	0	0	0	0	0	0	0	8.099738
418	1	1	0	0	0	1	1	0	0	1	0	0	0	0	1	0	0	0	0	0	0	0	6	0.0762	36	0.0058064	0	0	0	0	0	0	0	0	0	0	0	0	0	0	0	0	0	0	8.099738
418	1	1	0	0	1	0	0	0	1	0	0	0	0	0	0	0	0	0	0	0	0	0	6	0.0508	36	0.0025806	0	0	0	0	0	0	0	0	0	0	1	0	0	0	0	0	0	0	8.099738
418	1	1	0	1	1	0	0	0	1	1	0	0	0	0	0	0	0	0	0	0	0	0	-1	0	1	0	0	0	0	1.651	0	0	0	0	0	0	1	0	0	0	0	0	0	0	8.673765
418	0	1	0	1	1	0	0	0	1	1	0	0	0	0	0	0	0	0	0	0	0	0	6	0	36	0	0	0	0	1.651	0	0	0	0	0	0	0	0	0	0	0	0	0	0	8.099738
418	1	0	1	0	1	0	0	1	0	0	0	0	0	0	0	0	0	0	1	1	0	0	0	0.0254	0	0.0006452	0	27	0	0	0	0	0	0	0	0	0	0	0	0	0	0	1	0	7.95042
418	0	0	0	0	1	0	0	0	1	1	1	0	0	0	0	0	0	0	1	0	0	0	6	0.0762	36	0.0058064	0	0	0	0	0	0	0	0	0	0	0	0	0	0	0	0	1	0	8.099738
418	1	1	1	0	1	0	0	0	1	0	0	1	0	0	0	0	0	0	0	0	0	0	0	0.0762	0	0.0058064	0	27	0	0	0	0	0	0	0	0	0	0	0	0	0	0	0	0	8.099738
418	0	1	0	0	3	0	0	0	0	0	0	0	0	0	0	0	0	0	0	0	0	0	5	0.0889	25	0.0079032	0	0	0	0	0	0	0	0	0	0	0	0	0	0	0	0	0	0	7.95042
418	0	1	0	1	0	1	0	0	1	1	0	0	0	0	0	0	0	0	0	0	0	0	-1	0	1	0	0	0	0	1.651	0	0	0	0	0	0	1	0	0	0	0	0	0	0	8.099738
418	0	0	0	0	1	0	0	1	0	0	0	0	0	0	0	0	0	0	1	1	0	0	6	0.1016001	36	0.0103226	0	0	0	0	0	0	0	0	0	0	0	0	0	0	0	0	1	0	8.099738
418	0	0	0	0	3	0	0	1	0	0	0	1	0	0	0	0	0	0	1	1	0	0	3	0.0508	9	0.0025806	0	0	0	0	0	0	0	0	0	0	0	0	0	0	0	0	1	0	8.673765
419	0	0	0	0	3	0	0	0	0	0	0	1	0	0	0	0	0	0	0	1	0	1	4	0.127	16	0.016129	0	0	0	0	0	0	0	0	1	0	1	0	0	1	0	0	0	0	8.525649
419	1	0	0	0	0	1	0	1	0	0	0	0	0	0	0	0	0	0	0	0	0	0	4	0.127	16	0.016129	0	0	0	0	0	0	0	0	0	0	1	0	0	0	1	0	0	0	8.673765
419	0	0	0	0	2	0	0	0	0	0	0	0	0	0	0	0	0	0	0	1	0	1	8	0.0761999	64	0.0058064	0	0	0	0	0	0	0	0	1	0	0	0	0	1	0	0	0	0	8.099738
419	0	1	0	0	1	0	0	0	1	1	0	0	0	0	0	0	0	0	0	0	0	0	6	0.0253999	36	0.0006452	0	0	0	0	0	0	0	0	0	1	0	0	0	0	0	0	0	0	8.673765
419	0	0	0	0	3	0	0	0	1	0	0	0	0	0	0	0	0	0	0	0	-2	0	7	0.1015999	49	0.0103225	0	0	0	0	0	0	0	0	-2	0	0	0	0	0	0	0	1	0	8.673765
419	1	0	0	0	1	0	0	0	1	0	0	0	0	0	0	0	0	0	0	0	0	2	6	0.0508	36	0.0025806	0	0	0	0	0	0	0	0	2	0	0	0	1	0	0	0	0	0	8.525649
419	0	0	0	0	1	0	0	1	0	0	0	1	0	0	0	0	0	0	0	0	-2	0	6	0.127	36	0.016129	0	0	0	0	0	0	0	0	-2	0	0	0	0	0	0	0	1	0	8.099738
419	0	0	0	1	1	0	0	0	0	0	0	0	0	0	0	0	0	0	0	1	0	1	6	0	36	0	0	0	0	1.6764	0	0	0	0	1	0	1	0	0	1	0	0	0	0	8.612476
419	0	0	0	0	2	0	0	1	0	1	0	0	0	0	0	0	0	0	0	0	-1	0	8	0.1523999	64	0.0232257	0	0	0	0	0	0	0	0	-1	0	0	0	0	0	0	1	0	0	8.099738
419	1	0	0	0	1	0	0	1	0	0	0	0	0	0	0	0	0	0	0	0	0	0	9	0.1015999	81	0.0103225	0	0	0	0	0	0	0	0	0	0	1	0	0	0	1	0	0	0	8.099738
419	0	0	0	0	1	0	0	0	1	0	0	0	0	0	0	0	0	0	0	0	0	0	5	0.1015999	25	0.0103225	0	0	0	0	0	0	0	0	0	0	0	0	0	0	1	0	0	0	8.099738
419	0	0	0	0	1	0	0	0	1	1	0	0	0	0	0	0	0	0	0	0	-3	0	10	0.1015999	100	0.0103225	0	0	0	0	0	0	0	0	-3	0	0	0	0	0	0	0	0	1	9.203803
419	1	0	0	0	1	0	0	1	0	0	0	0	0	0	0	0	0	0	0	0	0	1	3	0.127	9	0.016129	0	0	0	0	0	0	0	0	1	0	0	0	0	1	0	0	0	0	8.744252
419	1	0	0	0	2	0	0	0	0	0	0	1	0	0	0	0	0	0	0	1	-1	0	4	0.1523999	16	0.0232257	0	0	0	0	0	0	0	0	-1	0	0	0	0	0	0	1	0	0	8.673765
419	0	1	0	0	0	1	0	0	1	0	0	1	0	0	0	0	0	0	0	0	0	0	5	0.1015999	25	0.0103225	0	0	0	0	0	0	0	0	0	1	0	0	0	0	0	0	0	0	8.673765
420	0	1	0	1	0	1	0	0	1	1	0	0	0	0	0	1	0	0	0	0	0	0	9	0	81	0	0	0	0	1.6002	0	0	0	0	0	0	1	0	0	0	0	0	0	0	8.099738
420	0	0	0	0	1	0	0	0	0	1	0	0	0	0	0	0	0	0	0	0	0	2	6	0.0508001	36	0.0025806	0	0	0	0	0	0	0	0	0	0	1	0	0	1	0	0	0	0	8.612476
420	1	1	0	0	1	0	0	0	0	0	0	0	0	0	0	0	0	0	0	0	0	0	7	0	49	0	0	0	0	0	0	0	0	0	0	0	0	0	0	0	0	0	0	0	9.104201
420	1	0	0	0	1	0	0	0	0	0	0	1	0	0	0	0	0	0	1	0	0	0	11	0.1270001	121	0.016129	0	0	0	0	0	0	0	0	0	0	1	0	0	0	0	1	0	0	8.673765
420	1	0	0	0	3	0	0	1	0	0	0	1	0	0	0	0	0	0	1	0	0	0	7	0.0254	49	0.0006452	0	0	0	0	0	0	0	0	0	0	1	0	0	0	0	1	0	0	8.525649
420	0	1	0	1	4	0	0	0	1	1	0	0	0	0	0	1	0	0	0	0	0	0	6	0	36	0	0	0	0	1.6002	0	0	0	0	0	0	1	0	0	0	0	0	0	0	7.95042
420	0	0	0	0	0	1	0	1	0	0	0	0	0	0	0	0	0	0	0	0	0	1	7	0.0254	49	0.0006452	0	0	0	0	0	0	0	0	0	0	0	0	0	0	1	0	0	0	8.612476
420	1	0	0	0	3	0	0	0	1	0	0	1	0	0	0	1	0	0	0	0	0	1	11	0.0762	121	0.0058064	0	0	0	0	0	0	0	0	0	0	0	0	0	0	1	0	0	0	8.673765
420	0	0	0	0	3	0	0	1	0	0	0	0	0	0	0	0	0	0	0	0	0	0	6	0.0254	36	0.0006452	0	0	0	0	0	0	0	0	0	0	1	0	0	0	0	1	0	0	9.203803
420	1	0	0	0	1	0	0	0	0	0	0	0	0	0	0	0	0	0	1	0	0	0	7	0.0254	49	0.0006452	0	0	0	0	0	0	0	0	0	0	0	0	0	0	0	1	0	0	8.673765
420	0	1	0	0	1	0	0	0	1	0	0	1	0	0	0	1	0	0	0	0	0	0	5	0.0254	25	0.0006452	0	0	0	0	0	0	0	0	0	0	1	0	0	0	0	0	0	0	8.099738
420	0	0	0	1	1	0	0	1	0	0	0	0	0	0	0	0	0	0	0	0	0	1	9	0	81	0	0	0	0	1.6002	0	0	0	0	0	0	0	0	0	0	1	0	0	0	8.099738
420	0	1	0	1	3	0	0	0	1	0	0	1	0	0	0	1	0	0	0	0	0	0	6	0	36	0	0	0	0	1.6002	0	0	0	0	0	0	0	0	0	0	0	0	0	0	8.099738
420	0	0	0	0	0	1	0	0	0	0	0	1	0	0	0	0	0	0	0	0	0	2	7	0.0508001	49	0.0025806	0	0	0	0	0	0	0	0	0	0	0	0	0	1	0	0	0	0	8.673765
420	0	0	0	0	3	0	0	0	0	0	0	1	0	0	0	0	0	0	0	0	0	2	6	0.0762	36	0.0058064	0	0	0	0	0	0	0	0	0	0	1	0	0	1	0	0	0	0	8.099738
425	1	0	0	0	1	0	0	0	1	0	0	1	0	0	0	1	0	0	1	0	0	0	5	0.127	25	0.016129	0	0	0	0	0	0	0	0	0	0	1	0	0	0	0	0	0	0	8.956086
425	0	1	0	1	0	1	0	0	1	0	0	1	0	0	0	1	0	0	0	0	0	0	13	0	169	0	0	0	0	1.6764	0	0	0	0	0	0	0	0	0	0	0	0	0	0	8.673765
425	0	0	0	1	0	1	0	0	1	0	0	1	0	0	0	1	0	0	1	0	0	0	5	0	25	0	0	0	0	1.6764	0	0	0	0	0	0	0	0	0	0	0	0	0	0	8.612476
425	0	1	0	0	1	0	0	0	1	1	0	0	0	0	0	1	0	0	0	0	0	0	6	0.0761999	36	0.0058064	0	0	0	0	0	0	0	0	0	0	0	0	0	0	0	0	0	0	8.543419
425	0	1	0	0	1	0	0	0	0	1	0	0	0	0	0	0	0	0	0	0	0	0	8	0.0761999	64	0.0058064	0	0	0	0	0	0	0	0	0	0	0	0	0	0	0	0	0	0	8.673765
425	0	0	0	0	2	0	0	1	0	0	0	0	0	0	0	0	0	0	1	0	0	0	5	0.0508	25	0.0025806	0	0	0	0	0	0	0	0	0	0	0	0	0	0	0	0	0	0	8.525649
425	1	1	0	0	1	0	0	1	0	0	0	0	0	0	0	0	0	0	0	0	0	0	4	0.1142999	16	0.0130645	0	0	0	0	0	0	0	0	0	0	0	0	0	0	0	0	0	0	8.673765
425	0	0	1	0	3	0	0	0	1	0	0	1	0	0	0	1	0	0	1	0	0	0	0	0.0253999	0	0.0006452	0	36	0	0	0	0	0	0	0	0	0	0	0	0	0	0	0	0	8.673765
425	1	0	0	0	1	0	0	0	0	1	0	0	0	0	0	0	0	0	1	0	0	0	8	0.127	64	0.016129	0	0	0	0	0	0	0	0	0	0	0	0	0	0	0	0	0	0	8.673765
425	0	1	0	0	2	0	0	0	1	1	0	0	0	0	0	1	0	0	0	0	0	0	8	0.0761999	64	0.0058064	0	0	0	0	0	0	0	0	0	0	0	0	0	0	0	0	0	0	8.543419
425	0	1	0	0	1	0	0	0	0	0	0	0	0	0	0	0	0	0	0	0	0	0	13	0.0761999	169	0.0058064	0	0	0	0	0	0	0	0	0	0	0	0	0	0	0	0	0	0	8.673765
425	1	0	0	1	1	0	0	0	0	0	0	1	0	0	0	0	0	0	1	0	0	0	9	0	81	0	0	0	0	1.6764	0	0	0	0	0	0	0	0	0	0	0	0	0	0	8.673765
425	1	0	0	0	1	0	0	0	1	0	0	0	0	0	0	1	0	0	1	0	0	0	8	0.0508	64	0.0025806	0	0	0	0	0	0	0	0	0	0	1	0	0	0	0	0	0	0	8.673765
425	0	0	0	0	1	0	0	1	0	1	0	0	0	0	0	0	0	0	1	0	0	0	7	0.0508	49	0.0025806	0	0	0	0	0	0	0	0	0	0	0	0	0	0	0	0	0	0	8.973855
425	0	1	0	0	1	0	0	0	0	1	0	0	0	0	0	0	0	0	0	0	0	0	6	0.1523999	36	0.0232257	0	0	0	0	0	0	0	0	0	0	1	0	0	0	0	0	0	0	8.673765
432	0	0	0	0	3	0	0	1	0	0	0	0	0	0	0	0	0	0	1	1	0	0	5	0	25	0	0	0	1.5748	0	0	0	0	0	0	0	1	0	0	0	0	0	0	0	8.673765
432	1	0	0	0	1	0	0	1	0	0	0	1	0	0	0	0	0	0	1	1	0	0	8	0	64	0	0	0	1.5875	0	0	0	0	0	0	0	0	0	0	0	0	0	0	0	9.113841
432	0	1	0	0	1	0	0	1	0	0	0	0	0	0	0	0	0	0	0	1	0	0	5	0	25	0	0	0	1.6002	0	0	0	0	0	0	0	0	0	0	0	0	0	0	0	8.612476
432	1	1	0	0	4	0	0	0	1	0	0	1	0	0	0	0	0	0	0	0	0	0	1	0	1	0	0	0	1.5494	0	0	0	0	0	0	0	0	0	0	0	0	0	0	0	9.508718
432	1	0	0	0	0	1	0	1	0	0	0	1	0	0	0	0	0	0	1	1	0	0	4	0	16	0	0	0	1.524	0	0	0	0	0	0	0	1	0	0	0	0	0	0	0	8.673765
432	0	1	0	0	3	0	0	0	1	0	0	0	0	0	0	0	0	0	0	0	0	0	4	0	16	0	0	0	1.5494	0	0	0	0	0	0	0	1	0	0	0	0	0	0	0	8.099738
432	0	0	0	0	1	0	0	1	0	0	0	1	0	0	0	0	0	0	0	1	-1	0	5	0	25	0	0	0	1.5494	0	0	0	0	0	0	0	0	1	0	0	0	0	0	0	8.673765
432	1	1	0	0	1	0	0	1	0	1	0	0	0	0	0	0	0	0	0	1	0	0	9	0	81	0	0	0	1.6002	0	0	0	0	0	0	0	0	0	0	0	0	0	0	0	8.673765
432	1	1	0	0	1	0	0	1	0	0	0	0	0	0	0	0	0	0	0	1	0	0	8	0	64	0	0	0	1.5875	0	0	0	0	0	0	0	1	0	0	0	0	0	0	0	8.744252
432	0	0	0	0	1	0	0	1	0	1	1	0	0	0	0	0	0	0	1	1	0	0	3	0	9	0	0	0	1.6002	0	0	0	0	0	0	0	1	0	0	0	0	0	0	0	8.673765
432	0	1	0	0	1	0	1	0	1	1	0	0	0	0	1	0	0	0	0	0	0	0	7	0	49	0	0	0	1.651	0	0	0	0	0	0	0	0	0	0	0	0	0	0	0	9.174689
432	0	0	0	0	2	0	0	0	0	0	0	1	0	0	0	0	0	0	0	0	-3	0	6	0	36	0	0	0	1.5875	0	0	0	0	0	0	0	0	0	0	1	0	0	0	0	8.673765
432	0	1	0	0	2	0	0	1	0	0	0	1	0	0	0	0	0	0	0	1	0	0	10	0	100	0	0	0	1.524	0	0	0	0	0	0	0	1	0	0	0	0	0	0	0	8.673765
432	0	0	0	0	0	1	0	0	0	0	0	0	0	0	0	0	0	0	0	0	-3	0	5	0	25	0	0	0	1.6002	0	0	0	0	0	0	0	1	0	0	1	0	0	0	0	8.612476
432	0	0	0	0	1	0	0	0	0	0	0	0	0	0	0	0	0	0	1	0	0	0	6	0	36	0	0	0	1.5748	0	0	0	0	0	0	0	0	0	0	0	0	0	0	0	8.673765
433	0	0	0	1	0	1	0	0	1	0	0	1	0	0	0	0	0	0	0	0	-3	0	4	0	16	0	0	0	0	1.8034	0	0	0	0	-3	0	0	0	0	0	0	0	0	1	8.673765
433	1	0	1	0	0	1	0	1	0	0	0	0	0	0	0	0	0	0	0	1	-1	0	0	0.2734001	0	0.0747476	0	32	0	0	0	0	0	0	-1	0	0	0	0	0	0	1	0	0	8.543419
433	0	0	0	0	0	1	0	1	0	0	0	1	0	0	0	0	0	0	0	1	0	0	5	0.2540001	25	0.064516	0	0	0	0	0	0	0	0	0	0	0	0	0	0	1	0	0	0	8.673765
433	0	1	0	0	0	1	0	0	0	0	0	1	0	0	0	0	0	0	0	0	0	0	2	0.1734	4	0.0300676	0	0	0	0	0	0	0	0	0	1	0	0	0	0	0	0	0	0	8.543419
433	0	0	0	0	1	0	0	1	0	0	0	0	0	0	0	0	0	0	1	1	0	0	7	0.2794	49	0.0780644	0	0	0	0	0	0	0	1	0	0	0	0	0	0	1	0	0	0	8.673765
433	1	0	0	0	1	0	0	0	1	1	0	0	0	0	0	0	0	0	0	0	-1	0	6	0.1778001	36	0.0316129	0	0	0	0	0	0	0	0	-1	0	1	0	0	0	0	1	0	0	8.612476
433	0	1	0	0	1	0	0	0	1	0	0	1	0	0	0	0	0	0	0	0	0	0	6	0.2794	36	0.0780644	0	0	0	0	0	0	0	0	0	1	1	0	0	0	0	0	0	0	8.673765
433	0	0	0	1	3	0	0	0	1	0	0	1	0	0	0	0	0	0	0	0	-2	0	7	0	49	0	0	0	0	1.8034	0	0	0	0	-2	0	0	0	0	0	0	0	1	0	8.673765
433	0	0	0	0	4	0	0	0	1	0	0	1	0	0	0	0	0	0	0	0	0	2	5	0.2794	25	0.0780644	0	0	0	0	0	0	0	0	2	0	0	0	1	0	0	0	0	0	8.673765
433	0	0	0	0	4	0	0	1	0	0	0	0	0	0	0	0	0	0	0	1	-1	0	8	0.2032	64	0.0412902	0	0	0	0	0	0	0	0	-1	0	0	0	0	0	0	1	0	0	8.673765
433	1	0	0	0	2	0	0	0	0	1	0	0	0	0	0	0	0	0	0	0	0	4	5	0.1778001	25	0.0316129	0	0	0	0	0	0	0	0	4	0	1	0	0	0	0	0	0	0	8.525649
433	0	0	0	0	0	1	0	0	0	0	0	0	0	0	0	0	0	0	0	0	0	1	5	0.2540001	25	0.064516	0	0	0	0	0	0	0	0	1	0	0	0	0	1	0	0	0	0	8.525649
433	1	0	0	0	0	1	0	1	0	1	0	0	0	0	0	0	0	0	1	1	0	0	5	0.2286	25	0.052258	0	0	0	0	0	0	0	1	0	0	0	0	0	0	1	0	0	0	8.543419
433	0	1	0	0	3	0	0	0	1	0	0	1	0	0	0	0	0	0	0	0	0	0	5	0.2032	25	0.0412902	0	0	0	0	0	0	0	0	0	1	1	0	0	0	0	0	0	0	8.099738
433	1	0	0	0	1	0	0	1	0	1	0	0	0	0	0	0	0	0	0	1	0	1	2	0.1524	4	0.0232258	0	0	0	0	0	0	0	0	1	0	0	0	0	1	0	0	0	0	9.044342
445	0	0	0	0	1	0	0	1	0	1	0	0	0	0	0	0	0	0	0	1	-5	0	1	0.0508	1	0.0025806	0	0	0	0	0	0	0	0	0	0	0	0	0	0	0	1	0	0	8.543419
445	0	0	0	0	1	0	0	0	1	1	0	0	0	0	0	0	0	0	1	0	0	0	5	0.0253999	25	0.0006452	0	0	0	0	0	0	0	0	0	0	1	0	0	0	0	0	0	0	9.174689
445	1	0	0	0	1	0	0	0	1	0	0	1	0	0	0	0	0	0	1	0	0	0	6	0.0508	36	0.0025806	0	0	0	0	0	0	0	0	0	0	1	0	0	0	0	0	0	0	9.841181
445	0	0	0	0	0	1	0	0	0	0	0	0	0	0	0	0	0	0	1	0	0	0	7	0.1523999	49	0.0232257	0	0	0	0	0	0	0	0	0	0	1	0	0	0	0	0	0	0	8.099738
445	0	0	0	1	1	0	0	0	0	1	0	0	0	0	0	0	0	0	1	0	0	0	4	0	16	0	0	0	0	1.6764	0	0	0	0	0	0	1	0	0	0	0	0	0	0	8.099738
445	1	0	0	0	1	0	0	1	0	0	0	0	0	0	0	0	0	0	1	1	0	0	6	0.1523999	36	0.0232257	0	0	0	0	0	0	0	0	0	0	1	0	0	0	0	0	0	0	8.973855
445	0	0	0	0	1	0	0	1	0	0	0	0	0	0	0	0	0	0	1	1	0	0	10	0.0761999	100	0.0058064	0	0	0	0	0	0	0	0	0	0	1	0	0	0	0	0	0	0	8.525649
445	1	0	0	0	1	0	0	0	0	0	0	0	0	0	0	0	0	0	1	0	0	0	8	0.0889	64	0.0079032	0	0	0	0	0	0	0	0	0	0	1	0	0	0	0	0	0	0	9.841181
445	1	0	0	1	1	0	0	1	0	0	0	0	0	0	0	0	0	0	1	1	0	0	7	0	49	0	0	0	0	1.6764	0	0	0	0	0	0	1	0	0	0	0	0	0	0	8.673765
445	0	0	0	0	1	0	0	0	0	0	0	1	0	0	0	0	0	0	1	0	0	0	7	0.1763999	49	0.0311169	0	0	0	0	0	0	0	0	0	0	1	0	0	0	0	0	0	0	9.044342
445	1	0	0	0	1	0	0	0	0	0	0	0	0	0	0	0	0	0	1	0	0	0	7	-0.0508001	49	0.0025806	0	0	0	0	0	0	0	0	0	0	1	0	0	0	0	0	0	0	8.895238
445	0	1	0	0	1	0	0	1	0	0	0	1	0	0	0	0	0	0	0	1	0	0	3	0.0761999	9	0.0058064	0	0	0	0	0	0	0	0	0	0	1	0	0	0	0	0	0	0	8.543419
445	0	1	0	0	1	0	0	1	0	0	0	0	0	0	0	0	0	0	0	1	0	0	5	0.1523999	25	0.0232257	0	0	0	0	0	0	0	0	0	0	1	0	0	0	0	0	0	0	8.543419
445	0	0	1	1	1	0	0	1	0	0	0	0	0	0	0	0	0	0	1	1	0	0	0	0	0	0	0	33	0	1.6764	0	0	0	0	0	0	0	0	0	0	0	0	0	0	8.673765
445	0	0	0	0	1	0	0	1	0	0	0	0	0	0	0	0	0	0	1	1	0	0	5	0.1015999	25	0.0103225	0	0	0	0	0	0	0	0	0	0	1	0	0	0	0	0	0	0	8.612476
448	0	1	0	1	0	1	1	0	1	1	0	0	0	0	1	0	0	0	0	0	0	0	11	0	121	0	0	0	0	1.6256	0	0	0	0	0	0	0	0	0	0	0	0	0	0	7.95042
448	0	1	0	1	1	0	1	0	1	0	0	1	0	0	1	0	0	0	0	0	0	0	8	0	64	0	0	0	0	1.6256	0	0	0	0	0	0	0	0	0	0	0	0	0	0	8.673765
448	1	0	0	0	0	1	0	1	0	0	0	0	0	0	0	0	0	0	1	1	0	0	6	0.0253999	36	0.0006452	0	0	0	0	0	0	0	0	0	0	1	0	0	0	0	0	0	0	8.973855
448	1	0	0	0	0	1	0	1	0	1	0	0	0	0	0	0	0	0	1	1	0	0	8	0	64	0	0	0	0	0	0	0	0	0	0	0	0	0	0	0	0	0	0	0	8.543419
448	1	0	0	0	3	0	0	0	1	0	0	0	0	0	0	0	0	0	1	0	0	0	5	0.0634999	25	0.0040322	0	0	0	0	0	0	0	0	0	0	0	0	0	0	0	0	0	0	8.543419
448	0	0	0	0	1	0	0	0	1	1	0	0	0	0	0	0	0	0	1	0	0	0	5	0	25	0	0	0	0	0	0	0	0	0	0	0	1	0	0	0	0	0	0	0	8.744252
448	0	1	0	1	0	1	0	0	1	1	0	0	0	0	0	0	0	0	0	0	0	0	5	0	25	0	0	0	0	1.6256	0	0	0	0	0	0	1	0	0	0	0	0	0	0	8.543419
448	0	0	0	0	3	0	0	0	0	0	0	1	0	0	0	0	0	0	1	0	0	0	5	0.0508	25	0.0025806	0	0	0	0	0	0	0	0	0	0	0	0	0	0	0	0	0	0	8.543419
448	0	0	0	0	1	0	0	0	0	1	0	0	0	0	0	0	0	0	1	0	0	0	4	0.0508	16	0.0025806	0	0	0	0	0	0	0	0	0	0	1	0	0	0	0	0	0	0	8.744252
448	0	0	0	0	1	0	0	0	1	0	0	0	0	0	0	0	0	0	1	0	0	0	3	0	9	0	0	0	0	0	0	0	0	0	0	0	1	0	0	0	0	0	0	0	8.543419
448	1	0	0	1	1	0	0	0	1	1	0	0	0	0	0	0	0	0	1	0	0	0	6	0	36	0	0	0	0	1.6256	0	0	0	0	0	0	1	0	0	0	0	0	0	0	8.543419
448	1	0	0	0	1	0	0	0	1	0	0	1	0	0	0	0	0	0	1	0	0	0	6	0.0253999	36	0.0006452	0	0	0	0	0	0	0	0	0	0	0	0	0	0	0	0	0	0	8.613906
448	0	0	0	0	1	0	0	1	0	0	0	1	0	0	0	0	0	0	1	1	0	0	10	0.0508	100	0.0025806	0	0	0	0	0	0	0	0	0	0	0	0	0	0	0	0	0	0	8.099738
448	0	1	0	0	0	1	0	0	1	1	1	0	0	0	0	0	0	0	0	0	0	0	6	0.1015999	36	0.0103225	0	0	0	0	0	0	0	0	0	0	1	0	0	0	0	0	0	0	9.013688
448	0	0	0	0	3	0	0	0	0	0	0	0	0	0	0	0	0	0	1	0	0	0	5	0.0762	25	0.0058064	0	0	0	0	0	0	0	0	0	0	1	0	0	0	0	0	0	0	8.973855
449	1	0	0	0	1	0	0	1	0	0	0	1	0	0	0	0	0	0	0	0	0	0	4	0.1524	16	0.0232258	0	0	0	0	0	0	0	0	0	0	1	0	0	0	0	1	0	0	8.525649
449	0	0	0	0	1	0	0	1	0	0	0	0	0	0	0	0	0	0	1	0	0	0	6	0.1016001	36	0.0103226	0	0	0	0	0	0	0	1	0	0	0	0	0	0	0	1	0	0	8.099738
449	0	0	0	0	1	0	0	0	0	0	0	1	0	0	0	0	0	0	0	0	0	0	6	0.127	36	0.016129	0	0	0	0	0	0	0	0	0	0	0	0	0	0	0	1	0	0	8.099738
449	1	0	0	0	1	0	0	1	0	0	0	1	0	0	0	0	0	0	1	0	0	0	10	0.1524	100	0.0232258	0	0	0	0	0	0	0	1	0	0	0	0	0	0	0	1	0	0	8.099738
449	0	1	0	0	1	0	1	0	1	0	0	1	0	0	1	1	0	0	0	0	0	0	6	0.2032	36	0.0412902	0	0	0	0	0	0	0	0	0	1	0	0	0	0	0	0	0	0	8.673765
449	0	0	0	0	1	0	0	1	0	1	0	0	0	0	0	0	0	0	1	0	0	0	2	0.1778001	4	0.0316129	0	0	0	0	0	0	0	1	0	0	0	0	0	0	0	1	0	0	8.673765
449	0	1	0	0	1	0	0	0	1	0	0	1	0	0	0	1	0	0	0	0	0	0	6	0.127	36	0.016129	0	0	0	0	0	0	0	0	0	1	0	0	0	0	0	0	0	0	8.673765
449	1	0	0	0	1	0	0	1	0	0	0	1	0	0	0	0	0	0	1	0	0	0	10	0.1524	100	0.0232258	0	0	0	0	0	0	0	1	0	0	0	0	0	0	0	1	0	0	8.099738
449	0	0	0	0	3	0	0	0	1	0	0	0	0	0	0	1	0	0	0	0	0	1	6	0.0254	36	0.0006452	0	0	0	0	0	0	0	0	1	0	0	0	0	0	1	0	0	0	8.099738
449	0	1	0	0	0	1	0	0	1	0	0	1	0	0	0	1	0	0	0	0	0	0	8	0.1524	64	0.0232258	0	0	0	0	0	0	0	0	0	1	0	0	0	0	0	0	0	0	8.099738
449	1	0	0	1	1	0	0	1	0	0	0	1	0	0	0	0	0	0	1	0	0	0	8	0	64	0	0	0	0	1.7272	0	0	0	1	0	0	0	0	0	0	0	1	0	0	7.95042
449	0	0	0	0	1	0	0	0	0	0	0	0	0	0	0	0	0	0	1	0	0	0	4	0.1778001	16	0.0316129	0	0	0	0	0	0	0	1	0	0	0	0	0	0	0	1	0	0	8.099738
449	0	1	0	0	1	0	0	0	1	1	0	0	0	0	0	1	0	0	0	0	0	0	7	0.1143	49	0.0130645	0	0	0	0	0	0	0	0	0	1	1	0	0	0	0	0	0	0	8.099738
449	0	1	0	0	1	0	0	0	1	0	0	1	0	0	0	1	0	0	0	0	0	0	4	0.1778001	16	0.0316129	0	0	0	0	0	0	0	0	0	1	1	0	0	0	0	0	0	0	7.95042
449	1	0	0	0	1	0	0	1	0	0	0	0	0	0	0	0	0	0	1	0	0	0	6	0.1016001	36	0.0103226	0	0	0	0	0	0	0	1	0	0	0	0	0	0	0	1	0	0	8.099738
453	0	0	1	0	2	0	0	1	0	0	0	0	0	0	0	0	0	0	0	0	0	1	0	0	0	0	0	28	1.6256	0	0	0	0	0	1	0	1	0	0	0	0	0	0	0	8.673765
453	0	1	0	0	1	0	0	0	1	0	0	0	0	0	0	1	0	0	0	0	0	0	4	0	16	0	0	0	1.5748	0	0	0	0	0	0	1	0	0	0	0	0	0	0	0	8.673765
453	0	1	0	0	1	0	0	0	1	0	0	0	0	0	0	1	0	0	0	0	0	0	5	0	25	0	0	0	1.5748	0	0	0	0	0	0	1	0	0	0	0	0	0	0	0	8.099738
453	0	1	0	0	4	0	0	0	1	0	0	1	0	0	0	1	0	0	0	0	0	0	6	0	36	0	0	0	1.524	0	0	0	0	0	0	1	1	0	0	0	0	0	0	0	8.525649
453	0	0	0	0	1	0	0	0	0	1	0	0	0	0	0	0	0	0	0	0	-2	0	6	0	36	0	0	0	1.5748	0	0	0	0	0	-2	0	1	0	0	1	0	0	0	0	8.525649
453	1	0	0	0	4	0	0	0	0	0	0	1	0	0	0	0	0	0	0	0	-2	0	6	0	36	0	0	0	1.6002	0	0	0	0	0	-2	0	1	0	0	1	0	0	0	0	8.099738
453	0	0	0	0	3	0	0	0	0	0	0	0	0	0	0	0	0	0	1	0	0	0	7	0	49	0	0	0	1.524	0	0	0	0	1	0	0	0	1	0	0	0	0	0	0	8.099738
453	1	0	0	0	1	0	0	1	0	1	0	0	0	0	0	0	0	0	1	0	0	0	4	0	16	0	0	0	1.524	0	0	0	0	1	0	0	0	1	0	0	0	0	0	0	8.744252
453	0	0	0	0	1	0	0	1	0	0	0	0	0	0	0	0	0	0	1	0	0	0	6	0	36	0	0	0	1.5748	0	0	0	0	1	0	0	1	1	0	0	0	0	0	0	8.099738
453	1	0	0	0	3	0	0	0	0	0	0	0	0	0	0	0	0	0	1	0	0	0	5	0	25	0	0	0	1.6256	0	0	0	0	1	0	0	1	1	0	0	0	0	0	0	8.673765
453	1	0	0	0	1	0	0	0	0	0	0	1	0	0	0	0	0	0	0	0	-2	0	10	0	100	0	0	0	1.5748	0	0	0	0	0	-2	0	1	0	0	1	0	0	0	0	8.099738
453	0	0	0	0	1	0	0	1	0	0	0	1	0	0	0	0	0	0	1	0	0	0	7	0	49	0	0	0	1.6256	0	0	0	0	1	0	0	0	1	0	0	0	0	0	0	8.099738
453	1	0	0	0	1	0	0	0	0	0	0	1	0	0	0	0	0	0	0	0	-2	0	5	0	25	0	0	0	1.5748	0	0	0	0	0	-2	0	1	0	0	1	0	0	0	0	8.744252
453	0	1	0	0	1	0	0	0	1	1	0	0	0	0	0	1	0	0	0	0	0	0	5	0	25	0	0	0	1.524	0	0	0	0	0	0	1	1	0	0	0	0	0	0	0	8.612476
453	0	1	0	0	3	0	0	1	0	0	0	0	0	0	0	0	0	0	0	0	0	0	7	0	49	0	0	0	1.6002	0	0	0	0	0	0	1	0	0	0	0	0	0	0	0	8.673765
455	0	0	0	0	1	0	0	0	0	1	0	0	0	0	0	0	0	0	0	0	0	0	5	0.1396999	25	0.0195161	0	0	0	0	0	0	0	0	0	0	1	0	0	0	1	0	0	0	8.543419
455	0	0	0	0	1	0	0	0	0	1	0	0	0	0	0	0	0	0	0	0	0	0	3	0.1777999	9	0.0316128	0	0	0	0	0	0	0	0	0	0	1	0	0	1	0	0	0	0	8.744252
455	0	0	0	0	1	0	0	0	0	1	0	0	0	0	0	0	0	0	0	0	0	0	3	0.1523999	9	0.0232257	0	0	0	0	0	0	0	0	0	0	1	0	0	0	0	0	1	0	9.104201
455	0	0	0	0	1	0	0	0	1	1	0	0	0	0	0	1	0	0	0	0	0	0	3	0.1523999	9	0.0232257	0	0	0	0	0	0	0	0	0	0	0	0	1	0	0	0	0	0	8.612476
455	1	0	0	0	1	0	0	0	0	0	0	1	0	0	0	0	0	0	0	0	0	0	6	0.1523999	36	0.0232257	0	0	0	0	0	0	0	0	0	0	1	0	0	0	1	0	0	0	8.744252
455	1	1	0	0	1	0	0	1	0	0	0	1	1	0	0	0	0	0	0	0	0	0	4	0.2285999	16	0.0522579	0	0	0	0	0	0	0	0	0	1	0	0	0	0	0	0	0	0	9.104201
455	0	0	0	0	0	1	0	1	0	1	0	0	0	0	0	0	0	0	0	0	0	0	7	0.2032	49	0.0412902	0	0	0	0	0	0	0	0	0	0	1	0	0	0	0	1	0	0	8.099738
455	1	1	0	0	1	0	0	1	0	1	0	0	1	0	0	0	0	0	0	0	0	0	5	0.1777999	25	0.0316128	0	0	0	0	0	0	0	0	0	1	0	0	0	0	0	0	0	0	8.395303
455	0	0	0	0	3	0	0	0	1	0	0	0	0	0	0	1	0	0	0	0	0	0	7	0.0508	49	0.0025806	0	0	0	0	0	0	0	0	0	0	0	0	0	0	1	0	0	0	8.099738
455	0	0	0	0	1	0	0	0	0	0	0	0	0	0	0	0	0	0	0	0	0	0	7	0.2285999	49	0.0522579	0	0	0	0	0	0	0	0	0	0	0	0	0	0	0	0	0	0	8.673765
455	0	0	0	0	1	0	0	0	1	0	0	1	0	0	0	1	0	0	0	0	0	0	4	0.2285999	16	0.0522579	0	0	0	0	0	0	0	0	0	0	0	0	0	0	1	0	0	0	8.673765
455	0	0	0	0	1	0	0	0	1	0	0	1	0	0	0	1	0	0	0	0	0	0	9	0.1523999	81	0.0232257	0	0	0	0	0	0	0	0	0	0	0	0	0	0	0	1	0	0	8.099738
455	1	0	0	0	1	0	0	0	0	0	0	1	0	0	0	0	0	0	0	0	0	0	5	0.1523999	25	0.0232257	0	0	0	0	0	0	0	0	0	0	0	0	0	0	0	1	0	0	8.543419
455	1	0	0	0	1	0	0	0	0	0	0	1	0	0	0	0	0	0	0	0	0	0	6	0.127	36	0.016129	0	0	0	0	0	0	0	0	0	0	1	0	0	0	1	0	0	0	8.744252
461	1	1	0	0	0	1	0	0	1	0	0	1	0	1	0	0	0	0	0	0	0	0	7	0	49	0	0	0	0	0	0	0	0	0	0	0	0	0	0	0	0	0	0	0	8.673765
461	1	0	0	0	1	0	0	1	0	0	0	1	0	1	0	0	0	0	1	1	0	0	8	0.0381	64	0.0014516	0	0	0	0	0	0	0	0	0	0	0	0	0	0	0	0	0	0	9.113841
461	1	1	0	0	1	0	1	0	0	0	0	1	0	0	0	0	0	0	0	0	0	0	5	0.0508	25	0.0025806	0	0	0	0	0	0	0	0	0	0	0	0	0	0	0	0	0	0	9.104201
461	1	1	0	0	1	0	1	0	1	1	0	0	0	0	0	0	0	0	0	0	0	0	7	-0.0254	49	0.0006452	0	0	0	0	0	0	0	0	0	0	0	0	0	0	0	0	0	0	8.744252
461	1	0	0	0	0	1	0	1	0	0	0	1	0	0	0	0	0	0	1	1	0	0	4	0.1015999	16	0.0103225	0	0	0	0	0	0	0	0	0	0	1	0	0	0	0	0	0	0	8.673765
462	0	0	0	1	1	0	0	0	0	0	0	1	0	0	0	0	0	0	0	0	0	2	6	0	36	0	0	0	0	1.6764	0	0	0	0	0	0	1	0	0	1	0	0	0	0	8.099738
462	0	0	0	0	1	0	0	1	0	0	0	0	0	0	0	0	0	0	0	1	0	2	4	0.1015999	16	0.0103225	0	0	0	0	0	0	0	0	0	0	0	0	0	1	0	0	0	0	8.744252
462	0	1	0	0	1	0	0	0	1	0	0	0	0	0	0	0	0	0	0	0	0	0	3	0.1523999	9	0.0232257	0	0	0	0	0	0	0	0	0	0	1	0	0	0	0	0	0	0	8.744252
462	0	0	0	0	1	0	0	1	0	1	1	0	0	0	0	0	0	0	0	1	0	1	2	0.1015999	4	0.0103225	0	0	0	0	0	0	0	0	0	0	1	0	0	0	1	0	0	0	8.543419
462	0	0	0	0	1	0	0	0	1	1	0	0	0	0	0	0	0	0	0	0	0	1	2	0.1523999	4	0.0232257	0	0	0	0	0	0	0	0	0	0	0	0	0	0	1	0	0	0	8.744252
462	0	0	0	0	1	0	0	1	0	1	0	0	0	0	0	0	0	0	0	1	0	1	1	0.1015999	1	0.0103225	0	0	0	0	0	0	0	0	0	0	1	0	0	0	1	0	0	0	8.673765
462	0	0	0	0	2	0	0	1	0	1	1	0	0	0	0	0	0	0	0	1	0	1	1	0.0761999	1	0.0058064	0	0	0	0	0	0	0	0	0	0	1	0	0	0	1	0	0	0	8.099738
462	1	0	0	0	1	0	0	1	0	1	0	0	0	0	0	0	0	0	1	1	0	0	5	0.1523999	25	0.0232257	0	0	0	0	0	0	0	0	0	0	0	0	0	0	0	1	0	0	8.744252
462	1	0	0	0	1	0	0	0	0	1	1	0	0	0	0	0	0	0	0	0	0	1	1	0.1015999	1	0.0103225	0	0	0	0	0	0	0	0	0	0	1	0	0	0	1	0	0	0	8.744252
462	1	1	0	0	1	0	0	0	0	1	1	0	0	0	0	0	0	0	0	0	0	0	4	0.1015999	16	0.0103225	0	0	0	0	0	0	0	0	0	0	1	0	0	0	0	0	0	0	8.673765
462	0	0	0	0	2	0	0	1	0	0	0	0	0	0	0	0	0	0	1	1	0	0	0	0.0761999	0	0.0058064	0	0	0	0	0	0	0	0	0	0	1	0	0	0	0	1	0	0	8.744252
462	0	0	0	0	1	0	0	1	0	0	0	0	0	0	0	0	0	0	0	1	0	0	1	0.0761999	1	0.0058064	0	0	0	0	0	0	0	0	0	0	1	0	0	0	0	1	0	0	8.673765
462	1	0	0	1	1	0	0	0	0	1	0	0	0	0	0	0	0	0	0	0	0	1	3	0	9	0	0	0	0	1.6764	0	0	0	0	0	0	1	0	0	0	1	0	0	0	8.099738
462	0	0	0	0	1	0	0	1	0	1	0	0	0	0	0	0	0	0	0	1	0	2	2	0.0761999	4	0.0058064	0	0	0	0	0	0	0	0	0	0	0	0	0	1	0	0	0	0	8.525649
462	1	0	0	0	2	0	0	1	0	0	0	0	0	0	0	0	0	0	0	1	0	1	2	0.1015999	4	0.0103225	0	0	0	0	0	0	0	0	0	0	1	0	0	0	1	0	0	0	8.525649
463	0	0	0	0	1	0	0	0	1	0	0	0	0	0	0	0	0	0	1	0	0	0	6	0.1524	36	0.0232258	0	0	0	0	0	0	0	0	0	0	1	0	0	0	0	0	0	0	8.673765
463	0	0	0	0	1	0	0	0	0	0	0	0	0	0	0	0	0	0	1	0	0	0	4	0.2286	16	0.052258	0	0	0	0	0	0	0	0	0	0	1	0	0	0	0	0	0	0	8.543419
463	0	1	0	0	1	0	0	1	0	0	0	1	0	0	0	0	0	0	0	1	0	0	9	0.1777999	81	0.0316128	0	0	0	0	0	0	0	0	0	0	0	0	0	0	0	0	0	0	8.673765
463	0	0	0	0	1	0	0	0	0	0	0	0	0	0	0	0	0	0	1	0	0	0	5	0.2032	25	0.0412902	0	0	0	0	0	0	0	0	0	0	1	0	0	0	0	0	0	0	8.543419
463	0	0	0	1	1	0	0	1	0	0	0	0	0	0	0	0	0	0	0	1	-4	0	7	0	49	0	0	0	0	1.778	0	0	0	0	0	0	0	0	0	0	1	0	0	0	9.013688
463	1	0	1	1	0	1	0	1	0	0	0	0	0	0	0	0	0	0	1	1	0	0	0	0	0	0	0	32	0	1.778	0	0	0	0	0	0	1	0	0	0	0	0	0	0	9.634239
463	0	1	0	0	1	0	0	1	0	0	0	0	0	0	0	0	0	0	0	1	0	0	6	0.1143	36	0.0130645	0	0	0	0	0	0	0	0	0	0	0	0	0	0	0	0	0	0	8.744252
463	1	0	0	0	1	0	0	0	0	0	0	1	0	0	0	0	0	0	1	0	0	0	8	0.2032	64	0.0412902	0	0	0	0	0	0	0	0	0	0	1	0	0	0	0	0	0	0	8.673765
463	0	1	0	0	1	0	0	1	0	0	0	1	0	0	0	0	0	0	0	1	0	0	3	0.2286	9	0.052258	0	0	0	0	0	0	0	0	0	0	1	0	0	0	0	0	0	0	8.744252
463	1	0	0	0	1	0	0	1	0	1	0	0	0	0	0	0	0	0	1	1	0	0	3	0.1777999	9	0.0316128	0	0	0	0	0	0	0	0	0	0	1	0	0	0	0	0	0	0	8.543419
463	0	1	0	0	1	0	0	0	1	1	0	0	0	0	0	0	0	0	0	0	0	0	3	0.127	9	0.016129	0	0	0	0	0	0	0	0	0	0	1	0	0	0	0	0	0	0	8.744252
463	0	0	0	0	1	0	0	1	0	0	0	1	0	0	0	0	0	0	1	1	0	0	5	0.127	25	0.016129	0	0	0	0	0	0	0	0	0	0	0	0	0	0	0	0	0	0	8.543419
463	1	0	0	0	1	0	0	0	0	0	0	0	0	0	0	0	0	0	1	0	0	0	2	0.1524	4	0.0232258	0	0	0	0	0	0	0	0	0	0	1	0	0	0	0	0	0	0	8.525649
463	1	0	0	0	0	1	0	0	1	0	0	1	0	0	0	0	0	0	1	0	0	0	1	0.127	1	0.016129	0	0	0	0	0	0	0	0	0	0	0	0	0	0	0	0	0	0	9.514612
463	0	1	0	0	1	0	0	1	0	0	0	1	0	0	0	0	0	0	0	1	0	0	4	0.1524	16	0.0232258	0	0	0	0	0	0	0	0	0	0	0	0	0	0	0	0	0	0	8.543419
464	0	0	0	0	1	0	0	0	0	0	0	0	0	0	0	0	0	0	0	1	0	1	5	0.127	25	0.016129	0	0	0	0	0	0	0	0	0	0	0	0	0	0	1	0	0	0	9.174689
464	1	0	0	0	1	0	0	1	0	0	0	0	0	0	0	0	0	0	0	0	0	0	6	0.0762	36	0.0058064	0	0	0	0	0	0	0	0	0	0	0	0	0	0	0	1	0	0	8.911333
464	0	0	0	0	1	0	0	0	0	0	0	1	0	1	0	0	0	0	0	1	0	2	6	0.0508	36	0.0025806	0	0	0	0	0	0	0	0	0	0	1	0	0	1	0	0	0	0	8.099738
464	0	1	0	0	1	0	0	1	0	0	0	1	0	0	0	0	0	0	0	0	0	0	5	0.0508	25	0.0025806	0	0	0	0	0	0	0	0	0	0	0	0	0	0	0	0	0	0	8.099738
464	0	1	0	0	1	0	0	0	1	0	0	1	0	0	0	0	0	0	0	0	0	0	10	0.1016001	100	0.0103226	0	0	0	0	0	0	0	0	0	0	0	0	0	0	0	0	0	0	8.673765
464	0	0	0	0	1	0	0	1	0	1	0	0	0	1	0	0	0	0	0	0	0	2	12	0	144	0	0	0	0	0	0	0	0	0	0	0	1	0	0	1	0	0	0	0	8.099738
464	1	0	0	0	2	0	0	1	0	0	0	0	0	0	0	0	0	0	1	0	0	0	12	0.0508	144	0.0025806	0	0	0	0	0	0	0	0	0	0	0	0	0	0	0	1	0	0	8.099738
464	0	0	0	0	1	0	0	0	1	0	0	0	0	1	0	0	0	0	0	0	0	0	8	0.0762	64	0.0058064	0	0	0	0	0	0	0	0	0	0	1	0	0	0	0	1	0	0	8.099738
464	1	0	0	0	1	0	0	1	0	0	0	1	0	0	0	0	0	0	1	0	0	0	6	0.0762	36	0.0058064	0	0	0	0	0	0	0	0	0	0	0	0	0	0	0	1	0	0	8.744252
464	0	0	0	0	4	0	0	1	0	0	0	1	0	0	0	0	0	0	0	0	0	0	8	0.1016001	64	0.0103226	0	0	0	0	0	0	0	0	0	0	0	0	0	0	0	1	0	0	8.099738
464	1	1	0	0	1	0	0	0	1	0	0	1	0	0	0	0	0	0	0	0	0	0	11	0.0762	121	0.0058064	0	0	0	0	0	0	0	0	0	0	0	0	0	0	0	0	0	0	8.099738
464	0	0	0	0	1	0	0	0	0	1	0	0	0	1	0	0	0	0	0	1	0	1	10	0.0254	100	0.0006452	0	0	0	0	0	0	0	0	0	0	1	0	0	0	1	0	0	0	8.099738
464	1	0	0	0	0	1	0	1	0	1	0	0	0	0	0	0	0	0	1	0	0	0	5	0.0254	25	0.0006452	0	0	0	0	0	0	0	0	0	0	0	0	0	0	0	1	0	0	8.673765
464	0	1	0	0	1	0	1	0	0	0	0	0	0	0	0	0	0	0	0	1	0	0	3	0.0254	9	0.0006452	0	0	0	0	0	0	0	0	0	0	0	0	0	0	0	0	0	0	8.099738
464	0	0	0	0	2	0	1	0	0	0	0	0	0	0	0	0	0	0	0	1	0	2	11	0.127	121	0.016129	0	0	0	0	0	0	0	0	0	0	0	0	0	1	0	0	0	0	8.099738
465	0	1	0	1	0	1	0	0	1	0	0	0	0	1	0	0	0	0	0	0	0	0	10	0	100	0	0	0	0	1.7272	0	0	0	0	0	0	1	0	0	0	0	0	0	0	9.203803
465	0	0	0	0	1	0	0	0	0	0	0	0	0	1	0	0	0	0	0	1	-3	0	4	0.1524	16	0.0232258	0	0	0	0	0	0	0	0	0	0	1	0	0	1	0	0	0	0	8.673765
465	1	0	0	0	1	0	0	0	0	0	0	0	0	0	0	0	0	0	1	1	0	0	4	0.1016001	16	0.0103226	0	0	0	0	0	0	0	0	0	0	0	0	0	0	0	0	0	0	8.099738
465	1	1	0	0	1	0	0	0	0	0	0	1	0	0	0	0	0	0	0	1	0	0	4	0.1524	16	0.0232258	0	0	0	0	0	0	0	0	0	0	0	0	0	0	0	0	0	0	8.099738
465	0	1	0	0	1	0	0	0	1	0	0	0	0	1	0	0	0	0	0	0	0	0	9	0.1524	81	0.0232258	0	0	0	0	0	0	0	0	0	0	1	0	0	0	0	0	0	0	8.099738
465	1	1	0	0	1	0	0	0	0	1	0	0	0	0	0	0	0	0	0	1	0	0	4	0.1524	16	0.0232258	0	0	0	0	0	0	0	0	0	0	0	0	0	0	0	0	0	0	8.673765
465	1	0	0	0	1	0	0	0	0	1	0	0	0	0	0	0	0	0	1	1	0	0	5	0.1524	25	0.0232258	0	0	0	0	0	0	0	0	0	0	0	0	0	0	0	0	0	0	8.099738
465	0	1	1	1	1	0	1	0	1	0	0	0	0	0	0	0	0	0	0	0	0	0	0	0	0	0	0	27	0	1.7272	0	0	0	0	0	0	0	0	0	0	0	0	0	0	9.203803
465	1	0	0	0	1	0	1	0	0	1	0	0	0	0	0	0	0	0	1	1	0	0	4	0.0889001	16	0.0079032	0	0	0	0	0	0	0	0	0	0	0	0	0	0	0	0	0	0	8.673765
465	0	1	0	0	1	0	0	0	0	0	0	0	0	0	0	0	0	0	0	1	0	0	4	0.127	16	0.016129	0	0	0	0	0	0	0	0	0	0	0	0	0	0	0	0	0	0	8.099738
465	0	1	1	1	1	0	1	0	1	1	0	0	0	0	0	0	0	0	0	0	0	0	0	0	0	0	0	27	0	1.7272	0	0	0	0	0	0	0	0	0	0	0	0	0	0	7.95042
465	0	1	0	0	0	1	1	1	0	0	0	1	0	0	0	0	0	0	0	0	0	0	3	0.1524	9	0.0232258	0	0	0	0	0	0	0	0	0	0	0	0	0	0	0	0	0	0	8.099738
465	0	1	0	0	3	0	1	0	1	0	0	1	0	0	0	0	0	0	0	0	0	0	6	0.1524	36	0.0232258	0	0	0	0	0	0	0	0	0	0	0	0	0	0	0	0	0	0	8.099738
465	0	1	0	0	1	0	0	0	1	0	0	0	0	1	0	0	0	0	0	0	0	0	6	0.1524	36	0.0232258	0	0	0	0	0	0	0	0	0	0	1	0	0	0	0	0	0	0	9.203803
465	0	0	0	0	1	0	0	1	0	0	0	1	0	1	0	0	0	0	1	0	0	0	9	0.127	81	0.016129	0	0	0	0	0	0	0	0	0	0	1	0	0	0	0	0	0	0	9.203803
474	0	1	0	0	1	0	0	1	0	0	0	1	0	0	0	0	0	0	0	0	0	0	0	0	0	0	32	0	1.6256	0	0	0	0	0	0	0	0	0	0	0	0	0	0	0	9.013688
474	0	0	0	0	1	0	0	0	1	0	0	0	0	0	0	1	0	0	1	0	0	0	0	0	0	0	32	0	1.6764	0	0	0	0	0	0	0	0	0	0	0	0	0	0	0	9.281463
474	0	0	0	0	3	0	0	0	1	0	0	1	0	0	0	1	0	0	0	0	-3	0	0	0	0	0	32	0	1.6002	0	0	0	0	0	0	0	1	0	0	1	0	0	0	0	8.543419
474	0	0	0	0	2	0	1	1	0	0	0	1	0	0	1	0	0	0	1	0	0	0	0	0	0	0	29	0	1.6256	0	0	0	0	0	0	0	0	0	0	0	0	0	0	0	8.099738
474	0	1	0	0	1	0	0	0	0	0	0	1	0	0	0	0	0	0	0	0	0	0	0	0	0	0	31	0	1.5748	0	0	0	0	0	0	0	0	0	0	0	0	0	0	0	8.973855
474	0	1	0	0	1	0	0	0	0	0	0	1	0	0	0	0	0	0	0	0	0	0	0	0	0	0	28	0	1.6764	0	0	0	0	0	0	0	1	0	0	0	0	0	0	0	8.973855
474	0	0	0	0	1	0	0	0	1	0	0	1	0	0	0	1	0	0	1	0	0	0	0	0	0	0	31	0	1.6764	0	0	0	0	0	0	0	1	0	0	0	0	0	0	0	8.936233
474	0	0	0	0	3	0	0	0	0	0	0	0	0	0	0	0	0	0	0	0	-3	0	0	0	0	0	30	0	1.524	0	0	0	0	0	0	0	1	0	0	1	0	0	0	0	8.525649
474	1	0	1	1	0	1	0	0	0	0	0	1	0	0	0	0	1	1	0	0	-3	0	0	0	0	0	0	0	0	0	0	0	0	0	0	0	1	0	0	1	0	0	0	0	7.95042
474	1	0	0	0	1	0	0	0	1	0	0	1	0	0	0	1	0	0	1	0	0	0	0	0	0	0	28	0	1.6002	0	0	0	0	0	0	0	1	0	0	0	0	0	0	0	9.514612
474	1	0	0	0	0	1	1	1	0	0	0	1	0	0	1	0	0	0	0	0	-3	0	0	0	0	0	28	0	1.5748	0	0	0	0	0	0	0	0	0	0	1	0	0	0	0	8.613906
474	0	0	0	0	1	0	0	0	1	1	0	0	0	0	0	1	0	0	1	0	0	0	0	0	0	0	28	0	1.6002	0	0	0	0	0	0	0	0	0	0	0	0	0	0	0	8.673765
474	1	1	0	1	0	1	1	0	1	0	0	1	0	0	1	1	0	1	0	0	0	0	0	0	0	0	27	0	0	0	0	0	0	0	0	0	0	0	0	0	0	0	0	0	8.973855
474	1	1	0	0	1	0	0	0	1	1	0	0	0	0	0	1	0	0	0	0	0	0	0	0	0	0	31	0	1.5748	0	0	0	0	0	0	0	0	0	0	0	0	0	0	0	8.543419
474	0	0	0	0	3	0	1	0	0	0	0	0	0	0	1	0	0	0	0	0	-3	0	0	0	0	0	30	0	1.5494	0	0	0	0	0	0	0	0	0	0	1	0	0	0	0	9.508718
475	0	1	0	1	1	0	0	0	1	0	0	0	0	0	0	0	0	1	0	0	0	0	6	0	36	0	0	0	0	0	0	0	0	0	0	0	0	0	0	0	0	0	0	0	8.673765
475	0	0	0	0	1	0	0	0	0	0	0	1	0	0	0	0	0	0	1	0	0	0	7	0	49	0	0	0	1.524	0	0	0	0	0	0	0	1	0	0	0	0	0	0	0	8.099738
475	1	0	0	0	1	0	0	1	0	0	0	1	0	0	0	0	0	0	1	1	0	0	6	0	36	0	0	0	1.5494	0	0	0	0	0	0	0	0	0	0	0	0	0	0	0	8.673765
475	0	0	0	0	0	1	0	1	0	1	0	0	0	0	0	0	0	0	1	1	0	0	6	0	36	0	0	0	1.6002	0	0	0	0	0	0	0	0	0	0	0	0	0	0	0	8.673765
475	0	0	0	0	1	0	0	0	1	0	0	0	0	0	0	0	0	0	1	0	0	0	2	0	4	0	0	0	1.6002	0	0	0	0	0	0	0	0	0	0	0	0	0	0	0	8.613906
475	0	0	0	0	3	0	0	1	0	0	0	1	0	0	0	0	0	0	1	1	0	0	3	0	9	0	0	0	1.651	0	0	0	0	0	0	0	1	0	0	0	0	0	0	0	8.673765
475	0	1	0	0	1	0	0	0	0	1	0	0	0	0	0	0	0	0	0	0	0	0	2	0	4	0	0	0	1.5748	0	0	0	0	0	0	0	0	0	0	0	0	0	0	0	8.673765
475	0	1	0	0	3	0	0	0	0	1	0	0	0	0	0	0	0	0	0	0	0	0	8	0	64	0	0	0	1.651	0	0	0	0	0	0	0	1	0	0	0	0	0	0	0	8.099738
475	1	1	0	0	0	1	1	1	0	0	0	1	0	0	1	0	0	0	0	1	0	0	6	0	36	0	0	0	1.5748	0	0	0	0	0	0	0	0	0	0	0	0	0	0	0	8.989017
475	0	0	0	0	3	0	0	1	0	0	0	0	0	0	0	0	0	0	1	1	0	0	4	0	16	0	0	0	1.5494	0	0	0	0	0	0	0	0	0	0	0	0	0	0	0	8.673765
475	0	1	0	0	1	0	0	0	1	1	0	0	0	0	0	0	0	0	0	0	0	0	2	0	4	0	0	0	1.524	0	0	0	0	0	0	0	0	0	0	0	0	0	0	0	8.543419
475	1	1	0	0	1	0	1	0	1	0	0	1	0	0	1	0	0	0	0	0	0	0	6	0	36	0	0	0	1.6256	0	0	0	0	0	0	0	0	0	0	0	0	0	0	0	8.673765
475	1	0	0	1	1	0	0	1	0	0	0	1	0	0	0	0	0	1	1	1	0	0	6	0	36	0	0	0	0	0	0	0	0	0	0	0	1	0	0	0	0	0	0	0	8.099738
475	1	0	0	0	1	0	0	1	0	0	0	0	0	0	0	0	0	0	1	1	0	0	5	0	25	0	0	0	1.5748	0	0	0	0	0	0	0	1	0	0	0	0	0	0	0	8.099738
475	0	1	0	0	1	0	0	1	0	0	0	0	0	0	0	0	0	0	0	1	0	0	4	0	16	0	0	0	1.6256	0	0	0	0	0	0	0	1	0	0	0	0	0	0	0	8.099738
476	1	0	0	0	1	0	0	0	0	1	0	0	0	0	0	0	0	0	1	1	0	0	10	0.1523999	100	0.0232257	0	0	0	0	0	0	0	0	0	0	0	0	0	0	1	0	0	0	8.543419
476	0	0	0	0	1	0	0	1	0	1	0	0	0	0	0	0	0	0	0	0	0	1	2	0.1777999	4	0.0316128	0	0	0	0	0	0	0	0	0	0	1	0	0	1	0	0	0	0	8.673765
476	1	1	0	0	1	0	0	0	1	0	0	1	0	0	0	0	0	0	0	0	0	0	8	0.0762	64	0.0058064	0	0	0	0	0	0	0	0	0	0	1	0	0	0	0	0	0	0	8.543419
476	0	0	0	0	1	0	0	0	0	0	0	1	0	0	0	0	0	0	1	1	0	0	6	0.1523999	36	0.0232257	0	0	0	0	0	0	0	0	0	0	1	0	0	0	1	0	0	0	8.099738
476	1	1	0	0	1	0	0	0	1	1	1	0	0	0	0	0	0	0	0	0	0	0	4	0.1777999	16	0.0316128	0	0	0	0	0	0	0	0	0	0	1	0	0	0	0	0	0	0	8.395303
476	0	0	0	0	1	0	0	0	0	1	0	0	0	0	0	0	0	0	1	1	0	0	9	0.1015999	81	0.0103225	0	0	0	0	0	0	0	0	0	0	1	0	0	0	1	0	0	0	8.673765
476	0	0	0	0	1	0	0	0	0	1	0	0	0	0	0	0	0	0	1	1	0	0	8	0.1523999	64	0.0232257	0	0	0	0	0	0	0	0	0	0	1	0	0	0	1	0	0	0	8.673765
476	1	0	0	0	3	0	0	0	0	0	0	1	0	0	0	0	0	0	1	1	0	0	10	0.2285999	100	0.0522579	0	0	0	0	0	0	0	0	0	0	0	0	0	0	1	0	0	0	8.673765
476	0	1	0	0	2	0	0	0	0	0	0	0	0	0	0	0	0	0	0	1	0	0	10	0.2032	100	0.0412902	0	0	0	0	0	0	0	0	0	0	1	0	0	0	0	0	0	0	9.104201
476	0	0	0	0	1	0	0	0	0	1	1	0	0	0	0	0	0	0	1	1	0	0	5	0.1777999	25	0.0316128	0	0	0	0	0	0	0	0	0	0	1	0	0	0	1	0	0	0	8.673765
476	1	0	0	0	2	0	0	0	0	1	0	0	0	0	0	0	0	0	1	1	0	0	5	0.1523999	25	0.0232257	0	0	0	0	0	0	0	0	0	0	1	0	0	0	1	0	0	0	8.673765
476	0	0	0	0	1	0	1	0	0	1	0	0	0	0	1	0	0	0	1	1	0	0	8	0.1523999	64	0.0232257	0	0	0	0	0	0	0	0	0	0	0	0	0	0	1	0	0	0	8.673765
476	0	1	0	0	1	0	0	0	1	0	0	1	0	0	0	0	0	0	0	0	0	0	6	0.127	36	0.016129	0	0	0	0	0	0	0	0	0	0	1	0	0	0	0	0	0	0	9.104201
476	0	0	0	0	4	0	0	0	0	0	0	0	0	0	0	0	0	0	1	1	0	0	6	0.0508	36	0.0025806	0	0	0	0	0	0	0	0	0	0	1	0	0	0	1	0	0	0	8.525649
476	0	0	0	0	1	0	0	0	0	0	0	1	0	0	0	0	0	0	0	1	0	0	5	0.1523999	25	0.0232257	0	0	0	0	0	0	0	0	0	0	1	0	0	0	1	0	0	0	9.075186
477	0	1	0	0	2	0	1	0	0	0	0	1	0	0	1	0	0	0	0	1	0	0	0	0	0	0	22	0	1.6256	0	0	0	1	0	0	0	0	0	0	0	0	0	0	0	9.104201
477	0	0	0	0	1	0	1	0	0	1	0	0	0	0	1	0	0	0	1	1	0	0	0	0	0	0	24	0	1.5748	0	1	0	0	0	0	0	0	0	0	1	0	0	0	0	8.673765
477	0	0	0	0	1	0	1	0	0	0	0	0	0	0	1	0	0	0	1	1	0	0	0	0	0	0	21	0	1.6256	0	1	0	0	0	0	0	0	0	0	1	0	0	0	0	8.099738
477	1	1	0	0	1	0	0	0	0	0	0	1	0	0	0	0	0	0	0	1	0	0	0	0	0	0	23	0	1.6002	0	0	0	1	0	0	0	0	0	0	0	0	0	0	0	8.099738
477	1	0	0	0	1	0	1	0	0	0	0	1	0	0	1	0	0	0	1	1	0	0	0	0	0	0	24	0	1.6256	0	1	0	0	0	0	0	0	0	0	1	0	0	0	0	8.673765
477	1	1	0	0	1	0	0	0	1	0	0	0	0	0	0	0	0	0	0	0	0	0	0	0	0	0	23	0	1.5494	0	0	0	1	0	0	0	0	0	0	0	0	0	0	0	8.744252
477	0	0	0	0	1	0	0	0	0	1	0	0	0	0	0	0	0	0	1	1	0	0	0	0	0	0	24	0	1.6002	0	1	0	0	0	0	0	0	0	0	1	0	0	0	0	8.673765
477	0	0	0	0	2	0	0	0	0	1	0	0	0	0	0	0	0	0	1	1	0	0	0	0	0	0	23	0	1.5494	0	1	0	0	0	0	0	1	0	0	1	0	0	0	0	8.744252
477	0	1	0	0	3	0	0	0	0	0	0	1	0	0	0	0	0	0	0	1	0	0	0	0	0	0	23	0	1.5748	0	0	0	1	0	0	0	0	0	0	0	0	0	0	0	9.203803
477	0	1	0	0	1	0	1	0	1	0	0	0	0	0	1	0	0	0	0	0	0	0	0	0	0	0	24	0	1.524	0	0	0	1	0	0	0	0	0	0	0	0	0	0	0	8.673765
477	0	1	0	0	2	0	1	0	0	0	0	0	0	0	1	0	0	0	0	1	0	0	0	0	0	0	24	0	1.5748	0	0	0	1	0	0	0	0	0	0	0	0	0	0	0	8.673765
477	0	0	0	0	4	0	1	0	0	0	0	0	0	0	1	0	0	0	1	1	0	0	0	0	0	0	25	0	1.5494	0	1	0	0	0	0	0	0	0	0	1	0	0	0	0	9.104201
477	1	0	0	0	1	0	1	0	0	0	0	0	0	0	1	0	0	0	1	1	0	0	0	0	0	0	23	0	1.5875	0	1	0	0	0	0	0	0	0	0	1	0	0	0	0	8.744252
477	1	0	0	0	1	0	0	0	0	0	0	1	0	0	0	0	0	0	1	1	0	0	0	0	0	0	22	0	1.524	0	1	0	0	0	0	0	1	0	0	1	0	0	0	0	7.95042
477	0	0	0	0	1	0	0	0	0	0	0	1	0	0	0	0	0	0	1	1	0	0	0	0	0	0	23	0	1.5748	0	1	0	0	0	0	0	1	0	0	1	0	0	0	0	8.673765
484	1	0	0	0	1	0	0	1	0	1	0	0	0	0	0	0	0	0	0	1	0	3	-2	0.1651	4	0.027258	0	0	0	0	0	0	0	0	3	0	0	0	1	0	0	0	0	0	7.781098
485	0	0	0	0	1	0	0	1	0	1	0	0	0	0	0	0	0	0	1	0	0	0	6	0.1524	36	0.0232258	0	0	0	0	0	0	0	1	0	0	0	0	0	0	1	0	0	0	8.099738
485	1	0	0	0	1	0	0	1	0	0	0	1	0	0	0	0	0	0	1	0	0	0	9	0.2539999	81	0.064516	0	0	0	0	0	0	0	1	0	0	0	0	0	0	1	0	0	0	8.099738
485	0	0	0	0	1	0	0	0	1	0	0	1	0	0	0	1	0	0	0	0	0	1	8	0.2285999	64	0.0522579	0	0	0	0	0	0	0	0	1	0	0	0	0	1	0	0	0	0	8.673765
485	0	0	0	0	1	0	1	0	1	0	0	1	0	0	1	1	0	0	1	0	0	0	6	0.2032	36	0.0412902	0	0	0	0	0	0	0	1	0	0	0	0	0	0	1	0	0	0	8.673765
485	0	0	0	0	1	0	0	0	0	0	0	1	0	0	0	0	0	0	0	0	0	0	5	0.2413	25	0.0582257	0	0	0	0	0	0	0	0	0	0	0	0	0	0	1	0	0	0	8.673765
485	1	0	0	0	1	0	0	0	1	1	0	0	0	0	0	1	0	0	1	0	0	0	3	0.1651	9	0.027258	0	0	0	0	0	0	0	1	0	0	0	0	0	0	1	0	0	0	9.013688
485	1	0	0	0	0	1	0	1	0	0	0	1	0	0	0	0	0	0	1	0	0	0	4	0.2032	16	0.0412902	0	0	0	0	0	0	0	1	0	0	1	0	0	0	1	0	0	0	8.525649
485	0	0	0	0	0	1	0	1	0	1	0	0	0	0	0	0	0	0	0	0	0	0	8	0.2539999	64	0.064516	0	0	0	0	0	0	0	0	0	0	0	0	0	0	1	0	0	0	8.612476
485	0	0	0	0	1	0	0	0	0	1	0	0	0	0	0	0	0	0	0	0	0	0	8	0.2794	64	0.0780644	0	0	0	0	0	0	0	0	0	0	0	0	0	0	1	0	0	0	8.525649
485	0	0	0	0	2	0	0	1	0	0	0	0	0	0	0	0	0	0	0	0	0	1	8	0.2032	64	0.0412902	0	0	0	0	0	0	0	0	1	0	1	0	0	1	0	0	0	0	8.099738
485	1	0	0	0	1	0	0	1	0	0	0	1	0	0	0	0	0	0	1	0	0	0	4	0.2032	16	0.0412902	0	0	0	0	0	0	0	1	0	0	0	0	0	0	1	0	0	0	8.744252
485	0	0	0	0	2	0	0	1	0	0	0	0	0	0	0	0	0	0	0	0	0	1	4	0.2032	16	0.0412902	0	0	0	0	0	0	0	0	1	0	0	0	0	1	0	0	0	0	8.543419
485	0	0	0	0	1	0	0	0	1	0	0	0	0	0	0	1	0	0	0	0	0	4	3	0.2285999	9	0.0522579	0	0	0	0	0	0	0	0	4	0	0	0	0	0	0	0	0	0	8.673765
485	1	0	0	0	1	0	0	0	0	1	0	0	0	0	0	0	0	0	0	0	0	1	7	0.3047999	49	0.092903	0	0	0	0	0	0	0	0	1	0	0	0	0	1	0	0	0	0	8.673765
485	0	0	0	0	1	0	0	1	0	1	0	0	0	0	0	0	0	0	0	0	0	0	6	0.2285999	36	0.0522579	0	0	0	0	0	0	0	0	0	0	1	0	0	0	1	0	0	0	8.673765
489	0	1	0	1	2	0	1	1	0	0	0	1	0	0	1	0	0	0	0	1	0	0	10	0	100	0	0	0	0	1.5748	0	0	1	0	0	0	0	0	0	0	0	0	0	0	8.673765
489	0	1	0	0	0	1	0	0	0	0	0	1	0	0	0	0	0	0	0	0	0	0	7	-0.0508	49	0.0025806	0	0	0	0	0	0	1	0	0	0	1	0	0	0	0	0	0	0	9.113841
489	1	0	0	0	1	0	0	1	0	0	0	0	0	0	0	0	0	0	1	1	0	0	8	-0.0127	64	0.0001613	0	0	0	0	1	0	0	0	0	0	1	0	0	0	0	0	0	0	8.525649
489	0	1	0	0	1	0	0	0	1	0	0	0	0	0	0	0	0	0	0	0	0	0	9	0.0508	81	0.0025806	0	0	0	0	0	0	1	0	0	0	1	0	0	0	0	0	0	0	8.543419
489	0	0	0	0	1	0	0	0	1	1	0	0	0	0	0	0	0	0	1	0	0	0	3	0	9	0	0	0	0	0	1	0	0	0	0	0	1	0	0	0	0	0	0	0	8.744252
489	1	1	0	0	2	0	0	1	0	0	0	0	0	0	0	0	0	0	0	1	0	0	7	0.0508	49	0.0025806	0	0	0	0	0	0	1	0	0	0	0	0	0	0	0	0	0	0	8.973855
489	0	0	0	0	1	0	0	1	0	1	1	0	0	0	0	0	0	0	1	1	0	0	10	-0.0254	100	0.0006452	0	0	0	0	1	0	0	0	0	0	1	0	0	0	0	0	0	0	8.612476
489	0	0	0	0	1	0	1	1	0	0	0	1	0	0	1	0	0	0	1	1	0	0	11	0	121	0	0	0	0	0	1	0	0	0	0	0	0	0	0	0	0	0	0	0	8.673765
489	1	1	0	0	1	0	0	1	0	0	0	1	0	0	0	0	0	0	0	1	0	0	6	0.0127	36	0.0001613	0	0	0	0	0	0	1	0	0	0	0	0	0	0	0	0	0	0	8.852798
489	0	0	0	0	1	0	0	1	0	1	1	0	0	0	0	0	0	0	1	1	0	0	8	-0.0254	64	0.0006452	0	0	0	0	1	0	0	0	0	0	1	0	0	0	0	0	0	0	8.673765
489	0	1	0	0	1	0	0	0	1	0	0	1	0	0	0	0	0	0	0	0	0	0	7	0	49	0	0	0	0	0	0	0	1	0	0	0	1	0	0	0	0	0	0	0	9.104201
489	0	0	0	1	0	1	0	1	0	0	0	0	0	0	0	0	0	0	1	1	0	0	5	0	25	0	0	0	0	1.5748	1	0	0	0	0	0	0	0	0	0	0	0	0	0	8.543419
489	1	1	0	0	1	0	0	0	1	0	0	1	0	0	0	0	0	0	0	0	0	0	9	0	81	0	0	0	0	0	0	0	1	0	0	0	1	0	0	0	0	0	0	0	8.673765
489	1	0	0	0	2	0	0	1	0	0	0	0	0	0	0	0	0	0	1	1	0	0	6	0	36	0	0	0	0	0	1	0	0	0	0	0	1	0	0	0	0	0	0	0	9.104201
489	0	1	0	0	1	0	0	1	0	0	0	0	0	0	0	0	0	0	0	1	0	0	8	0.0254	64	0.0006452	0	0	0	0	0	0	1	0	0	0	1	0	0	0	0	0	0	0	8.543419
490	0	1	0	0	3	0	1	0	0	0	0	1	0	0	1	0	0	0	0	1	0	0	2	0	4	0	0	0	0	0	0	0	0	0	0	0	0	0	0	0	0	0	0	0	8.612476
490	1	0	0	0	1	0	0	0	0	0	0	0	0	0	0	0	0	0	1	1	0	0	6	0.0762	36	0.0058064	0	0	0	0	0	0	0	0	0	0	0	0	0	0	0	0	1	0	8.612476
490	0	1	1	1	0	1	1	0	1	0	0	1	0	0	1	0	0	0	0	0	0	0	0	0	0	0	0	29	0	1.6256	0	0	0	0	0	0	0	0	0	0	0	0	0	0	7.95042
490	0	1	0	0	2	0	1	0	1	1	0	0	0	0	1	0	0	0	0	0	0	0	4	0.0762	16	0.0058064	0	0	0	0	0	0	0	0	0	0	0	0	0	0	0	0	0	0	8.673765
490	1	0	0	0	1	0	0	0	0	1	1	0	0	0	0	0	0	0	0	1	0	3	5	0.0508	25	0.0025806	0	0	0	0	0	0	0	0	0	0	1	0	0	1	0	0	0	0	8.099738
490	1	1	0	0	1	0	0	0	0	1	0	0	0	0	0	0	0	0	0	1	0	0	5	0.0762	25	0.0058064	0	0	0	0	0	0	0	0	0	0	1	0	0	0	0	0	0	0	8.099738
490	0	1	0	0	4	0	0	0	0	0	0	1	0	0	0	0	0	0	0	1	0	0	3	0.0762	9	0.0058064	0	0	0	0	0	0	0	0	0	0	0	0	0	0	0	0	0	0	9.104201
490	0	1	0	0	1	0	1	0	1	1	0	0	0	0	1	0	0	0	0	0	0	0	7	0.0762	49	0.0058064	0	0	0	0	0	0	0	0	0	0	0	0	0	0	0	0	0	0	8.673765
490	0	0	0	0	1	0	0	1	0	0	0	0	0	0	0	0	0	0	1	0	0	0	7	0.0762	49	0.0058064	0	0	0	0	0	0	0	0	0	0	0	0	0	0	0	0	1	0	8.099738
490	1	1	0	0	1	0	0	0	0	1	0	0	0	0	0	0	0	0	0	1	0	0	9	0.0508	81	0.0025806	0	0	0	0	0	0	0	0	0	0	0	0	0	0	0	0	0	0	8.099738
490	0	0	0	0	1	0	1	0	0	0	0	0	0	0	1	0	0	0	0	1	0	3	3	0.1015999	9	0.0103225	0	0	0	0	0	0	0	0	0	0	0	0	0	1	0	0	0	0	8.612476
490	0	1	0	0	1	0	1	0	1	1	0	0	0	0	1	0	0	0	0	0	0	0	1	0.0253999	1	0.0006452	0	0	0	0	0	0	0	0	0	0	0	0	0	0	0	0	0	0	9.841181
490	0	1	0	0	1	0	0	0	0	0	0	1	0	0	0	0	0	0	0	1	0	0	6	0.0253999	36	0.0006452	0	0	0	0	0	0	0	0	0	0	1	0	0	0	0	0	0	0	8.099738
490	1	1	0	0	1	0	0	0	0	0	0	0	0	0	0	0	0	0	0	1	0	0	4	0.0508	16	0.0025806	0	0	0	0	0	0	0	0	0	0	1	0	0	0	0	0	0	0	8.673765
490	0	1	0	0	1	0	1	1	0	0	0	1	0	0	1	0	0	0	0	0	0	0	8	0.0253999	64	0.0006452	0	0	0	0	0	0	0	0	0	0	0	0	0	0	0	0	0	0	8.099738
491	0	0	0	0	0	1	0	1	0	0	0	1	0	0	0	0	0	0	1	0	0	0	6	0.1523999	36	0.0232257	0	0	0	0	0	0	0	0	0	0	0	0	0	1	0	0	0	0	8.525649
491	0	0	0	0	3	0	1	0	0	0	0	1	0	0	0	0	0	0	1	0	0	0	5	0.2285999	25	0.0522579	0	0	0	0	0	0	0	0	0	0	0	0	0	1	0	0	0	0	9.104201
491	0	0	0	0	1	0	0	1	0	0	0	1	0	1	0	0	0	0	0	0	-1	0	3	0.1015999	9	0.0103225	0	0	0	0	0	0	0	0	0	0	1	0	0	0	1	0	0	0	8.613906
491	0	0	0	0	2	0	0	0	0	0	0	1	0	0	0	0	0	0	1	0	0	0	4	0.1396999	16	0.0195161	0	0	0	0	0	0	0	0	0	0	0	0	0	1	0	0	0	0	8.543419
491	0	0	0	0	1	0	0	0	1	0	0	0	0	1	0	1	0	0	1	0	0	0	5	0.2285999	25	0.0522579	0	0	0	0	0	0	0	0	0	0	1	0	0	1	0	0	0	0	8.673765
491	0	0	0	0	1	0	0	0	0	1	0	0	0	1	0	0	0	0	1	0	0	0	6	0.2032	36	0.0412902	0	0	0	0	0	0	0	0	0	0	1	0	0	1	0	0	0	0	8.744252
491	0	0	0	0	0	1	0	1	0	0	0	1	0	1	0	0	0	0	1	0	0	0	2	0.1523999	4	0.0232257	0	0	0	0	0	0	0	0	0	0	1	0	0	1	0	0	0	0	9.307331
491	0	0	0	0	1	0	0	0	0	1	1	0	0	0	0	0	0	0	1	0	0	0	3	0.1777999	9	0.0316128	0	0	0	0	0	0	0	0	0	0	0	0	0	1	0	0	0	0	8.543419
491	0	0	0	0	1	0	0	0	0	1	0	0	0	0	0	0	0	0	1	0	0	0	5	0.127	25	0.016129	0	0	0	0	0	0	0	0	0	0	0	0	0	1	0	0	0	0	8.543419
491	0	0	0	0	0	1	0	0	0	1	0	0	0	0	0	0	0	0	0	0	-1	0	4	0.127	16	0.016129	0	0	0	0	0	0	0	0	0	0	0	0	0	0	1	0	0	0	8.744252
492	1	0	0	0	2	0	1	0	0	0	0	1	0	0	1	0	0	0	0	1	0	0	2	0.0508001	4	0.0025806	0	0	0	0	0	0	0	0	0	0	0	0	0	0	1	0	0	0	8.973855
492	1	0	0	0	0	1	0	1	0	0	0	1	0	0	0	0	0	0	0	0	0	0	4	0.0254	16	0.0006452	0	0	0	0	0	0	0	0	0	0	1	0	0	0	1	0	0	0	7.95042
492	1	1	0	0	1	0	0	0	0	0	0	1	1	0	0	0	0	0	0	1	0	0	6	0.1016001	36	0.0103226	0	0	0	0	0	0	0	0	0	1	1	0	0	0	0	0	0	0	8.673765
492	1	0	0	0	1	0	0	1	0	1	0	0	0	0	0	0	0	0	0	0	0	0	3	0.0508001	9	0.0025806	0	0	0	0	0	0	0	0	0	0	1	0	0	0	1	0	0	0	8.543419
492	0	0	0	0	1	0	0	0	1	0	0	1	0	0	0	0	0	0	0	0	0	0	4	0	16	0	0	0	0	0	0	0	0	0	0	0	1	0	0	0	0	1	0	0	8.673765
492	0	0	0	0	2	0	0	0	0	0	0	0	0	0	0	0	0	0	0	1	0	0	3	0.0762	9	0.0058064	0	0	0	0	0	0	0	0	0	0	1	0	0	0	1	0	0	0	8.673765
492	0	0	0	0	1	0	0	0	0	1	0	0	0	0	0	0	0	0	0	1	0	0	3	0.0762	9	0.0058064	0	0	0	0	0	0	0	0	0	0	1	0	0	0	1	0	0	0	8.543419
492	0	0	0	0	2	0	0	1	0	0	0	0	0	0	0	0	0	0	0	0	0	0	3	0	9	0	0	0	0	0	0	0	0	0	0	0	1	0	0	0	0	1	0	0	9.113841
492	0	0	0	0	1	0	0	1	0	0	0	1	0	0	0	0	0	0	0	0	0	0	2	0.0254	4	0.0006452	0	0	0	0	0	0	0	0	0	0	1	0	0	1	0	0	0	0	8.395303
492	0	1	0	0	1	0	0	0	0	0	0	0	1	0	0	0	0	0	0	1	0	0	5	0.0254	25	0.0006452	0	0	0	0	0	0	0	0	0	1	0	0	0	0	0	0	0	0	8.613906
492	0	0	0	0	1	0	0	0	0	0	0	1	0	0	0	0	0	0	0	1	0	0	3	0.0508001	9	0.0025806	0	0	0	0	0	0	0	0	0	0	0	0	0	1	0	0	0	0	8.613906
492	0	0	0	0	1	0	0	1	0	1	0	0	0	0	0	0	0	0	0	0	0	0	2	0.0127001	4	0.0001613	0	0	0	0	0	0	0	0	0	0	1	0	0	0	1	0	0	0	8.613906
492	0	0	0	0	1	0	0	0	1	1	0	0	0	0	0	0	0	0	0	0	0	0	4	0.0762	16	0.0058064	0	0	0	0	0	0	0	0	0	0	0	0	0	0	1	0	0	0	8.744252
492	0	0	0	0	1	0	0	1	0	1	0	0	0	0	0	0	0	0	0	0	0	0	3	0.0254	9	0.0006452	0	0	0	0	0	0	0	0	0	0	1	0	0	0	1	0	0	0	8.744252
492	1	0	0	0	1	0	0	1	0	1	1	0	0	0	0	0	0	0	0	0	0	0	4	0.0254	16	0.0006452	0	0	0	0	0	0	0	0	0	0	1	0	0	0	1	0	0	0	8.543419
503	0	0	0	0	2	0	0	0	0	0	0	1	0	0	0	0	0	0	1	1	0	0	8	0.0508	64	0.0025806	0	0	0	0	0	0	0	1	0	0	1	0	0	0	0	0	0	0	8.982064
503	0	0	0	0	1	0	0	0	0	1	0	0	0	0	0	0	0	0	0	1	-3	0	6	0.1777999	36	0.0316128	0	0	0	0	0	0	0	0	-3	0	0	0	0	1	0	0	0	0	8.46303
503	0	0	0	0	1	0	0	1	0	1	0	0	0	0	0	0	0	0	0	0	-4	0	9	0.0762	81	0.0058064	0	0	0	0	0	0	0	0	-4	0	1	0	0	0	1	0	0	0	8.744252
503	0	0	0	0	1	0	0	1	0	1	0	0	0	0	0	0	0	0	1	0	0	0	6	0.1015999	36	0.0103225	0	0	0	0	0	0	0	1	0	0	1	0	0	0	0	0	0	0	9.289562
503	1	0	0	0	1	0	0	0	0	1	0	0	0	0	0	0	0	0	0	1	-3	0	7	0.0889	49	0.0079032	0	0	0	0	0	0	0	0	-3	0	1	0	0	1	0	0	0	0	8.973855
503	1	1	0	0	3	0	0	0	0	0	0	0	0	0	0	0	0	0	0	1	0	0	9	0.127	81	0.016129	0	0	0	0	0	0	0	0	0	1	1	0	0	0	0	0	0	0	8.973855
503	1	0	0	0	1	0	0	0	0	0	0	0	0	0	0	0	0	0	0	1	-1	0	20	0.0762	400	0.0058064	0	0	0	0	0	0	0	0	-1	0	1	1	0	0	0	0	0	0	8.612476
503	0	0	0	1	1	0	0	0	0	1	0	0	0	0	0	0	0	0	1	1	0	0	8	0	64	0	0	0	0	1.7018	0	0	0	1	0	0	0	0	0	0	0	0	0	0	8.673765
503	0	0	0	0	2	0	0	1	0	0	0	1	0	0	0	0	0	0	1	0	0	0	9	0.1143	81	0.0130645	0	0	0	0	0	0	0	1	0	0	1	0	0	0	0	0	0	0	9.437678
503	0	0	0	0	1	0	0	1	0	1	0	0	0	0	0	0	0	0	0	0	-3	0	6	0.1777999	36	0.0316128	0	0	0	0	0	0	0	0	-3	0	1	0	0	1	0	0	0	0	8.895238
503	0	1	0	0	3	0	0	0	1	0	0	0	0	0	0	0	0	0	0	0	0	0	5	0.0762	25	0.0058064	0	0	0	0	0	0	0	0	0	1	1	0	0	0	0	0	0	0	8.744252
503	0	0	0	0	1	0	0	1	0	0	0	0	0	0	0	0	0	0	1	0	0	0	8	0.127	64	0.016129	0	0	0	0	0	0	0	1	0	0	1	0	0	0	0	0	0	0	8.099738
503	1	0	0	0	2	0	0	1	0	0	0	0	0	0	0	0	0	0	1	0	0	0	6	0.1015999	36	0.0103225	0	0	0	0	0	0	0	1	0	0	0	0	0	0	0	0	0	0	8.744252
503	0	1	0	1	1	0	1	0	0	1	0	0	0	0	1	0	0	0	0	1	0	0	10	0	100	0	0	0	0	1.7018	0	0	0	0	0	1	0	0	0	0	0	0	0	0	9.501258
503	1	0	0	0	1	0	0	0	0	0	0	0	0	0	0	0	0	0	0	1	-3	0	6	0.1015999	36	0.0103225	0	0	0	0	0	0	0	0	-3	0	1	0	0	1	0	0	0	0	9.044342
504	0	0	0	0	1	0	1	0	1	0	0	0	0	0	0	0	0	0	1	0	0	0	2	0.2285999	4	0.0522579	0	0	0	0	0	0	0	0	0	0	0	0	0	0	0	0	0	0	8.744252
504	0	1	1	0	1	0	1	0	1	0	0	1	0	0	0	0	0	0	0	0	0	0	0	0.2285999	0	0.0522579	0	29	0	0	0	0	0	0	0	0	0	0	0	0	0	0	0	0	8.525649
504	1	0	0	0	1	0	1	0	1	0	0	1	0	0	0	0	0	0	1	0	0	0	5	0.2539999	25	0.064516	0	0	0	0	0	0	0	0	0	0	0	0	0	0	0	0	0	0	8.673765
504	1	0	0	0	1	0	0	0	0	1	0	0	0	0	0	0	0	0	1	0	0	0	4	0.2285999	16	0.0522579	0	0	0	0	0	0	0	0	0	0	1	0	0	0	0	0	0	0	8.673765
504	1	0	0	0	0	1	1	1	0	0	0	0	0	0	0	0	0	0	1	1	0	0	7	0.2032	49	0.0412902	0	0	0	0	0	0	0	0	0	0	0	0	0	0	0	0	0	0	8.099738
504	1	1	0	0	0	1	0	0	1	1	0	0	0	0	0	0	0	0	0	0	0	0	6	0.1524	36	0.0232258	0	0	0	0	0	0	0	0	0	0	0	0	0	0	0	0	0	0	8.612476
504	0	0	0	0	1	0	0	1	0	1	0	0	0	0	0	0	0	0	1	1	0	0	2	0.2539999	4	0.064516	0	0	0	0	0	0	0	0	0	0	0	0	0	0	0	0	0	0	8.673765
504	0	0	0	0	1	0	1	1	0	1	0	0	0	0	0	0	0	0	1	1	0	0	3	0.2032	9	0.0412902	0	0	0	0	0	0	0	0	0	0	0	0	0	0	0	0	0	0	8.744252
504	1	1	0	0	0	1	1	1	0	0	0	0	0	0	0	0	0	0	0	1	0	0	6	0.2285999	36	0.0522579	0	0	0	0	0	0	0	0	0	0	0	0	0	0	0	0	0	0	8.612476
504	0	0	0	0	1	0	1	0	0	1	1	0	0	0	0	0	0	0	1	0	0	0	11	0.2032	121	0.0412902	0	0	0	0	0	0	0	0	0	0	0	0	0	0	0	0	0	0	7.909623
504	0	1	1	1	0	1	1	0	1	1	0	0	0	0	0	0	0	0	0	0	0	0	0	0	0	0	0	29	0	1.8288	0	0	0	0	0	0	0	0	0	0	0	0	0	0	8.612476
504	0	0	0	0	1	0	1	0	0	0	0	1	0	0	0	0	0	0	1	0	0	0	5	0.2539999	25	0.064516	0	0	0	0	0	0	0	0	0	0	0	0	0	0	0	0	0	0	8.673765
504	0	0	0	0	1	0	0	0	1	0	0	0	0	0	0	0	0	0	1	0	0	0	4	0.2285999	16	0.0522579	0	0	0	0	0	0	0	0	0	0	0	0	0	0	0	0	0	0	8.744252
504	0	0	0	0	0	1	0	1	0	0	0	1	0	0	0	0	0	0	1	1	0	0	1	0.2285999	1	0.0522579	0	0	0	0	0	0	0	0	0	0	0	0	0	0	0	0	0	0	8.673765
504	0	0	1	0	1	0	1	0	0	1	0	0	0	0	0	0	0	0	1	0	0	0	0	0.2539999	0	0.064516	0	29	0	0	0	0	0	0	0	0	0	0	0	0	0	0	0	0	8.673765
505	0	0	0	0	0	1	0	1	0	1	0	0	0	0	0	0	0	0	1	0	0	0	5	0.127	25	0.016129	0	0	0	0	0	0	0	0	0	0	1	0	0	1	0	0	0	0	8.744252
505	1	0	0	0	4	0	0	0	0	0	0	0	0	0	0	0	0	0	1	1	0	0	6	0.0762	36	0.0058064	0	0	0	0	0	0	0	0	0	0	1	0	0	1	0	0	0	0	8.673765
505	1	0	0	0	2	0	0	0	0	0	0	1	0	0	0	0	0	0	1	1	0	0	5	0.0253999	25	0.0006452	0	0	0	0	0	0	0	0	0	0	0	0	0	1	0	0	0	0	8.673765
505	0	0	0	0	1	0	0	0	1	1	0	0	0	0	0	0	0	0	0	0	-2	0	6	0.0508	36	0.0025806	0	0	0	0	0	0	0	0	0	0	0	0	0	0	0	1	0	0	8.673765
505	0	0	0	0	1	0	0	0	0	1	0	0	0	0	0	0	0	0	1	1	0	0	6	0.1015999	36	0.0103225	0	0	0	0	0	0	0	0	0	0	0	0	0	1	0	0	0	0	8.525649
505	0	1	0	0	0	1	0	0	0	0	0	1	0	0	0	0	0	0	0	1	0	0	6	0.0253999	36	0.0006452	0	0	0	0	0	0	0	0	0	0	0	0	0	0	0	0	0	0	8.612476
505	1	0	0	0	1	0	0	0	0	1	0	0	0	0	0	0	0	0	1	1	0	0	6	0.0253999	36	0.0006452	0	0	0	0	0	0	0	0	0	0	1	0	0	1	0	0	0	0	8.673765
505	1	0	0	0	1	0	0	0	0	0	0	0	0	0	0	0	0	0	1	1	0	0	10	0.0253999	100	0.0006452	0	0	0	0	0	0	0	0	0	0	1	0	0	1	0	0	0	0	8.744252
505	0	1	0	0	1	0	0	1	0	0	0	1	0	0	0	0	0	0	0	0	0	0	6	0.0508	36	0.0025806	0	0	0	0	0	0	0	0	0	0	1	0	0	0	0	0	0	0	8.673765
505	1	1	0	0	1	0	0	0	1	0	0	1	0	0	0	0	0	0	0	0	0	0	10	0.1015999	100	0.0103225	0	0	0	0	0	0	0	0	0	0	1	0	0	0	0	0	0	0	8.744252
505	0	0	0	0	2	0	0	0	0	0	0	1	0	0	0	0	0	0	1	1	0	0	5	0.127	25	0.016129	0	0	0	0	0	0	0	0	0	0	1	0	0	1	0	0	0	0	8.099738
505	0	1	0	0	2	0	0	0	0	0	0	0	0	0	0	0	0	0	0	1	0	0	5	0.0508	25	0.0025806	0	0	0	0	0	0	0	0	0	0	1	0	0	0	0	0	0	0	8.612476
505	0	1	0	0	4	0	0	0	1	0	0	1	0	0	0	0	0	0	0	0	0	0	10	0.1015999	100	0.0103225	0	0	0	0	0	0	0	0	0	0	1	0	0	0	0	0	0	0	8.525649
505	0	1	0	0	2	0	1	0	0	0	0	1	0	0	1	0	0	0	0	1	0	0	6	0.0253999	36	0.0006452	0	0	0	0	0	0	0	0	0	0	0	0	0	0	0	0	0	0	8.673765
505	0	0	0	1	1	0	0	0	0	0	0	0	0	0	0	0	0	0	1	1	0	0	10	0	100	0	0	0	0	1.6256	0	0	0	0	0	0	1	0	0	1	0	0	0	0	8.099738
506	1	1	0	0	3	0	0	0	0	0	0	0	0	0	0	0	0	0	0	1	0	0	4	0.2286	16	0.052258	0	0	0	0	0	0	0	0	0	0	1	0	0	0	0	0	0	0	8.543419
506	1	0	0	0	1	0	0	0	0	0	0	1	0	0	0	0	0	0	1	1	0	0	5	0.1905	25	0.0362903	0	0	0	0	0	0	0	0	0	0	1	1	0	0	0	0	0	0	8.525649
506	1	0	0	0	1	0	0	0	0	1	0	0	0	0	0	0	0	0	1	1	0	0	6	0.2159001	36	0.0466128	0	0	0	0	0	0	0	0	0	0	1	1	0	0	0	0	0	0	8.744252
506	0	0	0	0	1	0	0	0	0	0	0	1	0	0	0	0	0	0	0	1	-2	0	2	0.1778001	4	0.0316129	0	0	0	0	0	0	0	0	0	0	1	0	0	1	0	0	0	0	8.613906
506	0	1	0	0	1	0	0	0	1	0	0	0	0	0	0	0	0	0	0	0	0	0	5	0.1778001	25	0.0316129	0	0	0	0	0	0	0	0	0	0	0	0	0	0	0	0	0	0	8.613906
506	0	0	0	0	2	0	0	0	0	0	0	0	0	0	0	0	0	0	1	1	0	0	5	0.2794	25	0.0780644	0	0	0	0	0	0	0	0	0	0	0	1	0	0	0	0	0	0	8.525649
506	0	0	0	0	1	0	0	1	0	1	0	0	0	0	0	0	0	0	0	0	-2	0	2	0.1778001	4	0.0316129	0	0	0	0	0	0	0	0	0	0	0	0	0	1	0	0	0	0	8.744252
506	0	0	0	0	2	0	0	1	0	0	0	1	0	0	0	0	0	0	1	0	0	0	3	0.2032	9	0.0412902	0	0	0	0	0	0	0	0	0	0	1	1	0	0	0	0	0	0	8.673765
506	0	0	0	0	1	0	0	0	0	0	0	0	0	0	0	0	0	0	1	1	0	0	3	0.1524	9	0.0232258	0	0	0	0	0	0	0	0	0	0	1	1	0	0	0	0	0	0	8.525649
506	0	1	1	0	1	0	0	0	1	0	0	1	0	0	0	0	0	0	0	0	0	0	0	0.1778001	0	0.0316129	0	29	0	0	0	0	0	0	0	0	1	0	0	0	0	0	0	0	8.099738
506	0	0	0	0	3	0	0	0	0	0	0	1	0	0	0	0	0	0	0	1	-2	0	5	0.1270001	25	0.016129	0	0	0	0	0	0	0	0	0	0	1	0	0	1	0	0	0	0	8.744252
506	0	0	0	0	0	1	0	0	0	0	0	1	0	0	0	0	0	0	0	1	-2	0	4	0.2286	16	0.052258	0	0	0	0	0	0	0	0	0	0	0	0	0	1	0	0	0	0	8.673765
506	0	0	0	0	0	1	0	0	0	0	0	1	0	0	0	0	0	0	1	1	0	0	6	0.1270001	36	0.016129	0	0	0	0	0	0	0	0	0	0	1	1	0	0	0	0	0	0	8.543419
506	1	0	0	0	1	0	0	0	0	0	0	0	0	0	0	0	0	0	1	1	0	0	2	0.2032	4	0.0412902	0	0	0	0	0	0	0	0	0	0	1	1	0	0	0	0	0	0	8.543419
506	1	0	0	0	1	0	0	0	0	0	0	1	0	0	0	0	0	0	1	1	0	0	3	0.1778001	9	0.0316129	0	0	0	0	0	0	0	0	0	0	1	1	0	0	0	0	0	0	8.744252
507	0	0	0	0	3	0	0	0	1	0	0	0	0	0	0	1	0	0	1	0	0	0	3	0.2032	9	0.0412902	0	0	0	0	0	0	0	1	0	0	0	0	0	0	0	1	0	0	8.673765
507	1	0	0	0	1	0	0	1	0	0	0	0	0	0	0	0	0	0	1	0	0	0	3	0.2032	9	0.0412902	0	0	0	0	0	0	0	1	0	0	0	0	0	0	0	1	0	0	8.673765
507	0	1	0	1	1	0	0	0	1	1	0	0	0	1	0	1	0	0	0	0	0	0	4	0	16	0	0	0	0	1.778	0	0	0	0	0	1	1	0	0	0	0	0	0	0	8.525649
507	0	0	0	0	2	0	0	1	0	0	0	0	0	1	0	0	0	0	0	0	0	1	4	0.2032	16	0.0412902	0	0	0	0	0	0	0	0	1	0	1	0	0	0	1	0	0	0	8.543419
507	0	0	0	0	1	0	0	1	0	0	0	0	0	1	0	0	0	0	0	0	0	0	5	0.1777999	25	0.0316128	0	0	0	0	0	0	0	0	0	0	1	0	0	0	0	1	0	0	8.525649
507	0	0	0	0	1	0	0	0	1	0	0	1	0	1	0	1	0	0	0	0	0	1	5	0.1777999	25	0.0316128	0	0	0	0	0	0	0	0	1	0	1	0	0	0	1	0	0	0	8.673765
507	0	0	0	0	1	0	0	1	0	0	0	1	0	0	0	0	0	0	1	0	0	0	5	0.1524	25	0.0232258	0	0	0	0	0	0	0	1	0	0	0	0	0	0	0	1	0	0	8.744252
507	0	0	0	0	0	1	0	0	1	0	0	0	0	0	0	1	0	0	1	0	0	0	5	0.1777999	25	0.0316128	0	0	0	0	0	0	0	1	0	0	0	0	0	0	0	1	0	0	8.744252
507	0	0	0	0	1	0	0	0	1	0	0	1	0	1	0	1	0	0	0	0	-1	0	7	0.1777999	49	0.0316128	0	0	0	0	0	0	0	0	-1	0	1	0	0	0	0	0	1	0	8.099738
507	1	0	0	0	1	0	0	0	1	0	0	1	0	1	0	1	0	0	1	0	0	0	5	0.1777999	25	0.0316128	0	0	0	0	0	0	0	1	0	0	1	0	0	0	0	1	0	0	8.673765
507	1	0	0	0	1	0	0	1	0	0	0	0	0	1	0	0	0	0	0	0	0	1	6	0.1397001	36	0.0195161	0	0	0	0	0	0	0	0	1	0	1	0	0	0	1	0	0	0	8.673765
507	1	0	0	0	1	0	0	0	1	1	1	0	0	0	0	1	0	0	0	0	0	2	6	0.1397001	36	0.0195161	0	0	0	0	0	0	0	0	2	0	0	0	0	1	0	0	0	0	8.543419
507	0	0	0	0	2	0	0	1	0	0	0	1	0	0	0	0	0	0	1	0	0	0	4	0.1651	16	0.027258	0	0	0	0	0	0	0	1	0	0	0	0	0	0	0	1	0	0	7.95042
507	1	0	0	0	3	0	0	1	0	0	0	0	0	0	0	0	0	0	0	0	0	0	3	0.1777999	9	0.0316128	0	0	0	0	0	0	0	0	0	0	0	0	0	0	0	1	0	0	8.673765
507	0	1	0	0	1	0	0	1	0	0	0	0	0	0	0	0	0	0	0	0	0	0	7	0.1777999	49	0.0316128	0	0	0	0	0	0	0	0	0	1	0	0	0	0	0	0	0	0	8.612476
508	1	0	0	0	4	0	0	0	0	0	0	0	0	0	0	0	0	0	1	0	0	0	11	0	121	0	0	0	1.6002	0	0	0	0	0	0	0	1	0	0	1	0	0	0	0	8.099738
508	1	0	0	1	0	1	0	0	0	0	0	0	0	0	0	0	0	1	1	0	0	0	8	0	64	0	0	0	0	0	0	0	0	0	0	0	1	0	0	1	0	0	0	0	8.099738
508	1	0	0	0	2	0	0	0	0	0	0	1	0	0	0	0	0	0	1	0	0	0	6	0	36	0	0	0	1.5875	0	0	0	0	0	0	0	0	0	0	1	0	0	0	0	8.673765
508	0	0	0	0	1	0	0	0	0	0	0	0	0	0	0	0	0	0	1	0	0	0	6	0	36	0	0	0	1.4478	0	0	0	0	0	0	0	0	0	0	1	0	0	0	0	8.673765
508	1	0	0	0	1	0	0	1	0	1	0	0	0	0	0	0	0	0	1	0	0	0	8	0	64	0	0	0	1.6002	0	0	0	0	0	0	0	0	0	0	1	0	0	0	0	9.203803
508	0	0	0	0	1	0	0	1	0	0	0	0	0	0	0	0	0	0	0	0	-1	0	5	0	25	0	0	0	1.5748	0	0	0	0	0	0	0	1	0	0	0	1	0	0	0	8.099738
508	0	0	0	0	1	0	0	0	0	0	0	0	0	0	0	0	0	0	1	0	0	0	3	0	9	0	0	0	1.5748	0	0	0	0	0	0	0	1	0	0	1	0	0	0	0	8.099738
508	0	0	0	0	1	0	0	0	0	0	0	1	0	0	0	0	0	0	1	0	0	0	2	0	4	0	0	0	1.5748	0	0	0	0	0	0	0	0	0	0	1	0	0	0	0	8.673765
508	0	0	0	0	1	0	0	0	0	0	0	0	0	0	0	0	0	0	1	0	0	0	3	0	9	0	0	0	1.5494	0	0	0	0	0	0	0	0	0	0	1	0	0	0	0	8.099738
508	0	1	0	0	1	0	0	0	0	1	0	0	0	0	0	0	0	0	0	0	0	0	7	0	49	0	0	0	1.524	0	0	0	0	0	0	0	1	0	0	0	0	0	0	0	8.099738
508	0	0	0	0	1	0	0	0	0	0	0	1	0	0	0	0	0	0	1	0	0	0	5	0	25	0	0	0	1.524	0	0	0	0	0	0	0	0	0	0	1	0	0	0	0	8.744252
508	1	1	0	0	1	0	0	0	0	0	0	1	0	0	0	0	0	0	0	0	0	0	9	0	81	0	0	0	1.5621	0	0	0	0	0	0	0	0	0	0	0	0	0	0	0	9.841181
508	0	1	0	1	1	0	0	0	0	0	0	0	0	0	0	0	0	1	0	0	0	0	0	0	0	0	0	0	0	0	0	0	0	0	0	0	0	0	0	0	0	0	0	0	8.099738
508	0	1	0	0	3	0	0	0	0	0	0	1	0	0	0	0	0	0	0	0	0	0	10	0	100	0	0	0	1.5748	0	0	0	0	0	0	0	1	0	0	0	0	0	0	0	9.203803
508	0	0	0	0	1	0	0	0	0	0	0	0	0	0	0	0	0	0	1	0	0	0	7	0	49	0	0	0	1.5494	0	0	0	0	0	0	0	1	0	0	1	0	0	0	0	8.099738
509	0	0	0	0	1	0	0	0	0	0	0	1	0	1	0	0	0	0	1	1	0	0	0	0.1524	0	0.0232258	24	0	0	0	0	0	0	0	0	0	1	0	0	1	0	0	0	0	8.673765
509	0	1	0	0	1	0	0	0	1	0	0	1	0	1	0	0	0	0	0	0	0	0	0	0.1524	0	0.0232258	24	0	0	0	0	0	0	0	0	0	1	0	0	0	0	0	0	0	8.744252
509	0	1	0	0	0	1	0	0	0	0	0	1	0	0	0	0	0	0	0	1	0	0	0	0.2032	0	0.0412902	24	0	0	0	0	0	0	0	0	0	0	0	0	0	0	0	0	0	7.95042
509	0	0	0	0	1	0	0	0	0	1	1	0	0	1	0	0	0	0	1	1	0	0	0	0.1397001	0	0.0195161	24	0	0	0	0	0	0	0	0	0	1	0	0	1	0	0	0	0	8.973855
509	0	0	0	0	2	0	0	0	1	0	0	1	0	1	0	0	0	0	0	0	-2	0	0	0.1778001	0	0.0316129	25	0	0	0	0	0	0	0	0	0	1	0	0	0	0	1	0	0	8.673765
509	0	0	0	1	1	0	0	0	1	0	0	0	0	0	0	0	0	0	1	0	0	0	0	0	0	0	26	0	0	1.7272	0	0	0	0	0	0	0	0	0	1	0	0	0	0	8.673765
509	0	1	0	1	0	1	0	0	1	0	0	1	0	1	0	0	0	0	0	0	0	0	0	0	0	0	23	0	0	1.7272	0	0	0	0	0	0	1	0	0	0	0	0	0	0	8.395303
509	0	0	0	0	0	1	0	1	0	0	0	1	0	0	0	0	0	0	1	0	0	0	0	0.127	0	0.016129	23	0	0	0	0	0	0	0	0	0	0	0	0	1	0	0	0	0	8.543419
509	1	0	0	0	1	0	0	0	0	0	0	1	0	1	0	0	0	0	1	1	0	0	0	0.1778001	0	0.0316129	24	0	0	0	0	0	0	0	0	0	1	0	0	1	0	0	0	0	9.266994
509	1	0	0	0	0	1	0	0	1	0	0	1	0	1	0	0	0	0	1	0	0	0	0	0.127	0	0.016129	23	0	0	0	0	0	0	0	0	0	1	0	0	1	0	0	0	0	9.084176
509	0	1	0	0	2	0	0	0	1	0	0	1	0	1	0	0	0	0	0	0	0	0	0	0.1778001	0	0.0316129	24	0	0	0	0	0	0	0	0	0	1	0	0	0	0	0	0	0	8.744252
509	0	0	0	0	1	0	0	1	0	0	0	0	0	0	0	0	0	0	1	0	0	0	0	0.1778001	0	0.0316129	26	0	0	0	0	0	0	0	0	0	0	0	0	1	0	0	0	0	8.613906
513	0	1	0	0	2	0	1	0	1	0	0	0	0	0	0	0	0	0	0	0	0	0	0	0.1777999	0	0.0316128	31	0	0	0	0	0	0	0	0	0	0	0	0	0	0	0	0	0	9.296009
513	0	0	0	0	0	1	0	1	0	1	0	0	0	0	0	0	0	0	0	1	0	1	0	0.1143	0	0.0130645	32	0	0	0	0	0	0	0	0	0	0	0	1	0	0	0	0	0	9.084176
513	0	0	0	0	2	0	0	0	1	1	1	0	0	0	0	0	0	0	0	0	-4	0	0	0.1523999	0	0.0232257	34	0	0	0	0	0	0	0	0	0	0	0	0	0	0	0	0	1	9.104201
513	1	0	0	0	1	0	0	1	0	1	0	0	0	0	0	0	0	0	0	1	-2	0	0	0.127	0	0.016129	31	0	0	0	0	0	0	0	0	0	0	0	0	0	0	1	0	0	9.84864
513	0	0	0	0	1	0	0	0	0	1	1	0	0	0	0	0	0	0	1	0	0	0	0	0.0762	0	0.0058064	31	0	0	0	0	0	0	0	0	0	0	0	0	1	0	0	0	0	8.543419
513	0	0	0	0	1	0	0	0	0	0	0	1	0	0	0	0	0	0	1	0	0	0	0	0.127	0	0.016129	26	0	0	0	0	0	0	0	0	0	0	0	0	1	0	0	0	0	9.044342
513	1	0	0	0	0	1	0	1	0	0	0	0	0	0	0	0	0	0	1	1	0	0	0	0.1777999	0	0.0316128	30	0	0	0	0	0	0	0	0	0	0	0	0	1	0	0	0	0	9.444125
513	0	1	0	0	2	0	0	1	0	0	0	1	0	0	0	0	0	0	0	1	0	0	0	0.1015999	0	0.0103225	38	0	0	0	0	0	0	0	0	0	0	0	0	0	0	0	0	0	8.673765
513	0	0	0	0	1	0	0	0	0	1	0	0	0	1	0	0	0	0	1	0	0	0	0	0.2285999	0	0.0522579	29	0	0	0	0	0	0	0	0	0	1	0	0	1	0	0	0	0	9.307331
513	0	0	0	0	1	0	0	1	0	0	0	0	0	1	0	0	0	0	0	1	-2	0	0	0.1523999	0	0.0232257	29	0	0	0	0	0	0	0	0	0	1	0	0	0	0	1	0	0	9.84864
513	1	0	0	0	1	0	0	1	0	1	0	0	0	0	0	0	0	0	1	1	0	0	0	0.1777999	0	0.0316128	33	0	0	0	0	0	0	0	0	0	0	0	0	1	0	0	0	0	8.543419
513	0	0	0	0	1	0	0	0	0	0	0	1	0	0	0	0	0	0	1	0	0	0	0	0.1523999	0	0.0232257	28	0	0	0	0	0	0	0	0	0	0	0	0	1	0	0	0	0	8.973855
513	1	0	0	0	1	0	0	1	0	0	0	0	0	0	0	0	0	0	1	1	0	0	0	0.127	0	0.016129	30	0	0	0	0	0	0	0	0	0	0	0	0	1	0	0	0	0	8.543419
513	0	0	0	0	1	0	0	0	0	0	0	0	0	1	0	0	0	0	1	0	0	0	0	0.1651	0	0.027258	29	0	0	0	0	0	0	0	0	0	1	0	0	1	0	0	0	0	8.543419
513	1	0	0	1	3	0	0	1	0	0	0	0	0	0	0	0	0	0	1	1	0	0	0	0	0	0	30	0	0	1.7526	0	0	0	0	0	0	0	0	0	1	0	0	0	0	9.84864
516	1	0	0	0	3	0	0	0	1	1	1	0	0	0	0	0	0	0	1	0	0	0	6	0.0889	36	0.0079032	0	0	0	0	0	0	0	0	0	0	0	0	0	0	0	0	0	0	8.744252
516	0	0	0	0	1	0	0	0	1	0	0	1	0	1	0	0	0	0	1	0	0	0	7	0.0634999	49	0.0040322	0	0	0	0	0	0	0	0	0	0	1	0	0	0	0	0	0	0	8.673765
516	1	0	0	0	2	0	0	0	0	0	0	0	0	0	0	0	0	0	1	1	0	0	11	0.0508	121	0.0025806	0	0	0	0	0	0	0	0	0	0	0	0	0	0	0	0	0	0	8.613906
516	0	0	0	0	0	1	0	0	0	0	0	1	0	0	0	0	0	0	1	1	0	0	7	0.0761999	49	0.0058064	0	0	0	0	0	0	0	0	0	0	0	0	0	0	0	0	0	0	8.913588
516	0	0	0	0	0	1	0	0	1	1	0	0	0	0	0	0	0	0	1	0	0	0	4	0.0508	16	0.0025806	0	0	0	0	0	0	0	0	0	0	0	0	0	0	0	0	0	0	8.973855
516	1	0	0	0	1	0	0	0	0	0	0	1	0	0	0	0	0	0	1	1	0	0	8	0.1015999	64	0.0103225	0	0	0	0	0	0	0	0	0	0	0	0	0	0	0	0	0	0	8.543419
516	0	0	0	0	1	0	0	1	0	0	0	0	0	0	0	0	0	0	1	0	0	0	8	0.0761999	64	0.0058064	0	0	0	0	0	0	0	0	0	0	0	0	0	0	0	0	0	0	8.673765
516	0	0	0	0	1	0	0	0	1	0	0	0	0	1	0	0	0	0	1	0	0	0	4	0.0761999	16	0.0058064	0	0	0	0	0	0	0	0	0	0	1	0	0	0	0	0	0	0	8.543419
516	1	0	0	0	1	0	0	0	0	0	0	1	0	1	0	0	0	0	1	1	0	0	11	0.0761999	121	0.0058064	0	0	0	0	0	0	0	0	0	0	1	0	0	0	0	0	0	0	9.084176
516	0	0	0	0	2	0	0	0	0	0	0	1	0	0	0	0	0	0	1	1	0	0	11	0.2158999	121	0.0466128	0	0	0	0	0	0	0	0	0	0	0	0	0	0	0	0	0	0	8.543419
516	1	0	0	0	0	1	0	0	0	0	0	0	0	0	0	0	0	0	1	1	0	0	12	0.1015999	144	0.0103225	0	0	0	0	0	0	0	0	0	0	0	0	0	0	0	0	0	0	8.744252
516	0	0	0	0	1	0	0	0	0	0	0	0	0	1	0	0	0	0	1	1	0	0	11	0.1015999	121	0.0103225	0	0	0	0	0	0	0	0	0	0	1	0	0	0	0	0	0	0	8.543419
516	0	0	0	0	2	0	0	1	0	0	0	0	0	0	0	0	0	0	1	0	0	0	9	0.1142999	81	0.0130645	0	0	0	0	0	0	0	0	0	0	0	0	0	0	0	0	0	0	9.104201
516	0	0	0	0	1	0	0	1	0	0	0	0	0	0	0	0	0	0	1	0	0	0	6	0.0508	36	0.0025806	0	0	0	0	0	0	0	0	0	0	0	0	0	0	0	0	0	0	8.673765
516	0	1	0	0	2	0	0	0	0	0	0	0	0	0	0	0	0	0	0	1	0	0	3	0.0761999	9	0.0058064	0	0	0	0	0	0	0	0	0	0	0	0	0	0	0	0	0	0	8.673765
517	1	0	0	0	1	0	1	0	1	0	0	1	0	0	0	1	0	0	1	0	0	0	1	0	1	0	0	0	1.5748	0	1	0	0	0	0	0	0	0	1	0	0	0	0	0	8.525649
517	0	0	0	0	0	1	0	1	0	0	0	0	0	0	0	0	0	0	1	0	0	0	6	0	36	0	0	0	1.4478	0	1	0	0	0	0	0	1	0	1	0	0	0	0	0	8.673765
517	0	0	0	1	0	1	1	0	1	0	0	1	0	0	0	1	0	1	1	0	0	0	5	0	25	0	0	0	0	0	1	0	0	0	0	0	0	0	1	0	0	0	0	0	8.673765
517	0	0	0	1	0	1	0	1	0	0	0	1	0	0	0	0	0	1	1	0	0	0	6	0	36	0	0	0	0	0	1	0	0	0	0	0	0	0	1	0	0	0	0	0	8.673765
517	1	1	0	1	0	1	0	0	1	0	0	1	0	0	0	1	0	1	0	0	0	0	5	0	25	0	0	0	0	0	0	0	1	0	0	0	0	0	0	0	0	0	0	0	8.613906
517	1	0	0	0	1	0	1	0	1	0	0	1	0	0	0	1	0	0	1	0	0	0	2	0	4	0	0	0	1.6002	0	1	0	0	0	0	0	0	0	1	0	0	0	0	0	8.543419
517	1	1	0	1	1	0	1	0	1	0	0	0	0	0	0	1	0	1	0	0	0	0	6	0	36	0	0	0	0	0	0	0	1	0	0	0	0	0	0	0	0	0	0	0	8.099738
517	0	1	1	0	1	0	1	0	1	1	0	0	0	0	0	1	0	0	0	0	0	0	0	0	0	0	0	28	1.6002	0	0	0	1	0	0	0	0	0	0	0	0	0	0	0	8.099738
517	0	0	0	0	1	0	0	0	1	0	0	1	0	0	0	1	0	0	1	0	0	0	5	0	25	0	0	0	1.651	0	1	0	0	0	0	0	0	0	1	0	0	0	0	0	8.099738
517	0	1	0	1	0	1	1	0	1	0	0	1	0	0	0	1	0	1	0	0	0	0	5	0	25	0	0	0	0	0	0	0	1	0	0	0	0	0	0	0	0	0	0	0	9.104201
517	0	1	0	0	0	1	1	0	1	1	1	0	0	0	0	1	0	0	0	0	0	0	2	0	4	0	0	0	1.6002	0	0	0	1	0	0	0	0	0	0	0	0	0	0	0	8.543419
517	1	0	0	0	1	0	1	1	0	1	1	0	0	0	0	0	0	0	1	0	0	0	3	0	9	0	0	0	1.6637	0	1	0	0	0	0	0	0	0	1	0	0	0	0	0	8.673765
517	0	1	0	0	0	1	1	0	1	0	0	1	0	0	0	1	0	0	0	0	0	0	3	0	9	0	0	0	1.5748	0	0	0	1	0	0	0	0	0	0	0	0	0	0	0	8.099738
517	0	1	0	1	1	0	1	0	1	1	0	0	0	0	0	1	0	1	0	0	0	0	8	0	64	0	0	0	0	0	0	0	1	0	0	0	0	0	0	0	0	0	0	0	8.099738
517	0	0	0	0	3	0	0	0	1	0	0	1	0	0	0	1	0	0	1	0	0	0	7	0	49	0	0	0	1.6256	0	1	0	0	0	0	0	0	0	1	0	0	0	0	0	8.673765
518	1	0	0	0	1	0	1	1	0	0	0	1	0	0	0	0	0	0	1	1	0	0	6	0.127	36	0.016129	0	0	0	0	0	0	0	1	0	0	0	0	0	0	0	1	0	0	8.613906
518	1	0	0	0	1	0	0	0	0	0	0	0	0	0	0	0	0	0	0	0	0	5	7	0.1777999	49	0.0316128	0	0	0	0	0	0	0	0	5	0	0	0	0	0	0	0	0	0	8.673765
518	0	0	0	0	1	0	1	1	0	1	0	0	0	0	0	0	0	0	1	1	0	0	6	0.1015999	36	0.0103225	0	0	0	0	0	0	0	1	0	0	0	0	0	0	0	1	0	0	9.265301
518	0	0	0	0	1	0	1	1	0	0	0	1	0	0	0	0	0	0	1	1	0	0	3	0.127	9	0.016129	0	0	0	0	0	0	0	1	0	0	0	0	0	0	0	1	0	0	9.307331
518	0	0	0	0	2	0	0	1	0	0	0	1	0	0	0	0	0	0	0	1	0	2	5	0.1015999	25	0.0103225	0	0	0	0	0	0	0	0	2	0	0	0	0	1	0	0	0	0	8.863879
518	1	0	0	0	1	0	0	1	0	1	1	0	0	0	0	0	0	0	0	1	0	1	4	0.127	16	0.016129	0	0	0	0	0	0	0	0	1	0	0	0	0	0	1	0	0	0	8.543419
518	0	0	0	0	2	0	1	1	0	0	0	0	0	0	0	0	0	0	0	1	0	1	7	0.127	49	0.016129	0	0	0	0	0	0	0	0	1	0	0	0	0	0	1	0	0	0	7.95042
518	0	0	0	0	1	0	0	0	0	1	0	0	0	0	0	0	0	0	0	0	0	2	4	0.1143	16	0.0130645	0	0	0	0	0	0	0	0	2	0	0	0	0	1	0	0	0	0	8.863879
518	0	0	0	0	1	0	0	1	0	1	0	0	0	1	0	0	0	0	0	1	0	1	7	0.1143	49	0.0130645	0	0	0	0	0	0	0	0	1	0	1	0	0	0	1	0	0	0	8.673765
518	0	0	0	0	2	0	0	1	0	0	0	0	0	1	0	0	0	0	0	1	0	0	5	0.1015999	25	0.0103225	0	0	0	0	0	0	0	0	0	0	1	0	0	0	0	1	0	0	9.233468
518	0	0	0	0	1	0	0	1	0	0	0	1	0	1	0	0	0	0	0	1	0	1	4	0.1524	16	0.0232258	0	0	0	0	0	0	0	0	1	0	1	0	0	0	1	0	0	0	8.673765
518	0	0	0	0	1	0	0	1	0	0	0	0	0	0	0	0	0	0	1	1	0	0	8	0.0508	64	0.0025806	0	0	0	0	0	0	0	1	0	0	0	0	0	0	0	1	0	0	8.863879
518	1	0	0	0	1	0	1	1	0	0	0	0	0	0	0	0	0	0	0	1	0	2	7	0.1015999	49	0.0103225	0	0	0	0	0	0	0	0	2	0	0	0	0	1	0	0	0	0	8.744252
518	1	1	0	0	1	0	0	1	0	1	1	0	0	0	0	0	0	0	0	1	0	0	4	0.1143	16	0.0130645	0	0	0	0	0	0	0	0	0	1	0	0	0	0	0	0	0	0	8.612476
518	0	0	0	0	1	0	1	1	0	0	0	1	0	0	0	0	0	0	1	1	0	0	5	0.0762	25	0.0058064	0	0	0	0	0	0	0	1	0	0	0	0	0	0	0	1	0	0	8.744252
519	1	0	0	0	1	0	0	1	0	1	1	0	0	0	0	0	0	0	1	1	0	0	9	0.2032	81	0.0412902	0	0	0	0	0	0	0	0	0	0	1	0	0	0	0	0	0	0	9.044342
519	0	0	0	0	1	0	0	1	0	1	0	0	0	0	0	0	0	0	1	1	0	0	5	0.1777999	25	0.0316128	0	0	0	0	0	0	0	0	0	0	1	0	0	0	0	0	0	0	9.203803
519	0	0	0	0	1	0	1	1	0	0	0	0	0	0	1	0	0	0	1	1	0	0	7	0.2032	49	0.0412902	0	0	0	0	0	0	0	0	0	0	0	0	0	0	0	0	0	0	9.174689
519	1	1	0	0	2	0	0	1	0	0	0	1	0	0	0	0	0	0	0	1	0	0	10	0.1016001	100	0.0103226	0	0	0	0	0	0	0	0	0	0	0	0	0	0	0	0	0	0	8.543419
519	0	0	0	1	1	0	0	0	0	0	0	0	0	0	0	0	0	0	1	0	0	0	5	0	25	0	0	0	0	1.778	0	0	0	0	0	0	1	0	0	0	0	0	0	0	8.673765
519	0	1	0	0	1	0	1	0	1	1	1	0	0	0	1	0	0	0	0	0	0	0	4	0.1905	16	0.0362903	0	0	0	0	0	0	0	0	0	0	0	0	0	0	0	0	0	0	8.744252
519	0	0	0	0	3	0	0	1	0	0	0	0	0	0	0	0	0	0	1	1	0	0	10	0.2286	100	0.052258	0	0	0	0	0	0	0	0	0	0	0	0	0	0	0	0	0	0	8.673765
519	0	0	0	0	1	0	0	1	0	1	0	0	0	0	0	0	0	0	0	1	-3	0	5	0.2286	25	0.052258	0	0	0	0	0	0	0	0	0	0	1	0	0	1	0	0	0	0	8.744252
519	0	0	0	0	1	0	0	1	0	1	0	0	0	0	0	0	0	0	1	1	0	0	3	0.1777999	9	0.0316128	0	0	0	0	0	0	0	0	0	0	1	0	0	0	0	0	0	0	8.543419
519	0	0	0	0	2	0	0	0	0	0	0	1	0	0	0	0	0	0	1	0	0	0	8	0.2286	64	0.052258	0	0	0	0	0	0	0	0	0	0	0	0	0	0	0	0	0	0	8.673765
519	0	0	0	0	1	0	0	1	0	0	0	0	0	0	0	0	0	0	0	1	-1	0	8	0.1651	64	0.027258	0	0	0	0	0	0	0	0	0	0	1	1	0	0	0	0	0	0	8.673765
519	1	0	0	0	1	0	1	1	0	0	0	0	0	0	1	0	0	0	1	1	0	0	10	0.1777999	100	0.0316128	0	0	0	0	0	0	0	0	0	0	0	0	0	0	0	0	0	0	8.973855
519	0	0	0	0	1	0	0	1	0	1	0	0	0	0	0	0	0	0	1	1	0	0	7	0.2032	49	0.0412902	0	0	0	0	0	0	0	0	0	0	0	0	0	0	0	0	0	0	8.099738
519	1	0	0	0	1	0	0	0	1	1	0	0	0	0	0	0	0	0	1	0	0	0	11	0.1524	121	0.0232258	0	0	0	0	0	0	0	0	0	0	1	0	0	0	0	0	0	0	8.744252
519	1	1	0	0	1	0	0	0	1	0	0	0	0	0	0	0	0	0	0	0	0	0	8	0.1777999	64	0.0316128	0	0	0	0	0	0	0	0	0	0	1	0	0	0	0	0	0	0	8.525649
527	0	1	0	0	1	0	0	1	0	0	0	1	0	0	0	0	0	0	0	0	0	0	2	0.1777999	4	0.0316128	0	0	0	0	0	0	0	0	0	0	0	0	0	0	0	0	0	0	8.673765
527	0	1	0	0	1	0	0	0	1	0	0	1	0	0	0	1	0	0	0	0	0	0	8	0.1777999	64	0.0316128	0	0	0	0	0	0	0	0	0	0	0	0	0	0	0	0	0	0	8.099738
527	0	1	0	0	1	0	0	0	1	0	0	0	0	0	0	1	0	0	0	0	0	0	3	0.1651	9	0.027258	0	0	0	0	0	0	0	0	0	0	0	0	0	0	0	0	0	0	8.525649
527	0	0	0	0	1	0	0	0	0	1	0	0	0	0	0	0	0	0	0	0	-3	0	2	0.1143	4	0.0130645	0	0	0	0	0	0	0	0	0	0	0	0	0	1	0	0	0	0	8.613906
527	0	1	0	1	1	0	0	0	1	1	0	0	0	0	0	1	0	0	0	0	0	0	2	0	4	0	0	0	0	1.778	0	0	0	0	0	0	0	0	0	0	0	0	0	0	8.525649
527	0	1	0	0	1	0	0	0	1	0	0	1	0	0	0	1	0	0	0	0	0	0	3	0.1777999	9	0.0316128	0	0	0	0	0	0	0	0	0	0	1	0	0	0	0	0	0	0	8.744252
527	0	0	0	0	2	0	0	1	0	1	0	0	0	0	0	0	0	0	1	0	0	0	5	0.1524	25	0.0232258	0	0	0	0	0	0	0	0	0	0	1	0	0	0	0	0	0	0	8.099738
527	0	0	0	0	3	0	0	1	0	0	0	1	0	0	0	0	0	0	1	0	0	0	6	0.1524	36	0.0232258	0	0	0	0	0	0	0	0	0	0	1	0	0	0	0	0	0	0	8.099738
527	0	0	0	0	1	0	0	0	1	1	1	0	0	0	0	1	0	0	1	0	0	0	4	0.1777999	16	0.0316128	0	0	0	0	0	0	0	0	0	0	0	0	0	0	0	0	0	0	8.744252
527	0	1	0	0	1	0	0	0	1	1	1	0	0	0	0	1	0	0	0	0	0	0	4	0.1397001	16	0.0195161	0	0	0	0	0	0	0	0	0	0	1	0	0	0	0	0	0	0	8.525649
528	0	0	0	0	2	0	0	0	0	0	0	1	0	0	0	0	0	0	0	0	0	4	2	0.0508	4	0.0025806	0	0	0	0	0	0	0	0	4	0	1	0	0	1	0	0	0	0	8.673765
528	0	0	0	0	2	0	0	0	0	0	0	1	0	0	0	0	0	0	0	0	0	3	3	0.0508	9	0.0025806	0	0	0	0	0	0	0	0	3	0	1	0	0	0	1	0	0	0	8.673765
528	1	0	0	0	1	0	0	0	0	0	0	1	0	0	0	0	0	0	1	0	0	0	3	0.0889	9	0.0079032	0	0	0	0	0	0	0	1	0	0	1	0	0	0	0	0	0	1	8.525649
528	0	0	0	0	1	0	0	0	1	1	1	0	0	0	0	1	0	0	0	0	0	5	3	0.0762	9	0.0058064	0	0	0	0	0	0	0	0	5	0	0	0	1	0	0	0	0	0	8.744252
528	0	0	0	0	1	0	0	0	0	0	0	1	0	0	0	0	0	0	1	0	0	0	7	0.127	49	0.016129	0	0	0	0	0	0	0	1	0	0	1	0	0	0	0	0	0	1	8.099738
528	0	0	0	0	3	0	0	1	0	0	0	1	0	0	0	0	0	0	0	0	0	3	2	0.127	4	0.016129	0	0	0	0	0	0	0	0	3	0	1	0	0	0	1	0	0	0	8.744252
528	0	0	0	0	1	0	0	1	0	1	0	0	0	0	0	0	0	0	0	0	0	3	5	0.0508	25	0.0025806	0	0	0	0	0	0	0	0	3	0	0	0	0	0	1	0	0	0	8.744252
528	0	1	0	0	1	0	0	0	1	1	0	0	0	0	0	1	0	0	0	0	0	0	4	0.1143	16	0.0130645	0	0	0	0	0	0	0	0	0	1	0	0	0	0	0	0	0	0	8.543419
528	0	0	0	0	1	0	0	1	0	1	0	0	0	0	0	0	0	0	0	0	0	3	2	0.127	4	0.016129	0	0	0	0	0	0	0	0	3	0	1	0	0	0	1	0	0	0	8.744252
528	1	0	0	0	0	1	0	0	1	1	0	0	0	0	0	1	0	0	1	0	0	0	3	0.1015999	9	0.0103225	0	0	0	0	0	0	0	1	0	0	1	0	0	0	0	0	0	1	8.744252
528	1	0	0	0	1	0	0	0	0	0	0	1	0	0	0	0	0	0	0	0	0	3	4	0.1015999	16	0.0103225	0	0	0	0	0	0	0	0	3	0	0	0	0	0	1	0	0	0	8.525649
528	0	0	0	0	1	0	0	0	0	0	0	1	0	0	0	0	0	0	1	0	0	0	7	0.127	49	0.016129	0	0	0	0	0	0	0	1	0	0	1	0	0	0	0	0	0	1	8.099738
528	0	0	0	0	1	0	0	0	0	0	0	1	0	0	0	0	0	0	0	0	0	3	1	0.1524	1	0.0232258	0	0	0	0	0	0	0	0	3	0	1	0	0	0	1	0	0	0	8.673765
528	1	0	0	0	1	0	0	1	0	0	0	1	0	0	0	0	0	0	0	0	0	5	2	0.0762	4	0.0058064	0	0	0	0	0	0	0	0	5	0	1	0	1	0	0	0	0	0	8.613906
528	1	0	0	0	1	0	0	1	0	1	0	0	0	0	0	0	0	0	0	0	0	2	3	0.1015999	9	0.0103225	0	0	0	0	0	0	0	0	2	0	1	0	0	0	0	1	0	0	8.673765
535	0	0	0	0	1	0	0	0	0	1	0	0	0	0	0	0	0	0	1	0	0	0	6	0.1523999	36	0.0232257	0	0	0	0	0	0	0	0	0	0	0	0	0	0	1	0	0	0	8.525649
535	0	0	0	0	1	0	0	0	1	1	0	0	0	0	0	1	0	0	0	0	0	0	2	0.0508	4	0.0025806	0	0	0	0	0	0	0	0	0	0	1	0	0	0	1	0	0	0	8.744252
535	0	0	0	0	3	0	1	0	1	0	0	0	0	0	1	1	0	0	1	0	0	0	9	0.127	81	0.016129	0	0	0	0	0	0	0	0	0	0	0	0	0	0	1	0	0	0	9.174689
535	1	0	0	0	1	0	0	0	0	0	0	1	0	0	0	0	0	0	1	0	0	0	6	0.0761999	36	0.0058064	0	0	0	0	0	0	0	0	0	0	1	0	0	0	1	0	0	0	8.525649
535	0	0	0	0	1	0	0	0	0	0	0	1	0	0	0	0	0	0	1	0	0	0	4	0.1364	16	0.018605	0	0	0	0	0	0	0	0	0	0	1	0	0	0	1	0	0	0	8.973855
535	1	0	0	0	2	0	0	0	1	0	0	1	0	0	0	1	0	0	0	0	-1	0	6	0.1777999	36	0.0316128	0	0	0	0	0	0	0	0	0	0	0	0	0	0	0	1	0	0	8.772846
535	0	0	0	0	1	0	0	0	0	1	0	0	0	0	0	0	0	0	1	0	0	0	6	0.0253999	36	0.0006452	0	0	0	0	0	0	0	0	0	0	0	0	0	0	1	0	0	0	8.973855
535	0	0	0	0	1	0	0	0	0	0	0	1	0	0	0	0	0	0	1	0	0	0	5	0.1015999	25	0.0103225	0	0	0	0	0	0	0	0	0	0	1	0	0	0	1	0	0	0	9.174689
535	1	0	0	0	3	0	0	1	0	0	0	1	0	0	0	0	0	0	0	0	0	0	7	0.0761999	49	0.0058064	0	0	0	0	0	0	0	0	0	0	0	0	0	0	1	0	0	0	8.673765
535	1	0	0	0	1	0	0	1	0	0	0	0	0	0	0	0	0	0	0	0	-1	0	6	0.2032	36	0.0412902	0	0	0	0	0	0	0	0	0	0	1	0	0	0	0	1	0	0	8.525649
535	0	1	0	0	1	0	0	0	1	0	0	1	0	0	0	1	0	0	0	0	0	0	1	0.1523999	1	0.0232257	0	0	0	0	0	0	0	0	0	0	1	0	0	0	0	0	0	0	8.864202
535	0	0	0	0	1	0	0	0	0	1	0	0	0	0	0	0	0	0	1	0	0	0	5	0.127	25	0.016129	0	0	0	0	0	0	0	0	0	0	1	0	0	0	1	0	0	0	8.543419
535	0	1	0	0	1	0	0	0	0	1	0	0	0	0	0	0	0	0	0	0	0	0	5	0.0508	25	0.0025806	0	0	0	0	0	0	0	0	0	0	1	0	0	0	0	0	0	0	8.744252
535	0	0	0	0	1	0	0	0	1	1	0	0	0	0	0	1	0	0	1	0	0	0	4	0.0761999	16	0.0058064	0	0	0	0	0	0	0	0	0	0	1	0	0	0	1	0	0	0	8.744252
535	1	1	0	0	1	0	0	0	1	1	1	0	0	0	0	1	0	0	0	0	0	0	3	0.127	9	0.016129	0	0	0	0	0	0	0	0	0	0	0	0	0	0	0	0	0	0	8.973855
540	0	0	0	0	0	1	0	0	1	0	0	1	0	0	0	1	0	0	0	0	-1	0	5	0	25	0	0	0	1.6002	0	0	0	0	0	0	0	0	1	0	0	0	0	0	0	8.099738
540	0	1	0	0	0	1	1	0	1	1	1	0	0	0	0	1	0	0	0	0	0	0	7	0	49	0	0	0	1.5494	0	0	0	0	0	0	0	0	0	0	0	0	0	0	0	7.95042
540	0	0	0	0	0	1	0	0	1	0	0	1	0	0	0	1	0	0	1	0	0	0	4	0	16	0	0	0	1.524	0	0	0	0	0	0	0	1	0	0	0	0	0	0	0	8.744252
540	1	1	0	0	1	0	1	1	0	0	0	0	0	0	0	0	0	0	0	0	0	0	6	0	36	0	0	0	1.5494	0	0	0	0	0	0	0	0	0	0	0	0	0	0	0	8.543419
540	0	0	0	0	1	0	1	0	1	0	0	1	0	0	0	1	0	0	1	0	0	0	5	0	25	0	0	0	1.5748	0	0	0	0	0	0	0	0	0	0	0	0	0	0	0	8.673765
540	0	0	0	0	1	0	1	0	1	0	0	1	0	0	0	1	0	0	0	0	-3	0	5	0	25	0	0	0	1.6002	0	0	0	0	0	0	0	0	0	0	1	0	0	0	0	8.744252
540	1	0	0	0	1	0	1	0	1	1	1	0	0	0	0	1	0	0	0	0	-3	0	6	0	36	0	0	0	1.6002	0	0	0	0	0	0	0	0	0	0	1	0	0	0	0	9.044342
540	0	0	0	0	0	1	1	0	1	0	0	1	0	0	0	1	0	0	0	0	-3	0	6	0	36	0	0	0	1.524	0	0	0	0	0	0	0	0	0	0	1	0	0	0	0	7.95042
540	1	0	0	0	1	0	0	0	0	1	0	0	0	0	0	0	0	0	1	0	0	0	5	0	25	0	0	0	1.5748	0	0	0	0	0	0	0	0	0	0	0	0	0	0	0	9.174689
540	1	0	0	0	2	0	0	1	0	0	0	1	0	0	0	0	0	0	1	0	0	0	5	0	25	0	0	0	1.6002	0	0	0	0	0	0	0	0	0	0	0	0	0	0	0	8.543419
540	1	0	0	0	0	1	1	0	1	0	0	1	0	0	0	1	0	0	1	0	0	0	6	0	36	0	0	0	1.6256	0	0	0	0	0	0	0	0	0	0	0	0	0	0	0	8.525649
540	0	0	0	0	2	0	1	0	1	1	0	0	0	0	0	1	0	0	0	0	-1	0	6	0	36	0	0	0	1.6002	0	0	0	0	0	0	0	0	1	0	0	0	0	0	0	8.543419
540	0	1	0	0	1	0	1	0	1	0	0	1	0	0	0	1	0	0	0	0	0	0	5	0	25	0	0	0	1.5494	0	0	0	0	0	0	0	0	0	0	0	0	0	0	0	8.744252
540	0	0	0	0	0	1	0	0	0	0	0	1	0	0	0	0	0	0	1	0	0	0	4	0	16	0	0	0	1.6256	0	0	0	0	0	0	0	1	0	0	0	0	0	0	0	8.099738
540	0	0	0	0	2	0	1	1	0	0	0	1	0	0	0	0	0	0	1	0	0	0	4	0	16	0	0	0	1.5748	0	0	0	0	0	0	0	0	0	0	0	0	0	0	0	8.673765
542	0	1	1	1	1	0	0	0	1	0	0	0	0	1	0	0	0	1	0	0	0	0	0	0	0	0	0	36	0	0	0	0	0	0	0	0	0	0	0	0	0	0	0	0	8.612476
542	1	0	0	0	0	1	0	0	0	0	0	0	0	1	0	0	0	0	1	1	0	0	8	0	64	0	0	0	1.6256	0	0	0	0	0	0	0	0	0	0	0	0	0	0	0	8.543419
542	1	0	0	0	1	0	0	0	0	0	0	0	0	0	0	0	0	0	1	1	0	0	9	0	81	0	0	0	1.6002	0	0	0	0	0	0	0	1	0	0	0	0	0	0	0	8.543419
542	0	1	0	0	1	0	0	0	0	0	0	0	0	1	0	0	0	0	0	1	0	0	8	0	64	0	0	0	1.6129	0	0	0	0	0	0	0	0	0	0	0	0	0	0	0	8.543419
542	0	0	0	0	0	1	0	0	0	1	0	0	0	1	0	0	0	0	1	1	0	0	5	0	25	0	0	0	1.6256	0	0	0	0	0	0	0	0	0	0	0	0	0	0	0	8.099738
542	0	1	0	0	0	1	0	0	1	0	0	1	0	0	0	0	0	0	0	0	0	0	6	0	36	0	0	0	1.6256	0	0	0	0	0	0	0	1	0	0	0	0	0	0	0	8.673765
542	0	0	0	0	3	0	0	0	0	0	0	1	0	1	0	0	0	0	1	1	0	0	7	0	49	0	0	0	1.6129	0	0	0	0	0	0	0	0	0	0	0	0	0	0	0	9.174689
542	0	1	0	0	1	0	0	0	0	0	0	1	0	1	0	0	0	0	0	1	0	0	5	0	25	0	0	0	1.651	0	0	0	0	0	0	0	0	0	0	0	0	0	0	0	8.673765
542	0	0	0	0	3	0	0	0	0	0	0	0	0	1	0	0	0	0	1	1	0	0	7	0	49	0	0	0	1.5748	0	0	0	0	0	0	0	0	0	0	0	0	0	0	0	8.543419
542	0	1	0	0	4	0	0	0	0	0	0	1	0	1	0	0	0	0	0	1	0	0	9	0	81	0	0	0	1.6002	0	0	0	0	0	0	0	0	0	0	0	0	0	0	0	8.612476
542	1	1	0	0	1	0	0	0	1	0	0	0	0	0	0	0	0	0	0	0	0	0	7	0	49	0	0	0	1.6002	0	0	0	0	0	0	0	1	0	0	0	0	0	0	0	8.744252
542	0	1	0	0	1	0	0	0	0	1	0	0	0	0	0	0	0	0	0	1	0	0	5	0	25	0	0	0	1.5748	0	0	0	0	0	0	0	1	0	0	0	0	0	0	0	8.863879
542	1	0	0	0	3	0	0	1	0	1	1	0	0	1	0	0	0	0	1	0	0	0	11	0	121	0	0	0	1.651	0	0	0	0	0	0	0	0	0	0	0	0	0	0	0	8.744252
542	1	1	0	0	1	0	0	0	1	0	0	0	0	1	0	0	0	0	0	0	0	0	9	0	81	0	0	0	1.6002	0	0	0	0	0	0	0	0	0	0	0	0	0	0	0	8.673765
542	0	1	0	0	1	0	0	0	0	0	0	1	0	0	0	0	0	0	0	1	0	0	5	0	25	0	0	0	1.6383	0	0	0	0	0	0	0	1	0	0	0	0	0	0	0	8.543419
544	0	0	0	0	1	0	1	1	0	1	0	0	0	0	0	0	0	0	0	0	-1	0	6	0	36	0	0	0	1.5494	0	0	0	0	0	-1	0	0	0	0	0	0	0	1	0	8.673765
544	1	0	1	0	0	1	1	0	0	0	0	1	0	0	0	0	0	0	0	1	0	2	0	0	0	0	0	30	1.524	0	0	0	0	0	2	0	0	0	0	1	0	0	0	0	8.612476
544	0	0	0	0	3	0	1	1	0	0	0	0	0	0	0	0	0	0	0	0	0	0	6	0	36	0	0	0	1.6256	0	0	0	0	0	0	0	0	0	0	0	0	1	0	0	8.099738
544	0	0	0	0	0	1	1	1	0	0	0	0	0	0	0	0	0	0	0	0	0	1	3	0	9	0	0	0	1.5748	0	0	0	0	0	1	0	0	0	0	0	1	0	0	0	8.099738
544	0	0	0	0	4	0	0	0	0	0	0	0	0	0	0	0	0	0	0	1	0	1	8	0	64	0	0	0	1.6002	0	0	0	0	0	1	0	1	0	0	0	1	0	0	0	8.099738
544	0	1	1	1	0	1	1	0	1	0	0	1	0	0	0	0	0	1	0	0	0	0	0	0	0	0	0	30	0	0	0	0	0	0	0	1	0	0	0	0	0	0	0	0	7.95042
544	0	1	0	0	2	0	1	0	1	0	0	1	0	0	0	0	0	0	0	0	0	0	6	0	36	0	0	0	1.5748	0	0	0	0	0	0	1	0	0	0	0	0	0	0	0	8.673765
544	1	0	0	0	2	0	0	1	0	0	0	1	0	1	0	0	0	0	1	0	0	0	6	0	36	0	0	0	1.6002	0	0	0	0	1	0	0	0	0	0	0	0	1	0	0	8.673765
544	0	1	1	1	0	1	1	0	1	0	0	1	0	0	0	0	0	1	0	0	0	0	0	0	0	0	0	30	0	0	0	0	0	0	0	1	0	0	0	0	0	0	0	0	7.95042
550	1	0	0	0	1	0	0	1	0	1	0	0	0	0	0	0	0	0	1	1	0	0	9	0.1015999	81	0.0103225	0	0	0	0	1	0	0	0	0	0	0	0	0	1	0	0	0	0	8.525649
550	0	0	0	0	1	0	0	1	0	1	0	0	0	0	0	0	0	0	1	1	0	0	7	0.1777999	49	0.0316128	0	0	0	0	1	0	0	0	0	0	0	0	0	1	0	0	0	0	8.332068
550	1	0	0	0	2	0	0	1	0	0	0	0	0	0	0	0	0	0	1	1	0	0	5	0.1015999	25	0.0103225	0	0	0	0	1	0	0	0	0	0	0	0	0	1	0	0	0	0	8.744252
550	0	0	0	0	1	0	0	1	0	1	1	0	0	0	0	0	0	0	1	1	0	0	5	0.2794	25	0.0780644	0	0	0	0	1	0	0	0	0	0	1	0	0	1	0	0	0	0	8.673765
550	0	0	0	0	1	0	0	1	0	1	0	0	0	0	0	0	0	0	1	1	0	0	10	0.2539999	100	0.064516	0	0	0	0	1	0	0	0	0	0	1	0	0	1	0	0	0	0	8.099738
550	0	0	0	0	3	0	0	1	0	0	0	0	0	0	0	0	0	0	1	1	0	0	8	0.3047999	64	0.092903	0	0	0	0	1	0	0	0	0	0	1	0	0	1	0	0	0	0	8.973855
550	0	0	0	0	2	0	0	0	0	1	0	0	0	0	0	0	0	0	1	0	0	0	9	0.1523999	81	0.0232257	0	0	0	0	1	0	0	0	0	0	0	0	0	1	0	0	0	0	8.099738
550	0	0	0	0	1	0	0	1	0	1	1	0	0	0	0	0	0	0	1	1	0	0	8	0.1015999	64	0.0103225	0	0	0	0	1	0	0	0	0	0	1	0	0	1	0	0	0	0	8.673765
550	0	0	0	0	2	0	0	1	0	1	0	0	0	0	0	0	0	0	1	1	0	0	7	0.2032	49	0.0412902	0	0	0	0	1	0	0	0	0	0	1	0	0	1	0	0	0	0	8.744252
550	1	0	0	0	1	0	0	1	0	1	1	0	0	0	0	0	0	0	1	1	0	0	9	0.127	81	0.016129	0	0	0	0	1	0	0	0	0	0	0	0	0	1	0	0	0	0	8.543419
550	1	0	0	0	1	0	0	1	0	1	0	0	0	0	0	0	0	0	1	1	0	0	8	0.1523999	64	0.0232257	0	0	0	0	1	0	0	0	0	0	1	0	0	1	0	0	0	0	8.673765
550	1	0	0	0	1	0	0	1	0	1	0	0	0	0	0	0	0	0	1	1	0	0	7	0.0762	49	0.0058064	0	0	0	0	1	0	0	0	0	0	1	0	0	1	0	0	0	0	8.395303
550	0	0	0	0	2	0	0	1	0	1	1	0	0	0	0	0	0	0	0	1	0	2	6	0.2285999	36	0.0522579	0	0	0	0	0	2	0	0	0	0	0	1	0	0	0	0	0	0	8.796723
550	0	0	0	0	1	0	0	1	0	1	0	0	0	0	0	0	0	0	1	1	0	0	8	0.2285999	64	0.0522579	0	0	0	0	1	0	0	0	0	0	0	0	0	1	0	0	0	0	8.673765
550	0	0	0	0	1	0	0	1	0	0	0	0	0	0	0	0	0	0	1	1	0	0	7	0.1523999	49	0.0232257	0	0	0	0	1	0	0	0	0	0	0	0	0	1	0	0	0	0	8.673765
557	0	1	0	0	1	0	1	0	1	0	0	1	0	0	0	1	0	0	0	0	0	0	5	0.1778001	25	0.0316129	0	0	0	0	0	0	0	0	0	1	0	0	0	0	0	0	0	0	8.543419
557	0	0	0	0	4	0	0	0	0	0	0	0	0	1	0	0	0	0	0	0	0	1	5	0.1651	25	0.027258	0	0	0	0	0	0	0	0	1	0	1	0	0	1	0	0	0	0	8.543419
557	0	0	0	0	1	0	0	0	1	1	0	0	0	1	0	1	0	0	0	0	0	4	0	0.1016001	0	0.0103226	0	0	0	0	0	0	0	0	4	0	1	0	0	0	0	0	0	0	8.543419
557	0	0	0	0	1	0	0	0	0	1	0	0	0	1	0	0	0	0	0	0	-2	0	6	0.1397001	36	0.0195161	0	0	0	0	0	0	0	0	-2	0	1	0	0	0	0	0	1	0	8.543419
557	0	0	0	0	1	0	0	0	1	0	0	0	0	1	0	1	0	0	0	0	0	2	5	0.1524	25	0.0232258	0	0	0	0	0	0	0	0	2	0	1	0	1	0	0	0	0	0	8.543419
557	1	0	0	0	1	0	0	1	0	0	0	1	0	0	0	0	0	0	1	0	0	0	5	0.1778001	25	0.0316129	0	0	0	0	0	0	0	1	0	0	0	0	0	0	1	0	0	0	8.673765
557	0	0	0	0	1	0	0	1	0	1	0	0	0	0	0	0	0	0	0	0	-1	0	6	0.1524	36	0.0232258	0	0	0	0	0	0	0	0	-1	0	0	0	0	0	0	1	0	0	9.84864
557	0	1	0	0	1	0	0	0	0	0	0	1	0	1	0	0	0	0	0	0	0	0	7	0.127	49	0.016129	0	0	0	0	0	0	0	0	0	1	1	0	0	0	0	0	0	0	8.673765
557	1	1	0	0	2	0	1	0	0	1	0	0	0	0	0	0	0	0	0	0	0	0	5	0.127	25	0.016129	0	0	0	0	0	0	0	0	0	1	0	0	0	0	0	0	0	0	8.673765
557	0	0	0	0	2	0	0	0	0	0	0	1	0	1	0	0	0	0	0	0	0	1	4	0.1524	16	0.0232258	0	0	0	0	0	0	0	0	1	0	1	0	0	1	0	0	0	0	8.612476
557	1	0	0	0	1	0	0	1	0	1	0	0	0	1	0	0	0	0	0	0	0	0	6	0.1524	36	0.0232258	0	0	0	0	0	0	0	0	0	0	1	0	0	0	1	0	0	0	8.673765
557	1	1	0	1	0	1	1	0	1	0	0	1	0	0	0	1	0	0	0	0	0	0	5	0	25	0	0	0	0	1.7272	0	0	0	0	0	1	0	0	0	0	0	0	0	0	8.973855
557	0	0	0	0	1	0	0	0	1	0	0	1	0	0	0	1	0	0	0	0	0	4	5	0.1524	25	0.0232258	0	0	0	0	0	0	0	0	4	0	0	0	0	0	0	0	0	0	9.508165
557	0	0	0	0	1	0	0	0	1	1	0	0	0	1	0	1	0	0	0	0	0	0	7	0.1778001	49	0.0316129	0	0	0	0	0	0	0	0	0	0	1	0	0	0	1	0	0	0	8.973855
557	1	0	0	0	1	0	1	1	0	1	0	0	0	0	0	0	0	0	0	0	0	0	6	0.127	36	0.016129	0	0	0	0	0	0	0	0	0	0	0	0	0	0	1	0	0	0	8.673765
559	1	0	0	0	1	0	0	0	1	0	0	1	0	0	0	0	0	0	0	0	-2	0	6	0.0508001	36	0.0025806	0	0	0	0	0	0	0	0	-2	0	1	0	0	0	0	0	1	0	8.525649
559	0	0	0	0	0	1	0	0	1	0	0	0	0	0	0	0	0	0	0	0	0	0	4	0.1778001	16	0.0316129	0	0	0	0	0	0	0	0	0	0	0	0	0	0	1	0	0	0	8.744252
559	0	0	0	0	0	1	0	0	0	0	0	1	0	0	0	0	0	0	0	0	0	0	4	0.0889001	16	0.0079032	0	0	0	0	0	0	0	0	0	0	1	0	0	0	1	0	0	0	8.525649
559	1	1	0	0	2	0	1	0	1	0	0	1	0	0	1	0	0	0	0	0	0	0	6	0.0762	36	0.0058064	0	0	0	0	0	0	0	0	0	1	0	0	0	0	0	0	0	0	8.673765
559	0	0	0	0	3	0	0	0	1	0	0	1	0	0	0	0	0	0	0	0	0	0	2	0.1778001	4	0.0316129	0	0	0	0	0	0	0	0	0	0	1	0	0	0	1	0	0	0	8.099738
559	0	0	0	0	3	0	0	0	0	0	0	0	0	0	0	0	0	0	0	0	0	0	4	0.2032	16	0.0412902	0	0	0	0	0	0	0	0	0	0	1	0	0	0	1	0	0	0	8.744252
559	0	0	0	0	1	0	0	1	0	0	0	0	0	0	0	0	0	0	0	1	-1	0	5	0.127	25	0.016129	0	0	0	0	0	0	0	0	-1	0	1	0	0	0	0	1	0	0	8.673765
559	1	1	0	0	0	1	0	0	1	1	0	0	0	0	0	0	0	0	0	0	0	0	7	0.127	49	0.016129	0	0	0	0	0	0	0	0	0	1	0	0	0	0	0	0	0	0	8.099738
559	1	0	0	0	2	0	0	1	0	0	0	1	0	0	0	0	0	0	1	1	0	0	8	0.2032	64	0.0412902	0	0	0	0	0	0	0	1	0	0	0	0	0	0	1	0	0	0	8.099738
559	1	0	0	1	3	0	1	0	1	0	0	1	0	0	1	0	0	0	1	0	0	0	11	0	121	0	0	0	0	1.7272	0	0	0	1	0	0	0	0	0	0	1	0	0	0	8.099738
559	0	0	0	0	2	0	0	1	0	1	0	0	0	0	0	0	0	0	0	1	0	1	4	0.127	16	0.016129	0	0	0	0	0	0	0	0	1	0	0	0	0	1	0	0	0	0	9.104201
559	0	1	0	0	3	0	0	0	1	0	0	0	0	0	0	0	0	0	0	0	0	0	4	0.1016001	16	0.0103226	0	0	0	0	0	0	0	0	0	1	0	0	0	0	0	0	0	0	8.673765
559	0	1	0	0	3	0	0	0	1	0	0	0	0	0	0	0	0	0	0	0	0	0	7	0.1524	49	0.0232258	0	0	0	0	0	0	0	0	0	1	0	0	0	0	0	0	0	0	8.099738
559	0	1	0	0	0	1	0	1	0	1	0	0	0	0	0	0	0	0	0	1	0	0	12	0.127	144	0.016129	0	0	0	0	0	0	0	0	0	1	0	0	0	0	0	0	0	0	8.099738
559	0	0	0	0	1	0	0	0	1	0	0	0	0	0	0	0	0	0	0	0	0	0	5	0.1524	25	0.0232258	0	0	0	0	0	0	0	0	0	0	0	0	0	0	1	0	0	0	8.673765
560	0	0	0	0	1	0	0	0	0	1	0	0	0	0	0	0	0	0	1	0	0	0	0	0	0	0	30	0	1.6002	0	0	0	0	0	0	0	1	0	0	1	0	0	0	0	8.744252
560	0	1	0	0	1	0	0	1	0	1	0	0	0	0	0	0	0	0	0	0	0	0	0	0	0	0	26	0	1.6002	0	0	0	0	0	0	0	0	0	0	0	0	0	0	0	8.673765
560	0	0	0	0	3	0	0	0	0	1	0	0	0	0	0	0	0	0	1	0	0	0	0	0	0	0	25	0	1.6256	0	0	0	0	0	0	0	1	0	0	1	0	0	0	0	8.613906
560	0	1	0	0	1	0	0	1	0	1	0	0	0	0	0	0	0	0	0	0	0	0	0	0	0	0	26	0	1.6002	0	0	0	0	0	0	0	0	0	0	0	0	0	0	0	8.673765
560	0	0	0	0	1	0	0	1	0	1	0	0	0	0	0	0	0	0	1	0	0	0	0	0	0	0	24	0	1.6256	0	0	0	0	0	0	0	1	0	0	1	0	0	0	0	9.104201
560	0	1	0	0	1	0	1	0	1	0	0	1	0	0	1	1	0	0	0	0	0	0	0	0	0	0	24	0	1.6002	0	0	0	0	0	0	0	0	0	0	0	0	0	0	0	8.673765
560	0	1	0	0	1	0	0	0	1	1	1	0	0	0	0	1	0	0	0	0	0	0	0	0	0	0	24	0	1.6764	0	0	0	0	0	0	0	0	0	0	0	0	0	0	0	8.543419
560	0	0	0	0	1	0	0	1	0	0	0	0	0	0	0	0	0	0	1	0	0	0	0	0	0	0	26	0	1.6256	0	0	0	0	0	0	0	1	0	0	1	0	0	0	0	9.634239
560	0	0	0	0	3	0	0	0	0	0	0	1	0	0	0	0	0	0	1	0	0	0	0	0	0	0	21	0	1.6383	0	0	0	0	0	0	0	1	0	0	1	0	0	0	0	8.673765
560	0	0	1	0	0	1	0	0	1	0	0	1	0	0	0	1	1	0	0	0	-2	0	0	0	0	0	0	0	1.6256	0	0	0	0	0	0	0	0	0	0	0	0	1	0	0	8.673765
560	0	0	0	0	1	0	0	0	0	1	0	0	0	0	0	0	0	0	1	0	0	0	0	0	0	0	27	0	1.5494	0	0	0	0	0	0	0	1	0	0	1	0	0	0	0	8.543419
565	0	0	0	0	2	0	0	1	0	0	0	1	0	0	0	0	0	0	0	0	0	0	5	0.1777999	25	0.0316128	0	0	0	0	0	0	0	0	0	0	0	0	0	0	1	0	0	0	9.044342
565	0	0	0	0	2	0	0	1	0	0	0	0	0	0	0	0	0	0	0	0	0	1	8	0.2032	64	0.0412902	0	0	0	0	0	0	0	0	1	0	0	0	0	1	0	0	0	0	8.543419
565	1	0	0	0	1	0	0	0	0	0	0	0	0	1	0	0	0	0	0	0	0	1	5	0.127	25	0.016129	0	0	0	0	0	0	0	0	1	0	1	0	0	1	0	0	0	0	8.840846
565	0	0	0	0	1	0	0	0	0	0	0	0	0	0	0	0	0	0	1	0	0	0	8	0.1777999	64	0.0316128	0	0	0	0	0	0	0	1	0	0	0	0	0	0	1	0	0	0	8.673765
565	0	0	0	0	1	0	0	0	1	1	1	0	0	1	0	1	0	0	0	0	0	0	8	0.1523999	64	0.0232257	0	0	0	0	0	0	0	0	0	0	1	0	0	0	1	0	0	0	8.744252
565	1	0	1	1	1	0	0	0	0	0	0	0	0	1	0	0	0	0	0	0	0	0	0	0	0	0	0	38	0	1.7526	0	0	0	0	0	0	1	0	0	0	1	0	0	0	8.673765
565	1	1	0	0	2	0	0	0	0	0	0	1	0	1	0	0	0	0	0	0	0	0	10	0.1523999	100	0.0232257	0	0	0	0	0	0	0	0	0	1	1	0	0	0	0	0	0	0	8.744252
565	0	0	0	0	3	0	0	0	0	0	0	1	0	0	0	0	0	0	1	0	0	0	2	0.127	4	0.016129	0	0	0	0	0	0	0	1	0	0	0	0	0	0	1	0	0	0	8.911333
565	0	0	0	0	1	0	0	1	0	1	0	0	0	1	0	0	0	0	0	0	0	1	7	0.1523999	49	0.0232257	0	0	0	0	0	0	0	0	1	0	1	0	0	1	0	0	0	0	8.673765
565	0	0	0	0	1	0	0	1	0	1	0	0	0	1	0	0	0	0	0	0	0	0	10	0.0508	100	0.0025806	0	0	0	0	0	0	0	0	0	0	1	0	0	0	1	0	0	0	8.525649
565	1	0	0	0	1	0	0	1	0	0	0	0	0	1	0	0	0	0	0	0	0	0	5	0.1523999	25	0.0232257	0	0	0	0	0	0	0	0	0	0	1	0	0	0	1	0	0	0	9.444125
565	0	0	0	0	1	0	0	0	1	0	0	1	0	0	0	1	0	0	1	0	0	0	9	0.2032	81	0.0412902	0	0	0	0	0	0	0	1	0	0	0	0	0	0	1	0	0	0	8.956086
565	0	0	0	0	4	0	0	0	1	0	0	1	0	1	0	1	0	0	0	0	0	0	9	0.1523999	81	0.0232257	0	0	0	0	0	0	0	0	0	0	1	0	0	0	1	0	0	0	8.973855
565	0	0	1	0	1	0	0	1	0	1	0	0	0	1	0	0	0	0	0	0	-1	0	0	0.1651	0	0.027258	0	38	0	0	0	0	0	0	-1	0	1	0	0	0	0	1	0	0	8.612476
565	1	0	0	0	1	0	1	0	0	0	0	0	0	0	0	0	0	0	0	0	0	1	8	0.1523999	64	0.0232257	0	0	0	0	0	0	0	0	1	0	0	0	0	1	0	0	0	0	8.973855
569	0	0	0	0	1	0	1	1	0	0	0	1	0	0	1	0	0	0	1	1	0	0	6	0.1524	36	0.0232258	0	0	0	0	0	0	0	0	0	0	0	0	0	0	0	0	1	0	8.744252
569	1	0	0	0	2	0	0	1	0	0	0	1	0	0	0	0	0	0	0	1	0	2	8	0.0762	64	0.0058064	0	0	0	0	0	0	0	0	0	0	1	0	0	0	1	0	0	0	8.744252
569	1	0	0	0	1	0	0	1	0	0	0	1	0	0	0	0	0	0	1	1	0	0	6	0.127	36	0.016129	0	0	0	0	0	0	0	0	0	0	0	0	0	0	0	0	1	0	8.543419
569	0	0	0	1	2	0	1	1	0	0	0	0	0	0	1	0	0	0	0	1	0	1	7	0	49	0	0	0	0	1.7272	0	0	0	0	0	0	0	0	0	0	0	1	0	0	8.744252
569	0	1	0	0	1	0	0	0	1	0	0	0	0	0	0	0	0	0	0	0	0	0	3	0.2032	9	0.0412902	0	0	0	0	0	0	0	0	0	0	0	0	0	0	0	0	0	0	8.840846
569	0	0	0	0	0	1	1	1	0	0	0	1	0	0	1	0	0	0	1	1	0	0	8	0.1778001	64	0.0316129	0	0	0	0	0	0	0	0	0	0	0	0	0	0	0	0	1	0	8.099738
569	0	0	0	1	2	0	0	0	1	0	0	0	0	0	0	0	0	0	0	0	-1	0	6	0	36	0	0	0	0	1.7272	0	0	0	0	0	0	1	0	0	0	0	0	0	1	7.95042
569	0	0	0	0	3	0	0	0	0	0	0	0	0	0	0	0	0	0	1	0	0	0	7	0.2032	49	0.0412902	0	0	0	0	0	0	0	0	0	0	0	0	0	0	0	0	1	0	8.673765
569	0	0	0	0	2	0	1	0	0	0	0	0	0	0	1	0	0	0	0	0	0	1	6	0.127	36	0.016129	0	0	0	0	0	0	0	0	0	0	0	0	0	0	0	1	0	0	8.673765
569	1	0	0	0	1	0	0	1	0	1	0	0	0	0	0	0	0	0	0	1	0	3	5	0.1524	25	0.0232258	0	0	0	0	0	0	0	0	0	0	1	0	0	1	0	0	0	0	8.673765
569	1	0	0	0	2	0	1	1	0	0	0	0	0	0	1	0	0	0	1	1	0	0	6	0.1016001	36	0.0103226	0	0	0	0	0	0	0	0	0	0	0	0	0	0	0	0	1	0	8.673765
569	1	0	0	0	0	1	1	0	0	1	0	0	0	0	1	0	0	0	0	0	0	2	6	0.1016001	36	0.0103226	0	0	0	0	0	0	0	0	0	0	0	0	0	0	1	0	0	0	8.543419
569	0	0	0	0	3	0	0	0	0	0	0	0	0	0	0	0	0	0	1	0	0	0	9	0.1524	81	0.0232258	0	0	0	0	0	0	0	0	0	0	1	0	0	0	0	0	1	0	8.744252
569	0	0	0	0	1	0	0	0	0	0	0	0	0	0	0	0	0	0	1	0	0	0	4	0.2032	16	0.0412902	0	0	0	0	0	0	0	0	0	0	0	0	0	0	0	0	1	0	9.104201
569	0	0	0	0	1	0	0	1	0	0	0	0	0	0	0	0	0	0	0	1	0	0	4	0.0508001	16	0.0025806	0	0	0	0	0	0	0	0	0	0	0	0	0	0	0	0	1	0	8.920962
572	0	0	0	0	1	0	0	0	0	1	0	0	0	1	0	0	0	0	1	0	0	0	10	0.0253999	100	0.0006452	0	0	0	0	0	0	0	0	0	0	1	0	0	0	0	0	0	0	8.099738
572	0	0	1	1	2	0	0	1	0	0	0	0	0	0	0	0	0	0	1	0	0	0	0	0	0	0	0	34	0	1.6256	0	0	0	0	0	0	0	0	0	0	0	0	0	0	8.673765
572	1	0	0	0	4	0	0	0	1	0	0	0	0	0	0	1	0	0	1	0	0	0	8	0.0508	64	0.0025806	0	0	0	0	0	0	0	0	0	0	0	0	0	0	0	0	0	0	8.612476
572	0	0	0	0	3	0	0	0	1	0	0	1	0	1	0	1	0	0	1	0	0	0	8	0	64	0	0	0	0	0	0	0	0	0	0	0	1	0	0	0	0	0	0	0	8.673765
572	1	1	0	0	1	0	0	0	1	0	0	1	0	0	0	1	0	0	0	0	0	0	9	0.0508	81	0.0025806	0	0	0	0	0	0	0	0	0	0	0	0	0	0	0	0	0	0	8.099738
572	0	0	0	0	1	0	0	1	0	0	0	0	0	0	0	0	0	0	1	0	0	0	9	0.0762	81	0.0058064	0	0	0	0	0	0	0	0	0	0	0	0	0	0	0	0	0	0	8.099738
572	0	1	0	1	0	1	0	0	1	1	0	0	0	1	0	1	0	0	0	0	0	0	10	0	100	0	0	0	0	1.6256	0	0	0	0	0	0	1	0	0	0	0	0	0	0	8.099738
572	1	1	0	0	1	0	0	0	0	0	0	0	0	0	0	0	0	0	0	0	0	0	5	0.0762	25	0.0058064	0	0	0	0	0	0	0	0	0	0	0	0	0	0	0	0	0	0	8.612476
572	0	0	0	0	1	0	0	0	0	0	0	1	0	1	0	0	0	0	1	0	0	0	7	0.0508	49	0.0025806	0	0	0	0	0	0	0	0	0	0	1	0	0	0	0	0	0	0	8.673765
572	0	0	0	0	1	0	0	0	1	0	0	1	0	1	0	1	0	0	1	0	0	0	6	0.0762	36	0.0058064	0	0	0	0	0	0	0	0	0	0	1	0	0	0	0	0	0	0	8.673765
572	0	1	0	0	1	0	0	1	0	0	0	1	0	0	0	0	0	0	0	0	0	0	8	0.1015999	64	0.0103225	0	0	0	0	0	0	0	0	0	0	0	0	0	0	0	0	0	0	8.673765
572	0	1	0	0	4	0	0	0	1	0	0	0	0	0	0	1	0	0	0	0	0	0	7	0.0762	49	0.0058064	0	0	0	0	0	0	0	0	0	0	0	0	0	0	0	0	0	0	8.543419
572	1	1	0	0	1	0	0	0	1	1	0	0	0	0	0	1	0	0	0	0	0	0	9	0.0508	81	0.0025806	0	0	0	0	0	0	0	0	0	0	0	0	0	0	0	0	0	0	8.673765
572	0	1	0	0	1	0	0	0	1	1	0	0	0	0	0	1	0	0	0	0	0	0	9	0.0508	81	0.0025806	0	0	0	0	0	0	0	0	0	0	0	0	0	0	0	0	0	0	8.099738
572	1	1	0	0	2	0	0	0	1	0	0	1	0	0	0	1	0	0	0	0	0	0	10	0.0762	100	0.0058064	0	0	0	0	0	0	0	0	0	0	0	0	0	0	0	0	0	0	8.673765
576	1	1	0	0	2	0	0	0	1	0	0	0	0	0	0	1	0	0	0	0	0	0	3	0.0508	9	0.0025806	0	0	0	0	0	0	1	0	0	0	0	0	0	0	0	0	0	0	8.525649
576	1	0	0	1	1	0	1	1	0	1	0	0	0	0	1	0	0	0	1	0	0	0	5	0	25	0	0	0	0	1.6764	1	0	0	0	0	0	0	0	0	0	1	0	0	0	8.099738
576	0	0	0	0	1	0	1	0	1	0	0	0	0	0	1	1	0	0	0	0	0	0	5	0.1142999	25	0.0130645	0	0	0	0	0	0	0	0	0	0	0	0	0	0	1	0	0	0	8.673765
576	0	0	0	0	1	0	0	1	0	0	0	0	0	0	0	0	0	0	1	0	0	0	3	0.0508	9	0.0025806	0	0	0	0	1	0	0	0	0	0	0	0	0	0	1	0	0	0	8.099738
576	0	1	1	1	0	1	1	0	1	0	0	1	0	0	1	1	0	0	0	0	0	0	0	0	0	0	0	25	0	1.6764	0	0	1	0	0	0	0	0	0	0	0	0	0	0	7.95042
576	0	0	0	0	1	0	0	0	0	0	0	1	0	0	0	0	0	0	1	0	0	0	4	0.0761999	16	0.0058064	0	0	0	0	1	0	0	0	0	0	0	0	0	0	1	0	0	0	8.673765
576	1	0	0	0	1	0	0	1	0	0	0	1	0	0	0	0	0	0	1	0	0	0	9	0.0761999	81	0.0058064	0	0	0	0	1	0	0	0	0	0	0	0	0	0	1	0	0	0	9.203803
576	0	0	0	0	1	0	1	1	0	0	0	1	0	0	1	0	0	0	1	0	0	0	7	0.0253999	49	0.0006452	0	0	0	0	1	0	0	0	0	0	0	0	0	0	1	0	0	0	8.099738
576	0	1	0	0	1	0	0	0	0	1	0	0	0	0	0	0	0	0	0	0	0	0	7	0.0508	49	0.0025806	0	0	0	0	0	0	1	0	0	0	1	0	0	0	0	0	0	0	9.203803
576	1	0	0	1	0	1	0	0	1	1	0	0	0	0	0	1	0	0	1	0	0	0	5	0	25	0	0	0	0	1.6764	1	0	0	0	0	0	1	0	0	0	1	0	0	0	8.099738
576	0	1	1	1	0	1	1	0	1	0	0	0	0	0	1	1	0	0	0	0	0	0	0	0	0	0	0	25	0	1.6764	0	0	1	0	0	0	0	0	0	0	0	0	0	0	8.673765
576	1	0	0	0	1	0	1	1	0	0	0	1	0	0	1	0	0	0	1	0	0	0	5	0.0253999	25	0.0006452	0	0	0	0	1	0	0	0	0	0	0	0	0	0	1	0	0	0	8.099738
576	0	0	0	0	1	0	1	1	0	1	1	0	0	0	1	0	0	0	1	0	0	0	6	0.0508	36	0.0025806	0	0	0	0	1	0	0	0	0	0	0	0	0	0	1	0	0	0	8.099738
576	0	0	0	0	2	0	0	0	0	0	0	1	0	0	0	0	0	0	1	0	0	0	1	0.1015999	1	0.0103225	0	0	0	0	1	0	0	0	0	0	1	0	0	0	1	0	0	0	8.543419
576	0	1	0	1	1	0	0	0	1	0	0	1	0	0	0	1	0	0	0	0	0	0	4	0	16	0	0	0	0	1.6764	0	0	1	0	0	0	0	0	0	0	0	0	0	0	8.099738
578	1	0	0	0	1	0	0	1	0	0	0	0	0	1	0	0	0	0	1	1	0	0	5	0.1016001	25	0.0103226	0	0	0	0	0	0	0	1	0	0	1	0	0	0	1	0	0	0	8.525649
578	1	0	0	0	1	0	0	1	0	0	0	0	0	1	0	0	0	0	0	1	-1	0	5	0.2286	25	0.052258	0	0	0	0	0	0	0	0	-1	0	1	0	0	0	0	1	0	0	8.744252
578	0	0	0	0	1	0	0	0	1	0	0	1	0	0	0	0	0	0	0	0	0	0	6	0.2159001	36	0.0466128	0	0	0	0	0	0	0	0	0	0	0	0	0	0	1	0	0	0	8.973855
578	0	0	0	0	1	0	0	0	0	1	0	0	0	1	0	0	0	0	0	0	0	1	2	0.2286	4	0.052258	0	0	0	0	0	0	0	0	1	0	1	0	0	1	0	0	0	0	8.973855
578	1	0	0	0	1	0	0	1	0	0	0	0	0	0	0	0	0	0	1	1	0	0	6	0.1905	36	0.0362903	0	0	0	0	0	0	0	1	0	0	0	0	0	0	1	0	0	0	8.543419
578	0	0	0	0	1	0	0	0	1	1	0	0	0	0	0	0	0	0	1	0	0	0	7	0.2032	49	0.0412902	0	0	0	0	0	0	0	1	0	0	0	0	0	0	1	0	0	0	8.744252
578	0	1	0	0	0	1	0	0	1	0	0	1	0	1	0	0	0	0	0	0	0	0	6	0.2032	36	0.0412902	0	0	0	0	0	0	0	0	0	1	1	0	0	0	0	0	0	0	8.744252
578	0	0	0	0	3	0	0	0	0	0	0	1	0	1	0	0	0	0	0	0	0	0	3	0.2286	9	0.052258	0	0	0	0	0	0	0	0	0	0	1	0	0	0	1	0	0	0	8.69273
578	0	1	0	0	1	0	0	0	1	1	1	0	0	0	0	0	0	0	0	0	0	0	6	0.2413	36	0.0582257	0	0	0	0	0	0	0	0	0	1	0	0	0	0	0	0	0	0	8.779557
578	1	0	0	0	0	1	0	1	0	0	0	0	0	0	0	0	0	0	1	1	0	0	7	0.2286	49	0.052258	0	0	0	0	0	0	0	1	0	0	0	0	0	0	1	0	0	0	8.543419
578	0	0	0	0	1	0	0	0	0	1	0	0	0	0	0	0	0	0	0	0	0	0	10	0.1016001	100	0.0103226	0	0	0	0	0	0	0	0	0	0	0	0	0	0	1	0	0	0	8.099738
578	1	0	0	0	1	0	0	1	0	1	0	0	0	0	0	0	0	0	0	1	0	0	6	0.1778001	36	0.0316129	0	0	0	0	0	0	0	0	0	0	0	0	0	0	1	0	0	0	8.543419
578	0	0	0	0	3	0	0	1	0	0	0	0	0	0	0	0	0	0	0	1	-1	0	10	0.1270001	100	0.016129	0	0	0	0	0	0	0	0	-1	0	0	0	0	0	0	1	0	0	8.744252
578	0	0	0	0	1	0	0	1	0	0	0	0	0	1	0	0	0	0	1	1	0	0	6	0.1524	36	0.0232258	0	0	0	0	0	0	0	1	0	0	1	0	0	0	1	0	0	0	9.104201
578	0	0	0	0	3	0	0	1	0	0	0	0	0	1	0	0	0	0	0	1	-1	0	5	0.2794	25	0.0780644	0	0	0	0	0	0	0	0	-1	0	1	0	0	0	0	1	0	0	8.525649
579	0	0	0	0	1	0	0	0	0	0	0	1	0	0	0	0	0	0	1	0	0	0	11	0.2413	121	0.0582257	0	0	0	0	1	0	0	0	0	0	0	0	1	0	0	0	0	0	8.099738
579	0	0	0	0	1	0	0	1	0	1	1	0	0	0	0	0	0	0	0	1	-3	0	12	0.2032	144	0.0412902	0	0	0	0	0	-3	0	0	0	0	0	0	0	0	0	1	0	0	8.099738
579	0	0	0	0	1	0	0	1	0	1	0	0	0	0	0	0	0	0	1	1	0	0	12	0.2032	144	0.0412902	0	0	0	0	1	0	0	0	0	0	0	0	1	0	0	0	0	0	8.543419
579	0	1	0	0	1	0	0	1	0	0	0	1	0	1	0	0	0	0	0	1	0	0	-1	0.2794	1	0.0780644	0	0	0	0	0	0	1	0	0	0	1	0	0	0	0	0	0	0	8.525649
579	0	1	0	0	0	1	0	0	1	1	0	0	0	0	0	0	0	0	0	0	0	0	15	0.1778001	225	0.0316129	0	0	0	0	0	0	1	0	0	0	0	0	0	0	0	0	0	0	8.099738
579	1	0	0	0	3	0	0	1	0	0	0	1	0	0	0	0	0	0	1	1	0	0	10	0.1778001	100	0.0316129	0	0	0	0	1	0	0	0	0	0	0	0	1	0	0	0	0	0	8.673765
579	1	0	0	0	3	0	0	1	0	0	0	0	0	0	0	0	0	0	1	1	0	0	11	0.2032	121	0.0412902	0	0	0	0	1	0	0	0	0	0	0	0	1	0	0	0	0	0	8.099738
579	0	0	0	0	1	0	0	1	0	1	0	0	0	1	0	0	0	0	0	1	-2	0	5	0.1778001	25	0.0316129	0	0	0	0	0	-2	0	0	0	0	1	0	0	0	1	0	0	0	8.744252
579	0	1	0	1	0	1	0	0	1	0	0	1	0	1	0	0	0	0	0	0	0	0	8	0	64	0	0	0	0	1.8034	0	0	1	0	0	0	1	0	0	0	0	0	0	0	8.099738
579	0	1	0	0	2	0	0	1	0	0	0	0	0	1	0	0	0	0	0	1	0	0	4	0.2032	16	0.0412902	0	0	0	0	0	0	1	0	0	0	1	0	0	0	0	0	0	0	9.174689
579	0	0	0	0	1	0	0	1	0	1	1	0	0	0	0	0	0	0	0	1	-3	0	12	0.2032	144	0.0412902	0	0	0	0	0	-3	0	0	0	0	0	0	0	0	0	1	0	0	8.099738
579	0	0	0	0	1	0	0	1	0	0	0	1	0	0	0	0	0	0	0	1	-1	0	5	0.2794	25	0.0780644	0	0	0	0	0	-1	0	0	0	0	0	0	0	1	0	0	0	0	8.612476
579	1	1	0	0	1	0	0	0	1	0	0	1	0	1	0	0	0	0	0	0	0	0	9	0.2032	81	0.0412902	0	0	0	0	0	0	1	0	0	0	1	0	0	0	0	0	0	0	8.744252
579	1	0	0	0	2	0	0	1	0	0	0	0	0	1	0	0	0	0	1	1	0	0	11	0.1905	121	0.0362903	0	0	0	0	1	0	0	0	0	0	1	0	1	0	0	0	0	0	8.612476
579	0	0	0	0	1	0	0	1	0	0	0	0	0	0	0	0	0	0	1	1	0	0	7	0.2286	49	0.052258	0	0	0	0	1	0	0	0	0	0	0	0	1	0	0	0	0	0	8.673765
579	1	0	0	0	3	0	0	1	0	0	0	0	0	0	0	0	0	0	0	1	-2	0	9	0.2286	81	0.052258	0	0	0	0	0	-2	0	0	0	0	0	0	0	0	1	0	0	0	8.099738
580	0	0	0	0	1	0	0	0	0	0	0	1	0	0	0	0	0	0	1	0	0	0	6	0.2540001	36	0.064516	0	0	0	0	0	0	0	0	0	0	0	0	0	0	1	0	0	0	8.525649
580	1	0	0	0	1	0	1	0	0	0	0	1	0	0	1	0	0	0	1	0	0	0	1	0.1524	1	0.0232258	0	0	0	0	0	0	0	0	0	0	0	0	0	0	1	0	0	0	8.613906
580	0	0	0	0	3	0	0	0	0	0	0	1	0	0	0	0	0	0	1	0	0	0	4	0.2286	16	0.052258	0	0	0	0	0	0	0	0	0	0	0	0	0	0	1	0	0	0	8.744252
580	0	0	0	0	1	0	1	0	1	0	0	1	0	0	1	1	0	0	1	0	0	0	6	0.2286	36	0.052258	0	0	0	0	0	0	0	0	0	0	0	0	0	0	1	0	0	0	8.525649
580	0	0	0	0	1	0	1	0	0	0	0	1	0	0	1	0	0	0	0	0	0	0	2	0.18796	4	0.035329	0	0	0	0	0	0	0	0	0	0	0	0	0	0	1	0	0	0	8.543419
580	1	0	0	0	1	0	1	0	0	0	0	1	0	0	1	0	0	0	0	0	0	1	4	0.1270001	16	0.016129	0	0	0	0	0	0	0	0	0	0	0	0	0	1	0	0	0	0	8.613906
580	0	0	0	0	1	0	0	0	0	1	0	0	0	0	0	0	0	0	0	0	-1	0	3	0.2286	9	0.052258	0	0	0	0	0	0	0	0	0	0	1	0	0	0	0	1	0	0	8.543419
580	1	0	0	0	1	0	0	0	0	0	0	1	0	0	0	0	0	0	0	0	-1	0	2	0.2159001	4	0.0466128	0	0	0	0	0	0	0	0	0	0	1	0	0	0	0	1	0	0	9.044342
580	0	0	0	0	1	0	0	0	0	0	0	0	0	0	0	0	0	0	0	0	0	0	3	0.2540001	9	0.064516	0	0	0	0	0	0	0	0	0	0	1	0	0	0	1	0	0	0	8.744252
580	0	0	0	0	1	0	0	0	0	0	0	0	0	0	0	0	0	0	1	0	0	0	5	0.1778001	25	0.0316129	0	0	0	0	0	0	0	0	0	0	0	0	0	0	1	0	0	0	8.744252
580	1	0	0	0	1	0	0	0	0	1	0	0	0	0	0	0	0	0	0	0	0	1	5	0.1524	25	0.0232258	0	0	0	0	0	0	0	0	0	0	1	0	0	1	0	0	0	0	8.744252
580	0	1	0	0	1	0	0	0	0	0	0	0	0	0	0	0	0	0	0	0	0	0	6	0.2286	36	0.052258	0	0	0	0	0	0	0	0	0	0	0	0	0	0	0	0	0	0	8.673765
580	1	0	0	0	1	0	0	1	0	0	0	1	0	0	0	0	0	0	1	0	0	0	6	0.2032	36	0.0412902	0	0	0	0	0	0	0	0	0	0	1	0	0	0	1	0	0	0	8.744252
580	0	0	0	0	0	1	0	0	0	1	0	0	0	0	0	0	0	0	0	0	0	0	2	0.1778001	4	0.0316129	0	0	0	0	0	0	0	0	0	0	0	0	0	0	1	0	0	0	8.744252
580	0	0	0	0	1	0	0	0	0	0	0	1	0	0	0	0	0	0	1	0	0	0	2	0.2286	4	0.052258	0	0	0	0	0	0	0	0	0	0	1	0	0	0	1	0	0	0	8.744252
582	0	1	0	0	4	0	0	0	1	0	0	1	0	0	0	0	0	0	0	0	0	0	10	0.2032	100	0.0412902	0	0	0	0	0	0	0	0	0	0	1	0	0	0	0	0	0	0	8.525649
582	0	1	1	1	3	0	0	0	0	0	0	1	0	0	0	0	0	0	0	1	0	0	0	0	0	0	0	32	0	1.7272	0	0	0	0	0	0	0	0	0	0	0	0	0	0	8.673765
582	1	0	0	0	0	1	0	0	0	0	0	0	0	0	0	0	0	0	1	1	0	0	10	0.1524	100	0.0232258	0	0	0	0	0	0	0	0	0	0	0	0	0	1	0	0	0	0	8.673765
582	1	0	0	0	1	0	0	0	1	1	0	0	0	0	0	0	0	0	1	0	0	0	8	0.127	64	0.016129	0	0	0	0	0	0	0	0	0	0	0	0	0	1	0	0	0	0	8.673765
582	1	0	0	0	1	0	0	0	0	0	0	1	0	0	0	0	0	0	1	1	0	0	6	0.1524	36	0.0232258	0	0	0	0	0	0	0	0	0	0	0	0	0	1	0	0	0	0	8.673765
582	1	0	0	0	3	0	0	0	0	0	0	1	0	0	0	0	0	0	1	1	0	0	8	0.127	64	0.016129	0	0	0	0	0	0	0	0	0	0	0	0	0	1	0	0	0	0	8.099738
582	0	0	0	0	2	0	0	0	0	0	0	1	0	0	0	0	0	0	1	1	0	0	9	0.0762	81	0.0058064	0	0	0	0	0	0	0	0	0	0	1	0	0	1	0	0	0	0	8.744252
582	0	0	0	0	1	0	0	0	0	1	1	0	0	0	0	0	0	0	1	1	0	0	6	0.1016001	36	0.0103226	0	0	0	0	0	0	0	0	0	0	1	0	0	1	0	0	0	0	8.099738
582	1	0	0	0	1	0	0	0	0	0	0	1	0	0	0	0	0	0	1	1	0	0	6	0.1524	36	0.0232258	0	0	0	0	0	0	0	0	0	0	0	0	0	1	0	0	0	0	8.612476
582	0	0	0	0	3	0	0	0	0	0	0	1	0	0	0	0	0	0	1	1	0	0	8	0.127	64	0.016129	0	0	0	0	0	0	0	0	0	0	0	0	0	1	0	0	0	0	8.099738
582	0	0	0	0	1	0	0	0	0	0	0	0	0	0	0	0	0	0	1	1	0	0	9	0.1524	81	0.0232258	0	0	0	0	0	0	0	0	0	0	1	0	0	1	0	0	0	0	8.099738
582	0	0	0	1	1	0	0	0	0	0	0	0	0	0	0	0	0	0	1	1	0	0	7	0	49	0	0	0	0	1.7272	0	0	0	0	0	0	1	0	0	1	0	0	0	0	8.099738
582	0	0	0	0	3	0	0	0	0	0	0	0	0	0	0	0	0	0	1	1	0	0	9	0.127	81	0.016129	0	0	0	0	0	0	0	0	0	0	1	0	0	1	0	0	0	0	8.099738
582	0	0	0	0	1	0	0	0	0	0	0	0	0	0	0	0	0	0	1	1	0	0	8	0.2032	64	0.0412902	0	0	0	0	0	0	0	0	0	0	1	0	0	1	0	0	0	0	8.673765
582	0	1	0	0	1	0	0	0	0	0	0	0	0	0	0	0	0	0	0	1	0	0	8	0.2032	64	0.0412902	0	0	0	0	0	0	0	0	0	0	1	0	0	0	0	0	0	0	8.099738
583	1	0	0	0	4	0	0	0	0	0	0	1	0	0	0	0	0	0	1	0	0	0	9	0	81	0	0	0	1.5748	0	0	0	0	0	0	0	1	0	0	0	0	0	0	1	8.099738
583	0	1	0	0	1	0	0	0	1	0	0	0	0	0	0	1	0	0	0	0	0	0	10	0	100	0	0	0	1.524	0	0	0	0	0	0	0	0	0	0	0	0	0	0	0	8.543419
583	0	0	0	0	2	0	0	0	0	0	0	0	0	0	0	0	0	0	0	0	0	4	7	0	49	0	0	0	1.6256	0	0	0	0	0	0	0	1	0	0	1	0	0	0	0	8.911333
583	1	0	0	0	3	0	0	1	0	0	0	0	0	0	0	0	0	0	0	0	0	2	10	0	100	0	0	0	1.5494	0	0	0	0	0	0	0	0	0	0	0	0	1	0	0	8.973855
583	1	0	0	0	1	0	0	1	0	0	0	1	0	0	0	0	0	0	0	0	0	3	11	0	121	0	0	0	1.524	0	0	0	0	0	0	0	1	0	0	0	1	0	0	0	9.174689
583	0	0	0	0	2	0	0	0	0	0	0	1	0	0	0	0	0	0	0	0	0	4	9	0	81	0	0	0	1.5494	0	0	0	0	0	0	0	0	0	0	1	0	0	0	0	8.673765
583	0	1	0	0	2	0	1	0	1	0	0	1	0	0	1	1	0	0	0	0	0	0	10	0	100	0	0	0	1.6002	0	0	0	0	0	0	0	0	0	0	0	0	0	0	0	8.27078
583	0	1	0	0	4	0	0	0	0	0	0	1	0	0	0	0	0	0	0	0	0	0	10	0	100	0	0	0	1.3716	0	0	0	0	0	0	0	1	0	0	0	0	0	0	0	8.099738
583	0	1	0	0	1	0	0	0	1	0	0	1	0	0	0	1	0	0	0	0	0	0	10	0	100	0	0	0	1.5367	0	0	0	0	0	0	0	0	0	0	0	0	0	0	0	8.530174
583	1	0	0	0	3	0	0	0	1	0	0	1	0	0	0	1	0	0	0	0	0	2	4	0	16	0	0	0	1.524	0	0	0	0	0	0	0	0	0	0	0	0	1	0	0	8.973855
583	1	1	0	1	1	0	0	0	1	0	0	0	0	0	0	1	0	1	0	0	0	0	10	0	100	0	0	0	0	0	0	0	0	0	0	0	0	0	0	0	0	0	0	0	8.673765
583	0	1	0	0	0	1	0	0	1	0	0	0	0	0	0	1	0	0	0	0	0	0	15	0	225	0	0	0	1.524	0	0	0	0	0	0	0	1	0	0	0	0	0	0	0	9.203803
583	0	0	0	0	2	0	0	0	0	0	0	0	0	0	0	0	0	0	1	0	0	0	16	0	256	0	0	0	1.5748	0	0	0	0	0	0	0	0	0	0	0	0	0	0	1	8.099738
583	0	0	0	0	1	0	0	0	0	0	0	0	0	0	0	0	0	0	0	0	0	2	9	0	81	0	0	0	1.5494	0	0	0	0	0	0	0	1	0	0	0	0	1	0	0	8.673765
583	0	0	0	0	1	0	0	1	0	0	0	0	0	0	0	0	0	0	0	0	0	3	9	0	81	0	0	0	1.524	0	0	0	0	0	0	0	0	0	0	0	1	0	0	0	8.673765
586	1	0	0	0	1	0	0	1	0	0	0	1	0	1	0	0	0	0	1	0	0	0	4	0.127	16	0.016129	0	0	0	0	0	0	0	0	0	0	1	0	0	0	0	0	0	0	7.95042
586	1	1	0	0	1	0	0	1	0	0	0	0	0	1	0	0	0	0	0	0	0	0	4	0.127	16	0.016129	0	0	0	0	0	0	0	0	0	0	1	0	0	0	0	0	0	0	7.95042
586	1	0	0	0	1	0	0	0	0	1	1	0	0	0	0	0	0	0	1	0	0	0	5	0.127	25	0.016129	0	0	0	0	0	0	0	0	0	0	0	0	0	0	0	0	0	0	8.673765
586	0	0	0	0	3	0	0	0	0	0	0	1	0	1	0	0	0	0	0	0	-3	0	5	0.2032	25	0.0412902	0	0	0	0	0	0	0	0	0	0	1	0	0	1	0	0	0	0	8.673765
586	0	0	0	0	0	1	0	1	0	1	1	0	0	1	0	0	0	0	1	0	0	0	-1	0.0508001	1	0.0025806	0	0	0	0	0	0	0	0	0	0	1	0	0	0	0	0	0	0	8.673765
586	1	1	0	0	1	0	0	1	0	0	0	1	0	0	0	0	0	0	0	0	0	0	5	0.1143	25	0.0130645	0	0	0	0	0	0	0	0	0	0	0	0	0	0	0	0	0	0	9.104201
586	0	0	0	0	1	0	1	0	0	1	0	0	0	0	0	0	0	0	1	0	0	0	4	0.0762	16	0.0058064	0	0	0	0	0	0	0	0	0	0	0	0	0	0	0	0	0	0	8.395303
586	1	1	0	0	1	0	1	0	1	0	0	1	0	0	0	1	0	0	0	0	0	0	6	0.0762	36	0.0058064	0	0	0	0	0	0	0	0	0	0	0	0	0	0	0	0	0	0	8.673765
586	0	1	0	0	0	1	0	0	1	0	0	0	0	0	0	1	0	0	0	0	0	0	5	0.0508001	25	0.0025806	0	0	0	0	0	0	0	0	0	0	0	0	0	0	0	0	0	0	8.744252
587	0	0	0	0	1	0	0	1	0	0	0	1	0	0	0	0	0	0	1	0	0	0	5	0.1015999	25	0.0103225	0	0	0	0	1	0	0	0	0	0	1	0	0	1	0	0	0	0	8.673765
587	0	1	0	0	1	0	1	0	1	1	0	0	0	0	1	0	0	0	0	0	0	0	5	0.1523999	25	0.0232257	0	0	0	0	0	0	1	0	0	0	0	0	0	0	0	0	0	0	8.525649
587	0	0	0	0	1	0	0	0	0	0	0	0	0	0	0	0	0	0	1	1	0	0	5	0.0761999	25	0.0058064	0	0	0	0	1	0	0	0	0	0	0	0	0	1	0	0	0	0	8.613906
587	0	0	0	0	1	0	0	1	0	1	0	0	0	0	0	0	0	0	1	0	0	0	4	0.0761999	16	0.0058064	0	0	0	0	1	0	0	0	0	0	1	0	0	1	0	0	0	0	9.378371
587	0	0	0	0	1	0	0	0	0	1	0	0	0	0	0	0	0	0	1	1	0	0	5	0.0761999	25	0.0058064	0	0	0	0	1	0	0	0	0	0	1	0	0	1	0	0	0	0	8.543419
587	0	0	0	0	1	0	1	0	0	0	0	1	0	0	1	0	0	0	0	1	-1	0	4	0.1015999	16	0.0103225	0	0	0	0	0	-1	0	0	0	0	0	0	0	0	1	0	0	0	9.174689
587	1	1	0	0	0	1	0	0	0	0	0	0	0	0	0	0	0	0	0	1	0	0	7	0.0761999	49	0.0058064	0	0	0	0	0	0	1	0	0	0	1	0	0	0	0	0	0	0	8.525649
587	1	0	0	0	1	0	0	0	0	1	0	0	0	0	0	0	0	0	1	1	0	0	7	0.0508	49	0.0025806	0	0	0	0	1	0	0	0	0	0	1	0	0	1	0	0	0	0	8.744252
587	0	0	0	0	1	0	1	1	0	1	0	0	0	0	1	0	0	0	0	0	-1	0	3	0.0508	9	0.0025806	0	0	0	0	0	-1	0	0	0	0	0	0	0	0	1	0	0	0	9.104201
587	0	0	0	0	1	0	1	0	0	0	0	0	0	0	1	0	0	0	0	1	0	2	5	0.1523999	25	0.0232257	0	0	0	0	0	2	0	0	0	0	0	1	0	0	0	0	0	0	8.673765
587	0	0	0	0	1	0	0	0	1	0	0	0	0	0	0	0	0	0	0	0	-2	0	3	0.0508	9	0.0025806	0	0	0	0	0	-2	0	0	0	0	0	0	0	0	0	1	0	0	8.973855
587	1	1	0	0	2	0	0	0	0	0	0	1	0	0	0	0	0	0	0	1	0	0	8	0.0761999	64	0.0058064	0	0	0	0	0	0	1	0	0	0	1	0	0	0	0	0	0	0	8.395303
587	1	0	0	1	1	0	1	0	0	0	0	1	0	0	1	0	0	0	1	1	0	0	6	0	36	0	0	0	0	1.6764	1	0	0	0	0	0	0	0	0	1	0	0	0	0	8.543419
587	0	0	0	0	1	0	0	0	0	1	1	0	0	0	0	0	0	0	1	1	0	0	1	0.0761999	1	0.0058064	0	0	0	0	1	0	0	0	0	0	1	0	0	1	0	0	0	0	7.95042
587	1	0	0	0	1	0	0	0	0	1	0	0	0	0	0	0	0	0	1	1	0	0	5	0.0761999	25	0.0058064	0	0	0	0	1	0	0	0	0	0	0	0	0	1	0	0	0	0	9.104201
593	0	1	0	0	3	0	1	0	1	0	0	0	0	0	1	1	0	0	0	0	0	0	3	0.1015999	9	0.0103225	0	0	0	0	0	0	0	0	0	0	0	0	0	0	0	0	0	0	8.673765
593	1	1	0	0	1	0	0	0	1	1	0	0	0	0	0	1	0	0	0	0	0	0	6	0.0762	36	0.0058064	0	0	0	0	0	0	0	0	0	0	0	0	0	0	0	0	0	0	8.525649
593	0	0	0	0	3	0	0	1	0	0	0	0	0	0	0	0	0	0	1	0	0	0	5	0.0508	25	0.0025806	0	0	0	0	0	0	0	0	0	0	1	0	0	0	0	1	0	0	8.673765
593	1	1	0	0	1	0	0	1	0	1	0	0	0	0	0	0	0	0	0	0	0	0	5	0.0762	25	0.0058064	0	0	0	0	0	0	0	0	0	0	1	0	0	0	0	0	0	0	8.673765
593	1	0	0	0	1	0	0	1	0	1	0	0	0	0	0	0	0	0	1	0	0	0	9	0.0508	81	0.0025806	0	0	0	0	0	0	0	0	0	0	0	0	0	0	0	1	0	0	8.673765
593	0	1	0	0	1	0	0	0	1	0	0	1	0	0	0	1	0	0	0	0	0	0	2	0.0253999	4	0.0006452	0	0	0	0	0	0	0	0	0	0	0	0	0	0	0	0	0	0	8.673765
593	0	1	0	0	3	0	0	0	1	0	0	0	0	0	0	1	0	0	0	0	0	0	7	0.1015999	49	0.0103225	0	0	0	0	0	0	0	0	0	0	0	0	0	0	0	0	0	0	8.099738
593	0	1	0	0	1	0	0	0	1	0	0	1	0	0	0	1	0	0	0	0	0	0	5	0.0508	25	0.0025806	0	0	0	0	0	0	0	0	0	0	1	0	0	0	0	0	0	0	8.673765
593	1	0	0	0	1	0	0	0	0	1	0	0	0	0	0	0	0	0	1	0	0	0	7	0.0508	49	0.0025806	0	0	0	0	0	0	0	0	0	0	1	0	0	0	0	1	0	0	8.673765
593	0	1	0	0	1	0	0	0	1	0	0	1	0	0	0	1	0	0	0	0	0	0	9	0.0508	81	0.0025806	0	0	0	0	0	0	0	0	0	0	0	0	0	0	0	0	0	0	8.099738
593	1	1	0	1	3	0	0	0	1	0	0	0	0	0	0	1	0	0	0	0	0	0	6	0	36	0	0	0	0	1.6256	0	0	0	0	0	0	0	0	0	0	0	0	0	0	8.543419
593	0	0	0	0	1	0	0	1	0	0	0	1	0	0	0	0	0	0	1	0	0	0	7	0	49	0	0	0	0	0	0	0	0	0	0	0	0	0	0	0	0	1	0	0	8.744252
593	0	0	0	0	3	0	0	1	0	0	0	1	0	0	0	0	0	0	0	0	0	1	4	0.0508	16	0.0025806	0	0	0	0	0	0	0	0	0	0	0	0	0	0	1	0	0	0	8.673765
593	0	0	0	0	4	0	0	0	1	0	0	1	0	0	0	1	0	0	1	0	0	0	8	0.0253999	64	0.0006452	0	0	0	0	0	0	0	0	0	0	0	0	0	0	0	1	0	0	8.099738
593	0	0	0	0	3	0	0	1	0	0	0	0	0	0	0	0	0	0	1	0	0	0	8	0.1015999	64	0.0103225	0	0	0	0	0	0	0	0	0	0	1	0	0	0	0	1	0	0	8.673765
604	0	0	0	1	0	1	1	1	0	0	0	0	0	0	0	0	0	0	1	1	0	0	3	0	9	0	0	0	0	1.7272	0	0	0	0	0	0	0	0	0	1	0	0	0	0	9.114422
604	0	1	0	0	2	0	0	1	0	1	0	0	0	1	0	0	0	0	0	1	0	0	4	0.1778001	16	0.0316129	0	0	0	0	0	0	0	0	0	0	1	0	0	0	0	0	0	0	8.613906
604	0	0	0	0	3	0	0	1	0	0	0	1	0	0	0	0	0	0	0	1	-2	0	9	0.1524	81	0.0232258	0	0	0	0	0	0	0	0	0	0	0	0	0	0	0	1	0	0	8.613906
604	1	0	0	0	2	0	0	0	0	0	0	1	0	1	0	0	0	0	0	0	0	2	4	0.127	16	0.016129	0	0	0	0	0	0	0	0	0	0	1	1	0	0	0	0	0	0	8.956086
604	1	0	0	0	1	0	1	1	0	1	0	0	0	0	0	0	0	0	1	1	0	0	3	0.1016001	9	0.0103226	0	0	0	0	0	0	0	0	0	0	0	0	0	1	0	0	0	0	8.673765
604	1	0	0	0	1	0	1	0	1	1	0	0	0	0	0	0	0	0	1	0	0	0	4	0.1016001	16	0.0103226	0	0	0	0	0	0	0	0	0	0	0	0	0	1	0	0	0	0	8.525649
604	0	0	0	0	0	1	1	1	0	0	0	0	0	0	0	0	0	0	1	1	0	0	4	0.2032	16	0.0412902	0	0	0	0	0	0	0	0	0	0	0	0	0	1	0	0	0	0	8.673765
604	1	0	0	0	0	1	0	0	0	0	0	1	0	1	0	0	0	0	1	0	0	0	5	0.1524	25	0.0232258	0	0	0	0	0	0	0	0	0	0	1	0	0	1	0	0	0	0	8.744252
604	0	0	0	1	1	0	0	0	0	0	0	1	0	1	0	0	0	0	0	0	-1	0	2	0	4	0	0	0	0	1.7272	0	0	0	0	0	0	1	0	0	0	1	0	0	0	8.543419
604	1	0	0	0	1	0	1	1	0	0	0	0	0	0	0	0	0	0	1	1	0	0	4	0.1524	16	0.0232258	0	0	0	0	0	0	0	0	0	0	0	0	0	1	0	0	0	0	8.613906
604	0	1	0	0	1	0	1	0	1	0	0	1	0	0	0	0	0	0	0	0	0	0	4	0.1778001	16	0.0316129	0	0	0	0	0	0	0	0	0	0	0	0	0	0	0	0	0	0	8.525649
604	0	0	0	0	1	0	0	0	1	1	0	0	0	1	0	0	0	0	0	0	-1	0	5	0.1778001	25	0.0316129	0	0	0	0	0	0	0	0	0	0	1	0	0	0	1	0	0	0	8.543419
604	0	0	0	0	1	0	0	0	0	1	0	0	0	1	0	0	0	0	0	0	-1	0	4	0.1778001	16	0.0316129	0	0	0	0	0	0	0	0	0	0	1	0	0	0	1	0	0	0	8.744252
604	0	0	0	0	1	0	0	0	0	1	1	0	0	1	0	0	0	0	0	0	-1	0	4	0.2032	16	0.0412902	0	0	0	0	0	0	0	0	0	0	1	0	0	0	1	0	0	0	8.543419
604	0	0	0	0	0	1	1	0	1	0	0	1	0	0	0	0	0	0	1	0	0	0	5	0.1778001	25	0.0316129	0	0	0	0	0	0	0	0	0	0	0	0	0	1	0	0	0	0	8.744252
607	1	0	0	0	1	0	1	0	0	0	0	1	0	0	0	0	0	0	1	1	0	0	8	0.1015999	64	0.0103225	0	0	0	0	0	0	0	1	0	0	0	0	0	0	0	0	0	1	9.043353
607	0	0	0	0	1	0	0	0	0	1	0	0	0	1	0	0	0	0	0	1	0	4	4	0.0634999	16	0.0040322	0	0	0	0	0	0	0	0	4	0	1	0	0	1	0	0	0	0	8.973855
607	0	0	0	0	1	0	0	0	0	0	0	0	0	1	0	0	0	0	1	1	0	0	3	0.1523999	9	0.0232257	0	0	0	0	0	0	0	1	0	0	1	0	0	0	0	0	0	1	8.673765
607	0	0	0	0	0	1	0	1	0	0	0	1	0	1	0	0	0	0	0	0	0	4	4	0.0761999	16	0.0058064	0	0	0	0	0	0	0	0	4	0	1	0	0	1	0	0	0	0	9.377819
607	1	0	0	1	1	0	0	1	0	0	0	1	0	0	0	0	0	0	0	0	0	0	7	0	49	0	0	0	0	1.6764	0	0	0	0	0	0	0	0	0	0	0	0	0	1	9.104201
607	0	1	0	0	3	0	0	0	0	0	0	0	0	0	0	0	0	0	0	1	0	0	8	0.1015999	64	0.0103225	0	0	0	0	0	0	0	0	0	1	0	0	0	0	0	0	0	0	8.840846
607	0	0	0	0	1	0	0	0	0	1	0	0	0	0	0	0	0	0	1	1	0	0	6	0.127	36	0.016129	0	0	0	0	0	0	0	1	0	0	0	0	0	0	0	0	0	1	8.543419
607	0	0	0	0	1	0	0	0	0	1	0	0	0	1	0	0	0	0	1	1	0	0	11	0.1777999	121	0.0316128	0	0	0	0	0	0	0	1	0	0	1	0	0	0	0	0	0	1	8.673765
607	1	0	0	0	1	0	0	0	0	1	1	0	0	0	0	0	0	0	0	1	0	7	5	0.1523999	25	0.0232257	0	0	0	0	0	0	0	0	7	0	0	0	0	0	0	0	0	0	9.174689
607	0	0	0	0	1	0	0	0	0	1	1	0	0	1	0	0	0	0	1	1	0	0	9	0.1523999	81	0.0232257	0	0	0	0	0	0	0	1	0	0	1	0	0	0	0	0	0	1	8.673765
607	0	0	0	0	1	0	0	0	0	1	0	0	0	1	0	0	0	0	1	1	0	0	11	0.0761999	121	0.0058064	0	0	0	0	0	0	0	1	0	0	1	0	0	0	0	0	0	1	8.612476
607	1	1	0	0	1	0	0	0	0	0	0	1	0	0	0	0	0	0	0	1	0	0	7	0.0761999	49	0.0058064	0	0	0	0	0	0	0	0	0	1	0	0	0	0	0	0	0	0	8.973855
607	0	0	0	0	1	0	0	0	0	1	0	0	0	0	0	0	0	0	1	1	0	0	4	0.127	16	0.016129	0	0	0	0	0	0	0	1	0	0	0	0	0	0	0	0	0	1	8.673765
607	0	0	0	0	1	0	0	0	0	0	0	1	0	0	0	0	0	0	1	1	0	0	10	0.1015999	100	0.0103225	0	0	0	0	0	0	0	1	0	0	0	0	0	0	0	0	0	1	8.673765
607	1	1	0	0	2	0	1	0	1	0	0	1	0	0	0	0	0	0	0	0	0	0	8	0.1015999	64	0.0103225	0	0	0	0	0	0	0	0	0	1	0	0	0	0	0	0	0	0	8.543419
609	0	0	0	0	1	0	0	0	1	1	0	0	0	0	0	1	0	0	1	0	0	0	5	0.1777999	25	0.0316128	0	0	0	0	1	0	0	0	0	0	0	0	0	0	0	0	0	0	8.744252
609	1	0	0	0	2	0	0	0	0	1	0	0	0	1	0	0	0	0	1	0	0	0	5	0.1397001	25	0.0195161	0	0	0	0	1	0	0	0	0	0	1	0	0	0	0	0	0	0	8.543419
609	1	0	0	1	1	0	0	0	0	1	0	0	0	0	0	0	0	0	1	0	0	0	5	0	25	0	0	0	0	1.778	1	0	0	0	0	0	0	0	0	0	0	0	0	0	8.744252
609	0	0	0	0	0	1	0	0	0	0	0	1	0	1	0	0	0	0	1	0	0	0	4	0.2539999	16	0.064516	0	0	0	0	1	0	0	0	0	0	1	0	0	0	0	0	0	0	8.744252
609	0	0	0	0	1	0	0	1	0	0	0	1	0	0	0	0	0	0	1	0	0	0	4	0.2032	16	0.0412902	0	0	0	0	1	0	0	0	0	0	0	0	0	0	0	0	0	0	8.673765
609	1	0	0	0	2	0	0	1	0	1	1	0	0	1	0	0	0	0	1	0	0	0	7	0.1777999	49	0.0316128	0	0	0	0	1	0	0	0	0	0	1	0	0	0	0	0	0	0	8.673765
609	0	0	0	0	0	1	0	0	1	0	0	1	0	1	0	1	0	0	1	0	0	0	4	0.2286	16	0.052258	0	0	0	0	1	0	0	0	0	0	1	0	0	0	0	0	0	0	8.543419
609	0	0	0	1	0	1	1	0	0	0	0	1	0	0	0	0	0	0	1	0	0	0	5	0	25	0	0	0	0	1.778	1	0	0	0	0	0	0	0	0	0	0	0	0	0	8.543419
609	0	0	0	0	1	0	0	1	0	1	0	0	0	1	0	0	0	0	1	0	0	0	6	0.2032	36	0.0412902	0	0	0	0	1	0	0	0	0	0	1	0	0	0	0	0	0	0	8.673765
609	1	0	0	0	2	0	0	0	0	0	0	1	0	1	0	0	0	0	1	0	0	0	5	0.1777999	25	0.0316128	0	0	0	0	1	0	0	0	0	0	1	0	0	0	0	0	0	0	9.043353
609	1	0	0	1	0	1	0	0	1	0	0	1	0	1	0	1	0	0	1	0	0	0	4	0	16	0	0	0	0	1.778	1	0	0	0	0	0	1	0	0	0	0	0	0	0	9.013688
609	0	0	0	0	1	0	0	0	1	1	0	0	0	1	0	1	0	0	1	0	0	0	4	0.1777999	16	0.0316128	0	0	0	0	1	0	0	0	0	0	1	0	0	0	0	0	0	0	8.673765
609	0	0	0	1	3	0	0	0	0	0	0	0	0	1	0	0	0	0	1	0	0	0	4	0	16	0	0	0	0	1.778	1	0	0	0	0	0	1	0	0	0	0	0	0	0	8.543419
609	0	1	0	0	0	1	0	1	0	1	0	0	0	0	0	0	0	0	0	0	0	0	9	0.2539999	81	0.064516	0	0	0	0	0	0	1	0	0	0	0	0	0	0	0	0	0	0	8.673765
609	0	0	0	0	1	0	0	1	0	1	0	0	0	0	0	0	0	0	1	0	0	0	4	0.2286	16	0.052258	0	0	0	0	1	0	0	0	0	0	0	0	0	0	0	0	0	0	8.744252
612	0	1	0	0	1	0	0	0	0	1	0	0	0	1	0	0	0	0	0	1	0	0	7	0.0761999	49	0.0058064	0	0	0	0	0	0	0	0	0	0	1	0	0	0	0	0	0	0	8.543419
612	0	0	0	0	1	0	0	0	0	1	0	0	0	0	0	0	0	0	1	1	0	0	8	0.127	64	0.016129	0	0	0	0	0	0	0	0	0	0	0	0	0	0	1	0	0	0	8.543419
612	1	0	1	1	1	0	0	0	0	0	0	0	0	1	0	0	0	0	1	1	0	0	0	0	0	0	0	34	0	1.6764	0	0	0	0	0	0	1	0	0	0	1	0	0	0	7.95042
612	1	0	0	0	1	0	0	0	0	1	0	0	0	1	0	0	0	0	1	1	0	0	9	0.1142999	81	0.0130645	0	0	0	0	0	0	0	0	0	0	1	0	0	0	1	0	0	0	8.744252
612	0	0	0	0	1	0	0	0	0	1	0	0	0	1	0	0	0	0	1	1	0	0	7	0.1015999	49	0.0103225	0	0	0	0	0	0	0	0	0	0	1	0	0	0	1	0	0	0	8.744252
612	0	0	0	0	3	0	0	1	0	0	0	0	0	1	0	0	0	0	0	0	0	1	7	0.0761999	49	0.0058064	0	0	0	0	0	0	0	0	0	0	1	0	0	1	0	0	0	0	8.673765
612	1	0	0	0	1	0	0	0	0	0	0	1	0	1	0	0	0	0	1	1	0	0	9	0.1142999	81	0.0130645	0	0	0	0	0	0	0	0	0	0	1	0	0	0	1	0	0	0	8.613906
612	0	0	0	0	1	0	0	0	1	1	0	0	0	0	0	0	0	0	0	0	0	1	8	0.1015999	64	0.0103225	0	0	0	0	0	0	0	0	0	0	0	0	0	1	0	0	0	0	8.525649
612	0	0	0	0	3	0	0	0	0	0	0	1	0	0	0	0	0	0	1	1	0	0	8	0.127	64	0.016129	0	0	0	0	0	0	0	0	0	0	0	0	0	0	1	0	0	0	8.543419
612	0	0	0	0	1	0	0	0	0	1	1	0	0	1	0	0	0	0	1	1	0	0	7	0.1142999	49	0.0130645	0	0	0	0	0	0	0	0	0	0	1	0	0	0	1	0	0	0	8.673765
612	1	0	0	0	2	0	0	0	1	0	0	0	0	0	0	0	0	0	1	0	0	0	8	0.0508	64	0.0025806	0	0	0	0	0	0	0	0	0	0	0	0	0	0	1	0	0	0	9.174689
612	0	1	0	0	1	0	0	1	0	0	0	0	0	1	0	0	0	0	0	0	0	0	5	0.0761999	25	0.0058064	0	0	0	0	0	0	0	0	0	0	1	0	0	0	0	0	0	0	8.543419
612	1	0	0	1	1	0	0	0	0	1	0	0	0	1	0	0	0	0	1	1	0	0	5	0	25	0	0	0	0	1.6764	0	0	0	0	0	0	1	0	0	0	1	0	0	0	8.744252
612	0	0	0	0	0	1	0	0	0	1	0	0	0	1	0	0	0	0	1	1	0	0	6	0.1523999	36	0.0232257	0	0	0	0	0	0	0	0	0	0	1	0	0	0	1	0	0	0	8.973855
612	0	0	0	0	1	0	0	0	1	1	1	0	0	1	0	0	0	0	0	0	0	1	8	0.0381	64	0.0014516	0	0	0	0	0	0	0	0	0	0	1	0	0	1	0	0	0	0	8.744252
614	1	1	1	1	0	1	1	0	1	0	0	1	0	0	0	0	0	0	0	0	0	0	0	0	0	0	0	38	0	1.778	0	0	0	0	0	0	0	0	0	0	0	0	0	0	7.95042
614	1	0	0	0	1	0	0	1	0	0	0	0	0	1	0	0	0	0	1	1	0	0	6	0.1524	36	0.0232258	0	0	0	0	0	0	0	0	0	0	0	0	0	0	0	0	0	0	8.099738
614	1	0	0	0	3	0	0	1	0	0	0	0	0	1	0	0	0	0	0	1	-5	0	3	0.2286	9	0.052258	0	0	0	0	0	0	0	0	0	0	0	0	0	0	0	1	0	0	8.973855
614	1	0	0	0	1	0	0	1	0	0	0	0	0	1	0	0	0	0	1	1	0	0	3	0.1777999	9	0.0316128	0	0	0	0	0	0	0	0	0	0	0	0	0	0	0	0	0	0	8.380857
614	1	0	0	1	0	1	0	0	0	0	0	0	0	0	0	0	0	0	1	0	0	0	6	0	36	0	0	0	0	1.778	0	0	0	0	0	0	1	0	0	0	0	0	0	0	9.508165
620	1	0	0	0	4	0	0	1	0	0	0	1	0	0	0	0	0	0	0	1	0	1	8	0.1015999	64	0.0103225	0	0	0	0	0	0	0	0	1	0	1	0	0	0	1	0	0	0	8.525649
620	0	0	0	0	1	0	0	1	0	0	0	1	0	0	0	0	0	0	0	1	0	1	3	0.0508	9	0.0025806	0	0	0	0	0	0	0	0	1	0	0	0	0	0	1	0	0	0	9.044342
620	1	0	0	0	2	0	1	1	0	0	0	1	0	0	1	0	0	0	0	1	0	0	3	0.1015999	9	0.0103225	0	0	0	0	0	0	0	0	0	0	0	0	0	0	0	1	0	0	9.044342
620	0	0	0	0	1	0	0	1	0	0	0	1	0	0	0	0	0	0	1	1	0	0	8	0	64	0	0	0	0	0	0	0	0	1	0	0	0	0	0	0	0	1	0	0	8.744252
620	0	0	0	0	3	0	1	0	0	0	0	1	0	0	1	0	0	0	0	0	0	2	5	-0.2667	25	0.0711289	0	0	0	0	0	0	0	0	2	0	0	0	0	1	0	0	0	0	8.099738
620	0	0	0	0	1	0	0	1	0	0	0	1	0	0	0	0	0	0	1	1	0	0	3	0.0253999	9	0.0006452	0	0	0	0	0	0	0	1	0	0	0	0	0	0	0	1	0	0	8.525649
620	1	0	0	0	1	0	1	1	0	1	1	0	0	0	1	0	0	0	0	1	0	1	6	0.0253999	36	0.0006452	0	0	0	0	0	0	0	0	1	0	0	0	0	0	1	0	0	0	8.099738
620	0	1	0	0	3	0	1	0	1	0	0	0	0	0	1	0	0	0	0	0	0	0	3	0.1015999	9	0.0103225	0	0	0	0	0	0	0	0	0	1	0	0	0	0	0	0	0	0	8.612476
620	0	0	0	0	1	0	1	1	0	0	0	0	0	0	1	0	0	0	1	1	0	0	3	-0.0254	9	0.0006452	0	0	0	0	0	0	0	1	0	0	0	0	0	0	0	1	0	0	8.673765
620	0	0	0	0	1	0	1	1	0	1	0	0	0	0	1	0	0	0	0	1	0	0	5	0.0762	25	0.0058064	0	0	0	0	0	0	0	0	0	0	0	0	0	0	0	1	0	0	8.673765
620	1	0	0	0	1	0	0	1	0	0	0	1	0	0	0	0	0	0	1	1	0	0	3	0.1015999	9	0.0103225	0	0	0	0	0	0	0	1	0	0	1	0	0	0	0	1	0	0	8.673765
620	0	0	1	0	1	0	0	1	0	1	0	0	0	0	0	0	0	0	1	1	0	0	0	0.0253999	0	0.0006452	0	31	0	0	0	0	0	1	0	0	0	0	0	0	0	1	0	0	7.95042
620	0	0	0	0	2	0	0	1	0	0	0	0	0	0	0	0	0	0	1	1	0	0	5	0.0762	25	0.0058064	0	0	0	0	0	0	0	1	0	0	0	0	0	0	0	1	0	0	8.395303
620	0	0	0	0	0	1	1	1	0	0	0	0	0	0	1	0	0	0	0	1	0	1	2	0.1015999	4	0.0103225	0	0	0	0	0	0	0	0	1	0	0	0	0	0	1	0	0	0	9.621386
620	1	0	1	0	1	0	0	1	0	0	0	1	0	0	0	0	0	0	1	1	0	0	0	0.0762	0	0.0058064	0	31	0	0	0	0	0	1	0	0	1	0	0	0	0	1	0	0	8.612476
621	0	0	0	0	1	0	0	1	0	0	0	0	0	0	0	0	0	0	1	0	0	0	5	0.0761999	25	0.0058064	0	0	0	0	0	0	0	0	0	0	0	0	0	1	0	0	0	0	9.104201
621	0	0	0	0	0	1	0	0	0	1	0	0	0	0	0	0	0	0	0	1	-2	0	11	0.0127	121	0.0001613	0	0	0	0	0	0	0	0	0	0	1	0	0	0	0	1	0	0	8.543419
621	1	0	0	0	1	0	0	0	0	0	0	0	0	0	0	0	0	0	1	1	0	0	6	0.0508	36	0.0025806	0	0	0	0	0	0	0	0	0	0	0	0	0	1	0	0	0	0	8.744252
621	0	0	0	0	1	0	0	0	0	0	0	0	0	0	0	0	0	0	1	1	0	0	8	0.0761999	64	0.0058064	0	0	0	0	0	0	0	0	0	0	0	0	0	1	0	0	0	0	8.613906
621	1	0	0	0	1	0	1	0	0	0	0	1	0	0	1	0	0	0	1	1	0	0	8	0.0889	64	0.0079032	0	0	0	0	0	0	0	0	0	0	0	0	0	1	0	0	0	0	8.525649
621	0	1	0	0	0	1	1	0	0	1	1	0	0	0	1	0	0	0	0	1	0	0	9	0.0761999	81	0.0058064	0	0	0	0	0	0	0	0	0	0	0	0	0	0	0	0	0	0	8.099738
621	1	0	0	0	1	0	0	0	0	0	0	0	0	0	0	0	0	0	1	1	0	0	7	0.1015999	49	0.0103225	0	0	0	0	0	0	0	0	0	0	1	0	0	1	0	0	0	0	8.744252
621	0	1	0	0	3	0	0	0	0	0	0	0	0	0	0	0	0	0	0	1	0	0	6	0.0889	36	0.0079032	0	0	0	0	0	0	0	0	0	0	0	0	0	0	0	0	0	0	9.013898
621	0	1	0	0	2	0	0	0	0	0	0	1	0	0	0	0	0	0	0	1	0	0	9	0.1015999	81	0.0103225	0	0	0	0	0	0	0	0	0	0	1	0	0	0	0	0	0	0	8.613906
621	0	0	0	0	1	0	0	0	1	1	0	0	0	0	0	0	0	0	0	0	-1	0	4	0.0761999	16	0.0058064	0	0	0	0	0	0	0	0	0	0	1	0	0	0	1	0	0	0	8.744252
621	0	1	0	0	2	0	0	0	1	0	0	0	0	0	0	0	0	0	0	0	0	0	10	0.0381	100	0.0014516	0	0	0	0	0	0	0	0	0	0	0	0	0	0	0	0	0	0	8.744252
621	1	0	0	0	1	0	1	1	0	0	0	0	0	0	1	0	0	0	1	0	0	0	9	0.0761999	81	0.0058064	0	0	0	0	0	0	0	0	0	0	0	0	0	1	0	0	0	0	8.673765
621	1	0	0	0	3	0	1	0	0	1	0	0	0	0	1	0	0	0	1	1	0	0	7	0.0761999	49	0.0058064	0	0	0	0	0	0	0	0	0	0	0	0	0	1	0	0	0	0	8.543419
621	0	0	0	0	1	0	0	0	0	0	0	1	0	0	0	0	0	0	1	1	0	0	8	0.0761999	64	0.0058064	0	0	0	0	0	0	0	0	0	0	0	0	0	1	0	0	0	0	8.543419
621	0	1	0	0	1	0	0	0	1	1	0	0	0	0	0	0	0	0	0	0	0	0	9	0.1015999	81	0.0103225	0	0	0	0	0	0	0	0	0	0	1	0	0	0	0	0	0	0	8.543419
622	1	1	0	1	0	1	0	0	1	0	0	1	0	0	0	0	0	0	0	0	0	0	9	0	81	0	0	0	0	1.651	0	0	0	0	0	0	1	0	0	0	0	0	0	0	8.673765
622	0	1	0	0	1	0	0	1	0	0	0	0	0	0	0	0	0	0	0	1	0	0	4	0.0762	16	0.0058064	0	0	0	0	0	0	0	0	0	0	0	0	0	0	0	0	0	0	8.543419
622	1	0	0	0	2	0	0	0	0	0	0	0	0	0	0	0	0	0	1	0	0	0	9	0.1016001	81	0.0103226	0	0	0	0	0	0	0	0	0	0	0	0	0	0	0	0	0	0	8.543419
622	1	0	0	0	1	0	0	1	0	0	0	1	0	0	0	0	0	0	1	1	0	0	6	0.0762	36	0.0058064	0	0	0	0	0	0	0	0	0	0	0	0	0	0	0	0	0	0	8.543419
622	0	0	0	0	1	0	0	0	1	0	0	0	0	0	0	0	0	0	1	0	0	0	9	0.1016001	81	0.0103226	0	0	0	0	0	0	0	0	0	0	0	0	0	0	0	0	0	0	8.543419
622	0	1	0	0	0	1	0	0	0	0	0	0	0	0	0	0	0	0	0	0	0	0	10	0.0762	100	0.0058064	0	0	0	0	0	0	0	0	0	0	1	0	0	0	0	0	0	0	8.099738
622	0	0	0	0	1	0	0	1	0	1	0	0	0	0	0	0	0	0	1	1	0	0	7	0.127	49	0.016129	0	0	0	0	0	0	0	0	0	0	0	0	0	0	0	0	0	0	9.068585
622	1	1	0	0	1	0	0	0	1	0	0	0	0	0	0	0	0	0	0	0	0	0	6	0.0508	36	0.0025806	0	0	0	0	0	0	0	0	0	0	1	0	0	0	0	0	0	0	8.973855
622	0	0	0	0	1	0	0	1	0	1	1	0	0	0	0	0	0	0	1	1	0	0	8	0.127	64	0.016129	0	0	0	0	0	0	0	0	0	0	0	0	0	0	0	0	0	0	8.543419
622	0	1	0	0	1	0	0	0	0	0	0	0	0	0	0	0	0	0	0	0	0	0	6	0.0508	36	0.0025806	0	0	0	0	0	0	0	0	0	0	0	0	0	0	0	0	0	0	8.744252
622	0	1	0	0	3	0	0	0	1	0	0	1	0	0	0	0	0	0	0	0	0	0	8	0.1778001	64	0.0316129	0	0	0	0	0	0	0	0	0	0	0	0	0	0	0	0	0	0	8.543419
622	0	0	0	0	3	0	0	1	0	0	0	1	0	0	0	0	0	0	1	1	0	0	11	0.127	121	0.016129	0	0	0	0	0	0	0	0	0	0	0	0	0	0	0	0	0	0	8.543419
622	1	1	0	0	1	0	0	0	1	0	0	0	0	0	0	0	0	0	0	0	0	0	7	0.0254	49	0.0006452	0	0	0	0	0	0	0	0	0	0	1	0	0	0	0	0	0	0	8.673765
622	0	0	0	0	1	0	0	0	0	0	0	0	0	0	0	0	0	0	1	0	0	0	11	0.1016001	121	0.0103226	0	0	0	0	0	0	0	0	0	0	0	0	0	0	0	0	0	0	8.543419
622	0	1	0	0	1	0	0	1	0	0	0	1	0	0	0	0	0	0	0	1	0	0	5	0.0508	25	0.0025806	0	0	0	0	0	0	0	0	0	0	1	0	0	0	0	0	0	0	8.612476
624	0	0	0	0	0	1	0	1	0	0	0	1	0	0	0	0	0	0	0	0	0	1	5	0.2794	25	0.0780644	0	0	0	0	0	0	0	0	0	0	1	0	0	1	0	0	0	0	8.673765
624	1	0	0	0	1	0	0	0	0	1	0	0	0	0	0	0	0	0	0	1	0	1	8	0.2794	64	0.0780644	0	0	0	0	0	0	0	0	0	0	1	0	0	1	0	0	0	0	8.825739
624	1	0	0	0	1	0	0	0	0	1	0	0	0	0	0	0	0	0	0	1	0	1	7	0.2286	49	0.052258	0	0	0	0	0	0	0	0	0	0	1	0	0	1	0	0	0	0	8.673765
624	0	0	0	0	1	0	0	0	0	1	1	0	0	0	0	0	0	0	0	1	0	1	6	0.2540001	36	0.064516	0	0	0	0	0	0	0	0	0	0	1	0	0	1	0	0	0	0	8.673765
624	0	0	0	0	1	0	0	0	0	0	0	0	0	0	0	0	0	0	0	1	0	1	11	0.2794	121	0.0780644	0	0	0	0	0	0	0	0	0	0	1	0	0	1	0	0	0	0	8.973855
624	1	0	0	0	1	0	0	0	0	1	0	0	0	0	0	0	0	0	0	1	0	0	9	0.2540001	81	0.064516	0	0	0	0	0	0	0	0	0	0	1	0	0	0	1	0	0	0	8.744252
624	1	0	0	0	1	0	0	0	0	1	0	0	0	0	0	0	0	0	0	1	0	1	5	0.2667	25	0.0711289	0	0	0	0	0	0	0	0	0	0	1	0	0	1	0	0	0	0	8.973855
624	0	1	0	0	1	0	0	0	0	0	0	1	0	0	0	0	0	0	0	1	0	0	8	0.2794	64	0.0780644	0	0	0	0	0	0	0	0	0	0	0	0	0	0	0	0	0	0	8.543419
624	0	0	0	0	1	0	0	0	1	1	1	0	0	0	0	0	0	0	0	0	0	1	5	0.2540001	25	0.064516	0	0	0	0	0	0	0	0	0	0	1	0	0	1	0	0	0	0	8.543419
624	0	1	0	0	1	0	0	0	0	0	0	1	0	0	0	0	0	0	0	1	0	0	7	0.3048	49	0.0929031	0	0	0	0	0	0	0	0	0	0	0	0	0	0	0	0	0	0	8.744252
624	0	0	0	0	1	0	0	0	0	0	0	0	0	0	0	0	0	0	0	1	0	1	9	0.2794	81	0.0780644	0	0	0	0	0	0	0	0	0	0	1	0	0	1	0	0	0	0	8.744252
624	0	0	0	0	0	1	0	0	1	0	0	1	0	0	0	0	0	0	1	0	0	0	8	0.2540001	64	0.064516	0	0	0	0	0	0	0	0	0	0	0	0	0	0	1	0	0	0	8.673765
624	0	0	0	0	1	0	0	0	0	0	0	0	0	0	0	0	0	0	0	1	0	1	5	0.2794	25	0.0780644	0	0	0	0	0	0	0	0	0	0	1	0	0	1	0	0	0	0	9.044342
624	1	0	0	0	1	0	0	0	0	1	0	0	0	0	0	0	0	0	0	1	0	1	11	0.2159001	121	0.0466128	0	0	0	0	0	0	0	0	0	0	1	0	0	1	0	0	0	0	8.543419
624	0	0	0	0	1	0	0	0	0	0	0	0	0	0	0	0	0	0	1	1	0	0	5	0.3048	25	0.0929031	0	0	0	0	0	0	0	0	0	0	1	0	0	0	1	0	0	0	9.508165
625	1	1	0	0	1	0	0	0	1	1	0	0	0	0	0	0	0	0	0	0	0	0	7	0.1143	49	0.0130645	0	0	0	0	0	0	0	0	0	1	1	0	0	0	0	0	0	0	8.673765
625	0	1	1	0	0	1	0	0	1	0	0	1	0	0	0	0	0	0	0	0	0	0	0	0.1015999	0	0.0103225	0	28	0	0	0	0	0	0	0	1	0	0	0	0	0	0	0	0	7.95042
625	0	0	0	0	2	0	0	1	0	0	0	1	0	0	0	0	0	0	1	0	0	0	3	0.1015999	9	0.0103225	0	0	0	0	0	0	0	1	0	0	0	0	0	0	0	1	0	0	8.840846
625	0	1	0	0	1	0	0	0	1	0	0	0	0	0	0	0	0	0	0	0	0	0	5	0.1777999	25	0.0316128	0	0	0	0	0	0	0	0	0	1	0	0	0	0	0	0	0	0	8.673765
625	0	0	0	0	1	0	0	1	0	1	0	0	0	0	0	0	0	0	1	0	0	0	2	0.1524	4	0.0232258	0	0	0	0	0	0	0	1	0	0	0	0	0	0	0	1	0	0	8.744252
625	1	0	0	0	1	0	1	1	0	0	0	1	0	0	1	0	0	0	1	0	0	0	5	0.0889	25	0.0079032	0	0	0	0	0	0	0	1	0	0	0	0	0	0	0	1	0	0	8.673765
625	0	0	0	1	1	0	1	1	0	0	0	0	0	0	1	0	0	0	1	0	0	0	0	0	0	0	0	0	0	1.7018	0	0	0	1	0	0	0	0	0	0	0	1	0	0	8.744252
625	1	0	0	0	1	0	0	1	0	1	0	0	0	0	0	0	0	0	1	0	0	0	5	0.1015999	25	0.0103225	0	0	0	0	0	0	0	1	0	0	0	0	0	0	0	1	0	0	8.099738
625	0	0	0	0	3	0	0	0	0	0	0	1	0	0	0	0	0	0	0	1	0	1	3	0.1524	9	0.0232258	0	0	0	0	0	0	0	0	1	0	1	0	0	0	1	0	0	0	8.973855
625	0	1	0	0	1	0	0	1	0	0	0	0	0	0	0	0	0	0	0	0	0	0	4	0.127	16	0.016129	0	0	0	0	0	0	0	0	0	1	1	0	0	0	0	0	0	0	8.525649
625	0	0	0	0	1	0	1	1	0	0	0	0	0	0	1	0	0	0	1	0	0	0	5	0.1015999	25	0.0103225	0	0	0	0	0	0	0	1	0	0	0	0	0	0	0	1	0	0	8.673765
625	0	0	0	0	3	0	0	0	0	0	0	0	0	0	0	0	0	0	1	1	0	0	4	0.1015999	16	0.0103225	0	0	0	0	0	0	0	1	0	0	1	0	0	0	0	1	0	0	8.673765
625	0	0	0	0	3	0	0	1	0	1	0	0	0	0	0	0	0	0	0	0	0	1	7	0.0762	49	0.0058064	0	0	0	0	0	0	0	0	1	0	1	0	0	0	1	0	0	0	8.673765
625	1	0	0	0	1	0	1	1	0	0	0	1	0	0	1	0	0	0	1	0	0	0	4	0.1777999	16	0.0316128	0	0	0	0	0	0	0	1	0	0	0	0	0	0	0	1	0	0	8.525649
625	1	0	0	0	1	0	0	1	0	0	0	0	0	0	0	0	0	0	1	0	0	0	6	0.0762	36	0.0058064	0	0	0	0	0	0	0	1	0	0	0	0	0	0	0	1	0	0	8.673765
633	0	0	0	0	1	0	0	0	0	0	0	0	0	0	0	0	0	0	0	1	-1	0	3	0.1524	9	0.0232258	0	0	0	0	0	0	0	0	0	0	1	0	0	0	1	0	0	0	9.044342
633	0	0	0	0	3	0	0	0	0	0	0	1	0	0	0	0	0	0	1	1	0	0	4	0.1524	16	0.0232258	0	0	0	0	0	0	0	0	0	0	1	0	0	1	0	0	0	0	8.744252
633	1	0	0	0	1	0	0	0	0	1	0	0	0	0	0	0	0	0	1	1	0	0	4	0.2032	16	0.0412902	0	0	0	0	0	0	0	0	0	0	1	0	0	1	0	0	0	0	9.377819
633	0	1	0	0	0	1	0	0	0	0	0	0	0	0	0	0	0	0	0	1	0	0	4	0.2666999	16	0.0711288	0	0	0	0	0	0	0	0	0	0	1	0	0	0	0	0	0	0	8.525649
633	1	0	0	0	1	0	0	0	0	0	0	1	0	0	0	0	0	0	0	1	0	2	2	0.2032	4	0.0412902	0	0	0	0	0	0	0	0	0	0	1	1	0	0	0	0	0	0	8.543419
633	0	0	0	0	1	0	0	0	0	1	0	0	0	0	0	0	0	0	1	1	0	0	4	0.1905	16	0.0362903	0	0	0	0	0	0	0	0	0	0	1	0	0	1	0	0	0	0	8.44328
633	0	0	0	0	1	0	0	0	0	0	0	1	0	0	0	0	0	0	1	1	0	0	3	0.2285999	9	0.0522579	0	0	0	0	0	0	0	0	0	0	1	0	0	1	0	0	0	0	8.673765
633	1	0	0	0	2	0	0	0	0	1	0	0	0	0	0	0	0	0	1	1	0	0	3	0.2032	9	0.0412902	0	0	0	0	0	0	0	0	0	0	1	0	0	1	0	0	0	0	8.927071
633	0	0	0	0	1	0	0	0	0	1	0	0	0	0	0	0	0	0	1	1	0	0	4	0.1777999	16	0.0316128	0	0	0	0	0	0	0	0	0	0	0	0	0	1	0	0	0	0	8.673765
633	1	0	0	0	2	0	0	0	0	1	0	0	0	0	0	0	0	0	1	1	0	0	4	0.1777999	16	0.0316128	0	0	0	0	0	0	0	0	0	0	1	0	0	1	0	0	0	0	9.19243
633	1	0	0	0	1	0	0	0	0	1	0	0	0	0	0	0	0	0	1	1	0	0	2	0.2285999	4	0.0522579	0	0	0	0	0	0	0	0	0	0	1	0	0	1	0	0	0	0	9.377819
633	0	1	0	0	2	0	0	0	0	0	0	1	0	0	0	0	0	0	0	1	0	0	0	0.2794	0	0.0780644	0	0	0	0	0	0	0	0	0	0	1	0	0	0	0	0	0	0	9.814768
633	0	0	1	0	0	1	0	1	0	0	0	1	0	0	0	0	0	0	1	0	0	0	0	0.2413	0	0.0582257	0	29	0	0	0	0	0	0	0	0	1	0	0	1	0	0	0	0	8.525649
633	0	0	0	0	1	0	0	0	0	1	0	0	0	0	0	0	0	0	1	1	0	0	4	0.1651	16	0.027258	0	0	0	0	0	0	0	0	0	0	1	0	0	1	0	0	0	0	8.543419
633	0	0	0	0	1	0	0	0	0	1	0	0	0	0	0	0	0	0	1	1	0	0	-2	0.2794	4	0.0780644	0	0	0	0	0	0	0	0	0	0	1	0	0	1	0	0	0	0	8.543419
634	1	0	0	0	0	1	0	0	0	0	0	1	0	1	0	0	0	0	1	1	0	0	7	0.1015999	49	0.0103225	0	0	0	0	0	0	0	0	0	0	1	0	0	1	0	0	0	0	8.744252
634	0	0	0	0	3	0	0	0	0	0	0	1	0	0	0	0	0	0	1	1	0	0	6	0.0508	36	0.0025806	0	0	0	0	0	0	0	0	0	0	0	0	0	1	0	0	0	0	8.543419
634	1	0	0	0	2	0	0	0	0	0	0	1	0	0	0	0	0	0	1	1	0	0	5	0.0634999	25	0.0040322	0	0	0	0	0	0	0	0	0	0	0	0	0	1	0	0	0	0	8.543419
634	0	1	0	0	1	0	0	0	1	0	0	0	0	0	0	0	0	0	0	0	0	0	8	0.0761999	64	0.0058064	0	0	0	0	0	0	0	0	0	0	0	0	0	0	0	0	0	0	8.099738
634	0	1	0	0	1	0	0	0	0	1	0	0	0	1	0	0	0	0	0	1	0	0	6	0.0889	36	0.0079032	0	0	0	0	0	0	0	0	0	0	1	0	0	0	0	0	0	0	8.612476
634	0	0	0	0	0	1	1	0	0	0	0	0	0	0	0	0	0	0	1	1	0	0	4	0.0508	16	0.0025806	0	0	0	0	0	0	0	0	0	0	0	0	0	1	0	0	0	0	8.673765
634	1	0	0	0	3	0	0	0	0	0	0	0	0	0	0	0	0	0	1	1	0	0	6	0.0761999	36	0.0058064	0	0	0	0	0	0	0	0	0	0	0	0	0	1	0	0	0	0	8.612476
634	0	0	0	0	1	0	0	0	0	1	0	0	0	1	0	0	0	0	1	1	0	0	5	0.0761999	25	0.0058064	0	0	0	0	0	0	0	0	0	0	1	0	0	1	0	0	0	0	8.612476
634	1	1	0	0	1	0	0	0	0	0	0	1	0	1	0	0	0	0	0	1	0	0	6	0.0761999	36	0.0058064	0	0	0	0	0	0	0	0	0	0	1	0	0	0	0	0	0	0	8.744252
634	0	1	0	0	0	1	0	0	1	0	0	1	0	1	0	0	0	0	0	0	0	0	6	0.0508	36	0.0025806	0	0	0	0	0	0	0	0	0	0	1	0	0	0	0	0	0	0	8.673765
634	0	0	0	0	3	0	0	0	0	0	0	1	0	1	0	0	0	0	1	1	0	0	6	0	36	0	0	0	0	0	0	0	0	0	0	0	1	0	0	1	0	0	0	0	8.744252
634	0	0	0	0	0	1	0	0	0	0	0	0	0	0	0	0	0	0	1	1	0	0	6	0.0761999	36	0.0058064	0	0	0	0	0	0	0	0	0	0	0	0	0	1	0	0	0	0	8.673765
634	0	1	0	0	0	1	0	0	0	0	0	0	0	1	0	0	0	0	0	1	0	0	5	0.0761999	25	0.0058064	0	0	0	0	0	0	0	0	0	0	1	0	0	0	0	0	0	0	8.673765
634	0	1	0	0	1	0	0	0	1	0	0	0	0	0	0	0	0	0	0	0	0	0	8	0.127	64	0.016129	0	0	0	0	0	0	0	0	0	0	0	0	0	0	0	0	0	0	8.744252
634	1	1	0	0	1	0	0	0	1	1	0	0	0	1	0	0	0	0	0	0	0	0	7	0.1015999	49	0.0103225	0	0	0	0	0	0	0	0	0	0	1	0	0	0	0	0	0	0	8.744252
639	0	1	0	0	3	0	0	0	1	0	0	1	0	0	0	0	0	0	0	0	0	0	4	0.0254	16	0.0006452	0	0	0	0	0	0	0	0	0	0	0	0	0	0	0	0	0	0	8.673765
639	0	0	0	0	1	0	0	0	0	0	0	0	0	0	0	0	0	0	1	0	0	0	5	0	25	0	0	0	0	0	0	0	0	0	0	0	0	0	0	1	0	0	0	0	8.543419
639	0	0	0	0	1	0	0	1	0	0	0	1	0	0	0	0	0	0	1	1	0	0	6	0.0254	36	0.0006452	0	0	0	0	0	0	0	0	0	0	1	0	0	1	0	0	0	0	8.099738
639	0	0	0	0	1	0	0	0	0	0	0	0	0	0	0	0	0	0	1	0	0	0	2	0	4	0	0	0	0	0	0	0	0	0	0	0	1	0	0	1	0	0	0	0	8.673765
639	0	0	0	0	1	0	0	1	0	0	0	1	0	0	0	0	0	0	1	1	0	0	3	0.0127001	9	0.0001613	0	0	0	0	0	0	0	0	0	0	1	0	0	1	0	0	0	0	8.673765
639	0	1	0	0	0	1	0	0	1	1	0	0	0	0	0	0	0	0	0	0	0	0	4	0.0508001	16	0.0025806	0	0	0	0	0	0	0	0	0	0	0	0	0	0	0	0	0	0	8.744252
639	1	0	0	0	1	0	0	1	0	0	0	0	0	0	0	0	0	0	1	1	0	0	6	0.0508001	36	0.0025806	0	0	0	0	0	0	0	0	0	0	1	0	0	1	0	0	0	0	8.673765
639	0	1	0	0	1	0	0	0	1	0	0	0	0	0	0	0	0	0	0	0	0	0	5	-0.0253999	25	0.0006452	0	0	0	0	0	0	0	0	0	0	0	0	0	0	0	0	0	0	8.395303
639	1	0	0	0	1	0	0	0	0	1	0	0	0	0	0	0	0	0	1	0	0	0	6	0	36	0	0	0	0	0	0	0	0	0	0	0	0	0	0	1	0	0	0	0	8.543419
639	1	0	0	0	1	0	0	1	0	0	0	1	0	0	0	0	0	0	1	1	0	0	4	0.0762	16	0.0058064	0	0	0	0	0	0	0	0	0	0	0	0	0	1	0	0	0	0	8.673765
639	1	0	0	0	2	0	0	1	0	0	0	0	0	0	0	0	0	0	1	1	0	0	2	0.0254	4	0.0006452	0	0	0	0	0	0	0	0	0	0	0	0	0	1	0	0	0	0	9.044342
639	0	0	0	0	1	0	0	0	1	0	0	0	0	0	0	0	0	0	1	0	0	0	4	0.0254	16	0.0006452	0	0	0	0	0	0	0	0	0	0	0	0	0	1	0	0	0	0	8.744252
639	0	0	0	0	3	0	0	1	0	0	0	0	0	0	0	0	0	0	1	1	0	0	2	0.0762	4	0.0058064	0	0	0	0	0	0	0	0	0	0	1	0	0	1	0	0	0	0	9.174689
639	0	0	0	0	2	0	0	0	0	0	0	1	0	0	0	0	0	0	1	0	0	0	2	0.0762	4	0.0058064	0	0	0	0	0	0	0	0	0	0	0	0	0	1	0	0	0	0	8.395303
639	1	0	0	0	1	0	0	0	1	0	0	1	0	0	0	0	0	0	1	0	0	0	3	0	9	0	0	0	0	0	0	0	0	0	0	0	1	0	0	1	0	0	0	0	9.044342
647	1	1	0	1	1	0	0	0	1	0	0	0	0	0	0	1	0	0	0	0	0	0	7	0	49	0	0	0	0	1.651	0	0	0	0	0	0	1	0	0	0	0	0	0	0	8.099738
647	0	1	0	0	3	0	0	0	1	0	0	0	0	1	0	1	0	0	0	0	0	0	6	0.0508	36	0.0025806	0	0	0	0	0	0	0	0	0	0	0	0	0	0	0	0	0	0	8.099738
647	0	1	0	0	1	0	0	1	0	1	0	0	0	1	0	0	0	0	0	0	0	0	5	0.1016001	25	0.0103226	0	0	0	0	0	0	0	0	0	0	0	0	0	0	0	0	0	0	8.099738
647	0	1	1	1	3	0	0	0	1	0	0	1	0	1	0	1	0	0	0	0	0	0	0	0	0	0	0	25	0	1.651	0	0	0	0	0	0	0	0	0	0	0	0	0	0	9.203803
647	0	1	0	0	1	0	0	0	0	1	1	0	0	0	0	0	0	0	0	0	0	0	8	0.0508	64	0.0025806	0	0	0	0	0	0	0	0	0	0	1	0	0	0	0	0	0	0	8.099738
647	0	1	0	0	3	0	1	0	1	0	0	1	0	0	0	1	0	0	0	0	0	0	6	0	36	0	0	0	0	0	0	0	0	0	0	0	0	0	0	0	0	0	0	0	8.099738
647	1	1	1	1	0	1	0	0	1	0	0	1	0	1	0	1	0	0	0	0	0	0	0	0	0	0	0	25	0	1.651	0	0	0	0	0	0	0	0	0	0	0	0	0	0	8.099738
647	0	0	0	1	1	0	0	0	0	0	0	0	0	0	0	0	0	0	0	0	-3	0	7	0	49	0	0	0	0	1.651	0	0	0	0	0	0	1	0	0	1	0	0	0	0	8.099738
647	1	1	0	0	1	0	0	0	1	0	0	0	0	1	0	1	0	0	0	0	0	0	3	0.0254	9	0.0006452	0	0	0	0	0	0	0	0	0	0	0	0	0	0	0	0	0	0	8.099738
647	1	1	0	1	0	1	0	0	1	0	0	1	0	1	0	1	0	0	0	0	0	0	9	0	81	0	0	0	0	1.651	0	0	0	0	0	0	0	0	0	0	0	0	0	0	8.099738
647	0	0	0	0	1	0	0	0	1	1	1	0	0	1	0	1	0	0	1	0	0	0	4	0.0508	16	0.0025806	0	0	0	0	0	0	0	0	0	0	0	0	0	0	0	0	0	0	8.099738
647	0	1	0	0	2	0	0	0	1	1	0	0	0	1	0	1	0	0	0	0	0	0	7	0.1524	49	0.0232258	0	0	0	0	0	0	0	0	0	0	0	0	0	0	0	0	0	0	8.099738
647	0	1	0	0	0	1	0	0	0	0	0	1	0	0	0	0	0	0	0	0	0	0	0	0.1016001	0	0.0103226	0	0	0	0	0	0	0	0	0	0	1	0	0	0	0	0	0	0	8.673765
647	1	1	1	0	1	0	0	0	1	0	0	0	0	1	0	1	0	0	0	0	0	0	0	0.1016001	0	0.0103226	0	25	0	0	0	0	0	0	0	0	0	0	0	0	0	0	0	0	8.099738
647	0	1	0	0	1	0	0	0	0	0	0	1	0	0	0	0	0	0	0	0	0	0	7	0.0762	49	0.0058064	0	0	0	0	0	0	0	0	0	0	1	0	0	0	0	0	0	0	8.099738
648	0	0	0	0	2	0	1	1	0	0	0	1	0	0	0	0	0	0	1	0	0	0	5	0.1777999	25	0.0316128	0	0	0	0	0	0	0	0	0	0	0	0	0	0	0	0	0	0	8.673765
648	1	0	0	0	3	0	0	1	0	0	0	0	0	0	0	0	0	0	1	0	0	0	5	0.1524	25	0.0232258	0	0	0	0	0	0	0	0	0	0	0	0	0	0	0	0	0	0	8.673765
648	0	0	0	0	1	0	0	1	0	1	0	0	0	0	0	0	0	0	1	0	0	0	4	0.2032	16	0.0412902	0	0	0	0	0	0	0	0	0	0	0	0	0	0	0	0	0	0	8.744252
648	1	1	0	0	3	0	1	1	0	0	0	1	0	0	0	0	0	0	0	0	0	0	4	0.1777999	16	0.0316128	0	0	0	0	0	0	0	0	0	0	0	0	0	0	0	0	0	0	8.543419
648	0	0	0	0	1	0	0	1	0	1	0	0	0	1	0	0	0	0	1	0	0	0	6	0.1524	36	0.0232258	0	0	0	0	0	0	0	0	0	0	1	0	0	0	0	0	0	0	8.099738
648	0	0	0	0	2	0	1	1	0	0	0	0	0	0	0	0	0	0	0	0	-5	0	4	0.2032	16	0.0412902	0	0	0	0	0	0	0	0	0	0	0	0	0	0	0	1	0	0	8.973855
648	0	1	0	0	0	1	0	0	1	0	0	1	0	0	0	1	0	0	0	0	0	0	5	0.1777999	25	0.0316128	0	0	0	0	0	0	0	0	0	0	0	0	0	0	0	0	0	0	8.673765
648	1	1	0	0	1	0	1	1	0	1	0	0	0	0	0	0	0	0	0	0	0	0	7	0.1777999	49	0.0316128	0	0	0	0	0	0	0	0	0	0	0	0	0	0	0	0	0	0	8.099738
648	0	1	0	0	3	0	1	0	1	0	0	0	0	0	0	1	0	0	0	0	0	0	5	0.2539999	25	0.064516	0	0	0	0	0	0	0	0	0	0	0	0	0	0	0	0	0	0	8.744252
648	0	0	0	0	1	0	0	1	0	0	0	0	0	0	0	0	0	0	1	0	0	0	3	0.1777999	9	0.0316128	0	0	0	0	0	0	0	0	0	0	0	0	0	0	0	0	0	0	8.673765
648	0	0	0	0	2	0	0	1	0	0	0	1	0	0	0	0	0	0	1	0	0	0	3	0.2032	9	0.0412902	0	0	0	0	0	0	0	0	0	0	0	0	0	0	0	0	0	0	8.543419
648	1	1	0	0	1	0	0	1	0	1	1	0	0	1	0	0	0	0	0	0	0	0	3	0.1777999	9	0.0316128	0	0	0	0	0	0	0	0	0	0	1	0	0	0	0	0	0	0	8.744252
648	0	0	0	0	0	1	0	0	0	1	0	0	0	0	0	0	0	0	1	0	0	0	4	0.2539999	16	0.064516	0	0	0	0	0	0	0	0	0	0	0	0	0	0	0	0	0	0	8.673765
648	1	1	0	0	0	1	0	1	0	0	0	0	0	1	0	0	0	0	0	0	0	0	4	0.1777999	16	0.0316128	0	0	0	0	0	0	0	0	0	0	1	0	0	0	0	0	0	0	8.673765
648	0	0	0	0	1	0	1	1	0	1	0	0	0	0	0	0	0	0	1	0	0	0	10	0.2032	100	0.0412902	0	0	0	0	0	0	0	0	0	0	0	0	0	0	0	0	0	0	8.099738
649	0	0	0	0	2	0	0	1	0	0	0	0	0	0	0	0	0	0	1	1	0	0	8	0.0508	64	0.0025806	0	0	0	0	0	0	0	1	0	0	0	0	0	0	1	0	0	0	8.673765
649	0	0	0	0	1	0	0	1	0	0	0	0	0	0	0	0	0	0	0	1	0	0	6	0.0253999	36	0.0006452	0	0	0	0	0	0	0	0	0	0	0	0	0	0	1	0	0	0	8.525649
649	1	0	0	0	1	0	0	0	0	0	0	0	0	1	0	0	0	0	0	0	0	1	5	0.0253999	25	0.0006452	0	0	0	0	0	0	0	0	1	0	1	0	0	1	0	0	0	0	8.673765
649	0	1	0	0	1	0	0	0	1	0	0	1	0	1	0	0	0	0	0	0	0	0	7	0.0508	49	0.0025806	0	0	0	0	0	0	0	0	0	1	1	0	0	0	0	0	0	0	8.612476
649	1	0	0	0	0	1	1	0	0	1	0	0	0	0	0	0	0	0	0	0	0	0	4	0	16	0	0	0	0	0	0	0	0	0	0	0	0	0	0	0	1	0	0	0	8.543419
649	0	0	0	0	1	0	1	1	0	1	0	0	0	0	0	0	0	0	0	1	0	0	5	0.0253999	25	0.0006452	0	0	0	0	0	0	0	0	0	0	0	0	0	0	1	0	0	0	8.673765
649	0	0	0	0	1	0	0	1	0	0	0	1	0	0	0	0	0	0	0	1	0	0	8	0.0253999	64	0.0006452	0	0	0	0	0	0	0	0	0	0	0	0	0	0	1	0	0	0	8.673765
649	0	0	0	0	1	0	0	1	0	0	0	0	0	1	0	0	0	0	0	1	0	1	7	0.0508	49	0.0025806	0	0	0	0	0	0	0	0	1	0	1	0	0	1	0	0	0	0	8.673765
649	0	1	0	0	1	0	0	0	1	0	0	1	0	1	0	0	0	0	0	0	0	0	8	0.0253999	64	0.0006452	0	0	0	0	0	0	0	0	0	1	1	0	0	0	0	0	0	0	8.673765
649	1	1	1	1	3	0	0	0	1	0	0	1	0	1	0	0	0	0	0	0	0	0	0	0	0	0	0	31	0	1.6256	0	0	0	0	0	1	1	0	0	0	0	0	0	0	8.673765
649	0	0	0	0	1	0	0	0	0	0	0	0	0	1	0	0	0	0	1	0	0	0	5	0.0253999	25	0.0006452	0	0	0	0	0	0	0	1	0	0	1	0	0	0	1	0	0	0	8.673765
649	1	1	0	0	1	0	1	0	1	0	0	1	0	0	0	0	0	0	0	0	0	0	4	0.0508	16	0.0025806	0	0	0	0	0	0	0	0	0	1	0	0	0	0	0	0	0	0	8.673765
649	0	0	0	0	1	0	0	1	0	1	0	0	0	0	0	0	0	0	0	1	0	0	6	0.0253999	36	0.0006452	0	0	0	0	0	0	0	0	0	0	0	0	0	0	1	0	0	0	8.744252
649	0	0	0	0	1	0	0	0	1	0	0	0	0	0	0	0	0	0	0	0	0	1	8	0.0762	64	0.0058064	0	0	0	0	0	0	0	0	1	0	0	0	0	1	0	0	0	0	8.673765
649	1	0	0	0	1	0	0	1	0	0	0	0	0	1	0	0	0	0	0	1	-1	0	9	0.1015999	81	0.0103225	0	0	0	0	0	0	0	0	-1	0	1	0	0	0	0	1	0	0	8.525649
650	1	1	0	0	1	0	0	0	0	0	0	1	0	0	0	0	0	0	0	0	0	0	4	0.0254	16	0.0006452	0	0	0	0	0	0	0	0	0	0	1	0	0	0	0	0	0	0	8.673765
650	0	0	0	0	0	1	0	0	0	0	0	1	0	0	0	0	0	0	0	0	-1	0	4	0.1524	16	0.0232258	0	0	0	0	0	0	0	0	0	0	1	1	0	0	0	0	0	0	8.673765
650	1	0	0	0	1	0	0	0	0	0	0	0	0	0	0	0	0	0	1	0	0	0	5	0.1778001	25	0.0316129	0	0	0	0	0	0	0	0	0	0	0	0	0	0	0	0	0	0	8.673765
650	0	1	0	0	3	0	0	0	1	0	0	1	0	0	0	0	0	0	0	0	0	0	10	0.0508	100	0.0025806	0	0	0	0	0	0	0	0	0	0	0	0	0	0	0	0	0	0	8.673765
650	0	0	0	0	1	0	0	1	0	0	0	1	0	0	0	0	0	0	1	1	0	0	10	0.0762	100	0.0058064	0	0	0	0	0	0	0	0	0	0	0	0	0	0	0	0	0	0	8.612476
650	0	0	0	0	1	0	0	0	0	0	0	1	0	0	0	0	0	0	0	0	-4	0	13	0.1016001	169	0.0103226	0	0	0	0	0	0	0	0	0	0	1	0	0	0	1	0	0	0	8.744252
650	0	0	0	0	1	0	0	1	0	0	0	0	0	0	0	0	0	0	1	1	0	0	4	0.0635	16	0.0040323	0	0	0	0	0	0	0	0	0	0	0	0	0	0	0	0	0	0	8.973855
650	0	1	0	0	3	0	0	0	0	0	0	1	0	0	0	0	0	0	0	0	0	0	6	0.0762	36	0.0058064	0	0	0	0	0	0	0	0	0	0	1	0	0	0	0	0	0	0	8.673765
650	0	1	0	0	3	0	0	0	0	0	0	1	0	0	0	0	0	0	0	0	0	0	8	0.0508	64	0.0025806	0	0	0	0	0	0	0	0	0	0	1	0	0	0	0	0	0	0	8.612476
650	1	0	0	1	0	1	0	1	0	1	0	0	0	0	0	0	0	0	1	1	0	0	10	0	100	0	0	0	0	1.651	0	0	0	0	0	0	0	0	0	0	0	0	0	0	8.673765
650	1	0	0	0	2	0	0	1	0	0	0	0	0	0	0	0	0	0	1	1	0	0	4	0.0254	16	0.0006452	0	0	0	0	0	0	0	0	0	0	0	0	0	0	0	0	0	0	8.525649
650	0	0	0	0	1	0	0	1	0	0	0	0	0	0	0	0	0	0	0	1	-3	0	7	0.0254	49	0.0006452	0	0	0	0	0	0	0	0	0	0	0	0	0	1	0	0	0	0	9.104201
650	1	0	0	0	1	0	0	1	0	1	0	0	0	0	0	0	0	0	1	1	0	0	4	0.0508	16	0.0025806	0	0	0	0	0	0	0	0	0	0	1	0	0	0	0	0	0	0	8.973855
650	0	0	0	1	0	1	0	1	0	0	0	0	0	0	0	0	0	0	1	1	0	0	2	0	4	0	0	0	0	1.651	0	0	0	0	0	0	0	0	0	0	0	0	0	0	8.543419
650	0	0	0	0	0	1	0	1	0	0	0	1	0	0	0	0	0	0	0	1	-3	0	4	0.0508	16	0.0025806	0	0	0	0	0	0	0	0	0	0	1	0	0	1	0	0	0	0	9.377819
653	0	0	0	0	2	0	0	0	0	0	0	0	0	0	0	0	0	0	1	0	0	0	5	0.0508	25	0.0025806	0	0	0	0	0	0	0	0	0	0	1	0	0	0	0	0	1	0	9.104201
653	0	1	0	0	1	0	0	0	0	1	0	0	0	0	0	0	0	0	0	0	0	0	5	0.0762	25	0.0058064	0	0	0	0	0	0	0	0	0	0	0	0	0	0	0	0	0	0	8.525649
653	1	0	0	0	1	0	0	0	0	0	0	0	0	0	0	0	0	0	1	0	0	0	9	0.0762	81	0.0058064	0	0	0	0	0	0	0	0	0	0	0	0	0	0	0	0	1	0	8.099738
653	0	1	0	1	0	1	0	0	1	0	0	1	0	0	0	1	0	0	0	0	0	0	10	0	100	0	0	0	0	1.6256	0	0	0	0	0	0	0	0	0	0	0	0	0	0	8.673765
653	0	1	0	0	1	0	0	0	1	0	0	1	0	0	0	1	0	0	0	0	0	0	3	0.0508	9	0.0025806	0	0	0	0	0	0	0	0	0	0	0	0	0	0	0	0	0	0	8.543419
653	0	1	0	0	1	0	0	0	1	1	0	0	0	0	0	1	0	0	0	0	0	0	7	0.0762	49	0.0058064	0	0	0	0	0	0	0	0	0	0	0	0	0	0	0	0	0	0	8.099738
653	0	0	0	0	1	0	0	0	1	0	0	0	0	0	0	1	0	0	0	0	0	0	9	0.0508	81	0.0025806	0	0	0	0	0	0	0	0	0	0	0	0	0	0	0	0	1	0	8.099738
653	0	1	0	0	4	0	0	0	0	0	0	1	0	0	0	0	0	0	0	0	0	0	5	0.2539999	25	0.064516	0	0	0	0	0	0	0	0	0	0	1	0	0	0	0	0	0	0	8.099738
653	1	1	0	0	1	0	0	0	1	1	0	0	0	0	0	1	0	0	0	0	0	0	11	0.1015999	121	0.0103225	0	0	0	0	0	0	0	0	0	0	0	0	0	0	0	0	0	0	8.525649
653	0	0	0	0	1	0	0	0	0	0	0	0	0	0	0	0	0	0	0	0	-1	0	5	0.0508	25	0.0025806	0	0	0	0	0	0	0	0	0	0	1	0	0	0	0	0	0	1	8.673765
653	0	0	0	0	1	0	0	1	0	0	0	1	0	0	0	0	0	0	1	0	0	0	11	0.1015999	121	0.0103225	0	0	0	0	0	0	0	0	0	0	0	0	0	0	0	0	1	0	8.673765
653	1	1	0	0	1	0	0	0	1	0	0	1	0	0	0	1	0	0	0	0	0	0	11	0.0762	121	0.0058064	0	0	0	0	0	0	0	0	0	0	0	0	0	0	0	0	0	0	8.099738
653	1	0	0	0	2	0	0	0	1	0	0	0	0	0	0	1	0	0	1	0	0	0	6	0.0762	36	0.0058064	0	0	0	0	0	0	0	0	0	0	1	0	0	0	0	0	1	0	9.043353
653	1	0	0	0	1	0	0	0	0	0	0	1	0	0	0	0	0	0	0	0	0	2	10	0.0889	100	0.0079032	0	0	0	0	0	0	0	0	0	0	1	0	0	0	1	0	0	0	8.673765
653	0	1	0	0	0	1	0	0	0	0	0	1	0	0	0	0	0	0	0	0	0	0	13	0.0762	169	0.0058064	0	0	0	0	0	0	0	0	0	0	0	0	0	0	0	0	0	0	8.673765
657	0	1	0	0	1	0	1	0	0	0	0	1	0	0	0	0	0	0	0	0	0	0	6	0.1777999	36	0.0316128	0	0	0	0	0	0	0	0	0	0	0	0	0	0	0	0	0	0	8.973855
657	0	0	0	0	1	0	0	0	1	0	0	0	0	0	0	1	0	0	0	0	-1	0	5	0.127	25	0.016129	0	0	0	0	0	0	0	0	0	0	1	1	0	0	0	0	0	0	8.525649
657	0	0	0	0	0	1	0	0	0	0	0	1	0	0	0	0	0	0	1	0	0	0	4	0.1524	16	0.0232258	0	0	0	0	0	0	0	0	0	0	1	0	0	0	0	0	0	0	8.744252
657	0	0	0	0	1	0	0	0	1	0	0	1	0	0	0	1	0	0	1	0	0	0	6	0.1015999	36	0.0103225	0	0	0	0	0	0	0	0	0	0	1	0	0	0	0	0	0	0	8.744252
657	1	0	0	0	0	1	1	0	1	1	0	0	0	0	0	1	0	0	1	0	0	0	5	0.1015999	25	0.0103225	0	0	0	0	0	0	0	0	0	0	0	0	0	0	0	0	0	0	8.744252
657	0	1	0	0	1	0	1	0	1	0	0	0	0	0	0	1	0	0	0	0	0	0	2	0.1015999	4	0.0103225	0	0	0	0	0	0	0	0	0	0	0	0	0	0	0	0	0	0	9.514612
657	0	0	0	0	1	0	0	0	0	1	0	0	0	0	0	0	0	0	1	0	0	0	4	0.1015999	16	0.0103225	0	0	0	0	0	0	0	0	0	0	0	0	0	0	0	0	0	0	8.543419
657	0	0	0	0	1	0	0	0	1	0	0	1	0	0	0	1	0	0	1	0	0	0	4	0.1015999	16	0.0103225	0	0	0	0	0	0	0	0	0	0	0	0	0	0	0	0	0	0	8.525649
657	1	0	0	0	1	0	0	0	0	0	0	1	0	0	0	0	0	0	1	0	0	0	4	0.0508	16	0.0025806	0	0	0	0	0	0	0	0	0	0	1	0	0	0	0	0	0	0	8.673765
657	0	1	0	0	1	0	0	0	1	1	0	0	0	0	0	1	0	0	0	0	0	0	3	0.0762	9	0.0058064	0	0	0	0	0	0	0	0	0	0	0	0	0	0	0	0	0	0	8.613906
657	1	0	0	0	1	0	0	0	0	0	0	1	0	0	0	0	0	0	1	0	0	0	4	0.1777999	16	0.0316128	0	0	0	0	0	0	0	0	0	0	1	0	0	0	0	0	0	0	8.673765
657	0	1	0	0	1	0	0	1	0	1	0	0	0	0	0	0	0	0	0	0	0	0	4	0.1524	16	0.0232258	0	0	0	0	0	0	0	0	0	0	1	0	0	0	0	0	0	0	9.044342
657	1	1	0	0	1	0	1	0	1	1	0	0	0	0	0	1	0	0	0	0	0	0	4	0.127	16	0.016129	0	0	0	0	0	0	0	0	0	0	0	0	0	0	0	0	0	0	8.744252
657	0	1	0	0	1	0	0	1	0	1	0	0	0	0	0	0	0	0	0	0	0	0	3	0.1524	9	0.0232258	0	0	0	0	0	0	0	0	0	0	0	0	0	0	0	0	0	0	8.744252
657	1	1	0	0	1	0	1	0	1	0	0	1	0	0	0	1	0	0	0	0	0	0	1	0.127	1	0.016129	0	0	0	0	0	0	0	0	0	0	0	0	0	0	0	0	0	0	8.744252
658	0	1	0	0	1	0	1	0	0	1	0	0	0	0	0	0	0	0	0	1	0	0	6	0.0508	36	0.0025806	0	0	0	0	0	0	0	0	0	0	0	0	0	0	0	0	0	0	8.744252
658	0	0	0	0	1	0	0	0	0	0	0	1	0	0	0	0	0	0	1	1	0	0	6	0.0762	36	0.0058064	0	0	0	0	0	0	0	0	0	0	0	0	0	1	0	0	0	0	8.673765
658	0	0	0	0	2	0	0	0	0	0	0	0	0	1	0	0	0	0	1	1	0	0	7	0.0253999	49	0.0006452	0	0	0	0	0	0	0	0	0	0	1	0	0	1	0	0	0	0	8.744252
658	0	0	0	0	2	0	1	0	0	0	0	1	0	0	0	0	0	0	1	1	0	0	7	0.0508	49	0.0025806	0	0	0	0	0	0	0	0	0	0	0	0	0	1	0	0	0	0	8.744252
658	0	0	1	0	3	0	0	0	0	0	0	1	0	1	0	0	0	0	1	1	0	0	0	0.0508	0	0.0025806	0	29	0	0	0	0	0	0	0	0	1	0	0	1	0	0	0	0	8.099738
658	1	0	0	1	1	0	1	0	1	1	1	0	0	0	0	0	0	0	1	0	0	0	9	0	81	0	0	0	0	1.6256	0	0	0	0	0	0	0	0	0	1	0	0	0	0	8.099738
658	0	0	0	0	1	0	0	0	0	0	0	1	0	1	0	0	0	0	1	1	0	0	8	0.0762	64	0.0058064	0	0	0	0	0	0	0	0	0	0	1	0	0	1	0	0	0	0	8.099738
658	0	1	0	1	2	0	0	0	0	0	0	1	0	1	0	0	0	0	0	1	0	0	6	0	36	0	0	0	0	1.6256	0	0	0	0	0	0	1	0	0	0	0	0	0	0	8.673765
658	0	1	0	0	1	0	0	0	0	1	0	0	0	0	0	0	0	0	0	1	0	0	8	0.0508	64	0.0025806	0	0	0	0	0	0	0	0	0	0	0	0	0	0	0	0	0	0	8.099738
658	1	1	0	0	1	0	0	0	0	1	0	0	0	1	0	0	0	0	0	1	0	0	4	0.0253999	16	0.0006452	0	0	0	0	0	0	0	0	0	0	1	0	0	0	0	0	0	0	8.673765
658	1	0	0	0	1	0	0	0	0	0	0	1	0	1	0	0	0	0	1	1	0	0	6	0.0762	36	0.0058064	0	0	0	0	0	0	0	0	0	0	1	0	0	1	0	0	0	0	8.673765
658	1	1	0	0	1	0	0	0	0	1	0	0	0	0	0	0	0	0	0	1	0	0	7	0.0762	49	0.0058064	0	0	0	0	0	0	0	0	0	0	0	0	0	0	0	0	0	0	8.099738
661	1	0	0	0	1	0	0	0	0	1	0	0	0	1	0	0	0	0	1	0	0	0	1	0.0253999	1	0.0006452	0	0	0	0	1	0	0	0	0	0	1	0	0	0	0	0	0	0	8.613906
661	0	0	0	0	1	0	0	1	0	0	0	1	0	0	0	0	0	0	1	0	0	0	3	0.0762	9	0.0058064	0	0	0	0	1	0	0	0	0	0	0	0	0	0	0	0	0	0	8.673765
661	0	1	0	0	3	0	0	0	0	0	0	0	0	1	0	0	0	0	0	0	0	0	2	0.1015999	4	0.0103225	0	0	0	0	0	0	1	0	0	0	1	0	0	0	0	0	0	0	8.744252
661	0	0	0	0	0	1	0	0	1	1	0	0	0	1	0	1	0	0	1	0	0	0	4	0	16	0	0	0	0	0	1	0	0	0	0	0	1	0	0	0	0	0	0	0	8.673765
661	0	0	0	0	1	0	0	0	0	0	0	1	0	1	0	0	0	0	1	0	0	0	3	0.1015999	9	0.0103225	0	0	0	0	1	0	0	0	0	0	1	0	0	0	0	0	0	0	8.673765
661	0	0	0	0	1	0	0	1	0	1	0	0	0	0	0	0	0	0	1	0	0	0	5	0.0508	25	0.0025806	0	0	0	0	1	0	0	0	0	0	0	0	0	0	0	0	0	0	8.673765
661	0	1	0	0	1	0	0	1	0	0	0	0	0	0	0	0	0	0	0	0	0	0	2	0.0634999	4	0.0040322	0	0	0	0	0	0	1	0	0	0	0	0	0	0	0	0	0	0	7.909623
661	0	0	0	0	1	0	0	0	0	1	0	0	0	0	0	0	0	0	1	0	0	0	3	0.0508	9	0.0025806	0	0	0	0	1	0	0	0	0	0	0	0	0	0	0	0	0	0	8.543419
661	1	0	0	0	1	0	0	0	1	1	0	0	0	1	0	1	0	0	1	0	0	0	2	0.0253999	4	0.0006452	0	0	0	0	1	0	0	0	0	0	1	0	0	0	0	0	0	0	8.612476
661	0	1	0	0	1	0	1	0	1	0	0	1	0	0	0	1	0	0	0	0	0	0	6	0.0762	36	0.0058064	0	0	0	0	0	0	1	0	0	0	0	0	0	0	0	0	0	0	8.673765
661	0	0	0	0	1	0	0	1	0	1	0	0	0	0	0	0	0	0	1	0	0	0	5	0.0381	25	0.0014516	0	0	0	0	1	0	0	0	0	0	0	0	0	0	0	0	0	0	8.673765
661	0	0	0	0	0	1	0	0	0	0	0	1	0	1	0	0	0	0	1	0	0	0	1	0	1	0	0	0	0	0	1	0	0	0	0	0	1	0	0	0	0	0	0	0	9.634239
665	1	0	0	0	1	0	1	0	1	0	0	1	0	0	0	0	0	0	1	0	0	0	10	0.1015999	100	0.0103225	0	0	0	0	0	0	0	0	0	0	0	0	0	1	0	0	0	0	7.95042
665	1	0	0	1	1	0	0	1	0	0	0	0	0	1	0	0	0	0	1	1	0	0	4	0	16	0	0	0	0	1.6764	0	0	0	0	0	0	1	0	0	1	0	0	0	0	8.612476
665	0	0	0	0	1	0	0	1	0	0	0	1	0	0	0	0	0	0	1	1	0	0	4	0.0761999	16	0.0058064	0	0	0	0	0	0	0	0	0	0	0	0	0	1	0	0	0	0	9.104201
665	0	1	0	0	1	0	0	0	0	0	0	0	0	1	0	0	0	0	0	0	0	0	12	0.1015999	144	0.0103225	0	0	0	0	0	0	0	0	0	0	1	0	0	0	0	0	0	0	7.95042
665	0	1	0	0	1	0	0	0	1	0	0	1	0	1	0	0	0	0	0	0	0	0	4	0.0508	16	0.0025806	0	0	0	0	0	0	0	0	0	0	1	0	0	0	0	0	0	0	8.744252
665	0	0	0	0	1	0	0	0	0	1	0	0	0	1	0	0	0	0	0	0	0	2	7	0.1763999	49	0.0311169	0	0	0	0	0	0	0	0	0	0	1	1	0	0	0	0	0	0	8.525649
665	1	0	0	0	1	0	1	0	1	0	0	1	0	0	0	0	0	0	1	0	0	0	9	0.0508	81	0.0025806	0	0	0	0	0	0	0	0	0	0	0	0	0	1	0	0	0	0	8.744252
665	1	0	0	0	1	0	0	1	0	0	0	0	0	1	0	0	0	0	1	1	0	0	10	0.0761999	100	0.0058064	0	0	0	0	0	0	0	0	0	0	1	0	0	1	0	0	0	0	8.744252
665	0	0	0	0	1	0	0	0	0	1	0	0	0	0	0	0	0	0	0	0	0	1	5	0.1015999	25	0.0103225	0	0	0	0	0	0	0	0	0	0	0	0	1	0	0	0	0	0	7.95042
665	1	0	0	0	1	0	1	0	1	1	0	0	0	0	0	0	0	0	1	0	0	0	8	0.1523999	64	0.0232257	0	0	0	0	0	0	0	0	0	0	0	0	0	1	0	0	0	0	8.525649
665	0	0	0	0	3	0	0	0	0	0	0	1	0	1	0	0	0	0	1	0	0	0	6	0.0253999	36	0.0006452	0	0	0	0	0	0	0	0	0	0	1	0	0	1	0	0	0	0	8.525649
665	0	0	0	0	0	1	1	1	0	0	0	1	0	0	0	0	0	0	0	1	-2	0	3	0.1523999	9	0.0232257	0	0	0	0	0	0	0	0	0	0	0	0	0	0	0	1	0	0	9.174689
665	0	0	0	0	1	0	0	0	0	0	0	1	0	0	0	0	0	0	1	0	0	0	4	0.0508	16	0.0025806	0	0	0	0	0	0	0	0	0	0	0	0	0	1	0	0	0	0	8.673765
665	0	0	0	1	1	0	1	0	0	0	0	0	0	0	0	0	0	0	0	0	0	1	4	0	16	0	0	0	0	1.6764	0	0	0	0	0	0	0	0	1	0	0	0	0	0	9.104201
665	0	0	0	0	1	0	1	1	0	1	0	0	0	0	0	0	0	0	1	1	0	0	8	0.1523999	64	0.0232257	0	0	0	0	0	0	0	0	0	0	0	0	0	1	0	0	0	0	8.673765
669	0	0	0	0	3	0	0	0	0	0	0	0	0	1	0	0	0	0	0	1	0	4	10	0	100	0	0	0	1.6002	0	0	0	0	0	0	0	1	0	0	0	0	0	0	0	8.673765
669	1	0	0	0	1	0	0	0	0	1	0	0	0	0	0	0	0	0	0	1	0	1	7	0	49	0	0	0	1.4986	0	0	0	0	0	0	0	0	0	0	1	0	0	0	0	9.104201
669	0	0	0	0	2	0	0	1	0	0	0	1	0	0	0	0	0	0	0	0	0	0	8	0	64	0	0	0	1.6002	0	0	0	0	0	0	0	0	0	0	0	1	0	0	0	8.099738
669	0	0	0	0	1	0	0	0	0	0	0	0	0	1	0	0	0	0	0	1	0	1	9	0	81	0	0	0	1.6002	0	0	0	0	0	0	0	1	0	0	1	0	0	0	0	8.099738
669	0	1	0	0	1	0	0	0	1	0	0	0	0	1	0	0	0	0	0	0	0	0	8	0	64	0	0	0	1.5748	0	0	0	0	0	0	0	1	0	0	0	0	0	0	0	8.673765
669	0	0	0	0	1	0	0	0	0	0	0	1	0	0	0	0	0	0	0	1	0	1	6	0	36	0	0	0	1.5494	0	0	0	0	0	0	0	0	0	0	1	0	0	0	0	8.099738
669	1	0	0	0	1	0	0	0	0	0	0	0	0	1	0	0	0	0	0	1	0	1	8	0	64	0	0	0	1.5748	0	0	0	0	0	0	0	1	0	0	1	0	0	0	0	8.673765
669	1	0	0	0	1	0	0	0	0	0	0	1	0	1	0	0	0	0	0	1	0	1	7	0	49	0	0	0	1.5494	0	0	0	0	0	0	0	1	0	0	1	0	0	0	0	8.099738
669	0	0	0	0	1	0	0	0	0	0	0	1	0	0	0	0	0	0	0	1	0	1	3	0	9	0	0	0	1.4986	0	0	0	0	0	0	0	0	0	0	1	0	0	0	0	8.673765
669	1	0	0	0	1	0	0	0	0	0	0	1	0	1	0	0	0	0	1	1	0	0	8	0	64	0	0	0	1.5748	0	0	0	0	0	0	0	1	0	0	0	1	0	0	0	9.174689
669	0	0	0	0	1	0	0	0	0	0	0	1	0	1	0	0	0	0	1	1	0	0	6	0	36	0	0	0	1.5494	0	0	0	0	0	0	0	1	0	0	0	1	0	0	0	8.099738
669	0	0	0	1	1	0	0	0	0	0	0	0	0	1	0	0	0	1	0	1	0	1	10	0	100	0	0	0	0	0	0	0	0	0	0	0	1	0	0	1	0	0	0	0	8.099738
669	0	1	1	0	1	0	0	0	0	0	0	1	0	0	0	0	0	0	0	1	0	0	0	0	0	0	0	36	1.5748	0	0	0	0	0	0	0	0	0	0	0	0	0	0	0	8.673765
669	1	0	0	0	0	1	0	0	0	1	0	0	0	1	0	0	0	0	1	1	0	0	8	0	64	0	0	0	1.5748	0	0	0	0	0	0	0	1	0	0	0	1	0	0	0	8.673765
669	0	0	0	0	2	0	0	1	0	0	0	1	0	0	0	0	0	0	0	0	0	0	8	0	64	0	0	0	1.6002	0	0	0	0	0	0	0	0	0	0	0	1	0	0	0	8.099738
669	0	1	0	0	1	0	0	0	1	0	0	1	0	1	0	0	0	0	0	0	0	0	9	0	81	0	0	0	1.5748	0	0	0	0	0	0	0	1	0	0	0	0	0	0	0	8.099738
671	0	0	0	0	1	0	0	0	0	0	0	1	0	0	0	0	0	0	1	1	0	0	0	0	0	0	22	0	1.5367	0	0	0	0	0	0	0	0	0	0	0	0	0	0	1	8.673765
671	0	0	0	0	3	0	0	0	0	1	0	0	0	0	0	0	0	0	1	1	0	0	0	0	0	0	24	0	1.524	0	0	0	0	0	0	0	1	0	0	0	0	0	0	1	8.099738
671	0	0	0	0	2	0	0	0	0	0	0	1	0	0	0	0	0	0	1	1	0	0	0	0	0	0	27	0	1.5748	0	0	0	0	0	0	0	1	0	0	0	0	0	0	1	8.673765
671	0	0	0	0	1	0	0	0	0	0	0	1	0	0	0	0	0	0	0	1	0	4	0	0	0	0	28	0	1.524	0	0	0	0	0	0	0	1	0	0	1	0	0	0	0	8.530174
671	1	0	0	0	2	0	0	0	0	0	0	1	0	0	0	0	0	0	1	1	0	0	0	0	0	0	23	0	1.5748	0	0	0	0	0	0	0	1	0	0	0	0	0	0	1	8.673765
671	1	0	0	0	1	0	0	0	0	1	0	0	0	0	0	0	0	0	1	1	0	0	0	0	0	0	26	0	1.6002	0	0	0	0	0	0	0	1	0	0	0	0	0	0	1	8.673765
671	0	0	0	0	1	0	0	0	0	0	0	0	0	0	0	0	0	0	1	1	0	0	0	0	0	0	29	0	1.5748	0	0	0	0	0	0	0	1	0	0	0	0	0	0	1	8.543419
671	0	1	0	0	1	0	0	0	0	1	0	0	0	0	0	0	0	0	0	1	0	0	0	0	0	0	22	0	1.651	0	0	0	0	0	0	0	0	0	0	0	0	0	0	0	8.673765
671	1	0	0	0	3	0	0	0	0	0	0	1	0	0	0	0	0	0	1	1	0	0	0	0	0	0	26	0	1.5494	0	0	0	0	0	0	0	0	0	0	0	0	0	0	1	8.525649
671	0	0	0	0	2	0	0	0	0	1	0	0	0	0	0	0	0	0	1	1	0	0	0	0	0	0	29	0	1.5748	0	0	0	0	0	0	0	1	0	0	0	0	0	0	1	8.543419
671	1	0	0	0	3	0	0	0	0	0	0	0	0	0	0	0	0	0	1	1	0	0	0	0	0	0	24	0	1.6002	0	0	0	0	0	0	0	1	0	0	0	0	0	0	1	8.525649
671	0	1	0	0	1	0	0	0	0	0	0	1	0	0	0	0	0	0	0	1	0	0	0	0	0	0	27	0	1.5621	0	0	0	0	0	0	0	1	0	0	0	0	0	0	0	8.744252
671	0	0	0	0	1	0	0	0	0	0	0	1	0	0	0	0	0	0	1	1	0	0	0	0	0	0	28	0	1.5367	0	0	0	0	0	0	0	0	0	0	0	0	0	0	1	8.673765
671	1	0	0	0	2	0	0	0	0	0	0	1	0	0	0	0	0	0	1	1	0	0	0	0	0	0	25	0	1.5748	0	0	0	0	0	0	0	1	0	0	0	0	0	0	1	8.673765
671	0	0	0	0	1	0	0	0	0	0	0	0	0	0	0	0	0	0	1	1	0	0	0	0	0	0	28	0	1.5875	0	0	0	0	0	0	0	1	0	0	0	0	0	0	1	8.673765
677	0	0	0	0	1	0	0	0	0	0	0	1	0	0	0	0	0	0	1	0	0	0	4	0.0761999	16	0.0058064	0	0	0	0	0	0	0	0	0	0	0	0	0	0	0	0	0	1	8.673765
677	0	0	0	0	2	0	0	0	0	0	0	1	0	0	0	0	0	0	1	0	0	0	4	0.1015999	16	0.0103225	0	0	0	0	0	0	0	0	0	0	1	0	0	0	0	0	0	1	8.673765
677	0	0	0	0	3	0	0	0	0	0	0	1	0	0	0	0	0	0	0	0	0	4	10	0.1015999	100	0.0103225	0	0	0	0	0	0	0	0	0	0	0	0	0	1	0	0	0	0	8.099738
677	1	1	0	0	1	0	0	0	0	0	0	0	0	0	0	0	0	0	0	0	0	0	10	0.1015999	100	0.0103225	0	0	0	0	0	0	0	0	0	0	0	0	0	0	0	0	0	0	8.744252
677	1	0	0	0	1	0	0	0	0	1	0	0	0	0	0	0	0	0	1	0	0	0	8	0.0889	64	0.0079032	0	0	0	0	0	0	0	0	0	0	0	0	0	0	0	0	0	1	8.543419
677	1	0	0	0	1	0	0	0	1	1	1	0	0	0	0	0	0	0	1	0	0	0	6	0.0761999	36	0.0058064	0	0	0	0	0	0	0	0	0	0	0	0	0	0	0	0	0	1	8.673765
677	0	1	0	0	1	0	0	0	1	0	0	1	0	0	0	0	0	0	0	0	0	0	9	0.1015999	81	0.0103225	0	0	0	0	0	0	0	0	0	0	1	0	0	0	0	0	0	0	8.099738
677	0	0	0	0	1	0	0	0	0	0	0	1	0	0	0	0	0	0	1	0	0	0	6	0.0761999	36	0.0058064	0	0	0	0	0	0	0	0	0	0	0	0	0	0	0	0	0	1	8.673765
677	0	0	0	0	1	0	0	0	0	1	0	0	0	0	0	0	0	0	1	0	0	0	7	0.1015999	49	0.0103225	0	0	0	0	0	0	0	0	0	0	0	0	0	0	0	0	0	1	8.673765
677	0	0	0	0	1	0	0	0	0	1	0	0	0	0	0	0	0	0	1	0	0	0	6	0.127	36	0.016129	0	0	0	0	0	0	0	0	0	0	0	0	0	0	0	0	0	1	8.673765
677	1	1	0	0	1	0	0	0	0	1	0	0	0	0	0	0	0	0	0	0	0	0	8	0.0761999	64	0.0058064	0	0	0	0	0	0	0	0	0	0	0	0	0	0	0	0	0	0	8.673765
677	0	0	0	0	1	0	0	0	0	1	0	0	0	0	0	0	0	0	1	0	0	0	7	0.127	49	0.016129	0	0	0	0	0	0	0	0	0	0	0	0	0	0	0	0	0	1	8.673765
679	1	0	0	1	1	0	0	0	1	0	0	1	0	0	0	0	0	0	1	0	0	0	7	0	49	0	0	0	0	1.651	0	0	0	0	0	0	0	0	0	1	0	0	0	0	8.099738
679	0	1	0	0	0	1	1	0	0	0	0	1	0	0	1	0	0	0	0	1	0	0	-5	0.0508	25	0.0025806	0	0	0	0	0	0	0	0	0	0	0	0	0	0	0	0	0	0	8.673765
679	0	0	0	0	3	0	1	1	0	0	0	0	0	0	1	0	0	0	1	0	0	0	6	0.1016001	36	0.0103226	0	0	0	0	0	0	0	0	0	0	0	0	0	1	0	0	0	0	8.099738
679	0	0	0	0	1	0	0	0	0	1	0	0	0	0	0	0	0	0	1	1	0	0	4	0.1016001	16	0.0103226	0	0	0	0	0	0	0	0	0	0	1	0	0	1	0	0	0	0	8.744252
679	1	0	0	0	3	0	0	0	0	0	0	1	0	0	0	0	0	0	1	1	0	0	3	0.0254	9	0.0006452	0	0	0	0	0	0	0	0	0	0	1	0	0	1	0	0	0	0	8.744252
679	0	0	0	0	0	1	0	1	0	0	0	0	0	0	0	0	0	0	0	0	-4	0	10	0.0508	100	0.0025806	0	0	0	0	0	0	0	0	0	0	0	0	0	0	0	0	0	1	8.099738
679	0	0	0	0	1	0	0	0	0	0	0	0	0	0	0	0	0	0	1	1	0	0	5	0.0508	25	0.0025806	0	0	0	0	0	0	0	0	0	0	0	0	0	1	0	0	0	0	8.744252
679	0	0	0	1	0	1	1	0	0	0	0	1	0	0	1	0	0	0	0	1	0	3	-7	0	49	0	0	0	0	1.651	0	0	0	0	0	0	0	0	0	0	0	0	0	0	8.673765
679	1	0	0	0	0	1	0	1	0	0	0	1	0	0	0	0	0	0	0	0	0	2	6	0.1016001	36	0.0103226	0	0	0	0	0	0	0	0	0	0	0	1	0	0	0	0	0	0	8.099738
679	0	0	0	0	1	0	1	0	0	0	0	0	0	0	1	0	0	0	1	1	0	0	6	0.1016001	36	0.0103226	0	0	0	0	0	0	0	0	0	0	0	0	0	1	0	0	0	0	8.099738
679	0	0	0	1	3	0	0	1	0	0	0	1	0	0	0	0	0	0	1	0	0	0	6	0	36	0	0	0	0	1.651	0	0	0	0	0	0	1	0	0	1	0	0	0	0	8.099738
679	0	1	0	0	1	0	0	1	0	0	0	1	0	0	0	0	0	0	0	0	0	0	7	0.0254	49	0.0006452	0	0	0	0	0	0	0	0	0	0	1	0	0	0	0	0	0	0	8.099738
679	1	0	0	0	0	1	0	0	0	0	0	0	0	0	0	0	0	0	1	1	0	0	6	0.0762	36	0.0058064	0	0	0	0	0	0	0	0	0	0	0	0	0	1	0	0	0	0	8.099738
679	1	1	0	0	1	0	0	0	0	0	0	0	0	0	0	0	0	0	0	1	0	0	3	0.0381	9	0.0014516	0	0	0	0	0	0	0	0	0	0	1	0	0	0	0	0	0	0	8.612476
679	0	1	0	0	1	0	0	1	0	1	0	0	0	0	0	0	0	0	0	0	0	0	7	0.0762	49	0.0058064	0	0	0	0	0	0	0	0	0	0	1	0	0	0	0	0	0	0	8.099738
686	0	0	0	0	3	0	1	0	0	0	0	1	0	0	1	0	0	0	1	1	0	0	4	0.127	16	0.016129	0	0	0	0	0	0	0	0	0	0	0	0	0	1	0	0	0	0	8.543419
686	0	0	0	0	1	0	0	0	0	1	0	0	0	0	0	0	0	0	0	1	0	2	1	0.1524	1	0.0232258	0	0	0	0	0	0	0	0	0	0	1	1	0	0	0	0	0	0	9.289562
686	1	0	0	0	3	0	0	0	0	1	0	0	0	0	0	0	0	0	1	1	0	0	7	0.1778001	49	0.0316129	0	0	0	0	0	0	0	0	0	0	0	0	0	1	0	0	0	0	8.543419
686	0	0	0	0	2	0	0	0	0	1	0	0	0	0	0	0	0	0	1	1	0	0	6	0.1778001	36	0.0316129	0	0	0	0	0	0	0	0	0	0	1	0	0	1	0	0	0	0	8.612476
686	0	0	0	0	1	0	0	0	0	0	0	1	0	0	0	0	0	0	1	1	0	0	4	0.1524	16	0.0232258	0	0	0	0	0	0	0	0	0	0	0	0	0	1	0	0	0	0	9.508165
686	0	0	0	0	1	0	0	0	0	1	0	0	0	0	0	0	0	0	1	1	0	0	5	0.1524	25	0.0232258	0	0	0	0	0	0	0	0	0	0	0	0	0	1	0	0	0	0	8.543419
686	1	0	0	0	2	0	0	0	1	0	0	0	0	0	0	0	0	0	1	0	0	0	4	0.1016001	16	0.0103226	0	0	0	0	0	0	0	0	0	0	1	0	0	1	0	0	0	0	9.044342
686	1	0	0	0	1	0	0	0	0	1	0	0	0	0	0	0	0	0	1	1	0	0	3	0.127	9	0.016129	0	0	0	0	0	0	0	0	0	0	1	0	0	1	0	0	0	0	8.825739
686	0	0	0	0	1	0	0	1	0	1	0	0	0	0	0	0	0	0	1	0	0	0	6	0.0762	36	0.0058064	0	0	0	0	0	0	0	0	0	0	1	0	0	1	0	0	0	0	9.044342
686	1	1	0	0	1	0	0	0	0	0	0	1	0	0	0	0	0	0	0	1	0	0	6	0.1524	36	0.0232258	0	0	0	0	0	0	0	0	0	0	1	0	0	0	0	0	0	0	9.136614
686	0	0	0	0	1	0	0	0	0	0	0	1	0	0	0	0	0	0	1	1	0	0	7	0.0508001	49	0.0025806	0	0	0	0	0	0	0	0	0	0	1	0	0	1	0	0	0	0	8.613906
686	0	0	0	0	1	0	0	0	0	1	0	0	0	0	0	0	0	0	1	1	0	0	4	0.127	16	0.016129	0	0	0	0	0	0	0	0	0	0	1	0	0	1	0	0	0	0	9.378371
686	1	0	0	0	1	0	0	0	0	0	0	1	0	0	0	0	0	0	1	1	0	0	6	0.127	36	0.016129	0	0	0	0	0	0	0	0	0	0	0	0	0	1	0	0	0	0	8.525649
686	0	0	0	0	1	0	1	1	0	1	1	0	0	0	1	0	0	0	0	0	-1	0	5	0.1524	25	0.0232258	0	0	0	0	0	0	0	0	0	0	0	0	0	0	1	0	0	0	8.525649
686	0	0	0	0	2	0	1	0	0	0	0	1	0	0	1	0	0	0	1	1	0	0	5	0.127	25	0.016129	0	0	0	0	0	0	0	0	0	0	0	0	0	1	0	0	0	0	8.613906
688	0	1	0	0	0	1	0	0	0	0	0	1	0	0	0	0	0	0	0	1	0	0	6	0.2540001	36	0.064516	0	0	0	0	0	0	0	0	0	0	1	0	0	0	0	0	0	0	7.95042
688	0	0	0	0	1	0	1	1	0	0	0	1	0	0	1	0	0	0	1	0	0	0	3	0.2032	9	0.0412902	0	0	0	0	0	0	0	0	0	0	0	0	0	1	0	0	0	0	8.673765
688	0	1	0	0	3	0	0	0	0	0	0	1	0	0	0	0	0	0	0	1	0	0	10	0.2286	100	0.052258	0	0	0	0	0	0	0	0	0	0	1	0	0	0	0	0	0	0	7.95042
688	0	0	0	0	1	0	1	1	0	1	0	0	0	0	1	0	0	0	1	0	0	0	8	0.2032	64	0.0412902	0	0	0	0	0	0	0	0	0	0	0	0	0	1	0	0	0	0	9.203803
688	0	0	0	0	1	0	0	0	0	0	0	0	0	0	0	0	0	0	1	1	0	0	4	0.1651001	16	0.027258	0	0	0	0	0	0	0	0	0	0	1	0	0	1	0	0	0	0	9.203803
688	0	1	0	0	1	0	0	1	0	0	0	1	0	0	0	0	0	0	0	0	0	0	4	0.2794	16	0.0780644	0	0	0	0	0	0	0	0	0	0	1	0	0	0	0	0	0	0	7.95042
688	1	0	0	0	3	0	1	0	0	0	0	1	0	0	1	0	0	0	1	1	0	0	7	0.2032	49	0.0412902	0	0	0	0	0	0	0	0	0	0	0	0	0	1	0	0	0	0	8.673765
688	0	0	0	0	1	0	0	1	0	0	0	1	0	0	0	0	0	0	1	0	0	0	1	0.2540001	1	0.064516	0	0	0	0	0	0	0	0	0	0	0	0	0	1	0	0	0	0	8.543419
688	1	0	0	1	0	1	1	0	0	0	0	1	0	0	1	0	0	0	1	1	0	0	9	0	81	0	0	0	0	1.8034	0	0	0	0	0	0	0	0	0	1	0	0	0	0	7.95042
688	1	0	0	0	1	0	0	0	0	0	0	1	0	0	0	0	0	0	0	1	-1	0	5	0.2286	25	0.052258	0	0	0	0	0	0	0	0	0	0	1	0	0	0	1	0	0	0	8.673765
688	0	1	0	0	4	0	1	0	1	0	0	1	0	0	1	0	0	0	0	0	0	0	9	0.2032	81	0.0412902	0	0	0	0	0	0	0	0	0	0	0	0	0	0	0	0	0	0	7.95042
688	1	0	0	0	1	0	0	0	0	0	0	1	0	0	0	0	0	0	1	1	0	0	5	0.2032	25	0.0412902	0	0	0	0	0	0	0	0	0	0	0	0	0	1	0	0	0	0	8.673765
688	0	0	0	0	1	0	0	1	0	0	0	0	0	0	0	0	0	0	1	0	0	0	4	0.2032	16	0.0412902	0	0	0	0	0	0	0	0	0	0	0	0	0	1	0	0	0	0	8.612476
688	0	0	0	0	4	0	0	1	0	0	0	0	0	0	0	0	0	0	1	0	0	0	7	0.2032	49	0.0412902	0	0	0	0	0	0	0	0	0	0	0	0	0	1	0	0	0	0	7.95042
688	1	0	1	0	3	0	1	0	1	0	0	1	0	0	1	0	0	0	1	0	0	0	0	0.2032	0	0.0412902	0	33	0	0	0	0	0	0	0	0	0	0	0	1	0	0	0	0	8.612476
691	1	0	0	0	1	0	0	0	0	0	0	1	0	1	0	0	0	0	1	0	0	0	4	0.1651	16	0.027258	0	0	0	0	0	0	0	0	0	0	1	0	0	1	0	0	0	0	8.744252
691	1	1	0	0	0	1	0	0	1	0	0	1	0	0	0	1	0	0	0	0	0	0	6	0.1143	36	0.0130645	0	0	0	0	0	0	0	0	0	0	0	0	0	0	0	0	0	0	8.744252
691	0	0	0	0	2	0	0	1	0	1	0	0	0	0	0	0	0	0	0	0	0	0	5	0.0635	25	0.0040323	0	0	0	0	0	0	0	0	0	0	0	0	0	1	0	0	0	0	8.673765
691	0	0	0	0	1	0	0	1	0	1	0	0	0	1	0	0	0	0	0	0	-1	0	8	0.0889	64	0.0079032	0	0	0	0	0	0	0	0	0	0	1	0	0	0	1	0	0	0	8.613906
691	0	1	0	0	2	0	0	0	0	0	0	1	0	0	0	0	0	0	0	0	0	0	9	0.1397001	81	0.0195161	0	0	0	0	0	0	0	0	0	0	0	0	0	0	0	0	0	0	9.174689
691	1	0	0	0	1	0	0	0	0	1	0	0	0	1	0	0	0	0	1	0	0	0	2	0.0127001	4	0.0001613	0	0	0	0	0	0	0	0	0	0	1	0	0	1	0	0	0	0	8.543419
691	0	0	0	0	1	0	0	1	0	1	0	0	0	0	0	0	0	0	0	0	0	3	7	0.1143	49	0.0130645	0	0	0	0	0	0	0	0	0	0	0	0	0	0	0	0	0	0	9.104201
691	0	0	0	0	3	0	0	1	0	0	0	1	0	0	0	0	0	0	1	0	0	0	4	0.0889	16	0.0079032	0	0	0	0	0	0	0	0	0	0	0	0	0	1	0	0	0	0	8.525649
691	1	0	0	0	1	0	0	0	0	1	0	0	0	0	0	0	0	0	1	0	0	0	6	0.1143	36	0.0130645	0	0	0	0	0	0	0	0	0	0	0	0	0	1	0	0	0	0	8.973855
691	0	1	0	0	3	0	0	0	0	0	0	0	0	1	0	0	0	0	0	0	0	0	5	0.1016001	25	0.0103226	0	0	0	0	0	0	0	0	0	0	1	0	0	0	0	0	0	0	9.013898
691	1	0	0	0	1	0	0	0	0	1	0	0	0	1	0	0	0	0	1	0	0	0	5	0.1651	25	0.027258	0	0	0	0	0	0	0	0	0	0	1	0	0	1	0	0	0	0	8.673765
691	0	0	0	0	1	0	0	1	0	1	0	0	0	0	0	0	0	0	1	0	0	0	7	0.0635	49	0.0040323	0	0	0	0	0	0	0	0	0	0	0	0	0	1	0	0	0	0	8.744252
691	0	0	0	0	1	0	0	0	0	0	0	1	0	0	0	0	0	0	1	0	0	0	7	0.1143	49	0.0130645	0	0	0	0	0	0	0	0	0	0	0	0	0	1	0	0	0	0	8.543419
691	0	0	0	0	1	0	0	0	0	1	0	0	0	0	0	0	0	0	1	0	0	0	7	0.0889	49	0.0079032	0	0	0	0	0	0	0	0	0	0	0	0	0	1	0	0	0	0	8.543419
691	0	0	0	0	1	0	0	0	0	0	0	1	0	1	0	0	0	0	1	0	0	0	6	0.1143	36	0.0130645	0	0	0	0	0	0	0	0	0	0	1	0	0	1	0	0	0	0	8.543419
696	1	0	0	0	1	0	0	1	0	0	0	0	0	0	0	0	0	0	1	0	0	0	7	0.1143	49	0.0130645	0	0	0	0	1	0	0	0	0	0	0	0	0	0	0	0	0	0	8.543419
696	0	0	0	0	1	0	0	0	1	0	0	1	0	0	0	1	0	0	1	0	0	0	7	0.1015999	49	0.0103225	0	0	0	0	1	0	0	0	0	0	0	0	0	0	0	0	0	0	8.613906
696	1	0	0	0	1	0	0	1	0	0	0	1	0	0	0	0	0	0	1	0	0	0	9	0.127	81	0.016129	0	0	0	0	1	0	0	0	0	0	1	0	0	0	0	0	0	0	7.760306
696	1	0	0	0	1	0	0	0	0	1	0	0	0	0	0	0	0	0	1	0	0	0	7	0.0762	49	0.0058064	0	0	0	0	1	0	0	0	0	0	0	0	0	0	0	0	0	0	8.673765
696	0	0	0	0	1	0	0	0	1	1	1	0	0	0	0	1	0	0	1	0	0	0	4	0.127	16	0.016129	0	0	0	0	1	0	0	0	0	0	1	0	0	0	0	0	0	0	9.174689
696	1	0	0	0	1	0	0	0	0	0	0	1	0	0	0	0	0	0	1	0	0	0	9	0.1015999	81	0.0103225	0	0	0	0	1	0	0	0	0	0	1	0	0	0	0	0	0	0	8.973855
696	0	0	0	0	1	0	0	1	0	1	0	0	0	0	0	0	0	0	1	0	0	0	7	0.127	49	0.016129	0	0	0	0	1	0	0	0	0	0	0	0	0	0	0	0	0	0	8.525649
696	0	0	0	0	1	0	0	1	0	1	0	0	0	0	0	0	0	0	1	0	0	0	9	0.0889	81	0.0079032	0	0	0	0	1	0	0	0	0	0	1	0	0	0	0	0	0	0	8.525649
696	0	0	0	0	1	0	0	1	0	0	0	0	0	0	0	0	0	0	1	0	0	0	8	0.1015999	64	0.0103225	0	0	0	0	1	0	0	0	0	0	0	0	0	0	0	0	0	0	8.673765
696	0	0	0	0	1	0	0	0	0	0	0	1	0	0	0	0	0	0	1	0	0	0	4	0.1524	16	0.0232258	0	0	0	0	1	0	0	0	0	0	1	0	0	0	0	0	0	0	8.744252
696	0	0	0	0	1	0	0	1	0	0	0	1	0	0	0	0	0	0	0	0	-3	0	5	0.1524	25	0.0232258	0	0	0	0	0	-3	0	0	0	0	0	0	0	1	0	0	0	0	8.673765
696	0	0	0	0	1	0	0	0	0	0	0	1	0	0	0	0	0	0	1	0	0	0	6	0.1015999	36	0.0103225	0	0	0	0	1	0	0	0	0	0	0	0	0	0	0	0	0	0	8.973855
696	1	0	0	0	1	0	0	1	0	1	0	0	0	0	0	0	0	0	1	0	0	0	13	0.1015999	169	0.0103225	0	0	0	0	1	0	0	0	0	0	1	0	0	0	0	0	0	0	8.099738
696	0	0	0	0	1	0	0	0	1	1	0	0	0	0	0	1	0	0	1	0	0	0	8	0.127	64	0.016129	0	0	0	0	1	0	0	0	0	0	0	0	0	0	0	0	0	0	8.525649
696	0	0	0	0	1	0	0	0	1	1	0	0	0	0	0	1	0	0	1	0	0	0	7	0.1618	49	0.0261792	0	0	0	0	1	0	0	0	0	0	0	0	0	0	0	0	0	0	8.973855
699	0	0	0	0	2	0	0	1	0	0	0	0	0	0	0	0	0	0	0	0	-5	0	7	0.2286	49	0.052258	0	0	0	0	0	0	0	0	0	0	1	0	0	0	0	1	0	0	8.973855
699	1	0	0	1	0	1	0	0	1	1	0	0	0	0	0	0	0	0	1	0	0	0	3	0	9	0	0	0	0	1.8034	0	0	0	0	0	0	1	0	0	0	0	0	0	0	8.673765
699	1	0	0	0	1	0	0	0	1	0	0	1	0	0	0	0	0	0	1	0	0	0	5	0.2032	25	0.0412902	0	0	0	0	0	0	0	0	0	0	0	0	0	0	0	0	0	0	8.673765
699	0	0	0	0	3	0	0	0	0	0	0	0	0	0	0	0	0	0	1	1	0	0	8	0.2032	64	0.0412902	0	0	0	0	0	0	0	0	0	0	0	0	0	0	0	0	0	0	8.543419
699	0	0	0	0	3	0	0	0	0	0	0	0	0	0	0	0	0	0	1	1	0	0	7	0.2032	49	0.0412902	0	0	0	0	0	0	0	0	0	0	1	0	0	0	0	0	0	0	8.525649
699	0	0	0	0	1	0	0	1	0	1	0	0	0	0	0	0	0	0	1	0	0	0	9	0.2032	81	0.0412902	0	0	0	0	0	0	0	0	0	0	1	0	0	0	0	0	0	0	7.980111
699	0	0	0	0	1	0	0	0	1	1	0	0	0	0	0	0	0	0	1	0	0	0	5	0.2032	25	0.0412902	0	0	0	0	0	0	0	0	0	0	1	0	0	0	0	0	0	0	8.956086
699	0	0	0	0	1	0	0	1	0	0	0	1	0	0	0	0	0	0	1	0	0	0	3	0.1778001	9	0.0316129	0	0	0	0	0	0	0	0	0	0	1	0	0	0	0	0	0	0	8.673765
699	0	0	0	0	0	1	0	0	0	0	0	1	0	0	0	0	0	0	1	1	0	0	3	0.2032	9	0.0412902	0	0	0	0	0	0	0	0	0	0	0	0	0	0	0	0	0	0	8.543419
699	1	0	0	0	1	0	0	0	1	1	0	0	0	0	0	0	0	0	0	0	-5	0	4	0.1984	16	0.0393626	0	0	0	0	0	0	0	0	0	0	1	0	0	0	0	1	0	0	9.508165
699	1	0	0	0	1	0	0	1	0	1	0	0	0	0	0	0	0	0	1	0	0	0	6	0.1524	36	0.0232258	0	0	0	0	0	0	0	0	0	0	1	0	0	0	0	0	0	0	9.044342
699	1	0	0	0	1	0	0	0	0	1	0	0	0	0	0	0	0	0	1	1	0	0	9	0.1270001	81	0.016129	0	0	0	0	0	0	0	0	0	0	1	0	0	0	0	0	0	0	8.525649
699	0	0	0	0	1	0	0	1	0	0	0	0	0	0	0	0	0	0	1	0	0	0	3	0.1524	9	0.0232258	0	0	0	0	0	0	0	0	0	0	0	0	0	0	0	0	0	0	8.525649
699	0	0	0	0	3	0	0	1	0	0	0	1	0	0	0	0	0	0	1	0	0	0	4	0.1778001	16	0.0316129	0	0	0	0	0	0	0	0	0	0	1	0	0	0	0	0	0	0	8.673765
699	0	0	0	0	1	0	0	1	0	1	0	0	0	0	0	0	0	0	1	0	0	0	2	0.2032	4	0.0412902	0	0	0	0	0	0	0	0	0	0	1	0	0	0	0	0	0	0	8.673765
701	1	0	0	0	1	0	0	0	0	0	0	1	0	0	0	0	0	0	1	0	0	0	7	0.1524	49	0.0232258	0	0	0	0	1	0	0	0	0	0	1	0	0	1	0	0	0	0	9.043353
701	0	0	0	0	0	1	1	0	0	0	0	1	0	0	1	0	0	0	1	0	0	0	9	0.1524	81	0.0232258	0	0	0	0	1	0	0	0	0	0	0	0	0	1	0	0	0	0	8.673765
701	1	0	0	0	1	0	0	0	0	1	0	0	0	0	0	0	0	0	1	0	0	0	7	0.1778001	49	0.0316129	0	0	0	0	1	0	0	0	0	0	0	0	0	1	0	0	0	0	8.673765
701	0	0	0	1	0	1	1	0	1	0	0	1	0	0	1	1	0	0	1	0	0	0	8	0	64	0	0	0	0	1.7272	1	0	0	0	0	0	0	0	0	1	0	0	0	0	8.744252
701	1	0	0	0	2	0	0	0	0	1	0	0	0	0	0	0	0	0	1	0	0	0	6	0.0508001	36	0.0025806	0	0	0	0	1	0	0	0	0	0	1	0	0	1	0	0	0	0	8.543419
701	1	1	0	0	1	0	1	0	1	0	0	0	0	0	1	1	0	0	0	0	0	0	7	0.127	49	0.016129	0	0	0	0	0	0	1	0	0	0	0	0	0	0	0	0	0	0	8.673765
701	0	0	0	0	2	0	1	0	0	0	0	0	0	0	1	0	0	0	1	0	0	0	5	0.1524	25	0.0232258	0	0	0	0	1	0	0	0	0	0	0	0	0	1	0	0	0	0	8.673765
701	0	1	0	0	3	0	0	0	0	0	0	1	0	0	0	0	0	0	0	0	0	0	7	0.1524	49	0.0232258	0	0	0	0	0	0	1	0	0	0	1	0	0	0	0	0	0	0	8.673765
701	0	1	0	0	2	0	0	0	1	0	0	0	0	0	0	1	0	0	0	0	0	0	7	0.127	49	0.016129	0	0	0	0	0	0	1	0	0	0	0	0	0	0	0	0	0	0	8.673765
701	0	0	0	1	0	1	1	1	0	0	0	0	0	0	1	0	0	0	1	0	0	0	9	0	81	0	0	0	0	1.7272	1	0	0	0	0	0	0	0	0	1	0	0	0	0	7.95042
701	0	0	0	1	0	1	1	0	0	0	0	1	0	0	1	0	0	0	1	0	0	0	7	0	49	0	0	0	0	1.7272	1	0	0	0	0	0	0	0	0	1	0	0	0	0	8.744252
701	0	1	0	0	0	1	1	0	1	0	0	0	0	0	1	1	0	0	0	0	0	0	7	0.127	49	0.016129	0	0	0	0	0	0	1	0	0	0	0	0	0	0	0	0	0	0	8.543419
701	0	0	0	0	3	0	0	0	0	0	0	0	0	0	0	0	0	0	1	0	0	0	9	0.127	81	0.016129	0	0	0	0	1	0	0	0	0	0	0	0	0	1	0	0	0	0	7.95042
701	0	0	0	0	1	0	1	1	0	0	0	1	0	0	1	0	0	0	1	0	0	0	10	0.2032	100	0.0412902	0	0	0	0	1	0	0	0	0	0	0	0	0	1	0	0	0	0	8.673765
706	0	0	0	1	0	1	1	0	0	0	0	0	0	0	1	0	0	0	0	0	0	1	9	0	81	0	0	0	0	1.6256	0	0	0	0	1	0	0	0	0	0	1	0	0	0	8.673765
706	0	0	0	0	1	0	0	1	0	1	0	0	0	0	0	0	0	0	0	1	0	5	4	0.0381	16	0.0014516	0	0	0	0	0	0	0	0	5	0	1	0	0	0	0	0	0	0	8.865573
706	1	0	0	0	0	1	1	0	0	0	0	0	0	0	1	0	0	0	0	0	0	2	10	0.0762	100	0.0058064	0	0	0	0	0	0	0	0	2	0	0	0	0	1	0	0	0	0	9.203803
706	0	0	0	0	0	1	1	0	0	0	0	1	0	0	1	0	0	0	0	0	0	2	4	0.0253999	16	0.0006452	0	0	0	0	0	0	0	0	2	0	0	0	0	1	0	0	0	0	8.543419
706	0	1	1	0	3	0	0	1	0	0	0	1	0	0	0	0	0	0	0	1	0	0	0	-0.0762	0	0.0058064	0	40	0	0	0	0	0	0	0	1	1	0	0	0	0	0	0	0	8.744252
706	0	0	0	1	1	0	0	0	0	1	0	0	0	0	0	0	0	0	0	0	0	5	10	0	100	0	0	0	0	1.6256	0	0	0	0	5	0	1	0	0	0	0	0	0	0	8.673765
706	0	0	0	0	3	0	0	0	0	1	0	0	0	0	0	0	0	0	0	0	0	1	6	0.0381	36	0.0014516	0	0	0	0	0	0	0	0	1	0	0	0	0	0	1	0	0	0	8.099738
706	0	1	0	0	1	0	1	0	1	1	0	0	0	0	1	0	0	0	0	0	0	0	12	0.0508	144	0.0025806	0	0	0	0	0	0	0	0	0	1	0	0	0	0	0	0	0	0	8.673765
706	1	0	0	0	1	0	0	1	0	0	0	1	0	0	0	0	0	0	1	1	0	0	8	0.0762	64	0.0058064	0	0	0	0	0	0	0	1	0	0	0	0	0	0	0	1	0	0	8.744252
706	0	0	0	0	2	0	0	0	0	0	0	1	0	0	0	0	0	0	0	0	0	1	8	0.0253999	64	0.0006452	0	0	0	0	0	0	0	0	1	0	1	0	0	0	1	0	0	0	9.104201
706	1	0	0	0	1	0	1	1	0	0	0	0	0	0	1	0	0	0	1	1	0	0	10	0.0508	100	0.0025806	0	0	0	0	0	0	0	1	0	0	0	0	0	0	0	1	0	0	8.543419
706	0	0	0	0	0	1	0	1	0	0	0	1	0	0	0	0	0	0	0	1	0	1	8	0.0762	64	0.0058064	0	0	0	0	0	0	0	0	1	0	1	0	0	0	1	0	0	0	9.634239
706	1	0	0	0	1	0	0	1	0	0	0	0	0	0	0	0	0	0	0	1	0	2	11	0.0762	121	0.0058064	0	0	0	0	0	0	0	0	2	0	0	0	0	1	0	0	0	0	8.266818
706	1	1	0	0	1	0	0	0	1	1	1	0	0	0	0	0	0	0	0	0	0	0	17	0	289	0	0	0	0	0	0	0	0	0	0	1	1	0	0	0	0	0	0	0	9.203803
706	0	0	0	0	2	0	1	0	1	0	0	1	0	0	1	0	0	0	1	0	0	0	10	0.1015999	100	0.0103225	0	0	0	0	0	0	0	1	0	0	0	0	0	0	0	1	0	0	8.612476
708	0	0	0	0	1	0	0	0	0	1	0	0	0	0	0	0	0	0	0	0	-1	0	8	-0.0253999	64	0.0006452	0	0	0	0	0	0	0	0	0	0	1	0	0	0	1	0	0	0	8.099738
708	0	0	0	0	1	0	1	0	0	0	0	1	0	0	1	0	0	0	1	0	0	0	14	0	196	0	0	0	0	0	0	0	0	0	0	0	0	0	0	1	0	0	0	0	8.744252
708	0	0	0	0	1	0	1	1	0	0	0	0	0	0	1	0	0	0	0	1	-1	0	10	0.0762	100	0.0058064	0	0	0	0	0	0	0	0	0	0	0	0	0	0	1	0	0	0	8.673765
708	1	1	0	0	0	1	0	0	1	0	0	1	0	0	0	0	0	0	0	0	0	0	4	0.0254	16	0.0006452	0	0	0	0	0	0	0	0	0	0	0	0	0	0	0	0	0	0	8.612476
708	0	0	0	0	1	0	1	0	1	1	0	0	0	0	1	0	0	0	1	0	0	0	4	0.0762	16	0.0058064	0	0	0	0	0	0	0	0	0	0	0	0	0	1	0	0	0	0	8.612476
708	1	0	0	0	1	0	1	0	1	0	0	1	0	0	1	0	0	0	0	0	0	3	8	0.0508001	64	0.0025806	0	0	0	0	0	0	0	0	0	0	0	0	0	0	0	0	0	0	7.95042
708	1	0	0	0	0	1	0	0	0	0	0	1	0	0	0	0	0	0	1	0	0	0	7	0.0254	49	0.0006452	0	0	0	0	0	0	0	0	0	0	1	0	0	1	0	0	0	0	8.525649
708	0	0	0	0	0	1	0	0	0	0	0	0	0	0	0	0	0	0	1	0	0	0	5	0.1016001	25	0.0103226	0	0	0	0	0	0	0	0	0	0	1	0	0	1	0	0	0	0	8.673765
708	1	0	0	0	0	1	0	0	0	1	0	0	0	0	0	0	0	0	1	0	0	0	8	0	64	0	0	0	0	0	0	0	0	0	0	0	1	0	0	1	0	0	0	0	8.612476
708	0	0	0	0	0	1	1	0	0	0	0	1	0	0	1	0	0	0	1	0	0	0	7	0	49	0	0	0	0	0	0	0	0	0	0	0	0	0	0	1	0	0	0	0	8.525649
708	1	1	0	0	1	0	0	1	0	0	0	1	0	0	0	0	0	0	0	1	0	0	8	0.0762	64	0.0058064	0	0	0	0	0	0	0	0	0	0	1	0	0	0	0	0	0	0	8.525649
708	0	0	0	0	1	0	0	0	1	0	0	1	0	0	0	0	0	0	0	0	-2	0	5	0.0508001	25	0.0025806	0	0	0	0	0	0	0	0	0	0	0	0	0	0	0	1	0	0	9.32894
708	0	0	0	0	4	0	0	1	0	0	0	1	0	0	0	0	0	0	1	1	0	0	8	0	64	0	0	0	0	0	0	0	0	0	0	0	1	0	0	1	0	0	0	0	9.203803
708	0	0	0	0	2	0	0	1	0	0	0	0	0	0	0	0	0	0	1	1	0	0	6	0.0254	36	0.0006452	0	0	0	0	0	0	0	0	0	0	0	0	0	1	0	0	0	0	9.104201
708	0	1	0	0	3	0	0	0	0	0	0	1	0	0	0	0	0	0	0	0	0	0	6	-0.0253999	36	0.0006452	0	0	0	0	0	0	0	0	0	0	0	0	0	0	0	0	0	0	7.95042
709	1	0	0	0	1	0	0	1	0	0	0	0	0	0	0	0	0	0	1	0	0	0	5	0	25	0	0	0	1.5494	0	0	0	0	0	0	0	0	0	0	0	0	0	0	0	8.673765
709	0	1	0	0	1	0	1	0	0	1	1	0	0	0	1	0	0	0	0	0	0	0	5	0	25	0	0	0	1.651	0	0	0	0	0	0	0	0	0	0	0	0	0	0	0	8.612476
709	1	1	0	0	1	0	0	0	1	0	0	1	0	0	0	1	0	0	0	0	0	0	4	0	16	0	0	0	1.6002	0	0	0	0	0	0	0	0	0	0	0	0	0	0	0	8.543419
709	0	1	0	0	2	0	0	1	0	0	0	0	0	0	0	0	0	0	0	0	0	0	6	0	36	0	0	0	1.5748	0	0	0	0	0	0	0	0	0	0	0	0	0	0	0	8.673765
709	0	1	0	0	1	0	0	1	0	0	0	0	0	0	0	0	0	0	0	0	0	0	7	0	49	0	0	0	1.524	0	0	0	0	0	0	0	0	0	0	0	0	0	0	0	8.673765
709	1	1	0	0	0	1	1	0	1	0	0	1	0	0	1	1	0	0	0	0	0	0	6	0	36	0	0	0	1.6002	0	0	0	0	0	0	0	0	0	0	0	0	0	0	0	8.543419
709	0	1	0	1	0	1	0	0	1	0	0	0	0	0	0	1	0	1	0	0	0	0	8	0	64	0	0	0	0	0	0	0	0	0	0	0	1	0	0	0	0	0	0	0	8.673765
709	0	0	0	0	1	0	0	0	1	0	0	0	0	0	0	1	0	0	1	0	0	0	3	0	9	0	0	0	1.5494	0	0	0	0	0	0	0	0	0	0	0	0	0	0	0	8.973855
709	1	1	0	0	1	0	0	1	0	0	0	1	0	0	0	0	0	0	0	0	0	0	7	0	49	0	0	0	1.6256	0	0	0	0	0	0	0	0	0	0	0	0	0	0	0	8.673765
709	0	1	0	0	0	1	0	0	0	0	0	1	0	0	0	0	0	0	0	0	0	0	6	0	36	0	0	0	1.524	0	0	0	0	0	0	0	0	0	0	0	0	0	0	0	8.673765
709	0	0	0	0	1	0	0	1	0	0	0	0	0	0	0	0	0	0	1	0	0	0	4	0	16	0	0	0	1.5494	0	0	0	0	0	0	0	1	0	0	0	0	0	0	0	8.543419
709	0	1	0	0	2	0	0	0	0	0	0	1	0	0	0	0	0	0	0	0	0	0	5	0	25	0	0	0	1.5748	0	0	0	0	0	0	0	1	0	0	0	0	0	0	0	8.525649
709	1	1	0	0	1	0	0	0	1	0	0	0	0	0	0	1	0	0	0	0	0	0	7	0	49	0	0	0	1.5748	0	0	0	0	0	0	0	0	0	0	0	0	0	0	0	8.673765
709	0	1	0	0	1	0	0	0	1	1	0	0	0	0	0	1	0	0	0	0	0	0	7	0	49	0	0	0	1.6002	0	0	0	0	0	0	0	0	0	0	0	0	0	0	0	8.673765
709	0	0	0	0	1	0	0	0	1	0	0	0	0	0	0	1	0	0	1	0	0	0	3	0	9	0	0	0	1.524	0	0	0	0	0	0	0	1	0	0	0	0	0	0	0	8.543419
715	0	1	0	0	0	1	0	0	0	0	0	1	0	0	0	0	0	0	0	1	0	0	6	0.1523999	36	0.0232257	0	0	0	0	0	0	0	0	0	0	0	0	0	0	0	0	0	0	8.543419
715	1	1	0	0	0	1	0	0	0	0	0	1	0	1	0	0	0	0	0	1	0	0	8	0.1523999	64	0.0232257	0	0	0	0	0	0	0	0	0	0	1	0	0	0	0	0	0	0	8.673765
715	0	0	0	0	1	0	0	0	0	1	0	0	0	1	0	0	0	0	1	1	0	0	2	0.1523999	4	0.0232257	0	0	0	0	0	0	0	0	0	0	1	0	0	1	0	0	0	0	8.673765
715	0	0	0	0	1	0	0	0	0	1	0	0	0	1	0	0	0	0	0	1	0	3	4	0.1523999	16	0.0232257	0	0	0	0	0	0	0	0	0	0	1	0	0	0	0	0	0	0	8.543419
715	0	0	0	0	1	0	0	0	0	0	0	0	0	1	0	0	0	0	1	1	0	0	5	0.127	25	0.016129	0	0	0	0	0	0	0	0	0	0	1	0	0	1	0	0	0	0	8.673765
715	1	1	0	0	1	0	0	0	0	0	0	1	0	1	0	0	0	0	0	1	0	0	1	0.1523999	1	0.0232257	0	0	0	0	0	0	0	0	0	0	1	0	0	0	0	0	0	0	8.525649
715	0	0	0	0	1	0	0	1	0	0	0	0	0	0	0	0	0	0	1	0	0	0	2	0.127	4	0.016129	0	0	0	0	0	0	0	0	0	0	0	0	0	1	0	0	0	0	8.673765
715	1	0	0	0	0	1	0	1	0	0	0	1	0	0	0	0	0	0	0	0	0	3	7	0.1015999	49	0.0103225	0	0	0	0	0	0	0	0	0	0	0	0	0	0	0	0	0	0	8.612476
715	0	0	0	0	2	0	0	0	1	0	0	0	0	1	0	0	0	0	1	0	0	0	2	0.127	4	0.016129	0	0	0	0	0	0	0	0	0	0	1	0	0	1	0	0	0	0	9.044342
715	1	0	0	0	1	0	0	0	0	0	0	0	0	1	0	0	0	0	1	1	0	0	6	0.127	36	0.016129	0	0	0	0	0	0	0	0	0	0	1	0	0	1	0	0	0	0	8.673765
715	1	0	0	0	1	0	0	0	0	0	0	1	0	1	0	0	0	0	1	1	0	0	5	0.1523999	25	0.0232257	0	0	0	0	0	0	0	0	0	0	1	0	0	1	0	0	0	0	8.525649
715	0	0	0	0	1	0	0	0	0	1	0	0	0	1	0	0	0	0	1	1	0	0	4	0.127	16	0.016129	0	0	0	0	0	0	0	0	0	0	1	0	0	1	0	0	0	0	9.508165
715	0	0	0	0	1	0	0	0	0	0	0	1	0	1	0	0	0	0	1	1	0	0	4	0.2285999	16	0.0522579	0	0	0	0	0	0	0	0	0	0	1	0	0	1	0	0	0	0	8.673765
715	0	1	0	0	1	0	0	0	0	1	0	0	0	1	0	0	0	0	0	1	0	0	2	0.2285999	4	0.0522579	0	0	0	0	0	0	0	0	0	0	1	0	0	0	0	0	0	0	9.044342
715	0	0	0	0	0	1	0	0	0	0	0	1	0	1	0	0	0	0	1	1	0	0	3	0.1904999	9	0.0362902	0	0	0	0	0	0	0	0	0	0	1	0	0	1	0	0	0	0	8.673765
716	0	1	0	1	1	0	0	0	1	0	0	1	0	0	0	1	0	0	0	0	0	0	1	0	1	0	0	0	0	1.6764	0	0	0	0	0	0	0	0	0	0	0	0	0	0	8.099738
716	1	0	0	0	1	0	0	1	0	1	0	0	0	0	0	0	0	0	1	0	0	0	8	0.1015999	64	0.0103225	0	0	0	0	0	0	0	0	0	0	0	0	0	0	0	1	0	0	8.099738
716	0	0	0	0	1	0	0	1	0	0	0	1	0	0	0	0	0	0	1	0	0	0	7	0.1523999	49	0.0232257	0	0	0	0	0	0	0	0	0	0	0	0	0	0	0	1	0	0	8.673765
716	0	0	0	0	2	0	0	0	1	0	0	1	0	1	0	1	0	0	1	0	0	0	4	0.1015999	16	0.0103225	0	0	0	0	0	0	0	0	0	0	1	0	0	0	0	1	0	0	8.525649
716	0	1	0	0	3	0	0	0	1	0	0	0	0	0	0	1	0	0	0	0	0	0	2	0.0761999	4	0.0058064	0	0	0	0	0	0	0	0	0	0	0	0	0	0	0	0	0	0	8.266818
716	0	0	0	0	1	0	0	0	1	1	0	0	0	0	0	1	0	0	0	0	-2	0	7	0.1523999	49	0.0232257	0	0	0	0	0	0	0	0	0	0	0	0	0	0	0	0	0	1	8.525649
716	1	0	0	0	1	0	0	0	0	0	0	1	0	0	0	0	0	0	1	0	0	0	6	0.127	36	0.016129	0	0	0	0	0	0	0	0	0	0	0	0	0	0	0	1	0	0	8.099738
716	0	0	0	0	1	0	0	1	0	0	0	0	0	1	0	0	0	0	1	0	0	0	5	0.0761999	25	0.0058064	0	0	0	0	0	0	0	0	0	0	1	0	0	0	0	1	0	0	8.673765
716	1	1	0	1	1	0	0	1	0	1	0	0	0	0	0	0	0	0	0	0	0	0	9	0	81	0	0	0	0	1.6764	0	0	0	0	0	0	0	0	0	0	0	0	0	0	8.099738
716	1	0	0	0	1	0	0	1	0	1	0	0	0	0	0	0	0	0	1	0	0	0	5	0.0761999	25	0.0058064	0	0	0	0	0	0	0	0	0	0	0	0	0	0	0	1	0	0	8.099738
716	0	1	0	1	0	1	0	0	1	1	0	0	0	1	0	1	0	0	0	0	0	0	6	0	36	0	0	0	0	1.6764	0	0	0	0	0	0	1	0	0	0	0	0	0	0	8.099738
716	0	1	0	0	1	0	0	0	1	0	0	1	0	0	0	1	0	0	0	0	0	0	7	0.1015999	49	0.0103225	0	0	0	0	0	0	0	0	0	0	0	0	0	0	0	0	0	0	8.099738
716	0	0	0	0	1	0	0	1	0	0	0	1	0	1	0	0	0	0	0	0	0	5	5	0.1015999	25	0.0103225	0	0	0	0	0	0	0	0	0	0	1	0	0	0	0	0	0	0	8.673765
716	1	0	0	0	0	1	0	0	1	0	0	1	0	0	0	1	0	0	1	0	0	0	5	0.127	25	0.016129	0	0	0	0	0	0	0	0	0	0	0	0	0	0	0	1	0	0	8.744252
716	0	1	0	0	1	0	0	1	0	1	0	0	0	0	0	0	0	0	0	0	0	0	5	0.1015999	25	0.0103225	0	0	0	0	0	0	0	0	0	0	0	0	0	0	0	0	0	0	8.099738
717	0	0	0	0	2	0	0	0	0	0	0	0	0	0	0	0	0	0	0	1	-3	0	5	0.2032	25	0.0412902	0	0	0	0	0	0	0	0	0	0	0	0	0	1	0	0	0	0	8.973855
717	0	0	0	0	1	0	0	0	1	1	0	0	0	0	0	0	0	0	1	0	0	0	5	0.1778001	25	0.0316129	0	0	0	0	0	0	0	0	0	0	1	0	0	0	0	0	0	0	8.744252
717	0	1	0	0	1	0	0	0	1	1	0	0	0	0	0	0	0	0	0	0	0	0	6	0.2032	36	0.0412902	0	0	0	0	0	0	0	0	0	0	1	0	0	0	0	0	0	0	8.991449
717	0	1	0	0	0	1	0	0	0	1	0	0	0	0	0	0	0	0	0	1	0	0	4	0.1778001	16	0.0316129	0	0	0	0	0	0	0	0	0	0	1	0	0	0	0	0	0	0	8.266818
717	1	0	0	0	1	0	0	0	1	1	0	0	0	0	0	0	0	0	1	0	0	0	6	0.1524	36	0.0232258	0	0	0	0	0	0	0	0	0	0	1	0	0	0	0	0	0	0	9.174689
717	0	1	1	1	1	0	0	0	0	0	0	0	0	0	0	0	0	0	0	1	0	0	0	0	0	0	0	31	0	1.8034	0	0	0	0	0	0	1	0	0	0	0	0	0	0	8.543419
717	0	0	0	0	0	1	0	0	1	1	0	0	0	0	0	0	0	0	1	0	0	0	2	0.1524	4	0.0232258	0	0	0	0	0	0	0	0	0	0	1	0	0	0	0	0	0	0	9.044342
717	1	0	0	0	1	0	0	0	0	1	1	0	0	0	0	0	0	0	1	1	0	0	6	0.2159001	36	0.0466128	0	0	0	0	0	0	0	0	0	0	0	0	0	0	0	0	0	0	9.104201
717	0	1	0	0	1	0	0	1	0	0	0	0	0	0	0	0	0	0	0	0	0	0	6	0.2032	36	0.0412902	0	0	0	0	0	0	0	0	0	0	0	0	0	0	0	0	0	0	8.956086
717	1	0	0	0	1	0	0	0	0	0	0	1	0	0	0	0	0	0	1	1	0	0	5	0.2286	25	0.052258	0	0	0	0	0	0	0	0	0	0	1	0	0	0	0	0	0	0	8.973855
717	0	0	0	0	0	1	0	1	0	1	0	0	0	0	0	0	0	0	1	0	0	0	5	0.2286	25	0.052258	0	0	0	0	0	0	0	0	0	0	0	0	0	0	0	0	0	0	8.673765
717	1	1	0	0	1	0	0	0	1	0	0	1	0	0	0	0	0	0	0	0	0	0	3	0.2032	9	0.0412902	0	0	0	0	0	0	0	0	0	0	1	0	0	0	0	0	0	0	8.973855
717	0	0	0	0	1	0	0	0	0	0	0	0	0	0	0	0	0	0	0	1	-3	0	2	0.1778001	4	0.0316129	0	0	0	0	0	0	0	0	0	0	1	0	0	1	0	0	0	0	8.973855
717	0	0	0	0	1	0	0	0	0	1	0	0	0	0	0	0	0	0	1	1	0	0	5	0.2032	25	0.0412902	0	0	0	0	0	0	0	0	0	0	1	0	0	0	0	0	0	0	8.543419
717	1	0	0	0	1	0	0	0	0	1	0	0	0	0	0	0	0	0	1	1	0	0	3	0.2286	9	0.052258	0	0	0	0	0	0	0	0	0	0	1	0	0	0	0	0	0	0	8.973855
720	1	0	0	0	1	0	0	1	0	1	0	0	0	1	0	0	0	0	1	0	0	0	7	0.2539999	49	0.064516	0	0	0	0	1	0	0	0	0	0	1	0	0	1	0	0	0	0	8.099738
720	0	0	0	0	0	1	0	0	1	0	0	0	0	0	0	1	0	0	1	0	0	0	4	0.2539999	16	0.064516	0	0	0	0	1	0	0	0	0	0	0	0	0	1	0	0	0	0	8.673765
720	0	0	0	0	1	0	0	1	0	1	0	0	0	0	0	0	0	0	1	0	0	0	4	0.2539999	16	0.064516	0	0	0	0	1	0	0	0	0	0	0	0	0	1	0	0	0	0	8.099738
720	1	0	0	0	1	0	0	1	0	1	1	0	0	0	0	0	0	0	1	0	0	0	3	0.2285999	9	0.0522579	0	0	0	0	1	0	0	0	0	0	0	0	0	1	0	0	0	0	8.543419
720	0	1	0	0	1	0	0	1	0	0	0	0	0	0	0	0	0	0	0	0	0	0	5	0.2539999	25	0.064516	0	0	0	0	0	0	1	0	0	0	0	0	0	0	0	0	0	0	8.744252
720	0	1	0	0	1	0	0	0	1	0	0	1	0	1	0	1	0	0	0	0	0	0	7	0.3047999	49	0.092903	0	0	0	0	0	0	1	0	0	0	1	0	0	0	0	0	0	0	8.099738
720	1	0	0	0	1	0	0	1	0	1	0	0	0	1	0	0	0	0	1	0	0	0	5	0.2413	25	0.0582257	0	0	0	0	1	0	0	0	0	0	1	0	0	1	0	0	0	0	8.525649
720	1	0	0	0	1	0	0	1	0	0	0	1	0	1	0	0	0	0	1	0	0	0	5	0.2285999	25	0.0522579	0	0	0	0	1	0	0	0	0	0	1	0	0	1	0	0	0	0	8.099738
720	0	0	0	0	1	0	0	0	1	1	0	0	0	0	0	1	0	0	0	0	-2	0	4	0.2539999	16	0.064516	0	0	0	0	0	-2	0	0	0	0	0	0	0	0	0	1	0	0	8.673765
720	0	0	0	0	1	0	0	0	0	1	0	0	0	0	0	0	0	0	1	0	0	0	4	0.2539999	16	0.064516	0	0	0	0	1	0	0	0	0	0	0	0	0	1	0	0	0	0	8.744252
720	0	0	0	0	1	0	0	1	0	0	0	0	0	0	0	0	0	0	1	0	0	0	8	0.1524	64	0.0232258	0	0	0	0	1	0	0	0	0	0	0	0	0	1	0	0	0	0	8.099738
720	0	1	0	0	1	0	0	0	1	1	1	0	0	1	0	1	0	0	0	0	0	0	5	0.3047999	25	0.092903	0	0	0	0	0	0	1	0	0	0	1	0	0	0	0	0	0	0	8.744252
720	1	0	0	0	1	0	0	0	1	0	0	1	0	0	0	1	0	0	1	0	0	0	5	0.2285999	25	0.0522579	0	0	0	0	1	0	0	0	0	0	0	0	0	1	0	0	0	0	9.104201
720	0	0	0	0	2	0	0	0	0	1	0	0	0	0	0	0	0	0	1	0	0	0	2	0.2285999	4	0.0522579	0	0	0	0	1	0	0	0	0	0	0	0	0	1	0	0	0	0	8.673765
720	0	0	0	0	2	0	0	1	0	0	0	1	0	0	0	0	0	0	1	0	0	0	6	0.2285999	36	0.0522579	0	0	0	0	1	0	0	0	0	0	0	0	0	1	0	0	0	0	8.525649
723	1	0	0	0	1	0	0	0	0	0	0	1	0	0	0	0	0	0	1	1	0	0	8	0.0889	64	0.0079032	0	0	0	0	0	0	0	0	0	0	1	0	0	1	0	0	0	0	8.543419
723	0	0	0	0	0	1	0	0	0	0	0	0	0	0	0	0	0	0	1	1	0	0	6	0.2159001	36	0.0466128	0	0	0	0	0	0	0	0	0	0	0	0	0	1	0	0	0	0	9.508165
723	0	0	0	1	3	0	0	0	1	0	0	1	0	0	0	0	0	0	1	0	0	0	5	0	25	0	0	0	0	1.6891	0	0	0	0	0	0	1	0	0	1	0	0	0	0	8.612476
723	1	0	0	0	1	0	0	0	1	1	0	0	0	0	0	0	0	0	1	0	0	0	7	0.1143	49	0.0130645	0	0	0	0	0	0	0	0	0	0	0	0	0	1	0	0	0	0	8.543419
723	0	0	0	0	3	0	0	0	1	0	0	1	0	0	0	0	0	0	0	0	-1	0	4	0.127	16	0.016129	0	0	0	0	0	0	0	0	0	0	1	0	0	0	1	0	0	0	7.95042
723	0	0	0	0	3	0	0	1	0	0	0	1	0	0	0	0	0	0	1	0	0	0	3	0.0889	9	0.0079032	0	0	0	0	0	0	0	0	0	0	1	0	0	1	0	0	0	0	8.525649
723	1	0	0	0	1	0	0	0	0	0	0	0	0	0	0	0	0	0	1	1	0	0	8	0.1397001	64	0.0195161	0	0	0	0	0	0	0	0	0	0	1	0	0	1	0	0	0	0	8.543419
723	0	0	0	0	1	0	0	0	0	0	0	0	0	0	0	0	0	0	1	1	0	0	8	0.0381	64	0.0014516	0	0	0	0	0	0	0	0	0	0	1	0	0	1	0	0	0	0	8.673765
723	0	1	0	0	1	0	0	0	0	1	0	0	0	0	0	0	0	0	0	1	0	0	5	0.0889	25	0.0079032	0	0	0	0	0	0	0	0	0	0	1	0	0	0	0	0	0	0	8.543419
723	0	0	0	0	1	0	1	0	1	0	0	1	0	0	1	0	0	0	0	0	-1	0	8	0.1651	64	0.027258	0	0	0	0	0	0	0	0	0	0	0	0	0	0	1	0	0	0	8.744252
723	1	0	0	0	1	0	0	0	1	1	0	0	0	0	0	0	0	0	1	0	0	0	7	0.1397001	49	0.0195161	0	0	0	0	0	0	0	0	0	0	0	0	0	1	0	0	0	0	8.744252
723	0	0	0	0	0	1	0	0	0	0	0	0	0	0	0	0	0	0	1	1	0	0	4	0.1651	16	0.027258	0	0	0	0	0	0	0	0	0	0	1	0	0	1	0	0	0	0	8.543419
723	1	0	0	0	1	0	0	0	0	0	0	0	0	0	0	0	0	0	1	1	0	0	7	0.0635	49	0.0040323	0	0	0	0	0	0	0	0	0	0	1	0	0	1	0	0	0	0	8.744252
723	0	1	0	0	3	0	0	0	0	0	0	0	0	0	0	0	0	0	0	1	0	0	9	0.0889	81	0.0079032	0	0	0	0	0	0	0	0	0	0	1	0	0	0	0	0	0	0	8.099738
723	0	0	0	0	1	0	0	0	0	1	0	0	0	0	0	0	0	0	1	1	0	0	9	0.1143	81	0.0130645	0	0	0	0	0	0	0	0	0	0	0	0	0	1	0	0	0	0	8.744252
725	0	0	0	1	1	0	0	0	0	1	0	0	0	1	0	0	0	0	1	1	0	0	6	0	36	0	0	0	0	1.6764	0	0	0	0	0	0	1	0	0	1	0	0	0	0	8.612476
725	0	1	0	0	1	0	1	0	0	0	0	0	0	0	0	0	0	0	0	1	0	0	4	0.1523999	16	0.0232257	0	0	0	0	0	0	0	0	0	0	0	0	0	0	0	0	0	0	8.525649
725	0	0	0	0	1	0	0	0	0	0	0	0	0	0	0	0	0	0	1	1	0	0	6	0.1015999	36	0.0103225	0	0	0	0	0	0	0	0	0	0	0	0	0	1	0	0	0	0	8.744252
725	1	0	0	0	1	0	0	0	0	0	0	1	0	1	0	0	0	0	1	1	0	0	6	0.1142999	36	0.0130645	0	0	0	0	0	0	0	0	0	0	1	0	0	1	0	0	0	0	8.673765
725	0	0	0	0	3	0	0	0	0	0	0	1	0	0	0	0	0	0	1	1	0	0	4	0.1523999	16	0.0232257	0	0	0	0	0	0	0	0	0	0	0	0	0	1	0	0	0	0	8.673765
725	1	0	0	0	2	0	0	0	0	0	0	0	0	1	0	0	0	0	1	1	0	0	3	0.0761999	9	0.0058064	0	0	0	0	0	0	0	0	0	0	1	0	0	1	0	0	0	0	8.744252
725	1	0	0	0	1	0	0	0	0	0	0	0	0	1	0	0	0	0	1	1	0	0	6	0.0253999	36	0.0006452	0	0	0	0	0	0	0	0	0	0	1	0	0	1	0	0	0	0	8.099738
725	0	0	0	0	2	0	0	0	0	0	0	0	0	1	0	0	0	0	1	1	0	0	5	0.127	25	0.016129	0	0	0	0	0	0	0	0	0	0	1	0	0	1	0	0	0	0	8.744252
725	1	0	0	0	1	0	0	0	0	0	0	0	0	1	0	0	0	0	1	1	0	0	6	0.127	36	0.016129	0	0	0	0	0	0	0	0	0	0	1	0	0	1	0	0	0	0	8.525649
725	0	0	0	0	0	1	0	0	0	0	0	0	0	0	0	0	0	0	1	1	0	0	3	0.0761999	9	0.0058064	0	0	0	0	0	0	0	0	0	0	0	0	0	1	0	0	0	0	8.673765
725	1	0	0	0	1	0	0	0	0	0	0	0	0	0	0	0	0	0	0	1	-1	0	5	0.127	25	0.016129	0	0	0	0	0	0	0	0	0	0	0	0	0	0	1	0	0	0	8.673765
725	0	0	0	0	1	0	0	0	1	1	0	0	0	0	0	0	0	0	1	0	0	0	4	0.0761999	16	0.0058064	0	0	0	0	0	0	0	0	0	0	0	0	0	1	0	0	0	0	8.099738
725	0	0	0	0	1	0	0	0	1	0	0	0	0	1	0	0	0	0	1	0	0	0	3	0.0508	9	0.0025806	0	0	0	0	0	0	0	0	0	0	1	0	0	1	0	0	0	0	8.956086
725	0	0	0	0	1	0	0	0	1	1	0	0	0	0	0	0	0	0	1	0	0	0	7	0.127	49	0.016129	0	0	0	0	0	0	0	0	0	0	0	0	0	1	0	0	0	0	8.099738
725	0	1	0	0	1	0	0	0	1	1	0	0	0	1	0	0	0	0	0	0	0	0	8	0.127	64	0.016129	0	0	0	0	0	0	0	0	0	0	1	0	0	0	0	0	0	0	8.099738
733	0	0	0	0	1	0	0	1	0	1	0	0	0	0	0	0	0	0	1	0	0	0	2	0.1777999	4	0.0316128	0	0	0	0	0	0	0	0	0	0	0	0	0	0	0	1	0	0	8.525649
733	0	0	0	0	3	0	0	1	0	0	0	0	0	0	0	0	0	0	1	0	0	0	6	0.2032	36	0.0412902	0	0	0	0	0	0	0	0	0	0	0	0	0	0	0	1	0	0	8.673765
733	0	0	0	0	1	0	1	1	0	1	1	0	0	0	0	0	0	0	1	0	0	0	8	0.2032	64	0.0412902	0	0	0	0	0	0	0	0	0	0	0	0	0	0	0	1	0	0	8.099738
733	0	0	0	0	1	0	1	1	0	1	0	0	0	0	0	0	0	0	1	0	0	0	6	0.1777999	36	0.0316128	0	0	0	0	0	0	0	0	0	0	0	0	0	0	0	1	0	0	8.099738
733	1	0	0	0	1	0	0	0	1	1	0	0	0	0	0	1	0	0	1	0	0	0	6	0.2539999	36	0.064516	0	0	0	0	0	0	0	0	0	0	0	0	0	0	0	1	0	0	8.673765
733	1	0	0	0	1	0	0	0	0	1	0	0	0	1	0	0	0	0	1	0	0	0	5	0.2032	25	0.0412902	0	0	0	0	0	0	0	0	0	0	1	0	0	0	0	1	0	0	8.744252
733	1	0	0	0	1	0	0	1	0	1	0	0	0	0	0	0	0	0	1	0	0	0	5	0.127	25	0.016129	0	0	0	0	0	0	0	0	0	0	0	0	0	0	0	1	0	0	8.613906
733	0	0	0	0	1	0	0	0	0	0	0	0	0	0	0	0	0	0	0	0	0	1	4	0.1524	16	0.0232258	0	0	0	0	0	0	0	0	0	0	0	0	0	0	1	0	0	0	8.744252
733	1	0	1	0	0	1	0	1	0	1	1	0	0	1	0	0	0	0	1	0	0	0	0	0.1777999	0	0.0316128	0	28	0	0	0	0	0	0	0	0	1	0	0	0	0	1	0	0	8.099738
733	0	0	0	0	1	0	0	1	0	1	0	0	0	0	0	0	0	0	1	0	0	0	6	0.1524	36	0.0232258	0	0	0	0	0	0	0	0	0	0	0	0	0	0	0	1	0	0	8.099738
733	0	0	0	0	1	0	0	1	0	0	0	1	0	1	0	0	0	0	1	0	0	0	5	0.2286	25	0.052258	0	0	0	0	0	0	0	0	0	0	1	0	0	0	0	1	0	0	8.525649
733	0	0	0	0	3	0	0	1	0	0	0	1	0	0	0	0	0	0	0	0	0	0	8	0.2032	64	0.0412902	0	0	0	0	0	0	0	0	0	0	0	0	0	0	0	1	0	0	8.099738
733	1	0	0	0	1	0	0	1	0	0	0	0	0	1	0	0	0	0	1	0	0	0	5	0.2539999	25	0.064516	0	0	0	0	0	0	0	0	0	0	1	0	0	0	0	1	0	0	8.525649
733	0	0	0	0	2	0	0	0	0	0	0	1	0	0	0	0	0	0	0	0	0	1	4	0.1524	16	0.0232258	0	0	0	0	0	0	0	0	0	0	0	0	0	0	1	0	0	0	8.973855
733	0	0	0	0	0	1	0	1	0	0	0	1	0	0	0	0	0	0	1	0	0	0	5	0.1905	25	0.0362903	0	0	0	0	0	0	0	0	0	0	0	0	0	0	0	1	0	0	8.673765
734	0	1	0	0	1	0	0	0	1	0	0	1	0	0	0	0	0	0	0	0	0	0	2	0.0508	4	0.0025806	0	0	0	0	0	0	0	0	0	0	1	0	0	0	0	0	0	0	9.203803
734	0	0	0	0	1	0	0	0	0	1	0	0	0	0	0	0	0	0	0	1	0	0	9	0.0508	81	0.0025806	0	0	0	0	0	0	0	0	0	0	1	0	0	0	1	0	0	0	8.840846
734	0	1	0	0	1	0	0	0	0	0	0	0	0	0	0	0	0	0	0	1	0	0	10	-0.0508	100	0.0025806	0	0	0	0	0	0	0	0	0	0	0	0	0	0	0	0	0	0	9.203803
734	0	1	0	1	0	1	0	1	0	1	0	0	0	0	0	0	0	0	0	0	0	0	14	0	196	0	0	0	0	1.5748	0	0	0	0	0	0	1	0	0	0	0	0	0	0	7.95042
734	0	0	1	1	1	0	0	0	1	0	0	0	0	0	0	0	0	0	0	0	-2	0	0	0	0	0	0	36	0	1.5748	0	0	0	0	0	0	0	0	0	0	0	0	1	0	8.099738
734	0	1	0	0	1	0	0	0	1	0	0	0	0	0	0	0	0	0	0	0	0	0	7	0	49	0	0	0	0	0	0	0	0	0	0	0	0	0	0	0	0	0	0	0	9.114422
734	1	0	0	0	1	0	1	0	1	0	0	1	0	0	1	0	0	0	1	0	0	0	7	0.0254	49	0.0006452	0	0	0	0	0	0	0	0	0	0	0	0	0	0	1	0	0	0	8.673765
734	1	1	0	0	0	1	0	0	0	0	0	1	0	0	0	0	0	0	0	1	0	0	8	0.0254	64	0.0006452	0	0	0	0	0	0	0	0	0	0	1	0	0	0	0	0	0	0	8.099738
734	0	1	0	0	0	1	1	0	0	0	0	1	0	0	1	0	0	0	0	1	0	0	4	0.0762	16	0.0058064	0	0	0	0	0	0	0	0	0	0	0	0	0	0	0	0	0	0	8.673765
734	1	1	0	0	1	0	0	0	0	0	0	1	0	0	0	0	0	0	0	1	0	0	7	0	49	0	0	0	0	0	0	0	0	0	0	0	0	0	0	0	0	0	0	0	8.099738
734	0	1	0	0	1	0	0	0	1	0	0	0	0	0	0	0	0	0	0	0	0	0	9	0.0508	81	0.0025806	0	0	0	0	0	0	0	0	0	0	1	0	0	0	0	0	0	0	8.673765
734	1	1	0	0	0	1	0	0	1	1	0	0	0	0	0	0	0	0	0	0	0	0	13	0	169	0	0	0	0	0	0	0	0	0	0	0	0	0	0	0	0	0	0	0	8.099738
734	0	0	0	0	1	0	0	0	0	1	0	0	0	0	0	0	0	0	1	1	0	0	11	0	121	0	0	0	0	0	0	0	0	0	0	0	0	0	0	0	1	0	0	0	9.104201
734	0	0	0	0	1	0	0	0	0	0	0	1	0	0	0	0	0	0	0	1	-3	0	13	0.0381	169	0.0014516	0	0	0	0	0	0	0	0	0	0	1	0	0	0	0	0	0	1	8.673765
734	1	1	0	0	0	1	0	0	0	0	0	0	0	0	0	0	0	0	0	1	0	0	4	0.0254	16	0.0006452	0	0	0	0	0	0	0	0	0	0	1	0	0	0	0	0	0	0	8.099738
735	1	0	0	0	0	1	0	0	0	0	0	0	0	0	0	0	0	0	1	1	0	0	9	0.1523999	81	0.0232257	0	0	0	0	0	0	0	0	0	0	0	0	0	1	0	0	0	0	8.673765
735	0	1	0	0	1	0	0	0	0	0	0	0	0	0	0	0	0	0	0	1	0	0	10	0.127	100	0.016129	0	0	0	0	0	0	0	0	0	0	1	0	0	0	0	0	0	0	9.203803
735	0	1	0	0	3	0	1	0	1	0	0	0	0	0	1	0	0	0	0	0	0	0	8	0.1015999	64	0.0103225	0	0	0	0	0	0	0	0	0	0	0	0	0	0	0	0	0	0	9.203803
735	1	1	0	0	2	0	0	0	0	0	0	0	0	0	0	0	0	0	0	1	0	0	7	0.1015999	49	0.0103225	0	0	0	0	0	0	0	0	0	0	1	0	0	0	0	0	0	0	8.525649
735	0	1	0	0	3	0	0	0	0	0	0	1	0	0	0	0	0	0	0	1	0	0	6	0.127	36	0.016129	0	0	0	0	0	0	0	0	0	0	0	0	0	0	0	0	0	0	8.099738
735	0	0	0	0	3	0	0	0	1	0	0	0	0	0	0	0	0	0	1	0	0	0	9	0.0761999	81	0.0058064	0	0	0	0	0	0	0	0	0	0	1	0	0	1	0	0	0	0	8.469326
735	0	0	0	0	1	0	0	0	0	1	0	0	0	0	0	0	0	0	1	1	0	0	1	0.0761999	1	0.0058064	0	0	0	0	0	0	0	0	0	0	1	0	0	1	0	0	0	0	8.673765
735	1	0	0	0	1	0	0	0	0	0	0	0	0	0	0	0	0	0	1	1	0	0	4	0.0508	16	0.0025806	0	0	0	0	0	0	0	0	0	0	0	0	0	1	0	0	0	0	8.543419
735	0	1	0	0	2	0	0	0	1	0	0	0	0	0	0	0	0	0	0	0	0	0	10	0.1015999	100	0.0103225	0	0	0	0	0	0	0	0	0	0	0	0	0	0	0	0	0	0	8.099738
735	0	0	0	0	3	0	0	0	0	0	0	0	0	0	0	0	0	0	1	1	0	0	8	0.0508	64	0.0025806	0	0	0	0	0	0	0	0	0	0	0	0	0	1	0	0	0	0	8.099738
735	0	0	0	0	1	0	0	1	0	0	0	1	0	0	0	0	0	0	1	0	0	0	1	0.1015999	1	0.0103225	0	0	0	0	0	0	0	0	0	0	1	0	0	1	0	0	0	0	8.673765
735	1	0	0	0	2	0	0	0	0	1	0	0	0	0	0	0	0	0	1	1	0	0	7	0.1523999	49	0.0232257	0	0	0	0	0	0	0	0	0	0	1	0	0	1	0	0	0	0	8.099738
735	1	0	0	0	3	0	0	0	0	0	0	1	0	0	0	0	0	0	1	1	0	0	7	0.1015999	49	0.0103225	0	0	0	0	0	0	0	0	0	0	1	0	0	1	0	0	0	0	8.673765
735	0	0	0	0	2	0	0	0	1	0	0	0	0	0	0	0	0	0	1	0	0	0	7	0.127	49	0.016129	0	0	0	0	0	0	0	0	0	0	0	0	0	1	0	0	0	0	8.099738
735	0	0	0	0	2	0	0	0	0	0	0	0	0	0	0	0	0	0	1	1	0	0	7	0.1015999	49	0.0103225	0	0	0	0	0	0	0	0	0	0	1	0	0	1	0	0	0	0	9.203803
736	0	0	0	0	3	0	0	1	0	0	0	1	0	1	0	0	0	0	1	0	0	0	6	0.0762	36	0.0058064	0	0	0	0	0	0	0	0	0	0	1	0	0	0	0	0	0	0	8.673765
736	0	1	0	0	2	0	0	0	0	0	0	1	0	1	0	0	0	0	0	0	0	0	5	0.0508	25	0.0025806	0	0	0	0	0	0	0	0	0	0	1	0	0	0	0	0	0	0	8.099738
736	0	1	0	1	0	1	0	0	1	0	0	1	0	1	0	1	0	0	0	0	0	0	11	0	121	0	0	0	0	1.6256	0	0	0	0	0	0	1	0	0	0	0	0	0	0	9.203803
736	0	0	0	0	4	0	0	0	0	0	0	1	0	0	0	0	0	0	1	0	0	0	12	0.0508	144	0.0025806	0	0	0	0	0	0	0	0	0	0	0	0	0	0	0	0	0	0	8.099738
736	0	0	0	0	3	0	1	0	1	0	0	1	0	0	0	1	0	0	0	0	-4	0	9	0.0253999	81	0.0006452	0	0	0	0	0	0	0	0	0	0	0	0	0	0	1	0	0	0	9.203803
736	0	0	0	0	0	1	0	1	0	0	0	0	0	0	0	0	0	0	0	0	-7	0	7	0.1777999	49	0.0316128	0	0	0	0	0	0	0	0	0	0	0	0	0	0	0	0	0	1	8.099738
736	1	0	0	0	1	0	0	1	0	0	0	1	0	0	0	0	0	0	1	0	0	0	7	0.0253999	49	0.0006452	0	0	0	0	0	0	0	0	0	0	0	0	0	0	0	0	0	0	8.525649
736	0	0	0	0	4	0	0	0	0	0	0	0	0	0	0	0	0	0	1	0	0	0	5	0.0381	25	0.0014516	0	0	0	0	0	0	0	0	0	0	0	0	0	0	0	0	0	0	8.099738
736	0	1	0	0	0	1	0	0	1	0	0	0	0	1	0	1	0	0	0	0	0	0	3	-0.0254	9	0.0006452	0	0	0	0	0	0	0	0	0	0	1	0	0	0	0	0	0	0	9.203803
736	0	1	0	0	3	0	0	0	1	0	0	1	0	0	0	1	0	0	0	0	0	0	6	0.0253999	36	0.0006452	0	0	0	0	0	0	0	0	0	0	0	0	0	0	0	0	0	0	8.673765
736	1	1	0	0	1	0	0	0	1	0	0	0	0	0	0	1	0	0	0	0	0	0	7	0.1015999	49	0.0103225	0	0	0	0	0	0	0	0	0	0	0	0	0	0	0	0	0	0	8.673765
736	1	1	0	0	3	0	1	1	0	0	0	1	0	0	0	0	0	0	0	0	0	0	6	0.0508	36	0.0025806	0	0	0	0	0	0	0	0	0	0	0	0	0	0	0	0	0	0	7.95042
736	0	0	0	0	1	0	0	1	0	1	0	0	0	1	0	0	0	0	1	0	0	0	7	0.0762	49	0.0058064	0	0	0	0	0	0	0	0	0	0	1	0	0	0	0	0	0	0	7.95042
736	1	1	0	0	1	0	1	0	1	0	0	1	0	0	0	1	0	0	0	0	0	0	10	0.0762	100	0.0058064	0	0	0	0	0	0	0	0	0	0	0	0	0	0	0	0	0	0	8.099738
736	1	0	0	1	3	0	0	0	1	0	0	1	0	0	0	1	0	0	1	0	0	0	10	0	100	0	0	0	0	1.6256	0	0	0	0	0	0	0	0	0	0	0	0	0	0	8.956086
737	0	0	0	0	1	0	0	0	1	0	0	0	0	0	0	0	0	0	1	0	0	0	5	0.1396999	25	0.0195161	0	0	0	0	0	0	0	1	0	0	1	0	0	1	0	0	0	0	8.543419
737	0	0	0	0	1	0	1	0	0	0	0	1	0	0	1	0	0	0	0	1	-4	0	5	0.2158999	25	0.0466128	0	0	0	0	0	0	0	0	-4	0	0	0	0	0	0	0	0	1	8.673765
737	1	0	0	0	1	0	1	1	0	1	0	0	0	0	1	0	0	0	1	0	0	0	6	0.2032	36	0.0412902	0	0	0	0	0	0	0	1	0	0	0	0	0	1	0	0	0	0	8.673765
737	1	0	0	0	1	0	0	0	0	1	1	0	0	0	0	0	0	0	0	1	-1	0	4	0.1126	16	0.0126788	0	0	0	0	0	0	0	0	-1	0	1	0	0	0	1	0	0	0	9.104201
737	1	0	0	0	2	0	0	0	1	0	0	1	0	0	0	0	0	0	1	0	0	0	8	0.1523999	64	0.0232257	0	0	0	0	0	0	0	1	0	0	1	0	0	1	0	0	0	0	8.613906
737	0	0	0	0	2	0	0	0	0	1	0	0	0	0	0	0	0	0	0	1	0	2	5	0.1523999	25	0.0232257	0	0	0	0	0	0	0	0	2	0	1	1	0	0	0	0	0	0	8.956086
737	0	0	0	0	2	0	0	0	0	0	0	1	0	0	0	0	0	0	0	1	-2	0	7	0.2285999	49	0.0522579	0	0	0	0	0	0	0	0	-2	0	1	0	0	0	0	1	0	0	8.673765
737	0	0	0	0	1	0	1	0	1	0	0	0	0	0	1	0	0	0	0	0	0	1	5	0.1777999	25	0.0316128	0	0	0	0	0	0	0	0	1	0	0	0	1	0	0	0	0	0	8.543419
737	1	0	0	0	1	0	0	1	0	1	0	0	0	0	0	0	0	0	0	0	0	2	2	0.1396999	4	0.0195161	0	0	0	0	0	0	0	0	2	0	1	1	0	0	0	0	0	0	8.673765
737	0	0	0	0	0	1	1	0	0	0	0	0	0	0	1	0	0	0	1	1	0	0	8	0.1777999	64	0.0316128	0	0	0	0	0	0	0	1	0	0	0	0	0	1	0	0	0	0	8.744252
737	0	0	0	0	1	0	0	0	0	1	0	0	0	0	0	0	0	0	1	1	0	0	5	0.1523999	25	0.0232257	0	0	0	0	0	0	0	1	0	0	1	0	0	1	0	0	0	0	8.744252
737	1	0	0	0	1	0	0	0	0	1	0	0	0	0	0	0	0	0	1	1	0	0	6	0.0889	36	0.0079032	0	0	0	0	0	0	0	1	0	0	1	0	0	1	0	0	0	0	8.543419
737	0	0	0	0	1	0	0	0	0	1	0	0	0	0	0	0	0	0	0	1	0	3	5	0.1396999	25	0.0195161	0	0	0	0	0	0	0	0	3	0	0	0	0	0	0	0	0	0	8.973855
737	0	0	0	0	2	0	0	0	0	0	0	0	0	0	0	0	0	0	1	1	0	0	5	0.1523999	25	0.0232257	0	0	0	0	0	0	0	1	0	0	0	0	0	1	0	0	0	0	8.543419
737	0	0	0	0	3	0	1	0	0	0	0	1	0	0	1	0	0	0	1	1	0	0	7	0.0762	49	0.0058064	0	0	0	0	0	0	0	1	0	0	0	0	0	1	0	0	0	0	8.744252
738	1	1	0	0	1	0	0	0	1	0	0	0	0	1	0	0	0	0	0	0	0	0	4	0.0889	16	0.0079032	0	0	0	0	0	0	0	0	0	0	1	0	0	0	0	0	0	0	8.099738
738	0	0	0	0	1	0	0	0	0	1	1	0	0	1	0	0	0	0	1	1	0	0	7	0.127	49	0.016129	0	0	0	0	0	0	0	0	0	0	1	1	0	0	0	0	0	0	8.099738
738	0	0	0	0	1	0	0	0	0	0	0	0	0	1	0	0	0	0	1	1	0	0	3	0.1015999	9	0.0103225	0	0	0	0	0	0	0	0	0	0	1	1	0	0	0	0	0	0	8.863879
738	0	0	0	0	1	0	0	0	0	1	0	0	0	1	0	0	0	0	1	1	0	0	3	0.0761999	9	0.0058064	0	0	0	0	0	0	0	0	0	0	1	1	0	0	0	0	0	0	8.673765
738	0	0	0	0	1	0	1	0	0	0	0	1	0	0	0	0	0	0	1	1	0	0	4	0.0761999	16	0.0058064	0	0	0	0	0	0	0	0	0	0	0	1	0	0	0	0	0	0	8.673765
738	1	0	0	0	1	0	0	1	0	1	0	0	0	0	0	0	0	0	1	0	0	0	7	0.0761999	49	0.0058064	0	0	0	0	0	0	0	0	0	0	0	1	0	0	0	0	0	0	8.525649
738	0	1	0	0	3	0	0	0	0	0	0	1	0	1	0	0	0	0	0	1	0	0	7	0.1523999	49	0.0232257	0	0	0	0	0	0	0	0	0	0	1	0	0	0	0	0	0	0	8.099738
738	1	1	0	0	0	1	0	0	0	0	0	1	0	0	0	0	0	0	0	1	0	0	8	0.0761999	64	0.0058064	0	0	0	0	0	0	0	0	0	0	0	0	0	0	0	0	0	0	8.673765
738	1	1	0	0	1	0	0	0	0	0	0	1	0	0	0	0	0	0	0	1	0	0	6	0.0761999	36	0.0058064	0	0	0	0	0	0	0	0	0	0	0	0	0	0	0	0	0	0	8.673765
738	0	0	0	0	1	0	0	0	1	0	0	1	0	1	0	0	0	0	0	0	-2	0	4	0.1015999	16	0.0103225	0	0	0	0	0	0	0	0	0	0	1	0	0	1	0	0	0	0	8.673765
738	0	1	0	0	0	1	0	0	1	0	0	1	0	0	0	0	0	0	0	0	0	0	7	0.1015999	49	0.0103225	0	0	0	0	0	0	0	0	0	0	0	0	0	0	0	0	0	0	8.099738
738	1	1	0	0	1	0	0	0	0	0	0	1	0	0	0	0	0	0	0	1	0	0	7	0.1523999	49	0.0232257	0	0	0	0	0	0	0	0	0	0	0	0	0	0	0	0	0	0	8.744252
738	0	1	0	0	3	0	0	0	0	0	0	0	0	0	0	0	0	0	0	1	0	0	3	0.1015999	9	0.0103225	0	0	0	0	0	0	0	0	0	0	0	0	0	0	0	0	0	0	8.744252
738	0	0	0	0	1	0	0	0	0	1	0	0	0	1	0	0	0	0	1	1	0	0	3	0.0889	9	0.0079032	0	0	0	0	0	0	0	0	0	0	1	1	0	0	0	0	0	0	8.673765
738	0	0	0	0	1	0	1	0	0	0	0	0	0	0	0	0	0	0	1	1	0	0	4	0.127	16	0.016129	0	0	0	0	0	0	0	0	0	0	0	1	0	0	0	0	0	0	8.612476
739	0	0	0	0	0	1	1	0	0	0	0	1	0	0	1	0	0	0	1	1	0	0	6	0.1777999	36	0.0316128	0	0	0	0	0	0	0	0	0	0	0	0	0	1	0	0	0	0	8.973855
739	0	0	0	0	1	0	1	1	0	1	0	0	0	0	1	0	0	0	1	0	0	0	1	0.2539999	1	0.064516	0	0	0	0	0	0	0	0	0	0	0	0	0	1	0	0	0	0	8.525649
739	0	0	0	0	1	0	0	0	0	1	1	0	0	0	0	0	0	0	1	1	0	0	6	0.2032	36	0.0412902	0	0	0	0	0	0	0	0	0	0	1	0	0	1	0	0	0	0	8.673765
739	0	0	0	0	1	0	0	0	0	0	0	0	0	0	0	0	0	0	1	1	0	0	9	0.1651	81	0.027258	0	0	0	0	0	0	0	0	0	0	1	0	0	1	0	0	0	0	8.543419
739	0	0	0	0	0	1	1	0	0	0	0	1	0	0	1	0	0	0	1	1	0	0	7	0.127	49	0.016129	0	0	0	0	0	0	0	0	0	0	0	0	0	1	0	0	0	0	8.973855
739	0	0	1	0	2	0	0	0	0	0	0	1	0	0	0	0	0	0	1	1	0	0	0	0.1777999	0	0.0316128	0	36	0	0	0	0	0	0	0	0	1	0	0	1	0	0	0	0	8.673765
739	0	0	0	0	1	0	0	0	1	1	0	0	0	0	0	0	0	0	1	0	0	0	3	0.2286	9	0.052258	0	0	0	0	0	0	0	0	0	0	1	0	0	1	0	0	0	0	8.673765
739	0	0	0	0	1	0	0	0	0	0	0	0	0	0	0	0	0	0	1	1	0	0	9	0.1651	81	0.027258	0	0	0	0	0	0	0	0	0	0	1	0	0	1	0	0	0	0	8.543419
739	0	0	0	0	1	0	1	0	0	0	0	1	0	0	1	0	0	0	1	1	0	0	11	0.2032	121	0.0412902	0	0	0	0	0	0	0	0	0	0	0	0	0	1	0	0	0	0	8.673765
739	0	0	0	0	0	1	1	1	0	0	0	0	0	0	1	0	0	0	0	0	0	3	3	0.1777999	9	0.0316128	0	0	0	0	0	0	0	0	0	0	0	0	0	0	0	0	0	0	9.377819
739	0	0	0	0	3	0	0	0	0	1	1	0	0	0	0	0	0	0	0	1	0	3	6	0.2539999	36	0.064516	0	0	0	0	0	0	0	0	0	0	0	0	0	0	0	0	0	0	8.543419
740	0	1	0	0	0	1	0	0	0	0	0	0	0	0	0	0	0	0	0	0	0	0	7	0.1697999	49	0.028832	0	0	0	0	0	0	0	0	0	0	1	0	0	0	0	0	0	0	8.525649
740	1	0	0	0	1	0	0	1	0	0	0	1	0	0	0	0	0	0	1	1	0	0	3	0.2459999	9	0.060516	0	0	0	0	0	0	0	0	0	0	1	0	0	1	0	0	0	0	8.744252
740	1	0	0	0	1	0	0	1	0	0	0	0	0	0	0	0	0	0	1	1	0	0	3	0.2459999	9	0.060516	0	0	0	0	0	0	0	0	0	0	1	0	0	1	0	0	0	0	8.840846
740	0	0	0	0	1	0	0	0	0	1	0	0	0	0	0	0	0	0	0	0	-2	0	6	0.1952	36	0.038103	0	0	0	0	0	0	0	0	0	0	1	0	0	0	0	1	0	0	8.543419
740	1	0	0	0	1	0	1	1	0	0	0	1	0	0	1	0	0	0	1	1	0	0	8	0.2206	64	0.0486644	0	0	0	0	0	0	0	0	0	0	0	0	0	1	0	0	0	0	8.543419
740	1	0	0	0	1	0	0	0	0	0	0	1	0	0	0	0	0	0	1	0	0	0	3	0.2459999	9	0.060516	0	0	0	0	0	0	0	0	0	0	1	0	0	1	0	0	0	0	9.411034
740	0	0	0	0	1	0	0	1	0	0	0	0	0	0	0	0	0	0	0	1	-1	0	5	0.1952	25	0.038103	0	0	0	0	0	0	0	0	0	0	1	0	0	0	1	0	0	0	8.780987
740	1	0	0	0	1	0	0	0	0	0	0	1	0	0	0	0	0	0	1	0	0	0	4	0.2459999	16	0.060516	0	0	0	0	0	0	0	0	0	0	1	0	0	1	0	0	0	0	9.013688
740	0	0	0	0	0	1	0	0	0	0	0	1	0	0	0	0	0	0	1	0	0	0	8	0.1444	64	0.0208514	0	0	0	0	0	0	0	0	0	0	1	0	0	1	0	0	0	0	8.525649
740	0	0	0	0	1	0	1	0	1	0	0	1	0	0	1	0	0	0	1	0	0	0	3	0.0936	9	0.008761	0	0	0	0	0	0	0	0	0	0	0	0	0	1	0	0	0	0	8.673765
740	0	0	0	0	2	0	0	1	0	0	0	0	0	0	0	0	0	0	0	1	-2	0	6	0.1697999	36	0.028832	0	0	0	0	0	0	0	0	0	0	1	0	0	0	0	1	0	0	8.744252
740	0	0	0	0	1	0	0	0	0	0	0	1	0	0	0	0	0	0	1	0	0	0	8	0.2459999	64	0.060516	0	0	0	0	0	0	0	0	0	0	1	0	0	1	0	0	0	0	8.543419
740	0	0	0	0	1	0	1	1	0	0	0	1	0	0	1	0	0	0	1	1	0	0	5	0.119	25	0.014161	0	0	0	0	0	0	0	0	0	0	0	0	0	1	0	0	0	0	8.744252
740	0	0	0	0	1	0	1	1	0	0	0	1	0	0	1	0	0	0	1	1	0	0	5	0.119	25	0.014161	0	0	0	0	0	0	0	0	0	0	0	0	0	1	0	0	0	0	8.744252
740	0	0	0	0	3	0	0	0	0	0	0	1	0	0	0	0	0	0	1	0	0	0	6	0.2459999	36	0.060516	0	0	0	0	0	0	0	0	0	0	1	0	0	1	0	0	0	0	8.613906
740	0	0	0	0	1	0	0	0	0	1	0	0	0	0	0	0	0	0	1	0	0	0	7	0.1444	49	0.0208514	0	0	0	0	0	0	0	0	0	0	1	0	0	1	0	0	0	0	8.744252
743	0	1	0	0	1	0	1	1	0	1	0	0	0	0	1	0	0	0	0	0	0	0	5	0.127	25	0.016129	0	0	0	0	0	0	0	0	0	0	0	0	0	0	0	0	0	0	8.779557
743	0	0	0	0	1	0	1	1	0	0	0	1	0	0	1	0	0	0	1	0	0	0	6	0.0254	36	0.0006452	0	0	0	0	0	0	0	0	0	0	0	0	0	0	0	0	0	0	8.673765
743	1	0	0	0	1	0	0	1	0	0	0	0	0	0	0	0	0	0	1	0	0	0	9	0.1016001	81	0.0103226	0	0	0	0	0	0	0	0	0	0	0	0	0	0	0	0	0	0	8.543419
743	1	1	0	0	1	0	0	1	0	0	0	0	0	0	0	0	0	0	0	0	0	0	7	0.0508	49	0.0025806	0	0	0	0	0	0	0	0	0	0	0	0	0	0	0	0	0	0	8.673765
743	1	0	0	0	0	1	0	1	0	1	0	0	0	0	0	0	0	0	1	0	0	0	8	0.127	64	0.016129	0	0	0	0	0	0	0	0	0	0	0	0	0	0	0	0	0	0	8.673765
743	0	1	0	0	1	0	0	0	1	1	1	0	0	0	0	0	0	0	0	0	0	0	10	0.127	100	0.016129	0	0	0	0	0	0	0	0	0	0	0	0	0	0	0	0	0	0	8.673765
743	0	0	0	0	1	0	0	1	0	0	0	0	0	0	0	0	0	0	1	0	0	0	7	0.1016001	49	0.0103226	0	0	0	0	0	0	0	0	0	0	0	0	0	0	0	0	0	0	8.673765
743	1	1	1	1	1	0	0	0	1	1	1	0	0	0	0	0	0	0	0	0	0	0	0	0	0	0	0	32	0	1.651	0	0	0	0	0	0	0	0	0	0	0	0	0	0	8.673765
743	0	0	0	0	1	0	0	0	1	1	0	0	0	0	0	0	0	0	1	0	0	0	7	0.1143	49	0.0130645	0	0	0	0	0	0	0	0	0	0	0	0	0	0	0	0	0	0	8.673765
743	0	0	0	0	1	0	0	0	1	0	0	0	0	0	0	0	0	0	1	0	0	0	8	0.0762	64	0.0058064	0	0	0	0	0	0	0	0	0	0	1	0	0	0	0	0	0	0	8.744252
743	0	0	0	0	1	0	0	0	0	0	0	0	0	0	0	0	0	0	1	1	0	0	7	0.0635	49	0.0040323	0	0	0	0	0	0	0	0	0	0	0	0	0	0	0	0	0	0	8.543419
743	0	1	0	0	1	0	0	0	1	0	0	1	0	0	0	0	0	0	0	0	0	0	9	0.127	81	0.016129	0	0	0	0	0	0	0	0	0	0	0	0	0	0	0	0	0	0	8.099738
743	0	1	0	0	0	1	0	0	1	1	0	0	0	0	0	0	0	0	0	0	0	0	8	-0.0253999	64	0.0006452	0	0	0	0	0	0	0	0	0	0	0	0	0	0	0	0	0	0	8.612476
743	0	1	0	0	0	1	1	0	1	0	0	1	0	0	1	0	0	0	0	0	0	0	4	0.127	16	0.016129	0	0	0	0	0	0	0	0	0	0	0	0	0	0	0	0	0	0	8.525649
743	1	0	0	0	1	0	0	0	1	0	0	0	0	0	0	0	0	0	1	0	0	0	7	0.0635	49	0.0040323	0	0	0	0	0	0	0	0	0	0	0	0	0	0	0	0	0	0	8.543419
745	1	0	0	0	2	0	0	0	1	0	0	0	0	0	0	0	0	0	1	0	0	0	8	0.1015999	64	0.0103225	0	0	0	0	0	0	0	0	0	0	1	0	0	0	0	0	0	0	8.673765
745	0	1	0	0	2	0	0	1	0	0	0	0	0	0	0	0	0	0	0	1	0	0	11	0.0253999	121	0.0006452	0	0	0	0	0	0	0	0	0	0	0	0	0	0	0	0	0	0	8.744252
745	1	1	0	0	1	0	0	0	1	0	0	0	0	0	0	0	0	0	0	0	0	0	7	0.0253999	49	0.0006452	0	0	0	0	0	0	0	0	0	0	1	0	0	0	0	0	0	0	8.673765
745	0	0	0	0	2	0	0	0	0	0	0	0	0	0	0	0	0	0	1	0	0	0	7	0.0889	49	0.0079032	0	0	0	0	0	0	0	0	0	0	1	0	0	0	0	0	0	0	8.099738
745	0	0	1	1	1	0	0	0	1	0	0	0	0	0	0	0	0	0	1	0	0	0	0	0	0	0	0	42	0	1.6256	0	0	0	0	0	0	0	0	0	0	0	0	0	0	7.95042
745	1	1	0	0	1	0	0	0	1	0	0	0	0	0	0	0	0	0	0	0	0	0	8	0.0508	64	0.0025806	0	0	0	0	0	0	0	0	0	0	1	0	0	0	0	0	0	0	8.612476
745	0	0	0	0	1	0	1	0	0	0	0	0	0	0	1	0	0	0	1	0	0	0	5	0.1015999	25	0.0103225	0	0	0	0	0	0	0	0	0	0	0	0	0	0	0	0	0	0	9.508165
745	0	0	1	1	1	0	0	0	1	0	0	0	0	0	0	0	0	0	0	0	-5	0	0	0	0	0	0	42	0	1.6256	0	0	0	0	0	0	0	0	0	0	0	1	0	0	7.95042
745	0	0	0	0	1	0	1	0	1	0	0	1	0	0	1	0	0	0	1	0	0	0	8	0	64	0	0	0	0	0	0	0	0	0	0	0	0	0	0	0	0	0	0	0	7.95042
745	0	1	0	0	4	0	0	0	1	0	0	0	0	0	0	0	0	0	0	0	0	0	11	-0.0254	121	0.0006452	0	0	0	0	0	0	0	0	0	0	0	0	0	0	0	0	0	0	8.525649
745	0	0	0	0	4	0	0	0	1	0	0	0	0	0	0	0	0	0	1	0	0	0	12	0.0253999	144	0.0006452	0	0	0	0	0	0	0	0	0	0	0	0	0	0	0	0	0	0	8.673765
745	0	0	0	0	1	0	0	1	0	0	0	0	0	0	0	0	0	0	1	1	0	0	13	0.0253999	169	0.0006452	0	0	0	0	0	0	0	0	0	0	1	0	0	0	0	0	0	0	7.95042
745	0	0	0	0	0	1	1	0	0	0	0	1	0	0	1	0	0	0	1	0	0	0	9	0.0253999	81	0.0006452	0	0	0	0	0	0	0	0	0	0	0	0	0	0	0	0	0	0	8.673765
745	1	0	0	0	1	0	0	0	1	0	0	0	0	0	0	0	0	0	1	0	0	0	9	0.0762	81	0.0058064	0	0	0	0	0	0	0	0	0	0	1	0	0	0	0	0	0	0	8.612476
745	1	0	0	0	0	1	1	0	1	0	0	0	0	0	1	0	0	0	1	0	0	0	15	0.0508	225	0.0025806	0	0	0	0	0	0	0	0	0	0	0	0	0	0	0	0	0	0	8.099738
747	1	0	0	0	1	0	0	1	0	1	1	0	0	0	0	0	0	0	1	1	0	0	7	0.1015999	49	0.0103225	0	0	0	0	0	0	0	0	0	0	1	0	0	0	1	0	0	0	8.673765
747	0	0	0	0	1	0	0	0	0	1	0	0	0	0	0	0	0	0	1	0	0	0	4	0.2032	16	0.0412902	0	0	0	0	0	0	0	0	0	0	0	0	0	0	1	0	0	0	8.673765
747	0	0	0	0	1	0	0	1	0	1	1	0	0	0	0	0	0	0	1	1	0	0	9	0.1523999	81	0.0232257	0	0	0	0	0	0	0	0	0	0	1	0	0	0	1	0	0	0	8.099738
747	0	0	0	0	1	0	0	1	0	1	1	0	0	0	0	0	0	0	1	1	0	0	3	0.1523999	9	0.0232257	0	0	0	0	0	0	0	0	0	0	1	0	0	0	1	0	0	0	8.099738
747	0	0	0	0	1	0	0	0	0	1	0	0	0	0	0	0	0	0	1	0	0	0	6	0.0761999	36	0.0058064	0	0	0	0	0	0	0	0	0	0	1	0	0	0	1	0	0	0	8.673765
747	1	0	0	0	1	0	0	1	0	1	0	0	0	0	0	0	0	0	1	1	0	0	5	0.0761999	25	0.0058064	0	0	0	0	0	0	0	0	0	0	1	0	0	0	1	0	0	0	9.104201
747	1	0	0	0	1	0	0	1	0	1	0	0	0	0	0	0	0	0	1	1	0	0	9	0.1015999	81	0.0103225	0	0	0	0	0	0	0	0	0	0	1	0	0	0	1	0	0	0	8.673765
747	0	0	0	0	1	0	0	1	0	1	1	0	0	0	0	0	0	0	1	1	0	0	10	0.0761999	100	0.0058064	0	0	0	0	0	0	0	0	0	0	0	0	0	0	1	0	0	0	8.673765
747	0	0	0	0	1	0	0	0	0	1	0	0	0	0	0	0	0	0	1	0	0	0	8	-0.0336001	64	0.001129	0	0	0	0	0	0	0	0	0	0	1	0	0	0	1	0	0	0	8.099738
747	0	0	0	0	1	0	0	1	0	1	1	0	0	0	0	0	0	0	1	1	0	0	7	0.127	49	0.016129	0	0	0	0	0	0	0	0	0	0	1	0	0	0	1	0	0	0	8.099738
747	0	0	0	0	1	0	0	0	0	1	0	0	0	0	0	0	0	0	1	0	0	0	5	0.127	25	0.016129	0	0	0	0	0	0	0	0	0	0	1	0	0	0	1	0	0	0	8.673765
747	1	0	0	0	1	0	0	1	0	1	0	0	0	0	0	0	0	0	1	1	0	0	6	0.1523999	36	0.0232257	0	0	0	0	0	0	0	0	0	0	1	0	0	0	1	0	0	0	8.673765
747	0	0	0	0	1	0	0	0	0	1	0	0	0	0	0	0	0	0	1	0	0	0	5	0.1015999	25	0.0103225	0	0	0	0	0	0	0	0	0	0	1	0	0	0	1	0	0	0	8.099738
747	1	0	0	0	1	0	0	1	0	1	0	0	0	0	0	0	0	0	1	1	0	0	8	0.127	64	0.016129	0	0	0	0	0	0	0	0	0	0	0	0	0	0	1	0	0	0	8.673765
747	0	0	0	0	1	0	0	1	0	1	1	0	0	0	0	0	0	0	1	1	0	0	8	0.1777999	64	0.0316128	0	0	0	0	0	0	0	0	0	0	0	0	0	0	1	0	0	0	8.099738
748	1	0	0	0	1	0	0	1	0	1	0	0	0	0	0	0	0	0	0	1	0	1	5	0.0508	25	0.0025806	0	0	0	0	0	0	0	0	0	0	1	0	0	0	1	0	0	0	8.525649
748	1	0	0	0	1	0	0	1	0	1	1	0	0	0	0	0	0	0	1	1	0	0	7	0.0508	49	0.0025806	0	0	0	0	0	0	0	0	0	0	1	0	0	0	0	1	0	0	8.099738
748	1	0	0	0	1	0	0	0	0	1	1	0	0	0	0	0	0	0	1	0	0	0	10	0.0508	100	0.0025806	0	0	0	0	0	0	0	0	0	0	0	0	0	0	0	1	0	0	8.099738
748	1	0	0	0	1	0	0	1	0	0	0	1	0	0	0	0	0	0	1	1	0	0	8	0.1016001	64	0.0103226	0	0	0	0	0	0	0	0	0	0	0	0	0	0	0	1	0	0	8.673765
748	1	0	0	0	1	0	0	1	0	1	0	0	0	0	0	0	0	0	0	1	0	4	6	0.0762	36	0.0058064	0	0	0	0	0	0	0	0	0	0	0	1	0	0	0	0	0	0	8.099738
749	0	0	0	0	1	0	0	0	0	1	1	0	0	0	0	0	0	0	1	1	0	0	10	0.2285999	100	0.0522579	0	0	0	0	0	0	0	0	0	0	0	0	0	0	0	0	0	0	8.895238
749	0	0	0	0	1	0	0	0	0	1	0	0	0	0	0	0	0	0	1	1	0	0	8	0.1015999	64	0.0103225	0	0	0	0	0	0	0	0	0	0	0	0	0	0	0	0	0	0	8.099738
749	0	0	0	0	1	0	0	0	0	1	0	0	0	0	0	0	0	0	1	1	0	0	7	0.2032	49	0.0412902	0	0	0	0	0	0	0	0	0	0	1	0	0	0	0	0	0	0	8.673765
749	0	0	0	0	1	0	0	1	0	1	1	0	0	0	0	0	0	0	1	0	0	0	4	0.127	16	0.016129	0	0	0	0	0	0	0	0	0	0	0	0	0	0	0	0	0	0	8.673765
749	0	0	0	0	2	0	0	0	0	0	0	0	0	0	0	0	0	0	1	1	0	0	12	0.1523999	144	0.0232257	0	0	0	0	0	0	0	0	0	0	1	0	0	0	0	0	0	0	8.099738
749	1	0	0	0	1	0	0	0	0	1	1	0	0	0	0	0	0	0	1	1	0	0	5	0.0761999	25	0.0058064	0	0	0	0	0	0	0	0	0	0	1	0	0	0	0	0	0	0	8.673765
749	1	1	0	0	1	0	0	0	0	1	0	0	0	0	0	0	0	0	0	1	0	0	7	0.1523999	49	0.0232257	0	0	0	0	0	0	0	0	0	0	0	0	0	0	0	0	0	0	8.673765
749	0	0	0	0	1	0	0	0	0	1	0	0	0	0	0	0	0	0	1	1	0	0	8	0.2032	64	0.0412902	0	0	0	0	0	0	0	0	0	0	0	0	0	0	0	0	0	0	8.099738
749	1	0	0	0	1	0	0	0	0	0	0	0	0	0	0	0	0	0	1	1	0	0	6	0.127	36	0.016129	0	0	0	0	0	0	0	0	0	0	0	0	0	0	0	0	0	0	8.525649
749	0	0	0	0	2	0	0	0	0	1	1	0	0	0	0	0	0	0	1	1	0	0	5	0.1777999	25	0.0316128	0	0	0	0	0	0	0	0	0	0	0	0	0	0	0	0	0	0	8.673765
749	0	0	0	1	2	0	0	0	0	0	0	1	0	0	0	0	0	0	1	1	0	0	9	0	81	0	0	0	0	1.6764	0	0	0	0	0	0	1	0	0	0	0	0	0	0	8.543419
749	0	0	0	0	1	0	0	0	0	1	0	0	0	0	0	0	0	0	1	1	0	0	6	0.1523999	36	0.0232257	0	0	0	0	0	0	0	0	0	0	0	0	0	0	0	0	0	0	8.099738
749	1	0	0	0	1	0	0	0	0	1	0	0	0	0	0	0	0	0	1	1	0	0	4	0.0761999	16	0.0058064	0	0	0	0	0	0	0	0	0	0	0	0	0	0	0	0	0	0	8.525649
749	0	0	0	0	1	0	0	0	0	1	0	0	0	0	0	0	0	0	1	1	0	0	13	0.127	169	0.016129	0	0	0	0	0	0	0	0	0	0	1	0	0	0	0	0	0	0	8.744252
749	1	0	0	0	1	0	0	0	0	1	1	0	0	0	0	0	0	0	1	1	0	0	5	0.1015999	25	0.0103225	0	0	0	0	0	0	0	0	0	0	1	0	0	0	0	0	0	0	8.673765
750	0	0	0	0	2	0	0	0	1	1	0	0	0	0	0	0	0	0	1	0	0	0	0	0.127	0	0.016129	21	0	0	0	0	0	0	0	0	0	1	0	0	0	0	0	1	0	8.099738
750	0	0	0	0	1	0	0	0	0	1	0	0	0	0	0	0	0	0	1	1	0	0	0	0.1777999	0	0.0316128	28	0	0	0	0	0	0	0	0	0	0	0	0	0	0	0	1	0	8.525649
750	0	0	0	0	1	0	0	0	1	1	1	0	0	0	0	0	0	0	1	0	0	0	0	0.1015999	0	0.0103225	25	0	0	0	0	0	0	0	0	0	1	0	0	0	0	0	1	0	8.673765
750	0	0	0	0	1	0	0	0	0	1	1	0	0	0	0	0	0	0	1	1	0	0	0	0.1524	0	0.0232258	27	0	0	0	0	0	0	0	0	0	0	0	0	0	0	0	1	0	8.525649
750	1	0	0	0	1	0	0	0	0	1	1	0	0	0	0	0	0	0	1	1	0	0	0	0.127	0	0.016129	30	0	0	0	0	0	0	0	0	0	0	0	0	0	0	0	1	0	8.673765
750	0	0	0	0	0	1	1	0	1	0	0	1	0	0	1	0	0	0	1	0	0	0	0	0.1524	0	0.0232258	24	0	0	0	0	0	0	0	0	0	0	0	0	0	0	0	1	0	8.673765
750	0	0	0	0	2	0	1	0	0	1	0	0	0	0	1	0	0	0	1	1	0	0	0	0.1396999	0	0.0195161	26	0	0	0	0	0	0	0	0	0	0	0	0	0	0	0	1	0	8.744252
750	1	0	0	0	1	0	1	0	0	1	0	0	0	0	1	0	0	0	1	1	0	0	0	0.127	0	0.016129	31	0	0	0	0	0	0	0	0	0	0	0	0	0	0	0	1	0	8.525649
750	0	0	0	0	1	0	1	0	0	1	0	0	0	0	1	0	0	0	1	1	0	0	0	0.1777999	0	0.0316128	22	0	0	0	0	0	0	0	0	0	0	0	0	0	0	0	1	0	8.673765
750	0	0	0	0	1	0	0	0	0	1	0	0	0	0	0	0	0	0	1	1	0	0	0	0.0762	0	0.0058064	28	0	0	0	0	0	0	0	0	0	0	0	0	0	0	0	1	0	9.104201
750	0	0	0	0	1	0	1	0	0	0	0	1	0	0	1	0	0	0	1	1	0	0	0	0.1524	0	0.0232258	28	0	0	0	0	0	0	0	0	0	0	0	0	0	0	0	1	0	8.673765
750	1	0	0	0	1	0	0	0	0	1	1	0	0	0	0	0	0	0	1	1	0	0	0	0.1015999	0	0.0103225	34	0	0	0	0	0	0	0	0	0	0	0	0	0	0	0	1	0	8.673765
750	1	0	0	0	2	0	0	0	0	1	0	0	0	0	0	0	0	0	1	1	0	0	0	0.1524	0	0.0232258	32	0	0	0	0	0	0	0	0	0	1	0	0	0	0	0	1	0	8.744252
750	0	0	0	0	1	0	0	0	1	1	0	0	0	0	0	0	0	0	1	0	0	0	0	0.1777999	0	0.0316128	23	0	0	0	0	0	0	0	0	0	1	0	0	0	0	0	1	0	8.673765
750	1	0	0	0	1	0	0	0	0	1	0	0	0	0	0	0	0	0	1	1	0	0	0	0.1015999	0	0.0103225	33	0	0	0	0	0	0	0	0	0	1	0	0	0	0	0	1	0	8.673765
751	1	0	0	0	1	0	0	1	0	1	1	0	0	0	0	0	0	0	1	1	0	0	5	0.1016001	25	0.0103226	0	0	0	0	0	0	0	0	0	0	0	0	0	0	1	0	0	0	8.099738
751	1	0	0	0	2	0	0	1	0	0	0	0	0	0	0	0	0	0	1	1	0	0	5	0.0762	25	0.0058064	0	0	0	0	0	0	0	0	0	0	0	0	0	0	1	0	0	0	8.099738
751	0	0	0	0	1	0	0	1	0	0	0	1	0	0	0	0	0	0	0	1	-1	0	7	0.2159001	49	0.0466128	0	0	0	0	0	0	0	0	0	0	0	0	0	0	0	1	0	0	8.099738
751	0	0	0	0	1	0	0	0	0	0	0	1	0	0	0	0	0	0	1	0	0	0	5	0.2032	25	0.0412902	0	0	0	0	0	0	0	0	0	0	0	0	0	0	1	0	0	0	8.099738
751	1	0	0	0	1	0	0	1	0	1	1	0	0	0	0	0	0	0	1	1	0	0	4	0.1524	16	0.0232258	0	0	0	0	0	0	0	0	0	0	0	0	0	0	1	0	0	0	8.099738
751	0	0	0	0	1	0	0	0	0	0	0	0	0	0	0	0	0	0	1	0	0	0	10	0.1778001	100	0.0316129	0	0	0	0	0	0	0	0	0	0	1	0	0	0	1	0	0	0	9.203803
751	0	0	0	0	1	0	0	0	0	1	1	0	0	0	0	0	0	0	1	0	0	0	4	0.127	16	0.016129	0	0	0	0	0	0	0	0	0	0	0	0	0	0	1	0	0	0	8.099738
751	1	0	0	0	1	0	0	1	0	1	0	0	0	0	0	0	0	0	1	1	0	0	6	0.127	36	0.016129	0	0	0	0	0	0	0	0	0	0	1	0	0	0	1	0	0	0	8.099738
751	1	0	0	0	1	0	0	1	0	1	0	0	0	0	0	0	0	0	1	1	0	0	7	0.1143	49	0.0130645	0	0	0	0	0	0	0	0	0	0	1	0	0	0	1	0	0	0	8.099738
752	1	0	0	0	1	0	0	0	0	1	0	0	0	0	0	0	0	0	1	0	0	0	6	0.1015999	36	0.0103225	0	0	0	0	0	0	0	1	0	0	0	0	0	0	1	0	0	0	8.744252
752	1	0	0	0	1	0	0	1	0	0	0	1	0	0	0	0	0	0	1	0	0	0	4	0.0508	16	0.0025806	0	0	0	0	0	0	0	1	0	0	0	0	0	0	1	0	0	0	8.938239
752	1	0	0	0	1	0	0	1	0	0	0	0	0	0	0	0	0	0	0	0	-1	0	7	0.0762	49	0.0058064	0	0	0	0	0	0	0	0	-1	0	1	0	0	0	0	1	0	0	8.840846
752	0	0	0	0	0	1	0	0	1	0	0	1	0	0	0	1	0	0	0	0	0	0	11	0.0889	121	0.0079032	0	0	0	0	0	0	0	0	0	0	0	0	0	0	1	0	0	0	8.840846
752	0	0	0	1	1	0	0	1	0	0	0	1	0	0	0	0	0	0	0	0	0	1	10	0	100	0	0	0	0	1.6256	0	0	0	0	1	0	0	0	0	1	0	0	0	0	8.920962
752	0	1	0	0	3	0	0	1	0	0	0	1	0	0	0	0	0	0	0	0	0	0	13	0.1524	169	0.0232258	0	0	0	0	0	0	0	0	0	1	1	0	0	0	0	0	0	0	8.673765
752	0	0	0	0	4	0	0	0	1	1	0	0	0	0	0	1	0	0	1	0	0	0	9	0.0762	81	0.0058064	0	0	0	0	0	0	0	1	0	0	1	0	0	0	1	0	0	0	8.525649
752	0	0	0	0	0	1	0	1	0	0	0	1	0	0	0	0	0	0	0	0	-3	0	8	0.127	64	0.016129	0	0	0	0	0	0	0	0	-3	0	0	0	0	0	0	0	0	1	9.174689
752	0	0	0	0	2	0	0	0	0	1	0	0	0	0	0	0	0	0	0	0	0	0	15	0.0508	225	0.0025806	0	0	0	0	0	0	0	0	0	0	0	0	0	0	1	0	0	0	8.099738
752	1	0	0	0	1	0	0	1	0	0	0	1	0	0	0	0	0	0	1	0	0	0	5	0.1015999	25	0.0103225	0	0	0	0	0	0	0	1	0	0	1	0	0	0	1	0	0	0	8.956086
752	0	0	0	0	0	1	0	1	0	0	0	1	0	0	0	0	0	0	1	0	0	0	14	0.1015999	196	0.0103225	0	0	0	0	0	0	0	1	0	0	1	0	0	0	1	0	0	0	8.673765
752	0	0	0	0	1	0	0	0	0	0	0	0	0	0	0	0	0	0	0	0	0	1	12	0.1015999	144	0.0103225	0	0	0	0	0	0	0	0	1	0	1	0	0	1	0	0	0	0	8.673765
752	1	0	0	0	1	0	0	1	0	1	0	0	0	0	0	0	0	0	0	0	0	3	8	0.0634999	64	0.0040322	0	0	0	0	0	0	0	0	3	0	1	1	0	0	0	0	0	0	8.525649
755	0	0	0	0	1	0	0	0	0	1	0	0	0	0	0	0	0	0	1	1	0	0	8	0.1523999	64	0.0232257	0	0	0	0	0	0	0	0	0	0	0	0	0	1	0	0	0	0	8.673765
755	1	0	0	0	1	0	0	0	0	1	1	0	0	0	0	0	0	0	1	1	0	0	5	0.0762	25	0.0058064	0	0	0	0	0	0	0	0	0	0	1	0	0	1	0	0	0	0	8.543419
755	0	0	0	0	1	0	0	1	0	1	1	0	0	0	0	0	0	0	1	0	0	0	10	0.127	100	0.016129	0	0	0	0	0	0	0	0	0	0	1	0	0	1	0	0	0	0	8.099738
755	0	0	0	0	1	0	0	1	0	1	0	0	0	0	0	0	0	0	1	0	0	0	5	0.1523999	25	0.0232257	0	0	0	0	0	0	0	0	0	0	0	0	0	1	0	0	0	0	8.673765
755	0	0	0	0	1	0	0	0	0	1	0	0	0	0	0	0	0	0	1	1	0	0	7	0.2285999	49	0.0522579	0	0	0	0	0	0	0	0	0	0	0	0	0	1	0	0	0	0	8.613906
755	1	0	0	0	1	0	0	0	0	1	0	0	0	0	0	0	0	0	1	1	0	0	7	0.1396999	49	0.0195161	0	0	0	0	0	0	0	0	0	0	0	0	0	1	0	0	0	0	8.673765
755	1	0	0	0	1	0	0	0	0	1	1	0	0	0	0	0	0	0	1	1	0	0	6	0.127	36	0.016129	0	0	0	0	0	0	0	0	0	0	1	0	0	1	0	0	0	0	8.525649
755	1	0	0	0	1	0	0	0	0	1	0	0	0	0	0	0	0	0	1	1	0	0	8	0.1015999	64	0.0103225	0	0	0	0	0	0	0	0	0	0	0	0	0	1	0	0	0	0	8.673765
755	0	0	0	0	1	0	0	0	0	1	1	0	0	0	0	0	0	0	0	1	0	2	9	0.1015999	81	0.0103225	0	0	0	0	0	0	0	0	0	0	0	1	0	0	0	0	0	0	8.744252
755	0	0	0	0	1	0	0	0	0	1	1	0	0	0	0	0	0	0	1	1	0	0	6	0.2285999	36	0.0522579	0	0	0	0	0	0	0	0	0	0	1	0	0	1	0	0	0	0	8.525649
755	0	0	0	0	1	0	0	0	0	1	0	0	0	0	0	0	0	0	1	1	0	0	6	0.1396999	36	0.0195161	0	0	0	0	0	0	0	0	0	0	1	0	0	1	0	0	0	0	8.673765
755	0	0	0	0	1	0	0	1	0	1	0	0	0	0	0	0	0	0	0	0	-4	0	14	0.1777999	196	0.0316128	0	0	0	0	0	0	0	0	0	0	1	0	0	0	0	0	0	1	8.530174
755	1	0	0	0	1	0	0	0	0	1	0	0	0	0	0	0	0	0	1	1	0	0	7	0.127	49	0.016129	0	0	0	0	0	0	0	0	0	0	0	0	0	1	0	0	0	0	8.744252
755	0	0	0	0	2	0	0	0	0	1	1	0	0	0	0	0	0	0	1	1	0	0	11	0.2032	121	0.0412902	0	0	0	0	0	0	0	0	0	0	0	0	0	1	0	0	0	0	8.673765
755	0	0	0	0	3	0	1	0	0	1	0	0	0	0	1	0	0	0	0	1	-1	0	8	0.1015999	64	0.0103225	0	0	0	0	0	0	0	0	0	0	0	0	0	0	1	0	0	0	8.673765
761	0	0	0	0	3	0	0	0	1	1	1	0	0	1	0	1	0	0	1	0	0	0	11	0	121	0	0	0	1.68	0	0	0	0	0	0	0	1	0	0	1	0	0	0	0	8.543419
761	0	0	0	0	1	0	0	0	1	0	0	1	0	0	0	1	0	0	0	0	0	3	9	0	81	0	0	0	1.524	0	0	0	0	0	0	0	0	0	0	0	0	0	0	0	8.673765
761	1	0	0	0	1	0	0	0	0	1	0	0	0	0	0	0	0	0	1	0	0	0	10	0	100	0	0	0	1.6256	0	0	0	0	0	0	0	0	0	0	1	0	0	0	0	8.673765
761	0	0	0	0	1	0	0	0	0	1	1	0	0	0	0	0	0	0	1	0	0	0	13	0	169	0	0	0	1.524	0	0	0	0	0	0	0	0	0	0	1	0	0	0	0	8.346935
761	0	0	0	0	2	0	0	0	0	0	0	1	0	0	0	0	0	0	1	0	0	0	12	0	144	0	0	0	1.6002	0	0	0	0	0	0	0	0	0	0	1	0	0	0	0	8.673765
761	0	0	0	0	1	0	0	1	0	1	0	0	0	1	0	0	0	0	0	0	0	2	10	0	100	0	0	0	1.4478	0	0	0	0	0	0	0	1	1	0	0	0	0	0	0	8.673765
761	0	0	0	0	4	0	0	0	1	1	0	0	0	0	0	1	0	0	1	0	0	0	11	0	121	0	0	0	1.651	0	0	0	0	0	0	0	0	0	0	1	0	0	0	0	8.099738
761	1	0	0	0	1	0	0	0	0	1	1	0	0	1	0	0	0	0	1	0	0	0	9	0	81	0	0	0	1.6002	0	0	0	0	0	0	0	1	0	0	1	0	0	0	0	8.525649
761	0	0	0	0	1	0	0	0	0	0	0	0	0	1	0	0	0	0	0	0	-1	0	8	0	64	0	0	0	1.5748	0	0	0	0	0	0	0	1	0	0	0	1	0	0	0	7.95042
761	1	0	0	0	1	0	0	0	0	0	0	0	0	0	0	0	0	0	1	0	0	0	8	0	64	0	0	0	1.651	0	0	0	0	0	0	0	0	0	0	1	0	0	0	0	8.744252
761	0	0	0	0	3	0	0	1	0	1	0	0	0	1	0	0	0	0	1	0	0	0	6	0	36	0	0	0	1.6002	0	0	0	0	0	0	0	1	0	0	1	0	0	0	0	8.673765
761	1	0	0	0	1	0	0	0	0	1	0	0	0	1	0	0	0	0	1	0	0	0	6	0	36	0	0	0	1.5748	0	0	0	0	0	0	0	1	0	0	1	0	0	0	0	8.673765
761	0	0	0	0	1	0	0	0	0	0	0	1	0	0	0	0	0	0	1	0	0	0	15	0	225	0	0	0	1.5748	0	0	0	0	0	0	0	0	0	0	1	0	0	0	0	8.525649
761	0	0	0	0	2	0	0	1	0	0	0	1	0	0	0	0	0	0	1	0	0	0	7	0	49	0	0	0	1.5494	0	0	0	0	0	0	0	0	0	0	1	0	0	0	0	8.099738
761	1	0	0	0	1	0	0	0	0	1	0	0	0	0	0	0	0	0	1	0	0	0	9	0	81	0	0	0	1.6002	0	0	0	0	0	0	0	0	0	0	1	0	0	0	0	8.744252
763	1	0	0	0	1	0	0	0	0	1	0	0	0	0	0	0	0	0	1	1	0	0	6	0.1142999	36	0.0130645	0	0	0	0	0	0	0	0	0	0	1	0	0	0	0	0	0	0	8.525649
763	0	0	0	0	1	0	0	0	0	1	0	0	0	0	0	0	0	0	1	1	0	0	8	0.1015999	64	0.0103225	0	0	0	0	0	0	0	0	0	0	0	0	0	0	0	0	0	0	8.673765
763	0	0	0	0	1	0	0	0	1	1	0	0	0	0	0	0	0	0	1	0	0	0	5	0.127	25	0.016129	0	0	0	0	0	0	0	0	0	0	0	0	0	0	0	0	0	0	8.744252
763	0	0	0	0	1	0	0	0	0	1	1	0	0	0	0	0	0	0	1	1	0	0	4	0.1523999	16	0.0232257	0	0	0	0	0	0	0	0	0	0	1	0	0	0	0	0	0	0	8.525649
763	0	1	0	0	0	1	0	0	0	1	1	0	0	0	0	0	0	0	0	1	0	0	8	0.0761999	64	0.0058064	0	0	0	0	0	0	0	0	0	0	1	0	0	0	0	0	0	0	8.673765
763	0	0	0	0	1	0	0	0	0	1	0	0	0	0	0	0	0	0	1	1	0	0	3	0.1523999	9	0.0232257	0	0	0	0	0	0	0	0	0	0	1	0	0	0	0	0	0	0	8.525649
763	1	0	0	0	1	0	0	0	0	1	0	0	0	0	0	0	0	0	1	1	0	0	7	0.0508	49	0.0025806	0	0	0	0	0	0	0	0	0	0	0	0	0	0	0	0	0	0	8.673765
763	0	0	0	0	1	0	0	1	0	1	0	0	0	0	0	0	0	0	1	0	0	0	6	0.0508	36	0.0025806	0	0	0	0	0	0	0	0	0	0	0	0	0	0	0	0	0	0	8.744252
763	0	0	0	0	0	1	0	0	1	0	0	0	0	0	0	0	0	0	0	0	-3	0	3	0.0761999	9	0.0058064	0	0	0	0	0	0	0	0	0	0	1	0	0	1	0	0	0	0	8.525649
763	0	0	0	0	1	0	0	0	1	1	0	0	0	0	0	0	0	0	1	0	0	0	9	0.2032	81	0.0412902	0	0	0	0	0	0	0	0	0	0	0	0	0	0	0	0	0	0	8.673765
763	0	1	0	0	2	0	0	0	1	1	0	0	0	0	0	0	0	0	0	0	0	0	5	0.1015999	25	0.0103225	0	0	0	0	0	0	0	0	0	0	0	0	0	0	0	0	0	0	8.673765
763	0	0	0	0	1	0	0	1	0	1	0	0	0	0	0	0	0	0	1	0	0	0	9	0.1142999	81	0.0130645	0	0	0	0	0	0	0	0	0	0	0	0	0	0	0	0	0	0	8.744252
763	1	0	0	0	1	0	0	0	0	1	0	0	0	0	0	0	0	0	1	1	0	0	9	0.0761999	81	0.0058064	0	0	0	0	0	0	0	0	0	0	1	0	0	0	0	0	0	0	8.744252
763	1	0	0	0	1	0	0	0	0	1	1	0	0	0	0	0	0	0	1	1	0	0	6	0.1015999	36	0.0103225	0	0	0	0	0	0	0	0	0	0	0	0	0	0	0	0	0	0	8.673765
763	1	0	0	0	1	0	0	0	0	1	0	0	0	0	0	0	0	0	1	1	0	0	8	0.1015999	64	0.0103225	0	0	0	0	0	0	0	0	0	0	1	0	0	0	0	0	0	0	8.673765
771	0	0	0	0	1	0	1	0	1	0	0	1	0	0	0	0	0	0	1	0	0	0	7	0.0889	49	0.0079032	0	0	0	0	0	0	0	0	0	0	0	0	0	0	0	1	0	0	8.673765
771	0	1	0	0	1	0	1	0	1	1	0	0	0	0	0	0	0	0	0	0	0	0	6	0.0889	36	0.0079032	0	0	0	0	0	0	0	0	0	0	0	0	0	0	0	0	0	0	8.612476
771	1	0	0	1	0	1	1	0	1	0	0	1	0	0	0	0	0	0	0	0	0	1	8	0	64	0	0	0	0	1.6891	0	0	0	0	0	0	0	0	0	0	1	0	0	0	8.673765
771	0	1	0	0	1	0	1	0	0	1	1	0	0	0	0	0	0	0	0	0	0	0	6	0.0889	36	0.0079032	0	0	0	0	0	0	0	0	0	0	0	0	0	0	0	0	0	0	8.525649
771	1	0	0	0	1	0	1	0	0	1	1	0	0	0	0	0	0	0	1	0	0	0	6	0.1143	36	0.0130645	0	0	0	0	0	0	0	0	0	0	0	0	0	0	0	1	0	0	8.710499
771	1	0	0	0	2	0	1	0	1	0	0	0	0	0	0	0	0	0	0	0	0	2	8	0.1651	64	0.027258	0	0	0	0	0	0	0	0	0	0	0	0	0	1	0	0	0	0	8.673765
771	0	1	0	0	1	0	1	1	0	1	1	0	0	0	0	0	0	0	0	1	0	0	5	0.0635	25	0.0040323	0	0	0	0	0	0	0	0	0	0	0	0	0	0	0	0	0	0	8.673765
771	1	0	0	0	1	0	0	0	0	1	0	0	0	0	0	0	0	0	1	0	0	0	6	0.0889	36	0.0079032	0	0	0	0	0	0	0	0	0	0	1	0	0	0	0	1	0	0	8.973855
771	1	0	0	0	1	0	0	0	0	1	1	0	0	0	0	0	0	0	1	0	0	0	7	0.1397001	49	0.0195161	0	0	0	0	0	0	0	0	0	0	1	0	0	0	0	1	0	0	8.673765
771	0	1	0	0	1	0	0	0	1	0	0	1	0	0	0	0	0	0	0	0	0	0	8	0.1397001	64	0.0195161	0	0	0	0	0	0	0	0	0	0	0	0	0	0	0	0	0	0	8.525649
783	0	0	0	0	2	0	0	1	0	1	0	0	0	0	0	0	0	0	1	0	0	0	8	0.127	64	0.016129	0	0	0	0	0	0	0	1	0	0	1	0	0	0	0	0	0	0	8.099738
783	0	0	0	0	1	0	1	0	0	0	0	1	0	0	1	0	0	0	1	1	0	0	12	0.1524	144	0.0232258	0	0	0	0	0	0	0	1	0	0	0	0	0	0	0	0	0	0	8.673765
783	1	0	0	0	1	0	0	0	0	1	1	0	0	0	0	0	0	0	1	1	0	0	7	0.127	49	0.016129	0	0	0	0	0	0	0	1	0	0	1	0	0	0	0	0	0	0	8.099738
783	1	0	0	0	1	0	0	0	0	1	0	0	0	0	0	0	0	0	0	1	-3	0	8	0.0762	64	0.0058064	0	0	0	0	0	0	0	0	-3	0	1	0	0	1	0	0	0	0	8.099738
783	1	0	0	0	1	0	0	0	0	1	0	0	0	0	0	0	0	0	1	1	0	0	6	0.1016001	36	0.0103226	0	0	0	0	0	0	0	1	0	0	0	0	0	0	0	0	0	0	8.099738
783	1	0	0	0	1	0	0	0	0	1	0	0	0	0	0	0	0	0	1	1	0	0	6	0.1016001	36	0.0103226	0	0	0	0	0	0	0	1	0	0	0	0	0	0	0	0	0	0	8.099738
783	0	0	0	0	1	0	0	0	0	1	1	0	0	0	0	0	0	0	1	1	0	0	7	0.1778001	49	0.0316129	0	0	0	0	0	0	0	1	0	0	1	0	0	0	0	0	0	0	8.673765
783	1	0	0	0	1	0	0	0	0	1	0	0	0	0	0	0	0	0	1	1	0	0	7	0.127	49	0.016129	0	0	0	0	0	0	0	1	0	0	0	0	0	0	0	0	0	0	8.673765
783	0	0	0	0	1	0	0	0	0	1	0	0	0	0	0	0	0	0	1	1	0	0	7	0.1016001	49	0.0103226	0	0	0	0	0	0	0	1	0	0	1	0	0	0	0	0	0	0	8.099738
783	0	0	0	0	1	0	0	0	0	0	0	1	0	0	0	0	0	0	1	1	0	0	9	0.0889	81	0.0079032	0	0	0	0	0	0	0	1	0	0	0	0	0	0	0	0	0	0	8.099738
784	0	0	0	0	1	0	0	0	0	1	0	0	0	0	0	0	0	0	1	1	0	0	7	0.2794	49	0.0780644	0	0	0	0	0	0	0	1	0	0	0	1	0	0	0	0	0	0	8.673765
784	0	0	0	0	1	0	0	0	0	0	0	1	0	0	0	0	0	0	1	1	0	0	6	0.2539999	36	0.064516	0	0	0	0	0	0	0	1	0	0	1	1	0	0	0	0	0	0	8.673765
784	1	0	0	0	1	0	0	0	0	1	0	0	0	0	0	0	0	0	0	1	-2	0	6	0.1777999	36	0.0316128	0	0	0	0	0	0	0	0	-2	0	0	0	0	1	0	0	0	0	8.673765
784	0	0	0	0	2	0	0	0	0	1	1	0	0	0	0	0	0	0	0	1	-3	0	3	0.2539999	9	0.064516	0	0	0	0	0	0	0	0	-3	0	1	0	0	0	1	0	0	0	8.525649
784	0	0	0	0	3	0	0	0	0	0	0	0	0	0	0	0	0	0	0	1	-3	0	6	0.2158999	36	0.0466128	0	0	0	0	0	0	0	0	-3	0	1	0	0	0	1	0	0	0	8.673765
784	0	0	0	0	1	0	0	0	0	1	0	0	0	0	0	0	0	0	1	1	0	0	5	0.3047999	25	0.092903	0	0	0	0	0	0	0	1	0	0	0	1	0	0	0	0	0	0	8.673765
784	0	0	0	0	1	0	0	1	0	0	0	1	0	0	0	0	0	0	0	0	-2	0	6	0.3047999	36	0.092903	0	0	0	0	0	0	0	0	-2	0	1	0	0	1	0	0	0	0	8.099738
784	1	0	0	0	1	0	0	0	0	0	0	1	0	0	0	0	0	0	0	1	-3	0	4	0.1524	16	0.0232258	0	0	0	0	0	0	0	0	-3	0	1	0	0	0	1	0	0	0	8.744252
784	0	0	0	0	1	0	0	1	0	0	0	1	0	0	0	0	0	0	0	0	-3	0	6	0.2285999	36	0.0522579	0	0	0	0	0	0	0	0	-3	0	1	0	0	0	1	0	0	0	8.099738
784	1	0	0	0	0	1	0	0	0	1	0	0	0	0	0	0	0	0	1	1	0	0	8	0.1651	64	0.027258	0	0	0	0	0	0	0	1	0	0	1	1	0	0	0	0	0	0	8.525649
784	1	0	0	0	1	0	0	0	0	1	1	0	0	0	0	0	0	0	1	1	0	0	5	0.1524	25	0.0232258	0	0	0	0	0	0	0	1	0	0	0	1	0	0	0	0	0	0	8.525649
784	0	0	0	0	1	0	0	0	0	0	0	1	0	0	0	0	0	0	1	1	0	0	4	0.2666999	16	0.0711288	0	0	0	0	0	0	0	1	0	0	0	1	0	0	0	0	0	0	8.673765
784	1	0	0	0	1	0	0	0	0	1	0	0	0	0	0	0	0	0	1	1	0	0	5	0.1905	25	0.0362903	0	0	0	0	0	0	0	1	0	0	1	1	0	0	0	0	0	0	8.673765
784	0	0	0	0	0	1	0	1	0	0	0	0	0	0	0	0	0	0	0	0	-1	0	7	0.2539999	49	0.064516	0	0	0	0	0	0	0	0	-1	0	1	0	1	0	0	0	0	0	8.744252
784	0	0	0	0	0	1	0	0	0	0	0	0	0	0	0	0	0	0	1	1	0	0	5	0.2285999	25	0.0522579	0	0	0	0	0	0	0	1	0	0	0	1	0	0	0	0	0	0	8.673765
