SI	considered	nocaste_male	noage_male	noheight_male	nores_male	family_origin_male	nofamily_origin_male	samenocaste	sameresstatus	samenores	samenofamily_origin	samenoage	samenoheight	samecaste	samefamily_origin	diff_above	diff_below	diffage	diffheight	diffagesq	diffheightsq	age_noage	noage_age	height_noheight	noheight_height	casteimportantmatch	casteimportantdiff	casteimportantno	castenotimpmatch	castenotimpdiff	castenotimpno	calcutta_male	caste_no3	caste_no4	caste_no5	caste_no6	caste_no7	caste_no8	caste_no9	income_pred_male
1	0	0	0	0	1	0	1	0	0	1	0	0	0	1	0	0	0	7	0.1016001	49	0.0103226	0	0	0	0	0	0	0	0	0	0	0	0	0	0	0	1	0	0	9.002979
1	0	0	0	0	0	0	1	0	0	0	0	0	0	0	0	-2	0	10	0.1016001	100	0.0103226	0	0	0	0	0	0	0	0	0	0	0	0	0	1	0	0	0	0	8.716446
1	1	1	0	1	0	0	1	0	0	0	0	0	0	0	0	0	0	7	0	49	0	0	0	1.5494	0	0	0	0	0	0	0	1	0	0	0	0	0	0	0	8.99223
1	0	0	0	0	0	0	0	0	0	0	0	0	0	0	0	-2	0	6	0.127	36	0.016129	0	0	0	0	0	0	0	0	0	0	0	0	0	1	0	0	0	0	8.883064
1	0	1	0	0	0	0	1	0	0	0	0	0	0	0	0	0	0	7	0.1778001	49	0.0316129	0	0	0	0	0	0	0	0	0	0	0	0	0	0	0	0	0	0	9.208271
1	1	0	0	0	0	0	1	0	0	0	0	0	0	1	0	0	0	5	0.127	25	0.016129	0	0	0	0	0	0	0	0	0	0	0	0	0	0	0	1	0	0	10.0737
1	0	0	0	0	1	0	0	0	0	1	0	0	0	0	0	-1	0	7	0.127	49	0.016129	0	0	0	0	0	0	0	0	0	0	0	0	0	0	1	0	0	0	8.825611
1	0	0	0	1	1	0	1	0	0	1	0	0	0	1	0	0	0	5	0	25	0	0	0	1.5494	0	0	0	0	0	0	0	0	0	0	0	0	1	0	0	9.371115
1	0	1	1	1	1	0	1	0	0	1	0	0	0	0	0	0	0	0	0	0	0	25	0	1.5494	0	0	0	0	0	0	0	0	0	0	0	0	0	0	0	9.208271
1	1	0	0	0	0	0	1	0	0	0	0	0	0	1	0	0	0	1	0.2286	1	0.052258	0	0	0	0	0	0	0	0	0	0	1	0	0	0	0	1	0	0	9.532089
1	1	1	0	0	0	0	0	0	0	0	0	0	0	0	0	0	0	11	0.1016001	121	0.0103226	0	0	0	0	0	0	0	0	0	0	0	0	0	0	0	0	0	0	8.938133
1	0	0	0	0	1	1	0	0	0	1	0	0	0	0	1	0	0	8	0.0254	64	0.0006452	0	0	0	0	0	0	0	0	0	0	0	0	0	0	0	1	0	0	9.357899
1	1	1	0	0	1	0	1	0	0	1	0	0	0	0	0	0	0	10	0.1778001	100	0.0316129	0	0	0	0	0	0	0	0	0	0	0	0	0	0	0	0	0	0	9.680216
3	0	0	0	0	1	1	0	0	0	0	0	0	0	1	1	0	0	4	0.0254	16	0.0006452	0	0	0	0	0	0	0	1	0	0	0	0	0	0	1	0	0	0	8.883064
3	0	0	0	0	0	0	0	0	0	0	0	0	0	1	0	0	0	4	0.0762	16	0.0058064	0	0	0	0	0	0	0	1	0	0	1	0	0	0	1	0	0	0	9.2512
3	0	0	0	0	1	1	0	0	0	0	0	0	0	1	1	0	0	4	-0.0256	16	0.0006554	0	0	0	0	0	0	0	1	0	0	0	0	0	0	1	0	0	0	9.494866
3	1	0	0	0	0	1	0	0	0	0	0	0	0	1	1	0	0	4	0.1016001	16	0.0103226	0	0	0	0	0	0	0	1	0	0	0	0	0	0	1	0	0	0	9.814734
3	0	0	0	0	1	0	0	0	0	0	0	0	0	0	0	0	0	5	0.1016001	25	0.0103226	0	0	0	0	0	0	0	0	0	0	0	0	0	0	1	0	0	0	8.883064
3	1	0	0	0	0	1	0	0	0	0	0	0	0	0	1	0	0	3	0.1143	9	0.0130645	0	0	0	0	0	0	0	0	0	0	1	0	0	0	1	0	0	0	10.0737
3	0	0	0	0	0	0	0	0	0	0	0	0	0	0	0	0	1	3	0.0254	9	0.0006452	0	0	0	0	0	0	0	0	1	0	1	0	0	0	0	1	0	0	9.93285
3	1	0	0	0	0	0	1	0	0	0	0	0	0	1	0	0	0	8	0.0508	64	0.0025806	0	0	0	0	0	0	0	1	0	0	0	0	0	0	1	0	0	0	9.671639
3	1	0	0	0	0	1	0	0	0	0	0	0	0	1	1	0	0	4	0.0254	16	0.0006452	0	0	0	0	0	0	0	1	0	0	0	0	0	0	1	0	0	0	10.0737
3	1	0	1	0	0	0	1	0	0	0	0	0	0	0	0	-1	0	0	0.0762	0	0.0058064	25	0	0	0	0	0	0	0	-1	0	1	0	0	1	0	0	0	0	9.809099
4	1	0	0	1	1	1	0	0	0	1	0	0	0	1	0	0	0	5	0	25	0	0	0	1.6256	0	0	0	0	0	0	0	0	0	0	0	0	0	0	0	9.452142
4	0	0	0	0	0	0	0	0	0	0	0	0	0	1	0	0	0	5	0.1778001	25	0.0316129	0	0	0	0	0	0	0	0	0	0	0	0	0	0	0	0	0	0	9.814734
4	0	1	0	0	0	0	1	0	0	0	1	0	0	0	0	0	0	4	0.1524	16	0.0232258	0	0	0	0	0	0	0	0	0	0	1	0	0	0	0	0	0	0	9.814734
4	1	0	0	0	0	1	0	0	0	0	0	0	0	1	0	0	0	5	0.1016001	25	0.0103226	0	0	0	0	0	0	0	0	0	0	1	0	0	0	0	0	0	0	9.814734
4	0	1	0	1	1	0	1	0	0	1	1	0	0	0	0	0	0	5	0	25	0	0	0	1.6256	0	0	0	0	0	0	0	0	0	0	0	0	0	0	0	8.99223
4	0	0	0	0	0	1	0	0	0	0	0	0	0	1	0	0	0	5	0.127	25	0.016129	0	0	0	0	0	0	0	0	0	0	0	0	0	0	0	0	0	0	9.93285
4	0	1	0	0	0	0	0	0	0	0	0	0	0	0	0	0	0	7	0.127	49	0.016129	0	0	0	0	0	0	0	0	0	0	1	0	0	0	0	0	0	0	9.2512
4	1	0	0	0	0	0	0	0	0	0	0	0	0	1	0	0	0	6	0.0381	36	0.0014516	0	0	0	0	0	0	0	0	0	0	1	0	0	0	0	0	0	0	9.461903
4	1	1	0	1	1	0	1	0	0	1	1	0	0	0	0	0	0	11	0	121	0	0	0	1.6256	0	0	0	0	0	0	0	0	0	0	0	0	0	0	0	9.494866
4	1	1	0	0	1	0	0	0	0	1	0	0	0	0	0	0	0	7	0.0762	49	0.0058064	0	0	0	0	0	0	0	0	0	0	0	0	0	0	0	0	0	0	9.809099
5	0	0	0	0	0	0	1	0	0	0	0	0	0	0	0	0	2	5	0.2032	25	0.0412902	0	0	0	0	0	0	0	0	2	0	0	0	0	1	0	0	0	0	8.938133
5	1	0	0	0	0	1	0	0	0	0	0	0	0	1	1	0	0	7	0.2032	49	0.0412902	0	0	0	0	0	0	0	1	0	0	0	1	0	0	0	0	0	0	9.494866
5	0	0	0	0	0	1	0	0	0	0	0	0	0	0	1	0	2	5	0.2032	25	0.0412902	0	0	0	0	0	0	0	0	2	0	1	0	0	1	0	0	0	0	9.041653
5	0	0	0	0	0	0	0	0	0	0	0	0	0	0	0	0	2	9	0.1777999	81	0.0316128	0	0	0	0	0	0	0	0	2	0	0	0	0	1	0	0	0	0	9.321049
5	1	0	0	0	0	0	0	0	0	0	0	0	0	1	0	0	0	11	0.1396999	121	0.0195161	0	0	0	0	0	0	0	1	0	0	0	1	0	0	0	0	0	0	9.17262
5	1	0	0	0	1	1	0	0	0	1	0	0	0	1	1	0	0	3	0.1523999	9	0.0232257	0	0	0	0	0	0	0	1	0	0	0	1	0	0	0	0	0	0	8.99223
5	1	0	0	1	0	0	1	0	0	0	0	0	0	0	0	0	2	7	0	49	0	0	0	1.524	0	0	0	0	0	2	0	1	0	0	1	0	0	0	0	8.883064
5	1	1	0	0	0	0	1	0	0	0	0	0	0	0	0	0	0	5	0.0762	25	0.0058064	0	0	0	0	0	0	0	0	0	1	0	0	0	0	0	0	0	0	9.876092
6	1	0	0	0	0	0	0	0	0	0	0	0	0	1	1	0	0	7	0.1015999	49	0.0103225	0	0	0	0	0	0	0	1	0	0	1	0	0	0	1	0	0	0	9.93285
6	0	1	0	1	0	0	1	0	0	0	0	0	0	0	0	0	0	9	0	81	0	0	0	1.524	0	0	0	0	0	0	1	1	0	0	0	0	0	0	0	9.814734
6	0	1	0	0	0	0	0	0	0	0	0	0	0	0	1	0	0	9	0.1777999	81	0.0316128	0	0	0	0	0	0	0	0	0	1	1	0	0	0	0	0	0	0	9.430214
6	1	0	0	0	0	0	0	0	0	0	0	0	0	1	1	0	0	6	0.1396999	36	0.0195161	0	0	0	0	0	0	0	1	0	0	1	0	0	0	1	0	0	0	10.0737
6	0	0	0	0	0	0	0	0	0	0	0	0	0	1	1	0	0	6	0.127	36	0.016129	0	0	0	0	0	0	0	1	0	0	0	0	0	0	1	0	0	0	8.825611
6	0	0	0	0	0	0	0	0	0	0	0	0	0	0	1	0	0	7	0.2032	49	0.0412902	0	0	0	0	0	0	0	0	0	0	1	0	0	0	1	0	0	0	8.883064
6	0	0	0	0	0	1	0	0	0	0	0	0	0	0	0	0	0	7	0.2032	49	0.0412902	0	0	0	0	0	0	0	0	0	0	0	0	0	0	1	0	0	0	8.99223
6	1	0	0	0	0	0	0	0	0	0	0	0	0	0	1	0	0	5	0.2032	25	0.0412902	0	0	0	0	0	0	0	0	0	0	1	0	0	0	1	0	0	0	9.93285
6	0	0	0	0	0	0	0	0	0	0	0	0	0	1	1	0	0	11	0.0762	121	0.0058064	0	0	0	0	0	0	0	1	0	0	1	0	0	0	1	0	0	0	9.084581
6	1	0	0	0	0	0	1	0	0	0	0	0	0	1	0	0	0	8	0.1777999	64	0.0316128	0	0	0	0	0	0	0	1	0	0	0	0	0	0	1	0	0	0	9.757976
7	1	0	0	0	0	0	1	0	0	0	0	0	0	0	0	0	0	9	0.1777999	81	0.0316128	0	0	0	0	0	0	0	0	0	0	0	0	0	0	1	0	0	0	9.2512
7	1	1	0	1	0	0	1	0	0	0	0	0	0	0	0	0	0	6	0	36	0	0	0	1.4986	0	0	0	0	0	0	1	1	0	0	0	0	0	0	0	9.208271
7	0	0	0	0	0	0	0	0	0	0	0	0	0	0	0	0	0	2	0.2539999	4	0.064516	0	0	0	0	0	0	0	0	0	0	0	0	0	0	1	0	0	0	8.99223
7	1	0	0	0	0	0	1	0	0	0	0	0	0	0	0	0	0	5	0.1016001	25	0.0103226	0	0	0	0	0	0	0	0	0	0	0	0	0	0	1	0	0	0	9.107232
7	0	1	0	0	0	0	1	0	0	0	0	0	0	0	0	0	0	4	0.0762	16	0.0058064	0	0	0	0	0	0	0	0	0	1	1	0	0	0	0	0	0	0	8.938133
7	0	0	0	0	0	0	1	0	0	0	0	0	0	0	0	0	0	10	0.2286	100	0.052258	0	0	0	0	0	0	0	0	0	0	1	0	0	0	1	0	0	0	8.883064
7	1	1	0	0	0	0	1	0	0	0	0	0	0	0	0	0	0	7	0.2286	49	0.052258	0	0	0	0	0	0	0	0	0	1	1	0	0	0	0	0	0	0	8.825611
8	1	1	0	0	0	0	0	0	0	0	0	0	0	0	0	0	0	4	0.1523999	16	0.0232257	0	0	0	0	0	0	0	0	0	0	0	0	0	0	0	0	0	0	9.790168
8	1	1	0	0	0	0	1	0	0	0	1	0	0	0	0	0	0	7	0.1523999	49	0.0232257	0	0	0	0	0	0	0	0	0	0	0	0	0	0	0	0	0	0	9.874296
8	0	1	0	0	0	0	0	0	0	0	0	0	0	0	0	0	0	5	0.1777999	25	0.0316128	0	0	0	0	0	0	0	0	0	0	0	0	0	0	0	0	0	0	10.0737
8	0	1	0	0	0	0	0	0	0	0	0	0	0	0	0	0	0	4	0.127	16	0.016129	0	0	0	0	0	0	0	0	0	0	1	0	0	0	0	0	0	0	9.790168
8	0	1	0	0	0	0	1	0	0	0	1	0	0	0	0	0	0	7	0.127	49	0.016129	0	0	0	0	0	0	0	0	0	0	0	0	0	0	0	0	0	0	9.848722
8	0	1	0	0	0	0	1	0	0	0	1	0	0	0	0	0	0	7	0.1015999	49	0.0103225	0	0	0	0	0	0	0	0	0	0	0	0	0	0	0	0	0	0	8.99223
8	0	1	0	0	0	0	1	0	0	0	1	0	0	0	0	0	0	7	0.1777999	49	0.0316128	0	0	0	0	0	0	0	0	0	0	0	0	0	0	0	0	0	0	9.2512
8	1	1	0	0	0	1	0	0	0	0	0	0	0	0	0	0	0	6	0.127	36	0.016129	0	0	0	0	0	0	0	0	0	0	1	0	0	0	0	0	0	0	9.848722
9	0	0	1	1	0	0	0	0	0	0	0	0	0	0	0	0	3	0	0	0	0	28	0	1.651	0	0	0	0	0	0	0	1	0	0	1	0	0	0	0	9.321049
9	0	0	0	0	0	1	0	0	0	0	0	0	0	0	0	0	3	10	0.127	100	0.016129	0	0	0	0	0	0	0	0	0	0	1	0	0	1	0	0	0	0	9.451937
9	0	0	0	1	0	0	1	0	0	0	1	0	0	1	0	0	0	4	0	16	0	0	0	1.651	0	0	0	0	0	0	0	0	0	0	0	0	0	0	0	9.848722
9	1	0	0	0	0	0	0	0	0	0	0	0	0	1	0	0	0	5	0.0508	25	0.0025806	0	0	0	0	0	0	0	0	0	0	0	0	0	0	0	0	0	0	9.127307
9	0	0	0	0	0	0	0	0	0	0	0	0	0	0	0	0	3	5	0.0127	25	0.0001613	0	0	0	0	0	0	0	0	0	0	0	0	0	1	0	0	0	0	9.551724
9	1	0	0	0	0	0	0	0	1	0	0	0	0	0	0	0	5	5	-0.0254	25	0.0006452	0	0	0	0	0	0	0	0	0	0	0	0	0	0	0	1	0	0	9.93285
9	0	0	0	0	0	0	0	0	0	0	0	0	0	0	0	0	3	17	0.0253999	289	0.0006452	0	0	0	0	0	0	0	0	0	0	1	0	0	1	0	0	0	0	9.989575
9	1	1	0	0	0	0	1	0	0	0	1	0	0	0	0	0	0	4	0	16	0	0	0	0	0	0	0	0	0	0	0	1	0	0	0	0	0	0	0	9.307766
9	0	0	0	0	0	0	0	0	0	0	0	0	0	1	0	0	0	7	0.1524	49	0.0232258	0	0	0	0	0	0	0	0	0	0	0	0	0	0	0	0	0	0	9.809099
9	0	0	0	1	0	1	0	0	0	0	0	0	0	0	0	0	5	9	0	81	0	0	0	1.651	0	0	0	0	0	0	0	0	0	0	0	0	1	0	0	9.208271
11	1	0	0	0	0	1	0	0	0	0	0	0	0	0	1	-3	0	5	0.127	25	0.016129	0	0	0	0	0	0	0	0	0	0	0	0	0	0	0	0	0	0	9.93285
11	1	0	0	0	0	1	0	0	0	0	0	0	0	1	1	0	0	4	0.127	16	0.016129	0	0	0	0	0	0	0	0	0	0	1	0	0	1	0	0	0	0	9.79539
11	0	0	0	1	0	1	0	0	0	0	0	0	0	1	1	0	0	5	0	25	0	0	0	1.6002	0	0	0	0	0	0	0	0	0	0	1	0	0	0	0	9.2512
11	1	1	0	0	1	0	1	0	0	1	0	0	0	0	0	0	0	6	0.1015999	36	0.0103225	0	0	0	0	0	0	0	0	0	0	0	0	0	0	0	0	0	0	9.989575
11	1	1	0	0	0	0	1	0	0	0	0	0	0	0	0	0	0	3	0.2032	9	0.0412902	0	0	0	0	0	0	0	0	0	0	1	0	0	0	0	0	0	0	8.99223
11	0	0	0	0	0	1	0	0	0	0	0	0	0	1	1	0	0	8	0.0508	64	0.0025806	0	0	0	0	0	0	0	0	0	0	1	0	0	1	0	0	0	0	9.848722
11	1	1	0	1	0	1	0	0	0	0	0	0	0	0	1	0	0	5	0	25	0	0	0	1.6002	0	0	0	0	0	0	0	1	0	0	0	0	0	0	0	8.99223
11	0	0	0	0	0	1	0	0	0	0	0	0	0	1	1	0	0	7	0.2032	49	0.0412902	0	0	0	0	0	0	0	0	0	0	1	0	0	1	0	0	0	0	9.321049
11	1	0	0	0	0	0	1	0	0	0	0	0	0	1	0	0	0	8	0.2032	64	0.0412902	0	0	0	0	0	0	0	0	0	0	1	0	0	1	0	0	0	0	9.848722
11	1	0	0	0	1	1	0	0	0	1	0	0	0	1	1	0	0	6	0.0508	36	0.0025806	0	0	0	0	0	0	0	0	0	0	0	0	0	1	0	0	0	0	9.790168
11	1	1	0	1	1	0	1	0	0	1	0	0	0	0	0	0	0	4	0	16	0	0	0	1.6002	0	0	0	0	0	0	0	0	0	0	0	0	0	0	0	9.876092
11	0	1	0	0	0	1	0	0	0	0	0	0	0	0	1	0	0	4	0.1015999	16	0.0103225	0	0	0	0	0	0	0	0	0	0	1	0	0	0	0	0	0	0	9.235896
11	0	1	0	0	1	0	1	0	0	1	0	0	0	0	0	0	0	5	0.1777999	25	0.0316128	0	0	0	0	0	0	0	0	0	0	0	0	0	0	0	0	0	0	9.848722
11	1	0	0	0	0	0	0	0	0	0	0	0	0	1	0	0	0	7	0.0761999	49	0.0058064	0	0	0	0	0	0	0	0	0	0	1	0	0	1	0	0	0	0	9.848722
11	1	1	0	0	0	1	0	0	0	0	0	0	0	0	1	0	0	5	0.0761999	25	0.0058064	0	0	0	0	0	0	0	0	0	0	0	0	0	0	0	0	0	0	9.814734
11	0	0	0	0	0	0	0	0	0	0	0	0	0	1	0	0	0	4	0.2285999	16	0.0522579	0	0	0	0	0	0	0	0	0	0	1	0	0	1	0	0	0	0	9.830038
11	1	0	0	0	0	1	0	0	0	0	0	0	0	0	1	0	0	5	0.1015999	25	0.0103225	0	0	0	0	0	0	0	0	0	0	0	0	0	1	0	0	0	0	10.07391
11	1	0	0	0	0	1	0	0	0	0	0	0	0	1	1	0	0	5	0.1015999	25	0.0103225	0	0	0	0	0	0	0	0	0	0	1	0	0	1	0	0	0	0	9.571068
11	1	1	0	1	0	0	0	0	0	0	0	0	0	0	0	0	0	4	0	16	0	0	0	1.6002	0	0	0	0	0	0	0	1	0	0	0	0	0	0	0	8.99223
11	0	0	0	0	1	0	0	0	0	1	0	0	0	1	0	0	0	4	0.0761999	16	0.0058064	0	0	0	0	0	0	0	0	0	0	0	0	0	1	0	0	0	0	8.99223
11	1	1	0	1	0	0	0	0	0	0	0	0	0	0	0	0	0	5	0	25	0	0	0	1.6002	0	0	0	0	0	0	0	1	0	0	0	0	0	0	0	9.848722
11	1	1	0	0	1	0	1	0	0	1	0	0	0	0	0	0	0	5	0.1777999	25	0.0316128	0	0	0	0	0	0	0	0	0	0	0	0	0	0	0	0	0	0	10.0737
13	0	1	0	0	0	0	1	0	0	0	0	0	0	0	0	0	0	2	0.0762	4	0.0058064	0	0	0	0	0	0	0	0	0	1	1	0	0	0	0	0	0	0	8.99223
13	1	0	0	0	0	0	0	0	0	0	0	0	0	1	1	0	0	4	0.2032	16	0.0412902	0	0	0	0	0	0	0	1	0	0	0	0	0	0	1	0	0	0	8.848993
13	1	0	0	0	0	0	0	0	0	0	0	0	0	1	1	0	0	5	0.1016001	25	0.0103226	0	0	0	0	0	0	0	1	0	0	1	0	0	0	1	0	0	0	10.07391
13	0	0	0	1	0	0	1	0	0	0	0	0	0	0	0	0	0	7	0	49	0	0	0	1.5494	0	0	0	0	0	0	0	1	0	0	0	1	0	0	0	8.99223
13	0	0	0	0	0	0	1	0	0	0	0	0	0	1	0	0	0	11	0.1016001	121	0.0103226	0	0	0	0	0	0	0	1	0	0	0	0	0	0	1	0	0	0	9.208271
13	0	0	0	0	0	0	0	0	0	0	0	0	0	1	1	0	0	7	0.1778001	49	0.0316129	0	0	0	0	0	0	0	1	0	0	0	0	0	0	1	0	0	0	9.208271
13	0	0	0	0	0	0	0	0	0	0	0	0	0	0	1	-3	0	8	0.0762	64	0.0058064	0	0	0	0	0	0	0	0	-3	0	0	1	0	0	0	0	0	0	8.99223
13	0	0	0	0	0	0	1	0	0	0	0	0	0	1	0	0	0	8	0.1016001	64	0.0103226	0	0	0	0	0	0	0	1	0	0	0	0	0	0	1	0	0	0	9.208271
13	0	0	0	0	0	0	0	0	0	0	0	0	0	1	1	0	0	8	0.1016001	64	0.0103226	0	0	0	0	0	0	0	1	0	0	0	0	0	0	1	0	0	0	8.93498
13	0	0	0	0	0	1	0	0	0	0	0	0	0	0	0	0	0	6	0.1778001	36	0.0316129	0	0	0	0	0	0	0	0	0	0	0	0	0	0	1	0	0	0	8.99223
13	1	0	0	0	0	0	0	0	0	0	0	0	0	0	1	0	1	5	0.2286	25	0.052258	0	0	0	0	0	0	0	0	1	0	1	0	0	0	0	1	0	0	9.757976
13	0	1	0	0	0	0	1	0	0	0	0	0	0	0	0	0	0	5	0.127	25	0.016129	0	0	0	0	0	0	0	0	0	1	0	0	0	0	0	0	0	0	9.328186
17	1	1	0	1	0	0	1	0	0	0	0	0	0	0	0	0	0	7	0	49	0	0	0	1.5748	0	0	0	0	0	0	1	1	0	0	0	0	0	0	0	9.286845
17	1	1	0	1	0	0	1	0	0	0	0	0	0	0	0	0	0	7	0	49	0	0	0	1.5748	0	0	0	0	0	0	1	0	0	0	0	0	0	0	0	8.938133
17	1	0	0	0	1	0	0	0	0	1	0	0	0	1	1	0	0	6	0.0762	36	0.0058064	0	0	0	0	0	0	0	1	0	0	0	0	0	0	0	0	0	0	9.107023
17	1	1	0	0	0	0	1	0	0	0	0	0	0	0	0	0	0	4	0.1777999	16	0.0316128	0	0	0	0	0	0	0	0	0	1	1	0	0	0	0	0	0	0	8.99223
17	1	1	0	0	0	0	0	0	0	0	0	0	0	0	1	0	0	5	0.1396999	25	0.0195161	0	0	0	0	0	0	0	0	0	1	0	0	0	0	0	0	0	0	9.235896
17	1	0	0	0	1	0	0	0	0	1	0	0	0	1	1	0	0	9	0.127	81	0.016129	0	0	0	0	0	0	0	1	0	0	0	0	0	0	0	0	0	0	9.809099
17	0	0	0	0	0	0	0	0	0	0	0	0	0	1	1	0	0	4	0.1015999	16	0.0103225	0	0	0	0	0	0	0	1	0	0	1	0	0	0	0	0	0	0	8.848993
17	1	0	0	0	0	0	0	0	0	0	0	0	0	1	1	0	0	7	0.2539999	49	0.064516	0	0	0	0	0	0	0	1	0	0	1	0	0	0	0	0	0	0	8.99223
17	0	0	0	0	1	0	0	0	0	1	0	0	0	1	1	0	0	10	0.0762	100	0.0058064	0	0	0	0	0	0	0	1	0	0	0	0	0	0	0	0	0	0	9.25949
17	0	1	0	0	1	0	0	0	0	1	0	0	0	0	1	0	0	6	0.127	36	0.016129	0	0	0	0	0	0	0	0	0	1	0	0	0	0	0	0	0	0	9.738632
17	0	1	0	0	0	0	1	0	0	0	0	0	0	0	0	0	0	5	0.0254	25	0.0006452	0	0	0	0	0	0	0	0	0	1	0	0	0	0	0	0	0	0	9.321049
17	1	0	0	0	0	0	0	0	0	0	0	0	0	1	1	0	0	5	0.127	25	0.016129	0	0	0	0	0	0	0	1	0	0	1	0	0	0	0	0	0	0	9.235896
17	0	1	0	0	0	0	1	0	0	0	0	0	0	0	0	0	0	10	0.1524	100	0.0232258	0	0	0	0	0	0	0	0	0	1	1	0	0	0	0	0	0	0	8.99223
17	0	1	1	0	0	0	1	0	0	0	0	0	0	0	0	0	0	0	0.2794	0	0.0780644	25	0	0	0	0	0	0	0	0	1	1	0	0	0	0	0	0	0	9.288423
23	1	1	0	1	1	0	1	0	0	0	0	0	0	0	0	0	0	4	0	16	0	0	0	1.6256	0	0	0	0	0	0	1	0	0	0	0	0	0	0	0	9.451937
23	0	0	0	0	0	0	0	0	1	0	0	0	0	0	0	0	7	2	0.0508	4	0.0025806	0	0	0	0	0	0	0	0	7	0	1	0	0	0	0	0	0	1	8.99223
23	0	1	0	0	0	0	0	0	1	0	0	0	0	0	0	0	0	7	0.0508	49	0.0025806	0	0	0	0	0	0	0	0	0	1	1	0	0	0	0	0	0	0	9.673881
23	1	0	0	0	0	0	0	0	0	0	0	0	0	0	0	0	3	5	0.1016001	25	0.0103226	0	0	0	0	0	0	0	0	3	0	0	0	0	1	0	0	0	0	8.883064
23	1	0	0	0	0	0	1	0	0	0	0	0	0	1	0	0	0	4	0.1016001	16	0.0103226	0	0	0	0	0	0	0	1	0	0	0	0	0	0	0	0	0	0	9.089539
23	1	0	0	0	1	0	0	0	0	0	0	0	0	0	0	0	5	7	0.1143	49	0.0130645	0	0	0	0	0	0	0	0	5	0	0	0	0	0	0	1	0	0	9.288423
23	1	0	0	0	0	1	0	0	0	0	0	0	0	0	1	0	5	9	0.2032	81	0.0412902	0	0	0	0	0	0	0	0	5	0	0	0	0	0	0	1	0	0	9.551724
24	1	0	0	0	0	1	0	0	0	0	0	0	0	1	1	0	0	8	0.0762	64	0.0058064	0	0	0	0	0	0	0	0	0	0	0	0	0	0	1	0	0	0	9.494866
24	1	0	0	0	0	0	0	0	0	0	0	0	0	0	0	0	0	4	0.1016001	16	0.0103226	0	0	0	0	0	0	0	0	0	0	1	0	0	0	1	0	0	0	8.99223
24	0	0	0	0	1	1	0	0	0	1	0	0	0	1	1	0	0	10	0.1270001	100	0.016129	0	0	0	0	0	0	0	0	0	0	0	0	0	0	1	0	0	0	9.571068
24	1	0	0	0	0	0	0	0	0	0	0	0	0	1	0	0	0	9	0	81	0	0	0	0	0	0	0	0	0	0	0	0	0	0	0	1	0	0	0	9.307697
24	1	1	0	0	0	0	0	0	0	0	0	0	0	0	0	0	0	3	0.0508001	9	0.0025806	0	0	0	0	0	0	0	0	0	0	1	0	0	0	0	0	0	0	9.989575
24	1	0	0	0	0	0	0	0	0	0	0	0	0	1	0	0	0	8	0.0508001	64	0.0025806	0	0	0	0	0	0	0	0	0	0	0	0	0	0	1	0	0	0	8.938133
24	0	0	0	0	0	0	0	0	0	0	0	0	0	0	0	0	3	6	0.0254	36	0.0006452	0	0	0	0	0	0	0	0	0	0	1	0	0	0	0	0	0	1	8.883064
24	0	1	0	1	0	0	0	0	0	0	0	0	0	0	0	0	0	10	0	100	0	0	0	1.6764	0	0	0	0	0	0	0	0	0	0	0	0	0	0	0	9.107232
24	0	0	0	0	0	0	0	0	0	0	0	0	0	1	0	0	0	7	0	49	0	0	0	0	0	0	0	0	0	0	0	1	0	0	0	1	0	0	0	9.370974
25	1	0	0	0	0	0	0	0	0	0	0	0	0	1	1	0	0	4	0.0889	16	0.0079032	0	0	0	0	0	0	0	0	0	0	1	0	0	1	0	0	0	0	8.938133
25	1	0	0	0	0	0	0	0	0	0	0	0	0	1	1	0	0	5	0.1142999	25	0.0130645	0	0	0	0	0	0	0	0	0	0	1	0	0	1	0	0	0	0	9.2512
25	0	0	0	0	0	0	1	0	0	0	0	0	0	1	0	0	0	8	0.0889	64	0.0079032	0	0	0	0	0	0	0	0	0	0	1	0	0	1	0	0	0	0	8.99223
25	1	0	0	0	0	0	0	0	0	0	0	0	0	1	1	0	0	7	0.2158999	49	0.0466128	0	0	0	0	0	0	0	0	0	0	0	0	0	1	0	0	0	0	9.053135
25	0	1	0	0	1	0	1	0	0	1	0	0	0	0	0	0	0	5	0.0889	25	0.0079032	0	0	0	0	0	0	0	0	0	0	0	0	0	0	0	0	0	0	9.208271
25	1	1	0	0	0	0	1	0	0	0	0	0	0	0	0	0	0	11	0.1396999	121	0.0195161	0	0	0	0	0	0	0	0	0	0	1	0	0	0	0	0	0	0	9.127307
25	1	0	0	0	0	0	0	0	0	0	0	0	0	1	1	0	0	9	0.2666999	81	0.0711288	0	0	0	0	0	0	0	0	0	0	1	0	0	1	0	0	0	0	9.357899
25	1	0	0	0	0	0	0	0	0	0	0	0	0	1	1	0	0	6	0.0889	36	0.0079032	0	0	0	0	0	0	0	0	0	0	1	0	0	1	0	0	0	0	9.2512
25	1	0	0	0	0	0	1	0	0	0	0	0	0	1	0	0	0	10	0.1651	100	0.027258	0	0	0	0	0	0	0	0	0	0	1	0	0	1	0	0	0	0	8.99223
25	0	0	0	1	0	0	0	0	0	0	0	0	0	1	1	0	0	6	0	36	0	0	0	1.5621	0	0	0	0	0	0	0	0	0	0	1	0	0	0	0	8.938133
25	0	0	0	0	0	1	0	0	0	0	0	0	0	0	0	-1	0	11	0.0381	121	0.0014516	0	0	0	0	0	0	0	0	0	0	0	0	1	0	0	0	0	0	9.2512
25	1	0	0	0	0	0	0	0	0	0	0	0	0	1	1	0	0	6	0.1904999	36	0.0362902	0	0	0	0	0	0	0	0	0	0	1	0	0	1	0	0	0	0	9.098928
25	0	0	0	0	0	0	0	0	0	0	0	0	0	1	1	0	0	6	0.0253999	36	0.0006452	0	0	0	0	0	0	0	0	0	0	0	0	0	1	0	0	0	0	9.357899
29	1	1	0	1	1	0	1	0	0	1	0	0	0	0	0	0	0	6	0	36	0	0	0	1.5748	0	0	0	0	0	0	0	0	0	0	0	0	0	0	0	8.99223
29	0	1	0	0	0	0	0	0	0	0	0	0	0	0	0	0	0	6	0.0254	36	0.0006452	0	0	0	0	0	0	0	0	0	0	1	0	0	0	0	0	0	0	9.208271
29	1	0	0	1	0	0	1	0	0	0	0	0	0	1	0	0	0	5	0	25	0	0	0	1.5748	0	0	0	0	0	0	0	1	0	0	1	0	0	0	0	8.99223
29	0	0	0	0	0	0	1	0	0	0	0	0	0	1	0	0	0	4	0.0762	16	0.0058064	0	0	0	0	0	0	0	0	0	0	1	0	0	1	0	0	0	0	9.288423
29	0	0	0	0	1	0	1	0	0	1	0	0	0	1	0	0	0	10	0.2539999	100	0.064516	0	0	0	0	0	0	0	0	0	0	0	0	0	1	0	0	0	0	9.2512
29	1	1	0	0	1	0	1	0	0	1	0	0	0	0	0	0	0	6	0.2794	36	0.0780644	0	0	0	0	0	0	0	0	0	0	0	0	0	0	0	0	0	0	8.99223
29	0	1	1	1	1	0	0	0	0	1	0	0	0	0	0	0	0	0	0	0	0	23	0	1.5748	0	0	0	0	0	0	0	0	0	0	0	0	0	0	0	9.208271
29	0	1	0	1	1	0	1	0	0	1	0	0	0	0	0	0	0	7	0	49	0	0	0	1.5748	0	0	0	0	0	0	0	0	0	0	0	0	0	0	0	9.371179
29	1	0	0	0	1	1	0	0	0	1	0	0	0	1	1	0	0	6	0.0762	36	0.0058064	0	0	0	0	0	0	0	0	0	0	0	0	0	1	0	0	0	0	9.208271
29	1	0	0	0	0	1	0	0	0	0	0	0	0	1	1	0	0	6	0.0762	36	0.0058064	0	0	0	0	0	0	0	0	0	0	1	0	0	1	0	0	0	0	9.303116
29	0	0	0	0	0	1	0	0	0	0	0	0	0	1	1	0	0	5	0.1524	25	0.0232258	0	0	0	0	0	0	0	0	0	0	0	0	0	1	0	0	0	0	8.99223
29	1	0	0	0	0	1	0	0	0	0	0	0	0	1	1	0	0	6	0.1524	36	0.0232258	0	0	0	0	0	0	0	0	0	0	1	0	0	1	0	0	0	0	9.43159
29	1	0	0	0	1	0	1	0	0	1	0	0	0	1	0	0	0	5	0.1524	25	0.0232258	0	0	0	0	0	0	0	0	0	0	0	0	0	1	0	0	0	0	8.938133
31	0	1	0	0	1	0	1	0	0	1	0	0	0	0	0	0	0	4	0.127	16	0.016129	0	0	0	0	0	0	0	0	0	0	0	0	0	0	0	0	0	0	8.99223
31	0	0	0	0	0	1	0	0	0	0	0	0	0	1	1	0	0	2	0.1778001	4	0.0316129	0	0	0	0	0	0	0	0	0	0	1	0	0	0	1	0	0	0	9.522566
31	0	0	0	0	0	0	0	0	0	0	0	0	0	0	0	-1	0	5	0.127	25	0.016129	0	0	0	0	0	0	0	0	0	0	0	0	0	1	0	0	0	0	8.883064
31	0	1	0	0	1	0	1	0	0	1	0	0	0	0	0	0	0	6	0.127	36	0.016129	0	0	0	0	0	0	0	0	0	0	0	0	0	0	0	0	0	0	9.348509
31	0	1	0	1	1	0	1	0	0	1	0	0	0	0	0	0	0	6	0	36	0	0	0	1.5494	0	0	0	0	0	0	0	0	0	0	0	0	0	0	0	9.809099
31	0	0	0	0	0	1	0	0	0	0	0	0	0	1	1	0	0	7	0.2286	49	0.052258	0	0	0	0	0	0	0	0	0	0	1	0	0	0	1	0	0	0	9.2512
31	0	0	0	0	1	1	0	0	0	1	0	0	0	1	1	0	0	3	0.0762	9	0.0058064	0	0	0	0	0	0	0	0	0	0	0	0	0	0	1	0	0	0	9.126935
31	0	0	0	0	1	1	0	0	0	1	0	0	0	0	1	0	1	14	0.0762	196	0.0058064	0	0	0	0	0	0	0	0	0	0	0	0	0	0	0	1	0	0	9.2512
31	0	1	0	0	0	0	1	0	0	0	0	0	0	0	0	0	0	6	0.1524	36	0.0232258	0	0	0	0	0	0	0	0	0	0	0	0	0	0	0	0	0	0	9.321049
31	1	0	0	0	0	1	0	0	0	0	0	0	0	1	1	0	0	5	0.1651	25	0.027258	0	0	0	0	0	0	0	0	0	0	1	0	0	0	1	0	0	0	9.689184
31	1	0	0	1	0	1	0	0	0	0	0	0	0	1	1	0	0	2	0	4	0	0	0	1.5494	0	0	0	0	0	0	0	1	0	0	0	1	0	0	0	9.208271
31	0	1	1	1	0	0	0	0	0	0	0	0	0	0	0	0	0	0	0	0	0	26	0	1.5494	0	0	0	0	0	0	0	1	0	0	0	0	0	0	0	9.93285
32	1	1	0	0	0	0	0	0	0	0	0	0	0	0	0	0	0	4	0.2032	16	0.0412902	0	0	0	0	0	0	0	0	0	0	1	0	0	0	0	0	0	0	9.532089
32	0	1	0	1	0	0	1	0	0	0	1	0	0	0	0	0	0	9	0	81	0	0	0	1.524	0	0	0	0	0	0	0	0	0	0	0	0	0	0	0	9.2512
32	1	0	0	0	0	0	0	0	0	0	0	0	0	1	0	0	0	5	0.2158999	25	0.0466128	0	0	0	0	0	0	0	0	0	0	1	0	0	0	0	0	0	0	9.120936
32	1	1	0	1	0	0	1	0	0	0	1	0	0	0	0	0	0	7	0	49	0	0	0	1.524	0	0	0	0	0	0	0	1	0	0	0	0	0	0	0	9.689184
32	0	1	0	0	0	0	0	0	0	0	0	0	0	0	0	0	0	4	0.1777999	16	0.0316128	0	0	0	0	0	0	0	0	0	0	0	0	0	0	0	0	0	0	8.980373
32	0	1	0	0	0	0	1	0	0	0	1	0	0	0	0	0	0	8	0.1523999	64	0.0232257	0	0	0	0	0	0	0	0	0	0	0	0	0	0	0	0	0	0	9.64881
32	0	1	0	1	0	0	1	0	0	0	1	0	0	0	0	0	0	5	0	25	0	0	0	1.524	0	0	0	0	0	0	0	1	0	0	0	0	0	0	0	9.655434
32	1	0	0	0	0	0	0	0	0	0	0	0	0	1	0	0	0	6	0.1777999	36	0.0316128	0	0	0	0	0	0	0	0	0	0	1	0	0	0	0	0	0	0	10.01695
32	0	1	0	1	1	1	0	0	0	1	0	0	0	0	0	0	0	9	0	81	0	0	0	1.524	0	0	0	0	0	0	0	0	0	0	0	0	0	0	0	9.235896
32	0	1	0	1	0	0	1	0	0	0	1	0	0	0	0	0	0	8	0	64	0	0	0	1.524	0	0	0	0	0	0	0	0	0	0	0	0	0	0	0	9.93285
32	0	1	0	0	0	1	0	0	0	0	0	0	0	0	0	0	0	9	0.076	81	0.005776	0	0	0	0	0	0	0	0	0	0	0	0	0	0	0	0	0	0	9.494866
32	0	1	0	0	0	1	0	0	0	0	0	0	0	0	0	0	0	6	0.1777999	36	0.0316128	0	0	0	0	0	0	0	0	0	0	1	0	0	0	0	0	0	0	9.410738
32	0	0	0	0	1	0	1	0	0	1	1	0	0	1	0	0	0	8	0.1523999	64	0.0232257	0	0	0	0	0	0	0	0	0	0	0	0	0	0	0	0	0	0	9.288423
32	0	1	0	0	0	0	0	0	0	0	0	0	0	0	0	0	0	8	0.1651	64	0.027258	0	0	0	0	0	0	0	0	0	0	1	0	0	0	0	0	0	0	9.494866
41	0	0	0	0	1	0	1	0	0	1	1	0	0	0	0	-5	0	6	0	36	0	0	0	0	0	0	0	0	0	0	0	0	0	0	0	0	0	0	0	10.07391
41	0	0	0	0	0	0	1	0	0	0	1	0	0	0	0	-4	0	4	0.0508	16	0.0025806	0	0	0	0	0	0	0	0	0	0	0	1	0	0	0	0	0	0	10.07391
41	0	0	0	0	0	1	0	0	0	0	0	0	0	1	0	0	0	5	0.0762	25	0.0058064	0	0	0	0	0	0	0	0	0	0	1	0	0	0	0	1	0	0	10.07391
41	1	1	0	1	0	1	0	0	0	0	0	0	0	0	0	0	0	5	0	25	0	0	0	1.651	0	0	0	0	0	0	0	1	0	0	0	0	0	0	0	9.93285
41	0	1	0	0	0	0	1	0	0	0	1	0	0	0	0	0	0	2	0.127	4	0.016129	0	0	0	0	0	0	0	0	0	0	1	0	0	0	0	0	0	0	9.848722
41	0	1	0	0	0	1	0	0	0	0	0	0	0	0	0	0	0	4	0.1015999	16	0.0103225	0	0	0	0	0	0	0	0	0	0	1	0	0	0	0	0	0	0	9.208271
41	0	0	0	0	0	0	0	0	0	0	0	0	0	1	0	0	0	4	0.0508	16	0.0025806	0	0	0	0	0	0	0	0	0	0	1	0	0	0	0	1	0	0	10.07391
43	1	0	0	0	1	0	0	0	0	1	0	0	0	1	1	0	0	4	0.2158999	16	0.0466128	0	0	0	0	0	0	0	0	0	0	0	0	0	1	0	0	0	0	8.938133
43	1	0	0	0	0	0	0	0	0	0	0	0	0	1	1	0	0	9	0.1015999	81	0.0103225	0	0	0	0	0	0	0	0	0	0	1	0	0	1	0	0	0	0	8.883064
43	1	0	0	0	0	0	0	0	0	0	0	0	0	1	1	0	0	9	0.1904999	81	0.0362902	0	0	0	0	0	0	0	0	0	0	1	0	0	1	0	0	0	0	8.93498
43	1	1	0	0	1	0	0	0	0	1	0	0	0	0	1	0	0	-2	0.2032	4	0.0412902	0	0	0	0	0	0	0	0	0	0	0	0	0	0	0	0	0	0	9.2512
43	1	0	0	0	0	0	0	0	0	0	0	0	0	0	1	0	2	9	0.0762	81	0.0058064	0	0	0	0	0	0	0	0	0	0	0	0	0	0	0	1	0	0	8.990049
43	1	0	1	0	0	0	1	0	0	0	0	0	0	1	0	0	0	0	0.2794	0	0.0780644	26	0	0	0	0	0	0	0	0	0	0	0	0	1	0	0	0	0	8.883064
43	1	0	0	0	1	1	0	0	0	1	0	0	0	1	0	0	0	6	0.127	36	0.016129	0	0	0	0	0	0	0	0	0	0	0	0	0	1	0	0	0	0	9.208271
43	1	1	0	0	0	0	1	0	0	0	0	0	0	0	0	0	0	10	0.1523999	100	0.0232257	0	0	0	0	0	0	0	0	0	0	0	0	0	0	0	0	0	0	8.883064
43	1	0	0	0	1	0	1	0	0	1	0	0	0	1	0	0	0	4	0.127	16	0.016129	0	0	0	0	0	0	0	0	0	0	0	0	0	1	0	0	0	0	9.603641
43	1	0	0	1	1	0	0	0	0	1	0	0	0	1	1	0	0	6	0	36	0	0	0	1.524	0	0	0	0	0	0	0	0	0	0	1	0	0	0	0	8.99223
46	0	1	0	0	0	0	1	0	1	0	0	0	0	0	0	0	0	3	0.0762	9	0.0058064	0	0	0	0	0	0	0	0	0	0	1	0	0	0	0	0	0	0	9.107232
46	0	0	0	0	0	1	0	0	1	0	0	0	0	1	1	0	0	8	0.1524	64	0.0232258	0	0	0	0	0	0	0	0	0	0	1	0	0	0	0	0	0	0	9.360348
46	1	1	0	0	0	1	0	0	1	0	0	0	0	0	1	0	0	7	0.2032	49	0.0412902	0	0	0	0	0	0	0	0	0	0	1	0	0	0	0	0	0	0	9.685861
46	0	1	0	0	0	0	1	0	1	0	0	0	0	0	0	0	0	5	0.1524	25	0.0232258	0	0	0	0	0	0	0	0	0	0	1	0	0	0	0	0	0	0	8.942503
46	0	1	0	0	0	0	1	0	1	0	0	0	0	0	0	0	0	4	0.1778001	16	0.0316129	0	0	0	0	0	0	0	0	0	0	1	0	0	0	0	0	0	0	9.571068
46	0	0	0	0	0	1	0	0	1	0	0	0	0	1	1	0	0	5	-0.0253999	25	0.0006452	0	0	0	0	0	0	0	0	0	0	1	0	0	0	0	0	0	0	9.689184
46	0	0	0	0	0	0	0	0	1	0	0	0	0	1	0	0	0	7	0.1016001	49	0.0103226	0	0	0	0	0	0	0	0	0	0	1	0	0	0	0	0	0	0	8.99223
46	0	1	0	1	0	0	1	0	1	0	0	0	0	0	0	0	0	1	0	1	0	0	0	1.6256	0	0	0	0	0	0	0	1	0	0	0	0	0	0	0	9.084581
46	1	1	0	0	0	1	0	0	1	0	0	0	0	0	1	0	0	3	0.1524	9	0.0232258	0	0	0	0	0	0	0	0	0	0	1	0	0	0	0	0	0	0	10.0737
46	0	0	0	0	0	1	0	0	1	0	0	0	0	1	1	0	0	9	0.0508	81	0.0025806	0	0	0	0	0	0	0	0	0	0	1	0	0	0	0	0	0	0	8.99223
46	1	1	0	0	0	1	0	0	1	0	0	0	0	0	1	0	0	3	0.0762	9	0.0058064	0	0	0	0	0	0	0	0	0	0	1	0	0	0	0	0	0	0	9.876092
46	1	0	0	0	1	0	1	0	0	0	0	0	0	1	0	0	0	5	0.1397001	25	0.0195161	0	0	0	0	0	0	0	0	0	0	0	0	0	0	0	0	0	0	9.689184
46	1	0	0	0	1	1	0	0	0	0	0	0	0	1	1	0	0	6	0.1144	36	0.0130874	0	0	0	0	0	0	0	0	0	0	0	0	0	0	0	0	0	0	9.93285
46	0	1	0	0	0	1	0	0	1	0	0	0	0	0	1	0	0	8	0.0762	64	0.0058064	0	0	0	0	0	0	0	0	0	0	1	0	0	0	0	0	0	0	8.99223
46	0	0	0	0	0	1	0	0	1	0	0	0	0	1	1	0	0	5	0.1016001	25	0.0103226	0	0	0	0	0	0	0	0	0	0	1	0	0	0	0	0	0	0	9.2512
47	1	1	0	0	1	0	1	0	0	1	1	0	0	0	0	0	0	5	0.0634999	25	0.0040322	0	0	0	0	0	0	0	0	0	0	0	0	0	0	0	0	0	0	9.88063
47	0	1	0	1	1	0	1	0	0	1	1	0	0	0	0	0	0	7	0	49	0	0	0	1.6129	0	0	0	0	0	0	0	0	0	0	0	0	0	0	0	9.208271
47	1	1	0	0	0	1	0	0	0	0	0	0	0	0	0	0	0	6	0.0381	36	0.0014516	0	0	0	0	0	0	0	0	0	0	1	0	0	0	0	0	0	0	9.830038
47	1	1	0	0	1	0	1	0	0	1	1	0	0	0	0	0	0	4	0.0889	16	0.0079032	0	0	0	0	0	0	0	0	0	0	0	0	0	0	0	0	0	0	9.848722
47	0	1	0	1	0	0	0	0	0	0	0	0	0	0	0	0	0	8	0	64	0	0	0	1.6129	0	0	0	0	0	0	0	1	0	0	0	0	0	0	0	9.288423
47	0	0	0	0	0	0	0	0	0	0	0	0	0	1	0	0	0	-1	0	1	0	0	0	0	0	0	0	0	0	0	0	1	0	0	0	0	0	0	0	9.689184
47	0	1	0	0	1	0	1	0	0	1	1	0	0	0	0	0	0	3	0.1905	9	0.0362903	0	0	0	0	0	0	0	0	0	0	0	0	0	0	0	0	0	0	9.814734
47	0	0	0	0	0	1	0	0	0	0	0	0	0	1	0	0	0	5	0.2286	25	0.052258	0	0	0	0	0	0	0	0	0	0	0	0	0	0	0	0	0	0	9.63063
47	0	0	1	1	0	0	0	0	0	0	0	0	0	0	0	0	3	0	0	0	0	24	0	1.6129	0	0	0	0	0	0	0	0	0	0	1	0	0	0	0	9.451937
47	1	1	0	0	1	0	1	0	0	1	1	0	0	0	0	0	0	8	0.0762	64	0.0058064	0	0	0	0	0	0	0	0	0	0	0	0	0	0	0	0	0	0	9.532089
47	1	1	0	1	1	0	1	0	0	1	1	0	0	0	0	0	0	6	0	36	0	0	0	1.6129	0	0	0	0	0	0	0	0	0	0	0	0	0	0	0	9.848722
47	0	0	0	0	0	1	0	0	0	0	0	0	0	1	0	0	0	5	0.1271	25	0.0161544	0	0	0	0	0	0	0	0	0	0	1	0	0	0	0	0	0	0	9.689184
47	0	1	0	0	0	0	1	0	0	0	1	0	0	0	0	0	0	6	0.2158999	36	0.0466128	0	0	0	0	0	0	0	0	0	0	0	0	0	0	0	0	0	0	9.451937
47	0	0	0	0	0	0	0	0	0	0	0	0	0	1	0	0	0	5	0.1143	25	0.0130645	0	0	0	0	0	0	0	0	0	0	1	0	0	0	0	0	0	0	8.99223
47	0	0	1	0	0	1	0	0	0	0	0	0	0	1	0	0	0	0	0.1143	0	0.0130645	24	0	0	0	0	0	0	0	0	0	1	0	0	0	0	0	0	0	9.208271
52	0	0	0	0	1	0	0	0	0	0	0	0	0	1	0	0	0	8	0.1524	64	0.0232258	0	0	0	0	0	0	0	1	0	0	0	0	0	1	0	0	0	0	9.044147
52	1	1	0	0	1	0	1	0	0	0	1	0	0	0	0	0	0	4	0.1777999	16	0.0316128	0	0	0	0	0	0	0	0	0	1	0	0	0	0	0	0	0	0	9.874296
52	1	1	0	0	0	0	1	0	1	0	1	0	0	0	0	0	0	2	0.1015999	4	0.0103225	0	0	0	0	0	0	0	0	0	1	1	0	0	0	0	0	0	0	10.0737
52	0	0	0	0	1	0	0	0	0	0	0	0	0	1	0	0	0	4	0.0508	16	0.0025806	0	0	0	0	0	0	0	1	0	0	0	0	0	1	0	0	0	0	9.385973
52	0	0	0	0	0	1	0	0	1	0	0	0	0	1	0	0	0	7	0.1015999	49	0.0103225	0	0	0	0	0	0	0	1	0	0	1	0	0	1	0	0	0	0	9.2512
52	0	0	0	0	0	0	0	0	1	0	0	0	0	1	0	0	0	5	0.1015999	25	0.0103225	0	0	0	0	0	0	0	1	0	0	1	0	0	1	0	0	0	0	8.771515
52	0	0	0	0	0	1	0	0	1	0	0	0	0	1	0	0	0	5	0.0762	25	0.0058064	0	0	0	0	0	0	0	1	0	0	1	0	0	1	0	0	0	0	8.99223
52	0	0	0	1	1	0	0	0	0	0	0	0	0	1	0	0	0	8	0	64	0	0	0	1.5748	0	0	0	0	1	0	0	0	0	0	1	0	0	0	0	9.689184
52	0	0	0	0	0	0	1	0	0	0	1	0	0	1	0	0	0	5	0.2286	25	0.052258	0	0	0	0	0	0	0	1	0	0	0	0	0	1	0	0	0	0	9.93285
52	0	1	0	0	1	0	1	0	0	0	1	0	0	0	0	0	0	7	0.1777999	49	0.0316128	0	0	0	0	0	0	0	0	0	1	0	0	0	0	0	0	0	0	8.883064
52	1	0	1	1	0	0	0	0	1	0	0	0	0	1	0	0	0	0	0	0	0	27	0	1.5748	0	0	0	0	1	0	0	1	0	0	1	0	0	0	0	8.99223
52	1	0	0	0	0	0	1	0	1	0	1	0	0	1	0	0	0	7	0.1777999	49	0.0316128	0	0	0	0	0	0	0	1	0	0	1	0	0	1	0	0	0	0	9.494866
52	0	0	0	0	0	0	0	0	1	0	0	0	0	1	0	0	0	5	0.1777999	25	0.0316128	0	0	0	0	0	0	0	1	0	0	1	0	0	1	0	0	0	0	8.883064
52	1	0	0	0	0	0	0	0	1	0	0	0	0	1	0	0	0	4	0.1015999	16	0.0103225	0	0	0	0	0	0	0	1	0	0	1	0	0	1	0	0	0	0	9.689184
52	0	0	0	1	1	1	0	0	0	0	0	0	0	1	0	0	0	5	0	25	0	0	0	1.5748	0	0	0	0	1	0	0	0	0	0	1	0	0	0	0	9.101377
53	0	0	0	0	0	0	0	0	0	0	0	0	0	1	1	0	0	9	0.127	81	0.016129	0	0	0	0	0	0	0	0	0	0	1	0	0	0	0	0	0	0	8.99223
53	0	1	0	0	0	0	0	0	0	0	0	0	0	0	1	0	0	5	0.1142999	25	0.0130645	0	0	0	0	0	0	0	0	0	0	0	0	0	0	0	0	0	0	9.571068
53	0	1	0	0	0	0	0	0	0	0	0	0	0	0	1	0	0	6	0.2032	36	0.0412902	0	0	0	0	0	0	0	0	0	0	0	0	0	0	0	0	0	0	8.99223
53	0	0	0	0	0	0	0	0	0	0	0	0	0	1	1	0	0	4	0.2032	16	0.0412902	0	0	0	0	0	0	0	0	0	0	1	0	0	0	0	0	0	0	9.2512
53	0	0	0	0	0	0	0	0	0	0	0	0	0	1	1	0	0	6	0.127	36	0.016129	0	0	0	0	0	0	0	0	0	0	1	0	0	0	0	0	0	0	8.883064
53	1	1	0	0	0	0	1	0	0	0	0	0	0	0	0	0	0	10	0.1015999	100	0.0103225	0	0	0	0	0	0	0	0	0	0	1	0	0	0	0	0	0	0	9.366202
53	1	0	0	0	1	1	0	0	0	1	0	0	0	1	0	0	0	5	0.1777999	25	0.0316128	0	0	0	0	0	0	0	0	0	0	0	0	0	0	0	0	0	0	9.814734
53	1	1	1	1	1	0	0	0	0	1	0	0	0	0	1	0	0	0	0	0	0	26	0	1.6002	0	0	0	0	0	0	0	0	0	0	0	0	0	0	0	8.99223
53	0	1	0	0	0	0	1	0	0	0	0	0	0	0	0	0	0	9	0.1523999	81	0.0232257	0	0	0	0	0	0	0	0	0	0	0	0	0	0	0	0	0	0	9.494866
53	1	0	0	0	0	0	0	0	0	0	0	0	0	1	1	0	0	5	0.127	25	0.016129	0	0	0	0	0	0	0	0	0	0	1	0	0	0	0	0	0	0	9.101377
53	0	0	0	0	0	0	1	0	0	0	0	0	0	1	0	0	0	6	0.0761999	36	0.0058064	0	0	0	0	0	0	0	0	0	0	0	0	0	0	0	0	0	0	9.2512
53	0	1	0	0	0	0	1	0	0	0	0	0	0	0	0	0	0	2	0.1015999	4	0.0103225	0	0	0	0	0	0	0	0	0	0	1	0	0	0	0	0	0	0	9.2512
53	0	0	0	0	0	0	0	0	0	0	0	0	0	1	1	0	0	4	0.2285999	16	0.0522579	0	0	0	0	0	0	0	0	0	0	0	0	0	0	0	0	0	0	9.15443
53	1	1	0	0	1	0	1	0	0	1	0	0	0	0	0	0	0	7	0.1015999	49	0.0103225	0	0	0	0	0	0	0	0	0	0	0	0	0	0	0	0	0	0	9.550129
53	0	1	0	0	1	0	1	0	0	1	0	0	0	0	0	0	0	7	0.0508	49	0.0025806	0	0	0	0	0	0	0	0	0	0	0	0	0	0	0	0	0	0	8.99223
62	0	1	0	0	0	0	0	0	0	0	0	0	0	0	1	0	0	5	0.1523999	25	0.0232257	0	0	0	0	0	0	0	0	0	0	1	0	0	0	0	0	0	0	9.757976
62	0	0	0	0	0	0	0	0	0	0	0	0	0	1	1	0	0	4	0.127	16	0.016129	0	0	0	0	0	0	0	0	0	0	1	0	0	1	0	0	0	0	9.235896
62	1	1	0	0	0	0	0	0	0	0	0	0	0	0	1	0	0	7	0.0889	49	0.0079032	0	0	0	0	0	0	0	0	0	0	0	0	0	0	0	0	0	0	9.757976
62	1	1	0	0	0	0	1	0	0	0	0	0	0	0	0	0	0	7	0.1523999	49	0.0232257	0	0	0	0	0	0	0	0	0	0	1	0	0	0	0	0	0	0	9.771483
62	0	1	1	1	1	0	1	0	0	1	0	0	0	0	0	0	0	0	0	0	0	24	0	1.6002	0	0	0	0	0	0	0	0	0	0	0	0	0	0	0	9.328186
62	0	0	0	0	0	0	0	0	0	0	0	0	0	1	1	0	0	8	0.1015999	64	0.0103225	0	0	0	0	0	0	0	0	0	0	1	0	0	1	0	0	0	0	9.494866
62	0	1	0	0	0	0	0	0	0	0	0	0	0	0	1	0	0	4	0.127	16	0.016129	0	0	0	0	0	0	0	0	0	0	0	0	0	0	0	0	0	0	10.07391
62	0	1	0	1	0	1	0	0	0	0	0	0	0	0	0	0	0	6	0	36	0	0	0	1.6002	0	0	0	0	0	0	0	1	0	0	0	0	0	0	0	9.451937
62	0	0	0	0	0	0	0	0	0	0	0	0	0	0	1	0	1	10	0.1777999	100	0.0316128	0	0	0	0	0	0	0	0	0	0	1	0	0	0	1	0	0	0	9.288423
62	0	0	0	0	0	0	0	0	0	0	0	0	0	0	1	0	1	5	0.2032	25	0.0412902	0	0	0	0	0	0	0	0	0	0	1	0	0	0	1	0	0	0	9.395179
62	0	0	0	0	0	0	0	0	0	0	0	0	0	1	1	0	0	8	0.1142999	64	0.0130645	0	0	0	0	0	0	0	0	0	0	1	0	0	1	0	0	0	0	9.101377
62	1	1	0	0	1	0	1	0	0	1	0	0	0	0	0	0	0	5	0.0889	25	0.0079032	0	0	0	0	0	0	0	0	0	0	0	0	0	0	0	0	0	0	9.551724
62	0	0	0	0	0	0	0	0	0	0	0	0	0	1	1	0	0	7	0.1523999	49	0.0232257	0	0	0	0	0	0	0	0	0	0	1	0	0	1	0	0	0	0	9.438108
64	0	0	0	0	0	1	0	0	0	0	0	0	0	1	1	0	0	2	0.127	4	0.016129	0	0	0	0	0	0	0	1	0	0	1	0	0	0	1	0	0	0	8.99223
64	1	0	0	0	0	0	1	0	0	0	0	0	0	1	0	0	0	5	0	25	0	0	0	0	0	0	0	0	1	0	0	1	0	0	0	1	0	0	0	9.288423
64	0	0	0	0	0	0	0	0	0	0	0	0	0	0	0	0	0	1	0.1015999	1	0.0103225	0	0	0	0	0	0	0	0	0	0	1	0	0	0	1	0	0	0	8.557931
64	1	0	0	0	1	1	0	0	0	1	0	0	0	1	1	0	0	7	0.1015999	49	0.0103225	0	0	0	0	0	0	0	1	0	0	0	0	0	0	1	0	0	0	8.99223
64	1	0	0	0	0	1	0	0	0	0	0	0	0	1	1	0	0	4	0.1524	16	0.0232258	0	0	0	0	0	0	0	1	0	0	1	0	0	0	1	0	0	0	8.99223
64	1	0	0	0	0	0	1	0	0	0	0	0	0	1	0	0	0	3	0.1524	9	0.0232258	0	0	0	0	0	0	0	1	0	0	1	0	0	0	1	0	0	0	8.99223
64	1	0	0	0	0	1	0	0	0	0	0	0	0	1	1	0	0	5	-0.0254	25	0.0006452	0	0	0	0	0	0	0	1	0	0	1	0	0	0	1	0	0	0	8.99223
64	1	0	0	0	0	1	0	0	0	0	0	0	0	1	1	0	0	3	0.0508	9	0.0025806	0	0	0	0	0	0	0	1	0	0	0	0	0	0	1	0	0	0	8.99223
64	1	1	0	0	0	1	0	0	0	0	0	0	0	0	1	0	0	10	0.1015999	100	0.0103225	0	0	0	0	0	0	0	0	0	1	1	0	0	0	0	0	0	0	9.288423
66	1	0	0	0	0	0	0	0	0	0	0	0	0	1	0	0	0	4	-0.0127	16	0.0001613	0	0	0	0	0	0	0	1	0	0	0	0	1	0	0	0	0	0	8.99223
66	1	0	0	0	0	0	0	0	0	0	0	0	0	0	0	0	2	3	0.0762	9	0.0058064	0	0	0	0	0	0	0	0	2	0	1	0	0	0	1	0	0	0	8.99223
66	1	0	0	0	0	0	0	0	0	0	0	0	0	0	0	0	4	6	0.0762	36	0.0058064	0	0	0	0	0	0	0	0	4	0	0	0	0	0	0	0	1	0	8.883064
66	0	0	0	0	0	1	0	0	0	0	0	0	0	0	1	0	1	6	0.0508001	36	0.0025806	0	0	0	0	0	0	0	0	1	0	1	0	0	1	0	0	0	0	8.99223
66	0	0	0	0	0	0	0	0	0	0	0	0	0	0	0	0	1	8	0.0508001	64	0.0025806	0	0	0	0	0	0	0	0	1	0	1	0	0	1	0	0	0	0	9.2512
66	0	0	0	0	0	1	0	0	0	0	0	0	0	0	1	-2	0	6	0.0381	36	0.0014516	0	0	0	0	0	0	0	0	-2	0	0	0	0	0	0	0	0	0	8.883064
66	0	0	0	0	0	1	0	0	0	0	0	0	0	0	1	-2	0	7	0.0254	49	0.0006452	0	0	0	0	0	0	0	0	-2	0	1	0	0	0	0	0	0	0	8.883064
67	0	0	0	0	0	1	0	0	0	0	0	0	0	0	0	0	0	8	0.0752	64	0.005655	0	0	0	0	0	0	0	0	0	0	1	0	0	0	0	1	0	0	9.874296
67	0	0	0	0	0	0	0	0	0	0	0	0	0	1	0	0	0	7	0.2032	49	0.0412902	0	0	0	0	0	0	0	1	0	0	1	0	0	0	0	1	0	0	9.830038
67	1	0	0	0	0	0	0	0	0	0	0	0	0	1	0	0	0	5	0.1015999	25	0.0103225	0	0	0	0	0	0	0	1	0	0	0	0	0	0	0	1	0	0	9.830038
67	0	0	0	0	0	0	0	0	0	0	0	0	0	0	0	-1	0	7	0.0508	49	0.0025806	0	0	0	0	0	0	0	0	-1	0	1	0	0	0	1	0	0	0	9.848722
67	1	0	0	0	1	1	0	0	0	1	0	0	0	1	0	0	0	4	0.127	16	0.016129	0	0	0	0	0	0	0	1	0	0	0	0	0	0	0	1	0	0	9.848722
67	0	0	0	0	0	1	0	0	0	0	0	0	0	1	0	0	0	6	0.1396999	36	0.0195161	0	0	0	0	0	0	0	1	0	0	0	0	0	0	0	1	0	0	9.348509
67	0	0	0	0	0	0	0	0	0	0	0	0	0	0	0	-1	0	8	0.2032	64	0.0412902	0	0	0	0	0	0	0	0	-1	0	1	0	0	0	1	0	0	0	9.438108
67	1	0	0	0	0	1	0	0	0	0	0	0	0	1	0	0	0	3	0.2286	9	0.052258	0	0	0	0	0	0	0	1	0	0	0	0	0	0	0	1	0	0	9.564714
67	1	0	0	0	0	1	0	0	0	0	0	0	0	0	0	-1	0	5	0.1651	25	0.027258	0	0	0	0	0	0	0	0	-1	0	1	0	0	0	1	0	0	0	10.0737
67	0	0	0	0	0	0	0	0	0	0	0	0	0	0	0	-1	0	11	0.2032	121	0.0412902	0	0	0	0	0	0	0	0	-1	0	1	0	0	0	1	0	0	0	9.288423
67	0	0	0	0	0	1	0	0	0	0	0	0	0	0	0	0	0	6	0.1015999	36	0.0103225	0	0	0	0	0	0	0	0	0	0	1	0	0	0	0	1	0	0	9.09266
67	0	0	0	0	1	1	0	0	0	1	0	0	0	0	0	-1	0	6	0.0762	36	0.0058064	0	0	0	0	0	0	0	0	-1	0	0	0	0	0	1	0	0	0	9.876092
67	0	0	0	0	0	1	0	0	0	0	0	0	0	1	0	0	0	12	0.1015999	144	0.0103225	0	0	0	0	0	0	0	1	0	0	0	0	0	0	0	1	0	0	8.974492
67	1	0	0	1	1	1	0	0	0	1	0	0	0	1	0	0	0	6	0	36	0	0	0	1.5748	0	0	0	0	1	0	0	0	0	0	0	0	1	0	0	9.2512
67	0	0	0	0	0	1	0	0	0	0	0	0	0	1	0	0	0	4	0.0762	16	0.0058064	0	0	0	0	0	0	0	1	0	0	0	0	0	0	0	1	0	0	9.43159
68	0	0	0	0	0	0	1	0	0	0	0	0	0	0	0	0	2	9	0.13462	81	0.0181225	0	0	0	0	0	0	0	0	2	0	0	0	0	0	0	1	0	0	9.2512
68	0	0	0	0	0	1	0	0	0	0	0	0	0	0	1	0	2	5	0.127	25	0.016129	0	0	0	0	0	0	0	0	2	0	0	0	0	0	0	1	0	0	9.107232
68	0	0	0	1	0	0	1	0	0	0	0	0	0	0	0	0	2	7	0	49	0	0	0	1.5748	0	0	0	0	0	2	0	0	0	0	0	0	1	0	0	8.99223
68	0	0	0	0	0	1	0	0	0	0	0	0	0	0	1	0	1	9	0.0634999	81	0.0040322	0	0	0	0	0	0	0	0	1	0	0	0	0	0	1	0	0	0	9.371115
68	1	0	0	0	1	0	1	0	0	1	0	0	0	0	0	0	2	5	0.127	25	0.016129	0	0	0	0	0	0	0	0	2	0	0	0	0	0	0	1	0	0	9.757976
68	0	0	0	0	0	1	0	0	0	0	0	0	0	0	1	0	2	5	0.0762	25	0.0058064	0	0	0	0	0	0	0	0	2	0	0	0	0	0	0	1	0	0	9.43159
68	1	0	0	0	0	0	0	0	0	0	0	0	0	0	0	0	1	7	0.2032	49	0.0412902	0	0	0	0	0	0	0	0	1	0	1	0	0	0	1	0	0	0	9.438108
68	0	0	0	0	0	1	0	0	0	0	0	0	0	0	1	0	2	12	0.0508	144	0.0025806	0	0	0	0	0	0	0	0	2	0	0	0	0	0	0	1	0	0	9.314216
68	1	0	0	0	1	1	0	0	0	1	0	0	0	0	1	0	2	5	0.1777999	25	0.0316128	0	0	0	0	0	0	0	0	2	0	0	0	0	0	0	1	0	0	9.288423
68	0	1	0	1	0	1	0	0	0	0	0	0	0	0	1	0	0	4	0	16	0	0	0	1.5748	0	0	0	0	0	0	1	0	0	0	0	0	0	0	0	9.288423
68	0	0	0	0	1	1	0	0	0	1	0	0	0	0	1	0	2	5	0.0762	25	0.0058064	0	0	0	0	0	0	0	0	2	0	0	0	0	0	0	1	0	0	9.17262
68	0	0	0	0	0	0	0	0	0	0	0	0	0	0	0	0	3	12	0.0508	144	0.0025806	0	0	0	0	0	0	0	0	3	0	1	0	0	0	0	0	1	0	8.99223
68	1	0	0	0	0	1	0	0	0	0	0	0	0	0	1	0	1	6	0.2032	36	0.0412902	0	0	0	0	0	0	0	0	1	0	0	0	0	0	1	0	0	0	9.663419
68	1	0	0	0	0	1	0	0	0	0	0	0	0	0	1	0	1	8	0.127	64	0.016129	0	0	0	0	0	0	0	0	1	0	1	0	0	0	1	0	0	0	9.876092
68	0	0	0	0	0	1	0	0	0	0	0	0	0	0	1	0	0	12	0.1524	144	0.0232258	0	0	0	0	0	0	0	0	0	0	0	0	0	1	0	0	0	0	9.098928
70	1	0	0	0	0	1	0	0	0	0	0	0	0	1	0	0	0	4	0.1524	16	0.0232258	0	0	0	0	0	0	0	0	0	0	1	0	0	0	0	0	0	0	9.357899
70	0	0	0	0	0	0	0	0	0	0	0	0	0	1	1	0	0	7	0.127	49	0.016129	0	0	0	0	0	0	0	0	0	0	0	0	0	0	0	0	0	0	8.99223
70	0	0	0	0	0	0	0	0	0	0	0	0	0	1	1	0	0	5	0.1016001	25	0.0103226	0	0	0	0	0	0	0	0	0	0	1	0	0	0	0	0	0	0	8.994871
70	1	1	0	0	1	0	1	0	0	1	0	0	0	0	0	0	0	6	0.1524	36	0.0232258	0	0	0	0	0	0	0	0	0	0	0	0	0	0	0	0	0	0	9.689184
70	1	1	0	0	1	0	1	0	0	1	0	0	0	0	0	0	0	10	0.1778001	100	0.0316129	0	0	0	0	0	0	0	0	0	0	0	0	0	0	0	0	0	0	9.073378
70	0	0	0	0	1	0	0	0	0	1	0	0	0	1	1	0	0	11	0.1397001	121	0.0195161	0	0	0	0	0	0	0	0	0	0	0	0	0	0	0	0	0	0	8.990049
70	0	1	0	0	0	0	0	0	0	0	0	0	0	0	1	0	0	7	0.1524	49	0.0232258	0	0	0	0	0	0	0	0	0	0	0	0	0	0	0	0	0	0	9.127307
70	0	0	0	0	1	0	0	0	0	1	0	0	0	1	1	0	0	3	0.0762	9	0.0058064	0	0	0	0	0	0	0	0	0	0	0	0	0	0	0	0	0	0	8.771515
70	1	0	0	0	0	0	1	0	0	0	0	0	0	1	0	0	0	3	0.127	9	0.016129	0	0	0	0	0	0	0	0	0	0	0	0	0	0	0	0	0	0	8.883064
70	0	1	0	0	0	1	0	0	0	0	0	0	0	0	0	0	0	10	0.1524	100	0.0232258	0	0	0	0	0	0	0	0	0	0	1	0	0	0	0	0	0	0	8.883064
70	1	1	1	1	0	0	0	0	0	0	0	0	0	0	1	0	0	0	0	0	0	27	0	1.5494	0	0	0	0	0	0	0	1	0	0	0	0	0	0	0	9.089564
70	0	0	0	0	0	0	1	0	0	0	0	0	0	1	0	0	0	9	0.2286	81	0.052258	0	0	0	0	0	0	0	0	0	0	0	0	0	0	0	0	0	0	8.716446
70	0	1	0	0	0	0	0	0	0	0	0	0	0	0	1	0	0	5	0.1524	25	0.0232258	0	0	0	0	0	0	0	0	0	0	0	0	0	0	0	0	0	0	9.2512
70	0	0	0	0	0	1	0	0	0	0	0	0	0	1	0	0	0	8	0.1778001	64	0.0316129	0	0	0	0	0	0	0	0	0	0	0	0	0	0	0	0	0	0	9.084581
70	0	1	0	1	0	0	1	0	0	0	0	0	0	0	0	0	0	8	0	64	0	0	0	1.5494	0	0	0	0	0	0	0	0	0	0	0	0	0	0	0	9.2512
71	0	0	0	0	0	0	0	0	0	0	0	0	0	1	1	0	0	2	0.127	4	0.016129	0	0	0	0	0	0	0	0	0	0	0	0	0	1	0	0	0	0	9.089539
71	1	1	0	1	0	0	0	0	0	0	0	0	0	0	1	0	0	5	0	25	0	0	0	1.5494	0	0	0	0	0	0	0	0	0	0	0	0	0	0	0	9.366202
71	0	0	0	1	0	0	0	0	0	0	0	0	0	1	1	0	0	7	0	49	0	0	0	1.5494	0	0	0	0	0	0	0	0	0	0	1	0	0	0	0	9.015304
71	0	0	0	0	0	0	0	0	0	0	0	0	0	1	1	0	0	10	0.2540001	100	0.064516	0	0	0	0	0	0	0	0	0	0	0	0	0	1	0	0	0	0	8.93498
71	1	1	0	0	0	0	0	0	0	0	0	0	0	0	1	0	0	8	0.1778001	64	0.0316129	0	0	0	0	0	0	0	0	0	0	1	0	0	0	0	0	0	0	8.99223
71	1	0	0	0	0	0	0	0	0	0	0	0	0	1	1	0	0	2	0.1778001	4	0.0316129	0	0	0	0	0	0	0	0	0	0	1	0	0	1	0	0	0	0	8.99223
71	0	1	0	0	0	0	1	0	0	0	0	0	0	0	0	0	0	3	0.0254	9	0.0006452	0	0	0	0	0	0	0	0	0	0	1	0	0	0	0	0	0	0	8.825611
71	0	0	0	0	0	0	0	0	0	0	0	0	0	1	1	0	0	7	0.1778001	49	0.0316129	0	0	0	0	0	0	0	0	0	0	1	0	0	1	0	0	0	0	9.035684
71	0	0	0	0	0	0	0	0	0	0	0	0	0	1	1	0	0	6	0.1905	36	0.0362903	0	0	0	0	0	0	0	0	0	0	1	0	0	1	0	0	0	0	8.825611
71	0	0	0	0	0	0	0	0	0	0	0	0	0	1	1	0	0	7	0.0508001	49	0.0025806	0	0	0	0	0	0	0	0	0	0	0	0	0	1	0	0	0	0	9.084581
71	1	1	0	0	0	0	0	0	0	0	0	0	0	0	1	0	0	7	0.1016001	49	0.0103226	0	0	0	0	0	0	0	0	0	0	1	0	0	0	0	0	0	0	9.107232
71	1	0	0	0	0	0	0	0	0	0	0	0	0	1	1	0	0	5	0.1778001	25	0.0316129	0	0	0	0	0	0	0	0	0	0	0	0	0	1	0	0	0	0	8.99223
72	0	1	0	1	1	0	1	0	0	0	1	0	0	0	0	0	0	2	0	4	0	0	0	1.6256	0	0	0	0	0	0	1	0	0	0	0	0	0	0	0	9.430214
72	1	1	0	0	0	0	0	0	1	0	0	0	0	0	0	0	0	2	0.1143	4	0.0130645	0	0	0	0	0	0	0	0	0	1	1	0	0	0	0	0	0	0	8.883064
72	0	0	0	0	0	1	0	0	1	0	0	0	0	0	0	-1	0	4	0.0762	16	0.0058064	0	0	0	0	0	0	0	0	-1	0	1	0	0	0	0	0	0	0	9.2512
72	1	1	0	1	0	0	1	0	1	0	1	0	0	0	0	0	0	3	0	9	0	0	0	1.6256	0	0	0	0	0	0	1	1	0	0	0	0	0	0	0	9.208271
72	0	1	0	0	0	0	1	0	0	0	1	0	0	0	0	0	0	4	0.0254	16	0.0006452	0	0	0	0	0	0	0	0	0	1	0	0	0	0	0	0	0	0	9.564714
72	0	0	0	0	0	0	0	0	1	0	0	0	0	0	0	0	2	3	0.0508	9	0.0025806	0	0	0	0	0	0	0	0	2	0	1	0	0	1	0	0	0	0	8.883064
72	0	0	0	1	0	0	0	0	1	0	0	0	0	1	0	0	0	5	0	25	0	0	0	1.6256	0	0	0	0	1	0	0	1	1	0	0	0	0	0	0	9.321049
72	1	0	0	0	0	0	0	0	1	0	0	0	0	0	0	-1	0	9	0.1524	81	0.0232258	0	0	0	0	0	0	0	0	-1	0	1	0	0	0	0	0	0	0	9.208271
72	1	0	0	0	0	0	0	0	1	0	0	0	0	0	0	-1	0	7	0	49	0	0	0	0	0	0	0	0	0	-1	0	1	0	0	0	0	0	0	0	9.451937
72	0	1	0	0	1	0	0	0	0	0	0	0	0	0	0	0	0	3	0.0508	9	0.0025806	0	0	0	0	0	0	0	0	0	1	0	0	0	0	0	0	0	0	8.93498
72	0	0	0	0	0	1	0	0	1	0	0	0	0	0	0	0	2	3	0.0254	9	0.0006452	0	0	0	0	0	0	0	0	2	0	1	0	0	1	0	0	0	0	9.208271
72	0	1	0	1	0	0	1	0	1	0	1	0	0	0	0	0	0	2	0	4	0	0	0	1.6256	0	0	0	0	0	0	1	1	0	0	0	0	0	0	0	9.208271
72	0	1	0	0	0	0	0	0	1	0	0	0	0	0	0	0	0	7	0.1397001	49	0.0195161	0	0	0	0	0	0	0	0	0	1	1	0	0	0	0	0	0	0	9.002979
75	0	0	0	0	0	0	0	0	1	0	0	0	0	1	1	0	0	1	0.1143	1	0.0130645	0	0	0	0	0	0	0	1	0	0	1	0	0	1	0	0	0	0	9.041653
75	0	0	0	0	0	0	0	0	0	0	0	0	0	1	1	0	0	4	0.0635	16	0.0040323	0	0	0	0	0	0	0	1	0	0	0	0	0	1	0	0	0	0	8.99223
75	1	0	0	1	0	0	0	0	1	0	0	0	0	1	1	0	0	6	0	36	0	0	0	1.5875	0	0	0	0	1	0	0	1	0	0	1	0	0	0	0	9.475531
75	0	1	0	0	0	0	0	0	1	0	0	0	0	0	1	0	0	2	0.2159001	4	0.0466128	0	0	0	0	0	0	0	0	0	1	1	0	0	0	0	0	0	0	8.715467
75	1	0	0	0	1	0	0	0	0	0	0	0	0	1	1	0	0	3	0.0889	9	0.0079032	0	0	0	0	0	0	0	1	0	0	0	0	0	1	0	0	0	0	9.848722
75	0	0	0	0	1	0	1	0	0	0	0	0	0	0	0	0	1	4	0.1397001	16	0.0195161	0	0	0	0	0	0	0	0	1	0	0	0	0	0	1	0	0	0	9.127307
75	1	1	0	0	0	0	0	0	1	0	0	0	0	0	1	0	0	8	0.2159001	64	0.0466128	0	0	0	0	0	0	0	0	0	1	1	0	0	0	0	0	0	0	9.2512
75	1	1	0	0	0	0	0	0	1	0	0	0	0	0	1	0	0	5	0.1524	25	0.0232258	0	0	0	0	0	0	0	0	0	1	1	0	0	0	0	0	0	0	9.532089
75	0	1	0	0	1	0	0	0	0	0	0	0	0	0	1	0	0	5	0.0889	25	0.0079032	0	0	0	0	0	0	0	0	0	1	0	0	0	0	0	0	0	0	8.99223
75	0	1	0	0	1	0	0	0	0	0	0	0	0	0	1	0	0	4	0.0127001	16	0.0001613	0	0	0	0	0	0	0	0	0	1	0	0	0	0	0	0	0	0	8.99223
75	0	1	0	0	1	0	1	0	0	0	0	0	0	0	0	0	0	4	0.1651	16	0.027258	0	0	0	0	0	0	0	0	0	1	0	0	0	0	0	0	0	0	8.883064
75	0	1	0	0	1	0	1	0	0	0	0	0	0	0	0	0	0	5	0.0381	25	0.0014516	0	0	0	0	0	0	0	0	0	1	0	0	0	0	0	0	0	0	9.588308
75	1	0	0	0	1	1	0	0	0	0	0	0	0	0	0	0	2	2	0.1905	4	0.0362903	0	0	0	0	0	0	0	0	2	0	0	0	0	0	0	1	0	0	10.07391
75	0	0	0	0	0	0	0	0	1	0	0	0	0	0	1	0	4	8	0.0635	64	0.0040323	0	0	0	0	0	0	0	0	4	0	1	0	0	0	0	0	0	1	9.208271
75	0	1	0	0	1	0	1	0	0	0	0	0	0	0	0	0	0	4	0.1143	16	0.0130645	0	0	0	0	0	0	0	0	0	1	0	0	0	0	0	0	0	0	8.771515
76	1	0	0	0	1	0	0	0	0	1	0	0	0	1	0	0	0	5	0.127	25	0.016129	0	0	0	0	0	0	0	0	0	0	0	0	0	1	0	0	0	0	9.208271
76	0	0	0	0	0	1	0	0	0	0	0	0	0	0	0	-1	0	9	0.0508	81	0.0025806	0	0	0	0	0	0	0	0	0	0	0	0	1	0	0	0	0	0	9.2512
76	0	0	0	0	0	0	0	0	0	0	0	0	0	1	0	0	0	4	0.1777999	16	0.0316128	0	0	0	0	0	0	0	0	0	0	0	0	0	1	0	0	0	0	8.818627
76	1	0	0	0	0	0	0	0	0	0	0	0	0	1	0	0	0	10	0.1777999	100	0.0316128	0	0	0	0	0	0	0	0	0	0	0	0	0	1	0	0	0	0	9.830038
76	0	0	0	0	0	0	0	0	0	0	0	0	0	1	0	0	0	9	0.1396999	81	0.0195161	0	0	0	0	0	0	0	0	0	0	1	0	0	1	0	0	0	0	8.81933
76	0	0	0	0	0	0	0	0	0	0	0	0	0	1	0	0	0	5	0.1015999	25	0.0103225	0	0	0	0	0	0	0	0	0	0	1	0	0	1	0	0	0	0	9.024206
76	0	0	0	0	0	0	0	0	0	0	0	0	0	1	0	0	0	8	0.0254	64	0.0006452	0	0	0	0	0	0	0	0	0	0	0	0	0	1	0	0	0	0	9.107232
76	1	0	0	0	0	0	0	0	0	0	0	0	0	1	0	0	0	5	0.1777999	25	0.0316128	0	0	0	0	0	0	0	0	0	0	0	0	0	1	0	0	0	0	8.99223
76	1	1	0	0	0	0	1	0	0	0	1	0	0	0	0	0	0	6	0.1015999	36	0.0103225	0	0	0	0	0	0	0	0	0	0	1	0	0	0	0	0	0	0	8.99223
76	0	0	0	0	0	0	0	0	0	0	0	0	0	1	0	0	0	4	0.1015999	16	0.0103225	0	0	0	0	0	0	0	0	0	0	1	0	0	1	0	0	0	0	8.99223
76	1	1	0	0	0	0	1	0	0	0	1	0	0	0	0	0	0	3	0.0634999	9	0.0040322	0	0	0	0	0	0	0	0	0	0	1	0	0	0	0	0	0	0	8.99223
76	0	0	0	0	0	0	0	0	0	0	0	0	0	1	0	0	0	6	0.1524	36	0.0232258	0	0	0	0	0	0	0	0	0	0	1	0	0	1	0	0	0	0	8.883064
76	0	0	0	0	0	0	0	0	0	0	0	0	0	1	0	0	0	4	0.0634999	16	0.0040322	0	0	0	0	0	0	0	0	0	0	0	0	0	1	0	0	0	0	9.208271
77	0	0	0	0	0	1	0	0	0	0	0	0	0	1	1	0	0	5	0.0253999	25	0.0006452	0	0	0	0	1	0	0	0	0	0	1	0	0	1	0	0	0	0	10.01515
77	0	0	0	0	1	1	0	0	0	1	0	0	0	1	1	0	0	5	0.127	25	0.016129	0	0	0	0	1	0	0	0	0	0	0	0	0	1	0	0	0	0	9.370974
77	1	0	0	0	0	1	0	0	0	0	0	0	0	1	1	0	0	6	0.2032	36	0.0412902	0	0	0	0	1	0	0	0	0	0	0	0	0	1	0	0	0	0	9.771483
77	0	1	0	0	0	0	1	0	0	0	0	0	0	0	0	0	0	5	0.0508	25	0.0025806	0	0	0	0	0	0	1	0	0	0	0	0	0	0	0	0	0	0	9.958391
77	0	0	0	0	0	1	0	0	0	0	0	0	0	1	1	0	0	9	0.1523999	81	0.0232257	0	0	0	0	1	0	0	0	0	0	1	0	0	1	0	0	0	0	9.848722
77	0	0	0	0	0	0	1	0	0	0	0	0	0	1	0	0	0	9	0.2539999	81	0.064516	0	0	0	0	1	0	0	0	0	0	1	0	0	1	0	0	0	0	9.979104
77	0	0	0	0	0	0	1	0	0	0	0	0	0	1	0	0	0	6	-0.0254	36	0.0006452	0	0	0	0	1	0	0	0	0	0	0	0	0	1	0	0	0	0	9.809099
77	0	1	0	0	1	0	1	0	0	1	0	0	0	0	0	0	0	6	0.1015999	36	0.0103225	0	0	0	0	0	0	1	0	0	0	0	0	0	0	0	0	0	0	9.430214
77	0	1	0	0	0	1	0	0	0	0	0	0	0	0	1	0	0	5	0.0253999	25	0.0006452	0	0	0	0	0	0	1	0	0	0	1	0	0	0	0	0	0	0	9.689184
77	0	0	0	0	0	1	0	0	0	0	0	0	0	1	1	0	0	5	0.127	25	0.016129	0	0	0	0	1	0	0	0	0	0	0	0	0	1	0	0	0	0	9.689184
77	0	0	0	0	0	1	0	0	0	0	0	0	0	0	1	0	2	3	0.0761999	9	0.0058064	0	0	0	0	0	2	0	0	0	0	1	0	0	0	0	1	0	0	9.689184
79	1	0	0	0	0	0	1	0	0	0	0	0	0	0	0	0	0	9	0.1524	81	0.0232258	0	0	0	0	0	0	0	0	0	0	1	0	0	0	1	0	0	0	9.2512
79	1	0	0	0	0	1	0	0	0	0	0	0	0	0	0	0	0	11	0.1016001	121	0.0103226	0	0	0	0	0	0	0	0	0	0	0	0	0	0	1	0	0	0	8.99223
79	1	0	0	0	0	1	0	0	0	0	0	0	0	0	0	0	0	9	0.0762	81	0.0058064	0	0	0	0	0	0	0	0	0	0	0	0	0	0	1	0	0	0	8.99223
79	1	0	0	0	0	0	0	0	0	0	0	0	0	0	1	0	0	13	0.1778001	169	0.0316129	0	0	0	0	0	0	0	0	0	0	0	0	0	0	1	0	0	0	9.522566
79	1	1	0	0	0	0	1	0	0	0	0	0	0	0	0	0	0	10	0.0762	100	0.0058064	0	0	0	0	0	0	0	0	0	1	1	0	0	0	0	0	0	0	9.288423
79	1	1	0	0	0	0	1	0	0	0	0	0	0	0	0	0	0	10	0.1016001	100	0.0103226	0	0	0	0	0	0	0	0	0	1	1	0	0	0	0	0	0	0	9.2512
79	1	0	0	0	0	1	0	0	0	0	0	0	0	0	0	0	0	13	0.1016001	169	0.0103226	0	0	0	0	0	0	0	0	0	0	1	0	0	0	1	0	0	0	9.044147
81	0	1	0	0	1	0	1	0	0	1	0	0	0	0	0	0	0	2	0.1778001	4	0.0316129	0	0	0	0	0	0	1	0	0	0	0	0	0	0	0	0	0	0	9.93285
81	0	1	0	0	1	0	1	0	0	1	0	0	0	0	0	0	0	10	0.1016001	100	0.0103226	0	0	0	0	0	0	1	0	0	0	0	0	0	0	0	0	0	0	9.073378
81	0	1	0	0	0	0	0	0	0	0	0	0	0	0	0	0	0	6	0.127	36	0.016129	0	0	0	0	0	0	1	0	0	0	0	0	0	0	0	0	0	0	9.235896
81	1	0	0	0	1	1	0	0	0	1	0	0	0	1	1	0	0	2	0.1144	4	0.0130874	0	0	0	0	1	0	0	0	0	0	0	0	0	0	0	0	0	0	9.689184
81	0	1	0	0	0	0	1	0	0	0	0	0	0	0	0	0	0	3	0.1778001	9	0.0316129	0	0	0	0	0	0	1	0	0	0	1	0	0	0	0	0	0	0	9.2512
81	0	1	0	0	0	0	1	0	0	0	0	0	0	0	0	0	0	7	0.127	49	0.016129	0	0	0	0	0	0	1	0	0	0	1	0	0	0	0	0	0	0	8.883064
81	0	0	0	0	0	1	0	0	0	0	0	0	0	1	1	0	0	2	0.1016001	4	0.0103226	0	0	0	0	1	0	0	0	0	0	0	0	0	0	0	0	0	0	10.03766
81	0	1	0	0	0	1	0	0	0	0	0	0	0	0	1	0	0	10	0.0254	100	0.0006452	0	0	0	0	0	0	1	0	0	0	1	0	0	0	0	0	0	0	8.99223
81	0	1	0	1	0	0	1	0	0	0	0	0	0	0	0	0	0	8	0	64	0	0	0	1.6256	0	0	0	1	0	0	0	0	0	0	0	0	0	0	0	9.371115
81	0	1	0	1	1	0	1	0	0	1	0	0	0	0	0	0	0	2	0	4	0	0	0	1.6256	0	0	0	1	0	0	0	0	0	0	0	0	0	0	0	9.689184
81	1	0	0	0	0	0	0	0	0	0	0	0	0	1	0	0	0	3	0.0254	9	0.0006452	0	0	0	0	1	0	0	0	0	0	1	0	0	0	0	0	0	0	9.830038
81	0	0	0	0	1	0	1	0	0	1	0	0	0	1	0	0	0	2	0.0254	4	0.0006452	0	0	0	0	1	0	0	0	0	0	0	0	0	0	0	0	0	0	9.690983
82	0	0	0	0	0	1	0	0	0	0	0	0	0	0	0	0	2	10	0.1015999	100	0.0103225	0	0	0	0	0	0	0	0	0	0	0	0	0	0	0	1	0	0	9.848722
82	0	1	0	0	0	0	1	0	0	0	0	0	0	0	0	0	0	4	0.127	16	0.016129	0	0	0	0	0	0	0	0	0	0	1	0	0	0	0	0	0	0	9.416914
82	1	0	0	0	0	1	0	0	0	0	0	0	0	1	0	0	0	5	0.2286	25	0.052258	0	0	0	0	0	0	0	0	0	0	1	0	0	1	0	0	0	0	9.617123
82	0	1	1	1	1	0	1	0	0	1	0	0	0	0	0	0	0	0	0	0	0	25	0	1.5748	0	0	0	0	0	0	0	0	0	0	0	0	0	0	0	9.208271
82	0	1	0	1	1	0	1	0	0	1	0	0	0	0	0	0	0	7	0	49	0	0	0	1.5748	0	0	0	0	0	0	0	0	0	0	0	0	0	0	0	9.208271
82	0	0	0	0	0	0	1	0	0	0	0	0	0	1	0	0	0	8	0.0762	64	0.0058064	0	0	0	0	0	0	0	0	0	0	1	0	0	1	0	0	0	0	9.286845
82	0	0	0	1	0	1	0	0	0	0	0	0	0	1	0	0	0	2	0	4	0	0	0	1.5748	0	0	0	0	0	0	0	1	0	0	1	0	0	0	0	8.99223
82	0	0	0	0	0	1	0	0	0	0	0	0	0	1	0	0	0	10	0.0762	100	0.0058064	0	0	0	0	0	0	0	0	0	0	1	0	0	1	0	0	0	0	9.2512
82	0	0	0	0	0	0	1	0	0	0	0	0	0	0	0	0	2	6	0.2539999	36	0.064516	0	0	0	0	0	0	0	0	0	0	1	0	0	0	0	1	0	0	9.328186
82	0	0	0	0	0	0	1	0	0	0	0	0	0	1	0	0	0	7	0.0762	49	0.0058064	0	0	0	0	0	0	0	0	0	0	1	0	0	1	0	0	0	0	9.208271
82	0	1	0	1	0	0	1	0	0	0	0	0	0	0	0	0	0	9	0	81	0	0	0	1.5748	0	0	0	0	0	0	0	1	0	0	0	0	0	0	0	9.410738
86	0	0	0	1	0	0	1	0	0	0	0	0	0	1	0	0	0	6	0	36	0	0	0	1.6002	0	0	0	0	0	0	0	0	0	0	1	0	0	0	0	10.01515
86	1	1	0	0	0	0	0	0	0	0	0	0	0	0	1	0	0	5	0.1015999	25	0.0103225	0	0	0	0	0	0	0	0	0	0	1	0	0	0	0	0	0	0	9.896806
86	0	0	0	0	0	1	0	0	0	0	0	0	0	1	0	0	0	7	0.0508	49	0.0025806	0	0	0	0	0	0	0	0	0	0	0	0	0	1	0	0	0	0	9.93285
86	1	1	0	0	1	0	1	0	0	1	0	0	0	0	0	0	0	5	0.0508	25	0.0025806	0	0	0	0	0	0	0	0	0	0	0	0	0	0	0	0	0	0	9.689184
86	0	0	0	0	1	0	1	0	0	1	0	0	0	0	0	0	1	5	0.0253999	25	0.0006452	0	0	0	0	0	0	0	0	0	0	0	0	0	0	1	0	0	0	9.689184
86	0	0	0	0	0	0	0	0	0	0	0	0	0	1	1	0	0	8	0.0634999	64	0.0040322	0	0	0	0	0	0	0	0	0	0	1	0	0	1	0	0	0	0	9.367809
86	0	1	0	0	0	0	0	0	0	0	0	0	0	0	1	0	0	5	0	25	0	0	0	0	0	0	0	0	0	0	0	1	0	0	0	0	0	0	0	9.830038
86	1	0	0	0	1	0	0	0	0	1	0	0	0	0	1	0	1	3	0.1523999	9	0.0232257	0	0	0	0	0	0	0	0	0	0	0	0	0	0	1	0	0	0	9.375984
86	1	1	0	0	0	0	0	0	0	0	0	0	0	0	1	0	0	7	0.0761999	49	0.0058064	0	0	0	0	0	0	0	0	0	0	1	0	0	0	0	0	0	0	9.2512
86	0	0	0	0	1	0	1	0	0	1	0	0	0	1	0	0	0	6	0.1015999	36	0.0103225	0	0	0	0	0	0	0	0	0	0	0	0	0	1	0	0	0	0	9.848722
86	0	0	0	0	0	1	0	0	0	0	0	0	0	0	0	0	0	11	0.1015999	121	0.0103225	0	0	0	0	0	0	0	0	0	0	1	0	0	1	0	0	0	0	10.0737
86	1	1	0	0	1	0	1	0	0	1	0	0	0	0	0	0	0	7	0.1777999	49	0.0316128	0	0	0	0	0	0	0	0	0	0	0	0	0	0	0	0	0	0	9.551724
86	0	0	0	0	0	0	1	0	0	0	0	0	0	1	0	0	0	5	0.2285999	25	0.0522579	0	0	0	0	0	0	0	0	0	0	0	0	0	1	0	0	0	0	8.848993
86	0	1	0	0	0	0	0	0	0	0	0	0	0	0	1	0	0	5	0.2413	25	0.0582257	0	0	0	0	0	0	0	0	0	0	0	0	0	0	0	0	0	0	9.451937
86	0	0	0	0	1	0	0	0	0	1	0	0	0	1	1	0	0	7	0.0634999	49	0.0040322	0	0	0	0	0	0	0	0	0	0	0	0	0	1	0	0	0	0	8.99223
87	0	0	0	0	0	1	0	0	0	0	0	0	0	0	1	0	2	8	0.0762	64	0.0058064	0	0	0	0	0	0	0	0	0	0	1	0	0	0	0	1	0	0	9.2512
87	0	1	0	0	0	0	1	0	0	0	0	0	0	0	0	0	0	0	0.127	0	0.016129	0	0	0	0	0	0	0	0	0	0	0	0	0	0	0	0	0	0	9.848722
87	0	0	0	0	0	1	0	0	0	0	0	0	0	1	1	0	0	9	0.127	81	0.016129	0	0	0	0	0	0	0	0	0	0	0	0	0	1	0	0	0	0	8.842326
87	0	0	0	0	1	1	0	0	0	1	0	0	0	1	1	0	0	3	0.1016001	9	0.0103226	0	0	0	0	0	0	0	0	0	0	0	0	0	1	0	0	0	0	9.689184
87	1	0	0	0	1	1	0	0	0	1	0	0	0	1	1	0	0	7	0.1524	49	0.0232258	0	0	0	0	0	0	0	0	0	0	0	0	0	1	0	0	0	0	9.848722
87	0	0	0	0	0	1	0	0	0	0	0	0	0	1	1	0	0	19	0.127	361	0.016129	0	0	0	0	0	0	0	0	0	0	1	0	0	1	0	0	0	0	9.830038
87	0	0	0	0	1	0	1	0	0	1	0	0	0	1	0	0	0	2	0.127	4	0.016129	0	0	0	0	0	0	0	0	0	0	0	0	0	1	0	0	0	0	9.2512
87	0	0	0	0	0	0	0	0	0	0	0	0	0	1	0	0	0	5	0.2540001	25	0.064516	0	0	0	0	0	0	0	0	0	0	1	0	0	1	0	0	0	0	9.2512
89	1	0	0	0	0	0	0	0	0	0	0	0	0	1	1	0	0	3	0.127	9	0.016129	0	0	0	0	0	0	0	0	0	0	0	0	0	1	0	0	0	0	8.883064
89	0	0	0	0	0	0	0	0	0	0	0	0	0	1	1	0	0	8	0.0253999	64	0.0006452	0	0	0	0	0	0	0	0	0	0	1	0	0	1	0	0	0	0	8.883064
89	1	0	0	0	0	0	0	0	0	0	0	0	0	1	1	0	0	9	0.1523999	81	0.0232257	0	0	0	0	0	0	0	0	0	0	1	0	0	1	0	0	0	0	9.848722
89	0	1	0	1	0	0	0	0	0	0	0	0	0	0	1	0	0	7	0	49	0	0	0	1.6002	0	0	0	0	0	0	0	0	0	0	0	0	0	0	0	9.084581
89	1	0	0	0	0	0	0	0	0	0	0	0	0	1	1	0	0	7	0.2539999	49	0.064516	0	0	0	0	0	0	0	0	0	0	1	0	0	1	0	0	0	0	8.883064
89	0	0	0	0	0	1	0	0	0	0	0	0	0	1	0	0	0	5	0.1015999	25	0.0103225	0	0	0	0	0	0	0	0	0	0	1	0	0	1	0	0	0	0	8.825611
89	0	0	0	0	0	0	0	0	0	0	0	0	0	1	1	0	0	6	0.1523999	36	0.0232257	0	0	0	0	0	0	0	0	0	0	1	0	0	1	0	0	0	0	9.2512
89	0	0	0	0	0	0	0	0	0	0	0	0	0	1	1	0	0	3	0.0761999	9	0.0058064	0	0	0	0	0	0	0	0	0	0	1	0	0	1	0	0	0	0	8.883064
89	0	0	0	0	0	0	1	0	0	0	0	0	0	0	0	-3	0	7	0.0508	49	0.0025806	0	0	0	0	0	0	0	0	0	0	1	0	0	0	0	0	0	0	8.99223
89	0	0	0	0	0	1	0	0	0	0	0	0	0	1	0	0	0	6	0.0889	36	0.0079032	0	0	0	0	0	0	0	0	0	0	1	0	0	1	0	0	0	0	8.825611
89	1	0	0	0	0	0	0	0	0	0	0	0	0	1	1	0	0	4	0.1015999	16	0.0103225	0	0	0	0	0	0	0	0	0	0	1	0	0	1	0	0	0	0	9.2512
89	0	0	0	0	0	1	0	0	0	0	0	0	0	1	0	0	0	4	0.1015999	16	0.0103225	0	0	0	0	0	0	0	0	0	0	1	0	0	1	0	0	0	0	8.99223
89	0	0	0	0	0	0	0	0	0	0	0	0	0	1	1	0	0	7	0.1142999	49	0.0130645	0	0	0	0	0	0	0	0	0	0	1	0	0	1	0	0	0	0	9.494866
89	0	0	0	0	0	1	0	0	0	0	0	0	0	1	0	0	0	3	0.127	9	0.016129	0	0	0	0	0	0	0	0	0	0	0	0	0	1	0	0	0	0	8.825611
89	1	1	0	0	0	1	0	0	0	0	0	0	0	0	0	0	0	8	0.127	64	0.016129	0	0	0	0	0	0	0	0	0	0	1	0	0	0	0	0	0	0	9.410738
90	0	0	0	0	0	0	0	0	0	0	0	0	0	1	1	0	0	2	0.0508	4	0.0025806	0	0	0	0	0	0	0	0	0	0	1	0	0	1	0	0	0	0	9.2512
90	0	0	0	0	1	0	0	0	0	1	0	0	0	1	1	0	0	6	0.0508	36	0.0025806	0	0	0	0	0	0	0	0	0	0	0	0	0	1	0	0	0	0	8.938133
90	0	1	0	0	1	0	0	0	0	1	0	0	0	0	1	0	0	3	0.0254	9	0.0006452	0	0	0	0	0	0	0	0	0	0	0	0	0	0	0	0	0	0	8.99223
90	1	0	0	0	0	0	0	0	0	0	0	0	0	1	1	0	0	6	0.0381	36	0.0014516	0	0	0	0	0	0	0	0	0	0	1	0	0	1	0	0	0	0	9.208271
90	1	0	0	0	1	0	1	0	0	1	0	0	0	1	0	0	0	7	0.127	49	0.016129	0	0	0	0	0	0	0	0	0	0	0	0	0	1	0	0	0	0	9.689184
90	0	1	0	0	1	0	0	0	0	1	0	0	0	0	1	0	0	2	0.1524	4	0.0232258	0	0	0	0	0	0	0	0	0	0	0	0	0	0	0	0	0	0	9.208271
90	0	0	0	0	0	1	0	0	0	0	0	0	0	1	0	0	0	8	0.1524	64	0.0232258	0	0	0	0	0	0	0	0	0	0	0	0	0	1	0	0	0	0	9.321049
90	0	1	0	1	1	0	1	0	0	1	0	0	0	0	0	0	0	11	0	121	0	0	0	1.5748	0	0	0	0	0	0	0	0	0	0	0	0	0	0	0	9.127307
90	1	0	0	0	0	1	0	0	0	0	0	0	0	1	0	0	0	6	0.1015999	36	0.0103225	0	0	0	0	0	0	0	0	0	0	1	0	0	1	0	0	0	0	9.2512
90	1	0	0	0	0	0	0	0	0	0	0	0	0	1	1	0	0	9	0.2286	81	0.052258	0	0	0	0	0	0	0	0	0	0	1	0	0	1	0	0	0	0	8.883064
90	0	0	0	0	1	0	0	0	0	1	0	0	0	1	1	0	0	8	0	64	0	0	0	0	0	0	0	0	0	0	0	0	0	0	1	0	0	0	0	8.938133
90	0	0	0	0	1	0	0	0	0	1	0	0	0	1	1	0	0	3	0.2032	9	0.0412902	0	0	0	0	0	0	0	0	0	0	0	0	0	1	0	0	0	0	9.2512
90	0	0	0	0	1	0	0	0	0	1	0	0	0	1	1	0	0	5	0.1015999	25	0.0103225	0	0	0	0	0	0	0	0	0	0	0	0	0	1	0	0	0	0	8.99223
90	0	1	0	0	1	0	0	0	0	1	0	0	0	0	1	0	0	6	0.1015999	36	0.0103225	0	0	0	0	0	0	0	0	0	0	0	0	0	0	0	0	0	0	9.288423
90	1	0	0	0	0	0	0	0	0	0	0	0	0	1	1	0	0	7	0.1015999	49	0.0103225	0	0	0	0	0	0	0	0	0	0	1	0	0	1	0	0	0	0	9.208271
91	1	1	0	1	1	0	1	0	0	0	0	0	0	0	0	0	0	0	0	0	0	0	42	1.5494	0	0	0	0	0	0	0	0	0	0	0	0	0	0	0	9.260187
91	1	0	0	0	0	1	0	0	0	0	0	0	0	1	1	0	0	0	0.1016001	0	0.0103226	0	40	0	0	0	0	0	0	0	0	0	0	0	0	0	0	0	0	9.208271
91	1	0	0	0	0	1	0	0	0	0	0	0	0	1	1	0	0	0	0.1778001	0	0.0316129	0	42	0	0	0	0	0	0	0	0	0	0	0	0	0	0	0	0	9.208271
91	1	1	0	0	0	0	1	0	0	0	0	0	0	0	0	0	0	0	0.0762	0	0.0058064	0	46	0	0	0	0	0	0	0	0	1	0	0	0	0	0	0	0	9.371115
91	1	1	0	0	1	0	1	0	0	0	0	0	0	0	0	0	0	0	0.2540001	0	0.064516	0	45	0	0	0	0	0	0	0	0	0	0	0	0	0	0	0	0	8.938133
92	0	0	0	1	0	0	0	0	0	0	0	0	0	0	0	-3	0	6	0	36	0	0	0	1.6002	0	0	0	0	0	-3	0	0	0	0	0	1	0	0	0	9.159284
92	0	1	0	1	0	0	1	0	0	0	1	0	0	0	0	0	0	6	0	36	0	0	0	1.6002	0	0	0	0	0	0	1	1	0	0	0	0	0	0	0	9.494866
92	1	1	0	0	0	0	0	0	0	0	0	0	0	0	0	0	0	8	0.2032	64	0.0412902	0	0	0	0	0	0	0	0	0	1	1	0	0	0	0	0	0	0	9.121322
92	1	0	0	0	0	0	0	0	0	0	0	0	0	0	0	-3	0	6	0.0761999	36	0.0058064	0	0	0	0	0	0	0	0	-3	0	1	0	0	0	1	0	0	0	8.99223
92	0	0	0	0	0	0	0	0	0	0	0	0	0	0	0	-3	0	12	0.127	144	0.016129	0	0	0	0	0	0	0	0	-3	0	0	0	0	0	1	0	0	0	8.93498
92	0	0	0	0	0	0	0	0	0	0	0	0	0	0	0	-3	0	10	0.0761999	100	0.0058064	0	0	0	0	0	0	0	0	-3	0	0	0	0	0	1	0	0	0	8.99223
92	0	0	0	0	0	0	0	0	0	0	0	0	0	0	0	-4	0	9	0.1142999	81	0.0130645	0	0	0	0	0	0	0	0	-4	0	1	0	0	1	0	0	0	0	8.99223
92	0	0	0	0	0	0	1	0	0	0	1	0	0	0	0	-4	0	6	0.127	36	0.016129	0	0	0	0	0	0	0	0	-4	0	1	0	0	1	0	0	0	0	9.024206
92	0	0	0	1	0	0	1	0	0	0	1	0	0	0	0	-3	0	5	0	25	0	0	0	1.6002	0	0	0	0	0	-3	0	1	0	0	0	1	0	0	0	9.044147
92	1	1	0	1	0	0	0	0	0	0	0	0	0	0	0	0	0	5	0	25	0	0	0	1.6002	0	0	0	0	0	0	1	1	0	0	0	0	0	0	0	9.283176
92	0	0	0	0	0	0	0	0	0	0	0	0	0	0	0	-3	0	7	0.1523999	49	0.0232257	0	0	0	0	0	0	0	0	-3	0	1	0	0	0	1	0	0	0	9.2512
92	1	0	0	0	0	0	0	0	0	0	0	0	0	0	0	-3	0	6	0.0508	36	0.0025806	0	0	0	0	0	0	0	0	-3	0	1	0	0	0	1	0	0	0	8.99223
92	0	0	0	0	0	0	1	0	0	0	1	0	0	0	0	-4	0	7	0.127	49	0.016129	0	0	0	0	0	0	0	0	-4	0	0	0	0	1	0	0	0	0	9.2512
92	0	1	0	0	0	0	0	0	0	0	0	0	0	0	0	0	0	13	0.0508	169	0.0025806	0	0	0	0	0	0	0	0	0	1	1	0	0	0	0	0	0	0	8.989762
92	1	0	0	0	0	0	0	0	0	0	0	0	0	0	0	-4	0	6	0.0253999	36	0.0006452	0	0	0	0	0	0	0	0	-4	0	1	0	0	1	0	0	0	0	9.044147
93	1	0	0	0	1	0	0	0	0	1	0	0	0	1	1	0	0	6	0.0508	36	0.0025806	0	0	0	0	0	0	0	0	0	0	0	0	0	1	0	0	0	0	8.99223
93	0	0	0	0	0	0	0	0	0	0	0	0	0	1	1	0	0	5	0.2032	25	0.0412902	0	0	0	0	0	0	0	0	0	0	1	0	0	1	0	0	0	0	9.438108
93	1	0	0	0	0	0	0	0	0	0	0	0	0	1	1	0	0	8	0.0508	64	0.0025806	0	0	0	0	0	0	0	0	0	0	0	0	0	1	0	0	0	0	9.101377
93	1	0	0	1	0	1	0	0	0	0	0	0	0	1	0	0	0	5	0	25	0	0	0	1.6256	0	0	0	0	0	0	0	1	0	0	1	0	0	0	0	9.107023
93	1	1	0	0	1	0	0	0	0	1	0	0	0	0	1	0	0	8	0.1016001	64	0.0103226	0	0	0	0	0	0	0	0	0	0	0	0	0	0	0	0	0	0	9.107023
93	1	0	0	0	0	0	0	0	0	0	0	0	0	1	1	0	0	2	0.0508	4	0.0025806	0	0	0	0	0	0	0	0	0	0	0	0	0	1	0	0	0	0	9.367809
93	0	0	0	0	0	0	0	0	0	0	0	0	0	1	1	0	0	9	0.1016001	81	0.0103226	0	0	0	0	0	0	0	0	0	0	0	0	0	1	0	0	0	0	8.99223
93	0	1	0	0	0	0	0	0	0	0	0	0	0	0	1	0	0	5	0.2032	25	0.0412902	0	0	0	0	0	0	0	0	0	0	0	0	0	0	0	0	0	0	9.440964
95	0	0	0	0	0	1	0	0	0	0	0	0	0	0	1	0	5	4	0.127	16	0.016129	0	0	0	0	0	0	0	0	5	0	1	0	0	0	0	1	0	0	9.848722
95	0	0	0	0	0	1	0	0	0	0	0	0	0	0	1	0	4	3	0.1397001	9	0.0195161	0	0	0	0	0	0	0	0	4	0	0	0	0	0	1	0	0	0	9.002979
95	0	0	0	0	0	1	0	0	0	0	0	0	0	0	1	0	4	10	0.127	100	0.016129	0	0	0	0	0	0	0	0	4	0	0	0	0	0	1	0	0	0	9.2512
95	0	0	0	0	0	0	0	0	0	0	0	0	0	0	0	0	4	3	0.0508001	9	0.0025806	0	0	0	0	0	0	0	0	4	0	1	0	0	0	1	0	0	0	9.273385
95	1	0	0	0	0	1	0	0	0	0	0	0	0	0	1	0	3	9	0.1397001	81	0.0195161	0	0	0	0	0	0	0	0	3	0	1	0	0	1	0	0	0	0	9.127307
95	1	0	0	0	0	1	0	0	0	0	0	0	0	0	1	0	4	8	0.2540001	64	0.064516	0	0	0	0	0	0	0	0	4	0	1	0	0	0	1	0	0	0	9.570409
95	0	0	0	0	0	1	0	0	0	0	0	0	0	0	1	0	4	3	0.127	9	0.016129	0	0	0	0	0	0	0	0	4	0	1	0	0	0	1	0	0	0	9.771483
95	1	0	0	0	0	0	1	0	0	0	0	0	0	0	0	0	4	4	0.0762	16	0.0058064	0	0	0	0	0	0	0	0	4	0	1	0	0	0	1	0	0	0	8.99223
95	0	0	0	0	0	0	0	0	0	0	0	0	0	0	0	0	7	8	0.0762	64	0.0058064	0	0	0	0	0	0	0	0	7	0	0	0	0	0	0	0	0	1	9.044147
95	0	0	0	0	0	0	1	0	0	0	0	0	0	0	0	0	5	0	0.2032	0	0.0412902	0	0	0	0	0	0	0	0	5	0	0	0	0	0	0	1	0	0	9.689184
95	0	0	0	0	0	0	0	0	0	0	0	0	0	0	0	0	4	5	0.1524	25	0.0232258	0	0	0	0	0	0	0	0	4	0	0	0	0	0	1	0	0	0	9.43159
95	0	0	0	0	0	0	0	0	0	0	0	0	0	0	0	0	4	3	0.1016001	9	0.0103226	0	0	0	0	0	0	0	0	4	0	0	0	0	0	1	0	0	0	10.0737
95	1	1	0	1	0	1	0	0	0	0	0	0	0	0	1	0	0	6	0	36	0	0	0	1.5494	0	0	0	0	0	0	1	1	0	0	0	0	0	0	0	9.208271
95	0	0	0	0	0	1	0	0	0	0	0	0	0	0	1	0	4	7	0.127	49	0.016129	0	0	0	0	0	0	0	0	4	0	1	0	0	0	1	0	0	0	8.99223
95	1	0	0	0	0	1	0	0	0	0	0	0	0	0	1	0	4	7	0.127	49	0.016129	0	0	0	0	0	0	0	0	4	0	1	0	0	0	1	0	0	0	9.098928
96	0	0	0	0	0	1	0	0	0	0	0	0	0	1	0	0	0	6	0.1523999	36	0.0232257	0	0	0	0	0	0	0	0	0	0	1	0	0	0	0	0	0	0	8.938133
96	0	0	0	0	0	0	1	0	0	0	1	0	0	0	0	0	3	5	0.127	25	0.016129	0	0	0	0	0	0	0	0	0	0	1	0	0	1	0	0	0	0	8.938133
96	1	0	0	0	0	1	0	0	0	0	0	0	0	1	0	0	0	4	0.0508	16	0.0025806	0	0	0	0	0	0	0	0	0	0	1	0	0	0	0	0	0	0	8.99223
96	0	0	0	0	0	1	0	0	0	0	0	0	0	1	0	0	0	6	0.1523999	36	0.0232257	0	0	0	0	0	0	0	0	0	0	1	0	0	0	0	0	0	0	8.771515
96	0	1	0	0	0	0	0	0	0	0	0	0	0	0	0	0	0	4	0.0253999	16	0.0006452	0	0	0	0	0	0	0	0	0	0	0	0	0	0	0	0	0	0	8.825611
96	0	0	0	0	0	0	0	0	0	0	0	0	0	1	0	0	0	2	0.1523999	4	0.0232257	0	0	0	0	0	0	0	0	0	0	1	0	0	0	0	0	0	0	8.883064
96	0	0	0	0	0	1	0	0	0	0	0	0	0	0	0	0	3	7	0.1651	49	0.027258	0	0	0	0	0	0	0	0	0	0	0	0	0	1	0	0	0	0	8.771515
96	1	0	0	0	0	1	0	0	0	0	0	0	0	1	0	0	0	8	0.1777999	64	0.0316128	0	0	0	0	0	0	0	0	0	0	1	0	0	0	0	0	0	0	8.938133
96	0	0	0	0	0	0	0	0	0	0	0	0	0	1	0	0	0	3	0.1777999	9	0.0316128	0	0	0	0	0	0	0	0	0	0	1	0	0	0	0	0	0	0	9.084581
96	0	0	0	0	0	0	0	0	0	0	0	0	0	1	0	0	0	3	0.0762	9	0.0058064	0	0	0	0	0	0	0	0	0	0	1	0	0	0	0	0	0	0	9.016549
100	0	0	0	0	0	1	0	0	0	0	0	0	0	1	0	0	0	7	0.0254	49	0.0006452	0	0	0	0	0	0	0	0	0	0	0	0	0	0	0	1	0	0	8.99223
100	1	1	0	0	0	0	1	0	0	0	1	0	0	0	0	0	0	6	0.0508	36	0.0025806	0	0	0	0	0	0	0	0	0	0	1	0	0	0	0	0	0	0	9.307697
100	0	0	0	0	0	1	0	0	0	0	0	0	0	1	0	0	0	9	0.1524	81	0.0232258	0	0	0	0	0	0	0	0	0	0	0	0	0	0	0	1	0	0	8.972886
100	0	1	0	0	0	0	1	0	0	0	1	0	0	0	0	0	0	7	0.1777999	49	0.0316128	0	0	0	0	0	0	0	0	0	0	0	0	0	0	0	0	0	0	9.2512
100	0	1	0	1	0	0	1	0	0	0	1	0	0	0	0	0	0	5	0	25	0	0	0	1.5748	0	0	0	0	0	0	0	1	0	0	0	0	0	0	0	9.288423
100	0	0	0	0	1	1	0	0	0	1	0	0	0	0	0	-2	0	9	0.2032	81	0.0412902	0	0	0	0	0	0	0	0	0	0	0	0	0	1	0	0	0	0	8.99223
100	1	1	0	0	1	0	1	0	0	1	1	0	0	0	0	0	0	5	0.1524	25	0.0232258	0	0	0	0	0	0	0	0	0	0	0	0	0	0	0	0	0	0	8.99223
100	1	0	0	0	1	0	1	0	0	1	1	0	0	1	0	0	0	8	0.127	64	0.016129	0	0	0	0	0	0	0	0	0	0	0	0	0	0	0	1	0	0	9.089781
100	0	0	0	0	0	0	0	0	0	0	0	0	0	0	0	0	2	8	0.0508	64	0.0025806	0	0	0	0	0	0	0	0	0	0	0	0	0	0	0	0	0	1	8.99223
100	1	0	0	0	0	1	0	0	0	0	0	0	0	1	0	0	0	10	0.0762	100	0.0058064	0	0	0	0	0	0	0	0	0	0	1	0	0	0	0	1	0	0	8.99223
100	0	1	0	0	1	0	1	0	0	1	1	0	0	0	0	0	0	7	0.0762	49	0.0058064	0	0	0	0	0	0	0	0	0	0	0	0	0	0	0	0	0	0	9.49507
100	0	0	0	0	1	0	0	0	0	1	0	0	0	1	0	0	0	8	0	64	0	0	0	0	0	0	0	0	0	0	0	0	0	0	0	0	1	0	0	9.2512
100	1	0	0	0	0	1	0	0	0	0	0	0	0	1	0	0	0	5	0.1396999	25	0.0195161	0	0	0	0	0	0	0	0	0	0	1	0	0	0	0	1	0	0	9.2512
100	0	0	0	0	0	1	0	0	0	0	0	0	0	1	0	0	0	5	0.127	25	0.016129	0	0	0	0	0	0	0	0	0	0	0	0	0	0	0	1	0	0	8.99223
100	0	1	0	0	0	1	0	0	0	0	0	0	0	0	0	0	0	4	0.1015999	16	0.0103225	0	0	0	0	0	0	0	0	0	0	1	0	0	0	0	0	0	0	9.689184
101	1	1	0	0	0	0	1	0	0	0	0	0	0	0	0	0	0	5	0.1143	25	0.0130645	0	0	0	0	0	0	0	0	0	0	1	0	0	0	0	0	0	0	8.883064
101	1	0	0	0	1	0	0	0	0	1	0	0	0	0	0	0	5	5	0.0635	25	0.0040323	0	0	0	0	0	0	0	0	0	0	0	0	0	0	0	1	0	0	9.2512
101	0	1	0	1	0	0	1	0	0	0	0	0	0	0	0	0	0	7	0	49	0	0	0	1.6256	0	0	0	0	0	0	0	0	0	0	0	0	0	0	0	8.883064
101	0	1	0	0	0	0	1	0	0	0	0	0	0	0	0	0	0	7	0.2032	49	0.0412902	0	0	0	0	0	0	0	0	0	0	1	0	0	0	0	0	0	0	9.2512
101	0	1	0	0	0	0	1	0	0	0	0	0	0	0	0	0	0	7	0.0508	49	0.0025806	0	0	0	0	0	0	0	0	0	0	1	0	0	0	0	0	0	0	8.938133
101	1	1	0	0	0	0	1	0	0	0	0	0	0	0	0	0	0	3	0.0762	9	0.0058064	0	0	0	0	0	0	0	0	0	0	1	0	0	0	0	0	0	0	9.848722
101	0	1	0	0	0	1	0	0	0	0	0	0	0	0	1	0	0	9	0.1524	81	0.0232258	0	0	0	0	0	0	0	0	0	0	0	0	0	0	0	0	0	0	9.2512
101	1	1	0	0	0	0	1	0	0	0	0	0	0	0	0	0	0	8	0.0508	64	0.0025806	0	0	0	0	0	0	0	0	0	0	0	0	0	0	0	0	0	0	9.848722
101	0	0	0	0	1	0	1	0	0	1	0	0	0	0	0	0	4	6	0.1016001	36	0.0103226	0	0	0	0	0	0	0	0	0	0	0	0	0	0	1	0	0	0	8.938133
101	0	0	0	0	1	1	0	0	0	1	0	0	0	1	1	0	0	6	0.0762	36	0.0058064	0	0	0	0	0	0	0	0	0	0	0	0	0	0	0	0	0	0	9.2512
101	0	1	0	0	1	0	1	0	0	1	0	0	0	0	0	0	0	7	0.0762	49	0.0058064	0	0	0	0	0	0	0	0	0	0	0	0	0	0	0	0	0	0	8.883064
101	0	1	0	0	0	0	0	0	0	0	0	0	0	0	0	0	0	6	0.0508	36	0.0025806	0	0	0	0	0	0	0	0	0	0	1	0	0	0	0	0	0	0	9.830038
101	0	1	0	0	1	0	1	0	0	1	0	0	0	0	0	0	0	4	0.127	16	0.016129	0	0	0	0	0	0	0	0	0	0	0	0	0	0	0	0	0	0	8.99223
101	0	1	0	0	0	0	1	0	0	0	0	0	0	0	0	0	0	6	0.127	36	0.016129	0	0	0	0	0	0	0	0	0	0	0	0	0	0	0	0	0	0	9.689184
101	1	0	0	0	1	1	0	0	0	1	0	0	0	1	1	0	0	5	0.127	25	0.016129	0	0	0	0	0	0	0	0	0	0	0	0	0	0	0	0	0	0	9.848722
102	0	0	0	0	0	0	0	0	0	0	0	0	0	1	1	0	0	4	0.2032	16	0.0412902	0	0	0	0	0	0	0	0	0	0	0	0	0	1	0	0	0	0	8.99223
102	0	1	1	0	1	0	1	0	0	1	0	0	0	0	0	0	0	0	0.1015999	0	0.0103225	27	0	0	0	0	0	0	0	0	0	0	0	0	0	0	0	0	0	9.208271
102	0	0	0	0	1	0	0	0	0	1	0	0	0	1	1	0	0	9	0.1523999	81	0.0232257	0	0	0	0	0	0	0	0	0	0	0	0	0	1	0	0	0	0	9.689184
102	1	0	0	0	0	0	0	0	0	0	0	0	0	1	1	0	0	3	0.2032	9	0.0412902	0	0	0	0	0	0	0	0	0	0	1	0	0	1	0	0	0	0	8.883064
102	0	1	0	1	0	0	0	0	0	0	0	0	0	0	1	0	0	11	0	121	0	0	0	1.6002	0	0	0	0	0	0	0	1	0	0	0	0	0	0	0	9.208271
102	1	0	0	1	0	0	0	0	0	0	0	0	0	1	1	0	0	5	0	25	0	0	0	1.6002	0	0	0	0	0	0	0	0	0	0	1	0	0	0	0	8.99223
102	0	1	0	0	0	0	1	0	0	0	0	0	0	0	0	0	0	6	0.0761999	36	0.0058064	0	0	0	0	0	0	0	0	0	0	1	0	0	0	0	0	0	0	8.99223
102	0	0	0	0	0	0	0	0	0	0	0	0	0	1	1	0	0	8	0.1142999	64	0.0130645	0	0	0	0	0	0	0	0	0	0	1	0	0	1	0	0	0	0	8.883064
102	0	1	0	0	1	0	0	0	0	1	0	0	0	0	1	0	0	6	0	36	0	0	0	0	0	0	0	0	0	0	0	0	0	0	0	0	0	0	0	9.2512
102	1	0	0	0	1	0	0	0	0	1	0	0	0	1	1	0	0	8	0.1777999	64	0.0316128	0	0	0	0	0	0	0	0	0	0	0	0	0	1	0	0	0	0	9.288423
102	1	1	0	0	0	0	1	0	0	0	0	0	0	0	0	0	0	10	0.1015999	100	0.0103225	0	0	0	0	0	0	0	0	0	0	0	0	0	0	0	0	0	0	8.99223
102	0	1	1	1	1	0	1	0	0	1	0	0	0	0	0	0	0	0	0	0	0	27	0	1.6002	0	0	0	0	0	0	0	0	0	0	0	0	0	0	0	9.571068
102	1	1	0	0	1	0	0	0	0	1	0	0	0	0	1	0	0	7	0.127	49	0.016129	0	0	0	0	0	0	0	0	0	0	0	0	0	0	0	0	0	0	9.2512
102	0	0	0	0	0	0	0	0	0	0	0	0	0	1	1	0	0	6	0.0253999	36	0.0006452	0	0	0	0	0	0	0	0	0	0	0	0	0	1	0	0	0	0	8.99223
102	0	0	0	0	1	0	0	0	0	1	0	0	0	1	1	0	0	4	0.0508	16	0.0025806	0	0	0	0	0	0	0	0	0	0	0	0	0	1	0	0	0	0	9.127307
103	1	0	0	0	0	1	0	0	0	0	0	0	0	1	1	0	0	10	0.1777999	100	0.0316128	0	0	0	0	0	0	0	0	0	0	0	0	0	0	0	1	0	0	9.551724
103	0	0	0	0	1	1	0	0	0	1	0	0	0	1	1	0	0	4	0.0508	16	0.0025806	0	0	0	0	0	0	0	0	0	0	0	0	0	0	0	1	0	0	9.208271
103	0	0	0	0	1	1	0	0	0	1	0	0	0	0	1	0	0	3	0.0253999	9	0.0006452	0	0	0	0	0	0	0	0	0	0	0	0	0	0	0	1	0	0	9.689184
103	1	0	0	0	0	1	0	0	0	0	0	0	0	1	1	0	0	7	0.0634999	49	0.0040322	0	0	0	0	0	0	0	0	0	0	0	0	0	0	0	1	0	0	9.127307
103	1	0	0	0	1	1	0	0	0	1	0	0	0	1	1	0	0	8	0.1015999	64	0.0103225	0	0	0	0	0	0	0	0	0	0	0	0	0	0	0	1	0	0	9.288423
103	1	0	0	0	0	1	0	0	0	0	0	0	0	1	1	0	0	4	0.0634999	16	0.0040322	0	0	0	0	0	0	0	0	0	0	0	0	0	0	0	1	0	0	9.689184
103	1	0	0	0	0	1	0	0	0	0	0	0	0	0	1	0	0	6	0.1777999	36	0.0316128	0	0	0	0	0	0	0	0	0	0	0	0	0	0	0	1	0	0	9.689184
106	0	0	0	0	0	0	0	0	0	0	0	0	0	1	1	0	0	0	0.0762	0	0.0058064	0	35	0	0	0	0	0	0	0	0	1	0	0	1	0	0	0	0	8.99223
106	0	1	1	1	0	0	0	0	0	0	0	1	0	0	1	0	0	0	0	0	0	0	0	1.524	0	0	0	0	0	0	0	1	0	0	0	0	0	0	0	8.99223
106	0	0	0	1	0	0	0	0	0	0	0	0	0	0	1	-2	0	0	0	0	0	0	27	1.524	0	0	0	0	0	0	0	0	1	0	0	0	0	0	0	9.208271
106	0	1	0	1	0	0	0	0	0	0	0	0	0	0	1	0	0	0	0	0	0	0	33	1.524	0	0	0	0	0	0	0	0	0	0	0	0	0	0	0	9.366202
106	0	1	0	0	0	0	0	0	0	0	0	0	0	0	1	0	0	0	0.0762	0	0.0058064	0	28	0	0	0	0	0	0	0	0	1	0	0	0	0	0	0	0	9.044831
106	0	1	0	1	0	0	1	0	0	0	0	0	0	0	0	0	0	0	0	0	0	0	37	1.524	0	0	0	0	0	0	0	0	0	0	0	0	0	0	0	9.2512
106	0	0	0	0	0	0	1	0	0	0	0	0	0	1	0	0	0	0	0.1015999	0	0.0103225	0	34	0	0	0	0	0	0	0	0	0	0	0	1	0	0	0	0	8.915041
106	0	0	0	1	0	0	0	0	0	0	0	0	0	1	1	0	0	0	0	0	0	0	30	1.524	0	0	0	0	0	0	0	1	0	0	1	0	0	0	0	8.99223
106	0	0	0	0	0	0	0	0	0	0	0	0	0	1	1	0	0	0	0.1015999	0	0.0103225	0	31	0	0	0	0	0	0	0	0	1	0	0	1	0	0	0	0	8.771515
106	0	0	0	1	0	0	0	0	0	0	0	0	0	1	1	0	0	0	0	0	0	0	32	1.524	0	0	0	0	0	0	0	0	0	0	1	0	0	0	0	8.99223
109	0	1	0	0	0	0	0	0	0	0	0	0	0	0	1	0	0	8	0.0508	64	0.0025806	0	0	0	0	0	0	1	0	0	0	1	0	0	0	0	0	0	0	8.825611
109	1	0	0	0	0	0	0	0	0	0	0	0	0	1	1	0	0	6	0.127	36	0.016129	0	0	0	0	1	0	0	0	0	0	0	0	0	1	0	0	0	0	9.127307
109	0	1	0	0	0	0	0	0	0	0	0	0	0	0	1	0	0	8	0.0762	64	0.0058064	0	0	0	0	0	0	1	0	0	0	1	0	0	0	0	0	0	0	8.825611
109	0	0	0	0	0	0	0	0	0	0	0	0	0	1	1	0	0	4	0.0254	16	0.0006452	0	0	0	0	1	0	0	0	0	0	1	0	0	1	0	0	0	0	9.2512
109	0	0	0	0	0	0	0	0	0	0	0	0	0	1	1	0	0	4	0.2539999	16	0.064516	0	0	0	0	1	0	0	0	0	0	0	0	0	1	0	0	0	0	9.809099
109	1	0	0	0	0	0	0	0	0	0	0	0	0	1	1	0	0	3	0.127	9	0.016129	0	0	0	0	1	0	0	0	0	0	1	0	0	1	0	0	0	0	8.848053
109	0	0	0	0	0	0	0	0	0	0	0	0	0	1	1	0	0	8	0.1015999	64	0.0103225	0	0	0	0	1	0	0	0	0	0	0	0	0	1	0	0	0	0	8.99223
109	1	1	0	1	0	0	0	0	0	0	0	0	0	0	1	0	0	7	0	49	0	0	0	1.5748	0	0	0	1	0	0	0	1	0	0	0	0	0	0	0	9.348535
109	0	0	0	0	1	0	0	0	0	1	0	0	0	1	1	0	0	9	0.2032	81	0.0412902	0	0	0	0	1	0	0	0	0	0	0	0	0	1	0	0	0	0	9.273385
109	0	1	0	0	0	0	0	0	0	0	0	0	0	0	1	0	0	6	0.1015999	36	0.0103225	0	0	0	0	0	0	1	0	0	0	1	0	0	0	0	0	0	0	9.430214
109	1	0	0	0	0	0	0	0	0	0	0	0	0	1	1	0	0	7	0.127	49	0.016129	0	0	0	0	1	0	0	0	0	0	0	0	0	1	0	0	0	0	9.17262
109	0	0	0	0	0	0	0	0	0	0	0	0	0	1	1	0	0	6	0.127	36	0.016129	0	0	0	0	1	0	0	0	0	0	1	0	0	1	0	0	0	0	8.825611
109	0	1	0	0	0	0	1	0	0	0	0	0	0	0	0	0	0	5	0.2539999	25	0.064516	0	0	0	0	0	0	1	0	0	0	0	0	0	0	0	0	0	0	8.938133
109	0	0	0	0	0	0	0	0	0	0	0	0	0	1	1	0	0	8	0.1777999	64	0.0316128	0	0	0	0	1	0	0	0	0	0	1	0	0	1	0	0	0	0	8.825611
109	1	1	0	1	0	0	0	0	0	0	0	0	0	0	1	0	0	10	0	100	0	0	0	1.5748	0	0	0	1	0	0	0	0	0	0	0	0	0	0	0	8.955287
110	0	0	0	0	0	0	0	0	0	0	0	0	0	0	0	0	1	7	0.1777999	49	0.0316128	0	0	0	0	0	0	0	0	0	0	0	0	0	0	1	0	0	0	8.771515
110	1	0	0	0	0	1	0	0	0	0	0	0	0	1	1	0	0	5	0.2032	25	0.0412902	0	0	0	0	0	0	0	0	0	0	1	0	0	1	0	0	0	0	9.848722
110	1	0	0	0	0	1	0	0	0	0	0	0	0	0	1	-3	0	7	0.127	49	0.016129	0	0	0	0	0	0	0	0	0	0	0	0	0	0	0	0	0	0	9.689184
110	0	0	0	0	0	1	0	0	0	0	0	0	0	1	1	0	0	4	0.1524	16	0.0232258	0	0	0	0	0	0	0	0	0	0	1	0	0	1	0	0	0	0	9.2512
110	0	0	0	0	0	0	0	0	0	0	0	0	0	0	0	-2	0	10	0.0762	100	0.0058064	0	0	0	0	0	0	0	0	0	0	1	1	0	0	0	0	0	0	8.99223
110	1	0	0	0	0	1	0	0	0	0	0	0	0	1	1	0	0	3	0.1015999	9	0.0103225	0	0	0	0	0	0	0	0	0	0	1	0	0	1	0	0	0	0	9.208271
110	0	1	0	0	0	1	0	0	0	0	0	0	0	0	1	0	0	8	0.1015999	64	0.0103225	0	0	0	0	0	0	0	0	0	0	0	0	0	0	0	0	0	0	9.321049
110	0	0	0	0	0	1	0	0	0	0	0	0	0	0	1	-2	0	7	0.127	49	0.016129	0	0	0	0	0	0	0	0	0	0	0	1	0	0	0	0	0	0	8.938133
110	1	0	0	0	0	1	0	0	0	0	0	0	0	1	1	0	0	5	0.2032	25	0.0412902	0	0	0	0	0	0	0	0	0	0	0	0	0	1	0	0	0	0	9.208271
110	0	0	0	0	0	1	0	0	0	0	0	0	0	0	1	-3	0	6	0.127	36	0.016129	0	0	0	0	0	0	0	0	0	0	1	0	0	0	0	0	0	0	8.99223
110	0	0	0	0	0	0	0	0	0	0	0	0	0	1	0	0	0	5	0.1015999	25	0.0103225	0	0	0	0	0	0	0	0	0	0	1	0	0	1	0	0	0	0	8.99223
110	0	0	0	0	0	0	0	0	0	0	0	0	0	0	0	0	1	9	0.2539999	81	0.064516	0	0	0	0	0	0	0	0	0	0	0	0	0	0	1	0	0	0	9.430214
110	0	0	0	0	0	1	0	0	0	0	0	0	0	1	1	0	0	6	0.1396999	36	0.0195161	0	0	0	0	0	0	0	0	0	0	1	0	0	1	0	0	0	0	9.084581
110	0	1	0	0	0	0	0	0	0	0	0	0	0	0	0	0	0	11	0.127	121	0.016129	0	0	0	0	0	0	0	0	0	0	0	0	0	0	0	0	0	0	8.883064
110	1	0	0	0	0	1	0	0	0	0	0	0	0	1	1	0	0	5	0.127	25	0.016129	0	0	0	0	0	0	0	0	0	0	1	0	0	1	0	0	0	0	10.0737
111	0	1	0	0	0	1	0	0	0	0	0	0	0	0	0	0	0	5	0.1778001	25	0.0316129	0	0	0	0	0	0	0	0	0	0	0	0	0	0	0	0	0	0	9.2512
111	1	0	0	0	0	1	0	0	1	0	0	0	0	0	0	0	1	2	0.2032	4	0.0412902	0	0	0	0	0	0	0	0	0	0	1	0	0	0	0	1	0	0	9.571068
111	1	0	0	0	0	0	0	0	0	0	0	0	0	0	1	-2	0	5	0.2286	25	0.052258	0	0	0	0	0	0	0	0	0	0	0	0	1	0	0	0	0	0	9.63063
111	1	0	0	0	0	0	0	0	1	0	0	0	0	0	1	0	0	3	0.127	9	0.016129	0	0	0	0	0	0	0	0	0	0	1	0	0	0	1	0	0	0	9.848722
111	1	0	0	0	0	1	0	0	1	0	0	0	0	0	0	0	0	10	0.1016001	100	0.0103226	0	0	0	0	0	0	0	0	0	0	1	0	0	0	1	0	0	0	8.883064
111	0	0	0	0	0	1	0	0	0	0	0	0	0	0	0	-1	0	2	0.2286	4	0.052258	0	0	0	0	0	0	0	0	0	0	0	0	0	1	0	0	0	0	9.2512
111	0	0	0	0	0	1	0	0	0	0	0	0	0	0	0	0	1	8	0.1524	64	0.0232258	0	0	0	0	0	0	0	0	0	0	0	0	0	0	0	1	0	0	9.002979
113	1	0	0	0	0	0	0	0	0	0	0	0	0	1	0	0	0	6	0.1523999	36	0.0232257	0	0	0	0	0	0	0	0	0	0	1	0	0	1	0	0	0	0	10.0737
113	0	0	0	0	0	1	0	0	0	0	0	0	0	1	0	0	0	5	0.1015999	25	0.0103225	0	0	0	0	0	0	0	0	0	0	1	0	0	1	0	0	0	0	8.99223
113	0	1	0	0	0	1	0	0	0	0	0	0	0	0	0	0	0	5	0.1777999	25	0.0316128	0	0	0	0	0	0	0	0	0	0	1	0	0	0	0	0	0	0	9.25949
113	0	0	0	1	0	1	0	0	0	0	0	0	0	0	0	0	1	5	0	25	0	0	0	1.524	0	0	0	0	0	0	0	1	0	0	0	1	0	0	0	9.2512
113	1	0	0	0	0	0	0	0	0	0	0	0	0	1	0	0	0	2	0.2285999	4	0.0522579	0	0	0	0	0	0	0	0	0	0	1	0	0	1	0	0	0	0	9.235896
113	0	0	0	0	0	0	0	0	0	0	0	0	0	1	0	0	0	6	0.127	36	0.016129	0	0	0	0	0	0	0	0	0	0	0	0	0	1	0	0	0	0	8.99223
113	0	0	0	0	0	0	0	0	0	0	0	0	0	1	0	0	0	5	0.1777999	25	0.0316128	0	0	0	0	0	0	0	0	0	0	1	0	0	1	0	0	0	0	9.084581
113	1	1	0	0	0	0	0	0	0	0	0	0	0	0	0	0	0	5	0.1523999	25	0.0232257	0	0	0	0	0	0	0	0	0	0	1	0	0	0	0	0	0	0	9.2512
113	0	0	0	0	0	0	0	0	0	0	0	0	0	1	0	0	0	9	0.1523999	81	0.0232257	0	0	0	0	0	0	0	0	0	0	1	0	0	1	0	0	0	0	8.99223
113	0	1	0	0	0	0	0	0	0	0	0	0	0	0	0	0	0	3	0.3302	9	0.109032	0	0	0	0	0	0	0	0	0	0	1	0	0	0	0	0	0	0	8.99223
113	0	0	0	1	0	1	0	0	0	0	0	0	0	1	0	0	0	6	0	36	0	0	0	1.524	0	0	0	0	0	0	0	1	0	0	1	0	0	0	0	8.883064
113	0	1	0	0	0	0	1	0	0	0	1	0	0	0	0	0	0	4	0.127	16	0.016129	0	0	0	0	0	0	0	0	0	0	1	0	0	0	0	0	0	0	9.084581
113	1	1	0	0	0	0	0	0	0	0	0	0	0	0	0	0	0	4	0.1396999	16	0.0195161	0	0	0	0	0	0	0	0	0	0	1	0	0	0	0	0	0	0	9.107232
113	0	1	0	0	0	0	1	0	0	0	1	0	0	0	0	0	0	3	0.1523999	9	0.0232257	0	0	0	0	0	0	0	0	0	0	1	0	0	0	0	0	0	0	9.127307
114	0	0	0	0	0	0	0	0	0	0	0	0	0	1	1	0	0	7	0.1270001	49	0.016129	0	0	0	0	0	0	0	1	0	0	1	0	0	1	0	0	0	0	8.883064
114	0	0	0	0	0	1	0	0	0	0	0	0	0	1	0	0	0	8	0.1524	64	0.0232258	0	0	0	0	0	0	0	1	0	0	1	0	0	1	0	0	0	0	8.99223
114	0	1	0	1	0	0	1	0	0	0	0	0	0	0	0	0	0	8	0	64	0	0	0	1.4732	0	0	0	0	0	0	1	1	0	0	0	0	0	0	0	9.2512
114	1	0	0	0	0	0	0	0	0	0	0	0	0	1	1	0	0	10	0.1016001	100	0.0103226	0	0	0	0	0	0	0	1	0	0	1	0	0	1	0	0	0	0	8.99223
114	1	0	0	0	0	0	0	0	0	0	0	0	0	1	1	0	0	10	0.1270001	100	0.016129	0	0	0	0	0	0	0	1	0	0	1	0	0	1	0	0	0	0	8.99223
114	0	0	0	0	0	0	0	0	0	0	0	0	0	1	1	0	0	5	0.1778001	25	0.0316129	0	0	0	0	0	0	0	1	0	0	1	0	0	1	0	0	0	0	8.883064
114	0	1	0	0	0	0	1	0	0	0	0	0	0	0	0	0	0	7	0.2032	49	0.0412902	0	0	0	0	0	0	0	0	0	1	1	0	0	0	0	0	0	0	8.883064
114	0	1	0	0	0	0	0	0	0	0	0	0	0	0	1	0	0	6	0.0762	36	0.0058064	0	0	0	0	0	0	0	0	0	1	0	0	0	0	0	0	0	0	8.883064
114	1	0	0	1	0	1	0	0	0	0	0	0	0	1	0	0	0	5	0	25	0	0	0	1.4732	0	0	0	0	1	0	0	0	0	0	1	0	0	0	0	8.883064
114	1	0	0	0	0	0	1	0	0	0	0	0	0	1	0	0	0	5	0.1524	25	0.0232258	0	0	0	0	0	0	0	1	0	0	1	0	0	1	0	0	0	0	8.99223
114	0	1	0	1	0	0	0	0	0	0	0	0	0	0	1	0	0	6	0	36	0	0	0	1.4732	0	0	0	0	0	0	1	1	0	0	0	0	0	0	0	8.99223
114	1	0	0	0	0	0	0	0	0	0	0	0	0	1	1	0	0	7	0.1270001	49	0.016129	0	0	0	0	0	0	0	1	0	0	1	0	0	1	0	0	0	0	8.883064
114	0	0	0	0	0	0	0	0	0	0	0	0	0	1	1	0	0	10	0.1524	100	0.0232258	0	0	0	0	0	0	0	1	0	0	1	0	0	1	0	0	0	0	8.998067
114	0	1	0	0	0	0	1	0	0	0	0	0	0	0	0	0	0	6	0.1143	36	0.0130645	0	0	0	0	0	0	0	0	0	1	0	0	0	0	0	0	0	0	8.883064
114	0	0	0	0	0	0	0	0	0	0	0	0	0	1	1	0	0	8	0.1524	64	0.0232258	0	0	0	0	0	0	0	1	0	0	1	0	0	1	0	0	0	0	8.99223
115	1	0	0	0	0	0	0	0	1	0	0	0	0	1	1	0	0	8	0.127	64	0.016129	0	0	0	0	0	0	0	0	0	0	1	0	0	1	0	0	0	0	8.771515
115	1	0	0	0	0	0	0	0	1	0	0	0	0	1	1	0	0	8	0.1015999	64	0.0103225	0	0	0	0	0	0	0	0	0	0	1	0	0	1	0	0	0	0	8.938133
115	0	0	0	0	0	0	1	0	0	0	0	0	0	1	0	0	0	11	0.1777999	121	0.0316128	0	0	0	0	0	0	0	0	0	0	0	0	0	1	0	0	0	0	9.689184
115	1	0	0	0	0	1	0	0	0	0	0	0	0	1	0	0	0	9	0.0253999	81	0.0006452	0	0	0	0	0	0	0	0	0	0	0	0	0	1	0	0	0	0	9.2512
115	0	0	0	0	0	1	0	0	0	0	0	0	0	1	0	0	0	14	0.127	196	0.016129	0	0	0	0	0	0	0	0	0	0	0	0	0	1	0	0	0	0	9.2512
115	1	0	0	0	0	1	0	0	1	0	0	0	0	0	0	-3	0	8	0.1777999	64	0.0316128	0	0	0	0	0	0	0	0	0	0	1	0	0	0	0	0	0	0	8.938133
115	0	0	0	0	0	1	0	0	0	0	0	0	0	0	0	0	2	17	0.1015999	289	0.0103225	0	0	0	0	0	0	0	0	0	0	0	0	0	0	0	1	0	0	9.002979
115	1	0	0	0	0	1	0	0	1	0	0	0	0	1	0	0	0	8	0.0761999	64	0.0058064	0	0	0	0	0	0	0	0	0	0	1	0	0	1	0	0	0	0	9.52867
116	0	0	0	0	0	0	0	0	0	0	0	0	0	0	0	-1	0	10	0.1016001	100	0.0103226	0	0	0	0	0	0	0	0	-1	0	0	0	0	0	1	0	0	0	8.848993
116	0	0	0	0	0	1	0	0	0	0	0	0	0	1	1	0	0	4	0.2032	16	0.0412902	0	0	0	0	0	0	0	1	0	0	0	0	0	0	0	1	0	0	8.938133
116	1	0	0	0	0	1	0	0	0	0	0	0	0	1	1	0	0	4	0.2794	16	0.0780644	0	0	0	0	0	0	0	1	0	0	1	0	0	0	0	1	0	0	8.99223
116	0	0	0	0	0	0	0	0	0	0	0	0	0	0	0	-2	0	7	0.1778001	49	0.0316129	0	0	0	0	0	0	0	0	-2	0	0	0	0	1	0	0	0	0	8.825611
116	0	0	1	1	0	1	0	0	0	0	0	0	0	1	1	0	0	0	0	0	0	26	0	1.5494	0	0	0	0	1	0	0	0	0	0	0	0	1	0	0	9.49507
116	1	0	0	0	0	1	0	0	0	0	0	0	0	1	1	0	0	6	0.1016001	36	0.0103226	0	0	0	0	0	0	0	1	0	0	1	0	0	0	0	1	0	0	8.716446
116	0	0	0	0	0	1	0	0	0	0	0	0	0	0	1	-1	0	6	0.127	36	0.016129	0	0	0	0	0	0	0	0	-1	0	1	0	0	0	1	0	0	0	9.002979
116	0	1	0	0	0	1	0	0	0	0	0	0	0	0	1	0	0	9	0.127	81	0.016129	0	0	0	0	0	0	0	0	0	1	0	0	0	0	0	0	0	0	9.208271
117	1	0	0	0	0	0	0	0	0	0	0	0	0	0	1	0	1	5	0.1015999	25	0.0103225	0	0	0	0	0	0	0	0	1	0	0	0	0	0	1	0	0	0	9.127307
117	1	1	0	0	0	0	1	0	0	0	0	0	0	0	0	0	0	2	0.2539999	4	0.064516	0	0	0	0	0	0	0	0	0	1	1	0	0	0	0	0	0	0	9.002979
117	1	0	0	0	1	0	0	0	0	1	0	0	0	0	1	-3	0	8	0.127	64	0.016129	0	0	0	0	0	0	0	0	-3	0	0	0	0	0	0	0	0	0	9.809099
117	1	0	0	0	0	0	0	0	0	0	0	0	0	1	1	0	0	9	0.127	81	0.016129	0	0	0	0	0	0	0	1	0	0	1	0	0	1	0	0	0	0	9.053135
117	1	0	0	0	0	0	0	0	0	0	0	0	0	1	1	0	0	5	0.0508	25	0.0025806	0	0	0	0	0	0	0	1	0	0	1	0	0	1	0	0	0	0	9.2512
118	0	1	0	0	0	0	0	0	0	0	0	0	0	0	1	0	0	5	0.0762	25	0.0058064	0	0	0	0	0	0	0	0	0	0	0	0	0	0	0	0	0	0	10.07391
118	1	1	0	0	1	0	0	0	0	0	0	0	0	0	1	0	0	3	0.1015999	9	0.0103225	0	0	0	0	0	0	0	0	0	0	0	0	0	0	0	0	0	0	9.2512
118	0	1	0	0	1	0	1	0	0	0	0	0	0	0	0	0	0	3	-0.0254	9	0.0006452	0	0	0	0	0	0	0	0	0	0	0	0	0	0	0	0	0	0	9.461903
118	0	1	0	0	0	1	0	0	1	0	0	0	0	0	0	0	0	7	0.1524	49	0.0232258	0	0	0	0	0	0	0	0	0	0	1	0	0	0	0	0	0	0	9.933055
118	1	1	0	0	0	0	1	0	1	0	0	0	0	0	0	0	0	2	0.127	4	0.016129	0	0	0	0	0	0	0	0	0	0	1	0	0	0	0	0	0	0	9.848722
118	0	1	0	0	1	0	1	0	0	0	0	0	0	0	0	0	0	6	0.1777999	36	0.0316128	0	0	0	0	0	0	0	0	0	0	0	0	0	0	0	0	0	0	8.938133
118	0	1	0	0	0	0	1	0	1	0	0	0	0	0	0	0	0	9	0.0762	81	0.0058064	0	0	0	0	0	0	0	0	0	0	1	0	0	0	0	0	0	0	9.126731
118	0	1	0	0	1	0	0	0	0	0	0	0	0	0	1	0	0	3	0.1524	9	0.0232258	0	0	0	0	0	0	0	0	0	0	0	0	0	0	0	0	0	0	10.0737
118	1	1	0	0	0	0	0	0	1	0	0	0	0	0	1	0	0	4	0.1015999	16	0.0103225	0	0	0	0	0	0	0	0	0	0	1	0	0	0	0	0	0	0	9.848722
118	0	1	0	0	0	0	1	0	1	0	0	0	0	0	0	0	0	5	0.1524	25	0.0232258	0	0	0	0	0	0	0	0	0	0	1	0	0	0	0	0	0	0	9.415893
118	0	0	0	0	0	0	1	0	0	0	0	0	0	1	0	0	0	4	0.0508	16	0.0025806	0	0	0	0	0	0	0	0	0	0	0	0	0	1	0	0	0	0	10.0737
118	1	0	0	0	0	0	0	0	0	0	0	0	0	1	1	0	0	5	0.127	25	0.016129	0	0	0	0	0	0	0	0	0	0	0	0	0	1	0	0	0	0	9.848722
118	1	0	0	0	0	1	0	0	1	0	0	0	0	1	0	0	0	3	0.1777999	9	0.0316128	0	0	0	0	0	0	0	0	0	0	1	0	0	1	0	0	0	0	9.848722
118	0	0	0	0	0	0	0	0	1	0	0	0	0	1	1	0	0	5	0.1777999	25	0.0316128	0	0	0	0	0	0	0	0	0	0	1	0	0	1	0	0	0	0	9.949953
120	0	0	1	1	0	0	0	0	1	0	0	0	0	1	1	0	0	0	0	0	0	22	0	1.5494	0	0	0	0	0	0	0	0	0	0	1	0	0	0	0	8.942503
120	0	1	0	1	0	0	1	0	1	0	0	0	0	0	0	0	0	7	0	49	0	0	0	1.5494	0	0	0	0	0	0	0	0	0	0	0	0	0	0	0	9.044831
120	1	0	0	0	0	1	0	0	0	0	0	0	0	1	0	0	0	7	0.1016001	49	0.0103226	0	0	0	0	0	0	0	0	0	0	1	0	0	1	0	0	0	0	9.357899
120	1	1	0	1	1	0	1	0	0	0	0	0	0	0	0	0	0	9	0	81	0	0	0	1.5494	0	0	0	0	0	0	0	0	0	0	0	0	0	0	0	8.99223
120	1	0	0	0	0	0	0	0	0	0	0	0	0	1	1	0	0	8	0.1778001	64	0.0316129	0	0	0	0	0	0	0	0	0	0	1	0	0	1	0	0	0	0	8.99223
120	1	0	0	0	1	0	0	0	0	0	0	0	0	1	1	0	0	8	0.1524	64	0.0232258	0	0	0	0	0	0	0	0	0	0	0	0	0	1	0	0	0	0	9.17262
120	0	0	0	0	0	0	0	0	0	0	0	0	0	1	1	0	0	5	0.0508001	25	0.0025806	0	0	0	0	0	0	0	0	0	0	1	0	0	1	0	0	0	0	9.2512
120	0	0	0	0	1	0	0	0	0	0	0	0	0	1	1	0	0	9	0.127	81	0.016129	0	0	0	0	0	0	0	0	0	0	0	0	0	1	0	0	0	0	9.127307
120	1	1	0	0	0	0	0	0	1	0	0	0	0	0	1	0	0	9	0.1397001	81	0.0195161	0	0	0	0	0	0	0	0	0	0	0	0	0	0	0	0	0	0	9.757976
120	0	0	0	0	0	0	0	0	0	0	0	0	0	1	1	0	0	6	0.1016001	36	0.0103226	0	0	0	0	0	0	0	0	0	0	1	0	0	1	0	0	0	0	8.99223
120	0	0	0	1	0	0	0	0	1	0	0	0	0	1	1	0	0	8	0	64	0	0	0	1.5494	0	0	0	0	0	0	0	0	0	0	1	0	0	0	0	9.044147
120	0	0	0	0	0	0	0	0	0	0	0	0	0	1	1	0	0	5	0.127	25	0.016129	0	0	0	0	0	0	0	0	0	0	1	0	0	1	0	0	0	0	9.689184
120	0	0	0	0	0	0	0	0	1	0	0	0	0	0	1	0	1	13	0.0508001	169	0.0025806	0	0	0	0	0	0	0	0	0	0	0	0	0	0	1	0	0	0	9.044147
120	0	0	0	0	0	0	0	0	1	0	0	0	0	1	1	0	0	8	0.1778001	64	0.0316129	0	0	0	0	0	0	0	0	0	0	0	0	0	1	0	0	0	0	9.34875
120	0	0	0	0	1	1	0	0	0	0	0	0	0	1	0	0	0	10	0.2286	100	0.052258	0	0	0	0	0	0	0	0	0	0	0	0	0	1	0	0	0	0	8.938133
123	1	0	0	0	1	0	1	0	0	0	0	0	0	0	0	-3	0	8	0.2158999	64	0.0466128	0	0	0	0	0	0	0	0	-3	0	0	0	1	0	0	0	0	0	10.01515
123	1	1	0	0	0	0	1	0	0	0	0	0	0	0	0	0	0	5	0.2413	25	0.0582257	0	0	0	0	0	0	0	0	0	1	1	0	0	0	0	0	0	0	9.321049
123	0	1	1	1	1	0	1	0	0	0	0	0	0	0	0	0	0	0	0	0	0	27	0	1.5621	0	0	0	0	0	0	1	0	0	0	0	0	0	0	0	9.208271
123	1	0	0	0	0	0	1	0	0	0	0	0	0	1	0	0	0	4	0.0761999	16	0.0058064	0	0	0	0	0	0	0	1	0	0	1	0	0	0	0	1	0	0	10.01695
123	1	0	0	0	0	0	1	0	0	0	0	0	0	1	0	0	0	5	0.1904999	25	0.0362902	0	0	0	0	0	0	0	1	0	0	1	0	0	0	0	1	0	0	10.0737
123	1	0	0	0	0	0	1	0	1	0	0	0	0	1	0	0	0	8	0.0381	64	0.0014516	0	0	0	0	0	0	0	1	0	0	0	0	0	0	0	1	0	0	9.2512
126	1	0	0	0	0	1	0	0	0	0	0	0	0	1	1	0	0	6	0.1015999	36	0.0103225	0	0	0	0	0	0	0	1	0	0	0	0	0	0	0	1	0	0	9.689184
126	0	0	0	0	0	1	0	0	0	0	0	0	0	0	1	-1	0	7	0.127	49	0.016129	0	0	0	0	0	0	0	0	-1	0	1	0	0	0	1	0	0	0	9.876092
126	0	0	0	0	0	1	0	0	0	0	0	0	0	1	1	0	0	5	-0.0254	25	0.0006452	0	0	0	0	0	0	0	1	0	0	1	0	0	0	0	1	0	0	9.430214
126	1	1	1	1	0	0	1	0	0	0	0	0	0	0	0	0	0	0	0	0	0	28	0	1.6002	0	0	0	0	0	0	1	0	0	0	0	0	0	0	0	9.680216
126	0	0	0	0	0	0	1	0	0	0	0	0	0	1	0	0	0	7	0	49	0	0	0	0	0	0	0	0	1	0	0	0	0	0	0	0	1	0	0	9.2512
126	0	0	0	0	0	1	0	0	0	0	0	0	0	1	1	0	0	10	0.0253999	100	0.0006452	0	0	0	0	0	0	0	1	0	0	0	0	0	0	0	1	0	0	9.689184
126	1	0	0	1	0	1	0	0	0	0	0	0	0	0	1	-2	0	7	0	49	0	0	0	1.6002	0	0	0	0	0	-2	0	0	0	0	1	0	0	0	0	9.430214
126	0	0	0	0	0	0	1	0	0	0	0	0	0	1	0	0	0	5	0.1015999	25	0.0103225	0	0	0	0	0	0	0	1	0	0	0	0	0	0	0	1	0	0	9.809099
126	0	0	0	0	0	1	0	0	0	0	0	0	0	0	1	-1	0	14	0.2032	196	0.0412902	0	0	0	0	0	0	0	0	-1	0	1	0	0	0	1	0	0	0	9.617123
126	0	0	0	0	0	0	0	0	0	0	0	0	0	0	0	-1	0	4	0.0761999	16	0.0058064	0	0	0	0	0	0	0	0	-1	0	0	0	0	0	1	0	0	0	9.371115
126	0	0	0	0	0	1	0	0	0	0	0	0	0	1	1	0	0	7	0.127	49	0.016129	0	0	0	0	0	0	0	1	0	0	0	0	0	0	0	1	0	0	9.689184
126	0	0	0	0	0	1	0	0	0	0	0	0	0	1	1	0	0	5	0.0508	25	0.0025806	0	0	0	0	0	0	0	1	0	0	0	0	0	0	0	1	0	0	8.938133
126	0	1	0	1	0	0	1	0	0	0	0	0	0	0	0	0	0	6	0	36	0	0	0	1.6002	0	0	0	0	0	0	1	1	0	0	0	0	0	0	0	8.99223
129	1	0	0	0	1	1	0	0	0	1	0	0	0	1	0	0	0	6	0.1015999	36	0.0103225	0	0	0	0	1	0	0	0	0	0	0	0	0	0	0	1	0	0	9.288423
129	0	0	0	0	1	0	1	0	0	1	1	0	0	1	0	0	0	8	0.1524	64	0.0232258	0	0	0	0	1	0	0	0	0	0	0	0	0	0	0	1	0	0	8.99223
129	0	1	0	1	1	0	1	0	0	1	1	0	0	0	0	0	0	7	0	49	0	0	0	1.5748	0	0	0	1	0	0	0	0	0	0	0	0	0	0	0	8.99223
129	0	1	0	1	1	0	1	0	0	1	1	0	0	0	0	0	0	4	0	16	0	0	0	1.5748	0	0	0	1	0	0	0	0	0	0	0	0	0	0	0	9.321049
129	0	1	0	0	0	0	1	0	0	0	1	0	0	0	0	0	0	6	0.0762	36	0.0058064	0	0	0	0	0	0	1	0	0	0	0	0	0	0	0	0	0	0	9.2512
129	0	1	0	0	1	0	1	0	0	1	1	0	0	0	0	0	0	35	0.0762	1225	0.0058064	0	0	0	0	0	0	1	0	0	0	0	0	0	0	0	0	0	0	9.208271
129	0	0	0	0	0	1	0	0	0	0	0	0	0	1	0	0	0	5	0.1524	25	0.0232258	0	0	0	0	1	0	0	0	0	0	0	0	0	0	0	1	0	0	8.883064
129	0	1	0	1	1	0	1	0	0	1	1	0	0	0	0	0	0	4	0	16	0	0	0	1.5748	0	0	0	1	0	0	0	0	0	0	0	0	0	0	0	9.208271
129	0	0	0	0	0	1	0	0	0	0	0	0	0	1	0	0	0	12	0.0762	144	0.0058064	0	0	0	0	1	0	0	0	0	0	0	0	0	0	0	1	0	0	9.2512
129	0	0	0	0	0	1	0	0	0	0	0	0	0	1	0	0	0	6	0.1524	36	0.0232258	0	0	0	0	1	0	0	0	0	0	0	0	0	0	0	1	0	0	8.99223
129	0	1	0	0	0	0	1	0	0	0	1	0	0	0	0	0	0	3	0.1524	9	0.0232258	0	0	0	0	0	0	1	0	0	0	1	0	0	0	0	0	0	0	8.99223
129	1	0	0	0	1	1	0	0	0	1	0	0	0	1	0	0	0	10	0.1524	100	0.0232258	0	0	0	0	1	0	0	0	0	0	0	0	0	0	0	1	0	0	9.288423
130	1	1	0	0	1	0	1	0	0	0	0	0	0	0	0	0	0	7	0.0762	49	0.0058064	0	0	0	0	0	0	0	0	0	1	0	0	0	0	0	0	0	0	9.084581
130	1	1	0	0	1	0	1	0	0	0	0	0	0	0	0	0	0	8	0.0762	64	0.0058064	0	0	0	0	0	0	0	0	0	1	0	0	0	0	0	0	0	0	9.451937
130	1	0	0	1	1	0	1	0	0	0	0	0	0	1	0	0	0	10	0	100	0	0	0	1.6256	0	0	0	0	1	0	0	0	0	0	0	0	0	0	0	9.809099
130	0	0	0	0	1	0	0	0	0	0	0	0	0	0	0	0	4	6	0.1524	36	0.0232258	0	0	0	0	0	0	0	0	4	0	0	0	0	0	1	0	0	0	9.024206
130	0	0	0	0	1	0	1	0	0	0	0	0	0	1	0	0	0	4	0.1016001	16	0.0103226	0	0	0	0	0	0	0	1	0	0	0	0	0	0	0	0	0	0	9.451937
130	0	0	1	1	1	0	1	0	0	0	0	0	0	0	0	0	1	0	0	0	0	28	0	1.6256	0	0	0	0	0	1	0	0	1	0	0	0	0	0	0	9.208271
130	1	1	0	0	1	0	1	0	0	0	0	0	0	0	0	0	0	6	0.0762	36	0.0058064	0	0	0	0	0	0	0	0	0	1	0	0	0	0	0	0	0	0	9.809099
130	1	0	0	1	0	0	1	0	1	0	0	0	0	1	0	0	0	4	0	16	0	0	0	1.6256	0	0	0	0	1	0	0	0	0	0	0	0	0	0	0	9.321049
130	0	0	1	1	0	0	0	0	1	0	0	0	0	0	0	0	3	0	0	0	0	28	0	1.6256	0	0	0	0	0	3	0	0	0	0	1	0	0	0	0	9.041653
130	0	1	0	0	0	0	1	0	0	0	0	0	0	0	0	0	0	3	0.0508	9	0.0025806	0	0	0	0	0	0	0	0	0	1	1	0	0	0	0	0	0	0	9.2512
131	0	1	0	0	0	0	0	0	0	0	0	0	0	0	0	0	0	6	0.0762	36	0.0058064	0	0	0	0	0	0	0	0	0	1	1	0	0	0	0	0	0	0	9.2512
131	0	0	0	0	0	0	1	0	0	0	1	0	0	0	0	0	2	3	0.1778001	9	0.0316129	0	0	0	0	0	0	0	0	2	0	0	0	0	0	1	0	0	0	8.99223
131	0	0	0	0	1	1	0	0	0	1	0	0	0	0	0	-2	0	7	0.0762	49	0.0058064	0	0	0	0	0	0	0	0	-2	0	0	0	0	0	0	0	0	0	8.99223
131	0	0	0	0	0	1	0	0	0	0	0	0	0	0	0	0	1	6	0.1016001	36	0.0103226	0	0	0	0	0	0	0	0	1	0	1	0	0	1	0	0	0	0	9.24231
131	0	0	0	1	1	0	1	0	0	1	1	0	0	0	0	-2	0	4	0	16	0	0	0	1.5494	0	0	0	0	0	-2	0	0	0	0	0	0	0	0	0	8.883064
131	0	1	0	0	1	0	1	0	0	1	1	0	0	0	0	0	0	12	0.0762	144	0.0058064	0	0	0	0	0	0	0	0	0	1	0	0	0	0	0	0	0	0	9.494866
131	1	0	0	0	1	0	1	0	0	1	1	0	0	1	0	0	0	9	0.127	81	0.016129	0	0	0	0	0	0	0	1	0	0	0	0	1	0	0	0	0	0	8.99223
131	1	0	0	0	1	0	1	0	0	1	1	0	0	1	0	0	0	5	0.0889	25	0.0079032	0	0	0	0	0	0	0	1	0	0	0	0	1	0	0	0	0	0	9.43159
131	1	0	0	0	1	1	0	0	0	1	0	0	0	0	0	0	1	6	0.127	36	0.016129	0	0	0	0	0	0	0	0	1	0	0	0	0	1	0	0	0	0	8.99223
131	1	0	0	0	1	1	0	0	0	1	0	0	0	0	0	0	3	8	0.1778001	64	0.0316129	0	0	0	0	0	0	0	0	3	0	0	0	0	0	0	1	0	0	9.410871
131	0	0	0	0	1	0	0	0	0	1	0	0	0	0	0	0	2	6	0.1524	36	0.0232258	0	0	0	0	0	0	0	0	2	0	0	0	0	0	1	0	0	0	9.34875
131	1	0	0	0	0	0	1	0	0	0	1	0	0	0	0	0	1	6	0.1778001	36	0.0316129	0	0	0	0	0	0	0	0	1	0	1	0	0	1	0	0	0	0	9.286845
132	0	1	0	0	0	0	1	0	0	0	0	0	0	0	0	0	0	2	0.1143	4	0.0130645	0	0	0	0	0	0	0	0	0	0	1	0	0	0	0	0	0	0	9.869575
132	0	1	0	1	0	0	1	0	0	0	0	0	0	0	0	0	0	7	0	49	0	0	0	1.5875	0	0	0	0	0	0	0	1	0	0	0	0	0	0	0	9.550129
132	1	1	0	0	0	0	0	0	0	0	0	0	0	0	1	0	0	5	0.0635	25	0.0040323	0	0	0	0	0	0	0	0	0	0	0	0	0	0	0	0	0	0	9.690983
132	1	0	0	0	0	0	1	0	0	0	0	0	0	0	0	-1	0	0	0.0635	0	0.0040323	0	0	0	0	0	0	0	0	0	0	1	0	1	0	0	0	0	0	9.461903
132	0	0	0	0	0	0	0	0	0	0	0	0	0	0	1	0	4	6	0.0889	36	0.0079032	0	0	0	0	0	0	0	0	0	0	0	0	0	0	0	0	0	1	9.430214
132	0	0	1	0	0	0	0	0	0	0	0	0	0	1	1	0	0	0	0.1397001	0	0.0195161	29	0	0	0	0	0	0	0	0	0	1	0	0	1	0	0	0	0	9.235896
132	0	0	0	0	0	1	0	0	0	0	0	0	0	0	0	0	2	9	0.0889	81	0.0079032	0	0	0	0	0	0	0	0	0	0	0	0	0	0	0	1	0	0	9.43159
132	0	0	0	0	1	1	0	0	0	1	0	0	0	0	0	0	1	0	0.1397001	0	0.0195161	0	0	0	0	0	0	0	0	0	0	0	0	0	0	1	0	0	0	9.357899
132	1	0	0	0	0	1	0	0	0	0	0	0	0	0	0	0	2	3	0.0635	9	0.0040323	0	0	0	0	0	0	0	0	0	0	0	0	0	0	0	1	0	0	9.581818
132	1	1	0	0	0	0	0	0	0	0	0	0	0	0	1	0	0	4	0.1651	16	0.027258	0	0	0	0	0	0	0	0	0	0	1	0	0	0	0	0	0	0	10.07391
132	0	0	0	0	0	0	0	0	0	0	0	0	0	0	1	0	1	11	0.1143	121	0.0130645	0	0	0	0	0	0	0	0	0	0	1	0	0	0	1	0	0	0	9.076596
132	0	0	0	0	0	0	0	0	0	0	0	0	0	0	1	0	1	4	0.1778001	16	0.0316129	0	0	0	0	0	0	0	0	0	0	1	0	0	0	1	0	0	0	10.07391
132	0	0	0	0	0	1	0	0	0	0	0	0	0	1	0	0	0	6	0.0889	36	0.0079032	0	0	0	0	0	0	0	0	0	0	1	0	0	1	0	0	0	0	9.2512
132	0	1	0	0	0	0	1	0	0	0	0	0	0	0	0	0	0	11	-0.0127	121	0.0001613	0	0	0	0	0	0	0	0	0	0	1	0	0	0	0	0	0	0	9.022499
132	1	1	0	0	0	0	0	0	0	0	0	0	0	0	1	0	0	7	0.3175	49	0.1008062	0	0	0	0	0	0	0	0	0	0	0	0	0	0	0	0	0	0	9.328186
133	0	0	0	0	0	0	0	0	1	0	0	0	0	0	0	-2	0	8	0	64	0	0	0	0	0	0	0	0	0	-2	0	1	0	0	1	0	0	0	0	8.99223
133	1	0	0	0	0	1	0	0	0	0	0	0	0	0	1	-2	0	5	0.1270001	25	0.016129	0	0	0	0	0	0	0	0	-2	0	0	0	0	1	0	0	0	0	9.571068
133	0	1	0	0	0	0	1	0	1	0	0	0	0	0	0	0	0	4	-0.0508	16	0.0025806	0	0	0	0	0	0	0	0	0	1	1	0	0	0	0	0	0	0	8.99223
133	0	1	0	0	0	0	1	0	1	0	0	0	0	0	0	0	0	5	0.0762	25	0.0058064	0	0	0	0	0	0	0	0	0	1	1	0	0	0	0	0	0	0	10.07391
133	0	0	0	1	0	0	0	0	1	0	0	0	0	0	0	0	2	6	0	36	0	0	0	1.6764	0	0	0	0	0	2	0	1	0	0	0	0	0	0	1	9.127307
133	0	0	0	0	0	0	0	0	1	0	0	0	0	0	0	-5	0	5	-0.1015999	25	0.0103225	0	0	0	0	0	0	0	0	-5	0	1	0	0	0	0	0	0	0	9.43159
133	0	0	0	0	0	0	0	0	1	0	0	0	0	0	0	0	0	2	0.0254	4	0.0006452	0	0	0	0	0	0	0	0	0	0	1	0	0	0	0	1	0	0	9.2512
133	1	0	0	0	0	0	0	0	1	0	0	0	0	0	0	0	0	7	0.1270001	49	0.016129	0	0	0	0	0	0	0	0	0	0	1	0	0	0	0	1	0	0	10.07391
133	1	0	0	0	0	1	0	0	1	0	0	0	0	1	1	0	0	3	0.0508001	9	0.0025806	0	0	0	0	0	0	0	1	0	0	1	0	0	0	0	1	0	0	9.93285
133	1	1	0	0	0	1	0	0	1	0	0	0	0	0	1	0	0	4	0.0254	16	0.0006452	0	0	0	0	0	0	0	0	0	1	1	0	0	0	0	0	0	0	10.01515
133	0	0	0	0	0	1	0	0	0	0	0	0	0	0	1	-2	0	5	0.0381	25	0.0014516	0	0	0	0	0	0	0	0	-2	0	0	0	0	1	0	0	0	0	9.2512
133	1	0	0	0	0	1	0	0	1	0	0	0	0	1	1	0	0	5	0.0508001	25	0.0025806	0	0	0	0	0	0	0	1	0	0	1	0	0	0	0	1	0	0	9.93285
133	0	0	0	0	0	0	1	0	0	0	0	0	0	0	0	0	2	4	0	16	0	0	0	0	0	0	0	0	0	2	0	0	0	0	0	0	0	0	1	9.848722
133	0	1	0	0	0	0	1	0	1	0	0	0	0	0	0	0	0	7	0.0508001	49	0.0025806	0	0	0	0	0	0	0	0	0	1	1	0	0	0	0	0	0	0	8.99223
133	0	0	0	0	0	1	0	0	1	0	0	0	0	1	1	0	0	10	0.1016001	100	0.0103226	0	0	0	0	0	0	0	1	0	0	1	0	0	0	0	1	0	0	9.689184
134	0	0	0	0	0	0	0	0	0	0	0	0	0	0	0	-1	0	3	-0.0494	9	0.0024404	0	0	0	0	0	0	0	0	-1	0	0	0	0	0	1	0	0	0	9.830038
134	1	0	0	0	0	0	0	0	0	0	0	0	0	1	0	0	0	6	0.1397001	36	0.0195161	0	0	0	0	0	0	0	1	0	0	0	0	0	0	0	1	0	0	9.848722
134	1	1	0	0	0	1	0	0	0	0	0	0	0	0	1	0	0	2	0.2032	4	0.0412902	0	0	0	0	0	0	0	0	0	1	1	0	0	0	0	0	0	0	9.830038
134	0	0	0	0	0	0	1	0	0	0	0	0	0	0	0	-1	0	3	0.1016001	9	0.0103226	0	0	0	0	0	0	0	0	-1	0	0	0	0	0	1	0	0	0	10.0737
134	0	1	0	0	0	1	0	0	0	0	0	0	0	0	1	0	0	1	0.0381	1	0.0014516	0	0	0	0	0	0	0	0	0	1	0	0	0	0	0	0	0	0	9.848722
134	0	0	0	0	0	0	0	0	0	0	0	0	0	0	0	-2	0	2	0.0508001	4	0.0025806	0	0	0	0	0	0	0	0	-2	0	0	0	0	1	0	0	0	0	9.848722
134	0	1	0	0	0	0	1	0	0	0	0	0	0	0	0	0	0	4	0.127	16	0.016129	0	0	0	0	0	0	0	0	0	1	1	0	0	0	0	0	0	0	9.989575
134	1	0	0	0	0	1	0	0	0	0	0	0	0	1	1	0	0	4	0.1524	16	0.0232258	0	0	0	0	0	0	0	1	0	0	1	0	0	0	0	1	0	0	9.830038
134	1	1	0	0	0	1	0	0	0	0	0	0	0	0	1	0	0	1	0.1778001	1	0.0316129	0	0	0	0	0	0	0	0	0	1	0	0	0	0	0	0	0	0	9.93285
134	1	1	0	0	0	0	1	0	0	0	0	0	0	0	0	0	0	1	0.0762	1	0.0058064	0	0	0	0	0	0	0	0	0	1	0	0	0	0	0	0	0	0	9.989575
134	0	0	0	0	0	0	1	0	0	0	0	0	0	0	0	0	2	7	0.0508001	49	0.0025806	0	0	0	0	0	0	0	0	2	0	1	0	0	0	0	0	0	1	10.0737
135	0	0	0	0	0	0	0	0	0	0	0	0	0	0	1	0	3	2	0.1524	4	0.0232258	0	0	0	0	0	0	0	0	3	0	1	0	0	1	0	0	0	0	8.883064
135	1	0	0	0	0	0	0	0	0	0	0	0	0	1	1	0	0	7	0.1524	49	0.0232258	0	0	0	0	0	0	0	1	0	0	1	0	0	0	0	0	0	0	9.848722
135	1	1	0	0	0	1	0	0	1	0	0	0	0	0	0	0	0	2	0.1524	4	0.0232258	0	0	0	0	0	0	0	0	0	1	0	0	0	0	0	0	0	0	9.848722
135	0	0	0	0	0	0	0	0	1	0	0	0	0	1	1	0	0	6	0.1778001	36	0.0316129	0	0	0	0	0	0	0	1	0	0	0	0	0	0	0	0	0	0	9.244829
135	1	0	0	0	0	0	0	0	0	0	0	0	0	0	1	0	3	5	0.0762	25	0.0058064	0	0	0	0	0	0	0	0	3	0	1	0	0	1	0	0	0	0	9.927346
135	0	0	0	0	0	0	0	0	0	0	0	0	0	1	1	0	0	4	0.1524	16	0.0232258	0	0	0	0	0	0	0	1	0	0	1	0	0	0	0	0	0	0	8.99223
135	0	0	0	0	0	0	0	0	0	0	0	0	0	1	1	0	0	4	0.127	16	0.016129	0	0	0	0	0	0	0	1	0	0	1	0	0	0	0	0	0	0	8.716446
135	1	0	0	0	0	0	0	0	0	0	0	0	0	1	1	0	0	2	0.1905	4	0.0362903	0	0	0	0	0	0	0	1	0	0	1	0	0	0	0	0	0	0	9.814734
135	1	1	1	1	0	0	0	0	0	0	0	0	0	0	1	0	0	0	0	0	0	25	0	1.5494	0	0	0	0	0	0	1	0	0	0	0	0	0	0	0	9.208271
135	0	0	0	0	0	1	0	0	1	0	0	0	0	1	0	0	0	8	0.0762	64	0.0058064	0	0	0	0	0	0	0	1	0	0	0	0	0	0	0	0	0	0	9.17262
135	0	0	0	0	0	0	0	0	0	0	0	0	0	1	1	0	0	7	0.1524	49	0.0232258	0	0	0	0	0	0	0	1	0	0	1	0	0	0	0	0	0	0	8.883064
135	0	0	0	0	0	1	0	0	0	0	0	0	0	0	0	0	3	3	0.1397001	9	0.0195161	0	0	0	0	0	0	0	0	3	0	1	0	0	1	0	0	0	0	9.2512
135	0	0	0	0	0	1	0	0	1	0	0	0	0	0	0	0	3	6	0.1016001	36	0.0103226	0	0	0	0	0	0	0	0	3	0	0	0	0	1	0	0	0	0	8.938133
135	0	0	0	0	0	0	0	0	0	0	0	0	0	1	1	0	0	5	0.1524	25	0.0232258	0	0	0	0	0	0	0	1	0	0	1	0	0	0	0	0	0	0	9.2512
136	0	0	0	1	0	1	0	0	0	0	0	0	0	0	0	-4	0	11	0	121	0	0	0	1.5494	0	0	0	0	0	0	0	1	0	0	0	0	0	0	0	8.883064
136	1	0	0	1	0	0	0	0	0	0	0	0	0	1	1	0	0	4	0	16	0	0	0	1.5494	0	0	0	0	0	0	0	1	0	0	0	1	0	0	0	9.2512
136	0	0	0	0	0	0	0	0	0	0	0	0	0	0	1	-1	0	10	0.1524	100	0.0232258	0	0	0	0	0	0	0	0	0	0	1	0	0	1	0	0	0	0	8.883064
136	0	0	0	0	0	0	0	0	0	0	0	0	0	0	1	0	0	10	0.1524	100	0.0232258	0	0	0	0	0	0	0	0	0	0	1	0	0	0	1	0	0	0	9.2512
136	1	0	0	0	0	0	0	0	0	0	0	0	0	1	1	0	0	11	0.127	121	0.016129	0	0	0	0	0	0	0	0	0	0	0	0	0	0	1	0	0	0	8.938133
136	1	0	0	0	0	0	0	0	0	0	0	0	0	1	1	0	0	7	0.1524	49	0.0232258	0	0	0	0	0	0	0	0	0	0	1	0	0	0	1	0	0	0	9.063455
136	0	0	0	0	0	0	0	0	0	0	0	0	0	1	1	0	0	7	0.1778001	49	0.0316129	0	0	0	0	0	0	0	0	0	0	1	0	0	0	1	0	0	0	9.084581
136	0	0	0	0	0	0	0	0	0	0	0	0	0	0	1	0	0	9	0.127	81	0.016129	0	0	0	0	0	0	0	0	0	0	1	0	0	0	1	0	0	0	9.044147
136	1	0	0	1	0	0	0	0	0	0	0	0	0	1	1	0	0	5	0	25	0	0	0	1.5494	0	0	0	0	0	0	0	0	0	0	0	1	0	0	0	9.610604
136	1	0	0	0	0	0	0	0	0	0	0	0	0	1	1	0	0	5	0.1778001	25	0.0316129	0	0	0	0	0	0	0	0	0	0	1	0	0	0	1	0	0	0	8.883064
136	0	0	0	0	0	1	0	0	0	0	0	0	0	0	0	-1	0	9	0.127	81	0.016129	0	0	0	0	0	0	0	0	0	0	0	0	0	1	0	0	0	0	8.771515
136	0	0	0	0	0	0	0	0	0	0	0	0	0	1	1	0	0	6	0.1016001	36	0.0103226	0	0	0	0	0	0	0	0	0	0	0	0	0	0	1	0	0	0	9.069401
136	0	0	0	0	0	1	0	0	0	0	0	0	0	0	0	-1	0	12	0.1397001	144	0.0195161	0	0	0	0	0	0	0	0	0	0	0	0	0	1	0	0	0	0	9.2512
136	0	0	0	0	0	0	0	0	0	0	0	0	0	1	1	0	0	8	0.127	64	0.016129	0	0	0	0	0	0	0	0	0	0	0	0	0	0	1	0	0	0	9.2512
136	0	0	0	0	0	0	0	0	0	0	0	0	0	1	1	0	0	6	0.1524	36	0.0232258	0	0	0	0	0	0	0	0	0	0	1	0	0	0	1	0	0	0	9.063455
137	0	0	0	0	0	1	0	0	0	0	0	0	0	1	0	0	0	9	0.1777999	81	0.0316128	0	0	0	0	0	0	0	0	0	0	1	0	0	0	0	0	0	0	8.985859
137	0	0	0	0	0	1	0	0	0	0	0	0	0	0	0	0	3	5	-0.0254	25	0.0006452	0	0	0	0	0	0	0	0	0	0	1	0	0	1	0	0	0	0	8.938133
137	0	0	0	0	0	0	0	0	0	0	0	0	0	1	0	0	0	7	0.0508	49	0.0025806	0	0	0	0	0	0	0	0	0	0	0	0	0	0	0	0	0	0	9.571068
137	0	0	0	0	0	0	0	0	0	0	0	0	0	1	0	0	0	6	0.1523999	36	0.0232257	0	0	0	0	0	0	0	0	0	0	1	0	0	0	0	0	0	0	9.43159
137	0	0	0	0	0	0	0	0	0	0	0	0	0	0	0	0	3	10	0.0508	100	0.0025806	0	0	0	0	0	0	0	0	0	0	1	0	0	1	0	0	0	0	9.002979
137	1	0	0	0	0	0	0	0	0	0	0	0	0	1	0	0	0	10	0.0761999	100	0.0058064	0	0	0	0	0	0	0	0	0	0	1	0	0	0	0	0	0	0	9.730606
137	1	0	0	0	0	0	0	0	0	0	0	0	0	1	0	0	0	8	0.1015999	64	0.0103225	0	0	0	0	0	0	0	0	0	0	0	0	0	0	0	0	0	0	9.809099
137	0	0	0	0	0	0	0	0	0	0	0	0	0	0	0	0	3	7	0.127	49	0.016129	0	0	0	0	0	0	0	0	0	0	1	0	0	1	0	0	0	0	9.2512
137	0	0	0	0	0	0	1	0	0	0	1	0	0	1	0	0	0	9	0.127	81	0.016129	0	0	0	0	0	0	0	0	0	0	1	0	0	0	0	0	0	0	9.303116
137	1	0	0	1	0	0	0	0	0	0	0	0	0	0	0	0	3	3	0	9	0	0	0	1.6002	0	0	0	0	0	0	0	1	0	0	1	0	0	0	0	9.107232
137	1	0	0	0	0	0	0	0	0	0	0	0	0	1	0	0	0	7	0.0508	49	0.0025806	0	0	0	0	0	0	0	0	0	0	1	0	0	0	0	0	0	0	9.680216
137	0	0	0	0	0	1	0	0	0	0	0	0	0	1	0	0	0	8	0.1777999	64	0.0316128	0	0	0	0	0	0	0	0	0	0	0	0	0	0	0	0	0	0	9.285442
137	0	0	0	0	0	1	0	0	0	0	0	0	0	1	0	0	0	8	0.1523999	64	0.0232257	0	0	0	0	0	0	0	0	0	0	1	0	0	0	0	0	0	0	8.883064
137	0	0	0	0	0	0	1	0	0	0	1	0	0	1	0	0	0	8	0.1015999	64	0.0103225	0	0	0	0	0	0	0	0	0	0	1	0	0	0	0	0	0	0	9.689184
137	1	0	0	0	0	0	0	0	0	0	0	0	0	1	0	0	0	6	0.2032	36	0.0412902	0	0	0	0	0	0	0	0	0	0	1	0	0	0	0	0	0	0	9.689184
138	0	0	0	0	0	1	0	0	0	0	0	0	0	0	1	0	2	8	0.1142999	64	0.0130645	0	0	0	0	0	0	0	0	0	0	1	0	0	0	0	1	0	0	8.99223
138	0	0	0	0	0	1	0	0	0	0	0	0	0	1	1	0	0	7	0.0762	49	0.0058064	0	0	0	0	0	0	0	0	0	0	0	0	0	1	0	0	0	0	9.939185
138	1	0	0	0	0	1	0	0	0	0	0	0	0	1	1	0	0	8	0.1523999	64	0.0232257	0	0	0	0	0	0	0	0	0	0	0	0	0	1	0	0	0	0	9.440964
138	1	0	0	0	0	1	0	0	0	0	0	0	0	1	1	0	0	8	0.2539999	64	0.064516	0	0	0	0	0	0	0	0	0	0	0	0	0	1	0	0	0	0	9.089564
138	0	0	0	0	0	1	0	0	0	0	0	0	0	1	1	0	0	4	0.2032	16	0.0412902	0	0	0	0	0	0	0	0	0	0	0	0	0	1	0	0	0	0	8.99223
138	0	0	0	0	0	1	0	0	0	0	0	0	0	1	1	0	0	5	0.1523999	25	0.0232257	0	0	0	0	0	0	0	0	0	0	0	0	0	1	0	0	0	0	9.440964
138	0	0	0	0	0	1	0	0	0	0	0	0	0	0	1	0	1	7	0.2794	49	0.0780644	0	0	0	0	0	0	0	0	0	0	0	0	0	0	1	0	0	0	9.680216
138	0	1	0	0	0	0	1	0	0	0	0	0	0	0	0	0	0	5	0.1523999	25	0.0232257	0	0	0	0	0	0	0	0	0	0	0	0	0	0	0	0	0	0	9.440964
138	1	0	0	0	0	1	0	0	0	0	0	0	0	1	1	0	0	8	0.1015999	64	0.0103225	0	0	0	0	0	0	0	0	0	0	1	0	0	1	0	0	0	0	8.825611
138	0	0	0	0	1	0	1	0	0	1	0	0	0	1	0	0	0	5	0.127	25	0.016129	0	0	0	0	0	0	0	0	0	0	0	0	0	1	0	0	0	0	9.440964
138	0	1	0	0	0	0	1	0	0	0	0	0	0	0	0	0	0	4	0.2032	16	0.0412902	0	0	0	0	0	0	0	0	0	0	0	0	0	0	0	0	0	0	9.571068
138	1	0	0	0	0	1	0	0	0	0	0	0	0	1	1	0	0	2	0.1396999	4	0.0195161	0	0	0	0	0	0	0	0	0	0	1	0	0	1	0	0	0	0	9.830038
138	0	1	0	1	0	0	1	0	0	0	0	0	0	0	0	0	0	7	0	49	0	0	0	1.524	0	0	0	0	0	0	0	1	0	0	0	0	0	0	0	9.848722
138	1	0	1	0	0	1	0	0	0	0	0	0	0	1	1	0	0	0	0.1651	0	0.027258	27	0	0	0	0	0	0	0	0	0	0	0	0	1	0	0	0	0	9.494866
138	0	0	0	0	1	1	0	0	0	1	0	0	0	1	1	0	0	5	0.127	25	0.016129	0	0	0	0	0	0	0	0	0	0	0	0	0	1	0	0	0	0	9.395179
139	0	0	0	0	0	1	0	0	0	0	0	0	0	0	1	0	3	18	-0.0762	324	0.0058064	0	0	0	0	0	0	0	0	0	0	1	0	0	0	1	0	0	0	9.2512
139	1	0	0	1	0	1	0	0	0	0	0	0	0	1	1	0	0	11	0	121	0	0	0	1.651	0	0	0	0	0	0	0	0	1	0	0	0	0	0	0	9.208271
139	0	1	0	1	0	0	1	0	0	0	0	0	0	0	0	0	0	5	0	25	0	0	0	1.651	0	0	0	0	0	0	0	1	0	0	0	0	0	0	0	9.208271
139	0	0	0	0	0	0	0	0	0	0	0	0	0	0	0	0	2	7	0.0189999	49	0.000361	0	0	0	0	0	0	0	0	0	0	0	0	0	1	0	0	0	0	9.101377
139	0	0	0	0	0	0	1	0	0	0	0	0	0	0	0	-1	0	7	0	49	0	0	0	0	0	0	0	0	0	0	0	1	0	0	0	0	0	0	0	9.208271
139	0	0	0	0	1	1	0	0	0	1	0	0	0	1	1	0	0	-7	-0.0508	49	0.0025806	0	0	0	0	0	0	0	0	0	0	0	1	0	0	0	0	0	0	9.208271
139	0	1	0	0	0	0	1	0	0	0	0	0	0	0	0	0	0	32	0.0253999	1024	0.0006452	0	0	0	0	0	0	0	0	0	0	0	0	0	0	0	0	0	0	9.208271
139	0	0	0	0	0	0	0	0	0	0	0	0	0	0	0	0	6	8	0.0762	64	0.0058064	0	0	0	0	0	0	0	0	0	0	0	0	0	0	0	0	0	1	8.771515
139	0	0	0	0	0	0	0	0	0	0	0	0	0	0	0	0	2	8	0.0127	64	0.0001613	0	0	0	0	0	0	0	0	0	0	1	0	0	1	0	0	0	0	9.682814
139	0	0	0	0	0	1	0	0	0	0	0	0	0	0	1	0	3	4	0	16	0	0	0	0	0	0	0	0	0	0	0	1	0	0	0	1	0	0	0	9.371179
139	0	0	0	1	1	0	1	0	0	1	0	0	0	0	0	-1	0	8	0	64	0	0	0	1.651	0	0	0	0	0	0	0	0	0	0	0	0	0	0	0	9.588308
142	1	0	0	0	0	0	1	0	0	0	0	0	0	1	0	0	0	5	0.127	25	0.016129	0	0	0	0	0	0	0	1	0	0	1	1	0	0	0	0	0	0	9.395179
142	0	1	0	0	0	0	1	0	0	0	0	0	0	0	0	0	0	7	0.0762	49	0.0058064	0	0	0	0	0	0	0	0	0	1	1	0	0	0	0	0	0	0	9.403425
142	1	1	0	0	0	0	1	0	0	0	0	0	0	0	0	0	0	4	0.1015999	16	0.0103225	0	0	0	0	0	0	0	0	0	1	1	0	0	0	0	0	0	0	9.494866
142	0	0	0	0	0	0	0	0	0	0	0	0	0	0	1	0	2	6	0.0762	36	0.0058064	0	0	0	0	0	0	0	0	2	0	1	0	0	1	0	0	0	0	9.179223
142	1	0	0	0	0	0	0	0	0	0	0	0	0	0	1	0	2	6	0.1777999	36	0.0316128	0	0	0	0	0	0	0	0	2	0	0	0	0	1	0	0	0	0	9.2512
142	0	1	0	1	0	0	1	0	0	0	0	0	0	0	0	0	0	5	0	25	0	0	0	1.5748	0	0	0	0	0	0	1	0	0	0	0	0	0	0	0	8.938133
142	0	0	0	0	0	0	1	0	0	0	0	0	0	0	0	0	1	6	0.0508	36	0.0025806	0	0	0	0	0	0	0	0	1	0	1	0	1	0	0	0	0	0	9.43159
142	0	0	0	0	0	0	0	0	0	0	0	0	0	0	1	0	3	5	0.1777999	25	0.0316128	0	0	0	0	0	0	0	0	3	0	1	0	0	0	1	0	0	0	9.024206
142	0	0	0	0	0	0	0	0	0	0	0	0	0	0	1	0	3	5	0.127	25	0.016129	0	0	0	0	0	0	0	0	3	0	0	0	0	0	1	0	0	0	9.93285
142	0	1	0	0	0	0	0	0	0	0	0	0	0	0	1	0	0	5	0.2032	25	0.0412902	0	0	0	0	0	0	0	0	0	1	0	0	0	0	0	0	0	0	9.224616
142	1	1	0	0	0	0	0	0	0	0	0	0	0	0	1	0	0	5	0.2032	25	0.0412902	0	0	0	0	0	0	0	0	0	1	1	0	0	0	0	0	0	0	8.825611
142	0	1	0	0	0	0	1	0	0	0	0	0	0	0	0	0	0	7	0.0508	49	0.0025806	0	0	0	0	0	0	0	0	0	1	1	0	0	0	0	0	0	0	9.809099
143	0	0	0	0	0	0	0	0	0	0	0	0	0	1	1	0	0	6	0.2539999	36	0.064516	0	0	0	0	1	0	0	0	0	0	0	0	0	0	0	0	0	0	9.303116
143	0	1	0	0	0	0	1	0	0	0	0	0	0	0	0	0	0	10	0.0634999	100	0.0040322	0	0	0	0	0	0	1	0	0	0	0	0	0	0	0	0	0	0	9.101377
143	0	0	0	0	0	0	1	0	0	0	0	0	0	1	0	0	0	7	0.0762	49	0.0058064	0	0	0	0	1	0	0	0	0	0	0	0	0	0	0	0	0	0	9.2512
143	0	1	0	1	0	0	1	0	0	0	0	0	0	0	0	0	0	10	0	100	0	0	0	1.5748	0	0	0	1	0	0	0	0	0	0	0	0	0	0	0	8.99223
143	0	0	0	0	0	0	0	0	0	0	0	0	0	1	1	0	0	7	0.2286	49	0.052258	0	0	0	0	1	0	0	0	0	0	1	0	0	0	0	0	0	0	9.044147
143	1	1	0	0	0	0	0	0	0	0	0	0	0	0	1	0	0	4	0.1015999	16	0.0103225	0	0	0	0	0	0	1	0	0	0	1	0	0	0	0	0	0	0	9.814734
143	1	1	0	0	0	0	0	0	0	0	0	0	0	0	1	0	0	5	0.2032	25	0.0412902	0	0	0	0	0	0	1	0	0	0	0	0	0	0	0	0	0	0	9.494866
143	1	1	0	0	0	0	0	0	0	0	0	0	0	0	1	0	0	5	0.1524	25	0.0232258	0	0	0	0	0	0	1	0	0	0	0	0	0	0	0	0	0	0	9.2512
143	0	1	0	0	1	0	1	0	0	1	0	0	0	0	0	0	0	7	0.0508	49	0.0025806	0	0	0	0	0	0	1	0	0	0	0	0	0	0	0	0	0	0	9.680216
144	1	0	0	0	0	0	1	0	0	0	0	0	0	0	0	-2	0	5	0.0762	25	0.0058064	0	0	0	0	0	0	0	0	-2	0	0	0	0	1	0	0	0	0	9.367809
144	1	1	0	0	0	0	1	0	0	0	0	0	0	0	0	0	0	4	0.0254	16	0.0006452	0	0	0	0	0	0	0	0	0	1	1	0	0	0	0	0	0	0	8.99223
144	1	0	0	0	0	1	0	0	0	0	0	0	0	0	1	-2	0	11	0.2794	121	0.0780644	0	0	0	0	0	0	0	0	-2	0	1	0	0	1	0	0	0	0	9.451937
144	0	0	0	0	1	0	1	0	0	1	0	0	0	0	0	-5	0	4	0.2032	16	0.0412902	0	0	0	0	0	0	0	0	-5	0	0	0	0	0	0	0	0	0	8.716446
144	0	0	0	0	0	1	0	0	0	0	0	0	0	0	1	-1	0	11	0.1778001	121	0.0316129	0	0	0	0	0	0	0	0	-1	0	0	0	0	0	1	0	0	0	9.2512
144	1	1	0	0	0	1	0	0	0	0	0	0	0	0	1	0	0	11	0.2794	121	0.0780644	0	0	0	0	0	0	0	0	0	1	1	0	0	0	0	0	0	0	9.340339
144	1	0	0	0	0	1	0	0	0	0	0	0	0	0	1	-3	0	5	0.0508	25	0.0025806	0	0	0	0	0	0	0	0	-3	0	1	0	1	0	0	0	0	0	8.989762
144	0	0	0	1	1	0	1	0	0	1	0	0	0	0	0	-2	0	18	0	324	0	0	0	1.6256	0	0	0	0	0	-2	0	0	0	0	1	0	0	0	0	9.288423
144	0	1	0	0	0	0	1	0	0	0	0	0	0	0	0	0	0	3	0.2032	9	0.0412902	0	0	0	0	0	0	0	0	0	1	1	0	0	0	0	0	0	0	9.053135
144	0	0	0	0	0	0	1	0	0	0	0	0	0	0	0	-5	0	8	0.0762	64	0.0058064	0	0	0	0	0	0	0	0	-5	0	1	0	0	0	0	0	0	0	9.069401
144	0	0	1	1	0	1	0	0	0	0	0	0	0	1	1	0	0	0	0	0	0	27	0	1.6256	0	0	0	0	1	0	0	0	0	0	0	0	1	0	0	9.208271
144	0	1	0	0	0	0	1	0	0	0	0	0	0	0	0	0	0	2	0.0254	4	0.0006452	0	0	0	0	0	0	0	0	0	1	1	0	0	0	0	0	0	0	9.041653
144	0	1	0	0	0	0	1	0	0	0	0	0	0	0	0	0	0	9	0.1143	81	0.0130645	0	0	0	0	0	0	0	0	0	1	1	0	0	0	0	0	0	0	8.938133
144	0	0	0	0	0	0	0	0	0	0	0	0	0	0	0	-2	0	6	0.0889	36	0.0079032	0	0	0	0	0	0	0	0	-2	0	0	0	0	1	0	0	0	0	9.247222
144	0	0	0	0	0	0	0	0	0	0	0	0	0	0	0	-2	0	6	0.0762	36	0.0058064	0	0	0	0	0	0	0	0	-2	0	0	0	0	1	0	0	0	0	8.78823
146	1	1	0	0	1	0	1	0	0	1	0	0	0	0	0	0	0	7	0.0253999	49	0.0006452	0	0	0	0	0	0	0	0	0	1	0	0	0	0	0	0	0	0	9.539362
146	1	1	0	0	1	0	1	0	0	1	0	0	0	0	0	0	0	4	0.1524	16	0.0232258	0	0	0	0	0	0	0	0	0	1	0	0	0	0	0	0	0	0	9.451937
146	1	1	0	0	0	0	0	0	0	0	0	0	0	0	1	0	0	8	0.0253999	64	0.0006452	0	0	0	0	0	0	0	0	0	1	0	0	0	0	0	0	0	0	9.507957
146	1	1	0	0	1	0	1	0	0	1	0	0	0	0	0	0	0	3	0.0253999	9	0.0006452	0	0	0	0	0	0	0	0	0	1	0	0	0	0	0	0	0	0	9.208271
146	1	0	0	0	1	0	1	0	0	1	0	0	0	1	0	0	0	9	0.0253999	81	0.0006452	0	0	0	0	0	0	0	1	0	0	0	0	0	0	0	0	0	1	9.564714
148	0	0	0	0	0	0	0	0	0	0	0	0	0	0	0	-3	0	10	0.1777999	100	0.0316128	0	0	0	0	0	0	0	0	0	0	1	0	0	1	0	0	0	0	8.771515
148	0	1	0	0	1	0	1	0	0	1	0	0	0	0	0	0	0	9	0.0761999	81	0.0058064	0	0	0	0	0	0	0	0	0	0	0	0	0	0	0	0	0	0	9.208271
148	0	0	0	0	0	0	1	0	0	0	0	0	0	1	0	0	0	12	0.127	144	0.016129	0	0	0	0	0	0	0	0	0	0	0	0	0	0	0	0	1	0	9.041653
148	0	0	0	0	0	0	1	0	0	0	0	0	0	1	0	0	0	7	0.127	49	0.016129	0	0	0	0	0	0	0	0	0	0	0	0	0	0	0	0	1	0	8.938133
148	0	0	0	0	0	1	0	0	0	0	0	0	0	0	1	0	0	7	0.1523999	49	0.0232257	0	0	0	0	0	0	0	0	0	0	1	0	0	0	0	0	1	0	8.557931
148	0	0	0	0	0	1	0	0	0	0	0	0	0	1	1	0	0	5	0.0508	25	0.0025806	0	0	0	0	0	0	0	0	0	0	0	0	0	0	0	0	1	0	8.931762
148	0	0	0	0	0	0	0	0	0	0	0	0	0	1	0	0	0	9	0.127	81	0.016129	0	0	0	0	0	0	0	0	0	0	1	0	0	0	0	0	1	0	8.938133
148	0	1	0	0	0	0	1	0	0	0	0	0	0	0	0	0	0	5	0.1015999	25	0.0103225	0	0	0	0	0	0	0	0	0	0	0	0	0	0	0	0	0	0	8.938133
148	0	0	0	0	0	0	1	0	0	0	0	0	0	0	0	-1	0	13	0.0253999	169	0.0006452	0	0	0	0	0	0	0	0	0	0	1	0	0	0	0	1	0	0	8.938133
149	0	1	0	0	0	0	0	0	0	0	0	0	0	0	1	0	0	6	0.1524	36	0.0232258	0	0	0	0	0	0	0	0	0	0	0	0	0	0	0	0	0	0	9.440964
149	0	0	0	0	0	0	0	0	0	0	0	0	0	0	1	0	1	8	0.2286	64	0.052258	0	0	0	0	0	0	0	0	0	0	1	0	0	0	1	0	0	0	9.101377
149	0	0	0	0	1	0	0	0	0	1	0	0	0	0	1	0	1	9	0.0508	81	0.0025806	0	0	0	0	0	0	0	0	0	0	0	0	0	0	1	0	0	0	9.93285
149	0	1	0	0	0	0	1	0	0	0	0	0	0	0	0	0	0	4	0.1015999	16	0.0103225	0	0	0	0	0	0	0	0	0	0	0	0	0	0	0	0	0	0	9.208271
149	0	0	0	0	0	0	0	0	0	0	0	0	0	0	1	-3	0	18	0.0508	324	0.0025806	0	0	0	0	0	0	0	0	0	0	0	0	0	0	0	0	0	0	9.371115
149	0	0	0	0	0	0	0	0	0	0	0	0	0	1	1	0	0	7	0.1524	49	0.0232258	0	0	0	0	0	0	0	0	0	0	1	0	0	1	0	0	0	0	9.288423
149	0	0	0	0	0	0	0	0	0	0	0	0	0	0	1	0	0	10	0.1524	100	0.0232258	0	0	0	0	0	0	0	0	0	0	0	0	0	1	0	0	0	0	9.208271
149	0	0	0	0	0	0	0	0	0	0	0	0	0	0	1	0	1	11	0.1524	121	0.0232258	0	0	0	0	0	0	0	0	0	0	0	0	0	0	1	0	0	0	8.99223
149	0	0	0	0	1	0	0	0	0	1	0	0	0	0	1	0	1	9	0.0253999	81	0.0006452	0	0	0	0	0	0	0	0	0	0	0	0	0	0	1	0	0	0	9.260187
149	1	0	0	0	1	0	0	0	0	1	0	0	0	0	1	0	1	7	0.1015999	49	0.0103225	0	0	0	0	0	0	0	0	0	0	0	0	0	0	1	0	0	0	9.617123
150	1	0	0	0	0	0	0	0	0	0	0	0	0	1	0	0	0	7	0.1523999	49	0.0232257	0	0	0	0	0	0	0	0	0	0	0	0	0	0	1	0	0	0	9.107232
150	1	1	0	0	1	0	1	0	0	1	1	0	0	0	0	0	0	7	0.1523999	49	0.0232257	0	0	0	0	0	0	0	0	0	0	0	0	0	0	0	0	0	0	8.825611
150	1	0	0	0	0	0	0	0	0	0	0	0	0	1	0	0	0	6	0.127	36	0.016129	0	0	0	0	0	0	0	0	0	0	0	0	0	0	1	0	0	0	8.825611
150	1	0	0	0	0	0	1	0	0	0	1	0	0	1	0	0	0	7	0.1015999	49	0.0103225	0	0	0	0	0	0	0	0	0	0	0	0	0	0	1	0	0	0	8.883064
150	1	0	0	0	0	0	0	0	0	0	0	0	0	1	0	0	0	7	0.1777999	49	0.0316128	0	0	0	0	0	0	0	0	0	0	1	0	0	0	1	0	0	0	9.024206
152	0	0	0	0	0	0	1	0	1	0	1	0	0	1	0	0	0	0	0	0	0	0	0	0	0	0	0	0	1	0	0	1	0	0	1	0	0	0	0	9.94504
152	0	0	0	0	0	0	0	0	0	0	0	0	0	1	0	0	0	10	0.1016001	100	0.0103226	0	0	0	0	0	0	0	1	0	0	0	0	0	1	0	0	0	0	9.340339
152	0	1	0	0	0	0	1	0	1	0	1	0	0	0	0	0	0	10	-0.0508	100	0.0025806	0	0	0	0	0	0	0	0	0	1	1	0	0	0	0	0	0	0	9.022499
152	0	0	0	0	0	1	0	0	1	0	0	0	0	0	0	0	2	7	0.0762	49	0.0058064	0	0	0	0	0	0	0	0	2	0	1	0	0	0	0	1	0	0	9.690983
152	0	0	0	0	0	0	1	0	1	0	1	0	0	0	0	-2	0	4	0.127	16	0.016129	0	0	0	0	0	0	0	0	-2	0	1	1	0	0	0	0	0	0	8.883064
152	1	0	0	0	0	0	0	0	1	0	0	0	0	1	0	0	0	8	0.0762	64	0.0058064	0	0	0	0	0	0	0	1	0	0	1	0	0	1	0	0	0	0	9.876092
152	1	0	0	0	0	0	1	0	1	0	1	0	0	1	0	0	0	6	0.1524	36	0.0232258	0	0	0	0	0	0	0	1	0	0	1	0	0	1	0	0	0	0	9.689184
152	1	0	0	0	0	0	1	0	1	0	1	0	0	0	0	-3	0	8	0.0254	64	0.0006452	0	0	0	0	0	0	0	0	-3	0	1	0	0	0	0	0	0	0	9.179138
152	1	0	0	0	0	0	0	0	1	0	0	0	0	1	0	0	0	6	0.0762	36	0.0058064	0	0	0	0	0	0	0	1	0	0	1	0	0	1	0	0	0	0	9.438108
152	0	0	0	0	0	0	0	0	0	0	0	0	0	1	0	0	0	4	0	16	0	0	0	0	0	0	0	0	1	0	0	0	0	0	1	0	0	0	0	9.690983
152	0	0	0	0	0	0	0	0	1	0	0	0	0	1	0	0	0	11	0.0635	121	0.0040323	0	0	0	0	0	0	0	1	0	0	1	0	0	1	0	0	0	0	9.848722
153	0	0	0	0	1	0	0	0	0	1	0	0	0	1	1	0	0	6	0.0508	36	0.0025806	0	0	0	0	0	0	0	0	0	0	0	0	0	1	0	0	0	0	9.118523
153	1	0	0	0	0	0	0	0	0	0	0	0	0	1	1	0	0	4	0.0761999	16	0.0058064	0	0	0	0	0	0	0	0	0	0	0	0	0	1	0	0	0	0	9.2512
153	0	0	0	0	0	0	1	0	0	0	0	0	0	1	0	0	0	4	0.2285999	16	0.0522579	0	0	0	0	0	0	0	0	0	0	1	0	0	1	0	0	0	0	9.571068
153	0	0	0	0	0	0	1	0	0	0	0	0	0	0	0	0	1	4	-0.0002	16	4.00E-08	0	0	0	0	0	0	0	0	0	0	0	0	0	0	1	0	0	0	9.348535
153	1	1	0	0	0	0	0	0	0	0	0	0	0	0	1	0	0	2	0.1015999	4	0.0103225	0	0	0	0	0	0	0	0	0	0	0	0	0	0	0	0	0	0	9.848722
153	0	1	0	0	0	0	0	0	0	0	0	0	0	0	1	0	0	7	0.0761999	49	0.0058064	0	0	0	0	0	0	0	0	0	0	0	0	0	0	0	0	0	0	9.2512
153	1	1	0	0	1	0	0	0	0	1	0	0	0	0	1	0	0	3	0.127	9	0.016129	0	0	0	0	0	0	0	0	0	0	0	0	0	0	0	0	0	0	9.235896
153	0	0	0	0	0	0	0	0	0	0	0	0	0	1	1	0	0	7	0	49	0	0	0	0	0	0	0	0	0	0	0	1	0	0	1	0	0	0	0	9.2512
153	1	0	0	0	0	0	1	0	0	0	0	0	0	1	0	0	0	6	0.2032	36	0.0412902	0	0	0	0	0	0	0	0	0	0	1	0	0	1	0	0	0	0	9.848722
153	1	0	0	0	0	1	0	0	0	0	0	0	0	0	0	0	2	9	0.1777999	81	0.0316128	0	0	0	0	0	0	0	0	0	0	0	0	0	0	0	1	0	0	9.494866
155	0	1	0	0	0	0	0	0	0	0	0	0	0	0	1	0	0	5	0.1016001	25	0.0103226	0	0	0	0	0	0	0	0	0	1	0	0	0	0	0	0	0	0	8.99223
155	1	0	0	0	0	0	0	0	0	0	0	0	0	1	1	0	0	5	0	25	0	0	0	0	0	0	0	0	1	0	0	0	0	0	1	0	0	0	0	9.089564
155	1	0	0	0	0	0	0	0	0	0	0	0	0	0	1	0	1	7	0.1143	49	0.0130645	0	0	0	0	0	0	0	0	1	0	1	0	0	0	1	0	0	0	9.848722
155	0	0	0	0	0	0	1	0	0	0	0	0	0	0	0	0	1	6	0.2413001	36	0.0582257	0	0	0	0	0	0	0	0	1	0	1	0	0	0	1	0	0	0	9.179138
155	0	0	0	0	0	1	0	0	0	0	0	0	0	1	0	0	0	8	0.0381	64	0.0014516	0	0	0	0	0	0	0	1	0	0	1	0	0	1	0	0	0	0	8.883064
155	1	1	0	0	0	0	0	0	0	0	0	0	0	0	1	0	0	5	0.0889001	25	0.0079032	0	0	0	0	0	0	0	0	0	1	0	0	0	0	0	0	0	0	10.07391
155	0	0	0	0	0	0	0	0	0	0	0	0	0	1	1	0	0	7	0.0635	49	0.0040323	0	0	0	0	0	0	0	1	0	0	0	0	0	1	0	0	0	0	9.208271
155	1	1	0	0	0	0	1	0	0	0	0	0	0	0	0	0	0	6	0.2413001	36	0.0582257	0	0	0	0	0	0	0	0	0	1	0	0	0	0	0	0	0	0	9.814734
155	0	1	0	0	0	0	0	0	0	0	0	0	0	0	1	0	0	6	0.1397001	36	0.0195161	0	0	0	0	0	0	0	0	0	1	1	0	0	0	0	0	0	0	8.825611
155	0	0	0	0	0	1	0	0	0	0	0	0	0	1	0	0	0	6	0.0508001	36	0.0025806	0	0	0	0	0	0	0	1	0	0	1	0	0	1	0	0	0	0	9.029384
155	1	0	0	0	0	0	0	0	0	0	0	0	0	1	1	0	0	9	0.1143	81	0.0130645	0	0	0	0	0	0	0	1	0	0	1	0	0	1	0	0	0	0	9.551724
155	0	1	0	0	0	0	1	0	0	0	0	0	0	0	0	0	0	2	0.0635	4	0.0040323	0	0	0	0	0	0	0	0	0	1	1	0	0	0	0	0	0	0	9.303116
155	0	0	0	0	0	0	0	0	0	0	0	0	0	1	1	0	0	8	0.0635	64	0.0040323	0	0	0	0	0	0	0	1	0	0	0	0	0	1	0	0	0	0	9.176871
155	0	1	0	0	0	0	0	0	0	0	0	0	0	0	1	0	0	13	0.0889001	169	0.0079032	0	0	0	0	0	0	0	0	0	1	1	0	0	0	0	0	0	0	9.366202
155	0	1	0	0	0	0	1	0	0	0	0	0	0	0	0	0	0	4	0.1143	16	0.0130645	0	0	0	0	0	0	0	0	0	1	0	0	0	0	0	0	0	0	9.88063
156	0	0	0	0	0	0	1	0	1	0	0	0	0	1	0	0	0	4	0.127	16	0.016129	0	0	0	0	0	0	0	0	0	0	1	0	0	0	1	0	0	0	9.689184
156	0	1	0	0	0	1	0	0	1	0	0	0	0	0	0	0	0	6	0.1777999	36	0.0316128	0	0	0	0	0	0	0	0	0	0	1	0	0	0	0	0	0	0	9.044147
156	0	0	0	0	0	0	0	0	1	0	0	0	0	0	1	-1	0	2	0.1777999	4	0.0316128	0	0	0	0	0	0	0	0	0	0	1	0	0	1	0	0	0	0	8.99223
156	0	1	0	0	0	0	1	0	1	0	0	0	0	0	0	0	0	8	0.1524	64	0.0232258	0	0	0	0	0	0	0	0	0	0	1	0	0	0	0	0	0	0	9.208271
156	0	0	0	0	0	1	0	0	0	0	0	0	0	1	0	0	0	9	0.127	81	0.016129	0	0	0	0	0	0	0	0	0	0	0	0	0	0	1	0	0	0	8.99223
156	0	1	0	1	0	0	1	0	1	0	0	0	0	0	0	0	0	4	0	16	0	0	0	1.5748	0	0	0	0	0	0	0	1	0	0	0	0	0	0	0	8.99223
156	1	0	0	0	0	0	0	0	1	0	0	0	0	1	1	0	0	5	0.1524	25	0.0232258	0	0	0	0	0	0	0	0	0	0	1	0	0	0	1	0	0	0	9.321049
156	0	0	0	0	0	0	0	0	1	0	0	0	0	1	1	0	0	9	0.1015999	81	0.0103225	0	0	0	0	0	0	0	0	0	0	1	0	0	0	1	0	0	0	8.99223
156	0	0	0	0	0	0	0	0	1	0	0	0	0	1	1	0	0	3	0.0254	9	0.0006452	0	0	0	0	0	0	0	0	0	0	1	0	0	0	1	0	0	0	9.273385
156	1	0	0	0	0	0	0	0	1	0	0	0	0	1	1	0	0	3	0.1777999	9	0.0316128	0	0	0	0	0	0	0	0	0	0	1	0	0	0	1	0	0	0	9.321049
156	1	0	0	0	0	0	0	0	1	0	0	0	0	0	1	0	0	8	0.1524	64	0.0232258	0	0	0	0	0	0	0	0	0	0	1	0	0	0	1	0	0	0	9.809099
156	0	0	0	0	0	0	1	0	1	0	0	0	0	1	0	0	0	11	0.1524	121	0.0232258	0	0	0	0	0	0	0	0	0	0	1	0	0	0	1	0	0	0	8.938133
157	0	0	0	0	0	0	1	0	0	0	1	0	0	1	0	0	0	4	0.0762	16	0.0058064	0	0	0	0	0	0	0	1	0	0	1	0	1	0	0	0	0	0	10.0737
157	0	0	0	0	0	1	0	0	0	0	0	0	0	0	0	0	3	2	0.1015999	4	0.0103225	0	0	0	0	0	0	0	0	3	0	1	0	0	0	0	1	0	0	9.848722
157	0	0	0	0	0	1	0	0	0	0	0	0	0	0	0	0	3	2	0.1015999	4	0.0103225	0	0	0	0	0	0	0	0	3	0	0	0	0	0	0	1	0	0	10.0737
157	0	0	0	0	0	1	0	0	0	0	0	0	0	1	0	0	0	6	0.1651	36	0.027258	0	0	0	0	0	0	0	1	0	0	1	0	1	0	0	0	0	0	9.896806
157	1	0	0	1	0	0	1	0	0	0	1	0	0	0	0	0	2	3	0	9	0	0	0	1.5748	0	0	0	0	0	2	0	0	0	0	0	1	0	0	0	9.989575
157	0	0	0	0	0	0	1	0	0	0	1	0	0	1	0	0	0	9	0.2032	81	0.0412902	0	0	0	0	0	0	0	1	0	0	0	0	1	0	0	0	0	0	9.830038
157	0	1	0	0	0	0	1	0	0	0	1	0	0	0	0	0	0	6	0.0252	36	0.000635	0	0	0	0	0	0	0	0	0	1	1	0	0	0	0	0	0	0	9.848722
157	1	0	0	0	0	1	0	0	0	0	0	0	0	0	0	0	4	3	0.1777999	9	0.0316128	0	0	0	0	0	0	0	0	4	0	1	0	0	0	0	0	1	0	9.830038
157	0	1	0	1	0	0	1	0	0	0	1	0	0	0	0	0	0	8	0	64	0	0	0	1.5748	0	0	0	0	0	0	1	0	0	0	0	0	0	0	0	9.2512
157	0	0	0	0	0	0	1	0	0	0	1	0	0	0	0	0	5	8	0.0254	64	0.0006452	0	0	0	0	0	0	0	0	5	0	1	0	0	0	0	0	0	1	10.0737
157	1	0	0	0	0	0	1	0	0	0	1	0	0	0	0	0	2	1	0.2539999	1	0.064516	0	0	0	0	0	0	0	0	2	0	1	0	0	0	1	0	0	0	9.127307
157	0	0	0	0	0	1	0	0	0	0	0	0	0	0	0	0	2	3	0.1015999	9	0.0103225	0	0	0	0	0	0	0	0	2	0	1	0	0	0	1	0	0	0	9.830038
163	0	0	0	0	0	0	1	0	1	0	0	0	0	1	0	0	0	4	0.1015999	16	0.0103225	0	0	0	0	0	0	0	0	0	0	1	0	0	0	0	0	0	0	9.34875
163	1	0	0	0	0	1	0	0	1	0	0	0	0	1	0	0	0	5	0.0508	25	0.0025806	0	0	0	0	0	0	0	0	0	0	1	0	0	0	0	0	0	0	9.089564
163	0	1	0	0	0	0	1	0	0	0	0	0	0	0	0	0	0	5	0.127	25	0.016129	0	0	0	0	0	0	0	0	0	0	0	0	0	0	0	0	0	0	9.430214
163	1	0	0	0	0	0	0	0	0	0	0	0	0	1	1	0	0	7	0.2032	49	0.0412902	0	0	0	0	0	0	0	0	0	0	0	0	0	0	0	0	0	0	9.47533
163	0	1	0	0	0	1	0	0	0	0	0	0	0	0	0	0	0	9	0.1396999	81	0.0195161	0	0	0	0	0	0	0	0	0	0	0	0	0	0	0	0	0	0	9.93285
163	0	0	0	0	0	1	0	0	0	0	0	0	0	1	0	0	0	2	0.1777999	4	0.0316128	0	0	0	0	0	0	0	0	0	0	0	0	0	0	0	0	0	0	9.408338
163	0	1	0	1	1	0	1	0	0	0	0	0	0	0	0	0	0	8	0	64	0	0	0	1.5748	0	0	0	0	0	0	0	0	0	0	0	0	0	0	0	8.99223
163	0	1	0	0	0	0	0	0	0	0	0	0	0	0	1	0	0	4	0.2286	16	0.052258	0	0	0	0	0	0	0	0	0	0	0	0	0	0	0	0	0	0	9.2512
163	0	0	0	0	0	0	0	0	0	0	0	0	0	1	1	0	0	6	0.2539999	36	0.064516	0	0	0	0	0	0	0	0	0	0	0	0	0	0	0	0	0	0	9.235896
163	0	0	0	0	0	0	1	0	0	0	0	0	0	0	0	0	3	10	0.0762	100	0.0058064	0	0	0	0	0	0	0	0	0	0	0	0	0	1	0	0	0	0	9.795882
163	0	0	0	0	0	0	0	0	1	0	0	0	0	1	1	0	0	4	0.2539999	16	0.064516	0	0	0	0	0	0	0	0	0	0	1	0	0	0	0	0	0	0	9.235896
163	0	1	0	0	0	0	1	0	0	0	0	0	0	0	0	0	0	6	0	36	0	0	0	0	0	0	0	0	0	0	0	0	0	0	0	0	0	0	0	9.939185
164	0	1	0	0	0	0	1	0	1	0	0	0	0	0	0	0	0	8	0.127	64	0.016129	0	0	0	0	0	0	0	0	0	1	1	0	0	0	0	0	0	0	9.689184
164	0	0	0	0	1	0	0	0	0	0	0	0	0	0	1	-3	0	4	0.0762	16	0.0058064	0	0	0	0	0	0	0	0	-3	0	0	0	0	0	0	0	0	0	9.564696
164	1	0	0	0	0	1	0	0	1	0	0	0	0	0	0	0	1	5	0.1015999	25	0.0103225	0	0	0	0	0	0	0	0	1	0	1	0	0	0	1	0	0	0	9.848722
164	1	1	0	0	0	0	1	0	1	0	0	0	0	0	0	0	0	5	0.2032	25	0.0412902	0	0	0	0	0	0	0	0	0	1	1	0	0	0	0	0	0	0	9.2512
164	1	0	0	0	0	1	0	0	1	0	0	0	0	0	0	0	2	7	0.0762	49	0.0058064	0	0	0	0	0	0	0	0	2	0	1	0	0	0	0	1	0	0	9.838251
164	1	0	0	0	0	1	0	0	0	0	0	0	0	0	0	0	2	2	0.127	4	0.016129	0	0	0	0	0	0	0	0	2	0	0	0	0	0	0	1	0	0	8.99223
164	1	0	0	0	1	0	0	0	0	0	0	0	0	1	1	0	0	5	0.0508	25	0.0025806	0	0	0	0	0	0	0	1	0	0	0	0	0	1	0	0	0	0	8.99223
165	0	0	0	1	0	0	0	0	0	0	0	0	0	1	1	0	0	4	0	16	0	0	0	1.5748	0	0	0	0	0	0	0	0	0	0	1	0	0	0	0	9.689184
165	1	1	0	0	1	0	0	0	0	1	0	0	0	0	1	0	0	4	0.1396999	16	0.0195161	0	0	0	0	0	0	0	0	0	0	0	0	0	0	0	0	0	0	9.015304
165	0	0	0	0	1	0	0	0	0	1	0	0	0	1	1	0	0	5	0.0508	25	0.0025806	0	0	0	0	0	0	0	0	0	0	0	0	0	1	0	0	0	0	9.475531
165	0	0	0	0	0	1	0	0	0	0	0	0	0	0	0	0	2	5	0.0762	25	0.0058064	0	0	0	0	0	0	0	0	0	0	1	0	0	0	0	1	0	0	8.960236
165	0	1	0	0	0	0	1	0	0	0	0	0	0	0	0	0	0	3	0.1777999	9	0.0316128	0	0	0	0	0	0	0	0	0	0	0	0	0	0	0	0	0	0	9.118523
165	1	0	0	1	0	0	0	0	0	0	0	0	0	1	1	0	0	6	0	36	0	0	0	1.5748	0	0	0	0	0	0	0	1	0	0	1	0	0	0	0	9.127307
165	1	0	0	0	0	0	0	0	0	0	0	0	0	1	1	0	0	4	0.1015999	16	0.0103225	0	0	0	0	0	0	0	0	0	0	1	0	0	1	0	0	0	0	8.938133
165	0	0	0	0	0	0	0	0	0	0	0	0	0	0	1	-3	0	10	0.1015999	100	0.0103225	0	0	0	0	0	0	0	0	0	0	1	0	0	0	0	0	0	0	9.830038
165	1	0	0	0	0	0	0	0	0	0	0	0	0	1	1	0	0	3	0.1015999	9	0.0103225	0	0	0	0	0	0	0	0	0	0	1	0	0	1	0	0	0	0	9.035684
165	0	1	0	1	1	0	1	0	0	1	0	0	0	0	0	0	0	0	0	0	0	0	0	1.5748	0	0	0	0	0	0	0	0	0	0	0	0	0	0	0	8.888406
165	0	0	0	0	0	0	0	0	0	0	0	0	0	1	1	0	0	10	0.1015999	100	0.0103225	0	0	0	0	0	0	0	0	0	0	0	0	0	1	0	0	0	0	8.771515
165	1	1	0	0	1	0	1	0	0	1	0	0	0	0	0	0	0	3	0.0254	9	0.0006452	0	0	0	0	0	0	0	0	0	0	0	0	0	0	0	0	0	0	9.098928
165	0	1	1	1	1	0	1	0	0	1	0	0	0	0	0	0	0	0	0	0	0	32	0	1.5748	0	0	0	0	0	0	0	0	0	0	0	0	0	0	0	9.035684
165	0	1	0	0	0	0	0	0	0	0	0	0	0	0	1	0	0	10	0.0508	100	0.0025806	0	0	0	0	0	0	0	0	0	0	0	0	0	0	0	0	0	0	9.43159
165	0	0	0	0	0	0	0	0	0	0	0	0	0	1	1	0	0	3	0.0254	9	0.0006452	0	0	0	0	0	0	0	0	0	0	0	0	0	1	0	0	0	0	8.874399
167	0	0	0	0	0	0	1	0	1	0	1	0	0	1	0	0	0	4	-0.0508001	16	0.0025806	0	0	0	0	0	0	0	0	0	0	1	0	0	0	0	0	0	0	9.288423
167	0	0	0	0	0	0	0	0	0	0	0	0	0	0	0	0	3	6	0.1015999	36	0.0103225	0	0	0	0	0	0	0	0	0	0	0	0	0	1	0	0	0	0	9.690983
167	0	0	0	0	0	0	1	0	1	0	1	0	0	1	0	0	0	4	0.1015999	16	0.0103225	0	0	0	0	0	0	0	0	0	0	1	0	0	0	0	0	0	0	9.440964
167	0	0	0	0	0	1	0	0	0	0	0	0	0	1	0	0	0	5	0.2285999	25	0.0522579	0	0	0	0	0	0	0	0	0	0	0	0	0	0	0	0	0	0	8.99223
167	0	0	0	0	0	0	0	0	1	0	0	0	0	0	0	0	4	5	0.127	25	0.016129	0	0	0	0	0	0	0	0	0	0	1	0	0	0	1	0	0	0	10.01695
167	0	0	0	0	0	0	0	0	1	0	0	0	0	0	0	0	4	2	0.3047999	4	0.092903	0	0	0	0	0	0	0	0	0	0	1	0	0	0	1	0	0	0	9.2512
167	0	0	0	0	0	1	0	0	1	0	0	0	0	1	0	0	0	7	0.2285999	49	0.0522579	0	0	0	0	0	0	0	0	0	0	1	0	0	0	0	0	0	0	9.2512
167	0	0	0	0	0	0	0	0	0	0	0	0	0	0	0	0	4	4	0.1523999	16	0.0232257	0	0	0	0	0	0	0	0	0	0	0	0	0	0	1	0	0	0	9.809099
167	1	1	0	1	1	0	0	0	0	0	0	0	0	0	0	0	0	7	0	49	0	0	0	1.524	0	0	0	0	0	0	0	0	0	0	0	0	0	0	0	8.883064
169	0	0	0	0	0	0	0	0	0	0	0	0	0	1	0	0	0	8	0.1015999	64	0.0103225	0	0	0	0	0	0	0	0	0	0	1	0	0	1	0	0	0	0	8.99223
169	1	0	0	0	0	0	1	0	0	0	1	0	0	1	0	0	0	2	0.1904999	4	0.0362902	0	0	0	0	0	0	0	0	0	0	0	0	0	1	0	0	0	0	8.99223
169	1	0	0	0	0	0	0	0	0	0	0	0	0	1	0	0	0	6	0.0761999	36	0.0058064	0	0	0	0	0	0	0	0	0	0	1	0	0	1	0	0	0	0	9.2512
169	0	0	0	0	0	0	0	0	0	0	0	0	0	1	0	0	0	9	0.0508	81	0.0025806	0	0	0	0	0	0	0	0	0	0	1	0	0	1	0	0	0	0	9.371115
169	0	0	0	1	0	0	1	0	0	0	1	0	0	1	0	0	0	4	0	16	0	0	0	1.6002	0	0	0	0	0	0	0	0	0	0	1	0	0	0	0	9.107232
169	1	0	0	0	0	0	0	0	0	0	0	0	0	1	0	0	0	4	0.0634999	16	0.0040322	0	0	0	0	0	0	0	0	0	0	1	0	0	1	0	0	0	0	8.99223
169	0	0	0	0	0	0	0	0	0	0	0	0	0	0	0	0	1	6	0.1777999	36	0.0316128	0	0	0	0	0	0	0	0	0	0	0	0	0	0	1	0	0	0	9.024206
169	1	0	0	0	0	0	0	0	0	0	0	0	0	1	0	0	0	2	0.1015999	4	0.0103225	0	0	0	0	0	0	0	0	0	0	1	0	0	1	0	0	0	0	9.2512
169	0	0	0	0	0	0	0	0	0	0	0	0	0	1	0	0	0	7	0.0761999	49	0.0058064	0	0	0	0	0	0	0	0	0	0	1	0	0	1	0	0	0	0	8.883064
169	0	0	0	0	0	0	0	0	0	0	0	0	0	0	0	-2	0	3	0.0761999	9	0.0058064	0	0	0	0	0	0	0	0	0	0	1	1	0	0	0	0	0	0	10.03874
169	0	0	0	0	0	0	0	0	0	0	0	0	0	1	0	0	0	3	0.0253999	9	0.0006452	0	0	0	0	0	0	0	0	0	0	1	0	0	1	0	0	0	0	9.2512
169	0	0	0	0	0	0	1	0	0	0	1	0	0	1	0	0	0	3	0.0634999	9	0.0040322	0	0	0	0	0	0	0	0	0	0	1	0	0	1	0	0	0	0	9.288423
169	0	0	0	0	0	1	0	0	0	0	0	0	0	0	0	-3	0	0	0.1777999	0	0.0316128	0	0	0	0	0	0	0	0	0	0	0	0	0	0	0	0	0	0	9.002979
169	0	0	0	0	1	0	1	0	0	1	1	0	0	1	0	0	0	10	-0.0254	100	0.0006452	0	0	0	0	0	0	0	0	0	0	0	0	0	1	0	0	0	0	8.960236
171	1	0	0	0	0	0	1	0	0	0	1	0	0	0	0	-1	0	6	0.127	36	0.016129	0	0	0	0	0	0	0	0	-1	0	1	0	0	1	0	0	0	0	9.689184
171	0	0	0	1	1	1	0	0	0	1	0	0	0	0	0	0	1	7	0	49	0	0	0	1.5748	0	0	0	0	0	1	0	0	0	0	0	0	1	0	0	8.99223
171	0	0	0	0	0	0	0	0	0	0	0	0	0	0	0	0	1	6	0.1396999	36	0.0195161	0	0	0	0	0	0	0	0	1	0	0	0	0	0	0	1	0	0	9.273385
171	0	1	0	0	0	0	1	0	0	0	1	0	0	0	0	0	0	3	0.2539999	9	0.064516	0	0	0	0	0	0	0	0	0	1	1	0	0	0	0	0	0	0	8.938133
171	1	0	0	1	0	0	0	0	0	0	0	0	0	1	0	0	0	6	0	36	0	0	0	1.5748	0	0	0	0	1	0	0	0	0	0	0	1	0	0	0	8.955287
171	1	0	0	0	1	0	1	0	0	1	1	0	0	1	0	0	0	7	0.2032	49	0.0412902	0	0	0	0	0	0	0	1	0	0	0	0	0	0	1	0	0	0	9.288423
171	0	1	0	0	0	0	0	0	0	0	0	0	0	0	0	0	0	7	0.2032	49	0.0412902	0	0	0	0	0	0	0	0	0	1	0	0	0	0	0	0	0	0	9.238695
171	0	0	0	0	0	1	0	0	0	0	0	0	0	1	0	0	0	7	0.0508	49	0.0025806	0	0	0	0	0	0	0	1	0	0	0	0	0	0	1	0	0	0	9.617123
171	0	0	0	0	0	0	1	0	0	0	1	0	0	1	0	0	0	7	0.127	49	0.016129	0	0	0	0	0	0	0	1	0	0	1	0	0	0	1	0	0	0	8.99223
171	0	0	0	0	0	1	0	0	0	0	0	0	0	1	0	0	0	8	0.1015999	64	0.0103225	0	0	0	0	0	0	0	1	0	0	0	0	0	0	1	0	0	0	9.371115
171	0	1	0	0	0	0	0	0	0	0	0	0	0	0	0	0	0	5	0.0508	25	0.0025806	0	0	0	0	0	0	0	0	0	1	0	0	0	0	0	0	0	0	9.044147
171	1	1	0	0	0	0	1	0	0	0	1	0	0	0	0	0	0	5	0.1777999	25	0.0316128	0	0	0	0	0	0	0	0	0	1	0	0	0	0	0	0	0	0	9.208271
171	0	0	0	0	0	1	0	0	0	0	0	0	0	0	0	0	0	6	0.0762	36	0.0058064	0	0	0	0	0	0	0	0	0	0	0	0	0	0	1	0	0	0	8.99223
171	1	0	0	0	0	1	0	0	0	0	0	0	0	1	0	0	0	6	0.2032	36	0.0412902	0	0	0	0	0	0	0	1	0	0	1	0	0	0	1	0	0	0	9.101377
171	0	1	0	0	0	0	1	0	0	0	1	0	0	0	0	0	0	-3	0.0254	9	0.0006452	0	0	0	0	0	0	0	0	0	1	0	0	0	0	0	0	0	0	8.99223
175	1	1	0	0	0	0	1	0	0	0	1	0	0	0	0	0	0	8	0.0762	64	0.0058064	0	0	0	0	0	0	0	0	0	1	1	0	0	0	0	0	0	0	9.314216
175	0	0	0	0	0	0	0	0	0	0	0	0	0	0	0	-2	0	8	0.2285999	64	0.0522579	0	0	0	0	0	0	0	0	-2	0	1	0	0	0	1	0	0	0	9.357899
175	0	1	0	1	0	0	0	0	0	0	0	0	0	0	0	0	0	9	0	81	0	0	0	1.524	0	0	0	0	0	0	1	1	0	0	0	0	0	0	0	9.804187
175	1	1	0	0	0	0	1	0	0	0	1	0	0	0	0	0	0	10	0.0762	100	0.0058064	0	0	0	0	0	0	0	0	0	1	1	0	0	0	0	0	0	0	8.99223
175	1	1	0	0	0	1	0	0	0	0	0	0	0	0	0	0	0	11	0.1523999	121	0.0232257	0	0	0	0	0	0	0	0	0	1	0	0	0	0	0	0	0	0	9.438108
175	0	1	0	0	0	0	1	0	0	0	1	0	0	0	0	0	0	4	0.1523999	16	0.0232257	0	0	0	0	0	0	0	0	0	1	0	0	0	0	0	0	0	0	9.410738
175	0	0	0	0	0	0	0	0	0	0	0	0	0	0	0	-2	0	4	0.2285999	16	0.0522579	0	0	0	0	0	0	0	0	-2	0	1	0	0	0	1	0	0	0	8.99223
175	0	1	0	0	0	0	0	0	0	0	0	0	0	0	0	0	0	3	0.1777999	9	0.0316128	0	0	0	0	0	0	0	0	0	1	1	0	0	0	0	0	0	0	8.99223
175	0	1	0	0	0	0	0	0	0	0	0	0	0	0	0	0	0	8	0.1523999	64	0.0232257	0	0	0	0	0	0	0	0	0	1	1	0	0	0	0	0	0	0	9.205393
175	1	0	0	1	0	1	0	0	0	0	0	0	0	1	0	0	0	9	0	81	0	0	0	1.524	0	0	0	0	1	0	0	0	0	0	0	0	0	1	0	8.938133
175	0	1	1	1	0	0	1	0	0	0	1	0	0	0	0	0	0	0	0	0	0	27	0	1.524	0	0	0	0	0	0	1	0	0	0	0	0	0	0	0	9.208271
175	1	1	0	0	0	0	0	0	0	0	0	0	0	0	0	0	0	8	0.1523999	64	0.0232257	0	0	0	0	0	0	0	0	0	1	1	0	0	0	0	0	0	0	8.99223
177	0	0	0	0	0	0	0	0	0	0	0	0	0	1	1	0	0	6	0.127	36	0.016129	0	0	0	0	0	0	0	0	0	0	1	0	0	1	0	0	0	0	9.848722
177	0	1	0	0	0	0	1	0	0	0	0	0	0	0	0	0	0	5	0.0762	25	0.0058064	0	0	0	0	0	0	0	0	0	0	1	0	0	0	0	0	0	0	9.328371
177	1	0	0	0	0	0	0	0	0	0	0	0	0	0	1	0	1	6	0.1524	36	0.0232258	0	0	0	0	0	0	0	0	0	0	1	0	0	0	1	0	0	0	8.883064
177	0	0	0	0	0	0	0	0	0	0	0	0	0	1	1	0	0	4	0.1524	16	0.0232258	0	0	0	0	0	0	0	0	0	0	0	0	0	1	0	0	0	0	8.938133
177	0	1	0	0	0	0	0	0	0	0	0	0	0	0	1	0	0	3	0.2032	9	0.0412902	0	0	0	0	0	0	0	0	0	0	1	0	0	0	0	0	0	0	9.648238
177	0	0	0	0	0	0	0	0	0	0	0	0	0	1	1	0	0	6	0.127	36	0.016129	0	0	0	0	0	0	0	0	0	0	1	0	0	1	0	0	0	0	8.99223
177	1	0	0	0	0	1	0	0	0	0	0	0	0	1	0	0	0	2	0.0254	4	0.0006452	0	0	0	0	0	0	0	0	0	0	1	0	0	1	0	0	0	0	9.494866
177	0	1	0	0	0	0	1	0	0	0	0	0	0	0	0	0	0	3	0.2539999	9	0.064516	0	0	0	0	0	0	0	0	0	0	0	0	0	0	0	0	0	0	9.328186
177	1	0	0	0	0	0	0	0	0	0	0	0	0	1	1	0	0	5	0.1524	25	0.0232258	0	0	0	0	0	0	0	0	0	0	1	0	0	1	0	0	0	0	9.848722
177	0	0	0	0	0	0	0	0	0	0	0	0	0	1	1	0	0	5	0.1524	25	0.0232258	0	0	0	0	0	0	0	0	0	0	0	0	0	1	0	0	0	0	9.208271
177	0	0	0	0	0	0	0	0	0	0	0	0	0	1	1	0	0	7	0.1524	49	0.0232258	0	0	0	0	0	0	0	0	0	0	0	0	0	1	0	0	0	0	9.869575
177	1	0	0	0	0	0	0	0	0	0	0	0	0	0	1	0	4	9	0.127	81	0.016129	0	0	0	0	0	0	0	0	0	0	1	0	0	0	0	0	0	1	10.07391
177	1	0	0	0	0	1	0	0	0	0	0	0	0	1	0	0	0	6	0.127	36	0.016129	0	0	0	0	0	0	0	0	0	0	0	0	0	1	0	0	0	0	9.321049
177	0	1	0	0	0	0	0	0	0	0	0	0	0	0	1	0	0	5	0.1524	25	0.0232258	0	0	0	0	0	0	0	0	0	0	1	0	0	0	0	0	0	0	9.451937
178	0	1	1	1	0	1	0	0	0	0	0	0	0	0	1	0	0	0	0	0	0	28	0	1.5494	0	0	0	0	0	0	1	1	0	0	0	0	0	0	0	9.064094
178	0	0	0	0	0	0	0	0	0	0	0	0	0	1	0	0	0	4	0.0762	16	0.0058064	0	0	0	0	0	0	0	1	0	0	0	0	0	0	1	0	0	0	8.883064
178	0	1	0	0	0	0	1	0	0	0	0	0	0	0	0	0	0	4	0.127	16	0.016129	0	0	0	0	0	0	0	0	0	1	1	0	0	0	0	0	0	0	8.99223
178	1	0	0	0	0	1	0	0	0	0	0	0	0	1	1	0	0	8	0.127	64	0.016129	0	0	0	0	0	0	0	1	0	0	1	0	0	0	1	0	0	0	8.99223
178	0	1	0	0	1	0	1	0	0	1	0	0	0	0	0	0	0	3	0.1524	9	0.0232258	0	0	0	0	0	0	0	0	0	1	0	0	0	0	0	0	0	0	8.883064
178	0	1	1	0	0	0	1	0	0	0	0	0	0	0	0	0	0	0	0.0889	0	0.0079032	28	0	0	0	0	0	0	0	0	1	1	0	0	0	0	0	0	0	9.224616
178	0	1	0	0	0	0	0	0	0	0	0	0	0	0	0	0	0	2	0	4	0	0	0	0	0	0	0	0	0	0	1	1	0	0	0	0	0	0	0	9.321049
178	0	0	0	0	1	0	0	0	0	1	0	0	0	0	0	0	0	4	0.2286	16	0.052258	0	0	0	0	0	0	0	0	0	0	0	0	0	0	1	0	0	0	8.938133
178	0	0	0	0	1	0	0	0	0	1	0	0	0	1	0	0	0	5	0.127	25	0.016129	0	0	0	0	0	0	0	1	0	0	0	0	0	0	1	0	0	0	9.118523
178	0	0	0	0	0	0	1	0	0	0	0	0	0	0	0	0	3	5	0.0508001	25	0.0025806	0	0	0	0	0	0	0	0	3	0	0	0	0	0	0	0	0	1	9.101377
178	1	0	0	0	1	0	0	0	0	1	0	0	0	0	0	-1	0	8	0.1016001	64	0.0103226	0	0	0	0	0	0	0	0	-1	0	0	0	0	1	0	0	0	0	9.43159
178	1	0	0	1	0	0	0	0	0	0	0	0	0	1	0	0	0	6	0	36	0	0	0	1.5494	0	0	0	0	1	0	0	1	0	0	0	1	0	0	0	9.2512
178	1	1	0	0	0	0	0	0	0	0	0	0	0	0	0	0	0	5	0.1143	25	0.0130645	0	0	0	0	0	0	0	0	0	1	1	0	0	0	0	0	0	0	9.101377
178	0	0	0	0	0	0	1	0	0	0	0	0	0	1	0	0	0	2	0.1778001	4	0.0316129	0	0	0	0	0	0	0	1	0	0	0	0	0	0	1	0	0	0	8.99223
179	1	0	0	0	0	0	0	0	0	0	0	0	0	1	0	0	0	6	0.2032	36	0.0412902	0	0	0	0	0	0	0	0	0	0	1	0	0	0	1	0	0	0	9.689184
179	0	0	0	0	1	1	0	0	0	1	0	0	0	0	1	0	0	9	0.2285999	81	0.0522579	0	0	0	0	0	0	0	0	0	0	0	0	0	0	1	0	0	0	8.99223
179	0	0	0	0	1	1	0	0	0	1	0	0	0	0	1	0	0	7	0.127	49	0.016129	0	0	0	0	0	0	0	0	0	0	0	0	0	0	1	0	0	0	8.938133
179	1	0	1	0	1	1	0	0	0	1	0	0	0	1	1	0	0	0	0.1142999	0	0.0130645	23	0	0	0	0	0	0	0	0	0	0	0	0	0	1	0	0	0	8.848053
179	1	0	0	0	0	1	0	0	0	0	0	0	0	1	1	0	0	5	0.1523999	25	0.0232257	0	0	0	0	0	0	0	0	0	0	0	0	0	0	1	0	0	0	9.348535
179	0	0	0	1	1	0	0	0	0	1	0	0	0	1	0	0	0	5	0	25	0	0	0	1.524	0	0	0	0	0	0	0	0	0	0	0	1	0	0	0	8.99223
179	0	0	0	0	0	0	1	0	0	0	0	0	0	0	0	0	1	11	0.1015999	121	0.0103225	0	0	0	0	0	0	0	0	0	0	0	0	0	0	0	1	0	0	8.938133
179	1	1	1	0	0	0	1	0	0	0	0	0	0	0	0	0	0	0	0.2285999	0	0.0522579	23	0	0	0	0	0	0	0	0	0	0	0	0	0	0	0	0	0	9.235896
179	0	0	0	1	0	1	0	0	0	0	0	0	0	0	1	0	0	7	0	49	0	0	0	1.524	0	0	0	0	0	0	0	0	0	0	0	1	0	0	0	8.938133
179	1	0	0	1	0	1	0	0	0	0	0	0	0	1	1	0	0	8	0	64	0	0	0	1.524	0	0	0	0	0	0	0	0	0	0	0	1	0	0	0	9.539362
179	0	0	0	0	0	1	0	0	0	0	0	0	0	1	1	0	0	12	0.1523999	144	0.0232257	0	0	0	0	0	0	0	0	0	0	0	0	0	0	1	0	0	0	8.938133
179	0	1	1	0	0	0	1	0	0	0	0	0	0	0	0	0	0	0	0.1523999	0	0.0232257	23	0	0	0	0	0	0	0	0	0	1	0	0	0	0	0	0	0	9.101377
179	0	0	0	0	0	1	0	0	0	0	0	0	0	1	1	0	0	5	0.127	25	0.016129	0	0	0	0	0	0	0	0	0	0	0	0	0	0	1	0	0	0	8.99223
179	0	0	0	0	1	0	0	0	0	1	0	0	0	0	0	0	0	5	0.127	25	0.016129	0	0	0	0	0	0	0	0	0	0	0	0	0	0	1	0	0	0	8.938133
179	0	0	0	0	0	0	1	0	0	0	0	0	0	1	0	0	0	5	0.2158999	25	0.0466128	0	0	0	0	0	0	0	0	0	0	0	0	0	0	1	0	0	0	8.938133
184	1	0	0	0	0	0	0	0	0	0	0	0	0	1	1	0	0	5	0.1524	25	0.0232258	0	0	0	0	0	0	0	0	0	0	1	0	0	1	0	0	0	0	9.2512
184	0	0	0	0	0	0	1	0	0	0	0	0	0	0	0	0	4	5	0.2032	25	0.0412902	0	0	0	0	0	0	0	0	0	0	0	0	0	0	0	0	0	1	8.938133
184	0	0	0	0	0	0	0	0	0	0	0	0	0	0	1	-2	0	9	0.1016001	81	0.0103226	0	0	0	0	0	0	0	0	0	0	1	1	0	0	0	0	0	0	9.107023
184	1	0	0	0	0	0	0	0	0	0	0	0	0	1	1	0	0	7	0.1016001	49	0.0103226	0	0	0	0	0	0	0	0	0	0	0	0	0	1	0	0	0	0	9.208271
184	0	1	0	0	0	0	1	0	0	0	0	0	0	0	0	0	0	15	0.2032	225	0.0412902	0	0	0	0	0	0	0	0	0	0	0	0	0	0	0	0	0	0	9.002979
184	0	0	0	0	0	0	1	0	0	0	0	0	0	1	0	0	0	9	0.1524	81	0.0232258	0	0	0	0	0	0	0	0	0	0	1	0	0	1	0	0	0	0	9.273385
184	0	1	0	1	0	0	0	0	0	0	0	0	0	0	1	0	0	9	0	81	0	0	0	1.6256	0	0	0	0	0	0	0	1	0	0	0	0	0	0	0	9.208271
184	1	1	0	0	0	0	0	0	0	0	0	0	0	0	1	0	0	8	0.127	64	0.016129	0	0	0	0	0	0	0	0	0	0	1	0	0	0	0	0	0	0	9.2512
184	0	0	0	0	0	0	0	0	0	0	0	0	0	1	1	0	0	5	0.1016001	25	0.0103226	0	0	0	0	0	0	0	0	0	0	1	0	0	1	0	0	0	0	8.99223
184	0	0	0	0	0	0	0	0	0	0	0	0	0	1	1	0	0	8	0.0254	64	0.0006452	0	0	0	0	0	0	0	0	0	0	1	0	0	1	0	0	0	0	9.876092
184	0	1	1	1	0	0	1	0	0	0	0	0	0	0	0	0	0	0	0	0	0	23	0	1.6256	0	0	0	0	0	0	0	1	0	0	0	0	0	0	0	9.2512
184	0	0	0	0	0	0	0	0	0	0	0	0	0	1	1	0	0	11	0.0381	121	0.0014516	0	0	0	0	0	0	0	0	0	0	0	0	0	1	0	0	0	0	9.084581
184	0	0	0	0	0	0	1	0	0	0	0	0	0	1	0	0	0	7	0.0762	49	0.0058064	0	0	0	0	0	0	0	0	0	0	0	0	0	1	0	0	0	0	9.438108
186	1	0	0	0	1	1	0	0	0	1	0	0	0	1	0	0	0	4	0.127	16	0.016129	0	0	0	0	0	0	0	1	0	0	0	0	0	1	0	0	0	0	8.883064
186	1	0	0	0	1	0	0	0	0	1	0	0	0	1	0	0	0	10	0.1015999	100	0.0103225	0	0	0	0	0	0	0	1	0	0	0	0	0	1	0	0	0	0	8.938133
186	1	0	0	0	0	0	0	0	0	0	0	0	0	1	0	0	0	2	0.0508	4	0.0025806	0	0	0	0	0	0	0	1	0	0	1	0	0	1	0	0	0	0	8.99223
186	1	0	0	0	1	0	0	0	0	1	0	0	0	0	0	0	2	5	0	25	0	0	0	0	0	0	0	0	0	2	0	0	0	0	0	0	1	0	0	9.041653
186	1	0	0	0	0	0	0	0	0	0	0	0	0	1	0	0	0	6	0.127	36	0.016129	0	0	0	0	0	0	0	1	0	0	0	0	0	1	0	0	0	0	9.323274
188	0	0	0	0	0	0	0	0	0	0	0	0	0	1	1	0	0	8	0.1778001	64	0.0316129	0	0	0	0	1	0	0	0	0	0	1	0	0	0	0	0	0	0	8.99223
188	0	0	0	0	0	0	1	0	0	0	0	0	0	1	0	0	0	5	0.1778001	25	0.0316129	0	0	0	0	1	0	0	0	0	0	0	0	0	0	0	0	0	0	9.876092
188	0	1	0	0	1	0	1	0	0	1	0	0	0	0	0	0	0	7	0.0635	49	0.0040323	0	0	0	0	0	0	1	0	0	0	0	0	0	0	0	0	0	0	9.357899
188	0	0	0	0	0	0	1	0	0	0	0	0	0	0	0	0	4	11	0.4571999	121	0.2090318	0	0	0	0	0	4	0	0	0	0	1	0	0	0	1	0	0	0	9.848722
188	0	0	0	0	0	1	0	0	0	0	0	0	0	1	0	0	0	7	0.1778001	49	0.0316129	0	0	0	0	1	0	0	0	0	0	1	0	0	0	0	0	0	0	8.99223
188	0	0	0	0	0	0	1	0	0	0	0	0	0	1	0	0	0	5	0.1524	25	0.0232258	0	0	0	0	1	0	0	0	0	0	1	0	0	0	0	0	0	0	9.630926
188	0	1	0	0	0	0	0	0	0	0	0	0	0	0	1	0	0	5	0.0762	25	0.0058064	0	0	0	0	0	0	1	0	0	0	1	0	0	0	0	0	0	0	9.286845
189	0	0	0	1	0	0	0	0	0	0	0	0	0	0	1	-3	0	5	0	25	0	0	0	1.5748	0	0	0	0	0	0	0	1	1	0	0	0	0	0	0	9.208271
189	1	0	0	0	0	0	0	0	0	0	0	0	0	1	1	0	0	6	0.1015999	36	0.0103225	0	0	0	0	0	0	0	0	0	0	0	0	0	0	1	0	0	0	8.883064
189	1	0	0	0	0	0	0	0	0	0	0	0	0	1	1	0	0	8	0.1651	64	0.027258	0	0	0	0	0	0	0	0	0	0	0	0	0	0	1	0	0	0	9.348535
189	0	0	0	1	0	0	0	0	0	0	0	0	0	0	1	0	3	6	0	36	0	0	0	1.5748	0	0	0	0	0	0	0	0	0	0	0	0	0	0	1	10.0737
189	1	1	0	0	0	0	0	0	0	0	0	0	0	0	1	0	0	6	0.127	36	0.016129	0	0	0	0	0	0	0	0	0	0	1	0	0	0	0	0	0	0	9.2512
189	0	0	0	0	0	1	0	0	0	0	0	0	0	1	0	0	0	5	0.0508	25	0.0025806	0	0	0	0	0	0	0	0	0	0	1	0	0	0	1	0	0	0	9.101377
189	1	0	0	0	0	1	0	0	0	0	0	0	0	0	0	0	0	10	0.1524	100	0.0232258	0	0	0	0	0	0	0	0	0	0	1	0	0	0	1	0	0	0	8.99223
189	1	0	0	1	0	0	0	0	0	0	0	0	0	1	1	0	0	6	0	36	0	0	0	1.5748	0	0	0	0	0	0	0	0	0	0	0	1	0	0	0	9.2512
189	0	0	0	0	0	1	0	0	0	0	0	0	0	1	0	0	0	10	0.1524	100	0.0232258	0	0	0	0	0	0	0	0	0	0	0	0	0	0	1	0	0	0	8.938133
189	0	0	0	0	0	0	0	0	0	0	0	0	0	1	1	0	0	8	0.2032	64	0.0412902	0	0	0	0	0	0	0	0	0	0	0	0	0	0	1	0	0	0	9.340339
189	0	0	0	0	0	1	0	0	0	0	0	0	0	0	0	0	1	8	0.1015999	64	0.0103225	0	0	0	0	0	0	0	0	0	0	1	0	0	0	0	1	0	0	8.99223
189	0	0	0	0	0	0	0	0	0	0	0	0	0	1	1	0	0	10	0.1524	100	0.0232258	0	0	0	0	0	0	0	0	0	0	0	0	0	0	1	0	0	0	8.938133
189	0	0	0	0	0	0	0	0	0	0	0	0	0	1	1	0	0	7	0.0762	49	0.0058064	0	0	0	0	0	0	0	0	0	0	0	0	0	0	1	0	0	0	8.99223
189	0	0	0	0	0	0	0	0	0	0	0	0	0	1	1	0	0	4	0.0762	16	0.0058064	0	0	0	0	0	0	0	0	0	0	0	0	0	0	1	0	0	0	9.288423
189	0	0	0	1	0	0	0	0	0	0	0	0	0	1	1	0	0	8	0	64	0	0	0	1.5748	0	0	0	0	0	0	0	0	0	0	0	1	0	0	0	8.716446
191	0	0	0	0	0	1	0	0	0	0	0	0	0	1	0	0	0	6	0.0508	36	0.0025806	0	0	0	0	0	0	0	1	0	0	1	1	0	0	0	0	0	0	8.883064
191	0	1	0	1	0	0	1	0	0	0	0	0	0	0	0	0	0	4	0	16	0	0	0	1.651	0	0	0	0	0	0	1	0	0	0	0	0	0	0	0	9.2512
191	0	1	0	0	0	1	0	0	0	0	0	0	0	0	0	0	0	8	0	64	0	0	0	0	0	0	0	0	0	0	1	0	0	0	0	0	0	0	0	8.99223
191	0	0	0	0	0	0	1	0	0	0	0	0	0	0	0	0	2	3	0.1777999	9	0.0316128	0	0	0	0	0	0	0	0	2	0	1	0	0	1	0	0	0	0	9.814734
191	1	1	1	0	0	0	0	0	0	0	0	0	0	0	1	0	0	0	0.127	0	0.016129	26	0	0	0	0	0	0	0	0	1	1	0	0	0	0	0	0	0	9.848722
191	0	0	0	0	1	0	1	0	0	1	0	0	0	0	0	0	2	4	0.1777999	16	0.0316128	0	0	0	0	0	0	0	0	2	0	0	0	0	1	0	0	0	0	9.689184
191	1	0	0	0	0	0	0	0	0	0	0	0	0	0	1	0	2	2	0.039	4	0.001521	0	0	0	0	0	0	0	0	2	0	1	0	0	1	0	0	0	0	9.848722
191	0	1	0	0	0	0	0	0	0	0	0	0	0	0	1	0	0	7	0.2286	49	0.052258	0	0	0	0	0	0	0	0	0	1	1	0	0	0	0	0	0	0	8.99223
191	0	0	0	0	0	0	0	0	0	0	0	0	0	0	1	0	4	11	0.1777999	121	0.0316128	0	0	0	0	0	0	0	0	4	0	0	0	0	0	0	1	0	0	9.208271
191	0	0	0	0	0	0	0	0	0	0	0	0	0	1	1	0	0	10	0	100	0	0	0	0	0	0	0	0	1	0	0	1	1	0	0	0	0	0	0	9.260187
191	1	0	0	0	0	0	0	0	0	0	0	0	0	0	1	0	2	8	0.1396999	64	0.0195161	0	0	0	0	0	0	0	0	2	0	0	0	0	1	0	0	0	0	9.235896
192	1	1	0	0	0	0	0	0	0	0	0	0	0	0	0	0	0	3	0.0889	9	0.0079032	0	0	0	0	0	0	0	0	0	1	0	0	0	0	0	0	0	0	9.848722
192	1	0	0	0	0	1	0	0	0	0	0	0	0	1	1	0	0	8	0.0381	64	0.0014516	0	0	0	0	0	0	0	1	0	0	0	0	0	0	0	0	0	0	9.208271
192	0	1	0	0	0	0	0	0	0	0	0	0	0	0	0	0	0	6	0.0889	36	0.0079032	0	0	0	0	0	0	0	0	0	1	0	0	0	0	0	0	0	0	8.883064
192	0	1	0	1	0	1	0	0	0	0	0	0	0	0	1	0	0	3	0	9	0	0	0	1.6129	0	0	0	0	0	0	1	0	0	0	0	0	0	0	0	9.321049
192	1	1	0	1	0	0	0	0	0	0	0	0	0	0	0	0	0	2	0	4	0	0	0	1.6129	0	0	0	0	0	0	1	1	0	0	0	0	0	0	0	9.989575
192	0	1	0	0	0	0	1	0	0	0	0	0	0	0	0	0	0	4	0.0762	16	0.0058064	0	0	0	0	0	0	0	0	0	1	1	0	0	0	0	0	0	0	9.101377
192	0	1	0	0	0	0	0	0	0	0	0	0	0	0	0	0	0	7	0.0381	49	0.0014516	0	0	0	0	0	0	0	0	0	1	1	0	0	0	0	0	0	0	9.809099
192	1	1	0	0	0	0	1	0	0	0	0	0	0	0	0	0	0	7	0.1143	49	0.0130645	0	0	0	0	0	0	0	0	0	1	1	0	0	0	0	0	0	0	10.0737
192	0	0	0	0	0	0	0	0	0	0	0	0	0	0	0	0	7	7	0.0381	49	0.0014516	0	0	0	0	0	0	0	0	7	0	0	0	0	0	0	0	0	1	9.876092
192	0	0	0	0	0	1	0	0	0	0	0	0	0	0	1	0	3	7	0.1651	49	0.027258	0	0	0	0	0	0	0	0	3	0	0	0	0	1	0	0	0	0	9.494866
192	0	0	0	0	0	0	0	0	0	0	0	0	0	1	0	0	0	6	0.2158999	36	0.0466128	0	0	0	0	0	0	0	1	0	0	0	0	0	0	0	0	0	0	8.883064
192	0	0	0	0	0	0	1	0	0	0	0	0	0	1	0	0	0	5	0.1143	25	0.0130645	0	0	0	0	0	0	0	1	0	0	1	0	0	0	0	0	0	0	9.440964
192	1	0	0	0	0	0	1	0	0	0	0	0	0	0	0	0	1	3	0.1396999	9	0.0195161	0	0	0	0	0	0	0	0	1	0	0	1	0	0	0	0	0	0	9.848722
192	0	1	0	0	0	0	1	0	0	0	0	0	0	0	0	0	0	5	0.0381	25	0.0014516	0	0	0	0	0	0	0	0	0	1	1	0	0	0	0	0	0	0	9.15443
192	0	1	0	0	0	0	1	0	0	0	0	0	0	0	0	0	0	13	-0.0127	169	0.0001613	0	0	0	0	0	0	0	0	0	1	1	0	0	0	0	0	0	0	9.2512
193	0	0	0	0	0	0	0	0	0	0	0	0	0	0	1	0	2	6	0.1015999	36	0.0103225	0	0	0	0	0	0	0	0	2	0	1	0	0	0	1	0	0	0	9.876092
193	0	0	0	0	0	0	0	0	0	0	0	0	0	0	1	0	2	4	0.2032	16	0.0412902	0	0	0	0	0	0	0	0	2	0	1	0	0	0	1	0	0	0	9.2512
193	0	0	0	0	0	0	0	0	0	0	0	0	0	0	1	0	5	6	0.1015999	36	0.0103225	0	0	0	0	0	0	0	0	5	0	1	0	0	0	0	0	0	1	9.673881
193	1	0	0	0	0	0	0	0	0	0	0	0	0	0	1	0	2	6	0.1905	36	0.0362903	0	0	0	0	0	0	0	0	2	0	1	0	0	0	1	0	0	0	10.07391
193	0	0	0	0	0	1	0	0	0	0	0	0	0	1	0	0	0	2	0.0762	4	0.0058064	0	0	0	0	0	0	0	1	0	0	0	0	1	0	0	0	0	0	9.440964
193	1	1	0	0	0	0	0	0	0	0	0	0	0	0	1	0	0	6	0.1524	36	0.0232258	0	0	0	0	0	0	0	0	0	1	1	0	0	0	0	0	0	0	9.848722
193	0	1	0	0	0	0	0	0	0	0	0	0	0	0	1	0	0	8	0.127	64	0.016129	0	0	0	0	0	0	0	0	0	1	0	0	0	0	0	0	0	0	9.440964
193	0	1	0	0	0	0	0	0	0	0	0	0	0	0	1	0	0	7	0.127	49	0.016129	0	0	0	0	0	0	0	0	0	1	0	0	0	0	0	0	0	0	9.848722
193	0	0	0	0	0	0	1	0	0	0	0	0	0	0	0	0	3	6	0.1777999	36	0.0316128	0	0	0	0	0	0	0	0	3	0	0	0	0	0	0	1	0	0	9.848722
193	0	0	0	0	0	1	0	0	0	0	0	0	0	0	0	0	2	9	0.0762	81	0.0058064	0	0	0	0	0	0	0	0	2	0	1	0	0	0	1	0	0	0	9.848722
193	0	0	0	0	0	0	0	0	0	0	0	0	0	1	1	0	0	6	0.1524	36	0.0232258	0	0	0	0	0	0	0	1	0	0	0	0	1	0	0	0	0	0	9.208271
193	1	0	0	0	0	1	0	0	0	0	0	0	0	0	0	0	3	5	0.0762	25	0.0058064	0	0	0	0	0	0	0	0	3	0	0	0	0	0	0	1	0	0	9.830038
193	1	0	0	0	0	0	1	0	0	0	0	0	0	0	0	0	5	4	0.2286	16	0.052258	0	0	0	0	0	0	0	0	5	0	0	0	0	0	0	0	0	1	9.93285
193	0	0	0	0	0	0	0	0	0	0	0	0	0	0	1	0	5	4	0.0254	16	0.0006452	0	0	0	0	0	0	0	0	5	0	0	0	0	0	0	0	0	1	10.07391
194	0	0	0	0	0	0	1	0	0	0	0	0	0	1	0	0	0	9	0.0508	81	0.0025806	0	0	0	0	1	0	0	0	0	0	1	0	0	0	0	0	0	1	8.825611
194	0	1	0	0	0	0	1	0	0	0	0	0	0	0	0	0	0	8	0.0761999	64	0.0058064	0	0	0	0	0	0	1	0	0	0	0	0	0	0	0	0	0	0	9.440964
194	0	0	0	0	0	0	0	0	0	0	0	0	0	1	1	0	0	10	0.127	100	0.016129	0	0	0	0	1	0	0	0	0	0	0	0	0	0	0	0	0	1	8.716446
194	0	1	0	0	0	0	0	0	0	0	0	0	0	0	1	0	0	11	0.2032	121	0.0412902	0	0	0	0	0	0	1	0	0	0	0	0	0	0	0	0	0	0	8.93498
194	0	0	0	1	0	0	0	0	0	0	0	0	0	1	1	0	0	11	0	121	0	0	0	1.6002	0	1	0	0	0	0	0	0	0	0	0	0	0	0	1	9.689184
194	0	0	0	0	0	0	1	0	0	0	0	0	0	1	0	0	0	5	0.0761999	25	0.0058064	0	0	0	0	1	0	0	0	0	0	0	0	0	0	0	0	0	1	9.809099
194	0	0	0	0	0	0	0	0	0	0	0	0	0	1	1	0	0	5	-0.0254	25	0.0006452	0	0	0	0	1	0	0	0	0	0	0	0	0	0	0	0	0	1	8.883064
194	1	1	0	0	0	0	0	0	0	0	0	0	0	0	1	0	0	3	0.127	9	0.016129	0	0	0	0	0	0	1	0	0	0	0	0	0	0	0	0	0	0	9.876092
194	0	0	0	0	1	0	0	0	0	1	0	0	0	1	1	0	0	7	0.1015999	49	0.0103225	0	0	0	0	1	0	0	0	0	0	0	0	0	0	0	0	0	1	8.99223
194	0	0	0	0	0	0	0	0	0	0	0	0	0	1	1	0	0	6	0.0761999	36	0.0058064	0	0	0	0	1	0	0	0	0	0	1	0	0	0	0	0	0	1	9.024206
194	0	0	0	0	0	0	0	0	0	0	0	0	0	1	1	0	0	6	0.0253999	36	0.0006452	0	0	0	0	1	0	0	0	0	0	1	0	0	0	0	0	0	1	8.883064
196	0	0	0	0	0	1	0	0	0	0	0	0	0	1	1	0	0	5	0.1015999	25	0.0103225	0	0	0	0	0	0	0	0	0	0	0	0	0	0	0	0	0	0	9.288423
196	0	0	0	0	0	0	0	0	1	0	0	0	0	0	0	0	1	6	0.1777999	36	0.0316128	0	0	0	0	0	0	0	0	0	0	1	1	0	0	0	0	0	0	9.127307
196	0	0	0	0	0	1	0	0	1	0	0	0	0	1	1	0	0	6	0.1523999	36	0.0232257	0	0	0	0	0	0	0	0	0	0	1	0	0	0	0	0	0	0	9.2512
196	0	1	0	0	1	0	0	0	0	0	0	0	0	0	0	0	0	6	0.1777999	36	0.0316128	0	0	0	0	0	0	0	0	0	0	0	0	0	0	0	0	0	0	8.99223
196	0	1	0	0	0	0	0	0	0	0	0	0	0	0	0	0	0	6	0.1015999	36	0.0103225	0	0	0	0	0	0	0	0	0	0	0	0	0	0	0	0	0	0	9.2512
196	0	1	0	0	0	0	1	0	1	0	0	0	0	0	0	0	0	4	0.1523999	16	0.0232257	0	0	0	0	0	0	0	0	0	0	1	0	0	0	0	0	0	0	9.438108
196	0	0	0	0	0	0	1	0	0	0	0	0	0	1	0	0	0	5	0.2539999	25	0.064516	0	0	0	0	0	0	0	0	0	0	0	0	0	0	0	0	0	0	8.883064
196	1	1	0	0	0	1	0	0	1	0	0	0	0	0	1	0	0	2	0.2032	4	0.0412902	0	0	0	0	0	0	0	0	0	0	1	0	0	0	0	0	0	0	9.876092
196	1	0	0	0	0	1	0	0	1	0	0	0	0	0	1	0	5	4	0.1523999	16	0.0232257	0	0	0	0	0	0	0	0	0	0	1	0	0	0	0	1	0	0	9.689184
196	0	0	0	0	1	0	1	0	0	0	0	0	0	1	0	0	0	6	0.1523999	36	0.0232257	0	0	0	0	0	0	0	0	0	0	0	0	0	0	0	0	0	0	9.121804
198	0	1	0	0	0	0	0	0	0	0	0	0	0	0	1	0	0	7	0.2539999	49	0.064516	0	0	0	0	0	0	0	0	0	1	0	0	0	0	0	0	0	0	8.883064
198	0	0	1	1	0	0	0	0	1	0	0	0	0	1	1	0	0	0	0	0	0	27	0	1.524	0	0	0	0	1	0	0	1	0	0	1	0	0	0	0	9.2512
198	0	0	0	0	0	1	0	0	1	0	0	0	0	1	0	0	0	4	0.1777999	16	0.0316128	0	0	0	0	0	0	0	1	0	0	1	0	0	1	0	0	0	0	9.2512
198	1	0	0	0	0	0	0	0	0	0	0	0	0	1	1	0	0	4	0.127	16	0.016129	0	0	0	0	0	0	0	1	0	0	0	0	0	1	0	0	0	0	9.848722
198	0	1	0	0	0	0	0	0	1	0	0	0	0	0	1	0	0	5	0.1015999	25	0.0103225	0	0	0	0	0	0	0	0	0	1	1	0	0	0	0	0	0	0	9.689184
198	0	0	0	0	0	0	0	0	1	0	0	0	0	0	1	0	1	6	0.1777999	36	0.0316128	0	0	0	0	0	0	0	0	1	0	1	0	0	0	1	0	0	0	9.235896
198	0	0	0	1	0	0	1	0	1	0	0	0	0	1	0	0	0	4	0	16	0	0	0	1.524	0	0	0	0	1	0	0	1	0	0	1	0	0	0	0	10.07391
198	0	1	1	1	0	0	1	0	0	0	0	0	0	0	0	0	0	0	0	0	0	27	0	1.524	0	0	0	0	0	0	1	0	0	0	0	0	0	0	0	9.494866
198	0	0	0	0	0	0	0	0	0	0	0	0	0	1	1	0	0	9	0.0762	81	0.0058064	0	0	0	0	0	0	0	1	0	0	0	0	0	1	0	0	0	0	9.2512
198	0	1	0	0	0	0	0	0	1	0	0	0	0	0	1	0	0	5	0.1904999	25	0.0362902	0	0	0	0	0	0	0	0	0	1	1	0	0	0	0	0	0	0	8.99223
200	1	1	0	0	0	0	1	1	0	0	0	0	0	0	0	0	0	6	0.2540001	36	0.064516	0	0	0	0	0	0	0	0	0	0	1	0	0	0	0	0	0	0	9.208271
200	1	0	0	0	0	1	0	0	0	0	0	0	0	0	1	0	0	14	0.1778001	196	0.0316129	0	0	0	0	0	0	0	0	0	0	1	0	0	0	0	0	0	0	9.053135
200	0	0	0	0	1	0	1	0	0	1	0	0	0	0	0	0	0	9	0.0762	81	0.0058064	0	0	0	0	0	0	0	0	0	0	0	0	0	0	0	0	0	1	8.938133
200	1	0	0	0	0	1	0	0	0	0	0	0	0	0	1	0	0	11	0.127	121	0.016129	0	0	0	0	0	0	0	0	0	0	0	0	0	0	0	1	0	0	8.771515
200	0	1	1	1	1	0	0	1	0	1	0	0	0	0	0	0	0	0	0	0	0	24	0	1.5494	0	0	0	0	0	0	0	0	0	0	0	0	0	0	0	8.938133
200	0	0	0	0	1	0	1	0	0	1	0	0	0	0	0	0	0	8	0.0762	64	0.0058064	0	0	0	0	0	0	0	0	0	0	0	0	0	1	0	0	0	0	8.938133
200	0	1	0	0	1	0	1	1	0	1	0	0	0	0	0	0	0	4	0.1524	16	0.0232258	0	0	0	0	0	0	0	0	0	0	0	0	0	0	0	0	0	0	9.041653
200	0	1	0	0	1	0	1	1	0	1	0	0	0	0	0	0	0	7	0.0889	49	0.0079032	0	0	0	0	0	0	0	0	0	0	0	0	0	0	0	0	0	0	9.208271
200	0	0	0	0	0	0	1	0	0	0	0	0	0	0	0	0	0	11	0.0762	121	0.0058064	0	0	0	0	0	0	0	0	0	0	0	0	0	0	1	0	0	0	9.208271
200	0	1	0	1	1	0	1	1	0	1	0	0	0	0	0	0	0	6	0	36	0	0	0	1.5494	0	0	0	0	0	0	0	0	0	0	0	0	0	0	0	9.208271
200	1	0	0	0	1	1	0	0	0	1	0	0	0	0	1	0	0	7	0.1524	49	0.0232258	0	0	0	0	0	0	0	0	0	0	0	0	0	0	0	1	0	0	8.716446
200	0	0	0	0	1	0	0	0	0	1	0	0	0	0	0	0	0	8	0.127	64	0.016129	0	0	0	0	0	0	0	0	0	0	0	0	0	1	0	0	0	0	9.208271
200	0	0	0	0	1	0	1	0	0	1	0	0	0	0	0	0	0	5	0.1778001	25	0.0316129	0	0	0	0	0	0	0	0	0	0	0	0	0	1	0	0	0	0	8.848053
200	0	1	1	1	1	0	1	1	0	1	0	0	0	0	0	0	0	0	0	0	0	24	0	1.5494	0	0	0	0	0	0	0	0	0	0	0	0	0	0	0	8.938133
200	1	0	0	0	0	1	0	0	0	0	0	0	0	0	1	0	0	12	0.0762	144	0.0058064	0	0	0	0	0	0	0	0	0	0	0	1	0	0	0	0	0	0	8.99223
202	0	1	0	0	0	0	0	0	0	0	0	0	0	0	0	0	0	5	0.2032	25	0.0412902	0	0	0	0	0	0	0	0	0	0	0	0	0	0	0	0	0	0	9.314216
202	1	1	0	0	0	1	0	0	0	0	0	0	0	0	1	0	0	5	0.1523999	25	0.0232257	0	0	0	0	0	0	0	0	0	0	0	0	0	0	0	0	0	0	9.372788
202	0	1	0	0	0	0	1	0	0	0	0	0	0	0	0	0	0	7	0.127	49	0.016129	0	0	0	0	0	0	0	0	0	0	1	0	0	0	0	0	0	0	8.99223
202	0	1	0	0	1	0	1	0	0	1	0	0	0	0	0	0	0	8	0.1015999	64	0.0103225	0	0	0	0	0	0	0	0	0	0	0	0	0	0	0	0	0	0	9.288423
202	1	1	0	1	0	0	1	0	0	0	0	0	0	0	0	0	0	5	0	25	0	0	0	1.6002	0	0	0	0	0	0	0	1	0	0	0	0	0	0	0	9.307697
202	0	1	1	1	0	0	1	0	0	0	0	0	0	0	0	0	0	0	0	0	0	23	0	1.6002	0	0	0	0	0	0	0	0	0	0	0	0	0	0	0	9.208271
202	0	1	0	0	0	0	1	0	0	0	0	0	0	0	0	0	0	5	0.0761999	25	0.0058064	0	0	0	0	0	0	0	0	0	0	0	0	0	0	0	0	0	0	9.208271
202	1	1	0	0	0	0	1	0	0	0	0	0	0	0	0	0	0	6	0.1523999	36	0.0232257	0	0	0	0	0	0	0	0	0	0	1	0	0	0	0	0	0	0	8.99223
202	0	1	0	0	0	0	1	0	0	0	0	0	0	0	0	0	0	7	0.0253999	49	0.0006452	0	0	0	0	0	0	0	0	0	0	1	0	0	0	0	0	0	0	9.273385
202	0	1	0	1	0	0	1	0	0	0	0	0	0	0	0	0	0	10	0	100	0	0	0	1.6002	0	0	0	0	0	0	0	1	0	0	0	0	0	0	0	8.99223
202	0	1	0	0	0	1	0	0	0	0	0	0	0	0	1	0	0	5	0.0761999	25	0.0058064	0	0	0	0	0	0	0	0	0	0	0	0	0	0	0	0	0	0	9.2512
202	1	1	0	1	0	0	1	0	0	0	0	0	0	0	0	0	0	7	0	49	0	0	0	1.6002	0	0	0	0	0	0	0	1	0	0	0	0	0	0	0	9.208271
202	0	1	0	0	0	0	1	0	0	0	0	0	0	0	0	0	0	15	0.1777999	225	0.0316128	0	0	0	0	0	0	0	0	0	0	1	0	0	0	0	0	0	0	8.938133
202	0	0	0	0	0	0	0	0	0	0	0	0	0	1	0	0	0	6	0.1015999	36	0.0103225	0	0	0	0	0	0	0	0	0	0	0	0	0	0	0	0	0	0	9.430214
202	1	1	0	0	0	0	1	0	0	0	0	0	0	0	0	0	0	5	-0.0635	25	0.0040323	0	0	0	0	0	0	0	0	0	0	1	0	0	0	0	0	0	0	9.208271
206	0	0	0	0	1	0	1	0	0	1	0	0	0	1	0	0	0	6	0.2032	36	0.0412902	0	0	0	0	0	0	0	1	0	0	0	0	0	0	1	0	0	0	9.286845
206	1	0	0	0	0	0	0	0	0	0	0	0	0	1	0	0	0	5	0.2539999	25	0.064516	0	0	0	0	0	0	0	1	0	0	0	0	0	0	1	0	0	0	9.2512
206	0	1	0	0	1	0	1	0	0	1	0	0	0	0	0	0	0	3	0.1523999	9	0.0232257	0	0	0	0	0	0	0	0	0	1	0	0	0	0	0	0	0	0	9.876092
206	0	1	0	0	0	0	1	0	0	0	0	0	0	0	0	0	0	4	0.1777999	16	0.0316128	0	0	0	0	0	0	0	0	0	1	0	0	0	0	0	0	0	0	9.440964
206	0	1	0	0	1	0	1	0	0	1	0	0	0	0	0	0	0	1	0.1523999	1	0.0232257	0	0	0	0	0	0	0	0	0	1	0	0	0	0	0	0	0	0	9.224642
206	1	0	0	0	0	0	0	0	0	0	0	0	0	0	0	-1	0	5	0.1523999	25	0.0232257	0	0	0	0	0	0	0	0	-1	0	1	0	0	1	0	0	0	0	9.848722
206	0	0	0	0	0	0	1	0	0	0	0	0	0	1	0	0	0	2	0.2032	4	0.0412902	0	0	0	0	0	0	0	1	0	0	0	0	0	0	1	0	0	0	9.848722
206	1	0	0	0	0	0	1	0	0	0	0	0	0	0	0	0	1	1	0.1523999	1	0.0232257	0	0	0	0	0	0	0	0	1	0	0	0	0	0	0	1	0	0	10.0737
206	0	0	0	0	1	0	1	0	0	1	0	0	0	0	0	-1	0	6	0.127	36	0.016129	0	0	0	0	0	0	0	0	-1	0	0	0	0	1	0	0	0	0	9.689184
206	0	1	0	0	1	0	1	0	0	1	0	0	0	0	0	0	0	6	0.2539999	36	0.064516	0	0	0	0	0	0	0	0	0	1	0	0	0	0	0	0	0	0	9.848722
206	0	0	0	0	0	0	1	0	0	0	0	0	0	0	0	0	3	8	0.0762	64	0.0058064	0	0	0	0	0	0	0	0	3	0	0	0	0	0	0	0	0	1	10.0737
206	1	0	0	0	0	0	0	0	0	0	0	0	0	0	0	-1	0	3	0.0762	9	0.0058064	0	0	0	0	0	0	0	0	-1	0	0	0	0	1	0	0	0	0	9.848722
207	0	0	0	0	0	1	0	0	0	0	0	0	0	1	0	0	0	5	0.0762	25	0.0058064	0	0	0	0	1	0	0	0	0	0	0	0	0	1	0	0	0	0	8.883064
207	0	0	0	1	0	0	0	0	0	0	0	0	0	1	1	0	0	7	0	49	0	0	0	1.524	0	1	0	0	0	0	0	0	0	0	1	0	0	0	0	8.99223
207	0	1	0	0	0	0	0	0	0	0	0	0	0	0	1	0	0	9	0.0762	81	0.0058064	0	0	0	0	0	0	1	0	0	0	1	0	0	0	0	0	0	0	9.044147
207	0	0	0	0	0	0	0	0	0	0	0	0	0	1	1	0	0	7	0.1523999	49	0.0232257	0	0	0	0	1	0	0	0	0	0	0	0	0	1	0	0	0	0	8.99223
207	0	0	0	0	0	0	0	0	0	0	0	0	0	1	1	0	0	7	0.0762	49	0.0058064	0	0	0	0	1	0	0	0	0	0	1	0	0	1	0	0	0	0	9.494866
207	1	1	0	0	1	0	0	0	0	1	0	0	0	0	1	0	0	3	0.1777999	9	0.0316128	0	0	0	0	0	0	1	0	0	0	0	0	0	0	0	0	0	0	9.192645
207	0	0	0	0	0	1	0	0	0	0	0	0	0	1	0	0	0	10	0.2794	100	0.0780644	0	0	0	0	1	0	0	0	0	0	1	0	0	1	0	0	0	0	9.288423
207	0	0	0	0	0	0	1	0	0	0	0	0	0	1	0	0	0	6	0.127	36	0.016129	0	0	0	0	1	0	0	0	0	0	1	0	0	1	0	0	0	0	9.307697
208	0	0	0	0	0	0	0	0	0	0	0	0	0	1	1	0	0	5	0.0254	25	0.0006452	0	0	0	0	0	0	0	0	0	0	1	0	0	1	0	0	0	0	8.93498
208	1	0	0	0	0	0	0	0	0	0	0	0	0	1	1	0	0	8	0.1143	64	0.0130645	0	0	0	0	0	0	0	0	0	0	1	0	0	1	0	0	0	0	9.989575
208	0	0	0	0	0	0	1	0	0	0	0	0	0	1	0	0	0	11	0.0254	121	0.0006452	0	0	0	0	0	0	0	0	0	0	1	0	0	1	0	0	0	0	9.101377
208	1	1	0	0	0	1	0	0	0	0	0	0	0	0	0	0	0	6	0.0762	36	0.0058064	0	0	0	0	0	0	0	0	0	0	1	0	0	0	0	0	0	0	9.830038
208	0	1	1	1	1	0	1	0	0	1	0	0	0	0	0	0	0	0	0	0	0	33	0	1.5748	0	0	0	0	0	0	0	0	0	0	0	0	0	0	0	9.208271
208	1	1	0	0	0	0	1	0	0	0	0	0	0	0	0	0	0	3	0.1252	9	0.015675	0	0	0	0	0	0	0	0	0	0	1	0	0	0	0	0	0	0	9.371115
208	0	0	0	0	0	1	0	0	0	0	0	0	0	1	0	0	0	2	0.127	4	0.016129	0	0	0	0	0	0	0	0	0	0	1	0	0	1	0	0	0	0	8.793956
208	0	0	0	0	0	1	0	0	0	0	0	0	0	1	0	0	0	5	0	25	0	0	0	0	0	0	0	0	0	0	0	0	0	0	1	0	0	0	0	9.076596
208	0	0	0	0	1	1	0	0	0	1	0	0	0	1	0	0	0	-1	0.2794	1	0.0780644	0	0	0	0	0	0	0	0	0	0	0	0	0	1	0	0	0	0	9.440964
208	1	0	0	0	0	1	0	0	0	0	0	0	0	1	0	0	0	4	0.1524	16	0.0232258	0	0	0	0	0	0	0	0	0	0	0	0	0	1	0	0	0	0	8.99223
208	0	0	0	0	0	1	0	0	0	0	0	0	0	0	0	0	1	6	0.1524	36	0.0232258	0	0	0	0	0	0	0	0	0	0	1	0	0	0	1	0	0	0	8.883064
208	0	0	0	0	0	1	0	0	0	0	0	0	0	1	0	0	0	9	0.0762	81	0.0058064	0	0	0	0	0	0	0	0	0	0	0	0	0	1	0	0	0	0	9.288423
209	0	1	0	1	0	0	0	0	0	0	0	0	0	0	0	0	0	8	0	64	0	0	0	1.5494	0	0	0	0	0	0	0	1	0	0	0	0	0	0	0	9.181799
209	1	1	0	0	0	0	1	0	0	0	1	0	0	0	0	0	0	4	0.0762	16	0.0058064	0	0	0	0	0	0	0	0	0	0	1	0	0	0	0	0	0	0	9.208271
209	1	1	0	0	0	0	1	0	0	0	1	0	0	0	0	0	0	7	0.2286	49	0.052258	0	0	0	0	0	0	0	0	0	0	1	0	0	0	0	0	0	0	9.438108
209	0	0	0	0	0	0	0	0	0	0	0	0	0	1	0	0	0	5	0.1397001	25	0.0195161	0	0	0	0	0	0	0	0	0	0	0	0	0	0	0	0	0	0	9.288423
209	0	0	1	0	0	0	0	0	0	0	0	0	0	1	0	0	0	0	0.2286	0	0.052258	22	0	0	0	0	0	0	0	0	0	0	0	0	0	0	0	0	0	9.101377
209	1	0	0	0	0	1	0	0	0	0	0	0	0	1	0	0	0	4	0.127	16	0.016129	0	0	0	0	0	0	0	0	0	0	0	0	0	0	0	0	0	0	10.0737
209	0	1	0	0	1	0	1	0	0	1	1	0	0	0	0	0	0	7	0.0508001	49	0.0025806	0	0	0	0	0	0	0	0	0	0	0	0	0	0	0	0	0	0	8.99223
209	0	0	0	0	1	0	1	0	0	1	1	0	0	1	0	0	0	8	0.1778001	64	0.0316129	0	0	0	0	0	0	0	0	0	0	0	0	0	0	0	0	0	0	9.366202
209	0	1	0	0	0	0	1	0	0	0	1	0	0	0	0	0	0	6	0.1524	36	0.0232258	0	0	0	0	0	0	0	0	0	0	1	0	0	0	0	0	0	0	9.208271
209	0	1	0	0	0	0	0	0	0	0	0	0	0	0	0	0	0	4	0.1524	16	0.0232258	0	0	0	0	0	0	0	0	0	0	0	0	0	0	0	0	0	0	8.738888
209	1	1	0	0	0	0	0	0	0	0	0	0	0	0	0	0	0	6	0.0762	36	0.0058064	0	0	0	0	0	0	0	0	0	0	1	0	0	0	0	0	0	0	9.286845
209	1	1	1	1	0	0	1	0	0	0	1	0	0	0	0	0	0	0	0	0	0	22	0	1.5494	0	0	0	0	0	0	0	0	0	0	0	0	0	0	0	9.395179
211	0	1	0	0	0	0	0	0	0	0	0	0	0	0	1	0	0	6	0.1016001	36	0.0103226	0	0	0	0	0	0	0	0	0	0	1	0	0	0	0	0	0	0	9.180885
211	0	1	0	0	0	0	0	0	0	0	0	0	0	0	1	0	0	2	0.0508001	4	0.0025806	0	0	0	0	0	0	0	0	0	0	0	0	0	0	0	0	0	0	9.112145
211	1	0	0	0	0	1	0	0	0	0	0	0	0	1	0	0	0	7	0.1778001	49	0.0316129	0	0	0	0	0	0	0	0	0	0	0	0	0	1	0	0	0	0	9.39822
211	0	0	0	0	0	0	0	0	0	0	0	0	0	1	1	0	0	5	0.1016001	25	0.0103226	0	0	0	0	0	0	0	0	0	0	0	0	0	1	0	0	0	0	8.99223
211	0	0	0	0	0	0	0	0	0	0	0	0	0	1	1	0	0	3	0.2286	9	0.052258	0	0	0	0	0	0	0	0	0	0	1	0	0	1	0	0	0	0	8.99223
211	1	0	0	0	0	0	0	0	0	0	0	0	0	1	1	0	0	2	0.0762	4	0.0058064	0	0	0	0	0	0	0	0	0	0	0	0	0	1	0	0	0	0	9.235896
211	0	0	1	0	0	1	0	0	0	0	0	0	0	1	0	0	0	0	0.1143	0	0.0130645	30	0	0	0	0	0	0	0	0	0	0	0	0	1	0	0	0	0	8.883064
211	0	1	0	1	0	0	0	0	0	0	0	0	0	0	1	0	0	5	0	25	0	0	0	1.5494	0	0	0	0	0	0	0	1	0	0	0	0	0	0	0	8.99223
211	0	1	0	0	0	0	1	0	0	0	0	0	0	0	0	0	0	5	0.1524	25	0.0232258	0	0	0	0	0	0	0	0	0	0	1	0	0	0	0	0	0	0	9.044147
211	1	0	0	0	0	0	0	0	0	0	0	0	0	1	1	0	0	3	0.1143	9	0.0130645	0	0	0	0	0	0	0	0	0	0	1	0	0	1	0	0	0	0	8.99223
211	1	0	0	0	0	0	0	0	0	0	0	0	0	0	1	0	1	5	0.2286	25	0.052258	0	0	0	0	0	0	0	0	0	0	1	0	0	0	1	0	0	0	9.101377
211	0	0	0	0	0	1	0	0	0	0	0	0	0	1	0	0	0	5	0.127	25	0.016129	0	0	0	0	0	0	0	0	0	0	0	0	0	1	0	0	0	0	9.458821
211	0	0	0	0	0	0	0	0	0	0	0	0	0	1	1	0	0	12	0.127	144	0.016129	0	0	0	0	0	0	0	0	0	0	0	0	0	1	0	0	0	0	9.107232
211	0	0	0	0	0	0	0	0	0	0	0	0	0	1	1	0	0	7	0.0508001	49	0.0025806	0	0	0	0	0	0	0	0	0	0	1	0	0	1	0	0	0	0	8.938133
212	1	1	0	0	0	0	1	0	0	0	0	0	0	0	0	0	0	4	0.127	16	0.016129	0	0	0	0	0	0	0	0	0	1	1	0	0	0	0	0	0	0	9.680216
212	1	0	0	0	0	0	0	0	0	0	0	0	0	1	1	0	0	7	0.1777999	49	0.0316128	0	0	0	0	0	0	0	1	0	0	1	0	0	0	1	0	0	0	9.438108
212	1	0	0	0	0	0	0	0	0	0	0	0	0	1	1	0	0	6	0.0761999	36	0.0058064	0	0	0	0	0	0	0	1	0	0	0	0	0	0	1	0	0	0	9.876092
212	1	1	0	0	0	0	0	0	0	0	0	0	0	0	1	0	0	4	0.0761999	16	0.0058064	0	0	0	0	0	0	0	0	0	1	1	0	0	0	0	0	0	0	9.2512
212	1	1	0	0	0	0	1	0	0	0	0	0	0	0	0	0	0	4	0.2032	16	0.0412902	0	0	0	0	0	0	0	0	0	1	1	0	0	0	0	0	0	0	9.874296
213	0	0	0	1	0	0	0	0	0	0	0	0	0	1	1	0	0	6	0	36	0	0	0	1.5494	0	0	0	0	1	0	0	1	0	0	1	0	0	0	0	9.2512
213	1	1	0	0	0	0	1	0	0	0	0	0	0	0	0	0	0	9	0	81	0	0	0	0	0	0	0	0	0	0	1	0	0	0	0	0	0	0	0	9.208271
213	0	1	0	0	0	0	0	0	0	0	0	0	0	0	1	0	0	6	0.1778001	36	0.0316129	0	0	0	0	0	0	0	0	0	1	1	0	0	0	0	0	0	0	8.938133
213	0	0	0	0	0	0	0	0	0	0	0	0	0	1	1	0	0	10	0.1016001	100	0.0103226	0	0	0	0	0	0	0	1	0	0	1	0	0	1	0	0	0	0	8.557931
213	0	0	0	0	0	0	0	0	0	0	0	0	0	1	1	0	0	5	0.2032	25	0.0412902	0	0	0	0	0	0	0	1	0	0	1	0	0	1	0	0	0	0	9.235896
213	1	0	0	0	1	0	0	0	0	1	0	0	0	0	1	0	1	11	0.1016001	121	0.0103226	0	0	0	0	0	0	0	0	1	0	0	0	0	0	1	0	0	0	9.015304
213	1	1	0	0	1	0	0	0	0	1	0	0	0	0	1	0	0	6	0.1016001	36	0.0103226	0	0	0	0	0	0	0	0	0	1	0	0	0	0	0	0	0	0	8.883064
213	1	0	0	0	0	0	0	0	0	0	0	0	0	1	1	0	0	6	0.2286	36	0.052258	0	0	0	0	0	0	0	1	0	0	1	0	0	1	0	0	0	0	8.938133
213	0	1	0	1	0	0	1	0	0	0	0	0	0	0	0	0	0	2	0	4	0	0	0	1.5494	0	0	0	0	0	0	1	1	0	0	0	0	0	0	0	8.938133
214	1	1	0	0	0	0	1	0	0	0	0	0	0	0	0	0	0	4	0.1523999	16	0.0232257	0	0	0	0	0	0	0	0	0	0	1	0	0	0	0	0	0	0	9.876092
214	0	0	0	0	0	0	0	0	0	0	0	0	0	1	1	0	0	1	0.0253999	1	0.0006452	0	0	0	0	0	0	0	0	0	0	1	0	0	0	0	0	0	1	9.303116
214	0	1	0	0	0	0	0	0	0	0	0	0	0	0	1	0	0	5	0.127	25	0.016129	0	0	0	0	0	0	0	0	0	0	0	0	0	0	0	0	0	0	9.262617
214	0	1	0	0	0	1	0	0	0	0	0	0	0	0	0	0	0	6	0.127	36	0.016129	0	0	0	0	0	0	0	0	0	0	1	0	0	0	0	0	0	0	9.876092
214	0	0	0	0	0	1	0	0	0	0	0	0	0	0	0	-2	0	5	0.1523999	25	0.0232257	0	0	0	0	0	0	0	0	0	0	1	0	0	0	0	1	0	0	9.089539
214	0	0	0	0	0	0	0	0	0	0	0	0	0	1	1	0	0	9	0.127	81	0.016129	0	0	0	0	0	0	0	0	0	0	1	0	0	0	0	0	0	1	9.260187
214	0	0	0	0	0	0	0	0	0	0	0	0	0	1	1	0	0	11	0.1142999	121	0.0130645	0	0	0	0	0	0	0	0	0	0	0	0	0	0	0	0	0	1	9.044147
214	0	1	0	0	0	0	0	0	0	0	0	0	0	0	1	0	0	9	0.1015999	81	0.0103225	0	0	0	0	0	0	0	0	0	0	1	0	0	0	0	0	0	0	9.208271
214	1	0	0	0	0	0	0	0	0	0	0	0	0	1	1	0	0	5	0.1015999	25	0.0103225	0	0	0	0	0	0	0	0	0	0	0	0	0	0	0	0	0	1	9.507957
217	1	0	0	0	0	0	0	0	0	0	0	0	0	1	1	0	0	4	0.1015999	16	0.0103225	0	0	0	0	1	0	0	0	0	0	0	0	0	0	0	0	0	0	10.0737
217	1	1	0	0	0	0	0	0	0	0	0	0	0	0	1	0	0	5	0.0762	25	0.0058064	0	0	0	0	0	0	1	0	0	0	1	0	0	0	0	0	0	0	9.848722
217	0	1	0	0	0	0	0	0	0	0	0	0	0	0	1	0	0	3	0.0508	9	0.0025806	0	0	0	0	0	0	1	0	0	0	1	0	0	0	0	0	0	0	9.848722
217	0	0	0	0	0	0	0	0	0	0	0	0	0	1	1	0	0	5	0.1015999	25	0.0103225	0	0	0	0	1	0	0	0	0	0	1	0	0	0	0	0	0	0	10.0737
217	0	0	0	0	0	0	0	0	0	0	0	0	0	1	1	0	0	5	0.2032	25	0.0412902	0	0	0	0	1	0	0	0	0	0	1	0	0	0	0	0	0	0	9.680216
217	0	0	0	0	0	0	0	0	0	0	0	0	0	1	1	0	0	6	0.2032	36	0.0412902	0	0	0	0	1	0	0	0	0	0	0	0	0	0	0	0	0	0	9.438108
217	1	0	0	0	0	0	0	0	0	0	0	0	0	1	1	0	0	3	0.1015999	9	0.0103225	0	0	0	0	1	0	0	0	0	0	1	0	0	0	0	0	0	0	9.321049
217	0	0	0	0	0	0	0	0	0	0	0	0	0	1	1	0	0	7	0.1905	49	0.0362903	0	0	0	0	1	0	0	0	0	0	1	0	0	0	0	0	0	0	9.689184
217	0	0	0	0	0	1	0	0	0	0	0	0	0	1	0	0	0	3	0.1015999	9	0.0103225	0	0	0	0	1	0	0	0	0	0	1	0	0	0	0	0	0	0	9.2512
217	1	0	0	0	0	0	0	0	0	0	0	0	0	1	1	0	0	6	0.1143	36	0.0130645	0	0	0	0	1	0	0	0	0	0	1	0	0	0	0	0	0	0	9.848722
217	0	0	0	1	0	0	0	0	0	0	0	0	0	1	1	0	0	2	0	4	0	0	0	1.5748	0	1	0	0	0	0	0	0	0	0	0	0	0	0	0	9.848722
217	1	0	0	0	0	0	0	0	0	0	0	0	0	1	1	0	0	3	0.127	9	0.016129	0	0	0	0	1	0	0	0	0	0	1	0	0	0	0	0	0	0	9.93285
219	1	1	0	0	0	0	1	0	0	0	0	0	0	0	0	0	0	5	0.1777999	25	0.0316128	0	0	0	0	0	0	0	0	0	1	1	0	0	0	0	0	0	0	9.044147
219	0	0	0	1	0	0	0	0	0	0	0	0	0	0	1	-1	0	12	0	144	0	0	0	1.524	0	0	0	0	0	-1	0	1	0	0	0	0	0	0	0	8.938133
219	0	1	1	1	1	0	1	0	0	1	0	0	0	0	0	0	0	0	0	0	0	33	0	1.524	0	0	0	0	0	0	1	0	0	0	0	0	0	0	0	9.208271
219	0	0	1	0	0	0	0	0	0	0	0	0	0	0	1	0	2	0	0.1523999	0	0.0232257	33	0	0	0	0	0	0	0	2	0	1	0	0	1	0	0	0	0	9.208271
219	0	1	0	0	0	0	1	0	0	0	0	0	0	0	0	0	0	9	0.1523999	81	0.0232257	0	0	0	0	0	0	0	0	0	1	1	0	0	0	0	0	0	0	9.044147
219	0	1	0	0	0	0	1	0	0	0	0	0	0	0	0	0	0	5	0.1523999	25	0.0232257	0	0	0	0	0	0	0	0	0	1	0	0	0	0	0	0	0	0	8.93498
219	0	1	0	0	1	0	1	0	0	1	0	0	0	0	0	0	0	-3	0.1015999	9	0.0103225	0	0	0	0	0	0	0	0	0	1	0	0	0	0	0	0	0	0	9.285442
219	0	0	0	0	1	0	1	0	0	1	0	0	0	0	0	-1	0	9	0.127	81	0.016129	0	0	0	0	0	0	0	0	-1	0	0	0	0	0	0	0	0	0	9.208271
219	0	1	0	0	1	0	0	0	0	1	0	0	0	0	1	0	0	3	0.1523999	9	0.0232257	0	0	0	0	0	0	0	0	0	1	0	0	0	0	0	0	0	0	9.321049
219	1	0	0	0	0	0	0	0	0	0	0	0	0	1	1	0	0	3	0.2032	9	0.0412902	0	0	0	0	0	0	0	1	0	0	1	1	0	0	0	0	0	0	8.938133
219	1	0	0	0	0	1	0	0	0	0	0	0	0	0	0	0	2	2	0.127	4	0.016129	0	0	0	0	0	0	0	0	2	0	1	0	0	1	0	0	0	0	9.044831
219	1	0	0	0	0	0	0	0	0	0	0	0	0	0	1	0	2	4	0.2539999	16	0.064516	0	0	0	0	0	0	0	0	2	0	1	0	0	1	0	0	0	0	9.084581
219	1	0	0	0	0	0	0	0	0	0	0	0	0	0	1	-1	0	2	0.2285999	4	0.0522579	0	0	0	0	0	0	0	0	-1	0	1	0	0	0	0	0	0	0	8.825611
219	0	0	0	0	0	0	0	0	0	0	0	0	0	0	1	-1	0	7	0.0253999	49	0.0006452	0	0	0	0	0	0	0	0	-1	0	0	0	0	0	0	0	0	0	9.208271
219	0	1	0	0	0	0	1	0	0	0	0	0	0	0	0	0	0	3	0.1523999	9	0.0232257	0	0	0	0	0	0	0	0	0	1	0	0	0	0	0	0	0	0	9.064094
220	1	0	0	0	0	0	0	0	0	0	0	0	0	1	1	0	0	6	0	36	0	0	0	0	1.7399	0	0	0	0	0	0	1	0	0	0	0	0	0	0	10.03874
220	1	0	0	0	0	0	0	0	0	0	0	0	0	1	1	0	0	6	0	36	0	0	0	0	1.778	0	0	0	0	0	0	0	0	0	0	0	0	0	0	9.2512
220	1	1	0	0	0	0	0	0	0	0	0	0	0	0	1	0	0	13	0	169	0	0	0	0	1.8288	0	0	0	0	0	0	1	0	0	0	0	0	0	0	9.288423
220	0	0	0	0	0	0	0	0	0	0	0	0	0	1	1	0	0	6	0	36	0	0	0	0	1.8034	0	0	0	0	0	0	1	0	0	0	0	0	0	0	9.2512
220	1	1	0	0	0	0	0	0	0	0	0	0	0	0	1	0	0	2	0	4	0	0	0	0	1.6256	0	0	0	0	0	0	1	0	0	0	0	0	0	0	9.307697
220	0	1	0	1	0	0	1	0	0	0	0	0	1	0	0	0	0	10	0	100	0	0	0	0	0	0	0	0	0	0	0	0	0	0	0	0	0	0	0	8.938133
220	0	0	0	0	0	0	0	0	0	0	0	0	0	1	1	0	0	8	0	64	0	0	0	0	1.778	0	0	0	0	0	0	1	0	0	0	0	0	0	0	8.938133
220	0	1	1	0	0	0	1	0	0	0	0	0	0	0	0	0	0	0	0	0	0	25	0	0	1.5748	0	0	0	0	0	0	0	0	0	0	0	0	0	0	8.883064
220	0	1	0	1	0	0	1	0	0	0	0	0	1	0	0	0	0	5	0	25	0	0	0	0	0	0	0	0	0	0	0	0	0	0	0	0	0	0	0	9.208271
220	1	0	0	0	0	0	1	0	0	0	0	0	0	1	0	0	0	5	0	25	0	0	0	0	1.6764	0	0	0	0	0	0	0	0	0	0	0	0	0	0	9.121804
221	0	1	0	0	0	1	0	0	1	0	0	0	0	0	0	0	0	8	0.127	64	0.016129	0	0	0	0	0	0	1	0	0	0	1	0	0	0	0	0	0	0	8.99223
221	0	0	0	0	1	1	0	0	0	0	0	0	0	0	0	-5	0	5	0.0761999	25	0.0058064	0	0	0	0	0	-5	0	0	0	0	0	0	0	0	0	0	0	0	9.2512
221	0	0	0	1	0	1	0	0	0	0	0	0	0	1	0	0	0	6	0	36	0	0	0	1.6002	0	1	0	0	0	0	0	0	0	0	0	0	1	0	0	9.321049
221	0	1	0	0	1	0	1	0	0	0	1	0	0	0	0	0	0	3	0.2032	9	0.0412902	0	0	0	0	0	0	1	0	0	0	0	0	0	0	0	0	0	0	8.938133
221	1	1	0	0	0	0	1	0	1	0	1	0	0	0	0	0	0	7	0.0761999	49	0.0058064	0	0	0	0	0	0	1	0	0	0	1	0	0	0	0	0	0	0	9.848722
221	1	0	0	0	0	1	0	0	1	0	0	0	0	1	0	0	0	6	0.2032	36	0.0412902	0	0	0	0	1	0	0	0	0	0	1	0	0	0	0	1	0	0	9.848722
221	1	1	1	1	0	0	1	0	1	0	1	0	0	0	0	0	0	0	0	0	0	23	0	1.6002	0	0	0	1	0	0	0	1	0	0	0	0	0	0	0	8.99223
221	0	1	0	1	1	0	1	0	0	0	1	0	0	0	0	0	0	7	0	49	0	0	0	1.6002	0	0	0	1	0	0	0	0	0	0	0	0	0	0	0	9.410738
221	0	0	0	0	0	1	0	0	0	0	0	0	0	1	0	0	0	8	0.1777999	64	0.0316128	0	0	0	0	1	0	0	0	0	0	0	0	0	0	0	1	0	0	8.99223
221	0	0	0	0	0	1	0	0	1	0	0	0	0	1	0	0	0	6	0.0761999	36	0.0058064	0	0	0	0	1	0	0	0	0	0	1	0	0	0	0	1	0	0	9.236101
221	0	0	0	0	0	0	0	0	1	0	0	0	0	1	0	0	0	10	0.127	100	0.016129	0	0	0	0	1	0	0	0	0	0	1	0	0	0	0	1	0	0	9.208271
221	1	0	0	1	0	0	1	0	0	0	1	0	0	1	0	0	0	7	0	49	0	0	0	1.6002	0	1	0	0	0	0	0	0	0	0	0	0	1	0	0	9.896806
221	1	0	0	0	0	1	0	0	0	0	0	0	0	1	0	0	0	9	0.2285999	81	0.0522579	0	0	0	0	1	0	0	0	0	0	0	0	0	0	0	1	0	0	9.440964
221	0	0	0	0	0	1	0	0	1	0	0	0	0	1	0	0	0	9	0.127	81	0.016129	0	0	0	0	1	0	0	0	0	0	1	0	0	0	0	1	0	0	8.99223
221	0	0	0	1	0	0	1	0	1	0	1	0	0	0	0	-2	0	4	0	16	0	0	0	1.6002	0	0	-2	0	0	0	0	1	0	0	1	0	0	0	0	8.99223
222	0	0	0	0	1	1	0	0	0	1	0	0	0	0	0	0	0	2	0.1778001	4	0.0316129	0	0	0	0	0	0	0	0	0	0	0	0	0	0	1	0	0	0	9.2512
222	0	0	0	0	0	0	0	0	0	0	0	0	0	0	0	0	3	5	0.0508001	25	0.0025806	0	0	0	0	0	0	0	0	3	0	0	0	0	0	0	0	0	1	10.07391
222	0	0	0	0	0	1	0	0	0	0	0	0	0	1	0	0	0	6	0.2794	36	0.0780644	0	0	0	0	0	0	0	1	0	0	0	0	0	0	1	0	0	0	9.101377
222	1	1	0	1	0	0	1	0	0	0	1	0	0	0	0	0	0	6	0	36	0	0	0	1.5494	0	0	0	0	0	0	1	0	0	0	0	0	0	0	0	9.979104
222	1	1	1	1	0	0	0	0	0	0	0	0	0	0	0	0	0	0	0	0	0	26	0	1.5494	0	0	0	0	0	0	1	1	0	0	0	0	0	0	0	9.93285
222	0	1	0	0	0	0	1	0	0	0	1	0	0	0	0	0	0	3	0.3048	9	0.0929031	0	0	0	0	0	0	0	0	0	1	0	0	0	0	0	0	0	0	8.938133
222	0	0	0	0	0	0	1	0	0	0	1	0	0	0	0	-1	0	4	0.0762	16	0.0058064	0	0	0	0	0	0	0	0	-1	0	1	0	0	1	0	0	0	0	9.663419
222	0	0	0	0	1	0	0	0	0	1	0	0	0	1	0	0	0	6	0.1524	36	0.0232258	0	0	0	0	0	0	0	1	0	0	0	0	0	0	1	0	0	0	8.99223
222	0	0	0	0	0	0	1	0	0	0	1	0	0	0	0	-1	0	7	0.127	49	0.016129	0	0	0	0	0	0	0	0	-1	0	0	0	0	1	0	0	0	0	9.440964
222	1	0	0	0	0	0	0	0	0	0	0	0	0	0	0	0	0	6	0.127	36	0.016129	0	0	0	0	0	0	0	0	0	0	1	0	0	0	1	0	0	0	9.682814
222	0	1	0	0	1	1	0	0	0	1	0	0	0	0	0	0	0	1	0.2540001	1	0.064516	0	0	0	0	0	0	0	0	0	1	0	0	0	0	0	0	0	0	8.960689
222	1	1	0	0	0	0	0	0	0	0	0	0	0	0	0	0	0	6	0.0889	36	0.0079032	0	0	0	0	0	0	0	0	0	1	1	0	0	0	0	0	0	0	9.830038
222	1	1	0	0	1	0	1	0	0	1	1	0	0	0	0	0	0	3	0.0762	9	0.0058064	0	0	0	0	0	0	0	0	0	1	0	0	0	0	0	0	0	0	9.79539
223	0	0	1	0	1	0	0	0	0	1	0	0	0	0	0	0	3	0	0.0762	0	0.0058064	25	0	0	0	0	0	0	0	3	0	0	0	0	0	0	0	0	1	9.089781
223	1	1	0	0	0	0	1	0	0	0	0	0	0	0	0	0	0	5	0.127	25	0.016129	0	0	0	0	0	0	0	0	0	1	1	0	0	0	0	0	0	0	9.830038
223	0	0	0	0	1	1	0	0	0	1	0	0	0	1	1	0	0	6	0	36	0	0	0	0	0	0	0	0	1	0	0	0	0	0	0	1	0	0	0	9.029384
223	0	0	0	0	1	1	0	0	0	1	0	0	0	0	1	0	1	9	0.0508	81	0.0025806	0	0	0	0	0	0	0	0	1	0	0	0	0	0	0	1	0	0	8.972886
223	0	0	0	0	0	0	0	0	0	0	0	0	0	0	0	0	0	4	-0.0254	16	0.0006452	0	0	0	0	0	0	0	0	0	0	1	0	0	0	1	0	0	0	9.814734
223	0	1	0	0	0	0	1	0	0	0	0	0	0	0	0	0	0	7	0.0762	49	0.0058064	0	0	0	0	0	0	0	0	0	1	1	0	0	0	0	0	0	0	9.208271
223	1	0	0	0	0	0	0	0	0	0	0	0	0	0	0	0	0	6	0.0762	36	0.0058064	0	0	0	0	0	0	0	0	0	0	0	0	0	0	1	0	0	0	9.2512
223	0	0	0	0	0	1	0	0	0	0	0	0	0	0	1	-1	0	4	0.0508	16	0.0025806	0	0	0	0	0	0	0	0	-1	0	0	0	0	1	0	0	0	0	9.2512
223	1	0	0	0	1	1	0	0	0	1	0	0	0	0	1	0	1	3	0.0508	9	0.0025806	0	0	0	0	0	0	0	0	1	0	0	0	0	0	0	1	0	0	9.93285
223	0	1	0	0	1	0	1	0	0	1	0	0	0	0	0	0	0	4	0.0508	16	0.0025806	0	0	0	0	0	0	0	0	0	1	0	0	0	0	0	0	0	0	9.814734
223	1	0	0	0	1	1	0	0	0	1	0	0	0	1	1	0	0	8	0.0508	64	0.0025806	0	0	0	0	0	0	0	1	0	0	0	0	0	0	1	0	0	0	9.848722
224	1	0	0	0	0	0	0	0	0	0	0	0	0	1	1	0	0	2	0.0635	4	0.0040323	0	0	0	0	0	0	0	0	0	0	1	1	0	0	0	0	0	0	9.830038
224	1	0	0	0	0	0	0	0	0	0	0	0	0	0	1	0	2	1	0.1905	1	0.0362903	0	0	0	0	0	0	0	0	0	0	1	0	0	1	0	0	0	0	9.989575
224	1	1	0	0	1	0	1	0	0	1	0	0	0	0	0	0	0	4	0.1651	16	0.027258	0	0	0	0	0	0	0	0	0	0	0	0	0	0	0	0	0	0	9.814734
224	1	1	1	1	1	0	1	0	0	1	0	0	0	0	0	0	0	0	0	0	0	26	0	1.5875	0	0	0	0	0	0	0	0	0	0	0	0	0	0	0	9.848722
224	1	0	0	0	0	0	0	0	0	0	0	0	0	1	1	0	0	2	0.1651	4	0.027258	0	0	0	0	0	0	0	0	0	0	1	1	0	0	0	0	0	0	9.848722
225	0	0	0	0	0	0	0	0	0	0	0	0	0	1	1	0	0	7	0	49	0	0	0	0	0	0	0	0	0	0	0	0	0	0	1	0	0	0	0	8.883064
225	0	1	0	0	0	0	0	0	0	0	0	0	0	0	1	0	0	4	0.0761999	16	0.0058064	0	0	0	0	0	0	0	0	0	0	0	0	0	0	0	0	0	0	9.2512
225	0	1	0	0	0	0	1	0	0	0	0	0	0	0	0	0	0	6	0.1523999	36	0.0232257	0	0	0	0	0	0	0	0	0	0	0	0	0	0	0	0	0	0	9.208271
225	1	1	0	0	1	1	0	0	0	0	0	0	0	0	0	0	0	3	0.0761999	9	0.0058064	0	0	0	0	0	0	0	0	0	0	0	0	0	0	0	0	0	0	9.371115
225	0	0	0	0	0	0	0	0	0	0	0	0	0	1	1	0	0	4	0.2666999	16	0.0711288	0	0	0	0	0	0	0	0	0	0	0	0	0	1	0	0	0	0	9.809099
225	1	0	0	0	1	0	0	0	0	0	0	0	0	1	1	0	0	6	0.2032	36	0.0412902	0	0	0	0	0	0	0	0	0	0	0	0	0	1	0	0	0	0	9.208271
225	0	0	0	1	0	0	0	0	0	0	0	0	0	1	1	0	0	5	0	25	0	0	0	1.6002	0	0	0	0	0	0	0	0	0	0	1	0	0	0	0	9.015304
225	0	1	0	0	0	0	1	0	0	0	0	0	0	0	0	0	0	5	0.1015999	25	0.0103225	0	0	0	0	0	0	0	0	0	0	0	0	0	0	0	0	0	0	8.883064
225	0	1	0	0	0	0	1	0	1	0	0	0	0	0	0	0	0	9	-0.0254	81	0.0006452	0	0	0	0	0	0	0	0	0	0	1	0	0	0	0	0	0	0	8.938133
225	0	1	0	0	0	0	1	0	0	0	0	0	0	0	0	0	0	2	0.1015999	4	0.0103225	0	0	0	0	0	0	0	0	0	0	0	0	0	0	0	0	0	0	9.440964
225	1	0	0	0	0	0	0	0	1	0	0	0	0	1	1	0	0	6	0.0761999	36	0.0058064	0	0	0	0	0	0	0	0	0	0	1	0	0	1	0	0	0	0	9.2512
225	1	0	0	0	0	1	0	0	1	0	0	0	0	0	0	0	2	2	0.0508	4	0.0025806	0	0	0	0	0	0	0	0	0	0	1	0	0	0	0	1	0	0	9.848722
225	0	1	0	0	1	0	0	0	0	0	0	0	0	0	1	0	0	4	0.0508	16	0.0025806	0	0	0	0	0	0	0	0	0	0	0	0	0	0	0	0	0	0	9.564714
225	0	0	0	0	0	0	0	0	1	0	0	0	0	1	1	0	0	1	0.0253999	1	0.0006452	0	0	0	0	0	0	0	0	0	0	1	0	0	1	0	0	0	0	9.2512
225	1	0	0	0	0	0	0	0	1	0	0	0	0	1	1	0	0	7	0.1015999	49	0.0103225	0	0	0	0	0	0	0	0	0	0	1	0	0	1	0	0	0	0	9.235896
229	0	0	0	0	0	0	1	0	0	0	1	0	0	1	0	0	0	5	0.0889	25	0.0079032	0	0	0	0	0	0	0	0	0	0	1	0	0	1	0	0	0	0	8.883064
229	1	0	0	0	0	1	0	0	0	0	0	0	0	1	0	0	0	5	0.1143	25	0.0130645	0	0	0	0	0	0	0	0	0	0	1	0	0	1	0	0	0	0	9.809099
229	0	0	0	0	1	1	0	0	0	1	0	0	0	1	0	0	0	2	0.0127001	4	0.0001613	0	0	0	0	0	0	0	0	0	0	0	0	0	1	0	0	0	0	9.371115
229	1	0	0	0	0	1	0	0	0	0	0	0	0	1	0	0	0	5	0.1397001	25	0.0195161	0	0	0	0	0	0	0	0	0	0	0	0	0	1	0	0	0	0	10.0737
229	1	0	0	0	0	0	0	0	0	0	0	0	0	1	0	0	0	3	0.1143	9	0.0130645	0	0	0	0	0	0	0	0	0	0	1	0	0	1	0	0	0	0	9.430214
229	0	0	0	0	0	1	0	0	0	0	0	0	0	1	0	0	0	4	0.0381	16	0.0014516	0	0	0	0	0	0	0	0	0	0	1	0	0	1	0	0	0	0	9.235896
229	0	0	0	0	0	1	0	0	0	0	0	0	0	0	0	0	1	7	0.0635	49	0.0040323	0	0	0	0	0	0	0	0	0	0	1	0	0	0	1	0	0	0	8.99223
229	0	0	0	0	0	0	0	0	0	0	0	0	0	0	0	0	1	7	0.1143	49	0.0130645	0	0	0	0	0	0	0	0	0	0	0	0	0	0	1	0	0	0	9.2512
229	0	0	0	0	0	1	0	0	0	0	0	0	0	1	0	0	0	7	0.0889	49	0.0079032	0	0	0	0	0	0	0	0	0	0	1	0	0	1	0	0	0	0	9.002979
229	0	0	0	0	0	0	1	0	0	0	1	0	0	1	0	0	0	3	0.1651	9	0.027258	0	0	0	0	0	0	0	0	0	0	1	0	0	1	0	0	0	0	8.99223
230	0	0	0	0	1	0	0	0	0	1	0	0	0	1	1	0	0	8	0.2032	64	0.0412902	0	0	0	0	0	0	0	0	0	0	0	0	0	1	0	0	0	0	9.366202
230	0	0	0	1	0	0	0	0	0	0	0	0	0	1	1	0	0	6	0	36	0	0	0	1.5748	0	0	0	0	0	0	0	1	0	0	1	0	0	0	0	9.357899
230	0	1	0	0	0	0	1	0	0	0	0	0	0	0	0	0	0	5	0.1777999	25	0.0316128	0	0	0	0	0	0	0	0	0	0	1	0	0	0	0	0	0	0	9.771483
230	0	0	0	0	0	0	0	0	0	0	0	0	0	1	1	0	0	5	0.1524	25	0.0232258	0	0	0	0	0	0	0	0	0	0	1	0	0	1	0	0	0	0	9.494866
230	0	0	0	0	0	0	0	0	0	0	0	0	0	1	1	0	0	5	0.0762	25	0.0058064	0	0	0	0	0	0	0	0	0	0	1	0	0	1	0	0	0	0	8.900909
230	0	0	0	0	0	0	0	0	0	0	0	0	0	1	1	0	0	5	0.2032	25	0.0412902	0	0	0	0	0	0	0	0	0	0	1	0	0	1	0	0	0	0	9.101296
230	0	0	0	1	0	0	0	0	0	0	0	0	0	1	1	0	0	6	0	36	0	0	0	1.5748	0	0	0	0	0	0	0	0	0	0	1	0	0	0	0	8.771515
230	0	0	0	0	0	0	0	0	0	0	0	0	0	1	1	0	0	6	0.1396999	36	0.0195161	0	0	0	0	0	0	0	0	0	0	1	0	0	1	0	0	0	0	9.101377
230	0	1	0	0	0	0	0	0	0	0	0	0	0	0	1	0	0	13	0.2539999	169	0.064516	0	0	0	0	0	0	0	0	0	0	1	0	0	0	0	0	0	0	9.2512
230	1	0	0	0	0	0	0	0	0	0	0	0	0	1	1	0	0	4	0.127	16	0.016129	0	0	0	0	0	0	0	0	0	0	0	0	0	1	0	0	0	0	9.949953
230	1	0	0	0	0	0	1	0	0	0	0	0	0	1	0	0	0	4	0.0508	16	0.0025806	0	0	0	0	0	0	0	0	0	0	1	0	0	1	0	0	0	0	9.949953
230	0	0	0	0	0	0	0	0	0	0	0	0	0	1	1	0	0	4	0.0508	16	0.0025806	0	0	0	0	0	0	0	0	0	0	0	0	0	1	0	0	0	0	9.303116
231	0	1	0	0	0	0	1	0	0	0	0	0	0	0	0	0	0	7	0.1397001	49	0.0195161	0	0	0	0	0	0	1	0	0	0	0	0	0	0	0	0	0	0	8.99223
231	0	1	0	0	0	0	0	0	0	0	0	0	0	0	0	0	0	8	0.1524	64	0.0232258	0	0	0	0	0	0	1	0	0	0	1	0	0	0	0	0	0	0	9.235896
231	0	1	0	0	0	0	1	0	0	0	0	0	0	0	0	0	0	3	0.127	9	0.016129	0	0	0	0	0	0	1	0	0	0	0	0	0	0	0	0	0	0	9.689184
231	0	0	0	0	1	0	0	0	0	1	0	0	0	0	0	0	3	7	0.127	49	0.016129	0	0	0	0	0	3	0	0	0	0	0	0	0	1	0	0	0	0	9.089781
231	0	0	0	0	0	1	0	0	0	0	0	0	0	1	1	0	0	13	0.1524	169	0.0232258	0	0	0	0	1	0	0	0	0	0	1	0	0	0	0	0	0	0	8.99223
231	0	1	0	0	0	1	0	0	0	0	0	0	0	0	1	0	0	4	0.1651	16	0.027258	0	0	0	0	0	0	1	0	0	0	0	0	0	0	0	0	0	0	9.571068
231	0	1	0	0	0	1	0	0	0	0	0	0	0	0	1	0	0	6	0.1524	36	0.0232258	0	0	0	0	0	0	1	0	0	0	0	0	0	0	0	0	0	0	9.235896
231	0	0	0	0	0	1	0	0	0	0	0	0	0	1	1	0	0	5	0.2794	25	0.0780644	0	0	0	0	1	0	0	0	0	0	1	0	0	0	0	0	0	0	9.2512
231	0	0	0	0	0	1	0	0	0	0	0	0	0	1	1	0	0	6	0.1016001	36	0.0103226	0	0	0	0	1	0	0	0	0	0	1	0	0	0	0	0	0	0	9.208271
231	0	1	0	0	0	0	1	0	0	0	0	0	0	0	0	0	0	8	0.1524	64	0.0232258	0	0	0	0	0	0	1	0	0	0	1	0	0	0	0	0	0	0	8.938133
233	0	1	0	0	0	1	0	0	0	0	0	0	0	0	0	0	0	11	0.0762	121	0.0058064	0	0	0	0	0	0	0	0	0	0	0	0	0	0	0	0	0	0	9.494866
233	1	1	0	0	0	0	1	0	0	0	1	0	0	0	0	0	0	8	0.0762	64	0.0058064	0	0	0	0	0	0	0	0	0	0	1	0	0	0	0	0	0	0	10.0737
233	1	1	0	0	1	0	0	0	0	1	0	0	0	0	0	0	0	5	0.127	25	0.016129	0	0	0	0	0	0	0	0	0	0	0	0	0	0	0	0	0	0	10.07391
233	1	1	0	0	1	1	0	0	0	1	0	0	0	0	0	0	0	2	0.1524	4	0.0232258	0	0	0	0	0	0	0	0	0	0	0	0	0	0	0	0	0	0	9.989575
233	1	1	0	0	0	0	1	0	0	0	1	0	0	0	0	0	0	7	0.1016001	49	0.0103226	0	0	0	0	0	0	0	0	0	0	1	0	0	0	0	0	0	0	9.348535
233	0	0	0	0	0	1	0	0	0	0	0	0	0	1	0	0	0	6	0.1524	36	0.0232258	0	0	0	0	0	0	0	0	0	0	0	0	0	0	0	0	0	0	9.208271
233	0	0	0	0	0	0	0	0	0	0	0	0	0	0	0	0	4	9	0.1016001	81	0.0103226	0	0	0	0	0	0	0	0	0	0	1	0	0	0	1	0	0	0	9.430214
233	0	1	0	0	0	0	1	0	0	0	1	0	0	0	0	0	0	3	0.1016001	9	0.0103226	0	0	0	0	0	0	0	0	0	0	0	0	0	0	0	0	0	0	9.451937
233	0	1	0	0	0	0	1	0	0	0	1	0	0	0	0	0	0	4	0.1778001	16	0.0316129	0	0	0	0	0	0	0	0	0	0	1	0	0	0	0	0	0	0	9.874296
233	0	1	0	0	0	0	1	0	0	0	1	0	0	0	0	0	0	5	0.1524	25	0.0232258	0	0	0	0	0	0	0	0	0	0	0	0	0	0	0	0	0	0	9.680216
233	0	1	0	0	0	1	0	0	0	0	0	0	0	0	0	0	0	6	0.0762	36	0.0058064	0	0	0	0	0	0	0	0	0	0	0	0	0	0	0	0	0	0	9.809099
233	0	1	0	0	1	0	1	0	0	1	1	0	0	0	0	0	0	6	0.1016001	36	0.0103226	0	0	0	0	0	0	0	0	0	0	0	0	0	0	0	0	0	0	9.321049
233	0	0	0	0	0	0	0	0	0	0	0	0	0	1	0	0	0	8	0.2032	64	0.0412902	0	0	0	0	0	0	0	0	0	0	1	0	0	0	0	0	0	0	8.99223
233	0	0	0	0	1	0	1	0	0	1	1	0	0	1	0	0	0	5	0.0508	25	0.0025806	0	0	0	0	0	0	0	0	0	0	0	0	0	0	0	0	0	0	9.288423
233	1	0	0	0	0	1	0	0	0	0	0	0	0	1	0	0	0	4	0.1016001	16	0.0103226	0	0	0	0	0	0	0	0	0	0	0	0	0	0	0	0	0	0	10.0737
234	0	0	0	0	0	1	0	0	0	0	0	0	0	0	0	0	1	10	0.1524	100	0.0232258	0	0	0	0	0	0	0	0	1	0	1	0	0	0	1	0	0	0	9.321049
234	0	0	0	0	1	0	0	0	0	1	0	0	0	1	1	0	0	6	0.1777999	36	0.0316128	0	0	0	0	0	0	0	1	0	0	0	0	0	1	0	0	0	0	8.883064
234	1	0	0	0	0	0	0	0	0	0	0	0	0	1	1	0	0	6	0.1524	36	0.0232258	0	0	0	0	0	0	0	1	0	0	0	0	0	1	0	0	0	0	9.34875
234	0	0	0	0	0	0	0	0	0	0	0	0	0	1	1	0	0	5	0.127	25	0.016129	0	0	0	0	0	0	0	1	0	0	1	0	0	1	0	0	0	0	8.883064
234	1	1	0	0	0	0	1	0	0	0	0	0	0	0	0	0	0	9	0.0762	81	0.0058064	0	0	0	0	0	0	0	0	0	1	0	0	0	0	0	0	0	0	8.99223
234	0	0	0	1	0	0	1	0	0	0	0	0	0	0	0	-3	0	8	0	64	0	0	0	1.5748	0	0	0	0	0	-3	0	0	0	0	0	0	0	0	0	9.2512
234	1	0	0	1	0	0	1	0	0	0	0	0	0	0	0	0	1	7	0	49	0	0	0	1.5748	0	0	0	0	0	1	0	1	0	0	0	1	0	0	0	9.208271
234	0	0	0	0	0	0	0	0	0	0	0	0	0	0	1	0	0	3	0.127	9	0.016129	0	0	0	0	0	0	0	0	0	0	1	0	0	1	0	0	0	0	8.938133
234	0	0	0	1	0	1	0	0	0	0	0	0	0	0	0	0	3	10	0	100	0	0	0	1.5748	0	0	0	0	0	3	0	0	0	0	0	0	0	1	0	8.883064
234	0	0	0	0	0	0	0	0	0	0	0	0	0	1	1	0	0	9	0.2032	81	0.0412902	0	0	0	0	0	0	0	1	0	0	1	0	0	1	0	0	0	0	9.2512
234	1	0	0	0	0	1	0	0	0	0	0	0	0	1	0	0	0	7	0.2032	49	0.0412902	0	0	0	0	0	0	0	1	0	0	1	0	0	1	0	0	0	0	9.571068
234	0	1	0	0	1	0	1	0	0	1	0	0	0	0	0	0	0	5	0.127	25	0.016129	0	0	0	0	0	0	0	0	0	1	0	0	0	0	0	0	0	0	8.793956
234	1	0	0	0	0	1	0	0	0	0	0	0	0	1	0	0	0	-1	-0.0254	1	0.0006452	0	0	0	0	0	0	0	1	0	0	0	0	0	1	0	0	0	0	9.076596
235	1	0	0	0	0	0	1	0	0	0	0	0	0	1	0	0	0	7	0.1777999	49	0.0316128	0	0	0	0	0	0	0	0	0	0	1	0	0	1	0	0	0	0	9.494866
235	1	0	0	0	0	1	0	0	0	0	0	0	0	1	1	0	0	6	0.2286	36	0.052258	0	0	0	0	0	0	0	0	0	0	1	0	0	1	0	0	0	0	9.2512
235	1	0	0	0	1	1	0	0	0	1	0	0	0	0	1	0	2	3	0.1015999	9	0.0103225	0	0	0	0	0	0	0	0	0	0	0	0	0	0	0	1	0	0	9.848722
235	0	1	0	1	1	0	1	0	0	1	0	0	0	0	0	0	0	2	0	4	0	0	0	1.5748	0	0	0	0	0	0	0	0	0	0	0	0	0	0	0	8.99223
235	1	1	0	0	0	1	0	0	0	0	0	0	0	0	1	0	0	5	0.0508	25	0.0025806	0	0	0	0	0	0	0	0	0	0	1	0	0	0	0	0	0	0	8.99223
235	1	1	0	1	1	0	1	0	0	1	0	0	0	0	0	0	0	7	0	49	0	0	0	1.5748	0	0	0	0	0	0	0	0	0	0	0	0	0	0	0	8.883064
235	0	1	0	0	1	0	0	0	0	1	0	0	0	0	0	0	0	2	0.2032	4	0.0412902	0	0	0	0	0	0	0	0	0	0	0	0	0	0	0	0	0	0	9.571068
235	0	0	0	0	1	1	0	0	0	1	0	0	0	1	1	0	0	6	0.1015999	36	0.0103225	0	0	0	0	0	0	0	0	0	0	0	0	0	1	0	0	0	0	9.208271
235	0	1	0	0	0	0	0	0	0	0	0	0	0	0	0	0	0	5	0.0508	25	0.0025806	0	0	0	0	0	0	0	0	0	0	0	0	0	0	0	0	0	0	8.93498
236	1	0	0	0	1	0	1	0	0	1	0	0	0	1	0	0	0	4	0.2506	16	0.0628003	0	0	0	0	0	0	0	0	0	0	0	0	0	0	0	0	0	0	10.0737
236	1	1	0	0	0	0	0	0	0	0	0	0	0	0	0	0	0	5	0.1651	25	0.027258	0	0	0	0	0	0	0	0	0	0	1	0	0	0	0	0	0	0	9.25949
236	0	0	0	0	1	0	1	0	0	1	0	0	0	1	0	0	0	4	0.127	16	0.016129	0	0	0	0	0	0	0	0	0	0	0	0	0	0	0	0	0	0	9.494866
236	0	0	0	0	0	1	0	0	0	0	0	0	0	0	1	0	3	8	0.1778001	64	0.0316129	0	0	0	0	0	0	0	0	0	0	0	0	0	1	0	0	0	0	9.179138
236	1	0	0	0	0	1	0	0	0	0	0	0	0	1	1	0	0	3	0.1651	9	0.027258	0	0	0	0	0	0	0	0	0	0	0	0	0	0	0	0	0	0	9.814734
236	1	0	0	0	0	1	0	0	0	0	0	0	0	1	1	0	0	11	0.1651	121	0.027258	0	0	0	0	0	0	0	0	0	0	0	0	0	0	0	0	0	0	9.438108
236	0	0	0	0	0	0	1	0	0	0	0	0	0	1	0	0	0	4	0.1524	16	0.0232258	0	0	0	0	0	0	0	0	0	0	1	0	0	0	0	0	0	0	9.303116
236	1	0	0	0	1	0	1	0	0	1	0	0	0	1	0	0	0	6	0.1016001	36	0.0103226	0	0	0	0	0	0	0	0	0	0	0	0	0	0	0	0	0	0	9.876092
238	1	0	0	1	0	0	0	0	0	0	0	0	0	1	1	0	0	4	0	16	0	0	0	1.524	0	0	0	0	0	0	0	0	0	0	1	0	0	0	0	9.2512
238	1	1	0	0	0	0	1	0	0	0	0	0	0	0	0	0	0	9	0.2032	81	0.0412902	0	0	0	0	0	0	0	0	0	0	1	0	0	0	0	0	0	0	9.014416
238	0	1	0	0	0	0	0	0	0	0	0	0	0	0	1	0	0	4	0.127	16	0.016129	0	0	0	0	0	0	0	0	0	0	1	0	0	0	0	0	0	0	8.716446
238	0	0	0	0	0	0	0	0	0	0	0	0	0	1	1	0	0	5	0.2032	25	0.0412902	0	0	0	0	0	0	0	0	0	0	1	0	0	1	0	0	0	0	9.366202
238	0	0	0	0	0	1	0	0	0	0	0	0	0	1	0	0	0	9	0.1142999	81	0.0130645	0	0	0	0	0	0	0	0	0	0	1	0	0	1	0	0	0	0	9.084581
238	0	0	0	0	0	0	0	0	0	0	0	0	0	1	1	0	0	11	0.1015999	121	0.0103225	0	0	0	0	0	0	0	0	0	0	0	0	0	1	0	0	0	0	9.084581
238	0	1	1	0	0	0	1	0	0	0	0	0	0	0	0	0	0	0	0.1523999	0	0.0232257	28	0	0	0	0	0	0	0	0	0	1	0	0	0	0	0	0	0	8.883064
238	0	1	0	0	0	0	1	0	0	0	0	0	0	0	0	0	0	5	0.1777999	25	0.0316128	0	0	0	0	0	0	0	0	0	0	1	0	0	0	0	0	0	0	8.99223
238	0	0	0	0	0	0	0	0	0	0	0	0	0	1	1	0	0	4	0.1015999	16	0.0103225	0	0	0	0	0	0	0	0	0	0	1	0	0	1	0	0	0	0	9.2512
238	1	0	0	0	0	0	0	0	0	0	0	0	0	1	1	0	0	2	0.1015999	4	0.0103225	0	0	0	0	0	0	0	0	0	0	0	0	0	1	0	0	0	0	9.571068
238	0	0	0	0	0	0	0	0	0	0	0	0	0	1	1	0	0	10	0.1015999	100	0.0103225	0	0	0	0	0	0	0	0	0	0	1	0	0	1	0	0	0	0	8.990049
238	0	0	0	0	0	0	0	0	0	0	0	0	0	1	1	0	0	14	0.127	196	0.016129	0	0	0	0	0	0	0	0	0	0	0	0	0	1	0	0	0	0	8.771515
238	1	0	0	0	0	0	0	0	0	0	0	0	0	1	1	0	0	4	0.2794	16	0.0780644	0	0	0	0	0	0	0	0	0	0	1	0	0	1	0	0	0	0	9.208271
238	1	0	0	0	1	0	0	0	0	1	0	0	0	1	1	0	0	10	0.0508	100	0.0025806	0	0	0	0	0	0	0	0	0	0	0	0	0	1	0	0	0	0	8.938133
238	0	1	0	0	0	0	0	0	0	0	0	0	0	0	1	0	0	5	0.1523999	25	0.0232257	0	0	0	0	0	0	0	0	0	0	1	0	0	0	0	0	0	0	8.883064
240	0	1	0	1	1	1	0	0	0	0	0	0	0	0	1	0	0	-2	0	4	0	0	0	1.5494	0	0	0	0	0	0	1	0	0	0	0	0	0	0	0	8.99223
240	0	0	0	1	0	0	1	0	0	0	0	0	0	0	0	0	2	6	0	36	0	0	0	1.5494	0	0	0	0	0	2	0	0	0	0	0	0	1	0	0	9.357899
240	0	0	0	0	0	0	1	0	0	0	0	0	0	0	0	-3	0	12	0.127	144	0.016129	0	0	0	0	0	0	0	0	-3	0	0	0	0	0	0	0	0	0	8.99223
240	1	1	0	0	0	1	0	0	0	0	0	0	0	0	1	0	0	5	0.127	25	0.016129	0	0	0	0	0	0	0	0	0	1	0	0	0	0	0	0	0	0	9.830038
240	0	0	1	0	0	0	1	0	1	0	0	0	0	1	0	0	0	0	0.1397001	0	0.0195161	37	0	0	0	0	0	0	1	0	0	1	0	0	1	0	0	0	0	9.208271
240	1	0	0	0	0	1	0	0	1	0	0	0	0	0	1	-3	0	1	0.2794	1	0.0780644	0	0	0	0	0	0	0	0	-3	0	1	0	0	0	0	0	0	0	9.288423
240	1	1	0	0	0	0	1	0	0	0	0	0	0	0	0	0	0	4	0.2286	16	0.052258	0	0	0	0	0	0	0	0	0	1	0	0	0	0	0	0	0	0	9.208271
240	0	1	0	0	0	0	1	0	1	0	0	0	0	0	0	0	0	1	0.1524	1	0.0232258	0	0	0	0	0	0	0	0	0	1	1	0	0	0	0	0	0	0	9.2512
240	0	0	0	0	0	0	0	0	0	0	0	0	0	1	0	0	0	3	0.0254	9	0.0006452	0	0	0	0	0	0	0	1	0	0	0	0	0	1	0	0	0	0	8.99223
240	1	1	1	1	0	0	1	0	1	0	0	0	0	0	0	0	0	0	0	0	0	37	0	1.5494	0	0	0	0	0	0	1	1	0	0	0	0	0	0	0	9.208271
240	1	1	0	1	0	0	1	0	0	0	0	0	0	0	0	0	0	8	0	64	0	0	0	1.5494	0	0	0	0	0	0	1	0	0	0	0	0	0	0	0	9.208271
240	0	1	0	0	0	0	1	0	0	0	0	0	0	0	0	0	0	11	0.1524	121	0.0232258	0	0	0	0	0	0	0	0	0	1	0	0	0	0	0	0	0	0	9.208271
240	0	0	0	0	1	0	1	0	0	0	0	0	0	0	0	0	1	6	0.127	36	0.016129	0	0	0	0	0	0	0	0	1	0	0	0	0	0	1	0	0	0	8.93498
240	0	0	0	0	0	0	0	0	1	0	0	0	0	1	0	0	0	5	0.0254	25	0.0006452	0	0	0	0	0	0	0	1	0	0	1	0	0	1	0	0	0	0	8.938133
240	0	0	0	0	0	1	0	0	1	0	0	0	0	0	1	0	1	5	0.1524	25	0.0232258	0	0	0	0	0	0	0	0	1	0	1	0	0	0	1	0	0	0	8.848993
241	1	0	0	0	0	0	1	0	0	0	0	0	0	0	0	0	1	4	0.0508	16	0.0025806	0	0	0	0	0	0	0	0	1	0	0	0	0	0	0	1	0	0	9.848722
241	0	0	0	1	0	0	1	0	1	0	0	0	0	0	0	-2	0	8	0	64	0	0	0	1.524	0	0	0	0	0	-2	0	1	0	1	0	0	0	0	0	9.371115
241	0	0	0	0	0	0	1	0	1	0	0	0	0	0	0	-4	0	7	0.2539999	49	0.064516	0	0	0	0	0	0	0	0	-4	0	1	0	0	0	0	0	0	0	8.99223
241	0	1	0	1	0	0	0	0	1	0	0	0	0	0	1	0	0	7	0	49	0	0	0	1.524	0	0	0	0	0	0	1	1	0	0	0	0	0	0	0	8.99223
241	0	1	1	1	1	0	1	0	0	0	0	0	0	0	0	0	0	0	0	0	0	25	0	1.524	0	0	0	0	0	0	1	0	0	0	0	0	0	0	0	9.208271
241	0	0	0	0	0	0	1	0	1	0	0	0	0	0	0	-1	0	6	0.1015999	36	0.0103225	0	0	0	0	0	0	0	0	-1	0	1	0	0	1	0	0	0	0	8.99223
241	0	0	0	0	1	0	0	0	0	0	0	0	0	1	1	0	0	8	0.1015999	64	0.0103225	0	0	0	0	0	0	0	1	0	0	0	0	0	0	1	0	0	0	9.989575
241	0	0	0	0	0	1	0	0	0	0	0	0	0	0	0	0	0	6	0.2032	36	0.0412902	0	0	0	0	0	0	0	0	0	0	0	0	0	0	1	0	0	0	8.99223
241	0	0	0	0	0	0	0	0	0	0	0	0	0	0	1	0	0	10	0.0762	100	0.0058064	0	0	0	0	0	0	0	0	0	0	0	0	0	0	1	0	0	0	8.99223
241	1	1	0	0	0	0	1	0	0	0	0	0	0	0	0	0	0	3	0.1396999	9	0.0195161	0	0	0	0	0	0	0	0	0	1	0	0	0	0	0	0	0	0	9.848722
241	1	0	0	0	0	0	0	0	1	0	0	0	0	0	1	0	0	4	0.2413	16	0.0582257	0	0	0	0	0	0	0	0	0	0	1	0	0	0	1	0	0	0	9.848722
241	0	0	0	0	0	0	0	0	0	0	0	0	0	0	1	0	3	11	0.0762	121	0.0058064	0	0	0	0	0	0	0	0	3	0	0	0	0	0	0	0	0	1	8.883064
241	0	0	0	0	0	0	0	0	1	0	0	0	0	0	1	0	0	5	0.1015999	25	0.0103225	0	0	0	0	0	0	0	0	0	0	1	0	0	0	1	0	0	0	9.2512
242	1	1	0	0	0	0	0	0	0	0	0	0	0	0	1	0	0	4	0.2158999	16	0.0466128	0	0	0	0	0	0	1	0	0	0	1	0	0	0	0	0	0	0	9.848722
242	1	1	0	0	0	0	1	0	0	0	0	0	0	0	0	0	0	3	0.1523999	9	0.0232257	0	0	0	0	0	0	1	0	0	0	0	0	0	0	0	0	0	0	9.689184
242	0	0	0	0	0	0	0	0	0	0	0	0	0	0	1	0	3	5	0.1523999	25	0.0232257	0	0	0	0	0	3	0	0	0	0	0	0	0	1	0	0	0	0	8.99223
243	1	0	0	0	0	0	0	0	0	0	0	0	0	0	0	0	2	5	0.2286	25	0.052258	0	0	0	0	0	0	0	0	2	0	0	0	0	0	0	1	0	0	9.321049
243	1	0	0	0	0	1	0	0	0	0	0	0	0	0	0	0	1	7	0.1524	49	0.0232258	0	0	0	0	0	0	0	0	1	0	1	0	0	0	1	0	0	0	9.440964
243	1	0	0	0	0	0	1	0	0	0	1	0	0	0	0	0	1	7	0.1524	49	0.0232258	0	0	0	0	0	0	0	0	1	0	1	0	0	0	1	0	0	0	9.814734
243	1	0	0	0	0	0	1	0	0	0	1	0	0	0	0	0	1	7	0.127	49	0.016129	0	0	0	0	0	0	0	0	1	0	1	0	0	0	1	0	0	0	9.680216
243	1	1	0	0	0	0	1	0	0	0	1	0	0	0	0	0	0	5	0.0889	25	0.0079032	0	0	0	0	0	0	0	0	0	1	1	0	0	0	0	0	0	0	10.0737
244	1	1	0	0	0	0	1	0	0	0	1	0	0	0	0	0	0	0	0.1777999	0	0.0316128	0	30	0	0	0	0	0	0	0	0	1	0	0	0	0	0	0	0	9.063455
244	0	0	0	0	0	1	0	0	0	0	0	0	0	0	0	0	2	0	0.1015999	0	0.0103225	0	41	0	0	0	0	0	0	0	0	0	0	0	0	0	1	0	0	8.938133
244	0	0	0	0	0	1	0	0	0	0	0	0	0	1	0	0	0	0	0.0127	0	0.0001613	0	38	0	0	0	0	0	0	0	0	0	0	0	1	0	0	0	0	8.99223
244	0	0	0	0	0	0	0	0	0	0	0	0	0	1	0	0	0	0	0.0508	0	0.0025806	0	30	0	0	0	0	0	0	0	0	0	0	0	1	0	0	0	0	8.93498
244	1	0	0	0	0	1	0	0	0	0	0	0	0	0	0	0	1	0	0.2032	0	0.0412902	0	34	0	0	0	0	0	0	0	0	1	0	0	0	1	0	0	0	9.757976
244	1	0	0	0	0	1	0	0	0	0	0	0	0	1	0	0	0	0	0.127	0	0.016129	0	33	0	0	0	0	0	0	0	0	1	0	0	1	0	0	0	0	8.99223
244	0	0	0	0	0	0	0	0	0	0	0	0	0	1	0	0	0	0	0.1015999	0	0.0103225	0	33	0	0	0	0	0	0	0	0	1	0	0	1	0	0	0	0	8.883064
244	1	0	0	0	0	0	0	0	0	0	0	0	0	1	0	0	0	0	0.2285999	0	0.0522579	0	32	0	0	0	0	0	0	0	0	0	0	0	1	0	0	0	0	8.883064
244	1	0	0	1	0	0	0	0	0	0	0	0	0	1	0	0	0	0	0	0	0	0	34	1.6002	0	0	0	0	0	0	0	1	0	0	1	0	0	0	0	9.2512
244	0	0	0	0	0	0	0	0	0	0	0	0	0	1	0	0	0	0	0.2032	0	0.0412902	0	36	0	0	0	0	0	0	0	0	1	0	0	1	0	0	0	0	8.99223
244	0	0	0	0	0	0	0	0	0	0	0	0	0	1	0	0	0	0	0.0761999	0	0.0058064	0	34	0	0	0	0	0	0	0	0	0	0	0	1	0	0	0	0	8.848053
244	0	1	0	0	0	0	0	0	0	0	0	0	0	0	0	0	0	0	0.1396999	0	0.0195161	0	34	0	0	0	0	0	0	0	0	0	0	0	0	0	0	0	0	8.938133
244	0	1	0	0	0	0	0	0	0	0	0	0	0	0	0	0	0	0	0.127	0	0.016129	0	35	0	0	0	0	0	0	0	0	1	0	0	0	0	0	0	0	9.235896
244	0	0	0	0	0	0	0	0	0	0	0	0	0	1	0	0	0	0	0.0634999	0	0.0040322	0	35	0	0	0	0	0	0	0	0	1	0	0	1	0	0	0	0	8.938133
244	0	1	0	0	0	0	1	0	0	0	1	0	0	0	0	0	0	0	0.1015999	0	0.0103225	0	35	0	0	0	0	0	0	0	0	0	0	0	0	0	0	0	0	9.208271
245	0	0	0	0	1	0	1	0	0	1	0	0	0	1	0	0	0	4	0.2286	16	0.052258	0	0	0	0	0	0	0	0	0	0	0	0	0	1	0	0	0	0	9.328186
245	1	0	1	1	1	0	1	0	0	1	0	0	0	1	0	0	0	0	0	0	0	24	0	1.4732	0	0	0	0	0	0	0	0	0	0	1	0	0	0	0	8.960236
245	1	0	0	1	1	0	0	0	0	1	0	0	0	1	1	0	0	8	0	64	0	0	0	1.4732	0	0	0	0	0	0	0	0	0	0	1	0	0	0	0	9.2512
245	0	0	1	1	0	0	0	0	0	0	0	0	0	1	1	0	0	0	0	0	0	24	0	1.4732	0	0	0	0	0	0	0	0	0	0	1	0	0	0	0	8.771515
245	0	0	0	0	0	0	0	0	0	0	0	0	0	1	1	0	0	7	0.2540001	49	0.064516	0	0	0	0	0	0	0	0	0	0	1	0	0	1	0	0	0	0	9.2512
245	1	1	0	1	0	0	0	0	0	0	0	0	0	0	1	0	0	10	0	100	0	0	0	1.4732	0	0	0	0	0	0	0	0	0	0	0	0	0	0	0	9.371115
245	1	0	0	1	0	0	0	0	0	0	0	0	0	0	1	0	1	4	0	16	0	0	0	1.4732	0	0	0	0	0	0	0	1	0	0	0	1	0	0	0	9.2512
245	1	0	0	1	0	0	0	0	0	0	0	0	0	1	1	0	0	8	0	64	0	0	0	1.4732	0	0	0	0	0	0	0	0	0	0	1	0	0	0	0	9.43159
246	1	1	0	0	0	0	1	0	0	0	0	0	0	0	0	0	0	2	0	4	0	0	0	0	1.7526	0	0	0	0	0	1	1	0	0	0	0	0	0	0	9.673881
246	0	1	0	0	0	0	0	0	0	0	0	0	0	0	1	0	0	6	0	36	0	0	0	0	1.6256	0	0	0	0	0	1	0	0	0	0	0	0	0	0	9.069401
246	0	1	0	1	0	0	1	0	0	0	0	0	1	0	0	0	0	4	0	16	0	0	0	0	0	0	0	0	0	0	1	0	0	0	0	0	0	0	0	9.2512
246	0	1	0	0	0	0	0	0	0	0	0	0	0	0	1	0	0	7	0	49	0	0	0	0	1.7399	0	0	0	0	0	1	1	0	0	0	0	0	0	0	8.938133
246	0	1	0	0	0	0	1	0	0	0	0	0	0	0	0	0	0	6	0	36	0	0	0	0	1.6764	0	0	0	0	0	1	1	0	0	0	0	0	0	0	9.949953
246	1	0	0	0	0	0	0	0	0	0	0	0	0	1	1	0	0	5	0	25	0	0	0	0	1.6256	0	0	0	1	0	0	1	0	0	1	0	0	0	0	9.2512
246	0	0	0	0	0	0	0	0	0	0	0	0	0	1	1	0	0	7	0	49	0	0	0	0	1.6764	0	0	0	1	0	0	1	0	0	1	0	0	0	0	9.2512
246	1	0	0	0	0	0	0	0	0	0	0	0	0	1	1	0	0	6	0	36	0	0	0	0	1.6002	0	0	0	1	0	0	1	0	0	1	0	0	0	0	9.494866
246	1	1	0	0	0	0	0	0	0	0	0	0	0	0	1	0	0	4	0	16	0	0	0	0	1.5494	0	0	0	0	0	1	1	0	0	0	0	0	0	0	9.682546
246	0	1	0	0	0	0	0	0	0	0	0	0	0	0	1	0	0	5	0	25	0	0	0	0	1.6637	0	0	0	0	0	1	0	0	0	0	0	0	0	0	8.716446
246	0	1	0	1	1	0	1	0	0	1	0	0	1	0	0	0	0	6	0	36	0	0	0	0	0	0	0	0	0	0	1	0	0	0	0	0	0	0	0	8.99223
246	1	0	0	0	0	0	0	0	0	0	0	0	0	1	1	0	0	8	0	64	0	0	0	0	1.6256	0	0	0	1	0	0	1	0	0	1	0	0	0	0	9.101377
246	0	0	0	0	0	1	0	0	0	0	0	0	0	1	0	0	0	11	0	121	0	0	0	0	1.7272	0	0	0	1	0	0	0	0	0	1	0	0	0	0	9.39822
246	0	0	0	0	0	0	0	0	0	0	0	0	0	1	1	0	0	5	0	25	0	0	0	0	1.7272	0	0	0	1	0	0	1	0	0	1	0	0	0	0	9.494866
246	0	0	0	0	1	0	0	0	0	1	0	0	0	1	1	0	0	9	0	81	0	0	0	0	1.6256	0	0	0	1	0	0	0	0	0	1	0	0	0	0	9.035684
247	1	0	0	0	0	0	0	0	0	0	0	0	0	1	1	0	0	3	0.127	9	0.016129	0	0	0	0	0	0	0	0	0	0	1	0	0	1	0	0	0	0	9.848722
247	0	0	0	0	0	0	0	0	0	0	0	0	0	1	1	0	0	9	0.127	81	0.016129	0	0	0	0	0	0	0	0	0	0	1	0	0	1	0	0	0	0	8.883064
247	0	0	0	0	1	0	1	0	0	1	0	0	0	1	0	0	0	8	0.2286	64	0.052258	0	0	0	0	0	0	0	0	0	0	0	0	0	1	0	0	0	0	9.288423
247	0	0	0	0	0	0	1	0	0	0	0	0	0	1	0	0	0	5	0.1524	25	0.0232258	0	0	0	0	0	0	0	0	0	0	0	0	0	1	0	0	0	0	9.830038
247	1	0	0	0	0	0	0	0	0	0	0	0	0	1	1	0	0	2	0.2032	4	0.0412902	0	0	0	0	0	0	0	0	0	0	1	0	0	1	0	0	0	0	8.99223
247	0	0	0	0	0	0	0	0	0	0	0	0	0	0	1	0	4	10	0.127	100	0.016129	0	0	0	0	0	0	0	0	0	0	1	0	0	0	0	0	0	1	9.303116
247	0	0	0	0	0	1	0	0	0	0	0	0	0	1	0	0	0	5	0.1524	25	0.0232258	0	0	0	0	0	0	0	0	0	0	0	0	0	1	0	0	0	0	8.99223
247	0	0	0	0	0	0	0	0	0	0	0	0	0	1	1	0	0	8	0.1397001	64	0.0195161	0	0	0	0	0	0	0	0	0	0	0	0	0	1	0	0	0	0	9.199851
247	1	1	0	0	1	0	1	0	0	1	0	0	0	0	0	0	0	5	0.1397001	25	0.0195161	0	0	0	0	0	0	0	0	0	0	0	0	0	0	0	0	0	0	10.0737
247	0	1	0	0	0	0	0	0	0	0	0	0	0	0	1	0	0	5	0.0254	25	0.0006452	0	0	0	0	0	0	0	0	0	0	1	0	0	0	0	0	0	0	9.208271
247	1	0	0	0	0	0	0	0	0	0	0	0	0	1	1	0	0	6	0.1016001	36	0.0103226	0	0	0	0	0	0	0	0	0	0	0	0	0	1	0	0	0	0	9.208271
247	0	0	0	0	0	0	0	0	0	0	0	0	0	1	1	0	0	9	0.1524	81	0.0232258	0	0	0	0	0	0	0	0	0	0	1	0	0	1	0	0	0	0	9.2512
247	0	0	0	0	0	0	0	0	0	0	0	0	0	1	1	0	0	7	0.1016001	49	0.0103226	0	0	0	0	0	0	0	0	0	0	1	0	0	1	0	0	0	0	8.900909
247	1	0	0	0	0	1	0	0	0	0	0	0	0	1	0	0	0	2	0.1524	4	0.0232258	0	0	0	0	0	0	0	0	0	0	0	0	0	1	0	0	0	0	9.571068
247	0	0	0	0	0	0	1	0	0	0	0	0	0	1	0	0	0	10	0.1143	100	0.0130645	0	0	0	0	0	0	0	0	0	0	0	0	0	1	0	0	0	0	9.208271
248	1	0	0	0	0	0	1	0	0	0	0	0	0	1	0	0	0	2	0.0508	4	0.0025806	0	0	0	0	0	0	0	0	0	0	0	0	0	0	1	0	0	0	10.0737
248	1	0	0	0	0	1	0	0	0	0	0	0	0	1	1	0	0	4	0.0352	16	0.001239	0	0	0	0	0	0	0	0	0	0	1	0	0	0	1	0	0	0	9.848722
248	1	0	0	0	0	0	0	0	0	0	0	0	0	1	0	0	0	2	0.2032	4	0.0412902	0	0	0	0	0	0	0	0	0	0	0	0	0	0	1	0	0	0	9.371115
248	1	0	0	0	0	1	0	0	0	0	0	0	0	0	1	0	0	12	0.0762	144	0.0058064	0	0	0	0	0	0	0	0	0	0	0	0	0	0	1	0	0	0	9.410871
249	0	0	0	0	0	0	0	0	0	0	0	0	0	1	1	0	0	11	0.127	121	0.016129	0	0	0	0	0	0	0	0	0	0	0	0	0	1	0	0	0	0	8.99223
249	0	0	0	1	0	1	0	0	0	0	0	0	0	1	0	0	0	8	0	64	0	0	0	1.5494	0	0	0	0	0	0	0	1	0	0	1	0	0	0	0	8.99223
249	0	0	0	1	0	0	0	0	0	0	0	0	0	1	1	0	0	9	0	81	0	0	0	1.5494	0	0	0	0	0	0	0	1	0	0	1	0	0	0	0	9.181799
249	0	0	1	0	1	0	0	0	0	1	0	0	0	1	1	0	0	0	0.0762	0	0.0058064	21	0	0	0	0	0	0	0	0	0	0	0	0	1	0	0	0	0	8.938133
249	0	0	0	0	1	0	1	0	0	1	0	0	0	1	0	0	0	7	0.1524	49	0.0232258	0	0	0	0	0	0	0	0	0	0	0	0	0	1	0	0	0	0	9.208271
249	1	0	0	1	1	0	0	0	0	1	0	0	0	0	1	0	0	6	0	36	0	0	0	1.5494	0	0	0	0	0	0	0	0	0	0	1	0	0	0	0	9.395179
249	0	0	0	0	0	0	0	0	0	0	0	0	0	1	1	0	0	7	0.127	49	0.016129	0	0	0	0	0	0	0	0	0	0	1	0	0	1	0	0	0	0	9.016549
249	0	0	0	0	0	0	0	0	0	0	0	0	0	1	1	0	0	7	0.127	49	0.016129	0	0	0	0	0	0	0	0	0	0	0	0	0	1	0	0	0	0	8.99223
249	1	0	0	1	0	0	0	0	0	0	0	0	0	1	1	0	0	9	0	81	0	0	0	1.5494	0	0	0	0	0	0	0	0	0	0	1	0	0	0	0	8.99223
249	1	0	0	0	0	0	0	0	0	0	0	0	0	1	1	0	0	9	0.0381	81	0.0014516	0	0	0	0	0	0	0	0	0	0	0	0	0	1	0	0	0	0	9.43159
249	1	0	0	0	0	0	0	0	0	0	0	0	0	1	1	0	0	4	0.1524	16	0.0232258	0	0	0	0	0	0	0	0	0	0	1	0	0	1	0	0	0	0	9.118523
249	1	1	0	0	0	0	0	0	0	0	0	0	0	0	1	0	0	6	0.127	36	0.016129	0	0	0	0	0	0	0	0	0	0	1	0	0	0	0	0	0	0	9.2512
249	0	0	0	1	1	0	1	0	0	1	0	0	0	1	0	0	0	8	0	64	0	0	0	1.5494	0	0	0	0	0	0	0	0	0	0	1	0	0	0	0	9.317419
249	0	0	0	0	1	0	0	0	0	1	0	0	0	1	1	0	0	6	0.1524	36	0.0232258	0	0	0	0	0	0	0	0	0	0	0	0	0	1	0	0	0	0	8.938133
249	0	1	0	0	1	0	1	0	0	1	0	0	0	0	0	0	0	9	0.127	81	0.016129	0	0	0	0	0	0	0	0	0	0	0	0	0	0	0	0	0	0	9.874296
250	0	0	0	0	0	0	0	0	0	0	0	0	0	1	1	0	0	4	0.127	16	0.016129	0	0	0	0	0	0	0	0	0	0	1	0	0	0	1	0	0	0	9.101377
250	0	0	0	0	0	0	0	0	0	0	0	0	0	0	1	-1	0	6	0.0889	36	0.0079032	0	0	0	0	0	0	0	0	0	0	1	0	0	1	0	0	0	0	8.99223
250	1	0	0	0	0	0	0	0	0	0	0	0	0	1	1	0	0	7	0.0762	49	0.0058064	0	0	0	0	0	0	0	0	0	0	1	0	0	0	1	0	0	0	9.790168
250	1	0	0	0	0	0	0	0	0	0	0	0	0	1	1	0	0	6	0.1524	36	0.0232258	0	0	0	0	0	0	0	0	0	0	1	0	0	0	1	0	0	0	10.0737
250	0	0	0	0	1	0	0	0	0	1	0	0	0	1	1	0	0	6	0.1015999	36	0.0103225	0	0	0	0	0	0	0	0	0	0	0	0	0	0	1	0	0	0	8.883064
250	0	0	0	0	0	0	0	0	0	0	0	0	0	1	1	0	0	6	0.0508	36	0.0025806	0	0	0	0	0	0	0	0	0	0	0	0	0	0	1	0	0	0	8.825611
250	0	0	0	0	1	0	0	0	0	1	0	0	0	1	1	0	0	7	0.127	49	0.016129	0	0	0	0	0	0	0	0	0	0	0	0	0	0	1	0	0	0	9.235896
250	0	1	0	0	0	0	0	0	0	0	0	0	0	0	1	0	0	7	0.1015999	49	0.0103225	0	0	0	0	0	0	0	0	0	0	1	0	0	0	0	0	0	0	8.883064
250	1	0	1	1	0	0	1	0	0	0	0	0	0	1	0	0	0	0	0	0	0	26	0	1.5748	0	0	0	0	0	0	0	1	0	0	0	1	0	0	0	9.680216
250	0	0	1	0	0	0	0	0	0	0	0	0	0	0	1	0	0	0	0.0127	0	0.0001613	26	0	0	0	0	0	0	0	0	0	1	0	0	0	1	0	0	0	8.716446
250	0	0	0	0	0	0	0	0	0	0	0	0	0	1	1	0	0	7	0.0762	49	0.0058064	0	0	0	0	0	0	0	0	0	0	0	0	0	0	1	0	0	0	8.99223
250	1	0	0	0	0	0	0	0	0	0	0	0	0	1	1	0	0	9	0.1015999	81	0.0103225	0	0	0	0	0	0	0	0	0	0	0	0	0	0	1	0	0	0	9.084581
250	0	0	0	0	0	0	1	0	0	0	0	0	0	1	0	0	0	4	0.0762	16	0.0058064	0	0	0	0	0	0	0	0	0	0	0	0	0	0	1	0	0	0	9.2512
250	1	0	0	0	0	0	0	0	0	0	0	0	0	1	1	0	0	6	0.0762	36	0.0058064	0	0	0	0	0	0	0	0	0	0	0	0	0	0	1	0	0	0	8.825611
250	0	0	0	0	1	0	0	0	0	1	0	0	0	0	1	0	0	9	0.1524	81	0.0232258	0	0	0	0	0	0	0	0	0	0	0	0	0	0	1	0	0	0	9.144245
251	0	0	0	0	0	0	0	0	0	0	0	0	0	1	1	0	0	9	0.2794	81	0.0780644	0	0	0	0	0	0	0	1	0	0	0	0	0	0	0	1	0	0	9.208271
251	0	0	0	0	0	0	0	0	0	0	0	0	0	0	1	-1	0	7	0.2285999	49	0.0522579	0	0	0	0	0	0	0	0	-1	0	1	0	0	0	1	0	0	0	8.99223
251	0	0	0	0	1	1	0	0	0	1	0	0	0	1	0	0	0	8	0.0762	64	0.0058064	0	0	0	0	0	0	0	1	0	0	0	0	0	0	0	1	0	0	9.127307
251	0	0	1	0	0	0	1	0	0	0	0	0	0	0	0	0	0	0	0.1523999	0	0.0232257	23	0	0	0	0	0	0	0	0	0	0	0	0	0	0	1	0	0	8.938133
251	0	0	0	0	0	0	0	0	0	0	0	0	0	0	1	0	1	9	0.2032	81	0.0412902	0	0	0	0	0	0	0	0	1	0	0	0	0	0	0	0	1	0	9.348509
251	0	0	0	0	1	1	0	0	0	1	0	0	0	1	0	0	0	7	0.127	49	0.016129	0	0	0	0	0	0	0	1	0	0	0	0	0	0	0	1	0	0	8.99223
251	0	0	0	1	1	0	0	0	0	1	0	0	0	0	1	-4	0	4	0	16	0	0	0	1.524	0	0	0	0	0	-4	0	0	1	0	0	0	0	0	0	9.208271
251	0	0	0	0	0	0	0	0	0	0	0	0	0	0	1	-1	0	4	0.0762	16	0.0058064	0	0	0	0	0	0	0	0	-1	0	1	0	0	0	1	0	0	0	9.2512
251	0	0	0	0	0	0	0	0	0	0	0	0	0	0	1	-1	0	12	0.1523999	144	0.0232257	0	0	0	0	0	0	0	0	-1	0	1	0	0	0	1	0	0	0	8.99223
254	0	0	0	0	0	1	0	0	0	0	0	0	0	1	0	0	0	7	0.0508001	49	0.0025806	0	0	0	0	0	0	0	0	0	0	1	0	0	1	0	0	0	0	9.848722
254	0	0	0	0	0	1	0	0	0	0	0	0	0	1	0	0	0	8	0.1016001	64	0.0103226	0	0	0	0	0	0	0	0	0	0	0	0	0	1	0	0	0	0	9.649484
254	1	0	0	0	0	1	0	0	0	0	0	0	0	1	0	0	0	6	0.1016001	36	0.0103226	0	0	0	0	0	0	0	0	0	0	0	0	0	1	0	0	0	0	9.989575
254	0	0	0	0	0	1	0	0	0	0	0	0	0	1	0	0	0	5	0.1016001	25	0.0103226	0	0	0	0	0	0	0	0	0	0	1	0	0	1	0	0	0	0	9.673881
254	1	0	0	0	0	1	0	0	0	0	0	0	0	1	0	0	0	5	0.0508001	25	0.0025806	0	0	0	0	0	0	0	0	0	0	1	0	0	1	0	0	0	0	9.848722
254	0	0	0	0	0	1	0	0	0	0	0	0	0	1	0	0	0	5	0.0254	25	0.0006452	0	0	0	0	0	0	0	0	0	0	1	0	0	1	0	0	0	0	9.848722
254	0	0	0	0	0	1	0	0	0	0	0	0	0	1	0	0	0	6	0.0508001	36	0.0025806	0	0	0	0	0	0	0	0	0	0	1	0	0	1	0	0	0	0	9.814734
254	0	0	0	0	0	1	0	0	0	0	0	0	0	1	0	0	0	7	0.0762	49	0.0058064	0	0	0	0	0	0	0	0	0	0	1	0	0	1	0	0	0	0	9.848722
254	0	0	0	0	0	0	0	0	0	0	0	0	0	0	0	-3	0	6	0.0508001	36	0.0025806	0	0	0	0	0	0	0	0	0	0	1	0	0	0	0	0	0	0	9.848722
254	0	0	0	0	0	1	0	0	0	0	0	0	0	1	0	0	0	6	0	36	0	0	0	0	0	0	0	0	0	0	0	0	0	0	1	0	0	0	0	9.93285
254	0	0	0	0	0	1	0	0	0	0	0	0	0	1	0	0	0	9	0.0127001	81	0.0001613	0	0	0	0	0	0	0	0	0	0	0	0	0	1	0	0	0	0	9.809099
254	0	0	0	0	0	1	0	0	0	0	0	0	0	1	0	0	0	8	0.1524	64	0.0232258	0	0	0	0	0	0	0	0	0	0	1	0	0	1	0	0	0	0	9.848722
258	0	0	0	0	0	1	0	0	0	0	0	0	0	1	1	0	0	5	0.0508	25	0.0025806	0	0	0	0	0	0	0	0	0	0	0	0	0	0	0	0	0	0	9.2512
258	0	1	0	0	1	0	1	0	0	1	0	0	0	0	0	0	0	2	0.0762	4	0.0058064	0	0	0	0	0	0	0	0	0	0	0	0	0	0	0	0	0	0	9.571068
258	1	1	0	0	1	0	1	0	0	1	0	0	0	0	0	0	0	8	0.1524	64	0.0232258	0	0	0	0	0	0	0	0	0	0	0	0	0	0	0	0	0	0	9.689184
258	0	1	0	1	0	0	1	0	0	0	0	0	0	0	0	0	0	7	0	49	0	0	0	1.5748	0	0	0	0	0	0	0	0	0	0	0	0	0	0	0	9.101377
258	1	0	0	0	0	1	0	0	0	0	0	0	0	1	1	0	0	2	0.1777999	4	0.0316128	0	0	0	0	0	0	0	0	0	0	0	0	0	0	0	0	0	0	9.814734
258	0	0	0	1	1	0	1	0	0	1	0	0	0	1	0	0	0	7	0	49	0	0	0	1.5748	0	0	0	0	0	0	0	0	0	0	0	0	0	0	0	9.089564
258	0	0	0	0	1	1	0	0	0	1	0	0	0	1	1	0	0	3	0.1051999	9	0.011067	0	0	0	0	0	0	0	0	0	0	0	0	0	0	0	0	0	0	9.830038
258	1	1	0	0	0	0	0	0	0	0	0	0	0	0	0	0	0	9	0.127	81	0.016129	0	0	0	0	0	0	0	0	0	0	1	0	0	0	0	0	0	0	9.179138
258	1	1	0	0	0	0	1	0	0	0	0	0	0	0	0	0	0	6	0.1524	36	0.0232258	0	0	0	0	0	0	0	0	0	0	1	0	0	0	0	0	0	0	9.438108
258	0	0	0	1	1	1	0	0	0	1	0	0	0	1	1	0	0	5	0	25	0	0	0	1.5748	0	0	0	0	0	0	0	0	0	0	0	0	0	0	0	8.883064
258	0	1	0	1	0	0	1	0	0	0	0	0	0	0	0	0	0	4	0	16	0	0	0	1.5748	0	0	0	0	0	0	0	0	0	0	0	0	0	0	0	9.869575
258	1	1	0	0	1	0	1	0	0	1	0	0	0	0	0	0	0	5	0.1015999	25	0.0103225	0	0	0	0	0	0	0	0	0	0	0	0	0	0	0	0	0	0	9.848722
258	0	1	0	0	0	1	0	0	0	0	0	0	0	0	1	0	0	4	0.1143	16	0.0130645	0	0	0	0	0	0	0	0	0	0	0	0	0	0	0	0	0	0	9.2512
258	0	0	0	0	0	1	0	0	0	0	0	0	0	1	1	0	0	10	0.1524	100	0.0232258	0	0	0	0	0	0	0	0	0	0	0	0	0	0	0	0	0	0	9.084581
258	0	1	0	0	0	0	1	0	0	0	0	0	0	0	0	0	0	9	0.1777999	81	0.0316128	0	0	0	0	0	0	0	0	0	0	0	0	0	0	0	0	0	0	10.0737
259	0	1	0	0	0	0	1	0	0	0	0	0	0	0	0	0	0	4	0.1777999	16	0.0316128	0	0	0	0	0	0	0	0	0	0	1	0	0	0	0	0	0	0	9.366202
259	0	0	0	0	0	0	0	0	0	0	0	0	0	1	1	0	0	12	0.0634999	144	0.0040322	0	0	0	0	0	0	0	0	0	0	1	0	0	0	0	0	0	0	9.307697
259	0	1	0	0	1	0	1	0	0	1	0	0	0	0	0	0	0	5	0.2032	25	0.0412902	0	0	0	0	0	0	0	0	0	0	0	0	0	0	0	0	0	0	9.869575
259	0	1	1	0	0	0	1	0	0	0	0	0	0	0	0	0	0	0	0.2794	0	0.0780644	32	0	0	0	0	0	0	0	0	0	1	0	0	0	0	0	0	0	9.208271
259	0	0	0	0	1	0	0	0	0	1	0	0	0	1	1	0	0	1	0.127	1	0.016129	0	0	0	0	0	0	0	0	0	0	0	0	0	0	0	0	0	0	9.029384
259	0	0	0	0	1	0	1	0	0	1	0	0	0	0	0	0	3	8	0.1015999	64	0.0103225	0	0	0	0	0	0	0	0	0	0	0	0	0	1	0	0	0	0	9.314216
260	0	0	0	0	0	0	1	0	1	0	0	0	0	0	0	0	2	3	0.0253999	9	0.0006452	0	0	0	0	0	0	0	0	2	0	1	0	0	0	0	0	1	0	9.307697
260	0	0	0	0	1	1	0	0	0	0	0	0	0	0	1	0	1	6	0.0889	36	0.0079032	0	0	0	0	0	0	0	0	1	0	0	0	0	0	0	1	0	0	8.972886
260	0	0	0	0	1	1	0	0	0	0	0	0	0	0	1	-1	0	9	0.0508	81	0.0025806	0	0	0	0	0	0	0	0	-1	0	0	0	0	1	0	0	0	0	9.107023
260	0	0	0	1	1	1	0	0	0	0	0	0	0	1	1	0	0	10	0	100	0	0	0	1.651	0	0	0	0	1	0	0	0	0	0	0	1	0	0	0	8.99223
260	0	0	0	0	0	1	0	0	1	0	0	0	0	0	1	0	1	7	0.0634999	49	0.0040322	0	0	0	0	0	0	0	0	1	0	1	0	0	0	0	1	0	0	9.348535
260	0	0	0	0	0	1	0	0	0	0	0	0	0	1	1	0	0	6	0.1524	36	0.0232258	0	0	0	0	0	0	0	1	0	0	0	0	0	0	1	0	0	0	9.2512
260	0	0	0	0	1	1	0	0	0	0	0	0	0	1	1	0	0	7	0.1524	49	0.0232258	0	0	0	0	0	0	0	1	0	0	0	0	0	0	1	0	0	0	9.814734
260	0	0	0	0	0	0	1	0	1	0	0	0	0	0	0	-1	0	4	0.0762	16	0.0058064	0	0	0	0	0	0	0	0	-1	0	1	0	0	1	0	0	0	0	9.438108
260	0	0	0	0	0	1	0	0	1	0	0	0	0	1	1	0	0	6	0.0508	36	0.0025806	0	0	0	0	0	0	0	1	0	0	1	0	0	0	1	0	0	0	8.99223
260	0	0	0	0	1	0	0	0	0	0	0	0	0	0	0	0	0	3	0.0253999	9	0.0006452	0	0	0	0	0	0	0	0	0	0	0	0	0	0	1	0	0	0	8.825611
261	1	0	0	0	0	1	0	0	0	0	0	0	0	1	1	0	0	4	0.1523999	16	0.0232257	0	0	0	0	0	0	0	0	0	0	0	0	0	1	0	0	0	0	9.438108
261	0	0	0	0	0	1	0	0	0	0	0	0	0	0	1	-3	0	8	0.2285999	64	0.0522579	0	0	0	0	0	0	0	0	0	0	1	0	0	0	0	0	0	0	9.2512
261	0	1	0	0	1	0	0	0	0	1	0	0	0	0	0	0	0	10	0.1777999	100	0.0316128	0	0	0	0	0	0	0	0	0	0	0	0	0	0	0	0	0	0	9.410738
261	0	1	0	0	0	1	0	0	0	0	0	0	0	0	1	0	0	10	0.1651	100	0.027258	0	0	0	0	0	0	0	0	0	0	1	0	0	0	0	0	0	0	10.0737
261	0	0	0	0	0	1	0	0	0	0	0	0	0	1	1	0	0	6	0.1523999	36	0.0232257	0	0	0	0	0	0	0	0	0	0	0	0	0	1	0	0	0	0	9.2512
261	1	0	0	0	0	0	1	0	0	0	0	0	0	1	0	0	0	6	0.1523999	36	0.0232257	0	0	0	0	0	0	0	0	0	0	1	0	0	1	0	0	0	0	9.335566
261	0	0	0	0	1	0	0	0	0	1	0	0	0	1	0	0	0	8	0.2032	64	0.0412902	0	0	0	0	0	0	0	0	0	0	0	0	0	1	0	0	0	0	9.2512
261	0	0	0	0	0	0	1	0	0	0	0	0	0	1	0	0	0	5	0.2285999	25	0.0522579	0	0	0	0	0	0	0	0	0	0	1	0	0	1	0	0	0	0	9.286845
261	0	0	0	0	0	1	0	0	0	0	0	0	0	1	1	0	0	6	0.1523999	36	0.0232257	0	0	0	0	0	0	0	0	0	0	0	0	0	1	0	0	0	0	9.494866
261	1	0	0	0	1	0	0	0	0	1	0	0	0	1	0	0	0	5	0.1523999	25	0.0232257	0	0	0	0	0	0	0	0	0	0	0	0	0	1	0	0	0	0	9.286845
261	1	1	0	0	0	1	0	0	0	0	0	0	0	0	1	0	0	7	0.1523999	49	0.0232257	0	0	0	0	0	0	0	0	0	0	1	0	0	0	0	0	0	0	9.43159
261	0	1	0	1	0	0	0	0	0	0	0	0	0	0	0	0	0	4	0	16	0	0	0	1.524	0	0	0	0	0	0	0	1	0	0	0	0	0	0	0	9.440964
261	0	0	0	0	0	0	0	0	0	0	0	0	0	1	0	0	0	8	0.1777999	64	0.0316128	0	0	0	0	0	0	0	0	0	0	1	0	0	1	0	0	0	0	9.286845
261	1	1	0	0	0	1	0	0	0	0	0	0	0	0	1	0	0	7	0.127	49	0.016129	0	0	0	0	0	0	0	0	0	0	1	0	0	0	0	0	0	0	9.989575
261	0	0	0	0	0	0	0	0	0	0	0	0	0	1	0	0	0	10	0.1651	100	0.027258	0	0	0	0	0	0	0	0	0	0	0	0	0	1	0	0	0	0	9.43159
262	1	0	0	0	0	1	0	0	0	0	0	0	0	1	1	0	0	5	-0.0762	25	0.0058064	0	0	0	0	0	0	0	0	0	0	0	0	0	0	0	0	0	0	9.689184
262	0	1	0	0	1	0	1	0	0	1	0	0	0	0	0	0	0	8	0.127	64	0.016129	0	0	0	0	0	0	0	0	0	0	0	0	0	0	0	0	0	0	9.17262
262	0	0	0	0	0	0	0	0	0	0	0	0	0	1	0	0	0	6	0.1777999	36	0.0316128	0	0	0	0	0	0	0	0	0	0	0	0	0	0	0	0	0	0	9.438108
262	1	0	0	0	1	1	0	0	0	1	0	0	0	1	1	0	0	8	-0.0254	64	0.0006452	0	0	0	0	0	0	0	0	0	0	0	0	0	0	0	0	0	0	9.809099
262	0	0	0	0	0	1	0	0	0	0	0	0	0	1	1	0	0	5	0.127	25	0.016129	0	0	0	0	0	0	0	0	0	0	1	0	0	0	0	0	0	0	8.99223
262	0	1	0	0	0	0	0	0	0	0	0	0	0	0	0	0	0	10	0.0253999	100	0.0006452	0	0	0	0	0	0	0	0	0	0	0	0	0	0	0	0	0	0	9.288423
262	1	0	0	0	0	1	0	0	0	0	0	0	0	1	1	0	0	5	0.1015999	25	0.0103225	0	0	0	0	0	0	0	0	0	0	0	0	0	0	0	0	0	0	9.848722
262	1	1	0	0	0	1	0	0	0	0	0	0	0	0	1	0	0	7	0.0761999	49	0.0058064	0	0	0	0	0	0	0	0	0	0	0	0	0	0	0	0	0	0	9.848722
262	1	1	0	0	0	0	0	0	0	0	0	0	0	0	0	0	0	5	0.0508	25	0.0025806	0	0	0	0	0	0	0	0	0	0	1	0	0	0	0	0	0	0	10.07391
262	0	0	0	0	1	1	0	0	0	1	0	0	0	0	1	0	5	3	0.0761999	9	0.0058064	0	0	0	0	0	0	0	0	0	0	0	0	0	0	0	1	0	0	9.848722
263	0	0	0	0	0	0	0	0	1	0	0	0	0	1	1	0	0	6	0.1524	36	0.0232258	0	0	0	0	0	0	0	0	0	0	1	0	0	0	0	0	0	0	9.2512
263	0	1	0	0	0	0	1	0	1	0	0	0	0	0	0	0	0	2	0	4	0	0	0	0	0	0	0	0	0	0	0	1	0	0	0	0	0	0	0	9.814734
263	0	1	0	0	1	0	0	0	0	0	0	0	0	0	1	0	0	4	0.1524	16	0.0232258	0	0	0	0	0	0	0	0	0	0	0	0	0	0	0	0	0	0	9.809099
263	1	1	0	0	0	0	1	0	0	0	0	0	0	0	0	0	0	3	0.127	9	0.016129	0	0	0	0	0	0	0	0	0	0	0	0	0	0	0	0	0	0	9.848722
263	1	1	0	0	0	0	1	0	0	0	0	0	0	0	0	0	0	3	0.0508	9	0.0025806	0	0	0	0	0	0	0	0	0	0	0	0	0	0	0	0	0	0	9.208271
263	0	1	0	0	0	0	1	0	0	0	0	0	0	0	0	0	0	8	0.0762	64	0.0058064	0	0	0	0	0	0	0	0	0	0	0	0	0	0	0	0	0	0	10.0737
263	0	1	0	0	0	0	0	0	1	0	0	0	0	0	1	0	0	5	0.0508	25	0.0025806	0	0	0	0	0	0	0	0	0	0	1	0	0	0	0	0	0	0	9.494866
263	0	1	0	0	1	0	0	0	0	0	0	0	0	0	1	0	0	4	0.127	16	0.016129	0	0	0	0	0	0	0	0	0	0	0	0	0	0	0	0	0	0	9.494866
263	0	1	0	0	0	0	0	0	1	0	0	0	0	0	1	0	0	4	0.0839	16	0.0070392	0	0	0	0	0	0	0	0	0	0	1	0	0	0	0	0	0	0	9.848722
263	0	0	0	0	1	1	0	0	0	0	0	0	0	1	0	0	0	5	0	25	0	0	0	0	0	0	0	0	0	0	0	0	0	0	0	0	0	0	0	8.704817
263	0	1	0	0	0	1	0	0	1	0	0	0	0	0	0	0	0	10	0.0508	100	0.0025806	0	0	0	0	0	0	0	0	0	0	1	0	0	0	0	0	0	0	9.494866
263	0	0	0	0	0	1	0	0	0	0	0	0	0	1	0	0	0	6	0.127	36	0.016129	0	0	0	0	0	0	0	0	0	0	0	0	0	0	0	0	0	0	9.438108
264	0	0	0	0	0	0	1	0	0	0	0	0	0	0	0	0	2	5	0.1092199	25	0.011929	0	0	0	0	0	0	0	0	0	0	0	0	0	0	0	1	0	0	9.273385
264	0	0	0	0	0	0	0	0	0	0	0	0	0	0	1	0	0	3	0.0253999	9	0.0006452	0	0	0	0	0	0	0	0	0	0	1	0	0	1	0	0	0	0	8.99223
264	1	0	0	0	1	0	1	0	0	1	0	0	0	0	0	-2	0	6	0.1523999	36	0.0232257	0	0	0	0	0	0	0	0	0	0	0	1	0	0	0	0	0	0	8.883064
264	1	0	0	0	0	0	0	0	0	0	0	0	0	1	1	0	0	3	0.2794	9	0.0780644	0	0	0	0	0	0	0	0	0	0	1	0	0	1	0	0	0	0	9.689184
264	0	1	0	0	1	0	0	0	0	1	0	0	0	0	1	0	0	6	0.1523999	36	0.0232257	0	0	0	0	0	0	0	0	0	0	0	0	0	0	0	0	0	0	8.825611
264	0	0	0	0	0	1	0	0	0	0	0	0	0	0	0	0	1	11	0.0761999	121	0.0058064	0	0	0	0	0	0	0	0	0	0	0	0	0	0	1	0	0	0	9.949953
264	0	1	0	0	1	0	0	0	0	1	0	0	0	0	1	0	0	5	0	25	0	0	0	0	0	0	0	0	0	0	0	0	0	0	0	0	0	0	0	8.99223
264	0	0	0	0	0	0	0	0	0	0	0	0	0	0	1	0	2	10	0.0508	100	0.0025806	0	0	0	0	0	0	0	0	0	0	1	0	0	0	0	1	0	0	9.328371
264	0	0	0	0	0	0	0	0	0	0	0	0	0	0	1	0	2	4	0.0508	16	0.0025806	0	0	0	0	0	0	0	0	0	0	0	0	0	0	0	1	0	0	9.372965
264	0	0	0	0	0	0	0	0	0	0	0	0	0	1	1	0	0	4	0.1142999	16	0.0130645	0	0	0	0	0	0	0	0	0	0	1	0	0	1	0	0	0	0	9.101377
264	1	0	0	0	0	1	0	0	0	0	0	0	0	1	0	0	0	3	0.1015999	9	0.0103225	0	0	0	0	0	0	0	0	0	0	1	0	0	1	0	0	0	0	9.2512
264	1	0	0	0	1	0	1	0	0	1	0	0	0	1	0	0	0	2	0.0253999	4	0.0006452	0	0	0	0	0	0	0	0	0	0	0	0	0	1	0	0	0	0	9.830038
264	1	0	0	0	1	0	1	0	0	1	0	0	0	1	0	0	0	4	0.127	16	0.016129	0	0	0	0	0	0	0	0	0	0	0	0	0	1	0	0	0	0	9.410738
264	0	0	0	0	0	1	0	0	0	0	0	0	0	0	0	0	2	6	0.1523999	36	0.0232257	0	0	0	0	0	0	0	0	0	0	0	0	0	0	0	1	0	0	9.127307
264	0	0	0	0	0	0	0	0	0	0	0	0	0	0	1	-2	0	1	0.0253999	1	0.0006452	0	0	0	0	0	0	0	0	0	0	1	1	0	0	0	0	0	0	8.99223
265	1	1	0	0	0	1	0	0	0	0	0	0	0	0	1	0	0	2	0.1523999	4	0.0232257	0	0	0	0	0	0	0	0	0	1	0	0	0	0	0	0	0	0	9.848722
265	1	1	0	1	0	0	0	0	0	0	0	0	0	0	0	0	0	8	0	64	0	0	0	1.524	0	0	0	0	0	0	1	0	0	0	0	0	0	0	0	8.825611
265	1	0	0	0	0	1	0	0	0	0	0	0	0	0	1	-3	0	6	0.1523999	36	0.0232257	0	0	0	0	0	0	0	0	-3	0	1	0	0	0	1	0	0	0	8.99223
266	1	0	0	0	0	1	0	0	0	0	0	0	0	0	1	0	0	8	0.127	64	0.016129	0	0	0	0	0	0	0	0	0	0	1	0	0	0	1	0	0	0	9.2512
266	0	1	0	0	1	0	1	0	0	1	0	0	0	0	0	0	0	7	0.0762	49	0.0058064	0	0	0	0	0	0	0	0	0	1	0	0	0	0	0	0	0	0	8.99223
267	1	1	0	1	1	0	1	0	0	1	0	0	0	0	0	0	0	10	0	100	0	0	0	1.6002	0	0	0	0	0	0	1	0	0	0	0	0	0	0	0	9.208271
267	1	0	0	0	0	0	0	0	0	0	0	0	0	1	1	0	0	3	0	9	0	0	0	0	0	0	0	0	1	0	0	1	0	0	0	0	0	1	0	8.938133
267	0	1	1	1	1	0	1	0	0	1	0	0	0	0	0	0	0	0	0	0	0	37	0	1.6002	0	0	0	0	0	0	1	0	0	0	0	0	0	0	0	8.793956
267	1	0	0	0	0	0	1	0	0	0	0	0	0	0	0	-2	0	3	0.127	9	0.016129	0	0	0	0	0	0	0	0	-2	0	0	0	0	0	1	0	0	0	8.938133
268	0	0	0	0	0	0	0	0	0	0	0	0	0	1	0	0	0	4	0.0634999	16	0.0040322	0	0	0	0	0	0	0	1	0	0	1	0	0	0	1	0	0	0	9.395179
268	0	1	0	0	0	0	1	0	0	0	1	0	0	0	0	0	0	2	0.2032	4	0.0412902	0	0	0	0	0	0	0	0	0	1	0	0	0	0	0	0	0	0	8.833337
268	1	1	0	0	0	0	0	0	0	0	0	0	0	0	0	0	0	0	0.0852	0	0.007259	0	0	0	0	0	0	0	0	0	1	0	0	0	0	0	0	0	0	9.876092
268	0	0	0	0	0	0	1	0	0	0	1	0	0	0	0	-4	0	6	0.2286	36	0.052258	0	0	0	0	0	0	0	0	-4	0	0	0	0	0	0	0	0	0	8.938133
268	0	0	0	0	0	1	0	0	0	0	0	0	0	0	0	0	0	3	0.1143	9	0.0130645	0	0	0	0	0	0	0	0	0	0	1	0	0	0	1	0	0	0	9.069973
268	0	0	0	0	0	0	1	0	0	0	1	0	0	0	0	0	0	4	0.1777999	16	0.0316128	0	0	0	0	0	0	0	0	0	0	1	0	0	0	1	0	0	0	9.208271
268	0	1	0	1	1	0	1	0	0	1	1	0	0	0	0	0	0	-10	0	100	0	0	0	1.5748	0	0	0	0	0	0	1	0	0	0	0	0	0	0	0	9.208271
268	0	0	0	0	1	0	0	0	0	1	0	0	0	0	0	-3	0	5	0.1015999	25	0.0103225	0	0	0	0	0	0	0	0	-3	0	0	1	0	0	0	0	0	0	9.288423
268	0	0	0	0	0	1	0	0	0	0	0	0	0	0	0	0	0	0	0.0254	0	0.0006452	0	0	0	0	0	0	0	0	0	0	1	0	0	0	1	0	0	0	9.410871
268	0	1	0	0	0	0	1	0	0	0	1	0	0	0	0	0	0	5	0.2158999	25	0.0466128	0	0	0	0	0	0	0	0	0	1	0	0	0	0	0	0	0	0	9.371115
268	1	1	0	1	0	0	0	0	0	0	0	0	0	0	0	0	0	7	0	49	0	0	0	1.5748	0	0	0	0	0	0	1	0	0	0	0	0	0	0	0	9.208271
268	0	0	0	1	0	0	0	0	0	0	0	0	0	1	0	0	0	13	0	169	0	0	0	1.5748	0	0	0	0	1	0	0	0	0	0	0	1	0	0	0	9.179138
268	1	1	0	0	0	0	0	0	0	0	0	0	0	0	0	0	0	16	0.2032	256	0.0412902	0	0	0	0	0	0	0	0	0	1	0	0	0	0	0	0	0	0	9.2512
270	0	0	0	0	0	0	0	0	0	0	0	0	0	1	1	0	0	4	0.0761999	16	0.0058064	0	0	0	0	0	0	0	0	0	0	0	0	0	0	0	0	0	0	9.107023
270	0	0	0	0	0	0	1	0	0	0	0	0	0	0	0	0	4	7	0.1015999	49	0.0103225	0	0	0	0	0	0	0	0	0	0	1	0	0	0	1	0	0	0	9.848722
270	0	1	0	0	0	0	0	0	0	0	0	0	0	0	1	0	0	3	0.1015999	9	0.0103225	0	0	0	0	0	0	0	0	0	0	1	0	0	0	0	0	0	0	9.192645
270	0	1	0	0	0	0	1	0	0	0	0	0	0	0	0	0	0	9	0.1777999	81	0.0316128	0	0	0	0	0	0	0	0	0	0	0	0	0	0	0	0	0	0	8.99223
270	1	0	0	0	0	1	0	0	0	0	0	0	0	1	0	0	0	9	0.0634999	81	0.0040322	0	0	0	0	0	0	0	0	0	0	1	0	0	0	0	0	0	0	9.179138
270	0	1	0	0	0	0	0	0	0	0	0	0	0	0	1	0	0	5	0.0508	25	0.0025806	0	0	0	0	0	0	0	0	0	0	1	0	0	0	0	0	0	0	9.507957
270	0	0	0	1	0	0	0	0	0	0	0	0	0	0	1	0	1	10	0	100	0	0	0	1.6002	0	0	0	0	0	0	0	0	1	0	0	0	0	0	0	9.438108
270	0	0	0	0	0	0	0	0	0	0	0	0	0	1	1	0	0	4	0.1777999	16	0.0316128	0	0	0	0	0	0	0	0	0	0	0	0	0	0	0	0	0	0	8.771515
270	0	0	0	0	1	0	1	0	0	1	0	0	0	0	0	0	1	7	0.1523999	49	0.0232257	0	0	0	0	0	0	0	0	0	0	0	1	0	0	0	0	0	0	8.876694
270	1	0	0	0	0	1	0	0	0	0	0	0	0	1	0	0	0	5	0.127	25	0.016129	0	0	0	0	0	0	0	0	0	0	0	0	0	0	0	0	0	0	8.99223
270	0	0	0	0	0	0	0	0	0	0	0	0	0	0	1	0	1	8	0.1777999	64	0.0316128	0	0	0	0	0	0	0	0	0	0	1	1	0	0	0	0	0	0	9.107023
271	0	1	0	0	0	0	1	0	0	0	0	0	0	0	0	0	0	13	0.127	169	0.016129	0	0	0	0	0	0	0	0	0	0	1	0	0	0	0	0	0	0	8.99223
271	0	0	0	0	0	0	0	0	0	0	0	0	0	1	1	0	0	8	0.0762	64	0.0058064	0	0	0	0	0	0	0	0	0	0	1	0	0	1	0	0	0	0	9.2512
271	1	0	0	0	0	0	0	0	0	0	0	0	0	1	1	0	0	7	0.1016001	49	0.0103226	0	0	0	0	0	0	0	0	0	0	1	0	0	1	0	0	0	0	8.900909
271	0	1	0	1	1	0	1	0	0	1	0	0	0	0	0	0	0	2	0	4	0	0	0	1.5494	0	0	0	0	0	0	0	0	0	0	0	0	0	0	0	9.098928
271	1	0	0	0	1	0	0	0	0	1	0	0	0	1	1	0	0	6	0.1905	36	0.0362903	0	0	0	0	0	0	0	0	0	0	0	0	0	1	0	0	0	0	9.814734
271	0	1	0	0	1	1	0	0	0	1	0	0	0	0	0	0	0	8	0.1016001	64	0.0103226	0	0	0	0	0	0	0	0	0	0	0	0	0	0	0	0	0	0	9.869575
271	0	0	0	0	1	0	0	0	0	1	0	0	0	1	1	0	0	4	0.1524	16	0.0232258	0	0	0	0	0	0	0	0	0	0	0	0	0	1	0	0	0	0	8.938133
271	0	1	0	0	0	0	1	0	0	0	0	0	0	0	0	0	0	5	0.2286	25	0.052258	0	0	0	0	0	0	0	0	0	0	0	0	0	0	0	0	0	0	8.883064
271	1	1	0	0	0	0	0	0	0	0	0	0	0	0	1	0	0	6	0.127	36	0.016129	0	0	0	0	0	0	0	0	0	0	1	0	0	0	0	0	0	0	9.430214
271	0	0	0	0	0	0	0	0	0	0	0	0	0	1	1	0	0	3	0.1016001	9	0.0103226	0	0	0	0	0	0	0	0	0	0	1	0	0	1	0	0	0	0	9.814734
271	1	1	0	0	0	1	0	0	0	0	0	0	0	0	0	0	0	4	0.1651	16	0.027258	0	0	0	0	0	0	0	0	0	0	1	0	0	0	0	0	0	0	9.874296
271	1	0	0	0	0	0	0	0	0	0	0	0	0	1	1	0	0	6	0.1524	36	0.0232258	0	0	0	0	0	0	0	0	0	0	1	0	0	1	0	0	0	0	9.848722
271	0	0	0	0	0	0	0	0	0	0	0	0	0	1	1	0	0	4	0.1524	16	0.0232258	0	0	0	0	0	0	0	0	0	0	0	0	0	1	0	0	0	0	9.192645
271	0	0	0	0	0	0	0	0	0	0	0	0	0	1	1	0	0	5	0.127	25	0.016129	0	0	0	0	0	0	0	0	0	0	1	0	0	1	0	0	0	0	8.825611
271	0	0	0	0	0	1	0	0	0	0	0	0	0	1	0	0	0	6	0.0508001	36	0.0025806	0	0	0	0	0	0	0	0	0	0	1	0	0	1	0	0	0	0	8.883064
272	0	1	0	0	0	0	0	0	0	0	0	0	0	0	1	0	0	12	0.1523999	144	0.0232257	0	0	0	0	0	0	0	0	0	0	0	0	0	0	0	0	0	0	9.084581
272	1	0	0	0	0	1	0	0	0	0	0	0	0	1	0	0	0	6	0.127	36	0.016129	0	0	0	0	0	0	0	0	0	0	1	0	0	0	0	0	0	0	9.044147
272	0	0	0	0	0	1	0	0	0	0	0	0	0	1	0	0	0	5	0.1523999	25	0.0232257	0	0	0	0	0	0	0	0	0	0	0	0	0	0	0	0	0	0	9.564714
272	0	0	0	0	1	0	1	0	0	1	0	0	0	1	0	0	0	15	0.0761999	225	0.0058064	0	0	0	0	0	0	0	0	0	0	0	0	0	0	0	0	0	0	8.865327
272	1	1	0	0	0	0	0	0	0	0	0	0	0	0	1	0	0	5	0.2032	25	0.0412902	0	0	0	0	0	0	0	0	0	0	0	0	0	0	0	0	0	0	9.49507
272	1	0	0	0	0	0	0	0	0	0	0	0	0	1	1	0	0	8	0.2032	64	0.0412902	0	0	0	0	0	0	0	0	0	0	1	0	0	0	0	0	0	0	9.360348
272	0	1	0	0	0	0	1	0	0	0	0	0	0	0	0	0	0	8	0.0253999	64	0.0006452	0	0	0	0	0	0	0	0	0	0	0	0	0	0	0	0	0	0	8.99223
272	1	0	0	0	0	0	0	0	0	0	0	0	0	1	1	0	0	7	0.0508	49	0.0025806	0	0	0	0	0	0	0	0	0	0	1	0	0	0	0	0	0	0	9.2512
272	0	1	0	0	0	0	0	0	0	0	0	0	0	0	1	0	0	5	0.0508	25	0.0025806	0	0	0	0	0	0	0	0	0	0	1	0	0	0	0	0	0	0	9.008532
272	0	0	0	0	0	0	1	0	0	0	0	0	0	1	0	0	0	9	0.1142999	81	0.0130645	0	0	0	0	0	0	0	0	0	0	0	0	0	0	0	0	0	0	9.830038
272	1	1	0	0	0	0	0	0	0	0	0	0	0	0	1	0	0	6	0.2032	36	0.0412902	0	0	0	0	0	0	0	0	0	0	1	0	0	0	0	0	0	0	9.34875
273	0	0	0	0	0	0	1	0	0	0	0	0	0	1	0	0	0	7	0.0762	49	0.0058064	0	0	0	0	0	0	0	0	0	0	1	0	0	1	0	0	0	0	9.044147
273	0	0	0	0	0	1	0	0	0	0	0	0	0	1	1	0	0	3	0.1777999	9	0.0316128	0	0	0	0	0	0	0	0	0	0	1	0	0	1	0	0	0	0	9.876092
273	1	0	0	0	0	0	0	0	0	0	0	0	0	1	0	0	0	9	0.1524	81	0.0232258	0	0	0	0	0	0	0	0	0	0	1	0	0	1	0	0	0	0	9.395179
273	0	1	0	0	0	1	0	0	0	0	0	0	0	0	1	0	0	6	0.0253999	36	0.0006452	0	0	0	0	0	0	0	0	0	0	1	0	0	0	0	0	0	0	9.43159
273	1	1	0	0	0	0	0	0	0	0	0	0	0	0	0	0	0	8	0.1524	64	0.0232258	0	0	0	0	0	0	0	0	0	0	1	0	0	0	0	0	0	0	9.440964
273	0	0	0	0	0	1	0	0	0	0	0	0	0	1	1	0	0	1	0.0508	1	0.0025806	0	0	0	0	0	0	0	0	0	0	0	0	0	1	0	0	0	0	9.438108
273	0	1	0	0	0	0	1	0	0	0	0	0	0	0	0	0	0	3	0.127	9	0.016129	0	0	0	0	0	0	0	0	0	0	0	0	0	0	0	0	0	0	8.942503
273	1	0	0	0	0	0	0	0	0	0	0	0	0	1	0	0	0	8	0.0253999	64	0.0006452	0	0	0	0	0	0	0	0	0	0	1	0	0	1	0	0	0	0	9.438108
273	0	0	0	0	1	0	0	0	0	1	0	0	0	1	0	0	0	3	0.0253999	9	0.0006452	0	0	0	0	0	0	0	0	0	0	0	0	0	1	0	0	0	0	9.112145
273	0	0	0	0	0	0	1	0	0	0	0	0	0	0	0	0	1	5	0	25	0	0	0	0	0	0	0	0	0	0	0	0	0	0	0	1	0	0	0	8.883064
273	1	1	0	1	0	1	0	0	0	0	0	0	0	0	1	0	0	7	0	49	0	0	0	1.651	0	0	0	0	0	0	0	1	0	0	0	0	0	0	0	9.328186
273	0	0	0	0	0	0	1	0	0	0	0	0	0	1	0	0	0	4	0.0127	16	0.0001613	0	0	0	0	0	0	0	0	0	0	1	0	0	1	0	0	0	0	9.288423
273	1	0	0	0	0	0	0	0	0	0	0	0	0	1	0	0	0	4	0.0634999	16	0.0040322	0	0	0	0	0	0	0	0	0	0	1	0	0	1	0	0	0	0	10.0737
273	0	0	0	0	0	0	1	0	0	0	0	0	0	0	0	-3	0	4	-0.0254	16	0.0006452	0	0	0	0	0	0	0	0	0	0	0	0	0	0	0	0	0	0	9.43159
273	0	1	1	1	0	0	1	0	0	0	0	0	0	0	0	0	0	0	0	0	0	27	0	1.651	0	0	0	0	0	0	0	0	0	0	0	0	0	0	0	9.089564
274	0	0	0	0	0	0	0	0	0	0	0	0	0	0	1	0	0	14	0.0635	196	0.0040323	0	0	0	0	0	0	0	0	0	0	0	0	0	0	0	0	0	0	9.2512
274	0	0	0	0	0	0	0	0	1	0	0	0	0	0	1	0	3	7	0.0635	49	0.0040323	0	0	0	0	0	0	0	0	0	0	1	0	0	1	0	0	0	0	8.938133
274	0	1	0	0	0	1	0	0	1	0	0	0	0	0	0	0	0	5	0.0635	25	0.0040323	0	0	0	0	0	0	0	0	0	0	1	0	0	0	0	0	0	0	9.366202
274	1	1	0	0	0	1	0	0	0	0	0	0	0	0	0	0	0	4	0.0889001	16	0.0079032	0	0	0	0	0	0	0	0	0	0	0	0	0	0	0	0	0	0	9.084581
274	0	0	0	0	1	0	1	0	0	0	0	0	0	0	0	0	0	5	-0.0380999	25	0.0014516	0	0	0	0	0	0	0	0	0	0	0	0	0	0	0	0	0	0	9.149493
274	0	0	0	0	0	0	0	0	1	0	0	0	0	0	1	0	3	3	0.0381	9	0.0014516	0	0	0	0	0	0	0	0	0	0	1	0	0	1	0	0	0	0	9.101377
274	1	1	0	0	0	0	0	0	1	0	0	0	0	0	1	0	0	4	0.0254	16	0.0006452	0	0	0	0	0	0	0	0	0	0	1	0	0	0	0	0	0	0	9.084581
274	0	1	1	0	1	0	1	0	0	0	0	0	0	0	0	0	0	0	0.1651001	0	0.027258	31	0	0	0	0	0	0	0	0	0	0	0	0	0	0	0	0	0	9.848722
274	0	0	1	1	0	0	0	0	1	0	0	0	0	1	1	0	0	0	0	0	0	31	0	1.6383	0	0	0	0	0	0	0	1	0	0	0	0	0	0	0	9.848722
275	0	1	1	0	0	0	1	0	1	0	0	0	0	0	0	0	0	0	0.0508	0	0.0025806	23	0	0	0	0	0	0	0	0	0	1	0	0	0	0	0	0	0	8.938133
275	0	1	0	0	0	0	0	0	1	0	0	0	0	0	0	0	0	4	0.1777999	16	0.0316128	0	0	0	0	0	0	0	0	0	0	1	0	0	0	0	0	0	0	9.648238
275	1	1	0	0	0	0	1	0	1	0	0	0	0	0	0	0	0	5	0.1142999	25	0.0130645	0	0	0	0	0	0	0	0	0	0	1	0	0	0	0	0	0	0	9.89789
275	0	1	0	0	0	1	0	0	0	0	0	0	0	0	1	0	0	6	0.1777999	36	0.0316128	0	0	0	0	0	0	0	0	0	0	0	0	0	0	0	0	0	0	9.288423
275	0	0	0	0	0	0	0	0	1	0	0	0	0	1	0	0	0	6	0.1142999	36	0.0130645	0	0	0	0	0	0	0	0	0	0	1	0	0	1	0	0	0	0	8.825611
275	0	0	0	0	0	0	1	0	1	0	0	0	0	1	0	0	0	9	0.127	81	0.016129	0	0	0	0	0	0	0	0	0	0	1	0	0	1	0	0	0	0	9.410738
275	0	0	0	0	0	0	1	0	0	0	0	0	0	1	0	0	0	7	0.2032	49	0.0412902	0	0	0	0	0	0	0	0	0	0	0	0	0	1	0	0	0	0	9.93285
275	1	1	0	0	1	0	1	0	0	0	0	0	0	0	0	0	0	7	0.0508	49	0.0025806	0	0	0	0	0	0	0	0	0	0	0	0	0	0	0	0	0	0	9.107232
275	1	0	0	0	0	1	0	0	1	0	0	0	0	1	1	0	0	4	0.0761999	16	0.0058064	0	0	0	0	0	0	0	0	0	0	1	0	0	1	0	0	0	0	8.825611
275	1	1	0	1	0	0	0	0	1	0	0	0	0	0	0	0	0	5	0	25	0	0	0	1.6002	0	0	0	0	0	0	0	1	0	0	0	0	0	0	0	9.804187
275	0	0	0	0	0	1	0	0	1	0	0	0	0	1	1	0	0	5	0.127	25	0.016129	0	0	0	0	0	0	0	0	0	0	1	0	0	1	0	0	0	0	9.2512
275	1	0	0	0	0	0	0	0	1	0	0	0	0	1	0	0	0	8	0.1777999	64	0.0316128	0	0	0	0	0	0	0	0	0	0	1	0	0	1	0	0	0	0	9.053135
275	0	0	0	0	0	0	0	0	1	0	0	0	0	1	0	0	0	9	0.127	81	0.016129	0	0	0	0	0	0	0	0	0	0	1	0	0	1	0	0	0	0	9.303116
276	1	0	0	0	0	0	0	0	0	0	0	0	0	0	0	-2	0	7	0.1777999	49	0.0316128	0	0	0	0	0	0	0	0	-2	0	1	0	0	1	0	0	0	0	9.438108
276	0	0	0	0	0	0	0	0	0	0	0	0	0	0	0	-1	0	4	0.1523999	16	0.0232257	0	0	0	0	0	0	0	0	-1	0	1	0	0	0	1	0	0	0	9.809099
276	1	0	0	0	0	0	0	0	0	0	0	0	0	1	0	0	0	6	0.1523999	36	0.0232257	0	0	0	0	0	0	0	1	0	0	0	0	0	0	0	1	0	0	9.949953
276	0	0	0	0	0	1	0	0	0	0	0	0	0	0	0	-1	0	11	0.127	121	0.016129	0	0	0	0	0	0	0	0	-1	0	1	0	0	0	1	0	0	0	9.410871
276	0	1	0	1	0	0	1	0	0	0	1	0	0	0	0	0	0	7	0	49	0	0	0	1.524	0	0	0	0	0	0	1	1	0	0	0	0	0	0	0	8.921916
276	1	1	0	1	0	1	0	0	0	0	0	0	0	0	0	0	0	5	0	25	0	0	0	1.524	0	0	0	0	0	0	1	1	0	0	0	0	0	0	0	9.438108
276	1	0	0	0	0	0	1	0	0	0	1	0	0	0	0	-1	0	1	0.1523999	1	0.0232257	0	0	0	0	0	0	0	0	-1	0	1	0	0	0	1	0	0	0	10.0737
276	0	0	0	0	0	0	0	0	0	0	0	0	0	0	0	0	0	9	0.127	81	0.016129	0	0	0	0	0	0	0	0	0	0	0	0	0	0	0	1	0	0	9.328371
276	0	0	0	0	0	0	1	0	0	0	1	0	0	0	0	0	0	9	0.1523999	81	0.0232257	0	0	0	0	0	0	0	0	0	0	0	0	0	0	0	1	0	0	9.371115
276	0	0	0	0	0	1	0	0	0	0	0	0	0	1	0	0	0	5	0.3047999	25	0.092903	0	0	0	0	0	0	0	1	0	0	0	0	0	0	0	1	0	0	9.321049
276	0	0	0	0	0	0	1	0	0	0	1	0	0	1	0	0	0	9	0.2794	81	0.0780644	0	0	0	0	0	0	0	1	0	0	0	0	0	0	0	1	0	0	9.395179
276	0	0	0	1	0	0	0	0	0	0	0	0	0	0	0	0	2	5	0	25	0	0	0	1.524	0	0	0	0	0	2	0	1	0	0	0	0	0	0	1	9.2019
276	0	1	1	1	0	0	1	0	0	0	1	0	0	0	0	0	0	0	0	0	0	29	0	1.524	0	0	0	0	0	0	1	0	0	0	0	0	0	0	0	9.208271
276	0	1	0	0	1	0	1	0	0	1	1	0	0	0	0	0	0	8	0.2032	64	0.0412902	0	0	0	0	0	0	0	0	0	1	0	0	0	0	0	0	0	0	8.99223
276	1	0	0	0	0	1	0	0	0	0	0	0	0	0	0	-1	0	9	0.1523999	81	0.0232257	0	0	0	0	0	0	0	0	-1	0	0	0	0	0	1	0	0	0	9.949953
277	1	0	0	0	0	0	1	0	0	0	0	0	0	0	0	0	1	8	0.0761999	64	0.0058064	0	0	0	0	0	0	0	0	1	0	0	0	0	0	0	1	0	0	9.494866
277	0	1	0	0	0	0	1	0	0	0	0	0	0	0	0	0	0	4	0.127	16	0.016129	0	0	0	0	0	0	0	0	0	1	1	0	0	0	0	0	0	0	9.680216
277	0	0	0	0	0	1	0	0	0	0	0	0	0	0	1	0	0	7	0.0761999	49	0.0058064	0	0	0	0	0	0	0	0	0	0	0	0	0	0	1	0	0	0	9.49507
277	1	0	0	0	1	1	0	0	0	1	0	0	0	1	1	0	0	6	0.1015999	36	0.0103225	0	0	0	0	0	0	0	1	0	0	0	0	0	0	1	0	0	0	9.348535
277	1	0	0	0	1	1	0	0	0	1	0	0	0	0	1	0	0	9	0.0508	81	0.0025806	0	0	0	0	0	0	0	0	0	0	0	0	0	0	1	0	0	0	9.876092
277	0	1	0	0	1	0	1	0	0	1	0	0	0	0	0	0	0	7	0	49	0	0	0	0	0	0	0	0	0	0	1	0	0	0	0	0	0	0	0	8.825611
277	0	0	0	0	0	0	0	0	0	0	0	0	0	0	0	0	0	8	0.127	64	0.016129	0	0	0	0	0	0	0	0	0	0	1	0	0	0	1	0	0	0	8.938133
277	0	0	0	0	0	0	1	0	0	0	0	0	0	0	0	0	1	6	0.1015999	36	0.0103225	0	0	0	0	0	0	0	0	1	0	0	0	0	0	0	1	0	0	9.303116
277	1	0	0	0	0	0	1	0	0	0	0	0	0	0	0	0	1	8	0.1015999	64	0.0103225	0	0	0	0	0	0	0	0	1	0	1	0	0	0	0	1	0	0	9.771483
277	0	0	0	0	0	0	1	0	0	0	0	0	0	0	0	-1	0	8	0.1015999	64	0.0103225	0	0	0	0	0	0	0	0	-1	0	1	0	0	1	0	0	0	0	9.144245
277	0	1	0	0	0	1	0	0	0	0	0	0	0	0	1	0	0	8	0.1777999	64	0.0316128	0	0	0	0	0	0	0	0	0	1	1	0	0	0	0	0	0	0	8.99223
277	0	0	0	1	1	1	0	0	0	1	0	0	0	0	1	0	1	7	0	49	0	0	0	1.6002	0	0	0	0	0	1	0	0	0	0	0	0	1	0	0	8.99223
277	0	1	0	0	1	0	1	0	0	1	0	0	0	0	0	0	0	2	0.1523999	4	0.0232257	0	0	0	0	0	0	0	0	0	1	0	0	0	0	0	0	0	0	9.814734
277	0	0	0	0	0	1	0	0	0	0	0	0	0	1	1	0	0	8	0.1015999	64	0.0103225	0	0	0	0	0	0	0	1	0	0	1	0	0	0	1	0	0	0	8.99223
278	0	1	0	0	1	0	1	0	0	1	0	0	0	0	0	0	0	17	0.0508	289	0.0025806	0	0	0	0	0	0	1	0	0	0	0	0	0	0	0	0	0	0	9.2512
278	0	1	0	0	1	0	1	0	0	1	0	0	0	0	0	0	0	8	0.1524	64	0.0232258	0	0	0	0	0	0	1	0	0	0	0	0	0	0	0	0	0	0	9.460113
278	0	0	0	0	0	0	0	0	0	0	0	0	0	0	1	0	3	16	0.1015999	256	0.0103225	0	0	0	0	0	3	0	0	0	0	1	0	0	1	0	0	0	0	10.0737
278	0	1	0	0	0	0	1	0	0	0	0	0	0	0	0	0	0	7	0.2286	49	0.052258	0	0	0	0	0	0	1	0	0	0	1	0	0	0	0	0	0	0	9.101377
278	0	1	0	0	1	0	1	0	0	1	0	0	0	0	0	0	0	3	0.1015999	9	0.0103225	0	0	0	0	0	0	1	0	0	0	0	0	0	0	0	0	0	0	8.99223
278	0	0	0	0	1	1	0	0	0	1	0	0	0	0	0	0	4	7	0.0762	49	0.0058064	0	0	0	0	0	4	0	0	0	0	0	0	0	0	1	0	0	0	9.848722
278	0	0	0	0	0	1	0	0	0	0	0	0	0	1	0	0	0	3	0.1524	9	0.0232258	0	0	0	0	1	0	0	0	0	0	1	0	0	0	0	0	0	0	9.571068
279	0	0	0	0	0	0	0	0	0	0	0	0	0	1	0	0	0	5	0.1015999	25	0.0103225	0	0	0	0	0	0	0	1	0	0	0	0	0	0	1	0	0	0	9.2512
279	0	0	0	0	1	1	0	0	0	1	0	0	0	1	1	0	0	3	0.127	9	0.016129	0	0	0	0	0	0	0	1	0	0	0	0	0	0	1	0	0	0	9.43159
279	1	0	0	0	0	1	0	0	0	0	0	0	0	1	1	0	0	7	0.127	49	0.016129	0	0	0	0	0	0	0	1	0	0	1	0	0	0	1	0	0	0	9.2512
279	0	0	0	0	0	1	0	0	0	0	0	0	0	0	1	0	1	6	0.1015999	36	0.0103225	0	0	0	0	0	0	0	0	1	0	0	0	0	0	0	1	0	0	8.972886
279	0	0	1	1	0	1	0	0	0	0	0	0	0	1	1	0	0	0	0	0	0	29	0	1.5748	0	0	0	0	1	0	0	0	0	0	0	1	0	0	0	9.2512
279	0	0	0	0	1	1	0	0	0	1	0	0	0	0	1	-1	0	8	0.127	64	0.016129	0	0	0	0	0	0	0	0	-1	0	0	0	0	1	0	0	0	0	9.303116
279	1	1	0	1	0	0	1	0	0	0	0	0	0	0	0	0	0	10	0	100	0	0	0	1.5748	0	0	0	0	0	0	1	0	0	0	0	0	0	0	0	9.208271
279	0	0	0	0	0	0	1	0	0	0	0	0	0	0	0	0	0	11	0.1524	121	0.0232258	0	0	0	0	0	0	0	0	0	0	0	0	0	0	1	0	0	0	8.938133
279	0	0	0	0	0	1	0	0	0	0	0	0	0	0	1	0	0	5	0.0508	25	0.0025806	0	0	0	0	0	0	0	0	0	0	1	0	0	0	1	0	0	0	8.99223
279	1	0	0	0	0	1	0	0	0	0	0	0	0	1	1	0	0	5	0.0254	25	0.0006452	0	0	0	0	0	0	0	1	0	0	0	0	0	0	1	0	0	0	9.208271
279	0	1	0	0	0	0	1	0	0	0	0	0	0	0	0	0	0	7	0.2539999	49	0.064516	0	0	0	0	0	0	0	0	0	1	0	0	0	0	0	0	0	0	9.208271
279	1	0	0	0	0	1	0	0	0	0	0	0	0	1	1	0	0	6	0.127	36	0.016129	0	0	0	0	0	0	0	1	0	0	1	0	0	0	1	0	0	0	9.118523
279	1	0	1	1	1	1	0	0	0	1	0	0	0	1	1	0	0	0	0	0	0	29	0	1.5748	0	0	0	0	1	0	0	0	0	0	0	1	0	0	0	9.25949
282	0	0	0	1	0	1	0	0	0	0	0	0	0	0	0	0	4	2	0	4	0	0	0	1.6256	0	0	0	0	0	0	0	0	0	0	0	0	1	0	0	8.942503
282	0	1	0	0	0	0	0	0	0	0	0	0	0	0	0	0	0	7	0.1143	49	0.0130645	0	0	0	0	0	0	0	0	0	0	0	0	0	0	0	0	0	0	8.883064
282	1	0	0	0	0	0	0	0	0	0	0	0	0	1	0	0	0	8	0.0508	64	0.0025806	0	0	0	0	0	0	0	0	0	0	0	1	0	0	0	0	0	0	9.458821
282	1	0	0	0	0	0	0	0	0	0	0	0	0	1	0	0	0	8	0.1778001	64	0.0316129	0	0	0	0	0	0	0	0	0	0	1	1	0	0	0	0	0	0	9.680216
282	1	0	0	0	0	0	0	0	0	0	0	0	0	1	0	0	0	9	0.1016001	81	0.0103226	0	0	0	0	0	0	0	0	0	0	1	1	0	0	0	0	0	0	9.814734
282	0	0	0	0	0	0	0	0	0	0	0	0	0	0	0	0	2	6	0.127	36	0.016129	0	0	0	0	0	0	0	0	0	0	0	0	0	1	0	0	0	0	9.371115
282	1	0	0	0	0	0	0	0	0	0	0	0	0	1	0	0	0	7	0.1524	49	0.0232258	0	0	0	0	0	0	0	0	0	0	1	1	0	0	0	0	0	0	9.438108
282	0	0	0	1	0	0	0	0	0	0	0	0	0	1	0	0	0	9	0	81	0	0	0	1.6256	0	0	0	0	0	0	0	1	1	0	0	0	0	0	0	9.778689
282	0	1	1	1	0	0	1	0	0	0	1	0	0	0	0	0	0	0	0	0	0	28	0	1.6256	0	0	0	0	0	0	0	0	0	0	0	0	0	0	0	9.750545
282	0	1	0	0	0	0	0	0	0	0	0	0	0	0	0	0	0	4	0	16	0	0	0	0	0	0	0	0	0	0	0	0	0	0	0	0	0	0	0	9.366202
282	0	1	1	1	0	0	1	0	0	0	1	0	0	0	0	0	0	0	0	0	0	28	0	1.6256	0	0	0	0	0	0	0	0	0	0	0	0	0	0	0	9.208271
282	1	0	0	0	0	1	0	0	0	0	0	0	0	1	0	0	0	7	0.1524	49	0.0232258	0	0	0	0	0	0	0	0	0	0	0	1	0	0	0	0	0	0	9.127307
282	0	0	0	0	0	1	0	0	0	0	0	0	0	0	0	-1	0	6	0.1778001	36	0.0316129	0	0	0	0	0	0	0	0	0	0	0	0	0	0	0	0	0	0	9.271321
282	0	1	0	0	0	0	0	0	0	0	0	0	0	0	0	0	0	8	0.0762	64	0.0058064	0	0	0	0	0	0	0	0	0	0	1	0	0	0	0	0	0	0	8.998067
282	0	0	0	0	0	1	0	0	0	0	0	0	0	0	0	0	2	9	0.0762	81	0.0058064	0	0	0	0	0	0	0	0	0	0	1	0	0	1	0	0	0	0	9.2512
285	0	0	0	0	0	0	0	0	0	0	0	0	0	1	1	0	0	8	0.2158999	64	0.0466128	0	0	0	0	0	0	0	0	0	0	0	0	0	1	0	0	0	0	9.809099
285	1	0	0	0	1	0	0	0	0	1	0	0	0	1	1	0	0	9	0.1524	81	0.0232258	0	0	0	0	0	0	0	0	0	0	0	0	0	1	0	0	0	0	9.395179
285	1	0	0	0	0	0	1	0	0	0	0	0	0	1	0	0	0	5	0.0508	25	0.0025806	0	0	0	0	0	0	0	0	0	0	1	0	0	1	0	0	0	0	9.571068
285	0	1	0	0	1	0	1	0	0	1	0	0	0	0	0	0	0	4	0.1015999	16	0.0103225	0	0	0	0	0	0	0	0	0	0	0	0	0	0	0	0	0	0	9.771483
285	1	0	0	0	0	1	0	0	0	0	0	0	0	1	0	0	0	4	0.1289999	16	0.016641	0	0	0	0	0	0	0	0	0	0	1	0	0	1	0	0	0	0	9.689184
285	0	0	0	0	0	1	0	0	0	0	0	0	0	1	0	0	0	7	0.0253999	49	0.0006452	0	0	0	0	0	0	0	0	0	0	1	0	0	1	0	0	0	0	9.2512
285	0	0	0	0	0	0	0	0	0	0	0	0	0	1	1	0	0	3	0.0508	9	0.0025806	0	0	0	0	0	0	0	0	0	0	0	0	0	1	0	0	0	0	8.848993
285	0	0	0	0	0	0	0	0	0	0	0	0	0	1	1	0	0	6	0.0762	36	0.0058064	0	0	0	0	0	0	0	0	0	0	0	0	0	1	0	0	0	0	9.199851
285	0	1	0	0	1	0	0	0	0	1	0	0	0	0	1	0	0	8	-0.0254	64	0.0006452	0	0	0	0	0	0	0	0	0	0	0	0	0	0	0	0	0	0	8.938133
285	0	1	0	0	0	0	0	0	0	0	0	0	0	0	1	0	0	5	0.1015999	25	0.0103225	0	0	0	0	0	0	0	0	0	0	0	0	0	0	0	0	0	0	9.571068
285	1	0	0	0	0	0	1	0	0	0	0	0	0	1	0	0	0	3	0.1524	9	0.0232258	0	0	0	0	0	0	0	0	0	0	0	0	0	1	0	0	0	0	9.93285
285	0	0	0	0	0	0	0	0	0	0	0	0	0	1	1	0	0	2	0.0762	4	0.0058064	0	0	0	0	0	0	0	0	0	0	0	0	0	1	0	0	0	0	9.876092
285	0	1	0	0	0	0	1	0	0	0	0	0	0	0	0	0	0	9	0.1015999	81	0.0103225	0	0	0	0	0	0	0	0	0	0	1	0	0	0	0	0	0	0	9.438108
285	1	0	0	1	0	0	0	0	0	0	0	0	0	1	1	0	0	7	0	49	0	0	0	1.651	0	0	0	0	0	0	0	1	0	0	1	0	0	0	0	9.494866
285	0	0	0	0	1	0	0	0	0	1	0	0	0	1	1	0	0	3	0	9	0	0	0	0	0	0	0	0	0	0	0	0	0	0	1	0	0	0	0	9.2512
286	0	0	0	0	0	0	0	0	0	0	0	0	0	0	1	-1	0	9	0.1904999	81	0.0362902	0	0	0	0	0	0	0	0	-1	0	1	0	0	1	0	0	0	0	9.044147
286	0	1	0	0	1	0	1	0	0	1	0	0	0	0	0	0	0	6	0.0634999	36	0.0040322	0	0	0	0	0	0	0	0	0	1	0	0	0	0	0	0	0	0	8.99223
286	0	0	0	0	0	0	1	0	0	0	0	0	0	0	0	0	1	4	0.1396999	16	0.0195161	0	0	0	0	0	0	0	0	1	0	0	0	0	0	0	1	0	0	9.539362
286	0	0	1	0	0	0	0	0	0	0	0	0	0	0	1	-1	0	0	0.0634999	0	0.0040322	30	0	0	0	0	0	0	0	-1	0	0	0	0	1	0	0	0	0	9.2512
286	0	1	0	0	0	0	1	0	0	0	0	0	0	0	0	0	0	5	0.1142999	25	0.0130645	0	0	0	0	0	0	0	0	0	1	0	0	0	0	0	0	0	0	9.084581
286	0	0	0	0	0	1	0	0	0	0	0	0	0	0	0	-1	0	7	0.1396999	49	0.0195161	0	0	0	0	0	0	0	0	-1	0	0	0	0	1	0	0	0	0	9.107023
286	1	0	0	0	0	1	0	0	0	0	0	0	0	0	0	-1	0	2	0.1142999	4	0.0130645	0	0	0	0	0	0	0	0	-1	0	0	0	0	1	0	0	0	0	9.2512
286	1	0	0	0	0	0	0	0	0	0	0	0	0	0	1	-1	0	5	0.0381	25	0.0014516	0	0	0	0	0	0	0	0	-1	0	0	0	0	1	0	0	0	0	9.044147
287	0	0	0	0	0	0	1	0	0	0	0	0	0	0	0	0	2	0	0.1506001	0	0.0226804	0	0	0	0	0	0	0	0	2	0	0	0	0	0	0	0	1	0	9.848722
287	0	0	0	0	0	0	1	0	0	0	0	0	0	0	0	0	0	2	0.0506001	4	0.0025604	0	0	0	0	0	0	0	0	0	0	0	0	0	0	1	0	0	0	9.848722
287	0	0	0	1	1	0	1	0	0	1	0	0	0	1	0	0	0	2	0	4	0	0	0	1.5494	0	0	0	0	1	0	0	0	0	0	0	1	0	0	0	9.208271
288	0	0	0	0	0	0	1	0	0	0	0	0	0	0	0	0	0	8	0.2286	64	0.052258	0	0	0	0	0	0	0	0	0	0	0	0	0	0	1	0	0	0	8.883064
288	1	0	0	0	0	1	0	0	0	0	0	0	0	0	0	0	1	7	0.1524	49	0.0232258	0	0	0	0	0	0	0	0	1	0	1	0	0	0	0	1	0	0	9.357899
288	0	0	0	0	0	0	1	0	0	0	0	0	0	0	0	-4	0	4	0.1524	16	0.0232258	0	0	0	0	0	0	0	0	-4	0	1	0	0	0	0	0	0	0	8.938133
288	0	1	0	0	0	0	1	0	0	0	0	0	0	0	0	0	0	-3	0.2667	9	0.0711289	0	0	0	0	0	0	0	0	0	1	0	0	0	0	0	0	0	0	9.689184
289	0	1	0	0	0	1	0	0	0	0	0	0	0	0	1	0	0	8	0.1015999	64	0.0103225	0	0	0	0	0	0	1	0	0	0	1	0	0	0	0	0	0	0	9.366202
289	1	0	0	0	1	1	0	0	0	1	0	0	0	1	1	0	0	7	0.1015999	49	0.0103225	0	0	0	0	1	0	0	0	0	0	0	0	0	0	0	0	0	0	9.366202
289	1	0	0	0	0	1	0	0	0	0	0	0	0	1	1	0	0	6	0.1523999	36	0.0232257	0	0	0	0	1	0	0	0	0	0	1	0	0	0	0	0	0	0	9.188668
289	0	0	0	0	0	1	0	0	0	0	0	0	0	1	1	0	0	8	0.0761999	64	0.0058064	0	0	0	0	1	0	0	0	0	0	0	0	0	0	0	0	0	0	8.938133
289	0	1	0	0	0	0	1	0	0	0	0	0	0	0	0	0	0	4	0.1777999	16	0.0316128	0	0	0	0	0	0	1	0	0	0	0	0	0	0	0	0	0	0	9.288423
289	0	0	0	0	0	1	0	0	0	0	0	0	0	1	1	0	0	7	0.127	49	0.016129	0	0	0	0	1	0	0	0	0	0	0	0	0	0	0	0	0	0	9.366202
289	0	0	0	0	0	0	0	0	0	0	0	0	0	1	0	0	0	13	0.2285999	169	0.0522579	0	0	0	0	1	0	0	0	0	0	1	0	0	0	0	0	0	0	9.366202
289	1	0	0	0	1	0	1	0	0	1	0	0	0	1	0	0	0	7	0.2032	49	0.0412902	0	0	0	0	1	0	0	0	0	0	0	0	0	0	0	0	0	0	9.235896
289	0	0	0	0	0	1	0	0	0	0	0	0	0	1	1	0	0	11	0.0253999	121	0.0006452	0	0	0	0	1	0	0	0	0	0	0	0	0	0	0	0	0	0	9.2512
289	1	1	0	0	0	0	1	0	0	0	0	0	0	0	0	0	0	8	0.2032	64	0.0412902	0	0	0	0	0	0	1	0	0	0	1	0	0	0	0	0	0	0	9.235896
289	0	1	0	1	0	0	1	0	0	0	0	0	0	0	0	0	0	4	0	16	0	0	0	1.6002	0	0	0	1	0	0	0	1	0	0	0	0	0	0	0	9.235896
289	0	1	0	0	0	0	1	0	0	0	0	0	0	0	0	0	0	4	0.0197999	16	0.000392	0	0	0	0	0	0	1	0	0	0	1	0	0	0	0	0	0	0	8.883064
289	0	1	0	0	1	0	1	0	0	1	0	0	0	0	0	0	0	10	0.0508	100	0.0025806	0	0	0	0	0	0	1	0	0	0	0	0	0	0	0	0	0	0	9.93285
289	0	1	0	0	0	1	0	0	0	0	0	0	0	0	1	0	0	7	0.0761999	49	0.0058064	0	0	0	0	0	0	1	0	0	0	0	0	0	0	0	0	0	0	8.938133
291	1	0	0	0	0	1	0	0	0	0	0	0	0	1	1	0	0	11	0.0762	121	0.0058064	0	0	0	0	0	0	0	0	0	0	0	0	0	0	0	1	0	0	9.314216
291	0	1	0	0	1	0	1	0	0	1	0	0	0	0	0	0	0	3	0.127	9	0.016129	0	0	0	0	0	0	0	0	0	0	0	0	0	0	0	0	0	0	8.99223
291	0	0	0	0	0	0	0	0	0	0	0	0	0	0	0	0	2	7	0.0762	49	0.0058064	0	0	0	0	0	0	0	0	0	0	0	0	0	0	0	0	0	1	8.99223
291	0	0	0	1	0	1	0	0	0	0	0	0	0	0	1	0	0	10	0	100	0	0	0	1.5494	0	0	0	0	0	0	0	1	0	0	0	0	1	0	0	8.99223
291	0	0	0	1	1	0	1	0	0	1	0	0	0	1	0	0	0	7	0	49	0	0	0	1.5494	0	0	0	0	0	0	0	0	0	0	0	0	1	0	0	9.371115
291	0	0	0	0	1	0	1	0	0	1	0	0	0	0	0	-2	0	3	0.127	9	0.016129	0	0	0	0	0	0	0	0	0	0	0	0	0	1	0	0	0	0	9.25949
291	1	1	0	0	1	1	0	0	0	1	0	0	0	0	1	0	0	7	0.1016001	49	0.0103226	0	0	0	0	0	0	0	0	0	0	0	0	0	0	0	0	0	0	9.410738
291	0	0	0	0	0	1	0	0	0	0	0	0	0	0	1	0	0	7	0.0508001	49	0.0025806	0	0	0	0	0	0	0	0	0	0	1	0	0	0	0	1	0	0	8.920395
291	1	0	0	0	0	1	0	0	0	0	0	0	0	1	1	0	0	5	0.2794	25	0.0780644	0	0	0	0	0	0	0	0	0	0	0	0	0	0	0	1	0	0	9.721161
291	1	0	0	1	1	1	0	0	0	1	0	0	0	1	1	0	0	8	0	64	0	0	0	1.5494	0	0	0	0	0	0	0	0	0	0	0	0	1	0	0	8.883064
291	1	0	0	0	1	1	0	0	0	1	0	0	0	1	1	0	0	9	0.1016001	81	0.0103226	0	0	0	0	0	0	0	0	0	0	0	0	0	0	0	1	0	0	8.883064
291	0	0	0	0	0	0	0	0	0	0	0	0	0	0	0	-1	0	3	0.0762	9	0.0058064	0	0	0	0	0	0	0	0	0	0	0	0	0	0	1	0	0	0	9.235896
291	0	0	0	0	0	1	0	0	0	0	0	0	0	0	1	-3	0	10	0.0762	100	0.0058064	0	0	0	0	0	0	0	0	0	0	0	0	1	0	0	0	0	0	9.2512
291	0	1	1	1	0	0	1	0	0	0	0	0	0	0	0	0	0	0	0	0	0	25	0	1.5494	0	0	0	0	0	0	0	0	0	0	0	0	0	0	0	9.285442
291	0	0	0	1	0	0	1	0	0	0	0	0	0	0	0	0	0	9	0	81	0	0	0	1.5494	0	0	0	0	0	0	0	0	0	0	0	0	1	0	0	8.920395
292	1	1	0	1	1	0	1	0	0	1	1	0	0	0	0	0	0	8	0	64	0	0	0	1.5748	0	0	0	0	0	0	0	0	0	0	0	0	0	0	0	9.430214
292	1	1	0	1	1	0	1	0	0	1	1	0	0	0	0	0	0	4	0	16	0	0	0	1.5748	0	0	0	0	0	0	0	0	0	0	0	0	0	0	0	8.99223
292	1	1	0	0	1	0	1	0	0	1	1	0	0	0	0	0	0	7	0.1015999	49	0.0103225	0	0	0	0	0	0	0	0	0	0	0	0	0	0	0	0	0	0	8.99223
292	1	1	0	0	1	0	0	0	0	1	0	0	0	0	0	0	0	7	0.1015999	49	0.0103225	0	0	0	0	0	0	0	0	0	0	0	0	0	0	0	0	0	0	9.2512
292	1	1	0	1	1	0	0	0	0	1	0	0	0	0	0	0	0	-1	0	1	0	0	0	1.5748	0	0	0	0	0	0	0	0	0	0	0	0	0	0	0	9.989575
294	0	0	0	0	1	0	1	0	0	1	1	0	0	0	0	0	1	9	0.4825999	81	0.2329026	0	0	0	0	0	0	0	0	0	0	0	0	0	0	1	0	0	0	9.848722
294	1	0	0	0	1	1	0	0	0	1	0	0	0	1	0	0	0	6	0.196	36	0.038416	0	0	0	0	0	0	0	0	0	0	0	0	0	1	0	0	0	0	8.99223
294	1	1	0	0	1	0	1	0	0	1	1	0	0	0	0	0	0	7	0.127	49	0.016129	0	0	0	0	0	0	0	0	0	0	0	0	0	0	0	0	0	0	9.2512
294	1	1	0	0	0	0	0	0	0	0	0	0	0	0	0	0	0	1	0.0762	1	0.0058064	0	0	0	0	0	0	0	0	0	0	1	0	0	0	0	0	0	0	9.689184
294	1	1	0	0	1	0	1	0	0	1	1	0	0	0	0	0	0	1	0.2539999	1	0.064516	0	0	0	0	0	0	0	0	0	0	0	0	0	0	0	0	0	0	8.99223
294	0	0	1	1	0	1	0	0	0	0	0	0	0	1	0	0	0	0	0	0	0	25	0	1.524	0	0	0	0	0	0	0	0	0	0	1	0	0	0	0	9.2512
294	1	0	0	0	0	1	0	0	0	0	0	0	0	1	0	0	0	5	0.2032	25	0.0412902	0	0	0	0	0	0	0	0	0	0	0	0	0	1	0	0	0	0	9.848722
295	0	1	0	0	1	0	0	0	0	1	0	0	0	0	1	0	0	6	0.0761999	36	0.0058064	0	0	0	0	0	0	0	0	0	0	0	0	0	0	0	0	0	0	9.208271
295	0	0	0	0	1	0	0	0	0	1	0	0	0	0	1	-2	0	6	0.127	36	0.016129	0	0	0	0	0	0	0	0	0	0	0	1	0	0	0	0	0	0	9.43159
295	1	1	0	0	0	0	0	0	0	0	0	0	0	0	1	0	0	3	0.1015999	9	0.0103225	0	0	0	0	0	0	0	0	0	0	0	0	0	0	0	0	0	0	9.848722
295	0	1	0	0	1	0	0	0	0	1	0	0	0	0	1	0	0	10	0.1523999	100	0.0232257	0	0	0	0	0	0	0	0	0	0	0	0	0	0	0	0	0	0	9.93285
295	0	1	0	0	1	0	0	0	0	1	0	0	0	0	1	0	0	4	0.127	16	0.016129	0	0	0	0	0	0	0	0	0	0	0	0	0	0	0	0	0	0	9.208271
295	0	0	0	0	0	0	0	0	0	0	0	0	0	1	1	0	0	7	0.127	49	0.016129	0	0	0	0	0	0	0	0	0	0	1	0	0	1	0	0	0	0	9.366202
295	0	0	0	0	1	0	0	0	0	1	0	0	0	1	1	0	0	7	0.0761999	49	0.0058064	0	0	0	0	0	0	0	0	0	0	0	0	0	1	0	0	0	0	8.883064
295	0	1	0	0	1	0	0	0	0	1	0	0	0	0	1	0	0	6	0.0508	36	0.0025806	0	0	0	0	0	0	0	0	0	0	0	0	0	0	0	0	0	0	9.208271
295	0	1	0	0	1	0	1	0	0	1	0	0	0	0	0	0	0	4	0.0761999	16	0.0058064	0	0	0	0	0	0	0	0	0	0	0	0	0	0	0	0	0	0	9.2512
295	0	0	0	0	1	0	0	0	0	1	0	0	0	1	1	0	0	7	0.127	49	0.016129	0	0	0	0	0	0	0	0	0	0	0	0	0	1	0	0	0	0	9.101377
295	0	1	1	1	1	0	1	0	0	1	0	0	0	0	0	0	0	0	0	0	0	26	0	1.6002	0	0	0	0	0	0	0	0	0	0	0	0	0	0	0	9.208271
297	0	1	0	1	1	0	1	0	0	1	0	0	0	0	0	0	0	11	0	121	0	0	0	1.6002	0	0	0	0	0	0	1	0	0	0	0	0	0	0	0	9.058368
297	0	1	0	0	0	0	1	0	0	0	0	0	0	0	0	0	0	7	0.1523999	49	0.0232257	0	0	0	0	0	0	0	0	0	1	0	0	0	0	0	0	0	0	9.848722
297	0	0	0	1	1	1	0	0	0	1	0	0	0	1	1	0	0	9	0	81	0	0	0	1.6002	0	0	0	0	1	0	0	0	0	0	0	0	1	0	0	9.689184
298	1	0	0	0	0	0	0	0	0	0	0	0	0	1	1	0	0	7	0.1143	49	0.0130645	0	0	0	0	0	0	0	0	0	0	1	0	0	0	0	0	0	0	9.321049
298	0	0	0	0	0	0	0	0	0	0	0	0	0	0	1	0	3	6	0.1016001	36	0.0103226	0	0	0	0	0	0	0	0	0	0	0	0	0	1	0	0	0	0	9.307697
298	0	0	0	0	0	1	0	0	0	0	0	0	0	1	0	0	0	6	0.127	36	0.016129	0	0	0	0	0	0	0	0	0	0	0	0	0	0	0	0	0	0	8.99223
298	0	0	0	0	0	0	0	0	0	0	0	0	0	0	1	0	1	6	0.1651	36	0.027258	0	0	0	0	0	0	0	0	0	0	0	1	0	0	0	0	0	0	9.440964
298	0	0	0	0	0	0	0	0	0	0	0	0	0	1	1	0	0	8	0.2286	64	0.052258	0	0	0	0	0	0	0	0	0	0	1	0	0	0	0	0	0	0	8.938133
298	1	1	0	0	0	0	0	0	0	0	0	0	0	0	1	0	0	11	0.127	121	0.016129	0	0	0	0	0	0	0	0	0	0	1	0	0	0	0	0	0	0	10.0737
298	0	0	0	0	1	0	1	0	0	1	0	0	0	1	0	0	0	5	0.1778001	25	0.0316129	0	0	0	0	0	0	0	0	0	0	0	0	0	0	0	0	0	0	9.440964
298	0	1	0	0	0	0	1	0	0	0	0	0	0	0	0	0	0	7	0.1016001	49	0.0103226	0	0	0	0	0	0	0	0	0	0	1	0	0	0	0	0	0	0	9.208271
298	0	1	0	1	0	0	1	0	0	0	0	0	0	0	0	0	0	2	0	4	0	0	0	1.5494	0	0	0	0	0	0	0	0	0	0	0	0	0	0	0	9.2512
298	1	1	0	0	0	0	0	0	0	0	0	0	0	0	1	0	0	4	0.0508001	16	0.0025806	0	0	0	0	0	0	0	0	0	0	0	0	0	0	0	0	0	0	8.99223
298	0	1	0	0	0	0	1	0	0	0	0	0	0	0	0	0	0	8	0.1524	64	0.0232258	0	0	0	0	0	0	0	0	0	0	1	0	0	0	0	0	0	0	9.2512
301	1	0	0	0	0	1	0	0	0	0	0	0	0	1	0	0	0	7	0.1523999	49	0.0232257	0	0	0	0	0	0	0	0	0	0	0	0	0	0	0	1	0	0	9.430214
301	1	0	0	0	0	0	1	0	0	0	1	0	0	0	0	-2	0	5	0.1015999	25	0.0103225	0	0	0	0	0	0	0	0	0	0	1	0	0	1	0	0	0	0	9.830038
301	0	0	0	0	0	1	0	0	0	0	0	0	0	1	0	0	0	7	0.1015999	49	0.0103225	0	0	0	0	0	0	0	0	0	0	1	0	0	0	0	1	0	0	9.2512
301	0	1	0	1	0	0	1	0	0	0	1	0	0	0	0	0	0	8	0	64	0	0	0	1.6002	0	0	0	0	0	0	0	1	0	0	0	0	0	0	0	8.825611
301	0	0	0	0	0	1	0	0	0	0	0	0	0	0	0	-1	0	11	0.127	121	0.016129	0	0	0	0	0	0	0	0	0	0	1	0	0	0	1	0	0	0	9.30331
301	0	1	0	0	0	0	1	0	0	0	1	0	0	0	0	0	0	4	0.2032	16	0.0412902	0	0	0	0	0	0	0	0	0	0	0	0	0	0	0	0	0	0	9.328371
301	0	0	0	0	0	0	0	0	0	0	0	0	0	0	0	0	2	7	0.0508	49	0.0025806	0	0	0	0	0	0	0	0	0	0	0	0	0	0	0	0	0	1	9.49507
301	0	0	0	1	0	0	1	0	0	0	1	0	0	1	0	0	0	6	0	36	0	0	0	1.6002	0	0	0	0	0	0	0	0	0	0	0	0	1	0	0	9.49507
301	0	1	0	1	0	1	0	0	0	0	0	0	0	0	0	0	0	9	0	81	0	0	0	1.6002	0	0	0	0	0	0	0	1	0	0	0	0	0	0	0	9.064453
301	1	0	0	0	0	1	0	0	0	0	0	0	0	1	0	0	0	8	0.0253999	64	0.0006452	0	0	0	0	0	0	0	0	0	0	0	0	0	0	0	1	0	0	9.286845
301	0	0	0	0	0	1	0	0	0	0	0	0	0	1	0	0	0	6	0.0253999	36	0.0006452	0	0	0	0	0	0	0	0	0	0	0	0	0	0	0	1	0	0	8.921916
301	0	0	0	0	0	1	0	0	0	0	0	0	0	1	0	0	0	10	0.1015999	100	0.0103225	0	0	0	0	0	0	0	0	0	0	1	0	0	0	0	1	0	0	9.069401
301	0	0	0	0	0	0	0	0	0	0	0	0	0	0	0	-5	0	17	0.1015999	289	0.0103225	0	0	0	0	0	0	0	0	0	0	0	0	0	0	0	0	0	0	9.2512
302	0	0	0	0	1	0	0	0	0	1	0	0	0	0	1	0	2	9	0.1524	81	0.0232258	0	0	0	0	0	0	0	0	2	0	0	0	0	1	0	0	0	0	9.2512
302	0	0	0	0	0	0	0	0	0	0	0	0	0	1	1	0	0	2	0.127	4	0.016129	0	0	0	0	0	0	0	1	0	0	1	1	0	0	0	0	0	0	9.989575
302	0	0	1	1	0	0	0	0	0	0	0	0	0	1	1	0	0	0	0	0	0	26	0	1.5748	0	0	0	0	1	0	0	1	1	0	0	0	0	0	0	9.235896
302	0	0	0	0	0	0	0	0	0	0	0	0	0	1	1	0	0	5	0.1015999	25	0.0103225	0	0	0	0	0	0	0	1	0	0	1	1	0	0	0	0	0	0	9.771483
302	1	0	0	0	0	0	1	0	0	0	0	0	0	0	0	-1	0	3	0.1015999	9	0.0103225	0	0	0	0	0	0	0	0	-1	0	1	0	0	0	0	0	0	0	9.571068
303	0	0	1	1	0	0	1	0	0	0	1	0	0	0	0	0	7	0	0	0	0	30	0	1.5748	0	0	0	0	0	7	0	0	0	0	0	0	0	0	1	9.208271
303	0	0	0	1	0	0	1	0	0	0	1	0	0	1	0	0	0	10	0	100	0	0	0	1.5748	0	0	0	0	1	0	0	0	0	0	0	0	0	0	0	9.208271
303	0	0	0	0	0	0	0	0	0	0	0	0	0	1	0	0	0	15	0.0762	225	0.0058064	0	0	0	0	0	0	0	1	0	0	1	0	0	0	0	0	0	0	8.938133
303	0	1	0	1	0	0	1	0	0	0	1	0	0	0	0	0	0	10	0	100	0	0	0	1.5748	0	0	0	0	0	0	1	1	0	0	0	0	0	0	0	9.208271
303	1	0	0	0	0	0	1	0	0	0	1	0	0	1	0	0	0	12	0.1777999	144	0.0316128	0	0	0	0	0	0	0	1	0	0	1	0	0	0	0	0	0	0	9.208271
303	0	1	1	1	0	0	1	0	0	0	1	0	0	0	0	0	0	0	0	0	0	30	0	1.5748	0	0	0	0	0	0	1	1	0	0	0	0	0	0	0	9.208271
303	0	0	0	0	0	0	1	0	0	0	1	0	0	1	0	0	0	7	0.0254	49	0.0006452	0	0	0	0	0	0	0	1	0	0	0	0	0	0	0	0	0	0	8.99223
303	0	0	0	0	0	0	1	0	0	0	1	0	0	0	0	0	3	20	0.2032	400	0.0412902	0	0	0	0	0	0	0	0	3	0	1	0	0	1	0	0	0	0	9.288423
303	0	0	0	0	0	0	1	0	0	0	1	0	0	0	0	0	3	10	0.1524	100	0.0232258	0	0	0	0	0	0	0	0	3	0	0	0	0	1	0	0	0	0	8.938133
303	0	0	0	0	0	1	0	0	0	0	0	0	0	0	0	0	4	16	0.0762	256	0.0058064	0	0	0	0	0	0	0	0	4	0	1	0	0	0	1	0	0	0	8.938133
304	0	1	0	0	0	0	0	0	0	0	0	0	0	0	1	0	0	9	0.0381	81	0.0014516	0	0	0	0	0	0	0	0	0	0	0	0	0	0	0	0	0	0	9.321049
304	0	0	0	0	1	0	0	0	0	1	0	0	0	1	1	0	0	9	0.0508	81	0.0025806	0	0	0	0	0	0	0	0	0	0	0	0	0	1	0	0	0	0	8.99223
304	1	0	1	1	0	1	0	0	0	0	0	0	0	1	0	0	0	0	0	0	0	19	0	1.6256	0	0	0	0	0	0	0	0	0	0	1	0	0	0	0	9.2512
304	1	0	0	0	0	0	0	0	0	0	0	0	0	1	1	0	0	6	0.2032	36	0.0412902	0	0	0	0	0	0	0	0	0	0	1	0	0	1	0	0	0	0	8.938133
304	1	0	0	0	0	0	0	0	0	0	0	0	0	1	1	0	0	5	0.2032	25	0.0412902	0	0	0	0	0	0	0	0	0	0	1	0	0	1	0	0	0	0	8.793956
304	1	1	0	1	0	0	0	0	0	0	0	0	0	0	1	0	0	9	0	81	0	0	0	1.6256	0	0	0	0	0	0	0	1	0	0	0	0	0	0	0	8.938133
304	1	0	0	0	0	0	0	0	0	0	0	0	0	1	1	0	0	5	0.1016001	25	0.0103226	0	0	0	0	0	0	0	0	0	0	0	0	0	1	0	0	0	0	8.793956
304	0	1	0	0	0	0	1	0	0	0	0	0	0	0	0	0	0	8	0.1016001	64	0.0103226	0	0	0	0	0	0	0	0	0	0	0	0	0	0	0	0	0	0	9.494866
304	0	0	0	0	1	0	0	0	0	1	0	0	0	1	1	0	0	8	0.1016001	64	0.0103226	0	0	0	0	0	0	0	0	0	0	0	0	0	1	0	0	0	0	8.989762
304	0	0	0	0	0	0	0	0	0	0	0	0	0	1	1	0	0	5	0.0254	25	0.0006452	0	0	0	0	0	0	0	0	0	0	0	0	0	1	0	0	0	0	8.933971
304	0	1	0	0	1	0	1	0	0	1	0	0	0	0	0	0	0	9	0.2032	81	0.0412902	0	0	0	0	0	0	0	0	0	0	0	0	0	0	0	0	0	0	8.938133
305	1	0	0	0	1	0	0	0	0	1	0	0	0	1	1	0	0	1	0.0635	1	0.0040323	0	0	0	0	0	0	0	0	0	0	0	0	0	0	1	0	0	0	8.825611
305	1	0	0	0	0	0	0	0	0	0	0	0	0	1	1	0	0	11	0.127	121	0.016129	0	0	0	0	0	0	0	0	0	0	1	0	0	0	1	0	0	0	9.053135
305	1	0	0	0	0	0	0	0	0	0	0	0	0	0	1	-1	0	7	-0.0127	49	0.0001613	0	0	0	0	0	0	0	0	0	0	1	0	0	1	0	0	0	0	9.084581
305	1	0	0	0	0	0	0	0	0	0	0	0	0	1	1	0	0	4	0.0635	16	0.0040323	0	0	0	0	0	0	0	0	0	0	1	0	0	0	1	0	0	0	9.2512
305	0	0	0	0	0	0	0	0	0	0	0	0	0	0	1	-4	0	11	0.0889	121	0.0079032	0	0	0	0	0	0	0	0	0	0	1	0	0	0	0	0	0	0	9.93285
305	0	0	0	0	1	1	0	0	0	1	0	0	0	0	0	0	1	3	0.0381	9	0.0014516	0	0	0	0	0	0	0	0	0	0	0	0	0	0	0	1	0	0	8.99223
305	0	0	0	0	0	0	0	0	0	0	0	0	0	0	1	-4	0	12	0.1143	144	0.0130645	0	0	0	0	0	0	0	0	0	0	0	0	0	0	0	0	0	0	9.494866
305	0	0	0	0	1	1	0	0	0	1	0	0	0	0	0	-3	0	-4	0.0127001	16	0.0001613	0	0	0	0	0	0	0	0	0	0	0	1	0	0	0	0	0	0	8.938133
305	1	0	0	0	0	0	0	0	0	0	0	0	0	0	1	-1	0	2	0.0127001	4	0.0001613	0	0	0	0	0	0	0	0	0	0	0	0	0	1	0	0	0	0	8.883064
306	1	0	0	0	0	0	0	0	0	0	0	0	0	0	0	-2	0	4	0.1523999	16	0.0232257	0	0	0	0	0	0	0	0	-2	0	1	0	0	0	1	0	0	0	8.848053
306	1	0	0	0	0	0	1	0	0	0	0	0	0	1	0	0	0	11	0	121	0	0	0	0	0	0	0	0	1	0	0	1	0	0	0	0	0	1	0	9.098928
306	0	0	0	0	0	1	0	0	0	0	0	0	0	0	1	-3	0	6	0.0761999	36	0.0058064	0	0	0	0	0	0	0	0	-3	0	1	0	0	1	0	0	0	0	9.107232
306	0	1	1	1	0	0	1	0	0	0	0	0	0	0	0	0	0	0	0	0	0	26	0	1.6002	0	0	0	0	0	0	1	0	0	0	0	0	0	0	0	9.2512
306	0	1	0	1	0	0	1	0	0	0	0	0	0	0	0	0	0	7	0	49	0	0	0	1.6002	0	0	0	0	0	0	1	1	0	0	0	0	0	0	0	8.938133
306	0	1	0	0	0	0	1	0	0	0	0	0	0	0	0	0	0	4	0.0761999	16	0.0058064	0	0	0	0	0	0	0	0	0	1	0	0	0	0	0	0	0	0	9.112145
306	0	1	0	0	0	0	1	0	0	0	0	0	0	0	0	0	0	8	0.127	64	0.016129	0	0	0	0	0	0	0	0	0	1	0	0	0	0	0	0	0	0	9.024206
306	0	1	1	1	0	0	0	0	0	0	0	0	0	0	0	0	0	0	0	0	0	26	0	1.6002	0	0	0	0	0	0	1	0	0	0	0	0	0	0	0	9.208271
306	0	1	1	1	0	0	1	0	0	0	0	0	0	0	0	0	0	0	0	0	0	26	0	1.6002	0	0	0	0	0	0	1	1	0	0	0	0	0	0	0	9.208271
306	1	1	0	0	1	0	1	0	0	1	0	0	0	0	0	0	0	4	0	16	0	0	0	0	0	0	0	0	0	0	1	0	0	0	0	0	0	0	0	9.084581
306	0	1	0	0	0	0	1	0	0	0	0	0	0	0	0	0	0	5	0.127	25	0.016129	0	0	0	0	0	0	0	0	0	1	1	0	0	0	0	0	0	0	9.340339
307	1	1	0	0	1	0	1	0	0	1	0	0	0	0	0	0	0	2	0.1396999	4	0.0195161	0	0	0	0	0	0	0	0	0	1	0	0	0	0	0	0	0	0	8.825611
307	1	0	0	1	0	1	0	0	0	0	0	0	0	0	0	0	3	2	0	4	0	0	0	1.4986	0	0	0	0	0	3	0	1	0	0	1	0	0	0	0	8.793956
307	1	0	0	0	1	0	0	0	0	1	0	0	0	0	1	0	4	7	0.127	49	0.016129	0	0	0	0	0	0	0	0	4	0	0	0	0	0	1	0	0	0	8.824633
308	0	1	0	1	1	0	1	0	0	1	0	0	1	0	0	0	0	11	0	121	0	0	0	0	0	0	0	0	0	0	0	0	0	0	0	0	0	0	0	8.557931
308	0	0	0	0	0	0	0	0	0	0	0	0	0	1	1	0	0	1	0	1	0	0	0	0	1.6764	0	0	0	0	0	0	0	0	0	1	0	0	0	0	9.058048
308	1	0	0	0	0	0	1	0	0	0	0	0	0	1	0	0	0	5	0	25	0	0	0	0	1.7018	0	0	0	0	0	0	1	0	0	1	0	0	0	0	9.089564
308	0	1	0	0	0	0	1	0	0	0	0	0	0	0	0	0	0	2	0	4	0	0	0	0	1.7272	0	0	0	0	0	0	0	0	0	0	0	0	0	0	8.970109
308	1	0	0	0	0	0	0	0	0	0	0	0	0	1	1	0	0	7	0	49	0	0	0	0	1.7526	0	0	0	0	0	0	1	0	0	1	0	0	0	0	8.883064
308	0	0	0	0	0	1	0	0	0	0	0	0	0	0	0	-3	0	9	0	81	0	0	0	0	1.8288	0	0	0	0	0	0	1	0	0	0	0	0	0	0	9.288423
308	0	1	0	0	0	0	0	0	0	0	0	0	0	0	1	0	0	8	0	64	0	0	0	0	1.7018	0	0	0	0	0	0	0	0	0	0	0	0	0	0	9.49507
308	1	0	0	0	0	0	0	0	0	0	0	0	0	1	1	0	0	6	0	36	0	0	0	0	1.7272	0	0	0	0	0	0	1	0	0	1	0	0	0	0	9.283176
308	0	0	0	0	0	0	1	0	0	0	0	0	0	0	0	0	4	3	0	9	0	0	0	0	1.6764	0	0	0	0	0	0	0	0	0	0	0	0	0	1	8.938133
308	0	0	0	0	0	0	0	0	0	0	0	0	0	1	1	0	0	5	0	25	0	0	0	0	1.6764	0	0	0	0	0	0	1	0	0	1	0	0	0	0	8.771515
308	1	1	0	0	0	0	0	0	0	0	0	0	0	0	1	0	0	5	0	25	0	0	0	0	1.7018	0	0	0	0	0	0	1	0	0	0	0	0	0	0	9.451937
308	0	0	0	0	0	0	0	0	0	0	0	0	0	1	1	0	0	9	0	81	0	0	0	0	1.7018	0	0	0	0	0	0	1	0	0	1	0	0	0	0	9.118523
308	1	1	0	0	0	0	0	0	0	0	0	0	0	0	1	0	0	9	0	81	0	0	0	0	1.7272	0	0	0	0	0	0	1	0	0	0	0	0	0	0	9.098928
308	0	0	0	0	0	0	0	0	0	0	0	0	0	1	1	0	0	5	0	25	0	0	0	0	1.7018	0	0	0	0	0	0	1	0	0	1	0	0	0	0	9.024206
308	0	0	0	1	0	0	0	0	0	0	0	0	1	1	1	0	0	7	0	49	0	0	0	0	0	0	0	0	0	0	0	0	0	0	1	0	0	0	0	8.938133
309	0	0	0	0	0	1	0	0	0	0	0	0	0	0	1	0	1	2	0.1651	4	0.027258	0	0	0	0	0	0	0	0	1	0	1	0	0	0	0	1	0	0	9.848722
309	0	1	0	0	0	0	1	0	0	0	0	0	0	0	0	0	0	6	0.2413	36	0.0582257	0	0	0	0	0	0	0	0	0	1	1	0	0	0	0	0	0	0	10.07391
310	1	0	0	1	0	1	0	0	0	0	0	0	0	1	0	0	0	9	0	81	0	0	0	1.651	0	1	0	0	0	0	0	0	0	0	0	0	0	0	0	8.848993
310	1	0	0	0	0	0	1	0	0	0	1	0	0	1	0	0	0	4	0.0762	16	0.0058064	0	0	0	0	1	0	0	0	0	0	1	0	0	0	0	0	0	0	9.461903
310	0	0	0	0	0	0	1	0	0	0	1	0	0	1	0	0	0	8	0.0762	64	0.0058064	0	0	0	0	1	0	0	0	0	0	1	0	0	0	0	0	0	0	9.2512
310	0	0	0	0	0	0	0	0	0	0	0	0	0	1	0	0	0	3	0.0508	9	0.0025806	0	0	0	0	1	0	0	0	0	0	1	0	0	0	0	0	0	0	9.848722
310	0	0	0	0	0	0	0	0	0	0	0	0	0	1	0	0	0	5	0.0508	25	0.0025806	0	0	0	0	1	0	0	0	0	0	1	0	0	0	0	0	0	0	9.93285
310	1	0	0	0	0	0	1	0	0	0	1	0	0	1	0	0	0	6	0.1651	36	0.027258	0	0	0	0	1	0	0	0	0	0	1	0	0	0	0	0	0	0	9.410738
310	1	1	0	0	0	1	0	0	0	0	0	0	0	0	0	0	0	4	0.1777999	16	0.0316128	0	0	0	0	0	0	1	0	0	0	0	0	0	0	0	0	0	0	9.101377
310	1	1	0	0	0	1	0	0	0	0	0	0	0	0	0	0	0	7	0.1015999	49	0.0103225	0	0	0	0	0	0	1	0	0	0	0	0	0	0	0	0	0	0	9.689184
310	0	0	0	0	0	0	0	0	0	0	0	0	0	1	0	0	0	4	0.1015999	16	0.0103225	0	0	0	0	1	0	0	0	0	0	1	0	0	0	0	0	0	0	9.689184
310	0	0	0	0	0	1	0	0	0	0	0	0	0	1	0	0	0	4	0.0762	16	0.0058064	0	0	0	0	1	0	0	0	0	0	1	0	0	0	0	0	0	0	9.876092
311	0	0	0	0	0	0	0	0	0	0	0	0	0	1	0	0	0	4	0.127	16	0.016129	0	0	0	0	1	0	0	0	0	0	1	0	0	1	0	0	0	0	8.883064
311	0	0	0	0	0	1	0	0	0	0	0	0	0	1	0	0	0	2	0.1016001	4	0.0103226	0	0	0	0	1	0	0	0	0	0	0	0	0	1	0	0	0	0	9.2512
311	0	0	0	0	0	0	0	0	0	0	0	0	0	1	0	0	0	3	0.0508001	9	0.0025806	0	0	0	0	1	0	0	0	0	0	1	0	0	1	0	0	0	0	8.99223
311	0	0	0	0	0	0	0	0	0	0	0	0	0	1	0	0	0	3	0.0762	9	0.0058064	0	0	0	0	1	0	0	0	0	0	1	0	0	1	0	0	0	0	8.883064
311	0	0	0	0	0	1	0	0	0	0	0	0	0	1	0	0	0	2	0.0508001	4	0.0025806	0	0	0	0	1	0	0	0	0	0	0	0	0	1	0	0	0	0	9.2512
311	0	0	0	0	0	0	0	0	0	0	0	0	0	1	0	0	0	2	0.127	4	0.016129	0	0	0	0	1	0	0	0	0	0	0	0	0	1	0	0	0	0	9.002979
311	0	0	0	0	0	0	0	0	0	0	0	0	0	1	0	0	0	4	0.0254	16	0.0006452	0	0	0	0	1	0	0	0	0	0	1	0	0	1	0	0	0	0	8.883064
311	0	0	0	0	0	0	0	0	0	0	0	0	0	1	0	0	0	6	0.0762	36	0.0058064	0	0	0	0	1	0	0	0	0	0	1	0	0	1	0	0	0	0	8.99223
311	0	0	0	0	0	1	0	0	0	0	0	0	0	1	0	0	0	3	0.1016001	9	0.0103226	0	0	0	0	1	0	0	0	0	0	1	0	0	1	0	0	0	0	8.99223
311	0	0	0	0	0	0	0	0	0	0	0	0	0	1	0	0	0	2	0.1016001	4	0.0103226	0	0	0	0	1	0	0	0	0	0	0	0	0	1	0	0	0	0	8.883064
311	1	0	0	0	0	0	0	0	0	0	0	0	0	1	0	0	0	2	0.1778001	4	0.0316129	0	0	0	0	1	0	0	0	0	0	0	0	0	1	0	0	0	0	9.771483
311	1	0	0	0	0	0	0	0	0	0	0	0	0	1	0	0	0	2	0.2540001	4	0.064516	0	0	0	0	1	0	0	0	0	0	1	0	0	1	0	0	0	0	9.451937
315	0	0	0	0	0	0	0	0	0	0	0	0	0	1	1	0	0	6	0.1777999	36	0.0316128	0	0	0	0	0	0	0	0	0	0	0	0	0	1	0	0	0	0	9.112145
315	0	0	0	0	0	0	0	0	0	0	0	0	0	1	1	0	0	3	0.2286	9	0.052258	0	0	0	0	0	0	0	0	0	0	1	0	0	1	0	0	0	0	9.208271
315	0	0	0	0	0	0	0	0	0	0	0	0	0	1	1	0	0	6	0.1396999	36	0.0195161	0	0	0	0	0	0	0	0	0	0	1	0	0	1	0	0	0	0	8.93498
315	1	0	0	0	0	0	0	0	0	0	0	0	0	1	1	0	0	9	0.2032	81	0.0412902	0	0	0	0	0	0	0	0	0	0	1	0	0	1	0	0	0	0	8.99223
315	1	0	0	0	0	1	0	0	0	0	0	0	0	1	0	0	0	6	0.127	36	0.016129	0	0	0	0	0	0	0	0	0	0	1	0	0	1	0	0	0	0	8.938133
315	0	0	0	0	0	0	0	0	0	0	0	0	0	1	1	0	0	7	0.0762	49	0.0058064	0	0	0	0	0	0	0	0	0	0	1	0	0	1	0	0	0	0	8.883064
315	0	0	0	0	0	0	0	0	0	0	0	0	0	1	1	0	0	6	0.2032	36	0.0412902	0	0	0	0	0	0	0	0	0	0	1	0	0	1	0	0	0	0	8.848053
315	0	0	0	0	0	0	0	0	0	0	0	0	0	0	1	-2	0	6	0.2032	36	0.0412902	0	0	0	0	0	0	0	0	0	0	1	1	0	0	0	0	0	0	9.494866
315	1	0	0	0	0	0	0	0	0	0	0	0	0	1	1	0	0	9	0.0508	81	0.0025806	0	0	0	0	0	0	0	0	0	0	1	0	0	1	0	0	0	0	9.286845
315	1	1	0	1	0	0	1	0	0	0	0	0	0	0	0	0	0	8	0	64	0	0	0	1.5748	0	0	0	0	0	0	0	1	0	0	0	0	0	0	0	9.814734
315	1	0	0	0	0	1	0	0	0	0	0	0	0	0	0	0	2	12	0.127	144	0.016129	0	0	0	0	0	0	0	0	0	0	0	0	0	0	0	1	0	0	8.990049
316	1	1	0	0	0	0	1	0	0	0	0	0	0	0	0	0	0	9	0.1015999	81	0.0103225	0	0	0	0	0	0	0	0	0	0	1	0	0	0	0	0	0	0	8.985859
316	1	1	0	0	0	0	0	0	0	0	0	0	0	0	1	0	0	8	0.0762	64	0.0058064	0	0	0	0	0	0	0	0	0	0	1	0	0	0	0	0	0	0	8.99223
316	1	0	0	0	0	0	0	0	0	0	0	0	0	1	1	0	0	7	0.1524	49	0.0232258	0	0	0	0	0	0	0	0	0	0	1	0	0	1	0	0	0	0	9.876092
316	0	0	0	0	0	0	0	0	0	0	0	0	0	0	1	0	1	2	0.0253999	4	0.0006452	0	0	0	0	0	0	0	0	0	0	0	0	0	0	1	0	0	0	8.825611
317	0	0	0	0	0	0	1	0	0	0	0	0	0	1	0	0	0	3	0.2286	9	0.052258	0	0	0	0	0	0	0	0	0	0	1	0	0	0	1	0	0	0	8.825611
317	0	0	0	0	0	0	0	0	0	0	0	0	0	0	1	-1	0	3	0.1778001	9	0.0316129	0	0	0	0	0	0	0	0	0	0	1	0	0	1	0	0	0	0	9.2512
317	0	0	0	0	0	1	0	0	0	0	0	0	0	0	0	-1	0	7	0.0508001	49	0.0025806	0	0	0	0	0	0	0	0	0	0	0	0	0	1	0	0	0	0	9.673881
317	0	1	0	0	0	0	0	0	0	0	0	0	0	0	1	0	0	3	0.127	9	0.016129	0	0	0	0	0	0	0	0	0	0	1	0	0	0	0	0	0	0	9.848722
317	0	0	0	0	0	0	1	0	0	0	0	0	0	0	0	-1	0	5	0.127	25	0.016129	0	0	0	0	0	0	0	0	0	0	1	0	0	1	0	0	0	0	9.440964
318	0	0	0	0	0	0	0	0	0	0	0	0	0	1	0	0	0	2	0.1777999	4	0.0316128	0	0	0	0	0	0	0	0	0	0	0	0	0	1	0	0	0	0	9.81102
318	1	0	0	0	0	1	0	0	0	0	0	0	0	1	1	0	0	3	0.1523999	9	0.0232257	0	0	0	0	0	0	0	0	0	0	0	0	0	1	0	0	0	0	9.830038
318	0	0	0	0	0	1	0	0	0	0	0	0	0	1	1	0	0	7	0.127	49	0.016129	0	0	0	0	0	0	0	0	0	0	1	0	0	1	0	0	0	0	9.371115
318	0	0	0	0	0	1	0	0	0	0	0	0	0	1	1	0	0	9	0.1777999	81	0.0316128	0	0	0	0	0	0	0	0	0	0	1	0	0	1	0	0	0	0	8.99223
318	0	1	0	0	1	0	0	0	0	1	0	0	0	0	0	0	0	4	0.0762	16	0.0058064	0	0	0	0	0	0	0	0	0	0	0	0	0	0	0	0	0	0	8.99223
318	0	0	0	0	1	0	0	0	0	1	0	0	0	1	0	0	0	6	0.1523999	36	0.0232257	0	0	0	0	0	0	0	0	0	0	0	0	0	1	0	0	0	0	8.99223
318	0	0	0	0	0	0	0	0	0	0	0	0	0	1	0	0	0	4	0.0508	16	0.0025806	0	0	0	0	0	0	0	0	0	0	1	0	0	1	0	0	0	0	9.101377
318	0	1	0	0	0	0	0	0	0	0	0	0	0	0	0	0	0	6	0.1015999	36	0.0103225	0	0	0	0	0	0	0	0	0	0	1	0	0	0	0	0	0	0	9.512478
318	0	0	0	0	0	1	0	0	0	0	0	0	0	0	1	0	2	10	0.1015999	100	0.0103225	0	0	0	0	0	0	0	0	0	0	1	0	0	0	0	1	0	0	9.49507
318	1	0	0	0	0	1	0	0	0	0	0	0	0	1	1	0	0	6	0.1523999	36	0.0232257	0	0	0	0	0	0	0	0	0	0	0	0	0	1	0	0	0	0	9.395179
318	0	0	0	0	0	1	0	0	0	0	0	0	0	1	1	0	0	5	0.1777999	25	0.0316128	0	0	0	0	0	0	0	0	0	0	0	0	0	1	0	0	0	0	8.99223
318	1	1	0	0	0	1	0	0	0	0	0	0	0	0	1	0	0	7	0.1651	49	0.027258	0	0	0	0	0	0	0	0	0	0	1	0	0	0	0	0	0	0	10.0737
318	0	0	0	0	0	1	0	0	0	0	0	0	0	1	1	0	0	3	0.1015999	9	0.0103225	0	0	0	0	0	0	0	0	0	0	1	0	0	1	0	0	0	0	9.838251
318	1	0	0	0	0	1	0	0	0	0	0	0	0	1	1	0	0	2	0.2539999	4	0.064516	0	0	0	0	0	0	0	0	0	0	1	0	0	1	0	0	0	0	9.680216
318	1	0	0	0	0	0	0	0	0	0	0	0	0	1	0	0	0	3	0.2032	9	0.0412902	0	0	0	0	0	0	0	0	0	0	1	0	0	1	0	0	0	0	9.2512
319	1	0	0	0	1	0	0	0	0	1	0	0	0	1	1	0	0	7	0.127	49	0.016129	0	0	0	0	1	0	0	0	0	0	0	0	0	0	0	0	0	0	9.564714
319	1	1	0	0	1	0	0	0	0	1	0	0	0	0	1	0	0	2	0.1651	4	0.027258	0	0	0	0	0	0	1	0	0	0	0	0	0	0	0	0	0	0	8.99223
319	0	0	0	1	0	1	0	0	0	0	0	0	0	1	0	0	0	7	0	49	0	0	0	1.5494	0	1	0	0	0	0	0	1	0	0	0	0	0	0	0	9.321049
319	1	0	0	0	0	0	0	0	0	0	0	0	0	1	1	0	0	9	0.1524	81	0.0232258	0	0	0	0	1	0	0	0	0	0	1	0	0	0	0	0	0	0	9.208271
320	1	0	0	0	0	0	1	0	0	0	1	0	0	1	0	0	0	5	0.0253999	25	0.0006452	0	0	0	0	0	0	0	1	0	0	1	0	0	1	0	0	0	0	9.830038
320	0	0	0	0	1	0	0	0	0	1	0	0	0	1	0	0	0	5	0.127	25	0.016129	0	0	0	0	0	0	0	1	0	0	0	0	0	1	0	0	0	0	9.848722
320	1	0	0	0	0	0	0	0	0	0	0	0	0	0	0	0	1	6	0.1015999	36	0.0103225	0	0	0	0	0	0	0	0	1	0	0	0	0	0	1	0	0	0	9.848722
320	0	0	0	0	1	0	0	0	0	1	0	0	0	1	0	0	0	2	-0.0254	4	0.0006452	0	0	0	0	0	0	0	1	0	0	0	0	0	1	0	0	0	0	9.848722
320	0	0	0	0	0	0	0	0	0	0	0	0	0	0	0	0	1	9	0.1777999	81	0.0316128	0	0	0	0	0	0	0	0	1	0	1	0	0	0	1	0	0	0	9.654536
320	0	1	0	0	0	1	0	0	0	0	0	0	0	0	0	0	0	5	0.0253999	25	0.0006452	0	0	0	0	0	0	0	0	0	1	1	0	0	0	0	0	0	0	9.089564
320	1	0	0	1	0	1	0	0	0	0	0	0	0	1	0	0	0	4	0	16	0	0	0	1.6002	0	0	0	0	1	0	0	1	0	0	1	0	0	0	0	9.208271
320	0	1	0	0	0	0	1	0	0	0	1	0	0	0	0	0	0	5	0.127	25	0.016129	0	0	0	0	0	0	0	0	0	1	1	0	0	0	0	0	0	0	9.848722
320	1	1	0	0	0	0	0	0	0	0	0	0	0	0	0	0	0	2	0.127	4	0.016129	0	0	0	0	0	0	0	0	0	1	1	0	0	0	0	0	0	0	9.235896
320	0	0	0	0	1	0	0	0	0	1	0	0	0	0	0	0	1	9	0.1523999	81	0.0232257	0	0	0	0	0	0	0	0	1	0	0	0	0	0	1	0	0	0	9.790168
320	0	0	0	0	0	0	0	0	0	0	0	0	0	0	0	-2	0	3	0.1777999	9	0.0316128	0	0	0	0	0	0	0	0	-2	0	1	1	0	0	0	0	0	0	8.99223
320	0	0	0	0	0	0	0	0	0	0	0	0	0	1	0	0	0	4	0.2285999	16	0.0522579	0	0	0	0	0	0	0	1	0	0	1	0	0	1	0	0	0	0	9.571068
320	0	0	0	1	1	0	0	0	0	1	0	0	0	1	0	0	0	9	0	81	0	0	0	1.6002	0	0	0	0	1	0	0	0	0	0	1	0	0	0	0	9.494866
320	0	1	1	1	1	0	1	0	0	1	1	0	0	0	0	0	0	0	0	0	0	25	0	1.6002	0	0	0	0	0	0	1	0	0	0	0	0	0	0	0	9.208271
320	1	1	0	0	1	0	0	0	0	1	0	0	0	0	0	0	0	1	0.2032	1	0.0412902	0	0	0	0	0	0	0	0	0	1	0	0	0	0	0	0	0	0	10.0737
321	0	0	0	0	0	0	1	0	0	0	0	0	0	1	0	0	0	3	0.0748	9	0.005595	0	0	0	0	0	0	0	0	0	0	0	0	0	1	0	0	0	0	9.2512
321	0	1	0	0	0	1	0	0	0	0	0	0	0	0	1	0	0	5	0.2018	25	0.0407232	0	0	0	0	0	0	0	0	0	0	0	0	0	0	0	0	0	0	9.118523
321	0	0	0	0	0	1	0	0	0	0	0	0	0	1	1	0	0	7	0.1763999	49	0.0311169	0	0	0	0	0	0	0	0	0	0	0	0	0	1	0	0	0	0	9.550129
321	0	0	0	0	0	1	0	0	0	0	0	0	0	1	1	0	0	10	0.0748	100	0.005595	0	0	0	0	0	0	0	0	0	0	0	0	0	1	0	0	0	0	9.101377
321	0	1	0	0	0	0	0	0	0	0	0	0	0	0	0	0	0	2	0.151	4	0.022801	0	0	0	0	0	0	0	0	0	0	0	0	0	0	0	0	0	0	8.883064
321	1	1	0	0	1	0	1	0	0	1	0	0	0	0	0	0	0	5	0.1256	25	0.0157754	0	0	0	0	0	0	0	0	0	0	0	0	0	0	0	0	0	0	9.208271
321	0	0	0	0	1	1	0	0	0	1	0	0	0	0	1	0	2	12	0.1256	144	0.0157754	0	0	0	0	0	0	0	0	0	0	0	0	0	0	0	1	0	0	9.2512
321	0	0	0	0	0	1	0	0	0	0	0	0	0	1	1	0	0	3	0.2272	9	0.0516199	0	0	0	0	0	0	0	0	0	0	1	0	0	1	0	0	0	0	10.0737
321	0	0	0	0	1	0	1	0	0	1	0	0	0	1	0	0	0	2	0.1763999	4	0.0311169	0	0	0	0	0	0	0	0	0	0	0	0	0	1	0	0	0	0	9.208271
321	0	0	0	0	0	1	0	0	0	0	0	0	0	1	1	0	0	9	0.24	81	0.0576	0	0	0	0	0	0	0	0	0	0	0	0	0	1	0	0	0	0	8.99223
321	0	0	0	0	0	1	0	0	0	0	0	0	0	1	1	0	0	10	0.2018	100	0.0407232	0	0	0	0	0	0	0	0	0	0	1	0	0	1	0	0	0	0	9.673881
322	0	0	0	0	0	0	0	0	0	0	0	0	0	1	0	0	0	4	0.1778001	16	0.0316129	0	0	0	0	1	0	0	0	0	0	1	0	0	1	0	0	0	0	9.303116
322	1	1	0	1	1	0	1	0	0	1	1	0	0	0	0	0	0	5	0	25	0	0	0	1.5494	0	0	0	1	0	0	0	0	0	0	0	0	0	0	0	8.883064
322	0	1	0	0	0	0	0	0	0	0	0	0	0	0	0	0	0	8	0.1778001	64	0.0316129	0	0	0	0	0	0	1	0	0	0	1	0	0	0	0	0	0	0	8.99223
322	0	0	0	0	0	0	1	0	0	0	1	0	0	1	0	0	0	5	0.127	25	0.016129	0	0	0	0	1	0	0	0	0	0	1	0	0	1	0	0	0	0	8.99223
322	1	0	0	0	0	0	0	0	0	0	0	0	0	1	0	0	0	5	0.127	25	0.016129	0	0	0	0	1	0	0	0	0	0	1	0	0	1	0	0	0	0	8.99223
322	0	1	0	0	0	0	0	0	0	0	0	0	0	0	0	0	0	5	0.1143	25	0.0130645	0	0	0	0	0	0	1	0	0	0	1	0	0	0	0	0	0	0	9.101377
322	1	0	0	1	0	0	0	0	0	0	0	0	0	1	0	0	0	7	0	49	0	0	0	1.5494	0	1	0	0	0	0	0	1	0	0	1	0	0	0	0	9.475531
322	1	1	0	0	1	1	0	0	0	1	0	0	0	0	0	0	0	7	0.1524	49	0.0232258	0	0	0	0	0	0	1	0	0	0	0	0	0	0	0	0	0	0	9.098928
322	1	1	0	0	0	0	0	0	0	0	0	0	0	0	0	0	0	1	0.1778001	1	0.0316129	0	0	0	0	0	0	1	0	0	0	0	0	0	0	0	0	0	0	10.07391
322	0	1	0	0	0	0	1	0	0	0	1	0	0	0	0	0	0	8	0.1143	64	0.0130645	0	0	0	0	0	0	1	0	0	0	1	0	0	0	0	0	0	0	8.938133
322	0	1	0	0	0	0	1	0	0	0	1	0	0	0	0	0	0	6	0.1524	36	0.0232258	0	0	0	0	0	0	1	0	0	0	1	0	0	0	0	0	0	0	8.99223
322	0	0	0	0	0	0	0	0	0	0	0	0	0	1	0	0	0	5	0.127	25	0.016129	0	0	0	0	1	0	0	0	0	0	0	0	0	1	0	0	0	0	9.089564
322	0	0	0	0	0	0	1	0	0	0	1	0	0	1	0	0	0	3	0.1778001	9	0.0316129	0	0	0	0	1	0	0	0	0	0	1	0	0	1	0	0	0	0	8.99223
322	0	1	0	0	1	1	0	0	0	1	0	0	0	0	0	0	0	10	0.1524	100	0.0232258	0	0	0	0	0	0	1	0	0	0	0	0	0	0	0	0	0	0	9.303116
322	0	0	0	0	1	0	0	0	0	1	0	0	0	1	0	0	0	11	0.0254	121	0.0006452	0	0	0	0	1	0	0	0	0	0	0	0	0	1	0	0	0	0	9.118523
324	0	0	0	0	0	0	0	0	0	0	0	0	0	1	0	0	0	8	0.1015999	64	0.0103225	0	0	0	0	0	0	0	0	0	0	1	0	0	0	0	0	0	0	9.848722
324	0	0	0	0	0	1	0	0	0	0	0	0	0	1	0	0	0	5	0.127	25	0.016129	0	0	0	0	0	0	0	0	0	0	1	0	0	0	0	0	0	0	9.989575
324	0	0	0	0	0	0	0	0	0	0	0	0	0	1	0	0	0	5	0.1015999	25	0.0103225	0	0	0	0	0	0	0	0	0	0	1	0	0	0	0	0	0	0	9.814734
324	1	0	0	0	0	0	0	0	0	0	0	0	0	1	0	0	0	7	0.0889	49	0.0079032	0	0	0	0	0	0	0	0	0	0	1	0	0	0	0	0	0	0	9.848722
324	0	1	0	0	0	0	1	0	0	0	1	0	0	0	0	0	0	8	0.1396999	64	0.0195161	0	0	0	0	0	0	0	0	0	0	1	0	0	0	0	0	0	0	9.208271
324	0	0	0	0	0	0	0	0	0	0	0	0	0	1	0	0	0	6	0.1396999	36	0.0195161	0	0	0	0	0	0	0	0	0	0	1	0	0	0	0	0	0	0	9.848722
324	1	0	0	0	0	0	0	0	0	0	0	0	0	1	0	0	0	3	0.1777999	9	0.0316128	0	0	0	0	0	0	0	0	0	0	0	0	0	0	0	0	0	0	9.989575
324	1	1	0	0	0	0	0	0	0	0	0	0	0	0	0	0	0	5	0.2539999	25	0.064516	0	0	0	0	0	0	0	0	0	0	0	0	0	0	0	0	0	0	9.93285
324	0	0	0	0	1	0	1	0	0	1	1	0	0	1	0	0	0	6	0.0761999	36	0.0058064	0	0	0	0	0	0	0	0	0	0	0	0	0	0	0	0	0	0	9.121804
324	0	1	0	0	0	0	1	0	0	0	1	0	0	0	0	0	0	8	0.1777999	64	0.0316128	0	0	0	0	0	0	0	0	0	0	0	0	0	0	0	0	0	0	9.208271
324	0	0	0	0	0	0	0	0	0	0	0	0	0	1	0	0	0	3	0.127	9	0.016129	0	0	0	0	0	0	0	0	0	0	1	0	0	0	0	0	0	0	9.494866
324	0	0	0	0	0	0	1	0	0	0	1	0	0	0	0	0	3	8	0.1777999	64	0.0316128	0	0	0	0	0	0	0	0	0	0	0	0	0	1	0	0	0	0	9.848722
324	1	1	0	0	0	0	0	0	0	0	0	0	0	0	0	0	0	4	0.1015999	16	0.0103225	0	0	0	0	0	0	0	0	0	0	1	0	0	0	0	0	0	0	9.208271
324	0	1	1	1	0	0	1	0	0	0	1	0	0	0	0	0	0	0	0	0	0	24	0	1.6002	0	0	0	0	0	0	0	0	0	0	0	0	0	0	0	9.208271
324	1	0	0	0	0	1	0	0	0	0	0	0	0	1	0	0	0	6	0.1777999	36	0.0316128	0	0	0	0	0	0	0	0	0	0	1	0	0	0	0	0	0	0	9.814734
326	0	1	1	1	1	0	1	0	0	1	1	0	1	0	0	0	0	0	0	0	0	26	0	0	0	0	0	0	0	0	0	0	0	0	0	0	0	0	0	9.208271
326	1	1	1	1	0	0	1	0	0	0	1	0	1	0	0	0	0	0	0	0	0	26	0	0	0	0	0	0	0	0	0	0	0	0	0	0	0	0	0	9.208271
326	1	0	0	0	0	0	0	0	0	0	0	0	0	0	0	0	0	6	0	36	0	0	0	0	1.6764	0	0	0	0	0	0	0	0	0	0	0	0	0	1	8.938133
326	1	1	0	1	0	0	1	0	0	0	1	0	1	0	0	0	0	4	0	16	0	0	0	0	0	0	0	0	0	0	0	1	0	0	0	0	0	0	0	8.99223
326	0	0	0	0	0	0	0	0	0	0	0	0	0	0	0	-4	0	4	0	16	0	0	0	0	1.6764	0	0	0	0	0	0	0	0	0	1	0	0	0	0	9.058048
326	0	0	0	0	0	0	1	0	0	0	1	0	0	0	0	-4	0	10	0	100	0	0	0	0	1.651	0	0	0	0	0	0	0	0	0	1	0	0	0	0	8.883064
326	0	1	0	0	1	0	1	0	0	1	1	0	0	0	0	0	0	7	0	49	0	0	0	0	1.5748	0	0	0	0	0	0	0	0	0	0	0	0	0	0	8.825611
326	0	0	0	0	1	0	1	0	0	1	1	0	0	0	0	-7	0	4	0	16	0	0	0	0	1.7272	0	0	0	0	0	0	0	0	0	0	0	0	0	0	9.208271
326	0	0	0	0	0	0	1	0	0	0	1	0	0	0	0	-7	0	13	0	169	0	0	0	0	1.7018	0	0	0	0	0	0	0	0	0	0	0	0	0	0	9.288423
326	0	0	0	0	0	0	0	0	0	0	0	0	0	0	0	-4	0	7	0	49	0	0	0	0	1.8034	0	0	0	0	0	0	0	0	0	1	0	0	0	0	8.99223
326	1	0	0	0	0	0	0	0	0	0	0	0	0	1	0	0	0	9	0	81	0	0	0	0	1.6002	0	0	0	0	0	0	1	0	0	0	0	0	0	1	8.848993
326	0	1	0	0	0	0	1	0	0	0	1	0	0	0	0	0	0	6	0	36	0	0	0	0	1.7018	0	0	0	0	0	0	0	0	0	0	0	0	0	0	8.99223
326	1	0	0	0	1	0	0	0	0	1	0	0	0	0	0	0	0	3	0	9	0	0	0	0	1.6129	0	0	0	0	0	0	0	0	0	0	0	0	0	1	8.771515
326	0	0	0	1	0	1	0	0	0	0	0	0	1	0	0	-2	0	10	0	100	0	0	0	0	0	0	0	0	0	0	0	0	0	0	0	0	1	0	0	8.771515
326	0	1	1	1	0	0	1	0	0	0	1	0	1	0	0	0	0	0	0	0	0	26	0	0	0	0	0	0	0	0	0	1	0	0	0	0	0	0	0	9.2512
328	0	0	0	0	0	0	0	0	0	0	0	0	0	1	0	0	0	8	0.0761999	64	0.0058064	0	0	0	0	0	0	0	0	0	0	1	0	0	0	1	0	0	0	9.044147
328	0	1	0	0	1	0	1	0	0	1	0	0	0	0	0	0	0	11	0.0508	121	0.0025806	0	0	0	0	0	0	0	0	0	0	0	0	0	0	0	0	0	0	8.99223
328	0	1	0	0	1	0	1	0	0	1	0	0	0	0	0	0	0	4	0.127	16	0.016129	0	0	0	0	0	0	0	0	0	0	0	0	0	0	0	0	0	0	8.99223
328	1	0	0	0	1	1	0	0	0	1	0	0	0	1	1	0	0	5	0.127	25	0.016129	0	0	0	0	0	0	0	0	0	0	0	0	0	0	1	0	0	0	9.235896
328	1	1	0	0	0	1	0	0	0	0	0	0	0	0	1	0	0	7	0.2032	49	0.0412902	0	0	0	0	0	0	0	0	0	0	0	0	0	0	0	0	0	0	9.43159
328	0	0	0	0	0	1	0	0	0	0	0	0	0	1	1	0	0	6	0.0761999	36	0.0058064	0	0	0	0	0	0	0	0	0	0	1	0	0	0	1	0	0	0	9.814734
328	0	1	0	0	0	0	0	0	0	0	0	0	0	0	0	0	0	5	0.127	25	0.016129	0	0	0	0	0	0	0	0	0	0	0	0	0	0	0	0	0	0	8.938133
328	0	1	0	1	1	0	1	0	0	1	0	0	0	0	0	0	0	4	0	16	0	0	0	1.6002	0	0	0	0	0	0	0	0	0	0	0	0	0	0	0	8.883064
328	1	0	0	0	1	1	0	0	0	1	0	0	0	0	1	-1	0	5	0.1015999	25	0.0103225	0	0	0	0	0	0	0	0	0	0	0	0	0	1	0	0	0	0	9.340339
328	0	0	0	0	0	1	0	0	0	0	0	0	0	0	1	-1	0	8	0.127	64	0.016129	0	0	0	0	0	0	0	0	0	0	0	0	0	1	0	0	0	0	8.972886
328	0	0	0	0	0	0	0	0	0	0	0	0	0	0	0	-1	0	8	0.1904999	64	0.0362902	0	0	0	0	0	0	0	0	0	0	1	0	0	1	0	0	0	0	8.99223
328	0	0	0	0	0	1	0	0	0	0	0	0	0	1	1	0	0	4	0.2032	16	0.0412902	0	0	0	0	0	0	0	0	0	0	0	0	0	0	1	0	0	0	9.848722
328	1	1	1	0	0	0	1	0	0	0	0	0	0	0	0	0	0	0	0.0761999	0	0.0058064	24	0	0	0	0	0	0	0	0	0	0	0	0	0	0	0	0	0	9.848722
328	0	0	0	0	0	0	0	0	0	0	0	0	0	1	0	0	0	6	0.0253999	36	0.0006452	0	0	0	0	0	0	0	0	0	0	1	0	0	0	1	0	0	0	8.883064
328	1	0	0	0	0	0	0	0	0	0	0	0	0	1	0	0	0	7	0.1777999	49	0.0316128	0	0	0	0	0	0	0	0	0	0	1	0	0	0	1	0	0	0	9.2512
329	0	0	0	0	0	0	0	0	0	0	0	0	0	0	0	0	3	7	0.0508	49	0.0025806	0	0	0	0	0	0	0	0	0	0	1	0	0	1	0	0	0	0	8.99223
329	0	0	0	0	0	1	0	0	0	0	0	0	0	0	1	0	3	7	0.0761999	49	0.0058064	0	0	0	0	0	0	0	0	0	0	1	0	0	1	0	0	0	0	9.2512
329	0	0	0	0	1	1	0	0	0	1	0	0	0	0	1	0	3	14	0.0253999	196	0.0006452	0	0	0	0	0	0	0	0	0	0	0	0	0	1	0	0	0	0	8.883064
329	0	0	0	0	0	0	1	0	0	0	0	0	0	0	0	0	3	6	0.0508	36	0.0025806	0	0	0	0	0	0	0	0	0	0	0	0	0	1	0	0	0	0	9.208271
329	1	1	0	1	0	1	0	0	0	0	0	0	0	0	1	0	0	7	0	49	0	0	0	1.6002	0	0	0	0	0	0	0	0	0	0	0	0	0	0	0	9.208271
329	0	0	0	0	0	1	0	0	0	0	0	0	0	0	1	0	3	12	0.127	144	0.016129	0	0	0	0	0	0	0	0	0	0	0	0	0	1	0	0	0	0	8.99223
329	1	0	0	0	0	0	1	0	0	0	0	0	0	0	0	0	3	4	0.1523999	16	0.0232257	0	0	0	0	0	0	0	0	0	0	1	0	0	1	0	0	0	0	9.307697
329	0	0	0	0	0	0	1	0	0	0	0	0	0	0	0	0	3	3	0.2285999	9	0.0522579	0	0	0	0	0	0	0	0	0	0	0	0	0	1	0	0	0	0	9.208271
329	0	1	0	0	0	0	1	0	0	0	0	0	0	0	0	0	0	5	0.0761999	25	0.0058064	0	0	0	0	0	0	0	0	0	0	1	0	0	0	0	0	0	0	8.938133
329	1	0	0	0	0	1	0	0	0	0	0	0	0	0	1	0	3	6	0.2032	36	0.0412902	0	0	0	0	0	0	0	0	0	0	1	0	0	1	0	0	0	0	9.2512
329	1	1	0	0	0	1	0	0	0	0	0	0	0	0	1	0	0	7	0.127	49	0.016129	0	0	0	0	0	0	0	0	0	0	0	0	0	0	0	0	0	0	10.0737
329	1	0	0	0	0	0	0	0	0	0	0	0	0	0	0	0	3	7	0.2285999	49	0.0522579	0	0	0	0	0	0	0	0	0	0	1	0	0	1	0	0	0	0	9.069973
329	0	1	0	1	0	0	1	0	0	0	0	0	0	0	0	0	0	5	0	25	0	0	0	1.6002	0	0	0	0	0	0	0	1	0	0	0	0	0	0	0	8.99223
329	0	1	0	0	0	0	0	0	0	0	0	0	0	0	0	0	0	5	0.1777999	25	0.0316128	0	0	0	0	0	0	0	0	0	0	1	0	0	0	0	0	0	0	9.2512
329	0	0	0	0	1	0	0	0	0	1	0	0	0	0	0	0	3	7	0.1777999	49	0.0316128	0	0	0	0	0	0	0	0	0	0	0	0	0	1	0	0	0	0	9.288423
330	1	1	1	0	0	0	1	0	0	0	0	0	0	0	0	0	0	0	0.0762	0	0.0058064	29	0	0	0	0	0	0	0	0	0	1	0	0	0	0	0	0	0	8.99223
330	0	1	0	0	0	0	0	0	0	0	0	0	0	0	0	0	0	5	0.0889	25	0.0079032	0	0	0	0	0	0	0	0	0	0	1	0	0	0	0	0	0	0	9.43159
330	1	0	0	0	0	0	0	0	0	0	0	0	0	1	0	0	0	5	0.2285999	25	0.0522579	0	0	0	0	0	0	0	0	0	0	1	0	0	0	1	0	0	0	9.235896
330	1	1	1	1	1	0	1	0	0	1	0	0	0	0	0	0	0	0	0	0	0	29	0	1.524	0	0	0	0	0	0	0	0	0	0	0	0	0	0	0	9.208271
330	0	1	0	1	0	0	1	0	0	0	0	0	0	0	0	0	0	3	0	9	0	0	0	1.524	0	0	0	0	0	0	0	0	0	0	0	0	0	0	0	8.883064
330	0	0	0	0	0	1	0	0	0	0	0	0	0	1	1	0	0	6	0.1777999	36	0.0316128	0	0	0	0	0	0	0	0	0	0	1	0	0	0	1	0	0	0	8.99223
330	1	0	0	1	0	1	0	0	0	0	0	0	0	1	1	0	0	2	0	4	0	0	0	1.524	0	0	0	0	0	0	0	0	0	0	0	1	0	0	0	9.101377
330	0	0	0	0	1	1	0	0	0	1	0	0	0	0	1	-1	0	8	0.1777999	64	0.0316128	0	0	0	0	0	0	0	0	0	0	0	0	0	1	0	0	0	0	9.273385
331	0	1	0	0	0	1	0	0	0	0	0	0	0	0	1	0	0	7	0.0761999	49	0.0058064	0	0	0	0	0	0	0	0	0	0	0	0	0	0	0	0	0	0	8.99223
331	1	1	0	0	1	0	1	0	0	1	0	0	0	0	0	0	0	4	0.127	16	0.016129	0	0	0	0	0	0	0	0	0	0	0	0	0	0	0	0	0	0	9.876092
331	1	0	0	0	0	0	1	0	0	0	0	0	0	1	0	0	0	7	0.1777999	49	0.0316128	0	0	0	0	0	0	0	0	0	0	1	0	0	0	0	0	0	0	9.076596
331	0	0	0	0	0	0	0	0	0	0	0	0	0	1	0	0	0	5	0.1523999	25	0.0232257	0	0	0	0	0	0	0	0	0	0	1	0	0	0	0	0	0	0	8.99223
331	0	0	0	0	0	0	1	0	0	0	0	0	0	0	0	0	5	8	0.1092199	64	0.011929	0	0	0	0	0	0	0	0	0	0	0	0	0	0	0	1	0	0	9.303116
331	0	1	0	0	0	1	0	0	0	0	0	0	0	0	1	0	0	10	0.0761999	100	0.0058064	0	0	0	0	0	0	0	0	0	0	1	0	0	0	0	0	0	0	9.571068
331	0	0	0	0	0	0	0	0	0	0	0	0	0	0	0	0	4	8	0.0761999	64	0.0058064	0	0	0	0	0	0	0	0	0	0	0	0	0	0	1	0	0	0	9.809099
331	0	1	0	0	0	1	0	0	0	0	0	0	0	0	1	0	0	3	0	9	0	0	0	0	0	0	0	0	0	0	0	1	0	0	0	0	0	0	0	9.689184
331	1	0	0	0	0	1	0	0	0	0	0	0	0	1	1	0	0	5	0.1015999	25	0.0103225	0	0	0	0	0	0	0	0	0	0	1	0	0	0	0	0	0	0	9.494866
331	0	0	0	1	1	1	0	0	0	1	0	0	0	1	1	0	0	7	0	49	0	0	0	1.6002	0	0	0	0	0	0	0	0	0	0	0	0	0	0	0	9.288423
331	1	0	0	0	0	0	0	0	0	0	0	0	0	1	0	0	0	5	0.1015999	25	0.0103225	0	0	0	0	0	0	0	0	0	0	1	0	0	0	0	0	0	0	9.88063
331	0	0	0	0	1	0	0	0	0	1	0	0	0	1	0	0	0	6	0.127	36	0.016129	0	0	0	0	0	0	0	0	0	0	0	0	0	0	0	0	0	0	9.408338
331	0	1	0	0	0	0	1	0	0	0	0	0	0	0	0	0	0	9	0.1523999	81	0.0232257	0	0	0	0	0	0	0	0	0	0	1	0	0	0	0	0	0	0	8.980399
331	1	0	0	0	1	1	0	0	0	1	0	0	0	1	1	0	0	4	0.127	16	0.016129	0	0	0	0	0	0	0	0	0	0	0	0	0	0	0	0	0	0	9.002979
331	0	1	0	0	1	0	1	0	0	1	0	0	0	0	0	0	0	8	0.1015999	64	0.0103225	0	0	0	0	0	0	0	0	0	0	0	0	0	0	0	0	0	0	9.689184
332	1	0	0	0	0	0	0	0	0	0	0	0	0	0	1	-1	0	4	0.1016001	16	0.0103226	0	0	0	0	0	0	0	0	-1	0	0	0	0	1	0	0	0	0	8.938133
332	1	0	0	0	0	0	0	0	0	0	0	0	0	0	1	-1	0	1	0.2794	1	0.0780644	0	0	0	0	0	0	0	0	-1	0	0	0	0	1	0	0	0	0	8.557931
332	1	1	0	0	1	0	1	0	0	1	0	0	0	0	0	0	0	10	0.1524	100	0.0232258	0	0	0	0	0	0	0	0	0	1	0	0	0	0	0	0	0	0	9.208271
332	0	1	0	0	0	0	1	0	0	0	0	0	0	0	0	0	0	17	0.2032	289	0.0412902	0	0	0	0	0	0	0	0	0	1	0	0	0	0	0	0	0	0	9.395179
332	1	0	0	0	0	0	1	0	0	0	0	0	0	0	0	0	0	6	0.127	36	0.016129	0	0	0	0	0	0	0	0	0	0	0	0	0	0	1	0	0	0	8.883064
332	1	0	0	0	0	0	0	0	0	0	0	0	0	1	1	0	0	3	0.0762	9	0.0058064	0	0	0	0	0	0	0	1	0	0	0	0	0	0	1	0	0	0	9.357899
332	0	0	0	0	0	0	1	0	0	0	0	0	0	0	0	0	1	0	0.127	0	0.016129	0	0	0	0	0	0	0	0	1	0	0	0	0	0	0	1	0	0	9.2512
332	0	0	0	0	0	0	1	0	0	0	0	0	0	0	0	-4	0	6	0.1016001	36	0.0103226	0	0	0	0	0	0	0	0	-4	0	1	0	0	0	0	0	0	0	9.208271
333	0	1	0	0	1	0	1	0	0	1	0	0	0	0	0	0	0	2	0.2032	4	0.0412902	0	0	0	0	0	0	0	0	0	0	0	0	0	0	0	0	0	0	9.2512
333	1	1	0	0	0	0	1	0	0	0	0	0	0	0	0	0	0	8	0.1523999	64	0.0232257	0	0	0	0	0	0	0	0	0	0	1	0	0	0	0	0	0	0	9.809099
333	1	1	0	1	0	0	1	0	0	0	0	0	0	0	0	0	0	5	0	25	0	0	0	1.6002	0	0	0	0	0	0	0	0	0	0	0	0	0	0	0	10.07391
333	0	0	0	0	0	0	0	0	0	0	0	0	0	1	0	0	0	11	0	121	0	0	0	0	0	0	0	0	0	0	0	1	0	0	0	0	0	0	0	9.063573
333	1	1	0	0	1	0	1	0	0	1	0	0	0	0	0	0	0	7	0.127	49	0.016129	0	0	0	0	0	0	0	0	0	0	0	0	0	0	0	0	0	0	9.150013
333	0	1	0	0	0	0	1	0	0	0	0	0	0	0	0	0	0	8	0.2032	64	0.0412902	0	0	0	0	0	0	0	0	0	0	1	0	0	0	0	0	0	0	8.99223
333	1	1	0	0	0	0	0	0	0	0	0	0	0	0	0	0	0	6	0.2158999	36	0.0466128	0	0	0	0	0	0	0	0	0	0	0	0	0	0	0	0	0	0	9.627449
333	1	1	0	0	1	1	0	0	0	1	0	0	0	0	1	0	0	5	0.0761999	25	0.0058064	0	0	0	0	0	0	0	0	0	0	0	0	0	0	0	0	0	0	9.208271
333	0	0	0	0	0	1	0	0	0	0	0	0	0	0	1	0	5	14	0.0253999	196	0.0006452	0	0	0	0	0	0	0	0	0	0	0	0	0	0	0	1	0	0	9.348535
333	0	0	0	0	1	0	0	0	0	1	0	0	0	1	0	0	0	4	0.0253999	16	0.0006452	0	0	0	0	0	0	0	0	0	0	0	0	0	0	0	0	0	0	8.771515
333	0	0	0	0	0	0	0	0	0	0	0	0	0	1	0	0	0	12	0.0889	144	0.0079032	0	0	0	0	0	0	0	0	0	0	1	0	0	0	0	0	0	0	8.938133
333	0	0	0	0	0	1	0	0	0	0	0	0	0	1	1	0	0	10	0.0634999	100	0.0040322	0	0	0	0	0	0	0	0	0	0	1	0	0	0	0	0	0	0	9.069401
333	0	1	1	1	0	1	0	0	0	0	0	0	0	0	1	0	0	0	0	0	0	26	0	1.6002	0	0	0	0	0	0	0	0	0	0	0	0	0	0	0	9.053135
333	0	1	1	1	0	0	0	0	0	0	0	0	0	0	0	0	0	0	0	0	0	26	0	1.6002	0	0	0	0	0	0	0	0	0	0	0	0	0	0	0	8.923898
335	0	0	0	0	0	0	0	0	0	0	0	0	0	0	1	0	2	6	0.0634999	36	0.0040322	0	0	0	0	0	0	0	0	2	0	1	0	0	1	0	0	0	0	9.838327
335	1	0	0	0	0	0	0	0	0	0	0	0	0	0	1	0	2	6	0.1777999	36	0.0316128	0	0	0	0	0	0	0	0	2	0	1	0	0	1	0	0	0	0	9.571068
336	0	1	0	0	0	0	1	0	0	0	1	0	0	0	0	0	0	10	0.1015999	100	0.0103225	0	0	0	0	0	0	0	0	0	1	0	0	0	0	0	0	0	0	9.321049
336	1	1	0	0	0	0	1	0	0	0	1	0	0	0	0	0	0	5	0.1015999	25	0.0103225	0	0	0	0	0	0	0	0	0	1	0	0	0	0	0	0	0	0	9.539362
336	1	1	0	0	0	0	0	0	0	0	0	0	0	0	0	0	0	3	0.0253999	9	0.0006452	0	0	0	0	0	0	0	0	0	1	0	0	0	0	0	0	0	0	9.208271
336	0	0	0	0	0	0	1	0	0	0	1	0	0	0	0	0	2	6	0.0253999	36	0.0006452	0	0	0	0	0	0	0	0	2	0	0	0	0	0	1	0	0	0	9.321049
336	1	1	0	1	0	0	1	0	1	0	1	0	0	0	0	0	0	5	0	25	0	0	0	1.6002	0	0	0	0	0	0	1	1	0	0	0	0	0	0	0	9.617123
336	1	1	0	1	0	0	1	0	0	0	1	0	0	0	0	0	0	4	0	16	0	0	0	1.6002	0	0	0	0	0	0	1	0	0	0	0	0	0	0	0	9.395179
336	0	1	0	0	0	0	0	0	0	0	0	0	0	0	0	0	0	10	0.0761999	100	0.0058064	0	0	0	0	0	0	0	0	0	1	0	0	0	0	0	0	0	0	8.99223
337	1	0	0	1	0	0	1	0	0	0	1	0	0	0	0	-5	0	5	0	25	0	0	0	1.5748	0	0	0	0	0	0	0	0	0	1	0	0	0	0	0	9.440964
337	1	0	0	0	0	1	0	0	1	0	0	0	0	0	0	-5	0	7	0.1015999	49	0.0103225	0	0	0	0	0	0	0	0	0	0	1	0	1	0	0	0	0	0	9.438108
337	0	0	0	1	0	0	0	0	0	0	0	0	0	0	0	0	0	7	0	49	0	0	0	1.5748	0	0	0	0	0	0	0	0	0	0	0	0	0	0	1	9.550129
337	1	0	0	0	0	1	0	0	1	0	0	0	0	0	0	-2	0	5	0.0762	25	0.0058064	0	0	0	0	0	0	0	0	0	0	1	0	0	0	0	1	0	0	9.809099
337	0	0	0	0	0	0	0	0	1	0	0	0	0	0	0	-7	0	8	0.1015999	64	0.0103225	0	0	0	0	0	0	0	0	0	0	1	0	0	0	0	0	0	0	9.348535
337	0	0	0	0	1	0	0	0	0	0	0	0	0	0	0	-4	0	3	0.1015999	9	0.0103225	0	0	0	0	0	0	0	0	0	0	0	0	0	1	0	0	0	0	9.328186
337	1	0	0	0	0	1	0	0	1	0	0	0	0	0	0	-5	0	6	0.0762	36	0.0058064	0	0	0	0	0	0	0	0	0	0	1	0	1	0	0	0	0	0	9.848722
337	0	1	0	0	0	0	1	0	0	0	1	0	0	0	0	0	0	5	0.2286	25	0.052258	0	0	0	0	0	0	0	0	0	0	0	0	0	0	0	0	0	0	9.28998
337	0	0	0	0	0	0	0	0	1	0	0	0	0	0	0	-2	0	11	0.0762	121	0.0058064	0	0	0	0	0	0	0	0	0	0	1	0	0	0	0	1	0	0	9.328371
337	1	1	0	0	1	0	1	0	0	0	1	0	0	0	0	0	0	5	0.1524	25	0.0232258	0	0	0	0	0	0	0	0	0	0	0	0	0	0	0	0	0	0	9.848722
337	0	1	1	1	0	0	1	0	0	0	1	0	0	0	0	0	0	0	0	0	0	27	0	1.5748	0	0	0	0	0	0	0	0	0	0	0	0	0	0	0	9.208271
337	0	0	0	0	0	0	0	0	1	0	0	0	0	0	0	0	0	10	0.1015999	100	0.0103225	0	0	0	0	0	0	0	0	0	0	1	0	0	0	0	0	0	1	9.208455
337	0	1	0	0	1	0	0	0	0	0	0	0	0	0	0	0	0	13	0.127	169	0.016129	0	0	0	0	0	0	0	0	0	0	0	0	0	0	0	0	0	0	9.127307
337	0	1	1	1	1	0	1	0	0	0	1	0	0	0	0	0	0	0	0	0	0	27	0	1.5748	0	0	0	0	0	0	0	0	0	0	0	0	0	0	0	9.208271
337	0	0	0	0	0	1	0	0	0	0	0	0	0	0	0	-4	0	7	0.1015999	49	0.0103225	0	0	0	0	0	0	0	0	0	0	0	0	0	1	0	0	0	0	9.371115
338	1	0	0	0	0	0	0	0	0	0	0	0	0	0	1	0	0	2	0.1524	4	0.0232258	0	0	0	0	0	0	0	0	0	0	0	0	0	0	1	0	0	0	9.989575
338	0	0	0	0	0	0	1	0	0	0	0	0	0	1	0	0	0	10	0.0762	100	0.0058064	0	0	0	0	0	0	0	1	0	0	1	0	0	0	1	0	0	0	9.571068
338	1	0	0	0	0	1	0	0	0	0	0	0	0	0	0	0	0	5	0.1777999	25	0.0316128	0	0	0	0	0	0	0	0	0	0	0	0	0	0	1	0	0	0	9.771483
338	1	1	0	1	0	0	0	0	0	0	0	0	0	0	1	0	0	4	0	16	0	0	0	1.5748	0	0	0	0	0	0	1	1	0	0	0	0	0	0	0	9.451937
338	1	0	0	0	0	0	0	0	0	0	0	0	0	1	1	0	0	5	0.2032	25	0.0412902	0	0	0	0	0	0	0	1	0	0	1	0	0	0	1	0	0	0	9.2512
338	0	0	0	0	0	0	1	0	0	0	0	0	0	0	0	0	3	4	0.127	16	0.016129	0	0	0	0	0	0	0	0	3	0	0	0	0	0	0	0	0	1	8.883064
338	0	1	0	0	0	0	0	0	0	0	0	0	0	0	1	0	0	7	0.127	49	0.016129	0	0	0	0	0	0	0	0	0	1	1	0	0	0	0	0	0	0	9.809099
338	0	1	0	0	0	0	1	0	0	0	0	0	0	0	0	0	0	6	0.1015999	36	0.0103225	0	0	0	0	0	0	0	0	0	1	0	0	0	0	0	0	0	0	8.825611
338	0	1	0	0	0	1	0	0	0	0	0	0	0	0	0	0	0	5	0.1015999	25	0.0103225	0	0	0	0	0	0	0	0	0	1	0	0	0	0	0	0	0	0	9.705568
338	0	1	0	0	0	1	0	0	0	0	0	0	0	0	0	0	0	6	0.1015999	36	0.0103225	0	0	0	0	0	0	0	0	0	1	1	0	0	0	0	0	0	0	9.089539
338	0	1	0	1	0	0	1	0	0	0	0	0	0	0	0	0	0	2	0	4	0	0	0	1.5748	0	0	0	0	0	0	1	0	0	0	0	0	0	0	0	9.101377
338	0	1	0	0	0	0	0	0	0	0	0	0	0	0	1	0	0	4	0.127	16	0.016129	0	0	0	0	0	0	0	0	0	1	0	0	0	0	0	0	0	0	8.99223
338	0	0	0	0	0	0	1	0	0	0	0	0	0	0	0	0	3	7	0.0762	49	0.0058064	0	0	0	0	0	0	0	0	3	0	0	0	0	0	0	0	0	1	9.532089
338	0	1	0	0	0	0	1	0	0	0	0	0	0	0	0	0	0	3	0.0762	9	0.0058064	0	0	0	0	0	0	0	0	0	1	0	0	0	0	0	0	0	0	9.49507
338	1	1	0	0	0	0	1	0	0	0	0	0	0	0	0	0	0	6	0.127	36	0.016129	0	0	0	0	0	0	0	0	0	1	1	0	0	0	0	0	0	0	10.07391
339	1	0	0	0	0	0	1	0	0	0	0	0	0	1	0	0	0	3	0.1778001	9	0.0316129	0	0	0	0	0	0	0	0	0	0	0	1	0	0	0	0	0	0	9.814734
339	0	0	0	0	0	0	0	0	0	0	0	0	0	0	1	0	2	7	0.0508001	49	0.0025806	0	0	0	0	0	0	0	0	0	0	1	0	0	1	0	0	0	0	9.2512
339	0	0	0	0	0	0	0	0	0	0	0	0	0	1	1	0	0	8	0.0254	64	0.0006452	0	0	0	0	0	0	0	0	0	0	0	1	0	0	0	0	0	0	9.321049
339	0	0	0	0	0	1	0	0	0	0	0	0	0	0	0	0	2	4	0.1016001	16	0.0103226	0	0	0	0	0	0	0	0	0	0	1	0	0	1	0	0	0	0	9.848722
339	1	0	0	0	0	0	1	0	0	0	0	0	0	1	0	0	0	4	0.1016001	16	0.0103226	0	0	0	0	0	0	0	0	0	0	1	1	0	0	0	0	0	0	9.440964
339	1	0	0	1	0	0	0	0	0	0	0	0	0	1	1	0	0	1	0	1	0	0	0	1.6764	0	0	0	0	0	0	0	1	1	0	0	0	0	0	0	9.933055
339	0	0	0	0	0	0	0	0	0	0	0	0	0	1	1	0	0	1	0.0254	1	0.0006452	0	0	0	0	0	0	0	0	0	0	1	1	0	0	0	0	0	0	8.99223
339	0	0	0	0	0	0	0	0	0	0	0	0	0	0	1	0	2	4	0.0254	16	0.0006452	0	0	0	0	0	0	0	0	0	0	0	0	0	1	0	0	0	0	9.93285
339	0	0	0	0	0	0	0	0	0	0	0	0	0	0	1	0	2	2	0	4	0	0	0	0	0	0	0	0	0	0	0	1	0	0	1	0	0	0	0	9.494866
339	0	0	0	0	0	0	0	0	0	0	0	0	0	1	1	0	0	6	-0.0253999	36	0.0006452	0	0	0	0	0	0	0	0	0	0	1	1	0	0	0	0	0	0	8.716446
339	0	1	0	0	0	1	0	0	0	0	0	0	0	0	0	0	0	7	0.0508001	49	0.0025806	0	0	0	0	0	0	0	0	0	0	0	0	0	0	0	0	0	0	9.112145
339	0	0	0	0	0	0	0	0	0	0	0	0	0	0	1	0	2	3	0.0254	9	0.0006452	0	0	0	0	0	0	0	0	0	0	0	0	0	1	0	0	0	0	9.830038
339	0	0	0	0	0	0	0	0	0	0	0	0	0	1	1	0	0	7	-0.0253999	49	0.0006452	0	0	0	0	0	0	0	0	0	0	1	1	0	0	0	0	0	0	9.848722
340	0	0	0	0	0	0	0	0	0	0	0	0	0	1	0	0	0	5	0.1015999	25	0.0103225	0	0	0	0	0	0	0	0	0	0	1	0	0	0	0	0	0	0	9.2512
340	0	0	0	0	0	0	1	0	0	0	1	0	0	1	0	0	0	8	0.0762	64	0.0058064	0	0	0	0	0	0	0	0	0	0	1	0	0	0	0	0	0	0	9.88063
340	0	0	0	0	0	1	0	0	0	0	0	0	0	1	0	0	0	8	0.2032	64	0.0412902	0	0	0	0	0	0	0	0	0	0	1	0	0	0	0	0	0	0	9.440964
340	0	0	0	0	0	0	0	0	0	0	0	0	0	1	0	0	0	4	0.0762	16	0.0058064	0	0	0	0	0	0	0	0	0	0	1	0	0	0	0	0	0	0	9.307697
340	1	1	0	0	0	1	0	0	0	0	0	0	0	0	0	0	0	7	0.1777999	49	0.0316128	0	0	0	0	0	0	0	0	0	0	0	0	0	0	0	0	0	0	9.101377
340	0	0	0	0	0	0	0	0	0	0	0	0	0	1	0	0	0	4	0.0508	16	0.0025806	0	0	0	0	0	0	0	0	0	0	1	0	0	0	0	0	0	0	9.848722
340	1	0	0	0	0	0	1	0	0	0	1	0	0	1	0	0	0	3	0.127	9	0.016129	0	0	0	0	0	0	0	0	0	0	0	0	0	0	0	0	0	0	9.814734
340	1	0	0	0	0	1	0	0	0	0	0	0	0	1	0	0	0	4	0.2286	16	0.052258	0	0	0	0	0	0	0	0	0	0	0	0	0	0	0	0	0	0	9.93285
340	0	0	0	0	0	0	0	0	0	0	0	0	0	1	0	0	0	8	0.127	64	0.016129	0	0	0	0	0	0	0	0	0	0	1	0	0	0	0	0	0	0	8.99223
340	0	0	0	0	0	1	0	0	0	0	0	0	0	1	0	0	0	10	0.1524	100	0.0232258	0	0	0	0	0	0	0	0	0	0	0	0	0	0	0	0	0	0	9.371115
340	1	0	0	0	0	0	0	0	0	0	0	0	0	0	0	0	4	5	0.0652	25	0.004251	0	0	0	0	0	0	0	0	0	0	0	0	0	0	1	0	0	0	9.830038
340	0	0	0	0	0	1	0	0	0	0	0	0	0	1	0	0	0	3	-0.0254	9	0.0006452	0	0	0	0	0	0	0	0	0	0	0	0	0	0	0	0	0	0	9.260187
340	1	1	0	1	0	0	1	0	0	0	1	0	0	0	0	0	0	2	0	4	0	0	0	1.5748	0	0	0	0	0	0	0	0	0	0	0	0	0	0	0	10.0737
340	0	0	0	0	0	0	1	0	0	0	1	0	0	1	0	0	0	2	0.2032	4	0.0412902	0	0	0	0	0	0	0	0	0	0	1	0	0	0	0	0	0	0	9.101377
340	0	0	0	0	0	0	1	0	0	0	1	0	0	1	0	0	0	8	0.1524	64	0.0232258	0	0	0	0	0	0	0	0	0	0	0	0	0	0	0	0	0	0	9.044147
343	0	0	0	1	0	0	0	0	0	0	0	0	0	1	1	0	0	6	0	36	0	0	0	1.6256	0	0	0	0	0	0	0	0	0	0	0	0	0	0	0	9.371115
343	0	1	0	0	0	0	1	0	0	0	0	0	0	0	0	0	0	8	0.0127	64	0.0001613	0	0	0	0	0	0	0	0	0	0	1	0	0	0	0	0	0	0	9.876092
343	0	0	0	0	0	0	0	0	0	0	0	0	0	1	1	0	0	6	0.1524	36	0.0232258	0	0	0	0	0	0	0	0	0	0	1	0	0	0	0	0	0	0	9.101377
343	0	1	0	0	1	0	1	0	0	1	0	0	0	0	0	0	0	5	0.1016001	25	0.0103226	0	0	0	0	0	0	0	0	0	0	0	0	0	0	0	0	0	0	9.2512
343	1	1	0	0	0	0	0	0	0	0	0	0	0	0	1	0	0	7	0.2032	49	0.0412902	0	0	0	0	0	0	0	0	0	0	0	0	0	0	0	0	0	0	9.458821
343	0	1	0	0	0	1	0	0	0	0	0	0	0	0	0	0	0	10	0.0508	100	0.0025806	0	0	0	0	0	0	0	0	0	0	1	0	0	0	0	0	0	0	9.098928
343	0	1	1	0	1	0	0	0	0	1	0	0	0	0	1	0	0	0	0.1016001	0	0.0103226	25	0	0	0	0	0	0	0	0	0	0	0	0	0	0	0	0	0	8.99223
343	1	1	0	0	0	0	0	0	0	0	0	0	0	0	1	0	0	7	0.0762	49	0.0058064	0	0	0	0	0	0	0	0	0	0	1	0	0	0	0	0	0	0	9.830038
343	1	1	0	0	0	0	1	0	0	0	0	0	0	0	0	0	0	7	0.0762	49	0.0058064	0	0	0	0	0	0	0	0	0	0	1	0	0	0	0	0	0	0	9.989575
343	1	1	0	0	1	0	1	0	0	1	0	0	0	0	0	0	0	5	0.1016001	25	0.0103226	0	0	0	0	0	0	0	0	0	0	0	0	0	0	0	0	0	0	9.440964
343	0	0	0	0	0	0	0	0	0	0	0	0	0	0	1	0	4	8	0.1016001	64	0.0103226	0	0	0	0	0	0	0	0	0	0	1	0	0	0	1	0	0	0	9.127307
343	0	0	0	0	0	1	0	0	0	0	0	0	0	1	0	0	0	8	0.1778001	64	0.0316129	0	0	0	0	0	0	0	0	0	0	1	0	0	0	0	0	0	0	9.2512
343	0	0	0	1	0	0	1	0	0	0	0	0	0	1	0	0	0	7	0	49	0	0	0	1.6256	0	0	0	0	0	0	0	1	0	0	0	0	0	0	0	9.089564
343	1	0	0	0	1	0	1	0	0	1	0	0	0	1	0	0	0	5	0.2540001	25	0.064516	0	0	0	0	0	0	0	0	0	0	0	0	0	0	0	0	0	0	9.041653
343	0	0	0	0	1	0	1	0	0	1	0	0	0	0	0	0	1	9	0.127	81	0.016129	0	0	0	0	0	0	0	0	0	0	0	1	0	0	0	0	0	0	9.126731
347	0	0	0	0	1	0	0	0	0	1	0	0	0	0	1	0	2	10	0.0635	100	0.0040323	0	0	0	0	0	0	0	0	0	0	0	0	0	0	0	0	0	1	9.002979
347	0	0	0	0	0	0	0	0	0	0	0	0	0	0	1	-1	0	7	0.0889	49	0.0079032	0	0	0	0	0	0	0	0	0	0	0	0	0	0	1	0	0	0	9.044147
347	0	0	0	0	0	0	0	0	0	0	0	0	0	0	1	-2	0	9	0.2159001	81	0.0466128	0	0	0	0	0	0	0	0	0	0	0	0	0	1	0	0	0	0	9.216447
347	1	0	0	1	0	0	0	0	0	0	0	0	0	0	1	0	0	12	0	144	0	0	0	1.5875	0	0	0	0	0	0	0	0	0	0	0	0	1	0	0	9.438108
347	1	0	0	0	0	0	1	0	0	0	0	0	0	0	0	-2	0	6	0.1143	36	0.0130645	0	0	0	0	0	0	0	0	0	0	0	0	0	1	0	0	0	0	9.321049
347	0	0	0	0	0	0	0	0	0	0	0	0	0	0	1	0	2	6	0.0127001	36	0.0001613	0	0	0	0	0	0	0	0	0	0	0	0	0	0	0	0	0	1	9.949953
347	0	1	0	0	0	1	0	0	0	0	0	0	0	0	0	0	0	7	0.0635	49	0.0040323	0	0	0	0	0	0	0	0	0	0	1	0	0	0	0	0	0	0	9.2512
347	0	0	0	0	0	0	0	0	0	0	0	0	0	0	1	0	2	7	0.1651	49	0.027258	0	0	0	0	0	0	0	0	0	0	0	0	0	0	0	0	0	1	9.089781
347	0	0	1	0	0	0	1	0	0	0	0	0	0	0	0	-1	0	0	0.1651	0	0.027258	25	0	0	0	0	0	0	0	0	0	0	0	0	0	1	0	0	0	9.440964
347	1	0	0	0	0	1	0	0	0	0	0	0	0	0	0	-1	0	6	0.1143	36	0.0130645	0	0	0	0	0	0	0	0	0	0	0	0	0	0	1	0	0	0	8.93498
347	0	0	0	0	1	1	0	0	0	1	0	0	0	0	0	-2	0	12	0.1143	144	0.0130645	0	0	0	0	0	0	0	0	0	0	0	0	0	1	0	0	0	0	9.2512
347	1	0	0	0	1	0	1	0	0	1	0	0	0	0	0	-3	0	4	0.1397001	16	0.0195161	0	0	0	0	0	0	0	0	0	0	0	0	1	0	0	0	0	0	9.440964
347	1	0	0	0	0	1	0	0	0	0	0	0	0	1	0	0	0	9	0.0889	81	0.0079032	0	0	0	0	0	0	0	0	0	0	0	0	0	0	0	1	0	0	9.112145
347	0	1	0	0	0	1	0	0	0	0	0	0	0	0	0	0	0	5	0.0508	25	0.0025806	0	0	0	0	0	0	0	0	0	0	0	0	0	0	0	0	0	0	9.680216
347	0	1	0	1	0	1	0	0	0	0	0	0	0	0	0	0	0	8	0	64	0	0	0	1.5875	0	0	0	0	0	0	0	0	0	0	0	0	0	0	0	9.2019
352	1	1	1	1	0	0	1	0	0	0	1	0	0	0	0	0	0	0	0	0	0	23	0	1.6002	0	0	0	1	0	0	0	0	0	0	0	0	0	0	0	9.876092
352	1	1	1	0	0	0	1	0	0	0	1	0	0	0	0	0	0	0	0.2285999	0	0.0522579	23	0	0	0	0	0	1	0	0	0	1	0	0	0	0	0	0	0	9.328186
352	0	1	0	0	0	0	1	0	0	0	1	0	0	0	0	0	0	5	0	25	0	0	0	0	0	0	0	1	0	0	0	1	0	0	0	0	0	0	0	9.084581
352	0	0	0	0	0	0	0	0	0	0	0	0	0	1	0	0	0	13	0	169	0	0	0	0	0	1	0	0	0	0	0	0	0	0	0	0	0	0	1	8.883064
352	0	0	0	0	0	0	0	0	0	0	0	0	0	1	0	0	0	7	0.0761999	49	0.0058064	0	0	0	0	1	0	0	0	0	0	0	0	0	0	0	0	0	1	8.989762
353	1	0	0	0	0	0	0	0	0	0	0	0	0	1	0	0	0	9	0.0762	81	0.0058064	0	0	0	0	0	0	0	0	0	0	1	0	0	1	0	0	0	0	9.876092
353	0	0	0	0	0	1	0	0	0	0	0	0	0	0	0	0	2	4	0	16	0	0	0	0	0	0	0	0	0	0	0	1	0	0	0	0	1	0	0	9.809099
353	0	0	0	0	0	1	0	0	0	0	0	0	0	0	0	0	2	2	0.1016001	4	0.0103226	0	0	0	0	0	0	0	0	0	0	0	0	0	0	0	1	0	0	9.949953
353	0	0	0	0	0	0	0	0	0	0	0	0	0	1	0	0	0	4	0.0381	16	0.0014516	0	0	0	0	0	0	0	0	0	0	1	0	0	1	0	0	0	0	9.989575
353	0	1	0	0	0	0	0	0	0	0	0	0	0	0	0	0	0	9	0.2286	81	0.052258	0	0	0	0	0	0	0	0	0	0	0	0	0	0	0	0	0	0	9.809099
353	1	0	0	0	0	0	0	0	0	0	0	0	0	1	0	0	0	3	0.0508001	9	0.0025806	0	0	0	0	0	0	0	0	0	0	1	0	0	1	0	0	0	0	9.848722
353	1	1	0	0	0	0	1	0	0	0	1	0	0	0	0	0	0	6	0.0635	36	0.0040323	0	0	0	0	0	0	0	0	0	0	1	0	0	0	0	0	0	0	9.395179
353	0	0	0	0	0	1	0	0	0	0	0	0	0	0	0	-3	0	6	0.0508001	36	0.0025806	0	0	0	0	0	0	0	0	0	0	1	0	0	0	0	0	0	0	10.01695
353	0	0	0	0	0	0	0	0	0	0	0	0	0	1	0	0	0	6	0.0762	36	0.0058064	0	0	0	0	0	0	0	0	0	0	1	0	0	1	0	0	0	0	10.07391
353	1	1	1	1	1	0	1	0	0	1	1	0	0	0	0	0	0	0	0	0	0	27	0	1.6764	0	0	0	0	0	0	0	0	0	0	0	0	0	0	0	9.438108
353	1	0	0	0	0	0	0	0	0	0	0	0	0	1	0	0	0	3	0.2032001	9	0.0412903	0	0	0	0	0	0	0	0	0	0	1	0	0	1	0	0	0	0	10.01695
353	0	0	0	1	0	1	0	0	0	0	0	0	0	1	0	0	0	2	0	4	0	0	0	1.6764	0	0	0	0	0	0	0	0	0	0	1	0	0	0	0	9.93285
354	1	0	0	0	0	0	0	0	0	0	0	0	0	0	1	0	1	5	0.1524	25	0.0232258	0	0	0	0	0	0	0	0	0	0	1	0	0	0	1	0	0	0	8.938133
354	0	0	0	0	0	0	0	0	0	0	0	0	0	0	1	0	2	10	0.2286	100	0.052258	0	0	0	0	0	0	0	0	0	0	1	0	0	0	0	1	0	0	9.2512
354	1	0	0	0	0	0	0	0	0	0	0	0	0	1	1	0	0	9	0.0508	81	0.0025806	0	0	0	0	0	0	0	0	0	0	0	0	0	1	0	0	0	0	9.084581
354	1	1	0	0	0	0	0	0	0	0	0	0	0	0	1	0	0	7	0.1524	49	0.0232258	0	0	0	0	0	0	0	0	0	0	1	0	0	0	0	0	0	0	8.99223
354	0	0	0	0	0	0	1	0	0	0	0	0	0	1	0	0	0	10	0.127	100	0.016129	0	0	0	0	0	0	0	0	0	0	0	0	0	1	0	0	0	0	8.99223
354	1	0	0	0	0	0	0	0	0	0	0	0	0	1	1	0	0	7	0.127	49	0.016129	0	0	0	0	0	0	0	0	0	0	1	0	0	1	0	0	0	0	8.771515
354	1	0	0	0	0	0	0	0	0	0	0	0	0	1	1	0	0	6	0.2286	36	0.052258	0	0	0	0	0	0	0	0	0	0	1	0	0	1	0	0	0	0	9.112145
354	0	1	1	0	1	0	1	0	0	1	0	0	0	0	0	0	0	0	0.127	0	0.016129	30	0	0	0	0	0	0	0	0	0	0	0	0	0	0	0	0	0	9.288423
355	0	0	0	0	1	0	0	0	0	1	0	0	0	1	1	0	0	9	0.1523999	81	0.0232257	0	0	0	0	0	0	0	0	0	0	0	0	0	1	0	0	0	0	9.617123
355	1	0	0	0	0	0	0	0	0	0	0	0	0	0	1	-2	0	3	0.1777999	9	0.0316128	0	0	0	0	0	0	0	0	0	0	1	1	0	0	0	0	0	0	8.99223
355	1	0	0	0	0	0	0	0	0	0	0	0	0	1	1	0	0	6	0.1777999	36	0.0316128	0	0	0	0	0	0	0	0	0	0	1	0	0	1	0	0	0	0	9.876092
355	0	0	0	0	0	0	0	0	0	0	0	0	0	1	1	0	0	8	0.1523999	64	0.0232257	0	0	0	0	0	0	0	0	0	0	0	0	0	1	0	0	0	0	9.107232
355	0	0	0	0	0	0	1	0	0	0	0	0	0	0	0	-3	0	2	0.2539999	4	0.064516	0	0	0	0	0	0	0	0	0	0	0	0	0	0	0	0	0	0	8.716446
355	0	0	0	0	0	1	0	0	0	0	0	0	0	1	0	0	0	13	0.1523999	169	0.0232257	0	0	0	0	0	0	0	0	0	0	1	0	0	1	0	0	0	0	9.397571
355	0	0	0	0	0	0	0	0	0	0	0	0	0	1	1	0	0	6	0.3302	36	0.109032	0	0	0	0	0	0	0	0	0	0	1	0	0	1	0	0	0	0	9.2512
355	0	1	0	0	0	0	1	0	0	0	0	0	0	0	0	0	0	-1	0.0762	1	0.0058064	0	0	0	0	0	0	0	0	0	0	1	0	0	0	0	0	0	0	8.858617
355	1	0	0	0	0	0	0	0	0	0	0	0	0	1	1	0	0	8	0.127	64	0.016129	0	0	0	0	0	0	0	0	0	0	1	0	0	1	0	0	0	0	8.99223
356	0	1	0	0	0	0	0	0	0	0	0	0	0	0	1	0	0	8	0.0254	64	0.0006452	0	0	0	0	0	0	0	0	0	0	0	0	0	0	0	0	0	0	8.557931
356	1	0	0	0	0	0	0	0	0	0	0	0	0	1	1	0	0	9	0.0762	81	0.0058064	0	0	0	0	0	0	0	0	0	0	0	0	0	1	0	0	0	0	8.540193
356	0	0	0	0	0	0	1	0	0	0	0	0	0	0	0	0	1	6	0.127	36	0.016129	0	0	0	0	0	0	0	0	0	0	0	0	0	0	1	0	0	0	8.557931
356	1	1	0	0	0	0	0	0	0	0	0	0	0	0	1	0	0	5	0.1524	25	0.0232258	0	0	0	0	0	0	0	0	0	0	1	0	0	0	0	0	0	0	8.938133
356	0	0	1	1	0	1	0	0	0	0	0	0	0	1	0	0	0	0	0	0	0	27	0	1.5748	0	0	0	0	0	0	0	0	0	0	1	0	0	0	0	8.883064
356	1	0	0	1	0	0	0	0	0	0	0	0	0	1	1	0	0	5	0	25	0	0	0	1.5748	0	0	0	0	0	0	0	1	0	0	1	0	0	0	0	8.771515
359	1	0	0	1	0	0	0	0	0	0	0	0	0	0	1	0	3	5	0	25	0	0	0	1.524	0	0	3	0	0	0	0	0	0	0	1	0	0	0	0	9.26279
359	0	1	1	1	0	0	1	0	0	0	0	0	0	0	0	0	0	0	0	0	0	37	0	1.524	0	0	0	1	0	0	0	1	0	0	0	0	0	0	0	9.208271
359	1	1	0	0	0	0	1	0	0	0	0	0	0	0	0	0	0	-4	0.2539999	16	0.064516	0	0	0	0	0	0	1	0	0	0	0	0	0	0	0	0	0	0	9.208271
359	0	0	1	0	0	0	1	0	0	0	0	0	0	1	0	0	0	0	0.1777999	0	0.0316128	37	0	0	0	1	0	0	0	0	0	0	0	0	0	0	0	0	0	9.208271
359	0	0	0	0	0	0	1	0	0	0	0	0	0	1	0	0	0	7	0.1777999	49	0.0316128	0	0	0	0	1	0	0	0	0	0	1	0	0	0	0	0	0	0	9.208271
359	0	1	0	0	0	0	1	0	0	0	0	0	0	0	0	0	0	1	0.3047999	1	0.092903	0	0	0	0	0	0	1	0	0	0	0	0	0	0	0	0	0	0	9.150013
359	0	1	1	1	0	0	1	0	0	0	0	0	0	0	0	0	0	0	0	0	0	37	0	1.524	0	0	0	1	0	0	0	0	0	0	0	0	0	0	0	9.208271
359	0	1	0	1	0	0	1	0	0	0	0	0	0	0	0	0	0	3	0	9	0	0	0	1.524	0	0	0	1	0	0	0	0	0	0	0	0	0	0	0	9.2512
359	0	0	0	1	0	0	1	0	0	0	0	0	0	1	0	0	0	9	0	81	0	0	0	1.524	0	1	0	0	0	0	0	1	0	0	0	0	0	0	0	9.2512
359	0	0	0	0	0	0	1	0	0	0	0	0	0	1	0	0	0	3	0.1777999	9	0.0316128	0	0	0	0	1	0	0	0	0	0	0	0	0	0	0	0	0	0	9.440964
359	0	1	1	1	0	0	1	0	0	0	0	0	0	0	0	0	0	0	0	0	0	37	0	1.524	0	0	0	1	0	0	0	0	0	0	0	0	0	0	0	9.041653
359	0	0	0	0	0	0	1	0	0	0	0	0	0	1	0	0	0	-2	0.2666999	4	0.0711288	0	0	0	0	1	0	0	0	0	0	0	0	0	0	0	0	0	0	9.30331
359	1	1	0	1	0	0	1	0	0	0	0	0	0	0	0	0	0	5	0	25	0	0	0	1.524	0	0	0	1	0	0	0	1	0	0	0	0	0	0	0	8.99223
359	1	1	0	0	0	0	1	0	0	0	0	0	0	0	0	0	0	2	0.127	4	0.016129	0	0	0	0	0	0	1	0	0	0	1	0	0	0	0	0	0	0	8.99223
359	1	1	0	0	0	0	1	0	1	0	0	0	0	0	0	0	0	-2	0.1396999	4	0.0195161	0	0	0	0	0	0	1	0	0	0	0	0	0	0	0	0	0	0	9.440964
361	0	1	0	0	0	0	0	0	0	0	0	0	0	0	1	0	0	8	0.1777999	64	0.0316128	0	0	0	0	0	0	0	0	0	0	1	0	0	0	0	0	0	0	9.101377
361	1	0	0	0	0	1	0	0	0	0	0	0	0	0	0	0	4	8	0.0889	64	0.0079032	0	0	0	0	0	0	0	0	0	0	0	0	0	0	1	0	0	0	9.2512
361	0	0	0	1	1	0	1	0	0	1	0	0	0	1	0	0	0	10	0	100	0	0	0	1.6002	0	0	0	0	0	0	0	0	0	0	0	0	0	0	0	9.208271
361	0	0	0	0	0	1	0	0	0	0	0	0	0	1	0	0	0	14	0.127	196	0.016129	0	0	0	0	0	0	0	0	0	0	0	0	0	0	0	0	0	0	8.771515
361	0	0	0	0	0	1	0	0	0	0	0	0	0	0	0	0	3	5	0.1015999	25	0.0103225	0	0	0	0	0	0	0	0	0	0	0	0	0	1	0	0	0	0	8.931762
361	0	0	0	0	0	0	0	0	0	0	0	0	0	0	1	0	3	13	0.127	169	0.016129	0	0	0	0	0	0	0	0	0	0	1	0	0	1	0	0	0	0	8.938133
361	0	0	0	0	1	0	0	0	0	1	0	0	0	0	1	0	3	6	0.1523999	36	0.0232257	0	0	0	0	0	0	0	0	0	0	0	0	0	1	0	0	0	0	9.2512
361	0	1	0	0	0	0	0	0	0	0	0	0	0	0	1	0	0	8	0.0508	64	0.0025806	0	0	0	0	0	0	0	0	0	0	0	0	0	0	0	0	0	0	8.883064
361	1	0	0	0	0	1	0	0	0	0	0	0	0	1	0	0	0	5	0.127	25	0.016129	0	0	0	0	0	0	0	0	0	0	1	0	0	0	0	0	0	0	9.876092
361	0	0	0	0	1	0	1	0	0	1	0	0	0	1	0	0	0	12	0.1523999	144	0.0232257	0	0	0	0	0	0	0	0	0	0	0	0	0	0	0	0	0	0	9.571068
361	1	0	0	1	0	0	1	0	0	0	0	0	0	0	0	0	5	4	0	16	0	0	0	1.6002	0	0	0	0	0	0	0	0	0	0	0	0	1	0	0	9.689184
362	1	0	0	0	0	0	0	0	0	0	0	0	0	1	1	0	0	5	0	25	0	0	0	0	0	0	0	0	0	0	0	1	0	0	1	0	0	0	0	9.2512
362	0	0	0	0	0	0	0	0	0	0	0	0	0	1	1	0	0	3	0.127	9	0.016129	0	0	0	0	0	0	0	0	0	0	1	0	0	1	0	0	0	0	9.314216
362	0	0	0	0	0	0	0	0	0	0	0	0	0	0	1	0	1	7	0.127	49	0.016129	0	0	0	0	0	0	0	0	0	0	1	0	0	0	1	0	0	0	9.186275
362	1	0	0	0	0	0	0	0	0	0	0	0	0	1	1	0	0	6	0.1524	36	0.0232258	0	0	0	0	0	0	0	0	0	0	1	0	0	1	0	0	0	0	9.286845
362	0	1	0	0	0	0	0	0	0	0	0	0	0	0	1	0	0	10	0.0254	100	0.0006452	0	0	0	0	0	0	0	0	0	0	0	0	0	0	0	0	0	0	8.938133
362	1	0	0	0	0	0	0	0	0	0	0	0	0	1	1	0	0	7	0.0508001	49	0.0025806	0	0	0	0	0	0	0	0	0	0	1	0	0	1	0	0	0	0	9.053135
362	0	1	0	0	1	0	0	0	0	1	0	0	0	0	1	0	0	5	0.127	25	0.016129	0	0	0	0	0	0	0	0	0	0	0	0	0	0	0	0	0	0	8.99223
362	0	0	0	0	1	0	0	0	0	1	0	0	0	1	1	0	0	9	0.127	81	0.016129	0	0	0	0	0	0	0	0	0	0	0	0	0	1	0	0	0	0	9.2512
362	1	0	0	0	0	0	0	0	0	0	0	0	0	1	1	0	0	6	0.127	36	0.016129	0	0	0	0	0	0	0	0	0	0	0	0	0	1	0	0	0	0	9.089539
362	1	1	0	0	0	0	0	0	0	0	0	0	0	0	1	0	0	6	0.1016001	36	0.0103226	0	0	0	0	0	0	0	0	0	0	0	0	0	0	0	0	0	0	9.371115
362	0	1	0	0	0	0	0	0	0	0	0	0	0	0	1	0	0	4	0.1524	16	0.0232258	0	0	0	0	0	0	0	0	0	0	1	0	0	0	0	0	0	0	9.869575
363	0	1	0	0	0	0	0	0	0	0	0	0	0	0	1	0	0	9	0.0635	81	0.0040323	0	0	0	0	0	0	0	0	0	0	1	0	0	0	0	0	0	0	9.014416
363	0	0	0	0	0	0	0	0	0	0	0	0	0	0	1	0	1	5	0.2159001	25	0.0466128	0	0	0	0	0	0	0	0	0	0	1	0	0	0	1	0	0	0	8.848053
363	1	1	0	0	0	0	0	0	0	0	0	0	0	0	1	0	0	4	0.0635	16	0.0040323	0	0	0	0	0	0	0	0	0	0	0	0	0	0	0	0	0	0	10.07391
363	1	0	0	0	0	0	0	0	0	0	0	0	0	1	1	0	0	8	0.1397001	64	0.0195161	0	0	0	0	0	0	0	0	0	0	1	0	0	1	0	0	0	0	9.2512
363	0	0	0	0	0	0	0	0	0	0	0	0	0	1	1	0	0	7	0.0381	49	0.0014516	0	0	0	0	0	0	0	0	0	0	0	0	0	1	0	0	0	0	9.63063
363	0	0	0	0	0	0	0	0	0	0	0	0	0	0	1	0	1	10	0.127	100	0.016129	0	0	0	0	0	0	0	0	0	0	1	0	0	0	1	0	0	0	9.089781
363	0	0	0	0	1	0	0	0	0	1	0	0	0	1	1	0	0	2	0.0635	4	0.0040323	0	0	0	0	0	0	0	0	0	0	0	0	0	1	0	0	0	0	9.809099
363	0	0	0	0	0	0	1	0	0	0	0	0	0	0	0	-2	0	7	0.1143	49	0.0130645	0	0	0	0	0	0	0	0	0	0	0	1	0	0	0	0	0	0	9.208271
363	1	0	0	0	0	0	0	0	0	0	0	0	0	1	1	0	0	7	0.0635	49	0.0040323	0	0	0	0	0	0	0	0	0	0	1	0	0	1	0	0	0	0	9.179138
363	0	1	0	0	0	0	0	0	0	0	0	0	0	0	1	0	0	8	0.0127	64	0.0001613	0	0	0	0	0	0	0	0	0	0	1	0	0	0	0	0	0	0	8.99223
363	0	0	0	0	0	0	0	0	0	0	0	0	0	1	1	0	0	11	0.1524	121	0.0232258	0	0	0	0	0	0	0	0	0	0	0	0	0	1	0	0	0	0	9.235896
363	0	0	0	0	0	0	0	0	0	0	0	0	0	1	1	0	0	10	0.1143	100	0.0130645	0	0	0	0	0	0	0	0	0	0	1	0	0	1	0	0	0	0	9.63063
363	0	1	0	0	0	0	0	0	0	0	0	0	0	0	1	0	0	3	0.1651	9	0.027258	0	0	0	0	0	0	0	0	0	0	0	0	0	0	0	0	0	0	9.494866
367	1	0	0	0	1	1	0	0	0	1	0	0	0	0	1	0	0	10	0.0254	100	0.0006452	0	0	0	0	0	0	0	0	0	0	0	0	0	0	0	1	0	0	8.557931
367	1	0	0	0	0	1	0	0	0	0	0	0	0	1	1	0	0	5	0.1777999	25	0.0316128	0	0	0	0	0	0	0	0	0	0	1	0	0	0	0	1	0	0	8.557931
367	0	0	0	0	0	0	1	0	0	0	0	0	0	0	0	-1	0	5	0.1777999	25	0.0316128	0	0	0	0	0	0	0	0	0	0	1	0	0	0	1	0	0	0	8.557931
368	1	0	0	0	0	1	0	0	1	0	0	0	0	1	0	0	0	9	0.1015999	81	0.0103225	0	0	0	0	0	0	0	0	0	0	1	0	0	0	0	0	0	0	9.830038
368	0	0	0	0	0	1	0	0	0	0	0	0	0	1	0	0	0	10	0.1396999	100	0.0195161	0	0	0	0	0	0	0	0	0	0	0	0	0	0	0	0	0	0	9.93285
368	1	0	0	0	0	0	0	0	1	0	0	0	0	1	1	0	0	5	0.2539999	25	0.064516	0	0	0	0	0	0	0	0	0	0	1	0	0	0	0	0	0	0	8.99223
368	0	0	0	0	0	0	1	0	0	0	0	0	0	1	0	0	0	8	0.0762	64	0.0058064	0	0	0	0	0	0	0	0	0	0	0	0	0	0	0	0	0	0	9.564696
368	0	0	0	0	0	1	0	0	1	0	0	0	0	0	0	0	4	5	0.1524	25	0.0232258	0	0	0	0	0	0	0	0	0	0	1	0	0	0	1	0	0	0	8.99223
368	1	0	0	0	0	0	0	0	0	0	0	0	0	1	1	0	0	2	0.1015999	4	0.0103225	0	0	0	0	0	0	0	0	0	0	0	0	0	0	0	0	0	0	9.689184
368	0	0	0	0	0	1	0	0	0	0	0	0	0	1	0	0	0	7	0.0508	49	0.0025806	0	0	0	0	0	0	0	0	0	0	0	0	0	0	0	0	0	0	9.440964
368	0	1	0	0	0	0	0	0	1	0	0	0	0	0	1	0	0	8	0.1015999	64	0.0103225	0	0	0	0	0	0	0	0	0	0	1	0	0	0	0	0	0	0	9.689184
368	0	1	0	0	0	0	0	0	1	0	0	0	0	0	1	0	0	4	0.1015999	16	0.0103225	0	0	0	0	0	0	0	0	0	0	1	0	0	0	0	0	0	0	9.452142
368	1	0	0	0	0	0	0	0	1	0	0	0	0	1	1	0	0	3	0.0762	9	0.0058064	0	0	0	0	0	0	0	0	0	0	1	0	0	0	0	0	0	0	10.07391
368	1	0	0	0	0	0	0	0	0	0	0	0	0	1	1	0	0	4	0.2032	16	0.0412902	0	0	0	0	0	0	0	0	0	0	0	0	0	0	0	0	0	0	9.438108
368	0	1	0	0	1	0	1	0	0	0	0	0	0	0	0	0	0	5	0.1777999	25	0.0316128	0	0	0	0	0	0	0	0	0	0	0	0	0	0	0	0	0	0	9.321049
368	0	0	0	0	0	0	0	0	1	0	0	0	0	1	1	0	0	3	0.1143	9	0.0130645	0	0	0	0	0	0	0	0	0	0	1	0	0	0	0	0	0	0	9.494866
369	0	1	1	1	0	0	1	0	0	0	0	0	0	0	0	0	0	0	0	0	0	22	0	1.5748	0	0	0	0	0	0	0	0	0	0	0	0	0	0	0	9.208271
369	1	1	0	0	0	1	0	0	1	0	0	0	0	0	1	0	0	5	0.0762	25	0.0058064	0	0	0	0	0	0	0	0	0	0	1	0	0	0	0	0	0	0	8.938133
369	0	0	0	0	0	0	0	0	1	0	0	0	0	0	0	-2	0	10	0.2032	100	0.0412902	0	0	0	0	0	0	0	0	0	0	1	0	0	1	0	0	0	0	9.041653
369	0	1	0	0	0	1	0	0	0	0	0	0	0	0	1	0	0	8	0.1015999	64	0.0103225	0	0	0	0	0	0	0	0	0	0	0	0	0	0	0	0	0	0	9.235896
369	0	0	0	0	0	1	0	0	0	0	0	0	0	1	1	0	0	9	0.0762	81	0.0058064	0	0	0	0	0	0	0	0	0	0	0	0	0	0	0	1	0	0	8.99223
369	1	0	0	0	0	1	0	0	1	0	0	0	0	1	1	0	0	9	0.127	81	0.016129	0	0	0	0	0	0	0	0	0	0	1	0	0	0	0	1	0	0	8.793956
369	0	0	0	0	0	1	0	0	1	0	0	0	0	1	1	0	0	9	0.127	81	0.016129	0	0	0	0	0	0	0	0	0	0	1	0	0	0	0	1	0	0	8.938133
369	0	0	0	0	0	0	0	0	0	0	0	0	0	0	0	-5	0	10	0.1015999	100	0.0103225	0	0	0	0	0	0	0	0	0	0	0	0	0	0	0	0	0	0	8.883064
369	1	1	0	1	0	0	1	0	1	0	0	0	0	0	0	0	0	9	0	81	0	0	0	1.5748	0	0	0	0	0	0	0	1	0	0	0	0	0	0	0	8.99223
369	1	1	0	0	0	0	1	0	1	0	0	0	0	0	0	0	0	2	0.2032	4	0.0412902	0	0	0	0	0	0	0	0	0	0	1	0	0	0	0	0	0	0	9.208271
369	0	0	0	0	0	1	0	0	1	0	0	0	0	1	1	0	0	8	0.1015999	64	0.0103225	0	0	0	0	0	0	0	0	0	0	1	0	0	0	0	1	0	0	9.2512
369	1	1	1	1	0	0	1	0	1	0	0	0	0	0	0	0	0	0	0	0	0	22	0	1.5748	0	0	0	0	0	0	0	1	0	0	0	0	0	0	0	9.208271
369	0	0	0	0	0	1	0	0	0	0	0	0	0	0	1	-2	0	5	0.1524	25	0.0232258	0	0	0	0	0	0	0	0	0	0	0	0	0	1	0	0	0	0	9.044831
369	0	0	0	0	0	1	0	0	0	0	0	0	0	1	1	0	0	8	0.2032	64	0.0412902	0	0	0	0	0	0	0	0	0	0	0	0	0	0	0	1	0	0	9.2512
369	0	0	0	0	0	0	0	0	1	0	0	0	0	0	0	-2	0	9	0.127	81	0.016129	0	0	0	0	0	0	0	0	0	0	1	0	0	1	0	0	0	0	9.2512
371	0	1	0	0	0	0	0	0	0	0	0	0	0	0	1	0	0	2	0.2794	4	0.0780644	0	0	0	0	0	0	0	0	0	1	0	0	0	0	0	0	0	0	8.938133
371	1	0	0	0	0	0	0	0	0	0	0	0	0	0	1	-2	0	9	0.127	81	0.016129	0	0	0	0	0	0	0	0	-2	0	0	1	0	0	0	0	0	0	9.408338
371	0	0	0	0	0	0	0	0	0	0	0	0	0	0	1	0	1	6	0.2286	36	0.052258	0	0	0	0	0	0	0	0	1	0	1	0	0	0	1	0	0	0	9.181799
371	1	1	0	0	0	0	0	0	0	0	0	0	0	0	1	0	0	4	0.1016001	16	0.0103226	0	0	0	0	0	0	0	0	0	1	0	0	0	0	0	0	0	0	9.371115
371	0	0	0	0	0	0	1	0	0	0	0	0	0	0	0	-3	0	10	0.1778001	100	0.0316129	0	0	0	0	0	0	0	0	-3	0	1	0	0	0	0	0	0	0	8.771515
371	1	1	0	0	0	0	0	0	0	0	0	0	0	0	1	0	0	6	0.1016001	36	0.0103226	0	0	0	0	0	0	0	0	0	1	1	0	0	0	0	0	0	0	8.716446
371	0	1	0	0	1	0	1	0	0	1	0	0	0	0	0	0	0	4	0.0254	16	0.0006452	0	0	0	0	0	0	0	0	0	1	0	0	0	0	0	0	0	0	8.557931
371	0	1	0	1	1	0	0	0	0	1	0	0	0	0	1	0	0	6	0	36	0	0	0	1.5494	0	0	0	0	0	0	1	0	0	0	0	0	0	0	0	8.771515
371	0	0	0	0	0	0	0	0	0	0	0	0	0	1	1	0	0	2	0.0508001	4	0.0025806	0	0	0	0	0	0	0	1	0	0	0	0	0	1	0	0	0	0	8.557931
371	0	1	0	0	0	0	0	0	0	0	0	0	0	0	1	0	0	6	0.1778001	36	0.0316129	0	0	0	0	0	0	0	0	0	1	0	0	0	0	0	0	0	0	8.938133
371	1	0	1	1	0	0	0	0	0	0	0	0	0	1	1	0	0	0	0	0	0	26	0	1.5494	0	0	0	0	1	0	0	0	0	0	1	0	0	0	0	8.771515
371	1	0	0	0	0	0	0	0	0	0	0	0	0	0	1	0	1	9	0.0762	81	0.0058064	0	0	0	0	0	0	0	0	1	0	0	0	0	0	1	0	0	0	8.938133
371	0	0	0	0	1	0	0	0	0	1	0	0	0	1	1	0	0	6	0.1524	36	0.0232258	0	0	0	0	0	0	0	1	0	0	0	0	0	1	0	0	0	0	8.938133
371	0	0	0	0	0	0	1	0	0	0	0	0	0	1	0	0	0	7	0.1651	49	0.027258	0	0	0	0	0	0	0	1	0	0	1	0	0	1	0	0	0	0	8.793956
371	0	0	0	0	0	0	1	0	0	0	0	0	0	0	0	0	1	7	0.1016001	49	0.0103226	0	0	0	0	0	0	0	0	1	0	0	0	0	0	1	0	0	0	8.771515
372	0	1	0	0	0	1	0	0	0	0	0	0	0	0	1	0	0	7	0.0761999	49	0.0058064	0	0	0	0	0	0	0	0	0	0	0	0	0	0	0	0	0	0	8.99223
372	0	1	0	0	0	1	0	0	1	0	0	0	0	0	1	0	0	7	0.1523999	49	0.0232257	0	0	0	0	0	0	0	0	0	0	1	0	0	0	0	0	0	0	8.99223
372	0	0	0	0	0	1	0	0	1	0	0	0	0	1	1	0	0	7	0.127	49	0.016129	0	0	0	0	0	0	0	0	0	0	1	0	0	0	0	0	0	0	9.440964
372	1	1	0	0	0	0	0	0	1	0	0	0	0	0	0	0	0	3	0.1015999	9	0.0103225	0	0	0	0	0	0	0	0	0	0	1	0	0	0	0	0	0	0	8.883064
372	0	1	0	0	1	0	1	0	0	0	0	0	0	0	0	0	0	-2	0.127	4	0.016129	0	0	0	0	0	0	0	0	0	0	0	0	0	0	0	0	0	0	9.93285
372	0	0	0	0	0	1	0	0	1	0	0	0	0	1	1	0	0	4	0.0761999	16	0.0058064	0	0	0	0	0	0	0	0	0	0	1	0	0	0	0	0	0	0	8.883064
372	0	1	0	0	0	1	0	0	1	0	0	0	0	0	1	0	0	9	0.0761999	81	0.0058064	0	0	0	0	0	0	0	0	0	0	1	0	0	0	0	0	0	0	9.2512
372	1	0	0	0	0	0	0	0	1	0	0	0	0	1	0	0	0	5	0.1015999	25	0.0103225	0	0	0	0	0	0	0	0	0	0	1	0	0	0	0	0	0	0	9.88063
372	1	0	0	0	0	1	0	0	0	0	0	0	0	1	1	0	0	9	0.2285999	81	0.0522579	0	0	0	0	0	0	0	0	0	0	0	0	0	0	0	0	0	0	9.71137
372	1	1	0	0	0	1	0	0	1	0	0	0	0	0	1	0	0	10	0.0761999	100	0.0058064	0	0	0	0	0	0	0	0	0	0	1	0	0	0	0	0	0	0	8.99223
372	1	0	0	0	0	0	1	0	1	0	0	0	0	1	0	0	0	7	0.1777999	49	0.0316128	0	0	0	0	0	0	0	0	0	0	1	0	0	0	0	0	0	0	9.044147
372	0	0	0	0	0	0	1	0	1	0	0	0	0	1	0	0	0	5	0.2794	25	0.0780644	0	0	0	0	0	0	0	0	0	0	1	0	0	0	0	0	0	0	9.240248
372	0	1	0	1	0	0	1	0	0	0	0	0	0	0	0	0	0	6	0	36	0	0	0	1.6002	0	0	0	0	0	0	0	0	0	0	0	0	0	0	0	9.49507
372	0	0	0	0	0	0	1	0	1	0	0	0	0	0	0	0	3	7	0.127	49	0.016129	0	0	0	0	0	0	0	0	0	0	1	0	0	1	0	0	0	0	9.410738
372	0	1	0	0	0	1	0	0	1	0	0	0	0	0	1	0	0	4	0.0761999	16	0.0058064	0	0	0	0	0	0	0	0	0	0	1	0	0	0	0	0	0	0	9.228291
373	0	1	0	0	0	0	1	0	0	0	1	0	0	0	0	0	0	30	0.1015999	900	0.0103225	0	0	0	0	0	0	0	0	0	1	0	0	0	0	0	0	0	0	9.150013
373	0	0	0	1	0	0	1	0	0	0	1	0	0	0	0	-4	0	1	0	1	0	0	0	1.5748	0	0	0	0	0	-4	0	0	0	0	0	0	0	0	0	8.879874
373	1	1	0	0	1	0	1	0	0	1	1	0	0	0	0	0	0	6	0.2032	36	0.0412902	0	0	0	0	0	0	0	0	0	1	0	0	0	0	0	0	0	0	8.938133
373	1	0	0	0	0	1	0	0	0	0	0	0	0	0	0	0	1	13	0.1651	169	0.027258	0	0	0	0	0	0	0	0	1	0	0	0	0	0	0	1	0	0	9.2512
373	0	0	0	0	0	0	1	0	0	0	1	0	0	1	0	0	0	6	0.0762	36	0.0058064	0	0	0	0	0	0	0	1	0	0	0	0	0	0	1	0	0	0	8.876694
373	0	0	0	0	0	0	1	0	0	0	1	0	0	0	0	0	0	1	0.1524	1	0.0232258	0	0	0	0	0	0	0	0	0	0	0	0	0	0	1	0	0	0	8.938133
373	1	0	0	0	0	0	1	0	0	0	1	0	0	0	0	-4	0	7	0.2539999	49	0.064516	0	0	0	0	0	0	0	0	-4	0	0	0	0	0	0	0	0	0	9.179138
373	0	1	0	0	0	0	1	0	0	0	1	0	0	0	0	0	0	11	0.1524	121	0.0232258	0	0	0	0	0	0	0	0	0	1	1	0	0	0	0	0	0	0	9.208271
373	0	0	0	1	0	0	1	0	0	0	1	0	0	0	0	-1	0	2	0	4	0	0	0	1.5748	0	0	0	0	0	-1	0	1	0	0	1	0	0	0	0	9.216758
373	0	0	0	0	0	1	0	0	0	0	0	0	0	1	0	0	0	16	0.0752	256	0.005655	0	0	0	0	0	0	0	1	0	0	1	0	0	0	1	0	0	0	9.2512
373	1	0	0	1	0	0	1	0	0	0	1	0	0	1	0	0	0	3	0	9	0	0	0	1.5748	0	0	0	0	1	0	0	0	0	0	0	1	0	0	0	8.99223
373	0	1	0	0	1	0	1	0	0	1	1	0	0	0	0	0	0	0	0.1015999	0	0.0103225	0	0	0	0	0	0	0	0	0	1	0	0	0	0	0	0	0	0	8.879874
373	0	0	1	1	0	1	0	0	0	0	0	0	0	0	0	0	0	0	0	0	0	39	0	1.5748	0	0	0	0	0	0	0	1	0	0	0	1	0	0	0	9.208271
373	0	0	0	0	0	0	1	0	0	0	1	0	0	1	0	0	0	13	0.1524	169	0.0232258	0	0	0	0	0	0	0	1	0	0	0	0	0	0	1	0	0	0	8.836245
373	1	1	0	0	0	0	1	0	0	0	1	0	0	0	0	0	0	1	0.0508	1	0.0025806	0	0	0	0	0	0	0	0	0	1	1	0	0	0	0	0	0	0	8.938133
374	0	0	0	0	1	0	1	0	0	1	1	0	0	1	0	0	0	7	0.127	49	0.016129	0	0	0	0	0	0	0	0	0	0	0	0	0	1	0	0	0	0	9.848722
374	0	0	0	0	0	1	0	0	0	0	0	0	0	1	0	0	0	5	0.0762	25	0.0058064	0	0	0	0	0	0	0	0	0	0	1	0	0	1	0	0	0	0	9.494866
374	0	0	0	0	0	0	0	0	0	0	0	0	0	1	0	0	0	5	0.0508	25	0.0025806	0	0	0	0	0	0	0	0	0	0	1	0	0	1	0	0	0	0	9.848722
374	0	0	0	0	0	0	0	0	0	0	0	0	0	0	0	0	1	5	0.127	25	0.016129	0	0	0	0	0	0	0	0	0	0	1	0	0	0	1	0	0	0	9.348535
374	0	0	0	0	0	1	0	0	0	0	0	0	0	1	0	0	0	10	0.0253999	100	0.0006452	0	0	0	0	0	0	0	0	0	0	1	0	0	1	0	0	0	0	9.689184
374	1	0	0	0	0	0	0	0	0	0	0	0	0	1	0	0	0	5	0.0762	25	0.0058064	0	0	0	0	0	0	0	0	0	0	1	0	0	1	0	0	0	0	8.99223
374	1	1	0	0	0	0	1	0	0	0	1	0	0	0	0	0	0	4	0.127	16	0.016129	0	0	0	0	0	0	0	0	0	0	1	0	0	0	0	0	0	0	9.150325
374	1	0	0	0	0	1	0	0	0	0	0	0	0	1	0	0	0	2	0.1777999	4	0.0316128	0	0	0	0	0	0	0	0	0	0	1	0	0	1	0	0	0	0	9.848722
374	0	1	0	0	0	0	1	0	0	0	1	0	0	0	0	0	0	8	0.127	64	0.016129	0	0	0	0	0	0	0	0	0	0	1	0	0	0	0	0	0	0	9.199851
374	1	0	0	0	0	0	0	0	0	0	0	0	0	1	0	0	0	5	0.127	25	0.016129	0	0	0	0	0	0	0	0	0	0	1	0	0	1	0	0	0	0	9.848722
374	0	1	0	0	0	0	1	0	0	0	1	0	0	0	0	0	0	4	0.1524	16	0.0232258	0	0	0	0	0	0	0	0	0	0	1	0	0	0	0	0	0	0	9.848722
374	0	0	0	0	0	0	1	0	0	0	1	0	0	0	0	-3	0	1	0.3302	1	0.109032	0	0	0	0	0	0	0	0	0	0	1	0	0	0	0	0	0	0	9.711262
374	1	0	0	0	0	1	0	0	0	0	0	0	0	1	0	0	0	6	0.1777999	36	0.0316128	0	0	0	0	0	0	0	0	0	0	1	0	0	1	0	0	0	0	9.93285
374	0	0	0	0	0	0	0	0	0	0	0	0	0	1	0	0	0	7	0.0762	49	0.0058064	0	0	0	0	0	0	0	0	0	0	0	0	0	1	0	0	0	0	9.848722
374	0	0	0	0	0	1	0	0	0	0	0	0	0	0	0	0	2	8	0.0762	64	0.0058064	0	0	0	0	0	0	0	0	0	0	1	0	0	0	0	1	0	0	9.539362
377	0	0	0	0	0	0	1	0	0	0	1	0	0	0	0	0	5	3	0.0584199	9	0.0034129	0	0	0	0	0	0	0	0	0	0	0	0	0	0	0	1	0	0	9.273385
377	0	0	0	0	0	0	0	0	0	0	0	0	0	0	0	0	3	15	0.0253999	225	0.0006452	0	0	0	0	0	0	0	0	0	0	1	0	0	1	0	0	0	0	9.989575
377	0	0	0	0	0	1	0	0	0	0	0	0	0	1	0	0	0	7	0.0634999	49	0.0040322	0	0	0	0	0	0	0	0	0	0	1	0	0	0	0	0	0	0	9.931022
377	1	1	0	0	0	0	1	0	0	0	1	0	0	0	0	0	0	8	0	64	0	0	0	0	0	0	0	0	0	0	0	1	0	0	0	0	0	0	0	9.93285
377	1	1	0	0	0	1	0	0	0	0	0	0	0	0	0	0	0	9	0.1015999	81	0.0103225	0	0	0	0	0	0	0	0	0	0	0	0	0	0	0	0	0	0	9.848722
377	0	1	0	0	0	1	0	0	0	0	0	0	0	0	0	0	0	5	0.0253999	25	0.0006452	0	0	0	0	0	0	0	0	0	0	1	0	0	0	0	0	0	0	9.235896
378	1	0	0	0	0	0	0	0	0	0	0	0	0	1	1	0	0	5	0.127	25	0.016129	0	0	0	0	0	0	0	0	0	0	0	0	0	1	0	0	0	0	9.689184
378	1	0	0	0	0	0	0	0	0	0	0	0	0	1	1	0	0	6	0.0508	36	0.0025806	0	0	0	0	0	0	0	0	0	0	0	0	0	1	0	0	0	0	9.93285
378	0	1	1	1	0	0	1	0	0	0	0	0	0	0	0	0	0	0	0	0	0	26	0	1.6002	0	0	0	0	0	0	0	1	0	0	0	0	0	0	0	9.208271
378	0	0	0	0	0	0	0	0	0	0	0	0	0	1	1	0	0	6	0.1523999	36	0.0232257	0	0	0	0	0	0	0	0	0	0	0	0	0	1	0	0	0	0	9.830038
378	1	1	0	0	0	0	1	0	0	0	0	0	0	0	0	0	0	3	0.1142999	9	0.0130645	0	0	0	0	0	0	0	0	0	0	0	0	0	0	0	0	0	0	9.876092
378	1	0	0	0	0	0	0	0	0	0	0	0	0	1	1	0	0	8	0.127	64	0.016129	0	0	0	0	0	0	0	0	0	0	0	0	0	1	0	0	0	0	9.044147
378	0	0	0	0	0	0	0	0	0	0	0	0	0	1	1	0	0	6	0.127	36	0.016129	0	0	0	0	0	0	0	0	0	0	1	0	0	1	0	0	0	0	9.235896
378	0	0	0	0	0	0	0	0	0	0	0	0	0	1	1	0	0	11	0.1523999	121	0.0232257	0	0	0	0	0	0	0	0	0	0	0	0	0	1	0	0	0	0	9.689184
378	0	0	0	0	0	0	0	0	0	0	0	0	0	1	1	0	0	6	0.0889	36	0.0079032	0	0	0	0	0	0	0	0	0	0	0	0	0	1	0	0	0	0	8.99223
378	0	0	0	0	0	0	0	0	0	0	0	0	0	1	1	0	0	4	0.1523999	16	0.0232257	0	0	0	0	0	0	0	0	0	0	1	0	0	1	0	0	0	0	8.99223
378	0	0	0	0	0	0	1	0	0	0	0	0	0	1	0	0	0	8	0.127	64	0.016129	0	0	0	0	0	0	0	0	0	0	1	0	0	1	0	0	0	0	9.2512
378	1	0	0	0	0	1	0	0	0	0	0	0	0	1	0	0	0	7	0.2032	49	0.0412902	0	0	0	0	0	0	0	0	0	0	0	0	0	1	0	0	0	0	9.395179
378	0	0	0	0	0	0	0	0	0	0	0	0	0	0	1	0	4	6	0.0761999	36	0.0058064	0	0	0	0	0	0	0	0	0	0	1	0	0	0	0	0	0	1	9.076596
378	0	0	0	0	0	0	0	0	0	0	0	0	0	1	1	0	0	6	0.1777999	36	0.0316128	0	0	0	0	0	0	0	0	0	0	0	0	0	1	0	0	0	0	9.235896
378	0	0	0	0	0	0	0	0	0	0	0	0	0	1	1	0	0	4	0.0253999	16	0.0006452	0	0	0	0	0	0	0	0	0	0	0	0	0	1	0	0	0	0	9.404449
379	0	0	0	0	0	1	0	0	0	0	0	0	0	1	1	0	0	7	0.0508	49	0.0025806	0	0	0	0	0	0	0	0	0	0	1	0	0	1	0	0	0	0	9.002979
379	0	1	1	1	0	0	0	0	0	0	0	0	0	0	0	0	0	0	0	0	0	25	0	1.6002	0	0	0	0	0	0	0	0	0	0	0	0	0	0	0	9.2512
379	0	0	0	0	0	1	0	0	0	0	0	0	0	1	1	0	0	5	-0.0254	25	0.0006452	0	0	0	0	0	0	0	0	0	0	0	0	0	1	0	0	0	0	9.348535
379	0	0	0	0	0	0	1	0	0	0	0	0	0	1	0	0	0	9	0.2285999	81	0.0522579	0	0	0	0	0	0	0	0	0	0	1	0	0	1	0	0	0	0	8.99223
379	0	0	0	0	0	1	0	0	0	0	0	0	0	1	1	0	0	10	0.0761999	100	0.0058064	0	0	0	0	0	0	0	0	0	0	1	0	0	1	0	0	0	0	9.410738
381	0	0	0	0	0	1	0	0	0	0	0	0	0	0	0	0	2	8	0.0634999	64	0.0040322	0	0	0	0	0	0	0	0	0	0	1	0	0	0	0	1	0	0	9.2512
381	0	0	0	0	0	0	0	0	0	0	0	0	0	1	1	0	0	6	0.0253999	36	0.0006452	0	0	0	0	0	0	0	0	0	0	1	0	0	1	0	0	0	0	9.044147
381	0	0	0	0	0	1	0	0	0	0	0	0	0	0	0	0	2	9	0	81	0	0	0	0	0	0	0	0	0	0	0	0	0	0	0	0	1	0	0	9.430214
381	0	1	0	0	0	0	1	0	0	0	0	0	0	0	0	0	0	4	0.1015999	16	0.0103225	0	0	0	0	0	0	0	0	0	0	1	0	0	0	0	0	0	0	9.208271
381	1	0	0	0	0	0	0	0	0	0	0	0	0	0	1	-3	0	2	0.0508	4	0.0025806	0	0	0	0	0	0	0	0	0	0	1	0	0	0	0	0	0	0	10.0737
381	0	1	0	0	0	0	0	0	0	0	0	0	0	0	1	0	0	2	0.0762	4	0.0058064	0	0	0	0	0	0	0	0	0	0	0	0	0	0	0	0	0	0	10.01695
381	0	0	0	0	1	1	0	0	0	1	0	0	0	0	0	0	2	11	0.0508	121	0.0025806	0	0	0	0	0	0	0	0	0	0	0	0	0	0	0	1	0	0	9.690983
381	0	0	0	0	0	0	0	0	0	0	0	0	0	0	1	0	2	6	0.0253999	36	0.0006452	0	0	0	0	0	0	0	0	0	0	0	0	0	0	0	1	0	0	9.321049
381	0	0	0	0	0	0	0	0	0	0	0	0	0	1	1	0	0	8	-0.0762	64	0.0058064	0	0	0	0	0	0	0	0	0	0	0	0	0	1	0	0	0	0	9.2512
381	1	0	0	0	0	0	0	0	0	0	0	0	0	1	1	0	0	7	0.1015999	49	0.0103225	0	0	0	0	0	0	0	0	0	0	1	0	0	1	0	0	0	0	10.07391
381	1	0	0	0	0	1	0	0	0	0	0	0	0	1	0	0	0	5	0.0508	25	0.0025806	0	0	0	0	0	0	0	0	0	0	1	0	0	1	0	0	0	0	9.494866
381	0	1	0	0	0	0	0	0	0	0	0	0	0	0	1	0	0	1	0.127	1	0.016129	0	0	0	0	0	0	0	0	0	0	1	0	0	0	0	0	0	0	9.648238
381	0	0	0	0	0	1	0	0	0	0	0	0	0	0	0	0	1	10	0.0253999	100	0.0006452	0	0	0	0	0	0	0	0	0	0	0	0	0	0	1	0	0	0	9.098928
382	0	0	0	0	0	1	0	0	0	0	0	0	0	0	0	0	3	11	0.127	121	0.016129	0	0	0	0	0	3	0	0	0	0	0	0	0	0	1	0	0	0	8.883064
382	0	1	0	1	0	0	1	0	0	0	1	0	0	0	0	0	0	5	0	25	0	0	0	1.5494	0	0	0	1	0	0	0	0	0	0	0	0	0	0	0	9.2512
382	0	1	0	0	0	0	0	0	0	0	0	0	0	0	0	0	0	11	0.1524	121	0.0232258	0	0	0	0	0	0	1	0	0	0	1	0	0	0	0	0	0	0	8.771515
382	0	0	0	0	0	0	0	0	0	0	0	0	0	0	0	0	2	5	0.1016001	25	0.0103226	0	0	0	0	0	2	0	0	0	0	0	0	0	1	0	0	0	0	8.938133
382	0	0	0	0	0	0	0	0	0	0	0	0	0	0	0	0	2	4	0.1778001	16	0.0316129	0	0	0	0	0	2	0	0	0	0	0	0	0	1	0	0	0	0	9.044147
382	0	0	0	0	0	0	0	0	0	0	0	0	0	0	0	0	2	14	0.127	196	0.016129	0	0	0	0	0	2	0	0	0	0	1	0	0	1	0	0	0	0	9.989575
382	1	1	0	0	0	0	1	0	0	0	1	0	0	0	0	0	0	4	0.1524	16	0.0232258	0	0	0	0	0	0	1	0	0	0	1	0	0	0	0	0	0	0	8.99223
382	1	0	0	1	0	0	0	0	0	0	0	0	0	1	0	0	0	6	0	36	0	0	0	1.5494	0	1	0	0	0	0	0	0	1	0	0	0	0	0	0	9.273385
382	0	1	0	0	0	0	1	0	0	0	1	0	0	0	0	0	0	7	0.0762	49	0.0058064	0	0	0	0	0	0	1	0	0	0	1	0	0	0	0	0	0	0	8.938133
382	0	0	0	0	0	0	1	0	0	0	1	0	0	1	0	0	0	4	0.2286	16	0.052258	0	0	0	0	1	0	0	0	0	0	0	1	0	0	0	0	0	0	9.208271
382	1	0	0	1	0	0	1	0	0	0	1	0	0	1	0	0	0	5	0	25	0	0	0	1.5494	0	1	0	0	0	0	0	0	1	0	0	0	0	0	0	9.2512
382	1	1	0	0	0	0	0	0	0	0	0	0	0	0	0	0	0	5	0.0508001	25	0.0025806	0	0	0	0	0	0	1	0	0	0	0	0	0	0	0	0	0	0	9.101377
382	1	0	0	1	0	0	0	0	0	0	0	0	0	1	0	0	0	8	0	64	0	0	0	1.5494	0	1	0	0	0	0	0	1	1	0	0	0	0	0	0	9.372788
383	0	1	0	0	0	0	0	0	0	0	0	0	0	0	1	0	0	12	0.0254	144	0.0006452	0	0	0	0	0	0	0	0	0	0	0	0	0	0	0	0	0	0	9.2512
383	1	0	0	0	0	0	0	0	0	0	0	0	0	1	1	0	0	5	0.127	25	0.016129	0	0	0	0	0	0	0	0	0	0	0	0	0	0	0	0	1	0	9.303116
383	0	1	0	0	0	0	1	0	0	0	0	0	0	0	0	0	0	7	0.1015999	49	0.0103225	0	0	0	0	0	0	0	0	0	0	0	0	0	0	0	0	0	0	9.571068
383	0	1	0	0	0	0	0	0	0	0	0	0	0	0	1	0	0	8	0.1524	64	0.0232258	0	0	0	0	0	0	0	0	0	0	1	0	0	0	0	0	0	0	9.348509
383	0	0	0	0	0	0	0	0	0	0	0	0	0	1	1	0	0	13	0.0508	169	0.0025806	0	0	0	0	0	0	0	0	0	0	1	0	0	0	0	0	1	0	9.314969
383	0	0	0	0	0	0	0	0	0	0	0	0	0	1	1	0	0	7	0.1777999	49	0.0316128	0	0	0	0	0	0	0	0	0	0	1	0	0	0	0	0	1	0	9.2512
384	0	0	0	0	0	0	1	0	0	0	0	0	0	1	0	0	0	9	0.1016001	81	0.0103226	0	0	0	0	0	0	0	0	0	0	1	0	0	1	0	0	0	0	9.551724
384	1	1	0	0	0	0	0	0	0	0	0	0	0	0	1	0	0	4	0.127	16	0.016129	0	0	0	0	0	0	0	0	0	0	1	0	0	0	0	0	0	0	9.848722
384	1	0	0	0	0	0	1	0	0	0	0	0	0	1	0	0	0	5	0.1524	25	0.0232258	0	0	0	0	0	0	0	0	0	0	1	0	0	1	0	0	0	0	9.494866
384	0	1	0	0	0	0	0	0	0	0	0	0	0	0	1	0	0	3	0.127	9	0.016129	0	0	0	0	0	0	0	0	0	0	0	0	0	0	0	0	0	0	9.545007
384	0	0	0	0	0	0	0	0	0	0	0	0	0	0	1	0	2	8	0.1016001	64	0.0103226	0	0	0	0	0	0	0	0	0	0	0	0	0	0	0	1	0	0	9.550129
384	0	1	0	0	0	0	0	0	0	0	0	0	0	0	1	0	0	5	0.127	25	0.016129	0	0	0	0	0	0	0	0	0	0	1	0	0	0	0	0	0	0	9.179138
384	0	0	0	0	0	0	0	0	0	0	0	0	0	1	1	0	0	5	0.1016001	25	0.0103226	0	0	0	0	0	0	0	0	0	0	1	0	0	1	0	0	0	0	9.93285
384	0	1	0	0	0	0	1	0	0	0	0	0	0	0	0	0	0	5	0.1524	25	0.0232258	0	0	0	0	0	0	0	0	0	0	0	0	0	0	0	0	0	0	9.494866
384	0	0	0	0	0	0	0	0	0	0	0	0	0	1	1	0	0	6	0.1524	36	0.0232258	0	0	0	0	0	0	0	0	0	0	1	0	0	1	0	0	0	0	9.127307
384	0	0	0	0	0	0	0	0	0	0	0	0	0	1	1	0	0	9	0.0508001	81	0.0025806	0	0	0	0	0	0	0	0	0	0	0	0	0	1	0	0	0	0	8.883064
384	0	1	0	0	0	0	0	0	0	0	0	0	0	0	1	0	0	8	0.1524	64	0.0232258	0	0	0	0	0	0	0	0	0	0	1	0	0	0	0	0	0	0	9.321049
385	0	1	1	1	0	0	1	0	0	0	0	0	0	0	0	0	0	0	0	0	0	30	0	1.4986	0	0	0	0	0	0	0	1	0	0	0	0	0	0	0	9.208271
385	0	0	0	0	0	1	0	0	0	0	0	0	0	0	0	0	4	11	0.1777999	121	0.0316128	0	0	0	0	0	0	0	0	0	0	1	0	0	0	1	0	0	0	9.654741
385	0	0	0	0	0	0	0	0	0	0	0	0	0	0	1	0	3	6	0.1016001	36	0.0103226	0	0	0	0	0	0	0	0	0	0	0	0	0	1	0	0	0	0	8.93498
385	0	1	0	0	0	0	0	0	0	0	0	0	0	0	1	0	0	4	0.1524	16	0.0232258	0	0	0	0	0	0	0	0	0	0	1	0	0	0	0	0	0	0	9.082034
385	0	1	0	0	0	0	0	0	0	0	0	0	0	0	1	0	0	15	0.2286	225	0.052258	0	0	0	0	0	0	0	0	0	0	1	0	0	0	0	0	0	0	9.24231
385	0	1	0	0	0	0	0	0	0	0	0	0	0	0	1	0	0	5	0.2539999	25	0.064516	0	0	0	0	0	0	0	0	0	0	1	0	0	0	0	0	0	0	8.825611
385	0	1	0	0	0	0	1	0	0	0	0	0	0	0	0	0	0	4	0.0762	16	0.0058064	0	0	0	0	0	0	0	0	0	0	1	0	0	0	0	0	0	0	8.825611
385	0	1	0	0	0	0	1	0	0	0	0	0	0	0	0	0	0	6	0.2032	36	0.0412902	0	0	0	0	0	0	0	0	0	0	1	0	0	0	0	0	0	0	9.101377
385	0	1	0	0	0	0	0	0	0	0	0	0	0	0	1	0	0	4	0.1524	16	0.0232258	0	0	0	0	0	0	0	0	0	0	1	0	0	0	0	0	0	0	9.107023
385	0	0	0	0	0	0	1	0	0	0	0	0	0	1	0	0	0	8	0.2032	64	0.0412902	0	0	0	0	0	0	0	0	0	0	0	0	0	0	0	0	0	0	8.865327
386	1	0	0	0	0	0	1	0	0	0	1	0	0	0	0	0	5	4	0.1015999	16	0.0103225	0	0	0	0	0	0	0	0	5	0	0	0	0	0	0	0	0	1	9.371115
386	0	0	0	0	0	0	0	0	0	0	0	0	0	0	0	0	5	4	0.0253999	16	0.0006452	0	0	0	0	0	0	0	0	5	0	1	0	0	0	0	0	0	1	9.581818
386	1	1	0	0	0	1	0	0	0	0	0	0	0	0	0	0	0	5	0.0761999	25	0.0058064	0	0	0	0	0	0	0	0	0	1	0	0	0	0	0	0	0	0	9.949953
386	0	0	0	1	0	0	0	0	0	0	0	0	0	0	0	0	5	8	0	64	0	0	0	1.6002	0	0	0	0	0	5	0	0	0	0	0	0	0	0	1	9.682814
386	1	0	0	0	0	0	0	0	0	0	0	0	0	1	0	0	0	3	0.127	9	0.016129	0	0	0	0	0	0	0	1	0	0	1	0	1	0	0	0	0	0	10.07391
386	0	0	0	0	1	0	0	0	0	1	0	0	0	0	0	0	1	6	0.0761999	36	0.0058064	0	0	0	0	0	0	0	0	1	0	0	0	0	1	0	0	0	0	9.112145
386	0	0	0	0	0	0	1	0	0	0	1	0	0	0	0	0	3	8	0.0998	64	0.00996	0	0	0	0	0	0	0	0	3	0	1	0	0	0	0	1	0	0	9.244829
386	0	1	0	0	0	1	0	0	0	0	0	0	0	0	0	0	0	7	0.0761999	49	0.0058064	0	0	0	0	0	0	0	0	0	1	1	0	0	0	0	0	0	0	9.43159
386	0	1	0	0	0	0	0	0	0	0	0	0	0	0	0	0	0	2	0.0253999	4	0.0006452	0	0	0	0	0	0	0	0	0	1	1	0	0	0	0	0	0	0	9.848722
386	0	0	0	0	0	0	1	0	0	0	1	0	0	0	0	0	2	4	0.0761999	16	0.0058064	0	0	0	0	0	0	0	0	2	0	0	0	0	0	1	0	0	0	10.0737
386	0	0	0	0	0	0	1	0	0	0	1	0	0	0	0	0	5	3	0.0761999	9	0.0058064	0	0	0	0	0	0	0	0	5	0	0	0	0	0	0	0	0	1	10.01695
386	0	0	0	0	0	1	0	0	0	0	0	0	0	0	0	0	3	3	0.0253999	9	0.0006452	0	0	0	0	0	0	0	0	3	0	1	0	0	0	0	1	0	0	10.03874
386	0	0	0	0	0	0	0	0	0	0	0	0	0	0	0	0	2	2	0.127	4	0.016129	0	0	0	0	0	0	0	0	2	0	0	0	0	0	1	0	0	0	10.01695
387	1	0	0	0	0	0	0	0	0	0	0	0	0	1	1	0	0	5	0.127	25	0.016129	0	0	0	0	0	0	0	0	0	0	1	0	0	1	0	0	0	0	9.2512
387	1	0	0	0	0	0	1	0	0	0	0	0	0	1	0	0	0	9	0.0253999	81	0.0006452	0	0	0	0	0	0	0	0	0	0	1	0	0	1	0	0	0	0	9.098928
387	1	0	0	0	0	1	0	0	0	0	0	0	0	1	0	0	0	2	0.1015999	4	0.0103225	0	0	0	0	0	0	0	0	0	0	0	0	0	1	0	0	0	0	9.303116
387	1	1	0	0	0	0	0	0	0	0	0	0	0	0	1	0	0	7	0.0761999	49	0.0058064	0	0	0	0	0	0	0	0	0	0	0	0	0	0	0	0	0	0	9.107023
387	1	0	0	0	0	0	0	0	0	0	0	0	0	1	1	0	0	5	0.0253999	25	0.0006452	0	0	0	0	0	0	0	0	0	0	1	0	0	1	0	0	0	0	9.2512
387	0	1	0	0	0	0	1	0	0	0	0	0	0	0	0	0	0	6	0.1777999	36	0.0316128	0	0	0	0	0	0	0	0	0	0	0	0	0	0	0	0	0	0	8.825611
387	0	1	0	1	0	0	1	0	0	0	0	0	0	0	0	0	0	6	0	36	0	0	0	1.6002	0	0	0	0	0	0	0	1	0	0	0	0	0	0	0	9.089564
387	0	0	0	0	0	0	0	0	0	0	0	0	0	1	1	0	0	5	0.1523999	25	0.0232257	0	0	0	0	0	0	0	0	0	0	1	0	0	1	0	0	0	0	9.208271
387	0	0	0	1	0	0	1	0	0	0	0	0	0	1	0	0	0	4	0	16	0	0	0	1.6002	0	0	0	0	0	0	0	1	0	0	1	0	0	0	0	8.771515
389	1	0	0	0	0	1	0	0	0	0	0	0	0	1	0	0	0	7	0.1777999	49	0.0316128	0	0	0	0	0	0	0	0	0	0	0	0	0	0	0	1	0	0	10.07391
389	0	0	0	0	0	1	0	0	1	0	0	0	0	0	0	-2	0	8	0.0127	64	0.0001613	0	0	0	0	0	0	0	0	0	0	1	0	0	1	0	0	0	0	8.716446
389	1	0	0	0	0	1	0	0	1	0	0	0	0	0	0	-1	0	6	0.0762	36	0.0058064	0	0	0	0	0	0	0	0	0	0	1	0	0	0	1	0	0	0	9.814734
389	0	0	0	0	0	1	0	0	1	0	0	0	0	1	0	0	0	5	0.1524	25	0.0232258	0	0	0	0	0	0	0	0	0	0	1	0	0	0	0	1	0	0	9.196129
389	0	0	0	0	0	1	0	0	0	0	0	0	0	1	0	0	0	8	0.1777999	64	0.0316128	0	0	0	0	0	0	0	0	0	0	0	0	0	0	0	1	0	0	9.288423
389	1	0	0	0	0	1	0	0	0	0	0	0	0	1	0	0	0	5	0.0762	25	0.0058064	0	0	0	0	0	0	0	0	0	0	0	0	0	0	0	1	0	0	9.550129
389	0	0	0	0	0	1	0	0	1	0	0	0	0	1	0	0	0	13	0.1015999	169	0.0103225	0	0	0	0	0	0	0	0	0	0	1	0	0	0	0	1	0	0	8.883064
389	1	0	0	0	0	1	0	0	1	0	0	0	0	0	0	-1	0	6	0.0253999	36	0.0006452	0	0	0	0	0	0	0	0	0	0	1	0	0	0	1	0	0	0	9.689184
389	1	0	0	0	0	1	0	0	0	0	0	0	0	1	0	0	0	8	0.0889	64	0.0079032	0	0	0	0	0	0	0	0	0	0	0	0	0	0	0	1	0	0	9.468813
389	0	0	0	0	0	1	0	0	1	0	0	0	0	0	0	-2	0	6	0.0253999	36	0.0006452	0	0	0	0	0	0	0	0	0	0	1	0	0	1	0	0	0	0	9.2512
389	0	0	0	0	0	1	0	0	1	0	0	0	0	0	0	-2	0	6	0.1015999	36	0.0103225	0	0	0	0	0	0	0	0	0	0	1	0	0	1	0	0	0	0	9.2512
390	0	1	0	0	0	0	0	0	0	0	0	0	0	0	1	0	0	5	0.0762	25	0.0058064	0	0	0	0	0	0	1	0	0	0	1	0	0	0	0	0	0	0	9.286845
390	0	1	0	0	0	1	0	0	0	0	0	0	0	0	0	0	0	4	0.0762	16	0.0058064	0	0	0	0	0	0	1	0	0	0	1	0	0	0	0	0	0	0	9.93285
390	1	0	0	0	0	0	0	0	0	0	0	0	0	1	1	0	0	4	0.1524	16	0.0232258	0	0	0	0	1	0	0	0	0	0	1	0	0	0	0	0	0	0	9.848722
390	1	0	0	0	0	1	0	0	0	0	0	0	0	1	0	0	0	6	0.2286	36	0.052258	0	0	0	0	1	0	0	0	0	0	0	0	0	0	0	0	0	0	9.771483
390	0	0	0	0	0	0	0	0	0	0	0	0	0	1	1	0	0	2	0.2032	4	0.0412902	0	0	0	0	1	0	0	0	0	0	0	0	0	0	0	0	0	0	9.848722
390	0	1	0	0	0	0	1	0	0	0	0	0	0	0	0	0	0	9	0.1778001	81	0.0316129	0	0	0	0	0	0	1	0	0	0	0	0	0	0	0	0	0	0	10.01695
390	0	0	0	0	0	0	0	0	0	0	0	0	0	1	1	0	0	8	0.1524	64	0.0232258	0	0	0	0	1	0	0	0	0	0	1	0	0	0	0	0	0	0	9.848722
390	1	0	0	0	0	0	1	0	0	0	0	0	0	1	0	0	0	6	0.1524	36	0.0232258	0	0	0	0	1	0	0	0	0	0	1	0	0	0	0	0	0	0	9.814734
390	1	1	0	0	0	0	0	0	0	0	0	0	0	0	1	0	0	4	0.1524	16	0.0232258	0	0	0	0	0	0	1	0	0	0	1	0	0	0	0	0	0	0	9.689184
390	1	1	0	0	0	0	0	0	0	0	0	0	0	0	1	0	0	5	0.1905	25	0.0362903	0	0	0	0	0	0	1	0	0	0	1	0	0	0	0	0	0	0	9.989575
390	0	0	0	0	0	0	0	0	0	0	0	0	0	1	1	0	0	3	0.1778001	9	0.0316129	0	0	0	0	1	0	0	0	0	0	1	0	0	0	0	0	0	0	9.848722
390	0	1	0	0	0	0	1	0	0	0	0	0	0	0	0	0	0	2	0.127	4	0.016129	0	0	0	0	0	0	1	0	0	0	0	0	0	0	0	0	0	0	9.068753
390	0	1	0	0	0	0	0	0	0	0	0	0	0	0	1	0	0	5	0.127	25	0.016129	0	0	0	0	0	0	1	0	0	0	0	0	0	0	0	0	0	0	9.949953
390	0	0	0	0	0	0	0	0	0	0	0	0	0	1	1	0	0	7	0.2032	49	0.0412902	0	0	0	0	1	0	0	0	0	0	1	0	0	0	0	0	0	0	8.825611
390	0	0	0	0	0	0	0	0	0	0	0	0	0	1	1	0	0	4	0.1524	16	0.0232258	0	0	0	0	1	0	0	0	0	0	1	0	0	0	0	0	0	0	10.0737
391	1	0	0	0	0	1	0	0	1	0	0	0	0	1	0	0	0	4	0.1524	16	0.0232258	0	0	0	0	0	0	0	0	0	0	1	0	0	0	0	0	0	0	9.532089
391	0	0	0	0	0	0	0	0	0	0	0	0	0	0	1	0	3	8	0.127	64	0.016129	0	0	0	0	0	0	0	0	0	0	0	0	0	1	0	0	0	0	9.2512
391	0	0	0	0	0	1	0	0	0	0	0	0	0	1	0	0	0	7	0.0762	49	0.0058064	0	0	0	0	0	0	0	0	0	0	0	0	0	0	0	0	0	0	9.089539
391	0	0	0	0	0	0	0	0	0	0	0	0	0	0	1	0	3	5	0.127	25	0.016129	0	0	0	0	0	0	0	0	0	0	0	0	0	1	0	0	0	0	9.321049
391	1	0	0	0	0	1	0	0	0	0	0	0	0	1	0	0	0	6	0.0762	36	0.0058064	0	0	0	0	0	0	0	0	0	0	0	0	0	0	0	0	0	0	9.848722
391	0	0	0	0	0	1	0	0	0	0	0	0	0	1	0	0	0	6	0.1015999	36	0.0103225	0	0	0	0	0	0	0	0	0	0	0	0	0	0	0	0	0	0	9.571068
391	0	0	0	0	0	1	0	0	1	0	0	0	0	1	0	0	0	6	0.1015999	36	0.0103225	0	0	0	0	0	0	0	0	0	0	1	0	0	0	0	0	0	0	9.101377
391	0	0	0	0	0	1	0	0	1	0	0	0	0	1	0	0	0	7	0.0762	49	0.0058064	0	0	0	0	0	0	0	0	0	0	1	0	0	0	0	0	0	0	8.883064
391	0	0	0	0	0	1	0	0	1	0	0	0	0	1	0	0	0	6	0.1777999	36	0.0316128	0	0	0	0	0	0	0	0	0	0	1	0	0	0	0	0	0	0	8.99223
391	0	0	0	0	0	0	0	0	0	0	0	0	0	0	1	0	3	7	0.127	49	0.016129	0	0	0	0	0	0	0	0	0	0	0	0	0	1	0	0	0	0	9.494866
391	0	0	0	0	0	1	0	0	1	0	0	0	0	1	0	0	0	8	0.1524	64	0.0232258	0	0	0	0	0	0	0	0	0	0	1	0	0	0	0	0	0	0	9.235896
391	0	0	0	0	0	0	0	0	0	0	0	0	0	0	1	0	3	8	0.1396999	64	0.0195161	0	0	0	0	0	0	0	0	0	0	0	0	0	1	0	0	0	0	9.830038
391	1	0	0	0	0	0	1	0	1	0	0	0	0	1	0	0	0	6	0.127	36	0.016129	0	0	0	0	0	0	0	0	0	0	1	0	0	0	0	0	0	0	9.848722
392	0	1	0	0	0	0	1	0	0	0	1	0	0	0	0	0	0	9	0.2032	81	0.0412902	0	0	0	0	0	0	0	0	0	1	0	0	0	0	0	0	0	0	8.938133
392	0	1	0	0	0	1	0	0	0	0	0	0	0	0	0	0	0	12	0.1015999	144	0.0103225	0	0	0	0	0	0	0	0	0	1	1	0	0	0	0	0	0	0	8.938133
392	1	1	0	0	0	0	1	0	0	0	1	0	0	0	0	0	0	5	0.0762	25	0.0058064	0	0	0	0	0	0	0	0	0	1	1	0	0	0	0	0	0	0	9.208271
392	0	1	0	0	0	0	1	0	0	0	1	0	0	0	0	0	0	6	0	36	0	0	0	0	0	0	0	0	0	0	1	1	0	0	0	0	0	0	0	8.960236
392	0	1	0	0	0	0	0	0	0	0	0	0	0	0	0	0	0	12	0.1015999	144	0.0103225	0	0	0	0	0	0	0	0	0	1	1	0	0	0	0	0	0	0	8.938133
392	1	0	0	0	0	1	0	0	0	0	0	0	0	0	0	0	4	5	0.127	25	0.016129	0	0	0	0	0	0	0	0	4	0	0	0	0	0	1	0	0	0	9.876092
392	0	0	0	1	0	0	0	0	0	0	0	0	0	0	0	0	4	5	0	25	0	0	0	1.524	0	0	0	0	0	4	0	1	0	0	0	1	0	0	0	9.127307
393	0	0	0	0	0	1	0	0	0	0	0	0	0	0	0	0	3	6	0.1015999	36	0.0103225	0	0	0	0	0	0	0	0	3	0	0	0	0	1	0	0	0	0	9.440964
393	0	0	0	0	0	1	0	0	0	0	0	0	0	1	0	0	0	8	0.0762	64	0.0058064	0	0	0	0	0	0	0	1	0	0	1	0	0	0	0	0	0	0	9.848722
393	1	0	0	0	0	0	1	0	0	0	1	0	0	0	0	0	3	5	0.2032	25	0.0412902	0	0	0	0	0	0	0	0	3	0	1	0	0	1	0	0	0	0	9.689184
393	0	1	0	0	0	1	0	0	0	0	0	0	0	0	0	0	0	6	0.0508	36	0.0025806	0	0	0	0	0	0	0	0	0	1	1	0	0	0	0	0	0	0	9.771483
393	0	0	0	1	0	0	0	0	0	0	0	0	0	0	0	0	1	11	0	121	0	0	0	1.5748	0	0	0	0	0	1	0	0	1	0	0	0	0	0	0	9.438108
393	1	0	1	1	0	0	1	0	0	0	1	0	0	1	0	0	0	0	0	0	0	26	0	1.5748	0	0	0	0	1	0	0	1	0	0	0	0	0	0	0	10.07391
393	0	0	0	0	0	0	1	0	0	0	1	0	0	0	0	0	5	6	0.1524	36	0.0232258	0	0	0	0	0	0	0	0	5	0	1	0	0	0	0	1	0	0	9.430214
393	0	0	0	0	0	1	0	0	0	0	0	0	0	1	0	0	0	6	0.0762	36	0.0058064	0	0	0	0	0	0	0	1	0	0	1	0	0	0	0	0	0	0	9.671639
393	0	0	0	0	0	1	0	0	0	0	0	0	0	1	0	0	0	4	0.2032	16	0.0412902	0	0	0	0	0	0	0	1	0	0	1	0	0	0	0	0	0	0	9.79539
393	0	1	0	0	0	1	0	0	0	0	0	0	0	0	0	0	0	6	0.1015999	36	0.0103225	0	0	0	0	0	0	0	0	0	1	0	0	0	0	0	0	0	0	9.25949
393	1	0	0	0	0	0	1	0	0	0	1	0	0	1	0	0	0	4	0.0508	16	0.0025806	0	0	0	0	0	0	0	1	0	0	1	0	0	0	0	0	0	0	9.848722
393	0	0	0	0	0	0	1	0	0	0	1	0	0	1	0	0	0	2	0.1524	4	0.0232258	0	0	0	0	0	0	0	1	0	0	0	0	0	0	0	0	0	0	9.2512
393	0	0	0	0	0	0	1	0	0	0	1	0	0	1	0	0	0	4	0.2286	16	0.052258	0	0	0	0	0	0	0	1	0	0	1	0	0	0	0	0	0	0	9.2512
394	1	1	0	0	0	0	1	0	0	0	0	0	0	0	0	0	0	8	0.2032	64	0.0412902	0	0	0	0	0	0	0	0	0	0	0	0	0	0	0	0	0	0	9.830038
394	0	0	0	0	0	0	0	0	0	0	0	0	0	1	1	0	0	6	0.2539999	36	0.064516	0	0	0	0	0	0	0	0	0	0	1	0	0	0	0	0	0	0	8.99223
394	0	1	0	0	0	1	0	0	0	0	0	0	0	0	0	0	0	10	0.2794	100	0.0780644	0	0	0	0	0	0	0	0	0	0	1	0	0	0	0	0	0	0	8.99223
394	0	0	0	0	0	0	0	0	0	0	0	0	0	1	1	0	0	7	0.3047999	49	0.092903	0	0	0	0	0	0	0	0	0	0	1	0	0	0	0	0	0	0	8.99223
394	1	1	0	0	0	0	0	0	0	0	0	0	0	0	1	0	0	5	0.1777999	25	0.0316128	0	0	0	0	0	0	0	0	0	0	1	0	0	0	0	0	0	0	9.208271
394	0	0	0	0	0	0	0	0	0	0	0	0	0	1	1	0	0	10	0.2794	100	0.0780644	0	0	0	0	0	0	0	0	0	0	1	0	0	0	0	0	0	0	8.99223
394	0	1	0	0	0	0	0	0	0	0	0	0	0	0	1	0	0	3	0.1777999	9	0.0316128	0	0	0	0	0	0	0	0	0	0	0	0	0	0	0	0	0	0	9.391909
394	0	0	0	0	1	0	0	0	0	1	0	0	0	1	1	0	0	6	0.2794	36	0.0780644	0	0	0	0	0	0	0	0	0	0	0	0	0	0	0	0	0	0	9.107023
394	1	1	0	0	1	0	1	0	0	1	0	0	0	0	0	0	0	8	0.127	64	0.016129	0	0	0	0	0	0	0	0	0	0	0	0	0	0	0	0	0	0	9.680216
394	0	0	0	0	0	0	0	0	0	0	0	0	0	1	1	0	0	6	0.2032	36	0.0412902	0	0	0	0	0	0	0	0	0	0	1	0	0	0	0	0	0	0	9.288423
394	0	1	0	0	0	0	1	0	0	0	0	0	0	0	0	0	0	8	0.1142999	64	0.0130645	0	0	0	0	0	0	0	0	0	0	1	0	0	0	0	0	0	0	9.876092
394	1	0	0	0	1	0	0	0	0	1	0	0	0	1	1	0	0	9	0.0762	81	0.0058064	0	0	0	0	0	0	0	0	0	0	0	0	0	0	0	0	0	0	9.2512
394	0	0	0	0	1	0	0	0	0	1	0	0	0	1	1	0	0	4	0.2794	16	0.0780644	0	0	0	0	0	0	0	0	0	0	0	0	0	0	0	0	0	0	9.809099
394	0	1	0	0	0	0	0	0	0	0	0	0	0	0	1	0	0	8	0.1777999	64	0.0316128	0	0	0	0	0	0	0	0	0	0	0	0	0	0	0	0	0	0	9.2512
394	1	1	0	0	0	0	0	0	0	0	0	0	0	0	1	0	0	8	0.2794	64	0.0780644	0	0	0	0	0	0	0	0	0	0	1	0	0	0	0	0	0	0	9.044147
396	0	1	0	0	0	0	1	0	0	0	0	0	0	0	0	0	0	10	0.0508	100	0.0025806	0	0	0	0	0	0	1	0	0	0	1	0	0	0	0	0	0	0	8.99223
396	0	1	0	0	0	1	0	0	0	0	0	0	0	0	1	0	0	4	0.0762	16	0.0058064	0	0	0	0	0	0	1	0	0	0	0	0	0	0	0	0	0	0	9.024206
396	0	1	0	0	0	0	1	0	0	0	0	0	0	0	0	0	0	7	0.1777999	49	0.0316128	0	0	0	0	0	0	1	0	0	0	0	0	0	0	0	0	0	0	9.371115
396	1	1	1	1	0	1	0	0	0	0	0	0	0	0	1	0	0	0	0	0	0	27	0	1.5748	0	0	0	1	0	0	0	1	0	0	0	0	0	0	0	9.208271
396	0	1	0	0	0	0	0	0	0	0	0	0	0	0	0	0	0	2	0.0508	4	0.0025806	0	0	0	0	0	0	1	0	0	0	1	0	0	0	0	0	0	0	9.371115
396	0	1	0	0	0	1	0	0	0	0	0	0	0	0	1	0	0	4	0.2158999	16	0.0466128	0	0	0	0	0	0	1	0	0	0	1	0	0	0	0	0	0	0	9.112145
396	1	1	0	0	0	0	0	0	0	0	0	0	0	0	0	0	0	6	0.127	36	0.016129	0	0	0	0	0	0	1	0	0	0	0	0	0	0	0	0	0	0	9.2512
396	1	0	1	1	0	1	0	0	0	0	0	0	0	1	1	0	0	0	0	0	0	27	0	1.5748	0	1	0	0	0	0	0	0	0	0	0	0	0	0	0	9.545007
396	0	1	0	0	0	0	1	0	0	0	0	0	0	0	0	0	0	2	0.1015999	4	0.0103225	0	0	0	0	0	0	1	0	0	0	1	0	0	0	0	0	0	0	9.2512
396	0	0	0	0	0	1	0	0	0	0	0	0	0	1	1	0	0	12	0.1524	144	0.0232258	0	0	0	0	1	0	0	0	0	0	1	0	0	0	0	0	0	0	9.244829
396	0	1	0	0	0	1	0	0	0	0	0	0	0	0	1	0	0	4	0.127	16	0.016129	0	0	0	0	0	0	1	0	0	0	0	0	0	0	0	0	0	0	8.99223
396	0	1	0	0	0	0	0	0	0	0	0	0	0	0	0	0	0	9	0.1015999	81	0.0103225	0	0	0	0	0	0	1	0	0	0	0	0	0	0	0	0	0	0	9.357899
396	1	0	0	0	0	1	0	0	0	0	0	0	0	1	1	0	0	7	0.127	49	0.016129	0	0	0	0	1	0	0	0	0	0	0	0	0	0	0	0	0	0	9.303116
396	0	1	0	0	0	0	1	0	0	0	0	0	0	0	0	0	0	8	0.0762	64	0.0058064	0	0	0	0	0	0	1	0	0	0	0	0	0	0	0	0	0	0	8.989762
397	1	0	0	0	0	0	1	0	0	0	0	0	0	1	0	0	0	4	-0.0253999	16	0.0006452	0	0	0	0	1	0	0	0	0	0	0	0	0	0	0	0	0	0	9.848722
397	0	0	0	0	0	0	0	0	0	0	0	0	0	1	1	0	0	2	0.0508001	4	0.0025806	0	0	0	0	1	0	0	0	0	0	1	0	0	0	0	0	0	0	9.235896
397	1	0	0	0	0	0	1	0	0	0	0	0	0	1	0	0	0	5	0.2032001	25	0.0412903	0	0	0	0	1	0	0	0	0	0	1	0	0	0	0	0	0	0	9.848722
397	0	1	0	0	0	0	1	0	0	0	0	0	0	0	0	0	0	4	0	16	0	0	0	0	0	0	0	1	0	0	0	1	0	0	0	0	0	0	0	9.370974
397	0	1	0	0	0	0	1	0	0	0	0	0	0	0	0	0	0	10	0.0762	100	0.0058064	0	0	0	0	0	0	1	0	0	0	1	0	0	0	0	0	0	0	9.360348
397	0	1	0	0	0	0	0	0	0	0	0	0	0	0	1	0	0	5	0.1524	25	0.0232258	0	0	0	0	0	0	1	0	0	0	1	0	0	0	0	0	0	0	9.2512
397	0	0	0	0	0	0	0	0	0	0	0	0	0	1	1	0	0	9	0.0762	81	0.0058064	0	0	0	0	1	0	0	0	0	0	1	0	0	0	0	0	0	0	9.288423
397	0	1	0	0	0	0	0	0	0	0	0	0	0	0	1	0	0	5	0.1016001	25	0.0103226	0	0	0	0	0	0	1	0	0	0	1	0	0	0	0	0	0	0	9.494866
397	0	1	0	0	0	0	1	0	0	0	0	0	0	0	0	0	0	11	0.0762	121	0.0058064	0	0	0	0	0	0	1	0	0	0	1	0	0	0	0	0	0	0	8.938133
397	0	0	1	1	0	0	0	0	0	0	0	0	0	1	1	0	0	0	0	0	0	25	0	1.6764	0	1	0	0	0	0	0	1	0	0	0	0	0	0	0	9.208271
397	1	0	0	0	0	0	0	0	0	0	0	0	0	1	1	0	0	5	0.1524	25	0.0232258	0	0	0	0	1	0	0	0	0	0	1	0	0	0	0	0	0	0	9.93285
397	0	0	0	0	0	0	0	0	0	0	0	0	0	1	1	0	0	7	0.0508001	49	0.0025806	0	0	0	0	1	0	0	0	0	0	1	0	0	0	0	0	0	0	9.427747
397	0	0	0	0	0	0	0	0	0	0	0	0	0	1	1	0	0	5	0.0762	25	0.0058064	0	0	0	0	1	0	0	0	0	0	1	0	0	0	0	0	0	0	8.99223
398	0	1	0	1	0	0	1	0	0	0	1	0	0	0	0	0	0	8	0	64	0	0	0	1.6002	0	0	0	0	0	0	0	0	0	0	0	0	0	0	0	9.101377
398	1	0	0	0	0	1	0	0	0	0	0	0	0	1	0	0	0	8	0.127	64	0.016129	0	0	0	0	0	0	0	0	0	0	1	0	0	0	0	0	0	0	9.440964
398	0	1	0	0	1	0	1	0	0	1	1	0	0	0	0	0	0	4	0.127	16	0.016129	0	0	0	0	0	0	0	0	0	0	0	0	0	0	0	0	0	0	9.93285
398	1	1	0	0	1	0	1	0	0	1	1	0	0	0	0	0	0	5	0.0761999	25	0.0058064	0	0	0	0	0	0	0	0	0	0	0	0	0	0	0	0	0	0	8.938133
398	0	0	0	0	1	0	1	0	0	1	1	0	0	1	0	0	0	14	0.0253999	196	0.0006452	0	0	0	0	0	0	0	0	0	0	0	0	0	0	0	0	0	0	9.2512
398	0	1	0	0	1	0	1	0	0	1	1	0	0	0	0	0	0	10	0.1015999	100	0.0103225	0	0	0	0	0	0	0	0	0	0	0	0	0	0	0	0	0	0	8.938133
398	0	1	0	0	0	0	0	0	0	0	0	0	0	0	0	0	0	4	0.127	16	0.016129	0	0	0	0	0	0	0	0	0	0	0	0	0	0	0	0	0	0	9.357899
398	0	0	0	0	0	0	0	0	0	0	0	0	0	1	0	0	0	5	0.0508	25	0.0025806	0	0	0	0	0	0	0	0	0	0	1	0	0	0	0	0	0	0	9.93285
398	1	1	0	0	1	0	1	0	0	1	1	0	0	0	0	0	0	11	0.0761999	121	0.0058064	0	0	0	0	0	0	0	0	0	0	0	0	0	0	0	0	0	0	8.793956
398	0	1	0	0	0	0	1	0	0	0	1	0	0	0	0	0	0	2	0.0253999	4	0.0006452	0	0	0	0	0	0	0	0	0	0	1	0	0	0	0	0	0	0	9.208271
398	0	0	0	0	0	0	0	0	0	0	0	0	0	1	0	0	0	6	0.127	36	0.016129	0	0	0	0	0	0	0	0	0	0	0	0	0	0	0	0	0	0	9.2512
398	0	1	0	0	0	0	1	0	0	0	1	0	0	0	0	0	0	6	0.2032	36	0.0412902	0	0	0	0	0	0	0	0	0	0	0	0	0	0	0	0	0	0	9.468813
398	1	0	0	0	0	1	0	0	0	0	0	0	0	1	0	0	0	12	0.1777999	144	0.0316128	0	0	0	0	0	0	0	0	0	0	0	0	0	0	0	0	0	0	9.2512
398	0	0	0	0	0	0	1	0	0	0	1	0	0	1	0	0	0	5	0.2794	25	0.0780644	0	0	0	0	0	0	0	0	0	0	1	0	0	0	0	0	0	0	9.814734
398	1	1	0	0	1	0	1	0	0	1	1	0	0	0	0	0	0	3	0.2285999	9	0.0522579	0	0	0	0	0	0	0	0	0	0	0	0	0	0	0	0	0	0	9.410738
399	0	1	0	0	0	0	1	0	1	0	0	0	0	0	0	0	0	5	0.1142999	25	0.0130645	0	0	0	0	0	0	0	0	0	0	0	0	0	0	0	0	0	0	8.99223
399	1	0	0	0	0	0	0	0	0	0	0	0	0	0	0	0	2	8	0.0761999	64	0.0058064	0	0	0	0	0	0	0	0	0	0	1	0	0	0	0	0	0	1	8.99223
399	0	0	1	1	0	0	1	0	1	0	0	0	0	1	0	0	0	0	0	0	0	24	0	1.6002	0	0	0	0	0	0	0	0	0	0	0	0	1	0	0	9.2512
399	0	0	0	0	0	1	0	0	1	0	0	0	0	1	1	0	0	6	0.1015999	36	0.0103225	0	0	0	0	0	0	0	0	0	0	0	0	0	0	0	1	0	0	9.2512
399	0	1	0	0	0	0	1	0	1	0	0	0	0	0	0	0	0	4	0.0761999	16	0.0058064	0	0	0	0	0	0	0	0	0	0	0	0	0	0	0	0	0	0	8.99223
399	0	0	0	1	0	1	0	0	0	0	0	0	0	0	1	-1	0	6	0	36	0	0	0	1.6002	0	0	0	0	0	0	0	1	0	0	0	1	0	0	0	8.825611
399	0	0	0	0	0	1	0	0	0	0	0	0	0	1	1	0	0	13	0.1015999	169	0.0103225	0	0	0	0	0	0	0	0	0	0	0	0	0	0	0	1	0	0	9.371115
399	1	1	0	0	0	0	1	0	1	0	0	0	0	0	0	0	0	4	0.1523999	16	0.0232257	0	0	0	0	0	0	0	0	0	0	0	0	0	0	0	0	0	0	8.99223
399	0	0	0	0	0	0	1	0	1	0	0	0	0	1	0	0	0	5	0.0634999	25	0.0040322	0	0	0	0	0	0	0	0	0	0	0	0	0	0	0	1	0	0	9.809099
399	1	1	0	0	0	0	1	0	1	0	0	0	0	0	0	0	0	6	0.0508	36	0.0025806	0	0	0	0	0	0	0	0	0	0	0	0	0	0	0	0	0	0	9.680216
399	0	0	0	0	0	1	0	0	1	0	0	0	0	1	1	0	0	6	0.127	36	0.016129	0	0	0	0	0	0	0	0	0	0	0	0	0	0	0	1	0	0	8.99223
399	0	0	0	0	0	1	0	0	1	0	0	0	0	1	1	0	0	5	0.1777999	25	0.0316128	0	0	0	0	0	0	0	0	0	0	0	0	0	0	0	1	0	0	9.689184
399	0	1	0	0	0	1	0	0	0	0	0	0	0	0	1	0	0	5	0.1523999	25	0.0232257	0	0	0	0	0	0	0	0	0	0	0	0	0	0	0	0	0	0	10.07391
399	1	1	0	0	0	0	1	0	1	0	0	0	0	0	0	0	0	3	0.1015999	9	0.0103225	0	0	0	0	0	0	0	0	0	0	0	0	0	0	0	0	0	0	9.127307
399	1	1	0	0	0	0	1	0	1	0	0	0	0	0	0	0	0	8	0.0508	64	0.0025806	0	0	0	0	0	0	0	0	0	0	0	0	0	0	0	0	0	0	9.809099
400	0	1	0	0	0	0	0	0	0	0	0	0	0	0	0	0	0	4	0.0254	16	0.0006452	0	0	0	0	0	0	0	0	0	1	1	0	0	0	0	0	0	0	9.357899
400	0	0	0	0	1	0	1	0	0	1	0	0	0	0	0	0	1	8	0	64	0	0	0	0	0	0	0	0	0	1	0	0	0	0	0	0	1	0	0	9.689184
400	0	0	0	0	0	1	0	0	0	0	0	0	0	0	1	0	0	2	0.0508	4	0.0025806	0	0	0	0	0	0	0	0	0	0	0	0	0	0	1	0	0	0	9.101377
400	0	0	0	0	1	0	0	0	0	1	0	0	0	0	0	-1	0	2	0.2032	4	0.0412902	0	0	0	0	0	0	0	0	-1	0	0	0	0	1	0	0	0	0	9.208271
400	0	0	0	0	1	1	0	0	0	1	0	0	0	0	1	0	1	-2	0.0762	4	0.0058064	0	0	0	0	0	0	0	0	1	0	0	0	0	0	0	1	0	0	9.989575
400	0	0	0	0	1	1	0	0	0	1	0	0	0	1	1	0	0	3	0.1524	9	0.0232258	0	0	0	0	0	0	0	1	0	0	0	0	0	0	1	0	0	0	9.771483
400	0	0	0	0	0	0	1	0	0	0	0	0	0	0	0	-1	0	9	0.0762	81	0.0058064	0	0	0	0	0	0	0	0	-1	0	1	0	0	1	0	0	0	0	8.883064
400	0	1	0	0	0	1	0	0	0	0	0	0	0	0	1	0	0	0	0.0944	0	0.0089114	0	0	0	0	0	0	0	0	0	1	1	0	0	0	0	0	0	0	9.494866
400	0	1	0	0	0	1	0	0	0	0	0	0	0	0	1	0	0	6	0.0254	36	0.0006452	0	0	0	0	0	0	0	0	0	1	1	0	0	0	0	0	0	0	9.933055
401	0	0	0	0	0	0	0	0	0	0	0	0	0	1	1	0	0	4	0.2032	16	0.0412902	0	0	0	0	0	0	0	0	0	0	1	0	0	0	0	0	0	0	9.288423
401	1	0	0	0	0	0	1	0	0	0	0	0	0	1	0	0	0	7	0.1777999	49	0.0316128	0	0	0	0	0	0	0	0	0	0	1	0	0	0	0	0	0	0	9.395179
401	0	1	0	0	0	0	0	0	0	0	0	0	0	0	1	0	0	6	0.1777999	36	0.0316128	0	0	0	0	0	0	0	0	0	0	0	0	0	0	0	0	0	0	9.357899
401	1	0	0	0	0	0	0	0	0	0	0	0	0	1	1	0	0	6	0.127	36	0.016129	0	0	0	0	0	0	0	0	0	0	1	0	0	0	0	0	0	0	9.064094
401	0	1	0	0	0	0	0	0	0	0	0	0	0	0	1	0	0	6	0.1142999	36	0.0130645	0	0	0	0	0	0	0	0	0	0	1	0	0	0	0	0	0	0	9.848722
401	1	0	0	0	0	0	0	0	0	0	0	0	0	1	1	0	0	8	0.2539999	64	0.064516	0	0	0	0	0	0	0	0	0	0	1	0	0	0	0	0	0	0	9.288423
401	0	0	0	0	0	1	0	0	0	0	0	0	0	1	0	0	0	5	0.2032	25	0.0412902	0	0	0	0	0	0	0	0	0	0	1	0	0	0	0	0	0	0	8.99223
401	0	0	0	0	0	0	0	0	0	0	0	0	0	0	1	0	1	5	0.1904999	25	0.0362902	0	0	0	0	0	0	0	0	0	0	1	1	0	0	0	0	0	0	9.440964
401	0	0	0	1	0	0	0	0	0	0	0	0	0	0	1	0	1	10	0	100	0	0	0	1.524	0	0	0	0	0	0	0	0	1	0	0	0	0	0	0	9.438108
401	0	0	0	0	1	0	0	0	0	1	0	0	0	1	1	0	0	2	0.127	4	0.016129	0	0	0	0	0	0	0	0	0	0	0	0	0	0	0	0	0	0	9.848722
402	0	1	0	0	0	0	1	0	0	0	0	0	0	0	0	0	0	5	0.1777999	25	0.0316128	0	0	0	0	0	0	0	0	0	1	0	0	0	0	0	0	0	0	9.440964
402	0	1	0	0	0	0	0	0	0	0	0	0	0	0	1	0	0	4	0.1777999	16	0.0316128	0	0	0	0	0	0	0	0	0	1	0	0	0	0	0	0	0	0	9.2512
402	0	0	0	0	0	0	1	0	0	0	0	0	0	1	0	0	0	5	0.2032	25	0.0412902	0	0	0	0	0	0	0	1	0	0	0	1	0	0	0	0	0	0	9.208271
402	1	1	0	0	0	0	1	0	0	0	0	0	0	0	0	0	0	5	0.0762	25	0.0058064	0	0	0	0	0	0	0	0	0	1	0	0	0	0	0	0	0	0	9.440964
402	1	0	0	0	0	1	0	0	0	0	0	0	0	0	0	0	3	0	0.1524	0	0.0232258	0	0	0	0	0	0	0	0	3	0	0	0	0	0	1	0	0	0	9.357899
402	0	0	0	1	0	0	1	0	0	0	0	0	0	1	0	0	0	10	0	100	0	0	0	1.5748	0	0	0	0	1	0	0	0	1	0	0	0	0	0	0	9.451937
402	0	0	0	0	0	0	0	0	1	0	0	0	0	0	1	0	5	1	0.127	1	0.016129	0	0	0	0	0	0	0	0	5	0	1	0	0	0	0	0	1	0	9.869575
402	0	1	0	0	0	1	0	0	1	0	0	0	0	0	0	0	0	7	0.1015999	49	0.0103225	0	0	0	0	0	0	0	0	0	1	1	0	0	0	0	0	0	0	9.680216
402	0	0	0	0	0	1	0	0	0	0	0	0	0	1	0	0	0	2	0.127	4	0.016129	0	0	0	0	0	0	0	1	0	0	0	1	0	0	0	0	0	0	9.340339
402	1	0	0	0	0	0	0	0	1	0	0	0	0	0	1	0	2	3	0.1015999	9	0.0103225	0	0	0	0	0	0	0	0	2	0	1	0	0	1	0	0	0	0	9.689184
402	0	0	0	1	0	0	0	0	1	0	0	0	0	0	1	0	2	7	0	49	0	0	0	1.5748	0	0	0	0	0	2	0	1	0	0	1	0	0	0	0	9.371179
402	0	1	0	0	0	0	0	0	0	0	0	0	0	0	1	0	0	8	0.0254	64	0.0006452	0	0	0	0	0	0	0	0	0	1	0	0	0	0	0	0	0	0	9.51846
402	1	0	0	1	0	0	1	0	1	0	0	0	0	0	0	-1	0	3	0	9	0	0	0	1.5748	0	0	0	0	0	-1	0	1	0	0	0	0	0	0	0	9.288423
402	1	0	0	0	0	0	0	0	0	0	0	0	0	0	1	-1	0	6	0.0508	36	0.0025806	0	0	0	0	0	0	0	0	-1	0	0	0	0	0	0	0	0	0	9.310608
402	0	0	0	0	0	0	0	0	0	0	0	0	0	1	1	0	0	6	0.0762	36	0.0058064	0	0	0	0	0	0	0	1	0	0	0	1	0	0	0	0	0	0	9.869575
403	0	1	0	0	0	0	1	0	0	0	0	0	0	0	0	0	0	2	0.1015999	4	0.0103225	0	0	0	0	0	0	0	0	0	0	1	0	0	0	0	0	0	0	9.93285
403	1	0	0	0	0	0	0	0	0	0	0	0	0	1	1	0	0	5	0.127	25	0.016129	0	0	0	0	0	0	0	0	0	0	0	0	0	1	0	0	0	0	9.288423
403	1	1	0	0	0	0	0	0	0	0	0	0	0	0	1	0	0	1	0.0254	1	0.0006452	0	0	0	0	0	0	0	0	0	0	1	0	0	0	0	0	0	0	9.830038
403	0	0	0	0	1	0	0	0	0	1	0	0	0	1	1	0	0	9	0.1524	81	0.0232258	0	0	0	0	0	0	0	0	0	0	0	0	0	1	0	0	0	0	9.044147
403	0	1	0	0	0	0	1	0	0	0	0	0	0	0	0	0	0	4	0.1396999	16	0.0195161	0	0	0	0	0	0	0	0	0	0	1	0	0	0	0	0	0	0	9.024206
403	0	0	0	0	0	0	0	0	0	0	0	0	0	1	1	0	0	9	0	81	0	0	0	0	0	0	0	0	0	0	0	0	0	0	1	0	0	0	0	9.2512
403	0	0	0	0	0	0	0	0	0	0	0	0	0	1	1	0	0	7	0.1015999	49	0.0103225	0	0	0	0	0	0	0	0	0	0	0	0	0	1	0	0	0	0	8.99223
403	0	0	0	0	0	0	0	0	0	0	0	0	0	0	1	0	1	4	0.2032	16	0.0412902	0	0	0	0	0	0	0	0	0	0	0	0	0	0	1	0	0	0	9.830038
403	1	1	0	0	0	0	1	0	0	0	0	0	0	0	0	0	0	9	0.1777999	81	0.0316128	0	0	0	0	0	0	0	0	0	0	1	0	0	0	0	0	0	0	9.286845
403	0	0	0	0	0	0	0	0	0	0	0	0	0	1	1	0	0	9	0.0508	81	0.0025806	0	0	0	0	0	0	0	0	0	0	1	0	0	1	0	0	0	0	9.101377
403	1	0	0	0	0	0	0	0	0	0	0	0	0	1	1	0	0	6	0.1396999	36	0.0195161	0	0	0	0	0	0	0	0	0	0	1	0	0	1	0	0	0	0	10.0737
403	0	0	0	0	0	0	0	0	0	0	0	0	0	0	1	-3	0	18	0.127	324	0.016129	0	0	0	0	0	0	0	0	0	0	0	0	0	0	0	0	0	0	9.273385
403	0	0	0	0	0	0	0	0	0	0	0	0	0	1	1	0	0	7	0.2032	49	0.0412902	0	0	0	0	0	0	0	0	0	0	1	0	0	1	0	0	0	0	8.825611
403	0	0	0	0	0	0	0	0	0	0	0	0	0	1	1	0	0	9	0.1524	81	0.0232258	0	0	0	0	0	0	0	0	0	0	1	0	0	1	0	0	0	0	9.041653
403	1	0	0	0	0	0	0	0	0	0	0	0	0	1	1	0	0	7	0.1524	49	0.0232258	0	0	0	0	0	0	0	0	0	0	1	0	0	1	0	0	0	0	9.458821
404	0	0	0	0	0	0	0	0	0	0	0	0	0	1	1	0	0	0	0	0	0	0	29	0	1.7272	0	0	0	0	0	0	0	0	0	1	0	0	0	0	9.286845
404	1	1	0	0	0	0	1	0	0	0	0	0	0	0	0	0	0	0	0	0	0	0	32	0	1.6637	0	0	0	0	0	0	1	0	0	0	0	0	0	0	9.830038
404	0	1	1	1	0	0	0	0	0	0	0	1	1	0	1	0	0	0	0	0	0	0	0	0	0	0	0	0	0	0	0	1	0	0	0	0	0	0	0	9.317419
404	1	1	0	0	0	0	1	0	0	0	0	0	0	0	0	0	0	0	0	0	0	0	32	0	1.7272	0	0	0	0	0	0	1	0	0	0	0	0	0	0	9.571068
404	1	0	0	0	0	0	0	0	0	0	0	0	0	1	1	0	0	0	0	0	0	0	31	0	1.7145	0	0	0	0	0	0	1	0	0	1	0	0	0	0	10.0737
404	0	0	0	0	0	0	0	0	0	0	0	0	0	0	1	0	1	0	0	0	0	0	30	0	1.7018	0	0	0	0	0	0	1	0	0	0	1	0	0	0	9.949953
404	0	0	0	1	0	1	0	0	0	0	0	0	1	1	0	0	0	0	0	0	0	0	37	0	0	0	0	0	0	0	0	0	0	0	1	0	0	0	0	9.876092
404	1	0	0	0	1	1	0	0	0	1	0	0	0	1	0	0	0	0	0	0	0	0	32	0	1.7018	0	0	0	0	0	0	0	0	0	1	0	0	0	0	9.989575
404	0	0	0	0	0	0	0	0	0	0	0	0	0	0	1	0	1	0	0	0	0	0	26	0	1.7399	0	0	0	0	0	0	1	0	0	0	1	0	0	0	9.689184
404	0	0	0	0	0	0	0	0	0	0	0	0	0	0	1	0	1	0	0	0	0	0	36	0	1.651	0	0	0	0	0	0	0	0	0	0	1	0	0	0	9.876092
404	0	0	0	0	0	0	0	0	0	0	0	0	0	1	1	0	0	0	0	0	0	0	31	0	1.6764	0	0	0	0	0	0	1	0	0	1	0	0	0	0	9.689184
404	0	0	0	0	0	0	0	0	0	0	0	0	0	1	1	0	0	0	0	0	0	0	28	0	1.778	0	0	0	0	0	0	0	0	0	1	0	0	0	0	9.848722
404	1	1	1	1	0	0	1	0	0	0	0	1	1	0	0	0	0	0	0	0	0	0	0	0	0	0	0	0	0	0	0	0	0	0	0	0	0	0	0	9.689184
404	0	1	0	0	0	0	1	0	0	0	0	0	0	0	0	0	0	0	0	0	0	0	25	0	1.778	0	0	0	0	0	0	1	0	0	0	0	0	0	0	9.848722
404	0	0	0	0	1	0	0	0	0	1	0	0	0	1	1	0	0	0	0	0	0	0	27	0	1.7526	0	0	0	0	0	0	0	0	0	1	0	0	0	0	9.848722
405	1	0	0	0	0	1	0	0	0	0	0	0	0	1	0	0	0	5	0.0508	25	0.0025806	0	0	0	0	0	0	0	0	0	0	0	0	0	1	0	0	0	0	8.938133
405	0	0	0	0	0	0	1	0	0	0	0	0	0	1	0	0	0	18	0.1015999	324	0.0103225	0	0	0	0	0	0	0	0	0	0	0	0	0	1	0	0	0	0	9.876092
405	1	1	0	0	0	0	1	0	0	0	0	0	0	0	0	0	0	8	0.127	64	0.016129	0	0	0	0	0	0	0	0	0	0	1	0	0	0	0	0	0	0	9.208271
405	1	0	0	0	0	1	0	0	0	0	0	0	0	0	0	-2	0	3	0.0254	9	0.0006452	0	0	0	0	0	0	0	0	0	0	1	1	0	0	0	0	0	0	8.938133
405	0	1	1	0	0	0	1	0	0	0	0	0	0	0	0	0	0	0	0.0254	0	0.0006452	27	0	0	0	0	0	0	0	0	0	1	0	0	0	0	0	0	0	9.098928
405	1	0	0	0	0	0	0	0	0	0	0	0	0	1	1	0	0	8	0.1015999	64	0.0103225	0	0	0	0	0	0	0	0	0	0	0	0	0	1	0	0	0	0	8.938133
405	0	1	0	0	0	0	0	0	0	0	0	0	0	0	1	0	0	6	0.1015999	36	0.0103225	0	0	0	0	0	0	0	0	0	0	1	0	0	0	0	0	0	0	8.938133
405	1	0	0	1	0	0	0	0	0	0	0	0	0	1	1	0	0	7	0	49	0	0	0	1.5748	0	0	0	0	0	0	0	0	0	0	1	0	0	0	0	8.938133
406	0	1	0	1	0	0	1	0	0	0	1	0	0	0	0	0	0	6	0	36	0	0	0	1.5748	0	0	0	1	0	0	0	0	0	0	0	0	0	0	0	9.121804
406	0	0	0	0	0	0	0	0	0	0	0	0	0	1	0	0	0	9	0.1015999	81	0.0103225	0	0	0	0	1	0	0	0	0	0	0	0	0	0	0	0	0	0	9.440964
406	0	1	0	1	0	0	1	0	0	0	1	0	0	0	0	0	0	10	0	100	0	0	0	1.5748	0	0	0	1	0	0	0	1	0	0	0	0	0	0	0	9.288423
406	0	0	0	0	0	1	0	0	0	0	0	0	0	1	0	0	0	8	0.1524	64	0.0232258	0	0	0	0	1	0	0	0	0	0	1	0	0	0	0	0	0	0	9.494866
406	0	0	0	0	0	1	0	0	0	0	0	0	0	1	0	0	0	5	0.1524	25	0.0232258	0	0	0	0	1	0	0	0	0	0	1	0	0	0	0	0	0	0	9.062382
406	0	0	0	0	0	0	1	0	0	0	1	0	0	1	0	0	0	6	0.127	36	0.016129	0	0	0	0	1	0	0	0	0	0	0	0	0	0	0	0	0	0	9.440964
406	1	1	0	0	0	0	1	0	0	0	1	0	0	0	0	0	0	6	0.0254	36	0.0006452	0	0	0	0	0	0	1	0	0	0	0	0	0	0	0	0	0	0	9.507957
410	1	0	0	0	0	0	0	0	0	0	0	0	0	1	0	0	0	7	0.127	49	0.016129	0	0	0	0	1	0	0	0	0	0	1	0	0	1	0	0	0	0	10.07391
410	1	1	0	0	0	0	0	0	0	0	0	0	0	0	0	0	0	4	0.0944	16	0.0089114	0	0	0	0	0	0	1	0	0	0	1	0	0	0	0	0	0	0	8.938133
410	1	1	0	1	0	1	0	0	0	0	0	0	0	0	0	0	0	8	0	64	0	0	0	1.6256	0	0	0	1	0	0	0	1	0	0	0	0	0	0	0	9.328186
410	1	1	0	0	0	0	1	0	0	0	1	0	0	0	0	0	0	9	0.1778001	81	0.0316129	0	0	0	0	0	0	1	0	0	0	1	0	0	0	0	0	0	0	9.830038
410	0	0	0	0	0	0	1	0	0	0	1	0	0	1	0	0	0	5	0.0762	25	0.0058064	0	0	0	0	1	0	0	0	0	0	0	0	0	1	0	0	0	0	9.950462
410	0	1	0	0	0	0	1	0	0	0	1	0	0	0	0	0	0	4	0.127	16	0.016129	0	0	0	0	0	0	1	0	0	0	1	0	0	0	0	0	0	0	9.848722
410	0	1	0	0	0	0	0	0	0	0	0	0	0	0	0	0	0	9	0.1016001	81	0.0103226	0	0	0	0	0	0	1	0	0	0	0	0	0	0	0	0	0	0	9.876092
410	0	0	0	0	0	0	1	0	0	0	1	0	0	1	0	0	0	5	0.0254	25	0.0006452	0	0	0	0	1	0	0	0	0	0	1	0	0	1	0	0	0	0	10.07391
410	1	0	0	0	0	1	0	0	0	0	0	0	0	1	0	0	0	4	0.2032	16	0.0412902	0	0	0	0	1	0	0	0	0	0	1	0	0	1	0	0	0	0	9.876092
410	0	1	0	0	0	0	1	0	0	0	1	0	0	0	0	0	0	8	0.1016001	64	0.0103226	0	0	0	0	0	0	1	0	0	0	1	0	0	0	0	0	0	0	9.93285
410	0	1	0	0	0	0	0	0	0	0	0	0	0	0	0	0	0	4	0.0762	16	0.0058064	0	0	0	0	0	0	1	0	0	0	1	0	0	0	0	0	0	0	10.0737
410	0	0	0	0	0	0	1	0	0	0	1	0	0	1	0	0	0	8	0.1016001	64	0.0103226	0	0	0	0	1	0	0	0	0	0	1	0	0	1	0	0	0	0	9.044147
410	0	0	0	0	0	0	0	0	0	0	0	0	0	1	0	0	0	10	0.0762	100	0.0058064	0	0	0	0	1	0	0	0	0	0	1	0	0	1	0	0	0	0	9.47533
410	0	0	0	0	0	1	0	0	0	0	0	0	0	1	0	0	0	9	0.0508	81	0.0025806	0	0	0	0	1	0	0	0	0	0	1	0	0	1	0	0	0	0	9.682814
410	0	0	0	0	0	1	0	0	0	0	0	0	0	1	0	0	0	2	0.0762	4	0.0058064	0	0	0	0	1	0	0	0	0	0	0	0	0	1	0	0	0	0	9.438108
411	0	1	0	0	1	0	1	0	0	1	0	0	0	0	0	0	0	5	0.1777999	25	0.0316128	0	0	0	0	0	0	0	0	0	0	0	0	0	0	0	0	0	0	9.88063
411	0	0	0	0	1	1	0	0	0	1	0	0	0	0	0	0	2	8	0.1396999	64	0.0195161	0	0	0	0	0	0	0	0	0	0	0	0	0	0	0	1	0	0	9.2512
411	0	0	0	0	0	0	0	0	0	0	0	0	0	1	1	0	0	5	0.0762	25	0.0058064	0	0	0	0	0	0	0	0	0	0	1	0	0	1	0	0	0	0	8.848993
411	0	1	0	0	0	0	0	0	0	0	0	0	0	0	1	0	0	7	0.2032	49	0.0412902	0	0	0	0	0	0	0	0	0	0	1	0	0	0	0	0	0	0	8.99223
411	1	1	0	0	0	0	0	0	0	0	0	0	0	0	1	0	0	2	0.127	4	0.016129	0	0	0	0	0	0	0	0	0	0	0	0	0	0	0	0	0	0	9.2512
411	1	0	0	0	0	0	1	0	0	0	0	0	0	1	0	0	0	8	0.1015999	64	0.0103225	0	0	0	0	0	0	0	0	0	0	1	0	0	1	0	0	0	0	9.2512
411	0	0	0	0	0	0	0	0	0	0	0	0	0	0	1	-2	0	9	0	81	0	0	0	0	0	0	0	0	0	0	0	1	1	0	0	0	0	0	0	8.938133
411	1	0	0	0	0	0	0	0	0	0	0	0	0	1	1	0	0	1	0.1777999	1	0.0316128	0	0	0	0	0	0	0	0	0	0	0	0	0	1	0	0	0	0	9.848722
411	0	0	0	0	0	1	0	0	0	0	0	0	0	0	0	0	0	6	0.0762	36	0.0058064	0	0	0	0	0	0	0	0	0	0	0	0	0	1	0	0	0	0	9.288423
411	0	0	0	0	0	0	0	0	0	0	0	0	0	1	1	0	0	8	0.0762	64	0.0058064	0	0	0	0	0	0	0	0	0	0	0	0	0	1	0	0	0	0	9.581818
411	1	0	0	0	0	0	0	0	0	0	0	0	0	0	1	0	1	6	0.1524	36	0.0232258	0	0	0	0	0	0	0	0	0	0	1	0	0	0	1	0	0	0	9.494866
411	0	0	0	0	0	0	0	0	0	0	0	0	0	1	1	0	0	5	0.1777999	25	0.0316128	0	0	0	0	0	0	0	0	0	0	0	0	0	1	0	0	0	0	8.99223
411	0	0	0	0	0	0	0	0	0	0	0	0	0	1	1	0	0	6	0.127	36	0.016129	0	0	0	0	0	0	0	0	0	0	0	0	0	1	0	0	0	0	9.144245
411	0	1	0	0	0	0	0	0	0	0	0	0	0	0	1	0	0	8	0.0508	64	0.0025806	0	0	0	0	0	0	0	0	0	0	1	0	0	0	0	0	0	0	8.99223
412	1	0	0	0	0	0	0	0	0	0	0	0	0	1	1	0	0	7	0.2032	49	0.0412902	0	0	0	0	0	0	0	1	0	0	1	0	0	0	1	0	0	0	8.938133
412	0	0	0	0	0	1	0	0	0	0	0	0	0	0	0	0	0	11	0.0762	121	0.0058064	0	0	0	0	0	0	0	0	0	0	0	0	0	0	1	0	0	0	9.208271
412	0	0	0	0	0	0	0	0	0	0	0	0	0	1	1	0	0	7	0.2285999	49	0.0522579	0	0	0	0	0	0	0	1	0	0	1	0	0	0	1	0	0	0	8.848053
412	0	0	0	0	0	1	0	0	0	0	0	0	0	1	0	0	0	9	0.1015999	81	0.0103225	0	0	0	0	0	0	0	1	0	0	1	0	0	0	1	0	0	0	8.99223
412	0	0	0	0	0	1	0	0	0	0	0	0	0	0	0	-1	0	8	0.1777999	64	0.0316128	0	0	0	0	0	0	0	0	-1	0	1	0	0	1	0	0	0	0	8.771515
412	0	0	0	1	0	0	1	0	0	0	0	0	0	0	0	-4	0	9	0	81	0	0	0	1.524	0	0	0	0	0	-4	0	1	0	0	0	0	0	0	0	8.99223
412	1	0	0	0	0	0	0	0	0	0	0	0	0	0	1	0	0	8	0.0127	64	0.0001613	0	0	0	0	0	0	0	0	0	0	1	0	0	0	1	0	0	0	9.689184
412	0	0	0	0	0	1	0	0	0	0	0	0	0	0	0	0	1	6	0.1015999	36	0.0103225	0	0	0	0	0	0	0	0	1	0	0	0	0	0	0	1	0	0	8.771515
412	0	1	0	0	0	0	0	0	0	0	0	0	0	0	1	0	0	6	0.127	36	0.016129	0	0	0	0	0	0	0	0	0	1	1	0	0	0	0	0	0	0	9.2512
412	1	0	0	0	0	0	0	0	0	0	0	0	0	0	1	-1	0	3	0.1777999	9	0.0316128	0	0	0	0	0	0	0	0	-1	0	0	0	0	1	0	0	0	0	9.089564
412	0	0	0	0	0	1	0	0	0	0	0	0	0	1	0	0	0	5	0.0889	25	0.0079032	0	0	0	0	0	0	0	1	0	0	1	0	0	0	1	0	0	0	9.2512
412	0	0	1	1	0	0	0	0	0	0	0	0	0	1	1	0	0	0	0	0	0	23	0	1.524	0	0	0	0	1	0	0	0	0	0	0	1	0	0	0	9.208271
412	0	0	0	0	0	0	0	0	0	0	0	0	0	0	1	0	3	9	0.1015999	81	0.0103225	0	0	0	0	0	0	0	0	3	0	0	0	0	0	0	0	0	1	9.044147
412	1	1	0	0	0	0	0	0	0	0	0	0	0	0	1	0	0	3	0.1523999	9	0.0232257	0	0	0	0	0	0	0	0	0	1	0	0	0	0	0	0	0	0	9.93285
414	0	0	0	0	0	0	1	0	0	0	0	0	0	1	0	0	0	6	0.1524	36	0.0232258	0	0	0	0	0	0	0	0	0	0	1	0	0	1	0	0	0	0	9.2512
414	0	0	0	0	0	0	0	0	0	0	0	0	0	1	1	0	0	5	0.2032	25	0.0412902	0	0	0	0	0	0	0	0	0	0	1	0	0	1	0	0	0	0	9.013986
414	1	0	0	0	0	1	0	0	0	0	0	0	0	1	0	0	0	5	0.1777999	25	0.0316128	0	0	0	0	0	0	0	0	0	0	1	0	0	1	0	0	0	0	9.689184
414	0	0	0	0	0	0	0	0	0	0	0	0	0	1	1	0	0	8	0.0254	64	0.0006452	0	0	0	0	0	0	0	0	0	0	1	0	0	1	0	0	0	0	8.93498
414	0	1	0	0	0	0	0	0	0	0	0	0	0	0	1	0	0	6	0.1651	36	0.027258	0	0	0	0	0	0	0	0	0	0	1	0	0	0	0	0	0	0	8.938133
414	0	0	0	0	0	0	0	0	0	0	0	0	0	0	1	0	1	6	0.2032	36	0.0412902	0	0	0	0	0	0	0	0	0	0	1	0	0	0	1	0	0	0	9.024206
414	0	0	0	0	1	0	1	0	0	1	0	0	0	1	0	0	0	5	0.0762	25	0.0058064	0	0	0	0	0	0	0	0	0	0	0	0	0	1	0	0	0	0	9.809099
414	0	0	0	0	0	1	0	0	0	0	0	0	0	1	0	0	0	5	0.2032	25	0.0412902	0	0	0	0	0	0	0	0	0	0	0	0	0	1	0	0	0	0	9.371115
414	0	0	0	0	0	0	0	0	0	0	0	0	0	1	1	0	0	7	0.1524	49	0.0232258	0	0	0	0	0	0	0	0	0	0	1	0	0	1	0	0	0	0	9.2512
414	1	0	0	0	0	0	0	0	0	0	0	0	0	1	1	0	0	4	0.2032	16	0.0412902	0	0	0	0	0	0	0	0	0	0	0	0	0	1	0	0	0	0	10.01695
414	1	0	0	0	1	0	1	0	0	1	0	0	0	0	0	-2	0	6	0.1777999	36	0.0316128	0	0	0	0	0	0	0	0	0	0	0	1	0	0	0	0	0	0	8.938133
414	0	0	0	0	0	0	0	0	0	0	0	0	0	1	1	0	0	7	0.2286	49	0.052258	0	0	0	0	0	0	0	0	0	0	0	0	0	1	0	0	0	0	9.366202
414	0	0	0	0	1	0	0	0	0	1	0	0	0	1	1	0	0	8	0.0127	64	0.0001613	0	0	0	0	0	0	0	0	0	0	0	0	0	1	0	0	0	0	9.830038
414	1	0	0	0	1	0	0	0	0	1	0	0	0	1	1	0	0	2	0.127	4	0.016129	0	0	0	0	0	0	0	0	0	0	0	0	0	1	0	0	0	0	9.830038
414	1	0	0	0	0	0	0	0	0	0	0	0	0	1	1	0	0	4	0.1015999	16	0.0103225	0	0	0	0	0	0	0	0	0	0	1	0	0	1	0	0	0	0	8.99223
415	0	0	0	0	1	0	1	0	0	1	1	0	0	0	0	0	3	9	0.0253999	81	0.0006452	0	0	0	0	0	0	0	0	3	0	0	0	0	0	0	0	0	1	9.089781
415	0	0	0	0	0	0	1	0	0	0	1	0	0	0	0	0	0	7	0.0508	49	0.0025806	0	0	0	0	0	0	0	0	0	0	0	0	0	0	1	0	0	0	9.273385
415	1	1	0	0	0	0	0	0	0	0	0	0	0	0	0	0	0	5	0.1015999	25	0.0103225	0	0	0	0	0	0	0	0	0	1	1	0	0	0	0	0	0	0	9.127307
415	0	0	0	0	0	1	0	0	0	0	0	0	0	0	0	0	0	5	0.2032	25	0.0412902	0	0	0	0	0	0	0	0	0	0	0	0	0	0	1	0	0	0	8.99223
415	0	0	0	0	0	0	1	0	0	0	1	0	0	1	0	0	0	2	0.1523999	4	0.0232257	0	0	0	0	0	0	0	1	0	0	0	0	0	0	1	0	0	0	8.99223
415	0	0	1	1	1	1	0	0	0	1	0	0	0	1	0	0	0	0	0	0	0	27	0	1.524	0	0	0	0	1	0	0	0	0	0	0	1	0	0	0	9.208271
415	0	0	0	0	0	1	0	0	0	0	0	0	0	0	0	-1	0	9	0.1015999	81	0.0103225	0	0	0	0	0	0	0	0	-1	0	0	0	0	1	0	0	0	0	9.328371
415	1	0	0	0	0	1	0	0	0	0	0	0	0	0	0	0	0	4	0.1523999	16	0.0232257	0	0	0	0	0	0	0	0	0	0	0	0	0	0	1	0	0	0	9.830038
415	0	0	0	0	0	0	0	0	0	0	0	0	0	1	0	0	0	6	0.1523999	36	0.0232257	0	0	0	0	0	0	0	1	0	0	1	0	0	0	1	0	0	0	8.99223
415	0	0	0	0	1	0	0	0	0	1	0	0	0	0	0	0	0	4	0.1523999	16	0.0232257	0	0	0	0	0	0	0	0	0	0	0	0	0	0	1	0	0	0	8.825611
415	0	0	0	0	0	1	0	0	0	0	0	0	0	0	0	0	1	9	0.1015999	81	0.0103225	0	0	0	0	0	0	0	0	1	0	1	0	0	0	0	1	0	0	9.49507
415	1	0	0	0	0	0	1	0	0	0	1	0	0	0	0	0	0	8	0.2032	64	0.0412902	0	0	0	0	0	0	0	0	0	0	1	0	0	0	1	0	0	0	9.101377
415	1	0	0	0	0	1	0	0	0	0	0	0	0	0	0	0	0	7	0.2794	49	0.0780644	0	0	0	0	0	0	0	0	0	0	0	0	0	0	1	0	0	0	9.680216
415	0	1	0	0	0	0	1	0	0	0	1	0	0	0	0	0	0	5	0.127	25	0.016129	0	0	0	0	0	0	0	0	0	1	0	0	0	0	0	0	0	0	9.550129
415	1	0	0	0	0	1	0	0	0	0	0	0	0	1	0	0	0	2	0.1523999	4	0.0232257	0	0	0	0	0	0	0	1	0	0	0	0	0	0	1	0	0	0	9.312561
416	0	1	0	0	1	0	0	0	0	1	0	0	0	0	1	0	0	0	0.127	0	0.016129	0	0	0	0	0	0	0	0	0	1	0	0	0	0	0	0	0	0	8.93498
416	1	0	0	1	0	0	0	0	0	0	0	0	0	0	1	0	4	5	0	25	0	0	0	1.5748	0	0	0	0	0	4	0	0	0	0	0	1	0	0	0	9.208271
416	1	0	0	0	0	1	0	0	0	0	0	0	0	1	0	0	0	4	0.1524	16	0.0232258	0	0	0	0	0	0	0	1	0	0	0	0	0	0	0	0	0	0	9.61887
416	1	0	0	0	0	0	0	0	0	0	0	0	0	1	1	0	0	9	0.1015999	81	0.0103225	0	0	0	0	0	0	0	1	0	0	0	0	0	0	0	0	0	0	9.440964
416	0	0	0	1	0	0	1	0	0	0	0	0	0	0	0	0	4	6	0	36	0	0	0	1.5748	0	0	0	0	0	4	0	0	0	0	0	1	0	0	0	9.127307
416	0	1	0	0	0	0	1	0	0	0	0	0	0	0	0	0	0	7	0.2032	49	0.0412902	0	0	0	0	0	0	0	0	0	1	1	0	0	0	0	0	0	0	9.303116
416	0	0	0	0	0	0	1	0	0	0	0	0	0	1	0	0	0	10	0.1524	100	0.0232258	0	0	0	0	0	0	0	1	0	0	1	0	0	0	0	0	0	0	9.286845
416	1	0	0	1	0	0	0	0	0	0	0	0	0	0	1	0	1	3	0	9	0	0	0	1.5748	0	0	0	0	0	1	0	0	1	0	0	0	0	0	0	8.99223
416	0	0	0	0	1	0	0	0	0	1	0	0	0	1	1	0	0	5	0.1524	25	0.0232258	0	0	0	0	0	0	0	1	0	0	0	0	0	0	0	0	0	0	9.179138
416	1	1	0	0	0	0	0	0	0	0	0	0	0	0	1	0	0	3	0.0254	9	0.0006452	0	0	0	0	0	0	0	0	0	1	1	0	0	0	0	0	0	0	9.2512
416	0	1	0	0	0	1	0	0	0	0	0	0	0	0	0	0	0	4	0.1396999	16	0.0195161	0	0	0	0	0	0	0	0	0	1	1	0	0	0	0	0	0	0	9.371115
416	0	0	0	1	0	0	0	0	0	0	0	0	0	0	1	0	3	11	0	121	0	0	0	1.5748	0	0	0	0	0	3	0	0	0	0	1	0	0	0	0	8.99223
416	0	1	0	1	0	0	0	0	0	0	0	0	0	0	1	0	0	4	0	16	0	0	0	1.5748	0	0	0	0	0	0	1	0	0	0	0	0	0	0	0	9.2512
416	0	1	0	1	1	1	0	0	0	1	0	0	0	0	0	0	0	25	0	625	0	0	0	1.5748	0	0	0	0	0	0	1	0	0	0	0	0	0	0	0	9.328186
416	0	1	0	0	1	0	1	0	0	1	0	0	0	0	0	0	0	-6	0.127	36	0.016129	0	0	0	0	0	0	0	0	0	1	0	0	0	0	0	0	0	0	9.989575
417	1	0	0	0	0	0	0	0	1	0	0	0	0	1	0	0	0	6	0.127	36	0.016129	0	0	0	0	0	0	0	1	0	0	1	0	0	1	0	0	0	0	9.494866
417	1	0	0	0	0	0	1	0	1	0	0	0	0	0	0	-3	0	6	0.1524	36	0.0232258	0	0	0	0	0	0	0	0	-3	0	1	0	0	0	0	0	0	0	10.01695
417	1	0	0	0	0	0	1	0	1	0	0	0	0	1	0	0	0	7	0.1524	49	0.0232258	0	0	0	0	0	0	0	1	0	0	1	0	0	1	0	0	0	0	9.93285
417	0	0	0	0	1	1	0	0	0	0	0	0	0	1	1	0	0	9	0.2032	81	0.0412902	0	0	0	0	0	0	0	1	0	0	0	0	0	1	0	0	0	0	9.179138
417	1	1	0	0	0	0	1	0	1	0	0	0	0	0	0	0	0	5	0.1015999	25	0.0103225	0	0	0	0	0	0	0	0	0	1	1	0	0	0	0	0	0	0	9.689184
417	0	1	0	1	0	0	1	0	0	0	0	0	0	0	0	0	0	6	0	36	0	0	0	1.5748	0	0	0	0	0	0	1	0	0	0	0	0	0	0	0	9.830038
417	1	1	0	0	1	1	0	0	0	0	0	0	0	0	1	0	0	5	0.1015999	25	0.0103225	0	0	0	0	0	0	0	0	0	1	0	0	0	0	0	0	0	0	9.848722
417	0	0	0	0	0	0	0	0	0	0	0	0	0	1	0	0	0	8	0.1524	64	0.0232258	0	0	0	0	0	0	0	1	0	0	0	0	0	1	0	0	0	0	9.044147
417	0	0	0	0	0	1	0	0	0	0	0	0	0	0	1	0	1	8	0.1015999	64	0.0103225	0	0	0	0	0	0	0	0	1	0	0	0	0	0	1	0	0	0	9.2512
417	0	0	0	0	0	1	0	0	0	0	0	0	0	1	1	0	0	9	0.1143	81	0.0130645	0	0	0	0	0	0	0	1	0	0	0	0	0	1	0	0	0	0	9.159284
417	0	0	0	0	0	1	0	0	1	0	0	0	0	1	1	0	0	8	0.1015999	64	0.0103225	0	0	0	0	0	0	0	1	0	0	1	0	0	1	0	0	0	0	9.2512
417	0	0	0	0	0	0	0	0	1	0	0	0	0	1	0	0	0	6	0.1015999	36	0.0103225	0	0	0	0	0	0	0	1	0	0	1	0	0	1	0	0	0	0	10.0737
421	1	0	0	0	0	1	0	0	0	0	0	0	0	1	1	0	0	10	0.1524	100	0.0232258	0	0	0	0	0	0	0	1	0	0	0	0	0	0	0	1	0	0	9.328186
421	0	0	0	0	0	1	0	0	0	0	0	0	0	0	1	-1	0	6	0.0508	36	0.0025806	0	0	0	0	0	0	0	0	-1	0	1	0	0	0	1	0	0	0	9.440964
421	0	0	0	0	0	1	0	0	0	0	0	0	0	0	1	-1	0	6	0.0254	36	0.0006452	0	0	0	0	0	0	0	0	-1	0	1	0	0	0	1	0	0	0	9.830038
421	1	0	0	0	0	0	0	0	0	0	0	0	0	0	0	-1	0	4	0.127	16	0.016129	0	0	0	0	0	0	0	0	-1	0	0	0	0	0	1	0	0	0	9.809099
421	0	0	0	0	0	0	0	0	0	0	0	0	0	0	0	0	2	7	0.0254	49	0.0006452	0	0	0	0	0	0	0	0	2	0	0	0	0	0	0	0	0	1	9.949953
421	0	0	0	0	0	1	0	0	0	0	0	0	0	1	1	0	0	9	0.127	81	0.016129	0	0	0	0	0	0	0	1	0	0	0	0	0	0	0	1	0	0	9.689184
421	0	0	0	0	0	1	0	0	0	0	0	0	0	1	1	0	0	6	0.1524	36	0.0232258	0	0	0	0	0	0	0	1	0	0	0	0	0	0	0	1	0	0	9.550129
421	1	0	0	0	0	1	0	0	0	0	0	0	0	1	1	0	0	5	0.0762	25	0.0058064	0	0	0	0	0	0	0	1	0	0	1	0	0	0	0	1	0	0	9.848722
421	0	1	0	0	0	1	0	0	0	0	0	0	0	0	1	0	0	5	0.2032	25	0.0412902	0	0	0	0	0	0	0	0	0	1	1	0	0	0	0	0	0	0	9.440964
421	0	0	0	0	0	0	0	0	0	0	0	0	0	0	0	-1	0	5	0.1015999	25	0.0103225	0	0	0	0	0	0	0	0	-1	0	0	0	0	0	1	0	0	0	9.809099
421	0	0	0	0	0	1	0	0	0	0	0	0	0	1	1	0	0	7	0.0381	49	0.0014516	0	0	0	0	0	0	0	1	0	0	0	0	0	0	0	1	0	0	9.809099
421	1	0	0	0	0	1	0	0	0	0	0	0	0	0	1	-1	0	4	0.0254	16	0.0006452	0	0	0	0	0	0	0	0	-1	0	0	0	0	0	1	0	0	0	10.07391
421	0	0	0	0	0	0	0	0	0	0	0	0	0	0	0	-2	0	10	0.1015999	100	0.0103225	0	0	0	0	0	0	0	0	-2	0	1	0	0	1	0	0	0	0	9.809099
421	0	0	0	0	0	1	0	0	0	0	0	0	0	1	1	0	0	3	0.1143	9	0.0130645	0	0	0	0	0	0	0	1	0	0	0	0	0	0	0	1	0	0	9.949953
421	1	1	0	0	0	0	1	0	0	0	0	0	0	0	0	0	0	6	0.1015999	36	0.0103225	0	0	0	0	0	0	0	0	0	1	0	0	0	0	0	0	0	0	9.440964
422	0	0	0	0	0	0	0	0	0	0	0	0	0	1	1	0	0	11	0.1051999	121	0.011067	0	0	0	0	0	0	0	0	0	0	0	0	0	1	0	0	0	0	9.317419
422	0	0	0	1	0	0	0	0	0	0	0	0	0	1	1	0	0	4	0	16	0	0	0	1.5748	0	0	0	0	0	0	0	0	0	0	1	0	0	0	0	8.938133
422	1	0	0	1	0	0	0	0	0	0	0	0	0	1	1	0	0	6	0	36	0	0	0	1.5748	0	0	0	0	0	0	0	1	0	0	1	0	0	0	0	8.771515
422	0	0	0	0	0	0	0	0	0	0	0	0	0	1	1	0	0	3	0.0762	9	0.0058064	0	0	0	0	0	0	0	0	0	0	0	0	0	1	0	0	0	0	8.540193
422	0	0	0	0	0	1	0	0	0	0	0	0	0	1	0	0	0	5	0.127	25	0.016129	0	0	0	0	0	0	0	0	0	0	1	0	0	1	0	0	0	0	9.550129
422	0	1	0	0	0	0	1	0	0	0	0	0	0	0	0	0	0	-2	0.0762	4	0.0058064	0	0	0	0	0	0	0	0	0	0	0	0	0	0	0	0	0	0	9.260187
422	1	0	0	1	0	0	0	0	0	0	0	0	0	0	1	-2	0	7	0	49	0	0	0	1.5748	0	0	0	0	0	0	0	1	1	0	0	0	0	0	0	8.99223
423	1	0	0	0	0	0	1	0	0	0	0	0	0	1	0	0	0	5	0.0635	25	0.0040323	0	0	0	0	0	0	0	1	0	0	1	0	0	0	0	1	0	0	9.2512
423	1	0	0	0	0	0	1	0	0	0	0	0	0	1	0	0	0	4	0.0762	16	0.0058064	0	0	0	0	0	0	0	1	0	0	0	0	0	0	0	1	0	0	9.127307
423	1	1	0	0	0	0	1	0	0	0	0	0	0	0	0	0	0	6	0.1397001	36	0.0195161	0	0	0	0	0	0	0	0	0	1	0	0	0	0	0	0	0	0	8.99223
423	1	0	0	0	0	1	0	0	0	0	0	0	0	1	1	0	0	5	0.0381	25	0.0014516	0	0	0	0	0	0	0	1	0	0	1	0	0	0	0	1	0	0	10.03874
423	1	1	0	0	0	0	1	0	0	0	0	0	0	0	0	0	0	4	0.1143	16	0.0130645	0	0	0	0	0	0	0	0	0	1	0	0	0	0	0	0	0	0	9.689184
424	0	0	0	0	0	1	0	0	0	0	0	0	0	0	1	-1	0	3	0.0508	9	0.0025806	0	0	0	0	0	0	0	0	-1	0	0	0	0	0	1	0	0	0	9.410738
424	1	0	0	0	0	0	1	0	0	0	0	0	0	1	0	0	0	10	0.1777999	100	0.0316128	0	0	0	0	0	0	0	1	0	0	1	0	0	0	0	1	0	0	9.084581
424	0	0	0	0	0	0	1	0	0	0	0	0	0	0	0	0	0	4	0.0508	16	0.0025806	0	0	0	0	0	0	0	0	0	0	0	0	0	0	0	1	0	0	9.273385
424	1	1	0	1	0	1	0	0	0	0	0	0	0	0	1	0	0	3	0	9	0	0	0	1.651	0	0	0	0	0	0	1	1	0	0	0	0	0	0	0	9.451937
424	0	0	0	0	0	1	0	0	0	0	0	0	0	0	1	-2	0	5	0.0508	25	0.0025806	0	0	0	0	0	0	0	0	-2	0	1	0	0	1	0	0	0	0	8.99223
424	0	0	0	1	0	1	0	0	0	0	0	0	0	0	1	-2	0	5	0	25	0	0	0	1.651	0	0	0	0	0	-2	0	1	0	0	1	0	0	0	0	9.2512
424	0	0	0	0	0	0	0	0	0	0	0	0	0	0	0	-5	0	16	0.0508	256	0.0025806	0	0	0	0	0	0	0	0	-5	0	0	0	0	0	0	0	0	0	9.303116
424	1	0	0	0	0	0	1	0	0	0	0	0	0	0	0	-2	0	1	-0.0254	1	0.0006452	0	0	0	0	0	0	0	0	-2	0	1	0	0	1	0	0	0	0	9.522566
426	1	0	0	0	0	1	0	0	0	0	0	0	0	1	1	0	0	6	0.0254	36	0.0006452	0	0	0	0	0	0	0	0	0	0	1	0	0	0	0	1	0	0	9.286845
426	0	0	0	0	0	1	0	0	0	0	0	0	0	1	1	0	0	9	0.2032	81	0.0412902	0	0	0	0	0	0	0	0	0	0	0	0	0	0	0	1	0	0	9.430214
426	1	0	0	0	0	1	0	0	0	0	0	0	0	1	1	0	0	6	0.1524	36	0.0232258	0	0	0	0	0	0	0	0	0	0	0	0	0	0	0	1	0	0	9.494866
426	1	0	0	0	0	1	0	0	0	0	0	0	0	1	1	0	0	7	0.127	49	0.016129	0	0	0	0	0	0	0	0	0	0	0	0	0	0	0	1	0	0	8.99223
426	0	0	0	0	0	1	0	0	0	0	0	0	0	1	1	0	0	8	0.0634999	64	0.0040322	0	0	0	0	0	0	0	0	0	0	0	0	0	0	0	1	0	0	9.2512
426	0	0	0	0	0	0	1	0	0	0	0	0	0	1	0	0	0	9	0.0762	81	0.0058064	0	0	0	0	0	0	0	0	0	0	0	0	0	0	0	1	0	0	10.07391
426	0	0	0	0	0	1	0	0	0	0	0	0	0	1	1	0	0	6	0.1015999	36	0.0103225	0	0	0	0	0	0	0	0	0	0	1	0	0	0	0	1	0	0	9.2512
426	1	0	0	0	0	1	0	0	0	0	0	0	0	1	1	0	0	6	0.1015999	36	0.0103225	0	0	0	0	0	0	0	0	0	0	1	0	0	0	0	1	0	0	8.99223
426	0	0	0	0	0	1	0	0	0	0	0	0	0	1	1	0	0	9	0.0762	81	0.0058064	0	0	0	0	0	0	0	0	0	0	0	0	0	0	0	1	0	0	9.107232
426	0	1	1	1	1	0	1	0	0	1	0	0	0	0	0	0	0	0	0	0	0	22	0	1.5748	0	0	0	0	0	0	0	0	0	0	0	0	0	0	0	9.49507
426	0	0	0	0	0	0	1	0	0	0	0	0	0	1	0	0	0	10	0.1015999	100	0.0103225	0	0	0	0	0	0	0	0	0	0	0	0	0	0	0	1	0	0	9.101377
426	0	0	0	0	0	1	0	0	0	0	0	0	0	1	1	0	0	10	0.1015999	100	0.0103225	0	0	0	0	0	0	0	0	0	0	0	0	0	0	0	1	0	0	9.809099
426	1	0	0	0	0	1	0	0	0	0	0	0	0	1	1	0	0	8	0.1777999	64	0.0316128	0	0	0	0	0	0	0	0	0	0	0	0	0	0	0	1	0	0	8.99223
426	0	0	0	0	0	0	1	0	0	0	0	0	0	1	0	0	0	9	0.127	81	0.016129	0	0	0	0	0	0	0	0	0	0	0	0	0	0	0	1	0	0	9.204478
426	0	0	0	1	0	1	0	0	0	0	0	0	0	1	1	0	0	7	0	49	0	0	0	1.5748	0	0	0	0	0	0	0	1	0	0	0	0	1	0	0	9.2512
427	1	0	0	0	0	1	0	0	1	0	0	0	0	1	1	0	0	5	0	25	0	0	0	0	0	0	0	0	1	0	0	1	0	0	0	1	0	0	0	9.689184
427	1	1	0	0	0	1	0	0	1	0	0	0	0	0	1	0	0	8	0.127	64	0.016129	0	0	0	0	0	0	0	0	0	1	1	0	0	0	0	0	0	0	9.098928
427	0	0	0	0	0	0	0	0	0	0	0	0	0	0	0	0	3	4	0.0508	16	0.0025806	0	0	0	0	0	0	0	0	3	0	0	0	0	0	0	0	0	1	9.2512
427	1	0	0	0	0	0	1	0	1	0	0	0	0	0	0	0	1	3	0.1778001	9	0.0316129	0	0	0	0	0	0	0	0	1	0	1	0	0	0	0	1	0	0	9.2512
427	0	0	0	0	0	1	0	0	1	0	0	0	0	1	1	0	0	5	0.1016001	25	0.0103226	0	0	0	0	0	0	0	1	0	0	1	0	0	0	1	0	0	0	9.107232
427	0	0	0	0	0	1	0	0	1	0	0	0	0	0	1	0	0	2	0.127	4	0.016129	0	0	0	0	0	0	0	0	0	0	1	0	0	0	1	0	0	0	8.938133
427	0	0	1	1	0	1	0	0	1	0	0	0	0	1	1	0	0	0	0	0	0	27	0	1.6256	0	0	0	0	1	0	0	1	0	0	0	1	0	0	0	9.771483
427	0	0	0	1	0	0	0	0	0	0	0	0	0	0	0	0	3	7	0	49	0	0	0	1.6256	0	0	0	0	0	3	0	0	0	0	0	0	0	0	1	9.689184
427	0	1	0	0	0	0	1	0	0	0	0	0	0	0	0	0	0	3	0.0762	9	0.0058064	0	0	0	0	0	0	0	0	0	1	0	0	0	0	0	0	0	0	9.107232
427	1	1	0	0	0	0	0	0	1	0	0	0	0	0	0	0	0	4	0.1016001	16	0.0103226	0	0	0	0	0	0	0	0	0	1	1	0	0	0	0	0	0	0	8.93498
427	0	1	0	1	0	0	1	0	0	0	0	0	0	0	0	0	0	0	0	0	0	0	0	1.6256	0	0	0	0	0	0	1	0	0	0	0	0	0	0	0	8.824633
427	1	0	0	0	0	1	0	0	0	0	0	0	0	1	1	0	0	5	-0.1015999	25	0.0103225	0	0	0	0	0	0	0	1	0	0	0	0	0	0	1	0	0	0	8.99223
427	0	0	0	0	0	0	0	0	1	0	0	0	0	0	0	0	3	3	0.0508	9	0.0025806	0	0	0	0	0	0	0	0	3	0	1	0	0	0	0	0	0	1	9.024206
427	0	0	1	1	0	1	0	0	0	0	0	0	0	1	1	0	0	0	0	0	0	27	0	1.6256	0	0	0	0	1	0	0	0	0	0	0	1	0	0	0	9.2512
427	0	0	0	0	0	0	0	0	1	0	0	0	0	0	0	0	1	11	0.0254	121	0.0006452	0	0	0	0	0	0	0	0	1	0	1	0	0	0	0	1	0	0	9.328371
428	1	0	0	0	0	1	0	0	0	0	0	0	0	0	0	0	1	8	0.0254	64	0.0006452	0	0	0	0	0	0	0	0	0	0	1	0	0	0	1	0	0	0	10.07391
428	1	1	0	1	0	1	0	0	0	0	0	0	0	0	0	0	0	3	0	9	0	0	0	1.6256	0	0	0	0	0	0	0	0	0	0	0	0	0	0	0	9.016634
428	0	1	1	1	1	0	1	0	0	1	1	0	0	0	0	0	0	0	0	0	0	32	0	1.6256	0	0	0	0	0	0	0	0	0	0	0	0	0	0	0	9.208271
428	0	0	0	0	0	0	1	0	0	0	1	0	0	0	0	-3	0	2	0.0508	4	0.0025806	0	0	0	0	0	0	0	0	0	0	1	0	0	0	0	0	0	0	9.25949
428	1	0	0	0	0	0	0	0	0	0	0	0	0	1	0	0	0	9	0.0635	81	0.0040323	0	0	0	0	0	0	0	0	0	0	1	0	0	1	0	0	0	0	9.848722
428	1	0	0	0	0	0	1	0	0	0	1	0	0	1	0	0	0	1	0.1016001	1	0.0103226	0	0	0	0	0	0	0	0	0	0	1	0	0	1	0	0	0	0	9.814734
428	1	0	0	0	0	1	0	0	0	0	0	0	0	1	0	0	0	7	0.0508	49	0.0025806	0	0	0	0	0	0	0	0	0	0	0	0	0	1	0	0	0	0	10.07391
429	0	1	0	0	0	0	0	0	0	0	0	0	0	0	1	0	0	1	0.1777999	1	0.0316128	0	0	0	0	0	0	1	0	0	0	1	0	0	0	0	0	0	0	9.648238
429	0	0	0	0	0	1	0	0	0	0	0	0	0	0	0	0	2	8	0.1142999	64	0.0130645	0	0	0	0	0	2	0	0	0	0	1	0	0	0	0	1	0	0	9.494866
429	0	1	0	0	0	0	0	0	0	0	0	0	0	0	1	0	0	4	0.127	16	0.016129	0	0	0	0	0	0	1	0	0	0	0	0	0	0	0	0	0	0	9.151768
429	1	0	0	0	0	0	0	0	0	0	0	0	0	1	1	0	0	5	0.0761999	25	0.0058064	0	0	0	0	1	0	0	0	0	0	0	0	0	1	0	0	0	0	9.438108
429	1	0	0	0	0	0	0	0	0	0	0	0	0	1	1	0	0	5	0.0761999	25	0.0058064	0	0	0	0	1	0	0	0	0	0	1	0	0	1	0	0	0	0	9.689184
429	0	0	0	0	0	1	0	0	0	0	0	0	0	0	0	0	2	9	0.0508	81	0.0025806	0	0	0	0	0	2	0	0	0	0	0	0	0	0	0	1	0	0	9.430214
430	1	0	0	0	0	0	0	0	0	0	0	0	0	1	1	0	0	7	0.0508001	49	0.0025806	0	0	0	0	0	0	0	0	0	0	0	0	0	1	0	0	0	0	8.99223
430	0	0	1	0	0	0	0	0	1	0	0	0	0	1	1	0	0	0	0.1016001	0	0.0103226	23	0	0	0	0	0	0	0	0	0	0	0	0	1	0	0	0	0	9.208271
430	1	0	0	0	0	1	0	0	0	0	0	0	0	1	0	0	0	5	0.1778001	25	0.0316129	0	0	0	0	0	0	0	0	0	0	0	0	0	1	0	0	0	0	8.716446
430	1	0	0	0	0	0	0	0	0	0	0	0	0	1	1	0	0	5	0.1143	25	0.0130645	0	0	0	0	0	0	0	0	0	0	0	0	0	1	0	0	0	0	9.440964
430	1	0	0	0	0	0	0	0	1	0	0	0	0	1	1	0	0	7	0.1778001	49	0.0316129	0	0	0	0	0	0	0	0	0	0	0	0	0	1	0	0	0	0	8.938133
430	1	0	0	0	0	0	1	0	0	0	0	0	0	1	0	0	0	5	0.1143	25	0.0130645	0	0	0	0	0	0	0	0	0	0	1	0	0	1	0	0	0	0	9.288423
430	0	1	0	0	0	0	0	0	0	0	0	0	0	0	1	0	0	4	0.2286	16	0.052258	0	0	0	0	0	0	0	0	0	0	1	0	0	0	0	0	0	0	9.571068
430	0	0	0	0	0	0	0	0	0	0	0	0	0	1	1	0	0	6	0.1905	36	0.0362903	0	0	0	0	0	0	0	0	0	0	1	0	0	1	0	0	0	0	9.151768
430	0	0	0	1	0	1	0	0	0	0	0	0	0	1	0	0	0	7	0	49	0	0	0	1.5494	0	0	0	0	0	0	0	0	0	0	1	0	0	0	0	8.99223
431	0	0	0	0	0	0	1	0	1	0	0	0	0	1	0	0	0	5	0.1015999	25	0.0103225	0	0	0	0	0	0	0	0	0	0	1	0	0	0	0	0	0	0	8.99223
431	0	0	0	0	0	0	0	0	1	0	0	0	0	1	1	0	0	6	0.0762	36	0.0058064	0	0	0	0	0	0	0	0	0	0	1	0	0	0	0	0	0	0	9.288423
431	1	0	0	0	0	0	0	0	0	0	0	0	0	1	1	0	0	9	0.1015999	81	0.0103225	0	0	0	0	0	0	0	0	0	0	0	0	0	0	0	0	0	0	9.2512
431	0	0	0	0	0	1	0	0	1	0	0	0	0	1	0	0	0	5	0.0762	25	0.0058064	0	0	0	0	0	0	0	0	0	0	1	0	0	0	0	0	0	0	9.235896
431	0	1	0	0	0	0	0	0	1	0	0	0	0	0	1	0	0	4	0.0762	16	0.0058064	0	0	0	0	0	0	0	0	0	0	1	0	0	0	0	0	0	0	9.235896
431	1	0	0	0	0	0	1	0	1	0	0	0	0	1	0	0	0	5	0.2286	25	0.052258	0	0	0	0	0	0	0	0	0	0	1	0	0	0	0	0	0	0	9.848722
431	0	1	0	0	0	0	0	0	1	0	0	0	0	0	1	0	0	7	0.0127	49	0.0001613	0	0	0	0	0	0	0	0	0	0	1	0	0	0	0	0	0	0	8.883064
431	1	1	0	0	0	0	1	0	1	0	0	0	0	0	0	0	0	7	0.0762	49	0.0058064	0	0	0	0	0	0	0	0	0	0	1	0	0	0	0	0	0	0	8.99223
431	0	1	0	0	0	0	1	0	1	0	0	0	0	0	0	0	0	6	0.0508	36	0.0025806	0	0	0	0	0	0	0	0	0	0	1	0	0	0	0	0	0	0	9.494866
431	1	0	0	0	0	0	0	0	1	0	0	0	0	0	1	0	1	5	0.1015999	25	0.0103225	0	0	0	0	0	0	0	0	0	0	1	1	0	0	0	0	0	0	8.942503
431	1	1	0	0	0	0	1	0	0	0	0	0	0	0	0	0	0	3	0.1524	9	0.0232258	0	0	0	0	0	0	0	0	0	0	0	0	0	0	0	0	0	0	9.235896
434	1	0	0	0	0	0	0	0	0	0	0	0	0	1	1	0	0	2	0.1016001	4	0.0103226	0	0	0	0	0	0	0	0	0	0	0	0	0	1	0	0	0	0	9.43159
434	1	1	0	0	0	0	1	0	0	0	0	0	0	0	0	0	0	7	0.1524	49	0.0232258	0	0	0	0	0	0	0	0	0	0	0	0	0	0	0	0	0	0	10.0737
435	1	1	0	1	0	0	1	0	0	0	0	0	0	0	0	0	0	8	0	64	0	0	0	1.5748	0	0	0	0	0	0	0	0	0	0	0	0	0	0	0	8.99223
435	1	0	0	0	1	0	0	0	0	1	0	0	0	1	1	0	0	8	0.1015999	64	0.0103225	0	0	0	0	0	0	0	0	0	0	0	0	0	0	0	0	0	0	8.99223
435	1	0	0	0	1	0	0	0	0	1	0	0	0	1	1	0	0	6	0.127	36	0.016129	0	0	0	0	0	0	0	0	0	0	0	0	0	0	0	0	0	0	9.2512
435	0	1	0	0	0	0	0	0	0	0	0	0	0	0	1	0	0	6	0.1524	36	0.0232258	0	0	0	0	0	0	0	0	0	0	1	0	0	0	0	0	0	0	9.084581
435	1	0	1	0	0	0	1	0	0	0	0	0	0	0	0	0	3	0	0.127	0	0.016129	28	0	0	0	0	0	0	0	0	0	1	0	0	1	0	0	0	0	9.288423
435	1	1	0	0	0	0	0	0	0	0	0	0	0	0	1	0	0	5	0.127	25	0.016129	0	0	0	0	0	0	0	0	0	0	1	0	0	0	0	0	0	0	9.101377
435	0	1	0	0	0	0	0	0	0	0	0	0	0	0	1	0	0	5	0.1524	25	0.0232258	0	0	0	0	0	0	0	0	0	0	1	0	0	0	0	0	0	0	8.938133
436	0	1	0	1	0	0	1	0	0	0	0	0	0	0	0	0	0	8	0	64	0	0	0	1.6891	0	0	0	0	0	0	0	0	0	0	0	0	0	0	0	9.7411
436	0	1	0	0	0	0	1	0	0	0	0	0	0	0	0	0	0	4	0.0127	16	0.0001613	0	0	0	0	0	0	0	0	0	0	0	0	0	0	0	0	0	0	9.494866
436	0	1	0	0	0	0	1	0	0	0	0	0	0	0	0	0	0	5	0.1651	25	0.027258	0	0	0	0	0	0	0	0	0	0	0	0	0	0	0	0	0	0	9.830038
436	0	1	0	0	0	1	0	0	0	0	0	0	0	0	1	0	0	2	0.0381	4	0.0014516	0	0	0	0	0	0	0	0	0	0	1	0	0	0	0	0	0	0	9.809099
436	1	0	0	0	0	1	0	0	0	0	0	0	0	1	1	0	0	7	0.0889	49	0.0079032	0	0	0	0	0	0	0	0	0	0	1	0	0	0	0	0	0	0	9.494866
436	0	1	0	1	0	0	1	0	0	0	0	0	0	0	0	0	0	5	0	25	0	0	0	1.6891	0	0	0	0	0	0	0	0	0	0	0	0	0	0	0	8.938133
436	1	0	0	0	0	0	1	0	0	0	0	0	0	1	0	0	0	6	0.0381	36	0.0014516	0	0	0	0	0	0	0	0	0	0	1	0	0	0	0	0	0	0	9.564714
436	1	0	0	0	0	0	0	0	0	0	0	0	0	1	0	0	0	5	0.0381	25	0.0014516	0	0	0	0	0	0	0	0	0	0	1	0	0	0	0	0	0	0	8.848993
436	0	0	0	0	0	0	0	0	0	0	0	0	0	0	0	0	5	2	0.2921	4	0.0853224	0	0	0	0	0	0	0	0	0	0	1	0	0	0	0	1	0	0	9.260187
436	1	0	0	0	0	0	0	0	0	0	0	0	0	1	0	0	0	4	0.1651	16	0.027258	0	0	0	0	0	0	0	0	0	0	1	0	0	0	0	0	0	0	8.883064
436	0	0	0	0	0	0	1	0	0	0	0	0	0	1	0	0	0	6	0.0381	36	0.0014516	0	0	0	0	0	0	0	0	0	0	0	0	0	0	0	0	0	0	9.2512
436	0	1	0	0	0	0	1	0	0	0	0	0	0	0	0	0	0	6	0.1143	36	0.0130645	0	0	0	0	0	0	0	0	0	0	1	0	0	0	0	0	0	0	9.2512
436	1	0	0	0	0	1	0	0	0	0	0	0	0	1	1	0	0	7	0.1396999	49	0.0195161	0	0	0	0	0	0	0	0	0	0	1	0	0	0	0	0	0	0	9.494866
436	0	1	0	0	0	0	1	0	0	0	0	0	0	0	0	0	0	8	0.0889	64	0.0079032	0	0	0	0	0	0	0	0	0	0	0	0	0	0	0	0	0	0	9.288423
436	0	0	0	0	0	0	1	0	0	0	0	0	0	0	0	0	7	5	0.1905	25	0.0362903	0	0	0	0	0	0	0	0	0	0	0	0	0	0	0	0	0	1	9.288423
437	0	0	0	0	0	0	0	0	0	0	0	0	0	1	1	0	0	16	0.1523999	256	0.0232257	0	0	0	0	0	0	0	0	0	0	1	0	0	1	0	0	0	0	9.989575
437	0	0	0	0	0	0	1	0	0	0	0	0	0	0	0	-3	0	1	0.2285999	1	0.0522579	0	0	0	0	0	0	0	0	0	0	0	0	0	0	0	0	0	0	9.689184
437	1	0	0	0	0	0	0	0	0	0	0	0	0	1	1	0	0	0	0.1259999	0	0.015876	0	0	0	0	0	0	0	0	0	0	0	0	0	1	0	0	0	0	9.989575
437	0	0	0	0	0	0	0	0	0	0	0	0	0	1	1	0	0	6	0.1777999	36	0.0316128	0	0	0	0	0	0	0	0	0	0	1	0	0	1	0	0	0	0	8.998067
437	0	0	0	0	0	0	1	0	0	0	0	0	0	1	0	0	0	1	0.066	1	0.004356	0	0	0	0	0	0	0	0	0	0	0	0	0	1	0	0	0	0	9.689184
437	0	0	0	0	0	0	0	0	0	0	0	0	0	1	1	0	0	7	0.0634999	49	0.0040322	0	0	0	0	0	0	0	0	0	0	1	0	0	1	0	0	0	0	10.0973
437	0	1	0	0	0	0	1	0	0	0	0	0	0	0	0	0	0	3	0.0762	9	0.0058064	0	0	0	0	0	0	0	0	0	0	1	0	0	0	0	0	0	0	8.99223
437	0	0	0	0	0	0	1	0	0	0	0	0	0	1	0	0	0	2	0.2539999	4	0.064516	0	0	0	0	0	0	0	0	0	0	1	0	0	1	0	0	0	0	9.689184
438	1	1	0	0	0	1	0	0	0	0	0	0	0	0	1	0	0	5	0.1015999	25	0.0103225	0	0	0	0	0	0	0	0	0	0	1	0	0	0	0	0	0	0	9.689184
438	0	0	0	0	0	1	0	0	0	0	0	0	0	1	1	0	0	4	0.0761999	16	0.0058064	0	0	0	0	0	0	0	0	0	0	1	0	0	1	0	0	0	0	8.825611
438	0	0	0	0	0	0	0	0	0	0	0	0	0	1	0	0	0	4	0.1015999	16	0.0103225	0	0	0	0	0	0	0	0	0	0	1	0	0	1	0	0	0	0	9.689184
438	1	0	0	0	0	0	0	0	0	0	0	0	0	1	0	0	0	4	0.2032	16	0.0412902	0	0	0	0	0	0	0	0	0	0	1	0	0	1	0	0	0	0	9.689184
438	0	1	0	1	0	0	0	0	0	0	0	0	0	0	0	0	0	4	0	16	0	0	0	1.6002	0	0	0	0	0	0	0	1	0	0	0	0	0	0	0	9.689184
438	1	0	0	0	0	0	1	0	0	0	0	0	0	1	0	0	0	5	0.1142999	25	0.0130645	0	0	0	0	0	0	0	0	0	0	1	0	0	1	0	0	0	0	10.0737
438	1	1	0	0	0	0	1	0	0	0	0	0	0	0	0	0	0	3	0.1777999	9	0.0316128	0	0	0	0	0	0	0	0	0	0	0	0	0	0	0	0	0	0	9.2512
438	0	0	0	0	1	1	0	0	0	1	0	0	0	1	1	0	0	9	0.1777999	81	0.0316128	0	0	0	0	0	0	0	0	0	0	0	0	0	1	0	0	0	0	9.288423
438	0	0	1	0	1	1	0	0	0	1	0	0	0	1	1	0	0	0	0.2285999	0	0.0522579	24	0	0	0	0	0	0	0	0	0	0	0	0	1	0	0	0	0	9.876092
438	1	0	0	0	0	0	0	0	0	0	0	0	0	1	0	0	0	2	0.0761999	4	0.0058064	0	0	0	0	0	0	0	0	0	0	0	0	0	1	0	0	0	0	9.367809
438	0	0	0	0	0	1	0	0	0	0	0	0	0	1	1	0	0	8	0.0761999	64	0.0058064	0	0	0	0	0	0	0	0	0	0	0	0	0	1	0	0	0	0	9.321049
438	0	0	0	0	1	1	0	0	0	1	0	0	0	1	1	0	0	4	0.0761999	16	0.0058064	0	0	0	0	0	0	0	0	0	0	0	0	0	1	0	0	0	0	9.107023
438	0	1	0	0	0	1	0	0	0	0	0	0	0	0	1	0	0	3	0.2032	9	0.0412902	0	0	0	0	0	0	0	0	0	0	0	0	0	0	0	0	0	0	9.989575
438	0	0	0	0	0	1	0	0	0	0	0	0	0	0	1	0	2	16	0.0253999	256	0.0006452	0	0	0	0	0	0	0	0	0	0	0	0	0	0	0	1	0	0	9.348535
438	0	1	1	1	0	0	1	0	0	0	0	0	0	0	0	0	0	0	0	0	0	24	0	1.6002	0	0	0	0	0	0	0	0	0	0	0	0	0	0	0	9.317419
439	0	1	0	1	0	1	0	0	0	0	0	0	0	0	0	0	0	5	0	25	0	0	0	1.5748	0	0	0	0	0	0	0	1	0	0	0	0	0	0	0	9.2512
439	1	0	0	0	0	0	0	0	0	0	0	0	0	1	1	0	0	10	0.1777999	100	0.0316128	0	0	0	0	0	0	0	0	0	0	1	0	0	0	0	0	0	0	9.438108
439	1	0	0	0	0	0	0	0	0	0	0	0	0	1	1	0	0	3	0.1524	9	0.0232258	0	0	0	0	0	0	0	0	0	0	0	0	0	0	0	0	0	0	8.93498
439	0	0	0	0	0	0	0	0	0	0	0	0	0	1	1	0	0	7	0.2286	49	0.052258	0	0	0	0	0	0	0	0	0	0	1	0	0	0	0	0	0	0	9.2512
439	0	0	0	0	0	0	1	0	0	0	0	0	0	1	0	0	0	6	0.1015999	36	0.0103225	0	0	0	0	0	0	0	0	0	0	0	0	0	0	0	0	0	0	9.121804
439	1	0	0	1	0	0	0	0	0	0	0	0	0	1	1	0	0	5	0	25	0	0	0	1.5748	0	0	0	0	0	0	0	1	0	0	0	0	0	0	0	9.2512
439	1	0	0	0	0	0	1	0	0	0	0	0	0	1	0	0	0	4	0.127	16	0.016129	0	0	0	0	0	0	0	0	0	0	0	0	0	0	0	0	0	0	9.451937
439	0	1	0	0	0	0	1	0	0	0	0	0	0	0	0	0	0	6	0.0634999	36	0.0040322	0	0	0	0	0	0	0	0	0	0	1	0	0	0	0	0	0	0	9.2512
439	1	0	0	1	0	0	0	0	0	0	0	0	0	1	1	0	0	10	0	100	0	0	0	1.5748	0	0	0	0	0	0	0	1	0	0	0	0	0	0	0	9.989575
439	0	0	0	0	0	0	1	0	0	0	0	0	0	1	0	0	0	6	0.1524	36	0.0232258	0	0	0	0	0	0	0	0	0	0	0	0	0	0	0	0	0	0	9.366202
439	0	0	0	1	0	0	0	0	0	0	0	0	0	1	1	0	0	9	0	81	0	0	0	1.5748	0	0	0	0	0	0	0	1	0	0	0	0	0	0	0	8.99223
439	0	0	0	0	0	0	0	0	0	0	0	0	0	1	1	0	0	9	0.0762	81	0.0058064	0	0	0	0	0	0	0	0	0	0	0	0	0	0	0	0	0	0	9.089564
439	0	1	0	0	0	0	1	0	0	0	0	0	0	0	0	0	0	10	0.1015999	100	0.0103225	0	0	0	0	0	0	0	0	0	0	0	0	0	0	0	0	0	0	8.825611
439	0	1	0	1	0	0	0	0	0	0	0	0	0	0	1	0	0	8	0	64	0	0	0	1.5748	0	0	0	0	0	0	0	1	0	0	0	0	0	0	0	9.288423
439	0	0	0	0	1	0	0	0	0	1	0	0	0	1	1	0	0	13	0.1015999	169	0.0103225	0	0	0	0	0	0	0	0	0	0	0	0	0	0	0	0	0	0	9.208271
440	1	0	0	0	0	0	0	0	0	0	0	0	0	1	0	0	0	5	0.1016001	25	0.0103226	0	0	0	0	1	0	0	0	0	0	1	0	0	0	0	0	0	0	9.494866
440	0	0	0	0	0	1	0	0	0	0	0	0	0	1	1	0	0	4	0.0508	16	0.0025806	0	0	0	0	1	0	0	0	0	0	1	0	0	0	0	0	0	0	9.370974
440	0	0	0	0	0	1	0	0	0	0	0	0	0	1	1	0	0	9	0.0762	81	0.0058064	0	0	0	0	1	0	0	0	0	0	1	0	0	0	0	0	0	0	9.809099
440	0	1	1	1	0	0	1	0	0	0	0	0	0	0	0	0	0	0	0	0	0	25	0	1.6256	0	0	0	1	0	0	0	1	0	0	0	0	0	0	0	9.208271
440	0	0	1	1	0	1	0	0	0	0	0	0	0	1	1	0	0	0	0	0	0	25	0	1.6256	0	1	0	0	0	0	0	0	0	0	0	0	0	0	0	9.545007
440	1	0	0	0	0	0	1	0	0	0	0	0	0	1	0	0	0	2	0.1016001	4	0.0103226	0	0	0	0	1	0	0	0	0	0	0	0	0	0	0	0	0	0	9.235896
440	0	1	0	0	0	1	0	0	0	0	0	0	0	0	1	0	0	6	0.0508	36	0.0025806	0	0	0	0	0	0	1	0	0	0	1	0	0	0	0	0	0	0	8.99223
440	1	0	0	0	0	1	0	0	0	0	0	0	0	1	1	0	0	3	0.0762	9	0.0058064	0	0	0	0	1	0	0	0	0	0	1	0	0	0	0	0	0	0	8.99223
440	1	0	0	0	0	0	0	0	0	0	0	0	0	1	0	0	0	4	0.1016001	16	0.0103226	0	0	0	0	1	0	0	0	0	0	0	0	0	0	0	0	0	0	9.2512
440	0	0	0	0	0	1	0	0	0	0	0	0	0	1	1	0	0	6	0.1524	36	0.0232258	0	0	0	0	1	0	0	0	0	0	1	0	0	0	0	0	0	0	9.112145
440	1	0	0	0	0	0	1	0	0	0	0	0	0	1	0	0	0	5	0.1016001	25	0.0103226	0	0	0	0	1	0	0	0	0	0	0	0	0	0	0	0	0	0	9.689184
440	0	0	0	0	0	0	1	0	0	0	0	0	0	1	0	0	0	2	0.0254	4	0.0006452	0	0	0	0	1	0	0	0	0	0	1	0	0	0	0	0	0	0	9.571068
440	0	1	0	0	0	0	1	0	0	0	0	0	0	0	0	0	0	4	0.1524	16	0.0232258	0	0	0	0	0	0	1	0	0	0	1	0	0	0	0	0	0	0	9.348535
440	0	0	1	1	0	0	1	0	0	0	0	0	0	1	0	0	0	0	0	0	0	25	0	1.6256	0	1	0	0	0	0	0	0	0	0	0	0	0	0	0	9.208271
440	0	1	0	0	0	0	1	0	0	0	0	0	0	0	0	0	0	10	0.0254	100	0.0006452	0	0	0	0	0	0	1	0	0	0	0	0	0	0	0	0	0	0	8.883064
441	0	0	0	0	0	0	0	0	0	0	0	0	0	1	1	0	0	9	0.2032	81	0.0412902	0	0	0	0	1	0	0	0	0	0	1	0	0	0	0	0	0	0	9.2512
441	0	1	0	0	0	0	0	0	0	0	0	0	0	0	1	0	0	10	0.1777999	100	0.0316128	0	0	0	0	0	0	1	0	0	0	1	0	0	0	0	0	0	0	9.288423
441	0	0	0	0	0	0	1	0	0	0	0	0	0	1	0	0	0	4	0.3809999	16	0.1451609	0	0	0	0	1	0	0	0	0	0	1	0	0	0	0	0	0	0	9.848722
441	0	0	0	0	0	0	0	0	0	0	0	0	0	1	1	0	0	15	0.127	225	0.016129	0	0	0	0	1	0	0	0	0	0	0	0	0	0	0	0	0	0	9.044147
441	0	0	0	1	1	0	0	0	0	1	0	0	0	1	1	0	0	10	0	100	0	0	0	1.6002	0	1	0	0	0	0	0	0	0	0	0	0	0	0	0	9.208271
441	1	0	0	0	0	0	0	0	0	0	0	0	0	1	1	0	0	8	0.1015999	64	0.0103225	0	0	0	0	1	0	0	0	0	0	0	0	0	0	0	0	0	0	9.814734
441	1	1	0	0	0	0	0	0	0	0	0	0	0	0	1	0	0	6	0.1015999	36	0.0103225	0	0	0	0	0	0	1	0	0	0	0	0	0	0	0	0	0	0	9.2512
441	1	1	0	0	0	0	1	0	0	0	0	0	0	0	0	0	0	8	0.127	64	0.016129	0	0	0	0	0	0	1	0	0	0	0	0	0	0	0	0	0	0	9.440964
441	0	0	0	0	0	0	1	0	0	0	0	0	0	1	0	0	0	11	0.2032	121	0.0412902	0	0	0	0	1	0	0	0	0	0	0	0	0	0	0	0	0	0	9.089564
441	0	0	0	0	0	0	0	0	0	0	0	0	0	1	1	0	0	8	0.1523999	64	0.0232257	0	0	0	0	1	0	0	0	0	0	1	0	0	0	0	0	0	0	8.99223
441	1	1	0	0	1	0	1	0	0	1	0	0	0	0	0	0	0	7	0.2158999	49	0.0466128	0	0	0	0	0	0	1	0	0	0	0	0	0	0	0	0	0	0	9.288423
441	1	0	0	1	0	0	1	0	0	0	0	0	0	1	0	0	0	6	0	36	0	0	0	1.6002	0	1	0	0	0	0	0	1	0	0	0	0	0	0	0	9.2512
441	0	0	0	0	0	0	0	0	0	0	0	0	0	1	1	0	0	8	0.1523999	64	0.0232257	0	0	0	0	1	0	0	0	0	0	1	0	0	0	0	0	0	0	9.208271
442	0	0	1	0	0	1	0	0	0	0	0	0	0	1	1	0	0	0	0	0	0	27	0	0	1.7018	0	0	0	0	0	0	1	0	0	0	0	1	0	0	8.99223
442	0	0	0	0	0	1	0	0	0	0	0	0	0	1	1	0	0	8	0	64	0	0	0	0	1.6764	0	0	0	0	0	0	0	0	0	0	0	1	0	0	9.357899
442	1	1	0	0	0	0	1	0	0	0	0	0	0	0	0	0	0	8	0	64	0	0	0	0	1.7526	0	0	0	0	0	0	0	0	0	0	0	0	0	0	9.303116
442	1	0	0	0	0	0	0	0	0	0	0	0	0	0	0	0	2	1	0	1	0	0	0	0	1.6891	0	0	0	0	0	0	0	0	0	0	0	0	0	1	10.07391
442	0	1	0	0	0	0	1	0	0	0	0	0	0	0	0	0	0	4	0	16	0	0	0	0	1.7018	0	0	0	0	0	0	1	0	0	0	0	0	0	0	9.307938
442	1	1	0	0	0	1	0	0	0	0	0	0	0	0	1	0	0	4	0	16	0	0	0	0	1.7272	0	0	0	0	0	0	0	0	0	0	0	0	0	0	9.809099
442	0	0	0	0	0	1	0	0	0	0	0	0	0	1	1	0	0	9	0	81	0	0	0	0	1.6764	0	0	0	0	0	0	0	0	0	0	0	1	0	0	8.99223
442	0	1	0	0	0	0	1	0	0	0	0	0	0	0	0	0	0	9	0	81	0	0	0	0	1.778	0	0	0	0	0	0	1	0	0	0	0	0	0	0	9.101377
442	0	0	0	0	1	0	0	0	0	1	0	0	0	0	0	-1	0	3	0	9	0	0	0	0	1.7272	0	0	0	0	0	0	0	0	0	0	1	0	0	0	8.883064
442	1	0	0	1	0	1	0	0	0	0	0	0	1	1	1	0	0	5	0	25	0	0	0	0	0	0	0	0	0	0	0	1	0	0	0	0	1	0	0	9.2512
442	1	0	0	0	0	1	0	0	0	0	0	0	0	1	1	0	0	9	0	81	0	0	0	0	1.6256	0	0	0	0	0	0	0	0	0	0	0	1	0	0	9.208271
442	0	0	0	1	0	0	1	0	0	0	0	0	1	1	0	0	0	4	0	16	0	0	0	0	0	0	0	0	0	0	0	0	0	0	0	0	1	0	0	9.2512
442	0	0	0	1	1	1	0	0	0	1	0	0	1	0	1	0	0	8	0	64	0	0	0	0	0	0	0	0	0	0	0	0	0	0	0	0	1	0	0	8.99223
442	0	0	0	0	0	1	0	0	0	0	0	0	0	0	1	-2	0	10	0	100	0	0	0	0	1.7018	0	0	0	0	0	0	1	0	0	1	0	0	0	0	9.2512
442	0	1	0	1	0	1	0	0	0	0	0	0	1	0	1	0	0	8	0	64	0	0	0	0	0	0	0	0	0	0	0	1	0	0	0	0	0	0	0	8.99223
443	1	1	0	0	0	0	0	0	0	0	0	0	0	0	1	0	0	3	0.1778001	9	0.0316129	0	0	0	0	0	0	0	0	0	0	1	0	0	0	0	0	0	0	8.99223
443	0	1	0	0	0	0	0	0	0	0	0	0	0	0	1	0	0	11	0.1778001	121	0.0316129	0	0	0	0	0	0	0	0	0	0	0	0	0	0	0	0	0	0	8.99223
443	1	0	0	0	0	0	0	0	0	0	0	0	0	1	1	0	0	6	0.2286	36	0.052258	0	0	0	0	0	0	0	0	0	0	1	0	0	0	0	0	0	0	9.235896
443	0	0	0	1	1	0	1	0	0	0	0	0	0	0	0	0	3	14	0	196	0	0	0	1.5494	0	0	0	0	0	0	0	0	0	0	1	0	0	0	0	9.328186
443	1	1	0	1	0	0	1	0	0	0	0	0	0	0	0	0	0	2	0	4	0	0	0	1.5494	0	0	0	0	0	0	0	0	0	0	0	0	0	0	0	9.93285
443	1	1	0	1	0	0	0	0	0	0	0	0	0	0	1	0	0	4	0	16	0	0	0	1.5494	0	0	0	0	0	0	0	1	0	0	0	0	0	0	0	9.689184
443	0	0	0	0	0	0	0	0	0	0	0	0	0	1	1	0	0	6	0.127	36	0.016129	0	0	0	0	0	0	0	0	0	0	1	0	0	0	0	0	0	0	9.452142
443	0	1	0	0	0	1	0	0	0	0	0	0	0	0	0	0	0	9	0.1016001	81	0.0103226	0	0	0	0	0	0	0	0	0	0	0	0	0	0	0	0	0	0	9.814734
444	0	0	0	1	0	1	0	0	0	0	0	0	0	1	1	0	0	8	0	64	0	0	0	1.5494	0	0	0	0	1	0	0	1	0	0	0	1	0	0	0	10.07391
444	1	0	0	0	0	1	0	0	0	0	0	0	0	1	1	0	0	9	0.0508001	81	0.0025806	0	0	0	0	0	0	0	1	0	0	1	0	0	0	1	0	0	0	9.697474
444	1	0	0	0	0	1	0	0	0	0	0	0	0	0	1	0	0	5	0.127	25	0.016129	0	0	0	0	0	0	0	0	0	0	1	0	0	0	1	0	0	0	9.689184
444	0	0	0	0	0	0	1	0	0	0	0	0	0	0	0	0	1	8	0.2286	64	0.052258	0	0	0	0	0	0	0	0	1	0	1	0	0	0	0	1	0	0	9.830038
444	0	0	0	0	0	0	0	0	0	0	0	0	0	0	0	-1	0	6	0.1651	36	0.027258	0	0	0	0	0	0	0	0	-1	0	1	0	0	1	0	0	0	0	8.99223
444	1	0	1	1	0	0	1	0	0	0	0	0	0	1	0	0	0	0	0	0	0	26	0	1.5494	0	0	0	0	1	0	0	1	0	0	0	1	0	0	0	9.2512
444	0	0	0	0	0	0	1	0	0	0	0	0	0	1	0	0	0	3	0.0381	9	0.0014516	0	0	0	0	0	0	0	1	0	0	1	0	0	0	1	0	0	0	9.571068
444	0	1	0	0	0	1	0	0	0	0	0	0	0	0	1	0	0	2	0.2032	4	0.0412902	0	0	0	0	0	0	0	0	0	1	0	0	0	0	0	0	0	0	9.451937
444	1	0	0	0	0	1	0	0	0	0	0	0	0	0	1	0	0	8	0.127	64	0.016129	0	0	0	0	0	0	0	0	0	0	0	0	0	0	1	0	0	0	9.2512
444	1	0	0	0	0	1	0	0	0	0	0	0	0	1	1	0	0	6	0.127	36	0.016129	0	0	0	0	0	0	0	1	0	0	0	0	0	0	1	0	0	0	9.236101
444	0	0	0	0	0	1	0	0	0	0	0	0	0	1	1	0	0	6	0.1524	36	0.0232258	0	0	0	0	0	0	0	1	0	0	1	0	0	0	1	0	0	0	8.99223
444	0	0	0	0	0	1	0	0	0	0	0	0	0	0	1	0	0	8	0.2540001	64	0.064516	0	0	0	0	0	0	0	0	0	0	0	0	0	0	1	0	0	0	9.680216
444	0	0	0	0	0	1	0	0	0	0	0	0	0	0	1	0	0	6	0.127	36	0.016129	0	0	0	0	0	0	0	0	0	0	1	0	0	0	1	0	0	0	9.076596
444	0	0	0	0	0	1	0	0	0	0	0	0	0	1	1	0	0	9	0.127	81	0.016129	0	0	0	0	0	0	0	1	0	0	0	0	0	0	1	0	0	0	9.949953
444	0	0	0	0	0	1	0	0	0	0	0	0	0	0	1	0	0	6	0.1778001	36	0.0316129	0	0	0	0	0	0	0	0	0	0	0	0	0	0	1	0	0	0	8.99223
446	1	0	0	0	0	0	1	0	0	0	0	0	0	1	0	0	0	6	0.1524	36	0.0232258	0	0	0	0	0	0	0	1	0	0	1	0	0	0	1	0	0	0	9.88063
446	1	0	0	0	0	0	1	0	0	0	0	0	0	1	0	0	0	3	0.0762	9	0.0058064	0	0	0	0	0	0	0	1	0	0	0	0	0	0	1	0	0	0	9.235896
446	1	0	0	0	0	0	0	0	0	0	0	0	0	1	1	0	0	9	0.1016001	81	0.0103226	0	0	0	0	0	0	0	1	0	0	1	0	0	0	1	0	0	0	9.494866
446	0	0	0	0	0	0	0	0	0	0	0	0	0	1	1	0	0	7	0.127	49	0.016129	0	0	0	0	0	0	0	1	0	0	1	0	0	0	1	0	0	0	9.2512
446	0	0	0	0	0	0	1	0	0	0	0	0	0	1	0	0	0	6	0.0254	36	0.0006452	0	0	0	0	0	0	0	1	0	0	1	0	0	0	1	0	0	0	9.848722
446	0	0	0	0	0	0	0	0	0	0	0	0	0	1	1	0	0	5	0.1016001	25	0.0103226	0	0	0	0	0	0	0	1	0	0	1	0	0	0	1	0	0	0	9.127307
446	1	0	0	1	0	0	1	0	0	0	0	0	0	1	0	0	0	8	0	64	0	0	0	1.5494	0	0	0	0	1	0	0	1	0	0	0	1	0	0	0	9.88063
446	0	0	0	0	0	0	1	0	0	0	0	0	0	0	0	0	0	7	0.1524	49	0.0232258	0	0	0	0	0	0	0	0	0	0	0	0	0	0	1	0	0	0	9.848722
446	0	0	0	0	0	0	0	0	0	0	0	0	0	1	1	0	0	10	0.127	100	0.016129	0	0	0	0	0	0	0	1	0	0	0	0	0	0	1	0	0	0	8.99223
446	0	0	0	0	0	0	0	0	0	0	0	0	0	1	1	0	0	4	0.1016001	16	0.0103226	0	0	0	0	0	0	0	1	0	0	0	0	0	0	1	0	0	0	8.99223
446	0	1	0	1	0	0	1	0	0	0	0	0	0	0	0	0	0	9	0	81	0	0	0	1.5494	0	0	0	0	0	0	1	1	0	0	0	0	0	0	0	9.689184
446	0	0	0	0	0	1	0	0	0	0	0	0	0	0	0	0	0	4	0.1524	16	0.0232258	0	0	0	0	0	0	0	0	0	0	0	0	0	0	1	0	0	0	9.371115
446	0	0	0	0	0	0	0	0	0	0	0	0	0	1	1	0	0	6	0.2032	36	0.0412902	0	0	0	0	0	0	0	1	0	0	1	0	0	0	1	0	0	0	9.571068
446	0	0	0	0	0	0	0	0	0	0	0	0	0	1	1	0	0	5	0.127	25	0.016129	0	0	0	0	0	0	0	1	0	0	0	0	0	0	1	0	0	0	9.283176
447	0	0	0	1	0	0	0	0	0	0	0	0	0	0	0	0	2	10	0	100	0	0	0	1.5748	0	0	0	0	0	2	0	0	0	0	0	0	0	0	1	9.689184
447	0	0	0	0	0	1	0	0	0	0	0	0	0	1	1	0	0	5	0.1524	25	0.0232258	0	0	0	0	0	0	0	1	0	0	0	0	0	0	0	1	0	0	8.883064
447	1	0	0	0	0	1	0	0	0	0	0	0	0	1	1	0	0	6	0.127	36	0.016129	0	0	0	0	0	0	0	1	0	0	0	0	0	0	0	1	0	0	9.179138
447	1	1	0	0	0	0	1	0	0	0	0	0	0	0	0	0	0	6	0.127	36	0.016129	0	0	0	0	0	0	0	0	0	1	0	0	0	0	0	0	0	0	9.689184
447	0	0	0	0	0	0	1	0	0	0	0	0	0	1	0	0	0	9	0.1015999	81	0.0103225	0	0	0	0	0	0	0	1	0	0	0	0	0	0	0	1	0	0	9.101377
447	0	0	0	0	0	1	0	0	0	0	0	0	0	0	1	-1	0	5	0.127	25	0.016129	0	0	0	0	0	0	0	0	-1	0	0	0	0	0	1	0	0	0	9.371115
447	0	0	0	0	0	1	0	0	0	0	0	0	0	1	1	0	0	7	0.0762	49	0.0058064	0	0	0	0	0	0	0	1	0	0	0	0	0	0	0	1	0	0	9.107232
447	0	0	0	0	0	1	0	0	0	0	0	0	0	0	1	-1	0	7	0.0254	49	0.0006452	0	0	0	0	0	0	0	0	-1	0	1	0	0	0	1	0	0	0	9.089781
447	1	0	0	0	0	1	0	0	0	0	0	0	0	1	1	0	0	10	0.0508	100	0.0025806	0	0	0	0	0	0	0	1	0	0	0	0	0	0	0	1	0	0	9.571068
447	0	0	1	1	0	1	0	0	0	0	0	0	0	1	1	0	0	0	0	0	0	24	0	1.5748	0	0	0	0	1	0	0	0	0	0	0	0	1	0	0	9.49507
447	0	0	0	0	0	1	0	0	0	0	0	0	0	0	1	-2	0	9	0.1015999	81	0.0103225	0	0	0	0	0	0	0	0	-2	0	0	0	0	1	0	0	0	0	9.440964
447	1	0	0	0	0	1	0	0	0	0	0	0	0	1	1	0	0	5	0.1524	25	0.0232258	0	0	0	0	0	0	0	1	0	0	1	0	0	0	0	1	0	0	8.883064
447	0	0	0	0	0	0	1	0	0	0	0	0	0	0	0	-3	0	7	0.127	49	0.016129	0	0	0	0	0	0	0	0	-3	0	0	0	1	0	0	0	0	0	9.201472
447	0	0	1	1	0	0	1	0	0	0	0	0	0	1	0	0	0	0	0	0	0	24	0	1.5748	0	0	0	0	1	0	0	0	0	0	0	0	1	0	0	9.440964
447	1	1	1	0	0	0	1	0	0	0	0	0	0	0	0	0	0	0	0.1777999	0	0.0316128	24	0	0	0	0	0	0	0	0	1	1	0	0	0	0	0	0	0	8.825611
450	0	0	0	0	0	0	1	0	0	0	0	0	0	1	0	0	0	4	0.1777999	16	0.0316128	0	0	0	0	0	0	0	0	0	0	1	0	0	0	0	0	0	0	9.107232
450	1	0	0	0	0	0	0	0	0	0	0	0	0	1	1	0	0	6	0.127	36	0.016129	0	0	0	0	0	0	0	0	0	0	1	0	0	0	0	0	0	0	9.494866
450	1	0	0	0	0	0	1	0	0	0	0	0	0	1	0	0	0	5	0.127	25	0.016129	0	0	0	0	0	0	0	0	0	0	1	0	0	0	0	0	0	0	9.044147
450	0	0	0	0	0	0	0	0	0	0	0	0	0	1	1	0	0	7	0.2539999	49	0.064516	0	0	0	0	0	0	0	0	0	0	1	0	0	0	0	0	0	0	9.809099
450	0	0	0	0	0	0	0	0	0	0	0	0	0	1	1	0	0	4	0.1015999	16	0.0103225	0	0	0	0	0	0	0	0	0	0	0	0	0	0	0	0	0	0	9.101377
450	0	0	0	0	0	0	0	0	0	0	0	0	0	1	1	0	0	7	0.2032	49	0.0412902	0	0	0	0	0	0	0	0	0	0	0	0	0	0	0	0	0	0	8.771515
450	0	0	0	0	0	0	1	0	0	0	0	0	0	1	0	0	0	5	0.0254	25	0.0006452	0	0	0	0	0	0	0	0	0	0	1	0	0	0	0	0	0	0	8.99223
450	0	0	0	0	0	0	1	0	0	0	0	0	0	1	0	0	0	6	0.1015999	36	0.0103225	0	0	0	0	0	0	0	0	0	0	0	0	0	0	0	0	0	0	8.99223
450	1	0	0	0	0	0	0	0	0	0	0	0	0	1	1	0	0	4	0.1524	16	0.0232258	0	0	0	0	0	0	0	0	0	0	1	0	0	0	0	0	0	0	9.199851
450	0	0	0	0	0	0	0	0	0	0	0	0	0	1	1	0	0	6	0.1015999	36	0.0103225	0	0	0	0	0	0	0	0	0	0	1	0	0	0	0	0	0	0	9.2512
450	0	0	0	0	0	0	1	0	0	0	0	0	0	1	0	0	0	4	0.127	16	0.016129	0	0	0	0	0	0	0	0	0	0	0	0	0	0	0	0	0	0	9.689184
450	0	0	0	0	0	0	0	0	0	0	0	0	0	1	1	0	0	7	0.1524	49	0.0232258	0	0	0	0	0	0	0	0	0	0	0	0	0	0	0	0	0	0	8.915041
450	1	0	0	1	0	1	0	0	0	0	0	0	0	1	0	0	0	5	0	25	0	0	0	1.5748	0	0	0	0	0	0	0	0	0	0	0	0	0	0	0	9.440964
450	1	0	0	0	0	0	0	0	0	0	0	0	0	1	1	0	0	4	0.1524	16	0.0232258	0	0	0	0	0	0	0	0	0	0	1	0	0	0	0	0	0	0	9.303116
450	0	0	0	0	0	0	1	0	0	0	0	0	0	1	0	0	0	5	0.0254	25	0.0006452	0	0	0	0	0	0	0	0	0	0	0	0	0	0	0	0	0	0	9.107023
451	0	0	0	0	0	0	1	0	0	0	0	0	0	0	0	0	0	11	0.1777999	121	0.0316128	0	0	0	0	0	0	0	0	0	0	1	0	0	0	1	0	0	0	9.190533
451	0	1	0	0	0	0	1	0	0	0	0	0	0	0	0	0	0	5	0.2032	25	0.0412902	0	0	0	0	0	0	0	0	0	1	0	0	0	0	0	0	0	0	9.208271
451	1	0	0	0	0	0	1	0	0	0	0	0	0	0	0	-1	0	7	0.0254	49	0.0006452	0	0	0	0	0	0	0	0	-1	0	1	0	0	1	0	0	0	0	9.127307
451	0	1	0	1	0	0	1	0	0	0	0	0	0	0	0	0	0	7	0	49	0	0	0	1.5748	0	0	0	0	0	0	1	0	0	0	0	0	0	0	0	8.93498
451	1	1	0	0	0	0	1	0	0	0	0	0	0	0	0	0	0	5	0.0508	25	0.0025806	0	0	0	0	0	0	0	0	0	1	1	0	0	0	0	0	0	0	8.938133
451	1	0	0	0	0	0	1	0	0	0	0	0	0	0	0	-1	0	4	0.0254	16	0.0006452	0	0	0	0	0	0	0	0	-1	0	1	0	0	1	0	0	0	0	8.938133
451	0	1	0	0	0	0	1	0	0	0	0	0	0	0	0	0	0	7	0.1524	49	0.0232258	0	0	0	0	0	0	0	0	0	1	1	0	0	0	0	0	0	0	9.101377
452	1	0	0	0	0	0	0	0	0	0	0	0	0	1	0	0	0	11	0.127	121	0.016129	0	0	0	0	0	0	0	0	0	0	0	0	0	1	0	0	0	0	9.830038
452	0	0	0	0	0	1	0	0	0	0	0	0	0	1	0	0	0	6	0.1524	36	0.0232258	0	0	0	0	0	0	0	0	0	0	0	0	0	1	0	0	0	0	9.107023
452	0	0	0	0	0	0	0	0	0	0	0	0	0	1	0	0	0	4	0.2032	16	0.0412902	0	0	0	0	0	0	0	0	0	0	0	0	0	1	0	0	0	0	9.62144
452	0	1	0	0	0	1	0	0	0	0	0	0	0	0	0	0	0	4	0.0254	16	0.0006452	0	0	0	0	0	0	0	0	0	0	1	0	0	0	0	0	0	0	9.451937
452	0	1	0	0	1	0	1	0	0	1	1	0	0	0	0	0	0	6	0.127	36	0.016129	0	0	0	0	0	0	0	0	0	0	0	0	0	0	0	0	0	0	8.99223
452	1	0	0	0	1	0	0	0	0	1	0	0	0	1	0	0	0	9	0.1016001	81	0.0103226	0	0	0	0	0	0	0	0	0	0	0	0	0	1	0	0	0	0	9.208271
452	0	0	0	0	0	0	0	0	0	0	0	0	0	1	0	0	0	9	0.0508	81	0.0025806	0	0	0	0	0	0	0	0	0	0	1	0	0	1	0	0	0	0	8.980615
452	0	0	0	0	0	1	0	0	0	0	0	0	0	1	0	0	0	7	0.1016001	49	0.0103226	0	0	0	0	0	0	0	0	0	0	1	0	0	1	0	0	0	0	9.107232
452	0	0	0	0	0	1	0	0	0	0	0	0	0	0	0	-2	0	13	0.0508	169	0.0025806	0	0	0	0	0	0	0	0	0	0	1	1	0	0	0	0	0	0	9.044147
454	1	1	0	0	0	0	1	0	0	0	0	0	0	0	0	0	0	6	0.0761999	36	0.0058064	0	0	0	0	0	0	0	0	0	0	1	0	0	0	0	0	0	0	8.883064
454	1	0	0	0	0	0	0	0	0	0	0	0	0	0	1	-4	0	3	0.127	9	0.016129	0	0	0	0	0	0	0	0	0	0	1	0	0	0	0	0	0	0	9.25949
454	0	0	0	0	0	0	1	0	0	0	0	0	0	0	0	-4	0	2	0.0761999	4	0.0058064	0	0	0	0	0	0	0	0	0	0	0	0	0	0	0	0	0	0	9.101377
454	0	1	1	1	0	0	1	0	0	0	0	0	0	0	0	0	0	0	0	0	0	39	0	1.6002	0	0	0	0	0	0	0	1	0	0	0	0	0	0	0	9.208271
454	0	1	0	0	0	0	1	0	0	0	0	0	0	0	0	0	0	6	0.0253999	36	0.0006452	0	0	0	0	0	0	0	0	0	0	1	0	0	0	0	0	0	0	9.321049
454	0	1	0	0	0	0	0	0	0	0	0	0	0	0	1	0	0	4	0.127	16	0.016129	0	0	0	0	0	0	0	0	0	0	0	0	0	0	0	0	0	0	9.440964
454	0	1	0	0	0	0	1	0	0	0	0	0	0	0	0	0	0	7	0.1015999	49	0.0103225	0	0	0	0	0	0	0	0	0	0	0	0	0	0	0	0	0	0	9.848722
454	0	1	0	0	0	1	0	0	0	0	0	0	0	0	0	0	0	13	0.1015999	169	0.0103225	0	0	0	0	0	0	0	0	0	0	1	0	0	0	0	0	0	0	9.876092
454	0	0	0	1	0	0	0	0	0	0	0	0	0	0	1	-1	0	5	0	25	0	0	0	1.6002	0	0	0	0	0	0	0	0	0	0	1	0	0	0	0	9.43159
454	0	0	0	0	0	1	0	0	0	0	0	0	0	0	0	-1	0	5	0.0761999	25	0.0058064	0	0	0	0	0	0	0	0	0	0	1	0	0	1	0	0	0	0	9.235896
454	0	0	0	0	0	0	1	0	0	0	0	0	0	0	0	0	0	6	0.0889	36	0.0079032	0	0	0	0	0	0	0	0	0	0	1	0	0	0	1	0	0	0	9.2512
454	1	1	0	0	0	0	1	0	0	0	0	0	0	0	0	0	0	5	0.0497999	25	0.00248	0	0	0	0	0	0	0	0	0	0	1	0	0	0	0	0	0	0	9.507957
454	1	0	0	1	0	0	1	0	0	0	0	0	0	0	0	-1	0	2	0	4	0	0	0	1.6002	0	0	0	0	0	0	0	1	0	0	1	0	0	0	0	9.438108
454	0	0	0	0	0	0	0	0	0	0	0	0	0	0	1	-4	0	6	0.0761999	36	0.0058064	0	0	0	0	0	0	0	0	0	0	1	0	0	0	0	0	0	0	9.044147
454	1	1	0	1	0	0	1	0	0	0	0	0	0	0	0	0	0	4	0	16	0	0	0	1.6002	0	0	0	0	0	0	0	0	0	0	0	0	0	0	0	9.949953
456	1	0	0	0	0	1	0	0	0	0	0	0	0	1	0	0	0	5	0.1524	25	0.0232258	0	0	0	0	0	0	0	0	0	0	1	0	0	0	0	0	0	0	9.603045
456	0	0	0	0	0	0	0	0	0	0	0	0	0	1	0	0	0	14	0.127	196	0.016129	0	0	0	0	0	0	0	0	0	0	1	0	0	0	0	0	0	0	9.809099
456	0	1	0	0	0	0	1	0	0	0	1	0	0	0	0	0	0	5	0.0254	25	0.0006452	0	0	0	0	0	0	0	0	0	0	0	0	0	0	0	0	0	0	9.440964
456	1	1	0	0	0	1	0	0	0	0	0	0	0	0	0	0	0	4	0.1015999	16	0.0103225	0	0	0	0	0	0	0	0	0	0	1	0	0	0	0	0	0	0	9.680216
456	0	1	0	0	0	1	0	0	0	0	0	0	0	0	0	0	0	6	0.0254	36	0.0006452	0	0	0	0	0	0	0	0	0	0	0	0	0	0	0	0	0	0	9.2512
456	0	1	0	0	0	0	1	0	0	0	1	0	0	0	0	0	0	4	0.1015999	16	0.0103225	0	0	0	0	0	0	0	0	0	0	1	0	0	0	0	0	0	0	8.99223
456	0	0	1	0	0	0	1	0	0	0	1	0	0	1	0	0	0	0	0.0254	0	0.0006452	25	0	0	0	0	0	0	0	0	0	0	0	0	0	0	0	0	0	9.101377
456	0	1	0	1	0	0	0	0	0	0	0	0	0	0	0	0	0	6	0	36	0	0	0	1.5748	0	0	0	0	0	0	0	0	0	0	0	0	0	0	0	9.848722
456	0	1	0	0	0	0	0	0	0	0	0	0	0	0	0	0	0	10	0.0762	100	0.0058064	0	0	0	0	0	0	0	0	0	0	1	0	0	0	0	0	0	0	9.089564
456	0	0	0	0	0	0	1	0	0	0	1	0	0	1	0	0	0	5	0.127	25	0.016129	0	0	0	0	0	0	0	0	0	0	0	0	0	0	0	0	0	0	9.705568
456	0	1	0	0	0	0	1	0	0	0	1	0	0	0	0	0	0	5	0.1396999	25	0.0195161	0	0	0	0	0	0	0	0	0	0	0	0	0	0	0	0	0	0	9.848722
456	1	0	0	0	0	0	1	0	0	0	1	0	0	1	0	0	0	7	0.1015999	49	0.0103225	0	0	0	0	0	0	0	0	0	0	0	0	0	0	0	0	0	0	8.93498
456	0	0	1	0	0	0	1	0	0	0	1	0	0	1	0	0	0	0	0.2032	0	0.0412902	25	0	0	0	0	0	0	0	0	0	1	0	0	0	0	0	0	0	9.348535
457	1	0	0	0	0	0	0	0	1	0	0	0	0	1	0	0	0	4	0.1143	16	0.0130645	0	0	0	0	0	0	0	0	0	0	1	0	0	0	0	0	0	0	9.93285
457	0	0	0	0	0	1	0	0	1	0	0	0	0	1	0	0	0	4	0.0762	16	0.0058064	0	0	0	0	0	0	0	0	0	0	1	0	0	0	0	0	0	0	9.830038
457	0	0	0	0	0	1	0	0	0	0	0	0	0	1	0	0	0	10	0.0254	100	0.0006452	0	0	0	0	0	0	0	0	0	0	0	0	0	0	0	0	0	0	9.564696
457	0	0	0	0	0	1	0	0	1	0	0	0	0	0	0	0	5	3	0.0508	9	0.0025806	0	0	0	0	0	0	0	0	0	0	1	0	0	0	0	1	0	0	9.689184
457	0	1	0	0	0	0	0	0	1	0	0	0	0	0	0	0	0	4	0.1778001	16	0.0316129	0	0	0	0	0	0	0	0	0	0	1	0	0	0	0	0	0	0	9.689184
457	0	0	0	0	0	1	0	0	0	0	0	0	0	1	0	0	0	3	0.127	9	0.016129	0	0	0	0	0	0	0	0	0	0	0	0	0	0	0	0	0	0	9.303116
457	1	1	0	0	0	1	0	0	0	0	0	0	0	0	0	0	0	4	0.0508	16	0.0025806	0	0	0	0	0	0	0	0	0	0	0	0	0	0	0	0	0	0	9.93285
457	1	0	0	0	0	0	0	0	1	0	0	0	0	1	0	0	0	2	0.0889	4	0.0079032	0	0	0	0	0	0	0	0	0	0	1	0	0	0	0	0	0	0	9.689184
457	0	0	0	0	0	0	1	0	1	0	1	0	0	1	0	0	0	2	0.0254	4	0.0006452	0	0	0	0	0	0	0	0	0	0	1	0	0	0	0	0	0	0	9.571068
457	0	0	0	0	0	1	0	0	0	0	0	0	0	1	0	0	0	3	0.0508	9	0.0025806	0	0	0	0	0	0	0	0	0	0	0	0	0	0	0	0	0	0	9.814734
457	0	0	0	0	0	0	0	0	0	0	0	0	0	1	0	0	0	5	0.2032	25	0.0412902	0	0	0	0	0	0	0	0	0	0	0	0	0	0	0	0	0	0	9.107023
457	1	0	0	0	0	0	0	0	1	0	0	0	0	1	0	0	0	5	0.1143	25	0.0130645	0	0	0	0	0	0	0	0	0	0	1	0	0	0	0	0	0	0	9.848722
457	0	1	0	0	0	1	0	0	0	0	0	0	0	0	0	0	0	10	0.0762	100	0.0058064	0	0	0	0	0	0	0	0	0	0	0	0	0	0	0	0	0	0	9.494866
457	0	1	0	0	0	0	1	0	1	0	1	0	0	0	0	0	0	5	0.1778001	25	0.0316129	0	0	0	0	0	0	0	0	0	0	1	0	0	0	0	0	0	0	9.2512
457	1	0	0	0	0	0	1	0	0	0	1	0	0	1	0	0	0	3	0.1524	9	0.0232258	0	0	0	0	0	0	0	0	0	0	0	0	0	0	0	0	0	0	10.0737
458	0	0	0	0	0	1	0	0	0	0	0	0	0	0	1	0	0	6	0.2539999	36	0.064516	0	0	0	0	0	0	0	0	0	0	0	0	0	0	0	1	0	0	9.809099
458	1	0	1	1	0	1	0	0	0	0	0	0	0	1	1	0	0	0	0	0	0	25	0	1.5748	0	0	0	0	0	0	0	1	0	0	0	0	1	0	0	9.689184
458	1	0	0	0	0	1	0	0	0	0	0	0	0	1	1	0	0	2	0.0508	4	0.0025806	0	0	0	0	0	0	0	0	0	0	0	0	0	0	0	1	0	0	9.809099
458	0	1	0	0	0	0	1	0	0	0	0	0	0	0	0	0	0	5	0.2032	25	0.0412902	0	0	0	0	0	0	0	0	0	0	1	0	0	0	0	0	0	0	8.980399
458	0	0	0	0	0	1	0	0	0	0	0	0	0	0	1	-2	0	4	0.1524	16	0.0232258	0	0	0	0	0	0	0	0	0	0	0	0	0	1	0	0	0	0	9.235896
458	0	0	0	0	0	1	0	0	0	0	0	0	0	1	1	0	0	8	0.1777999	64	0.0316128	0	0	0	0	0	0	0	0	0	0	0	0	0	0	0	1	0	0	8.912333
458	0	0	0	0	0	0	1	0	0	0	0	0	0	0	0	-2	0	4	0.2032	16	0.0412902	0	0	0	0	0	0	0	0	0	0	0	0	0	1	0	0	0	0	9.440964
458	0	0	0	0	0	0	1	0	0	0	0	0	0	0	0	0	0	8	0.127	64	0.016129	0	0	0	0	0	0	0	0	0	0	0	0	0	0	0	1	0	0	9.357899
458	0	0	0	0	0	0	1	0	0	0	0	0	0	0	0	0	1	6	0.127	36	0.016129	0	0	0	0	0	0	0	0	0	0	1	0	0	0	0	0	1	0	9.869575
458	0	1	0	0	1	1	0	0	0	1	0	0	0	0	1	0	0	7	0.1015999	49	0.0103225	0	0	0	0	0	0	0	0	0	0	0	0	0	0	0	0	0	0	9.43159
458	0	0	0	0	1	0	0	0	0	1	0	0	0	0	0	-1	0	5	0.1524	25	0.0232258	0	0	0	0	0	0	0	0	0	0	0	0	0	0	1	0	0	0	8.883064
458	1	0	0	0	0	1	0	0	0	0	0	0	0	0	1	-1	0	6	0.1015999	36	0.0103225	0	0	0	0	0	0	0	0	0	0	1	0	0	0	1	0	0	0	9.440964
458	1	0	0	0	0	0	0	0	0	0	0	0	0	0	0	-1	0	8	0.1015999	64	0.0103225	0	0	0	0	0	0	0	0	0	0	0	0	0	0	1	0	0	0	9.809099
458	0	0	0	0	0	1	0	0	0	0	0	0	0	0	1	-1	0	8	0.1015999	64	0.0103225	0	0	0	0	0	0	0	0	0	0	1	0	0	0	1	0	0	0	9.2512
459	0	0	0	0	0	0	0	0	0	0	0	0	0	0	1	0	4	5	0.0253999	25	0.0006452	0	0	0	0	0	0	0	0	4	0	1	0	0	0	0	0	0	1	9.076596
459	0	0	0	0	0	0	0	0	0	0	0	0	0	1	1	0	0	5	0.1777999	25	0.0316128	0	0	0	0	0	0	0	1	0	0	1	0	0	1	0	0	0	0	9.283176
459	0	0	0	0	0	1	0	0	0	0	0	0	0	1	0	0	0	5	0.127	25	0.016129	0	0	0	0	0	0	0	1	0	0	0	0	0	1	0	0	0	0	9.320399
459	1	0	0	0	0	1	0	0	0	0	0	0	0	1	0	0	0	7	0.059	49	0.003481	0	0	0	0	0	0	0	1	0	0	1	0	0	1	0	0	0	0	9.830038
459	0	0	0	0	0	0	0	0	0	0	0	0	0	1	1	0	0	5	0.127	25	0.016129	0	0	0	0	0	0	0	1	0	0	1	0	0	1	0	0	0	0	9.303116
459	0	0	0	0	0	0	0	0	0	0	0	0	0	1	1	0	0	8	0.0253999	64	0.0006452	0	0	0	0	0	0	0	1	0	0	0	0	0	1	0	0	0	0	8.963996
459	1	0	0	0	0	0	0	0	0	0	0	0	0	1	1	0	0	5	0.2286	25	0.052258	0	0	0	0	0	0	0	1	0	0	1	0	0	1	0	0	0	0	9.689184
459	0	1	0	0	0	0	0	0	0	0	0	0	0	0	1	0	0	5	0.0762	25	0.0058064	0	0	0	0	0	0	0	0	0	1	1	0	0	0	0	0	0	0	9.041653
459	0	0	0	0	0	0	0	0	0	0	0	0	0	0	1	0	1	6	0.2286	36	0.052258	0	0	0	0	0	0	0	0	1	0	1	0	0	0	1	0	0	0	8.848053
459	1	0	0	0	0	0	0	0	0	0	0	0	0	0	1	0	1	7	0.127	49	0.016129	0	0	0	0	0	0	0	0	1	0	1	0	0	0	1	0	0	0	9.288423
459	0	0	0	0	0	0	0	0	0	0	0	0	0	1	1	0	0	8	0.0253999	64	0.0006452	0	0	0	0	0	0	0	1	0	0	1	0	0	1	0	0	0	0	8.99223
459	0	0	0	0	1	0	0	0	0	1	0	0	0	1	1	0	0	8	0.0762	64	0.0058064	0	0	0	0	0	0	0	1	0	0	0	0	0	1	0	0	0	0	9.208271
459	1	0	0	0	0	0	0	0	0	0	0	0	0	1	1	0	0	6	0.127	36	0.016129	0	0	0	0	0	0	0	1	0	0	0	0	0	1	0	0	0	0	10.01695
459	1	0	0	0	0	0	0	0	0	0	0	0	0	1	1	0	0	2	0.0762	4	0.0058064	0	0	0	0	0	0	0	1	0	0	1	0	0	1	0	0	0	0	8.99223
459	0	0	0	0	0	0	0	0	0	0	0	0	0	0	1	0	1	7	0.1015999	49	0.0103225	0	0	0	0	0	0	0	0	1	0	1	0	0	0	1	0	0	0	9.814734
460	0	0	0	0	0	0	0	0	1	0	0	0	0	0	0	-2	0	3	0.1016001	9	0.0103226	0	0	0	0	0	0	0	0	0	0	1	0	0	1	0	0	0	0	8.825611
460	0	0	0	0	0	0	0	0	0	0	0	0	0	0	0	-2	0	-1	0.1016001	1	0.0103226	0	0	0	0	0	0	0	0	0	0	0	0	0	1	0	0	0	0	8.99223
460	0	0	0	0	1	1	0	0	0	0	0	0	0	1	1	0	0	6	0.1016001	36	0.0103226	0	0	0	0	0	0	0	0	0	0	0	0	0	0	0	1	0	0	9.25949
460	0	0	0	0	0	1	0	0	1	0	0	0	0	0	1	-1	0	10	0.1016001	100	0.0103226	0	0	0	0	0	0	0	0	0	0	1	0	0	0	1	0	0	0	9.874501
460	1	1	0	0	0	0	1	0	1	0	0	0	0	0	0	0	0	3	0.1778001	9	0.0316129	0	0	0	0	0	0	0	0	0	0	1	0	0	0	0	0	0	0	9.63063
460	1	1	0	0	0	1	0	0	1	0	0	0	0	0	1	0	0	4	0.2032	16	0.0412902	0	0	0	0	0	0	0	0	0	0	1	0	0	0	0	0	0	0	9.098928
460	1	0	0	0	0	1	0	0	0	0	0	0	0	0	1	0	0	3	0.127	9	0.016129	0	0	0	0	0	0	0	0	0	0	0	0	0	0	0	1	0	0	9.494866
460	0	0	0	0	0	1	0	0	0	0	0	0	0	1	1	0	0	7	0.127	49	0.016129	0	0	0	0	0	0	0	0	0	0	0	0	0	0	0	1	0	0	9.43159
460	0	0	0	0	0	1	0	0	1	0	0	0	0	1	1	0	0	3	0.0381	9	0.0014516	0	0	0	0	0	0	0	0	0	0	1	0	0	0	0	1	0	0	9.440964
460	0	0	0	0	0	0	1	0	1	0	0	0	0	0	0	-2	0	9	0.0508001	81	0.0025806	0	0	0	0	0	0	0	0	0	0	1	0	0	1	0	0	0	0	8.848993
460	0	1	0	0	0	0	0	0	1	0	0	0	0	0	0	0	0	6	0.1016001	36	0.0103226	0	0	0	0	0	0	0	0	0	0	1	0	0	0	0	0	0	0	9.260187
460	0	0	0	1	0	0	1	0	1	0	0	0	0	0	0	-2	0	6	0	36	0	0	0	1.5494	0	0	0	0	0	0	0	1	0	0	1	0	0	0	0	9.216758
460	1	0	0	1	0	1	0	0	0	0	0	0	0	1	1	0	0	5	0	25	0	0	0	1.5494	0	0	0	0	0	0	0	0	0	0	0	0	1	0	0	9.044147
460	0	0	0	0	0	0	1	0	0	0	0	0	0	1	0	0	0	11	0.0254	121	0.0006452	0	0	0	0	0	0	0	0	0	0	0	0	0	0	0	1	0	0	9.440964
467	0	0	0	0	0	0	0	0	0	0	0	0	0	1	1	0	0	5	0.4445	25	0.1975802	0	0	0	0	0	0	0	0	0	0	0	0	0	1	0	0	0	0	9.089539
467	1	0	0	0	0	0	0	0	0	0	0	0	0	1	1	0	0	9	0.3429	81	0.1175804	0	0	0	0	0	0	0	0	0	0	1	0	0	1	0	0	0	0	8.99223
467	0	1	0	0	0	0	1	0	0	0	0	0	0	0	0	0	0	7	0.3429	49	0.1175804	0	0	0	0	0	0	0	0	0	0	0	0	0	0	0	0	0	0	8.99223
467	1	0	0	0	0	0	1	0	0	0	0	0	0	1	0	0	0	5	0.3175	25	0.1008062	0	0	0	0	0	0	0	0	0	0	1	0	0	1	0	0	0	0	10.07391
467	1	0	0	0	0	0	0	0	0	0	0	0	0	1	1	0	0	4	0.4190999	16	0.1756448	0	0	0	0	0	0	0	0	0	0	0	0	0	1	0	0	0	0	9.830038
467	0	0	0	0	0	0	0	0	0	0	0	0	0	1	1	0	0	4	0.2921	16	0.0853224	0	0	0	0	0	0	0	0	0	0	1	0	0	1	0	0	0	0	9.2512
467	0	0	0	0	0	0	0	0	0	0	0	0	0	1	1	0	0	7	0.3429	49	0.1175804	0	0	0	0	0	0	0	0	0	0	1	0	0	1	0	0	0	0	8.716446
467	1	1	0	0	0	0	0	0	0	0	0	0	0	0	1	0	0	5	0.3937	25	0.1549997	0	0	0	0	0	0	0	0	0	0	0	0	0	0	0	0	0	0	9.371115
467	0	0	0	0	0	0	0	0	0	0	0	0	0	1	1	0	0	3	0.4445	9	0.1975802	0	0	0	0	0	0	0	0	0	0	1	0	0	1	0	0	0	0	9.81102
467	0	0	0	0	0	1	0	0	0	0	0	0	0	1	0	0	0	8	0.3937	64	0.1549997	0	0	0	0	0	0	0	0	0	0	0	0	0	1	0	0	0	0	8.938133
467	0	0	0	0	0	0	0	0	0	0	0	0	0	1	1	0	0	7	0.4064	49	0.1651609	0	0	0	0	0	0	0	0	0	0	0	0	0	1	0	0	0	0	9.199851
467	1	1	0	0	0	0	0	0	0	0	0	0	0	0	1	0	0	9	0.3556	81	0.1264514	0	0	0	0	0	0	0	0	0	0	1	0	0	0	0	0	0	0	9.2512
467	0	0	0	0	0	0	0	0	0	0	0	0	0	0	1	0	1	6	0.4190999	36	0.1756448	0	0	0	0	0	0	0	0	0	0	1	0	0	0	1	0	0	0	9.192645
467	0	0	1	1	1	0	0	0	0	1	0	0	0	1	1	0	0	0	0	0	0	25	0	1.2573	0	0	0	0	0	0	0	0	0	0	1	0	0	0	0	9.328186
467	0	0	0	0	0	0	0	0	0	0	0	0	0	1	1	0	0	7	0.5461	49	0.2982252	0	0	0	0	0	0	0	0	0	0	1	0	0	1	0	0	0	0	9.208271
468	1	0	0	0	0	0	0	0	0	0	0	0	0	0	1	0	1	6	0.2032	36	0.0412902	0	0	0	0	0	0	0	0	0	0	1	0	0	0	1	0	0	0	9.024206
468	1	0	0	1	0	0	0	0	0	0	0	0	0	1	1	0	0	6	0	36	0	0	0	1.5748	0	0	0	0	0	0	0	0	0	0	1	0	0	0	0	8.960236
468	1	0	0	0	0	0	0	0	0	0	0	0	0	1	1	0	0	5	0.2539999	25	0.064516	0	0	0	0	0	0	0	0	0	0	1	0	0	1	0	0	0	0	9.649484
468	0	0	0	0	0	0	0	0	0	0	0	0	0	1	1	0	0	4	0.1524	16	0.0232258	0	0	0	0	0	0	0	0	0	0	0	0	0	1	0	0	0	0	9.077598
468	0	1	0	0	0	0	0	0	0	0	0	0	0	0	1	0	0	4	0.127	16	0.016129	0	0	0	0	0	0	0	0	0	0	1	0	0	0	0	0	0	0	8.99223
468	0	0	1	0	1	1	0	0	0	1	0	0	0	1	0	0	0	0	0.2032	0	0.0412902	28	0	0	0	0	0	0	0	0	0	0	0	0	1	0	0	0	0	8.99223
468	1	0	0	0	0	0	0	0	0	0	0	0	0	1	1	0	0	5	0.1524	25	0.0232258	0	0	0	0	0	0	0	0	0	0	1	0	0	1	0	0	0	0	8.99223
468	0	1	0	0	0	0	0	0	0	0	0	0	0	0	1	0	0	7	0.1524	49	0.0232258	0	0	0	0	0	0	0	0	0	0	1	0	0	0	0	0	0	0	8.99223
468	0	0	0	0	1	0	0	0	0	1	0	0	0	1	1	0	0	7	0.1524	49	0.0232258	0	0	0	0	0	0	0	0	0	0	0	0	0	1	0	0	0	0	9.089781
468	1	1	0	0	1	0	1	0	0	1	0	0	0	0	0	0	0	2	0	4	0	0	0	0	0	0	0	0	0	0	0	0	0	0	0	0	0	0	0	8.825611
469	1	0	0	1	0	1	0	0	0	0	0	0	0	1	1	0	0	7	0	49	0	0	0	1.5494	0	1	0	0	0	0	0	0	0	0	0	0	0	0	0	9.069401
469	1	0	1	1	0	1	0	0	0	0	0	0	0	1	1	0	0	0	0	0	0	24	0	1.5494	0	1	0	0	0	0	0	0	0	0	0	0	0	0	0	9.440964
469	0	0	0	0	0	0	1	0	0	0	0	0	0	1	0	0	0	4	0.127	16	0.016129	0	0	0	0	1	0	0	0	0	0	1	0	0	0	0	0	0	0	9.208271
469	0	0	0	0	0	0	0	0	0	0	0	0	0	1	0	0	0	7	0.1778001	49	0.0316129	0	0	0	0	1	0	0	0	0	0	0	0	0	0	0	0	0	0	9.440964
469	1	0	0	0	0	0	1	0	0	0	0	0	0	1	0	0	0	4	0.2032	16	0.0412902	0	0	0	0	1	0	0	0	0	0	1	0	0	0	0	0	0	0	9.307697
469	1	0	0	0	0	0	1	0	0	0	0	0	0	1	0	0	0	4	0.1778001	16	0.0316129	0	0	0	0	1	0	0	0	0	0	1	0	0	0	0	0	0	0	9.430214
469	1	0	0	0	0	0	1	0	0	0	0	0	0	1	0	0	0	9	0.0762	81	0.0058064	0	0	0	0	1	0	0	0	0	0	1	0	0	0	0	0	0	0	9.101377
469	0	0	0	0	0	0	1	0	0	0	0	0	0	1	0	0	0	6	0.127	36	0.016129	0	0	0	0	1	0	0	0	0	0	0	0	0	0	0	0	0	0	8.99223
469	0	0	0	0	0	0	1	0	0	0	0	0	0	1	0	0	0	7	0.0508001	49	0.0025806	0	0	0	0	1	0	0	0	0	0	1	0	0	0	0	0	0	0	9.2512
469	0	0	0	0	0	0	1	0	0	0	0	0	0	1	0	0	0	7	0.127	49	0.016129	0	0	0	0	1	0	0	0	0	0	0	0	0	0	0	0	0	0	9.121804
469	0	0	0	0	0	1	0	0	0	0	0	0	0	1	1	0	0	3	0.0254	9	0.0006452	0	0	0	0	1	0	0	0	0	0	1	0	0	0	0	0	0	0	9.2512
469	0	0	0	0	0	1	0	0	0	0	0	0	0	1	1	0	0	3	0.1016001	9	0.0103226	0	0	0	0	1	0	0	0	0	0	1	0	0	0	0	0	0	0	9.809099
469	0	0	0	0	0	0	1	0	0	0	0	0	0	1	0	0	0	3	0.1778001	9	0.0316129	0	0	0	0	1	0	0	0	0	0	1	0	0	0	0	0	0	0	9.795882
469	0	0	0	0	0	0	0	0	0	0	0	0	0	1	0	0	0	6	0.1016001	36	0.0103226	0	0	0	0	1	0	0	0	0	0	1	0	0	0	0	0	0	0	9.044147
469	0	0	0	0	0	0	1	0	0	0	0	0	0	1	0	0	0	5	0.127	25	0.016129	0	0	0	0	1	0	0	0	0	0	0	0	0	0	0	0	0	0	9.451937
470	1	0	0	0	0	1	0	0	0	0	0	0	0	1	1	0	0	6	0.2032	36	0.0412902	0	0	0	0	0	0	0	1	0	0	0	0	0	0	1	0	0	0	9.288423
470	0	0	0	1	0	1	0	0	0	0	0	0	0	0	1	-4	0	6	0	36	0	0	0	1.5748	0	0	0	0	0	-4	0	0	0	0	0	0	0	0	0	9.288423
470	1	0	0	0	0	1	0	0	0	0	0	0	0	1	1	0	0	7	0.127	49	0.016129	0	0	0	0	0	0	0	1	0	0	0	0	0	0	1	0	0	0	9.2512
470	1	0	0	0	0	1	0	0	0	0	0	0	0	0	1	0	1	8	0.1524	64	0.0232258	0	0	0	0	0	0	0	0	1	0	1	0	0	0	0	1	0	0	8.99223
470	0	0	0	1	1	1	0	0	0	1	0	0	0	0	1	0	1	6	0	36	0	0	0	1.5748	0	0	0	0	0	1	0	0	0	0	0	0	1	0	0	8.99223
470	0	0	0	0	0	0	1	0	0	0	0	0	0	1	0	0	0	-1	0.1015999	1	0.0103225	0	0	0	0	0	0	0	1	0	0	0	0	0	0	1	0	0	0	8.99223
470	0	0	1	1	0	1	0	0	0	0	0	0	0	1	1	0	0	0	0	0	0	28	0	1.5748	0	0	0	0	1	0	0	0	0	0	0	1	0	0	0	9.208271
470	0	0	0	0	0	0	1	0	0	0	0	0	0	0	0	0	1	7	0.2539999	49	0.064516	0	0	0	0	0	0	0	0	1	0	1	0	0	0	0	1	0	0	9.285442
470	0	0	0	0	0	1	0	0	0	0	0	0	0	0	1	0	0	4	0.127	16	0.016129	0	0	0	0	0	0	0	0	0	0	1	0	0	0	1	0	0	0	9.201472
470	0	0	0	1	0	1	0	0	0	0	0	0	0	1	1	0	0	5	0	25	0	0	0	1.5748	0	0	0	0	1	0	0	0	0	0	0	1	0	0	0	8.99223
470	0	0	0	1	0	0	1	0	0	0	0	0	0	1	0	0	0	2	0	4	0	0	0	1.5748	0	0	0	0	1	0	0	0	0	0	0	1	0	0	0	9.571068
470	0	1	0	0	0	0	1	0	0	0	0	0	0	0	0	0	0	4	0.2539999	16	0.064516	0	0	0	0	0	0	0	0	0	1	0	0	0	0	0	0	0	0	8.99223
470	1	0	0	0	0	0	0	0	0	0	0	0	0	1	0	0	0	5	0.1015999	25	0.0103225	0	0	0	0	0	0	0	1	0	0	1	0	0	0	1	0	0	0	9.101377
470	0	0	0	0	0	1	0	0	0	0	0	0	0	1	1	0	0	4	0.127	16	0.016129	0	0	0	0	0	0	0	1	0	0	0	0	0	0	1	0	0	0	8.99223
470	1	0	0	1	0	1	0	0	0	0	0	0	0	1	1	0	0	3	0	9	0	0	0	1.5748	0	0	0	0	1	0	0	1	0	0	0	1	0	0	0	8.99223
471	0	0	0	0	0	0	0	0	0	0	0	0	0	0	0	0	3	3	0.2286	9	0.052258	0	0	0	0	0	0	0	0	0	0	0	0	0	1	0	0	0	0	8.99223
471	0	0	0	0	0	1	0	0	0	0	0	0	0	1	1	0	0	8	0.127	64	0.016129	0	0	0	0	0	0	0	0	0	0	1	0	0	0	0	0	0	0	8.99223
471	1	1	0	0	1	1	0	0	0	1	0	0	0	0	1	0	0	7	0.1143	49	0.0130645	0	0	0	0	0	0	0	0	0	0	0	0	0	0	0	0	0	0	9.507957
471	0	0	0	0	0	1	0	0	0	0	0	0	0	1	1	0	0	8	0.1016001	64	0.0103226	0	0	0	0	0	0	0	0	0	0	0	0	0	0	0	0	0	0	8.883064
471	0	0	0	0	0	1	0	0	0	0	0	0	0	1	1	0	0	5	0.1778001	25	0.0316129	0	0	0	0	0	0	0	0	0	0	1	0	0	0	0	0	0	0	8.99223
471	0	0	0	0	1	0	1	0	0	1	0	0	0	1	0	0	0	6	0.0508	36	0.0025806	0	0	0	0	0	0	0	0	0	0	0	0	0	0	0	0	0	0	9.121804
471	0	0	0	0	1	0	1	0	0	1	0	0	0	1	0	0	0	10	0.0762	100	0.0058064	0	0	0	0	0	0	0	0	0	0	0	0	0	0	0	0	0	0	9.360348
471	0	0	0	0	0	0	1	0	0	0	0	0	0	1	0	0	0	5	0.2540001	25	0.064516	0	0	0	0	0	0	0	0	0	0	1	0	0	0	0	0	0	0	9.814734
471	1	0	0	0	0	0	1	0	0	0	0	0	0	1	0	0	0	4	0.127	16	0.016129	0	0	0	0	0	0	0	0	0	0	1	0	0	0	0	0	0	0	9.2512
471	0	0	0	0	0	1	0	0	0	0	0	0	0	1	1	0	0	12	0.0508	144	0.0025806	0	0	0	0	0	0	0	0	0	0	0	0	0	0	0	0	0	0	8.938133
471	0	1	0	0	1	0	0	0	0	1	0	0	0	0	0	0	0	11	0.127	121	0.016129	0	0	0	0	0	0	0	0	0	0	0	0	0	0	0	0	0	0	9.876092
471	1	0	0	0	0	1	0	0	0	0	0	0	0	1	1	0	0	8	0.1016001	64	0.0103226	0	0	0	0	0	0	0	0	0	0	1	0	0	0	0	0	0	0	9.321049
471	0	1	0	0	0	0	0	0	0	0	0	0	0	0	0	0	0	5	0.0762	25	0.0058064	0	0	0	0	0	0	0	0	0	0	0	0	0	0	0	0	0	0	9.321049
471	1	1	0	0	0	0	1	0	0	0	0	0	0	0	0	0	0	7	0.0762	49	0.0058064	0	0	0	0	0	0	0	0	0	0	1	0	0	0	0	0	0	0	9.494866
471	1	1	0	0	0	0	1	0	0	0	0	0	0	0	0	0	0	9	0.127	81	0.016129	0	0	0	0	0	0	0	0	0	0	0	0	0	0	0	0	0	0	9.371115
472	1	1	1	1	1	0	1	0	0	1	0	0	0	0	0	0	0	0	0	0	0	27	0	1.5748	0	0	0	0	0	0	0	0	0	0	0	0	0	0	0	9.208271
472	0	0	0	0	0	1	0	0	0	0	0	0	0	1	1	0	0	5	0.1777999	25	0.0316128	0	0	0	0	0	0	0	0	0	0	0	0	0	1	0	0	0	0	8.988196
472	1	0	0	0	0	1	0	0	0	0	0	0	0	1	1	0	0	4	0.1524	16	0.0232258	0	0	0	0	0	0	0	0	0	0	1	0	0	1	0	0	0	0	9.440964
472	0	1	0	0	0	0	0	0	0	0	0	0	0	0	0	0	0	5	0.1143	25	0.0130645	0	0	0	0	0	0	0	0	0	0	1	0	0	0	0	0	0	0	9.208271
472	0	0	0	0	0	1	0	0	0	0	0	0	0	1	1	0	0	4	0.0508	16	0.0025806	0	0	0	0	0	0	0	0	0	0	1	0	0	1	0	0	0	0	9.101377
472	0	0	0	0	0	1	0	0	0	0	0	0	0	0	1	0	2	5	0.0762	25	0.0058064	0	0	0	0	0	0	0	0	0	0	1	0	0	0	0	1	0	0	9.689184
472	0	1	1	1	0	0	1	0	0	0	0	0	0	0	0	0	0	0	0	0	0	27	0	1.5748	0	0	0	0	0	0	0	0	0	0	0	0	0	0	0	9.208271
472	0	0	0	0	0	0	0	0	0	0	0	0	0	0	0	-3	0	3	0.0508	9	0.0025806	0	0	0	0	0	0	0	0	0	0	0	0	0	0	0	0	0	0	9.43159
472	0	1	0	0	1	0	1	0	0	1	0	0	0	0	0	0	0	4	0.1524	16	0.0232258	0	0	0	0	0	0	0	0	0	0	0	0	0	0	0	0	0	0	9.288423
472	0	0	0	0	0	0	0	0	0	0	0	0	0	1	0	0	0	4	0.0508	16	0.0025806	0	0	0	0	0	0	0	0	0	0	1	0	0	1	0	0	0	0	9.2512
472	0	0	0	0	0	1	0	0	0	0	0	0	0	0	1	0	0	10	0.127	100	0.016129	0	0	0	0	0	0	0	0	0	0	1	0	0	1	0	0	0	0	9.43159
472	1	1	0	0	0	0	0	0	0	0	0	0	0	0	0	0	0	5	0.0508	25	0.0025806	0	0	0	0	0	0	0	0	0	0	1	0	0	0	0	0	0	0	9.494866
472	0	0	0	0	0	1	0	0	0	0	0	0	0	0	1	0	1	2	0.1524	4	0.0232258	0	0	0	0	0	0	0	0	0	0	1	0	0	0	1	0	0	0	9.357899
472	1	0	0	0	0	0	1	0	0	0	0	0	0	1	0	0	0	5	0.1524	25	0.0232258	0	0	0	0	0	0	0	0	0	0	1	0	0	1	0	0	0	0	9.410738
472	1	0	0	0	0	1	0	0	0	0	0	0	0	1	1	0	0	5	0.1777999	25	0.0316128	0	0	0	0	0	0	0	0	0	0	1	0	0	1	0	0	0	0	9.235896
473	0	1	0	0	0	0	1	0	0	0	0	0	0	0	0	0	0	7	-0.0254	49	0.0006452	0	0	0	0	0	0	0	0	0	0	0	0	0	0	0	0	0	0	9.830038
473	0	0	0	0	0	0	0	0	1	0	0	0	0	1	0	0	0	1	0.127	1	0.016129	0	0	0	0	0	0	0	0	0	0	1	0	0	1	0	0	0	0	9.2512
473	0	0	0	1	0	1	0	0	0	0	0	0	0	1	1	0	0	4	0	16	0	0	0	1.7018	0	0	0	0	0	0	0	0	0	0	1	0	0	0	0	9.410738
473	0	0	0	0	0	1	0	0	1	0	0	0	0	1	1	0	0	7	0.0508	49	0.0025806	0	0	0	0	0	0	0	0	0	0	1	0	0	1	0	0	0	0	9.084581
473	1	0	0	0	0	1	0	0	1	0	0	0	0	1	1	0	0	7	0.0508	49	0.0025806	0	0	0	0	0	0	0	0	0	0	1	0	0	1	0	0	0	0	9.2512
473	1	1	0	0	0	0	1	0	1	0	0	0	0	0	0	0	0	4	0.127	16	0.016129	0	0	0	0	0	0	0	0	0	0	1	0	0	0	0	0	0	0	9.989575
473	0	0	0	0	0	0	0	0	0	0	0	0	0	1	0	0	0	9	0.0254	81	0.0006452	0	0	0	0	0	0	0	0	0	0	0	0	0	1	0	0	0	0	9.2512
473	0	0	0	0	0	1	0	0	1	0	0	0	0	1	1	0	0	5	-0.0254	25	0.0006452	0	0	0	0	0	0	0	0	0	0	1	0	0	1	0	0	0	0	9.199851
473	1	0	0	0	1	0	0	0	0	0	0	0	0	1	0	0	0	9	0.0254	81	0.0006452	0	0	0	0	0	0	0	0	0	0	0	0	0	1	0	0	0	0	9.208271
473	0	1	0	0	0	0	1	0	0	0	0	0	0	0	0	0	0	4	0.127	16	0.016129	0	0	0	0	0	0	0	0	0	0	0	0	0	0	0	0	0	0	9.262617
473	0	0	0	0	0	1	0	0	0	0	0	0	0	1	1	0	0	6	0.0254	36	0.0006452	0	0	0	0	0	0	0	0	0	0	0	0	0	1	0	0	0	0	9.321049
473	1	0	1	0	1	0	0	0	0	0	0	0	0	1	0	0	0	0	0.0508	0	0.0025806	26	0	0	0	0	0	0	0	0	0	0	0	0	1	0	0	0	0	9.25949
473	0	0	0	0	0	1	0	0	1	0	0	0	0	1	1	0	0	2	-0.1015999	4	0.0103225	0	0	0	0	0	0	0	0	0	0	1	0	0	1	0	0	0	0	9.069401
473	0	0	0	0	0	0	0	0	0	0	0	0	0	1	0	0	0	4	0	16	0	0	0	0	0	0	0	0	0	0	0	0	0	0	1	0	0	0	0	9.869575
473	1	0	0	0	0	1	0	0	0	0	0	0	0	1	1	0	0	6	0.0762	36	0.0058064	0	0	0	0	0	0	0	0	0	0	0	0	0	1	0	0	0	0	9.288423
478	0	0	0	0	0	0	1	0	0	0	0	0	0	1	0	0	0	8	0.1524	64	0.0232258	0	0	0	0	0	0	0	1	0	0	0	0	1	0	0	0	0	0	8.938133
478	1	0	0	0	0	0	1	0	0	0	0	0	0	0	0	0	1	10	0.0762	100	0.0058064	0	0	0	0	0	0	0	0	1	0	1	0	0	1	0	0	0	0	8.883064
478	0	1	0	0	0	0	0	0	0	0	0	0	0	0	0	0	0	7	0.0889	49	0.0079032	0	0	0	0	0	0	0	0	0	1	1	0	0	0	0	0	0	0	9.371179
478	0	0	0	0	0	1	0	0	0	0	0	0	0	0	1	0	4	7	0.1524	49	0.0232258	0	0	0	0	0	0	0	0	4	0	0	0	0	0	0	0	1	0	9.366202
478	1	0	0	0	0	1	0	0	0	0	0	0	0	0	1	0	0	3	0.1524	9	0.0232258	0	0	0	0	0	0	0	0	0	0	0	0	1	0	0	0	0	0	9.002979
478	0	0	0	0	0	0	0	0	0	0	0	0	0	0	0	0	3	8	0.0254	64	0.0006452	0	0	0	0	0	0	0	0	3	0	1	0	0	0	0	1	0	0	9.328371
478	0	0	0	0	0	0	1	0	0	0	0	0	0	0	0	0	1	10	0.0762	100	0.0058064	0	0	0	0	0	0	0	0	1	0	0	0	0	1	0	0	0	0	9.809099
478	0	0	0	0	0	1	0	0	0	0	0	0	0	0	1	0	2	11	0.0254	121	0.0006452	0	0	0	0	0	0	0	0	2	0	1	0	0	0	1	0	0	0	9.654741
478	1	0	0	0	0	1	0	0	0	0	0	0	0	0	1	0	5	4	0.0254	16	0.0006452	0	0	0	0	0	0	0	0	5	0	0	0	0	0	0	0	0	1	8.883064
479	0	1	0	0	0	0	1	0	0	0	0	0	0	0	0	0	0	7	0.2032	49	0.0412902	0	0	0	0	0	0	0	0	0	1	0	0	0	0	0	0	0	0	9.238695
479	0	0	0	0	0	0	1	0	0	0	0	0	0	1	0	0	0	3	0.1015999	9	0.0103225	0	0	0	0	0	0	0	1	0	0	0	0	0	0	1	0	0	0	8.99223
479	0	0	0	1	0	1	0	0	0	0	0	0	0	1	1	0	0	7	0	49	0	0	0	1.5748	0	0	0	0	1	0	0	1	0	0	0	1	0	0	0	10.07391
479	0	0	0	0	0	0	1	0	0	0	0	0	0	0	0	0	1	8	0.2032	64	0.0412902	0	0	0	0	0	0	0	0	1	0	0	0	0	0	0	1	0	0	9.127307
479	0	0	0	0	0	1	0	0	0	0	0	0	0	0	1	0	0	7	0.1015999	49	0.0103225	0	0	0	0	0	0	0	0	0	0	0	0	0	0	1	0	0	0	9.2512
479	1	0	0	0	0	0	0	0	0	0	0	0	0	0	0	-1	0	5	0.2032	25	0.0412902	0	0	0	0	0	0	0	0	-1	0	1	0	0	1	0	0	0	0	9.438108
479	0	0	0	0	1	0	1	0	0	1	0	0	0	0	0	0	0	8	0.1015999	64	0.0103225	0	0	0	0	0	0	0	0	0	0	0	0	0	0	1	0	0	0	8.960319
479	1	0	0	0	0	0	0	0	0	0	0	0	0	1	0	0	0	6	0.1524	36	0.0232258	0	0	0	0	0	0	0	1	0	0	1	0	0	0	1	0	0	0	9.438108
479	0	0	0	0	0	1	0	0	0	0	0	0	0	0	1	0	1	8	0.127	64	0.016129	0	0	0	0	0	0	0	0	1	0	0	0	0	0	0	1	0	0	9.689184
479	0	0	0	0	0	0	0	0	0	0	0	0	0	0	0	0	0	7	0.2032	49	0.0412902	0	0	0	0	0	0	0	0	0	0	0	0	0	0	1	0	0	0	9.024206
479	0	0	0	0	0	0	0	0	0	0	0	0	0	0	0	0	0	6	0.127	36	0.016129	0	0	0	0	0	0	0	0	0	0	1	0	0	0	1	0	0	0	9.158544
479	0	0	0	0	0	1	0	0	0	0	0	0	0	0	1	0	1	8	0.1396999	64	0.0195161	0	0	0	0	0	0	0	0	1	0	1	0	0	0	0	1	0	0	9.371115
479	1	0	0	0	1	1	0	0	0	1	0	0	0	1	1	0	0	4	0.0634999	16	0.0040322	0	0	0	0	0	0	0	1	0	0	0	0	0	0	1	0	0	0	8.99223
479	1	0	0	0	0	1	0	0	0	0	0	0	0	0	1	0	0	10	0.2032	100	0.0412902	0	0	0	0	0	0	0	0	0	0	1	0	0	0	1	0	0	0	9.93285
479	1	0	0	0	1	1	0	0	0	1	0	0	0	1	1	0	0	8	0.0254	64	0.0006452	0	0	0	0	0	0	0	1	0	0	0	0	0	0	1	0	0	0	9.697474
480	0	1	1	1	0	0	1	0	0	0	0	0	0	0	0	0	0	0	0	0	0	29	0	1.5748	0	0	0	1	0	0	0	1	0	0	0	0	0	0	0	9.208271
480	0	0	0	0	0	0	0	0	0	0	0	0	0	0	0	0	3	9	0.0254	81	0.0006452	0	0	0	0	0	3	0	0	0	0	1	0	0	1	0	0	0	0	9.127307
480	0	0	0	1	0	1	0	0	0	0	0	0	0	1	1	0	0	3	0	9	0	0	0	1.5748	0	1	0	0	0	0	0	1	0	0	0	0	0	0	0	9.357899
480	1	0	0	0	0	1	0	0	0	0	0	0	0	1	1	0	0	8	0.127	64	0.016129	0	0	0	0	1	0	0	0	0	0	0	0	0	0	0	0	0	0	9.044147
480	0	1	0	0	0	0	1	0	0	0	0	0	0	0	0	0	0	5	0.1015999	25	0.0103225	0	0	0	0	0	0	1	0	0	0	1	0	0	0	0	0	0	0	9.438108
480	1	1	0	1	0	0	1	0	0	0	0	0	0	0	0	0	0	10	0	100	0	0	0	1.5748	0	0	0	1	0	0	0	1	0	0	0	0	0	0	0	9.314969
480	1	0	0	0	0	0	1	0	0	0	0	0	0	1	0	0	0	8	0.1015999	64	0.0103225	0	0	0	0	1	0	0	0	0	0	0	0	0	0	0	0	0	0	9.328186
480	0	0	0	0	0	1	0	0	0	0	0	0	0	1	1	0	0	3	0.1524	9	0.0232258	0	0	0	0	1	0	0	0	0	0	1	0	0	0	0	0	0	0	8.99223
480	0	0	0	0	0	0	0	0	0	0	0	0	0	1	0	0	0	8	0.0254	64	0.0006452	0	0	0	0	1	0	0	0	0	0	1	0	0	0	0	0	0	0	8.988196
480	1	0	0	0	0	0	0	0	0	0	0	0	0	1	0	0	0	2	0.0508	4	0.0025806	0	0	0	0	1	0	0	0	0	0	0	0	0	0	0	0	0	0	9.43159
480	1	0	0	0	0	1	0	0	0	0	0	0	0	1	1	0	0	8	0.1396999	64	0.0195161	0	0	0	0	1	0	0	0	0	0	0	0	0	0	0	0	0	0	9.93285
481	1	0	0	0	0	0	0	0	1	0	0	0	0	1	1	0	0	6	0.1143	36	0.0130645	0	0	0	0	0	0	0	0	0	0	1	0	0	0	0	0	0	1	9.321049
481	1	0	0	0	0	0	0	0	1	0	0	0	0	1	1	0	0	3	0.0889	9	0.0079032	0	0	0	0	0	0	0	0	0	0	1	0	0	0	0	0	0	1	10.01695
481	1	1	1	0	0	0	0	0	1	0	0	0	0	0	1	0	0	0	0.0889	0	0.0079032	25	0	0	0	0	0	0	0	0	0	1	0	0	0	0	0	0	0	9.2512
482	1	0	0	0	0	0	0	0	0	0	0	0	0	1	1	0	0	6	0.127	36	0.016129	0	0	0	0	0	0	0	0	0	0	1	0	0	1	0	0	0	0	8.99223
482	0	1	0	0	0	0	0	0	0	0	0	0	0	0	1	0	0	6	0.0508	36	0.0025806	0	0	0	0	0	0	0	0	0	0	1	0	0	0	0	0	0	0	9.814734
482	0	0	0	0	0	0	0	0	0	0	0	0	0	1	1	0	0	7	0.0380999	49	0.0014516	0	0	0	0	0	0	0	0	0	0	0	0	0	1	0	0	0	0	9.876092
482	1	1	0	0	0	0	0	0	0	0	0	0	0	0	1	0	0	4	0.0889	16	0.0079032	0	0	0	0	0	0	0	0	0	0	0	0	0	0	0	0	0	0	9.2512
482	1	0	0	0	0	0	0	0	0	0	0	0	0	1	1	0	0	8	0.127	64	0.016129	0	0	0	0	0	0	0	0	0	0	0	0	0	1	0	0	0	0	9.303116
482	0	0	0	0	0	0	0	0	0	0	0	0	0	1	1	0	0	4	0	16	0	0	0	0	0	0	0	0	0	0	0	0	0	0	1	0	0	0	0	9.2512
482	0	0	0	0	0	1	0	0	0	0	0	0	0	1	0	0	0	3	0.2285999	9	0.0522579	0	0	0	0	0	0	0	0	0	0	1	0	0	1	0	0	0	0	9.848722
482	1	0	0	0	0	0	0	0	0	0	0	0	0	0	1	-3	0	6	0.0761999	36	0.0058064	0	0	0	0	0	0	0	0	0	0	1	0	0	0	0	0	0	0	9.475531
482	0	1	0	0	0	0	0	0	0	0	0	0	0	0	1	0	0	4	0.2032	16	0.0412902	0	0	0	0	0	0	0	0	0	0	0	0	0	0	0	0	0	0	9.2512
482	0	1	0	0	0	0	1	0	0	0	0	0	0	0	0	0	0	12	0.0634999	144	0.0040322	0	0	0	0	0	0	0	0	0	0	1	0	0	0	0	0	0	0	8.938133
482	0	0	0	0	0	1	0	0	0	0	0	0	0	1	0	0	0	5	0.1523999	25	0.0232257	0	0	0	0	0	0	0	0	0	0	0	0	0	1	0	0	0	0	9.127307
482	0	0	0	0	0	0	0	0	0	0	0	0	0	1	1	0	0	11	0	121	0	0	0	0	0	0	0	0	0	0	0	1	0	0	1	0	0	0	0	8.99223
482	0	0	0	0	1	0	0	0	0	1	0	0	0	1	1	0	0	8	0.127	64	0.016129	0	0	0	0	0	0	0	0	0	0	0	0	0	1	0	0	0	0	9.127307
482	1	0	0	0	0	0	0	0	0	0	0	0	0	1	1	0	0	7	0.0761999	49	0.0058064	0	0	0	0	0	0	0	0	0	0	1	0	0	1	0	0	0	0	9.848722
482	0	0	0	0	1	0	1	0	0	1	0	0	0	0	0	0	2	7	0.127	49	0.016129	0	0	0	0	0	0	0	0	0	0	0	0	0	0	0	1	0	0	9.2512
483	1	1	0	0	0	0	1	0	0	0	0	0	0	0	0	0	0	4	0.1346999	16	0.0181441	0	0	0	0	0	0	0	0	0	0	1	0	0	0	0	0	0	0	9.93285
483	0	0	0	0	0	0	1	0	0	0	0	0	0	0	0	0	4	6	0.1015999	36	0.0103225	0	0	0	0	0	0	0	0	0	0	0	0	0	0	1	0	0	0	9.303116
483	0	0	0	0	0	0	1	0	0	0	0	0	0	1	0	0	0	6	0.1015999	36	0.0103225	0	0	0	0	0	0	0	0	0	0	1	0	0	0	0	0	0	0	10.0737
483	0	0	0	0	0	0	0	0	0	0	0	0	0	1	1	0	0	5	0.0253999	25	0.0006452	0	0	0	0	0	0	0	0	0	0	1	0	0	0	0	0	0	0	8.99223
483	1	1	0	0	1	0	0	0	0	1	0	0	0	0	1	0	0	3	0.1015999	9	0.0103225	0	0	0	0	0	0	0	0	0	0	0	0	0	0	0	0	0	0	9.830038
483	0	1	0	0	1	0	0	0	0	1	0	0	0	0	1	0	0	2	0.1015999	4	0.0103225	0	0	0	0	0	0	0	0	0	0	0	0	0	0	0	0	0	0	9.705568
483	1	0	0	0	0	0	0	0	0	0	0	0	0	1	1	0	0	7	0.2285999	49	0.0522579	0	0	0	0	0	0	0	0	0	0	1	0	0	0	0	0	0	0	10.07391
483	1	1	0	0	1	0	0	0	0	1	0	0	0	0	1	0	0	1	0.0797999	1	0.006368	0	0	0	0	0	0	0	0	0	0	0	0	0	0	0	0	0	0	9.689184
483	0	0	0	0	0	0	0	0	0	0	0	0	0	1	1	0	0	9	0.0508	81	0.0025806	0	0	0	0	0	0	0	0	0	0	0	0	0	0	0	0	0	0	8.990049
483	1	1	0	0	1	0	1	0	0	1	0	0	0	0	0	0	0	3	0.1777999	9	0.0316128	0	0	0	0	0	0	0	0	0	0	0	0	0	0	0	0	0	0	9.848722
483	0	0	0	0	0	0	0	0	0	0	0	0	0	0	1	0	3	13	0	169	0	0	0	0	0	0	0	0	0	0	0	1	0	0	1	0	0	0	0	9.127307
483	0	0	0	0	0	0	1	0	0	0	0	0	0	0	0	0	5	1	0.0761999	1	0.0058064	0	0	0	0	0	0	0	0	0	0	0	0	0	0	0	1	0	0	9.891398
483	0	1	0	0	0	0	1	0	0	0	0	0	0	0	0	0	0	5	0.1777999	25	0.0316128	0	0	0	0	0	0	0	0	0	0	0	0	0	0	0	0	0	0	9.127307
483	0	1	0	0	0	0	0	0	0	0	0	0	0	0	1	0	0	3	0	9	0	0	0	0	0	0	0	0	0	0	0	0	0	0	0	0	0	0	0	9.689184
483	0	0	0	0	1	0	0	0	0	1	0	0	0	1	1	0	0	2	0.0253999	4	0.0006452	0	0	0	0	0	0	0	0	0	0	0	0	0	0	0	0	0	0	10.0737
486	0	0	0	0	0	0	1	0	0	0	0	0	0	1	0	0	0	2	0	4	0	0	0	0	1.651	0	0	0	0	0	0	0	0	0	1	0	0	0	0	9.2512
486	1	0	0	0	0	1	0	0	0	0	0	0	0	0	0	-3	0	9	0	81	0	0	0	0	1.7907	0	0	0	0	0	0	0	0	0	0	0	0	0	0	9.989575
486	1	0	0	0	0	0	0	0	0	0	0	0	0	1	1	0	0	8	0	64	0	0	0	0	1.7526	0	0	0	0	0	0	0	0	0	1	0	0	0	0	9.876092
487	0	1	1	1	0	0	0	0	0	0	0	0	0	0	1	0	0	0	0	0	0	23	0	1.5748	0	0	0	0	0	0	0	0	0	0	0	0	0	0	0	9.208271
487	0	1	0	1	0	0	0	0	0	0	0	0	0	0	1	0	0	6	0	36	0	0	0	1.5748	0	0	0	0	0	0	0	0	0	0	0	0	0	0	0	8.99223
487	1	0	0	0	0	0	1	0	0	0	0	0	0	1	0	0	0	7	0.127	49	0.016129	0	0	0	0	0	0	0	0	0	0	1	0	0	1	0	0	0	0	8.888406
487	0	0	0	0	0	0	0	0	0	0	0	0	0	0	1	0	1	7	0.0762	49	0.0058064	0	0	0	0	0	0	0	0	0	0	1	0	0	0	1	0	0	0	8.938133
487	0	0	0	0	0	0	0	0	0	0	0	0	0	1	1	0	0	6	0.2286	36	0.052258	0	0	0	0	0	0	0	0	0	0	0	0	0	1	0	0	0	0	8.938133
487	1	0	1	0	0	0	0	0	0	0	0	0	0	1	1	0	0	0	0.1524	0	0.0232258	23	0	0	0	0	0	0	0	0	0	1	0	0	1	0	0	0	0	8.938133
487	1	1	0	0	0	0	0	0	0	0	0	0	0	0	1	0	0	9	0.0762	81	0.0058064	0	0	0	0	0	0	0	0	0	0	1	0	0	0	0	0	0	0	8.716446
487	1	0	0	0	0	0	0	0	0	0	0	0	0	1	1	0	0	9	0.2032	81	0.0412902	0	0	0	0	0	0	0	0	0	0	1	0	0	1	0	0	0	0	9.121804
487	0	0	1	1	0	1	0	0	0	0	0	0	0	0	0	0	2	0	0	0	0	23	0	1.5748	0	0	0	0	0	0	0	0	0	0	0	0	1	0	0	9.208271
487	0	0	0	0	0	0	0	0	0	0	0	0	0	1	1	0	0	6	0.0762	36	0.0058064	0	0	0	0	0	0	0	0	0	0	1	0	0	1	0	0	0	0	9.053135
487	0	0	0	0	1	0	0	0	0	1	0	0	0	1	1	0	0	9	0.0762	81	0.0058064	0	0	0	0	0	0	0	0	0	0	0	0	0	1	0	0	0	0	9.118523
487	0	1	0	0	0	0	0	0	0	0	0	0	0	0	1	0	0	7	0.1015999	49	0.0103225	0	0	0	0	0	0	0	0	0	0	0	0	0	0	0	0	0	0	8.990453
487	0	0	0	1	0	0	0	0	0	0	0	0	0	1	1	0	0	9	0	81	0	0	0	1.5748	0	0	0	0	0	0	0	0	0	0	1	0	0	0	0	8.938133
487	0	0	0	0	0	0	0	0	0	0	0	0	0	1	1	0	0	8	0.2286	64	0.052258	0	0	0	0	0	0	0	0	0	0	0	0	0	1	0	0	0	0	8.771515
488	0	0	0	0	0	1	0	0	0	0	0	0	0	0	1	0	2	5	0.1006	25	0.0101204	0	0	0	0	0	0	0	0	0	0	0	0	0	0	0	1	0	0	10.0737
488	1	0	0	0	0	0	0	0	0	0	0	0	0	1	0	0	0	9	0.1524	81	0.0232258	0	0	0	0	0	0	0	0	0	0	1	0	0	1	0	0	0	0	9.47533
488	1	0	0	0	0	0	0	0	0	0	0	0	0	1	0	0	0	4	0.1524	16	0.0232258	0	0	0	0	0	0	0	0	0	0	1	0	0	1	0	0	0	0	10.0737
488	1	0	0	0	0	1	0	0	0	0	0	0	0	1	1	0	0	3	0.2286	9	0.052258	0	0	0	0	0	0	0	0	0	0	0	0	0	1	0	0	0	0	9.395179
488	1	0	0	0	0	0	1	0	0	0	0	0	0	1	0	0	0	3	0.0762	9	0.0058064	0	0	0	0	0	0	0	0	0	0	1	0	0	1	0	0	0	0	9.663419
488	0	0	1	1	0	1	0	0	0	0	0	0	0	1	1	0	0	0	0	0	0	27	0	1.5494	0	0	0	0	0	0	0	0	0	0	1	0	0	0	0	9.27161
488	0	0	0	0	0	0	1	0	0	0	0	0	0	0	0	0	1	11	0.127	121	0.016129	0	0	0	0	0	0	0	0	0	0	0	0	0	0	1	0	0	0	9.949953
488	0	0	0	0	0	1	0	0	0	0	0	0	0	1	1	0	0	7	0.1524	49	0.0232258	0	0	0	0	0	0	0	0	0	0	0	0	0	1	0	0	0	0	9.15443
488	0	0	0	0	0	1	0	0	0	0	0	0	0	1	1	0	0	7	0.1143	49	0.0130645	0	0	0	0	0	0	0	0	0	0	0	0	0	1	0	0	0	0	8.716446
488	0	0	0	0	0	0	0	0	0	0	0	0	0	1	0	0	0	4	0.2032	16	0.0412902	0	0	0	0	0	0	0	0	0	0	1	0	0	1	0	0	0	0	9.235896
493	0	0	0	0	0	0	0	0	0	0	0	0	0	0	1	0	0	5	0.127	25	0.016129	0	0	0	0	0	0	0	0	0	0	1	0	0	0	1	0	0	0	9.989575
493	0	0	0	0	1	1	0	0	0	1	0	0	0	0	0	0	1	4	0.1778001	16	0.0316129	0	0	0	0	0	0	0	0	1	0	0	0	0	0	0	1	0	0	9.848722
493	0	1	0	0	0	0	1	0	0	0	0	0	0	0	0	0	0	4	0.1016001	16	0.0103226	0	0	0	0	0	0	0	0	0	1	1	0	0	0	0	0	0	0	9.830038
493	0	1	0	0	0	1	0	0	0	0	0	0	0	0	0	0	0	-1	0.127	1	0.016129	0	0	0	0	0	0	0	0	0	1	0	0	0	0	0	0	0	0	9.949953
493	0	0	0	0	0	0	0	0	0	0	0	0	0	0	1	0	3	8	0.1524	64	0.0232258	0	0	0	0	0	0	0	0	3	0	1	0	0	0	0	0	0	1	10.0737
493	0	0	0	0	1	0	1	0	0	1	0	0	0	0	0	-1	0	3	0.2286	9	0.052258	0	0	0	0	0	0	0	0	-1	0	0	0	0	1	0	0	0	0	9.93285
493	0	0	1	0	1	0	1	0	0	1	0	0	0	0	0	0	3	0	0.0762	0	0.0058064	28	0	0	0	0	0	0	0	3	0	0	0	0	0	0	0	0	1	9.848722
493	0	0	0	0	0	0	1	0	0	0	0	0	0	0	0	-1	0	2	0.0762	4	0.0058064	0	0	0	0	0	0	0	0	-1	0	1	0	0	1	0	0	0	0	9.663419
493	0	0	0	0	0	0	0	0	0	0	0	0	0	1	1	0	0	3	0.0906	9	0.0082084	0	0	0	0	0	0	0	1	0	0	1	0	0	0	1	0	0	0	9.452142
494	1	1	0	0	0	0	0	0	0	0	0	0	0	0	1	0	0	8	0.1016001	64	0.0103226	0	0	0	0	0	0	0	0	0	1	1	0	0	0	0	0	0	0	9.395121
494	0	0	0	0	0	0	0	0	0	0	0	0	0	1	1	0	0	9	0.1778001	81	0.0316129	0	0	0	0	0	0	0	1	0	0	1	0	0	1	0	0	0	0	8.985859
494	1	1	0	1	0	0	0	0	0	0	0	0	0	0	1	0	0	3	0	9	0	0	0	1.5494	0	0	0	0	0	0	1	0	0	0	0	0	0	0	0	9.830038
494	0	0	0	1	0	1	0	0	0	0	0	0	0	0	0	0	1	7	0	49	0	0	0	1.5494	0	0	0	0	0	1	0	0	0	0	0	1	0	0	0	8.771515
494	0	0	0	0	0	0	0	0	0	0	0	0	0	1	1	0	0	11	0.0762	121	0.0058064	0	0	0	0	0	0	0	1	0	0	0	0	0	1	0	0	0	0	9.2512
494	1	0	0	0	0	0	0	0	0	0	0	0	0	0	1	-1	0	7	0.1524	49	0.0232258	0	0	0	0	0	0	0	0	-1	0	0	0	1	0	0	0	0	0	9.2512
494	1	0	0	0	0	0	0	0	0	0	0	0	0	1	1	0	0	7	0.1524	49	0.0232258	0	0	0	0	0	0	0	1	0	0	1	0	0	1	0	0	0	0	9.112089
494	0	0	0	0	0	0	0	0	0	0	0	0	0	0	1	0	4	9	0.0762	81	0.0058064	0	0	0	0	0	0	0	0	4	0	0	0	0	0	0	0	0	1	9.044147
494	0	0	0	0	0	0	1	0	0	0	0	0	0	0	0	0	0	7	0.1524	49	0.0232258	0	0	0	0	0	0	0	0	0	0	0	0	0	1	0	0	0	0	9.2512
494	0	0	0	0	0	0	0	0	0	0	0	0	0	0	1	0	2	3	0.2540001	9	0.064516	0	0	0	0	0	0	0	0	2	0	1	0	0	0	0	1	0	0	8.771515
494	0	1	0	0	0	0	1	0	0	0	0	0	0	0	0	0	0	7	0.127	49	0.016129	0	0	0	0	0	0	0	0	0	1	0	0	0	0	0	0	0	0	9.107232
494	0	0	0	0	0	0	1	0	0	0	0	0	0	1	0	0	0	9	0.127	81	0.016129	0	0	0	0	0	0	0	1	0	0	0	0	0	1	0	0	0	0	9.303116
494	1	0	0	0	0	1	0	0	0	0	0	0	0	0	0	0	1	9	0.1778001	81	0.0316129	0	0	0	0	0	0	0	0	1	0	1	0	0	0	1	0	0	0	9.044147
494	0	0	0	0	0	0	0	0	0	0	0	0	0	1	1	0	0	4	0.2794	16	0.0780644	0	0	0	0	0	0	0	1	0	0	0	0	0	1	0	0	0	0	9.097672
494	0	0	0	1	1	0	1	0	0	1	0	0	0	1	0	0	0	4	0	16	0	0	0	1.5494	0	0	0	0	1	0	0	0	0	0	1	0	0	0	0	8.883064
495	0	0	0	0	0	0	0	0	0	0	0	0	0	1	1	0	0	5	0.0889	25	0.0079032	0	0	0	0	0	0	0	0	0	0	1	0	0	1	0	0	0	0	9.371115
495	0	1	0	0	0	0	1	0	0	0	0	0	0	0	0	0	0	5	0.0381	25	0.0014516	0	0	0	0	0	0	0	0	0	0	1	0	0	0	0	0	0	0	9.084581
495	0	0	0	0	0	0	0	0	0	0	0	0	0	1	1	0	0	8	0.1143	64	0.0130645	0	0	0	0	0	0	0	0	0	0	0	0	0	1	0	0	0	0	9.288423
495	1	0	0	0	0	0	0	0	0	0	0	0	0	1	1	0	0	6	0.1143	36	0.0130645	0	0	0	0	0	0	0	0	0	0	1	0	0	1	0	0	0	0	9.098928
495	1	0	0	0	0	1	0	0	0	0	0	0	0	1	0	0	0	5	0.1143	25	0.0130645	0	0	0	0	0	0	0	0	0	0	1	0	0	1	0	0	0	0	9.571068
495	0	0	0	0	0	0	0	0	0	0	0	0	0	1	1	0	0	6	0.1396999	36	0.0195161	0	0	0	0	0	0	0	0	0	0	1	0	0	1	0	0	0	0	8.848053
495	1	0	0	0	0	0	0	0	0	0	0	0	0	1	1	0	0	6	0.1396999	36	0.0195161	0	0	0	0	0	0	0	0	0	0	1	0	0	1	0	0	0	0	9.507957
495	0	0	0	0	0	0	0	0	0	0	0	0	0	1	1	0	0	5	0.1905	25	0.0362903	0	0	0	0	0	0	0	0	0	0	0	0	0	1	0	0	0	0	8.938133
495	0	0	0	0	0	0	0	0	0	0	0	0	0	1	1	0	0	6	0.1143	36	0.0130645	0	0	0	0	0	0	0	0	0	0	1	0	0	1	0	0	0	0	8.99223
495	1	0	0	0	0	0	0	0	0	0	0	0	0	1	1	0	0	4	0.0508	16	0.0025806	0	0	0	0	0	0	0	0	0	0	0	0	0	1	0	0	0	0	9.440964
495	1	0	0	0	0	0	0	0	0	0	0	0	0	0	1	-2	0	8	0.1143	64	0.0130645	0	0	0	0	0	0	0	0	0	0	0	1	0	0	0	0	0	0	9.107023
495	0	0	0	0	0	0	0	0	0	0	0	0	0	1	1	0	0	12	0.1396999	144	0.0195161	0	0	0	0	0	0	0	0	0	0	1	0	0	1	0	0	0	0	8.771515
495	0	0	0	0	0	0	0	0	0	0	0	0	0	1	1	0	0	6	0.1651	36	0.027258	0	0	0	0	0	0	0	0	0	0	1	0	0	1	0	0	0	0	9.2512
495	0	1	0	0	0	0	1	0	0	0	0	0	0	0	0	0	0	5	0.2413	25	0.0582257	0	0	0	0	0	0	0	0	0	0	1	0	0	0	0	0	0	0	8.99223
495	0	1	0	0	0	0	1	0	0	0	0	0	0	0	0	0	0	6	0.1143	36	0.0130645	0	0	0	0	0	0	0	0	0	0	1	0	0	0	0	0	0	0	9.2512
496	0	1	0	0	1	0	0	0	0	1	0	0	0	0	1	0	0	7	0.1396999	49	0.0195161	0	0	0	0	0	0	0	0	0	0	0	0	0	0	0	0	0	0	8.99223
496	0	0	0	0	0	0	0	0	0	0	0	0	0	1	1	0	0	6	0.0889	36	0.0079032	0	0	0	0	0	0	0	0	0	0	0	0	0	0	0	0	0	0	9.2512
496	0	1	1	1	0	0	1	0	0	0	0	0	0	0	0	0	0	0	0	0	0	24	0	1.5621	0	0	0	0	0	0	0	1	0	0	0	0	0	0	0	9.208271
496	0	0	0	0	0	0	0	0	0	0	0	0	0	1	1	0	0	7	0.2666999	49	0.0711288	0	0	0	0	0	0	0	0	0	0	1	0	0	0	0	0	0	0	9.809099
496	0	0	0	0	0	0	0	0	0	0	0	0	0	1	1	0	0	6	0.0634999	36	0.0040322	0	0	0	0	0	0	0	0	0	0	1	0	0	0	0	0	0	0	9.321049
496	0	0	0	0	0	0	0	0	0	0	0	0	0	1	1	0	0	7	0.0889	49	0.0079032	0	0	0	0	0	0	0	0	0	0	1	0	0	0	0	0	0	0	10.01695
496	0	0	0	1	0	1	0	0	0	0	0	0	0	1	0	0	0	5	0	25	0	0	0	1.5621	0	0	0	0	0	0	0	0	0	0	0	0	0	0	0	9.440964
496	0	0	0	0	0	0	0	0	0	0	0	0	0	1	1	0	0	4	0.1142999	16	0.0130645	0	0	0	0	0	0	0	0	0	0	0	0	0	0	0	0	0	0	9.93285
496	1	0	0	0	0	0	1	0	0	0	0	0	0	0	0	0	3	7	0.2158999	49	0.0466128	0	0	0	0	0	0	0	0	0	0	0	0	0	1	0	0	0	0	9.848722
496	1	0	0	0	0	0	0	0	0	0	0	0	0	0	1	0	1	3	0.1396999	9	0.0195161	0	0	0	0	0	0	0	0	0	0	1	1	0	0	0	0	0	0	9.689184
496	0	1	1	1	0	0	0	0	0	0	0	0	0	0	1	0	0	0	0	0	0	24	0	1.5621	0	0	0	0	0	0	0	0	0	0	0	0	0	0	0	9.475531
496	1	1	0	0	0	0	0	0	0	0	0	0	0	0	1	0	0	4	0.127	16	0.016129	0	0	0	0	0	0	0	0	0	0	0	0	0	0	0	0	0	0	9.689184
496	1	0	0	1	0	0	0	0	0	0	0	0	0	1	1	0	0	3	0	9	0	0	0	1.5621	0	0	0	0	0	0	0	1	0	0	0	0	0	0	0	9.689184
496	1	0	0	0	0	0	1	0	0	0	0	0	0	1	0	0	0	6	0.0634999	36	0.0040322	0	0	0	0	0	0	0	0	0	0	0	0	0	0	0	0	0	0	9.848722
496	0	1	0	0	0	1	0	0	0	0	0	0	0	0	0	0	0	4	0.0889	16	0.0079032	0	0	0	0	0	0	0	0	0	0	0	0	0	0	0	0	0	0	10.01695
497	0	0	0	0	0	0	1	0	0	0	0	0	0	0	0	0	0	5	0.0761999	25	0.0058064	0	0	0	0	0	0	0	0	0	0	0	0	0	0	0	1	0	0	9.144537
497	0	0	0	0	0	0	1	0	1	0	0	0	0	1	0	0	0	3	0.2032	9	0.0412902	0	0	0	0	0	0	0	1	0	0	1	0	0	0	0	1	0	0	9.367809
497	0	0	0	0	0	0	0	0	1	0	0	0	0	1	1	0	0	6	0.127	36	0.016129	0	0	0	0	0	0	0	1	0	0	1	0	0	0	0	1	0	0	9.705568
497	1	0	0	0	0	1	0	0	0	0	0	0	0	0	0	-2	0	5	0.1523999	25	0.0232257	0	0	0	0	0	0	0	0	-2	0	0	0	0	1	0	0	0	0	9.494866
497	0	0	0	1	0	0	0	0	1	0	0	0	0	1	1	0	0	7	0	49	0	0	0	1.6002	0	0	0	0	1	0	0	1	0	0	0	0	1	0	0	8.99223
497	1	0	0	0	0	1	0	0	0	0	0	0	0	0	0	0	0	8	0.1015999	64	0.0103225	0	0	0	0	0	0	0	0	0	0	0	0	0	0	0	1	0	0	8.989762
497	1	0	0	0	0	0	0	0	1	0	0	0	0	0	1	-2	0	6	0.0761999	36	0.0058064	0	0	0	0	0	0	0	0	-2	0	1	0	0	1	0	0	0	0	8.825611
497	1	0	0	0	0	0	0	0	1	0	0	0	0	0	1	-2	0	2	0.1777999	4	0.0316128	0	0	0	0	0	0	0	0	-2	0	1	0	0	1	0	0	0	0	9.127307
497	1	0	0	0	0	0	0	0	1	0	0	0	0	0	1	-2	0	3	0.1777999	9	0.0316128	0	0	0	0	0	0	0	0	-2	0	1	0	0	1	0	0	0	0	9.235896
497	0	0	0	0	0	1	0	0	0	0	0	0	0	0	0	0	0	3	0.1015999	9	0.0103225	0	0	0	0	0	0	0	0	0	0	0	0	0	0	0	1	0	0	8.99223
497	0	0	0	0	0	0	0	0	1	0	0	0	0	0	1	-4	0	6	0.1523999	36	0.0232257	0	0	0	0	0	0	0	0	-4	0	1	1	0	0	0	0	0	0	8.942503
497	0	0	0	0	0	0	0	0	1	0	0	0	0	0	1	-2	0	6	0.0497999	36	0.00248	0	0	0	0	0	0	0	0	-2	0	1	0	0	1	0	0	0	0	9.689184
497	0	0	0	0	0	1	0	0	0	0	0	0	0	0	0	-1	0	6	0.0889	36	0.0079032	0	0	0	0	0	0	0	0	-1	0	0	0	0	0	1	0	0	0	9.430214
497	0	0	0	0	0	0	0	0	0	0	0	0	0	0	1	0	2	9	0.0253999	81	0.0006452	0	0	0	0	0	0	0	0	2	0	0	0	0	0	0	0	0	1	9.044147
498	0	1	0	1	0	0	0	0	0	0	0	0	0	0	1	0	0	10	0	100	0	0	0	1.5748	0	0	0	0	0	0	0	0	0	0	0	0	0	0	0	9.438108
498	1	1	0	0	0	0	0	0	0	0	0	0	0	0	1	0	0	6	0.127	36	0.016129	0	0	0	0	0	0	0	0	0	0	1	0	0	0	0	0	0	0	9.51846
498	0	0	0	0	0	1	0	0	0	0	0	0	0	1	0	0	0	5	0.1524	25	0.0232258	0	0	0	0	0	0	0	0	0	0	1	0	0	0	0	0	0	0	9.2512
498	0	0	0	0	0	0	0	0	0	0	0	0	0	1	1	0	0	7	0.127	49	0.016129	0	0	0	0	0	0	0	0	0	0	1	0	0	0	0	0	0	0	10.01515
498	0	0	0	0	0	0	0	0	0	0	0	0	0	1	1	0	0	10	0.1015999	100	0.0103225	0	0	0	0	0	0	0	0	0	0	1	0	0	0	0	0	0	0	10.07391
498	0	0	0	0	0	0	0	0	0	0	0	0	0	1	1	0	0	10	0.1524	100	0.0232258	0	0	0	0	0	0	0	0	0	0	0	0	0	0	0	0	0	0	9.208271
498	1	0	0	0	0	0	0	0	0	0	0	0	0	1	1	0	0	5	0.2539999	25	0.064516	0	0	0	0	0	0	0	0	0	0	1	0	0	0	0	0	0	0	8.99223
498	0	0	0	0	0	0	1	0	0	0	0	0	0	1	0	0	0	1	0.1524	1	0.0232258	0	0	0	0	0	0	0	0	0	0	0	0	0	0	0	0	0	0	9.395179
498	1	0	0	0	0	0	0	0	0	0	0	0	0	1	1	0	0	5	0.1524	25	0.0232258	0	0	0	0	0	0	0	0	0	0	1	0	0	0	0	0	0	0	9.176871
498	0	0	0	0	0	1	0	0	0	0	0	0	0	1	0	0	0	8	0.0762	64	0.0058064	0	0	0	0	0	0	0	0	0	0	0	0	0	0	0	0	0	0	9.757976
498	0	0	0	0	0	0	0	0	0	0	0	0	0	0	1	0	3	18	0.1015999	324	0.0103225	0	0	0	0	0	0	0	0	0	0	1	0	0	1	0	0	0	0	9.989575
498	1	0	0	0	0	0	0	0	0	0	0	0	0	1	1	0	0	3	0.1524	9	0.0232258	0	0	0	0	0	0	0	0	0	0	1	0	0	0	0	0	0	0	10.01695
499	0	0	0	0	0	1	0	0	0	0	0	0	0	1	1	0	0	5	0.127	25	0.016129	0	0	0	0	0	0	0	1	0	0	0	0	0	0	0	1	0	0	9.430214
499	0	0	0	0	0	0	1	0	0	0	0	0	0	0	0	-5	0	2	0.1777999	4	0.0316128	0	0	0	0	0	0	0	0	-5	0	0	0	0	0	0	0	0	0	9.93285
499	1	0	0	0	0	1	0	0	0	0	0	0	0	1	1	0	0	5	0.1015999	25	0.0103225	0	0	0	0	0	0	0	1	0	0	0	0	0	0	0	1	0	0	9.848722
499	0	0	0	0	0	0	1	0	0	0	0	0	0	0	0	-1	0	10	0.1015999	100	0.0103225	0	0	0	0	0	0	0	0	-1	0	0	0	0	0	1	0	0	0	9.57391
499	1	0	0	0	0	0	1	0	0	0	0	0	0	1	0	0	0	5	0.1015999	25	0.0103225	0	0	0	0	0	0	0	1	0	0	0	0	0	0	0	1	0	0	9.47533
499	0	1	0	1	0	0	1	0	0	0	0	0	0	0	0	0	0	5	0	25	0	0	0	1.5748	0	0	0	0	0	0	1	0	0	0	0	0	0	0	0	9.158544
499	0	0	0	0	0	0	1	0	0	0	0	0	0	1	0	0	0	2	0.1015999	4	0.0103225	0	0	0	0	0	0	0	1	0	0	0	0	0	0	0	1	0	0	9.830038
500	0	0	0	1	0	1	0	0	0	0	0	0	0	0	0	0	0	8	0	64	0	0	0	1.5494	0	0	0	0	0	0	0	1	0	0	0	1	0	0	0	8.99223
500	1	0	0	0	0	0	0	0	0	0	0	0	0	0	1	-1	0	11	0.127	121	0.016129	0	0	0	0	0	0	0	0	0	0	1	0	0	1	0	0	0	0	9.053135
500	1	0	0	0	0	0	0	0	0	0	0	0	0	1	1	0	0	7	0.0762	49	0.0058064	0	0	0	0	0	0	0	0	0	0	1	0	0	0	1	0	0	0	9.848722
500	1	0	0	0	0	0	0	0	0	0	0	0	0	1	1	0	0	7	0.2286	49	0.052258	0	0	0	0	0	0	0	0	0	0	1	0	0	0	1	0	0	0	8.99223
500	0	1	0	0	0	0	0	0	0	0	0	0	0	0	1	0	0	9	0.127	81	0.016129	0	0	0	0	0	0	0	0	0	0	1	0	0	0	0	0	0	0	9.069401
500	0	0	0	0	0	1	0	0	0	0	0	0	0	1	0	0	0	10	0.1016001	100	0.0103226	0	0	0	0	0	0	0	0	0	0	0	0	0	0	1	0	0	0	8.883064
500	0	0	0	0	0	0	0	0	0	0	0	0	0	1	1	0	0	5	0.1778001	25	0.0316129	0	0	0	0	0	0	0	0	0	0	0	0	0	0	1	0	0	0	8.99223
500	1	1	0	1	1	0	1	0	0	1	0	0	0	0	0	0	0	6	0	36	0	0	0	1.5494	0	0	0	0	0	0	0	0	0	0	0	0	0	0	0	9.571068
500	0	1	0	0	0	0	1	0	0	0	0	0	0	0	0	0	0	7	0.0254	49	0.0006452	0	0	0	0	0	0	0	0	0	0	1	0	0	0	0	0	0	0	9.93285
500	0	1	0	0	0	0	1	0	0	0	0	0	0	0	0	0	0	7	0.1016001	49	0.0103226	0	0	0	0	0	0	0	0	0	0	1	0	0	0	0	0	0	0	9.101377
500	0	0	0	0	0	0	0	0	0	0	0	0	0	1	1	0	0	7	0.1524	49	0.0232258	0	0	0	0	0	0	0	0	0	0	1	0	0	0	1	0	0	0	9.328371
500	0	0	0	1	0	0	0	0	0	0	0	0	0	1	1	0	0	6	0	36	0	0	0	1.5494	0	0	0	0	0	0	0	0	0	0	0	1	0	0	0	8.883064
500	0	0	0	0	0	0	1	0	0	0	0	0	0	1	0	0	0	5	0.1524	25	0.0232258	0	0	0	0	0	0	0	0	0	0	1	0	0	0	1	0	0	0	8.99223
500	1	0	0	0	0	0	0	0	0	0	0	0	0	1	1	0	0	7	0.1524	49	0.0232258	0	0	0	0	0	0	0	0	0	0	1	0	0	0	1	0	0	0	9.949953
500	0	0	0	0	0	0	0	0	0	0	0	0	0	1	1	0	0	7	0.1778001	49	0.0316129	0	0	0	0	0	0	0	0	0	0	0	0	0	0	1	0	0	0	9.024206
501	0	0	1	1	0	0	0	0	0	0	0	0	0	0	1	-1	0	0	0	0	0	28	0	1.6002	0	0	0	0	0	-1	0	1	0	0	0	1	0	0	0	9.25949
501	0	0	0	0	1	1	0	0	0	1	0	0	0	1	0	0	0	5	0.0508	25	0.0025806	0	0	0	0	0	0	0	1	0	0	0	0	0	0	0	1	0	0	9.571068
501	0	0	0	1	0	0	0	0	0	0	0	0	0	0	1	-2	0	4	0	16	0	0	0	1.6002	0	0	0	0	0	-2	0	1	0	0	1	0	0	0	0	9.494866
501	0	0	0	0	0	1	0	0	0	0	0	0	0	1	0	0	0	8	0.0761999	64	0.0058064	0	0	0	0	0	0	0	1	0	0	0	0	0	0	0	1	0	0	9.43159
501	1	0	0	0	1	0	1	0	0	1	0	0	0	1	0	0	0	1	0.1015999	1	0.0103225	0	0	0	0	0	0	0	1	0	0	0	0	0	0	0	1	0	0	10.07391
501	0	0	0	0	0	0	1	0	0	0	0	0	0	0	0	-1	0	2	0.0761999	4	0.0058064	0	0	0	0	0	0	0	0	-1	0	0	0	0	0	1	0	0	0	10.0737
501	0	1	0	0	1	0	1	0	0	1	0	0	0	0	0	0	0	8	0.0253999	64	0.0006452	0	0	0	0	0	0	0	0	0	1	0	0	0	0	0	0	0	0	9.098928
501	0	1	0	0	0	0	1	0	0	0	0	0	0	0	0	0	0	4	0.2032	16	0.0412902	0	0	0	0	0	0	0	0	0	1	1	0	0	0	0	0	0	0	9.550129
501	0	0	0	0	1	0	1	0	0	1	0	0	0	0	0	-1	0	7	0.0761999	49	0.0058064	0	0	0	0	0	0	0	0	-1	0	0	0	0	0	1	0	0	0	9.852223
501	0	0	0	0	0	0	1	0	0	0	0	0	0	0	0	-1	0	3	0.0253999	9	0.0006452	0	0	0	0	0	0	0	0	-1	0	0	0	0	0	1	0	0	0	9.127307
501	1	0	0	0	0	1	0	0	0	0	0	0	0	1	0	0	0	4	0.0761999	16	0.0058064	0	0	0	0	0	0	0	1	0	0	0	0	0	0	0	1	0	0	9.876092
501	0	0	0	0	1	0	1	0	0	1	0	0	0	1	0	0	0	3	0.0761999	9	0.0058064	0	0	0	0	0	0	0	1	0	0	0	0	0	0	0	1	0	0	9.49507
502	1	1	0	0	0	0	1	0	0	0	1	0	0	0	0	0	0	7	0.0508	49	0.0025806	0	0	0	0	0	0	0	0	0	0	1	0	0	0	0	0	0	0	9.397571
502	0	0	0	0	1	0	1	0	0	1	1	0	0	0	0	0	1	5	0.0761999	25	0.0058064	0	0	0	0	0	0	0	0	0	0	0	0	0	0	1	0	0	0	9.149493
502	1	1	0	0	0	0	1	0	0	0	1	0	0	0	0	0	0	2	0.1777999	4	0.0316128	0	0	0	0	0	0	0	0	0	0	0	0	0	0	0	0	0	0	9.950462
502	0	0	0	0	0	0	0	0	0	0	0	0	0	0	0	0	2	8	0.0508	64	0.0025806	0	0	0	0	0	0	0	0	0	0	1	0	0	0	0	1	0	0	9.328371
502	0	1	0	0	0	1	0	0	0	0	0	0	0	0	0	0	0	2	0.0253999	4	0.0006452	0	0	0	0	0	0	0	0	0	0	0	0	0	0	0	0	0	0	8.883064
502	1	0	0	0	0	1	0	0	0	0	0	0	0	1	0	0	0	5	0.1777999	25	0.0316128	0	0	0	0	0	0	0	0	0	0	0	0	0	1	0	0	0	0	9.199851
502	1	0	0	0	0	1	0	0	0	0	0	0	0	1	0	0	0	12	0.127	144	0.016129	0	0	0	0	0	0	0	0	0	0	1	0	0	1	0	0	0	0	8.99223
502	1	0	0	0	0	0	1	0	0	0	1	0	0	1	0	0	0	4	0.127	16	0.016129	0	0	0	0	0	0	0	0	0	0	1	0	0	1	0	0	0	0	9.93285
510	1	0	0	0	0	0	0	0	0	0	0	0	0	1	1	0	0	6	0.0254	36	0.0006452	0	0	0	0	0	0	0	0	0	0	1	0	0	1	0	0	0	0	9.098928
510	0	0	0	0	0	0	0	0	0	0	0	0	0	1	1	0	0	12	0.1397001	144	0.0195161	0	0	0	0	0	0	0	0	0	0	0	0	0	1	0	0	0	0	9.876092
510	1	0	0	0	0	0	0	0	0	0	0	0	0	1	1	0	0	5	0.1651	25	0.027258	0	0	0	0	0	0	0	0	0	0	1	0	0	1	0	0	0	0	8.81933
510	1	0	0	0	0	0	0	0	0	0	0	0	0	1	1	0	0	5	0.0762	25	0.0058064	0	0	0	0	0	0	0	0	0	0	1	0	0	1	0	0	0	0	9.101377
510	0	1	0	1	0	0	1	0	0	0	0	0	0	0	0	0	0	1	0	1	0	0	0	1.5494	0	0	0	0	0	0	0	1	0	0	0	0	0	0	0	9.098928
510	0	0	0	0	0	0	0	0	0	0	0	0	0	1	1	0	0	2	0.127	4	0.016129	0	0	0	0	0	0	0	0	0	0	1	0	0	1	0	0	0	0	9.002979
510	1	0	0	0	0	0	0	0	0	0	0	0	0	1	1	0	0	4	0.1778001	16	0.0316129	0	0	0	0	0	0	0	0	0	0	1	0	0	1	0	0	0	0	9.286845
510	0	1	0	0	0	0	0	0	0	0	0	0	0	0	1	0	0	3	0.127	9	0.016129	0	0	0	0	0	0	0	0	0	0	1	0	0	0	0	0	0	0	9.098928
510	1	0	0	0	0	0	0	0	0	0	0	0	0	1	1	0	0	9	0.0762	81	0.0058064	0	0	0	0	0	0	0	0	0	0	0	0	0	1	0	0	0	0	9.2512
511	0	0	1	1	0	0	1	0	0	0	0	0	0	0	0	0	0	0	0	0	0	26	0	1.5494	0	0	0	0	0	0	0	1	0	0	0	1	0	0	0	9.830038
512	0	0	0	0	1	0	1	0	0	1	0	0	0	0	0	-3	0	7	0.2539999	49	0.064516	0	0	0	0	0	0	0	0	0	0	0	0	0	0	0	0	0	0	8.915041
512	0	1	0	0	0	0	0	0	0	0	0	0	0	0	1	0	0	10	0.2794	100	0.0780644	0	0	0	0	0	0	0	0	0	0	0	0	0	0	0	0	0	0	9.494866
512	0	1	0	0	0	0	1	0	0	0	0	0	0	0	0	0	0	4	0.3302	16	0.109032	0	0	0	0	0	0	0	0	0	0	1	0	0	0	0	0	0	0	8.99223
512	1	0	0	0	0	0	0	0	0	0	0	0	0	1	1	0	0	5	0.1777999	25	0.0316128	0	0	0	0	0	0	0	0	0	0	1	0	0	1	0	0	0	0	9.127307
512	1	0	0	0	0	1	0	0	0	0	0	0	0	0	0	0	1	6	0.0508	36	0.0025806	0	0	0	0	0	0	0	0	0	0	1	0	0	0	1	0	0	0	8.883064
512	0	0	0	0	0	1	0	0	0	0	0	0	0	0	0	0	2	8	0.1523999	64	0.0232257	0	0	0	0	0	0	0	0	0	0	0	0	0	0	0	1	0	0	9.303116
512	0	0	0	1	0	0	0	0	0	0	0	0	0	1	1	0	0	12	0	144	0	0	0	1.524	0	0	0	0	0	0	0	1	0	0	1	0	0	0	0	9.216758
512	0	0	0	0	0	0	1	0	0	0	0	0	0	1	0	0	0	4	0.0762	16	0.0058064	0	0	0	0	0	0	0	0	0	0	1	0	0	1	0	0	0	0	8.938133
512	1	0	0	0	0	0	0	0	0	0	0	0	0	1	1	0	0	7	0.1523999	49	0.0232257	0	0	0	0	0	0	0	0	0	0	0	0	0	1	0	0	0	0	9.101377
512	0	1	0	0	0	0	1	0	0	0	0	0	0	0	0	0	0	8	0.127	64	0.016129	0	0	0	0	0	0	0	0	0	0	0	0	0	0	0	0	0	0	9.118523
512	0	1	1	0	0	0	0	0	0	0	0	0	0	0	1	0	0	0	0.2285999	0	0.0522579	25	0	0	0	0	0	0	0	0	0	0	0	0	0	0	0	0	0	8.938133
512	0	0	0	0	1	0	1	0	0	1	0	0	0	1	0	0	0	9	0.127	81	0.016129	0	0	0	0	0	0	0	0	0	0	0	0	0	1	0	0	0	0	8.938133
512	1	0	0	0	1	0	0	0	0	1	0	0	0	0	1	0	1	6	0.2794	36	0.0780644	0	0	0	0	0	0	0	0	0	0	0	0	0	0	1	0	0	0	8.990049
512	1	1	0	1	0	0	1	0	0	0	0	0	0	0	0	0	0	2	0	4	0	0	0	1.524	0	0	0	0	0	0	0	0	0	0	0	0	0	0	0	10.07391
512	0	1	0	1	0	0	1	0	0	0	0	0	0	0	0	0	0	3	0	9	0	0	0	1.524	0	0	0	0	0	0	0	1	0	0	0	0	0	0	0	8.938133
514	0	0	0	0	0	1	0	0	0	0	0	0	0	1	0	0	0	9	0.2286	81	0.052258	0	0	0	0	0	0	0	0	0	0	1	0	0	0	0	0	0	0	8.99223
514	0	0	0	0	0	0	0	0	0	0	0	0	0	1	0	0	0	7	0.1524	49	0.0232258	0	0	0	0	0	0	0	0	0	0	1	0	0	0	0	0	0	0	9.101377
514	0	1	0	1	0	0	1	0	0	0	1	0	0	0	0	0	0	7	0	49	0	0	0	1.5748	0	0	0	0	0	0	0	1	0	0	0	0	0	0	0	9.2512
514	0	0	0	0	1	0	0	0	0	1	0	0	0	1	0	0	0	6	0.0254	36	0.0006452	0	0	0	0	0	0	0	0	0	0	0	0	0	0	0	0	0	0	9.814734
514	0	1	0	0	1	0	1	0	0	1	1	0	0	0	0	0	0	10	0.0762	100	0.0058064	0	0	0	0	0	0	0	0	0	0	0	0	0	0	0	0	0	0	8.99223
514	0	0	1	0	0	1	0	0	0	0	0	0	0	1	0	0	0	0	0.0254	0	0.0006452	23	0	0	0	0	0	0	0	0	0	0	0	0	0	0	0	0	0	8.99223
514	0	1	0	0	1	0	1	0	0	1	1	0	0	0	0	0	0	5	0.1777999	25	0.0316128	0	0	0	0	0	0	0	0	0	0	0	0	0	0	0	0	0	0	8.825611
514	0	1	0	0	1	0	1	0	0	1	1	0	0	0	0	0	0	4	0.1777999	16	0.0316128	0	0	0	0	0	0	0	0	0	0	0	0	0	0	0	0	0	0	8.99223
514	0	0	0	0	1	0	1	0	0	1	1	0	0	0	0	0	1	6	0.2032	36	0.0412902	0	0	0	0	0	0	0	0	0	0	0	1	0	0	0	0	0	0	9.2512
514	0	0	0	0	1	0	1	0	0	1	1	0	0	1	0	0	0	9	0.2921	81	0.0853224	0	0	0	0	0	0	0	0	0	0	0	0	0	0	0	0	0	0	9.438108
515	0	0	0	1	0	0	0	0	0	0	0	0	0	1	0	0	0	11	0	121	0	0	0	1.6002	0	0	0	0	0	0	0	1	0	0	0	0	0	0	0	9.121804
515	0	0	0	0	0	1	0	0	0	0	0	0	0	1	1	0	0	3	0.127	9	0.016129	0	0	0	0	0	0	0	0	0	0	1	0	0	0	0	0	0	0	9.235896
515	0	0	0	0	1	0	1	0	0	1	0	0	0	1	0	0	0	11	0.1777999	121	0.0316128	0	0	0	0	0	0	0	0	0	0	0	0	0	0	0	0	0	0	9.571068
515	0	0	0	0	0	0	0	0	0	0	0	0	0	1	0	0	0	9	0	81	0	0	0	0	0	0	0	0	0	0	0	1	0	0	0	0	0	0	0	8.988196
515	0	0	0	0	0	1	0	0	0	0	0	0	0	1	1	0	0	8	0.1015999	64	0.0103225	0	0	0	0	0	0	0	0	0	0	0	0	0	0	0	0	0	0	9.015304
515	1	0	0	0	0	1	0	0	0	0	0	0	0	1	1	0	0	5	0.0253999	25	0.0006452	0	0	0	0	0	0	0	0	0	0	0	0	0	0	0	0	0	0	9.2512
515	0	0	0	0	0	1	0	0	0	0	0	0	0	1	1	0	0	11	0.0253999	121	0.0006452	0	0	0	0	0	0	0	0	0	0	0	0	0	0	0	0	0	0	9.438108
515	0	0	0	0	0	1	0	0	0	0	0	0	0	1	1	0	0	9	0.2285999	81	0.0522579	0	0	0	0	0	0	0	0	0	0	1	0	0	0	0	0	0	0	8.883064
515	1	0	0	0	0	0	0	0	0	0	0	0	0	1	0	0	0	6	0.1523999	36	0.0232257	0	0	0	0	0	0	0	0	0	0	1	0	0	0	0	0	0	0	9.2512
515	1	0	0	0	0	1	0	0	0	0	0	0	0	1	1	0	0	5	0.1523999	25	0.0232257	0	0	0	0	0	0	0	0	0	0	0	0	0	0	0	0	0	0	9.307697
515	0	0	0	0	0	1	0	0	0	0	0	0	0	1	1	0	0	6	0.0253999	36	0.0006452	0	0	0	0	0	0	0	0	0	0	1	0	0	0	0	0	0	0	9.112089
515	1	0	0	0	0	1	0	0	0	0	0	0	0	1	1	0	0	7	0.0761999	49	0.0058064	0	0	0	0	0	0	0	0	0	0	1	0	0	0	0	0	0	0	9.101377
515	0	1	0	0	0	0	1	0	0	0	0	0	0	0	0	0	0	1	0.2032	1	0.0412902	0	0	0	0	0	0	0	0	0	0	1	0	0	0	0	0	0	0	9.2512
515	1	0	0	0	0	1	0	0	0	0	0	0	0	1	1	0	0	2	0.0508	4	0.0025806	0	0	0	0	0	0	0	0	0	0	0	0	0	0	0	0	0	0	8.99223
515	0	0	0	0	0	0	0	0	0	0	0	0	0	1	0	0	0	3	0.0761999	9	0.0058064	0	0	0	0	0	0	0	0	0	0	1	0	0	0	0	0	0	0	10.07391
520	0	0	0	0	1	0	1	0	0	1	1	0	0	0	0	-2	0	1	0.08382	1	0.0070258	0	0	0	0	0	0	0	0	-2	0	0	0	0	0	0	1	0	0	9.43159
520	1	0	0	0	0	0	0	0	0	0	0	0	0	1	0	0	0	4	0	16	0	0	0	0	0	0	0	0	1	0	0	1	0	0	0	0	0	0	1	9.876092
520	0	0	0	0	1	0	0	0	0	1	0	0	0	0	0	-7	0	13	0.0762	169	0.0058064	0	0	0	0	0	0	0	0	-7	0	0	0	0	0	0	0	0	0	9.273385
520	0	0	0	0	0	0	0	0	0	0	0	0	0	0	0	-4	0	2	0.0254	4	0.0006452	0	0	0	0	0	0	0	0	-4	0	0	0	0	1	0	0	0	0	8.825611
520	0	0	0	0	0	0	0	0	0	0	0	0	0	1	0	0	0	3	0.0508	9	0.0025806	0	0	0	0	0	0	0	1	0	0	1	0	0	0	0	0	0	1	9.208271
520	1	0	0	0	0	0	1	0	0	0	1	0	0	1	0	0	0	8	0.0762	64	0.0058064	0	0	0	0	0	0	0	1	0	0	0	0	0	0	0	0	0	1	9.098928
520	1	0	0	1	0	1	0	0	0	0	0	0	0	0	0	-3	0	10	0	100	0	0	0	1.6256	0	0	0	0	0	-3	0	1	0	0	0	1	0	0	0	10.07391
520	0	1	0	1	1	0	1	0	0	1	1	0	0	0	0	0	0	0	0	0	0	0	0	1.6256	0	0	0	0	0	0	1	0	0	0	0	0	0	0	0	8.716446
520	0	0	0	0	0	0	0	0	0	0	0	0	0	0	0	-4	0	6	0	36	0	0	0	0	0	0	0	0	0	-4	0	1	0	0	1	0	0	0	0	8.990049
520	0	0	0	0	1	1	0	0	0	1	0	0	0	1	0	0	0	3	0.0508	9	0.0025806	0	0	0	0	0	0	0	1	0	0	0	0	0	0	0	0	0	1	9.2512
520	1	0	1	0	0	0	0	0	0	0	0	0	0	1	0	0	0	0	0.1016001	0	0.0103226	32	0	0	0	0	0	0	1	0	0	1	0	0	0	0	0	0	1	9.044147
520	0	0	0	0	0	0	0	0	0	0	0	0	0	0	0	-3	0	8	0.0381	64	0.0014516	0	0	0	0	0	0	0	0	-3	0	0	0	0	0	1	0	0	0	8.938133
520	0	0	0	0	1	0	1	0	0	1	1	0	0	1	0	0	0	5	0.0254	25	0.0006452	0	0	0	0	0	0	0	1	0	0	0	0	0	0	0	0	0	1	9.440964
520	0	0	0	0	1	0	0	0	0	1	0	0	0	1	0	0	0	2	0.0508	4	0.0025806	0	0	0	0	0	0	0	1	0	0	0	0	0	0	0	0	0	1	9.002979
521	1	0	0	0	0	0	1	0	0	0	0	0	0	0	0	-3	0	4	0.0508	16	0.0025806	0	0	0	0	0	0	0	0	0	0	1	0	0	1	0	0	0	0	9.663419
521	0	1	1	0	1	0	1	0	0	1	0	0	0	0	0	0	0	0	0.1015999	0	0.0103225	26	0	0	0	0	0	0	0	0	0	0	0	0	0	0	0	0	0	9.2512
521	0	0	0	0	0	0	0	0	0	0	0	0	0	1	1	0	0	4	0.0889	16	0.0079032	0	0	0	0	0	0	0	0	0	0	0	0	0	0	0	0	1	0	8.883064
521	1	1	0	0	0	0	0	0	0	0	0	0	0	0	1	0	0	8	0.1015999	64	0.0103225	0	0	0	0	0	0	0	0	0	0	0	0	0	0	0	0	0	0	10.07391
521	0	0	0	1	1	0	1	0	0	1	0	0	0	0	0	0	1	4	0	16	0	0	0	1.5748	0	0	0	0	0	0	0	0	0	0	0	0	0	0	1	9.2512
521	0	1	0	0	0	1	0	0	0	0	0	0	0	0	0	0	0	6	0.1777999	36	0.0316128	0	0	0	0	0	0	0	0	0	0	1	0	0	0	0	0	0	0	9.689184
521	1	0	0	0	1	0	0	0	0	1	0	0	0	1	1	0	0	7	0.1015999	49	0.0103225	0	0	0	0	0	0	0	0	0	0	0	0	0	0	0	0	1	0	9.127307
521	1	1	0	0	1	0	0	0	0	1	0	0	0	0	1	0	0	9	0.0889	81	0.0079032	0	0	0	0	0	0	0	0	0	0	0	0	0	0	0	0	0	0	9.2512
521	0	0	0	0	0	0	0	0	0	0	0	0	0	1	1	0	0	9	0.0508	81	0.0025806	0	0	0	0	0	0	0	0	0	0	1	0	0	0	0	0	1	0	9.689184
521	0	0	0	0	1	0	0	0	0	1	0	0	0	0	1	-4	0	3	0.0508	9	0.0025806	0	0	0	0	0	0	0	0	0	0	0	0	1	0	0	0	0	0	9.848722
521	0	0	0	0	0	0	0	0	0	0	0	0	0	0	1	0	1	11	0.1015999	121	0.0103225	0	0	0	0	0	0	0	0	0	0	0	0	0	0	0	0	0	1	9.314216
521	1	1	0	0	0	0	0	0	0	0	0	0	0	0	1	0	0	7	0.0762	49	0.0058064	0	0	0	0	0	0	0	0	0	0	0	0	0	0	0	0	0	0	9.25949
522	0	1	0	0	0	0	1	0	0	0	0	0	0	0	0	0	0	7	0.0761999	49	0.0058064	0	0	0	0	0	0	0	0	0	0	1	0	0	0	0	0	0	0	9.069401
522	0	0	0	0	0	0	0	0	0	0	0	0	0	1	1	0	0	5	0.1015999	25	0.0103225	0	0	0	0	0	0	0	0	0	0	1	0	0	0	1	0	0	0	9.101377
522	0	0	0	0	0	0	0	0	0	0	0	0	0	1	1	0	0	6	0.0508	36	0.0025806	0	0	0	0	0	0	0	0	0	0	1	0	0	0	1	0	0	0	9.496044
522	1	0	0	0	0	0	0	0	0	0	0	0	0	1	1	0	0	5	0.0253999	25	0.0006452	0	0	0	0	0	0	0	0	0	0	1	0	0	0	1	0	0	0	9.848722
522	0	0	0	0	0	0	0	0	0	0	0	0	0	1	1	0	0	7	0.0761999	49	0.0058064	0	0	0	0	0	0	0	0	0	0	1	0	0	0	1	0	0	0	9.2512
522	1	0	0	0	0	0	0	0	0	0	0	0	0	1	1	0	0	2	0.2032	4	0.0412902	0	0	0	0	0	0	0	0	0	0	1	0	0	0	1	0	0	0	9.896806
522	1	1	1	1	0	0	1	0	0	0	0	0	0	0	0	0	0	0	0	0	0	25	0	1.6002	0	0	0	0	0	0	0	1	0	0	0	0	0	0	0	9.260187
522	0	1	0	0	0	0	0	0	0	0	0	0	0	0	1	0	0	12	0.127	144	0.016129	0	0	0	0	0	0	0	0	0	0	1	0	0	0	0	0	0	0	9.014416
522	0	0	0	0	1	0	0	0	0	1	0	0	0	1	1	0	0	5	0.0761999	25	0.0058064	0	0	0	0	0	0	0	0	0	0	0	0	0	0	1	0	0	0	9.689184
522	1	0	0	0	0	0	0	0	0	0	0	0	0	1	1	0	0	4	0.127	16	0.016129	0	0	0	0	0	0	0	0	0	0	1	0	0	0	1	0	0	0	9.830038
522	0	0	0	0	0	0	0	0	0	0	0	0	0	1	1	0	0	5	0.0508	25	0.0025806	0	0	0	0	0	0	0	0	0	0	1	0	0	0	1	0	0	0	9.496044
522	0	1	0	0	0	1	0	0	0	0	0	0	0	0	0	0	0	8	0.0508	64	0.0025806	0	0	0	0	0	0	0	0	0	0	0	0	0	0	0	0	0	0	9.949953
522	0	0	0	0	1	0	0	0	0	1	0	0	0	0	1	0	3	5	0.0761999	25	0.0058064	0	0	0	0	0	0	0	0	0	0	0	0	0	0	0	0	0	1	9.2512
522	0	0	0	0	0	0	1	0	0	0	0	0	0	0	0	0	0	10	0.0761999	100	0.0058064	0	0	0	0	0	0	0	0	0	0	0	0	0	0	1	0	0	0	8.960319
522	1	1	0	0	0	0	0	0	0	0	0	0	0	0	1	0	0	7	0.2032	49	0.0412902	0	0	0	0	0	0	0	0	0	0	1	0	0	0	0	0	0	0	9.410738
523	0	0	0	0	0	1	0	0	0	0	0	0	0	1	1	0	0	11	0.1524	121	0.0232258	0	0	0	0	0	0	0	0	0	0	1	0	0	1	0	0	0	0	9.550129
523	0	0	0	0	0	1	0	0	0	0	0	0	0	1	1	0	0	11	0.127	121	0.016129	0	0	0	0	0	0	0	0	0	0	0	0	0	1	0	0	0	0	8.99223
523	1	0	0	0	0	1	0	0	0	0	0	0	0	1	1	0	0	7	0.1778001	49	0.0316129	0	0	0	0	0	0	0	0	0	0	1	0	0	1	0	0	0	0	9.107023
523	0	0	0	1	0	1	0	0	0	0	0	0	0	1	1	0	0	7	0	49	0	0	0	1.5494	0	0	0	0	0	0	0	1	0	0	1	0	0	0	0	9.101377
523	1	0	0	0	0	1	0	0	0	0	0	0	0	1	1	0	0	7	0.0508001	49	0.0025806	0	0	0	0	0	0	0	0	0	0	1	0	0	1	0	0	0	0	8.99223
523	1	1	0	0	0	0	1	0	0	0	0	0	0	0	0	0	0	7	0.1524	49	0.0232258	0	0	0	0	0	0	0	0	0	0	1	0	0	0	0	0	0	0	8.99223
523	1	0	0	0	0	1	0	0	0	0	0	0	0	1	1	0	0	7	0.1524	49	0.0232258	0	0	0	0	0	0	0	0	0	0	1	0	0	1	0	0	0	0	9.024206
523	0	1	0	0	0	0	0	0	0	0	0	0	0	0	0	0	0	8	0.1524	64	0.0232258	0	0	0	0	0	0	0	0	0	0	0	0	0	0	0	0	0	0	8.99223
523	1	0	0	0	0	1	0	0	0	0	0	0	0	1	1	0	0	5	0.0254	25	0.0006452	0	0	0	0	0	0	0	0	0	0	1	0	0	1	0	0	0	0	9.089539
523	0	1	0	0	0	0	1	0	0	0	0	0	0	0	0	0	0	6	0.1778001	36	0.0316129	0	0	0	0	0	0	0	0	0	0	1	0	0	0	0	0	0	0	9.2512
524	0	0	0	0	0	1	0	0	0	0	0	0	0	0	1	0	1	5	0.1015999	25	0.0103225	0	0	0	0	0	0	0	0	1	0	0	0	0	0	0	1	0	0	9.112089
524	0	0	0	1	0	0	0	0	0	0	0	0	0	0	0	0	3	1	0	1	0	0	0	1.5748	0	0	0	0	0	3	0	0	0	0	0	0	0	0	1	9.809099
524	0	1	0	1	1	1	0	0	0	1	0	0	0	0	1	0	0	15	0	225	0	0	0	1.5748	0	0	0	0	0	0	1	0	0	0	0	0	0	0	0	9.328186
524	1	1	0	0	1	1	0	0	0	1	0	0	0	0	1	0	0	3	0.1015999	9	0.0103225	0	0	0	0	0	0	0	0	0	1	0	0	0	0	0	0	0	0	9.690983
525	0	1	0	0	0	0	0	0	0	0	0	0	0	0	1	0	0	6	0.1777999	36	0.0316128	0	0	0	0	0	0	0	0	0	0	1	0	0	0	0	0	0	0	9.041653
525	0	1	0	0	0	0	1	0	0	0	0	0	0	0	0	0	0	14	0.0508	196	0.0025806	0	0	0	0	0	0	0	0	0	0	1	0	0	0	0	0	0	0	9.208271
525	0	1	0	0	0	0	1	0	0	0	0	0	0	0	0	0	0	15	0.0254	225	0.0006452	0	0	0	0	0	0	0	0	0	0	0	0	0	0	0	0	0	0	8.99223
525	0	0	0	0	0	0	0	0	0	0	0	0	0	1	1	0	0	10	0.1777999	100	0.0316128	0	0	0	0	0	0	0	0	0	0	0	0	0	1	0	0	0	0	8.883064
525	1	0	0	0	0	0	1	0	0	0	0	0	0	1	0	0	0	12	0.0762	144	0.0058064	0	0	0	0	0	0	0	0	0	0	0	0	0	1	0	0	0	0	8.938133
525	1	0	0	0	0	0	1	0	0	0	0	0	0	0	0	-3	0	14	0.1524	196	0.0232258	0	0	0	0	0	0	0	0	0	0	1	0	0	0	0	0	0	0	9.208271
525	0	0	0	1	0	1	0	0	0	0	0	0	0	0	0	0	2	8	0	64	0	0	0	1.5748	0	0	0	0	0	0	0	1	0	0	0	0	1	0	0	9.328186
525	0	0	0	0	0	0	1	0	0	0	0	0	0	0	0	-3	0	9	0.127	81	0.016129	0	0	0	0	0	0	0	0	0	0	0	0	0	0	0	0	0	0	9.208271
525	0	0	0	0	0	1	0	0	0	0	0	0	0	1	0	0	0	8	0.1015999	64	0.0103225	0	0	0	0	0	0	0	0	0	0	0	0	0	1	0	0	0	0	9.04728
525	0	0	0	0	0	0	1	0	0	0	0	0	0	0	0	-3	0	14	0.0762	196	0.0058064	0	0	0	0	0	0	0	0	0	0	1	0	0	0	0	0	0	0	8.883064
525	0	0	0	0	0	0	1	0	0	0	0	0	0	1	0	0	0	5	0.0889	25	0.0079032	0	0	0	0	0	0	0	0	0	0	1	0	0	1	0	0	0	0	8.716446
525	0	1	1	1	0	0	1	0	0	0	0	0	0	0	0	0	0	0	0	0	0	30	0	1.5748	0	0	0	0	0	0	0	1	0	0	0	0	0	0	0	9.328186
526	1	1	0	0	0	0	1	0	0	0	0	0	0	0	0	0	0	0	0.1523999	0	0.0232257	0	28	0	0	0	0	0	0	0	0	1	0	0	0	0	0	0	0	9.002979
526	0	0	0	0	0	0	1	0	0	0	0	0	0	0	0	0	4	0	0.1092199	0	0.011929	0	33	0	0	0	0	0	0	0	0	0	0	0	0	0	1	0	0	9.273385
526	0	1	0	0	0	0	1	0	0	0	0	0	0	0	0	0	0	0	0.127	0	0.016129	0	32	0	0	0	0	0	0	0	0	0	0	0	0	0	0	0	0	8.99223
526	0	0	0	0	0	0	0	0	0	0	0	0	0	0	1	-1	0	0	0.0508	0	0.0025806	0	32	0	0	0	0	0	0	0	0	0	0	0	0	0	0	0	0	9.235896
526	1	0	0	0	0	0	0	0	0	0	0	0	0	0	1	-1	0	0	0.1015999	0	0.0103225	0	32	0	0	0	0	0	0	0	0	1	0	0	0	0	0	0	0	9.2512
526	0	0	0	0	0	0	0	0	0	0	0	0	0	1	1	0	0	0	0.0761999	0	0.0058064	0	30	0	0	0	0	0	0	0	0	0	1	0	0	0	0	0	0	9.127307
526	0	1	0	0	0	0	0	0	0	0	0	0	0	0	1	0	0	0	0.1015999	0	0.0103225	0	37	0	0	0	0	0	0	0	0	0	0	0	0	0	0	0	0	9.044831
526	0	1	0	0	0	0	1	0	0	0	0	0	0	0	0	0	0	0	0.0380999	0	0.0014516	0	31	0	0	0	0	0	0	0	0	0	0	0	0	0	0	0	0	9.107023
526	0	0	0	0	0	0	0	0	0	0	0	0	0	0	1	0	3	0	0.0508	0	0.0025806	0	35	0	0	0	0	0	0	0	0	0	0	0	0	1	0	0	0	9.2512
529	0	0	0	0	0	1	0	0	0	0	0	0	0	1	0	0	0	6	0.127	36	0.016129	0	0	0	0	0	0	0	0	0	0	0	0	0	0	0	0	0	0	9.216553
529	0	0	0	0	0	0	0	0	0	0	0	0	0	1	1	0	0	3	0.2794	9	0.0780644	0	0	0	0	0	0	0	0	0	0	1	0	0	0	0	0	0	0	9.814734
529	0	0	0	0	0	0	1	0	0	0	0	0	0	1	0	0	0	6	0.1777999	36	0.0316128	0	0	0	0	0	0	0	0	0	0	1	0	0	0	0	0	0	0	8.938133
529	0	0	0	0	0	0	0	0	0	0	0	0	0	1	1	0	0	10	0.1015999	100	0.0103225	0	0	0	0	0	0	0	0	0	0	1	0	0	0	0	0	0	0	10.01695
529	1	0	0	0	0	1	0	0	0	0	0	0	0	1	0	0	0	8	0.1015999	64	0.0103225	0	0	0	0	0	0	0	0	0	0	0	0	0	0	0	0	0	0	9.360348
529	1	0	0	0	0	1	0	0	0	0	0	0	0	1	0	0	0	4	0.1523999	16	0.0232257	0	0	0	0	0	0	0	0	0	0	1	0	0	0	0	0	0	0	9.571068
529	1	1	0	0	0	1	0	0	0	0	0	0	0	0	0	0	0	4	0.127	16	0.016129	0	0	0	0	0	0	0	0	0	0	1	0	0	0	0	0	0	0	9.253509
529	1	0	0	0	0	1	0	0	0	0	0	0	0	1	0	0	0	6	0.127	36	0.016129	0	0	0	0	0	0	0	0	0	0	1	0	0	0	0	0	0	0	8.99223
529	1	0	0	0	0	0	0	0	0	0	0	0	0	1	1	0	0	6	0.2285999	36	0.0522579	0	0	0	0	0	0	0	0	0	0	1	0	0	0	0	0	0	0	8.99223
529	0	0	0	0	0	0	0	0	0	0	0	0	0	0	1	0	7	6	0.0761999	36	0.0058064	0	0	0	0	0	0	0	0	0	0	1	0	0	0	0	0	0	1	9.076596
529	0	0	0	0	0	0	1	0	0	0	0	0	0	1	0	0	0	8	0.0508	64	0.0025806	0	0	0	0	0	0	0	0	0	0	1	0	0	0	0	0	0	0	9.809099
529	0	1	0	0	0	1	0	0	0	0	0	0	0	0	0	0	0	10	0.0761999	100	0.0058064	0	0	0	0	0	0	0	0	0	0	1	0	0	0	0	0	0	0	9.101377
529	0	0	0	0	0	0	1	0	0	0	0	0	0	0	0	0	5	9	0.0761999	81	0.0058064	0	0	0	0	0	0	0	0	0	0	0	0	0	0	0	1	0	0	9.2512
529	0	0	0	0	0	0	1	0	0	0	0	0	0	0	0	0	3	5	0.127	25	0.016129	0	0	0	0	0	0	0	0	0	0	1	0	0	1	0	0	0	0	9.494866
529	0	1	0	0	0	1	0	0	0	0	0	0	0	0	0	0	0	6	0.1523999	36	0.0232257	0	0	0	0	0	0	0	0	0	0	1	0	0	0	0	0	0	0	8.99223
530	1	0	0	0	0	0	0	0	1	0	0	0	0	1	1	0	0	4	0.1015999	16	0.0103225	0	0	0	0	1	0	0	0	0	0	1	0	0	0	1	0	0	0	9.689184
530	0	0	0	0	0	1	0	0	1	0	0	0	0	1	0	0	0	8	0.1015999	64	0.0103225	0	0	0	0	1	0	0	0	0	0	1	0	0	0	1	0	0	0	9.2512
530	0	0	0	1	1	0	1	0	0	0	0	0	0	1	0	0	0	5	0	25	0	0	0	1.651	0	1	0	0	0	0	0	0	0	0	0	1	0	0	0	9.2512
530	0	0	0	1	1	1	0	0	0	0	0	0	0	1	0	0	0	9	0	81	0	0	0	1.651	0	1	0	0	0	0	0	0	0	0	0	1	0	0	0	8.99223
530	0	0	0	0	1	0	1	0	0	0	0	0	0	1	0	0	0	8	0.127	64	0.016129	0	0	0	0	1	0	0	0	0	0	0	0	0	0	1	0	0	0	9.809099
530	0	0	0	1	1	0	1	0	0	0	0	0	0	1	0	0	0	9	0	81	0	0	0	1.651	0	1	0	0	0	0	0	0	0	0	0	1	0	0	0	9.689184
530	0	0	0	0	1	0	0	0	0	0	0	0	0	1	1	0	0	6	0.0762	36	0.0058064	0	0	0	0	1	0	0	0	0	0	0	0	0	0	1	0	0	0	8.99223
531	0	0	0	1	0	0	1	0	1	0	0	0	0	0	0	0	3	10	0	100	0	0	0	1.5748	0	0	0	0	0	0	0	1	0	0	1	0	0	0	0	9.216758
531	0	0	0	0	0	0	0	0	1	0	0	0	0	0	1	0	3	17	0.1015999	289	0.0103225	0	0	0	0	0	0	0	0	0	0	1	0	0	1	0	0	0	0	9.989575
531	1	0	0	0	0	1	0	0	0	0	0	0	0	1	0	0	0	9	0.1396999	81	0.0195161	0	0	0	0	0	0	0	0	0	0	0	0	0	0	0	0	0	0	9.2512
531	0	1	0	0	1	0	1	0	0	0	0	0	0	0	0	0	0	9	0.1015999	81	0.0103225	0	0	0	0	0	0	0	0	0	0	0	0	0	0	0	0	0	0	9.112145
531	1	0	0	0	0	1	0	0	1	0	0	0	0	1	0	0	0	7	0.0508	49	0.0025806	0	0	0	0	0	0	0	0	0	0	1	0	0	0	0	0	0	0	9.2512
531	0	1	0	1	0	0	0	0	1	0	0	0	0	0	1	0	0	14	0	196	0	0	0	1.5748	0	0	0	0	0	0	0	1	0	0	0	0	0	0	0	8.99223
531	0	0	0	1	0	1	0	0	0	0	0	0	0	0	0	0	4	14	0	196	0	0	0	1.5748	0	0	0	0	0	0	0	0	0	0	0	1	0	0	0	9.288423
531	1	1	0	0	0	0	1	0	0	0	0	0	0	0	0	0	0	4	0.1015999	16	0.0103225	0	0	0	0	0	0	0	0	0	0	0	0	0	0	0	0	0	0	9.044831
531	0	1	1	1	1	0	1	0	0	0	0	0	0	0	0	0	0	0	0	0	0	28	0	1.5748	0	0	0	0	0	0	0	0	0	0	0	0	0	0	0	9.208271
531	0	0	0	0	1	0	1	0	0	0	0	0	0	0	0	0	3	14	0.127	196	0.016129	0	0	0	0	0	0	0	0	0	0	0	0	0	1	0	0	0	0	8.883064
531	1	0	0	0	0	1	0	0	1	0	0	0	0	1	0	0	0	5	0.2539999	25	0.064516	0	0	0	0	0	0	0	0	0	0	1	0	0	0	0	0	0	0	9.571068
531	0	1	0	1	0	0	1	0	0	0	0	0	0	0	0	0	0	11	0	121	0	0	0	1.5748	0	0	0	0	0	0	0	0	0	0	0	0	0	0	0	8.883064
531	0	0	0	0	0	0	1	0	1	0	0	0	0	1	0	0	0	8	0.1777999	64	0.0316128	0	0	0	0	0	0	0	0	0	0	1	0	0	0	0	0	0	0	9.830038
531	0	0	0	0	1	0	0	0	0	0	0	0	0	0	1	0	3	9	0.1015999	81	0.0103225	0	0	0	0	0	0	0	0	0	0	0	0	0	1	0	0	0	0	9.288423
531	1	1	0	0	1	0	1	0	0	0	0	0	0	0	0	0	0	8	0.0508	64	0.0025806	0	0	0	0	0	0	0	0	0	0	0	0	0	0	0	0	0	0	8.938133
532	0	0	0	0	0	0	1	0	0	0	0	0	0	1	0	0	0	8	0.1015999	64	0.0103225	0	0	0	0	0	0	0	0	0	0	0	0	0	1	0	0	0	0	8.716446
532	1	0	0	0	0	1	0	0	0	0	0	0	0	1	0	0	0	7	0.1015999	49	0.0103225	0	0	0	0	0	0	0	0	0	0	1	0	0	1	0	0	0	0	9.93285
532	1	0	0	0	0	0	0	0	0	0	0	0	0	1	1	0	0	5	0.2032	25	0.0412902	0	0	0	0	0	0	0	0	0	0	1	0	0	1	0	0	0	0	10.07391
532	1	0	0	0	0	1	0	0	0	0	0	0	0	1	0	0	0	5	0.127	25	0.016129	0	0	0	0	0	0	0	0	0	0	1	0	0	1	0	0	0	0	9.539362
532	1	0	0	0	0	0	0	0	0	0	0	0	0	1	1	0	0	3	0.1777999	9	0.0316128	0	0	0	0	0	0	0	0	0	0	0	0	0	1	0	0	0	0	9.848722
532	0	0	0	1	0	0	0	0	0	0	0	0	0	0	1	-2	0	6	0	36	0	0	0	1.5748	0	0	0	0	0	0	0	0	1	0	0	0	0	0	0	9.809099
532	1	0	0	0	0	0	0	0	0	0	0	0	0	1	1	0	0	6	0.0762	36	0.0058064	0	0	0	0	0	0	0	0	0	0	1	0	0	1	0	0	0	0	9.438108
533	0	0	0	0	0	1	0	0	0	0	0	0	0	0	0	0	1	2	0.2285999	4	0.0522579	0	0	0	0	0	0	0	0	1	0	0	0	0	0	0	1	0	0	9.328186
533	0	0	0	0	0	0	0	0	0	0	0	0	0	0	1	0	3	10	0.2032	100	0.0412902	0	0	0	0	0	0	0	0	3	0	1	0	0	0	0	0	0	1	9.260187
533	0	0	0	0	0	0	1	0	0	0	0	0	0	0	0	0	1	8	0.3047999	64	0.092903	0	0	0	0	0	0	0	0	1	0	0	0	0	0	0	1	0	0	9.303116
533	1	0	0	0	0	0	1	0	0	0	0	0	0	1	0	0	0	3	0.2285999	9	0.0522579	0	0	0	0	0	0	0	1	0	0	0	0	0	0	1	0	0	0	10.0737
533	0	0	0	0	0	0	0	0	0	0	0	0	0	0	1	-1	0	8	0.3302	64	0.109032	0	0	0	0	0	0	0	0	-1	0	0	0	0	1	0	0	0	0	9.408338
533	0	1	0	0	0	0	1	0	0	0	0	0	0	0	0	0	0	6	0.1524	36	0.0232258	0	0	0	0	0	0	0	0	0	1	0	0	0	0	0	0	0	0	9.564919
533	0	0	0	0	1	1	0	0	0	1	0	0	0	0	0	-4	0	7	0.1777999	49	0.0316128	0	0	0	0	0	0	0	0	-4	0	0	0	0	0	0	0	0	0	9.440964
533	1	1	0	0	0	0	0	0	0	0	0	0	0	0	1	0	0	3	0.2794	9	0.0780644	0	0	0	0	0	0	0	0	0	1	0	0	0	0	0	0	0	0	9.49507
533	1	0	0	0	0	0	0	0	0	0	0	0	0	0	1	0	1	4	0.2539999	16	0.064516	0	0	0	0	0	0	0	0	1	0	1	0	0	0	0	1	0	0	9.440964
533	0	0	0	0	0	0	1	0	0	0	0	0	0	0	0	0	3	9	0.1904999	81	0.0362902	0	0	0	0	0	0	0	0	3	0	0	0	0	0	0	0	0	1	9.550129
533	0	0	0	0	0	0	0	0	0	0	0	0	0	0	1	-1	0	9	0.1524	81	0.0232258	0	0	0	0	0	0	0	0	-1	0	0	0	0	1	0	0	0	0	8.93498
533	0	1	0	0	0	0	1	0	0	0	0	0	0	0	0	0	0	2	0.1524	4	0.0232258	0	0	0	0	0	0	0	0	0	1	0	0	0	0	0	0	0	0	8.770535
533	0	1	0	0	0	0	1	0	0	0	0	0	0	0	0	0	0	6	0.1524	36	0.0232258	0	0	0	0	0	0	0	0	0	1	0	0	0	0	0	0	0	0	9.440964
533	1	1	0	1	1	0	1	0	0	1	0	0	0	0	0	0	0	7	0	49	0	0	0	1.4478	0	0	0	0	0	0	1	0	0	0	0	0	0	0	0	9.571068
533	1	0	0	0	1	0	1	0	0	1	0	0	0	0	0	-1	0	0	0.1322	0	0.0174768	0	0	0	0	0	0	0	0	-1	0	0	0	0	1	0	0	0	0	9.153276
534	0	1	0	1	0	0	1	0	0	0	0	0	0	0	0	0	0	10	0	100	0	0	0	1.5748	0	0	0	0	0	0	0	0	0	0	0	0	0	0	0	9.208271
534	0	1	0	0	0	0	1	0	0	0	0	0	0	0	0	0	0	7	0.127	49	0.016129	0	0	0	0	0	0	0	0	0	0	1	0	0	0	0	0	0	0	8.883064
534	1	1	0	1	0	0	0	0	0	0	0	0	0	0	0	0	0	10	0	100	0	0	0	1.5748	0	0	0	0	0	0	0	0	0	0	0	0	0	0	0	9.121804
534	1	0	0	0	0	1	0	0	0	0	0	0	0	1	1	0	0	9	0.1524	81	0.0232258	0	0	0	0	0	0	0	0	0	0	1	0	0	0	0	0	0	0	9.244829
534	1	0	0	0	0	1	0	0	0	0	0	0	0	1	1	0	0	10	0.0762	100	0.0058064	0	0	0	0	0	0	0	0	0	0	1	0	0	0	0	0	0	0	9.044147
534	1	0	0	0	0	1	0	0	0	0	0	0	0	1	1	0	0	9	0.1015999	81	0.0103225	0	0	0	0	0	0	0	0	0	0	1	0	0	0	0	0	0	0	8.99223
536	1	0	0	0	0	0	1	0	0	0	0	0	0	1	0	0	0	5	0.1524	25	0.0232258	0	0	0	0	0	0	0	0	0	0	1	0	0	1	0	0	0	0	9.564714
536	0	0	0	0	1	0	0	0	0	1	0	0	0	1	1	0	0	8	0.1016001	64	0.0103226	0	0	0	0	0	0	0	0	0	0	0	0	0	1	0	0	0	0	9.848722
536	1	0	0	0	0	0	0	0	0	0	0	0	0	1	1	0	0	5	0.1778001	25	0.0316129	0	0	0	0	0	0	0	0	0	0	0	0	0	1	0	0	0	0	9.564714
536	1	0	0	0	0	0	0	0	0	0	0	0	0	1	1	0	0	4	0.127	16	0.016129	0	0	0	0	0	0	0	0	0	0	1	0	0	1	0	0	0	0	9.617123
536	0	0	0	0	1	0	1	0	0	1	0	0	0	0	0	0	1	8	0.1016001	64	0.0103226	0	0	0	0	0	0	0	0	0	0	0	0	0	0	1	0	0	0	8.938133
536	0	0	0	0	0	1	0	0	0	0	0	0	0	0	0	0	1	10	0.127	100	0.016129	0	0	0	0	0	0	0	0	0	0	1	0	0	0	1	0	0	0	9.2512
536	0	0	0	0	1	0	1	0	0	1	0	0	0	0	0	-2	0	7	0.1524	49	0.0232258	0	0	0	0	0	0	0	0	0	0	0	1	0	0	0	0	0	0	9.689184
536	0	1	0	0	0	0	1	0	0	0	0	0	0	0	0	0	0	6	0.127	36	0.016129	0	0	0	0	0	0	0	0	0	0	0	0	0	0	0	0	0	0	9.321049
536	0	1	0	0	0	0	1	0	0	0	0	0	0	0	0	0	0	8	0.2032	64	0.0412902	0	0	0	0	0	0	0	0	0	0	1	0	0	0	0	0	0	0	9.539362
536	0	0	0	0	1	0	1	0	0	1	0	0	0	0	0	0	1	9	0.1524	81	0.0232258	0	0	0	0	0	0	0	0	0	0	0	0	0	0	1	0	0	0	9.307697
536	0	1	0	0	1	0	1	0	0	1	0	0	0	0	0	0	0	0	0.1778001	0	0.0316129	0	0	0	0	0	0	0	0	0	0	0	0	0	0	0	0	0	0	8.883064
536	0	1	0	0	1	0	0	0	0	1	0	0	0	0	1	0	0	5	0.1016001	25	0.0103226	0	0	0	0	0	0	0	0	0	0	0	0	0	0	0	0	0	0	9.689184
537	1	0	0	0	0	1	0	0	0	0	0	0	0	1	0	0	0	6	0.127	36	0.016129	0	0	0	0	0	0	0	0	0	0	1	0	0	1	0	0	0	0	9.024206
537	0	0	0	0	0	0	1	0	0	0	0	0	0	1	0	0	0	7	0.1524	49	0.0232258	0	0	0	0	0	0	0	0	0	0	1	0	0	1	0	0	0	0	9.044147
537	1	0	0	0	0	0	0	0	0	0	0	0	0	1	1	0	0	8	0.1777999	64	0.0316128	0	0	0	0	0	0	0	0	0	0	1	0	0	1	0	0	0	0	8.883064
537	1	0	0	0	0	0	0	0	0	0	0	0	0	1	1	0	0	8	0.1524	64	0.0232258	0	0	0	0	0	0	0	0	0	0	0	0	0	1	0	0	0	0	9.035441
537	1	1	0	0	0	0	0	0	0	0	0	0	0	0	1	0	0	4	0.1777999	16	0.0316128	0	0	0	0	0	0	0	0	0	0	1	0	0	0	0	0	0	0	8.99223
537	1	0	0	0	0	0	0	0	0	0	0	0	0	1	1	0	0	8	0.1015999	64	0.0103225	0	0	0	0	0	0	0	0	0	0	1	0	0	1	0	0	0	0	8.825611
538	0	1	0	0	0	0	0	0	0	0	0	0	0	0	1	0	0	7	0.051	49	0.002601	0	0	0	0	0	0	0	0	0	0	0	0	0	0	0	0	0	0	9.7411
538	0	0	0	0	0	1	0	0	0	0	0	0	0	1	0	0	0	7	0.051	49	0.002601	0	0	0	0	0	0	0	0	0	0	1	0	0	1	0	0	0	0	9.101377
538	1	1	0	0	0	0	0	0	0	0	0	0	0	0	1	0	0	5	0.0763999	25	0.0058369	0	0	0	0	0	0	0	0	0	0	1	0	0	0	0	0	0	0	9.809099
538	1	1	0	0	0	0	0	0	0	0	0	0	0	0	1	0	0	4	0.051	16	0.002601	0	0	0	0	0	0	0	0	0	0	1	0	0	0	0	0	0	0	9.307697
538	0	0	0	0	1	0	1	0	0	1	0	0	0	0	0	-3	0	6	0.0763999	36	0.0058369	0	0	0	0	0	0	0	0	0	0	0	0	0	0	0	0	0	0	9.689184
538	0	0	0	0	0	0	0	0	0	0	0	0	0	1	1	0	0	2	0.0763999	4	0.0058369	0	0	0	0	0	0	0	0	0	0	1	0	0	1	0	0	0	0	9.127307
538	0	1	0	1	1	0	1	0	0	1	0	0	0	0	0	0	0	3	0	9	0	0	0	1.6	0	0	0	0	0	0	0	0	0	0	0	0	0	0	0	8.99223
538	0	1	0	0	0	1	0	0	0	0	0	0	0	0	0	0	0	5	0.1018	25	0.0103632	0	0	0	0	0	0	0	0	0	0	1	0	0	0	0	0	0	0	8.99223
538	0	1	0	0	1	0	0	0	0	1	0	0	0	0	1	0	0	5	0.1018	25	0.0103632	0	0	0	0	0	0	0	0	0	0	0	0	0	0	0	0	0	0	9.286845
539	0	0	0	0	0	0	1	0	1	0	0	0	0	1	0	0	0	7	0.127	49	0.016129	0	0	0	0	0	0	0	1	0	0	1	0	0	1	0	0	0	0	9.101377
539	1	1	0	0	0	0	0	0	0	0	0	0	0	0	0	0	0	2	0.1015999	4	0.0103225	0	0	0	0	0	0	0	0	0	1	0	0	0	0	0	0	0	0	10.0737
539	0	1	0	0	0	0	1	0	1	0	0	0	0	0	0	0	0	9	0.1015999	81	0.0103225	0	0	0	0	0	0	0	0	0	1	1	0	0	0	0	0	0	0	9.830038
539	0	0	0	0	0	1	0	0	0	0	0	0	0	1	1	0	0	2	0.1904999	4	0.0362902	0	0	0	0	0	0	0	1	0	0	0	0	0	1	0	0	0	0	9.288423
539	0	0	0	0	0	1	0	0	1	0	0	0	0	0	1	0	2	7	0.0253999	49	0.0006452	0	0	0	0	0	0	0	0	2	0	1	0	0	0	0	1	0	0	9.307697
539	0	0	0	0	0	0	0	0	0	0	0	0	0	1	0	0	0	7	0.0761999	49	0.0058064	0	0	0	0	0	0	0	1	0	0	0	0	0	1	0	0	0	0	9.689184
539	0	1	0	0	0	0	1	0	0	0	0	0	0	0	0	0	0	2	0.1015999	4	0.0103225	0	0	0	0	0	0	0	0	0	1	0	0	0	0	0	0	0	0	9.689184
539	0	0	0	0	0	1	0	0	0	0	0	0	0	0	1	0	2	6	0.0761999	36	0.0058064	0	0	0	0	0	0	0	0	2	0	0	0	0	0	0	1	0	0	8.883064
539	0	1	1	1	0	0	1	0	1	0	0	0	0	0	0	0	0	0	0	0	0	28	0	1.6002	0	0	0	0	0	0	1	1	0	0	0	0	0	0	0	9.208271
539	0	0	1	0	0	0	0	0	1	0	0	0	0	1	0	0	0	0	0.0761999	0	0.0058064	28	0	0	0	0	0	0	1	0	0	1	0	0	1	0	0	0	0	9.537679
539	1	0	0	0	0	1	0	0	1	0	0	0	0	1	1	0	0	7	0.0761999	49	0.0058064	0	0	0	0	0	0	0	1	0	0	1	0	0	1	0	0	0	0	8.825611
539	0	0	0	0	0	1	0	0	0	0	0	0	0	1	1	0	0	5	0.2032	25	0.0412902	0	0	0	0	0	0	0	1	0	0	0	0	0	1	0	0	0	0	9.395179
539	1	0	0	0	0	1	0	0	0	0	0	0	0	1	1	0	0	3	0.1523999	9	0.0232257	0	0	0	0	0	0	0	1	0	0	0	0	0	1	0	0	0	0	9.93285
541	0	0	0	0	0	0	0	0	0	0	0	0	0	1	1	0	0	7	0.127	49	0.016129	0	0	0	0	0	0	0	0	0	0	1	0	0	0	1	0	0	0	8.883064
541	0	1	0	1	0	0	1	0	0	0	0	0	0	0	0	0	0	10	0	100	0	0	0	1.5494	0	0	0	0	0	0	0	1	0	0	0	0	0	0	0	9.208271
541	0	0	0	0	0	0	1	0	0	0	0	0	0	0	0	0	3	4	0.2794	16	0.0780644	0	0	0	0	0	0	0	0	0	0	1	0	0	0	0	0	0	1	8.883064
541	0	0	0	1	0	0	0	0	0	0	0	0	0	1	1	0	0	4	0	16	0	0	0	1.5494	0	0	0	0	0	0	0	0	0	0	0	1	0	0	0	8.99223
541	0	1	0	0	0	0	1	0	0	0	0	0	0	0	0	0	0	6	0.1524	36	0.0232258	0	0	0	0	0	0	0	0	0	0	1	0	0	0	0	0	0	0	9.2512
541	0	1	0	1	0	0	1	0	0	0	0	0	0	0	0	0	0	7	0	49	0	0	0	1.5494	0	0	0	0	0	0	0	1	0	0	0	0	0	0	0	9.041653
541	0	1	0	0	0	0	0	0	0	0	0	0	0	0	1	0	0	8	0.1016001	64	0.0103226	0	0	0	0	0	0	0	0	0	0	1	0	0	0	0	0	0	0	9.461903
543	1	0	0	0	0	1	0	0	0	0	0	0	0	1	0	0	0	10	0.1778001	100	0.0316129	0	0	0	0	0	0	0	0	0	0	1	0	0	0	1	0	0	0	9.101377
543	1	0	0	0	0	0	0	0	0	0	0	0	0	0	1	-2	0	8	0.2032	64	0.0412902	0	0	0	0	0	0	0	0	0	0	0	0	1	0	0	0	0	0	9.321049
543	1	0	0	0	0	0	0	0	0	0	0	0	0	1	1	0	0	7	0.2539999	49	0.064516	0	0	0	0	0	0	0	0	0	0	0	0	0	0	1	0	0	0	9.329616
543	1	0	0	0	0	0	0	0	1	0	0	0	0	1	1	0	0	6	0.1524	36	0.0232258	0	0	0	0	0	0	0	0	0	0	0	0	0	0	1	0	0	0	8.998067
543	1	0	0	0	0	0	0	0	0	0	0	0	0	1	1	0	0	4	0.2286	16	0.052258	0	0	0	0	0	0	0	0	0	0	1	0	0	0	1	0	0	0	9.809099
545	1	0	0	0	1	0	0	0	0	1	0	0	0	1	1	0	0	6	0	36	0	0	0	0	1.6764	1	0	0	0	0	0	0	0	0	0	1	0	0	0	8.99223
545	1	0	0	0	0	0	1	0	0	0	0	0	0	1	0	0	0	4	0	16	0	0	0	0	1.7272	1	0	0	0	0	0	1	0	0	0	1	0	0	0	10.07391
545	1	0	0	0	1	0	0	0	0	1	0	0	0	1	1	0	0	5	0	25	0	0	0	0	1.6764	1	0	0	0	0	0	0	0	0	0	1	0	0	0	9.2512
545	1	0	0	0	0	0	0	0	0	0	0	0	0	1	1	0	0	7	0	49	0	0	0	0	1.7018	1	0	0	0	0	0	1	0	0	0	1	0	0	0	8.99223
545	0	0	0	1	0	0	1	0	0	0	0	0	1	1	0	0	0	8	0	64	0	0	0	0	0	1	0	0	0	0	0	1	0	0	0	1	0	0	0	9.2512
545	1	0	0	0	0	0	0	0	0	0	0	0	0	1	1	0	0	7	0	49	0	0	0	0	1.7526	1	0	0	0	0	0	0	0	0	0	1	0	0	0	8.99223
545	0	0	0	0	0	0	1	0	0	0	0	0	0	1	0	0	0	6	0	36	0	0	0	0	1.7018	1	0	0	0	0	0	0	0	0	0	1	0	0	0	9.689184
546	1	1	0	1	0	0	1	0	0	0	0	0	0	0	0	0	0	10	0	100	0	0	0	1.524	0	0	0	0	0	0	1	1	0	0	0	0	0	0	0	8.825611
546	0	0	0	1	0	0	1	0	0	0	0	0	0	1	0	0	0	8	0	64	0	0	0	1.524	0	0	0	0	1	0	0	0	0	0	1	0	0	0	0	9.408338
546	0	0	0	0	0	1	0	0	0	0	0	0	0	0	0	0	1	11	0.1396999	121	0.0195161	0	0	0	0	0	0	0	0	1	0	0	0	0	0	1	0	0	0	8.771515
546	0	1	0	1	1	0	1	0	0	1	0	0	0	0	0	0	0	2	0	4	0	0	0	1.524	0	0	0	0	0	0	1	0	0	0	0	0	0	0	0	9.452142
546	0	0	0	0	0	0	0	0	0	0	0	0	0	1	1	0	0	8	0.127	64	0.016129	0	0	0	0	0	0	0	1	0	0	0	0	0	1	0	0	0	0	8.938133
546	0	0	0	1	0	1	0	0	0	0	0	0	0	0	0	0	1	12	0	144	0	0	0	1.524	0	0	0	0	0	1	0	0	0	0	0	1	0	0	0	8.771515
546	0	0	0	0	0	0	1	0	0	0	0	0	0	1	0	0	0	7	0.127	49	0.016129	0	0	0	0	0	0	0	1	0	0	0	0	0	1	0	0	0	0	8.99223
546	0	0	0	0	0	0	0	0	0	0	0	0	0	0	1	-2	0	9	0.2032	81	0.0412902	0	0	0	0	0	0	0	0	-2	0	0	1	0	0	0	0	0	0	8.99223
546	1	0	0	0	0	0	0	0	0	0	0	0	0	1	1	0	0	12	0.2285999	144	0.0522579	0	0	0	0	0	0	0	1	0	0	1	0	0	1	0	0	0	0	9.179138
546	1	0	0	0	0	0	0	0	0	0	0	0	0	0	1	0	1	9	0.2032	81	0.0412902	0	0	0	0	0	0	0	0	1	0	1	0	0	0	1	0	0	0	8.938133
546	1	0	0	0	0	1	0	0	0	0	0	0	0	0	0	0	2	10	0.1523999	100	0.0232257	0	0	0	0	0	0	0	0	2	0	1	0	0	0	0	1	0	0	9.303116
546	0	1	0	0	0	0	1	0	0	0	0	0	0	0	0	0	0	7	0.1777999	49	0.0316128	0	0	0	0	0	0	0	0	0	1	1	0	0	0	0	0	0	0	8.793956
546	0	0	0	0	0	0	0	0	0	0	0	0	0	1	1	0	0	10	0.0762	100	0.0058064	0	0	0	0	0	0	0	1	0	0	0	0	0	1	0	0	0	0	8.99223
546	0	0	0	0	0	1	0	0	0	0	0	0	0	0	0	0	1	8	0.127	64	0.016129	0	0	0	0	0	0	0	0	1	0	1	0	0	0	1	0	0	0	9.2512
546	1	1	0	0	0	0	0	0	0	0	0	0	0	0	1	0	0	7	0.2032	49	0.0412902	0	0	0	0	0	0	0	0	0	1	1	0	0	0	0	0	0	0	8.771515
547	0	0	0	0	0	1	0	0	0	0	0	0	0	1	0	0	0	6	0.127	36	0.016129	0	0	0	0	0	0	0	0	0	0	1	0	0	0	0	0	0	0	9.689184
547	1	0	0	0	0	1	0	0	0	0	0	0	0	1	0	0	0	4	0.1524	16	0.0232258	0	0	0	0	0	0	0	0	0	0	1	0	0	0	0	0	0	0	9.438108
547	0	0	0	0	0	1	0	0	0	0	0	0	0	1	0	0	0	9	0.127	81	0.016129	0	0	0	0	0	0	0	0	0	0	1	0	0	0	0	0	0	0	9.235896
548	0	0	0	0	0	0	0	0	0	0	0	0	0	1	0	0	0	11	0.0761999	121	0.0058064	0	0	0	0	0	0	0	0	0	0	1	0	0	0	0	1	0	0	8.825611
548	1	0	0	0	0	0	0	0	0	0	0	0	0	1	0	0	0	4	0.0761999	16	0.0058064	0	0	0	0	0	0	0	0	0	0	1	0	0	0	0	1	0	0	9.303116
548	1	0	0	0	0	0	0	0	0	0	0	0	0	1	0	0	0	3	0.127	9	0.016129	0	0	0	0	0	0	0	0	0	0	1	0	0	0	0	1	0	0	9.044147
548	1	0	0	0	0	0	0	0	0	0	0	0	0	1	0	0	0	6	0.1015999	36	0.0103225	0	0	0	0	0	0	0	0	0	0	1	0	0	0	0	1	0	0	9.2512
548	1	0	0	0	0	1	0	0	0	0	0	0	0	1	1	0	0	2	0.127	4	0.016129	0	0	0	0	0	0	0	0	0	0	1	0	0	0	0	1	0	0	9.2512
548	1	0	0	1	0	1	0	0	0	0	0	0	0	1	1	0	0	3	0	9	0	0	0	1.6002	0	0	0	0	0	0	0	0	0	0	0	0	1	0	0	8.99223
548	0	0	0	0	0	0	0	0	0	0	0	0	0	1	0	0	0	10	0.127	100	0.016129	0	0	0	0	0	0	0	0	0	0	0	0	0	0	0	1	0	0	9.084581
549	1	0	0	0	0	0	0	0	1	0	0	0	0	0	1	0	1	8	0.127	64	0.016129	0	0	0	0	0	0	0	0	1	0	1	1	0	0	0	0	0	0	8.938133
549	1	0	0	0	0	0	0	0	1	0	0	0	0	0	1	0	5	9	0.0762	81	0.0058064	0	0	0	0	0	0	0	0	5	0	1	0	0	0	0	1	0	0	9.328371
549	1	0	0	0	0	0	0	0	0	0	0	0	0	0	1	0	3	6	0.2032	36	0.0412902	0	0	0	0	0	0	0	0	3	0	0	0	0	1	0	0	0	0	9.408338
549	1	1	0	0	0	0	0	0	1	0	0	0	0	0	1	0	0	6	0.1777999	36	0.0316128	0	0	0	0	0	0	0	0	0	1	1	0	0	0	0	0	0	0	9.2512
549	1	1	0	0	0	0	0	0	0	0	0	0	0	0	1	0	0	3	0	9	0	0	0	0	0	0	0	0	0	0	1	0	0	0	0	0	0	0	0	9.357899
551	0	0	0	0	0	1	0	0	0	0	0	0	0	1	0	0	0	6	0.0762	36	0.0058064	0	0	0	0	0	0	0	1	0	0	1	0	0	0	1	0	0	0	9.430214
551	1	0	0	0	0	1	0	0	0	0	0	0	0	0	0	-1	0	9	0.1524	81	0.0232258	0	0	0	0	0	0	0	0	-1	0	0	0	0	1	0	0	0	0	9.550129
551	1	0	0	0	0	0	0	0	0	0	0	0	0	0	1	0	0	6	0.1015999	36	0.0103225	0	0	0	0	0	0	0	0	0	0	1	0	0	0	1	0	0	0	9.532089
551	1	0	0	0	0	0	0	0	0	0	0	0	0	1	1	0	0	5	0.1524	25	0.0232258	0	0	0	0	0	0	0	1	0	0	0	0	0	0	1	0	0	0	9.989575
551	0	0	0	0	0	0	0	0	0	0	0	0	0	0	1	-2	0	9	0.0253999	81	0.0006452	0	0	0	0	0	0	0	0	-2	0	0	0	1	0	0	0	0	0	9.371115
551	1	0	0	0	0	1	0	0	0	0	0	0	0	0	0	-3	0	7	0.0762	49	0.0058064	0	0	0	0	0	0	0	0	-3	0	1	1	0	0	0	0	0	0	9.93285
551	1	0	0	0	0	0	0	0	0	0	0	0	0	1	1	0	0	4	0.127	16	0.016129	0	0	0	0	0	0	0	1	0	0	0	0	0	0	1	0	0	0	9.830038
551	0	0	0	0	0	0	0	0	0	0	0	0	0	0	1	0	3	11	0.1524	121	0.0232258	0	0	0	0	0	0	0	0	3	0	0	0	0	0	0	0	0	1	8.99223
552	0	1	0	0	0	0	0	0	0	0	0	0	0	0	1	0	0	9	0.3556	81	0.1264514	0	0	0	0	0	0	1	0	0	0	0	0	0	0	0	0	0	0	9.328186
552	0	0	0	0	0	0	0	0	0	0	0	0	0	1	1	0	0	4	0.0762	16	0.0058064	0	0	0	0	1	0	0	0	0	0	1	0	0	0	0	0	0	0	9.366202
552	0	0	0	0	0	0	0	0	0	0	0	0	0	1	1	0	0	5	0.1778001	25	0.0316129	0	0	0	0	1	0	0	0	0	0	1	0	0	0	0	0	0	0	9.690983
552	0	0	0	0	0	0	0	0	0	0	0	0	0	1	1	0	0	5	0.1778001	25	0.0316129	0	0	0	0	1	0	0	0	0	0	1	0	0	0	0	0	0	0	9.427747
552	0	0	0	0	0	0	0	0	0	0	0	0	0	1	1	0	0	14	0	196	0	0	0	0	0	1	0	0	0	0	0	1	0	0	0	0	0	0	0	9.689184
552	0	0	0	0	0	0	0	0	0	0	0	0	0	1	1	0	0	2	0.1778001	4	0.0316129	0	0	0	0	1	0	0	0	0	0	0	0	0	0	0	0	0	0	9.869575
552	0	1	0	0	0	0	0	0	0	0	0	0	0	0	1	0	0	8	0.2032	64	0.0412902	0	0	0	0	0	0	1	0	0	0	1	0	0	0	0	0	0	0	9.2512
553	1	0	0	0	0	0	0	0	0	0	0	0	0	1	0	0	0	6	0	36	0	0	0	0	1.7526	1	0	0	0	0	0	0	0	0	0	0	0	0	0	9.053135
553	1	1	0	0	0	0	1	0	0	0	1	0	0	0	0	0	0	5	0	25	0	0	0	0	1.6256	0	0	1	0	0	0	1	0	0	0	0	0	0	0	8.391312
553	0	0	0	0	0	0	0	0	0	0	0	0	0	1	0	0	0	7	0	49	0	0	0	0	1.6002	1	0	0	0	0	0	0	0	0	0	0	0	0	0	8.771515
553	0	0	0	0	0	0	1	0	0	0	1	0	0	1	0	0	0	9	0	81	0	0	0	0	1.72	1	0	0	0	0	0	1	0	0	0	0	0	0	0	8.883064
553	0	0	0	0	0	0	1	0	0	0	1	0	0	1	0	0	0	6	0	36	0	0	0	0	1.6764	1	0	0	0	0	0	0	0	0	0	0	0	0	0	9.016549
553	1	0	0	0	0	0	0	0	0	0	0	0	0	1	0	0	0	4	0	16	0	0	0	0	1.7272	1	0	0	0	0	0	0	0	0	0	0	0	0	0	9.070646
553	1	0	0	0	0	1	0	0	0	0	0	0	0	1	0	0	0	7	0	49	0	0	0	0	1.7018	1	0	0	0	0	0	0	0	0	0	0	0	0	0	9.101377
553	0	0	0	0	0	1	0	0	0	0	0	0	0	1	0	0	0	5	0	25	0	0	0	0	1.7272	1	0	0	0	0	0	1	0	0	0	0	0	0	0	8.771515
553	1	0	0	0	0	1	0	0	0	0	0	0	0	1	0	0	0	5	0	25	0	0	0	0	1.651	1	0	0	0	0	0	1	0	0	0	0	0	0	0	8.938133
553	0	0	0	0	0	1	0	0	0	0	0	0	0	1	0	0	0	10	0	100	0	0	0	0	1.651	1	0	0	0	0	0	0	0	0	0	0	0	0	0	8.938133
554	1	0	0	0	0	1	0	0	0	0	0	0	0	1	0	0	0	6	0	36	0	0	0	0	0	0	0	0	0	0	0	1	0	0	0	0	0	0	0	9.93285
554	0	0	0	0	0	0	1	0	0	0	0	0	0	1	0	0	0	6	0.1142999	36	0.0130645	0	0	0	0	0	0	0	0	0	0	0	0	0	0	0	0	0	0	9.440964
554	1	1	0	0	0	0	1	0	0	0	0	0	0	0	0	0	0	5	0.1523999	25	0.0232257	0	0	0	0	0	0	0	0	0	0	1	0	0	0	0	0	0	0	9.430214
554	0	0	0	0	0	0	0	0	0	0	0	0	0	1	1	0	0	2	0.1523999	4	0.0232257	0	0	0	0	0	0	0	0	0	0	1	0	0	0	0	0	0	0	9.814734
554	0	1	0	0	0	0	0	0	0	0	0	0	0	0	1	0	0	5	0.2032	25	0.0412902	0	0	0	0	0	0	0	0	0	0	0	0	0	0	0	0	0	0	9.208271
554	0	0	0	0	0	0	0	0	0	0	0	0	0	1	1	0	0	9	0.1015999	81	0.0103225	0	0	0	0	0	0	0	0	0	0	1	0	0	0	0	0	0	0	9.589752
554	0	0	0	0	0	0	1	0	0	0	0	0	0	1	0	0	0	10	0.0508	100	0.0025806	0	0	0	0	0	0	0	0	0	0	1	0	0	0	0	0	0	0	8.99223
554	0	1	0	0	0	0	0	0	0	0	0	0	0	0	1	0	0	8	0.1142999	64	0.0130645	0	0	0	0	0	0	0	0	0	0	0	0	0	0	0	0	0	0	10.01515
554	0	1	0	0	0	0	1	0	0	0	0	0	0	0	0	0	0	6	0.1015999	36	0.0103225	0	0	0	0	0	0	0	0	0	0	0	0	0	0	0	0	0	0	8.99223
554	1	1	0	1	0	0	1	0	0	0	0	0	0	0	0	0	0	5	0	25	0	0	0	1.6002	0	0	0	0	0	0	0	1	0	0	0	0	0	0	0	9.589752
554	0	0	0	0	0	0	1	0	0	0	0	0	0	1	0	0	0	8	0.127	64	0.016129	0	0	0	0	0	0	0	0	0	0	0	0	0	0	0	0	0	0	9.440964
554	0	0	0	0	0	0	0	0	0	0	0	0	0	1	1	0	0	7	0.0889	49	0.0079032	0	0	0	0	0	0	0	0	0	0	1	0	0	0	0	0	0	0	8.938133
554	0	1	0	0	0	0	1	0	0	0	0	0	0	0	0	0	0	5	0.1777999	25	0.0316128	0	0	0	0	0	0	0	0	0	0	0	0	0	0	0	0	0	0	9.430214
554	1	1	0	0	0	1	0	0	0	0	0	0	0	0	0	0	0	5	0.0253999	25	0.0006452	0	0	0	0	0	0	0	0	0	0	1	0	0	0	0	0	0	0	9.430214
554	1	1	0	0	0	0	0	0	0	0	0	0	0	0	1	0	0	7	0.2032	49	0.0412902	0	0	0	0	0	0	0	0	0	0	1	0	0	0	0	0	0	0	9.357899
555	0	0	0	0	0	0	0	0	1	0	0	0	0	0	0	0	1	11	0.2286	121	0.052258	0	0	0	0	0	0	0	0	0	0	1	0	0	0	1	0	0	0	9.288423
555	0	0	0	0	0	0	0	0	1	0	0	0	0	0	0	0	1	7	0.1524	49	0.0232258	0	0	0	0	0	0	0	0	0	0	1	0	0	0	1	0	0	0	9.949953
555	0	0	0	0	0	0	0	0	1	0	0	0	0	1	0	0	0	5	0.2794	25	0.0780644	0	0	0	0	0	0	0	0	0	0	1	0	0	1	0	0	0	0	9.208271
555	0	0	0	0	0	1	0	0	0	0	0	0	0	1	1	0	0	10	0.2286	100	0.052258	0	0	0	0	0	0	0	0	0	0	0	0	0	1	0	0	0	0	8.825611
555	0	0	0	1	0	0	1	0	1	0	0	0	0	1	0	0	0	9	0	81	0	0	0	1.5494	0	0	0	0	0	0	0	1	0	0	1	0	0	0	0	9.288423
555	0	0	0	0	0	0	0	0	1	0	0	0	0	1	0	0	0	9	0.2032	81	0.0412902	0	0	0	0	0	0	0	0	0	0	1	0	0	1	0	0	0	0	9.388661
555	0	1	1	1	0	0	1	0	0	0	0	0	0	0	0	0	0	0	0	0	0	23	0	1.5494	0	0	0	0	0	0	0	0	0	0	0	0	0	0	0	9.430214
555	0	0	0	0	0	1	0	0	1	0	0	0	0	1	1	0	0	5	0.2540001	25	0.064516	0	0	0	0	0	0	0	0	0	0	1	0	0	1	0	0	0	0	9.690983
555	0	1	0	0	0	0	0	0	1	0	0	0	0	0	0	0	0	5	0.1016001	25	0.0103226	0	0	0	0	0	0	0	0	0	0	1	0	0	0	0	0	0	0	9.181799
555	0	0	0	0	0	1	0	0	1	0	0	0	0	1	1	0	0	7	0.1524	49	0.0232258	0	0	0	0	0	0	0	0	0	0	1	0	0	1	0	0	0	0	8.99223
556	0	0	0	1	0	0	0	0	0	0	0	0	0	1	1	0	0	7	0	49	0	0	0	1.5748	0	0	0	0	0	0	0	1	0	0	1	0	0	0	0	9.494866
556	0	0	0	0	0	0	0	0	0	0	0	0	0	1	1	0	0	8	0.1524	64	0.0232258	0	0	0	0	0	0	0	0	0	0	1	0	0	1	0	0	0	0	9.795882
556	1	1	0	0	0	0	0	0	0	0	0	0	0	0	1	0	0	5	0.0508	25	0.0025806	0	0	0	0	0	0	0	0	0	0	1	0	0	0	0	0	0	0	10.07391
556	0	0	0	0	0	0	0	0	0	0	0	0	0	1	1	0	0	7	0.0762	49	0.0058064	0	0	0	0	0	0	0	0	0	0	0	0	0	1	0	0	0	0	9.179223
556	0	0	0	0	0	0	0	0	0	0	0	0	0	1	1	0	0	7	0.1524	49	0.0232258	0	0	0	0	0	0	0	0	0	0	1	0	0	1	0	0	0	0	9.2512
556	0	0	0	0	0	1	0	0	0	0	0	0	0	1	0	0	0	8	0.2413	64	0.0582257	0	0	0	0	0	0	0	0	0	0	1	0	0	1	0	0	0	0	10.0737
556	0	0	0	0	0	0	1	0	0	0	0	0	0	0	0	0	2	4	0.0508	16	0.0025806	0	0	0	0	0	0	0	0	0	0	1	0	0	0	0	1	0	0	10.07391
556	0	1	0	0	0	0	0	0	0	0	0	0	0	0	1	0	0	5	0.0762	25	0.0058064	0	0	0	0	0	0	0	0	0	0	1	0	0	0	0	0	0	0	9.814734
556	0	1	0	0	0	0	0	0	0	0	0	0	0	0	1	0	0	3	0.127	9	0.016129	0	0	0	0	0	0	0	0	0	0	0	0	0	0	0	0	0	0	9.689184
556	0	0	0	0	1	0	0	0	0	1	0	0	0	1	1	0	0	9	0.0254	81	0.0006452	0	0	0	0	0	0	0	0	0	0	0	0	0	1	0	0	0	0	9.689184
556	0	1	0	0	0	0	0	0	0	0	0	0	0	0	1	0	0	6	0.1143	36	0.0130645	0	0	0	0	0	0	0	0	0	0	1	0	0	0	0	0	0	0	9.494866
556	1	0	0	0	0	0	0	0	0	0	0	0	0	1	1	0	0	5	0.127	25	0.016129	0	0	0	0	0	0	0	0	0	0	1	0	0	1	0	0	0	0	9.93285
558	0	0	0	0	0	1	0	0	0	0	0	0	0	1	1	0	0	9	0.127	81	0.016129	0	0	0	0	0	0	0	1	0	0	1	0	0	0	1	0	0	0	9.43159
558	1	0	0	0	1	1	0	0	0	1	0	0	0	1	1	0	0	9	-0.0889	81	0.0079032	0	0	0	0	0	0	0	1	0	0	0	0	0	0	1	0	0	0	9.93285
558	1	0	0	0	0	1	0	0	0	0	0	0	0	0	1	-1	0	9	0.1778001	81	0.0316129	0	0	0	0	0	0	0	0	-1	0	1	0	0	1	0	0	0	0	9.689184
558	0	0	0	0	0	0	0	0	0	0	0	0	0	0	0	0	0	11	0.1524	121	0.0232258	0	0	0	0	0	0	0	0	0	0	0	0	0	0	1	0	0	0	8.99223
558	1	0	0	0	0	1	0	0	0	0	0	0	0	1	1	0	0	6	0.2032	36	0.0412902	0	0	0	0	0	0	0	1	0	0	1	0	0	0	1	0	0	0	10.07391
558	1	0	0	0	0	1	0	0	0	0	0	0	0	1	1	0	0	8	0.1524	64	0.0232258	0	0	0	0	0	0	0	1	0	0	1	0	0	0	1	0	0	0	9.689184
558	0	0	0	0	0	0	0	0	0	0	0	0	0	1	0	0	0	10	0.1016001	100	0.0103226	0	0	0	0	0	0	0	1	0	0	0	0	0	0	1	0	0	0	9.303116
558	1	0	0	0	0	1	0	0	0	0	0	0	0	1	1	0	0	7	0.127	49	0.016129	0	0	0	0	0	0	0	1	0	0	1	0	0	0	1	0	0	0	9.673881
561	1	0	0	0	0	0	1	0	0	0	0	0	0	1	0	0	0	7	0.127	49	0.016129	0	0	0	0	0	0	0	0	0	0	1	0	0	1	0	0	0	0	9.044147
561	1	0	0	0	0	1	0	0	0	0	0	0	0	1	1	0	0	9	0.2032	81	0.0412902	0	0	0	0	0	0	0	0	0	0	0	0	0	1	0	0	0	0	8.825611
561	0	1	0	0	0	0	0	0	0	0	0	0	0	0	0	0	0	4	0.0762	16	0.0058064	0	0	0	0	0	0	0	0	0	0	1	0	0	0	0	0	0	0	9.208271
561	1	0	0	0	1	0	0	0	0	1	0	0	0	1	0	0	0	8	0.2032	64	0.0412902	0	0	0	0	0	0	0	0	0	0	0	0	0	1	0	0	0	0	8.938133
561	0	0	0	0	0	0	1	0	0	0	0	0	0	1	0	0	0	9	0.1778001	81	0.0316129	0	0	0	0	0	0	0	0	0	0	1	0	0	1	0	0	0	0	9.410738
561	0	0	0	0	0	1	0	0	0	0	0	0	0	1	1	0	0	8	0.2540001	64	0.064516	0	0	0	0	0	0	0	0	0	0	0	0	0	1	0	0	0	0	8.99223
561	0	1	0	0	0	0	0	0	0	0	0	0	0	0	0	0	0	12	0.0635	144	0.0040323	0	0	0	0	0	0	0	0	0	0	1	0	0	0	0	0	0	0	9.2512
561	0	0	0	0	0	0	0	0	0	0	0	0	0	1	0	0	0	7	0.127	49	0.016129	0	0	0	0	0	0	0	0	0	0	1	0	0	1	0	0	0	0	9.848722
561	0	0	0	0	0	1	0	0	0	0	0	0	0	0	1	0	1	9	0.0762	81	0.0058064	0	0	0	0	0	0	0	0	0	0	0	0	0	0	1	0	0	0	8.771515
561	0	0	0	0	0	0	0	0	0	0	0	0	0	0	0	0	4	12	0.2286	144	0.052258	0	0	0	0	0	0	0	0	0	0	0	0	0	0	0	0	0	1	8.99223
561	0	0	0	0	0	1	0	0	0	0	0	0	0	0	1	0	1	4	0.2286	16	0.052258	0	0	0	0	0	0	0	0	0	0	0	0	0	0	1	0	0	0	9.208271
561	0	0	0	0	1	0	0	0	0	1	0	0	0	0	0	0	4	8	0.127	64	0.016129	0	0	0	0	0	0	0	0	0	0	0	0	0	0	0	0	0	1	9.2512
561	1	0	0	0	0	0	1	0	0	0	0	0	0	0	0	0	2	6	0.127	36	0.016129	0	0	0	0	0	0	0	0	0	0	0	0	0	0	0	1	0	0	8.970109
561	0	0	0	0	0	0	1	0	0	0	0	0	0	1	0	0	0	9	0.1778001	81	0.0316129	0	0	0	0	0	0	0	0	0	0	1	0	0	1	0	0	0	0	8.99223
561	1	1	0	0	0	0	0	0	0	0	0	0	0	0	0	0	0	6	0.127	36	0.016129	0	0	0	0	0	0	0	0	0	0	1	0	0	0	0	0	0	0	8.99223
562	0	0	0	0	0	0	1	0	0	0	1	0	0	0	0	0	1	12	0	144	0	0	0	0	0	0	0	0	0	1	0	1	0	0	0	0	1	0	0	9.371115
562	0	1	0	0	0	0	0	0	0	0	0	0	0	0	0	0	0	5	0.1524	25	0.0232258	0	0	0	0	0	0	0	0	0	1	1	0	0	0	0	0	0	0	8.709462
562	1	0	0	0	0	0	1	0	0	0	1	0	0	1	0	0	0	5	0.127	25	0.016129	0	0	0	0	0	0	0	1	0	0	0	0	0	0	1	0	0	0	8.99223
562	0	0	0	0	0	1	0	0	0	0	0	0	0	1	0	0	0	8	0.0254	64	0.0006452	0	0	0	0	0	0	0	1	0	0	1	0	0	0	1	0	0	0	10.03874
562	0	0	0	0	0	1	0	0	0	0	0	0	0	0	0	0	1	6	0.13462	36	0.0181225	0	0	0	0	0	0	0	0	1	0	0	0	0	0	0	1	0	0	9.273385
562	0	0	0	0	0	1	0	0	0	0	0	0	0	0	0	0	1	5	0.1015999	25	0.0103225	0	0	0	0	0	0	0	0	1	0	0	0	0	0	0	1	0	0	8.99223
562	1	0	0	0	0	1	0	0	0	0	0	0	0	0	0	0	0	7	0.2286	49	0.052258	0	0	0	0	0	0	0	0	0	0	0	0	0	0	1	0	0	0	9.101377
562	0	0	0	0	0	1	0	0	0	0	0	0	0	0	0	0	0	7	0.1015999	49	0.0103225	0	0	0	0	0	0	0	0	0	0	0	0	0	0	1	0	0	0	9.2512
562	0	1	0	0	0	0	1	0	0	0	1	0	0	0	0	0	0	5	0.127	25	0.016129	0	0	0	0	0	0	0	0	0	1	1	0	0	0	0	0	0	0	9.320399
562	0	0	0	0	0	0	0	0	0	0	0	0	0	0	0	0	0	4	0.1015999	16	0.0103225	0	0	0	0	0	0	0	0	0	0	0	0	0	0	1	0	0	0	8.825611
562	0	0	0	0	0	0	1	0	0	0	1	0	0	1	0	0	0	2	0.2539999	4	0.064516	0	0	0	0	0	0	0	1	0	0	1	0	0	0	1	0	0	0	8.99223
562	1	0	0	0	0	1	0	0	0	0	0	0	0	1	0	0	0	7	0.127	49	0.016129	0	0	0	0	0	0	0	1	0	0	1	0	0	0	1	0	0	0	8.99223
562	1	1	0	0	0	0	1	0	0	0	1	0	0	0	0	0	0	4	0.1015999	16	0.0103225	0	0	0	0	0	0	0	0	0	1	0	0	0	0	0	0	0	0	9.348509
562	1	1	0	0	0	0	1	0	0	0	1	0	0	0	0	0	0	5	0.1524	25	0.0232258	0	0	0	0	0	0	0	0	0	1	1	0	0	0	0	0	0	0	8.99223
563	0	0	0	0	0	0	0	0	0	0	0	0	0	1	0	0	0	7	0.0889	49	0.0079032	0	0	0	0	1	0	0	0	0	0	1	0	0	1	0	0	0	0	9.069401
563	1	0	0	0	0	0	1	0	0	0	1	0	0	1	0	0	0	6	0.127	36	0.016129	0	0	0	0	1	0	0	0	0	0	1	0	0	1	0	0	0	0	9.404449
563	0	0	0	0	0	1	0	0	0	0	0	0	0	0	0	-3	0	0	0.1777999	0	0.0316128	0	0	0	0	0	-3	0	0	0	0	0	0	0	0	0	0	0	0	9.689184
563	1	0	0	0	0	0	0	0	0	0	0	0	0	1	0	0	0	8	0.1015999	64	0.0103225	0	0	0	0	1	0	0	0	0	0	1	0	0	1	0	0	0	0	9.830038
563	1	0	0	0	0	1	0	0	0	0	0	0	0	1	0	0	0	7	0.1015999	49	0.0103225	0	0	0	0	1	0	0	0	0	0	0	0	0	1	0	0	0	0	9.440964
563	0	0	0	0	0	0	0	0	0	0	0	0	0	1	0	0	0	9	0.0254	81	0.0006452	0	0	0	0	1	0	0	0	0	0	1	0	0	1	0	0	0	0	8.99223
563	0	0	0	0	0	0	0	0	0	0	0	0	0	1	0	0	0	6	0.1015999	36	0.0103225	0	0	0	0	1	0	0	0	0	0	0	0	0	1	0	0	0	0	9.101377
563	0	0	0	0	0	0	0	0	0	0	0	0	0	1	0	0	0	8	0.1015999	64	0.0103225	0	0	0	0	1	0	0	0	0	0	1	0	0	1	0	0	0	0	9.288423
563	0	0	0	0	0	1	0	0	0	0	0	0	0	1	0	0	0	3	0.1777999	9	0.0316128	0	0	0	0	1	0	0	0	0	0	1	0	0	1	0	0	0	0	9.179223
563	0	0	0	0	0	1	0	0	0	0	0	0	0	1	0	0	0	7	0.1777999	49	0.0316128	0	0	0	0	1	0	0	0	0	0	1	0	0	1	0	0	0	0	9.084581
563	0	0	0	0	0	0	0	0	0	0	0	0	0	1	0	0	0	9	0.0508	81	0.0025806	0	0	0	0	1	0	0	0	0	0	1	0	0	1	0	0	0	0	9.475531
563	1	0	0	0	0	0	0	0	0	0	0	0	0	1	0	0	0	5	0.1015999	25	0.0103225	0	0	0	0	1	0	0	0	0	0	1	0	0	1	0	0	0	0	9.93285
563	0	0	0	0	0	0	1	0	0	0	1	0	0	1	0	0	0	8	0.1524	64	0.0232258	0	0	0	0	1	0	0	0	0	0	1	0	0	1	0	0	0	0	9.2512
563	1	0	0	0	0	0	0	0	0	0	0	0	0	1	0	0	0	4	0.0508	16	0.0025806	0	0	0	0	1	0	0	0	0	0	0	0	0	1	0	0	0	0	9.044147
563	0	1	0	0	0	0	0	0	0	0	0	0	0	0	0	0	0	8	0.0762	64	0.0058064	0	0	0	0	0	0	1	0	0	0	0	0	0	0	0	0	0	0	9.690983
564	0	1	0	0	0	0	1	0	0	0	0	0	0	0	0	0	0	5	0	25	0	0	0	0	1.6256	0	0	0	0	0	0	0	0	0	0	0	0	0	0	9.24231
564	1	0	0	0	0	1	0	0	0	0	0	0	0	0	1	0	4	3	0	9	0	0	0	0	1.651	0	0	0	0	0	0	0	0	0	0	1	0	0	0	8.557931
564	0	0	0	0	0	1	0	0	0	0	0	0	0	0	1	0	1	0	0	0	0	0	0	0	1.651	0	0	0	0	0	0	1	1	0	0	0	0	0	0	8.938133
564	0	1	1	1	0	0	0	0	0	0	0	0	1	0	0	0	0	0	0	0	0	30	0	0	0	0	0	0	0	0	0	0	0	0	0	0	0	0	0	9.208271
564	0	0	0	0	1	0	0	0	0	1	0	0	0	0	0	0	3	5	0	25	0	0	0	0	1.6256	0	0	0	0	0	0	0	0	0	1	0	0	0	0	8.390333
564	0	1	1	1	0	0	1	0	0	0	0	0	1	0	0	0	0	0	0	0	0	30	0	0	0	0	0	0	0	0	0	1	0	0	0	0	0	0	0	9.208271
564	1	1	0	1	1	0	1	0	0	1	0	0	1	0	0	0	0	5	0	25	0	0	0	0	0	0	0	0	0	0	0	0	0	0	0	0	0	0	0	8.938133
564	0	0	0	1	0	0	1	0	0	0	0	0	1	1	0	0	0	1	0	1	0	0	0	0	0	0	0	0	0	0	0	0	0	0	0	0	0	0	0	8.883064
564	1	0	0	0	0	1	0	0	0	0	0	0	0	1	1	0	0	2	0	4	0	0	0	0	1.7272	0	0	0	0	0	0	0	0	0	0	0	0	0	0	9.371115
564	0	0	0	1	0	1	0	0	0	0	0	0	1	0	1	0	3	-7	0	49	0	0	0	0	0	0	0	0	0	0	0	0	0	0	1	0	0	0	0	8.938133
564	0	0	0	0	0	0	0	0	0	0	0	0	0	0	0	0	3	4	0	16	0	0	0	0	1.7272	0	0	0	0	0	0	0	0	0	1	0	0	0	0	9.041653
564	0	1	0	1	0	0	1	0	0	0	0	0	1	0	0	0	0	6	0	36	0	0	0	0	0	0	0	0	0	0	0	0	0	0	0	0	0	0	0	8.938133
564	0	1	0	0	0	0	1	0	0	0	0	0	0	0	0	0	0	7	0	49	0	0	0	0	1.778	0	0	0	0	0	0	1	0	0	0	0	0	0	0	9.208271
564	1	0	0	0	0	0	1	0	0	0	0	0	0	0	0	0	4	5	0	25	0	0	0	0	1.7272	0	0	0	0	0	0	0	0	0	0	1	0	0	0	8.985859
564	1	0	0	0	0	0	1	0	0	0	0	0	0	1	0	0	0	4	0	16	0	0	0	0	1.7018	0	0	0	0	0	0	0	0	0	0	0	0	0	0	8.99223
566	0	0	0	0	0	1	0	0	0	0	0	0	0	1	1	0	0	5	0.1524	25	0.0232258	0	0	0	0	0	0	0	0	0	0	0	0	0	1	0	0	0	0	9.423843
566	0	0	0	0	0	0	1	0	0	0	0	0	0	1	0	0	0	5	0.1524	25	0.0232258	0	0	0	0	0	0	0	0	0	0	1	0	0	1	0	0	0	0	9.452142
566	0	0	0	0	0	1	0	0	0	0	0	0	0	0	1	0	1	3	0.1016001	9	0.0103226	0	0	0	0	0	0	0	0	0	0	0	0	0	0	1	0	0	0	9.357899
566	0	1	0	1	0	0	1	0	0	0	0	0	0	0	0	0	0	10	0	100	0	0	0	1.6256	0	0	0	0	0	0	0	1	0	0	0	0	0	0	0	10.01695
566	1	1	0	1	0	0	1	0	0	0	0	0	0	0	0	0	0	3	0	9	0	0	0	1.6256	0	0	0	0	0	0	0	0	0	0	0	0	0	0	0	10.07391
566	0	0	0	0	0	0	1	0	0	0	0	0	0	1	0	0	0	3	0	9	0	0	0	0	0	0	0	0	0	0	0	1	0	0	1	0	0	0	0	9.663419
566	0	0	0	0	0	1	0	0	0	0	0	0	0	0	1	0	2	3	0.1524	9	0.0232258	0	0	0	0	0	0	0	0	0	0	0	0	0	0	0	1	0	0	10.07391
566	0	0	0	0	0	0	1	0	0	0	0	0	0	0	0	-3	0	3	0.1524	9	0.0232258	0	0	0	0	0	0	0	0	0	0	0	0	0	0	0	0	0	0	9.127307
566	0	0	0	0	0	0	1	0	0	0	0	0	0	1	0	0	0	2	0.0635	4	0.0040323	0	0	0	0	0	0	0	0	0	0	1	0	0	1	0	0	0	0	10.0737
566	0	0	0	0	0	0	0	0	0	0	0	0	0	1	0	0	0	8	0.0508	64	0.0025806	0	0	0	0	0	0	0	0	0	0	0	0	0	1	0	0	0	0	9.682814
566	0	0	0	0	0	1	0	0	0	0	0	0	0	1	1	0	0	3	0.1524	9	0.0232258	0	0	0	0	0	0	0	0	0	0	0	0	0	1	0	0	0	0	10.01695
567	0	0	0	0	0	0	0	0	0	0	0	0	0	0	0	0	2	6	0.1524	36	0.0232258	0	0	0	0	0	0	0	0	0	0	1	0	0	1	0	0	0	0	9.107232
567	1	0	0	0	0	1	0	0	0	0	0	0	0	1	1	0	0	6	0.0508001	36	0.0025806	0	0	0	0	0	0	0	0	0	0	1	1	0	0	0	0	0	0	9.2512
567	1	0	0	0	0	0	0	0	0	0	0	0	0	1	0	0	0	4	0.127	16	0.016129	0	0	0	0	0	0	0	0	0	0	1	1	0	0	0	0	0	0	9.235896
567	1	1	1	0	0	0	0	0	0	0	0	0	0	0	0	0	0	0	0.2286	0	0.052258	34	0	0	0	0	0	0	0	0	0	0	0	0	0	0	0	0	0	8.99223
568	1	0	0	0	0	0	1	0	1	0	0	0	0	0	0	-2	0	5	0.1015999	25	0.0103225	0	0	0	0	0	0	0	0	-2	0	1	0	0	0	0	1	0	0	9.830038
568	0	1	1	1	0	0	0	0	0	0	0	0	0	0	1	0	0	0	0	0	0	24	0	1.524	0	0	0	0	0	0	1	0	0	0	0	0	0	0	0	9.208271
568	1	1	0	1	0	0	1	0	1	0	0	0	0	0	0	0	0	5	0	25	0	0	0	1.524	0	0	0	0	0	0	1	1	0	0	0	0	0	0	0	9.989575
568	0	0	0	0	0	0	1	0	0	0	0	0	0	0	0	-3	0	11	0.1523999	121	0.0232257	0	0	0	0	0	0	0	0	-3	0	0	0	0	0	1	0	0	0	8.87118
568	0	1	0	0	0	0	1	0	0	0	0	0	0	0	0	0	0	3	0.127	9	0.016129	0	0	0	0	0	0	0	0	0	1	0	0	0	0	0	0	0	0	8.883064
568	0	0	0	0	0	0	0	0	0	0	0	0	0	1	1	0	0	11	0.1396999	121	0.0195161	0	0	0	0	0	0	0	1	0	0	0	0	0	0	0	0	0	1	9.321049
568	0	0	0	0	0	0	1	0	1	0	0	0	0	1	0	0	0	4	0.0253999	16	0.0006452	0	0	0	0	0	0	0	1	0	0	1	0	0	0	0	0	0	1	9.303116
568	0	0	0	0	0	0	1	0	0	0	0	0	0	1	0	0	0	5	0.1523999	25	0.0232257	0	0	0	0	0	0	0	1	0	0	0	0	0	0	0	0	0	1	9.848722
568	0	1	0	0	0	0	0	0	0	0	0	0	0	0	1	0	0	10	0.1523999	100	0.0232257	0	0	0	0	0	0	0	0	0	1	0	0	0	0	0	0	0	0	9.507957
568	0	1	1	1	0	0	0	0	0	0	0	0	0	0	1	0	0	0	0	0	0	24	0	1.524	0	0	0	0	0	0	1	0	0	0	0	0	0	0	0	9.771483
568	0	1	0	0	0	0	0	0	0	0	0	0	0	0	1	0	0	6	0.127	36	0.016129	0	0	0	0	0	0	0	0	0	1	0	0	0	0	0	0	0	0	9.848722
570	0	0	0	1	0	0	0	0	0	0	0	0	0	0	0	-2	0	8	0	64	0	0	0	1.6002	0	0	0	0	0	-2	0	1	0	0	1	0	0	0	0	9.2512
570	0	0	0	0	0	0	0	0	0	0	0	0	0	0	0	-1	0	7	0.0889	49	0.0079032	0	0	0	0	0	0	0	0	-1	0	0	0	0	0	1	0	0	0	8.99223
570	1	1	0	0	0	0	1	0	0	0	0	0	0	0	0	0	0	10	0.0761999	100	0.0058064	0	0	0	0	0	0	0	0	0	1	0	0	0	0	0	0	0	0	9.2512
570	0	0	0	0	0	0	0	0	0	0	0	0	0	0	0	0	2	8	0.1015999	64	0.0103225	0	0	0	0	0	0	0	0	2	0	0	0	0	0	0	0	0	1	9.044147
570	0	0	0	0	1	1	0	0	0	1	0	0	0	1	1	0	0	8	0.1015999	64	0.0103225	0	0	0	0	0	0	0	1	0	0	0	0	0	0	0	1	0	0	9.2512
570	0	0	0	0	0	0	0	0	0	0	0	0	0	0	0	-2	0	8	0.1777999	64	0.0316128	0	0	0	0	0	0	0	0	-2	0	1	0	0	1	0	0	0	0	9.438108
570	1	0	0	0	0	1	0	0	0	0	0	0	0	1	1	0	0	9	0.0761999	81	0.0058064	0	0	0	0	0	0	0	1	0	0	0	0	0	0	0	1	0	0	9.084581
570	0	0	0	0	0	1	0	0	0	0	0	0	0	1	1	0	0	10	0.1015999	100	0.0103225	0	0	0	0	0	0	0	1	0	0	1	0	0	0	0	1	0	0	9.084581
570	0	0	0	1	0	0	0	0	0	0	0	0	0	0	0	0	2	6	0	36	0	0	0	1.6002	0	0	0	0	0	2	0	0	0	0	0	0	0	0	1	9.2512
570	1	0	0	0	0	1	0	0	0	0	0	0	0	1	1	0	0	4	0.0761999	16	0.0058064	0	0	0	0	0	0	0	1	0	0	1	0	0	0	0	1	0	0	9.617123
570	0	0	0	0	0	0	0	0	0	0	0	0	0	0	0	-2	0	7	0.1015999	49	0.0103225	0	0	0	0	0	0	0	0	-2	0	1	0	0	1	0	0	0	0	8.99223
570	0	0	0	0	0	1	0	0	0	0	0	0	0	0	1	-1	0	7	0.0380999	49	0.0014516	0	0	0	0	0	0	0	0	-1	0	1	0	0	0	1	0	0	0	8.99223
570	1	1	0	0	0	0	1	0	0	0	0	0	0	0	0	0	0	8	0.1904999	64	0.0362902	0	0	0	0	0	0	0	0	0	1	1	0	0	0	0	0	0	0	9.2019
570	1	1	0	0	0	0	1	0	0	0	0	0	0	0	0	0	0	6	0.127	36	0.016129	0	0	0	0	0	0	0	0	0	1	1	0	0	0	0	0	0	0	9.830038
570	0	0	0	1	0	1	0	0	0	0	0	0	0	0	1	-1	0	6	0	36	0	0	0	1.6002	0	0	0	0	0	-1	0	0	0	0	0	1	0	0	0	8.771515
571	0	0	0	1	0	0	0	0	0	0	0	0	0	0	0	0	1	11	0	121	0	0	0	1.6002	0	0	0	0	0	1	0	1	0	0	0	1	0	0	0	9.107023
571	1	0	0	0	0	1	0	0	0	0	0	0	0	0	1	0	1	8	0.0761999	64	0.0058064	0	0	0	0	0	0	0	0	1	0	0	0	0	0	1	0	0	0	9.438108
571	0	0	0	0	0	1	0	0	0	0	0	0	0	1	1	0	0	7	0.1015999	49	0.0103225	0	0	0	0	0	0	0	1	0	0	0	0	0	1	0	0	0	0	8.876694
571	0	1	0	0	0	0	0	0	0	0	0	0	0	0	0	0	0	8	0.1015999	64	0.0103225	0	0	0	0	0	0	0	0	0	1	0	0	0	0	0	0	0	0	9.076596
571	0	0	0	0	0	0	1	0	0	0	0	0	0	1	0	0	0	5	0.127	25	0.016129	0	0	0	0	0	0	0	1	0	0	0	0	0	1	0	0	0	0	8.938133
571	1	0	0	0	0	1	0	0	0	0	0	0	0	0	1	0	1	4	0.127	16	0.016129	0	0	0	0	0	0	0	0	1	0	1	0	0	0	1	0	0	0	8.938133
571	0	0	0	1	0	0	0	0	0	0	0	0	0	0	0	0	1	10	0	100	0	0	0	1.6002	0	0	0	0	0	1	0	1	0	0	0	1	0	0	0	8.848993
571	0	0	1	0	0	0	0	0	0	0	0	0	0	1	0	0	0	0	0.0253999	0	0.0006452	26	0	0	0	0	0	0	1	0	0	1	0	0	1	0	0	0	0	9.2512
571	1	0	0	0	0	1	0	0	0	0	0	0	0	1	1	0	0	9	0.1777999	81	0.0316128	0	0	0	0	0	0	0	1	0	0	0	0	0	1	0	0	0	0	9.199851
571	0	0	0	0	0	1	0	0	0	0	0	0	0	1	1	0	0	9	0.0761999	81	0.0058064	0	0	0	0	0	0	0	1	0	0	1	0	0	1	0	0	0	0	8.842326
571	1	0	0	0	0	0	0	0	0	0	0	0	0	1	0	0	0	5	0.1015999	25	0.0103225	0	0	0	0	0	0	0	1	0	0	0	0	0	1	0	0	0	0	8.825611
571	1	0	0	0	0	0	1	0	0	0	0	0	0	0	0	0	1	7	0	49	0	0	0	0	0	0	0	0	0	1	0	1	0	0	0	1	0	0	0	8.825611
571	0	0	0	0	0	1	0	0	0	0	0	0	0	1	1	0	0	6	0.127	36	0.016129	0	0	0	0	0	0	0	1	0	0	0	0	0	1	0	0	0	0	9.233462
571	0	0	0	0	0	0	1	0	0	0	0	0	0	0	0	0	1	6	0.127	36	0.016129	0	0	0	0	0	0	0	0	1	0	1	0	0	0	1	0	0	0	9.458821
571	0	0	0	0	0	0	0	0	0	0	0	0	0	1	0	0	0	3	0.0508	9	0.0025806	0	0	0	0	0	0	0	1	0	0	1	0	0	1	0	0	0	0	9.107232
573	0	0	0	0	0	0	1	0	0	0	0	0	0	0	0	-1	0	3	0.0762	9	0.0058064	0	0	0	0	0	0	0	0	-1	0	0	0	0	0	1	0	0	0	9.93285
573	0	0	0	0	0	0	0	0	0	0	0	0	0	0	0	0	2	3	0.0508	9	0.0025806	0	0	0	0	0	0	0	0	2	0	1	0	0	0	0	0	0	1	9.024206
573	0	1	0	0	0	0	1	0	0	0	0	0	0	0	0	0	0	3	0.0508	9	0.0025806	0	0	0	0	0	0	0	0	0	1	0	0	0	0	0	0	0	0	9.235896
573	1	1	0	0	0	1	0	0	0	0	0	0	0	0	1	0	0	4	0.1778001	16	0.0316129	0	0	0	0	0	0	0	0	0	1	1	0	0	0	0	0	0	0	9.830038
573	0	0	0	0	0	1	0	0	0	0	0	0	0	1	1	0	0	5	0.1016001	25	0.0103226	0	0	0	0	0	0	0	1	0	0	0	0	0	0	0	1	0	0	9.494866
573	0	0	0	0	0	0	1	0	0	0	0	0	0	0	0	-2	0	3	0	9	0	0	0	0	0	0	0	0	0	-2	0	1	0	0	1	0	0	0	0	9.656435
573	0	0	0	0	0	0	1	0	0	0	0	0	0	0	0	0	0	3	0.0508	9	0.0025806	0	0	0	0	0	0	0	0	0	0	1	0	0	0	0	1	0	0	9.93285
573	0	0	0	0	0	0	0	0	0	0	0	0	0	0	0	-1	0	4	0.1524	16	0.0232258	0	0	0	0	0	0	0	0	-1	0	0	0	0	0	1	0	0	0	9.438108
573	0	1	0	0	0	0	1	0	0	0	0	0	0	0	0	0	0	1	0.1524	1	0.0232258	0	0	0	0	0	0	0	0	0	1	1	0	0	0	0	0	0	0	9.150325
573	0	0	0	1	0	0	0	0	0	0	0	0	0	1	0	0	0	4	0	16	0	0	0	1.6256	0	0	0	0	1	0	0	0	0	0	0	0	1	0	0	9.127307
573	0	0	0	0	0	1	0	0	0	0	0	0	0	1	1	0	0	5	0.127	25	0.016129	0	0	0	0	0	0	0	1	0	0	0	0	0	0	0	1	0	0	9.320399
573	1	1	1	1	1	0	1	0	0	1	0	0	0	0	0	0	0	0	0	0	0	27	0	1.6256	0	0	0	0	0	0	1	0	0	0	0	0	0	0	0	9.571068
574	1	0	1	0	0	1	0	0	0	0	0	0	0	1	1	0	0	0	0.1016001	0	0.0103226	24	0	0	0	0	0	0	1	0	0	1	0	0	0	1	0	0	0	8.99223
574	0	0	0	0	0	1	0	0	0	0	0	0	0	1	1	0	0	6	0.1016001	36	0.0103226	0	0	0	0	0	0	0	1	0	0	0	0	0	0	1	0	0	0	9.084581
574	0	0	0	0	0	1	0	0	0	0	0	0	0	0	1	0	1	5	0.1016001	25	0.0103226	0	0	0	0	0	0	0	0	1	0	0	0	0	0	0	1	0	0	8.825611
574	1	0	0	0	0	0	1	0	0	0	0	0	0	0	0	-1	0	6	0.0762	36	0.0058064	0	0	0	0	0	0	0	0	-1	0	0	0	0	1	0	0	0	0	9.438108
574	0	0	0	1	0	1	0	0	0	0	0	0	0	0	1	0	1	10	0	100	0	0	0	1.6256	0	0	0	0	0	1	0	1	0	0	0	0	1	0	0	8.942503
574	1	0	0	0	0	1	0	0	0	0	0	0	0	0	1	0	1	4	0.0508	16	0.0025806	0	0	0	0	0	0	0	0	1	0	0	0	0	0	0	1	0	0	9.044147
574	0	0	0	0	0	1	0	0	0	0	0	0	0	0	1	0	1	5	0.1016001	25	0.0103226	0	0	0	0	0	0	0	0	1	0	0	0	0	0	0	1	0	0	9.288423
574	0	0	0	0	0	0	0	0	0	0	0	0	0	0	0	0	0	8	0.0254	64	0.0006452	0	0	0	0	0	0	0	0	0	0	0	0	0	0	1	0	0	0	8.771515
574	1	0	0	0	0	1	0	0	0	0	0	0	0	1	1	0	0	7	0.1524	49	0.0232258	0	0	0	0	0	0	0	1	0	0	1	0	0	0	1	0	0	0	9.388661
574	0	1	0	0	0	0	1	0	0	0	0	0	0	0	0	0	0	8	0	64	0	0	0	0	0	0	0	0	0	0	1	0	0	0	0	0	0	0	0	8.825611
574	1	0	0	0	0	0	1	0	0	0	0	0	0	1	0	0	0	2	0.1016001	4	0.0103226	0	0	0	0	0	0	0	1	0	0	0	0	0	0	1	0	0	0	9.440964
574	0	0	0	0	0	1	0	0	0	0	0	0	0	0	1	-2	0	8	0.2540001	64	0.064516	0	0	0	0	0	0	0	0	-2	0	1	0	1	0	0	0	0	0	9.208271
574	0	0	0	0	0	1	0	0	0	0	0	0	0	1	1	0	0	8	0.1524	64	0.0232258	0	0	0	0	0	0	0	1	0	0	0	0	0	0	1	0	0	0	8.825611
574	0	0	0	0	0	1	0	0	0	0	0	0	0	0	1	0	0	10	0.1778001	100	0.0316129	0	0	0	0	0	0	0	0	0	0	0	0	0	0	1	0	0	0	9.101377
574	0	0	0	1	0	1	0	0	0	0	0	0	0	1	1	0	0	5	0	25	0	0	0	1.6256	0	0	0	0	1	0	0	0	0	0	0	1	0	0	0	9.876092
575	0	1	0	0	0	0	0	0	0	0	0	0	0	0	1	0	0	4	0.1015999	16	0.0103225	0	0	0	0	0	0	0	0	0	0	0	0	0	0	0	0	0	0	9.307697
575	0	1	0	0	0	0	0	0	0	0	0	0	0	0	1	0	0	7	0.0889	49	0.0079032	0	0	0	0	0	0	0	0	0	0	1	0	0	0	0	0	0	0	8.99223
575	1	1	0	0	0	0	1	0	0	0	0	0	0	0	0	0	0	8	0.1777999	64	0.0316128	0	0	0	0	0	0	0	0	0	0	1	0	0	0	0	0	0	0	8.99223
575	0	1	0	0	0	0	1	0	0	0	0	0	0	0	0	0	0	8	0.0761999	64	0.0058064	0	0	0	0	0	0	0	0	0	0	1	0	0	0	0	0	0	0	8.99223
575	0	0	0	0	0	0	0	0	0	0	0	0	0	1	1	0	0	7	0.0253999	49	0.0006452	0	0	0	0	0	0	0	0	0	0	0	0	0	0	0	0	0	0	8.99223
575	1	1	0	0	0	0	1	0	0	0	0	0	0	0	0	0	0	8	0.1015999	64	0.0103225	0	0	0	0	0	0	0	0	0	0	0	0	0	0	0	0	0	0	9.689184
575	1	1	1	1	0	0	1	0	0	0	0	0	0	0	0	0	0	0	0	0	0	22	0	1.6002	0	0	0	0	0	0	0	1	0	0	0	0	0	0	0	9.771483
575	1	1	0	0	0	0	1	0	0	0	0	0	0	0	0	0	0	8	0.1015999	64	0.0103225	0	0	0	0	0	0	0	0	0	0	0	0	0	0	0	0	0	0	9.848722
575	0	1	0	0	0	0	1	0	0	0	0	0	0	0	0	0	0	7	-0.0127001	49	0.0001613	0	0	0	0	0	0	0	0	0	0	0	0	0	0	0	0	0	0	9.2512
575	0	0	0	0	0	1	0	0	0	0	0	0	0	0	0	0	5	9	0.0761999	81	0.0058064	0	0	0	0	0	0	0	0	0	0	0	0	0	0	0	1	0	0	8.99223
575	0	1	0	0	0	0	1	0	0	0	0	0	0	0	0	0	0	6	0.1523999	36	0.0232257	0	0	0	0	0	0	0	0	0	0	0	0	0	0	0	0	0	0	9.321049
575	1	1	0	0	0	0	0	0	0	0	0	0	0	0	1	0	0	7	0.1015999	49	0.0103225	0	0	0	0	0	0	0	0	0	0	1	0	0	0	0	0	0	0	9.307697
575	0	1	0	0	0	0	1	0	0	0	0	0	0	0	0	0	0	7	0.0889	49	0.0079032	0	0	0	0	0	0	0	0	0	0	0	0	0	0	0	0	0	0	9.2512
575	0	0	0	0	0	0	1	0	0	0	0	0	0	0	0	0	7	10	0.127	100	0.016129	0	0	0	0	0	0	0	0	0	0	0	0	0	0	0	0	0	1	9.2512
575	0	0	0	0	0	0	1	0	0	0	0	0	0	0	0	0	5	7	0.0634999	49	0.0040322	0	0	0	0	0	0	0	0	0	0	0	0	0	0	0	1	0	0	9.809099
577	0	0	0	1	0	1	0	0	0	0	0	0	0	1	0	0	0	7	0	49	0	0	0	1.5748	0	0	0	0	1	0	0	0	0	0	1	0	0	0	0	9.430214
577	0	0	0	0	0	0	0	0	0	0	0	0	0	1	1	0	0	9	0.1777999	81	0.0316128	0	0	0	0	0	0	0	1	0	0	0	0	0	1	0	0	0	0	9.689184
577	1	0	0	0	0	0	0	0	0	0	0	0	0	1	1	0	0	5	0.2539999	25	0.064516	0	0	0	0	0	0	0	1	0	0	1	0	0	1	0	0	0	0	9.571068
577	1	0	0	0	0	0	0	0	0	0	0	0	0	1	1	0	0	3	0.1015999	9	0.0103225	0	0	0	0	0	0	0	1	0	0	1	0	0	1	0	0	0	0	9.438108
577	0	0	0	0	0	0	0	0	0	0	0	0	0	0	1	0	1	3	0.0652	9	0.004251	0	0	0	0	0	0	0	0	1	0	1	0	0	0	1	0	0	0	10.07391
577	0	0	0	0	0	0	0	0	0	0	0	0	0	1	1	0	0	9	0.2286	81	0.052258	0	0	0	0	0	0	0	1	0	0	1	0	0	1	0	0	0	0	9.365594
577	0	0	0	0	0	0	0	0	0	0	0	0	0	1	1	0	0	5	0.1777999	25	0.0316128	0	0	0	0	0	0	0	1	0	0	1	0	0	1	0	0	0	0	9.321049
577	0	0	0	0	0	0	0	0	0	0	0	0	0	1	1	0	0	2	0.1524	4	0.0232258	0	0	0	0	0	0	0	1	0	0	0	0	0	1	0	0	0	0	9.367809
577	0	1	0	1	1	0	1	0	0	1	0	0	0	0	0	0	0	4	0	16	0	0	0	1.5748	0	0	0	0	0	0	1	0	0	0	0	0	0	0	0	9.830038
577	1	1	0	0	0	0	1	0	0	0	0	0	0	0	0	0	0	3	0.0508	9	0.0025806	0	0	0	0	0	0	0	0	0	1	1	0	0	0	0	0	0	0	9.830038
577	1	0	0	0	0	0	0	0	0	0	0	0	0	1	1	0	0	6	0.1015999	36	0.0103225	0	0	0	0	0	0	0	1	0	0	1	0	0	1	0	0	0	0	9.830038
577	0	1	0	0	1	0	0	0	0	1	0	0	0	0	1	0	0	9	0.1143	81	0.0130645	0	0	0	0	0	0	0	0	0	1	0	0	0	0	0	0	0	0	9.93285
577	1	0	0	0	0	0	0	0	0	0	0	0	0	1	1	0	0	4	0.1015999	16	0.0103225	0	0	0	0	0	0	0	1	0	0	1	0	0	1	0	0	0	0	9.689184
577	0	0	0	0	0	0	0	0	0	0	0	0	0	1	1	0	0	6	0.0508	36	0.0025806	0	0	0	0	0	0	0	1	0	0	1	0	0	1	0	0	0	0	9.93285
577	0	0	0	0	0	0	0	0	0	0	0	0	0	1	1	0	0	4	0.0254	16	0.0006452	0	0	0	0	0	0	0	1	0	0	1	0	0	1	0	0	0	0	9.494866
581	0	0	0	0	0	1	0	0	1	0	0	0	0	0	0	-3	0	7	0.1777999	49	0.0316128	0	0	0	0	0	0	0	0	0	0	1	0	0	0	0	0	0	0	8.876694
581	1	0	0	0	0	0	0	0	1	0	0	0	0	1	1	0	0	6	0.127	36	0.016129	0	0	0	0	0	0	0	0	0	0	1	0	0	1	0	0	0	0	8.99223
581	1	0	0	0	0	1	0	0	1	0	0	0	0	1	0	0	0	10	0.2032	100	0.0412902	0	0	0	0	0	0	0	0	0	0	1	0	0	1	0	0	0	0	8.99223
581	0	0	0	0	0	0	0	0	1	0	0	0	0	1	1	0	0	12	0.0762	144	0.0058064	0	0	0	0	0	0	0	0	0	0	1	0	0	1	0	0	0	0	8.938133
581	0	1	0	0	0	0	1	0	1	0	0	0	0	0	0	0	0	8	0.2032	64	0.0412902	0	0	0	0	0	0	0	0	0	0	1	0	0	0	0	0	0	0	8.771515
581	0	1	0	0	0	0	1	0	0	0	0	0	0	0	0	0	0	0	0.1777999	0	0.0316128	0	0	0	0	0	0	0	0	0	0	0	0	0	0	0	0	0	0	9.357899
581	0	0	0	0	0	0	0	0	0	0	0	0	0	1	1	0	0	4	0.1015999	16	0.0103225	0	0	0	0	0	0	0	0	0	0	0	0	0	1	0	0	0	0	9.112145
581	1	1	0	0	0	0	0	0	1	0	0	0	0	0	1	0	0	8	0.1015999	64	0.0103225	0	0	0	0	0	0	0	0	0	0	1	0	0	0	0	0	0	0	9.876092
581	1	0	0	0	0	0	0	0	0	0	0	0	0	1	1	0	0	14	0.127	196	0.016129	0	0	0	0	0	0	0	0	0	0	0	0	0	1	0	0	0	0	8.995071
581	1	0	0	0	0	0	0	0	1	0	0	0	0	1	1	0	0	13	0.1523999	169	0.0232257	0	0	0	0	0	0	0	0	0	0	1	0	0	1	0	0	0	0	9.989575
581	0	0	0	0	0	0	0	0	0	0	0	0	0	1	1	0	0	10	0.1523999	100	0.0232257	0	0	0	0	0	0	0	0	0	0	0	0	0	1	0	0	0	0	9.107232
584	0	1	0	0	0	0	0	0	0	0	0	0	0	0	1	0	0	7	0.0889	49	0.0079032	0	0	0	0	0	0	0	0	0	0	1	0	0	0	0	0	0	0	9.151768
584	1	1	0	0	0	0	1	0	0	0	0	0	0	0	0	0	0	3	0.1015999	9	0.0103225	0	0	0	0	0	0	0	0	0	0	1	0	0	0	0	0	0	0	9.494866
584	0	1	0	0	0	0	0	0	0	0	0	0	0	0	1	0	0	11	0.1524	121	0.0232258	0	0	0	0	0	0	0	0	0	0	1	0	0	0	0	0	0	0	9.366202
584	0	1	0	0	0	0	0	0	0	0	0	0	0	0	1	0	0	5	0.0254	25	0.0006452	0	0	0	0	0	0	0	0	0	0	0	0	0	0	0	0	0	0	8.99223
584	1	1	1	1	0	0	1	0	0	0	0	0	0	0	0	0	0	0	0	0	0	25	0	1.5748	0	0	0	0	0	0	0	1	0	0	0	0	0	0	0	9.208271
584	0	0	0	0	0	1	0	0	0	0	0	0	0	0	0	0	4	16	0.127	256	0.016129	0	0	0	0	0	0	0	0	0	0	0	0	0	0	0	1	0	0	8.938133
584	0	1	0	0	0	0	0	0	0	0	0	0	0	0	1	0	0	7	0.1777999	49	0.0316128	0	0	0	0	0	0	0	0	0	0	0	0	0	0	0	0	0	0	8.883064
584	0	1	0	1	0	0	1	0	0	0	0	0	0	0	0	0	0	6	0	36	0	0	0	1.5748	0	0	0	0	0	0	0	0	0	0	0	0	0	0	0	9.314969
584	1	1	0	0	0	0	0	0	0	0	0	0	0	0	1	0	0	7	0.0762	49	0.0058064	0	0	0	0	0	0	0	0	0	0	0	0	0	0	0	0	0	0	9.451937
584	0	1	0	1	0	0	0	0	0	0	0	0	0	0	1	0	0	5	0	25	0	0	0	1.5748	0	0	0	0	0	0	0	1	0	0	0	0	0	0	0	8.938133
584	1	0	0	0	0	0	0	0	0	0	0	0	0	1	1	0	0	5	0.0762	25	0.0058064	0	0	0	0	0	0	0	0	0	0	0	1	0	0	0	0	0	0	9.127307
584	0	0	0	0	0	0	0	0	0	0	0	0	0	1	1	0	0	6	0.1015999	36	0.0103225	0	0	0	0	0	0	0	0	0	0	1	1	0	0	0	0	0	0	9.395121
584	1	1	0	0	0	0	1	0	0	0	0	0	0	0	0	0	0	5	0.2286	25	0.052258	0	0	0	0	0	0	0	0	0	0	1	0	0	0	0	0	0	0	9.208271
584	0	1	0	0	0	0	1	0	0	0	0	0	0	0	0	0	0	7	0.2286	49	0.052258	0	0	0	0	0	0	0	0	0	0	0	0	0	0	0	0	0	0	8.99223
585	0	0	0	0	0	0	1	0	0	0	0	0	0	1	0	0	0	5	0.2540001	25	0.064516	0	0	0	0	0	0	0	0	0	0	1	0	0	0	0	0	0	0	9.689184
585	0	1	1	1	0	0	1	0	0	0	0	0	0	0	0	0	0	0	0	0	0	24	0	1.5494	0	0	0	0	0	0	0	1	0	0	0	0	0	0	0	9.452142
585	1	0	0	0	0	1	0	0	0	0	0	0	0	1	0	0	0	6	0.1778001	36	0.0316129	0	0	0	0	0	0	0	0	0	0	1	0	0	0	0	0	0	0	8.99223
585	0	1	0	1	0	0	0	0	0	0	0	0	0	0	1	0	0	-2	0	4	0	0	0	1.5494	0	0	0	0	0	0	0	0	0	0	0	0	0	0	0	9.208271
585	1	0	0	0	0	0	1	0	0	0	0	0	0	1	0	0	0	4	0.1778001	16	0.0316129	0	0	0	0	0	0	0	0	0	0	0	0	0	0	0	0	0	0	9.876092
588	0	0	0	0	1	0	0	0	0	0	0	0	0	0	0	0	3	7	0	49	0	0	0	0	0	0	0	0	0	3	0	0	0	0	1	0	0	0	0	9.2512
588	0	0	0	0	0	1	0	0	1	0	0	0	0	0	0	0	2	2	0.127	4	0.016129	0	0	0	0	0	0	0	0	2	0	1	0	1	0	0	0	0	0	9.235896
588	0	0	0	0	0	0	0	0	1	0	0	0	0	0	0	0	3	9	0.0127001	81	0.0001613	0	0	0	0	0	0	0	0	3	0	1	0	0	1	0	0	0	0	8.848993
588	0	0	0	0	0	0	1	0	1	0	1	0	0	0	0	0	3	10	0.2159001	100	0.0466128	0	0	0	0	0	0	0	0	3	0	1	0	0	1	0	0	0	0	8.99223
588	0	1	0	0	0	0	0	0	1	0	0	0	0	0	0	0	0	6	0.1143	36	0.0130645	0	0	0	0	0	0	0	0	0	1	1	0	0	0	0	0	0	0	9.2512
588	0	0	0	0	0	1	0	0	0	0	0	0	0	0	0	0	4	5	0.1397001	25	0.0195161	0	0	0	0	0	0	0	0	4	0	0	0	0	0	1	0	0	0	9.181799
588	0	0	0	0	0	0	0	0	0	0	0	0	0	1	0	0	0	3	0.1905	9	0.0362903	0	0	0	0	0	0	0	1	0	0	0	0	0	0	0	0	0	0	9.235896
588	1	0	0	0	1	1	0	0	0	0	0	0	0	0	0	0	4	6	0.0635	36	0.0040323	0	0	0	0	0	0	0	0	4	0	0	0	0	0	1	0	0	0	9.876092
588	0	0	0	0	0	1	0	0	0	0	0	0	0	1	0	0	0	7	0.127	49	0.016129	0	0	0	0	0	0	0	1	0	0	0	0	0	0	0	0	0	0	9.2512
589	0	1	0	1	0	1	0	0	0	0	0	0	0	0	1	0	0	2	0	4	0	0	0	1.524	0	0	0	0	0	0	1	0	0	0	0	0	0	0	0	9.494866
589	0	0	0	0	1	1	0	0	0	1	0	0	0	1	1	0	0	5	0.2032	25	0.0412902	0	0	0	0	0	0	0	1	0	0	0	0	0	0	1	0	0	0	8.99223
589	1	0	1	0	0	1	0	0	0	0	0	0	0	1	1	0	0	0	0.2032	0	0.0412902	25	0	0	0	0	0	0	1	0	0	1	0	0	0	1	0	0	0	8.99223
589	1	0	0	0	0	1	0	0	0	0	0	0	0	0	1	0	0	9	0.2794	81	0.0780644	0	0	0	0	0	0	0	0	0	0	0	0	0	0	1	0	0	0	9.564696
589	0	0	0	0	0	0	1	0	0	0	0	0	0	0	0	0	0	6	0.127	36	0.016129	0	0	0	0	0	0	0	0	0	0	0	0	0	0	1	0	0	0	8.99223
589	1	0	0	0	0	1	0	0	0	0	0	0	0	0	1	0	0	3	0.2539999	9	0.064516	0	0	0	0	0	0	0	0	0	0	1	0	0	0	1	0	0	0	9.848722
589	1	0	0	0	0	1	0	0	0	0	0	0	0	1	1	0	0	7	0.1777999	49	0.0316128	0	0	0	0	0	0	0	1	0	0	1	0	0	0	1	0	0	0	9.2512
589	0	0	0	0	1	0	0	0	0	1	0	0	0	0	0	-1	0	4	0.1777999	16	0.0316128	0	0	0	0	0	0	0	0	-1	0	0	0	0	1	0	0	0	0	8.771515
589	0	0	0	0	0	0	0	0	0	0	0	0	0	0	0	0	0	6	0.1523999	36	0.0232257	0	0	0	0	0	0	0	0	0	0	0	0	0	0	1	0	0	0	8.825611
589	0	0	0	0	0	0	1	0	0	0	0	0	0	0	0	-1	0	8	0.1523999	64	0.0232257	0	0	0	0	0	0	0	0	-1	0	0	0	0	1	0	0	0	0	9.440964
589	0	0	0	0	1	0	1	0	0	1	0	0	0	0	0	0	0	6	0	36	0	0	0	0	0	0	0	0	0	0	0	0	0	0	0	1	0	0	0	9.440964
590	0	0	0	0	0	1	0	0	0	0	0	0	0	1	1	0	0	8	0.1015999	64	0.0103225	0	0	0	0	0	0	0	0	0	0	0	0	0	1	0	0	0	0	9.208271
590	1	1	0	0	0	1	0	0	0	0	0	0	0	0	1	0	0	10	0.127	100	0.016129	0	0	0	0	0	0	0	0	0	0	1	0	0	0	0	0	0	0	9.451937
590	0	0	0	0	0	1	0	0	0	0	0	0	0	1	1	0	0	4	0.1523999	16	0.0232257	0	0	0	0	0	0	0	0	0	0	0	0	0	1	0	0	0	0	9.107023
590	0	1	0	0	1	0	1	0	0	1	0	0	0	0	0	0	0	5	0.0761999	25	0.0058064	0	0	0	0	0	0	0	0	0	0	0	0	0	0	0	0	0	0	8.771515
590	0	1	0	0	1	0	1	0	0	1	0	0	0	0	0	0	0	7	0	49	0	0	0	0	0	0	0	0	0	0	0	0	0	0	0	0	0	0	0	8.825611
590	0	0	0	0	0	0	1	0	0	0	0	0	0	1	0	0	0	4	0.0508	16	0.0025806	0	0	0	0	0	0	0	0	0	0	1	0	0	1	0	0	0	0	9.084581
590	0	0	0	0	1	1	0	0	0	1	0	0	0	1	1	0	0	7	0.0508	49	0.0025806	0	0	0	0	0	0	0	0	0	0	0	0	0	1	0	0	0	0	8.955692
590	1	1	0	0	0	0	1	0	0	0	0	0	0	0	0	0	0	8	0.0508	64	0.0025806	0	0	0	0	0	0	0	0	0	0	0	0	0	0	0	0	0	0	9.084581
590	1	0	0	0	0	1	0	0	0	0	0	0	0	1	1	0	0	8	0.1523999	64	0.0232257	0	0	0	0	0	0	0	0	0	0	1	0	0	1	0	0	0	0	9.307697
590	1	0	0	1	0	1	0	0	0	0	0	0	0	1	1	0	0	9	0	81	0	0	0	1.6002	0	0	0	0	0	0	0	0	0	0	1	0	0	0	0	9.848722
590	0	0	0	0	0	1	0	0	0	0	0	0	0	1	1	0	0	11	0.127	121	0.016129	0	0	0	0	0	0	0	0	0	0	0	0	0	1	0	0	0	0	8.938133
590	0	0	0	0	1	1	0	0	0	1	0	0	0	0	1	0	1	15	0.0508	225	0.0025806	0	0	0	0	0	0	0	0	0	0	0	0	0	0	1	0	0	0	9.876092
590	0	0	0	0	0	1	0	0	0	0	0	0	0	1	1	0	0	8	0.1523999	64	0.0232257	0	0	0	0	0	0	0	0	0	0	0	0	0	1	0	0	0	0	9.127307
590	0	0	0	0	0	1	0	0	0	0	0	0	0	1	1	0	0	5	0.0761999	25	0.0058064	0	0	0	0	0	0	0	0	0	0	1	0	0	1	0	0	0	0	9.127307
591	0	0	0	0	0	1	0	0	0	0	0	0	0	0	0	-2	0	6	0.0254	36	0.0006452	0	0	0	0	0	0	0	0	-2	0	0	0	1	0	0	0	0	0	9.440964
591	1	0	0	0	0	0	1	0	1	0	1	0	0	0	0	-2	0	7	-0.0253999	49	0.0006452	0	0	0	0	0	0	0	0	-2	0	1	0	1	0	0	0	0	0	9.571068
591	1	0	0	0	0	1	0	0	0	0	0	0	0	0	0	-2	0	8	0.1016001	64	0.0103226	0	0	0	0	0	0	0	0	-2	0	0	0	1	0	0	0	0	0	9.440964
592	1	0	0	0	0	0	1	0	0	0	0	0	0	1	0	0	0	8	0.1015999	64	0.0103225	0	0	0	0	0	0	0	1	0	0	1	0	0	0	1	0	0	0	9.494866
592	0	0	0	0	1	0	1	0	0	1	0	0	0	0	0	-1	0	7	0.127	49	0.016129	0	0	0	0	0	0	0	0	-1	0	0	0	0	1	0	0	0	0	9.098928
592	1	1	0	1	0	0	1	0	0	0	0	0	0	0	0	0	0	10	0	100	0	0	0	1.5748	0	0	0	0	0	0	1	0	0	0	0	0	0	0	0	9.2512
592	0	0	0	0	0	1	0	0	0	0	0	0	0	0	1	0	0	6	0.2032	36	0.0412902	0	0	0	0	0	0	0	0	0	0	0	0	0	0	1	0	0	0	9.208271
592	0	1	0	0	0	0	1	0	0	0	0	0	0	0	0	0	0	5	0.127	25	0.016129	0	0	0	0	0	0	0	0	0	1	0	0	0	0	0	0	0	0	8.99223
592	1	0	0	0	0	1	0	0	0	0	0	0	0	1	1	0	0	10	0.1015999	100	0.0103225	0	0	0	0	0	0	0	1	0	0	0	0	0	0	1	0	0	0	8.99223
592	0	0	0	0	0	1	0	0	0	0	0	0	0	0	1	0	1	8	0.1777999	64	0.0316128	0	0	0	0	0	0	0	0	1	0	0	0	0	0	0	1	0	0	8.938133
592	1	0	0	1	0	0	1	0	0	0	0	0	0	0	0	-1	0	7	0	49	0	0	0	1.5748	0	0	0	0	0	-1	0	1	0	0	1	0	0	0	0	9.430214
592	0	0	0	0	0	1	0	0	0	0	0	0	0	1	1	0	0	8	0.1015999	64	0.0103225	0	0	0	0	0	0	0	1	0	0	0	0	0	0	1	0	0	0	8.99223
592	1	1	0	0	0	0	1	0	0	0	0	0	0	0	0	0	0	9	0.127	81	0.016129	0	0	0	0	0	0	0	0	0	1	1	0	0	0	0	0	0	0	9.494866
592	0	1	0	0	0	0	1	0	0	0	0	0	0	0	0	0	0	7	0.2032	49	0.0412902	0	0	0	0	0	0	0	0	0	1	0	0	0	0	0	0	0	0	9.451937
592	0	0	0	0	0	0	0	0	0	0	0	0	0	0	0	0	0	11	0.1524	121	0.0232258	0	0	0	0	0	0	0	0	0	0	0	0	0	0	1	0	0	0	8.99223
592	0	1	0	0	1	0	1	0	0	1	0	0	0	0	0	0	0	10	0.0762	100	0.0058064	0	0	0	0	0	0	0	0	0	1	0	0	0	0	0	0	0	0	9.208271
592	0	1	0	0	0	0	1	0	0	0	0	0	0	0	0	0	0	6	0.0634999	36	0.0040322	0	0	0	0	0	0	0	0	0	1	0	0	0	0	0	0	0	0	9.288423
592	0	0	0	1	0	1	0	0	0	0	0	0	0	1	1	0	0	10	0	100	0	0	0	1.5748	0	0	0	0	1	0	0	0	0	0	0	1	0	0	0	8.771515
594	0	0	0	0	0	1	0	0	0	0	0	0	0	1	1	0	0	6	0.0254	36	0.0006452	0	0	0	0	0	0	0	0	0	0	0	0	0	1	0	0	0	0	9.002979
594	0	1	0	0	0	1	0	0	0	0	0	0	0	0	1	0	0	4	0	16	0	0	0	0	0	0	0	0	0	0	0	1	0	0	0	0	0	0	0	9.235896
594	0	0	0	0	0	0	0	0	0	0	0	0	0	1	0	0	0	13	0.2032	169	0.0412902	0	0	0	0	0	0	0	0	0	0	0	0	0	1	0	0	0	0	8.938133
594	0	0	0	0	0	1	0	0	0	0	0	0	0	1	1	0	0	9	0.1524	81	0.0232258	0	0	0	0	0	0	0	0	0	0	0	0	0	1	0	0	0	0	9.199851
594	0	0	0	0	0	1	0	0	0	0	0	0	0	1	1	0	0	4	0.1016001	16	0.0103226	0	0	0	0	0	0	0	0	0	0	1	0	0	1	0	0	0	0	9.494866
594	0	0	0	1	0	1	0	0	0	0	0	0	0	1	1	0	0	6	0	36	0	0	0	1.6256	0	0	0	0	0	0	0	0	0	0	1	0	0	0	0	9.371115
594	0	1	0	1	0	1	0	0	0	0	0	0	0	0	1	0	0	3	0	9	0	0	0	1.6256	0	0	0	0	0	0	0	0	0	0	0	0	0	0	0	9.2512
594	0	0	0	0	0	0	0	0	0	0	0	0	0	1	0	0	0	6	0.127	36	0.016129	0	0	0	0	0	0	0	0	0	0	0	0	0	1	0	0	0	0	9.357899
594	0	0	0	0	0	1	0	0	0	0	0	0	0	1	1	0	0	6	0.1524	36	0.0232258	0	0	0	0	0	0	0	0	0	0	1	0	0	1	0	0	0	0	9.551724
594	0	1	0	0	0	0	1	0	0	0	0	0	0	0	0	0	0	7	0.0508	49	0.0025806	0	0	0	0	0	0	0	0	0	0	0	0	0	0	0	0	0	0	9.098928
595	0	0	0	1	0	0	0	0	0	0	0	0	0	0	0	0	3	10	0	100	0	0	0	1.524	0	0	0	0	0	3	0	0	0	0	1	0	0	0	0	9.2512
595	0	0	1	0	0	0	1	0	0	0	0	0	0	1	0	0	0	0	0.1015999	0	0.0103225	22	0	0	0	0	0	0	1	0	0	0	0	0	0	0	0	0	0	8.883064
595	1	1	0	0	0	0	1	0	0	0	0	0	0	0	0	0	0	6	0.1777999	36	0.0316128	0	0	0	0	0	0	0	0	0	1	1	0	0	0	0	0	0	0	9.989575
595	0	1	0	1	0	0	1	0	0	0	0	0	0	0	0	0	0	14	0	196	0	0	0	1.524	0	0	0	0	0	0	1	1	0	0	0	0	0	0	0	9.216758
596	0	0	0	0	1	0	0	0	0	1	0	0	0	0	0	0	7	6	0.1778001	36	0.0316129	0	0	0	0	0	0	0	0	0	0	0	0	0	0	0	0	0	1	9.073378
596	0	0	0	0	0	0	1	0	0	0	0	0	0	0	0	0	4	9	0.0762	81	0.0058064	0	0	0	0	0	0	0	0	0	0	0	0	0	0	1	0	0	0	9.663419
596	0	1	0	1	0	0	0	0	0	0	0	0	0	0	0	0	0	9	0	81	0	0	0	1.7018	0	0	0	0	0	0	0	1	0	0	0	0	0	0	0	9.235896
596	0	0	0	0	0	1	0	0	0	0	0	0	0	0	1	0	1	8	0.0254	64	0.0006452	0	0	0	0	0	0	0	0	0	0	1	1	0	0	0	0	0	0	9.235896
596	1	0	0	0	0	1	0	0	0	0	0	0	0	1	1	0	0	6	0.1524	36	0.0232258	0	0	0	0	0	0	0	0	0	0	0	0	0	0	0	0	0	0	9.321049
596	1	1	0	0	1	0	1	0	0	1	0	0	0	0	0	0	0	5	0.0762	25	0.0058064	0	0	0	0	0	0	0	0	0	0	0	0	0	0	0	0	0	0	9.848722
596	1	0	0	0	0	0	1	0	0	0	0	0	0	1	0	0	0	7	0.0508	49	0.0025806	0	0	0	0	0	0	0	0	0	0	0	0	0	0	0	0	0	0	9.438108
596	0	0	0	0	0	0	0	0	0	0	0	0	0	0	0	0	3	7	0.127	49	0.016129	0	0	0	0	0	0	0	0	0	0	0	0	0	1	0	0	0	0	9.2512
596	0	1	0	0	1	1	0	0	0	1	0	0	0	0	1	0	0	8	0.0254	64	0.0006452	0	0	0	0	0	0	0	0	0	0	0	0	0	0	0	0	0	0	9.689184
596	0	0	0	0	0	1	0	0	0	0	0	0	0	1	1	0	0	13	0.127	169	0.016129	0	0	0	0	0	0	0	0	0	0	0	0	0	0	0	0	0	0	9.689184
596	0	1	0	0	0	1	0	0	0	0	0	0	0	0	1	0	0	8	0	64	0	0	0	0	0	0	0	0	0	0	0	0	0	0	0	0	0	0	0	9.098928
596	0	1	0	0	0	0	1	0	0	0	0	0	0	0	0	0	0	4	0.1524	16	0.0232258	0	0	0	0	0	0	0	0	0	0	0	0	0	0	0	0	0	0	9.084581
596	1	1	0	0	0	1	0	0	0	0	0	0	0	0	1	0	0	7	0.127	49	0.016129	0	0	0	0	0	0	0	0	0	0	1	0	0	0	0	0	0	0	9.2512
596	1	1	0	0	1	0	1	0	0	1	0	0	0	0	0	0	0	7	0.0254	49	0.0006452	0	0	0	0	0	0	0	0	0	0	0	0	0	0	0	0	0	0	9.571068
596	0	1	0	0	0	0	1	0	0	0	0	0	0	0	0	0	0	5	0.0254	25	0.0006452	0	0	0	0	0	0	0	0	0	0	1	0	0	0	0	0	0	0	8.99223
597	0	0	0	0	0	0	0	0	0	0	0	0	0	0	1	0	0	2	0.2032	4	0.0412902	0	0	0	0	0	0	0	0	0	0	1	0	0	0	1	0	0	0	9.93285
597	0	0	0	0	0	0	0	0	0	0	0	0	0	0	1	-1	0	6	0.1143	36	0.0130645	0	0	0	0	0	0	0	0	-1	0	1	0	0	1	0	0	0	0	9.2512
597	0	0	0	0	0	1	0	0	0	0	0	0	0	0	0	0	1	4	0.127	16	0.016129	0	0	0	0	0	0	0	0	1	0	1	0	0	0	0	1	0	0	8.99223
597	1	0	0	0	0	1	0	0	0	0	0	0	0	1	0	0	0	6	0.2032	36	0.0412902	0	0	0	0	0	0	0	1	0	0	1	0	0	0	1	0	0	0	9.689184
597	1	0	0	0	0	0	1	0	0	0	0	0	0	0	0	0	1	8	0.0254	64	0.0006452	0	0	0	0	0	0	0	0	1	0	0	0	0	0	0	1	0	0	9.440964
597	0	0	0	1	1	0	1	0	0	1	0	0	0	1	0	0	0	10	0	100	0	0	0	1.5494	0	0	0	0	1	0	0	0	0	0	0	1	0	0	0	9.058048
597	0	0	0	0	0	0	1	0	0	0	0	0	0	0	0	0	1	8	0.1016001	64	0.0103226	0	0	0	0	0	0	0	0	1	0	0	0	0	0	0	1	0	0	9.127307
597	0	0	0	0	0	0	0	0	0	0	0	0	0	0	1	0	1	11	0.127	121	0.016129	0	0	0	0	0	0	0	0	1	0	1	0	0	0	0	1	0	0	9.288423
597	0	0	0	0	1	0	0	0	0	1	0	0	0	0	1	-4	0	13	0.1524	169	0.0232258	0	0	0	0	0	0	0	0	-4	0	0	0	0	0	0	0	0	0	9.273385
598	0	1	0	0	0	0	0	0	0	0	0	0	0	0	1	0	0	5	0.127	25	0.016129	0	0	0	0	0	0	0	0	0	0	1	0	0	0	0	0	0	0	9.571068
598	1	0	0	0	0	0	0	0	0	0	0	0	0	1	1	0	0	5	0.2032	25	0.0412902	0	0	0	0	0	0	0	0	0	0	1	0	0	1	0	0	0	0	9.689184
598	1	0	0	0	0	0	0	0	0	0	0	0	0	1	1	0	0	8	0.2032	64	0.0412902	0	0	0	0	0	0	0	0	0	0	1	0	0	1	0	0	0	0	9.795882
598	0	0	0	0	0	0	0	0	0	0	0	0	0	0	1	0	4	5	0.1777999	25	0.0316128	0	0	0	0	0	0	0	0	0	0	1	0	0	0	0	0	0	1	9.044147
598	0	0	0	0	0	0	0	0	0	0	0	0	0	1	1	0	0	10	0.0762	100	0.0058064	0	0	0	0	0	0	0	0	0	0	1	0	0	1	0	0	0	0	8.99223
598	1	0	0	0	0	0	0	0	0	0	0	0	0	1	1	0	0	3	0.1523999	9	0.0232257	0	0	0	0	0	0	0	0	0	0	1	0	0	1	0	0	0	0	9.689184
598	0	0	0	0	0	0	0	0	0	0	0	0	0	1	1	0	0	8	0.2032	64	0.0412902	0	0	0	0	0	0	0	0	0	0	1	0	0	1	0	0	0	0	9.303116
599	0	0	0	1	0	1	0	0	0	0	0	0	0	0	1	0	1	8	0	64	0	0	0	1.5748	0	0	0	0	0	0	0	1	0	0	0	0	1	0	0	8.942503
599	0	0	0	0	0	0	1	0	0	0	0	0	0	1	0	0	0	6	0.1524	36	0.0232258	0	0	0	0	0	0	0	0	0	0	1	0	0	0	1	0	0	0	8.825611
599	0	0	0	0	0	0	1	0	0	0	0	0	0	1	0	0	0	4	0.1524	16	0.0232258	0	0	0	0	0	0	0	0	0	0	0	0	0	0	1	0	0	0	9.084581
599	0	0	0	1	0	1	0	0	0	0	0	0	0	1	1	0	0	7	0	49	0	0	0	1.5748	0	0	0	0	0	0	0	0	0	0	0	1	0	0	0	9.112145
599	0	0	0	0	0	1	0	0	0	0	0	0	0	1	1	0	0	6	0.0508	36	0.0025806	0	0	0	0	0	0	0	0	0	0	0	0	0	0	1	0	0	0	8.99223
599	1	0	0	0	0	1	0	0	0	0	0	0	0	1	1	0	0	6	0.2032	36	0.0412902	0	0	0	0	0	0	0	0	0	0	0	0	0	0	1	0	0	0	8.99223
599	1	0	0	0	0	1	0	0	0	0	0	0	0	0	1	-4	0	3	0.1777999	9	0.0316128	0	0	0	0	0	0	0	0	0	0	0	0	0	0	0	0	0	0	9.848722
599	0	0	0	0	0	0	0	0	0	0	0	0	0	0	0	0	0	7	0.1015999	49	0.0103225	0	0	0	0	0	0	0	0	0	0	1	0	0	0	1	0	0	0	8.99223
599	1	0	0	1	0	1	0	0	0	0	0	0	0	1	1	0	0	6	0	36	0	0	0	1.5748	0	0	0	0	0	0	0	1	0	0	0	1	0	0	0	9.830038
599	1	1	0	0	0	0	1	0	0	0	0	0	0	0	0	0	0	7	0.2032	49	0.0412902	0	0	0	0	0	0	0	0	0	0	0	0	0	0	0	0	0	0	9.235896
599	0	1	0	0	0	0	1	0	0	0	0	0	0	0	0	0	0	5	0.0762	25	0.0058064	0	0	0	0	0	0	0	0	0	0	0	0	0	0	0	0	0	0	9.494866
599	0	0	0	0	0	0	1	0	0	0	0	0	0	1	0	0	0	6	0.2032	36	0.0412902	0	0	0	0	0	0	0	0	0	0	0	0	0	0	1	0	0	0	9.288423
599	0	0	0	1	0	1	0	0	0	0	0	0	0	1	1	0	0	8	0	64	0	0	0	1.5748	0	0	0	0	0	0	0	1	0	0	0	1	0	0	0	8.99223
599	0	0	0	0	0	0	0	0	0	0	0	0	0	0	0	0	3	6	0.0508	36	0.0025806	0	0	0	0	0	0	0	0	0	0	0	0	0	0	0	0	0	1	9.044147
599	1	0	0	0	0	0	1	0	0	0	0	0	0	0	0	-1	0	5	0.1524	25	0.0232258	0	0	0	0	0	0	0	0	0	0	1	0	0	1	0	0	0	0	9.410738
600	0	1	0	0	0	0	0	0	0	0	0	0	0	0	1	0	0	7	0.0762	49	0.0058064	0	0	0	0	0	0	0	0	0	0	0	0	0	0	0	0	0	0	8.99223
600	1	0	0	0	0	0	1	0	0	0	0	0	0	1	0	0	0	7	0.1524	49	0.0232258	0	0	0	0	0	0	0	0	0	0	0	0	0	0	0	0	0	0	9.848722
600	0	0	0	1	0	0	0	0	0	0	0	0	0	1	1	0	0	6	0	36	0	0	0	1.651	0	0	0	0	0	0	0	0	0	0	0	0	0	0	0	8.99223
600	0	0	0	0	0	0	0	0	0	0	0	0	0	1	1	0	0	6	0.0762	36	0.0058064	0	0	0	0	0	0	0	0	0	0	0	0	0	0	0	0	0	0	8.99223
600	1	0	0	0	0	0	0	0	0	0	0	0	0	1	1	0	0	3	0.0762	9	0.0058064	0	0	0	0	0	0	0	0	0	0	0	0	0	0	0	0	0	0	9.002979
600	1	0	0	0	1	0	1	0	0	1	0	0	0	1	0	0	0	5	0.127	25	0.016129	0	0	0	0	0	0	0	0	0	0	0	0	0	0	0	0	0	0	9.830038
600	1	1	0	0	0	0	0	0	0	0	0	0	0	0	1	0	0	5	0.127	25	0.016129	0	0	0	0	0	0	0	0	0	0	0	0	0	0	0	0	0	0	9.06916
600	1	0	0	0	0	0	0	0	0	0	0	0	0	1	1	0	0	4	0.1015999	16	0.0103225	0	0	0	0	0	0	0	0	0	0	0	0	0	0	0	0	0	0	8.99223
600	0	0	0	0	0	0	0	0	0	0	0	0	0	1	1	0	0	8	0.0253999	64	0.0006452	0	0	0	0	0	0	0	0	0	0	0	0	0	0	0	0	0	0	8.972886
601	0	1	0	1	0	0	1	0	0	0	1	0	0	0	0	0	0	8	0	64	0	0	0	1.5748	0	0	0	1	0	0	0	1	0	0	0	0	0	0	0	9.208271
601	0	0	0	0	0	0	0	0	0	0	0	0	0	1	0	0	0	6	0.2286	36	0.052258	0	0	0	0	1	0	0	0	0	0	1	0	0	0	0	0	0	1	9.2512
601	0	0	0	0	0	0	0	0	0	0	0	0	0	1	0	0	0	10	0.1777999	100	0.0316128	0	0	0	0	1	0	0	0	0	0	1	0	0	0	0	0	0	1	8.99223
601	1	0	0	0	0	0	1	0	0	0	1	0	0	1	0	0	0	7	0.0508	49	0.0025806	0	0	0	0	1	0	0	0	0	0	0	0	0	0	0	0	0	1	9.689184
601	0	1	1	1	0	0	1	0	0	0	1	0	0	0	0	0	0	0	0	0	0	22	0	1.5748	0	0	0	1	0	0	0	0	0	0	0	0	0	0	0	9.321049
601	1	1	0	0	0	0	1	0	0	0	1	0	0	0	0	0	0	6	0.1524	36	0.0232258	0	0	0	0	0	0	1	0	0	0	1	0	0	0	0	0	0	0	10.0737
601	1	1	0	0	0	0	1	0	0	0	1	0	0	0	0	0	0	5	0.0889	25	0.0079032	0	0	0	0	0	0	1	0	0	0	0	0	0	0	0	0	0	0	9.876092
601	1	1	0	0	0	0	1	0	0	0	1	0	0	0	0	0	0	6	0.1524	36	0.0232258	0	0	0	0	0	0	1	0	0	0	1	0	0	0	0	0	0	0	9.848722
601	0	1	0	0	0	0	1	0	0	0	1	0	0	0	0	0	0	6	0.0127	36	0.0001613	0	0	0	0	0	0	1	0	0	0	0	0	0	0	0	0	0	0	9.208271
601	0	1	0	0	0	0	1	0	0	0	1	0	0	0	0	0	0	9	0.1396999	81	0.0195161	0	0	0	0	0	0	1	0	0	0	0	0	0	0	0	0	0	0	8.99223
601	0	0	0	0	0	0	0	0	0	0	0	0	0	1	0	0	0	10	0.0762	100	0.0058064	0	0	0	0	1	0	0	0	0	0	1	0	0	0	0	0	0	1	9.044147
601	0	0	0	0	0	0	0	0	0	0	0	0	0	1	0	0	0	8	0.127	64	0.016129	0	0	0	0	1	0	0	0	0	0	0	0	0	0	0	0	0	1	9.307697
601	1	1	0	0	0	0	0	0	0	0	0	0	0	0	0	0	0	8	0.0762	64	0.0058064	0	0	0	0	0	0	1	0	0	0	0	0	0	0	0	0	0	0	9.2512
601	0	1	0	0	1	0	1	0	0	1	1	0	0	0	0	0	0	6	0.1651	36	0.027258	0	0	0	0	0	0	1	0	0	0	0	0	0	0	0	0	0	0	9.876092
601	0	0	0	0	0	1	0	0	0	0	0	0	0	1	0	0	0	9	0.1777999	81	0.0316128	0	0	0	0	1	0	0	0	0	0	1	0	0	0	0	0	0	1	9.321049
602	1	1	0	0	1	1	0	0	0	1	0	0	0	0	1	0	0	8	0.1396999	64	0.0195161	0	0	0	0	0	0	0	0	0	0	0	0	0	0	0	0	0	0	8.99223
602	0	0	0	0	0	1	0	0	0	0	0	0	0	1	1	0	0	6	0.2032	36	0.0412902	0	0	0	0	0	0	0	0	0	0	0	0	0	0	0	0	0	0	9.896806
602	0	1	0	1	0	0	1	0	0	0	0	0	0	0	0	0	0	10	0	100	0	0	0	1.524	0	0	0	0	0	0	0	0	0	0	0	0	0	0	0	9.876092
602	0	0	0	0	0	1	0	0	0	0	0	0	0	1	1	0	0	8	0.2285999	64	0.0522579	0	0	0	0	0	0	0	0	0	0	0	0	0	0	0	0	0	0	9.93285
602	0	1	0	0	0	1	0	0	0	0	0	0	0	0	1	0	0	8	0.1523999	64	0.0232257	0	0	0	0	0	0	0	0	0	0	1	0	0	0	0	0	0	0	9.2512
602	0	1	0	0	0	1	0	0	0	0	0	0	0	0	1	0	0	5	0.1523999	25	0.0232257	0	0	0	0	0	0	0	0	0	0	0	0	0	0	0	0	0	0	8.99223
602	1	1	0	0	0	0	1	0	0	0	0	0	0	0	0	0	0	7	0.1777999	49	0.0316128	0	0	0	0	0	0	0	0	0	0	1	0	0	0	0	0	0	0	9.044147
602	0	1	0	0	1	0	1	0	0	1	0	0	0	0	0	0	0	4	0.2285999	16	0.0522579	0	0	0	0	0	0	0	0	0	0	0	0	0	0	0	0	0	0	9.830038
602	0	1	0	1	0	0	1	0	0	0	0	0	0	0	0	0	0	7	0	49	0	0	0	1.524	0	0	0	0	0	0	0	0	0	0	0	0	0	0	0	8.99223
602	0	1	0	0	0	0	1	0	0	0	0	0	0	0	0	0	0	7	0.1777999	49	0.0316128	0	0	0	0	0	0	0	0	0	0	1	0	0	0	0	0	0	0	9.545007
603	0	0	0	0	1	0	0	0	0	1	0	0	0	0	0	0	0	5	0.1015999	25	0.0103225	0	0	0	0	0	0	0	0	0	0	0	0	0	0	1	0	0	0	9.689184
603	1	1	0	0	0	0	1	0	0	0	1	0	0	0	0	0	0	8	0.127	64	0.016129	0	0	0	0	0	0	0	0	0	1	0	0	0	0	0	0	0	0	9.286845
603	0	0	1	1	1	1	0	0	0	1	0	0	0	0	0	-2	0	0	0	0	0	26	0	1.5748	0	0	0	0	0	-2	0	0	0	1	0	0	0	0	0	8.99223
603	0	0	0	0	1	0	1	0	0	1	1	0	0	0	0	0	0	6	0.2539999	36	0.064516	0	0	0	0	0	0	0	0	0	0	0	0	0	0	1	0	0	0	9.395179
603	0	0	0	0	1	0	1	0	0	1	1	0	0	0	0	-1	0	12	0.1777999	144	0.0316128	0	0	0	0	0	0	0	0	-1	0	0	0	0	1	0	0	0	0	9.830038
603	0	1	0	0	1	1	0	0	0	1	0	0	0	0	0	0	0	5	0.1524	25	0.0232258	0	0	0	0	0	0	0	0	0	1	0	0	0	0	0	0	0	0	9.430214
603	0	0	0	0	0	1	0	0	0	0	0	0	0	0	0	-1	0	4	0.2286	16	0.052258	0	0	0	0	0	0	0	0	-1	0	0	0	0	1	0	0	0	0	9.451937
603	0	0	0	0	0	0	1	0	0	0	1	0	0	0	0	-1	0	5	0.1524	25	0.0232258	0	0	0	0	0	0	0	0	-1	0	1	0	0	1	0	0	0	0	9.848722
603	0	1	1	1	1	0	1	0	0	1	1	0	0	0	0	0	0	0	0	0	0	26	0	1.5748	0	0	0	0	0	0	1	0	0	0	0	0	0	0	0	9.208271
603	1	1	0	0	0	0	0	0	0	0	0	0	0	0	0	0	0	4	0.0508	16	0.0025806	0	0	0	0	0	0	0	0	0	1	1	0	0	0	0	0	0	0	10.07391
603	0	0	0	0	1	0	0	0	0	1	0	0	0	0	0	-1	0	9	0.0254	81	0.0006452	0	0	0	0	0	0	0	0	-1	0	0	0	0	1	0	0	0	0	8.99223
603	1	0	0	0	1	0	0	0	0	1	0	0	0	0	0	-1	0	6	0.1015999	36	0.0103225	0	0	0	0	0	0	0	0	-1	0	0	0	0	1	0	0	0	0	9.438108
603	1	0	0	0	0	1	0	0	0	0	0	0	0	1	0	0	0	6	0.0254	36	0.0006452	0	0	0	0	0	0	0	1	0	0	0	0	0	0	1	0	0	0	8.99223
603	1	1	0	0	0	0	0	0	0	0	0	0	0	0	0	0	0	4	0.0762	16	0.0058064	0	0	0	0	0	0	0	0	0	1	1	0	0	0	0	0	0	0	9.757976
603	0	0	0	0	1	1	0	0	0	1	0	0	0	0	0	0	1	2	0.1777999	4	0.0316128	0	0	0	0	0	0	0	0	1	0	0	0	0	0	0	1	0	0	9.43159
605	1	0	0	1	0	1	0	0	0	0	0	0	1	1	0	0	0	5	0	25	0	0	0	0	0	0	0	0	0	0	0	1	0	0	0	0	0	0	0	9.771483
605	0	0	0	0	0	0	0	0	0	0	0	0	0	1	0	0	0	10	0	100	0	0	0	0	1.651	0	0	0	0	0	0	1	0	0	0	0	0	0	0	8.992212
605	0	0	0	0	0	1	0	0	0	0	0	0	0	1	0	0	0	5	0	25	0	0	0	0	1.7272	0	0	0	0	0	0	1	0	0	0	0	0	0	0	8.99223
605	0	0	0	0	0	0	0	0	0	0	0	0	0	1	0	0	0	3	0	9	0	0	0	0	1.6764	0	0	0	0	0	0	0	0	0	0	0	0	0	0	9.044147
605	0	0	0	0	0	0	0	0	0	0	0	0	0	1	0	0	0	5	0	25	0	0	0	0	1.6002	0	0	0	0	0	0	1	0	0	0	0	0	0	0	9.689184
605	0	0	0	0	0	1	0	0	0	0	0	0	0	1	0	0	0	10	0	100	0	0	0	0	1.8034	0	0	0	0	0	0	1	0	0	0	0	0	0	0	9.366202
605	1	0	0	0	0	0	1	0	0	0	1	0	0	1	0	0	0	5	0	25	0	0	0	0	1.6002	0	0	0	0	0	0	1	0	0	0	0	0	0	0	10.07391
605	0	0	0	0	0	0	0	0	0	0	0	0	0	0	0	0	4	8	0	64	0	0	0	0	1.651	0	0	0	0	0	0	1	0	0	0	1	0	0	0	10.07391
605	1	0	0	0	0	0	1	0	0	0	1	0	0	1	0	0	0	7	0	49	0	0	0	0	1.7272	0	0	0	0	0	0	1	0	0	0	0	0	0	0	10.07391
605	0	0	0	0	0	0	0	0	0	0	0	0	0	0	0	0	3	4	0	16	0	0	0	0	1.7018	0	0	0	0	0	0	1	0	0	1	0	0	0	0	9.689184
606	0	0	0	0	0	1	0	0	0	0	0	0	0	0	0	0	1	7	0.0762	49	0.0058064	0	0	0	0	0	0	0	0	1	0	0	0	0	0	1	0	0	0	8.938133
606	0	0	0	0	0	1	0	0	0	0	0	0	0	0	0	0	1	7	0.1524	49	0.0232258	0	0	0	0	0	0	0	0	1	0	0	0	0	0	1	0	0	0	8.99223
606	0	0	0	0	0	0	0	0	0	0	0	0	0	1	0	0	0	9	0.127	81	0.016129	0	0	0	0	0	0	0	1	0	0	1	0	0	1	0	0	0	0	8.99223
606	1	0	0	0	0	0	1	0	0	0	1	0	0	0	0	0	1	8	0.2032	64	0.0412902	0	0	0	0	0	0	0	0	1	0	0	0	0	0	1	0	0	0	9.43159
606	0	0	0	0	0	1	0	0	0	0	0	0	0	0	0	-1	0	6	0.1396999	36	0.0195161	0	0	0	0	0	0	0	0	-1	0	1	0	1	0	0	0	0	0	8.99223
606	0	0	0	0	0	0	1	0	0	0	1	0	0	1	0	0	0	12	0.1777999	144	0.0316128	0	0	0	0	0	0	0	1	0	0	0	0	0	1	0	0	0	0	9.689184
606	0	0	0	0	0	0	0	0	0	0	0	0	0	1	0	0	0	5	0.0762	25	0.0058064	0	0	0	0	0	0	0	1	0	0	1	0	0	1	0	0	0	0	9.328371
606	1	0	0	0	0	1	0	0	0	0	0	0	0	0	0	0	1	3	0.1777999	9	0.0316128	0	0	0	0	0	0	0	0	1	0	0	0	0	0	1	0	0	0	10.07391
606	0	0	0	0	0	0	1	0	0	0	1	0	0	0	0	0	1	7	0.1524	49	0.0232258	0	0	0	0	0	0	0	0	1	0	1	0	0	0	1	0	0	0	9.622984
606	1	0	1	0	0	1	0	0	0	0	0	0	0	1	0	0	0	0	0.0634999	0	0.0040322	25	0	0	0	0	0	0	1	0	0	1	0	0	1	0	0	0	0	9.244829
606	1	0	0	0	0	0	0	0	0	0	0	0	0	0	0	0	1	8	0.1524	64	0.0232258	0	0	0	0	0	0	0	0	1	0	1	0	0	0	1	0	0	0	9.438108
606	0	0	0	0	0	0	1	0	0	0	1	0	0	1	0	0	0	5	0.0508	25	0.0025806	0	0	0	0	0	0	0	1	0	0	1	0	0	1	0	0	0	0	9.515581
606	0	0	0	0	0	1	0	0	0	0	0	0	0	1	0	0	0	4	0.1777999	16	0.0316128	0	0	0	0	0	0	0	1	0	0	0	0	0	1	0	0	0	0	9.93285
606	1	1	0	0	0	0	0	0	0	0	0	0	0	0	0	0	0	5	0.1777999	25	0.0316128	0	0	0	0	0	0	0	0	0	1	1	0	0	0	0	0	0	0	9.044147
606	0	0	0	0	0	0	0	0	0	0	0	0	0	1	0	0	0	8	0.1015999	64	0.0103225	0	0	0	0	0	0	0	1	0	0	1	0	0	1	0	0	0	0	9.084581
608	0	1	0	0	0	0	1	0	1	0	0	0	0	0	0	0	0	2	0.1015999	4	0.0103225	0	0	0	0	0	0	0	0	0	0	1	0	0	0	0	0	0	0	9.367809
608	0	1	0	0	0	0	0	0	1	0	0	0	0	0	1	0	0	5	0.1524	25	0.0232258	0	0	0	0	0	0	0	0	0	0	1	0	0	0	0	0	0	0	10.0737
608	0	0	0	0	0	0	0	0	0	0	0	0	0	0	1	0	3	7	0.0508	49	0.0025806	0	0	0	0	0	0	0	0	0	0	0	0	0	0	0	0	0	1	9.044147
608	0	0	1	0	0	0	1	0	1	0	0	0	0	1	0	0	0	0	0.1524	0	0.0232258	25	0	0	0	0	0	0	0	0	0	1	0	0	0	1	0	0	0	9.848722
608	0	0	0	0	0	0	0	0	1	0	0	0	0	1	1	0	0	1	0.1524	1	0.0232258	0	0	0	0	0	0	0	0	0	0	1	0	0	0	1	0	0	0	8.942503
608	1	0	0	0	0	0	0	0	0	0	0	0	0	1	1	0	0	3	0.0381	9	0.0014516	0	0	0	0	0	0	0	0	0	0	0	0	0	0	1	0	0	0	8.99223
608	1	1	0	0	0	0	0	0	1	0	0	0	0	0	1	0	0	5	0.1777999	25	0.0316128	0	0	0	0	0	0	0	0	0	0	1	0	0	0	0	0	0	0	9.044147
608	0	0	0	1	0	1	0	0	0	0	0	0	0	1	0	0	0	6	0	36	0	0	0	1.5748	0	0	0	0	0	0	0	0	0	0	0	1	0	0	0	9.2512
608	0	0	0	0	0	0	1	0	1	0	0	0	0	0	0	-3	0	1	0.1015999	1	0.0103225	0	0	0	0	0	0	0	0	0	0	1	1	0	0	0	0	0	0	9.035441
608	0	0	0	0	0	0	0	0	1	0	0	0	0	1	1	0	0	7	0.1015999	49	0.0103225	0	0	0	0	0	0	0	0	0	0	1	0	0	0	1	0	0	0	9.689184
608	0	0	0	0	0	0	0	0	0	0	0	0	0	0	1	0	3	5	0.127	25	0.016129	0	0	0	0	0	0	0	0	0	0	0	0	0	0	0	0	0	1	8.99223
608	1	0	0	0	0	0	0	0	1	0	0	0	0	1	1	0	0	5	0.0762	25	0.0058064	0	0	0	0	0	0	0	0	0	0	1	0	0	0	1	0	0	0	9.357899
608	1	0	0	0	0	0	0	0	1	0	0	0	0	1	1	0	0	3	0.1015999	9	0.0103225	0	0	0	0	0	0	0	0	0	0	1	0	0	0	1	0	0	0	8.99223
608	0	0	0	0	0	0	0	0	1	0	0	0	0	0	1	0	0	2	0.0254	4	0.0006452	0	0	0	0	0	0	0	0	0	0	1	0	0	0	1	0	0	0	9.830038
608	1	0	0	0	0	0	0	0	0	0	0	0	0	0	1	0	0	4	0.1524	16	0.0232258	0	0	0	0	0	0	0	0	0	0	0	0	0	0	1	0	0	0	9.107023
610	0	0	1	1	0	1	0	0	0	0	0	0	0	1	1	0	0	0	0	0	0	25	0	1.6002	0	0	0	0	0	0	0	1	0	0	0	0	0	0	0	10.0737
610	1	0	0	0	0	0	0	0	0	0	0	0	0	1	0	0	0	5	0.1346999	25	0.0181441	0	0	0	0	0	0	0	0	0	0	1	0	0	0	0	0	0	0	9.93285
610	1	0	1	1	0	1	0	0	0	0	0	0	0	1	1	0	0	0	0	0	0	25	0	1.6002	0	0	0	0	0	0	0	0	0	0	0	0	0	0	0	9.814734
610	0	0	0	0	0	0	1	0	0	0	0	0	0	1	0	0	0	3	0.1015999	9	0.0103225	0	0	0	0	0	0	0	0	0	0	0	0	0	0	0	0	0	0	9.689184
610	0	0	0	0	0	1	0	0	0	0	0	0	0	1	1	0	0	6	0.1777999	36	0.0316128	0	0	0	0	0	0	0	0	0	0	0	0	0	0	0	0	0	0	9.366202
610	1	0	0	0	0	1	0	0	0	0	0	0	0	1	1	0	0	5	0	25	0	0	0	0	0	0	0	0	0	0	0	1	0	0	0	0	0	0	0	9.830038
610	0	1	0	0	0	0	1	0	0	0	0	0	0	0	0	0	0	4	0.0761999	16	0.0058064	0	0	0	0	0	0	0	0	0	0	0	0	0	0	0	0	0	0	9.002979
610	1	0	0	1	0	0	1	0	0	0	0	0	0	1	0	0	0	7	0	49	0	0	0	1.6002	0	0	0	0	0	0	0	0	0	0	0	0	0	0	0	9.689184
610	0	0	0	0	0	0	1	0	0	0	0	0	0	1	0	0	0	7	0.0497999	49	0.00248	0	0	0	0	0	0	0	0	0	0	0	0	0	0	0	0	0	0	9.069973
610	1	0	0	0	0	1	0	0	0	0	0	0	0	1	1	0	0	5	0.0761999	25	0.0058064	0	0	0	0	0	0	0	0	0	0	0	0	0	0	0	0	0	0	9.93285
610	0	0	0	0	0	0	1	0	0	0	0	0	0	1	0	0	0	5	0.1777999	25	0.0316128	0	0	0	0	0	0	0	0	0	0	1	0	0	0	0	0	0	0	9.830038
610	0	0	0	0	0	1	0	0	0	0	0	0	0	1	1	0	0	7	0.127	49	0.016129	0	0	0	0	0	0	0	0	0	0	0	0	0	0	0	0	0	0	10.01695
610	0	0	0	0	0	0	1	0	0	0	0	0	0	1	0	0	0	2	0.1777999	4	0.0316128	0	0	0	0	0	0	0	0	0	0	1	0	0	0	0	0	0	0	9.235896
610	0	0	1	1	0	0	1	0	0	0	0	0	0	1	0	0	0	0	0	0	0	25	0	1.6002	0	0	0	0	0	0	0	0	0	0	0	0	0	0	0	9.2512
610	0	0	0	0	0	1	0	0	0	0	0	0	0	1	1	0	0	6	0.1777999	36	0.0316128	0	0	0	0	0	0	0	0	0	0	0	0	0	0	0	0	0	0	9.395179
611	1	0	0	0	0	0	0	0	0	0	0	0	0	1	0	0	0	5	0.2032	25	0.0412902	0	0	0	0	0	0	0	0	0	0	1	0	0	0	1	0	0	0	9.571068
611	1	1	0	0	0	0	0	0	0	0	0	0	0	0	0	0	0	5	0.1777999	25	0.0316128	0	0	0	0	0	0	0	0	0	0	1	0	0	0	0	0	0	0	9.024206
611	1	1	0	0	0	0	1	0	0	0	1	0	0	0	0	0	0	5	0.0508	25	0.0025806	0	0	0	0	0	0	0	0	0	0	1	0	0	0	0	0	0	0	8.771515
611	1	1	0	0	0	0	1	0	0	0	1	0	0	0	0	0	0	10	0.1777999	100	0.0316128	0	0	0	0	0	0	0	0	0	0	0	0	0	0	0	0	0	0	9.848722
611	0	0	0	0	0	0	0	0	0	0	0	0	0	1	0	0	0	6	0.127	36	0.016129	0	0	0	0	0	0	0	0	0	0	0	0	0	0	1	0	0	0	8.99223
611	0	0	0	0	0	0	0	0	0	0	0	0	0	1	0	0	0	7	0.1015999	49	0.0103225	0	0	0	0	0	0	0	0	0	0	0	0	0	0	1	0	0	0	9.015304
611	1	0	0	0	0	0	0	0	0	0	0	0	0	1	0	0	0	7	0.127	49	0.016129	0	0	0	0	0	0	0	0	0	0	1	0	0	0	1	0	0	0	8.771515
611	0	0	0	0	0	0	1	0	0	0	1	0	0	1	0	0	0	5	0.0762	25	0.0058064	0	0	0	0	0	0	0	0	0	0	0	0	0	0	1	0	0	0	9.208271
613	0	0	0	0	0	0	0	0	1	0	0	0	0	0	0	0	0	3	0.1777999	9	0.0316128	0	0	0	0	0	0	0	0	0	0	1	0	0	0	1	0	0	0	10.01695
613	0	0	0	0	0	1	0	0	0	0	0	0	0	0	0	0	1	2	0.1523999	4	0.0232257	0	0	0	0	0	0	0	0	1	0	0	0	0	0	0	1	0	0	9.303116
613	0	0	0	0	0	1	0	0	0	0	0	0	0	0	0	-2	0	10	0.1015999	100	0.0103225	0	0	0	0	0	0	0	0	-2	0	0	0	1	0	0	0	0	0	9.440964
613	1	1	0	0	0	0	1	0	0	0	1	0	0	0	0	0	0	2	0.1259999	4	0.015876	0	0	0	0	0	0	0	0	0	1	0	0	0	0	0	0	0	0	9.179138
613	1	0	0	0	0	1	0	0	1	0	0	0	0	1	0	0	0	4	0.086	16	0.007396	0	0	0	0	0	0	0	1	0	0	1	0	0	0	1	0	0	0	9.367809
613	1	0	0	0	0	0	1	0	1	0	1	0	0	0	0	-1	0	4	0.1523999	16	0.0232257	0	0	0	0	0	0	0	0	-1	0	1	0	0	1	0	0	0	0	9.689184
613	0	0	0	0	0	1	0	0	0	0	0	0	0	0	0	0	1	4	0.2285999	16	0.0522579	0	0	0	0	0	0	0	0	1	0	0	0	0	0	0	1	0	0	9.127307
613	0	1	0	0	0	1	0	0	1	0	0	0	0	0	0	0	0	8	0.1523999	64	0.0232257	0	0	0	0	0	0	0	0	0	1	1	0	0	0	0	0	0	0	9.571068
613	0	1	0	0	0	0	0	0	1	0	0	0	0	0	0	0	0	10	0.0762	100	0.0058064	0	0	0	0	0	0	0	0	0	1	1	0	0	0	0	0	0	0	8.848993
613	0	1	0	0	0	1	0	0	0	0	0	0	0	0	0	0	0	9	0.1015999	81	0.0103225	0	0	0	0	0	0	0	0	0	1	0	0	0	0	0	0	0	0	9.458821
613	1	0	0	0	0	0	1	0	1	0	1	0	0	0	0	-1	0	1	0.1015999	1	0.0103225	0	0	0	0	0	0	0	0	-1	0	1	0	0	1	0	0	0	0	9.663419
613	0	0	0	0	0	0	0	0	1	0	0	0	0	0	0	0	0	4	0.1523999	16	0.0232257	0	0	0	0	0	0	0	0	0	0	1	0	0	0	1	0	0	0	9.809099
615	0	0	0	0	0	0	0	0	0	0	0	0	0	1	1	0	0	10	0.1777999	100	0.0316128	0	0	0	0	0	0	0	0	0	0	0	0	0	0	0	0	0	0	8.99223
615	1	0	0	0	0	0	0	0	0	0	0	0	0	1	1	0	0	9	0.1015999	81	0.0103225	0	0	0	0	0	0	0	0	0	0	1	0	0	0	0	0	0	0	8.938133
615	1	0	1	1	0	0	1	0	0	0	0	0	0	1	0	0	0	0	0	0	0	21	0	1.524	0	0	0	0	0	0	0	0	0	0	0	0	0	0	0	8.883064
615	1	0	0	1	0	0	0	0	0	0	0	0	0	1	1	0	0	9	0	81	0	0	0	1.524	0	0	0	0	0	0	0	1	0	0	0	0	0	0	0	9.230456
615	1	0	0	1	0	0	1	0	0	0	0	0	0	1	0	0	0	6	0	36	0	0	0	1.524	0	0	0	0	0	0	0	0	0	0	0	0	0	0	0	9.208271
615	1	0	0	0	0	0	0	0	0	0	0	0	0	1	1	0	0	6	0.2032	36	0.0412902	0	0	0	0	0	0	0	0	0	0	0	0	0	0	0	0	0	0	8.883064
615	0	0	0	0	0	0	0	0	0	0	0	0	0	1	1	0	0	14	0.2285999	196	0.0522579	0	0	0	0	0	0	0	0	0	0	1	0	0	0	0	0	0	0	8.99223
616	0	0	0	0	0	1	0	0	0	0	0	0	0	0	0	-3	0	4	0.1016001	16	0.0103226	0	0	0	0	0	0	0	0	0	0	1	0	0	0	0	0	0	0	9.371115
616	0	1	0	0	0	0	1	0	0	0	1	0	0	0	0	0	0	5	0.127	25	0.016129	0	0	0	0	0	0	0	0	0	0	1	0	0	0	0	0	0	0	9.451937
616	1	1	0	0	0	0	1	0	0	0	1	0	0	0	0	0	0	4	0.0762	16	0.0058064	0	0	0	0	0	0	0	0	0	0	1	0	0	0	0	0	0	0	9.689184
616	0	0	0	1	0	0	1	0	0	0	1	0	0	1	0	0	0	6	0	36	0	0	0	1.5494	0	0	0	0	0	0	0	1	0	0	1	0	0	0	0	9.321049
616	1	0	0	0	0	0	0	0	0	0	0	0	0	1	0	0	0	6	0.0508001	36	0.0025806	0	0	0	0	0	0	0	0	0	0	1	0	0	1	0	0	0	0	9.288423
616	0	0	0	1	0	0	0	0	0	0	0	0	0	0	0	0	1	9	0	81	0	0	0	1.5494	0	0	0	0	0	0	0	1	0	0	0	1	0	0	0	9.93285
616	1	1	0	0	0	0	0	0	0	0	0	0	0	0	0	0	0	2	0.1016001	4	0.0103226	0	0	0	0	0	0	0	0	0	0	1	0	0	0	0	0	0	0	9.328371
616	0	1	0	0	0	0	0	0	0	0	0	0	0	0	0	0	0	11	0.0508001	121	0.0025806	0	0	0	0	0	0	0	0	0	0	0	0	0	0	0	0	0	0	8.99223
616	0	1	0	0	0	0	0	0	0	0	0	0	0	0	0	0	0	8	0.0762	64	0.0058064	0	0	0	0	0	0	0	0	0	0	0	0	0	0	0	0	0	0	9.044147
616	1	0	0	0	0	0	1	0	0	0	1	0	0	1	0	0	0	12	0.1778001	144	0.0316129	0	0	0	0	0	0	0	0	0	0	0	0	0	1	0	0	0	0	9.208271
616	0	1	0	0	0	0	1	0	0	0	1	0	0	0	0	0	0	4	0.1016001	16	0.0103226	0	0	0	0	0	0	0	0	0	0	1	0	0	0	0	0	0	0	8.980615
616	1	0	0	0	0	0	1	0	0	0	1	0	0	1	0	0	0	6	0.1651	36	0.027258	0	0	0	0	0	0	0	0	0	0	0	0	0	1	0	0	0	0	9.321049
616	0	0	0	0	0	1	0	0	0	0	0	0	0	0	0	0	2	6	0.0762	36	0.0058064	0	0	0	0	0	0	0	0	0	0	0	0	0	0	0	1	0	0	9.550129
616	0	0	0	0	0	1	0	0	0	0	0	0	0	0	0	0	1	7	0.1524	49	0.0232258	0	0	0	0	0	0	0	0	0	0	1	0	0	0	1	0	0	0	9.2512
616	0	0	0	0	0	0	0	0	0	0	0	0	0	0	0	-3	0	10	0.1016001	100	0.0103226	0	0	0	0	0	0	0	0	0	0	1	0	0	0	0	0	0	0	9.15443
617	0	0	0	0	0	1	0	0	0	0	0	0	0	0	1	0	0	10	0.0756	100	0.0057154	0	0	0	0	0	0	0	0	0	0	0	0	0	0	1	0	0	0	9.2512
617	0	0	0	0	0	0	1	0	0	0	0	0	0	0	0	0	0	3	0.2534001	9	0.0642116	0	0	0	0	0	0	0	0	0	0	0	0	0	0	1	0	0	0	9.208271
617	1	0	0	0	1	1	0	0	0	0	0	0	0	0	1	0	0	2	0.0756	4	0.0057154	0	0	0	0	0	0	0	0	0	0	0	0	0	0	1	0	0	0	8.99223
617	0	0	0	0	1	1	0	0	0	0	0	0	0	0	1	0	1	1	0.1772001	1	0.0313999	0	0	0	0	0	0	0	0	1	0	0	0	0	0	0	1	0	0	8.99223
617	0	1	0	0	1	0	1	0	0	0	0	0	0	0	0	0	0	0	0.0502001	0	0.0025201	0	0	0	0	0	0	0	0	0	1	0	0	0	0	0	0	0	0	9.790168
617	0	0	0	0	1	0	1	0	0	0	0	0	0	0	0	0	0	4	0.1518	16	0.0230433	0	0	0	0	0	0	0	0	0	0	0	0	0	0	1	0	0	0	9.814734
617	1	1	0	0	1	0	1	0	0	0	0	0	0	0	0	0	0	4	0.2	16	0.04	0	0	0	0	0	0	0	0	0	1	0	0	0	0	0	0	0	0	8.99223
617	1	0	0	1	1	1	0	0	0	0	0	0	0	0	1	0	0	1	0	1	0	0	0	1.55	0	0	0	0	0	0	0	0	0	0	0	1	0	0	0	9.044147
617	1	1	0	0	0	0	1	0	0	0	0	0	0	0	0	0	0	7	0.0502001	49	0.0025201	0	0	0	0	0	0	0	0	0	1	0	0	0	0	0	0	0	0	9.2512
617	0	0	0	0	0	0	0	0	0	0	0	0	0	0	0	0	1	14	0.1772001	196	0.0313999	0	0	0	0	0	0	0	0	1	0	1	0	0	0	0	1	0	0	8.883064
617	0	0	0	0	1	1	0	0	0	0	0	0	0	0	1	0	0	1	0.1899	1	0.036062	0	0	0	0	0	0	0	0	0	0	0	0	0	0	1	0	0	0	8.883064
617	0	1	0	0	0	0	1	0	0	0	0	0	0	0	0	0	0	1	0.1518	1	0.0230433	0	0	0	0	0	0	0	0	0	1	1	0	0	0	0	0	0	0	8.99223
617	0	0	0	0	0	0	1	0	0	0	0	0	0	1	0	0	0	6	0.1264	36	0.015977	0	0	0	0	0	0	0	1	0	0	0	0	0	0	1	0	0	0	9.809099
617	0	1	1	1	0	0	1	0	0	0	0	0	0	0	0	0	0	0	0	0	0	25	0	1.55	0	0	0	0	0	0	1	0	0	0	0	0	0	0	0	9.208271
617	1	0	0	0	0	1	0	0	0	0	0	0	0	0	1	0	0	5	0.1518	25	0.0230433	0	0	0	0	0	0	0	0	0	0	1	0	0	0	1	0	0	0	9.927373
618	0	1	0	0	1	0	1	0	0	1	0	0	0	0	0	0	0	11	0.2032	121	0.0412902	0	0	0	0	0	0	0	0	0	1	0	0	0	0	0	0	0	0	9.388661
618	0	0	0	0	0	1	0	0	0	0	0	0	0	0	1	0	0	9	0.1015999	81	0.0103225	0	0	0	0	0	0	0	0	0	0	0	0	0	0	1	0	0	0	9.041653
618	0	1	0	1	1	0	0	0	0	1	0	0	0	0	0	0	0	9	0	81	0	0	0	1.5748	0	0	0	0	0	0	1	0	0	0	0	0	0	0	0	8.771515
618	0	1	0	0	0	0	0	0	0	0	0	0	0	0	0	0	0	7	0.1777999	49	0.0316128	0	0	0	0	0	0	0	0	0	1	1	0	0	0	0	0	0	0	9.244829
618	0	0	0	0	0	1	0	0	0	0	0	0	0	0	1	0	0	8	0.0762	64	0.0058064	0	0	0	0	0	0	0	0	0	0	1	0	0	0	1	0	0	0	9.410871
618	0	0	0	1	0	0	1	0	0	0	0	0	0	0	0	-1	0	14	0	196	0	0	0	1.5748	0	0	0	0	0	-1	0	1	0	0	1	0	0	0	0	9.158544
618	0	1	0	0	0	0	1	0	0	0	0	0	0	0	0	0	0	8	0.1524	64	0.0232258	0	0	0	0	0	0	0	0	0	1	1	0	0	0	0	0	0	0	8.938133
618	0	0	0	0	0	1	0	0	0	0	0	0	0	0	1	-1	0	3	0.0508	9	0.0025806	0	0	0	0	0	0	0	0	-1	0	0	0	0	1	0	0	0	0	9.328371
618	0	0	0	0	1	1	0	0	0	1	0	0	0	0	1	0	0	4	0.1524	16	0.0232258	0	0	0	0	0	0	0	0	0	0	0	0	0	0	1	0	0	0	8.99223
618	0	0	0	0	0	0	0	0	0	0	0	0	0	1	0	0	0	9	0.1777999	81	0.0316128	0	0	0	0	0	0	0	1	0	0	1	0	0	0	1	0	0	0	9.2512
619	0	0	0	0	1	0	1	0	0	1	1	0	0	0	0	0	4	2	0.1523999	4	0.0232257	0	0	0	0	0	0	0	0	4	0	0	0	0	0	0	1	0	0	8.938133
619	0	0	0	0	0	0	0	0	0	0	0	0	0	0	0	0	3	4	0.1523999	16	0.0232257	0	0	0	0	0	0	0	0	3	0	1	0	0	0	1	0	0	0	9.545217
619	0	1	0	0	0	1	0	0	0	0	0	0	0	0	0	0	0	6	0	36	0	0	0	0	0	0	0	0	0	0	1	0	0	0	0	0	0	0	0	9.208271
619	0	1	0	0	0	0	0	0	0	0	0	0	0	0	0	0	0	8	0.0762	64	0.0058064	0	0	0	0	0	0	0	0	0	1	0	0	0	0	0	0	0	0	9.179138
619	0	0	0	0	0	1	0	0	0	0	0	0	0	0	0	0	2	5	0.2032	25	0.0412902	0	0	0	0	0	0	0	0	2	0	1	0	0	1	0	0	0	0	9.814734
619	0	1	0	0	0	0	1	0	0	0	1	0	0	0	0	0	0	12	0.1777999	144	0.0316128	0	0	0	0	0	0	0	0	0	1	1	0	0	0	0	0	0	0	9.370974
619	0	0	0	1	0	0	0	0	0	0	0	0	0	1	0	0	0	8	0	64	0	0	0	1.524	0	0	0	0	1	0	0	0	1	0	0	0	0	0	0	9.127307
619	0	1	1	0	0	0	1	0	0	0	1	0	0	0	0	0	0	0	0.127	0	0.016129	20	0	0	0	0	0	0	0	0	1	0	0	0	0	0	0	0	0	9.041653
619	1	1	0	0	0	1	0	0	0	0	0	0	0	0	0	0	0	6	0.2285999	36	0.0522579	0	0	0	0	0	0	0	0	0	1	1	0	0	0	0	0	0	0	9.93285
619	0	0	0	0	0	1	0	0	0	0	0	0	0	0	0	0	4	7	0.1777999	49	0.0316128	0	0	0	0	0	0	0	0	4	0	0	0	0	0	0	1	0	0	8.883064
619	1	0	0	0	0	0	1	0	0	0	1	0	0	0	0	0	2	6	0.1523999	36	0.0232257	0	0	0	0	0	0	0	0	2	0	0	0	0	1	0	0	0	0	9.689184
619	1	1	0	1	1	0	1	0	0	1	1	0	0	0	0	0	0	8	0	64	0	0	0	1.524	0	0	0	0	0	0	1	0	0	0	0	0	0	0	0	10.0737
623	0	0	0	0	0	1	0	0	0	0	0	0	0	0	0	-1	0	5	0.1523999	25	0.0232257	0	0	0	0	0	0	0	0	-1	0	0	0	0	0	1	0	0	0	9.809099
623	0	0	0	0	0	1	0	0	0	0	0	0	0	0	0	0	0	7	0.2285999	49	0.0522579	0	0	0	0	0	0	0	0	0	0	1	0	0	0	0	1	0	0	9.809099
623	1	0	0	0	0	0	1	0	0	0	1	0	0	0	0	0	2	7	0.1015999	49	0.0103225	0	0	0	0	0	0	0	0	2	0	0	0	0	0	0	0	0	1	9.321049
623	0	0	0	1	0	0	0	0	0	0	0	0	0	0	0	0	2	10	0	100	0	0	0	1.6002	0	0	0	0	0	2	0	0	0	0	0	0	0	0	1	9.682814
623	0	0	0	1	0	1	0	0	0	0	0	0	0	0	0	0	0	9	0	81	0	0	0	1.6002	0	0	0	0	0	0	0	1	0	0	0	0	1	0	0	8.942503
623	0	0	0	0	0	0	0	0	0	0	0	0	0	0	0	0	2	5	0.1015999	25	0.0103225	0	0	0	0	0	0	0	0	2	0	0	0	0	0	0	0	0	1	9.044147
623	1	0	0	0	0	1	0	0	0	0	0	0	0	0	0	0	0	3	0.0761999	9	0.0058064	0	0	0	0	0	0	0	0	0	0	1	0	0	0	0	1	0	0	9.848722
623	1	1	0	0	0	1	0	0	0	0	0	0	0	0	0	0	0	6	0.2285999	36	0.0522579	0	0	0	0	0	0	0	0	0	1	0	0	0	0	0	0	0	0	9.395179
623	1	0	0	0	0	1	0	0	0	0	0	0	0	0	0	0	0	7	0.1015999	49	0.0103225	0	0	0	0	0	0	0	0	0	0	1	0	0	0	0	1	0	0	9.848722
623	0	0	0	0	0	1	0	0	0	0	0	0	0	0	0	0	0	5	0.2285999	25	0.0522579	0	0	0	0	0	0	0	0	0	0	0	0	0	0	0	1	0	0	9.235896
623	0	1	0	0	0	0	1	0	0	0	1	0	0	0	0	0	0	1	0.0761999	1	0.0058064	0	0	0	0	0	0	0	0	0	1	0	0	0	0	0	0	0	0	9.002979
623	1	0	0	0	0	0	0	0	0	0	0	0	0	0	0	0	2	6	0.0761999	36	0.0058064	0	0	0	0	0	0	0	0	2	0	0	0	0	0	0	0	0	1	9.689184
623	0	0	0	0	0	0	0	0	0	0	0	0	0	0	0	-1	0	8	0.1015999	64	0.0103225	0	0	0	0	0	0	0	0	-1	0	1	0	0	0	1	0	0	0	9.158544
623	0	0	0	0	0	0	0	0	0	0	0	0	0	0	0	0	2	5	0.1142999	25	0.0130645	0	0	0	0	0	0	0	0	2	0	1	0	0	0	0	0	0	1	9.440964
623	0	0	0	0	0	0	0	0	0	0	0	0	0	0	0	-1	0	5	0.0761999	25	0.0058064	0	0	0	0	0	0	0	0	-1	0	0	0	0	0	1	0	0	0	8.825611
626	0	0	0	0	0	0	0	0	0	0	0	0	0	1	1	0	0	3	0.0025001	9	6.25E-06	0	0	0	0	0	0	0	0	0	0	0	0	0	1	0	0	0	0	10.0737
626	0	0	0	0	0	0	0	0	0	0	0	0	0	1	1	0	0	3	0.0127001	9	0.0001613	0	0	0	0	0	0	0	0	0	0	0	0	0	1	0	0	0	0	9.689184
626	1	1	0	1	1	0	1	0	0	0	0	0	0	0	0	0	0	3	0	9	0	0	0	1.5875	0	0	0	0	0	0	0	0	0	0	0	0	0	0	0	9.711262
626	0	0	0	0	0	0	0	0	1	0	0	0	0	1	1	0	0	7	0.1016001	49	0.0103226	0	0	0	0	0	0	0	0	0	0	1	0	0	1	0	0	0	0	9.949953
626	1	0	0	1	0	0	1	0	1	0	0	0	0	1	0	0	0	2	0	4	0	0	0	1.5875	0	0	0	0	0	0	0	1	0	0	1	0	0	0	0	10.0737
626	0	0	0	1	0	0	0	0	0	0	0	0	0	1	1	0	0	5	0	25	0	0	0	1.5875	0	0	0	0	0	0	0	0	0	0	1	0	0	0	0	9.2512
626	0	0	0	0	0	0	0	0	1	0	0	0	0	0	1	0	1	6	0.1905	36	0.0362903	0	0	0	0	0	0	0	0	0	0	1	0	0	0	1	0	0	0	10.07391
626	1	0	0	0	1	0	0	0	0	0	0	0	0	1	1	0	0	5	0.1143	25	0.0130645	0	0	0	0	0	0	0	0	0	0	0	0	0	1	0	0	0	0	10.07391
626	1	1	0	0	0	0	0	0	1	0	0	0	0	0	1	0	0	2	0.1905	4	0.0362903	0	0	0	0	0	0	0	0	0	0	1	0	0	0	0	0	0	0	9.848722
626	0	1	0	0	1	0	0	0	0	0	0	0	0	0	1	0	0	9	0.3175	81	0.1008062	0	0	0	0	0	0	0	0	0	0	0	0	0	0	0	0	0	0	9.328186
626	0	0	0	0	0	0	0	0	1	0	0	0	0	1	1	0	0	6	0.2413	36	0.0582257	0	0	0	0	0	0	0	0	0	0	1	0	0	1	0	0	0	0	9.571068
626	0	0	0	0	0	0	0	0	1	0	0	0	0	1	1	0	0	10	0.1143	100	0.0130645	0	0	0	0	0	0	0	0	0	0	1	0	0	1	0	0	0	0	9.876092
626	0	0	0	0	0	0	0	0	1	0	0	0	0	0	1	-2	0	6	0.1397001	36	0.0195161	0	0	0	0	0	0	0	0	0	0	1	1	0	0	0	0	0	0	9.830038
626	1	0	0	0	0	0	0	0	1	0	0	0	0	1	1	0	0	5	0.0762	25	0.0058064	0	0	0	0	0	0	0	0	0	0	1	0	0	1	0	0	0	0	9.551724
626	0	1	0	0	1	0	1	0	0	0	0	0	0	0	0	0	0	3	0.1651	9	0.027258	0	0	0	0	0	0	0	0	0	0	0	0	0	0	0	0	0	0	9.848722
627	1	0	0	0	0	0	0	0	0	0	0	0	0	1	1	0	0	5	0.127	25	0.016129	0	0	0	0	0	0	0	1	0	0	1	0	0	1	0	0	0	0	9.680216
627	1	0	0	0	0	1	0	0	0	0	0	0	0	0	0	0	2	8	0.1015999	64	0.0103225	0	0	0	0	0	0	0	0	2	0	1	0	0	0	0	1	0	0	9.410738
627	1	0	1	0	0	1	0	0	0	0	0	0	0	1	0	0	0	0	0.1142999	0	0.0130645	28	0	0	0	0	0	0	1	0	0	1	0	0	1	0	0	0	0	9.084581
627	0	0	0	0	0	1	0	0	0	0	0	0	0	1	0	0	0	8	0.1523999	64	0.0232257	0	0	0	0	0	0	0	1	0	0	0	0	0	1	0	0	0	0	9.7411
627	0	0	0	0	0	0	0	0	0	0	0	0	0	1	1	0	0	6	0.1523999	36	0.0232257	0	0	0	0	0	0	0	1	0	0	0	0	0	1	0	0	0	0	8.963996
627	0	0	0	0	0	1	0	0	0	0	0	0	0	0	0	0	1	6	0.2794	36	0.0780644	0	0	0	0	0	0	0	0	1	0	0	0	0	0	1	0	0	0	9.680216
627	0	0	0	0	0	0	1	0	0	0	0	0	0	0	0	0	2	9	0.2032	81	0.0412902	0	0	0	0	0	0	0	0	2	0	0	0	0	0	0	1	0	0	9.084581
627	1	0	0	0	0	0	0	0	0	0	0	0	0	0	1	-2	0	7	0.1015999	49	0.0103225	0	0	0	0	0	0	0	0	-2	0	1	1	0	0	0	0	0	0	9.949953
628	1	0	0	0	0	1	0	0	0	0	0	0	0	1	0	0	0	4	0.2032	16	0.0412902	0	0	0	0	0	0	0	1	0	0	1	0	0	0	0	1	0	0	9.494866
628	1	0	0	0	0	1	0	0	0	0	0	0	0	0	0	-1	0	5	0.1523999	25	0.0232257	0	0	0	0	0	0	0	0	-1	0	0	0	0	0	1	0	0	0	9.989575
628	1	0	0	0	0	1	0	0	0	0	0	0	0	1	0	0	0	8	0.1015999	64	0.0103225	0	0	0	0	0	0	0	1	0	0	1	0	0	0	0	1	0	0	9.689184
628	1	0	0	0	0	1	0	0	0	0	0	0	0	1	0	0	0	3	0.0761999	9	0.0058064	0	0	0	0	0	0	0	1	0	0	0	0	0	0	0	1	0	0	9.689184
628	1	0	0	0	0	0	1	0	0	0	1	0	0	1	0	0	0	3	0.0998	9	0.00996	0	0	0	0	0	0	0	1	0	0	0	0	0	0	0	1	0	0	9.47533
629	1	1	0	0	0	0	1	0	0	0	0	0	0	0	0	0	0	3	0.1523999	9	0.0232257	0	0	0	0	0	0	0	0	0	0	0	0	0	0	0	0	0	0	9.101377
629	0	0	0	1	0	0	1	0	0	0	0	0	0	0	0	-5	0	5	0	25	0	0	0	1.524	0	0	0	0	0	0	0	0	0	0	0	0	0	0	0	8.771515
629	0	0	0	1	0	1	0	0	0	0	0	0	0	0	1	0	2	8	0	64	0	0	0	1.524	0	0	0	0	0	0	0	0	0	0	0	0	0	0	1	8.813299
630	0	0	0	0	0	0	0	0	0	0	0	0	0	0	0	-2	0	4	0.2539999	16	0.064516	0	0	0	0	0	0	0	0	-2	0	0	0	0	1	0	0	0	0	9.809099
630	0	0	0	0	0	1	0	0	0	0	0	0	0	1	1	0	0	7	0.0762	49	0.0058064	0	0	0	0	0	0	0	1	0	0	0	0	0	0	0	1	0	0	9.494866
630	0	0	0	1	0	0	0	0	0	0	0	0	0	0	0	-1	0	7	0	49	0	0	0	1.5748	0	0	0	0	0	-1	0	0	0	0	0	1	0	0	0	9.949953
630	1	0	0	0	0	1	0	0	0	0	0	0	0	1	1	0	0	5	0.1015999	25	0.0103225	0	0	0	0	0	0	0	1	0	0	0	0	0	0	0	1	0	0	10.0737
630	0	1	0	1	0	1	0	0	0	0	0	0	0	0	1	0	0	4	0	16	0	0	0	1.5748	0	0	0	0	0	0	1	1	0	0	0	0	0	0	0	9.2512
630	1	0	0	0	0	0	0	0	0	0	0	0	0	1	0	0	0	4	0.1524	16	0.0232258	0	0	0	0	0	0	0	1	0	0	0	0	0	0	0	1	0	0	9.876092
630	1	1	0	0	0	0	1	0	0	0	0	0	0	0	0	0	0	8	0.1015999	64	0.0103225	0	0	0	0	0	0	0	0	0	1	0	0	0	0	0	0	0	0	9.340339
630	0	0	0	0	0	0	1	0	0	0	0	0	0	1	0	0	0	7	0.1051999	49	0.011067	0	0	0	0	0	0	0	1	0	0	0	0	0	0	0	1	0	0	9.2512
630	0	0	0	0	0	1	0	0	0	0	0	0	0	0	1	-1	0	8	0.0508	64	0.0025806	0	0	0	0	0	0	0	0	-1	0	1	0	0	0	1	0	0	0	8.99223
630	1	0	0	0	0	1	0	0	0	0	0	0	0	1	1	0	0	7	0.0762	49	0.0058064	0	0	0	0	0	0	0	1	0	0	0	0	0	0	0	1	0	0	9.949953
630	0	1	0	1	0	0	1	0	0	0	0	0	0	0	0	0	0	8	0	64	0	0	0	1.5748	0	0	0	0	0	0	1	0	0	0	0	0	0	0	0	9.551724
630	0	0	0	0	0	1	0	0	0	0	0	0	0	0	1	0	0	9	0.2539999	81	0.064516	0	0	0	0	0	0	0	0	0	0	0	0	0	0	0	1	0	0	9.809099
630	0	0	0	0	0	0	0	0	0	0	0	0	0	0	0	0	2	9	0.127	81	0.016129	0	0	0	0	0	0	0	0	2	0	1	0	0	0	0	0	0	1	9.076596
630	1	0	0	0	0	1	0	0	0	0	0	0	0	0	1	-5	0	5	0.1777999	25	0.0316128	0	0	0	0	0	0	0	0	-5	0	0	0	0	0	0	0	0	0	9.689184
630	0	1	1	1	1	0	1	0	0	1	0	0	0	0	0	0	0	0	0	0	0	23	0	1.5748	0	0	0	0	0	0	1	0	0	0	0	0	0	0	0	9.949953
631	0	0	0	0	0	0	1	0	0	0	1	0	0	1	0	0	0	2	0	4	0	0	0	0	1.6002	0	0	0	0	0	0	0	0	0	0	0	0	0	0	9.307697
631	1	0	0	0	0	0	1	0	1	0	1	0	0	1	0	0	0	7	0	49	0	0	0	0	1.6637	0	0	0	0	0	0	1	0	0	0	0	0	0	0	9.179138
631	0	0	0	0	0	1	0	0	1	0	0	0	0	1	0	0	0	6	0	36	0	0	0	0	1.778	0	0	0	0	0	0	1	0	0	0	0	0	0	0	8.99223
631	0	0	0	0	0	1	0	0	1	0	0	0	0	1	0	0	0	7	0	49	0	0	0	0	1.651	0	0	0	0	0	0	1	0	0	0	0	0	0	0	8.99223
631	0	0	0	0	0	0	0	0	1	0	0	0	0	1	0	0	0	10	0	100	0	0	0	0	1.7526	0	0	0	0	0	0	1	0	0	0	0	0	0	0	8.771515
631	0	0	0	0	0	0	0	0	0	0	0	0	0	1	0	0	0	3	0	9	0	0	0	0	1.7272	0	0	0	0	0	0	0	0	0	0	0	0	0	0	9.451937
631	0	0	0	0	0	1	0	0	1	0	0	0	0	1	0	0	0	7	0	49	0	0	0	0	1.7272	0	0	0	0	0	0	1	0	0	0	0	0	0	0	9.244829
631	0	0	0	0	0	0	0	0	1	0	0	0	0	1	0	0	0	9	0	81	0	0	0	0	1.8288	0	0	0	0	0	0	1	0	0	0	0	0	0	0	9.2512
631	0	0	0	0	0	1	0	0	1	0	0	0	0	1	0	0	0	4	0	16	0	0	0	0	1.7018	0	0	0	0	0	0	1	0	0	0	0	0	0	0	8.99223
631	1	0	0	0	0	1	0	0	1	0	0	0	0	1	0	0	0	8	0	64	0	0	0	0	1.7018	0	0	0	0	0	0	1	0	0	0	0	0	0	0	9.475531
631	1	0	0	0	0	0	0	0	1	0	0	0	0	1	0	0	0	5	0	25	0	0	0	0	1.651	0	0	0	0	0	0	1	0	0	0	0	0	0	0	9.430214
631	0	0	0	0	0	0	0	0	1	0	0	0	0	1	0	0	0	6	0	36	0	0	0	0	1.6764	0	0	0	0	0	0	1	0	0	0	0	0	0	0	9.403425
631	0	0	0	0	0	0	0	0	1	0	0	0	0	1	0	0	0	8	0	64	0	0	0	0	1.524	0	0	0	0	0	0	1	0	0	0	0	0	0	0	8.771515
632	0	1	0	0	0	0	1	0	0	0	1	0	0	0	0	0	0	3	-0.0254	9	0.0006452	0	0	0	0	0	0	0	0	0	1	0	0	0	0	0	0	0	0	8.938133
632	0	1	0	1	0	0	1	0	0	0	1	0	0	0	0	0	0	6	0	36	0	0	0	1.5748	0	0	0	0	0	0	1	1	0	0	0	0	0	0	0	9.208271
632	1	1	0	0	0	0	1	0	0	0	1	0	0	0	0	0	0	6	0.0762	36	0.0058064	0	0	0	0	0	0	0	0	0	1	0	0	0	0	0	0	0	0	9.208271
632	0	1	1	1	0	0	0	0	0	0	0	0	0	0	0	0	0	0	0	0	0	36	0	1.5748	0	0	0	0	0	0	1	0	0	0	0	0	0	0	0	9.208271
632	0	1	0	0	0	0	0	0	0	0	0	0	0	0	0	0	0	-9	0.1524	81	0.0232258	0	0	0	0	0	0	0	0	0	1	0	0	0	0	0	0	0	0	9.42689
632	0	0	0	0	0	1	0	0	0	0	0	0	0	0	0	0	1	6	0.1015999	36	0.0103225	0	0	0	0	0	0	0	0	1	0	0	0	0	0	0	1	0	0	9.288423
632	0	0	0	0	0	1	0	0	0	0	0	0	0	0	0	0	1	17	0.1651	289	0.027258	0	0	0	0	0	0	0	0	1	0	0	0	0	0	0	1	0	0	9.2512
632	1	0	0	0	0	0	0	0	0	0	0	0	0	0	0	-1	0	7	0.0254	49	0.0006452	0	0	0	0	0	0	0	0	-1	0	1	0	0	1	0	0	0	0	9.617123
632	0	1	0	0	0	0	1	0	0	0	1	0	0	0	0	0	0	-2	0.0762	4	0.0058064	0	0	0	0	0	0	0	0	0	1	0	0	0	0	0	0	0	0	9.208271
632	1	0	1	1	0	1	0	0	0	0	0	0	0	0	0	0	1	0	0	0	0	36	0	1.5748	0	0	0	0	0	1	0	0	0	0	0	0	1	0	0	9.564919
632	0	0	0	1	0	1	0	0	0	0	0	0	0	1	0	0	0	1	0	1	0	0	0	1.5748	0	0	0	0	1	0	0	0	0	0	0	1	0	0	0	8.771515
632	1	0	0	0	0	1	0	0	0	0	0	0	0	0	0	0	1	6	0.1015999	36	0.0103225	0	0	0	0	0	0	0	0	1	0	1	0	0	0	0	1	0	0	8.938133
632	1	0	0	0	0	0	0	0	0	0	0	0	0	0	0	-1	0	10	0.0508	100	0.0025806	0	0	0	0	0	0	0	0	-1	0	0	0	0	1	0	0	0	0	9.101377
632	0	1	0	1	0	0	1	0	0	0	1	0	0	0	0	0	0	13	0	169	0	0	0	1.5748	0	0	0	0	0	0	1	0	0	0	0	0	0	0	0	9.208271
632	0	0	0	0	0	1	0	0	0	0	0	0	0	1	0	0	0	3	0.1015999	9	0.0103225	0	0	0	0	0	0	0	1	0	0	0	0	0	0	1	0	0	0	8.825611
635	0	0	0	0	0	1	0	0	0	0	0	0	0	1	0	0	0	4	0.0508	16	0.0025806	0	0	0	0	0	0	0	0	0	0	1	0	0	1	0	0	0	0	9.328371
635	1	0	0	0	0	1	0	0	0	0	0	0	0	1	0	0	0	8	0.127	64	0.016129	0	0	0	0	0	0	0	0	0	0	1	0	0	1	0	0	0	0	8.99223
635	0	0	0	0	1	1	0	0	0	1	0	0	0	1	0	0	0	6	0.0761999	36	0.0058064	0	0	0	0	0	0	0	0	0	0	0	0	0	1	0	0	0	0	9.617123
636	0	0	0	1	0	0	1	0	0	0	0	0	0	0	0	-2	0	10	0	100	0	0	0	1.5748	0	0	0	0	0	-2	0	0	0	0	0	1	0	0	0	9.260187
636	1	1	0	0	1	0	1	0	0	1	0	0	0	0	0	0	0	5	0.0254	25	0.0006452	0	0	0	0	0	0	0	0	0	1	0	0	0	0	0	0	0	0	9.041653
636	0	0	0	0	1	1	0	0	0	1	0	0	0	1	0	0	0	5	0.1015999	25	0.0103225	0	0	0	0	0	0	0	1	0	0	0	0	0	0	0	0	1	0	8.883064
636	0	1	0	0	1	0	0	0	0	1	0	0	0	0	1	0	0	7	0.1777999	49	0.0316128	0	0	0	0	0	0	0	0	0	1	0	0	0	0	0	0	0	0	8.938133
636	0	1	0	0	0	0	0	0	0	0	0	0	0	0	1	0	0	7	0.1015999	49	0.0103225	0	0	0	0	0	0	0	0	0	1	1	0	0	0	0	0	0	0	8.938133
636	0	0	0	0	0	1	0	0	0	0	0	0	0	0	0	-1	0	7	0.1524	49	0.0232258	0	0	0	0	0	0	0	0	-1	0	1	0	0	0	0	1	0	0	8.938133
636	0	1	0	0	1	1	0	0	0	1	0	0	0	0	0	0	0	2	0.1015999	4	0.0103225	0	0	0	0	0	0	0	0	0	1	0	0	0	0	0	0	0	0	8.883064
636	0	1	0	1	1	0	1	0	0	1	0	0	0	0	0	0	0	6	0	36	0	0	0	1.5748	0	0	0	0	0	0	1	0	0	0	0	0	0	0	0	9.24231
636	1	1	0	0	1	0	1	0	0	1	0	0	0	0	0	0	0	12	-0.0254	144	0.0006452	0	0	0	0	0	0	0	0	0	1	0	0	0	0	0	0	0	0	9.208271
636	0	1	1	0	0	0	1	0	0	0	0	0	0	0	0	0	0	0	0.1015999	0	0.0103225	28	0	0	0	0	0	0	0	0	1	1	0	0	0	0	0	0	0	8.99223
636	1	0	0	0	1	0	0	0	0	1	0	0	0	0	1	-3	0	12	0.127	144	0.016129	0	0	0	0	0	0	0	0	-3	0	0	0	0	1	0	0	0	0	8.938133
636	0	1	0	0	0	0	1	0	0	0	0	0	0	0	0	0	0	5	0.1015999	25	0.0103225	0	0	0	0	0	0	0	0	0	1	0	0	0	0	0	0	0	0	8.99223
636	1	1	0	0	1	0	1	0	0	1	0	0	0	0	0	0	0	5	0.1524	25	0.0232258	0	0	0	0	0	0	0	0	0	1	0	0	0	0	0	0	0	0	9.208271
636	1	1	0	0	0	0	0	0	0	0	0	0	0	0	1	0	0	10	0.1777999	100	0.0316128	0	0	0	0	0	0	0	0	0	1	1	0	0	0	0	0	0	0	8.960319
636	0	1	0	0	0	0	0	0	0	0	0	0	0	0	1	0	0	4	0.0254	16	0.0006452	0	0	0	0	0	0	0	0	0	1	1	0	0	0	0	0	0	0	8.938133
637	1	0	0	0	0	0	0	0	0	0	0	0	0	1	1	0	0	8	0.1015999	64	0.0103225	0	0	0	0	1	0	0	0	0	0	1	0	0	0	0	0	0	0	9.48213
637	0	1	0	0	0	0	0	0	0	0	0	0	0	0	1	0	0	6	0.127	36	0.016129	0	0	0	0	0	0	1	0	0	0	0	0	0	0	0	0	0	0	9.2512
637	0	1	0	0	0	0	0	0	0	0	0	0	0	0	1	0	0	4	0.1523999	16	0.0232257	0	0	0	0	0	0	1	0	0	0	1	0	0	0	0	0	0	0	9.2512
637	0	0	0	0	0	0	1	0	0	0	0	0	0	1	0	0	0	4	0.1015999	16	0.0103225	0	0	0	0	1	0	0	0	0	0	0	0	0	0	0	0	0	0	9.288423
637	0	0	0	0	0	0	0	0	0	0	0	0	0	1	1	0	0	7	0.1777999	49	0.0316128	0	0	0	0	1	0	0	0	0	0	1	0	0	0	0	0	0	0	9.848722
637	0	1	0	0	0	0	1	0	0	0	0	0	0	0	0	0	0	2	0.1523999	4	0.0232257	0	0	0	0	0	0	1	0	0	0	1	0	0	0	0	0	0	0	9.571068
637	0	1	0	0	0	0	1	0	0	0	0	0	0	0	0	0	0	8	0.1523999	64	0.0232257	0	0	0	0	0	0	1	0	0	0	1	0	0	0	0	0	0	0	9.2512
638	0	0	0	0	0	0	1	0	0	0	1	0	0	0	0	0	5	8	0.1523999	64	0.0232257	0	0	0	0	0	0	0	0	5	0	0	0	0	0	0	0	0	1	9.430214
638	0	0	0	1	0	0	1	0	0	0	1	0	0	0	0	0	5	6	0	36	0	0	0	1.6002	0	0	0	0	0	5	0	0	0	0	0	0	0	0	1	9.830038
638	0	0	0	0	0	0	0	0	0	0	0	0	0	0	0	0	2	4	0.2032	16	0.0412902	0	0	0	0	0	0	0	0	2	0	0	0	0	0	1	0	0	0	9.648238
638	0	0	0	0	0	0	0	0	1	0	0	0	0	1	0	0	0	11	0.0761999	121	0.0058064	0	0	0	0	0	0	0	1	0	0	1	0	1	0	0	0	0	0	9.101377
638	0	0	1	1	0	0	1	0	1	0	1	0	0	0	0	0	5	0	0	0	0	24	0	1.6002	0	0	0	0	0	5	0	1	0	0	0	0	0	0	1	9.127307
638	1	0	0	1	0	0	0	0	1	0	0	0	0	1	0	0	0	6	0	36	0	0	0	1.6002	0	0	0	0	1	0	0	1	0	1	0	0	0	0	0	9.617123
638	0	0	0	0	0	0	0	0	0	0	0	0	0	1	0	0	0	4	0.1777999	16	0.0316128	0	0	0	0	0	0	0	1	0	0	0	0	1	0	0	0	0	0	9.120936
638	1	0	0	0	0	0	1	0	0	0	1	0	0	0	0	0	5	5	0.0497999	25	0.00248	0	0	0	0	0	0	0	0	5	0	0	0	0	0	0	0	0	1	9.395179
638	0	1	0	0	0	0	1	0	1	0	1	0	0	0	0	0	0	8	0.1015999	64	0.0103225	0	0	0	0	0	0	0	0	0	1	1	0	0	0	0	0	0	0	9.689184
638	0	0	0	0	0	0	0	0	0	0	0	0	0	0	0	0	1	3	0.2285999	9	0.0522579	0	0	0	0	0	0	0	0	1	0	0	0	0	1	0	0	0	0	9.328186
638	0	0	0	0	0	0	0	0	1	0	0	0	0	0	0	0	2	10	0.0508	100	0.0025806	0	0	0	0	0	0	0	0	2	0	1	0	0	0	1	0	0	0	9.084581
638	0	0	0	0	0	1	0	0	0	0	0	0	0	0	0	0	5	6	0.0253999	36	0.0006452	0	0	0	0	0	0	0	0	5	0	0	0	0	0	0	0	0	1	10.01695
640	0	1	0	0	0	0	1	0	0	0	1	0	0	0	0	0	0	9	0	81	0	0	0	0	1.7145	0	0	0	0	0	0	1	0	0	0	0	0	0	0	9.876092
640	0	0	0	0	0	0	1	0	0	0	1	0	0	1	0	0	0	8	0	64	0	0	0	0	1.6637	0	0	0	0	0	0	1	0	0	1	0	0	0	0	9.320399
640	1	0	0	0	0	1	0	0	0	0	0	0	0	0	0	-2	0	9	0	81	0	0	0	0	1.5875	0	0	0	0	0	0	0	1	0	0	0	0	0	0	9.357899
640	0	0	0	0	0	1	0	0	0	0	0	0	0	0	0	-2	0	10	0	100	0	0	0	0	1.7018	0	0	0	0	0	0	0	1	0	0	0	0	0	0	9.303116
640	0	1	0	0	0	0	1	0	0	0	1	0	0	0	0	0	0	8	0	64	0	0	0	0	1.7526	0	0	0	0	0	0	1	0	0	0	0	0	0	0	9.024206
640	1	1	0	0	0	0	1	0	0	0	1	0	0	0	0	0	0	6	0	36	0	0	0	0	1.6764	0	0	0	0	0	0	1	0	0	0	0	0	0	0	9.2512
640	0	0	0	0	0	0	0	0	0	0	0	0	0	0	0	0	1	4	0	16	0	0	0	0	1.8288	0	0	0	0	0	0	0	0	0	0	1	0	0	0	9.689184
640	0	0	0	0	0	1	0	0	0	0	0	0	0	0	0	0	2	10	0	100	0	0	0	0	1.7018	0	0	0	0	0	0	0	0	0	0	0	1	0	0	9.107023
640	0	1	0	0	0	0	1	0	0	0	1	0	0	0	0	0	0	4	0	16	0	0	0	0	1.6637	0	0	0	0	0	0	1	0	0	0	0	0	0	0	8.99223
641	0	0	0	0	0	0	1	0	0	0	0	0	0	1	0	0	0	5	0.0508	25	0.0025806	0	0	0	0	0	0	0	1	0	0	1	1	0	0	0	0	0	0	8.99223
641	1	0	0	0	0	0	0	0	0	0	0	0	0	1	1	0	0	5	0.2286	25	0.052258	0	0	0	0	0	0	0	1	0	0	1	1	0	0	0	0	0	0	9.235896
641	1	0	0	0	0	0	0	0	0	0	0	0	0	1	1	0	0	8	0.0508	64	0.0025806	0	0	0	0	0	0	0	1	0	0	0	1	0	0	0	0	0	0	9.235896
641	0	1	0	0	0	0	1	0	0	0	0	0	0	0	0	0	0	3	0.127	9	0.016129	0	0	0	0	0	0	0	0	0	1	0	0	0	0	0	0	0	0	9.312419
641	0	1	0	1	0	0	0	0	0	0	0	0	0	0	1	0	0	11	0	121	0	0	0	1.6256	0	0	0	0	0	0	1	1	0	0	0	0	0	0	0	8.99223
641	0	0	0	0	0	0	0	0	0	0	0	0	0	1	1	0	0	12	0.0762	144	0.0058064	0	0	0	0	0	0	0	1	0	0	0	1	0	0	0	0	0	0	9.044831
641	1	0	0	0	0	0	1	0	0	0	0	0	0	1	0	0	0	5	0.1778001	25	0.0316129	0	0	0	0	0	0	0	1	0	0	1	1	0	0	0	0	0	0	8.99223
641	1	0	0	0	0	0	0	0	0	0	0	0	0	1	1	0	0	8	0.127	64	0.016129	0	0	0	0	0	0	0	1	0	0	0	1	0	0	0	0	0	0	8.980399
641	0	1	0	1	0	0	0	0	0	0	0	0	0	0	1	0	0	5	0	25	0	0	0	1.6256	0	0	0	0	0	0	1	1	0	0	0	0	0	0	0	8.771515
641	1	0	0	0	0	0	0	0	0	0	0	0	0	1	1	0	0	3	0.0508	9	0.0025806	0	0	0	0	0	0	0	1	0	0	1	1	0	0	0	0	0	0	8.99223
642	1	0	0	0	0	0	0	0	0	0	0	0	0	1	0	0	0	6	0.1777999	36	0.0316128	0	0	0	0	0	0	0	1	0	0	0	0	0	0	0	0	0	0	9.09266
642	1	0	0	0	0	1	0	0	0	0	0	0	0	1	0	0	0	5	0.2032	25	0.0412902	0	0	0	0	0	0	0	1	0	0	1	0	0	0	0	0	0	0	8.99223
643	0	0	0	1	1	0	1	0	0	1	1	0	0	0	0	-2	0	3	0	9	0	0	0	1.5748	0	0	0	0	0	-2	0	0	0	0	1	0	0	0	0	9.430214
643	0	1	0	0	1	0	1	0	0	1	1	0	0	0	0	0	0	5	0.1396999	25	0.0195161	0	0	0	0	0	0	0	0	0	1	0	0	0	0	0	0	0	0	9.848722
643	0	1	0	1	1	1	0	0	0	1	0	0	0	0	0	0	0	0	0	0	0	0	0	1.5748	0	0	0	0	0	0	1	0	0	0	0	0	0	0	0	9.408338
643	0	1	0	0	1	0	1	0	0	1	1	0	0	0	0	0	0	3	0.1524	9	0.0232258	0	0	0	0	0	0	0	0	0	1	0	0	0	0	0	0	0	0	9.2512
644	0	1	0	0	0	0	0	0	0	0	0	0	0	0	0	0	0	7	0.0508	49	0.0025806	0	0	0	0	0	0	0	0	0	1	1	0	0	0	0	0	0	0	9.571068
644	0	0	0	0	0	1	0	0	0	0	0	0	0	0	0	-1	0	11	0.1524	121	0.0232258	0	0	0	0	0	0	0	0	-1	0	0	0	0	0	1	0	0	0	8.99223
644	0	0	0	0	0	1	0	0	0	0	0	0	0	1	0	0	0	2	0.1651	4	0.027258	0	0	0	0	0	0	0	1	0	0	0	0	0	0	0	1	0	0	9.876092
644	0	0	0	0	0	0	0	0	0	0	0	0	0	0	0	-1	0	8	0.0762	64	0.0058064	0	0	0	0	0	0	0	0	-1	0	1	0	0	0	1	0	0	0	9.2512
644	1	1	0	1	1	0	1	0	0	1	1	0	0	0	0	0	0	8	0	64	0	0	0	1.5748	0	0	0	0	0	0	1	0	0	0	0	0	0	0	0	9.208271
645	0	0	0	0	0	0	0	0	0	0	0	0	0	0	1	0	2	11	0.2158999	121	0.0466128	0	0	0	0	0	0	0	0	2	0	1	0	0	1	0	0	0	0	9.303116
645	0	1	0	0	1	0	1	0	0	1	0	0	0	0	0	0	0	9	0.1143	81	0.0130645	0	0	0	0	0	0	0	0	0	1	0	0	0	0	0	0	0	0	9.064094
645	1	1	0	0	0	0	0	0	0	0	0	0	0	0	1	0	0	7	-0.0127	49	0.0001613	0	0	0	0	0	0	0	0	0	1	1	0	0	0	0	0	0	0	9.273385
645	0	1	0	0	1	0	0	0	0	1	0	0	0	0	1	0	0	6	0.1143	36	0.0130645	0	0	0	0	0	0	0	0	0	1	0	0	0	0	0	0	0	0	9.2512
645	0	1	0	1	0	0	0	0	0	0	0	0	0	0	1	0	0	8	0	64	0	0	0	1.6129	0	0	0	0	0	0	1	1	0	0	0	0	0	0	0	9.041653
645	0	0	0	0	1	1	0	0	0	1	0	0	0	0	0	0	4	6	0.0634999	36	0.0040322	0	0	0	0	0	0	0	0	4	0	0	0	0	0	0	1	0	0	9.323274
645	1	0	0	0	1	0	0	0	0	1	0	0	0	0	1	0	2	6	0.0634999	36	0.0040322	0	0	0	0	0	0	0	0	2	0	0	0	0	1	0	0	0	0	9.410738
645	0	1	0	0	1	0	1	0	0	1	0	0	0	0	0	0	0	4	0.0508	16	0.0025806	0	0	0	0	0	0	0	0	0	1	0	0	0	0	0	0	0	0	8.771515
645	0	0	0	0	1	1	0	0	0	1	0	0	0	1	0	0	0	5	-0.0127	25	0.0001613	0	0	0	0	0	0	0	1	0	0	0	1	0	0	0	0	0	0	8.938133
645	1	0	0	0	1	0	0	0	0	1	0	0	0	0	1	0	2	4	0.0889	16	0.0079032	0	0	0	0	0	0	0	0	2	0	0	0	0	1	0	0	0	0	9.321049
645	1	1	0	0	0	0	0	0	0	0	0	0	0	0	1	0	0	5	0.1651	25	0.027258	0	0	0	0	0	0	0	0	0	1	1	0	0	0	0	0	0	0	9.126731
645	1	1	0	1	1	0	0	0	0	1	0	0	0	0	1	0	0	6	0	36	0	0	0	1.6129	0	0	0	0	0	0	1	0	0	0	0	0	0	0	0	10.03874
645	0	0	0	0	0	0	1	0	0	0	0	0	0	0	0	-1	0	3	0.3683	9	0.1356449	0	0	0	0	0	0	0	0	-1	0	1	0	0	0	0	0	0	0	9.830038
645	0	0	0	0	1	0	0	0	0	1	0	0	0	0	1	0	3	5	0.1143	25	0.0130645	0	0	0	0	0	0	0	0	3	0	0	0	0	0	1	0	0	0	8.99223
645	0	1	0	0	0	0	0	0	0	0	0	0	0	0	1	0	0	7	0.127	49	0.016129	0	0	0	0	0	0	0	0	0	1	0	0	0	0	0	0	0	0	8.938133
646	0	0	0	0	1	0	1	0	0	1	1	0	0	0	0	0	5	8	0.0253999	64	0.0006452	0	0	0	0	0	0	0	0	0	0	0	0	0	0	0	1	0	0	9.689184
646	0	0	0	0	1	0	1	0	0	1	1	0	0	1	0	0	0	7	0.2032	49	0.0412902	0	0	0	0	0	0	0	0	0	0	0	0	0	0	0	0	0	0	9.107232
646	0	0	0	0	0	0	0	0	0	0	0	0	0	1	0	0	0	9	0.1015999	81	0.0103225	0	0	0	0	0	0	0	0	0	0	0	0	0	0	0	0	0	0	9.51846
646	1	0	0	0	0	0	0	0	0	0	0	0	0	1	0	0	0	6	0.1015999	36	0.0103225	0	0	0	0	0	0	0	0	0	0	1	0	0	0	0	0	0	0	9.830038
646	1	1	0	0	1	0	1	0	0	1	1	0	0	0	0	0	0	9	0.127	81	0.016129	0	0	0	0	0	0	0	0	0	0	0	0	0	0	0	0	0	0	8.99223
646	1	1	0	0	1	0	1	0	0	1	1	0	0	0	0	0	0	2	0.0761999	4	0.0058064	0	0	0	0	0	0	0	0	0	0	0	0	0	0	0	0	0	0	9.2512
646	0	1	0	0	0	0	1	0	0	0	1	0	0	0	0	0	0	8	0.0508	64	0.0025806	0	0	0	0	0	0	0	0	0	0	0	0	0	0	0	0	0	0	9.721161
646	1	1	0	0	1	0	1	0	0	1	1	0	0	0	0	0	0	5	0.127	25	0.016129	0	0	0	0	0	0	0	0	0	0	0	0	0	0	0	0	0	0	8.99223
646	0	0	1	0	1	1	0	0	0	1	0	0	0	1	0	0	0	0	0.0380999	0	0.0014516	24	0	0	0	0	0	0	0	0	0	0	0	0	0	0	0	0	0	8.883064
646	0	0	0	0	0	1	0	0	0	0	0	0	0	1	0	0	0	6	0.0761999	36	0.0058064	0	0	0	0	0	0	0	0	0	0	0	0	0	0	0	0	0	0	9.2512
646	1	1	0	0	1	0	1	0	0	1	1	0	0	0	0	0	0	5	0.0508	25	0.0025806	0	0	0	0	0	0	0	0	0	0	0	0	0	0	0	0	0	0	9.440964
646	0	1	0	0	0	1	0	0	0	0	0	0	0	0	0	0	0	8	0.1523999	64	0.0232257	0	0	0	0	0	0	0	0	0	0	1	0	0	0	0	0	0	0	9.2512
646	0	0	0	0	0	1	0	0	0	0	0	0	0	1	0	0	0	7	0.1777999	49	0.0316128	0	0	0	0	0	0	0	0	0	0	0	0	0	0	0	0	0	0	9.395179
646	0	1	1	0	1	1	0	0	0	1	0	0	0	0	0	0	0	0	0	0	0	24	0	0	0	0	0	0	0	0	0	0	0	0	0	0	0	0	0	9.208271
646	0	1	0	0	0	0	0	0	0	0	0	0	0	0	0	0	0	9	0.0761999	81	0.0058064	0	0	0	0	0	0	0	0	0	0	0	0	0	0	0	0	0	0	9.2512
651	1	0	0	0	0	1	0	0	1	0	0	0	0	0	0	0	1	3	0.2032	9	0.0412902	0	0	0	0	0	0	0	0	0	0	1	0	0	0	1	0	0	0	9.93285
651	0	0	0	0	0	1	0	0	1	0	0	0	0	0	0	-3	0	8	0.1016001	64	0.0103226	0	0	0	0	0	0	0	0	0	0	1	0	0	0	0	0	0	0	9.101377
651	0	0	0	1	0	0	0	0	1	0	0	0	0	1	1	0	0	7	0	49	0	0	0	1.5494	0	0	0	0	0	0	0	1	0	0	1	0	0	0	0	8.938133
651	0	0	0	0	0	0	0	0	1	0	0	0	0	0	1	-3	0	2	0.127	4	0.016129	0	0	0	0	0	0	0	0	0	0	1	0	0	0	0	0	0	0	9.403425
651	0	0	0	0	0	0	0	0	1	0	0	0	0	1	1	0	0	7	0.127	49	0.016129	0	0	0	0	0	0	0	0	0	0	1	0	0	1	0	0	0	0	8.738888
651	0	1	0	1	0	0	1	0	0	0	0	0	0	0	0	0	0	11	0	121	0	0	0	1.5494	0	0	0	0	0	0	0	0	0	0	0	0	0	0	0	9.440964
651	0	0	0	1	0	1	0	0	1	0	0	0	0	1	0	0	0	7	0	49	0	0	0	1.5494	0	0	0	0	0	0	0	1	0	0	1	0	0	0	0	8.883064
651	0	0	0	1	0	0	0	0	1	0	0	0	0	0	1	-3	0	6	0	36	0	0	0	1.5494	0	0	0	0	0	0	0	1	0	0	0	0	0	0	0	9.283176
651	1	0	0	0	0	0	1	0	0	0	0	0	0	1	0	0	0	11	0.2006	121	0.0402404	0	0	0	0	0	0	0	0	0	0	0	0	0	1	0	0	0	0	9.410738
651	0	0	0	1	0	0	0	0	0	0	0	0	0	0	1	-2	0	7	0	49	0	0	0	1.5494	0	0	0	0	0	0	0	0	1	0	0	0	0	0	0	8.99223
651	0	1	0	0	0	0	1	0	1	0	0	0	0	0	0	0	0	8	0.127	64	0.016129	0	0	0	0	0	0	0	0	0	0	1	0	0	0	0	0	0	0	8.883064
651	1	1	0	0	0	0	1	0	1	0	0	0	0	0	0	0	0	8	0.1778001	64	0.0316129	0	0	0	0	0	0	0	0	0	0	1	0	0	0	0	0	0	0	8.99223
651	1	0	0	1	0	0	0	0	1	0	0	0	0	0	1	0	1	0	0	0	0	0	0	1.5494	0	0	0	0	0	0	0	1	0	0	0	1	0	0	0	9.25949
651	1	1	0	0	0	0	0	0	1	0	0	0	0	0	1	0	0	2	0.127	4	0.016129	0	0	0	0	0	0	0	0	0	0	1	0	0	0	0	0	0	0	9.321049
651	0	1	0	0	0	0	1	0	1	0	0	0	0	0	0	0	0	6	0.0508001	36	0.0025806	0	0	0	0	0	0	0	0	0	0	1	0	0	0	0	0	0	0	8.883064
652	0	1	0	0	0	0	1	0	1	0	0	0	0	0	0	0	0	3	0.127	9	0.016129	0	0	0	0	0	0	0	0	0	0	1	0	0	0	0	0	0	0	8.992212
652	0	0	0	0	0	0	0	0	1	0	0	0	0	1	1	0	0	4	0.079	16	0.006241	0	0	0	0	0	0	0	0	0	0	1	0	0	0	0	0	0	0	9.848722
652	0	0	0	0	0	0	1	0	1	0	0	0	0	1	0	0	0	3	0.1015999	9	0.0103225	0	0	0	0	0	0	0	0	0	0	1	0	0	0	0	0	0	0	9.848722
652	0	0	0	0	0	0	1	0	1	0	0	0	0	1	0	0	0	4	0.2286	16	0.052258	0	0	0	0	0	0	0	0	0	0	1	0	0	0	0	0	0	0	9.848722
652	0	0	0	0	0	0	1	0	0	0	0	0	0	1	0	0	0	3	0.1524	9	0.0232258	0	0	0	0	0	0	0	0	0	0	0	0	0	0	0	0	0	0	9.668618
652	0	0	0	0	0	0	0	0	0	0	0	0	0	1	1	0	0	2	0.1015999	4	0.0103225	0	0	0	0	0	0	0	0	0	0	0	0	0	0	0	0	0	0	9.689184
652	0	0	1	1	1	0	1	0	0	0	0	0	0	1	0	0	0	0	0	0	0	25	0	1.651	0	0	0	0	0	0	0	0	0	0	0	0	0	0	0	9.208271
652	0	0	0	0	0	1	0	0	1	0	0	0	0	1	0	0	0	3	0.1777999	9	0.0316128	0	0	0	0	0	0	0	0	0	0	1	0	0	0	0	0	0	0	9.494866
652	0	1	0	0	0	1	0	0	0	0	0	0	0	0	0	0	0	3	0.127	9	0.016129	0	0	0	0	0	0	0	0	0	0	0	0	0	0	0	0	0	0	9.689184
654	1	0	0	0	0	0	0	0	0	0	0	0	0	1	1	0	0	5	0.0508001	25	0.0025806	0	0	0	0	0	0	0	0	0	0	0	0	0	0	0	0	0	0	8.825611
654	1	0	0	0	0	0	0	0	0	0	0	0	0	1	1	0	0	6	0.1524	36	0.0232258	0	0	0	0	0	0	0	0	0	0	1	0	0	0	0	0	0	0	9.501439
654	0	0	1	0	0	0	0	0	0	0	0	0	0	1	1	0	0	0	0.0508001	0	0.0025806	25	0	0	0	0	0	0	0	0	0	1	0	0	0	0	0	0	0	9.044147
654	0	0	0	0	0	0	0	0	0	0	0	0	0	1	1	0	0	10	0.1016001	100	0.0103226	0	0	0	0	0	0	0	0	0	0	1	0	0	0	0	0	0	0	8.99223
654	0	1	0	0	0	0	0	0	0	0	0	0	0	0	1	0	0	9	0.1016001	81	0.0103226	0	0	0	0	0	0	0	0	0	0	0	0	0	0	0	0	0	0	9.238695
654	0	0	0	0	0	0	1	0	0	0	0	0	0	1	0	0	0	7	0.0762	49	0.0058064	0	0	0	0	0	0	0	0	0	0	1	0	0	0	0	0	0	0	9.235896
654	0	0	0	0	0	1	0	0	0	0	0	0	0	1	0	0	0	9	0.0762	81	0.0058064	0	0	0	0	0	0	0	0	0	0	0	0	0	0	0	0	0	0	9.286845
654	0	0	0	0	0	0	1	0	0	0	0	0	0	1	0	0	0	10	0	100	0	0	0	0	0	0	0	0	0	0	0	0	0	0	0	0	0	0	0	9.588308
654	1	0	0	0	0	0	0	0	0	0	0	0	0	1	1	0	0	5	0.0762	25	0.0058064	0	0	0	0	0	0	0	0	0	0	1	0	0	0	0	0	0	0	10.07391
654	1	0	0	0	0	0	0	0	0	0	0	0	0	1	1	0	0	5	0.1778001	25	0.0316129	0	0	0	0	0	0	0	0	0	0	0	0	0	0	0	0	0	0	9.2512
654	0	0	0	0	0	0	0	0	0	0	0	0	0	1	1	0	0	8	-0.0761999	64	0.0058064	0	0	0	0	0	0	0	0	0	0	0	0	0	0	0	0	0	0	9.069401
654	0	0	0	0	0	0	1	0	0	0	0	0	0	1	0	0	0	13	0.0381	169	0.0014516	0	0	0	0	0	0	0	0	0	0	0	0	0	0	0	0	0	0	9.260187
654	0	0	0	0	0	0	0	0	0	0	0	0	0	1	1	0	0	9	0	81	0	0	0	0	0	0	0	0	0	0	0	0	0	0	0	0	0	0	0	8.998067
654	0	0	0	0	0	1	0	0	0	0	0	0	0	1	0	0	0	7	0.0508001	49	0.0025806	0	0	0	0	0	0	0	0	0	0	1	0	0	0	0	0	0	0	8.99223
654	1	0	0	0	0	0	1	0	0	0	0	0	0	1	0	0	0	4	0.0762	16	0.0058064	0	0	0	0	0	0	0	0	0	0	0	0	0	0	0	0	0	0	9.235896
655	0	0	0	0	0	0	1	0	0	0	0	0	0	0	0	0	2	8	0.1143	64	0.0130645	0	0	0	0	0	0	0	0	0	0	0	0	0	0	0	1	0	0	9.127307
655	0	0	0	0	0	0	0	0	0	0	0	0	0	1	1	0	0	5	0.0889	25	0.0079032	0	0	0	0	0	0	0	0	0	0	1	0	0	1	0	0	0	0	8.990049
655	1	0	0	0	0	1	0	0	0	0	0	0	0	1	0	0	0	9	0.1905	81	0.0362903	0	0	0	0	0	0	0	0	0	0	1	0	0	1	0	0	0	0	8.99223
655	1	0	0	0	0	0	0	0	0	0	0	0	0	1	1	0	0	7	0.2667	49	0.0711289	0	0	0	0	0	0	0	0	0	0	0	0	0	1	0	0	0	0	9.179138
655	0	0	0	0	0	1	0	0	0	0	0	0	0	0	0	0	1	9	0.1396999	81	0.0195161	0	0	0	0	0	0	0	0	0	0	0	0	0	0	1	0	0	0	9.328186
655	0	0	0	0	1	0	1	0	0	1	0	0	0	1	0	0	0	10	0.1777999	100	0.0316128	0	0	0	0	0	0	0	0	0	0	0	0	0	1	0	0	0	0	9.208271
655	0	0	0	0	0	0	0	0	0	0	0	0	0	1	1	0	0	12	0.0635	144	0.0040323	0	0	0	0	0	0	0	0	0	0	0	0	0	1	0	0	0	0	9.002979
655	1	0	0	0	0	0	0	0	0	0	0	0	0	1	1	0	0	8	0.1524	64	0.0232258	0	0	0	0	0	0	0	0	0	0	1	0	0	1	0	0	0	0	9.848722
655	0	1	0	1	0	1	0	0	0	0	0	0	0	0	0	0	0	27	0	729	0	0	0	1.5367	0	0	0	0	0	0	0	1	0	0	0	0	0	0	0	9.328186
655	1	0	0	0	0	0	0	0	0	0	0	0	0	1	1	0	0	11	0.2413	121	0.0582257	0	0	0	0	0	0	0	0	0	0	1	0	0	1	0	0	0	0	9.697474
655	1	0	0	0	0	0	0	0	0	0	0	0	0	1	1	0	0	7	0.0889	49	0.0079032	0	0	0	0	0	0	0	0	0	0	1	0	0	1	0	0	0	0	9.876092
656	1	0	0	0	0	1	0	0	0	0	0	0	0	0	0	-4	0	9	0.1015999	81	0.0103225	0	0	0	0	0	0	0	0	-4	0	1	0	0	0	0	0	0	0	9.438108
656	0	0	0	0	0	0	1	0	0	0	0	0	0	0	0	0	0	6	0.2285999	36	0.0522579	0	0	0	0	0	0	0	0	0	0	0	0	0	0	1	0	0	0	9.440964
656	1	0	0	0	0	0	0	0	0	0	0	0	0	0	1	0	0	7	0.0889	49	0.0079032	0	0	0	0	0	0	0	0	0	0	1	0	0	0	1	0	0	0	9.757976
656	0	1	0	0	0	1	0	0	0	0	0	0	0	0	0	0	0	7	0.0889	49	0.0079032	0	0	0	0	0	0	0	0	0	1	0	0	0	0	0	0	0	0	9.107232
656	1	0	0	0	0	1	0	0	0	0	0	0	0	0	0	0	0	7	0.0761999	49	0.0058064	0	0	0	0	0	0	0	0	0	0	1	0	0	0	1	0	0	0	9.235896
656	0	0	0	0	0	0	0	0	0	0	0	0	0	0	1	0	0	7	0.127	49	0.016129	0	0	0	0	0	0	0	0	0	0	1	0	0	0	1	0	0	0	9.107023
656	0	0	0	0	0	0	0	0	0	0	0	0	0	0	1	0	3	8	0.1015999	64	0.0103225	0	0	0	0	0	0	0	0	3	0	1	0	0	0	0	0	0	1	9.044147
656	0	0	0	0	0	0	1	0	0	0	0	0	0	0	0	0	3	6	0.0761999	36	0.0058064	0	0	0	0	0	0	0	0	3	0	0	0	0	0	0	0	0	1	8.938133
656	0	0	0	0	0	1	0	0	0	0	0	0	0	1	0	0	0	7	0.1015999	49	0.0103225	0	0	0	0	0	0	0	1	0	0	0	0	0	0	1	0	0	0	9.371115
656	0	0	0	1	0	1	0	0	0	0	0	0	0	0	0	0	0	8	0	64	0	0	0	1.6002	0	0	0	0	0	0	0	0	0	0	0	1	0	0	0	8.771515
656	0	1	0	0	0	0	1	0	0	0	0	0	0	0	0	0	0	6	0.1015999	36	0.0103225	0	0	0	0	0	0	0	0	0	1	0	0	0	0	0	0	0	0	8.825611
656	0	0	0	0	0	0	0	0	0	0	0	0	0	0	1	0	3	8	0.1523999	64	0.0232257	0	0	0	0	0	0	0	0	3	0	0	0	0	0	0	0	0	1	9.2512
656	0	0	0	0	0	0	1	0	0	0	0	0	0	0	0	0	1	8	0.2285999	64	0.0522579	0	0	0	0	0	0	0	0	1	0	0	0	0	0	0	1	0	0	9.235896
659	0	0	0	0	0	0	0	0	1	0	0	0	0	1	1	0	0	6	0.2032	36	0.0412902	0	0	0	0	1	0	0	0	0	0	1	0	0	0	0	0	0	0	9.044147
659	1	1	1	1	0	0	0	0	1	0	0	0	0	0	1	0	0	0	0	0	0	27	0	1.6002	0	0	0	1	0	0	0	1	0	0	0	0	0	0	0	9.235896
659	0	0	0	0	0	1	0	0	0	0	0	0	0	1	0	0	0	5	0.1777999	25	0.0316128	0	0	0	0	1	0	0	0	0	0	0	0	0	0	0	0	0	0	9.288423
659	1	0	0	0	0	0	0	0	1	0	0	0	0	1	1	0	0	5	0.1777999	25	0.0316128	0	0	0	0	1	0	0	0	0	0	1	0	0	0	0	0	0	0	8.99223
659	0	0	0	0	0	1	0	0	0	0	0	0	0	1	0	0	0	7	0.1015999	49	0.0103225	0	0	0	0	1	0	0	0	0	0	0	0	0	0	0	0	0	0	9.2512
659	0	0	0	0	0	0	0	0	0	0	0	0	0	1	1	0	0	5	0.127	25	0.016129	0	0	0	0	1	0	0	0	0	0	0	0	0	0	0	0	0	0	9.494866
659	1	1	0	0	0	1	0	0	1	0	0	0	0	0	0	0	0	8	0.2032	64	0.0412902	0	0	0	0	0	0	1	0	0	0	1	0	0	0	0	0	0	0	8.957477
659	0	1	0	1	1	0	1	0	0	0	0	0	0	0	0	0	0	9	0	81	0	0	0	1.6002	0	0	0	1	0	0	0	0	0	0	0	0	0	0	0	9.371115
659	0	0	0	0	0	0	0	0	0	0	0	0	0	1	1	0	0	8	0.1015999	64	0.0103225	0	0	0	0	1	0	0	0	0	0	0	0	0	0	0	0	0	0	9.2512
659	0	1	0	1	0	1	0	0	1	0	0	0	0	0	0	0	0	7	0	49	0	0	0	1.6002	0	0	0	1	0	0	0	1	0	0	0	0	0	0	0	9.127307
659	0	1	0	0	0	0	1	0	1	0	0	0	0	0	0	0	0	6	0.0761999	36	0.0058064	0	0	0	0	0	0	1	0	0	0	1	0	0	0	0	0	0	0	9.2512
659	1	1	1	1	0	1	0	0	1	0	0	0	0	0	0	0	0	0	0	0	0	27	0	1.6002	0	0	0	1	0	0	0	1	0	0	0	0	0	0	0	8.99223
659	0	0	0	0	0	0	0	0	0	0	0	0	0	1	1	0	0	7	0.1015999	49	0.0103225	0	0	0	0	1	0	0	0	0	0	0	0	0	0	0	0	0	0	8.99223
659	0	0	0	0	0	0	1	0	0	0	0	0	0	1	0	0	0	10	0.1015999	100	0.0103225	0	0	0	0	1	0	0	0	0	0	0	0	0	0	0	0	0	0	9.015304
659	1	0	0	0	0	0	0	0	0	0	0	0	0	1	1	0	0	5	0.1015999	25	0.0103225	0	0	0	0	1	0	0	0	0	0	0	0	0	0	0	0	0	0	9.49507
660	0	0	0	0	0	1	0	0	0	0	0	0	0	0	0	0	1	6	0.2285999	36	0.0522579	0	0	0	0	0	0	0	0	1	0	1	0	0	0	0	1	0	0	8.771515
660	1	0	0	0	0	0	0	0	0	0	0	0	0	1	0	0	0	3	0.127	9	0.016129	0	0	0	0	0	0	0	1	0	0	0	0	0	0	1	0	0	0	8.99223
660	1	0	0	0	0	0	0	0	0	0	0	0	0	1	0	0	0	8	0.2285999	64	0.0522579	0	0	0	0	0	0	0	1	0	0	1	0	0	0	1	0	0	0	9.804187
660	0	0	0	0	0	1	0	0	0	0	0	0	0	0	0	0	1	4	0.0508	16	0.0025806	0	0	0	0	0	0	0	0	1	0	0	0	0	0	0	1	0	0	8.825611
660	0	1	0	0	0	0	1	0	0	0	1	0	0	0	0	0	0	5	0.1523999	25	0.0232257	0	0	0	0	0	0	0	0	0	1	0	0	0	0	0	0	0	0	9.2512
660	1	1	0	0	0	0	0	0	0	0	0	0	0	0	0	0	0	6	0.2032	36	0.0412902	0	0	0	0	0	0	0	0	0	1	1	0	0	0	0	0	0	0	9.410738
660	0	1	1	1	0	0	1	0	0	0	1	0	0	0	0	0	0	0	0	0	0	26	0	1.6002	0	0	0	0	0	0	1	0	0	0	0	0	0	0	0	8.938133
660	0	0	0	0	0	0	0	0	0	0	0	0	0	1	0	0	0	5	0.1015999	25	0.0103225	0	0	0	0	0	0	0	1	0	0	0	0	0	0	1	0	0	0	9.2512
660	1	0	0	0	0	1	0	0	0	0	0	0	0	0	0	0	1	3	0.0253999	9	0.0006452	0	0	0	0	0	0	0	0	1	0	1	0	0	0	0	1	0	0	10.03874
660	0	0	0	0	0	0	0	0	0	0	0	0	0	0	0	-1	0	9	0	81	0	0	0	0	0	0	0	0	0	-1	0	1	0	0	1	0	0	0	0	8.938133
660	0	1	0	0	0	0	1	0	0	0	1	0	0	0	0	0	0	8	0.0761999	64	0.0058064	0	0	0	0	0	0	0	0	0	1	1	0	0	0	0	0	0	0	8.99223
660	0	0	0	0	0	0	0	0	0	0	0	0	0	0	0	-1	0	9	0.0253999	81	0.0006452	0	0	0	0	0	0	0	0	-1	0	1	0	0	1	0	0	0	0	9.101377
660	0	0	0	0	0	1	0	0	0	0	0	0	0	0	0	0	0	6	0.127	36	0.016129	0	0	0	0	0	0	0	0	0	0	0	0	0	0	1	0	0	0	9.101377
660	0	0	0	0	0	1	0	0	0	0	0	0	0	0	0	0	1	8	0.0508	64	0.0025806	0	0	0	0	0	0	0	0	1	0	1	0	0	0	0	1	0	0	9.848722
660	1	0	0	0	0	0	0	0	0	0	0	0	0	1	0	0	0	5	0.1523999	25	0.0232257	0	0	0	0	0	0	0	1	0	0	0	0	0	0	1	0	0	0	8.99223
662	0	0	0	0	0	0	0	0	0	0	0	0	0	1	1	0	0	8	0	64	0	0	0	0	1.7526	0	0	0	0	0	0	0	0	0	1	0	0	0	0	9.689184
662	0	0	0	0	0	0	0	0	0	0	0	0	0	1	1	0	0	5	0	25	0	0	0	0	1.6256	0	0	0	0	0	0	0	0	0	1	0	0	0	0	9.408338
662	1	0	0	0	0	1	0	0	0	0	0	0	0	1	0	0	0	4	0	16	0	0	0	0	1.7526	0	0	0	0	0	0	0	0	0	1	0	0	0	0	9.814734
663	0	1	0	1	0	0	1	0	0	0	0	0	0	0	0	0	0	1	0	1	0	0	0	1.5494	0	0	0	0	0	0	0	0	0	0	0	0	0	0	0	8.770535
663	0	0	0	0	0	1	0	0	0	0	0	0	0	0	1	0	3	6	0.0508001	36	0.0025806	0	0	0	0	0	0	0	0	0	0	0	0	0	0	0	0	0	1	9.112145
663	0	0	0	0	0	1	0	0	0	0	0	0	0	1	1	0	0	3	0.1016001	9	0.0103226	0	0	0	0	0	0	0	0	0	0	0	0	0	0	1	0	0	0	10.07391
663	0	1	0	1	0	0	1	0	0	0	0	0	0	0	0	0	0	27	0	729	0	0	0	1.5494	0	0	0	0	0	0	0	1	0	0	0	0	0	0	0	8.883064
663	0	1	1	1	1	0	1	0	0	1	0	0	0	0	0	0	0	0	0	0	0	26	0	1.5494	0	0	0	0	0	0	0	0	0	0	0	0	0	0	0	9.035684
663	0	0	0	0	0	0	0	0	0	0	0	0	0	0	0	-1	0	2	0.1016001	4	0.0103226	0	0	0	0	0	0	0	0	0	0	1	0	0	1	0	0	0	0	8.799023
663	1	1	0	0	1	0	1	0	0	1	0	0	0	0	0	0	0	9	0.1778001	81	0.0316129	0	0	0	0	0	0	0	0	0	0	0	0	0	0	0	0	0	0	9.158544
663	0	0	0	0	0	0	0	0	0	0	0	0	0	1	0	0	0	5	0.127	25	0.016129	0	0	0	0	0	0	0	0	0	0	0	0	0	0	1	0	0	0	8.825611
663	1	1	1	1	0	0	1	0	0	0	0	0	0	0	0	0	0	0	0	0	0	26	0	1.5494	0	0	0	0	0	0	0	0	0	0	0	0	0	0	0	9.208271
663	0	1	0	1	0	0	1	0	0	0	0	0	0	0	0	0	0	6	0	36	0	0	0	1.5494	0	0	0	0	0	0	0	1	0	0	0	0	0	0	0	9.403425
663	0	1	0	0	0	0	1	0	0	0	0	0	0	0	0	0	0	3	0.2032	9	0.0412902	0	0	0	0	0	0	0	0	0	0	1	0	0	0	0	0	0	0	9.814734
663	0	0	0	0	0	1	0	0	0	0	0	0	0	0	1	0	0	8	0.127	64	0.016129	0	0	0	0	0	0	0	0	0	0	1	0	0	0	1	0	0	0	8.960319
664	0	0	0	0	0	0	0	0	0	0	0	0	0	1	1	0	0	8	0.0761999	64	0.0058064	0	0	0	0	0	0	0	0	0	0	0	0	0	1	0	0	0	0	9.660872
664	1	0	0	0	1	0	1	0	0	1	0	0	0	1	0	0	0	1	0.2032	1	0.0412902	0	0	0	0	0	0	0	0	0	0	0	0	0	1	0	0	0	0	9.235896
664	1	1	0	0	1	0	1	0	0	1	0	0	0	0	0	0	0	5	0.0761999	25	0.0058064	0	0	0	0	0	0	0	0	0	0	0	0	0	0	0	0	0	0	9.532089
664	0	0	0	0	1	0	1	0	0	1	0	0	0	0	0	-1	0	7	0.127	49	0.016129	0	0	0	0	0	0	0	0	0	0	0	0	1	0	0	0	0	0	8.99223
664	0	0	0	0	0	0	0	0	0	0	0	0	0	1	1	0	0	5	0.1777999	25	0.0316128	0	0	0	0	0	0	0	0	0	0	1	0	0	1	0	0	0	0	9.689184
664	0	0	0	0	0	0	0	0	0	0	0	0	0	1	1	0	0	7	0.0761999	49	0.0058064	0	0	0	0	0	0	0	0	0	0	0	0	0	1	0	0	0	0	8.99223
664	1	0	0	0	0	0	0	0	0	0	0	0	0	1	1	0	0	9	0.127	81	0.016129	0	0	0	0	0	0	0	0	0	0	0	0	0	1	0	0	0	0	9.288423
664	1	0	0	0	0	0	0	0	0	0	0	0	0	1	1	0	0	5	0.0508	25	0.0025806	0	0	0	0	0	0	0	0	0	0	0	0	0	1	0	0	0	0	9.410738
664	1	0	0	0	1	0	0	0	0	1	0	0	0	1	1	0	0	10	0.127	100	0.016129	0	0	0	0	0	0	0	0	0	0	0	0	0	1	0	0	0	0	9.303116
664	0	0	0	0	1	0	0	0	0	1	0	0	0	1	1	0	0	11	0.2032	121	0.0412902	0	0	0	0	0	0	0	0	0	0	0	0	0	1	0	0	0	0	8.888406
664	0	0	0	0	0	0	0	0	0	0	0	0	0	0	1	0	0	4	0.2285999	16	0.0522579	0	0	0	0	0	0	0	0	0	0	0	0	0	1	0	0	0	0	9.367809
664	0	0	0	0	0	0	0	0	0	0	0	0	0	1	1	0	0	3	0.0761999	9	0.0058064	0	0	0	0	0	0	0	0	0	0	0	0	0	1	0	0	0	0	9.2512
664	0	0	0	0	0	0	0	0	0	0	0	0	0	1	1	0	0	6	0.1523999	36	0.0232257	0	0	0	0	0	0	0	0	0	0	0	0	0	1	0	0	0	0	8.99223
664	0	0	0	1	0	0	0	0	0	0	0	0	0	0	1	0	1	7	0	49	0	0	0	1.6002	0	0	0	0	0	0	0	0	0	0	0	1	0	0	0	9.321049
664	0	1	0	0	0	0	1	0	0	0	0	0	0	0	0	0	0	6	0.1523999	36	0.0232257	0	0	0	0	0	0	0	0	0	0	1	0	0	0	0	0	0	0	8.883064
666	0	0	0	0	0	0	0	0	0	0	0	0	0	1	0	0	0	6	0.0634999	36	0.0040322	0	0	0	0	0	0	0	0	0	0	0	0	0	1	0	0	0	0	9.93285
666	0	1	0	0	0	0	0	0	0	0	0	0	0	0	0	0	0	7	0.0508	49	0.0025806	0	0	0	0	0	0	0	0	0	0	1	0	0	0	0	0	0	0	9.208271
666	0	0	0	0	0	1	0	0	0	0	0	0	0	1	1	0	0	6	0.1396999	36	0.0195161	0	0	0	0	0	0	0	0	0	0	1	0	0	1	0	0	0	0	9.830038
666	0	0	0	1	1	1	0	0	0	1	0	0	0	1	1	0	0	5	0	25	0	0	0	1.5748	0	0	0	0	0	0	0	0	0	0	1	0	0	0	0	10.0737
666	0	0	1	1	0	1	0	0	0	0	0	0	0	0	1	0	2	0	0	0	0	25	0	1.5748	0	0	0	0	0	0	0	1	0	0	0	0	1	0	0	9.689184
666	0	0	0	0	0	1	0	0	0	0	0	0	0	1	1	0	0	3	0.0254	9	0.0006452	0	0	0	0	0	0	0	0	0	0	0	0	0	1	0	0	0	0	9.571068
666	0	0	0	0	1	0	0	0	0	1	0	0	0	1	0	0	0	9	0.0254	81	0.0006452	0	0	0	0	0	0	0	0	0	0	0	0	0	1	0	0	0	0	9.848722
666	0	0	0	0	0	0	0	0	0	0	0	0	0	1	0	0	0	7	0.1015999	49	0.0103225	0	0	0	0	0	0	0	0	0	0	1	0	0	1	0	0	0	0	9.848722
666	0	0	0	0	0	1	0	0	0	0	0	0	0	1	1	0	0	4	0.1777999	16	0.0316128	0	0	0	0	0	0	0	0	0	0	1	0	0	1	0	0	0	0	9.7411
666	0	0	0	0	0	0	0	0	0	0	0	0	0	1	0	0	0	6	0.2032	36	0.0412902	0	0	0	0	0	0	0	0	0	0	1	0	0	1	0	0	0	0	9.989575
667	0	1	0	0	0	0	1	0	0	0	0	0	0	0	0	0	0	6	0.127	36	0.016129	0	0	0	0	0	0	0	0	0	0	0	0	0	0	0	0	0	0	9.121804
667	1	0	0	0	1	0	0	0	0	1	0	0	0	1	1	0	0	5	0.2032	25	0.0412902	0	0	0	0	0	0	0	0	0	0	0	0	0	0	1	0	0	0	9.689184
667	1	0	0	0	0	1	0	0	0	0	0	0	0	0	0	0	0	8	0.1524	64	0.0232258	0	0	0	0	0	0	0	0	0	0	0	0	0	0	1	0	0	0	8.99223
667	1	0	0	0	0	0	0	0	0	0	0	0	0	1	1	0	0	3	0.127	9	0.016129	0	0	0	0	0	0	0	0	0	0	0	0	0	0	1	0	0	0	9.848722
667	0	1	0	0	0	0	1	0	0	0	0	0	0	0	0	0	0	7	0.1015999	49	0.0103225	0	0	0	0	0	0	0	0	0	0	0	0	0	0	0	0	0	0	8.99223
667	1	0	0	0	0	0	0	0	0	0	0	0	0	1	1	0	0	8	0.0508	64	0.0025806	0	0	0	0	0	0	0	0	0	0	1	0	0	0	1	0	0	0	9.848722
667	0	1	0	0	0	0	1	0	0	0	0	0	0	0	0	0	0	9	0.0508	81	0.0025806	0	0	0	0	0	0	0	0	0	0	1	0	0	0	0	0	0	0	8.99223
667	1	0	0	0	0	0	0	0	0	0	0	0	0	1	1	0	0	5	0.1015999	25	0.0103225	0	0	0	0	0	0	0	0	0	0	0	0	0	0	1	0	0	0	8.825611
668	1	0	0	0	0	1	0	0	0	0	0	0	0	1	0	0	0	6	0.1524	36	0.0232258	0	0	0	0	0	0	0	0	0	0	1	0	0	0	0	0	0	0	9.2512
668	0	0	0	0	0	0	0	0	0	0	0	0	0	1	0	0	0	1	0.0254	1	0.0006452	0	0	0	0	0	0	0	0	0	0	0	0	0	0	0	0	0	0	8.99223
668	0	0	0	0	1	0	0	0	0	1	0	0	0	1	0	0	0	4	-0.1015999	16	0.0103225	0	0	0	0	0	0	0	0	0	0	0	0	0	0	0	0	0	0	8.99223
668	0	1	0	0	0	0	1	0	0	0	1	0	0	0	0	0	0	10	0.1524	100	0.0232258	0	0	0	0	0	0	0	0	0	0	0	0	0	0	0	0	0	0	9.689184
668	0	1	0	0	0	1	0	0	0	0	0	0	0	0	0	0	0	8	0.0508	64	0.0025806	0	0	0	0	0	0	0	0	0	0	1	0	0	0	0	0	0	0	8.99223
668	0	0	0	1	0	1	0	0	0	0	0	0	0	1	0	0	0	7	0	49	0	0	0	1.6256	0	0	0	0	0	0	0	1	0	0	0	0	0	0	0	8.99223
668	0	1	0	0	0	0	1	0	0	0	1	0	0	0	0	0	0	2	0.1524	4	0.0232258	0	0	0	0	0	0	0	0	0	0	0	0	0	0	0	0	0	0	8.99223
668	1	1	0	0	1	0	0	0	0	1	0	0	0	0	0	0	0	8	0.2794	64	0.0780644	0	0	0	0	0	0	0	0	0	0	0	0	0	0	0	0	0	0	9.328186
668	1	0	0	0	0	1	0	0	0	0	0	0	0	1	0	0	0	6	0.1778001	36	0.0316129	0	0	0	0	0	0	0	0	0	0	0	0	0	0	0	0	0	0	9.321049
668	1	1	0	0	1	0	1	0	0	1	1	0	0	0	0	0	0	5	0.1016001	25	0.0103226	0	0	0	0	0	0	0	0	0	0	0	0	0	0	0	0	0	0	10.0737
668	0	0	0	0	1	0	0	0	0	1	0	0	0	1	0	0	0	3	0.1044	9	0.0108994	0	0	0	0	0	0	0	0	0	0	0	0	0	0	0	0	0	0	9.689184
668	1	0	0	0	0	0	1	0	0	0	1	0	0	1	0	0	0	7	0.0762	49	0.0058064	0	0	0	0	0	0	0	0	0	0	1	0	0	0	0	0	0	0	8.99223
668	0	0	0	0	0	1	0	0	0	0	0	0	0	0	0	0	4	6	0.1778001	36	0.0316129	0	0	0	0	0	0	0	0	0	0	1	0	0	0	1	0	0	0	9.571068
668	0	1	0	0	0	0	0	0	0	0	0	0	0	0	0	0	0	8	0.1016001	64	0.0103226	0	0	0	0	0	0	0	0	0	0	0	0	0	0	0	0	0	0	9.101377
668	0	0	0	0	0	0	0	0	0	0	0	0	0	0	0	0	3	17	0.0508	289	0.0025806	0	0	0	0	0	0	0	0	0	0	1	0	0	1	0	0	0	0	9.989575
670	1	1	1	1	0	0	1	0	0	0	0	1	1	0	0	0	0	0	0	0	0	0	0	0	0	0	0	0	0	0	0	1	0	0	0	0	0	0	0	9.208271
670	0	0	1	1	0	0	1	0	0	0	0	1	1	1	0	0	0	0	0	0	0	0	0	0	0	0	0	0	0	0	0	0	0	0	0	0	0	0	0	8.99223
670	0	1	1	1	1	0	1	0	0	1	0	1	1	0	0	0	0	0	0	0	0	0	0	0	0	0	0	0	0	0	0	0	0	0	0	0	0	0	0	9.208271
670	0	0	0	1	0	0	1	0	0	0	0	0	1	1	0	0	0	0	0	0	0	0	30	0	0	0	0	0	0	0	0	0	0	0	0	0	0	0	0	8.938133
670	1	0	0	0	0	1	0	0	0	0	0	0	0	1	1	0	0	0	0	0	0	0	31	0	1.6637	0	0	0	0	0	0	1	0	0	0	0	0	0	0	9.848722
670	0	0	1	1	0	0	1	0	0	0	0	1	1	0	0	0	5	0	0	0	0	0	0	0	0	0	0	0	0	0	0	0	0	0	0	0	1	0	0	9.053135
670	1	0	0	0	1	0	1	0	0	1	0	0	0	1	0	0	0	0	0	0	0	0	33	0	1.6764	0	0	0	0	0	0	0	0	0	0	0	0	0	0	8.938133
670	0	1	0	0	0	0	1	0	0	0	0	0	0	0	0	0	0	0	0	0	0	0	30	0	1.778	0	0	0	0	0	0	0	0	0	0	0	0	0	0	8.938133
670	0	0	0	0	1	0	1	0	0	1	0	0	0	1	0	0	0	0	0	0	0	0	29	0	1.7018	0	0	0	0	0	0	0	0	0	0	0	0	0	0	8.771515
670	0	0	1	1	0	0	0	0	0	0	0	1	1	1	0	0	0	0	0	0	0	0	0	0	0	0	0	0	0	0	0	0	0	0	0	0	0	0	0	8.938133
670	0	1	1	1	1	0	1	0	0	1	0	1	1	0	0	0	0	0	0	0	0	0	0	0	0	0	0	0	0	0	0	0	0	0	0	0	0	0	0	9.208271
670	1	0	0	1	0	0	1	0	0	0	0	0	1	1	0	0	0	0	0	0	0	0	26	0	0	0	0	0	0	0	0	1	0	0	0	0	0	0	0	9.035441
672	0	0	0	0	0	0	0	0	0	0	0	0	0	1	1	0	0	2	0.0254	4	0.0006452	0	0	0	0	1	0	0	0	0	0	0	0	0	0	0	0	0	0	9.288423
672	0	0	0	0	0	0	0	0	1	0	0	0	0	1	1	0	0	5	0.127	25	0.016129	0	0	0	0	1	0	0	0	0	0	1	0	0	0	0	0	0	0	9.107232
672	0	0	1	1	0	0	0	0	0	0	0	0	0	1	1	0	0	0	0	0	0	30	0	1.5494	0	1	0	0	0	0	0	0	0	0	0	0	0	0	0	9.451937
672	0	0	0	0	0	0	1	0	1	0	0	0	0	1	0	0	0	5	0.127	25	0.016129	0	0	0	0	1	0	0	0	0	0	1	0	0	0	0	0	0	0	8.99223
672	0	0	0	0	0	0	1	0	0	0	0	0	0	1	0	0	0	6	0.127	36	0.016129	0	0	0	0	1	0	0	0	0	0	0	0	0	0	0	0	0	0	9.2512
672	0	0	0	1	0	0	0	0	0	0	0	0	0	1	1	0	0	8	0	64	0	0	0	1.5494	0	1	0	0	0	0	0	0	0	0	0	0	0	0	0	9.288423
672	0	0	0	0	0	0	0	0	1	0	0	0	0	1	1	0	0	4	0.2032	16	0.0412902	0	0	0	0	1	0	0	0	0	0	1	0	0	0	0	0	0	0	8.825611
672	0	0	0	0	0	0	0	0	1	0	0	0	0	1	1	0	0	5	0.0381	25	0.0014516	0	0	0	0	1	0	0	0	0	0	1	0	0	0	0	0	0	0	9.235896
672	0	0	0	0	0	0	0	0	1	0	0	0	0	1	1	0	0	3	0.0381	9	0.0014516	0	0	0	0	1	0	0	0	0	0	1	0	0	0	0	0	0	0	9.283176
672	0	0	0	1	0	0	0	0	1	0	0	0	0	1	1	0	0	5	0	25	0	0	0	1.5494	0	1	0	0	0	0	0	1	0	0	0	0	0	0	0	8.883064
673	0	1	0	0	0	0	1	0	0	0	0	0	0	0	0	0	0	3	0.2159001	9	0.0466128	0	0	0	0	0	0	0	0	0	1	1	0	0	0	0	0	0	0	9.367809
673	0	1	0	0	0	0	1	0	0	0	0	0	0	0	0	0	0	3	0.0635	9	0.0040323	0	0	0	0	0	0	0	0	0	1	0	0	0	0	0	0	0	0	9.790168
673	1	0	0	0	0	0	0	0	0	0	0	0	0	1	1	0	0	4	0.1397001	16	0.0195161	0	0	0	0	0	0	0	1	0	0	1	0	0	1	0	0	0	0	9.689184
673	0	1	0	1	0	0	1	0	0	0	0	0	0	0	0	0	0	8	0	64	0	0	0	1.6637	0	0	0	0	0	0	1	0	0	0	0	0	0	0	0	9.328186
673	0	0	0	0	0	0	1	0	0	0	0	0	0	0	0	0	1	1	0.3175	1	0.1008062	0	0	0	0	0	0	0	0	1	0	1	0	0	0	1	0	0	0	9.689184
673	1	0	0	0	0	0	0	0	0	0	0	0	0	1	1	0	0	2	0.1143	4	0.0130645	0	0	0	0	0	0	0	1	0	0	1	0	0	1	0	0	0	0	10.09132
673	0	1	0	0	0	0	1	0	0	0	0	0	0	0	0	0	0	4	0.1397001	16	0.0195161	0	0	0	0	0	0	0	0	0	1	0	0	0	0	0	0	0	0	9.379554
673	1	0	0	0	0	0	0	0	0	0	0	0	0	0	1	-2	0	1	0.0127	1	0.0001613	0	0	0	0	0	0	0	0	-2	0	1	1	0	0	0	0	0	0	9.689184
673	0	0	0	0	0	0	0	0	0	0	0	0	0	0	1	0	1	2	0.0381	4	0.0014516	0	0	0	0	0	0	0	0	1	0	1	0	0	0	1	0	0	0	9.830038
673	0	0	0	0	0	0	0	0	0	0	0	0	0	1	1	0	0	3	0.1397001	9	0.0195161	0	0	0	0	0	0	0	1	0	0	0	0	0	1	0	0	0	0	9.235896
673	0	1	0	0	0	0	1	0	0	0	0	0	0	0	0	0	0	1	0.0889	1	0.0079032	0	0	0	0	0	0	0	0	0	1	0	0	0	0	0	0	0	0	9.689184
673	0	0	0	0	0	0	0	0	0	0	0	0	0	1	1	0	0	4	0.1651	16	0.027258	0	0	0	0	0	0	0	1	0	0	1	0	0	1	0	0	0	0	9.949953
673	0	1	0	0	0	0	1	0	0	0	0	0	0	0	0	0	0	3	0.1651	9	0.027258	0	0	0	0	0	0	0	0	0	1	0	0	0	0	0	0	0	0	9.689184
673	1	0	0	0	0	0	0	0	0	0	0	0	0	1	1	0	0	14	0.0889	196	0.0079032	0	0	0	0	0	0	0	1	0	0	1	0	0	1	0	0	0	0	10.07391
673	1	1	0	0	0	0	0	0	0	0	0	0	0	0	1	0	0	4	0.1143	16	0.0130645	0	0	0	0	0	0	0	0	0	1	1	0	0	0	0	0	0	0	9.689184
674	0	1	0	0	0	1	0	0	0	0	0	0	0	0	0	0	0	6	0.127	36	0.016129	0	0	0	0	0	0	0	0	0	1	1	0	0	0	0	0	0	0	9.571068
674	1	0	0	0	0	0	0	0	0	0	0	0	0	0	1	0	2	6	0.127	36	0.016129	0	0	0	0	0	0	0	0	2	0	1	0	0	0	0	1	0	0	9.438108
674	1	0	0	0	0	0	1	0	0	0	0	0	0	0	0	0	1	8	0.1016001	64	0.0103226	0	0	0	0	0	0	0	0	1	0	1	0	0	0	1	0	0	0	9.179138
674	0	0	0	0	1	0	0	0	0	1	0	0	0	1	1	0	0	8	0.127	64	0.016129	0	0	0	0	0	0	0	1	0	0	0	0	0	1	0	0	0	0	9.098928
674	0	0	0	0	0	0	0	0	0	0	0	0	0	1	1	0	0	7	0.127	49	0.016129	0	0	0	0	0	0	0	1	0	0	1	0	0	1	0	0	0	0	9.2512
674	1	0	0	0	0	0	0	0	0	0	0	0	0	1	1	0	0	10	0.1397001	100	0.0195161	0	0	0	0	0	0	0	1	0	0	1	0	0	1	0	0	0	0	9.989575
674	0	1	0	0	1	0	1	0	0	1	0	0	0	0	0	0	0	6	0.127	36	0.016129	0	0	0	0	0	0	0	0	0	1	0	0	0	0	0	0	0	0	9.044147
674	0	0	0	0	0	0	0	0	0	0	0	0	0	0	1	0	1	7	0.127	49	0.016129	0	0	0	0	0	0	0	0	1	0	0	0	0	0	1	0	0	0	9.410738
674	0	0	0	0	0	0	0	0	0	0	0	0	0	0	1	0	1	4	0.2286	16	0.052258	0	0	0	0	0	0	0	0	1	0	1	0	0	0	1	0	0	0	8.99223
674	1	0	0	0	0	0	0	0	0	0	0	0	0	1	1	0	0	9	0.0762	81	0.0058064	0	0	0	0	0	0	0	1	0	0	1	0	0	1	0	0	0	0	9.848722
674	1	0	0	1	0	0	0	0	0	0	0	0	0	0	1	0	1	9	0	81	0	0	0	1.5494	0	0	0	0	0	1	0	1	0	0	0	1	0	0	0	9.550129
674	0	0	0	0	1	0	0	0	0	1	0	0	0	1	1	0	0	8	0.1016001	64	0.0103226	0	0	0	0	0	0	0	1	0	0	0	0	0	1	0	0	0	0	8.99223
674	0	1	1	1	0	0	0	0	0	0	0	0	0	0	1	0	0	0	0	0	0	31	0	1.5494	0	0	0	0	0	0	1	1	0	0	0	0	0	0	0	9.098928
674	0	0	0	0	0	0	0	0	0	0	0	0	0	0	1	0	1	9	0.1524	81	0.0232258	0	0	0	0	0	0	0	0	1	0	0	0	0	0	1	0	0	0	9.044147
674	0	0	0	1	0	0	0	0	0	0	0	0	0	1	1	0	0	5	0	25	0	0	0	1.5494	0	0	0	0	1	0	0	1	0	0	1	0	0	0	0	9.070646
675	0	1	0	0	1	0	1	0	0	1	1	0	0	0	0	0	0	-11	0.0761999	121	0.0058064	0	0	0	0	0	0	0	0	0	1	0	0	0	0	0	0	0	0	8.938133
675	1	1	0	0	0	0	1	0	0	0	1	0	0	0	0	0	0	-2	0.0761999	4	0.0058064	0	0	0	0	0	0	0	0	0	1	0	0	0	0	0	0	0	0	8.825611
676	0	0	0	0	0	1	0	0	0	0	0	0	0	0	0	0	3	3	0.0634999	9	0.0040322	0	0	0	0	0	0	0	0	3	0	1	0	0	1	0	0	0	0	8.883064
676	0	1	0	0	0	0	1	0	0	0	1	0	0	0	0	0	0	8	0.2667	64	0.0711289	0	0	0	0	0	0	0	0	0	1	0	0	0	0	0	0	0	0	8.990049
676	0	1	1	1	0	0	0	0	0	0	0	0	0	0	0	0	0	0	0	0	0	30	0	1.6129	0	0	0	0	0	0	1	0	0	0	0	0	0	0	0	9.208271
676	1	0	0	0	0	0	1	0	0	0	1	0	0	1	0	0	0	6	0.1905	36	0.0362903	0	0	0	0	0	0	0	1	0	0	1	0	0	0	0	0	0	0	9.494866
676	1	0	0	0	0	1	0	0	0	0	0	0	0	0	0	0	4	5	0.0889	25	0.0079032	0	0	0	0	0	0	0	0	4	0	0	0	0	0	1	0	0	0	9.303116
676	0	0	0	0	0	0	0	0	0	0	0	0	0	0	0	0	3	-1	0.0127	1	0.0001613	0	0	0	0	0	0	0	0	3	0	0	0	0	1	0	0	0	0	9.848722
676	1	0	0	0	0	0	0	0	0	0	0	0	0	1	0	0	0	8	0.0889	64	0.0079032	0	0	0	0	0	0	0	1	0	0	1	0	0	0	0	0	0	0	9.458821
676	1	0	0	0	0	0	1	0	0	0	1	0	0	1	0	0	0	2	0.0889	4	0.0079032	0	0	0	0	0	0	0	1	0	0	1	0	0	0	0	0	0	0	9.494866
676	0	0	0	0	0	1	0	0	0	0	0	0	0	1	0	0	0	8	0.1651	64	0.027258	0	0	0	0	0	0	0	1	0	0	0	0	0	0	0	0	0	0	9.689184
676	1	0	0	0	0	0	0	0	0	0	0	0	0	1	0	0	0	9	0.0889	81	0.0079032	0	0	0	0	0	0	0	1	0	0	0	0	0	0	0	0	0	0	9.303116
678	0	0	0	0	0	0	0	0	0	0	0	0	0	1	0	0	0	7	0.127	49	0.016129	0	0	0	0	0	0	0	0	0	0	0	0	0	0	0	0	0	0	8.716446
678	0	1	0	0	0	0	1	0	0	0	1	0	0	0	0	0	0	5	0.127	25	0.016129	0	0	0	0	0	0	0	0	0	0	0	0	0	0	0	0	0	0	9.790168
678	0	1	0	0	0	0	1	0	0	0	1	0	0	0	0	0	0	6	0.1524	36	0.0232258	0	0	0	0	0	0	0	0	0	0	0	0	0	0	0	0	0	0	9.366202
678	1	0	0	1	0	0	0	0	0	0	0	0	0	1	0	0	0	4	0	16	0	0	0	1.5748	0	0	0	0	0	0	0	0	0	0	0	0	0	0	0	9.93285
678	1	0	0	0	0	0	0	0	0	0	0	0	0	1	0	0	0	7	0.2286	49	0.052258	0	0	0	0	0	0	0	0	0	0	1	0	0	0	0	0	0	0	9.438108
678	0	0	0	0	0	0	0	0	0	0	0	0	0	1	0	0	0	4	0.1143	16	0.0130645	0	0	0	0	0	0	0	0	0	0	1	0	0	0	0	0	0	0	9.2512
678	1	0	0	0	0	0	1	0	0	0	1	0	0	1	0	0	0	7	0.1524	49	0.0232258	0	0	0	0	0	0	0	0	0	0	1	0	0	0	0	0	0	0	10.07391
678	0	0	0	0	1	0	0	0	0	1	0	0	0	1	0	0	0	8	0.1524	64	0.0232258	0	0	0	0	0	0	0	0	0	0	0	0	0	0	0	0	0	0	9.069973
678	0	0	0	0	0	1	0	0	0	0	0	0	0	1	0	0	0	10	0.2539999	100	0.064516	0	0	0	0	0	0	0	0	0	0	0	0	0	0	0	0	0	0	8.848993
678	0	0	0	0	0	0	0	0	0	0	0	0	0	1	0	0	0	6	0.1524	36	0.0232258	0	0	0	0	0	0	0	0	0	0	0	0	0	0	0	0	0	0	9.2512
678	0	0	0	1	0	1	0	0	0	0	0	0	0	1	0	0	0	8	0	64	0	0	0	1.5748	0	0	0	0	0	0	0	0	0	0	0	0	0	0	0	9.208271
678	1	0	0	0	0	0	1	0	0	0	1	0	0	1	0	0	0	4	0.1524	16	0.0232258	0	0	0	0	0	0	0	0	0	0	0	0	0	0	0	0	0	0	9.989575
678	0	0	0	0	0	0	1	0	0	0	1	0	0	1	0	0	0	6	0.0762	36	0.0058064	0	0	0	0	0	0	0	0	0	0	0	0	0	0	0	0	0	0	9.303116
678	1	0	0	0	0	0	1	0	0	0	1	0	0	1	0	0	0	5	0.1905	25	0.0362903	0	0	0	0	0	0	0	0	0	0	0	0	0	0	0	0	0	0	9.597778
678	0	0	0	1	0	0	0	0	0	0	0	0	0	1	0	0	0	7	0	49	0	0	0	1.5748	0	0	0	0	0	0	0	0	0	0	0	0	0	0	0	8.883064
680	1	1	0	0	0	0	1	0	0	0	0	0	0	0	0	0	0	3	0.0508	9	0.0025806	0	0	0	0	0	0	1	0	0	0	0	0	0	0	0	0	0	0	9.002979
680	0	0	0	0	0	0	1	0	0	0	0	0	0	1	0	0	0	7	0.0762	49	0.0058064	0	0	0	0	1	0	0	0	0	0	0	0	0	0	0	0	0	0	8.99223
680	1	0	0	0	0	0	1	0	0	0	0	0	0	1	0	0	0	7	0.1524	49	0.0232258	0	0	0	0	1	0	0	0	0	0	0	0	0	0	0	0	0	0	9.438108
680	1	0	0	0	0	1	0	0	0	0	0	0	0	1	1	0	0	5	0.0508	25	0.0025806	0	0	0	0	1	0	0	0	0	0	0	0	0	0	0	0	0	0	9.101377
680	0	0	0	0	0	1	0	0	0	0	0	0	0	1	1	0	0	10	0.0381	100	0.0014516	0	0	0	0	1	0	0	0	0	0	1	0	0	0	0	0	0	0	9.069401
680	0	0	0	0	0	0	1	0	0	0	0	0	0	1	0	0	0	2	0.1524	4	0.0232258	0	0	0	0	1	0	0	0	0	0	1	0	0	0	0	0	0	0	9.235896
680	1	0	0	0	0	1	0	0	0	0	0	0	0	1	1	0	0	8	0.1016001	64	0.0103226	0	0	0	0	1	0	0	0	0	0	0	0	0	0	0	0	0	0	9.288423
680	0	0	0	0	0	1	0	0	0	0	0	0	0	1	1	0	0	1	0.1778001	1	0.0316129	0	0	0	0	1	0	0	0	0	0	0	0	0	0	0	0	0	0	9.958391
680	1	0	0	0	0	0	0	0	0	0	0	0	0	1	0	0	0	3	0.1778001	9	0.0316129	0	0	0	0	1	0	0	0	0	0	0	0	0	0	0	0	0	0	9.814734
680	0	0	0	1	0	0	0	0	0	0	0	0	0	1	0	0	0	6	0	36	0	0	0	1.6256	0	1	0	0	0	0	0	0	0	0	0	0	0	0	0	9.127307
680	0	0	0	0	0	1	0	0	0	0	0	0	0	1	1	0	0	3	0.1016001	9	0.0103226	0	0	0	0	1	0	0	0	0	0	1	0	0	0	0	0	0	0	8.883064
680	0	0	0	0	0	1	0	0	0	0	0	0	0	1	1	0	0	10	0.0508	100	0.0025806	0	0	0	0	1	0	0	0	0	0	1	0	0	0	0	0	0	0	9.680216
680	0	0	0	0	0	1	0	0	0	0	0	0	0	1	1	0	0	3	0.127	9	0.016129	0	0	0	0	1	0	0	0	0	0	0	0	0	0	0	0	0	0	9.451937
680	0	1	0	0	0	1	0	0	0	0	0	0	0	0	1	0	0	5	0.1016001	25	0.0103226	0	0	0	0	0	0	1	0	0	0	0	0	0	0	0	0	0	0	9.494866
680	0	0	0	0	0	0	0	0	0	0	0	0	0	1	0	0	0	2	0.1016001	4	0.0103226	0	0	0	0	1	0	0	0	0	0	1	0	0	0	0	0	0	0	9.235896
681	0	0	0	1	0	0	0	0	0	0	0	0	0	1	1	0	0	11	0	121	0	0	0	1.524	0	0	0	0	0	0	0	1	0	0	1	0	0	0	0	8.99223
681	0	1	1	1	0	0	0	0	0	0	0	0	0	0	1	0	0	0	0	0	0	24	0	1.524	0	0	0	0	0	0	0	0	0	0	0	0	0	0	0	8.825611
681	0	0	0	0	0	0	0	0	0	0	0	0	0	1	1	0	0	9	0.1523999	81	0.0232257	0	0	0	0	0	0	0	0	0	0	0	0	0	1	0	0	0	0	8.960689
681	0	1	0	1	0	0	0	0	0	0	0	0	0	0	1	0	0	7	0	49	0	0	0	1.524	0	0	0	0	0	0	0	0	0	0	0	0	0	0	0	8.99223
681	0	0	0	0	0	0	1	0	0	0	0	0	0	1	0	0	0	8	0.1523999	64	0.0232257	0	0	0	0	0	0	0	0	0	0	0	0	0	1	0	0	0	0	8.771515
681	0	1	1	1	0	0	1	0	0	0	0	0	0	0	0	0	0	0	0	0	0	24	0	1.524	0	0	0	0	0	0	0	1	0	0	0	0	0	0	0	8.825611
681	0	0	0	0	0	0	0	0	0	0	0	0	0	1	1	0	0	4	0.0762	16	0.0058064	0	0	0	0	0	0	0	0	0	0	0	0	0	1	0	0	0	0	9.357899
681	1	1	0	0	0	0	0	0	0	0	0	0	0	0	1	0	0	7	0.2032	49	0.0412902	0	0	0	0	0	0	0	0	0	0	1	0	0	0	0	0	0	0	8.99223
681	1	0	0	1	0	0	0	0	0	0	0	0	0	1	1	0	0	7	0	49	0	0	0	1.524	0	0	0	0	0	0	0	1	0	0	1	0	0	0	0	9.181799
681	1	1	0	0	0	0	0	0	0	0	0	0	0	0	1	0	0	6	0.1904999	36	0.0362902	0	0	0	0	0	0	0	0	0	0	1	0	0	0	0	0	0	0	8.99223
681	0	0	0	0	0	0	0	0	0	0	0	0	0	1	1	0	0	6	0.0762	36	0.0058064	0	0	0	0	0	0	0	0	0	0	1	0	0	1	0	0	0	0	9.107232
681	1	0	0	0	0	0	0	0	0	0	0	0	0	1	1	0	0	9	0.0762	81	0.0058064	0	0	0	0	0	0	0	0	0	0	0	0	0	1	0	0	0	0	9.24231
681	0	0	0	0	0	0	0	0	0	0	0	0	0	1	1	0	0	6	0.1777999	36	0.0316128	0	0	0	0	0	0	0	0	0	0	0	0	0	1	0	0	0	0	8.938133
681	1	0	0	0	0	0	0	0	0	0	0	0	0	1	1	0	0	8	0.1523999	64	0.0232257	0	0	0	0	0	0	0	0	0	0	1	0	0	1	0	0	0	0	9.208271
681	0	1	0	0	0	0	1	0	0	0	0	0	0	0	0	0	0	8	0.1651	64	0.027258	0	0	0	0	0	0	0	0	0	0	0	0	0	0	0	0	0	0	8.938133
682	1	1	0	0	0	0	1	0	0	0	1	0	0	0	0	0	0	6	0.0254	36	0.0006452	0	0	0	0	0	0	0	0	0	0	0	0	0	0	0	0	0	0	9.208271
682	0	0	0	0	0	0	1	0	0	0	1	0	0	0	0	-1	0	7	0.0254	49	0.0006452	0	0	0	0	0	0	0	0	0	0	1	0	0	1	0	0	0	0	8.99223
682	0	0	0	0	0	0	0	0	0	0	0	0	0	0	0	0	3	11	-0.0254	121	0.0006452	0	0	0	0	0	0	0	0	0	0	0	0	0	0	0	0	0	1	8.990049
682	0	0	0	1	0	0	1	0	0	0	1	0	0	0	0	0	0	5	0	25	0	0	0	1.5748	0	0	0	0	0	0	0	0	0	0	0	1	0	0	0	9.321049
682	0	0	0	1	0	0	1	0	0	0	1	0	0	0	0	0	0	4	0	16	0	0	0	1.5748	0	0	0	0	0	0	0	0	0	0	0	1	0	0	0	9.372965
682	0	0	0	0	0	1	0	0	0	0	0	0	0	0	0	-2	0	6	0.0508	36	0.0025806	0	0	0	0	0	0	0	0	0	0	0	0	1	0	0	0	0	0	9.809099
683	0	0	0	0	0	0	1	0	0	0	1	0	0	1	0	0	0	4	0.127	16	0.016129	0	0	0	0	1	0	0	0	0	0	1	0	0	0	0	0	0	0	9.848722
683	1	0	1	0	0	0	0	0	0	0	0	0	0	1	0	0	0	0	0.2032	0	0.0412902	28	0	0	0	1	0	0	0	0	0	1	0	0	0	0	0	0	0	10.01695
683	0	0	0	0	0	0	0	0	0	0	0	0	0	1	0	0	0	7	0.1524	49	0.0232258	0	0	0	0	1	0	0	0	0	0	1	0	0	0	0	0	0	0	9.830038
683	0	0	0	0	0	1	0	0	0	0	0	0	0	1	0	0	0	5	0.1015999	25	0.0103225	0	0	0	0	1	0	0	0	0	0	0	0	0	0	0	0	0	0	10.07391
683	1	0	0	0	0	1	0	0	0	0	0	0	0	1	0	0	0	4	0.1524	16	0.0232258	0	0	0	0	1	0	0	0	0	0	0	0	0	0	0	0	0	0	9.570409
683	1	1	0	0	0	0	0	0	0	0	0	0	0	0	0	0	0	3	0.2286	9	0.052258	0	0	0	0	0	0	1	0	0	0	0	0	0	0	0	0	0	0	9.830038
683	0	0	0	0	0	0	0	0	0	0	0	0	0	1	0	0	0	6	0.2032	36	0.0412902	0	0	0	0	1	0	0	0	0	0	1	0	0	0	0	0	0	0	9.848722
683	0	0	0	0	0	0	0	0	0	0	0	0	0	1	0	0	0	10	0.1015999	100	0.0103225	0	0	0	0	1	0	0	0	0	0	1	0	0	0	0	0	0	0	10.07391
684	1	0	0	0	0	0	0	0	0	0	0	0	0	0	0	0	0	8	0.127	64	0.016129	0	0	0	0	0	0	0	0	0	0	1	0	0	0	1	0	0	0	9.208271
684	1	0	0	0	0	0	0	0	0	0	0	0	0	1	0	0	0	4	0.0761999	16	0.0058064	0	0	0	0	0	0	0	1	0	0	0	0	0	0	1	0	0	0	8.825611
684	1	0	0	0	0	0	0	0	0	0	0	0	0	1	0	0	0	4	0.0508	16	0.0025806	0	0	0	0	0	0	0	1	0	0	1	0	0	0	1	0	0	0	9.848722
685	0	0	0	1	0	1	0	0	0	0	0	0	1	0	0	0	2	2	0	4	0	0	0	0	0	0	0	0	0	0	0	0	0	0	0	0	1	0	0	8.771515
685	0	0	0	0	1	1	0	0	0	1	0	0	0	0	0	-2	0	2	0	4	0	0	0	0	1.6002	0	0	0	0	0	0	0	1	0	0	0	0	0	0	8.938133
685	0	0	0	0	0	0	0	0	0	0	0	0	0	0	0	0	4	6	0	36	0	0	0	0	1.5494	0	0	0	0	0	0	0	0	0	0	0	0	0	1	8.990049
685	0	1	0	0	0	0	1	0	0	0	1	0	0	0	0	0	0	6	0	36	0	0	0	0	1.6764	0	0	0	0	0	0	1	0	0	0	0	0	0	0	8.99223
685	1	0	0	0	0	0	1	0	0	0	1	0	0	0	0	0	1	4	0	16	0	0	0	0	1.7526	0	0	0	0	0	0	1	0	0	0	1	0	0	0	9.101377
685	1	0	0	0	0	0	0	0	0	0	0	0	0	0	0	-1	0	6	0	36	0	0	0	0	1.651	0	0	0	0	0	0	0	0	1	0	0	0	0	0	8.938133
685	0	0	1	0	0	0	1	0	0	0	1	0	0	0	0	-3	0	0	0	0	0	29	0	0	1.7018	0	0	0	0	0	0	0	0	0	0	0	0	0	0	8.771515
685	0	0	0	0	0	1	0	0	0	0	0	0	0	0	0	0	1	8	0	64	0	0	0	0	1.6383	0	0	0	0	0	0	1	0	0	0	1	0	0	0	8.90525
685	0	0	0	1	0	0	0	0	0	0	0	0	1	1	0	0	0	8	0	64	0	0	0	0	0	0	0	0	0	0	0	1	0	0	1	0	0	0	0	8.99223
685	1	0	0	0	0	0	1	0	0	0	1	0	0	1	0	0	0	9	0	81	0	0	0	0	1.7018	0	0	0	0	0	0	0	0	0	1	0	0	0	0	8.938133
685	1	1	0	0	0	0	0	0	0	0	0	0	0	0	0	0	0	3	0	9	0	0	0	0	1.6764	0	0	0	0	0	0	1	0	0	0	0	0	0	0	8.825611
685	1	0	0	0	0	0	0	0	0	0	0	0	0	1	0	0	0	4	0	16	0	0	0	0	1.778	0	0	0	0	0	0	1	0	0	1	0	0	0	0	9.286845
685	0	1	0	1	1	0	1	0	0	1	1	0	1	0	0	0	0	9	0	81	0	0	0	0	0	0	0	0	0	0	0	0	0	0	0	0	0	0	0	9.084581
685	0	0	1	0	0	0	1	0	0	0	1	0	0	1	0	0	0	0	0	0	0	29	0	0	1.778	0	0	0	0	0	0	0	0	0	1	0	0	0	0	8.771515
685	0	0	0	0	0	0	0	0	0	0	0	0	0	1	0	0	0	4	0	16	0	0	0	0	1.6256	0	0	0	0	0	0	0	0	0	1	0	0	0	0	9.053135
687	0	1	1	0	1	0	1	0	0	1	1	0	0	0	0	0	0	0	0.1397001	0	0.0195161	28	0	0	0	0	0	0	0	0	1	0	0	0	0	0	0	0	0	9.208271
687	0	0	0	0	0	0	0	0	0	0	0	0	0	0	0	0	3	8	0.0563	64	0.0031697	0	0	0	0	0	0	0	0	3	0	0	0	0	0	0	0	0	1	10.0737
687	1	1	0	0	0	0	1	0	0	0	1	0	0	0	0	0	0	6	0.0635	36	0.0040323	0	0	0	0	0	0	0	0	0	1	1	0	0	0	0	0	0	0	9.93285
687	0	0	0	0	0	1	0	0	0	0	0	0	0	1	0	0	0	11	0.0127	121	0.0001613	0	0	0	0	0	0	0	1	0	0	0	0	0	0	1	0	0	0	9.809099
687	0	1	0	1	0	0	1	0	0	0	1	0	0	0	0	0	0	9	0	81	0	0	0	1.6637	0	0	0	0	0	0	1	1	0	0	0	0	0	0	0	9.757976
687	1	0	0	1	0	0	0	0	0	0	0	0	0	0	0	0	1	4	0	16	0	0	0	1.6637	0	0	0	0	0	1	0	1	0	0	0	0	1	0	0	10.0737
687	0	0	0	0	1	0	1	0	0	1	1	0	0	0	0	-1	0	4	0.1143	16	0.0130645	0	0	0	0	0	0	0	0	-1	0	0	0	0	1	0	0	0	0	9.848722
687	0	0	0	0	0	1	0	0	0	0	0	0	0	0	0	0	1	1	0.0381	1	0.0014516	0	0	0	0	0	0	0	0	1	0	1	0	0	0	0	1	0	0	9.689184
687	0	0	0	0	0	0	0	0	0	0	0	0	0	0	0	-1	0	1	0.0381	1	0.0014516	0	0	0	0	0	0	0	0	-1	0	1	0	0	1	0	0	0	0	9.809099
687	0	0	0	0	1	1	0	0	0	1	0	0	0	0	0	0	1	4	0.0635	16	0.0040323	0	0	0	0	0	0	0	0	1	0	0	0	0	0	0	1	0	0	9.848722
687	0	0	0	0	1	0	0	0	0	1	0	0	0	0	0	-1	0	9	0.1397001	81	0.0195161	0	0	0	0	0	0	0	0	-1	0	0	0	0	1	0	0	0	0	9.288423
687	0	0	0	0	1	1	0	0	0	1	0	0	0	0	0	-4	0	0	0.0635	0	0.0040323	0	0	0	0	0	0	0	0	-4	0	0	0	0	0	0	0	0	0	9.848722
689	0	0	0	0	0	0	0	0	0	0	0	0	0	1	1	0	0	6	0.1777999	36	0.0316128	0	0	0	0	0	0	0	0	0	0	1	0	0	0	1	0	0	0	9.2512
689	0	0	0	0	0	0	1	0	0	0	0	0	0	1	0	0	0	6	0.127	36	0.016129	0	0	0	0	0	0	0	0	0	0	1	0	0	0	1	0	0	0	9.79539
689	1	1	0	0	0	0	0	0	0	0	0	0	0	0	1	0	0	5	0.1523999	25	0.0232257	0	0	0	0	0	0	0	0	0	0	0	0	0	0	0	0	0	0	9.689184
689	1	1	0	0	0	0	1	0	0	0	0	0	0	0	0	0	0	7	0.2794	49	0.0780644	0	0	0	0	0	0	0	0	0	0	1	0	0	0	0	0	0	0	9.494866
689	0	0	0	0	0	0	0	0	0	0	0	0	0	1	1	0	0	12	0.127	144	0.016129	0	0	0	0	0	0	0	0	0	0	1	0	0	0	1	0	0	0	9.285442
689	1	1	0	0	1	0	1	0	0	1	0	0	0	0	0	0	0	5	0.127	25	0.016129	0	0	0	0	0	0	0	0	0	0	0	0	0	0	0	0	0	0	8.99223
689	0	1	0	0	1	0	1	0	0	1	0	0	0	0	0	0	0	3	0.1523999	9	0.0232257	0	0	0	0	0	0	0	0	0	0	0	0	0	0	0	0	0	0	9.689184
689	0	1	0	0	0	0	0	0	0	0	0	0	0	0	1	0	0	5	0.1142999	25	0.0130645	0	0	0	0	0	0	0	0	0	0	1	0	0	0	0	0	0	0	9.107023
689	0	0	0	0	1	0	0	0	0	1	0	0	0	1	1	0	0	5	0.2032	25	0.0412902	0	0	0	0	0	0	0	0	0	0	0	0	0	0	1	0	0	0	8.99223
689	1	0	0	0	1	0	0	0	0	1	0	0	0	1	1	0	0	5	0.2158999	25	0.0466128	0	0	0	0	0	0	0	0	0	0	0	0	0	0	1	0	0	0	9.044147
689	0	0	0	0	0	0	0	0	0	0	0	0	0	1	1	0	0	10	0.0762	100	0.0058064	0	0	0	0	0	0	0	0	0	0	0	0	0	0	1	0	0	0	9.069401
689	1	0	0	0	0	0	0	0	0	0	0	0	0	1	1	0	0	9	0.0762	81	0.0058064	0	0	0	0	0	0	0	0	0	0	1	0	0	0	1	0	0	0	9.2512
689	0	0	0	0	0	0	0	0	0	0	0	0	0	1	1	0	0	7	0.1523999	49	0.0232257	0	0	0	0	0	0	0	0	0	0	1	0	0	0	1	0	0	0	9.2512
689	0	0	0	0	0	0	0	0	0	0	0	0	0	1	1	0	0	4	0.1015999	16	0.0103225	0	0	0	0	0	0	0	0	0	0	0	0	0	0	1	0	0	0	9.101377
690	0	1	0	0	0	0	1	0	0	0	1	0	0	0	0	0	0	5	0.0761999	25	0.0058064	0	0	0	0	0	0	0	0	0	0	1	0	0	0	0	0	0	0	8.99223
690	0	0	0	0	0	0	1	0	0	0	1	0	0	0	0	0	3	9	0.0253999	81	0.0006452	0	0	0	0	0	0	0	0	0	0	0	0	0	1	0	0	0	0	9.689184
690	0	0	0	0	1	0	0	0	0	1	0	0	0	1	0	0	0	5	0.0253999	25	0.0006452	0	0	0	0	0	0	0	0	0	0	0	0	0	0	0	0	0	0	9.475531
690	0	0	0	0	0	1	0	0	0	0	0	0	0	1	0	0	0	9	0.1015999	81	0.0103225	0	0	0	0	0	0	0	0	0	0	1	0	0	0	0	0	0	0	9.475531
690	0	0	0	0	0	0	0	0	0	0	0	0	0	1	0	0	0	4	0.0508	16	0.0025806	0	0	0	0	0	0	0	0	0	0	1	0	0	0	0	0	0	0	8.915041
690	0	1	0	0	1	0	1	0	0	1	1	0	0	0	0	0	0	5	0.1015999	25	0.0103225	0	0	0	0	0	0	0	0	0	0	0	0	0	0	0	0	0	0	9.288423
690	0	1	0	0	0	0	1	0	0	0	1	0	0	0	0	0	0	8	0.2794	64	0.0780644	0	0	0	0	0	0	0	0	0	0	0	0	0	0	0	0	0	0	8.990049
690	1	0	0	0	0	0	0	0	0	0	0	0	0	1	0	0	0	4	0.1777999	16	0.0316128	0	0	0	0	0	0	0	0	0	0	0	0	0	0	0	0	0	0	9.288423
690	1	1	0	1	0	0	1	0	0	0	1	0	0	0	0	0	0	3	0	9	0	0	0	1.6002	0	0	0	0	0	0	0	1	0	0	0	0	0	0	0	9.2512
690	1	0	0	0	1	0	0	0	0	1	0	0	0	1	0	0	0	5	0.0761999	25	0.0058064	0	0	0	0	0	0	0	0	0	0	0	0	0	0	0	0	0	0	9.098928
690	0	1	1	1	0	1	0	0	0	0	0	0	0	0	0	0	0	0	0	0	0	31	0	1.6002	0	0	0	0	0	0	0	1	0	0	0	0	0	0	0	9.208271
690	1	0	0	0	0	0	0	0	0	0	0	0	0	1	0	0	0	10	0.2285999	100	0.0522579	0	0	0	0	0	0	0	0	0	0	1	0	0	0	0	0	0	0	9.438108
690	0	0	0	0	0	0	1	0	0	0	1	0	0	1	0	0	0	5	0.1523999	25	0.0232257	0	0	0	0	0	0	0	0	0	0	1	0	0	0	0	0	0	0	9.452142
690	1	1	0	0	1	0	1	0	0	1	1	0	0	0	0	0	0	4	0.0761999	16	0.0058064	0	0	0	0	0	0	0	0	0	0	0	0	0	0	0	0	0	0	9.438108
690	0	1	0	0	0	0	1	0	0	0	1	0	0	0	0	0	0	2	0.0761999	4	0.0058064	0	0	0	0	0	0	0	0	0	0	1	0	0	0	0	0	0	0	9.2512
692	0	0	0	0	0	1	0	0	0	0	0	0	0	0	1	0	1	5	0.1523999	25	0.0232257	0	0	0	0	0	0	0	0	0	0	0	0	0	0	0	1	0	0	9.403425
692	0	0	0	0	0	1	0	0	0	0	0	0	0	1	1	0	0	6	0.1777999	36	0.0316128	0	0	0	0	0	0	0	0	0	0	0	0	0	0	1	0	0	0	9.235896
693	0	0	0	0	0	1	0	0	1	0	0	0	0	1	0	0	0	6	0.1015999	36	0.0103225	0	0	0	0	1	0	0	0	0	0	1	0	0	0	0	0	0	0	9.2512
693	0	0	0	0	0	1	0	0	1	0	0	0	0	1	0	0	0	7	0.2351999	49	0.055319	0	0	0	0	1	0	0	0	0	0	1	0	0	0	0	0	0	0	9.830038
693	0	0	0	1	0	0	1	0	1	0	0	0	0	1	0	0	0	8	0	64	0	0	0	1.5748	0	1	0	0	0	0	0	1	0	0	0	0	0	0	0	9.208271
693	0	0	0	0	0	1	0	0	1	0	0	0	0	1	0	0	0	5	0.1524	25	0.0232258	0	0	0	0	1	0	0	0	0	0	1	0	0	0	0	0	0	0	8.99223
694	0	1	0	0	0	0	1	0	0	0	0	0	0	0	0	0	0	5	0.1015999	25	0.0103225	0	0	0	0	0	0	0	0	0	0	0	0	0	0	0	0	0	0	8.883064
694	0	0	0	0	0	0	0	0	0	0	0	0	0	1	1	0	0	8	0.1524	64	0.0232258	0	0	0	0	0	0	0	0	0	0	1	0	0	0	0	0	0	0	9.069401
694	0	0	1	1	0	0	0	0	0	0	0	0	0	0	1	0	3	0	0	0	0	24	0	1.5748	0	0	0	0	0	0	0	1	0	0	1	0	0	0	0	9.208271
694	0	0	0	0	0	0	0	0	0	0	0	0	0	1	1	0	0	7	0.1143	49	0.0130645	0	0	0	0	0	0	0	0	0	0	1	0	0	0	0	0	0	0	9.127307
694	1	0	0	1	0	0	0	0	0	0	0	0	0	1	1	0	0	6	0	36	0	0	0	1.5748	0	0	0	0	0	0	0	0	0	0	0	0	0	0	0	10.07391
694	0	0	0	0	0	1	0	0	0	0	0	0	0	0	0	0	3	7	0.1015999	49	0.0103225	0	0	0	0	0	0	0	0	0	0	0	0	0	1	0	0	0	0	9.2512
694	0	0	0	0	0	1	0	0	0	0	0	0	0	1	0	0	0	6	0.127	36	0.016129	0	0	0	0	0	0	0	0	0	0	1	0	0	0	0	0	0	0	8.848053
694	0	0	0	0	0	1	0	0	0	0	0	0	0	1	0	0	0	6	0.1524	36	0.0232258	0	0	0	0	0	0	0	0	0	0	1	0	0	0	0	0	0	0	8.99223
694	0	0	1	1	0	0	0	0	0	0	0	0	0	1	1	0	0	0	0	0	0	24	0	1.5748	0	0	0	0	0	0	0	1	0	0	0	0	0	0	0	9.208271
694	1	0	0	0	0	0	0	0	0	0	0	0	0	1	1	0	0	4	0.0508	16	0.0025806	0	0	0	0	0	0	0	0	0	0	1	0	0	0	0	0	0	0	9.410738
695	0	1	0	0	0	0	0	0	0	0	0	0	0	0	1	0	0	4	0.1777999	16	0.0316128	0	0	0	0	0	0	0	0	0	1	0	0	0	0	0	0	0	0	9.238695
695	1	0	0	0	0	0	0	0	0	0	0	0	0	1	1	0	0	4	0.0898	16	0.008064	0	0	0	0	0	0	0	1	0	0	1	0	0	1	0	0	0	0	9.809099
695	0	0	0	0	0	0	0	0	0	0	0	0	0	0	1	0	1	3	0.1997999	9	0.03992	0	0	0	0	0	0	0	0	1	0	1	0	0	0	1	0	0	0	10.07391
695	0	0	0	0	0	0	0	0	0	0	0	0	0	1	1	0	0	8	0.1015999	64	0.0103225	0	0	0	0	0	0	0	1	0	0	1	0	0	1	0	0	0	0	9.876092
695	1	0	0	0	0	0	1	0	0	0	0	0	0	1	0	0	0	10	0.0253999	100	0.0006452	0	0	0	0	0	0	0	1	0	0	0	0	0	1	0	0	0	0	9.286845
695	1	0	0	0	0	1	0	0	0	0	0	0	0	1	0	0	0	3	0.1523999	9	0.0232257	0	0	0	0	0	0	0	1	0	0	0	0	0	1	0	0	0	0	9.814734
695	1	0	0	0	0	0	0	0	0	0	0	0	0	1	1	0	0	7	0.1523999	49	0.0232257	0	0	0	0	0	0	0	1	0	0	0	0	0	1	0	0	0	0	9.689184
695	0	1	0	0	0	0	1	0	0	0	0	0	0	0	0	0	0	7	0.1015999	49	0.0103225	0	0	0	0	0	0	0	0	0	1	0	0	0	0	0	0	0	0	9.830038
695	0	0	0	0	0	0	0	0	0	0	0	0	0	1	1	0	0	15	0.0761999	225	0.0058064	0	0	0	0	0	0	0	1	0	0	1	0	0	1	0	0	0	0	9.989575
695	0	0	0	0	0	0	1	0	0	0	0	0	0	0	0	0	2	5	0.1015999	25	0.0103225	0	0	0	0	0	0	0	0	2	0	1	0	0	0	0	1	0	0	9.949953
697	1	0	0	0	0	0	0	0	0	0	0	0	0	0	1	-2	0	0	0	0	0	0	30	0	1.651	0	0	0	0	0	0	1	1	0	0	0	0	0	0	9.2512
697	1	0	0	0	0	1	0	0	0	0	0	0	0	1	0	0	0	0	0	0	0	0	28	0	1.7526	0	0	0	0	0	0	0	0	0	1	0	0	0	0	9.673881
697	0	0	0	0	0	1	0	0	0	0	0	0	0	1	0	0	0	0	0	0	0	0	28	0	1.8669	0	0	0	0	0	0	0	0	0	1	0	0	0	0	8.557931
697	0	0	0	0	0	0	0	0	0	0	0	0	0	1	1	0	0	0	0	0	0	0	29	0	1.778	0	0	0	0	0	0	1	0	0	1	0	0	0	0	9.848722
697	1	0	0	0	0	0	0	0	0	0	0	0	0	1	1	0	0	0	0	0	0	0	29	0	1.6637	0	0	0	0	0	0	1	0	0	1	0	0	0	0	9.494866
697	1	0	0	0	1	0	1	0	0	1	0	0	0	1	0	0	0	0	0	0	0	0	30	0	1.6256	0	0	0	0	0	0	0	0	0	1	0	0	0	0	10.0737
697	1	0	0	0	0	0	0	0	0	0	0	0	0	1	1	0	0	0	0	0	0	0	29	0	1.651	0	0	0	0	0	0	0	0	0	1	0	0	0	0	9.673881
697	0	0	0	0	0	0	0	0	0	0	0	0	0	1	1	0	0	0	0	0	0	0	28	0	1.7272	0	0	0	0	0	0	1	0	0	1	0	0	0	0	9.848722
697	0	0	0	0	0	1	0	0	0	0	0	0	0	0	0	0	1	0	0	0	0	0	32	0	1.6764	0	0	0	0	0	0	1	0	0	0	1	0	0	0	9.328371
697	0	0	0	0	0	0	0	0	0	0	0	0	0	1	1	0	0	0	0	0	0	0	30	0	1.778	0	0	0	0	0	0	1	0	0	1	0	0	0	0	8.99223
698	1	0	0	0	0	1	0	0	0	0	0	0	0	1	0	0	0	3	0.1524	9	0.0232258	0	0	0	0	1	0	0	0	0	0	1	0	0	1	0	0	0	0	9.876092
698	0	1	0	0	0	0	0	0	0	0	0	0	0	0	1	0	0	2	0.1777999	4	0.0316128	0	0	0	0	0	0	1	0	0	0	1	0	0	0	0	0	0	0	10.01695
698	1	1	0	0	0	0	0	0	0	0	0	0	0	0	1	0	0	3	0.127	9	0.016129	0	0	0	0	0	0	1	0	0	0	1	0	0	0	0	0	0	0	9.814734
698	0	1	0	0	0	0	1	0	0	0	0	0	0	0	0	0	0	2	0.1015999	4	0.0103225	0	0	0	0	0	0	1	0	0	0	1	0	0	0	0	0	0	0	9.127307
698	0	0	0	0	0	0	0	0	0	0	0	0	0	0	1	0	1	9	0.2032	81	0.0412902	0	0	0	0	0	1	0	0	0	0	1	0	0	0	1	0	0	0	9.024206
698	0	1	0	0	0	0	0	0	0	0	0	0	0	0	1	0	0	3	0.1143	9	0.0130645	0	0	0	0	0	0	1	0	0	0	1	0	0	0	0	0	0	0	9.571068
698	0	0	0	0	0	1	0	0	0	0	0	0	0	1	0	0	0	5	0.1524	25	0.0232258	0	0	0	0	1	0	0	0	0	0	1	0	0	1	0	0	0	0	9.494866
698	0	0	0	0	0	0	0	0	0	0	0	0	0	0	1	0	1	5	0.127	25	0.016129	0	0	0	0	0	1	0	0	0	0	1	0	0	0	1	0	0	0	9.949953
698	0	1	0	0	0	0	0	0	0	0	0	0	0	0	1	0	0	8	0.0762	64	0.0058064	0	0	0	0	0	0	1	0	0	0	0	0	0	0	0	0	0	0	9.814734
698	1	1	0	0	0	0	1	0	0	0	0	0	0	0	0	0	0	6	0.1015999	36	0.0103225	0	0	0	0	0	0	1	0	0	0	1	0	0	0	0	0	0	0	9.689184
698	0	0	0	0	0	1	0	0	0	0	0	0	0	1	0	0	0	6	0.1396999	36	0.0195161	0	0	0	0	1	0	0	0	0	0	1	0	0	1	0	0	0	0	9.830038
698	1	0	0	0	0	0	0	0	0	0	0	0	0	1	1	0	0	5	0.1524	25	0.0232258	0	0	0	0	1	0	0	0	0	0	1	0	0	1	0	0	0	0	9.848722
698	1	0	0	0	0	0	0	0	0	0	0	0	0	1	1	0	0	3	0.1524	9	0.0232258	0	0	0	0	1	0	0	0	0	0	1	0	0	1	0	0	0	0	9.830038
698	0	1	0	0	0	0	1	0	0	0	0	0	0	0	0	0	0	3	0.1524	9	0.0232258	0	0	0	0	0	0	1	0	0	0	0	0	0	0	0	0	0	0	9.107232
698	0	1	0	0	0	0	1	0	0	0	0	0	0	0	0	0	0	7	0.1524	49	0.0232258	0	0	0	0	0	0	1	0	0	0	0	0	0	0	0	0	0	0	9.328186
700	0	1	0	0	0	0	1	0	0	0	0	0	0	0	0	0	0	4	0.1772001	16	0.0313999	0	0	0	0	0	0	0	0	0	1	0	0	0	0	0	0	0	0	9.2512
700	1	0	0	1	0	0	1	0	0	0	0	0	0	1	0	0	0	7	0	49	0	0	0	1.55	0	0	0	0	1	0	0	0	0	0	0	1	0	0	0	9.848722
700	0	0	0	0	0	0	1	0	0	0	0	0	0	0	0	0	1	5	0.2788	25	0.0777294	0	0	0	0	0	0	0	0	1	0	0	0	0	0	0	1	0	0	9.101377
700	0	0	0	0	0	1	0	0	1	0	0	0	0	0	0	-4	0	9	0.1264	81	0.015977	0	0	0	0	0	0	0	0	-4	0	1	0	0	0	0	0	0	0	9.307697
700	1	0	0	0	0	1	0	0	1	0	0	0	0	0	0	0	0	8	0.2026	64	0.0410468	0	0	0	0	0	0	0	0	0	0	1	0	0	0	1	0	0	0	9.848722
700	0	0	0	1	0	0	1	0	0	0	0	0	0	1	0	0	0	6	0	36	0	0	0	1.55	0	0	0	0	1	0	0	0	0	0	0	1	0	0	0	9.208271
700	0	0	0	0	0	0	0	0	0	0	0	0	0	0	1	-1	0	7	0.1518	49	0.0230433	0	0	0	0	0	0	0	0	-1	0	0	0	0	1	0	0	0	0	9.2512
700	0	0	0	0	0	0	0	0	0	0	0	0	0	0	1	0	0	7	0.1772001	49	0.0313999	0	0	0	0	0	0	0	0	0	0	0	0	0	0	1	0	0	0	8.883064
700	0	0	0	0	0	0	0	0	1	0	0	0	0	0	1	0	0	8	0.1391001	64	0.0193488	0	0	0	0	0	0	0	0	0	0	1	0	0	0	1	0	0	0	8.99223
702	1	0	0	0	0	0	0	0	0	0	0	0	0	1	1	0	0	12	0.1523999	144	0.0232257	0	0	0	0	0	0	0	0	0	0	1	0	0	0	0	0	0	0	8.938133
702	1	0	0	0	1	0	1	0	0	0	0	0	0	1	0	0	0	-1	0.1523999	1	0.0232257	0	0	0	0	0	0	0	0	0	0	0	0	0	0	0	0	0	0	9.101377
702	1	1	0	0	0	0	1	0	1	0	0	0	0	0	0	0	0	13	0.127	169	0.016129	0	0	0	0	0	0	0	0	0	0	0	0	0	0	0	0	0	0	8.96148
702	1	0	0	0	1	0	1	0	0	0	0	0	0	0	0	0	3	8	0.3047999	64	0.092903	0	0	0	0	0	0	0	0	0	0	0	0	0	1	0	0	0	0	8.938133
702	0	0	1	0	0	0	1	0	0	0	0	0	0	0	0	0	3	0	0.1651	0	0.027258	33	0	0	0	0	0	0	0	0	0	1	0	0	1	0	0	0	0	9.150013
702	1	1	0	0	0	0	1	0	1	0	0	0	0	0	0	0	0	10	0.127	100	0.016129	0	0	0	0	0	0	0	0	0	0	0	0	0	0	0	0	0	0	9.127307
702	0	0	0	0	1	0	0	0	0	0	0	0	0	1	1	0	0	9	0.1015999	81	0.0103225	0	0	0	0	0	0	0	0	0	0	0	0	0	0	0	0	0	0	8.716446
702	0	1	1	1	1	0	1	0	0	0	0	0	0	0	0	0	0	0	0	0	0	33	0	1.524	0	0	0	0	0	0	0	0	0	0	0	0	0	0	0	9.208271
702	0	0	0	0	1	0	1	0	0	0	0	0	0	1	0	0	0	12	0.1015999	144	0.0103225	0	0	0	0	0	0	0	0	0	0	0	0	0	0	0	0	0	0	8.883064
702	0	0	0	0	1	0	0	0	0	0	0	0	0	1	1	0	0	11	0.3047999	121	0.092903	0	0	0	0	0	0	0	0	0	0	0	0	0	0	0	0	0	0	9.235896
703	1	0	0	0	0	0	0	0	0	0	0	0	0	1	0	0	0	4	0.0508	16	0.0025806	0	0	0	0	0	0	0	0	0	0	1	0	0	0	1	0	0	0	8.825611
703	0	0	0	0	0	0	0	0	0	0	0	0	0	1	0	0	0	11	0.1016001	121	0.0103226	0	0	0	0	0	0	0	0	0	0	0	0	0	0	1	0	0	0	8.99223
703	0	0	0	0	0	0	0	0	0	0	0	0	0	1	0	0	0	3	0.0762	9	0.0058064	0	0	0	0	0	0	0	0	0	0	1	0	0	0	1	0	0	0	9.2512
703	0	0	0	0	0	0	0	0	0	0	0	0	0	1	0	0	0	4	0.0508	16	0.0025806	0	0	0	0	0	0	0	0	0	0	0	0	0	0	1	0	0	0	8.738888
703	1	0	0	0	0	0	0	0	0	0	0	0	0	1	0	0	0	6	0.1524	36	0.0232258	0	0	0	0	0	0	0	0	0	0	1	0	0	0	1	0	0	0	8.825611
703	0	0	0	0	0	0	0	0	0	0	0	0	0	1	0	0	0	5	0.0762	25	0.0058064	0	0	0	0	0	0	0	0	0	0	0	0	0	0	1	0	0	0	8.99223
703	0	0	0	0	0	0	1	0	0	0	0	0	0	1	0	0	0	6	0.0381	36	0.0014516	0	0	0	0	0	0	0	0	0	0	1	0	0	0	1	0	0	0	8.883064
704	0	0	0	0	0	0	0	0	0	0	0	0	0	0	1	0	4	5	0.1524	25	0.0232258	0	0	0	0	0	0	0	0	0	0	1	0	0	0	1	0	0	0	9.2512
704	1	0	0	0	0	0	0	0	0	0	0	0	0	1	1	0	0	6	0.0254	36	0.0006452	0	0	0	0	0	0	0	0	0	0	1	0	0	0	0	0	0	0	10.0737
704	1	0	0	0	1	0	0	0	0	1	0	0	0	1	1	0	0	7	0.0762	49	0.0058064	0	0	0	0	0	0	0	0	0	0	0	0	0	0	0	0	0	0	10.01695
704	0	1	0	0	0	0	1	0	0	0	0	0	0	0	0	0	0	4	0.1016001	16	0.0103226	0	0	0	0	0	0	0	0	0	0	1	0	0	0	0	0	0	0	9.689184
704	0	0	0	0	1	0	0	0	0	1	0	0	0	1	1	0	0	6	0.2794	36	0.0780644	0	0	0	0	0	0	0	0	0	0	0	0	0	0	0	0	0	0	9.848722
704	0	0	0	0	0	0	1	0	0	0	0	0	0	1	0	0	0	1	0.0508	1	0.0025806	0	0	0	0	0	0	0	0	0	0	1	0	0	0	0	0	0	0	8.99223
704	0	0	0	0	0	0	0	0	0	0	0	0	0	1	1	0	0	5	0.2032	25	0.0412902	0	0	0	0	0	0	0	0	0	0	0	0	0	0	0	0	0	0	9.451937
704	1	0	0	1	0	0	1	0	0	0	0	0	0	1	0	0	0	4	0	16	0	0	0	1.6256	0	0	0	0	0	0	0	0	0	0	0	0	0	0	0	9.814734
704	1	0	0	0	0	0	0	0	0	0	0	0	0	1	1	0	0	3	0.1144	9	0.0130874	0	0	0	0	0	0	0	0	0	0	1	0	0	0	0	0	0	0	9.571068
704	0	0	0	0	0	0	1	0	0	0	0	0	0	1	0	0	0	10	0.1778001	100	0.0316129	0	0	0	0	0	0	0	0	0	0	1	0	0	0	0	0	0	0	9.366202
704	0	0	0	0	0	0	1	0	0	0	0	0	0	1	0	0	0	3	0.0889	9	0.0079032	0	0	0	0	0	0	0	0	0	0	0	0	0	0	0	0	0	0	9.571068
704	0	0	0	0	0	1	0	0	0	0	0	0	0	1	0	0	0	5	0.0635	25	0.0040323	0	0	0	0	0	0	0	0	0	0	1	0	0	0	0	0	0	0	9.438108
704	1	0	0	0	1	0	1	0	0	1	0	0	0	1	0	0	0	4	0.0508	16	0.0025806	0	0	0	0	0	0	0	0	0	0	0	0	0	0	0	0	0	0	9.814734
704	0	1	0	0	0	0	1	0	0	0	0	0	0	0	0	0	0	3	0.1778001	9	0.0316129	0	0	0	0	0	0	0	0	0	0	1	0	0	0	0	0	0	0	10.0737
704	0	1	0	1	0	0	1	0	0	0	0	0	0	0	0	0	0	8	0	64	0	0	0	1.6256	0	0	0	0	0	0	0	0	0	0	0	0	0	0	0	8.99223
705	0	1	0	0	0	0	0	0	0	0	0	0	0	0	0	0	0	4	0.1464	16	0.021433	0	0	0	0	0	0	0	0	0	1	1	0	0	0	0	0	0	0	9.097672
705	1	1	0	0	1	0	1	0	0	1	1	0	0	0	0	0	0	5	0.0956	25	0.0091394	0	0	0	0	0	0	0	0	0	1	0	0	0	0	0	0	0	0	9.830038
705	0	0	0	0	0	1	0	0	0	0	0	0	0	1	0	0	0	10	0.2226	100	0.0495508	0	0	0	0	0	0	0	1	0	0	1	0	0	0	0	1	0	0	8.883064
705	0	1	1	0	0	0	1	0	0	0	1	0	0	0	0	0	0	0	0.0956	0	0.0091394	27	0	0	0	0	0	0	0	0	1	0	0	0	0	0	0	0	0	9.127307
705	0	0	1	1	1	0	0	0	0	1	0	0	0	0	0	-2	0	0	0	0	0	27	0	1.53	0	0	0	0	0	-2	0	0	0	0	1	0	0	0	0	9.403425
705	0	0	0	0	0	0	0	0	0	0	0	0	0	0	0	-1	0	7	0.2988	49	0.0892814	0	0	0	0	0	0	0	0	-1	0	1	0	0	0	1	0	0	0	9.2512
705	0	0	0	0	0	1	0	0	0	0	0	0	0	0	0	-1	0	6	0.2226	36	0.0495508	0	0	0	0	0	0	0	0	-1	0	1	0	0	0	1	0	0	0	9.689184
705	0	0	0	0	1	1	0	0	0	1	0	0	0	1	0	0	0	6	0.1972001	36	0.0388879	0	0	0	0	0	0	0	1	0	0	0	0	0	0	0	1	0	0	8.825611
705	1	0	0	0	0	1	0	0	0	0	0	0	0	1	0	0	0	4	0.1464	16	0.021433	0	0	0	0	0	0	0	1	0	0	0	0	0	0	0	1	0	0	9.848722
705	0	0	0	0	1	0	1	0	0	1	1	0	0	1	0	0	0	4	0.1718	16	0.0295152	0	0	0	0	0	0	0	1	0	0	0	0	0	0	0	1	0	0	9.550129
707	1	0	0	0	0	1	0	0	0	0	0	0	0	1	1	0	0	6	0.1143	36	0.0130645	0	0	0	0	0	0	0	0	0	0	1	0	0	1	0	0	0	0	9.876092
707	1	0	0	0	0	1	0	0	0	0	0	0	0	1	1	0	0	4	0.0762	16	0.0058064	0	0	0	0	0	0	0	0	0	0	0	0	0	1	0	0	0	0	9.848722
707	0	0	0	0	0	1	0	0	0	0	0	0	0	1	1	0	0	7	0.1396999	49	0.0195161	0	0	0	0	0	0	0	0	0	0	1	0	0	1	0	0	0	0	9.179223
707	1	0	0	1	1	0	1	0	0	1	0	0	0	1	0	0	0	3	0	9	0	0	0	1.6129	0	0	0	0	0	0	0	0	0	0	1	0	0	0	0	9.515581
707	0	1	0	1	0	1	0	0	0	0	0	0	0	0	1	0	0	4	0	16	0	0	0	1.6129	0	0	0	0	0	0	0	0	0	0	0	0	0	0	0	9.440964
707	0	0	0	0	0	0	0	0	0	0	0	0	0	1	0	0	0	13	0.1143	169	0.0130645	0	0	0	0	0	0	0	0	0	0	1	0	0	1	0	0	0	0	9.084581
707	0	0	0	0	1	1	0	0	0	1	0	0	0	0	1	0	2	10	0.1651	100	0.027258	0	0	0	0	0	0	0	0	0	0	0	0	0	0	0	1	0	0	9.107023
707	0	1	0	0	1	0	1	0	0	1	0	0	0	0	0	0	0	10	0.0889	100	0.0079032	0	0	0	0	0	0	0	0	0	0	0	0	0	0	0	0	0	0	9.321049
707	0	0	0	0	0	1	0	0	0	0	0	0	0	1	1	0	0	11	0.0634999	121	0.0040322	0	0	0	0	0	0	0	0	0	0	0	0	0	1	0	0	0	0	9.440964
707	1	0	0	0	0	0	1	0	0	0	0	0	0	0	0	-3	0	10	0.0889	100	0.0079032	0	0	0	0	0	0	0	0	0	0	1	0	0	0	0	0	0	0	9.876092
707	0	0	0	0	0	1	0	0	0	0	0	0	0	1	1	0	0	10	0.0634999	100	0.0040322	0	0	0	0	0	0	0	0	0	0	1	0	0	1	0	0	0	0	8.99223
707	0	0	0	0	0	1	0	0	0	0	0	0	0	1	1	0	0	5	0.0889	25	0.0079032	0	0	0	0	0	0	0	0	0	0	0	0	0	1	0	0	0	0	8.960236
707	1	0	0	0	1	1	0	0	0	1	0	0	0	1	1	0	0	8	0.2158999	64	0.0466128	0	0	0	0	0	0	0	0	0	0	0	0	0	1	0	0	0	0	9.876092
707	0	0	0	0	0	1	0	0	0	0	0	0	0	1	1	0	0	5	0.1143	25	0.0130645	0	0	0	0	0	0	0	0	0	0	0	0	0	1	0	0	0	0	9.329616
707	0	0	0	0	0	0	0	0	0	0	0	0	0	0	0	0	4	8	0.0889	64	0.0079032	0	0	0	0	0	0	0	0	0	0	0	0	0	0	0	0	0	1	8.99223
710	1	0	0	0	0	0	0	0	0	0	0	0	0	0	0	-4	0	2	0.2286	4	0.052258	0	0	0	0	0	0	0	0	-4	0	1	0	0	0	0	0	0	0	9.2512
710	0	0	0	0	1	0	0	0	0	1	0	0	0	0	0	-1	0	6	0.1524	36	0.0232258	0	0	0	0	0	0	0	0	-1	0	0	0	0	1	0	0	0	0	8.99223
710	0	1	0	0	1	0	0	0	0	1	0	0	0	0	0	0	0	12	0.1015999	144	0.0103225	0	0	0	0	0	0	0	0	0	1	0	0	0	0	0	0	0	0	9.617123
710	0	0	0	0	0	0	1	0	0	0	0	0	0	0	0	0	1	7	0.1524	49	0.0232258	0	0	0	0	0	0	0	0	1	0	0	0	0	0	0	1	0	0	9.084581
710	0	0	0	0	0	0	0	0	0	0	0	0	0	0	0	0	3	3	0.1015999	9	0.0103225	0	0	0	0	0	0	0	0	3	0	0	0	0	0	0	0	0	1	9.809099
710	1	0	0	0	0	0	0	0	0	0	0	0	0	0	0	-1	0	5	0.1396999	25	0.0195161	0	0	0	0	0	0	0	0	-1	0	0	0	0	1	0	0	0	0	9.2512
710	1	0	0	0	1	1	0	0	0	1	0	0	0	1	1	0	0	5	0.2032	25	0.0412902	0	0	0	0	0	0	0	1	0	0	0	0	0	0	1	0	0	0	10.03874
710	0	0	0	0	1	0	0	0	0	1	0	0	0	0	0	-1	0	4	0.0254	16	0.0006452	0	0	0	0	0	0	0	0	-1	0	0	0	0	1	0	0	0	0	9.848722
710	1	0	0	0	0	0	1	0	0	0	0	0	0	0	0	-1	0	1	0.0508	1	0.0025806	0	0	0	0	0	0	0	0	-1	0	1	0	0	1	0	0	0	0	9.522566
710	0	0	0	0	0	1	0	0	0	0	0	0	0	0	1	0	0	11	0.0762	121	0.0058064	0	0	0	0	0	0	0	0	0	0	1	0	0	0	1	0	0	0	9.288423
710	0	0	0	0	0	0	0	0	0	0	0	0	0	1	0	0	0	4	0.2539999	16	0.064516	0	0	0	0	0	0	0	1	0	0	1	0	0	0	1	0	0	0	9.2512
710	1	0	0	0	1	1	0	0	0	1	0	0	0	0	1	0	1	1	0.1777999	1	0.0316128	0	0	0	0	0	0	0	0	1	0	0	0	0	0	0	1	0	0	9.689184
710	0	0	0	0	0	0	0	0	0	0	0	0	0	0	0	-1	0	10	0.2286	100	0.052258	0	0	0	0	0	0	0	0	-1	0	1	0	0	1	0	0	0	0	9.848722
711	1	0	0	0	0	1	0	0	0	0	0	0	0	1	0	0	0	10	0.1524	100	0.0232258	0	0	0	0	0	0	0	1	0	0	0	0	0	0	0	1	0	0	8.938133
711	1	1	0	0	0	1	0	0	0	0	0	0	0	0	0	0	0	6	0.0762	36	0.0058064	0	0	0	0	0	0	0	0	0	1	0	0	0	0	0	0	0	0	8.99223
711	1	0	0	0	0	1	0	0	1	0	0	0	0	0	0	-1	0	7	0.1524	49	0.0232258	0	0	0	0	0	0	0	0	-1	0	1	0	0	0	1	0	0	0	9.101377
711	1	0	0	0	0	0	1	0	0	0	1	0	0	0	0	-1	0	10	0.0254	100	0.0006452	0	0	0	0	0	0	0	0	-1	0	0	0	0	0	1	0	0	0	9.044147
711	1	0	0	0	0	1	0	0	1	0	0	0	0	1	0	0	0	6	0.1015999	36	0.0103225	0	0	0	0	0	0	0	1	0	0	1	0	0	0	0	1	0	0	8.938133
712	1	0	0	0	0	1	0	0	1	0	0	0	0	1	1	0	0	12	0.1652	144	0.027291	0	0	0	0	0	0	0	1	0	0	1	0	0	1	0	0	0	0	9.323274
712	0	0	0	1	0	1	0	0	0	0	0	0	0	1	1	0	0	6	0	36	0	0	0	1.5748	0	0	0	0	1	0	0	0	0	0	1	0	0	0	0	8.883064
712	0	0	0	0	0	0	1	0	1	0	0	0	0	0	0	0	1	13	0.2286	169	0.052258	0	0	0	0	0	0	0	0	1	0	1	0	0	0	1	0	0	0	8.99223
712	0	0	0	0	0	0	1	0	0	0	0	0	0	0	0	0	1	10	0.1524	100	0.0232258	0	0	0	0	0	0	0	0	1	0	0	0	0	0	1	0	0	0	8.825611
712	0	0	0	0	0	0	1	0	1	0	0	0	0	1	0	0	0	9	0.1524	81	0.0232258	0	0	0	0	0	0	0	1	0	0	1	0	0	1	0	0	0	0	9.044147
712	1	1	0	0	0	0	0	0	1	0	0	0	0	0	0	0	0	11	0.1015999	121	0.0103225	0	0	0	0	0	0	0	0	0	1	1	0	0	0	0	0	0	0	9.107232
712	0	0	0	0	0	0	0	0	1	0	0	0	0	1	0	0	0	6	0.1777999	36	0.0316128	0	0	0	0	0	0	0	1	0	0	1	0	0	1	0	0	0	0	8.99223
712	1	1	1	1	0	0	1	0	0	0	0	0	0	0	0	0	0	0	0	0	0	25	0	1.5748	0	0	0	0	0	0	1	0	0	0	0	0	0	0	0	8.883064
712	0	0	0	1	0	1	0	0	1	0	0	0	0	0	1	0	2	9	0	81	0	0	0	1.5748	0	0	0	0	0	2	0	1	0	0	0	0	1	0	0	8.942503
712	0	0	0	0	0	1	0	0	0	0	0	0	0	1	1	0	0	8	0.1524	64	0.0232258	0	0	0	0	0	0	0	1	0	0	0	0	0	1	0	0	0	0	9.044147
712	0	1	1	1	0	1	0	0	1	0	0	0	0	0	1	0	0	0	0	0	0	25	0	1.5748	0	0	0	0	0	0	1	1	0	0	0	0	0	0	0	9.2512
712	1	0	0	0	0	0	0	0	1	0	0	0	0	1	0	0	0	3	0.1015999	9	0.0103225	0	0	0	0	0	0	0	1	0	0	1	0	0	1	0	0	0	0	9.494866
712	1	0	0	0	0	1	0	0	1	0	0	0	0	1	1	0	0	6	0.0762	36	0.0058064	0	0	0	0	0	0	0	1	0	0	1	0	0	1	0	0	0	0	8.980399
712	0	0	0	1	0	1	0	0	0	0	0	0	0	1	1	0	0	8	0	64	0	0	0	1.5748	0	0	0	0	1	0	0	0	0	0	1	0	0	0	0	8.938133
712	0	0	0	0	0	1	0	0	1	0	0	0	0	1	1	0	0	10	0.1015999	100	0.0103225	0	0	0	0	0	0	0	1	0	0	1	0	0	1	0	0	0	0	9.328371
713	0	0	0	0	1	0	1	0	0	1	0	0	0	1	0	0	0	8	0.1015999	64	0.0103225	0	0	0	0	0	0	0	0	0	0	0	0	0	0	1	0	0	0	8.883064
713	0	0	0	0	1	0	0	0	0	1	0	0	0	1	1	0	0	9	0.1015999	81	0.0103225	0	0	0	0	0	0	0	0	0	0	0	0	0	0	1	0	0	0	8.883064
713	0	0	0	0	0	0	0	0	0	0	0	0	0	1	1	0	0	4	0.1524	16	0.0232258	0	0	0	0	0	0	0	0	0	0	1	0	0	0	1	0	0	0	9.430214
714	0	0	0	0	0	0	0	0	0	0	0	0	0	1	0	0	0	6	0.081	36	0.006561	0	0	0	0	0	0	0	0	0	0	1	0	0	0	0	0	0	0	9.848722
714	0	0	0	0	0	0	0	0	0	0	0	0	0	1	0	0	0	6	0.1317999	36	0.0173712	0	0	0	0	0	0	0	0	0	0	1	0	0	0	0	0	0	0	9.494866
714	0	0	0	0	0	1	0	0	0	0	0	0	0	1	0	0	0	8	0.1063999	64	0.0113209	0	0	0	0	0	0	0	0	0	0	1	0	0	0	0	0	0	0	9.024206
714	0	0	0	0	0	0	0	0	0	0	0	0	0	1	0	0	0	3	0.081	9	0.006561	0	0	0	0	0	0	0	0	0	0	1	0	0	0	0	0	0	0	9.830038
714	0	0	0	0	0	0	0	0	0	0	0	0	0	1	0	0	0	6	0.1063999	36	0.0113209	0	0	0	0	0	0	0	0	0	0	0	0	0	0	0	0	0	0	9.876092
714	1	0	0	0	0	1	0	0	0	0	0	0	0	1	0	0	0	10	0.1317999	100	0.0173712	0	0	0	0	0	0	0	0	0	0	0	0	0	0	0	0	0	0	9.949953
714	1	0	0	0	0	0	1	0	0	0	1	0	0	1	0	0	0	-1	0.2079999	1	0.043264	0	0	0	0	0	0	0	0	0	0	1	0	0	0	0	0	0	0	9.93285
714	0	0	0	0	0	0	0	0	0	0	0	0	0	1	0	0	0	6	0.1063999	36	0.0113209	0	0	0	0	0	0	0	0	0	0	1	0	0	0	0	0	0	0	10.0737
714	0	0	0	0	0	1	0	0	0	0	0	0	0	1	0	0	0	4	0.1825999	16	0.0333427	0	0	0	0	0	0	0	0	0	0	0	0	0	0	0	0	0	0	9.830038
714	0	0	0	0	0	0	0	0	0	0	0	0	0	1	0	0	0	5	0.1444999	25	0.0208802	0	0	0	0	0	0	0	0	0	0	1	0	0	0	0	0	0	0	9.848722
718	0	0	0	0	0	0	1	0	0	0	0	0	0	1	0	0	0	6	0.1015999	36	0.0103225	0	0	0	0	0	0	0	0	0	0	1	0	0	0	0	0	0	0	9.395179
718	0	1	0	0	0	0	1	0	0	0	0	0	0	0	0	0	0	8	0.1777999	64	0.0316128	0	0	0	0	0	0	0	0	0	0	1	0	0	0	0	0	0	0	9.830038
718	1	0	0	0	0	0	1	0	0	0	0	0	0	1	0	0	0	8	0.1777999	64	0.0316128	0	0	0	0	0	0	0	0	0	0	1	0	0	0	0	0	0	0	9.848722
718	1	1	0	0	0	0	1	0	0	0	0	0	0	0	0	0	0	4	0.1396999	16	0.0195161	0	0	0	0	0	0	0	0	0	0	0	0	0	0	0	0	0	0	9.830038
718	1	0	0	0	0	1	0	0	0	0	0	0	0	1	0	0	0	9	0.127	81	0.016129	0	0	0	0	0	0	0	0	0	0	1	0	0	0	0	0	0	0	10.0737
718	0	0	0	0	0	0	1	0	0	0	0	0	0	1	0	0	0	8	0.2158999	64	0.0466128	0	0	0	0	0	0	0	0	0	0	1	0	0	0	0	0	0	0	9.848722
718	0	1	0	0	0	0	1	0	0	0	0	0	0	0	0	0	0	2	0.2286	4	0.052258	0	0	0	0	0	0	0	0	0	0	1	0	0	0	0	0	0	0	9.235896
718	0	0	0	0	0	0	0	0	0	0	0	0	0	0	1	0	4	2	0.1015999	4	0.0103225	0	0	0	0	0	0	0	0	0	0	0	0	0	0	1	0	0	0	9.689184
718	0	0	0	0	0	0	1	0	0	0	0	0	0	1	0	0	0	3	0.3302	9	0.109032	0	0	0	0	0	0	0	0	0	0	1	0	0	0	0	0	0	0	9.830038
718	1	0	0	0	0	0	0	0	0	0	0	0	0	1	1	0	0	4	0.0253999	16	0.0006452	0	0	0	0	0	0	0	0	0	0	0	0	0	0	0	0	0	0	9.93285
718	0	1	0	0	0	0	1	0	0	0	0	0	0	0	0	0	0	5	0.0508	25	0.0025806	0	0	0	0	0	0	0	0	0	0	1	0	0	0	0	0	0	0	9.494866
718	1	0	0	0	0	0	0	0	0	0	0	0	0	1	1	0	0	6	0.1015999	36	0.0103225	0	0	0	0	0	0	0	0	0	0	0	0	0	0	0	0	0	0	9.814734
718	0	0	0	0	0	0	0	0	0	0	0	0	0	1	1	0	0	7	0.079	49	0.006241	0	0	0	0	0	0	0	0	0	0	1	0	0	0	0	0	0	0	9.848722
718	0	0	0	0	0	0	1	0	0	0	0	0	0	1	0	0	0	7	0.2286	49	0.052258	0	0	0	0	0	0	0	0	0	0	1	0	0	0	0	0	0	0	9.689184
718	0	1	0	0	0	0	1	0	0	0	0	0	0	0	0	0	0	6	0.0762	36	0.0058064	0	0	0	0	0	0	0	0	0	0	1	0	0	0	0	0	0	0	9.848722
719	0	1	0	0	0	1	0	0	0	0	0	0	0	0	0	0	0	9	0.1523999	81	0.0232257	0	0	0	0	0	0	1	0	0	0	0	0	0	0	0	0	0	0	9.235896
719	0	0	0	1	0	0	1	0	0	0	1	0	0	1	0	0	0	5	0	25	0	0	0	1.524	0	1	0	0	0	0	0	0	0	0	1	0	0	0	0	9.2512
719	0	1	0	0	0	0	1	0	0	0	1	0	0	0	0	0	0	6	0.1523999	36	0.0232257	0	0	0	0	0	0	1	0	0	0	0	0	0	0	0	0	0	0	9.321049
719	1	1	0	0	0	0	1	0	0	0	1	0	0	0	0	0	0	6	0.0762	36	0.0058064	0	0	0	0	0	0	1	0	0	0	1	0	0	0	0	0	0	0	10.03874
719	1	0	0	0	0	0	0	0	0	0	0	0	0	1	0	0	0	7	0.1523999	49	0.0232257	0	0	0	0	1	0	0	0	0	0	0	0	0	1	0	0	0	0	9.438108
719	0	1	0	1	0	0	1	0	0	0	1	0	0	0	0	0	0	6	0	36	0	0	0	1.524	0	0	0	1	0	0	0	1	0	0	0	0	0	0	0	9.179138
719	0	0	0	0	0	0	0	0	0	0	0	0	0	1	0	0	0	4	0.0762	16	0.0058064	0	0	0	0	1	0	0	0	0	0	0	0	0	1	0	0	0	0	9.438108
719	1	1	0	0	0	0	0	0	0	0	0	0	0	0	0	0	0	6	0.1523999	36	0.0232257	0	0	0	0	0	0	1	0	0	0	1	0	0	0	0	0	0	0	10.0737
719	0	0	0	0	0	1	0	0	0	0	0	0	0	1	0	0	0	9	0.1523999	81	0.0232257	0	0	0	0	1	0	0	0	0	0	0	0	0	1	0	0	0	0	9.440964
719	1	1	0	0	0	0	1	0	0	0	1	0	0	0	0	0	0	5	0.1523999	25	0.0232257	0	0	0	0	0	0	1	0	0	0	0	0	0	0	0	0	0	0	9.321049
719	1	1	0	0	0	0	0	0	0	0	0	0	0	0	0	0	0	5	0.127	25	0.016129	0	0	0	0	0	0	1	0	0	0	0	0	0	0	0	0	0	0	8.99223
719	0	0	0	0	0	0	0	0	0	0	0	0	0	1	0	0	0	6	0.127	36	0.016129	0	0	0	0	1	0	0	0	0	0	0	0	0	1	0	0	0	0	9.235896
719	0	0	0	0	1	1	0	0	0	1	0	0	0	1	0	0	0	4	0.1523999	16	0.0232257	0	0	0	0	1	0	0	0	0	0	0	0	0	1	0	0	0	0	8.915041
719	0	0	0	0	0	1	0	0	0	0	0	0	0	1	0	0	0	9	0.1777999	81	0.0316128	0	0	0	0	1	0	0	0	0	0	1	0	0	1	0	0	0	0	9.024206
719	0	0	0	0	0	0	0	0	0	0	0	0	0	1	0	0	0	7	0.1777999	49	0.0316128	0	0	0	0	1	0	0	0	0	0	0	0	0	1	0	0	0	0	9.496044
721	1	0	0	0	0	0	0	0	0	0	0	0	0	1	0	0	0	10	0.1524	100	0.0232258	0	0	0	0	1	0	0	0	0	0	1	1	0	0	0	0	0	0	9.564714
721	0	1	0	1	0	0	1	0	0	0	1	0	0	0	0	0	0	12	0	144	0	0	0	1.6256	0	0	0	1	0	0	0	0	0	0	0	0	0	0	0	9.697474
721	0	0	0	0	0	0	0	0	0	0	0	0	0	0	0	0	3	2	0.1524	4	0.0232258	0	0	0	0	0	3	0	0	0	0	1	0	0	0	1	0	0	0	9.571068
721	0	0	0	0	0	1	0	0	0	0	0	0	0	0	0	0	3	5	0.127	25	0.016129	0	0	0	0	0	3	0	0	0	0	1	0	0	0	1	0	0	0	9.93285
721	0	1	0	1	1	1	0	0	0	1	0	0	0	0	0	0	0	12	0	144	0	0	0	1.6256	0	0	0	1	0	0	0	0	0	0	0	0	0	0	0	9.705568
721	1	1	1	1	0	0	1	0	0	0	1	0	0	0	0	0	0	0	0	0	0	33	0	1.6256	0	0	0	1	0	0	0	0	0	0	0	0	0	0	0	9.208271
722	1	0	0	0	0	0	1	0	0	0	0	0	0	0	0	-3	0	7	0.0889	49	0.0079032	0	0	0	0	0	0	0	0	0	0	1	0	0	0	0	0	0	0	9.848722
722	0	0	0	0	0	0	0	0	0	0	0	0	0	1	1	0	0	7	0.1143	49	0.0130645	0	0	0	0	0	0	0	0	0	0	0	0	0	1	0	0	0	0	9.2512
722	0	0	0	0	0	1	0	0	0	0	0	0	0	0	0	-3	0	13	0.1651	169	0.027258	0	0	0	0	0	0	0	0	0	0	0	0	0	0	0	0	0	0	8.99223
722	1	1	0	0	0	0	0	0	0	0	0	0	0	0	1	0	0	2	0.1396999	4	0.0195161	0	0	0	0	0	0	0	0	0	0	1	0	0	0	0	0	0	0	9.814734
722	0	0	0	0	0	0	1	0	0	0	0	0	0	0	0	0	2	8	0.0634999	64	0.0040322	0	0	0	0	0	0	0	0	0	0	0	0	0	0	0	1	0	0	8.938133
722	0	1	0	0	0	0	1	0	0	0	0	0	0	0	0	0	0	8	0.0634999	64	0.0040322	0	0	0	0	0	0	0	0	0	0	1	0	0	0	0	0	0	0	9.43159
722	0	0	0	0	0	1	0	0	0	0	0	0	0	1	0	0	0	7	0.0634999	49	0.0040322	0	0	0	0	0	0	0	0	0	0	1	0	0	1	0	0	0	0	9.2512
722	1	1	0	1	0	0	1	0	0	0	0	0	0	0	0	0	0	9	0	81	0	0	0	1.6129	0	0	0	0	0	0	0	0	0	0	0	0	0	0	0	9.47533
722	0	1	0	0	0	0	0	0	0	0	0	0	0	0	1	0	0	6	0.0889	36	0.0079032	0	0	0	0	0	0	0	0	0	0	0	0	0	0	0	0	0	0	9.044147
722	0	0	0	0	0	0	0	0	0	0	0	0	0	1	1	0	0	5	0.0889	25	0.0079032	0	0	0	0	0	0	0	0	0	0	1	0	0	1	0	0	0	0	9.024206
722	1	0	0	1	0	0	0	0	0	0	0	0	0	1	1	0	0	7	0	49	0	0	0	1.6129	0	0	0	0	0	0	0	1	0	0	1	0	0	0	0	8.938133
722	0	0	0	0	0	1	0	0	0	0	0	0	0	0	0	-3	0	6	0.1015999	36	0.0103225	0	0	0	0	0	0	0	0	0	0	1	0	0	0	0	0	0	0	8.883064
722	0	1	0	0	0	0	0	0	0	0	0	0	0	0	1	0	0	5	0.1396999	25	0.0195161	0	0	0	0	0	0	0	0	0	0	1	0	0	0	0	0	0	0	9.084581
722	1	0	0	0	0	0	0	0	0	0	0	0	0	1	1	0	0	6	0.0889	36	0.0079032	0	0	0	0	0	0	0	0	0	0	1	0	0	1	0	0	0	0	9.101377
722	0	0	0	0	0	1	0	0	0	0	0	0	0	0	0	-3	0	7	0.1143	49	0.0130645	0	0	0	0	0	0	0	0	0	0	0	0	0	0	0	0	0	0	8.96148
724	0	0	0	0	0	0	1	0	0	0	0	0	0	1	0	0	0	3	0.0508	9	0.0025806	0	0	0	0	0	0	0	0	0	0	1	0	0	0	0	1	0	0	9.208271
724	0	0	0	0	0	1	0	0	0	0	0	0	0	1	1	0	0	5	0.1524	25	0.0232258	0	0	0	0	0	0	0	0	0	0	1	0	0	0	0	1	0	0	8.990049
724	1	0	0	0	0	0	1	0	0	0	0	0	0	1	0	0	0	2	0.1015999	4	0.0103225	0	0	0	0	0	0	0	0	0	0	1	0	0	0	0	1	0	0	9.126731
724	0	0	0	0	0	1	0	0	0	0	0	0	0	1	1	0	0	3	0.127	9	0.016129	0	0	0	0	0	0	0	0	0	0	1	0	0	0	0	1	0	0	8.716446
724	0	0	0	0	0	1	0	0	0	0	0	0	0	0	1	-2	0	8	0.127	64	0.016129	0	0	0	0	0	0	0	0	0	0	1	0	0	1	0	0	0	0	9.550129
724	0	0	0	0	0	0	0	0	0	0	0	0	0	0	0	-5	0	15	0.127	225	0.016129	0	0	0	0	0	0	0	0	0	0	0	0	0	0	0	0	0	0	9.273385
724	1	0	0	0	0	0	1	0	0	0	0	0	0	1	0	0	0	9	0	81	0	0	0	0	0	0	0	0	0	0	0	1	0	0	0	0	1	0	0	9.809099
724	0	0	0	1	0	1	0	0	0	0	0	0	0	0	1	-2	0	9	0	81	0	0	0	1.5748	0	0	0	0	0	0	0	0	0	0	1	0	0	0	0	8.99223
724	0	0	0	0	0	1	0	0	0	0	0	0	0	0	1	-1	0	9	0.0508	81	0.0025806	0	0	0	0	0	0	0	0	0	0	1	0	0	0	1	0	0	0	8.938133
724	0	0	0	0	0	1	0	0	0	0	0	0	0	0	1	0	0	3	0.2539999	9	0.064516	0	0	0	0	0	0	0	0	0	0	1	0	0	0	0	1	0	0	9.2512
724	1	1	0	0	0	0	1	0	0	0	0	0	0	0	0	0	0	12	0.2286	144	0.052258	0	0	0	0	0	0	0	0	0	0	1	0	0	0	0	0	0	0	9.357899
724	0	0	0	0	0	1	0	0	0	0	0	0	0	0	1	-2	0	7	0.127	49	0.016129	0	0	0	0	0	0	0	0	0	0	0	0	0	1	0	0	0	0	9.2512
724	1	0	0	0	0	0	0	0	0	0	0	0	0	1	0	0	0	9	0.1524	81	0.0232258	0	0	0	0	0	0	0	0	0	0	1	0	0	0	0	1	0	0	8.883064
724	0	0	0	0	0	0	0	0	0	0	0	0	0	0	0	0	2	5	-0.0254	25	0.0006452	0	0	0	0	0	0	0	0	0	0	0	0	0	0	0	0	0	1	8.990049
724	1	0	0	0	0	0	1	0	0	0	0	0	0	1	0	0	0	3	0.1524	9	0.0232258	0	0	0	0	0	0	0	0	0	0	1	0	0	0	0	1	0	0	9.041653
726	1	0	1	0	0	1	0	0	0	0	0	0	0	1	0	0	0	0	0.0889	0	0.0079032	27	0	0	0	0	0	0	0	0	0	1	0	0	1	0	0	0	0	9.348509
726	1	0	0	0	0	0	0	0	0	0	0	0	0	1	0	0	0	6	0.0762	36	0.0058064	0	0	0	0	0	0	0	0	0	0	0	0	0	1	0	0	0	0	10.07391
726	0	0	0	0	0	0	0	0	0	0	0	0	0	1	0	0	0	2	0.0508001	4	0.0025806	0	0	0	0	0	0	0	0	0	0	0	0	0	1	0	0	0	0	9.357899
726	0	1	0	1	0	0	1	0	0	0	1	0	0	0	0	0	0	3	0	9	0	0	0	1.5494	0	0	0	0	0	0	0	1	0	0	0	0	0	0	0	9.989575
726	0	0	0	0	0	1	0	0	0	0	0	0	0	1	0	0	0	6	0.1016001	36	0.0103226	0	0	0	0	0	0	0	0	0	0	1	0	0	1	0	0	0	0	8.99223
726	0	0	0	0	0	1	0	0	0	0	0	0	0	1	0	0	0	7	0.127	49	0.016129	0	0	0	0	0	0	0	0	0	0	1	0	0	1	0	0	0	0	9.283176
726	0	0	0	0	0	1	0	0	0	0	0	0	0	1	0	0	0	6	0.2032	36	0.0412902	0	0	0	0	0	0	0	0	0	0	1	0	0	1	0	0	0	0	9.084581
726	0	0	0	0	0	0	0	0	0	0	0	0	0	1	0	0	0	4	0.1778001	16	0.0316129	0	0	0	0	0	0	0	0	0	0	1	0	0	1	0	0	0	0	9.235896
726	1	0	0	0	0	1	0	0	0	0	0	0	0	1	0	0	0	9	0.1778001	81	0.0316129	0	0	0	0	0	0	0	0	0	0	1	0	0	1	0	0	0	0	9.286845
726	1	0	0	0	0	1	0	0	0	0	0	0	0	1	0	0	0	4	0.1524	16	0.0232258	0	0	0	0	0	0	0	0	0	0	1	0	0	1	0	0	0	0	9.2512
726	0	0	0	0	0	0	0	0	0	0	0	0	0	1	0	0	0	7	0.1524	49	0.0232258	0	0	0	0	0	0	0	0	0	0	1	0	0	1	0	0	0	0	9.053135
726	1	0	0	0	1	0	1	0	0	1	1	0	0	1	0	0	0	7	0.2032	49	0.0412902	0	0	0	0	0	0	0	0	0	0	0	0	0	1	0	0	0	0	9.438108
726	0	0	0	0	0	0	0	0	0	0	0	0	0	1	0	0	0	8	0.0508001	64	0.0025806	0	0	0	0	0	0	0	0	0	0	1	0	0	1	0	0	0	0	8.99223
726	0	0	0	0	1	1	0	0	0	1	0	0	0	0	0	0	2	5	0.1524	25	0.0232258	0	0	0	0	0	0	0	0	0	0	0	0	0	0	0	1	0	0	9.208271
726	0	0	0	0	0	0	0	0	0	0	0	0	0	1	0	0	0	8	0.1778001	64	0.0316129	0	0	0	0	0	0	0	0	0	0	0	0	0	1	0	0	0	0	9.044147
727	1	1	0	0	0	0	1	0	0	0	0	0	0	0	0	0	0	4	0.0381	16	0.0014516	0	0	0	0	0	0	0	0	0	1	0	0	0	0	0	0	0	0	9.830038
727	1	0	0	1	0	1	0	0	1	0	0	0	0	1	1	0	0	2	0	4	0	0	0	1.6891	0	0	0	0	1	0	0	1	0	0	0	0	1	0	0	9.93285
727	0	0	0	0	0	0	0	0	1	0	0	0	0	0	0	-1	0	8	0.1396999	64	0.0195161	0	0	0	0	0	0	0	0	-1	0	1	0	0	0	1	0	0	0	9.438108
727	0	0	0	0	0	0	0	0	1	0	0	0	0	0	0	-1	0	15	-0.0127001	225	0.0001613	0	0	0	0	0	0	0	0	-1	0	1	0	0	0	1	0	0	0	9.370974
727	0	0	0	0	0	1	0	0	1	0	0	0	0	1	1	0	0	6	0.1143	36	0.0130645	0	0	0	0	0	0	0	1	0	0	1	0	0	0	0	1	0	0	10.0737
727	0	0	0	0	0	0	0	0	1	0	0	0	0	0	0	-5	0	7	0.0127	49	0.0001613	0	0	0	0	0	0	0	0	-5	0	1	0	0	0	0	0	0	0	9.809099
727	0	0	0	0	0	1	0	0	0	0	0	0	0	1	1	0	0	12	0.1143	144	0.0130645	0	0	0	0	0	0	0	1	0	0	0	0	0	0	0	1	0	0	9.989575
727	0	0	0	0	0	1	0	0	1	0	0	0	0	1	1	0	0	11	0.0127	121	0.0001613	0	0	0	0	0	0	0	1	0	0	1	0	0	0	0	1	0	0	10.01695
727	1	1	0	0	0	0	1	0	1	0	0	0	0	0	0	0	0	5	0.1143	25	0.0130645	0	0	0	0	0	0	0	0	0	1	1	0	0	0	0	0	0	0	9.235896
727	1	0	0	0	0	1	0	0	0	0	0	0	0	0	1	0	0	6	0.1396999	36	0.0195161	0	0	0	0	0	0	0	0	0	0	0	0	0	0	0	1	0	0	9.809099
727	0	1	0	0	0	0	1	0	0	0	0	0	0	0	0	0	0	3	0.1651	9	0.027258	0	0	0	0	0	0	0	0	0	1	0	0	0	0	0	0	0	0	9.551724
727	0	1	0	0	0	1	0	0	0	0	0	0	0	0	1	0	0	3	0.0889	9	0.0079032	0	0	0	0	0	0	0	0	0	1	0	0	0	0	0	0	0	0	9.689184
727	0	0	0	0	0	1	0	0	1	0	0	0	0	1	1	0	0	4	0.0634999	16	0.0040322	0	0	0	0	0	0	0	1	0	0	1	0	0	0	0	1	0	0	9.25949
727	0	1	0	0	0	0	1	0	0	0	0	0	0	0	0	0	0	6	-0.0635	36	0.0040323	0	0	0	0	0	0	0	0	0	1	0	0	0	0	0	0	0	0	9.208271
727	1	1	0	0	0	0	1	0	0	0	0	0	0	0	0	0	0	1	0.0634999	1	0.0040322	0	0	0	0	0	0	0	0	0	1	0	0	0	0	0	0	0	0	9.689184
728	0	0	0	0	0	1	0	0	0	0	0	0	0	1	1	0	0	7	0.1777999	49	0.0316128	0	0	0	0	0	0	0	0	0	0	0	0	0	1	0	0	0	0	9.126731
728	0	0	0	0	0	1	0	0	0	0	0	0	0	0	1	0	2	6	0.2285999	36	0.0522579	0	0	0	0	0	0	0	0	0	0	0	0	0	0	0	1	0	0	9.809099
728	0	0	0	0	0	1	0	0	0	0	0	0	0	1	1	0	0	6	0.127	36	0.016129	0	0	0	0	0	0	0	0	0	0	0	0	0	1	0	0	0	0	10.0973
728	1	0	0	0	0	1	0	0	0	0	0	0	0	1	1	0	0	4	0.2285999	16	0.0522579	0	0	0	0	0	0	0	0	0	0	1	0	0	1	0	0	0	0	9.876092
728	0	1	0	0	0	1	0	0	0	0	0	0	0	0	1	0	0	8	0.2285999	64	0.0522579	0	0	0	0	0	0	0	0	0	0	0	0	0	0	0	0	0	0	9.532089
728	1	0	0	0	0	1	0	0	0	0	0	0	0	1	1	0	0	4	0.1015999	16	0.0103225	0	0	0	0	0	0	0	0	0	0	0	0	0	1	0	0	0	0	8.99223
728	1	1	1	0	0	1	0	0	0	0	0	0	0	0	1	0	0	0	0.0761999	0	0.0058064	26	0	0	0	0	0	0	0	0	0	1	0	0	0	0	0	0	0	9.876092
728	0	0	0	0	0	1	0	0	0	0	0	0	0	1	1	0	0	8	0.0253999	64	0.0006452	0	0	0	0	0	0	0	0	0	0	1	0	0	1	0	0	0	0	9.750545
728	1	0	0	0	0	1	0	0	0	0	0	0	0	1	1	0	0	5	0.0761999	25	0.0058064	0	0	0	0	0	0	0	0	0	0	0	0	0	1	0	0	0	0	10.0737
728	0	0	0	0	0	1	0	0	0	0	0	0	0	1	1	0	0	6	0.1015999	36	0.0103225	0	0	0	0	0	0	0	0	0	0	0	0	0	1	0	0	0	0	8.771515
728	0	0	0	0	0	0	0	0	0	0	0	0	0	0	0	-3	0	7	0.0253999	49	0.0006452	0	0	0	0	0	0	0	0	0	0	1	0	0	0	0	0	0	0	9.536913
728	1	0	0	1	0	1	0	0	0	0	0	0	0	1	1	0	0	5	0	25	0	0	0	1.6002	0	0	0	0	0	0	0	1	0	0	1	0	0	0	0	9.30558
728	0	1	0	0	0	0	1	0	0	0	0	0	0	0	0	0	0	9	0.0761999	81	0.0058064	0	0	0	0	0	0	0	0	0	0	0	0	0	0	0	0	0	0	9.550129
728	0	1	0	0	0	0	0	0	0	0	0	0	0	0	0	0	0	9	0.0761999	81	0.0058064	0	0	0	0	0	0	0	0	0	0	1	0	0	0	0	0	0	0	8.99223
728	0	0	0	0	0	0	1	0	0	0	0	0	0	0	0	-1	0	6	0.1142999	36	0.0130645	0	0	0	0	0	0	0	0	0	0	0	0	1	0	0	0	0	0	9.321049
729	1	1	0	1	0	0	1	0	0	0	0	0	0	0	0	0	0	8	0	64	0	0	0	1.4986	0	0	0	1	0	0	0	1	0	0	0	0	0	0	0	9.451937
729	1	0	0	0	0	1	0	0	0	0	0	0	0	1	1	0	0	9	0.1143	81	0.0130645	0	0	0	0	1	0	0	0	0	0	1	0	0	0	0	0	0	0	8.825611
729	0	0	1	1	0	0	0	0	0	0	0	0	0	1	0	0	0	0	0	0	0	24	0	1.4986	0	1	0	0	0	0	0	0	0	0	0	0	0	0	0	9.208271
729	0	0	0	0	0	1	0	0	0	0	0	0	0	1	1	0	0	11	0.0762	121	0.0058064	0	0	0	0	1	0	0	0	0	0	0	0	0	0	0	0	0	0	9.989575
729	0	0	0	0	0	1	0	0	0	0	0	0	0	1	1	0	0	7	0.0762	49	0.0058064	0	0	0	0	1	0	0	0	0	0	0	0	0	0	0	0	0	0	9.323274
729	1	0	0	0	0	0	1	0	0	0	0	0	0	1	0	0	0	3	0.3048	9	0.0929031	0	0	0	0	1	0	0	0	0	0	0	0	0	0	0	0	0	0	10.03874
729	0	0	0	0	0	0	1	0	0	0	0	0	0	1	0	0	0	4	0.0508	16	0.0025806	0	0	0	0	1	0	0	0	0	0	1	0	0	0	0	0	0	0	9.089539
729	0	1	1	0	0	1	0	0	0	0	0	0	0	0	1	0	0	0	0.1777999	0	0.0316128	24	0	0	0	0	0	1	0	0	0	0	0	0	0	0	0	0	0	9.112145
729	0	1	0	0	0	0	1	0	0	0	0	0	0	0	0	0	0	4	0.2539999	16	0.064516	0	0	0	0	0	0	1	0	0	0	0	0	0	0	0	0	0	0	9.395179
729	1	1	0	0	0	0	1	0	0	0	0	0	0	0	0	0	0	14	0.127	196	0.016129	0	0	0	0	0	0	1	0	0	0	1	0	0	0	0	0	0	0	9.208271
729	0	1	0	0	0	0	1	0	0	0	0	0	0	0	0	0	0	10	0.0762	100	0.0058064	0	0	0	0	0	0	1	0	0	0	1	0	0	0	0	0	0	0	9.360348
729	1	0	0	0	0	1	0	0	0	0	0	0	0	1	1	0	0	5	0.0889	25	0.0079032	0	0	0	0	1	0	0	0	0	0	0	0	0	0	0	0	0	0	9.230456
730	0	0	0	0	0	1	0	0	0	0	0	0	0	0	0	-1	0	3	0.1016001	9	0.0103226	0	0	0	0	0	-1	0	0	0	0	0	0	0	0	1	0	0	0	9.440964
730	1	0	0	0	0	0	1	0	0	0	1	0	0	1	0	0	0	3	0.0244	9	0.0005954	0	0	0	0	1	0	0	0	0	0	1	0	0	0	0	1	0	0	10.01695
730	0	0	0	0	0	0	0	0	0	0	0	0	0	0	0	-1	0	7	0.0254	49	0.0006452	0	0	0	0	0	-1	0	0	0	0	1	0	0	0	1	0	0	0	9.2512
730	0	0	0	0	0	1	0	0	0	0	0	0	0	0	0	-1	0	5	0.1016001	25	0.0103226	0	0	0	0	0	-1	0	0	0	0	0	0	0	0	1	0	0	0	8.99223
730	1	1	0	0	0	0	1	0	0	0	1	0	0	0	0	0	0	1	0.1778001	1	0.0316129	0	0	0	0	0	0	1	0	0	0	0	0	0	0	0	0	0	0	9.571068
730	0	0	0	0	0	1	0	0	0	0	0	0	0	1	0	0	0	6	0.0254	36	0.0006452	0	0	0	0	1	0	0	0	0	0	0	0	0	0	0	1	0	0	8.980399
730	0	0	0	0	0	1	0	0	0	0	0	0	0	1	0	0	0	5	0	25	0	0	0	0	0	1	0	0	0	0	0	0	0	0	0	0	1	0	0	9.2512
730	0	0	0	0	0	1	0	0	0	0	0	0	0	0	0	0	0	5	0	25	0	0	0	0	0	0	0	0	0	0	0	1	0	0	0	0	1	0	0	9.430197
730	0	0	0	0	0	0	1	0	0	0	1	0	0	0	0	0	0	6	0.0508	36	0.0025806	0	0	0	0	0	0	0	0	0	0	0	0	0	0	0	1	0	0	9.357899
730	0	0	0	1	0	0	1	0	0	0	1	0	0	1	0	0	0	5	0	25	0	0	0	1.6256	0	1	0	0	0	0	0	0	0	0	0	0	1	0	0	9.127307
730	0	1	0	0	0	0	0	0	0	0	0	0	0	0	0	0	0	4	0	16	0	0	0	0	0	0	0	1	0	0	0	0	0	0	0	0	0	0	0	9.321049
730	0	0	0	0	0	0	1	0	0	0	1	0	0	1	0	0	0	7	0.1524	49	0.0232258	0	0	0	0	1	0	0	0	0	0	1	0	0	0	0	1	0	0	9.370974
731	0	1	0	0	0	1	0	0	0	0	0	0	0	0	0	0	0	0	0	0	0	0	0	0	0	0	0	0	0	0	0	0	0	0	0	0	0	0	0	10.07391
731	0	1	0	0	1	0	1	0	0	1	1	0	0	0	0	0	0	4	0.1777999	16	0.0316128	0	0	0	0	0	0	0	0	0	0	0	0	0	0	0	0	0	0	9.682814
731	0	1	0	0	0	1	0	0	0	0	0	0	0	0	0	0	0	4	0.0761999	16	0.0058064	0	0	0	0	0	0	0	0	0	0	0	0	0	0	0	0	0	0	9.680216
731	0	1	0	0	1	0	1	0	0	1	1	0	0	0	0	0	0	7	0.1015999	49	0.0103225	0	0	0	0	0	0	0	0	0	0	0	0	0	0	0	0	0	0	9.357899
731	0	0	0	0	0	0	0	0	0	0	0	0	0	0	0	0	3	17	0	289	0	0	0	0	0	0	0	0	0	0	0	1	0	0	1	0	0	0	0	9.989575
731	1	1	0	1	1	0	1	0	0	1	1	0	0	0	0	0	0	5	0	25	0	0	0	1.6002	0	0	0	0	0	0	0	0	0	0	0	0	0	0	0	9.949953
731	0	0	0	0	0	1	0	0	0	0	0	0	0	1	0	0	0	4	0.127	16	0.016129	0	0	0	0	0	0	0	0	0	0	1	0	0	0	0	0	0	0	8.99223
731	1	0	0	0	0	0	1	0	0	0	1	0	0	1	0	0	0	3	0.2032	9	0.0412902	0	0	0	0	0	0	0	0	0	0	1	0	0	0	0	0	0	0	9.949953
731	0	0	0	0	0	1	0	0	0	0	0	0	0	1	0	0	0	2	0.0761999	4	0.0058064	0	0	0	0	0	0	0	0	0	0	1	0	0	0	0	0	0	0	9.367809
731	0	0	0	0	0	0	0	0	0	0	0	0	0	0	0	0	1	5	0.1015999	25	0.0103225	0	0	0	0	0	0	0	0	0	0	1	1	0	0	0	0	0	0	10.07391
731	0	0	0	0	0	0	0	0	0	0	0	0	0	0	0	0	3	1	0.1015999	1	0.0103225	0	0	0	0	0	0	0	0	0	0	1	0	0	1	0	0	0	0	9.809099
731	1	1	0	1	0	0	1	0	0	0	1	0	0	0	0	0	0	9	0	81	0	0	0	1.6002	0	0	0	0	0	0	0	1	0	0	0	0	0	0	0	10.01695
731	1	1	0	1	0	0	1	0	0	0	1	0	0	0	0	0	0	13	0	169	0	0	0	1.6002	0	0	0	0	0	0	0	1	0	0	0	0	0	0	0	9.949953
731	1	1	0	0	1	0	1	0	0	1	1	0	0	0	0	0	0	2	0.1396999	4	0.0195161	0	0	0	0	0	0	0	0	0	0	0	0	0	0	0	0	0	0	9.949953
731	0	0	0	0	0	0	1	0	0	0	1	0	0	0	0	0	3	3	0.0253999	9	0.0006452	0	0	0	0	0	0	0	0	0	0	1	0	0	1	0	0	0	0	9.830038
732	1	0	0	0	0	1	0	0	0	0	0	0	0	1	0	0	0	14	0.1015999	196	0.0103225	0	0	0	0	0	0	0	1	0	0	0	1	0	0	0	0	0	0	9.430214
732	0	0	0	0	0	0	0	0	0	0	0	0	0	0	1	-1	0	7	0.1015999	49	0.0103225	0	0	0	0	0	0	0	0	-1	0	1	0	0	0	0	0	0	0	8.938133
732	0	1	0	1	0	0	1	0	0	0	0	0	0	0	0	0	0	7	0	49	0	0	0	1.6002	0	0	0	0	0	0	1	1	0	0	0	0	0	0	0	8.771515
732	0	0	0	1	1	0	1	0	0	1	0	0	0	0	0	-1	0	6	0	36	0	0	0	1.6002	0	0	0	0	0	-1	0	0	0	0	0	0	0	0	0	8.938133
732	0	1	0	0	0	0	0	0	0	0	0	0	0	0	1	0	0	14	0.1523999	196	0.0232257	0	0	0	0	0	0	0	0	0	1	1	0	0	0	0	0	0	0	9.323274
732	0	1	1	1	0	0	0	0	0	0	0	0	0	0	1	0	0	0	0	0	0	23	0	1.6002	0	0	0	0	0	0	1	0	0	0	0	0	0	0	0	9.041653
732	0	1	0	1	0	0	1	0	0	0	0	0	0	0	0	0	0	5	0	25	0	0	0	1.6002	0	0	0	0	0	0	1	0	0	0	0	0	0	0	0	8.938133
732	1	1	0	1	0	0	1	0	0	0	0	0	0	0	0	0	0	7	0	49	0	0	0	1.6002	0	0	0	0	0	0	1	1	0	0	0	0	0	0	0	9.208271
732	0	0	0	0	0	0	0	0	0	0	0	0	0	1	1	0	0	7	0.0253999	49	0.0006452	0	0	0	0	0	0	0	1	0	0	0	1	0	0	0	0	0	0	8.938133
732	0	0	0	0	0	0	1	0	0	0	0	0	0	0	0	0	2	11	0.0508	121	0.0025806	0	0	0	0	0	0	0	0	2	0	0	0	0	1	0	0	0	0	9.260187
732	1	1	0	0	0	0	1	0	0	0	0	0	0	0	0	0	0	6	0.0508	36	0.0025806	0	0	0	0	0	0	0	0	0	1	0	0	0	0	0	0	0	0	9.041653
732	1	0	0	0	0	0	0	0	0	0	0	0	0	1	1	0	0	7	0.1777999	49	0.0316128	0	0	0	0	0	0	0	1	0	0	1	1	0	0	0	0	0	0	8.938133
732	1	0	0	0	0	0	0	0	0	0	0	0	0	1	1	0	0	4	0.127	16	0.016129	0	0	0	0	0	0	0	1	0	0	0	1	0	0	0	0	0	0	8.99223
741	1	0	0	0	0	0	1	0	0	0	0	0	0	0	0	0	0	7	0.2794	49	0.0780644	0	0	0	0	0	0	0	0	0	0	0	0	0	0	1	0	0	0	9.494866
741	0	0	0	0	1	0	0	0	0	1	0	0	0	0	0	0	0	5	0.1777999	25	0.0316128	0	0	0	0	0	0	0	0	0	0	0	0	0	0	1	0	0	0	9.451937
741	0	0	0	0	0	1	0	0	0	0	0	0	0	0	1	-1	0	6	0.2032	36	0.0412902	0	0	0	0	0	0	0	0	-1	0	1	0	0	1	0	0	0	0	8.99223
741	0	0	0	0	1	0	0	0	0	1	0	0	0	0	0	0	3	6	0.0761999	36	0.0058064	0	0	0	0	0	0	0	0	3	0	0	0	0	0	0	0	0	1	8.883064
741	0	1	0	0	1	0	1	0	0	1	0	0	0	0	0	0	0	5	0.1015999	25	0.0103225	0	0	0	0	0	0	0	0	0	1	0	0	0	0	0	0	0	0	9.49507
741	0	0	0	0	0	1	0	0	0	0	0	0	0	1	1	0	0	5	0.0634999	25	0.0040322	0	0	0	0	0	0	0	1	0	0	0	0	0	0	1	0	0	0	9.49507
741	1	1	0	0	0	0	1	0	0	0	0	0	0	0	0	0	0	7	0.0761999	49	0.0058064	0	0	0	0	0	0	0	0	0	1	0	0	0	0	0	0	0	0	9.689184
741	0	0	0	0	0	1	0	0	0	0	0	0	0	0	1	0	0	7	0.127	49	0.016129	0	0	0	0	0	0	0	0	0	0	0	0	0	0	1	0	0	0	8.99223
741	0	0	0	0	0	1	0	0	0	0	0	0	0	0	1	0	0	3	0.0761999	9	0.0058064	0	0	0	0	0	0	0	0	0	0	0	0	0	0	1	0	0	0	8.972886
741	0	0	0	0	1	1	0	0	0	1	0	0	0	0	1	0	1	9	0.2285999	81	0.0522579	0	0	0	0	0	0	0	0	1	0	0	0	0	0	0	1	0	0	9.452142
741	1	0	0	0	0	1	0	0	0	0	0	0	0	1	1	0	0	4	0.2285999	16	0.0522579	0	0	0	0	0	0	0	1	0	0	1	0	0	0	1	0	0	0	9.2512
741	0	0	0	1	0	0	0	0	0	0	0	0	0	0	0	-1	0	7	0	49	0	0	0	1.6002	0	0	0	0	0	-1	0	0	0	0	1	0	0	0	0	9.2512
741	0	0	0	0	0	1	0	0	0	0	0	0	0	1	1	0	0	12	0.1777999	144	0.0316128	0	0	0	0	0	0	0	1	0	0	1	0	0	0	1	0	0	0	9.121804
742	0	0	0	0	0	0	0	0	0	0	0	0	0	1	1	0	0	6	0.1015999	36	0.0103225	0	0	0	0	0	0	0	0	0	0	1	0	0	1	0	0	0	0	9.809099
742	0	0	0	0	0	0	0	0	0	0	0	0	0	1	1	0	0	5	0.127	25	0.016129	0	0	0	0	0	0	0	0	0	0	1	0	0	1	0	0	0	0	10.0737
742	0	0	0	0	0	0	1	0	0	0	0	0	0	0	0	-2	0	7	0.1015999	49	0.0103225	0	0	0	0	0	0	0	0	0	0	0	1	0	0	0	0	0	0	9.089539
742	0	0	0	0	0	0	0	0	0	0	0	0	0	0	1	-2	0	8	0.0761999	64	0.0058064	0	0	0	0	0	0	0	0	0	0	0	1	0	0	0	0	0	0	9.321049
742	0	0	0	0	0	0	0	0	0	0	0	0	0	1	1	0	0	8	0.1015999	64	0.0103225	0	0	0	0	0	0	0	0	0	0	1	0	0	1	0	0	0	0	9.93285
742	0	0	0	0	0	0	1	0	0	0	0	0	0	0	0	-3	0	6	0.1015999	36	0.0103225	0	0	0	0	0	0	0	0	0	0	1	0	0	0	0	0	0	0	9.440964
742	0	0	0	0	0	1	0	0	0	0	0	0	0	1	0	0	0	10	0.127	100	0.016129	0	0	0	0	0	0	0	0	0	0	1	0	0	1	0	0	0	0	9.848722
742	0	0	0	0	0	1	0	0	0	0	0	0	0	0	0	-3	0	9	0.1523999	81	0.0232257	0	0	0	0	0	0	0	0	0	0	0	0	0	0	0	0	0	0	9.848722
742	0	0	0	0	0	0	0	0	0	0	0	0	0	1	1	0	0	9	0.1523999	81	0.0232257	0	0	0	0	0	0	0	0	0	0	0	0	0	1	0	0	0	0	9.848722
742	1	0	0	0	0	0	0	0	0	0	0	0	0	1	1	0	0	11	0.127	121	0.016129	0	0	0	0	0	0	0	0	0	0	0	0	0	1	0	0	0	0	9.93285
742	0	0	0	0	0	1	0	0	0	0	0	0	0	1	0	0	0	5	0.0761999	25	0.0058064	0	0	0	0	0	0	0	0	0	0	1	0	0	1	0	0	0	0	8.99223
744	0	0	0	0	0	0	1	0	0	0	0	0	0	1	0	0	0	3	0.1016001	9	0.0103226	0	0	0	0	0	0	0	0	0	0	0	0	0	1	0	0	0	0	9.571068
744	0	0	0	0	0	1	0	0	0	0	0	0	0	1	1	0	0	2	0.1524	4	0.0232258	0	0	0	0	0	0	0	0	0	0	0	0	0	1	0	0	0	0	9.2512
744	1	0	0	0	0	0	0	0	0	0	0	0	0	1	0	0	0	2	0.0762	4	0.0058064	0	0	0	0	0	0	0	0	0	0	1	0	0	1	0	0	0	0	9.848722
744	0	0	0	0	0	0	0	0	0	0	0	0	0	1	0	0	0	9	0.2032	81	0.0412902	0	0	0	0	0	0	0	0	0	0	1	0	0	1	0	0	0	0	9.757976
744	1	0	0	0	0	1	0	0	0	0	0	0	0	0	1	0	2	5	0.1778001	25	0.0316129	0	0	0	0	0	0	0	0	0	0	1	0	0	0	0	1	0	0	10.0737
744	0	1	0	0	0	1	0	0	0	0	0	0	0	0	1	0	0	-5	0.0508	25	0.0025806	0	0	0	0	0	0	0	0	0	0	1	0	0	0	0	0	0	0	8.842326
744	0	0	0	0	0	0	0	0	0	0	0	0	0	0	0	0	1	6	0.0254	36	0.0006452	0	0	0	0	0	0	0	0	0	0	1	0	0	0	1	0	0	0	10.07391
744	0	0	0	0	0	1	0	0	0	0	0	0	0	0	1	0	2	2	0.2032	4	0.0412902	0	0	0	0	0	0	0	0	0	0	0	0	0	0	0	1	0	0	9.830038
744	0	0	0	0	0	1	0	0	0	0	0	0	0	1	1	0	0	5	0.0508	25	0.0025806	0	0	0	0	0	0	0	0	0	0	1	0	0	1	0	0	0	0	9.199851
744	1	1	0	1	0	0	1	0	0	0	0	0	0	0	0	0	0	3	0	9	0	0	0	1.6256	0	0	0	0	0	0	0	1	0	0	0	0	0	0	0	9.711262
744	0	1	0	0	0	0	1	0	0	0	0	0	0	0	0	0	0	3	0.127	9	0.016129	0	0	0	0	0	0	0	0	0	0	0	0	0	0	0	0	0	0	9.321049
744	1	0	0	0	0	1	0	0	0	0	0	0	0	1	1	0	0	4	0.1397001	16	0.0195161	0	0	0	0	0	0	0	0	0	0	1	0	0	1	0	0	0	0	9.689184
744	0	0	0	0	0	1	0	0	0	0	0	0	0	1	1	0	0	7	0.0889	49	0.0079032	0	0	0	0	0	0	0	0	0	0	1	0	0	1	0	0	0	0	9.2512
744	1	1	0	0	0	1	0	0	0	0	0	0	0	0	1	0	0	7	0.2286	49	0.052258	0	0	0	0	0	0	0	0	0	0	1	0	0	0	0	0	0	0	9.79539
744	0	0	0	0	0	1	0	0	0	0	0	0	0	0	1	0	1	9	0.0254	81	0.0006452	0	0	0	0	0	0	0	0	0	0	0	0	0	0	1	0	0	0	9.876092
746	0	0	0	0	0	1	0	0	0	0	0	0	0	1	0	0	0	5	0.1143	25	0.0130645	0	0	0	0	0	0	0	0	0	0	1	0	0	1	0	0	0	0	9.321049
746	0	1	0	0	0	1	0	0	0	0	0	0	0	0	0	0	0	5	0.127	25	0.016129	0	0	0	0	0	0	0	0	0	0	1	0	0	0	0	0	0	0	9.430214
746	1	0	0	0	0	0	0	0	0	0	0	0	0	1	1	0	0	6	0.127	36	0.016129	0	0	0	0	0	0	0	0	0	0	1	0	0	1	0	0	0	0	9.617123
746	1	0	0	0	0	0	1	0	0	0	0	0	0	1	0	0	0	5	0.1778001	25	0.0316129	0	0	0	0	0	0	0	0	0	0	1	0	0	1	0	0	0	0	9.876092
746	0	0	0	0	0	0	1	0	0	0	0	0	0	1	0	0	0	7	0.127	49	0.016129	0	0	0	0	0	0	0	0	0	0	1	0	0	1	0	0	0	0	9.430214
746	0	0	0	0	1	1	0	0	0	1	0	0	0	1	0	0	0	4	0.0508001	16	0.0025806	0	0	0	0	0	0	0	0	0	0	0	0	0	1	0	0	0	0	9.689184
746	1	0	0	0	0	0	0	0	0	0	0	0	0	1	1	0	0	4	0.1524	16	0.0232258	0	0	0	0	0	0	0	0	0	0	0	0	0	1	0	0	0	0	9.809099
746	1	1	0	0	1	0	0	0	0	1	0	0	0	0	1	0	0	3	0.1524	9	0.0232258	0	0	0	0	0	0	0	0	0	0	0	0	0	0	0	0	0	0	9.673881
746	1	0	0	0	0	0	0	0	0	0	0	0	0	1	1	0	0	5	0.2032	25	0.0412902	0	0	0	0	0	0	0	0	0	0	1	0	0	1	0	0	0	0	9.689184
753	1	0	0	0	0	0	0	0	0	0	0	0	0	1	1	0	0	8	0.0635	64	0.0040323	0	0	0	0	0	0	0	0	0	0	1	0	0	1	0	0	0	0	8.738888
753	1	0	0	0	0	0	0	0	0	0	0	0	0	1	1	0	0	5	0.1016001	25	0.0103226	0	0	0	0	0	0	0	0	0	0	0	0	0	1	0	0	0	0	8.716446
753	1	0	0	0	0	0	0	0	0	0	0	0	0	1	1	0	0	5	0.0762	25	0.0058064	0	0	0	0	0	0	0	0	0	0	1	0	0	1	0	0	0	0	8.771515
753	1	0	0	0	0	0	0	0	0	0	0	0	0	1	1	0	0	4	0.0508001	16	0.0025806	0	0	0	0	0	0	0	0	0	0	0	0	0	1	0	0	0	0	8.938133
753	1	0	0	0	0	0	0	0	0	0	0	0	0	1	1	0	0	7	0.1524	49	0.0232258	0	0	0	0	0	0	0	0	0	0	1	0	0	1	0	0	0	0	8.93498
754	1	0	0	0	0	1	0	0	0	0	0	0	0	1	1	0	0	6	0.1524	36	0.0232258	0	0	0	0	1	0	0	0	0	0	0	0	0	0	0	1	0	0	9.848722
754	1	0	0	0	1	0	1	0	0	1	0	0	0	1	0	0	0	6	0.127	36	0.016129	0	0	0	0	1	0	0	0	0	0	0	0	0	0	0	1	0	0	9.989575
754	1	0	0	0	0	1	0	0	0	0	0	0	0	1	1	0	0	6	0.1777999	36	0.0316128	0	0	0	0	1	0	0	0	0	0	0	0	0	0	0	1	0	0	9.93285
754	1	0	0	0	1	1	0	0	0	1	0	0	0	1	1	0	0	7	0.1524	49	0.0232258	0	0	0	0	1	0	0	0	0	0	0	0	0	0	0	1	0	0	9.848722
754	1	0	0	0	0	1	0	0	0	0	0	0	0	1	1	0	0	6	0.127	36	0.016129	0	0	0	0	1	0	0	0	0	0	1	0	0	0	0	1	0	0	9.989575
756	0	0	0	1	1	0	0	0	0	1	0	0	0	0	1	0	2	4	0	16	0	0	0	1.5875	0	0	0	0	0	0	0	0	0	0	0	0	1	0	0	9.181799
756	0	0	0	1	1	0	0	0	0	1	0	0	0	0	1	0	1	5	0	25	0	0	0	1.5875	0	0	0	0	0	0	0	0	0	0	0	1	0	0	0	8.938133
756	1	0	0	0	0	1	0	0	0	0	0	0	0	0	0	-3	0	4	0.1143	16	0.0130645	0	0	0	0	0	0	0	0	0	0	1	0	0	0	0	0	0	0	9.235896
756	0	1	0	1	0	0	1	0	0	0	0	0	0	0	0	0	0	3	0	9	0	0	0	1.5875	0	0	0	0	0	0	0	0	0	0	0	0	0	0	0	9.101377
756	0	0	0	1	0	1	0	0	0	0	0	0	0	0	0	0	1	10	0	100	0	0	0	1.5875	0	0	0	0	0	0	0	0	0	0	0	1	0	0	0	8.938133
756	0	1	0	1	0	1	0	0	0	0	0	0	0	0	0	0	0	5	0	25	0	0	0	1.5875	0	0	0	0	0	0	0	1	0	0	0	0	0	0	0	8.938133
756	1	0	0	0	0	0	1	0	0	0	0	0	0	1	0	0	0	5	0.0889	25	0.0079032	0	0	0	0	0	0	0	0	0	0	0	0	0	1	0	0	0	0	9.235896
757	0	0	0	0	0	1	0	0	0	0	0	0	0	1	1	0	0	13	0.2032	169	0.0412902	0	0	0	0	1	0	0	0	0	0	0	0	0	1	0	0	0	0	9.564714
757	0	0	0	0	0	0	0	0	0	0	0	0	0	1	0	0	0	8	0.1524	64	0.0232258	0	0	0	0	1	0	0	0	0	0	1	0	0	1	0	0	0	0	9.307697
757	0	0	0	0	0	1	0	0	0	0	0	0	0	1	1	0	0	11	0.1015999	121	0.0103225	0	0	0	0	1	0	0	0	0	0	0	0	0	1	0	0	0	0	9.571068
757	0	0	0	0	0	1	0	0	0	0	0	0	0	1	1	0	0	10	0.1777999	100	0.0316128	0	0	0	0	1	0	0	0	0	0	0	0	0	1	0	0	0	0	9.307697
757	0	0	0	0	0	1	0	0	0	0	0	0	0	1	1	0	0	5	0.127	25	0.016129	0	0	0	0	1	0	0	0	0	0	1	0	0	1	0	0	0	0	9.127307
757	0	0	0	0	0	0	0	0	0	0	0	0	0	1	0	0	0	9	0.1524	81	0.0232258	0	0	0	0	1	0	0	0	0	0	1	0	0	1	0	0	0	0	9.2512
757	0	0	0	0	0	1	0	0	0	0	0	0	0	1	1	0	0	7	0.1452	49	0.021083	0	0	0	0	1	0	0	0	0	0	1	0	0	1	0	0	0	0	9.550129
758	0	0	0	0	0	1	0	0	0	0	0	0	0	0	0	0	3	5	0.1016001	25	0.0103226	0	0	0	0	0	0	0	0	3	0	0	0	0	0	0	0	0	1	8.99223
758	0	0	0	1	0	1	0	0	0	0	0	0	0	1	0	0	0	12	0	144	0	0	0	1.6256	0	0	0	0	1	0	0	1	0	0	0	1	0	0	0	9.2512
758	0	0	0	0	0	0	1	0	0	0	1	0	0	1	0	0	0	8	0.0762	64	0.0058064	0	0	0	0	0	0	0	1	0	0	1	0	0	0	1	0	0	0	8.771515
758	0	0	0	0	0	1	0	0	0	0	0	0	0	1	0	0	0	7	0.127	49	0.016129	0	0	0	0	0	0	0	1	0	0	0	0	0	0	1	0	0	0	9.101377
758	0	0	0	0	0	1	0	0	0	0	0	0	0	1	0	0	0	10	0.0508	100	0.0025806	0	0	0	0	0	0	0	1	0	0	1	0	0	0	1	0	0	0	8.99223
758	0	0	0	0	0	0	0	0	0	0	0	0	0	1	0	0	0	9	0.1016001	81	0.0103226	0	0	0	0	0	0	0	1	0	0	1	0	0	0	1	0	0	0	8.883064
758	0	0	0	1	0	0	0	0	0	0	0	0	0	0	0	0	0	8	0	64	0	0	0	1.6256	0	0	0	0	0	0	0	1	0	0	0	1	0	0	0	8.938133
758	0	0	0	1	0	0	0	0	0	0	0	0	0	0	0	-1	0	6	0	36	0	0	0	1.6256	0	0	0	0	0	-1	0	0	0	0	1	0	0	0	0	9.2512
759	0	0	0	0	0	1	0	0	0	0	0	0	0	0	1	0	1	8	0.1270001	64	0.016129	0	0	0	0	0	0	0	0	0	0	1	0	0	0	1	0	0	0	8.938133
759	1	0	0	0	0	1	0	0	0	0	0	0	0	1	1	0	0	8	0.1270001	64	0.016129	0	0	0	0	0	0	0	0	0	0	1	0	0	1	0	0	0	0	9.179138
759	1	0	0	0	0	0	0	0	0	0	0	0	0	1	0	0	0	7	0.1016001	49	0.0103226	0	0	0	0	0	0	0	0	0	0	0	0	0	1	0	0	0	0	9.2512
759	0	0	0	0	0	0	0	0	0	0	0	0	0	1	0	0	0	11	0.1778001	121	0.0316129	0	0	0	0	0	0	0	0	0	0	1	0	0	1	0	0	0	0	8.738888
759	1	0	0	0	0	1	0	0	0	0	0	0	0	1	1	0	0	5	0.1524	25	0.0232258	0	0	0	0	0	0	0	0	0	0	1	0	0	1	0	0	0	0	9.235896
759	0	0	0	0	0	1	0	0	0	0	0	0	0	1	1	0	0	12	0.1524	144	0.0232258	0	0	0	0	0	0	0	0	0	0	1	0	0	1	0	0	0	0	9.015304
759	1	0	0	0	0	0	0	0	0	0	0	0	0	1	0	0	0	4	0.1778001	16	0.0316129	0	0	0	0	0	0	0	0	0	0	1	0	0	1	0	0	0	0	8.883064
759	0	0	0	0	0	1	0	0	0	0	0	0	0	0	1	0	1	14	0.0508001	196	0.0025806	0	0	0	0	0	0	0	0	0	0	1	0	0	0	1	0	0	0	9.112145
759	1	0	0	0	0	0	0	0	0	0	0	0	0	1	0	0	0	6	0.1524	36	0.0232258	0	0	0	0	0	0	0	0	0	0	0	0	0	1	0	0	0	0	8.99223
760	1	0	0	0	0	1	0	0	0	0	0	0	0	1	1	0	0	6	0.1524	36	0.0232258	0	0	0	0	0	0	0	0	0	0	1	0	0	0	0	0	0	0	9.371115
760	0	0	0	0	1	1	0	0	0	1	0	0	0	1	1	0	0	12	0.127	144	0.016129	0	0	0	0	0	0	0	0	0	0	0	0	0	0	0	0	0	0	9.2512
760	1	0	0	0	0	0	1	0	0	0	0	0	0	0	0	0	3	7	0.2794	49	0.0780644	0	0	0	0	0	0	0	0	0	0	0	0	0	1	0	0	0	0	8.883064
760	0	0	0	0	0	0	0	0	0	0	0	0	0	1	0	0	0	9	0.1016001	81	0.0103226	0	0	0	0	0	0	0	0	0	0	1	0	0	0	0	0	0	0	8.883064
760	1	0	0	0	0	0	0	0	0	0	0	0	0	1	0	0	0	6	0.127	36	0.016129	0	0	0	0	0	0	0	0	0	0	1	0	0	0	0	0	0	0	9.438108
760	0	1	0	0	1	0	1	0	0	1	0	0	0	0	0	0	0	7	0.2032	49	0.0412902	0	0	0	0	0	0	0	0	0	0	0	0	0	0	0	0	0	0	8.99223
760	0	0	0	0	1	0	1	0	0	1	0	0	0	0	0	0	3	8	0.1524	64	0.0232258	0	0	0	0	0	0	0	0	0	0	0	0	0	1	0	0	0	0	9.2512
762	1	0	0	0	0	1	0	0	0	0	0	0	0	1	1	0	0	7	0.1777999	49	0.0316128	0	0	0	0	0	0	0	0	0	0	1	0	0	0	0	0	0	0	9.430214
762	1	0	0	0	0	1	0	0	0	0	0	0	0	1	1	0	0	6	0.0762	36	0.0058064	0	0	0	0	0	0	0	0	0	0	1	0	0	0	0	0	0	0	9.673881
762	0	0	0	0	0	1	0	0	0	0	0	0	0	1	1	0	0	7	0.127	49	0.016129	0	0	0	0	0	0	0	0	0	0	1	0	0	0	0	0	0	0	9.101377
762	0	0	0	0	0	1	0	0	0	0	0	0	0	1	1	0	0	8	0.0762	64	0.0058064	0	0	0	0	0	0	0	0	0	0	1	0	0	0	0	0	0	0	9.2512
762	1	0	0	0	0	1	0	0	0	0	0	0	0	1	1	0	0	5	0.1015999	25	0.0103225	0	0	0	0	0	0	0	0	0	0	1	0	0	0	0	0	0	0	10.07391
762	0	0	0	0	0	1	0	0	0	0	0	0	0	1	1	0	0	9	0.1015999	81	0.0103225	0	0	0	0	0	0	0	0	0	0	0	0	0	0	0	0	0	0	9.2512
762	1	0	0	0	0	1	0	0	0	0	0	0	0	1	1	0	0	5	0.127	25	0.016129	0	0	0	0	0	0	0	0	0	0	1	0	0	0	0	0	0	0	9.848722
762	1	0	0	1	0	0	0	0	0	0	0	0	0	1	0	0	0	4	0	16	0	0	0	1.5748	0	0	0	0	0	0	0	1	0	0	0	0	0	0	0	9.93285
764	0	0	0	0	0	0	0	0	0	0	0	0	0	1	0	0	0	8	0.1016001	64	0.0103226	0	0	0	0	0	0	0	0	0	0	0	0	0	0	0	1	0	0	8.99223
764	1	0	0	0	0	1	0	0	0	0	0	0	0	1	1	0	0	6	0.1524	36	0.0232258	0	0	0	0	0	0	0	0	0	0	1	0	0	0	0	1	0	0	8.99223
764	1	0	0	0	0	1	0	0	0	0	0	0	0	1	1	0	0	5	0.2032	25	0.0412902	0	0	0	0	0	0	0	0	0	0	1	0	0	0	0	1	0	0	8.99223
764	1	0	0	0	0	1	0	0	0	0	0	0	0	1	1	0	0	7	0.127	49	0.016129	0	0	0	0	0	0	0	0	0	0	1	0	0	0	0	1	0	0	9.044147
764	1	0	0	0	0	1	0	0	0	0	0	0	0	1	1	0	0	8	0.1524	64	0.0232258	0	0	0	0	0	0	0	0	0	0	0	0	0	0	0	1	0	0	8.96148
764	0	0	0	0	0	1	0	0	0	0	0	0	0	1	1	0	0	9	0.0762	81	0.0058064	0	0	0	0	0	0	0	0	0	0	1	0	0	0	0	1	0	0	8.771515
764	0	0	0	0	0	1	0	0	0	0	0	0	0	1	1	0	0	11	0.0762	121	0.0058064	0	0	0	0	0	0	0	0	0	0	0	0	0	0	0	1	0	0	8.716446
764	1	0	0	0	0	1	0	0	0	0	0	0	0	1	1	0	0	6	0.127	36	0.016129	0	0	0	0	0	0	0	0	0	0	1	0	0	0	0	1	0	0	9.101377
765	0	0	0	0	0	0	0	0	0	0	0	0	0	0	1	-3	0	6	0.1397001	36	0.0195161	0	0	0	0	0	0	0	0	0	0	1	0	0	0	1	0	0	0	8.771515
765	1	0	0	0	0	0	0	0	0	0	0	0	0	1	1	0	0	6	0.1397001	36	0.0195161	0	0	0	0	0	0	0	0	0	0	0	0	0	0	0	0	0	1	9.303116
765	0	0	0	0	0	0	1	0	0	0	0	0	0	1	0	0	0	4	0.2413	16	0.0582257	0	0	0	0	0	0	0	0	0	0	0	0	0	0	0	0	0	1	8.99223
765	0	0	0	0	0	1	0	0	0	0	0	0	0	1	0	0	0	4	0.1524	16	0.0232258	0	0	0	0	0	0	0	0	0	0	0	0	0	0	0	0	0	1	8.716446
765	0	0	0	0	0	0	0	0	0	0	0	0	0	1	1	0	0	7	0.1143	49	0.0130645	0	0	0	0	0	0	0	0	0	0	0	0	0	0	0	0	0	1	8.938133
765	0	0	0	0	0	0	0	0	0	0	0	0	0	1	1	0	0	11	0.0889	121	0.0079032	0	0	0	0	0	0	0	0	0	0	1	0	0	0	0	0	0	1	8.771515
765	0	0	0	0	0	0	0	0	0	0	0	0	0	1	1	0	0	5	0.1397001	25	0.0195161	0	0	0	0	0	0	0	0	0	0	0	0	0	0	0	0	0	1	8.99223
765	0	0	0	0	0	0	0	0	0	0	0	0	0	1	1	0	0	5	0.0889	25	0.0079032	0	0	0	0	0	0	0	0	0	0	0	0	0	0	0	0	0	1	8.716446
765	0	0	0	0	0	1	0	0	0	0	0	0	0	1	0	0	0	6	0.1651	36	0.027258	0	0	0	0	0	0	0	0	0	0	1	0	0	0	0	0	0	1	9.283176
765	1	0	0	0	0	0	0	0	0	0	0	0	0	1	1	0	0	4	0.1651	16	0.027258	0	0	0	0	0	0	0	0	0	0	0	0	0	0	0	0	0	1	9.107232
765	0	0	0	0	0	1	0	0	0	0	0	0	0	1	0	0	0	9	0.1397001	81	0.0195161	0	0	0	0	0	0	0	0	0	0	0	0	0	0	0	0	0	1	8.883064
765	0	0	0	0	0	0	0	0	0	0	0	0	0	1	1	0	0	8	0.1143	64	0.0130645	0	0	0	0	0	0	0	0	0	0	0	0	0	0	0	0	0	1	8.99223
765	1	0	0	0	0	0	0	0	0	0	0	0	0	1	1	0	0	5	0.1143	25	0.0130645	0	0	0	0	0	0	0	0	0	0	1	0	0	0	0	0	0	1	9.199851
765	1	0	0	0	0	0	0	0	0	0	0	0	0	1	1	0	0	7	0.1397001	49	0.0195161	0	0	0	0	0	0	0	0	0	0	0	0	0	0	0	0	0	1	9.430214
766	1	0	0	0	0	1	0	0	0	0	0	0	0	0	0	0	1	7	0.1396999	49	0.0195161	0	0	0	0	0	0	0	0	1	0	0	0	0	0	0	1	0	0	8.99223
766	1	0	0	0	0	1	0	0	0	0	0	0	0	1	0	0	0	6	0.127	36	0.016129	0	0	0	0	0	0	0	1	0	0	0	0	0	0	1	0	0	0	9.329616
766	1	0	0	0	0	1	0	0	0	0	0	0	0	1	0	0	0	4	0.1524	16	0.0232258	0	0	0	0	0	0	0	1	0	0	0	0	0	0	1	0	0	0	9.2512
766	1	0	0	0	0	1	0	0	0	0	0	0	0	1	0	0	0	6	0.127	36	0.016129	0	0	0	0	0	0	0	1	0	0	1	0	0	0	1	0	0	0	9.15443
766	0	0	0	0	1	0	1	0	0	1	1	0	0	0	0	0	1	4	0.1015999	16	0.0103225	0	0	0	0	0	0	0	0	1	0	0	0	0	0	0	1	0	0	8.825611
766	1	0	0	0	0	1	0	0	0	0	0	0	0	1	0	0	0	5	0.1015999	25	0.0103225	0	0	0	0	0	0	0	1	0	0	1	0	0	0	1	0	0	0	8.99223
767	1	0	0	0	0	0	0	0	0	0	0	0	0	1	0	0	0	8	0.1524	64	0.0232258	0	0	0	0	0	0	0	0	0	0	1	0	0	1	0	0	0	0	9.550129
767	1	0	0	0	0	0	0	0	0	0	0	0	0	1	0	0	0	7	0.1524	49	0.0232258	0	0	0	0	0	0	0	0	0	0	0	0	0	1	0	0	0	0	9.93285
767	1	0	0	0	0	0	0	0	0	0	0	0	0	1	0	0	0	9	0.1777999	81	0.0316128	0	0	0	0	0	0	0	0	0	0	0	0	0	1	0	0	0	0	9.303116
767	1	0	0	0	0	0	0	0	0	0	0	0	0	1	0	0	0	10	0.2032	100	0.0412902	0	0	0	0	0	0	0	0	0	0	1	0	0	1	0	0	0	0	9.321049
767	0	0	0	0	0	0	0	0	0	0	0	0	0	1	0	0	0	13	0.0762	169	0.0058064	0	0	0	0	0	0	0	0	0	0	0	0	0	1	0	0	0	0	8.848053
767	0	0	0	0	0	0	0	0	0	0	0	0	0	1	0	0	0	12	0.127	144	0.016129	0	0	0	0	0	0	0	0	0	0	1	0	0	1	0	0	0	0	8.99223
767	0	0	0	0	0	0	0	0	0	0	0	0	0	1	0	0	0	14	0.127	196	0.016129	0	0	0	0	0	0	0	0	0	0	1	0	0	1	0	0	0	0	9.303116
767	1	0	0	0	0	0	0	0	0	0	0	0	0	1	0	0	0	7	0.1524	49	0.0232258	0	0	0	0	0	0	0	0	0	0	0	0	0	1	0	0	0	0	9.179138
768	1	0	0	0	0	0	0	0	0	0	0	0	0	1	0	0	0	8	0.1777999	64	0.0316128	0	0	0	0	0	0	0	0	0	0	0	0	0	1	0	0	0	0	9.371115
768	1	0	0	0	0	0	0	0	0	0	0	0	0	1	0	0	0	5	0.1524	25	0.0232258	0	0	0	0	0	0	0	0	0	0	1	0	0	1	0	0	0	0	9.107232
768	1	0	0	0	0	0	0	0	0	0	0	0	0	1	0	0	0	6	0.1015999	36	0.0103225	0	0	0	0	0	0	0	0	0	0	0	0	0	1	0	0	0	0	8.883064
768	1	0	0	0	0	0	0	0	0	0	0	0	0	1	0	0	0	8	0.1015999	64	0.0103225	0	0	0	0	0	0	0	0	0	0	1	0	0	1	0	0	0	0	8.825611
768	1	0	0	0	0	0	0	0	0	0	0	0	0	1	0	0	0	7	0.127	49	0.016129	0	0	0	0	0	0	0	0	0	0	0	0	0	1	0	0	0	0	8.883064
769	1	0	0	0	0	0	0	0	0	0	0	0	0	1	0	0	0	6	0.127	36	0.016129	0	0	0	0	0	0	0	1	0	0	0	0	0	1	0	0	0	0	9.689184
769	1	0	0	0	0	0	0	0	0	0	0	0	0	0	0	-2	0	5	0.127	25	0.016129	0	0	0	0	0	0	0	0	-2	0	0	1	0	0	0	0	0	0	9.357899
769	1	0	0	0	0	0	0	0	0	0	0	0	0	1	0	0	0	5	0.1777999	25	0.0316128	0	0	0	0	0	0	0	1	0	0	1	0	0	1	0	0	0	0	9.236964
769	0	0	0	0	0	1	0	0	0	0	0	0	0	0	0	0	4	7	0.1015999	49	0.0103225	0	0	0	0	0	0	0	0	4	0	1	0	0	0	0	0	0	1	9.084581
769	0	0	0	0	0	1	0	0	0	0	0	0	0	0	0	-2	0	9	0.127	81	0.016129	0	0	0	0	0	0	0	0	-2	0	1	1	0	0	0	0	0	0	9.494866
769	1	0	0	0	0	0	0	0	0	0	0	0	0	0	0	0	1	4	0.1523999	16	0.0232257	0	0	0	0	0	0	0	0	1	0	1	0	0	0	1	0	0	0	9.179138
769	1	0	0	0	0	0	0	0	0	0	0	0	0	0	0	-3	0	7	0.1523999	49	0.0232257	0	0	0	0	0	0	0	0	-3	0	1	0	0	0	0	0	0	0	9.617123
769	0	0	0	0	0	0	0	0	0	0	0	0	0	1	0	0	0	5	0.0761999	25	0.0058064	0	0	0	0	0	0	0	1	0	0	0	0	0	1	0	0	0	0	9.564714
769	0	0	0	0	0	0	0	0	0	0	0	0	0	1	0	0	0	6	0.0761999	36	0.0058064	0	0	0	0	0	0	0	1	0	0	0	0	0	1	0	0	0	0	8.848053
770	1	0	0	0	0	0	0	0	0	0	0	0	0	1	0	0	0	5	0.127	25	0.016129	0	0	0	0	0	0	0	0	0	0	1	0	0	0	0	0	0	0	9.876092
770	0	0	0	0	0	1	0	0	0	0	0	0	0	0	1	0	3	6	0.0761999	36	0.0058064	0	0	0	0	0	0	0	0	0	0	0	0	0	1	0	0	0	0	8.825611
770	0	0	0	0	0	0	0	0	0	0	0	0	0	1	0	0	0	4	0.0508	16	0.0025806	0	0	0	0	0	0	0	0	0	0	1	0	0	0	0	0	0	0	9.283176
770	0	0	0	0	0	0	1	0	0	0	0	0	0	1	0	0	0	8	0.1015999	64	0.0103225	0	0	0	0	0	0	0	0	0	0	0	0	0	0	0	0	0	0	9.43159
770	0	0	0	0	0	0	0	0	1	0	0	0	0	1	0	0	0	6	0.127	36	0.016129	0	0	0	0	0	0	0	0	0	0	0	0	0	0	0	0	0	0	9.101377
770	0	0	0	0	0	0	0	0	0	0	0	0	0	1	0	0	0	11	0.0761999	121	0.0058064	0	0	0	0	0	0	0	0	0	0	0	0	0	0	0	0	0	0	8.99223
770	1	0	0	0	0	0	0	0	0	0	0	0	0	1	0	0	0	7	0.1015999	49	0.0103225	0	0	0	0	0	0	0	0	0	0	0	0	0	0	0	0	0	0	9.689184
772	1	0	0	0	0	1	0	0	0	0	0	0	0	1	1	0	0	3	-0.0508	9	0.0025806	0	0	0	0	0	0	0	1	0	0	1	0	0	1	0	0	0	0	9.494866
772	0	0	0	0	0	1	0	0	0	0	0	0	0	1	1	0	0	7	0.0889	49	0.0079032	0	0	0	0	0	0	0	1	0	0	1	0	0	1	0	0	0	0	9.550129
772	1	0	0	0	0	1	0	0	0	0	0	0	0	1	1	0	0	5	-0.0762	25	0.0058064	0	0	0	0	0	0	0	1	0	0	1	0	0	1	0	0	0	0	8.883064
772	1	0	0	0	0	1	0	0	0	0	0	0	0	1	1	0	0	6	-0.0762	36	0.0058064	0	0	0	0	0	0	0	1	0	0	1	0	0	1	0	0	0	0	8.93498
772	1	0	0	0	0	1	0	0	0	0	0	0	0	1	1	0	0	5	-0.1015999	25	0.0103225	0	0	0	0	0	0	0	1	0	0	1	0	0	1	0	0	0	0	9.126731
772	0	0	0	0	0	1	0	0	0	0	0	0	0	1	1	0	0	5	0.0508	25	0.0025806	0	0	0	0	0	0	0	1	0	0	0	0	0	1	0	0	0	0	9.283176
772	1	0	0	0	0	1	0	0	0	0	0	0	0	1	1	0	0	4	-0.0253999	16	0.0006452	0	0	0	0	0	0	0	1	0	0	0	0	0	1	0	0	0	0	8.96148
773	0	0	0	0	1	0	1	0	0	1	1	0	0	0	0	0	5	16	0	256	0	0	0	0	1.8034	0	0	0	0	0	0	0	0	0	0	0	1	0	0	9.673881
773	0	0	0	1	1	1	0	0	0	1	0	0	1	1	0	0	0	14	0	196	0	0	0	0	0	0	0	0	0	0	0	0	0	0	0	0	0	0	0	9.848722
773	0	1	0	1	1	0	1	0	0	1	1	0	1	0	0	0	0	14	0	196	0	0	0	0	0	0	0	0	0	0	0	0	0	0	0	0	0	0	0	8.99223
773	0	0	0	1	1	0	0	0	0	1	0	0	1	1	0	0	0	12	0	144	0	0	0	0	0	0	0	0	0	0	0	0	0	0	0	0	0	0	0	9.848722
773	0	0	0	1	0	0	1	0	0	0	1	0	1	0	0	0	3	18	0	324	0	0	0	0	0	0	0	0	0	0	0	1	0	0	1	0	0	0	0	10.07391
773	0	0	0	0	1	1	0	0	0	1	0	0	0	1	0	0	0	10	0	100	0	0	0	0	1.7526	0	0	0	0	0	0	0	0	0	0	0	0	0	0	9.440964
773	0	1	0	1	1	1	0	0	0	1	0	0	1	0	0	0	0	14	0	196	0	0	0	0	0	0	0	0	0	0	0	0	0	0	0	0	0	0	0	10.07391
774	1	0	0	0	0	0	0	0	0	0	0	0	0	1	1	0	0	5	0.1524	25	0.0232258	0	0	0	0	0	0	0	0	0	0	1	0	0	1	0	0	0	0	9.795882
774	0	1	0	0	1	0	1	0	0	1	0	0	0	0	0	0	0	15	0.127	225	0.016129	0	0	0	0	0	0	0	0	0	0	0	0	0	0	0	0	0	0	8.883064
774	0	1	0	0	1	0	1	0	0	1	0	0	0	0	0	0	0	14	0.2032	196	0.0412902	0	0	0	0	0	0	0	0	0	0	0	0	0	0	0	0	0	0	9.689184
774	0	1	0	0	1	0	0	0	0	1	0	0	0	0	1	0	0	12	0.1777999	144	0.0316128	0	0	0	0	0	0	0	0	0	0	0	0	0	0	0	0	0	0	9.440964
774	0	1	0	0	1	0	1	0	0	1	0	0	0	0	0	0	0	16	0.2032	256	0.0412902	0	0	0	0	0	0	0	0	0	0	0	0	0	0	0	0	0	0	9.2512
774	0	1	0	0	1	0	1	0	0	1	0	0	0	0	0	0	0	7	0.1777999	49	0.0316128	0	0	0	0	0	0	0	0	0	0	0	0	0	0	0	0	0	0	9.2512
774	0	1	0	0	1	1	0	0	0	1	0	0	0	0	0	0	0	10	0.1015999	100	0.0103225	0	0	0	0	0	0	0	0	0	0	0	0	0	0	0	0	0	0	9.044147
775	1	0	0	0	0	0	0	0	0	0	0	0	0	1	1	0	0	8	0.1524	64	0.0232258	0	0	0	0	1	0	0	0	0	0	1	0	0	0	0	0	0	0	9.617123
775	0	1	0	0	0	1	0	0	0	0	0	0	0	0	0	0	0	5	0.0762	25	0.0058064	0	0	0	0	0	0	1	0	0	0	1	0	0	0	0	0	0	0	8.99223
775	0	0	0	0	1	0	1	0	0	1	0	0	0	0	0	0	3	11	0.0508	121	0.0025806	0	0	0	0	0	3	0	0	0	0	0	0	0	1	0	0	0	0	8.883064
775	0	0	0	0	1	0	1	0	0	1	0	0	0	1	0	0	0	11	0.1015999	121	0.0103225	0	0	0	0	1	0	0	0	0	0	0	0	0	0	0	0	0	0	9.107023
775	0	1	0	0	1	0	1	0	0	1	0	0	0	0	0	0	0	9	0.0253999	81	0.0006452	0	0	0	0	0	0	1	0	0	0	0	0	0	0	0	0	0	0	9.303116
775	0	1	0	0	1	0	1	0	0	1	0	0	0	0	0	0	0	12	0.0508	144	0.0025806	0	0	0	0	0	0	1	0	0	0	0	0	0	0	0	0	0	0	8.883064
775	1	0	0	0	0	0	0	0	0	0	0	0	0	1	1	0	0	8	0.127	64	0.016129	0	0	0	0	1	0	0	0	0	0	1	0	0	0	0	0	0	0	9.989575
775	0	1	0	0	1	0	0	0	0	1	0	0	0	0	1	0	0	8	0.1015999	64	0.0103225	0	0	0	0	0	0	1	0	0	0	0	0	0	0	0	0	0	0	8.883064
775	1	0	0	0	0	0	0	0	0	0	0	0	0	1	1	0	0	6	0.1015999	36	0.0103225	0	0	0	0	1	0	0	0	0	0	1	0	0	0	0	0	0	0	9.440964
776	0	1	0	0	1	0	1	0	0	1	0	0	0	0	0	0	0	10	0.0253999	100	0.0006452	0	0	0	0	0	0	0	0	0	1	0	0	0	0	0	0	0	0	9.494866
776	1	0	0	0	0	1	0	0	0	0	0	0	0	1	1	0	0	6	0.127	36	0.016129	0	0	0	0	0	0	0	1	0	0	1	0	0	0	1	0	0	0	10.07391
776	0	0	0	0	1	0	1	0	0	1	0	0	0	0	0	-4	0	13	0.1015999	169	0.0103225	0	0	0	0	0	0	0	0	-4	0	0	0	0	0	0	0	0	0	8.883064
776	1	0	0	0	1	1	0	0	0	1	0	0	0	0	1	-4	0	8	0.1015999	64	0.0103225	0	0	0	0	0	0	0	0	-4	0	0	0	0	0	0	0	0	0	9.848722
776	1	1	0	0	0	1	0	0	0	0	0	0	0	0	1	0	0	7	0.127	49	0.016129	0	0	0	0	0	0	0	0	0	1	1	0	0	0	0	0	0	0	10.07391
776	1	0	0	0	0	1	0	0	0	0	0	0	0	1	1	0	0	6	0.127	36	0.016129	0	0	0	0	0	0	0	1	0	0	1	0	0	0	1	0	0	0	9.876092
776	0	1	0	0	1	0	1	0	0	1	0	0	0	0	0	0	0	13	0.1523999	169	0.0232257	0	0	0	0	0	0	0	0	0	1	0	0	0	0	0	0	0	0	8.738888
776	0	0	0	0	0	0	1	0	0	0	0	0	0	1	0	0	0	13	0.1015999	169	0.0103225	0	0	0	0	0	0	0	1	0	0	1	0	0	0	1	0	0	0	9.2512
777	1	0	0	0	1	0	0	0	0	1	0	0	0	1	1	0	0	5	0.0762	25	0.0058064	0	0	0	0	0	0	0	0	0	0	0	0	0	0	1	0	0	0	9.494866
777	1	0	0	0	1	0	0	0	0	1	0	0	0	1	1	0	0	6	0.1015999	36	0.0103225	0	0	0	0	0	0	0	0	0	0	0	0	0	0	1	0	0	0	9.235896
777	1	0	0	0	1	0	0	0	0	1	0	0	0	1	1	0	0	7	0.1015999	49	0.0103225	0	0	0	0	0	0	0	0	0	0	0	0	0	0	1	0	0	0	8.93498
777	1	0	0	0	0	0	0	0	0	0	0	0	0	1	1	0	0	5	0.1524	25	0.0232258	0	0	0	0	0	0	0	0	0	0	1	0	0	0	1	0	0	0	9.179138
777	1	0	0	0	0	0	1	0	0	0	0	0	0	1	0	0	0	4	0.127	16	0.016129	0	0	0	0	0	0	0	0	0	0	1	0	0	0	1	0	0	0	9.43159
778	0	1	0	0	1	0	1	0	0	1	0	0	0	0	0	0	0	7	0.0762	49	0.0058064	0	0	0	0	0	0	0	0	0	0	0	0	0	0	0	0	0	0	9.101377
778	0	1	0	0	0	0	0	0	0	0	0	0	0	0	1	0	0	10	0.1524	100	0.0232258	0	0	0	0	0	0	0	0	0	0	1	0	0	0	0	0	0	0	9.673881
778	0	0	0	0	1	0	0	0	0	1	0	0	0	1	1	0	0	10	0.1015999	100	0.0103225	0	0	0	0	0	0	0	0	0	0	0	0	0	1	0	0	0	0	9.809099
778	0	0	0	0	0	0	1	0	0	0	0	0	0	0	0	0	2	10	0.1524	100	0.0232258	0	0	0	0	0	0	0	0	0	0	1	0	0	0	0	1	0	0	9.2512
778	0	1	0	0	1	0	0	0	0	1	0	0	0	0	1	0	0	8	0.1777999	64	0.0316128	0	0	0	0	0	0	0	0	0	0	0	0	0	0	0	0	0	0	9.2512
778	0	1	0	0	0	1	0	0	0	0	0	0	0	0	0	0	0	9	0.1015999	81	0.0103225	0	0	0	0	0	0	0	0	0	0	1	0	0	0	0	0	0	0	9.93285
778	0	0	0	0	1	0	0	0	0	1	0	0	0	1	1	0	0	8	0.127	64	0.016129	0	0	0	0	0	0	0	0	0	0	0	0	0	1	0	0	0	0	9.303116
779	0	0	0	0	0	0	0	0	0	0	0	0	0	1	1	0	0	10	0.0508	100	0.0025806	0	0	0	0	0	0	0	0	0	0	1	0	0	1	0	0	0	0	9.673881
779	0	0	0	0	1	0	0	0	0	1	0	0	0	1	1	0	0	13	0.1015999	169	0.0103225	0	0	0	0	0	0	0	0	0	0	0	0	0	1	0	0	0	0	9.876092
779	0	1	0	0	0	0	1	0	0	0	0	0	0	0	0	0	0	16	0.1015999	256	0.0103225	0	0	0	0	0	0	0	0	0	0	1	0	0	0	0	0	0	0	9.848722
779	0	1	0	0	0	0	1	0	0	0	0	0	0	0	0	0	0	15	0.0762	225	0.0058064	0	0	0	0	0	0	0	0	0	0	1	0	0	0	0	0	0	0	9.848722
779	0	0	0	0	0	0	1	0	0	0	0	0	0	1	0	0	0	11	0.0508	121	0.0025806	0	0	0	0	0	0	0	0	0	0	1	0	0	1	0	0	0	0	9.522566
779	0	0	0	0	0	0	0	0	0	0	0	0	0	0	1	-3	0	8	0.1015999	64	0.0103225	0	0	0	0	0	0	0	0	0	0	1	0	0	0	0	0	0	0	9.848722
779	0	1	0	0	1	0	0	0	0	1	0	0	0	0	1	0	0	15	0.0508	225	0.0025806	0	0	0	0	0	0	0	0	0	0	0	0	0	0	0	0	0	0	9.617123
779	0	1	0	0	1	0	1	0	0	1	0	0	0	0	0	0	0	8	0.1015999	64	0.0103225	0	0	0	0	0	0	0	0	0	0	0	0	0	0	0	0	0	0	9.430214
780	1	0	0	0	0	0	0	0	0	0	0	0	0	1	0	0	0	5	0.1015999	25	0.0103225	0	0	0	0	0	0	0	0	0	0	1	0	0	0	0	0	0	0	9.93285
780	1	0	0	0	0	0	0	0	0	0	0	0	0	1	0	0	0	5	0.1524	25	0.0232258	0	0	0	0	0	0	0	0	0	0	1	0	0	0	0	0	0	0	9.126731
780	1	0	0	0	0	0	0	0	0	0	0	0	0	1	0	0	0	4	0.127	16	0.016129	0	0	0	0	0	0	0	0	0	0	1	0	0	0	0	0	0	0	9.084581
780	1	0	0	0	0	0	0	0	0	0	0	0	0	1	0	0	0	6	0.1015999	36	0.0103225	0	0	0	0	0	0	0	0	0	0	0	0	0	0	0	0	0	0	8.99223
780	1	0	0	0	0	1	0	0	0	0	0	0	0	1	0	0	0	7	0.1524	49	0.0232258	0	0	0	0	0	0	0	0	0	0	0	0	0	0	0	0	0	0	9.617123
781	0	0	0	0	0	0	1	0	0	0	1	0	0	1	0	0	0	9	0	81	0	0	0	0	1.651	0	0	0	0	0	0	1	0	0	0	0	0	0	0	9.357899
781	1	0	0	0	1	0	1	0	0	1	1	0	0	1	0	0	0	7	0	49	0	0	0	0	1.778	0	0	0	0	0	0	0	0	0	0	0	0	0	0	9.876092
781	1	0	0	0	1	0	1	0	0	1	1	0	0	1	0	0	0	4	0	16	0	0	0	0	1.7526	0	0	0	0	0	0	0	0	0	0	0	0	0	0	9.869575
781	1	0	0	0	1	0	0	0	0	1	0	0	0	1	0	0	0	6	0	36	0	0	0	0	1.7272	0	0	0	0	0	0	0	0	0	0	0	0	0	0	9.848722
781	0	0	0	0	1	0	0	0	0	1	0	0	0	1	0	0	0	12	0	144	0	0	0	0	1.7018	0	0	0	0	0	0	0	0	0	0	0	0	0	0	9.440964
781	1	0	0	0	0	0	0	0	0	0	0	0	0	1	0	0	0	6	0	36	0	0	0	0	1.8034	0	0	0	0	0	0	1	0	0	0	0	0	0	0	9.617123
781	1	0	0	0	1	0	0	0	0	1	0	0	0	1	0	0	0	5	0	25	0	0	0	0	1.7526	0	0	0	0	0	0	0	0	0	0	0	0	0	0	9.93285
782	0	0	0	0	1	1	0	0	0	0	0	0	0	1	0	0	0	7	0.1523999	49	0.0232257	0	0	0	0	0	0	0	0	0	0	0	0	0	1	0	0	0	0	8.883064
782	1	0	0	0	0	0	0	0	1	0	0	0	0	1	1	0	0	6	0.2032	36	0.0412902	0	0	0	0	0	0	0	0	0	0	1	0	0	1	0	0	0	0	9.564714
782	0	0	0	0	0	0	0	0	1	0	0	0	0	1	1	0	0	8	0.127	64	0.016129	0	0	0	0	0	0	0	0	0	0	1	0	0	1	0	0	0	0	9.2512
782	0	0	0	0	0	0	1	0	0	0	0	0	0	0	0	0	2	6	0.1523999	36	0.0232257	0	0	0	0	0	0	0	0	0	0	0	0	0	0	0	1	0	0	9.044147
782	0	0	0	0	1	0	0	0	0	0	0	0	0	1	1	0	0	11	0.1777999	121	0.0316128	0	0	0	0	0	0	0	0	0	0	0	0	0	1	0	0	0	0	8.99223
782	0	0	0	0	1	0	1	0	0	0	0	0	0	1	0	0	0	5	0.0762	25	0.0058064	0	0	0	0	0	0	0	0	0	0	0	0	0	1	0	0	0	0	9.208271
782	1	0	0	0	0	0	0	0	1	0	0	0	0	1	1	0	0	5	0.1523999	25	0.0232257	0	0	0	0	0	0	0	0	0	0	1	0	0	1	0	0	0	0	9.876092
782	0	0	0	0	0	0	1	0	1	0	0	0	0	1	0	0	0	9	0.1015999	81	0.0103225	0	0	0	0	0	0	0	0	0	0	1	0	0	1	0	0	0	0	9.314969
