0,0,25,2,6,0,1,0,1,0,1.6002,0,0,0,0,1,4,0,0,0,0,1,0,0,0,1,0,1,1,1,76,623,0,0,0
0,5,30,0,6,0,1,0,0,0,1.525,0,1,0,0,0,6,0,0,1,0,0,0,0,0,1,0,1,0,1,48,112,10,70,0
1,0,25,2,6,0,0,0,1,0,1.6,0,0,0,0,0,4,0,0,0,1,0,0,0,0,1,0,1,0,1,48,112,10,71,0
0,0,26,2,6,0,1,0,1,0,1.525,0,0,0,0,1,5,0,0,1,0,0,0,0,0,1,0,1,0,1,48,112,10,72,0
1,0,23,2,6,0,0,0,1,0,1.5,0,0,0,0,0,5,0,0,1,0,0,0,0,0,1,0,1,0,1,48,112,10,73,0
0,0,31,2,6,0,0,0,1,0,1.55,0,0,0,0,1,5,0,0,1,0,0,0,0,0,1,0,1,0,1,48,112,10,74,0
1,0,29,2,6,0,0,0,1,0,1.55,0,0,0,0,0,5,0,0,1,0,1,0,0,0,1,0,1,0,1,48,112,10,75,0
0,0,29,2,6,0,1,0,1,0,1.5,0,0,0,0,0,5,0,0,1,0,0,0,0,0,1,5.825603,0,0,1,48,112,10,76,0
1,0,39,2,6,0,0,0,1,0,1.55,0,0,0,1,0,1,0,0,0,0,0,0,1,0,1,0,1,0,0,48,112,10,77,0
1,0,21,2,6,0,0,0,1,0,1.575,0,0,1,0,0,4,0,0,0,0,0,0,1,0,1,0,1,1,0,48,112,10,78,0
0,0,24,2,6,0,1,0,1,0,1.625,0,0,0,1,0,1,0,0,0,0,0,0,1,0,1,0,1,0,1,48,112,10,79,0
0,0,19,2,6,0,1,0,1,0,1.5,0,0,0,0,0,2,0,0,0,0,0,0,1,0,1,0,1,0,0,48,112,10,80,0
0,4,24,2,6,0,0,0,0,0,1.5,0,0,0,1,0,4,0,0,0,0,1,0,0,0,1,0,1,0,0,48,112,10,81,0
0,0,19,2,6,0,1,0,1,0,1.575,0,0,0,0,1,1,0,0,0,0,0,0,1,0,1,0,1,0,0,48,112,10,82,0
1,0,31,5,6,0,0,0,1,0,1.6,0,0,0,0,0,4,0,0,0,0,1,0,0,0,1,0,1,0,1,48,112,10,83,0
1,4,25,2,6,0,0,0,0,0,1.6,0,0,0,0,0,5,0,0,1,0,0,0,0,0,1,0,1,0,0,48,112,10,84,0
0,0,27,2,6,0,0,0,1,0,1.5,0,0,0,0,0,2,0,0,0,0,0,0,1,0,1,0,1,0,1,48,112,10,85,0
0,0,21,2,6,0,0,0,1,0,1.475,0,0,0,0,0,4,0,0,1,0,0,0,0,0,1,0,1,0,0,48,112,10,86,0
1,0,28,2,6,0,0,0,1,0,1.6,0,0,0,0,0,5,0,0,1,0,0,0,0,0,1,5.50987,0,0,1,48,112,10,87,0
0,0,23,2,6,0,1,0,1,0,1.55,0,0,0,1,0,4,0,0,1,0,0,0,0,0,1,0,1,0,1,76,112,12,50,0
1,0,32,2,6,0,0,0,1,0,1.55,0,0,0,1,0,4,0,0,0,0,1,0,0,0,1,5.049275,0,0,1,44,112,13,100,0
1,0,32,2,6,0,0,0,1,0,1.5,0,0,0,0,1,4,0,0,0,0,0,0,1,0,1,0,1,0,1,44,112,13,101,0
1,0,29,2,6,0,0,0,1,0,1.625,0,0,0,1,0,0,0,1,0,0,0,0,1,0,1,0,1,0,1,44,112,13,102,0
0,0,29,2,6,0,1,0,1,0,1.575,0,0,0,1,0,5,0,0,1,0,0,0,0,0,1,0,1,0,0,44,112,13,103,0
0,0,30,0,6,0,1,0,1,0,1.55,0,1,0,0,1,4,0,0,0,0,0,0,1,0,1,0,1,0,1,44,112,13,104,0
1,4,36,4,6,0,0,0,0,0,1.55,0,0,0,0,1,5,0,0,1,0,0,0,0,0,1,5.50987,0,0,0,44,112,13,105,0
1,0,25,2,6,0,0,0,1,0,1.525,0,0,0,1,0,0,0,1,0,0,0,0,1,0,1,0,1,0,0,44,112,13,106,0
1,0,26,4,6,0,0,0,1,0,1.575,0,0,0,1,0,4,0,0,1,0,0,0,0,0,1,0,1,0,0,44,112,13,107,0
0,0,25,0,6,0,0,0,1,0,1.5625,0,1,0,1,0,4,0,0,1,0,0,0,0,0,1,0,1,0,0,44,112,13,108,0
1,0,26,2,6,0,0,0,1,0,1.525,0,0,0,1,0,4,0,0,1,0,0,0,0,0,1,0,1,0,0,44,112,13,109,0
1,0,26,0,6,0,0,0,1,0,1.575,0,1,0,1,0,5,0,0,0,0,0,1,0,0,1,0,1,0,1,44,112,13,110,0
0,0,28,2,6,0,1,0,1,0,1.525,0,0,0,0,1,4,0,0,0,0,1,0,0,0,1,0,1,0,0,44,112,13,111,0
1,0,24,2,6,0,0,0,1,0,1.6,0,0,0,0,1,4,0,0,1,0,0,0,0,0,1,0,1,0,0,44,112,13,112,0
0,0,23,0,6,0,1,0,1,0,1.6,0,1,0,0,0,0,0,1,0,0,0,0,1,0,1,0,1,0,1,44,112,13,113,0
1,0,23,2,6,0,0,0,1,0,1.575,0,0,0,0,1,4,0,0,0,1,0,0,0,0,1,0,1,1,0,44,112,13,114,0
1,0,22,2,6,0,0,0,1,0,1.525,0,0,0,0,1,4,0,0,1,0,0,0,0,0,1,0,1,0,0,44,112,13,115,0
0,0,23,2,6,0,0,0,1,0,1.6,0,0,0,1,0,4,0,0,1,0,0,0,0,0,1,0,1,0,0,44,112,13,116,0
0,0,24,2,6,0,1,0,1,0,1.525,0,0,0,1,0,4,0,0,0,0,1,0,0,0,1,0,1,1,0,44,112,13,117,0
1,0,28,2,6,0,0,0,1,0,1.525,0,0,0,1,0,5,0,0,0,0,0,1,0,0,1,0,1,0,1,44,112,13,118,0
0,0,21,0,6,0,0,0,1,0,1.5,0,1,0,1,0,4,0,0,1,0,0,0,0,0,1,0,1,0,0,44,112,13,119,0
1,0,29,2,6,0,0,0,1,0,1.5,0,0,0,1,0,4,0,0,1,0,0,0,0,0,1,0,1,0,1,44,112,13,120,0
1,0,31,0,6,0,0,0,1,0,1.5,0,1,0,0,1,3,0,0,0,0,1,0,0,0,1,6.094067,0,1,0,44,112,13,121,0
0,0,30,2,6,0,1,0,1,0,1.55,0,0,0,0,0,5,0,0,1,0,0,0,0,0,1,0,1,0,1,44,112,13,96,0
1,4,22,2,6,0,0,0,0,0,1.6,0,0,0,1,0,4,0,0,1,0,0,0,0,0,1,0,1,0,0,44,112,13,97,0
1,0,31,2,6,0,0,0,1,0,1.65,0,0,0,0,1,5,0,0,1,0,0,0,0,0,1,5.50987,0,0,0,44,112,13,98,0
1,0,27,3,6,0,0,0,1,0,1.6,0,0,0,1,0,5,0,0,0,0,1,0,0,0,1,0,1,0,0,44,112,13,99,0
1,2,27,2,6,0,0,1,0,0,1.575,0,0,0,1,0,5,0,0,1,0,0,0,0,0,1,0,1,0,1,47,112,14,67,0
0,0,25,0,6,0,1,0,1,0,1.575,0,1,0,0,0,4,0,0,0,1,0,0,0,0,1,0,1,0,1,53,112,18,114,0
0,0,21,2,6,0,1,0,1,0,1.6,0,0,0,0,0,0,0,1,1,0,0,0,0,0,1,0,1,0,1,53,112,18,115,0
1,2,24,2,6,0,0,1,0,0,1.575,0,0,0,0,0,0,0,1,1,0,0,0,0,0,1,0,1,0,0,53,112,18,116,0
0,0,23,2,6,0,1,0,1,0,1.5875,0,0,0,1,0,4,0,0,1,0,0,0,0,0,1,0,1,0,1,53,112,18,117,0
0,0,22,5,6,0,0,0,1,0,1.6,0,0,0,0,0,0,0,1,0,0,1,0,0,0,1,0,1,0,1,53,112,18,118,0
1,0,26,0,6,0,0,0,1,0,1.55,0,1,0,0,0,4,0,0,1,0,0,0,0,0,1,0,1,0,0,54,112,18,119,0
1,0,30,0,6,0,0,0,1,0,1.55,0,1,0,0,0,5,0,0,0,0,1,0,0,0,1,5.825603,0,0,1,53,112,18,120,0
1,0,25,2,6,0,0,0,1,0,0,1,0,0,0,0,4,0,0,0,0,0,0,1,0,1,0,1,0,1,53,112,18,121,0
0,0,27,0,6,0,1,0,1,0,1.55,0,1,0,0,1,5,0,0,1,0,0,0,0,0,1,5.50987,0,0,1,47,112,18,28,1
1,0,36,2,6,0,0,0,1,0,1.6,0,0,0,1,0,4,0,0,1,0,0,0,0,0,1,0,1,0,0,47,112,18,34,1
1,0,24,2,6,0,0,0,1,0,1.55,0,0,0,1,0,4,0,0,0,0,1,0,0,0,1,0,1,0,0,47,112,18,36,0
1,0,26,4,6,0,0,0,1,0,1.6,0,0,0,1,0,4,0,0,0,0,1,0,0,0,1,0,1,0,1,47,112,18,37,0
1,4,24,2,6,0,0,0,0,0,1.525,0,0,0,1,0,2,0,0,0,0,0,0,1,0,1,0,1,0,0,47,112,18,38,0
1,0,25,2,6,0,0,0,1,0,1.525,0,0,0,1,0,4,0,0,1,0,1,0,0,0,1,0,1,0,0,47,112,18,39,0
1,0,30,0,6,0,0,0,1,0,1.5,0,1,0,1,0,4,0,0,1,0,0,0,0,0,1,0,1,0,0,47,112,18,40,0
1,0,22,4,6,0,0,0,1,0,1.575,0,0,0,0,1,2,0,0,0,0,1,0,0,0,1,0,1,0,0,47,112,18,41,0
0,0,26,0,6,0,0,0,1,0,1.55,0,1,0,1,0,4,0,0,0,1,0,0,0,0,1,0,1,0,0,47,112,18,42,0
1,2,32,1,6,0,0,1,0,0,1.6,0,0,0,1,0,4,0,0,1,0,0,0,0,0,1,0,1,0,1,47,112,18,43,0
0,0,26,2,6,0,1,0,1,0,1.6,0,0,0,1,0,4,0,0,0,1,0,0,0,0,1,5.50987,0,0,0,47,112,18,44,0
0,0,21,2,6,0,1,0,1,0,1.525,0,0,0,1,0,4,0,0,0,1,0,0,0,0,1,0,1,0,0,47,112,18,45,0
1,0,23,0,6,0,0,0,1,0,1.55,0,1,0,0,1,0,0,1,1,0,0,0,0,0,1,0,1,0,0,47,112,18,46,0
0,0,28,4,6,0,0,0,1,0,1.575,0,0,0,1,0,0,0,1,0,0,0,0,1,0,1,0,1,0,0,47,112,18,47,0
1,2,25,2,6,0,0,1,0,0,1.625,0,0,0,0,1,5,0,0,1,0,0,0,0,0,1,0,1,0,0,47,112,18,48,0
1,0,22,2,6,0,0,0,1,0,1.575,0,0,0,1,0,4,0,0,0,1,0,0,0,0,1,0,1,0,0,47,112,18,49,0
1,0,23,0,6,0,0,0,1,0,1.5875,0,1,0,1,0,4,0,0,1,0,0,0,0,0,1,0,1,0,1,47,112,18,50,0
1,2,24,2,6,0,0,1,0,0,1.6,0,0,0,0,0,5,0,0,0,0,1,0,0,0,1,0,1,0,1,47,112,18,51,0
1,4,23,2,6,0,0,0,0,0,1.55,0,0,0,1,0,4,0,0,1,0,0,0,0,0,1,5.049275,0,1,0,47,112,18,52,0
0,0,26,4,6,0,1,0,1,0,1.6,0,0,0,1,0,4,0,0,0,0,0,0,1,0,1,0,1,0,0,47,112,18,53,0
1,0,32,2,6,0,0,0,1,0,1.575,0,0,0,0,1,4,0,0,1,0,0,0,0,0,1,0,1,0,1,47,112,18,54,0
0,0,36,4,6,0,1,0,1,0,1.55,0,0,0,0,1,4,0,0,1,1,0,0,0,0,1,0,1,0,0,47,112,18,55,0
0,2,38,0,6,0,0,1,0,0,0,1,1,0,0,1,0,0,1,0,0,0,0,1,0,1,5.50987,0,0,0,47,112,18,56,0
1,0,25,2,6,0,0,0,1,0,1.55,0,0,0,1,0,4,0,0,1,0,0,0,0,0,1,0,1,0,0,47,112,18,57,0
1,0,25,3,6,0,0,0,1,0,1.525,0,0,0,1,0,4,0,0,1,0,0,0,0,0,1,0,1,0,1,47,112,18,58,0
0,0,35,4,6,0,0,0,1,0,1.575,0,0,0,1,0,0,0,1,0,0,0,0,1,0,1,5.308418,0,0,1,47,112,18,59,0
0,0,24,0,6,0,1,0,1,0,1.575,0,1,0,0,1,0,0,1,0,0,0,0,1,0,1,5.50987,0,0,0,47,112,18,60,0
1,0,32,2,6,0,0,0,1,0,1.55,0,0,0,1,0,5,0,0,1,0,0,0,0,0,1,0,1,0,0,47,112,18,61,0
0,2,25,2,6,0,1,1,0,0,1.525,0,0,1,0,0,5,0,0,1,0,0,0,0,0,1,0,1,0,1,47,112,18,62,0
0,2,30,2,6,0,1,1,0,0,1.5,0,0,0,0,1,5,0,0,1,0,0,0,0,0,1,0,1,0,0,47,112,18,63,0
0,0,26,2,6,0,1,0,1,0,1.575,0,0,0,1,0,2,0,0,0,0,1,0,0,0,1,5.049275,0,0,0,47,112,18,64,0
1,0,22,0,6,0,0,0,1,0,1.525,0,1,0,0,1,4,0,0,1,0,0,0,0,0,1,0,1,0,0,47,112,18,65,0
0,0,24,2,6,0,0,0,1,0,1.5,0,0,0,1,0,4,0,0,1,1,0,0,0,0,1,0,1,0,1,47,112,18,66,0
0,0,25,2,6,0,1,0,1,0,1.65,0,0,0,0,0,4,0,0,1,0,0,0,0,0,1,0,1,0,1,47,112,18,67,0
0,0,23,2,6,0,0,0,1,0,1.575,0,0,0,0,1,2,0,0,0,0,0,0,1,0,1,0,1,0,1,47,112,18,68,0
1,0,36,3,6,0,0,0,1,0,1.575,0,0,0,0,1,4,0,0,1,0,0,0,0,0,1,0,1,0,0,47,112,18,69,0
1,0,25,0,6,0,0,0,1,0,1.5625,0,1,0,0,1,4,0,0,1,0,0,0,0,0,1,0,1,0,0,47,112,18,70,0
1,4,27,3,6,0,0,0,0,0,1.575,0,0,0,1,0,5,0,0,1,0,0,0,0,0,1,0,1,0,0,47,112,18,71,0
0,0,35,4,6,0,1,0,1,0,1.5625,0,0,0,0,0,5,0,0,1,0,0,0,0,0,1,0,1,0,0,47,112,18,72,0
1,0,25,2,6,0,0,0,1,0,1.65,0,0,0,0,1,4,0,0,1,0,0,0,0,0,1,0,1,0,1,47,112,18,74,0
0,0,24,4,6,0,0,0,1,0,1.55,0,0,0,1,0,5,0,0,1,0,0,0,0,0,1,0,1,0,1,47,112,18,75,0
1,0,25,2,6,0,0,0,1,0,1.475,0,0,0,0,0,5,0,0,1,0,0,0,0,0,1,0,1,0,1,47,112,18,76,0
1,0,27,2,6,0,0,0,1,0,1.625,0,0,0,0,1,5,0,0,0,0,1,0,0,0,1,5.50987,0,0,1,47,112,18,77,0
0,2,28,5,6,0,0,1,0,0,1.625,0,0,0,0,1,4,0,0,0,1,0,0,0,0,1,0,1,0,0,47,112,18,78,0
1,2,37,2,6,0,0,1,0,0,1.5,0,0,0,0,0,4,0,0,0,0,1,0,0,0,1,0,1,0,1,47,112,18,79,0
1,0,27,3,6,0,0,0,1,0,1.525,0,0,0,0,1,4,0,0,0,0,1,0,0,0,1,0,1,0,1,47,112,18,80,0
0,0,24,2,6,0,1,0,1,0,1.525,0,0,0,1,0,5,0,0,1,0,0,0,0,0,1,0,1,0,1,47,112,18,81,0
1,4,24,3,6,0,0,0,0,0,1.55,0,0,0,0,0,2,0,0,0,0,0,0,1,0,1,0,1,0,1,47,112,18,82,0
1,0,25,2,6,0,0,0,1,0,1.55,0,0,0,0,1,5,0,0,1,0,0,0,0,0,1,0,1,0,0,47,112,18,83,0
1,0,24,4,6,0,0,0,1,0,1.6625,0,0,0,0,0,5,0,0,1,0,0,0,0,0,1,0,1,0,0,47,112,18,84,0
0,0,25,2,6,0,1,0,1,0,1.5,0,0,0,0,0,5,0,0,1,0,0,0,0,0,1,5.50987,0,0,0,47,112,18,85,0
1,0,23,2,6,0,0,0,1,0,1.5625,0,0,0,0,0,3,0,0,0,0,1,0,0,0,1,0,1,0,1,47,112,18,86,0
1,0,23,3,6,0,0,0,1,0,1.55,0,0,0,0,0,4,0,0,0,0,0,0,1,0,1,0,1,0,0,47,112,18,87,0
1,0,28,2,6,0,0,0,1,0,1.6,0,0,0,0,0,4,0,0,0,0,1,0,0,0,1,0,1,0,1,47,112,18,88,0
1,0,26,4,6,0,0,0,1,0,1.45,0,0,0,0,1,4,0,0,1,0,0,0,0,0,1,5.049275,0,0,1,47,112,18,89,0
0,4,28,2,6,0,1,0,0,0,1.525,0,0,0,0,1,5,0,0,0,0,1,0,0,0,1,5.50987,0,0,0,47,112,18,90,0
0,2,27,2,6,0,1,1,0,0,1.525,0,0,1,0,0,4,0,0,1,0,0,0,0,0,1,0,1,0,1,47,112,18,91,0
0,0,26,5,6,0,0,0,1,0,1.6,0,0,0,0,0,2,0,0,0,0,0,0,1,0,1,0,1,0,0,47,202,12,174,0
0,0,23,0,6,0,1,0,1,0,1.55,0,1,0,0,1,6,0,0,0,0,1,0,0,0,1,0,1,0,1,47,202,12,36,0
1,0,20,2,6,0,0,0,1,0,1.575,0,0,0,0,0,1,0,0,0,0,0,0,1,0,1,0,1,0,0,47,202,12,37,1
1,0,22,2,6,0,0,0,1,0,1.5,0,0,0,0,0,4,0,0,0,1,0,0,0,0,1,0,1,0,0,47,202,12,37,1
1,0,35,4,6,0,0,0,1,0,1.525,0,0,0,0,0,2,0,0,0,0,0,0,1,0,1,4.91469,0,0,1,47,202,12,38,0
1,0,25,4,6,0,0,0,1,0,1.525,0,0,0,0,1,3,0,0,0,0,1,0,0,0,1,0,1,0,1,47,202,12,39,0
0,4,24,1,6,0,0,0,0,0,1.5,0,0,0,1,0,4,0,0,1,0,0,0,0,0,1,0,1,0,0,47,202,12,40,0
0,0,31,2,6,0,1,0,1,0,1.525,0,0,0,0,1,5,0,0,1,0,0,0,0,0,1,0,1,0,0,47,202,12,41,0
0,0,25,4,6,0,0,0,1,0,1.5,0,0,0,0,0,0,0,1,1,0,0,0,0,0,1,5.50987,0,0,0,47,202,12,42,0
0,0,24,2,6,0,0,0,1,0,1.525,0,0,0,1,0,4,0,0,0,0,1,0,0,0,1,0,1,0,1,47,202,12,43,0
1,0,22,4,6,0,0,0,1,0,1.55,0,0,0,0,1,4,0,0,1,0,0,0,0,0,1,0,1,0,1,47,202,12,44,0
0,4,30,4,6,0,1,0,0,0,1.45,0,0,0,0,1,4,0,0,1,0,0,0,0,0,1,0,1,0,1,47,202,12,45,0
1,0,29,2,6,0,0,0,1,0,1.6,0,0,1,0,0,5,0,0,1,0,0,0,0,0,1,0,1,1,0,47,202,12,46,0
0,0,24,2,6,0,0,0,1,0,1.6,0,0,0,0,0,4,0,0,1,0,0,0,0,0,1,0,1,0,0,47,202,12,47,0
1,0,24,4,6,0,0,0,1,0,1.575,0,0,0,1,0,4,0,0,1,0,0,0,0,0,1,0,1,0,1,47,202,12,48,0
0,0,23,0,6,0,1,0,1,0,1.5,0,1,0,0,0,4,0,0,0,0,0,0,1,0,1,0,1,0,0,47,202,12,49,0
0,0,25,2,6,0,0,0,1,0,1.5,0,0,0,1,0,4,0,0,1,0,0,0,0,0,1,0,1,0,1,47,202,12,52,0
1,0,24,3,6,0,0,0,1,0,1.575,0,0,0,0,1,1,0,0,0,0,0,0,1,0,1,0,1,0,0,47,202,12,53,0
1,0,25,2,6,0,0,0,1,0,1.55,0,0,0,0,0,5,0,0,1,0,0,0,0,0,1,0,1,0,1,47,202,12,54,0
0,0,33,0,6,0,1,0,1,0,0,1,1,0,1,0,0,0,1,0,0,0,0,1,0,1,0,1,0,0,47,202,12,55,0
0,2,39,2,6,0,1,1,0,0,1.575,0,0,0,0,0,0,0,1,0,0,0,0,1,0,1,5.825603,0,0,0,47,202,12,56,0
0,0,25,2,6,0,1,0,1,0,1.6,0,0,0,0,1,4,0,0,0,1,0,0,0,0,1,0,1,0,0,47,202,12,57,0
0,0,28,4,6,0,1,0,1,0,1.55,0,0,0,0,0,4,0,0,1,0,0,0,0,0,1,0,1,0,1,47,202,12,58,0
1,0,24,2,6,0,0,0,1,0,1.55,0,0,0,0,0,0,1,0,1,0,0,0,0,0,1,0,1,0,0,47,202,12,59,0
1,0,25,3,6,0,0,0,1,0,1.575,0,0,0,0,1,4,0,0,1,0,0,0,0,0,1,0,1,0,1,47,202,12,60,0
1,0,27,2,6,0,0,0,1,0,1.55,0,0,0,1,0,5,0,0,1,0,0,0,0,0,1,0,1,0,0,47,202,12,61,0
0,0,27,0,6,0,0,0,1,0,1.525,0,1,0,0,0,5,0,0,1,0,0,0,0,0,1,0,1,0,0,47,202,12,62,0
0,0,26,2,6,0,1,0,1,0,1.6,0,0,0,1,0,0,0,1,1,0,0,0,0,0,1,0,1,0,0,47,202,12,63,0
0,4,28,0,6,0,1,0,0,0,1.575,0,1,0,0,0,6,0,0,1,0,1,0,0,0,1,0,1,0,1,47,202,12,64,0
1,0,27,2,6,0,0,0,1,0,1.575,0,0,0,0,0,5,0,0,1,0,0,0,0,0,1,0,1,0,0,47,202,12,65,0
0,0,26,2,6,0,1,0,1,0,1.6,0,0,0,0,0,4,0,0,0,0,1,0,0,0,1,5.825603,0,0,0,47,202,12,66,0
0,0,22,2,6,0,1,0,1,0,1.5,0,0,0,1,0,1,0,0,0,0,0,0,1,0,1,0,1,0,1,47,202,12,67,0
1,0,25,2,6,0,0,0,1,0,1.55,0,0,0,1,0,4,0,0,1,0,0,0,0,0,1,0,1,0,1,47,202,12,68,0
1,0,23,2,6,0,0,0,1,0,1.525,0,0,0,0,0,4,0,0,1,0,0,0,0,0,1,0,1,0,0,47,202,12,69,0
1,2,28,5,6,0,0,1,0,0,1.55,0,0,0,0,1,4,0,0,1,0,0,0,0,0,1,0,1,0,0,47,202,12,70,0
1,0,24,0,6,0,0,0,1,0,1.55,0,1,0,1,0,5,0,0,1,0,0,0,0,0,1,0,1,0,1,47,202,12,71,0
1,0,22,0,6,0,0,0,1,0,1.5,0,1,0,0,0,2,0,0,0,0,0,0,1,0,1,0,1,0,0,47,202,12,72,0
1,0,25,2,6,0,0,0,1,0,1.575,0,0,0,0,0,0,0,1,1,0,0,0,0,0,1,0,1,0,0,47,202,12,73,0
1,0,25,2,6,0,0,0,1,0,1.55,0,0,0,0,0,4,0,0,0,1,0,0,0,0,1,0,1,0,0,47,202,12,74,0
1,0,29,2,6,0,0,0,1,0,1.5,0,0,0,0,0,4,0,0,1,0,0,0,0,0,1,5.50987,0,0,0,47,202,12,75,0
1,0,28,2,6,0,0,0,1,0,1.6,0,0,0,1,0,4,0,0,0,0,1,0,0,0,1,5.50987,0,0,1,47,202,12,76,0
0,0,25,0,6,0,1,0,1,0,1.6,0,1,0,0,0,4,0,0,1,0,0,0,0,0,1,0,1,0,0,47,202,12,77,0
0,4,30,4,6,0,1,0,0,0,1.55,0,0,0,0,0,0,1,0,0,0,0,0,1,0,1,5.50987,0,0,1,47,202,12,78,0
1,0,23,0,6,0,0,0,1,0,1.525,0,1,0,1,0,0,0,1,0,0,1,0,0,0,1,0,1,0,0,47,202,12,79,0
1,0,36,2,6,0,0,0,1,0,1.55,0,0,0,0,0,4,0,0,1,0,0,0,0,0,1,0,1,0,0,47,202,12,80,0
0,0,25,2,6,0,1,0,1,0,1.575,0,0,0,1,0,5,0,0,0,0,0,0,1,0,1,0,1,0,1,47,202,12,81,0
0,0,23,2,6,0,1,0,1,0,1.5,0,0,0,0,0,5,0,0,1,0,0,0,0,0,1,0,1,0,0,47,202,12,82,0
1,0,34,4,6,0,0,0,1,0,1.6,0,0,0,0,0,4,0,0,1,0,0,0,0,0,1,0,1,0,0,47,202,12,83,0
0,0,24,4,6,0,1,0,1,0,1.625,0,0,0,0,0,1,0,0,0,0,0,0,1,8.517193,0,5.049275,0,0,1,47,202,12,84,0
0,2,29,2,6,0,1,1,0,0,1.6,0,0,1,0,0,4,0,0,0,1,0,0,0,0,1,0,1,0,1,47,202,12,85,0
1,0,20,0,6,0,0,0,1,0,1.55,0,1,0,1,0,0,0,1,1,0,0,0,0,0,1,0,1,0,0,47,202,12,86,0
0,0,28,0,6,0,1,0,1,0,1.575,0,1,0,0,0,4,0,0,0,0,0,0,1,0,1,0,1,0,0,47,202,12,87,0
0,2,26,0,6,0,1,1,0,0,1.5,0,1,0,0,1,5,0,0,0,0,1,0,0,0,1,5.794884,0,0,0,47,202,12,88,0
1,0,26,2,6,0,0,0,1,0,1.55,0,0,0,0,0,5,0,0,1,0,0,0,0,0,1,5.50987,0,0,1,47,202,12,89,0
1,0,22,4,6,0,0,0,1,0,1.5,0,0,0,0,0,4,0,0,1,0,0,0,0,0,1,0,1,0,0,44,202,13,180,0
1,2,25,0,6,0,0,1,0,0,0,1,1,0,0,1,6,0,0,0,1,1,0,0,0,1,5.825603,0,0,1,44,202,13,181,0
1,0,30,3,6,0,0,0,1,0,1.5625,0,0,0,0,0,4,0,0,1,0,0,0,0,0,1,0,1,0,1,44,202,13,182,0
1,0,23,1,6,0,0,0,1,0,1.575,0,0,0,0,0,4,0,0,1,0,0,0,0,0,1,0,1,0,0,44,202,13,183,0
1,0,26,2,6,0,0,0,1,0,1.6,0,0,0,0,0,4,0,0,0,0,1,0,0,0,1,0,1,0,1,44,202,13,184,0
1,4,26,2,6,0,0,0,0,0,1.625,0,0,0,1,0,5,0,0,1,0,0,0,0,0,1,5.50987,0,0,1,44,202,13,185,0
1,0,22,2,6,0,0,0,1,0,1.575,0,0,0,1,0,4,0,0,1,0,0,0,0,0,1,0,1,0,0,44,202,13,186,0
1,0,23,4,6,0,0,0,1,0,1.5,0,0,0,0,0,4,0,0,0,0,1,0,0,0,1,0,1,0,0,44,202,13,187,0
0,4,26,0,6,0,1,0,0,0,1.575,0,1,0,0,0,5,0,0,1,0,0,0,0,0,1,5.50987,0,0,1,44,202,13,188,0
0,0,25,0,6,0,0,0,1,0,1.5875,0,1,0,0,0,4,0,0,0,0,0,0,1,0,1,0,1,0,1,44,202,13,189,0
1,0,24,2,6,0,0,0,1,0,1.575,0,0,0,0,0,5,0,0,1,0,0,0,0,0,1,0,1,1,0,44,202,13,190,0
1,0,23,4,6,0,0,0,1,0,1.65,0,0,0,0,1,4,0,0,1,0,0,0,0,0,1,0,1,0,0,44,202,13,191,0
1,0,26,2,6,0,0,0,1,0,1.55,0,0,0,0,0,4,0,0,1,0,0,0,0,0,1,0,1,0,0,44,202,13,192,0
0,2,25,2,6,0,1,1,0,0,1.55,0,0,0,0,1,5,0,0,1,0,0,0,0,0,1,0,1,0,1,44,202,13,193,0
1,0,28,0,6,0,0,0,1,0,1.55,0,1,0,0,1,4,0,0,1,0,0,0,0,0,1,0,1,0,0,53,202,13,194,0
1,0,35,2,6,0,0,0,1,0,1.525,0,0,0,0,0,2,0,0,0,0,0,0,1,0,1,0,1,0,1,44,202,13,195,0
1,0,24,2,6,0,0,0,1,0,1.55,0,0,0,0,1,2,0,0,1,0,0,0,0,0,1,0,1,0,0,44,202,13,196,0
1,4,28,0,6,0,0,0,0,0,1.525,0,1,0,0,1,5,0,0,1,0,0,0,0,0,1,5.50987,0,0,1,44,202,13,197,0
1,0,24,2,6,0,0,0,1,0,1.575,0,0,0,0,0,4,0,0,1,0,0,0,0,0,1,0,1,0,0,44,202,13,198,0
0,0,24,0,6,0,1,0,1,0,1.6,0,1,0,1,0,3,0,0,0,0,0,1,0,0,1,4.91469,0,1,0,44,202,13,199,0
1,0,32,2,6,0,0,0,1,0,1.5,0,0,0,0,1,4,0,0,1,0,0,0,0,0,1,0,1,0,1,44,202,13,200,0
1,0,29,2,6,0,0,0,1,0,1.55,0,0,0,1,0,4,0,0,0,1,0,0,0,0,1,0,1,0,1,48,202,15,13,0
0,0,21,2,6,0,1,0,1,0,1.55,0,0,0,0,0,4,0,0,0,0,0,0,1,0,1,0,1,0,0,48,202,15,14,0
1,0,22,0,6,0,0,0,1,0,1.575,0,1,0,0,0,4,0,0,0,0,0,0,1,0,1,0,1,0,0,48,202,15,15,0
0,0,25,2,6,0,1,0,1,0,1.6,0,0,0,1,0,6,0,0,0,1,1,0,0,0,1,0,1,0,0,48,202,15,16,0
1,0,28,2,6,0,0,0,1,0,0,1,0,0,1,0,4,0,0,1,0,0,0,0,0,1,4.154839,0,0,1,48,202,15,17,0
0,0,28,1,6,0,1,0,1,0,1.55,0,0,0,1,0,5,0,0,1,0,0,0,0,0,1,5.50987,0,0,1,48,202,15,18,0
0,0,20,2,6,0,1,0,1,0,1.525,0,0,0,1,0,2,0,0,0,0,0,0,1,0,1,0,1,0,1,54,202,15,20,0
1,2,23,2,6,0,0,1,0,0,1.5,0,0,0,1,0,4,0,0,0,0,0,0,1,0,1,0,1,0,1,53,202,15,21,0
1,0,24,3,6,0,0,0,1,0,1.55,0,0,0,1,0,6,0,0,0,1,0,0,0,0,1,0,1,0,0,53,202,15,22,0
1,4,33,3,6,0,0,0,0,0,1.5,0,0,0,0,1,4,0,0,1,0,0,0,0,0,1,0,1,0,0,76,202,15,51,0
0,0,21,2,6,0,1,0,1,0,1.55,0,0,0,0,0,4,0,0,1,0,0,0,0,0,1,0,1,0,0,76,202,15,83,0
1,0,21,0,6,0,0,0,1,0,1.575,0,1,0,0,1,2,0,0,0,0,0,0,1,0,1,0,1,0,1,76,203,12,113,0
1,0,28,4,6,0,0,0,1,0,1.5,0,0,0,1,0,4,0,0,0,1,0,0,0,0,1,0,1,0,0,47,203,12,28,0
0,2,28,2,6,0,1,1,0,0,1.575,0,0,0,1,0,5,0,0,0,0,1,0,0,9.615806,0,5.794884,0,0,1,47,203,12,29,0
1,0,27,2,6,0,0,0,1,0,1.575,0,0,0,0,1,4,0,0,1,0,0,0,0,0,1,0,1,0,1,47,203,12,30,0
1,4,26,2,6,0,0,0,0,0,1.525,0,0,0,0,1,5,0,0,1,0,0,0,0,0,1,0,1,0,0,47,203,12,31,0
0,0,25,2,6,0,1,0,1,0,1.575,0,0,0,0,1,4,0,0,0,0,0,1,0,0,1,0,1,0,1,47,203,12,32,0
0,0,28,2,6,0,1,0,1,0,1.6,0,0,0,0,1,0,0,1,0,0,0,0,1,0,1,0,1,0,0,47,203,12,33,0
0,0,27,2,6,0,1,0,1,0,1.575,0,0,0,0,1,4,0,0,1,0,0,0,0,0,1,0,1,0,0,47,203,12,34,0
0,0,27,2,6,0,1,0,1,0,1.55,0,0,0,0,1,4,0,0,1,0,1,0,0,0,1,0,1,0,0,47,203,12,35,0
1,0,24,2,6,0,0,0,1,0,1.55,0,0,0,1,0,4,0,0,0,0,1,0,0,0,1,0,1,0,1,47,203,12,36,0
0,0,26,2,6,0,1,0,1,0,1.55,0,0,0,1,0,5,0,0,1,0,1,0,0,0,1,0,1,0,1,47,203,12,37,0
0,0,34,3,6,0,1,0,1,0,1.6,0,0,0,0,1,5,0,0,1,0,0,0,0,0,1,5.50987,0,0,1,47,203,12,38,0
0,4,34,2,6,0,1,0,0,0,1.55,0,0,0,0,1,4,0,0,1,0,0,0,0,0,1,0,1,0,0,47,203,12,39,0
0,0,26,0,6,0,1,0,1,0,1.55,0,1,0,1,0,5,0,0,1,0,0,0,0,0,1,0,1,0,1,47,203,12,40,0
0,0,24,4,6,0,1,0,1,0,1.55,0,0,0,0,1,5,0,0,1,0,0,0,0,0,1,0,1,0,1,47,203,12,41,0
1,4,23,2,6,0,0,0,0,0,1.55,0,0,0,0,1,4,0,0,1,0,0,0,0,0,1,0,1,0,0,47,203,12,42,0
0,2,23,2,6,0,1,1,0,0,1.55,0,0,0,1,0,4,0,0,1,0,0,0,0,0,1,0,1,0,0,47,203,12,43,0
1,0,27,4,6,0,0,0,1,0,1.575,0,0,0,0,1,5,0,0,1,0,0,0,0,0,1,5.50987,0,0,1,47,203,12,44,0
1,0,33,2,6,0,0,0,1,0,1.55,0,0,0,0,1,4,0,0,0,1,0,0,0,0,1,0,1,0,1,47,203,12,45,0
1,0,26,4,6,0,0,0,1,0,1.45,0,0,0,1,0,5,0,0,1,0,0,0,0,0,1,0,1,0,1,47,203,12,46,0
1,0,24,4,6,0,0,0,1,0,1.55,0,0,0,0,1,4,0,0,1,0,1,0,0,0,1,0,1,0,0,47,203,12,47,0
0,0,25,3,6,0,1,0,1,0,1.6,0,0,0,0,1,4,0,0,0,0,1,0,0,0,1,5.50987,0,0,0,47,203,12,48,0
1,0,27,2,6,0,0,0,1,0,1.6,0,0,0,0,1,4,0,0,1,0,0,0,0,0,1,0,1,0,1,47,203,12,49,0
1,0,26,2,6,0,0,0,1,0,1.55,0,0,0,0,1,2,0,0,0,0,0,0,1,0,1,0,1,0,1,47,203,12,50,0
1,0,21,2,6,0,0,0,1,0,1.475,0,0,0,1,0,2,0,0,0,0,0,0,1,0,1,0,1,0,0,47,203,12,51,0
1,4,27,2,6,0,0,0,0,0,1.575,0,0,0,0,1,2,0,0,0,0,0,0,1,0,1,5.049275,0,0,0,47,203,12,52,0
0,0,26,2,6,0,1,0,1,0,1.575,0,0,0,0,1,2,0,0,0,0,0,0,1,0,1,0,1,0,0,47,203,12,54,0
0,2,20,2,6,0,1,1,0,0,1.575,0,0,0,1,0,2,0,0,0,0,0,0,1,0,1,0,1,0,0,47,203,12,55,0
1,0,30,2,6,0,0,0,1,0,1.5,0,0,0,0,1,4,0,0,1,0,0,0,0,0,1,0,1,0,1,47,203,12,57,0
1,0,32,2,6,0,0,0,1,0,1.525,0,0,0,0,1,4,0,0,1,0,0,0,0,0,1,5.049275,0,0,1,47,203,12,59,1
1,0,22,2,6,0,0,0,1,0,1.5,0,0,0,0,1,4,0,0,1,0,0,0,0,0,1,0,1,0,1,47,203,12,59,1
1,0,26,2,6,0,0,0,1,0,1.55,0,0,0,0,1,2,0,0,0,0,0,0,1,0,1,0,1,0,0,47,203,12,60,0
1,0,24,2,6,0,0,0,1,0,1.65,0,0,0,1,0,4,0,0,1,0,0,0,0,0,1,0,1,0,1,47,203,12,61,0
1,0,25,4,6,0,0,0,1,0,1.575,0,0,0,0,1,4,0,0,0,0,1,0,0,0,1,0,1,0,0,47,203,12,62,0
1,0,28,0,6,0,0,0,1,0,1.5,0,1,0,0,1,5,0,0,1,0,0,0,0,0,1,0,1,0,0,47,203,12,63,0
1,0,25,2,6,0,0,0,1,0,1.5,0,0,0,0,1,5,0,0,0,0,1,0,0,0,1,0,1,0,1,47,203,12,64,0
1,0,26,4,6,0,0,0,1,0,1.55,0,0,0,0,1,5,0,0,1,0,0,0,0,0,1,0,1,0,1,47,203,12,65,0
1,0,29,2,6,0,0,0,1,0,1.55,0,0,0,0,1,4,0,0,1,0,0,0,0,0,1,0,1,0,1,47,203,12,67,0
1,0,22,2,6,0,0,0,1,0,1.575,0,0,0,0,1,4,0,0,1,0,0,0,0,0,1,0,1,0,0,47,203,12,68,0
1,0,22,2,6,0,0,0,1,0,1.6,0,0,1,0,0,4,0,0,1,0,0,0,0,0,1,0,1,0,0,47,203,12,69,0
1,0,32,4,6,0,0,0,1,0,1.55,0,0,0,0,1,5,0,0,0,0,1,0,0,0,1,0,1,0,0,47,203,12,70,0
1,0,26,2,6,0,0,0,1,0,1.6625,0,0,1,0,0,4,0,0,1,0,1,0,0,0,1,5.50987,0,0,1,47,203,12,71,0
1,0,25,4,6,0,0,0,1,0,1.575,0,0,0,0,1,4,0,0,0,0,1,0,0,0,1,0,1,0,1,47,203,12,72,0
1,0,24,3,6,0,0,0,1,0,1.55,0,0,0,0,1,5,0,0,1,0,0,0,0,0,1,5.50987,0,0,0,47,203,12,73,0
1,0,25,2,6,0,0,0,1,0,1.55,0,0,0,0,1,4,0,0,1,0,1,0,0,0,1,5.049275,0,0,1,47,203,12,74,0
1,0,25,2,6,0,0,0,1,0,1.525,0,0,0,0,1,5,0,0,1,0,1,0,0,0,1,0,1,0,1,47,203,12,75,0
0,0,28,2,6,0,1,0,1,0,1.525,0,0,0,1,0,4,0,0,1,0,0,0,0,0,1,5.049275,0,0,0,47,203,12,76,0
1,0,29,2,6,0,0,0,1,0,1.575,0,0,0,0,1,5,0,0,1,0,0,0,0,0,1,5.50987,0,0,0,47,203,12,77,0
0,4,23,2,6,0,1,0,0,0,1.575,0,0,0,0,1,2,0,0,0,0,0,0,1,0,1,0,1,0,0,47,203,12,78,0
1,0,24,2,6,0,0,0,1,0,1.6125,0,0,0,0,1,5,0,0,1,0,0,0,0,0,1,0,1,0,1,47,203,12,79,0
1,0,28,0,6,0,0,0,1,0,1.5,0,1,0,1,0,4,0,0,0,0,1,0,0,0,1,4.710353,0,0,0,47,203,12,80,0
0,0,25,0,6,0,1,0,1,0,1.575,0,1,0,1,0,5,0,0,1,0,0,0,0,0,1,0,1,0,0,47,203,12,81,0
1,5,28,3,6,0,0,0,0,0,1.55,0,0,0,1,0,4,0,0,1,0,0,0,0,0,1,5.50987,0,0,0,44,203,13,150,0
1,2,25,2,6,0,0,1,0,0,1.55,0,0,0,1,0,4,0,0,1,0,0,0,0,0,1,0,1,0,0,44,203,13,151,0
1,0,26,2,6,0,0,0,1,0,1.6375,0,0,0,1,0,0,0,1,1,0,0,0,0,0,1,5.50987,0,0,0,44,203,13,152,0
1,0,28,2,6,0,0,0,1,0,1.6,0,0,0,1,0,5,0,0,1,0,0,0,0,0,1,0,1,0,1,44,203,13,153,0
1,0,21,2,6,0,0,0,1,0,1.575,0,0,0,1,0,4,0,0,1,0,0,0,0,0,1,0,1,0,0,44,203,13,154,0
0,0,26,2,6,0,1,0,1,0,1.55,0,0,0,1,0,4,0,0,1,0,1,0,0,0,1,0,1,0,1,44,203,13,155,0
1,0,25,2,6,0,0,0,1,0,1.525,0,0,0,0,1,5,0,0,1,0,0,0,0,0,1,0,1,0,1,44,203,13,156,0
1,0,26,2,6,0,0,0,1,0,1.575,0,0,0,1,0,5,0,0,1,0,1,0,0,0,1,0,1,0,0,44,203,13,157,0
1,0,25,0,6,0,0,0,1,0,1.6,0,1,0,0,1,5,0,0,1,0,0,0,0,0,1,5.50987,0,0,1,44,203,13,158,0
1,0,24,2,6,0,0,0,1,0,1.575,0,0,0,1,0,4,0,0,0,0,1,0,0,0,1,0,1,1,0,44,203,13,159,0
0,0,24,2,6,0,1,0,1,0,1.5,0,0,0,1,0,4,0,0,0,0,1,0,0,0,1,0,1,1,0,44,203,13,160,0
1,0,30,0,6,0,0,0,1,0,1.575,0,1,0,1,0,2,0,0,0,0,1,0,0,0,1,0,1,0,0,44,203,13,161,0
0,0,26,2,6,0,1,0,1,0,1.575,0,0,0,1,0,5,0,0,1,0,0,0,0,0,1,0,1,1,0,44,203,13,162,0
0,0,35,2,6,0,1,0,1,0,0,1,0,0,0,1,4,0,0,0,0,0,0,1,0,1,0,1,0,1,44,203,13,163,0
0,4,25,0,6,0,1,0,0,0,1.6,0,1,1,0,0,4,0,0,1,0,0,0,0,0,1,0,1,0,0,44,203,13,164,0
0,0,21,2,6,0,1,0,1,0,1.55,0,0,0,1,0,2,0,0,0,0,0,0,1,0,1,0,1,0,1,44,203,13,165,0
1,0,25,2,6,0,0,0,1,0,1.525,0,0,0,0,1,5,0,0,1,0,0,0,0,0,1,0,1,0,0,44,203,13,166,0
0,0,21,2,6,0,1,0,1,0,1.675,0,0,0,1,0,0,0,1,0,0,0,0,1,0,1,0,1,0,1,44,203,13,167,0
1,0,26,0,6,0,0,0,1,0,1.575,0,1,0,1,0,6,0,0,1,1,0,0,0,0,1,0,1,0,0,44,203,13,168,0
0,0,29,2,6,0,1,0,1,0,1.525,0,0,0,0,0,4,0,0,1,0,0,0,0,0,1,0,1,0,0,44,203,13,169,0
1,4,26,2,6,0,0,0,0,0,1.525,0,0,0,1,0,4,0,0,0,1,0,0,0,0,1,0,1,0,1,44,203,13,170,0
0,0,26,3,6,0,1,0,1,0,1.575,0,0,0,0,1,4,0,0,1,0,0,0,0,0,1,5.825603,0,0,1,48,203,15,33,0
0,0,28,0,6,0,1,0,1,0,1.5,0,1,0,0,1,4,0,0,1,0,0,0,0,0,1,0,1,0,1,48,203,15,34,0
1,0,25,2,6,0,0,0,1,0,1.5,0,0,0,0,1,4,0,0,0,1,0,0,0,0,1,0,1,0,0,48,203,15,35,0
0,0,24,2,6,0,1,0,1,0,1.55,0,0,0,0,1,4,0,0,0,0,1,0,0,0,1,0,1,0,1,48,203,15,36,0
0,0,27,2,6,0,0,0,1,0,1.65,0,0,0,0,1,5,0,0,1,0,0,0,0,0,1,5.50987,0,0,0,48,203,15,37,0
0,0,28,3,6,0,1,0,1,0,1.55,0,0,0,0,1,5,0,0,1,0,1,0,0,0,1,0,1,0,1,48,203,15,38,0
0,0,28,2,6,0,0,0,1,0,1.5,0,0,0,0,1,2,0,0,0,0,0,0,1,0,1,0,1,0,0,48,203,15,39,0
0,2,25,0,6,0,1,1,0,0,1.6,0,1,0,1,0,5,0,0,0,0,1,0,0,0,1,0,1,0,1,48,203,15,40,0
1,0,24,2,6,0,0,0,1,0,1.525,0,0,0,0,1,5,0,0,1,0,0,0,0,0,1,0,1,0,1,53,203,15,41,0
0,4,0,4,6,0,0,0,0,1,1.525,0,0,1,0,0,4,0,0,1,0,0,0,0,0,1,0,1,0,0,54,203,15,42,0
1,0,20,2,6,0,0,0,1,0,1.575,0,0,0,1,0,2,0,0,0,0,0,0,1,0,1,0,1,1,0,53,203,15,43,1
1,0,24,2,6,0,0,0,1,0,1.6,0,0,0,0,1,4,0,0,1,0,0,0,0,0,1,0,1,1,0,53,203,15,43,1
0,0,23,2,6,0,0,0,1,0,1.5,0,0,0,0,1,5,0,0,0,1,0,0,0,0,1,0,1,0,1,53,203,15,44,0
0,0,30,2,6,0,1,0,1,0,1.5,0,0,0,0,1,0,0,1,0,0,0,0,1,0,1,0,1,0,0,53,203,15,45,0
0,0,38,4,6,0,0,0,1,0,0,1,0,0,0,1,5,0,0,1,0,0,0,0,0,1,0,1,0,1,53,203,15,46,0
0,0,25,0,6,0,1,0,1,0,1.55,0,1,0,0,1,5,0,0,1,0,0,0,0,0,1,0,1,0,0,53,203,15,47,0
0,0,29,2,6,0,1,0,1,0,1.5375,0,0,0,0,1,5,0,0,1,0,0,0,0,0,1,0,1,1,0,53,203,15,48,0
0,0,22,2,6,0,0,0,1,0,1.575,0,0,1,0,0,4,0,0,1,0,0,0,0,0,1,0,1,0,0,53,203,15,50,0
0,0,25,2,6,0,0,0,1,0,1.55,0,0,0,0,1,4,0,0,1,0,0,0,0,0,1,0,1,0,1,53,203,15,52,0
1,0,0,2,6,0,0,0,1,1,1.6,0,0,0,0,1,5,0,0,0,0,1,0,0,0,1,0,1,0,1,53,203,15,53,0
1,0,26,4,6,0,0,0,1,0,1.6,0,0,0,0,0,5,0,0,1,0,0,0,0,0,1,0,1,0,1,103,311,11,101,0
1,0,21,2,6,0,0,0,1,0,1.575,0,0,0,1,0,4,0,0,1,0,0,0,0,0,1,0,1,0,0,103,311,11,102,0
0,0,23,2,6,0,0,0,1,0,1.55,0,0,0,0,0,5,0,0,1,0,0,0,0,0,1,0,1,0,1,103,311,11,103,0
1,0,31,2,6,0,0,0,1,0,1.575,0,0,0,0,0,5,0,0,1,0,0,0,0,0,1,0,1,0,0,103,311,11,104,0
0,0,20,0,6,0,1,0,1,0,1.55,0,1,0,0,0,4,0,0,1,0,0,0,0,0,1,0,1,0,0,103,311,11,105,0
1,0,24,2,6,0,0,0,1,0,1.525,0,0,1,0,0,4,0,0,1,0,0,0,0,0,1,0,1,0,0,103,311,11,106,0
0,0,26,2,6,0,1,0,1,0,1.5,0,0,0,0,1,6,0,0,0,0,1,0,0,0,1,0,1,0,0,103,311,11,107,0
0,0,23,2,6,0,0,0,1,0,1.5,0,0,1,0,0,2,0,0,0,0,0,0,1,0,1,0,1,0,0,103,311,11,108,0
1,0,24,2,6,0,0,0,1,0,1.55,0,0,0,0,1,5,0,0,1,0,0,0,0,0,1,0,1,0,0,103,311,11,109,0
1,0,37,2,6,0,0,0,1,0,1.425,0,0,0,0,1,4,0,0,1,0,0,0,0,0,1,0,1,0,0,103,311,11,110,0
0,0,24,2,6,0,0,0,1,0,1.525,0,0,0,1,0,5,0,0,1,0,0,0,0,0,1,0,1,0,1,103,311,11,111,0
1,0,28,4,6,0,0,0,1,0,1.575,0,0,0,0,1,6,0,0,0,1,1,0,0,0,1,6.093101,0,0,0,103,311,11,112,0
0,0,27,2,6,0,0,0,1,0,1.6,0,0,0,1,0,2,0,0,0,0,0,0,1,0,1,0,1,0,1,103,311,11,99,0
1,2,27,2,6,0,0,1,0,0,1.5375,0,0,0,0,0,5,0,0,1,0,0,0,0,0,1,5.50987,0,0,1,44,311,12,100,0
1,0,28,2,6,0,0,0,1,0,1.575,0,0,0,0,0,4,0,0,1,0,0,0,0,0,1,0,1,0,1,44,311,12,101,0
1,0,22,2,6,0,0,0,1,0,1.575,0,0,1,0,0,5,0,0,1,0,0,0,0,0,1,0,1,0,0,44,311,12,102,0
1,0,28,4,6,0,0,0,1,0,1.575,0,0,0,1,0,5,0,0,1,0,0,0,0,0,1,5.50987,0,0,1,44,311,12,103,0
0,0,37,0,6,0,1,0,1,0,1.575,0,1,0,0,1,4,0,0,1,0,0,0,0,0,1,0,1,0,1,44,311,12,104,0
0,0,26,2,6,0,1,0,1,0,1.6,0,0,0,1,0,5,0,0,1,0,0,0,0,0,1,0,1,0,1,44,311,12,105,0
1,0,29,2,6,0,0,0,1,0,1.625,0,0,1,0,0,5,0,0,1,0,0,0,0,0,1,0,1,0,0,44,311,12,106,0
0,0,30,5,6,0,1,0,1,0,1.625,0,0,0,0,0,4,0,0,1,0,0,0,0,0,1,0,1,0,0,44,311,12,107,0
1,0,21,2,6,0,0,0,1,0,1.625,0,0,0,1,0,4,0,0,1,0,0,0,0,0,1,0,1,0,0,44,311,12,108,0
1,0,31,2,6,0,0,0,1,0,1.575,0,0,0,0,0,4,0,0,0,0,1,0,0,0,1,5.825603,0,0,1,44,311,12,109,0
1,0,24,0,6,0,0,0,1,0,1.55,0,1,0,0,0,5,0,0,1,0,0,0,0,0,1,0,1,0,0,44,311,12,110,0
1,4,24,2,6,0,0,0,0,0,1.575,0,0,0,0,0,4,0,0,0,0,1,0,0,0,1,0,1,0,1,44,311,12,112,0
1,0,30,0,6,0,0,0,1,0,1.5,0,1,0,0,0,4,0,0,1,0,0,0,0,0,1,0,1,0,0,44,311,12,113,0
0,0,25,2,6,0,1,0,1,0,1.55,0,0,0,0,0,4,0,0,1,0,0,0,0,0,1,0,1,0,0,44,311,12,114,0
1,0,27,0,6,0,0,0,1,0,1.55,0,1,0,0,0,4,0,0,1,0,0,0,0,0,1,5.50987,0,0,1,44,311,12,115,0
1,0,24,2,6,0,0,0,1,0,1.575,0,0,0,0,0,4,0,0,1,0,0,0,0,0,1,0,1,0,0,44,311,12,116,0
1,0,23,2,6,0,0,0,1,0,1.55,0,0,0,1,0,5,0,0,1,0,0,0,0,0,1,0,1,0,0,44,311,12,117,0
1,0,26,4,6,0,0,0,1,0,1.525,0,0,0,0,0,5,0,0,1,0,0,0,0,0,1,5.50987,0,0,0,44,311,12,118,0
1,6,27,0,6,0,0,0,0,0,1.675,0,1,0,1,0,5,0,0,0,0,0,0,1,0,1,6.093101,0,0,1,44,311,12,119,0
0,0,24,2,6,0,1,0,1,0,1.55,0,0,0,1,0,4,0,0,1,0,0,0,0,0,1,0,1,0,1,48,311,12,138,0
0,0,28,2,6,0,1,0,1,0,1.55,0,0,0,1,0,5,0,0,1,0,0,0,0,0,1,0,1,0,1,48,311,12,140,0
1,0,24,2,6,0,0,0,1,0,1.55,0,0,0,1,0,4,0,0,0,0,1,0,0,0,1,5.049275,0,0,0,47,311,12,15,0
1,2,29,2,6,0,0,1,0,0,0,1,0,0,1,0,0,0,1,0,1,0,0,0,0,1,5.50987,0,0,0,47,311,12,16,0
1,0,25,2,6,0,0,0,1,0,1.625,0,0,0,0,0,5,0,0,1,0,0,0,0,0,1,0,1,0,0,47,311,12,17,0
0,4,28,0,6,0,1,0,0,0,0,1,1,0,0,0,0,0,1,0,0,0,0,1,0,1,0,1,0,0,47,311,12,18,0
0,0,24,2,6,0,1,0,1,0,1.55,0,0,0,0,0,4,0,0,1,0,0,0,0,0,1,0,1,0,0,47,311,12,19,0
1,0,25,2,6,0,0,0,1,0,1.575,0,0,0,0,0,5,0,0,1,0,0,0,0,0,1,0,1,0,1,47,311,12,197,0
0,0,37,3,6,0,1,0,1,0,1.5,0,0,0,0,0,5,0,0,1,0,0,0,0,0,1,0,1,0,1,47,311,12,20,0
0,0,35,4,6,0,1,0,1,0,1.45,0,0,0,0,1,4,0,0,1,0,0,0,0,0,1,0,1,0,1,47,311,12,21,0
1,0,30,2,6,0,0,0,1,0,1.525,0,0,0,0,1,4,0,0,0,0,1,0,0,0,1,5.049275,0,0,0,47,311,12,22,0
1,0,31,2,6,0,0,0,1,0,1.55,0,0,0,0,0,2,0,0,0,0,0,0,1,0,1,5.049275,0,0,0,47,311,12,23,0
1,4,25,2,6,0,0,0,0,0,1.575,0,0,0,0,1,4,0,0,1,0,0,0,0,0,1,0,1,0,0,47,311,12,24,0
1,0,26,4,6,0,0,0,1,0,1.575,0,0,0,0,0,5,0,0,1,0,0,0,0,0,1,5.50987,0,0,0,47,311,12,25,0
1,0,28,4,6,0,0,0,1,0,1.5,0,0,0,0,0,4,0,0,1,0,0,0,0,0,1,0,1,0,0,47,311,12,26,0
1,0,23,0,6,0,0,0,1,0,1.5,0,1,0,0,0,2,0,0,0,0,0,0,1,0,1,0,1,0,0,47,311,12,27,0
1,4,22,0,6,0,0,0,0,0,1.55,0,1,0,1,0,4,0,0,0,0,0,0,1,0,1,0,1,0,1,47,311,12,28,0
0,0,27,0,6,0,1,0,1,0,1.525,0,1,0,1,0,4,0,0,0,0,1,0,0,0,1,0,1,0,0,47,311,12,29,0
1,0,26,2,6,0,0,0,1,0,1.55,0,0,0,1,0,5,0,0,1,0,0,0,0,0,1,0,1,0,1,47,311,12,30,0
1,0,26,2,6,0,0,0,1,0,1.575,0,0,0,1,0,5,0,0,1,0,0,0,0,0,1,0,1,0,0,47,311,12,31,0
0,0,26,2,6,0,1,0,1,0,1.6,0,0,0,0,1,2,0,0,0,0,0,0,1,0,1,0,1,0,0,47,311,12,32,0
1,0,23,2,6,0,0,0,1,0,1.575,0,0,0,0,0,4,0,0,1,0,0,0,0,0,1,0,1,0,1,47,311,12,33,0
1,0,28,2,6,0,0,0,1,0,1.6,0,0,0,0,0,5,0,0,1,0,0,0,0,0,1,0,1,0,1,47,311,12,34,0
1,0,25,3,6,0,0,0,1,0,1.575,0,0,0,0,0,4,0,0,1,0,0,0,0,0,1,0,1,0,1,47,311,12,35,0
1,0,29,4,6,0,0,0,1,0,1.525,0,0,0,0,0,4,0,0,1,0,0,0,0,0,1,5.049275,0,0,1,47,311,12,36,0
0,0,25,2,6,0,1,0,1,0,1.575,0,0,0,0,1,4,0,0,0,0,0,0,1,0,1,0,1,0,0,47,311,12,37,0
1,0,27,2,6,0,0,0,1,0,1.575,0,0,0,0,0,3,0,0,0,0,0,0,1,0,1,0,1,0,1,47,311,12,38,0
1,0,26,2,6,0,0,0,1,0,1.575,0,0,0,0,1,2,0,0,0,0,0,0,1,0,1,0,1,0,0,47,311,12,39,0
0,0,26,2,6,0,1,0,1,0,1.55,0,0,0,0,0,5,0,0,1,0,0,0,0,0,1,0,1,0,0,47,311,12,40,0
1,0,25,2,6,0,0,0,1,0,1.575,0,0,0,1,0,5,0,0,0,0,0,0,1,0,1,0,1,0,0,47,311,12,41,0
1,0,28,0,6,0,0,0,1,0,1.5,0,1,0,0,1,4,0,0,0,0,1,0,0,0,1,0,1,0,1,47,311,12,42,0
1,0,23,4,6,0,0,0,1,0,1.5,0,0,0,0,0,5,0,0,0,0,1,0,0,0,1,0,1,0,0,47,311,12,43,0
1,0,23,4,6,0,0,0,1,0,1.55,0,0,0,0,0,5,0,0,1,0,0,0,0,0,1,0,1,0,0,47,311,12,44,0
1,0,25,2,6,0,0,0,1,0,1.575,0,0,0,0,1,5,0,0,1,0,0,0,0,0,1,0,1,0,0,47,311,12,45,0
1,4,25,2,6,0,0,0,0,0,1.5,0,0,0,0,0,4,0,0,1,0,0,0,0,0,1,0,1,0,0,47,311,12,46,0
1,0,21,4,6,0,0,0,1,0,1.575,0,0,0,0,1,4,0,0,0,0,1,0,0,0,1,0,1,0,1,47,311,12,47,0
1,0,24,2,6,0,0,0,1,0,1.575,0,0,0,1,0,5,0,0,1,0,0,0,0,0,1,0,1,0,0,47,311,12,48,0
1,0,23,2,6,0,0,0,1,0,1.5,0,0,0,0,0,4,0,0,0,0,1,0,0,0,1,0,1,1,0,44,311,12,95,0
0,0,30,0,6,0,1,0,1,0,1.575,0,1,0,0,0,2,0,0,0,0,0,0,1,0,1,0,1,0,1,44,311,12,96,0
1,4,21,0,6,0,0,0,0,0,1.575,0,1,0,0,0,4,0,0,1,0,0,0,0,0,1,0,1,0,0,44,311,12,97,0
1,0,33,4,6,0,0,0,1,0,1.625,0,0,0,0,1,4,0,0,0,0,1,0,0,0,1,5.50987,0,0,0,45,311,12,98,0
0,0,30,2,6,0,1,0,1,0,1.55,0,0,0,0,0,4,0,0,1,0,0,0,0,0,1,0,1,0,1,44,311,12,99,0
0,0,32,2,6,0,1,0,1,0,0,1,0,0,0,1,5,0,0,0,0,1,0,0,0,1,5.50987,0,0,0,44,501,11,6,0
1,0,38,4,6,0,0,0,1,0,1.55,0,0,0,0,1,4,0,0,1,0,0,0,0,0,1,5.50987,0,0,1,44,501,11,7,0
1,0,31,2,6,0,0,0,1,0,1.5,0,0,0,0,1,2,0,0,0,0,0,0,1,0,1,0,1,0,1,44,501,11,8,0
0,0,32,0,6,0,0,0,1,0,1.6,0,1,0,0,1,0,0,1,0,0,0,0,1,0,1,5.50987,0,0,0,44,501,11,9,0
0,0,30,3,6,0,0,0,1,0,1.5,0,0,0,0,1,4,0,0,1,0,0,0,0,0,1,0,1,0,1,44,501,11,10,0
1,0,19,4,6,0,0,0,1,0,1.45,0,0,0,0,0,4,0,0,1,0,0,0,0,0,1,0,1,0,1,48,501,11,109,0
0,0,30,0,6,0,0,0,1,0,1.575,0,1,0,1,0,1,0,0,0,0,0,0,1,0,1,0,1,0,1,44,501,11,11,0
1,0,25,2,6,0,0,0,1,0,1.575,0,0,0,1,0,6,0,0,0,0,1,0,0,9.21034,0,0,1,0,1,48,501,11,110,0
1,0,24,2,6,0,0,0,1,0,1.525,0,0,1,0,0,4,0,0,1,0,0,0,0,0,1,5.50987,0,0,1,48,501,11,111,0
1,0,24,2,6,0,0,0,1,0,1.55,0,0,0,1,0,5,0,0,1,0,0,0,0,0,1,0,1,0,0,48,501,11,112,0
1,0,34,2,6,0,0,0,1,0,1.55,0,0,0,1,0,4,0,0,1,0,0,0,0,0,1,0,1,1,0,53,501,11,114,0
1,4,21,2,6,0,0,0,0,0,1.575,0,0,0,0,0,4,0,0,1,0,0,0,0,0,1,0,1,0,0,53,501,11,115,0
1,0,26,2,6,0,0,0,1,0,1.5875,0,0,0,1,0,6,0,0,1,0,0,0,0,0,1,0,1,0,1,53,501,11,116,0
1,0,22,2,6,0,0,0,1,0,1.575,0,0,0,0,0,1,0,0,0,0,0,0,1,0,1,0,1,0,1,53,501,11,117,0
0,0,26,0,6,0,0,0,1,0,1.525,0,1,0,0,0,6,0,0,0,0,1,0,0,0,1,0,1,0,0,53,501,11,118,0
1,4,24,2,6,0,0,0,0,0,1.55,0,0,0,0,1,4,0,0,1,0,0,0,0,0,1,0,1,0,0,44,501,11,12,0
1,2,25,2,6,0,0,1,0,0,1.575,0,0,0,0,0,4,0,0,0,0,1,0,0,0,1,0,1,0,0,44,501,11,13,0
1,0,34,2,6,0,0,0,1,0,1.55,0,0,0,1,0,1,0,0,0,0,0,0,1,0,1,0,1,0,1,44,501,11,14,0
1,0,34,2,6,0,0,0,1,0,1.6,0,0,0,1,0,5,0,0,1,0,1,0,0,0,1,0,1,0,1,47,501,12,10,0
1,0,23,2,6,0,0,0,1,0,1.525,0,0,0,0,0,5,0,0,1,0,0,0,0,0,1,0,1,0,0,47,501,12,11,0
1,0,22,0,6,0,0,0,1,0,1.65,0,1,0,0,0,4,0,0,1,0,0,0,0,0,1,0,1,0,0,47,501,12,12,0
1,0,27,2,6,0,0,0,1,0,1.55,0,0,0,1,0,4,0,0,0,0,1,0,0,0,1,6.094067,0,0,1,47,501,12,13,0
1,2,31,2,6,0,0,1,0,0,1.525,0,0,0,1,0,4,0,0,0,1,0,0,0,0,1,6.093101,0,0,0,47,501,12,14,0
1,0,28,4,6,0,0,0,1,0,1.525,0,0,0,0,0,4,0,0,1,0,0,0,0,0,1,0,1,0,1,47,501,12,15,0
1,0,25,2,6,0,0,0,1,0,1.575,0,0,0,0,0,5,0,0,1,0,0,0,0,0,1,0,1,0,0,47,501,12,16,0
1,0,22,2,6,0,0,0,1,0,1.5875,0,0,0,1,0,4,0,0,0,1,0,0,0,0,1,0,1,0,1,47,501,12,17,0
0,0,26,2,6,0,0,0,1,0,1.5,0,0,0,1,0,5,0,0,1,0,0,0,0,0,1,0,1,0,1,47,501,12,18,0
0,0,34,2,6,0,0,0,1,0,1.575,0,0,0,1,0,4,0,0,0,0,1,0,0,0,1,0,1,0,0,47,501,12,19,0
1,2,29,0,6,0,0,1,0,0,1.5,0,1,0,0,1,5,0,0,1,0,0,0,0,0,1,5.50987,0,0,0,47,501,12,20,0
0,0,24,2,6,0,1,0,1,0,1.6,0,0,0,0,0,4,0,0,1,0,0,0,0,0,1,0,1,0,1,47,501,12,21,0
0,0,26,3,6,0,1,0,1,0,1.5,0,0,0,0,0,5,0,0,1,0,0,0,0,0,1,0,1,0,0,47,501,12,22,0
0,0,26,3,6,0,1,0,1,0,1.55,0,0,0,0,0,5,0,0,1,0,0,0,0,0,1,0,1,0,1,47,501,12,23,0
1,0,26,4,6,0,0,0,1,0,1.525,0,0,0,0,0,5,0,0,1,0,0,0,0,0,1,0,1,0,0,47,501,12,24,0
1,0,24,3,6,0,0,0,1,0,1.55,0,0,0,0,0,4,0,0,1,0,0,0,0,0,1,0,1,0,0,47,501,12,25,0
1,0,26,4,6,0,0,0,1,0,1.55,0,0,0,0,0,5,0,0,1,0,0,0,0,0,1,0,1,0,0,47,501,12,26,0
1,0,25,2,6,0,0,0,1,0,1.525,0,0,0,0,0,5,0,0,1,0,0,0,0,0,1,0,1,0,0,47,501,12,27,0
1,0,28,2,6,0,0,0,1,0,1.55,0,0,0,0,0,2,0,0,0,0,0,0,1,0,1,0,1,0,1,47,501,12,28,0
1,0,23,2,6,0,0,0,1,0,1.525,0,0,0,0,0,4,0,0,1,0,0,0,0,0,1,0,1,0,1,47,501,12,29,0
1,0,24,3,6,0,0,0,1,0,1.525,0,0,0,0,0,5,0,0,1,0,0,0,0,0,1,0,1,0,1,47,501,12,30,0
1,0,22,2,6,0,0,0,1,0,1.55,0,0,0,1,0,5,0,0,1,0,0,0,0,0,1,0,1,0,0,47,501,12,31,0
1,0,37,4,6,0,0,0,1,0,1.55,0,0,0,0,0,4,0,0,0,0,1,0,0,9.546813,0,5.049275,0,0,0,47,501,12,32,0
1,0,26,0,6,0,0,0,1,0,1.5,0,1,0,0,1,4,0,0,1,0,0,0,0,0,1,0,1,0,0,47,501,12,33,0
1,0,29,3,6,0,0,0,1,0,1.55,0,0,0,0,1,4,0,0,0,0,1,0,0,0,1,0,1,0,0,47,610,10,72,1
0,0,35,3,6,0,1,0,1,0,1.5,0,0,0,0,0,1,0,0,0,0,0,0,1,0,1,0,1,0,1,48,610,11,65,0
1,0,28,2,6,0,0,0,1,0,1.55,0,0,0,1,0,5,0,0,0,0,1,0,0,0,1,0,1,0,1,48,610,11,66,0
0,2,34,3,6,0,1,1,0,0,1.55,0,0,0,0,1,0,0,1,0,0,0,0,1,0,1,5.50987,0,0,1,48,610,11,67,0
1,0,23,2,6,0,0,0,1,0,1.625,0,0,0,1,0,5,0,0,1,0,0,0,0,0,1,0,1,0,0,53,610,11,69,0
0,0,21,2,6,0,1,0,1,0,1.6,0,0,0,1,0,4,0,0,1,0,0,0,0,0,1,0,1,1,0,53,610,11,70,0
0,5,25,4,6,0,1,0,0,0,1.6,0,0,0,0,0,6,0,0,0,0,1,0,0,0,1,0,1,0,1,53,610,11,71,0
1,0,22,1,6,0,0,0,1,0,1.55,0,0,0,0,1,4,0,0,1,0,0,0,0,0,1,0,1,0,1,55,610,11,72,0
1,0,25,2,6,0,0,0,1,0,1.55,0,0,0,1,0,1,0,0,0,0,0,0,1,0,1,0,1,0,0,55,610,11,73,0
1,0,24,2,6,0,0,0,1,0,1.625,0,0,0,0,1,5,0,0,0,1,1,0,0,0,1,0,1,0,0,47,610,12,15,0
0,4,27,2,6,0,1,0,0,0,1.5,0,0,0,0,0,5,0,0,1,0,0,0,0,0,1,0,1,0,1,47,610,12,16,0
0,0,22,2,6,0,1,0,1,0,1.5,0,0,0,0,0,5,0,0,1,0,0,0,0,0,1,0,1,0,0,47,610,12,17,0
1,0,22,2,6,0,0,0,1,0,1.575,0,0,0,0,0,4,0,0,1,0,0,0,0,0,1,0,1,0,0,47,610,12,18,0
0,0,31,0,6,0,1,0,1,0,1.6125,0,1,0,1,0,5,0,0,1,0,1,0,0,0,1,5.50987,0,0,0,47,610,12,19,0
0,0,27,2,6,0,0,0,1,0,1.55,0,0,0,0,0,5,0,0,0,0,1,0,0,0,1,5.825603,0,0,1,47,610,12,20,0
1,0,31,4,6,0,0,0,1,0,0,1,0,0,0,0,4,0,0,1,1,0,0,0,0,1,0,1,0,1,47,610,12,21,0
1,0,26,2,6,0,0,0,1,0,0,1,0,0,0,0,4,0,0,1,0,0,0,0,0,1,0,1,0,1,47,610,12,22,0
1,0,28,2,6,0,0,0,1,0,1.5,0,0,0,0,0,1,0,0,0,0,0,0,1,0,1,0,1,0,0,47,610,12,23,0
1,0,25,2,6,0,0,0,1,0,1.65,0,0,0,1,0,4,0,0,0,1,0,0,0,0,1,4.159452,0,0,1,47,610,12,24,0
1,0,28,2,6,0,0,0,1,0,1.65,0,0,1,0,0,4,0,0,1,0,0,0,0,0,1,0,1,0,1,47,610,12,25,0
0,4,25,2,6,0,1,0,0,0,1.5,0,0,0,1,0,0,0,1,0,0,0,0,1,0,1,0,1,0,1,47,610,12,26,0
1,0,28,0,6,0,0,0,1,0,1.55,0,1,0,0,1,4,0,0,1,0,0,0,0,0,1,0,1,0,0,47,610,12,27,0
1,0,28,2,6,0,0,0,1,0,1.525,0,0,0,0,0,5,0,0,1,0,0,0,0,0,1,0,1,0,0,47,610,12,28,0
0,0,32,0,6,0,1,0,1,0,1.525,0,1,0,0,0,5,0,0,1,0,0,0,0,0,1,5.50987,0,0,0,47,610,12,29,0
1,0,22,2,6,0,0,0,1,0,1.575,0,0,0,0,1,4,0,0,1,0,1,0,0,0,1,0,1,1,0,47,610,12,30,0
1,0,23,4,6,0,0,0,1,0,1.5,0,0,0,0,0,5,0,0,1,0,0,0,0,0,1,0,1,0,1,47,610,12,31,0
1,0,25,2,6,0,0,0,1,0,1.525,0,0,0,0,0,5,0,0,1,0,1,0,0,0,1,0,1,0,0,47,610,12,32,0
1,0,25,3,6,0,0,0,1,0,1.55,0,0,0,0,1,1,0,0,0,0,0,0,1,0,1,0,1,0,0,47,610,12,33,0
1,0,25,3,6,0,0,0,1,0,1.575,0,0,0,0,0,5,0,0,1,0,0,0,0,0,1,0,1,0,0,47,610,12,34,0
0,0,26,3,6,0,1,0,1,0,1.425,0,0,0,0,1,5,0,0,1,0,0,0,0,0,1,0,1,0,0,47,610,12,35,0
1,0,25,2,6,0,0,0,1,0,1.575,0,0,0,0,1,1,0,0,0,0,0,0,1,0,1,0,1,0,0,47,610,12,36,0
0,0,25,2,6,0,1,0,1,0,1.55,0,0,0,0,0,5,0,0,1,0,0,0,0,0,1,0,1,0,0,47,610,12,37,0
0,0,22,1,6,0,1,0,1,0,1.575,0,0,0,1,0,5,0,0,0,0,1,0,0,0,1,0,1,0,0,47,610,12,38,0
1,0,27,1,6,0,0,0,1,0,1.575,0,0,0,1,0,2,0,0,0,0,0,0,1,0,1,5.049275,0,0,1,47,610,12,39,0
1,0,28,0,6,0,0,0,1,0,1.55,0,1,1,0,0,4,0,0,1,0,0,0,0,0,1,0,1,0,0,44,610,14,41,0
1,0,30,2,6,0,0,0,1,0,1.5,0,0,0,0,0,4,0,0,1,0,0,0,0,0,1,0,1,0,1,44,610,14,42,0
1,0,22,2,6,0,0,0,1,0,1.55,0,0,0,1,0,1,0,0,0,0,0,0,1,0,1,0,1,0,0,44,610,14,43,0
1,0,26,0,6,0,0,0,1,0,1.525,0,1,0,0,1,4,0,0,1,0,0,0,0,0,1,5.049275,0,0,0,44,610,14,44,0
0,0,28,2,6,0,1,0,1,0,1.525,0,0,0,0,0,4,0,0,0,0,1,0,0,0,1,0,1,0,1,44,610,14,45,0
1,0,26,1,6,0,0,0,1,0,1.6,0,0,0,0,0,4,0,0,1,0,0,0,0,0,1,0,1,0,0,44,610,14,46,0
1,0,35,0,6,0,0,0,1,0,1.525,0,1,0,0,1,5,0,0,1,0,0,0,0,0,1,5.50987,0,0,1,44,610,14,47,0
0,4,24,5,6,0,0,0,0,0,1.55,0,0,0,0,0,5,0,0,1,0,0,0,0,0,1,0,1,0,1,44,610,14,48,0
1,0,24,2,6,0,0,0,1,0,1.55,0,0,0,0,0,3,0,0,0,0,1,0,0,0,1,0,1,0,1,44,610,14,49,0
1,0,30,2,6,0,0,0,1,0,1.575,0,0,0,1,0,5,0,0,0,0,1,0,0,0,1,0,1,0,0,44,610,14,50,0
1,0,28,2,6,0,0,0,1,0,1.575,0,0,0,0,0,4,0,0,1,0,0,0,0,0,1,5.049275,0,0,0,44,610,14,51,0
0,0,25,0,6,0,1,0,1,0,1.525,0,1,0,0,0,5,0,0,1,0,0,0,0,0,1,0,1,0,0,44,610,14,52,0
0,0,22,2,6,0,0,0,1,0,1.575,0,0,0,1,0,4,0,0,0,0,1,0,0,0,1,0,1,0,1,44,610,14,53,0
1,0,26,2,6,0,0,0,1,0,1.55,0,0,0,1,0,5,0,0,1,0,0,0,0,0,1,0,1,0,0,44,610,14,54,0
1,0,24,2,6,0,0,0,1,0,1.55,0,0,0,1,0,4,0,0,1,0,1,0,0,0,1,0,1,0,1,44,610,14,55,0
1,0,32,1,6,0,0,0,1,0,1.575,0,0,0,1,0,5,0,0,0,0,1,0,0,0,1,5.825603,0,0,1,44,610,14,56,0
1,0,28,3,6,0,0,0,1,0,1.525,0,0,0,0,1,4,0,0,0,0,0,0,1,0,1,0,1,0,0,44,610,14,57,0
0,0,32,2,6,0,1,0,1,0,1.5,0,0,0,0,0,5,0,0,1,0,1,0,0,0,1,0,1,0,0,44,610,14,58,0
0,0,22,2,6,0,1,0,1,0,1.525,0,0,0,0,1,5,0,0,1,0,0,0,0,0,1,0,1,0,0,44,610,14,59,0
1,0,24,0,6,0,0,0,1,0,1.55,0,1,0,0,0,4,0,0,1,0,0,0,0,0,1,0,1,0,1,44,610,14,60,0
0,0,26,2,6,0,1,0,1,0,1.625,0,0,0,0,1,5,0,0,1,0,1,0,0,0,1,0,1,0,0,44,610,14,61,0
0,0,25,4,6,0,1,0,1,0,1.5,0,0,0,0,1,5,0,0,1,0,0,0,0,0,1,0,1,0,1,44,610,14,62,0
1,0,24,0,6,0,0,0,1,0,1.55,0,1,0,0,0,4,0,0,1,0,0,0,0,0,1,0,1,0,1,44,610,14,63,0
0,0,28,2,6,0,1,0,1,0,1.55,0,0,0,0,0,0,0,1,0,0,0,0,1,9.615806,0,6.093101,0,0,1,44,610,14,64,0
0,0,27,2,6,0,1,0,1,0,1.5875,0,0,0,1,0,5,0,0,0,0,1,0,0,0,1,0,1,0,1,44,812,10,24,0
1,2,22,0,6,0,0,1,0,0,1.6,0,1,0,1,0,0,0,1,0,0,0,1,0,0,1,0,1,0,1,44,812,10,25,0
0,0,22,2,6,0,0,0,1,0,1.575,0,0,0,1,0,4,0,0,0,0,1,0,0,0,1,0,1,0,1,44,812,10,26,0
0,2,30,0,6,0,1,1,0,0,1.575,0,1,0,1,0,2,0,0,0,0,0,0,1,0,1,0,1,0,0,44,812,10,27,0
1,0,30,0,6,0,0,0,1,0,1.55,0,1,0,0,1,6,0,0,0,0,1,0,0,0,1,6.094067,0,0,1,44,812,10,28,0
1,0,29,2,6,0,0,0,1,0,1.5,0,0,0,0,1,4,0,0,0,0,1,0,0,0,1,0,1,0,0,76,812,10,29,0
0,0,23,0,6,0,1,0,1,0,1.55,0,1,0,0,1,5,0,0,1,0,0,0,0,0,1,0,1,0,1,44,812,10,30,0
1,0,26,2,6,0,0,0,1,0,1.625,0,0,1,0,0,4,0,0,1,0,0,0,0,0,1,0,1,1,0,44,812,10,31,0
1,0,25,2,6,0,0,0,1,0,1.55,0,0,0,1,0,4,0,0,1,0,0,0,0,0,1,0,1,0,0,44,812,10,32,0
0,0,21,4,6,0,0,0,1,0,1.55,0,0,0,0,1,4,0,0,1,0,0,0,0,0,1,0,1,0,0,44,812,10,33,0
1,0,34,2,6,0,0,0,1,0,1.575,0,0,0,1,0,4,0,0,1,0,0,0,0,0,1,0,1,0,1,44,812,10,34,0
1,0,26,2,6,0,0,0,1,0,1.525,0,0,0,1,0,6,0,0,0,1,1,0,0,0,1,0,1,0,0,44,812,10,35,0
0,0,32,2,6,0,1,0,1,0,1.65,0,0,0,0,1,4,0,0,1,0,0,0,0,0,1,5.825603,0,0,1,44,812,10,36,0
1,0,26,2,6,0,0,0,1,0,1.575,0,0,0,1,0,5,0,0,0,0,1,0,0,0,1,5.50987,0,0,0,44,812,10,37,0
0,0,26,2,6,0,0,0,1,0,1.55,0,0,0,1,0,4,0,0,1,0,0,0,0,0,1,0,1,0,1,44,812,10,38,0
0,0,27,2,6,0,0,0,1,0,1.55,0,0,0,0,1,4,0,0,1,0,0,0,0,0,1,0,1,0,1,44,812,10,39,0
1,0,30,2,6,0,0,0,1,0,1.55,0,0,0,1,0,5,0,0,1,0,0,0,0,0,1,0,1,0,1,44,812,10,40,0
1,0,32,2,6,0,0,0,1,0,1.5,0,0,0,1,0,6,0,0,0,0,0,0,1,0,1,5.50987,0,0,0,44,812,10,41,0
0,0,23,2,6,0,1,0,1,0,1.5,0,0,0,1,0,4,0,0,0,1,0,0,0,0,1,0,1,0,1,44,812,10,42,0
1,0,30,0,6,0,0,0,1,0,1.55,0,1,0,1,0,4,0,0,1,0,0,0,0,0,1,0,1,0,0,44,812,10,43,0
1,0,27,2,6,0,0,0,1,0,1.525,0,0,0,0,0,4,0,0,0,1,0,0,0,0,1,6.093101,0,0,1,47,812,12,24,0
1,0,31,2,6,0,0,0,1,0,1.55,0,0,0,1,0,4,0,0,0,0,0,0,1,0,1,0,1,0,0,47,812,12,25,0
1,0,23,2,6,0,0,0,1,0,1.5625,0,0,0,0,0,5,0,0,0,0,1,0,0,0,1,0,1,0,1,47,812,12,26,0
1,0,25,4,6,0,0,0,1,0,1.5625,0,0,0,0,0,4,0,0,1,0,0,0,0,0,1,5.50987,0,0,1,47,812,12,27,0
1,0,28,2,6,0,0,0,1,0,1.55,0,0,0,1,0,4,0,0,1,0,1,0,0,0,1,0,1,0,1,47,812,12,28,0
0,0,28,2,6,0,1,0,1,0,1.55,0,0,0,0,0,4,0,0,0,0,1,0,0,0,1,0,1,0,1,47,812,12,29,0
0,0,28,4,6,0,0,0,1,0,1.55,0,0,0,0,0,4,0,0,1,0,0,0,0,0,1,0,1,0,1,47,812,12,30,0
1,0,23,2,6,0,0,0,1,0,1.45,0,0,0,0,1,4,0,0,0,0,0,0,1,0,1,0,1,0,0,47,812,12,31,0
1,4,29,2,6,0,0,0,0,0,1.55,0,0,0,1,0,4,0,0,1,0,0,0,0,0,1,0,1,0,0,47,812,12,32,0
1,0,24,2,6,0,0,0,1,0,1.475,0,0,0,0,0,4,0,0,0,0,1,0,0,0,1,0,1,0,0,47,812,12,33,0
1,0,24,4,6,0,0,0,1,0,1.6,0,0,0,0,0,5,0,0,1,0,0,0,0,0,1,5.50987,0,0,0,47,812,12,34,0
0,0,27,3,6,0,1,0,1,0,1.525,0,0,0,1,0,5,0,0,1,0,0,0,0,0,1,0,1,0,0,47,812,12,35,0
1,0,22,2,6,0,0,0,1,0,1.55,0,0,0,1,0,4,0,0,0,1,0,0,0,0,1,0,1,0,0,47,812,12,36,0
0,4,24,2,6,0,0,0,0,0,1.5,0,0,0,1,0,4,0,0,1,0,0,0,0,0,1,0,1,0,0,47,812,12,37,0
0,0,25,2,6,0,1,0,1,0,1.55,0,0,0,1,0,5,0,0,1,0,0,0,0,0,1,5.50987,0,0,0,47,812,12,38,0
1,0,31,0,6,0,0,0,1,0,1.525,0,1,0,0,0,4,0,0,0,1,0,0,0,0,1,0,1,0,1,47,812,12,39,0
1,0,34,2,6,0,0,0,1,0,1.55,0,0,0,0,0,4,0,0,0,0,1,0,0,0,1,0,1,0,0,47,812,12,40,0
1,0,26,5,6,0,0,0,1,0,1.55,0,0,0,0,1,5,0,0,0,0,1,0,0,0,1,5.50987,0,0,1,47,812,12,41,0
0,0,25,4,6,0,0,0,1,0,1.575,0,0,0,1,0,1,0,0,0,0,0,0,1,0,1,0,1,0,1,47,812,12,42,0
1,0,30,0,6,0,0,0,1,0,1.575,0,1,0,0,0,6,0,0,0,0,1,0,0,0,1,6.093101,0,0,0,47,812,12,43,0
0,2,30,2,6,0,1,1,0,0,1.525,0,0,0,0,1,6,0,0,0,1,1,0,0,0,1,0,1,0,1,47,812,12,44,0
1,2,25,0,6,0,0,1,0,0,1.625,0,1,0,0,1,6,0,0,0,0,1,0,0,0,1,0,1,0,0,47,812,12,45,0
1,0,26,4,6,0,0,0,1,0,1.525,0,0,0,0,1,4,0,0,1,0,0,0,0,0,1,0,1,0,0,47,812,12,46,0
0,0,23,0,6,0,1,0,1,0,1.525,0,1,0,0,1,4,0,0,0,0,1,0,0,0,1,0,1,0,1,47,812,12,47,0
1,0,0,5,6,0,0,0,1,1,0,1,0,0,0,0,4,0,0,1,0,1,0,0,0,1,0,1,0,0,47,812,12,48,0
1,4,26,2,6,0,0,0,0,0,1.525,0,0,0,1,0,4,0,0,1,0,0,0,0,0,1,0,1,0,0,47,812,12,49,0
0,0,30,0,6,0,1,0,1,0,1.625,0,1,0,0,0,4,0,0,0,0,0,0,1,0,1,0,1,0,1,47,812,12,50,0
1,0,32,4,6,0,0,0,1,0,1.55,0,0,0,0,1,4,0,0,0,0,1,0,0,0,1,6.094067,0,0,0,47,812,12,51,0
1,4,24,2,6,0,0,0,0,0,1.575,0,0,0,0,0,6,0,0,0,0,1,0,0,0,1,0,1,0,1,47,812,12,52,0
1,0,22,2,6,0,0,0,1,0,1.575,0,0,0,1,0,4,0,0,1,0,0,0,0,0,1,0,1,0,0,47,812,12,53,0
0,4,28,0,6,0,1,0,0,0,1.55,0,1,0,0,0,4,0,0,0,0,0,0,1,9.21034,0,0,1,0,0,47,812,12,54,0
1,0,30,3,6,0,0,0,1,0,0,1,0,0,0,0,3,0,0,0,0,1,0,0,0,1,6.094067,0,0,1,47,812,12,55,0
0,0,24,2,6,0,1,0,1,0,1.6,0,0,0,1,0,4,0,0,0,0,0,0,1,0,1,0,1,0,0,47,812,12,56,0
1,0,26,0,6,0,0,0,1,0,0,1,1,0,0,0,6,0,0,0,0,1,0,0,0,1,0,1,0,0,47,812,12,57,0
1,0,25,2,6,0,0,0,1,0,1.5,0,0,0,0,0,5,0,0,1,0,0,0,0,0,1,0,1,0,0,47,812,12,58,0
0,0,35,2,6,0,0,0,1,0,1.575,0,0,0,1,0,2,0,0,0,0,0,0,1,0,1,0,1,0,0,47,812,12,59,0
0,0,28,2,6,0,1,0,1,0,1.525,0,0,0,1,0,2,0,0,0,0,0,0,1,0,1,0,1,0,1,47,812,12,60,0
1,0,25,2,6,0,0,0,1,0,1.55,0,0,0,1,0,4,0,0,0,0,0,0,1,0,1,0,1,0,1,47,812,12,61,0
0,0,25,0,6,0,1,0,1,0,1.575,0,1,0,0,0,6,0,0,1,0,0,0,0,0,1,0,1,0,1,47,812,12,62,0
1,0,25,4,6,0,0,0,1,0,1.575,0,0,0,0,0,4,0,0,0,1,0,0,0,0,1,0,1,0,1,47,812,12,63,0
1,0,24,2,6,0,0,0,1,0,1.6,0,0,0,0,0,4,0,0,1,0,1,0,0,0,1,0,1,0,0,47,812,12,64,0
1,5,22,2,6,0,0,0,0,0,1.55,0,0,0,1,0,4,0,0,0,0,1,0,0,0,1,0,1,0,0,47,812,12,65,0
1,0,19,2,6,0,0,0,1,0,1.65,0,0,0,0,0,2,0,0,0,0,0,0,1,0,1,0,1,0,1,47,812,12,66,0
1,0,22,2,6,0,0,0,1,0,1.675,0,0,0,1,0,5,0,0,1,0,0,0,0,0,1,0,1,0,0,47,812,12,67,0
1,0,30,3,6,0,0,0,1,0,1.525,0,0,0,1,0,4,0,0,1,0,0,0,0,0,1,0,1,0,1,47,812,12,68,0
1,4,24,2,6,0,0,0,0,0,1.525,0,0,0,1,0,5,0,0,1,0,0,0,0,0,1,0,1,0,1,47,812,12,69,0
1,2,24,2,6,0,0,1,0,0,1.55,0,0,0,0,0,4,0,0,0,1,0,0,0,0,1,0,1,0,0,47,812,12,70,0
1,2,22,2,6,0,0,1,0,0,1.575,0,0,0,1,0,4,0,0,1,0,0,0,0,0,1,0,1,0,1,47,812,12,71,0
0,4,23,2,6,0,1,0,0,0,1.55,0,0,0,1,0,5,0,0,1,0,0,0,0,0,1,0,1,1,0,47,812,12,72,0
0,0,23,0,6,0,1,0,1,0,1.5,0,1,0,0,0,5,0,0,1,0,0,0,0,0,1,0,1,0,0,47,812,12,73,0
0,0,31,2,6,0,1,0,1,0,1.5,0,0,0,1,0,5,0,0,1,0,0,0,0,0,1,0,1,0,1,47,812,12,74,0
0,4,27,4,6,0,1,0,0,0,1.5,0,0,0,0,0,5,0,0,1,0,0,0,0,0,1,5.50987,0,1,0,47,812,12,75,0
0,0,22,2,6,0,1,0,1,0,1.55,0,0,0,1,0,5,0,0,1,0,0,0,0,0,1,0,1,0,1,48,812,13,202,0
0,0,26,2,6,0,0,0,1,0,1.5,0,0,0,1,0,2,0,0,0,0,0,0,1,0,1,0,1,0,1,48,812,13,203,0
0,0,24,2,6,0,0,0,1,0,1.575,0,0,0,1,0,4,0,0,1,0,0,0,0,0,1,0,1,0,1,48,812,13,204,0
1,0,26,5,6,0,0,0,1,0,1.55,0,0,0,0,0,6,0,0,1,0,0,0,0,0,1,0,1,0,1,48,812,13,205,0
0,0,25,2,6,0,0,0,1,0,1.5875,0,0,0,1,0,4,0,0,0,0,1,0,0,0,1,0,1,0,1,48,812,13,206,0
0,4,25,4,6,0,1,0,0,0,1.625,0,0,0,0,1,4,0,0,1,0,0,0,0,0,1,0,1,0,1,48,812,13,207,0
0,0,28,0,6,0,1,0,1,0,1.525,0,1,0,1,0,4,0,0,0,0,1,0,0,0,1,0,1,0,0,48,812,13,208,0
1,0,19,0,6,0,0,0,1,0,1.575,0,1,0,0,0,4,0,0,1,0,0,0,0,0,1,0,1,0,1,48,812,13,209,0
0,0,21,2,6,0,1,0,1,0,1.6,0,0,0,0,0,4,0,0,1,0,0,0,0,0,1,0,1,0,0,53,812,13,213,0
0,0,24,0,6,0,0,0,1,0,1.5,0,1,0,0,1,5,0,0,1,0,0,0,0,0,1,0,1,0,0,53,812,13,214,0
0,2,27,2,6,0,1,1,0,0,1.525,0,0,0,1,0,4,0,0,0,0,1,0,0,0,1,0,1,0,0,53,812,13,215,0
1,4,29,0,6,0,0,0,0,0,1.55,0,1,0,1,0,0,0,1,0,0,0,0,1,0,1,0,1,0,1,53,812,13,216,0
1,0,25,3,6,0,0,0,1,0,1.55,0,0,0,0,0,4,0,0,1,0,0,0,0,0,1,0,1,0,0,53,812,13,217,0
0,0,27,2,6,0,1,0,1,0,1.525,0,0,0,1,0,5,0,0,1,0,0,0,0,0,1,0,1,0,1,53,812,13,218,0
0,0,26,3,6,0,0,0,1,0,1.675,0,0,0,0,1,5,0,0,1,0,0,0,0,0,1,0,1,0,1,53,812,13,219,0
0,0,23,2,6,0,0,0,1,0,1.55,0,0,0,0,0,4,0,0,1,0,0,0,0,0,1,0,1,0,0,53,812,13,220,0
1,0,22,2,6,0,0,0,1,0,1.55,0,0,0,0,0,4,0,0,0,0,1,0,0,0,1,0,1,0,0,53,812,13,221,0
0,0,22,2,6,0,0,0,1,0,1.525,0,0,0,1,0,4,0,0,1,0,0,0,0,0,1,0,1,0,1,53,812,13,222,0
1,0,27,2,6,0,0,0,1,0,1.575,0,0,0,1,0,4,0,0,1,0,0,0,0,0,1,5.50987,0,0,1,53,812,13,223,0
1,0,23,2,6,0,0,0,1,0,1.55,0,0,0,0,1,5,0,0,1,0,0,0,0,0,1,0,1,0,0,53,812,13,224,0
1,0,24,0,6,0,0,0,1,0,1.55,0,1,0,1,0,6,0,0,0,1,0,0,0,0,1,0,1,0,0,53,812,13,225,0
1,0,32,3,6,0,0,0,1,0,1.55,0,0,0,0,0,5,0,0,0,1,0,0,0,0,1,0,1,0,1,76,812,13,231,0
0,0,36,4,6,0,1,0,1,0,1.575,0,0,0,1,0,2,0,0,0,0,0,0,1,0,1,0,1,0,1,47,812,13,232,0
1,0,26,2,6,0,0,0,1,0,1.6,0,0,0,1,0,4,0,0,1,0,0,0,0,0,1,0,1,0,0,48,902,10,36,0
0,0,27,2,6,0,1,0,1,0,0,1,0,0,1,0,5,0,0,1,0,0,0,0,0,1,0,1,1,0,48,902,10,37,0
1,0,25,2,6,0,0,0,1,0,1.575,0,0,0,1,0,4,0,0,1,0,0,0,0,0,1,0,1,0,0,48,902,10,38,0
1,0,21,0,6,0,0,0,1,0,1.575,0,1,1,0,0,2,0,0,1,0,0,0,0,0,1,0,1,0,1,48,902,10,39,0
1,0,23,2,6,0,0,0,1,0,1.5,0,0,1,0,0,5,0,0,0,0,1,0,0,0,1,0,1,0,1,48,902,10,40,0
0,0,26,2,6,0,0,0,1,0,1.525,0,0,0,1,0,2,0,0,0,0,0,0,1,0,1,0,1,0,0,48,902,10,41,0
1,0,27,2,6,0,0,0,1,0,1.55,0,0,0,1,0,4,0,0,0,0,1,0,0,0,1,5.50987,0,0,1,48,902,10,42,0
1,0,23,2,6,0,0,0,1,0,1.5875,0,0,0,0,0,4,0,0,0,0,1,0,0,0,1,0,1,0,0,48,902,10,43,0
1,2,24,2,6,0,0,1,0,0,1.5,0,0,0,1,0,4,0,0,0,0,1,0,0,0,1,0,1,0,0,48,902,10,44,0
1,0,27,2,6,0,0,0,1,0,1.625,0,0,0,1,0,4,0,0,0,0,1,0,0,9.552748,0,4.91469,0,0,1,48,902,10,46,0
0,0,21,2,6,0,0,0,1,0,1.575,0,0,0,1,0,2,0,0,1,0,0,0,0,0,1,0,1,1,0,53,902,10,50,0
1,0,31,4,6,0,0,0,1,0,1.575,0,0,0,0,0,4,0,0,1,0,0,0,0,0,1,0,1,0,1,53,902,10,51,0
1,0,22,4,6,0,0,0,1,0,1.55,0,0,0,1,0,4,0,0,1,0,0,0,0,0,1,0,1,0,0,53,902,10,52,0
1,0,24,2,6,0,0,0,1,0,1.5,0,0,0,1,0,5,0,0,1,0,0,0,0,0,1,0,1,0,0,53,902,10,53,1
0,0,22,2,6,0,0,0,1,0,1.55,0,0,0,1,0,4,0,0,1,0,0,0,0,0,1,0,1,0,0,53,902,10,53,1
1,0,23,2,6,0,0,0,1,0,1.525,0,0,0,1,0,4,0,0,1,0,0,0,0,0,1,0,1,0,1,53,902,10,54,0
1,0,33,2,6,0,0,0,1,0,1.55,0,0,0,1,0,6,0,0,1,1,0,0,0,0,1,5.50987,0,0,1,47,902,10,71,0
1,0,40,2,6,0,0,0,1,0,1.55,0,0,0,1,0,4,0,0,1,0,0,0,0,0,1,0,1,0,1,76,902,11,9,0
0,0,26,2,6,0,1,0,1,0,1.55,0,0,0,1,0,0,0,1,0,0,0,0,1,0,1,0,1,0,0,44,902,11,111,1
1,0,34,2,6,0,0,0,1,0,1.6,0,0,0,0,1,5,0,0,0,0,0,0,1,0,1,5.50987,0,0,0,47,902,12,32,0
1,0,25,2,6,0,0,0,1,0,1.5,0,0,0,0,1,4,0,0,0,0,0,0,1,0,1,0,1,0,0,47,902,12,33,0
1,0,21,2,6,0,0,0,1,0,1.625,0,0,0,1,0,2,0,0,0,0,0,0,1,0,1,0,1,0,0,47,902,12,34,0
1,0,31,2,6,0,0,0,1,0,1.575,0,0,0,1,0,4,0,0,0,0,0,0,1,0,1,0,1,0,1,47,902,12,35,0
1,0,26,0,6,0,0,0,1,0,1.525,0,1,0,0,1,4,0,0,0,0,0,0,1,0,1,0,1,0,0,47,902,12,36,0
1,0,26,0,6,0,0,0,1,0,1.525,0,1,0,0,1,4,0,0,0,0,0,0,1,0,1,0,1,0,0,47,902,12,37,0
1,0,23,2,6,0,0,0,1,0,1.575,0,0,0,0,1,4,0,0,0,0,0,0,1,0,1,0,1,0,1,47,902,12,38,0
1,0,28,2,6,0,0,0,1,0,1.5,0,0,0,1,0,5,0,0,0,0,0,0,1,0,1,0,1,0,0,47,902,12,39,0
1,0,22,2,6,0,0,0,1,0,1.575,0,0,0,0,1,4,0,0,0,0,0,0,1,0,1,0,1,0,1,47,902,12,40,0
1,0,28,3,6,0,0,0,1,0,1.5,0,0,0,1,0,5,0,0,0,0,1,0,0,0,1,5.50987,0,0,0,47,902,12,41,0
1,0,29,0,6,0,0,0,1,0,1.575,0,1,0,1,0,5,0,0,1,0,0,0,0,0,1,0,1,0,1,47,902,12,42,0
1,0,25,2,6,0,0,0,1,0,1.575,0,0,0,1,0,5,0,0,0,0,0,0,1,0,1,0,1,0,0,47,902,12,43,0
0,2,26,2,6,0,1,1,0,0,1.65,0,0,0,0,0,6,0,0,1,0,0,0,0,0,1,6.093101,0,0,1,47,902,12,44,0
1,0,25,2,6,0,0,0,1,0,1.5,0,0,0,1,0,5,0,0,0,0,0,0,1,0,1,0,1,0,0,47,902,12,45,0
1,0,34,2,6,0,0,0,1,0,1.55,0,0,0,0,1,4,0,0,0,0,0,0,1,0,1,0,1,0,1,47,902,12,46,0
1,0,29,0,6,0,0,0,1,0,1.525,0,1,0,1,0,5,0,0,1,0,0,0,0,0,1,0,1,0,1,47,902,12,47,0
0,0,27,0,6,0,1,0,1,0,1.5,0,1,0,0,1,6,0,0,0,0,0,0,1,0,1,0,1,0,0,47,902,12,48,0
0,0,27,2,6,0,1,0,1,0,1.5,0,0,0,1,0,4,0,0,0,0,0,0,1,0,1,0,1,0,1,47,902,12,49,0
1,0,26,0,6,0,0,0,1,0,1.575,0,1,0,0,1,0,0,1,0,0,0,0,1,0,1,5.50987,0,0,0,47,902,12,50,0
1,0,33,2,6,0,0,0,1,0,1.45,0,0,0,1,0,4,0,0,0,0,0,0,1,0,1,0,1,0,0,47,902,12,51,0
0,0,35,2,6,0,1,0,1,0,1.55,0,0,0,0,1,2,0,0,0,0,0,0,1,0,1,0,1,0,0,47,902,12,52,0
0,0,22,2,6,0,0,0,1,0,1.525,0,0,0,1,0,4,0,0,0,0,1,0,0,0,1,0,1,0,1,47,902,12,53,0
0,0,24,2,6,0,0,0,1,0,1.5125,0,0,0,1,0,4,0,0,0,0,1,0,0,0,1,0,1,0,0,47,902,12,54,0
0,0,25,2,6,0,1,0,1,0,1.55,0,0,0,0,1,6,0,0,0,0,1,0,0,0,1,0,1,0,0,47,902,12,55,0
0,4,29,0,6,0,1,0,0,0,1.575,0,1,0,0,1,1,0,0,0,0,0,0,1,0,1,0,1,0,1,47,902,12,56,1
0,4,27,0,6,0,1,0,0,0,1.55,0,1,0,1,0,4,0,0,1,0,0,0,0,0,1,5.50987,0,0,1,47,902,12,56,1
1,0,27,0,6,0,0,0,1,0,1.675,0,1,0,1,0,6,0,0,0,1,0,0,0,0,1,0,1,0,1,47,902,12,57,0
1,0,29,2,6,0,0,0,1,0,1.6,0,0,0,1,0,5,0,0,1,0,0,0,0,0,1,0,1,0,1,47,902,12,58,0
1,0,22,4,6,0,0,0,1,0,1.55,0,0,0,1,0,5,0,0,1,0,0,0,0,0,1,0,1,0,1,47,902,12,59,0
0,0,28,0,6,0,1,0,1,0,1.55,0,1,0,0,1,5,0,0,1,0,1,0,0,0,1,5.50987,0,0,0,47,902,12,60,0
1,0,24,2,6,0,0,0,1,0,1.525,0,0,0,1,0,4,0,0,0,0,1,0,0,0,1,0,1,0,1,47,902,12,61,0
0,0,22,4,6,0,1,0,1,0,1.55,0,0,0,0,1,4,0,0,0,0,1,0,0,0,1,0,1,0,0,47,902,12,62,0
1,0,25,0,6,0,0,0,1,0,1.575,0,1,0,1,0,5,0,0,1,0,0,0,0,0,1,0,1,1,0,47,902,12,63,0
1,0,25,0,6,0,0,0,1,0,1.575,0,1,0,1,0,5,0,0,1,0,0,0,0,0,1,0,1,1,0,47,902,12,64,0
1,0,28,2,6,0,0,0,1,0,1.55,0,0,0,1,0,5,0,0,1,0,1,0,0,0,1,0,1,0,0,47,902,12,65,0
1,0,28,4,6,0,0,0,1,0,1.55,0,0,0,1,0,0,0,1,0,0,0,0,1,0,1,5.825603,0,0,1,47,902,12,66,0
0,0,31,0,6,0,1,0,1,0,1.6125,0,1,0,1,0,5,0,0,1,0,1,0,0,0,1,5.50987,0,0,0,47,902,12,67,0
0,0,29,2,6,0,0,0,1,0,1.6,0,0,0,0,1,0,0,1,0,0,0,0,1,0,1,0,1,0,0,44,902,13,141,0
0,0,19,2,6,0,1,0,1,0,1.55,0,0,0,1,0,4,0,0,1,0,0,0,0,0,1,0,1,0,0,44,902,13,142,0
0,0,26,2,6,0,1,0,1,0,1.575,0,0,0,0,0,0,0,1,0,0,0,0,1,0,1,0,1,0,0,44,902,13,143,0
0,0,25,2,6,0,1,0,1,0,1.625,0,0,0,0,1,5,0,0,1,0,0,0,0,0,1,0,1,0,1,44,902,13,144,0
1,4,25,2,6,0,0,0,0,0,1.525,0,0,0,0,1,5,0,0,1,0,0,0,0,0,1,0,1,0,1,44,902,13,145,0
0,0,23,0,6,0,1,0,1,0,1.575,0,1,0,1,0,0,0,1,0,0,0,0,1,0,1,0,1,0,1,44,902,13,146,0
1,0,23,2,6,0,0,0,1,0,1.5375,0,0,0,0,0,4,0,0,1,0,0,0,0,0,1,0,1,0,0,44,902,13,147,0
1,0,26,0,6,0,0,0,1,0,1.575,0,1,0,0,0,0,0,1,0,0,0,0,1,0,1,4.91469,0,1,0,44,902,13,148,0
1,0,27,2,6,0,0,0,1,0,1.575,0,0,0,0,0,5,0,0,1,0,0,0,0,0,1,0,1,1,0,44,902,13,149,0
0,0,26,2,6,0,1,0,1,0,1.575,0,0,0,0,0,4,0,0,0,1,0,0,0,0,1,0,1,0,1,44,902,13,151,0
1,0,24,0,6,0,0,0,1,0,1.575,0,1,0,1,0,4,0,0,0,0,0,0,1,0,1,0,1,0,1,44,902,13,152,0
0,0,26,2,6,0,0,0,1,0,1.55,0,0,0,0,0,4,0,0,1,0,0,0,0,0,1,0,1,0,1,44,902,13,153,0
1,0,26,2,6,0,0,0,1,0,1.575,0,0,0,1,0,5,0,0,1,0,0,0,0,0,1,5.50987,0,0,0,44,902,13,154,0
1,0,23,0,6,0,0,0,1,0,1.525,0,1,0,0,0,4,0,0,1,0,0,0,0,0,1,0,1,0,1,44,902,13,155,0
1,0,26,0,6,0,0,0,1,0,1.575,0,1,0,0,1,4,0,0,0,0,1,0,0,0,1,0,1,0,1,44,902,13,156,0
1,2,25,2,6,0,0,1,0,0,1.6,0,0,0,1,0,4,0,0,0,0,1,0,0,0,1,0,1,0,1,44,902,13,157,0
0,0,29,2,6,0,1,0,1,0,0,1,0,0,0,0,4,0,0,0,0,1,0,0,0,1,0,1,0,1,44,902,13,158,0
1,0,31,0,6,0,0,0,1,0,1.5,0,1,0,0,0,4,0,0,1,0,0,0,0,0,1,0,1,0,1,44,902,13,159,0
1,0,26,2,6,0,0,0,1,0,1.575,0,0,0,0,0,4,0,0,0,0,0,0,1,0,1,0,1,0,0,44,902,13,160,0
1,0,30,2,6,0,0,0,1,0,1.6,0,0,0,0,0,4,0,0,0,0,1,0,0,0,1,0,1,0,0,44,902,13,161,0
1,4,25,2,6,0,0,0,0,0,1.5,0,0,0,0,0,1,0,0,0,0,0,0,1,0,1,0,1,0,1,44,902,13,162,0
1,4,24,2,6,0,0,0,0,0,1.55,0,0,0,1,0,4,0,0,1,0,1,0,0,0,1,0,1,1,0,44,902,13,163,0
1,2,33,2,6,0,0,1,0,0,1.575,0,0,0,0,0,4,0,0,1,0,0,0,0,9.047821,0,5.50987,0,0,1,44,902,13,164,0
1,0,28,2,6,0,0,0,1,0,1.55,0,0,0,1,0,2,0,0,0,0,0,0,1,0,1,0,1,1,0,44,902,13,165,0
1,0,21,2,6,0,0,0,1,0,1.6,0,0,0,0,1,0,0,1,1,0,0,0,0,0,1,0,1,0,0,44,902,13,166,0
1,0,25,2,6,0,0,0,1,0,1.6,0,0,0,1,0,5,0,0,0,0,1,0,0,0,1,0,1,0,1,44,902,13,167,0
1,0,22,2,6,0,0,0,1,0,1.525,0,0,0,1,0,0,0,1,1,0,0,0,0,0,1,0,1,0,0,44,902,13,168,0
0,0,25,2,6,0,0,0,1,0,1.55,0,0,1,0,0,5,0,0,1,0,0,0,0,0,1,0,1,0,0,53,903,11,1,0
0,0,23,3,6,0,0,0,1,0,1.5,0,0,0,0,1,4,0,0,1,0,0,0,0,0,1,0,1,0,0,53,903,11,3,0
0,0,32,2,6,0,1,0,1,0,1.55,0,0,0,1,0,0,0,1,0,0,0,0,1,0,1,5.825603,0,0,1,53,903,11,4,0
1,0,28,2,6,0,0,0,1,0,1.575,0,0,0,1,0,4,0,0,0,0,0,0,1,0,1,0,1,0,0,53,903,11,5,0
1,0,23,2,6,0,0,0,1,0,1.575,0,0,0,1,0,5,0,0,1,0,0,0,0,0,1,0,1,0,1,53,903,11,6,0
1,0,25,2,6,0,0,0,1,0,1.55,0,0,0,1,0,5,0,0,1,0,0,0,0,0,1,0,1,0,0,53,903,11,7,0
1,0,27,2,6,0,0,0,1,0,1.6,0,0,0,1,0,5,0,0,1,0,0,0,0,0,1,0,1,0,0,53,903,11,8,0
1,0,25,3,6,0,0,0,1,0,1.55,0,0,0,1,0,5,0,0,1,0,0,0,0,0,1,0,1,0,0,53,903,11,9,0
0,0,32,2,6,0,1,0,1,0,1.55,0,0,0,1,0,5,0,0,1,0,0,0,0,0,1,0,1,0,1,53,903,11,11,0
1,2,24,0,6,0,0,1,0,0,0,1,1,0,0,1,6,0,0,0,0,1,0,0,0,1,0,1,0,1,76,903,11,49,0
1,0,26,4,6,0,0,0,1,0,1.55,0,0,0,0,1,0,0,1,0,0,0,0,1,0,1,0,1,0,1,54,903,11,62,0
0,0,25,2,6,0,0,0,1,0,1.6,0,0,0,1,0,4,0,0,1,0,0,0,0,0,1,0,1,0,0,47,903,12,118,0
0,2,29,2,6,0,0,1,0,0,1.6,0,0,0,0,0,6,0,0,0,0,1,0,0,0,1,5.794884,0,0,0,47,903,12,123,0
0,0,24,2,6,0,0,0,1,0,1.5,0,0,0,1,0,4,0,0,0,0,1,0,0,0,1,0,1,1,0,47,903,12,125,0
0,2,33,2,6,0,0,1,0,0,1.5375,0,0,0,1,0,5,0,0,1,0,0,0,0,0,1,5.50987,0,0,0,47,903,12,128,0
0,0,24,2,6,0,1,0,1,0,1.55,0,0,0,1,0,4,0,0,1,0,0,0,0,0,1,0,1,0,1,47,903,12,146,0
1,0,27,2,6,0,0,0,1,0,1.48,0,0,0,1,0,5,0,0,1,0,0,0,0,0,1,0,1,0,0,47,903,12,30,0
1,0,23,2,6,0,0,0,1,0,0,1,0,0,1,0,4,0,0,1,0,0,0,0,0,1,0,1,0,0,47,903,12,31,0
0,0,24,2,6,0,1,0,1,0,1.55,0,0,0,1,0,4,0,0,0,0,0,1,0,0,1,0,1,0,0,47,903,12,32,0
1,0,28,3,6,0,0,0,1,0,1.55,0,0,0,1,0,5,0,0,1,0,0,0,0,0,1,5.825603,0,0,0,47,903,12,33,0
1,0,26,2,6,0,0,0,1,0,1.6,0,0,0,1,0,5,0,0,1,0,1,0,0,0,1,0,1,0,1,47,903,12,34,0
0,0,27,0,6,0,1,0,1,0,1.27,0,1,0,1,0,5,0,0,1,0,0,0,0,0,1,0,1,0,1,47,903,12,35,0
1,0,31,2,6,0,0,0,1,0,1.575,0,0,0,1,0,4,0,0,1,0,0,0,0,0,1,0,1,0,1,47,903,12,36,0
1,2,31,4,6,0,0,1,0,0,1.55,0,0,0,1,0,4,0,0,0,0,1,0,0,8.987197,0,5.50987,0,0,0,47,903,12,37,0
1,0,31,2,6,0,0,0,1,0,1.55,0,0,0,1,0,5,0,0,1,0,0,0,0,0,1,5.50987,0,0,1,47,903,12,38,0
1,2,29,2,6,0,0,1,0,0,1.575,0,0,0,1,0,4,0,0,0,0,1,0,0,0,1,5.50987,0,0,1,47,903,12,39,0
1,2,26,4,6,0,0,1,0,0,1.55,0,0,0,1,0,2,0,0,1,0,0,0,0,0,1,0,1,0,1,47,903,12,40,0
1,5,23,2,6,0,0,0,0,0,1.625,0,0,0,0,1,5,0,0,0,1,0,0,0,10.30895,0,0,1,0,1,47,903,12,41,0
1,0,28,2,6,0,0,0,1,0,1.575,0,0,0,1,0,4,0,0,1,0,0,0,0,0,1,0,1,0,1,47,903,12,42,0
0,0,32,2,6,0,1,0,1,0,1.6,0,0,1,0,0,6,0,0,1,0,1,0,0,0,1,5.50987,0,0,0,47,903,12,43,0
0,0,22,2,6,0,1,0,1,0,1.55,0,0,0,1,0,4,0,0,1,0,1,0,0,0,1,5.825603,0,0,0,47,903,12,44,0
1,0,24,4,6,0,0,0,1,0,1.525,0,0,0,1,0,4,0,0,1,0,0,0,0,0,1,0,1,0,1,47,903,12,45,0
1,0,25,2,6,0,0,0,1,0,1.525,0,0,0,1,0,4,0,0,1,0,0,0,0,0,1,0,1,0,1,47,903,12,46,0
0,0,22,2,6,0,0,0,1,0,1.525,0,0,0,1,0,0,0,1,1,0,0,0,0,0,1,0,1,0,0,47,903,12,47,0
0,0,33,0,6,0,1,0,1,0,1.55,0,1,0,1,0,4,0,0,1,0,0,0,0,0,1,0,1,0,0,47,903,12,47,0
1,0,29,0,6,0,0,0,1,0,1.55,0,1,1,0,0,5,0,0,1,0,0,0,0,0,1,0,1,0,0,47,903,12,48,0
1,4,30,3,6,0,0,0,0,0,1.55,0,0,0,1,0,4,0,0,1,0,0,0,0,0,1,0,1,0,0,47,903,12,49,0
1,0,23,0,6,0,0,0,1,0,1.525,0,1,0,1,0,4,0,0,1,0,0,0,0,0,1,0,1,0,0,47,903,12,50,0
1,0,25,2,6,0,0,0,1,0,1.7,0,0,0,1,0,5,0,0,1,0,0,0,0,0,1,5.50987,0,0,1,47,903,12,51,0
0,0,25,0,6,0,1,0,1,0,1.525,0,1,0,1,0,4,0,0,0,0,1,0,0,0,1,6.094067,0,0,1,47,903,12,52,0
0,0,24,0,6,0,1,0,1,0,1.55,0,1,0,0,1,5,0,0,1,0,0,0,0,0,1,5.50987,0,0,1,47,903,12,53,0
0,0,29,2,6,0,1,0,1,0,1.5625,0,0,0,0,1,5,0,0,0,0,1,0,0,0,1,5.794884,0,0,1,47,903,12,54,0
1,0,27,2,6,0,0,0,1,0,1.5,0,0,0,1,0,4,0,0,0,1,0,0,0,0,1,0,1,0,1,47,903,12,55,0
0,0,23,2,6,0,1,0,1,0,1.575,0,0,0,1,0,4,0,0,1,0,0,0,0,0,1,0,1,0,0,47,903,12,56,0
1,0,25,2,6,0,0,0,1,0,1.575,0,0,0,1,0,4,0,0,1,0,0,0,0,0,1,0,1,0,0,47,903,12,57,0
1,0,23,4,6,0,0,0,1,0,1.55,0,0,0,1,0,2,0,0,0,0,0,0,1,0,1,0,1,0,1,47,903,12,58,0
1,0,32,2,6,0,0,0,1,0,1.525,0,0,0,1,0,0,0,1,0,0,0,0,1,0,1,0,1,0,1,47,903,12,59,0
0,0,28,4,6,0,1,0,1,0,1.55,0,0,0,0,1,4,0,0,1,0,0,0,0,0,1,5.50987,0,0,1,47,903,12,60,0
1,0,24,2,6,0,0,0,1,0,1.55,0,0,0,1,0,4,0,0,1,0,0,0,0,0,1,0,1,0,1,47,903,12,61,0
1,0,26,3,6,0,0,0,1,0,1.525,0,0,0,1,0,6,0,0,1,0,0,0,0,0,1,0,1,0,1,47,903,12,62,0
1,2,30,2,6,0,0,1,0,0,1.575,0,0,0,1,0,5,0,0,1,0,0,0,0,0,1,5.50987,0,0,1,47,903,12,62,0
0,0,28,0,6,0,1,0,1,0,1.575,0,1,0,1,0,4,0,0,1,0,0,0,0,0,1,0,1,0,1,47,903,12,63,0
1,4,32,0,6,0,0,0,0,0,1.575,0,1,0,0,1,4,0,0,1,0,0,0,0,0,1,5.189394,0,0,0,47,903,12,64,0
1,2,24,2,6,0,0,1,0,0,1.52,0,0,0,1,0,5,0,0,1,0,0,0,0,0,1,0,1,0,0,47,903,12,65,0
0,0,26,2,6,0,1,0,1,0,1.55,0,0,0,0,1,5,0,0,0,0,1,0,0,0,1,0,1,0,1,47,903,12,66,0
1,0,29,2,6,0,0,0,1,0,1.5,0,0,0,1,0,4,0,0,1,0,1,0,0,0,1,0,1,0,0,47,903,12,67,0
1,0,27,2,6,0,0,0,1,0,1.5,0,0,0,1,0,5,0,0,0,0,1,0,0,0,1,0,1,0,1,47,903,12,68,0
0,0,26,2,6,0,1,0,1,0,1.625,0,0,1,0,0,5,0,0,1,0,0,0,0,0,1,0,1,0,1,47,903,12,68,0
1,2,22,2,6,0,0,1,0,0,1.5875,0,0,0,0,0,5,0,0,1,0,0,0,0,0,1,0,1,0,0,47,903,12,82,0
1,0,24,2,6,0,0,0,1,0,1.625,0,0,0,1,0,3,0,0,1,0,0,0,0,0,1,0,1,0,0,47,903,12,94,0
0,0,31,2,6,0,0,0,1,0,1.625,0,0,0,1,0,4,0,0,1,0,0,0,0,0,1,0,1,0,0,47,903,12,95,0
0,0,27,2,6,0,0,0,1,0,1.55,0,0,0,1,0,5,0,0,1,0,0,0,0,0,1,0,1,0,1,47,903,13,1,0
0,2,27,2,6,0,0,1,0,0,1.55,0,0,1,0,0,6,0,0,0,1,0,0,0,0,1,0,1,0,1,47,903,13,15,0
0,0,24,0,6,0,1,0,1,0,1.525,0,1,0,1,0,5,0,0,1,0,0,0,0,0,1,0,1,0,1,44,903,13,166,0
0,4,25,0,6,0,0,0,0,0,1.5,0,1,0,1,0,5,0,0,1,0,0,0,0,0,1,0,1,0,0,44,903,13,167,0
1,5,30,3,6,0,0,0,0,0,1.5,0,0,0,1,0,4,0,0,0,0,0,0,1,0,1,0,1,0,0,44,903,13,168,0
1,0,23,2,6,0,0,0,1,0,1.575,0,0,0,0,0,4,0,0,1,0,1,0,0,0,1,0,1,0,1,44,903,13,169,0
1,0,29,2,6,0,0,0,1,0,1.575,0,0,0,1,0,6,0,0,0,0,1,0,0,0,1,0,1,0,1,44,903,13,170,0
1,0,22,3,6,0,0,0,1,0,1.525,0,0,0,1,0,2,0,0,0,0,0,0,1,0,1,0,1,0,0,44,903,13,171,0
1,0,26,4,6,0,0,0,1,0,1.5,0,0,0,0,1,5,0,0,1,0,0,0,0,0,1,0,1,0,1,44,903,13,172,0
1,0,25,2,6,0,0,0,1,0,1.55,0,0,0,0,1,4,0,0,1,0,0,0,0,0,1,0,1,0,0,44,903,13,173,0
1,0,25,0,6,0,0,0,1,0,1.675,0,1,0,0,1,4,0,0,0,0,1,0,0,0,1,0,1,0,1,44,903,13,174,0
1,2,31,0,6,0,0,1,0,0,1.525,0,1,0,1,0,5,0,0,1,0,1,0,0,0,1,0,1,0,0,44,903,13,175,0
0,0,33,3,6,0,1,0,1,0,1.475,0,0,0,0,1,4,0,0,0,0,1,0,0,0,1,0,1,0,1,44,903,13,176,0
1,0,23,2,6,0,0,0,1,0,1.5625,0,0,0,1,0,3,0,0,1,0,0,0,0,0,1,0,1,0,1,44,903,13,177,0
1,5,26,2,6,0,0,0,0,0,1.575,0,0,0,1,0,5,0,0,0,0,1,0,0,0,1,0,1,0,0,44,903,13,178,0
1,0,29,2,6,0,0,0,1,0,1.575,0,0,0,1,0,5,0,0,1,1,0,0,0,0,1,0,1,0,1,44,903,13,179,0
1,0,31,2,6,0,0,0,1,0,1.575,0,0,0,1,0,5,0,0,0,0,1,0,0,0,1,0,1,0,1,44,903,13,180,0
1,0,28,0,6,0,0,0,1,0,1.7,0,1,1,0,0,4,0,0,1,0,0,0,0,0,1,0,1,0,1,44,903,13,181,0
1,0,26,2,6,0,0,0,1,0,1.525,0,0,0,0,1,3,0,0,0,0,1,0,0,0,1,5.825603,0,0,0,44,903,13,182,0
1,2,26,0,6,0,0,1,0,0,1.525,0,1,0,1,0,5,0,0,0,0,1,0,0,0,1,0,1,0,1,47,903,13,86,0
0,0,24,3,6,0,1,0,1,0,1.5,0,0,0,0,1,5,0,0,0,1,0,0,0,0,1,0,1,0,0,48,903,16,110,0
0,0,31,2,6,0,1,0,1,0,1.55,0,0,0,1,0,4,0,0,0,0,0,0,1,0,1,0,1,0,1,48,903,16,111,0
0,0,28,2,6,0,0,0,1,0,1.55,0,0,0,0,0,2,0,0,0,0,0,0,1,0,1,0,1,0,1,48,903,16,112,0
1,4,24,2,6,0,0,0,0,0,1.5,0,0,0,0,1,0,0,1,1,0,0,0,0,0,1,0,1,0,0,48,903,16,113,0
0,0,30,2,6,0,1,0,1,0,1.575,0,0,0,0,0,6,0,0,1,0,0,0,0,0,1,5.50987,0,0,1,48,903,16,114,0
0,0,26,2,6,0,1,0,1,0,1.575,0,0,0,0,1,4,0,0,0,0,1,0,0,0,1,0,1,0,0,47,1011,12,21,0
1,0,28,3,6,0,0,0,1,0,1.5,0,0,0,0,1,5,0,0,1,0,1,0,0,0,1,5.50987,0,0,1,47,1011,12,22,0
0,0,35,0,6,0,0,0,1,0,1.525,0,1,0,0,0,4,0,0,1,0,0,0,0,0,1,0,1,0,0,47,1011,12,23,0
0,0,27,2,6,0,1,0,1,0,1.5625,0,0,0,0,0,5,0,0,1,0,0,0,0,0,1,5.50987,0,0,1,47,1011,12,24,0
0,0,26,2,6,0,0,0,1,0,1.5625,0,0,0,1,0,0,0,1,0,0,0,0,1,0,1,0,1,0,0,47,1011,12,25,0
0,0,25,2,6,0,1,0,1,0,1.5,0,0,0,1,0,3,0,0,0,0,0,1,0,0,1,0,1,0,1,47,1011,12,26,0
1,0,30,2,6,0,0,0,1,0,1.525,0,0,0,0,1,4,0,0,0,0,1,0,0,0,1,5.049275,0,0,0,47,1011,12,27,0
1,0,26,2,6,0,0,0,1,0,1.55,0,0,0,1,0,4,0,0,1,0,0,0,0,0,1,0,1,0,0,47,1011,12,28,0
0,0,32,2,6,0,1,0,1,0,1.525,0,0,0,0,0,0,0,1,0,0,0,0,1,0,1,5.825603,0,0,1,47,1011,12,29,0
0,0,24,0,6,0,1,0,1,0,1.6,0,1,0,0,1,4,0,0,1,0,0,0,0,0,1,0,1,0,0,47,1011,12,30,0
1,0,24,4,6,0,0,0,1,0,1.55,0,0,0,0,0,4,0,0,1,0,0,0,0,0,1,0,1,0,0,47,1011,12,31,0
0,0,35,2,6,0,0,0,1,0,0,1,0,0,1,0,1,0,0,0,0,0,0,1,0,1,0,1,0,1,47,1011,12,32,0
1,0,25,1,6,0,0,0,1,0,1.55,0,0,0,0,0,4,0,0,0,0,0,0,1,0,1,0,1,0,0,47,1011,12,33,0
1,0,28,0,6,0,0,0,1,0,1.6,0,1,0,0,0,5,0,0,1,0,0,0,0,0,1,0,1,0,0,47,1011,12,34,0
0,0,27,0,6,0,1,0,1,0,1.675,0,1,0,0,0,5,0,0,1,1,0,0,0,0,1,0,1,0,1,47,1011,12,35,0
1,0,25,3,6,0,0,0,1,0,1.5,0,0,0,0,0,0,0,1,0,0,0,0,1,0,1,0,1,0,0,47,1011,12,36,0
0,0,26,2,6,0,1,0,1,0,1.575,0,0,0,1,0,4,0,0,1,0,0,0,0,0,1,0,1,0,0,47,1011,12,37,0
0,0,29,0,6,0,1,0,1,0,1.575,0,1,0,0,0,4,0,0,0,0,0,0,1,0,1,5.049275,0,0,0,47,1011,12,38,0
1,0,25,3,6,0,0,0,1,0,1.575,0,0,0,0,0,5,0,0,1,0,0,0,0,0,1,0,1,0,0,47,1011,12,39,0
0,0,33,2,6,0,0,0,1,0,1.55,0,0,0,0,1,4,0,0,0,0,0,0,1,0,1,0,1,0,0,47,1011,12,40,0
1,0,25,2,6,0,0,0,1,0,1.525,0,0,0,0,0,4,0,0,1,0,0,0,0,0,1,0,1,0,0,47,1011,12,41,0
1,0,27,0,6,0,0,0,1,0,1.525,0,1,0,0,1,6,0,0,0,0,1,0,0,0,1,0,1,0,1,47,1011,12,42,0
0,0,29,2,6,0,1,0,1,0,1.55,0,0,0,1,0,5,0,0,1,0,1,0,0,0,1,5.825603,0,0,1,47,1011,12,43,0
1,0,28,2,6,0,0,0,1,0,1.6,0,0,0,0,0,4,0,0,0,0,1,0,0,0,1,0,1,0,1,47,1011,12,44,0
1,0,22,4,6,0,0,0,1,0,1.575,0,0,0,0,1,4,0,0,0,0,1,0,0,0,1,0,1,0,1,47,1011,12,45,0
1,0,20,2,6,0,0,0,1,0,1.575,0,0,0,0,0,0,0,1,0,0,0,0,1,0,1,0,1,1,0,47,1011,12,46,0
0,0,28,1,6,0,0,0,1,0,1.55,0,0,1,0,0,6,0,0,0,1,1,0,0,0,1,0,1,0,1,47,1011,12,47,0
1,0,27,2,6,0,0,0,1,0,1.6,0,0,0,1,0,4,0,0,1,0,0,0,0,0,1,0,1,0,1,47,1011,12,48,0
0,0,23,2,6,0,1,0,1,0,1.55,0,0,1,0,0,4,0,0,0,0,0,1,0,0,1,0,1,0,1,47,1011,12,49,0
0,0,23,3,6,0,1,0,1,0,1.525,0,0,0,0,0,4,0,0,0,0,1,0,0,0,1,0,1,0,1,47,1011,12,50,0
1,0,27,0,6,0,0,0,1,0,1.65,0,1,0,1,0,5,0,0,1,0,0,0,0,0,1,0,1,0,1,47,1011,12,51,0
0,0,30,0,6,0,1,0,1,0,1.625,0,1,0,1,0,5,0,0,1,0,0,0,0,0,1,0,1,0,1,47,1011,12,52,0
0,0,29,0,6,0,1,0,1,0,1.525,0,1,0,0,0,5,0,0,1,0,0,0,0,0,1,0,1,0,1,47,1011,12,53,0
0,0,26,1,6,0,1,0,1,0,1.575,0,0,0,0,0,4,0,0,0,0,0,0,1,0,1,0,1,0,1,44,1011,13,7,0
0,0,28,1,6,0,1,0,1,0,1.625,0,0,0,1,0,4,0,0,0,0,0,0,1,0,1,0,1,0,1,44,1011,13,8,0
1,2,20,3,6,0,0,1,0,0,1.575,0,0,0,0,0,4,0,0,1,0,0,0,0,0,1,0,1,0,1,44,1011,13,9,0
0,0,25,1,6,0,0,0,1,0,1.55,0,0,0,0,1,4,0,0,0,0,1,0,0,0,1,0,1,0,1,45,1011,13,10,0
0,0,27,0,6,0,1,0,1,0,1.5,0,1,0,0,0,0,0,1,0,0,0,0,1,0,1,0,1,0,0,44,1011,13,11,0
1,0,28,2,6,0,0,0,1,0,1.6,0,0,0,0,1,1,0,0,0,0,0,0,1,0,1,0,1,0,1,44,1011,13,12,0
0,0,28,2,6,0,0,0,1,0,1.575,0,0,0,1,0,5,0,0,0,0,1,0,0,0,1,0,1,0,1,44,1011,13,13,0
1,0,26,2,6,0,0,0,1,0,1.65,0,0,0,0,0,5,0,0,1,0,0,0,0,0,1,0,1,0,1,44,1011,13,14,0
1,0,31,2,6,0,0,0,1,0,1.575,0,0,0,1,0,5,0,0,0,0,1,0,0,0,1,0,1,0,0,44,1011,13,15,0
0,0,23,2,6,0,1,0,1,0,1.55,0,0,1,0,0,5,0,0,0,0,1,0,0,0,1,0,1,0,1,44,1011,13,16,0
0,0,27,2,6,0,0,0,1,0,1.55,0,0,0,1,0,5,0,0,1,0,0,0,0,0,1,0,1,0,1,76,1011,13,17,0
0,0,30,2,6,0,1,0,1,0,0,1,0,0,0,0,5,0,0,1,0,0,0,0,0,1,0,1,0,1,44,1011,13,18,0
1,0,22,0,6,0,0,0,1,0,1.575,0,1,0,0,0,4,0,0,1,0,0,0,0,0,1,0,1,0,0,48,1011,13,185,0
1,0,27,2,6,0,0,0,1,0,1.525,0,0,0,1,0,4,0,0,0,0,1,0,0,0,1,0,1,0,1,48,1011,13,186,0
0,0,27,0,6,0,1,0,1,0,1.55,0,1,0,0,1,5,0,0,0,0,1,0,0,0,1,0,1,0,1,48,1011,13,187,0
0,0,24,2,6,0,1,0,1,0,1.5,0,0,1,0,0,4,0,0,1,0,0,0,0,0,1,0,1,0,0,48,1011,13,188,0
0,0,25,0,6,0,0,0,1,0,1.575,0,1,0,0,1,6,0,0,1,0,0,0,0,0,1,0,1,0,0,48,1011,13,189,0
1,0,24,2,6,0,0,0,1,0,1.575,0,0,0,0,0,4,0,0,1,0,0,0,0,0,1,0,1,1,0,44,1011,13,19,0
1,0,30,2,6,0,0,0,1,0,1.525,0,0,0,0,0,5,0,0,1,0,0,0,0,0,1,5.50987,0,0,1,48,1011,13,190,0
0,0,23,2,6,0,1,0,1,0,1.5875,0,0,0,1,0,4,0,0,0,0,1,0,0,0,1,0,1,0,1,103,1011,13,194,0
1,0,22,2,6,0,0,0,1,0,1.55,0,0,0,0,1,2,0,0,0,0,0,0,1,0,1,0,1,0,1,103,1011,13,195,0
0,0,27,2,6,0,1,0,1,0,1.6,0,0,0,0,1,4,0,0,0,0,0,0,1,0,1,0,1,0,1,103,1011,13,196,0
0,0,26,2,6,0,1,0,1,0,0,1,0,0,0,0,0,0,1,0,0,0,0,1,0,1,0,1,0,1,103,1011,13,197,0
1,0,24,2,6,0,0,0,1,0,1.525,0,0,1,0,0,0,0,1,0,0,0,0,1,0,1,0,1,1,0,103,1011,13,199,0
0,0,32,2,6,0,0,0,1,0,1.55,0,0,1,0,0,4,0,0,0,0,1,0,0,0,1,0,1,0,1,44,1011,13,20,0
1,0,22,4,6,0,0,0,1,0,1.575,0,0,0,0,0,4,0,0,0,0,0,0,1,0,1,0,1,0,1,103,1011,13,200,0
0,0,21,4,6,0,0,0,1,0,1.525,0,0,0,1,0,4,0,0,0,0,0,0,1,0,1,0,1,1,0,103,1011,13,202,0
0,0,26,2,6,0,1,0,1,0,1.625,0,0,0,0,1,4,0,0,0,0,0,0,1,0,1,0,1,1,0,103,1011,13,203,0
1,0,32,2,6,0,0,0,1,0,1.5,0,0,0,0,0,5,0,0,1,0,0,0,0,0,1,5.50987,0,0,0,44,1011,13,22,0
0,4,28,2,6,0,1,0,0,0,1.575,0,0,0,0,1,4,0,0,0,0,1,0,0,0,1,0,1,0,0,44,1011,14,16,0
0,0,30,4,6,0,0,0,1,0,1.55,0,0,0,0,1,5,0,0,0,0,1,0,0,9.392662,0,6.093101,0,0,0,47,1011,15,9,1
1,0,27,0,6,0,0,0,1,0,1.525,0,1,0,0,1,5,0,0,1,0,0,0,0,0,1,0,1,0,0,53,1201,11,136,0
1,0,19,2,6,0,0,0,1,0,1.65,0,0,0,1,0,0,0,1,0,0,0,0,1,0,1,0,1,0,0,53,1201,11,137,0
0,0,27,3,6,0,0,0,1,0,1.55,0,0,0,0,0,4,0,0,0,0,0,0,1,0,1,0,1,0,1,53,1201,11,138,0
0,0,26,2,6,0,0,0,1,0,1.55,0,0,0,1,0,5,0,0,0,0,1,0,0,0,1,0,1,0,1,53,1201,11,139,0
0,0,23,2,6,0,1,0,1,0,1.6,0,0,0,1,0,5,0,0,1,0,0,0,0,0,1,0,1,0,1,53,1201,11,140,0
0,0,24,4,6,0,0,0,1,0,1.575,0,0,0,0,0,4,0,0,1,0,0,0,0,0,1,0,1,0,0,53,1201,11,141,0
0,0,28,4,6,0,1,0,1,0,0,1,0,0,1,0,1,0,0,0,0,0,0,1,0,1,0,1,0,0,53,1201,11,142,0
0,0,29,0,6,0,0,0,1,0,1.575,0,1,0,0,1,5,0,0,1,0,0,0,0,0,1,5.50987,0,0,1,82,1201,11,182,0
1,0,25,2,6,0,0,0,1,0,1.6,0,0,0,1,0,5,0,0,1,0,1,0,0,0,1,0,1,0,0,44,1201,11,35,0
1,0,31,0,6,0,0,0,1,0,1.575,0,1,0,0,1,4,0,0,0,0,0,0,1,0,1,0,1,0,0,44,1201,11,36,0
0,2,26,2,6,0,1,1,0,0,1.575,0,0,0,1,0,6,0,0,0,1,0,0,0,0,1,0,1,0,0,44,1201,11,37,0
0,0,27,2,6,0,1,0,1,0,1.575,0,0,0,1,0,4,0,0,0,0,0,0,1,0,1,0,1,0,1,47,1201,12,8,0
1,0,27,2,6,0,0,0,1,0,1.5,0,0,0,1,0,5,0,0,1,0,0,0,0,0,1,0,1,0,1,47,1201,12,9,0
1,0,28,4,6,0,0,0,1,0,1.55,0,0,0,1,0,4,0,0,1,0,0,0,0,0,1,0,1,0,1,47,1201,12,10,0
1,0,28,0,6,0,0,0,1,0,1.575,0,1,0,0,0,5,0,0,1,0,0,0,0,0,1,5.50987,0,0,1,47,1201,12,11,0
1,0,27,2,6,0,0,0,1,0,1.575,0,0,0,0,0,4,0,0,1,0,0,0,0,0,1,0,1,0,0,47,1201,12,12,0
1,0,24,2,6,0,0,0,1,0,1.575,0,0,0,1,0,4,0,0,1,0,0,0,0,0,1,0,1,0,1,47,1201,12,13,0
0,0,27,4,6,0,1,0,1,0,1.525,0,0,0,0,0,5,0,0,1,0,0,0,0,0,1,0,1,0,1,47,1201,12,14,0
1,4,25,4,6,0,0,0,0,0,1.55,0,0,0,0,1,4,0,0,0,0,0,0,1,0,1,0,1,0,0,47,1201,12,15,0
1,0,22,2,6,0,0,0,1,0,1.675,0,0,0,0,0,1,0,0,0,0,0,0,1,0,1,0,1,0,0,47,1201,12,16,0
1,0,26,2,6,0,0,0,1,0,1.6,0,0,0,0,0,5,0,0,1,0,0,0,0,0,1,0,1,0,0,47,1201,12,17,0
1,0,31,0,6,0,0,0,1,0,1.5625,0,1,0,0,0,4,0,0,1,0,0,0,0,0,1,5.049275,0,0,1,47,1201,12,18,0
1,2,26,2,6,0,0,1,0,0,1.525,0,0,0,0,0,4,0,0,0,0,1,0,0,0,1,0,1,0,1,47,1201,12,19,0
0,0,24,4,6,0,1,0,1,0,1.525,0,0,0,0,0,0,0,1,0,0,0,1,0,0,1,0,1,0,0,47,1201,12,20,0
0,0,32,2,6,0,0,0,1,0,1.575,0,0,0,0,1,4,0,0,1,0,0,0,0,0,1,0,1,0,1,47,1201,12,21,0
1,0,22,2,6,0,0,0,1,0,1.575,0,0,0,1,0,4,0,0,0,1,0,0,0,0,1,0,1,0,1,47,1201,12,22,0
1,0,24,2,6,0,0,0,1,0,1.525,0,0,0,0,0,4,0,0,1,0,0,0,0,0,1,0,1,0,0,47,1201,12,23,0
1,0,27,2,6,0,0,0,1,0,1.55,0,0,0,0,1,4,0,0,1,0,0,0,0,0,1,0,1,0,1,47,1201,12,24,0
1,0,28,2,6,0,0,0,1,0,1.5,0,0,0,0,1,4,0,0,1,0,0,0,0,0,1,0,1,0,0,47,1201,12,25,0
0,0,28,3,6,0,1,0,1,0,1.525,0,0,0,0,1,2,0,0,1,0,0,0,0,0,1,0,1,0,1,47,1201,12,26,0
0,4,21,0,6,0,1,0,0,0,1.5,0,1,0,0,0,5,0,0,1,0,0,0,0,0,1,0,1,0,1,47,1201,12,27,0
0,0,28,2,6,0,0,0,1,0,1.6,0,0,0,0,1,6,0,0,0,0,1,0,0,0,1,0,1,0,0,47,1201,12,29,0
0,0,25,2,6,0,0,0,1,0,1.6,0,0,0,1,0,3,0,0,1,0,0,0,0,0,1,0,1,0,0,47,1201,12,32,0
0,0,24,2,6,0,0,0,1,0,1.575,0,0,0,0,0,3,0,0,0,1,0,0,0,0,1,0,1,0,0,47,1310,6,3,0
0,6,24,2,6,0,0,0,0,0,1.55,0,0,0,0,0,5,0,0,1,0,0,0,0,0,1,0,1,0,0,47,1310,6,4,0
1,0,26,2,6,0,0,0,1,0,1.55,0,0,0,1,0,4,0,0,0,0,1,0,0,0,1,0,1,0,0,47,1310,6,5,0
1,0,21,4,6,0,0,0,1,0,1.625,0,0,0,0,0,4,0,0,1,0,0,0,0,0,1,0,1,0,0,47,1310,6,6,0
1,4,26,1,6,0,0,0,0,0,1.575,0,0,0,1,0,5,0,0,1,0,0,0,0,0,1,0,1,0,0,47,1310,6,7,0
1,0,23,1,6,0,0,0,1,0,1.575,0,0,0,0,0,5,0,0,1,0,0,0,0,0,1,0,1,0,0,47,1310,6,8,0
1,0,24,4,6,0,0,0,1,0,1.525,0,0,0,0,0,4,0,0,1,0,0,0,0,0,1,0,1,0,0,44,1310,6,37,0
0,0,24,2,6,0,1,0,1,0,1.55,0,0,0,0,1,5,0,0,1,0,0,0,0,0,1,0,1,0,0,44,1310,6,38,0
1,0,27,4,6,0,0,0,1,0,1.55,0,0,0,0,0,4,0,0,1,0,0,0,0,0,1,0,1,0,0,44,1310,6,39,0
0,0,35,4,6,0,1,0,1,0,1.55,0,0,0,0,0,4,0,0,1,0,0,0,0,0,1,5.50987,0,0,1,48,1310,6,65,0
1,0,33,2,6,0,0,0,1,0,1.575,0,0,0,0,0,5,0,0,1,0,0,0,0,0,1,5.50987,0,0,1,53,1310,6,68,0
0,0,23,2,6,0,0,0,1,0,1.5,0,0,0,1,0,4,0,0,1,0,0,0,0,0,1,0,1,0,1,53,1310,6,69,0
1,0,25,2,6,0,0,0,1,0,1.525,0,0,0,1,0,4,0,0,1,0,0,0,0,0,1,0,1,0,1,82,1310,6,75,0
1,0,23,0,6,0,0,0,1,0,1.5,0,1,0,0,0,5,0,0,1,0,0,0,0,0,1,0,1,1,0,47,1310,12,7,0
0,0,25,2,6,0,1,0,1,0,1.55,0,0,0,0,0,4,0,0,1,0,0,0,0,0,1,0,1,0,0,47,1310,12,8,0
1,0,34,0,6,0,0,0,1,0,1.575,0,1,0,0,0,0,0,1,0,0,0,0,1,0,1,5.50987,0,0,1,47,1310,12,9,0
1,0,29,0,6,0,0,0,1,0,1.55,0,1,0,0,0,4,0,0,1,0,0,0,0,0,1,0,1,0,1,47,1310,12,10,0
0,0,38,0,6,0,1,0,1,0,1.55,0,1,0,0,0,4,0,0,0,0,1,0,0,0,1,5.049275,0,0,1,47,1310,12,11,0
1,0,29,4,6,0,0,0,1,0,1.55,0,0,0,1,0,4,0,0,1,0,0,0,0,0,1,0,1,0,1,44,1310,12,57,0
1,0,22,2,6,0,0,0,1,0,1.575,0,0,0,1,0,4,0,0,1,0,0,0,0,0,1,0,1,1,0,44,1310,12,58,0
1,0,29,2,6,0,0,0,1,0,1.525,0,0,0,0,0,1,0,0,0,0,0,0,1,0,1,0,1,0,0,48,1310,12,85,0
1,0,22,4,6,0,0,0,1,0,1.5,0,0,0,0,0,4,0,0,1,0,0,0,0,0,1,5.049275,0,0,1,48,1310,12,86,0
1,0,23,2,6,0,0,0,1,0,1.55,0,0,0,0,1,5,0,0,1,0,0,0,0,0,1,0,1,0,1,53,1310,12,87,0
0,0,30,2,6,0,0,0,1,0,1.5,0,0,0,0,0,4,0,0,1,0,0,0,0,0,1,0,1,0,1,53,1310,12,88,0
0,0,29,2,6,0,1,0,1,0,1.5,0,0,0,0,0,1,0,0,0,0,0,0,1,0,1,0,1,0,0,47,1512,11,68,1
1,0,28,3,6,0,0,0,1,0,1.55,0,0,0,0,1,4,0,0,0,0,1,0,0,0,1,0,1,0,0,47,1512,11,69,1
1,2,25,0,6,0,0,1,0,0,1.55,0,1,1,0,0,4,0,0,1,0,0,0,0,0,1,0,1,0,0,47,1512,12,22,0
1,0,22,2,6,0,0,0,1,0,1.55,0,0,0,1,0,1,0,0,0,0,0,0,1,0,1,0,1,0,0,47,1512,12,23,0
1,2,26,2,6,0,0,1,0,0,1.575,0,0,0,1,0,4,0,0,0,0,1,0,0,0,1,5.049275,0,0,1,47,1512,12,24,0
0,0,24,1,6,0,0,0,1,0,1.5625,0,0,0,1,0,5,0,0,1,0,1,0,0,0,1,5.50987,0,0,1,47,1512,12,25,0
1,0,24,3,6,0,0,0,1,0,1.55,0,0,0,0,0,5,0,0,1,0,0,0,0,0,1,0,1,0,1,47,1512,12,26,0
1,0,29,2,6,0,0,0,1,0,1.575,0,0,0,0,0,4,0,0,0,0,1,0,0,0,1,5.049275,0,0,0,47,1512,12,27,0
1,0,30,2,6,0,0,0,1,0,1.475,0,0,0,0,0,1,0,0,0,0,0,0,1,0,1,0,1,0,0,47,1512,12,28,0
1,0,25,2,6,0,0,0,1,0,1.575,0,0,0,0,0,5,0,0,0,0,1,0,0,0,1,0,1,0,1,47,1512,12,29,0
0,0,26,0,6,0,1,0,1,0,1.55,0,1,0,0,0,4,0,0,1,0,0,0,0,0,1,0,1,0,0,47,1512,12,30,0
0,0,32,2,6,0,1,0,1,0,1.6,0,0,0,0,0,5,0,0,1,0,0,0,0,0,1,0,1,0,1,47,1512,12,31,0
0,0,23,2,6,0,0,0,1,0,1.6,0,0,0,1,0,4,0,0,0,0,1,0,0,0,1,5.40345,0,0,0,47,1512,12,32,0
0,0,27,4,6,0,0,0,1,0,1.525,0,0,0,0,0,5,0,0,1,0,0,0,0,0,1,0,1,0,0,47,1512,12,33,0
0,0,22,2,6,0,1,0,1,0,1.475,0,0,0,1,0,4,0,0,1,0,0,0,0,0,1,0,1,0,0,47,1512,12,34,0
1,2,33,3,6,0,0,1,0,0,1.5,0,0,0,1,0,4,0,0,0,0,1,0,0,0,1,0,1,0,0,47,1512,12,35,0
0,0,23,4,6,0,0,0,1,0,1.575,0,0,0,0,0,2,0,0,0,0,0,0,1,0,1,0,1,0,0,47,1512,12,36,0
0,0,24,4,6,0,1,0,1,0,0,1,0,0,0,1,2,0,0,0,0,0,0,1,0,1,0,1,0,1,47,1512,12,37,0
1,0,25,2,6,0,0,0,1,0,1.55,0,0,0,0,0,5,0,0,1,0,0,0,0,0,1,0,1,0,1,47,1512,12,38,0
0,0,28,2,6,0,1,0,1,0,1.55,0,0,0,0,1,4,0,0,0,0,1,0,0,0,1,0,1,0,0,47,1512,12,39,0
1,0,36,4,6,0,0,0,1,0,1.525,0,0,0,0,0,4,0,0,1,0,0,0,0,0,1,0,1,0,1,47,1512,12,40,0
1,0,22,2,6,0,0,0,1,0,1.525,0,0,0,1,0,4,0,0,0,1,0,0,0,0,1,0,1,0,1,47,1512,12,41,0
1,0,22,0,6,0,0,0,1,0,1.55,0,1,0,0,0,2,0,0,0,0,0,0,1,0,1,0,1,0,0,47,1512,12,42,0
0,0,22,2,6,0,1,0,1,0,1.6,0,0,0,1,0,0,0,1,0,0,0,0,1,0,1,0,1,0,0,47,1512,12,43,0
0,0,30,4,6,0,1,0,1,0,1.625,0,0,0,0,1,1,0,0,0,0,0,0,1,0,1,0,1,0,1,47,1512,12,44,0
1,0,24,4,6,0,0,0,1,0,1.525,0,0,0,0,0,5,0,0,1,0,0,0,0,0,1,0,1,0,0,47,1512,12,45,0
1,0,24,3,6,0,0,0,1,0,0,1,0,0,1,0,5,0,0,1,0,0,0,0,0,1,0,1,0,0,47,1512,12,46,0
1,0,24,2,6,0,0,0,1,0,0,1,0,0,1,0,4,0,0,1,0,0,0,0,0,1,0,1,0,0,47,1512,12,47,0
1,3,25,4,6,0,0,0,0,0,1.63,0,0,0,0,0,6,0,0,0,0,1,0,0,0,1,6.094067,0,0,0,47,1512,12,48,0
1,0,24,2,6,0,0,0,1,0,1.6125,0,0,0,0,0,5,0,0,1,0,0,0,0,0,1,0,1,0,1,47,1512,12,49,0
1,0,22,2,6,0,0,0,1,0,1.6,0,0,0,0,0,4,0,0,0,1,0,0,0,0,1,0,1,0,0,47,1512,12,50,0
1,0,29,0,6,0,0,0,1,0,1.55,0,1,0,0,1,5,0,0,1,0,1,0,0,0,1,5.50987,0,0,0,47,1512,12,51,0
1,0,32,4,6,0,0,0,1,0,1.55,0,0,0,0,1,4,0,0,0,0,1,0,0,0,1,5.825603,0,0,0,47,1512,12,52,0
1,2,35,1,6,0,0,1,0,0,1.55,0,0,0,0,0,6,0,0,0,1,0,0,0,0,1,0,1,0,1,47,1512,12,53,0
1,2,25,1,6,0,0,1,0,0,1.6,0,0,0,1,0,6,0,0,0,0,1,0,0,0,1,5.69661,0,0,1,47,1512,12,54,0
0,0,26,2,6,0,1,0,1,0,1.575,0,0,0,0,0,4,0,0,1,0,0,0,0,0,1,0,1,0,1,47,1512,12,55,0
1,0,27,0,6,0,0,0,1,0,1.625,0,1,0,0,1,5,0,0,1,0,0,0,0,0,1,5.50987,0,0,0,44,1512,13,160,0
0,0,22,2,6,0,1,0,1,0,1.525,0,0,0,0,0,0,0,1,0,0,0,0,1,0,1,0,1,0,0,44,1512,13,161,0
1,0,22,2,6,0,0,0,1,0,1.55,0,0,0,1,0,4,0,0,1,0,0,0,0,0,1,0,1,0,0,44,1512,13,162,0
1,0,36,0,6,0,0,0,1,0,1.625,0,1,0,0,1,4,0,0,0,0,1,0,0,0,1,0,1,0,0,44,1512,13,163,0
1,0,24,0,6,0,0,0,1,0,1.7,0,1,0,0,0,0,0,1,0,0,0,0,1,0,1,0,1,0,0,44,1512,13,164,0
1,0,23,2,6,0,0,0,1,0,1.6,0,0,0,0,1,3,0,0,0,0,0,1,0,0,1,0,1,0,1,44,1512,13,165,0
0,0,24,3,6,0,1,0,1,0,1.625,0,0,0,0,0,5,0,0,1,0,0,0,0,0,1,0,1,0,1,44,1512,13,166,0
1,0,28,3,6,0,0,0,1,0,1.5,0,0,0,0,0,4,0,0,1,0,0,0,0,0,1,0,1,0,1,44,1512,13,167,0
1,0,26,2,6,0,0,0,1,0,1.5,0,0,0,0,0,0,0,1,0,0,0,0,1,0,1,0,1,0,1,44,1512,13,168,0
1,0,24,2,6,0,0,0,1,0,1.55,0,0,0,0,0,4,0,0,1,0,0,0,0,0,1,0,1,0,0,44,1512,13,169,0
1,0,23,0,6,0,0,0,1,0,1.575,0,1,0,1,0,5,0,0,1,0,0,0,0,0,1,0,1,0,1,44,1512,13,170,0
0,0,24,4,6,0,1,0,1,0,1.55,0,0,0,0,0,4,0,0,0,0,1,0,0,0,1,0,1,1,0,44,1512,13,171,0
1,2,26,1,6,0,0,1,0,0,1.6,0,0,0,0,0,5,0,0,1,0,0,0,0,0,1,5.50987,0,0,1,44,1512,13,172,0
1,0,25,0,6,0,0,0,1,0,1.625,0,1,0,1,0,5,0,0,1,0,0,0,0,0,1,0,1,0,1,44,1512,13,173,0
1,0,27,0,6,0,0,0,1,0,1.525,0,1,0,0,0,4,0,0,1,0,0,0,0,0,1,0,1,0,1,76,1512,14,19,0
0,0,26,0,6,0,1,0,1,0,1.5625,0,1,0,1,0,5,0,0,1,0,0,0,0,0,1,0,1,0,0,48,1512,15,32,0
1,0,26,3,6,0,0,0,1,0,1.5,0,0,0,1,0,5,0,0,0,0,1,0,0,0,1,5.794884,0,0,0,48,1512,15,33,0
0,0,0,2,6,0,1,0,1,1,1.5,0,0,0,1,0,5,0,0,1,0,0,0,0,0,1,5.50987,0,0,1,103,1512,15,35,0
1,0,22,2,6,0,0,0,1,0,1.625,0,0,0,1,0,2,0,0,0,0,0,0,1,0,1,0,1,0,0,103,1512,15,36,0
1,0,26,4,6,0,0,0,1,0,1.475,0,0,0,1,0,4,0,0,1,0,0,0,0,0,1,0,1,0,0,103,1512,15,37,0
1,0,26,4,6,0,0,0,1,0,1.575,0,0,0,1,0,0,0,1,0,0,0,0,1,0,1,0,1,0,1,103,1512,15,38,0
0,4,30,2,6,0,0,0,0,0,1.525,0,0,0,1,0,4,0,0,1,0,0,0,0,8.987197,0,0,1,0,0,103,1512,15,39,0
0,0,25,2,6,0,0,0,1,0,1.575,0,0,0,1,0,5,0,0,0,0,1,0,0,0,1,0,1,0,1,54,1512,15,40,0
1,0,32,2,6,0,0,0,1,0,1.6,0,0,0,1,0,5,0,0,1,0,0,0,0,0,1,0,1,0,1,53,1512,15,41,0
0,2,23,1,6,0,0,1,0,0,1.575,0,0,0,1,0,4,0,0,0,1,0,0,0,0,1,0,1,0,1,54,1512,15,42,0
1,0,24,3,6,0,0,0,1,0,1.575,0,0,0,0,1,4,0,0,1,0,0,0,0,0,1,0,1,0,0,53,1512,15,43,0
0,0,36,2,6,0,0,0,1,0,1.6,0,0,0,1,0,4,0,0,1,0,0,0,0,0,1,0,1,0,1,53,1512,15,44,0
0,0,23,2,6,0,1,0,1,0,1.55,0,0,0,1,0,4,0,0,1,0,0,0,0,0,1,0,1,0,1,53,1512,15,45,0
0,2,23,0,6,0,1,1,0,0,1.525,0,1,0,1,0,4,0,0,1,0,0,0,0,0,1,0,1,0,0,53,1512,15,46,0
1,0,21,4,6,0,0,0,1,0,1.575,0,0,0,1,0,4,0,0,1,0,0,0,0,0,1,0,1,0,1,53,1512,15,47,0
0,0,27,2,6,0,1,0,1,0,1.5,0,0,0,0,0,4,0,0,0,0,0,0,1,0,1,0,1,0,0,48,1602,10,103,0
1,0,22,4,6,0,0,0,1,0,1.55,0,0,0,0,1,2,0,0,0,0,0,0,1,0,1,0,1,1,0,48,1602,10,104,0
0,0,28,2,6,0,0,0,1,0,1.55,0,0,0,0,0,2,0,0,0,0,0,0,1,0,1,0,1,1,0,48,1602,10,105,0
0,0,28,4,6,0,0,0,1,0,1.575,0,0,0,0,0,4,0,0,1,0,0,0,0,0,1,0,1,0,1,48,1602,10,106,0
0,5,0,4,6,0,1,0,0,1,0,1,0,0,0,0,5,0,0,1,0,0,0,0,0,1,5.50987,0,0,1,48,1602,10,107,0
1,0,31,4,6,0,0,0,1,0,1.6,0,0,0,0,0,4,0,0,0,0,1,0,0,0,1,0,1,0,1,48,1602,10,108,0
1,0,27,2,6,0,0,0,1,0,1.525,0,0,0,1,0,4,0,0,0,0,1,0,0,0,1,0,1,0,0,48,1602,10,109,0
0,0,28,0,6,0,1,0,1,0,1.5,0,1,0,0,0,4,0,0,1,0,0,0,0,0,1,0,1,0,1,48,1602,10,110,0
1,4,24,0,6,0,0,0,0,0,1.5,0,1,0,1,0,0,0,1,0,0,0,0,1,0,1,5.50987,0,1,0,48,1602,10,111,0
1,0,32,2,6,0,0,0,1,0,1.525,0,0,0,0,0,4,0,0,1,0,1,0,0,0,1,5.50987,0,0,1,48,1602,10,112,0
1,0,30,1,6,0,0,0,1,0,1.55,0,0,0,1,0,4,0,0,1,0,0,0,0,0,1,0,1,0,1,76,1602,12,103,0
0,0,29,3,6,0,1,0,1,0,1.55,0,0,0,1,0,4,0,0,1,0,0,0,0,0,1,0,1,0,0,47,1602,12,27,0
1,0,29,2,6,0,0,0,1,0,1.6,0,0,0,0,1,5,0,0,1,0,0,0,0,0,1,5.50987,0,0,0,47,1602,12,28,0
1,0,25,0,6,0,0,0,1,0,1.575,0,1,0,1,0,5,0,0,1,0,0,0,0,0,1,0,1,0,1,47,1602,12,29,0
0,0,24,4,6,0,1,0,1,0,1.525,0,0,0,0,1,5,0,0,1,0,0,0,0,0,1,0,1,0,1,47,1602,12,30,0
0,0,27,3,6,0,0,0,1,0,1.55,0,0,0,0,1,4,0,0,0,0,0,0,1,0,1,0,1,0,1,47,1602,12,31,0
1,4,24,2,6,0,0,0,0,0,1.575,0,0,0,0,1,5,0,0,1,0,0,0,0,0,1,0,1,0,1,47,1602,12,32,0
0,0,27,2,6,0,1,0,1,0,1.525,0,0,0,0,1,4,0,0,0,1,0,0,0,0,1,0,1,0,1,47,1602,12,33,0
1,4,26,1,6,0,0,0,0,0,1.575,0,0,0,0,1,4,0,0,1,0,0,0,0,0,1,0,1,0,0,47,1602,12,34,0
0,4,24,2,6,0,1,0,0,0,1.5,0,0,0,0,1,5,0,0,1,0,0,0,0,0,1,0,1,0,0,47,1602,12,35,0
1,2,27,0,6,0,0,1,0,0,1.55,0,1,0,0,1,4,0,0,0,1,0,0,0,0,1,0,1,0,1,47,1602,12,36,0
1,0,27,3,6,0,0,0,1,0,1.55,0,0,0,0,1,4,0,0,0,0,1,0,0,0,1,0,1,0,1,47,1602,12,37,0
0,0,28,2,6,0,1,0,1,0,1.5,0,0,0,1,0,6,0,0,0,0,1,0,0,0,1,0,1,0,1,47,1602,12,38,0
1,4,23,2,6,0,0,0,0,0,1.45,0,0,0,1,0,5,0,0,1,0,0,0,0,0,1,0,1,0,0,47,1602,12,39,0
0,0,27,2,6,0,1,0,1,0,1.5625,0,0,0,0,1,5,0,0,1,0,0,0,0,0,1,5.50987,0,0,0,47,1602,12,40,0
1,0,24,2,6,0,0,0,1,0,1.45,0,0,0,1,0,4,0,0,1,0,0,0,0,0,1,0,1,0,0,47,1602,12,41,0
0,0,28,2,6,0,1,0,1,0,1.525,0,0,0,0,1,4,0,0,1,0,0,0,0,0,1,0,1,0,1,47,1602,12,42,0
1,4,23,2,6,0,0,0,0,0,1.5875,0,0,0,0,1,5,0,0,1,0,0,0,0,0,1,0,1,0,1,47,1602,12,43,0
1,0,30,4,6,0,0,0,1,0,1.5,0,0,0,0,1,4,0,0,0,0,1,0,0,0,1,0,1,0,0,47,1602,12,44,0
1,0,32,4,6,0,0,0,1,0,1.55,0,0,0,0,1,4,0,0,1,0,0,0,0,8.987197,0,5.049275,0,0,1,47,1602,12,45,0
1,0,32,2,6,0,0,0,1,0,1.525,0,0,0,0,1,5,0,0,1,0,0,0,0,0,1,5.50987,0,0,0,47,1602,12,46,0
1,0,24,4,6,0,0,0,1,0,1.525,0,0,0,0,1,4,0,0,0,1,0,0,0,0,1,0,1,0,1,47,1602,12,47,0
1,4,27,2,6,0,0,0,0,0,1.55,0,0,0,0,1,4,0,0,0,0,1,0,0,0,1,6.094067,0,0,0,47,1602,12,48,0
1,0,27,2,6,0,0,0,1,0,1.55,0,0,0,0,1,0,0,1,0,0,0,0,1,0,1,5.049275,0,0,0,47,1602,12,49,0
1,0,32,3,6,0,0,0,1,0,1.55,0,0,0,0,1,4,0,0,1,0,0,0,0,0,1,0,1,0,0,47,1602,12,50,0
0,0,26,4,6,0,1,0,1,0,1.575,0,0,0,0,1,1,0,0,0,0,0,0,1,0,1,0,1,0,1,47,1602,12,51,0
1,0,26,2,6,0,0,0,1,0,1.525,0,0,0,0,1,4,0,0,1,0,0,0,0,0,1,0,1,0,0,47,1602,12,52,0
1,0,26,2,6,0,0,0,1,0,1.575,0,0,0,0,1,4,0,0,0,0,1,0,0,0,1,5.049275,0,0,1,47,1602,12,53,0
1,2,27,4,6,0,0,1,0,0,1.55,0,0,0,0,1,4,0,0,0,0,1,0,0,0,1,0,1,0,0,47,1602,12,54,0
1,0,24,2,6,0,0,0,1,0,1.575,0,0,0,0,1,5,0,0,0,0,1,0,0,0,1,0,1,0,0,47,1602,12,55,0
0,0,31,5,6,0,1,0,1,0,1.55,0,0,0,0,1,4,0,0,0,1,0,0,0,0,1,5.50987,0,0,0,47,1602,12,56,0
0,2,26,2,6,0,1,1,0,0,1.5625,0,0,0,0,1,4,0,0,0,0,1,0,0,0,1,0,1,0,0,47,1602,12,57,0
1,0,30,0,6,0,0,0,1,0,1.55,0,1,0,0,1,0,0,1,0,0,0,0,1,0,1,4.91469,0,0,0,47,1602,12,58,0
0,0,29,0,6,0,1,0,1,0,1.55,0,1,0,0,1,5,0,0,1,0,0,0,0,0,1,0,1,0,1,47,1602,12,59,0
1,0,24,2,6,0,0,0,1,0,1.6,0,0,0,0,1,5,0,0,1,0,0,0,0,0,1,0,1,0,1,47,1602,12,60,0
1,0,21,0,6,0,0,0,1,0,1.55,0,1,1,0,0,4,0,0,1,0,0,0,0,0,1,0,1,0,1,47,1602,12,61,0
1,0,29,2,6,0,0,0,1,0,1.55,0,0,0,1,0,4,0,0,1,0,0,0,0,0,1,0,1,0,1,47,1602,12,62,0
0,0,30,2,6,0,1,0,1,0,1.5375,0,0,0,0,1,4,0,0,0,0,1,0,0,0,1,0,1,0,1,47,1602,12,63,0
1,0,29,2,6,0,0,0,1,0,1.6,0,0,0,0,1,4,0,0,0,0,1,0,0,0,1,0,1,0,1,47,1602,12,64,0
0,0,27,0,6,0,1,0,1,0,1.525,0,1,0,0,1,0,0,1,0,0,0,0,1,0,1,5.50987,0,0,0,47,1602,12,65,0
1,0,23,2,6,0,0,0,1,0,1.55,0,0,0,0,1,5,0,0,1,0,0,0,0,0,1,0,1,0,0,47,1602,12,66,0
0,0,29,0,6,0,1,0,1,0,1.575,0,1,0,0,1,5,0,0,1,0,0,0,0,0,1,0,1,0,1,47,1602,12,67,0
1,0,25,4,6,0,0,0,1,0,1.5375,0,0,0,0,1,4,0,0,0,1,0,0,0,0,1,0,1,0,1,47,1602,12,68,0
1,0,31,2,6,0,0,0,1,0,1.55,0,0,0,1,0,5,0,0,1,0,0,0,0,0,1,0,1,0,1,44,1602,13,212,0
0,0,30,2,6,0,1,0,1,0,1.55,0,0,0,0,0,6,0,0,1,0,0,0,0,0,1,6.093101,0,0,1,44,1602,13,213,0
1,0,34,4,6,0,0,0,1,0,1.625,0,0,0,0,1,4,0,0,0,0,1,0,0,0,1,5.50987,0,0,0,44,1602,13,214,0
1,0,24,2,6,0,0,0,1,0,1.475,0,0,0,0,1,0,0,1,0,0,0,0,1,0,1,0,1,0,0,44,1602,13,215,0
1,2,22,0,6,0,0,1,0,0,1.575,0,1,0,1,0,0,0,1,1,0,0,0,0,0,1,0,1,0,1,44,1602,13,216,0
1,0,23,3,6,0,0,0,1,0,1.55,0,0,0,0,0,4,0,0,1,0,0,0,0,0,1,0,1,0,1,44,1602,13,217,0
1,4,24,2,6,0,0,0,0,0,1.5,0,0,0,1,0,1,0,0,0,0,1,0,0,0,1,5.049275,0,0,0,44,1602,13,218,0
1,0,33,2,6,0,0,0,1,0,1.6,0,0,0,1,0,6,0,0,0,0,0,0,1,0,1,0,1,0,1,44,1602,13,219,0
0,0,28,2,6,0,1,0,1,0,1.55,0,0,0,1,0,4,0,0,1,0,0,0,0,0,1,0,1,0,0,44,1602,13,220,0
1,0,25,2,6,0,0,0,1,0,1.55,0,0,0,1,0,3,0,0,0,0,1,0,0,0,1,0,1,0,0,44,1602,13,221,0
1,4,29,0,6,0,0,0,0,0,1.55,0,1,0,0,1,5,0,0,1,0,0,0,0,0,1,5.50987,0,0,0,44,1602,13,222,0
1,0,29,2,6,0,0,0,1,0,1.575,0,0,0,1,0,5,0,0,1,0,0,0,0,0,1,0,1,0,1,44,1602,13,223,0
0,0,31,0,6,0,1,0,1,0,1.5,0,1,1,0,0,6,0,0,0,0,1,0,0,9.740969,0,6.094067,0,0,1,45,1602,13,224,0
1,0,27,0,6,0,0,0,1,0,1.55,0,1,0,1,0,4,0,0,1,0,0,0,0,0,1,0,1,0,0,44,1602,13,225,0
1,0,25,2,6,0,0,0,1,0,1.525,0,0,0,1,0,4,0,0,0,0,1,0,0,0,1,0,1,0,0,44,1602,13,226,0
1,0,25,2,6,0,0,0,1,0,1.675,0,0,0,0,0,6,0,0,0,0,1,0,0,0,1,6.094067,0,0,1,44,1602,13,227,0
1,0,24,2,6,0,0,0,1,0,1.55,0,0,0,1,0,5,0,0,1,0,0,0,0,0,1,0,1,0,0,44,1602,13,228,0
1,0,23,2,6,0,0,0,1,0,1.575,0,0,0,0,0,4,0,0,1,0,0,0,0,0,1,0,1,0,0,44,1602,13,229,0
1,0,24,4,6,0,0,0,1,0,1.5,0,0,0,0,1,4,0,0,1,0,0,0,0,0,1,0,1,0,0,44,1602,13,230,0
0,0,28,2,6,0,1,0,1,0,1.575,0,0,0,1,0,4,0,0,0,0,1,0,0,0,1,0,1,0,1,44,1602,13,231,0
1,0,33,0,6,0,0,0,1,0,1.5,0,1,0,1,0,4,0,0,0,1,0,0,0,0,1,0,1,0,1,44,1602,13,232,0
1,4,21,0,6,0,0,0,0,0,1.55,0,1,0,1,0,0,0,1,1,0,0,0,0,0,1,0,1,0,0,44,1602,13,233,0
1,0,24,3,6,0,0,0,1,0,1.625,0,0,0,0,1,5,0,0,0,0,1,0,0,0,1,0,1,0,0,44,1602,13,234,0
1,0,23,0,6,0,0,0,1,0,1.575,0,1,0,1,0,3,0,0,1,0,0,0,0,0,1,0,1,1,0,44,1602,13,235,0
1,0,25,2,6,0,0,0,1,0,1.55,0,0,0,1,0,5,0,0,1,0,0,0,0,0,1,0,1,0,0,44,1602,13,236,0
1,0,26,2,6,0,0,0,1,0,1.625,0,0,0,1,0,6,0,0,0,1,1,0,0,0,1,0,1,0,1,44,1602,13,237,0
1,0,23,2,6,0,0,0,1,0,1.6,0,0,0,0,1,1,0,0,0,0,0,0,1,0,1,0,1,0,0,54,1602,14,3,0
0,0,29,0,6,0,1,0,1,0,1.575,0,1,0,1,0,4,0,0,1,0,0,0,0,0,1,0,1,0,1,53,1602,14,4,0
0,0,20,2,6,0,0,0,1,0,1.55,0,0,1,0,0,3,0,0,1,0,0,0,0,0,1,0,1,0,0,53,1602,14,5,0
1,0,40,2,6,0,0,0,1,0,1.6,0,0,0,1,0,2,0,0,0,0,0,0,1,0,1,5.50987,0,0,1,53,1602,14,7,0
1,0,22,2,6,0,0,0,1,0,1.625,0,0,0,1,0,4,0,0,1,0,0,0,0,0,1,0,1,0,0,54,1602,14,8,0
1,0,26,2,6,0,0,0,1,0,1.525,0,0,0,1,0,4,0,0,1,0,0,0,0,0,1,0,1,0,1,53,1602,14,9,0
1,0,20,0,6,0,0,0,1,0,1.575,0,1,0,1,0,4,0,0,1,0,0,0,0,0,1,0,1,1,0,53,1602,14,10,0
0,0,25,2,6,0,0,0,1,0,1.575,0,0,0,1,0,5,0,0,1,1,0,0,0,0,1,0,1,0,1,53,1602,14,11,0
0,0,23,1,6,0,0,0,1,0,1.55,0,0,0,1,0,4,0,0,1,0,1,0,0,0,1,0,1,0,1,53,1602,14,12,0
1,0,22,3,6,0,0,0,1,0,1.575,0,0,0,1,0,4,0,0,0,0,1,0,0,0,1,0,1,0,0,44,1602,14,74,0
1,0,27,3,6,0,0,0,1,0,1.6,0,0,0,0,1,4,0,0,1,0,0,0,0,0,1,0,1,0,0,47,1603,12,16,0
1,0,27,2,6,0,0,0,1,0,1.5875,0,0,0,0,1,5,0,0,1,0,0,0,0,0,1,5.50987,0,1,0,47,1603,12,17,0
1,4,27,2,6,0,0,0,0,0,1.575,0,0,0,1,0,5,0,0,1,0,0,0,0,0,1,0,1,0,0,47,1603,12,18,0
1,0,28,0,6,0,0,0,1,0,1.525,0,1,0,1,0,6,0,0,1,0,0,0,0,0,1,0,1,1,0,47,1603,12,19,0
1,0,32,2,6,0,0,0,1,0,1.6,0,0,0,1,0,4,0,0,1,0,0,0,0,0,1,0,1,0,0,47,1603,12,20,0
1,4,26,3,6,0,0,0,0,0,1.55,0,0,0,0,1,4,0,0,0,0,0,0,1,0,1,0,1,0,0,47,1603,12,21,0
1,0,26,2,6,0,0,0,1,0,1.55,0,0,0,1,0,5,0,0,1,0,0,0,0,0,1,0,1,0,0,47,1603,12,22,0
1,0,23,2,6,0,0,0,1,0,1.55,0,0,0,1,0,4,0,0,1,0,0,0,0,0,1,0,1,0,0,47,1603,12,23,0
1,0,32,2,6,0,0,0,1,0,1.6,0,0,0,1,0,2,0,0,0,0,0,0,1,0,1,0,1,0,0,47,1603,12,24,0
1,0,27,2,6,0,0,0,1,0,1.525,0,0,0,0,0,5,0,0,1,0,0,0,0,0,1,0,1,0,0,47,1603,12,25,0
1,0,36,2,6,0,0,0,1,0,1.625,0,0,0,0,0,5,0,0,0,0,1,0,0,0,1,5.825603,0,0,0,47,1603,12,26,0
1,0,30,2,6,0,0,0,1,0,1.55,0,0,0,1,0,4,0,0,1,0,0,0,0,0,1,0,1,0,0,47,1603,12,27,0
0,0,23,2,6,0,1,0,1,0,1.5875,0,0,0,1,0,5,0,0,1,0,0,0,0,0,1,0,1,1,0,47,1603,12,28,0
0,0,32,2,6,0,1,0,1,0,1.525,0,0,0,0,1,2,0,0,0,0,0,0,1,0,1,0,1,1,0,47,1603,12,29,1
0,0,30,0,6,0,1,0,1,0,1.5,0,1,0,1,0,0,0,1,0,0,0,0,1,0,1,0,1,1,0,47,1603,12,29,1
0,0,29,0,6,0,0,0,1,0,1.5,0,1,1,0,0,4,0,0,0,0,0,0,1,0,1,0,1,0,1,47,1603,12,30,0
1,0,28,0,6,0,0,0,1,0,1.575,0,1,0,0,1,5,0,0,1,0,0,0,0,0,1,5.50987,0,0,0,47,1603,12,31,0
1,0,26,0,6,0,0,0,1,0,1.525,0,1,0,1,0,4,0,0,0,1,0,0,0,0,1,0,1,0,0,47,1603,12,32,0
1,2,29,3,6,0,0,1,0,0,1.5625,0,0,0,1,0,4,0,0,0,0,1,0,0,0,1,5.049275,0,0,1,47,1603,12,33,0
1,4,24,3,6,0,0,0,0,0,1.55,0,0,0,0,0,0,0,1,1,0,0,0,0,0,1,0,1,0,0,47,1603,12,34,0
1,0,28,2,6,0,0,0,1,0,1.5,0,0,0,1,0,4,0,0,0,0,1,0,0,0,1,5.049275,0,0,1,47,1603,12,35,0
0,0,29,0,6,0,1,0,1,0,0,1,1,0,1,0,5,0,0,0,0,1,0,0,0,1,5.50987,0,0,1,47,1603,12,36,0
0,0,35,2,6,0,0,0,1,0,1.475,0,0,0,1,0,5,0,0,1,0,0,0,0,0,1,0,1,0,1,47,1603,12,37,0
1,0,24,0,6,0,0,0,1,0,1.625,0,1,0,0,1,4,0,0,1,0,0,0,0,0,1,0,1,0,0,47,1603,12,38,0
0,0,29,0,6,0,1,0,1,0,1.6,0,1,0,1,0,4,0,0,1,0,0,0,0,0,1,0,1,0,0,47,1603,12,39,0
1,0,31,3,6,0,0,0,1,0,1.55,0,0,0,1,0,6,0,0,0,0,1,0,0,0,1,5.50987,0,0,0,47,1603,12,40,0
0,4,23,0,6,0,1,0,0,0,1.5625,0,1,0,0,0,4,0,0,1,0,0,0,0,0,1,0,1,0,0,53,1603,13,1,0
1,0,39,0,6,0,0,0,1,0,1.65,0,1,0,0,1,4,0,0,0,0,0,0,1,0,1,0,1,0,0,53,1603,13,2,0
0,0,28,2,6,0,0,0,1,0,1.5375,0,0,0,1,0,4,0,0,1,0,0,0,0,0,1,0,1,0,1,53,1603,13,3,0
1,0,23,2,6,0,0,0,1,0,1.575,0,0,0,1,0,4,0,0,1,0,0,0,0,0,1,0,1,0,1,53,1603,13,4,0
1,0,30,0,6,0,0,0,1,0,1.55,0,1,0,1,0,5,0,0,0,0,1,0,0,0,1,5.825603,0,0,1,53,1603,13,5,0
0,0,28,2,6,0,1,0,1,0,1.55,0,0,1,0,0,2,0,0,0,0,0,0,1,0,1,0,1,0,0,54,1603,13,6,0
1,4,33,3,6,0,0,0,0,0,1.5,0,0,0,0,1,4,0,0,1,0,0,0,0,0,1,0,1,0,0,76,1603,13,13,0
1,4,25,2,6,0,0,0,0,0,1.55,0,0,0,1,0,5,0,0,1,0,0,0,0,0,1,0,1,0,0,44,1603,13,47,0
0,0,35,2,6,0,1,0,1,0,1.525,0,0,0,1,0,5,0,0,0,0,1,0,0,9.433484,0,0,1,0,1,48,1603,14,193,0
1,0,22,3,6,0,0,0,1,0,1.575,0,0,0,0,1,4,0,0,1,0,0,0,0,0,1,0,1,0,0,48,1603,14,194,0
0,0,20,2,6,0,1,0,1,0,1.55,0,0,0,1,0,4,0,0,1,0,0,0,0,0,1,0,1,1,0,48,1603,14,195,0
1,0,28,3,6,0,0,0,1,0,1.55,0,0,0,1,0,4,0,0,1,0,0,0,0,0,1,0,1,0,1,48,1603,14,196,0
0,0,24,2,6,0,1,0,1,0,1.575,0,0,0,0,0,0,0,1,0,0,1,0,0,0,1,0,1,0,1,48,1603,14,197,0
1,0,27,2,6,0,0,0,1,0,1.525,0,0,0,1,0,4,0,0,0,0,1,0,0,0,1,0,1,0,0,53,1603,14,204,0
1,0,34,0,6,0,0,0,1,0,1.625,0,1,0,0,1,0,0,1,0,0,0,0,1,0,1,5.825603,0,0,0,53,1603,14,205,0
1,0,26,0,6,0,0,0,1,0,0,1,1,0,1,0,0,0,1,0,0,0,0,1,0,1,5.50987,0,0,1,53,1603,14,206,0
0,0,29,2,6,0,0,0,1,0,1.67,0,0,1,0,0,5,0,0,1,1,0,0,0,0,1,6.093101,0,0,1,54,1603,14,207,0
1,0,23,2,6,0,0,0,1,0,1.575,0,0,1,0,0,5,0,0,1,0,0,0,0,0,1,0,1,0,0,44,1603,14,43,0
1,2,27,2,6,0,0,1,0,0,1.575,0,0,0,1,0,5,0,0,0,0,1,0,0,0,1,0,1,1,0,44,1603,14,44,0
1,0,25,3,6,0,0,0,1,0,1.5,0,0,0,1,0,4,0,0,1,0,0,0,0,0,1,5.825603,0,0,1,44,1603,14,45,0
0,0,31,2,6,0,1,0,1,0,1.575,0,0,0,1,0,5,0,0,1,0,0,0,0,0,1,0,1,0,1,44,1603,14,46,0
1,0,20,2,6,0,0,0,1,0,1.625,0,0,0,1,0,0,0,1,1,0,0,0,0,0,1,0,1,0,0,44,1603,14,47,0
1,0,23,2,6,0,0,0,1,0,1.6,0,0,0,1,0,4,0,0,1,0,0,0,0,0,1,0,1,0,0,44,1603,14,48,0
1,0,27,1,6,0,0,0,1,0,1.55,0,0,0,1,0,5,0,0,1,0,0,0,0,0,1,0,1,0,1,76,1603,14,49,0
1,0,33,2,6,0,0,0,1,0,1.6,0,0,0,1,0,5,0,0,1,0,0,0,0,0,1,5.50987,0,0,1,44,1603,14,50,0
0,0,26,0,6,0,1,0,1,0,1.575,0,1,0,1,0,5,0,0,1,0,0,0,0,0,1,0,1,0,0,44,1603,14,51,0
1,0,25,3,6,0,0,0,1,0,1.55,0,0,0,0,0,4,0,0,1,0,0,0,0,0,1,0,1,0,1,44,1603,14,52,0
1,6,28,2,6,0,0,0,0,0,1.5,0,0,0,1,0,6,0,0,0,0,0,0,1,0,1,6.093101,0,0,0,44,1603,14,53,0
1,0,31,2,6,0,0,0,1,0,1.5,0,0,0,1,0,4,0,0,0,0,0,0,1,0,1,0,1,0,0,44,1711,8,87,1
1,4,31,0,6,0,0,0,0,0,1.5,0,1,0,1,0,4,0,0,0,0,0,0,1,0,1,0,1,0,0,44,1711,8,88,1
1,0,24,2,6,0,0,0,1,0,1.525,0,0,0,0,0,5,0,0,0,0,0,0,1,0,1,0,1,0,0,44,1711,10,57,0
1,0,25,2,6,0,0,0,1,0,1.575,0,0,0,1,0,5,0,0,0,0,0,0,1,0,1,0,1,0,0,47,1711,12,39,0
1,4,26,2,6,0,0,0,0,0,1.6,0,0,0,0,1,3,0,0,0,1,0,0,0,0,1,0,1,0,0,47,1711,12,40,0
1,0,25,2,6,0,0,0,1,0,1.575,0,0,0,0,0,4,0,0,0,0,0,0,1,0,1,0,1,0,0,47,1711,12,41,0
0,0,26,3,6,0,1,0,1,0,1.6,0,0,0,1,0,4,0,0,0,0,0,0,1,0,1,5.447579,0,0,0,47,1711,12,42,0
0,0,28,0,6,0,1,0,1,0,0,1,1,0,0,1,5,0,0,0,0,0,0,1,0,1,0,1,0,0,47,1711,12,43,0
1,2,28,2,6,0,0,1,0,0,1.55,0,0,0,1,0,5,0,0,0,0,1,0,0,0,1,0,1,0,0,47,1711,12,44,0
0,0,26,2,6,0,1,0,1,0,1.5625,0,0,0,0,0,2,0,0,0,0,0,0,1,0,1,0,1,0,0,47,1711,12,45,0
1,0,23,2,6,0,0,0,1,0,1.5,0,0,0,0,1,5,0,0,0,0,0,0,1,0,1,0,1,1,0,47,1711,12,46,0
1,2,28,3,6,0,0,1,0,0,1.525,0,0,0,0,1,0,0,1,0,0,0,0,1,0,1,0,1,0,1,47,1711,12,47,0
0,4,33,2,6,0,1,0,0,0,1.575,0,0,0,1,0,4,0,0,0,0,0,0,1,0,1,0,1,0,1,47,1711,12,48,0
1,4,22,2,6,0,0,0,0,0,1.575,0,0,0,1,0,0,0,1,0,0,0,0,1,0,1,0,1,0,0,47,1711,12,49,0
1,4,25,3,6,0,0,0,0,0,1.525,0,0,0,1,0,5,0,0,0,0,0,0,1,0,1,0,1,0,1,47,1711,12,50,0
0,0,28,2,6,0,1,0,1,0,1.525,0,0,0,1,0,2,0,0,0,0,0,0,1,0,1,0,1,0,0,47,1711,12,51,0
1,2,27,4,6,0,0,1,0,0,1.55,0,0,0,0,0,4,0,0,1,0,0,0,0,0,1,0,1,0,0,47,1711,12,52,0
0,2,28,2,6,0,1,1,0,0,1.575,0,0,0,1,0,5,0,0,0,0,1,0,0,9.615806,0,0,1,0,1,47,1711,12,53,0
0,0,26,2,6,0,0,0,1,0,1.575,0,0,0,1,0,5,0,0,0,1,0,0,0,0,1,0,1,0,0,47,1711,12,54,0
0,0,25,2,6,0,1,0,1,0,1.575,0,0,1,0,0,5,0,0,1,0,1,0,0,0,1,0,1,0,1,47,1711,12,55,0
1,0,27,2,6,0,0,0,1,0,1.525,0,0,0,0,0,4,0,0,0,0,0,0,1,0,1,0,1,0,0,47,1711,12,56,0
0,0,23,2,6,0,1,0,1,0,1.575,0,0,0,0,1,0,0,1,0,0,0,0,1,0,1,0,1,0,0,47,1711,12,57,0
1,0,26,2,6,0,0,0,1,0,1.575,0,0,0,0,0,2,0,0,0,0,0,0,1,0,1,0,1,0,1,47,1711,12,58,0
0,0,24,2,6,0,0,0,1,0,1.525,0,0,0,1,0,2,0,0,0,0,0,0,1,0,1,0,1,0,1,47,1711,12,59,0
0,0,29,0,6,0,1,0,1,0,0,1,1,0,1,0,5,0,0,0,0,0,0,1,0,1,0,1,0,1,47,1711,12,60,0
0,0,28,0,6,0,1,0,1,0,1.55,0,1,0,1,0,0,0,1,0,0,0,0,1,0,1,5.50987,0,0,0,47,1711,12,61,0
1,0,29,2,6,0,0,0,1,0,1.525,0,0,0,0,0,6,0,0,0,0,0,0,1,0,1,0,1,0,0,47,1711,12,62,0
1,0,25,0,6,0,0,0,1,0,1.55,0,1,0,1,0,5,0,0,0,0,0,0,1,0,1,0,1,0,0,47,1711,12,63,0
1,2,29,2,6,0,0,1,0,0,1.55,0,0,0,0,0,5,0,0,1,0,1,0,0,0,1,5.50987,0,0,0,47,1711,12,64,0
1,0,27,0,6,0,0,0,1,0,1.55,0,1,0,0,1,4,0,0,0,0,0,0,1,0,1,5.049275,0,0,0,47,1711,12,65,0
1,0,30,0,6,0,0,0,1,0,1.575,0,1,0,0,1,5,0,0,1,0,1,0,0,0,1,5.50987,0,0,0,47,1711,12,66,0
1,4,24,2,6,0,0,0,0,0,1.5,0,0,0,0,0,0,0,1,0,0,0,0,1,0,1,0,1,0,0,47,1711,12,67,0
1,0,22,2,6,0,0,0,1,0,1.6,0,0,0,1,0,4,0,0,0,0,0,0,1,0,1,0,1,0,1,47,1711,12,68,0
1,0,26,2,6,0,0,0,1,0,1.6,0,0,0,1,0,0,0,1,0,0,0,0,1,0,1,0,1,0,0,47,1711,12,69,0
1,0,28,2,6,0,0,0,1,0,1.55,0,0,0,1,0,4,0,0,0,0,1,0,0,0,1,0,1,0,1,47,1711,12,70,0
1,0,26,2,6,0,0,0,1,0,1.55,0,0,0,1,0,5,0,0,0,0,0,0,1,0,1,0,1,0,0,47,1711,12,71,0
0,0,28,3,6,0,0,0,1,0,1.525,0,0,0,1,0,5,0,0,0,0,0,0,1,0,1,0,1,0,1,47,1711,12,72,0
1,0,25,3,6,0,0,0,1,0,1.6125,0,0,0,1,0,5,0,0,0,0,0,0,1,0,1,0,1,0,0,47,1711,12,73,0
0,0,30,3,6,0,1,0,1,0,1.55,0,0,0,0,0,2,0,0,0,0,0,0,1,0,1,0,1,0,0,47,1711,12,74,0
0,0,32,2,6,0,1,0,1,0,1.6,0,0,0,1,0,6,0,0,1,0,0,0,0,0,1,5.50987,0,0,0,47,1711,12,75,0
0,0,27,2,6,0,1,0,1,0,1.55,0,0,0,0,0,5,0,0,0,0,1,0,0,0,1,6.093101,0,0,1,47,1711,12,76,0
1,0,21,2,6,0,0,0,1,0,1.5,0,0,0,1,0,0,0,1,0,0,0,0,1,0,1,0,1,0,0,47,1711,12,77,0
0,2,27,2,6,0,1,1,0,0,1.475,0,0,0,0,1,5,0,0,0,0,0,0,1,0,1,0,1,0,1,47,1711,12,78,0
0,0,26,1,6,0,1,0,1,0,0,1,0,0,0,1,4,0,0,0,0,0,0,1,0,1,0,1,1,0,47,1711,12,79,0
0,2,0,2,6,0,1,1,0,1,1.55,0,0,0,1,0,5,0,0,1,0,0,0,0,0,1,0,1,0,0,47,1711,12,80,0
1,0,29,2,6,0,0,0,1,0,1.6,0,0,0,1,0,3,0,0,0,0,0,0,1,0,1,0,1,0,1,47,1711,12,81,0
0,0,31,3,6,0,1,0,1,0,1.575,0,0,0,1,0,0,0,1,0,0,0,0,1,0,1,5.794884,0,0,1,47,1711,12,82,0
0,0,26,2,6,0,1,0,1,0,1.55,0,0,0,1,0,5,0,0,0,0,0,0,1,0,1,0,1,1,0,47,1711,12,83,0
0,2,30,3,6,0,1,1,0,0,1.6,0,0,0,0,0,6,0,0,0,0,1,0,0,0,1,0,1,0,0,47,1711,12,84,0
0,0,28,3,6,0,0,0,1,0,1.575,0,0,0,1,0,4,0,0,1,0,0,0,0,0,1,0,1,0,0,47,1711,13,191,0
0,0,26,1,6,0,0,0,1,0,1.55,0,0,0,1,0,5,0,0,0,0,0,0,1,0,1,0,1,0,0,48,1711,14,177,0
0,0,25,2,6,0,1,0,1,0,1.575,0,0,0,1,0,4,0,0,1,0,0,0,0,0,1,0,1,0,0,48,1711,14,179,0
0,2,35,2,6,0,1,1,0,0,1.675,0,0,0,0,1,5,0,0,0,0,1,0,0,0,1,5.50987,0,0,1,48,1711,14,180,0
0,0,23,2,6,0,1,0,1,0,1.525,0,0,0,1,0,0,0,1,1,0,0,0,0,0,1,0,1,0,1,48,1711,14,181,0
1,0,24,2,6,0,0,0,1,0,1.55,0,0,0,1,0,4,0,0,0,0,0,0,1,0,1,0,1,0,1,48,1711,14,183,0
1,0,28,2,6,0,0,0,1,0,1.525,0,0,0,1,0,4,0,0,0,0,0,0,1,0,1,0,1,0,0,48,1711,14,184,0
0,2,29,2,6,0,0,1,0,0,1.5,0,0,0,0,0,4,0,0,0,0,1,0,0,0,1,6.093101,0,0,0,54,1711,14,195,0
1,0,20,2,6,0,0,0,1,0,1.55,0,0,0,1,0,3,0,0,1,0,0,0,0,0,1,0,1,0,0,103,1711,14,196,0
0,0,26,0,6,0,0,0,1,0,1.575,0,1,0,0,1,5,0,0,1,0,0,0,0,0,1,0,1,0,1,53,1711,14,197,0
0,0,25,2,6,0,0,0,1,0,1.525,0,0,0,1,0,4,0,0,0,0,0,0,1,0,1,0,1,0,0,54,1711,14,199,0
1,4,26,2,6,0,0,0,0,0,1.575,0,0,0,1,0,4,0,0,1,0,0,0,0,0,1,0,1,1,0,53,1711,14,200,0
0,2,34,4,6,0,0,1,0,0,1.575,0,0,0,0,0,2,0,0,0,0,0,0,1,0,1,0,1,0,1,54,1711,14,201,0
1,0,31,2,6,0,0,0,1,0,1.5,0,0,0,1,0,4,0,0,0,0,1,0,0,8.699514,0,5.50987,0,0,1,53,1711,14,202,0
0,0,22,2,6,0,0,0,1,0,1.6,0,0,0,0,1,2,0,0,1,0,0,0,0,0,1,0,1,0,1,53,1711,14,203,0
1,0,20,0,6,0,0,0,1,0,1.575,0,1,0,0,1,0,0,1,1,0,0,0,0,0,1,0,1,0,0,53,1711,14,204,0
1,0,25,2,6,0,0,0,1,0,1.575,0,0,0,1,0,3,0,0,0,0,0,0,1,0,1,0,1,0,0,53,1711,14,205,0
0,0,22,0,6,0,0,0,1,0,1.525,0,1,0,1,0,0,0,1,1,0,0,0,0,0,1,0,1,0,1,54,1711,14,206,0
1,2,24,0,6,0,0,1,0,0,1.525,0,1,0,1,0,4,0,0,0,1,0,0,0,0,1,0,1,0,0,53,1711,14,207,0
1,0,25,0,6,0,0,0,1,0,1.5,0,1,0,0,1,0,0,1,1,0,0,0,0,0,1,5.50987,0,0,1,53,1711,14,208,0
1,2,24,2,6,0,0,1,0,0,1.6,0,0,0,0,0,5,0,0,1,0,0,0,0,0,1,0,1,0,0,54,1711,14,209,0
1,0,24,0,6,0,0,0,1,0,1.625,0,1,0,0,1,5,0,0,1,0,0,0,0,0,1,5.50987,0,0,0,54,1711,14,210,0
0,0,25,4,6,0,0,0,1,0,1.55,0,0,0,0,0,5,0,0,1,0,0,0,0,0,1,0,1,0,1,44,1711,16,18,0
1,0,28,0,6,0,0,0,1,0,1.625,0,1,0,0,0,5,0,0,1,0,0,0,0,0,1,0,1,0,0,44,1711,16,19,0
0,0,33,2,6,0,1,0,1,0,1.55,0,0,0,0,0,4,0,0,0,0,1,0,0,0,1,0,1,0,1,44,1711,16,20,0
1,0,27,2,6,0,0,0,1,0,1.5,0,0,0,0,0,4,0,0,0,0,0,0,1,0,1,0,1,0,0,44,1711,16,21,0
1,0,29,0,6,0,0,0,1,0,1.55,0,1,0,0,0,5,0,0,0,0,0,0,1,0,1,0,1,0,1,44,1711,16,22,0
1,0,22,2,6,0,0,0,1,0,1.625,0,0,0,1,0,4,0,0,0,0,0,0,1,0,1,0,1,0,0,44,1711,16,23,0
1,0,25,2,6,0,0,0,1,0,1.5625,0,0,0,0,0,2,0,0,0,0,0,0,1,0,1,0,1,0,1,44,1711,16,24,0
1,0,21,2,6,0,0,0,1,0,1.6375,0,0,1,0,0,4,0,0,1,0,0,0,0,0,1,0,1,0,0,44,1711,16,25,0
1,0,32,2,6,0,0,0,1,0,1.55,0,0,0,0,0,5,0,0,1,0,0,0,0,0,1,0,1,0,1,44,1711,16,26,0
0,0,27,0,6,0,1,0,1,0,1.625,0,1,0,1,0,5,0,0,0,0,0,0,1,0,1,0,1,0,0,44,1711,16,27,0
1,0,23,4,6,0,0,0,1,0,1.55,0,0,0,0,1,0,0,1,1,0,0,0,0,0,1,0,1,0,1,44,1711,16,28,0
0,0,32,2,6,0,1,0,1,0,1.65,0,0,0,0,0,1,0,0,0,0,0,0,1,0,1,0,1,0,1,44,1711,16,29,0
1,0,31,2,6,0,0,0,1,0,1.625,0,0,0,0,0,6,0,0,0,0,0,0,1,0,1,0,1,0,0,44,1711,16,30,0
1,2,30,2,6,0,0,1,0,0,1.575,0,0,0,0,1,0,0,1,0,0,0,0,1,0,1,5.923223,0,0,1,44,1711,16,31,0
1,0,33,2,6,0,0,0,1,0,1.6,0,0,0,1,0,5,0,0,1,0,0,0,0,0,1,0,1,0,1,44,1711,16,32,0
0,0,23,3,6,0,1,0,1,0,1.675,0,0,0,0,0,4,0,0,0,1,0,0,0,0,1,0,1,0,0,44,1711,16,33,0
0,0,31,0,6,0,1,0,1,0,1.575,0,1,0,0,1,5,0,0,0,0,0,0,1,0,1,0,1,0,1,44,1711,16,34,0
1,0,23,0,6,0,0,0,1,0,1.55,0,1,0,0,0,4,0,0,0,0,0,0,1,0,1,0,1,0,1,44,1711,16,35,0
1,0,23,4,6,0,0,0,1,0,1.6,0,0,0,0,0,0,0,1,0,1,0,0,0,0,1,0,1,0,1,44,1711,16,36,0
1,4,23,2,6,0,0,0,0,0,1.5625,0,0,0,1,0,3,0,0,0,1,0,0,0,0,1,0,1,0,1,44,1711,16,37,0
1,0,24,2,6,0,0,0,1,0,1.65,0,0,0,1,0,4,0,0,0,0,0,0,1,0,1,0,1,0,0,44,1711,16,38,0
1,0,24,2,6,0,0,0,1,0,1.6,0,0,0,0,0,4,0,0,0,0,1,0,0,0,1,0,1,0,1,44,1901,3,123,0
1,0,29,0,6,0,0,0,1,0,1.6,0,1,0,0,0,4,0,0,1,0,0,0,0,0,1,0,1,0,0,76,1901,11,8,0
1,0,26,2,6,0,0,0,1,0,1.525,0,0,0,1,0,4,0,0,0,0,1,0,0,0,1,0,1,0,0,48,1901,11,125,0
0,0,22,2,6,0,1,0,1,0,1.5625,0,0,1,0,0,4,0,0,1,0,0,0,0,0,1,0,1,0,0,47,1901,11,192,1
1,0,23,2,6,0,0,0,1,0,1.5,0,0,0,1,0,4,0,0,0,0,1,0,0,0,1,0,1,0,1,76,1901,11,28,0
1,0,26,0,6,0,0,0,1,0,1.55,0,1,0,0,1,4,0,0,1,0,0,0,0,0,1,0,1,0,0,47,1901,12,28,0
1,0,26,2,6,0,0,0,1,0,1.525,0,0,0,0,1,5,0,0,1,0,0,0,0,0,1,0,1,0,0,47,1901,12,29,0
1,2,27,4,6,0,0,1,0,0,1.475,0,0,0,0,1,4,0,0,1,0,0,0,0,0,1,5.049275,0,0,1,47,1901,12,30,0
1,0,27,2,6,0,0,0,1,0,1.6,0,0,0,0,1,5,0,0,0,0,1,0,0,0,1,0,1,0,1,47,1901,12,31,0
1,0,29,3,6,0,0,0,1,0,1.55,0,0,0,0,0,4,0,0,0,0,1,0,0,0,1,0,1,0,0,47,1901,12,32,0
1,4,29,0,6,0,0,0,0,0,1.5,0,1,0,0,1,4,0,0,0,0,1,0,0,0,1,0,1,0,1,47,1901,12,33,0
0,0,32,2,6,0,1,0,1,0,1.5,0,0,0,0,0,4,0,0,1,0,0,0,0,0,1,0,1,0,1,47,1901,12,34,0
1,0,32,2,6,0,0,0,1,0,1.575,0,0,0,0,0,5,0,0,1,0,0,0,0,0,1,0,1,0,1,47,1901,12,35,0
1,0,23,0,6,0,0,0,1,0,1.55,0,1,0,1,0,5,0,0,0,0,0,0,1,0,1,0,1,0,1,47,1901,12,36,0
0,0,23,2,6,0,1,0,1,0,1.525,0,0,0,0,0,4,0,0,1,0,0,0,0,0,1,0,1,0,1,47,1901,12,37,0
1,0,27,0,6,0,0,0,1,0,1.575,0,1,0,1,0,5,0,0,1,0,0,0,0,0,1,0,1,0,1,47,1901,12,38,0
0,2,23,2,6,0,1,1,0,0,1.575,0,0,0,1,0,4,0,0,0,1,0,0,0,8.853665,0,0,1,0,1,47,1901,12,39,0
1,0,34,2,6,0,0,0,1,0,1.55,0,0,1,0,0,4,0,0,0,0,1,0,0,0,1,0,1,0,0,47,1901,12,40,0
1,2,28,4,6,0,0,1,0,0,1.525,0,0,0,0,0,4,0,0,0,0,1,0,0,0,1,0,1,0,0,47,1901,12,41,0
1,0,25,0,6,0,0,0,1,0,0,1,1,0,1,0,4,0,0,1,0,0,0,0,0,1,0,1,0,0,47,1901,12,42,0
1,0,25,2,6,0,0,0,1,0,1.575,0,0,0,0,0,4,0,0,0,0,1,0,0,0,1,0,1,0,0,47,1901,12,43,0
1,0,28,5,6,0,0,0,1,0,1.55,0,0,0,0,1,4,0,0,1,0,0,0,0,0,1,0,1,0,0,47,1901,12,44,0
1,0,29,0,6,0,0,0,1,0,1.575,0,1,0,0,1,5,0,0,0,1,0,0,0,0,1,0,1,0,1,47,1901,12,45,0
1,4,25,2,6,0,0,0,0,0,1.5,0,0,0,1,0,5,0,0,1,0,0,0,0,0,1,0,1,0,1,47,1901,12,46,0
1,2,27,2,6,0,0,1,0,0,1.575,0,0,0,0,0,5,0,0,1,0,0,0,0,0,1,0,1,0,1,47,1901,12,47,0
1,2,30,3,6,0,0,1,0,0,1.5,0,0,0,0,0,4,0,0,0,0,1,0,0,0,1,0,1,0,0,47,1901,12,48,0
1,0,26,3,6,0,0,0,1,0,1.525,0,0,0,0,0,5,0,0,1,0,0,0,0,0,1,0,1,0,1,47,1901,12,49,0
0,0,32,2,6,0,1,0,1,0,1.6,0,0,0,1,0,6,0,0,1,0,1,0,0,0,1,5.50987,0,0,0,47,1901,12,50,0
1,0,26,2,6,0,0,0,1,0,1.625,0,0,0,1,0,5,0,0,1,0,0,0,0,0,1,6.093101,0,0,1,47,1901,12,51,0
1,0,26,2,6,0,0,0,1,0,1.55,0,0,0,1,0,4,0,0,0,0,1,0,0,0,1,0,1,0,1,47,1901,12,52,0
1,2,26,0,6,0,0,1,0,0,1.6375,0,1,0,0,0,4,0,0,0,0,1,0,0,0,1,5.049275,0,0,1,47,1901,12,53,0
0,0,23.5,1,6,0,0,0,1,0,1.55,0,0,0,1,0,5,0,0,0,1,0,0,0,0,1,0,1,0,1,47,1901,12,54,0
0,2,22,3,6,0,1,1,0,0,1.5,0,0,0,0,0,4,0,0,1,0,0,0,0,0,1,0,1,0,1,47,1901,12,55,0
1,0,33,2,6,0,0,0,1,0,1.55,0,0,0,0,0,5,0,0,1,0,1,0,0,0,1,5.50987,0,0,1,47,1901,12,56,0
1,0,32,0,6,0,0,0,1,0,1.55,0,1,0,1,0,4,0,0,1,0,1,0,0,0,1,5.50987,0,0,1,47,1901,12,57,0
0,0,23,2,6,0,1,0,1,0,1.5,0,0,0,0,0,4,0,0,1,0,0,0,0,0,1,0,1,0,1,47,1901,12,58,0
0,0,29,2,6,0,1,0,1,0,1.5,0,0,0,0,0,4,0,0,0,0,1,0,0,0,1,5.50987,0,0,1,47,1901,12,59,0
0,0,32,0,6,0,1,0,1,0,1.525,0,1,0,0,1,0,0,1,0,0,0,0,1,0,1,5.50987,0,0,1,47,1901,12,60,0
1,0,26,0,6,0,0,0,1,0,1.6,0,1,0,0,0,5,0,0,1,0,1,0,0,0,1,0,1,0,1,47,1901,12,61,0
0,0,30,5,6,0,0,0,1,0,1.575,0,0,0,0,1,5,0,0,1,0,0,0,0,0,1,0,1,0,1,47,1901,12,62,0
0,0,31,2,6,0,1,0,1,0,1.5,0,0,0,0,1,5,0,0,1,0,0,0,0,0,1,0,1,0,1,47,1901,12,63,0
0,0,28,0,6,0,1,0,1,0,1.6,0,1,0,0,0,5,0,0,0,0,0,0,1,0,1,0,1,0,0,47,1901,12,64,0
0,0,29,0,6,0,1,0,1,0,1.525,0,1,0,0,1,0,0,1,0,0,1,0,0,0,1,5.794884,0,0,1,47,1901,12,65,0
0,0,23,2,6,0,0,0,1,0,1.575,0,0,0,0,0,4,0,0,0,0,1,0,0,0,1,0,1,0,0,47,1901,12,66,0
1,0,21,2,6,0,0,0,1,0,1.55,0,0,0,1,0,4,0,0,1,0,0,0,0,0,1,0,1,0,1,44,1901,13,121,0
1,0,34,1,6,0,0,0,1,0,0,1,0,0,0,0,4,0,0,0,0,0,0,1,0,1,0,1,0,0,44,1901,13,122,0
0,0,26,1,6,0,1,0,1,0,1.575,0,0,0,1,0,6,0,0,0,1,0,0,0,0,1,6.093101,0,0,1,44,1901,13,124,0
1,0,29,2,6,0,0,0,1,0,1.525,0,0,0,0,0,4,0,0,0,0,1,0,0,0,1,0,1,0,1,44,1901,13,125,0
1,2,25,3,6,0,0,1,0,0,1.55,0,0,0,0,0,4,0,0,0,1,0,0,0,0,1,0,1,0,1,44,1901,13,126,0
1,0,27,2,6,0,0,0,1,0,1.5,0,0,1,0,0,4,0,0,1,0,0,0,0,0,1,0,1,0,1,44,1901,13,127,0
1,0,31,2,6,0,0,0,1,0,1.55,0,0,0,0,0,4,0,0,1,0,0,0,0,0,1,5.50987,0,0,1,44,1901,13,128,0
1,0,25,2,6,0,0,0,1,0,1.55,0,0,0,0,0,1,0,0,0,0,0,0,1,0,1,0,1,0,0,44,1901,13,129,0
1,0,28,2,6,0,0,0,1,0,1.575,0,0,0,0,0,5,0,0,1,0,1,0,0,0,1,5.50987,0,0,0,44,1901,13,130,0
0,4,23,4,6,0,0,0,0,0,1.55,0,0,0,0,1,4,0,0,1,0,0,0,0,0,1,0,1,0,0,44,1901,13,131,0
1,0,28,0,6,0,0,0,1,0,1.5,0,1,0,0,1,5,0,0,1,0,0,0,0,0,1,0,1,0,0,44,1901,13,132,0
1,0,22,4,6,0,0,0,1,0,1.6,0,0,0,1,0,0,0,1,1,0,0,0,0,0,1,0,1,0,0,44,1901,13,133,0
1,0,23,0,6,0,0,0,1,0,1.6,0,1,0,0,1,5,0,0,1,0,1,0,0,0,1,5.447579,0,0,1,44,1901,13,134,0
1,0,27,1,6,0,0,0,1,0,1.55,0,0,0,1,0,5,0,0,1,0,0,0,0,0,1,0,1,0,1,76,1901,13,135,0
1,0,21,0,6,0,0,0,1,0,1.575,0,1,0,0,0,4,0,0,0,1,0,0,0,0,1,0,1,0,0,44,1901,13,136,0
0,0,22,1,6,0,1,0,1,0,1.525,0,0,0,0,0,4,0,0,0,1,0,0,0,0,1,0,1,0,1,44,1901,13,137,0
0,0,25,2,6,0,1,0,1,0,1.5375,0,0,0,0,1,4,0,0,0,0,0,0,1,0,1,0,1,0,0,44,1901,13,138,0
1,0,24,4,6,0,0,0,1,0,1.5,0,0,0,0,1,5,0,0,0,0,1,0,0,0,1,5.447579,0,0,1,44,1901,13,139,0
1,0,25,3,6,0,0,0,1,0,1.5,0,0,0,0,1,4,0,0,1,0,0,0,0,0,1,0,1,0,1,44,1901,13,140,0
1,0,34,2,6,0,0,0,1,0,1.575,0,0,0,0,0,4,0,0,0,0,1,0,0,0,1,0,1,0,1,44,1901,13,141,0
1,0,31,1,6,0,0,0,1,0,1.6,0,0,0,1,0,4,0,0,0,1,0,0,0,0,1,4.91469,0,0,1,44,1901,13,142,0
1,0,27,2,6,0,0,0,1,0,1.5,0,0,0,0,0,5,0,0,0,0,1,0,0,0,1,0,1,0,0,44,1901,13,143,0
1,2,25,2,6,0,0,1,0,0,1.575,0,0,0,1,0,4,0,0,1,0,1,0,0,0,1,5.50987,0,0,0,47,1901,14,17,0
0,0,25,2,6,0,0,0,1,0,1.5625,0,0,0,1,0,4,0,0,1,0,0,0,0,0,1,0,1,0,1,48,1901,15,22,0
0,0,28,0,6,0,1,0,1,0,1.5,0,1,0,1,0,4,0,0,1,0,0,0,0,0,1,4.91469,0,0,0,48,1901,15,23,0
0,0,23,0,6,0,1,0,1,0,1.55,0,1,0,1,0,4,0,0,0,0,1,0,0,0,1,0,1,0,1,48,1901,15,24,0
1,0,22,0,6,0,0,0,1,0,1.5,0,1,0,1,0,1,0,0,1,0,0,0,0,0,1,5.049275,0,0,1,48,1901,15,25,0
0,0,23,2,6,0,0,0,1,0,1.525,0,0,0,1,0,4,0,0,0,1,0,0,0,0,1,0,1,0,1,48,1901,15,26,0
0,0,28,0,6,0,0,0,1,0,1.6,0,1,0,1,0,2,0,0,1,0,0,0,0,0,1,0,1,0,1,48,1901,15,27,0
0,2,24,2,6,0,0,1,0,0,1.5,0,0,1,0,0,3,0,0,1,0,0,0,0,0,1,0,1,1,0,48,1901,15,28,0
0,0,25,4,6,0,1,0,1,0,1.6,0,0,0,1,0,4,0,0,1,0,0,0,0,0,1,0,1,0,0,48,1901,15,29,0
1,0,26,2,6,0,0,0,1,0,1.575,0,0,0,1,0,5,0,0,1,0,0,0,0,0,1,5.50987,0,0,1,48,1901,15,30,0
1,0,31,2,6,0,0,0,1,0,1.575,0,0,0,1,0,5,0,0,1,0,0,0,0,0,1,0,1,0,0,54,1901,15,37,0
1,0,28,4,6,0,0,0,1,0,1.65,0,0,0,1,0,4,0,0,1,0,0,0,0,0,1,0,1,0,1,53,1901,15,38,0
1,0,23,2,6,0,0,0,1,0,1.5,0,0,0,1,0,2,0,0,1,0,0,0,0,0,1,0,1,0,1,53,1901,15,40,0
1,0,27,2,6,0,0,0,1,0,1.6,0,0,0,1,0,4,0,0,0,1,0,0,0,0,1,0,1,0,0,53,1901,15,41,0
1,0,26,2,6,0,0,0,1,0,1.525,0,0,0,1,0,4,0,0,1,0,0,0,0,0,1,0,1,0,1,53,1901,15,42,0
0,0,21,2,6,0,1,0,1,0,1.525,0,0,0,1,0,4,0,0,1,0,0,0,0,0,1,0,1,0,0,53,1901,15,44,0
0,4,26,2,6,0,1,0,0,0,1.575,0,0,0,1,0,4,0,0,1,0,0,0,0,0,1,0,1,0,0,54,1901,15,45,0
1,0,21,2,6,0,0,0,1,0,1.575,0,0,0,1,0,4,0,0,1,0,0,0,0,0,1,0,1,0,0,76,1901,15,62,0
0,0,34,2,6,0,1,0,1,0,1.5875,0,0,0,1,0,5,0,0,0,0,1,0,0,0,1,5.50987,0,0,1,53,1901,15,39,1
0,0,29,5,6,0,1,0,1,0,1.6,0,0,0,0,0,5,0,0,1,0,0,0,0,0,1,5.50987,0,0,1,53,1901,15,39,1
1,2,26,2,6,0,0,1,0,0,1.5,0,0,0,0,1,0,0,1,0,1,0,0,0,0,1,0,1,0,0,44,2010,6,100,0
0,5,21,4,6,0,1,0,0,0,1.55,0,0,0,0,1,5,0,0,0,0,1,0,0,0,1,0,1,1,0,44,2010,6,101,0
1,0,22,0,6,0,0,0,1,0,1.575,0,1,0,0,1,0,0,1,1,0,0,0,0,0,1,0,1,0,0,44,2010,6,102,0
0,0,24,2,6,0,0,0,1,0,1.6,0,0,0,0,1,0,0,1,1,0,0,0,0,0,1,0,1,0,1,44,2010,6,103,0
0,0,22,2,6,0,1,0,1,0,1.625,0,0,0,1,0,5,0,0,0,0,1,0,0,0,1,0,1,1,0,44,2010,6,104,0
1,0,23,0,6,0,0,0,1,0,1.625,0,1,0,0,1,0,0,1,1,0,0,0,0,0,1,0,1,0,0,44,2010,6,105,0
1,0,28,2,6,0,0,0,1,0,1.55,0,0,0,1,0,4,0,0,1,0,0,0,0,0,1,0,1,0,1,47,2010,6,14,0
1,0,24,3,6,0,0,0,1,0,1.55,0,0,0,0,1,5,0,0,1,0,0,0,0,0,1,0,1,0,0,47,2010,6,15,0
1,0,26,0,6,0,0,0,1,0,1.55,0,1,1,0,0,0,0,1,0,0,0,0,1,0,1,0,1,0,0,47,2010,6,16,0
1,0,22,2,6,0,0,0,1,0,1.6,0,0,1,0,0,0,0,1,1,0,0,0,0,0,1,0,1,0,1,47,2010,6,17,0
1,0,24,2,6,0,0,0,1,0,1.55,0,0,0,0,1,2,0,0,1,0,0,0,0,0,1,0,1,0,0,47,2010,6,18,0
1,0,32,0,6,0,0,0,1,0,1.55,0,1,0,0,1,0,0,1,0,0,0,0,1,0,1,0,1,0,0,47,2010,6,19,0
0,0,28,2,6,0,1,0,1,0,1.6,0,0,0,1,0,0,0,1,0,0,0,0,1,0,1,0,1,0,0,47,2010,6,20,0
1,0,29,0,6,0,0,0,1,0,1.6,0,1,0,0,1,0,0,1,0,0,0,0,1,8.922658,0,0,1,0,1,47,2010,6,21,0
1,0,24,2,6,0,0,0,1,0,1.625,0,0,0,0,0,4,0,0,1,0,0,0,0,0,1,0,1,0,1,47,2010,6,22,0
1,0,24,2,6,0,0,0,1,0,1.5625,0,0,0,0,1,5,0,0,1,0,0,0,0,0,1,0,1,0,0,47,2010,6,23,0
1,2,28,2,6,0,0,1,0,0,1.6,0,0,0,0,1,5,0,0,1,0,0,0,0,0,1,5.447579,0,0,0,47,2010,6,24,0
0,0,21,4,6,0,1,0,1,0,1.575,0,0,0,0,1,4,0,0,1,0,0,0,0,0,1,0,1,0,1,47,2010,6,25,0
0,0,27,2,6,0,0,0,1,0,1.55,0,0,0,0,1,5,0,0,0,0,1,0,0,0,1,0,1,0,0,47,2010,6,26,0
0,0,31,2,6,0,0,0,1,0,1.5,0,0,0,0,1,3,0,0,0,0,1,0,0,0,1,0,1,0,1,47,2010,6,27,0
1,0,25,4,6,0,0,0,1,0,1.55,0,0,0,0,0,0,0,1,0,0,1,0,0,0,1,0,1,0,1,47,2010,6,28,0
1,0,25,2,6,0,0,0,1,0,0,1,0,0,0,1,5,0,0,1,0,0,0,0,0,1,0,1,0,1,47,2010,6,29,0
1,0,32,2,6,0,0,0,1,0,1.575,0,0,0,1,0,4,0,0,1,0,0,0,0,0,1,0,1,0,1,44,2010,6,97,0
0,0,23,2,6,0,1,0,1,0,1.6,0,0,1,0,0,0,0,1,1,0,0,0,0,0,1,0,1,0,1,44,2010,6,98,0
1,0,29,0,6,0,0,0,1,0,1.6,0,1,0,1,0,5,0,0,1,0,0,0,0,0,1,0,1,0,0,44,2010,6,99,0
1,0,22,0,6,0,0,0,1,0,1.55,0,1,0,1,0,4,0,0,1,0,0,0,0,0,1,0,1,1,0,48,2010,12,25,0
0,0,28,2,6,0,1,0,1,0,1.5625,0,0,0,0,1,5,0,0,1,0,0,0,0,0,1,0,1,0,1,53,2010,12,28,1
0,0,24,2,6,0,1,0,1,0,1.6,0,0,0,0,1,4,0,0,1,0,0,0,0,0,1,0,1,0,1,53,2010,12,28,1
1,0,23,2,6,0,0,0,1,0,1.625,0,0,0,0,0,0,0,1,0,0,1,0,0,0,1,0,1,1,0,53,2010,12,29,0
0,0,29,2,6,0,1,0,1,0,1.6,0,0,0,0,0,4,0,0,0,0,1,0,0,0,1,0,1,0,1,53,2010,12,30,0
0,0,42,0,6,0,1,0,1,0,0,1,1,0,0,1,0,0,1,0,0,1,0,0,8.517193,0,5.794884,0,0,0,53,2010,12,31,0
1,0,25,2,6,0,0,0,1,0,1.6,0,0,0,1,0,6,0,0,0,1,0,0,0,0,1,0,1,0,1,44,2212,11,1,0
0,0,23,0,6,0,1,0,1,0,1.525,0,1,0,0,0,4,0,0,1,0,0,0,0,0,1,0,1,0,1,44,2212,11,2,0
1,0,22,2,6,0,0,0,1,0,1.55,0,0,0,0,0,0,0,1,0,0,0,0,1,0,1,0,1,0,1,44,2212,11,3,0
1,4,24,3,6,0,0,0,0,0,1.575,0,0,0,0,1,5,0,0,1,0,0,0,0,0,1,0,1,0,0,47,2212,12,32,0
0,0,27,2,6,0,1,0,1,0,1.6,0,0,0,1,0,5,0,0,1,0,0,0,0,0,1,0,1,0,1,47,2212,12,33,0
1,0,28,4,6,0,0,0,1,0,1.6,0,0,0,1,0,2,0,0,0,0,0,0,1,0,1,0,1,0,0,47,2212,12,34,0
1,0,23,0,6,0,0,0,1,0,1.575,0,1,0,1,0,4,0,0,0,0,1,0,0,0,1,0,1,0,1,47,2212,12,35,0
1,0,30,2,6,0,0,0,1,0,1.45,0,0,0,1,0,2,0,0,0,0,0,0,1,0,1,0,1,0,1,47,2212,12,36,0
1,0,25,3,6,0,0,0,1,0,1.55,0,0,0,1,0,5,0,0,1,0,1,0,0,0,1,5.50987,0,0,0,47,2212,12,37,0
1,0,29,2,6,0,0,0,1,0,1.5875,0,0,1,0,0,5,0,0,1,0,0,0,0,0,1,0,1,0,0,47,2212,12,38,0
1,0,34,0,6,0,0,0,1,0,1.6,0,1,0,1,0,6,0,0,0,1,0,0,0,0,1,0,1,0,1,47,2212,12,39,0
1,0,26,1,6,0,0,0,1,0,1.55,0,0,0,1,0,4,0,0,0,1,0,0,0,0,1,0,1,0,1,47,2212,12,40,0
1,0,25,4,6,0,0,0,1,0,1.55,0,0,0,1,0,4,0,0,1,0,0,0,0,0,1,0,1,0,0,47,2212,12,41,0
0,0,46,0,6,0,1,0,1,0,1.55,0,1,0,1,0,4,0,0,1,0,0,0,0,0,1,5.50987,0,0,0,47,2212,12,42,0
0,0,22,4,6,0,1,0,1,0,1.55,0,0,0,1,0,5,0,0,1,0,0,0,0,0,1,0,1,0,1,47,2212,12,43,0
1,2,30,4,6,0,0,1,0,0,1.575,0,0,0,1,0,0,0,1,0,0,0,0,1,0,1,5.049275,0,0,1,47,2212,12,44,0
1,0,26,3,6,0,0,0,1,0,1.525,0,0,0,1,0,4,0,0,1,0,0,0,0,0,1,0,1,0,0,47,2212,12,45,0
0,0,30,2,6,0,0,0,1,0,1.525,0,0,0,1,0,4,0,0,1,0,0,0,0,0,1,0,1,0,0,47,2212,12,46,0
1,0,25,3,6,0,0,0,1,0,1.575,0,0,0,1,0,5,0,0,0,0,1,0,0,0,1,0,1,0,0,47,2212,12,47,0
1,0,28,2,6,0,0,0,1,0,1.5,0,0,0,0,1,2,0,0,0,0,0,0,1,0,1,0,1,0,0,47,2212,12,48,0
1,0,27,2,6,0,0,0,1,0,1.5,0,0,0,1,0,4,0,0,0,1,1,0,0,8.612503,0,5.049275,0,0,0,47,2212,12,49,0
0,0,25,2,6,0,1,0,1,0,1.525,0,0,0,1,0,5,0,0,1,0,0,0,0,0,1,0,1,0,0,47,2212,12,50,0
1,0,23,2,6,0,0,0,1,0,1.55,0,0,0,1,0,4,0,0,1,0,0,0,0,0,1,0,1,0,0,47,2212,12,51,0
1,0,21,2,6,0,0,0,1,0,1.625,0,0,0,0,1,4,0,0,1,0,0,0,0,0,1,0,1,0,0,47,2212,12,52,0
1,0,27,0,6,0,0,0,1,0,1.55,0,1,0,1,0,5,0,0,1,0,0,0,0,0,1,0,1,0,1,47,2212,12,53,0
1,4,26,3,6,0,0,0,0,0,1.525,0,0,0,0,1,5,0,0,1,0,1,0,0,0,1,0,1,0,0,47,2212,12,54,0
0,0,29,2,6,0,1,0,1,0,1.6,0,0,0,1,0,5,0,0,1,0,0,0,0,0,1,0,1,0,1,47,2212,12,55,0
0,0,27,2,6,0,1,0,1,0,1.525,0,0,0,1,0,5,0,0,0,1,0,0,0,0,1,5.50987,0,0,1,47,2212,12,56,0
1,0,25,4,6,0,0,0,1,0,1.55,0,0,0,1,0,5,0,0,1,0,0,0,0,0,1,0,1,0,1,47,2212,12,57,0
0,2,22,3,6,0,1,1,0,0,0,1,0,0,1,0,4,0,0,0,0,0,0,1,0,1,0,1,1,0,47,2212,12,58,0
0,0,31,0,6,0,1,0,1,0,1.55,0,1,0,1,0,4,0,0,0,0,0,0,1,0,1,0,1,0,0,47,2212,12,59,0
1,0,26,0,6,0,0,0,1,0,1.525,0,1,0,1,0,4,0,0,0,1,0,0,0,0,1,0,1,0,0,47,2212,12,60,0
1,0,29,2,6,0,0,0,1,0,1.5,0,0,0,1,0,4,0,0,0,0,1,0,0,0,1,5.50987,0,0,0,47,2212,12,61,0
1,0,23,0,6,0,0,0,1,0,1.55,0,1,0,1,0,4,0,0,1,0,0,0,0,0,1,0,1,0,0,47,2212,12,62,0
1,0,30,4,6,0,0,0,1,0,1.525,0,0,0,0,1,4,0,0,1,0,0,0,0,0,1,0,1,0,0,47,2212,12,63,0
1,0,22,2,6,0,0,0,1,0,1.5,0,0,0,1,0,2,0,0,0,0,0,0,1,0,1,0,1,0,1,47,2212,12,64,0
1,0,23,2,6,0,0,0,1,0,1.6,0,0,0,0,1,4,0,0,1,0,0,0,0,0,1,0,1,0,0,47,2212,12,65,0
0,0,26,0,6,0,1,0,1,0,1.575,0,1,0,0,1,4,0,0,0,0,1,0,0,0,1,0,1,0,0,47,2212,12,66,0
1,2,22,0,6,0,0,1,0,0,1.6,0,1,1,0,0,0,0,1,0,0,0,0,1,0,1,0,1,0,1,44,2212,13,74,0
1,0,24,2,6,0,0,0,1,0,1.55,0,0,0,0,1,4,0,0,1,0,0,0,0,0,1,0,1,0,1,44,2212,13,75,0
0,0,26,3,6,0,0,0,1,0,1.5,0,0,0,0,1,5,0,0,1,0,0,0,0,0,1,0,1,0,1,44,2212,13,76,0
0,0,28,2,6,0,1,0,1,0,1.575,0,0,0,0,1,4,0,0,0,0,1,0,0,0,1,0,1,0,1,44,2212,13,77,0
1,2,27,2,6,0,0,1,0,0,1.55,0,0,0,1,0,4,0,0,0,0,1,0,0,8.699514,0,5.825603,0,0,1,44,2212,13,78,0
1,0,33,4,6,0,0,0,1,0,1.625,0,0,0,0,1,4,0,0,0,0,1,0,0,0,1,5.50987,0,1,0,45,2212,13,79,0
0,0,24,0,6,0,1,0,1,0,1.525,0,1,1,0,0,5,0,0,0,0,0,1,0,0,1,0,1,0,1,44,2212,13,80,0
1,0,27,2,6,0,0,0,1,0,0,1,0,0,0,1,4,0,0,0,0,0,0,1,0,1,0,1,0,0,44,2212,13,81,0
0,2,25,2,6,0,0,1,0,0,1.55,0,0,0,0,1,4,0,0,0,0,1,0,0,0,1,0,1,0,1,44,2212,13,82,0
1,0,25,2,6,0,0,0,1,0,1.625,0,0,0,0,1,5,0,0,1,0,0,0,0,0,1,0,1,0,1,44,2212,13,83,0
1,0,32,0,6,0,0,0,1,0,1.55,0,1,0,0,1,0,0,1,0,0,0,0,1,0,1,0,1,0,0,44,2212,13,84,0
1,0,30,0,6,0,0,0,1,0,1.525,0,1,0,0,1,5,0,0,0,0,1,0,0,0,1,0,1,0,1,44,2212,13,85,0
1,0,26,2,6,0,0,0,1,0,1.575,0,0,0,0,1,2,0,0,0,0,0,0,1,0,1,0,1,0,0,44,2212,13,86,0
0,0,26,2,6,0,0,0,1,0,1.525,0,0,0,0,1,4,0,0,0,0,1,0,0,0,1,0,1,1,0,54,2212,13,87,0
1,0,30,2,6,0,0,0,1,0,1.575,0,0,0,0,0,1,0,0,0,0,0,0,1,0,1,0,1,0,1,44,2212,13,88,0
1,0,24,3,6,0,0,0,1,0,1.575,0,0,0,0,1,5,0,0,1,0,0,0,0,0,1,0,1,0,0,44,2212,13,89,0
0,0,20,0,6,0,1,0,1,0,1.5,0,1,0,0,1,2,0,0,0,0,0,0,1,0,1,0,1,0,0,44,2212,13,90,0
1,0,28,0,6,0,0,0,1,0,1.625,0,1,0,0,1,5,0,0,1,0,0,0,0,0,1,5.50987,0,0,0,44,2212,13,91,0
1,0,26,0,6,0,0,0,1,0,1.55,0,1,0,1,0,5,0,0,1,0,0,0,0,0,1,0,1,0,1,44,2212,13,92,0
1,0,27,0,6,0,0,0,1,0,1.525,0,1,0,0,1,5,0,0,0,0,1,0,0,0,1,5.50987,0,0,1,44,2212,13,93,0
0,4,26,2,6,0,1,0,0,0,1.6,0,0,0,0,1,5,0,0,0,0,1,0,0,0,1,5.50987,0,0,0,44,2212,13,94,0
1,0,26,2,6,0,0,0,1,0,1.525,0,0,0,1,0,3,0,0,1,0,0,0,0,0,1,0,1,0,1,47,2212,15,71,1
0,2,31,0,6,0,0,1,0,0,1.625,0,1,0,0,1,1,0,0,0,0,0,0,1,0,1,0,1,0,0,54,2212,15,73,1
1,0,26,2,6,0,0,0,1,0,1.575,0,0,0,1,0,4,0,0,0,0,0,0,1,8.922658,0,5.049275,0,0,1,48,2212,16,19,0
1,0,21,2,6,0,0,0,1,0,1.55,0,0,0,0,1,4,0,0,0,0,0,0,1,0,1,0,1,0,1,48,2212,16,20,0
1,0,23,2,6,0,0,0,1,0,1.55,0,0,0,1,0,4,0,0,1,0,0,0,0,0,1,0,1,0,0,48,2212,16,21,0
1,5,24,2,6,0,0,0,0,0,1.575,0,0,0,0,1,5,0,0,1,0,1,0,0,0,1,0,1,0,1,48,2212,16,22,0
1,4,23,2,6,0,0,0,0,0,1.5375,0,0,0,1,0,0,0,1,0,0,0,1,0,0,1,0,1,0,1,53,2212,16,24,0
1,0,24,2,6,0,0,0,1,0,1.55,0,0,0,1,0,4,0,0,1,0,0,0,0,0,1,0,1,0,1,53,2212,16,25,0
1,2,23,2,6,0,0,1,0,0,1.5875,0,0,1,0,0,4,0,0,0,0,0,0,1,0,1,0,1,0,1,53,2212,16,26,0
0,0,28,2,6,0,1,0,1,0,1.55,0,0,0,0,1,0,0,1,0,1,0,0,0,0,1,0,1,0,1,53,2212,16,28,0
1,0,20,2,6,0,0,0,1,0,1.575,0,0,0,1,0,4,0,0,0,0,0,0,1,0,1,0,1,0,1,53,2212,16,29,0
0,0,19,2,6,0,0,0,1,0,1.6,0,0,0,1,0,0,0,1,0,0,0,1,0,0,1,0,1,0,1,53,2212,16,30,0
1,4,33,2,6,0,0,0,0,0,1.575,0,0,0,1,0,5,0,0,1,0,0,0,0,0,1,5.50987,0,0,1,53,2212,16,31,0
0,0,23,4,6,0,0,0,1,0,1.5,0,0,0,0,0,5,0,0,1,0,0,0,0,0,1,0,1,0,0,48,2302,10,67,0
0,0,26,2,6,0,0,0,1,0,1.575,0,0,0,0,0,1,0,0,0,0,0,0,1,0,1,0,1,0,0,48,2302,10,68,0
0,0,34,2,6,0,0,0,1,0,1.55,0,0,0,1,0,2,0,0,0,0,0,0,1,0,1,0,1,0,1,48,2302,10,69,0
0,0,25,2,6,0,0,0,1,0,1.5,0,0,0,0,0,4,0,0,1,0,0,0,0,0,1,0,1,0,0,48,2302,10,70,0
1,0,24,2,6,0,0,0,1,0,1.525,0,0,0,0,0,5,0,0,0,1,0,0,0,0,1,0,1,0,0,48,2302,10,71,0
0,0,26,1,6,0,1,0,1,0,1.55,0,0,0,1,0,5,0,0,1,0,0,0,0,0,1,5.50987,0,0,1,48,2302,10,72,0
0,0,24,1,6,0,1,0,1,0,1.525,0,0,0,0,0,5,0,0,1,0,0,0,0,0,1,0,1,0,1,54,2302,10,75,0
0,0,25,2,6,0,0,0,1,0,1.55,0,0,0,0,1,2,0,0,0,0,0,0,1,0,1,0,1,0,0,53,2302,11,1,0
1,0,24,2,6,0,0,0,1,0,1.525,0,0,1,0,0,4,0,0,1,0,0,0,0,0,1,0,1,0,0,53,2302,11,2,0
1,0,23,2,6,0,0,0,1,0,1.55,0,0,0,0,1,5,0,0,1,0,0,0,0,0,1,0,1,0,0,54,2302,11,3,0
1,0,30,2,6,0,0,0,1,0,1.5,0,0,0,0,1,4,0,0,1,0,0,0,0,0,1,0,1,0,1,53,2302,11,4,0
1,0,23,2,6,0,0,0,1,0,1.625,0,0,0,0,1,2,0,0,0,0,0,0,1,0,1,0,1,0,0,53,2302,11,5,0
0,5,25,0,6,0,0,0,0,0,1.55,0,1,0,0,0,5,0,0,0,0,1,0,0,0,1,5.794884,0,0,1,48,2302,11,19,0
0,2,23,0,6,0,0,1,0,0,1.5,0,1,0,0,1,4,0,0,1,0,0,0,0,0,1,0,1,0,0,47,2302,12,129,0
1,0,23,1,6,0,0,0,1,0,1.55,0,0,1,0,0,5,0,0,1,0,0,0,0,0,1,0,1,0,1,47,2302,12,35,0
0,4,27,2,6,0,1,0,0,0,1.5,0,0,0,1,0,4,0,0,0,0,1,0,0,0,1,0,1,0,0,47,2302,12,36,0
1,0,23,4,6,0,0,0,1,0,1.55,0,0,0,0,1,4,0,0,1,0,0,0,0,0,1,0,1,0,0,47,2302,12,37,0
0,0,24,2,6,0,1,0,1,0,1.575,0,0,0,1,0,0,0,1,0,0,0,0,1,0,1,0,1,0,0,47,2302,12,38,0
0,0,27,4,6,0,0,0,1,0,1.575,0,0,0,0,0,4,0,0,1,0,0,0,0,0,1,0,1,0,1,47,2302,12,39,0
1,0,30,2,6,0,0,0,1,0,1.6,0,0,0,0,0,5,0,0,1,0,0,0,0,0,1,0,1,0,0,47,2302,12,40,0
0,0,23,4,6,0,1,0,1,0,1.525,0,0,0,0,1,5,0,0,0,0,0,0,1,0,1,0,1,0,0,47,2302,12,41,0
1,0,35,4,6,0,0,0,1,0,1.525,0,0,0,0,0,0,0,1,0,0,0,0,1,0,1,5.50987,0,0,0,47,2302,12,42,0
0,0,24,2,6,0,1,0,1,0,1.525,0,0,0,1,0,4,0,0,1,0,0,0,0,0,1,0,1,0,1,47,2302,12,43,0
1,0,27,2,6,0,0,0,1,0,0,1,0,0,1,0,0,0,1,0,0,0,0,1,0,1,0,1,0,0,47,2302,12,44,0
1,0,21,4,6,0,0,0,1,0,1.55,0,0,0,0,1,4,0,0,0,1,0,0,0,0,1,0,1,0,1,47,2302,12,45,0
0,0,33,5,6,0,1,0,1,0,1.55,0,0,0,0,1,4,0,0,0,0,1,0,0,0,1,0,1,0,0,47,2302,12,46,0
0,0,24,4,6,0,1,0,1,0,1.6,0,0,0,0,1,4,0,0,0,0,1,0,0,0,1,5.50987,0,0,0,47,2302,12,47,0
1,0,25,1,6,0,0,0,1,0,1.525,0,0,0,0,1,4,0,0,1,0,0,0,0,0,1,0,1,0,1,47,2302,12,48,0
1,0,28,2,6,0,0,0,1,0,1.575,0,0,0,0,0,5,0,0,1,0,0,0,0,0,1,0,1,0,1,47,2302,12,49,0
1,0,24,2,6,0,0,0,1,0,1.6,0,0,0,0,0,5,0,0,1,0,0,0,0,0,1,0,1,0,0,47,2302,12,50,0
0,0,26,0,6,0,0,0,1,0,1.575,0,1,0,0,0,4,0,0,0,0,1,0,0,0,1,0,1,0,1,47,2302,12,51,0
1,0,24,2,6,0,0,0,1,0,1.525,0,0,0,0,0,5,0,0,0,0,1,0,0,0,1,0,1,0,1,47,2302,12,52,0
0,0,26,0,6,0,1,0,1,0,1.6375,0,1,0,0,1,5,0,0,1,0,0,0,0,0,1,0,1,0,0,47,2302,12,53,0
1,0,27,0,6,0,0,0,1,0,1.6,0,1,0,0,1,4,0,0,1,0,0,0,0,0,1,0,1,0,0,47,2302,12,54,0
0,0,28,3,6,0,1,0,1,0,1.5,0,0,0,1,0,0,0,1,0,0,0,0,1,0,1,5.50987,0,0,1,47,2302,12,55,0
0,4,29,2,6,0,1,0,0,0,1.5,0,0,0,0,0,4,0,0,1,0,0,0,0,0,1,0,1,0,0,47,2302,12,56,0
1,0,30,3,6,0,0,0,1,0,1.55,0,0,0,0,0,4,0,0,1,0,0,0,0,0,1,0,1,0,1,47,2302,12,57,0
1,0,27,0,6,0,0,0,1,0,1.575,0,1,0,0,1,4,0,0,0,0,1,0,0,0,1,0,1,0,0,47,2302,12,58,0
1,2,31,0,6,0,0,1,0,0,1.575,0,1,0,0,1,4,0,0,1,0,0,0,0,0,1,0,1,0,1,47,2302,12,59,0
0,0,28,2,6,0,1,0,1,0,1.675,0,0,0,0,0,4,0,0,1,0,0,0,0,0,1,0,1,0,0,47,2302,12,60,0
1,0,28,2,6,0,0,0,1,0,1.5,0,0,0,0,1,4,0,0,0,0,1,0,0,0,1,0,1,0,0,47,2302,12,61,0
1,0,28,2,6,0,0,0,1,0,1.5,0,0,0,0,0,5,0,0,1,0,0,0,0,8.853665,0,5.049275,0,0,1,47,2302,12,62,0
1,0,26,0,6,0,0,0,1,0,1.575,0,1,0,0,0,5,0,0,1,0,0,0,0,0,1,0,1,0,1,47,2302,12,63,0
1,0,23,2,6,0,0,0,1,0,1.525,0,0,0,1,0,4,0,0,1,0,0,0,0,0,1,0,1,0,0,47,2302,12,64,0
1,0,26,0,6,0,0,0,1,0,1.5,0,1,0,0,1,4,0,0,1,0,0,0,0,0,1,0,1,0,0,47,2302,12,65,0
1,0,24,2,6,0,0,0,1,0,1.5,0,0,0,0,0,5,0,0,1,0,0,0,0,0,1,0,1,0,1,47,2302,12,66,0
1,2,29,2,6,0,0,1,0,0,1.55,0,0,0,0,0,5,0,0,0,0,1,0,0,0,1,5.50987,0,0,1,47,2302,12,67,0
1,0,26,2,6,0,0,0,1,0,1.55,0,0,0,0,0,5,0,0,1,0,0,0,0,0,1,0,1,0,0,47,2302,12,68,0
1,0,25,0,6,0,0,0,1,0,1.525,0,1,0,0,0,4,0,0,1,0,0,0,0,0,1,0,1,0,0,47,2302,12,69,0
1,2,26,2,6,0,0,1,0,0,1.5,0,0,0,0,1,4,0,0,0,0,1,0,0,0,1,0,1,0,1,47,2302,12,70,0
1,0,35,4,6,0,0,0,1,0,1.575,0,0,0,0,1,5,0,0,1,0,0,0,0,0,1,5.50987,0,0,1,47,2302,12,71,0
1,0,28,4,6,0,0,0,1,0,1.55,0,0,0,0,1,6,0,0,0,0,1,0,0,0,1,0,1,0,1,47,2302,12,72,0
1,0,25,3,6,0,0,0,1,0,1.55,0,0,0,0,0,4,0,0,0,0,0,0,1,0,1,0,1,0,1,47,2302,12,73,0
0,0,25,1,6,0,1,0,1,0,1.575,0,0,0,0,0,0,0,1,0,0,0,0,1,0,1,0,1,0,0,47,2302,12,74,0
0,0,34,0,6,0,1,0,1,0,1.5,0,1,0,0,0,5,0,0,0,0,1,0,0,0,1,0,1,0,0,47,2302,12,76,0
0,0,26,4,6,0,1,0,1,0,1.55,0,0,0,0,1,5,0,0,1,0,0,0,0,0,1,0,1,0,1,47,2302,12,77,0
1,0,30,4,6,0,0,0,1,0,1.775,0,0,0,0,0,1,0,0,0,0,0,0,1,0,1,4.91469,0,0,1,47,2302,12,78,0
1,0,32,5,6,0,0,0,1,0,1.475,0,0,0,0,1,4,0,0,1,0,0,0,0,0,1,0,1,0,1,47,2302,12,79,0
1,0,24,2,6,0,0,0,1,0,1.5,0,0,0,1,0,4,0,0,1,0,0,0,0,0,1,0,1,0,0,47,2302,12,80,0
1,0,30,2,6,0,0,0,1,0,1.5,0,0,0,0,1,5,0,0,1,0,0,0,0,0,1,5.50987,0,0,1,47,2302,12,82,0
0,2,25,2,6,0,1,1,0,0,1.5,0,0,0,1,0,5,0,0,0,0,0,0,1,0,1,4.159452,0,0,1,47,2302,12,84,0
0,6,26,1,6,0,1,0,0,0,0,1,0,0,0,0,5,0,0,0,1,0,0,0,0,1,0,1,0,0,47,2302,12,85,0
1,0,34,2,6,0,0,0,1,0,1.625,0,0,0,0,0,5,0,0,0,0,1,0,0,0,1,5.50987,0,0,1,47,2302,12,86,0
1,0,24,4,6,0,0,0,1,0,1.525,0,0,0,0,1,4,0,0,0,0,1,0,0,0,1,0,1,0,1,47,2302,12,87,0
1,0,23,0,6,0,0,0,1,0,1.625,0,1,1,0,0,6,0,0,0,0,1,0,0,0,1,0,1,0,0,47,2302,12,88,0
0,0,24,1,6,0,1,0,1,0,1.575,0,0,0,1,0,5,0,0,1,0,0,0,0,0,1,0,1,0,0,44,2302,13,216,0
0,2,26,2,6,0,1,1,0,0,1.525,0,0,0,0,0,4,0,0,1,0,0,0,0,9.10498,0,0,1,0,1,44,2302,13,217,0
1,0,26,1,6,0,0,0,1,0,1.5,0,0,0,0,1,4,0,0,0,1,0,0,0,0,1,0,1,0,1,44,2302,13,218,0
1,0,29,2,6,0,0,0,1,0,1.575,0,0,0,0,1,4,0,0,0,0,1,0,0,9.10498,0,0,1,0,1,44,2302,13,219,0
0,0,28,0,6,0,1,0,1,0,1.625,0,1,0,0,0,4,0,0,1,0,0,0,0,0,1,0,1,0,1,44,2302,13,220,0
1,2,23,0,6,0,0,1,0,0,1.55,0,1,0,0,0,4,0,0,0,1,0,0,0,0,1,0,1,0,0,44,2302,13,222,0
1,0,23,4,6,0,0,0,1,0,1.625,0,0,0,1,0,4,0,0,1,0,0,0,0,0,1,0,1,0,0,44,2302,13,223,0
1,2,27,2,6,0,0,1,0,0,1.575,0,0,0,0,0,3,0,0,0,0,0,0,1,0,1,5.50987,0,0,1,44,2302,13,224,0
1,0,20,2,6,0,0,0,1,0,1.5,0,0,0,1,0,0,0,1,1,0,0,0,0,0,1,0,1,0,0,44,2302,13,225,0
1,0,28,1,6,0,0,0,1,0,1.575,0,0,0,1,0,4,0,0,1,0,0,0,0,0,1,0,1,0,0,44,2302,13,226,0
1,0,26,3,6,0,0,0,1,0,1.55,0,0,0,0,0,5,0,0,1,0,0,0,0,0,1,0,1,0,1,44,2302,13,227,0
1,0,23,0,6,0,0,0,1,0,1.6125,0,1,0,1,0,3,0,0,0,0,0,0,1,0,1,0,1,0,0,44,2302,13,228,0
1,0,29,2,6,0,0,0,1,0,1.55,0,0,0,1,0,5,0,0,1,0,0,0,0,0,1,0,1,0,0,44,2302,13,229,1
1,0,35,2,6,0,0,0,1,0,1.575,0,0,0,0,0,4,0,0,0,0,1,0,0,0,1,0,1,0,0,44,2302,13,229,1
1,0,27,2,6,0,0,0,1,0,1.55,0,0,0,1,0,4,0,0,0,1,0,0,0,9.21034,0,0,1,0,1,44,2302,13,231,0
0,0,33,0,6,0,0,0,1,0,1.55,0,1,0,0,0,4,0,0,0,1,1,0,0,0,1,0,1,0,1,44,2302,13,232,0
1,0,24,4,6,0,0,0,1,0,1.5,0,0,0,0,1,4,0,0,1,0,0,0,0,0,1,0,1,0,0,44,2302,13,233,0
1,0,28,2,6,0,0,0,1,0,1.55,0,0,0,1,0,6,0,0,0,0,1,0,0,0,1,6.094067,0,0,0,44,2302,13,234,0
0,0,27,0,6,0,1,0,1,0,1.55,0,1,0,1,0,6,0,0,1,0,1,0,0,0,1,0,1,0,1,44,2302,13,235,0
1,0,24,4,6,0,0,0,1,0,1.55,0,0,0,0,0,4,0,0,1,0,0,0,0,0,1,0,1,1,0,44,2302,13,25,0
1,5,24,0,6,0,0,0,0,0,1.6,0,1,0,1,0,5,0,0,0,1,0,0,0,0,1,0,1,0,0,44,2303,10,130,0
0,0,30,0,6,0,1,0,1,0,1.575,0,1,0,1,0,2,0,0,0,0,0,0,1,0,1,0,1,0,0,44,2303,10,131,0
1,0,28,0,6,0,0,0,1,0,1.55,0,1,0,0,1,4,0,0,0,0,1,0,0,0,1,0,1,0,1,44,2303,10,132,0
1,4,23,0,6,0,0,0,0,0,1.525,0,1,0,1,0,4,0,0,1,0,0,0,0,0,1,0,1,0,1,44,2303,10,133,0
1,0,32,2,6,0,0,0,1,0,1.55,0,0,0,1,0,4,0,0,1,0,0,0,0,0,1,0,1,0,1,44,2303,10,134,0
0,0,0,3,6,0,1,0,1,1,0,1,0,0,1,0,0,0,1,0,0,0,0,1,0,1,6.094067,0,0,1,44,2303,10,135,0
0,0,35,0,6,0,1,0,1,0,1.55,0,1,0,1,0,2,0,0,0,0,0,0,1,0,1,0,1,0,1,44,2303,10,136,0
0,0,32,0,6,0,1,0,1,0,1.575,0,1,0,0,1,5,0,0,1,0,0,0,0,0,1,0,1,0,1,44,2303,10,137,0
1,0,32,2,6,0,0,0,1,0,1.5,0,0,0,0,1,0,0,1,0,0,0,0,1,0,1,0,1,0,0,44,2303,10,138,0
1,0,23,2,6,0,0,0,1,0,1.575,0,0,0,1,0,4,0,0,0,1,0,0,0,0,1,0,1,0,1,44,2303,10,139,0
1,0,26,0,6,0,0,0,1,0,1.55,0,1,0,0,0,4,0,0,1,0,0,0,0,0,1,0,1,0,1,47,2303,10,17,0
1,0,26,2,6,0,0,0,1,0,1.6,0,0,0,0,1,4,0,0,0,0,1,0,0,0,1,0,1,0,0,47,2303,10,18,0
0,0,26,3,6,0,1,0,1,0,1.6,0,0,0,0,0,4,0,0,0,0,1,0,0,0,1,0,1,0,0,47,2303,10,19,0
0,0,25,0,6,0,1,0,1,0,1.6,0,1,0,0,1,5,0,0,0,1,0,0,0,0,1,0,1,0,0,47,2303,10,20,0
1,0,26,3,6,0,0,0,1,0,1.625,0,0,0,1,0,4,0,0,1,0,0,0,0,0,1,0,1,0,1,47,2303,10,21,0
1,0,24,2,6,0,0,0,1,0,1.55,0,0,0,1,0,4,0,0,1,0,0,0,0,8.881836,0,5.447579,0,0,1,47,2303,10,22,0
0,0,27,3,6,0,1,0,1,0,1.575,0,0,0,0,1,2,0,0,0,0,0,0,1,0,1,5.049275,0,0,0,47,2303,10,23,0
1,0,35,0,6,0,0,0,1,0,1.5,0,1,0,1,0,5,0,0,1,0,0,0,0,0,1,0,1,0,1,47,2303,10,24,0
1,0,24,2,6,0,0,0,1,0,1.65,0,0,0,1,0,4,0,0,1,0,0,0,0,0,1,0,1,0,0,47,2303,10,25,0
1,0,29,2,6,0,0,0,1,0,1.625,0,0,0,1,0,5,0,0,1,0,0,0,0,0,1,5.50987,0,0,0,47,2303,10,26,0
0,4,23,0,6,0,1,0,0,0,1.6,0,1,0,1,0,0,0,1,0,0,0,0,1,0,1,5.447579,0,0,1,47,2303,10,27,0
0,0,30,2,6,0,1,0,1,0,1.5,0,0,0,0,1,4,0,0,0,0,0,0,1,0,1,0,1,0,0,47,2303,10,30,0
1,0,24,3,6,0,0,0,1,0,1.575,0,0,0,1,0,4,0,0,0,0,1,0,0,0,1,0,1,0,1,47,2303,10,31,0
1,0,25,0,6,0,0,0,1,0,1.675,0,1,0,1,0,4,0,0,1,0,0,0,0,0,1,0,1,0,1,47,2303,10,32,0
1,0,25,3,6,0,0,0,1,0,1.65,0,0,0,0,1,5,0,0,0,1,0,0,0,0,1,0,1,0,0,47,2303,10,33,0
1,0,38,3,6,0,0,0,1,0,1.575,0,0,0,0,1,0,0,1,0,0,0,0,1,0,1,5.50987,0,0,0,47,2303,10,34,0
1,0,28,3,6,0,0,0,1,0,1.5,0,0,0,1,0,4,0,0,1,0,0,0,0,0,1,0,1,0,1,47,2303,10,35,0
1,0,26,2,6,0,0,0,1,0,1.55,0,0,0,0,0,5,0,0,1,0,0,0,0,0,1,5.447579,0,0,0,47,2303,10,36,0
0,0,19,2,6,0,1,0,1,0,1.575,0,0,0,1,0,4,0,0,0,0,1,0,0,0,1,0,1,0,0,47,2303,10,37,0
1,0,24,3,6,0,0,0,1,0,1.5625,0,0,0,0,0,4,0,0,1,0,0,0,0,0,1,0,1,0,0,47,2303,10,38,0
1,4,22,0,6,0,0,0,0,0,1.6,0,1,0,0,1,0,0,1,0,0,0,0,1,0,1,0,1,0,1,47,2303,10,39,0
0,0,26,2,6,0,0,0,1,0,1.525,0,0,0,1,0,4,0,0,1,0,0,0,0,0,1,0,1,0,0,47,2303,10,40,0
1,0,23,2,6,0,0,0,1,0,1.5,0,0,0,0,1,5,0,0,1,0,0,0,0,0,1,0,1,0,0,47,2303,10,41,0
0,0,33,3,6,0,1,0,1,0,1.55,0,0,0,0,1,5,0,0,1,0,1,0,0,11.69525,0,5.50987,0,1,0,48,2303,12,68,0
1,0,28,2,6,0,0,0,1,0,1.525,0,0,0,1,0,4,0,0,0,0,0,0,1,0,1,0,1,0,0,48,2303,12,69,0
0,0,24,0,6,0,0,0,1,0,1.6,0,1,0,1,0,5,0,0,0,0,1,0,0,0,1,0,1,0,1,48,2303,12,70,0
1,0,23,2,6,0,0,0,1,0,1.5875,0,0,0,1,0,4,0,0,1,0,0,0,0,0,1,0,1,0,1,48,2303,12,71,0
0,4,21,2,6,0,0,0,0,0,1.55,0,0,0,1,0,4,0,0,1,0,0,0,0,0,1,0,1,0,0,48,2303,12,72,0
0,0,23,2,6,0,1,0,1,0,1.6,0,0,0,1,0,5,0,0,1,0,0,0,0,0,1,0,1,0,0,53,2303,12,74,0
1,0,24,2,6,0,0,0,1,0,1.55,0,0,0,1,0,5,0,0,0,0,1,0,0,0,1,5.50987,0,0,0,53,2303,12,75,0
1,0,25,2,6,0,0,0,1,0,1.5,0,0,0,0,1,5,0,0,1,0,0,0,0,0,1,5.50987,0,0,1,76,2303,12,91,0
1,0,32,2,6,0,0,0,1,0,1.525,0,0,0,0,0,4,0,0,1,0,0,0,0,0,1,0,1,0,0,44,2411,6,110,1
0,0,32,3,6,0,1,0,1,0,1.4625,0,0,0,0,0,0,0,1,0,0,1,0,0,0,1,5.50987,0,0,1,44,2411,6,111,1
1,3,25,0,6,0,0,0,0,0,1.575,0,1,0,0,1,4,0,0,1,0,0,0,0,13.13033,0,0,1,0,0,44,2411,6,112,1
0,2,25,2,6,0,1,1,0,0,1.55,0,0,1,0,0,4,0,0,1,0,0,0,0,8.853665,0,0,1,0,1,103,2411,6,117,1
1,0,22,2,6,0,0,0,1,0,1.6,0,0,0,0,0,5,0,0,1,0,0,0,0,0,1,0,1,0,0,47,2411,12,27,0
1,0,35,0,6,0,0,0,1,0,1.55,0,1,0,1,0,4,0,0,1,0,0,0,0,0,1,0,1,0,1,47,2411,12,28,0
1,4,25,4,6,0,0,0,0,0,1.55,0,0,0,0,1,0,0,1,0,0,0,0,1,0,1,0,1,0,0,47,2411,12,29,0
0,0,32,2,6,0,1,0,1,0,1.6,0,0,0,1,0,6,0,0,1,0,0,0,0,0,1,0,1,0,0,47,2411,12,30,0
1,0,30,4,6,0,0,0,1,0,1.625,0,0,0,0,1,0,0,1,0,0,0,0,1,0,1,5.825603,0,0,0,47,2411,12,31,0
0,0,25,2,6,0,1,0,1,0,1.55,0,0,0,0,0,5,0,0,1,0,0,0,0,0,1,0,1,0,1,47,2411,12,32,0
1,2,26,0,6,0,0,1,0,0,1.575,0,1,0,0,0,4,0,0,1,0,0,0,0,0,1,0,1,0,0,47,2411,12,33,0
1,0,27,2,6,0,0,0,1,0,1.55,0,0,0,0,0,5,0,0,1,0,0,0,0,0,1,5.50987,0,0,0,47,2411,12,34,0
1,0,26,3,6,0,0,0,1,0,1.5,0,0,0,0,0,4,0,0,0,0,1,0,0,0,1,0,1,0,1,47,2411,12,35,0
1,0,26,2,6,0,0,0,1,0,1.575,0,0,0,1,0,5,0,0,1,0,0,0,0,0,1,0,1,0,0,47,2411,12,36,0
1,0,29,3,6,0,0,0,1,0,1.55,0,0,0,0,0,4,0,0,1,0,0,0,0,0,1,0,1,0,1,47,2411,12,37,0
1,0,27,2,6,0,0,0,1,0,1.5875,0,0,0,0,1,5,0,0,1,0,0,0,0,0,1,5.50987,0,0,1,47,2411,12,38,0
0,5,27,0,6,0,1,0,0,0,1.575,0,1,0,0,0,4,0,0,0,0,1,0,0,9.305651,0,5.049275,0,0,0,47,2411,12,39,0
1,0,27,4,6,0,0,0,1,0,1.6,0,0,0,0,0,4,0,0,0,1,0,0,0,0,1,5.50987,0,0,1,47,2411,12,40,0
1,0,25,1,6,0,0,0,1,0,1.55,0,0,0,1,0,5,0,0,1,0,0,0,0,0,1,0,1,0,1,47,2411,12,41,0
1,0,22,2,6,0,0,0,1,0,1.55,0,0,1,0,0,2,0,0,0,0,0,0,1,0,1,0,1,0,0,47,2411,12,42,0
1,0,24,3,6,0,0,0,1,0,1.5,0,0,0,0,0,4,0,0,0,0,0,0,1,0,1,0,1,0,0,47,2411,12,43,0
1,0,33,2,6,0,0,0,1,0,1.525,0,0,0,0,0,5,0,0,1,0,0,0,0,0,1,5.50987,0,0,1,47,2411,12,44,0
0,0,23,1,6,0,0,0,1,0,1.5875,0,0,1,0,0,4,0,0,1,0,0,0,0,0,1,0,1,0,1,47,2411,12,45,0
1,0,23,4,6,0,0,0,1,0,1.525,0,0,0,0,1,4,0,0,1,0,0,0,0,0,1,0,1,0,0,47,2411,12,46,0
1,4,24,3,6,0,0,0,0,0,1.5,0,0,0,0,0,4,0,0,1,0,0,0,0,0,1,0,1,0,1,47,2411,12,47,0
0,0,29,1,6,0,1,0,1,0,1.6,0,0,1,0,0,4,0,0,0,1,0,0,0,0,1,0,1,1,0,47,2411,12,48,0
0,0,28,2,6,0,1,0,1,0,1.55,0,0,0,1,0,4,0,0,0,0,0,0,1,0,1,0,1,0,0,47,2411,12,49,0
1,0,28,2,6,0,0,0,1,0,1.525,0,0,0,1,0,5,0,0,1,0,0,0,0,0,1,0,1,0,0,47,2411,12,50,0
1,0,27,2,6,0,0,0,1,0,1.525,0,0,0,1,0,5,0,0,1,0,0,0,0,0,1,0,1,0,1,47,2411,12,51,0
1,2,28,2,6,0,0,1,0,0,1.55,0,0,0,0,0,6,0,0,1,0,0,0,0,0,1,0,1,0,1,47,2411,12,52,0
1,0,29,0,6,0,0,0,1,0,1.525,0,1,0,0,0,0,0,1,0,0,0,0,1,0,1,5.825603,0,0,1,47,2411,12,53,0
1,0,23,0,6,0,0,0,1,0,1.5,0,1,0,0,0,5,0,0,1,0,0,0,0,0,1,0,1,0,0,47,2411,12,54,0
1,0,26,3,6,0,0,0,1,0,1.525,0,0,0,0,1,5,0,0,1,0,0,0,0,0,1,0,1,0,0,47,2411,12,55,0
0,0,24,1,6,0,1,0,1,0,1.5125,0,0,0,0,0,4,0,0,1,0,0,0,0,0,1,0,1,0,1,47,2411,12,56,0
0,0,22,2,6,0,1,0,1,0,1.475,0,0,0,0,0,5,0,0,0,1,0,0,0,0,1,0,1,0,1,47,2411,12,57,0
0,4,24,2,6,0,1,0,0,0,1.55,0,0,0,0,0,4,0,0,1,0,0,0,0,0,1,0,1,0,0,47,2411,12,58,0
1,0,25,0,6,0,0,0,1,0,1.575,0,1,1,0,0,5,0,0,0,1,0,0,0,0,1,0,1,0,0,47,2411,12,59,0
1,0,25,1,6,0,0,0,1,0,1.5,0,0,0,0,0,5,0,0,1,0,0,0,0,0,1,0,1,1,0,47,2411,12,60,0
0,0,23,0,6,0,1,0,1,0,1.625,0,1,1,0,0,5,0,0,0,0,1,0,0,0,1,0,1,0,1,47,2411,12,61,0
0,0,22,2,6,0,0,0,1,0,1.525,0,0,0,0,0,0,0,1,0,0,0,0,1,0,1,0,1,0,1,47,2411,12,62,0
1,0,26,2,6,0,0,0,1,0,1.55,0,0,0,0,0,4,0,0,1,0,0,0,0,0,1,0,1,0,0,47,2411,12,63,0
0,0,28,3,6,0,1,0,1,0,1.525,0,0,0,0,1,4,0,0,1,0,0,0,0,0,1,0,1,0,1,47,2411,12,64,0
1,5,24,2,6,0,0,0,0,0,1.55,0,0,0,0,1,4,0,0,1,0,0,0,0,0,1,0,1,0,0,47,2411,12,65,0
1,0,24,2,6,0,0,0,1,0,1.575,0,0,0,0,0,4,0,0,0,0,0,0,1,0,1,0,1,0,1,47,2411,12,66,0
1,0,27,4,6,0,0,0,1,0,1.575,0,0,0,0,0,4,0,0,1,0,0,0,0,0,1,0,1,0,0,47,2411,12,67,0
0,0,28,2,6,0,1,0,1,0,1.575,0,0,0,1,0,5,0,0,1,0,1,0,0,0,1,5.50987,0,0,1,47,2411,12,68,0
0,0,25,3,6,0,1,0,1,0,1.55,0,0,0,0,0,4,0,0,0,0,0,0,1,0,1,5.50987,0,0,0,47,2411,12,69,0
0,0,24,2,6,0,1,0,1,0,1.6,0,0,0,1,0,5,0,0,1,0,0,0,0,0,1,0,1,0,0,47,2411,12,70,0
0,0,26,3,6,0,1,0,1,0,1.5,0,0,0,0,1,0,0,1,1,0,0,0,0,0,1,0,1,1,0,47,2411,12,71,0
1,2,30,0,6,0,0,1,0,0,1.6,0,1,0,0,0,6,0,0,0,0,1,0,0,0,1,5.794884,0,0,1,47,2411,12,72,0
1,0,24,4,6,0,0,0,1,0,1.6,0,0,0,0,1,4,0,0,1,0,0,0,0,0,1,0,1,0,0,47,2411,12,73,0
0,0,32,1,6,0,1,0,1,0,1.5,0,0,0,1,0,0,0,1,0,0,0,0,1,0,1,5.825603,0,0,1,47,2411,12,74,0
1,0,20,4,6,0,0,0,1,0,1.5625,0,0,0,0,0,2,0,0,0,0,0,0,1,0,1,0,1,0,1,47,2411,12,75,0
1,0,24,4,6,0,0,0,1,0,1.55,0,0,0,0,0,5,0,0,0,0,1,0,0,0,1,0,1,0,0,47,2411,12,76,0
0,0,22,1,6,0,1,0,1,0,1.525,0,0,0,1,0,5,0,0,1,0,0,0,0,0,1,0,1,0,1,47,2411,12,77,0
1,0,30,3,6,0,0,0,1,0,1.575,0,0,0,0,0,5,0,0,0,0,1,0,0,0,1,0,1,0,0,47,2411,12,78,0
1,2,28,2,6,0,0,1,0,0,1.575,0,0,1,0,0,5,0,0,1,0,0,0,0,0,1,0,1,0,1,76,2411,13,107,0
1,0,20,2,6,0,0,0,1,0,1.575,0,0,0,0,0,4,0,0,0,1,0,0,0,0,1,0,1,0,1,44,2411,13,151,0
1,0,29,4,6,0,0,0,1,0,1.55,0,0,0,0,0,6,0,0,0,0,1,0,0,0,1,0,1,0,1,44,2411,13,152,0
1,0,27,0,6,0,0,0,1,0,1.525,0,1,0,0,0,4,0,0,1,0,0,0,0,0,1,0,1,0,0,44,2411,13,153,0
0,0,22,2,6,0,1,0,1,0,1.5625,0,0,0,0,0,5,0,0,1,0,0,0,0,0,1,0,1,0,0,44,2411,13,154,0
1,0,27,0,6,0,0,0,1,0,1.575,0,1,0,0,0,4,0,0,1,0,0,0,0,0,1,0,1,0,0,44,2411,13,155,0
0,0,27,4,6,0,1,0,1,0,1.525,0,0,0,0,0,6,0,0,0,1,0,0,0,0,1,4.91469,0,0,0,44,2411,13,156,0
1,0,25,1,6,0,0,0,1,0,1.6,0,0,0,0,0,5,0,0,1,0,0,0,0,0,1,0,1,0,0,44,2411,13,157,0
0,0,30,0,6,0,1,0,1,0,1.525,0,1,0,0,0,4,0,0,1,0,0,0,0,0,1,0,1,0,0,44,2411,13,158,0
1,0,29,2,6,0,0,0,1,0,1.6,0,0,0,1,0,5,0,0,1,0,0,0,0,0,1,0,1,0,0,44,2411,13,159,0
1,0,30,2,6,0,0,0,1,0,0,1,0,0,1,0,4,0,0,1,0,0,0,0,0,1,0,1,0,1,44,2411,13,160,0
1,0,27,2,6,0,0,0,1,0,1.6,0,0,0,1,0,4,0,0,0,1,0,0,0,0,1,0,1,0,0,44,2411,13,161,0
1,0,39,0,6,0,0,0,1,0,1.55,0,1,0,0,1,5,0,0,1,0,0,0,0,0,1,0,1,0,0,44,2411,13,162,0
1,2,25,3,6,0,0,1,0,0,1.575,0,0,0,0,0,4,0,0,0,0,1,0,0,0,1,0,1,0,1,44,2411,13,163,0
1,0,25,0,6,0,0,0,1,0,1.575,0,1,0,1,0,4,0,0,1,0,0,0,0,0,1,0,1,0,0,44,2411,13,164,0
1,0,30,2,6,0,0,0,1,0,1.5375,0,0,0,1,0,5,0,0,1,0,0,0,0,0,1,0,1,0,0,44,2411,13,165,0
0,0,28,4,6,0,0,0,1,0,1.55,0,0,0,0,1,1,0,0,0,0,0,0,1,0,1,0,1,0,1,55,2411,13,166,0
1,2,25,2,6,0,0,1,0,0,1.575,0,0,0,0,0,5,0,0,0,0,1,0,0,0,1,5.794884,0,0,1,44,2411,13,167,0
1,0,26,2,6,0,0,0,1,0,1.55,0,0,0,1,0,5,0,0,0,0,1,0,0,0,1,0,1,0,1,44,2411,13,168,0
1,0,31,0,6,0,0,0,1,0,1.5,0,1,1,0,0,6,0,0,0,0,1,0,0,9.680344,0,5.825603,0,0,1,44,2411,13,169,0
1,0,0,0,6,0,0,0,1,1,0,1,1,0,0,1,0,0,1,0,0,0,0,1,0,1,0,1,0,1,44,2411,13,170,0
1,0,34,2,6,0,0,0,1,0,1.55,0,0,0,0,0,4,0,0,0,0,1,0,0,0,1,0,1,0,0,44,2411,13,171,0
1,0,24,2,6,0,0,0,1,0,1.575,0,0,0,0,1,4,0,0,0,0,1,0,0,0,1,0,1,0,0,44,2411,13,172,0
1,0,27,0,6,0,0,0,1,0,1.525,0,1,0,0,1,4,0,0,0,0,1,0,0,0,1,0,1,0,0,44,2411,13,173,0
1,0,19,0,6,0,0,0,1,0,1.6,0,1,0,0,0,4,0,0,0,0,0,0,1,0,1,0,1,0,0,44,2411,13,174,0
1,0,32,3,6,0,0,0,1,0,1.625,0,0,0,1,0,5,0,0,1,0,0,0,0,0,1,0,1,0,0,44,2411,13,175,0
1,0,26,2,6,0,0,0,1,0,1.525,0,0,0,0,0,5,0,0,0,0,1,0,0,0,1,0,1,0,1,44,2411,13,176,0
1,0,22,0,6,0,0,0,1,0,1.575,0,1,0,1,0,5,0,0,1,0,0,0,0,0,1,0,1,1,0,44,2411,13,177,0
1,0,24,0,6,0,0,0,1,0,1.55,0,1,0,0,0,4,0,0,0,0,1,0,0,0,1,0,1,0,0,44,2411,13,178,0
1,0,27,0,6,0,0,0,1,0,1.5,0,1,0,0,0,5,0,0,0,0,1,0,0,0,1,5.825603,0,0,1,44,2411,13,179,0
1,0,27,2,6,0,0,0,1,0,1.55,0,0,0,1,0,5,0,0,1,0,0,0,0,0,1,0,1,0,1,44,2411,13,180,0
1,0,28,3,6,0,0,0,1,0,1.525,0,0,0,0,0,4,0,0,0,0,0,0,1,0,1,0,1,0,0,44,2411,13,181,0
0,2,24,2,6,0,1,1,0,0,1.5,0,0,1,0,0,4,0,0,1,0,0,0,0,0,1,0,1,0,0,48,2411,14,218,0
0,0,23,2,6,0,0,0,1,0,1.575,0,0,0,0,1,5,0,0,1,0,0,0,0,0,1,0,1,0,0,48,2411,14,219,0
0,0,25,2,6,0,1,0,1,0,1.55,0,0,0,1,0,5,0,0,1,0,0,0,0,0,1,0,1,0,1,48,2411,14,220,0
0,0,29,4,6,0,1,0,1,0,1.55,0,0,0,0,0,4,0,0,1,0,0,0,0,0,1,0,1,0,1,48,2411,14,221,0
0,0,22,0,6,0,0,0,1,0,1.55,0,1,1,0,0,4,0,0,0,0,1,0,0,0,1,0,1,0,0,48,2411,14,222,0
0,0,25,2,6,0,1,0,1,0,1.5,0,0,0,0,1,5,0,0,1,0,0,0,0,0,1,0,1,0,0,48,2411,14,223,0
0,0,35,0,6,0,1,0,1,0,1.575,0,1,0,1,0,5,0,0,1,0,0,0,0,0,1,0,1,0,1,48,2411,14,224,0
0,0,29,2,6,0,1,0,1,0,1.55,0,0,0,1,0,5,0,0,1,0,0,0,0,0,1,0,1,0,1,48,2411,14,225,0
1,0,28,2,6,0,0,0,1,0,1.575,0,0,0,0,0,4,0,0,1,0,0,0,0,0,1,0,1,0,1,48,2411,14,226,0
0,0,21,2,6,0,1,0,1,0,1.5,0,0,0,1,0,4,0,0,1,0,0,0,0,0,1,0,1,0,1,48,2411,14,227,0
1,0,23,2,6,0,0,0,1,0,1.6,0,0,0,1,0,4,0,0,1,0,0,0,0,0,1,0,1,0,0,48,2411,14,228,0
0,0,20,2,6,0,0,0,1,0,1.575,0,0,0,0,1,2,0,0,0,0,0,0,1,0,1,0,1,0,1,48,2411,14,229,0
1,0,22,4,6,0,0,0,1,0,1.55,0,0,0,0,1,2,0,0,0,0,0,0,1,0,1,0,1,0,0,48,2411,14,230,0
0,0,23,4,6,0,1,0,1,0,1.525,0,0,0,0,0,4,0,0,0,0,1,0,0,0,1,0,1,0,0,48,2411,14,231,0
0,0,29,2,6,0,1,0,1,0,1.525,0,0,0,0,0,4,0,0,0,0,1,0,0,0,1,5.049275,0,0,1,48,2411,14,232,0
0,0,26,2,6,0,1,0,1,0,1.525,0,0,0,0,0,4,0,0,1,0,0,0,0,0,1,0,1,0,1,48,2411,14,233,0
1,0,30,2,6,0,0,0,1,0,1.6,0,0,0,1,0,6,0,0,0,0,1,0,0,0,1,6.094067,0,0,1,48,2411,14,234,0
1,2,23,1,6,0,0,1,0,0,1.575,0,0,1,0,0,4,0,0,1,0,0,0,0,0,1,0,1,0,0,53,2411,14,237,0
0,0,31,3,6,0,1,0,1,0,1.5875,0,0,0,0,1,4,0,0,0,0,1,0,0,9.392662,0,5.825603,0,0,1,103,2411,14,240,0
1,0,27,0,6,0,0,0,1,0,1.5,0,1,0,0,0,1,0,0,0,0,0,0,1,0,1,0,1,0,0,103,2411,14,241,0
0,0,26,2,6,0,0,0,1,0,1.5,0,0,0,0,0,4,0,0,1,0,0,0,0,0,1,0,1,0,1,103,2411,14,242,0
0,0,23,0,6,0,1,0,1,0,1.575,0,1,0,0,0,4,0,0,1,0,0,0,0,0,1,0,1,0,0,103,2411,14,243,0
1,0,42,2,6,0,0,0,1,0,1.575,0,0,0,0,1,0,0,1,0,0,0,0,1,0,1,0,1,0,1,103,2411,15,1,0
1,0,26,0,6,0,0,0,1,0,1.575,0,1,0,0,0,4,0,0,1,0,0,0,0,0,1,0,1,0,0,103,2411,15,2,0
0,0,25,1,6,0,0,0,1,0,1.575,0,0,0,1,0,4,0,0,0,1,0,0,0,0,1,0,1,0,1,103,2411,15,4,0
0,2,27,0,6,0,0,1,0,0,1.55,0,1,0,0,0,4,0,0,0,0,1,0,0,0,1,0,1,0,1,103,2411,15,5,0
1,0,24,3,6,0,0,0,1,0,1.575,0,0,0,0,0,5,0,0,1,0,0,0,0,0,1,0,1,0,0,103,2411,15,6,0
0,0,27,2,6,0,1,0,1,0,1.55,0,0,0,0,0,5,0,0,0,0,1,0,0,0,1,0,1,0,1,103,2411,15,7,0
1,0,22,1,6,0,0,0,1,0,1.525,0,0,0,0,1,4,0,0,0,0,1,0,0,0,1,0,1,0,1,103,2411,15,8,0
1,4,23,2,6,0,0,0,0,0,1.575,0,0,0,0,0,4,0,0,1,0,0,0,0,0,1,0,1,0,0,103,2411,15,9,0
1,0,28,5,6,0,0,0,1,0,1.5,0,0,0,0,1,4,0,0,1,0,0,0,0,0,1,0,1,0,0,76,2411,15,32,0
0,0,27,2,6,0,1,0,1,0,1.55,0,0,0,0,0,4,0,0,0,0,1,0,0,0,1,0,1,0,0,76,2411,15,33,0
1,0,20,4,6,0,0,0,1,0,1.55,0,0,0,0,0,4,0,0,1,0,0,0,0,0,1,0,1,0,0,47,2411,15,77,0
1,0,26,2,6,0,0,0,1,0,1.55,0,0,0,1,0,5,0,0,1,0,0,0,0,0,1,0,1,0,0,47,2601,12,27,0
1,0,26,3,6,0,0,0,1,0,1.5625,0,0,0,0,0,4,0,0,1,0,1,0,0,0,1,0,1,0,1,47,2601,12,28,0
1,0,25,2,6,0,0,0,1,0,1.575,0,0,0,1,0,4,0,0,1,0,1,0,0,0,1,5.50987,0,0,0,47,2601,12,29,0
1,2,26,2,6,0,0,1,0,0,1.525,0,0,0,1,0,4,0,0,0,0,0,0,1,0,1,0,1,0,0,47,2601,12,30,0
1,0,29,2,6,0,0,0,1,0,1.525,0,0,0,1,0,4,0,0,1,0,0,0,0,0,1,0,1,0,0,47,2601,12,31,0
0,0,28,2,6,0,1,0,1,0,1.7,0,0,0,1,0,5,0,0,1,0,0,0,0,0,1,5.50987,0,0,0,47,2601,12,32,0
1,0,37,2,6,0,0,0,1,0,1.55,0,0,0,1,0,0,0,1,0,0,0,0,1,0,1,5.825603,0,0,1,47,2601,12,33,0
1,0,24,2,6,0,0,0,1,0,1.525,0,0,0,1,0,4,0,0,1,0,0,0,0,0,1,0,1,0,0,47,2601,12,34,0
0,0,30,3,6,0,1,0,1,0,1.525,0,0,0,1,0,4,0,0,0,0,1,0,0,0,1,5.049275,0,0,1,47,2601,12,35,0
0,2,30,3,6,0,1,1,0,0,1.5,0,0,0,0,1,5,0,0,1,0,0,0,0,0,1,0,1,0,0,47,2601,12,36,0
0,0,24,2,6,0,1,0,1,0,1.575,0,0,0,0,1,4,0,0,0,0,0,0,1,0,1,5.50987,0,0,1,47,2601,12,37,0
1,0,29,2,6,0,0,0,1,0,1.6,0,0,1,0,0,5,0,0,1,0,0,0,0,0,1,0,1,1,0,47,2601,12,38,0
0,0,28,2,6,0,0,0,1,0,1.55,0,0,0,1,0,2,0,0,0,0,0,0,1,0,1,0,1,0,0,47,2601,12,39,0
1,0,36,2,6,0,0,0,1,0,1.5,0,0,0,1,0,0,0,1,0,0,0,0,1,0,1,0,1,0,1,47,2601,12,40,0
1,0,29,2,6,0,0,0,1,0,1.55,0,0,0,0,1,4,0,0,0,0,0,1,0,0,1,0,1,0,0,47,2601,12,41,0
1,0,26,2,6,0,0,0,1,0,1.5,0,0,0,0,1,5,0,0,1,0,0,0,0,0,1,5.50987,0,0,0,47,2601,12,42,0
0,0,26,2,6,0,1,0,1,0,1.575,0,0,0,0,1,4,0,0,0,1,0,0,0,0,1,0,1,0,0,47,2601,12,44,0
0,0,29,2,6,0,0,0,1,0,1.55,0,0,0,1,0,0,0,1,0,0,1,0,0,0,1,5.049275,0,0,0,47,2601,12,45,0
1,0,26,2,6,0,0,0,1,0,1.575,0,0,0,1,0,4,0,0,1,0,0,0,0,0,1,0,1,0,0,47,2601,12,46,0
0,0,23,3,6,0,1,0,1,0,1.6,0,0,0,1,0,2,0,0,0,0,0,0,1,0,1,0,1,0,1,47,2601,12,47,0
1,0,25,2,6,0,0,0,1,0,1.5,0,0,0,1,0,5,0,0,1,0,0,0,0,0,1,0,1,0,1,47,2601,12,48,0
1,0,24,2,6,0,0,0,1,0,1.575,0,0,0,1,0,5,0,0,0,0,1,0,0,0,1,0,1,0,0,47,2601,12,49,0
1,0,25,2,6,0,0,0,1,0,1.5875,0,0,0,1,0,5,0,0,1,0,0,0,0,0,1,0,1,0,0,47,2601,12,50,0
1,0,23,0,6,0,0,0,1,0,1.55,0,1,0,1,0,4,0,0,1,0,0,0,0,0,1,5.50987,0,0,1,47,2601,12,51,0
0,0,27,2,6,0,1,0,1,0,1.6,0,0,0,1,0,5,0,0,0,0,0,1,0,0,1,0,1,0,0,47,2601,12,52,0
1,0,26,2,6,0,0,0,1,0,1.55,0,0,0,1,0,4,0,0,1,0,0,0,0,0,1,5.825603,0,0,0,47,2601,12,53,0
0,0,28,2,6,0,1,0,1,0,1.5,0,0,0,1,0,5,0,0,0,0,1,0,0,0,1,0,1,1,0,47,2601,12,54,0
0,0,29,2,6,0,0,0,1,0,1.55,0,0,0,1,0,5,0,0,1,0,0,0,0,0,1,0,1,0,1,47,2601,12,55,0
1,0,28,2,6,0,0,0,1,0,1.525,0,0,0,1,0,5,0,0,1,0,0,0,0,0,1,0,1,0,1,47,2601,12,56,0
1,5,30,2,6,0,0,0,0,0,1.55,0,0,0,0,1,6,0,0,1,1,0,0,0,0,1,6.093101,0,0,1,47,2601,12,57,0
1,0,23,2,6,0,0,0,1,0,1.525,0,0,0,0,0,0,0,1,1,0,0,0,0,0,1,0,1,0,0,47,2601,12,58,0
1,0,26,2,6,0,0,0,1,0,1.575,0,0,0,1,0,6,0,0,0,1,1,0,0,0,1,0,1,0,1,47,2601,12,59,0
0,4,25,3,6,0,1,0,0,0,1.5,0,0,0,1,0,4,0,0,1,0,0,0,0,0,1,0,1,0,0,47,2601,12,60,0
0,0,27,0,6,0,1,0,1,0,1.575,0,1,0,1,0,6,0,0,0,0,0,0,1,0,1,0,1,0,1,47,2601,12,61,0
1,2,29,0,6,0,0,1,0,0,1.525,0,1,0,0,1,2,0,0,1,0,0,0,0,0,1,5.447579,0,0,1,47,2601,12,62,0
1,0,27,2,6,0,0,0,1,0,1.625,0,0,0,0,1,4,0,0,1,0,0,0,0,0,1,0,1,0,0,47,2601,12,63,0
1,2,32,1,6,0,0,1,0,0,1.6,0,0,0,1,0,4,0,0,1,0,0,0,0,0,1,0,1,0,1,47,2601,12,64,0
1,0,26,2,6,0,0,0,1,0,1.525,0,0,0,1,0,4,0,0,1,0,1,0,0,0,1,0,1,0,0,47,2601,12,65,0
0,0,31,2,6,0,1,0,1,0,1.5,0,0,0,0,1,5,0,0,1,0,0,0,0,0,1,0,1,0,1,47,2601,12,66,0
1,0,22,0,6,0,0,0,1,0,1.575,0,1,0,1,0,5,0,0,1,0,0,0,0,0,1,0,1,0,1,47,2601,12,67,0
1,0,25,2,6,0,0,0,1,0,1.5,0,0,0,1,0,4,0,0,0,0,1,0,0,0,1,0,1,0,1,47,2601,12,68,0
0,2,26,0,6,0,1,1,0,0,1.5,0,1,0,1,0,6,0,0,0,1,0,0,0,9.546813,0,0,1,0,1,47,2601,12,69,0
0,0,29,0,6,0,1,0,1,0,1.6,0,1,0,1,0,5,0,0,0,0,1,0,0,0,1,0,1,0,0,47,2601,12,70,0
1,2,28,3,6,0,0,1,0,0,1.55,0,0,0,1,0,4,0,0,1,0,0,0,0,0,1,5.825603,0,0,1,47,2601,12,71,0
0,0,26,3,6,0,1,0,1,0,1.525,0,0,0,1,0,5,0,0,1,0,0,0,0,0,1,0,1,0,1,47,2601,12,72,0
1,0,30,3,6,0,0,0,1,0,1.525,0,0,0,1,0,4,0,0,1,0,0,0,0,0,1,0,1,0,0,44,2601,15,230,0
1,0,23,3,6,0,0,0,1,0,1.5,0,0,0,1,0,0,0,1,1,0,0,0,0,0,1,0,1,0,0,44,2601,15,231,0
1,0,26,4,6,0,0,0,1,0,1.575,0,0,0,1,0,5,0,0,1,0,0,0,0,0,1,0,1,0,0,44,2601,15,232,0
1,0,24,2,6,0,0,0,1,0,1.575,0,0,0,1,0,4,0,0,0,0,1,0,0,0,1,0,1,1,0,44,2601,15,233,0
1,0,26,2,6,0,0,0,1,0,1.525,0,0,0,0,0,5,0,0,1,0,0,0,0,0,1,0,1,0,0,44,2601,15,234,0
1,0,24,2,6,0,0,0,1,0,1.55,0,0,0,0,1,4,0,0,0,1,0,0,0,0,1,0,1,0,0,44,2601,15,235,0
1,0,24,1,6,0,0,0,1,0,1.55,0,0,0,1,0,4,0,0,1,0,0,0,0,0,1,0,1,1,0,53,2601,16,100,0
0,0,31,5,6,0,0,0,1,0,1.575,0,0,0,0,0,4,0,0,1,0,0,0,0,0,1,0,1,0,1,53,2601,16,101,0
0,0,30,3,6,0,1,0,1,0,1.625,0,0,0,1,0,5,0,0,1,0,0,0,0,0,1,0,1,0,1,53,2601,16,102,0
0,0,24,2,6,0,0,0,1,0,1.65,0,0,0,1,0,4,0,0,1,0,0,0,0,0,1,0,1,0,0,54,2601,16,104,0
1,0,26,3,6,0,0,0,1,0,1.575,0,0,0,0,0,5,0,0,1,0,0,0,0,0,1,0,1,0,1,53,2601,16,105,0
0,0,24,0,6,0,0,0,1,0,1.6,0,1,0,1,0,4,0,0,0,0,1,0,0,0,1,0,1,0,0,53,2601,16,106,0
0,0,29,4,6,0,0,0,1,0,1.525,0,0,0,1,0,5,0,0,1,0,0,0,0,0,1,0,1,0,1,76,2601,16,118,0
0,0,32,2,6,0,1,0,1,0,1.55,0,0,0,1,0,0,0,1,0,0,0,0,1,0,1,0,1,0,1,48,2601,16,160,0
1,0,25,2,6,0,0,0,1,0,1.55,0,0,0,1,0,2,0,0,0,0,0,0,1,0,1,0,1,0,0,55,2601,16,190,0
1,0,26,0,6,0,0,0,1,0,1.575,0,1,0,0,1,4,0,0,0,0,1,0,0,0,1,0,1,0,1,48,2601,16,84,0
1,0,26,2,6,0,0,0,1,0,1.525,0,0,0,1,0,4,0,0,0,0,1,0,0,0,1,0,1,0,0,48,2601,16,85,0
0,0,22,4,6,0,0,0,1,0,1.55,0,0,0,1,0,4,0,0,1,0,0,0,0,0,1,5.404466,0,0,0,48,2601,16,86,0
0,0,24,2,6,0,1,0,1,0,1.55,0,0,0,1,0,0,0,1,0,0,0,0,1,0,1,0,1,0,1,48,2601,16,88,0
1,0,20,2,6,0,0,0,1,0,1.55,0,0,1,0,0,0,0,1,0,0,0,0,1,0,1,0,1,1,0,54,2601,16,93,0
1,0,22,0,6,0,0,0,1,0,1.55,0,1,0,0,0,0,0,1,0,0,0,0,1,0,1,0,1,0,0,53,2601,16,95,0
0,0,29,2,6,0,0,0,1,0,1.575,0,0,0,0,0,4,0,0,1,0,0,0,0,0,1,0,1,0,1,54,2601,16,96,0
0,0,35,2,6,0,0,0,1,0,1.525,0,0,0,0,1,5,0,0,1,0,0,0,0,0,1,0,1,0,1,54,2601,16,97,0
0,0,23,2,6,0,0,0,1,0,1.55,0,0,0,0,0,5,0,0,0,1,0,0,0,0,1,0,1,0,1,54,2601,16,98,0
0,0,21,2,6,0,1,0,1,0,1.6,0,0,0,0,0,4,0,0,1,0,0,0,0,0,1,0,1,1,0,54,2601,16,99,0
1,0,27,0,6,0,0,0,1,0,1.625,0,1,0,1,0,5,0,0,1,0,0,0,0,0,1,0,1,0,0,44,2601,17,1,0
1,0,30,2,6,0,0,0,1,0,1.525,0,0,0,0,1,4,0,0,1,0,0,0,0,0,1,0,1,0,1,44,2601,17,2,0
1,0,34,5,6,0,0,0,1,0,1.5,0,0,0,0,1,4,0,0,0,1,0,0,0,0,1,0,1,0,1,44,2601,17,3,0
0,0,27,2,6,0,0,0,1,0,1.6,0,0,0,1,0,5,0,0,1,0,0,0,0,0,1,0,1,0,1,44,2601,17,4,0
1,0,32,2,6,0,0,0,1,0,1.6,0,0,1,0,0,5,0,0,1,0,0,0,0,0,1,0,1,0,1,44,2601,17,5,0
1,0,25,4,6,0,0,0,1,0,1.6125,0,0,0,0,1,1,0,0,0,0,0,0,1,0,1,0,1,0,1,44,2601,17,6,0
0,0,24,3,6,0,1,0,1,0,1.55,0,0,0,1,0,4,0,0,0,0,1,0,0,0,1,0,1,0,0,44,2601,17,7,0
1,0,23,0,6,0,0,0,1,0,1.575,0,1,1,0,0,4,0,0,1,0,0,0,0,0,1,0,1,0,0,44,2601,17,8,0
0,4,25,0,6,0,1,0,0,0,1.575,0,1,0,1,0,5,0,0,1,0,1,0,0,0,1,0,1,0,1,44,2601,17,9,0
1,0,29,2,6,0,0,0,1,0,1.625,0,0,1,0,0,5,0,0,1,0,0,0,0,0,1,0,1,0,0,44,2601,17,10,0
0,0,23,2,6,0,1,0,1,0,1.575,0,0,0,1,0,4,0,0,1,0,0,0,0,0,1,0,1,1,0,53,2601,17,11,0
0,4,31,2,6,0,1,0,0,0,1.5,0,0,0,1,0,5,0,0,1,0,0,0,0,0,1,0,1,0,0,44,2601,17,12,0
1,4,33,2,6,0,0,0,0,0,1.525,0,0,0,1,0,4,0,0,1,0,1,0,0,0,1,5.50987,0,0,1,44,2601,17,13,0
1,0,27,2,6,0,0,0,1,0,1.55,0,0,0,1,0,4,0,0,1,0,0,0,0,0,1,5.049275,0,0,1,44,2601,17,14,0
1,0,23,2,6,0,0,0,1,0,1.6,0,0,1,0,0,0,0,1,0,0,0,0,1,0,1,0,1,0,1,44,2601,17,15,0
1,2,26,2,6,0,0,1,0,0,1.575,0,0,0,0,0,5,0,0,1,0,0,0,0,0,1,0,1,0,0,44,2601,17,16,0
1,0,31,0,6,0,0,0,1,0,1.5,0,1,0,0,1,3,0,0,0,0,1,0,0,0,1,5.049275,0,0,0,44,2601,17,17,0
1,0,32,2,6,0,0,0,1,0,1.5,0,0,0,1,0,0,0,1,0,0,0,0,1,0,1,0,1,0,0,44,2601,17,18,0
1,2,25,2,6,0,0,1,0,0,1.65,0,0,0,0,1,4,0,0,0,0,0,0,1,0,1,0,1,0,0,47,2710,11,1,0
1,0,23,2,6,0,0,0,1,0,1.575,0,0,0,1,0,4,0,0,0,0,1,0,0,0,1,0,1,0,0,47,2710,11,2,0
0,0,26,0,6,0,1,0,1,0,1.525,0,1,0,0,0,5,0,0,1,0,0,0,0,0,1,0,1,0,0,47,2710,11,3,0
1,4,29,2,6,0,0,0,0,0,1.5,0,0,0,0,0,5,0,0,0,0,0,0,1,0,1,5.50987,0,0,0,47,2710,11,4,0
1,0,24,2,6,0,0,0,1,0,1.55,0,0,0,0,0,4,0,0,1,0,0,0,0,0,1,0,1,0,0,47,2710,11,5,0
0,0,24,3,6,0,1,0,1,0,1.55,0,0,0,0,1,5,0,0,0,0,0,0,1,0,1,0,1,0,0,47,2710,11,6,0
1,0,23,3,6,0,0,0,1,0,1.6,0,0,0,0,1,4,0,0,0,0,0,0,1,0,1,0,1,0,0,47,2710,11,7,0
1,0,26.5,4,6,0,0,0,1,0,1.525,0,0,0,0,1,4,0,0,0,0,0,0,1,0,1,0,1,0,0,47,2710,11,8,0
0,4,35,1,6,0,1,0,0,0,1.575,0,0,0,0,1,5,0,0,0,0,0,0,1,0,1,0,1,0,1,47,2710,11,9,0
0,0,23,3,6,0,0,0,1,0,1.5,0,0,0,0,0,4,0,0,0,0,0,0,1,0,1,0,1,0,0,47,2710,11,10,0
0,0,26,0,6,0,0,0,1,0,1.575,0,1,0,0,0,4,0,0,0,0,0,0,1,0,1,0,1,0,0,47,2710,11,11,0
1,0,32,0,6,0,0,0,1,0,1.45,0,1,0,0,0,4,0,0,0,0,0,0,1,0,1,0,1,0,1,47,2710,11,12,0
1,0,23,2,6,0,0,0,1,0,1.6,0,0,0,1,0,5,0,0,0,0,0,0,1,0,1,0,1,0,1,44,2710,11,121,0
1,0,30,2,6,0,0,0,1,0,1.6,0,0,0,0,0,4,0,0,0,0,0,0,1,0,1,0,1,0,0,44,2710,11,122,0
0,0,31,2,6,0,1,0,1,0,1.625,0,0,0,0,1,5,0,0,0,0,1,0,0,0,1,5.50987,0,0,0,44,2710,11,123,0
1,0,26,3,6,0,0,0,1,0,1.675,0,0,0,0,1,5,0,0,0,0,1,0,0,0,1,0,1,0,1,44,2710,11,124,0
0,0,34,0,6,0,1,0,1,0,1.575,0,1,0,0,0,4,0,0,0,0,0,0,1,0,1,0,1,0,0,44,2710,11,125,0
0,0,31,2,6,0,1,0,1,0,1.55,0,0,0,0,0,4,0,0,0,0,0,0,1,0,1,0,1,0,0,44,2710,11,126,0
1,0,24,1,6,0,0,0,1,0,1.55,0,0,0,0,0,4,0,0,0,0,0,0,1,0,1,0,1,0,0,44,2710,11,127,0
1,0,25,2,6,0,0,0,1,0,1.55,0,0,0,1,0,4,0,0,0,0,0,0,1,0,1,0,1,0,0,44,2710,11,128,0
1,0,28,4,6,0,0,0,1,0,1.675,0,0,0,0,0,4,0,0,0,0,0,0,1,0,1,5.50987,0,0,1,44,2710,11,129,0
1,0,22,2,6,0,0,0,1,0,1.55,0,0,0,0,0,4,0,0,0,0,0,0,1,0,1,0,1,0,0,47,2710,11,13,0
1,0,31,0,6,0,0,0,1,0,1.5,0,1,0,0,1,3,0,0,0,0,0,0,1,0,1,0,1,0,0,44,2710,11,130,0
0,0,23,2,6,0,1,0,1,0,1.575,0,0,0,0,0,4,0,0,0,0,0,0,1,0,1,0,1,1,0,44,2710,11,131,0
1,0,25,3,6,0,0,0,1,0,1.525,0,0,0,0,0,4,0,0,0,0,0,0,1,0,1,0,1,0,0,44,2710,11,132,0
1,0,34,0,6,0,0,0,1,0,1.575,0,1,0,0,1,4,0,0,0,0,0,0,1,0,1,0,1,0,0,44,2710,11,133,0
1,2,22,2,6,0,0,1,0,0,1.525,0,0,0,1,0,0,0,1,0,0,0,0,1,0,1,0,1,0,0,44,2710,11,134,0
1,2,26,3,6,0,0,1,0,0,1.65,0,0,0,0,0,0,0,1,0,0,0,0,1,0,1,0,1,0,0,44,2710,11,135,0
1,0,24,4,6,0,0,0,1,0,1.6,0,0,0,0,0,4,0,0,0,0,0,0,1,0,1,0,1,0,1,47,2710,11,14,0
1,0,34,0,6,0,0,0,1,0,1.575,0,1,0,1,0,0,0,1,0,0,0,0,1,0,1,5.50987,0,0,0,47,2710,11,15,0
0,4,24,2,6,0,0,0,0,0,1.575,0,0,0,0,0,5,0,0,0,0,0,0,1,0,1,0,1,0,0,47,2710,11,16,0
0,0,29,3,6,0,1,0,1,0,0,1,0,0,0,0,4,0,0,0,0,0,0,1,0,1,6.204298,0,0,1,47,2710,11,17,0
1,0,27,0,6,0,0,0,1,0,1.55,0,1,0,0,0,5,0,0,0,0,0,0,1,0,1,0,1,0,1,48,2710,11,174,0
1,0,26,2,6,0,0,0,1,0,1.575,0,0,0,0,0,4,0,0,0,0,0,0,1,0,1,0,1,0,0,48,2710,11,175,0
1,0,24,2,6,0,0,0,1,0,1.5,0,0,0,0,0,4,0,0,0,0,0,0,1,0,1,0,1,0,0,48,2710,11,176,0
0,0,28,0,6,0,1,0,1,0,1.475,0,1,0,0,0,4,0,0,0,0,0,0,1,0,1,0,1,0,0,48,2710,11,177,0
0,0,24,2,6,0,1,0,1,0,1.55,0,0,0,0,0,4,0,0,0,0,0,0,1,0,1,0,1,0,1,48,2710,11,178,0
1,0,28,2,6,0,0,0,1,0,1.55,0,0,0,1,0,4,0,0,0,0,0,0,1,0,1,0,1,0,0,48,2710,11,179,0
0,0,32,0,6,0,1,0,1,0,0,1,1,0,0,1,0,0,1,0,0,0,0,1,0,1,5.049275,0,0,1,47,2710,11,18,0
1,0,26,2,6,0,0,0,1,0,1.525,0,0,0,1,0,4,0,0,0,0,0,0,1,0,1,0,1,0,0,48,2710,11,180,0
1,0,26.5,2,6,0,0,0,1,0,1.525,0,0,0,0,0,4,0,0,0,0,0,0,1,0,1,0,1,0,0,103,2710,11,184,0
0,0,29,2,6,0,0,0,1,0,1.575,0,0,0,1,0,5,0,0,0,0,0,0,1,0,1,0,1,0,0,54,2710,11,185,0
0,0,34,0,6,0,0,0,1,0,0,1,1,0,0,1,4,0,0,0,0,0,0,1,0,1,0,1,0,0,53,2710,11,187,0
0,0,21,2,6,0,1,0,1,0,1.55,0,0,0,0,0,4,0,0,0,0,0,0,1,0,1,0,1,0,0,54,2710,11,188,0
0,0,23,2,6,0,1,0,1,0,1.6,0,0,0,0,0,5,0,0,0,0,0,0,1,0,1,0,1,0,1,53,2710,11,189,0
1,0,26,2,6,0,0,0,1,0,1.525,0,0,0,0,0,4,0,0,0,0,0,0,1,0,1,0,1,0,1,47,2710,11,19,0
0,0,28,3,6,0,1,0,1,0,1.575,0,0,0,0,0,4,0,0,0,0,0,0,1,0,1,0,1,0,1,54,2710,11,190,0
0,0,26,3,6,0,0,0,1,0,1.525,0,0,0,0,1,5,0,0,0,0,0,0,1,0,1,0,1,0,0,47,2710,11,20,0
1,2,26,2,6,0,0,1,0,0,1.525,0,0,0,0,0,4,0,0,1,0,0,0,0,0,1,0,1,0,0,53,2710,11,200,0
1,0,27,3,6,0,0,0,1,0,1.55,0,0,0,0,0,2,0,0,0,0,0,0,1,0,1,0,1,0,1,47,2710,11,21,0
1,0,32,2,6,0,0,0,1,0,1.575,0,0,0,0,0,4,0,0,0,0,0,0,1,0,1,0,1,0,1,47,2710,11,22,0
0,0,21,4,6,0,0,0,1,0,1.55,0,0,0,0,0,0,0,1,0,0,0,0,1,0,1,0,1,0,0,47,2710,11,23,0
0,0,22,0,6,0,1,0,1,0,1.6,0,1,0,0,1,0,0,1,0,0,0,0,1,0,1,0,1,0,0,47,2710,11,24,0
1,0,26,2,6,0,0,0,1,0,1.55,0,0,0,0,1,4,0,0,0,0,0,0,1,0,1,0,1,0,0,76,2710,11,244,0
1,0,28,4,6,0,0,0,1,0,1.55,0,0,0,0,0,4,0,0,0,0,0,0,1,0,1,0,1,0,0,47,2710,11,25,0
1,4,24,3,6,0,0,0,0,0,1.575,0,0,0,0,0,4,0,0,0,1,0,0,0,0,1,0,1,0,1,47,2710,11,26,0
0,4,28,2,6,0,1,0,0,0,1.575,0,0,0,0,0,4,0,0,0,0,0,0,1,0,1,0,1,0,0,47,2710,11,27,0
1,0,33,0,6,0,0,0,1,0,1.5,0,1,0,0,1,1,0,0,0,0,0,0,1,0,1,0,1,0,0,47,2710,11,28,0
0,0,36,0,6,0,1,0,1,0,1.575,0,1,0,1,0,4,0,0,0,0,0,0,1,0,1,0,1,0,0,47,2710,11,29,0
0,0,27,3,6,0,1,0,1,0,1.55,0,0,0,0,0,5,0,0,0,0,0,0,1,0,1,0,1,0,0,47,2710,11,30,0
1,0,27,4,6,0,0,0,1,0,1.55,0,0,0,0,0,4,0,0,0,0,0,0,1,0,1,0,1,0,0,47,2710,11,31,0
0,0,23,0,6,0,1,0,1,0,1.5,0,1,0,1,0,4,0,0,0,0,0,0,1,0,1,0,1,0,0,47,2710,11,32,0
1,0,28,2,6,0,0,0,1,0,1.5,0,0,0,0,0,0,0,1,0,0,0,0,1,0,1,6.093101,0,0,1,47,2710,11,33,0
1,0,27,3,6,0,0,0,1,0,1.6,0,0,0,0,0,4,0,0,0,0,0,0,1,0,1,0,1,0,0,47,2710,11,34,0
1,0,25,2,6,0,0,0,1,0,1.525,0,0,0,0,1,4,0,0,0,0,0,0,1,0,1,0,1,0,0,47,2710,11,35,0
1,0,34,2,6,0,0,0,1,0,1.625,0,0,0,0,1,0,0,1,0,0,0,0,1,0,1,5.308418,0,0,0,47,2710,11,36,0
0,0,25,2,6,0,0,0,1,0,1.525,0,0,0,1,0,4,0,0,0,0,1,0,0,0,1,0,1,0,0,47,2710,11,37,0
1,4,24,2,6,0,0,0,0,0,1.6,0,0,0,0,0,5,0,0,0,0,0,0,1,0,1,0,1,0,0,47,2710,11,38,0
0,0,28,2,6,0,1,0,1,0,1.575,0,0,0,0,0,4,0,0,0,0,0,0,1,0,1,0,1,0,0,47,2710,11,39,0
1,0,23,2,6,0,0,0,1,0,1.55,0,0,0,1,0,5,0,0,0,0,0,0,1,0,1,0,1,0,0,47,2710,11,40,0
1,0,26,2,6,0,0,0,1,0,1.55,0,0,0,0,0,5,0,0,0,0,0,0,1,0,1,0,1,0,0,47,2710,11,41,0
0,0,33,2,6,0,0,0,1,0,1.5,0,0,0,0,0,5,0,0,0,0,0,0,1,0,1,0,1,0,1,47,2710,11,42,0
0,3,26,2,6,0,1,0,0,0,1.5625,0,0,0,0,0,4,0,0,0,0,1,0,0,9.392662,0,6.093101,0,0,1,47,2710,11,43,0
0,0,34,0,6,0,1,0,1,0,1.8,0,1,0,0,1,0,0,1,0,0,0,0,1,0,1,6.093101,0,0,0,47,2710,15,27,1
1,0,26,0,6,0,0,0,1,0,1.625,0,1,0,0,0,5,0,0,0,0,0,0,1,0,1,0,1,0,0,47,2710,15,28,1
1,0,25,0,6,0,0,0,1,0,0,1,1,0,0,1,0,0,1,0,0,0,0,1,0,1,0,1,0,0,44,2710,15,31,1
0,0,24,2,6,0,0,0,1,0,1.525,0,0,0,0,0,4,0,0,0,1,0,0,0,0,1,0,1,0,1,48,2912,11,115,0
0,0,25,2,6,0,0,0,1,0,1.55,0,0,0,0,0,4,0,0,1,0,0,0,0,0,1,0,1,0,1,53,2912,11,118,0
1,0,24,2,6,0,0,0,1,0,1.575,0,0,0,0,0,4,0,0,1,0,0,0,0,0,1,0,1,0,0,53,2912,11,119,0
1,0,26,2,6,0,0,0,1,0,0,1,0,0,1,0,4,0,0,1,0,0,0,0,0,1,0,1,0,1,53,2912,11,120,0
0,0,27,1,6,0,0,0,1,0,1.5,0,0,0,0,0,4,0,0,1,0,0,0,0,0,1,0,1,0,0,53,2912,11,121,0
1,0,19,3,6,0,0,0,1,0,1.6,0,0,0,0,1,0,0,1,0,0,0,0,1,0,1,0,1,0,0,54,2912,11,122,0
1,0,25,2,6,0,0,0,1,0,1.5875,0,0,1,0,0,4,0,0,1,0,0,0,0,0,1,0,1,0,1,76,2912,11,143,0
1,0,24,0,6,0,0,0,1,0,1.55,0,1,0,0,0,0,0,1,0,0,0,0,1,0,1,0,1,0,0,47,2912,12,8,0
0,0,24,2,6,0,1,0,1,0,1.55,0,0,0,0,0,5,0,0,1,0,0,0,0,0,1,0,1,1,0,47,2912,12,9,0
1,0,25,2,6,0,0,0,1,0,1.575,0,0,0,0,1,4,0,0,1,0,0,0,0,0,1,0,1,0,1,47,2912,12,10,0
1,0,23,0,6,0,0,0,1,0,1.575,0,1,0,1,0,4,0,0,1,0,0,0,0,0,1,0,1,0,0,47,2912,12,11,0
1,0,27,2,6,0,0,0,1,0,1.575,0,0,1,0,0,2,0,0,0,0,0,0,1,0,1,5.825603,0,0,0,47,2912,12,12,0
1,0,30,2,6,0,0,0,1,0,1.525,0,0,0,1,0,5,0,0,1,0,0,0,0,0,1,0,1,0,1,47,2912,12,13,0
0,0,28,2,6,0,1,0,1,0,1.5,0,0,0,0,0,4,0,0,1,0,0,0,0,0,1,0,1,0,0,47,2912,12,14,0
1,0,28,2,6,0,0,0,1,0,1.525,0,0,0,0,1,5,0,0,1,0,0,0,0,0,1,0,1,1,0,44,2912,12,146,0
1,0,30,2,6,0,0,0,1,0,1.5,0,0,0,0,0,4,0,0,1,0,0,0,0,0,1,0,1,0,0,44,2912,12,147,0
1,0,24,2,6,0,0,0,1,0,1.55,0,0,0,0,0,4,0,0,0,0,1,0,0,0,1,0,1,1,0,44,2912,12,148,0
1,0,26,3,6,0,0,0,1,0,1.5,0,0,0,0,0,5,0,0,0,1,0,0,0,0,1,0,1,0,1,44,2912,12,149,0
1,0,30,4,6,0,0,0,1,0,1.55,0,0,0,0,0,2,0,0,0,0,0,0,1,0,1,0,1,0,1,47,2912,12,15,0
1,0,25,2,6,0,0,0,1,0,1.55,0,0,0,0,0,4,0,0,0,0,1,0,0,0,1,6.094067,0,0,0,44,2912,12,150,0
0,0,26,1,6,0,1,0,1,0,1.5,0,0,0,0,0,4,0,0,1,0,0,0,0,0,1,5.50987,0,0,0,44,2912,12,151,0
1,0,23,2,6,0,0,0,1,0,1.6,0,0,0,1,0,5,0,0,1,0,0,0,0,0,1,0,1,0,0,44,2912,12,152,0
0,4,24,2,6,0,1,0,0,0,1.5,0,0,0,0,0,0,0,1,1,0,0,0,0,0,1,0,1,0,0,47,2912,12,16,0
1,0,25,2,6,0,0,0,1,0,1.525,0,0,0,0,0,4,0,0,0,0,1,0,0,0,1,5.825603,0,0,1,47,2912,12,17,0
1,0,26,2,6,0,0,0,1,0,1.625,0,0,0,1,0,5,0,0,1,0,0,0,0,0,1,4.159452,0,0,1,47,2912,12,18,0
1,0,28,4,6,0,0,0,1,0,1.575,0,0,0,0,0,6,0,0,0,1,1,0,0,0,1,0,1,0,1,47,2912,12,19,0
0,2,29,0,6,0,1,1,0,0,1.525,0,1,0,0,0,5,0,0,1,0,1,0,0,0,1,0,1,0,0,47,2912,12,20,0
0,4,27,0,6,0,1,0,0,0,1.6,0,1,0,0,1,5,0,0,1,0,1,0,0,0,1,5.50987,0,0,1,47,2912,12,21,0
1,0,25,2,6,0,0,0,1,0,1.5,0,0,0,0,0,6,0,0,0,0,1,0,0,0,1,0,1,0,1,47,2912,12,22,0
1,0,30,4,6,0,0,0,1,0,1.55,0,0,0,0,1,4,0,0,0,0,0,0,1,0,1,0,1,0,1,48,3003,10,47,0
0,0,34,5,6,0,1,0,1,0,1.55,0,0,0,0,0,5,0,0,0,0,1,0,0,0,1,0,1,0,1,48,3003,10,48,0
0,0,35,2,6,0,1,0,1,0,1.55,0,0,0,1,0,5,0,0,1,0,1,0,0,0,1,5.50987,0,0,1,48,3003,10,49,0
1,0,23,2,6,0,0,0,1,0,1.6,0,0,0,1,0,5,0,0,1,0,0,0,0,0,1,0,1,0,1,53,3003,10,55,0
1,0,26,3,6,0,0,0,1,0,1.5,0,0,0,1,0,4,0,0,1,0,0,0,0,0,1,0,1,0,1,53,3003,10,56,0
1,0,23,2,6,0,0,0,1,0,1.55,0,0,0,1,0,4,0,0,1,0,0,0,0,0,1,0,1,0,1,53,3003,10,57,0
0,0,27,2,6,0,0,0,1,0,1.525,0,0,0,1,0,4,0,0,1,0,0,0,0,0,1,0,1,0,1,53,3003,10,58,0
0,0,24,2,6,0,1,0,1,0,1.55,0,0,0,0,1,4,0,0,1,0,0,0,0,0,1,0,1,0,0,76,3003,10,59,0
1,0,23,2,6,0,0,0,1,0,1.55,0,0,0,1,0,4,0,0,1,0,0,0,0,0,1,0,1,0,1,76,3003,10,72,0
0,0,26,4,6,0,0,0,1,0,1.575,0,0,0,1,0,5,0,0,1,0,0,0,0,0,1,0,1,0,0,82,3003,10,79,0
1,0,35,0,6,0,0,0,1,0,1.55,0,1,0,1,0,0,0,1,0,0,0,0,1,0,1,6.093101,0,0,1,47,3003,12,13,0
1,0,30,2,6,0,0,0,1,0,1.625,0,0,0,0,1,5,0,0,0,0,1,0,0,0,1,0,1,0,1,47,3003,12,14,0
1,2,36,2,6,0,0,1,0,0,1.575,0,0,0,1,0,4,0,0,1,0,0,0,0,0,1,0,1,0,1,47,3003,12,15,0
1,0,23,2,6,0,0,0,1,0,1.575,0,0,0,1,0,4,0,0,0,0,1,0,0,0,1,0,1,0,1,47,3003,12,16,0
0,0,28,3,6,0,1,0,1,0,1.55,0,0,0,0,0,4,0,0,1,0,0,0,0,0,1,0,1,0,1,47,3003,12,17,0
1,2,29,3,6,0,0,1,0,0,1.525,0,0,0,0,1,0,0,1,0,0,0,0,1,0,1,5.50987,0,0,1,47,3003,12,18,0
1,0,24,3,6,0,0,0,1,0,1.55,0,0,0,0,0,4,0,0,0,0,1,0,0,0,1,0,1,0,0,47,3003,12,19,0
1,4,28,2,6,0,0,0,0,0,1.6,0,0,0,1,0,6,0,0,0,0,0,0,1,0,1,0,1,0,0,47,3003,12,20,0
1,0,25,0,6,0,0,0,1,0,1.6,0,1,0,1,0,2,0,0,0,0,0,0,1,0,1,0,1,0,1,47,3003,12,21,0
0,0,27,2,6,0,1,0,1,0,1.6,0,0,0,0,0,4,0,0,0,0,1,0,0,0,1,0,1,0,1,47,3003,12,22,0
0,0,29,2,6,0,0,0,1,0,1.525,0,0,0,1,0,5,0,0,1,0,0,0,0,0,1,0,1,0,1,44,3003,12,91,0
0,0,24,2,6,0,0,0,1,0,1.55,0,0,0,0,1,4,0,0,1,0,0,0,0,0,1,0,1,0,1,44,3003,12,92,0
0,0,26,0,6,0,1,0,1,0,1.575,0,1,0,0,1,5,0,0,1,0,0,0,0,0,1,0,1,0,1,44,3003,12,93,0
1,4,22,4,6,0,0,0,0,0,1.6125,0,0,0,0,1,4,0,0,0,1,0,0,0,0,1,0,1,0,1,44,3003,12,94,0
1,0,31,3,6,0,0,0,1,0,1.575,0,0,0,0,1,5,0,0,1,0,0,0,0,0,1,0,1,0,1,44,3003,12,95,0
1,4,23,3,6,0,0,0,0,0,1.575,0,0,0,0,1,5,0,0,1,0,0,0,0,0,1,0,1,0,1,44,3003,12,96,0
0,0,33,0,6,0,1,0,1,0,1.575,0,1,0,0,1,0,0,1,0,0,0,0,1,0,1,5.50987,0,0,1,44,3003,12,97,0
1,0,30,2,6,0,0,0,1,0,1.55,0,0,0,1,0,5,0,0,1,0,0,0,0,0,1,0,1,0,0,47,3003,14,1,0
1,0,27,3,6,0,0,0,1,0,1.625,0,0,0,1,0,4,0,0,1,0,1,0,0,0,1,0,1,0,1,47,3003,14,2,0
1,0,25,2,6,0,0,0,1,0,1.6375,0,0,1,0,0,4,0,0,0,0,0,1,0,0,1,0,1,0,0,47,3003,14,3,0
1,0,25,2,6,0,0,0,1,0,1.525,0,0,0,1,0,2,0,0,1,0,0,0,0,0,1,0,1,0,1,47,3003,14,4,0
1,0,23,2,6,0,0,0,1,0,1.55,0,0,0,1,0,4,0,0,0,0,0,1,0,0,1,0,1,0,0,47,3003,14,5,0
1,4,25,2,6,0,0,0,0,0,1.525,0,0,0,0,1,4,0,0,0,0,1,0,0,0,1,5.825603,0,0,0,47,3003,14,6,0
1,2,30,3,6,0,0,1,0,0,1.525,0,0,0,1,0,4,0,0,1,0,1,0,0,0,1,5.404466,0,0,1,47,3003,14,7,0
1,0,22,2,6,0,0,0,1,0,1.575,0,0,0,1,0,6,0,0,1,0,0,0,0,0,1,0,1,0,1,47,3003,14,8,0
1,0,34,2,6,0,0,0,1,0,1.55,0,0,0,1,0,4,0,0,0,0,1,0,0,9.10498,0,5.049275,0,0,1,47,3003,14,9,0
