0,0,20,0,5,0,0,0,1,0,1.6256,0,1,0,1,0,2,0,0,0,0,0,0,1,0,1,0,1,1,1,59,79,0,0,0
1,0,23,2,5,0,0,0,1,0,1.524,0,0,1,1,0,4,0,0,0,1,0,0,0,0,1,0,1,0,0,59,179,0,0,0
1,0,26,0,5,0,0,0,1,0,1.5494,0,1,0,0,1,0,0,1,0,0,0,0,1,0,1,0,1,0,0,40,663,0,0,0
0,0,22,0,5,0,0,0,1,0,1.5748,0,1,0,0,0,4,0,0,1,0,0,0,0,0,1,0,1,0,0,34,189,0,0,0
0,0,34,2,5,0,0,0,1,0,1.5748,0,0,0,0,0,6,0,0,0,1,0,0,0,0,1,0,1,0,0,62,713,0,0,0
0,0,24,2,5,0,0,0,1,0,1.6,0,0,0,0,0,4,0,0,0,0,0,0,1,0,1,0,1,0,1,38,112,10,101,0
0,0,34,2,5,0,1,0,1,0,1.5,0,0,0,0,0,0,0,1,0,0,0,0,1,0,1,5.50987,0,0,1,34,112,10,90,0
1,2,34,4,5,0,0,1,0,0,1.55,0,0,0,0,0,6,0,0,1,0,1,0,0,0,1,5.825603,0,0,1,38,112,10,92,0
0,2,28,0,5,0,1,1,0,0,1.525,0,1,0,0,0,4,0,0,0,0,1,0,0,0,1,0,1,0,1,34,112,10,93,0
0,0,25,5,5,0,1,0,1,0,1.6,0,0,0,0,0,5,0,0,1,0,1,0,0,0,1,5.69661,0,0,1,59,112,10,95,0
1,4,27,2,5,0,0,0,0,0,1.55,0,0,0,1,0,5,0,0,1,0,1,0,0,0,1,5.50987,0,0,1,73,112,10,96,0
0,0,23,2,5,0,0,0,1,0,1.5,0,0,1,0,0,4,0,0,1,0,0,0,0,0,1,0,1,0,0,38,112,10,97,0
1,0,25,2,5,0,0,0,1,0,1.55,0,0,0,0,0,6,0,0,0,1,0,0,0,0,1,0,1,0,1,56,112,10,99,0
0,0,25,4,5,0,0,0,1,0,1.6,0,0,0,1,0,0,0,1,1,0,0,0,0,0,1,0,1,0,0,34,112,11,178,0
1,0,32,2,5,0,0,0,1,0,1.6,0,0,0,1,0,4,0,0,1,0,1,0,0,0,1,5.50987,0,0,0,72,112,13,123,0
1,0,27,5,5,0,0,0,1,0,1.6,0,0,0,1,0,5,0,0,1,0,0,0,0,0,1,0,1,0,0,72,112,13,125,0
1,4,22,2,5,0,0,0,0,0,1.575,0,0,0,0,0,0,0,1,0,0,0,0,1,0,1,0,1,0,0,72,112,13,127,0
1,0,24,2,5,0,0,0,1,0,1.5,0,0,0,0,0,4,0,0,0,0,1,0,0,0,1,0,1,0,1,40,112,13,134,0
0,0,22,1,5,0,0,0,1,0,1.575,0,0,0,0,1,4,0,0,0,0,1,0,0,0,1,0,1,0,1,40,112,13,135,0
0,0,23,2,5,0,1,0,1,0,0,1,0,0,1,0,4,0,0,0,0,1,0,0,0,1,0,1,0,0,40,112,13,136,0
1,0,29,2,5,0,0,0,1,0,1.55,0,0,0,0,0,0,0,1,0,0,0,0,1,0,1,0,1,0,1,40,112,13,137,0
0,0,26,2,5,0,0,0,1,0,1.5,0,0,0,1,0,5,0,0,1,0,0,0,0,0,1,0,1,0,1,40,112,13,138,0
0,0,23,4,5,0,0,0,1,0,1.525,0,0,0,0,1,4,0,0,1,0,0,0,0,0,1,0,1,0,0,40,112,13,139,0
1,0,30,4,5,0,0,0,1,0,1.6,0,0,0,1,0,4,0,0,1,0,0,0,0,0,1,0,1,0,0,40,112,13,140,0
1,4,25,2,5,0,0,0,0,0,1.55,0,0,0,0,1,4,0,0,1,0,0,0,0,0,1,0,1,0,0,40,112,13,141,0
1,0,29,2,5,0,0,0,1,0,1.55,0,0,0,1,0,5,0,0,0,0,1,0,0,9.903487,0,0,1,0,0,40,112,13,142,0
1,4,31,0,5,0,0,0,0,0,1.6,0,1,0,1,0,6,0,0,0,0,1,0,0,0,1,0,1,0,1,41,112,13,143,0
1,0,25,2,5,0,0,0,1,0,1.5625,0,0,0,1,0,4,0,0,1,0,0,0,0,0,1,0,1,0,1,40,112,13,144,0
1,0,23,2,5,0,0,0,1,0,1.55,0,0,0,1,0,4,0,0,1,0,0,0,0,0,1,0,1,0,0,40,112,13,145,0
1,0,23,0,5,0,0,0,1,0,1.375,0,1,0,1,0,4,0,0,0,1,0,0,0,0,1,0,1,0,0,40,112,13,146,0
1,0,30,2,5,0,0,0,1,0,1.6,0,0,0,1,0,5,0,0,0,0,1,0,0,0,1,0,1,0,1,40,112,13,147,0
1,0,26,2,5,0,0,0,1,0,1.575,0,0,0,1,0,4,0,0,1,0,0,0,0,0,1,0,1,0,0,40,112,13,148,0
1,0,20,2,5,0,0,0,1,0,1.6,0,0,0,1,0,4,0,0,0,1,0,0,0,0,1,0,1,0,0,40,112,13,149,0
0,0,21,2,5,0,0,0,1,0,1.575,0,0,0,1,0,5,0,0,1,0,0,0,0,0,1,0,1,0,0,40,112,13,150,0
0,0,24,2,5,0,0,0,1,0,1.5,0,0,0,1,0,4,0,0,0,0,0,0,1,0,1,0,1,0,0,40,112,13,151,0
0,0,22,2,5,0,1,0,1,0,1.6,0,0,0,1,0,4,0,0,1,0,0,0,0,0,1,0,1,0,0,40,112,13,152,0
1,0,25,2,5,0,0,0,1,0,1.55,0,0,0,1,0,5,0,0,0,0,1,0,0,0,1,0,1,0,1,40,112,13,153,0
1,0,28,3,5,0,0,0,1,0,1.65,0,0,0,1,0,5,0,0,0,0,1,0,0,0,1,0,1,0,1,40,112,13,154,0
1,0,26,3,5,0,0,0,1,0,1.575,0,0,0,1,0,4,0,0,1,0,0,0,0,0,1,0,1,0,1,40,112,13,155,0
1,0,31,2,5,0,0,0,1,0,1.575,0,0,0,1,0,4,0,0,1,0,0,0,0,0,1,0,1,0,1,62,112,13,156,0
0,0,26,2,5,0,1,0,1,0,1.5,0,0,0,1,0,5,0,0,1,0,0,0,0,0,1,0,1,0,1,62,112,13,157,0
1,2,24,2,5,0,0,1,0,0,1.525,0,0,0,1,0,4,0,0,1,0,0,0,0,0,1,0,1,0,1,62,112,13,158,0
1,0,23,2,5,0,0,0,1,0,1.6,0,0,0,1,0,5,0,0,1,0,0,0,0,0,1,0,1,0,1,62,112,13,159,0
1,0,24,1,5,0,0,0,1,0,1.575,0,0,0,1,0,5,0,0,1,0,0,0,0,0,1,0,1,0,0,62,112,13,160,0
1,4,25,2,5,0,0,0,0,0,1.575,0,0,0,0,1,4,0,0,1,0,0,0,0,0,1,0,1,0,1,62,112,13,161,0
0,0,32,2,5,0,0,0,1,0,1.575,0,0,0,0,1,4,0,0,1,0,0,0,0,0,1,0,1,0,1,62,112,13,162,0
1,0,22,4,5,0,0,0,1,0,1.63,0,0,0,1,0,4,0,0,1,0,0,0,0,0,1,0,1,0,1,59,112,13,163,0
1,0,24,0,5,0,0,0,1,0,1.6,0,1,0,0,1,6,0,0,0,1,0,0,0,0,1,0,1,0,1,62,112,13,164,0
1,2,25,3,5,0,0,1,0,0,1.525,0,0,0,1,0,4,0,0,1,0,0,0,0,0,1,0,1,0,1,62,112,13,166,0
1,0,23,1,5,0,0,0,1,0,1.575,0,0,0,1,0,5,0,0,1,0,0,0,0,0,1,0,1,0,1,62,112,13,167,0
0,0,29,2,5,0,0,0,1,0,1.525,0,0,0,1,0,4,0,0,1,0,0,0,0,0,1,0,1,0,1,62,112,13,168,0
0,0,24,2,5,0,0,0,1,0,1.575,0,0,0,1,0,2,0,0,0,0,0,0,1,0,1,0,1,0,0,59,112,13,169,0
1,0,24,3,5,0,0,0,1,0,1.6,0,0,0,1,0,4,0,0,0,1,0,0,0,0,1,0,1,0,1,62,112,13,170,0
1,0,25,2,5,0,0,0,1,0,1.575,0,0,0,1,0,4,0,0,0,0,1,0,0,0,1,0,1,0,1,62,112,13,171,0
1,0,29,3,5,0,0,0,1,0,1.575,0,0,0,1,0,2,0,0,0,0,0,0,1,0,1,0,1,0,1,62,112,13,172,0
1,4,24,4,5,0,0,0,0,0,1.525,0,0,0,1,0,4,0,0,0,1,0,0,0,0,1,0,1,0,1,62,112,13,173,0
0,0,43,0,5,0,0,0,1,0,1.525,0,1,0,0,1,0,0,1,0,0,0,0,1,0,1,0,1,0,0,59,112,13,174,0
1,0,22,2,5,0,0,0,1,0,1.6,0,0,0,1,0,4,0,0,0,0,0,0,1,0,1,0,1,0,0,62,112,13,175,0
1,2,20,0,5,0,0,1,0,0,1.55,0,1,0,1,0,0,0,1,0,0,0,0,1,0,1,0,1,0,0,62,112,13,176,0
0,0,28,3,5,0,0,0,1,0,1.5375,0,0,0,0,1,4,0,0,0,0,0,0,1,0,1,0,1,0,0,59,112,13,177,0
0,0,38,0,5,0,1,0,1,0,1.575,0,1,0,0,1,2,0,0,0,0,0,0,1,0,1,0,1,0,0,62,112,13,178,0
1,0,21,2,5,0,0,0,1,0,0,1,0,0,0,1,4,0,0,0,1,0,0,0,0,1,0,1,0,0,62,112,13,179,0
1,0,26,0,5,0,0,0,1,0,0,1,1,0,1,0,4,0,0,1,0,0,0,0,0,1,0,1,0,1,42,112,13,39,0
0,0,26,2,5,0,0,0,1,0,1.525,0,0,0,1,0,5,0,0,1,0,0,0,0,0,1,5.50987,0,0,0,25,112,13,52,0
0,0,28,1,5,0,0,0,1,0,0,1,0,0,0,1,6,0,0,0,1,0,0,0,0,1,0,1,0,0,25,112,13,53,0
0,0,24,2,5,0,0,0,1,0,1.5,0,0,0,1,0,4,0,0,1,0,0,0,0,0,1,0,1,0,0,25,112,13,54,0
0,0,24,0,5,0,0,0,1,0,1.575,0,1,0,1,0,4,0,0,0,1,0,0,0,0,1,0,1,0,1,26,112,13,55,0
0,0,21,2,5,0,0,0,1,0,1.5,0,0,0,0,1,4,0,0,0,0,0,0,1,0,1,0,1,0,0,25,112,13,56,0
0,0,23,0,5,0,1,0,1,0,1.575,0,1,0,1,0,5,0,0,1,0,0,0,0,0,1,0,1,0,0,35,112,13,57,0
0,0,27,3,5,0,1,0,1,0,1.55,0,0,0,1,0,4,0,0,0,0,1,0,0,0,1,0,1,0,0,26,112,13,58,0
0,0,35,2,5,0,1,0,1,0,1.5,0,0,0,1,0,0,0,1,0,0,0,0,1,0,1,5.50987,0,0,0,43,112,13,59,0
0,0,33,0,5,0,0,0,1,0,1.55,0,1,0,1,0,5,0,0,1,0,0,0,0,0,1,0,1,0,1,25,112,13,60,0
0,0,24,2,5,0,1,0,1,0,1.575,0,0,0,0,1,0,0,1,0,0,0,0,1,0,1,0,1,0,0,26,112,13,61,0
0,5,28,2,5,0,0,0,0,0,1.575,0,0,0,1,0,6,0,0,0,0,1,0,0,0,1,6.094067,0,0,1,26,112,13,62,0
0,0,23,2,5,0,0,0,1,0,1.625,0,0,0,1,0,4,0,0,1,0,0,0,0,0,1,0,1,0,1,26,112,13,63,0
0,2,25,0,5,0,0,1,0,0,1.5,0,1,0,1,0,4,0,0,0,0,1,0,0,0,1,0,1,0,1,25,112,13,64,0
0,0,27,0,5,0,0,0,1,0,1.475,0,1,0,1,0,2,0,0,0,0,0,0,1,0,1,0,1,0,0,25,112,13,65,0
0,0,27,4,5,0,0,0,1,0,1.55,0,0,0,1,0,0,0,1,0,0,0,0,1,0,1,0,1,0,1,26,112,13,66,0
0,0,18,2,5,0,1,0,1,0,1.5,0,0,0,1,0,4,0,0,1,0,0,0,0,0,1,0,1,0,0,26,112,13,67,0
0,0,26,0,5,0,1,0,1,0,1.5875,0,1,0,1,0,4,0,0,0,0,1,0,0,0,1,0,1,0,1,25,112,13,68,0
0,0,28,4,5,0,1,0,1,0,1.525,0,0,0,0,1,5,0,0,1,0,0,0,0,0,1,0,1,0,1,26,112,13,69,0
0,0,29,3,5,0,0,0,1,0,1.55,0,0,0,1,0,6,0,0,1,1,0,0,0,0,1,0,1,0,1,26,112,13,70,0
0,2,22,2,5,0,0,1,0,0,1.6,0,0,0,1,0,4,0,0,1,0,0,0,0,0,1,0,1,1,0,26,112,13,71,0
0,0,25,0,5,0,0,0,1,0,1.525,0,1,0,1,0,4,0,0,1,0,0,0,0,0,1,0,1,0,1,26,112,13,72,0
0,0,23,0,5,0,0,0,1,0,1.575,0,1,0,1,0,4,0,0,1,0,0,0,0,0,1,0,1,0,1,26,112,13,73,0
0,0,26,2,5,0,0,0,1,0,1.525,0,0,0,1,0,5,0,0,0,1,0,0,0,0,1,0,1,0,0,26,112,13,75,0
0,0,25,2,5,0,0,0,1,0,1.55,0,0,0,1,0,5,0,0,1,0,0,0,0,0,1,0,1,0,0,26,112,13,76,0
0,0,29,2,5,0,0,0,1,0,1.5,0,0,0,0,0,4,0,0,0,0,1,0,0,0,1,0,1,0,1,26,112,13,77,0
0,0,28,2,5,0,0,0,1,0,1.55,0,0,0,1,0,4,0,0,0,0,1,0,0,0,1,0,1,0,1,26,112,13,78,0
0,0,20,4,5,0,0,0,1,0,1.575,0,0,0,1,0,4,0,0,1,0,0,0,0,0,1,0,1,0,1,26,112,13,79,0
0,2,22.5,2,5,0,1,1,0,0,1.525,0,0,0,1,0,4,0,0,1,0,0,0,0,0,1,0,1,0,1,28,112,13,80,0
0,0,29,2,5,0,0,0,1,0,1.55,0,0,0,1,0,6,0,0,1,0,1,0,0,0,1,0,1,0,0,26,112,13,81,0
0,0,34,2,5,0,0,0,1,0,1.625,0,0,0,1,0,2,0,0,0,0,0,0,1,0,1,0,1,0,0,26,112,13,82,0
0,0,25,4,5,0,1,0,1,0,1.55,0,0,0,1,0,4,0,0,0,0,0,0,1,0,1,0,1,0,1,26,112,13,83,0
0,0,25,2,5,0,0,0,1,0,1.575,0,0,0,1,0,4,0,0,0,0,1,0,0,0,1,0,1,0,1,26,112,13,84,0
0,0,23,2,5,0,0,0,1,0,1.55,0,0,0,1,0,4,0,0,0,1,0,0,0,0,1,0,1,0,1,26,112,13,85,0
0,0,22,2,5,0,0,0,1,0,1.55,0,0,0,1,0,5,0,0,1,0,0,0,0,0,1,0,1,0,1,26,112,13,86,0
0,0,37,0,5,0,0,0,1,0,1.525,0,1,0,1,0,0,0,1,0,0,0,0,1,0,1,0,1,0,0,26,112,13,87,0
0,0,23,4,5,0,0,0,1,0,1.6,0,0,0,0,1,4,0,0,0,0,0,0,1,0,1,0,1,0,0,26,112,13,88,0
0,0,27,4,5,0,0,0,1,0,1.5,0,0,0,0,1,5,0,0,0,0,1,0,0,0,1,5.794884,0,0,1,26,112,13,89,0
0,0,29,0,5,0,0,0,1,0,1.5,0,1,0,0,1,5,0,0,0,0,1,0,0,0,1,0,1,0,1,26,112,13,90,0
0,0,26,4,5,0,0,0,1,0,1.525,0,0,0,1,0,4,0,0,0,0,0,0,1,0,1,0,1,0,1,26,112,13,91,0
0,0,24,4,5,0,1,0,1,0,1.525,0,0,0,0,1,6,0,0,0,1,0,0,0,0,1,0,1,0,0,26,112,13,92,0
0,0,27,3,5,0,1,0,1,0,1.55,0,0,0,1,0,6,0,0,0,1,1,0,0,0,1,5.50987,0,0,0,26,112,13,93,0
0,0,24,0,5,0,0,0,1,0,1.575,0,1,0,0,1,4,0,0,1,0,0,0,0,0,1,0,1,0,0,26,112,13,94,0
0,0,27,0,5,0,1,0,1,0,1.525,0,1,0,0,1,4,0,0,1,0,0,0,0,0,1,0,1,0,0,34,112,13,95,0
1,0,24,3,5,0,0,0,1,0,1.55,0,0,0,1,0,4,0,0,1,0,0,0,0,0,1,0,1,0,0,38,112,14,1,0
0,0,23,0,5,0,1,0,1,0,1.575,0,1,0,1,0,3,0,0,0,0,1,0,0,0,1,0,1,0,0,29,112,14,2,0
0,0,25,2,5,0,0,0,1,0,1.575,0,0,0,1,0,4,0,0,1,0,0,0,0,0,1,0,1,0,0,34,112,14,3,0
1,0,32,2,5,0,0,0,1,0,1.5,0,0,0,0,1,1,0,0,0,0,0,0,1,0,1,0,1,0,0,59,112,14,4,0
0,0,24,0,5,0,1,0,1,0,1.575,0,1,0,0,1,4,0,0,0,0,0,1,0,0,1,0,1,0,0,34,112,14,5,0
0,0,25,2,5,0,0,0,1,0,1.525,0,0,0,1,0,2,0,0,1,0,0,0,0,0,1,0,1,0,0,56,112,14,9,0
1,0,28,0,5,0,0,0,1,0,1.55,0,1,0,0,0,4,0,0,1,0,0,0,0,0,1,0,1,1,0,34,112,14,11,0
0,0,24,2,5,0,1,0,1,0,1.55,0,0,0,1,0,1,0,0,0,0,0,0,1,0,1,0,1,0,0,34,112,14,14,0
1,0,25,0,5,0,0,0,1,0,1.525,0,1,0,1,0,5,0,0,1,0,0,0,0,0,1,0,1,0,0,56,112,14,17,0
1,0,27,2,5,0,0,0,1,0,1.525,0,0,0,1,0,4,0,0,1,0,0,0,0,0,1,0,1,0,0,38,112,14,18,0
1,4,27,2,5,0,0,0,0,0,1.575,0,0,0,0,1,4,0,0,1,0,0,0,0,0,1,0,1,0,1,59,112,14,21,0
1,0,26,0,5,0,0,0,1,0,1.525,0,1,0,0,1,5,0,0,0,0,1,0,0,0,1,0,1,1,0,56,112,14,22,0
0,0,23,4,5,0,1,0,1,0,1.575,0,0,0,1,0,4,0,0,1,0,0,0,0,0,1,0,1,0,0,34,112,14,23,0
0,0,25,0,5,0,0,0,1,0,1.525,0,1,0,1,0,4,0,0,1,0,0,0,0,0,1,0,1,0,0,34,112,14,28,0
1,0,25,0,5,0,0,0,1,0,1.5,0,1,0,0,1,5,0,0,1,0,0,0,0,0,1,0,1,0,0,42,112,14,29,0
0,0,26,2,5,0,0,0,1,0,1.575,0,0,0,1,0,4,0,0,0,0,0,0,1,0,1,0,1,0,0,34,112,14,31,0
1,0,25,0,5,0,0,0,1,0,0,1,1,0,1,0,4,0,0,1,0,0,0,0,0,1,0,1,0,1,72,112,14,32,0
1,0,22,4,5,0,0,0,1,0,1.575,0,0,0,1,0,2,0,0,0,0,0,0,1,0,1,0,1,0,0,43,112,14,33,0
0,0,29,2,5,0,1,0,1,0,1.6,0,0,0,1,0,5,0,0,1,0,1,0,0,0,1,0,1,0,1,73,112,14,37,0
0,0,22,2,5,0,0,0,1,0,1.6,0,0,0,1,0,4,0,0,1,0,0,0,0,0,1,0,1,0,0,34,112,14,38,0
0,0,26,2,5,0,0,0,1,0,1.575,0,0,0,1,0,5,0,0,1,1,0,0,0,0,1,0,1,0,0,34,112,14,39,0
0,0,28,0,5,0,0,0,1,0,1.55,0,1,0,1,0,6,0,0,1,0,0,0,0,0,1,6.204298,0,0,1,34,112,14,42,0
0,4,23,2,5,0,0,0,0,0,1.55,0,0,0,0,1,2,0,0,0,0,0,0,1,0,1,0,1,0,0,72,112,14,43,0
0,0,27,2,5,0,1,0,1,0,1.55,0,0,0,1,0,4,0,0,1,0,0,0,0,0,1,0,1,0,0,72,112,14,50,0
1,0,24,0,5,0,0,0,1,0,1.525,0,1,0,1,0,5,0,0,1,0,0,0,0,0,1,0,1,0,0,73,112,14,51,0
1,5,25,2,5,0,0,0,0,0,1.55,0,0,0,1,0,4,0,0,0,1,0,0,0,0,1,0,1,0,1,73,112,14,53,0
0,0,22,2,5,0,0,0,1,0,1.65,0,0,0,1,0,4,0,0,1,0,0,0,0,0,1,0,1,0,0,34,112,14,56,0
0,0,22,2,5,0,0,0,1,0,1.625,0,0,0,0,0,5,0,0,0,0,1,0,0,0,1,0,1,0,1,34,112,14,58,0
1,0,29,0,5,0,0,0,1,0,1.575,0,1,0,1,0,4,0,0,1,0,0,0,0,0,1,0,1,0,0,56,112,14,62,0
1,0,24.5,2,5,0,0,0,1,0,1.5375,0,0,0,1,0,5,0,0,0,0,1,0,0,0,1,0,1,1,0,38,112,14,64,0
1,0,27,0,5,0,0,0,1,0,1.55,0,1,0,0,1,5,0,0,0,0,1,0,0,0,1,6.093101,0,0,1,42,112,14,66,0
0,0,25,2,5,0,1,0,1,0,1.6,0,0,0,1,0,4,0,0,0,1,0,0,0,0,1,0,1,0,1,59,112,15,76,0
1,0,26,2,5,0,0,0,1,0,1.525,0,0,0,0,0,2,0,0,0,0,0,0,1,0,1,0,1,1,0,42,112,16,44,0
1,0,25,2,5,0,0,0,1,0,1.5,0,0,0,0,1,4,0,0,1,0,0,0,0,0,1,0,1,0,0,62,112,18,108,0
0,0,28,2,5,0,0,0,1,0,1.6,0,0,0,0,0,4,0,0,1,0,0,0,0,0,1,0,1,0,1,36,112,18,109,0
0,0,24,2,5,0,1,0,1,0,1.5625,0,0,0,0,0,4,0,0,1,0,0,0,0,0,1,0,1,0,1,36,112,18,111,0
0,0,25,2,5,0,0,0,1,0,1.6,0,0,0,1,0,5,0,0,1,0,1,0,0,0,1,0,1,0,1,36,112,18,112,0
0,0,23,2,5,0,0,0,1,0,1.55,0,0,0,1,0,4,0,0,1,0,0,0,0,0,1,0,1,0,1,25,112,18,31,1
1,0,33,0,5,0,0,0,1,0,1.625,0,1,0,1,0,6,0,0,1,1,0,0,0,0,1,4.23823,0,0,0,59,112,18,33,1
0,0,27,2,5,0,0,0,1,0,1.55,0,0,0,0,0,6,0,0,0,0,1,0,0,0,1,4.91469,0,0,1,34,202,11,1,0
0,0,22,2,5,0,1,0,1,0,1.575,0,0,0,1,0,5,0,0,1,0,0,0,0,0,1,0,1,0,0,72,202,11,4,0
0,0,34,2,5,0,1,0,1,0,1.575,0,0,1,0,0,5,0,0,1,0,0,0,0,0,1,0,1,0,0,34,202,11,123,1
1,0,23,2,5,0,0,0,1,0,1.55,0,0,0,0,1,4,0,0,0,1,0,0,0,0,1,0,1,0,0,40,202,11,124,1
0,0,28,2,5,0,0,0,1,0,1.6,0,0,1,0,0,5,0,0,1,0,0,0,0,0,1,0,1,0,0,34,202,12,120,0
0,0,24,2,5,0,1,0,1,0,1.525,0,0,0,0,0,4,0,0,0,0,1,0,0,0,1,0,1,0,0,25,202,12,34,0
0,0,24,4,5,0,1,0,1,0,1.525,0,0,0,0,0,4,0,0,1,0,0,0,0,0,1,0,1,0,0,72,202,13,118,0
0,0,28,0,5,0,1,0,1,0,1.5,0,1,0,1,0,6,0,0,0,0,1,0,0,0,1,0,1,0,1,56,202,13,135,0
0,5,27,2,5,0,0,0,0,0,1.5625,0,0,0,1,0,4,0,0,1,0,1,0,0,0,1,5.50987,0,0,0,27,202,13,140,0
0,0,24,2,5,0,1,0,1,0,1.6,0,0,0,0,1,2,0,0,0,0,0,0,1,0,1,0,1,0,0,28,202,13,141,0
0,2,24,0,5,0,1,1,0,0,1.575,0,1,0,1,0,6,0,0,1,0,0,0,0,0,1,0,1,0,1,34,202,13,142,0
0,0,27,3,5,0,0,0,1,0,1.55,0,0,0,0,1,1,0,0,0,0,0,0,1,0,1,0,1,0,1,26,202,13,143,0
0,0,24,0,5,0,0,0,1,0,1.525,0,1,0,1,0,5,0,0,1,0,0,0,0,0,1,0,1,0,0,27,202,13,144,0
0,0,24,2,5,0,0,0,1,0,1.6,0,0,0,0,0,5,0,0,0,1,0,0,0,0,1,0,1,0,0,26,202,13,145,0
0,0,33,2,5,0,0,0,1,0,1.55,0,0,0,0,0,5,0,0,1,0,0,0,0,0,1,0,1,0,1,26,202,13,146,0
0,2,26,0,5,0,1,1,0,0,1.575,0,1,0,0,0,5,0,0,0,0,1,0,0,0,1,0,1,0,1,31,202,13,148,0
0,0,25,2,5,0,0,0,1,0,1.525,0,0,1,0,0,5,0,0,1,0,0,0,0,0,1,0,1,0,1,25,202,13,149,0
0,0,25,2,5,0,0,0,1,0,1.5,0,0,0,0,1,5,0,0,1,0,0,0,0,0,1,5.50987,0,0,1,26,202,13,150,0
0,0,27,0,5,0,0,0,1,0,1.55,0,1,0,0,1,5,0,0,0,1,0,0,0,0,1,0,1,0,1,34,202,13,151,0
0,2,21,2,5,0,0,1,0,0,1.525,0,0,0,1,0,4,0,0,0,0,0,0,1,0,1,0,1,0,0,26,202,13,152,0
0,2,26,2,5,0,0,1,0,0,1.6,0,0,0,0,0,5,0,0,1,0,0,0,0,0,1,5.50987,0,0,1,26,202,13,153,0
0,0,28,2,5,0,0,0,1,0,1.575,0,0,0,0,0,5,0,0,0,1,0,0,0,0,1,0,1,0,1,26,202,13,154,0
0,0,33,5,5,0,0,0,1,0,1.5,0,0,0,0,0,1,0,0,0,0,0,0,1,0,1,0,1,0,0,26,202,13,155,0
0,0,30,4,5,0,1,0,1,0,1.55,0,0,0,0,0,4,0,0,1,0,0,0,0,0,1,5.50987,0,0,0,26,202,13,156,0
0,0,28,2,5,0,1,0,1,0,1.575,0,0,0,0,0,5,0,0,0,0,1,0,0,0,1,0,1,0,1,26,202,13,157,0
0,0,27,2,5,0,0,0,1,0,1.525,0,0,0,0,1,4,0,0,1,0,0,0,0,0,1,0,1,0,1,26,202,13,158,0
0,2,24,4,5,0,1,1,0,0,1.525,0,0,0,0,0,5,0,0,1,0,0,0,0,0,1,0,1,1,0,26,202,13,159,0
0,0,35,2,5,0,1,0,1,0,1.5,0,0,0,0,1,2,0,0,0,0,0,0,1,0,1,0,1,0,1,26,202,13,160,0
0,0,33,2,5,0,0,0,1,0,1.575,0,0,0,1,0,4,0,0,0,0,1,0,0,0,1,0,1,0,1,26,202,13,161,0
0,0,25,0,5,0,0,0,1,0,1.6,0,1,0,0,0,4,0,0,0,1,0,0,0,0,1,0,1,0,0,26,202,13,162,0
0,0,24,0,5,0,0,0,1,0,1.45,0,1,0,0,1,5,0,0,0,1,0,0,0,0,1,0,1,0,1,26,202,13,163,0
0,0,29,3,5,0,1,0,1,0,1.5,0,0,0,0,0,4,0,0,1,0,0,0,0,0,1,0,1,0,0,26,202,13,164,0
0,0,25,2,5,0,0,0,1,0,1.55,0,0,0,0,0,4,0,0,0,0,1,0,0,0,1,0,1,0,1,26,202,13,165,0
0,0,24,0,5,0,0,0,1,0,1.575,0,1,0,1,0,4,0,0,0,0,1,0,0,0,1,0,1,0,1,26,202,13,166,0
0,0,0,2,5,0,1,0,1,1,1.5,0,0,0,0,0,5,0,0,1,0,0,0,0,0,1,5.50987,0,0,0,26,202,13,167,0
0,0,31,4,5,0,1,0,1,0,1.5,0,0,0,0,0,4,0,0,1,0,0,0,0,0,1,5.50987,0,0,1,26,202,13,168,0
0,0,21,2,5,0,0,0,1,0,1.575,0,0,0,0,0,4,0,0,0,0,1,0,0,0,1,0,1,0,0,26,202,13,169,0
0,0,21,2,5,0,1,0,1,0,1.6625,0,0,0,1,0,4,0,0,1,0,0,0,0,0,1,0,1,0,1,28,202,13,170,0
0,0,28,2,5,0,0,0,1,0,1.5,0,0,0,0,0,4,0,0,1,0,0,0,0,0,1,0,1,0,0,26,202,13,171,0
0,0,22,2,5,0,0,0,1,0,1.5,0,0,0,0,0,2,0,0,1,0,0,0,0,0,1,0,1,0,1,26,202,13,173,0
1,0,37,2,5,0,0,0,1,0,1.6,0,0,0,0,0,4,0,0,0,0,1,0,0,0,1,5.50987,0,0,1,40,202,13,174,0
0,0,28,2,5,0,0,0,1,0,1.55,0,0,0,0,0,5,0,0,1,0,0,0,0,0,1,0,1,0,1,26,202,13,175,0
0,0,27,2,5,0,0,0,1,0,1.55,0,0,0,1,0,4,0,0,1,0,0,0,0,0,1,0,1,0,0,26,202,13,176,0
0,0,32,0,5,0,1,0,1,0,1.6,0,1,0,0,0,4,0,0,0,1,0,0,0,0,1,0,1,0,0,25,202,13,177,0
0,0,26,2,5,0,1,0,1,0,1.525,0,0,0,0,0,5,0,0,1,0,0,0,0,0,1,0,1,0,1,26,202,13,178,0
1,0,26,0,5,0,0,0,1,0,1.675,0,1,0,0,0,5,0,0,0,0,1,0,0,0,1,0,1,0,1,25,202,13,179,0
1,0,24,2,5,0,0,0,1,0,1.525,0,0,1,0,0,5,0,0,1,0,0,0,0,0,1,0,1,0,0,72,202,13,201,0
0,0,27,2,5,0,1,0,1,0,1.525,0,0,0,0,0,4,0,0,1,0,0,0,0,0,1,0,1,0,1,40,202,13,208,0
1,2,26,2,5,0,0,1,0,0,1.55,0,0,0,1,0,4,0,0,1,0,0,0,0,0,1,5.50987,0,0,1,40,202,13,209,0
0,0,24,2,5,0,0,0,1,0,1.5,0,0,0,1,0,4,0,0,1,0,0,0,0,0,1,0,1,0,0,40,202,13,210,0
0,0,23,0,5,0,1,0,1,0,1.5,0,1,0,0,1,2,0,0,1,0,0,0,0,0,1,0,1,0,0,40,202,13,211,0
0,0,28,0,5,0,1,0,1,0,1.55,0,1,0,0,1,6,0,0,0,0,1,0,0,0,1,5.50987,0,0,1,40,202,13,212,0
0,0,30,0,5,0,1,0,1,0,1.6,0,1,0,0,1,4,0,0,0,0,0,0,1,0,1,0,1,0,1,40,202,13,213,1
0,0,0,5,5,0,1,0,1,1,0,1,0,0,0,1,4,0,0,1,0,1,0,0,0,1,5.50987,0,0,1,40,202,13,213,1
1,0,24,0,5,0,0,0,1,0,1.55,0,1,0,0,0,5,0,0,1,0,0,0,0,0,1,0,1,0,1,40,202,13,214,0
0,0,26,0,5,0,1,0,1,0,1.6,0,1,0,0,1,5,0,0,1,0,0,0,0,0,1,0,1,0,1,40,202,13,215,0
0,0,24,2,5,0,0,0,1,0,1.575,0,0,0,0,0,5,0,0,1,0,0,0,0,0,1,0,1,0,0,40,202,13,216,0
1,2,32,0,5,0,0,1,0,0,1.525,0,1,0,1,0,4,0,0,0,0,1,0,0,0,1,5.049275,0,0,0,40,202,13,217,0
1,0,23,0,5,0,0,0,1,0,1.575,0,1,0,0,0,2,0,0,0,0,0,0,1,0,1,4.91469,0,0,0,40,202,13,218,0
0,0,0,0,5,0,1,0,1,1,0,1,1,0,0,1,4,0,0,1,0,0,0,0,0,1,0,1,0,1,40,202,13,219,0
1,0,27,4,5,0,0,0,1,0,1.525,0,0,0,1,0,4,0,0,0,0,1,0,0,0,1,0,1,0,0,40,202,13,220,0
0,0,23,2,5,0,1,0,1,0,1.6,0,0,0,0,0,4,0,0,0,0,0,1,0,0,1,5.049275,0,0,0,40,202,13,221,0
0,0,29,2,5,0,0,0,1,0,1.55,0,0,0,0,1,5,0,0,1,0,0,0,0,0,1,0,1,0,1,40,202,13,222,0
1,0,22,2,5,0,0,0,1,0,1.575,0,0,0,0,0,5,0,0,1,0,0,0,0,0,1,0,1,0,0,40,202,13,223,0
1,4,24,2,5,0,0,0,0,0,1.575,0,0,0,1,0,5,0,0,1,0,0,0,0,0,1,0,1,0,0,40,202,13,224,0
1,0,24,2,5,0,0,0,1,0,1.575,0,0,0,0,1,4,0,0,0,0,1,0,0,0,1,0,1,0,1,40,202,13,225,0
0,0,21,2,5,0,0,0,1,0,1.55,0,0,0,1,0,4,0,0,0,1,0,0,0,0,1,0,1,0,1,40,202,13,226,0
0,0,26,2,5,0,0,0,1,0,1.525,0,0,0,1,0,5,0,0,1,0,0,0,0,0,1,0,1,0,1,40,202,13,227,0
1,2,28,0,5,0,0,1,0,0,1.6,0,1,0,0,1,6,0,0,0,1,1,0,0,0,1,0,1,0,1,40,202,13,228,0
1,0,28,2,5,0,0,0,1,0,1.525,0,0,0,0,1,5,0,0,0,1,0,0,0,0,1,5.50987,0,0,1,62,202,13,229,0
1,0,22,0,5,0,0,0,1,0,1.625,0,1,0,1,0,2,0,0,1,0,0,0,0,0,1,0,1,1,0,62,202,13,230,0
0,0,45,0,5,0,1,0,1,0,0,1,1,0,0,1,0,0,1,0,0,0,0,1,0,1,0,1,1,0,59,202,13,231,0
1,0,22,4,5,0,0,0,1,0,1.525,0,0,0,1,0,4,0,0,1,0,0,0,0,0,1,0,1,0,1,62,202,13,232,0
1,2,26,2,5,0,0,1,0,0,1.5625,0,0,0,1,0,4,0,0,0,0,0,0,1,0,1,0,1,0,1,62,202,13,233,0
1,0,25,2,5,0,0,0,1,0,1.6,0,0,0,0,1,5,0,0,1,0,0,0,0,0,1,0,1,0,0,59,202,13,234,0
1,0,26,2,5,0,0,0,1,0,1.675,0,0,0,1,0,4,0,0,1,0,0,0,0,0,1,0,1,1,0,58,202,13,235,0
1,0,23,2,5,0,0,0,1,0,1.575,0,0,0,1,0,4,0,0,1,0,0,0,0,0,1,0,1,0,1,62,202,13,236,0
0,0,22,2,5,0,1,0,1,0,1.55,0,0,0,0,1,4,0,0,1,0,0,0,0,0,1,0,1,1,0,59,202,13,237,0
0,0,27,2,5,0,1,0,1,0,1.55,0,0,0,0,0,4,0,0,1,0,0,0,0,0,1,0,1,0,1,36,202,15,19,0
0,0,25,0,5,0,0,0,1,0,1.55,0,1,0,0,0,4,0,0,1,0,0,0,0,0,1,0,1,0,0,34,202,15,23,0
1,0,23,2,5,0,0,0,1,0,1.525,0,0,0,0,0,6,0,0,1,0,0,0,0,0,1,0,1,0,1,38,202,15,24,0
0,4,25,4,5,0,0,0,0,0,1.55,0,0,0,0,1,5,0,0,1,0,0,0,0,0,1,0,1,0,1,34,202,15,28,0
1,0,26,4,5,0,0,0,1,0,1.575,0,0,0,0,0,4,0,0,0,0,0,0,1,0,1,0,1,0,0,38,202,15,30,0
0,0,22,2,5,0,0,0,1,0,1.525,0,0,0,0,0,4,0,0,1,0,0,0,0,0,1,0,1,0,1,34,202,15,34,0
1,0,28,2,5,0,0,0,1,0,1.55,0,0,0,0,0,5,0,0,1,0,0,0,0,0,1,0,1,0,0,72,202,15,35,0
1,0,30,2,5,0,0,0,1,0,1.55,0,0,0,0,1,5,0,0,1,0,0,0,0,0,1,0,1,0,1,38,202,15,36,0
0,0,26,5,5,0,0,0,1,0,1.5,0,0,0,0,1,2,0,0,0,0,0,0,1,0,1,4.159452,0,0,1,26,202,15,38,0
0,0,25,2,5,0,1,0,1,0,1.55,0,0,0,1,0,4,0,0,1,0,0,0,0,0,1,0,1,0,0,72,202,15,39,0
0,0,23,1,5,0,1,0,1,0,1.6,0,0,0,0,0,5,0,0,1,0,0,0,0,0,1,0,1,0,0,66,202,15,41,0
0,0,23,0,5,0,1,0,1,0,1.5,0,1,0,1,0,0,0,1,0,0,0,0,1,0,1,0,1,0,1,59,202,15,43,0
1,0,27,2,5,0,0,0,1,0,1.575,0,0,0,1,0,4,0,0,1,0,0,0,0,0,1,0,1,0,1,66,202,15,44,0
0,0,23,2,5,0,0,0,1,0,1.55,0,0,0,0,0,3,0,0,0,0,0,1,0,0,1,0,1,0,0,38,202,15,45,0
1,0,25,2,5,0,0,0,1,0,1.575,0,0,0,1,0,0,0,1,0,0,0,1,0,0,1,0,1,1,0,56,202,15,46,0
1,2,24,0,5,0,0,1,0,0,1.625,0,1,0,0,1,4,0,0,1,0,0,0,0,0,1,0,1,0,1,60,202,15,47,0
0,0,24,0,5,0,0,0,1,0,1.575,0,1,0,0,0,3,0,0,0,0,0,1,0,0,1,0,1,0,0,34,202,15,48,0
0,0,22,1,5,0,0,0,1,0,1.6,0,0,0,0,0,4,0,0,1,0,0,0,0,0,1,0,1,0,0,34,202,15,49,0
1,0,30,2,5,0,0,0,1,0,1.55,0,0,0,0,0,4,0,0,1,0,1,0,0,8.411833,0,5.50987,0,0,1,34,202,15,50,0
0,0,27,4,5,0,0,0,1,0,1.55,0,0,0,0,1,4,0,0,0,0,1,0,0,0,1,0,1,0,1,34,202,15,55,0
1,0,20,4,5,0,0,0,1,0,1.6,0,0,0,0,1,4,0,0,1,0,0,0,0,0,1,0,1,0,1,59,202,15,57,0
0,0,24,4,5,0,0,0,1,0,1.5,0,0,0,0,0,4,0,0,1,0,0,0,0,0,1,5.50987,0,0,0,38,202,15,61,0
0,0,23,2,5,0,0,0,1,0,1.525,0,0,0,0,1,4,0,0,1,0,0,0,0,0,1,0,1,0,0,34,202,15,62,0
1,0,26,2,5,0,0,0,1,0,1.575,0,0,0,0,1,5,0,0,1,0,1,0,0,0,1,5.50987,0,0,0,42,202,15,65,0
0,2,24,2,5,0,1,1,0,0,1.5625,0,0,0,0,0,0,0,1,0,0,0,0,1,0,1,5.049275,0,0,1,34,202,15,67,0
0,5,31,0,5,0,1,0,0,0,1.55,0,1,0,0,1,5,0,0,1,0,0,0,0,0,1,5.50987,0,0,1,59,202,15,70,0
0,4,27,2,5,0,0,0,0,0,1.575,0,0,0,0,0,4,0,0,1,0,0,0,0,0,1,0,1,0,1,34,202,15,71,0
0,0,29,2,5,0,1,0,1,0,1.475,0,0,0,0,1,5,0,0,0,0,1,0,0,0,1,5.342328,0,0,1,38,202,15,72,0
1,5,28,3,5,0,0,0,0,0,1.525,0,0,0,1,0,5,0,0,0,0,1,0,0,0,1,0,1,0,1,38,202,15,73,0
0,0,27,0,5,0,0,0,1,0,1.575,0,1,0,0,1,4,0,0,0,0,1,0,0,0,1,5.825603,0,0,1,34,202,15,77,0
1,0,27,1,5,0,0,0,1,0,1.5,0,0,0,0,0,2,0,0,0,0,0,0,1,0,1,0,1,0,1,38,202,15,84,0
0,0,25,0,5,0,1,0,1,0,1.525,0,1,0,0,1,2,0,0,0,0,0,0,1,0,1,0,1,0,0,59,202,15,90,0
1,0,27,4,5,0,0,0,1,0,1.575,0,0,0,0,0,2,0,0,0,0,0,0,1,0,1,5.825603,0,0,1,34,202,15,92,0
1,0,25,4,5,0,0,0,1,0,1.525,0,0,0,0,1,5,0,0,1,0,0,0,0,0,1,0,1,0,0,59,202,15,94,0
1,0,27,4,5,0,0,0,1,0,1.575,0,0,0,0,1,5,0,0,1,0,0,0,0,0,1,5.50987,0,0,0,42,202,15,95,0
1,0,26,2,5,0,0,0,1,0,1.55,0,0,1,0,0,5,0,0,1,0,0,0,0,0,1,0,1,0,1,59,202,16,1,0
0,0,29,4,5,0,1,0,1,0,1.55,0,0,0,0,1,4,0,0,0,0,1,0,0,0,1,0,1,0,1,62,202,16,2,0
0,0,26,2,5,0,0,0,1,0,1.525,0,0,0,1,0,5,0,0,1,0,0,0,0,0,1,0,1,0,1,62,202,16,3,0
1,0,23,1,5,0,0,0,1,0,1.575,0,0,0,0,1,0,0,1,0,0,0,0,1,0,1,0,1,0,0,62,202,16,4,0
0,0,24,4,5,0,1,0,1,0,1.55,0,0,0,0,1,5,0,0,0,0,1,0,0,0,1,0,1,0,1,62,202,16,5,0
0,0,23,2,5,0,0,0,1,0,1.625,0,0,0,1,0,0,0,1,1,0,0,0,0,0,1,0,1,0,0,62,202,16,6,0
1,2,24,2,5,0,0,1,0,0,1.55,0,0,0,1,0,4,0,0,0,0,0,0,1,0,1,0,1,0,1,62,202,16,7,0
0,0,23,2,5,0,0,0,1,0,1.5,0,0,0,1,0,4,0,0,1,0,0,0,0,0,1,0,1,0,1,60,202,16,8,0
0,0,26,2,5,0,0,0,1,0,1.55,0,0,0,1,0,2,0,0,0,0,0,0,1,0,1,0,1,0,1,59,202,16,9,0
0,0,29,2,5,0,0,0,1,0,1.55,0,0,0,0,0,5,0,0,0,1,0,0,0,0,1,5.50987,0,0,1,62,202,16,10,0
0,0,25,2,5,0,1,0,1,0,1.525,0,0,0,1,0,4,0,0,0,0,1,0,0,0,1,0,1,1,0,58,202,16,11,0
1,0,25,0,5,0,0,0,1,0,1.575,0,1,0,0,1,5,0,0,0,0,1,0,0,0,1,0,1,0,1,59,202,16,12,0
0,0,27,2,5,0,1,0,1,0,1.6,0,0,0,0,0,6,0,0,1,0,1,0,0,0,1,0,1,0,1,62,202,16,13,0
1,0,35,4,5,0,0,0,1,0,1.45,0,0,0,0,1,1,0,0,0,0,0,0,1,0,1,0,1,0,1,38,203,10,5,0
0,0,27,0,5,0,1,0,1,0,1.5,0,1,0,0,1,5,0,0,1,0,0,0,0,0,1,5.50987,0,0,1,34,203,10,6,0
1,0,26,2,5,0,0,0,1,0,1.525,0,0,0,0,1,5,0,0,1,0,0,0,0,0,1,0,1,0,1,34,203,10,9,0
1,0,28,4,5,0,0,0,1,0,1.55,0,0,0,1,0,4,0,0,0,0,1,0,0,0,1,0,1,0,1,72,203,10,10,0
1,0,35,2,5,0,0,0,1,0,1.55,0,0,0,1,0,4,0,0,0,0,0,0,1,0,1,0,1,0,1,56,203,10,11,0
0,0,26,4,5,0,1,0,1,0,1.55,0,0,0,0,1,0,0,1,0,0,0,0,1,0,1,5.50987,0,0,1,73,203,10,12,0
0,0,25,2,5,0,1,0,1,0,1.575,0,0,0,1,0,5,0,0,1,0,0,0,0,0,1,0,1,0,1,34,203,10,14,0
0,0,24,3,5,0,0,0,1,0,1.575,0,0,0,1,0,5,0,0,0,0,0,0,1,0,1,0,1,0,0,34,203,10,19,0
0,0,24,2,5,0,1,0,1,0,1.5,0,0,0,0,1,3,0,0,0,0,1,0,0,0,1,0,1,0,1,72,203,10,20,0
0,0,39,2,5,0,1,0,1,0,1.525,0,0,0,0,1,0,0,1,0,0,0,0,1,0,1,5.50987,0,0,1,60,203,10,22,0
1,0,28,1,5,0,0,0,1,0,1.575,0,0,0,0,1,4,0,0,1,0,0,0,0,0,1,0,1,0,1,73,203,10,23,0
0,0,20,2,5,0,1,0,1,0,1.65,0,0,0,0,1,1,0,0,0,0,0,0,1,0,1,0,1,0,0,73,203,10,25,0
0,0,27,2,5,0,0,0,1,0,1.55,0,0,0,0,1,4,0,0,0,1,0,0,0,0,1,0,1,0,1,34,203,10,26,0
0,4,28,2,5,0,1,0,0,0,1.525,0,0,0,0,1,4,0,0,1,0,0,0,0,0,1,0,1,0,1,42,203,10,30,0
0,0,21,1,5,0,1,0,1,0,1.65,0,0,0,1,0,5,0,0,1,0,0,0,0,0,1,0,1,0,0,56,203,10,33,0
0,0,25,2,5,0,0,0,1,0,1.55,0,0,0,1,0,4,0,0,1,0,1,0,0,0,1,5.50987,0,0,1,34,203,10,35,0
0,0,30,0,5,0,1,0,1,0,1.5,0,1,0,0,1,4,0,0,1,0,0,0,0,0,1,0,1,0,1,38,203,10,37,0
0,4,28,0,5,0,1,0,0,0,1.575,0,1,0,0,1,4,0,0,1,0,0,0,0,0,1,0,1,0,1,38,203,10,38,0
1,6,24,2,5,0,0,0,0,0,1.55,0,0,0,1,0,4,0,0,1,0,0,0,0,0,1,0,1,0,1,59,203,10,39,0
0,0,25,2,5,0,1,0,1,0,1.575,0,0,0,0,1,4,0,0,1,0,0,0,0,0,1,0,1,0,0,72,203,10,41,0
1,0,32,2,5,0,0,0,1,0,1.6,0,0,0,0,1,4,0,0,1,0,0,0,0,0,1,0,1,0,1,72,203,10,42,0
1,0,32,5,5,0,0,0,1,0,1.55,0,0,0,0,1,5,0,0,1,0,0,0,0,0,1,5.50987,0,0,0,72,203,10,43,0
1,0,27,0,5,0,0,0,1,0,1.55,0,1,0,0,1,5,0,0,1,0,0,0,0,0,1,0,1,0,1,43,203,10,44,1
1,0,25,0,5,0,0,0,1,0,1.55,0,1,0,0,1,4,0,0,0,0,1,0,0,0,1,0,1,0,1,43,203,10,44,1
0,0,26,4,5,0,1,0,1,0,1.575,0,0,0,0,1,4,0,0,1,0,0,0,0,0,1,0,1,0,1,72,203,10,45,0
0,0,23,2,5,0,1,0,1,0,1.6,0,0,0,0,1,1,0,0,0,0,0,0,1,0,1,0,1,1,0,34,203,10,46,0
0,0,22,2,5,0,0,0,1,0,1.6,0,0,0,1,0,5,0,0,0,0,1,0,0,0,1,0,1,1,0,34,203,10,47,0
0,0,25,2,5,0,0,0,1,0,1.575,0,0,0,0,1,4,0,0,0,0,1,0,0,0,1,5.825603,0,0,1,34,203,10,49,0
1,0,26,2,5,0,0,0,1,0,1.55,0,0,0,1,0,1,0,0,0,0,0,0,1,0,1,0,1,0,1,72,203,13,102,0
1,0,23,3,5,0,0,0,1,0,1.5,0,0,0,1,0,4,0,0,0,0,1,0,0,0,1,0,1,0,0,28,203,13,123,0
0,0,30,0,5,0,1,0,1,0,1.55,0,1,0,0,1,5,0,0,1,0,0,0,0,0,1,0,1,0,0,26,203,13,125,0
0,0,27,2,5,0,0,0,1,0,1.5125,0,0,0,1,0,4,0,0,0,0,0,0,1,0,1,0,1,0,1,26,203,13,126,0
0,0,22,3,5,0,0,0,1,0,1.55,0,0,0,1,0,4,0,0,0,0,1,0,0,0,1,0,1,0,0,26,203,13,127,0
0,2,24,2,5,0,0,1,0,0,1.5875,0,0,0,1,0,4,0,0,1,0,0,0,0,0,1,0,1,1,0,26,203,13,128,0
0,0,24,0,5,0,1,0,1,0,1.625,0,1,0,1,0,4,0,0,1,0,0,0,0,0,1,0,1,0,0,26,203,13,129,0
0,0,28,2,5,0,1,0,1,0,1.5,0,0,0,1,0,5,0,0,1,0,0,0,0,0,1,0,1,0,0,26,203,13,130,0
0,0,27,2,5,0,1,0,1,0,1.65,0,0,0,1,0,4,0,0,1,0,0,0,0,0,1,0,1,0,0,28,203,13,131,0
0,0,25,0,5,0,0,0,1,0,1.55,0,1,0,1,0,4,0,0,1,0,0,0,0,0,1,0,1,0,0,26,203,13,132,0
0,0,24,2,5,0,1,0,1,0,1.55,0,0,0,1,0,5,0,0,1,0,0,0,0,0,1,0,1,0,1,26,203,13,133,0
0,0,25,4,5,0,0,0,1,0,1.55,0,0,0,1,0,4,0,0,1,0,0,0,0,0,1,0,1,0,0,26,203,13,134,0
0,0,21,2,5,0,0,0,1,0,1.55,0,0,0,1,0,4,0,0,0,0,0,0,1,0,1,0,1,1,0,26,203,13,135,0
0,0,22,4,5,0,0,0,1,0,1.575,0,0,0,1,0,4,0,0,1,0,0,0,0,0,1,0,1,0,0,26,203,13,136,0
0,0,23,0,5,0,0,0,1,0,1.55,0,1,0,1,0,5,0,0,1,0,0,0,0,0,1,0,1,0,0,26,203,13,137,0
0,0,25,2,5,0,0,0,1,0,1.55,0,0,0,1,0,5,0,0,1,0,0,0,0,0,1,5.50987,0,0,1,59,203,13,138,0
0,0,20,0,5,0,0,0,1,0,1.575,0,1,0,1,0,4,0,0,1,0,0,0,0,0,1,0,1,0,1,26,203,13,139,0
0,0,24,2,5,0,1,0,1,0,1.575,0,0,0,1,0,5,0,0,1,0,0,0,0,0,1,0,1,0,1,25,203,13,140,0
0,0,24,0,5,0,0,0,1,0,1.45,0,1,0,1,0,5,0,0,0,1,0,0,0,0,1,0,1,0,1,26,203,13,141,0
0,0,27,2,5,0,0,0,1,0,1.5,0,0,0,1,0,4,0,0,1,0,0,0,0,0,1,0,1,0,0,26,203,13,142,0
0,0,22,2,5,0,0,0,1,0,1.5,0,0,0,0,1,4,0,0,1,0,0,0,0,0,1,0,1,0,0,26,203,13,143,0
0,0,30,0,5,0,0,0,1,0,1.6,0,1,0,1,0,5,0,0,1,0,0,0,0,0,1,0,1,0,0,26,203,13,145,0
0,0,23,2,5,0,0,0,1,0,1.5,0,0,0,1,0,5,0,0,1,0,0,0,0,0,1,0,1,0,1,26,203,13,146,0
0,0,26.5,4,5,0,1,0,1,0,1.525,0,0,0,1,0,4,0,0,1,0,0,0,0,0,1,0,1,0,1,26,203,13,147,0
0,0,28,2,5,0,1,0,1,0,1.6,0,0,0,1,0,6,0,0,0,0,1,0,0,0,1,6.094067,0,0,1,26,203,13,149,0
1,0,34,4,5,0,0,0,1,0,1.625,0,0,0,0,1,0,0,1,0,0,0,0,1,0,1,0,1,0,0,72,203,13,176,0
0,0,20,2,5,0,0,0,1,0,1.45,0,0,0,1,0,2,0,0,0,0,0,0,1,0,1,0,1,0,1,40,203,13,182,0
0,4,21,1,5,0,0,0,0,0,1.575,0,0,0,1,0,4,0,0,1,0,0,0,0,0,1,0,1,0,0,40,203,13,183,0
0,0,25,0,5,0,1,0,1,0,1.575,0,1,0,1,0,5,0,0,0,0,1,0,0,0,1,0,1,0,0,40,203,13,184,0
1,2,29,0,5,0,0,1,0,0,1.575,0,1,0,0,1,5,0,0,1,0,0,0,0,0,1,5.50987,0,0,0,40,203,13,185,0
0,0,27,0,5,0,0,0,1,0,1.55,0,1,0,1,0,5,0,0,0,0,1,0,0,0,1,0,1,0,1,40,203,13,186,0
0,0,24,2,5,0,0,0,1,0,1.525,0,0,0,1,0,4,0,0,1,0,0,0,0,0,1,0,1,0,0,40,203,13,187,0
1,0,24,2,5,0,0,0,1,0,1.55,0,0,0,1,0,4,0,0,0,0,0,0,1,0,1,0,1,0,0,40,203,13,188,0
1,2,27,2,5,0,0,1,0,0,1.575,0,0,0,0,1,4,0,0,1,0,0,0,0,0,1,6.093101,0,0,1,40,203,13,189,0
0,0,25,4,5,0,1,0,1,0,1.5,0,0,0,1,0,4,0,0,1,0,0,0,0,0,1,0,1,0,0,40,203,13,190,0
0,0,27,4,5,0,1,0,1,0,0,1,0,0,1,0,4,0,0,1,0,0,0,0,0,1,5.049275,0,0,1,40,203,13,191,0
0,0,24,4,5,0,0,0,1,0,1.55,0,0,0,1,0,4,0,0,1,0,0,0,0,0,1,0,1,0,1,40,203,13,192,0
1,0,25,2,5,0,0,0,1,0,1.575,0,0,0,1,0,5,0,0,1,0,0,0,0,0,1,0,1,0,0,40,203,13,193,0
1,0,21,3,5,0,0,0,1,0,1.55,0,0,0,1,0,4,0,0,1,0,0,0,0,0,1,0,1,0,0,40,203,13,194,0
0,5,25,4,5,0,1,0,0,0,1.5,0,0,0,1,0,5,0,0,1,0,0,0,0,0,1,0,1,0,1,40,203,13,195,0
0,0,26,5,5,0,1,0,1,0,1.6,0,0,0,1,0,0,0,1,0,0,0,0,1,0,1,0,1,1,0,40,203,13,196,0
1,0,24,2,5,0,0,0,1,0,1.65,0,0,0,1,0,4,0,0,0,1,0,0,0,0,1,0,1,1,0,40,203,13,197,0
1,0,25,2,5,0,0,0,1,0,1.575,0,0,0,1,0,5,0,0,0,0,1,0,0,0,1,0,1,0,1,40,203,13,198,0
1,4,23,4,5,0,0,0,0,0,1.5,0,0,0,1,0,5,0,0,0,0,1,0,0,0,1,0,1,0,1,40,203,13,199,0
0,4,23,4,5,0,1,0,0,0,1.55,0,0,0,1,0,2,0,0,0,0,0,0,1,0,1,0,1,0,0,58,203,13,200,0
1,0,25,0,5,0,0,0,1,0,1.5,0,1,0,0,1,4,0,0,1,0,0,0,0,0,1,0,1,0,0,62,203,13,201,0
0,0,24,0,5,0,1,0,1,0,1.6,0,1,1,0,0,4,0,0,0,0,0,0,1,0,1,0,1,0,0,62,203,13,202,0
0,2,24,2,5,0,0,1,0,0,1.55,0,0,0,1,0,4,0,0,1,0,0,0,0,0,1,0,1,0,0,59,203,13,203,0
1,0,26,0,5,0,0,0,1,0,1.55,0,1,0,1,0,4,0,0,0,1,0,0,0,0,1,0,1,0,1,62,203,13,204,0
1,0,34,2,5,0,0,0,1,0,1.575,0,0,0,1,0,2,0,0,0,0,0,0,1,0,1,0,1,0,1,62,203,13,205,0
1,0,29,0,5,0,0,0,1,0,1.575,0,1,0,1,0,4,0,0,0,0,0,0,1,0,1,0,1,0,1,62,203,13,206,0
0,0,27,2,5,0,1,0,1,0,1.5,0,0,0,1,0,5,0,0,1,0,0,0,0,0,1,0,1,0,1,62,203,13,207,0
0,4,26,2,5,0,0,0,0,0,1.525,0,0,0,1,0,5,0,0,1,0,0,0,0,0,1,0,1,0,1,62,203,13,208,0
0,0,26,2,5,0,0,0,1,0,1.55,0,0,0,1,0,4,0,0,0,0,0,0,1,0,1,0,1,0,1,59,203,13,209,0
1,0,30,2,5,0,0,0,1,0,1.575,0,0,0,0,1,4,0,0,0,0,0,0,1,0,1,0,1,0,0,59,203,13,210,0
0,4,24,3,5,0,1,0,0,0,1.55,0,0,0,1,0,5,0,0,0,0,1,0,0,0,1,0,1,0,1,62,203,13,211,0
1,0,22,2,5,0,0,0,1,0,1.6,0,0,0,1,0,4,0,0,0,0,0,0,1,0,1,0,1,0,0,62,203,13,212,0
0,0,20,0,5,0,1,0,1,0,1.55,0,1,0,0,1,2,0,0,0,0,0,0,1,0,1,0,1,0,0,62,203,13,213,0
0,0,28,2,5,0,1,0,1,0,1.55,0,0,0,0,1,5,0,0,1,0,0,0,0,0,1,0,1,0,1,62,203,13,214,0
1,0,26,0,5,0,0,0,1,0,1.575,0,1,0,1,0,6,0,0,0,1,0,0,0,0,1,0,1,0,1,62,203,13,215,0
0,0,39,0,5,0,1,0,1,0,0,1,1,0,1,0,4,0,0,0,0,1,0,0,0,1,0,1,0,1,59,203,13,216,0
1,0,22,2,5,0,0,0,1,0,1.625,0,0,0,1,0,4,0,0,1,0,0,0,0,0,1,0,1,0,0,62,203,13,217,0
1,0,30,2,5,0,0,0,1,0,1.55,0,0,0,1,0,4,0,0,1,0,0,0,0,0,1,0,1,0,0,62,203,13,218,0
1,4,22,2,5,0,0,0,0,0,1.6,0,0,0,0,1,5,0,0,1,0,0,0,0,0,1,0,1,0,1,62,203,13,219,0
0,0,23,0,5,0,1,0,1,0,1.525,0,1,0,0,1,2,0,0,0,0,0,0,1,0,1,0,1,0,1,34,203,15,54,0
0,0,22,2,5,0,1,0,1,0,1.575,0,0,0,1,0,3,0,0,0,1,1,0,0,0,1,0,1,0,1,72,203,15,56,0
0,5,26,2,5,0,1,0,0,0,1.5,0,0,0,0,1,5,0,0,1,0,0,0,0,0,1,0,1,0,1,38,203,15,60,0
0,0,34,2,5,0,1,0,1,0,1.575,0,0,0,0,1,5,0,0,1,0,0,0,0,0,1,0,1,0,1,34,203,15,63,0
1,0,32,4,5,0,0,0,1,0,1.5,0,0,0,0,1,5,0,0,1,0,1,0,0,0,1,5.50987,0,0,1,42,203,15,64,0
0,0,28,2,5,0,1,0,1,0,1.525,0,0,0,0,1,4,0,0,1,0,0,0,0,0,1,0,1,0,1,34,203,15,66,0
1,2,20,4,5,0,0,1,0,0,1.65,0,0,0,0,1,2,0,0,0,0,0,0,1,0,1,0,1,0,1,59,203,15,68,0
1,0,27,1,5,0,0,0,1,0,1.625,0,0,0,0,1,6,0,0,0,1,0,0,0,0,1,6.093101,0,0,1,38,203,15,69,0
0,0,22,2,5,0,0,0,1,0,1.6,0,0,0,0,1,4,0,0,1,0,0,0,0,0,1,0,1,0,1,59,203,15,73,0
0,0,30,4,5,0,1,0,1,0,1.6,0,0,0,0,1,5,0,0,1,0,0,0,0,0,1,0,1,0,1,72,203,15,75,0
0,4,27,2,5,0,1,0,0,0,1.525,0,0,0,0,1,5,0,0,1,0,1,0,0,0,1,0,1,0,1,31,203,15,76,0
0,4,25,0,5,0,0,0,0,0,1.5,0,1,1,0,0,5,0,0,1,0,0,0,0,0,1,0,1,0,0,34,203,15,78,0
0,0,25,2,5,0,0,0,1,0,1.575,0,0,0,1,0,2,0,0,1,0,0,0,0,0,1,0,1,0,0,34,203,15,80,0
1,0,31,2,5,0,0,0,1,0,1.525,0,0,0,0,1,5,0,0,1,0,0,0,0,0,1,5.50987,0,0,1,43,203,15,82,0
0,0,26,2,5,0,1,0,1,0,1.575,0,0,0,1,0,5,0,0,1,0,0,0,0,0,1,0,1,0,1,73,203,15,83,0
1,0,28,0,5,0,0,0,1,0,1.475,0,1,0,0,1,2,0,0,0,0,0,0,1,0,1,0,1,0,0,43,203,15,84,0
1,0,21,2,5,0,0,0,1,0,1.475,0,0,0,1,0,4,0,0,0,0,1,0,0,0,1,0,1,1,0,38,311,11,113,0
0,0,26,2,5,0,0,0,1,0,1.55,0,0,0,1,0,4,0,0,0,0,0,0,1,0,1,0,1,0,0,59,311,11,115,0
0,0,22,2,5,0,0,0,1,0,1.525,0,0,0,0,0,4,0,0,1,0,0,0,0,0,1,0,1,0,0,34,311,11,118,0
1,2,34,5,5,0,0,1,0,0,1.5875,0,0,0,0,0,5,0,0,1,0,0,0,0,0,1,0,1,0,1,59,311,11,119,0
1,0,28,2,5,0,0,0,1,0,1.55,0,0,0,0,0,5,0,0,1,0,0,0,0,0,1,0,1,0,1,38,311,11,124,0
1,0,26,0,5,0,0,0,1,0,0,1,1,0,0,0,5,0,0,1,0,0,0,0,0,1,0,1,0,1,38,311,11,125,0
0,0,21,2,5,0,1,0,1,0,1.525,0,0,0,0,0,4,0,0,0,0,0,0,1,0,1,0,1,0,1,34,311,11,126,0
1,2,30,2,5,0,0,1,0,0,1.575,0,0,0,0,0,0,0,1,0,0,0,0,1,0,1,5.049275,0,0,1,59,311,11,127,0
0,0,28,2,5,0,0,0,1,0,1.45,0,0,0,0,0,4,0,0,0,0,1,0,0,0,1,6.176106,0,0,1,38,311,11,128,0
1,0,27,2,5,0,0,0,1,0,1.525,0,0,0,0,0,4,0,0,1,0,0,0,0,0,1,0,1,0,1,38,311,11,129,0
1,0,29,5,5,0,0,0,1,0,1.525,0,0,0,0,0,4,0,0,1,0,0,0,0,0,1,0,1,0,1,56,311,11,130,0
0,0,28,1,5,0,1,0,1,0,1.5875,0,0,1,0,0,0,0,1,0,0,0,0,1,0,1,0,1,0,1,34,311,11,132,0
1,0,21,2,5,0,0,0,1,0,0,1,0,0,0,1,4,0,0,1,0,0,0,0,0,1,0,1,0,0,59,311,11,133,0
0,0,21,4,5,0,1,0,1,0,1.575,0,0,0,0,1,0,0,1,1,0,0,0,0,0,1,0,1,0,0,59,311,11,136,0
0,0,19,2,5,0,1,0,1,0,1.55,0,0,0,1,0,4,0,0,1,0,0,0,0,0,1,0,1,0,0,59,311,11,137,0
1,0,25,2,5,0,0,0,1,0,1.6,0,0,0,1,0,5,0,0,0,0,1,0,0,0,1,0,1,0,1,40,311,11,78,0
1,0,22,4,5,0,0,0,1,0,1.6375,0,0,0,0,0,5,0,0,1,0,0,0,0,0,1,0,1,0,1,40,311,11,79,0
0,0,24,0,5,0,1,0,1,0,1.625,0,1,0,0,1,4,0,0,0,0,1,0,0,0,1,0,1,0,0,40,311,11,80,0
1,5,24,3,5,0,0,0,0,0,1.525,0,0,0,0,1,4,0,0,1,0,0,0,0,0,1,0,1,0,0,32,311,11,81,0
1,0,24,0,5,0,0,0,1,0,1.55,0,1,0,0,0,4,0,0,1,0,0,0,0,0,1,0,1,0,0,40,311,11,82,0
1,0,23,4,5,0,0,0,1,0,1.55,0,0,0,0,0,4,0,0,0,0,1,0,0,0,1,0,1,0,1,40,311,11,83,0
0,0,22,4,5,0,1,0,1,0,1.525,0,0,0,0,0,5,0,0,1,0,0,0,0,0,1,0,1,0,0,40,311,11,84,0
1,0,29,2,5,0,0,0,1,0,1.575,0,0,0,1,0,5,0,0,1,0,0,0,0,0,1,0,1,0,1,40,311,11,85,0
0,0,25,2,5,0,1,0,1,0,1.575,0,0,0,1,0,0,0,1,0,0,0,1,0,0,1,0,1,0,0,40,311,11,86,0
1,0,30,0,5,0,0,0,1,0,1.6,0,1,0,0,0,0,0,1,0,0,0,0,1,0,1,0,1,0,1,40,311,11,87,0
1,2,20,1,5,0,0,1,0,0,1.6,0,0,0,0,0,4,0,0,0,1,0,0,0,0,1,0,1,0,0,40,311,11,88,0
0,0,24,2,5,0,0,0,1,0,1.55,0,0,0,0,0,4,0,0,1,0,0,0,0,0,1,0,1,0,0,40,311,11,89,0
1,0,25,2,5,0,0,0,1,0,1.575,0,0,0,0,0,5,0,0,1,0,0,0,0,0,1,0,1,1,0,40,311,11,90,0
1,0,23,4,5,0,0,0,1,0,1.6,0,0,0,0,0,4,0,0,0,1,0,0,0,0,1,0,1,0,1,40,311,11,91,0
1,0,26,4,5,0,0,0,1,0,1.55,0,0,0,0,0,4,0,0,1,0,0,0,0,0,1,0,1,0,1,40,311,11,92,0
1,2,21,1,5,0,0,1,0,0,1.525,0,0,0,1,0,4,0,0,1,0,0,0,0,0,1,0,1,0,0,40,311,11,93,0
0,0,18,0,5,0,0,0,1,0,1.4,0,1,0,1,0,0,0,1,0,0,0,0,1,0,1,0,1,0,0,40,311,11,94,0
0,0,25,2,5,0,1,0,1,0,1.525,0,0,0,0,0,4,0,0,1,0,0,0,0,0,1,0,1,0,1,40,311,11,95,0
0,0,30,0,5,0,1,0,1,0,1.525,0,1,0,0,0,4,0,0,0,0,1,0,0,0,1,0,1,0,0,40,311,11,96,0
0,0,22,2,5,0,1,0,1,0,1.525,0,0,0,1,0,5,0,0,1,0,0,0,0,0,1,0,1,0,1,40,311,11,97,0
0,0,21,0,5,0,1,0,1,0,1.575,0,1,0,1,0,0,0,1,1,0,0,0,0,0,1,0,1,1,0,40,311,11,98,0
0,2,27,2,5,0,0,1,0,0,1.575,0,0,0,1,0,0,0,1,0,0,0,0,1,0,1,5.50987,0,1,0,99,311,12,1,0
0,0,24,2,5,0,1,0,1,0,1.575,0,0,0,0,0,4,0,0,0,0,0,0,1,0,1,0,1,1,0,99,311,12,2,0
1,0,23,0,5,0,0,0,1,0,1.525,0,1,0,0,1,4,0,0,1,0,0,0,0,0,1,0,1,0,1,99,311,12,3,0
0,0,25,1,5,0,1,0,1,0,1.5,0,0,0,0,0,5,0,0,1,0,0,0,0,0,1,0,1,0,0,99,311,12,4,0
1,0,24,2,5,0,0,0,1,0,1.525,0,0,0,1,0,5,0,0,1,0,0,0,0,0,1,0,1,0,1,58,311,12,120,0
1,0,24,2,5,0,0,0,1,0,1.475,0,0,0,0,0,5,0,0,1,0,0,0,0,0,1,0,1,0,1,62,311,12,121,0
0,0,24,4,5,0,1,0,1,0,1.55,0,0,0,0,0,4,0,0,1,0,0,0,0,0,1,0,1,0,1,62,311,12,122,0
0,4,24,2,5,0,0,0,0,0,1.575,0,0,0,0,0,6,0,0,1,0,1,0,0,0,1,0,1,0,1,62,311,12,123,0
0,0,22,2,5,0,0,0,1,0,1.55,0,0,1,0,0,0,0,1,0,0,0,0,1,0,1,0,1,0,1,62,311,12,124,0
0,2,30,0,5,0,1,1,0,0,1.625,0,1,0,0,1,4,0,0,0,0,1,0,0,0,1,5.447579,0,0,1,62,311,12,125,0
1,2,25,4,5,0,0,1,0,0,1.55,0,0,0,0,1,0,0,1,0,0,1,0,0,0,1,5.50987,0,0,1,38,311,12,14,0
1,5,28,4,5,0,0,0,0,0,1.5,0,0,0,0,1,4,0,0,0,1,0,0,0,0,1,0,1,0,1,64,311,12,141,0
0,0,25,4,5,0,0,0,1,0,1.575,0,0,0,0,0,4,0,0,1,0,0,0,0,0,1,0,1,0,1,36,311,12,142,0
0,0,25,2,5,0,0,0,1,0,1.575,0,0,0,0,0,4,0,0,1,0,0,0,0,0,1,0,1,0,0,36,311,12,143,0
1,0,25,4,5,0,0,0,1,0,1.575,0,0,0,0,1,4,0,0,0,0,1,0,0,0,1,0,1,0,0,36,311,12,144,0
0,0,37,4,5,0,1,0,1,0,1.525,0,0,0,0,0,4,0,0,1,0,0,0,0,0,1,5.50987,0,0,1,36,311,12,145,1
0,0,31,4,5,0,1,0,1,0,1.525,0,0,0,0,0,2,0,0,0,0,0,0,1,0,1,0,1,0,1,36,311,12,145,1
0,0,23,2,5,0,0,0,1,0,1.55,0,0,0,0,0,4,0,0,1,0,0,0,0,0,1,0,1,0,1,34,311,12,147,0
0,0,28,0,5,0,1,0,1,0,1.625,0,1,0,1,0,4,0,0,0,0,0,0,1,0,1,0,1,0,0,26,311,12,150,0
0,6,24,1,5,0,0,0,0,0,1.575,0,0,0,0,1,5,0,0,1,0,0,0,0,0,1,0,1,0,1,35,311,12,151,0
1,0,28,1,5,0,0,0,1,0,1.55,0,0,0,0,0,6,0,0,0,1,0,0,0,0,1,0,1,0,1,56,311,12,152,0
1,0,22,2,5,0,0,0,1,0,1.55,0,0,0,1,0,5,0,0,1,0,0,0,0,0,1,0,1,0,1,56,311,12,154,0
0,0,25,0,5,0,1,0,1,0,1.6,0,1,0,0,0,4,0,0,1,0,0,0,0,0,1,0,1,0,0,34,311,12,157,0
0,0,25,2,5,0,0,0,1,0,1.55,0,0,0,1,0,4,0,0,1,0,0,0,0,0,1,0,1,0,1,34,311,12,158,0
0,2,30,0,5,0,0,1,0,0,1.525,0,1,0,0,0,6,0,0,0,1,1,0,0,0,1,5.825603,0,0,0,38,311,12,159,0
0,0,18,2,5,0,1,0,1,0,1.6375,0,0,0,1,0,0,0,1,0,0,0,0,1,0,1,0,1,0,0,38,311,12,160,0
0,2,27,2,5,0,1,1,0,0,1.575,0,0,0,0,1,5,0,0,0,0,1,0,0,0,1,5.794884,0,0,1,38,311,12,161,0
0,0,20,2,5,0,0,0,1,0,1.55,0,0,0,0,0,0,0,1,0,0,0,0,1,0,1,0,1,0,1,38,311,12,162,0
0,0,31,4,5,0,0,0,1,0,1.5,0,0,0,0,1,4,0,0,1,0,0,0,0,0,1,4.91469,0,0,1,38,311,12,163,0
0,0,24,2,5,0,1,0,1,0,1.55,0,0,0,0,0,5,0,0,1,0,0,0,0,0,1,0,1,0,1,29,311,12,164,0
1,0,24,0,5,0,0,0,1,0,1.55,0,1,0,0,0,4,0,0,1,0,0,0,0,0,1,0,1,0,1,42,311,12,166,0
0,0,22,5,5,0,1,0,1,0,1.45,0,0,0,0,1,4,0,0,1,0,0,0,0,0,1,0,1,0,0,34,311,12,168,0
0,2,24,2,5,0,0,1,0,0,1.45,0,0,0,1,0,5,0,0,0,0,1,0,0,0,1,5.794884,0,0,1,34,311,12,171,0
1,0,25,0,5,0,0,0,1,0,1.55,0,1,0,0,1,4,0,0,0,0,0,0,1,0,1,0,1,0,1,42,311,12,172,0
1,0,32,2,5,0,0,0,1,0,1.55,0,0,0,0,0,0,0,1,0,0,0,0,1,0,1,0,1,0,1,56,311,12,173,0
1,0,29,0,5,0,0,0,1,0,1.575,0,1,0,0,1,5,0,0,1,0,0,0,0,0,1,5.50987,0,0,0,59,311,12,180,0
0,0,27,2,5,0,0,0,1,0,1.525,0,0,0,1,0,5,0,0,1,0,0,0,0,0,1,0,1,0,1,26,311,12,248,0
0,0,29,3,5,0,1,0,1,0,1.575,0,0,0,0,0,5,0,0,1,0,1,0,0,0,1,0,1,0,1,26,311,12,78,0
1,0,33,3,5,0,0,0,1,0,1.5,0,0,0,0,0,4,0,0,1,0,0,0,0,0,1,0,1,0,1,34,311,12,79,0
0,0,21,0,5,0,0,0,1,0,1.625,0,1,0,0,0,4,0,0,1,0,0,0,0,0,1,0,1,0,0,26,311,12,80,0
0,0,24,4,5,0,0,0,1,0,1.575,0,0,0,0,0,4,0,0,1,0,0,0,0,0,1,0,1,0,1,26,311,12,81,0
0,0,27,0,5,0,1,0,1,0,1.6,0,1,0,1,0,5,0,0,1,0,1,0,0,0,1,0,1,0,1,26,311,12,82,0
0,0,22,2,5,0,1,0,1,0,1.575,0,0,0,0,1,4,0,0,1,0,0,0,0,0,1,0,1,0,0,26,311,12,83,0
0,0,23,2,5,0,0,0,1,0,1.5,0,0,0,0,0,4,0,0,1,0,0,0,0,0,1,0,1,0,0,26,311,12,84,0
0,0,22,2,5,0,0,0,1,0,1.675,0,0,0,0,0,4,0,0,0,0,1,0,0,0,1,0,1,0,0,26,311,12,85,0
0,0,33,4,5,0,1,0,1,0,1.55,0,0,0,0,1,4,0,0,0,0,0,0,1,0,1,5.825603,0,0,1,26,311,12,86,0
0,0,29,2,5,0,1,0,1,0,1.6,0,0,0,1,0,0,0,1,0,0,0,0,1,0,1,5.50987,0,0,1,26,311,12,87,0
0,0,21,2,5,0,0,0,1,0,1.525,0,0,0,0,0,0,0,1,0,0,0,0,1,0,1,0,1,0,0,26,311,12,88,0
0,0,27,2,5,0,0,0,1,0,1.525,0,0,0,0,1,0,0,1,0,0,1,0,0,9.711116,0,6.093101,0,0,1,26,311,12,89,0
0,0,27,0,5,0,1,0,1,0,1.55,0,1,0,1,0,4,0,0,0,1,0,0,0,0,1,0,1,0,0,26,311,12,90,0
0,0,22,2,5,0,0,0,1,0,1.525,0,0,0,0,0,4,0,0,1,0,0,0,0,0,1,0,1,0,0,34,311,12,91,0
0,0,30,2,5,0,0,0,1,0,1.525,0,0,0,0,0,6,0,0,0,1,1,0,0,0,1,6.093101,0,0,1,26,311,12,92,0
0,0,24,2,5,0,0,0,1,0,1.525,0,0,0,0,1,4,0,0,0,0,1,0,0,0,1,5.50987,0,0,0,26,311,12,93,0
0,0,28,0,5,0,0,0,1,0,1.5625,0,1,0,0,1,4,0,0,1,0,1,0,0,0,1,6.204298,0,0,1,26,311,12,94,0
0,0,22,3,5,0,0,0,1,0,1.65,0,0,0,0,0,5,0,0,1,0,1,0,0,0,1,0,1,0,1,34,311,14,7,0
0,0,34,2,5,0,1,0,1,0,1.5,0,0,0,0,0,4,0,0,0,0,1,0,0,0,1,0,1,0,1,34,311,15,80,1
1,0,28,2,5,0,0,0,1,0,0,1,0,0,0,0,0,0,1,0,0,0,0,1,0,1,0,1,0,0,59,311,15,81,1
0,0,27,3,5,0,0,0,1,0,1.575,0,0,0,0,1,5,0,0,1,0,1,0,0,0,1,5.50987,0,0,1,28,501,11,1,0
1,0,35,0,5,0,0,0,1,0,1.6,0,1,0,0,1,0,0,1,0,0,0,0,1,0,1,0,1,0,1,25,501,11,2,0
0,0,31,4,5,0,0,0,1,0,1.6,0,0,0,0,1,4,0,0,0,1,0,0,0,0,1,0,1,0,1,30,501,11,3,0
0,2,23,2,5,0,0,1,0,0,1.4,0,0,0,0,0,4,0,0,1,0,0,0,0,0,1,0,1,0,0,25,501,11,4,0
0,0,35,0,5,0,0,0,1,0,1.575,0,1,0,1,0,0,0,1,0,0,0,0,1,0,1,5.50987,0,0,1,25,501,11,5,0
0,0,37,2,5,0,0,0,1,0,1.6,0,0,0,1,0,5,0,0,1,0,0,0,0,0,1,0,1,0,1,60,501,11,103,0
1,0,35,0,5,0,0,0,1,0,1.5,0,1,0,0,0,0,0,1,0,0,0,0,1,0,1,0,1,0,1,38,501,11,119,0
0,0,26,2,5,0,0,0,1,0,1.55,0,0,0,0,0,0,0,1,0,0,0,0,1,10.12663,0,0,1,0,0,56,501,11,124,0
0,2,27,2,5,0,1,1,0,0,1.55,0,0,0,0,1,5,0,0,1,0,0,0,0,0,1,5.50987,0,0,1,72,501,11,126,0
0,0,32,0,5,0,1,0,1,0,1.5,0,1,0,0,0,5,0,0,0,0,1,0,0,0,1,5.50987,0,0,1,56,501,11,127,0
0,4,28,0,5,0,0,0,0,0,1.6,0,1,0,0,1,0,0,1,0,0,0,0,1,0,1,5.50987,0,0,0,42,501,11,128,0
1,0,29,3,5,0,0,0,1,0,1.575,0,0,0,0,1,4,0,0,0,0,1,0,0,0,1,0,1,0,1,38,501,11,129,0
0,0,24,4,5,0,1,0,1,0,1.5,0,0,0,0,0,4,0,0,0,0,0,0,1,0,1,0,1,0,0,72,501,11,133,0
0,0,30,3,5,0,1,0,1,0,1.5,0,0,0,0,1,4,0,0,0,0,1,0,0,0,1,5.049275,0,0,1,72,501,11,134,0
0,0,27,2,5,0,0,0,1,0,1.5,0,0,0,0,0,4,0,0,0,1,0,0,0,0,1,0,1,0,1,34,501,11,135,0
1,0,23,2,5,0,0,0,1,0,1.65,0,0,0,1,0,5,0,0,0,0,1,0,0,0,1,0,1,0,0,59,501,11,137,0
1,2,24,2,5,0,0,1,0,0,1.6,0,0,0,1,0,5,0,0,0,0,1,0,0,0,1,0,1,0,0,73,501,11,138,0
0,0,24,0,5,0,1,0,1,0,1.5625,0,1,0,0,1,0,0,1,1,0,0,0,0,0,1,0,1,0,0,38,501,11,140,0
0,0,23,2,5,0,0,0,1,0,1.575,0,0,0,1,0,4,0,0,0,0,1,0,0,0,1,0,1,0,1,34,501,11,141,0
0,0,25,4,5,0,0,0,1,0,1.6,0,0,0,0,0,0,0,1,1,0,0,0,0,0,1,0,1,0,0,34,501,11,145,0
1,0,22,2,5,0,0,0,1,0,1.55,0,0,0,0,0,5,0,0,1,0,0,0,0,0,1,0,1,0,1,38,501,11,146,0
1,0,36,2,5,0,0,0,1,0,1.575,0,0,0,1,0,4,0,0,1,0,0,0,0,0,1,0,1,0,0,34,501,11,147,0
1,0,26,2,5,0,0,0,1,0,1.5,0,0,0,0,0,4,0,0,1,0,0,0,0,0,1,0,1,0,0,72,501,11,151,0
0,0,26,2,5,0,1,0,1,0,1.5,0,0,0,1,0,4,0,0,0,1,0,0,0,0,1,0,1,0,0,56,501,11,153,0
0,0,27,2,5,0,0,0,1,0,1.525,0,0,1,0,0,4,0,0,1,0,0,0,0,0,1,0,1,0,1,26,501,11,154,0
0,0,24,2,5,0,1,0,1,0,1.525,0,0,0,1,0,4,0,0,1,0,0,0,0,0,1,0,1,0,0,38,501,11,156,0
1,0,25,2,5,0,0,0,1,0,1.5375,0,0,0,0,1,2,0,0,0,0,0,0,1,0,1,0,1,0,1,56,501,11,19,0
1,0,25,2,5,0,0,0,1,0,1.575,0,0,0,0,1,4,0,0,1,0,0,0,0,0,1,0,1,0,1,40,501,11,20,0
0,0,25,4,5,0,0,0,1,0,1.625,0,0,0,0,1,5,0,0,1,0,0,0,0,0,1,0,1,0,0,40,501,11,21,0
1,0,22,4,5,0,0,0,1,0,0,1,0,0,1,0,1,0,0,0,0,0,0,1,0,1,0,1,0,1,40,501,11,22,0
0,2,32,3,5,0,1,1,0,0,1.55,0,0,0,0,1,5,0,0,1,0,0,0,0,0,1,5.50987,0,0,1,40,501,11,23,0
0,0,24,2,5,0,0,0,1,0,1.55,0,0,0,0,0,6,0,0,1,0,0,0,0,0,1,0,1,0,0,40,501,11,24,0
1,0,29,0,5,0,0,0,1,0,1.525,0,1,0,0,1,0,0,1,0,0,0,1,0,0,1,5.50987,0,0,1,40,501,11,25,0
1,0,25,2,5,0,0,0,1,0,1.55,0,0,0,0,1,5,0,0,0,0,1,0,0,0,1,0,1,0,1,40,501,11,26,0
0,0,27,2,5,0,0,0,1,0,1.65,0,0,0,0,0,5,0,0,1,0,0,0,0,0,1,0,1,0,1,40,501,11,27,0
0,0,24,2,5,0,0,0,1,0,1.575,0,0,0,0,0,4,0,0,1,0,0,0,0,0,1,0,1,0,1,62,501,11,28,0
0,0,32,2,5,0,0,0,1,0,1.55,0,0,0,0,0,4,0,0,1,0,0,0,0,0,1,0,1,0,1,59,501,11,29,0
1,0,20,2,5,0,0,0,1,0,1.575,0,0,0,0,0,4,0,0,1,0,0,0,0,0,1,0,1,0,1,62,501,11,30,0
1,0,26,2,5,0,0,0,1,0,1.625,0,0,0,0,0,5,0,0,1,0,0,0,0,0,1,0,1,0,1,62,501,11,31,0
1,0,23,4,5,0,0,0,1,0,1.55,0,0,0,0,1,4,0,0,1,0,0,0,0,0,1,0,1,0,1,62,501,11,32,0
1,0,29,0,5,0,0,0,1,0,1.5,0,1,0,0,0,4,0,0,1,0,0,0,0,0,1,0,1,0,1,62,501,11,33,0
0,0,25,2,5,0,1,0,1,0,1.575,0,0,0,1,0,4,0,0,1,0,0,0,0,0,1,0,1,0,1,25,501,11,75,0
0,0,21,4,5,0,0,0,1,0,1.625,0,0,0,1,0,4,0,0,1,0,0,0,0,0,1,0,1,0,0,26,501,12,148,0
1,0,24,0,5,0,0,0,1,0,1.525,0,1,0,0,1,4,0,0,0,0,1,0,0,0,1,0,1,0,1,28,501,12,150,0
0,0,27,0,5,0,0,0,1,0,1.5,0,1,0,0,1,0,0,1,0,0,0,0,1,0,1,0,1,0,1,26,501,12,151,0
0,0,22,1,5,0,0,0,1,0,1.55,0,0,0,0,1,5,0,0,1,0,0,0,0,0,1,0,1,0,0,26,501,12,152,0
0,0,25,3,5,0,0,0,1,0,1.5,0,0,0,0,0,4,0,0,1,0,0,0,0,0,1,6.093101,0,0,1,25,501,12,153,0
0,2,25,2,5,0,0,1,0,0,1.5,0,0,0,0,0,5,0,0,0,0,1,0,0,0,1,5.50987,0,0,0,26,501,12,154,0
0,0,34,2,5,0,0,0,1,0,1.6,0,0,0,0,0,5,0,0,1,0,0,0,0,0,1,5.50987,0,0,0,34,501,13,81,1
0,0,25,2,5,0,0,0,1,0,1.5,0,0,0,1,0,5,0,0,1,0,1,0,0,0,1,0,1,0,1,34,501,13,82,1
0,0,21,2,5,0,1,0,1,0,1.55,0,0,0,1,0,4,0,0,1,0,0,0,0,0,1,0,1,0,0,56,610,11,100,0
0,0,25,3,5,0,1,0,1,0,1.575,0,0,0,0,0,5,0,0,1,0,0,0,0,0,1,0,1,0,0,34,610,11,102,0
1,0,30,4,5,0,0,0,1,0,1.5,0,0,0,0,0,4,0,0,0,0,1,0,0,0,1,5.049275,0,0,0,59,610,11,103,1
1,0,28,2,5,0,0,0,1,0,1.5,0,0,0,0,0,4,0,0,0,1,0,0,0,0,1,0,1,0,0,59,610,11,103,1
0,0,29,3,5,0,0,0,1,0,1.5,0,0,0,0,0,5,0,0,1,0,0,0,0,0,1,0,1,0,1,38,610,11,105,0
0,4,23,2,5,0,1,0,0,0,1.525,0,0,0,1,0,4,0,0,0,0,1,0,0,0,1,0,1,0,0,34,610,11,107,0
0,0,25,2,5,0,0,0,1,0,1.525,0,0,0,1,0,5,0,0,1,0,0,0,0,0,1,0,1,1,0,26,610,11,108,0
0,0,28,0,5,0,0,0,1,0,1.5625,0,1,0,0,1,5,0,0,1,0,0,0,0,0,1,5.50987,0,0,1,34,610,11,112,0
0,0,38,1,5,0,1,0,1,0,1.575,0,0,0,1,0,0,0,1,0,0,0,0,1,0,1,0,1,0,0,36,610,11,68,0
1,0,28,3,5,0,0,0,1,0,1.575,0,0,0,0,1,6,0,0,0,1,0,0,0,0,1,4.23823,0,0,0,72,610,11,74,0
0,0,22,2,5,0,0,0,1,0,1.65,0,0,0,0,1,3,0,0,0,0,0,1,0,0,1,0,1,0,1,38,610,11,75,0
0,0,23,2,5,0,0,0,1,0,1.5625,0,0,0,1,0,5,0,0,0,0,1,0,0,0,1,0,1,0,1,34,610,11,78,0
0,0,23,4,5,0,1,0,1,0,1.625,0,0,0,0,1,4,0,0,1,0,0,0,0,0,1,0,1,0,1,56,610,11,79,0
0,4,28,2,5,0,1,0,0,0,1.625,0,0,0,1,0,5,0,0,0,0,1,0,0,0,1,5.50987,0,0,1,34,610,11,80,0
0,0,24,2,5,0,1,0,1,0,1.6,0,0,0,0,1,5,0,0,1,0,0,0,0,0,1,0,1,0,0,59,610,11,81,0
1,0,22,3,5,0,0,0,1,0,1.5875,0,0,0,1,0,4,0,0,1,0,0,0,0,0,1,0,1,0,1,38,610,11,83,0
0,0,26,2,5,0,0,0,1,0,1.55,0,0,0,1,0,4,0,0,0,0,1,0,0,0,1,0,1,0,1,34,610,11,84,0
0,0,31,2,5,0,1,0,1,0,1.55,0,0,0,1,0,4,0,0,1,0,0,0,0,0,1,0,1,0,1,56,610,11,85,0
0,0,25,2,5,0,1,0,1,0,1.575,0,0,0,0,1,4,0,0,0,1,0,0,0,0,1,0,1,0,1,73,610,11,87,0
0,0,27,2,5,0,0,0,1,0,1.5,0,0,0,1,0,4,0,0,0,0,1,0,0,0,1,0,1,0,1,34,610,11,88,0
0,0,23,2,5,0,1,0,1,0,1.55,0,0,0,1,0,5,0,0,0,0,1,0,0,0,1,0,1,0,1,99,610,12,47,0
1,4,24,2,5,0,0,0,0,0,1.65,0,0,0,0,0,5,0,0,1,0,0,0,0,0,1,0,1,0,0,35,610,14,16,0
0,5,22,4,5,0,0,0,0,0,1.575,0,0,0,0,0,4,0,0,1,0,1,0,0,0,1,0,1,0,0,26,610,14,17,0
0,0,28,2,5,0,1,0,1,0,1.6,0,0,0,0,1,5,0,0,0,0,1,0,0,0,1,0,1,0,1,26,610,14,18,0
0,0,25,2,5,0,0,0,1,0,1.6,0,0,0,0,1,6,0,0,1,1,0,0,0,0,1,0,1,0,1,26,610,14,19,0
0,0,25,0,5,0,0,0,1,0,1.575,0,1,0,0,1,0,0,1,0,0,0,0,1,0,1,6.094067,0,0,1,26,610,14,20,0
0,0,25,2,5,0,1,0,1,0,1.6,0,0,0,0,0,5,0,0,1,0,0,0,0,0,1,5.50987,0,0,0,28,610,14,21,0
0,0,28,3,5,0,1,0,1,0,1.625,0,0,0,0,0,5,0,0,1,0,1,0,0,0,1,5.50987,0,0,1,26,610,14,22,0
0,0,22,2,5,0,0,0,1,0,1.55,0,0,0,0,0,5,0,0,1,0,0,0,0,0,1,0,1,0,1,26,610,14,23,0
0,0,23,4,5,0,0,0,1,0,1.575,0,0,0,0,1,4,0,0,1,0,0,0,0,0,1,0,1,0,0,26,610,14,24,0
0,0,24,4,5,0,0,0,1,0,1.5,0,0,0,0,0,4,0,0,1,0,0,0,0,0,1,0,1,1,0,26,610,14,25,0
0,0,27,1,5,0,0,0,1,0,1.575,0,0,0,1,0,4,0,0,1,0,0,0,0,0,1,0,1,0,0,26,610,14,26,0
0,0,21,2,5,0,0,0,1,0,1.575,0,0,0,1,0,4,0,0,1,0,0,0,0,0,1,0,1,0,0,26,610,14,27,0
0,0,23,2,5,0,1,0,1,0,1.5,0,0,0,0,0,4,0,0,1,0,0,0,0,0,1,0,1,0,0,26,610,14,28,0
1,0,20,2,5,0,0,0,1,0,1.575,0,0,0,1,0,4,0,0,1,0,0,0,0,0,1,0,1,0,1,26,610,14,29,0
0,0,34,1,5,0,0,0,1,0,1.575,0,0,0,0,1,4,0,0,1,0,0,0,0,8.699514,0,5.50987,0,0,1,26,610,14,30,0
0,0,25,5,5,0,1,0,1,0,1.525,0,0,0,0,0,5,0,0,1,0,0,0,0,0,1,0,1,0,1,25,610,14,31,0
0,6,25,2,5,0,0,0,0,0,1.625,0,0,0,0,1,6,0,0,0,0,1,0,0,0,1,6.094067,0,0,1,26,610,14,32,0
0,0,24,2,5,0,1,0,1,0,1.55,0,0,0,0,1,6,0,0,0,1,0,0,0,0,1,0,1,0,1,26,610,14,33,0
1,0,30,3,5,0,0,0,1,0,1.575,0,0,0,0,0,4,0,0,0,0,1,0,0,0,1,4.159452,0,0,1,29,610,14,34,0
0,0,25,4,5,0,1,0,1,0,1.6,0,0,0,0,0,5,0,0,1,0,0,0,0,0,1,0,1,0,0,26,610,14,35,0
0,0,35,0,5,0,1,0,1,0,1.55,0,1,0,0,1,0,0,1,0,0,0,0,1,0,1,5.50987,0,0,0,26,610,14,36,0
0,0,23,2,5,0,0,0,1,0,1.575,0,0,1,0,0,5,0,0,0,1,0,0,0,0,1,0,1,0,0,26,610,14,37,0
0,5,30,0,5,0,0,0,0,0,1.55,0,1,0,1,0,5,0,0,0,0,1,0,0,0,1,0,1,0,1,26,610,14,38,0
0,4,35,2,5,0,1,0,0,0,1.4,0,0,0,0,0,4,0,0,0,0,1,0,0,0,1,0,1,0,1,25,610,14,39,0
0,0,23,2,5,0,0,0,1,0,1.575,0,0,0,0,0,5,0,0,1,0,0,0,0,0,1,0,1,0,1,26,610,14,40,0
0,2,26,3,5,0,1,1,0,0,1.55,0,0,0,0,1,4,0,0,0,0,1,0,0,0,1,5.049275,0,0,1,72,610,14,65,0
0,0,29,3,5,0,0,0,1,0,1.575,0,0,0,0,0,5,0,0,1,0,0,0,0,0,1,0,1,0,1,72,610,14,68,0
0,4,25,5,5,0,0,0,0,0,1.5,0,0,0,0,1,4,0,0,1,0,0,0,0,0,1,0,1,0,1,40,610,14,71,0
0,0,25,0,5,0,1,0,1,0,1.575,0,1,0,0,0,5,0,0,0,0,1,0,0,0,1,6.093101,0,0,1,40,610,14,72,0
1,0,28,2,5,0,0,0,1,0,1.6,0,0,0,1,0,0,0,1,0,0,0,0,1,0,1,5.50987,0,0,1,40,610,14,73,0
1,0,26,2,5,0,0,0,1,0,1.525,0,0,0,1,0,4,0,0,0,0,1,0,0,0,1,0,1,0,1,40,610,14,74,0
1,0,21,4,5,0,0,0,1,0,1.625,0,0,0,0,0,4,0,0,0,0,0,0,1,0,1,0,1,0,0,40,610,14,75,0
0,0,19,1,5,0,1,0,1,0,1.575,0,0,0,0,0,2,0,0,0,0,0,0,1,0,1,0,1,0,0,40,610,14,76,0
0,0,24,1,5,0,1,0,1,0,1.6,0,0,0,0,0,2,0,0,0,0,0,0,1,0,1,0,1,0,0,40,610,14,77,0
1,0,23,2,5,0,0,0,1,0,1.575,0,0,0,0,0,5,0,0,0,0,1,0,0,0,1,0,1,0,0,40,610,14,78,0
0,0,23,2,5,0,1,0,1,0,1.55,0,0,0,0,0,5,0,0,0,0,1,0,0,0,1,0,1,0,1,40,610,14,79,0
1,0,25,2,5,0,0,0,1,0,1.55,0,0,0,0,0,5,0,0,0,1,0,0,0,0,1,5.50987,0,0,1,40,610,14,80,0
1,0,19,2,5,0,0,0,1,0,1.6,0,0,0,0,1,4,0,0,0,1,0,0,0,0,1,0,1,0,1,40,610,14,81,0
1,0,24,2,5,0,0,0,1,0,1.625,0,0,0,1,0,5,0,0,0,1,0,0,0,0,1,0,1,0,0,40,610,14,82,0
1,0,26,2,5,0,0,0,1,0,1.55,0,0,0,0,1,5,0,0,1,0,0,0,0,0,1,0,1,0,0,62,610,14,83,0
1,2,25,2,5,0,0,1,0,0,1.55,0,0,0,1,0,6,0,0,0,0,1,0,0,0,1,0,1,0,0,62,610,14,84,0
0,0,28,0,5,0,1,0,1,0,1.525,0,1,0,0,0,4,0,0,0,0,1,0,0,0,1,0,1,0,1,62,610,14,85,0
1,0,24,2,5,0,0,0,1,0,1.575,0,0,0,1,0,4,0,0,0,0,1,0,0,0,1,0,1,0,1,62,610,14,86,0
1,0,26,1,5,0,0,0,1,0,1.575,0,0,0,0,0,5,0,0,1,0,0,0,0,0,1,5.50987,0,0,1,62,610,14,87,0
0,0,24,2,5,0,1,0,1,0,1.525,0,0,0,0,0,5,0,0,1,0,0,0,0,0,1,0,1,0,0,62,610,14,88,0
1,0,24,2,5,0,0,0,1,0,1.65,0,0,1,0,0,5,0,0,1,0,0,0,0,0,1,0,1,0,0,62,610,14,89,0
1,0,28,2,5,0,0,0,1,0,1.575,0,0,0,1,0,0,0,1,0,0,0,0,1,0,1,5.049275,0,0,0,72,812,6,37,1
0,0,26,0,5,0,1,0,1,0,1.5,0,1,1,0,0,4,0,0,0,0,1,0,0,0,1,0,1,0,0,26,812,10,2,0
0,0,32,2,5,0,0,0,1,0,1.55,0,0,0,1,0,2,0,0,0,0,0,0,1,0,1,0,1,0,0,26,812,10,3,0
0,4,27,0,5,0,1,0,0,0,1.5,0,1,0,1,0,5,0,0,1,0,0,0,0,0,1,5.50987,0,0,1,26,812,10,4,0
0,0,26,2,5,0,0,0,1,0,1.55,0,0,0,0,1,1,0,0,0,0,0,0,1,0,1,0,1,1,0,26,812,10,5,0
0,0,25,4,5,0,0,0,1,0,1.475,0,0,0,1,0,4,0,0,0,1,0,0,0,0,1,0,1,0,1,26,812,10,6,0
0,0,26,2,5,0,1,0,1,0,1.65,0,0,0,1,0,5,0,0,1,0,0,0,0,0,1,0,1,0,1,26,812,10,7,0
1,0,25,0,5,0,0,0,1,0,1.5,0,1,0,1,0,4,0,0,1,0,0,0,0,0,1,5.50987,0,0,1,25,812,10,8,0
0,2,24,2,5,0,1,1,0,0,1.675,0,0,0,0,1,4,0,0,1,0,0,0,0,0,1,0,1,0,0,25,812,10,9,0
0,0,23,4,5,0,0,0,1,0,1.5,0,0,0,1,0,4,0,0,1,0,0,0,0,0,1,0,1,0,0,26,812,10,10,0
0,0,26,0,5,0,0,0,1,0,1.55,0,1,0,1,0,4,0,0,0,0,1,0,0,0,1,0,1,0,0,25,812,10,11,0
0,0,23,2,5,0,0,0,1,0,1.525,0,0,0,1,0,4,0,0,1,1,0,0,0,0,1,0,1,0,0,26,812,10,12,0
0,0,24,1,5,0,0,0,1,0,1.575,0,0,0,1,0,4,0,0,0,1,0,0,0,0,1,0,1,0,1,26,812,10,13,0
0,0,25,0,5,0,0,0,1,0,1.525,0,1,0,1,0,5,0,0,1,0,0,0,0,0,1,0,1,0,1,26,812,10,14,0
0,0,25,2,5,0,0,0,1,0,1.55,0,0,0,1,0,4,0,0,1,0,0,0,0,0,1,0,1,0,0,26,812,10,15,0
0,0,23,4,5,0,0,0,1,0,1.55,0,0,0,0,1,2,0,0,0,0,0,0,1,0,1,0,1,0,0,26,812,10,16,0
0,0,35,0,5,0,0,0,1,0,1.575,0,1,0,0,1,4,0,0,0,1,0,0,0,0,1,0,1,0,1,26,812,10,17,0
0,0,21,3,5,0,1,0,1,0,1.575,0,0,0,1,0,2,0,0,0,0,0,0,1,0,1,0,1,0,0,26,812,10,18,0
0,0,23,2,5,0,0,0,1,0,1.55,0,0,0,1,0,4,0,0,1,0,0,0,0,0,1,0,1,0,0,26,812,10,19,0
0,0,24,2,5,0,1,0,1,0,1.475,0,0,0,1,0,5,0,0,0,1,0,0,0,0,1,0,1,0,1,26,812,10,20,0
0,0,23,1,5,0,0,0,1,0,1.5,0,0,1,0,0,4,0,0,1,0,0,0,0,0,1,0,1,0,0,26,812,10,21,0
0,0,23,2,5,0,0,0,1,0,1.625,0,0,0,1,0,5,0,0,0,0,1,0,0,0,1,6.093101,0,0,0,26,812,10,22,0
0,0,25,3,5,0,1,0,1,0,1.5,0,0,0,1,0,5,0,0,1,0,0,0,0,0,1,0,1,1,0,29,812,10,23,0
1,0,31,0,5,0,0,0,1,0,1.6,0,1,0,1,0,5,0,0,1,0,0,0,0,0,1,0,1,0,0,72,812,10,50,0
1,0,24,2,5,0,0,0,1,0,1.575,0,0,1,0,0,4,0,0,1,0,0,0,0,0,1,0,1,0,0,40,812,10,58,0
0,0,29,4,5,0,0,0,1,0,1.55,0,0,0,0,1,4,0,0,1,0,0,0,0,0,1,0,1,0,1,40,812,10,59,0
0,0,30,4,5,0,1,0,1,0,1.6,0,0,0,1,0,6,0,0,1,1,0,0,0,0,1,0,1,0,1,40,812,10,60,0
0,0,26,2,5,0,0,0,1,0,1.55,0,0,0,1,0,5,0,0,0,0,1,0,0,0,1,0,1,0,0,40,812,10,61,0
1,4,26,2,5,0,0,0,0,0,1.575,0,0,0,0,1,5,0,0,1,0,0,0,0,0,1,0,1,0,1,40,812,10,62,0
1,0,23,2,5,0,0,0,1,0,1.575,0,0,0,0,1,4,0,0,0,1,0,0,0,0,1,0,1,0,0,40,812,10,63,0
0,0,28,2,5,0,0,0,1,0,1.525,0,0,0,1,0,6,0,0,1,0,0,0,0,0,1,0,1,0,0,40,812,10,64,0
1,0,22,2,5,0,0,0,1,0,1.525,0,0,0,1,0,4,0,0,1,0,0,0,0,0,1,0,1,0,1,40,812,10,65,0
0,0,25,0,5,0,0,0,1,0,1.55,0,1,0,1,0,5,0,0,1,0,0,0,0,0,1,0,1,1,0,40,812,10,66,0
1,0,23,2,5,0,0,0,1,0,1.625,0,0,0,0,1,4,0,0,1,0,0,0,0,0,1,0,1,0,0,40,812,10,67,0
0,0,25,2,5,0,0,0,1,0,1.525,0,0,0,1,0,5,0,0,1,0,0,0,0,0,1,0,1,1,0,40,812,10,68,0
0,0,34,0,5,0,0,0,1,0,1.575,0,1,0,0,1,4,0,0,0,1,0,0,0,0,1,5.40345,0,0,0,40,812,10,69,0
1,0,30,4,5,0,0,0,1,0,1.525,0,0,0,1,0,5,0,0,1,0,0,0,0,0,1,0,1,0,1,40,812,10,70,0
1,0,28,4,5,0,0,0,1,0,1.55,0,0,0,1,0,4,0,0,0,1,0,0,0,0,1,0,1,0,1,32,812,10,71,0
0,2,24,2,5,0,0,1,0,0,1.55,0,0,0,1,0,5,0,0,1,0,0,0,0,0,1,0,1,0,0,40,812,10,72,0
0,2,24,2,5,0,0,1,0,0,1.5,0,0,0,1,0,4,0,0,0,0,0,0,1,0,1,0,1,0,0,40,812,10,73,0
0,0,24,2,5,0,0,0,1,0,1.55,0,0,0,1,0,4,0,0,1,0,0,0,0,0,1,0,1,0,0,40,812,10,74,0
0,0,22,3,5,0,0,0,1,0,1.525,0,0,0,1,0,4,0,0,1,0,0,0,0,0,1,0,1,0,0,40,812,10,75,0
1,4,23,2,5,0,0,0,0,0,1.575,0,0,0,1,0,5,0,0,1,0,0,0,0,0,1,0,1,0,1,41,812,10,76,0
1,0,23,2,5,0,0,0,1,0,1.625,0,0,0,1,0,5,0,0,0,1,0,0,0,0,1,0,1,1,0,31,812,10,77,0
1,4,22,2,5,0,0,0,0,0,1.6,0,0,0,1,0,4,0,0,0,1,0,0,0,0,1,0,1,0,1,40,812,10,78,0
0,0,21,2,5,0,1,0,1,0,1.5,0,0,0,1,0,2,0,0,0,0,0,0,1,0,1,0,1,0,0,40,812,10,79,0
0,0,26,2,5,0,1,0,1,0,1.575,0,0,0,0,1,4,0,0,1,0,0,0,0,0,1,0,1,0,1,40,812,10,80,0
1,0,24,3,5,0,0,0,1,0,1.625,0,0,0,1,0,5,0,0,1,0,0,0,0,0,1,0,1,0,1,59,812,10,81,0
0,0,31,2,5,0,0,0,1,0,1.55,0,0,0,1,0,4,0,0,1,0,0,0,0,0,1,0,1,0,1,62,812,10,82,0
0,0,26,2,5,0,1,0,1,0,0,1,0,0,1,0,4,0,0,0,0,0,0,1,0,1,0,1,0,1,59,812,10,83,0
1,0,23,2,5,0,0,0,1,0,1.6,0,0,0,1,0,5,0,0,1,0,0,0,0,0,1,0,1,0,0,62,812,10,84,0
1,0,32,2,5,0,0,0,1,0,1.625,0,0,0,1,0,4,0,0,1,0,0,0,0,0,1,0,1,0,1,62,812,10,85,0
1,0,25,0,5,0,0,0,1,0,1.525,0,1,0,1,0,4,0,0,0,0,1,0,0,0,1,0,1,0,1,62,812,10,86,0
1,0,27,2,5,0,0,0,1,0,1.55,0,0,0,1,0,5,0,0,1,0,0,0,0,0,1,0,1,0,1,62,812,10,87,0
1,0,26,2,5,0,0,0,1,0,1.6,0,0,0,0,1,4,0,0,1,0,0,0,0,0,1,0,1,0,1,62,812,10,88,0
1,0,22,3,5,0,0,0,1,0,1.5,0,0,0,1,0,4,0,0,0,1,0,0,0,0,1,0,1,0,0,62,812,10,89,0
1,0,27,2,5,0,0,0,1,0,1.55,0,0,0,1,0,5,0,0,1,0,0,0,0,0,1,0,1,0,1,62,812,10,90,0
0,2,25,2,5,0,1,1,0,0,1.625,0,0,0,1,0,4,0,0,1,0,0,0,0,0,1,0,1,0,1,62,812,10,91,0
1,0,24,2,5,0,0,0,1,0,1.55,0,0,0,1,0,4,0,0,0,0,1,0,0,0,1,0,1,0,1,62,812,10,92,0
0,0,22,2,5,0,0,0,1,0,1.55,0,0,0,0,1,4,0,0,0,1,0,0,0,0,1,0,1,0,0,62,812,10,93,0
1,0,25,0,5,0,0,0,1,0,1.7,0,1,0,0,1,4,0,0,0,0,1,0,0,0,1,5.50987,0,0,1,62,812,10,94,0
0,0,21,0,5,0,1,0,1,0,1.5,0,1,0,0,1,4,0,0,0,1,0,0,0,0,1,0,1,0,0,62,812,10,95,0
1,0,29,2,5,0,0,0,1,0,1.6125,0,0,0,0,1,4,0,0,1,0,0,0,0,0,1,5.50987,0,0,1,62,812,10,96,0
0,0,24,2,5,0,1,0,1,0,1.65,0,0,0,0,0,3,0,0,0,0,0,0,1,0,1,0,1,0,1,62,812,11,49,0
1,0,23,2,5,0,0,0,1,0,1.525,0,0,0,1,0,4,0,0,1,0,0,0,0,0,1,0,1,0,1,62,812,11,60,0
0,2,24,0,5,0,1,1,0,0,0,1,1,0,0,1,5,0,0,0,0,1,0,0,0,1,0,1,0,1,25,812,12,9,0
1,2,28,0,5,0,0,1,0,0,1.55,0,1,0,1,0,4,0,0,0,0,0,0,1,0,1,0,1,0,1,25,812,12,10,0
1,0,27,0,5,0,0,0,1,0,1.575,0,1,0,0,1,4,0,0,0,0,1,0,0,0,1,0,1,0,1,62,812,13,1,0
0,0,25,2,5,0,0,0,1,0,1.55,0,0,0,1,0,5,0,0,1,0,0,0,0,0,1,0,1,0,1,59,812,13,2,0
0,0,25,2,5,0,0,0,1,0,1.55,0,0,0,1,0,5,0,0,1,0,0,0,0,0,1,0,1,0,1,62,812,13,3,0
1,0,20,0,5,0,0,0,1,0,1.6,0,1,0,0,1,2,0,0,0,0,0,0,1,0,1,0,1,0,1,59,812,13,4,0
0,0,28,2,5,0,0,0,1,0,1.525,0,0,0,1,0,4,0,0,1,0,0,0,0,0,1,0,1,0,1,62,812,13,5,0
1,0,26,2,5,0,0,0,1,0,1.6,0,0,0,1,0,5,0,0,1,0,0,0,0,0,1,5.50987,0,0,1,62,812,13,6,0
0,0,18,2,5,0,1,0,1,0,1.575,0,0,0,1,0,1,0,0,0,0,0,0,1,0,1,0,1,0,0,62,812,13,7,0
0,0,24,0,5,0,0,0,1,0,1.575,0,1,0,0,0,4,0,0,1,0,0,0,0,0,1,0,1,0,0,58,812,13,8,0
1,0,21,2,5,0,0,0,1,0,1.625,0,0,0,0,0,0,0,1,0,0,0,0,1,0,1,0,1,0,0,62,812,13,9,0
1,0,24,0,5,0,0,0,1,0,1.5,0,1,0,1,0,4,0,0,0,1,0,0,0,0,1,0,1,0,0,59,812,13,10,0
0,0,24,2,5,0,1,0,1,0,1.5625,0,0,0,1,0,4,0,0,1,0,0,0,0,0,1,0,1,0,1,36,812,13,210,0
1,0,27,0,5,0,0,0,1,0,1.55,0,1,0,0,1,4,0,0,0,0,1,0,0,0,1,0,1,0,0,36,812,13,211,0
0,0,34,5,5,0,1,0,1,0,0,1,0,0,0,1,4,0,0,0,0,1,0,0,0,1,0,1,0,1,36,812,13,212,0
1,0,23,2,5,0,0,0,1,0,1.575,0,0,0,0,1,5,0,0,1,0,0,0,0,0,1,0,1,0,0,38,812,13,226,0
1,0,36,3,5,0,0,0,1,0,1.55,0,0,0,0,1,2,0,0,0,0,0,0,1,0,1,0,1,0,1,59,812,13,228,0
1,0,23,2,5,0,0,0,1,0,1.55,0,0,0,0,0,4,0,0,1,0,0,0,0,0,1,5.404466,0,0,1,34,812,13,229,0
0,2,33,0,5,0,0,1,0,0,1.6,0,1,0,1,0,6,0,0,0,0,1,0,0,0,1,6.094067,0,0,0,34,812,13,233,0
0,0,24,0,5,0,1,0,1,0,1.5875,0,1,0,1,0,4,0,0,1,0,0,0,0,0,1,0,1,0,1,73,812,13,234,0
0,0,22,0,5,0,0,0,1,0,1.575,0,1,0,0,1,4,0,0,1,0,0,0,0,0,1,0,1,0,0,34,812,13,235,0
1,0,26,2,5,0,0,0,1,0,1.55,0,0,0,1,0,4,0,0,0,0,0,0,1,0,1,0,1,0,0,43,812,13,236,0
0,0,25,2,5,0,1,0,1,0,1.575,0,0,0,0,1,4,0,0,0,1,0,0,0,0,1,0,1,0,1,56,812,13,238,0
0,4,24,4,5,0,1,0,0,0,1.55,0,0,0,0,0,5,0,0,1,0,0,0,0,0,1,0,1,0,0,73,812,14,2,0
1,0,27,2,5,0,0,0,1,0,1.575,0,0,0,1,0,5,0,0,0,1,0,0,0,0,1,0,1,0,1,73,812,14,5,0
0,0,28,3,5,0,0,0,1,0,1.575,0,0,0,0,0,5,0,0,1,0,0,0,0,0,1,5.50987,0,0,1,34,812,14,6,0
0,0,35,2,5,0,1,0,1,0,1.6,0,0,0,0,1,5,0,0,1,0,0,0,0,0,1,0,1,0,1,38,812,14,11,0
0,0,33,3,5,0,0,0,1,0,1.5,0,0,0,0,0,4,0,0,0,0,1,0,0,0,1,0,1,0,1,34,812,14,14,0
0,0,24,3,5,0,0,0,1,0,1.625,0,0,0,0,0,4,0,0,1,0,0,0,0,0,1,0,1,0,1,59,812,14,19,0
1,0,31,4,5,0,0,0,1,0,1.5,0,0,0,0,1,4,0,0,0,0,1,0,0,8.699514,0,5.049275,0,0,1,72,812,14,29,0
0,4,29,5,5,0,1,0,0,0,1.55,0,0,0,0,1,5,0,0,0,0,1,0,0,0,1,5.50987,0,0,1,34,812,14,20,0
0,0,21,4,5,0,0,0,1,0,1.575,0,0,0,0,0,4,0,0,1,0,0,0,0,0,1,0,1,0,0,34,812,14,22,0
0,0,30,2,5,0,1,0,1,0,1.6,0,0,0,0,0,1,0,0,0,0,0,0,1,0,1,0,1,0,0,34,812,14,23,0
1,0,29,2,5,0,0,0,1,0,1.5,0,0,0,0,1,4,0,0,1,0,0,0,0,0,1,0,1,0,0,38,812,14,24,0
1,0,24,2,5,0,0,0,1,0,1.6,0,0,0,0,0,5,0,0,1,0,0,0,0,0,1,0,1,0,1,72,812,14,25,0
0,2,27,3,5,0,1,1,0,0,1.575,0,0,0,1,0,4,0,0,0,0,1,0,0,0,1,5.049275,0,0,1,34,812,14,28,0
0,0,27,2,5,0,1,0,1,0,1.575,0,0,0,1,0,2,0,0,0,0,0,0,1,0,1,0,1,0,1,56,812,14,30,0
1,0,29,0,5,0,0,0,1,0,1.45,0,1,0,1,0,0,0,1,0,0,0,0,1,0,1,0,1,0,1,73,812,14,32,0
0,0,33,3,5,0,1,0,1,0,1.525,0,0,0,0,1,4,0,0,0,0,0,0,1,0,1,0,1,0,1,38,812,14,35,0
0,0,27,3,5,0,1,0,1,0,1.625,0,0,0,0,0,5,0,0,1,0,1,0,0,0,1,0,1,0,0,29,812,14,36,0
0,0,23,4,5,0,1,0,1,0,1.575,0,0,0,0,0,5,0,0,1,0,0,0,0,0,1,0,1,0,1,34,812,14,39,0
0,0,31,0,5,0,1,0,1,0,1.5,0,1,0,0,1,5,0,0,1,0,0,0,0,9.13777,0,5.50987,0,0,0,38,812,14,41,0
1,0,22,2,5,0,0,0,1,0,1.525,0,0,0,1,0,4,0,0,1,0,0,0,0,0,1,0,1,0,1,56,812,14,42,0
0,0,23,4,5,0,0,0,1,0,1.575,0,0,0,0,0,4,0,0,1,0,0,0,0,0,1,0,1,0,1,34,812,14,43,0
0,0,22,4,5,0,0,0,1,0,1.5,0,0,0,1,0,5,0,0,1,0,0,0,0,0,1,0,1,0,0,34,812,14,44,0
0,0,21,4,5,0,0,0,1,0,1.5875,0,0,0,1,0,4,0,0,1,0,0,0,0,0,1,0,1,0,0,38,812,14,45,0
0,2,26,2,5,0,0,1,0,0,1.55,0,0,0,1,0,4,0,0,0,0,0,0,1,0,1,0,1,0,0,59,812,14,48,0
0,0,33,0,5,0,0,0,1,0,1.525,0,1,0,0,1,5,0,0,0,0,1,0,0,0,1,5.825603,0,0,1,34,812,14,50,0
1,0,26,2,5,0,0,0,1,0,1.6,0,0,0,1,0,5,0,0,0,0,1,0,0,0,1,5.50987,0,1,0,29,812,14,52,0
0,0,23,4,5,0,1,0,1,0,1.575,0,0,0,1,0,4,0,0,1,0,0,0,0,0,1,0,1,0,1,34,812,14,56,0
1,0,23,2,5,0,0,0,1,0,1.5,0,0,0,1,0,4,0,0,0,0,0,0,1,0,1,0,1,0,1,56,812,14,57,0
0,4,34,4,5,0,1,0,0,0,1.5,0,0,0,0,1,5,0,0,0,1,0,0,0,0,1,0,1,0,1,72,812,14,64,0
0,0,26,2,5,0,0,0,1,0,1.55,0,0,0,0,1,4,0,0,1,0,0,0,0,0,1,0,1,0,0,34,812,14,65,0
0,0,25,2,5,0,0,0,1,0,1.55,0,0,0,1,0,3,0,0,0,0,0,1,0,0,1,0,1,0,0,59,812,14,66,0
0,2,29,2,5,0,0,1,0,0,1.54,0,0,0,1,0,5,0,0,1,0,0,0,0,9.10498,0,5.50987,0,1,0,34,812,14,68,0
0,0,31,4,5,0,0,0,1,0,1.5,0,0,0,0,1,4,0,0,1,0,0,0,0,0,1,0,1,0,1,26,812,15,100,0
0,0,22,2,5,0,0,0,1,0,1.525,0,0,0,1,0,5,0,0,0,1,0,0,0,0,1,0,1,0,0,26,812,15,101,0
1,0,26,2,5,0,0,0,1,0,0,1,0,0,0,1,5,0,0,1,0,1,0,0,0,1,0,1,0,1,43,812,15,102,0
0,0,24,2,5,0,0,0,1,0,1.525,0,0,0,1,0,4,0,0,1,0,0,0,0,0,1,0,1,0,0,26,812,15,103,0
0,0,26,0,5,0,0,0,1,0,1.55,0,1,0,1,0,4,0,0,1,0,0,0,0,0,1,0,1,0,1,26,812,15,104,0
0,2,28,2,5,0,0,1,0,0,1.5,0,0,0,1,0,5,0,0,1,0,0,0,0,0,1,5.50987,0,0,1,34,812,15,12,0
0,0,24,2,5,0,1,0,1,0,1.55,0,0,0,1,0,5,0,0,1,0,0,0,0,0,1,0,1,0,1,28,812,15,81,0
0,0,39,0,5,0,0,0,1,0,1.575,0,1,0,0,1,5,0,0,1,0,1,0,0,0,1,5.50987,0,0,0,25,812,15,82,0
0,0,22,1,5,0,1,0,1,0,1.575,0,0,1,0,0,5,0,0,1,0,0,0,0,0,1,0,1,0,1,25,812,15,83,0
0,0,29,2,5,0,1,0,1,0,1.525,0,0,0,0,1,2,0,0,0,0,0,0,1,0,1,0,1,0,1,26,812,15,84,0
0,0,21,3,5,0,0,0,1,0,1.6,0,0,0,1,0,4,0,0,1,0,0,0,0,0,1,0,1,0,0,26,812,15,85,0
1,0,24,2,5,0,0,0,1,0,1.575,0,0,0,1,0,4,0,0,0,0,1,0,0,0,1,0,1,0,1,26,812,15,86,0
0,0,25,4,5,0,0,0,1,0,1.55,0,0,0,1,0,5,0,0,1,0,0,0,0,0,1,0,1,0,1,25,812,15,87,0
0,0,32,2,5,0,0,0,1,0,1.55,0,0,0,1,0,2,0,0,0,0,0,0,1,0,1,0,1,0,0,26,812,15,88,0
0,0,26,2,5,0,0,0,1,0,1.525,0,0,0,1,0,5,0,0,1,0,0,0,0,0,1,0,1,0,0,26,812,15,89,0
0,0,28,4,5,0,1,0,1,0,1.6,0,0,0,1,0,4,0,0,0,1,0,0,0,0,1,0,1,0,1,26,812,15,90,0
0,2,21,0,5,0,0,1,0,0,1.525,0,1,1,0,0,4,0,0,0,0,0,0,1,0,1,0,1,0,0,26,812,15,92,0
0,0,22,2,5,0,0,0,1,0,1.525,0,0,0,1,0,5,0,0,1,0,0,0,0,0,1,0,1,0,0,26,812,15,93,0
0,4,26,2,5,0,0,0,0,0,1.5,0,0,0,1,0,5,0,0,1,0,0,0,0,0,1,0,1,0,1,26,812,15,94,0
0,0,28,2,5,0,1,0,1,0,1.5,0,0,0,1,0,6,0,0,1,0,0,0,0,0,1,5.50987,0,0,0,25,812,15,95,0
0,0,24,0,5,0,1,0,1,0,1.525,0,1,0,1,0,6,0,0,1,0,0,0,0,0,1,0,1,0,0,26,812,15,96,0
0,0,23,0,5,0,0,0,1,0,1.575,0,1,0,0,1,1,0,0,0,0,0,0,1,0,1,0,1,0,1,25,812,15,97,0
0,2,24,2,5,0,0,1,0,0,1.5,0,0,0,1,0,0,0,1,1,0,0,0,0,0,1,6.204298,0,0,1,26,812,15,98,0
0,0,27,0,5,0,0,0,1,0,1.525,0,1,0,0,1,5,0,0,0,0,1,0,0,0,1,5.794884,0,0,1,26,812,15,99,0
1,0,26,2,5,0,0,0,1,0,1.525,0,0,0,1,0,4,0,0,1,0,0,0,0,0,1,0,1,0,1,64,902,10,45,0
0,0,36,2,5,0,1,0,1,0,1.55,0,0,0,0,0,5,0,0,1,0,0,0,0,0,1,0,1,0,1,36,902,10,47,0
0,0,23,4,5,0,0,0,1,0,1.55,0,0,0,1,0,5,0,0,1,0,0,0,0,0,1,0,1,0,1,36,902,10,48,0
0,0,25,4,5,0,0,0,1,0,1.525,0,0,0,1,0,4,0,0,0,0,0,1,0,0,1,0,1,0,0,36,902,10,49,0
1,0,24,0,5,0,0,0,1,0,1.4,0,1,0,1,0,2,0,0,0,0,0,0,1,0,1,0,1,0,1,73,902,10,55,0
1,0,27,2,5,0,0,0,1,0,1.575,0,0,0,1,0,4,0,0,0,1,0,0,0,0,1,0,1,0,1,72,902,10,57,0
1,0,26,2,5,0,0,0,1,0,1.55,0,0,0,1,0,4,0,0,0,0,1,0,0,0,1,5.825603,0,0,1,34,902,10,61,0
1,0,23,2,5,0,0,0,1,0,1.475,0,0,0,1,0,4,0,0,1,0,0,0,0,0,1,0,1,0,0,73,902,10,62,0
0,0,26,2,5,0,0,0,1,0,1.5375,0,0,0,1,0,4,0,0,0,0,1,0,0,0,1,5.50987,0,0,0,42,902,10,64,0
0,0,23,2,5,0,0,0,1,0,1.575,0,0,0,1,0,4,0,0,1,0,0,0,0,0,1,0,1,0,0,34,902,10,70,0
0,0,25,2,5,0,0,0,1,0,1.575,0,0,0,1,0,5,0,0,1,0,0,0,0,0,1,0,1,0,1,38,902,10,72,0
0,0,22,2,5,0,0,0,1,0,1.575,0,0,0,0,1,4,0,0,0,1,0,0,0,0,1,0,1,0,0,34,902,10,73,0
1,0,37,4,5,0,0,0,1,0,1.6,0,0,0,1,0,4,0,0,1,0,0,0,0,9.21034,0,0,1,0,0,72,902,10,74,0
1,0,25,2,5,0,0,0,1,0,1.5,0,0,0,1,0,4,0,0,0,0,0,0,1,0,1,5.50987,0,0,0,72,902,10,75,0
1,2,22,0,5,0,0,1,0,0,1.575,0,1,0,1,0,4,0,0,1,0,0,0,0,0,1,0,1,0,0,42,902,10,78,0
1,0,25,0,5,0,0,0,1,0,1.6,0,1,0,1,0,5,0,0,1,0,0,0,0,0,1,0,1,0,1,60,902,10,80,0
0,0,22,2,5,0,0,0,1,0,1.625,0,0,0,1,0,4,0,0,0,0,1,0,0,0,1,0,1,0,1,59,902,10,81,0
0,0,24,0,5,0,0,0,1,0,1.55,0,1,0,1,0,5,0,0,1,0,0,0,0,0,1,0,1,0,0,34,902,10,82,0
0,0,24,2,5,0,1,0,1,0,1.65,0,0,0,1,0,2,0,0,1,0,0,0,0,0,1,0,1,0,1,34,902,10,83,0
0,0,28,2,5,0,1,0,1,0,1.525,0,0,0,1,0,4,0,0,1,0,0,0,0,0,1,0,1,0,0,31,902,10,84,0
1,0,30,2,5,0,0,0,1,0,1.55,0,0,0,1,0,5,0,0,0,0,1,0,0,0,1,0,1,0,0,34,902,10,88,0
0,0,33,2,5,0,1,0,1,0,1.625,0,0,0,0,1,4,0,0,0,0,0,0,1,0,1,0,1,0,0,38,902,10,89,0
1,2,20,2,5,0,0,1,0,0,1.525,0,0,0,0,1,4,0,0,1,0,0,0,0,0,1,0,1,0,1,59,902,11,1,0
0,0,33,0,5,0,1,0,1,0,1.5,0,1,0,0,1,4,0,0,1,0,0,0,0,0,1,0,1,0,0,34,902,11,2,0
0,0,24,2,5,0,0,0,1,0,1.575,0,0,0,0,1,0,0,1,1,0,0,0,0,0,1,0,1,0,1,34,902,11,5,0
0,0,25,2,5,0,0,0,1,0,1.5,0,0,0,1,0,4,0,0,1,0,0,0,0,0,1,0,1,0,0,34,902,11,12,0
1,0,33,2,5,0,0,0,1,0,1.575,0,0,0,1,0,4,0,0,1,0,0,0,0,0,1,0,1,0,0,66,902,11,14,0
0,0,23,2,5,0,0,0,1,0,1.575,0,0,0,1,0,4,0,0,1,0,0,0,0,0,1,0,1,0,0,34,902,11,15,0
0,2,25,2,5,0,0,1,0,0,1.6,0,0,0,1,0,5,0,0,0,0,0,0,1,0,1,0,1,0,0,38,902,11,17,0
1,0,24,0,5,0,0,0,1,0,1.575,0,1,0,1,0,6,0,0,1,0,0,0,0,0,1,0,1,0,0,42,902,11,19,0
1,0,24,2,5,0,0,0,1,0,1.6,0,0,0,1,0,4,0,0,0,1,0,0,0,0,1,0,1,0,1,38,902,11,20,0
1,0,21,0,5,0,0,0,1,0,1.55,0,1,1,0,0,4,0,0,1,0,0,0,0,0,1,0,1,0,1,38,902,11,21,0
1,0,28,0,5,0,0,0,1,0,0,1,1,0,0,1,0,0,1,0,0,0,0,1,0,1,4.159452,0,0,0,59,902,11,71,0
1,0,23,2,5,0,0,0,1,0,0,1,0,0,1,0,4,0,0,0,0,0,0,1,0,1,0,1,0,1,25,902,12,6,0
0,0,24,0,5,0,0,0,1,0,1.5,0,1,0,1,0,5,0,0,1,0,0,0,0,0,1,0,1,0,0,66,902,12,126,0
0,0,25,0,5,0,0,0,1,0,1.5,0,1,0,0,0,5,0,0,1,0,0,0,0,0,1,0,1,0,1,66,902,13,3,0
0,0,30,4,5,0,0,0,1,0,1.5625,0,0,0,0,0,1,0,0,0,0,0,0,1,0,1,0,1,0,0,26,902,13,126,0
0,0,22,5,5,0,0,0,1,0,1.5,0,0,0,0,0,4,0,0,1,0,0,0,0,0,1,0,1,1,0,26,902,13,127,0
0,0,33,2,5,0,0,0,1,0,1.575,0,0,0,0,1,6,0,0,1,0,0,0,0,0,1,0,1,0,1,26,902,13,128,0
1,0,33,0,5,0,0,0,1,0,1.5,0,1,0,0,0,4,0,0,1,0,0,0,0,0,1,0,1,0,0,34,902,13,129,0
0,0,26,5,5,0,0,0,1,0,1.575,0,0,0,0,0,5,0,0,1,0,0,0,0,0,1,0,1,0,1,26,902,13,130,0
0,0,30,5,5,0,0,0,1,0,1.5,0,0,0,0,0,1,0,0,0,0,0,0,1,0,1,0,1,0,0,26,902,13,131,0
0,0,27,5,5,0,0,0,1,0,1.525,0,0,0,0,1,5,0,0,1,0,0,0,0,0,1,0,1,0,1,26,902,13,132,0
0,0,24,2,5,0,1,0,1,0,1.575,0,0,0,1,0,5,0,0,0,1,0,0,0,0,1,0,1,0,0,26,902,13,133,0
0,0,23,2,5,0,0,0,1,0,1.5,0,0,0,0,0,4,0,0,0,0,1,0,0,0,1,0,1,0,1,26,902,13,134,0
0,0,24,2,5,0,0,0,1,0,1.55,0,0,0,1,0,4,0,0,0,0,1,0,0,0,1,0,1,0,0,26,902,13,135,0
0,0,26,2,5,0,0,0,1,0,1.55,0,0,0,1,0,4,0,0,1,0,1,0,0,0,1,0,1,0,0,26,902,13,136,0
0,0,24,2,5,0,0,0,1,0,1.575,0,0,0,1,0,4,0,0,1,0,0,0,0,0,1,0,1,0,0,26,902,13,137,0
0,0,25,2,5,0,0,0,1,0,1.575,0,0,1,0,0,2,0,0,0,0,0,0,1,0,1,0,1,0,1,26,902,13,138,0
0,0,29,2,5,0,0,0,1,0,1.6,0,0,1,0,0,5,0,0,0,0,1,0,0,0,1,0,1,1,0,25,902,13,139,0
0,0,34,2,5,0,1,0,1,0,1.625,0,0,0,0,1,2,0,0,0,0,0,0,1,0,1,0,1,1,0,34,902,13,140,0
0,0,35,2,5,0,1,0,1,0,0,1,0,0,0,0,5,0,0,1,0,0,0,0,0,1,0,1,0,1,56,902,13,150,0
0,0,28,5,5,0,0,0,1,0,1.55,0,0,0,0,1,4,0,0,1,0,0,0,0,0,1,0,1,0,1,72,902,13,173,0
0,0,22,2,5,0,1,0,1,0,1.5,0,0,0,1,0,4,0,0,1,0,0,0,0,0,1,0,1,0,0,40,902,13,179,0
0,0,27,0,5,0,0,0,1,0,1.525,0,1,0,0,0,4,0,0,0,0,1,0,0,0,1,4.91469,0,0,1,40,902,13,180,0
1,0,23,5,5,0,0,0,1,0,0,1,0,0,0,0,5,0,0,1,0,0,0,0,0,1,0,1,0,1,40,902,13,181,0
1,0,27,0,5,0,0,0,1,0,1.6375,0,1,0,0,1,5,0,0,1,0,0,0,0,0,1,5.50987,0,0,1,40,902,13,182,0
1,0,26,2,5,0,0,0,1,0,1.575,0,0,0,0,0,1,0,0,0,0,0,0,1,0,1,0,1,0,1,40,902,13,183,0
0,0,26,2,5,0,1,0,1,0,1.575,0,0,0,0,0,5,0,0,1,0,0,0,0,0,1,0,1,0,0,40,902,13,184,0
0,0,23,2,5,0,1,0,1,0,1.5,0,0,0,0,1,4,0,0,1,0,0,0,0,0,1,0,1,0,0,40,902,13,185,0
0,0,24,2,5,0,0,0,1,0,1.55,0,0,0,0,0,3,0,0,0,0,0,1,0,0,1,0,1,0,0,40,902,13,186,0
0,0,25,2,5,0,1,0,1,0,1.5,0,0,0,0,0,4,0,0,1,0,0,0,0,0,1,0,1,0,1,40,902,13,187,0
0,0,33,0,5,0,0,0,1,0,1.5,0,1,0,0,0,4,0,0,1,0,0,0,0,0,1,0,1,0,0,40,902,13,188,0
0,0,27,5,5,0,0,0,1,0,1.5,0,0,0,0,0,4,0,0,1,0,0,0,0,0,1,0,1,0,0,40,902,13,189,0
0,0,25,4,5,0,1,0,1,0,1.575,0,0,0,0,0,5,0,0,1,0,0,0,0,0,1,0,1,0,1,40,902,13,190,0
0,0,27,0,5,0,1,0,1,0,1.55,0,1,0,0,0,4,0,0,0,0,0,0,1,0,1,5.50987,0,1,0,40,902,13,191,0
0,0,31,2,5,0,1,0,1,0,1.6,0,0,0,0,0,5,0,0,1,0,0,0,0,0,1,0,1,0,1,40,902,13,192,0
1,0,22,2,5,0,0,0,1,0,1.55,0,0,0,0,0,4,0,0,1,0,0,0,0,0,1,0,1,0,0,40,902,13,193,0
0,0,25,2,5,0,1,0,1,0,1.6,0,0,0,0,0,4,0,0,1,0,0,0,0,0,1,0,1,0,1,40,902,13,194,0
0,0,28,5,5,0,1,0,1,0,1.5,0,0,0,0,0,4,0,0,1,0,0,0,0,0,1,0,1,0,0,40,902,13,195,0
0,0,25,5,5,0,1,0,1,0,1.575,0,0,0,0,1,4,0,0,1,0,0,0,0,0,1,0,1,0,1,40,902,13,196,0
0,0,25,0,5,0,0,0,1,0,1.45,0,1,0,0,1,4,0,0,1,0,0,0,0,0,1,0,1,0,1,40,902,13,197,0
1,2,29,2,5,0,0,1,0,0,1.625,0,0,0,1,0,5,0,0,1,0,0,0,0,0,1,5.342328,0,0,0,62,902,13,198,0
0,0,26,2,5,0,0,0,1,0,1.575,0,0,0,0,1,4,0,0,1,0,0,0,0,0,1,0,1,0,1,58,902,13,199,0
1,0,25,2,5,0,0,0,1,0,1.5,0,0,0,0,0,4,0,0,1,0,0,0,0,0,1,0,1,1,0,62,902,13,200,0
1,0,24,2,5,0,0,0,1,0,1.5625,0,0,0,0,1,5,0,0,1,0,0,0,0,0,1,0,1,0,0,59,902,13,201,0
0,0,25,2,5,0,1,0,1,0,1.525,0,0,1,0,0,5,0,0,1,0,0,0,0,0,1,0,1,0,1,58,902,13,202,0
1,0,26,2,5,0,0,0,1,0,1.575,0,0,0,1,0,5,0,0,1,0,0,0,0,0,1,5.50987,0,0,1,60,902,13,203,0
0,0,30,2,5,0,0,0,1,0,1.55,0,0,0,0,1,4,0,0,0,0,0,0,1,0,1,0,1,0,0,62,902,13,204,0
1,0,24,0,5,0,0,0,1,0,0,1,1,0,1,0,0,0,1,1,0,0,0,0,0,1,0,1,0,1,62,902,13,205,0
0,0,30,4,5,0,0,0,1,0,1.55,0,0,0,0,0,5,0,0,1,0,0,0,0,0,1,0,1,0,1,59,902,13,206,0
0,0,33,0,5,0,1,0,1,0,0,1,1,0,0,1,5,0,0,0,0,1,0,0,0,1,5.825603,0,0,1,62,902,13,207,0
0,0,27,2,5,0,0,0,1,0,1.5,0,0,0,1,0,2,0,0,0,0,0,0,1,0,1,0,1,0,1,62,902,13,208,0
1,0,19,2,5,0,0,0,1,0,1.575,0,0,0,0,1,0,0,1,0,0,0,0,1,0,1,0,1,0,0,62,902,13,209,0
1,2,21,2,5,0,0,1,0,0,1.55,0,0,0,0,1,4,0,0,0,0,1,0,0,0,1,0,1,0,0,62,902,13,210,0
0,0,21,2,5,0,0,0,1,0,1.525,0,0,0,0,0,2,0,0,0,0,0,0,1,0,1,0,1,0,0,62,902,13,211,0
1,0,23,0,5,0,0,0,1,0,1.575,0,1,0,0,0,4,0,0,0,0,1,0,0,0,1,0,1,0,1,62,902,13,212,0
0,0,27,2,5,0,1,0,1,0,1.55,0,0,0,0,0,5,0,0,1,0,0,0,0,0,1,0,1,0,1,62,902,13,213,0
1,0,31,2,5,0,0,0,1,0,1.575,0,0,0,0,0,5,0,0,1,0,0,0,0,0,1,0,1,0,1,58,902,13,214,0
1,0,28,1,5,0,0,0,1,0,1.6,0,0,0,0,1,4,0,0,1,0,0,0,0,0,1,0,1,0,0,62,902,13,215,0
0,0,24,2,5,0,1,0,1,0,1.55,0,0,0,1,0,4,0,0,1,0,0,0,0,0,1,5.825603,0,1,0,72,902,13,80,0
1,0,24,2,5,0,0,0,1,0,1.5,0,0,0,0,0,4,0,0,1,0,0,0,0,0,1,0,1,1,0,43,902,13,82,0
1,0,26,2,5,0,0,0,1,0,1.5,0,0,0,1,0,5,0,0,1,0,1,0,0,0,1,0,1,1,0,42,902,13,84,0
0,0,24,2,5,0,1,0,1,0,1.55,0,0,0,1,0,5,0,0,1,0,0,0,0,0,1,0,1,0,1,72,902,13,92,0
1,0,27,2,5,0,0,0,1,0,0,1,0,0,1,0,5,0,0,0,1,0,0,0,0,1,0,1,0,1,38,903,11,14,0
1,0,21,2,5,0,0,0,1,0,1.5,0,0,0,1,0,2,0,0,0,0,0,0,1,0,1,0,1,0,1,38,903,11,16,0
0,0,24,2,5,0,0,0,1,0,1.5,0,0,1,0,0,4,0,0,1,0,0,0,0,0,1,0,1,0,1,38,903,11,17,0
1,0,23,2,5,0,0,0,1,0,1.575,0,0,0,1,0,5,0,0,1,0,0,0,0,0,1,0,1,0,1,38,903,11,20,0
0,0,26,2,5,0,0,0,1,0,1.55,0,0,0,0,1,4,0,0,1,0,0,0,0,0,1,0,1,0,0,34,903,11,21,0
0,0,25,2,5,0,0,0,1,0,1.55,0,0,0,1,0,4,0,0,0,0,1,0,0,0,1,0,1,0,1,34,903,11,22,0
0,0,28,2,5,0,0,0,1,0,1.625,0,0,0,1,0,5,0,0,0,0,1,0,0,0,1,0,1,0,0,34,903,11,27,0
0,0,27,2,5,0,1,0,1,0,1.575,0,0,0,1,0,4,0,0,1,0,0,0,0,0,1,0,1,0,0,72,903,11,36,0
1,2,24,0,5,0,0,1,0,0,1.6,0,1,0,1,0,5,0,0,1,0,0,0,0,0,1,0,1,0,0,38,903,11,37,0
1,0,23,2,5,0,0,0,1,0,1.5,0,0,1,0,0,5,0,0,1,0,0,0,0,0,1,0,1,0,1,34,903,11,38,0
1,0,26,2,5,0,0,0,1,0,1.575,0,0,0,0,1,4,0,0,1,0,0,0,0,0,1,0,1,0,0,56,903,11,40,0
1,0,23,2,5,0,0,0,1,0,1.55,0,0,0,1,0,5,0,0,1,0,0,0,0,0,1,0,1,0,0,38,903,11,42,0
1,0,23,2,5,0,0,0,1,0,1.55,0,0,1,0,0,4,0,0,0,0,0,0,1,0,1,0,1,0,0,38,903,11,47,0
0,0,27,4,5,0,0,0,1,0,1.6,0,0,0,1,0,6,0,0,0,1,1,0,0,0,1,0,1,0,0,34,903,11,51,0
0,0,30,4,5,0,0,0,1,0,1.5,0,0,0,0,1,5,0,0,1,0,0,0,0,0,1,0,1,0,0,34,903,11,53,0
0,0,22,2,5,0,0,0,1,0,1.575,0,0,0,1,0,5,0,0,1,0,0,0,0,0,1,0,1,0,0,34,903,11,55,0
0,0,32,2,5,0,0,0,1,0,1.625,0,0,0,1,0,4,0,0,0,0,1,0,0,0,1,0,1,0,0,34,903,11,56,0
0,0,28,2,5,0,0,0,1,0,1.5,0,0,0,1,0,4,0,0,0,1,0,0,0,0,1,0,1,0,1,34,903,11,57,0
0,0,24,0,5,0,1,0,1,0,1.575,0,1,0,1,0,5,0,0,0,1,0,0,0,0,1,0,1,0,0,38,903,11,59,0
0,0,26,2,5,0,1,0,1,0,1.5,0,0,0,1,0,4,0,0,0,0,0,0,1,0,1,0,1,0,1,38,903,11,60,0
0,0,20,2,5,0,1,0,1,0,1.675,0,0,0,0,0,2,0,0,0,0,0,0,1,0,1,0,1,0,0,38,903,11,61,0
1,0,23,2,5,0,0,0,1,0,1.65,0,0,0,1,0,5,0,0,1,0,0,0,0,0,1,0,1,0,1,34,903,11,66,0
0,0,29,2,5,0,1,0,1,0,1.525,0,0,0,1,0,4,0,0,1,0,1,0,0,0,1,5.50987,0,0,1,38,903,11,67,0
0,0,21,2,5,0,1,0,1,0,1.5,0,0,0,1,0,4,0,0,1,0,0,0,0,0,1,0,1,0,0,59,903,11,70,0
0,0,30,2,5,0,1,0,1,0,1.525,0,0,0,0,1,2,0,0,0,0,0,0,1,0,1,0,1,0,1,56,903,11,71,0
0,0,24,0,5,0,1,0,1,0,1.55,0,1,0,1,0,4,0,0,1,0,0,0,0,0,1,0,1,0,1,34,903,11,73,0
0,0,21,4,5,0,1,0,1,0,1.6,0,0,0,1,0,4,0,0,1,0,0,0,0,0,1,0,1,0,1,56,903,11,74,0
1,0,28,3,5,0,0,0,1,0,1.55,0,0,0,1,0,4,0,0,1,0,0,0,0,0,1,0,1,0,1,34,903,11,75,0
1,0,21,0,5,0,0,0,1,0,1.55,0,1,1,0,0,4,0,0,0,0,0,0,1,0,1,0,1,0,0,38,903,11,76,0
0,0,25,2,5,0,1,0,1,0,1.5,0,0,0,1,0,4,0,0,0,1,0,0,0,0,1,0,1,1,0,59,903,11,78,0
0,0,28,2,5,0,1,0,1,0,1.55,0,0,0,1,0,5,0,0,1,0,0,0,0,0,1,0,1,0,1,66,903,11,79,0
1,2,29,4,5,0,0,1,0,0,1.5,0,0,0,0,0,4,0,0,1,0,0,0,0,0,1,5.50987,0,0,1,38,903,11,83,0
1,0,24,2,5,0,0,0,1,0,1.575,0,0,0,1,0,4,0,0,0,0,1,0,0,0,1,0,1,0,1,38,903,11,86,0
1,5,26,2,5,0,0,0,0,0,1.575,0,0,0,1,0,2,0,0,1,0,0,0,0,0,1,0,1,0,1,73,903,11,89,0
1,2,24,2,5,0,0,1,0,0,1.5,0,0,0,1,0,4,0,0,1,0,0,0,0,0,1,0,1,0,0,72,903,13,112,0
0,0,25,2,5,0,1,0,1,0,1.575,0,0,0,1,0,6,0,0,1,1,0,0,0,9.903487,0,5.459123,0,0,1,26,903,13,140,0
0,0,25,2,5,0,0,0,1,0,1.575,0,0,0,1,0,6,0,0,0,1,0,0,0,0,1,0,1,0,0,26,903,13,141,0
0,0,25,2,5,0,0,0,1,0,1.5,0,0,0,0,1,4,0,0,0,0,1,0,0,0,1,0,1,0,0,26,903,13,143,0
0,0,27,2,5,0,0,0,1,0,1.55,0,0,1,0,0,5,0,0,0,1,0,0,0,0,1,0,1,0,1,26,903,13,144,0
0,0,34,2,5,0,0,0,1,0,1.525,0,0,0,1,0,4,0,0,0,0,0,0,1,0,1,0,1,0,0,26,903,13,145,0
0,0,29,2,5,0,0,0,1,0,1.55,0,0,0,1,0,4,0,0,0,0,0,0,1,0,1,0,1,0,1,26,903,13,146,0
0,0,33,4,5,0,0,0,1,0,1.55,0,0,0,1,0,4,0,0,0,0,0,0,1,0,1,0,1,0,1,26,903,13,147,0
0,0,28,2,5,0,0,0,1,0,1.6,0,0,0,0,0,4,0,0,0,0,0,0,1,0,1,0,1,0,0,26,903,13,148,0
0,0,26,2,5,0,0,0,1,0,1.575,0,0,0,1,0,4,0,0,0,0,1,0,0,0,1,0,1,0,1,26,903,13,149,0
0,0,0,2,5,0,0,0,1,1,0,1,0,0,1,0,0,0,1,0,0,0,0,1,0,1,5.50987,0,0,1,28,903,13,150,0
0,2,26,2,5,0,1,1,0,0,1.575,0,0,0,1,0,4,0,0,1,0,0,0,0,0,1,0,1,0,0,26,903,13,151,0
0,4,28,2,5,0,0,0,0,0,1.55,0,0,0,1,0,1,0,0,0,0,0,0,1,0,1,0,1,0,1,34,903,13,152,0
0,0,26,2,5,0,0,0,1,0,1.55,0,0,0,1,0,4,0,0,1,0,0,0,0,0,1,0,1,0,0,26,903,13,153,0
0,0,25,4,5,0,0,0,1,0,1.5,0,0,0,0,1,1,0,0,0,0,0,0,1,0,1,0,1,0,1,26,903,13,154,0
0,5,31,2,5,0,0,0,0,0,1.5625,0,0,0,0,1,5,0,0,0,0,0,1,0,0,1,0,1,0,1,26,903,13,155,0
0,4,33,0,5,0,1,0,0,0,1.5,0,1,0,0,1,4,0,0,1,0,0,0,0,0,1,0,1,0,0,26,903,13,156,0
0,0,23,2,5,0,0,0,1,0,1.55,0,0,0,1,0,4,0,0,1,0,0,0,0,0,1,0,1,0,0,26,903,13,157,0
0,0,18,2,5,0,0,0,1,0,1.475,0,0,0,1,0,2,0,0,0,0,0,0,1,0,1,0,1,0,0,26,903,13,158,0
0,2,24,1,5,0,0,1,0,0,1.55,0,0,0,0,1,6,0,0,0,1,0,0,0,0,1,0,1,0,0,26,903,13,159,0
0,0,24,2,5,0,0,0,1,0,1.5,0,0,0,1,0,5,0,0,1,0,0,0,0,0,1,0,1,0,0,26,903,13,160,0
0,0,26,0,5,0,0,0,1,0,1.525,0,1,0,1,0,5,0,0,0,1,0,0,0,0,1,0,1,0,0,26,903,13,161,0
0,0,30,3,5,0,0,0,1,0,1.575,0,0,0,0,0,5,0,0,1,0,0,0,0,0,1,0,1,0,0,26,903,13,162,0
0,2,27,2,5,0,0,1,0,0,1.5,0,0,0,0,0,5,0,0,1,0,0,0,0,8.517193,0,0,1,0,0,26,903,13,163,0
0,0,31,2,5,0,0,0,1,0,1.55,0,0,0,0,1,5,0,0,1,0,0,0,0,0,1,5.50987,0,0,1,26,903,13,164,0
1,2,25,2,5,0,0,1,0,0,1.525,0,0,0,0,0,5,0,0,1,0,0,0,0,0,1,0,1,0,1,26,903,13,165,0
1,0,25,3,5,0,0,0,1,0,1.525,0,0,0,1,0,5,0,0,1,0,1,0,0,0,1,0,1,0,1,40,903,13,184,0
1,2,26,2,5,0,0,1,0,0,1.575,0,0,0,1,0,6,0,0,0,1,0,0,0,0,1,0,1,0,1,40,903,13,185,0
1,0,30,2,5,0,0,0,1,0,1.55,0,0,0,0,1,4,0,0,0,1,0,0,0,0,1,0,1,0,1,40,903,13,186,0
1,2,25,2,5,0,0,1,0,0,1.55,0,0,0,1,0,5,0,0,1,0,0,0,0,0,1,0,1,0,1,40,903,13,187,0
0,2,22,4,5,0,0,1,0,0,1.575,0,0,1,0,0,4,0,0,1,0,0,0,0,0,1,0,1,0,1,40,903,13,188,0
1,0,27,2,5,0,0,0,1,0,1.65,0,0,0,0,1,5,0,0,1,0,0,0,0,0,1,0,1,0,0,40,903,13,189,0
1,0,28,2,5,0,0,0,1,0,1.575,0,0,0,1,0,4,0,0,1,0,0,0,0,0,1,0,1,0,1,40,903,13,190,0
1,0,28,2,5,0,0,0,1,0,1.55,0,0,0,1,0,4,0,0,0,0,1,0,0,0,1,0,1,0,1,40,903,13,191,0
0,0,24,2,5,0,0,0,1,0,1.55,0,0,0,1,0,5,0,0,0,0,1,0,0,0,1,0,1,0,1,40,903,13,192,0
0,0,27,4,5,0,0,0,1,0,1.6,0,0,0,0,1,5,0,0,1,0,0,0,0,0,1,0,1,0,1,40,903,13,193,0
0,0,27,0,5,0,0,0,1,0,1.575,0,1,0,1,0,5,0,0,0,1,0,0,0,0,1,0,1,0,0,40,903,13,194,0
0,0,25,2,5,0,0,0,1,0,1.5,0,0,0,1,0,4,0,0,1,0,0,0,0,0,1,0,1,0,1,40,903,13,195,0
1,0,30,0,5,0,0,0,1,0,1.5,0,1,0,1,0,4,0,0,0,0,1,0,0,0,1,0,1,0,0,40,903,13,196,0
0,2,27,2,5,0,1,1,0,0,1.5,0,0,0,1,0,1,0,0,0,0,0,0,1,0,1,0,1,0,0,40,903,13,197,0
0,4,28,0,5,0,1,0,0,0,1.55,0,1,0,0,1,0,1,0,0,0,0,0,1,0,1,5.50987,0,0,1,40,903,13,198,0
1,0,30,2,5,0,0,0,1,0,1.55,0,0,0,0,0,1,0,0,0,0,0,0,1,0,1,0,1,0,0,40,903,13,199,0
0,0,25,2,5,0,1,0,1,0,1.575,0,0,0,0,0,4,0,0,1,0,0,0,0,0,1,0,1,0,1,40,903,13,200,0
1,4,21,5,5,0,0,0,0,0,1.55,0,0,0,0,1,0,0,1,1,0,0,0,0,0,1,0,1,1,0,40,903,13,201,0
1,0,27,4,5,0,0,0,1,0,1.525,0,0,0,1,0,5,0,0,1,0,0,0,0,0,1,0,1,0,0,40,903,13,202,0
1,0,26,2,5,0,0,0,1,0,1.575,0,0,0,1,0,5,0,0,1,0,0,0,0,0,1,0,1,0,0,40,903,13,203,0
1,0,26,2,5,0,0,0,1,0,1.6375,0,0,1,0,0,4,0,0,0,0,0,1,0,0,1,0,1,0,0,62,903,13,204,0
1,0,31,2,5,0,0,0,1,0,1.5625,0,0,1,0,0,6,0,0,0,0,1,0,0,0,1,0,1,0,1,62,903,13,205,0
1,0,23,2,5,0,0,0,1,0,1.5,0,0,0,0,1,4,0,0,1,0,0,0,0,0,1,0,1,0,1,62,903,13,206,0
1,0,24,3,5,0,0,0,1,0,1.55,0,0,0,1,0,5,0,0,0,0,1,0,0,0,1,0,1,0,1,62,903,13,207,0
1,0,26,2,5,0,0,0,1,0,1.5625,0,0,0,1,0,4,0,0,1,0,0,0,0,0,1,0,1,0,1,62,903,13,208,0
1,0,40,0,5,0,0,0,1,0,1.525,0,1,0,0,1,2,0,0,0,0,0,0,1,0,1,0,1,0,1,59,903,13,209,0
0,0,25,2,5,0,1,0,1,0,1.525,0,0,0,0,1,4,0,0,1,0,0,0,0,0,1,0,1,0,0,60,903,13,210,0
0,0,30,3,5,0,1,0,1,0,1.65,0,0,0,0,0,5,0,0,1,0,0,0,0,0,1,0,1,0,1,62,903,13,211,0
0,0,23,2,5,0,1,0,1,0,1.6,0,0,0,1,0,0,0,1,0,0,1,0,0,0,1,0,1,0,1,59,903,13,212,0
1,2,23,4,5,0,0,1,0,0,1.5,0,0,0,1,0,4,0,0,1,0,0,0,0,0,1,0,1,0,1,62,903,13,213,0
1,0,25,2,5,0,0,0,1,0,1.575,0,0,0,1,0,4,0,0,0,1,0,0,0,0,1,0,1,0,1,62,903,13,214,0
1,0,32,3,5,0,0,0,1,0,1.55,0,0,0,1,0,6,0,0,1,0,1,0,0,0,1,5.50987,0,0,1,62,903,13,215,0
1,0,27,2,5,0,0,0,1,0,1.55,0,0,1,0,0,4,0,0,1,0,0,0,0,0,1,0,1,0,1,59,903,13,216,0
1,4,36,0,5,0,0,0,0,0,1.55,0,1,0,1,0,0,0,1,0,0,0,0,1,0,1,5.50987,0,0,1,59,903,13,217,0
1,0,28,0,5,0,0,0,1,0,1.575,0,1,0,1,0,4,0,0,1,0,0,0,0,0,1,0,1,0,1,60,903,13,218,0
0,0,24,2,5,0,1,0,1,0,1.5,0,0,0,1,0,4,0,0,0,1,0,0,0,0,1,0,1,0,0,62,903,13,219,0
1,0,24,5,5,0,0,0,1,0,1.5,0,0,0,1,0,2,0,0,0,0,0,0,1,0,1,0,1,0,1,62,903,13,220,0
1,0,23,2,5,0,0,0,1,0,1.55,0,0,0,1,0,4,0,0,1,0,0,0,0,0,1,0,1,0,1,59,903,13,221,0
1,4,28,5,5,0,0,0,0,0,1.525,0,0,0,1,0,5,0,0,1,0,0,0,0,0,1,5.50987,0,0,1,62,903,13,222,0
1,4,25,0,5,0,0,0,0,0,1.575,0,1,0,1,0,4,0,0,0,0,0,1,0,0,1,0,1,0,1,62,903,13,223,0
0,2,24,2,5,0,0,1,0,0,1.6,0,0,0,0,1,4,0,0,1,0,1,0,0,0,1,0,1,0,1,62,903,13,224,0
1,0,27,2,5,0,0,0,1,0,1.6,0,0,0,1,0,4,0,0,0,0,1,0,0,0,1,0,1,0,0,59,903,13,225,0
0,0,28,0,5,0,1,0,1,0,1.55,0,1,0,1,0,6,0,0,0,1,1,0,0,0,1,0,1,0,0,62,903,13,226,0
0,0,25,0,5,0,1,0,1,0,1.6,0,1,0,1,0,4,0,0,1,0,0,0,0,0,1,0,1,0,1,59,903,13,227,0
0,5,27,0,5,0,1,0,0,0,1.6,0,1,1,0,0,6,0,0,0,1,0,0,0,0,1,0,1,0,0,62,1011,10,40,0
0,2,28,2,5,0,1,1,0,0,1.5,0,0,0,1,0,0,0,1,0,0,0,0,1,0,1,5.50987,0,0,1,28,1011,10,81,0
0,2,26,0,5,0,0,1,0,0,1.575,0,1,0,0,0,4,0,0,0,0,0,1,0,0,1,0,1,0,1,26,1011,10,82,0
0,0,34,2,5,0,0,0,1,0,1.525,0,0,0,0,0,4,0,0,1,0,0,0,0,0,1,0,1,0,0,26,1011,10,83,0
0,4,23,2,5,0,0,0,0,0,1.575,0,0,0,0,0,5,0,0,0,0,1,0,0,0,1,0,1,0,1,25,1011,10,84,0
0,0,25,0,5,0,0,0,1,0,1.525,0,1,0,0,1,5,0,0,1,0,0,0,0,0,1,5.50987,0,0,0,26,1011,10,85,0
0,0,31,2,5,0,0,0,1,0,1.55,0,0,0,1,0,5,0,0,1,0,1,0,0,0,1,0,1,0,1,26,1011,10,86,0
0,0,24,1,5,0,1,0,1,0,1.6,0,0,0,0,0,4,0,0,0,0,1,0,0,0,1,0,1,0,1,34,1011,10,87,0
0,2,24,2,5,0,0,1,0,0,1.45,0,0,0,0,0,5,0,0,1,0,0,0,0,0,1,0,1,0,0,26,1011,10,88,0
0,0,24,5,5,0,0,0,1,0,1.6,0,0,0,0,1,4,0,0,0,1,0,0,0,0,1,0,1,0,0,26,1011,10,89,0
0,0,22,0,5,0,0,0,1,0,1.575,0,1,0,0,0,0,0,1,0,0,0,0,1,0,1,0,1,0,1,26,1011,10,90,0
0,0,28,2,5,0,0,0,1,0,1.5,0,0,0,1,0,6,0,0,0,0,1,0,0,0,1,0,1,0,0,26,1011,10,91,0
0,0,33,2,5,0,0,0,1,0,1.575,0,0,0,0,0,2,0,0,0,0,0,0,1,0,1,0,1,0,0,26,1011,10,92,0
0,2,25,1,5,0,0,1,0,0,1.55,0,0,1,0,0,2,0,0,0,0,0,0,1,0,1,0,1,0,1,26,1011,10,93,0
0,0,25,3,5,0,0,0,1,0,1.625,0,0,0,0,0,4,0,0,0,0,0,0,1,0,1,0,1,0,0,34,1011,12,87,0
0,0,26,4,5,0,1,0,1,0,1.525,0,0,0,0,0,4,0,0,0,0,0,0,1,0,1,0,1,0,1,26,1011,13,1,0
0,0,25,2,5,0,0,0,1,0,1.55,0,0,0,1,0,4,0,0,1,0,0,0,0,0,1,0,1,0,1,26,1011,13,2,0
0,0,29,0,5,0,0,0,1,0,1.55,0,1,0,0,1,0,0,1,0,0,0,0,1,0,1,0,1,0,1,26,1011,13,3,0
0,0,26,2,5,0,0,0,1,0,1.6,0,0,0,0,0,5,0,0,0,0,0,0,1,0,1,0,1,0,0,26,1011,13,4,0
1,2,26,2,5,0,0,1,0,0,1.55,0,0,0,1,0,6,0,0,0,1,0,0,0,0,1,0,1,0,1,62,1011,13,5,0
0,0,23,1,5,0,0,0,1,0,1.575,0,0,0,1,0,5,0,0,0,0,0,0,1,0,1,0,1,0,0,26,1011,13,6,0
0,0,0,2,5,0,1,0,1,1,0,1,0,0,0,0,1,0,0,0,0,0,0,1,0,1,0,1,0,1,64,1011,13,191,0
0,0,29,4,5,0,1,0,1,0,1.575,0,0,0,0,0,4,0,0,1,0,0,0,0,0,1,0,1,0,1,36,1011,13,192,0
0,0,28,0,5,0,1,0,1,0,1.65,0,1,0,0,1,1,0,0,0,0,0,0,1,0,1,0,1,0,1,36,1011,13,193,0
0,0,24,2,5,0,1,0,1,0,1.55,0,0,0,0,1,4,0,0,0,0,0,0,1,0,1,0,1,0,0,34,1011,13,207,0
0,0,22,4,5,0,1,0,1,0,1.425,0,0,0,0,1,2,0,0,0,0,0,0,1,0,1,0,1,0,1,72,1011,13,26,0
0,0,26,1,5,0,0,0,1,0,1.5,0,0,0,0,0,4,0,0,0,0,1,0,0,0,1,0,1,0,0,40,1011,13,28,0
0,0,21,4,5,0,0,0,1,0,1.525,0,0,0,0,0,4,0,0,1,0,0,0,0,0,1,0,1,0,0,31,1011,13,29,0
0,0,26,0,5,0,0,0,1,0,1.55,0,1,0,1,0,5,0,0,1,0,0,0,0,0,1,0,1,0,0,31,1011,13,30,0
1,0,21,1,5,0,0,0,1,0,1.575,0,0,0,1,0,5,0,0,1,0,0,0,0,0,1,0,1,0,0,31,1011,13,31,0
0,0,27,2,5,0,1,0,1,0,1.625,0,0,0,0,0,5,0,0,1,0,0,0,0,0,1,0,1,0,1,31,1011,13,32,0
0,0,26,0,5,0,0,0,1,0,1.5,0,1,0,0,1,5,0,0,0,0,1,0,0,0,1,0,1,0,1,31,1011,13,33,0
0,0,25,1,5,0,1,0,1,0,1.525,0,0,0,0,0,4,0,0,1,0,0,0,0,0,1,0,1,0,1,31,1011,13,34,0
1,0,22,1,5,0,0,0,1,0,1.575,0,0,0,0,0,5,0,0,1,0,0,0,0,0,1,0,1,0,1,59,1011,13,35,0
1,0,28,1,5,0,0,0,1,0,1.55,0,0,0,0,1,5,0,0,0,0,1,0,0,0,1,5.50987,0,0,1,59,1011,13,36,0
0,0,23,1,5,0,0,0,1,0,1.6,0,0,0,0,0,4,0,0,1,0,0,0,0,0,1,0,1,0,1,62,1011,13,37,0
1,0,24,0,5,0,0,0,1,0,1.55,0,1,0,0,1,4,0,0,0,0,1,0,0,0,1,0,1,0,1,62,1011,13,38,0
1,0,24,4,5,0,0,0,1,0,1.55,0,0,0,0,0,4,0,0,0,0,0,0,1,0,1,0,1,0,1,62,1011,13,39,0
0,0,26,2,5,0,0,0,1,0,1.525,0,0,0,1,0,5,0,0,1,0,0,0,0,0,1,0,1,0,1,62,1011,13,40,0
0,2,24,2,5,0,0,1,0,0,1.55,0,0,0,1,0,5,0,0,1,0,0,0,0,0,1,0,1,0,0,59,1011,13,41,0
0,0,29,0,5,0,0,0,1,0,1.5875,0,1,0,1,0,4,0,0,0,0,0,0,1,0,1,0,1,0,1,59,1011,13,42,0
1,0,25,2,5,0,0,0,1,0,1.575,0,0,0,0,0,4,0,0,0,1,0,0,0,0,1,0,1,0,0,62,1011,13,43,0
1,0,28,2,5,0,0,0,1,0,1.625,0,0,0,1,0,4,0,0,0,0,0,0,1,0,1,0,1,0,1,62,1011,13,44,0
1,0,24,2,5,0,0,0,1,0,1.55,0,0,0,1,0,6,0,0,0,0,1,0,0,0,1,0,1,0,1,62,1011,13,45,0
0,0,27,0,5,0,1,0,1,0,1.625,0,1,0,0,1,6,0,0,0,0,1,0,0,0,1,0,1,0,1,62,1011,13,46,0
1,0,27,4,5,0,0,0,1,0,1.65,0,0,0,0,1,4,0,0,1,0,0,0,0,0,1,0,1,1,0,62,1011,13,47,0
1,0,35,0,5,0,0,0,1,0,1.55,0,1,0,0,1,4,0,0,0,0,0,0,1,0,1,0,1,0,1,56,1011,14,2,0
1,0,30,2,5,0,0,0,1,0,1.575,0,0,0,0,1,2,0,0,0,0,0,0,1,0,1,0,1,0,1,43,1011,14,3,0
1,0,29,4,5,0,0,0,1,0,1.625,0,0,0,0,1,4,0,0,0,0,0,0,1,0,1,0,1,0,1,72,1011,14,7,0
0,0,31,2,5,0,1,0,1,0,1.55,0,0,0,0,1,4,0,0,0,0,0,0,1,0,1,0,1,0,1,72,1011,14,8,0
0,0,27,2,5,0,0,0,1,0,1.55,0,0,0,0,0,5,0,0,0,0,1,0,0,0,1,0,1,0,1,26,1011,14,101,0
0,0,27,2,5,0,0,0,1,0,1.5,0,0,0,0,1,2,0,0,0,0,0,0,1,0,1,0,1,0,0,26,1011,14,115,0
1,0,25,2,5,0,0,0,1,0,1.55,0,0,0,0,0,5,0,0,0,0,1,0,0,0,1,0,1,0,1,72,1011,14,12,0
0,0,25,2,5,0,0,0,1,0,1.525,0,0,0,1,0,5,0,0,1,0,0,0,0,0,1,0,1,0,0,34,1011,14,13,0
1,0,21,2,5,0,0,0,1,0,1.575,0,0,0,0,0,0,0,1,1,0,0,0,0,0,1,0,1,0,0,59,1011,14,17,0
0,2,29,2,5,0,0,1,0,0,1.475,0,0,0,1,0,4,0,0,1,0,0,0,0,0,1,0,1,0,1,72,1011,14,18,0
1,0,23,2,5,0,0,0,1,0,1.525,0,0,0,0,0,4,0,0,0,1,0,0,0,0,1,0,1,0,1,59,1011,14,19,0
1,0,25,2,5,0,0,0,1,0,1.55,0,0,0,0,0,5,0,0,1,0,0,0,0,0,1,0,1,0,0,59,1011,14,20,0
1,0,22,2,5,0,0,0,1,0,1.525,0,0,0,0,0,4,0,0,1,0,0,0,0,0,1,0,1,0,0,34,1011,14,21,0
1,0,27,0,5,0,0,0,1,0,1.65,0,1,0,0,1,4,0,0,0,0,1,0,0,0,1,0,1,0,0,38,1011,14,23,0
0,0,38,0,5,0,0,0,1,0,1.55,0,1,0,0,0,4,0,0,1,0,0,0,0,8.517193,0,0,1,0,0,34,1011,14,25,0
0,6,26,2,5,0,0,0,0,0,1.55,0,0,0,1,0,4,0,0,0,0,0,0,1,0,1,0,1,0,0,59,1011,14,27,0
0,0,22,2,5,0,0,0,1,0,1.575,0,0,0,0,1,4,0,0,0,1,0,0,0,0,1,0,1,0,0,34,1011,14,29,0
0,0,23,3,5,0,1,0,1,0,1.525,0,0,0,0,0,4,0,0,0,0,1,0,0,0,1,0,1,0,1,66,1011,14,30,0
0,0,23,2,5,0,0,0,1,0,1.525,0,0,0,0,1,6,0,0,1,0,0,0,0,0,1,0,1,0,0,34,1011,14,32,0
0,0,24,2,5,0,0,0,1,0,1.525,0,0,0,0,0,2,0,0,1,0,0,0,0,0,1,0,1,0,0,34,1011,14,33,0
0,0,25,4,5,0,0,0,1,0,1.575,0,0,0,0,0,4,0,0,0,0,0,0,1,0,1,0,1,0,0,34,1011,14,34,0
0,0,23,2,5,0,1,0,1,0,1.575,0,0,0,0,0,4,0,0,1,0,0,0,0,0,1,0,1,0,1,34,1011,14,37,0
0,0,22,0,5,0,1,0,1,0,1.65,0,1,0,0,1,0,0,1,1,0,0,0,0,0,1,0,1,0,0,59,1011,14,40,0
0,0,28,3,5,0,0,0,1,0,1.5875,0,0,0,1,0,5,0,0,1,0,0,0,0,0,1,0,1,0,0,73,1011,14,41,0
1,0,25,2,5,0,0,0,1,0,1.55,0,0,0,0,1,4,0,0,1,0,0,0,0,0,1,0,1,0,1,72,1011,14,43,0
0,0,33,0,5,0,0,0,1,0,1.5,0,1,0,1,0,4,0,0,1,0,0,0,0,0,1,0,1,0,0,40,1201,10,9,1
0,0,31,4,5,0,1,0,1,0,1.55,0,0,0,1,0,2,0,0,0,0,0,0,1,0,1,0,1,0,1,72,1201,10,14,1
1,0,32,0,5,0,0,0,1,0,1.5,0,1,0,1,0,2,0,0,0,0,0,0,1,0,1,0,1,0,0,56,1201,10,15,1
1,0,31,3,5,0,0,0,1,0,1.55,0,0,0,0,1,4,0,0,0,0,1,0,0,0,1,0,1,0,0,26,1201,11,11,0
0,0,27,2,5,0,1,0,1,0,1.6,0,0,0,1,0,4,0,0,1,0,0,0,0,0,1,0,1,0,1,31,1201,11,12,0
0,0,25,2,5,0,0,0,1,0,1.575,0,0,0,1,0,4,0,0,1,0,0,0,0,0,1,0,1,0,1,28,1201,11,13,0
1,0,22,2,5,0,0,0,1,0,1.55,0,0,0,0,1,4,0,0,1,0,0,0,0,0,1,0,1,0,0,64,1201,11,134,0
1,0,34,4,5,0,0,0,1,0,1.5,0,0,0,1,0,5,0,0,1,0,0,0,0,0,1,0,1,0,1,36,1201,11,135,0
0,0,26,2,5,0,0,0,1,0,1.45,0,0,0,0,0,4,0,0,1,0,1,0,0,0,1,0,1,0,1,26,1201,11,14,0
0,0,25,3,5,0,0,0,1,0,1.575,0,0,0,1,0,0,0,1,0,0,0,0,1,0,1,0,1,0,1,34,1201,11,144,0
0,0,24,2,5,0,1,0,1,0,1.55,0,0,0,1,0,4,0,0,1,0,0,0,0,0,1,0,1,0,0,34,1201,11,146,0
0,0,20,0,5,0,0,0,1,0,1.525,0,1,0,1,0,4,0,0,1,0,0,0,0,0,1,0,1,0,1,34,1201,11,147,0
0,0,24,2,5,0,0,0,1,0,1.55,0,0,1,0,0,4,0,0,1,0,0,0,0,0,1,0,1,0,1,34,1201,11,148,0
0,0,25,2,5,0,0,0,1,0,1.55,0,0,0,0,1,6,0,0,0,0,1,0,0,0,1,0,1,0,1,34,1201,11,149,0
0,0,32,2,5,0,0,0,1,0,1.55,0,0,0,1,0,4,0,0,1,0,0,0,0,0,1,0,1,0,0,26,1201,11,15,0
0,0,23,2,5,0,1,0,1,0,1.55,0,0,0,1,0,4,0,0,1,0,0,0,0,0,1,0,1,1,0,28,1201,11,150,0
0,0,24,0,5,0,0,0,1,0,1.625,0,1,0,0,0,5,0,0,0,0,1,0,0,0,1,6.093101,0,0,1,34,1201,11,152,0
0,0,0,0,5,0,1,0,1,1,0,1,1,0,0,1,4,0,0,0,0,0,0,1,0,1,0,1,0,1,38,1201,11,157,0
1,4,26,4,5,0,0,0,0,0,1.6,0,0,0,1,0,4,0,0,1,0,0,0,0,0,1,0,1,0,0,26,1201,11,16,0
0,0,27,2,5,0,0,0,1,0,1.6,0,0,0,1,0,2,0,0,0,0,0,0,1,0,1,0,1,0,1,34,1201,11,160,0
0,0,34,2,5,0,0,0,1,0,1.6,0,0,0,1,0,0,0,1,0,0,1,0,0,0,1,6.094067,0,0,0,34,1201,11,161,0
0,0,25,0,5,0,1,0,1,0,1.55,0,1,0,1,0,2,0,0,0,0,0,0,1,0,1,0,1,0,1,38,1201,11,165,0
0,0,26,0,5,0,0,0,1,0,1.525,0,1,0,0,1,5,0,0,0,1,0,0,0,0,1,0,1,0,1,26,1201,11,17,0
1,0,26,2,5,0,0,0,1,0,1.6,0,0,0,1,0,5,0,0,1,0,0,0,0,0,1,0,1,0,0,38,1201,11,171,0
0,0,27,0,5,0,0,0,1,0,1.6,0,1,0,1,0,4,0,0,0,0,0,0,1,0,1,6.094067,0,0,0,34,1201,11,174,0
0,0,24,4,5,0,0,0,1,0,1.6,0,0,0,1,0,4,0,0,1,0,0,0,0,0,1,0,1,0,1,34,1201,11,177,0
0,0,25,2,5,0,0,0,1,0,1.55,0,0,0,1,0,4,0,0,0,1,1,0,0,0,1,0,1,0,1,35,1201,11,178,0
0,0,28,0,5,0,1,0,1,0,1.6,0,1,0,1,0,4,0,0,0,0,0,1,0,0,1,0,1,0,1,26,1201,11,18,0
1,0,28,5,5,0,0,0,1,0,1.575,0,0,0,0,1,4,0,0,1,0,0,0,0,0,1,0,1,0,1,38,1201,11,183,0
1,0,25,2,5,0,0,0,1,0,1.575,0,0,0,0,1,4,0,0,0,0,1,0,0,0,1,0,1,0,0,59,1201,11,184,0
0,4,0,2,5,0,1,0,0,1,0,1,0,0,1,0,5,0,0,1,0,0,0,0,0,1,0,1,0,1,59,1201,11,188,0
0,0,27,2,5,0,0,0,1,0,1.575,0,0,0,1,0,0,0,1,1,0,0,0,0,0,1,0,1,0,0,26,1201,11,19,0
0,0,25,2,5,0,1,0,1,0,1.55,0,0,0,1,0,4,0,0,1,0,0,0,0,0,1,0,1,0,1,26,1201,11,20,0
0,0,24,4,5,0,0,0,1,0,1.6,0,0,0,0,1,4,0,0,0,0,1,0,0,0,1,0,1,1,0,26,1201,11,23,0
0,0,31,0,5,0,0,0,1,0,1.55,0,1,0,1,0,4,0,0,0,0,0,0,1,0,1,5.049275,0,0,1,26,1201,11,24,0
0,0,32,0,5,0,0,0,1,0,1.55,0,1,0,1,0,2,0,0,0,0,0,0,1,0,1,0,1,0,1,26,1201,11,25,0
0,0,21,0,5,0,0,0,1,0,1.5,0,1,0,1,0,0,0,1,1,0,0,0,0,0,1,0,1,0,0,26,1201,11,26,0
0,0,27,2,5,0,0,0,1,0,1.575,0,0,0,1,0,5,0,0,0,0,0,1,0,0,1,0,1,0,1,26,1201,11,27,0
0,0,23,3,5,0,0,0,1,0,1.5,0,0,0,0,0,4,0,0,1,0,0,0,0,0,1,0,1,0,1,26,1201,11,28,0
0,0,24,2,5,0,0,0,1,0,1.6,0,0,0,1,0,4,0,0,1,0,0,0,0,0,1,0,1,0,0,26,1201,11,29,0
0,0,24,4,5,0,1,0,1,0,1.65,0,0,0,1,0,4,0,0,1,0,0,0,0,0,1,0,1,0,1,26,1201,11,30,0
0,0,27,2,5,0,0,0,1,0,1.625,0,0,0,0,1,5,0,0,1,0,0,0,0,0,1,6.093101,0,0,1,26,1201,11,31,0
0,0,28,2,5,0,1,0,1,0,1.575,0,0,0,0,0,4,0,0,0,0,0,0,1,0,1,0,1,0,1,28,1201,11,32,0
0,0,23,2,5,0,0,0,1,0,1.575,0,0,0,1,0,5,0,0,1,0,0,0,0,0,1,0,1,0,1,26,1201,11,33,0
0,0,24,2,5,0,1,0,1,0,1.55,0,0,0,1,0,5,0,0,0,0,1,0,0,0,1,0,1,0,1,72,1201,11,42,0
0,0,23,0,5,0,0,0,1,0,1.55,0,1,0,1,0,4,0,0,0,0,1,0,0,0,1,0,1,0,1,40,1201,11,44,0
1,4,24,2,5,0,0,0,0,0,1.575,0,0,0,1,0,4,0,0,1,0,0,0,0,0,1,0,1,0,0,40,1201,11,45,0
0,0,36,2,5,0,1,0,1,0,1.575,0,0,0,1,0,5,0,0,1,0,0,0,0,0,1,0,1,0,0,40,1201,11,46,0
0,4,28,2,5,0,1,0,0,0,1.575,0,0,0,1,0,4,0,0,1,0,0,0,0,0,1,0,1,0,1,40,1201,11,47,0
0,0,25,0,5,0,0,0,1,0,1.575,0,1,0,1,0,5,0,0,0,0,1,0,0,0,1,4.91469,0,0,1,40,1201,11,48,0
0,0,26,4,5,0,1,0,1,0,1.55,0,0,0,0,0,0,0,1,1,0,0,0,0,0,1,0,1,0,0,40,1201,11,49,0
1,4,24,3,5,0,0,0,0,0,1.625,0,0,0,1,0,0,0,1,1,0,0,0,0,0,1,0,1,1,0,40,1201,11,50,0
1,0,25,2,5,0,0,0,1,0,1.55,0,0,0,1,0,4,0,0,0,1,0,0,0,0,1,4.91469,0,0,1,62,1201,11,51,0
0,0,24,2,5,0,1,0,1,0,1.575,0,0,0,1,0,4,0,0,1,0,0,0,0,0,1,0,1,0,1,59,1201,11,52,0
1,0,27,2,5,0,0,0,1,0,1.55,0,0,0,0,1,4,0,0,1,0,0,0,0,0,1,0,1,0,1,62,1201,11,53,0
0,0,28,0,5,0,1,0,1,0,1.525,0,1,0,1,0,4,0,0,1,0,0,0,0,0,1,0,1,0,0,62,1201,11,54,0
1,0,33,0,5,0,0,0,1,0,1.6,0,1,0,0,1,5,0,0,0,0,1,0,0,0,1,5.825603,0,0,0,62,1201,11,55,0
0,0,26,0,5,0,1,0,1,0,1.65,0,1,0,0,1,5,0,0,1,0,0,0,0,9.21034,0,5.50987,0,0,1,62,1201,11,56,0
0,0,22,2,5,0,0,0,1,0,1.575,0,0,0,1,0,4,0,0,0,1,0,0,0,0,1,0,1,0,0,59,1201,11,57,0
0,0,26,0,5,0,1,0,1,0,1.5,0,1,1,0,0,5,0,0,1,0,0,0,0,0,1,0,1,0,1,62,1201,11,58,0
0,4,26,2,5,0,0,0,0,0,1.525,0,0,0,0,1,5,0,0,1,0,0,0,0,0,1,0,1,0,1,62,1201,11,59,0
1,0,37,2,5,0,0,0,1,0,1.5,0,0,0,0,1,2,0,0,0,0,0,0,1,0,1,0,1,0,1,62,1201,11,60,0
0,4,24,2,5,0,0,0,0,0,1.6,0,0,0,1,0,5,0,0,1,0,0,0,0,0,1,0,1,0,0,40,1310,6,40,0
1,2,31,2,5,0,0,1,0,0,1.525,0,0,0,0,0,4,0,0,0,0,1,0,0,0,1,6.094067,0,0,1,40,1310,6,41,0
0,0,21,2,5,0,1,0,1,0,1.575,0,0,0,0,1,4,0,0,1,0,0,0,0,0,1,0,1,0,0,40,1310,6,42,0
1,0,21,4,5,0,0,0,1,0,1.475,0,0,0,0,0,5,0,0,1,0,0,0,0,0,1,0,1,0,0,62,1310,6,43,0
1,0,27,4,5,0,0,0,1,0,1.55,0,0,0,0,1,2,0,0,0,0,0,0,1,0,1,0,1,0,1,64,1310,6,66,0
1,0,30,2,5,0,0,0,1,0,1.5,0,0,0,0,0,4,0,0,1,0,0,0,0,0,1,0,1,0,1,64,1310,6,67,0
0,0,29,2,5,0,1,0,1,0,1.5,0,0,0,0,0,4,0,0,1,0,0,0,0,8.987197,0,5.049275,0,0,0,38,1310,6,71,0
1,0,24,2,5,0,0,0,1,0,1.575,0,0,0,0,1,6,0,0,0,0,1,0,0,0,1,6.094067,0,0,1,38,1310,6,80,0
1,0,23,2,5,0,0,0,1,0,1.5,0,0,0,0,1,4,0,0,1,0,0,0,0,0,1,0,1,0,1,42,1310,6,83,0
0,0,38,2,5,0,1,0,1,0,1.6,0,0,0,0,0,0,0,1,0,0,0,0,1,0,1,5.50987,0,0,1,34,1310,6,84,0
1,0,22,4,5,0,0,0,1,0,1.575,0,0,0,0,1,4,0,0,0,1,0,0,0,0,1,0,1,0,1,56,1310,6,85,0
1,0,27,0,5,0,0,0,1,0,1.575,0,1,0,0,0,4,0,0,1,0,0,0,0,0,1,0,1,0,0,38,1310,6,86,0
0,0,26,2,5,0,0,0,1,0,1.575,0,0,0,0,0,4,0,0,1,0,0,0,0,0,1,0,1,0,0,34,1310,6,88,0
1,0,34,2,5,0,0,0,1,0,1.5,0,0,0,0,1,2,0,0,0,0,0,0,1,0,1,0,1,0,0,38,1310,6,91,0
0,0,24,2,5,0,1,0,1,0,1.575,0,0,0,0,0,4,0,0,1,0,0,0,0,0,1,0,1,0,1,38,1310,6,92,0
1,0,25,2,5,0,0,0,1,0,1.55,0,0,0,0,0,1,0,0,0,0,0,0,1,0,1,0,1,0,1,34,1310,6,94,0
0,0,25,2,5,0,0,0,1,0,1.6,0,0,0,0,1,6,0,0,1,1,0,0,0,0,1,0,1,0,1,25,1310,12,48,0
0,0,23,2,5,0,0,0,1,0,1.525,0,0,0,0,1,4,0,0,1,0,0,0,0,0,1,0,1,0,1,25,1310,12,49,0
0,0,26,3,5,0,1,0,1,0,1.55,0,0,0,0,1,4,0,0,1,0,0,0,0,0,1,0,1,0,1,25,1310,12,50,0
0,0,20,0,5,0,0,0,1,0,1.5,0,1,0,0,1,4,0,0,0,0,1,0,0,0,1,0,1,0,1,25,1310,12,51,0
0,0,23,2,5,0,0,0,1,0,1.45,0,0,0,0,0,5,0,0,1,0,0,0,0,0,1,0,1,0,0,25,1310,12,52,0
0,0,27,4,5,0,0,0,1,0,1.55,0,0,0,1,0,4,0,0,0,0,1,0,0,0,1,0,1,0,1,34,1310,12,53,0
0,0,28,3,5,0,1,0,1,0,1.525,0,0,0,0,0,1,0,0,0,0,0,0,1,0,1,0,1,0,1,25,1310,12,54,0
1,6,26,2,5,0,0,0,0,0,1.65,0,0,0,1,0,6,0,0,0,0,1,0,0,0,1,0,1,0,1,25,1310,12,55,0
0,0,28,3,5,0,0,0,1,0,1.525,0,0,0,0,1,4,0,0,1,0,0,0,0,0,1,0,1,0,0,25,1310,12,56,0
0,0,33,2,5,0,1,0,1,0,1.55,0,0,0,0,0,6,0,0,1,0,0,0,0,0,1,0,1,0,0,66,1310,12,59,0
0,0,28,0,5,0,1,0,1,0,1.55,0,1,0,0,1,5,0,0,0,0,1,0,0,0,1,0,1,0,0,31,1310,12,60,0
1,0,22,4,5,0,0,0,1,0,1.6,0,0,0,0,0,4,0,0,1,0,0,0,0,0,1,0,1,0,1,62,1310,12,61,0
1,0,22,1,5,0,0,0,1,0,1.525,0,0,0,0,0,4,0,0,0,1,0,0,0,0,1,0,1,0,0,62,1310,12,62,0
0,0,31,2,5,0,1,0,1,0,1.64,0,0,0,1,0,6,0,0,0,1,1,0,0,0,1,5.40345,0,0,1,62,1310,12,63,0
0,0,30,2,5,0,1,0,1,0,1.55,0,0,0,0,1,0,0,1,0,0,0,0,1,0,1,0,1,0,1,36,1512,11,72,1
0,0,43,2,5,0,1,0,1,0,1.55,0,0,0,0,0,2,0,0,0,0,0,0,1,0,1,0,1,0,1,57,1512,11,73,1
0,0,26,0,5,0,0,0,1,0,1.6,0,1,0,1,0,5,0,0,1,0,0,0,0,0,1,5.50987,0,0,0,25,1512,13,115,0
0,2,24,2,5,0,0,1,0,0,1.5625,0,0,0,0,0,5,0,0,1,0,1,0,0,0,1,0,1,0,0,26,1512,13,116,0
0,0,34,2,5,0,1,0,1,0,1.625,0,0,0,0,1,2,0,0,0,0,0,0,1,0,1,0,1,0,1,34,1512,13,117,0
0,0,27,2,5,0,0,0,1,0,1.6,0,0,0,0,1,0,0,1,0,0,0,0,1,0,1,0,1,0,1,25,1512,13,118,0
0,0,23,4,5,0,0,0,1,0,1.55,0,0,0,0,0,2,0,0,0,0,0,0,1,0,1,0,1,0,0,25,1512,13,119,0
0,0,31,4,5,0,1,0,1,0,1.55,0,0,0,0,0,1,0,0,0,0,0,0,1,0,1,0,1,0,1,26,1512,13,120,0
0,6,37,0,5,0,1,0,0,0,1.6,0,1,0,1,0,6,0,0,0,0,1,0,0,0,1,0,1,0,1,25,1512,13,121,0
0,0,27,2,5,0,0,0,1,0,1.55,0,0,0,0,0,4,0,0,1,0,0,0,0,0,1,0,1,0,1,26,1512,13,122,0
1,0,34,2,5,0,0,0,1,0,1.575,0,0,0,0,0,6,0,0,1,0,1,0,0,0,1,5.50987,0,0,1,25,1512,13,123,0
0,0,23,2,5,0,0,0,1,0,1.55,0,0,0,0,0,5,0,0,1,0,0,0,0,0,1,0,1,0,0,26,1512,13,124,0
0,2,28,2,5,0,0,1,0,0,1.55,0,0,0,0,1,4,0,0,0,1,0,0,0,0,1,0,1,0,1,25,1512,13,125,0
0,0,22,0,5,0,0,0,1,0,1.55,0,1,1,0,0,2,0,0,0,0,0,0,1,0,1,0,1,0,0,26,1512,13,126,0
0,0,27,2,5,0,0,0,1,0,1.525,0,0,1,0,0,5,0,0,0,0,0,0,1,0,1,0,1,0,1,26,1512,13,127,0
1,0,21,2,5,0,0,0,1,0,1.575,0,0,0,1,0,0,0,1,0,0,0,0,1,0,1,0,1,0,1,26,1512,13,128,0
0,0,21,3,5,0,0,0,1,0,1.525,0,0,0,1,0,4,0,0,1,0,0,0,0,0,1,0,1,0,1,26,1512,13,129,0
0,0,26,4,5,0,1,0,1,0,1.525,0,0,0,0,0,4,0,0,1,0,0,0,0,0,1,0,1,0,0,26,1512,13,130,0
0,0,24,2,5,0,0,0,1,0,1.525,0,0,0,0,1,4,0,0,0,0,0,0,1,0,1,0,1,0,1,28,1512,13,131,0
0,0,19,4,5,0,0,0,1,0,1.55,0,0,0,0,0,0,0,1,0,0,0,0,1,0,1,0,1,0,0,26,1512,13,132,0
0,0,22,2,5,0,0,0,1,0,1.6,0,0,0,0,0,5,0,0,1,0,0,0,0,0,1,0,1,0,1,26,1512,13,133,0
1,0,21,0,5,0,0,0,1,0,1.55,0,1,0,0,0,1,0,0,0,0,0,0,1,0,1,0,1,0,0,26,1512,13,134,0
0,0,25,2,5,0,0,0,1,0,1.475,0,0,0,1,0,5,0,0,1,0,0,0,0,0,1,0,1,0,0,26,1512,13,135,0
0,0,23,1,5,0,0,0,1,0,1.5875,0,0,0,1,0,4,0,0,1,0,0,0,0,0,1,0,1,0,0,26,1512,13,136,0
0,0,30,3,5,0,0,0,1,0,1.525,0,0,0,0,0,2,0,0,0,0,0,0,1,0,1,0,1,0,1,26,1512,13,137,0
0,0,24,2,5,0,1,0,1,0,1.5,0,0,0,0,0,4,0,0,1,0,0,0,0,0,1,0,1,0,0,26,1512,13,138,0
0,0,23,2,5,0,0,0,1,0,0,1,0,0,1,0,0,0,1,0,0,0,0,1,0,1,5.50987,0,0,0,26,1512,13,139,0
0,0,26,2,5,0,1,0,1,0,1.45,0,0,0,0,1,1,0,0,0,0,0,0,1,0,1,0,1,0,0,26,1512,13,140,0
0,2,25,2,5,0,0,1,0,0,1.575,0,0,0,1,0,4,0,0,1,0,0,0,0,0,1,0,1,0,0,26,1512,13,141,0
0,0,25,3,5,0,0,0,1,0,1.6125,0,0,0,0,1,5,0,0,1,0,0,0,0,0,1,0,1,0,1,28,1512,13,142,0
0,0,30,2,5,0,1,0,1,0,1.525,0,0,0,0,0,4,0,0,1,0,0,0,0,0,1,0,1,0,1,26,1512,13,143,0
0,0,30,0,5,0,1,0,1,0,1.525,0,1,0,0,0,5,0,0,1,0,0,0,0,0,1,0,1,0,1,26,1512,13,144,0
0,0,32,2,5,0,1,0,1,0,1.575,0,0,0,0,0,4,0,0,1,0,0,0,0,0,1,0,1,0,1,26,1512,13,145,0
0,0,28,0,5,0,1,0,1,0,1.575,0,1,0,1,0,5,0,0,1,0,0,0,0,0,1,5.50987,0,0,1,34,1512,13,146,0
0,0,35,3,5,0,0,0,1,0,1.625,0,0,0,0,1,2,0,0,0,0,0,0,1,0,1,5.825603,0,0,1,26,1512,13,147,0
0,0,23,3,5,0,1,0,1,0,1.575,0,0,0,0,1,5,0,0,0,0,1,0,0,0,1,5.794884,0,0,0,26,1512,13,148,0
0,0,0,4,5,0,1,0,1,1,0,1,0,0,0,0,3,0,0,0,0,1,0,0,9.615806,0,5.825603,0,0,0,25,1512,13,149,0
0,0,38,2,5,0,0,0,1,0,1.5,0,0,0,0,0,4,0,0,1,0,0,0,0,0,1,5.50987,0,0,1,26,1512,13,150,0
0,0,31,2,5,0,0,0,1,0,1.55,0,0,0,0,0,4,0,0,1,0,0,0,0,0,1,0,1,0,0,26,1512,13,151,0
0,0,19,2,5,0,1,0,1,0,1.5,0,0,1,0,0,1,0,0,0,0,0,0,1,0,1,0,1,0,0,26,1512,13,152,0
0,0,26,2,5,0,0,0,1,0,1.6,0,0,0,0,0,5,0,0,0,0,1,0,0,0,1,5.50987,0,0,0,26,1512,13,153,0
0,0,24,1,5,0,0,0,1,0,1.525,0,0,0,0,1,4,0,0,1,0,0,0,0,0,1,0,1,0,0,26,1512,13,154,0
0,0,25,4,5,0,0,0,1,0,1.55,0,0,0,0,0,4,0,0,1,0,0,0,0,0,1,0,1,0,1,26,1512,13,155,0
0,2,27,2,5,0,0,1,0,0,1.5625,0,0,0,1,0,6,0,0,0,1,0,0,0,0,1,5.825603,0,0,0,26,1512,13,156,0
0,0,26,2,5,0,1,0,1,0,1.55,0,0,0,1,0,0,0,1,0,0,0,0,1,0,1,0,1,0,1,26,1512,13,157,0
0,0,20,0,5,0,1,0,1,0,1.5,0,1,0,1,0,0,0,1,0,0,0,0,1,0,1,0,1,0,0,26,1512,13,158,0
0,0,22,0,5,0,0,0,1,0,1.575,0,1,0,1,0,4,0,0,1,0,0,0,0,0,1,0,1,0,0,26,1512,13,159,0
1,0,20,2,5,0,0,0,1,0,1.55,0,0,0,0,1,2,0,0,0,0,0,0,1,0,1,0,1,0,0,40,1512,13,176,0
1,0,30,2,5,0,0,0,1,0,1.55,0,0,0,0,0,5,0,0,1,0,1,0,0,0,1,0,1,0,0,40,1512,13,177,0
1,0,25,2,5,0,0,0,1,0,1.65,0,0,0,0,0,4,0,0,0,0,1,0,0,0,1,0,1,0,0,40,1512,13,178,0
0,0,39,2,5,0,1,0,1,0,1.55,0,0,0,0,1,4,0,0,0,0,0,0,1,0,1,0,1,0,1,40,1512,13,179,0
0,0,21,2,5,0,1,0,1,0,0,1,0,0,1,0,0,0,1,0,0,0,0,1,0,1,0,1,1,0,40,1512,13,180,0
1,0,22,2,5,0,0,0,1,0,1.525,0,0,0,0,0,4,0,0,1,0,0,0,0,0,1,0,1,0,0,40,1512,13,181,0
0,0,23,2,5,0,0,0,1,0,1.45,0,0,0,0,0,4,0,0,0,0,1,0,0,0,1,0,1,0,1,40,1512,13,182,0
0,0,35,3,5,0,0,0,1,0,1.55,0,0,0,0,0,4,0,0,0,0,1,0,0,0,1,5.825603,0,0,1,40,1512,13,183,0
0,0,22,2,5,0,0,0,1,0,1.6,0,0,0,1,0,0,0,1,0,0,0,0,1,0,1,0,1,0,1,40,1512,13,184,0
1,0,26,4,5,0,0,0,1,0,1.55,0,0,0,0,0,0,0,1,0,0,0,0,1,0,1,5.50987,0,0,0,40,1512,13,185,0
1,0,22,2,5,0,0,0,1,0,1.55,0,0,1,0,0,4,0,0,1,0,0,0,0,0,1,0,1,0,1,40,1512,13,186,0
0,0,24,2,5,0,0,0,1,0,1.55,0,0,0,1,0,2,0,0,0,0,0,0,1,0,1,0,1,0,1,40,1512,13,187,0
1,0,28,2,5,0,0,0,1,0,1.5625,0,0,0,0,0,4,0,0,1,0,0,0,0,0,1,0,1,0,1,40,1512,13,188,0
0,0,21,2,5,0,1,0,1,0,1.575,0,0,0,0,0,4,0,0,1,0,0,0,0,0,1,0,1,0,1,40,1512,13,189,0
0,0,24,2,5,0,1,0,1,0,1.5875,0,0,0,0,1,2,0,0,0,0,0,0,1,0,1,0,1,0,1,40,1512,13,190,0
0,0,31,3,5,0,1,0,1,0,1.625,0,0,0,0,0,5,0,0,1,0,1,0,0,0,1,5.50987,0,0,1,40,1512,13,191,0
0,0,31,2,5,0,0,0,1,0,1.525,0,0,0,0,0,2,0,0,0,0,0,0,1,0,1,0,1,0,1,40,1512,13,192,0
0,0,26,0,5,0,0,0,1,0,1.55,0,1,0,0,0,5,0,0,1,0,1,0,0,0,1,0,1,0,1,40,1512,13,193,0
1,0,26,2,5,0,0,0,1,0,1.55,0,0,0,1,0,4,0,0,0,1,0,0,0,11.0021,0,0,1,0,1,40,1512,13,194,0
0,0,23,4,5,0,0,0,1,0,1.55,0,0,0,0,0,4,0,0,1,0,0,0,0,0,1,0,1,0,1,40,1512,13,195,0
0,0,33,4,5,0,0,0,1,0,1.525,0,0,0,0,1,4,0,0,1,0,0,0,0,0,1,0,1,0,1,40,1512,13,196,0
1,0,27,0,5,0,0,0,1,0,1.625,0,1,0,1,0,4,0,0,0,0,1,0,0,0,1,0,1,0,1,40,1512,13,197,0
1,0,24,0,5,0,0,0,1,0,1.525,0,1,0,0,0,3,0,0,0,1,0,0,0,0,1,0,1,0,1,40,1512,13,198,0
1,0,24,2,5,0,0,0,1,0,1.575,0,0,0,0,0,4,0,0,0,0,1,0,0,0,1,0,1,0,0,40,1512,13,199,0
0,4,22,2,5,0,0,0,0,0,1.525,0,0,1,0,0,4,0,0,1,0,0,0,0,0,1,0,1,0,1,40,1512,13,200,0
0,0,26,2,5,0,1,0,1,0,1.55,0,0,0,0,1,5,0,0,1,0,0,0,0,0,1,0,1,0,1,62,1512,13,201,0
1,0,23,2,5,0,0,0,1,0,1.5,0,0,0,1,0,4,0,0,1,0,0,0,0,0,1,0,1,0,1,62,1512,13,202,0
1,0,29,2,5,0,0,0,1,0,1.5,0,0,0,0,1,1,0,0,0,0,0,0,1,0,1,0,1,0,0,62,1512,13,203,0
1,0,24,2,5,0,0,0,1,0,1.5,0,0,0,0,0,5,0,0,1,0,0,0,0,0,1,0,1,0,1,62,1512,13,204,0
1,0,27,4,5,0,0,0,1,0,1.5,0,0,0,0,0,2,0,0,0,0,0,0,1,0,1,0,1,0,0,62,1512,13,205,0
0,0,27,2,5,0,0,0,1,0,1.6,0,0,0,1,0,4,0,0,0,1,1,0,0,0,1,0,1,0,0,62,1512,13,206,0
1,2,27,3,5,0,0,1,0,0,1.6,0,0,0,0,0,4,0,0,1,0,1,0,0,0,1,5.50987,0,0,0,62,1512,13,207,0
0,0,30,2,5,0,1,0,1,0,1.55,0,0,0,0,0,5,0,0,1,0,0,0,0,0,1,0,1,0,0,62,1512,13,208,0
1,0,24,1,5,0,0,0,1,0,1.625,0,0,0,1,0,4,0,0,1,0,0,0,0,0,1,0,1,0,0,60,1512,13,209,0
1,0,27,0,5,0,0,0,1,0,1.575,0,1,0,0,0,6,0,0,0,1,1,0,0,0,1,5.50987,0,0,1,62,1512,13,210,0
0,0,22,2,5,0,1,0,1,0,1.6,0,0,0,1,0,0,0,1,0,0,0,0,1,0,1,0,1,0,1,62,1512,13,211,0
0,0,23,2,5,0,0,0,1,0,1.575,0,0,0,0,0,0,0,1,0,0,0,0,1,0,1,0,1,0,1,59,1512,13,212,0
1,0,21,1,5,0,0,0,1,0,1.575,0,0,0,0,0,2,0,0,0,0,0,0,1,0,1,0,1,0,1,62,1512,13,213,0
0,0,28,0,5,0,1,0,1,0,1.55,0,1,0,0,0,4,0,0,0,0,0,0,1,0,1,0,1,0,0,62,1512,13,214,0
0,0,28,0,5,0,1,0,1,0,1.575,0,1,0,1,0,4,0,0,1,0,1,0,0,0,1,0,1,0,1,56,1512,14,1,0
0,0,34,2,5,0,1,0,1,0,1.55,0,0,0,0,0,4,0,0,1,0,0,0,0,0,1,0,1,0,0,34,1512,14,3,0
0,0,22,2,5,0,1,0,1,0,1.6,0,0,0,1,0,4,0,0,0,0,1,0,0,0,1,0,1,0,1,34,1512,14,4,0
1,0,25,2,5,0,0,0,1,0,1.525,0,0,0,1,0,4,0,0,1,0,0,0,0,0,1,0,1,0,1,56,1512,14,6,0
0,0,24,2,5,0,0,0,1,0,1.575,0,0,0,0,0,3,0,0,0,0,0,1,0,0,1,0,1,0,0,34,1512,14,8,0
1,0,24,2,5,0,0,0,1,0,1.525,0,0,0,1,0,4,0,0,0,0,1,0,0,0,1,0,1,0,1,38,1512,14,13,0
0,0,24,5,5,0,0,0,1,0,1.55,0,0,0,0,1,4,0,0,0,1,0,0,0,0,1,0,1,0,0,26,1512,14,15,0
0,0,24,2,5,0,0,0,1,0,1.6,0,0,0,1,0,5,0,0,1,0,0,0,0,0,1,0,1,0,1,34,1512,14,17,0
0,0,25,2,5,0,1,0,1,0,1.475,0,0,0,1,0,0,0,1,0,0,0,0,1,0,1,0,1,0,0,38,1512,14,20,0
1,0,28,2,5,0,0,0,1,0,1.575,0,0,0,0,0,4,0,0,1,0,0,0,0,0,1,0,1,0,1,38,1512,14,21,0
0,0,27,5,5,0,0,0,1,0,1.5,0,0,0,0,0,5,0,0,1,0,0,0,0,0,1,5.50987,0,0,1,34,1512,14,22,0
0,0,25,2,5,0,0,0,1,0,1.5625,0,0,0,0,0,4,0,0,1,0,0,0,0,0,1,0,1,0,1,59,1512,14,25,0
0,0,24,2,5,0,1,0,1,0,1.55,0,0,0,0,0,5,0,0,1,0,0,0,0,0,1,0,1,0,1,56,1512,14,26,0
1,4,25,2,5,0,0,0,0,0,1.55,0,0,0,1,0,4,0,0,0,0,1,0,0,0,1,0,1,0,1,31,1512,14,30,0
0,0,29,3,5,0,1,0,1,0,1.5,0,0,0,0,1,4,0,0,1,0,0,0,0,0,1,0,1,0,1,36,1512,15,34,0
1,0,25,0,5,0,0,0,1,0,1.48,0,1,0,0,1,5,0,0,1,0,1,0,0,0,1,5.50987,0,0,1,38,1512,15,49,0
0,4,22,4,5,0,0,0,0,0,1.6,0,0,0,1,0,4,0,0,0,1,0,0,0,0,1,0,1,0,1,38,1512,15,50,0
0,0,23,2,5,0,0,0,1,0,1.55,0,0,0,1,0,4,0,0,1,0,0,0,0,0,1,0,1,0,1,34,1512,15,54,0
0,0,25,2,5,0,0,0,1,0,1.575,0,0,0,1,0,4,0,0,1,0,0,0,0,0,1,0,1,0,1,34,1512,15,55,0
1,4,22,0,5,0,0,0,0,0,1.525,0,1,0,1,0,4,0,0,0,0,1,0,0,0,1,5.50987,0,0,0,59,1512,15,56,0
1,0,24,0,5,0,0,0,1,0,1.575,0,1,0,1,0,5,0,0,0,0,1,0,0,0,1,0,1,0,1,38,1512,15,57,0
1,4,24,2,5,0,0,0,0,0,1.5875,0,0,0,1,0,5,0,0,1,0,0,0,0,0,1,0,1,0,1,38,1512,15,60,0
1,0,28,0,5,0,0,0,1,0,1.525,0,1,0,0,1,5,0,0,0,0,1,0,0,0,1,0,1,0,1,38,1512,15,61,0
0,0,32,3,5,0,0,0,1,0,1.55,0,0,0,1,0,0,0,1,0,0,0,0,1,0,1,0,1,0,1,38,1512,15,62,0
1,0,22,2,5,0,0,0,1,0,1.575,0,0,0,1,0,2,0,0,0,0,0,0,1,0,1,0,1,0,0,42,1512,15,65,0
0,2,35,0,5,0,1,1,0,0,1.525,0,1,0,0,1,5,0,0,1,0,0,0,0,0,1,0,1,0,0,72,1512,15,66,0
0,0,23,4,5,0,1,0,1,0,1.55,0,0,0,0,1,5,0,0,0,0,1,0,0,0,1,0,1,0,1,34,1512,15,68,0
0,0,26,5,5,0,0,0,1,0,1.575,0,0,0,1,0,4,0,0,1,0,0,0,0,0,1,0,1,0,1,34,1512,15,70,0
0,0,24,2,5,0,1,0,1,0,1.6,0,0,0,1,0,4,0,0,1,0,0,0,0,0,1,0,1,0,1,73,1512,15,72,0
0,5,23,2,5,0,0,0,0,0,1.55,0,0,0,0,1,5,0,0,0,0,1,0,0,0,1,0,1,0,1,34,1512,15,74,0
0,0,24,3,5,0,1,0,1,0,1.525,0,0,0,1,0,5,0,0,1,0,0,0,0,0,1,5.50987,0,0,1,56,1512,15,75,0
0,0,29,2,5,0,1,0,1,0,1.575,0,0,0,0,1,4,0,0,1,0,0,0,0,0,1,0,1,0,1,43,1512,15,76,0
1,2,25,2,5,0,0,1,0,0,1.55,0,0,0,1,0,4,0,0,0,0,1,0,0,0,1,0,1,0,1,59,1512,15,77,0
0,0,24,2,5,0,1,0,1,0,1.575,0,0,0,0,1,4,0,0,1,0,0,0,0,0,1,0,1,0,1,72,1512,15,81,0
0,0,28,2,5,0,1,0,1,0,1.65,0,0,0,0,1,4,0,0,1,0,0,0,0,0,1,0,1,0,1,56,1512,15,85,0
0,0,24,2,5,0,1,0,1,0,1.525,0,0,0,1,0,6,0,0,1,0,0,0,0,0,1,0,1,0,0,72,1512,15,86,0
1,0,29,2,5,0,0,0,1,0,1.55,0,0,0,1,0,4,0,0,1,0,0,0,0,0,1,0,1,1,0,73,1512,15,88,0
0,0,22,2,5,0,1,0,1,0,1.575,0,0,0,0,1,4,0,0,1,0,0,0,0,0,1,0,1,0,0,34,1512,15,90,0
1,0,20,2,5,0,0,0,1,0,1.55,0,0,1,0,0,0,0,1,1,0,0,0,0,0,1,0,1,0,1,64,1602,10,113,0
1,0,24,2,5,0,0,0,1,0,1.65,0,0,0,1,0,4,0,0,0,0,1,0,0,0,1,5.825603,0,0,1,64,1602,10,114,0
1,0,23,3,5,0,0,0,1,0,1.55,0,0,0,0,0,4,0,0,1,0,0,0,0,0,1,0,1,0,1,64,1602,10,115,0
1,0,26,0,5,0,0,0,1,0,1.5,0,1,0,0,0,4,0,0,1,0,0,0,0,0,1,0,1,0,0,64,1602,10,116,0
0,0,26,0,5,0,1,0,1,0,1.55,0,1,0,1,0,5,0,0,1,0,0,0,0,0,1,0,1,0,0,25,1602,10,37,0
0,0,25,2,5,0,0,0,1,0,1.5875,0,0,0,0,1,4,0,0,0,0,0,0,1,0,1,0,1,0,1,38,1602,12,70,0
0,0,22,0,5,0,0,0,1,0,1.55,0,1,0,1,0,4,0,0,0,1,0,0,0,0,1,0,1,0,0,26,1602,13,175,0
0,0,32,3,5,0,0,0,1,0,1.5,0,0,0,1,0,4,0,0,1,0,0,0,0,0,1,0,1,0,1,26,1602,13,176,0
0,0,27,4,5,0,0,0,1,0,1.5,0,0,0,1,0,4,0,0,0,0,1,0,0,0,1,0,1,0,1,26,1602,13,177,0
0,0,26,4,5,0,0,0,1,0,1.55,0,0,0,1,0,5,0,0,1,0,0,0,0,0,1,5.50987,0,0,0,25,1602,13,178,0
0,0,28,4,5,0,0,0,1,0,1.5875,0,0,0,0,1,4,0,0,0,0,1,0,0,0,1,0,1,0,0,26,1602,13,179,0
0,0,30,0,5,0,0,0,1,0,1.55,0,1,0,0,1,4,0,0,1,0,0,0,0,0,1,0,1,0,1,26,1602,13,180,0
0,0,21,2,5,0,0,0,1,0,1.575,0,0,1,0,0,4,0,0,1,0,0,0,0,0,1,0,1,0,1,26,1602,13,181,0
0,0,28,2,5,0,0,0,1,0,1.55,0,0,0,1,0,4,0,0,0,1,0,0,0,0,1,0,1,0,1,26,1602,13,182,0
0,0,23,2,5,0,1,0,1,0,1.5,0,0,0,0,0,4,0,0,1,0,0,0,0,0,1,0,1,0,0,26,1602,13,183,0
0,0,26,2,5,0,0,0,1,0,1.5375,0,0,0,1,0,4,0,0,1,0,1,0,0,0,1,5.50987,0,0,1,34,1602,13,184,0
0,4,26,2,5,0,0,0,0,0,1.6,0,0,0,1,0,4,0,0,0,0,1,0,0,0,1,0,1,0,0,26,1602,13,185,0
0,2,24,3,5,0,1,1,0,0,1.625,0,0,0,1,0,5,0,0,0,0,1,0,0,0,1,0,1,0,1,26,1602,13,186,0
0,0,25,4,5,0,1,0,1,0,1.55,0,0,0,0,0,4,0,0,0,0,1,0,0,0,1,0,1,0,1,34,1602,13,187,0
0,0,25,0,5,0,0,0,1,0,1.575,0,1,1,0,0,5,0,0,1,0,0,0,0,0,1,0,1,0,0,26,1602,13,188,0
0,0,24,3,5,0,0,0,1,0,1.5,0,0,0,1,0,0,0,1,1,0,0,0,0,0,1,0,1,0,0,26,1602,13,189,0
0,0,27,4,5,0,0,0,1,0,1.55,0,0,0,1,0,2,0,0,0,0,0,0,1,0,1,5.049275,0,0,1,26,1602,13,190,0
0,0,24,2,5,0,0,0,1,0,1.625,0,0,0,1,0,4,0,0,1,0,0,0,0,0,1,0,1,0,0,26,1602,13,191,0
0,0,26,3,5,0,0,0,1,0,1.575,0,0,0,0,1,6,0,0,0,1,0,0,0,0,1,0,1,0,1,26,1602,13,192,0
0,0,43,2,5,0,0,0,1,0,0,1,0,0,1,0,0,0,1,0,0,0,0,1,0,1,5.825603,0,0,0,26,1602,13,193,0
0,0,31,2,5,0,0,0,1,0,1.55,0,0,0,1,0,5,0,0,1,0,1,0,0,0,1,0,1,0,1,26,1602,13,194,0
0,0,29,0,5,0,0,0,1,0,1.55,0,1,0,0,1,4,0,0,0,0,0,0,1,0,1,0,1,0,1,26,1602,13,195,0
0,0,31,2,5,0,0,0,1,0,1.525,0,0,0,1,0,5,0,0,1,0,0,0,0,0,1,0,1,0,1,26,1602,13,196,0
0,0,24,4,5,0,0,0,1,0,1.625,0,0,0,1,0,4,0,0,0,1,0,0,0,0,1,0,1,0,1,26,1602,13,197,0
0,0,25,2,5,0,0,0,1,0,1.525,0,0,0,1,0,4,0,0,1,0,0,0,0,0,1,0,1,0,1,26,1602,13,198,0
0,0,24,4,5,0,0,0,1,0,1.575,0,0,0,1,0,4,0,0,1,0,0,0,0,0,1,0,1,0,0,26,1602,13,199,0
0,0,29,2,5,0,0,0,1,0,1.575,0,0,0,1,0,5,0,0,0,0,1,0,0,0,1,0,1,0,1,26,1602,13,200,0
0,0,26,2,5,0,0,0,1,0,1.525,0,0,1,0,0,5,0,0,1,0,0,0,0,0,1,0,1,0,0,26,1602,13,201,0
0,0,26,2,5,0,0,0,1,0,1.575,0,0,0,1,0,5,0,0,0,0,1,0,0,0,1,0,1,0,0,26,1602,13,202,0
0,0,22,2,5,0,0,0,1,0,1.5,0,0,0,1,0,4,0,0,1,0,0,0,0,0,1,0,1,0,1,26,1602,13,203,0
0,0,35,2,5,0,0,0,1,0,1.67,0,0,0,1,0,5,0,0,1,0,0,0,0,0,1,6.093101,0,0,0,27,1602,13,204,0
0,2,25,2,5,0,0,1,0,0,1.575,0,0,0,1,0,5,0,0,1,0,0,0,0,0,1,0,1,0,1,26,1602,13,205,0
0,0,26,2,5,0,0,0,1,0,1.575,0,0,0,1,0,5,0,0,0,0,1,0,0,0,1,5.794884,0,0,1,26,1602,13,206,0
0,0,20,0,5,0,0,0,1,0,1.575,0,1,0,1,0,4,0,0,1,0,0,0,0,0,1,0,1,0,0,26,1602,13,207,0
0,2,27,2,5,0,0,1,0,0,1.575,0,0,0,0,0,5,0,0,0,0,1,0,0,0,1,0,1,0,1,26,1602,13,209,0
0,0,25,0,5,0,0,0,1,0,1.5625,0,1,1,0,0,5,0,0,0,0,1,0,0,0,1,0,1,0,1,26,1602,13,210,0
0,0,33,2,5,0,0,0,1,0,1.5,0,0,0,0,1,2,0,0,0,0,0,0,1,0,1,0,1,0,0,26,1602,13,211,0
0,0,24,2,5,0,0,0,1,0,1.575,0,0,0,1,0,4,0,0,0,0,0,0,1,0,1,0,1,0,0,72,1602,13,241,0
1,0,32,2,5,0,0,0,1,0,1.575,0,0,0,1,0,4,0,0,0,0,1,0,0,0,1,5.50987,0,0,1,72,1602,13,243,0
0,0,28,3,5,0,0,0,1,0,1.55,0,0,0,1,0,2,0,0,0,0,0,0,1,0,1,0,1,0,1,36,1602,14,1,0
1,0,28,1,5,0,0,0,1,0,1.5,0,0,0,1,0,5,0,0,1,1,0,0,0,0,1,0,1,0,1,36,1602,14,2,0
1,0,41,0,5,0,0,0,1,0,1.525,0,1,0,1,0,4,0,0,1,0,0,0,0,0,1,0,1,0,1,72,1602,14,14,0
0,0,33,2,5,0,0,0,1,0,1.55,0,0,0,0,1,2,0,0,0,0,0,0,1,0,1,0,1,0,0,34,1602,14,16,0
1,0,20,2,5,0,0,0,1,0,1.625,0,0,0,1,0,4,0,0,1,0,0,0,0,0,1,0,1,0,0,43,1602,14,18,0
0,0,28,2,5,0,1,0,1,0,1.575,0,0,0,1,0,5,0,0,1,0,0,0,0,0,1,0,1,0,0,72,1602,14,21,0
0,0,22,0,5,0,1,0,1,0,1.5,0,1,0,1,0,4,0,0,1,0,0,0,0,0,1,0,1,0,1,38,1602,14,25,0
1,0,25,2,5,0,0,0,1,0,1.5,0,0,0,1,0,4,0,0,1,0,0,0,0,0,1,0,1,1,0,73,1602,14,30,0
0,0,24,2,5,0,1,0,1,0,1.65,0,0,0,1,0,2,0,0,1,0,0,0,0,0,1,0,1,0,1,34,1602,14,32,0
0,0,29,2,5,0,0,0,1,0,1.6,0,0,0,1,0,4,0,0,1,0,0,0,0,0,1,0,1,0,1,34,1602,14,33,0
1,0,24,2,5,0,0,0,1,0,1.5,0,0,0,1,0,4,0,0,0,0,1,0,0,0,1,0,1,0,1,38,1602,14,34,0
1,0,26,0,5,0,0,0,1,0,1.55,0,1,0,0,0,4,0,0,1,0,0,0,0,0,1,0,1,1,0,34,1602,14,35,0
0,0,26,2,5,0,1,0,1,0,1.55,0,0,0,1,0,5,0,0,1,0,0,0,0,0,1,5.825603,0,0,1,38,1602,14,36,0
0,0,24,2,5,0,0,0,1,0,1.55,0,0,1,0,0,4,0,0,1,0,0,0,0,0,1,0,1,0,0,28,1602,14,37,0
0,0,22,0,5,0,0,0,1,0,1.55,0,1,0,0,0,4,0,0,0,0,1,0,0,0,1,0,1,0,0,34,1602,14,38,0
0,0,27,2,5,0,0,0,1,0,1.5,0,0,0,1,0,4,0,0,1,0,1,0,0,0,1,0,1,0,1,34,1602,14,39,0
0,0,25,3,5,0,0,0,1,0,1.6,0,0,0,0,1,5,0,0,1,1,1,0,0,0,1,5.50987,0,0,1,29,1602,14,40,0
0,0,23,2,5,0,0,0,1,0,1.55,0,0,0,1,0,4,0,0,0,0,0,0,1,0,1,0,1,0,1,34,1602,14,41,0
1,0,25,0,5,0,0,0,1,0,1.525,0,1,0,0,1,4,0,0,1,0,0,0,0,0,1,0,1,0,1,38,1602,14,48,0
0,0,25,2,5,0,0,0,1,0,1.55,0,0,0,1,0,4,0,0,1,0,1,0,0,0,1,0,1,0,1,34,1602,14,49,0
0,0,25,2,5,0,0,0,1,0,1.525,0,0,0,1,0,4,0,0,1,0,0,0,0,0,1,0,1,0,1,26,1602,14,50,0
0,0,26,2,5,0,1,0,1,0,1.575,0,0,0,1,0,5,0,0,1,0,0,0,0,0,1,0,1,0,1,59,1602,14,52,0
0,0,26,0,5,0,1,0,1,0,1.5,0,1,1,0,0,4,0,0,1,0,0,0,0,0,1,0,1,1,0,72,1602,14,54,0
0,0,28,2,5,0,1,0,1,0,1.55,0,0,0,1,0,4,0,0,0,0,0,0,1,0,1,0,1,0,0,72,1602,14,56,0
0,0,24,2,5,0,1,0,1,0,1.55,0,0,0,0,1,0,0,1,1,0,0,0,0,0,1,0,1,0,1,72,1602,14,59,0
1,0,23,0,5,0,0,0,1,0,1.375,0,1,0,0,1,0,0,1,0,0,1,0,0,0,1,0,1,0,0,42,1602,14,63,0
1,0,25,1,5,0,0,0,1,0,1.575,0,0,0,0,0,5,0,0,1,0,1,0,0,0,1,0,1,0,0,43,1602,14,66,0
0,0,30,4,5,0,0,0,1,0,1.5625,0,0,0,0,1,4,0,0,0,0,0,0,1,0,1,0,1,0,1,34,1602,14,68,0
1,0,24,0,5,0,0,0,1,0,1.5,0,1,0,1,0,5,0,0,1,0,0,0,0,0,1,0,1,0,0,72,1602,14,69,0
1,2,28,0,5,0,0,1,0,0,1.45,0,1,0,1,0,5,0,0,0,0,1,0,0,0,1,4.91469,0,0,1,38,1602,14,70,0
1,0,24,2,5,0,0,0,1,0,1.5625,0,0,1,0,0,2,0,0,1,0,0,0,0,0,1,0,1,1,0,34,1602,14,71,0
0,4,26,2,5,0,0,0,0,0,1.525,0,0,0,1,0,5,0,0,0,0,1,0,0,0,1,0,1,0,1,34,1602,14,73,0
0,0,27,1,5,0,1,0,1,0,1.55,0,0,0,0,0,2,0,0,1,0,0,0,0,0,1,0,1,0,1,56,1602,14,76,0
0,0,28,2,5,0,1,0,1,0,1.6,0,0,0,1,0,5,0,0,0,1,0,0,0,0,1,0,1,0,0,34,1602,14,77,0
0,6,26,2,5,0,1,0,0,0,1.525,0,0,0,0,1,5,0,0,0,0,1,0,0,0,1,5.50987,0,0,1,34,1602,14,78,0
0,5,25,0,5,0,1,0,0,0,1.5,0,1,0,0,1,0,0,1,0,0,0,0,1,0,1,5.50987,0,0,0,42,1602,14,79,0
1,5,25,2,5,0,0,0,0,0,1.55,0,0,0,1,0,4,0,0,1,0,0,0,0,0,1,0,1,0,0,34,1602,14,81,0
1,5,22,2,5,0,0,0,0,0,1.575,0,0,0,1,0,0,0,1,0,1,0,0,0,0,1,0,1,0,0,34,1602,14,82,0
0,0,26,0,5,0,0,0,1,0,1.6,0,1,0,1,0,5,0,0,1,0,0,0,0,0,1,0,1,0,1,34,1602,14,88,0
0,0,24,2,5,0,1,0,1,0,1.5,0,0,0,1,0,4,0,0,0,1,0,0,0,0,1,5.50987,0,0,1,34,1602,14,90,0
1,0,24,0,5,0,0,0,1,0,0,1,1,1,0,0,6,0,0,0,0,1,0,0,0,1,6.094067,0,0,1,72,1602,14,91,0
1,4,25,2,5,0,0,0,0,0,1.525,0,0,0,1,0,4,0,0,1,0,0,0,0,0,1,0,1,0,0,42,1602,14,93,0
1,0,27,2,5,0,0,0,1,0,1.5,0,0,0,1,0,4,0,0,1,0,0,0,0,0,1,0,1,0,1,38,1602,14,94,0
0,0,26,4,5,0,0,0,1,0,1.575,0,0,0,0,1,5,0,0,0,0,0,0,1,0,1,0,1,0,1,34,1602,14,95,0
1,0,26,4,5,0,0,0,1,0,1.55,0,0,0,0,0,5,0,0,1,0,0,0,0,0,1,0,1,0,1,62,1602,15,1,0
0,4,30,0,5,0,1,0,0,0,1.6375,0,1,0,0,0,5,0,0,1,0,0,0,0,0,1,5.50987,0,0,1,62,1602,15,2,0
1,0,30,2,5,0,0,0,1,0,1.55,0,0,1,0,0,4,0,0,1,0,0,0,0,0,1,0,1,1,0,62,1602,15,3,0
1,0,23,0,5,0,0,0,1,0,1.575,0,1,0,0,1,0,0,1,1,0,0,0,0,0,1,0,1,0,0,62,1602,15,4,0
0,0,25,0,5,0,0,0,1,0,1.5,0,1,0,0,0,4,0,0,1,0,0,0,0,0,1,0,1,0,0,40,1602,16,6,0
0,0,30,4,5,0,1,0,1,0,1.5,0,0,0,0,1,2,0,0,0,0,0,0,1,0,1,0,1,0,0,40,1602,16,7,0
0,4,23,2,5,0,0,0,0,0,1.6,0,0,1,0,0,5,0,0,1,0,0,0,0,0,1,0,1,0,0,40,1602,16,8,0
0,0,29,2,5,0,1,0,1,0,1.5,0,0,0,0,0,4,0,0,1,0,0,0,0,0,1,0,1,0,0,40,1602,16,9,0
0,0,26,2,5,0,1,0,1,0,1.625,0,0,0,0,0,4,0,0,1,0,0,0,0,0,1,0,1,0,1,40,1602,16,10,1
0,0,28,2,5,0,1,0,1,0,1.625,0,0,0,0,0,4,0,0,1,0,0,0,0,0,1,0,1,0,1,40,1602,16,10,1
0,0,25,4,5,0,1,0,1,0,1.5625,0,0,0,0,0,4,0,0,1,0,0,0,0,0,1,5.049275,0,0,1,40,1602,16,11,0
1,0,23,4,5,0,0,0,1,0,1.5,0,0,0,0,0,5,0,0,1,0,0,0,0,0,1,0,1,0,0,40,1602,16,12,0
0,0,20,2,5,0,1,0,1,0,1.5,0,0,0,0,0,4,0,0,0,0,0,0,1,0,1,0,1,0,1,40,1602,16,13,0
1,0,27,2,5,0,0,0,1,0,1.575,0,0,0,0,0,4,0,0,1,0,0,0,0,0,1,0,1,1,0,40,1602,16,14,0
0,2,29,0,5,0,1,1,0,0,1.5,0,1,0,0,1,5,0,0,0,0,1,0,0,0,1,5.825603,0,0,1,40,1602,16,15,0
1,0,24,2,5,0,0,0,1,0,1.55,0,0,0,1,0,4,0,0,0,0,1,0,0,0,1,0,1,0,0,40,1602,16,16,0
0,0,22,2,5,0,1,0,1,0,0,1,0,0,1,0,6,0,0,1,0,0,0,0,0,1,0,1,1,0,40,1602,16,17,0
0,0,34,2,5,0,1,0,1,0,1.55,0,0,0,0,0,4,0,0,0,0,1,0,0,8.294049,0,0,1,0,1,40,1602,16,18,0
0,0,26,2,5,0,1,0,1,0,1.55,0,0,0,0,0,4,0,0,0,0,1,0,0,0,1,0,1,0,1,40,1602,16,19,0
1,0,23,2,5,0,0,0,1,0,1.55,0,0,0,0,0,4,0,0,1,0,0,0,0,0,1,0,1,1,0,40,1602,16,20,0
0,0,40,2,5,0,1,0,1,0,1.5,0,0,0,0,0,2,0,0,1,0,0,0,0,0,1,0,1,0,0,40,1602,16,21,0
0,3,25,0,5,0,1,0,0,0,1.525,0,1,0,0,0,4,0,0,0,1,0,0,0,0,1,5.50987,0,0,1,40,1602,16,22,0
1,0,22,2,5,0,0,0,1,0,1.575,0,0,0,0,0,0,0,1,1,0,0,0,0,0,1,0,1,0,0,29,1602,16,23,0
0,0,25,2,5,0,1,0,1,0,1.55,0,0,0,0,0,5,0,0,1,0,0,0,0,0,1,0,1,0,1,40,1602,16,24,0
0,0,22,2,5,0,0,0,1,0,1.55,0,0,0,0,0,4,0,0,1,0,0,0,0,0,1,0,1,0,0,40,1602,16,25,0
1,0,26,2,5,0,0,0,1,0,1.5,0,0,0,0,0,4,0,0,0,1,1,0,0,0,1,0,1,0,0,40,1602,16,26,0
0,0,26,2,5,0,1,0,1,0,1.575,0,0,0,1,0,4,0,0,1,0,0,0,0,0,1,0,1,0,1,40,1602,16,27,0
0,5,25,0,5,0,1,0,0,0,1.55,0,1,0,0,0,5,0,0,1,0,0,0,0,0,1,0,1,0,1,40,1602,16,28,0
0,0,24,2,5,0,0,0,1,0,1.525,0,0,0,0,0,5,0,0,1,1,0,0,0,0,1,0,1,0,0,40,1602,16,29,0
0,0,24,2,5,0,0,0,1,0,1.575,0,0,0,0,0,6,0,0,0,1,0,0,0,0,1,0,1,0,0,40,1602,16,30,0
0,0,26,1,5,0,0,0,1,0,1.525,0,0,0,1,0,5,0,0,1,0,0,0,0,0,1,0,1,0,1,40,1602,16,31,0
1,0,25,4,5,0,0,0,1,0,1.5,0,0,0,0,0,5,0,0,1,0,0,0,0,0,1,0,1,0,1,62,1602,16,32,0
1,0,24,4,5,0,0,0,1,0,1.5625,0,0,0,0,0,5,0,0,0,0,1,0,0,0,1,0,1,0,1,59,1602,16,33,0
1,0,27,0,5,0,0,0,1,0,1.5,0,1,0,0,1,5,0,0,1,0,0,0,0,0,1,0,1,0,1,59,1602,16,34,0
1,0,23,2,5,0,0,0,1,0,1.575,0,0,1,0,0,5,0,0,1,0,0,0,0,0,1,0,1,0,0,59,1602,16,35,0
1,0,20,0,5,0,0,0,1,0,1.55,0,1,0,1,0,0,0,1,0,0,0,0,1,0,1,0,1,1,0,62,1602,16,36,0
0,0,26,0,5,0,1,0,1,0,1.65,0,1,1,0,0,4,0,0,0,0,0,1,0,0,1,0,1,0,0,62,1602,16,37,0
0,0,23,0,5,0,1,0,1,0,0,1,1,0,0,1,4,0,0,0,0,1,0,0,0,1,0,1,0,0,62,1602,16,38,0
0,0,31,2,5,0,1,0,1,0,1.575,0,0,0,1,0,1,0,0,0,0,0,0,1,0,1,0,1,1,0,62,1602,16,39,0
1,0,29,2,5,0,0,0,1,0,1.5,0,0,0,0,0,5,0,0,1,0,0,0,0,0,1,0,1,0,1,62,1602,16,40,0
1,0,23,0,5,0,0,0,1,0,1.525,0,1,0,0,0,4,0,0,1,0,0,0,0,0,1,0,1,0,1,59,1602,16,41,0
0,0,38,0,5,0,1,0,1,0,1.65,0,1,0,0,0,0,0,1,0,0,0,0,1,0,1,0,1,0,0,62,1602,16,42,0
0,0,25,4,5,0,1,0,1,0,1.55,0,0,0,0,1,4,0,0,0,0,1,0,0,0,1,0,1,0,1,62,1602,16,43,0
0,0,25,4,5,0,1,0,1,0,0,1,0,0,0,0,4,0,0,0,0,0,0,1,0,1,0,1,1,0,62,1602,16,44,0
1,0,23,2,5,0,0,0,1,0,1.55,0,0,0,0,0,4,0,0,0,1,0,0,0,0,1,0,1,0,0,62,1602,16,45,0
1,0,25,0,5,0,0,0,1,0,1.7,0,1,0,0,1,4,0,0,0,0,1,0,0,0,1,5.50987,0,0,1,62,1602,16,46,0
1,0,30,0,5,0,0,0,1,0,1.7,0,1,0,0,1,2,0,0,0,0,0,0,1,0,1,0,1,0,1,64,1603,10,31,1
0,0,24,2,5,0,1,0,1,0,1.5,0,0,0,1,0,4,0,0,1,0,0,0,0,0,1,0,1,0,0,73,1603,10,32,1
0,0,25,2,5,0,0,0,1,0,1.6125,0,0,0,0,0,5,0,0,1,0,0,0,0,0,1,0,1,0,1,34,1603,13,9,0
0,0,26,0,5,0,0,0,1,0,1.525,0,1,0,1,0,5,0,0,0,0,1,0,0,0,1,5.50987,0,0,1,34,1603,13,11,0
1,4,26,3,5,0,0,0,0,0,1.525,0,0,0,1,0,0,0,1,1,0,0,0,0,0,1,0,1,1,0,73,1603,13,14,0
1,0,23,2,5,0,0,0,1,0,1.575,0,0,0,1,0,4,0,0,1,0,0,0,0,0,1,0,1,0,1,73,1603,13,17,0
1,0,24,2,5,0,0,0,1,0,1.5,0,0,0,1,0,4,0,0,1,0,0,0,0,0,1,0,1,0,0,42,1603,13,18,0
0,0,29,2,5,0,1,0,1,0,1.6,0,0,0,1,0,6,0,0,0,0,1,0,0,0,1,6.094067,0,0,1,43,1603,13,20,0
0,0,22,2,5,0,0,0,1,0,1.5,0,0,0,1,0,0,0,1,1,0,0,0,0,0,1,0,1,0,0,34,1603,13,22,0
0,0,22,2,5,0,0,0,1,0,1.6,0,0,0,1,0,4,0,0,1,0,0,0,0,0,1,0,1,0,1,34,1603,13,23,0
1,0,26,2,5,0,0,0,1,0,1.55,0,0,0,1,0,4,0,0,1,0,0,0,0,0,1,0,1,0,1,72,1603,13,24,0
0,0,23,2,5,0,1,0,1,0,1.64,0,0,0,1,0,5,0,0,1,0,1,0,0,0,1,0,1,0,0,34,1603,13,29,0
0,0,26,2,5,0,1,0,1,0,1.5,0,0,0,0,1,4,0,0,0,0,0,0,1,0,1,5.50987,0,0,0,72,1603,13,31,0
1,0,24,2,5,0,0,0,1,0,1.575,0,0,0,0,1,4,0,0,1,0,0,0,0,0,1,0,1,0,0,72,1603,13,33,0
0,0,25,0,5,0,1,0,1,0,1.525,0,1,1,0,0,2,0,0,1,0,0,0,0,0,1,0,1,0,1,72,1603,13,35,0
0,0,22,3,5,0,1,0,1,0,1.6,0,0,0,0,1,0,0,1,1,0,0,0,0,0,1,0,1,0,0,73,1603,13,41,0
0,0,32,2,5,0,1,0,1,0,1.575,0,0,0,1,0,5,0,0,1,0,0,0,0,0,1,5.50987,0,0,0,72,1603,13,44,0
1,0,23,0,5,0,0,0,1,0,1.575,0,1,0,1,0,4,0,0,0,1,0,0,0,0,1,0,1,0,0,38,1603,13,45,0
1,0,29,2,5,0,0,0,1,0,1.575,0,0,0,1,0,5,0,0,1,0,0,0,0,0,1,5.50987,0,0,1,43,1603,13,46,0
0,0,24,2,5,0,1,0,1,0,1.575,0,0,0,1,0,0,0,1,1,0,0,0,0,0,1,0,1,0,1,34,1603,13,50,0
0,5,24,2,5,0,1,0,0,0,1.65,0,0,0,1,0,4,0,0,0,0,0,0,1,0,1,0,1,0,0,64,1603,14,198,0
1,0,26,3,5,0,0,0,1,0,1.575,0,0,0,1,0,0,0,1,0,0,0,0,1,0,1,0,1,0,1,64,1603,14,199,0
1,0,26,2,5,0,0,0,1,0,1.5,0,0,0,1,0,4,0,0,1,0,0,0,0,0,1,0,1,0,1,64,1603,14,200,0
0,0,25,2,5,0,1,0,1,0,1.55,0,0,0,1,0,4,0,0,1,0,0,0,0,0,1,0,1,0,1,36,1603,14,201,0
1,0,24,2,5,0,0,0,1,0,1.6,0,0,0,1,0,4,0,0,1,0,0,0,0,0,1,0,1,0,1,36,1603,14,202,0
1,0,22,2,5,0,0,0,1,0,1.625,0,0,0,1,0,0,0,1,0,1,0,0,0,0,1,0,1,0,1,36,1603,14,203,0
0,0,28,0,5,0,0,0,1,0,1.5,0,1,0,0,1,4,0,0,1,0,0,0,0,0,1,5.825603,0,0,1,26,1603,14,28,0
0,6,28,0,5,0,1,0,0,0,1.525,0,1,0,0,1,6,0,0,0,0,1,0,0,0,1,5.50987,0,0,1,26,1603,14,29,0
0,2,24,0,5,0,0,1,0,0,1.525,0,1,0,1,0,5,0,0,0,0,1,0,0,0,1,5.794884,0,0,1,26,1603,14,30,0
0,0,24,0,5,0,0,0,1,0,1.65,0,1,0,0,1,5,0,0,1,0,1,0,0,0,1,5.50987,0,0,0,26,1603,14,31,0
0,0,27,3,5,0,0,0,1,0,1.55,0,0,0,0,1,5,0,0,0,0,1,0,0,0,1,5.40345,0,0,1,26,1603,14,32,0
0,0,38,2,5,0,0,0,1,0,1.5,0,0,0,1,0,4,0,0,1,0,0,0,0,0,1,0,1,0,0,26,1603,14,34,0
0,0,26,2,5,0,1,0,1,0,1.5,0,0,0,1,0,2,0,0,0,0,0,0,1,0,1,0,1,0,1,26,1603,14,35,0
0,0,22,2,5,0,0,0,1,0,1.6,0,0,0,1,0,4,0,0,1,0,0,0,0,0,1,0,1,1,0,26,1603,14,36,0
0,0,27,2,5,0,1,0,1,0,1.575,0,0,0,1,0,5,0,0,1,0,0,0,0,0,1,0,1,0,0,34,1603,14,37,0
0,0,28,2,5,0,1,0,1,0,1.525,0,0,0,1,0,4,0,0,1,0,0,0,0,0,1,0,1,1,0,28,1603,14,38,0
0,0,29,1,5,0,0,0,1,0,0,1,0,0,0,1,6,0,0,1,0,1,0,0,0,1,0,1,0,1,26,1603,14,39,0
0,0,23,0,5,0,1,0,1,0,1.6,0,1,0,1,0,6,0,0,0,0,1,0,0,0,1,0,1,0,0,26,1603,14,40,0
0,0,37,2,5,0,0,0,1,0,1.4,0,0,0,0,0,3,0,0,0,0,0,0,1,0,1,0,1,0,1,25,1603,14,41,0
0,0,31,3,5,0,0,0,1,0,1.55,0,0,0,0,1,2,0,0,0,0,0,0,1,0,1,0,1,1,0,26,1603,14,42,0
1,0,25,0,5,0,0,0,1,0,1.65,0,1,0,1,0,0,0,1,0,1,0,0,0,0,1,0,1,0,1,40,1603,14,59,0
0,0,22,2,5,0,0,0,1,0,1.6,0,0,0,1,0,4,0,0,0,0,1,0,0,0,1,0,1,0,1,40,1603,14,60,0
1,0,24,2,5,0,0,0,1,0,1.475,0,0,0,1,0,4,0,0,1,0,0,0,0,0,1,0,1,0,1,31,1603,14,61,0
0,0,33,3,5,0,0,0,1,0,1.65,0,0,0,0,0,4,0,0,1,0,0,0,0,0,1,0,1,0,1,40,1603,14,62,0
0,0,25,2,5,0,0,0,1,0,1.55,0,0,0,0,1,5,0,0,0,0,0,0,1,0,1,0,1,0,1,40,1603,14,63,0
1,0,30,3,5,0,0,0,1,0,1.525,0,0,0,0,0,5,0,0,0,0,0,0,1,0,1,0,1,0,1,40,1603,14,64,0
0,4,23,3,5,0,1,0,0,0,0,1,0,0,0,1,4,0,0,0,1,0,0,0,0,1,0,1,0,1,31,1603,14,65,0
0,0,0,2,5,0,0,0,1,1,0,1,0,0,0,1,2,0,0,0,0,0,0,1,0,1,5.825603,0,1,0,40,1603,14,66,0
0,0,24,3,5,0,0,0,1,0,1.575,0,0,0,0,0,4,0,0,1,0,0,0,0,0,1,0,1,0,0,40,1603,14,67,0
1,0,25,2,5,0,0,0,1,0,1.5,0,0,0,1,0,4,0,0,0,0,0,0,1,0,1,0,1,0,1,31,1603,14,68,0
0,0,24,2,5,0,0,0,1,0,1.65,0,0,0,1,0,4,0,0,1,0,0,0,0,0,1,0,1,0,1,40,1603,14,69,0
0,0,23,3,5,0,0,0,1,0,1.575,0,0,0,0,1,4,0,0,0,0,1,0,0,0,1,0,1,1,0,40,1603,14,70,0
1,0,22,3,5,0,0,0,1,0,1.65,0,0,0,1,0,4,0,0,0,0,0,0,1,0,1,0,1,1,0,40,1603,14,71,0
0,0,23,2,5,0,1,0,1,0,1.525,0,0,0,1,0,4,0,0,0,0,1,0,0,0,1,5.50987,0,1,0,40,1603,14,72,0
1,0,26,0,5,0,0,0,1,0,1.575,0,1,0,1,0,4,0,0,1,0,0,0,0,0,1,0,1,0,0,40,1603,14,73,0
1,4,27,2,5,0,0,0,0,0,0,1,0,0,0,1,5,0,0,1,0,0,0,0,0,1,0,1,0,1,62,1603,14,74,0
1,0,34,3,5,0,0,0,1,0,1.45,0,0,0,1,0,2,0,0,0,0,0,0,1,0,1,0,1,0,0,62,1603,14,75,0
1,0,22,2,5,0,0,0,1,0,1.55,0,0,0,0,1,4,0,0,1,0,0,0,0,0,1,0,1,0,0,62,1603,14,76,0
1,0,25,2,5,0,0,0,1,0,1.575,0,0,0,1,0,4,0,0,1,0,0,0,0,0,1,0,1,0,0,59,1603,14,77,0
1,0,25,3,5,0,0,0,1,0,1.65,0,0,0,0,1,4,0,0,1,0,0,0,0,0,1,0,1,0,1,62,1603,14,78,0
1,0,22,2,5,0,0,0,1,0,1.625,0,0,0,1,0,0,0,1,1,0,0,0,0,0,1,0,1,1,0,62,1603,14,79,0
1,0,25,2,5,0,0,0,1,0,1.5,0,0,0,0,1,0,0,1,0,0,0,0,1,0,1,0,1,0,0,62,1603,14,80,0
1,2,24,0,5,0,0,1,0,0,1.55,0,1,0,0,1,4,0,0,0,1,0,0,0,0,1,0,1,0,1,62,1603,14,81,0
1,0,29,2,5,0,0,0,1,0,1.575,0,0,0,1,0,4,0,0,0,0,1,0,0,0,1,0,1,0,1,62,1603,14,82,0
1,2,26,0,5,0,0,1,0,0,1.6,0,1,0,1,0,4,0,0,0,0,1,0,0,0,1,5.825603,0,1,0,62,1603,14,83,0
0,4,23,2,5,0,1,0,0,0,1.5,0,0,0,1,0,4,0,0,1,0,0,0,0,0,1,0,1,0,1,59,1603,14,84,0
1,0,27,1,5,0,0,0,1,0,1.6,0,0,0,1,0,4,0,0,1,0,0,0,0,0,1,0,1,0,1,62,1603,14,85,0
0,0,20,2,5,0,0,0,1,0,1.525,0,0,0,1,0,0,0,1,0,0,0,0,1,0,1,0,1,0,0,59,1603,14,86,0
0,0,24,2,5,0,0,0,1,0,1.55,0,0,0,1,0,4,0,0,0,0,1,0,0,0,1,0,1,0,1,62,1603,14,87,0
1,0,24,2,5,0,0,0,1,0,1.525,0,0,0,0,0,4,0,0,0,0,0,0,1,0,1,0,1,0,1,25,1711,10,2,0
1,0,23,2,5,0,0,0,1,0,1.525,0,0,0,0,0,4,0,0,0,0,0,0,1,0,1,0,1,0,0,26,1711,10,3,0
0,0,24,0,5,0,0,0,1,0,1.5,0,1,0,1,0,0,0,1,0,0,0,0,1,0,1,5.50987,0,0,1,34,1711,10,6,0
1,0,26,2,5,0,0,0,1,0,1.525,0,0,0,0,0,5,0,0,0,0,0,0,1,0,1,0,1,0,1,59,1711,10,8,0
0,0,23,4,5,0,0,0,1,0,1.5,0,0,0,0,1,2,0,0,0,0,0,0,1,0,1,0,1,0,0,26,1711,10,9,0
0,0,25,2,5,0,0,0,1,0,1.525,0,0,0,1,0,5,0,0,0,0,0,0,1,0,1,0,1,0,0,34,1711,10,11,0
0,0,34,4,5,0,0,0,1,0,1.5625,0,0,0,0,0,4,0,0,0,0,0,0,1,0,1,5.50987,0,0,0,34,1711,10,16,0
1,0,25,2,5,0,0,0,1,0,1.675,0,0,0,1,0,5,0,0,0,0,0,0,1,0,1,0,1,0,0,56,1711,10,17,0
0,0,25,2,5,0,0,0,1,0,1.675,0,0,1,0,0,0,0,1,0,0,0,0,1,0,1,0,1,0,0,34,1711,10,18,0
0,0,30,0,5,0,1,0,1,0,1.55,0,1,0,0,0,4,0,0,0,0,0,0,1,0,1,5.50987,0,0,1,59,1711,10,19,0
1,0,30,4,5,0,0,0,1,0,1.55,0,0,0,0,1,5,0,0,0,0,0,0,1,0,1,0,1,0,1,56,1711,10,22,0
0,0,26,3,5,0,1,0,1,0,1.55,0,0,0,0,1,0,0,1,0,0,0,0,1,0,1,0,1,0,1,34,1711,10,23,0
0,0,26,2,5,0,1,0,1,0,1.55,0,0,0,0,1,4,0,0,0,0,0,0,1,0,1,0,1,0,0,66,1711,10,25,0
0,0,25,0,5,0,0,0,1,0,1.525,0,1,0,0,1,0,0,1,0,0,0,0,1,0,1,0,1,0,0,34,1711,10,26,0
0,0,27,0,5,0,1,0,1,0,1.575,0,1,0,0,0,4,0,0,0,0,0,0,1,0,1,0,1,0,0,38,1711,10,27,0
0,0,22,2,5,0,1,0,1,0,1.575,0,0,0,0,0,0,0,1,0,0,0,0,1,0,1,0,1,0,1,38,1711,10,28,0
1,0,27,2,5,0,0,0,1,0,1.575,0,0,0,0,0,5,0,0,0,0,0,0,1,0,1,0,1,0,0,42,1711,10,30,0
0,0,28,2,5,0,0,0,1,0,1.55,0,0,0,0,0,4,0,0,0,0,0,0,1,0,1,5.50987,0,0,0,34,1711,10,32,0
0,0,27,0,5,0,1,0,1,0,1.6,0,1,0,0,0,4,0,0,0,0,0,0,1,0,1,0,1,0,1,56,1711,10,33,0
1,0,29,2,5,0,0,0,1,0,1.475,0,0,0,0,0,5,0,0,1,0,1,0,0,0,1,5.50987,0,0,1,38,1711,10,38,0
0,0,22,2,5,0,1,0,1,0,1.5,0,0,0,1,0,4,0,0,0,0,0,0,1,0,1,0,1,0,1,34,1711,10,40,0
1,0,25,2,5,0,0,0,1,0,1.55,0,0,0,1,0,4,0,0,0,0,0,0,1,0,1,0,1,0,0,73,1711,10,42,0
1,0,24,3,5,0,0,0,1,0,1.525,0,0,0,0,1,5,0,0,0,0,0,0,1,0,1,0,1,0,0,38,1711,10,43,0
0,0,22,2,5,0,0,0,1,0,1.65,0,0,0,1,0,4,0,0,0,0,0,0,1,0,1,0,1,0,0,34,1711,10,44,0
0,0,26,3,5,0,0,0,1,0,1.575,0,0,0,1,0,5,0,0,0,0,0,0,1,0,1,0,1,0,0,34,1711,10,46,0
0,0,23,2,5,0,0,0,1,0,1.575,0,0,0,0,0,4,0,0,0,0,0,0,1,0,1,0,1,0,1,34,1711,10,48,0
0,0,23,2,5,0,0,0,1,0,1.575,0,0,0,0,0,4,0,0,0,0,0,0,1,0,1,0,1,0,0,49,1711,10,49,0
0,0,25,0,5,0,0,0,1,0,1.525,0,1,0,0,0,4,0,0,0,0,0,0,1,0,1,0,1,0,0,34,1711,10,50,0
0,0,27,2,5,0,1,0,1,0,1.5,0,0,0,1,0,4,0,0,0,0,0,0,1,0,1,0,1,0,0,34,1711,10,52,0
1,0,27,2,5,0,0,0,1,0,1.55,0,0,0,1,0,4,0,0,0,0,0,0,1,0,1,0,1,0,0,72,1711,10,54,0
1,0,24,0,5,0,0,0,1,0,1.625,0,1,0,0,0,4,0,0,0,0,0,0,1,0,1,0,1,0,0,73,1711,10,56,0
1,0,23,0,5,0,0,0,1,0,1.6,0,1,0,0,0,4,0,0,0,0,0,0,1,0,1,0,1,0,0,34,1711,10,58,0
0,0,33,2,5,0,0,0,1,0,1.6375,0,0,0,0,1,5,0,0,0,0,1,0,0,0,1,5.50987,0,0,1,34,1711,10,61,0
0,0,24,3,5,0,0,0,1,0,1.575,0,0,0,1,0,0,0,1,0,0,0,0,1,0,1,0,1,0,1,34,1711,10,62,0
0,4,21,3,5,0,1,0,0,0,1.525,0,0,0,0,0,4,0,0,0,0,0,0,1,0,1,0,1,0,1,38,1711,10,64,0
1,4,32,2,5,0,0,0,0,0,1.525,0,0,0,0,0,4,0,0,0,0,0,0,1,0,1,0,1,0,1,38,1711,10,65,0
0,0,28,0,5,0,1,0,1,0,1.575,0,1,0,0,1,5,0,0,0,0,1,0,0,0,1,0,1,0,0,34,1711,10,66,0
1,0,27,3,5,0,0,0,1,0,1.575,0,0,0,0,1,4,0,0,0,0,0,0,1,0,1,0,1,0,1,38,1711,10,69,0
0,0,25,2,5,0,0,0,1,0,1.55,0,0,0,1,0,4,0,0,0,0,0,0,1,0,1,0,1,0,1,34,1711,10,70,0
0,4,27,0,5,0,0,0,0,0,1.5,0,1,0,0,0,5,0,0,0,0,0,0,1,0,1,0,1,0,1,73,1711,10,72,0
1,0,22,2,5,0,0,0,1,0,1.625,0,0,0,0,0,4,0,0,0,0,0,0,1,0,1,0,1,0,0,38,1711,10,74,0
0,0,24,0,5,0,0,0,1,0,1.575,0,1,0,1,0,0,0,1,0,0,0,0,1,0,1,0,1,0,1,66,1711,10,79,1
0,0,22,0,5,0,0,0,1,0,1.525,0,1,0,1,0,0,0,1,0,0,0,0,1,0,1,0,1,0,1,66,1711,10,79,1
0,0,31,0,5,0,1,0,1,0,1.55,0,1,0,1,0,6,0,0,0,1,1,0,0,0,1,0,1,0,1,26,1711,11,90,0
0,0,24,2,5,0,0,0,1,0,1.525,0,0,0,1,0,4,0,0,0,0,0,0,1,0,1,0,1,0,0,99,1711,12,16,0
1,2,26,2,5,0,0,1,0,0,1.55,0,0,0,0,0,4,0,0,1,0,0,0,0,0,1,0,1,0,0,26,1711,13,141,0
0,2,28,2,5,0,0,1,0,0,1.6,0,0,0,1,0,5,0,0,0,0,0,0,1,0,1,0,1,0,1,62,1711,13,150,0
1,2,29,2,5,0,0,1,0,0,1.5,0,0,0,0,0,4,0,0,1,0,0,0,0,0,1,0,1,0,0,29,1711,13,156,0
0,0,23,2,5,0,0,0,1,0,1.575,0,0,0,1,0,0,0,1,1,0,0,0,0,0,1,0,1,0,0,25,1711,13,212,0
0,2,27,2,5,0,0,1,0,0,1.55,0,0,0,1,0,4,0,0,0,0,0,0,1,0,1,0,1,0,0,26,1711,13,213,0
0,0,23,2,5,0,0,0,1,0,1.55,0,0,0,0,0,4,0,0,0,0,0,0,1,0,1,0,1,0,0,26,1711,13,214,0
0,0,29,4,5,0,0,0,1,0,1.575,0,0,0,1,0,4,0,0,0,0,0,0,1,0,1,0,1,0,0,26,1711,13,215,0
0,2,23,2,5,0,1,1,0,0,1.5,0,0,0,0,0,4,0,0,1,0,0,0,0,0,1,0,1,0,0,26,1711,13,216,0
0,2,23,2,5,0,0,1,0,0,1.475,0,0,0,1,0,4,0,0,0,1,0,0,0,0,1,0,1,0,0,26,1711,13,217,0
0,0,31,2,5,0,0,0,1,0,1.55,0,0,0,1,0,5,0,0,1,0,1,0,0,0,1,0,1,0,1,26,1711,13,218,0
0,0,30,2,5,0,0,0,1,0,1.475,0,0,0,1,0,4,0,0,0,0,0,0,1,0,1,0,1,0,1,26,1711,13,219,0
0,0,28,3,5,0,1,0,1,0,1.625,0,0,0,1,0,5,0,0,1,0,1,0,0,0,1,5.50987,0,0,0,26,1711,13,220,0
0,0,26,2,5,0,0,0,1,0,1.575,0,0,0,0,1,4,0,0,0,0,0,0,1,0,1,6.093101,0,0,1,26,1711,13,221,0
0,0,27,2,5,0,0,0,1,0,1.625,0,0,0,1,0,4,0,0,0,0,0,0,1,0,1,0,1,0,0,26,1711,13,222,0
0,0,26,2,5,0,0,0,1,0,1.525,0,0,0,1,0,5,0,0,0,0,1,0,0,0,1,0,1,0,1,29,1711,13,223,0
0,0,28,2,5,0,1,0,1,0,1.575,0,0,0,0,1,6,0,0,0,1,0,0,0,0,1,0,1,0,1,25,1711,13,224,0
0,0,23,0,5,0,0,0,1,0,1.525,0,1,0,1,0,0,0,1,0,0,0,0,1,0,1,0,1,0,0,26,1711,13,225,0
0,0,24,3,5,0,1,0,1,0,1.525,0,0,0,1,0,4,0,0,0,0,0,0,1,0,1,0,1,0,0,26,1711,13,226,0
0,0,25,2,5,0,0,0,1,0,1.525,0,0,0,1,0,4,0,0,0,0,0,0,1,0,1,0,1,0,1,25,1711,13,227,0
0,2,25,2,5,0,1,1,0,0,1.55,0,0,0,0,1,4,0,0,0,0,1,0,0,0,1,0,1,0,0,28,1711,13,228,0
0,0,28,2,5,0,0,0,1,0,1.575,0,0,0,1,0,4,0,0,0,0,0,0,1,0,1,0,1,0,0,26,1711,13,229,0
0,0,26,3,5,0,0,0,1,0,1.575,0,0,0,1,0,2,0,0,0,0,0,0,1,0,1,0,1,0,0,26,1711,13,230,0
0,2,29,0,5,0,1,1,0,0,1.5,0,1,0,0,0,6,0,0,0,1,0,0,0,0,1,0,1,0,1,26,1711,13,231,0
0,0,24,2,5,0,0,0,1,0,1.525,0,0,1,0,0,5,0,0,1,0,0,0,0,0,1,0,1,0,0,26,1711,13,232,0
0,0,30,2,5,0,0,0,1,0,1.55,0,0,0,1,0,2,0,0,0,0,0,0,1,0,1,0,1,0,1,26,1711,13,233,0
0,0,27,2,5,0,0,0,1,0,1.5,0,0,0,1,0,5,0,0,0,0,0,0,1,0,1,0,1,0,0,26,1711,13,234,0
0,0,24,3,5,0,0,0,1,0,1.625,0,0,0,0,1,4,0,0,0,0,0,0,1,0,1,0,1,0,1,26,1711,13,235,0
1,0,24,0,5,0,0,0,1,0,1.525,0,1,0,0,0,5,0,0,0,0,1,0,0,0,1,0,1,0,0,99,1711,14,118,0
1,0,31,2,5,0,0,0,1,0,1.525,0,0,0,1,0,2,0,0,0,0,0,0,1,0,1,0,1,0,1,49,1711,14,178,0
0,0,26,2,5,0,0,0,1,0,1.575,0,0,0,1,0,5,0,0,0,0,1,0,0,0,1,5.50987,0,0,1,49,1711,14,182,0
0,4,22,2,5,0,1,0,0,0,1.55,0,0,0,1,0,0,0,1,0,0,0,1,0,0,1,0,1,0,1,64,1711,14,185,0
1,0,26,2,5,0,0,0,1,0,1.6,0,0,0,1,0,2,0,0,0,0,0,0,1,0,1,0,1,0,1,64,1711,14,186,0
0,0,24,0,5,0,1,0,1,0,1.5,0,1,0,1,0,4,0,0,0,0,0,0,1,0,1,0,1,0,1,36,1711,14,187,0
0,0,21,2,5,0,0,0,1,0,1.5,0,0,0,1,0,4,0,0,0,0,0,0,1,0,1,0,1,0,1,36,1711,14,188,0
1,0,39,2,5,0,0,0,1,0,1.575,0,0,0,1,0,1,0,0,0,0,0,0,1,0,1,0,1,0,0,36,1711,14,189,0
0,0,32,2,5,0,1,0,1,0,1.5,0,0,0,1,0,4,0,0,0,0,0,0,1,0,1,0,1,0,0,36,1711,14,190,0
1,0,22,3,5,0,0,0,1,0,1.5,0,0,0,0,0,0,0,1,0,0,0,0,1,0,1,0,1,0,0,36,1711,14,191,0
0,0,26,2,5,0,0,0,1,0,1.55,0,0,0,1,0,2,0,0,0,0,0,0,1,0,1,0,1,0,1,36,1711,14,192,0
0,0,30,2,5,0,1,0,1,0,1.6,0,0,0,1,0,4,0,0,1,0,0,0,0,0,1,0,1,0,0,36,1711,14,193,0
1,0,27,0,5,0,0,0,1,0,1.575,0,1,0,0,1,5,0,0,0,0,0,0,1,0,1,5.50987,0,0,1,73,1711,14,212,0
0,0,22,2,5,0,0,0,1,0,1.625,0,0,0,1,0,4,0,0,0,0,0,0,1,0,1,0,1,0,1,38,1711,14,214,0
1,0,31,2,5,0,0,0,1,0,1.5,0,0,0,1,0,2,0,0,0,0,0,0,1,0,1,0,1,0,1,43,1711,14,221,0
0,0,28,3,5,0,1,0,1,0,1.525,0,0,0,0,1,4,0,0,0,0,1,0,0,0,1,0,1,0,1,72,1711,14,223,0
0,2,24,0,5,0,1,1,0,0,1.6,0,1,1,0,0,5,0,0,1,0,0,0,0,0,1,0,1,0,0,73,1711,14,225,0
0,0,35,2,5,0,1,0,1,0,1.525,0,0,0,0,0,4,0,0,1,0,0,0,0,0,1,0,1,0,0,34,1711,14,227,0
0,0,27,2,5,0,1,0,1,0,1.575,0,0,0,1,0,4,0,0,0,0,1,0,0,0,1,0,1,0,0,26,1711,16,1,0
0,2,24,2,5,0,0,1,0,0,1.5,0,0,0,0,0,5,0,0,0,0,1,0,0,0,1,0,1,0,1,26,1711,16,2,0
0,0,25,0,5,0,1,0,1,0,1.525,0,1,0,0,1,6,0,0,0,1,0,0,0,0,1,0,1,0,1,43,1711,16,3,0
0,0,24,3,5,0,0,0,1,0,1.5,0,0,0,0,1,1,0,0,0,0,0,0,1,0,1,0,1,0,1,26,1711,16,4,0
0,0,23,2,5,0,0,0,1,0,1.5,0,0,0,1,0,4,0,0,0,0,0,0,1,0,1,0,1,0,1,27,1711,16,5,0
0,0,23,3,5,0,1,0,1,0,1.55,0,0,0,0,0,2,0,0,0,0,0,0,1,0,1,0,1,0,0,26,1711,16,6,0
0,0,26,0,5,0,0,0,1,0,1.525,0,1,0,1,0,5,0,0,0,0,0,0,1,0,1,0,1,0,1,26,1711,16,7,0
0,0,28,3,5,0,0,0,1,0,1.6,0,0,0,0,0,4,0,0,1,0,0,0,0,0,1,0,1,0,0,26,1711,16,8,0
0,0,26,3,5,0,0,0,1,0,1.575,0,0,0,0,0,1,0,0,0,0,0,0,1,0,1,0,1,0,1,26,1711,16,9,0
0,0,26,3,5,0,0,0,1,0,1.625,0,0,0,0,0,4,0,0,0,0,0,0,1,0,1,0,1,0,1,26,1711,16,10,0
0,0,23,2,5,0,1,0,1,0,1.6,0,0,0,0,0,4,0,0,1,0,0,0,0,0,1,0,1,0,0,28,1711,16,11,0
0,0,35,0,5,0,1,0,1,0,1.55,0,1,0,1,0,5,0,0,1,0,0,0,0,9.392662,0,5.50987,0,0,1,26,1711,16,12,0
0,2,24,2,5,0,0,1,0,0,1.575,0,0,1,0,0,0,0,1,0,0,0,0,1,0,1,0,1,0,0,26,1711,16,13,0
0,0,23,4,5,0,0,0,1,0,1.575,0,0,0,0,1,4,0,0,1,0,0,0,0,0,1,0,1,0,0,26,1711,16,14,0
0,0,27,3,5,0,0,0,1,0,1.55,0,0,0,0,1,4,0,0,0,0,0,0,1,9.10498,0,0,1,0,0,26,1711,16,15,0
0,0,24,4,5,0,0,0,1,0,1.55,0,0,0,0,1,5,0,0,0,0,1,0,0,0,1,0,1,0,0,26,1711,16,16,0
0,0,30,0,5,0,0,0,1,0,1.525,0,1,0,1,0,4,0,0,0,0,0,0,1,9.615806,0,6.094067,0,0,1,26,1711,16,17,0
0,0,28,2,5,0,1,0,1,0,1.6,0,0,0,0,0,4,0,0,1,0,0,0,0,0,1,0,1,0,1,72,1711,16,45,0
0,0,28,0,5,0,1,0,1,0,1.625,0,1,0,1,0,4,0,0,0,0,0,0,1,8.699514,0,5.40345,0,0,1,40,1711,16,50,0
0,2,21,3,5,0,0,1,0,0,1.525,0,0,0,0,0,4,0,0,1,0,0,0,0,0,1,0,1,0,0,31,1711,16,51,0
0,2,28,0,5,0,1,1,0,0,1.55,0,1,0,0,1,5,0,0,0,0,1,0,0,0,1,5.50987,0,0,0,31,1711,16,52,0
1,0,24,3,5,0,0,0,1,0,1.575,0,0,0,0,0,2,0,0,0,0,0,0,1,0,1,0,1,0,1,40,1711,16,53,0
0,0,23,2,5,0,0,0,1,0,1.5,0,0,0,0,0,4,0,0,1,0,0,0,0,0,1,0,1,0,1,40,1711,16,54,0
0,0,24,0,5,0,0,0,1,0,1.55,0,1,0,0,1,4,0,0,0,0,1,0,0,0,1,6.093101,0,0,1,40,1711,16,55,0
0,0,24,1,5,0,0,0,1,0,1.525,0,0,0,1,0,0,0,1,1,0,0,0,0,0,1,0,1,0,1,40,1711,16,56,0
1,0,26,0,5,0,0,0,1,0,1.575,0,1,0,0,0,4,0,0,0,1,0,0,0,0,1,0,1,0,1,40,1711,16,57,0
0,0,26,0,5,0,0,0,1,0,1.55,0,1,0,1,0,5,0,0,1,0,0,0,0,0,1,0,1,0,1,40,1711,16,58,0
0,0,34,2,5,0,1,0,1,0,1.575,0,0,0,0,0,6,0,0,0,0,1,0,0,0,1,6.094067,0,0,0,40,1711,16,59,0
1,0,22,3,5,0,0,0,1,0,1.5,0,0,0,0,1,0,0,1,0,0,0,0,1,0,1,4.159452,0,0,0,40,1711,16,60,0
1,0,30,0,5,0,0,0,1,0,1.55,0,1,0,1,0,4,0,0,0,0,1,0,0,0,1,0,1,0,0,40,1711,16,61,0
1,0,22,2,5,0,0,0,1,0,1.5,0,0,0,1,0,3,0,0,0,0,0,0,1,0,1,0,1,0,0,40,1711,16,62,0
0,0,21,3,5,0,0,0,1,0,1.55,0,0,0,0,1,0,0,1,0,0,0,1,0,0,1,0,1,0,0,40,1711,16,63,0
1,0,23,2,5,0,0,0,1,0,1.525,0,0,0,0,0,1,0,0,0,0,0,0,1,0,1,0,1,0,1,40,1711,16,64,0
1,0,33,3,5,0,0,0,1,0,1.6,0,0,0,0,0,4,0,0,0,0,0,0,1,0,1,0,1,0,0,40,1711,16,65,0
0,0,24,2,5,0,0,0,1,0,1.575,0,0,0,0,0,4,0,0,1,0,0,0,0,0,1,0,1,0,0,40,1711,16,66,0
1,4,29,2,5,0,0,0,0,0,1.55,0,0,0,0,0,4,0,0,0,0,0,0,1,0,1,0,1,0,1,40,1711,16,67,0
0,4,34,2,5,0,1,0,0,0,1.575,0,0,0,0,1,1,0,0,0,0,0,0,1,0,1,0,1,0,1,40,1711,16,68,0
1,0,30,3,5,0,0,0,1,0,1.6,0,0,0,0,0,4,0,0,1,0,1,0,0,0,1,0,1,0,1,40,1711,16,69,0
0,0,30,0,5,0,1,0,1,0,1.575,0,1,0,0,1,5,0,0,1,0,1,0,0,0,1,5.50987,0,0,0,40,1711,16,70,0
0,2,22,3,5,0,0,1,0,0,1.625,0,0,0,0,0,4,0,0,0,0,0,0,1,0,1,0,1,0,1,40,1711,16,71,0
1,0,26,2,5,0,0,0,1,0,1.525,0,0,0,0,1,5,0,0,1,0,0,0,0,0,1,0,1,0,0,40,1711,16,72,0
1,0,33,2,5,0,0,0,1,0,1.55,0,0,0,1,0,4,0,0,0,0,0,0,1,0,1,0,1,0,1,40,1711,16,73,0
1,0,25,0,5,0,0,0,1,0,1.6,0,1,0,1,0,4,0,0,0,0,0,0,1,0,1,0,1,0,1,62,1711,16,74,0
1,0,24,2,5,0,0,0,1,0,1.6,0,0,0,1,0,5,0,0,0,0,1,0,0,0,1,0,1,0,1,62,1711,16,75,0
1,0,23,2,5,0,0,0,1,0,1.5625,0,0,0,1,0,5,0,0,0,0,0,0,1,0,1,0,1,0,0,59,1711,16,76,0
1,0,24,2,5,0,0,0,1,0,1.525,0,0,0,0,1,4,0,0,0,0,1,0,0,0,1,0,1,0,0,62,1711,16,77,0
1,0,24,2,5,0,0,0,1,0,1.55,0,0,0,1,0,4,0,0,0,0,1,0,0,0,1,0,1,0,1,62,1711,16,78,0
1,0,26,0,5,0,0,0,1,0,1.525,0,1,0,0,0,3,0,0,0,0,0,1,0,0,1,0,1,0,1,62,1711,16,79,0
1,0,23,0,5,0,0,0,1,0,1.575,0,1,0,0,0,4,0,0,0,0,0,0,1,0,1,0,1,0,0,58,1711,16,80,0
0,0,26,0,5,0,1,0,1,0,1.6,0,1,0,1,0,6,0,0,0,0,1,0,0,0,1,6.094067,0,0,0,59,1711,16,81,0
1,2,22,2,5,0,0,1,0,0,1.5625,0,0,0,0,0,4,0,0,0,0,0,0,1,0,1,0,1,0,1,62,1711,16,82,0
1,0,24,2,5,0,0,0,1,0,1.5,0,0,0,1,0,5,0,0,1,0,0,0,0,0,1,0,1,0,1,62,1711,16,83,0
1,0,24,2,5,0,0,0,1,0,1.575,0,0,0,0,0,4,0,0,1,0,0,0,0,0,1,0,1,0,0,62,1711,16,84,0
1,0,24,0,5,0,0,0,1,0,1.65,0,1,0,1,0,0,0,1,1,0,0,0,0,0,1,0,1,0,1,62,1711,16,85,0
0,2,27,2,5,0,1,1,0,0,1.55,0,0,0,1,0,4,0,0,0,0,1,0,0,0,1,0,1,0,1,62,1711,16,86,0
1,0,25,4,5,0,0,0,1,0,1.575,0,0,0,0,0,6,0,0,1,0,0,0,0,0,1,0,1,0,0,59,1711,16,87,0
1,2,27,2,5,0,0,1,0,0,1.5,0,0,0,0,0,6,0,0,0,0,1,0,0,0,1,0,1,0,0,59,1711,16,88,0
0,5,25,0,5,0,1,0,0,0,1.6,0,1,0,0,0,0,0,1,1,0,0,0,0,0,1,0,1,0,0,59,1711,16,89,0
1,0,35,0,5,0,0,0,1,0,1.55,0,1,0,0,1,0,0,1,0,0,0,0,1,0,1,0,1,0,0,62,1711,16,90,0
1,0,24,2,5,0,0,0,1,0,1.6,0,0,0,0,0,5,0,0,1,0,0,0,0,0,1,0,1,0,1,62,1901,3,181,0
1,0,26,4,5,0,0,0,1,0,1.55,0,0,0,0,1,4,0,0,1,0,0,0,0,0,1,0,1,0,0,38,1901,11,2,0
1,0,30,0,5,0,0,0,1,0,1.55,0,1,0,0,1,0,0,1,0,0,0,0,1,0,1,5.049275,0,0,1,42,1901,11,9,0
0,0,24,0,5,0,1,0,1,0,1.625,0,1,0,1,0,0,0,1,0,0,0,0,1,0,1,0,1,0,0,38,1901,11,11,0
1,0,31,0,5,0,0,0,1,0,1.575,0,1,0,0,1,4,0,0,0,0,1,0,0,0,1,0,1,1,0,72,1901,11,12,1
1,0,28,0,5,0,0,0,1,0,1.55,0,1,0,0,1,2,0,0,0,0,0,0,1,0,1,0,1,1,0,72,1901,11,12,1
1,0,24,2,5,0,0,0,1,0,1.575,0,0,0,0,0,5,0,0,1,0,0,0,0,0,1,0,1,0,0,34,1901,11,14,0
1,4,23,2,5,0,0,0,0,0,1.575,0,0,1,0,0,4,0,0,1,0,0,0,0,0,1,0,1,0,0,59,1901,11,17,0
0,0,27,2,5,0,1,0,1,0,1.575,0,0,0,0,1,4,0,0,1,0,0,0,0,0,1,0,1,0,1,26,1901,11,194,1
1,4,31,4,5,0,0,0,0,0,1.525,0,0,0,0,0,5,0,0,1,0,0,0,0,0,1,0,1,0,1,59,1901,11,20,0
0,0,32,2,5,0,0,0,1,0,1.575,0,0,0,1,0,2,0,0,0,0,0,0,1,0,1,0,1,0,1,38,1901,11,22,0
0,0,28,4,5,0,1,0,1,0,1.6,0,0,0,0,0,5,0,0,1,0,0,0,0,0,1,0,1,0,0,65,1901,11,23,0
1,4,38,2,5,0,0,0,0,0,1.575,0,0,0,1,0,4,0,0,1,0,0,0,0,0,1,0,1,0,1,60,1901,11,27,0
1,0,28,2,5,0,0,0,1,0,1.525,0,0,0,0,0,4,0,0,1,0,0,0,0,0,1,0,1,0,1,43,1901,11,41,0
0,0,27,2,5,0,1,0,1,0,1.625,0,0,0,0,1,5,0,0,1,0,0,0,0,0,1,0,1,0,1,34,1901,11,42,0
0,0,26,2,5,0,1,0,1,0,1.55,0,0,0,0,1,4,0,0,0,0,1,0,0,0,1,0,1,0,1,38,1901,11,47,0
0,0,22,2,5,0,1,0,1,0,1.6,0,0,0,1,0,4,0,0,0,0,1,0,0,0,1,0,1,0,1,38,1901,11,48,0
1,0,23,2,5,0,0,0,1,0,1.6875,0,0,0,0,0,2,0,0,1,0,0,0,0,0,1,0,1,0,0,38,1901,11,49,0
1,0,23,4,5,0,0,0,1,0,1.55,0,0,0,0,0,4,0,0,0,0,1,0,0,0,1,0,1,0,0,56,1901,11,50,0
0,0,21,2,5,0,0,0,1,0,1.55,0,0,0,0,0,4,0,0,0,0,1,0,0,0,1,0,1,0,0,34,1901,11,51,0
0,0,22,4,5,0,0,0,1,0,1.5625,0,0,0,0,0,4,0,0,1,0,0,0,0,0,1,0,1,0,1,34,1901,11,53,0
0,0,23,0,5,0,0,0,1,0,1.5875,0,1,0,0,1,4,0,0,1,0,0,0,0,0,1,0,1,0,0,34,1901,11,54,0
0,2,26,2,5,0,0,1,0,0,1.575,0,0,0,1,0,4,0,0,0,0,1,0,0,0,1,5.825603,0,0,0,38,1901,11,56,0
0,0,22,2,5,0,0,0,1,0,1.6,0,0,0,1,0,4,0,0,1,0,0,0,0,0,1,0,1,0,1,26,1901,13,100,0
0,0,28,4,5,0,0,0,1,0,1.575,0,0,0,0,0,2,0,0,0,0,0,0,1,0,1,0,1,0,1,26,1901,13,101,0
0,0,29,2,5,0,1,0,1,0,1.55,0,0,0,1,0,4,0,0,0,1,0,0,0,0,1,6.176106,0,0,1,25,1901,13,102,0
0,0,34,0,5,0,0,0,1,0,1.575,0,1,0,0,1,5,0,0,1,0,0,0,0,0,1,5.50987,0,0,0,26,1901,13,103,0
0,0,30,4,5,0,0,0,1,0,1.5,0,0,0,1,0,2,0,0,0,0,0,0,1,0,1,0,1,0,0,26,1901,13,105,0
0,0,29,4,5,0,0,0,1,0,1.575,0,0,0,0,0,4,0,0,1,0,0,0,0,0,1,0,1,0,0,26,1901,13,106,0
1,0,22,0,5,0,0,0,1,0,1.55,0,1,0,0,0,0,0,1,0,0,0,0,1,0,1,0,1,0,0,26,1901,13,107,0
0,0,24,2,5,0,0,0,1,0,1.575,0,0,0,1,0,5,0,0,0,0,0,0,1,0,1,0,1,0,1,34,1901,13,108,0
0,2,28,2,5,0,0,1,0,0,1.575,0,0,0,1,0,5,0,0,1,0,0,0,0,0,1,0,1,0,1,26,1901,13,109,0
0,0,30,0,5,0,0,0,1,0,1.5,0,1,0,1,0,5,0,0,1,0,0,0,0,0,1,0,1,0,1,26,1901,13,110,0
0,0,34,4,5,0,0,0,1,0,1.575,0,0,0,0,0,5,0,0,1,0,1,0,0,0,1,0,1,0,1,26,1901,13,111,0
0,0,22,4,5,0,0,0,1,0,1.55,0,0,0,0,0,4,0,0,0,1,0,0,0,0,1,0,1,0,1,26,1901,13,112,0
0,0,27,0,5,0,0,0,1,0,1.6,0,1,0,0,0,2,0,0,1,0,0,0,0,0,1,0,1,0,1,26,1901,13,113,0
0,0,22,2,5,0,0,0,1,0,1.55,0,0,0,0,0,5,0,0,1,0,0,0,0,0,1,0,1,0,0,26,1901,13,114,0
0,2,25,2,5,0,0,1,0,0,1.55,0,0,1,0,0,2,0,0,0,0,0,0,1,0,1,0,1,0,0,26,1901,13,115,0
1,0,25,2,5,0,0,0,1,0,1.6,0,0,0,1,0,4,0,0,1,0,0,0,0,0,1,5.794884,0,0,1,31,1901,13,116,0
0,6,28,2,5,0,0,0,0,0,1.55,0,0,0,0,1,6,0,0,1,0,1,0,0,0,1,0,1,0,1,26,1901,13,117,0
0,0,23,2,5,0,0,0,1,0,1.6,0,0,0,1,0,4,0,0,0,0,1,0,0,0,1,0,1,0,0,26,1901,13,118,0
0,0,23,2,5,0,0,0,1,0,1.55,0,0,0,0,0,5,0,0,1,0,0,0,0,0,1,0,1,0,1,26,1901,13,119,0
1,0,28,2,5,0,0,0,1,0,1.55,0,0,0,0,0,6,0,0,1,1,1,0,0,0,1,0,1,0,1,26,1901,13,120,0
0,0,24,2,5,0,0,0,1,0,0,1,0,0,1,0,5,0,0,0,0,1,0,0,0,1,6.093101,0,0,0,40,1901,13,153,0
0,0,36,0,5,0,0,0,1,0,1.55,0,1,0,0,1,2,0,0,0,0,0,0,1,0,1,0,1,0,1,40,1901,13,154,0
0,2,22,5,5,0,1,1,0,0,1.6,0,0,0,0,1,4,0,0,0,0,1,0,0,0,1,0,1,0,1,40,1901,13,155,0
0,0,29,2,5,0,1,0,1,0,1.6,0,0,0,0,1,1,0,0,0,0,0,0,1,0,1,0,1,0,0,40,1901,13,156,0
1,0,23,2,5,0,0,0,1,0,1.65,0,0,0,1,0,4,0,0,0,0,1,0,0,0,1,5.50987,0,0,0,40,1901,13,157,0
0,6,25,2,5,0,1,0,0,0,1.6,0,0,0,1,0,6,0,0,0,0,1,0,0,0,1,6.094067,0,0,0,40,1901,13,158,0
1,0,21,0,5,0,0,0,1,0,1.6,0,1,0,0,0,4,0,0,0,0,1,0,0,0,1,6.094067,0,0,0,40,1901,13,159,0
0,0,30,2,5,0,1,0,1,0,1.5,0,0,0,0,0,4,0,0,1,0,0,0,0,0,1,0,1,0,1,40,1901,13,160,0
1,0,23,2,5,0,0,0,1,0,1.55,0,0,0,0,0,5,0,0,0,0,1,0,0,0,1,0,1,0,0,40,1901,13,161,0
1,4,28,2,5,0,0,0,0,0,1.6,0,0,0,0,0,5,0,0,1,0,1,0,0,0,1,0,1,0,1,40,1901,13,162,0
0,0,25,5,5,0,0,0,1,0,1.525,0,0,0,0,0,1,0,0,0,0,0,0,1,0,1,0,1,0,1,40,1901,13,163,0
0,0,23,2,5,0,0,0,1,0,1.55,0,0,0,0,0,4,0,0,0,1,0,0,0,0,1,0,1,0,1,40,1901,13,164,0
0,0,23,3,5,0,0,0,1,0,1.55,0,0,0,0,0,4,0,0,1,0,0,0,0,0,1,0,1,0,1,40,1901,13,165,0
0,0,28,0,5,0,1,0,1,0,1.575,0,1,0,1,0,5,0,0,1,0,0,0,0,0,1,0,1,0,1,40,1901,13,166,0
1,0,25,2,5,0,0,0,1,0,1.625,0,0,0,0,0,5,0,0,1,0,0,0,0,0,1,0,1,0,1,40,1901,13,167,0
0,0,27,4,5,0,1,0,1,0,1.5625,0,0,0,0,0,5,0,0,0,1,0,0,0,0,1,0,1,0,1,40,1901,13,168,0
0,0,28,5,5,0,1,0,1,0,1.5,0,0,0,0,0,4,0,0,1,0,0,0,0,0,1,0,1,0,1,40,1901,13,169,0
1,0,20,2,5,0,0,0,1,0,1.6,0,0,0,1,0,2,0,0,0,0,0,0,1,0,1,0,1,0,0,40,1901,13,170,0
0,0,25,0,5,0,0,0,1,0,0,1,1,0,0,0,0,0,1,0,0,0,0,1,0,1,0,1,0,1,40,1901,13,171,0
1,0,28,2,5,0,0,0,1,0,1.625,0,0,0,1,0,4,0,0,0,0,0,0,1,0,1,0,1,0,1,62,1901,13,172,0
0,0,25,0,5,0,0,0,1,0,1.525,0,1,0,1,0,4,0,0,0,0,1,0,0,0,1,0,1,0,0,59,1901,13,173,0
0,0,26,2,5,0,1,0,1,0,1.55,0,0,0,0,0,5,0,0,1,0,0,0,0,0,1,5.50987,0,0,1,59,1901,13,174,0
0,0,26,4,5,0,1,0,1,0,1.575,0,0,0,0,0,4,0,0,1,0,0,0,0,0,1,0,1,0,0,62,1901,13,175,0
0,0,26,2,5,0,1,0,1,0,1.575,0,0,0,0,0,0,0,1,0,0,0,0,1,0,1,0,1,0,1,62,1901,13,176,0
1,0,27,0,5,0,0,0,1,0,1.525,0,1,0,0,0,5,0,0,1,0,0,0,0,0,1,0,1,0,1,62,1901,13,177,0
1,0,27,2,5,0,0,0,1,0,1.55,0,0,0,0,0,4,0,0,0,1,0,0,0,0,1,0,1,0,1,60,1901,13,178,0
0,2,31,0,5,0,1,1,0,0,1.6,0,1,0,0,0,4,0,0,0,0,0,0,1,0,1,5.308418,0,0,0,62,1901,13,179,0
1,0,26,0,5,0,0,0,1,0,1.55,0,1,1,0,0,5,0,0,1,0,0,0,0,0,1,0,1,0,0,62,1901,13,180,0
1,0,25,2,5,0,0,0,1,0,1.575,0,0,0,0,1,3,0,0,0,0,1,0,0,0,1,0,1,0,1,62,1901,13,182,0
0,0,25,2,5,0,1,0,1,0,1.575,0,0,0,0,0,4,0,0,0,1,0,0,0,0,1,0,1,0,0,62,1901,13,183,0
1,0,32,2,5,0,0,0,1,0,1.525,0,0,0,0,1,4,0,0,1,0,0,0,0,0,1,0,1,0,1,59,1901,13,184,0
0,0,28,2,5,0,1,0,1,0,1.55,0,0,0,0,0,4,0,0,0,0,1,0,0,0,1,0,1,0,1,62,1901,13,185,0
1,0,21,2,5,0,0,0,1,0,1.625,0,0,0,0,0,4,0,0,0,1,0,0,0,0,1,0,1,0,1,38,1901,13,71,0
0,0,28,2,5,0,0,0,1,0,1.525,0,0,0,0,0,5,0,0,0,0,1,0,0,0,1,6.093101,0,0,1,25,1901,13,95,0
0,0,29,0,5,0,1,0,1,0,1.55,0,1,0,0,1,5,0,0,0,0,1,0,0,0,1,0,1,0,1,25,1901,13,96,0
0,0,23,2,5,0,0,0,1,0,1.5,0,0,1,0,0,4,0,0,1,0,0,0,0,0,1,0,1,0,0,34,1901,13,97,0
0,2,27,3,5,0,1,1,0,0,1.525,0,0,0,0,0,4,0,0,0,1,0,0,0,0,1,0,1,0,1,29,1901,13,98,0
0,0,33,2,5,0,1,0,1,0,1.575,0,0,0,0,1,4,0,0,0,1,0,0,0,0,1,0,1,0,1,26,1901,13,99,0
1,0,28,3,5,0,0,0,1,0,1.575,0,0,0,1,0,4,0,0,1,0,0,0,0,0,1,0,1,0,1,64,1901,15,33,0
1,0,22,4,5,0,0,0,1,0,1.575,0,0,0,0,0,4,0,0,1,0,0,0,0,0,1,0,1,0,1,36,1901,15,34,0
0,0,29,3,5,0,1,0,1,0,1.65,0,0,0,0,1,0,0,1,0,0,0,0,1,0,1,5.825603,0,0,1,36,1901,15,35,0
0,0,34,2,5,0,1,0,1,0,1.5,0,0,0,0,1,4,0,0,1,0,0,0,0,0,1,0,1,0,1,36,1901,15,36,0
0,4,29,0,5,0,1,0,0,0,1.5,0,1,0,0,1,0,0,1,0,0,0,0,1,0,1,5.049275,0,0,1,56,1901,15,46,0
1,0,24,0,5,0,0,0,1,0,1.475,0,1,0,1,0,2,0,0,0,0,0,0,1,0,1,0,1,0,0,72,1901,15,47,0
0,0,26,0,5,0,1,0,1,0,1.475,0,1,0,0,1,0,0,1,0,0,1,0,0,0,1,0,1,0,1,72,1901,15,50,0
0,0,24,2,5,0,0,0,1,0,1.55,0,0,0,0,1,6,0,0,0,0,0,0,1,0,1,0,1,0,1,34,1901,15,56,0
1,0,26,2,5,0,0,0,1,0,1.575,0,0,0,0,0,4,0,0,0,0,1,0,0,0,1,0,1,0,1,38,1901,15,58,0
0,0,27,2,5,0,0,0,1,0,1.575,0,0,0,1,0,5,0,0,1,0,0,0,0,0,1,0,1,0,0,59,1901,15,59,0
1,0,25,4,5,0,0,0,1,0,1.625,0,0,0,0,1,4,0,0,1,0,0,0,0,0,1,0,1,0,1,34,1901,15,61,0
1,2,23,2,5,0,0,1,0,0,1.6,0,0,0,0,0,5,0,0,1,0,1,0,0,0,1,0,1,0,1,38,1901,15,63,0
0,0,26,0,5,0,1,0,1,0,1.55,0,1,0,1,0,4,0,0,1,0,0,0,0,0,1,0,1,0,1,38,1901,15,64,0
0,0,25,0,5,0,0,0,1,0,1.6375,0,1,0,1,0,5,0,0,1,0,1,0,0,0,1,0,1,0,1,34,1901,15,67,0
0,0,24,2,5,0,1,0,1,0,1.575,0,0,0,1,0,4,0,0,1,0,0,0,0,0,1,0,1,0,0,66,1901,15,69,0
1,0,26,2,5,0,0,0,1,0,1.55,0,0,0,0,1,5,0,0,1,0,0,0,0,0,1,0,1,0,0,40,2010,6,108,0
1,0,21,5,5,0,0,0,1,0,1.65,0,0,0,0,1,0,0,1,0,0,0,0,1,0,1,0,1,0,0,40,2010,6,109,0
1,0,21,4,5,0,0,0,1,0,1.525,0,0,0,0,1,0,0,1,1,0,0,0,0,0,1,0,1,0,0,40,2010,6,110,0
0,0,32,2,5,0,1,0,1,0,1.6,0,0,1,0,0,4,0,0,0,0,0,0,1,0,1,0,1,0,1,40,2010,6,111,0
1,4,29,5,5,0,0,0,0,0,1.475,0,0,0,0,1,2,0,0,0,0,0,0,1,0,1,0,1,0,1,40,2010,6,112,0
1,0,28,4,5,0,0,0,1,0,1.55,0,0,0,0,0,0,0,1,0,1,0,0,0,0,1,0,1,0,0,40,2010,6,113,0
1,0,27,2,5,0,0,0,1,0,1.5,0,0,0,1,0,4,0,0,1,0,0,0,0,0,1,0,1,0,0,40,2010,6,114,0
0,0,22,2,5,0,0,0,1,0,1.55,0,0,1,0,0,0,0,1,0,1,0,0,0,0,1,0,1,0,1,40,2010,6,115,0
0,2,23,2,5,0,0,1,0,0,1.575,0,0,0,1,0,4,0,0,1,0,0,0,0,0,1,0,1,0,1,40,2010,6,116,0
1,0,27,0,5,0,0,0,1,0,1.55,0,1,0,0,1,5,0,0,1,0,0,0,0,0,1,0,1,0,1,40,2010,6,117,0
0,0,24,2,5,0,0,0,1,0,1.55,0,0,0,0,1,4,0,0,1,0,0,0,0,0,1,0,1,0,1,59,2010,6,118,0
1,0,21,0,5,0,0,0,1,0,1.6,0,1,1,0,0,0,0,1,1,0,0,0,0,0,1,0,1,0,0,62,2010,6,119,0
0,0,32,2,5,0,1,0,1,0,1.55,0,0,0,0,0,1,0,0,0,0,0,0,1,0,1,0,1,0,1,62,2010,6,120,1
0,0,28,4,5,0,1,0,1,0,1.625,0,0,0,0,0,2,0,0,0,0,0,0,1,0,1,0,1,0,1,62,2010,6,120,1
0,0,22,1,5,0,1,0,1,0,1.525,0,0,0,1,0,4,0,0,1,0,0,0,0,0,1,0,1,0,1,60,2010,6,121,0
0,0,23,4,5,0,0,0,1,0,1.55,0,0,0,0,0,4,0,0,1,0,0,0,0,0,1,0,1,0,1,26,2010,6,91,0
0,2,25,5,5,0,0,1,0,0,1.575,0,0,0,0,1,4,0,0,1,0,0,0,0,0,1,0,1,0,0,26,2010,6,92,0
0,0,25,5,5,0,0,0,1,0,1.525,0,0,0,0,1,4,0,0,0,0,1,0,0,0,1,0,1,0,1,26,2010,6,93,0
0,0,28,0,5,0,1,0,1,0,1.525,0,1,0,1,0,4,0,0,1,0,0,0,0,8.294049,0,0,1,0,0,26,2010,6,94,0
0,0,29,2,5,0,1,0,1,0,1.575,0,0,0,1,0,5,0,0,1,0,0,0,0,0,1,0,1,0,0,26,2010,6,95,0
0,2,22,2,5,0,0,1,0,0,1.575,0,0,1,0,0,4,0,0,1,0,0,0,0,0,1,0,1,0,1,26,2010,6,96,0
0,0,31,2,5,0,1,0,1,0,0,1,0,0,0,1,0,0,1,0,0,0,0,1,0,1,0,1,0,0,62,2010,10,57,1
0,0,24,0,5,0,1,0,1,0,1.6,0,1,0,0,1,4,0,0,1,0,0,0,0,0,1,0,1,0,1,64,2010,12,26,0
0,0,26,2,5,0,1,0,1,0,1.575,0,0,0,0,1,3,0,0,0,0,0,0,1,0,1,0,1,0,1,36,2010,12,27,0
1,0,34,3,5,0,0,0,1,0,1.525,0,0,0,0,1,4,0,0,1,0,0,0,0,0,1,0,1,0,1,56,2010,12,32,0
0,0,27,0,5,0,1,0,1,0,1.55,0,1,0,1,0,5,0,0,1,0,1,0,0,0,1,5.50987,0,0,1,34,2010,12,44,0
1,0,24,2,5,0,0,0,1,0,1.5,0,0,0,0,1,4,0,0,1,0,0,0,0,0,1,0,1,0,1,34,2010,12,45,0
1,0,24,0,5,0,0,0,1,0,1.575,0,1,0,0,1,4,0,0,0,0,1,0,0,0,1,0,1,0,0,43,2010,12,47,0
1,0,25,3,5,0,0,0,1,0,1.5,0,0,0,0,1,5,0,0,1,0,0,0,0,0,1,0,1,0,1,38,2010,12,49,0
0,6,28,3,5,0,1,0,0,0,1.575,0,0,0,0,1,2,0,0,0,0,0,0,1,0,1,0,1,0,1,38,2010,12,50,0
0,0,22,5,5,0,1,0,1,0,1.575,0,0,0,0,1,4,0,0,1,0,0,0,0,0,1,0,1,0,1,43,2010,12,51,0
1,0,25,1,5,0,0,0,1,0,1.575,0,0,1,0,0,4,0,0,1,0,0,0,0,0,1,0,1,0,1,31,2010,12,52,0
0,0,25,2,5,0,1,0,1,0,1.55,0,0,0,0,1,0,0,1,1,0,0,0,0,0,1,0,1,0,0,73,2010,12,53,0
1,0,36,4,5,0,0,0,1,0,1.65,0,0,0,1,0,5,0,0,1,0,0,0,0,0,1,0,1,0,0,72,2212,11,8,0
1,0,28,3,5,0,0,0,1,0,1.575,0,0,0,0,0,5,0,0,1,0,0,0,0,0,1,0,1,0,1,40,2212,11,10,0
1,2,27,2,5,0,0,1,0,0,1.575,0,0,0,1,0,0,0,1,0,0,0,0,1,0,1,0,1,0,0,40,2212,11,11,0
0,0,23,0,5,0,0,0,1,0,1.55,0,1,0,1,0,4,0,0,0,0,1,0,0,0,1,0,1,0,1,40,2212,11,12,0
0,0,24,2,5,0,0,0,1,0,1.55,0,0,0,0,0,4,0,0,1,0,0,0,0,0,1,0,1,0,0,40,2212,11,13,0
0,0,25,2,5,0,1,0,1,0,1.525,0,0,0,0,0,4,0,0,1,0,0,0,0,0,1,0,1,0,1,40,2212,11,14,0
1,6,26,4,5,0,0,0,0,0,1.575,0,0,0,0,0,0,0,1,0,0,0,0,1,0,1,0,1,0,0,40,2212,11,15,0
0,0,38,0,5,0,0,0,1,0,1.55,0,1,0,0,1,4,0,0,1,0,0,0,0,0,1,5.50987,0,0,1,40,2212,11,16,0
0,0,24,4,5,0,0,0,1,0,1.475,0,0,0,0,1,4,0,0,0,1,0,0,0,0,1,0,1,0,0,40,2212,11,17,0
1,0,26,3,5,0,0,0,1,0,1.575,0,0,0,0,0,4,0,0,1,0,0,0,0,0,1,0,1,0,1,40,2212,11,18,0
0,0,23,2,5,0,1,0,1,0,1.5,0,0,0,0,0,4,0,0,0,0,0,0,1,0,1,0,1,0,0,62,2212,11,19,0
1,0,26,1,5,0,0,0,1,0,1.525,0,0,0,0,0,5,0,0,0,1,0,0,0,0,1,0,1,0,1,62,2212,11,20,0
1,0,38,4,5,0,0,0,1,0,1.55,0,0,0,1,0,4,0,0,1,0,0,0,0,0,1,0,1,0,1,73,2212,12,125,0
1,4,34,2,5,0,0,0,0,0,1.575,0,0,0,1,0,0,0,1,0,0,0,0,1,0,1,0,1,0,0,40,2212,13,100,0
0,0,33,4,5,0,0,0,1,0,1.625,0,0,0,0,1,2,0,0,0,0,0,0,1,0,1,0,1,0,0,40,2212,13,101,0
0,0,24,2,5,0,1,0,1,0,1.55,0,0,0,0,1,4,0,0,1,0,0,0,0,0,1,0,1,0,1,40,2212,13,102,0
1,0,26,3,5,0,0,0,1,0,1.575,0,0,0,0,1,4,0,0,0,1,0,0,0,0,1,0,1,0,0,40,2212,13,103,0
0,0,25,2,5,0,1,0,1,0,1.575,0,0,0,1,0,5,0,0,0,0,1,0,0,0,1,0,1,0,1,40,2212,13,104,0
0,0,28,2,5,0,1,0,1,0,1.55,0,0,0,1,0,4,0,0,1,0,0,0,0,0,1,0,1,0,0,40,2212,13,105,0
1,0,22,4,5,0,0,0,1,0,1.575,0,0,0,0,1,4,0,0,0,0,1,0,0,0,1,0,1,0,0,40,2212,13,106,0
0,0,27,3,5,0,0,0,1,0,1.575,0,0,0,0,1,5,0,0,1,0,0,0,0,0,1,0,1,0,1,40,2212,13,107,0
0,0,22,2,5,0,1,0,1,0,1.6,0,0,0,0,1,6,0,0,1,1,0,0,0,0,1,0,1,0,1,40,2212,13,108,0
0,0,28,2,5,0,1,0,1,0,1.525,0,0,0,0,1,5,0,0,1,0,0,0,0,0,1,0,1,0,1,40,2212,13,109,0
0,0,20,4,5,0,1,0,1,0,1.5,0,0,0,0,1,4,0,0,0,1,0,0,0,0,1,0,1,0,0,41,2212,13,110,0
1,0,27,2,5,0,0,0,1,0,1.55,0,0,0,0,1,4,0,0,1,0,0,0,0,0,1,0,1,0,1,40,2212,13,111,0
1,0,29,2,5,0,0,0,1,0,1.5,0,0,0,0,1,4,0,0,1,0,0,0,0,0,1,0,1,0,0,40,2212,13,112,0
0,6,26,2,5,0,0,0,0,0,1.55,0,0,0,1,0,5,0,0,0,0,1,0,0,0,1,6.094067,0,0,1,40,2212,13,113,0
0,0,25,2,5,0,1,0,1,0,1.55,0,0,0,0,1,2,0,0,0,0,0,0,1,0,1,0,1,0,1,40,2212,13,114,0
1,0,25,3,5,0,0,0,1,0,1.625,0,0,0,0,1,4,0,0,0,0,1,0,0,0,1,0,1,0,1,40,2212,13,115,0
1,0,23,0,5,0,0,0,1,0,1.525,0,1,0,0,1,4,0,0,0,0,1,0,0,0,1,0,1,0,0,40,2212,13,116,0
0,0,29,3,5,0,0,0,1,0,1.62,0,0,0,1,0,4,0,0,0,0,1,0,0,0,1,6.093101,0,0,1,40,2212,13,117,0
1,0,24,0,5,0,0,0,1,0,1.575,0,1,0,0,1,6,0,0,0,1,1,0,0,0,1,0,1,0,1,40,2212,13,118,0
0,0,24,2,5,0,1,0,1,0,1.55,0,0,1,0,0,4,0,0,0,0,1,0,0,0,1,0,1,0,1,59,2212,13,119,0
0,0,25,2,5,0,1,0,1,0,1.525,0,0,0,1,0,0,0,1,0,0,0,0,1,0,1,0,1,0,1,62,2212,13,120,0
0,0,27,0,5,0,1,0,1,0,1.5,0,1,0,0,1,5,0,0,1,0,1,0,0,0,1,0,1,0,1,59,2212,13,121,0
1,0,24,0,5,0,0,0,1,0,1.625,0,1,0,0,1,4,0,0,0,1,0,0,0,0,1,0,1,0,1,62,2212,13,122,0
0,0,19,4,5,0,1,0,1,0,1.575,0,0,0,0,1,2,0,0,0,0,0,0,1,0,1,0,1,0,0,62,2212,13,123,0
1,0,26,2,5,0,0,0,1,0,1.55,0,0,0,0,1,4,0,0,0,0,0,0,1,0,1,0,1,0,0,62,2212,13,124,0
1,0,25,2,5,0,0,0,1,0,1.55,0,0,0,1,0,1,0,0,0,0,0,0,1,0,1,0,1,0,0,60,2212,13,125,0
1,0,35,2,5,0,0,0,1,0,1.525,0,0,0,0,1,4,0,0,1,0,0,0,0,0,1,0,1,0,1,59,2212,13,126,0
0,0,26,2,5,0,0,0,1,0,1.525,0,0,0,1,0,5,0,0,1,0,0,0,0,0,1,0,1,0,1,62,2212,13,127,0
0,0,25,0,5,0,1,0,1,0,1.575,0,1,0,0,0,5,0,0,0,0,1,0,0,0,1,0,1,0,1,62,2212,13,128,0
1,0,29,2,5,0,0,0,1,0,1.55,0,0,0,1,0,4,0,0,1,0,0,0,0,0,1,0,1,0,1,62,2212,13,129,0
0,2,0,2,5,0,1,1,0,1,1.6375,0,0,0,1,0,5,0,0,0,0,1,0,0,0,1,0,1,0,0,62,2212,13,130,0
1,0,28,2,5,0,0,0,1,0,1.55,0,0,0,1,0,4,0,0,0,0,0,0,1,0,1,0,1,0,1,59,2212,13,131,0
0,0,22,0,5,0,1,0,1,0,1.6125,0,1,0,1,0,2,0,0,0,0,0,0,1,0,1,0,1,0,0,62,2212,13,132,0
1,0,0,2,5,0,0,0,1,1,1.575,0,0,0,0,1,4,0,0,0,0,0,0,1,0,1,5.50987,0,0,1,62,2212,13,133,0
1,0,24,4,5,0,0,0,1,0,1.55,0,0,0,0,1,4,0,0,0,0,1,0,0,0,1,0,1,0,1,62,2212,13,134,0
0,4,32,0,5,0,1,0,0,0,1.525,0,1,0,0,1,5,0,0,1,0,0,0,0,0,1,5.50987,0,0,1,43,2212,13,47,0
1,0,32,2,5,0,0,0,1,0,1.5,0,0,0,0,1,6,0,0,0,0,1,0,0,0,1,5.825603,0,0,1,42,2212,13,50,0
0,0,26,2,5,0,0,0,1,0,1.625,0,0,0,0,1,5,0,0,1,0,0,0,0,0,1,0,1,0,0,26,2212,13,52,0
0,0,25,3,5,0,0,0,1,0,1.6,0,0,0,0,1,6,0,0,0,1,1,0,0,0,1,0,1,0,1,26,2212,13,53,0
0,0,24,2,5,0,0,0,1,0,1.525,0,0,0,1,0,4,0,0,1,0,0,0,0,0,1,0,1,0,0,26,2212,13,54,0
0,2,31,0,5,0,0,1,0,0,1.55,0,1,0,0,1,4,0,0,1,0,0,0,0,0,1,5.825603,0,0,1,26,2212,13,55,0
0,0,22,2,5,0,0,0,1,0,1.525,0,0,0,0,1,5,0,0,1,0,0,0,0,0,1,0,1,0,1,26,2212,13,56,0
0,0,25,2,5,0,0,0,1,0,1.575,0,0,0,0,1,5,0,0,1,0,0,0,0,0,1,0,1,0,1,26,2212,13,57,0
0,0,26,2,5,0,0,0,1,0,1.575,0,0,0,1,0,4,0,0,1,0,0,0,0,0,1,0,1,0,1,26,2212,13,58,0
0,0,29,2,5,0,1,0,1,0,1.55,0,0,0,0,1,4,0,0,0,0,1,0,0,0,1,5.50987,0,0,0,27,2212,13,59,0
0,0,22,2,5,0,0,0,1,0,1.575,0,0,1,0,0,4,0,0,1,0,0,0,0,0,1,0,1,1,0,26,2212,13,60,0
0,0,23,1,5,0,0,0,1,0,1.525,0,0,0,1,0,4,0,0,1,0,0,0,0,0,1,0,1,0,0,26,2212,13,61,0
0,2,25,2,5,0,0,1,0,0,1.55,0,0,0,0,1,5,0,0,1,0,0,0,0,0,1,0,1,0,1,26,2212,13,62,0
1,0,26,2,5,0,0,0,1,0,1.6,0,0,1,0,0,5,0,0,1,0,0,0,0,0,1,0,1,0,1,26,2212,13,63,0
0,0,22,2,5,0,0,0,1,0,1.55,0,0,0,1,0,4,0,0,1,0,0,0,0,0,1,0,1,0,0,26,2212,13,64,0
1,0,26,4,5,0,0,0,1,0,1.5375,0,0,0,0,1,5,0,0,0,0,1,0,0,0,1,0,1,0,1,26,2212,13,65,0
0,0,24,0,5,0,1,0,1,0,1.525,0,1,0,1,0,6,0,0,1,0,0,0,0,0,1,0,1,0,0,26,2212,13,66,0
0,0,28,0,5,0,1,0,1,0,0,1,1,0,0,1,5,0,0,1,0,0,0,0,0,1,5.50987,0,0,1,26,2212,13,67,0
1,0,22,0,5,0,0,0,1,0,1.55,0,1,0,0,1,5,0,0,1,0,0,0,0,0,1,0,1,0,1,26,2212,13,68,0
0,0,25,4,5,0,0,0,1,0,1.5,0,0,0,0,1,4,0,0,1,0,0,0,0,0,1,0,1,0,0,25,2212,13,69,0
0,0,23,2,5,0,0,0,1,0,1.525,0,0,0,1,0,4,0,0,0,0,1,0,0,0,1,0,1,0,0,26,2212,13,70,0
0,0,29,2,5,0,0,0,1,0,1.6,0,0,0,0,1,6,0,0,0,1,0,0,0,0,1,0,1,0,1,26,2212,13,71,0
0,4,35,2,5,0,1,0,0,0,1.4,0,0,0,0,1,4,0,0,0,0,1,0,0,0,1,0,1,0,1,25,2212,13,72,0
0,0,30,0,5,0,1,0,1,0,1.6,0,1,0,1,0,5,0,0,1,0,0,0,0,0,1,0,1,0,0,26,2212,13,73,0
0,0,24,0,5,0,1,0,1,0,1.575,0,1,0,0,1,5,0,0,1,0,0,0,0,0,1,0,1,0,0,72,2212,13,97,0
0,0,26,2,5,0,0,0,1,0,1.55,0,0,0,1,0,4,0,0,0,0,1,0,0,0,1,0,1,0,0,26,2212,14,127,0
0,0,26,2,5,0,0,0,1,0,1.525,0,0,0,1,0,5,0,0,1,0,0,0,0,0,1,5.50987,0,0,1,34,2212,15,3,0
0,0,22,2,5,0,0,0,1,0,1.575,0,0,0,1,0,4,0,0,0,0,1,0,0,0,1,0,1,0,1,34,2212,15,5,0
1,0,25,2,5,0,0,0,1,0,1.525,0,0,0,0,1,5,0,0,1,0,0,0,0,0,1,5.50987,0,0,1,42,2212,15,8,0
0,0,26,2,5,0,1,0,1,0,1.525,0,0,0,1,0,6,0,0,0,0,1,0,0,0,1,6.094067,0,0,1,72,2212,15,11,0
0,4,26,2,5,0,0,0,0,0,1.575,0,0,1,0,0,4,0,0,1,0,0,0,0,0,1,5.50987,0,0,1,34,2212,15,14,0
0,2,24,2,5,0,0,1,0,0,1.575,0,0,1,0,0,5,0,0,0,0,1,0,0,0,1,0,1,0,1,29,2212,15,17,0
1,0,34,0,5,0,0,0,1,0,0,1,1,0,0,1,4,0,0,0,0,0,0,1,0,1,0,1,0,1,62,2212,15,69,1
1,0,25,2,5,0,0,0,1,0,1.6,0,0,0,1,0,0,0,1,0,0,0,0,1,0,1,0,1,0,1,64,2212,16,23,0
1,0,27,2,5,0,0,0,1,0,0,1,0,1,0,0,1,0,0,0,0,1,0,0,0,1,0,1,0,1,56,2212,16,27,0
0,0,30,4,5,0,1,0,1,0,1.525,0,0,0,0,1,4,0,0,1,0,0,0,0,0,1,5.50987,0,0,1,56,2212,16,33,0
0,0,32,2,5,0,1,0,1,0,1.6,0,0,0,0,1,0,0,1,0,0,0,1,0,0,1,0,1,0,1,73,2212,16,37,0
1,0,34,2,5,0,0,0,1,0,1.6,0,0,0,0,1,6,0,0,1,0,1,0,0,0,1,5.50987,0,0,1,38,2212,16,39,0
1,0,31,3,5,0,0,0,1,0,1.6,0,0,0,1,0,4,0,0,1,0,0,0,0,0,1,0,1,0,1,66,2212,16,41,0
0,2,25,0,5,0,1,1,0,0,1.55,0,1,0,0,1,4,0,0,1,0,0,0,0,0,1,0,1,0,1,72,2212,16,42,0
0,0,23,4,5,0,0,0,1,0,1.575,0,0,0,1,0,6,0,0,0,1,0,0,0,0,1,0,1,0,1,34,2212,16,43,0
0,0,26,2,5,0,0,0,1,0,1.575,0,0,0,1,0,4,0,0,1,0,0,0,0,0,1,0,1,0,1,34,2212,16,44,0
0,4,31,2,5,0,0,0,0,0,1.625,0,0,0,1,0,5,0,0,1,0,1,0,0,0,1,5.50987,0,0,1,34,2212,16,45,0
1,0,30,5,5,0,0,0,1,0,1.525,0,0,0,1,0,4,0,0,1,0,0,0,0,0,1,0,1,0,1,38,2212,16,46,0
1,0,26,2,5,0,0,0,1,0,1.525,0,0,0,0,1,6,0,0,0,0,1,0,0,0,1,6.094067,0,0,1,38,2212,16,51,0
0,0,28,1,5,0,0,0,1,0,1.55,0,0,1,0,0,4,0,0,1,0,1,0,0,0,1,0,1,0,1,26,2212,16,53,0
0,2,25,2,5,0,0,1,0,0,1.575,0,0,0,1,0,4,0,0,1,0,0,0,0,0,1,0,1,0,1,34,2212,16,62,0
0,0,26,0,5,0,0,0,1,0,1.5,0,1,0,1,0,4,0,0,0,0,1,0,0,0,1,0,1,0,1,34,2212,16,63,0
1,0,23,2,5,0,0,0,1,0,1.525,0,0,0,1,0,4,0,0,0,0,0,1,0,0,1,0,1,0,1,73,2212,16,64,0
0,0,32,2,5,0,1,0,1,0,1.525,0,0,0,0,1,0,0,1,0,0,0,0,1,0,1,5.825603,0,0,1,34,2212,16,68,0
1,4,27,2,5,0,0,0,0,0,1.5,0,0,0,1,0,2,0,0,0,0,0,0,1,0,1,0,1,0,1,34,2212,16,73,0
0,0,23,4,5,0,0,0,1,0,1.575,0,0,0,1,0,4,0,0,1,0,0,0,0,0,1,0,1,0,1,34,2212,16,75,0
1,0,28,2,5,0,0,0,1,0,1.525,0,0,0,1,0,5,0,0,0,1,0,0,0,0,1,0,1,0,1,34,2212,16,76,0
1,0,23,2,5,0,0,0,1,0,1.55,0,0,0,1,0,5,0,0,1,0,0,0,0,0,1,0,1,0,1,29,2212,16,80,0
1,0,28,2,5,0,0,0,1,0,1.625,0,0,0,1,0,6,0,0,0,1,0,0,0,0,1,0,1,0,1,38,2212,16,81,0
1,0,33,2,5,0,0,0,1,0,1.65,0,0,0,0,1,4,0,0,1,0,0,0,0,0,1,0,1,0,1,38,2212,16,82,0
0,0,25,2,5,0,0,0,1,0,1.55,0,0,0,1,0,4,0,0,1,0,0,0,0,0,1,0,1,0,1,73,2212,16,85,0
0,0,28,2,5,0,0,0,1,0,1.575,0,0,0,0,1,0,0,1,0,0,1,0,0,0,1,5.447579,0,0,1,66,2212,16,88,0
0,0,25,2,5,0,0,0,1,0,1.55,0,0,0,1,0,4,0,0,1,0,0,0,0,0,1,0,1,0,1,34,2212,16,89,0
0,0,27,3,5,0,1,0,1,0,1.55,0,0,0,0,1,4,0,0,1,0,0,0,0,0,1,0,1,0,1,42,2302,11,6,0
0,0,25,0,5,0,0,0,1,0,1.525,0,1,0,1,0,5,0,0,0,0,1,0,0,0,1,0,1,0,1,34,2302,11,7,0
1,0,27,0,5,0,0,0,1,0,1.55,0,1,0,0,1,5,0,0,0,0,1,0,0,0,1,0,1,0,0,73,2302,11,9,0
1,0,25,0,5,0,0,0,1,0,1.625,0,1,1,0,0,6,0,0,0,0,1,0,0,0,1,0,1,0,0,59,2302,11,13,0
0,0,23,3,5,0,1,0,1,0,1.575,0,0,0,0,1,1,0,0,0,0,0,0,1,0,1,0,1,1,0,73,2302,11,15,0
0,0,23,3,5,0,1,0,1,0,1.55,0,0,0,0,0,5,0,0,0,1,0,0,0,0,1,0,1,0,0,73,2302,11,16,0
1,0,23,0,5,0,0,0,1,0,1.63,0,1,0,0,1,5,0,0,0,0,1,0,0,0,1,5.794884,0,0,1,56,2302,11,20,0
1,0,29,2,5,0,0,0,1,0,1.6,0,0,0,0,0,5,0,0,1,0,0,0,0,0,1,0,1,0,1,62,2302,11,216,1
0,0,33,0,5,0,1,0,1,0,1.65,0,1,0,0,0,0,0,1,0,0,0,0,1,0,1,5.825603,0,0,0,62,2302,11,217,1
1,0,24,2,5,0,0,0,1,0,1.575,0,0,0,0,0,4,0,0,1,0,0,0,0,0,1,0,1,0,0,73,2302,11,218,1
0,0,28,0,5,0,1,0,1,0,1.525,0,1,0,1,0,2,0,0,0,0,0,0,1,0,1,0,1,0,0,34,2302,11,24,0
0,0,28,2,5,0,0,0,1,0,1.575,0,0,0,1,0,4,0,0,0,0,0,0,1,0,1,0,1,0,1,34,2302,11,25,0
0,2,22,2,5,0,0,1,0,0,1.55,0,0,0,1,0,4,0,0,0,1,0,0,0,0,1,0,1,0,0,34,2302,11,26,0
0,0,25,2,5,0,0,0,1,0,1.575,0,0,0,1,0,2,0,0,0,0,0,0,1,0,1,0,1,0,0,34,2302,11,27,0
0,0,25,2,5,0,0,0,1,0,1.55,0,0,0,1,0,5,0,0,1,0,0,0,0,0,1,0,1,0,1,38,2302,11,29,0
0,0,28,3,5,0,1,0,1,0,1.575,0,0,0,0,0,6,0,0,0,1,0,0,0,0,1,0,1,0,1,72,2302,11,32,0
1,0,21,0,5,0,0,0,1,0,1.475,0,1,0,0,0,4,0,0,1,0,0,0,0,0,1,0,1,0,1,40,2302,11,36,0
1,0,28,2,5,0,0,0,1,0,1.525,0,0,0,0,0,5,0,0,1,0,0,0,0,0,1,0,1,0,1,38,2302,11,39,0
1,0,24,0,5,0,0,0,1,0,1.4,0,1,0,0,0,2,0,0,0,0,0,0,1,0,1,0,1,0,1,73,2302,11,42,0
0,0,26,0,5,0,1,0,1,0,0,1,1,0,0,1,5,0,0,0,0,1,0,0,0,1,0,1,0,1,73,2302,11,45,0
0,0,26,2,5,0,1,0,1,0,1.6625,0,0,0,0,1,4,0,0,1,0,0,0,0,0,1,0,1,0,1,38,2302,11,46,0
1,4,26,3,5,0,0,0,0,0,1.5625,0,0,0,0,1,4,0,0,0,0,1,0,0,0,1,0,1,0,1,42,2302,11,51,0
0,0,24,0,5,0,0,0,1,0,1.5375,0,1,1,0,0,4,0,0,0,0,1,0,0,0,1,0,1,0,1,34,2302,11,53,0
0,0,23,2,5,0,1,0,1,0,1.575,0,0,0,1,0,4,0,0,1,0,0,0,0,0,1,0,1,0,1,34,2302,11,54,0
1,0,25,0,5,0,0,0,1,0,1.5,0,1,0,0,0,4,0,0,0,0,1,0,0,0,1,0,1,0,0,34,2302,11,55,0
1,0,22,2,5,0,0,0,1,0,1.55,0,0,0,1,0,5,0,0,1,0,0,0,0,0,1,0,1,0,1,34,2302,11,56,0
0,0,27,2,5,0,0,0,1,0,1.5,0,0,0,0,1,4,0,0,1,0,0,0,0,0,1,0,1,0,1,34,2302,11,57,0
0,0,34,0,5,0,0,0,1,0,1.6,0,1,0,1,0,0,0,1,0,0,1,0,0,0,1,6.094067,0,0,0,34,2302,11,61,0
0,0,24,2,5,0,1,0,1,0,1.5,0,0,0,1,0,4,0,0,0,0,1,0,0,0,1,6.094067,0,0,0,73,2302,11,63,0
0,0,34,4,5,0,0,0,1,0,1.6,0,0,0,0,0,4,0,0,1,0,0,0,0,0,1,0,1,0,1,58,2302,11,65,0
0,0,25,2,5,0,1,0,1,0,1.525,0,0,0,0,0,6,0,0,1,0,0,0,0,0,1,0,1,0,0,58,2302,11,66,0
1,0,22,4,5,0,0,0,1,0,1.575,0,0,0,0,0,2,0,0,0,0,0,0,1,0,1,0,1,0,0,72,2302,11,67,0
1,0,25,2,5,0,0,0,1,0,1.55,0,0,0,0,0,5,0,0,1,0,0,0,0,0,1,0,1,0,0,72,2302,11,68,0
0,0,0,2,5,0,1,0,1,1,1.55,0,0,0,0,1,5,0,0,1,0,0,0,0,0,1,5.50987,0,0,1,56,2302,11,70,0
1,4,26,2,5,0,0,0,0,0,1.625,0,0,0,0,0,5,0,0,1,0,0,0,0,0,1,0,1,0,1,56,2302,11,74,0
1,6,21,0,5,0,0,0,0,0,1.55,0,1,1,0,0,4,0,0,0,0,0,0,1,0,1,0,1,0,1,38,2302,11,77,0
0,0,25,4,5,0,0,0,1,0,1.6,0,0,0,0,0,5,0,0,1,0,0,0,0,0,1,0,1,0,0,38,2302,11,78,0
0,0,25,2,5,0,0,0,1,0,1.625,0,0,0,0,0,4,0,0,0,1,0,0,0,8.987197,0,0,1,0,1,34,2302,11,79,0
0,0,24,2,5,0,1,0,1,0,0,1,0,0,1,0,4,0,0,1,0,0,0,0,0,1,0,1,0,1,34,2302,11,80,0
0,0,24,2,5,0,1,0,1,0,1.55,0,0,0,1,0,2,0,0,0,0,0,0,1,0,1,0,1,0,1,73,2302,11,81,0
0,5,31,0,5,0,1,0,0,0,1.525,0,1,0,0,0,6,0,0,1,0,0,0,0,0,1,0,1,0,1,73,2302,11,82,0
0,0,22,2,5,0,0,0,1,0,1.5,0,0,0,0,1,4,0,0,1,0,0,0,0,0,1,0,1,0,1,34,2302,11,84,0
0,5,24,2,5,0,0,0,0,0,1.5625,0,0,0,0,1,5,0,0,0,0,0,0,1,0,1,0,1,0,0,34,2302,11,85,0
0,0,26,0,5,0,0,0,1,0,1.6,0,1,0,0,1,5,0,0,1,0,0,0,0,0,1,0,1,0,1,34,2302,11,86,0
0,0,25,2,5,0,0,0,1,0,1.525,0,0,0,1,0,5,0,0,0,1,0,0,0,0,1,0,1,0,0,34,2302,11,88,0
1,2,25,2,5,0,0,1,0,0,1.55,0,0,0,0,0,4,0,0,0,0,0,0,1,0,1,0,1,0,1,38,2302,11,89,0
0,6,31,2,5,0,1,0,0,0,0,1,0,0,0,1,4,0,0,0,1,0,0,0,0,1,5.447579,0,0,1,34,2302,11,90,0
0,0,29,4,5,0,1,0,1,0,1.525,0,0,0,0,1,5,0,0,1,0,0,0,0,0,1,0,1,0,0,34,2302,11,91,0
1,0,25,2,5,0,0,0,1,0,1.5,0,0,0,1,0,4,0,0,1,0,0,0,0,0,1,0,1,0,0,73,2302,11,92,0
1,0,23,0,5,0,0,0,1,0,1.55,0,1,0,0,0,4,0,0,0,0,1,0,0,0,1,6.094067,0,0,1,38,2302,11,93,0
0,0,27,0,5,0,0,0,1,0,1.6,0,1,0,0,0,5,0,0,1,0,0,0,0,0,1,0,1,0,1,34,2302,11,94,0
1,0,24,2,5,0,0,0,1,0,1.6,0,0,0,1,0,5,0,0,0,0,1,0,0,0,1,5.794884,0,0,0,72,2302,11,96,0
0,0,26,0,5,0,1,0,1,0,1.6,0,1,0,1,0,5,0,0,1,0,0,0,0,0,1,0,1,0,1,72,2302,11,97,0
0,0,31,0,5,0,1,0,1,0,1.575,0,1,0,0,1,5,0,0,1,0,0,0,0,0,1,0,1,0,1,26,2302,11,99,0
0,0,25,2,5,0,0,0,1,0,1.5875,0,0,0,1,0,5,0,0,0,0,1,0,0,0,1,0,1,0,1,26,2302,13,177,0
0,0,23,2,5,0,0,0,1,0,1.625,0,0,0,0,0,5,0,0,1,0,0,0,0,0,1,0,1,0,0,26,2302,13,178,0
0,0,24,2,5,0,0,0,1,0,1.575,0,0,0,0,0,4,0,0,0,0,0,0,1,0,1,0,1,0,0,40,2302,13,179,0
0,0,24,4,5,0,0,0,1,0,1.525,0,0,0,0,0,5,0,0,0,1,0,0,0,0,1,0,1,0,1,26,2302,13,180,0
0,0,27,3,5,0,1,0,1,0,1.6,0,0,0,0,1,5,0,0,0,1,0,0,0,0,1,0,1,0,1,26,2302,13,181,0
0,0,28,0,5,0,1,0,1,0,1.525,0,1,0,1,0,5,0,0,1,0,0,0,0,0,1,5.50987,0,0,1,26,2302,13,182,0
0,0,24,4,5,0,0,0,1,0,1.525,0,0,0,0,0,4,0,0,1,0,0,0,0,0,1,0,1,0,0,26,2302,13,183,0
0,0,20,0,5,0,0,0,1,0,1.575,0,1,0,1,0,2,0,0,0,0,0,0,1,0,1,0,1,0,0,26,2302,13,184,0
0,0,24,2,5,0,0,0,1,0,1.5,0,0,0,0,0,5,0,0,1,0,0,0,0,0,1,0,1,0,1,26,2302,13,185,0
0,0,25,4,5,0,0,0,1,0,1.575,0,0,0,0,0,4,0,0,0,0,0,0,1,0,1,0,1,0,1,26,2302,13,186,0
0,0,21,2,5,0,0,0,1,0,1.5,0,0,0,0,0,1,0,0,0,0,0,0,1,0,1,0,1,0,1,26,2302,13,187,0
0,0,30,0,5,0,0,0,1,0,1.55,0,1,0,0,0,2,0,0,0,0,0,0,1,0,1,0,1,0,0,26,2302,13,188,0
0,2,25,2,5,0,0,1,0,0,1.55,0,0,0,0,0,5,0,0,1,0,0,0,0,0,1,0,1,0,1,26,2302,13,189,0
0,0,28,0,5,0,1,0,1,0,1.575,0,1,0,1,0,5,0,0,1,0,0,0,0,0,1,0,1,0,0,26,2302,13,190,0
0,0,26,4,5,0,0,0,1,0,1.55,0,0,0,0,1,1,0,0,0,0,0,0,1,0,1,0,1,0,0,26,2302,13,191,0
0,0,38,0,5,0,1,0,1,0,0,1,1,0,0,1,4,0,0,1,0,0,0,0,0,1,0,1,0,1,26,2302,13,192,0
0,0,33,3,5,0,0,0,1,0,1.55,0,0,0,1,0,4,0,0,1,0,0,0,0,0,1,4.91469,0,0,1,26,2302,13,193,0
0,2,19,2,5,0,0,1,0,0,1.575,0,0,0,0,0,6,0,0,1,0,0,0,0,0,1,0,1,0,1,26,2302,13,194,0
0,0,28,2,5,0,0,0,1,0,1.575,0,0,0,0,1,4,0,0,1,0,0,0,0,0,1,0,1,0,0,26,2302,13,195,0
0,0,29,0,5,0,1,0,1,0,1.625,0,1,0,1,0,4,0,0,0,0,0,0,1,0,1,0,1,0,0,26,2302,13,196,0
0,0,25,3,5,0,0,0,1,0,1.55,0,0,0,0,1,2,0,0,0,0,0,0,1,0,1,0,1,0,0,26,2302,13,197,0
0,0,26,2,5,0,0,0,1,0,1.55,0,0,0,1,0,6,0,0,1,0,0,0,0,0,1,0,1,0,1,34,2302,13,198,0
0,0,28,1,5,0,0,0,1,0,1.55,0,0,0,0,1,6,0,0,0,1,0,0,0,0,1,0,1,0,1,34,2302,13,199,0
0,0,46,2,5,0,1,0,1,0,1.55,0,0,0,0,0,1,0,0,0,0,0,0,1,0,1,0,1,0,1,26,2302,13,200,0
0,0,28,0,5,0,1,0,1,0,0,1,1,0,0,0,5,0,0,1,0,0,0,0,0,1,0,1,0,1,25,2302,13,201,0
0,0,23,0,5,0,0,0,1,0,1.625,0,1,0,0,0,5,0,0,1,0,0,0,0,0,1,0,1,0,0,26,2302,13,202,0
0,0,22,3,5,0,0,0,1,0,1.575,0,0,0,0,0,4,0,0,0,0,1,0,0,0,1,0,1,0,0,26,2302,13,203,0
0,0,22,2,5,0,0,0,1,0,1.55,0,0,0,0,0,4,0,0,1,0,0,0,0,0,1,0,1,0,0,26,2302,13,204,0
0,0,30,2,5,0,1,0,1,0,1.55,0,0,0,0,1,4,0,0,1,0,0,0,0,0,1,4.91469,0,0,0,26,2302,13,205,0
0,0,41,2,5,0,1,0,1,0,1.525,0,0,0,0,0,2,0,0,0,0,1,0,0,7.600903,0,0,1,0,1,26,2302,13,206,0
0,0,21,2,5,0,0,0,1,0,1.55,0,0,0,0,0,4,0,0,1,0,0,0,0,0,1,0,1,0,1,26,2302,13,207,0
0,0,26,3,5,0,1,0,1,0,1.575,0,0,0,0,0,4,0,0,0,0,1,0,0,0,1,0,1,0,1,26,2302,13,208,0
0,0,28,2,5,0,0,0,1,0,1.575,0,0,0,0,1,4,0,0,0,0,1,0,0,0,1,0,1,0,1,34,2302,13,209,0
0,5,30,2,5,0,0,0,0,0,1.525,0,0,0,0,0,6,0,0,0,1,1,0,0,0,1,0,1,0,1,26,2302,13,210,0
0,0,24,1,5,0,0,0,1,0,1.65,0,0,0,0,1,4,0,0,1,0,0,0,0,0,1,0,1,0,1,26,2302,13,211,0
0,0,23,2,5,0,0,0,1,0,1.55,0,0,0,0,0,5,0,0,1,0,0,0,0,0,1,0,1,0,0,26,2302,13,212,0
0,0,33,0,5,0,1,0,1,0,1.55,0,1,0,1,0,6,0,0,0,1,1,0,0,0,1,0,1,0,1,26,2302,13,213,0
1,0,29,0,5,0,0,0,1,0,1.525,0,1,0,1,0,6,0,0,0,0,1,0,0,9.798127,0,5.049275,0,0,0,25,2302,13,214,0
0,0,27,2,5,0,1,0,1,0,1.575,0,0,0,0,0,4,0,0,1,0,0,0,0,0,1,0,1,0,0,25,2302,13,215,0
1,0,22,0,5,0,0,0,1,0,1.55,0,1,0,0,1,4,0,0,1,0,0,0,0,0,1,0,1,0,0,72,2302,13,236,0
1,2,25,2,5,0,0,1,0,0,1.6,0,0,0,0,0,4,0,0,1,1,0,0,0,0,1,0,1,0,1,72,2302,16,5,0
0,4,21,2,5,0,1,0,0,0,1.625,0,0,0,0,0,0,0,1,1,0,0,0,0,0,1,0,1,0,1,40,2302,16,13,0
0,2,23,0,5,0,0,1,0,0,1.575,0,1,1,0,0,4,0,0,0,0,0,1,0,0,1,0,1,1,0,40,2302,16,14,0
0,0,24,2,5,0,0,0,1,0,1.55,0,0,0,1,0,4,0,0,0,1,0,0,0,0,1,0,1,0,1,40,2302,16,15,0
0,5,24,4,5,0,0,0,0,0,1.5,0,0,0,0,1,4,0,0,0,0,1,0,0,0,1,0,1,0,0,40,2302,16,16,0
1,0,34,4,5,0,0,0,1,0,1.55,0,0,0,0,0,4,0,0,1,0,0,0,0,0,1,0,1,0,1,40,2302,16,17,0
1,0,22,2,5,0,0,0,1,0,1.625,0,0,0,0,1,4,0,0,0,1,0,0,0,0,1,0,1,0,0,40,2302,16,18,0
1,4,26,2,5,0,0,0,0,0,1.55,0,0,0,0,1,5,0,0,1,0,0,0,0,0,1,0,1,1,0,40,2302,16,19,0
0,0,23,2,5,0,0,0,1,0,1.55,0,0,0,0,0,5,0,0,0,0,1,0,0,0,1,0,1,0,1,40,2302,16,20,0
1,0,24,0,5,0,0,0,1,0,1.625,0,1,0,0,1,4,0,0,0,1,0,0,0,0,1,0,1,0,0,40,2302,16,21,0
1,0,28,2,5,0,0,0,1,0,1.6,0,0,0,1,0,0,0,1,0,0,0,0,1,0,1,0,1,0,1,40,2302,16,22,0
0,0,27,5,5,0,0,0,1,0,1.575,0,0,0,0,1,4,0,0,1,0,0,0,0,0,1,0,1,0,1,40,2302,16,23,0
0,0,27,2,5,0,0,0,1,0,1.575,0,0,0,0,0,5,0,0,1,0,0,0,0,0,1,0,1,0,0,40,2302,16,24,0
0,0,26,4,5,0,1,0,1,0,1.55,0,0,0,0,0,4,0,0,1,0,0,0,0,0,1,0,1,0,0,40,2302,16,25,0
1,0,28,0,5,0,0,0,1,0,1.575,0,1,0,0,0,4,0,0,1,0,0,0,0,0,1,0,1,0,0,31,2302,16,26,0
0,0,38,2,5,0,1,0,1,0,1.55,0,0,1,0,0,4,0,0,0,0,0,0,1,7.696213,0,0,1,0,1,40,2302,16,27,0
1,0,23,3,5,0,0,0,1,0,1.45,0,0,0,0,0,4,0,0,1,0,0,0,0,0,1,0,1,0,1,40,2302,16,28,0
1,0,25,0,5,0,0,0,1,0,1.55,0,1,0,0,0,4,0,0,0,1,0,0,0,0,1,0,1,0,0,40,2302,16,29,0
1,0,29,2,5,0,0,0,1,0,1.55,0,0,0,1,0,5,0,0,1,0,0,0,0,0,1,0,1,0,0,40,2302,16,30,0
0,0,24,2,5,0,0,0,1,0,1.55,0,0,0,0,0,4,0,0,1,0,0,0,0,0,1,0,1,0,0,40,2302,16,31,0
1,0,28,2,5,0,0,0,1,0,1.625,0,0,0,1,0,4,0,0,1,0,0,0,0,0,1,0,1,0,0,40,2302,16,32,0
0,0,23,2,5,0,0,0,1,0,1.5,0,0,0,1,0,0,0,1,1,0,0,0,0,0,1,0,1,0,1,40,2302,16,33,0
1,0,26,2,5,0,0,0,1,0,1.5375,0,0,1,0,0,6,0,0,1,0,1,0,0,0,1,0,1,0,0,40,2302,16,34,0
0,0,23,4,5,0,0,0,1,0,1.5,0,0,0,0,0,4,0,0,1,0,0,0,0,0,1,0,1,0,0,40,2302,16,35,0
1,0,24,4,5,0,0,0,1,0,1.575,0,0,0,0,0,4,0,0,1,0,0,0,0,0,1,0,1,0,1,40,2302,16,36,0
0,4,25,0,5,0,1,0,0,0,1.5,0,1,0,0,0,4,0,0,1,0,0,0,0,0,1,5.825603,0,0,1,40,2302,16,37,0
1,4,25,2,5,0,0,0,0,0,1.575,0,0,0,1,0,5,0,0,1,0,0,0,0,0,1,0,1,0,0,40,2302,16,38,0
0,0,28,0,5,0,1,0,1,0,1.45,0,1,0,0,1,5,0,0,1,0,1,0,0,0,1,5.50987,0,0,1,40,2302,16,39,0
1,0,26,2,5,0,0,0,1,0,0,1,0,0,1,0,5,0,0,1,0,0,0,0,0,1,0,1,0,1,62,2302,16,40,0
0,0,32,2,5,0,0,0,1,0,1.525,0,0,0,1,0,4,0,0,0,0,0,0,1,0,1,0,1,0,0,62,2302,16,41,0
1,0,26,4,5,0,0,0,1,0,1.5,0,0,0,0,0,4,0,0,1,0,0,0,0,0,1,0,1,0,1,62,2302,16,42,0
0,0,26,0,5,0,0,0,1,0,1.55,0,1,0,0,1,4,0,0,0,0,1,0,0,0,1,0,1,0,1,62,2302,16,43,0
0,0,24,3,5,0,1,0,1,0,1.55,0,0,0,0,1,4,0,0,1,0,0,0,0,0,1,0,1,0,1,62,2302,16,44,0
0,0,31,2,5,0,0,0,1,0,1.575,0,0,0,0,1,4,0,0,1,0,0,0,0,0,1,0,1,0,1,62,2302,16,45,0
1,0,35,3,5,0,0,0,1,0,1.55,0,0,0,0,1,2,0,0,0,0,0,0,1,0,1,0,1,0,1,62,2302,16,46,0
0,0,28,0,5,0,1,0,1,0,1.5,0,1,0,0,0,0,0,1,0,0,0,0,1,0,1,5.50987,0,1,0,62,2302,16,47,0
0,0,22,2,5,0,1,0,1,0,1.55,0,0,0,0,1,2,0,0,0,0,0,0,1,0,1,0,1,0,0,62,2302,16,48,0
1,0,25,2,5,0,0,0,1,0,1.575,0,0,0,0,0,4,0,0,1,0,0,0,0,0,1,0,1,0,0,58,2302,16,49,0
0,0,33,2,5,0,1,0,1,0,1.625,0,0,0,1,0,0,0,1,0,0,0,0,1,0,1,5.50987,0,0,1,62,2302,16,50,0
0,0,25,4,5,0,1,0,1,0,1.55,0,0,0,0,1,4,0,0,1,0,0,0,0,0,1,0,1,0,1,62,2302,16,51,0
1,0,22,0,5,0,0,0,1,0,0,1,1,0,0,1,4,0,0,0,1,0,0,0,0,1,0,1,0,1,62,2302,16,52,0
0,0,18,0,5,0,0,0,1,0,1.55,0,1,0,1,0,0,0,1,1,0,0,0,0,0,1,0,1,0,0,62,2302,16,53,0
1,0,23,3,5,0,0,0,1,0,1.55,0,0,0,0,0,0,0,1,0,0,1,0,0,0,1,0,1,0,1,62,2302,16,54,0
1,0,26,0,5,0,0,0,1,0,1.575,0,1,1,0,0,4,0,0,1,0,0,0,0,0,1,0,1,0,1,59,2302,16,55,0
1,2,26,3,5,0,0,1,0,0,1.625,0,0,0,0,0,4,0,0,1,0,0,0,0,0,1,0,1,0,1,62,2302,16,56,0
1,0,25,2,5,0,0,0,1,0,1.55,0,0,0,1,0,4,0,0,1,0,0,0,0,0,1,0,1,0,1,62,2302,16,57,0
0,2,32,4,5,0,0,1,0,0,1.55,0,0,0,0,0,5,0,0,1,0,0,0,0,0,1,0,1,0,1,59,2302,16,58,0
0,0,22,2,5,0,1,0,1,0,1.525,0,0,0,1,0,0,0,1,1,0,0,0,0,0,1,0,1,0,1,62,2302,16,59,0
1,2,23,3,5,0,0,1,0,0,1.475,0,0,0,0,1,3,0,0,0,1,0,0,0,0,1,0,1,0,1,62,2302,16,60,0
1,0,26,4,5,0,0,0,1,0,1.525,0,0,0,0,0,4,0,0,0,0,1,0,0,0,1,0,1,0,1,59,2302,16,61,0
1,4,25,2,5,0,0,0,0,0,1.575,0,0,0,0,1,0,0,1,1,0,0,0,0,0,1,0,1,0,0,59,2302,16,62,0
0,0,25,2,5,0,1,0,1,0,1.575,0,0,0,0,1,3,0,0,0,0,1,0,0,0,1,0,1,0,1,58,2302,16,63,0
0,0,30,2,5,0,1,0,1,0,1.6,0,0,0,1,0,5,0,0,1,0,0,0,0,0,1,5.50987,0,0,1,62,2302,16,64,0
0,0,27,2,5,0,1,0,1,0,1.525,0,0,0,0,0,6,0,0,0,1,0,0,0,0,1,0,1,0,1,62,2302,16,65,0
0,0,24,2,5,0,1,0,1,0,1.55,0,0,0,1,0,0,0,1,0,1,0,0,0,0,1,0,1,0,0,62,2302,16,66,0
1,0,25,4,5,0,0,0,1,0,1.55,0,0,0,1,0,4,0,0,1,0,0,0,0,0,1,0,1,0,1,56,2303,10,109,0
0,0,28,3,5,0,0,0,1,0,1.625,0,0,0,1,0,5,0,0,0,0,1,0,0,0,1,5.50987,0,0,1,26,2303,10,119,0
1,0,27,2,5,0,0,0,1,0,1.575,0,0,0,1,0,5,0,0,1,0,0,0,0,0,1,5.50987,0,0,1,26,2303,10,120,0
1,0,24,2,5,0,0,0,1,0,1.575,0,0,0,0,1,5,0,0,1,0,0,0,0,0,1,0,1,0,0,25,2303,10,121,0
0,0,21,2,5,0,1,0,1,0,1.55,0,0,0,1,0,2,0,0,0,0,0,0,1,0,1,0,1,0,1,25,2303,10,122,0
0,0,24,2,5,0,0,0,1,0,1.55,0,0,0,1,0,4,0,0,0,0,0,0,1,0,1,0,1,0,0,26,2303,10,123,0
0,0,27,2,5,0,1,0,1,0,1.5,0,0,0,1,0,5,0,0,1,0,0,0,0,0,1,5.50987,0,0,1,26,2303,10,124,0
0,0,26,2,5,0,0,0,1,0,1.5,0,0,0,0,0,4,0,0,0,0,0,0,1,0,1,0,1,0,0,26,2303,10,125,0
0,0,28,2,5,0,0,0,1,0,1.575,0,0,0,1,0,4,0,0,0,0,1,0,0,0,1,0,1,0,1,26,2303,10,126,0
0,0,25,2,5,0,0,0,1,0,1.625,0,0,1,0,0,4,0,0,1,0,0,0,0,0,1,5.50987,0,0,1,26,2303,10,127,0
0,6,28,0,5,0,1,0,0,0,1.525,0,1,0,0,1,6,0,0,0,0,1,0,0,0,1,0,1,0,1,26,2303,10,128,0
0,0,25,2,5,0,1,0,1,0,1.525,0,0,0,1,0,4,0,0,1,0,0,0,0,0,1,0,1,0,1,28,2303,10,129,0
1,0,21,3,5,0,0,0,1,0,1.55,0,0,0,1,0,2,0,0,0,0,0,0,1,0,1,0,1,0,1,40,2303,10,142,0
0,0,24,2,5,0,1,0,1,0,1.55,0,0,0,1,0,5,0,0,1,0,0,0,0,0,1,0,1,0,1,40,2303,10,143,0
0,0,27,2,5,0,0,0,1,0,1.575,0,0,0,1,0,4,0,0,1,0,0,0,0,0,1,0,1,0,1,40,2303,10,144,0
1,0,24,2,5,0,0,0,1,0,1.65,0,0,0,1,0,5,0,0,1,0,0,0,0,0,1,0,1,0,1,40,2303,10,145,0
1,0,32,0,5,0,0,0,1,0,1.525,0,1,0,1,0,4,0,0,0,0,1,0,0,0,1,5.049275,0,0,0,40,2303,10,146,0
1,0,27,2,5,0,0,0,1,0,1.525,0,0,0,0,1,4,0,0,1,0,1,0,0,0,1,0,1,0,0,40,2303,10,147,0
1,0,22,0,5,0,0,0,1,0,1.575,0,1,0,1,0,4,0,0,0,0,0,0,1,0,1,0,1,0,0,62,2303,10,148,0
1,2,25,2,5,0,0,1,0,0,1.55,0,0,0,0,1,4,0,0,0,1,0,0,0,0,1,0,1,0,1,62,2303,10,149,0
1,0,28,0,5,0,0,0,1,0,1.65,0,1,0,1,0,4,0,0,1,0,0,0,0,0,1,0,1,0,0,62,2303,10,150,0
1,0,22,2,5,0,0,0,1,0,1.575,0,0,0,1,0,2,0,0,0,0,0,0,1,0,1,0,1,0,0,60,2303,10,151,0
0,0,31,2,5,0,0,0,1,0,1.575,0,0,0,1,0,4,0,0,1,0,0,0,0,0,1,0,1,0,1,62,2303,10,152,0
0,0,40,1,5,0,0,0,1,0,1.5,0,0,0,0,1,2,0,0,0,0,0,0,1,0,1,0,1,0,0,62,2303,10,153,0
0,0,32,3,5,0,0,0,1,0,1.5,0,0,0,0,1,4,0,0,1,0,0,0,0,0,1,0,1,0,0,62,2303,10,154,0
0,0,22,2,5,0,1,0,1,0,1.575,0,0,0,1,0,0,0,1,1,0,0,0,0,0,1,0,1,0,1,59,2303,10,155,0
0,5,27,3,5,0,0,0,0,0,0,1,0,0,0,0,5,0,0,1,0,0,0,0,0,1,0,1,0,1,59,2303,10,87,0
1,0,23,3,5,0,0,0,1,0,1.575,0,0,0,0,1,5,0,0,0,1,0,0,0,0,1,0,1,0,1,72,2303,12,101,0
1,0,24,0,5,0,0,0,1,0,1.55,0,1,0,1,0,4,0,0,0,0,1,0,0,0,1,0,1,0,1,42,2303,12,102,0
0,0,32,2,5,0,1,0,1,0,1.575,0,0,0,1,0,5,0,0,1,0,0,0,0,0,1,0,1,0,0,64,2303,12,73,1
0,0,30,2,5,0,1,0,1,0,1.55,0,0,0,1,0,5,0,0,1,0,0,0,0,0,1,5.50987,0,0,0,64,2303,12,73,1
1,0,24,2,5,0,0,0,1,0,1.6,0,0,0,1,0,4,0,0,1,0,0,0,0,0,1,0,1,0,0,56,2303,12,76,0
0,0,30,0,5,0,1,0,1,0,1.55,0,1,0,1,0,4,0,0,1,0,0,0,0,0,1,0,1,0,0,42,2303,12,77,0
0,2,28,3,5,0,1,1,0,0,1.575,0,0,0,1,0,3,0,0,0,1,0,0,0,0,1,4.23823,0,0,0,72,2303,12,79,0
1,0,26,2,5,0,0,0,1,0,1.6,0,0,0,1,0,4,0,0,1,0,0,0,0,0,1,0,1,0,0,38,2303,12,82,0
1,0,21,2,5,0,0,0,1,0,1.6,0,0,0,1,0,4,0,0,1,0,0,0,0,0,1,0,1,0,0,38,2303,12,83,0
1,0,27,3,5,0,0,0,1,0,1.55,0,0,0,1,0,5,0,0,1,0,1,0,0,0,1,5.50987,0,0,1,38,2303,12,84,0
0,0,26,2,5,0,1,0,1,0,1.575,0,0,0,1,0,4,0,0,0,0,1,0,0,0,1,5.50987,0,0,1,28,2303,12,85,0
1,0,23,3,5,0,0,0,1,0,1.6375,0,0,0,1,0,4,0,0,0,0,0,0,1,0,1,0,1,0,1,34,2303,12,86,0
1,0,26,2,5,0,0,0,1,0,1.7,0,0,0,0,1,4,0,0,0,0,1,0,0,0,1,0,1,0,1,38,2303,12,87,0
0,0,28,2,5,0,0,0,1,0,1.575,0,0,0,1,0,4,0,0,0,0,1,0,0,0,1,0,1,0,1,34,2303,12,90,0
0,0,24,2,5,0,0,0,1,0,1.55,0,0,1,0,0,4,0,0,1,0,0,0,0,0,1,0,1,0,1,34,2303,12,92,0
1,0,27,2,5,0,0,0,1,0,1.6,0,0,0,1,0,4,0,0,1,0,0,0,0,0,1,0,1,0,1,34,2303,12,93,0
1,0,22,2,5,0,0,0,1,0,1.55,0,0,0,1,0,4,0,0,1,0,0,0,0,0,1,0,1,0,1,56,2303,12,94,0
1,0,27,2,5,0,0,0,1,0,1.67,0,0,0,0,1,5,0,0,1,1,0,0,0,0,1,0,1,0,1,26,2303,12,96,0
1,2,20,4,5,0,0,1,0,0,1.575,0,0,0,1,0,4,0,0,1,0,0,0,0,0,1,0,1,0,1,34,2303,12,97,0
0,0,24,4,5,0,1,0,1,0,1.575,0,0,0,1,0,4,0,0,0,0,1,0,0,0,1,0,1,0,1,38,2303,12,99,0
1,0,28,2,5,0,0,0,1,0,1.55,0,0,0,0,1,6,0,0,0,0,1,0,0,0,1,6.094067,0,0,1,42,2411,6,1,0
1,0,23,4,5,0,0,0,1,0,1.6,0,0,0,0,1,5,0,0,1,0,0,0,0,0,1,0,1,0,1,40,2411,6,2,0
1,0,31,2,5,0,0,0,1,0,1.625,0,0,0,1,0,5,0,0,1,0,1,0,0,0,1,0,1,0,1,34,2411,6,5,0
1,0,22,2,5,0,0,0,1,0,1.525,0,0,0,0,0,4,0,0,0,1,0,0,0,0,1,0,1,0,0,60,2411,6,118,1
0,0,26,2,5,0,0,0,1,0,1.6,0,0,0,0,0,5,0,0,0,0,1,0,0,0,1,0,1,0,0,34,2411,12,133,0
0,0,40,0,5,0,0,0,1,0,1.55,0,1,0,1,0,4,0,0,1,0,0,0,0,0,1,0,1,0,1,26,2411,13,102,0
0,0,27,2,5,0,0,0,1,0,1.525,0,0,0,1,0,4,0,0,0,1,1,0,0,0,1,6.176106,0,0,1,25,2411,13,103,0
1,0,25,5,5,0,0,0,1,0,1.625,0,0,0,0,1,0,0,1,0,0,0,0,1,0,1,0,1,0,1,25,2411,13,104,0
0,0,25,2,5,0,0,0,1,0,1.575,0,0,0,0,0,6,0,0,0,1,0,0,0,0,1,0,1,0,1,25,2411,13,105,0
0,0,28,1,5,0,0,0,1,0,0,1,0,0,0,1,4,0,0,0,1,0,0,0,0,1,0,1,0,1,25,2411,13,106,0
0,0,28,0,5,0,0,0,1,0,1.5,0,1,0,0,0,5,0,0,1,0,0,0,0,0,1,0,1,0,0,25,2411,13,108,0
0,0,23,2,5,0,0,0,1,0,1.55,0,0,1,0,0,4,0,0,1,0,0,0,0,0,1,0,1,0,0,25,2411,13,109,0
1,0,31,0,5,0,0,0,1,0,1.525,0,1,0,0,1,6,0,0,1,0,0,0,0,0,1,0,1,0,1,40,2411,13,110,0
0,6,28,0,5,0,1,0,0,0,1.575,0,1,1,0,0,0,0,1,0,0,0,0,1,0,1,0,1,0,0,40,2411,13,111,0
0,2,25,3,5,0,0,1,0,0,1.5,0,0,0,0,0,4,0,0,0,1,0,0,0,0,1,5.50987,0,0,0,26,2411,13,112,0
0,0,26,2,5,0,0,0,1,0,1.55,0,0,0,0,0,5,0,0,1,0,0,0,0,0,1,0,1,0,0,26,2411,13,113,0
0,2,30,2,5,0,0,1,0,0,1.6,0,0,0,1,0,5,0,0,1,0,0,0,0,0,1,5.50987,0,0,0,25,2411,13,114,0
0,0,29,2,5,0,0,0,1,0,1.55,0,0,0,1,0,6,0,0,0,0,1,0,0,0,1,0,1,0,1,25,2411,13,115,0
0,5,24,0,5,0,0,0,0,0,1.55,0,1,0,0,0,4,0,0,1,0,0,0,0,0,1,0,1,0,1,25,2411,13,116,0
1,0,27,4,5,0,0,0,1,0,1.6,0,0,0,0,0,5,0,0,1,0,0,0,0,0,1,0,1,0,1,29,2411,13,117,0
1,0,28,2,5,0,0,0,1,0,1.525,0,0,0,0,0,4,0,0,1,0,0,0,0,10.89674,0,5.50987,0,0,1,34,2411,13,118,0
0,0,33,2,5,0,0,0,1,0,1.5,0,0,0,0,1,4,0,0,0,0,1,0,0,0,1,5.50987,0,0,1,26,2411,13,119,0
0,0,27,2,5,0,0,0,1,0,1.5,0,0,0,0,0,4,0,0,0,0,1,0,0,0,1,0,1,0,0,26,2411,13,120,0
0,4,31,2,5,0,0,0,0,0,1.55,0,0,1,0,0,4,0,0,1,0,0,0,0,0,1,0,1,0,1,26,2411,13,121,0
0,0,29,0,5,0,0,0,1,0,1.525,0,1,0,0,1,4,0,0,1,0,0,0,0,0,1,0,1,0,1,26,2411,13,122,0
0,0,28,2,5,0,1,0,1,0,1.575,0,0,0,0,0,5,0,0,1,0,0,0,0,0,1,0,1,0,1,26,2411,13,123,0
0,0,25,2,5,0,0,0,1,0,1.575,0,0,0,0,0,4,0,0,1,0,0,0,0,0,1,0,1,0,1,26,2411,13,124,0
0,0,27,2,5,0,0,0,1,0,1.55,0,0,0,0,0,5,0,0,0,0,1,0,0,0,1,0,1,0,0,26,2411,13,125,0
0,0,25,0,5,0,1,0,1,0,1.525,0,1,0,1,0,6,0,0,0,0,1,0,0,0,1,0,1,0,1,26,2411,13,126,0
0,0,32,2,5,0,1,0,1,0,1.5,0,0,0,0,0,4,0,0,1,0,0,0,0,0,1,5.50987,0,0,1,35,2411,13,127,0
0,0,22,4,5,0,1,0,1,0,1.55,0,0,0,0,0,4,0,0,1,0,0,0,0,0,1,0,1,0,0,26,2411,13,128,0
0,0,23,2,5,0,0,0,1,0,1.55,0,0,1,0,0,5,0,0,1,0,0,0,0,0,1,0,1,0,0,26,2411,13,129,0
0,0,27,1,5,0,1,0,1,0,1.55,0,0,0,0,0,5,0,0,1,0,0,0,0,0,1,0,1,0,0,26,2411,13,130,0
0,0,40,2,5,0,0,0,1,0,1.5875,0,0,0,0,0,0,0,1,0,0,0,0,1,0,1,0,1,0,0,34,2411,13,131,0
0,2,25,2,5,0,0,1,0,0,1.65,0,0,0,0,0,5,0,0,0,0,1,0,0,0,1,0,1,0,1,26,2411,13,132,0
0,0,24,0,5,0,1,0,1,0,1.525,0,1,0,0,0,4,0,0,1,0,0,0,0,0,1,0,1,0,0,26,2411,13,133,0
0,0,26,2,5,0,0,0,1,0,1.525,0,0,0,0,0,4,0,0,1,0,0,0,0,0,1,0,1,0,1,26,2411,13,134,0
0,0,22,1,5,0,0,0,1,0,1.5875,0,0,1,0,0,4,0,0,1,0,0,0,0,0,1,0,1,0,1,34,2411,13,135,0
0,0,26,2,5,0,0,0,1,0,1.55,0,0,0,1,0,4,0,0,0,0,0,0,1,0,1,5.825603,0,0,0,26,2411,13,136,0
0,0,25,3,5,0,0,0,1,0,1.575,0,0,0,0,0,5,0,0,1,0,0,0,0,0,1,0,1,0,1,26,2411,13,137,0
0,0,28,0,5,0,1,0,1,0,1.525,0,1,0,0,0,4,0,0,1,0,0,0,0,0,1,0,1,0,1,28,2411,13,138,0
0,0,22,2,5,0,1,0,1,0,1.575,0,0,0,1,0,4,0,0,1,0,0,0,0,0,1,0,1,0,1,29,2411,13,139,0
0,0,22,5,5,0,1,0,1,0,1.6,0,0,0,0,1,4,0,0,1,0,0,0,0,0,1,0,1,0,0,28,2411,13,140,0
0,0,32,2,5,0,0,0,1,0,1.5,0,0,0,0,0,2,0,0,0,0,0,0,1,0,1,0,1,0,0,26,2411,13,143,0
0,2,31,0,5,0,1,1,0,0,1.55,0,1,0,1,0,6,0,0,0,1,1,0,0,0,1,0,1,0,1,26,2411,13,144,0
0,0,27,2,5,0,1,0,1,0,1.5,0,0,0,0,0,4,0,0,1,0,0,0,0,0,1,0,1,0,0,26,2411,13,145,0
0,0,22,2,5,0,0,0,1,0,1.6,0,0,0,0,1,4,0,0,0,0,1,0,0,0,1,0,1,0,1,26,2411,13,146,0
1,0,28,0,5,0,0,0,1,0,1.6,0,1,0,0,1,0,0,1,0,0,0,0,1,0,1,4.861118,0,0,1,26,2411,13,147,0
0,5,27,0,5,0,1,0,0,0,1.65,0,1,0,1,0,6,0,0,0,1,1,0,0,0,1,0,1,0,0,26,2411,13,148,0
0,0,29,4,5,0,0,0,1,0,1.575,0,0,0,1,0,5,0,0,1,0,0,0,0,0,1,0,1,0,1,26,2411,13,149,0
0,0,28,0,5,0,1,0,1,0,1.6,0,1,0,1,0,4,0,0,0,0,1,0,0,0,1,0,1,0,1,26,2411,13,150,0
0,0,27,0,5,0,0,0,1,0,1.6,0,1,0,0,0,4,0,0,1,1,1,0,0,0,1,0,1,0,1,72,2411,13,188,0
0,0,34,4,5,0,0,0,1,0,1.6,0,0,0,0,0,4,0,0,1,0,0,0,0,0,1,0,1,0,1,58,2411,13,190,0
0,0,28,0,5,0,1,0,1,0,1.5,0,1,0,0,1,5,0,0,1,0,0,0,0,0,1,0,1,0,0,40,2411,13,195,0
0,0,24,2,5,0,0,0,1,0,1.575,0,0,0,0,0,5,0,0,0,0,0,0,1,0,1,0,1,0,1,40,2411,13,196,0
0,0,32,2,5,0,1,0,1,0,1.6,0,0,0,0,0,4,0,0,0,0,1,0,0,8.853665,0,5.049275,0,0,1,40,2411,13,197,0
0,0,21,2,5,0,0,0,1,0,1.575,0,0,0,1,0,4,0,0,1,0,0,0,0,0,1,5.825603,0,0,1,40,2411,13,198,0
0,0,24,2,5,0,0,0,1,0,1.575,0,0,0,1,0,4,0,0,1,0,0,0,0,0,1,0,1,0,0,40,2411,13,199,0
0,0,25,4,5,0,1,0,1,0,1.575,0,0,0,0,0,4,0,0,1,0,0,0,0,0,1,0,1,0,1,40,2411,13,200,0
0,0,24,2,5,0,1,0,1,0,1.475,0,0,0,0,1,4,0,0,0,0,0,0,1,0,1,0,1,0,0,40,2411,13,201,0
1,0,26,4,5,0,0,0,1,0,1.575,0,0,0,0,0,5,0,0,1,0,0,0,0,0,1,0,1,0,1,32,2411,13,202,0
1,0,29,0,5,0,0,0,1,0,1.575,0,1,1,0,0,6,0,0,0,1,1,0,0,0,1,5.50987,0,0,0,40,2411,13,203,0
0,0,32,1,5,0,1,0,1,0,1.55,0,0,1,0,0,4,0,0,1,0,0,0,0,0,1,0,1,0,1,40,2411,13,204,0
0,0,22,2,5,0,0,0,1,0,1.625,0,0,0,0,0,4,0,0,1,0,0,0,0,0,1,0,1,0,1,40,2411,13,205,0
0,0,26,0,5,0,0,0,1,0,1.575,0,1,0,0,0,4,0,0,0,1,0,0,0,0,1,0,1,0,1,40,2411,13,206,0
0,0,26,2,5,0,1,0,1,0,1.6,0,0,0,0,1,4,0,0,0,0,1,0,0,0,1,4.159452,0,0,1,40,2411,13,207,0
0,0,30,2,5,0,0,0,1,0,1.575,0,0,0,0,0,2,0,0,0,0,0,0,1,0,1,0,1,1,0,40,2411,13,208,0
1,0,28,0,5,0,0,0,1,0,1.5,0,1,0,0,0,4,0,0,1,0,0,0,0,0,1,0,1,0,1,40,2411,13,209,0
1,4,24,3,5,0,0,0,0,0,1.5,0,0,0,0,0,4,0,0,0,1,0,0,0,0,1,0,1,0,1,40,2411,13,210,0
0,0,25,4,5,0,1,0,1,0,1.625,0,0,0,0,0,4,0,0,0,0,1,0,0,0,1,0,1,0,0,40,2411,13,211,0
0,0,34,2,5,0,1,0,1,0,1.575,0,0,0,0,1,1,0,0,0,0,0,0,1,0,1,0,1,0,1,40,2411,13,212,0
0,0,26,2,5,0,1,0,1,0,1.525,0,0,0,1,0,5,0,0,1,0,0,0,0,0,1,5.50987,0,0,1,40,2411,13,213,0
0,0,20,2,5,0,1,0,1,0,1.525,0,0,0,1,0,4,0,0,1,0,0,0,0,0,1,0,1,0,1,40,2411,13,214,0
1,0,23,0,5,0,0,0,1,0,1.55,0,1,0,0,0,4,0,0,1,0,0,0,0,0,1,0,1,0,0,40,2411,13,215,0
1,0,27,4,5,0,0,0,1,0,1.5,0,0,0,0,0,4,0,0,1,0,0,0,0,0,1,0,1,0,1,40,2411,13,216,0
1,0,25,0,5,0,0,0,1,0,1.6,0,1,0,0,0,5,0,0,0,0,1,0,0,0,1,5.50987,0,0,1,40,2411,13,217,0
0,0,27,3,5,0,0,0,1,0,1.5,0,0,0,1,0,4,0,0,0,0,1,0,0,0,1,0,1,0,1,40,2411,13,218,0
1,0,26,1,5,0,0,0,1,0,1.525,0,0,1,0,0,4,0,0,0,0,1,0,0,0,1,0,1,0,0,40,2411,13,219,0
1,0,0,0,5,0,0,0,1,1,0,1,1,0,0,0,4,0,0,1,0,0,0,0,0,1,0,1,0,1,40,2411,13,220,0
0,0,28,0,5,0,0,0,1,0,1.6,0,1,0,0,0,5,0,0,1,0,0,0,0,0,1,0,1,0,1,40,2411,13,221,0
0,0,28,0,5,0,0,0,1,0,1.5,0,1,0,0,0,5,0,0,0,0,1,0,0,9.615806,0,5.825603,0,0,0,40,2411,13,222,0
1,5,25,2,5,0,0,0,0,0,1.6,0,0,0,0,1,6,0,0,1,1,0,0,0,0,1,0,1,0,0,40,2411,13,223,0
1,0,25,0,5,0,0,0,1,0,1.5125,0,1,0,0,1,4,0,0,0,0,0,0,1,0,1,0,1,0,1,62,2411,13,224,0
0,0,21,2,5,0,1,0,1,0,1.55,0,0,0,1,0,4,0,0,1,0,0,0,0,0,1,0,1,0,0,59,2411,13,225,0
1,0,23,2,5,0,0,0,1,0,1.55,0,0,0,0,0,4,0,0,1,0,0,0,0,0,1,0,1,0,0,62,2411,13,226,0
1,0,26,2,5,0,0,0,1,0,1.65,0,0,0,0,0,4,0,0,1,0,0,0,0,0,1,0,1,0,0,62,2411,13,227,0
1,2,28,2,5,0,0,1,0,0,1.625,0,0,0,0,1,4,0,0,1,0,0,0,0,0,1,0,1,0,1,62,2411,13,228,0
1,0,24,2,5,0,0,0,1,0,1.55,0,0,0,1,0,4,0,0,1,0,0,0,0,0,1,0,1,0,0,62,2411,13,229,0
0,0,24,2,5,0,1,0,1,0,1.525,0,0,0,1,0,6,0,0,0,0,0,0,1,0,1,0,1,0,1,58,2411,13,230,0
0,0,21,2,5,0,0,0,1,0,1.575,0,0,0,1,0,2,0,0,0,0,0,0,1,0,1,0,1,0,0,62,2411,13,231,0
0,0,22,2,5,0,0,0,1,0,1.525,0,0,0,0,0,5,0,0,0,0,0,0,1,0,1,0,1,1,0,59,2411,13,232,0
1,0,32,2,5,0,0,0,1,0,1.5,0,0,0,0,0,1,0,0,0,0,0,0,1,0,1,0,1,0,1,59,2411,13,233,0
1,0,27,2,5,0,0,0,1,0,1.575,0,0,1,0,0,4,0,0,1,0,0,0,0,0,1,0,1,0,1,62,2411,13,234,0
1,2,22,2,5,0,0,1,0,0,1.575,0,0,0,1,0,5,0,0,0,0,0,0,1,0,1,0,1,0,0,62,2411,13,235,0
0,4,26,2,5,0,1,0,0,0,1.5,0,0,0,0,0,5,0,0,1,0,0,0,0,0,1,0,1,0,1,72,2411,13,58,0
0,0,0,3,5,0,0,0,1,1,1.575,0,0,0,0,1,4,0,0,0,0,1,0,0,0,1,0,1,0,1,62,2411,14,1,0
0,0,40,4,5,0,0,0,1,0,1.575,0,0,0,0,0,1,0,0,0,0,0,0,1,0,1,0,1,0,0,62,2411,14,2,0
1,0,22,2,5,0,0,0,1,0,1.55,0,0,0,1,0,4,0,0,1,0,0,0,0,0,1,0,1,0,1,59,2411,14,3,0
0,0,29,4,5,0,1,0,1,0,1.55,0,0,0,0,0,4,0,0,1,0,1,0,0,0,1,0,1,0,1,62,2411,14,4,0
1,0,26,0,5,0,0,0,1,0,1.575,0,1,0,1,0,6,0,0,0,1,0,0,0,0,1,0,1,0,1,62,2411,14,5,0
1,0,25,0,5,0,0,0,1,0,1.55,0,1,0,1,0,5,0,0,1,0,0,0,0,0,1,0,1,0,1,62,2411,14,6,0
0,0,24,2,5,0,1,0,1,0,1.575,0,0,0,0,0,5,0,0,0,0,1,0,0,0,1,0,1,0,1,59,2411,14,7,0
1,0,19,3,5,0,0,0,1,0,1.575,0,0,0,0,0,2,0,0,0,0,0,0,1,0,1,0,1,0,0,62,2411,14,8,0
1,0,25,2,5,0,0,0,1,0,1.6,0,0,0,0,0,4,0,0,0,1,0,0,0,0,1,0,1,0,1,62,2411,14,9,0
1,0,29,0,5,0,0,0,1,0,1.55,0,1,0,0,0,5,0,0,0,0,1,0,0,0,1,0,1,0,1,62,2411,14,10,0
1,0,28,2,5,0,0,0,1,0,1.625,0,0,0,0,0,2,0,0,0,0,0,0,1,0,1,0,1,0,1,64,2411,14,235,0
0,0,29,4,5,0,1,0,1,0,1.55,0,0,0,1,0,4,0,0,1,0,0,0,0,0,1,0,1,0,1,64,2411,14,236,0
0,2,20,2,5,0,1,1,0,0,0,1,0,0,1,0,2,0,0,0,0,0,0,1,0,1,0,1,0,0,64,2411,14,238,0
1,0,26,2,5,0,0,0,1,0,1.6,0,0,0,1,0,4,0,0,1,0,0,0,0,0,1,0,1,0,0,72,2411,15,12,0
0,0,23,2,5,0,1,0,1,0,1.55,0,0,0,1,0,4,0,0,1,0,0,0,0,0,1,0,1,0,0,72,2411,15,17,0
0,0,0,0,5,0,1,0,1,1,0,1,1,0,1,0,0,0,1,0,0,0,0,1,0,1,0,1,0,0,72,2411,15,18,0
0,0,31,4,5,0,0,0,1,0,1.5,0,0,0,0,1,2,0,0,0,0,0,0,1,0,1,0,1,0,0,72,2411,15,19,0
1,0,24,2,5,0,0,0,1,0,1.575,0,0,0,1,0,4,0,0,0,1,0,0,0,0,1,0,1,0,0,72,2411,15,20,0
1,0,24,0,5,0,0,0,1,0,1.575,0,1,0,0,1,4,0,0,1,0,0,0,0,0,1,0,1,0,0,73,2411,15,22,0
1,0,22,2,5,0,0,0,1,0,1.6,0,0,0,0,0,5,0,0,1,0,0,0,0,0,1,0,1,0,0,29,2411,15,23,0
1,0,28,4,5,0,0,0,1,0,1.65,0,0,0,0,0,5,0,0,1,0,0,0,0,0,1,5.50987,0,0,0,29,2411,15,24,0
1,0,26,1,5,0,0,0,1,0,1.525,0,0,0,1,0,4,0,0,0,0,1,0,0,0,1,0,1,0,1,29,2411,15,25,0
0,0,33,0,5,0,1,0,1,0,1.575,0,1,0,0,0,4,0,0,0,0,0,0,1,0,1,0,1,0,0,29,2411,15,26,0
1,4,23,2,5,0,0,0,0,0,1.575,0,0,0,1,0,4,0,0,0,1,0,0,0,0,1,0,1,1,0,38,2411,15,27,0
1,0,27,2,5,0,0,0,1,0,1.675,0,0,0,0,1,4,0,0,1,0,0,0,0,0,1,0,1,0,1,73,2411,15,29,0
1,2,24,2,5,0,0,1,0,0,1.625,0,0,0,1,0,5,0,0,0,0,1,0,0,0,1,0,1,0,0,73,2411,15,30,0
0,0,23,4,5,0,1,0,1,0,1.575,0,0,0,0,0,4,0,0,1,0,0,0,0,0,1,0,1,0,1,34,2411,15,31,0
1,0,34,2,5,0,0,0,1,0,1.575,0,0,0,0,1,4,0,0,1,0,0,0,0,0,1,0,1,0,1,72,2411,15,34,0
0,0,25,2,5,0,0,0,1,0,1.55,0,0,0,1,0,5,0,0,1,0,0,0,0,0,1,0,1,0,0,38,2411,15,35,0
1,0,31,0,5,0,0,0,1,0,1.575,0,1,0,0,0,5,0,0,1,0,0,0,0,0,1,0,1,0,0,42,2411,15,36,0
0,0,28,0,5,0,0,0,1,0,1.5625,0,1,0,0,1,4,0,0,1,0,0,0,0,0,1,0,1,0,1,34,2411,15,41,0
0,0,22,2,5,0,0,0,1,0,0,1,0,0,1,0,2,0,0,0,0,0,0,1,0,1,0,1,0,1,59,2411,15,42,0
0,0,26,2,5,0,0,0,1,0,1.55,0,0,0,1,0,4,0,0,1,0,0,0,0,0,1,0,1,1,0,59,2411,15,43,0
0,0,36,0,5,0,1,0,1,0,1.575,0,1,0,0,1,0,0,1,0,0,0,0,1,0,1,0,1,0,1,59,2411,15,44,0
0,0,25,2,5,0,0,0,1,0,1.45,0,0,0,0,0,2,0,0,0,0,0,0,1,0,1,0,1,0,0,34,2411,15,45,0
0,0,25,0,5,0,0,0,1,0,1.55,0,1,0,1,0,4,0,0,1,0,0,0,0,0,1,0,1,0,0,26,2411,15,47,0
1,0,24,0,5,0,0,0,1,0,1.55,0,1,0,0,0,4,0,0,0,0,1,0,0,0,1,0,1,0,1,34,2411,15,49,0
0,0,35,2,5,0,1,0,1,0,1.525,0,0,0,0,0,4,0,0,1,0,0,0,0,0,1,0,1,0,1,34,2411,15,50,0
0,0,38,2,5,0,0,0,1,0,1.525,0,0,0,0,0,4,0,0,1,0,0,0,0,8.294049,0,0,1,0,1,34,2411,15,51,0
0,0,21,2,5,0,1,0,1,0,1.55,0,0,0,1,0,4,0,0,1,0,0,0,0,0,1,0,1,0,1,56,2411,15,53,0
0,0,29,2,5,0,1,0,1,0,1.55,0,0,0,1,0,4,0,0,1,0,0,0,0,0,1,0,1,0,0,34,2411,15,54,0
0,0,25,2,5,0,1,0,1,0,1.55,0,0,0,0,0,4,0,0,0,0,0,0,1,0,1,0,1,0,0,72,2411,15,56,0
0,0,35,0,5,0,1,0,1,0,1.575,0,1,0,0,1,5,0,0,0,0,1,0,0,0,1,0,1,0,1,72,2411,15,57,0
0,0,34,3,5,0,1,0,1,0,1.575,0,0,0,0,0,4,0,0,1,0,0,0,0,0,1,0,1,0,1,56,2411,15,61,0
0,0,28,5,5,0,0,0,1,0,1.55,0,0,0,0,1,0,0,1,0,0,0,0,1,0,1,5.50987,0,0,0,59,2411,15,62,0
0,0,21,1,5,0,0,0,1,0,1.525,0,0,0,1,0,4,0,0,1,0,0,0,0,0,1,0,1,0,0,34,2411,15,63,0
0,0,24,2,5,0,0,0,1,0,1.55,0,0,0,1,0,5,0,0,1,0,0,0,0,0,1,0,1,0,1,34,2411,15,64,0
0,0,35,2,5,0,1,0,1,0,1.5,0,0,0,0,0,4,0,0,1,0,0,0,0,0,1,5.825603,0,0,1,34,2411,15,65,0
0,0,29,2,5,0,0,0,1,0,1.5,0,0,0,0,0,0,0,1,0,0,0,0,1,0,1,0,1,0,0,34,2411,15,66,0
0,0,30,2,5,0,0,0,1,0,1.55,0,0,0,0,1,2,0,0,0,0,0,0,1,0,1,0,1,0,0,72,2411,15,69,0
0,0,25,0,5,0,1,0,1,0,1.55,0,1,0,0,0,4,0,0,1,0,0,0,0,0,1,0,1,0,1,56,2411,15,70,0
0,2,27,2,5,0,0,1,0,0,1.575,0,0,0,0,0,4,0,0,0,0,1,0,0,0,1,0,1,0,1,34,2411,15,71,0
0,0,30,2,5,0,0,0,1,0,1.5375,0,0,0,0,0,6,0,0,0,0,0,0,1,0,1,5.50987,0,0,1,38,2411,15,72,0
0,0,23,2,5,0,0,0,1,0,1.475,0,0,0,0,1,4,0,0,1,0,0,0,0,0,1,0,1,0,0,34,2411,15,73,0
0,0,26,2,5,0,1,0,1,0,1.525,0,0,0,0,0,4,0,0,1,0,0,0,0,0,1,0,1,0,1,72,2411,15,74,0
0,2,24,0,5,0,0,1,0,0,1.55,0,1,0,0,1,4,0,0,0,0,1,0,0,0,1,5.50987,0,0,0,34,2411,15,75,0
1,0,20,0,5,0,0,0,1,0,1.5,0,1,0,0,0,4,0,0,1,0,0,0,0,0,1,0,1,0,0,38,2411,15,76,0
0,4,25,4,5,0,0,0,0,0,1.6125,0,0,0,0,0,5,0,0,1,0,0,0,0,0,1,5.50987,0,0,0,34,2411,15,78,0
0,0,22,0,5,0,1,0,1,0,1.55,0,1,0,0,1,4,0,0,1,0,0,0,0,0,1,0,1,0,1,34,2411,15,80,0
1,0,27,4,5,0,0,0,1,0,1.55,0,0,0,0,0,4,0,0,1,0,0,0,0,0,1,0,1,1,0,72,2411,15,82,0
1,0,22,3,5,0,0,0,1,0,1.55,0,0,0,0,1,5,0,0,1,0,0,0,0,0,1,0,1,0,1,60,2411,15,87,0
1,0,23,2,5,0,0,0,1,0,1.525,0,0,0,0,0,4,0,0,1,0,0,0,0,0,1,0,1,0,0,38,2411,15,90,0
0,0,23,2,5,0,0,0,1,0,1.6,0,0,0,1,0,4,0,0,1,0,0,0,0,0,1,0,1,0,1,38,2411,15,91,0
1,0,30,1,5,0,0,0,1,0,1.575,0,0,1,0,0,6,0,0,1,1,0,0,0,0,1,4.289095,0,0,1,38,2411,15,92,0
0,0,22,2,5,0,0,0,1,0,1.5,0,0,0,0,0,4,0,0,1,0,0,0,0,0,1,0,1,0,1,34,2411,15,93,0
0,0,29,3,5,0,0,0,1,0,1.62,0,0,0,1,0,4,0,0,0,0,1,0,0,0,1,6.093101,0,0,1,40,2411,15,96,0
0,0,24,4,5,0,1,0,1,0,1.525,0,0,0,1,0,0,0,1,0,0,0,0,1,0,1,0,1,0,0,34,2411,15,97,0
1,0,26,2,5,0,0,0,1,0,1.575,0,0,1,0,0,3,0,0,0,0,0,0,1,0,1,0,1,0,1,38,2411,15,98,0
0,0,29,0,5,0,1,0,1,0,1.5,0,1,0,0,1,5,0,0,1,0,0,0,0,0,1,0,1,0,0,29,2411,15,99,0
0,0,25,0,5,0,1,0,1,0,1.575,0,1,0,1,0,6,0,0,1,0,0,0,0,0,1,0,1,0,1,26,2411,16,86,0
1,2,38,0,5,0,0,1,0,0,1.7,0,1,0,0,1,5,0,0,0,0,1,0,0,0,1,5.794884,0,0,1,64,2601,11,3,0
1,0,25,2,5,0,0,0,1,0,1.575,0,0,0,1,0,4,0,0,1,0,0,0,0,0,1,0,1,0,0,40,2601,11,59,1
0,4,27,2,5,0,1,0,0,0,1.525,0,0,0,1,0,5,0,0,1,0,0,0,0,0,1,0,1,0,1,38,2601,11,61,0
0,3,29,2,5,0,0,0,0,0,1.575,0,0,0,1,0,6,0,0,0,1,1,0,0,0,1,5.459123,0,0,1,34,2601,12,125,0
0,0,37,3,5,0,0,0,1,0,1.475,0,0,0,1,0,4,0,0,1,0,0,0,0,0,1,0,1,0,1,40,2601,14,157,0
0,0,30,0,5,0,0,0,1,0,1.575,0,1,0,1,0,0,0,1,0,0,0,0,1,0,1,0,1,0,1,26,2601,15,195,0
0,0,26,0,5,0,0,0,1,0,1.55,0,1,0,1,0,4,0,0,1,0,0,0,0,0,1,0,1,0,0,25,2601,15,196,0
0,0,28,0,5,0,0,0,1,0,1.575,0,1,0,1,0,5,0,0,0,1,0,0,0,0,1,0,1,0,1,26,2601,15,197,0
0,0,28,2,5,0,1,0,1,0,1.63,0,0,0,1,0,4,0,0,1,0,0,0,0,0,1,5.50987,0,0,1,26,2601,15,198,0
0,0,27,2,5,0,1,0,1,0,1.425,0,0,0,1,0,5,0,0,1,0,0,0,0,0,1,5.50987,0,0,1,26,2601,15,199,0
0,0,23,2,5,0,0,0,1,0,1.625,0,0,1,0,0,3,0,0,1,0,0,0,0,0,1,0,1,0,0,26,2601,15,200,0
0,0,28,3,5,0,1,0,1,0,1.625,0,0,0,1,0,5,0,0,1,0,1,0,0,0,1,5.50987,0,0,1,26,2601,15,201,0
0,0,25,2,5,0,1,0,1,0,1.575,0,0,0,1,0,4,0,0,1,0,0,0,0,0,1,0,1,0,1,25,2601,15,202,0
0,0,24,4,5,0,1,0,1,0,1.55,0,0,0,1,0,5,0,0,1,0,0,0,0,0,1,0,1,0,1,28,2601,15,203,0
1,0,24,2,5,0,0,0,1,0,1.625,0,0,0,1,0,1,0,0,1,0,0,0,0,0,1,0,1,0,1,35,2601,15,204,0
0,0,24,0,5,0,0,0,1,0,1.5,0,1,0,1,0,2,0,0,0,0,0,0,1,0,1,0,1,0,0,42,2601,15,205,0
0,0,23,1,5,0,0,0,1,0,1.575,0,0,1,0,0,4,0,0,1,0,0,0,0,0,1,0,1,0,0,26,2601,15,206,0
0,2,29,2,5,0,0,1,0,0,1.5,0,0,0,1,0,4,0,0,1,0,0,0,0,0,1,0,1,0,1,26,2601,15,207,0
0,5,25,2,5,0,0,0,0,0,1.6,0,0,0,1,0,5,0,0,1,0,0,0,0,0,1,0,1,0,0,26,2601,15,208,0
0,0,22,2,5,0,0,0,1,0,1.575,0,0,0,1,0,4,0,0,0,1,0,0,0,0,1,0,1,0,0,26,2601,15,209,0
0,0,26,3,5,0,0,0,1,0,1.6,0,0,0,1,0,4,0,0,0,0,1,0,0,0,1,0,1,0,1,26,2601,15,210,0
0,0,29,4,5,0,0,0,1,0,1.575,0,0,0,1,0,4,0,0,0,0,1,0,0,9.21034,0,6.093101,0,0,1,26,2601,15,211,0
0,0,25,2,5,0,0,0,1,0,1.575,0,0,0,1,0,4,0,0,1,0,0,0,0,0,1,0,1,0,1,26,2601,15,213,0
0,0,22,2,5,0,1,0,1,0,1.525,0,0,0,1,0,0,0,1,1,0,0,0,0,0,1,0,1,0,1,26,2601,15,214,0
0,0,24,2,5,0,0,0,1,0,1.45,0,0,0,1,0,4,0,0,1,0,0,0,0,0,1,0,1,0,0,26,2601,15,215,0
0,0,23,2,5,0,0,0,1,0,1.575,0,0,0,1,0,0,0,1,1,0,0,0,0,0,1,0,1,0,1,26,2601,15,216,0
0,0,25,2,5,0,0,0,1,0,1.55,0,0,0,0,1,4,0,0,1,0,0,0,0,0,1,0,1,0,0,34,2601,15,217,0
0,0,25,4,5,0,0,0,1,0,1.575,0,0,0,0,0,4,0,0,1,0,1,0,0,0,1,0,1,0,0,26,2601,15,218,0
0,0,32,3,5,0,0,0,1,0,1.5,0,0,0,0,0,5,0,0,0,0,1,0,0,0,1,5.825603,0,0,1,34,2601,15,219,0
0,0,36,0,5,0,0,0,1,0,1.575,0,1,1,0,0,4,0,0,0,0,0,0,1,0,1,0,1,0,0,26,2601,15,220,0
0,0,26,3,5,0,0,0,1,0,1.525,0,0,0,0,0,4,0,0,1,0,0,0,0,0,1,0,1,0,0,26,2601,15,221,0
0,0,20,3,5,0,1,0,1,0,0,1,0,0,0,1,4,0,0,0,0,0,1,0,0,1,0,1,0,0,26,2601,15,222,0
0,0,25,2,5,0,0,0,1,0,1.5625,0,0,1,0,0,5,0,0,1,0,0,0,0,0,1,0,1,0,1,26,2601,15,223,0
0,0,29,2,5,0,0,0,1,0,1.5,0,0,0,0,1,4,0,0,0,0,1,0,0,0,1,6.093101,0,0,0,25,2601,15,224,0
0,0,29,2,5,0,0,0,1,0,1.575,0,0,0,1,0,6,0,0,0,0,1,0,0,0,1,0,1,0,1,26,2601,15,225,0
0,5,30,2,5,0,0,0,0,0,1.575,0,0,0,1,0,0,0,1,0,0,0,0,1,0,1,6.093101,0,0,0,25,2601,15,226,0
0,0,24,2,5,0,0,0,1,0,1.5,0,0,0,0,0,4,0,0,1,0,0,0,0,0,1,0,1,0,0,26,2601,15,227,0
0,0,23,2,5,0,1,0,1,0,1.6,0,0,0,1,0,4,0,0,0,0,1,0,0,0,1,0,1,0,1,29,2601,15,228,0
0,0,26,4,5,0,0,0,1,0,1.6,0,0,0,1,0,4,0,0,1,0,0,0,0,0,1,0,1,0,0,34,2601,15,38,0
1,0,23,2,5,0,0,0,1,0,1.575,0,0,0,1,0,0,0,1,0,0,0,0,1,0,1,0,1,0,0,38,2601,16,109,0
0,0,38,2,5,0,1,0,1,0,1.525,0,0,0,0,1,0,0,1,0,0,0,0,1,0,1,4.159452,0,0,0,59,2601,16,110,0
1,4,26,3,5,0,0,0,0,0,1.5,0,0,0,0,0,4,0,0,1,0,0,0,0,0,1,0,1,0,1,34,2601,16,112,0
0,0,26,2,5,0,0,0,1,0,1.525,0,0,0,0,1,4,0,0,1,0,0,0,0,0,1,0,1,0,0,72,2601,16,116,0
1,0,25,0,5,0,0,0,1,0,1.575,0,1,0,0,0,4,0,0,0,1,0,0,0,0,1,0,1,0,0,43,2601,16,123,0
1,0,35,2,5,0,0,0,1,0,1.55,0,0,0,0,0,4,0,0,0,0,1,0,0,0,1,0,1,0,1,34,2601,16,127,0
0,0,27,4,5,0,0,0,1,0,1.55,0,0,0,0,1,5,0,0,1,0,0,0,0,0,1,0,1,0,1,34,2601,16,129,0
1,0,33,0,5,0,0,0,1,0,1.525,0,1,0,0,0,4,0,0,0,1,0,0,0,0,1,0,1,0,1,38,2601,16,131,0
1,0,34,0,5,0,0,0,1,0,1.55,0,1,0,0,0,6,0,0,0,0,1,0,0,0,1,5.825603,0,0,1,38,2601,16,132,0
0,0,34,1,5,0,0,0,1,0,1.55,0,0,1,0,0,4,0,0,1,0,0,0,0,0,1,0,1,0,0,34,2601,16,134,0
0,0,25,0,5,0,1,0,1,0,1.525,0,1,0,0,0,5,0,0,1,0,0,0,0,0,1,0,1,0,1,34,2601,16,135,0
1,0,30,2,5,0,0,0,1,0,1.575,0,0,0,0,0,4,0,0,1,0,0,0,0,0,1,0,1,0,1,56,2601,16,137,0
1,0,27,4,5,0,0,0,1,0,1.5,0,0,0,0,0,5,0,0,1,0,0,0,0,0,1,5.825603,0,0,0,72,2601,16,138,0
1,2,22,2,5,0,0,1,0,0,1.575,0,0,0,0,0,4,0,0,0,1,0,0,0,0,1,0,1,1,0,59,2601,16,139,0
0,0,30,1,5,0,1,0,1,0,1.525,0,0,0,0,0,4,0,0,0,0,1,0,0,0,1,0,1,0,1,73,2601,16,140,0
0,0,27,2,5,0,1,0,1,0,1.5,0,0,0,0,0,5,0,0,1,0,0,0,0,0,1,5.50987,0,0,1,66,2601,16,143,0
0,0,38,1,5,0,0,0,1,0,1.575,0,0,0,0,1,2,0,0,1,0,0,0,0,0,1,0,1,0,0,59,2601,16,146,0
0,0,30,2,5,0,1,0,1,0,1.55,0,0,0,1,0,4,0,0,1,0,0,0,0,0,1,0,1,0,1,34,2601,16,148,0
1,0,21,2,5,0,0,0,1,0,0,1,0,0,0,0,4,0,0,1,0,0,0,0,0,1,0,1,0,0,34,2601,16,149,0
1,0,23,2,5,0,0,0,1,0,1.5,0,0,0,0,0,4,0,0,0,0,0,0,1,0,1,0,1,0,1,73,2601,16,150,0
0,0,32,2,5,0,0,0,1,0,1.525,0,0,0,1,0,4,0,0,1,0,0,0,0,0,1,0,1,0,1,34,2601,16,155,0
0,0,22,2,5,0,1,0,1,0,1.55,0,0,0,0,0,1,0,0,0,0,0,0,1,0,1,0,1,0,1,28,2601,16,156,0
0,0,34,2,5,0,1,0,1,0,1.5,0,0,0,0,0,4,0,0,1,0,0,0,0,0,1,5.50987,0,0,1,38,2601,16,157,0
1,0,29,2,5,0,0,0,1,0,1.575,0,0,0,0,1,2,0,0,0,0,0,0,1,0,1,5.049275,0,0,1,38,2601,16,164,0
0,2,23,2,5,0,1,1,0,0,1.55,0,0,0,0,0,4,0,0,0,0,1,0,0,0,1,0,1,0,1,38,2601,16,165,0
0,0,22,2,5,0,0,0,1,0,1.5,0,0,0,1,0,4,0,0,0,1,0,0,0,0,1,0,1,0,1,34,2601,16,166,0
0,0,38,0,5,0,1,0,1,0,1.65,0,1,0,0,1,5,0,0,1,0,1,0,0,0,1,0,1,0,1,59,2601,16,167,0
0,0,27,2,5,0,0,0,1,0,1.6,0,0,0,0,0,2,0,0,0,0,0,0,1,0,1,0,1,0,0,34,2601,16,168,0
1,0,20,0,5,0,0,0,1,0,1.55,0,1,0,0,0,0,0,1,0,0,0,0,1,0,1,0,1,0,1,38,2601,16,172,0
0,0,22,2,5,0,1,0,1,0,1.55,0,0,0,1,0,4,0,0,1,0,0,0,0,0,1,0,1,0,1,56,2601,16,173,0
0,0,21,3,5,0,0,0,1,0,1.5,0,0,0,0,0,0,0,1,0,0,0,0,1,0,1,0,1,0,0,38,2601,16,174,0
0,0,38,2,5,0,0,0,1,0,1.5,0,0,0,0,1,1,0,0,0,0,0,0,1,0,1,0,1,0,1,34,2601,16,175,0
0,0,24,4,5,0,1,0,1,0,1.5,0,0,0,0,1,4,0,0,1,0,0,0,0,0,1,0,1,0,1,28,2601,16,178,0
0,0,23,3,5,0,0,0,1,0,1.525,0,0,0,0,0,4,0,0,1,0,0,0,0,0,1,0,1,0,1,66,2601,16,179,0
1,0,29,2,5,0,0,0,1,0,1.525,0,0,0,0,0,4,0,0,1,0,1,0,0,0,1,5.50987,0,0,1,38,2601,16,184,0
1,0,28,5,5,0,0,0,1,0,1.575,0,0,0,0,1,4,0,0,1,0,0,0,0,0,1,5.049275,0,0,0,42,2601,16,187,0
1,0,23,0,5,0,0,0,1,0,1.525,0,1,0,0,0,3,0,0,0,0,0,1,0,0,1,0,1,0,0,38,2601,16,194,0
0,0,32,0,5,0,0,0,1,0,1.525,0,1,0,0,0,4,0,0,1,0,0,0,0,0,1,0,1,0,1,34,2601,16,195,0
1,0,21,2,5,0,0,0,1,0,1.5,0,0,0,1,0,4,0,0,0,1,0,0,0,0,1,0,1,0,1,38,2601,16,196,0
1,5,24,0,5,0,0,0,0,0,1.61,0,1,0,1,0,3,0,0,0,0,0,1,0,0,1,0,1,0,1,38,2601,16,200,0
1,0,38,2,5,0,0,0,1,0,1.525,0,0,0,1,0,4,0,0,1,0,0,0,0,0,1,0,1,0,1,36,2601,16,90,0
0,5,23,0,5,0,1,0,0,0,1.525,0,1,0,0,1,4,0,0,0,0,1,0,0,0,1,0,1,0,1,36,2601,16,91,0
0,0,23,5,5,0,1,0,1,0,1.45,0,0,0,1,0,5,0,0,1,0,0,0,0,0,1,0,1,0,1,36,2601,16,92,0
1,2,27,2,5,0,0,1,0,0,1.55,0,0,0,1,0,4,0,0,0,0,1,0,0,0,1,6.176106,0,0,1,72,2601,17,19,0
1,0,26,2,5,0,0,0,1,0,1.5,0,0,0,0,1,5,0,0,1,0,0,0,0,0,1,0,1,0,1,72,2601,17,25,0
0,0,28,2,5,0,1,0,1,0,1.575,0,0,0,1,0,4,0,0,1,0,0,0,0,0,1,0,1,0,1,38,2601,17,27,0
1,0,30,2,5,0,0,0,1,0,1.525,0,0,0,1,0,5,0,0,1,0,0,0,0,0,1,0,1,0,1,40,2601,17,30,0
0,0,24,4,5,0,0,0,1,0,1.5,0,0,0,1,0,4,0,0,1,0,0,0,0,0,1,0,1,0,0,40,2601,17,31,0
1,2,23,0,5,0,0,1,0,0,1.55,0,1,0,0,1,4,0,0,0,1,0,0,0,0,1,0,1,0,0,40,2601,17,32,0
0,0,18,0,5,0,1,0,1,0,0,1,1,0,0,1,1,0,0,0,0,0,0,1,0,1,0,1,0,0,40,2601,17,33,0
1,4,23,0,5,0,0,0,0,0,1.575,0,1,0,0,1,4,0,0,0,1,0,0,0,0,1,0,1,0,0,40,2601,17,34,0
1,2,30,2,5,0,0,1,0,0,1.55,0,0,0,0,0,4,0,0,0,0,1,0,0,0,1,0,1,0,0,40,2601,17,35,1
1,2,25,2,5,0,0,1,0,0,1.575,0,0,0,0,0,6,0,0,1,0,0,0,0,0,1,0,1,0,0,40,2601,17,35,1
0,0,30,0,5,0,0,0,1,0,1.525,0,1,1,0,0,4,0,0,0,0,1,0,0,0,1,0,1,0,1,40,2601,17,36,0
0,2,27,2,5,0,1,1,0,0,1.575,0,0,0,1,0,4,0,0,0,0,1,0,0,0,1,5.50987,0,0,1,40,2601,17,37,0
0,0,27,2,5,0,0,0,1,0,1.575,0,0,0,1,0,2,0,0,0,0,0,0,1,0,1,0,1,0,0,40,2601,17,38,0
0,0,26,2,5,0,1,0,1,0,1.525,0,0,0,1,0,5,0,0,1,0,0,0,0,0,1,0,1,0,0,40,2601,17,39,0
0,2,23,2,5,0,1,1,0,0,1.6,0,0,0,1,0,4,0,0,0,0,1,0,0,0,1,0,1,0,1,40,2601,17,40,0
0,0,22,2,5,0,0,0,1,0,1.55,0,0,0,0,1,4,0,0,0,1,0,0,0,0,1,0,1,0,1,40,2601,17,41,0
0,0,30,0,5,0,1,0,1,0,1.55,0,1,0,0,1,5,0,0,1,0,0,0,0,0,1,0,1,0,1,40,2601,17,42,0
1,0,26,2,5,0,0,0,1,0,1.6,0,0,1,0,0,4,0,0,0,0,1,0,0,0,1,0,1,0,0,40,2601,17,43,0
1,0,27,0,5,0,0,0,1,0,1.575,0,1,0,1,0,5,0,0,1,0,0,0,0,0,1,0,1,0,0,40,2601,17,44,0
0,0,27,2,5,0,1,0,1,0,1.55,0,0,0,1,0,1,0,0,0,0,0,0,1,0,1,0,1,0,1,40,2601,17,45,0
1,0,24,0,5,0,0,0,1,0,1.525,0,1,0,0,0,0,0,1,0,0,0,0,1,0,1,0,1,0,0,40,2601,17,46,0
1,0,33,0,5,0,0,0,1,0,1.6,0,1,0,0,1,4,0,0,1,0,0,0,0,0,1,0,1,0,1,40,2601,17,47,0
1,0,29,4,5,0,0,0,1,0,1.55,0,0,0,1,0,5,0,0,1,0,1,0,0,0,1,5.50987,0,0,1,40,2601,17,48,0
0,0,28,2,5,0,1,0,1,0,1.525,0,0,0,1,0,5,0,0,1,0,0,0,0,0,1,0,1,0,1,40,2601,17,49,0
1,0,23,2,5,0,0,0,1,0,1.6,0,0,0,1,0,0,0,1,0,0,0,0,1,0,1,0,1,0,0,40,2601,17,50,0
0,0,26,2,5,0,0,0,1,0,1.475,0,0,0,1,0,4,0,0,0,0,1,0,0,0,1,6.093101,0,0,1,40,2601,17,51,0
0,2,28,2,5,0,1,1,0,0,1.6375,0,0,0,1,0,5,0,0,0,0,1,0,0,0,1,0,1,0,1,40,2601,17,52,0
1,2,24,0,5,0,0,1,0,0,1.55,0,1,0,0,1,4,0,0,0,1,0,0,0,0,1,0,1,0,1,62,2601,17,53,0
0,0,22,4,5,0,1,0,1,0,1.55,0,0,0,1,0,4,0,0,0,1,0,0,0,0,1,0,1,0,0,59,2601,17,54,0
1,0,24,2,5,0,0,0,1,0,1.55,0,0,0,0,1,5,0,0,1,0,0,0,0,0,1,0,1,0,0,62,2601,17,55,0
1,2,34,0,5,0,0,1,0,0,1.575,0,1,0,0,1,6,0,0,1,1,0,0,0,0,1,0,1,0,0,58,2601,17,56,0
1,0,24,2,5,0,0,0,1,0,1.525,0,0,0,0,0,4,0,0,1,0,0,0,0,0,1,0,1,0,1,62,2601,17,57,0
1,2,26,2,5,0,0,1,0,0,1.575,0,0,0,1,0,4,0,0,1,0,0,0,0,0,1,0,1,0,1,62,2601,17,58,0
0,0,24,2,5,0,1,0,1,0,1.45,0,0,0,1,0,4,0,0,1,0,1,0,0,0,1,0,1,0,1,59,2601,17,59,0
1,0,25,0,5,0,0,0,1,0,1.6,0,1,0,1,0,4,0,0,0,0,1,0,0,0,1,5.50987,0,0,1,62,2601,17,60,0
0,0,24,1,5,0,1,0,1,0,1.525,0,0,0,0,1,6,0,0,1,0,0,0,0,0,1,0,1,0,1,59,2601,17,61,0
1,0,30,2,5,0,0,0,1,0,1.6,0,0,0,1,0,5,0,0,1,0,1,0,0,0,1,5.50987,0,0,1,59,2601,17,62,0
0,0,27,0,5,0,1,0,1,0,1.575,0,1,1,0,0,4,0,0,1,0,0,0,0,0,1,0,1,0,1,59,2601,17,63,0
1,2,22,1,5,0,0,1,0,0,1.625,0,0,1,0,0,4,0,0,0,0,1,0,0,0,1,0,1,0,1,60,2601,17,64,0
0,0,29,2,5,0,1,0,1,0,1.55,0,0,0,1,0,4,0,0,0,0,1,0,0,0,1,0,1,0,1,62,2601,17,65,0
1,4,23,4,5,0,0,0,0,0,1.575,0,0,0,0,0,0,0,1,0,0,0,0,1,0,1,0,1,0,1,59,2601,17,66,0
1,0,25,1,5,0,0,0,1,0,1.55,0,0,0,0,1,0,0,1,0,0,1,0,0,0,1,0,1,0,0,62,2601,17,67,0
0,4,24,3,5,0,1,0,0,0,1.55,0,0,0,0,0,5,0,0,0,0,1,0,0,0,1,0,1,0,1,62,2601,17,68,0
1,0,24,0,5,0,0,0,1,0,1.575,0,1,0,0,1,4,0,0,0,1,0,0,0,0,1,5.404466,0,0,1,62,2601,17,69,0
1,0,23,4,5,0,0,0,1,0,1.5,0,0,0,0,0,4,0,0,0,0,0,0,1,0,1,0,1,0,0,62,2601,17,70,0
0,2,27,2,5,0,1,1,0,0,1.55,0,0,0,0,0,4,0,0,0,0,1,0,0,0,1,0,1,0,1,62,2601,17,71,0
1,2,28,2,5,0,0,1,0,0,1.55,0,0,0,0,1,6,0,0,0,1,0,0,0,0,1,0,1,0,1,62,2601,17,72,0
1,0,20,3,5,0,0,0,1,0,1.55,0,0,0,0,0,4,0,0,1,0,0,0,0,0,1,0,1,0,0,29,2601,18,12,0
0,5,23,0,5,0,0,0,0,0,1.575,0,1,1,0,0,4,0,0,1,0,1,0,0,0,1,0,1,0,1,26,2601,18,13,0
0,0,27,2,5,0,0,0,1,0,1.575,0,0,0,0,1,1,0,0,0,0,0,0,1,0,1,0,1,0,0,26,2601,18,14,0
0,0,26,2,5,0,0,0,1,0,1.575,0,0,0,1,0,4,0,0,0,0,1,0,0,0,1,0,1,0,0,26,2601,18,15,0
0,0,45,0,5,0,0,0,1,0,0,1,1,0,1,0,0,0,1,0,0,0,0,1,0,1,5.825603,0,0,1,26,2601,18,16,0
1,5,25,0,5,0,0,0,0,0,1.55,0,1,0,0,1,4,0,0,0,0,1,0,0,0,1,5.40345,0,0,1,40,2601,18,17,0
0,0,24,2,5,0,1,0,1,0,1.55,0,0,1,0,0,5,0,0,0,1,0,0,0,0,1,0,1,0,1,40,2601,18,18,0
0,0,24,2,5,0,0,0,1,0,1.55,0,0,0,1,0,4,0,0,1,0,0,0,0,0,1,0,1,0,0,40,2601,18,19,0
1,0,27,2,5,0,0,0,1,0,1.575,0,0,1,0,0,4,0,0,0,0,1,0,0,0,1,6.094067,0,0,0,40,2601,18,20,0
1,2,20,1,5,0,0,1,0,0,1.575,0,0,0,1,0,0,0,1,0,0,0,0,1,0,1,0,1,1,0,40,2601,18,21,0
0,0,25,2,5,0,0,0,1,0,1.575,0,0,0,1,0,4,0,0,0,0,0,0,1,0,1,0,1,0,0,59,2601,18,22,0
0,2,24,2,5,0,0,1,0,0,1.55,0,0,0,0,0,1,0,0,0,0,0,0,1,0,1,0,1,0,0,62,2601,18,23,0
1,0,30,2,5,0,0,0,1,0,0,1,0,0,0,1,2,0,0,0,0,0,0,1,0,1,0,1,0,0,62,2601,18,24,0
0,2,19,2,5,0,0,1,0,0,1.525,0,0,1,0,0,0,0,1,0,0,0,0,1,0,1,0,1,0,0,58,2601,18,25,0
1,0,27,2,5,0,0,0,1,0,1.525,0,0,0,1,0,4,0,0,1,0,0,0,0,0,1,0,1,0,0,62,2601,18,26,0
1,0,24,0,5,0,0,0,1,0,1.5,0,1,0,1,0,5,0,0,1,0,0,0,0,0,1,0,1,0,1,72,2601,18,43,0
0,0,32,3,5,0,0,0,1,0,1.55,0,0,0,0,0,4,0,0,0,0,0,0,1,0,1,5.049275,0,0,0,26,2710,11,100,0
0,0,22,0,5,0,1,0,1,0,1.6,0,1,0,0,1,4,0,0,0,0,0,0,1,0,1,0,1,0,0,26,2710,11,101,0
0,0,25,2,5,0,0,0,1,0,1.6375,0,0,0,0,0,4,0,0,0,0,0,0,1,0,1,0,1,0,0,26,2710,11,102,0
0,0,24,3,5,0,0,0,1,0,1.6,0,0,0,0,1,4,0,0,0,0,0,0,1,0,1,0,1,0,0,26,2710,11,103,0
0,0,23,1,5,0,0,0,1,0,1.55,0,0,0,1,0,2,0,0,0,0,0,0,1,0,1,0,1,0,0,26,2710,11,104,0
0,0,28,0,5,0,0,0,1,0,1.5375,0,1,0,0,0,5,0,0,0,0,0,0,1,8.779557,0,5.049275,0,0,1,26,2710,11,105,0
0,0,29,2,5,0,0,0,1,0,1.625,0,0,0,0,0,4,0,0,0,0,0,0,1,0,1,0,1,0,0,26,2710,11,106,1
0,0,28,2,5,0,0,0,1,0,1.55,0,0,0,0,0,4,0,0,0,0,0,0,1,0,1,0,1,0,0,26,2710,11,106,1
0,0,27,2,5,0,0,0,1,0,1.55,0,0,0,0,0,1,0,0,0,0,0,0,1,0,1,0,1,0,0,26,2710,11,107,0
0,0,28,2,5,0,0,0,1,0,1.55,0,0,0,0,0,5,0,0,1,0,1,0,0,0,1,0,1,0,0,34,2710,11,108,0
0,0,28,2,5,0,1,0,1,0,1.5,0,0,0,0,0,4,0,0,0,0,0,0,1,0,1,6.204298,0,0,1,26,2710,11,109,0
0,2,28,3,5,0,1,1,0,0,1.625,0,0,0,0,0,5,0,0,1,0,1,0,0,0,1,5.50987,0,0,1,26,2710,11,110,0
0,0,25,0,5,0,0,0,1,0,1.5625,0,1,0,0,0,5,0,0,0,0,1,0,0,0,1,0,1,0,1,26,2710,11,111,0
0,0,28,0,5,0,0,0,1,0,1.5625,0,1,0,0,0,4,0,0,0,0,0,0,1,0,1,0,1,0,1,26,2710,11,112,0
0,0,25,1,5,0,0,0,1,0,1.5,0,0,0,1,0,4,0,0,0,0,0,0,1,0,1,0,1,0,0,26,2710,11,113,0
0,0,31,2,5,0,0,0,1,0,1.575,0,0,0,0,0,6,0,0,0,0,0,0,1,0,1,5.69661,0,0,1,34,2710,11,114,0
0,0,26,3,5,0,1,0,1,0,1.5625,0,0,0,0,1,4,0,0,0,0,0,0,1,0,1,5.049275,0,0,1,28,2710,11,115,0
0,0,22,4,5,0,0,0,1,0,1.55,0,0,0,0,0,4,0,0,0,0,0,0,1,0,1,0,1,0,1,26,2710,11,116,0
0,0,26,0,5,0,0,0,1,0,1.525,0,1,0,1,0,2,0,0,0,0,0,0,1,0,1,0,1,0,0,26,2710,11,117,0
1,0,24,2,5,0,0,0,1,0,1.5,0,0,0,0,0,4,0,0,0,0,0,0,1,0,1,0,1,0,0,35,2710,11,118,0
0,0,23,2,5,0,0,0,1,0,1.5875,0,0,0,1,0,0,0,1,0,0,0,0,1,0,1,0,1,0,0,26,2710,11,119,0
1,4,24,2,5,0,0,0,0,0,1.55,0,0,0,0,0,4,0,0,0,0,0,0,1,0,1,0,1,0,1,29,2710,11,120,0
0,0,28,2,5,0,0,0,1,0,1.5,0,0,0,1,0,4,0,0,0,0,0,0,1,0,1,0,1,0,1,40,2710,11,147,0
0,2,23,2,5,0,0,1,0,0,1.575,0,0,0,1,0,4,0,0,0,0,0,0,1,0,1,5.50987,0,0,0,40,2710,11,148,0
1,0,24,0,5,0,0,0,1,0,1.65,0,1,0,0,1,6,0,0,0,1,0,0,0,0,1,0,1,0,0,40,2710,11,149,0
0,0,24,2,5,0,0,0,1,0,1.625,0,0,0,0,0,4,0,0,0,0,0,0,1,0,1,0,1,0,0,40,2710,11,150,0
1,0,26,2,5,0,0,0,1,0,1.525,0,0,0,0,0,5,0,0,0,0,0,0,1,0,1,0,1,0,0,40,2710,11,151,0
0,0,27,3,5,0,0,0,1,0,1.6,0,0,0,0,0,0,0,1,0,0,0,0,1,0,1,0,1,0,1,40,2710,11,152,0
0,0,28,0,5,0,1,0,1,0,1.5,0,1,0,0,1,5,0,0,0,0,0,0,1,0,1,0,1,0,1,40,2710,11,153,0
1,0,25,2,5,0,0,0,1,0,1.6,0,0,0,0,0,4,0,0,0,0,0,0,1,0,1,5.049275,0,0,0,40,2710,11,154,0
0,0,36,0,5,0,1,0,1,0,1.4,0,1,0,0,0,4,0,0,0,0,0,0,1,8.377932,0,5.049275,0,0,0,41,2710,11,155,0
0,0,24,2,5,0,0,0,1,0,1.5,0,0,0,0,0,4,0,0,0,0,0,0,1,0,1,0,1,0,0,40,2710,11,156,0
0,0,36,1,5,0,1,0,1,0,1.525,0,0,0,0,0,0,0,1,0,0,0,0,1,0,1,5.50987,0,0,0,40,2710,11,157,0
1,0,23,3,5,0,0,0,1,0,1.55,0,0,0,0,0,4,0,0,0,0,0,0,1,0,1,0,1,0,1,40,2710,11,158,0
0,0,26,0,5,0,0,0,1,0,1.55,0,1,0,0,1,4,0,0,0,0,0,0,1,0,1,0,1,0,1,40,2710,11,159,0
1,0,26,3,5,0,0,0,1,0,1.5,0,0,0,0,1,4,0,0,0,0,0,0,1,0,1,0,1,0,0,40,2710,11,160,0
0,0,29,2,5,0,1,0,1,0,1.55,0,0,0,0,0,4,0,0,0,0,0,0,1,0,1,0,1,0,1,40,2710,11,161,0
1,0,23,2,5,0,0,0,1,0,1.6,0,0,0,0,1,4,0,0,0,0,0,0,1,0,1,0,1,0,0,40,2710,11,162,0
0,0,22,2,5,0,0,0,1,0,1.625,0,0,0,0,1,2,0,0,0,0,0,0,1,0,1,0,1,0,0,40,2710,11,163,0
1,0,26,3,5,0,0,0,1,0,1.575,0,0,0,0,0,0,0,1,0,0,0,0,1,0,1,0,1,0,0,40,2710,11,164,0
1,0,24,2,5,0,0,0,1,0,1.55,0,0,1,0,0,4,0,0,0,0,0,0,1,0,1,0,1,0,0,62,2710,11,165,0
1,0,25,2,5,0,0,0,1,0,0,1,0,0,1,0,5,0,0,0,0,0,0,1,0,1,0,1,0,0,62,2710,11,166,0
0,0,25,3,5,0,1,0,1,0,1.55,0,0,0,0,0,0,0,1,0,0,0,0,1,0,1,0,1,0,0,62,2710,11,167,0
0,0,26,2,5,0,1,0,1,0,1.55,0,0,0,0,0,4,0,0,0,1,0,0,0,0,1,0,1,0,0,58,2710,11,168,0
0,0,27,2,5,0,1,0,1,0,1.5,0,0,0,0,0,5,0,0,0,0,0,0,1,0,1,0,1,0,1,59,2710,11,169,0
1,0,23,2,5,0,0,0,1,0,1.475,0,0,0,0,0,4,0,0,0,0,0,0,1,0,1,0,1,0,0,59,2710,11,170,0
1,0,23,3,5,0,0,0,1,0,1.575,0,0,0,0,0,4,0,0,0,0,0,0,1,0,1,0,1,0,0,62,2710,11,171,0
1,0,30,3,5,0,0,0,1,0,1.55,0,0,0,0,0,1,0,0,0,0,0,0,1,0,1,0,1,0,1,62,2710,11,172,0
0,0,27,0,5,0,1,0,1,0,0,1,1,0,0,0,4,0,0,0,0,0,0,1,0,1,0,1,0,1,64,2710,11,181,0
0,0,27,4,5,0,1,0,1,0,1.55,0,0,0,0,0,4,0,0,0,0,0,0,1,0,1,0,1,0,0,36,2710,11,182,0
0,0,30,2,5,0,1,0,1,0,1.6,0,0,0,0,0,4,0,0,1,0,0,0,0,0,1,0,1,0,0,36,2710,11,183,0
0,0,26,2,5,0,0,0,1,0,1.525,0,0,0,1,0,0,0,1,0,0,0,0,1,0,1,0,1,0,0,34,2710,11,186,0
1,0,24,2,5,0,0,0,1,0,1.5625,0,0,0,0,0,5,0,0,0,0,0,0,1,0,1,0,1,0,1,73,2710,11,193,0
1,0,23,2,5,0,0,0,1,0,1.5,0,0,0,0,0,4,0,0,0,0,0,0,1,0,1,0,1,0,1,56,2710,11,194,0
1,0,24,2,5,0,0,0,1,0,1.525,0,0,0,0,0,4,0,0,0,0,0,0,1,0,1,0,1,0,0,43,2710,11,196,0
1,0,24,2,5,0,0,0,1,0,1.6,0,0,0,0,0,4,0,0,0,0,0,0,1,0,1,0,1,0,0,56,2710,11,197,0
0,0,29,2,5,0,1,0,1,0,1.575,0,0,0,0,0,4,0,0,1,0,0,0,0,0,1,0,1,0,0,40,2710,11,199,0
0,4,26,2,5,0,1,0,0,0,1.6,0,0,0,0,0,4,0,0,0,0,0,0,1,0,1,0,1,0,0,73,2710,11,201,1
0,4,24,2,5,0,1,0,0,0,1.575,0,0,0,0,0,4,0,0,0,0,0,0,1,0,1,0,1,0,0,73,2710,11,201,1
1,0,27,2,5,0,0,0,1,0,1.625,0,0,0,0,0,6,0,0,0,1,0,0,0,0,1,6.093101,0,0,1,38,2710,11,202,0
0,4,29,4,5,0,1,0,0,0,1.5,0,0,0,0,0,0,0,1,0,0,0,0,1,0,1,0,1,0,1,56,2710,11,203,0
0,0,26,2,5,0,1,0,1,0,1.525,0,0,0,0,0,4,0,0,0,0,0,0,1,0,1,0,1,0,1,38,2710,11,205,0
0,0,25,2,5,0,0,0,1,0,1.575,0,0,0,0,0,0,0,1,0,0,0,0,1,0,1,0,1,0,0,34,2710,11,206,0
1,0,32,2,5,0,0,0,1,0,1.55,0,0,0,0,0,4,0,0,0,0,0,0,1,0,1,0,1,0,0,38,2710,11,209,0
1,0,28,4,5,0,0,0,1,0,1.55,0,0,0,0,0,4,0,0,0,0,0,0,1,0,1,0,1,0,0,38,2710,11,210,0
1,0,23,4,5,0,0,0,1,0,1.6,0,0,0,1,0,4,0,0,0,0,0,0,1,0,1,0,1,0,0,38,2710,11,211,0
1,0,31,2,5,0,0,0,1,0,1.625,0,0,0,1,0,4,0,0,0,0,0,0,1,0,1,5.50987,0,0,1,56,2710,11,213,0
0,0,24,4,5,0,0,0,1,0,1.475,0,0,0,0,0,2,0,0,0,0,0,0,1,0,1,0,1,0,0,34,2710,11,219,0
0,0,27,2,5,0,1,0,1,0,1.55,0,0,0,0,1,5,0,0,0,0,1,0,0,0,1,0,1,0,0,56,2710,11,220,0
1,0,24,0,5,0,0,0,1,0,1.5,0,1,0,0,0,4,0,0,0,0,0,0,1,0,1,0,1,0,0,38,2710,11,222,0
1,0,30,0,5,0,0,0,1,0,1.675,0,1,0,0,1,4,0,0,0,0,0,0,1,0,1,0,1,0,0,38,2710,11,224,0
1,0,32,3,5,0,0,0,1,0,1.525,0,0,0,0,0,4,0,0,1,0,0,0,0,0,1,0,1,0,1,38,2710,11,225,0
0,4,24,2,5,0,1,0,0,0,1.55,0,0,0,1,0,4,0,0,0,0,0,0,1,0,1,0,1,0,0,34,2710,11,226,0
1,0,27,0,5,0,0,0,1,0,1.6,0,1,0,0,0,5,0,0,0,0,0,0,1,0,1,0,1,0,0,56,2710,11,227,0
1,0,26,2,5,0,0,0,1,0,1.575,0,0,0,0,1,5,0,0,0,0,0,0,1,0,1,0,1,0,1,38,2710,11,228,0
1,0,23,2,5,0,0,0,1,0,1.525,0,0,0,0,1,4,0,0,0,0,0,0,1,0,1,0,1,0,0,72,2710,11,229,0
1,0,23,2,5,0,0,0,1,0,1.525,0,0,0,0,0,4,0,0,0,0,0,0,1,0,1,0,1,0,0,72,2710,11,230,0
0,0,26,3,5,0,1,0,1,0,1.525,0,0,0,0,0,4,0,0,0,0,0,0,1,0,1,0,1,0,0,34,2710,11,232,0
0,4,23,2,5,0,0,0,0,0,1.575,0,0,0,0,1,4,0,0,1,0,0,0,0,0,1,0,1,0,1,38,2710,11,237,0
1,0,30,0,5,0,0,0,1,0,1.575,0,1,0,0,1,4,0,0,0,0,0,0,1,0,1,0,1,1,0,72,2710,11,240,1
1,0,27,0,5,0,0,0,1,0,1.55,0,1,0,0,1,2,0,0,0,0,0,0,1,0,1,0,1,1,0,72,2710,11,240,1
0,0,22,0,5,0,1,0,1,0,1.6,0,1,0,0,0,4,0,0,0,0,0,0,1,0,1,0,1,0,0,26,2710,11,243,0
1,0,24,2,5,0,0,0,1,0,1.5,0,0,0,0,0,4,0,0,0,0,0,0,1,0,1,0,1,0,0,34,2710,11,245,0
0,2,23,2,5,0,1,1,0,0,1.575,0,0,0,0,0,2,0,0,0,0,0,0,1,0,1,0,1,0,0,34,2710,11,246,0
1,0,19,2,5,0,0,0,1,0,0,1,0,0,0,0,0,0,1,0,0,0,0,1,0,1,0,1,0,1,34,2710,11,250,0
0,0,29,0,5,0,0,0,1,0,1.55,0,1,0,0,1,0,0,1,0,0,0,0,1,0,1,6.094067,0,0,1,34,2710,11,251,0
0,0,23,2,5,0,1,0,1,0,1.575,0,0,0,0,0,5,0,0,0,0,0,0,1,0,1,0,1,0,1,25,2710,11,79,0
0,0,25,0,5,0,0,0,1,0,1.575,0,1,0,0,1,4,0,0,0,0,0,0,1,0,1,0,1,0,0,25,2710,11,80,0
0,0,28,2,5,0,1,0,1,0,1.525,0,0,0,1,0,4,0,0,0,0,0,0,1,0,1,0,1,0,1,25,2710,11,81,0
0,0,24,2,5,0,1,0,1,0,1.575,0,0,0,0,1,4,0,0,0,0,0,0,1,0,1,0,1,0,1,25,2710,11,82,0
0,2,25,0,5,0,1,1,0,0,1.525,0,1,0,0,0,4,0,0,0,0,0,0,1,0,1,0,1,0,0,63,2710,11,83,0
0,0,24,2,5,0,0,0,1,0,1.5,0,0,0,0,0,0,0,1,0,0,0,0,1,0,1,0,1,0,0,25,2710,11,84,0
0,0,22,2,5,0,0,0,1,0,1.525,0,0,0,1,0,4,0,0,0,0,0,0,1,0,1,0,1,0,1,26,2710,11,85,0
0,0,25,3,5,0,0,0,1,0,1.525,0,0,0,0,0,4,0,0,0,0,0,0,1,8.294049,0,0,1,0,1,26,2710,11,86,0
0,0,22,3,5,0,0,0,1,0,1.625,0,0,0,0,0,4,0,0,0,0,0,0,1,0,1,0,1,0,0,26,2710,11,87,0
0,0,26,2,5,0,1,0,1,0,1.625,0,0,0,0,0,5,0,0,0,0,0,0,1,0,1,0,1,0,0,26,2710,11,88,0
1,4,25,2,5,0,0,0,0,0,1.55,0,0,0,1,0,4,0,0,0,0,0,0,1,0,1,0,1,0,1,29,2710,11,89,0
0,2,30,2,5,0,1,1,0,0,1.575,0,0,0,0,0,0,0,1,0,0,0,0,1,0,1,5.794884,0,0,0,25,2710,11,90,0
0,0,27,2,5,0,1,0,1,0,1.575,0,0,0,0,0,4,0,0,0,0,0,0,1,0,1,0,1,0,0,26,2710,11,91,0
0,0,20,3,5,0,0,0,1,0,1.525,0,0,0,0,0,2,0,0,0,0,0,0,1,0,1,0,1,0,0,26,2710,11,92,0
0,0,18,2,5,0,0,0,1,0,1.65,0,0,0,1,0,2,0,0,0,0,0,0,1,0,1,0,1,0,0,34,2710,11,93,0
0,0,28,2,5,0,0,0,1,0,1.55,0,0,0,0,0,4,0,0,0,0,0,0,1,0,1,0,1,0,1,34,2710,11,94,0
0,0,27,3,5,0,0,0,1,0,1.575,0,0,0,0,1,2,0,0,0,0,0,0,1,0,1,0,1,0,1,26,2710,11,95,0
1,0,29,2,5,0,0,0,1,0,1.5,0,0,0,1,0,0,0,1,0,0,0,0,1,8.987197,0,5.049275,0,0,1,26,2710,11,96,0
0,0,27,2,5,0,1,0,1,0,1.55,0,0,0,1,0,5,0,0,0,0,0,0,1,0,1,0,1,0,0,26,2710,11,97,0
1,0,23,1,5,0,0,0,1,0,1.625,0,0,0,1,0,4,0,0,0,0,0,0,1,0,1,0,1,0,1,35,2710,11,98,0
0,0,26,2,5,0,0,0,1,0,1.525,0,0,0,1,0,4,0,0,0,0,0,0,1,0,1,0,1,0,1,25,2710,11,99,0
0,5,24,3,5,0,0,0,0,0,1.575,0,0,0,0,1,5,0,0,0,0,0,0,1,0,1,0,1,0,0,34,2710,12,72,0
0,0,30,0,5,0,1,0,1,0,1.575,0,1,0,0,0,4,0,0,0,0,0,0,1,0,1,0,1,0,0,72,2710,14,1,0
1,0,27,2,5,0,0,0,1,0,1.575,0,0,0,1,0,4,0,0,0,0,0,0,1,0,1,0,1,0,1,28,2710,14,3,0
0,0,26,4,5,0,1,0,1,0,1.5,0,0,0,0,0,1,0,0,0,0,0,0,1,0,1,0,1,0,0,72,2710,14,4,0
0,2,33,0,5,0,0,1,0,0,1.6,0,1,0,1,0,6,0,0,0,0,1,0,0,0,1,6.094067,0,0,0,34,2710,14,8,0
1,0,23,4,5,0,0,0,1,0,1.55,0,0,0,0,1,0,0,1,0,0,0,0,1,0,1,0,1,0,1,34,2710,14,9,0
0,0,22,4,5,0,1,0,1,0,1.55,0,0,0,0,0,4,0,0,0,0,0,0,1,0,1,0,1,0,0,60,2710,14,10,0
1,0,26,0,5,0,0,0,1,0,1.525,0,1,0,0,1,0,0,1,0,0,0,0,1,0,1,6.094067,0,0,1,38,2710,14,11,0
0,0,26,0,5,0,1,0,1,0,1.575,0,1,0,0,0,4,0,0,0,0,0,0,1,0,1,0,1,0,0,29,2710,14,13,0
0,0,24,2,5,0,0,0,1,0,1.575,0,0,0,0,1,5,0,0,0,0,0,0,1,0,1,0,1,0,1,34,2710,14,15,0
0,0,25,3,5,0,1,0,1,0,1.575,0,0,1,0,0,4,0,0,0,0,0,0,1,0,1,0,1,0,0,73,2710,14,16,0
1,4,26,2,5,0,0,0,0,0,1.625,0,0,0,0,0,5,0,0,0,0,0,0,1,0,1,0,1,0,0,56,2710,14,17,0
0,0,0,2,5,0,1,0,1,1,0,1,0,0,0,0,4,0,0,1,0,0,0,0,0,1,0,1,0,1,36,2912,11,116,0
0,0,28,4,5,0,1,0,1,0,1.5,0,0,0,0,1,4,0,0,0,0,0,0,1,0,1,0,1,0,1,36,2912,11,117,0
0,0,28,1,5,0,1,0,1,0,1.5875,0,0,1,0,0,5,0,0,0,0,0,1,0,0,1,0,1,0,1,34,2912,11,125,0
1,0,30,3,5,0,0,0,1,0,1.55,0,0,0,0,0,4,0,0,1,0,0,0,0,0,1,0,1,0,0,72,2912,11,127,0
0,0,25,0,5,0,1,0,1,0,1.575,0,1,0,1,0,4,0,0,0,0,1,0,0,0,1,0,1,0,0,42,2912,11,130,0
0,0,28,2,5,0,0,0,1,0,1.55,0,0,0,0,0,4,0,0,1,0,0,0,0,0,1,0,1,0,1,34,2912,11,133,0
0,0,24,2,5,0,0,0,1,0,1.575,0,0,0,1,0,0,0,1,0,0,0,0,1,0,1,0,1,0,1,34,2912,11,134,0
0,2,25,1,5,0,1,1,0,0,1.55,0,0,1,0,0,4,0,0,0,0,0,0,1,8.987197,0,5.825603,0,0,1,72,2912,11,139,0
0,0,22,4,5,0,1,0,1,0,1.575,0,0,0,0,0,0,0,1,0,0,0,0,1,0,1,0,1,0,0,34,2912,11,142,0
1,2,26,0,5,0,0,1,0,0,1.625,0,1,0,0,0,5,0,0,1,0,0,0,0,0,1,0,1,0,0,72,2912,11,144,0
0,0,26,2,5,0,1,0,1,0,1.5,0,0,0,0,0,5,0,0,1,0,0,0,0,0,1,0,1,0,1,72,2912,11,148,0
0,0,21,2,5,0,0,0,1,0,1.5875,0,0,0,1,0,0,0,1,0,0,0,0,1,0,1,0,1,0,1,38,2912,11,150,0
1,0,24,0,5,0,0,0,1,0,1.625,0,1,1,0,0,5,0,0,1,0,0,0,0,0,1,0,1,0,1,59,2912,11,157,0
0,0,31,0,5,0,0,0,1,0,0,1,1,0,1,0,5,0,0,0,0,1,0,0,0,1,0,1,0,1,25,2912,12,126,0
0,0,28,2,5,0,1,0,1,0,1.5,0,0,0,1,0,0,0,1,0,0,0,0,1,0,1,5.50987,0,0,1,28,2912,12,127,0
0,0,29,4,5,0,0,0,1,0,1.55,0,0,0,0,1,2,0,0,0,0,0,0,1,0,1,0,1,0,0,28,2912,12,128,0
0,0,26,0,5,0,0,0,1,0,1.525,0,1,0,0,1,5,0,0,0,1,0,0,0,0,1,0,1,0,0,26,2912,12,129,0
0,0,31,2,5,0,0,0,1,0,1.525,0,0,0,1,0,5,0,0,1,0,0,0,0,0,1,0,1,0,0,26,2912,12,130,0
0,0,0,1,5,0,0,0,1,1,0,1,0,0,0,0,4,0,0,1,0,0,0,0,0,1,0,1,0,0,26,2912,12,131,0
0,0,25,2,5,0,0,0,1,0,1.55,0,0,0,0,0,4,0,0,1,0,0,0,0,0,1,0,1,0,1,26,2912,12,132,0
0,2,22,4,5,0,0,1,0,0,1.5,0,0,0,1,0,4,0,0,0,1,0,0,0,0,1,0,1,0,0,26,2912,12,133,0
0,0,25,4,5,0,0,0,1,0,1.55,0,0,0,0,0,5,0,0,1,0,0,0,0,0,1,0,1,0,0,26,2912,12,134,0
0,0,23,0,5,0,0,0,1,0,1.55,0,1,0,0,0,4,0,0,1,0,0,0,0,0,1,0,1,0,0,26,2912,12,135,0
0,0,22,2,5,0,0,0,1,0,1.575,0,0,0,1,0,4,0,0,1,0,0,0,0,0,1,0,1,1,0,26,2912,12,136,0
0,5,22,2,5,0,0,0,0,0,1.6,0,0,0,1,0,0,0,1,0,0,0,0,1,0,1,0,1,0,1,25,2912,12,137,0
0,0,29,3,5,0,1,0,1,0,1.575,0,0,0,0,0,5,0,0,1,0,0,0,0,0,1,0,1,0,1,25,2912,12,138,0
0,0,22,4,5,0,0,0,1,0,1.5,0,0,0,0,0,4,0,0,0,0,1,0,0,0,1,0,1,0,1,34,2912,12,139,0
0,4,25,3,5,0,0,0,0,0,1.6,0,0,0,0,0,4,0,0,1,0,0,0,0,0,1,0,1,0,1,26,2912,12,140,0
0,0,28,2,5,0,0,0,1,0,1.575,0,0,0,0,1,4,0,0,1,0,0,0,0,0,1,0,1,0,0,26,2912,12,141,0
0,0,27,3,5,0,0,0,1,0,1.575,0,0,0,0,0,2,0,0,0,0,0,0,1,0,1,0,1,0,1,26,2912,12,142,0
0,0,33,0,5,0,0,0,1,0,1.55,0,1,0,0,0,1,0,0,0,0,0,0,1,0,1,0,1,0,1,26,2912,12,143,0
0,0,26,2,5,0,1,0,1,0,1.575,0,0,0,0,0,5,0,0,0,0,1,0,0,0,1,5.825603,0,0,1,28,2912,12,144,0
0,0,26,1,5,0,1,0,1,0,1.5625,0,0,0,0,0,5,0,0,0,0,1,0,0,0,1,0,1,0,1,26,2912,12,145,0
1,4,35,2,5,0,0,0,0,0,1.575,0,0,0,0,1,1,0,0,0,0,0,0,1,0,1,0,1,0,0,59,2912,13,29,1
0,0,26,2,5,0,1,0,1,0,1.575,0,0,0,1,0,6,0,0,0,1,0,0,0,0,1,0,1,0,0,62,3003,10,50,0
1,0,34,4,5,0,0,0,1,0,1.575,0,0,0,0,1,5,0,0,1,0,0,0,0,0,1,0,1,0,1,64,3003,10,51,0
1,0,29,0,5,0,0,0,1,0,1.6,0,1,0,1,0,4,0,0,1,0,0,0,0,0,1,0,1,0,1,36,3003,10,52,0
1,0,24,2,5,0,0,0,1,0,1.525,0,0,0,1,0,4,0,0,1,0,0,0,0,0,1,0,1,0,1,36,3003,10,53,0
1,0,22,2,5,0,0,0,1,0,1.575,0,0,0,1,0,4,0,0,0,0,0,0,1,0,1,0,1,0,1,36,3003,10,54,0
1,0,0,0,5,0,0,0,1,1,0,1,1,0,0,1,5,0,0,1,0,1,0,0,0,1,0,1,0,1,40,3003,10,60,0
0,2,25,0,5,0,0,1,0,0,1.575,0,1,1,0,0,4,0,0,1,0,0,0,0,0,1,0,1,0,1,34,3003,10,61,0
0,0,25,2,5,0,1,0,1,0,1.525,0,0,1,0,0,4,0,0,1,0,0,0,0,0,1,0,1,0,1,34,3003,10,64,0
1,0,27,0,5,0,0,0,1,0,1.575,0,1,0,1,0,4,0,0,1,0,0,0,0,0,1,0,1,0,1,34,3003,10,66,0
0,0,35,2,5,0,1,0,1,0,1.525,0,0,1,0,0,5,0,0,1,0,0,0,0,0,1,0,1,0,0,34,3003,10,71,0
1,0,31,3,5,0,0,0,1,0,1.575,0,0,0,1,0,5,0,0,1,0,0,0,0,0,1,0,1,0,1,43,3003,10,75,0
0,0,26,0,5,0,0,0,1,0,1.5625,0,1,0,0,1,5,0,0,1,0,0,0,0,0,1,0,1,0,1,34,3003,10,76,0
1,0,31,3,5,0,0,0,1,0,1.55,0,0,0,1,0,0,0,1,0,0,0,0,1,0,1,5.50987,0,0,1,72,3003,10,78,0
0,0,40,2,5,0,1,0,1,0,1.55,0,0,0,0,1,4,0,0,1,0,1,0,0,0,1,0,1,0,1,59,3003,10,80,0
1,0,23,2,5,0,0,0,1,0,1.425,0,0,0,1,0,4,0,0,0,0,1,0,0,0,1,0,1,0,0,73,3003,10,82,0
1,0,31,4,5,0,0,0,1,0,1.625,0,0,0,1,0,5,0,0,1,0,0,0,0,8.987197,0,5.50987,0,0,1,26,3003,10,83,0
0,0,34,2,5,0,1,0,1,0,1.55,0,0,0,0,1,5,0,0,1,0,0,0,0,0,1,0,1,0,1,34,3003,10,84,0
0,0,28,2,5,0,0,0,1,0,1.575,0,0,0,0,1,4,0,0,0,0,1,0,0,0,1,0,1,0,0,49,3003,12,101,0
0,0,26,2,5,0,1,0,1,0,1.6125,0,0,0,0,1,4,0,0,0,0,1,0,0,0,1,0,1,0,1,40,3003,12,102,0
0,0,26,2,5,0,1,0,1,0,1.55,0,0,0,0,1,4,0,0,1,0,0,0,0,0,1,0,1,0,0,40,3003,12,103,0
0,2,27,0,5,0,1,1,0,0,1.5,0,1,0,0,1,4,0,0,1,0,0,0,0,0,1,5.50987,0,0,1,40,3003,12,104,0
0,0,31,2,5,0,1,0,1,0,1.55,0,0,0,0,1,4,0,0,1,0,0,0,0,0,1,0,1,0,1,40,3003,12,105,0
0,2,27,2,5,0,1,1,0,0,1.525,0,0,0,1,0,4,0,0,0,0,0,0,1,0,1,0,1,0,0,40,3003,12,107,0
0,0,26,4,5,0,0,0,1,0,1.55,0,0,0,0,1,6,0,0,1,0,0,0,0,0,1,0,1,0,1,40,3003,12,108,0
0,0,27,1,5,0,0,0,1,0,1.575,0,0,0,1,0,4,0,0,0,0,1,0,0,0,1,5.794884,0,0,0,40,3003,12,109,0
0,0,30,3,5,0,0,0,1,0,1.575,0,0,0,0,0,5,0,0,1,0,0,0,0,0,1,0,1,0,1,40,3003,12,110,0
0,0,21,2,5,0,0,0,1,0,1.575,0,0,0,1,0,4,0,0,1,0,0,0,0,0,1,0,1,0,0,40,3003,12,111,0
0,0,26,2,5,0,1,0,1,0,1.5375,0,0,0,0,1,5,0,0,1,0,0,0,0,0,1,0,1,0,1,40,3003,12,112,0
1,0,25,2,5,0,0,0,1,0,1.5,0,0,0,0,1,5,0,0,1,0,0,0,0,0,1,0,1,0,1,40,3003,12,112,0
1,0,26,2,5,0,0,0,1,0,1.6,0,0,0,0,1,5,0,0,1,0,0,0,0,0,1,0,1,0,1,62,3003,12,113,0
0,0,25,2,5,0,0,0,1,0,1.6,0,0,0,1,0,0,0,1,0,0,0,0,1,0,1,0,1,0,1,59,3003,12,114,0
1,4,27,2,5,0,0,0,0,0,1.5875,0,0,0,0,1,4,0,0,1,0,0,0,0,0,1,0,1,0,1,58,3003,12,115,0
1,0,32,0,5,0,0,0,1,0,1.5,0,1,0,0,1,4,0,0,1,0,0,0,0,0,1,0,1,0,1,59,3003,12,116,0
1,0,23,2,5,0,0,0,1,0,1.55,0,0,0,0,1,4,0,0,0,0,1,0,0,0,1,0,1,0,1,62,3003,12,117,0
0,0,26,2,5,0,1,0,1,0,1.65,0,0,0,0,0,4,0,0,0,1,0,0,0,0,1,0,1,0,1,62,3003,12,118,0
1,0,27,3,5,0,0,0,1,0,1.625,0,0,0,0,1,2,0,0,0,0,0,0,1,0,1,0,1,0,1,62,3003,12,119,0
1,0,21,2,5,0,0,0,1,0,1.6,0,0,0,0,1,4,0,0,1,0,0,0,0,0,1,0,1,0,1,62,3003,12,120,0
1,0,29,4,5,0,0,0,1,0,1.55,0,0,0,0,0,4,0,0,1,0,1,0,0,0,1,0,1,0,1,62,3003,12,121,0
1,0,27,0,5,0,0,0,1,0,1.55,0,1,0,1,0,6,0,0,0,0,1,0,0,0,1,5.189394,0,0,0,62,3003,12,122,0
0,5,31,0,5,0,1,0,0,0,1.64,0,1,0,0,1,6,0,0,0,0,0,0,1,0,1,5.794884,0,1,0,62,3003,12,123,0
0,0,24,3,5,0,0,0,1,0,1.575,0,0,0,1,0,0,0,1,0,0,0,1,0,0,1,0,1,0,1,26,3003,12,85,0
0,0,31,2,5,0,0,0,1,0,0,1,0,0,1,0,5,0,0,1,0,1,0,0,0,1,5.447579,0,1,0,26,3003,12,86,0
0,0,25,2,5,0,0,0,1,0,1.55,0,0,0,0,1,1,0,0,0,0,0,0,1,0,1,0,1,0,0,26,3003,12,87,0
0,0,30,3,5,0,0,0,1,0,1.575,0,0,0,0,1,5,0,0,1,0,0,0,0,0,1,0,1,0,1,25,3003,12,88,0
0,0,23,2,5,0,0,0,1,0,0,1,0,0,1,0,4,0,0,1,0,0,0,0,0,1,0,1,1,0,26,3003,12,89,0
0,0,26,2,5,0,1,0,1,0,1.65,0,0,0,1,0,4,0,0,1,0,0,0,0,0,1,0,1,0,1,73,3003,14,25,0
0,0,28,3,5,0,0,0,1,0,1.575,0,0,0,1,0,1,0,0,1,0,0,0,0,0,1,0,1,0,1,26,3003,14,34,0
0,0,31,2,5,0,0,0,1,0,1.6,0,0,0,1,0,5,0,0,1,0,0,0,0,0,1,5.825603,0,0,0,26,3003,14,35,0
0,0,25,0,5,0,0,0,1,0,1.6,0,1,0,1,0,4,0,0,0,0,0,0,1,0,1,0,1,0,0,26,3003,14,36,0
0,5,35,3,5,0,0,0,0,0,1.525,0,0,0,1,0,5,0,0,1,0,0,0,0,0,1,0,1,0,1,35,3003,14,37,0
0,0,26,2,5,0,0,0,1,0,1.55,0,0,0,1,0,2,0,0,0,0,0,0,1,0,1,0,1,0,0,26,3003,14,38,0
0,0,32,3,5,0,0,0,1,0,0,1,0,0,0,1,4,0,0,0,0,0,0,1,0,1,0,1,0,0,26,3003,14,39,0
0,0,24,4,5,0,0,0,1,0,1.575,0,0,0,0,1,4,0,0,1,0,0,0,0,0,1,0,1,0,0,26,3003,14,40,0
1,0,25,2,5,0,0,0,1,0,1.5625,0,0,0,0,1,5,0,0,1,0,0,0,0,0,1,0,1,0,1,72,3003,14,41,0
0,0,25,0,5,0,1,0,1,0,1.55,0,1,0,1,0,5,0,0,1,0,0,0,0,0,1,0,1,0,1,38,3003,14,42,0
