1,0,32,0,4,0,0,0,1,0,1.651,0,1,0,0,0,3,0,0,0,0,1,0,0,9.21034,0,0,1,0,0,24,413,0,0,0
1,0,34,0,4,0,0,0,1,0,1.6764,0,1,0,0,0,0,0,1,0,0,0,0,1,0,1,0,1,1,1,20,360,0,0,0
0,0,32,0,4,0,0,0,1,0,1.7272,0,1,0,0,0,2,0,0,0,0,0,0,1,0,1,0,1,0,0,20,582,0,0,0
0,0,30,0,4,0,0,0,1,0,1.675,0,1,0,0,1,4,0,0,0,1,0,0,0,9.21034,0,4.159452,0,0,1,95,112,11,164,0
1,4,37,0,4,0,0,0,0,0,1.625,0,1,0,0,1,0,0,1,0,0,0,0,1,9.903487,0,4.159452,0,0,1,20,112,11,216,0
0,0,34,0,4,0,1,0,1,0,1.65,0,1,0,0,1,4,0,0,0,0,1,0,0,8.517193,0,4.159452,0,1,0,20,112,14,109,0
0,2,32,0,4,0,0,1,0,0,1.7,0,1,0,0,1,6,0,0,0,0,1,0,0,0,1,5.50987,0,0,0,20,112,14,110,0
0,4,35,0,4,0,1,0,0,0,1.625,0,1,0,0,1,0,0,1,0,0,0,0,1,0,1,4.159452,0,0,0,20,112,14,111,0
1,2,28,0,4,0,0,1,0,0,1.625,0,1,0,0,1,6,0,0,0,0,1,0,0,0,1,0,1,0,0,20,112,14,112,0
0,2,33,0,4,0,1,1,0,0,1.7,0,1,0,0,1,0,0,1,0,0,0,0,1,9.25913,0,5.50987,0,0,1,20,112,14,113,0
1,0,33,0,4,0,0,0,1,0,1.65,0,1,0,0,1,4,0,0,0,1,0,0,0,0,1,0,1,0,0,20,112,14,114,0
0,2,33,0,4,0,0,1,0,0,1.8,0,1,0,0,1,6,0,0,0,1,0,0,0,9.21034,0,4.159452,0,0,1,20,112,14,115,0
0,0,30,0,4,0,0,0,1,0,0,1,1,0,0,1,5,0,0,0,1,1,0,0,0,1,5.794884,0,0,1,20,112,14,116,0
1,5,30,0,4,0,0,0,0,0,1.7,0,1,0,0,1,0,0,1,0,0,0,0,1,0,1,4.159452,0,0,0,20,112,14,117,0
1,0,0,0,4,0,0,0,1,1,1.65,0,1,0,0,1,4,0,0,0,1,0,0,0,0,1,0,1,0,0,20,112,14,118,0
0,6,30,0,4,0,0,0,0,0,1.8,0,1,0,0,1,6,0,0,0,0,1,0,0,0,1,6.094067,0,0,0,20,112,14,119,0
0,0,26,0,4,0,0,0,1,0,1.7,0,1,0,0,1,6,0,0,0,1,1,0,0,9.998797,0,6.093101,0,0,0,20,112,14,120,0
0,0,30,0,4,0,0,0,1,0,1.7,0,1,0,0,1,6,0,0,0,1,1,0,0,0,1,6.093101,0,0,0,20,112,14,121,0
0,0,33,0,4,0,0,0,1,0,0,1,1,0,0,1,4,0,0,0,1,0,0,0,0,1,0,1,0,0,20,112,14,122,0
1,0,0,0,4,0,0,0,1,1,0,1,1,0,0,1,0,0,1,0,0,0,0,1,0,1,5.50987,0,0,0,20,112,14,123,0
0,2,27,0,4,0,1,1,0,0,1.675,0,1,0,0,1,5,0,0,0,0,1,0,0,9.21034,0,5.794884,0,0,1,20,112,14,124,0
0,0,36,0,4,0,0,0,1,0,1.7,0,1,0,0,1,4,0,0,0,1,0,0,0,9.126959,0,5.825603,0,1,0,20,112,14,125,0
0,0,34,0,4,0,0,0,1,0,1.7,0,1,0,0,1,4,0,0,0,1,0,0,0,0,1,4.159452,0,0,0,20,112,14,126,0
0,0,31,0,4,0,0,0,1,0,1.725,0,1,0,0,1,4,0,0,1,0,0,0,0,9.615806,0,4.159452,0,0,0,20,112,14,127,0
1,0,32,0,4,0,0,0,1,0,1.65,0,1,0,0,1,4,0,0,0,1,0,0,0,9.472705,0,5.825603,0,0,0,20,112,14,128,0
1,0,29,0,4,0,0,0,1,0,1.65,0,1,0,0,1,4,0,0,0,0,1,0,0,9.10498,0,5.825603,0,0,0,20,112,14,129,0
1,0,35,0,4,0,0,0,1,0,1.6,0,1,0,0,1,4,0,0,0,1,0,0,0,9.615806,0,5.308418,0,0,0,20,112,14,130,0
0,0,33,0,4,0,0,0,1,0,1.625,0,1,0,0,1,3,0,0,0,0,1,0,0,9.10498,0,5.825603,0,0,0,20,112,14,131,0
0,0,28,0,4,0,0,0,1,0,1.65,0,1,0,0,1,5,0,0,0,1,0,0,0,0,1,4.159452,0,0,0,20,112,14,132,0
0,0,33,0,4,0,0,0,1,0,1.575,0,1,0,0,1,4,0,0,0,0,1,0,0,9.10498,0,4.710353,0,0,0,20,112,14,133,0
0,4,34,0,4,0,0,0,0,0,1.6,0,1,0,0,1,0,0,1,0,0,0,0,1,8.987197,0,5.50987,0,0,1,20,112,14,134,0
0,2,36,0,4,0,0,1,0,0,1.775,0,1,0,0,1,0,0,1,0,0,0,0,1,9.680344,0,6.093101,0,0,0,20,112,14,135,0
0,0,0,0,4,0,1,0,1,1,0,1,1,0,0,1,0,0,1,0,0,0,0,1,9.159047,0,5.825603,0,0,0,20,112,14,136,0
0,2,36,0,4,0,1,1,0,0,1.8,0,1,0,0,1,5,0,0,0,0,1,0,0,10.12663,0,0,1,0,0,20,112,14,137,0
0,2,36,0,4,0,0,1,0,0,1.625,0,1,0,0,1,4,0,0,0,0,1,0,0,0,1,5.825603,0,0,1,20,112,14,138,0
0,0,34,0,4,0,0,0,1,0,1.75,0,1,0,0,1,6,0,0,0,1,1,0,0,9.903487,0,4.159452,0,0,0,20,112,14,139,0
0,6,31,0,4,0,1,0,0,0,1.65,0,1,0,0,1,0,0,1,0,0,0,0,1,0,1,0,1,0,1,20,112,14,140,0
0,0,33,0,4,0,1,0,1,0,0,1,1,0,0,1,2,0,0,0,0,0,0,1,0,1,5.447579,0,0,0,20,112,14,142,0
0,0,33,0,4,0,0,0,1,0,0,1,1,0,0,1,4,0,0,0,0,1,0,0,0,1,0,1,0,0,20,112,14,143,0
1,0,36,0,4,0,0,0,1,0,1.7,0,1,0,0,1,4,0,0,0,0,1,0,0,0,1,4.159452,0,0,0,20,112,14,144,0
0,0,30,0,4,0,0,0,1,0,1.675,0,1,0,0,1,4,0,0,0,1,0,0,0,0,1,0,1,0,0,20,112,14,145,0
0,0,31,0,4,0,1,0,1,0,1.75,0,1,0,0,1,0,0,1,0,0,0,1,0,0,1,5.50987,0,0,1,20,112,14,146,0
0,0,33,0,4,0,1,0,1,0,1.625,0,1,0,0,1,2,0,0,0,1,0,0,0,0,1,4.159452,0,0,0,20,112,14,147,0
0,0,28,0,4,0,0,0,1,0,0,1,1,0,0,1,4,0,0,0,0,0,0,1,0,1,6.093101,0,0,0,20,112,14,148,0
1,4,30,0,4,0,0,0,0,0,1.7,0,1,0,0,1,0,0,1,0,0,0,0,1,8.922658,0,5.404466,0,0,1,20,112,14,149,0
0,0,30,0,4,0,0,0,1,0,1.675,0,1,0,0,1,4,0,0,0,0,1,0,0,0,1,6.093101,0,0,0,20,112,14,150,0
0,0,31,0,4,0,0,0,1,0,1.65,0,1,0,0,1,4,0,0,0,1,0,0,0,0,1,4.159452,0,0,0,21,112,14,151,0
0,0,33,0,4,0,0,0,1,0,1.575,0,1,0,0,1,2,0,0,0,0,0,0,1,9.392662,0,4.159452,0,0,0,20,112,14,152,0
0,0,28,0,4,0,0,0,1,0,1.775,0,1,0,0,1,6,0,0,0,0,1,0,0,0,1,6.094067,0,0,0,20,112,14,153,0
0,0,31,0,4,0,1,0,1,0,0,1,1,0,0,1,5,0,0,0,0,1,0,0,9.825526,0,5.825603,0,0,0,20,112,14,154,0
0,0,28,0,4,0,0,0,1,0,1.675,0,1,0,0,1,5,0,0,0,0,1,0,0,0,1,5.794884,0,0,0,20,112,14,155,0
0,0,31,0,4,0,1,0,1,0,0,1,1,0,0,1,5,0,0,0,0,1,0,0,9.836279,0,5.825603,0,0,0,20,112,14,156,0
0,0,34,0,4,0,0,0,1,0,1.75,0,1,0,0,1,6,0,0,0,0,1,0,0,0,1,6.094067,0,0,0,20,112,14,157,0
0,4,35,0,4,0,0,0,0,0,1.6,0,1,0,0,1,0,0,1,0,0,0,0,1,0,1,5.794884,0,0,1,20,112,14,158,0
0,0,32,0,4,0,1,0,1,0,1.6,0,1,0,0,1,4,0,0,0,0,1,0,0,0,1,5.50987,0,0,0,20,112,14,159,0
1,0,34,0,4,0,0,0,1,0,1.65,0,1,0,0,1,4,0,0,0,1,0,0,0,0,1,4.159452,0,0,0,20,112,14,160,0
1,0,33,0,4,0,0,0,1,0,1.725,0,1,0,0,1,5,0,0,1,0,0,0,0,8.922658,0,5.50987,0,0,0,20,112,14,161,0
0,4,31,0,4,0,0,0,0,0,1.675,0,1,0,0,1,4,0,0,1,0,0,0,0,0,1,0,1,0,0,20,112,14,162,0
0,0,32,0,4,0,1,0,1,0,1.625,0,1,0,0,1,4,0,0,0,1,0,0,0,0,1,4.159452,0,0,0,20,112,14,163,0
0,0,32,0,4,0,0,0,1,0,1.65,0,1,0,0,1,1,0,0,0,0,0,0,1,0,1,0,1,0,0,20,112,14,164,0
0,0,30,0,4,0,0,0,1,0,0,1,1,0,0,1,5,0,0,0,1,0,0,0,11.33857,0,5.50987,0,0,0,21,112,14,165,0
0,0,28,0,4,0,1,0,1,0,1.775,0,1,0,0,1,5,0,0,0,0,1,0,0,0,1,5.794884,0,0,0,20,112,14,166,0
0,0,30,0,4,0,0,0,1,0,1.675,0,1,0,0,1,4,0,0,0,1,0,0,0,0,1,4.159452,0,0,0,20,112,14,168,0
0,0,29,0,4,0,1,0,1,0,1.775,0,1,0,0,1,0,0,1,0,0,0,0,1,8.987197,0,0,1,0,0,20,112,14,169,0
1,4,33,0,4,0,0,0,0,0,1.575,0,1,0,0,1,0,0,1,0,0,0,0,1,0,1,0,1,0,0,20,112,14,170,0
0,0,29,0,4,0,0,0,1,0,1.775,0,1,0,0,1,4,0,0,0,0,1,0,0,0,1,0,1,0,0,20,112,14,171,0
0,0,50,0,4,0,0,0,1,0,1.675,0,1,0,0,1,0,0,1,0,0,0,0,1,10.08581,0,5.825603,0,0,0,20,112,14,172,0
1,0,36,0,4,0,0,0,1,0,1.725,0,1,0,0,1,5,0,0,1,1,0,0,0,0,1,0,1,0,0,20,112,14,173,0
0,0,33,0,4,0,0,0,1,0,1.75,0,1,0,0,1,4,0,0,0,1,0,0,0,10.12663,0,5.50987,0,0,0,20,112,14,174,0
0,0,35,0,4,0,0,0,1,0,1.65,0,1,0,0,1,4,0,0,0,0,1,0,0,0,1,0,1,0,0,20,112,14,175,0
0,0,30,0,4,0,1,0,1,0,1.725,0,1,0,0,1,5,0,0,0,1,0,0,0,0,1,0,1,0,0,20,112,14,176,0
0,0,49,0,4,0,0,0,1,0,1.7,0,1,0,0,1,4,0,0,0,1,0,0,0,0,1,4.159452,0,0,0,20,112,14,177,0
0,0,29,0,4,0,0,0,1,0,1.5875,0,1,0,0,1,5,0,0,0,0,1,0,0,0,1,5.825603,0,0,0,20,112,14,178,0
1,4,34,0,4,0,0,0,0,0,0,1,1,0,0,1,4,0,0,1,0,0,0,0,0,1,4.159452,0,0,0,20,112,14,179,0
0,2,32,0,4,0,0,1,0,0,1.7,0,1,0,0,1,4,0,0,0,1,0,0,0,0,1,4.159452,0,0,1,20,112,14,180,0
0,4,37,0,4,0,0,0,0,0,1.675,0,1,0,0,1,4,0,0,0,0,1,0,0,0,1,5.50987,0,0,0,20,112,14,181,0
0,2,36,0,4,0,1,1,0,0,1.8,0,1,0,0,1,0,0,1,0,0,0,0,1,0,1,4.159452,0,0,0,20,112,14,182,0
0,0,33,0,4,0,0,0,1,0,1.675,0,1,0,0,1,2,0,0,0,0,0,0,1,8.922658,0,4.159452,0,0,0,20,112,14,183,0
0,0,32,0,4,0,0,0,1,0,1.6625,0,1,0,0,1,5,0,0,1,0,0,0,0,0,1,0,1,0,0,20,112,14,184,0
1,0,29,0,4,0,0,0,1,0,1.6,0,1,0,0,1,4,0,0,0,0,1,0,0,0,1,0,1,0,0,20,112,14,185,0
0,0,33,0,4,0,0,0,1,0,1.65,0,1,0,0,1,5,0,0,1,1,0,0,0,8.89563,0,0,1,0,0,20,112,14,186,0
1,4,41,0,4,0,0,0,0,0,1.725,0,1,0,0,1,4,0,0,0,0,0,0,1,0,1,0,1,0,1,20,112,14,187,0
1,6,29,0,4,0,0,0,0,0,1.75,0,1,0,0,1,5,0,0,0,0,1,0,0,0,1,5.794884,0,0,1,20,112,14,188,0
0,2,32,0,4,0,0,1,0,0,1.775,0,1,0,0,1,4,0,0,0,1,0,0,0,0,1,0,1,1,0,20,112,14,189,0
1,0,33,0,4,0,0,0,1,0,1.7,0,1,0,0,1,4,0,0,0,1,0,0,0,0,1,4.159452,0,1,0,20,112,14,190,0
0,0,30,0,4,0,1,0,1,0,1.7,0,1,0,0,1,0,0,1,0,0,0,0,1,12.89922,0,5.459123,0,0,0,20,112,14,191,0
0,0,33,0,4,0,0,0,1,0,1.65,0,1,0,0,1,4,0,0,0,1,0,0,0,9.21034,0,4.159452,0,0,0,20,112,14,192,0
0,2,30,0,4,0,0,1,0,0,1.65,0,1,0,0,1,4,0,0,1,0,0,0,0,0,1,4.159452,0,0,0,20,112,14,193,0
1,2,29,0,4,0,0,1,0,0,1.775,0,1,0,0,1,5,0,0,0,0,1,0,0,9.615806,0,0,1,0,0,20,112,14,194,0
1,0,35,0,4,0,0,0,1,0,1.625,0,1,0,0,1,0,0,1,0,0,0,0,1,8.987197,0,0,1,1,0,20,112,14,195,0
1,5,31,0,4,0,0,0,0,0,1.7,0,1,0,0,1,5,0,0,1,0,0,0,0,0,1,4.159452,0,0,0,20,112,14,196,0
1,5,37,0,4,0,0,0,0,0,0,1,1,0,0,1,4,0,0,0,0,1,0,0,0,1,4.159452,0,0,0,20,112,14,197,0
0,0,30,0,4,0,1,0,1,0,1.625,0,1,0,0,1,4,0,0,0,1,0,0,0,0,1,4.159452,0,0,0,20,112,14,198,0
0,0,29,0,4,0,0,0,1,0,1.6125,0,1,0,0,1,4,0,0,0,0,1,0,0,0,1,0,1,0,1,20,112,14,199,0
0,2,30,0,4,0,1,1,0,0,1.65,0,1,0,0,1,0,0,1,0,0,0,0,1,0,1,0,1,0,0,20,112,14,200,0
0,0,27,0,4,0,1,0,1,0,1.725,0,1,0,0,1,5,0,0,0,0,1,0,0,0,1,0,1,0,0,20,112,14,201,0
0,0,28,0,4,0,0,0,1,0,1.575,0,1,0,0,1,6,0,0,0,0,1,0,0,0,1,6.094067,0,0,1,20,112,14,202,0
0,3,27,0,4,0,1,0,0,0,1.675,0,1,0,0,1,0,0,1,0,0,0,0,1,0,1,0,1,1,0,20,112,14,203,0
0,5,31,0,4,0,1,0,0,0,1.625,0,1,0,0,1,6,0,0,0,0,1,0,0,0,1,6.093101,0,0,0,20,112,14,204,0
0,0,35,0,4,0,1,0,1,0,1.75,0,1,0,0,1,0,0,1,0,0,0,0,1,0,1,0,1,0,0,20,112,14,205,0
0,6,27,0,4,0,1,0,0,0,1.7875,0,1,0,0,1,5,0,0,0,0,1,0,0,0,1,6.093101,0,1,0,20,112,14,206,0
1,0,32,0,4,0,0,0,1,0,1.65,0,1,0,0,1,4,0,0,0,1,0,0,0,0,1,4.159452,0,0,0,20,112,14,207,0
0,6,29,0,4,0,1,0,0,0,1.7,0,1,0,0,1,0,0,1,0,0,1,0,0,0,1,6.094067,0,1,0,20,112,14,208,0
1,0,40,0,4,0,0,0,1,0,0,1,1,0,0,1,0,0,1,0,0,0,0,1,0,1,0,1,0,0,20,112,14,209,0
1,6,27,0,4,0,0,0,0,0,1.75,0,1,0,0,1,4,0,0,0,0,1,0,0,0,1,5.794884,0,1,0,20,112,14,210,0
0,2,39,0,4,0,0,1,0,0,1.725,0,1,0,0,1,4,0,0,0,1,0,0,0,9.472705,0,5.825603,0,0,0,20,112,14,211,0
0,0,29,0,4,0,1,0,1,0,1.75,0,1,0,0,1,6,0,0,0,1,1,0,0,10.12663,0,6.093101,0,0,1,20,112,14,212,0
1,0,30,0,4,0,0,0,1,0,1.65,0,1,0,0,1,4,0,0,0,0,1,0,0,0,1,5.50987,0,0,0,20,112,14,213,0
0,0,30,0,4,0,0,0,1,0,1.5875,0,1,0,0,1,4,0,0,0,0,0,0,1,0,1,5.40345,0,0,0,20,112,18,29,1
0,0,31,0,4,0,1,0,1,0,1.575,0,1,0,0,1,0,0,1,0,0,0,0,1,9.21034,0,5.794884,0,0,0,24,112,18,35,1
0,2,30,0,4,0,0,1,0,0,1.65,0,1,0,0,1,4,0,0,0,0,0,0,1,0,1,4.159452,0,0,1,20,202,11,115,0
0,0,38,0,4,0,0,0,1,0,0,1,1,0,0,1,0,1,0,0,0,0,0,1,0,1,5.825603,0,0,0,20,202,11,118,0
0,0,41,0,4,0,0,0,1,0,0,1,1,0,0,1,5,0,0,0,0,0,0,1,0,1,5.794884,0,0,0,20,202,11,119,1
0,4,31,0,4,0,0,0,0,0,1.575,0,1,0,0,1,0,1,0,0,0,0,0,1,0,1,5.825603,0,0,0,20,202,11,120,1
0,0,28,0,4,0,0,0,1,0,1.675,0,1,0,0,1,4,0,0,0,1,0,0,0,0,1,4.159452,0,0,1,24,202,11,75,0
1,0,35,0,4,0,0,0,1,0,1.7,0,1,0,0,1,6,0,0,0,1,0,0,0,9.721166,0,0,1,0,0,24,202,11,77,0
1,0,30,0,4,0,0,0,1,0,1.575,0,1,0,0,1,4,0,0,0,1,0,0,0,0,1,4.159452,0,0,0,24,202,11,88,0
1,2,29,0,4,0,0,1,0,0,1.65,0,1,0,0,1,5,0,0,1,0,0,0,0,0,1,5.50987,0,0,0,20,202,14,100,0
1,0,45,0,4,0,0,0,1,0,0,1,1,0,0,1,0,0,1,0,0,0,0,1,0,1,4.159452,0,1,0,20,202,14,101,0
0,0,30,0,4,0,0,0,1,0,1.675,0,1,0,0,1,4,0,0,0,1,0,0,0,0,1,0,1,1,0,20,202,14,102,0
0,6,28,0,4,0,0,0,0,0,1.775,0,1,0,0,1,6,0,0,0,1,0,0,0,9.903487,0,0,1,0,0,20,202,14,103,0
0,2,30,0,4,0,1,1,0,0,1.65,0,1,0,0,1,0,1,0,0,0,0,0,1,0,1,0,1,0,0,20,202,14,104,0
0,0,38,0,4,0,0,0,1,0,1.7,0,1,0,0,1,4,0,0,0,1,0,0,0,0,1,0,1,0,0,20,202,14,105,0
0,0,29,0,4,0,0,0,1,0,1.65,0,1,0,0,1,4,0,0,0,0,1,0,0,0,1,5.825603,0,0,0,20,202,14,106,0
1,2,30,0,4,0,0,1,0,0,1.75,0,1,0,0,1,4,0,0,0,0,1,0,0,0,1,0,1,0,0,20,202,14,108,0
0,0,34,0,4,0,0,0,1,0,1.65,0,1,0,0,1,2,0,0,0,0,0,0,1,0,1,0,1,0,0,20,202,14,109,0
0,0,32,0,4,0,0,0,1,0,0,1,1,0,0,1,0,1,0,0,0,0,0,1,0,1,5.50987,0,0,0,20,202,14,110,0
0,0,29,0,4,0,0,0,1,0,1.7,0,1,0,0,1,4,0,0,1,0,0,0,0,9.10498,0,0,1,0,0,20,202,14,111,0
0,0,37,0,4,0,1,0,1,0,1.7,0,1,0,0,1,5,0,0,0,0,1,0,0,10.37349,0,6.093101,0,0,1,20,202,14,112,0
0,2,31,0,4,0,1,1,0,0,0,1,1,0,0,1,6,0,0,0,1,1,0,0,9.740969,0,5.825603,0,0,1,20,202,14,113,0
0,2,28,0,4,0,0,1,0,0,1.7,0,1,0,0,1,4,0,0,0,1,0,0,0,9.680344,0,6.093101,0,0,0,20,202,14,114,0
0,0,34,0,4,0,0,0,1,0,1.625,0,1,0,0,1,2,0,0,0,0,0,0,1,0,1,4.159452,0,0,0,20,202,14,115,0
0,2,31,0,4,0,1,1,0,0,0,1,1,0,0,1,6,0,0,0,0,1,0,0,9.798127,0,5.825603,0,0,1,20,202,14,116,0
0,2,29,0,4,0,0,1,0,0,1.725,0,1,0,0,1,0,0,1,0,0,0,0,1,0,1,5.825603,0,0,0,20,202,14,117,0
0,0,26,0,4,0,0,0,1,0,1.65,0,1,0,0,1,0,1,0,0,0,1,0,0,0,1,5.794884,0,0,0,20,202,14,118,0
1,4,29,0,4,0,0,0,0,0,1.7,0,1,0,0,1,0,1,0,0,0,0,0,1,0,1,5.825603,0,0,0,20,202,14,119,0
1,2,27,0,4,0,0,1,0,0,1.74,0,1,0,0,1,0,1,0,0,0,0,0,1,0,1,5.794884,0,0,0,20,202,14,120,0
0,0,34,0,4,0,0,0,1,0,1.65,0,1,0,0,1,0,0,1,0,0,0,0,1,0,1,4.159452,0,0,0,20,202,14,121,0
0,0,34,0,4,0,0,0,1,0,0,1,1,0,0,1,6,0,0,0,0,1,0,0,0,1,4.91469,0,0,0,20,202,14,122,0
1,2,30,0,4,0,0,1,0,0,1.7,0,1,0,0,1,6,0,0,0,1,0,0,0,0,1,5.825603,0,0,0,20,202,14,123,0
0,3,29,0,4,0,1,0,0,0,1.7375,0,1,0,0,1,4,0,0,0,0,0,0,1,0,1,0,1,0,0,20,202,14,124,0
1,0,34,0,4,0,0,0,1,0,1.7,0,1,0,0,1,0,1,0,0,0,0,0,1,0,1,5.825603,0,0,0,20,202,14,125,0
0,0,0,0,4,0,1,0,1,1,1.65,0,1,0,0,1,6,0,0,0,0,1,0,0,0,1,6.093101,0,0,0,20,202,14,126,0
0,5,28,0,4,0,1,0,0,0,1.7,0,1,0,0,1,4,0,0,0,0,0,0,1,0,1,4.91469,0,0,0,20,202,14,127,0
1,5,30,0,4,0,0,0,0,0,1.7,0,1,0,0,1,5,0,0,0,0,1,0,0,0,1,5.794884,0,0,0,20,202,14,128,0
1,3,27,0,4,0,0,0,0,0,1.55,0,1,0,0,1,5,0,0,0,0,1,0,0,0,1,5.794884,0,0,0,20,202,14,129,0
0,0,29,0,4,0,1,0,1,0,1.8,0,1,0,0,1,6,0,0,0,1,0,0,0,0,1,6.093101,0,0,0,20,202,14,130,0
0,0,27,0,4,0,1,0,1,0,1.55,0,1,0,0,1,4,0,0,0,1,0,0,0,0,1,4.159452,0,0,1,24,202,14,22,0
0,3,27,0,4,0,1,0,0,0,1.625,0,1,0,0,1,0,1,0,0,0,0,0,1,0,1,4.159452,0,0,1,20,202,14,28,0
0,0,35,0,4,0,1,0,1,0,1.7,0,1,0,0,1,5,0,0,0,0,1,0,0,0,1,5.825603,0,0,0,20,202,14,29,0
1,0,35,0,4,0,0,0,1,0,1.6,0,1,0,0,1,4,0,0,1,0,0,0,0,0,1,0,1,0,0,20,202,14,30,0
1,0,29,0,4,0,0,0,1,0,1.75,0,1,0,0,1,0,0,1,0,0,1,0,0,0,1,5.794884,0,0,0,20,202,14,31,0
0,4,26,0,4,0,0,0,0,0,1.6625,0,1,0,0,1,3,0,0,0,0,0,0,1,9.952278,0,6.093101,0,0,0,20,202,14,32,0
0,0,30,0,4,0,0,0,1,0,1.675,0,1,0,0,1,2,0,0,0,0,0,0,1,8.987197,0,4.159452,0,0,0,20,202,14,33,0
0,4,31,0,4,0,1,0,0,0,1.7,0,1,0,0,1,4,0,0,0,1,0,0,0,0,1,5.50987,0,0,1,20,202,14,34,0
0,0,35,0,4,0,0,0,1,0,1.625,0,1,0,0,1,4,0,0,0,0,1,0,0,0,1,0,1,0,0,20,202,14,35,0
0,0,38,0,4,0,0,0,1,0,1.625,0,1,0,0,1,4,0,0,0,1,0,0,0,9.433484,0,4.159452,0,0,0,20,202,14,36,0
0,0,32,0,4,0,0,0,1,0,1.675,0,1,0,0,1,0,1,0,0,0,0,0,1,0,1,5.50987,0,0,0,20,202,14,37,0
1,2,36,0,4,0,0,1,0,0,1.55,0,1,0,0,1,4,0,0,0,1,0,0,0,8.853665,0,5.189394,0,0,0,20,202,14,38,0
0,2,39,0,4,0,1,1,0,0,1.7,0,1,0,0,1,4,0,0,0,1,0,0,0,9.615806,0,4.91469,0,0,0,20,202,14,39,0
0,6,33,0,4,0,0,0,0,0,1.625,0,1,0,0,1,6,0,0,0,0,1,0,0,0,1,5.794884,0,0,0,20,202,14,40,0
0,0,30,0,4,0,0,0,1,0,1.7,0,1,0,0,1,5,0,0,0,0,1,0,0,9.944309,0,4.91469,0,1,0,20,202,14,41,0
0,0,40,0,4,0,1,0,1,0,0,1,1,0,0,1,4,0,0,0,1,0,0,0,0,1,4.91469,0,0,0,20,202,14,42,0
0,0,28,0,4,0,0,0,1,0,1.775,0,1,0,0,1,0,0,1,0,0,0,0,1,0,1,4.159452,0,1,0,20,202,14,43,0
0,0,34,0,4,0,1,0,1,0,0,1,1,0,0,1,0,0,1,0,0,0,0,1,0,1,0,1,0,0,20,202,14,44,0
0,0,28,0,4,0,1,0,1,0,1.65,0,1,0,0,1,5,0,0,0,0,0,1,0,9.10498,0,4.710353,0,0,0,20,202,14,45,0
1,0,29,0,4,0,0,0,1,0,1.65,0,1,0,0,1,0,1,0,0,0,0,0,1,0,1,5.50987,0,0,0,20,202,14,46,0
0,2,33,0,4,0,1,1,0,0,1.725,0,1,0,0,1,0,1,0,0,0,0,0,1,11.0021,0,5.794884,0,0,0,20,202,14,47,0
0,0,35,0,4,0,1,0,1,0,1.7,0,1,0,0,1,4,0,0,0,0,0,0,1,0,1,4.644341,0,0,0,20,202,14,48,0
0,0,32,0,4,0,1,0,1,0,1.775,0,1,0,0,1,4,0,0,0,1,0,0,0,9.615806,0,4.159452,0,0,0,20,202,14,49,0
0,4,31,0,4,0,0,0,0,0,1.625,0,1,0,0,1,4,0,0,0,1,0,0,0,8.699514,0,0,1,0,0,20,202,14,50,0
0,0,34,0,4,0,1,0,1,0,1.75,0,1,0,0,1,4,0,0,0,1,0,0,0,0,1,4.91469,0,0,0,20,202,14,51,0
0,0,30,0,4,0,0,0,1,0,1.75,0,1,0,0,1,6,0,0,0,0,1,0,0,0,1,5.794884,0,0,0,20,202,14,53,0
1,2,31,0,4,0,0,1,0,0,1.55,0,1,0,0,1,4,0,0,0,1,0,0,0,0,1,4.159452,0,0,0,20,202,14,54,0
0,0,33,0,4,0,1,0,1,0,1.65,0,1,0,0,1,4,0,0,0,0,0,0,1,0,1,0,1,0,1,20,202,14,55,0
0,2,26,0,4,0,1,1,0,0,1.725,0,1,0,0,1,3,0,0,0,0,1,0,0,0,1,4.159452,0,0,0,20,202,14,56,0
0,0,29,0,4,0,1,0,1,0,1.7,0,1,0,0,1,4,0,0,0,0,1,0,0,0,1,5.825603,0,1,0,20,202,14,57,0
1,0,28,0,4,0,0,0,1,0,1.775,0,1,0,0,1,6,0,0,0,1,0,0,0,0,1,4.91469,0,0,0,20,202,14,58,0
0,0,32,0,4,0,0,0,1,0,1.7625,0,1,0,0,1,0,0,1,0,0,0,0,1,9.21034,0,5.825603,0,0,0,20,202,14,59,0
0,0,35,0,4,0,0,0,1,0,1.6,0,1,0,0,1,5,0,0,0,0,1,0,0,9.392662,0,5.794884,0,0,0,20,202,14,60,0
0,6,28,0,4,0,0,0,0,0,1.725,0,1,0,0,1,6,0,0,0,0,0,0,1,0,1,5.50987,0,0,0,20,202,14,61,0
0,0,27,0,4,0,0,0,1,0,1.7,0,1,0,0,1,4,0,0,0,1,0,0,0,8.779557,0,5.825603,0,0,0,20,202,14,62,0
0,4,34,0,4,0,0,0,0,0,1.65,0,1,0,0,1,3,0,0,0,0,1,0,0,0,1,4.159452,0,0,1,20,202,14,63,0
0,0,28,0,4,0,0,0,1,0,1.75,0,1,0,0,1,4,0,0,0,0,1,0,0,9.305651,0,4.91469,0,0,0,20,202,14,64,0
0,0,27,0,4,0,0,0,1,0,1.6,0,1,0,0,1,5,0,0,0,1,1,0,0,0,1,4.91469,0,0,0,20,202,14,65,0
0,4,30,0,4,0,0,0,0,0,1.75,0,1,0,0,1,4,0,0,0,1,0,0,0,0,1,4.159452,0,0,0,20,202,14,66,0
0,2,30,0,4,0,0,1,0,0,1.675,0,1,0,0,1,4,0,0,0,1,0,0,0,0,1,4.159452,0,0,1,20,202,14,67,0
0,0,30,0,4,0,1,0,1,0,0,1,1,0,0,1,4,0,0,0,1,0,0,0,0,1,4.159452,0,1,0,20,202,14,68,0
0,2,33,0,4,0,0,1,0,0,1.675,0,1,0,0,1,4,0,0,0,0,0,0,1,9.21034,0,5.308418,0,0,1,20,202,14,69,0
0,0,29,0,4,0,0,0,1,0,1.675,0,1,0,0,1,3,0,0,0,0,1,0,0,0,1,0,1,0,0,20,202,14,70,0
1,4,29,0,4,0,0,0,0,0,1.7,0,1,0,0,1,0,1,0,0,0,0,0,1,0,1,6.094067,0,0,0,20,202,14,71,0
1,0,25,0,4,0,0,0,1,0,1.625,0,1,0,0,1,1,0,0,0,0,0,0,1,8.517193,0,4.159452,0,0,0,20,202,14,72,0
0,2,34,0,4,0,0,1,0,0,1.8,0,1,0,0,1,4,0,0,0,1,0,0,0,0,1,4.159452,0,0,0,20,202,14,73,0
0,0,31,0,4,0,0,0,1,0,1.65,0,1,0,0,1,4,0,0,0,0,0,0,1,9.546813,0,6.093101,0,0,0,20,202,14,74,0
0,2,32,0,4,0,0,1,0,0,1.6,0,1,0,0,1,4,0,0,0,0,1,0,0,0,1,4.91469,0,0,0,20,202,14,75,0
0,2,32,0,4,0,1,1,0,0,1.65,0,1,0,0,1,6,0,0,0,1,1,0,0,10.30895,0,0,1,0,1,20,202,14,76,0
0,0,30,0,4,0,0,0,1,0,1.725,0,1,0,0,1,4,0,0,0,1,0,0,0,0,1,5.825603,0,0,1,20,202,14,77,0
0,0,40,0,4,0,0,0,1,0,1.65,0,1,0,0,1,0,1,0,0,0,0,0,1,0,1,6.094067,0,0,0,20,202,14,78,0
0,0,37,0,4,0,0,0,1,0,1.575,0,1,0,0,1,5,0,0,0,0,0,0,1,0,1,0,1,0,0,20,202,14,79,0
0,0,32,0,4,0,0,0,1,0,1.575,0,1,0,0,1,0,1,0,0,0,0,0,1,0,1,5.825603,0,0,1,20,202,14,80,0
0,0,32,0,4,0,0,0,1,0,1.65,0,1,0,0,1,4,0,0,0,0,1,0,0,0,1,4.159452,0,0,1,20,202,14,81,0
0,0,28,0,4,0,1,0,1,0,1.625,0,1,0,0,1,1,0,0,0,0,0,0,1,0,1,4.159452,0,0,0,20,202,14,82,0
0,0,30,0,4,0,1,0,1,0,1.675,0,1,0,0,1,2,0,0,0,0,1,0,0,0,1,4.159452,0,1,0,20,202,14,83,0
1,0,37,0,4,0,0,0,1,0,1.625,0,1,0,0,1,4,0,0,0,0,0,0,1,0,1,5.825603,0,0,0,20,202,14,84,0
0,2,31,0,4,0,1,1,0,0,1.75,0,1,0,0,1,6,0,0,0,1,1,0,0,0,1,5.794884,0,1,0,20,202,14,85,0
0,0,40,0,4,0,0,0,1,0,1.625,0,1,0,0,1,4,0,0,1,0,0,0,0,9.903487,0,4.159452,0,0,0,20,202,14,86,0
0,5,27,0,4,0,0,0,0,0,1.65,0,1,0,0,1,0,1,0,0,0,1,0,0,9.903487,0,5.794884,0,0,0,20,202,14,87,0
0,0,33,0,4,0,0,0,1,0,1.6,0,1,0,0,1,6,0,0,0,0,1,0,0,0,1,6.094067,0,0,0,20,202,14,88,0
0,0,30,0,4,0,0,0,1,0,1.7,0,1,0,0,1,4,0,0,0,1,0,0,0,0,1,4.159452,0,0,0,20,202,14,89,0
0,0,29,0,4,0,1,0,1,0,1.6125,0,1,0,0,1,4,0,0,0,0,0,0,1,0,1,4.159452,0,0,0,20,202,14,90,0
0,4,30,0,4,0,1,0,0,0,1.65,0,1,0,0,1,4,0,0,0,1,0,0,0,0,1,4.159452,0,0,0,20,202,14,91,0
0,0,30,0,4,0,1,0,1,0,1.7,0,1,0,0,1,4,0,0,0,0,1,0,0,8.853665,0,5.189394,0,0,0,20,202,14,92,0
0,0,37,0,4,0,0,0,1,0,1.75,0,1,0,0,1,0,0,1,0,0,0,0,1,0,1,4.159452,0,0,0,20,202,14,93,0
0,0,31,0,4,0,1,0,1,0,1.65,0,1,0,0,1,4,0,0,0,0,1,0,0,9.615806,0,6.094067,0,1,0,20,202,14,94,0
0,0,30,0,4,0,0,0,1,0,1.675,0,1,0,0,1,5,0,0,0,0,1,0,0,8.987197,0,0,1,0,0,20,202,14,95,0
0,0,28,0,4,0,1,0,1,0,1.725,0,1,0,0,1,0,1,0,0,0,0,0,1,0,1,0,1,0,0,20,202,14,96,0
0,0,26,0,4,0,0,0,1,0,1.8,0,1,0,0,1,4,0,0,0,0,1,0,0,0,1,0,1,0,0,20,202,14,97,0
1,3,30,0,4,0,0,0,0,0,1.625,0,1,0,0,1,6,0,0,0,1,0,0,0,0,1,0,1,0,0,20,202,14,98,0
0,4,27,0,4,0,1,0,0,0,1.7,0,1,0,0,1,4,0,0,0,1,0,0,0,0,1,0,1,1,0,24,203,11,34,0
0,2,27,0,4,0,0,1,0,0,1.675,0,1,0,0,1,4,0,0,0,1,0,0,0,0,1,6.093101,0,0,1,24,203,11,36,0
0,0,37,0,4,0,1,0,1,0,1.65,0,1,0,0,1,6,0,0,0,0,1,0,0,0,1,5.794884,0,0,0,24,203,11,53,0
1,4,27,0,4,0,0,0,0,0,1.75,0,1,0,0,1,4,0,0,0,1,0,0,0,0,1,6.093101,0,0,0,20,203,11,65,1
0,2,31,0,4,0,1,1,0,0,0,1,1,0,0,1,6,0,0,0,0,1,0,0,9.809176,0,5.825603,0,0,1,20,203,14,100,0
0,0,43,0,4,0,0,0,1,0,1.8,0,1,0,0,1,4,0,0,0,0,1,0,0,8.699514,0,4.159452,0,1,0,20,203,14,101,0
0,0,26,0,4,0,0,0,1,0,1.65,0,1,0,0,1,4,0,0,0,0,1,0,0,0,1,4.159452,0,0,0,20,203,14,102,0
0,0,29,0,4,0,1,0,1,0,1.65,0,1,0,0,1,5,0,0,1,0,0,0,0,0,1,5.50987,0,0,1,20,203,14,103,0
0,0,27,0,4,0,1,0,1,0,0,1,1,0,0,1,2,0,0,0,1,0,0,0,0,1,0,1,1,0,20,203,14,104,0
0,0,27,0,4,0,0,0,1,0,1.8,0,1,0,0,1,4,0,0,0,1,0,0,0,0,1,0,1,0,0,20,203,14,105,0
0,0,34,0,4,0,0,0,1,0,1.7,0,1,0,0,1,0,0,1,0,0,0,0,1,0,1,5.825603,0,0,0,20,203,14,106,0
1,0,35,0,4,0,0,0,1,0,1.525,0,1,0,0,1,4,0,0,0,0,0,0,1,9.10498,0,4.159452,0,0,0,20,203,14,107,0
0,2,0,0,4,0,1,1,0,1,0,1,1,0,0,1,0,0,1,0,0,0,0,1,0,1,0,1,1,0,20,203,14,108,0
0,0,31,0,4,0,0,0,1,0,1.6,0,1,0,0,1,4,0,0,0,1,0,0,0,0,1,4.159452,0,0,0,20,203,14,109,0
0,0,37,0,4,0,1,0,1,0,1.6,0,1,0,0,1,0,0,1,0,0,0,0,1,0,1,4.159452,0,0,0,20,203,14,110,0
0,0,32,0,4,0,0,0,1,0,1.675,0,1,0,0,1,4,0,0,0,0,1,0,0,0,1,0,1,0,0,20,203,14,111,0
0,6,28,0,4,0,1,0,0,0,1.75,0,1,0,0,1,6,0,0,0,0,1,0,0,0,1,0,1,0,0,20,203,14,112,0
0,0,34,0,4,0,0,0,1,0,1.65,0,1,0,0,1,5,0,0,0,1,0,0,0,0,1,4.159452,0,0,0,20,203,14,113,0
0,6,31,0,4,0,0,0,0,0,1.65,0,1,0,0,1,5,0,0,0,0,1,0,0,0,1,6.093101,0,0,0,20,203,14,114,0
0,2,29,0,4,0,0,1,0,0,1.6,0,1,0,0,1,5,0,0,0,0,1,0,0,10.4631,0,4.159452,0,0,0,20,203,14,115,0
0,0,32,0,4,0,0,0,1,0,1.675,0,1,0,0,1,4,0,0,0,1,0,0,0,8.699514,0,5.50987,0,0,0,20,203,14,116,0
0,0,29,0,4,0,0,0,1,0,1.625,0,1,0,0,1,6,0,0,0,1,0,0,0,9.546813,0,6.093101,0,0,0,20,203,14,117,0
0,2,33,0,4,0,1,1,0,0,1.6375,0,1,0,0,1,4,0,0,0,0,1,0,0,8.922658,0,6.093101,0,0,0,20,203,14,118,0
1,0,27,0,4,0,0,0,1,0,1.575,0,1,0,0,1,6,0,0,0,1,0,0,0,0,1,4.91469,0,0,0,20,203,14,28,0
1,2,27,0,4,0,0,1,0,0,1.65,0,1,0,0,1,4,0,0,0,1,0,0,0,8.987197,0,0,1,0,0,20,203,14,29,0
0,0,34,0,4,0,0,0,1,0,1.575,0,1,0,0,1,4,0,0,0,0,1,0,0,0,1,5.825603,0,0,0,20,203,14,30,0
0,2,36,0,4,0,0,1,0,0,1.775,0,1,0,0,1,0,0,1,0,0,0,0,1,9.798127,0,6.093101,0,0,0,20,203,14,31,0
0,0,30,0,4,0,1,0,1,0,1.675,0,1,0,0,1,4,0,0,1,0,0,0,0,0,1,4.159452,0,0,0,20,203,14,32,1
0,0,35,0,4,0,1,0,1,0,1.675,0,1,0,0,1,4,0,0,1,0,0,0,0,0,1,4.159452,0,0,0,20,203,14,32,1
0,0,32,0,4,0,0,0,1,0,1.65,0,1,0,0,1,0,0,1,0,0,0,0,1,0,1,6.093101,0,0,1,20,203,14,33,0
0,5,28,0,4,0,1,0,0,0,1.6875,0,1,0,0,1,5,0,0,0,0,1,0,0,0,1,5.794884,0,0,0,20,203,14,34,0
0,0,33,0,4,0,0,0,1,0,1.65,0,1,0,0,1,4,0,0,0,1,0,0,0,0,1,0,1,0,0,20,203,14,35,0
0,0,33,0,4,0,0,0,1,0,1.7,0,1,0,0,1,4,0,0,0,1,0,0,0,0,1,4.159452,0,0,0,20,203,14,36,0
0,0,38,0,4,0,0,0,1,0,1.625,0,1,0,0,1,0,0,1,0,0,0,0,1,9.21034,0,6.093101,0,0,0,20,203,14,38,0
0,0,27,0,4,0,0,0,1,0,1.675,0,1,0,0,1,4,0,0,0,0,1,0,0,9.392662,0,6.093101,0,0,0,20,203,14,39,0
0,0,31,0,4,0,0,0,1,0,1.65,0,1,0,0,1,2,0,0,0,0,0,0,1,9.21034,0,4.159452,0,0,0,20,203,14,40,0
0,0,29,0,4,0,1,0,1,0,1.725,0,1,0,0,1,4,0,0,0,1,0,0,0,0,1,5.825603,0,0,0,20,203,14,41,0
1,0,23,0,4,0,0,0,1,0,1.775,0,1,0,0,1,4,0,0,0,1,0,0,0,0,1,0,1,0,0,20,203,14,42,0
0,2,29,0,4,0,0,1,0,0,1.8,0,1,0,0,1,0,0,1,0,0,1,0,0,9.615806,0,5.794884,0,0,0,20,203,14,43,0
0,6,27,0,4,0,0,0,0,0,0,1,1,0,0,1,0,0,1,0,0,1,0,0,0,1,6.094067,0,0,1,20,203,14,44,0
0,2,31,0,4,0,0,1,0,0,1.725,0,1,0,0,1,4,0,0,0,0,1,0,0,0,1,5.825603,0,0,1,20,203,14,45,0
0,0,30,0,4,0,1,0,1,0,1.65,0,1,0,0,1,4,0,0,0,0,0,0,1,0,1,0,1,0,0,20,203,14,46,0
0,0,30,0,4,0,0,0,1,0,1.65,0,1,0,0,1,5,0,0,0,0,1,0,0,0,1,0,1,0,0,20,203,14,47,0
0,4,35,0,4,0,0,0,0,0,1.6,0,1,0,0,1,0,0,1,0,0,0,0,1,0,1,5.447579,0,0,0,20,203,14,48,0
1,2,32,0,4,0,0,1,0,0,1.65,0,1,0,0,1,5,0,0,0,0,1,0,0,0,1,5.794884,0,0,0,20,203,14,49,0
1,0,46,0,4,0,0,0,1,0,1.525,0,1,0,0,1,4,0,0,0,1,0,0,0,9.185843,0,5.825603,0,1,0,20,203,14,50,0
0,0,38,0,4,0,0,0,1,0,1.7,0,1,0,0,1,6,0,0,0,0,1,0,0,0,1,0,1,0,0,20,203,14,51,0
0,0,30,0,4,0,1,0,1,0,1.675,0,1,0,0,1,5,0,0,0,0,1,0,0,0,1,5.794884,0,0,1,20,203,14,52,0
0,0,30,0,4,0,0,0,1,0,0,1,1,0,0,1,0,0,1,0,0,0,0,1,10.22194,0,5.825603,0,0,1,20,203,14,53,0
0,0,28,0,4,0,1,0,1,0,1.67,0,1,0,0,1,6,0,0,0,1,0,0,0,0,1,6.093101,0,0,0,21,203,14,54,0
1,0,29,0,4,0,0,0,1,0,1.775,0,1,0,0,1,3,0,0,0,0,1,0,0,0,1,5.794884,0,0,0,20,203,14,55,0
1,0,46,0,4,0,0,0,1,0,0,1,1,0,0,1,4,0,0,0,1,0,0,0,8.006368,0,0,1,1,0,20,203,14,56,0
0,0,33,0,4,0,0,0,1,0,1.625,0,1,0,0,1,0,0,1,0,0,0,0,1,9.615806,0,4.159452,0,0,0,20,203,14,57,0
1,0,30,0,4,0,0,0,1,0,1.6,0,1,0,0,1,5,0,0,0,0,1,0,0,0,1,5.825603,0,0,0,20,203,14,58,0
0,0,33,0,4,0,0,0,1,0,1.75,0,1,0,0,1,4,0,0,0,1,0,0,0,9.21034,0,6.093101,0,0,0,20,203,14,59,0
0,0,33,0,4,0,1,0,1,0,1.625,0,1,0,0,1,4,0,0,0,1,0,0,0,0,1,0,1,0,0,20,203,14,60,0
0,0,33,0,4,0,0,0,1,0,1.7,0,1,0,0,1,4,0,0,0,0,1,0,0,8.517193,0,0,1,0,0,20,203,14,61,0
0,0,30,0,4,0,0,0,1,0,1.775,0,1,0,0,1,6,0,0,0,0,1,0,0,0,1,6.094067,0,0,0,20,203,14,62,0
1,0,35,0,4,0,0,0,1,0,0,1,1,0,0,1,0,0,1,0,0,0,0,1,0,1,6.093101,0,0,0,20,203,14,63,0
0,2,32,0,4,0,0,1,0,0,1.7125,0,1,0,0,1,4,0,0,0,1,0,0,0,0,1,0,1,0,0,20,203,14,64,0
0,5,33,0,4,0,1,0,0,0,1.65,0,1,0,0,1,3,0,0,0,0,1,0,0,9.546813,0,5.794884,0,0,1,20,203,14,65,0
0,0,28,0,4,0,0,0,1,0,1.675,0,1,0,0,1,5,0,0,0,0,1,0,0,8.853665,0,5.794884,0,0,1,20,203,14,66,0
1,0,30,0,4,0,0,0,1,0,1.75,0,1,0,0,1,4,0,0,0,1,0,0,0,8.411833,0,0,1,0,0,20,203,14,67,0
0,0,28,0,4,0,0,0,1,0,1.75,0,1,0,0,1,4,0,0,0,0,1,0,0,0,1,5.825603,0,0,0,20,203,14,68,0
0,0,30,0,4,0,1,0,1,0,0,1,1,0,0,1,5,0,0,0,0,1,0,0,9.769957,0,5.794884,0,0,1,20,203,14,69,0
0,0,33,0,4,0,0,0,1,0,1.5875,0,1,0,0,1,5,0,0,1,0,0,0,0,0,1,5.50987,0,0,1,20,203,14,70,0
0,0,31,0,4,0,1,0,1,0,0,1,1,0,0,1,5,0,0,0,0,1,0,0,9.392662,0,5.794884,0,0,0,20,203,14,71,0
0,0,24,0,4,0,0,0,1,0,1.675,0,1,0,0,1,0,0,1,0,0,0,0,1,0,1,4.159452,0,0,0,20,203,14,72,0
1,2,26,0,4,0,0,1,0,0,1.65,0,1,0,0,1,3,0,0,0,0,1,0,0,8.517193,0,5.794884,0,0,0,20,203,14,73,0
0,0,31,0,4,0,1,0,1,0,0,1,1,0,0,1,5,0,0,0,0,1,0,0,10.59663,0,0,1,0,1,20,203,14,74,0
0,0,35,0,4,0,0,0,1,0,1.6,0,1,0,0,1,0,0,1,0,0,0,0,1,0,1,4.159452,0,0,0,20,203,14,75,0
0,4,40,0,4,0,1,0,0,0,1.575,0,1,0,0,1,0,0,1,0,0,0,0,1,0,1,5.825603,0,0,0,20,203,14,76,0
0,0,28,0,4,0,0,0,1,0,0,1,1,0,0,1,0,0,1,0,0,0,0,1,0,1,4.159452,0,0,0,20,203,14,77,0
0,0,31,0,4,0,1,0,1,0,1.725,0,1,0,0,1,4,0,0,0,1,0,0,0,0,1,0,1,0,0,20,203,14,78,0
0,2,30,0,4,0,0,1,0,0,1.7125,0,1,0,0,1,4,0,0,0,1,0,0,0,0,1,4.159452,0,0,0,20,203,14,79,0
1,0,30,0,4,0,0,0,1,0,0,1,1,0,0,1,6,0,0,0,0,1,0,0,0,1,6.094067,0,0,0,20,203,14,80,0
0,0,31,0,4,0,1,0,1,0,1.675,0,1,0,0,1,6,0,0,0,0,1,0,0,0,1,4.159452,0,0,1,20,203,14,81,0
0,0,31,0,4,0,0,0,1,0,1.675,0,1,0,0,1,2,0,0,0,0,0,0,1,0,1,4.159452,0,0,0,20,203,14,82,0
0,0,35,0,4,0,0,0,1,0,1.725,0,1,0,0,1,4,0,0,0,0,0,0,1,0,1,5.447579,0,0,0,20,203,14,83,0
0,0,29,0,4,0,0,0,1,0,1.625,0,1,0,0,1,5,0,0,0,0,1,0,0,0,1,0,1,0,0,20,203,14,84,0
0,2,28,0,4,0,0,1,0,0,1.65,0,1,0,0,1,4,0,0,0,1,0,0,0,8.517193,0,0,1,0,0,20,203,14,85,0
0,6,26,0,4,0,1,0,0,0,1.725,0,1,0,0,1,0,0,1,0,0,0,0,1,0,1,6.093101,0,0,0,20,203,14,86,0
1,0,34,0,4,0,0,0,1,0,1.8,0,1,0,0,1,4,0,0,0,0,0,0,1,0,1,6.093101,0,0,0,20,203,14,87,0
1,0,26,0,4,0,0,0,1,0,1.625,0,1,0,0,1,5,0,0,1,0,0,0,0,0,1,6.093101,0,0,0,20,203,14,88,0
0,0,33,0,4,0,1,0,1,0,1.525,0,1,0,0,1,0,0,1,0,0,0,0,1,0,1,5.50987,0,0,0,20,203,14,89,0
1,0,28,0,4,0,0,0,1,0,1.775,0,1,0,0,1,0,0,1,1,0,0,0,0,0,1,0,1,0,0,20,203,14,90,0
0,0,28,0,4,0,0,0,1,0,1.675,0,1,0,0,1,4,0,0,0,1,0,0,0,0,1,4.159452,0,1,0,20,203,14,91,0
0,0,32,0,4,0,1,0,1,0,1.7,0,1,0,0,1,4,0,0,0,1,0,0,0,8.294049,0,0,1,0,0,20,203,14,92,0
0,0,28,0,4,0,0,0,1,0,1.7,0,1,0,0,1,4,0,0,0,1,0,0,0,0,1,4.159452,0,0,0,20,203,14,93,0
0,0,32,0,4,0,0,0,1,0,1.575,0,1,0,0,1,4,0,0,0,0,1,0,0,0,1,4.159452,0,0,0,20,203,14,94,0
0,0,32,0,4,0,0,0,1,0,1.8,0,1,0,0,1,4,0,0,0,1,0,0,0,9.615806,0,6.093101,0,0,0,20,203,14,95,0
0,0,32,0,4,0,0,0,1,0,1.6625,0,1,0,0,1,4,0,0,0,1,1,0,0,0,1,5.825603,0,0,0,20,203,14,96,0
0,0,38,0,4,0,1,0,1,0,0,1,1,0,0,1,0,0,1,0,0,0,0,1,0,1,0,1,0,0,20,203,14,97,0
0,0,34,0,4,0,0,0,1,0,1.6,0,1,0,0,1,2,0,0,0,0,0,0,1,8.294049,0,5.825603,0,0,0,20,203,14,98,0
0,5,28,0,4,0,1,0,0,0,0,1,1,0,0,1,6,0,0,1,1,0,0,0,0,1,4.159452,0,0,0,21,203,14,99,0
0,0,25,0,4,0,1,0,1,0,1.67,0,1,0,0,1,5,0,0,0,0,1,0,0,0,1,5.794884,0,0,0,20,311,1,33,0
0,0,28,0,4,0,0,0,1,0,1.725,0,1,0,0,1,4,0,0,0,1,0,0,0,0,1,5.486716,0,0,0,20,311,1,34,0
0,0,34,0,4,0,1,0,1,0,1.65,0,1,0,0,1,2,0,0,0,0,0,0,1,0,1,5.189394,0,0,0,20,311,1,35,0
0,0,34,0,4,0,0,0,1,0,1.775,0,1,0,0,1,0,0,1,0,0,0,0,1,0,1,5.794884,0,0,0,20,311,1,36,0
0,0,37,0,4,0,0,0,1,0,1.725,0,1,0,0,1,4,0,0,0,1,0,0,0,0,1,4.159452,0,0,0,20,311,1,37,0
0,5,30,0,4,0,1,0,0,0,1.7,0,1,0,0,1,6,0,0,0,1,0,0,0,0,1,4.159452,0,0,0,20,311,1,38,0
0,2,33,0,4,0,1,1,0,0,1.7,0,1,0,0,1,0,0,1,0,0,0,0,1,0,1,4.710353,0,0,0,20,311,1,39,0
0,0,29,0,4,0,1,0,1,0,1.73,0,1,0,0,1,6,0,0,0,1,0,0,0,0,1,6.093101,0,0,0,20,311,1,40,0
0,0,32,0,4,0,0,0,1,0,1.675,0,1,0,0,1,4,0,0,1,0,1,0,0,0,1,6.204298,0,0,1,20,311,1,41,0
0,5,32,0,4,0,0,0,0,0,1.6375,0,1,0,0,1,6,0,0,0,1,0,0,0,0,1,0,1,0,0,20,311,1,42,0
0,6,30,0,4,0,0,0,0,0,1.625,0,1,0,0,1,4,0,0,0,0,1,0,0,0,1,4.159452,0,0,0,20,311,10,1,0
1,0,35,0,4,0,0,0,1,0,1.575,0,1,0,0,1,2,0,0,0,0,0,0,1,0,1,4.159452,0,1,0,20,311,10,2,0
0,0,29,0,4,0,0,0,1,0,1.6,0,1,0,0,1,0,0,1,0,0,0,0,1,0,1,5.447579,0,0,0,20,311,10,3,0
1,0,29,0,4,0,0,0,1,0,1.625,0,1,0,0,1,0,0,1,0,0,1,0,0,0,1,5.794884,0,0,0,20,311,10,4,0
0,4,36,0,4,0,0,0,0,0,1.65,0,1,0,0,1,4,0,0,0,0,1,0,0,0,1,5.825603,0,0,0,20,311,10,5,0
0,0,33,0,4,0,0,0,1,0,1.625,0,1,0,0,1,4,0,0,1,0,0,0,0,0,1,5.447579,0,0,0,20,311,10,6,0
0,0,31,0,4,0,0,0,1,0,1.725,0,1,0,0,1,0,0,1,0,0,0,0,1,0,1,5.447579,0,0,0,20,311,10,7,0
0,0,35,0,4,0,0,0,1,0,1.575,0,1,0,0,1,4,0,0,0,0,1,0,0,9.21034,0,4.159452,0,0,0,20,311,10,8,0
0,5,29,0,4,0,1,0,0,0,1.775,0,1,0,0,1,0,0,1,0,0,0,0,1,0,1,4.159452,0,0,0,20,311,10,9,0
0,0,26,0,4,0,0,0,1,0,1.65,0,1,0,0,1,4,0,0,0,1,0,0,0,0,1,5.308418,0,0,0,20,311,10,10,0
0,0,31,0,4,0,1,0,1,0,0,1,1,0,0,1,5,0,0,0,0,1,0,0,9.729135,0,5.794884,0,0,1,20,311,10,11,0
0,0,34,0,4,0,0,0,1,0,1.625,0,1,0,0,1,0,0,1,0,0,0,0,1,0,1,0,1,0,0,20,311,10,12,0
1,0,0,0,4,0,0,0,1,1,1.7,0,1,0,0,1,4,0,0,0,1,0,0,0,9.615806,0,4.159452,0,1,0,20,311,10,13,0
0,4,23,0,4,0,1,0,0,0,1.575,0,1,0,0,1,0,0,1,0,0,0,0,1,0,1,5.825603,0,0,0,20,311,10,14,0
1,0,34,0,4,0,0,0,1,0,1.625,0,1,0,0,1,4,0,0,0,0,1,0,0,0,1,0,1,0,0,20,311,10,15,0
0,2,27,0,4,0,0,1,0,0,1.725,0,1,0,0,1,0,0,1,0,0,1,0,0,0,1,5.794884,0,0,0,20,311,10,16,0
0,0,29,0,4,0,0,0,1,0,1.7,0,1,0,0,1,2,0,0,0,0,0,0,1,0,1,0,1,0,0,20,311,10,17,0
0,2,30,0,4,0,0,1,0,0,1.625,0,1,0,0,1,4,0,0,0,1,0,0,0,0,1,5.049275,0,0,0,20,311,10,18,0
1,0,30,0,4,0,0,0,1,0,1.625,0,1,0,0,1,6,0,0,1,0,0,0,0,0,1,6.176106,0,0,0,20,311,10,19,0
1,0,29,0,4,0,0,0,1,0,1.7,0,1,0,0,1,4,0,0,0,0,0,0,1,0,1,4.159452,0,0,1,20,311,10,20,0
0,0,30,0,4,0,0,0,1,0,1.625,0,1,0,0,1,4,0,0,0,0,0,0,1,0,1,5.327161,0,1,0,20,311,10,21,0
0,0,31,0,4,0,0,0,1,0,1.575,0,1,0,0,1,4,0,0,0,0,1,0,0,0,1,6.094067,0,0,0,20,311,10,22,0
1,0,33,0,4,0,0,0,1,0,1.65,0,1,0,0,1,4,0,0,0,0,1,0,0,0,1,0,1,0,0,20,311,10,23,0
1,5,31,0,4,0,0,0,0,0,1.675,0,1,0,0,1,4,0,0,0,1,0,0,0,0,1,5.189394,0,0,0,20,311,10,24,0
1,4,28,0,4,0,0,0,0,0,1.65,0,1,0,0,1,4,0,0,1,0,0,0,0,0,1,4.159452,0,0,0,20,311,10,25,0
1,0,27,0,4,0,0,0,1,0,1.65,0,1,0,0,1,4,0,0,0,1,0,0,0,0,1,5.825603,0,0,0,20,311,10,26,0
1,2,28,0,4,0,0,1,0,0,1.7,0,1,0,0,1,0,0,1,0,0,1,0,0,0,1,5.794884,0,0,0,20,311,10,27,0
0,0,32,0,4,0,0,0,1,0,1.675,0,1,0,0,1,0,0,1,0,0,0,0,1,9.615806,0,4.159452,0,0,0,20,311,10,28,0
0,0,31,0,4,0,1,0,1,0,1.8,0,1,0,0,1,4,0,0,0,0,1,0,0,0,1,0,1,0,0,20,311,10,29,0
0,2,33,0,4,0,0,1,0,0,1.6,0,1,0,0,1,4,0,0,0,0,1,0,0,0,1,6.094067,0,1,0,20,311,10,30,0
0,2,34,0,4,0,0,1,0,0,1.6,0,1,0,0,1,2,0,0,0,0,0,0,1,0,1,5.189394,0,0,0,20,311,10,31,0
0,0,28,0,4,0,0,0,1,0,1.6,0,1,0,0,1,0,0,1,0,0,0,0,1,0,1,4.159452,0,0,0,21,311,10,32,0
0,0,27,0,4,0,0,0,1,0,1.75,0,1,0,0,1,3,0,0,0,0,1,0,0,0,1,6.094067,0,0,0,20,311,10,43,0
0,2,28,0,4,0,0,1,0,0,1.6,0,1,0,0,1,0,0,1,0,0,0,1,0,9.740969,0,4.159452,0,0,0,20,311,10,44,0
0,0,35,0,4,0,0,0,1,0,1.65,0,1,0,0,1,0,0,1,0,0,0,0,1,0,1,5.794884,0,0,1,20,311,10,45,0
0,0,30,0,4,0,1,0,1,0,1.6,0,1,0,0,1,5,0,0,0,1,0,0,0,0,1,5.825603,0,0,0,20,311,10,46,0
0,0,31,0,4,0,1,0,1,0,1.6125,0,1,0,0,1,6,0,0,0,0,1,0,0,9.721166,0,0,1,0,1,20,311,10,47,0
0,2,28,0,4,0,0,1,0,0,1.625,0,1,0,0,1,6,0,0,0,1,1,0,0,0,1,6.093101,0,0,1,20,311,10,48,0
0,5,29,0,4,0,1,0,0,0,1.675,0,1,0,0,1,6,0,0,0,0,1,0,0,10.12663,0,5.825603,0,0,0,20,311,10,49,0
0,0,26,0,4,0,0,0,1,0,1.65,0,1,0,0,1,4,0,0,0,0,1,0,0,0,1,6.093101,0,0,0,20,311,10,50,0
0,6,29,0,4,0,1,0,0,0,0,1,1,0,0,1,3,0,0,0,0,1,0,0,0,1,6.093101,0,0,0,20,311,10,51,0
0,6,35,0,4,0,1,0,0,0,1.7,0,1,1,0,0,6,0,0,0,0,1,0,0,0,1,6.094067,0,0,0,20,311,10,52,0
1,0,28,0,4,0,0,0,1,0,1.675,0,1,0,0,1,4,0,0,0,0,1,0,0,9.21034,0,0,1,1,0,20,311,10,53,0
0,6,33,0,4,0,0,0,0,0,1.65,0,1,0,0,1,6,0,0,1,0,0,0,0,0,1,5.50987,0,0,0,20,311,10,54,0
0,0,29,0,4,0,0,0,1,0,1.675,0,1,0,0,1,5,0,0,0,0,1,0,0,0,1,5.794884,0,0,1,20,311,12,221,0
1,0,36,0,4,0,0,0,1,0,1.675,0,1,0,0,1,4,0,0,0,1,0,0,0,9.21034,0,0,1,0,0,20,311,12,222,0
1,0,34,0,4,0,0,0,1,0,1.65,0,1,0,0,1,4,0,0,0,1,0,0,0,10.12663,0,4.159452,0,0,1,20,311,12,223,0
0,0,31,0,4,0,0,0,1,0,1.575,0,1,0,0,1,2,0,0,0,0,0,0,1,8.853665,0,0,1,0,1,20,311,12,224,0
0,0,32,0,4,0,0,0,1,0,1.675,0,1,0,0,1,6,0,0,0,1,0,0,0,0,1,4.159452,0,0,0,20,311,12,225,0
0,0,40,0,4,0,0,0,1,0,1.75,0,1,0,0,1,0,0,1,0,0,0,0,1,9.615806,0,0,1,0,0,20,311,12,226,0
0,0,36,0,4,0,1,0,1,0,1.7,0,1,0,0,1,4,0,0,0,1,0,0,0,9.21034,0,4.159452,0,0,0,20,311,12,227,0
0,2,37,0,4,0,0,1,0,0,0,1,1,0,0,1,4,0,0,0,1,0,0,0,0,1,6.093101,0,0,1,20,311,12,228,0
0,6,33,0,4,0,0,0,0,0,0,1,1,0,0,1,0,0,1,0,0,0,0,1,0,1,0,1,0,1,20,311,12,229,0
0,2,28,0,4,0,0,1,0,0,1.7,0,1,0,0,1,5,0,0,0,0,1,0,0,0,1,6.093101,0,0,0,20,311,12,230,0
0,4,29,0,4,0,0,0,0,0,1.725,0,1,0,0,1,4,0,0,0,1,0,0,0,0,1,5.447579,0,0,0,20,311,12,231,0
1,0,33,0,4,0,0,0,1,0,1.775,0,1,0,0,1,4,0,0,0,1,0,0,0,0,1,4.159452,0,0,0,21,311,12,232,0
0,4,31,0,4,0,0,0,0,0,1.725,0,1,0,0,1,0,0,1,0,0,0,0,1,9.392662,0,6.093101,0,0,0,20,311,12,233,0
1,0,34,0,4,0,0,0,1,0,1.6,0,1,0,0,1,4,0,0,0,1,0,0,0,8.517193,0,5.308418,0,0,0,20,311,12,234,0
0,6,25,0,4,0,1,0,0,0,1.7,0,1,0,0,1,6,0,0,0,0,0,0,1,0,1,0,1,0,0,20,311,12,235,0
0,6,38,0,4,0,0,0,0,0,1.55,0,1,0,0,1,0,0,1,0,0,1,0,0,0,1,5.794884,0,1,0,20,311,12,236,0
0,0,33,0,4,0,1,0,1,0,1.675,0,1,0,0,1,2,0,0,0,0,0,0,1,0,1,4.159452,0,0,0,20,311,12,237,0
0,0,30,0,4,0,0,0,1,0,1.675,0,1,0,0,1,5,0,0,1,0,0,0,0,0,1,5.825603,0,0,0,20,311,12,238,0
0,2,32,0,4,0,0,1,0,0,1.675,0,1,0,0,1,4,0,0,1,1,0,0,0,0,1,6.204298,0,0,0,20,311,12,239,0
0,0,25,0,4,0,0,0,1,0,1.65,0,1,0,0,1,4,0,0,0,1,0,0,0,0,1,5.50987,0,0,0,20,311,12,240,0
0,0,41,0,4,0,0,0,1,0,1.675,0,1,0,0,1,0,0,1,0,0,0,0,1,0,1,4.159452,0,0,0,20,311,12,241,0
0,2,26,0,4,0,0,1,0,0,1.725,0,1,0,0,1,5,0,0,0,0,1,0,0,0,1,5.794884,0,0,0,20,311,12,242,0
1,0,28,0,4,0,0,0,1,0,1.675,0,1,0,0,1,0,0,1,0,0,0,0,1,0,1,5.825603,0,1,0,20,311,12,243,0
0,2,27,0,4,0,0,1,0,0,1.675,0,1,0,0,1,5,0,0,0,0,1,0,0,10.16585,0,6.093101,0,0,0,20,311,12,244,0
0,0,28,0,4,0,0,0,1,0,1.6,0,1,0,0,1,4,0,0,1,0,0,0,0,0,1,4.159452,0,0,0,20,311,12,245,0
0,0,30,0,4,0,0,0,1,0,1.575,0,1,0,0,1,4,0,0,0,0,1,0,0,8.411833,0,0,1,0,0,20,311,12,246,0
0,0,31,0,4,0,1,0,1,0,0,1,1,0,0,1,6,0,0,0,1,1,0,0,9.769957,0,6.093101,0,0,1,20,311,12,247,0
0,0,29,0,4,0,1,0,1,0,0,1,1,0,0,1,4,0,0,1,0,0,0,0,0,1,0,1,0,1,24,311,16,14,0
0,0,32,0,4,0,0,0,1,0,1.65,0,1,0,0,1,4,0,0,0,1,0,0,0,0,1,4.159452,0,0,0,24,311,16,15,0
0,0,31,0,4,0,0,0,1,0,1.7,0,1,0,0,1,2,0,0,0,0,0,0,1,0,1,4.159452,0,1,0,24,311,16,16,0
0,0,30,0,4,0,1,0,1,0,1.775,0,1,0,0,1,6,0,0,0,1,0,0,0,0,1,0,1,0,1,24,311,16,23,0
0,0,27,0,4,0,0,0,1,0,1.6,0,1,0,0,1,4,0,0,0,0,1,0,0,0,1,6.094067,0,0,1,24,311,16,25,0
1,0,29,0,4,0,0,0,1,0,1.675,0,1,0,0,1,4,0,0,0,0,1,0,0,0,1,5.825603,0,0,0,24,311,16,46,0
1,6,36,0,4,0,0,0,0,0,1.65,0,1,0,0,1,0,0,1,0,0,1,0,0,0,1,5.794884,0,0,0,24,311,16,47,0
0,2,41,0,4,0,0,1,0,0,1.725,0,1,0,0,1,2,0,0,0,0,0,0,1,0,1,4.159452,0,0,1,20,501,11,187,0
0,0,30,0,4,0,0,0,1,0,1.7,0,1,0,0,1,6,0,0,0,1,1,0,0,0,1,4.159452,0,1,0,20,501,11,188,0
0,0,33,0,4,0,0,0,1,0,1.65,0,1,0,0,1,4,0,0,0,1,0,0,0,0,1,6.093101,0,0,0,20,501,11,189,0
0,0,30,0,4,0,1,0,1,0,1.7,0,1,0,0,1,0,0,1,0,0,0,0,1,0,1,4.159452,0,0,0,20,501,11,190,0
1,0,38,0,4,0,0,0,1,0,1.7,0,1,0,0,1,0,0,1,0,0,0,0,1,0,1,5.825603,0,0,0,20,501,11,191,0
1,0,38,0,4,0,0,0,1,0,1.7,0,1,0,0,1,6,0,0,0,0,1,0,0,0,1,6.094067,0,0,0,20,501,11,192,0
0,0,27,0,4,0,1,0,1,0,1.625,0,1,0,0,1,0,0,1,0,0,0,0,1,0,1,5.825603,0,0,0,20,501,11,193,0
0,0,32,0,4,0,0,0,1,0,1.675,0,1,0,0,1,1,0,0,0,0,0,0,1,0,1,6.093101,0,0,1,20,501,11,194,0
0,0,31,0,4,0,0,0,1,0,1.65,0,1,0,0,1,0,0,1,0,0,0,0,1,0,1,5.459123,0,0,0,20,501,11,195,0
1,0,33,0,4,0,0,0,1,0,1.625,0,1,0,0,1,4,0,0,0,1,0,0,0,9.21034,0,4.159452,0,0,0,20,501,11,196,0
0,0,32,0,4,0,0,0,1,0,1.65,0,1,0,0,1,4,0,0,0,0,0,0,1,0,1,5.459123,0,0,0,20,501,11,197,0
0,0,32,0,4,0,0,0,1,0,1.7,0,1,0,0,1,4,0,0,0,1,0,0,0,0,1,5.459123,0,0,0,20,501,11,198,0
1,0,31,0,4,0,0,0,1,0,1.6375,0,1,0,0,1,6,0,0,0,0,1,0,0,9.98353,0,5.459123,0,0,0,20,501,11,199,0
0,0,26,0,4,0,0,0,1,0,1.75,0,1,0,0,1,5,0,0,0,0,1,0,0,0,1,5.794884,0,0,0,20,501,11,200,0
0,0,0,0,4,0,0,0,1,1,1.7,0,1,0,0,1,0,0,1,0,0,0,0,1,0,1,6.093101,0,0,0,20,501,11,201,0
1,0,32,0,4,0,0,0,1,0,1.8,0,1,0,0,1,6,0,0,0,0,1,0,0,0,1,5.50987,0,0,0,20,501,11,202,0
1,2,36,0,4,0,0,1,0,0,0,1,1,0,0,1,0,0,1,0,0,0,0,1,0,1,4.159452,0,0,0,20,501,11,204,0
0,0,38,0,4,0,0,0,1,0,1.7,0,1,0,0,1,1,0,0,0,0,0,0,1,0,1,6.093101,0,0,1,20,501,11,205,0
1,2,55,0,4,0,0,1,0,0,0,1,1,0,0,1,0,0,1,0,0,0,0,1,0,1,6.093101,0,0,1,20,501,11,206,0
1,4,26,0,4,0,0,0,0,0,1.7,0,1,0,0,1,0,0,1,0,0,0,0,1,0,1,0,1,0,0,20,501,11,207,0
0,0,27,0,4,0,1,0,1,0,1.725,0,1,0,0,1,5,0,0,1,0,0,0,0,9.159047,0,5.50987,0,0,0,20,501,11,208,0
0,0,30,0,4,0,0,0,1,0,1.8,0,1,0,0,1,0,0,1,0,0,0,0,1,0,1,5.794884,0,0,0,20,501,11,209,0
0,0,31,0,4,0,0,0,1,0,1.7,0,1,0,0,1,4,0,0,1,0,0,0,0,0,1,4.159452,0,0,0,20,501,11,210,0
0,0,32,0,4,0,0,0,1,0,1.6,0,1,0,0,1,0,0,1,0,0,0,0,1,9.21034,0,5.50987,0,0,0,20,501,11,211,0
0,6,27,0,4,0,0,0,0,0,1.65,0,1,0,0,1,5,0,0,0,0,1,0,0,0,1,5.40345,0,0,0,20,501,11,212,0
0,0,25,0,4,0,1,0,1,0,0,1,1,0,0,1,0,0,1,0,0,0,0,1,0,1,6.094067,0,1,0,21,501,11,213,0
0,0,31,0,4,0,0,0,1,0,1.775,0,1,0,0,1,4,0,0,0,0,1,0,0,0,1,5.049275,0,0,0,20,501,11,214,0
0,0,39,0,4,0,0,0,1,0,1.725,0,1,0,0,1,4,0,0,0,1,0,0,0,12.61154,0,4.159452,0,0,0,20,501,11,215,0
0,2,31,0,4,0,0,1,0,0,1.85,0,1,0,0,1,4,0,0,0,1,0,0,0,0,1,5.459123,0,0,0,20,501,11,216,0
0,0,30,0,4,0,1,0,1,0,0,1,1,0,0,1,6,0,0,0,1,1,0,0,9.825526,0,6.093101,0,0,1,20,501,11,217,0
0,0,27,0,4,0,1,0,1,0,1.675,0,1,0,0,1,5,0,0,0,0,1,0,0,0,1,5.459123,0,0,1,20,501,11,218,0
0,0,40,0,4,0,0,0,1,0,1.75,0,1,0,0,1,5,0,0,0,0,1,0,0,0,1,5.794884,0,0,0,20,501,11,219,0
0,0,32,0,4,0,0,0,1,0,1.675,0,1,0,0,1,2,0,0,0,1,0,0,0,9.21034,0,4.159452,0,0,0,20,501,11,220,0
0,0,36,0,4,0,0,0,1,0,1.675,0,1,0,0,1,4,0,0,0,1,0,0,0,0,1,0,1,0,0,20,501,11,221,0
0,0,32,0,4,0,0,0,1,0,1.8,0,1,0,0,1,0,0,1,0,0,0,0,1,0,1,5.50987,0,0,0,20,501,11,222,0
0,0,38,0,4,0,1,0,1,0,0,1,1,0,0,1,5,0,0,0,0,1,0,0,0,1,5.825603,0,0,0,20,501,11,223,0
0,0,32,0,4,0,0,0,1,0,1.8,0,1,0,0,1,0,0,1,0,0,0,0,1,9.615806,0,6.093101,0,0,0,20,501,11,224,0
0,0,31,0,4,0,1,0,1,0,0,1,1,0,0,1,6,0,0,0,0,1,0,0,12.02575,0,5.794884,0,0,1,20,501,11,225,0
0,0,32,0,4,0,0,0,1,0,1.575,0,1,0,0,1,2,0,0,0,0,0,0,1,0,1,4.159452,0,0,1,20,501,11,226,0
0,0,23,0,4,0,0,0,1,0,1.625,0,1,0,0,1,0,0,1,0,0,0,0,1,0,1,4.91469,0,0,0,20,501,11,227,0
1,0,31,0,4,0,0,0,1,0,1.675,0,1,0,0,1,6,0,0,0,0,1,0,0,0,1,6.094067,0,0,0,20,501,11,228,0
0,4,33,0,4,0,0,0,0,0,1.7,0,1,0,0,1,5,0,0,0,0,1,0,0,8.779557,0,4.91469,0,0,1,20,501,11,229,0
1,0,32,0,4,0,0,0,1,0,1.65,0,1,0,0,1,6,0,0,0,0,1,0,0,0,1,6.094067,0,0,0,20,501,11,230,0
0,4,32,0,4,0,0,0,0,0,1.675,0,1,0,0,1,4,0,0,0,0,0,0,1,0,1,4.159452,0,0,0,20,501,11,231,0
0,0,38,0,4,0,1,0,1,0,0,1,1,0,0,1,4,0,0,0,1,0,0,0,8.294049,0,5.459123,0,0,0,20,501,11,232,0
1,0,30,0,4,0,0,0,1,0,1.72,0,1,0,0,1,6,0,0,0,0,1,0,0,0,1,5.794884,0,1,0,20,501,11,233,0
0,0,32,0,4,0,0,0,1,0,1.65,0,1,0,0,1,4,0,0,0,1,0,0,0,8.517193,0,5.459123,0,0,1,21,501,11,234,0
1,0,49,0,4,0,0,0,1,0,1.75,0,1,0,0,1,0,0,1,0,0,0,0,1,0,1,0,1,0,0,20,501,11,235,0
1,0,30,0,4,0,0,0,1,0,1.7,0,1,0,0,1,0,0,1,0,0,0,0,1,0,1,6.093101,0,0,0,20,501,11,236,1
1,0,27,0,4,0,0,0,1,0,1.7,0,1,0,0,1,0,0,1,0,0,0,0,1,0,1,5.825603,0,0,0,20,501,11,236,1
0,0,40,0,4,0,1,0,1,0,1.6,0,1,0,0,1,0,0,1,0,0,0,0,1,0,1,5.50987,0,0,0,20,501,11,237,0
0,5,29,0,4,0,0,0,0,0,1.65,0,1,0,0,1,0,0,1,0,0,0,0,1,0,1,5.459123,0,0,0,20,501,11,238,0
0,0,31,0,4,0,0,0,1,0,1.725,0,1,0,0,1,4,0,0,0,0,1,0,0,0,1,6.093101,0,0,0,20,501,11,239,0
1,0,35,0,4,0,0,0,1,0,1.675,0,1,0,0,1,4,0,0,0,0,1,0,0,0,1,4.159452,0,0,1,24,501,13,54,0
0,0,29,0,4,0,0,0,1,0,1.675,0,1,0,0,1,0,0,1,0,0,0,0,1,0,1,4.91469,0,0,0,24,501,13,55,0
0,6,29,0,4,0,1,0,0,0,1.67,0,1,0,0,1,5,0,0,0,0,1,0,0,0,1,0,1,0,1,24,501,13,61,0
0,0,32,0,4,0,0,0,1,0,0,1,1,0,0,1,4,0,0,0,1,0,0,0,0,1,0,1,1,0,24,501,13,64,0
1,0,52,0,4,0,0,0,1,0,0,1,1,0,0,1,5,0,0,0,0,1,0,0,0,1,5.50987,0,1,0,24,501,13,69,0
0,0,34,0,4,0,0,0,1,0,1.55,0,1,0,0,1,2,0,0,0,0,0,0,1,8.612503,0,0,1,0,0,20,501,13,78,1
0,6,30,0,4,0,1,0,0,0,1.6,0,1,0,0,1,6,0,0,1,0,0,0,0,0,1,6.093101,0,0,0,20,501,14,1,0
1,0,26,0,4,0,0,0,1,0,1.8,0,1,0,0,1,0,0,1,0,0,0,0,1,0,1,4.710353,0,1,0,20,501,14,2,0
0,0,32,0,4,0,1,0,1,0,1.7,0,1,0,0,1,5,0,0,1,0,0,0,0,9.903487,0,5.825603,0,0,1,20,501,14,3,0
0,0,33,0,4,0,1,0,1,0,1.8,0,1,0,0,1,4,0,0,0,1,0,0,0,0,1,5.825603,0,0,0,20,501,14,5,0
1,0,32,0,4,0,0,0,1,0,1.675,0,1,0,0,1,6,0,0,0,1,1,0,0,0,1,6.093101,0,1,0,20,501,14,6,0
0,0,30,0,4,0,0,0,1,0,1.575,0,1,0,0,1,4,0,0,0,1,0,0,0,8.517193,0,5.825603,0,0,0,20,501,14,7,0
1,5,29,0,4,0,0,0,0,0,1.65,0,1,0,0,1,5,0,0,0,0,0,1,0,0,1,0,1,1,0,20,501,14,8,0
0,2,25,0,4,0,0,1,0,0,1.675,0,1,0,0,1,4,0,0,0,0,1,0,0,0,1,5.825603,0,0,0,20,501,14,9,0
0,0,32,0,4,0,0,0,1,0,1.6,0,1,0,0,1,5,0,0,1,0,0,0,0,9.25913,0,5.50987,0,0,1,20,501,14,10,0
1,5,31,0,4,0,0,0,0,0,1.7,0,1,0,0,1,6,0,0,0,1,1,0,0,9.952278,0,6.093101,0,0,0,20,501,14,11,0
0,4,28,0,4,0,0,0,0,0,1.775,0,1,0,0,1,0,0,1,0,0,0,0,1,0,1,0,1,0,1,20,501,14,12,0
0,0,28,0,4,0,0,0,1,0,1.575,0,1,0,0,1,4,0,0,1,0,0,0,0,0,1,4.159452,0,0,0,20,610,10,32,0
0,0,29,0,4,0,0,0,1,0,1.775,0,1,0,0,1,4,0,0,0,0,1,0,0,0,1,0,1,0,0,20,610,10,33,0
0,0,28,0,4,0,0,0,1,0,1.725,0,1,0,0,1,2,0,0,0,0,0,0,1,0,1,4.159452,0,0,1,24,610,10,39,0
0,0,28,0,4,0,0,0,1,0,1.575,0,1,0,0,1,4,0,0,0,1,0,0,0,0,1,4.159452,0,1,0,24,610,10,46,0
0,5,32,0,4,0,1,0,0,0,1.65,0,1,0,0,1,2,0,0,0,0,0,0,1,0,1,4.289095,0,0,0,95,610,10,52,0
0,0,38,0,4,0,1,0,1,0,1.65,0,1,0,0,1,4,0,0,0,0,1,0,0,0,1,4.159452,0,0,1,20,610,10,73,1
0,0,30,0,4,0,0,0,1,0,1.75,0,1,0,0,1,6,0,0,0,0,1,0,0,0,1,6.093101,0,0,0,20,610,11,152,0
1,0,30,0,4,0,0,0,1,0,1.8,0,1,0,0,1,4,0,0,0,0,1,0,0,0,1,0,1,1,0,20,610,11,153,0
0,0,33,0,4,0,1,0,1,0,1.7,0,1,0,0,1,0,0,1,0,0,0,0,1,0,1,0,1,0,0,20,610,11,154,0
0,0,32,0,4,0,0,0,1,0,1.55,0,1,0,0,1,4,0,0,1,0,0,0,0,8.987197,0,4.159452,0,0,0,20,610,11,155,0
0,0,32,0,4,0,1,0,1,0,1.675,0,1,0,0,1,5,0,0,0,0,1,0,0,0,1,6.093101,0,0,0,20,610,11,156,0
0,0,30,0,4,0,1,0,1,0,1.625,0,1,0,0,1,6,0,0,0,0,1,0,0,0,1,5.69661,0,0,1,20,610,11,157,0
1,0,32,0,4,0,0,0,1,0,1.7,0,1,0,0,1,6,0,0,0,0,1,0,0,0,1,6.094067,0,0,0,20,610,11,158,0
0,2,31,0,4,0,0,1,0,0,1.6625,0,1,0,0,1,4,0,0,0,0,1,0,0,8.922658,0,0,1,0,0,20,610,11,159,0
0,0,28,0,4,0,1,0,1,0,1.725,0,1,0,0,1,0,0,1,0,0,0,0,1,9.680344,0,0,1,0,0,20,610,11,160,0
0,0,45,0,4,0,1,0,1,0,1.675,0,1,0,0,1,0,0,1,0,0,0,0,1,0,1,0,1,0,0,20,610,11,161,0
0,0,26,0,4,0,0,0,1,0,1.7,0,1,0,0,1,0,0,1,0,0,0,0,1,0,1,6.093101,0,0,0,20,610,11,162,0
0,2,33,0,4,0,1,1,0,0,0,1,1,0,0,1,6,0,0,1,0,1,0,0,0,1,0,1,0,0,20,610,11,163,0
1,0,32,0,4,0,0,0,1,0,1.75,0,1,0,0,1,0,0,1,0,0,0,0,1,9.392662,0,4.159452,0,0,0,20,610,11,164,0
0,0,32,0,4,0,1,0,1,0,1.675,0,1,0,0,1,0,0,1,0,0,0,0,1,0,1,0,1,0,0,20,610,11,165,0
0,0,35,0,4,0,1,0,1,0,1.9,0,1,0,0,1,4,0,0,0,1,0,0,0,8.987197,0,0,1,0,0,20,610,11,166,0
0,4,30,0,4,0,1,0,0,0,0,1,1,0,0,1,2,0,0,0,0,0,0,1,0,1,6.093101,0,0,0,20,610,11,167,0
0,0,0,0,4,0,1,0,1,1,0,1,1,0,0,1,5,0,0,1,0,0,0,0,0,1,5.50987,0,0,0,20,610,11,168,0
1,0,32,0,4,0,0,0,1,0,0,1,1,0,0,1,0,0,1,0,0,0,0,1,0,1,5.50987,0,0,0,20,610,11,169,0
0,0,36,0,4,0,0,0,1,0,1.6,0,1,0,0,1,2,0,0,0,0,0,0,1,0,1,0,1,0,0,20,610,11,170,0
0,0,32,0,4,0,0,0,1,0,1.65,0,1,0,0,1,4,0,0,0,1,0,0,0,0,1,4.159452,0,0,0,20,610,11,172,0
1,0,32,0,4,0,0,0,1,0,0,1,1,0,0,1,4,0,0,0,0,1,0,0,0,1,0,1,0,0,20,610,11,173,0
0,0,0,0,4,0,1,0,1,1,0,1,1,0,0,1,0,0,1,0,0,0,0,1,0,1,0,1,0,0,20,610,11,174,0
0,0,29,0,4,0,1,0,1,0,1.85,0,1,0,0,1,5,0,0,0,0,1,0,0,0,1,6.093101,0,0,0,20,610,11,175,0
0,0,26,0,4,0,0,0,1,0,1.65,0,1,0,0,1,4,0,0,0,1,0,0,0,0,1,4.159452,0,0,0,20,610,11,176,0
0,0,32,0,4,0,0,0,1,0,1.625,0,1,0,0,1,5,0,0,0,0,1,0,0,0,1,6.093101,0,0,0,20,610,11,177,0
0,0,33,0,4,0,1,0,1,0,0,1,1,0,0,1,4,0,0,0,0,0,0,1,9.10498,0,0,1,0,0,20,610,11,178,0
1,0,36,0,4,0,0,0,1,0,1.65,0,1,0,0,1,4,0,0,1,0,1,0,0,0,1,5.50987,0,0,0,20,610,11,179,0
0,2,28,0,4,0,1,1,0,0,1.65,0,1,0,0,1,3,0,0,0,0,0,0,1,0,1,6.204298,0,0,0,20,610,11,180,0
1,0,38,0,4,0,0,0,1,0,1.8,0,1,0,0,1,4,0,0,0,0,1,0,0,9.21034,0,4.159452,0,0,0,20,610,11,181,0
0,0,28,0,4,0,0,0,1,0,1.775,0,1,0,0,1,4,0,0,1,0,0,0,0,0,1,0,1,0,0,20,610,11,182,0
1,0,28,0,4,0,0,0,1,0,1.625,0,1,0,0,1,3,0,0,0,0,0,1,0,0,1,4.159452,0,0,0,20,610,11,183,0
0,0,28,0,4,0,0,0,1,0,1.675,0,1,0,0,1,4,0,0,0,0,1,0,0,8.517193,0,4.159452,0,0,0,20,610,11,184,0
0,2,28,0,4,0,0,1,0,0,1.575,0,1,0,0,1,4,0,0,0,0,0,0,1,0,1,6.093101,0,0,0,20,610,11,185,0
0,0,35,0,4,0,0,0,1,0,1.7,0,1,0,0,1,4,0,0,0,0,1,0,0,9.903487,0,4.159452,0,0,0,20,610,11,186,0
1,0,30,0,4,0,0,0,1,0,1.675,0,1,0,0,1,4,0,0,0,0,0,0,1,0,1,4.159452,0,0,0,20,610,11,187,0
0,2,30,0,4,0,1,1,0,0,1.6625,0,1,0,0,1,6,0,0,0,0,1,0,0,0,1,5.50987,0,0,1,20,610,11,188,0
1,0,31,0,4,0,0,0,1,0,1.7,0,1,0,0,1,4,0,0,0,0,1,0,0,0,1,0,1,0,0,20,610,11,189,0
0,0,30,0,4,0,1,0,1,0,1.675,0,1,0,0,1,6,0,0,0,0,1,0,0,0,1,6.094067,0,0,0,20,610,11,190,0
1,0,28,0,4,0,0,0,1,0,1.7,0,1,0,0,1,4,0,0,0,1,0,0,0,0,1,0,1,0,0,20,610,11,191,0
0,0,28,0,4,0,1,0,1,0,1.575,0,1,0,0,1,5,0,0,0,1,0,0,0,0,1,4.159452,0,0,0,20,610,11,192,0
0,4,30,0,4,0,0,0,0,0,1.6625,0,1,0,0,1,1,0,0,0,0,0,0,1,0,1,4.159452,0,0,1,20,610,11,193,0
1,2,34,0,4,0,0,1,0,0,1.675,0,1,0,0,1,4,0,0,0,1,0,0,0,0,1,0,1,0,0,20,610,11,194,0
1,2,26,0,4,0,0,1,0,0,1.625,0,1,0,0,1,0,0,1,0,0,0,0,1,0,1,0,1,0,0,20,610,11,195,0
0,0,28,0,4,0,1,0,1,0,1.625,0,1,0,0,1,0,0,1,0,0,0,0,1,0,1,0,1,0,0,20,610,11,196,0
0,0,35,0,4,0,0,0,1,0,1.775,0,1,0,0,1,5,0,0,0,0,1,0,0,0,1,4.159452,0,0,0,20,610,11,197,0
0,0,36,0,4,0,1,0,1,0,1.65,0,1,0,0,1,0,0,1,0,0,0,0,1,0,1,4.159452,0,0,0,20,610,11,198,0
0,0,30,0,4,0,0,0,1,0,1.65,0,1,0,0,1,0,0,1,0,0,0,0,1,0,1,0,1,0,0,20,610,11,199,0
0,0,28,0,4,0,0,0,1,0,1.65,0,1,0,0,1,2,0,0,0,0,0,0,1,0,1,4.159452,0,0,0,20,610,11,200,0
0,0,38,0,4,0,1,0,1,0,0,1,1,0,0,1,5,0,0,0,0,1,0,0,0,1,0,1,0,0,20,610,11,201,0
0,0,36,0,4,0,1,0,1,0,1.775,0,1,0,0,1,6,0,0,0,1,0,0,0,0,1,0,1,0,0,20,610,11,202,0
0,0,28,0,4,0,1,0,1,0,1.72,0,1,0,0,1,5,0,0,0,0,1,0,0,0,1,6.093101,0,0,0,20,610,11,203,0
0,0,26,0,4,0,1,0,1,0,1.675,0,1,0,0,1,6,0,0,0,1,0,0,0,0,1,6.093101,0,0,0,20,610,11,204,0
0,5,35,0,4,0,0,0,0,0,1.675,0,1,0,0,1,3,0,0,0,0,0,1,0,9.615806,0,6.093101,0,0,0,20,610,11,205,0
0,0,33,0,4,0,1,0,1,0,1.6125,0,1,0,0,1,6,0,0,0,0,1,0,0,0,1,4.159452,0,0,1,20,610,11,206,0
1,0,28,0,4,0,0,0,1,0,1.65,0,1,0,0,1,5,0,0,0,0,1,0,0,0,1,0,1,0,0,20,610,11,207,0
1,2,26,0,4,0,0,1,0,0,1.7375,0,1,0,0,1,0,0,1,0,0,0,0,1,0,1,4.710353,0,0,1,20,610,11,208,0
1,0,36,0,4,0,0,0,1,0,1.6,0,1,0,0,1,4,0,0,0,1,0,0,0,0,1,6.093101,0,0,0,20,610,11,209,0
0,0,31,0,4,0,0,0,1,0,1.53,0,1,0,0,1,5,0,0,0,0,1,0,0,0,1,5.794884,0,0,1,20,610,11,210,0
0,0,26,0,4,0,0,0,1,0,1.675,0,1,0,0,1,4,0,0,0,1,0,0,0,0,1,0,1,0,0,20,610,11,211,0
0,0,24,0,4,0,1,0,1,0,1.55,0,1,0,0,1,4,0,0,0,0,0,0,1,0,1,0,1,0,0,20,610,11,212,0
0,0,29,0,4,0,0,0,1,0,1.725,0,1,0,0,1,5,0,0,0,0,1,0,0,0,1,6.093101,0,0,0,20,610,11,213,0
1,2,35,0,4,0,0,1,0,0,1.775,0,1,0,0,1,0,0,1,0,0,0,0,1,0,1,4.159452,0,0,1,20,610,11,214,0
0,0,28,0,4,0,1,0,1,0,1.8,0,1,0,0,1,5,0,0,0,0,1,0,0,0,1,5.794884,0,1,0,20,610,11,215,0
0,0,28,0,4,0,0,0,1,0,1.5,0,1,0,0,1,2,0,0,0,0,0,0,1,0,1,4.159452,0,0,0,20,610,11,216,0
0,0,30,0,4,0,0,0,1,0,1.6,0,1,0,0,1,4,0,0,0,0,0,0,1,0,1,4.159452,0,0,0,20,610,11,217,0
0,0,31,0,4,0,0,0,1,0,0,1,1,0,0,1,5,0,0,0,0,1,0,0,10.89982,0,5.794884,0,1,0,20,812,6,27,0
0,0,38,0,4,0,0,0,1,0,0,1,1,0,0,1,0,1,0,0,0,0,0,1,0,1,0,1,0,0,20,812,6,32,1
0,0,36,0,4,0,0,0,1,0,1.675,0,1,0,0,1,0,1,0,0,0,0,0,1,0,1,0,1,0,0,20,812,6,33,1
0,6,29,0,4,0,1,0,0,0,1.7,0,1,0,0,1,0,1,0,0,0,0,0,1,0,1,5.308418,0,0,0,20,812,6,34,1
0,0,27,1,4,0,0,0,1,0,1.675,0,0,0,0,1,6,0,0,0,1,1,0,0,9.615806,0,0,1,0,0,20,812,11,173,0
0,2,30,0,4,0,0,1,0,0,1.5625,0,1,0,0,1,4,0,0,1,0,0,0,0,0,1,0,1,0,1,20,812,11,223,0
0,2,27,0,4,0,1,1,0,0,1.675,0,1,0,0,1,5,0,0,0,0,1,0,0,0,1,0,1,0,1,24,812,11,224,0
0,2,27,0,4,0,1,1,0,0,1.7,0,1,0,0,1,6,0,0,0,0,1,0,0,0,1,6.093101,0,0,0,20,812,14,110,0
1,2,28,0,4,0,0,1,0,0,1.6,0,1,0,0,1,4,0,0,0,1,0,0,0,0,1,0,1,0,0,20,812,14,111,0
0,5,33,0,4,0,1,0,0,0,1.75,0,1,0,0,1,4,0,0,0,1,0,0,0,0,1,4.159452,0,0,0,20,812,14,112,0
0,2,28,0,4,0,0,1,0,0,1.725,0,1,0,0,1,0,0,1,0,0,0,0,1,0,1,5.825603,0,0,0,21,812,14,113,0
0,2,32,0,4,0,0,1,0,0,1.725,0,1,0,0,1,5,0,0,0,0,1,0,0,0,1,5.794884,0,0,0,20,812,14,114,0
0,0,48,0,4,0,1,0,1,0,1.75,0,1,0,0,1,4,0,0,0,0,1,0,0,0,1,0,1,0,1,20,812,14,115,0
0,2,36,0,4,0,1,1,0,0,0,1,1,0,0,1,2,0,0,0,0,0,0,1,11.0021,0,4.159452,0,0,0,20,812,14,116,0
0,0,35,0,4,0,0,0,1,0,1.7,0,1,0,0,1,1,0,0,0,0,0,0,1,0,1,0,1,0,0,20,812,14,117,0
0,2,40,0,4,0,0,1,0,0,1.675,0,1,0,0,1,0,0,1,0,0,0,0,1,8.517193,0,0,1,0,0,20,812,14,118,0
0,0,38,0,4,0,1,0,1,0,1.65,0,1,0,0,1,0,0,1,0,0,0,0,1,0,1,0,1,0,0,20,812,14,119,0
0,0,25,0,4,0,1,0,1,0,0,1,1,0,0,1,0,0,1,0,0,0,0,1,0,1,6.094067,0,1,0,20,812,14,120,0
1,0,36,0,4,0,0,0,1,0,0,1,1,0,0,1,6,0,0,0,1,0,0,0,9.680344,0,4.159452,0,0,1,20,812,14,121,0
0,0,30,0,4,0,0,0,1,0,1.75,0,1,0,0,1,4,0,0,0,1,0,0,0,0,1,0,1,0,0,20,812,14,122,0
0,0,32,0,4,0,0,0,1,0,1.7,0,1,0,0,1,2,0,0,0,0,0,0,1,0,1,4.159452,0,0,0,20,812,14,123,0
1,0,30,0,4,0,0,0,1,0,1.6125,0,1,0,0,1,5,0,0,0,0,1,0,0,0,1,5.825603,0,0,0,20,812,14,124,0
0,2,30,0,4,0,1,1,0,0,1.675,0,1,0,0,1,4,0,0,0,1,0,0,0,0,1,6.093101,0,0,0,20,812,14,125,0
0,0,38,0,4,0,0,0,1,0,1.65,0,1,0,0,1,5,0,0,0,0,1,0,0,12.32386,0,0,1,0,0,20,812,14,126,0
0,0,26,0,4,0,0,0,1,0,1.625,0,1,0,0,1,4,0,0,0,0,0,0,1,9.903487,0,4.159452,0,0,0,20,812,14,127,0
0,2,28,0,4,0,0,1,0,0,1.6,0,1,0,0,1,0,0,1,0,0,0,0,1,0,1,0,1,0,0,21,812,14,128,0
0,0,30,0,4,0,0,0,1,0,1.6875,0,1,0,0,1,6,0,0,0,1,1,0,0,0,1,6.093101,0,0,0,20,812,14,129,0
0,4,38,0,4,0,1,0,0,0,0,1,1,0,0,1,0,0,1,0,0,0,0,1,0,1,4.159452,0,0,0,20,812,14,130,0
1,0,28,0,4,0,0,0,1,0,1.65,0,1,0,0,1,3,0,0,0,0,0,1,0,8.853665,0,6.093101,0,1,0,20,812,14,131,0
1,0,34,0,4,0,0,0,1,0,1.775,0,1,0,0,1,5,0,0,0,0,1,0,0,0,1,6.093101,0,0,0,20,812,14,132,0
0,0,31,0,4,0,0,0,1,0,1.625,0,1,0,0,1,4,0,0,0,1,0,0,0,8.987197,0,0,1,0,0,20,812,14,133,0
0,0,30,0,4,0,0,0,1,0,1.6,0,1,0,0,1,2,0,0,0,0,0,0,1,0,1,4.159452,0,0,0,20,812,14,134,0
1,0,31,0,4,0,0,0,1,0,1.675,0,1,0,0,1,4,0,0,0,0,1,0,0,0,1,0,1,0,1,20,812,14,135,0
0,5,30,0,4,0,0,0,0,0,1.75,0,1,0,0,1,4,0,0,0,0,1,0,0,10.5321,0,6.093101,0,0,0,20,812,14,136,0
0,5,29,0,4,0,0,0,0,0,1.75,0,1,0,0,1,4,0,0,0,0,1,0,0,9.798127,0,6.093101,0,0,0,20,812,14,137,0
0,5,34,0,4,0,1,0,0,0,1.625,0,1,0,0,1,5,0,0,1,0,0,0,0,0,1,6.093101,0,1,0,20,812,14,138,1
0,3,33,0,4,0,1,0,0,0,1.7,0,1,0,0,1,6,0,0,1,0,0,0,0,0,1,6.093101,0,1,0,20,812,14,138,1
0,2,31,0,4,0,0,1,0,0,1.625,0,1,0,0,1,4,0,0,0,1,0,0,0,0,1,4.159452,0,0,0,20,812,14,139,0
1,2,30,0,4,0,0,1,0,0,1.725,0,1,0,0,1,4,0,0,0,1,0,0,0,0,1,4.159452,0,0,0,20,812,14,140,0
0,2,29,0,4,0,0,1,0,0,1.675,0,1,0,0,1,5,0,0,0,0,1,0,0,0,1,5.794884,0,0,0,20,812,14,141,0
0,2,30,0,4,0,0,1,0,0,1.65,0,1,0,0,1,0,0,1,0,0,0,0,1,0,1,4.159452,0,0,0,20,812,14,142,0
1,0,31,0,4,0,0,0,1,0,1.8,0,1,0,0,1,4,0,0,0,1,0,0,0,0,1,4.159452,0,0,0,20,812,14,143,0
1,2,38,0,4,0,0,1,0,0,1.6125,0,1,0,0,1,4,0,0,0,0,1,0,0,8.853665,0,4.159452,0,0,0,20,812,14,144,0
0,0,34,0,4,0,1,0,1,0,1.8375,0,1,0,0,1,5,0,0,1,0,1,0,0,0,1,5.50987,0,0,0,20,812,14,145,0
0,2,28,0,4,0,0,1,0,0,1.775,0,1,0,0,1,4,0,0,0,0,0,0,1,0,1,4.159452,0,0,1,20,812,14,146,0
0,0,32,0,4,0,1,0,1,0,1.6,0,1,0,0,1,4,0,0,0,1,0,0,0,9.615806,0,4.159452,0,0,1,20,812,14,147,0
0,0,34,0,4,0,0,0,1,0,1.8,0,1,0,0,1,2,0,0,0,0,0,0,1,0,1,4.159452,0,1,0,20,812,14,148,0
1,2,36,0,4,0,0,1,0,0,1.575,0,1,0,0,1,4,0,0,0,0,0,0,1,9.10498,0,0,1,0,0,20,812,14,149,0
0,2,35,0,4,0,0,1,0,0,1.65,0,1,0,0,1,4,0,0,0,1,0,0,0,9.10498,0,0,1,0,1,20,812,14,150,0
0,3,27,0,4,0,0,0,0,0,1.6875,0,1,0,0,1,5,0,0,0,0,1,0,0,0,1,6.093101,0,0,0,20,812,14,151,0
0,0,35,0,4,0,0,0,1,0,1.65,0,1,0,0,1,2,0,0,0,0,0,0,1,0,1,4.159452,0,0,0,20,812,14,152,0
0,0,28,0,4,0,0,0,1,0,1.7,0,1,0,0,1,4,0,0,0,0,0,0,1,0,1,0,1,0,0,20,812,14,153,0
0,0,30,0,4,0,1,0,1,0,0,1,1,0,0,1,5,0,0,0,0,1,0,0,0,1,5.825603,0,0,1,20,812,14,154,0
0,0,36,0,4,0,0,0,1,0,1.65,0,1,0,0,1,2,0,0,0,0,0,0,1,9.10498,0,5.189394,0,0,0,20,812,14,155,0
0,0,35,0,4,0,0,0,1,0,1.65,0,1,0,0,1,2,0,0,0,0,0,0,1,0,1,4.159452,0,1,0,20,812,14,156,0
0,2,28,0,4,0,0,1,0,0,1.775,0,1,0,0,1,4,0,0,0,1,0,0,0,0,1,4.159452,0,0,0,20,812,14,157,0
1,0,27,0,4,0,0,0,1,0,1.725,0,1,0,0,1,0,0,1,0,0,0,0,1,0,1,4.159452,0,0,0,20,812,14,158,0
0,2,36,0,4,0,0,1,0,0,1.775,0,1,0,0,1,5,0,0,0,0,1,0,0,0,1,6.093101,0,0,0,20,812,14,159,0
0,2,42,0,4,0,0,1,0,0,1.725,0,1,0,0,1,4,0,0,1,0,1,0,0,0,1,0,1,0,0,20,812,14,160,0
0,0,28,0,4,0,1,0,1,0,1.625,0,1,0,0,1,6,0,0,1,0,0,0,0,0,1,6.204298,0,0,0,20,812,14,161,0
1,0,32,0,4,0,0,0,1,0,1.575,0,1,0,0,1,6,0,0,1,0,0,0,0,0,1,6.204298,0,1,0,20,812,14,162,0
0,2,30,0,4,0,1,1,0,0,1.675,0,1,0,0,1,5,0,0,0,0,1,0,0,9.903487,0,5.794884,0,0,1,20,812,14,163,0
0,0,34,0,4,0,0,0,1,0,1.75,0,1,0,0,1,5,0,0,0,1,1,0,0,0,1,5.794884,0,0,0,20,812,14,164,0
0,0,30,0,4,0,0,0,1,0,0,1,1,0,0,1,0,0,1,0,0,0,0,1,0,1,4.159452,0,0,0,20,812,14,165,0
0,0,27,0,4,0,0,0,1,0,1.625,0,1,0,0,1,4,0,0,0,0,1,0,0,0,1,4.159452,0,0,0,20,812,14,166,0
0,0,31,0,4,0,1,0,1,0,1.8,0,1,0,0,1,6,0,0,1,0,0,0,0,0,1,6.204298,0,0,0,20,812,14,167,0
1,2,43,0,4,0,0,1,0,0,1.65,0,1,0,0,1,4,0,0,0,0,0,0,1,0,1,0,1,0,0,20,812,14,168,0
1,0,39,0,4,0,0,0,1,0,1.625,0,1,0,0,1,4,0,0,0,1,0,0,0,0,1,4.159452,0,0,0,20,812,14,169,0
1,0,31,0,4,0,0,0,1,0,0,1,1,0,0,1,6,0,0,0,0,1,0,0,0,1,6.093101,0,0,1,20,812,14,170,0
0,0,26,0,4,0,0,0,1,0,1.6,0,1,0,0,1,0,0,1,0,0,0,0,1,0,1,0,1,1,0,20,812,14,171,0
0,0,30,0,4,0,0,0,1,0,1.55,0,1,0,0,1,4,0,0,0,1,0,0,0,8.517193,0,5.459123,0,0,0,20,812,14,172,0
1,0,30,0,4,0,0,0,1,0,1.55,0,1,0,0,1,4,0,0,0,1,0,0,0,8.987197,0,6.093101,0,0,0,20,812,14,173,0
0,0,28,0,4,0,1,0,1,0,1.675,0,1,0,0,1,4,0,0,0,0,0,0,1,0,1,0,1,0,0,20,812,14,174,0
0,0,29,0,4,0,0,0,1,0,1.775,0,1,0,0,1,4,0,0,0,0,1,0,0,0,1,4.159452,0,0,0,20,812,14,175,0
0,2,31,0,4,0,1,1,0,0,1.75,0,1,0,0,1,6,0,0,0,0,1,0,0,0,1,0,1,1,0,20,812,14,176,0
1,0,35,0,4,0,0,0,1,0,1.8,0,1,0,0,1,4,0,0,0,1,0,0,0,0,1,4.159452,0,0,0,20,812,14,177,0
0,0,29,0,4,0,0,0,1,0,1.625,0,1,0,0,1,5,0,0,1,1,0,0,0,9.21034,0,4.159452,0,0,0,20,812,14,178,0
0,0,37,0,4,0,0,0,1,0,1.675,0,1,0,0,1,4,0,0,0,0,1,0,0,0,1,5.825603,0,0,0,20,812,14,179,1
0,0,34,0,4,0,0,0,1,0,1.725,0,1,0,0,1,3,0,0,0,0,1,0,0,0,1,6.093101,0,0,0,20,812,14,179,1
1,0,33,0,4,0,0,0,1,0,1.75,0,1,0,0,1,2,0,0,0,0,0,0,1,8.853665,0,0,1,1,0,20,812,14,180,0
0,0,31,0,4,0,0,0,1,0,1.6,0,1,0,0,1,3,0,0,0,0,1,0,0,9.305651,0,6.093101,0,1,0,20,812,14,181,0
0,0,29,0,4,0,0,0,1,0,1.675,0,1,0,0,1,5,0,0,0,0,1,0,0,0,1,6.093101,0,0,0,20,812,14,182,0
0,0,31,0,4,0,0,0,1,0,1.75,0,1,0,0,1,0,0,1,0,0,0,0,1,0,1,5.50987,0,1,0,20,812,14,183,0
0,5,27,0,4,0,0,0,0,0,1.675,0,1,0,0,1,0,0,1,0,0,0,0,1,0,1,6.093101,0,1,0,21,812,14,185,0
0,4,31,0,4,0,0,0,0,0,1.7375,0,1,0,0,1,5,0,0,0,1,0,0,0,9.21034,0,4.159452,0,1,0,21,812,14,186,0
1,0,36,0,4,0,0,0,1,0,1.7,0,1,0,0,1,4,0,0,0,1,0,0,0,0,1,0,1,0,0,20,812,14,187,0
0,0,26,0,4,0,0,0,1,0,1.65,0,1,0,0,1,4,0,0,0,1,0,0,0,0,1,4.159452,0,0,0,20,812,14,188,0
0,0,30,0,4,0,0,0,1,0,1.675,0,1,0,0,1,0,0,1,0,0,0,0,1,8.699514,0,4.159452,0,0,0,20,812,14,189,0
1,2,29,0,4,0,0,1,0,0,1.5875,0,1,0,0,1,0,0,1,0,0,0,0,1,0,1,5.825603,0,1,0,20,812,14,190,0
1,0,27,0,4,0,0,0,1,0,1.65,0,1,0,0,1,6,0,0,0,0,1,0,0,0,1,6.094067,0,0,0,20,812,14,191,0
0,0,31,0,4,0,0,0,1,0,1.55,0,1,0,0,1,0,0,1,0,0,0,0,1,0,1,0,1,0,1,20,812,14,192,0
0,0,29,0,4,0,0,0,1,0,1.6,0,1,0,0,1,2,0,0,0,0,0,0,1,0,1,4.159452,0,0,0,20,812,14,193,0
0,2,28,0,4,0,0,1,0,0,1.725,0,1,0,0,1,4,0,0,0,1,0,0,0,0,1,0,1,0,0,20,812,14,194,0
0,2,32,0,4,0,0,1,0,0,1.6,0,1,0,0,1,0,0,1,0,0,0,0,1,0,1,4.159452,0,0,0,20,812,14,195,0
1,0,32,0,4,0,0,0,1,0,1.5625,0,1,0,0,1,5,0,0,0,0,1,0,0,9.680344,0,6.094067,0,0,0,20,812,14,196,0
0,0,30,0,4,0,0,0,1,0,1.6,0,1,0,0,1,2,0,0,0,0,0,0,1,0,1,4.159452,0,0,0,20,812,14,197,0
1,4,28,0,4,0,0,0,0,0,1.65,0,1,0,0,1,4,0,0,0,0,1,0,0,8.922658,0,4.159452,0,0,1,20,812,14,198,0
0,4,40,0,4,0,0,0,0,0,1.625,0,1,0,0,1,4,0,0,0,1,0,0,0,0,1,4.159452,0,0,0,20,812,14,199,0
0,0,37,0,4,0,0,0,1,0,1.775,0,1,0,0,1,4,0,0,0,1,0,0,0,8.853665,0,0,1,0,0,20,812,14,200,0
0,2,29,0,4,0,0,1,0,0,1.725,0,1,0,0,1,6,0,0,0,1,0,0,0,0,1,4.159452,0,0,0,20,812,14,201,0
0,2,28,0,4,0,0,1,0,0,1.65,0,1,0,0,1,4,0,0,0,1,1,0,0,9.998797,0,6.093101,0,0,0,20,812,14,202,0
0,2,35,0,4,0,0,1,0,0,1.7,0,1,0,0,1,4,0,0,0,0,0,0,1,0,1,0,1,1,0,20,812,14,203,0
0,2,31,0,4,0,0,1,0,0,1.75,0,1,0,0,1,2,0,0,0,0,0,0,1,8.517193,0,0,1,0,0,20,812,14,204,0
1,2,30,0,4,0,0,1,0,0,0,1,1,0,0,1,4,0,0,0,0,0,0,1,9.392662,0,6.093101,0,0,0,20,812,14,205,0
0,0,32,0,4,0,1,0,1,0,1.625,0,1,0,0,1,2,0,0,0,0,1,0,0,0,1,4.159452,0,1,0,20,812,14,206,0
0,0,40,0,4,0,1,0,1,0,1.7,0,1,0,0,1,5,0,0,0,0,1,0,0,0,1,6.093101,0,0,0,20,812,14,207,0
0,5,35,0,4,0,0,0,0,0,1.75,0,1,0,0,1,4,0,0,0,0,1,0,0,0,1,4.159452,0,0,0,20,812,14,208,0
0,0,39,0,4,0,1,0,1,0,0,1,1,0,0,1,0,0,1,0,0,0,0,1,9.952278,0,5.825603,0,0,1,20,812,14,209,0
0,0,28,0,4,0,0,0,1,0,1.675,0,1,0,0,1,4,0,0,0,1,0,0,0,0,1,4.159452,0,0,0,20,812,14,210,0
0,0,30,0,4,0,0,0,1,0,1.775,0,1,0,0,1,2,0,0,0,0,0,0,1,0,1,4.710353,0,0,0,20,812,14,211,0
0,0,33,0,4,0,0,0,1,0,1.675,0,1,0,0,1,0,0,1,0,0,0,0,1,0,1,5.825603,0,0,0,20,812,14,212,0
0,5,35,0,4,0,1,0,0,0,0,1,1,0,0,1,0,0,1,0,0,0,0,1,0,1,4.159452,0,1,0,20,812,14,213,0
0,2,24,0,4,0,0,1,0,0,1.6875,0,1,0,0,1,4,0,0,0,0,0,0,1,0,1,4.159452,0,0,0,20,812,14,214,0
0,2,29,0,4,0,1,1,0,0,1.725,0,1,0,0,1,6,0,0,0,1,1,0,0,10.12663,0,0,1,0,0,20,812,14,215,0
0,2,35,0,4,0,0,1,0,0,1.625,0,1,0,0,1,4,0,0,0,1,0,0,0,9.546813,0,5.825603,0,0,1,20,812,14,216,0
0,0,34,0,4,0,0,0,1,0,1.575,0,1,0,0,1,5,0,0,0,0,1,0,0,0,1,5.825603,0,0,0,20,812,14,217,0
1,0,38,0,4,0,0,0,1,0,0,1,1,0,0,1,4,0,0,0,0,1,0,0,8.853665,0,5.50987,0,0,0,20,812,14,218,0
1,0,38,0,4,0,0,0,1,0,1.65,0,1,0,0,1,4,0,0,0,0,0,0,1,0,1,0,1,0,0,21,812,14,219,0
1,0,29,0,4,0,0,0,1,0,1.675,0,1,0,0,1,3,0,0,0,0,1,0,0,0,1,0,1,0,1,24,902,11,109,0
0,6,34,0,4,0,0,0,0,0,1.625,0,1,0,0,1,4,0,0,0,0,0,0,1,0,1,5.794884,0,0,0,20,902,11,110,1
0,6,30,0,4,0,0,0,0,0,1.625,0,1,0,0,1,5,0,0,0,0,0,0,1,0,1,5.794884,0,0,0,20,902,11,110,1
0,0,32,0,4,0,1,0,1,0,1.675,0,1,0,0,1,4,0,0,0,1,0,0,0,0,1,4.159452,0,0,0,24,902,11,57,0
1,0,37,0,4,0,0,0,1,0,1.75,0,1,0,0,1,2,0,0,0,0,0,0,1,0,1,0,1,0,1,24,902,11,77,0
0,0,35,0,4,0,0,0,1,0,0,1,1,0,0,1,1,0,0,0,0,0,0,1,8.853665,0,0,1,0,1,24,902,11,90,0
0,0,41,0,4,0,0,0,1,0,1.7,0,1,0,0,1,0,0,1,0,0,0,0,1,0,1,5.50987,0,0,0,20,902,14,100,0
0,0,34,0,4,0,0,0,1,0,1.625,0,1,0,0,1,4,0,0,0,0,1,0,0,0,1,5.825603,0,0,0,20,902,14,101,0
0,0,33,0,4,0,0,0,1,0,1.725,0,1,0,0,1,6,0,0,0,1,0,0,0,0,1,0,1,0,0,20,902,14,102,0
0,6,30,0,4,0,0,0,0,0,1.625,0,1,0,0,1,5,0,0,0,0,1,0,0,0,1,5.794884,0,0,0,20,902,14,103,0
0,0,27,0,4,0,0,0,1,0,1.7,0,1,0,0,1,4,0,0,1,0,0,0,0,0,1,5.50987,0,0,0,20,902,14,104,0
0,2,27,0,4,0,0,1,0,0,1.75,0,1,0,0,1,5,0,0,0,0,1,0,0,0,1,5.794884,0,1,0,20,902,14,105,0
0,0,24,0,4,0,1,0,1,0,1.6,0,1,0,0,1,5,0,0,0,0,1,0,0,0,1,0,1,1,0,20,902,14,106,0
0,0,29,0,4,0,1,0,1,0,1.5625,0,1,0,0,1,5,0,0,0,0,1,0,0,12.30138,0,5.794884,0,0,0,20,902,14,107,0
0,0,32,0,4,0,0,0,1,0,1.65,0,1,0,0,1,5,0,0,0,0,1,0,0,10.12663,0,5.794884,0,0,0,20,902,14,108,0
0,0,33,0,4,0,0,0,1,0,1.75,0,1,0,0,1,4,0,0,0,0,1,0,0,0,1,4.159452,0,0,1,20,902,14,29,0
0,0,31,0,4,0,0,0,1,0,1.625,0,1,0,0,1,4,0,0,0,0,1,0,0,0,1,4.159452,0,0,0,20,902,14,30,0
1,4,0,0,4,0,0,0,0,1,0,1,1,0,0,1,4,0,0,0,0,0,0,1,0,1,5.308418,0,0,0,21,902,14,31,0
0,0,25,0,4,0,0,0,1,0,1.75,0,1,0,0,1,5,0,0,0,0,1,0,0,0,1,5.486716,0,0,0,20,902,14,33,0
1,0,27,0,4,0,0,0,1,0,1.675,0,1,0,0,1,3,0,0,0,0,1,0,0,0,1,5.794884,0,1,0,20,902,14,34,0
0,0,35,0,4,0,0,0,1,0,1.65,0,1,0,0,1,4,0,0,0,1,0,0,0,0,1,5.189394,0,0,0,20,902,14,35,0
1,0,31,0,4,0,0,0,1,0,1.7,0,1,0,0,1,4,0,0,1,0,0,0,0,8.853665,0,5.825603,0,1,0,20,902,14,36,0
0,0,38,0,4,0,0,0,1,0,1.8,0,1,0,0,1,2,0,0,0,0,0,0,1,9.903487,0,4.159452,0,0,0,20,902,14,37,0
0,0,28.5,0,4,0,0,0,1,0,1.625,0,1,0,0,1,0,0,1,0,0,0,0,1,8.987197,0,6.093101,0,0,0,20,902,14,38,0
1,2,29,0,4,0,0,1,0,0,1.6875,0,1,0,0,1,0,0,1,0,0,0,0,1,0,1,0,1,0,0,20,902,14,39,0
1,0,32,0,4,0,0,0,1,0,1.675,0,1,0,0,1,5,0,0,0,0,1,0,0,0,1,6.093101,0,0,0,21,902,14,41,0
0,0,30,0,4,0,0,0,1,0,1.7,0,1,0,0,1,4,0,0,0,1,0,0,0,0,1,4.91469,0,0,0,20,902,14,43,0
1,0,44,0,4,0,0,0,1,0,1.625,0,1,0,0,1,4,0,0,0,0,1,0,0,8.987197,0,0,1,0,0,20,902,14,45,0
0,0,32,0,4,0,0,0,1,0,0,1,1,0,0,1,0,0,1,0,0,0,0,1,0,1,4.159452,0,0,0,20,902,14,46,0
0,0,33,0,4,0,0,0,1,0,1.675,0,1,0,0,1,4,0,0,0,0,1,0,0,0,1,5.825603,0,1,0,20,902,14,47,0
0,0,30,0,4,0,1,0,1,0,0,1,1,0,0,1,2,0,0,0,0,0,0,1,0,1,4.159452,0,0,0,20,902,14,48,0
0,0,30,0,4,0,0,0,1,0,1.7,0,1,0,0,1,6,0,0,0,0,1,0,0,0,1,0,1,0,0,20,902,14,49,0
0,0,30,0,4,0,1,0,1,0,1.7,0,1,0,0,1,6,0,0,0,0,1,0,0,0,1,0,1,0,0,20,902,14,50,0
0,0,30,0,4,0,1,0,1,0,0,1,1,0,0,1,0,0,1,0,0,0,0,1,0,1,0,1,0,0,20,902,14,51,0
0,0,27,0,4,0,1,0,1,0,0,1,1,0,0,1,4,0,0,0,0,0,0,1,0,1,4.159452,0,0,0,20,902,14,52,0
0,6,34,0,4,0,0,0,0,0,1.69,0,1,0,0,1,5,0,0,0,0,1,0,0,0,1,5.50987,0,0,0,20,902,14,53,0
0,4,32,0,4,0,0,0,0,0,1.65,0,1,0,0,1,4,0,0,1,0,0,0,0,0,1,4.159452,0,0,0,20,902,14,54,0
0,0,32,0,4,0,1,0,1,0,1.7,0,1,0,0,1,0,0,1,0,0,0,0,1,0,1,4.159452,0,0,0,20,902,14,55,0
0,0,33,0,4,0,0,0,1,0,1.675,0,1,0,0,1,2,0,0,0,0,0,0,1,0,1,4.159452,0,0,0,20,902,14,56,0
0,0,33,0,4,0,1,0,1,0,1.75,0,1,0,0,1,4,0,0,0,1,0,0,0,0,1,0,1,0,0,20,902,14,57,0
0,0,31,0,4,0,0,0,1,0,1.7,0,1,0,0,1,4,0,0,0,0,1,0,0,0,1,0,1,0,0,20,902,14,58,0
0,0,28,0,4,0,0,0,1,0,1.675,0,1,0,0,1,4,0,0,0,1,0,0,0,0,1,4.159452,0,0,0,20,902,14,59,0
0,0,30,0,4,0,0,0,1,0,1.725,0,1,0,0,1,4,0,0,0,1,0,0,0,0,1,4.289095,0,1,0,20,902,14,60,0
0,0,34,0,4,0,0,0,1,0,1.575,0,1,0,0,1,5,0,0,0,0,1,0,0,0,1,5.50987,0,1,0,20,902,14,61,0
0,5,27,0,4,0,0,0,0,0,1.75,0,1,0,0,1,6,0,0,0,1,1,0,0,9.740969,0,5.486716,0,0,0,20,902,14,62,0
0,0,30,0,4,0,0,0,1,0,1.65,0,1,0,0,1,6,0,0,0,1,0,0,0,0,1,0,1,0,0,20,902,14,63,0
0,5,42,0,4,0,1,0,0,0,0,1,1,0,0,1,0,0,1,0,0,0,0,1,9.615806,0,0,1,0,0,20,902,14,64,0
1,0,31,0,4,0,0,0,1,0,0,1,1,0,0,1,4,0,0,0,0,1,0,0,0,1,0,1,0,0,20,902,14,65,0
1,0,32,0,4,0,0,0,1,0,1.7,0,1,0,0,1,2,0,0,0,0,0,0,1,9.21034,0,0,1,0,1,20,902,14,66,0
0,0,34,0,4,0,0,0,1,0,1.7,0,1,0,0,1,3,0,0,0,0,1,0,0,0,1,5.825603,0,1,0,20,902,14,67,0
0,0,28,0,4,0,0,0,1,0,1.675,0,1,0,0,1,4,0,0,0,0,0,0,1,0,1,4.91469,0,0,0,20,902,14,68,0
0,0,32,0,4,0,1,0,1,0,1.625,0,1,0,0,1,4,0,0,0,1,0,0,0,0,1,0,1,0,0,20,902,14,69,0
0,0,35,0,4,0,0,0,1,0,1.7,0,1,0,0,1,4,0,0,0,0,1,0,0,0,1,4.159452,0,0,0,20,902,14,70,0
0,0,30,0,4,0,0,0,1,0,1.7125,0,1,0,0,1,6,0,0,1,1,0,0,0,0,1,4.710353,0,0,0,20,902,14,71,0
0,0,37,0,4,0,0,0,1,0,1.7,0,1,0,0,1,0,0,1,0,0,0,0,1,9.903487,0,4.159452,0,0,0,20,902,14,72,0
0,6,26,0,4,0,1,0,0,0,1.5125,0,1,0,0,1,5,0,0,0,0,1,0,0,0,1,5.40345,0,0,1,24,902,14,73,0
0,2,30,0,4,0,1,1,0,0,1.75,0,1,0,0,1,4,0,0,0,0,1,0,0,0,1,5.825603,0,0,0,20,902,14,74,0
0,4,28,0,4,0,0,0,0,0,1.7,0,1,0,0,1,0,0,1,0,0,0,0,1,8.987197,0,4.159452,0,0,1,20,902,14,75,0
0,0,26,0,4,0,0,0,1,0,1.675,0,1,0,0,1,4,0,0,0,1,0,0,0,0,1,0,1,0,0,20,902,14,76,0
1,0,34,0,4,0,0,0,1,0,1.65,0,1,0,0,1,4,0,0,0,1,0,0,0,0,1,5.40345,0,0,0,20,902,14,78,0
0,0,30,0,4,0,0,0,1,0,1.575,0,1,0,0,1,0,0,1,0,0,0,0,1,0,1,4.159452,0,0,0,20,902,14,79,0
0,0,34,0,4,0,0,0,1,0,1.65,0,1,0,0,1,0,0,1,0,0,0,0,1,0,1,4.159452,0,0,0,20,902,14,80,0
0,0,28,0,4,0,1,0,1,0,1.625,0,1,0,0,1,6,0,0,1,0,0,0,0,0,1,4.91469,0,0,0,20,902,14,81,0
0,0,31,0,4,0,1,0,1,0,0,1,1,0,0,1,6,0,0,0,0,1,0,0,0,1,0,1,0,1,20,902,14,82,0
0,0,37,0,4,0,0,0,1,0,1.625,0,1,0,0,1,4,0,0,0,0,0,0,1,8.779557,0,0,1,0,0,20,902,14,83,0
0,0,35,0,4,0,0,0,1,0,1.6,0,1,0,0,1,2,0,0,0,0,0,0,1,0,1,4.159452,0,0,0,20,902,14,84,0
0,0,42,0,4,0,0,0,1,0,0,1,1,0,0,1,1,0,0,0,0,0,0,1,0,1,4.159452,0,0,0,83,902,14,85,0
0,0,29,0,4,0,0,0,1,0,1.75,0,1,0,0,1,0,0,1,0,0,0,0,1,9.10498,0,0,1,0,0,20,902,14,86,0
0,0,0,0,4,0,0,0,1,1,1.65,0,1,0,0,1,0,0,1,0,0,0,0,1,0,1,0,1,0,0,20,902,14,87,0
0,0,27,0,4,0,0,0,1,0,1.65,0,1,0,0,1,4,0,0,0,0,0,0,1,0,1,4.159452,0,0,0,20,902,14,88,0
0,0,34,0,4,0,0,0,1,0,1.775,0,1,0,0,1,0,0,1,0,0,0,0,1,0,1,4.159452,0,0,0,20,902,14,89,0
0,2,28,0,4,0,1,1,0,0,1.7,0,1,0,0,1,6,0,0,0,0,1,0,0,9.998797,0,0,1,0,1,20,902,14,90,0
0,0,31,0,4,0,1,0,1,0,0,1,1,0,0,1,6,0,0,0,1,1,0,0,9.769957,0,5.794884,0,0,1,20,902,14,91,0
0,0,34,0,4,0,1,0,1,0,1.55,0,1,0,0,1,0,0,1,0,0,0,0,1,0,1,4.159452,0,0,0,20,902,14,92,0
0,0,31,0,4,0,1,0,1,0,0,1,1,0,0,1,5,0,0,0,0,1,0,0,0,1,5.794884,0,0,0,20,902,14,94,0
0,0,27,0,4,0,0,0,1,0,1.6,0,1,0,0,1,2,0,0,0,0,0,0,1,0,1,4.159452,0,0,0,20,902,14,95,0
0,0,31,0,4,0,0,0,1,0,1.7,0,1,0,0,1,5,0,0,0,0,1,0,0,0,1,5.794884,0,0,0,20,902,14,96,0
0,0,28,0,4,0,0,0,1,0,1.6,0,1,0,0,1,4,0,0,0,1,0,0,0,0,1,4.159452,0,0,0,20,902,14,97,0
0,0,27,0,4,0,0,0,1,0,1.75,0,1,0,0,1,6,0,0,0,1,0,0,0,0,1,5.486716,0,0,0,21,902,14,98,0
0,5,26,0,4,0,1,0,0,0,1.7625,0,1,0,0,1,6,0,0,0,1,1,0,0,0,1,5.825603,0,1,0,21,902,14,99,0
0,0,28,0,4,0,0,0,1,0,1.7,0,1,0,0,1,1,0,0,0,0,0,0,1,0,1,5.486716,0,0,0,24,903,11,141,0
0,2,30,0,4,0,1,1,0,0,1.625,0,1,0,0,1,0,0,1,0,0,0,0,1,0,1,6.204298,0,0,1,24,903,11,157,0
1,0,30,0,4,0,0,0,1,0,1.7,0,1,0,0,1,3,0,0,0,0,0,1,0,0,1,5.50987,0,1,0,20,903,11,159,0
0,0,30,0,4,0,0,0,1,0,1.725,0,1,0,0,1,2,0,0,0,0,0,0,1,0,1,4.159452,0,0,0,24,903,11,162,0
1,0,35,0,4,0,0,0,1,0,1.575,0,1,0,0,1,0,0,1,0,0,0,0,1,0,1,4.159452,0,0,0,24,903,11,165,0
0,0,35,0,4,0,0,0,1,0,1.7,0,1,0,0,1,4,0,0,0,1,0,0,0,0,1,4.159452,0,0,0,24,903,11,166,0
1,0,27,0,4,0,0,0,1,0,1.6,0,1,0,0,1,5,0,0,1,1,0,0,0,0,1,5.50987,0,0,0,20,903,11,167,0
0,5,29,0,4,0,0,0,0,0,1.75,0,1,0,0,1,5,0,0,0,1,0,0,0,9.25913,0,0,1,0,0,20,903,11,173,1
0,2,30,0,4,0,0,1,0,0,1.675,0,1,0,0,1,4,0,0,0,0,1,0,0,0,1,5.825603,0,0,0,20,903,14,100,0
1,4,33,0,4,0,0,0,0,0,1.625,0,1,0,0,1,0,0,1,0,0,0,0,1,0,1,5.50987,0,0,0,20,903,14,101,0
0,2,28,0,4,0,0,1,0,0,1.7,0,1,0,0,1,4,0,0,1,0,0,0,0,0,1,5.447579,0,1,0,20,903,14,102,0
0,0,32,0,4,0,0,0,1,0,1.675,0,1,0,0,1,6,0,0,0,0,1,0,0,0,1,6.094067,0,1,0,20,903,14,103,0
0,0,30,0,4,0,0,0,1,0,1.7,0,1,0,0,1,1,0,0,0,0,0,0,1,0,1,4.23823,0,0,0,20,903,14,104,0
0,2,33,0,4,0,0,1,0,0,1.6375,0,1,0,0,1,4,0,0,0,0,1,0,0,11.51293,0,0,1,0,0,20,903,14,105,0
0,0,40,0,4,0,0,0,1,0,1.625,0,1,0,0,1,2,0,0,0,0,0,0,1,0,1,5.825603,0,0,1,20,903,14,106,0
0,0,28,0,4,0,1,0,1,0,1.7,0,1,0,0,1,6,0,0,0,1,0,0,0,8.987197,0,0,1,0,0,20,903,14,107,0
0,0,32,0,4,0,0,0,1,0,0,1,1,0,0,1,0,0,1,0,0,0,0,1,0,1,0,1,0,0,20,903,14,108,0
0,5,28,0,4,0,1,0,0,0,1.525,0,1,0,0,1,3,0,0,0,0,0,0,1,6.907755,0,5.794884,0,0,0,20,903,14,109,0
0,0,27,0,4,0,0,0,1,0,1.775,0,1,0,0,1,0,1,0,0,0,1,0,0,0,1,5.794884,0,0,0,20,903,14,110,0
0,0,34,0,4,0,0,0,1,0,1.65,0,1,0,0,1,0,1,0,0,0,0,0,1,0,1,5.50987,0,0,0,20,903,14,111,0
1,4,27,0,4,0,0,0,0,0,1.625,0,1,0,0,1,0,1,0,0,0,0,0,1,0,1,5.50987,0,0,0,20,903,14,112,0
0,3,31,0,4,0,0,0,0,0,1.675,0,1,0,0,1,6,0,0,0,1,0,0,0,9.305651,0,0,1,0,0,20,903,14,113,0
1,0,27,0,4,0,0,0,1,0,1.775,0,1,0,0,1,0,0,1,0,0,0,0,1,0,1,4.710353,0,0,1,20,903,14,153,0
0,0,29,0,4,0,1,0,1,0,0,1,1,0,0,1,4,0,0,0,1,0,0,0,0,1,4.159452,0,0,0,20,903,14,163,0
0,0,35,0,4,0,0,0,1,0,1.6,0,1,0,0,1,0,0,1,0,0,0,0,1,0,1,5.825603,0,0,1,20,903,14,32,0
0,0,36,0,4,0,0,0,1,0,1.65,0,1,0,0,1,2,0,0,0,0,0,0,1,0,1,4.159452,0,0,1,20,903,14,33,0
0,3,29,0,4,0,1,0,0,0,1.725,0,1,0,0,1,5,0,0,0,0,1,0,0,0,1,5.794884,0,0,0,20,903,14,34,0
0,2,31,0,4,0,0,1,0,0,1.65,0,1,0,0,1,4,0,0,0,1,0,0,0,0,1,4.710353,0,0,0,20,903,14,35,0
0,4,36,0,4,0,0,0,0,0,1.625,0,1,0,0,1,0,1,0,0,0,0,0,1,0,1,4.91469,0,1,0,20,903,14,37,0
1,0,36,0,4,0,0,0,1,0,1.575,0,1,0,0,1,0,0,1,0,0,0,0,1,0,1,5.50987,0,1,0,21,903,14,38,0
0,2,28,0,4,0,1,1,0,0,1.7,0,1,0,0,1,4,0,0,0,0,0,1,0,9.392662,0,0,1,0,0,20,903,14,39,0
0,0,31,0,4,0,0,0,1,0,1.7,0,1,0,0,1,4,0,0,0,0,1,0,0,0,1,0,1,1,0,83,903,14,40,0
0,2,32,0,4,0,0,1,0,0,1.65,0,1,0,0,1,3,0,0,0,0,1,0,0,0,1,5.794884,0,0,0,20,903,14,41,0
0,2,39,0,4,0,0,1,0,0,1.65,0,1,0,0,1,3,0,0,0,0,1,0,0,8.699514,0,0,1,0,0,20,903,14,42,0
0,0,34,0,4,0,0,0,1,0,1.65,0,1,0,0,1,4,0,0,1,0,0,0,0,0,1,0,1,0,0,20,903,14,43,0
0,0,32,0,4,0,0,0,1,0,1.7,0,1,0,0,1,4,0,0,0,1,0,0,0,0,1,5.825603,0,0,0,20,903,14,44,0
0,0,31,0,4,0,0,0,1,0,1.725,0,1,0,0,1,0,0,1,0,0,0,0,1,8.294049,0,0,1,0,0,20,903,14,45,0
0,0,30,0,4,0,0,0,1,0,1.675,0,1,0,0,1,4,0,0,0,1,0,0,0,0,1,4.159452,0,0,0,21,903,14,46,0
0,0,31,0,4,0,0,0,1,0,1.65,0,1,0,0,1,3,0,0,0,0,1,0,0,9.10498,0,5.794884,0,0,0,20,903,14,47,0
1,0,30,0,4,0,0,0,1,0,1.55,0,1,0,0,1,3,0,0,0,0,1,0,0,0,1,5.794884,0,0,0,20,903,14,48,0
0,0,0,0,4,0,1,0,1,1,0,1,1,0,0,1,6,0,0,0,1,1,0,0,0,1,5.794884,0,0,0,20,903,14,49,0
0,2,35,0,4,0,0,1,0,0,1.65,0,1,0,0,1,4,0,0,0,0,0,0,1,0,1,5.825603,0,0,0,20,903,14,50,0
0,0,28,0,4,0,0,0,1,0,1.7,0,1,0,0,1,6,0,0,0,1,0,0,0,0,1,6.093101,0,0,0,20,903,14,51,0
0,0,27,0,4,0,1,0,1,0,1.7,0,1,0,0,1,5,0,0,0,0,1,0,0,0,1,5.794884,0,0,1,20,903,14,52,0
0,6,30,0,4,0,0,0,0,0,1.775,0,1,0,0,1,0,1,0,0,0,1,0,0,0,1,5.794884,0,1,0,20,903,14,53,0
0,0,32,0,4,0,0,0,1,0,1.7,0,1,0,0,1,4,0,0,0,0,1,0,0,0,1,0,1,0,0,20,903,14,54,0
0,2,35,0,4,0,0,1,0,0,0,1,1,0,0,1,4,0,0,0,1,0,0,0,8.533067,0,0,1,0,0,20,903,14,55,0
0,0,31,0,4,0,0,0,1,0,1.65,0,1,0,0,1,4,0,0,0,1,0,0,0,0,1,4.159452,0,0,0,20,903,14,56,0
1,0,28,0,4,0,0,0,1,0,0,1,1,0,0,1,4,0,0,0,0,1,0,0,8.853665,0,4.159452,0,0,0,20,903,14,57,0
1,4,42,0,4,0,0,0,0,0,1.6,0,1,0,0,1,4,0,0,1,0,0,0,0,8.006368,0,4.159452,0,0,0,20,903,14,58,0
1,0,50,0,4,0,0,0,1,0,1.75,0,1,0,0,1,4,0,0,0,0,1,0,0,0,1,5.825603,0,0,0,20,903,14,59,0
1,6,34,0,4,0,0,0,0,0,1.675,0,1,0,0,1,6,0,0,0,0,1,0,0,0,1,6.094067,0,0,0,20,903,14,60,0
1,0,31,0,4,0,0,0,1,0,1.675,0,1,0,0,1,6,0,0,0,1,0,0,0,0,1,6.093101,0,0,0,20,903,14,61,0
0,2,30,0,4,0,1,1,0,0,0,1,1,0,0,1,4,0,0,0,1,0,0,0,0,1,4.126536,0,0,0,20,903,14,62,0
0,0,34,0,4,0,1,0,1,0,1.7,0,1,0,0,1,4,0,0,0,1,1,0,0,0,1,5.825603,0,0,0,20,903,14,63,0
1,6,28,0,4,0,0,0,0,0,1.7,0,1,0,0,1,5,0,0,0,0,1,0,0,0,1,5.794884,0,1,0,20,903,14,64,0
1,0,31,0,4,0,0,0,1,0,1.75,0,1,0,0,1,4,0,0,0,1,0,0,0,0,1,4.159452,0,0,0,20,903,14,65,0
0,0,34,0,4,0,0,0,1,0,1.75,0,1,0,0,1,6,0,0,0,1,0,0,0,9.903487,0,4.159452,0,0,0,20,903,14,66,0
0,0,31,0,4,0,1,0,1,0,1.725,0,1,0,0,1,5,0,0,0,0,1,0,0,9.78132,0,5.794884,0,0,0,20,903,14,67,0
0,0,36,0,4,0,0,0,1,0,1.675,0,1,0,0,1,0,1,0,0,0,1,0,0,0,1,5.794884,0,0,0,20,903,14,68,0
0,0,36,0,4,0,0,0,1,0,1.675,0,1,0,0,1,4,0,0,0,1,1,0,0,0,1,4.159452,0,0,0,20,903,14,70,0
0,2,53,0,4,0,0,1,0,0,1.725,0,1,0,0,1,0,0,1,0,0,0,0,1,0,1,6.093101,0,0,1,20,903,14,71,0
0,2,34,0,4,0,0,1,0,0,1.7,0,1,0,0,1,6,0,0,0,0,1,0,0,0,1,5.794884,0,0,0,20,903,14,72,0
0,2,34,0,4,0,1,1,0,0,1.675,0,1,0,0,1,0,0,1,0,0,0,0,1,10.12663,0,4.159452,0,0,0,20,903,14,73,0
0,0,36,0,4,0,0,0,1,0,1.75,0,1,0,0,1,0,1,0,0,0,1,0,0,9.798127,0,5.794884,0,0,0,20,903,14,74,0
0,2,33,0,4,0,0,1,0,0,1.65,0,1,0,0,1,4,0,0,0,0,0,0,1,8.699514,0,0,1,0,0,20,903,14,75,0
0,5,30,0,4,0,0,0,0,0,1.75,0,1,0,0,1,0,0,1,0,0,1,0,0,0,1,5.794884,0,0,0,20,903,14,76,0
0,0,31,0,4,0,0,0,1,0,1.525,0,1,0,0,1,6,0,0,0,1,0,0,0,0,1,5.459123,0,0,0,20,903,14,77,0
0,0,29,0,4,0,0,0,1,0,1.65,0,1,0,0,1,2,0,0,0,0,0,0,1,8.987197,0,4.159452,0,1,0,21,903,14,78,0
0,0,31,0,4,0,1,0,1,0,0,1,1,0,0,1,6,0,0,0,1,0,0,0,9.998797,0,5.825603,0,0,1,20,903,14,79,0
0,2,28,0,4,0,0,1,0,0,1.7,0,1,0,0,1,4,0,0,0,1,0,0,0,0,1,4.159452,0,0,0,20,903,14,80,0
0,0,30,0,4,0,0,0,1,0,1.7,0,1,0,0,1,6,0,0,0,0,1,0,0,0,1,5.794884,0,0,0,20,903,14,81,0
0,0,37,0,4,0,1,0,1,0,1.6,0,1,0,0,1,3,0,0,0,0,1,0,0,0,1,4.159452,0,0,0,20,903,14,82,0
0,0,26,0,4,0,0,0,1,0,1.6875,0,1,0,0,1,4,0,0,0,0,1,0,0,0,1,0,1,0,0,20,903,14,83,0
0,0,30,0,4,0,0,0,1,0,1.725,0,1,0,0,1,5,0,0,0,0,1,0,0,0,1,5.794884,0,1,0,20,903,14,84,0
0,2,30,0,4,0,0,1,0,0,0,1,1,0,0,1,6,0,0,0,1,1,0,0,9.952278,0,5.825603,0,0,1,20,903,14,85,0
0,2,25,0,4,0,0,1,0,0,1.65,0,1,0,0,1,5,0,0,0,0,1,0,0,0,1,5.794884,0,0,1,20,903,14,86,0
0,0,29,0,4,0,0,0,1,0,1.75,0,1,0,0,1,4,0,0,0,1,0,0,0,0,1,4.159452,0,0,0,20,903,14,87,0
0,0,33,0,4,0,1,0,1,0,0,1,1,0,0,1,4,0,0,0,0,0,0,1,0,1,0,1,0,0,20,903,14,88,0
0,5,27,0,4,0,1,0,0,0,1.65,0,1,0,0,1,3,0,0,0,0,1,0,0,0,1,4.159452,0,0,0,20,903,14,89,0
1,0,35,0,4,0,0,0,1,0,1.65,0,1,0,0,1,3,0,0,0,0,1,0,0,0,1,4.159452,0,0,0,20,903,14,91,0
1,0,48,0,4,0,0,0,1,0,0,1,1,0,0,1,6,0,0,0,0,1,0,0,0,1,5.50987,0,0,0,20,903,14,92,0
1,0,50,0,4,0,0,0,1,0,0,1,1,0,0,1,5,0,0,0,0,1,0,0,0,1,0,1,0,0,20,903,14,93,0
0,0,30,0,4,0,1,0,1,0,1.6875,0,1,0,0,1,6,0,0,0,1,1,0,0,0,1,5.794884,0,0,0,20,903,14,94,0
1,0,32,0,4,0,0,0,1,0,1.725,0,1,0,0,1,0,0,1,0,0,0,0,1,9.998797,0,5.794884,0,0,0,20,903,14,95,0
1,4,32,0,4,0,0,0,0,0,1.675,0,1,0,0,1,4,0,0,0,1,0,0,0,0,1,4.159452,0,0,0,20,903,14,96,0
1,2,35,0,4,0,0,1,0,0,1.775,0,1,0,0,1,4,0,0,0,0,0,0,1,10.59663,0,4.159452,0,0,0,20,903,14,97,0
1,2,37,0,4,0,0,1,0,0,1.575,0,1,0,0,1,6,0,0,1,0,0,0,0,0,1,4.159452,0,0,0,20,903,14,98,0
1,0,37,0,4,0,0,0,1,0,1.675,0,1,0,0,1,0,0,1,0,0,1,0,0,0,1,5.794884,0,0,0,20,903,14,99,0
0,0,35,0,4,0,1,0,1,0,1.55,0,1,0,0,1,4,0,0,0,0,0,0,1,0,1,4.159452,0,0,0,24,1011,14,216,0
0,2,31,0,4,0,0,1,0,0,1.725,0,1,0,0,1,4,0,0,0,0,0,0,1,8.517193,0,0,1,0,1,24,1011,14,217,0
0,0,31,0,4,0,1,0,1,0,0,1,1,0,0,1,6,0,0,0,1,1,0,0,0,1,5.825603,0,0,1,20,1011,14,218,0
0,0,28,0,4,0,1,0,1,0,1.675,0,1,0,0,1,0,0,1,0,0,1,0,0,0,1,5.794884,0,0,1,20,1011,14,219,0
0,0,35,0,4,0,1,0,1,0,1.75,0,1,0,0,1,6,0,0,0,0,1,0,0,0,1,6.094067,0,0,1,24,1011,14,226,0
1,0,35,0,4,0,0,0,1,0,1.65,0,1,0,0,1,4,0,0,0,0,1,0,0,0,1,0,1,0,1,24,1011,14,240,0
0,0,35,0,4,0,0,0,1,0,0,1,1,0,0,1,4,0,0,0,0,1,0,0,0,1,4.159452,0,0,0,24,1011,14,241,0
0,0,35,0,4,0,0,0,1,0,1.675,0,1,0,0,1,4,0,0,0,0,1,0,0,9.392662,0,5.049275,0,0,0,20,1011,14,45,0
0,0,31,0,4,0,1,0,1,0,0,1,1,0,0,1,6,0,0,0,0,1,0,0,0,1,5.825603,0,0,0,20,1011,14,46,0
0,0,33,0,4,0,0,0,1,0,1.675,0,1,0,0,1,0,0,1,0,0,0,0,1,0,1,0,1,0,0,20,1011,14,47,0
0,0,27,0,4,0,0,0,1,0,1.75,0,1,0,0,1,0,0,1,0,0,1,0,0,0,1,6.093101,0,0,0,20,1011,14,48,0
0,0,37,0,4,0,0,0,1,0,1.8,0,1,0,0,1,4,0,0,0,1,0,0,0,9.21034,0,5.50987,0,0,0,20,1011,14,49,0
1,0,32,0,4,0,0,0,1,0,1.55,0,1,0,0,1,5,0,0,0,0,0,0,1,0,1,0,1,0,0,87,1011,14,50,0
0,2,32,0,4,0,0,1,0,0,1.6875,0,1,0,0,1,5,0,0,0,0,0,0,1,0,1,0,1,1,0,20,1011,14,51,0
0,2,30,0,4,0,0,1,0,0,1.675,0,1,0,0,1,5,0,0,0,0,0,0,1,0,1,5.40345,0,0,0,20,1011,14,52,0
0,0,29,0,4,0,0,0,1,0,1.65,0,1,0,0,1,4,0,0,0,0,0,0,1,0,1,5.095419,0,0,0,20,1011,14,53,0
0,0,32,0,4,0,1,0,1,0,1.675,0,1,0,0,1,0,0,1,0,0,0,0,1,0,1,4.159452,0,0,0,20,1011,14,54,0
1,0,32,0,4,0,0,0,1,0,1.75,0,1,0,0,1,4,0,0,0,0,0,0,1,0,1,0,1,0,0,20,1011,14,55,0
0,0,35,0,4,0,1,0,1,0,1.6375,0,1,0,0,1,4,0,0,0,0,0,0,1,0,1,0,1,0,0,20,1011,14,56,0
0,0,26,0,4,0,0,0,1,0,1.625,0,1,0,0,1,6,0,0,0,1,0,0,0,0,1,4.23823,0,0,0,20,1011,14,57,0
0,2,31,0,4,0,0,1,0,0,1.7,0,1,0,0,1,6,0,0,0,0,0,0,1,0,1,5.40345,0,0,0,20,1011,14,58,0
0,0,34,0,4,0,0,0,1,0,0,1,1,0,0,1,0,0,1,0,0,0,0,1,0,1,6.093101,0,0,0,20,1011,14,59,0
1,6,29,0,4,0,0,0,0,0,1.725,0,1,0,0,1,5,0,0,0,0,0,0,1,0,1,6.093101,0,1,0,20,1011,14,60,0
0,2,29,0,4,0,0,1,0,0,1.625,0,1,0,0,1,4,0,0,0,0,0,0,1,0,1,4.159452,0,0,0,20,1011,14,61,0
0,0,29,0,4,0,0,0,1,0,1.6625,0,1,0,0,1,0,0,1,0,0,0,0,1,0,1,6.176106,0,0,0,20,1011,14,62,0
0,0,30,0,4,0,1,0,1,0,1.7,0,1,0,0,1,4,0,0,0,0,0,0,1,9.392662,0,4.159452,0,1,0,20,1011,14,63,0
0,0,29,0,4,0,1,0,1,0,1.7,0,1,0,0,1,5,0,0,0,0,0,0,1,0,1,0,1,0,0,20,1011,14,64,0
0,0,30,0,4,0,0,0,1,0,1.575,0,1,0,0,1,2,0,0,0,0,0,0,1,0,1,4.159452,0,0,0,20,1011,14,65,0
1,0,24,0,4,0,0,0,1,0,1.725,0,1,0,0,1,2,0,0,0,0,0,0,1,0,1,4.159452,0,0,0,20,1011,14,66,0
0,0,30,0,4,0,0,0,1,0,1.65,0,1,0,0,1,4,0,0,0,1,0,0,0,0,1,4.159452,0,1,0,20,1011,14,67,0
0,0,38,0,4,0,0,0,1,0,1.725,0,1,0,0,1,2,0,0,0,0,0,0,1,9.903487,0,4.159452,0,0,0,20,1011,14,68,0
0,2,29,0,4,0,1,1,0,0,1.7,0,1,0,0,1,6,0,0,0,1,1,0,0,10.30895,0,6.093101,0,0,1,20,1011,14,69,0
0,0,27,0,4,0,0,0,1,0,1.675,0,1,0,0,1,6,0,0,0,1,0,0,0,0,1,6.093101,0,0,0,20,1011,14,70,0
1,0,33,0,4,0,0,0,1,0,1.625,0,1,0,0,1,1,0,0,0,0,0,0,1,0,1,4.159452,0,0,1,20,1011,14,71,0
0,0,29,0,4,0,0,0,1,0,1.6,0,1,0,0,1,0,0,1,0,0,0,0,1,9.21034,0,6.093101,0,0,0,20,1011,14,72,0
1,0,31,0,4,0,0,0,1,0,1.6,0,1,0,0,1,4,0,0,0,0,0,0,1,9.21034,0,5.308418,0,0,0,20,1011,14,73,0
1,0,30,0,4,0,0,0,1,0,1.625,0,1,0,0,1,0,0,1,0,0,0,0,1,9.21034,0,0,1,0,0,20,1011,14,74,0
0,0,27,0,4,0,0,0,1,0,0,1,1,0,0,1,4,0,0,0,0,0,1,0,0,1,0,1,0,0,20,1011,14,75,0
0,0,33,0,4,0,0,0,1,0,1.775,0,1,0,0,1,5,0,0,0,0,1,0,0,10.30895,0,6.093101,0,0,0,20,1011,14,76,0
0,0,28,0,4,0,0,0,1,0,1.65,0,1,0,0,1,4,0,0,0,0,1,0,0,0,1,0,1,0,0,20,1011,14,77,0
0,0,34,0,4,0,0,0,1,0,1.675,0,1,0,0,1,0,0,1,0,0,0,0,1,0,1,6.093101,0,0,1,20,1011,14,78,0
0,0,38,0,4,0,1,0,1,0,1.65,0,1,0,0,1,4,0,0,0,0,0,0,1,10.12663,0,0,1,0,0,20,1011,14,79,0
1,0,29,0,4,0,0,0,1,0,1.675,0,1,0,0,1,4,0,0,0,0,0,0,1,0,1,0,1,0,0,20,1011,14,80,0
0,0,34,0,4,0,1,0,1,0,0,1,1,0,0,1,2,0,0,0,0,0,0,1,0,1,4.126536,0,0,0,24,1011,15,1,0
1,0,32,0,4,0,0,0,1,0,0,1,1,0,0,1,5,0,0,0,0,0,0,1,0,1,5.50987,0,0,0,24,1011,15,6,0
0,0,36,0,4,0,0,0,1,0,1.7,0,1,0,0,1,4,0,0,0,1,0,0,0,0,1,5.447579,0,0,0,20,1011,15,10,1
0,0,48,0,4,0,1,0,1,0,1.7,0,1,0,0,1,0,0,1,0,0,0,0,1,0,1,0,1,0,0,20,1011,15,11,1
0,3,32,0,4,0,0,0,0,0,1.625,0,1,0,0,1,5,0,0,0,0,1,0,0,0,1,0,1,0,0,20,1011,16,31,0
0,0,31,0,4,0,0,0,1,0,1.7,0,1,0,0,1,3,0,0,0,0,1,0,0,8.853665,0,0,1,0,0,20,1011,16,32,0
0,0,26,0,4,0,1,0,1,0,1.6,0,1,0,0,1,0,0,1,0,0,0,1,0,0,1,0,1,0,0,20,1011,16,33,0
0,0,39,0,4,0,0,0,1,0,1.675,0,1,0,0,1,0,0,1,0,0,0,0,1,0,1,4.159452,0,0,1,20,1011,16,34,0
0,0,31,0,4,0,0,0,1,0,1.6,0,1,0,0,1,0,0,1,0,0,0,0,1,0,1,0,1,0,0,20,1011,16,35,0
0,0,28,0,4,0,0,0,1,0,1.7,0,1,0,0,1,0,0,1,0,0,0,0,1,0,1,0,1,0,0,20,1011,16,36,0
0,0,29,0,4,0,1,0,1,0,1.75,0,1,0,0,1,6,0,0,0,1,0,0,0,0,1,0,1,0,0,20,1011,16,37,0
0,0,28,0,4,0,0,0,1,0,1.75,0,1,0,0,1,3,0,0,0,1,0,0,0,9.680344,0,0,1,0,0,20,1011,16,38,0
0,0,36,0,4,0,1,0,1,0,0,1,1,0,0,1,0,0,1,0,0,0,0,1,8.411833,0,0,1,0,0,20,1011,16,39,0
0,0,31,0,4,0,0,0,1,0,1.75,0,1,0,0,1,6,0,0,0,0,1,0,0,0,1,6.094067,0,0,0,20,1011,16,40,0
0,2,38,0,4,0,0,1,0,0,1.725,0,1,0,0,1,4,0,0,0,1,0,0,0,0,1,0,1,0,0,20,1011,16,41,0
0,0,31,0,4,0,0,0,1,0,1.6375,0,1,0,0,1,5,0,0,0,0,1,0,0,9.392662,0,6.093101,0,0,0,20,1011,16,42,0
0,0,29,0,4,0,1,0,1,0,1.65,0,1,0,0,1,4,0,0,0,0,1,0,0,0,1,0,1,0,0,20,1011,16,43,0
0,2,35,0,4,0,0,1,0,0,1.75,0,1,0,0,1,0,0,1,0,0,0,0,1,0,1,5.459123,0,0,0,20,1011,16,44,0
0,0,31,0,4,0,0,0,1,0,1.65,0,1,0,0,1,4,0,0,0,1,0,0,0,0,1,5.50987,0,0,0,20,1011,16,45,0
1,2,34,0,4,0,0,1,0,0,0,1,1,0,0,1,0,0,1,0,0,0,0,1,0,1,5.50987,0,0,0,20,1011,16,46,0
1,0,34,0,4,0,0,0,1,0,1.6,0,1,0,0,1,4,0,0,0,1,0,0,0,8.294049,0,0,1,0,1,20,1011,16,47,0
0,0,32,0,4,0,0,0,1,0,1.775,0,1,0,0,1,3,0,0,0,0,0,0,1,0,1,4.159452,0,0,0,20,1011,16,48,0
0,0,30,0,4,0,0,0,1,0,1.675,0,1,0,0,1,4,0,0,0,1,0,0,0,0,1,6.093101,0,0,0,20,1011,16,49,0
0,0,28,0,4,0,0,0,1,0,1.625,0,1,0,0,1,2,0,0,0,0,1,0,0,0,1,4.159452,0,0,0,20,1011,16,50,0
0,2,33,0,4,0,0,1,0,0,1.7,0,1,0,0,1,4,0,0,0,0,0,0,1,0,1,0,1,0,0,20,1011,16,51,0
0,0,32,0,4,0,0,0,1,0,1.625,0,1,0,0,1,4,0,0,0,1,0,0,0,0,1,4.159452,0,0,0,20,1011,16,52,0
1,0,30,0,4,0,0,0,1,0,1.575,0,1,0,0,1,0,0,1,0,0,0,0,1,0,1,6.093101,0,0,0,20,1011,16,53,0
0,0,30,0,4,0,1,0,1,0,1.725,0,1,0,0,1,5,0,0,0,0,1,0,0,9.998797,0,0,1,0,1,20,1011,16,54,0
0,0,35,0,4,0,0,0,1,0,1.65,0,1,0,0,1,4,0,0,0,0,0,0,1,0,1,5.50987,0,0,0,20,1011,16,55,0
1,0,37,0,4,0,0,0,1,0,1.75,0,1,0,0,1,0,0,1,0,0,0,0,1,0,1,5.825603,0,1,0,20,1011,16,56,0
0,0,52,0,4,0,1,0,1,0,1.675,0,1,0,0,1,5,0,0,0,0,1,0,0,0,1,0,1,0,0,20,1011,16,57,0
1,0,32,0,4,0,0,0,1,0,1.675,0,1,0,0,1,3,0,0,0,0,1,0,0,0,1,4.159452,0,0,0,20,1011,16,58,0
1,0,39,0,4,0,0,0,1,0,1.55,0,1,0,0,1,0,0,1,0,0,0,0,1,8.699514,0,0,1,0,0,20,1011,16,59,0
0,2,32,0,4,0,0,1,0,0,1.65,0,1,0,0,1,5,0,0,0,0,1,0,0,0,1,5.308418,0,0,0,20,1011,16,60,0
0,0,38,0,4,0,0,0,1,0,0,1,1,0,0,1,4,0,0,0,0,0,0,1,0,1,0,1,0,0,20,1011,16,61,0
0,0,29,0,4,0,0,0,1,0,0,1,1,0,0,1,6,0,0,1,0,0,0,0,0,1,6.204298,0,0,1,20,1011,16,62,0
0,0,36,0,4,0,0,0,1,0,1.65,0,1,0,0,1,2,0,0,0,0,0,0,1,9.21034,0,4.159452,0,0,0,20,1011,16,63,0
0,0,31,0,4,0,0,0,1,0,1.775,0,1,0,0,1,0,0,1,0,0,0,0,1,0,1,0,1,0,0,20,1011,16,64,0
1,2,32,0,4,0,0,1,0,0,1.625,0,1,0,0,1,4,0,0,0,1,0,0,0,0,1,0,1,1,0,20,1011,16,65,0
1,0,36,0,4,0,0,0,1,0,1.775,0,1,0,0,1,4,0,0,0,0,0,0,1,12.42922,0,5.308418,0,0,0,20,1011,16,66,0
0,0,27,0,4,0,0,0,1,0,1.7,0,1,0,0,1,0,0,1,0,0,0,0,1,9.21034,0,4.159452,0,1,0,20,1011,16,67,0
0,0,33,0,4,0,1,0,1,0,1.65,0,1,0,0,1,4,0,0,0,0,1,0,0,0,1,5.50987,0,0,0,20,1011,16,68,0
0,0,29,0,4,0,1,0,1,0,1.75,0,1,0,0,1,6,0,0,0,0,1,0,0,0,1,6.094067,0,0,0,20,1011,16,69,0
0,0,40,0,4,0,0,0,1,0,1.6,0,1,0,0,1,4,0,0,0,1,0,0,0,0,1,0,1,0,0,20,1011,16,70,0
0,0,29,0,4,0,0,0,1,0,1.55,0,1,0,0,1,5,0,0,1,0,0,0,0,0,1,0,1,0,0,20,1011,16,71,0
0,0,28,0,4,0,0,0,1,0,1.75,0,1,0,0,1,5,0,0,1,0,0,0,0,0,1,5.50987,0,0,0,20,1011,16,72,0
0,0,33,0,4,0,0,0,1,0,1.575,0,1,0,0,1,1,0,0,0,0,0,0,1,0,1,4.159452,0,0,0,20,1011,16,73,0
0,0,33,0,4,0,0,0,1,0,1.65,0,1,0,0,1,3,0,0,0,0,0,0,1,8.517193,0,0,1,0,0,20,1011,16,74,0
0,0,30,0,4,0,1,0,1,0,0,1,1,0,0,1,0,0,1,0,0,0,0,1,8.517193,0,0,1,0,0,20,1011,16,75,0
0,0,41,0,4,0,0,0,1,0,1.65,0,1,0,0,1,5,0,0,0,0,0,0,1,0,1,5.50987,0,1,0,20,1011,16,76,0
0,0,37,0,4,0,1,0,1,0,0,1,1,0,0,1,5,0,0,0,0,0,0,1,9.546813,0,6.176106,0,0,0,20,1011,16,77,0
0,0,43,0,4,0,1,0,1,0,1.625,0,1,0,0,1,0,0,1,0,0,0,0,1,0,1,5.825603,0,0,0,20,1201,10,8,1
1,0,29,0,4,0,0,0,1,0,1.725,0,1,0,0,1,0,0,1,0,0,0,0,1,0,1,6.093101,0,1,0,20,1201,11,215,0
0,0,30,0,4,0,0,0,1,0,1.75,0,1,0,0,1,6,0,0,0,0,1,0,0,0,1,0,1,0,0,20,1201,11,216,0
1,0,32,0,4,0,0,0,1,0,1.65,0,1,0,0,1,4,0,0,1,1,0,0,0,0,1,4.159452,0,0,1,24,1201,11,217,0
0,0,32,0,4,0,0,0,1,0,1.6,0,1,0,0,1,4,0,0,0,0,0,0,1,0,1,5.404466,0,0,0,20,1201,11,218,0
0,0,45,0,4,0,1,0,1,0,1.7,0,1,0,0,1,5,0,0,0,1,0,0,0,9.740969,0,5.825603,0,0,0,20,1201,11,219,0
0,0,32,0,4,0,0,0,1,0,0,1,1,0,0,1,0,0,1,0,0,1,0,0,0,1,4.710353,0,1,0,20,1201,11,220,0
1,0,32,0,4,0,0,0,1,0,1.65,0,1,0,0,1,5,0,0,1,1,0,0,0,0,1,0,1,0,0,20,1201,11,221,0
0,0,33,0,4,0,0,0,1,0,1.725,0,1,0,0,1,6,0,0,0,1,0,0,0,0,1,5.459123,0,0,0,20,1201,11,222,0
0,2,31,0,4,0,1,1,0,0,0,1,1,0,0,1,0,0,1,0,0,0,0,1,0,1,4.159452,0,0,0,20,1201,11,223,0
0,0,36,0,4,0,0,0,1,0,1.65,0,1,0,0,1,1,0,0,0,0,0,0,1,8.294049,0,4.159452,0,0,0,20,1201,11,224,0
0,0,29,0,4,0,1,0,1,0,0,1,1,0,0,1,0,0,1,0,0,0,0,1,0,1,4.159452,0,0,0,20,1201,11,225,0
0,0,31,0,4,0,1,0,1,0,1.6,0,1,0,0,1,4,0,0,0,0,1,0,0,9.615806,0,6.093101,0,0,1,20,1201,11,226,0
0,0,30,0,4,0,0,0,1,0,1.775,0,1,0,0,1,6,0,0,0,1,1,0,0,0,1,5.794884,0,0,0,20,1201,11,227,0
0,0,28,0,4,0,1,0,1,0,0,1,1,0,0,1,5,0,0,0,0,1,0,0,9.21034,0,0,1,1,0,20,1201,11,228,0
0,0,28,0,4,0,1,0,1,0,1.675,0,1,0,0,1,6,0,0,0,0,1,0,0,0,1,4.159452,0,0,1,20,1201,11,229,0
1,2,27,0,4,0,0,1,0,0,1.75,0,1,0,0,1,4,0,0,0,0,0,0,1,0,1,0,1,0,0,20,1201,11,230,0
0,2,28,0,4,0,0,1,0,0,1.65,0,1,0,0,1,4,0,0,0,1,0,0,0,0,1,0,1,0,0,20,1201,11,231,0
0,2,34,0,4,0,0,1,0,0,1.625,0,1,0,0,1,3,0,0,0,0,1,0,0,0,1,4.159452,0,0,0,20,1201,11,232,0
0,5,32,0,4,0,1,0,0,0,1.65,0,1,0,0,1,0,0,1,0,0,0,0,1,0,1,6.176106,0,1,0,20,1201,11,233,0
0,0,28,0,4,0,1,0,1,0,1.6875,0,1,0,0,1,5,0,0,0,0,1,0,0,0,1,5.794884,0,0,0,20,1201,11,234,0
0,0,37,0,4,0,1,0,1,0,0,1,1,0,0,1,0,0,1,0,0,1,0,0,0,1,6.094067,0,0,0,20,1201,12,5,0
1,0,30,0,4,0,0,0,1,0,1.65,0,1,0,0,1,4,0,0,1,0,0,0,0,0,1,4.159452,0,0,0,24,1201,13,93,0
0,0,38,0,4,0,0,0,1,0,1.5,0,1,0,0,1,0,0,1,0,0,0,0,1,0,1,4.159452,0,0,0,20,1201,14,1,0
1,4,29,0,4,0,0,0,0,0,1.65,0,1,0,0,1,6,0,0,0,1,1,0,0,0,1,0,1,0,0,20,1201,14,2,0
0,0,30,0,4,0,1,0,1,0,1.65,0,1,0,0,1,4,0,0,0,1,0,0,0,0,1,5.40345,0,0,0,20,1201,14,3,0
1,0,28,0,4,0,0,0,1,0,1.675,0,1,0,0,1,4,0,0,0,1,0,0,0,0,1,4.159452,0,0,0,20,1201,14,4,0
0,6,26,0,4,0,1,0,0,0,1.675,0,1,0,0,1,6,0,0,0,0,1,0,0,0,1,6.094067,0,0,1,20,1201,14,6,0
0,0,28,0,4,0,0,0,1,0,1.7,0,1,0,0,1,0,0,1,0,0,0,0,1,0,1,4.710353,0,0,0,20,1201,14,7,0
0,0,29,0,4,0,0,0,1,0,1.65,0,1,0,0,1,4,0,0,0,0,1,0,0,8.160519,0,5.825603,0,0,0,20,1201,14,9,0
0,0,33,0,4,0,0,0,1,0,1.7,0,1,0,0,1,0,0,1,0,0,1,0,0,9.21034,0,5.794884,0,0,0,20,1201,14,10,0
0,0,32,0,4,0,0,0,1,0,1.7,0,1,0,0,1,4,0,0,0,1,0,0,0,0,1,4.159452,0,0,0,20,1201,14,11,0
0,0,32,0,4,0,1,0,1,0,1.7,0,1,0,0,1,0,0,1,0,0,0,0,1,0,1,5.50987,0,0,1,20,1201,14,12,0
0,0,31,0,4,0,0,0,1,0,1.7,0,1,0,0,1,5,0,0,0,0,1,0,0,0,1,6.093101,0,0,0,20,1201,14,13,0
1,0,36,0,4,0,0,0,1,0,1.65,0,1,0,0,1,0,0,1,0,0,0,0,1,9.392662,0,0,1,0,0,20,1201,14,14,0
0,0,30,0,4,0,1,0,1,0,0,1,1,0,0,1,0,0,1,0,0,1,0,0,9.740969,0,5.794884,0,0,1,20,1201,14,15,0
0,0,31,0,4,0,0,0,1,0,1.625,0,1,0,0,1,0,0,1,0,0,0,0,1,0,1,4.91469,0,1,0,20,1201,14,17,0
0,0,29,0,4,0,1,0,1,0,0,1,1,0,0,1,0,0,1,0,0,0,0,1,0,1,4.159452,0,0,0,20,1201,14,18,0
0,0,30,0,4,0,0,0,1,0,1.9625,0,1,0,0,1,4,0,0,1,0,0,0,0,0,1,4.126536,0,0,0,20,1201,14,19,0
0,3,26,0,4,0,0,0,0,0,1.675,0,1,0,0,1,6,0,0,0,1,1,0,0,0,1,0,1,0,0,20,1201,14,20,0
0,0,36,0,4,0,0,0,1,0,1.65,0,1,0,0,1,4,0,0,0,1,0,0,0,9.21034,0,0,1,0,1,20,1201,14,21,0
0,0,32,0,4,0,0,0,1,0,1.675,0,1,0,0,1,4,0,0,0,0,0,0,1,0,1,4.159452,0,0,0,20,1201,14,22,0
0,0,29,0,4,0,0,0,1,0,1.775,0,1,0,0,1,4,0,0,0,1,0,0,0,0,1,4.159452,0,0,0,20,1201,14,23,0
0,0,35,0,4,0,0,0,1,0,1.675,0,1,0,0,1,4,0,0,0,0,0,0,1,0,1,5.825603,0,0,0,20,1201,14,24,0
0,0,30,0,4,0,0,0,1,0,1.675,0,1,0,0,1,4,0,0,0,1,0,0,0,9.433484,0,0,1,0,0,20,1201,14,25,0
0,0,28,0,4,0,1,0,1,0,1.6,0,1,0,0,1,6,0,0,0,1,0,0,0,0,1,5.459123,0,0,0,20,1201,14,26,0
0,3,31,0,4,0,0,0,0,0,1.7,0,1,0,0,1,5,0,0,0,0,1,0,0,9.21034,0,5.794884,0,0,1,20,1201,14,27,0
0,0,28,0,4,0,1,0,1,0,1.75,0,1,0,0,1,0,0,1,0,0,0,0,1,0,1,4.159452,0,0,0,20,1201,14,28,0
0,5,29,0,4,0,1,0,0,0,1.725,0,1,0,0,1,5,0,0,0,0,1,0,0,0,1,0,1,0,0,20,1201,14,29,0
0,0,31,0,4,0,1,0,1,0,0,1,1,0,0,1,6,0,0,0,0,1,0,0,9.825526,0,5.794884,0,0,1,20,1201,14,30,0
1,0,39,0,4,0,0,0,1,0,0,1,1,0,0,1,0,0,1,0,0,0,0,1,0,1,4.159452,0,0,0,20,1201,14,31,1
1,0,37,0,4,0,0,0,1,0,0,1,1,0,0,1,0,0,1,0,0,0,0,1,0,1,5.049275,0,0,0,20,1201,14,31,1
1,0,30,0,4,0,0,0,1,0,1.75,0,1,0,0,1,4,0,0,0,0,0,0,1,0,1,4.159452,0,1,0,20,1201,14,33,0
0,6,30,0,4,0,0,0,0,0,1.75,0,1,0,0,1,0,0,1,0,0,1,0,0,0,1,5.794884,0,0,0,20,1201,14,34,0
1,0,29,0,4,0,0,0,1,0,1.8,0,1,0,0,1,0,0,1,0,0,0,0,1,0,1,6.176106,0,0,0,20,1201,14,35,0
1,0,31,0,4,0,0,0,1,0,1.65,0,1,0,0,1,6,0,0,0,0,0,0,1,0,1,0,1,0,1,20,1201,14,36,0
1,0,30,0,4,0,0,0,1,0,0,1,1,0,0,1,6,0,0,0,1,0,0,0,9.21034,0,4.159452,0,0,0,20,1201,14,37,0
0,6,28,0,4,0,0,0,0,0,1.75,0,1,0,0,1,5,0,0,0,0,1,0,0,0,1,5.794884,0,1,0,20,1201,14,38,0
0,2,28,0,4,0,1,1,0,0,1.6875,0,1,0,0,1,5,0,0,0,0,0,0,1,0,1,0,1,0,0,20,1201,14,39,0
0,0,28,0,4,0,0,0,1,0,1.675,0,1,0,0,1,4,0,0,0,0,1,0,0,0,1,5.825603,0,0,0,20,1201,14,40,0
0,0,27,0,4,0,0,0,1,0,1.75,0,1,0,0,1,4,0,0,0,1,0,0,0,0,1,5.825603,0,0,1,20,1201,14,41,0
0,0,33,0,4,0,1,0,1,0,0,1,1,0,0,1,2,0,0,0,0,0,0,1,0,1,0,1,0,0,20,1201,14,79,0
1,0,30,0,4,0,0,0,1,0,1.6,0,1,0,0,1,5,0,0,1,0,1,0,0,0,1,5.50987,0,0,0,20,1201,14,80,0
0,4,28,0,4,0,0,0,0,0,1.65,0,1,0,0,1,4,0,0,0,1,0,0,0,0,1,4.159452,0,0,1,24,1310,2,55,0
0,4,34,0,4,0,1,0,0,0,1.675,0,1,0,0,1,6,0,0,0,0,1,0,0,0,1,6.094067,0,0,0,20,1310,6,112,0
0,0,34,0,4,0,0,0,1,0,1.675,0,1,0,0,1,0,0,1,0,0,0,0,1,0,1,5.50987,0,0,0,20,1310,6,113,0
0,2,45,0,4,0,0,1,0,0,1.7,0,1,0,0,1,0,0,1,0,0,0,0,1,0,1,0,1,0,0,20,1310,6,114,0
0,0,30,0,4,0,0,0,1,0,1.65,0,1,0,0,1,4,0,0,0,1,0,0,0,0,1,4.159452,0,0,0,20,1310,6,115,0
0,0,29,0,4,0,0,0,1,0,1.625,0,1,0,0,1,5,0,0,0,0,1,0,0,0,1,5.825603,0,0,0,20,1310,6,116,0
1,0,0,0,4,0,0,0,1,1,1.625,0,1,0,0,1,4,0,0,1,0,0,0,0,0,1,4.159452,0,0,0,20,1310,6,117,0
0,0,37,0,4,0,0,0,1,0,1.65,0,1,0,0,1,3,0,0,0,0,0,1,0,9.305651,0,4.159452,0,0,0,20,1310,6,118,0
0,0,32,0,4,0,0,0,1,0,1.725,0,1,0,0,1,5,0,0,0,0,1,0,0,9.392662,0,4.159452,0,1,0,20,1310,6,119,0
0,0,33,0,4,0,0,0,1,0,1.75,0,1,0,0,1,4,0,0,0,1,0,0,0,8.853665,0,4.159452,0,0,0,20,1310,6,120,0
0,0,30,0,4,0,0,0,1,0,1.65,0,1,0,0,1,0,0,1,0,0,0,0,1,0,1,4.159452,0,0,0,20,1310,6,121,0
0,0,35,0,4,0,0,0,1,0,1.625,0,1,0,0,1,6,0,0,0,1,0,0,0,9.615806,0,4.159452,0,0,0,20,1310,6,122,0
0,0,30,0,4,0,0,0,1,0,1.625,0,1,0,0,1,4,0,0,0,1,0,0,0,8.411833,0,4.159452,0,0,0,20,1310,6,123,0
0,4,29,0,4,0,0,0,0,0,1.65,0,1,0,0,1,6,0,0,1,1,0,0,0,8.699514,0,4.159452,0,0,1,20,1310,6,125,0
0,0,0,0,4,0,0,0,1,1,0,1,1,0,0,1,6,0,0,0,1,1,0,0,0,1,0,1,0,0,20,1310,6,126,0
1,3,26,0,4,0,0,0,0,0,1.675,0,1,0,0,1,5,0,0,0,0,1,0,0,0,1,4.159452,0,0,0,20,1310,6,127,0
0,2,29,0,4,0,0,1,0,0,1.7,0,1,0,0,1,4,0,0,0,1,0,0,0,0,1,4.159452,0,0,0,20,1310,6,128,0
0,6,28,0,4,0,0,0,0,0,1.6,0,1,0,0,1,6,0,0,0,0,1,0,0,0,1,4.159452,0,0,0,20,1310,6,129,0
0,0,32,0,4,0,0,0,1,0,1.65,0,1,0,0,1,4,0,0,0,1,0,0,0,8.160519,0,4.159452,0,0,0,20,1310,6,130,0
1,2,32,0,4,0,0,1,0,0,1.675,0,1,0,0,1,6,0,0,0,1,0,0,0,0,1,4.159452,0,0,0,20,1310,6,131,0
0,0,30,0,4,0,1,0,1,0,1.7,0,1,0,0,1,0,0,1,0,0,0,0,1,9.615806,0,6.093101,0,0,0,20,1310,6,132,0
0,0,33,0,4,0,0,0,1,0,1.65,0,1,0,0,1,0,0,1,0,0,0,0,1,9.903487,0,4.159452,0,0,0,20,1310,6,133,0
0,0,28,0,4,0,0,0,1,0,1.7,0,1,0,0,1,0,0,1,0,0,0,0,1,0,1,5.825603,0,1,0,20,1310,6,134,0
0,0,25,0,4,0,0,0,1,0,1.625,0,1,0,0,1,2,0,0,0,0,0,0,1,9.21034,0,4.159452,0,0,0,20,1310,6,135,0
1,0,28,0,4,0,0,0,1,0,1.675,0,1,0,0,1,4,0,0,0,1,0,0,0,0,1,5.50987,0,1,0,20,1310,6,136,0
0,0,31,0,4,0,1,0,1,0,1.65,0,1,0,0,1,4,0,0,0,0,0,0,1,0,1,5.40345,0,0,0,20,1310,6,137,0
1,5,20,0,4,0,0,0,0,0,1.65,0,1,0,0,1,2,0,0,0,0,0,0,1,0,1,0,1,0,0,20,1310,6,138,0
0,0,27,0,4,0,1,0,1,0,0,1,1,0,0,1,0,0,1,0,0,0,0,1,0,1,0,1,0,0,20,1310,6,139,0
0,2,29,0,4,0,0,1,0,0,1.7,0,1,0,0,1,6,0,0,0,1,0,0,0,0,1,0,1,0,0,20,1310,6,140,0
0,6,27,0,4,0,0,0,0,0,1.65,0,1,0,0,1,5,0,0,0,0,1,0,0,0,1,5.794884,0,0,0,20,1310,6,141,0
0,3,31,0,4,0,0,0,0,0,1.725,0,1,0,0,1,6,0,0,0,0,1,0,0,0,1,5.459123,0,0,0,20,1310,6,142,0
1,6,29,0,4,0,0,0,0,0,1.8,0,1,0,0,1,5,0,0,0,0,1,0,0,0,1,0,1,0,0,20,1310,6,143,0
1,0,30,0,4,0,0,0,1,0,1.675,0,1,0,0,1,4,0,0,1,0,0,0,0,0,1,5.459123,0,0,0,20,1310,6,144,0
0,0,30,0,4,0,0,0,1,0,0,1,1,0,0,1,0,0,1,0,0,0,0,1,0,1,0,1,0,0,20,1512,10,31,0
0,6,29,0,4,0,1,0,0,0,1.775,0,1,0,0,1,0,0,1,0,0,0,0,1,0,1,5.50987,0,0,0,20,1512,10,32,0
0,0,0,0,4,0,1,0,1,1,0,1,1,0,0,1,4,0,0,0,0,1,0,0,0,1,0,1,0,0,20,1512,10,33,0
0,2,35,0,4,0,0,1,0,0,1.65,0,1,0,0,1,4,0,0,0,0,0,0,1,0,1,0,1,0,0,20,1512,10,34,0
0,4,38,0,4,0,0,0,0,0,0,1,1,0,0,1,0,0,1,0,0,0,0,1,9.21034,0,4.159452,0,0,0,20,1512,10,35,1
0,4,35,0,4,0,0,0,0,0,0,1,1,0,0,1,4,0,0,0,0,1,0,0,9.10498,0,0,1,0,0,20,1512,10,35,1
1,0,36,0,4,0,0,0,1,0,1.625,0,1,0,0,1,4,0,0,0,0,0,0,1,0,1,0,1,1,0,20,1512,10,36,0
0,2,30,0,4,0,0,1,0,0,1.85,0,1,0,0,1,6,0,0,0,0,1,0,0,10.28078,0,6.094067,0,0,0,20,1512,10,37,0
0,0,28,0,4,0,0,0,1,0,1.6,0,1,0,0,1,4,0,0,0,1,0,0,0,0,1,0,1,0,0,20,1512,10,38,0
0,0,42,0,4,0,0,0,1,0,0,1,1,0,0,1,0,0,1,0,0,0,0,1,9.21034,0,0,1,0,0,20,1512,10,39,0
0,0,33,0,4,0,0,0,1,0,1.65,0,1,0,0,1,4,0,0,0,1,0,0,0,8.699514,0,0,1,0,0,20,1512,10,40,0
1,0,27,0,4,0,0,0,1,0,1.6,0,1,0,0,1,4,0,0,0,0,1,0,0,0,1,5.794884,0,0,0,20,1512,10,41,0
0,0,35,0,4,0,1,0,1,0,1.7,0,1,0,0,1,0,0,1,0,0,0,0,1,0,1,4.159452,0,0,0,20,1512,10,42,0
0,0,34,0,4,0,1,0,1,0,1.625,0,1,0,0,1,0,0,1,0,0,0,0,1,0,1,4.159452,0,0,0,20,1512,10,43,0
0,0,31,0,4,0,0,0,1,0,1.7,0,1,0,0,1,0,0,1,0,0,0,0,1,0,1,4.159452,0,0,0,20,1512,10,44,0
0,0,42,0,4,0,0,0,1,0,1.65,0,1,0,0,1,2,0,0,0,0,0,0,1,0,1,0,1,0,0,20,1512,10,45,0
1,2,33,0,4,0,0,1,0,0,1.75,0,1,0,0,1,4,0,0,0,0,1,0,0,9.798127,0,0,1,0,0,20,1512,10,46,0
0,0,32,0,4,0,0,0,1,0,1.7,0,1,0,0,1,4,0,0,0,1,0,0,0,0,1,4.159452,0,0,0,20,1512,10,47,0
0,0,34,0,4,0,0,0,1,0,1.7,0,1,0,0,1,4,0,0,0,1,0,0,0,0,1,4.159452,0,0,0,20,1512,10,48,0
0,4,32,0,4,0,0,0,0,0,1.7,0,1,0,0,1,4,0,0,0,0,1,0,0,8.517193,0,0,1,0,0,20,1512,10,49,0
0,0,0,0,4,0,0,0,1,1,0,1,1,0,0,1,6,0,0,0,0,1,0,0,9.546813,0,0,1,0,0,20,1512,10,51,0
0,0,29,0,4,0,0,0,1,0,1.75,0,1,0,0,1,6,0,0,0,0,1,0,0,0,1,6.094067,0,0,0,20,1512,10,52,0
0,2,34,0,4,0,1,1,0,0,1.75,0,1,0,0,1,4,0,0,0,1,0,0,0,8.34284,0,0,1,0,0,20,1512,10,53,0
0,0,28,0,4,0,0,0,1,0,1.65,0,1,0,0,1,5,0,0,0,0,1,0,0,0,1,5.794884,0,0,0,20,1512,10,54,0
0,0,30,0,4,0,1,0,1,0,1.6,0,1,0,0,1,2,0,0,0,0,0,0,1,9.059518,0,0,1,0,0,20,1512,10,55,0
0,5,22,0,4,0,1,0,0,0,1.55,0,1,0,0,1,2,0,0,0,0,0,0,1,0,1,0,1,0,0,21,1512,10,56,0
1,2,33,0,4,0,0,1,0,0,0,1,1,0,0,1,2,0,0,0,0,0,0,1,0,1,4.159452,0,0,0,20,1512,10,57,0
0,0,30,0,4,0,0,0,1,0,1.6,0,1,0,0,1,5,0,0,1,1,0,0,0,0,1,4.159452,0,0,0,20,1512,10,58,0
0,2,37,0,4,0,0,1,0,0,1.7,0,1,0,0,1,4,0,0,0,0,1,0,0,0,1,0,1,0,0,20,1512,10,59,0
0,0,33,0,4,0,0,0,1,0,1.7,0,1,0,0,1,4,0,0,0,1,0,0,0,9.615806,0,4.159452,0,0,0,20,1512,10,60,0
0,0,35,0,4,0,1,0,1,0,1.575,0,1,0,0,1,4,0,0,0,1,0,0,0,0,1,0,1,0,0,20,1512,10,61,0
0,0,33,0,4,0,0,0,1,0,1.65,0,1,0,0,1,0,0,1,0,0,0,0,1,0,1,0,1,0,0,20,1512,10,62,0
1,0,28,0,4,0,0,0,1,0,1.75,0,1,0,0,1,6,0,0,0,1,0,0,0,0,1,5.459123,0,0,0,20,1512,10,63,0
0,0,0,0,4,0,0,0,1,1,0,1,1,0,0,1,0,0,1,0,0,0,0,1,0,1,0,1,0,0,20,1512,10,64,0
0,0,30,0,4,0,1,0,1,0,1.65,0,1,0,0,1,4,0,0,1,0,0,0,0,0,1,0,1,0,0,20,1512,10,65,0
0,0,43,0,4,0,0,0,1,0,0,1,1,0,0,1,4,0,0,0,1,0,0,0,0,1,4.159452,0,1,0,20,1512,10,66,0
0,0,34,0,4,0,0,0,1,0,1.7,0,1,0,0,1,0,0,1,1,0,0,0,0,8.853665,0,6.204298,0,0,0,20,1512,10,67,0
0,0,33,0,4,0,1,0,1,0,0,1,1,0,0,1,5,0,0,1,0,0,0,0,0,1,0,1,0,1,20,1512,10,68,0
0,2,43,0,4,0,1,1,0,0,1.6,0,1,0,0,1,5,0,0,0,1,0,0,0,9.546813,0,0,1,0,1,20,1512,10,69,0
0,0,31,0,4,0,0,0,1,0,1.65,0,1,0,0,1,4,0,0,0,0,0,0,1,0,1,0,1,0,0,20,1512,10,70,0
0,0,31,0,4,0,0,0,1,0,1.75,0,1,0,0,1,4,0,0,0,1,0,0,0,9.903487,0,0,1,0,1,20,1512,10,71,0
0,0,28,0,4,0,1,0,1,0,1.675,0,1,0,0,1,6,0,0,0,1,0,0,0,0,1,0,1,0,0,20,1512,10,72,0
0,0,36,0,4,0,0,0,1,0,1.55,0,1,0,0,1,2,0,0,0,0,0,0,1,0,1,0,1,0,0,20,1512,10,73,0
0,0,31,0,4,0,1,0,1,0,0,1,1,0,0,1,6,0,0,0,1,0,0,0,9.825526,0,5.459123,0,0,0,20,1512,10,74,0
0,6,37,0,4,0,1,0,0,0,1.6,0,1,0,0,1,6,0,0,0,0,1,0,0,0,1,5.794884,0,0,0,20,1512,10,75,0
0,2,33,0,4,0,0,1,0,0,1.625,0,1,0,0,1,2,0,0,1,0,0,0,0,0,1,0,1,0,0,21,1512,10,76,0
0,0,0,0,4,0,0,0,1,1,1.7,0,1,0,0,1,3,0,0,0,0,1,0,0,0,1,4.159452,0,0,0,20,1512,10,77,0
0,0,35,0,4,0,0,0,1,0,1.7,0,1,0,0,1,6,0,0,0,0,1,0,0,0,1,6.094067,0,0,0,20,1512,10,78,0
0,0,33,0,4,0,0,0,1,0,1.55,0,1,0,0,1,6,0,0,0,1,1,0,0,9.10498,0,5.794884,0,0,0,20,1512,10,79,0
1,0,29,0,4,0,0,0,1,0,1.6,0,1,0,0,1,4,0,0,0,1,0,0,0,0,1,5.50987,0,0,0,20,1512,10,80,0
0,0,35,0,4,0,1,0,1,0,0,1,1,0,0,1,4,0,0,0,1,0,0,0,0,1,4.159452,0,0,1,20,1512,10,81,0
0,0,31,0,4,0,1,0,1,0,0,1,1,0,0,1,5,0,0,0,0,1,0,0,9.769957,0,5.794884,0,0,1,20,1512,10,82,0
0,0,28,0,4,0,0,0,1,0,1.65,0,1,0,0,1,2,0,0,0,0,0,0,1,8.294049,0,0,1,0,0,20,1512,10,83,0
0,3,29,0,4,0,0,0,0,0,1.65,0,1,0,0,1,3,0,0,0,1,0,0,0,9.615806,0,0,1,0,0,20,1512,10,84,0
0,0,32,0,4,0,0,0,1,0,1.675,0,1,0,0,1,2,0,0,0,0,0,0,1,0,1,4.159452,0,0,0,20,1512,10,85,0
0,0,36,0,4,0,0,0,1,0,1.7,0,1,0,0,1,2,0,0,0,0,0,0,1,0,1,4.159452,0,0,0,20,1512,10,86,0
1,0,28,0,4,0,0,0,1,0,1.6,0,1,0,0,1,0,0,1,0,0,0,0,1,0,1,5.825603,0,0,0,21,1512,10,87,0
0,0,36,0,4,0,1,0,1,0,1.7,0,1,0,0,1,4,0,0,0,1,0,0,0,0,1,0,1,0,0,20,1512,10,88,0
0,0,31,0,4,0,1,0,1,0,1.6,0,1,0,0,1,4,0,0,0,0,0,0,1,0,1,0,1,0,0,20,1512,10,89,0
1,4,32,0,4,0,0,0,0,0,1.7,0,1,0,0,1,0,0,1,0,0,0,0,1,0,1,5.825603,0,1,0,20,1512,10,91,0
0,0,30,0,4,0,0,0,1,0,1.75,0,1,0,0,1,4,0,0,0,1,0,0,0,0,1,5.447579,0,0,0,20,1512,10,92,0
1,2,30,0,4,0,0,1,0,0,1.65,0,1,0,0,1,6,0,0,0,1,0,0,0,0,1,5.459123,0,1,0,20,1512,10,93,0
0,2,30,0,4,0,0,1,0,0,1.675,0,1,0,0,1,0,0,1,0,0,0,0,1,9.903487,0,4.159452,0,0,0,20,1512,10,94,0
0,0,39,0,4,0,0,0,1,0,1.65,0,1,0,0,1,6,0,0,0,0,1,0,0,0,1,6.094067,0,1,0,20,1512,10,95,0
0,5,32,0,4,0,0,0,0,0,1.725,0,1,0,0,1,6,0,0,0,1,0,0,0,12.20607,0,0,1,0,0,20,1512,10,96,0
0,0,30,0,4,0,1,0,1,0,1.725,0,1,0,0,1,4,0,0,0,1,0,0,0,8.699514,0,0,1,0,0,20,1512,10,97,0
0,2,34,0,4,0,1,1,0,0,1.75,0,1,0,0,1,0,0,1,0,0,0,0,1,10.59663,0,5.327161,0,0,0,21,1512,10,98,0
0,2,37,0,4,0,1,1,0,0,1.625,0,1,0,0,1,3,0,0,0,0,1,0,0,0,1,4.159452,0,0,0,24,1512,11,26,0
0,0,33,0,4,0,1,0,1,0,1.8,0,1,0,0,1,2,0,0,0,1,0,0,0,9.392662,0,4.159452,0,0,1,24,1512,11,38,0
0,0,36,0,4,0,0,0,1,0,1.65,0,1,0,0,1,4,0,0,1,0,0,0,0,7.824046,0,0,1,0,1,24,1512,11,41,0
0,0,33,0,4,0,1,0,1,0,1.625,0,1,0,0,1,4,0,0,1,1,0,0,0,0,1,0,1,0,0,24,1512,11,44,0
1,5,27,0,4,0,0,0,0,0,1.75,0,1,0,0,1,4,0,0,0,0,1,0,0,0,1,4.159452,0,0,0,24,1512,11,53,0
0,0,31,0,4,0,0,0,1,0,1.6,0,1,0,0,1,5,0,0,1,0,0,0,0,0,1,5.50987,0,0,0,20,1512,11,61,0
0,0,31,0,4,0,0,0,1,0,1.675,0,1,0,0,1,6,0,0,0,0,1,0,0,0,1,5.50987,0,0,0,20,1512,11,70,1
0,2,29,0,4,0,0,1,0,0,1.85,0,1,0,0,1,4,0,0,0,1,0,0,0,9.21034,0,6.093101,0,0,0,20,1512,14,33,0
0,0,30,0,4,0,1,0,1,0,1.75,0,1,0,0,1,4,0,0,0,0,0,0,1,0,1,5.50987,0,0,0,20,1512,14,34,0
1,0,35,0,4,0,0,0,1,0,1.625,0,1,0,0,1,5,0,0,0,0,1,0,0,0,1,5.794884,0,0,0,20,1512,14,35,0
1,0,27,0,4,0,0,0,1,0,1.6,0,1,0,0,1,5,0,0,1,0,0,0,0,0,1,4.159452,0,0,0,20,1512,14,36,0
1,0,30,0,4,0,0,0,1,0,1.75,0,1,0,0,1,5,0,0,0,0,1,0,0,9.21034,0,0,1,0,0,20,1512,14,37,0
1,5,38,0,4,0,0,0,0,0,1.575,0,1,0,0,1,5,0,0,0,0,1,0,0,0,1,5.825603,0,0,0,20,1512,14,38,0
0,5,26,0,4,0,1,0,0,0,1.75,0,1,0,0,1,5,0,0,0,0,1,0,0,0,1,5.794884,0,1,0,20,1512,14,39,0
0,0,35,0,4,0,0,0,1,0,1.575,0,1,0,0,1,4,0,0,0,0,0,0,1,0,1,5.825603,0,0,0,20,1512,14,40,0
0,0,35,0,4,0,0,0,1,0,1.675,0,1,0,0,1,5,0,0,1,0,0,0,0,0,1,0,1,0,0,20,1512,14,41,0
0,0,33,0,4,0,0,0,1,0,1.625,0,1,0,0,1,4,0,0,0,1,0,0,0,0,1,4.159452,0,0,0,20,1512,14,42,0
0,0,0,0,4,0,0,0,1,1,0,1,1,0,0,1,1,0,0,0,0,0,0,1,0,1,4.159452,0,0,1,20,1512,14,43,0
0,0,31,0,4,0,0,0,1,0,1.65,0,1,0,0,1,0,0,1,0,0,0,0,1,0,1,4.159452,0,0,0,21,1512,14,44,0
0,2,29,0,4,0,1,1,0,0,1.625,0,1,0,0,1,5,0,0,0,0,1,0,0,0,1,0,1,0,1,20,1512,14,45,0
1,0,28,0,4,0,0,0,1,0,1.725,0,1,0,0,1,4,0,0,0,1,0,0,0,8.433811,0,0,1,0,1,21,1512,14,46,0
1,0,32,0,4,0,0,0,1,0,1.75,0,1,0,0,1,2,0,0,0,0,0,0,1,0,1,5.327161,0,0,0,20,1512,14,47,0
0,0,34,0,4,0,0,0,1,0,1.75,0,1,0,0,1,2,0,0,0,0,0,0,1,0,1,4.159452,0,0,0,20,1512,14,48,0
0,6,27,0,4,0,0,0,0,0,1.675,0,1,0,0,1,5,0,0,1,0,0,0,0,0,1,5.794884,0,0,0,21,1512,14,49,0
1,2,32,0,4,0,0,1,0,0,1.725,0,1,0,0,1,6,0,0,0,1,0,0,0,0,1,0,1,0,0,21,1512,14,50,0
0,2,32,0,4,0,0,1,0,0,1.625,0,1,0,0,1,6,0,0,1,0,0,0,0,9.632335,0,0,1,0,0,20,1512,14,51,0
0,2,34,0,4,0,1,1,0,0,1.675,0,1,0,0,1,6,0,0,0,1,0,0,0,0,1,0,1,0,0,20,1512,14,52,0
0,0,28,0,4,0,1,0,1,0,1.675,0,1,0,0,1,6,0,0,0,0,1,0,0,0,1,0,1,0,1,20,1512,14,53,0
1,5,28,0,4,0,0,0,0,0,1.725,0,1,0,0,1,4,0,0,0,0,1,0,0,9.615806,0,6.093101,0,0,0,20,1512,14,54,0
0,0,31,0,4,0,0,0,1,0,1.6,0,1,0,0,1,4,0,0,0,0,1,0,0,0,1,5.447579,0,0,1,20,1512,14,55,0
0,2,28,0,4,0,1,1,0,0,1.675,0,1,0,0,1,6,0,0,0,1,1,0,0,9.952278,0,5.825603,0,0,1,20,1602,11,1,0
0,2,34,0,4,0,0,1,0,0,1.625,0,1,0,0,1,0,0,1,0,0,0,0,1,0,1,4.159452,0,0,0,20,1602,11,2,0
0,2,30,0,4,0,1,1,0,0,1.675,0,1,0,0,1,4,0,0,0,1,0,0,0,8.987197,0,5.308418,0,0,1,20,1602,11,3,0
0,0,31,0,4,0,0,0,1,0,1.65,0,1,0,0,1,1,0,0,0,0,0,0,1,0,1,4.159452,0,1,0,20,1602,11,4,0
0,0,39,0,4,0,1,0,1,0,1.7,0,1,0,0,1,3,0,0,0,0,1,0,0,12.20607,0,5.794884,0,0,0,20,1602,11,5,0
0,0,31,0,4,0,0,0,1,0,1.65,0,1,0,0,1,4,0,0,0,0,0,0,1,0,1,6.093101,0,0,0,20,1602,11,6,0
0,2,29,0,4,0,1,1,0,0,1.725,0,1,0,0,1,5,0,0,0,0,1,0,0,0,1,5.794884,0,0,0,20,1602,11,8,0
0,0,32,0,4,0,0,0,1,0,1.725,0,1,0,0,1,4,0,0,0,1,0,0,0,0,1,4.159452,0,0,0,20,1602,11,9,0
0,0,39,0,4,0,0,0,1,0,1.575,0,1,0,0,1,3,0,0,0,0,1,0,0,9.546813,0,5.794884,0,0,1,20,1602,11,10,0
0,0,34,0,4,0,1,0,1,0,1.6625,0,1,0,0,1,3,0,0,0,0,1,0,0,0,1,4.159452,0,0,0,20,1602,11,11,0
0,0,28,0,4,0,1,0,1,0,1.8,0,1,0,0,1,5,0,0,0,0,1,0,0,0,1,5.794884,0,0,1,20,1602,11,12,0
0,0,0,0,4,0,1,0,1,1,0,1,1,0,0,1,0,0,1,0,0,0,0,1,0,1,0,1,0,0,20,1602,11,13,0
0,0,26,0,4,0,0,0,1,0,1.75,0,1,0,0,1,6,0,0,0,1,1,0,0,0,1,6.093101,0,1,0,21,1602,11,14,0
0,0,25,0,4,0,0,0,1,0,1.6375,0,1,0,0,1,0,0,1,0,0,0,0,1,9.546813,0,5.825603,0,0,0,20,1602,11,15,0
0,0,36,0,4,0,0,0,1,0,1.675,0,1,0,0,1,4,0,0,0,0,1,0,0,0,1,5.794884,0,0,0,21,1602,11,16,0
0,0,35,0,4,0,0,0,1,0,1.675,0,1,0,0,1,0,0,1,0,0,0,0,1,0,1,6.093101,0,0,0,20,1602,11,17,0
0,0,40,0,4,0,0,0,1,0,1.675,0,1,0,0,1,0,0,1,0,0,0,0,1,0,1,5.825603,0,0,0,20,1602,11,18,0
0,0,47,0,4,0,0,0,1,0,1.75,0,1,0,0,1,0,0,1,0,0,0,0,1,0,1,5.825603,0,0,0,20,1602,11,19,0
0,4,33,0,4,0,1,0,0,0,1.6,0,1,0,0,1,0,0,1,0,0,0,0,1,0,1,0,1,0,0,20,1602,11,211,0
0,0,36,0,4,0,0,0,1,0,1.6,0,1,0,0,1,4,0,0,0,1,0,0,0,0,1,5.308418,0,0,1,20,1602,11,228,0
0,2,30,0,4,0,0,1,0,0,1.675,0,1,0,0,1,5,0,0,0,0,1,0,0,0,1,6.093101,0,0,0,21,1602,11,75,0
1,0,30,0,4,0,0,0,1,0,1.65,0,1,0,0,1,3,0,0,0,0,1,0,0,9.615806,0,6.094067,0,0,0,20,1602,14,136,0
0,0,34,0,4,0,0,0,1,0,1.825,0,1,0,0,1,4,0,0,0,1,0,0,0,9.903487,0,0,1,0,0,20,1602,14,137,0
0,0,29,0,4,0,0,0,1,0,1.725,0,1,0,0,1,4,0,0,0,0,1,0,0,10.12663,0,4.159452,0,0,1,20,1602,14,138,0
0,0,30,0,4,0,0,0,1,0,1.65,0,1,0,0,1,6,0,0,0,1,0,0,0,9.21034,0,5.50987,0,0,0,20,1602,14,139,0
0,0,36,0,4,0,0,0,1,0,1.6,0,1,0,0,1,4,0,0,0,0,1,0,0,0,1,0,1,1,0,21,1602,14,140,0
0,0,25.5,0,4,0,1,0,1,0,1.7,0,1,0,0,1,5,0,0,0,1,1,0,0,0,1,0,1,0,1,24,1602,14,141,0
1,0,37,0,4,0,0,0,1,0,1.675,0,1,0,0,1,1,0,0,0,0,0,0,1,0,1,5.825603,0,1,0,20,1602,14,142,0
1,0,38,0,4,0,0,0,1,0,1.65,0,1,0,0,1,6,0,0,0,1,0,0,0,0,1,0,1,0,0,20,1602,14,143,0
0,0,24,0,4,0,0,0,1,0,1.55,0,1,0,0,1,4,0,0,1,0,0,0,0,0,1,4.159452,0,0,0,20,1602,14,144,0
0,0,29,0,4,0,1,0,1,0,1.8,0,1,0,0,1,4,0,0,1,0,0,0,0,0,1,6.093101,0,0,0,20,1602,14,145,0
0,0,40,0,4,0,0,0,1,0,1.575,0,1,0,0,1,4,0,0,0,1,0,0,0,0,1,5.825603,0,0,0,20,1602,14,146,0
0,0,39,0,4,0,0,0,1,0,1.675,0,1,0,0,1,2,0,0,0,0,0,0,1,9.25913,0,5.447579,0,0,0,20,1602,14,147,0
0,0,26,0,4,0,0,0,1,0,1.725,0,1,0,0,1,6,0,0,0,1,0,0,0,0,1,0,1,0,0,20,1602,14,148,0
0,0,33,0,4,0,1,0,1,0,1.675,0,1,0,0,1,4,0,0,0,0,1,0,0,0,1,5.825603,0,0,0,20,1602,14,149,0
0,0,30,0,4,0,0,0,1,0,1.725,0,1,0,0,1,4,0,0,0,0,1,0,0,9.998797,0,6.093101,0,0,0,20,1602,14,150,0
0,0,27,0,4,0,0,0,1,0,1.625,0,1,0,0,1,4,0,0,0,0,0,0,1,0,1,5.825603,0,0,0,20,1602,14,151,0
0,4,30,0,4,0,0,0,0,0,1.7,0,1,0,0,1,4,0,0,0,1,0,0,0,0,1,4.159452,0,0,0,20,1602,14,152,0
1,0,32,0,4,0,0,0,1,0,1.75,0,1,0,0,1,4,0,0,1,0,0,0,0,0,1,5.50987,0,0,0,20,1602,14,153,0
1,4,31,0,4,0,0,0,0,0,1.725,0,1,0,0,1,6,0,0,0,1,0,0,0,8.517193,0,0,1,0,0,20,1602,14,154,0
1,0,33,0,4,0,0,0,1,0,1.575,0,1,0,0,1,4,0,0,0,1,1,0,0,0,1,0,1,1,0,20,1602,14,155,0
0,0,33,0,4,0,1,0,1,0,1.65,0,1,0,0,1,2,0,0,0,0,0,0,1,0,1,4.159452,0,0,0,20,1602,14,156,0
1,3,29,0,4,0,0,0,0,0,1.725,0,1,0,0,1,6,0,0,0,1,1,0,0,10.12663,0,6.093101,0,0,0,20,1602,14,157,0
0,5,29,0,4,0,0,0,0,0,1.8,0,1,0,0,1,6,0,0,0,1,0,0,0,0,1,6.093101,0,0,0,20,1602,14,159,0
0,0,31,0,4,0,0,0,1,0,1.675,0,1,0,0,1,4,0,0,0,0,0,0,1,9.392662,0,4.159452,0,0,0,20,1602,14,160,0
0,0,28,0,4,0,1,0,1,0,1.75,0,1,0,0,1,5,0,0,0,0,1,0,0,8.987197,0,5.794884,0,0,0,20,1602,14,161,0
1,0,28,0,4,0,0,0,1,0,1.625,0,1,0,0,1,4,0,0,0,0,0,0,1,0,1,5.825603,0,0,0,20,1602,14,162,0
0,2,34,0,4,0,0,1,0,0,1.75,0,1,0,0,1,6,0,0,0,1,0,0,0,8.987197,0,4.159452,0,0,1,20,1602,14,163,0
0,0,31,0,4,0,0,0,1,0,1.6,0,1,0,0,1,0,0,1,0,0,0,0,1,0,1,0,1,0,0,20,1602,14,164,0
1,0,35,0,4,0,0,0,1,0,1.775,0,1,0,0,1,4,0,0,0,1,0,0,0,8.987197,0,4.159452,0,0,0,20,1602,14,165,0
0,2,25,0,4,0,0,1,0,0,1.7,0,1,0,0,1,4,0,0,0,1,0,0,0,9.903487,0,4.159452,0,0,1,20,1602,14,166,0
0,0,30,0,4,0,0,0,1,0,1.65,0,1,0,0,1,4,0,0,0,0,1,0,0,0,1,5.50987,0,0,0,20,1602,14,167,0
0,0,31,0,4,0,0,0,1,0,1.65,0,1,0,0,1,4,0,0,1,0,0,0,0,0,1,4.159452,0,0,0,20,1602,14,169,0
0,0,32,0,4,0,0,0,1,0,1.75,0,1,0,0,1,4,0,0,0,0,1,0,0,0,1,4.159452,0,0,0,20,1602,14,170,0
0,4,32,0,4,0,0,0,0,0,1.7,0,1,0,0,1,2,0,0,0,0,0,0,1,9.21034,0,6.094067,0,0,0,20,1602,14,171,0
0,2,31,0,4,0,1,1,0,0,0,1,1,0,0,1,6,0,0,0,1,1,0,0,9.769957,0,5.794884,0,0,1,20,1602,14,172,0
0,0,31,0,4,0,1,0,1,0,1.625,0,1,0,0,1,0,0,1,0,0,0,0,1,0,1,5.825603,0,0,0,20,1602,14,173,0
0,0,33,0,4,0,0,0,1,0,1.6875,0,1,0,0,1,4,0,0,0,1,0,0,0,0,1,5.825603,0,0,0,20,1602,14,174,0
0,0,40,0,4,0,0,0,1,0,1.6,0,1,0,0,1,3,0,0,0,0,1,0,0,0,1,5.794884,0,0,0,20,1602,14,175,0
0,0,30,0,4,0,0,0,1,0,1.7,0,1,0,0,1,4,0,0,0,1,0,0,0,0,1,0,1,0,0,20,1602,14,176,0
0,0,30,0,4,0,0,0,1,0,1.65,0,1,0,0,1,4,0,0,1,0,0,0,0,0,1,0,1,0,1,20,1602,14,177,0
1,0,31,0,4,0,0,0,1,0,1.675,0,1,0,0,1,4,0,0,0,1,0,0,0,0,1,4.159452,0,0,0,20,1602,14,178,0
0,0,37,0,4,0,0,0,1,0,0,1,1,0,0,1,0,0,1,0,0,0,0,1,0,1,5.825603,0,0,0,20,1602,14,179,0
0,0,35,0,4,0,1,0,1,0,1.75,0,1,0,0,1,4,0,0,1,0,0,0,0,0,1,5.308418,0,0,1,20,1602,14,180,0
0,0,34,0,4,0,1,0,1,0,1.7125,0,1,0,0,1,2,0,0,0,0,0,0,1,0,1,4.159452,0,0,0,20,1602,14,181,0
0,0,32,0,4,0,1,0,1,0,1.65,0,1,0,0,1,4,0,0,0,0,1,0,0,8.699514,0,0,1,0,0,20,1602,14,182,0
0,0,30,0,4,0,0,0,1,0,1.725,0,1,0,0,1,5,0,0,0,0,1,0,0,0,1,5.794884,0,0,0,20,1602,14,183,0
0,0,32,0,4,0,1,0,1,0,1.65,0,1,0,0,1,2,0,0,0,0,0,0,1,0,1,4.159452,0,0,0,20,1602,14,184,0
0,0,33,0,4,0,0,0,1,0,1.8,0,1,0,0,1,4,0,0,0,1,0,0,0,0,1,4.159452,0,0,0,20,1602,14,185,0
0,0,32,0,4,0,0,0,1,0,1.675,0,1,0,0,1,5,0,0,0,0,0,0,1,0,1,4.159452,0,0,0,20,1602,14,186,0
0,0,29,0,4,0,0,0,1,0,1.6375,0,1,0,0,1,3,0,0,0,0,1,0,0,9.740969,0,5.794884,0,0,0,20,1602,14,187,0
0,0,30,0,4,0,0,0,1,0,1.65,0,1,0,0,1,4,0,0,1,0,0,0,0,8.006368,0,0,1,0,0,20,1602,14,188,0
0,0,30,0,4,0,0,0,1,0,1.65,0,1,0,0,1,4,0,0,0,1,0,0,0,0,1,5.825603,0,0,0,20,1602,14,189,0
0,2,31,0,4,0,1,1,0,0,0,1,1,0,0,1,6,0,0,0,1,1,0,0,9.836279,0,5.794884,0,0,0,20,1602,14,190,0
0,0,37,0,4,0,0,0,1,0,1.7,0,1,0,0,1,0,0,1,0,0,0,0,1,9.903487,0,4.159452,0,0,0,20,1602,14,191,0
1,4,29,0,4,0,0,0,0,0,1.75,0,1,0,0,1,4,0,0,0,1,0,0,0,0,1,4.159452,0,1,0,20,1602,14,192,0
0,0,35,0,4,0,1,0,1,0,1.65,0,1,0,0,1,4,0,0,0,1,0,0,0,0,1,4.159452,0,0,1,20,1602,14,193,0
0,0,30,0,4,0,0,0,1,0,1.725,0,1,0,0,1,4,0,0,0,1,0,0,0,9.615806,0,6.093101,0,0,0,20,1602,14,194,0
0,2,32,0,4,0,1,1,0,0,1.675,0,1,0,0,1,0,0,1,0,0,0,0,1,9.21034,0,4.91469,0,0,0,20,1602,14,195,0
0,0,28,0,4,0,0,0,1,0,1.8,0,1,0,0,1,3,0,0,0,1,0,0,0,0,1,4.23823,0,0,0,20,1602,14,196,0
0,4,30,0,4,0,0,0,0,0,1.675,0,1,0,0,1,0,0,1,0,0,0,0,1,0,1,0,1,0,0,20,1602,14,197,0
0,2,28,0,4,0,1,1,0,0,1.675,0,1,0,0,1,4,0,0,0,0,1,0,0,9.798127,0,5.308418,0,0,0,20,1602,14,198,0
0,2,35,0,4,0,0,1,0,0,1.8,0,1,0,0,1,0,0,1,0,0,0,0,1,0,1,4.159452,0,0,0,20,1602,14,199,0
0,0,32,0,4,0,0,0,1,0,1.625,0,1,0,0,1,4,0,0,0,1,0,0,0,0,1,0,1,0,0,20,1602,14,200,0
0,0,29,0,4,0,1,0,1,0,1.65,0,1,0,0,1,4,0,0,0,1,0,0,0,0,1,0,1,0,0,20,1602,14,201,0
0,0,28,0,4,0,1,0,1,0,1.7,0,1,0,0,1,0,0,1,0,0,0,0,1,0,1,4.159452,0,1,0,20,1602,14,202,0
0,0,0,0,4,0,1,0,1,1,1.7,0,1,0,0,1,6,0,0,0,1,1,0,0,0,1,4.91469,0,1,0,20,1602,14,203,0
0,0,28,0,4,0,0,0,1,0,1.6,0,1,0,0,1,4,0,0,0,1,0,0,0,0,1,0,1,0,0,20,1602,14,204,0
1,0,28,0,4,0,0,0,1,0,1.675,0,1,0,0,1,4,0,0,0,0,1,0,0,9.21034,0,0,1,1,0,20,1602,14,205,0
0,0,37,0,4,0,0,0,1,0,1.625,0,1,0,0,1,4,0,0,0,1,0,0,0,0,1,4.91469,0,0,0,20,1602,14,206,0
0,0,31,0,4,0,1,0,1,0,1.675,0,1,0,0,1,0,0,1,0,0,0,0,1,0,1,4.710353,0,1,0,20,1602,14,207,0
0,0,32,0,4,0,0,0,1,0,1.725,0,1,0,0,1,2,0,0,0,0,0,0,1,0,1,0,1,0,0,20,1602,14,208,0
0,0,32,0,4,0,0,0,1,0,1.625,0,1,0,0,1,4,0,0,0,1,0,0,0,0,1,5.308418,0,0,0,20,1602,14,209,0
0,0,32,0,4,0,0,0,1,0,1.675,0,1,0,0,1,0,0,1,0,0,0,0,1,0,1,0,1,0,0,20,1602,14,210,0
0,0,36,0,4,0,0,0,1,0,1.65,0,1,0,0,1,4,0,0,1,0,0,0,0,8.853665,0,0,1,0,0,20,1602,14,211,0
0,0,33,0,4,0,1,0,1,0,1.75,0,1,0,0,1,4,0,0,0,1,0,0,0,0,1,0,1,0,0,20,1602,14,212,0
0,0,31,0,4,0,0,0,1,0,1.8,0,1,0,0,1,2,0,0,0,0,0,0,1,8.411833,0,0,1,0,0,20,1602,14,213,0
1,0,33,0,4,0,0,0,1,0,1.725,0,1,0,0,1,5,0,0,0,0,1,0,0,0,1,5.794884,0,0,0,20,1602,14,214,0
0,0,29,0,4,0,0,0,1,0,1.775,0,1,0,0,1,4,0,0,0,0,1,0,0,0,1,4.159452,0,0,0,20,1602,14,215,0
0,5,29,0,4,0,1,0,0,0,1.725,0,1,0,0,1,6,0,0,0,1,0,0,0,0,1,0,1,0,0,20,1602,14,216,1
0,5,27,0,4,0,1,0,0,0,1.725,0,1,0,0,1,6,0,0,0,1,1,0,0,0,1,5.308418,0,0,0,20,1602,14,216,1
0,0,35,0,4,0,0,0,1,0,1.775,0,1,0,0,1,3,0,0,0,0,1,0,0,0,1,4.159452,0,0,0,20,1602,14,217,0
0,0,32,0,4,0,0,0,1,0,1.7,0,1,0,0,1,4,0,0,0,1,0,0,0,0,1,4.159452,0,0,0,20,1602,14,218,0
0,0,32,0,4,0,0,0,1,0,1.6375,0,1,0,0,1,4,0,0,0,0,1,0,0,0,1,6.176106,0,0,0,20,1602,14,219,0
1,0,28,0,4,0,0,0,1,0,1.625,0,1,0,0,1,5,0,0,0,0,1,0,0,0,1,5.794884,0,0,0,20,1602,14,220,0
0,0,34,0,4,0,0,0,1,0,1.75,0,1,0,0,1,5,0,0,1,0,0,0,0,9.903487,0,4.159452,0,0,0,20,1602,14,221,0
0,0,35,0,4,0,0,0,1,0,1.65,0,1,0,0,1,2,0,0,0,0,0,0,1,0,1,5.825603,0,0,0,20,1602,14,222,0
0,0,28,0,4,0,0,0,1,0,1.7,0,1,0,0,1,6,0,0,0,1,0,0,0,0,1,5.447579,0,0,1,24,1603,10,13,0
0,0,30,0,4,0,0,0,1,0,1.625,0,1,0,0,1,4,0,0,0,1,0,0,0,0,1,4.159452,0,0,0,24,1603,10,17,0
0,0,36,0,4,0,0,0,1,0,1.65,0,1,0,0,1,0,0,1,0,0,0,0,1,0,1,4.159452,0,1,0,24,1603,10,18,0
0,0,30,0,4,0,0,0,1,0,1.75,0,1,0,0,1,5,0,0,1,0,0,0,0,8.699514,0,0,1,0,0,20,1603,13,59,0
0,0,33,0,4,0,0,0,1,0,1.6,0,1,0,0,1,6,0,0,0,1,0,0,0,0,1,0,1,0,0,21,1603,13,60,0
0,2,28,0,4,0,1,1,0,0,1.725,0,1,0,0,1,6,0,0,0,1,1,0,0,0,1,0,1,0,1,20,1603,13,61,0
1,0,31,0,4,0,0,0,1,0,0,1,1,0,0,1,6,0,0,0,0,1,0,0,9.867861,0,5.825603,0,0,1,20,1603,13,62,0
0,0,28,0,4,0,0,0,1,0,1.625,0,1,0,0,1,6,0,0,0,1,0,0,0,0,1,6.093101,0,0,0,20,1603,13,63,0
0,0,38,0,4,0,0,0,1,0,1.75,0,1,0,0,1,2,0,0,0,0,0,0,1,8.987197,0,4.159452,0,0,0,20,1603,13,64,0
0,0,30,0,4,0,1,0,1,0,1.6,0,1,0,0,1,0,0,1,0,0,0,0,1,0,1,4.159452,0,0,0,20,1603,13,65,0
1,0,38,0,4,0,0,0,1,0,0,1,1,0,0,1,0,0,1,0,0,0,0,1,0,1,0,1,0,0,20,1603,13,66,0
0,0,27,0,4,0,0,0,1,0,1.725,0,1,0,0,1,0,0,1,0,0,0,0,1,0,1,0,1,1,0,21,1603,13,67,0
0,0,27,0,4,0,0,0,1,0,1.675,0,1,0,0,1,6,0,0,0,1,1,0,0,0,1,0,1,0,0,20,1603,13,68,0
0,0,33,0,4,0,0,0,1,0,1.7,0,1,0,0,1,0,0,1,0,0,0,1,0,0,1,0,1,0,0,20,1603,13,69,0
1,0,29,0,4,0,0,0,1,0,1.625,0,1,0,0,1,5,0,0,0,0,1,0,0,0,1,0,1,0,0,20,1603,13,71,0
0,0,33,0,4,0,0,0,1,0,1.575,0,1,0,0,1,5,0,0,0,1,0,0,0,0,1,0,1,0,0,20,1603,16,28,0
0,2,33,0,4,0,1,1,0,0,1.6375,0,1,0,0,1,4,0,0,0,0,1,0,0,9.028019,0,0,1,0,0,20,1603,16,29,0
0,0,28,0,4,0,0,0,1,0,1.775,0,1,0,0,1,4,0,0,0,0,1,0,0,0,1,0,1,0,0,20,1603,16,30,0
0,0,32,0,4,0,0,0,1,0,1.65,0,1,0,0,1,4,0,0,0,1,0,0,0,0,1,4.159452,0,0,1,20,1603,16,31,0
0,0,36,0,4,0,0,0,1,0,1.625,0,1,0,0,1,4,0,0,0,1,0,0,0,0,1,0,1,0,0,20,1603,16,32,0
0,0,30,0,4,0,0,0,1,0,1.7,0,1,0,0,1,4,0,0,0,0,1,0,0,0,1,0,1,0,0,20,1603,16,33,0
1,0,32,0,4,0,0,0,1,0,1.675,0,1,0,0,1,0,0,1,0,0,0,0,1,0,1,5.50987,0,0,0,20,1603,16,34,0
0,0,32,0,4,0,0,0,1,0,1.675,0,1,0,0,1,5,0,0,0,0,1,0,0,0,1,5.794884,0,0,0,20,1603,16,35,0
0,2,29,0,4,0,0,1,0,0,1.6,0,1,0,0,1,4,0,0,0,1,0,0,0,0,1,4.91469,0,0,0,20,1603,16,36,0
1,0,32,0,4,0,0,0,1,0,1.6375,0,1,0,0,1,4,0,0,0,0,1,0,0,0,1,5.049275,0,0,0,20,1603,16,37,0
1,0,30,0,4,0,0,0,1,0,1.6,0,1,0,0,1,4,0,0,0,0,1,0,0,0,1,4.159452,0,0,0,21,1603,16,38,0
0,0,50,0,4,0,0,0,1,0,1.575,0,1,0,0,1,4,0,0,0,0,0,0,1,0,1,0,1,0,0,21,1603,16,39,0
0,0,35,0,4,0,1,0,1,0,1.625,0,1,0,0,1,4,0,0,0,1,0,0,0,9.10498,0,5.447579,0,0,1,21,1603,16,40,0
0,5,30,0,4,0,1,0,0,0,1.65,0,1,0,0,1,4,0,0,0,1,0,0,0,0,1,4.159452,0,0,0,20,1603,16,41,0
0,2,28,0,4,0,0,1,0,0,1.65,0,1,0,0,1,4,0,0,0,0,1,0,0,8.987197,0,5.189394,0,0,0,20,1603,16,42,0
0,0,31,0,4,0,0,0,1,0,1.625,0,1,0,0,1,4,0,0,0,0,1,0,0,0,1,4.159452,0,0,0,20,1603,16,43,0
1,0,0,0,4,0,0,0,1,1,1.575,0,1,0,0,1,0,0,1,0,0,0,0,1,0,1,0,1,0,0,20,1603,16,44,0
0,3,32,0,4,0,0,0,0,0,1.7,0,1,0,0,1,4,0,0,0,0,1,0,0,9.798127,0,5.447579,0,0,1,20,1603,16,45,0
0,0,32,0,4,0,0,0,1,0,1.675,0,1,0,0,1,4,0,0,0,0,0,0,1,0,1,4.159452,0,0,0,20,1603,16,46,0
0,0,32,0,4,0,0,0,1,0,1.5375,0,1,0,0,1,4,0,0,0,1,0,0,0,0,1,4.159452,0,0,0,20,1603,16,47,0
1,0,31,0,4,0,0,0,1,0,1.65,0,1,0,0,1,0,0,1,0,0,0,0,1,0,1,0,1,0,0,20,1603,16,48,0
1,0,26,0,4,0,0,0,1,0,1.675,0,1,0,0,1,3,0,0,0,0,0,1,0,0,1,5.825603,0,0,0,20,1603,16,49,0
1,0,28,0,4,0,0,0,1,0,1.575,0,1,0,0,1,4,0,0,0,0,1,0,0,0,1,5.825603,0,0,0,20,1603,16,50,0
0,0,32,0,4,0,1,0,1,0,1.7,0,1,0,0,1,0,0,1,0,0,0,0,1,9.903487,0,4.126536,0,0,0,20,1603,16,51,0
0,0,28,0,4,0,0,0,1,0,1.7,0,1,0,0,1,4,0,0,0,0,1,0,0,0,1,0,1,0,0,20,1603,16,52,0
0,0,31,0,4,0,0,0,1,0,1.7,0,1,0,0,1,0,0,1,0,0,1,0,0,0,1,5.794884,0,0,0,20,1603,16,53,0
1,3,31,0,4,0,0,0,0,0,1.675,0,1,0,0,1,6,0,0,0,0,1,0,0,0,1,5.447579,0,0,0,20,1603,16,54,0
0,0,33,0,4,0,0,0,1,0,1.75,0,1,0,0,1,0,0,1,0,0,0,0,1,0,1,0,1,0,0,20,1603,16,55,0
0,0,29,0,4,0,0,0,1,0,1.65,0,1,0,0,1,5,0,0,0,1,0,0,0,0,1,4.159452,0,0,0,20,1603,16,56,0
1,0,33,0,4,0,0,0,1,0,1.675,0,1,0,0,1,4,0,0,0,0,0,0,1,0,1,6.093101,0,0,0,20,1603,16,58,0
0,0,32,0,4,0,0,0,1,0,1.65,0,1,0,0,1,4,0,0,0,1,0,0,0,0,1,5.308418,0,0,0,20,1603,16,59,0
0,6,39,0,4,0,0,0,0,0,1.625,0,1,0,0,1,6,0,0,0,0,1,0,0,12.20607,0,0,1,0,1,20,1603,16,60,0
0,2,38,0,4,0,0,1,0,0,0,1,1,0,0,1,4,0,0,0,1,0,0,0,0,1,5.447579,0,0,0,20,1603,16,62,0
1,5,26,0,4,0,0,0,0,0,1.775,0,1,0,0,1,5,0,0,0,0,1,0,0,0,1,0,1,0,0,20,1603,16,63,0
0,2,36,3,4,0,0,1,0,0,1.675,0,0,0,0,1,0,0,1,0,0,0,0,1,0,1,5.459123,0,0,0,20,1603,16,64,0
0,0,40,0,4,0,1,0,1,0,1.65,0,1,0,0,1,0,0,1,0,0,0,1,0,9.546813,0,6.093101,0,0,0,20,1603,16,65,0
0,0,32,0,4,0,0,0,1,0,1.6,0,1,0,0,1,4,0,0,0,1,0,0,0,9.21034,0,4.159452,0,0,0,20,1603,16,66,0
0,0,29,0,4,0,1,0,1,0,1.725,0,1,0,0,1,4,0,0,0,0,1,0,0,0,1,0,1,0,0,20,1603,16,67,0
0,0,39,0,4,0,1,0,1,0,1.725,0,1,0,0,1,0,0,1,0,0,0,0,1,0,1,5.50987,0,0,0,20,1603,16,68,0
0,0,30,0,4,0,0,0,1,0,1.725,0,1,0,0,1,3,0,0,0,0,0,1,0,0,1,6.093101,0,0,0,20,1603,16,69,0
0,0,32,0,4,0,0,0,1,0,1.725,0,1,0,0,1,0,0,1,0,0,0,0,1,0,1,5.308418,0,0,0,20,1603,16,70,0
1,0,30,0,4,0,0,0,1,0,1.7,0,1,0,0,1,4,0,0,0,1,0,0,0,0,1,4.159452,0,0,0,20,1603,16,71,0
0,0,30,0,4,0,0,0,1,0,1.75,0,1,0,0,1,6,0,0,0,0,1,0,0,0,1,6.094067,0,0,0,20,1603,16,72,0
0,0,30,0,4,0,0,0,1,0,1.75,0,1,0,0,1,4,0,0,0,0,1,0,0,0,1,5.825603,0,0,0,20,1603,16,73,0
0,2,30,0,4,0,1,1,0,0,1.575,0,1,0,0,1,5,0,0,0,0,1,0,0,0,1,5.308418,0,0,0,20,1603,16,74,0
0,0,31,0,4,0,0,0,1,0,1.7,0,1,0,0,1,4,0,0,0,1,0,0,0,0,1,4.159452,0,0,0,20,1603,16,75,0
0,0,31,0,4,0,1,0,1,0,0,1,1,0,0,1,6,0,0,0,1,1,0,0,9.836279,0,5.825603,0,0,1,20,1603,16,76,0
1,0,30,0,4,0,0,0,1,0,1.675,0,1,0,0,1,0,0,1,0,1,0,0,0,0,1,4.159452,0,0,0,20,1603,16,77,0
0,0,31,0,4,0,0,0,1,0,1.675,0,1,0,0,1,4,0,0,1,0,0,0,0,0,1,4.159452,0,0,0,20,1603,16,78,0
0,2,35,0,4,0,0,1,0,0,1.6875,0,1,0,0,1,3,0,0,0,0,0,1,0,9.903487,0,6.093101,0,0,0,20,1603,16,79,0
0,0,30,0,4,0,0,0,1,0,1.7,0,1,0,0,1,0,0,1,0,0,0,0,1,0,1,4.159452,0,0,0,20,1603,16,80,0
0,2,33,0,4,0,0,1,0,0,1.7,0,1,0,0,1,4,0,0,0,0,1,0,0,9.510445,0,5.825603,0,0,0,20,1603,16,81,0
0,0,32,0,4,0,1,0,1,0,1.7,0,1,0,0,1,4,0,0,0,1,0,0,0,0,1,5.825603,0,0,0,20,1603,16,82,0
0,0,32,0,4,0,0,0,1,0,1.7,0,1,0,0,1,0,0,1,0,0,0,0,1,8.853665,0,4.159452,0,0,0,20,1603,16,83,0
0,0,28,0,4,0,0,0,1,0,1.65,0,1,0,0,1,4,0,0,0,0,0,0,1,0,1,4.159452,0,0,0,24,1711,8,39,0
1,0,24,0,4,0,0,0,1,0,1.575,0,1,0,0,1,1,0,0,0,0,0,0,1,0,1,0,1,0,0,24,1711,8,44,0
1,0,29,0,4,0,0,0,1,0,1.625,0,1,0,0,1,4,0,0,0,0,0,0,1,7.438384,0,0,1,0,0,24,1711,8,52,0
0,0,33,0,4,0,0,0,1,0,1.675,0,1,0,0,1,0,0,1,0,0,0,1,0,0,1,0,1,0,0,24,1711,8,62,0
0,0,33,0,4,0,0,0,1,0,1.625,0,1,0,0,1,2,0,0,0,0,0,0,1,0,1,4.159452,0,0,0,24,1711,8,80,0
1,0,39,0,4,0,0,0,1,0,1.675,0,1,0,0,1,4,0,0,0,0,0,0,1,0,1,0,1,0,0,87,1711,8,86,1
0,0,35,0,4,0,0,0,1,0,1.775,0,1,0,0,1,0,0,1,0,0,0,0,1,0,1,0,1,0,1,20,1711,11,1,0
0,0,28,0,4,0,0,0,1,0,1.7,0,1,0,0,1,4,0,0,0,0,0,0,1,0,1,4.710353,0,0,0,20,1711,11,2,0
0,0,35,0,4,0,0,0,1,0,1.65,0,1,0,0,1,4,0,0,0,0,0,0,1,0,1,4.159452,0,0,0,20,1711,11,3,0
0,0,33,0,4,0,0,0,1,0,1.625,0,1,0,0,1,4,0,0,0,0,0,0,1,8.987197,0,4.644341,0,0,0,20,1711,11,4,0
1,2,30,0,4,0,0,1,0,0,1.6,0,1,0,0,1,0,0,1,0,0,0,0,1,0,1,0,1,0,0,20,1711,11,5,0
0,2,30,0,4,0,0,1,0,0,1.6625,0,1,0,0,1,5,0,0,0,0,1,0,0,0,1,5.50987,0,0,1,20,1711,11,6,0
0,0,28,0,4,0,0,0,1,0,1.6125,0,1,0,0,1,4,0,0,0,0,0,0,1,0,1,4.159452,0,0,0,20,1711,11,7,0
0,2,37,2,4,0,0,1,0,0,1.6,0,0,0,1,0,4,0,0,0,1,0,0,0,0,1,0,1,0,0,20,1711,11,8,0
0,0,33,0,4,0,1,0,1,0,1.625,0,1,0,0,1,4,0,0,0,0,0,0,1,0,1,5.40345,0,0,0,20,1711,11,9,0
1,2,31,0,4,0,0,1,0,0,1.7,0,1,0,0,1,5,0,0,1,0,1,0,0,9.21034,0,5.50987,0,0,0,20,1711,11,11,0
0,0,33,0,4,0,1,0,1,0,1.725,0,1,0,0,1,5,0,0,0,0,1,0,0,0,1,0,1,0,0,20,1711,11,12,0
1,0,26,0,4,0,0,0,1,0,1.6,0,1,0,0,1,0,0,1,0,0,0,0,1,0,1,6.093101,0,0,0,20,1711,11,13,0
1,0,51,0,4,0,0,0,1,0,1.675,0,1,0,0,1,4,0,0,0,0,0,0,1,0,1,4.159452,0,0,0,20,1711,11,14,0
1,0,31,0,4,0,0,0,1,0,1.7,0,1,0,0,1,0,0,1,0,0,0,0,1,9.10498,0,0,1,0,0,20,1711,11,15,0
0,0,32,0,4,0,1,0,1,0,1.825,0,1,0,0,1,2,0,0,0,0,0,0,1,0,1,4.710353,0,0,0,20,1711,11,16,0
0,0,31,0,4,0,1,0,1,0,1.6,0,1,0,0,1,4,0,0,0,0,0,0,1,0,1,4.159452,0,0,1,20,1711,11,17,0
0,0,31,0,4,0,1,0,1,0,0,1,1,0,0,1,6,0,0,0,0,1,0,0,9.798127,0,6.093101,0,0,1,20,1711,11,18,0
1,0,33,0,4,0,0,0,1,0,0,1,1,0,0,1,4,0,0,0,0,0,0,1,0,1,4.159452,0,0,0,20,1711,11,19,0
1,0,28,0,4,0,0,0,1,0,1.65,0,1,0,0,1,4,0,0,0,0,0,0,1,0,1,0,1,0,0,20,1711,11,20,0
0,0,30,0,4,0,0,0,1,0,1.65,0,1,0,0,1,4,0,0,0,0,0,0,1,8.699514,0,5.40345,0,0,0,20,1711,11,21,0
0,0,28,0,4,0,1,0,1,0,1.725,0,1,0,0,1,4,0,0,0,0,0,0,1,0,1,4.159452,0,0,1,20,1711,11,22,0
0,0,33,0,4,0,0,0,1,0,1.675,0,1,0,0,1,4,0,0,0,0,0,0,1,8.294049,0,4.159452,0,0,0,20,1711,11,23,0
0,0,28,0,4,0,1,0,1,0,1.8,0,1,0,0,1,0,0,1,0,0,0,0,1,0,1,6.093101,0,0,0,20,1711,11,24,0
0,0,30,0,4,0,1,0,1,0,0,1,1,0,0,1,2,0,0,0,0,0,0,1,0,1,4.159452,0,0,0,20,1711,11,25,0
0,2,33,2,4,0,0,1,0,0,1.65,0,0,0,0,1,4,0,0,0,1,0,0,0,9.10498,0,5.327161,0,0,0,20,1711,11,26,0
1,0,30,0,4,0,0,0,1,0,1.5,0,1,0,0,1,5,0,0,0,0,0,0,1,0,1,5.447579,0,0,0,20,1711,11,27,0
0,4,32,0,4,0,0,0,0,0,1.75,0,1,0,0,1,5,0,0,0,0,0,0,1,0,1,5.50987,0,0,0,20,1711,11,28,0
0,2,29,2,4,0,0,1,0,0,1.6375,0,0,0,0,1,0,0,1,0,0,0,0,1,0,1,6.176106,0,0,0,20,1711,11,29,0
1,0,34,0,4,0,0,0,1,0,1.825,0,1,0,0,1,4,0,0,0,0,0,0,1,0,1,6.176106,0,0,0,20,1711,11,30,0
1,0,27,0,4,0,0,0,1,0,1.75,0,1,0,0,1,5,0,0,0,0,1,0,0,0,1,6.093101,0,0,0,20,1711,11,31,0
0,6,39,0,4,0,0,0,0,0,1.775,0,1,0,0,1,5,0,0,0,0,1,0,0,0,1,0,1,0,0,20,1711,11,32,0
0,2,30,0,4,0,0,1,0,0,1.65,0,1,0,0,1,6,0,0,0,1,1,0,0,0,1,6.093101,0,0,0,20,1711,11,33,0
0,0,27,2,4,0,1,0,1,0,1.55,0,0,0,1,0,6,0,0,0,1,0,0,0,0,1,0,1,0,0,20,1711,11,34,0
1,2,29,1,4,0,0,1,0,0,1.625,0,0,0,0,1,6,0,0,0,0,1,0,0,0,1,0,1,0,0,20,1711,11,35,0
0,0,32,2,4,0,0,0,1,0,1.8,0,0,0,1,0,3,0,0,0,0,0,0,1,0,1,5.794884,0,0,0,20,1711,11,36,0
0,0,28,2,4,0,1,0,1,0,1.675,0,0,0,0,1,4,0,0,0,0,0,0,1,0,1,5.825603,0,0,0,21,1711,11,37,0
0,4,28,0,4,0,1,0,0,0,1.75,0,1,0,0,1,0,0,1,0,0,0,0,1,0,1,6.093101,0,0,0,20,1711,11,38,0
0,3,27,0,4,0,0,0,0,0,1.875,0,1,0,0,1,0,0,1,0,0,0,0,1,0,1,5.825603,0,0,0,20,1711,11,39,0
1,0,28,0,4,0,0,0,1,0,1.75,0,1,0,0,1,0,0,1,0,0,0,0,1,0,1,0,1,0,0,20,1711,11,40,0
1,0,30,0,4,0,0,0,1,0,1.7,0,1,0,0,1,4,0,0,0,0,0,0,1,0,1,5.049275,0,0,0,20,1711,11,41,0
0,0,30,0,4,0,0,0,1,0,1.575,0,1,0,0,1,6,0,0,0,1,0,0,0,0,1,4.159452,0,0,1,20,1711,11,42,0
1,6,28,0,4,0,0,0,0,0,1.65,0,1,0,0,1,5,0,0,0,0,1,0,0,0,1,6.093101,0,0,1,20,1711,11,43,0
0,5,28,0,4,0,0,0,0,0,1.69,0,1,0,0,1,5,0,0,0,0,1,0,0,0,1,0,1,0,0,20,1711,11,44,0
0,0,28,0,4,0,0,0,1,0,1.7,0,1,0,0,1,6,0,0,0,1,1,0,0,0,1,0,1,0,0,20,1711,11,45,0
0,5,38,0,4,0,0,0,0,0,1.65,0,1,0,0,1,4,0,0,0,0,0,0,1,0,1,5.825603,0,0,0,20,1711,11,46,0
1,4,27,0,4,0,0,0,0,0,1.8,0,1,0,0,1,5,0,0,0,0,1,0,0,0,1,0,1,0,0,20,1711,11,47,0
0,0,30,2,4,0,1,0,1,0,1.8,0,0,0,1,0,5,0,0,0,0,1,0,0,0,1,6.176106,0,0,0,20,1711,11,48,0
0,0,32,0,4,0,0,0,1,0,1.7,0,1,0,0,1,4,0,0,0,0,0,0,1,0,1,5.447579,0,0,0,20,1711,15,3,0
0,2,28,0,4,0,1,1,0,0,1.8,0,1,0,0,1,6,0,0,0,1,1,0,0,0,1,6.093101,0,0,0,20,1711,15,4,0
0,2,37,0,4,0,1,1,0,0,1.67,0,1,0,0,1,3,0,0,0,0,1,0,0,10.81978,0,6.093101,0,0,0,20,1711,15,5,0
0,2,34,0,4,0,0,1,0,0,1.675,0,1,0,0,1,3,0,0,0,0,0,0,1,0,1,5.825603,0,0,1,20,1711,15,6,0
0,0,45,0,4,0,0,0,1,0,1.65,0,1,0,0,1,4,0,0,0,0,0,0,1,9.10498,0,0,1,0,0,20,1711,15,7,0
0,0,39,0,4,0,0,0,1,0,0,1,1,0,0,1,0,0,1,0,0,0,0,1,0,1,0,1,0,0,20,1711,15,8,0
0,0,33,0,4,0,0,0,1,0,1.675,0,1,0,0,1,6,0,0,0,0,1,0,0,0,1,6.094067,0,0,0,20,1711,15,9,0
0,2,36,0,4,0,0,1,0,0,1.7,0,1,0,0,1,5,0,0,0,0,1,0,0,0,1,5.825603,0,0,0,20,1711,15,11,0
0,0,45,0,4,0,1,0,1,0,0,1,1,0,0,1,6,0,0,0,0,1,0,0,0,1,5.50987,0,0,0,20,1711,15,12,0
0,2,28,0,4,0,1,1,0,0,0,1,1,0,0,1,6,0,0,0,1,0,0,0,0,1,6.093101,0,0,0,20,1711,15,14,0
0,2,32,0,4,0,1,1,0,0,1.7,0,1,0,0,1,2,0,0,0,0,0,0,1,0,1,4.159452,0,0,0,20,1711,15,15,1
0,2,30,0,4,0,1,1,0,0,1.65,0,1,0,0,1,4,0,0,0,1,0,0,0,0,1,4.159452,0,0,0,20,1711,15,15,1
0,0,34,0,4,0,0,0,1,0,1.575,0,1,0,0,1,4,0,0,0,1,0,0,0,9.392662,0,4.159452,0,0,1,20,1711,15,16,0
0,0,35,0,4,0,0,0,1,0,1.625,0,1,0,0,1,0,0,1,0,0,0,1,0,8.853665,0,4.159452,0,0,0,20,1711,15,17,0
0,2,29,0,4,0,0,1,0,0,1.675,0,1,0,0,1,4,0,0,0,1,0,0,0,0,1,0,1,0,0,20,1711,15,18,0
0,0,29,0,4,0,0,0,1,0,1.6875,0,1,0,0,1,5,0,0,0,0,0,0,1,0,1,5.50987,0,1,0,20,1711,15,19,0
0,0,27,0,4,0,0,0,1,0,1.675,0,1,0,0,1,5,0,0,0,0,0,0,1,0,1,6.093101,0,0,0,20,1711,15,20,0
0,2,29,0,4,0,0,1,0,0,1.625,0,1,0,0,1,0,0,1,0,0,0,0,1,0,1,0,1,0,0,20,1711,15,21,0
0,2,28,0,4,0,1,1,0,0,1.65,0,1,0,0,1,4,0,0,1,0,0,0,0,9.721166,0,4.159452,0,0,0,20,1711,15,22,0
0,0,36,0,4,0,0,0,1,0,1.525,0,1,0,0,1,4,0,0,0,0,0,0,1,9.944309,0,5.308418,0,0,0,20,1711,15,23,0
0,0,29,0,4,0,0,0,1,0,1.8375,0,1,0,0,1,6,0,0,0,0,0,0,1,0,1,5.40345,0,0,0,20,1711,15,24,0
0,5,30,0,4,0,1,0,0,0,1.625,0,1,0,0,1,0,0,1,0,0,0,0,1,0,1,6.093101,0,0,0,20,1711,15,25,0
0,0,29,0,4,0,0,0,1,0,1.65,0,1,0,0,1,0,0,1,0,0,0,0,1,0,1,5.50987,0,0,0,20,1711,15,26,0
0,0,30,0,4,0,1,0,1,0,1.625,0,1,0,0,1,3,0,0,0,0,0,0,1,9.21034,0,0,1,0,0,20,1711,15,27,0
0,0,29,0,4,0,0,0,1,0,1.675,0,1,0,0,1,4,0,0,0,0,0,0,1,10.4631,0,4.159452,0,0,0,20,1711,15,28,0
0,0,27,0,4,0,0,0,1,0,1.675,0,1,0,0,1,0,0,1,0,0,0,0,1,0,1,0,1,0,0,20,1711,15,29,0
0,0,61,0,4,0,0,0,1,0,0,1,1,0,0,1,0,0,1,0,0,0,0,1,0,1,0,1,0,0,20,1711,15,30,0
0,2,30,0,4,0,0,1,0,0,1.625,0,1,0,0,1,2,0,0,0,0,0,0,1,0,1,4.159452,0,0,1,20,1711,15,31,0
0,0,32,0,4,0,1,0,1,0,1.725,0,1,0,0,1,4,0,0,0,0,0,0,1,0,1,4.159452,0,0,1,20,1711,15,32,0
0,0,30,0,4,0,0,0,1,0,1.5,0,1,0,0,1,0,0,1,0,0,0,1,0,0,1,6.093101,0,0,0,20,1711,15,33,0
0,0,34,0,4,0,0,0,1,0,1.575,0,1,0,0,1,4,0,0,1,0,0,0,0,0,1,5.50987,0,0,0,20,1711,15,34,0
1,2,0,0,4,0,0,1,0,1,0,1,1,0,0,1,5,0,0,0,0,1,0,0,0,1,5.825603,0,0,1,20,1711,15,35,0
0,0,25,0,4,0,0,0,1,0,1.775,0,1,0,0,1,4,0,0,0,0,0,0,1,0,1,4.159452,0,0,0,20,1711,15,36,0
1,3,32,0,4,0,0,0,0,0,1.7,0,1,0,0,1,6,0,0,0,1,1,0,0,0,1,0,1,0,0,20,1711,15,37,0
0,0,45,0,4,0,0,0,1,0,1.65,0,1,0,0,1,0,0,1,0,0,0,0,1,0,1,4.159452,0,0,0,20,1711,15,38,0
0,2,29,0,4,0,0,1,0,0,1.625,0,1,0,0,1,5,0,0,0,0,1,0,0,9.159047,0,4.710353,0,0,0,20,1711,15,39,0
1,0,28,0,4,0,0,0,1,0,1.625,0,1,0,0,1,4,0,0,0,0,0,0,1,9.615806,0,5.459123,0,0,0,20,1711,15,40,0
0,0,30,0,4,0,0,0,1,0,1.675,0,1,0,0,1,5,0,0,0,0,1,0,0,0,1,0,1,0,0,20,1711,15,41,0
1,2,37,0,4,0,0,1,0,0,1.65,0,1,0,0,1,4,0,0,0,0,1,0,0,0,1,4.159452,0,0,0,20,1711,15,42,0
0,0,31,0,4,0,0,0,1,0,1.65,0,1,0,0,1,6,0,0,0,0,1,0,0,0,1,6.094067,0,0,0,20,1711,15,43,0
1,6,28,0,4,0,0,0,0,0,1.525,0,1,0,0,1,0,0,1,0,0,0,0,1,0,1,0,1,1,0,20,1711,15,44,0
0,0,36,0,4,0,0,0,1,0,1.625,0,1,0,0,1,4,0,0,0,0,0,0,1,0,1,5.825603,0,0,0,20,1711,15,45,0
0,2,30,0,4,0,0,1,0,0,1.725,0,1,0,0,1,4,0,0,0,1,0,0,0,0,1,4.159452,0,0,0,20,1711,15,46,0
0,0,30,0,4,0,0,0,1,0,1.675,0,1,0,0,1,4,0,0,0,0,0,0,1,0,1,5.447579,0,0,0,20,1711,15,48,0
0,2,31,0,4,0,0,1,0,0,1.525,0,1,0,0,1,5,0,0,0,0,1,0,0,0,1,6.093101,0,0,1,20,1711,15,49,0
1,2,0,0,4,0,0,1,0,1,1.725,0,1,0,0,1,0,0,1,0,0,0,0,1,0,1,5.049275,0,0,0,20,1711,15,50,0
0,0,32,0,4,0,0,0,1,0,1.6,0,1,0,0,1,4,0,0,0,0,0,0,1,8.987197,0,4.159452,0,0,0,20,1711,15,51,0
1,0,29,0,4,0,0,0,1,0,1.6,0,1,0,0,1,4,0,0,0,0,1,0,0,0,1,5.447579,0,0,0,20,1711,15,52,0
1,2,30,0,4,0,0,1,0,0,1.725,0,1,0,0,1,5,0,0,0,0,1,0,0,0,1,5.794884,0,0,0,20,1711,15,53,0
0,0,35,0,4,0,1,0,1,0,1.6,0,1,0,0,1,0,0,1,0,0,0,0,1,0,1,5.447579,0,0,0,20,1711,15,54,0
0,0,34,0,4,0,1,0,1,0,1.6,0,1,0,0,1,6,0,0,0,1,0,0,0,10.30895,0,6.093101,0,0,0,20,1711,15,55,0
0,2,38,0,4,0,1,1,0,0,0,1,1,0,0,1,4,0,0,1,0,0,0,0,8.294049,0,4.159452,0,0,0,20,1711,15,56,0
1,0,31,0,4,0,0,0,1,0,1.575,0,1,0,0,1,0,0,1,0,0,0,1,0,9.21034,0,5.308418,0,0,0,20,1711,15,57,0
0,0,30,0,4,0,0,0,1,0,1.7,0,1,0,0,1,5,0,0,0,0,1,0,0,0,1,5.049275,0,0,0,20,1711,15,58,0
0,0,37,0,4,0,0,0,1,0,1.575,0,1,0,0,1,4,0,0,0,0,0,0,1,0,1,0,1,0,0,20,1711,15,59,0
0,2,35,0,4,0,0,1,0,0,0,1,1,0,0,1,0,0,1,0,0,0,0,1,0,1,4.159452,0,0,0,20,1711,15,60,0
1,0,29,0,4,0,0,0,1,0,1.725,0,1,0,0,1,6,0,0,0,0,1,0,0,0,1,0,1,1,0,20,1711,15,61,0
0,2,26,0,4,0,0,1,0,0,0,1,1,0,0,1,6,0,0,0,0,1,0,0,0,1,6.094067,0,0,0,20,1711,15,62,0
1,0,29,0,4,0,0,0,1,0,1.625,0,1,0,0,1,5,0,0,0,0,1,0,0,0,1,0,1,0,0,20,1711,15,63,0
0,0,37,0,4,0,1,0,1,0,0,1,1,0,0,1,0,0,1,0,0,0,1,0,0,1,5.50987,0,0,0,20,1711,15,64,0
0,0,30,0,4,0,1,0,1,0,0,1,1,0,0,1,6,0,0,0,0,0,0,1,0,1,5.825603,0,0,1,20,1711,15,65,0
0,0,30,0,4,0,0,0,1,0,1.725,0,1,0,0,1,4,0,0,0,0,0,0,1,8.411833,0,0,1,0,0,20,1711,15,66,0
0,0,27,0,4,0,0,0,1,0,1.65,0,1,0,0,1,0,0,1,0,0,0,1,0,9.10498,0,5.447579,0,0,0,20,1711,15,67,0
0,4,27,0,4,0,1,0,0,0,1.7,0,1,0,0,1,4,0,0,0,0,0,0,1,9.998797,0,0,1,0,0,20,1711,15,68,0
0,2,31,0,4,0,0,1,0,0,1.65,0,1,0,0,1,4,0,0,0,0,0,0,1,8.517193,0,0,1,0,0,20,1711,15,69,0
0,0,31,0,4,0,0,0,1,0,1.575,0,1,0,0,1,4,0,0,0,0,0,0,1,0,1,6.093101,0,0,0,20,1711,15,70,0
0,0,34,0,4,0,0,0,1,0,1.675,0,1,0,0,1,2,0,0,0,0,0,0,1,9.615806,0,4.159452,0,0,0,20,1711,15,71,0
1,0,31,0,4,0,0,0,1,0,0,1,1,0,0,1,0,0,1,0,0,0,0,1,0,1,4.159452,0,0,0,20,1711,15,72,0
0,0,31,0,4,0,0,0,1,0,1.6,0,1,0,0,1,4,0,0,0,1,0,0,0,9.21034,0,5.447579,0,0,0,20,1711,15,73,0
0,2,42,0,4,0,1,1,0,0,1.65,0,1,0,0,1,4,0,0,0,0,0,0,1,0,1,4.159452,0,0,0,20,1711,15,74,0
0,0,29,0,4,0,0,0,1,0,0,1,1,0,0,1,0,0,1,0,0,0,0,1,0,1,0,1,0,0,20,1711,15,75,0
0,2,32,0,4,0,0,1,0,0,1.675,0,1,0,0,1,5,0,0,0,0,1,0,0,0,1,4.159452,0,0,0,20,1711,15,76,0
0,0,25,0,4,0,1,0,1,0,1.7,0,1,0,0,1,5,0,0,0,0,1,0,0,0,1,0,1,0,0,20,1711,15,77,0
0,0,27,0,4,0,0,0,1,0,1.7,0,1,0,0,1,3,0,0,0,0,0,0,1,8.699514,0,0,1,1,0,20,1711,15,78,0
0,6,27,0,4,0,1,0,0,0,1.62,0,1,0,0,1,3,0,0,0,0,0,0,1,0,1,0,1,0,0,20,1711,15,79,0
0,2,29,0,4,0,0,1,0,0,1.675,0,1,0,0,1,4,0,0,1,0,0,0,0,0,1,5.825603,0,0,0,20,1711,15,80,0
1,0,33,0,4,0,0,0,1,0,1.55,0,1,0,0,1,4,0,0,0,0,0,0,1,0,1,5.447579,0,0,1,20,1711,15,81,0
1,5,39,0,4,0,0,0,0,0,1.65,0,1,0,0,1,0,0,1,0,0,0,0,1,0,1,0,1,0,0,20,1711,15,82,0
0,0,29,0,4,0,0,0,1,0,1.675,0,1,0,0,1,2,0,0,0,0,0,0,1,0,1,4.159452,0,0,0,20,1711,15,83,0
1,0,42,0,4,0,0,0,1,0,1.55,0,1,0,0,1,2,0,0,0,0,0,0,1,8.987197,0,5.447579,0,0,0,20,1711,15,84,0
0,0,32,0,4,0,0,0,1,0,1.625,0,1,0,0,1,0,0,1,0,0,0,0,1,9.21034,0,6.093101,0,0,0,20,1711,15,85,0
1,0,28,0,4,0,0,0,1,0,1.725,0,1,0,0,1,6,0,0,0,1,0,0,0,8.853665,0,0,1,0,0,20,1711,15,86,0
0,2,33,0,4,0,0,1,0,0,1.65,0,1,0,0,1,4,0,0,1,0,1,0,0,8.612503,0,4.159452,0,0,0,20,1711,15,87,0
0,2,33,0,4,0,1,1,0,0,1.725,0,1,0,0,1,6,0,0,0,0,0,0,1,10.12663,0,5.825603,0,0,1,20,1901,4,95,0
0,0,39,0,4,0,1,0,1,0,1.7,0,1,0,0,1,4,0,0,0,0,1,0,0,9.615806,0,5.825603,0,0,0,24,1901,11,148,0
0,3,27,0,4,0,1,0,0,0,1.75,0,1,0,0,1,5,0,0,0,0,0,0,1,0,1,5.825603,0,0,1,24,1901,11,177,0
0,0,35,0,4,0,0,0,1,0,1.6,0,1,0,0,1,4,0,0,0,1,0,0,0,0,1,0,1,0,0,24,1901,11,198,1
0,6,25,0,4,0,1,0,0,0,1.625,0,1,0,0,1,5,0,0,0,0,1,0,0,12.20607,0,5.794884,0,0,1,24,1901,11,199,1
0,0,40,0,4,0,0,0,1,0,1.625,0,1,0,0,1,4,0,0,0,0,1,0,0,0,1,5.50987,0,0,0,20,1901,11,200,1
0,0,37,0,4,0,0,0,1,0,1.6,0,1,0,0,1,0,0,1,0,0,1,0,0,0,1,4.159452,0,0,0,20,1901,11,200,1
0,0,34,0,4,0,0,0,1,0,1.65,0,1,0,0,1,4,0,0,0,0,1,0,0,9.392662,0,4.159452,0,0,0,20,1901,14,100,0
0,2,26,0,4,0,0,1,0,0,1.6,0,1,0,0,1,1,0,0,0,0,0,0,1,0,1,4.159452,0,0,0,20,1901,14,102,0
1,0,31,0,4,0,0,0,1,0,1.575,0,1,0,0,1,1,0,0,0,0,0,0,1,8.699514,0,0,1,0,0,20,1901,14,103,0
1,0,52,0,4,0,0,0,1,0,0,1,1,0,0,1,0,0,1,0,0,0,0,1,0,1,5.825603,0,0,0,20,1901,14,104,0
1,0,51,0,4,0,0,0,1,0,1.7,0,1,0,0,1,0,0,1,0,0,0,0,1,0,1,0,1,0,0,20,1901,14,105,0
0,0,29,0,4,0,1,0,1,0,1.7,0,1,0,0,1,4,0,0,1,0,0,0,0,0,1,4.159452,0,0,0,20,1901,14,106,0
0,0,34,0,4,0,0,0,1,0,1.675,0,1,0,0,1,4,0,0,0,1,0,0,0,9.392662,0,5.825603,0,0,0,20,1901,14,107,0
0,2,33,0,4,0,0,1,0,0,1.65,0,1,0,0,1,4,0,0,0,1,0,0,0,0,1,4.159452,0,0,0,20,1901,14,108,0
1,0,24,0,4,0,0,0,1,0,1.8,0,1,0,0,1,5,0,0,0,0,1,0,0,0,1,0,1,0,0,20,1901,14,109,0
1,0,34,0,4,0,0,0,1,0,1.725,0,1,0,0,1,4,0,0,0,1,0,0,0,0,1,4.159452,0,0,0,20,1901,14,110,0
1,0,32,0,4,0,0,0,1,0,1.7,0,1,0,0,1,5,0,0,1,0,0,0,0,0,1,0,1,0,0,20,1901,14,111,0
0,0,28,0,4,0,0,0,1,0,1.725,0,1,0,0,1,4,0,0,0,1,0,0,0,0,1,4.159452,0,0,0,20,1901,14,112,0
1,0,28,0,4,0,0,0,1,0,1.675,0,1,0,0,1,4,0,0,0,0,1,0,0,0,1,5.50987,0,0,0,20,1901,14,113,0
0,0,30,0,4,0,1,0,1,0,1.72,0,1,0,0,1,6,0,0,0,1,1,0,0,13.12236,0,5.794884,0,0,0,20,1901,14,114,0
0,0,37,0,4,0,1,0,1,0,0,1,1,0,0,1,0,0,1,0,0,0,0,1,0,1,4.710353,0,0,0,20,1901,14,115,0
0,0,29,0,4,0,0,0,1,0,1.65,0,1,0,0,1,2,0,0,0,0,0,0,1,0,1,4.159452,0,0,0,20,1901,14,116,0
0,0,30,0,4,0,0,0,1,0,1.625,0,1,0,0,1,4,0,0,0,1,0,0,0,0,1,0,1,0,0,20,1901,14,117,0
0,0,32,0,4,0,1,0,1,0,1.725,0,1,0,0,1,4,0,0,0,1,0,0,0,8.853665,0,4.877626,0,0,0,20,1901,14,118,0
1,0,38,0,4,0,0,0,1,0,1.675,0,1,0,0,1,6,0,0,0,0,0,0,1,0,1,0,1,0,0,20,1901,14,119,0
0,0,32,0,4,0,0,0,1,0,1.65,0,1,0,0,1,0,0,1,0,0,0,0,1,9.472705,0,4.91469,0,0,0,20,1901,14,120,0
0,2,28,0,4,0,0,1,0,0,1.8,0,1,0,0,1,4,0,0,0,0,1,0,0,0,1,4.159452,0,0,0,20,1901,14,121,0
0,0,32,0,4,0,0,0,1,0,1.775,0,1,0,0,1,6,0,0,0,1,0,0,0,0,1,5.794884,0,0,0,20,1901,14,122,0
0,0,35,0,4,0,0,0,1,0,1.625,0,1,0,0,1,2,0,0,0,0,0,0,1,9.10498,0,5.825603,0,0,0,20,1901,14,39,0
0,0,27,0,4,0,0,0,1,0,1.725,0,1,0,0,1,3,0,0,0,0,1,0,0,0,1,4.91469,0,0,0,20,1901,14,40,0
0,0,30,0,4,0,0,0,1,0,1.7,0,1,0,0,1,5,0,0,0,0,1,0,0,0,1,0,1,0,0,20,1901,14,41,0
0,0,31,0,4,0,0,0,1,0,1.625,0,1,0,0,1,0,0,1,0,0,0,0,1,0,1,4.159452,0,0,1,20,1901,14,42,0
0,0,32,0,4,0,0,0,1,0,1.7,0,1,0,0,1,6,0,0,0,0,1,0,0,9.21034,0,5.825603,0,0,1,20,1901,14,43,0
0,0,31,0,4,0,0,0,1,0,1.53,0,1,0,0,1,5,0,0,0,0,1,0,0,0,1,5.825603,0,0,1,20,1901,14,44,0
0,0,30,0,4,0,0,0,1,0,1.625,0,1,0,0,1,1,0,0,0,0,0,0,1,0,1,4.159452,0,0,1,20,1901,14,45,0
0,0,30,0,4,0,0,0,1,0,1.7,0,1,0,0,1,4,0,0,0,0,0,0,1,0,1,0,1,0,1,20,1901,14,46,0
0,0,32,0,4,0,1,0,1,0,1.65,0,1,0,0,1,3,0,0,0,0,0,0,1,0,1,4.159452,0,0,1,20,1901,14,47,0
0,0,34,0,4,0,0,0,1,0,1.675,0,1,0,0,1,4,0,0,0,1,0,0,0,0,1,4.159452,0,0,0,20,1901,14,48,0
1,0,27,0,4,0,0,0,1,0,1.55,0,1,0,0,1,5,0,0,0,0,1,0,0,0,1,5.794884,0,0,0,20,1901,14,49,0
0,0,38,0,4,0,0,0,1,0,1.65,0,1,0,0,1,4,0,0,0,1,0,0,0,0,1,4.159452,0,0,0,20,1901,14,50,0
0,0,28,0,4,0,1,0,1,0,1.725,0,1,0,0,1,4,0,0,0,1,0,0,0,0,1,0,1,0,0,20,1901,14,51,0
0,2,30,0,4,0,1,1,0,0,1.65,0,1,0,0,1,4,0,0,0,1,0,0,0,0,1,0,1,0,0,20,1901,14,52,0
0,2,35,0,4,0,1,1,0,0,0,1,1,0,0,1,0,0,1,0,0,0,0,1,0,1,5.404466,0,0,0,20,1901,14,53,0
0,0,31,0,4,0,0,0,1,0,1.65,0,1,0,0,1,4,0,0,0,1,0,0,0,0,1,6.093101,0,0,0,20,1901,14,54,0
0,0,33,0,4,0,1,0,1,0,1.675,0,1,0,0,1,4,0,0,0,0,1,0,0,9.392662,0,6.093101,0,0,0,20,1901,14,55,0
1,0,29,0,4,0,0,0,1,0,1.75,0,1,0,0,1,0,0,1,0,0,0,0,1,0,1,0,1,0,0,20,1901,14,56,0
0,0,26,0,4,0,1,0,1,0,1.775,0,1,0,0,1,4,0,0,0,1,0,0,0,0,1,4.159452,0,0,0,20,1901,14,57,0
1,0,31,0,4,0,0,0,1,0,1.675,0,1,0,0,1,4,0,0,0,0,0,0,1,0,1,4.159452,0,0,0,20,1901,14,58,0
0,0,34,0,4,0,0,0,1,0,1.675,0,1,0,0,1,0,0,1,0,0,0,0,1,10.12663,0,0,1,0,0,20,1901,14,59,0
0,4,30,0,4,0,0,0,0,0,1.65,0,1,0,0,1,4,0,0,0,1,0,0,0,0,1,4.159452,0,0,0,20,1901,14,60,0
1,0,28,0,4,0,0,0,1,0,1.575,0,1,0,0,1,4,0,0,0,0,1,0,0,0,1,0,1,0,1,20,1901,14,61,0
1,2,32,0,4,0,0,1,0,0,1.55,0,1,0,0,1,5,0,0,0,0,1,0,0,0,1,4.159452,0,0,0,20,1901,14,62,0
0,2,37,0,4,0,0,1,0,0,1.65,0,1,0,0,1,4,0,0,0,0,1,0,0,0,1,4.159452,0,0,1,20,1901,14,63,0
0,0,32,0,4,0,1,0,1,0,1.65,0,1,0,0,1,0,0,1,0,0,1,0,0,0,1,5.794884,0,0,0,20,1901,14,64,0
0,0,35,0,4,0,0,0,1,0,1.625,0,1,0,0,1,2,0,0,0,0,0,0,1,0,1,4.159452,0,0,0,20,1901,14,65,0
0,0,35,0,4,0,0,0,1,0,1.65,0,1,0,0,1,2,0,0,0,0,0,0,1,0,1,4.159452,0,0,0,20,1901,14,66,0
0,2,40,0,4,0,0,1,0,0,0,1,1,0,0,1,4,0,0,0,1,0,0,0,0,1,5.825603,0,0,0,20,1901,14,67,0
0,0,35,0,4,0,0,0,1,0,1.525,0,1,0,0,1,5,0,0,0,0,1,0,0,9.798127,0,0,1,0,1,20,1901,14,68,1
0,0,35,0,4,0,0,0,1,0,1.525,0,1,0,0,1,4,0,0,1,0,0,0,0,8.987197,0,4.91469,0,0,1,20,1901,14,68,1
0,0,24,0,4,0,0,0,1,0,1.6,0,1,0,0,1,4,0,0,0,0,1,0,0,0,1,0,1,0,0,20,1901,14,69,0
0,2,31,0,4,0,1,1,0,0,1.7,0,1,0,0,1,6,0,0,0,0,1,0,0,0,1,6.093101,0,0,0,20,1901,14,70,0
0,4,0,0,4,0,0,0,0,1,0,1,1,0,0,1,6,0,0,0,0,1,0,0,0,1,6.094067,0,0,0,20,1901,14,71,0
0,0,33,0,4,0,0,0,1,0,1.575,0,1,0,0,1,4,0,0,0,0,1,0,0,0,1,4.91469,0,0,0,20,1901,14,72,0
0,0,36,0,4,0,0,0,1,0,1.65,0,1,0,0,1,4,0,0,0,0,0,0,1,0,1,4.91469,0,0,0,20,1901,14,73,0
0,0,30,0,4,0,0,0,1,0,1.65,0,1,0,0,1,4,0,0,0,0,1,0,0,0,1,0,1,0,0,20,1901,14,74,0
0,0,37,0,4,0,0,0,1,0,0,1,1,0,0,1,6,0,0,0,1,0,0,0,0,1,0,1,0,0,20,1901,14,75,0
0,5,32,0,4,0,0,0,0,0,1.625,0,1,0,0,1,3,0,0,0,0,0,1,0,0,1,0,1,0,0,20,1901,14,76,0
0,0,43,0,4,0,1,0,1,0,1.625,0,1,0,0,1,6,0,0,0,0,1,0,0,0,1,5.50987,0,0,1,20,1901,14,77,0
0,2,0,0,4,0,1,1,0,1,0,1,1,0,0,1,5,0,0,1,0,0,0,0,9.392662,0,0,1,0,1,20,1901,14,78,0
0,0,35,0,4,0,0,0,1,0,1.725,0,1,0,0,1,4,0,0,0,1,0,0,0,0,1,4.159452,0,0,0,20,1901,14,80,0
0,0,38,0,4,0,0,0,1,0,1.575,0,1,0,0,1,4,0,0,0,0,0,0,1,9.10498,0,0,1,0,1,20,1901,14,81,0
0,2,37,0,4,0,0,1,0,0,1.6,0,1,0,0,1,0,0,1,0,0,0,0,1,0,1,4.159452,0,0,0,20,1901,14,82,0
0,0,31,0,4,0,0,0,1,0,0,1,1,0,0,1,6,0,0,0,1,1,0,0,9.723164,0,5.825603,0,0,1,20,1901,14,83,0
0,0,30,0,4,0,0,0,1,0,1.675,0,1,0,0,1,4,0,0,0,1,0,0,0,8.853665,0,5.825603,0,0,0,20,1901,14,84,0
1,0,25,0,4,0,0,0,1,0,1.75,0,1,0,0,1,4,0,0,0,1,0,0,0,0,1,0,1,0,0,20,1901,14,85,0
0,0,31,0,4,0,1,0,1,0,0,1,1,0,0,1,6,0,0,0,1,0,0,0,9.825526,0,5.459123,0,0,1,20,1901,14,86,0
0,0,35,0,4,0,0,0,1,0,1.6,0,1,0,0,1,2,0,0,0,0,0,0,1,0,1,4.159452,0,0,0,20,1901,14,87,0
0,0,25,0,4,0,0,0,1,0,1.65,0,1,0,0,1,5,0,0,0,0,1,0,0,0,1,5.794884,0,0,0,20,1901,14,88,0
0,2,37,0,4,0,0,1,0,0,1.675,0,1,0,0,1,2,0,0,0,0,0,0,1,0,1,4.159452,0,0,0,20,1901,14,89,0
0,0,31,0,4,0,1,0,1,0,1.625,0,1,0,0,1,6,0,0,1,0,1,0,0,8.853665,0,0,1,0,0,20,1901,14,90,0
0,0,32,0,4,0,0,0,1,0,1.7,0,1,0,0,1,2,0,0,0,0,0,0,1,0,1,4.159452,0,0,0,20,1901,14,91,1
0,0,30,0,4,0,0,0,1,0,1.65,0,1,0,0,1,4,0,0,0,1,0,0,0,0,1,4.159452,0,0,0,20,1901,14,91,1
0,0,26,0,4,0,0,0,1,0,1.6,0,1,0,0,1,2,0,0,0,0,0,0,1,8.517193,0,5.825603,0,0,1,20,1901,14,92,0
0,2,40,0,4,0,0,1,0,0,1.825,0,1,0,0,1,4,0,0,0,0,1,0,0,0,1,4.159452,0,0,0,20,1901,14,93,0
0,0,32,0,4,0,0,0,1,0,1.575,0,1,0,0,1,4,0,0,1,0,0,0,0,0,1,5.825603,0,0,0,20,1901,14,94,0
0,0,32,0,4,0,0,0,1,0,1.65,0,1,0,0,1,4,0,0,0,1,0,0,0,0,1,0,1,0,0,20,1901,14,96,0
0,0,30,0,4,0,0,0,1,0,1.65,0,1,0,0,1,4,0,0,0,0,1,0,0,0,1,5.794884,0,0,0,20,1901,14,97,0
1,0,33,0,4,0,0,0,1,0,1.65,0,1,0,0,1,4,0,0,0,1,0,0,0,8.411833,0,5.50987,0,0,0,20,1901,14,98,0
0,0,30,0,4,0,0,0,1,0,1.675,0,1,0,0,1,4,0,0,0,0,1,0,0,8.865499,0,5.447579,0,0,0,20,1901,14,99,0
0,0,32,0,4,0,0,0,1,0,1.65,0,1,0,0,1,4,0,0,0,0,0,0,1,0,1,4.861118,0,0,1,24,2010,10,39,0
1,0,27,0,4,0,0,0,1,0,1.7,0,1,0,0,1,6,0,0,0,1,0,0,0,0,1,6.093101,0,0,0,20,2010,10,48,0
0,0,50,0,4,0,1,0,1,0,1.7,0,1,0,0,1,0,0,1,0,0,0,0,1,0,1,5.825603,0,0,0,20,2010,10,56,1
0,0,30,0,4,0,1,0,1,0,1.7,0,1,0,0,1,0,0,1,0,0,0,0,1,9.615806,0,6.093101,0,0,0,20,2010,11,1,0
0,0,33,0,4,0,1,0,1,0,1.65,0,1,0,0,1,4,0,0,0,0,1,0,0,0,1,5.50987,0,0,0,20,2010,11,2,0
0,0,31,0,4,0,1,0,1,0,0,1,1,0,0,1,6,0,0,0,1,0,0,0,0,1,0,1,0,1,20,2010,11,3,0
0,0,34,0,4,0,0,0,1,0,1.75,0,1,0,0,1,4,0,0,0,0,0,0,1,0,1,0,1,0,0,20,2010,11,4,0
0,0,34,0,4,0,0,0,1,0,1.6,0,1,0,0,1,4,0,0,0,1,0,0,0,0,1,4.159452,0,0,0,20,2010,11,5,0
0,0,31,0,4,0,1,0,1,0,1.675,0,1,0,0,1,0,0,1,0,1,0,0,0,0,1,4.159452,0,0,0,20,2010,11,6,0
0,4,36,0,4,0,0,0,0,0,1.675,0,1,0,0,1,5,0,0,0,1,1,0,0,0,1,4.159452,0,0,0,20,2010,11,7,0
0,0,33,0,4,0,0,0,1,0,1.675,0,1,0,0,1,4,0,0,0,0,0,0,1,0,1,6.093101,0,0,0,20,2010,11,8,0
0,0,34,0,4,0,1,0,1,0,1.6,0,1,0,0,1,5,0,0,1,0,0,0,0,9.740969,0,0,1,0,0,20,2010,11,9,0
1,0,25,0,4,0,0,0,1,0,1.65,0,1,0,0,1,0,0,1,0,0,0,0,1,0,1,6.204298,0,0,0,20,2010,11,10,0
1,0,0,0,4,0,0,0,1,1,0,1,1,0,0,1,0,0,1,0,0,0,0,1,0,1,0,1,0,0,20,2010,11,11,0
0,0,48,0,4,0,1,0,1,0,0,1,1,0,0,1,6,0,0,0,0,0,0,1,0,1,0,1,0,0,20,2010,11,12,0
1,0,32,0,4,0,0,0,1,0,1.6875,0,1,0,0,1,0,0,1,1,1,0,0,0,0,1,6.204298,0,0,0,20,2010,11,13,0
0,2,30,0,4,0,1,1,0,0,1.725,0,1,0,0,1,6,0,0,0,1,1,0,0,0,1,5.50987,0,0,1,20,2010,11,14,0
0,0,38,0,4,0,1,0,1,0,1.725,0,1,0,0,1,0,0,1,0,0,1,0,0,9.998797,0,5.794884,0,0,0,20,2010,11,15,0
0,0,33,0,4,0,0,0,1,0,1.65,0,1,0,0,1,0,0,1,0,0,0,0,1,0,1,4.159452,0,0,0,20,2010,11,16,0
0,0,28,0,4,0,1,0,1,0,1.675,0,1,0,0,1,0,0,1,0,0,0,0,1,0,1,5.50987,0,0,1,20,2010,11,17,0
0,0,31,0,4,0,1,0,1,0,1.65,0,1,0,0,1,5,0,0,0,0,1,0,0,9.546813,0,0,1,0,1,20,2010,11,18,0
0,3,30,0,4,0,0,0,0,0,0,1,1,0,0,1,0,0,1,0,0,0,0,1,0,1,4.159452,0,0,0,20,2010,11,19,0
0,0,30,0,4,0,0,0,1,0,0,1,1,0,0,1,0,0,1,0,0,0,0,1,0,1,4.159452,0,0,0,20,2010,11,21,0
0,2,31,0,4,0,1,1,0,0,1.675,0,1,0,0,1,0,0,1,0,0,1,0,0,0,1,5.825603,0,0,1,20,2010,11,22,0
0,0,29,0,4,0,0,0,1,0,1.65,0,1,0,0,1,4,0,0,0,0,1,0,0,0,1,0,1,0,0,20,2010,11,23,0
0,0,30,0,4,0,0,0,1,0,1.75,0,1,0,0,1,0,0,1,0,0,0,0,1,0,1,6.094067,0,0,0,20,2010,11,24,0
0,0,39,0,4,0,0,0,1,0,1.65,0,1,0,0,1,4,0,0,0,0,1,0,0,0,1,5.794884,0,0,0,20,2010,11,25,0
0,2,29,0,4,0,0,1,0,0,1.65,0,1,0,0,1,6,0,0,0,1,1,0,0,0,1,0,1,0,0,20,2010,11,26,0
0,0,29,0,4,0,1,0,1,0,0,1,1,0,0,1,0,0,1,0,0,0,0,1,0,1,0,1,0,0,20,2010,11,27,0
1,2,30,0,4,0,0,1,0,0,0,1,1,0,0,1,3,0,0,0,0,1,0,0,9.21034,0,0,1,0,0,20,2010,11,28,0
0,0,27,0,4,0,0,0,1,0,1.8,0,1,0,0,1,5,0,0,0,0,1,0,0,0,1,5.825603,0,0,0,20,2010,11,29,0
0,0,32,0,4,0,0,0,1,0,1.65,0,1,0,0,1,0,0,1,0,1,0,0,0,0,1,5.447579,0,0,0,20,2010,11,30,0
1,0,32,0,4,0,0,0,1,0,1.55,0,1,0,0,1,0,0,1,0,0,0,0,1,0,1,0,1,0,1,20,2010,11,31,0
0,0,29,0,4,0,0,0,1,0,1.65,0,1,0,0,1,4,0,0,0,1,0,0,0,0,1,5.447579,0,0,0,20,2010,11,32,0
1,0,29,0,4,0,0,0,1,0,1.625,0,1,0,0,1,0,0,1,0,1,0,0,0,9.21034,0,5.308418,0,0,0,20,2010,11,33,0
0,0,29,0,4,0,1,0,1,0,1.675,0,1,0,0,1,0,0,1,0,0,1,0,0,0,1,6.093101,0,0,1,20,2010,11,34,0
1,4,34,0,4,0,0,0,0,0,1.65,0,1,0,0,1,0,0,1,0,0,0,0,1,0,1,5.447579,0,0,0,20,2010,11,35,0
0,3,28,0,4,0,1,0,0,0,1.7,0,1,0,0,1,0,0,1,0,0,1,0,0,0,1,5.794884,0,0,0,20,2010,11,36,0
0,3,32,0,4,0,0,0,0,0,1.625,0,1,0,0,1,6,0,0,0,1,0,0,0,0,1,6.093101,0,0,0,20,2010,11,37,0
0,2,33,0,4,0,0,1,0,0,1.675,0,1,0,0,1,0,0,1,0,0,0,0,1,0,1,6.093101,0,0,0,20,2010,11,38,0
0,2,38,0,4,0,1,1,0,0,0,1,1,0,0,1,0,0,1,0,0,0,0,1,0,1,4.159452,0,0,0,20,2010,11,39,0
1,0,28,0,4,0,0,0,1,0,1.65,0,1,0,0,1,5,0,0,0,0,1,0,0,0,1,5.794884,0,0,0,20,2010,11,40,0
0,0,36,0,4,0,0,0,1,0,1.7,0,1,0,0,1,4,0,0,0,1,0,0,0,0,1,0,1,0,0,20,2010,11,41,0
0,0,28,0,4,0,0,0,1,0,1.75,0,1,0,0,1,4,0,0,0,0,1,0,0,9.21034,0,0,1,0,0,20,2010,11,42,0
0,5,24,0,4,0,1,0,0,0,1.675,0,1,0,0,1,0,0,1,0,0,1,0,0,0,1,6.094067,0,0,0,20,2010,12,68,0
1,0,27,0,4,0,0,0,1,0,1.62,0,1,0,0,1,5,0,0,0,0,1,0,0,0,1,5.794884,0,0,0,20,2010,12,69,0
1,2,30,0,4,0,0,1,0,0,0,1,1,0,0,1,0,0,1,0,0,0,0,1,0,1,5.447579,0,0,0,20,2010,12,70,0
0,0,31,0,4,0,0,0,1,0,0,1,1,0,0,1,2,0,0,1,0,0,0,0,0,1,4.159452,0,0,0,20,2010,12,71,0
1,0,30,0,4,0,0,0,1,0,1.75,0,1,0,0,1,6,0,0,0,1,0,0,0,8.987197,0,6.093101,0,0,1,20,2010,12,72,0
0,0,33,0,4,0,0,0,1,0,1.575,0,1,0,0,1,0,0,1,0,0,0,0,1,0,1,5.447579,0,0,0,20,2010,12,73,0
0,6,36,0,4,0,1,0,0,0,1.725,0,1,0,0,1,0,0,1,0,0,1,0,0,0,1,5.794884,0,0,0,20,2010,12,75,0
0,2,31,0,4,0,1,1,0,0,1.625,0,1,0,0,1,3,0,0,0,0,0,0,1,0,1,5.447579,0,0,0,20,2010,12,76,0
0,0,30,0,4,0,0,0,1,0,1.7,0,1,0,0,1,5,0,0,0,0,1,0,0,10.30895,0,5.794884,0,0,0,20,2010,12,77,0
0,0,37,0,4,0,0,0,1,0,1.65,0,1,0,0,1,4,0,0,1,0,1,0,0,0,1,5.50987,0,0,0,20,2010,12,78,0
0,0,43,0,4,0,1,0,1,0,1.6,0,1,0,0,1,0,0,1,0,0,1,0,0,0,1,5.794884,0,0,0,20,2010,12,79,0
0,0,34,0,4,0,0,0,1,0,1.625,0,1,0,0,1,0,0,1,0,0,0,0,1,0,1,6.093101,0,0,0,20,2010,12,80,0
0,4,40,2,4,0,0,0,0,0,1.675,0,0,0,1,0,4,0,0,0,0,1,0,0,0,1,5.327161,0,0,0,20,2010,12,81,0
0,0,27,0,4,0,1,0,1,0,1.65,0,1,0,0,1,2,0,0,0,0,0,0,1,0,1,4.159452,0,0,0,20,2010,12,82,0
0,0,31,0,4,0,0,0,1,0,1.575,0,1,0,0,1,6,0,0,0,1,1,0,0,0,1,5.794884,0,0,0,20,2010,12,83,0
0,0,29,0,4,0,0,0,1,0,1.7,0,1,0,0,1,5,0,0,0,1,0,0,0,0,1,4.159452,0,0,1,24,2010,12,84,0
0,0,29,0,4,0,0,0,1,0,1.6875,0,1,0,0,1,3,0,0,0,0,1,0,0,0,1,5.794884,0,0,1,20,2010,12,85,0
0,2,29,0,4,0,0,1,0,0,1.675,0,1,0,0,1,4,0,0,0,1,0,0,0,0,1,0,1,0,0,20,2010,11,20,0
0,0,35,0,4,0,0,0,1,0,1.775,0,1,0,0,1,4,0,0,0,1,0,0,0,10.30895,0,4.159452,0,0,0,20,2212,14,100,0
0,0,30,0,4,0,0,0,1,0,1.675,0,1,0,0,1,4,0,0,0,1,0,0,0,0,1,5.825603,0,0,0,20,2212,14,101,0
1,2,37,0,4,0,0,1,0,0,1.575,0,1,0,0,1,6,0,0,1,0,0,0,0,0,1,4.159452,0,0,0,20,2212,14,102,0
0,5,31,0,4,0,0,0,0,0,1.675,0,1,0,0,1,4,0,0,0,1,0,0,0,0,1,4.159452,0,0,0,20,2212,14,103,0
0,0,32,0,4,0,0,0,1,0,1.675,0,1,0,0,1,4,0,0,0,0,1,0,0,0,1,6.093101,0,0,0,20,2212,14,104,0
1,0,32,0,4,0,0,0,1,0,1.6,0,1,0,0,1,4,0,0,0,0,1,0,0,0,1,5.825603,0,0,0,20,2212,14,105,0
0,0,31,0,4,0,1,0,1,0,1.64,0,1,0,0,1,6,0,0,0,0,1,0,0,0,1,5.50987,0,0,1,20,2212,14,106,0
1,0,28,0,4,0,0,0,1,0,1.675,0,1,0,0,1,5,0,0,0,0,1,0,0,0,1,5.794884,0,0,0,20,2212,14,107,0
0,0,35,0,4,0,0,0,1,0,1.625,0,1,0,0,1,5,0,0,0,1,0,0,0,0,1,0,1,0,0,20,2212,14,108,0
0,0,29,0,4,0,0,0,1,0,1.7,0,1,0,0,1,6,0,0,0,1,1,0,0,0,1,6.093101,0,0,0,20,2212,14,27,0
0,2,33,0,4,0,0,1,0,0,1.775,0,1,0,0,1,4,0,0,0,1,0,0,0,0,1,6.093101,0,0,0,21,2212,14,28,0
0,0,36,0,4,0,0,0,1,0,1.775,0,1,0,0,1,4,0,0,0,0,1,0,0,0,1,5.825603,0,0,0,20,2212,14,29,0
0,5,27,0,4,0,1,0,0,0,1.725,0,1,0,0,1,5,0,0,0,0,1,0,0,0,1,5.794884,0,0,0,20,2212,14,30,0
1,0,33,0,4,0,0,0,1,0,1.8,0,1,0,0,1,5,0,0,0,0,1,0,0,0,1,5.825603,0,0,0,20,2212,14,31,0
1,0,32,0,4,0,0,0,1,0,1.625,0,1,0,0,1,4,0,0,0,1,0,0,0,0,1,0,1,0,0,20,2212,14,32,0
0,0,30,0,4,0,0,0,1,0,1.55,0,1,0,0,1,4,0,0,0,1,0,0,0,0,1,5.825603,0,0,0,20,2212,14,33,0
0,2,31,0,4,0,0,1,0,0,1.675,0,1,0,0,1,4,0,0,0,1,0,0,0,0,1,0,1,0,0,20,2212,14,34,0
0,5,38,0,4,0,1,0,0,0,1.55,0,1,0,0,1,0,0,1,0,0,0,0,1,8.922658,0,4.710353,0,0,0,20,2212,14,35,0
0,0,30,0,4,0,0,0,1,0,1.65,0,1,0,0,1,5,0,0,0,0,1,0,0,0,1,6.093101,0,1,0,20,2212,14,36,0
0,0,35,0,4,0,0,0,1,0,1.75,0,1,0,0,1,0,0,1,0,0,0,0,1,0,1,6.204298,0,0,0,20,2212,14,37,0
0,0,27,0,4,0,0,0,1,0,1.65,0,1,0,0,1,3,0,0,0,0,1,0,0,0,1,5.825603,0,0,1,20,2212,14,38,0
0,2,32,0,4,0,0,1,0,0,1.625,0,1,0,0,1,4,0,0,0,1,0,0,0,0,1,4.159452,0,0,0,20,2212,14,39,0
1,0,36,0,4,0,0,0,1,0,1.7,0,1,0,0,1,5,0,0,1,0,0,0,0,0,1,0,1,0,1,20,2212,14,40,0
1,0,30,0,4,0,0,0,1,0,1.8,0,1,0,0,1,4,0,0,0,0,1,0,0,9.392662,0,4.159452,0,0,0,20,2212,14,41,0
0,6,40,0,4,0,1,0,0,0,1.7,0,1,0,0,1,4,0,0,0,1,0,0,0,0,1,0,1,0,0,20,2212,14,42,0
0,0,34,0,4,0,1,0,1,0,1.675,0,1,0,0,1,0,0,1,0,0,0,0,1,0,1,0,1,0,0,20,2212,14,43,0
0,0,0,0,4,0,0,0,1,1,0,1,1,0,0,1,6,0,0,0,0,1,0,0,0,1,6.094067,0,0,1,20,2212,14,44,0
0,0,35,0,4,0,1,0,1,0,0,1,1,0,0,1,0,0,1,0,0,0,0,1,0,1,5.825603,0,0,1,20,2212,14,45,0
0,2,32,0,4,0,0,1,0,0,1.65,0,1,0,0,1,4,0,0,1,0,1,0,0,8.699514,0,6.093101,0,0,0,20,2212,14,46,0
0,0,36,0,4,0,0,0,1,0,1.775,0,1,0,0,1,5,0,0,0,0,1,0,0,0,1,0,1,0,0,20,2212,14,47,0
0,0,32,0,4,0,0,0,1,0,1.675,0,1,0,0,1,0,0,1,0,0,0,0,1,0,1,5.308418,0,0,0,20,2212,14,48,0
0,0,37,0,4,0,1,0,1,0,1.7,0,1,0,0,1,4,0,0,0,0,1,0,0,0,1,6.094067,0,0,0,20,2212,14,49,0
0,0,32,0,4,0,1,0,1,0,1.675,0,1,0,0,1,4,0,0,0,0,1,0,0,0,1,5.825603,0,0,0,20,2212,14,50,0
1,0,32,0,4,0,0,0,1,0,1.8,0,1,0,0,1,6,0,0,0,0,0,0,1,0,1,5.50987,0,1,0,20,2212,14,51,0
0,0,40,0,4,0,0,0,1,0,1.65,0,1,0,0,1,4,0,0,0,0,1,0,0,7.863267,0,0,1,0,0,20,2212,14,52,0
0,0,37,0,4,0,0,0,1,0,1.625,0,1,0,0,1,0,0,1,0,0,0,0,1,0,1,5.825603,0,1,0,20,2212,14,53,0
1,0,33,0,4,0,0,0,1,0,1.675,0,1,0,0,1,0,0,1,0,0,0,0,1,0,1,5.825603,0,0,0,20,2212,14,54,0
0,2,31,0,4,0,1,1,0,0,0,1,1,0,0,1,6,0,0,0,1,1,0,0,9.836279,0,5.825603,0,0,1,20,2212,14,55,0
0,2,38,0,4,0,1,1,0,0,0,1,1,0,0,1,0,0,1,0,0,0,0,1,9.546813,0,5.825603,0,0,0,20,2212,14,56,0
1,4,32,0,4,0,0,0,0,0,1.7,0,1,0,0,1,0,0,1,0,0,0,0,1,0,1,5.50987,0,0,0,20,2212,14,57,0
0,2,30,0,4,0,0,1,0,0,1.725,0,1,0,0,1,6,0,0,0,1,0,0,0,0,1,6.093101,0,0,0,20,2212,14,58,0
0,2,40,0,4,0,1,1,0,0,1.65,0,1,0,0,1,4,0,0,0,1,0,0,0,0,1,6.093101,0,0,0,20,2212,14,59,0
0,0,31,0,4,0,1,0,1,0,1.625,0,1,0,0,1,0,0,1,0,0,0,0,1,0,1,6.093101,0,0,0,20,2212,14,60,0
0,2,32,0,4,0,0,1,0,0,1.675,0,1,0,0,1,4,0,0,0,1,0,0,0,0,1,0,1,0,0,20,2212,14,61,0
0,6,37,0,4,0,1,0,0,0,0,1,1,0,0,1,5,0,0,0,0,1,0,0,0,1,5.794884,0,0,0,20,2212,14,62,0
0,2,34,0,4,0,0,1,0,0,1.6,0,1,0,0,1,4,0,0,0,1,0,0,0,8.987197,0,5.825603,0,0,0,20,2212,14,63,0
0,2,29,0,4,0,0,1,0,0,1.775,0,1,0,0,1,6,0,0,0,1,1,0,0,0,1,6.093101,0,0,0,20,2212,14,64,0
0,0,34,0,4,0,0,0,1,0,1.65,0,1,0,0,1,4,0,0,0,1,0,0,0,0,1,0,1,0,0,20,2212,14,65,0
0,0,40,0,4,0,1,0,1,0,1.725,0,1,0,0,1,0,0,1,0,0,0,0,1,9.903487,0,0,1,0,0,20,2212,14,66,0
0,2,30,0,4,0,0,1,0,0,1.65,0,1,0,0,1,3,0,0,0,0,0,0,1,0,1,0,1,0,0,20,2212,14,67,0
0,0,28,0,4,0,1,0,1,0,1.65,0,1,0,0,1,4,0,0,0,1,0,0,0,9.21034,0,4.159452,0,0,0,20,2212,14,68,0
0,0,29,0,4,0,1,0,1,0,1.725,0,1,0,0,1,6,0,0,0,1,0,0,0,0,1,6.093101,0,0,0,20,2212,14,69,0
1,0,31,0,4,0,0,0,1,0,1.75,0,1,0,0,1,4,0,0,0,1,0,0,0,0,1,4.159452,0,1,0,20,2212,14,70,0
0,0,34,0,4,0,0,0,1,0,1.675,0,1,0,0,1,4,0,0,0,0,0,0,1,8.987197,0,6.093101,0,0,0,20,2212,14,71,0
0,0,32,0,4,0,1,0,1,0,0,1,1,0,0,1,5,0,0,0,0,1,0,0,0,1,5.50987,0,0,0,20,2212,14,72,0
0,0,28,0,4,0,0,0,1,0,1.65,0,1,0,0,1,0,0,1,0,0,0,0,1,9.615806,0,5.825603,0,0,1,20,2212,14,73,0
0,0,41,0,4,0,0,0,1,0,0,1,1,0,0,1,2,0,0,0,0,0,0,1,0,1,4.159452,0,0,0,20,2212,14,74,0
1,0,27,0,4,0,0,0,1,0,1.65,0,1,0,0,1,3,0,0,0,0,1,0,0,9.680344,0,6.093101,0,0,0,20,2212,14,75,0
0,0,37,0,4,0,0,0,1,0,1.75,0,1,0,0,1,0,0,1,0,0,0,0,1,0,1,5.825603,0,0,0,20,2212,14,76,0
0,0,36,0,4,0,0,0,1,0,1.65,0,1,0,0,1,4,0,0,0,1,0,0,0,0,1,4.159452,0,1,0,20,2212,14,77,0
0,2,30,0,4,0,1,1,0,0,1.8,0,1,0,0,1,4,0,0,0,0,1,0,0,0,1,4.159452,0,0,0,21,2212,14,78,0
0,4,33,0,4,0,1,0,0,0,1.65,0,1,0,0,1,4,0,0,0,0,1,0,0,8.294049,0,0,1,0,1,20,2212,14,79,0
0,0,29,0,4,0,0,0,1,0,1.675,0,1,0,0,1,4,0,0,0,1,0,0,0,0,1,4.159452,0,0,0,20,2212,14,80,0
0,4,38,0,4,0,0,0,0,0,1.65,0,1,0,0,1,0,0,1,0,0,0,0,1,0,1,0,1,0,0,20,2212,14,81,0
0,0,31,0,4,0,0,0,1,0,1.675,0,1,0,0,1,4,0,0,0,0,1,0,0,0,1,5.825603,0,0,0,20,2212,14,82,0
0,0,30,0,4,0,1,0,1,0,0,1,1,0,0,1,0,0,1,0,0,0,0,1,0,1,0,1,0,0,20,2212,14,83,0
0,4,38,0,4,0,1,0,0,0,1.65,0,1,0,0,1,4,0,0,0,0,0,0,1,8.853665,0,4.159452,0,0,1,20,2212,14,84,0
0,2,27,0,4,0,0,1,0,0,1.7,0,1,0,0,1,4,0,0,0,1,0,0,0,0,1,4.159452,0,0,0,21,2212,14,85,0
0,0,31,0,4,0,0,0,1,0,1.675,0,1,0,0,1,6,0,0,0,0,1,0,0,0,1,6.094067,0,1,0,21,2212,14,86,0
0,0,29,0,4,0,0,0,1,0,1.65,0,1,0,0,1,4,0,0,0,1,0,0,0,9.21034,0,5.825603,0,0,1,95,2212,14,87,0
0,0,33,0,4,0,1,0,1,0,1.775,0,1,0,0,1,4,0,0,0,1,0,0,0,0,1,5.447579,0,0,0,20,2212,14,88,0
0,2,37,0,4,0,1,1,0,0,1.65,0,1,0,0,1,0,0,1,0,0,0,0,1,0,1,5.50987,0,0,0,20,2212,14,89,0
0,0,27,0,4,0,0,0,1,0,1.625,0,1,0,0,1,3,0,0,0,0,1,0,0,0,1,0,1,0,0,20,2212,14,90,0
0,0,34,0,4,0,1,0,1,0,1.6,0,1,0,0,1,5,0,0,1,0,0,0,0,9.740969,0,0,1,0,0,20,2212,14,91,0
0,2,35,0,4,0,1,1,0,0,0,1,1,0,0,1,0,0,1,0,0,0,0,1,0,1,0,1,1,0,20,2212,14,92,0
1,0,27,0,4,0,0,0,1,0,1.6,0,1,0,0,1,4,0,0,0,1,0,0,0,0,1,4.159452,0,0,1,20,2212,14,93,0
0,0,30,0,4,0,1,0,1,0,1.6,0,1,0,0,1,6,0,0,0,1,0,0,0,0,1,6.093101,0,0,0,20,2212,14,94,0
0,0,37,0,4,0,0,0,1,0,1.675,0,1,0,0,1,4,0,0,0,1,0,0,0,0,1,0,1,1,0,20,2212,14,95,0
0,0,28,0,4,0,1,0,1,0,1.7,0,1,0,0,1,3,0,0,0,0,0,0,1,0,1,0,1,0,0,20,2212,14,96,0
0,0,36,0,4,0,0,0,1,0,1.625,0,1,0,0,1,2,0,0,0,0,0,0,1,8.699514,0,0,1,0,0,20,2212,14,97,0
0,0,31,0,4,0,1,0,1,0,0,1,1,0,0,1,6,0,0,0,1,1,0,0,9.769957,0,5.825603,0,0,1,20,2212,14,98,0
0,0,31,0,4,0,0,0,1,0,1.8,0,1,0,0,1,3,0,0,0,0,1,0,0,0,1,5.794884,0,0,0,20,2212,14,99,0
0,0,28,0,4,0,1,0,1,0,1.55,0,1,0,0,1,2,0,0,0,0,0,0,1,0,1,4.159452,0,0,1,24,2212,15,24,0
0,0,32,0,4,0,0,0,1,0,1.675,0,1,0,0,1,0,0,1,0,0,0,0,1,0,1,4.159452,0,0,1,24,2212,15,25,0
1,0,40,0,4,0,0,0,1,0,0,1,1,0,0,1,6,0,0,0,0,1,0,0,0,1,5.50987,0,1,0,20,2212,15,50,0
0,0,29,0,4,0,0,0,1,0,1.7,0,1,0,0,1,2,0,0,0,0,0,0,1,0,1,4.710353,0,0,0,24,2212,15,54,0
0,0,25,0,4,0,1,0,1,0,1.65,0,1,0,0,1,4,0,0,1,0,0,0,0,0,1,0,1,0,1,24,2212,15,61,0
0,0,35,0,4,0,0,0,1,0,1.7,0,1,0,0,1,0,0,1,0,0,0,0,1,0,1,5.794884,0,0,0,24,2212,15,62,0
0,0,32,0,4,0,0,0,1,0,1.65,0,1,0,0,1,3,0,0,0,0,1,0,0,0,1,4.159452,0,0,0,24,2212,15,65,0
0,0,38,0,4,0,0,0,1,0,1.65,0,1,0,0,1,3,0,0,0,0,1,0,0,0,1,5.327161,0,0,1,20,2212,15,72,1
0,0,33,0,4,0,0,0,1,0,1.55,0,1,0,0,1,4,0,0,0,0,1,0,0,0,1,0,1,0,0,24,2302,11,163,0
0,2,37,0,4,0,1,1,0,0,1.625,0,1,0,0,1,4,0,0,0,0,1,0,0,7.824046,0,0,1,1,0,24,2302,11,175,0
0,0,28,0,4,0,1,0,1,0,0,1,1,0,0,1,6,0,0,0,0,1,0,0,0,1,6.094067,0,0,0,21,2302,11,182,0
1,0,28,0,4,0,0,0,1,0,1.675,0,1,0,0,1,5,0,0,0,0,1,0,0,0,1,5.794884,0,0,1,24,2302,11,195,0
0,0,30,0,4,0,0,0,1,0,1.575,0,1,0,0,1,0,0,1,0,0,0,0,1,0,1,5.825603,0,0,0,24,2302,11,196,0
0,0,29,0,4,0,0,0,1,0,1.6,0,1,0,0,1,4,0,0,0,1,0,0,0,0,1,4.159452,0,1,0,24,2302,11,197,0
0,2,32,0,4,0,0,1,0,0,1.7,0,1,0,0,1,4,0,0,0,1,0,0,0,0,1,4.159452,0,0,0,24,2302,11,207,0
0,0,32,2,4,0,0,0,1,0,1.55,0,0,0,0,1,4,0,0,1,0,0,0,0,0,1,0,1,0,0,20,2302,11,215,1
0,0,30,0,4,0,0,0,1,0,1.675,0,1,0,0,1,5,0,0,0,0,1,0,0,10.30895,0,6.093101,0,0,0,20,2302,14,100,0
1,2,31,0,4,0,0,1,0,0,1.625,0,1,0,0,1,0,0,1,0,0,0,0,1,9.392662,0,6.093101,0,0,1,20,2302,14,101,0
0,4,29,0,4,0,0,0,0,0,1.775,0,1,0,0,1,2,0,0,0,0,0,0,1,8.517193,0,4.159452,0,0,0,20,2302,14,102,0
0,0,32,0,4,0,0,0,1,0,1.65,0,1,0,0,1,4,0,0,0,0,1,0,0,9.305651,0,5.50987,0,0,0,20,2302,14,103,0
0,0,34,0,4,0,0,0,1,0,1.725,0,1,0,0,1,2,0,0,0,0,0,0,1,0,1,4.159452,0,0,0,20,2302,14,104,0
0,6,27,0,4,0,0,0,0,0,1.675,0,1,0,0,1,5,0,0,0,0,1,0,0,0,1,0,1,0,0,21,2302,14,105,0
0,0,30,0,4,0,0,0,1,0,1.525,0,1,0,0,1,2,0,0,0,0,0,0,1,0,1,0,1,0,0,20,2302,14,106,0
0,0,37,0,4,0,0,0,1,0,1.625,0,1,0,0,1,4,0,0,0,0,1,0,0,0,1,4.159452,0,0,0,20,2302,14,107,0
0,0,29,0,4,0,0,0,1,0,1.65,0,1,0,0,1,6,0,0,0,1,0,0,0,0,1,0,1,0,0,20,2302,14,108,0
0,5,27,0,4,0,1,0,0,0,1.75,0,1,0,0,1,0,0,1,0,0,0,0,1,0,1,4.289095,0,1,0,20,2302,14,109,0
0,5,32,0,4,0,0,0,0,0,1.675,0,1,0,0,1,4,0,0,0,1,0,0,0,0,1,0,1,0,0,20,2302,14,110,0
0,3,28,0,4,0,1,0,0,0,1.75,0,1,0,0,1,5,0,0,0,0,1,0,0,0,1,6.093101,0,0,0,20,2302,14,111,0
0,5,31,0,4,0,1,0,0,0,1.75,0,1,0,0,1,5,0,0,0,0,1,0,0,0,1,6.093101,0,0,0,20,2302,14,112,0
0,2,40,0,4,0,0,1,0,0,1.675,0,1,0,0,1,5,0,0,0,0,1,0,0,0,1,6.093101,0,0,0,20,2302,14,113,0
0,0,31,0,4,0,0,0,1,0,1.675,0,1,0,0,1,4,0,0,0,1,0,0,0,0,1,4.159452,0,0,0,20,2302,14,114,0
1,0,32,0,4,0,0,0,1,0,1.77,0,1,0,0,1,0,0,1,0,0,0,0,1,0,1,5.459123,0,0,0,20,2302,14,115,0
0,0,32,0,4,0,0,0,1,0,1.7,0,1,0,0,1,0,0,1,0,0,0,0,1,0,1,5.825603,0,0,0,20,2302,14,116,0
0,0,30,0,4,0,0,0,1,0,1.75,0,1,0,0,1,5,0,0,0,1,0,0,0,9.680344,0,6.093101,0,0,0,20,2302,14,117,0
0,6,27,0,4,0,0,0,0,0,1.675,0,1,0,0,1,5,0,0,0,0,1,0,0,0,1,6.093101,0,0,0,21,2302,14,118,0
0,0,29,0,4,0,1,0,1,0,1.775,0,1,0,0,1,6,0,0,1,0,1,0,0,0,1,0,1,0,0,20,2302,14,119,0
1,5,28,0,4,0,0,0,0,0,1.575,0,1,0,0,1,6,0,0,0,1,0,0,0,0,1,0,1,0,0,20,2302,14,33,0
0,0,29,0,4,0,0,0,1,0,1.75,0,1,0,0,1,6,0,0,0,1,1,0,0,0,1,0,1,0,0,20,2302,14,34,0
0,0,35,0,4,0,0,0,1,0,1.675,0,1,0,0,1,4,0,0,0,1,0,0,0,0,1,4.91469,0,0,0,20,2302,14,35,0
1,0,34,0,4,0,0,0,1,0,1.65,0,1,0,0,1,4,0,0,0,1,0,0,0,9.903487,0,4.159452,0,0,1,20,2302,14,36,0
1,0,32,0,4,0,0,0,1,0,1.775,0,1,0,0,1,0,0,1,0,0,0,0,1,0,1,0,1,0,0,20,2302,14,37,0
0,0,30,0,4,0,0,0,1,0,1.675,0,1,0,0,1,0,0,1,0,0,0,0,1,0,1,0,1,0,0,20,2302,14,38,0
0,0,34,0,4,0,0,0,1,0,0,1,1,0,0,1,4,0,0,0,1,0,0,0,0,1,4.159452,0,0,0,20,2302,14,39,0
0,0,30,0,4,0,0,0,1,0,1.675,0,1,0,0,1,5,0,0,0,0,1,0,0,0,1,5.794884,0,0,0,20,2302,14,40,0
0,0,31,0,4,0,0,0,1,0,1.65,0,1,0,0,1,0,0,1,0,0,0,0,1,0,1,6.093101,0,0,0,21,2302,14,41,0
0,2,28,0,4,0,1,1,0,0,1.65,0,1,0,0,1,0,0,1,1,0,0,0,0,0,1,4.91469,0,0,0,20,2302,14,42,0
1,0,33,0,4,0,0,0,1,0,1.7,0,1,0,0,1,2,0,0,0,0,0,0,1,0,1,4.159452,0,0,1,20,2302,14,43,0
0,0,32,0,4,0,0,0,1,0,1.7,0,1,0,0,1,6,0,0,0,1,0,0,0,0,1,5.459123,0,0,0,20,2302,14,44,0
1,0,35,0,4,0,0,0,1,0,1.65,0,1,0,0,1,0,0,1,0,0,0,0,1,0,1,0,1,0,0,20,2302,14,46,0
0,0,34,0,4,0,0,0,1,0,1.625,0,1,0,0,1,0,0,1,0,0,0,0,1,9.740969,0,0,1,0,0,20,2302,14,47,0
1,0,28,0,4,0,0,0,1,0,1.575,0,1,0,0,1,6,0,0,0,1,0,0,0,0,1,6.093101,0,0,0,20,2302,14,48,0
0,4,32,0,4,0,1,0,0,0,0,1,1,0,0,1,0,0,1,0,0,0,0,1,0,1,5.50987,0,0,0,20,2302,14,49,0
0,0,30,0,4,0,0,0,1,0,1.6,0,1,0,0,1,6,0,0,0,0,1,0,0,0,1,5.50987,0,0,0,20,2302,14,50,0
1,0,29,0,4,0,0,0,1,0,1.575,0,1,0,0,1,4,0,0,0,1,0,0,0,0,1,0,1,0,0,21,2302,14,51,0
0,0,32,0,4,0,0,0,1,0,1.65,0,1,0,0,1,0,0,1,0,0,0,0,1,0,1,6.093101,0,1,0,21,2302,14,52,0
1,4,30,0,4,0,0,0,0,0,1.6125,0,1,0,0,1,6,0,0,0,1,0,0,0,0,1,0,1,0,0,20,2302,14,53,0
0,0,27,0,4,0,0,0,1,0,1.7,0,1,0,0,1,0,0,1,0,0,0,0,1,0,1,6.093101,0,0,0,20,2302,14,54,0
1,4,38,0,4,0,0,0,0,0,1.65,0,1,0,0,1,0,0,1,0,0,0,0,1,0,1,5.825603,0,0,0,20,2302,14,55,0
0,0,27,0,4,0,0,0,1,0,1.675,0,1,0,0,1,5,0,0,0,1,0,0,0,0,1,5.825603,0,0,1,20,2302,14,56,0
0,0,54,0,4,0,0,0,1,0,0,1,1,0,0,1,0,0,1,0,0,0,0,1,9.10498,0,5.825603,0,0,1,20,2302,14,57,0
0,0,28,0,4,0,0,0,1,0,1.65,0,1,0,0,1,4,0,0,0,0,1,0,0,8.612503,0,0,1,0,0,21,2302,14,58,0
0,2,32,0,4,0,0,1,0,0,1.75,0,1,0,0,1,4,0,0,0,0,1,0,0,8.987197,0,4.91469,0,0,0,20,2302,14,59,0
0,0,33,0,4,0,0,0,1,0,1.675,0,1,0,0,1,5,0,0,0,1,0,0,0,8.922658,0,5.50987,0,0,0,20,2302,14,60,0
1,0,29,0,4,0,0,0,1,0,1.65,0,1,0,0,1,0,0,1,0,0,0,0,1,0,1,0,1,0,1,20,2302,14,61,0
0,0,28,0,4,0,0,0,1,0,1.525,0,1,0,0,1,3,0,0,0,0,0,0,1,8.699514,0,5.308418,0,0,0,21,2302,14,62,0
0,0,32,0,4,0,1,0,1,0,1.625,0,1,0,0,1,0,0,1,0,0,0,0,1,0,1,5.825603,0,0,0,20,2302,14,63,0
1,2,30,0,4,0,0,1,0,0,1.7,0,1,0,0,1,6,0,0,0,1,1,0,0,0,1,6.093101,0,0,0,20,2302,14,64,0
0,0,27,0,4,0,1,0,1,0,1.775,0,1,0,0,1,0,0,1,0,0,0,0,1,0,1,5.825603,0,0,0,20,2302,14,65,0
1,0,32,0,4,0,0,0,1,0,1.7,0,1,0,0,1,4,0,0,0,0,1,0,0,0,1,6.093101,0,0,0,20,2302,14,66,0
0,0,33,0,4,0,1,0,1,0,1.7,0,1,0,0,1,4,0,0,0,0,1,0,0,0,1,5.50987,0,0,1,20,2302,14,67,0
0,0,32,0,4,0,0,0,1,0,1.65,0,1,0,0,1,4,0,0,0,0,0,0,1,9.21034,0,0,1,0,0,20,2302,14,68,0
0,0,29,0,4,0,0,0,1,0,1.6375,0,1,0,0,1,0,0,1,0,0,0,0,1,0,1,5.50987,0,0,0,20,2302,14,69,0
0,0,32,0,4,0,1,0,1,0,1.675,0,1,0,0,1,6,0,0,0,1,0,0,0,8.987197,0,0,1,0,0,20,2302,14,70,0
0,0,26,0,4,0,1,0,1,0,1.7,0,1,0,0,1,4,0,0,0,1,0,0,0,9.680344,0,0,1,0,0,20,2302,14,71,0
0,0,32,0,4,0,0,0,1,0,1.625,0,1,0,0,1,4,0,0,0,1,0,0,0,9.159047,0,5.825603,0,0,0,20,2302,14,72,0
1,0,38,0,4,0,0,0,1,0,0,1,1,0,0,1,4,0,0,0,0,0,0,1,0,1,0,1,1,0,20,2302,14,73,0
1,0,29,0,4,0,0,0,1,0,1.675,0,1,0,0,1,0,0,1,0,0,0,0,1,0,1,5.50987,0,0,0,20,2302,14,74,0
0,0,28,0,4,0,0,0,1,0,1.65,0,1,0,0,1,2,0,0,0,0,0,0,1,0,1,4.159452,0,0,0,20,2302,14,75,0
1,0,33,0,4,0,0,0,1,0,1.625,0,1,0,0,1,4,0,0,0,0,1,0,0,0,1,4.159452,0,0,0,20,2302,14,76,0
0,0,33,0,4,0,1,0,1,0,1.65,0,1,0,0,1,5,0,0,0,0,1,0,0,0,1,6.093101,0,0,0,20,2302,14,77,0
0,0,32,0,4,0,0,0,1,0,0,1,1,0,0,1,0,0,1,0,0,0,0,1,0,1,4.159452,0,0,0,20,2302,14,78,0
0,0,31,0,4,0,1,0,1,0,0,1,1,0,0,1,5,0,0,0,0,1,0,0,9.998797,0,6.176106,0,0,1,20,2302,14,79,0
0,2,30,0,4,0,1,1,0,0,1.7,0,1,0,0,1,6,0,0,0,1,0,0,0,0,1,0,1,0,0,20,2302,14,80,0
0,2,38,0,4,0,0,1,0,0,1.65,0,1,0,0,1,4,0,0,0,1,0,0,0,8.853665,0,0,1,0,0,20,2302,14,81,0
0,0,37,0,4,0,1,0,1,0,0,1,1,0,0,1,0,0,1,0,0,0,0,1,0,1,5.50987,0,0,0,20,2302,14,82,0
0,0,30,0,4,0,0,0,1,0,1.675,0,1,0,0,1,4,0,0,0,1,0,0,0,0,1,4.159452,0,0,1,20,2302,14,83,0
0,0,26,0,4,0,0,0,1,0,1.7,0,1,0,0,0,2,0,0,0,0,0,0,1,0,1,4.159452,0,0,0,20,2302,14,84,0
1,2,30,0,4,0,0,1,0,0,1.625,0,1,0,0,1,4,0,0,0,1,0,0,0,0,1,4.159452,0,0,0,20,2302,14,85,0
0,0,32,0,4,0,0,0,1,0,1.65,0,1,0,0,1,4,0,0,0,1,0,0,0,0,1,0,1,0,0,20,2302,14,86,0
0,0,31,0,4,0,0,0,1,0,1.6125,0,1,0,0,1,4,0,0,0,1,0,0,0,0,1,4.159452,0,0,0,20,2302,14,87,0
0,0,30,0,4,0,0,0,1,0,1.625,0,1,0,0,1,4,0,0,1,0,0,0,0,0,1,5.825603,0,0,0,20,2302,14,88,0
1,0,36,0,4,0,0,0,1,0,1.7,0,1,0,0,1,4,0,0,0,0,1,0,0,0,1,4.159452,0,0,0,20,2302,14,89,0
0,0,31,0,4,0,0,0,1,0,1.675,0,1,0,0,1,4,0,0,1,0,0,0,0,0,1,5.825603,0,0,0,20,2302,14,90,0
0,5,45,0,4,0,0,0,0,0,1.575,0,1,0,0,1,4,0,0,0,0,0,0,1,0,1,4.91469,0,0,0,20,2302,14,91,0
0,0,35,0,4,0,0,0,1,0,1.725,0,1,0,0,1,4,0,0,0,1,0,0,0,0,1,5.825603,0,0,0,20,2302,14,92,0
0,0,33,0,4,0,0,0,1,0,1.625,0,1,0,0,1,5,0,0,0,0,1,0,0,8.853665,0,6.093101,0,1,0,20,2302,14,93,0
0,0,29,0,4,0,0,0,1,0,1.575,0,1,0,0,1,5,0,0,1,0,1,0,0,9.21034,0,5.50987,0,1,0,20,2302,14,94,0
0,0,29,0,4,0,1,0,1,0,1.625,0,1,0,0,1,4,0,0,0,1,0,0,0,0,1,0,1,0,0,20,2302,14,95,0
0,0,33,0,4,0,0,0,1,0,1.8,0,1,0,0,1,4,0,0,1,0,0,0,0,8.411833,0,0,1,0,0,20,2302,14,96,0
0,0,28,0,4,0,0,0,1,0,1.6,0,1,0,0,1,5,0,0,0,0,1,0,0,0,1,4.159452,0,0,0,20,2302,14,97,0
0,0,33,0,4,0,0,0,1,0,1.7,0,1,0,0,1,6,0,0,0,1,0,0,0,0,1,6.093101,0,1,0,20,2302,14,98,0
0,0,30,0,4,0,1,0,1,0,0,1,1,0,0,1,6,0,0,0,1,1,0,0,9.798127,0,5.794884,0,0,1,20,2302,14,99,0
0,0,35,0,4,0,0,0,1,0,1.7,0,1,0,0,1,2,0,0,0,0,0,0,1,9.21034,0,4.159452,0,0,0,20,2303,12,120,0
0,0,29,0,4,0,0,0,1,0,1.7,0,1,0,0,1,4,0,0,0,1,0,0,0,0,1,4.159452,0,0,1,21,2303,12,121,0
0,0,34,0,4,0,0,0,1,0,1.6625,0,1,0,0,1,5,0,0,0,0,1,0,0,0,1,0,1,0,0,20,2303,12,122,0
0,0,28,0,4,0,0,0,1,0,1.625,0,1,0,0,1,0,0,1,0,0,0,0,1,0,1,4.159452,0,0,0,20,2303,12,123,0
0,0,35,0,4,0,0,0,1,0,1.675,0,1,0,0,1,0,0,1,0,0,0,0,1,9.546813,0,5.825603,0,0,0,20,2303,12,124,0
1,0,30,0,4,0,0,0,1,0,1.65,0,1,0,0,1,0,0,1,0,0,1,0,0,0,1,5.794884,0,0,0,20,2303,12,125,0
1,5,26,0,4,0,0,0,0,0,1.675,0,1,0,0,1,5,0,0,1,0,0,0,0,0,1,6.093101,0,0,0,20,2303,12,126,0
1,0,27,0,4,0,0,0,1,0,1.7,0,1,0,0,1,4,0,0,0,0,1,0,0,0,1,4.159452,0,0,0,20,2303,12,127,0
0,3,31,0,4,0,0,0,0,0,1.725,0,1,0,0,1,6,0,0,0,1,0,0,0,9.998797,0,6.093101,0,0,0,20,2303,12,128,0
1,0,29,0,4,0,0,0,1,0,1.75,0,1,0,0,1,4,0,0,0,0,0,0,1,0,1,5.404466,0,0,0,20,2303,12,129,0
1,0,26,0,4,0,0,0,1,0,1.575,0,1,0,0,1,4,0,0,1,0,0,0,0,0,1,4.159452,0,0,1,20,2303,12,130,0
1,0,38,0,4,0,0,0,1,0,1.75,0,1,0,0,1,4,0,0,0,1,0,0,0,0,1,4.159452,0,0,0,20,2303,12,131,0
1,0,34,0,4,0,0,0,1,0,1.65,0,1,0,0,1,4,0,0,0,0,1,0,0,9.615806,0,4.159452,0,0,0,21,2303,12,132,0
1,0,31,0,4,0,0,0,1,0,1.8,0,1,0,0,1,4,0,0,0,0,1,0,0,0,1,5.049275,0,0,0,20,2303,12,133,0
0,0,29,0,4,0,0,0,1,0,1.675,0,1,0,0,1,4,0,0,0,0,1,0,0,0,1,5.794884,0,0,0,20,2303,12,134,0
0,0,31,0,4,0,1,0,1,0,0,1,1,0,0,1,5,0,0,0,0,1,0,0,9.798127,0,5.794884,0,0,0,20,2303,12,135,0
1,6,26,0,4,0,0,0,0,0,1.75,0,1,0,0,1,4,0,0,0,1,0,0,0,0,1,4.23823,0,0,0,20,2303,12,136,0
1,4,33,0,4,0,0,0,0,0,1.75,0,1,0,0,1,5,0,0,1,0,0,0,0,0,1,5.50987,0,0,0,20,2303,12,137,0
0,0,30,0,4,0,1,0,1,0,0,1,1,0,0,1,5,0,0,0,0,1,0,0,9.888374,0,5.825603,0,0,0,20,2303,12,138,0
1,0,34,0,4,0,0,0,1,0,1.6,0,1,0,0,1,3,0,0,0,0,1,0,0,0,1,5.794884,0,0,0,20,2303,12,139,0
1,0,28,0,4,0,0,0,1,0,1.75,0,1,0,0,1,5,0,0,0,0,1,0,0,0,1,4.91469,0,0,0,20,2303,12,141,0
1,0,32,0,4,0,0,0,1,0,1.6,0,1,0,0,1,4,0,0,0,1,0,0,0,0,1,5.825603,0,0,0,20,2303,12,142,0
1,0,29,0,4,0,0,0,1,0,1.725,0,1,0,0,1,3,0,0,0,0,1,0,0,0,1,5.794884,0,0,0,20,2303,12,143,0
0,2,30,0,4,0,0,1,0,0,1.625,0,1,0,0,1,0,0,1,0,0,1,0,0,0,1,5.794884,0,0,0,20,2303,12,144,0
0,0,31,0,4,0,0,0,1,0,0,1,1,0,0,1,6,0,0,0,1,1,0,0,9.769957,0,5.825603,0,0,1,20,2303,12,145,0
0,0,28,0,4,0,1,0,1,0,1.725,0,1,0,0,1,0,0,1,0,0,0,0,1,0,1,6.093101,0,0,1,20,2303,12,146,0
1,0,26,0,4,0,0,0,1,0,1.625,0,1,0,0,1,6,0,0,0,0,1,0,0,0,1,6.094067,0,0,0,20,2303,12,147,0
0,6,28,0,4,0,0,0,0,0,1.775,0,1,0,0,1,5,0,0,0,0,1,0,0,0,1,5.794884,0,0,0,20,2303,12,148,0
0,0,30,0,4,0,0,0,1,0,1.7,0,1,0,0,1,6,0,0,0,1,0,0,0,0,1,6.093101,0,0,0,20,2303,12,149,0
0,0,30,0,4,0,0,0,1,0,0,1,1,0,0,1,4,0,0,0,0,0,0,1,0,1,4.159452,0,0,0,20,2303,12,150,0
1,0,28,0,4,0,0,0,1,0,1.7,0,1,0,0,1,0,0,1,0,0,0,0,1,0,1,5.189394,0,0,0,20,2303,12,151,0
0,0,30,0,4,0,0,0,1,0,1.7,0,1,0,0,1,5,0,0,0,0,1,0,0,0,1,5.794884,0,0,0,20,2303,12,152,0
1,0,30,0,4,0,0,0,1,0,1.725,0,1,0,0,1,3,0,0,0,0,1,0,0,0,1,4.159452,0,0,0,20,2303,12,153,0
0,0,34,0,4,0,0,0,1,0,1.55,0,1,0,0,1,0,0,1,0,0,0,0,1,9.10498,0,5.308418,0,0,0,20,2303,12,154,0
1,0,34,0,4,0,0,0,1,0,1.6,0,1,0,0,1,4,0,0,0,1,0,0,0,0,1,5.308418,0,0,0,20,2303,12,155,0
0,4,28,0,4,0,0,0,0,0,1.725,0,1,0,0,1,4,0,0,0,0,1,0,0,0,1,6.093101,0,0,1,20,2303,12,156,0
1,0,28,0,4,0,0,0,1,0,0,1,1,0,0,1,6,0,0,0,1,0,0,0,0,1,6.093101,0,0,0,20,2303,12,157,0
1,4,37,0,4,0,0,0,0,0,1.575,0,1,0,0,1,2,0,0,0,0,0,0,1,0,1,4.159452,0,0,0,20,2303,12,158,0
0,0,30,0,4,0,1,0,1,0,1.575,0,1,0,0,1,0,0,1,0,0,0,0,1,0,1,4.91469,0,0,0,20,2303,12,159,0
0,4,43,0,4,0,0,0,0,0,0,1,1,0,0,1,3,0,0,0,0,1,0,0,9.047821,0,5.794884,0,0,0,20,2303,12,160,0
0,0,60,0,4,0,0,0,1,0,1.6375,0,1,0,0,1,0,0,1,0,0,0,0,1,0,1,0,1,0,0,20,2303,12,161,0
0,0,40,0,4,0,1,0,1,0,1.65,0,1,0,0,1,5,0,0,0,1,0,0,0,9.546813,0,6.093101,0,0,0,20,2303,12,162,0
1,0,28,0,4,0,0,0,1,0,1.7,0,1,0,0,1,0,0,1,0,0,1,0,0,0,1,6.093101,0,0,0,20,2303,12,163,0
0,0,32,0,4,0,1,0,1,0,1.7625,0,1,0,0,1,3,0,0,0,0,1,0,0,0,1,5.459123,0,0,0,20,2303,12,164,0
0,0,27,0,4,0,0,0,1,0,1.65,0,1,0,0,1,0,0,1,0,0,1,0,0,0,1,5.794884,0,0,0,20,2303,12,165,0
0,0,30,0,4,0,0,0,1,0,1.575,0,1,0,0,1,5,0,0,0,0,1,0,0,0,1,5.794884,0,0,0,20,2303,12,166,0
0,2,36,0,4,0,1,1,0,0,1.7,0,1,0,0,1,0,0,1,0,0,0,0,1,0,1,4.91469,0,1,0,20,2303,12,167,0
0,0,30,0,4,0,0,0,1,0,1.725,0,1,0,0,1,4,0,0,0,1,0,0,0,9.472705,0,5.825603,0,0,0,20,2303,12,168,0
0,0,29,0,4,0,0,0,1,0,1.725,0,1,0,0,1,0,0,1,0,0,1,0,0,0,1,5.794884,0,0,0,20,2303,12,169,0
1,0,32,0,4,0,0,0,1,0,1.8,0,1,0,0,1,6,0,0,0,1,1,0,0,0,1,6.093101,0,0,0,20,2303,12,171,0
0,5,0,0,4,0,0,0,0,1,0,1,1,0,0,1,0,0,1,0,0,1,0,0,0,1,5.794884,0,0,0,20,2303,12,172,0
1,0,28,0,4,0,0,0,1,0,1.65,0,1,0,0,1,5,0,0,1,0,0,0,0,0,1,5.50987,0,0,1,24,2303,14,82,0
0,2,27,0,4,0,1,1,0,0,1.8,0,1,0,0,1,5,0,0,0,0,1,0,0,0,1,5.447579,0,0,0,24,2303,14,84,0
0,6,29,0,4,0,1,0,0,0,1.7,0,1,0,0,1,0,0,1,0,0,0,0,1,0,1,0,1,0,0,20,2411,6,108,1
0,0,35,0,4,0,0,0,1,0,1.625,0,1,0,1,0,6,0,0,0,0,1,0,0,0,1,6.094067,0,0,0,20,2411,6,109,1
0,0,30,0,4,0,1,0,1,0,1.8,0,1,0,0,1,0,0,1,0,0,0,0,1,0,1,5.825603,0,1,0,20,2411,10,37,0
0,0,29,0,4,0,0,0,1,0,1.625,0,1,0,0,1,5,0,0,0,0,1,0,0,0,1,5.794884,0,0,1,20,2411,10,38,0
0,2,32,0,4,0,0,1,0,0,1.65,0,1,0,0,1,6,0,0,1,1,0,0,0,9.903487,0,4.91469,0,0,0,20,2411,10,39,0
0,0,32,0,4,0,1,0,1,0,1.575,0,1,0,0,1,4,0,0,0,1,0,0,0,0,1,5.825603,0,0,0,20,2411,10,41,0
0,0,32,0,4,0,1,0,1,0,1.75,0,1,0,0,1,1,0,0,0,0,0,0,1,0,1,4.159452,0,0,0,24,2411,10,45,0
0,0,36,0,4,0,1,0,1,0,1.65,0,1,0,0,1,2,0,0,0,0,0,0,1,0,1,4.159452,0,0,0,83,2411,10,49,0
0,0,29,0,4,0,0,0,1,0,1.725,0,1,0,0,1,4,0,0,0,1,0,0,0,10.12663,0,4.159452,0,0,0,20,2411,10,64,0
1,0,28,0,4,0,0,0,1,0,1.75,0,1,0,0,1,0,0,1,0,0,1,0,0,0,1,5.794884,0,0,0,20,2411,10,74,0
1,0,31,0,4,0,0,0,1,0,1.725,0,1,0,0,1,0,0,1,0,0,0,0,1,0,1,4.710353,0,0,1,20,2411,10,75,0
0,5,28,0,4,0,1,0,0,0,1.675,0,1,0,0,1,4,0,0,0,0,1,0,0,0,1,4.159452,0,0,1,24,2411,10,90,0
0,0,32,0,4,0,0,0,1,0,1.675,0,1,0,0,1,0,0,1,0,0,0,0,1,0,1,4.159452,0,0,0,20,2411,11,100,0
0,0,32,0,4,0,0,0,1,0,1.725,0,1,0,0,1,4,0,0,1,0,0,0,0,0,1,4.159452,0,0,0,21,2411,11,101,0
0,2,33,0,4,0,0,1,0,0,1.725,0,1,0,0,1,4,0,0,0,0,1,0,0,0,1,5.825603,0,1,0,20,2411,11,102,0
0,0,32,0,4,0,0,0,1,0,1.6,0,1,0,0,1,4,0,0,0,1,0,0,0,0,1,4.159452,0,0,0,20,2411,11,103,0
0,0,29,0,4,0,0,0,1,0,1.725,0,1,0,0,1,0,0,1,0,0,0,0,1,0,1,5.825603,0,0,0,20,2411,11,104,0
0,5,29,0,4,0,0,0,0,0,1.6,0,1,0,0,1,0,0,1,0,0,0,0,1,0,1,6.093101,0,0,0,20,2411,11,105,0
0,0,42,0,4,0,0,0,1,0,1.65,0,1,0,0,1,4,0,0,0,0,0,0,1,0,1,5.825603,0,0,0,20,2411,11,106,0
1,0,26,0,4,0,0,0,1,0,1.775,0,1,0,0,1,0,0,1,0,0,0,0,1,9.035987,0,6.093101,0,0,0,20,2411,11,107,0
0,0,27,0,4,0,1,0,1,0,1.675,0,1,0,0,1,5,0,0,0,0,1,0,0,10.30895,0,5.825603,0,0,0,20,2411,11,108,0
0,2,40,0,4,0,0,1,0,0,1.625,0,1,0,0,1,0,0,1,0,0,0,0,1,0,1,4.159452,0,0,0,20,2411,11,109,0
1,0,28,0,4,0,0,0,1,0,1.7,0,1,0,0,1,4,0,0,0,0,1,0,0,0,1,5.825603,0,0,1,20,2411,11,110,0
0,5,30,0,4,0,0,0,0,0,1.65,0,1,0,0,1,4,0,0,0,1,0,0,0,9.546813,0,6.093101,0,0,1,20,2411,11,111,0
0,0,27,0,4,0,0,0,1,0,1.725,0,1,0,0,1,4,0,0,0,1,0,0,0,0,1,4.159452,0,0,1,20,2411,11,112,0
0,0,57,0,4,0,1,0,1,0,1.675,0,1,0,0,1,4,0,0,0,1,0,0,0,11.0021,0,0,1,0,0,20,2411,11,113,0
0,2,26,0,4,0,1,1,0,0,1.6,0,1,0,0,1,6,0,0,0,1,0,0,0,0,1,6.093101,0,0,0,20,2411,11,114,0
0,0,31,0,4,0,1,0,1,0,1.775,0,1,0,0,1,4,0,0,0,0,1,0,0,9.305651,0,0,1,0,0,20,2411,11,115,0
0,2,29,0,4,0,0,1,0,0,1.7,0,1,0,0,1,0,0,1,0,0,0,0,1,0,1,5.50987,0,0,1,20,2411,11,116,0
0,0,27,0,4,0,1,0,1,0,1.65,0,1,0,0,1,2,0,0,0,0,0,0,1,9.392662,0,5.825603,0,0,0,20,2411,11,117,0
0,0,24,0,4,0,0,0,1,0,1.6,0,1,0,0,1,0,0,1,0,0,0,0,1,0,1,4.159452,0,0,0,20,2411,11,118,0
0,0,27,0,4,0,0,0,1,0,1.675,0,1,0,0,1,0,0,1,0,0,0,0,1,0,1,6.093101,0,0,0,20,2411,11,119,0
1,0,30,0,4,0,0,0,1,0,1.625,0,1,0,0,1,4,0,0,0,0,1,0,0,0,1,6.094067,0,0,0,20,2411,11,120,0
0,0,35,0,4,0,0,0,1,0,1.5,0,1,0,0,1,0,0,1,0,0,0,0,1,9.615806,0,5.50987,0,0,0,20,2411,11,121,0
0,2,35,0,4,0,1,1,0,0,1.725,0,1,0,0,1,6,0,0,0,0,0,0,1,10.12663,0,0,1,0,0,20,2411,11,122,0
0,0,30,0,4,0,1,0,1,0,1.75,0,1,0,0,1,4,0,0,0,1,0,0,0,0,1,4.710353,0,0,0,20,2411,11,123,0
0,2,40,0,4,0,0,1,0,0,1.625,0,1,0,0,1,0,0,1,0,0,0,0,1,0,1,4.159452,0,0,0,20,2411,11,124,0
0,0,30,0,4,0,0,0,1,0,1.75,0,1,0,0,1,0,0,1,0,0,1,0,0,0,1,5.794884,0,0,0,20,2411,11,125,0
0,0,29,0,4,0,0,0,1,0,1.725,0,1,0,0,1,0,0,1,0,0,0,0,1,0,1,5.825603,0,0,0,20,2411,11,126,0
0,2,40,0,4,0,0,1,0,0,1.6,0,1,0,0,1,2,0,0,0,0,0,0,1,9.21034,0,4.159452,0,0,0,20,2411,11,127,0
1,2,33,0,4,0,0,1,0,0,1.725,0,1,0,0,1,0,0,1,0,0,0,0,1,8.987197,0,5.327161,0,0,1,20,2411,11,128,0
0,0,38,0,4,0,1,0,1,0,0,1,1,0,0,1,2,0,0,0,0,0,0,1,0,1,5.50987,0,0,0,20,2411,11,129,0
0,2,26,0,4,0,1,1,0,0,1.725,0,1,0,0,1,4,0,0,0,0,1,0,0,0,1,0,1,0,0,20,2411,11,130,0
0,0,31,0,4,0,1,0,1,0,1.675,0,1,0,0,1,4,0,0,0,0,0,0,1,0,1,0,1,0,0,20,2411,11,131,0
0,0,31,0,4,0,1,0,1,0,0,1,1,0,0,1,6,0,0,0,1,0,0,0,0,1,6.176106,0,0,1,20,2411,11,132,0
1,0,33,0,4,0,0,0,1,0,1.75,0,1,0,0,1,4,0,0,0,0,1,0,0,9.21034,0,5.825603,0,0,0,20,2411,11,133,0
0,0,35,0,4,0,1,0,1,0,0,1,1,0,0,1,2,0,0,0,0,0,0,1,0,1,5.825603,0,0,0,20,2411,11,134,0
0,6,31,0,4,0,0,0,0,0,1.65,0,1,0,0,1,5,0,0,0,0,1,0,0,0,1,5.794884,0,0,0,20,2411,11,135,0
0,0,28,0,4,0,1,0,1,0,1.7,0,1,0,0,1,0,0,1,0,0,0,0,1,0,1,6.094067,0,1,0,20,2411,11,136,0
0,0,30,0,4,0,0,0,1,0,1.75,0,1,0,0,1,6,0,0,0,1,0,0,0,0,1,5.459123,0,0,0,20,2411,11,137,0
1,0,30,0,4,0,0,0,1,0,1.7,0,1,0,0,1,4,0,0,0,1,0,0,0,0,1,0,1,0,0,20,2411,11,138,0
1,0,29,0,4,0,0,0,1,0,0,1,1,0,0,1,0,0,1,0,0,0,0,1,0,1,0,1,0,0,20,2411,11,139,0
0,0,36,0,4,0,0,0,1,0,1.6,0,1,0,0,1,0,0,1,0,0,0,0,1,8.699514,0,5.308418,0,0,0,20,2411,11,140,0
1,0,32,0,4,0,0,0,1,0,1.55,0,1,0,0,1,2,0,0,0,0,0,0,1,0,1,5.308418,0,0,0,20,2411,11,141,0
1,2,28,0,4,0,0,1,0,0,1.65,0,1,0,0,1,4,0,0,0,0,1,0,0,0,1,0,1,0,0,20,2411,11,142,0
0,0,31,0,4,0,0,0,1,0,1.65,0,1,0,0,1,4,0,0,0,1,0,0,0,0,1,4.159452,0,0,1,20,2411,11,143,0
0,6,35,0,4,0,1,0,0,0,1.675,0,1,0,0,1,6,0,0,0,0,1,0,0,0,1,6.094067,0,0,0,20,2411,11,144,0
1,3,30,0,4,0,0,0,0,0,1.675,0,1,0,0,1,0,0,1,0,0,0,0,1,0,1,6.094067,0,0,1,20,2411,11,145,0
0,4,28,0,4,0,1,0,0,0,1.65,0,1,0,0,1,5,0,0,0,0,1,0,0,0,1,5.794884,0,0,0,20,2411,11,146,0
1,4,27,0,4,0,0,0,0,0,1.7,0,1,0,0,1,4,0,0,0,0,0,0,1,0,1,4.159452,0,0,0,20,2411,11,147,0
0,2,30,0,4,0,0,1,0,0,1.75,0,1,0,0,1,4,0,0,1,1,0,0,0,0,1,0,1,0,0,20,2411,11,148,0
0,0,30,0,4,0,1,0,1,0,1.675,0,1,0,0,1,0,0,1,0,0,0,0,1,0,1,5.825603,0,0,0,20,2411,11,149,0
0,0,27,0,4,0,0,0,1,0,1.675,0,1,0,0,1,6,0,0,0,1,1,0,0,0,1,6.093101,0,0,0,20,2411,11,150,0
0,0,31,0,4,0,0,0,1,0,1.65,0,1,0,0,1,4,0,0,0,0,1,0,0,0,1,5.825603,0,1,0,20,2411,11,50,0
0,6,32,0,4,0,0,0,0,0,1.68,0,1,0,0,1,5,0,0,0,0,1,0,0,0,1,5.794884,0,0,1,20,2411,11,51,0
0,0,28,0,4,0,1,0,1,0,1.55,0,1,0,0,1,0,0,1,0,0,0,0,1,9.10498,0,6.093101,0,0,0,20,2411,11,52,0
0,2,29,0,4,0,1,1,0,0,1.625,0,1,0,0,1,5,0,0,0,0,1,0,0,9.615806,0,5.825603,0,0,1,20,2411,11,53,0
0,2,33,0,4,0,0,1,0,0,1.7,0,1,0,0,1,6,0,0,0,1,1,0,0,0,1,6.093101,0,1,0,20,2411,11,54,0
0,0,30,0,4,0,0,0,1,0,1.7,0,1,0,0,1,6,0,0,0,0,1,0,0,0,1,6.094067,0,0,0,20,2411,11,55,0
1,0,32,0,4,0,0,0,1,0,1.7,0,1,0,0,1,5,0,0,0,0,0,0,1,0,1,5.50987,0,0,0,20,2411,11,56,0
0,6,33,0,4,0,0,0,0,0,1.7,0,1,0,0,1,5,0,0,0,0,1,0,0,0,1,5.794884,0,0,0,20,2411,11,57,0
0,2,33,0,4,0,0,1,0,0,1.75,0,1,0,0,1,4,0,0,0,1,0,0,0,0,1,0,1,0,0,20,2411,11,58,0
1,0,28,0,4,0,0,0,1,0,1.5875,0,1,0,0,1,0,0,1,0,0,0,0,1,0,1,0,1,0,0,20,2411,11,59,0
0,0,30,0,4,0,0,0,1,0,1.6375,0,1,0,0,1,4,0,0,0,1,0,0,0,0,1,5.825603,0,0,0,20,2411,11,60,0
1,0,30,0,4,0,0,0,1,0,1.5125,0,1,0,0,1,0,0,1,0,0,1,0,0,0,1,5.794884,0,0,1,20,2411,11,61,0
1,6,26,0,4,0,0,0,0,0,1.775,0,1,0,0,1,5,0,0,0,0,1,0,0,0,1,5.794884,0,0,0,20,2411,11,62,0
0,0,31,0,4,0,0,0,1,0,1.65,0,1,0,0,1,4,0,0,0,1,0,0,0,0,1,4.159452,0,1,0,20,2411,11,63,0
0,0,35,0,4,0,0,0,1,0,1.6,0,1,0,0,1,3,0,0,0,0,1,0,0,8.987197,0,5.794884,0,0,0,20,2411,11,64,0
0,6,30,0,4,0,0,0,0,0,1.625,0,1,0,0,1,0,0,1,0,0,1,0,0,0,1,5.794884,0,0,1,20,2411,11,65,0
0,0,28,0,4,0,0,0,1,0,1.725,0,1,0,0,1,0,0,1,0,0,0,0,1,8.699514,0,0,1,0,0,20,2411,11,66,0
0,0,30,0,4,0,0,0,1,0,1.65,0,1,0,0,1,4,0,0,0,1,0,0,0,9.392662,0,5.447579,0,0,0,20,2411,11,67,0
1,2,28,0,4,0,0,1,0,0,1.675,0,1,0,0,1,4,0,0,0,0,0,0,1,0,1,5.447579,0,0,0,20,2411,11,68,0
0,0,29,0,4,0,1,0,1,0,1.55,0,1,0,0,1,4,0,0,0,0,1,0,0,0,1,5.794884,0,0,0,20,2411,11,69,0
1,0,35,0,4,0,0,0,1,0,0,1,1,0,0,1,6,0,0,0,0,1,0,0,10.12663,0,0,1,0,1,20,2411,11,70,0
0,0,35,0,4,0,0,0,1,0,1.675,0,1,0,0,1,0,0,1,0,0,0,0,1,9.615806,0,4.159452,0,0,0,20,2411,11,71,0
1,0,35,0,4,0,0,0,1,0,1.75,0,1,0,0,1,4,0,0,0,1,0,0,0,0,1,5.447579,0,0,0,20,2411,11,72,0
0,2,29,0,4,0,0,1,0,0,0,1,1,0,0,1,4,0,0,0,0,1,0,0,9.998797,0,6.093101,0,0,1,20,2411,11,73,0
0,0,39,0,4,0,1,0,1,0,1.7,0,1,0,0,1,3,0,0,0,0,1,0,0,9.305651,0,5.327161,0,0,1,20,2411,11,74,0
0,0,26,0,4,0,0,0,1,0,1.775,0,1,0,0,1,0,0,1,0,0,1,0,0,9.277999,0,6.093101,0,0,0,20,2411,11,75,0
0,0,37,0,4,0,1,0,1,0,1.775,0,1,0,0,1,5,0,0,1,0,0,0,0,9.472705,0,5.825603,0,1,0,20,2411,11,76,0
0,5,30,0,4,0,1,0,0,0,1.7,0,1,0,0,1,6,0,0,0,1,1,0,0,0,1,6.093101,0,0,1,20,2411,11,77,0
0,0,32,0,4,0,0,0,1,0,1.65,0,1,0,0,1,0,0,1,0,0,0,0,1,9.587635,0,6.093101,0,0,0,20,2411,11,78,0
0,2,30,0,4,0,0,1,0,0,1.675,0,1,0,0,1,4,0,0,0,0,0,0,1,0,1,4.159452,0,0,0,20,2411,11,79,0
0,0,38,0,4,0,1,0,1,0,1.7,0,1,0,0,1,3,0,0,0,0,0,0,1,0,1,4.159452,0,0,1,20,2411,11,80,0
0,2,32,0,4,0,0,1,0,0,1.625,0,1,0,0,1,0,0,1,0,0,0,0,1,8.922658,0,0,1,0,0,20,2411,11,81,0
0,0,35,0,4,0,0,0,1,0,1.65,0,1,0,0,1,4,0,0,0,1,0,0,0,0,1,5.447579,0,0,0,20,2411,11,82,0
0,0,34,0,4,0,0,0,1,0,0,1,1,0,0,1,0,0,1,0,0,0,0,1,0,1,4.159452,0,0,0,20,2411,11,83,0
0,4,30,0,4,0,0,0,0,0,1.725,0,1,0,0,1,2,0,0,0,0,0,0,1,9.21034,0,0,1,0,0,20,2411,11,84,0
0,4,38,0,4,0,1,0,0,0,0,1,1,0,0,1,0,0,1,0,0,0,0,1,0,1,0,1,0,1,20,2411,11,85,0
0,0,27,0,4,0,0,0,1,0,1.7,0,1,0,0,1,2,0,0,0,0,0,0,1,0,1,4.159452,0,1,0,20,2411,11,86,0
0,6,29,0,4,0,0,0,0,0,1.7,0,1,0,0,1,6,0,0,0,0,1,0,0,0,1,5.794884,0,0,0,20,2411,11,87,0
0,0,33,0,4,0,0,0,1,0,1.65,0,1,0,0,1,0,0,1,0,0,0,0,1,0,1,4.159452,0,1,0,20,2411,11,88,0
1,0,35,0,4,0,0,0,1,0,1.675,0,1,0,0,1,4,0,0,0,0,1,0,0,0,1,4.159452,0,0,0,20,2411,11,89,0
0,4,32,0,4,0,1,0,0,0,1.625,0,1,0,0,1,0,0,1,0,0,0,0,1,0,1,0,1,0,1,20,2411,11,90,0
0,0,31,0,4,0,0,0,1,0,1.675,0,1,0,0,1,4,0,0,0,0,1,0,0,8.294049,0,0,1,0,0,20,2411,11,91,0
0,0,33,0,4,0,0,0,1,0,1.65,0,1,0,0,1,4,0,0,0,0,1,0,0,9.10498,0,4.159452,0,0,0,20,2411,11,92,0
1,4,28,0,4,0,0,0,0,0,1.775,0,1,0,0,1,5,0,0,0,1,0,0,0,0,1,0,1,0,0,20,2411,11,93,0
0,0,26,0,4,0,0,0,1,0,1.775,0,1,0,0,1,4,0,0,0,0,1,0,0,9.615806,0,0,1,0,0,20,2411,11,94,0
1,0,26,0,4,0,0,0,1,0,1.7,0,1,0,0,1,5,0,0,0,0,1,0,0,0,1,0,1,0,0,20,2411,11,95,0
0,0,31,0,4,0,1,0,1,0,0,1,1,0,0,1,6,0,0,0,1,1,0,0,0,1,5.825603,0,0,1,20,2411,11,96,0
1,2,31,0,4,0,0,1,0,0,0,1,1,0,0,1,4,0,0,0,0,0,0,1,0,1,0,1,0,0,20,2411,11,97,0
1,3,33,0,4,0,0,0,0,0,1.675,0,1,0,0,1,0,0,1,0,0,0,0,1,0,1,0,1,1,0,20,2411,11,98,0
0,4,36,0,4,0,1,0,0,0,1.6,0,1,0,0,1,4,0,0,1,0,0,0,0,0,1,5.825603,0,0,0,21,2411,11,99,0
0,2,30,0,4,0,1,1,0,0,1.65,0,1,0,0,1,0,0,1,0,0,0,0,1,0,1,0,1,0,0,20,2411,13,6,0
0,2,25,0,4,0,0,1,0,0,1.625,0,1,0,0,1,2,0,0,0,0,0,0,1,0,1,0,1,1,0,24,2601,11,2,0
1,0,30,0,4,0,0,0,1,0,1.65,0,1,0,0,1,5,0,0,0,0,1,0,0,9.721166,0,5.794884,0,0,1,24,2601,11,10,0
1,0,36,0,4,0,0,0,1,0,1.65,0,1,0,0,1,2,0,0,0,0,0,0,1,0,1,0,1,0,0,24,2601,11,16,0
1,0,25,0,4,0,0,0,1,0,1.725,0,1,0,0,1,4,0,0,0,0,0,0,1,0,1,4.159452,0,0,0,24,2601,11,24,0
0,0,28,0,4,0,0,0,1,0,1.7,0,1,0,0,1,2,0,0,0,0,0,0,1,0,1,4.159452,0,0,1,24,2601,11,31,0
0,0,30,0,4,0,0,0,1,0,1.775,0,1,0,0,1,0,0,1,0,0,0,0,1,0,1,4.159452,0,0,1,20,2601,11,45,0
0,2,28,0,4,0,0,1,0,0,1.675,0,1,0,0,1,0,0,1,0,0,0,0,1,0,1,0,1,0,0,24,2601,11,49,0
0,0,24,0,4,0,1,0,1,0,1.75,0,1,0,0,1,5,0,0,0,0,1,0,0,8.987197,0,5.794884,0,0,0,20,2601,11,58,1
0,6,25,0,4,0,0,0,0,0,1.625,0,1,0,0,1,5,0,0,0,0,1,0,0,0,1,6.093101,0,1,0,20,2601,14,100,0
1,0,28,0,4,0,0,0,1,0,0,1,1,0,0,1,4,0,0,0,1,0,0,0,9.798127,0,6.093101,0,0,0,20,2601,14,101,0
1,0,28,0,4,0,0,0,1,0,1.625,0,1,0,0,1,5,0,0,0,0,1,0,0,0,1,5.794884,0,1,0,20,2601,14,102,0
0,0,28,0,4,0,1,0,1,0,1.675,0,1,0,0,1,5,0,0,0,0,1,0,0,0,1,5.794884,0,0,0,20,2601,14,103,0
0,5,28,0,4,0,1,0,0,0,1.725,0,1,0,0,1,6,0,0,0,1,1,0,0,0,1,0,1,0,1,20,2601,14,104,0
0,0,28,0,4,0,1,0,1,0,1.775,0,1,0,0,1,6,0,0,0,1,1,0,0,0,1,6.093101,0,1,0,20,2601,14,105,0
0,0,27,0,4,0,0,0,1,0,1.675,0,1,0,0,1,5,0,0,0,0,1,0,0,0,1,6.093101,0,0,0,20,2601,14,106,0
1,0,38,0,4,0,0,0,1,0,1.75,0,1,0,0,1,5,0,0,0,0,1,0,0,0,1,5.825603,0,0,0,20,2601,14,107,0
0,0,30,0,4,0,0,0,1,0,1.65,0,1,0,0,1,4,0,0,0,1,0,0,0,0,1,5.825603,0,0,1,20,2601,14,108,0
0,2,39,0,4,0,1,1,0,0,1.575,0,1,0,0,1,0,0,1,0,0,0,0,1,8.612503,0,0,1,0,0,20,2601,14,21,0
0,0,29,0,4,0,1,0,1,0,1.725,0,1,0,0,1,0,0,1,0,0,0,0,1,0,1,5.825603,0,0,0,21,2601,14,22,0
0,0,30,0,4,0,0,0,1,0,1.75,0,1,0,0,1,6,0,0,0,1,0,0,0,0,1,6.093101,0,0,0,20,2601,14,23,0
0,2,32,0,4,0,0,1,0,0,1.65,0,1,0,0,1,4,0,0,0,0,1,0,0,8.987197,0,5.486716,0,0,0,21,2601,14,24,0
1,0,35,0,4,0,0,0,1,0,1.775,0,1,0,0,1,0,0,1,0,0,0,0,1,9.615806,0,4.159452,0,0,0,20,2601,14,25,0
0,0,27,0,4,0,1,0,1,0,1.55,0,1,0,0,1,5,0,0,0,0,1,0,0,0,1,4.159452,0,1,0,20,2601,14,26,0
0,2,38,0,4,0,0,1,0,0,1.65,0,1,0,0,1,6,0,0,0,1,1,0,0,0,1,5.447579,0,0,0,20,2601,14,27,0
0,0,38,0,4,0,0,0,1,0,1.65,0,1,0,0,1,2,0,0,0,0,0,0,1,0,1,4.159452,0,0,1,20,2601,14,28,0
0,0,29,0,4,0,0,0,1,0,1.85,0,1,0,0,1,5,0,0,0,0,1,0,0,0,1,5.794884,0,0,0,20,2601,14,29,0
0,0,33,0,4,0,1,0,1,0,0,1,1,0,0,1,4,0,0,0,1,0,0,0,8.699514,0,0,1,0,0,20,2601,14,30,0
0,0,28,0,4,0,0,0,1,0,1.725,0,1,0,0,1,4,0,0,0,0,1,0,0,8.987197,0,0,1,0,0,20,2601,14,31,0
0,0,39,0,4,0,0,0,1,0,1.725,0,1,0,0,1,6,0,0,1,1,0,0,0,0,1,5.825603,0,0,0,20,2601,14,32,0
0,4,28,0,4,0,0,0,0,0,1.675,0,1,0,0,1,4,0,0,1,0,0,0,0,0,1,4.159452,0,0,0,20,2601,14,33,0
0,0,32,0,4,0,1,0,1,0,1.7,0,1,0,0,1,6,0,0,0,0,0,0,1,0,1,6.093101,0,0,1,20,2601,14,34,0
0,0,27,0,4,0,1,0,1,0,1.725,0,1,0,0,1,0,0,1,0,0,0,0,1,0,1,4.159452,0,0,0,20,2601,14,35,0
1,0,32,0,4,0,0,0,1,0,1.725,0,1,0,0,1,0,0,1,0,0,0,0,1,8.987197,0,4.159452,0,1,0,20,2601,14,36,0
1,2,30,0,4,0,0,1,0,0,1.65,0,1,0,0,1,4,0,0,0,1,0,0,0,0,1,4.159452,0,1,0,20,2601,14,37,0
0,0,28,0,4,0,0,0,1,0,0,1,1,0,0,1,0,0,1,0,0,0,0,1,0,1,6.093101,0,0,0,20,2601,14,38,0
0,0,32,0,4,0,1,0,1,0,1.725,0,1,0,0,1,0,0,1,0,0,0,0,1,0,1,5.825603,0,1,0,20,2601,14,39,0
0,0,33,0,4,0,0,0,1,0,1.75,0,1,0,0,1,4,0,0,0,1,0,0,0,9.21034,0,5.825603,0,0,0,20,2601,14,40,0
1,0,32,0,4,0,0,0,1,0,1.7,0,1,0,0,1,5,0,0,1,0,0,0,0,0,1,5.50987,0,1,0,20,2601,14,41,0
0,2,30,0,4,0,0,1,0,0,1.6,0,1,0,0,1,4,0,0,0,1,0,0,0,0,1,4.159452,0,0,0,20,2601,14,42,0
0,0,33,0,4,0,1,0,1,0,0,1,1,0,0,1,0,0,1,0,0,0,0,1,0,1,4.159452,0,0,0,20,2601,14,43,0
1,0,34,0,4,0,0,0,1,0,1.65,0,1,0,0,1,2,0,0,0,0,0,0,1,0,1,5.486716,0,0,0,20,2601,14,44,0
0,6,31,0,4,0,1,0,0,0,1.7,0,1,0,0,1,5,0,0,0,0,0,0,1,0,1,5.794884,0,0,1,20,2601,14,45,0
0,0,33,0,4,0,0,0,1,0,1.725,0,1,0,0,1,3,0,0,0,0,0,1,0,0,1,4.159452,0,0,0,20,2601,14,46,0
0,0,29,0,4,0,0,0,1,0,1.75,0,1,0,0,1,5,0,0,0,0,1,0,0,0,1,5.825603,0,0,0,20,2601,14,47,0
0,0,55,0,4,0,1,0,1,0,1.6,0,1,0,0,1,5,0,0,0,0,1,0,0,0,1,0,1,0,1,20,2601,14,48,0
0,2,40,0,4,0,0,1,0,0,1.75,0,1,0,0,1,0,0,1,0,0,0,0,1,9.21034,0,5.825603,0,0,1,20,2601,14,49,0
1,6,30,0,4,0,0,0,0,0,1.65,0,1,0,0,1,4,0,0,0,0,1,0,0,0,1,6.093101,0,1,0,20,2601,14,50,0
0,0,32,0,4,0,1,0,1,0,1.6,0,1,0,0,1,0,0,1,0,0,0,0,1,0,1,6.093101,0,0,1,20,2601,14,51,0
0,2,38,0,4,0,1,1,0,0,0,1,1,0,0,1,0,0,1,0,0,0,0,1,9.546813,0,5.459123,0,0,0,20,2601,14,52,0
1,0,37,0,4,0,0,0,1,0,1.65,0,1,0,0,1,4,0,0,0,0,1,0,0,0,1,5.50987,0,1,0,20,2601,14,53,0
0,0,41,0,4,0,1,0,1,0,1.75,0,1,0,0,1,0,0,1,0,0,0,0,1,0,1,5.447579,0,0,0,20,2601,14,54,0
0,0,36,0,4,0,0,0,1,0,1.65,0,1,0,0,1,4,0,0,0,1,0,0,0,0,1,5.459123,0,0,0,20,2601,14,55,0
1,2,29,0,4,0,0,1,0,0,1.8,0,1,0,0,1,4,0,0,0,0,1,0,0,8.853665,0,0,1,0,0,20,2601,14,56,0
0,0,31,0,4,0,1,0,1,0,0,1,1,0,0,1,6,0,0,0,1,0,0,0,9.798127,0,5.825603,0,0,1,20,2601,14,57,0
0,0,28,0,4,0,0,0,1,0,1.7,0,1,0,0,1,4,0,0,0,1,0,0,0,0,1,4.159452,0,0,0,20,2601,14,58,0
0,0,28,0,4,0,0,0,1,0,1.65,0,1,0,0,1,5,0,0,0,0,1,0,0,9.680344,0,5.794884,0,0,0,20,2601,14,59,0
1,0,28,0,4,0,0,0,1,0,1.625,0,1,0,0,1,0,0,1,0,0,0,0,1,0,1,0,1,0,0,20,2601,14,60,0
0,2,31,0,4,0,1,1,0,0,0,1,1,0,0,1,6,0,0,0,0,1,0,0,9.769957,0,5.825603,0,0,1,20,2601,14,61,0
1,0,30,0,4,0,0,0,1,0,1.725,0,1,0,0,1,6,0,0,0,0,1,0,0,0,1,6.093101,0,0,0,20,2601,14,62,0
1,2,33,0,4,0,0,1,0,0,1.75,0,1,0,0,1,6,0,0,0,0,0,0,1,10.12663,0,6.093101,0,0,0,20,2601,14,63,0
1,0,30,0,4,0,0,0,1,0,1.525,0,1,0,0,1,5,0,0,0,1,0,0,0,0,1,5.825603,0,1,0,20,2601,14,64,0
0,4,30,0,4,0,1,0,0,0,1.625,0,1,0,0,1,4,0,0,0,0,1,0,0,0,1,0,1,0,0,20,2601,14,65,0
1,2,30,0,4,0,0,1,0,0,1.7125,0,1,0,0,1,6,0,0,0,1,0,0,0,0,1,6.093101,0,0,0,21,2601,14,66,0
0,2,37,0,4,0,0,1,0,0,1.575,0,1,0,0,1,4,0,0,0,0,1,0,0,0,1,5.825603,0,0,0,20,2601,14,67,0
0,0,36,0,4,0,0,0,1,0,1.7,0,1,0,0,1,4,0,0,0,1,0,0,0,0,1,0,1,0,0,20,2601,14,68,0
0,0,24,0,4,0,1,0,1,0,1.6,0,1,0,0,1,5,0,0,1,0,0,0,0,9.740969,0,0,1,0,0,20,2601,14,69,0
0,0,33,0,4,0,1,0,1,0,1.675,0,1,0,0,1,4,0,0,0,1,0,0,0,0,1,5.825603,0,0,0,20,2601,14,70,0
0,0,24,0,4,0,1,0,1,0,1.6,0,1,0,0,1,4,0,0,0,0,1,0,0,0,1,0,1,0,0,20,2601,14,71,0
1,0,31,0,4,0,0,0,1,0,1.65,0,1,0,0,1,0,0,1,0,0,0,0,1,8.987197,0,4.159452,0,0,0,20,2601,14,72,0
1,0,34,0,4,0,0,0,1,0,1.65,0,1,0,0,1,5,0,0,1,0,0,0,0,9.305651,0,5.50987,0,0,0,20,2601,14,73,0
0,0,45,0,4,0,1,0,1,0,0,1,1,0,0,1,1,0,0,0,0,1,0,0,0,1,6.093101,0,0,0,20,2601,14,74,0
0,6,24,0,4,0,1,0,0,0,1.5875,0,1,0,0,1,5,0,0,0,0,1,0,0,0,1,0,1,0,1,20,2601,14,75,0
0,0,35,0,4,0,0,0,1,0,1.65,0,1,0,0,1,4,0,0,0,1,0,0,0,9.148465,0,5.825603,0,0,0,20,2601,14,76,0
0,2,34,0,4,0,0,1,0,0,1.675,0,1,0,0,1,4,0,0,0,0,1,0,0,0,1,5.825603,0,0,0,20,2601,14,77,0
0,2,37,0,4,0,0,1,0,0,1.65,0,1,0,0,1,6,0,0,0,1,0,0,0,9.615806,0,5.825603,0,0,0,20,2601,14,78,0
0,0,37,0,4,0,1,0,1,0,1.7,0,1,0,0,1,5,0,0,0,0,1,0,0,0,1,0,1,0,0,20,2601,14,79,0
0,0,28,0,4,0,1,0,1,0,1.775,0,1,0,0,1,4,0,0,0,0,1,0,0,8.987197,0,0,1,0,0,20,2601,14,80,0
0,3,27.5,0,4,0,0,0,0,0,1.6875,0,1,0,0,1,5,0,0,0,0,1,0,0,0,1,6.093101,0,0,0,20,2601,14,81,0
0,0,37,0,4,0,0,0,1,0,1.625,0,1,0,0,1,2,0,0,0,0,0,0,1,9.21034,0,5.486716,0,0,1,20,2601,14,82,1
0,2,34,0,4,0,0,1,0,0,1.65,0,1,0,0,1,4,0,0,0,1,0,0,0,0,1,4.710353,0,0,1,20,2601,14,82,1
0,0,29,0,4,0,1,0,1,0,0,1,1,0,0,1,0,0,1,0,0,0,0,1,0,1,4.710353,0,0,1,20,2601,14,83,0
0,0,36,0,4,0,0,0,1,0,1.7875,0,1,0,0,1,5,0,0,0,1,1,0,0,9.615806,0,4.159452,0,0,0,20,2601,14,84,0
0,0,30,0,4,0,1,0,1,0,1.65,0,1,0,0,1,4,0,0,0,0,1,0,0,0,1,5.825603,0,0,0,20,2601,14,85,0
1,0,34,0,4,0,0,0,1,0,1.5625,0,1,0,0,1,4,0,0,0,0,1,0,0,0,1,0,1,0,0,21,2601,14,86,0
0,0,27,0,4,0,1,0,1,0,1.625,0,1,0,0,1,4,0,0,0,0,1,0,0,0,1,4.159452,0,0,0,20,2601,14,87,0
0,0,32,0,4,0,0,0,1,0,1.675,0,1,0,0,1,4,0,0,0,1,0,0,0,8.987197,0,4.159452,0,0,1,20,2601,14,88,0
0,2,33,0,4,0,1,1,0,0,1.675,0,1,0,0,1,6,0,0,0,0,1,0,0,0,1,6.093101,0,0,0,20,2601,14,89,0
0,2,28,0,4,0,0,1,0,0,1.75,0,1,0,0,1,4,0,0,0,0,1,0,0,0,1,5.825603,0,0,0,20,2601,14,90,0
1,0,34,0,4,0,0,0,1,0,1.65,0,1,0,0,1,2,0,0,0,0,0,0,1,0,1,4.159452,0,0,0,20,2601,14,91,0
0,0,36,0,4,0,0,0,1,0,1.65,0,1,0,0,1,4,0,0,1,0,1,0,0,9.392662,0,5.50987,0,0,0,20,2601,14,92,0
0,0,42,0,4,0,1,0,1,0,1.65,0,1,0,0,1,6,0,0,0,0,0,0,1,0,1,5.447579,0,0,0,20,2601,14,93,0
0,2,30,0,4,0,0,1,0,0,1.7,0,1,0,0,1,6,0,0,0,0,1,0,0,0,1,5.794884,0,0,0,20,2601,14,94,0
0,6,38,0,4,0,0,0,0,0,1.7125,0,1,0,0,1,5,0,0,0,0,1,0,0,0,1,6.093101,0,0,0,20,2601,14,95,0
0,5,26,0,4,0,0,0,0,0,1.775,0,1,0,0,1,5,0,0,0,0,1,0,0,0,1,6.093101,0,0,0,20,2601,14,96,0
0,0,49,0,4,0,1,0,1,0,1.76,0,1,0,0,1,0,0,1,0,0,0,0,1,11.8494,0,4.710353,0,0,1,20,2601,14,97,0
0,0,34,0,4,0,0,0,1,0,1.65,0,1,0,0,1,5,0,0,0,0,1,0,0,9.392662,0,5.794884,0,0,1,20,2601,14,98,0
1,0,28,0,4,0,0,0,1,0,1.7,0,1,0,0,1,0,0,1,0,0,0,0,1,0,1,4.159452,0,0,0,20,2601,14,99,0
0,2,34,0,4,0,1,1,0,0,1.65,0,1,0,0,1,4,0,0,0,0,0,0,1,9.21034,0,4.159452,0,0,1,20,2601,18,58,0
0,3,27,0,4,0,1,0,0,0,1.625,0,1,0,0,1,0,0,1,0,0,0,0,1,0,1,4.159452,0,0,1,20,2601,18,59,0
0,0,32,0,4,0,0,0,1,0,1.7,0,1,0,0,1,4,0,0,0,0,1,0,0,0,1,5.825603,0,1,0,20,2601,18,60,0
0,0,30,0,4,0,0,0,1,0,1.675,0,1,0,0,1,4,0,0,0,1,0,0,0,8.987197,0,4.159452,0,0,0,20,2601,18,61,0
1,0,28,0,4,0,0,0,1,0,1.65,0,1,0,0,1,6,0,0,0,1,0,0,0,0,1,6.093101,0,1,0,20,2601,18,62,0
0,0,29,0,4,0,0,0,1,0,1.65,0,1,0,0,1,6,0,0,0,1,0,0,0,0,1,4.159452,0,1,0,20,2601,18,63,0
0,0,30,0,4,0,0,0,1,0,1.75,0,1,0,0,1,2,0,0,0,1,0,0,0,0,1,4.159452,0,0,0,20,2601,18,64,0
0,5,29,0,4,0,0,0,0,0,1.675,0,1,0,0,1,4,0,0,0,1,0,0,0,0,1,0,1,0,0,20,2710,10,17,0
1,2,26,0,4,0,0,1,0,0,1.6,0,1,0,0,1,1,0,0,0,0,0,0,1,10.30895,0,4.159452,0,0,1,24,2710,10,72,1
1,2,23,0,4,0,0,1,0,0,1.625,0,1,0,0,1,1,0,0,0,0,0,0,1,10.30895,0,4.159452,0,0,1,24,2710,10,72,1
0,2,29,0,4,0,0,1,0,0,0,1,1,0,0,1,4,0,0,0,0,0,0,1,0,1,0,1,0,0,24,2710,10,98,0
0,0,28,0,4,0,0,0,1,0,1.775,0,1,0,0,1,1,0,0,0,0,0,0,1,0,1,0,1,0,0,20,2710,12,132,0
1,0,26,0,4,0,0,0,1,0,1.675,0,1,0,0,1,4,0,0,0,0,0,0,1,0,1,6.093101,0,0,0,20,2710,14,167,0
1,3,30,0,4,0,0,0,0,0,1.625,0,1,0,0,1,0,0,1,0,0,0,0,1,0,1,5.447579,0,0,0,20,2710,14,172,0
1,0,32,0,4,0,0,0,1,0,1.65,0,1,0,0,1,4,0,0,0,0,0,0,1,0,1,5.794884,0,0,0,20,2710,14,173,0
0,5,28,0,4,0,0,0,0,0,1.75,0,1,0,0,1,0,0,1,0,0,0,0,1,0,1,0,1,0,0,20,2710,14,174,0
0,0,30,0,4,0,0,0,1,0,1.625,0,1,0,0,1,4,0,0,0,0,0,0,1,0,1,0,1,0,0,20,2710,14,175,0
0,0,40,0,4,0,0,0,1,0,1.625,0,1,0,0,1,4,0,0,0,0,0,0,1,9.615806,0,0,1,0,0,20,2710,14,176,0
0,0,30,0,4,0,0,0,1,0,1.625,0,1,0,0,1,4,0,0,0,0,0,0,1,9.903487,0,4.159452,0,0,0,20,2710,14,177,0
0,2,38,0,4,0,0,1,0,0,1.725,0,1,0,0,1,4,0,0,0,0,0,0,1,0,1,0,1,0,0,20,2710,14,178,0
0,2,29,0,4,0,0,1,0,0,1.7,0,1,0,0,1,0,0,1,0,0,0,0,1,9.21034,0,6.093101,0,0,0,20,2710,14,179,0
0,0,30,0,4,0,0,0,1,0,1.75,0,1,0,0,1,6,0,0,0,1,0,0,0,10.40426,0,6.093101,0,0,0,20,2710,14,180,0
0,0,31,0,4,0,0,0,1,0,1.675,0,1,0,0,1,4,0,0,0,0,0,0,1,0,1,4.159452,0,0,0,20,2710,14,181,0
0,2,28,0,4,0,0,1,0,0,1.725,0,1,0,0,1,4,0,0,0,0,0,0,1,0,1,4.159452,0,0,0,20,2710,14,182,0
1,2,0,0,4,0,0,1,0,1,0,1,1,0,0,1,0,0,1,0,0,0,0,1,0,1,5.794884,0,0,0,20,2710,14,183,0
1,0,32,0,4,0,0,0,1,0,1.6,0,1,0,0,1,4,0,0,0,0,0,0,1,0,1,0,1,0,0,20,2710,14,184,0
1,0,35,0,4,0,0,0,1,0,1.675,0,1,0,0,1,5,0,0,0,0,0,0,1,0,1,0,1,0,0,20,2710,14,185,0
0,0,32,0,4,0,0,0,1,0,1.6,0,1,0,0,1,5,0,0,0,0,0,0,1,0,1,6.093101,0,0,0,20,2710,14,186,0
0,0,60,0,4,0,0,0,1,0,0,1,1,0,0,1,0,0,1,0,0,0,0,1,0,1,0,1,0,0,20,2710,14,187,0
0,2,33,0,4,0,0,1,0,0,1.65,0,1,0,0,1,0,0,1,0,0,0,0,1,8.699514,0,0,1,0,0,20,2710,14,188,0
0,0,28,0,4,0,0,0,1,0,1.675,0,1,0,0,1,4,0,0,0,0,0,0,1,0,1,6.093101,0,0,0,20,2710,14,189,0
0,2,33,0,4,0,0,1,0,0,1.75,0,1,0,0,1,5,0,0,0,0,0,0,1,0,1,5.825603,0,0,0,20,2710,14,190,0
0,0,32,0,4,0,0,0,1,0,1.675,0,1,0,0,1,5,0,0,0,0,0,0,1,0,1,0,1,0,0,20,2710,14,191,0
0,0,26,0,4,0,1,0,1,0,0,1,1,0,0,1,0,0,1,0,0,0,0,1,0,1,4.710353,0,0,0,20,2710,14,192,0
0,0,40,0,4,0,0,0,1,0,1.6,0,1,0,0,1,4,0,0,0,0,0,0,1,0,1,5.825603,0,0,0,20,2710,14,193,0
0,2,26.5,0,4,0,0,1,0,0,1.575,0,1,0,0,1,6,0,0,0,0,0,0,1,0,1,4.159452,0,0,0,20,2710,14,194,0
0,2,32,0,4,0,0,1,0,0,1.725,0,1,0,0,1,0,0,1,0,0,0,0,1,0,1,0,1,0,0,20,2710,14,195,0
1,2,29,0,4,0,0,1,0,0,1.8375,0,1,0,0,1,6,0,0,0,0,0,0,1,0,1,5.40345,0,0,0,20,2710,14,196,0
0,0,39,0,4,0,0,0,1,0,1.7875,0,1,0,0,1,0,0,1,0,0,0,0,1,9.148465,0,0,1,0,0,20,2710,14,197,0
1,2,39,0,4,0,0,1,0,0,1.625,0,1,0,0,1,5,0,0,0,0,0,0,1,0,1,5.40345,0,0,0,20,2710,14,198,0
0,3,26,0,4,0,1,0,0,0,1.675,0,1,0,0,1,0,0,1,0,0,0,0,1,0,1,0,1,0,0,20,2710,14,199,0
0,0,26,0,4,0,1,0,1,0,1.65,0,1,0,0,1,0,0,1,0,0,0,0,1,0,1,4.710353,0,0,0,20,2710,14,200,0
0,0,36,0,4,0,1,0,1,0,1.625,0,1,0,0,1,0,0,1,0,0,0,0,1,9.21034,0,0,1,0,0,20,2710,14,201,0
1,0,30,0,4,0,0,0,1,0,1.825,0,1,0,0,1,4,0,0,0,0,0,0,1,0,1,4.159452,0,0,0,20,2710,14,202,0
0,0,34,0,4,0,0,0,1,0,1.675,0,1,0,0,1,4,0,0,0,0,0,0,1,0,1,5.50987,0,0,0,20,2710,14,203,0
0,0,32,0,4,0,0,0,1,0,1.8,0,1,0,0,1,4,0,0,0,0,0,0,1,0,1,5.327161,0,0,0,20,2710,14,204,0
0,0,41,0,4,0,0,0,1,0,1.65,0,1,0,0,1,0,0,1,0,0,0,0,1,0,1,4.159452,0,0,0,20,2710,14,205,0
0,0,34,0,4,0,0,0,1,0,1.775,0,1,0,0,1,1,0,0,0,0,0,0,1,9.21034,0,4.159452,0,0,0,20,2710,14,207,0
0,0,38,0,4,0,0,0,1,0,1.7,0,1,0,0,1,4,0,0,0,0,0,0,1,0,1,0,1,0,0,20,2710,14,208,0
0,0,30,0,4,0,0,0,1,0,1.7,0,1,0,0,1,4,0,0,0,0,0,0,1,0,1,5.825603,0,0,0,20,2710,14,209,0
0,5,47,0,4,0,1,0,0,0,0,1,1,0,0,1,0,0,1,0,0,0,0,1,0,1,0,1,0,0,20,2710,14,210,0
1,0,31,0,4,0,0,0,1,0,1.7,0,1,0,0,1,0,0,1,0,0,0,0,1,0,1,6.093101,0,0,0,20,2710,14,211,0
1,2,33,0,4,0,0,1,0,0,1.75,0,1,0,0,1,0,0,1,0,0,0,0,1,0,1,5.189394,0,0,1,20,2710,14,212,0
0,0,26,0,4,0,0,0,1,0,1.75,0,1,0,0,1,2,0,0,0,0,0,0,1,0,1,4.159452,0,0,0,20,2710,14,213,0
1,0,30,0,4,0,0,0,1,0,1.7,0,1,0,0,1,0,0,1,0,0,0,0,1,0,1,0,1,0,0,20,2710,14,214,0
0,0,32,0,4,0,0,0,1,0,1.7,0,1,0,0,1,0,0,1,0,0,0,0,1,0,1,6.093101,0,0,0,20,2710,14,215,0
0,0,25,0,4,0,1,0,1,0,1.775,0,1,0,0,1,5,0,0,0,0,0,0,1,0,1,6.094067,0,0,1,20,2710,14,217,0
0,2,34,0,4,0,0,1,0,0,1.65,0,1,0,0,1,0,0,1,0,0,0,0,1,0,1,4.159452,0,0,0,20,2710,14,218,0
0,0,30,0,4,0,0,0,1,0,1.65,0,1,0,0,1,0,0,1,0,0,0,0,1,0,1,0,1,0,0,20,2710,14,219,0
0,0,49,0,4,0,1,0,1,0,0,1,1,0,0,1,4,0,0,0,0,0,0,1,0,1,0,1,0,0,20,2710,14,220,0
0,4,36,0,4,0,0,0,0,0,1.65,0,1,0,0,1,2,0,0,0,0,0,0,1,8.294049,0,0,1,0,0,20,2710,14,221,0
1,0,29,0,4,0,0,0,1,0,1.6,0,1,0,0,1,4,0,0,0,0,0,0,1,0,1,4.159452,0,0,0,20,2710,14,222,0
0,2,34,0,4,0,0,1,0,0,0,1,1,0,0,1,4,0,0,0,0,0,0,1,0,1,0,1,0,0,20,2710,14,223,0
0,2,31,0,4,0,0,1,0,0,1.625,0,1,0,0,1,6,0,0,0,0,0,0,1,0,1,4.159452,0,0,0,20,2710,14,224,0
0,0,30,0,4,0,0,0,1,0,1.625,0,1,0,0,1,6,0,0,0,0,0,0,1,9.392662,0,6.093101,0,0,0,20,2710,14,225,0
0,0,33,0,4,0,0,0,1,0,1.7,0,1,0,0,1,4,0,0,0,0,0,0,1,0,1,0,1,0,0,20,2710,14,226,0
1,2,27,0,4,0,0,1,0,0,1.7,0,1,0,0,1,6,0,0,0,1,1,0,0,0,1,4.159452,0,0,0,20,2710,14,227,0
0,0,28,0,4,0,1,0,1,0,1.7,0,1,0,0,1,4,0,0,0,0,0,0,1,0,1,4.710353,0,0,1,24,2710,15,11,0
0,4,31,0,4,0,0,0,0,0,1.65,0,1,0,0,1,0,0,1,0,0,0,0,1,0,1,5.447579,0,0,0,24,2710,15,22,0
1,2,50,0,4,0,0,1,0,0,0,1,1,0,0,1,0,0,1,0,0,0,0,1,0,1,5.447579,0,0,0,20,2710,15,29,1
1,0,34,0,4,0,0,0,1,0,1.55,0,1,0,0,1,4,0,0,0,0,0,0,1,0,1,4.159452,0,0,0,20,2710,16,1,0
1,0,33,0,4,0,0,0,1,0,1.7,0,1,0,0,1,4,0,0,0,0,0,0,1,0,1,4.159452,0,0,0,20,2710,16,2,0
0,2,32,0,4,0,0,1,0,0,1.675,0,1,0,0,1,4,0,0,0,0,0,0,1,0,1,6.093101,0,0,0,20,2710,16,3,0
0,2,35,0,4,0,1,1,0,0,1.625,0,1,0,0,1,2,0,0,0,0,0,0,1,0,1,4.159452,0,0,0,20,2710,16,4,0
0,0,32,0,4,0,0,0,1,0,1.7,0,1,0,0,1,2,0,0,0,0,0,0,1,0,1,4.159452,0,0,0,20,2710,16,5,0
0,0,32,0,4,0,0,0,1,0,1.65,0,1,0,0,1,2,0,0,0,0,0,0,1,0,1,5.50987,0,0,0,20,2710,16,6,0
0,0,32,0,4,0,0,0,1,0,1.6,0,1,0,0,1,0,0,1,0,0,0,0,1,9.546813,0,5.40345,0,0,0,20,2710,16,7,0
1,0,28,0,4,0,0,0,1,0,1.7,0,1,0,0,1,1,0,0,0,0,0,0,1,0,1,4.159452,0,0,0,20,2710,16,8,0
0,0,33,0,4,0,0,0,1,0,1.75,0,1,0,0,1,4,0,0,0,0,0,0,1,0,1,0,1,0,0,20,2710,16,9,0
0,0,33,0,4,0,0,0,1,0,1.65,0,1,0,0,1,0,0,1,0,0,0,0,1,8.612503,0,0,1,0,0,20,2710,16,10,0
0,5,33,0,4,0,0,0,0,0,1.6375,0,1,0,0,1,6,0,0,0,0,0,0,1,9.615806,0,0,1,0,0,20,2710,16,11,0
0,0,0,0,4,0,0,0,1,1,0,1,1,0,0,1,5,0,0,0,0,0,0,1,0,1,5.50987,0,0,0,20,2710,16,12,0
0,3,25,0,4,0,0,0,0,0,1.75,0,1,0,0,1,0,0,1,0,0,0,0,1,0,1,6.093101,0,0,0,20,2710,16,13,0
1,0,29,0,4,0,0,0,1,0,1.625,0,1,0,0,1,1,0,0,0,0,0,0,1,8.699514,0,4.159452,0,0,1,20,2710,16,14,0
1,0,28,0,4,0,0,0,1,0,1.7,0,1,0,0,1,4,0,0,0,0,0,0,1,0,1,4.159452,0,0,1,20,2710,16,15,0
1,0,29,0,4,0,0,0,1,0,1.75,0,1,0,0,1,4,0,0,0,0,0,0,1,0,1,0,1,0,1,20,2710,16,16,0
0,0,27,0,4,0,0,0,1,0,1.675,0,1,0,0,1,0,0,1,0,0,0,0,1,0,1,4.159452,0,0,0,20,2710,16,17,0
1,5,32,0,4,0,0,0,0,0,1.625,0,1,0,0,1,5,0,0,0,0,0,0,1,0,1,4.23823,0,0,0,20,2710,16,18,0
0,0,29,0,4,0,0,0,1,0,1.625,0,1,0,0,1,4,0,0,0,0,0,0,1,0,1,5.825603,0,0,0,20,2710,16,19,0
0,0,35,0,4,0,0,0,1,0,1.7,0,1,0,0,1,1,0,0,0,0,0,0,1,0,1,4.159452,0,0,0,20,2710,16,20,0
1,0,35,0,4,0,0,0,1,0,1.625,0,1,0,0,1,4,0,0,0,0,0,0,1,0,1,4.159452,0,0,0,20,2710,16,21,0
0,2,32,0,4,0,0,1,0,0,1.65,0,1,0,0,1,5,0,0,0,0,0,0,1,0,1,4.710353,0,0,0,20,2710,16,22,0
0,0,34,0,4,0,0,0,1,0,0,1,1,0,0,1,0,0,1,0,0,0,0,1,9.10498,0,6.093101,0,0,0,20,2710,16,23,0
0,0,32,0,4,0,0,0,1,0,1.625,0,1,0,0,1,4,0,0,0,0,0,0,1,0,1,4.159452,0,0,0,20,2710,16,24,0
0,0,30,0,4,0,1,0,1,0,1.65,0,1,0,0,1,0,0,1,0,0,0,0,1,0,1,5.049275,0,0,0,20,2710,16,25,0
0,0,34,0,4,0,0,0,1,0,1.675,0,1,0,0,1,4,0,0,0,0,0,0,1,0,1,0,1,0,0,20,2710,16,26,0
0,0,37,0,4,0,0,0,1,0,1.75,0,1,0,0,1,2,0,0,0,0,0,0,1,9.21034,0,4.003415,0,0,0,20,2710,16,27,0
0,0,29,0,4,0,0,0,1,0,1.575,0,1,0,0,1,4,0,0,0,0,0,0,1,9.903487,0,4.159452,0,0,0,20,2710,16,28,0
0,0,38,0,4,0,1,0,1,0,1.7,0,1,0,0,1,4,0,0,0,0,0,0,1,0,1,4.159452,0,0,0,20,2710,16,29,0
0,0,34,0,4,0,0,0,1,0,1.625,0,1,0,0,1,4,0,0,0,0,0,0,1,8.699514,0,5.50987,0,0,0,20,2710,16,30,0
0,0,0,0,4,0,1,0,1,1,0,1,1,0,0,1,0,0,1,0,0,0,0,1,10.30895,0,6.093101,0,0,0,20,2710,16,31,0
0,0,34,0,4,0,0,0,1,0,1.775,0,1,0,0,1,1,0,0,0,0,0,0,1,0,1,0,1,0,0,20,2710,16,32,0
0,0,38,0,4,0,0,0,1,0,1.675,0,1,0,0,1,3,0,0,0,0,0,0,1,0,1,0,1,0,0,20,2710,16,33,0
0,0,32,0,4,0,0,0,1,0,1.625,0,1,0,0,1,5,0,0,0,0,0,0,1,9.769957,0,0,1,0,1,20,2710,16,34,0
0,0,28,0,4,0,1,0,1,0,1.675,0,1,0,0,1,5,0,0,0,0,0,0,1,9.21034,0,6.093101,0,0,1,20,2710,16,35,0
0,2,32,0,4,0,1,1,0,0,1.65,0,1,0,0,1,4,0,0,0,0,0,0,1,0,1,4.159452,0,0,0,20,2710,16,36,0
0,0,28,0,4,0,1,0,1,0,1.7,0,1,0,0,1,4,0,0,0,0,0,0,1,0,1,4.159452,0,0,0,20,2710,16,37,0
0,0,36,0,4,0,0,0,1,0,1.65,0,1,0,0,1,4,0,0,0,0,0,0,1,9.21034,0,5.308418,0,0,0,20,2710,16,38,0
0,0,34,0,4,0,0,0,1,0,1.65,0,1,0,0,1,4,0,0,0,0,0,0,1,0,1,5.40345,0,0,0,20,2710,16,39,0
0,0,36,0,4,0,0,0,1,0,1.775,0,1,0,0,1,2,0,0,0,0,0,0,1,0,1,0,1,0,0,20,2710,16,40,0
0,2,31,0,4,0,1,1,0,0,0,1,1,0,0,1,6,0,0,0,0,0,0,1,9.814656,0,0,1,0,1,20,2710,16,41,0
1,0,32,0,4,0,0,0,1,0,1.75,0,1,0,0,1,6,0,0,0,0,1,0,0,0,1,5.50987,0,0,0,20,2710,16,42,0
0,0,32,0,4,0,0,0,1,0,1.8,0,1,0,0,1,4,0,0,0,0,0,0,1,0,1,4.159452,0,0,0,20,2710,16,43,0
0,0,29,0,4,0,0,0,1,0,1.65,0,1,0,0,1,5,0,0,0,0,0,0,1,8.699514,0,5.794884,0,0,0,20,2710,16,44,0
0,0,30,0,4,0,0,0,1,0,1.575,0,1,0,0,1,4,0,0,0,0,0,0,1,0,1,0,1,0,0,20,2710,16,45,0
0,0,39,0,4,0,0,0,1,0,1.625,0,1,0,0,1,2,0,0,0,0,0,0,1,0,1,0,1,0,0,20,2710,16,46,0
0,0,34,0,4,0,0,0,1,0,1.75,0,1,0,0,1,4,0,0,0,0,0,0,1,9.392662,0,4.159452,0,0,0,20,2710,16,47,0
0,0,32,0,4,0,0,0,1,0,1.6625,0,1,0,0,1,4,0,0,0,0,0,0,1,0,1,6.093101,0,0,0,20,2710,16,48,0
0,0,28,0,4,0,0,0,1,0,1.725,0,1,0,0,1,4,0,0,0,0,0,0,1,0,1,0,1,0,0,20,2710,16,49,0
0,0,35,0,4,0,0,0,1,0,1.65,0,1,0,0,1,2,0,0,0,0,0,0,1,0,1,4.159452,0,0,0,20,2710,16,50,0
0,0,32,0,4,0,0,0,1,0,1.7,0,1,0,0,1,4,0,0,0,1,0,0,0,10.81978,0,4.159452,0,0,0,20,2710,16,51,1
0,0,30,0,4,0,0,0,1,0,1.65,0,1,0,0,1,4,0,0,0,1,0,0,0,10.30895,0,4.159452,0,0,0,20,2710,16,51,1
0,0,30,0,4,0,0,0,1,0,1.8,0,1,0,0,1,0,0,1,0,0,0,0,1,9.21034,0,4.710353,0,0,0,20,2710,16,52,0
0,0,28,0,4,0,0,0,1,0,1.6875,0,1,0,0,1,4,0,0,0,0,0,0,1,0,1,4.710353,0,0,0,20,2710,16,53,0
0,0,30,0,4,0,1,0,1,0,1.7,0,1,0,0,1,4,0,0,0,0,0,0,1,0,1,4.159452,0,0,0,20,2710,16,54,0
0,0,31,0,4,0,0,0,1,0,1.625,0,1,0,0,1,4,0,0,0,0,0,0,1,9.903487,0,4.159452,0,0,0,20,2710,16,55,0
1,2,27,0,4,0,0,1,0,0,1.75,0,1,0,0,1,4,0,0,0,0,0,0,1,0,1,4.159452,0,0,0,20,2710,16,56,0
0,2,31,0,4,0,1,1,0,0,0,1,1,0,0,1,6,0,0,0,0,1,0,0,9.809176,0,5.825603,0,0,1,20,2710,16,57,0
1,5,31,0,4,0,0,0,0,0,1.775,0,1,0,0,1,5,0,0,0,0,0,0,1,0,1,0,1,0,0,20,2710,16,58,0
1,0,30,0,4,0,0,0,1,0,1.575,0,1,0,0,1,4,0,0,0,0,0,0,1,0,1,6.094067,0,0,0,20,2710,16,59,0
0,0,28,0,4,0,0,0,1,0,1.775,0,1,0,0,1,0,0,1,0,0,0,0,1,0,1,4.710353,0,0,0,20,2710,16,60,0
0,0,34,0,4,0,0,0,1,0,1.65,0,1,0,0,1,0,0,1,0,0,0,0,1,0,1,5.50987,0,0,0,20,2710,16,61,0
0,0,27,0,4,0,1,0,1,0,1.7,0,1,0,0,1,6,0,0,0,1,0,0,0,0,1,6.093101,0,0,0,20,2710,16,62,0
1,0,32,0,4,0,0,0,1,0,1.65,0,1,0,0,1,6,0,0,0,0,0,0,1,8.699514,0,0,1,0,0,20,2710,16,63,0
0,5,27,0,4,0,1,0,0,0,1.65,0,1,0,0,1,6,0,0,0,0,1,0,0,0,1,0,1,0,0,20,2710,16,64,0
1,0,32,0,4,0,0,0,1,0,1.8,0,1,0,0,1,6,0,0,0,0,0,0,1,0,1,5.50987,0,0,0,20,2710,16,65,0
0,0,29,0,4,0,1,0,1,0,1.675,0,1,0,0,1,0,0,1,0,0,0,0,1,9.680344,0,0,1,0,0,20,2710,16,66,0
0,6,29,0,4,0,1,0,0,0,1.725,0,1,0,0,1,6,0,0,0,1,0,0,0,0,1,6.093101,0,0,0,20,2710,16,67,0
0,0,25,0,4,0,0,0,1,0,1.65,0,1,0,0,1,5,0,0,0,0,0,0,1,0,1,6.093101,0,0,0,20,2710,16,68,0
1,0,28,0,4,0,0,0,1,0,1.675,0,1,0,0,1,6,0,0,0,0,1,0,0,0,1,6.094067,0,0,0,87,2710,16,69,0
0,2,32,0,4,0,1,1,0,0,1.725,0,1,0,0,1,0,0,1,0,0,0,0,1,0,1,0,1,0,1,20,2710,16,70,0
0,6,31,0,4,0,0,0,0,0,1.7,0,1,0,0,1,0,0,1,0,0,0,0,1,0,1,0,1,0,0,20,2710,16,71,0
0,0,38,0,4,0,0,0,1,0,1.675,0,1,0,0,1,4,0,0,0,0,0,0,1,9.392662,0,0,1,0,0,20,2710,16,72,0
0,0,31,0,4,0,0,0,1,0,1.725,0,1,0,0,1,5,0,0,0,0,1,0,0,9.305651,0,5.825603,0,0,0,20,2912,11,175,0
0,0,28,0,4,0,0,0,1,0,1.725,0,1,0,0,1,0,0,1,0,0,0,0,1,0,1,5.825603,0,0,0,20,2912,11,176,0
0,4,38,0,4,0,1,0,0,0,1.6,0,1,0,0,1,4,0,0,0,1,0,0,0,0,1,0,1,0,0,20,2912,11,177,0
1,0,34,0,4,0,0,0,1,0,1.75,0,1,0,0,1,4,0,0,0,0,1,0,0,0,1,4.159452,0,0,0,21,2912,11,178,0
0,0,23,0,4,0,1,0,1,0,0,1,1,0,0,1,4,0,0,0,0,0,0,1,0,1,4.159452,0,1,0,20,2912,11,179,0
0,0,30,0,4,0,0,0,1,0,1.75,0,1,0,0,1,6,0,0,0,1,1,0,0,0,1,0,1,0,0,20,2912,11,180,0
0,0,36,0,4,0,0,0,1,0,1.725,0,1,0,0,1,6,0,0,0,0,1,0,0,0,1,0,1,0,0,20,2912,11,181,0
0,0,27,0,4,0,0,0,1,0,1.65,0,1,0,0,1,3,0,0,0,0,0,1,0,0,1,5.69661,0,0,0,20,2912,11,182,0
0,0,34,0,4,0,0,0,1,0,1.65,0,1,0,0,1,5,0,0,1,0,0,0,0,0,1,6.093101,0,0,0,20,2912,11,183,0
0,0,35,0,4,0,0,0,1,0,1.7,0,1,0,0,1,4,0,0,0,0,1,0,0,0,1,4.710353,0,0,0,20,2912,11,184,0
0,0,35,0,4,0,1,0,1,0,1.75,0,1,0,0,1,5,0,0,0,0,1,0,0,9.903487,0,4.159452,0,0,0,20,2912,11,185,0
0,2,30,0,4,0,0,1,0,0,1.65,0,1,0,0,1,3,0,0,0,0,1,0,0,9.21034,0,5.794884,0,0,0,20,2912,11,186,0
0,0,35,0,4,0,0,0,1,0,1.7875,0,1,0,0,1,4,0,0,0,0,0,0,1,8.987197,0,0,1,0,1,20,2912,11,187,0
0,0,36,0,4,0,0,0,1,0,1.65,0,1,0,0,1,4,0,0,0,1,0,0,0,0,1,5.486716,0,0,0,20,2912,11,188,0
0,6,32,0,4,0,0,0,0,0,1.6,0,1,0,0,1,4,0,0,0,0,1,0,0,0,1,0,1,0,0,20,2912,11,189,0
0,0,31,0,4,0,0,0,1,0,1.775,0,1,0,0,1,4,0,0,0,1,0,0,0,9.903487,0,4.159452,0,0,0,20,2912,11,190,0
0,0,35,0,4,0,1,0,1,0,1.675,0,1,0,0,1,4,0,0,0,1,0,0,0,0,1,4.159452,0,0,0,20,2912,11,191,0
0,0,27,0,4,0,0,0,1,0,1.7,0,1,0,0,1,4,0,0,0,0,1,0,0,0,1,0,1,0,0,20,2912,11,192,0
0,2,30,0,4,0,0,1,0,0,1.75,0,1,0,0,1,2,0,0,0,0,0,0,1,0,1,4.126536,0,0,0,20,2912,11,193,0
0,0,36,0,4,0,1,0,1,0,1.625,0,1,0,0,1,5,0,0,1,0,0,0,0,0,1,5.50987,0,0,0,20,2912,11,194,0
0,0,30,0,4,0,1,0,1,0,1.65,0,1,0,0,1,4,0,0,0,1,0,0,0,0,1,0,1,1,0,21,2912,11,195,0
0,0,31,0,4,0,0,0,1,0,1.6625,0,1,0,0,1,5,0,0,0,1,0,0,0,0,1,0,1,0,0,20,2912,11,196,0
0,6,29,0,4,0,1,0,0,0,1.825,0,1,0,0,1,0,0,1,0,0,0,0,1,0,1,6.094067,0,0,1,21,2912,11,197,0
0,0,32,0,4,0,0,0,1,0,1.6125,0,1,0,0,1,4,0,0,0,0,0,0,1,0,1,5.308418,0,0,0,20,2912,11,198,0
1,2,35,0,4,0,0,1,0,0,1.5,0,1,0,0,1,0,0,1,0,0,0,0,1,0,1,0,1,1,0,20,2912,11,199,0
0,0,31,0,4,0,1,0,1,0,1.675,0,1,0,0,1,4,0,0,1,0,0,0,0,8.699514,0,4.159452,0,0,0,20,2912,11,200,0
0,0,30,0,4,0,0,0,1,0,1.65,0,1,0,0,1,2,0,0,0,0,0,0,1,0,1,4.159452,0,0,1,20,2912,11,201,0
0,0,28,0,4,0,0,0,1,0,1.7,0,1,0,0,1,4,0,0,1,0,0,0,0,0,1,4.159452,0,0,0,21,2912,11,202,0
0,0,28,0,4,0,1,0,1,0,1.675,0,1,0,0,1,4,0,0,0,1,0,0,0,8.294049,0,0,1,0,0,20,2912,11,203,0
0,2,33,0,4,0,1,1,0,0,1.65,0,1,0,0,1,4,0,0,0,0,0,0,1,0,1,5.825603,0,0,0,20,2912,11,204,0
0,0,28,0,4,0,1,0,1,0,1.725,0,1,0,0,1,3,0,0,0,0,0,1,0,0,1,5.50987,0,1,0,20,2912,11,205,0
0,3,34,0,4,0,0,0,0,0,1.625,0,1,0,0,1,1,0,0,0,0,0,0,1,0,1,0,1,0,0,20,2912,11,206,1
0,3,36,0,4,0,0,0,0,0,1.675,0,1,0,0,1,1,0,0,0,0,0,0,1,0,1,0,1,0,0,20,2912,11,206,1
1,5,34,0,4,0,0,0,0,0,1.7,0,1,0,0,1,5,0,0,0,0,1,0,0,0,1,5.825603,0,0,0,20,2912,11,207,0
0,0,0,0,4,0,1,0,1,1,0,1,1,0,0,1,6,0,0,0,1,0,0,0,0,1,5.825603,0,0,0,20,2912,11,208,0
0,5,29,0,4,0,1,0,0,0,1.625,0,1,0,0,1,4,0,0,0,1,0,0,0,0,1,0,1,0,1,20,2912,11,209,0
0,2,31,0,4,0,1,1,0,0,0,1,1,0,0,1,6,0,0,1,1,0,0,0,9.825526,0,6.093101,0,0,1,20,2912,11,210,0
1,0,34,0,4,0,0,0,1,0,1.7,0,1,0,0,1,0,0,1,0,0,0,0,1,0,1,5.825603,0,0,0,21,2912,11,211,0
0,2,28,0,4,0,0,1,0,0,1.7,0,1,0,0,1,3,0,0,0,0,0,1,0,9.21034,0,4.159452,0,0,0,20,2912,11,212,0
1,0,38,0,4,0,0,0,1,0,1.65,0,1,0,0,1,5,0,0,1,0,0,0,0,0,1,5.50987,0,0,0,20,2912,11,213,0
1,0,42,0,4,0,0,0,1,0,0,1,1,0,0,1,0,0,1,0,0,0,0,1,0,1,4.159452,0,0,0,20,2912,11,214,0
0,0,33,0,4,0,0,0,1,0,1.65,0,1,0,0,1,4,0,0,0,1,0,0,0,8.612503,0,5.459123,0,1,0,20,2912,11,216,0
0,6,28,0,4,0,1,0,0,0,1.75,0,1,0,0,1,0,0,1,0,0,0,0,1,0,1,0,1,0,0,20,2912,11,217,0
1,0,33,0,4,0,0,0,1,0,1.65,0,1,0,0,1,4,0,0,0,1,0,0,0,0,1,5.50987,0,1,0,20,2912,11,218,0
0,0,31,0,4,0,1,0,1,0,1.8,0,1,0,0,1,3,0,0,0,0,0,1,0,0,1,0,1,0,0,20,2912,11,219,0
0,2,30,0,4,0,1,1,0,0,1.725,0,1,0,0,1,6,0,0,0,1,1,0,0,0,1,0,1,1,0,20,2912,11,220,0
0,0,36,0,4,0,1,0,1,0,1.675,0,1,0,0,1,4,0,0,1,0,0,0,0,9.21034,0,4.159452,0,0,1,20,2912,11,221,0
0,0,44,0,4,0,0,0,1,0,1.775,0,1,0,0,1,4,0,0,0,1,0,0,0,0,1,5.825603,0,0,1,20,2912,11,222,0
0,5,31,0,4,0,0,0,0,0,1.675,0,1,0,0,1,5,0,0,1,0,0,0,0,0,1,6.093101,0,0,0,20,2912,11,223,0
0,6,33,0,4,0,0,0,0,0,1.7,0,1,0,0,1,0,0,1,0,0,0,0,1,0,1,6.094067,0,0,1,20,2912,11,224,0
1,0,36,0,4,0,0,0,1,0,1.55,0,1,0,0,1,0,0,1,0,0,0,0,1,0,1,0,1,0,1,24,2912,13,4,0
0,0,30,0,4,0,0,0,1,0,1.6,0,1,0,0,1,4,0,0,0,1,0,0,0,0,1,4.159452,0,0,0,24,2912,13,5,0
0,2,39,0,4,0,0,1,0,0,1.7,0,1,0,0,1,2,0,0,0,0,0,0,1,0,1,5.794884,0,0,0,20,2912,13,18,0
0,2,28,0,4,0,1,1,0,0,1.625,0,1,0,0,1,6,0,0,0,1,0,0,0,0,1,5.794884,0,0,0,20,2912,13,23,0
0,0,25,0,4,0,0,0,1,0,1.75,0,1,0,0,1,2,0,0,0,0,0,0,1,0,1,0,1,0,1,20,3003,10,121,0
1,0,30,0,4,0,0,0,1,0,1.8,0,1,0,0,1,6,0,0,0,1,1,0,0,0,1,6.093101,0,0,1,20,3003,10,122,0
1,0,27,0,4,0,0,0,1,0,1.675,0,1,0,0,1,3,0,0,0,0,0,1,0,0,1,5.794884,0,0,1,20,3003,10,123,0
0,0,30,0,4,0,0,0,1,0,0,1,1,0,0,1,2,0,0,0,0,0,0,1,0,1,4.159452,0,0,1,20,3003,10,124,0
0,0,32,0,4,0,0,0,1,0,1.7,0,1,0,0,1,3,0,0,0,0,1,0,0,8.517193,0,0,1,0,1,20,3003,10,125,0
0,6,30,0,4,0,1,0,0,0,1.6,0,1,0,0,1,0,0,1,0,0,0,0,1,0,1,0,1,0,1,20,3003,10,126,0
1,0,30,0,4,0,0,0,1,0,0,1,1,0,0,1,5,0,0,0,0,1,0,0,9.740969,0,5.794884,0,0,1,20,3003,10,127,0
0,0,31,0,4,0,1,0,1,0,0,1,1,0,0,1,6,0,0,0,0,1,0,0,9.998797,0,5.459123,0,0,1,20,3003,10,128,0
1,0,28,0,4,0,0,0,1,0,1.625,0,1,0,0,1,5,0,0,0,0,1,0,0,0,1,0,1,0,1,21,3003,10,129,0
1,0,35,0,4,0,0,0,1,0,1.625,0,1,0,0,1,3,0,0,0,0,1,0,0,0,1,5.794884,0,0,1,20,3003,10,130,0
0,5,29,0,4,0,0,0,0,0,1.575,0,1,0,0,1,4,0,0,0,0,1,0,0,0,1,5.285099,0,0,1,20,3003,10,131,0
1,0,42,0,4,0,0,0,1,0,1.575,0,1,0,0,1,0,0,1,0,0,0,0,1,0,1,5.447579,0,0,1,20,3003,10,132,0
0,0,36,0,4,0,1,0,1,0,1.65,0,1,0,0,1,5,0,0,0,0,1,0,0,9.21034,0,6.093101,0,0,1,20,3003,10,133,0
0,0,29,0,4,0,0,0,1,0,1.65,0,1,0,0,1,4,0,0,0,0,1,0,0,0,1,5.794884,0,0,0,20,3003,10,134,0
1,0,35,0,4,0,0,0,1,0,1.675,0,1,0,0,1,4,0,0,0,0,0,0,1,0,1,4.159452,0,0,1,20,3003,10,135,0
0,0,35,0,4,0,0,0,1,0,1.7,0,1,0,0,1,0,0,1,0,0,0,0,1,10.12663,0,4.159452,0,0,1,20,3003,10,136,0
1,0,28,0,4,0,0,0,1,0,1.675,0,1,0,0,1,0,0,1,0,0,0,0,1,0,1,5.459123,0,0,1,20,3003,10,137,0
0,0,32,0,4,0,1,0,1,0,1.6,0,1,0,0,1,3,0,0,0,0,1,0,0,0,1,5.794884,0,0,0,24,3003,13,30,0
0,0,27,0,4,0,0,0,1,0,1.625,0,1,0,0,1,4,0,0,0,0,0,0,1,0,1,4.159452,0,0,1,24,3003,13,38,0
0,0,29,0,4,0,0,0,1,0,1.675,0,1,0,0,1,4,0,0,0,1,0,0,0,0,1,4.159452,0,0,1,24,3003,13,41,0
0,0,30,0,4,0,0,0,1,0,1.725,0,1,0,0,1,2,0,0,0,0,0,0,1,0,1,4.159452,0,0,1,24,3003,13,52,0
0,0,50,0,4,0,0,0,1,0,1.675,0,1,0,0,1,0,0,1,0,0,0,0,1,10.20359,0,5.825603,0,0,1,20,3003,13,63,1
0,0,38,0,4,0,0,0,1,0,1.7,0,1,0,0,1,4,0,0,0,0,1,0,0,0,1,5.486716,0,0,0,20,3003,14,46,0
0,0,38,0,4,0,1,0,1,0,0,1,1,0,0,1,0,0,1,0,0,0,0,1,9.615806,0,5.459123,0,0,0,20,3003,14,47,0
0,0,59,0,4,0,0,0,1,0,1.55,0,1,0,0,1,4,0,0,0,0,0,0,1,0,1,0,1,0,0,20,3003,14,48,0
1,0,31,2,4,0,0,0,1,0,1.85,0,0,0,0,1,4,0,0,0,0,1,0,0,8.517193,0,0,1,0,0,20,3003,14,49,0
1,5,34,0,4,0,0,0,0,0,1.65,0,1,0,0,1,4,0,0,0,1,0,0,0,0,1,0,1,0,0,20,3003,14,50,0
0,0,37,0,4,0,0,0,1,0,1.775,0,1,0,0,1,3,0,0,0,0,1,0,0,0,1,0,1,0,1,20,3003,14,51,0
1,0,27,0,4,0,0,0,1,0,1.675,0,1,0,0,1,4,0,0,0,1,0,0,0,0,1,4.159452,0,0,0,20,3003,14,52,0
1,0,38,0,4,0,0,0,1,0,1.7125,0,1,0,0,1,5,0,0,0,0,1,0,0,9.903487,0,5.50987,0,0,0,20,3003,14,53,0
0,0,30,0,4,0,0,0,1,0,1.7,0,1,0,0,1,4,0,0,0,1,0,0,0,0,1,5.825603,0,0,0,20,3003,14,54,0
0,6,31,0,4,0,1,0,0,0,1.625,0,1,0,0,1,4,0,0,0,0,0,0,1,0,1,0,1,0,0,20,3003,14,55,0
0,0,30,0,4,0,0,0,1,0,1.625,0,1,0,0,1,2,0,0,0,0,0,0,1,0,1,4.159452,0,0,0,20,3003,14,57,0
0,0,28,0,4,0,0,0,1,0,1.65,0,1,0,0,1,6,0,0,0,1,1,0,0,0,1,0,1,0,0,20,3003,14,58,0
0,0,32,0,4,0,0,0,1,0,1.65,0,1,0,0,1,4,0,0,0,1,0,0,0,9.21034,0,4.159452,0,0,0,20,3003,14,59,0
0,0,28,0,4,0,0,0,1,0,1.675,0,1,0,0,1,6,0,0,1,1,0,0,0,10.81978,0,4.159452,0,0,0,20,3003,14,60,0
0,2,42,0,4,0,0,1,0,0,1.6625,0,1,0,0,1,0,0,1,0,0,0,0,1,0,1,4.159452,0,0,0,20,3003,14,61,0
0,0,0,0,4,0,1,0,1,1,1.6,0,1,0,0,1,5,0,0,1,0,0,0,0,0,1,0,1,0,0,20,3003,14,62,0
0,0,0,0,4,0,0,0,1,1,0,1,1,0,0,1,0,0,1,0,0,0,0,1,9.392662,0,5.825603,0,0,0,20,3003,14,63,0
0,2,27,0,4,0,0,1,0,0,1.675,0,1,0,0,1,5,0,0,0,0,1,0,0,10.23996,0,4.91469,0,0,0,20,3003,14,64,0
1,0,0,0,4,0,0,0,1,1,0,1,1,0,0,1,0,0,1,0,0,0,0,1,0,1,4.159452,0,0,0,20,3003,14,65,0
0,0,29,0,4,0,0,0,1,0,1.75,0,1,0,0,1,5,0,0,0,0,1,0,0,0,1,6.093101,0,0,0,20,3003,14,66,0
0,0,30,0,4,0,0,0,1,0,1.525,0,1,0,0,1,5,0,0,0,1,0,0,0,0,1,0,1,0,0,20,3003,14,67,0
1,0,31,0,4,0,0,0,1,0,0,1,1,0,0,1,4,0,0,0,0,0,0,1,0,1,0,1,0,0,20,3003,14,68,0
0,0,32,0,4,0,0,0,1,0,1.6,0,1,0,0,1,2,0,0,0,0,0,0,1,0,1,4.159452,0,0,0,20,3003,14,69,0
1,0,30,0,4,0,0,0,1,0,1.7,0,1,0,0,1,4,0,0,0,1,0,0,0,0,1,4.159452,0,0,0,20,3003,14,70,0
1,3,28,0,4,0,0,0,0,0,1.725,0,1,0,0,1,0,0,1,0,0,1,0,0,0,1,5.285099,0,0,0,20,3003,14,71,0
0,0,34,0,4,0,1,0,1,0,1.7,0,1,0,0,1,4,0,0,0,1,0,0,0,0,1,0,1,0,0,20,3003,14,72,0
0,0,31,0,4,0,0,0,1,0,1.725,0,1,0,0,1,6,0,0,0,0,1,0,0,0,1,5.794884,0,0,0,20,3003,14,73,0
0,0,34,0,4,0,0,0,1,0,1.625,0,1,0,0,1,0,0,1,0,0,0,0,1,9.903487,0,5.50987,0,0,0,20,3003,14,74,0
