.1208713,.0232997,-.0171804,.0097403,-.0029176,.1587836,-.1732714,.1941469,-.0058311,-.0072156,.1682947,-.5060388,.1330417,.0488767,.2368653,-.1490061,.0130504,-.1562048,-.0243402,.0165308,-.0034633,-.0009231,.5495093,.4546922,-.2209843,-.78241,.9237084,-2.813589,.3894241,-2.048982,.1604949,.1989973,.1300647,.2345906,.2523795,.047555,.1061102,.3052604,.0555363,.0185142,-.0288608,.2928391,-.098692,-.0650793,.1156739,1.125558,.0827951,.0306242,-.0299895,.0216942,-.0139095,.0724836,.0009752,.0373087,.1073225,.5219251,-1.699752,2.13e-10,.1710631
.0706333,-.0282915,-.0328934,-.0060586,-.0019611,.1088484,-.120325,.1566328,.0016637,-.0101694,.1016481,-.4614518,.1427098,.012601,.2072985,-.0465514,.0071069,-.092206,-.0157671,.0018185,.0089636,-.0018305,.3235338,.100865,-.0164329,-.5344198,1.36799,-3.971322,.0924347,-1.148445,-.0220741,.114956,-.0159719,.1249847,.1568331,.074034,.0595379,.095324,.116787,.0851149,.1439151,.0954553,-.1045586,.0584345,.1007882,.9833441,.0721505,.0470653,.0326405,-.0346778,-.014335,.0373605,-.0150041,.065344,.1112107,.5430829,-1.524281,-3.64e-10,.1734247
.2160517,.0144871,-.0287801,-.0368931,-.0316693,.0270789,-.1239106,.1188633,.0179711,-.0188748,.076422,-.4248432,.1368699,.0267079,.2017475,-.0436259,.0147743,-.0840825,-.0079059,-.015851,.0051185,-.0013818,.1623828,-.691336,.6817929,-.8729268,1.349224,-3.843802,-.9671893,-.6825176,-.0235192,.0334363,.0412352,.132159,.2067386,.0302059,.075004,.0906925,.0909631,.0244579,.0234019,.1188296,.1395455,.0139933,.1536635,1.459652,.1028828,-.005582,.1168344,-.1043728,.0086576,.0512218,.0134197,.005982,.0868582,.4194621,-1.836541,-6.54e-11,.1692454
.0817637,.1545848,-.0559044,-.0254139,-.0250794,.0357206,-.1738368,.1412618,.0289549,-.0014671,.0793415,-.4617168,.1340296,.0326534,.2201167,-.0574775,.0165847,-.0392713,-.0137016,-.0019455,-.0057957,-.0008099,.2124763,-.0989931,.4737585,-.45729,.9353678,-1.798494,-.6443433,-.2565254,.1353813,.1776033,.1935634,.3745831,.3891963,.0164419,.0135857,.2690207,.1047493,.0659124,.0209195,.2838174,-.2317624,.0531561,.1136255,1.077262,.0790256,.0435936,.1186841,-.1914155,-.0078212,.0334874,-.0356528,.0225914,.0882035,.4255456,-1.597877,-1.35e-10,.1675142
.1960202,.0675523,-.0141916,-.0240242,-.0174656,-.0325149,-.04001,.1405145,.0385444,-.0269121,.0845638,-.3960593,.5401053,.1657988,.6365268,-.0649594,.0113695,-.0434573,-.0149262,-.0120618,-.0116476,-.0003477,.3017939,-.5615624,.7023617,-1.391632,1.180745,-2.773565,-1.028252,-1.44779,.110054,.1404092,.1339287,.2138267,.286345,.0652281,.0832332,.3182122,.126343,.0862596,.0697979,.2060784,-.0570586,.0360241,.1162046,1.095364,.0837006,.0447133,.0156855,.0220109,.0171791,.026554,-.0347484,-.0318341,.1130771,.5619627,-1.712995,-2.17e-10,.174748
.0171329,.0590069,-.0281339,-.0799747,-.0429489,-.0066679,-.1461853,.1034089,.0114474,-.0222555,.0507937,-.4652819,.1543384,.0215029,.1678234,-.0165637,.0276973,-.1008869,-.0013828,-.0304995,.0084568,-.0017107,.0071679,-1.093522,-1.256772,-.6135209,.6898848,-.6822927,2.039737,-3.225272,.2318987,.2663989,.2694053,.4388061,.4558777,.0412665,.0477736,.3746094,.1270718,.0423292,-.0299475,.3610771,-.155182,.0399591,.160358,1.506744,.092765,.0773902,.0995487,-.1053215,.0089566,.0789512,-.0039131,.0404611,.1137486,.5925055,-2.31719,-5.06e-11,.1674637
.0218657,.0466906,-.0262243,-.0309318,.0095531,.0579318,-.1316591,.1935593,.0056976,-.0113272,.1139567,-.4906085,.0407426,.009161,.1645406,-.1160668,.0035406,-.1051264,-.0252734,-.0159799,-.0011843,-.001161,.5651251,-1.181469,-.7612949,-.1156253,1.543401,-3.95468,1.29579,-1.709135,.0704947,.2199121,.1251369,.2462406,.2724289,.0734333,.1170444,.2365286,.1142122,.0804978,.1288722,.2487168,-.0906659,.0272689,.1096623,1.013811,.0835575,.051814,.0499682,-.0509979,-.0072284,.0328719,-.0351543,.062561,.1129301,.5883935,-1.773979,-2.52e-10,.164311
.1981032,.1452406,-.0192079,-.0217966,-.0489144,-.019975,-.1014195,.195851,.0035165,-.0080298,.193682,0,.1191592,.0170503,.1466265,-.1131492,.0141455,-.166912,-.0182171,-.0040098,.0039285,-.0014485,.4220005,-.6723716,-.077623,.1621713,1.754362,-4.502749,.2154097,-.1423561,.0513586,-.0126678,-.0201622,.0766717,.0653174,.0841697,.1599048,.1734058,.1337364,.0871159,.0452064,.1736645,-.0871272,-.0082866,.1211875,1.149869,.0930192,.0000505,.0341236,-.0052146,-.0020634,-.0031578,-.0850698,.0915037,.1101383,.5322008,-1.79169,-2.54e-10,.1672607
.1383001,.2833994,.0477262,.0026521,.0370582,.0862189,-.0443977,.1845961,.0485438,-.0080078,.1586663,-.4353809,.0431413,-.0012071,.1337752,-.0822166,-.0208646,-.0716109,-.0160147,.0005234,.0039874,-.0012384,.33804,.0016365,.0216147,-.6495284,1.105072,-1.626136,.0645178,-1.368727,-.0289409,.0791903,.0577704,.1674678,.2125478,.0518758,.1092732,.0934332,.1405374,.0635297,-.0166514,.0939692,-.1299809,.1131207,.1090968,1.018928,.0736923,.0315749,-.0188468,.0314866,.0626424,.0486418,-.0038779,.0254063,.1085287,.5498121,-1.691138,-3.59e-10,.1683637
.0579567,.2024555,.016068,.0227655,.0105826,-.0649119,-.1111355,.1849557,.0043247,.0002788,.1770478,-.4697991,.090557,.0389178,.2047231,-.1146164,.0051801,-.1188402,-.0128969,-.0021593,-.01501,-.000313,.2032532,-.1077769,.6632221,-1.051192,1.1501,-2.902769,-.9923587,-1.073843,.0099466,.0724022,.0344237,.1082176,.1387393,.060318,.1650122,.2027082,.0739199,.0514787,-.0625297,.1412589,-.0699482,.0075644,.1294545,1.237975,.1005542,.0499099,.0126845,.0171523,.0301975,.0464292,-.0119042,.0106391,.1257102,.658694,-1.857446,5.17e-10,.1667297
.1603579,.0939366,-.0141934,-.0234913,-.0093695,.2434413,-.1122792,.1703768,.0121881,-.0108806,.1268974,-.4180329,-.0341448,.0565124,.0093081,-.0907696,.001384,-.0811441,-.0164524,-.0215613,-.0002464,-.0010179,.3120867,-1.031606,.4309147,-.0492422,1.686096,-5.263566,-.577223,.2959562,-.0750107,-.109873,-.1062943,.0501166,.1204507,.0406055,.0513607,.0525108,.1104801,.0634387,-.0189112,.0478788,-.1868133,-.0147727,.0999889,.9379488,.0738934,.0144899,-.0557676,.0473999,.0283578,.0624571,-.0387246,.1006216,.0941482,.4743955,-1.343983,8.43e-11,.1677288
.0444393,.2979904,-.0088008,-.0191534,.039148,.1419938,-.0958418,.1546926,.0186602,-.0270213,.1493168,-.4910418,.0230031,.0404211,.1339992,-.1392536,.0235016,-.1812649,-.0158331,-.0255354,.0013643,-.0010797,.3120595,-1.263353,.6728225,-.927618,1.056677,-2.914457,-1.002008,-.7621754,.103606,.240538,.2186337,.3874647,.4335413,.0255513,.0132308,.2605076,.0868859,.0442284,.036638,.2698884,-.0136219,.0735969,.1320928,1.22937,.0813384,-.0073727,.0213771,-.0028893,-.0249968,.0044858,-.0881523,.0752058,.0955406,.4751302,-1.789239,-1.94e-10,.1700829
.1831737,.1845046,-.0000109,-.0076356,.0299035,-.1371947,-.160648,.1707837,-.0051668,-.0111886,.1603248,0,.0759468,.012985,.1216136,-.0749381,.0255883,-.0847923,-.0171883,-.0087094,-.0015707,-.0008828,.3689362,-.6916735,.0363148,-.5397735,.6229722,-1.520451,-.0010095,-1.103461,-.0189426,.0026328,.0161853,.2062168,.2315278,.0146196,.0042635,.194335,.1091532,.04043,-.0509909,.120034,-.0158055,.007632,.1197426,1.104961,.0868638,.0178738,-.0331377,.0307343,-.009394,.0402013,-.0474192,.0510824,.1323018,.6791214,-1.7163,1.40e-10,.1697035
.1572896,-.0059926,-.0227437,-.0082142,.0337196,-.0016084,-.1370983,.1408285,.0121326,-.0158058,.1662495,-.4980325,.2296983,.0090385,.1989179,-.0688807,-.0014159,-.1370034,-.0020129,-.0359635,-.0006625,-.0009952,-.1090537,-1.108234,-1.08421,-1.571289,1.360593,-3.760771,1.788288,-4.720446,.0999172,.112483,.0907654,.1969833,.2426515,.0652572,.1082383,.2340974,.1608865,.0811056,.1454548,.2512804,-.1122935,.0302369,.1096067,1.022612,.0824538,.0150727,-.0379435,.0520883,-.0139832,.0603677,-.0107022,-.0088448,.1420179,.7644281,-1.802168,-4.49e-10,.1629922
.0062611,-.1076261,-.0730347,-.0593564,-.0725973,.0475018,-.2100211,.1774112,.0109342,-.007852,.0858535,0,.1931344,.0195485,.1518147,-.1921483,.0111418,-.1185128,-.0238341,0,.0001339,-.0008601,.4972497,0,.039582,.9528189,1.656409,-4.551288,.0898621,1.262234,.1330405,.118301,.1058942,.2219117,.2856768,.0131515,.0004981,.1789293,.1094007,.0358936,.0602748,.2189584,.2675955,-.0188087,.0885192,.8370689,.0710057,.0872285,.0687213,-.051461,-.013227,.077073,.0039014,.0079768,.0950983,.4683352,-1.451756,8.91e-11,.1697975
.1388113,-.0404103,-.0096276,-.0093513,.0360373,-.0128669,-.0918777,.1725429,.0131141,-.030966,.1329394,-.4306155,.0615507,.0500782,.150043,-.0918274,.0263837,-.1159501,-.0151735,-.0181393,.0102238,-.0013259,.3559135,-.9035867,.1583315,-1.787741,1.694491,-3.750921,-.122906,-3.185954,-.0008237,.0706931,.0720074,.1665303,.2095533,.0515116,.0936939,.1218764,.106897,.0397346,.0485489,.0825572,.0649356,.0713867,.1101665,1.070904,.0897513,-.0121226,.1041408,-.0987927,-.0292179,.0127691,-.0502767,.0889018,.0892277,.4467737,-1.535138,1.86e-10,.1700149
.1154756,.1200118,-.0464839,-.0245389,-.0003903,.0410937,-.097413,.1522976,.0289695,-.0269181,.0994615,-.4348472,.0309977,.032244,.1242972,-.0456207,-.0022173,-.1070326,-.0075943,-.0150019,-.0041539,-.0005978,.0823384,-.1296312,-.6439169,-1.827883,1.53372,-4.318326,1.123927,-4.44064,-.0085108,.092526,.0500325,.1839632,.2631984,.0429909,.0608585,.096539,.144693,.1143144,.1132652,.1159758,.0793876,.1024696,.104188,.9882017,.0707058,.1071787,.1150603,-.0961418,.0066464,.0533138,-.0096971,.0085346,.0981079,.4751601,-1.411632,2.65e-11,.1717481
.1118566,-.026724,.0031285,-.0092394,.0297498,.036191,-.0596971,.1840663,.0122063,-.0135607,.1210222,-.4299855,.1157955,.0182528,.2048637,-.1365859,-.0086587,-.1055719,-.0193118,-.0186636,-.0077608,-.0004925,.4426192,-.9887167,.240375,-1.52149,1.167047,-2.755277,-.3023626,-2.468387,.1214812,.0800633,.0496903,.2042179,.2142521,.0639458,.1086054,.3450138,.1248996,.0658733,-.01256,.2453233,.0543776,-.0666551,.0946445,.9080574,.0664504,.1069813,.0642128,-.062761,.021004,.0317133,-.0349741,.0410471,.12169,.6219805,-1.51972,5.03e-11,.1697066
.1671679,.0966339,-.019769,-.0309083,.0000141,-.0507042,-.0352967,.1085576,.0212716,-.0198675,.1134178,-.471139,.1538672,.0076481,.2076297,-.0383609,.0046544,-.1023395,-.0143331,-.037688,-.008022,-.0007706,.1834879,-1.501648,.0570509,-.6978179,1.018541,-2.329731,.0196763,-1.340184,-.0348644,.0389543,.0758803,.2377676,.2308817,.0463136,.0777046,.154832,.1486682,.089536,.0579501,.1269332,-.1071081,.1280415,.0890574,.8470269,.0800931,.0184871,-.0415779,.0548981,.0084169,.0517726,-.0005411,-.0010256,.1022837,.52869,-1.369307,2.17e-10,.1718268
.123369,.0124509,.0307406,.0273514,.0505731,-.0394416,-.0007039,.1602237,.0047442,-.0280472,.1210219,-.4092674,.0879726,.0352461,.1513367,-.1307948,.004382,-.1260128,-.0174715,-.0425417,-.0009389,-.0009305,.378242,-1.896168,.5013542,-2.656858,1.776986,-4.854549,-.6655241,-3.885486,.1036634,.1471907,.1826756,.299854,.37981,.0474733,.0924541,.2096783,.1019365,.0159141,.0099213,.2743216,-.1024411,.0566522,.100194,.9531606,.0741658,.1033999,.0907741,-.0859345,-.0004654,.0769954,-.0254492,.0379734,.0878959,.4464146,-1.504701,5.91e-11,.1723652
.1441471,.0557588,.0519632,.029618,.0901514,.0803936,-.0527474,.1838265,-.0206951,-.0202614,.182037,0,.1344292,.0350239,.0490912,-.0443762,.0150664,-.084455,-.0142894,-.0240957,.0023257,-.0012335,.2710425,-1.094365,.2784347,-.9090626,1.480269,-3.559131,-.3146516,-1.517909,.1350706,.210885,.1310016,.2455947,.2983895,.0537404,.1512054,.2857431,.0940099,.0383642,-.04115,.2342983,-.0710785,.0268373,.0797911,.7514629,.093391,-.001249,.1049706,-.0837022,.0104995,.0498625,-.0240583,.0883021,.0994008,.51316,-1.491075,4.18e-11,.1684544
.0739584,.1181392,-.0042765,-.0296969,-.0237452,-.0973012,-.1223453,.172915,.0177833,-.0194924,.1795422,-.5494091,.168763,-.0191859,.086661,-.1039503,-.0010602,-.1752681,-.0158826,.0047143,-.0036405,-.000778,.2672043,.2766796,-.7631305,-.3653237,1.179922,-2.457929,1.291043,-2.159708,.0352126,.0006669,.0640984,.2198885,.2915671,-.0137816,-.0214899,.134394,.1206822,.0401221,.036886,.1271103,.0216263,.0478795,.1251402,1.18617,.0897418,.0833773,-.0007628,-.003558,-.0019633,.0438396,-.033416,.0049809,.0872665,.441432,-1.631041,1.76e-10,.1689368
.1236019,.1142599,.0133656,-.0319337,-.0060877,-.0028921,-.1044244,.1076169,.029612,-.0289039,.0877918,-.3791839,.148289,.098362,.2529386,-.05479,-.0074388,-.07598,-.0056658,-.0490935,-.0130323,-.0002848,.0402038,-1.642772,.1385414,-.2067559,1.422438,-4.555853,-.1539915,-.3369981,.040635,.0250957,.0350199,.1717737,.2276924,.0315147,.027624,.1584378,.1292437,.059977,.0776954,.0971167,-.0533054,.0121528,.1096705,1.041436,.0764034,.0568709,.0667346,-.0652196,.0076867,.066831,-.0135324,.0464794,.0931036,.4569852,-1.466486,-1.37e-10,.1693081
.1296682,.0446679,-.0276198,-.0550941,-.0091246,.0652124,-.1965509,.1500057,.0281085,-.006668,.0962357,-.4654358,.0827287,.0121025,.1187807,-.1139455,-.0008631,-.1190706,-.0300217,-.0061088,.0061061,-.0012664,.7110276,-.6253211,.8654695,-.9208313,1.363791,-3.200853,-1.256009,-.5392374,.1325412,.1984786,.0988226,.2410981,.3236612,.0549512,.1084485,.2845836,.0982079,.0574267,-.0217408,.331689,-.2947694,-.0347037,.1039442,.9955342,.0669257,.0869678,.0377423,-.000415,.0008474,.0031964,-.1049859,.1241428,.0937485,.4948652,-1.533777,7.30e-11,.1666254
.2019758,.2007422,.064044,.0848144,.0929825,.0803095,-.0404079,.1718318,.0092347,-.0134276,.1845419,0,.1016097,.0031511,.0913146,-.1230541,.000311,-.079148,-.0144132,-.0076073,.0087962,-.0017839,.2610381,-.4837416,.5594222,.6445006,1.539107,-4.986192,-.7919304,1.743622,.0515135,.0832009,.0698093,.225548,.2788728,.0457514,.0941888,.2145588,.1239298,.0641728,.1044788,.1948973,-.0057018,.0203616,.0746396,.7014589,.0819096,.1028924,.1427118,-.1402877,-.00904,.072149,-.0105585,.0708898,.0914075,.4540835,-1.398077,1.55e-10,.1686916
.1765961,-.0534013,.0248943,.0002004,-.0266943,.0474845,-.0687775,.1153264,.0176546,-.0330838,.1056083,-.4214727,.1125091,.0439533,.1981933,-.0329655,.0128624,-.0727149,-.0120696,-.018588,.0058587,-.0014098,.2335565,-.9467007,.0478704,-1.30597,1.231246,-3.09069,.0374602,-2.343145,.0772258,.1631785,.0887391,.2343588,.278009,.032109,.0086227,.2628662,.0862609,.0556047,-.0509816,.2450788,.0513679,-.0528218,.1337093,1.255544,.1014615,.0259642,.0846085,-.0992551,.0078032,.0991258,-.0159265,.0430931,.1069045,.5401168,-1.814874,8.30e-11,.1702536
.1628746,.2498347,.0152259,.1127647,.1148043,.179146,.0170358,.1827222,.0198707,-.0306141,.1762629,0,.0751321,.0113158,.1632877,-.0766676,.0037521,-.0698154,-.0100953,-.0081884,-.0061902,-.0005167,.141114,-.1564021,-.475125,.1094246,.51989,-1.043996,.7481956,-.7332355,.1599262,.1747563,.1277309,.2851868,.3027495,.0381812,.0774425,.3321369,.1023407,.0476849,-.0093943,.3215108,.1668391,-.0271192,.1213001,1.152537,.0366291,.1086389,.0422558,-.0299977,-.0049328,.0355476,-.0281684,.0227625,.1024269,.5215882,-1.785788,1.55e-11,.1691
.1723267,.1197112,.0575219,.0118904,-.0067239,.0756232,-.0754887,.1731631,.0203239,-.0046083,.1442156,-.4780588,.0843726,.0222592,.1782322,-.1092498,.0017568,-.1173953,-.0399603,.0137213,.0047056,-.0012949,.9874462,-.5316578,.0421151,-.909467,1.009939,-2.523025,.0184476,-1.724144,.0795676,.0422544,.0359737,.1926719,.1941108,.0402539,.0573825,.1581661,.0812745,.0334308,.0592325,.2160015,-.0720131,-.061774,.0910431,.8781421,.0772394,.1017786,.0481564,-.0326206,.0336284,.0382543,-.003142,.0643369,.0919915,.4492278,-1.346962,5.83e-11,.1704785
.1884602,-.1221582,-.0287797,-.0120873,-.0269254,-.0134257,-.1414836,.1963588,.0006423,-.003839,.154965,0,.0639794,.0258928,.1224305,-.0797838,.0059651,-.133428,-.0194682,.0075762,.0027898,-.0012936,.4041745,-.3261838,-.3613836,-.1577881,1.379772,-3.92693,.628839,-.8779374,-.0295926,.0112597,.0194316,.1389873,.2352838,.0330276,.0362842,.1196182,.1387029,.0546572,.1313061,.1858103,.0049943,.0267874,.1102144,1.075611,.0873814,-.020262,.0444294,-.0970517,-.0100668,.03752,-.0543378,.1446231,.0878676,.4281212,-1.54306,2.62e-11,.1662366
.0985112,.259574,-.0068053,-.0322033,.0228336,.1165872,-.0946351,.1721774,.0129153,-.0038713,.1317053,-.4994491,.0543247,.0517215,.2132123,-.1104495,-.01919,-.1085494,-.0309301,-.0240897,-.0026163,-.0010334,.7375013,-1.685377,-.3907701,-2.254187,1.689228,-4.933634,.7498524,-4.676064,.0352403,.012748,-.0371065,.1072567,.1568118,.0154995,.0465396,.1126298,.10675,.0698165,-.0058702,.0802072,.0487658,-.0092662,.0951418,.9154924,.0582558,.1313193,.0907845,-.0925449,.0093261,.0803089,.0091225,-.0170081,.1269025,.6570941,-1.444614,1.36e-10,.1675767
.1252223,.0474005,-.0548353,-.0415672,-.0784807,-.0569961,-.0911803,.1814319,.0430413,-.0062986,.1294166,-.4902167,.0698941,.0378572,.1266063,-.1222921,-.0092952,-.1167826,-.0113963,.0301308,.0005523,-.0008913,.2725433,.8978192,-1.15949,-.017615,1.786725,-4.804277,1.932303,-2.203162,.0382871,.100813,.0907297,.1911328,.2360723,.0134876,.0350799,.1682225,.1229547,.061732,.1200327,.1671764,-.0092205,.0241177,.134307,1.277122,.0718176,.0286736,-.0414222,.040116,.0022546,.0724646,-.0387209,.0604556,.1031234,.5117317,-1.896856,2.85e-10,.1680933
.1240405,.1378987,-.018688,.0289769,.0425841,.0020133,-.000645,.1806225,.0081804,-.0041148,.1636213,-.472405,-.0775592,.0737206,.1425243,-.0831279,-.0029974,-.1292057,-.0273944,-.0063473,.0032067,-.0012453,.6247857,-.9664482,-.0957922,-1.283189,1.778367,-5.425904,.2248911,-2.570883,.1564213,.199439,.2380522,.3888489,.3796372,.0259195,.0606953,.3640705,.1507774,.0819857,.0162628,.2961824,.0088754,.072323,.13366,1.238404,.1062718,.0623839,.0581013,-.0225193,-.0004046,.0388781,-.0278636,.1150552,.1145877,.5885055,-2.054007,-6.15e-11,.1684316
.1954772,.1807471,.0095501,.0191201,.016814,.0423492,-.094258,.1255926,.0324531,-.0276922,.1097009,-.455997,.1106467,-.0019825,.1439981,-.0721813,.0062444,-.1167755,-.0186191,-.0074639,-.0035971,-.0010425,.3994681,-.8515269,-.7950512,-1.111061,.9556791,-1.650314,1.322773,-3.337608,-.0759452,-.0911047,-.1029988,.0246361,.0619953,.0494764,.0807473,.0192479,.073232,.0152274,.002455,.0189501,.0283827,-.0544853,.0951589,.8898808,.0800047,.0484385,-.0165701,.0602221,-.0135573,.0485445,-.0293152,.0540599,.1232626,.6264959,-1.276772,-9.43e-11,.1691031
.1137258,.003676,-.0194746,-.0062469,-.0402681,.1580103,-.1446652,.2105205,.0347063,.0132612,.1269051,-.4941557,.1103027,.0516488,.2253161,-.1047768,-.009916,-.0671136,-.0195174,.0054653,-.0121222,-.0005799,.3522474,.0195893,-.0394293,-1.183578,1.263219,-3.449318,.1816975,-2.398206,-.0538165,.0530003,-.0197893,.1059473,.1425082,.0888152,.1003342,.1809925,.0981634,.0742312,-.0008691,.0856732,.0285578,.0249908,.1205403,1.138496,.0646487,.0103869,-.005715,.0067987,.0071003,.0502049,-.0065674,-.002363,.116371,.5874724,-1.62196,-3.10e-10,.1659999
.1020736,.100674,-.0324815,.011651,-.023765,-.0091195,-.1632476,.1843836,-.0077518,-.005679,.1190417,-.4616531,.0313554,.0595739,.2202157,-.1044805,.017759,-.0717738,-.0253404,-.0341318,-.0013764,-.0009194,.6077281,-1.787824,-.4717231,-.7153686,1.639176,-3.837582,.8221089,-2.232275,-.1055821,-.0058679,.0074752,.1281841,.087439,.0585288,.1156812,.0716553,.170642,.1087076,.1688671,.0323831,-.00646,.1570244,.1825686,1.712481,.0811164,-.0043241,.0518067,-.0587734,.0142683,.0376399,-.0290151,.0627241,.1105026,.5593455,-2.327112,6.16e-11,.1596894
.1040667,.0803902,-.0034122,.0360598,.0800122,.1264223,-.0805116,.2330724,-.0098977,-.0131989,.2004847,0,.0230327,.048079,.0794991,-.1563139,-.0041614,-.1516337,-.0257204,-.0213416,-.000579,-.0009414,.5771141,-1.304894,-.1292129,-.2782342,1.313395,-3.819983,.2936746,-.9190188,-.0300064,-.1024875,-.0474837,.0954467,.1410163,.0465997,.0581859,.0365874,.1135121,.0443371,.1062468,.08863,-.2084301,.033975,.1321543,1.240064,.0704878,.0325078,.0836584,-.0694845,.0172997,.0395886,-.0290933,.0870934,.1134235,.5620083,-1.816394,2.77e-10,.1662699
.1130905,-.005543,.031269,.0053811,.0306485,-.0228449,.0041688,.1173356,.0129902,-.0259835,.1200619,0,.1399804,.0302268,.1507408,-.0346446,-.0000726,-.0929382,-.0261926,-.0091166,-.0051354,-.0006252,.5990816,-.894892,-.4200926,-1.475249,1.385985,-4.325683,.730561,-3.378966,.0503173,.0474799,.0273152,.1503195,.2219188,.0294375,.0114412,.2102592,.1072914,.0364674,.0132439,.1723373,.0581582,-.0765877,.1029877,.9879881,.088574,.0649684,.0700671,-.0809869,.0076614,.0512561,-.0122113,-.0033082,.124611,.6154479,-1.507748,4.06e-11,.1701543
.1434743,.0744604,.0082134,.0092435,-.0113581,.0885204,-.0984451,.1284297,.0138011,-.0166423,.1099556,-.4716918,.153225,.033722,.1849317,-.0281214,.0229774,-.0799452,-.0210101,.0124409,.0098498,-.0017233,.4823237,.2261462,-.3310944,.2107895,.8022,-1.276909,.5889289,-.3551413,-.0798668,-.0154669,-.0219922,.118428,.2020941,.0395019,.0678908,.0747232,.120362,.0581836,.0386576,.0908112,-.0801195,.0584664,.1322754,1.236029,.0805243,.034858,.0638351,-.0837045,.0133915,.0481994,.0212276,.0057721,.0716532,.3533162,-1.643297,3.42e-10,.1742862
.0935015,.0277227,-.0911858,-.0773615,-.0569188,-.0043863,-.1235808,.1854061,.0193654,.001719,.0974691,-.500641,.0973524,.0093632,.1500954,-.0633372,-.002703,-.0854022,-.0092253,.0036455,.0001057,-.0011735,.2225189,-.1905465,.1555367,-1.654882,1.610586,-4.187005,-.1552681,-2.8636,.0223652,.1011265,.0619119,.1742503,.2436248,.0538189,.0433321,.2026237,.1175136,.0575488,.1105686,.1574912,.0195423,.0195811,.0917559,.8336129,.0898667,.0267499,.1362774,-.1364925,-.036889,.0674606,-.0312358,.0442566,.0758051,.3730144,-1.153815,2.96e-10,.1683857
.0482873,.0812873,-.0330218,.0256054,.007056,.0543936,-.0162905,.1963848,.0205977,-.0064618,.1362261,-.5053489,-.0469768,.062091,.0628581,-.1104727,-.005289,-.1066108,-.0207906,-.0144659,-.004209,-.0006956,.4180451,-.8540503,-.7755114,-.1480144,1.805369,-5.422669,1.342242,-1.691306,.0703858,.1485399,.1757859,.3491065,.4017805,.0047925,.0006784,.2968641,.1034092,.0415625,.059838,.321873,-.2403212,.0079074,.0962168,.9233983,.0773709,.0352504,.0419924,-.0531583,-.0114008,.05188,-.0323531,.0633364,.0925315,.4258522,-1.534121,-2.02e-11,.1685542
.0172376,.1182452,-.0010891,.0289217,.0337042,-.0376263,-.0322493,.1541587,.0105961,-.0165541,.134551,-.4474572,.1375196,-.014081,.2404169,-.0842379,-.0107263,-.0902993,-.0091193,-.0372268,-.0037309,-.0010325,.144056,-1.434589,.0224238,-.1846502,1.603681,-4.531738,.0764021,-.5203866,.1514553,.0371367,-.014699,.1181655,.1662723,.078106,.0683969,.2798388,.1269744,.066597,-.0167678,.2496847,-.1656747,-.0839966,.1064132,1.023854,.0944855,.0552528,.135031,-.1669963,.0129932,.080033,-.0307223,.0462385,.098603,.4932764,-1.56127,1.23e-10,.1643081
.068671,.2242647,-.0100924,.0592291,.0440281,.2494062,.0675683,.1827856,.0297478,-.0095595,.144863,0,.1134312,.0206272,.1532644,-.1048415,-.0184739,-.1014182,-.0053389,-.0379885,-.0067265,-.0003838,.0219109,-1.343694,-.9123461,-.7012851,2.061674,-6.159513,1.558244,-2.994346,-.0880202,-.047452,-.0794996,.0359053,.1091018,.0920434,.1324266,.0250781,.0894076,.0575107,.0094046,.0325388,.0666983,.0392726,.0992778,.9258317,.0620934,.0891315,.1081138,-.0948612,-.0199788,.0298182,-.0570392,.0868528,.102771,.5103462,-1.368199,-5.19e-11,.1684796
.0652097,.0895428,.0383894,.0496018,-.0092976,.0140622,-.0907328,.1348476,.017392,-.0069606,.1398634,0,.0821375,.0294515,.1919534,-.0651066,.0125564,-.0611952,-.0300949,-.0169218,.0019988,-.0011046,.6710857,-.7290462,.9903985,-.1506146,1.533802,-4.096097,-1.448172,.9728696,.0307676,.065276,.040105,.1278888,.1907363,.0725198,.1196378,.2362417,.1177993,.0503636,.0454808,.1647749,-.1968653,.0201104,.0965721,.9073485,.0753129,.0202324,-.0229994,.0165003,.007873,.0584418,.0043339,-.0066238,.1060933,.5511237,-1.558982,-1.20e-10,.1677
.1645682,.222935,-.0575628,-.0261752,-.0117014,.0145772,-.0803801,.2216823,.0312608,.0027035,.1576872,-.4753579,.0626423,-.0069037,.1549855,-.1577201,-.0115979,-.1691832,-.0221922,-.0003916,.0068175,-.0015072,.4647266,-.5683702,-.0826628,-.8259894,.7396279,-1.808684,.1443511,-1.68531,.0986022,.1068761,.1580556,.2858346,.3348794,.0509382,.0578919,.3326379,.0990109,.0169027,.0937971,.221299,.0119765,.0290286,.1120165,1.022364,.0652018,.0468063,.0051227,-.0106374,-.0019666,.0274254,-.0466357,.0929966,.0970385,.4906896,-1.572155,-4.27e-11,.1694187
.1195849,.0195327,.0274458,.0584084,.0496335,.2228818,-.0624976,.133554,-.0207672,-.0375549,.1306132,-.412855,.0882806,.0387175,.2436597,-.0637009,.0217859,-.0562898,-.0122302,.0034061,.0013453,-.0011003,.2965287,-.1107615,.261396,-.5182855,1.873001,-5.239686,-.3046734,-.807176,.16959,.1169032,.1000749,.1925323,.2150396,.0630613,.1436708,.2563411,.0905208,.0440157,.0801595,.2663994,-.0906646,-.0448713,.1270307,1.187291,.0748903,.0306205,.0104752,-.0027234,-.0117453,.0507905,-.0123484,.0751875,.1389971,.7044781,-2.063619,8.31e-11,.168055
.0609767,.0052539,.0083468,.0346179,.0001747,-.0197302,-.1527991,.1803001,-.0062159,-.0111218,.1401726,0,.0737585,.0387844,.1479524,-.0621038,.0320486,-.0650454,-.0303907,-.0195136,-.004999,-.0008419,.6923099,-1.180497,.1122319,-.6369865,1.616396,-4.472246,-.069993,-1.095154,.0441223,.0091661,.0110133,.1574417,.23012,.0400427,.0547016,.1552498,.1356594,.1176331,-.0207307,.1825329,-.1463684,.0132714,.1099938,1.047921,.0952725,.0694521,.1037047,-.0534511,.0236127,.0338844,.0062025,.0664205,.1112804,.5554105,-1.677539,-2.28e-10,.1687157
.1156722,.152861,-.0365826,-.0351204,-.0086314,-.0833897,-.1535442,.1685919,.0193386,-.0246376,.0888394,-.4125794,-.0477526,.0559852,.0706418,-.1324893,.0020959,-.1262771,-.0123071,.0142574,.0043613,-.0014102,.2469364,.2518428,.562036,-.4142807,1.521932,-4.661794,-.7896331,-.1373935,.2242827,.1987643,.1504115,.2514644,.2881321,.0791412,.138941,.3336825,.0948632,.049329,.0325154,.3224245,-.1136965,-.0140733,.1094782,1.03119,.0898145,.0264916,.0268746,-.0335013,-.0156616,.0508825,-.0462706,.0818549,.1359349,.6808777,-1.854229,-1.39e-10,.163952
.0265591,.1120246,-.0505898,-.0062284,-.0006458,-.055118,-.0939579,.1596577,.0071945,-.0252951,.0948119,0,.136612,.0375082,.1680476,-.0924274,.0177733,-.1097343,-.0125334,-.0436426,.0026461,-.001545,.215316,-1.660232,.3656234,.1567263,1.096553,-3.212827,-.5341008,.5453838,-.0154442,-.0135354,.0080145,.1861099,.1894636,.0162968,.0175787,.1128724,.1311825,.0690535,-.0783964,.0817779,.0277582,.0651317,.1062174,.9741052,.1039213,.0384415,.0662628,-.0701651,-.0094693,.0435269,-.0299043,.0628265,.1249076,.6317257,-1.600051,1.03e-11,.1694039
.085644,.0549811,-.039624,-.0201981,.0314588,.0413042,-.1987588,.2079634,-.0162346,-.0066367,.1267296,-.4817562,.0533226,.02244,.0877229,-.1232149,.0289734,-.1067175,-.0203153,-.0139353,-.0015734,-.0006518,.4394138,-.6707048,.0598845,.7154986,1.412582,-4.14195,-.0052888,1.126978,.2185387,.2348659,.2317596,.4042164,.4298458,.0092863,.0113622,.3011887,.0707923,.0399102,.0742215,.3595009,-.1995408,.0095755,.1043185,.9852486,.0700635,.0711884,-.0424675,.0430891,-.015974,.0435385,-.0580027,.1020907,.1248359,.6184145,-1.865062,-1.27e-10,.1659883
.1286839,.245463,.0007197,.0022077,-.0016958,.0261072,-.0257402,.140423,.0165908,-.0202189,.1160512,-.4451672,.1205622,.0405867,.2034181,-.0165833,.0195242,-.0458174,-.0206577,-.0127233,.0017304,-.0011752,.4491634,-.8731386,.8229529,-.2681265,1.714183,-4.445828,-1.184666,.5502307,-.1693283,-.1592904,-.1459367,-.0247604,.0617183,.0660582,.1362813,-.0259827,.0846025,.0269662,.0696537,-.0021886,-.0700985,.0603659,.0909211,.8914406,.0757655,.0503543,.0248421,-.0114365,-.0007522,.042743,-.0041869,-.0067604,.0894163,.4339628,-1.236466,2.24e-11,.1643715
.1657893,.1129761,.0244631,.0836368,.0743775,.0923083,-.0108372,.179456,-.0041238,-.0240442,.1792598,0,.035624,.0617598,.0955863,-.0690083,.0186426,-.0565161,-.0213204,-.0405737,-.0051857,-.0004876,.5185164,-1.795351,.0190829,-.4107099,1.502576,-3.472493,.0804045,-1.153152,.0448901,.1498002,.1757162,.3520036,.3460765,.0076184,.0601711,.2042783,.1387697,.0643167,-.0304846,.1885701,-.0349179,.1082408,.1080375,1.027377,.0774685,.0719639,.0139841,.0448667,.0323552,.0539396,-.012623,.115007,.1114729,.560632,-1.864011,2.95e-11,.1628942
.0770893,.1705655,-.0187287,-.0605604,-.0292421,-.0141473,-.1051544,.1677441,.0047017,-.0054398,.1162873,0,.0858061,-.0106105,.1993238,-.0466831,.000731,-.1275174,-.0121711,.0084264,-.0050538,-.0008112,.1543655,.0697017,-1.189632,-.8145753,1.647568,-4.311687,1.970906,-3.529852,-.0984151,-.0874597,-.0785517,.0582976,.1130221,.0139861,.0356101,.0997882,.1354724,.0650218,.099143,.0877803,.0640674,-.0042923,.0986735,.9586211,.0812555,.0285978,-.0570546,.0377792,-.0029783,.0626001,-.0298244,.0474236,.1303673,.6737968,-1.483887,8.85e-11,.1647758
.2085699,.0562799,-.0089871,-.0122462,.0093396,.0043922,-.1048961,.1258754,-.0035923,-.0108314,.1355378,-.4558193,.105967,.02538,.1700713,-.0168347,.0234253,-.108195,-.0180288,.0063429,.0065137,-.0013892,.3723312,-.1644542,-.4515761,-.6126909,1.311172,-4.103117,.7866924,-2.005161,.067483,.0088651,-.0437573,.1144055,.1743265,.010156,.019971,.1010406,.087379,.0441139,-.0715981,.1446095,-.2178611,-.0702182,.0930594,.9373881,.0840788,.0223538,-.0134318,-.0155158,.0078323,.0569401,.0056565,.0471784,.1148237,.5736827,-1.431083,-7.04e-11,.1743468
.0628179,.0988994,-.0324048,-.0619629,-.0379211,-.1433679,-.1742341,.156688,.0355726,-.0132035,.1370666,0,.0839839,.024039,.1566765,-.0703103,.007043,-.1880426,-.0079332,-.0626613,.0009238,-.0011934,.0942984,0,-.2410543,-1.762585,.7439166,-1.663276,.4548055,-3.66616,.0071979,-.0153828,.007009,.1039284,.1549615,.069274,.0854241,.1199672,.1097244,.0557075,-.0611159,.0747572,-.1645311,.0363714,.0912796,.8723541,.0908113,.0333833,.0390037,.0083376,.0236972,.0409841,-.0022798,.003065,.1062599,.5242969,-1.298571,-1.08e-10,.1742391
.1830256,.1983908,.0620553,.106585,.0714663,.1960638,-.0392654,.1868118,-.0120233,-.0140259,.1953181,0,.0853726,.0556687,.0929612,-.0848159,.0187964,-.0810188,-.0157217,-.0340854,-.0163123,-.0001954,.2036968,-1.31465,.6855336,-.8936307,1.576226,-4.958375,-.9869872,-.7985237,.0927877,.0692798,.0818669,.1962097,.2546729,-.0264612,.0010003,.2496333,.0761753,.0209376,.083379,.2352453,-.1310202,-.0855501,.0995767,.9638973,.0783463,.0781424,.0834482,-.03635,.024178,.0335993,-.0205616,.062756,.1198607,.6042696,-1.554768,2.00e-10,.1735804
.1441642,.1689346,-.0065575,.0001003,-.0092495,.186332,-.0872949,.1550766,.0009804,-.0195613,.1365174,-.4602168,-.0462552,.0604841,.0599866,-.0432048,.0274087,-.0830393,-.024018,-.0166254,.0052511,-.0011748,.5995746,-.6208095,-.5505827,-1.173345,1.712958,-3.970578,.9741957,-3.250932,-.0204716,.00204,.0337294,.1506868,.2019256,.0292372,.0878704,.0935559,.1404704,.0896381,.0508944,.1098419,-.0157788,.0614546,.1239551,1.170326,.0628809,.0264286,.070857,-.0617455,.0032942,.0482625,-.0385094,.0578124,.1303108,.6558535,-1.891821,2.12e-11,.1703658
.1092964,.1798933,-.0278926,-.0165492,.0054826,.0041829,-.180284,.1634477,.0014569,-.0225666,.1230252,0,.0549768,.0545319,.1116214,-.0613665,.0339716,-.1159169,-.0156613,-.0194442,.0021078,-.0013326,.3599415,-.5411542,-.3231198,-.5913523,1.316063,-4.152758,.5553549,-1.756645,.1202931,.2036799,.131565,.2788689,.3567934,.0289978,.033023,.1909111,.112931,.0664935,.0765041,.2250554,-.1699004,.0442283,.1233092,1.160289,.0751539,-.0102008,.0451229,-.0012523,.0003435,.0331125,-.0715586,.1102331,.0811896,.3986993,-1.646738,7.40e-11,.1652272
.0820252,-.0364768,.0640552,.0777972,.052197,.3842303,.004946,.1226487,.0311438,-.0268652,.1397517,-.3899728,.1765772,.0322077,.1725157,-.1011843,-.014615,-.1107195,-.0219165,-.0331639,-.0037247,-.0006058,.4736751,-1.53271,-.4247626,-1.201852,1.026638,-2.599512,.6887988,-2.971716,-.032019,.0040854,-.0380643,.0827813,.0672685,.0313081,.1194525,.1532679,.1554925,.0828814,.0435219,.1116026,-.2381861,.0372094,.1174566,1.081225,.0725353,-.0069339,.0564114,-.0531094,.0232638,.0470137,-.0065864,.0510316,.1159258,.5959395,-1.601454,-8.78e-11,.169882
.0912316,.104902,.0090683,-.0099567,-.0043636,-.0013044,.0492975,.1613038,.0156025,-.0240803,.1593294,-.4876727,.0011343,.0695898,.1332573,-.0748072,-.0079065,-.1430701,-.0234208,-.0328884,-.0025746,-.0008868,.4453664,-1.615374,-.0458903,-1.270067,1.283424,-3.605857,.14975,-2.503812,.0890567,.1288739,.0385567,.2037609,.2839437,.0432657,.0266467,.2555163,.1032856,.0507229,-.0315883,.2716952,.0463979,-.0284798,.1257508,1.157469,.0751006,.0208692,.0367225,-.0409363,.0308535,.0534737,-.0082549,-.0133792,.0985766,.5073922,-1.644251,3.28e-10,.1701187
.0806744,-.0122331,-.0114916,-.0286782,-.0385935,.0075314,-.0768094,.1362896,.0113095,-.013979,.0982134,-.4148498,.1551671,.0547152,.2276202,-.0946786,.0001835,-.1069912,-.0188616,-.0150489,-.0017253,-.0007483,.3496205,-.8850609,-.564483,-2.000955,1.383067,-3.875237,1.002517,-4.514009,.2050561,.1209948,.1005422,.1858303,.235928,.1036873,.1580807,.2900123,.1088195,.0421344,.050605,.3303805,-.1176199,-.0712126,.0908924,.88209,.085652,.0679698,.1519919,-.1397906,.0364971,.0575305,.0065043,.0065615,.133385,.6947621,-1.589422,1.35e-10,.1678823
.1526849,-.156723,.0392535,-.014303,-.0470165,.0996207,-.0737442,.1732942,.0163962,-.0008844,.1628947,-.4623823,.0956173,.0033821,.1855775,-.0759611,-.0086782,-.1120498,-.0381862,.0118665,-.00142,-.0008374,.9141233,-.5821096,.0617528,-.3412294,1.10306,-2.896868,-.0570392,-.7007107,-.0446806,-.1040781,-.1521191,-.0267735,.0358922,.0319595,.0860369,.1441864,.1554712,.0970768,-.0093056,.1070991,-.0912137,-.0648367,.1256117,1.167731,.0543211,.0708872,.0632241,-.082868,.050375,.0902704,.038218,-.0048623,.1094392,.5487852,-1.663355,-8.85e-11,.1651562
.2706262,.1468619,.0802494,.0821524,.0727519,.3048298,.0583963,.2060563,.0039023,-.0225444,.2481993,-.4860777,.072308,.0132004,.1436573,-.0991229,.0068063,-.0906207,-.0065103,-.0171851,-.0025581,-.0008598,.0607124,-.2257652,.4072937,-.9896859,1.429831,-3.535605,-.5600331,-1.231716,.1945769,.3005153,.2833464,.470744,.6040193,-.0008364,-.0342499,.3601004,.1072105,.0561228,.0071814,.3518723,-.0340368,.0351231,.0912726,.8520807,.0673927,.0871751,.1152708,-.1368393,-.0014034,.029002,-.063631,.0787436,.0921359,.4703805,-1.627931,-2.48e-10,.1697049
.1053632,.0200457,-.0149522,-.0046958,.01659,.064994,.0037177,.1509026,-.0041784,-.0201275,.1163652,0,.0365766,.0324575,.1421178,-.0846207,.0038254,-.0815798,-.0265591,-.0109495,-.0048819,-.0007352,.6202543,-1.140327,-.1766242,-.5801479,.6686624,-1.412963,.3153359,-1.437417,.2591987,.2700986,.229602,.3964295,.4231367,.0414929,.0234532,.3681399,.1223455,.0594047,.0595097,.3630313,.0580725,-.0199622,.0995346,.9691163,.1086503,.036881,-.0463162,.0844163,.0208635,.0660791,.0016885,.0462812,.1181917,.6017014,-1.760516,2.43e-10,.165767
.2432655,.2486852,-.0029824,-.0005441,.0053828,.1345228,-.0066845,.1242074,.0224118,-.0303007,.1256117,-.4764104,.0934142,.0031642,.1665416,.007981,.0060043,-.1031576,-.0271577,-.0153285,-.0069704,-.0006287,.5710484,-1.072557,-.7102194,-.5903125,1.353791,-3.182142,1.23472,-2.311421,.0240737,.0532087,.0245343,.1502457,.2095866,.0317831,.0308353,.1596095,.1465588,.0878122,.0869987,.194513,-.1724308,.0264673,.117763,1.125495,.1067651,-.0179553,.0507021,-.0375025,-.0030769,.0267638,-.0655856,.1007426,.0949782,.4467997,-1.553309,1.84e-10,.1709164
.2469798,.1070337,.0462913,.0225149,.0453773,.2558066,-.1000039,.2527494,-.0040093,.0044291,.2527016,0,.093118,.0316101,.1644733,-.1494478,-.000065,-.1262461,-.0201679,-.0353844,-.0021171,-.0009184,.4275301,-1.618964,-.0662358,-.983084,1.275311,-2.53029,.2029904,-2.201248,-.062848,-.0476957,-.0147222,.1185967,.1795041,.0145384,.0608931,.0944547,.098899,.0285763,.0151903,.069052,.0754739,-.0097616,.1021542,.9677954,.0804297,.0794423,-.0030309,.0115907,.0102326,.0602428,-.001891,.0006313,.0913609,.4519738,-1.410057,-2.36e-10,.1687
.1133359,.1198106,.0416656,.0516191,.0823951,.0066894,-.0123843,.1993798,-.0165425,-.0107025,.2107577,-.4892313,.2425601,.0627151,.296358,-.0587794,.0146531,-.0746617,-.0324605,.0176458,-.0026131,-.0008667,.7127275,-.1504812,.2595316,-.3476347,1.215308,-3.093472,-.3391737,-.4483061,.0291033,-.0613623,-.0888643,.0208564,.0528347,.0406259,.0463241,.1343072,.1271595,.0565745,.0660317,.1360149,-.1451233,-.0792675,.106821,1.009826,.0790842,.0129791,.0143691,.0193352,.0408776,.0298124,-.0156548,.0542376,.1118417,.5423355,-1.556729,2.09e-10,.173486
.2065095,.2045332,.0202665,.0486847,.0403409,.0295077,-.0497608,.1716316,.0020834,-.0158624,.1839839,-.4435611,.1132804,.0554188,.1831369,-.0638329,.0151598,-.025666,-.0236259,-.0169842,-.0066616,-.0005376,.4935215,-.8542811,-.3875074,-1.530354,1.536423,-3.524423,.7222524,-3.580264,.0522113,.0963,.0164788,.1064002,.1128744,.0886337,.1610766,.1913807,.0591999,.0208457,-.0383901,.1846023,-.001152,-.0286528,.0942554,.8863872,.0567859,.0986389,.0614695,-.0610104,.0017439,.0393186,-.0714125,.0988145,.107061,.5572622,-1.409236,1.03e-10,.1723458
.1270207,.1695365,-.00195,.0607787,.0511777,.2446563,-.0568749,.2306959,-.0120149,-.0157421,.1837724,0,.0652775,.0467583,.1388775,-.0968645,.0097465,-.0639117,-.0214508,-.0200006,-.0093072,-.0004098,.4539124,-1.162607,-.1657611,-.2301769,1.355372,-3.57384,.351827,-1.039608,-.0744175,.0036615,-.0020483,.1372947,.1528101,.060543,.092791,.0588882,.0986768,.0317983,.0192381,.1046233,-.0035593,.0412818,.1290994,1.227948,.0614598,.0239414,.0683892,-.0343128,.0026643,.020697,-.0276666,.0615028,.1304328,.657886,-1.940367,2.54e-10,.1663398
.1424454,.2682963,.0369226,.0244982,.0006105,.1403815,.0019361,.1350358,.0114979,-.01792,.1619964,0,.1225404,.0057215,.1749207,-.0126487,.0040184,-.1130896,-.0074942,-.0406549,.0140008,-.0022059,.1082055,-1.39378,-.0897762,-.7996708,.9402463,-1.702636,.1856212,-1.74805,.0062752,.0282574,.0073507,.0925488,.1426573,.0620744,.1163737,.1293135,.0898348,.019735,.0236691,.1391027,-.2363706,.0094434,.1130547,1.075507,.0860118,.0669244,-.0341473,.0343334,.0171113,.0423413,-.0292497,.0693785,.0951743,.4601966,-1.508561,4.31e-10,.1721956
.1466363,.1376006,.0305356,.025191,.0252993,-.0961027,-.1231299,.1975854,-.0100619,.0043125,.1916332,-.5304316,.1906326,-.0100694,.1616407,-.0638151,.0101649,-.0579596,-.023699,.0079064,-.0009467,-.0006705,.4981027,-.2508774,-.4083523,.1228731,1.522709,-4.210512,.7725823,-.811548,-.124856,-.0451628,-.0964513,.0665212,.0984314,.0622931,.0674464,.0308884,.1630804,.1183293,.0111257,.0586786,.0242084,.0921374,.0860869,.8453044,.0661275,.0665093,.0763706,-.080935,.0177633,.0410899,.0055646,.0731454,.1064323,.5418305,-1.489012,-1.34e-10,.1675132
.0707026,.1013089,.0188843,-.0080113,.0407544,.1207479,-.0839407,.1724753,.0046168,-.0194856,.1585463,-.4738871,.0826472,.0817397,.1790578,-.1420049,.0005764,-.1195751,-.0291532,-.022583,.0007571,-.0011449,.668,-1.442773,-.0981006,-1.037893,1.598983,-3.899106,.2497995,-2.289351,.0901905,.0943169,.0574537,.180902,.1915787,.0561157,.0876357,.2586207,.1065105,.0349973,.0959793,.2432101,.0623508,-.0411507,.1019384,.9434878,.0672933,.10174,.1199567,-.1175773,.0401729,.034423,-.0348997,.101984,.1123385,.5797783,-1.57503,2.11e-11,.1719281
.1368714,.2268395,-.0086336,-.0338675,-.0130727,.0401608,-.095061,.1417717,.0183571,-.0315547,.1251873,-.4148535,.1221348,.0153367,.2055041,-.0938242,.0128833,-.1342336,-.0006921,.0251213,-.0095633,-.0003627,-.0932853,.9588034,-.0409304,-.7835162,2.256477,-7.222575,.1600499,-1.688514,-.0693574,-.1054475,-.0857223,.0379631,.0547967,.0478801,.0787896,.1140615,.1289493,.0674079,.01962,.0374082,.0400764,.0283728,.1351331,1.272281,.0600309,.0170928,.0227161,-.0224347,.0005443,.0581314,-.0206352,.0596453,.1285225,.6592689,-1.833721,-9.18e-11,.1702513
.0315893,-.0097652,-.0192781,-.0156877,-.0149857,.0197546,-.1150747,.1739801,.020352,-.0145927,.1302147,-.4332598,.5069288,.1306185,.5675511,-.123574,.0024657,-.1283079,-.0177408,-.0323828,.0016632,-.0009476,.4129328,-1.51575,.4669374,-1.326306,1.843316,-5.008696,-.6460078,-1.82996,.0183144,.0340381,-.0042872,.1142146,.162178,.0853103,.1316718,.1122077,.11247,.0624707,-.0408846,.1362312,-.0195699,.0238031,.111022,1.055754,.0643584,.0930194,.0860936,-.1265261,-.0159242,.0647563,-.0259634,.0587225,.1372069,.7099692,-1.766902,-7.84e-11,.1616629
.0694986,.0467054,-.0463806,-.0462223,-.0432414,.28602,-.1662624,.1215725,.0264656,-.0197398,.0911678,0,.1269888,.0328979,.1969243,-.0957815,-.0022182,-.1371806,-.0067393,-.0413736,.0011039,-.0012581,.0315285,-1.33346,.0545612,-.9087102,1.65912,-4.472713,.0262175,-1.77808,.0126146,-.0124426,-.0292952,.0494056,.0845075,.0820231,.1313533,.014711,.1580565,.1078633,.0946969,.1277836,-.1903311,.0725084,.1122512,1.051719,.0884763,.0236417,.0258617,-.0209392,.001135,.0562571,-.0336888,.007498,.1079979,.5362772,-1.544861,2.01e-11,.1715915
.1411453,.11976,.0025549,.005412,.0212439,.0025199,-.0931264,.1065928,.0286374,-.0163115,.0905526,-.4158696,.1905943,.0029238,.1834187,-.0170246,.0029031,-.0713324,-.0193312,-.0461836,-.0096725,-.0003003,.3561773,-1.93807,-.218953,-.7534146,1.461627,-3.535142,.4886813,-1.984005,.0052926,.0784523,.142282,.3094533,.331639,.0133422,.0111501,.167505,.1214412,.042672,.0756806,.1332722,.0964141,.0873366,.1019109,.9794659,.0892432,.0838971,.0485498,-.0244108,.009782,.0811403,-.008308,.0924931,.0930486,.453831,-1.528306,-2.94e-10,.1682742
.1587423,.140757,.0060038,.0360636,.0483226,.2475135,-.0016464,.1732469,-.0075424,-.017761,.1424418,0,.1534396,.0109801,.2868023,-.0437617,.0145427,-.0578916,-.0147144,-.0520191,-.003615,-.0007377,.293311,-2.040432,.6459746,-1.330908,1.567441,-4.407047,-.9272255,-1.544666,.1605726,.2134505,.2055671,.3369671,.4063962,.0276125,.0182401,.3001545,.1023504,.0546981,-.060626,.330201,-.0081486,.0035041,.1189663,1.142275,.0596923,.0198673,-.0006582,.0109716,.0060167,.0415354,-.0256506,.0410903,.1336487,.670405,-1.965552,1.93e-10,.1703557
.2255088,.1589932,.0330022,.0206352,.0126652,.1606183,-.0549729,.174068,.0087074,-.0067727,.1515172,0,.0961857,.0370894,.2364032,-.0615427,-.007648,-.0627417,-.0335549,-.0097759,-.0020127,-.0009359,.7572932,-1.15049,-.4582323,-.8746207,1.462904,-4.359873,.8165361,-2.535069,.1522961,.2350556,.2812284,.4447589,.4775311,.0100099,.0371711,.3177988,.1083676,.0554331,.0964575,.3337347,-.1231719,.0848851,.1043068,.9864069,.0352951,.0428493,-.0678463,.065549,.0187782,.0503541,.0058451,.0329525,.1003464,.4898556,-1.743659,6.29e-10,.1695016
.0666662,.1533127,-.0133691,-.0164521,.0070778,.0593785,-.1277655,.1805843,-.0002096,-.0171395,.1492332,0,.1670296,.0062436,.1895038,-.0248807,.0158788,-.0529535,-.0134555,.0018058,.0011707,-.0008478,.2617806,.029526,-.951927,-.3317035,1.333708,-3.739623,1.586186,-2.403407,-.0986594,-.0466294,-.0532413,.0608386,.081273,.0607085,.1072446,.0639101,.1026965,.0540911,.0320889,.02973,-.0043008,.033455,.1194629,1.139124,.0770181,.0382343,.0164209,-.0200949,.0120725,.0321653,-.038439,.0920282,.1266278,.6596271,-1.769376,8.91e-11,.1673722
.1752928,.0909176,.0827785,.0173682,.0601064,.0852477,.0669039,.135847,.0200658,-.0321495,.1708796,0,.0411426,.0589288,.1011131,-.1052071,-.0004829,-.1403986,-.0301875,-.0128403,-.0081903,-.0007551,.6261045,-.8908965,.0920566,-.5318432,1.178016,-2.382359,-.0412494,-.9738401,-.0962957,-.0841858,-.1105021,-.0159263,.0092837,.1006448,.1608179,.036996,.1124212,.0502951,.0466034,.0833596,-.234258,.0350454,.0745163,.6954598,.101527,-.0057141,.0108111,.0208512,.0462794,.0419462,-.0196897,.0773124,.1190919,.591027,-1.235451,-7.79e-11,.1694669
.0916639,.1190458,-.0219605,-.0524698,-.0542004,.2009421,-.0694989,.1042392,.0293481,-.0188851,.0768182,-.4147806,.072863,.0378809,.0909531,-.0421522,.0033752,-.0667689,-.0213243,-.0188183,.0015147,-.0009292,.4317313,-.9791614,-.3532722,-1.540479,1.368667,-3.804966,.6628503,-3.450828,.0209457,.0735345,.0356105,.155039,.1964671,.0661393,.1216119,.1877024,.1102684,.0604651,-.0278406,.2201018,-.1612222,.0262259,.1098333,1.043519,.0598981,.0313154,.0410423,-.0236902,.0170448,.0468762,-.0609919,.0807859,.1276772,.6422912,-1.59218,1.98e-10,.1727038
.2036822,.2656703,.027221,.0261155,.0530695,.1470367,-.0081509,.1123283,.0229652,-.0389554,.1121709,0,.1116636,.0031622,.1890127,-.0767999,.0093089,-.086778,-.0240933,-.0393889,-.0004053,-.0012213,.4869666,-1.654753,-.2347716,-.6019399,2.163123,-5.578218,.5261128,-1.838128,.0902655,.1501391,.1504541,.2902352,.3323198,.0280573,.0720361,.1729645,.1083971,.0385478,-.0152259,.1733769,-.1943795,.0837823,.0917793,.880004,.0827123,.0859149,.0625054,-.0085586,-.011025,.0669133,-.0213157,.1052614,.0924366,.4598421,-1.517672,2.10e-10,.1678102
.1180413,-.0169166,.0166797,-.024838,-.0409546,.0068682,.0666254,.0806563,.027234,-.021411,.0833508,-.3994639,.0721493,.0607192,.0973616,-.0189211,-.0137696,-.0386945,-.0272073,-.052126,-.000948,-.0008289,.5839421,-2.360345,.121906,-1.233421,1.728395,-5.001737,-.0640726,-2.218059,.118923,.1354592,.1498756,.2475707,.333901,.0278299,.0865678,.2761103,.1539605,.0676408,-.0119407,.291376,.0163437,.0260305,.1229594,1.178495,.084515,.0680959,.0323774,-.0217693,.0155284,.0592325,.0026471,.0586182,.1047856,.5216347,-1.768142,-3.32e-10,.1663025
-.0228816,-.051934,-.0608291,-.0865238,-.0951876,.0158512,-.1803113,.1586223,.0059336,.001578,.0975129,-.4709643,.2181779,.0690576,.2365986,-.0211685,.0065599,-.0824179,-.0139461,.0107843,-.0016734,-.0006299,.2972255,.5377788,.0085799,.0171876,1.635849,-4.57299,.0879459,-.3114564,-.1848994,-.2513359,-.2517033,-.1143051,-.0609463,.0269094,.0542657,-.0668001,.1043715,.0378621,-.0920739,-.1449954,-.0355048,-.0394982,.0805665,.7847095,.0726971,.053172,-.0706445,.0941821,.0094739,.0362936,-.0307501,.0184856,.124989,.6347843,-1.177138,1.09e-10,.1685679
.0962551,.1969415,.0513055,.0462569,.0609868,-.0653336,.0005446,.1771278,-.0043833,-.0199717,.1748772,-.4888477,.0671829,.0352705,.1887801,-.0909848,.005081,-.1186697,-.0313699,-.004144,-.0017966,-.0009996,.7521651,-.8514892,-.0017773,-.4461598,1.567508,-4.096527,.10877,-1.074907,-.1100258,-.0428708,-.0630077,.0815021,.139661,.0440116,.0975446,.1177294,.1433136,.078038,.0734337,.0597196,-.1004893,.0443941,.1401828,1.308842,.0669439,.0959179,.0701027,-.0768769,.0133602,.0481064,-.0054083,.0619535,.1126655,.5835252,-1.908042,1.18e-10,.1651435
.1275245,-.0102025,.0228027,.0675667,.075567,-.0609972,.0151298,.1716777,-.0034707,-.0250742,.1514465,0,.0558755,.0528005,.1620118,-.0892434,-.0043354,-.0442867,-.0258068,-.0384685,.0074274,-.0014003,.6307784,-1.892903,-.3840301,-1.495809,1.529544,-3.849153,.6996561,-3.473607,-.0309872,.0973736,.1063535,.2166687,.2756007,.0686245,.0794758,.134524,.1118847,.0410982,-.0432679,.1314797,-.1532515,.1170963,.1122736,1.058735,.0729914,.020525,.0563743,-.0295485,.0215278,.0608574,-.0307176,.0491127,.1144047,.589231,-1.744598,2.08e-10,.1720578
.2248675,.0904277,.0389368,.0385537,.0861203,.1345385,-.0054737,.1559,.0214858,-.0386022,.1549676,-.4255553,-.007048,.0118975,.1526589,-.1091335,.0053382,-.1016746,-.0258368,-.0025717,.0039604,-.0010624,.582908,-.7421172,-.7775199,-.7003332,1.276511,-3.105309,1.309662,-2.764851,.1870714,.2014967,.125382,.2205543,.3193691,.0640755,.094108,.2415377,.088466,.0350109,.0113443,.3639851,-.1578348,-.0721087,.1106028,1.04918,.0841056,.0325004,-.0093247,.008236,.0364649,.0545257,.0001154,.0716121,.1026297,.5306856,-1.747082,3.17e-10,.1685185
.1661099,-.1098234,.0112006,.0026215,.017162,.0315681,-.0847067,.1683257,.0123619,-.0106655,.1396397,-.4961704,.1328413,.0364527,.2068387,-.1093619,-.0038617,-.1319314,-.026869,-.0143208,-.0114637,-.0004811,.554359,-1.064404,-.5687571,.5390188,1.130891,-2.752533,.9539278,-.1985602,.0649163,.1069274,.1368311,.2848648,.3468755,-.0019277,-.0231526,.2102095,.0895123,.0290722,.0083697,.2524098,-.0992313,-.0076441,.1226514,1.175118,.0786134,.049077,.0570815,-.0635488,.0211693,.0672424,.0094573,-.0152088,.1251496,.6149479,-1.885102,-2.76e-10,.1658345
.1866593,.2062382,.0194301,.0682676,.0708979,.114982,.0324365,.1349485,-.0019509,-.0143815,.1503892,-.4406371,.0470611,.0379726,.158851,-.0482267,.0106667,-.0491338,-.0266631,-.0461708,-.0111124,-.00057,.576547,-2.103884,.3697284,-1.511999,1.560057,-4.038311,-.459655,-2.290683,-.0005139,-.0220317,.0145627,.1798792,.1671332,.0275172,.071533,.1628197,.1375615,.0827248,.0550751,.1262906,-.1356681,.0495895,.1052475,.9970457,.0513244,.003636,-.0592998,.0376389,.0114892,.0584483,-.0355159,.0613885,.1121987,.5684148,-1.515043,1.20e-10,.1654888
.1568294,-.046706,-.0233585,-.037113,-.0025348,.0024003,-.1648891,.1746461,-.0004699,.0034286,.1300191,-.4610721,.0470398,.0342265,.0759203,-.0239239,.0118159,-.0279358,-.0308856,.0033526,.0000544,-.0009759,.7306691,-.2702146,.213332,-.8462746,1.25748,-3.472492,-.2619653,-1.335364,.0650274,.0718659,.0870322,.2188724,.2523361,.0320923,.0583531,.2280095,.1453989,.091084,.0413446,.2007536,.1313148,.0225053,.0976947,.9161654,.0806373,.0307621,-.0484789,.0080877,.0412626,.058627,.0308315,.0372653,.0919725,.4611685,-1.466964,2.11e-10,.1718796
.0867899,.2026517,-.0118629,-.0261764,-.0017073,.1591186,-.1801494,.1269805,.020546,-.0083521,.1102421,0,.1083668,.0269323,.1194921,-.0185415,.0060713,-.0772379,-.024381,.0057611,-.0088628,-.0002674,.4795782,-.3795224,.4494734,-.3232176,1.313347,-3.221788,-.6174679,-.0820311,.1600917,.1916417,.1670434,.2801852,.3419189,.0698815,.077172,.267904,.151826,.1189925,.0719661,.2512002,-.1843957,.1134173,.1108658,1.048117,.0816877,.033344,.11493,-.0577477,.0080256,.0584967,-.0311087,.0412995,.0876696,.4182209,-1.699599,-1.93e-10,.1728884
.1535358,-.0855466,-.0348634,-.0999581,-.023202,.0054742,-.0381903,.1341906,.0412754,-.0190435,.0992405,-.4139923,.0283505,.0178358,.1423187,-.0143837,-.0191542,-.1103749,.0024768,-.0611051,-.000856,-.0008054,-.0833026,0,.1862615,-.546379,1.175063,-2.063671,-.1863082,-.8927646,.1132181,.1730414,.1451354,.3002199,.348262,.0314943,.0350737,.289874,.1486088,.0890887,.0678898,.1913478,.1590911,.0573434,.1103714,1.023012,.0663597,.0328956,.0159599,-.0480664,.0329923,.0464226,-.0263032,.0442497,.0949316,.4580347,-1.619642,-1.27e-10,.1671985
.275889,-.009987,.0331598,.0100845,.063638,-.0077225,-.031824,.2017252,.0083823,-.0110077,.2250334,-.465012,.0573576,.0481361,.1716854,-.0993334,-.0029782,-.1398035,-.0080498,.010301,-.0065368,-.0004424,.075212,.3560529,.546894,-1.079474,1.347577,-3.473987,-.7409858,-1.295915,.003859,-.0240638,-.012577,.0711713,.1783808,.0379002,.07556,.1994085,.130163,.055579,.0304412,.1223622,.0273946,-.0261587,.0658871,.6364344,.0692189,.0616946,.0303943,.0030135,.0204768,.0888389,.012406,.0063114,.1066748,.5217543,-1.211251,-1.20e-10,.1707389
.147854,.1413297,.0037926,.0224176,.0106169,.0168576,-.0416695,.1564629,.0218988,-.0252957,.1632089,0,.1036513,.0527374,.1448289,-.0655365,.007096,-.1347795,-.0252012,-.0055023,-.0062803,-.0006321,.5435611,-.5940345,-.1307982,-.5321858,1.152663,-1.755373,.2841679,-1.345634,-.1267874,-.0385525,-.0523748,.1042249,.2006543,.0458829,.0635208,.0001626,.1184237,.0519407,.0066623,-.0075674,-.2256198,.0940519,.0869426,.8321866,.0647243,.0270004,-.1339539,.1563649,.0049825,.0537815,-.0285504,.0189851,.096508,.4956114,-1.238727,8.57e-11,.1664884
.089307,.0911161,-.0010484,-.0159095,-.0103988,.1254482,-.0883444,.1720444,.0036923,-.0009028,.1971248,-.5121552,.1553596,.041342,.1297325,-.0449474,-.001683,-.1002472,-.0175362,-.0127112,-.0069313,-.0003639,.3897623,-1.026968,.2068099,.1271553,1.71081,-4.254547,-.2112482,.1760609,.11249,.2226242,.2174318,.3483628,.4142935,.0432143,.05968,.2841134,.1737184,.1064538,.0172804,.2398258,.2167862,.1200489,.082291,.8051869,.084577,.0698439,.1230239,-.1391887,.0082685,.0409795,-.0482311,.104027,.0917077,.4771986,-1.623806,-2.86e-10,.1717038
.1095737,.0095628,.0239934,.0158325,-.0233569,.2528503,-.0749987,.1459539,.0364478,-.0256115,.1100305,0,.0676894,.0198553,.2358883,-.1362785,.0108521,-.0911071,-.0098796,-.0316156,-.0033612,-.0007274,.1828901,-1.255089,.1757932,-.5313674,1.749753,-5.822545,-.1808853,-.9999359,-.103663,-.0485875,-.0605496,.068903,.0671889,.0524059,.0416413,.0722434,.1206128,.0736988,.1112374,.0003421,.0359617,.0387067,.1158467,1.117648,.0584869,.0701697,.0991051,-.0754964,-.0016074,.0510793,-.0093617,.0502353,.1466575,.7551558,-1.784007,3.85e-10,.1727999
.068904,.084734,-.0158883,.0026769,.0055934,-.1732204,-.0914811,.1275218,.0217616,-.0123673,.1250347,-.4396038,.1014739,.0178545,.1305889,-.1035989,-.0015214,-.1421953,-.0251659,-.0211013,.0033962,-.0012204,.6248918,-1.374712,.4780037,-.8966293,1.014349,-2.699555,-.7218249,-1.059864,.0377295,-.0091363,-.0831458,.0892816,.1048618,.0706191,.0895709,.1543368,.1273039,.0866978,-.0426815,.1451517,-.0222987,-.0520024,.0989905,.9139386,.0786963,.0551589,-.0210074,.0026392,.0071314,.0491952,-.03134,.0767953,.1103186,.548307,-1.37307,2.09e-10,.1694176
.1026835,-.022911,-.0586408,-.0230668,-.0153431,-.0072538,.0017501,.1284242,.0237823,-.0320363,.0785151,0,-.0451442,.0618802,.1559779,-.0883728,-.0056434,-.115938,-.0238414,-.0166026,-.00209,-.0008115,.5380487,-.9052513,.4551401,-1.041473,2.01656,-4.804627,-.5654342,-1.394667,.097612,.1408831,.1233891,.21329,.2970521,.0756079,.1178105,.23807,.12014,.0462556,.0045816,.2460642,-.1342043,.0586997,.0912081,.8706651,.0705055,.1028026,.0826841,-.0910467,-.0167592,.0558274,-.064065,.0797056,.0883514,.4445963,-1.370005,-4.24e-11,.1689801
.1032214,.0388478,.0325283,.0351437,.0361291,.1982384,-.0542377,.1650975,.0081794,-.0059382,.180814,-.452186,.0845255,-.0103441,.1797926,-.1102175,-.0042534,-.1057092,-.0304267,-.0083643,-.0038072,-.000723,.6754441,-1.060165,.1025176,-1.159605,1.865489,-5.139938,-.0640092,-2.045495,.0908618,.2103852,.183316,.333848,.3759729,.0851412,.1100529,.203722,.0793768,.0290942,-.0321685,.2613818,-.0670198,.081685,.0941387,.8938401,.0655549,.0614974,-.0075449,-.0174323,.0078833,.0398796,-.0467793,.0849508,.1165367,.5885381,-1.638733,3.38e-11,.1706463
.0172138,.2268222,-.0067062,.0035416,.0464983,-.0333166,-.0892315,.1771014,-.0104258,-.024335,.142801,0,.0783621,.0334025,.1507336,-.0916578,.0069433,-.1507156,-.0276842,-.0288915,-.0052252,-.000613,.6170422,-1.615983,-.2475681,-.2672333,2.134325,-6.589178,.5277846,-1.108533,.0586047,.1197858,.1449482,.2774233,.3576124,.0329182,.0263236,.2645759,.1352908,.0675401,.0899743,.217499,-.0649901,.069631,.1241426,1.17039,.0716225,.0778893,.0673893,-.0449012,-.0001428,.0443531,-.0221716,.0640452,.1428874,.7091426,-2.081071,6.55e-11,.1643111
.0328274,-.0075548,-.0070464,.036059,.0554403,.0749913,-.0193791,.1554571,.0204765,-.0155842,.1191757,0,.0424565,.037106,.1556993,-.0758719,-.0142365,-.0770546,-.0164354,-.02773,-.0040221,-.0011736,.288453,-1.278237,-.326049,.2441533,1.338087,-3.236717,.6434838,-.5543112,-.1821263,-.0813612,-.1010551,.0402584,.0580742,.0249525,.0699745,-.0799441,.0829491,.0287295,-.0727572,-.0547478,.1112202,.0296424,.1258759,1.172162,.1012829,.015313,.1294476,-.1018526,-.0114172,.0387406,-.0245866,.0446627,.1167336,.5756097,-1.651125,1.89e-11,.1667096
.0093592,.1248619,.0061982,-.0251456,.0092986,.0112436,-.0522324,.1206491,.0034244,-.0357877,.0824299,-.4204038,.2019344,.0248915,.2222523,-.0745841,.0123673,-.0794673,-.0129622,-.0165846,-.0065096,-.0005533,.2679495,-.8751835,-.5095083,-1.011314,2.047324,-6.43868,.9478635,-2.852003,-.0050901,-.1407882,-.1263882,.0423449,.0738334,.0146378,.0321132,.0590893,.120825,.0679206,.0477002,.0505392,.0212066,-.0779782,.0878095,.8480347,.0670312,.0492552,.1392852,-.1483314,.0258526,.0535324,-.0086465,.0838718,.1265056,.6538081,-1.349159,3.09e-11,.1722666
.1890025,.2704645,-.0636548,-.0444263,-.0508711,-.0838446,-.2159578,.1481017,.0396333,.0050252,.0769307,-.4478251,.185082,.0637182,.2829574,-.077423,-.0067813,-.0409378,-.0065664,.0050768,.0027548,-.0013586,.0626038,0,.2447034,-.7283484,1.144151,-2.822624,-.2976089,-1.198853,.0026659,.0939792,.0906354,.2234811,.2674656,.0504856,.0541094,.168607,.1494398,.0788052,.0628985,.1628294,-.1244223,.1041072,.0982695,.9309974,.0590094,.0373798,.0256041,-.0472455,-.0068587,.0692088,-.0118346,.028858,.0917637,.4405403,-1.407102,1.72e-10,.1707063
.084715,-.0215287,.001993,-.025197,-.0120322,.1989931,-.0714846,.1000442,.0114586,-.0285448,.0948928,-.4355359,.2980109,.146243,.3586413,-.0415473,.0056033,-.0827986,-.0186111,-.0025562,-.0022241,-.0011611,.3615112,-.3460819,.0922619,-1.26851,1.520346,-3.955047,-.0367267,-2.214896,-.0373038,.069516,.0177719,.1740962,.1752007,.0609722,.1141465,.1085743,.0894896,.0466318,.0780175,.1391175,-.2634902,.0772281,.1021047,.9739406,.0816147,.0260911,-.0278266,.0200821,-.0013514,.0592575,-.0448274,.0641161,.091082,.443468,-1.365839,1.70e-10,.1715249
.1501182,.1097692,-.0099653,-.0050415,-.0182137,.1379161,-.095937,.0951435,.0133686,-.0196953,.0769485,0,.1224986,.0418406,.2167839,-.0073758,.0032927,-.0099249,-.0277921,-.0174064,-.0011956,-.001243,.5616295,-.6876661,-.976685,-1.131326,1.108722,-3.247008,1.620021,-3.753461,.0773805,.1987642,.1220073,.2856263,.3277124,.0315823,.1038855,.2651325,.0989881,.0720682,.0746513,.3120868,-.2263898,.0279968,.0934301,.9015918,.0452527,.119803,.00133,-.0106558,-.0093824,.058578,-.019921,.0079107,.1055204,.5413042,-1.412467,1.42e-10,.1671271
.1254864,-.0018314,.0075009,-.0389495,-.0233654,.1427119,-.0808115,.1909243,.0082789,-.0008765,.1661969,0,.1251012,.0224147,.2060336,-.0970652,-.0051597,-.1396136,-.0183364,-.0281224,-.0031324,-.0006683,.3972346,-1.345173,.5578724,-.5370607,1.12487,-2.567513,-.8144909,-.3605682,.2279226,.2797329,.2367995,.3740566,.3680659,.0322271,.0709335,.3418931,.1419961,.0838417,.0259397,.3474857,-.0267961,.0481459,.1237274,1.157915,.1200701,.0242194,.0511211,-.0199221,.0246618,.0366714,-.0463928,.0836621,.0711922,.3356777,-1.790785,3.10e-11,.1707882
.0998205,.1771807,-.0540403,-.0501292,.0025528,.0673091,-.1667648,.16647,.0050977,-.0110474,.1272645,0,.1716249,.0311579,.2050557,-.0604334,.0149105,-.1347032,-.0096473,-.005776,.0060306,-.0012768,.2146161,-.5092719,-.8604321,-1.218048,1.466205,-2.797066,1.494707,-3.764445,.0697328,.1194029,.1221692,.2397229,.2820081,.0536107,.0944352,.231724,.1063632,.0464863,.0210974,.1897539,-.0925029,.0545803,.1097162,1.04432,.0970994,.0408377,.0831742,-.0405535,-.0119115,.045344,-.0359611,.0083811,.1182241,.5642908,-1.771437,-4.78e-12,.167595
.1020955,-.0321843,-.0068878,.0045288,.0216888,.0043973,-.0560115,.1558315,.0017848,-.0178804,.1285336,0,.134053,.0782978,.2481852,-.06963,-.0000703,-.1049427,-.0106471,-.0185694,-.0018854,-.0007027,.178366,-.8012574,.2505842,-1.33769,1.650993,-4.25652,-.3273347,-2.082167,.1036059,.118576,.1489777,.2773725,.3284161,.0129128,.0492656,.232089,.1403418,.0779521,.0639005,.2523858,-.109742,.0652257,.1028638,.9901475,.0885885,.054892,.0339271,.0046117,.0121745,.0436064,-.010226,.045472,.1131568,.5922236,-1.688488,-9.52e-11,.1695993
.0935382,.1766999,.0092112,-.0305144,-.0027127,.0432756,-.137569,.1297357,.0014798,-.0206391,.124437,0,.1401123,.0344379,.1326236,-.0516968,.0128446,-.0877575,-.0226004,-.0171601,-.0022898,-.0009421,.3972188,-1.153804,-.4783634,-.7254701,1.397479,-3.953249,.8842896,-2.171863,.2207528,.2707575,.260937,.3714334,.3670593,.0393181,.095891,.3448732,.0981644,.0432317,.0659713,.3650661,-.1058625,.0352429,.1399986,1.318314,.0674056,.0605699,.0407931,-.0270026,.0021876,.0633881,-.0185412,.0204988,.1210669,.6269454,-2.167033,-2.01e-10,.166983
.161622,.0234205,.0035684,-.0131303,.0089911,.0518957,-.0778392,.1885811,-.0004251,-.0144209,.1801634,0,.0749165,.0254744,.1162805,-.088799,.0081654,-.1546653,-.0251602,.0141488,-.0036008,-.0008941,.5424672,-.0485801,-.861488,-1.756897,1.069976,-3.013419,1.427128,-4.566754,-.0023837,.009649,.0037156,.1445267,.2019378,.0613386,.0637387,.1258118,.1232444,.0682283,.0392559,.1199725,-.1135647,.0393375,.0962418,.9327315,.0770501,.0275455,.0057836,.0075657,.0251731,.037426,-.027867,.0688004,.1007118,.5106158,-1.378268,1.77e-10,.1644105
.1658303,-.0032085,-.0330734,-.0436891,-.0258054,.0920577,-.1698927,.1071633,.0120375,-.0123043,.1069217,-.4809756,.2281431,-.0296166,.1787848,.0130471,.0169255,-.0558929,-.0215153,-.0483573,.00272,-.001022,.4807801,-2.14523,-1.142054,-1.251638,1.130338,-2.642165,1.865348,-4.269929,-5.74e-06,.0690577,.0139656,.1972791,.199331,.0126171,.0541348,.1808544,.1129758,.0557414,-.0478133,.1964696,.0030481,-.0062425,.118286,1.139196,.0822133,.1065335,.0423632,-.0378919,-.004326,.0706503,-.0332187,.0688296,.0995611,.4986441,-1.576711,-1.36e-10,.1699947
.1240825,.1164935,-.0039301,.0461061,.0605177,.2477575,-.0918895,.1390451,.0209162,-.0367988,.1095283,0,.5365076,.1174099,.5881763,-.1080791,.0117088,-.0738239,-.0186194,.0080962,-.0043863,-.000681,.4250634,-.2222728,.572496,-.9716194,1.360785,-4.324827,-.8217165,-1.01864,.2518932,.2198801,.2056234,.3576438,.4543623,.0535967,.0424661,.3640347,.1274088,.0480938,-.0430375,.3365829,-.0436698,.0099952,.0891202,.8610589,.0696285,.0662787,.0509321,-.0558126,-.0105169,.038659,-.0439623,.0150098,.1082124,.5525281,-1.573627,3.33e-10,.1677117
.1140268,.0718386,.0164574,.0020959,.0080256,-.0010513,-.0366719,.1608256,-.0049246,-.0236071,.1487194,-.4914331,.1318421,.0626189,.2690062,-.0785736,.0117501,-.1001487,-.010517,-.0344992,-.0020191,-.0008999,.159286,-1.361017,-.2679026,-1.898999,1.254921,-2.545005,.5460123,-3.962772,.0190144,.003116,.0105924,.2038622,.2820347,.0298582,-.0252234,.1391839,.1317648,.0592527,.088608,.1076595,.0942941,.0111774,.1003924,.9523679,.0747546,.0639326,.1170007,-.0895287,.0140364,.0570605,-.0203872,.028702,.0909883,.4513129,-1.367459,3.26e-10,.1673467
.2155608,.0640998,.0318119,.0241624,.07437,.0915598,.0038081,.1293215,.0267134,-.0310165,.0998999,-.3657604,.113225,.0060515,.2080673,-.0205981,.0021332,-.0733455,-.0097108,.0023533,-.0012483,-.0009125,.1503996,-.245214,-.9045329,-.5983943,1.681274,-5.295822,1.504972,-2.618904,.0206322,-.045558,-.0609178,.0811768,.1151336,.0200329,.0449387,.2174708,.1255496,.0395238,-.0296239,.1594137,.0487794,-.0955651,.1110307,1.044608,.0859527,.0472426,.0729362,-.1129346,-.0052982,.0196076,-.0582631,.115338,.118219,.6007203,-1.535528,1.61e-10,.165862
.1083289,.1112359,-.0183535,-.0360372,-.0052747,.0057215,-.04734,.1544353,.0415865,-.0128863,.122889,-.4305981,.1096517,-.0197669,.2019692,-.0543104,-.0268859,-.1351002,-.0268381,-.0036591,-.0040236,-.000603,.5618985,-.4882361,-.2625299,-.8956591,1.814654,-5.031557,.529364,-2.195401,-.2559982,-.2396045,-.2515641,-.1593585,-.0852776,.0721485,.0927083,-.1383897,.0976443,.0406028,.0614823,-.1424268,.1464973,.0230671,.1030027,.9726518,.1033435,-.0074441,-.0628858,.0658336,.0129433,.0552146,-.0077377,-.018677,.0871177,.4486864,-1.143318,3.09e-10,.1725084
.2309092,.051327,.0097235,.0183266,.0509672,.1428267,-.0995597,.1748946,-.0002627,-.0210553,.1503846,-.4181348,.0914,-.0024931,.2007916,-.0622473,.0094891,-.0324925,-.0131196,-.0101175,-.0096715,-.0004405,.2508879,-.5008389,.2115313,-.6185172,1.814453,-4.99643,-.2055475,-.8908974,.0441309,.0637743,.0513443,.1406771,.1980018,.0600804,.1223502,.2186905,.118879,.0445422,.1114952,.1154111,-.055548,.037677,.111011,1.058573,.076755,-.0039253,-.0572576,.035392,-.0043129,.0335814,-.0480928,.1090554,.1237947,.6246139,-1.753571,7.35e-11,.1687992
.1550145,.0011185,-.0338908,-.0733914,-.0542674,.1019137,-.1367527,.1010583,.0433388,-.0209913,.0733511,0,.1853944,.0251146,.1562193,-.0244388,-.006943,-.1222732,-.0079919,-.0226129,-.0028278,-.0009296,.077126,-.7971202,.0751566,-.7775195,1.775537,-4.700996,-.0013255,-1.545407,.071673,.1611707,.1488856,.2421048,.2643306,.0778777,.13147,.1582269,.1377417,.0687855,.115056,.1798289,-.0827795,.1416679,.0560146,.5429072,.0878542,.018397,.0235826,.010745,-.0030936,.0299818,-.0535638,.0344287,.0930331,.4714867,-1.07186,-2.69e-10,.1693808
.0640883,.142559,.0071112,.0113933,.0097742,.0260965,-.014735,.1647632,.0185587,-.0148772,.1267423,-.4720878,.0892372,.0291911,.1618251,-.0224584,.0006376,-.0357581,-.0351187,.0124395,.0050273,-.0013363,.7855492,-.2724015,.2302084,-.7645108,.8174366,-2.353185,-.328391,-1.202429,.0301258,.1083541,.1144878,.2496732,.3059964,.0332794,.059804,.1830243,.0982035,.0421807,.0082639,.2046135,-.1426494,.0931748,.0986222,.9121605,.0735747,.1070094,.1050271,-.0883846,.0088638,.0524337,.0184007,.0372557,.1009861,.5140155,-1.525981,3.05e-11,.1742675
.104258,-.109408,-.0694487,-.0969087,-.1408782,-.1197535,-.188116,.1244919,.0240159,.0010834,.0693901,0,.1468579,.0706277,.2627447,-.0553593,-.0048371,-.1278921,-.0080323,.0260773,.0048794,-.0013687,.0620819,.9218772,1.194574,-.555698,1.506593,-4.127435,-1.763492,.5107434,-.0263519,.0497312,.0688634,.2064138,.2186548,.021116,.0638226,.1044406,.12325,.0714908,.0443803,.1173257,-.1902137,.1101917,.1087796,1.0419,.0877356,.0423567,.0709677,-.0551803,.0139388,.0688961,-.0211063,.0588153,.118236,.5863247,-1.687267,1.12e-10,.1674396
.1958981,.2660266,.0162837,.0344348,.0457035,.2008387,.0189098,.152703,.0295008,-.0220323,.1424331,-.3978864,.174069,-.0115494,.2663639,-.0664406,.0083773,-.0643988,.002512,-.0097571,.006022,-.001555,-.1369148,-.3050857,.1549358,-1.684693,.6880985,-1.126882,-.187819,-2.811985,-.0773392,.0293432,.0248463,.1531643,.189305,.1006473,.1584991,.0695606,.1268528,.0991401,.0831518,.0908646,-.1344116,.1446126,.0997793,.9368445,.0581054,.0312149,.0417399,-.0565742,.0141525,.0515015,-.0169835,.0365725,.0787341,.374291,-1.332425,6.91e-12,.1690692
.1706371,.0695949,-.024714,-.0314493,.0189117,.1412136,-.1299721,.1541125,.0164818,-.0081803,.1253258,-.4481602,.1593974,.0520129,.1833904,-.0508523,.0017909,-.091185,-.0079547,-.0086097,-.0022078,-.0007131,.097872,-.4713287,-.3058281,-.2535477,1.828545,-5.140332,.5964981,-1.23033,.1078645,.1592388,.0731871,.2005351,.2462087,.0916063,.0868849,.2488544,.1136631,.0695484,.0459161,.262304,.0916221,-.0025398,.0981191,.9450422,.0908639,-.0321416,-.0286714,.0466241,.0179722,.0297973,-.0150745,.1177281,.0852858,.4258873,-1.518102,1.05e-10,.169449
.1044689,.097873,-.0196282,-.0306033,-.040604,.1283365,-.1692191,.1276154,.0238388,-.0180431,.0794447,0,.2023759,.0752505,.2567708,-.0656136,.031632,-.0962086,-.0241274,-.012553,-.0083976,-.0005387,.5175846,-.6693598,-.0280466,.1722623,1.644536,-4.915499,.1174923,.0010065,-.0081835,.0543596,.0350263,.1794927,.1644198,.031186,.074775,.1167811,.1494643,.1117239,.13105,.1377423,-.0210986,.0548719,.1009805,.9719125,.0799277,.0456262,.0053163,.0255564,-.0366392,.0697095,.0061728,.0218403,.1147425,.5853068,-1.60555,3.97e-10,.1661955
.1664458,.2190893,-.0162154,-.0140222,.0373209,.0206196,-.0320583,.1422629,.0231743,-.0436106,.0730141,-.3947471,-.011048,.0302039,.1441844,-.0899437,.0359871,-.0627912,-.0116315,-.0251581,.012641,-.0020693,.1589651,-1.009052,.1668322,-.7666029,1.202184,-1.993241,-.1383372,-1.298494,.17025,.2452683,.2454365,.3703174,.4373524,.0612603,.0450158,.3223411,.0671008,.03157,-.0086997,.3112804,-.1655286,.0423488,.1297549,1.21989,.062267,.0175203,-.0820216,.0895713,.0010242,.0418969,-.0174848,.0113513,.0963736,.4644885,-1.855194,2.81e-10,.1710749
-.0266418,.0222966,.002176,.0098826,-.0138278,.0814576,-.08553,.0974749,.0248678,-.0258319,.0547734,0,.2278821,.0967941,.3119092,-.0350631,.0009399,-.0350554,-.0204878,-.0111525,-.0054862,-.0007474,.3829589,-.6461407,-1.714529,-.7641309,2.01358,-6.142542,2.863767,-4.346584,-.1657586,-.1051961,-.1602273,-.0625439,-.0907473,.0651282,.1715852,-.0168405,.1017843,.0532557,.0793497,-.0229339,-.1503911,.0347882,.0960066,.9238478,.0859663,.0455371,.1143622,-.1069783,.008616,.0233471,-.0363631,.1074598,.1236186,.6392067,-1.341607,6.46e-11,.172353
.0821922,.1191088,-.0240023,-.0526283,-.0573763,-.1107063,-.0917967,.143218,.019342,-.0037781,.0908217,-.448403,.0276649,.04891,.1834151,-.055642,-.0071286,-.0982716,-.0212874,.0008523,-.009549,-.0006177,.4039325,-.1760883,.2112731,-.4582011,1.908424,-5.374359,-.2238856,-.7946566,.0141952,-.0510356,-.0261617,.1087256,.1814886,.0369265,.0628508,.0279034,.1365694,.0857146,.0489606,.116005,-.0338211,.0408163,.088284,.8240562,.0974125,.0385588,.0466912,-.0269296,.0006195,.0521796,-.0246444,.0165881,.0923984,.4456284,-1.244273,7.96e-11,.1694751
.1809855,.0180374,-.0538173,-.0584133,-.0252346,.1954996,-.2557898,.142963,.0086161,-.0014868,.0512274,-.4396751,.2436815,.0030223,.268952,-.0103596,.0274375,-.0437856,.0091384,-.0673613,-.0028235,-.0009337,-.3825663,0,-.2884887,-.1896349,.8246762,-2.624158,.5257122,-1.089667,.0217812,.0295417,.0263741,.2175035,.2901984,.0168842,-.0273259,.1583976,.1394583,.0858419,.0793095,.2312387,-.1252697,-.0060353,.1104685,1.057218,.0706722,.0480958,.013502,-.0834188,-.0198261,.0289564,-.0741524,.0695904,.0917629,.4502189,-1.452089,-6.08e-11,.1657467
.122769,.0682246,-.009147,-.0061524,.0073794,.0669027,-.0476192,.194867,.0234412,-.0164019,.1563015,0,.1171363,-.0141619,.129599,-.1520842,-.0020722,-.1230224,-.0119058,-.0321305,.0026778,-.0010294,.2202215,-1.352689,-.6812234,.1424735,1.641635,-4.290809,1.192652,-1.159018,-.0675413,.047826,-.0108146,.0722608,.0926953,.115524,.1450663,.0915236,.1379487,.0738466,.007179,.0977534,-.197719,.1048889,.0920482,.8509237,.0874792,.0387322,.0456548,.0151328,-.0231966,.0500849,-.0330913,.0601345,.1199163,.6120695,-1.608846,-1.33e-10,.1700001
.1637186,.3679806,.0343568,.0744666,.073211,.3961128,.0417521,.1208796,.0133209,-.0370444,.1508526,0,.1610613,.0138975,.220923,-.0074614,.0127477,-.0047211,-.0141509,-.0094887,.0121848,-.0022787,.2572817,-.4427698,-.5324291,-.1932048,1.898761,-5.171054,.9739132,-1.459237,.1928067,.2258067,.1953691,.363939,.3799536,.0489498,.0694588,.2971198,.1290523,.0854976,-.0083147,.3045672,-.2290436,.0291301,.0863093,.8284786,.0594192,.0715883,.0178202,.0057656,-.0133636,.0311959,-.0347489,.0386095,.0689162,.3602077,-1.461401,3.54e-10,.1679593
-.0023081,.0136736,.0049798,.0045294,.0469625,.2522656,-.012446,.0959824,.0049071,-.0418471,.1258572,-.4275331,.1834114,.0641246,.180942,-.0750657,.012397,-.068716,-.0298565,-.0109575,.0010276,-.0009705,.6488671,-1.003465,.3879845,-1.06969,1.467536,-3.963237,-.4753267,-1.426932,.1988523,.2559547,.1862476,.2974903,.323177,.0925388,.1640358,.3479508,.125286,.0569665,-.0129303,.3482279,-.2005077,.0379106,.0910696,.8637448,.1028643,.0739776,.0932893,-.0708826,-.0172572,.0412181,-.069459,.0899483,.1066997,.5179809,-1.602048,-6.73e-11,.1672336
.1445154,.0914956,.0413793,.0069861,.0251076,.0418591,-.0257928,.1009386,.0247576,-.0272983,.117757,-.4121515,.2527128,.0791409,.2949679,-.0175313,-.0051257,-.0459311,-.022449,-.036833,.0013284,-.001108,.5520176,-1.851695,-.5858901,-.4820062,1.806849,-5.403637,1.048888,-2.05062,-.054287,.0927389,-.0213059,.0787199,.0939288,.0703064,.1520657,.0566469,.1239634,.0821458,.096474,.0712485,-.0538975,.0758655,.1055979,1.03014,.0997395,.0416648,.0111542,.0042625,-.0029662,.0454263,-.0636882,.0722816,.1162908,.5758312,-1.608931,-1.45e-11,.1700592
.1681042,.1960095,.0212113,.0264735,.0204441,.1455533,-.0789708,.1252186,.0282378,-.0332314,.1184669,-.4367215,.0617231,.049158,.2122817,-.0722625,.029143,-.1177889,-.0251306,-.0165468,-.0001501,-.0014429,.565652,-1.170049,-.2849694,-.4112924,1.989346,-5.870749,.5656463,-1.480278,-.0100576,.0233747,.0035092,.1307777,.1556086,.0623244,.1173339,.1951783,.1189631,.077902,.1012315,.1593271,-.2812532,.0407092,.1024247,.9701076,.084537,.0066726,.0674113,-.0632816,-.0060166,.0467686,-.0698809,.0667322,.0961958,.458413,-1.473562,2.87e-11,.1644195
.2340693,.0473716,.0542454,.0516832,.0828736,.2035086,-.0260605,.2191847,-.0006276,-.0007077,.2738007,-.5182159,.0120416,.0321373,.113411,-.0765126,-.0068038,-.1729183,-.0264647,-.0063341,.0054098,-.0013674,.5810763,-.9786879,-.1567008,-.3065375,1.581836,-3.840613,.3638823,-1.076211,-.0262132,.0718902,.1261285,.2612368,.2953337,.0103237,.0407244,.155947,.1328073,.0617487,.0381958,.0864976,.0468578,.088889,.1061622,1.01713,.0727302,.0674184,.0150561,.0091058,.0174046,.0714236,-.0153714,.0434831,.1034269,.5320842,-1.789887,8.91e-11,.1687244
.0852909,.2178234,-.0330846,.0330477,.0543926,.0285527,-.0908317,.195139,-.0038085,-.0066839,.1408229,-.452833,.1696132,.0362373,.301828,-.1281602,.0060894,-.0946263,-.0219853,-.0427509,-.0045564,-.0007135,.4329231,-1.886283,.5524366,-.81767,1.295665,-4.454481,-.7798803,-.8859099,-.0714791,.0147626,.0645898,.1875126,.1984481,.053401,.0974187,.1901302,.1735767,.1124308,.1439136,.1100073,.0524671,.1272601,.1016755,.9581669,.066471,-.0000533,-.0560026,.0693257,-.015779,.0261737,-.053262,.0513967,.118701,.5845444,-1.593389,1.59e-10,.1666575
.0047268,.166195,-.0628352,-.0356642,-.0216956,-.1559554,-.086749,.0801418,.0424327,-.0288461,.0400575,-.3916858,.2015589,.0330239,.2903631,-.0559947,.0034897,-.1035992,.0095697,-.0110385,-.0013988,-.001064,-.3949049,.1578722,-.1995013,-.5767756,.8942869,-2.174379,.3727867,-1.484246,.1791301,.2307039,.2625988,.3993166,.466616,.0064743,.0177838,.3670982,.0964978,.0230872,-.0162106,.2961619,-.100542,.0483265,.1332488,1.238926,.0776683,.0398008,.0432325,-.0687301,.0016856,.0435881,-.0297548,.0081348,.1203381,.618301,-1.924979,-4.36e-11,.1695248
.1693698,.0347806,.0341091,.0465347,.0709328,.2502037,-.0883498,.1467578,-.0009152,-.0138966,.1504682,-.4431004,.1194742,.0170845,.159104,-.0537114,.0063916,-.0874788,-.0103379,-.0331372,.008782,-.0016867,.19814,0,-.8158602,-.5234875,1.370525,-3.892726,1.404187,-2.502239,.015471,.0339847,-.0082947,.1295384,.1030384,.0749001,.1100359,.1490684,.1473886,.0692842,.1018773,.1034549,-.0467824,.030568,.1192676,1.113418,.0947074,.0407652,-.0306626,.0770266,.005241,.0501859,-.0301527,.0820734,.1380985,.660535,-1.910362,-1.79e-10,.1648904
.165822,.1522713,.0387327,.0064586,.0723389,.1548765,-.0173019,.1409363,-.0234428,-.0382063,.1148409,0,.1750576,.021411,.2175586,-.0274903,.0129086,-.0763825,-.0050054,.0035665,-.0045476,-.0007323,.0839821,.2535446,-.6159529,-.6547291,2.031193,-6.560303,1.047413,-2.350237,.047392,.1499882,.1109135,.221845,.2217086,.0477829,.1087365,.2000944,.1049843,.0700463,.0920657,.1509134,-.0701472,.0713633,.1028334,.9745404,.0563374,.0940818,.0963265,-.0829212,.001449,.0672686,.0084251,.0772916,.1280613,.6576689,-1.77526,-4.15e-10,.1654304
.216632,.2208878,.0506147,.0632391,.1063576,.2655369,.0137142,.2004145,.0064136,-.011346,.2319244,-.4305784,.0976897,.0037335,.1543984,-.1389483,-.0044283,-.1166616,-.0029334,-.0263646,.0043279,-.0008119,.0363752,-1.023478,-.4501595,-1.213652,2.052377,-6.396508,.8208896,-3.104849,-.0601947,.1173365,.0457511,.1730792,.2520619,.0463817,.0737008,.0268581,.0986152,.0522979,.033155,.0733469,.083633,.0985441,.1266382,1.222407,.0902641,.0175804,.0573573,-.0412015,.0092619,.075631,-.0210327,.0478162,.0993897,.4856346,-1.845657,1.00e-10,.1690998
.2074299,.1685324,.0525236,.0765261,.0477092,.2147678,-.0537269,.1837508,.0079484,-.0123482,.199847,0,.0597863,.0510391,.1249172,-.0629769,.0130181,-.0974858,-.0278355,-.0094451,-.0045379,-.0005723,.5185123,-.828106,-.1730615,-1.559488,1.207973,-2.677129,.3771677,-3.132626,.1306479,.0470596,.0423099,.232033,.2716883,.0396864,.0324489,.302354,.1188576,.0717965,-.0781938,.2475378,-.0857438,-.0354531,.1084113,1.023517,.0722497,.0563854,.1013416,-.0621034,.0027468,.0370468,-.0443983,.0162819,.1204402,.6119033,-1.688998,-4.88e-11,.1659372
.1285401,.006777,-.0538692,-.0543425,-.091449,-.002316,-.0702414,.1864815,.0189991,-.0013318,.1328271,-.5461807,.0776223,.0364153,.1559698,-.1094705,-.0081753,-.1263243,-.0165438,.0000807,.0048166,-.0016157,.3702895,-.4238769,.2758785,-.7925316,1.219898,-3.071147,-.3625322,-1.049573,.1038456,.1477422,.1841846,.3480023,.4126966,.0214071,.030764,.2406211,.1220844,.063606,.0631871,.2854033,-.0548532,.058663,.1138784,1.068854,.0946267,.0429483,.0054433,.0130906,.0190863,.0507366,-.0095409,.0362005,.1124565,.5559013,-1.792055,-1.18e-10,.1681639
.1359696,.1954608,.0190087,-.0032994,.0207386,.1206665,-.0981817,.1380671,-.0084252,-.0143128,.1542198,-.4808198,.1123699,.0263284,.1269505,-.0489215,.0124048,-.0966265,-.0277388,-.0497163,.0078147,-.0012621,.638132,0,-.7702742,.2810196,2.133356,-5.745785,1.388472,-1.208011,-.1719393,-.1550329,-.1453694,-.0189514,.0553191,.0266545,.0850698,-.1055361,.1325958,.1005349,.0486951,-.0101702,-.1952854,.0491205,.1225005,1.178919,.0634713,.064218,.0693248,-.068747,-.0137588,.0428615,-.0539208,.0776041,.1343887,.6686428,-1.859434,-2.04e-10,.1614655
.1398366,.0545604,.0647734,.0664771,.071112,.1812096,-.0238922,.121381,.0041156,-.0159636,.183336,0,.1472732,-.0274039,.2087069,-.0566497,.0046026,-.0979568,-.0097082,-.0079317,-.0029405,-.0008548,.1542532,-.4004679,-.6969283,-.4385741,1.175211,-3.518475,1.17987,-2.173209,.1165027,.1709952,.1202112,.2509435,.3228335,.0250937,.0340744,.3083906,.0912863,.042509,.0450174,.241047,.0016611,-.0498788,.1189141,1.14295,.0768328,.0583143,.02191,-.0275655,.0187158,.0645557,-.0247339,.0892004,.1078034,.5223806,-1.797891,-4.24e-11,.1674753
.1329321,.2003535,-.0260083,-.0141863,.0214524,.1848057,-.091846,.1492847,-.0018116,-.03815,.1211427,-.4529678,.1563267,.0479612,.2222075,-.0987536,.0241278,-.0841138,-.010566,-.0254181,.0047109,-.0010706,.1957344,-1.118025,-.1446612,-.672053,1.225753,-2.952478,.3178806,-1.566592,.1717107,.2601953,.2849591,.4729674,.5377455,.0082318,.0025361,.35979,.1225021,.0715832,.0313402,.3544398,-.1364519,.0739054,.0956686,.9142988,.0819293,.045554,.0805849,-.0781864,.0094795,.067386,-.0288372,.0377567,.0931519,.471007,-1.690588,1.43e-10,.1651654
.2368914,.2418062,.0210848,.0370085,.076489,.088274,-.014378,.1561495,-.0083951,-.0290303,.1654596,-.429573,.1670556,.0150836,.2642607,-.0190859,.0184863,-.0861516,-.0016163,-.017722,.0001425,-.0012187,-.0925438,-.5126898,-.6456136,-1.003971,1.124846,-2.530161,1.097968,-2.837634,.0853306,.1532414,.0599263,.1953621,.2441079,.0848731,.1105779,.2430896,.1174481,.0556709,-.0164472,.2130194,-.1117594,.0174733,.1146857,1.081944,.0922082,.0180711,.067778,-.071072,.0375489,.0247418,-.0361228,.0506628,.1029667,.5344239,-1.682602,1.10e-11,.1672809
.2284725,.1403698,.0479111,.0353862,.0119188,.2070174,-.0216388,.1423597,.0109915,-.0193155,.1668572,0,.1800066,.0799202,.1943922,-.0468234,.0153861,-.09644,-.0167689,-.0083245,-.0007878,-.0011409,.3281797,-.446665,.6677076,-1.212456,1.204347,-2.726025,-.9562061,-1.242992,.0012704,.1032345,.0240092,.1605968,.1821811,.0606145,.0754908,.1122569,.119757,.1002909,-.0142009,.095144,-.1449796,.051655,.0940034,.8998115,.0835184,.0472352,-.0310243,.0360142,.015892,.0350879,-.0089976,.0602289,.1016084,.4989219,-1.44333,2.65e-10,.171351
.1229019,.1214806,.02085,.0417072,.045473,-.0105306,.078466,.1538699,.0312446,-.0313063,.145878,0,.1282323,-.0021899,.1425336,-.0842978,-.0133348,-.0380952,-.0077536,-.0609728,.0133276,-.0016192,.1515264,0,-.0157929,.2922708,1.7074,-5.191401,.1515452,.1087529,-.0312038,.0783728,.1335797,.319846,.378116,.0059413,-.0099404,.1377597,.0977137,.0367274,.0070993,.0814218,.0376023,.1316319,.1370299,1.269194,.0737654,.042067,.0647503,-.0069402,-.0068645,.0450892,-.0292622,.0189381,.1034912,.5286657,-2.007416,1.98e-11,.1691385
.1043532,.1395173,.0297367,.026507,-.0269388,.1346453,-.0496629,.1952766,.011336,-.009983,.1859181,0,.1257241,-.0051319,.1415527,-.1333948,-.0081735,-.1328061,-.0082916,-.0491859,-.0000438,-.00088,.1275539,0,.1327543,-.2039291,.3696088,-.0388705,-.2060945,-.4696169,.0731292,.0422869,.0801297,.2105246,.2448856,.0355095,.0452655,.2149356,.1407329,.0608916,.0483216,.2282679,-.0110875,-.0059478,.1102085,1.020999,.0829203,.0370165,-.0067668,.0406289,-.0257455,.071234,-.0147496,-.058876,.1004225,.5136948,-1.626418,-2.16e-10,.1730655
.0713102,-.0307168,-.0797021,-.0994714,-.1022773,-.0825963,-.1747571,.1291763,.0497517,.0024411,.0459918,-.4274798,.1488155,.0266774,.1926461,-.0485642,-.0036553,-.1108452,-.0212669,-.0332152,.0024444,-.0010631,.4672834,-1.589604,.1711184,-.9760136,1.489648,-4.546967,-.1883206,-1.668724,-.0155084,.0066089,.0142197,.131055,.1377629,.0531437,.0868069,.0674291,.1247912,.0386997,.1534978,.1016938,-.0908925,.0851953,.1274495,1.221628,.1024894,.0361783,-.0315479,.0200392,.0034502,.0752425,.0015813,.0127251,.104914,.5081737,-1.672607,2.16e-10,.1659379
.0929961,.0275777,-.0030671,.0054592,.0407716,.2266173,-.126831,.1187054,-.0000472,-.0189987,.1163179,0,.1352398,.0179176,.1802894,-.0324307,.0045112,-.1121319,-.0165124,-.0543691,.0038258,-.0015341,.3787974,0,-.6125327,-.4012836,1.321571,-3.578917,1.054012,-1.912992,-.0193857,-.0614239,-.0117303,.1143651,.0965071,.0190636,.0782015,.0180657,.1503934,.0841877,.0129919,-.0276266,.0273036,.1103277,.1271857,1.189757,.078874,-.0102155,-.0044354,-.0194616,-.0122418,.0564548,-.0028262,.0560638,.1281405,.6628316,-1.830461,-1.20e-10,.1640364
.1416395,.1960269,-.0205648,-.0737228,-.0005192,.1454282,-.1481282,.1625176,.0202147,-.0068108,.1620966,-.4961344,.2013571,.0153112,.1514292,-.0980351,.0017844,-.1683473,-.0209585,-.0241439,-.0016043,-.0011137,.4227844,-1.264447,-.767304,-1.040473,1.376654,-3.434947,1.313654,-3.221034,.0453008,.1229823,.1415567,.2465374,.285863,.0219315,.0867819,.2103471,.085397,.0416148,-.0436777,.1336475,.0617388,.0760732,.0939472,.872969,.0833871,.0093865,.0413165,-.0104174,.0216638,.0204065,-.0673689,.103484,.1208748,.5931886,-1.493776,1.39e-11,.1711668
.0371893,.1534352,-.050745,-.0850475,-.0476359,-.0570987,-.2176308,.193525,.0320502,-.0045998,.1236998,-.5417969,.0328475,.0024878,.1037349,-.1306245,.0102787,-.138483,-.0124699,-.0463356,-.0036186,-.0006864,.2352069,0,-.7029358,-.8114176,1.194446,-2.206146,1.248663,-2.729932,.0965881,.1811258,.1283981,.2517548,.2510441,.0854661,.0868748,.2345946,.0989024,.0348894,.0522062,.2420245,-.1183294,.0173754,.1076823,1.019733,.0830548,.0946066,.0465129,-.0508453,.0156589,.0468034,-.018415,.0423388,.1241409,.6474639,-1.738686,-8.43e-11,.1720382
.104067,.1359974,-.0382088,-.0126373,-.0065434,.0254101,-.0529592,.1755231,.0286905,-.0228628,.145626,-.4911494,.0268017,.0261192,.0909273,-.1185275,.0210984,-.1391014,-.0161634,-.0214468,-.0017757,-.0010064,.3361391,-1.131016,-.4185328,-.5686362,1.017515,-2.609985,.723648,-1.853655,.1563163,.1709111,.095214,.1863592,.2769691,.0412996,.0523795,.2286738,.0860904,.0154506,.0564239,.2164028,.0417583,-.0543371,.1153191,1.088832,.0952453,-.0267491,-.1081435,.1355717,.0079166,.0512737,.0008108,.0155284,.0904312,.4344822,-1.540076,3.93e-11,.1720176
.109187,.0959101,-.0478094,.0002798,-.0144687,.224636,-.0709259,.1693936,.0222719,-.0093833,.1255708,0,.1199697,-.0137909,.1492771,-.1303108,.0045101,-.074274,-.0158146,-.0356907,-.0013238,-.0009477,.2910133,-1.47455,.0750112,-.932504,.7978578,-2.27332,-.1018606,-1.620123,.1436874,.2813514,.2418015,.391616,.4104563,.04786,.0793999,.3256898,.132667,.0742477,.0222857,.3382891,-.2405884,.1129498,.1236729,1.161458,.0694706,.0647799,.0126081,.0130988,-.0034045,.0527733,-.0070287,.057211,.0834737,.4072362,-1.761939,-8.54e-11,.1715172
.0703976,.08066,-.0640828,-.0738561,-.0335996,.0978308,-.253052,.165753,.0124719,.0093857,.0870913,0,-.0594157,.0643163,.1017858,-.0702826,.0080616,-.0939804,-.0098083,-.0134973,.0004602,-.0010534,.1627291,-.5785322,-1.541079,.1858194,1.279953,-2.593344,2.521905,-2.392309,-.2832395,-.274821,-.3148159,-.1820546,-.1631917,.03896,.0716446,-.2405282,.0942542,.0490695,.0219267,-.2084146,-.0933558,-.0167965,.1636801,1.520456,.0901748,.0168888,.0400709,-.0445931,-.0095756,.069813,-.0061801,-.0402798,.1145018,.5740209,-1.762063,1.00e-10,.1688529
.0815207,.1533633,-.0314526,.0033437,.0399318,.0899048,-.0930957,.1659655,.0147282,-.0166252,.1134076,-.5002913,.1270019,.0092377,.1974263,-.0561573,-.0010712,-.0284105,-.0101295,.0148033,.0019244,-.0012574,.1465587,.2522535,-1.108264,-.1411808,1.060472,-2.215206,1.858294,-2.260413,-.0244405,-.0918457,-.0875782,.0998998,.1154499,.0091013,.0268444,.0816869,.1042023,.0340527,-.0046332,.0896762,-.1042118,-.0465453,.1114504,1.057906,.0959029,.0985605,.1360428,-.1401209,-.011137,.0551913,-.0160987,-.0277741,.125379,.626878,-1.612777,2.66e-10,.1686811
.0976035,.175205,-.0551901,-.0411471,-.0439748,-.0547286,-.1672408,.216232,.0046884,.0053663,.1282658,-.4900501,.1482511,.0296657,.2422099,-.1157315,.0014563,-.0895819,-.0256584,-.011438,.0003817,-.0009787,.6091181,-1.05866,.2537262,-1.545656,1.030616,-2.404292,-.3562013,-2.541987,.1047025,.0744437,.0376345,.1473072,.1746149,.036741,.1078915,.2668024,.1259435,.053877,.0062912,.248845,-.0222032,-.0557828,.1261642,1.197447,.0682923,.0386957,.0210299,-.0296775,.0076627,.0420209,-.0400213,.0226754,.1231375,.6432401,-1.820725,-1.05e-10,.1653002
.1950208,.2888437,-.0010881,-.0093655,.064403,-.0030443,-.0761,.1810352,.0064894,-.0123744,.1258073,-.4013096,.0942463,.0114989,.1560089,-.031331,.0091962,-.0457142,-.0254808,-.0046765,-.0041097,-.0005522,.5633719,-.8532611,-.2420449,-.9020627,1.640977,-4.627207,.4746021,-2.189956,.0678965,.2140536,.176959,.3374239,.3322363,.0555614,.088287,.2201216,.0979854,.046959,.0427163,.2217646,-.0572069,.0765293,.1029903,.9709064,.0624849,.0377133,.0360682,-.062925,-.0064909,.0540366,-.0350548,.0699078,.133103,.6838133,-1.820799,-1.92e-10,.1640255
.1640757,.2183083,.0166837,.041958,.0665594,.137885,-.0473782,.1802197,.0000846,-.0101965,.1800383,0,-.0603611,.0705389,.0141662,-.0808937,.0120611,-.0960747,-.0362793,-.0351632,.0044696,-.0016534,.8128523,-2.016906,-.5899994,-1.116821,1.732419,-4.68232,1.055247,-3.144756,.0950419,.1052038,.1007101,.2094731,.3179664,.0377425,.0467935,.2579617,.1285735,.052361,.117986,.2650355,-.0520906,.01993,.1135322,1.054638,.0991662,.0104163,.1299848,-.098187,-.0008856,.0418579,-.054657,.0343353,.1063493,.5255069,-1.744227,-7.76e-11,.1688031
.038641,-.0406471,-.0246305,-.0017212,.0064741,.1477882,-.0758697,.1141794,.0097135,-.0269803,.0872891,-.4437584,.1431272,.0305829,.1717279,-.0599154,-.0016599,-.0535105,-.0119869,-.0074233,-6.48e-06,-.0009755,.2140899,-.3521818,-.1416877,-.2468169,1.088094,-2.742898,.2959109,-.8795207,.1734916,.2642021,.2019397,.3658718,.4353248,.0040154,.0222472,.3734416,.1216805,.0777466,.0278159,.3149216,-.029352,-.013441,.0946221,.8817993,.0888806,.0172708,-.0224712,.0562728,.0025757,.0298917,-.0347685,.0851816,.132826,.6777973,-1.707425,8.96e-11,.1686199
.0476354,.03067,-.0105178,-.0418612,-.0276619,.0433217,-.1078914,.1504117,-.0043123,-.0278215,.0985259,0,.0467765,.0106199,.1936689,.0034602,.0253537,-.0278528,-.0137671,-.0055445,-.0014223,-.0006329,.2161115,-.2054904,-.2279569,-.6711597,1.30039,-3.021933,.4501212,-1.843185,-.1011559,.0130998,.0057817,.1521252,.2155849,.0294843,.0615991,.0411304,.128704,.0782413,.0881638,.0668014,-.1757177,.1492337,.1108609,1.056946,.0532869,.0637684,.038293,-.0218443,.0028151,.046132,.0085946,.0097709,.1155878,.5861155,-1.650427,1.03e-10,.1678508
.118983,.1056062,.0187156,.0235014,.0370589,-.0102376,-.0347474,.1697833,-.0010652,-.0189992,.1178272,-.4438479,.263528,.0302728,.3414663,-.1025066,.0025871,-.0806838,-.0260158,-.0073623,-.0160861,-.0004607,.5208413,-.7565964,.2749039,-1.5476,1.036796,-2.349543,-.3394586,-2.451368,.1554463,.1744587,.0999857,.2042008,.2705066,.0624026,.1299051,.3299568,.0989173,.0583336,-.0639523,.282964,.0645558,-.0367486,.1178744,1.10395,.0542457,.0331087,.0670403,-.0638328,.0149628,.0361491,-.030822,.0322404,.1152411,.5908135,-1.681416,-4.55e-11,.1653635
.1402464,-.0638037,.0064095,.0068799,.0059686,.1311836,-.0877189,.1595475,.0078138,-.0073809,.1266773,0,.2064973,-.0023701,.2446138,-.0799098,-.0112111,-.1167828,-.0093423,-.0104798,-.0168138,-.000161,.1067647,-.3467564,-.3844227,-2.324547,2.164706,-5.404142,.7705149,-4.856569,.1044517,.1847977,.1476468,.2275838,.2001543,.0718196,.1676211,.2462683,.1363599,.101911,.0718291,.2580076,-.1570929,.1000408,.1067951,1.008045,.0739904,-.0029709,.0179131,-.0040739,.0131921,.030796,-.0131554,.0264021,.1151312,.6001607,-1.668085,1.79e-10,.1688894
.1464915,.2246696,.0694459,.0470294,.0324166,.2078727,-.0804978,.2068817,-.0078486,-.000508,.2297918,0,.1800315,.0114837,.258098,-.1095764,.0033649,-.1110773,-.0248639,.0227945,-.0054767,-.0008278,.5852349,.2393613,.3244432,-.5665817,1.344604,-3.7836,-.4139312,-.8054989,.2530169,.3108782,.1579222,.2766541,.2574034,.1021805,.189678,.4352929,.1208557,.0570396,.0685357,.3581478,.0022075,-.0142726,.1050256,.9727646,.0985946,.0108618,-.0331034,.0598462,.0024042,.0437624,-.0501119,.0073119,.0980217,.5158002,-1.785709,1.66e-10,.1703102
.1514339,.1192649,-.0404107,.0309079,.0124403,.1318193,-.1104599,.1821515,.0164952,-.0295232,.1246817,-.4689244,-.023364,.0215532,.2093028,-.1542066,.0212549,-.1159593,-.0144334,.0235924,.004468,-.0014633,.3483967,.5597943,.6948467,-.4983446,1.502052,-3.831909,-.9996411,-.1047777,.0770306,.0667613,.0493008,.1409264,.206888,-.0013732,.0535803,.1917786,.0984138,.0359674,.0571833,.1741358,-.0665763,-.0336358,.1238612,1.164243,.0864765,.0313476,-.0607315,.0784837,.0057329,.0141638,-.0562528,.0749335,.1180457,.5744827,-1.738252,4.50e-10,.1684967
.2505448,.1609005,.0324299,.0246685,.0594949,-.0274458,-.0162925,.1382141,.0149181,-.0309697,.1464451,0,.0741846,.032572,.1555376,-.0836859,.0013999,-.0870962,-.0219386,-.0107997,.0032019,-.0013066,.4343053,-.6812395,-.945383,-1.134587,1.003094,-2.517296,1.532453,-3.504975,.1921298,.2302983,.1877415,.3212586,.3524613,.0546029,.0723308,.433791,.1551183,.0980265,.1587737,.3398789,-.2858246,.0310835,.097506,.9021199,.0886727,.0277218,-.0234459,.029501,.0009558,.0478038,-.0489045,.0813024,.1224334,.619691,-1.706454,2.05e-10,.1715648
.1032344,.0071218,-.0236256,-.0580268,-.0499701,-.1505029,-.2381343,.1174648,.026874,-.0202536,.0753307,0,.1762383,.0259277,.2062903,-.0762821,.0261948,-.1589493,-.0413362,-.0246286,-.0036401,-.0006778,.9998429,-1.930984,-.9790959,-.907119,1.52439,-4.283755,1.630514,-3.344783,.1266728,.140163,.1680638,.26063,.2770456,.0555155,.1141118,.269261,.1603853,.0697422,.0472558,.266552,.0716373,.0692161,.1297612,1.221694,.0997622,.0641161,.1810133,-.1871268,-.0235297,.0631109,-.0332418,.0372156,.1064213,.5326722,-1.860323,3.61e-11,.1667346
.0954161,.0829049,-.0052204,-.0071109,-.0521984,.1659145,-.15737,.1478554,.0045894,-.0112082,.1368102,0,.2146703,.0032687,.211035,-.1092097,-.000281,-.1305979,-.0191916,-.0056528,-.0013784,-.0007561,.359571,-.4951958,.694191,-.0669717,1.010271,-3.101338,-1.05162,.7679661,.1436539,.1846837,.1629064,.341577,.3982477,.0391463,.0389291,.3102411,.0926784,.0288722,.0461199,.2892051,-.1434901,-.0009885,.0863378,.8238268,.0759252,.0661029,-.000358,-.0120967,.0049523,.0744905,-.0084309,.0324553,.0959967,.4866166,-1.463081,6.94e-11,.1672661
.1038035,.0322462,.0040301,.0045732,-.0290858,-.0788779,-.1530177,.1468056,-.0010332,-.019663,.1210154,0,.128792,.0437079,.2162738,-.0496953,.0246581,-.0865421,-.0204137,.0052872,.000529,-.0010986,.404499,.0543231,-.7757025,-1.464526,1.581254,-4.815014,1.361227,-4.07562,.1152482,.111662,.0882779,.1728523,.2091386,.0375291,.137383,.235576,.1050944,.0525417,.0061338,.2462183,.0552179,-.0311001,.1184627,1.141015,.0610432,.1033544,.0737374,-.0575355,-.0027916,.0368571,-.0459724,.0895513,.1124162,.5704448,-1.735222,6.10e-11,.1709509
.0107659,.1071095,-.0013342,.006976,-.0043458,.0694064,-.0735832,.1263208,.022875,-.0178607,.0847647,0,.1805185,.0262553,.2307509,-.1188977,-.011909,-.1057739,-.0040801,-.0199009,-.0038789,-.0008233,-.0272762,-.6934974,.898445,.4162546,1.361053,-3.737484,-1.334847,1.810714,.1775322,.2513072,.2212643,.4017337,.4704188,.0473328,.0159369,.4068848,.1103475,.0657118,.0648346,.3137811,-.011363,.0447356,.1447505,1.361268,.0832994,.0437069,.0201746,.0159049,.0137675,.0537557,-.0064304,.0349414,.1019377,.5257315,-2.126417,1.79e-10,.1721527
.135537,.0106552,-.0152902,.0055951,-.0181855,-.0127496,-.1343904,.1567477,.0244916,.003812,.1689027,0,.1424854,.0130191,.197423,-.0980347,-.0071951,-.101991,-.0318483,-.0156522,-.0089538,-.0005884,.7107778,-1.141417,.273082,-1.497715,1.083041,-2.698491,-.3540708,-2.390245,.0670023,.0545364,.0313138,.1233576,.183567,.092456,.1094567,.2213356,.1282933,.0583178,.0079111,.1829679,-.2081501,.0128249,.1141939,1.082488,.0522129,.0316117,.0364755,-.0400444,.0320768,.0440734,-.0292251,.0130017,.0824189,.4142359,-1.400958,2.33e-10,.1728085
.157381,-.0462412,.0177189,.0575048,.0737593,.0414838,-.0079061,.2295817,.0021384,-.0093167,.2160389,-.5165567,-.0917359,.0655953,.0901795,-.172589,-.0045701,-.1641946,-.0259981,-.022245,.002696,-.0011841,.6076723,-1.251453,-.0085823,-.3633706,1.11716,-2.870975,.08766,-.9170972,.0113783,.0674273,.1233608,.2624336,.2866822,.0469889,.0670003,.1489461,.1626568,.0654528,.0750015,.21251,-.1126292,.1179037,.1131745,1.051245,.0767,.0319453,.0491466,-.0687248,.012184,.0913555,.0238363,.0142963,.0829348,.3791059,-1.6571,2.09e-11,.1640998
.1159489,.015741,-.0296498,-.0397781,-.0261791,.0971313,-.1857331,.1302112,-.0095131,-.0081511,.1014166,-.4453434,.1342338,.0650673,.1895727,-.0418538,.0245828,-.0853743,-.0242461,-.0163446,-.0029441,-.0011024,.5148307,-1.093753,-.1229318,-1.772247,1.836537,-4.996448,.3124468,-3.542767,.0597113,.1090575,.0808073,.1881073,.1897388,.0792458,.1502173,.1646336,.1312038,.0693685,.182239,.1853202,-.3096548,.0776434,.1262302,1.170058,.0524649,.0078149,-.1252706,.1102367,-.0023122,.0692548,-.0137326,-.0001649,.1186498,.5901428,-1.849498,-1.99e-11,.1674499
.1270444,.1311125,-.0234459,-.0479338,.0087699,-.0119413,-.073685,.1584434,.0316711,-.0111093,.1426413,-.5063547,.0433505,.0006035,.1241992,-.073827,.0050527,-.0945349,-.03294,.0277621,-.0006426,-.0011181,.7404416,.6202318,-.4141747,.2217647,1.833499,-4.621964,.7419516,-.6616587,-.0502679,-.0000998,.0507652,.2155288,.3134103,-.0114875,-.0134738,.0888188,.129588,.0522125,.0698005,.078519,.0515587,.0684171,.0876585,.8212356,.0844643,.0428912,.1242471,-.0986488,.0034647,.0760975,.0134976,-.0243929,.0985514,.4939512,-1.429537,2.76e-11,.1669797
.2082647,.1843909,.0147406,.0633332,.0686037,-.0053063,-.0383835,.2080807,-.0156646,-.001446,.2319867,-.490327,.1514273,.0176608,.2284592,-.0643641,-.009974,-.1074354,-.0150012,.0079321,-.0068332,-.0005611,.2972742,-.2288594,-.4876545,-.6700754,1.125533,-2.556185,.8226195,-2.183352,.0316118,.0034523,-.0242826,.1221411,.1729895,.0473135,.0669103,.1727249,.1682282,.078491,.1231089,.1354702,.3736856,-.0161237,.0805752,.7688828,.0659384,.1770427,.1589715,-.2110152,-.0030251,.0513263,-.0464182,.0586118,.1044056,.5369592,-1.354091,1.84e-10,.1658407
.0725395,.1464432,-.0421512,-.0316546,-.002547,.123257,-.1220186,.1231068,.0187719,-.0229883,.0870547,0,.0921812,.0157645,.229054,-.0742524,.0115721,-.1000437,-.0296794,-.0298613,-.003119,-.0006348,.6928306,-1.769438,-.1896095,-.1548842,2.339397,-6.610437,.4916307,-.9377249,.1497552,.2029473,.2390375,.4299275,.4746236,-.024159,-.0123624,.3045574,.1470917,.0892334,.0624011,.2803115,-.1490071,.0679666,.136906,1.296388,.0738141,.0957213,.0874588,-.0971022,-.0113441,.0544368,-.0475723,.0559447,.1016917,.5214272,-2.054719,-9.06e-11,.1648341
.0521607,.0952715,.0121256,-.0023549,.0293196,.1139535,-.05759,.1345274,.0169201,-.0346425,.1158693,-.4972265,.1544506,.0282683,.241404,-.0988074,.0127583,-.0833731,-.0252328,-.0476988,-.0075682,-.0005447,.5332789,0,-.8079696,-.1507184,1.482224,-3.832295,1.402091,-1.82243,.1469826,.1532433,.1298671,.2940447,.3553186,.0371061,.0478238,.3018833,.1060661,.030287,.056346,.2920256,-.1373319,-.0090579,.1058057,.9788815,.0781403,.0343121,.0217399,.0372553,-.0331773,.0830464,-.0173063,-.0060749,.1254242,.6081506,-1.742458,3.30e-10,.1648031
.1718617,.043742,.003089,.0158117,.0225534,.1399916,-.1739123,.1300808,-.0047077,-.011554,.1322825,0,.1443487,.0296108,.207242,-.0589893,.0329975,-.0405723,-.0272773,-.0222698,.0014911,-.0012112,.6426812,-1.404263,.4391679,-1.126892,2.100258,-6.434185,-.6017813,-1.644272,.1147016,.1522145,.1187114,.188768,.2101623,.0595638,.1600766,.2798876,.1122706,.0367331,.114634,.2973793,-.0468463,-.0078701,.1170026,1.121856,.0813501,.0473972,.0425357,-.0192137,.0143353,.0149399,-.0649494,.0758343,.1029808,.5279398,-1.770271,1.05e-10,.1697969
.1835423,.0357733,.0479595,-.0062965,.0569191,.2728516,.059763,.1341411,.0218301,-.0437927,.1126335,-.4287302,.0618133,.0305137,.1039657,-.0552386,-.0077406,-.1455521,-.0132284,.0014011,-.0005358,-.0011144,.2515048,.1348876,-.1868286,-.7337354,1.142935,-2.862683,.3794586,-1.7555,.1502849,.2328751,.2004142,.3002699,.3212835,.0467073,.1165312,.2651548,.1187124,.0601472,.1419244,.3016416,-.0715015,.087797,.1198417,1.130333,.0721699,.0742297,.0537749,-.0036461,-.0057918,.0340239,-.0252722,.0968536,.1315615,.6612368,-1.969511,-2.21e-12,.1675332
.1496765,-.0557347,.0147256,.04807,.0692414,.158156,.0157919,.1826575,-.0008429,-.0224033,.1763934,-.4278834,.1837905,-.0158918,.212002,-.0708047,-.0036761,-.0674177,-.020877,-.0009522,-.0025978,-.0007722,.4220704,-.4225098,.317986,-.7294892,1.785205,-4.720815,-.393431,-1.013676,-.1227821,-.1295694,-.1811137,-.0747173,-.0158914,.0685639,.0868305,-.0175975,.1154629,.078547,-.0405033,.0093994,-.0856936,-.0139167,.1232869,1.183569,.0849014,.003969,-.0237513,.0157355,.023869,.0420749,-.0181447,.0353616,.0922575,.44749,-1.529282,-2.20e-10,.1736053
.1525969,.175401,-.0200775,-.0344694,-.0475464,.1173772,-.1424178,.1291839,.0288481,.0026173,.1242921,0,.128281,.0121904,.1281502,-.0172042,-.0023626,-.1027027,-.0214081,-.0475379,-.002988,-.0008003,.4100564,-2.024158,-.0594168,-1.485913,1.455094,-4.535683,.1702981,-2.868734,.0921968,.1077598,.0478528,.2123125,.2130939,.072194,.1041285,.2111409,.143642,.0955111,.0636945,.1981784,-.1119218,.0440455,.1356496,1.290392,.0732585,.0656011,.0873285,-.1026734,.0143515,.0639488,-.0149827,.0414569,.1134139,.5778536,-1.886199,-9.77e-11,.1646743
.1983717,.2289237,.0389693,-.0015645,.0207293,.0588039,.0107003,.1563163,.0147103,-.0307624,.1382701,0,.1309764,.0621231,.2297985,-.1612101,-.0003429,-.2045155,-.0170288,-.0008247,-.0077044,-.0005152,.3628057,-.2433746,.002108,-.9531388,2.057805,-6.187267,.1074926,-1.790683,.0765142,.1639698,.1551566,.2627804,.3253932,.06847,.093894,.3220844,.1023392,.058576,.0555272,.2592895,-.0816058,.069266,.0865618,.8093244,.0639735,.0991292,.16884,-.1837633,.0088261,.0364342,-.0284125,.0436378,.1223207,.6298269,-1.578891,-2.71e-10,.1692794
.1870531,.2948529,.0156423,.005371,.0302736,.0657542,-.0192498,.191016,-.0111542,-.0196356,.1871369,0,.1398291,.0400078,.1942264,-.0876499,.0014824,-.0821058,-.0266817,-.0307112,.0011581,-.0010275,.5893179,-1.713699,-1.490273,-1.961916,1.498763,-3.048585,2.474246,-6.034971,-.1168923,-.1277646,-.0778387,.0448374,.1026623,.0148007,.0509936,-.0270715,.1210727,.0311428,-.0458769,.0263443,.0895651,.0194841,.1162576,1.107381,.0766006,.1036819,.1368072,-.1430069,.0198058,.0461458,-.0203093,-.0122391,.1125347,.5713552,-1.49732,-2.24e-10,.1641755
.1383249,-.074232,-.0116003,.0220242,-.0411718,.2563305,-.1321785,.1347683,.0382577,-.0195558,.1078985,0,.1445176,.0133039,.189893,-.0732821,.0030769,-.1225015,-.0120044,-.0324595,-.0049633,-.0008478,.1889298,-1.315562,-1.12466,-.4950572,1.445672,-4.009027,1.851061,-2.834419,-.2830375,-.2481824,-.2802265,-.1486531,-.1151637,.0599089,.0744445,-.0149509,.1157179,.0541738,.0460834,-.0767019,-.3363647,-.0283433,.0993102,.9493015,.0458585,.0416234,.0997729,-.1234354,-.0116143,.0444781,-.0380637,.0469043,.1302459,.6598034,-1.244936,2.74e-11,.1689635
.1503609,.1351794,-.0253176,-.0732623,-.0523331,-.0806453,-.0710303,.1977673,.0215989,.0107924,.1511943,-.541643,.0757161,.0967418,.2100578,-.0546318,-.0097948,-.08575,-.0224625,-.0306548,-.0020321,-.0012578,.4874978,-1.534505,.3570088,-.2171949,1.952381,-5.604068,-.4314966,-.1891257,.0904493,.2031838,.2805597,.3918104,.5005678,-.0038631,.0261919,.2241804,.1071465,.0446091,-.0129394,.2880937,-.0209485,.1126075,.0725722,.6789366,.0837846,.0421591,.0565275,-.0613242,.017361,.0933425,.0175893,-.0018328,.1128716,.5836241,-1.560693,6.30e-11,.1689064
.197663,.0996783,.0658944,.0315069,.0547257,.2448428,-.089118,.0931834,.0224867,-.0189779,.179768,-.4056926,.260693,.020666,.1340759,.020016,.012998,-.1524411,.0025015,-.0006686,.005551,-.0015753,-.1626798,.17721,-.1909042,-.6673679,1.033122,-2.436611,.362666,-1.717567,-.0169781,.0371367,-.0551812,.0892051,.0831228,.0468931,.0852551,.170084,.0716245,.0483733,.0126124,.0928066,-.1995381,-.059605,.1067703,1.006308,.0764847,.0024735,.1155509,-.1506303,.0379891,.0796286,.02326,.093957,.1023759,.5014687,-1.505408,-2.49e-10,.1694602
.2122504,.2401756,-.008942,-.0194393,.0294066,.275724,-.1092311,.1733372,.0280365,-.0098626,.1553267,-.4570265,.1087871,-.0302564,.1782814,-.1138221,.0011704,-.0910593,-.009153,-.0082463,.002411,-.0011016,.1544799,-.5060773,-.6888235,-.9102058,1.507391,-4.449089,1.12308,-2.875571,.206007,.3363501,.25799,.4085683,.4055389,.0078403,.0556931,.3643377,.1273518,.0745242,.0442425,.3916936,-.1824499,.0500956,.1556262,1.438068,.0854477,.0888335,.1132137,-.1094716,.0499146,.0405837,-.0007058,-.0058838,.1283991,.646431,-2.335456,-2.76e-11,.1693101
.1084048,.1605444,-.0165761,-.0355753,.0167,-.0116892,-.1964693,.2276259,.0053045,.0072584,.1919498,0,.1020332,.0034859,.1616313,-.0916876,.0111402,-.0863786,-.0201544,-.0207698,-.0031948,-.0008835,.4141113,-1.031469,.014179,-1.041552,1.566434,-3.731053,.0772775,-2.076385,.08251,.076603,.021044,.1272132,.1392563,.0882739,.1136954,.1857909,.1083474,.0770142,.0010005,.2041826,-.1776092,-.0338181,.1121399,1.059005,.0689209,.0749569,.0420171,-.0337729,-.0137835,.037033,-.0244145,.027221,.1176948,.5966367,-1.700526,-2.26e-10,.1671501
.0729972,.061543,-.0162391,.031599,.0745362,.1671972,-.0540618,.1386183,.0191934,-.0264751,.1395841,-.4810634,.0666808,.0293516,.0874887,-.0489766,.0039876,-.0749964,-.036006,-.0221115,.0031614,-.0012828,.8502241,-1.495178,-1.386162,-1.120263,1.532376,-4.782472,2.276989,-4.401268,.0082621,.0878529,.028418,.1883705,.1863009,.052165,.0691443,.160761,.1209865,.0710761,.0357387,.1683453,-.1251015,.002911,.1009634,.9578624,.0592703,.0623778,.046233,-.056607,-.0145849,.0503955,-.0441455,.0441093,.1009045,.5243909,-1.424491,8.40e-11,.1669675
.1608844,-.0385735,.0013452,-.0051951,-.0014601,-.0332996,-.1488465,.2240629,.0026266,.0095327,.1434955,-.4641847,.0827015,-.0217774,.2129477,-.1045794,-.005073,-.09343,-.0183843,-.0106787,.0097114,-.0015433,.3808048,-.1993245,.1185682,-.8663573,1.615564,-4.660056,-.0485489,-1.646659,-.0008541,.0257115,.0582893,.1965139,.3192585,.0193343,.0114475,.1005465,.1363296,.059625,-.0556349,.1132782,.0653028,.0557167,.0762479,.7326748,.0584487,.0695914,-.0208478,-.0013597,.0288514,.0679078,-.0003649,.0680708,.1125059,.5777142,-1.422402,9.45e-11,.17014
.1243827,.0380334,.028914,-.0055489,-.005779,.0114122,-.1069425,.1853862,-.0060435,-.0046025,.1751534,-.4684836,.0302684,.0393774,.1651761,-.0992063,.00454,-.1416268,-.0225126,-.006476,-.001272,-.0010188,.4764497,-.7758195,.7590019,-.637507,1.165855,-2.925888,-1.095649,-.1788923,.1337737,.1441145,.1147003,.2418112,.3200442,.0638298,.1010491,.3281325,.0734144,.0269917,-.0527178,.2603578,-.0908947,-.0346762,.113118,1.085624,.1030444,.0372532,.0741705,-.0908989,.0278171,.0641723,-.0019956,.044127,.1082245,.5253143,-1.764089,-6.07e-10,.1655277
.195965,.2795925,-.0160794,-.0289661,.0355527,.1157736,-.0528794,.1451962,.0096271,-.0206868,.0770167,0,.1257658,.0463091,.2432791,-.057351,.0193075,-.0162905,-.0298187,.0205838,.0081798,-.0012904,.6944631,-.1259282,.1075396,.0335743,1.511238,-4.004694,-.0116785,-.0432536,.0888618,.1064268,.1441398,.2791184,.4089704,-.0137242,-.0183275,.3477865,.0897923,.0261793,-.0973747,.1712722,-.0207649,-.0167718,.116231,1.083043,.0872067,.1529244,.2164276,-.186678,.0177868,.0349009,-.0427715,.0345378,.1272607,.6349045,-1.913553,1.87e-10,.166438
.1952288,-.0885923,.0052318,.032108,.0467865,.0978739,-.0278342,.1961227,-.0138465,-.0182077,.146379,-.397236,.1199482,.146842,.2213773,-.1063726,.0133452,-.0619047,-.0126736,-.0147072,.0054043,-.0011941,.2711029,-.738077,.1718794,-1.634673,1.836895,-5.13633,-.1621153,-2.722051,.1757101,.2460876,.2145332,.3331583,.3871729,.0483417,.0728082,.2968437,.0950115,.0473056,.0206321,.3076355,-.0363586,.0175192,.1333025,1.278538,.0877205,.040773,.0570784,-.0463664,.0380402,.0840544,.0153563,.0477881,.0781666,.3902024,-1.921227,1.22e-10,.1696669
.0832655,-.00514,-.0247545,-.0309275,-.0425983,-.0476096,-.0303469,.0812934,.0627758,-.004926,.0957824,-.4455705,.0926085,.0287971,.0878382,-.0235077,-.0409333,-.1310407,-.0307686,.0403826,-.0003729,-.0008317,.7176797,.9315859,.1151064,-.5672698,1.271677,-3.158024,-.0710463,-1.112262,-.0741995,.0282071,-.0145074,.1571291,.1841271,.0260548,.027085,.1048579,.0847004,.0307855,.0143578,.0263859,-.1611687,.049038,.0860376,.8310938,.0767013,.0916989,.0108813,.0119067,.0083696,.0836759,-.0206135,-.0129882,.0820309,.4212911,-1.142915,-2.15e-10,.1744122
.1555545,-.0016932,.0129031,.0267782,.0367176,.0745523,-.0387983,.1631889,-.0089893,-.0233906,.1482777,0,.1223251,.0248257,.1584766,-.1028951,.0073292,-.1230338,-.0180937,-.0027627,.0032203,-.0013452,.4293065,-.5763655,.5737494,-1.646056,1.523271,-4.107423,-.7889094,-2.126364,-.0427302,-.029142,-.0241755,.137719,.2099767,.0558924,.0694719,.0746053,.1043068,.0434811,.0243533,.1201474,-.0484209,.0046642,.0927724,.8894014,.0664529,.1059651,.0562744,-.0590223,.0143121,.0459685,-.0222445,.0848898,.0901845,.4524956,-1.266541,-1.81e-10,.1673069
.193564,.1962979,-.0450306,-.0545798,-.0592468,.1424658,-.125129,.2160131,.0307712,.0046285,.1897288,-.5429068,-.0427257,.0166744,.0369382,-.0971956,-.011759,-.1119888,-.0106355,-.0413752,.0009188,-.0008886,.2215648,0,-.2056918,-.7763398,1.236248,-2.539084,.4515973,-1.926577,.0948038,.1849138,.1429666,.2759973,.3116457,.0458732,.0558126,.2451661,.0973588,.0565552,-.0688065,.221184,-.1143328,.011088,.1095081,1.038781,.0889302,.0647971,.0478593,-.0407113,.0213485,.0585018,-.0282084,.0364359,.1279509,.6469934,-1.839488,-3.79e-10,.1682844
-.0187483,.1391128,-.0280028,-.0770948,-.0836803,-.0633724,-.1636792,.0895175,.0361012,-.0132496,.0529083,-.4528264,.2258952,.0295898,.3005176,.0017175,.0025504,-.0856792,-.0254449,-.0383025,-.0009612,-.0010667,.5585344,-1.890254,-.0253563,1.215027,1.511341,-3.536872,.1721095,1.696981,-.0403545,.1471415,.1497276,.289428,.3808085,.0062894,-.0279842,.1782424,.1087942,.0362182,-.0291315,.0563279,-.0535936,.1413105,.0926712,.8975576,.0797134,.0443209,.0784062,-.1071225,.0034497,.077692,-.017768,.011954,.1013826,.5044175,-1.548943,2.73e-10,.1682125
.1175584,.0847447,-.0118475,.0095707,.0153037,.06797,-.0027425,.1322538,.0173757,-.0308438,.1152252,-.4447463,.043357,.0291821,.0655032,-.1127761,.0169709,-.143831,-.0247873,-.0290068,.0004517,-.0009876,.4985221,-1.498933,-.0274587,-1.436994,1.135591,-2.422276,.1358313,-2.738576,.0058273,-.0119125,-.0439986,.0973223,.1111049,.0517922,.103706,.0682891,.1220799,.0526424,-.0091075,.1754598,-.1565714,-.0098372,.1282448,1.228249,.0851729,.0084519,.0452351,-.030346,.0049464,.0508508,-.0133193,.0552788,.1191078,.5884857,-1.704755,-1.86e-10,.16852
.1798827,.1074834,.0362684,.044335,.0619423,.1598255,-.0350887,.1713491,-.0341524,-.0236703,.1777562,0,.0351092,.0321285,.2204588,-.0555251,.0251592,-.0603595,-.0294517,-.0314295,-.0027162,-.0004996,.7727599,-1.975332,-.1333793,.2595886,1.66788,-4.833321,.2641566,.1492412,.1488057,.330564,.3372551,.5034818,.5571105,-.0033509,.0004137,.3274781,.0997629,.0397272,.0516531,.3397149,-.018329,.1254272,.1436893,1.363065,.0706003,-.0187294,.0000194,-.0251829,-.0099767,.0236029,-.0405986,.0736825,.136223,.6703148,-2.427191,-3.63e-10,.1628976
.2767412,.1177106,.0455056,.0414996,.0005356,.1348803,-.0368458,.1858514,-.0004227,-.0200753,.2083785,0,.0639894,.0112791,.1207797,-.101508,.0067651,-.1048761,-.027769,.0009182,-.0047856,-.0007211,.5819651,-.3962356,-.2750138,.0196433,1.482094,-4.217699,.5087104,-.8515559,.1301344,.1211316,.0611074,.2131891,.2387041,.0687707,.055548,.2897771,.1322092,.0778388,.020781,.2571605,-.0974634,-.0126491,.1418567,1.337188,.0832724,.037585,-.0489604,.0869577,.042308,.0342,-.0300496,.0470726,.094114,.4688966,-1.974679,-1.95e-10,.1709915
.0316411,.0736198,-.0005893,-.0016364,.025134,-.0955495,-.101045,.1928217,.0209459,-.0043714,.1613738,-.4592051,.048325,-.0050861,.1519826,-.1303448,-.0038914,-.173964,-.007282,-.0197472,-.0088458,-.0003358,.1479829,-.9777395,-.1407424,-.5351979,1.919448,-4.966037,.3234624,-1.402974,.0196857,.1192267,.07185,.196597,.1684115,.0346536,.1234602,.1409588,.1190381,.0856578,.0359208,.1003726,.127085,.1045411,.1444321,1.356716,.1076223,.0048226,.0141604,.0123481,.0315636,.0387191,-.0279798,.1148296,.1055216,.5391198,-2.033178,-3.94e-11,.1682646
.1488799,.0422685,.0102156,-.0534669,-.0383697,.0531768,-.0792071,.1704487,.0260679,-.0136911,.1631712,0,.0836925,.0145692,.1511635,-.0917173,-.0002172,-.1835613,-.016302,.0161713,.000944,-.0011426,.3281357,.2037725,.1176789,-.8655676,1.325906,-2.284086,-.0457378,-1.585383,.0583817,.0756275,.0568162,.1938381,.2666084,.0596329,.0805946,.2244654,.107549,.0528604,.0697306,.1276438,-.0647346,.0434521,.0538382,.5275177,.0976779,.0175861,-.0685673,.1106951,-.0089536,.0687934,-.0056522,-.0143829,.087871,.4355479,-1.044257,1.30e-10,.169616
.1841557,.2526661,.0270298,.0316822,.0534043,.1179759,-.0148436,.2010231,.0073305,-.0182372,.1782786,-.4355251,.0840622,.0071099,.1826435,-.0983389,.0007057,-.0869422,-.0254303,.0162997,-.0035137,-.0006725,.5490427,.108038,-.1915245,-.2955737,1.495042,-3.398677,.4183247,-1.138425,.0920405,.1537967,.1004021,.2129213,.2281958,.0925018,.137101,.2197585,.1097672,.0390534,.0006116,.1848245,-.0578235,.0499848,.094257,.89733,.0733223,.0693029,.0949473,-.0821326,.0019089,.0676528,-.0168761,.0019333,.1113945,.5552263,-1.684603,3.55e-11,.1717613
.131206,.0589037,-.0059495,.0057911,.037113,.020517,-.0710982,.1220597,.0254526,-.0174683,.087919,-.3960322,.4251902,.1219017,.5051212,-.0307999,.0007277,-.0226964,-.01642,.0032351,-.0005508,-.0010222,.3387554,-.3349783,-.3938597,-.2231174,1.111831,-2.948461,.6841282,-1.303873,-.0743675,-.0542702,-.0937182,.0180249,.0685623,.0583069,.0981033,.064944,.1206437,.0644438,-.041299,.0773112,-.1240668,-.0159755,.110742,1.069273,.0741424,.0465025,-.0073197,.0084433,-.0026237,.0329936,-.0472505,.1031849,.1007162,.4778377,-1.456606,1.63e-10,.1685453
.0634428,.0695183,-.0186879,-.0096179,.0101241,.0539578,-.0500902,.1566796,.0030835,-.0156419,.1275845,-.4607819,.0976078,.0274846,.1481978,-.0745193,.0040326,-.0804229,-.0232231,-.0359557,-.0077379,-.0003992,.4870406,-1.744836,.1712193,-1.210677,1.26307,-4.016952,-.1985388,-2.027043,.0458939,.1423735,.1254762,.2805477,.3070139,.0259944,.0260115,.2127885,.1018663,.0467362,-.035369,.1596236,-.000892,.0647565,.1335918,1.258737,.0840789,.0150663,-.0033133,.0215824,-.0000771,.0511706,-.0019086,.0252879,.1075185,.5345741,-1.83829,-2.83e-10,.1720622
.2049469,.0256684,-.0026174,-.0055826,-.0192708,.0081188,-.1036646,.1922798,.0049426,-.0146065,.1946146,-.5792294,.0319062,.0518787,.057209,-.0880373,.0198901,-.149893,-.029995,-.0356466,.0108683,-.0017154,.7215788,-1.949673,-.8008801,-1.552455,1.566095,-2.86623,1.407851,-4.193374,.1310743,.1289176,.120322,.2733437,.3348935,.0209246,.0223615,.2608689,.1227179,.037884,-.0088931,.2980177,-.0931541,-.0181172,.0953225,.896293,.0877089,.0788799,.0914645,-.0832365,.0038273,.0874798,-.0062544,-.0087902,.1009815,.4924089,-1.587999,-4.55e-11,.1667171
.0090349,-.0795043,-.0958128,-.0610127,-.0679078,.0620801,-.1751521,.1788536,.0071189,-.0099968,.0743611,0,.0573549,.0201017,.098525,-.0776496,.0091988,-.0882716,-.006533,.0075778,-.01121,-.0004624,-.0122587,0,.2465135,-.3844154,1.566072,-4.378808,-.2688738,-.5961225,-.0041793,.0682164,.0614802,.240676,.2725773,.0429286,.0064984,.1398457,.145242,.0867421,.0836608,.0962634,-.0044916,.121498,.1307896,1.221876,.0618267,-.0094789,-.0646837,.0854256,-.013075,.0401736,-.0254664,.0512946,.1130916,.5765647,-1.812305,-2.59e-10,.1688001
.165547,.0418658,.0261689,.0283819,.0311193,-.0779571,-.0873105,.1669824,.0001417,-.0063425,.1460982,-.4483104,.1717147,.0011978,.2505983,-.0633223,.0083578,-.0774358,-.0353209,-.0156147,-.0040718,-.0006249,.8756016,-1.315887,.7652643,-.3441142,1.792349,-5.206918,-1.092243,.2839452,-.0960924,-.061665,-.0824153,.0194059,.0788151,.0446814,.0764358,.0596056,.0969584,.0279818,.0899181,.0462139,.0928672,-.0222369,.1068307,1.042373,.087637,.0183714,-.0274473,.0140878,.0108408,.0617404,.0024349,.0180594,.1142769,.5680395,-1.566593,3.51e-10,.1740504
.1684511,-.0038084,-.018077,-.0300664,.0179598,.0513276,-.0863675,.161067,.0336408,-.0100307,.1394585,0,.0751573,.0026111,.0799531,-.1229673,-.0173639,-.1607824,-.0283828,.0360845,-.0035212,-.0007979,.6214501,.8544257,-.0598811,.2099316,1.687626,-5.242386,.2049162,-.1055503,.2011603,.1911555,.1293478,.2056229,.2528504,.0523752,.133303,.3048498,.1246016,.0701189,.070334,.3433741,-.1141434,-.023891,.0573731,.556546,.0891758,.0283199,.0116512,.0584773,.0066324,.0525589,.0011483,.0278411,.1065719,.540965,-1.303713,8.20e-11,.1700817
.0809376,.0125614,.0093554,.0007719,.0457292,-.0401532,-.1743575,.1832267,-.0140295,-.014479,.1688938,-.5486112,.0954895,.0196961,.1737935,-.0909186,.0196423,-.1311679,-.0156829,-.0223481,.0194838,-.0026186,.4208611,-.9595646,.6171355,-.3494779,.7281148,-2.145751,-.8937778,.128749,.1995159,.1465705,.1041321,.2706665,.3821993,.0299745,.0253659,.3324941,.1052743,.0470217,-.0013699,.3021296,.0190994,-.0670992,.0982745,.9362863,.0878782,.1117021,.0176419,-.031474,.0375204,.0728765,.0217349,.026204,.1184653,.5979659,-1.705268,-2.39e-10,.1681871
.2224561,.1383319,.0388345,.0496207,.031019,-.0416626,-.0741032,.1547714,.0048465,-.01997,.1377088,0,.0928107,.0362457,.2095919,-.0473148,.0278865,-.0811139,-.0259929,-.0121806,-.0024533,-.0008102,.5798224,-.4017544,-.3732938,1.81407,.8693941,-2.915418,.6457556,2.174398,.2424058,.2961441,.251372,.4127729,.4757364,.0278229,.0194351,.3865778,.1172957,.0798287,.0641693,.3503681,.0807507,.0221005,.1361215,1.296593,.0748917,.0494646,.0488441,-.0270269,.0196072,.0548702,-.0376421,.0583709,.1309353,.6731594,-2.285886,4.74e-11,.1698322
.2159832,.1951618,.0444117,.0333791,.0374404,.1660338,-.0882998,.209528,.0053485,-.018567,.1956575,-.476799,.0707486,.0333591,.1323584,-.1055431,.0101218,-.1656088,.001279,-.0262832,.0023887,-.0010999,-.1241307,-.8766792,-.5232273,-.3235669,.8865804,-1.798343,.8927641,-1.564852,.0271268,.0463363,.0710192,.2310971,.2585388,-.0286467,-.0182084,.2195822,.073451,.0391284,.0007507,.1297746,.0440947,-.0084015,.0994829,.9268492,.0916399,.0419883,.06448,-.0373084,.0264186,.061624,-.0086228,.0558375,.0976699,.4710937,-1.47456,1.45e-10,.1700109
.0957435,.0661775,.0253447,.0445147,.0554842,.0463403,-.0139128,.1400891,-.0012251,-.0106863,.1369657,0,.1674551,.0482558,.2643796,-.0610869,-.0099906,-.0461042,-.0100131,-.0443392,-.0025737,-.0007667,.1680172,-1.654634,.2236324,.9668602,1.419749,-3.894721,-.2785128,1.591376,.1077886,.1174616,.0718956,.2807805,.2970312,.0284024,-.0013379,.2113712,.1160432,.0600866,-.0569518,.2403013,.1230451,-.0569167,.1240453,1.176107,.0780997,.0160339,.003879,-.0059642,.0017059,.0527386,-.0276812,.0584661,.1140192,.5944664,-1.903676,-2.40e-10,.1673334
.060495,.055556,-.0139631,-.0232458,-.029171,-.1186503,-.0640663,.140095,.033083,-.0101793,.0756252,-.3854118,.0180777,.0508875,.1113213,-.1191871,-.0145808,-.0691826,-.0162529,-.0152996,-.012137,-.0003624,.283761,-.7063624,-.386695,-1.16806,1.702399,-4.081144,.7282854,-2.850582,-.0403515,-.022606,-.0350407,.0481275,.0991039,.077193,.1347242,.0843274,.1010907,.0317468,-.010003,.1214,-.1536725,-.0085845,.0918051,.8768808,.0868161,.0255806,.0269818,-.033893,.0496697,.1017082,.0204909,.043145,.0858391,.428794,-1.200263,-1.67e-10,.1698492
.2213009,.2408535,.0212978,-.0012652,-.0247876,.1604682,-.1145331,.1625884,.0218107,-.0045504,.182605,-.50202,.1191026,.0031797,.0524875,-.098092,-.0002158,-.1299289,-.0302436,.0013615,-.0006145,-.001011,.6478292,-.3307524,.4009875,-.6405198,1.696868,-4.000324,-.4746062,-.8659068,.0405227,.0522481,-.026455,.079792,.1616833,.0967253,.1204335,.1363875,.1312962,.071238,.0756921,.1657918,-.2410489,.0213103,.0927436,.8600346,.091977,.0548552,.0047716,.0212188,.0170576,.0440923,-.0227695,.0755764,.0945281,.444129,-1.428641,2.22e-10,.1668265
.0941387,.2036645,-.0313694,-.0141369,-.0249258,.0196205,-.0245715,.1567224,.0110528,-.0223302,.0633468,0,.1057069,.0346109,.2096768,-.0799843,.005234,-.0770251,-.0297025,-.0402386,.0060425,-.0014097,.7622847,-2.027365,.543786,-1.190148,1.634535,-4.868843,-.7605269,-1.471803,.1715381,.1486466,.1142036,.2131819,.2354611,.0523415,.0663247,.2781736,.113582,.0561366,.0384956,.3064319,-.1491778,-.0424573,.1196864,1.105786,.0851125,.0753723,.0491342,-.0521756,.0150185,.0451474,-.0195145,.0678054,.1257548,.6059994,-1.782619,7.10e-11,.167961
.0521965,-.0410517,-.0264485,-.0105709,.0061761,-.0528095,-.0017182,.0795907,.0250507,-.0422459,.0680059,-.3964351,.119831,.007026,.1791015,-.0441773,-.0064618,-.0942474,-.0191968,-.0406196,-.0004168,-.0008405,.4098656,-1.869972,-1.1213,-1.567029,1.424008,-3.816134,1.835565,-4.619368,.2462341,.2219433,.2196396,.4019741,.4856519,.0166053,-.031268,.3318534,.1218057,.0730101,-.023538,.3088065,.1618899,.008906,.1381822,1.296617,.1063324,.0244156,-.0138542,.0314037,.0082743,.0929612,.0073215,.029204,.0891203,.4393563,-1.848137,-1.66e-10,.1744875
.3058615,.2098455,.1057585,.1396252,.1104421,.3790987,.1280679,.1399589,.0101739,-.0262917,.2040227,-.4075084,.1444138,.0503138,.1690835,-.0740999,-.0142842,-.1001427,-.0143754,-.0303309,.0005483,-.0010119,.2818585,-1.214776,-.4039335,-1.54385,1.10158,-2.169836,.7619991,-3.552357,.0109486,.0734333,.0183629,.1448908,.1215385,.0735478,.1501476,.1184482,.1172558,.0683998,.026629,.1397199,.0210631,.0393036,.1229684,1.148936,.0903011,.0579049,.1023739,-.0786405,.0124925,.0675106,-.0157581,.0280168,.0899722,.4578334,-1.657954,1.87e-10,.1724354
.1843248,.1661424,.0183657,.0262463,.0589531,.1239329,-.0551871,.1765669,-.0111472,-.0215792,.1513879,-.4325187,.1265012,.0263282,.2441822,-.0334064,.0159925,-.0180146,-.0185427,-.0106665,.0008332,-.0010436,.3901476,-.2434839,-.6792806,-.9936268,1.450517,-3.347446,1.193848,-3.147703,-.0106524,.0644863,.0509152,.1851217,.2228355,.046753,.1057264,.109298,.1316005,.054539,-.0319152,.1299423,-.0447656,.0762025,.1309047,1.233799,.0731255,.1033107,.1331146,-.1436895,-.0010204,.080027,-.0335305,.0070471,.0774094,.3746061,-1.741064,-2.05e-11,.1664315
.1298096,.0333319,-.0378535,-.0509538,-.042014,.1027289,-.2162613,.1448258,.0345527,.0027013,.107694,-.4820631,.0746327,-.0148182,.1543988,-.0507762,.003379,-.0895504,-.0083141,-.0045823,.0071606,-.001297,.1451039,-.4617435,-.171775,-.8055698,1.343392,-3.644879,.3605853,-1.915783,-.0806025,-.0004083,-.0137721,.1133553,.1744346,.0215685,.0224233,.0899969,.1242195,.0591008,.0375761,.0547174,-.0202233,.0357111,.0991326,.9526324,.0991248,.0713818,.0510881,-.0135657,.011808,.0602742,.0042945,.0318251,.1203059,.6136846,-1.523397,-1.91e-10,.1693768
.1142821,-.0407559,.0179772,.0232644,.054202,.0979331,-.1069675,.1634924,.0120858,-.0146421,.1870178,-.4911191,.1224718,.0144857,.1748351,-.072344,.0023468,-.1463092,-.0187963,-.0062122,-.0044031,-.0008217,.3449499,-.533172,-.2900815,-1.556072,1.777694,-4.501814,.5744295,-3.434789,-.0197067,.0765725,.0841833,.1831188,.195184,.064411,.1610917,.1688547,.1083263,.0608012,.0805423,.1160097,-.1601461,.1452437,.1215273,1.109799,.0725074,.10232,.1842645,-.1871012,-.02798,.0188954,-.0521383,.0769284,.1388038,.7190237,-1.857564,4.16e-10,.1678166
.1131882,.035059,-.0645066,-.0397585,-.0697248,-.0325974,-.1840341,.1685527,.0336087,-.0009545,.0743108,-.4829249,.1065615,-.0096677,.1431702,-.0805312,-.0045034,-.1003817,-.0165274,-.0038672,.000163,-.0012442,.332519,-.2849185,-.4034017,.2339371,1.212457,-2.889471,.7109212,-.5358231,-.2151592,-.1325725,-.183835,-.0244279,.0257872,.0409226,.0265537,-.1352338,.0852803,.0457961,.1176771,-.062308,.0014666,.0262302,.1243295,1.153954,.0992523,-.039553,-.0202864,.0006629,.0158293,.0463881,-.0195485,.0124735,.1008723,.5096007,-1.450328,2.40e-10,.1726653
-.031189,.100852,-.0684058,-.0405541,-.0353829,-.007044,-.0953643,.1201759,.019909,-.0310074,.0610028,-.438553,.183011,.0450121,.2357067,-.1112283,.0014282,-.1204314,-.0093449,-.0304891,-.005065,-.0006836,.1738828,-1.1384,.6339406,-1.111358,1.772206,-4.869052,-.8883798,-1.190515,.1183769,.1255217,.0820713,.1985382,.2007772,.0473235,.0841353,.2593401,.1123373,.0765454,.0382564,.2336188,-.2909941,-.0006328,.1356936,1.272663,.1027191,-.0570901,.0069303,.0304335,-.0050773,.0226674,-.0649707,.0748002,.1215691,.6213316,-1.883915,-2.04e-10,.1696615
.1223446,-.1003121,-.0008849,-.0360601,-.0190314,.0629889,-.0893049,.1423356,.0289866,-.0212761,.1265459,0,.2570814,.1385337,.3096521,-.0445494,-.0149259,-.121313,-.0307359,-.0085668,-.0059415,-.0006249,.6709487,-.4347596,-1.030748,-.3816487,1.574325,-4.248143,1.724223,-2.638393,.1017022,.1958828,.1724464,.3353504,.4003731,.0148569,.0450839,.2072017,.1112377,.0641557,.108408,.2353597,-.0366974,.0556848,.0800003,.7643605,.0693968,.1019205,.0564104,-.052403,.0092863,.0756239,-.0143305,.0254307,.0910626,.4657668,-1.393302,4.58e-10,.165209
.0298182,.0124438,-.0818497,-.1151235,-.1101847,-.0558847,-.1979512,.1681494,.0141271,.0052,.0814522,-.4620652,-.003644,.1096849,.1159348,-.0657377,.0085019,-.1081325,-.019441,-.0172502,.0005599,-.0008767,.3971432,-.9646187,-.3056114,-1.218297,1.691538,-4.946892,.6090481,-2.915121,.112486,.0736548,.0475057,.1295625,.1977274,.0783297,.1338877,.3037849,.0949231,.0232218,.0688003,.2345431,.0631352,-.0480298,.1087526,1.042357,.0716006,-.010707,.102846,-.1033052,.0056523,.0642956,-.0166855,.0631524,.0981745,.4945885,-1.503462,2.35e-10,.1688887
.0943728,.1289651,-.007882,-.0186496,-.0361914,.1948297,-.1067191,.1415319,.02734,-.0162443,.1241191,-.4594179,.0965551,.0187462,.1832933,-.091437,.0076112,-.1023487,-.0153542,-.0056641,.0022667,-.001676,.2993931,-.3631239,.0480173,-.9020894,.875941,-1.761128,-.00316,-1.714331,.0607008,.0872201,.0453232,.1475042,.1516819,.0633218,.119842,.1846244,.0949675,.0362341,-.0544366,.1401827,-.200535,-.0064746,.1198698,1.137445,.0737727,.0060144,.0307829,-.0132442,.0372439,.0312368,-.0492532,.1002246,.126296,.6373359,-1.690951,-1.21e-11,.1727794
.1692249,.1281154,.0197534,.0698657,.0568845,.2078729,-.0900979,.1881586,-.0275614,-.0157992,.1967144,0,.1160051,.044533,.1957076,-.0572988,.0368269,-.111551,-.0232127,-.0095561,-.0090682,-.0006031,.5090109,-.6911823,-.5799673,-.4697089,1.316201,-3.160648,1.039706,-2.045603,-.0170532,-.0960639,-.1038167,.0641984,.1287733,-.0039267,-.0162307,.1217068,.1031293,.0439886,.0733305,.0009595,-.0695887,-.055474,.1039551,.9771296,.0813365,.0266402,-.0098418,-.0059108,-.0103747,.0550885,-.0126845,.0469037,.1231591,.6199939,-1.50618,1.66e-10,.1658256
.1126407,-.0405809,-.0392926,-.0340744,-.0647319,.0674767,-.2274178,.193501,-.0092376,.0116661,.181339,0,.1629481,.0402413,.2373251,-.0911208,.0211037,-.1548034,-.0131794,-.0302983,.0066068,-.0015607,.2626253,-.9743327,.5047645,-.6384184,1.184561,-2.541961,-.7131128,-.6138203,-.0149783,.0077205,.0169939,.1166535,.1435829,.053717,.1042297,.1359478,.1375045,.0779933,.0418093,.0998166,-.2108484,.080304,.1204439,1.143108,.0887734,.0533155,-.0615659,.0839866,.0219926,.0388731,-.0456714,.0583609,.0911686,.4707485,-1.664263,-8.57e-11,.1665044
.1798466,.0813943,.0043453,.0407436,.0664458,.1448158,-.0151741,.1822133,.0085817,-.0176985,.2102863,-.5092018,.1390407,-.0017677,.1032275,-.058539,.004204,-.1386286,-.015063,-.0068322,-.0068106,-.0006294,.2586487,-.5262786,-.0138654,-.0815394,.9005489,-2.192768,.0962864,-.3802305,.0139534,.1119847,.0554839,.2022127,.2805776,.071499,.0526631,.1296418,.1063425,.0164241,.071687,.153449,-.1123177,.0414451,.1304053,1.215521,.0728158,-.0094127,-.0290588,.0310331,.0018506,.054661,-.0270475,.0694323,.0975114,.4835601,-1.783053,2.97e-10,.1692177
.0261756,.0131998,-.0510918,-.0992323,-.1128307,-.2107608,-.1101094,.1184635,.0134662,-.0145783,.0480538,-.4771803,.2519569,.0224157,.2176579,-.0909999,.0138754,-.1216263,-.0105302,-.0115953,-.0052988,-.0005877,.2463995,-.5883744,-1.258471,-.930742,1.673334,-4.766912,2.082802,-3.895303,.0706907,.0403736,.1009508,.2557056,.283908,.03262,.0375322,.213223,.1135999,.0624288,.211244,.2182135,-.0336611,.0326315,.1103558,1.043418,.0646374,.0740226,.0718663,-.0797863,.0337835,.0335733,-.0103321,.0432429,.1099632,.5571348,-1.608019,-1.13e-10,.1705516
.2092982,.0125764,.0409666,.0006891,-.0029221,-.0433822,-.037869,.1588006,.0131633,-.0195847,.1402165,-.4025663,.1245358,.0484579,.237987,-.0280504,.0071205,-.0458177,-.0126916,.0065194,.0008497,-.0009639,.2114077,.042311,-.0231752,.0230187,1.282085,-3.528948,.1213644,-.1093338,-.0322091,-.0451486,-.0696701,.02678,.0669779,.0349898,.1238881,.1110966,.114671,.0437379,.0495707,.0935293,.1435981,-.0717053,.1124665,1.066061,.0677198,.0694732,.0368477,.0181222,.0192131,.044336,.006562,.0056071,.097396,.4756689,-1.546571,2.29e-11,.1672399
.131498,.0328765,-.0097508,.0158079,.0253241,.2045976,-.1106154,.1502308,.0066311,-.0089434,.1236133,0,.2112925,.0322188,.2479986,-.0558818,.011524,-.043373,-.0215281,-.0533983,-.0013963,-.0011525,.380677,-2.094339,-.0888186,-1.469436,1.295098,-3.628207,.2375872,-2.933303,-.0630922,-.1518908,-.1820154,-.055912,-.0192169,.0847042,.1166915,.058861,.1325215,.055937,.0290339,.1033977,-.1772982,-.0658545,.0942252,.8991322,.0738733,.018363,.0359747,-.0239401,-.0014365,.052741,-.0105953,-.0121423,.0873784,.4513206,-1.140249,3.51e-10,.1674837
.1020654,.1442543,.0284761,.0016168,.0718464,-.0145929,-.0110806,.1996734,.0035259,-.0329757,.1733579,-.4531288,.0972197,.0198915,.1886357,-.1563862,.0066329,-.1569435,-.0211611,.0124631,-.0077586,-.0006188,.4004098,.4016601,-.4865505,-1.141998,1.473129,-4.067632,.8625255,-3.028075,.0697367,.0176656,.0078153,.0874995,.1491031,.0864087,.1347091,.2054929,.1204145,.0666644,.1038184,.2182012,-.0130407,-.0129699,.0953756,.8834286,.0721512,.0776861,.1562379,-.1600733,.0167975,.022883,-.0515619,.0977703,.0964312,.4847486,-1.363976,-2.06e-10,.1672713
.1245113,.2717469,.0307733,.0209962,.0752477,.0758418,-.0291775,.1603519,.018786,-.0142516,.1699256,-.4184048,.1303005,.0564153,.1854576,-.1272343,-.0087349,-.109843,-.0210088,.0067689,-.0046046,-.0006832,.3821245,-.115881,-.4832769,-.0252988,1.379372,-3.987408,.8441844,-1.060252,-.0548589,.0167103,-.0650732,.0976473,.0708591,.0642386,.1116774,.111522,.1044479,.0468451,.0199671,.0586306,.0259629,.0176936,.1028418,.9757156,.0514044,.0341102,.0338886,-.0475602,.0203088,.0747865,.0233597,-.0141279,.1064716,.5331295,-1.515057,5.23e-11,.1676971
.1666931,.1841982,.0503955,.0405423,.0259117,.0441828,-.0611336,.1622766,.0044392,-.0021731,.1819435,0,.1455299,.0105687,.1608807,-.0669681,.0019171,-.1119554,-.0082695,-.0023566,.0006972,-.001094,.1261744,.2817457,.0947607,.1726325,.5666872,-.538123,-.1022795,.1714106,-.0355342,.0694401,.0688904,.2098013,.2732784,-.0004496,.0576353,.1034409,.1315191,.0743289,-.013625,.1152445,-.2713024,.0954079,.0894916,.8456966,.0746171,.0618014,.0974122,-.0728203,.0083025,.0503138,-.0214597,.0619888,.098104,.4715807,-1.449922,-3.98e-11,.1724158
.131461,.1076817,-.0140298,-.0397716,.0184132,-.0289942,-.1658723,.1354447,.0108366,-.0174359,.1136661,-.4532035,.1041547,.0200728,.1361976,-.0172081,.027181,-.0798288,-.0163622,.0039317,-.0000854,-.0008604,.3658805,.0762497,.4067717,-.2961011,1.969819,-5.693651,-.5047849,-.2000312,.0958597,.2161935,.2754928,.4051302,.5091193,-.0242981,-.0261366,.2983179,.084152,.0520187,.0805841,.2350475,.0468096,.0857505,.1127794,1.081535,.0845269,.0902457,.0796584,-.0560117,.0060005,.0176263,-.0679597,.1142285,.0981039,.4754742,-1.816113,-9.66e-11,.1679612
.251304,-.0195718,.030565,.0038408,.0411875,.1525527,-.1102787,.1620957,.0059962,-.0171785,.1810744,0,.0952791,.1268805,.265359,-.0133515,.0234404,-.0444137,-.0183506,-.0063729,.0030897,-.0013416,.3688745,-.5582961,-.3714696,-1.203539,1.592572,-3.660208,.6976817,-2.865508,.0193971,.0870413,.0610164,.1826869,.2179266,.0336101,.1074018,.1470051,.1468961,.0934806,.0922156,.144875,-.2123876,.0805504,.1375945,1.305123,.0862021,.0694984,-.0120051,.045094,.0001441,.0275619,-.0930207,.0788027,.096384,.4922811,-1.883711,1.10e-10,.1645024
.1721237,.1750254,.0067536,.0072165,.0101632,.06223,-.0989936,.1554528,.0097325,-.012463,.1457824,-.4849472,.1069999,.0208455,.1884984,-.0782173,-.0051642,-.1061828,-.0178132,-.0242308,.0055187,-.001326,.3588196,-1.270223,-.2011701,-1.289237,.8992221,-2.330331,.3608885,-2.682721,-.0071828,.0370413,.0576899,.2742384,.3062515,.0523375,.027059,.1478253,.1150036,.0580872,.0747522,.1749529,-.1298001,.0438989,.1097921,1.036677,.0608849,.0429747,-.0184309,.0569858,.0150188,.0418261,-.0208101,.0594375,.1190943,.6140863,-1.641258,9.51e-11,.1681006
.1107715,-.0017947,.0249588,.0203901,.0552037,.154787,-.0957075,.1483911,-.008533,-.0016197,.1707015,0,.2356675,.0157347,.1939199,-.0738858,-.0061682,-.1016071,-.0152458,-.0131063,-.0066469,-.0007831,.3005853,-.2348014,.4156356,-.323905,1.11999,-2.979457,-.5768541,-.2411579,-.0853691,-.0213873,-.0262894,.1272743,.1403246,.0199542,.0528637,.0681275,.0873138,.0628637,.1390384,.038938,-.0590809,.0168559,.1251937,1.180434,.0687831,.0712627,.032495,-.031489,-.0149285,.0360623,-.0452372,.0527515,.1241709,.6420475,-1.762336,2.03e-10,.1672882
.1809427,.0551181,.037035,.0131873,.0255069,.2408263,-.0300395,.1540058,.0184952,-.0113147,.1861233,-.4561847,-.005803,.0328344,.0911604,-.0779619,-.0016072,-.1152668,-.0099467,-.0413002,-.0033531,-.0004781,.1537191,-1.504543,-.2600511,-.4124248,1.280014,-2.70976,.5133498,-1.501144,.1050349,.2817834,.2141223,.3559659,.4197824,.0375052,.0303658,.2877026,.0892436,.0611808,-.002101,.2505664,-.1166065,.0898913,.1429526,1.354351,.065179,.0503733,.0685106,-.045875,.0409985,.0710346,-.0200028,.0386292,.1161389,.5964811,-2.199794,1.69e-11,.1681444
.0914079,.0369634,.020671,.0554953,.0695127,.0762607,.061961,.1548283,.0143864,-.0233052,.1756458,0,.2032039,.0788252,.2858832,-.0820931,-.0156258,-.0768454,-.0195127,-.0088984,-.0025982,-.0009338,.382378,-.6794847,-1.085752,-1.510759,1.265621,-2.721766,1.801869,-4.514918,-.0197415,.0382074,.0483003,.1722758,.2409759,.0401078,.0860888,.0716882,.1324812,.0610263,.0349087,.150562,.0064962,.0629964,.0702657,.6588213,.0855135,.0382907,.0397392,-.0183561,.0010639,.0486318,-.0373819,.0358057,.0865953,.4385033,-1.086856,2.07e-11,.1732639
.1215593,-.0117063,-.0027804,-.0139223,-.0205466,.0671152,-.0719454,.1629062,-.0065436,-.0274918,.1420931,0,.0710242,.0406714,.1758825,-.1018605,.0193933,-.0938191,-.0041003,-.0077475,.0103327,-.0017268,.0408379,-.2381333,.1473855,-1.759711,.8751061,-1.88011,-.1989184,-2.979054,-.0359964,-.0328381,-.0860801,.0817154,.1537443,.0216746,-.0198489,.1021332,.0970693,.048477,-.0507525,.0810066,-.0520633,-.0773287,.1030827,.9826112,.078428,.0294154,.0344835,-.0173425,.0283971,.0581054,-.0029691,.0583656,.0925178,.4658932,-1.294575,3.54e-11,.1681011
.1064486,.0566653,-.0312427,-.034297,-.0150801,.055278,-.0931839,.1548658,.0019114,-.022877,.1279401,-.4771918,.0914222,.042674,.149944,-.0616726,.0159686,-.1301465,-.0153364,-.0308643,-.0083387,-.0005108,.2375881,-1.330522,-.3267041,-1.549572,1.477963,-4.404172,.6059439,-3.326387,.1185589,.1302622,.1072713,.2538836,.310961,.0324002,.0028594,.1549231,.116387,.0679429,.0652847,.187315,-.0542098,.0204442,.1251193,1.205284,.0766886,.0943451,.0159772,.0023851,-.0041709,.0359372,-.0056113,.0550458,.1089473,.5310943,-1.767548,3.54e-10,.1709007
.1323026,.0776471,.0268624,.000182,.0178384,-.1927438,-.0342997,.1873225,.0124051,.0076338,.1444739,-.4242004,.0334727,.0318098,.1520683,-.0587713,-.0082594,-.0407115,-.0222258,-.03034,.0155861,-.0018694,.6059691,-1.611019,.4722325,.1112779,1.463293,-4.452766,-.6685942,.6641818,.1164835,.1725096,.1353523,.274876,.3188677,.0571781,.1033557,.3024676,.0987751,.0654897,-.0370477,.2661769,-.1195804,.0082821,.0886872,.8406514,.0849219,.0620253,.1430851,-.0989585,.0398357,.051087,-.0289289,.0939399,.102898,.4935902,-1.644148,-6.24e-11,.1684143
.1637642,.1316926,-.0565369,-.0223871,-.0395587,.1361311,-.0806417,.1737032,.015585,-.0078976,.095088,-.446358,.1765497,.0280842,.2025576,-.0405046,-.0001136,-.0965141,-.0212434,-.0368152,-.0009167,-.000815,.4417794,-1.696699,-.1844385,-.6536787,1.27528,-3.186145,.3926045,-1.739755,.1302207,.2156687,.1700773,.2889263,.3165449,.0999011,.1431158,.2446489,.0767319,.0357825,.0286954,.3403993,-.0291123,.0411429,.0731448,.7008719,.0827299,.0931349,.0571496,-.0961927,.0138726,.0486314,.0055084,.0386435,.1000153,.5040632,-1.377058,-5.29e-11,.1646058
.1473108,.2195704,.0710516,.0950055,.1205432,.0894393,-.0068738,.174578,-.0078599,-.0345786,.1973567,-.4520741,.1199741,.0072687,.1842472,-.121579,.0207229,-.0787273,-.0223507,-.0088659,-.0028241,-.0006815,.5012156,-.6542301,-.0147775,-1.033049,1.571301,-4.289497,.1319295,-1.87761,.0878759,.0735998,.0981565,.2286046,.2750033,.036187,.0675286,.1909533,.0885851,.042116,.0865877,.2036784,.061977,.0107198,.1164272,1.101813,.0928097,.0485397,.0898493,-.0492304,-.0062959,.0521774,-.0627187,.0709342,.1106981,.5819318,-1.815554,4.20e-10,.1708174
.0943248,.0960207,.0183424,.0175359,.0204585,.1045662,-.0635176,.1798823,-.0093906,-.0231521,.174937,-.4763866,.0673927,.0033741,.0588592,-.123033,.0149925,-.1137071,-.0210748,-.0061914,-.0002006,-.0008629,.4484445,-.6290076,.3491029,-.4047892,1.459174,-3.54257,-.4144139,-.5114052,.0017554,.0049108,-.0154013,.0813608,.1282905,.0489081,.1100781,.0899855,.0798027,.0208022,.051635,.099383,-.0249818,.0179643,.0875415,.8575352,.0896544,.0057575,-.0529617,.0661461,.0139683,.0678476,-.0055753,.1142666,.1288006,.6282103,-1.547641,-1.77e-11,.1703937
.2296799,.1334714,-.0171332,.0067615,.0313845,-.009717,-.0551938,.1640904,.0201282,-.0251373,.1293781,0,.1754802,.1022957,.2746986,-.077204,.015241,-.0896157,-.0263889,.0189746,-.0085471,-.0004676,.617594,.236328,.2753752,-1.312178,2.051577,-6.628124,-.3739035,-2.090772,.1232623,.1930326,.2231985,.3442712,.3593106,.0602686,.1157288,.3555212,.1455946,.0859834,.1066914,.2973315,-.0730297,.1207654,.1132293,1.050175,.105297,.0331849,-.0015933,.0429281,-.0130127,-.0004322,-.0801494,.0774605,.0995004,.4835189,-1.761872,-2.32e-10,.165079
.1645065,.0323853,-.0170164,-.0187071,.0247972,.0723647,-.0830156,.1813523,.0150313,-.0173283,.1399895,-.4517081,.1230896,.0028625,.1623658,-.1159053,.0003892,-.1028443,-.0183507,-.0173124,-.0042286,-.0008964,.31705,-1.004248,-.4640236,-.8947742,1.695717,-4.445166,.8444862,-2.497617,-.1180249,-.0130104,-.0673199,.0575355,.1048906,.0796303,.1376812,.0276853,.1237414,.068571,.1246968,-.0056331,.0519627,.1340232,.093058,.8523836,.0798832,.0607074,.0885066,-.101846,.0042586,.0288213,-.0282801,.0131147,.1204881,.6107296,-1.415582,1.70e-11,.167963
.1943678,.0617733,.0118856,.0384693,.0261873,.0793474,-.1042767,.1411725,-.0076856,-.0253009,.1284577,-.396219,.2013545,.0312347,.2252853,-.0911079,.0113326,-.0714297,-.0175457,-.0146671,-.0042954,-.0007139,.2733493,-.7296751,-.672736,-.9896984,1.744264,-4.393519,1.186418,-2.977904,.099942,.069187,.0694681,.132647,.1698306,.0450347,.1577381,.2652216,.1125465,.0593843,.0764008,.2864852,-.1895292,-.0281293,.1177378,1.111006,.0822001,.0032598,.0596729,-.037644,.0234385,.0283398,-.0596956,.0916112,.0876797,.4236291,-1.603372,1.05e-10,.1698855
.1361422,.1416592,.0179799,-.0296929,.0050065,.0275395,-.1820456,.1665957,.0052907,.0031449,.1569186,-.4488074,.1342205,.0131521,.2179426,-.0385092,.017747,-.1167055,-.0125967,.0025807,.0012116,-.0010183,.2664134,-.1468305,.2566877,-.7218439,1.655236,-4.400085,-.2839895,-1.203361,.0791476,.1655315,.1073218,.2165405,.1996471,.0797493,.1619719,.2321663,.1014872,.0568876,.018036,.2228604,-.1888181,.0501072,.1015644,.966162,.0933437,.0617985,.0878843,-.0659414,.0395661,.0586235,-.0175427,.0689916,.0834505,.4118558,-1.586808,-1.91e-10,.1706446
.12307,.1464204,-.0098205,-.0103356,.0108001,.0928553,-.0437222,.1556677,.0167258,-.0287532,.1269274,-.4132011,.169855,.0540261,.2613038,-.062541,.0074305,-.0817584,-.0278779,-.0121048,-.001756,-.0011334,.599434,-1.069025,-.7748054,-.5473914,1.640876,-4.844032,1.284456,-2.387938,-.0438569,-.0045239,-.0782456,.0448002,.0079391,.0747886,.1432656,.0721497,.1263546,.0693023,.0661699,.0979256,-.2882742,.0125595,.1266271,1.18934,.064144,.0930871,.0927387,-.1113158,.0016663,.0786316,-.0436306,.0475675,.0980627,.5086107,-1.6439,5.50e-11,.1670079
.1684816,.1275263,.0265328,.0335419,.0193249,.1627438,-.0445792,.1443247,.000105,-.0288883,.1682157,-.4548826,.1705756,.0439932,.1567739,-.0622356,.0074941,-.0847999,-.0201174,-.0369785,-.0054424,-.00081,.396738,-1.640375,-.0072335,-1.146787,1.168933,-3.405878,.077387,-2.116015,.2500992,.3734137,.2722309,.4078552,.4159767,.0475561,.1015442,.398903,.1391026,.0807512,-.064497,.3451672,-.2187066,.0971666,.0774598,.731392,.0680558,.0161686,.0375525,-.0489596,-.0017119,.0462401,-.038356,.0788238,.1044428,.5399714,-1.480081,-4.60e-10,.1768965
.1177891,.1687862,.0166157,.0399287,.0643379,-.014987,-.0216239,.2104944,-.0051991,-.0155073,.1819647,-.4612308,.0856624,.0264045,.1475435,-.1594626,.015836,-.0581852,-.0197064,-.0540843,.0014375,-.0009634,.4709765,-2.251308,.3363926,-.3272509,1.556759,-3.950732,-.4215095,-.370567,.0805735,.1090188,.1017476,.2725077,.2830988,.0116827,.0333378,.2523925,.1105951,.0602374,-.0043558,.1524384,.1077949,.0242611,.1130757,1.081547,.0767295,.0842544,.096901,-.0643781,.0235618,.0684526,-.0236983,.027843,.1238683,.6280308,-1.896415,-2.88e-10,.1702747
.0745702,.0112127,.0062448,.0442877,.0488194,.0200689,-.0498839,.1519702,-.0165767,-.0153896,.1367122,-.4207093,.276315,.1215075,.3231326,-.07549,.0143955,-.0667645,-.0238284,-.0546568,-.0080133,-.0006465,.4550211,-2.186069,.2649335,.2680526,1.293007,-3.587335,-.255968,.453153,-.0765647,-.1435067,-.1880583,-.0745769,-.0106034,.0510297,.0803192,.004858,.0787058,.0257081,-.0730877,-.0222846,.0003915,-.0745814,.1219481,1.148294,.0775335,.0524654,.0304997,-.0830346,.0337632,.0830507,.0017347,.0301634,.1127822,.563181,-1.55399,-4.50e-11,.1714746
.0038919,.0198679,-.048223,-.067351,-.0277629,-.0343608,-.1866345,.1421302,.0255807,-.0088065,.0854701,-.4951761,.183956,.0529615,.2387676,-.0944637,-.0009731,-.1368198,-.0119059,.0098473,.0061178,-.0015848,.2284235,.6062618,-.5178829,-.7988343,1.699721,-5.187982,.929122,-2.634266,.0010156,.0644514,.0699554,.2115554,.2442398,.0498059,.0636746,.1393381,.0962194,.0272556,.0941607,.1326238,-.0351124,.0714664,.0919521,.8678612,.089272,.0509209,.0796075,-.0677111,.0001854,.0389628,-.0280671,.0353081,.1194266,.6102763,-1.523451,2.77e-10,.1693163
.0853115,.0324542,-.0277498,-.0411279,-.0479963,.0556954,-.1328517,.1374589,.043369,-.0001151,.0958955,0,.1268724,.0757722,.2137907,-.0978406,-.0074725,-.0922299,-.0236314,-.026295,.001705,-.0009046,.577918,-1.470767,-.1582245,-1.464221,1.596801,-5.611245,.2878377,-3.065009,-.0262489,-.0261765,-.1161407,.0024116,.0418458,.0547582,.1096187,.1209216,.1519454,.09635,.1280575,.0908227,-.0321843,-.0312876,.1048921,1.005796,.0760067,.0199408,-.0021427,.0095994,.0326881,.0487607,.0054446,.0071763,.1129548,.5803894,-1.425252,-1.50e-10,.1705097
.2298052,-.0192815,.013047,-.003975,.0495757,.1262636,-.1484431,.2191718,-.0187749,-.012896,.1871687,-.4754214,.1151715,.024837,.2209153,-.0896311,.0252744,-.1424295,-.0193363,.0162784,.0063695,-.0013447,.4357496,.1402516,-.7451714,.1527175,1.574364,-3.715264,1.280641,-1.230576,.0160726,.0971966,.0690601,.158111,.2494792,.0642424,.1031478,.1924828,.1266406,.0539266,.0906276,.1725635,-.147912,.0554758,.1285122,1.218205,.0836332,-.0195529,.0461578,-.0720676,.0161775,.0638692,-.0111559,.0134058,.0862238,.4158455,-1.893787,-2.74e-10,.164664
.1678965,.1050279,.0132111,-.0057235,.0180563,.0532823,-.084223,.1734155,.0100039,-.0098272,.1614491,-.4577346,.1142282,-.0027403,.2037017,-.0953564,.0151657,-.1234735,-.01636,.0052473,-.0035679,-.0006754,.2965016,-.03168,.0049259,-.641115,1.120985,-2.940797,.0763192,-1.42745,.1110403,.1110997,.1022718,.2452484,.287968,.0145493,.0698984,.1936779,.1360179,.0801162,.0785827,.2200931,-.0798792,.0551969,.1270613,1.211382,.0664036,-.0082057,-.0364778,.0171061,.0330589,.0833874,.0354782,.0199252,.116942,.5909101,-1.932554,-1.71e-10,.1696226
.182695,.3519857,.0500891,.0431947,.1274434,.1718193,.0504002,.1962458,-.0050186,-.0225666,.218979,-.4681538,.1021588,.0432148,.1620099,-.1278295,.0199926,-.1295019,-.009206,-.0120542,-.0116911,-.0003236,.1054435,-.5106326,.4724487,-1.981226,1.293633,-2.971086,-.6524905,-2.779024,.1672224,.2283682,.2226647,.40408,.4544361,.054688,.040963,.3623644,.1066615,.0423396,-.012029,.3145593,-.1491475,.0580274,.0924309,.8704104,.0654652,.1113605,.1174757,-.1193231,.0152845,.0472407,-.0233383,.0554151,.0857667,.4107405,-1.43526,-4.91e-12,.1679599
.1590662,.0599845,-.02806,-.0425282,.006711,-.1011115,-.0935881,.1907723,.0034402,.0020774,.1412982,-.429101,.1154679,-.0044803,.1777701,-.0494706,-.0032905,-.0960197,-.018668,.0053809,.0002784,-.0009058,.3496357,-.1527486,-.4435964,-1.63158,1.551553,-4.233839,.809231,-3.759383,.0002366,-.0041972,-.0765508,.0701287,.0692391,.0598797,.0724954,.1432888,.124145,.087798,.0181521,.0806335,-.1041277,-.0215339,.1186833,1.104786,.0698511,.083251,.0594961,-.0741379,.015586,.070128,-.0130203,.0680397,.1115608,.5642771,-1.572066,1.96e-10,.1669824
.1927874,.1367457,.0180239,.0439464,.084373,.1781385,-.0604491,.1718255,-.0335422,-.0151027,.1879597,-.5042372,.1641617,.0333467,.1878705,-.0714251,.0212535,-.0979889,-.0110617,-.0486731,.0004511,-.0008736,.2698897,0,-1.061948,1.10208,1.4627,-3.487688,1.788773,-.2259736,.3728913,.4044234,.4038855,.5256917,.5570225,.0030317,.0519526,.4614662,.0993998,.0303028,-.0683486,.5116646,.1303116,-.0121889,.1187663,1.149373,.0764983,.0446397,.0556145,-.0248218,-.004227,.048496,-.0476494,.0811559,.0919449,.4487185,-2.096273,2.04e-10,.1667145
-.0011845,.0396738,.0305891,.0281179,-.020824,-.0503798,-.0200687,.165658,.0136738,-.0110361,.1339315,0,.0612208,.0670077,.2228168,-.11097,-.0166611,-.0742365,-.01612,.0055078,.0003933,-.001202,.3528463,-.2716041,-.0740122,-.581422,1.784461,-4.982773,.2266817,-1.405432,.0926221,.0662623,-.0208793,.1222785,.1692861,.1022486,.1098289,.2374358,.1212747,.0711698,-.0438535,.2511568,-.1971063,-.0370313,.0885563,.8507186,.0951592,.0756372,.0604945,-.037907,.0325367,.0391221,-.0397769,.1105401,.0818402,.4052656,-1.357525,-2.84e-10,.1683642
.13667,.1013506,.0283402,.0208073,.0687371,.067698,.0262077,.1796846,.0260121,-.0328984,.1729813,0,.1258853,.0316988,.1411156,-.1196229,-.0100196,-.1312263,-.0119284,.0135776,-.0027335,-.0007329,.2026467,.3122545,-.4550066,-1.392461,1.186925,-2.741834,.7741072,-3.334172,-.0065165,-.0936078,-.052636,.1032526,.1545847,.0187933,.0251133,.1016605,.105298,.0308515,-.0754273,.0968603,.0410677,-.0643951,.0962486,.8877392,.0779954,.0703122,.1495338,-.1756092,-.0094059,.0285259,-.0281816,.0596455,.1214694,.6297275,-1.328507,1.52e-10,.1716833
.1044203,.1590987,-.0365473,-.0030559,-.0154102,-.0213213,-.1453226,.1410117,.0244491,-.0280674,.103379,0,.1877558,.0341653,.2090254,-.0947546,.015507,-.1622355,-.0188671,-.008551,-.009833,-.000483,.3359529,-.5565206,.022977,-.4135377,1.13273,-2.585688,.0646049,-.9739447,.1755296,.3271463,.2941678,.3826916,.4287523,.0881314,.1075582,.371583,.0887458,.0213158,.0720123,.3644745,-.0367918,.0747095,.1243994,1.182893,.1138389,-.0646191,-.0159173,.0579289,-.0117493,.0204771,-.0511287,.0143275,.0958921,.4723381,-1.840332,5.87e-11,.1726373
.0976536,.1446465,-.0105966,-.0086167,.0072304,.0139761,-.0889497,.2139395,-.0124647,-.0141613,.1812279,-.5143418,.013173,.0453533,.082406,-.1260752,.0136621,-.1520204,-.0244084,.0092699,.004403,-.001343,.5492373,-.0316441,.1301748,-.8138369,1.478268,-3.85797,-.0974942,-1.608265,.1646322,.08393,.0886599,.2067672,.2584494,.0209049,.1085134,.2453045,.1585316,.0934788,-.0100072,.2444259,-.0023628,.0155663,.0922341,.8779037,.0721693,.0227545,-.0254812,.0138457,.0279786,.046823,.0201587,.0061656,.1351651,.683844,-1.729163,2.33e-10,.1647648
-.0137544,.219947,-.0292855,.0214622,.0562872,.0099146,-.1620863,.2152378,-.019679,-.0080384,.1687978,-.5368968,.2589118,.0694683,.2951021,-.1186074,.0207818,-.0975707,-.0223891,-.0111268,-.0047752,-.0008185,.4957017,-.3874354,-1.283485,-1.86627,1.975989,-5.05303,2.134803,-5.558286,.0475595,.0452084,.087186,.1736675,.1996939,.0920037,.1319945,.2536288,.1212027,.0300191,.1191042,.2503617,.1239101,-.0401932,.0928813,.8919612,.062986,.1199898,.0412625,-.0221864,-.0117147,.0278309,-.0512041,.0705256,.1086159,.578112,-1.518306,2.75e-10,.1695573
.1924254,.176487,.0227738,.012451,.0529457,.2128313,-.0797599,.1670717,.0216494,-.0165393,.1569823,0,.2279405,.0141479,.2633609,-.1092854,.0106517,-.1014188,-.0103909,-.0187137,-.0071089,-.0005588,.1559736,-.7960975,.1027405,-1.182332,1.235322,-2.528953,-.1027466,-2.11211,-.0065668,.0723913,.0121822,.1108052,.1500783,.0937044,.170673,.1441109,.0859645,.0156424,-.0897812,.16044,.0347422,-.0021375,.1013381,.9567144,.0764764,.0855425,.141692,-.1228547,.0141969,.0556442,-.0153358,.0094719,.0982341,.5023722,-1.460727,1.56e-10,.1662361
.1304868,-.0418382,-.000251,-.0370611,-.0682226,-.0847157,-.0946393,.1972774,.0166581,-.0078087,.1399158,0,.0834871,.0429532,.1025003,-.0745258,.0075184,-.1007406,-.0172369,-.0434241,.0125456,-.001708,.4373614,-1.810753,-.3382083,-1.203318,1.206789,-3.500589,.5659159,-2.767068,-.043717,.0199298,.0034575,.1137117,.1856349,.0351916,.0917952,.0954971,.1203558,.0441177,-.0044233,.1160054,-.2497542,.0490075,.0891731,.8632708,.0599431,.0616102,.0388307,-.086915,.0005405,.0468197,-.0216691,.0317743,.1056472,.5313133,-1.37755,-4.54e-11,.166654
.1147835,.0430345,.0037972,-.0275205,-.0666391,.0421271,-.0937162,.1128683,.0337294,-.0149521,.1077627,0,.1941153,.0003006,.2074429,-.0077431,.0108099,-.1495799,-.0103853,.0135384,-.0099969,-.0006901,.1621051,.125771,-.544364,-.4755131,.9240311,-1.8859,.9355313,-1.870217,-.0067345,.059586,.0536293,.1948002,.2336519,-.0104277,.0474717,.1640555,.0979655,.0463487,.0463745,.0798029,.0004673,.0344943,.101909,.970757,.0587246,.0167715,.0159435,-.0325884,.0260469,.0549531,-.000708,.005886,.1041655,.5393819,-1.413302,-1.71e-10,.1727572
.1760045,.1629119,-.0049388,.0186102,.0547092,.0488158,-.1165186,.1828068,-.0084091,-.0123482,.1661537,-.4815593,.2205253,.0182449,.1306227,-.0750199,.0070277,-.1057795,-.0034299,-.0186426,.0001482,-.0012541,-.0012771,-.5540437,-.4742054,-.2656804,1.43987,-4.047455,.8239513,-1.461338,.1411714,.1486225,.1440852,.275183,.3279057,.0614429,.0974755,.2502475,.1413053,.0829918,.0388548,.2563789,-.1560068,.0832076,.0786371,.7475966,.0789743,.0528186,.0396113,-.0502184,-.012286,.0329052,-.0483111,.0790631,.088138,.4475529,-1.395837,-5.88e-11,.1650554
.1871967,.2862473,.0690068,.1038319,.144541,.1335634,.1159027,.1753071,.0156597,-.0371055,.1701198,-.4564255,-.029144,.0035868,.1567496,-.1270688,-.0099367,-.1027708,-.0202001,-.018494,-.0002145,-.0011734,.5063685,-1.326625,-1.076453,-1.278092,2.248655,-5.690002,1.860777,-4.17456,-.1373587,-.0683603,-.1133537,.0326813,.1285373,.0633176,.0525732,.0029232,.0861393,.0242549,-.0095905,.0726393,.0712015,-.0331836,.096128,.8973056,.0903368,.0591404,.0324793,-.038259,.0123947,.0438323,-.0680706,.1037973,.1106072,.542703,-1.388938,-1.10e-10,.1657734
.1592602,.1178229,.0354223,.0155473,.0237936,.1537462,-.0640822,.1381107,-.001498,-.0234236,.1551662,0,-.0133879,-.065001,-.0261022,-.0015525,.0141763,-.0492047,-.0206112,-.0091757,-.0112215,-.0002485,.465312,-.8204439,-.4280363,-.2753914,1.400493,-3.342931,.7538541,-1.333297,.2425572,.3093339,.3015214,.4122529,.4685377,.0378494,.0482955,.4870789,.1505096,.0625584,.0887801,.3946985,.1258842,.0257886,.0756351,.7205352,.0681323,.1461812,.1435441,-.1618958,-.0008204,.0718404,.0022364,-.0140744,.1276909,.6531643,-1.714655,1.62e-10,.1673328
.0916491,.1828632,.01187,.0147726,.0227042,.2537076,-.0780773,.1530947,-.002041,-.0184868,.1562739,-.4350682,.1335866,.0189717,.1710758,-.049413,.0188345,-.0339821,-.0279829,.0100489,.0026169,-.0007398,.6880577,.0483611,.6228852,-.512092,1.329821,-3.159437,-.8871087,-.2386603,.1947458,.2690041,.2359208,.3535761,.3867238,.0546711,.1614757,.3349705,.1084384,.0467715,-.0786885,.3075126,.0645077,.0434497,.1097317,1.03692,.0968201,.022328,.0455061,-.0390338,.0100646,.0393903,.0045924,.0286275,.1099689,.5608575,-1.937937,3.67e-11,.167115
.211809,.0229276,-.014299,-.0204359,-.0120993,-.0163967,-.0667123,.2130206,.0181425,-.0073551,.1843421,-.525589,.1078861,.0015935,.1627371,-.1171789,.0031781,-.1185394,-.0278841,.0040662,-.0062731,-.0005785,.6359662,-.410548,-.686359,-.8558768,1.365185,-3.422823,1.139665,-2.761769,-.0136396,.0771324,-.0013636,.1192543,.2038516,.0410225,.0761078,.1467458,.1076106,.0518053,.0259686,.1063624,-.0952995,.0375018,.1087474,1.009805,.0817194,.0304576,.0028373,.0151128,.0322163,.0351889,.006821,.0303012,.1022975,.536886,-1.534917,1.11e-10,.1701542
.0718618,.0721793,.0011006,-.001913,-.0342639,-.0699853,-.0271793,.1217844,.0266618,-.0289913,.0884081,0,.1913936,.0622899,.2578263,-.0182511,.0217011,-.0572641,-.0136212,-.0074166,-.0037216,-.000906,.2715217,-.5340685,.0684389,.3264659,1.55782,-4.219698,.0016897,.3640714,-.1914174,-.1551277,-.1604343,-.0164594,-.0276121,.0494365,.0743197,-.040936,.1147599,.042963,.1604333,-.0874874,.001061,.0262683,.1172585,1.096922,.0942438,.0273646,.1200908,-.0802307,-.0186916,.0372379,-.0311559,.0289479,.1250565,.6496959,-1.618099,3.42e-10,.1691238
.1715338,.2476157,-.0238975,-.0130365,.0005959,-.08892,-.1765518,.2170888,.0181094,-.0015673,.1803892,-.5028864,.0602608,.0039181,.1040077,-.119728,.0222417,-.1290983,-.0129567,-.0376926,.0079754,-.0012475,.2869042,-1.596214,-.167083,-.2864955,1.015251,-2.010756,.3887159,-1.092165,-.081009,-.1203083,-.1463295,-.0279878,.0659634,.0350309,.0849462,.0513294,.0941546,.0376645,.0622341,.0019642,-.0337741,-.0829799,.1082402,1.023858,.0630563,.1242934,.047736,-.0365603,-.004542,.0460056,-.0521094,.1046957,.1138299,.5784264,-1.474693,-3.52e-12,.1620951
.0088107,.140638,-.0176453,.0275876,.0411775,.0848837,-.0241415,.1670465,-.0018306,-.0163103,.1302046,-.5170453,.115214,.0298276,.2323838,-.1409653,-.0223417,-.1535704,-.0126853,-.012484,.0022485,-.0012747,.2838189,-.5344089,-.6002741,-.5982164,1.446925,-3.918748,1.058325,-2.274418,-.0410227,-.0855204,-.0821163,.0354528,.0903097,.0604056,.0260544,.0991722,.0636804,-.026786,.0338509,.0982013,-.0049485,-.059963,.1381876,1.284131,.1097029,.019888,.0061428,.0431193,.0131606,.0502368,-.0336756,.0656369,.1048999,.5198549,-1.701839,-6.74e-11,.1693311
.1391926,-.0075391,.0078352,-.0302328,.0069368,-.1314706,-.1012568,.1273114,.036671,-.0171996,.1117416,-.45314,.192283,.0848631,.2146404,-.0517,.0036495,-.0871312,-.0228544,-.0051802,-.0102646,-.000471,.4689721,-.4382254,.3572755,-1.432224,1.536317,-4.481104,-.4328466,-2.169932,.2107107,.2002757,.1794535,.3437884,.3947293,.0319997,.0512045,.3310651,.1098674,.0498219,-.0274509,.3505589,-.0256029,-.0442602,.0865226,.8322776,.049391,.0577439,.0783903,-.1069614,-.0146879,.0419723,-.0469822,.0618527,.1081631,.5419524,-1.448565,1.40e-10,.1676313
.1850146,.1034451,.0143168,.031875,.0460586,.0918824,-.136472,.150592,-.0109367,-.0245642,.1036959,0,.1058504,.0643377,.2384641,-.0664627,.024352,-.0209343,-.0262913,-.0189944,-.000486,-.0009322,.5505037,-1.192822,.1161961,.7692364,1.757842,-5.076437,-.0838513,1.422839,.2110947,.1497589,.0830172,.2067683,.2699398,.0724982,.0659175,.3678873,.1118628,.0529976,.1177811,.3624461,-.1675186,-.0929345,.1143603,1.085821,.0916317,.0191565,.0881048,-.053204,.0122385,.0689341,-.0389537,.0723275,.0848744,.422168,-1.709691,3.54e-11,.1681775
.1841975,.0724557,.0121048,.0259661,.0325985,-.1344338,-.0829761,.2346637,-.0023512,-.0039885,.1881894,0,-.0137857,.0302856,.1465862,-.1484246,.0135087,-.1480623,-.0279612,-.0076507,-.0010785,-.0007813,.698572,-.9866776,-.5778335,-.5220773,1.904731,-5.21209,1.028974,-2.13128,-.206363,-.1806379,-.1618403,-.0112102,.0126205,.0204784,.0461138,-.0548907,.1207133,.0486257,.1012539,-.09282,.1560353,.0550154,.1286345,1.214582,.086306,.0752263,.2154858,-.1882293,.0196028,.0656086,.0077646,.0394168,.1282658,.6410141,-1.820971,3.28e-10,.165825
.0865429,-.1117091,-.0927942,-.1392495,-.1224766,.2045739,-.2732399,.1417716,.0459121,.0066783,.0829955,-.4963439,.0698557,.0485796,.0957732,-.0649416,-.0056098,-.1684924,-.0164094,-.0263786,-.0014493,-.0008813,.2818944,-.7618186,.2407285,-2.233591,1.774021,-4.766039,-.241088,-3.724658,.1957153,.374668,.3084452,.4119903,.5127752,.0324369,.0651394,.3467626,.0878407,.0258347,.0850199,.347498,-.1026896,.0987153,.0925083,.9019561,.0847316,.0463104,.1386412,-.1321017,.0097527,.0563909,-.0344774,.0575519,.0970201,.4899743,-1.557473,-1.05e-10,.1701542
.237598,.2238578,.0193838,.036655,.0676722,.0796663,-.1155938,.1392824,-.0084318,-.0255854,.1365526,-.4306572,.1671344,.0846674,.2553173,-.046752,.0198471,-.0577947,-.0229445,-.0262717,-7.97e-06,-.0008161,.5152501,-1.448643,-1.605325,.6720569,1.519393,-4.738157,2.64557,-1.767999,.0813825,.1494137,.1463396,.3378811,.3586381,.0431941,.0606252,.2719567,.0993226,.0395248,.0039894,.2004531,.0342335,.0296172,.1040112,.9826661,.0682805,.1177786,.0285674,-.0631279,-.0110796,.0527427,-.0195707,.0718637,.0932171,.4754782,-1.67153,2.33e-10,.1682125
.0855318,.1241138,-.0231219,-.0120635,-.0196276,-.1421238,-.0603448,.1483227,.0253656,-.0191817,.1108991,-.4468383,.0914324,.0226846,.2132926,-.0998992,-.0035574,-.1414657,-.0165487,-.030025,-.0025536,-.0008789,.2910887,-1.307428,.1124631,1.011794,.9339278,-2.035074,-.1208693,1.556821,-.1011679,-.0352765,-.0749123,.0688334,.1324963,.0389152,.0348278,.060765,.0852889,.0708595,-.0355504,.0528448,-.0303225,.0236166,.1224095,1.144637,.0618813,.0645235,-.0420999,.0438828,.0044668,.0416621,-.0454403,.1140951,.1262001,.6399139,-1.723512,8.31e-11,.171004
.2790247,.2601019,.0324134,-.0318967,.0277768,-.0862706,-.0814551,.1325465,.0039174,-.0202579,.1314457,-.4172984,.191461,.0357226,.2379365,-.0212116,.0083459,-.0430977,-.0243003,-.041828,-.0025244,-.0009811,.5103859,-1.460394,-.6687723,-3.451096,1.405586,-4.063987,1.151444,-7.158935,-.1023272,.0327567,.0316298,.1294692,.1615077,.0347965,.111272,.0381442,.0881322,.0482976,-.1074221,.0382056,-.0211969,.1098714,.0830416,.8001752,.0474614,.0889285,.0464179,-.0612453,.0137095,.058041,-.0273104,.0713269,.1357692,.7024903,-1.402275,1.89e-10,.1702989
.079952,.1678261,-.0469699,-.0484292,-.0298605,-.1775724,-.0158477,.1475827,.0261903,-.018621,.0661947,-.4319675,.0265798,.0590667,.1449845,-.0681507,-.0025342,-.0960436,-.022079,-.0147443,.0025882,-.0009807,.5151066,-.5719029,-.2253078,-.6250888,2.214313,-6.36673,.513983,-1.7357,-.0101624,-.0313433,-.0173467,.105052,.2113546,.0198164,.0204663,.1067418,.1005836,.0382202,.0978894,.1597345,-.1287878,-.0409849,.1001937,.9522967,.0846866,.0664898,.0199502,-.0151529,.015628,.0496759,-.0403406,.0624454,.1150483,.5665408,-1.480346,2.62e-10,.1668198
.151252,-.0644238,-.0113925,-.054375,-.0387149,.0388467,-.0531775,.0823919,.0482642,-.0216772,.0538397,-.3670821,.137243,.0130541,.1631766,-.0368099,-.0142383,-.1527838,-.0026404,-.0096165,.0006049,-.0008566,-.0406213,-.3595807,-.895179,-.9582522,.9293168,-2.934601,1.483286,-3.338464,-.0554402,-.069621,-.1352572,-.0174519,.0148682,.0574481,.0712121,.0822677,.1113046,.0804529,.1210572,.0531148,.1244319,-.0388066,.1436282,1.356542,.080748,.0730188,.0866464,-.1120375,.0040234,.060121,.0123922,.0350245,.1109067,.5356801,-1.640992,8.03e-11,.1682507
.1288589,-.0466951,-.0126931,-.0138083,.01544,.0827606,-.0717194,.1036468,.014489,-.0099028,.0906843,0,.3226258,.0263935,.3951586,-.032713,-.0061319,-.0913281,-.0027656,-.0464186,.0112516,-.0017648,.0188642,-1.637601,.0331353,-.2680632,1.099885,-2.647833,.0270635,-.6988428,.0537187,.1600139,.0953681,.1906112,.2241577,.094411,.1456879,.1972853,.1178122,.0686335,.0765499,.2808023,-.0100411,.0286069,.1479451,1.409591,.0692943,.0012075,.0291542,-.0490086,-.0038614,.0622694,-.0497161,.0805017,.0984276,.4891372,-2.006635,-1.78e-10,.1715198
.0476111,.166708,-.0092638,.0319871,.0584156,.0923944,-.0047881,.1398821,.0029307,-.0430645,.1177928,-.4417115,.057131,.0511257,.1516297,-.1195623,.0195428,-.0994143,-.0277176,-.0597708,-.0123311,-.0002087,.6559023,0,.3426866,.3451347,1.58985,-3.802926,-.4259164,.84181,.0848348,.0352172,.0612267,.1979476,.2771834,.0136684,.0467819,.2472265,.0911792,.0504842,.0855163,.1834605,-.1032073,-.0220702,.1230227,1.146094,.0921729,.1073166,.2123525,-.2025346,-.0117106,.0595181,-.0485617,.0736079,.0997669,.4969251,-1.714157,9.62e-11,.1678582
.0963148,.0031373,-.0393896,-.0757308,-.0283812,-.1583671,-.0844452,.1480934,.0398935,-.0146727,.1294533,-.4979633,.1050885,.0157023,.1091363,-.1046279,-.0013647,-.1597473,-.0121532,.0047337,-.0002599,-.0009634,.2001372,-.0461819,.0171136,-.5218207,1.030342,-1.699633,.0426624,-1.127215,.1119472,.1035835,.0821888,.2265927,.287383,.0686627,.1065611,.272026,.1242084,.0842123,-.0532928,.3027205,-.0623527,.0267519,.1096123,1.052511,.0696494,.0555811,.0406768,-.0235431,.0001335,.0684677,-.0200228,-.0140531,.0929889,.4891705,-1.611581,-1.11e-10,.1665412
.044133,.0506733,-.040235,.0041804,.0201482,.0315808,-.1939162,.2012823,.0009474,.0187048,.173159,-.5389274,.132195,.0131768,.1978318,-.0997347,-.0040631,-.1229974,-.03734,.002649,.0011769,-.0010503,.9439268,-.8357645,-.0236367,-.3826971,1.059432,-2.693565,.093996,-1.009353,.0843763,.0542629,.0013456,.0702156,.1260734,.0843056,.119079,.2038992,.0948183,.0431326,.0634317,.2004714,-.0489022,-.0550602,.0953606,.9048027,.0740796,.0892852,.0602084,-.0563685,-.020916,.0460742,-.061009,.0761593,.1396081,.7140432,-1.636562,1.65e-10,.1712791
.1652395,.1980023,-.0012259,-.0174008,.0087216,-.1249258,-.1357276,.1884467,.0072635,-.0131968,.141071,0,.1186046,.0516951,.1867998,-.0866126,.0312333,-.0979792,-.020628,.0166303,-.0030855,-.0008587,.4368719,.390231,-1.03584,-.9805347,1.958751,-4.71997,1.755351,-3.624732,.0366219,.0106253,.0024891,.1695453,.1712783,.0277,.1032138,.1356615,.119541,.0566053,.017356,.1811716,-.1137983,-.0267895,.1094466,1.035277,.0876696,-.0126086,-.0494408,.0476012,.0065679,.0524561,-.0138018,.047751,.091247,.4545198,-1.520053,2.81e-12,.1663889
.0489552,.1170314,-.0082752,-.0368909,-.0060933,-.0331948,-.0815818,.172947,.0250299,.0040865,.1472668,-.5018152,.1014183,.0439331,.217003,-.0875191,-.007697,-.0940133,-.0315583,.0087625,-.0013287,-.0010054,.6948324,-.030014,.1614644,-1.283121,1.643533,-4.750242,-.1219542,-2.262492,-.0734862,-.0584477,-.0778043,.0348426,.1548355,.0429255,.0430684,.0260163,.0892548,.0348727,.0039403,.0533308,.0559297,-.0014788,.1004865,.9221091,.0824379,.0180373,.0399959,-.0223847,.0330987,.0500432,-.0101346,.0109958,.0863818,.4237477,-1.201038,-2.67e-10,.1743083
.1671053,.1220082,.0157965,-.0008541,.0316954,-.0381094,-.1165114,.1469975,.0001882,-.0253978,.1867683,-.5202478,.2033415,.0997511,.2267394,-.0332832,.024463,-.0807395,-.028296,-.0290129,.013622,-.0019489,.6371678,-1.650017,-1.192014,.3613029,1.375061,-3.369115,1.971057,-1.622627,-.0145168,-.0208145,-.0233123,.096939,.1143697,.0686219,.0942807,.1209594,.1524616,.0744226,.0213354,.1022392,.0128045,.0667117,.119822,1.148962,.0954036,.0805902,.1525162,-.0924072,-.0164349,.0506234,-.0479583,.0246852,.096462,.4562379,-1.750787,5.21e-11,.1730417
.0972268,.2297163,.0003176,.0318995,.0679054,-.0356197,-.0389104,.1775806,.0010887,-.0152778,.1361196,0,.1042097,.0346587,.1711031,-.096385,.015241,-.0912363,-.0161783,-.0433075,.0019818,-.0014319,.3474955,-1.746561,.7548319,.0366734,1.270212,-3.97175,-1.118969,.9514193,.0812825,.1452762,.0955678,.2379689,.2473785,.0705977,.0773541,.2076682,.0804039,.0416559,.1271926,.1937227,-.0720233,.0112725,.1264102,1.18153,.0789532,.0195111,.0538588,-.0309682,.0168457,.0364116,-.0198042,.1167714,.1077348,.5251819,-1.841136,-2.34e-10,.1709327
.130418,.0969388,.0376947,.0535783,.0699103,.0091286,-.0138377,.137581,-.0115163,-.0426283,.1475327,-.4520098,.0820951,.0653704,.2116564,-.1076961,.0262782,-.0512075,-.0260224,.005463,.0070282,-.001269,.6853634,-.5453365,-.0054056,-.9842761,1.696387,-4.71018,.1279887,-1.961423,.2257299,.161306,.2178933,.3635006,.433635,.0272431,.0142282,.3710741,.1159142,.0302533,.1119229,.3029374,.0439054,-.0398238,.075135,.7104971,.0701156,.1107654,.0443639,-.0148231,.0002269,.0404796,-.0278784,.0551994,.1215827,.6128863,-1.603008,1.88e-10,.1661855
.1859577,.0413761,.0053363,.005514,.0189997,.0100834,-.0336333,.1763386,.0060087,-.0067177,.2038348,-.4799012,.2114572,.0686317,.2710615,-.0874881,-.0041634,-.1192411,-.0055758,-.0238065,.0038083,-.0012221,.0760313,-.9862934,-.657715,-1.117385,.8810797,-2.245182,1.060453,-3.143074,.0944941,.1316939,.0520766,.2109907,.2212321,.0499499,.0901975,.2665714,.0840031,.0482595,.0298843,.2435288,-.0058151,-.0416487,.149923,1.39538,.0954989,.0060107,-.0441066,.0590617,.0102746,.0661235,-.031631,.0132503,.1046125,.5088491,-1.948414,-8.14e-11,.1660986
.1476123,.1022314,.0162397,.0033722,.0582225,.0845889,-.073833,.1190522,.0372657,-.0267491,.1096439,-.4480768,.1911669,.0196218,.1851092,-.0569637,-.0025937,-.0719052,-.0214265,-.0476564,-.0016053,-.0009738,.4157212,-2.123475,-.7970725,-.3460674,1.273859,-2.823802,1.353796,-2.080902,.0820742,.0927948,.0766162,.2233012,.2529972,.0165046,.0610225,.1355338,.1081665,.0412102,.0247845,.2070666,.1316966,-.0167904,.1053228,1.001051,.0830518,.0297354,.0574411,-.0185135,-.0040241,.0538433,.0130589,.0108676,.1065365,.5367155,-1.564788,-8.05e-11,.1704815
.0153485,.1238538,.0000538,-.037825,.0079811,-.0038911,-.0928605,.0993767,.0091501,-.0381503,.0773452,-.3860798,.1220897,.0128581,.1640702,-.0635636,.0169307,-.0853771,-.0192822,.000776,-.0120273,-.0001959,.378262,-.2751732,.3525862,-1.271725,1.633285,-4.174691,-.4808107,-1.896829,.1225664,.12611,.107742,.2069044,.2478988,.0805084,.1357824,.2367616,.1455398,.0682367,.1531815,.2421101,-.1070549,.0656183,.0987412,.94573,.0628009,-.0271061,-.1136939,.1017794,-.0029232,.0471246,-.0089033,.0434294,.0740572,.371244,-1.359197,2.19e-11,.1685377
.0680191,.0160531,-.0173003,-.0107954,.0277958,.085733,-.1270038,.1778857,-.0139321,-.017919,.1512255,-.4420635,.1660253,-.0057059,.2229825,-.0771134,.020841,-.0380092,-.0196067,.0063463,.0018147,-.0009171,.4922234,-.1408239,-.1650169,-.5252414,1.218438,-2.548599,.3138313,-1.366834,.1911559,.2923701,.1697393,.3028462,.326114,.0816349,.1297035,.3269031,.123759,.0639751,.0560469,.2868894,-.0425038,.0288455,.1146654,1.086271,.0585327,.0309727,-.0897469,.087438,-.0092322,.0652645,-.0336322,.0071569,.06903,.3281807,-1.678071,-2.02e-10,.1693728
.1154099,.1796639,-.0468175,-.0384416,-.0230881,-.055847,-.1355908,.1804129,.0005441,-.0234407,.1355613,-.4577826,.2957866,.1249797,.3519987,-.0848314,.0202713,-.124162,-.0103556,-.0078625,.0002276,-.0006509,.2063852,-.4905078,.4284845,-1.301383,1.60001,-4.310649,-.6050665,-1.681894,.127559,.107303,.1432659,.2974143,.4148993,-.0086458,-.0393745,.3388591,.1262131,.0826192,.1095548,.2657634,-.0297526,.0095881,.1169128,1.107129,.0972484,.0239609,.151844,-.1839398,.0022851,.0607746,-.0330379,.0426311,.1202888,.5843663,-1.8256,-6.85e-11,.1665405
.1419247,.1255071,.0060309,.0128823,.0642766,.1021014,-.0542805,.1721285,.0158869,-.0131258,.1531227,-.4933242,.1269771,-.0002511,.1994526,-.1003986,-.0042537,-.1271916,-.0206532,-.0033352,-.0061161,-.0005811,.4203338,-.2501832,.052003,-.3234487,1.315719,-3.68377,.0276582,-.7897314,.2358159,.3295538,.3894219,.5433823,.6210565,-.0164952,-.0374721,.4007456,.0988724,.0397994,.0209367,.3647846,-.2571448,.107565,.0714659,.6936603,.0635808,.1506597,.0577338,-.0483809,.0093307,.0459056,-.0277144,.0617513,.1279641,.6541972,-1.699649,-1.18e-10,.1669963
-.0686563,.1898613,-.0288077,-.0381801,-.0205574,.0853188,-.1115123,.1081209,.0141727,-.0280322,.0540873,-.46453,.1320736,.0271083,.1459298,-.0359085,.006872,-.0511968,-.010956,-.008534,.00338,-.0015407,.1759881,-.4150027,-1.011748,-.0206168,1.606134,-4.674721,1.701515,-1.914148,-.0209846,-.0183154,-.0510137,.0941766,.1336867,.0485639,.0341083,.0490702,.0715379,.0492288,.010004,.0868956,-.1021728,-.0545977,.1105321,1.07476,.0983268,.0633645,.0420388,.0157833,.0242537,.0416923,-.0046709,.0978619,.1271778,.6668215,-1.647392,1.05e-10,.1703447
.1065952,.0927647,-.0274508,-.0495113,-.017079,-.092718,-.1742231,.197461,.0100612,.0054866,.157637,0,.0612662,.0165828,.0769508,-.1094252,.0067393,-.1274307,-.0175594,-.0183446,-.0032714,-.000827,.3744325,-1.048327,-1.121215,-.962758,1.712252,-4.182444,1.877707,-3.656957,.0639085,.0492931,.1009556,.2370643,.2552152,.0505512,.1143982,.1994321,.1227985,.0793022,.2048076,.2585655,-.1608481,.044156,.0989561,.904133,.0453558,.072335,.0819944,-.107116,-.0103789,.0262285,-.0586777,.1245524,.1117656,.5706669,-1.59045,-1.13e-10,.1643354
.1390433,.1037883,.052551,.0468018,.0529797,.0040553,-.0217147,.1667327,.0313337,-.0049777,.1577961,-.4001652,.0473907,-.0051204,.2054532,-.095173,-.0067469,-.0725934,-.0305278,.0000329,-.0064986,-.0004784,.6617057,-.8439965,-.2824867,-1.517236,1.757344,-5.084438,.5375142,-3.270737,-.0422688,-.038901,-.0266758,.1064288,.0856697,.0686378,.1360134,.0954033,.1436306,.0893151,.0481911,.0897805,-.0151201,.0749838,.0983714,.911811,.0933654,.0182214,.112839,-.1263764,.0071721,.0573717,-.0208231,.0236547,.1195981,.6028206,-1.488551,-1.08e-10,.1678268
.1257801,.1470657,-.0256109,-.0229051,-.0318692,.0672918,-.0846248,.1125884,.0164982,-.0267286,.0469654,0,.2286354,.0135515,.2308305,-.0687259,.0256089,-.0713529,-.0115487,-.0049767,.0024987,-.0010372,.2453565,-.1680547,-1.090394,-.6461374,1.68684,-4.197652,1.861215,-3.105019,-.1450992,-.1123991,-.1083894,.0229391,.0593517,.05432,.0975087,.0537516,.0838484,.0177791,.0684787,.005034,-.1568278,.0040148,.1046864,.9788889,.0887758,.0745488,.1133574,-.0956336,.0125474,.0442377,-.0120262,.0926288,.1212352,.5945349,-1.473614,2.73e-10,.1692065
.0750609,-.0350995,.0112028,.0147478,.0100857,-.067591,-.0900535,.1711303,.0067558,-.0092463,.1654419,-.5152377,.086729,-.0176805,.1448004,-.1387105,.0062782,-.1483177,-.0111584,-.0138116,.0002508,-.0009797,.1818103,-.7097281,-.4194934,-1.550899,.9361598,-1.747957,.7666274,-3.541642,.0500434,.05022,.0210797,.1693442,.183254,.0526452,.0843698,.2064546,.1310087,.0674925,.0541784,.2157061,-.1077327,.0022844,.1088748,1.008784,.0798346,.0022728,-.0074677,.0023654,.0350815,.0228646,-.0272354,.0887752,.0938724,.4892706,-1.459186,2.29e-11,.1668309
.0773531,.0338123,.0094281,.0238161,.0429939,.084292,-.0973381,.1457421,-.0129914,-.0264732,.127212,0,.1221005,.0328743,.2465196,-.0498503,.0142985,-.0305964,-.0280793,-.0452508,.0152898,-.0020894,.6837665,-2.089664,.1392358,-.9703414,1.344426,-3.798697,-.1315449,-1.808371,-.0388655,.0104428,-.0666559,.04647,.1115956,.0750534,.1319271,.1295474,.0845867,.0618764,.0647765,.1480797,-.2125131,-.0378751,.1640413,1.545145,.0703002,.0605468,.0713524,-.0523175,-.0293407,.0459131,-.0361584,.0194215,.1026892,.5092984,-2.040932,-3.32e-11,.1626579
.1534108,.3701681,.041427,.0532202,.0753904,.0455282,.1427688,.1410264,.0307761,-.0278385,.1537971,0,.1471541,.0044865,.1877138,-.0640753,-.002237,-.1135345,-.0120471,.0158023,-.0059458,-.000567,.1607959,.3022467,.7009277,-.2534829,1.328692,-3.936815,-1.050404,.5154945,.1784937,.1858236,.2249994,.4034473,.4767861,.0326765,.056817,.3428485,.1347605,.0850196,.0408311,.3739792,-.1447452,.0733874,.1023111,.9546711,.0986443,.0294567,-.0304512,-.0025116,.0093779,.0216133,-.0524813,.0851894,.0735178,.3613889,-1.603156,-1.02e-10,.1670291
.1234665,.2238853,.0185187,.0174722,.0114748,-.0387622,-.0889506,.1868044,-.0172431,-.0073591,.1806036,-.5131173,.1050238,.0335138,.1995798,-.0885575,.0224321,-.0801678,-.029857,-.0387675,-.0050071,-.0006946,.7037435,-1.994436,.0155484,1.028205,.9366843,-2.606116,.0164475,1.489583,.290094,.2765662,.2480933,.4029695,.4185899,.0476213,.0777124,.3911126,.0881267,.026687,-.0354296,.4876652,-.1195663,-.0620402,.1276132,1.226702,.0693907,.0580954,-.0787606,.0549901,.0024865,.051788,-.041283,.0794163,.1072871,.5351297,-2.02709,6.69e-11,.1671969
.0825014,-.0444511,-.0279305,-.051376,-.0471707,.1926571,-.1688415,.1480976,.0207113,-.0074572,.0605916,0,.216027,-.0213225,.3375192,-.0532301,.0017085,-.0357758,-.0174243,.0082339,-.0060937,-.0006013,.3839513,-.1914534,.3490706,-1.401691,1.691526,-4.653793,-.4290333,-2.110907,.0082458,.033154,-.0091115,.0843074,.1126563,.0489396,.1158288,.1156315,.1110315,.0863135,.075883,.112998,-.0178434,.0240034,.0958592,.9311939,.0464586,.0435483,.1457907,-.1754546,-.0050782,.0122548,-.0546337,.0928857,.1098804,.5459002,-1.378363,-1.47e-10,.1727747
.2088741,-.0079977,-.0198521,.0243107,.0119301,-.0355029,-.0702637,.1523765,-.0054194,-.0228053,.1269022,-.4294847,.068857,.0237134,.1992699,-.0584972,.008845,-.0354321,-.0220056,-.0219817,.0035005,-.0012544,.4730701,-1.324642,-.5391232,-.9201605,1.691241,-4.969353,.9997894,-2.819707,.2248191,.2142349,.2050879,.3573903,.3843307,.0426981,.0446948,.3806497,.0931858,.0196828,.0054408,.3156023,.2459145,-.0403942,.1077576,1.019126,.0794223,.0725614,.0452359,-.0662427,-.0019708,.0744505,-.0457893,.0763062,.1193169,.5922549,-1.820906,1.99e-10,.1672875
.0920657,-.1995131,-.012141,-.0103798,-.0258915,.0284637,-.0624779,.1111509,.042876,-.0140599,.0770126,0,.1517225,.0130229,.2522108,-.056077,-.0142298,-.114211,-.0171201,.0031613,.0110351,-.0019002,.3529102,-.2380906,.2583164,-1.461845,1.609714,-4.129019,-.2957312,-2.350969,.0140208,.0272379,-.000775,.0909757,.1795298,.0733883,.0852836,.1817724,.1261329,.0222007,.0812209,.1642928,-.0524186,-.0076948,.0921687,.8727,.0927287,.0385476,.0725993,-.0772222,-.0015325,.087193,.0214744,-.0084983,.0972475,.4998148,-1.329565,-1.00e-10,.1676561
.1118842,.0709354,-.060235,-.0539938,-.0462035,-.0665506,-.1633748,.1358837,.0285508,-.0009105,.0654844,-.4491158,.199751,.0653153,.2089563,-.0748643,-.0119515,-.1217366,-.0201077,-.008008,-.0046134,-.0006572,.4457285,-.2337104,.1243801,.2784612,1.806505,-4.87128,-.071401,.2956761,-.0510289,.0593197,.0150023,.1587631,.1676274,.0742472,.110286,.1258956,.1555449,.1290195,-.0218889,.1129177,-.1481638,.1180389,.1095246,1.003868,.091453,.0311033,.0346127,-.0333158,-.0020641,.0555254,-.004644,.0426132,.1149171,.5934711,-1.721708,-2.90e-10,.1679086
.0475976,.0526984,-.0631222,-.0940179,-.0808319,.0127706,-.1497975,.1460085,.0517133,-.0015869,.0953737,-.5072216,.0820432,.0260682,.1165135,-.0270827,-.0150012,-.100023,-.0244362,-.0067573,.0020175,-.0012557,.5368,-.524379,-.5832922,-.7106405,1.703091,-5.118477,1.014807,-2.427534,.062258,.035304,.0207621,.1503415,.2315497,.0421616,.0541856,.2037576,.1673568,.127377,.0942547,.2055213,-.0690513,.019385,.0978032,.9424604,.0703556,.0042002,.0918195,-.078739,.0169436,.0271634,-.0238283,.0638991,.0972233,.4754528,-1.404643,-2.25e-12,.1737365
.0265306,.0424334,-.0336575,-.0263114,-.0185565,-.1343849,-.1498788,.1448644,.0129349,-.007825,.0793858,0,.1515576,.0066768,.1897495,-.1216381,.0130062,-.0778846,-.0146265,-.0120609,-.0084725,-.0003025,.2998599,-.6320834,-.3834796,-.7639625,1.475849,-4.107703,.698831,-2.171737,-.0206977,.0449136,.0648088,.1718479,.2121646,.0406446,.0959494,.1621298,.0576141,.019542,.0348366,.0530953,.0495443,.0614488,.0874689,.8270398,.0409336,.0766492,.0881071,-.1289317,.0122224,.0475817,-.0129375,.0223252,.1384197,.7003899,-1.459504,6.28e-11,.1734773
.1734057,.1560758,.0440492,.0254121,.0893283,-.0560599,.0095562,.1533662,.008179,-.0276627,.129698,-.451502,.127609,.0119602,.2324504,-.0722989,.0017742,-.1053728,-.0174515,-.0214559,.0079467,-.0018743,.4038089,-1.12005,.799759,-.5374179,1.113705,-3.761086,-1.185077,.2247865,.2977951,.4291598,.4045781,.5492729,.5950111,.0837129,.0832205,.4413368,.0954456,.0265015,.0050041,.4695383,-.0349635,.0885462,.0758527,.7251782,.0683748,.0544303,.0180169,-.003094,-.0061313,.0302895,-.0260282,.0876233,.1123855,.5809568,-1.721126,-2.01e-10,.1718215
.1912933,-.0092229,-.0107076,-.0181824,.0094272,.0942311,-.0882882,.1801962,.0080329,-.0095034,.1386951,-.4467767,-.0275653,.0374102,.1002972,-.0702321,.0068803,-.06026,-.0293182,-.0198348,-.0027496,-.0008383,.5583602,-1.269854,-.6004305,-.7148014,1.291271,-3.899763,1.064495,-2.155969,.02522,.0951437,.0342859,.1539027,.2357435,.0515196,.0655201,.137076,.103195,.0596865,.1139814,.144711,-.2320354,.0509439,.0933078,.8984656,.0769287,.0959886,.0096489,.0034165,.0150315,.0570413,-.033697,.0577608,.1131818,.5391798,-1.486259,2.06e-10,.1695967
.1386998,.0528826,-.038427,-.039256,-.0540033,-.0225788,-.1664422,.1722541,.0327927,.0030911,.1348671,-.5022308,.0761997,.0021813,.1317683,-.1165556,-.0105838,-.1376624,-.0068079,.0176439,.0136457,-.0020861,.1194571,.8192948,.0536112,-.5135447,.9156518,-1.80874,-.0179253,-1.136403,.058146,.1353133,.0670111,.1858657,.2729117,.0444221,.0877984,.1942394,.1120488,.0524116,-.0512526,.200246,-.1468194,.0341415,.1061349,1.015259,.0842377,-.0056888,-.0092495,-.0055341,.0102207,.0583305,-.023886,.06849,.1171959,.5918351,-1.667492,-3.06e-10,.1662928
.1299819,.1135637,-.016808,-.0269913,.0198487,.064236,-.0765879,.1345713,.0032854,-.0154426,.1215444,-.3967752,.2278277,.0080088,.1914409,-.0016778,.0134833,-.0810767,-.0097751,-.0249442,.0029612,-.0010334,.1654543,-1.050624,-.030324,.1889343,1.918456,-5.245499,.1758292,.020953,-.154052,-.2008129,-.2066581,-.1228652,-.1133256,.0783141,.1641236,.0661442,.1178683,.0491342,-.0228919,-.0352657,.0097895,-.022253,.101428,.9731205,.0726863,.0222815,.0653395,-.0654885,.0201256,.0510467,-.0188303,.0332359,.1293236,.6672943,-1.541695,-3.90e-10,.1700773
.1527292,.1560881,-.0213502,.0212813,.0654472,-.0529385,-.084569,.2090429,-.0108082,-.0055996,.1665936,-.4391998,.1570888,.0214485,.1777505,-.0762381,.0057522,-.0828034,-.0088945,-.048527,-.0036439,-.0005377,.1696029,-1.782817,.3388847,-.9220412,1.585399,-4.265052,-.4368617,-1.369191,-.060552,-.0893326,-.0454033,.0588399,.0903687,.0519574,.1303875,.0633716,.131795,.0651121,.1007633,.0504811,.0861406,.0306382,.1135299,1.045067,.0764589,.1443861,.1120734,-.0660155,-.019397,.0763244,-.0403579,.0284804,.1519575,.7789763,-1.84223,-1.45e-10,.1682832
-.0229746,.1395187,-.0757853,-.0505169,-.0066094,-.0936133,-.0941646,.1322816,.0283002,-.0166913,.0441853,-.4228857,.302367,.0886801,.4714371,-.1112842,-.0004303,-.0994086,-.0201901,-.0202214,-.0102552,-.0004193,.3959502,-1.004015,.5693181,-.0809616,1.35811,-3.451645,-.7838585,.4591803,-.3482174,-.3179521,-.2805549,-.1628831,-.110562,.0154737,.0695956,-.2004091,.1258009,.0511438,.0514738,-.2172692,.1036002,.0730274,.125247,1.192897,.063219,.0868942,.0709367,-.0810743,.0103801,.0303001,-.0420658,.0253933,.1138279,.5678982,-1.386929,-2.04e-11,.1682741
.0904695,.060292,-.0302239,-.0640537,-.0815874,-.0981777,-.1416033,.1000358,.038288,-.0300153,.0368498,-.4039491,.162549,.0304046,.2970389,-.068308,.0106798,-.0686086,-.0211001,.0062846,-.0034576,-.0008261,.4763072,.0810862,.1789885,-.8861488,1.847752,-5.109854,-.1799825,-1.583986,.0556465,-.0033209,-.0252694,.0557774,.0765138,.0484757,.1609135,.0727842,.1168348,.0574829,-.0215962,.1787644,-.1250027,-.0210635,.0841459,.7952669,.0826972,.057563,.0706415,-.0504585,.0171751,.0323923,-.0245383,.0806835,.1168397,.6125364,-1.308653,2.71e-10,.1671537
.1987837,.1611967,.0181553,.0345482,.0133196,.0982804,-.1271477,.1874939,.0097465,.0021868,.200316,0,.0853894,.0492222,.1054094,-.0946377,.0177579,-.1463432,-.0198605,.0191183,-.0041847,-.0006438,.4042098,.1904314,-.1033614,.1756912,1.602726,-3.80998,.272108,-.1218525,.0323886,-.0114174,-.0162576,.1446659,.1893909,.03395,.0565895,.1999695,.1302429,.0821106,.0121226,.1755333,-.1357517,-.0378437,.0861785,.8044155,.0784517,.0769316,.1045923,-.0889584,-.0076396,.0293872,-.0501381,.1060769,.1181203,.5985601,-1.514605,-1.28e-10,.1701445
.0147135,.0281759,-.0350575,-.0593028,.0048352,.0680619,-.1059819,.1366724,.0043601,-.0094186,.1187314,-.469593,.0882346,.0529166,.0838195,-.0812614,-.0100358,-.1582855,-.0166093,-.0011308,-.0019734,-.0010418,.3887945,-.1342475,-1.368867,-1.010684,1.138438,-3.051528,2.209458,-4.102998,-.0064199,-.1158362,-.0684533,.0430738,.0814179,-.0017932,.0735474,.1531895,.093673,.034635,-.003476,.0340421,.0543834,-.0992441,.1255123,1.184161,.0638216,.092288,.0888804,-.0429632,.0102391,.0272532,-.0517008,.0836114,.1025657,.5115027,-1.467733,1.95e-10,.1682734
.0657037,.075815,-.0187622,-.0221738,-.0085209,.0411335,.009556,.1186372,.0295559,-.047534,.0455755,0,.107156,.0157106,.1831231,-.1354095,.0014006,-.0847271,-.0175009,-.0234132,.0037593,-.001048,.36215,-.9229262,.4481336,-1.302399,1.595189,-4.515664,-.5818639,-1.693185,.2612433,.2324925,.2367472,.3633274,.3631984,.0810004,.1167888,.334489,.1261986,.0674483,.1237834,.4196051,.0443319,.05007,.0870163,.8169622,.0687844,.0824513,.0741325,-.0442801,.0400973,.0345122,.0042301,.0522027,.1070533,.5494093,-1.568975,2.96e-11,.1702942
.1338837,-.0026929,-.0479844,-.0921363,-.0462058,.1366437,-.1902604,.1230706,.0297546,-.0057321,.0788231,-.4346069,.1573386,.0000873,.2120428,-.0740768,-.0047305,-.1149058,-.0117545,-.0497148,.0075258,-.0014058,.2053915,-1.864423,-.0499452,-1.12722,1.04967,-2.042924,.1236334,-2.282337,.1374688,.1947661,.1912544,.3555844,.359341,.0526889,.078306,.2771884,.1109466,.0751286,.0814834,.3089047,.0195172,.0585154,.1085271,1.020936,.1047477,-.0098247,.1213614,-.1268267,.0097575,.0462568,-.0107015,-.008699,.1072987,.5515383,-1.676597,2.63e-11,.1727256
.1689229,.0478729,-.0269947,.0211147,.004841,.0090133,-.1033706,.140197,.0137589,-.0296468,.0539325,0,.0833759,.0189216,.1969203,-.0795804,.0187408,-.0413524,-.0060486,.0225474,.0034594,-.0012062,.0770046,.6016479,-.8361126,-.1266035,1.168291,-3.046005,1.375201,-1.750632,.0518586,.1422777,.1060511,.2589781,.3238666,.0074953,.0521597,.2257874,.0984639,.0529771,.0215496,.2220554,.0958833,-.0120127,.1173547,1.130712,.069825,.02095,.0277502,.01082,-.0336512,.0323161,-.0301686,.0807129,.1035308,.528572,-1.703311,6.83e-11,.1675699
.0670125,.1153955,.0191379,.0207891,.0592744,.1669119,-.0064828,.1865769,.0036834,-.0142584,.2301524,-.5012237,.2381197,.0581478,.2056052,-.1128024,-.0121667,-.1700726,-.0096562,.0028183,-.0035043,-.0008159,.0740147,.214047,.3162811,-.8131179,1.197645,-2.876025,-.3904361,-1.163718,-.0129591,-.0744314,-.1010383,-.015619,.0553847,.0884687,.1372156,.0904175,.1538433,.0821337,.0262469,.0506602,.0251348,.047228,.0897206,.8634493,.0647587,.0197057,.0047349,.0039241,-.0029023,.0458851,-.0224979,.0326152,.1096597,.5594147,-1.404492,-1.00e-10,.168587
.1821281,-.0168481,.0091844,-.055117,-.037464,-.0861369,-.1498229,.1141647,.032951,-.0069387,.0942647,0,.0918721,.0495679,.1158733,-.0350944,-.000767,-.0832143,-.0135242,-.0270506,-.0060304,-.0007121,.1932272,-1.10042,-.1855472,-.7953975,1.388023,-4.123602,.4278295,-1.979128,-.0014915,.0536527,.0373673,.1406398,.149266,.0548421,.1133827,.0668288,.0826317,.0576651,.105503,.1213235,-.1941643,.0564906,.1037064,.9964367,.0842901,.1256628,.0715314,-.0631297,-.0040548,.0977022,.028941,.0312079,.0994864,.4911524,-1.437021,7.48e-11,.1686857
.1850701,.2300015,.048283,.0277532,.0266809,.0915729,-.0616097,.1445147,.0219354,-.0273939,.121001,-.3705942,.1738838,-.0111526,.2356943,-.0343263,.0119493,-.0763048,-.0097825,-.0364664,-.0018703,-.0007693,.1584068,-1.256986,-.1386986,-1.024785,1.60407,-5.009085,.3082322,-2.387207,-.0707353,-.1081162,-.0845247,.0017809,.0298642,.0612165,.0994838,.0564248,.0737977,.0328909,-.0505674,.0430585,-.1605909,-.0257494,.1222202,1.151866,.0809496,.0550181,.1090316,-.11536,-.0032679,.0433106,-.0372666,.0708494,.1205841,.6172224,-1.644607,3.76e-11,.1674818
.084029,.001621,-.0262139,-.0613861,-.0357186,.0331627,-.0609423,.1858512,.0215202,-.0093347,.1711245,-.5233768,.014361,.0264136,.025963,-.1188658,-.0149153,-.1974428,-.0216516,.0165142,-.0070888,-.0003278,.4526307,.2863,.4753748,-.9831345,1.26307,-3.376957,-.6659904,-1.21322,.2085043,.1744784,.1228167,.2960833,.3625936,.0434581,.0373304,.3549804,.1235496,.081046,.013173,.3157321,-.1160406,-.0243129,.1036754,.985008,.0918544,.0477496,.0483065,.0005434,-.0079978,.049816,-.0340541,.0249737,.1024101,.4992009,-1.605097,2.46e-11,.1662536
.1150876,.0741789,.0567409,.0226606,.03153,.0552267,.0060036,.1362054,.0082502,-.0315272,.1654636,0,.1637774,.038396,.2713413,-.0585083,.0050866,-.1463811,-.0200216,-.0012928,-.0116826,-.0004827,.4347965,-.0080417,-.508435,-.6268479,1.489344,-4.032785,.8524362,-2.16299,.0548126,.1026212,.095081,.1541404,.2152911,.0356398,.1206946,.2891124,.098309,.0301102,-.0323676,.1729357,-.3282478,.008236,.1053551,.9995506,.0703576,.0146153,.0289496,-.0362372,.018179,.0354273,-.0215934,-.0080472,.1199392,.599707,-1.608894,1.06e-10,.1716933
.1077751,.0361016,-.0274009,-.0580281,-.0098847,-.0366806,-.0853776,.1470292,.0179621,-.0066949,.1362038,-.4579207,.1564377,-.0055505,.2941027,-.0283096,-.0049881,-.1180298,-.0253632,-.0088375,-.0098033,-.0005677,.4998988,-.6471077,.5389259,-.8958874,1.486981,-3.840878,-.7503909,-1.017165,.2825041,.2332765,.2327216,.3127287,.3930868,.0366721,.1110617,.4090791,.1055984,.047421,.030397,.4204477,-.0746081,-.0156787,.1165588,1.082832,.072713,.0617247,.0723845,-.0955735,.0303317,.0683795,-.0017817,-.0154709,.0894345,.4536614,-1.70294,1.70e-10,.1677402
.0673089,.0139118,.0178317,-.0442909,-.005696,-.0376673,-.1345255,.1361133,.0128854,-.0148307,.1597996,0,.1760603,.0842307,.1133853,-.115739,.0147708,-.1541274,-.0103518,-.0273226,.0032908,-.0010745,.139045,-.7600255,.0311846,-2.074182,1.404127,-3.98528,.0668363,-3.745268,.0049863,-.034948,-.0568467,.0662598,.0751093,.0832725,.1278602,.0905287,.1384635,.0914176,.1348449,.0769874,-.1308203,.0218204,.1215621,1.129887,.0620035,-.012075,.0324748,-.0558645,.0227409,.0395068,4.75e-06,-.0044601,.1123308,.5788566,-1.580796,-4.49e-10,.1666436
.2013119,.1433356,.0595689,.0560778,.0419109,.0697889,.0438015,.1587914,.0060197,-.0296722,.1780713,-.4604235,.2074563,.0168842,.1849679,-.1213634,-.0013044,-.1351495,-.0171265,-.0389816,-.0039592,-.0007824,.2994375,-1.704874,-.182577,-.2408264,1.301085,-3.345495,.4132822,-1.020829,.0408271,.1056141,.1150606,.2660906,.345719,.0311077,.0013453,.2758985,.0845581,.0094044,-.0386754,.1804255,.1930797,.0370709,.1061454,.9703537,.0888602,.0854349,.1312488,-.1659832,.0322034,.0702091,.0124206,.0052059,.1026091,.5280979,-1.625208,5.55e-11,.1691969
.1337983,.2315772,.0316915,.0181981,.0184394,.0912364,-.0177404,.1950514,.0017777,-.0110361,.1940927,0,.0993696,.0347946,.2282955,-.0850973,.0162288,-.1036384,-.0336959,-.0315962,-.0005671,-.0010876,.7472796,-1.884789,.1763699,-2.04276,1.398645,-3.454902,-.2074616,-3.397772,.0029262,.0014699,.0202019,.1702026,.2126619,.0360261,.0496737,.2041899,.1395833,.0792034,-.0289994,.1581726,-.0916149,.0462193,.1096571,1.023283,.0700118,.0907593,-.0125035,.003905,.029422,.0607185,-.002422,-.0114476,.0998842,.5270792,-1.489317,-1.32e-11,.1715249
.1628323,.0269308,-.0318078,-.0496925,-.0462076,-.0592873,-.1930486,.1095071,.0248634,-.0007881,.0718724,0,.1592434,-.0033616,.2106872,-.0191064,.018001,-.0425818,-.022278,-.0447091,-.0031781,-.0008825,.4872698,-1.978057,-.5456976,-1.286177,1.794607,-4.197804,.9861409,-3.384472,-.0127007,.0180293,.0028308,.0873018,.0887347,.0732616,.1651352,.1028745,.1202002,.0530463,-.0163877,.1670008,-.1046654,.0015499,.1002598,.9470632,.0747385,-.0022073,-.0848783,.1208157,.0205272,.0437496,-.0018669,.0085099,.1046529,.5189216,-1.407351,8.42e-11,.1709867
.0896079,.0496626,-.0706555,-.1163752,-.0908784,-.0869666,-.1555001,.1512895,.0326858,-.0034519,.0580641,-.4445671,.0775876,.0313338,.0915837,-.062144,.0082017,-.1379719,-.0363999,-.0033899,.0051918,-.0012963,.8925695,-1.015319,.0316224,-.7811365,1.319921,-4.012406,.0577355,-1.484057,.1069838,.1780575,.0948724,.2232991,.2137429,.1154286,.158415,.2875964,.0746115,.0277336,.1055703,.2737751,-.1445853,-.0028507,.149455,1.388591,.0944946,.0343729,.0712836,-.1144525,.009916,.0407497,-.0348477,.0742379,.1182969,.5877723,-2.05091,-6.74e-11,.1663754
.1668749,.1446281,-.0022188,.0727967,.0544137,.3720879,.0301726,.1873293,.025268,-.0131251,.1894432,-.4747576,.1258608,-.0176404,.1670182,-.1444021,.0012627,-.1320761,-.0157548,-.0382778,-.0028822,-.0007857,.3836235,-1.750436,-.2863992,-.9642936,1.768001,-4.666274,.5809112,-2.427465,-.0554665,.0965907,.076907,.2185151,.2557642,.0384472,.1078891,.0606858,.1076663,.0410535,.0549971,.0412309,.1354346,.1559156,.1205306,1.134957,.0867149,.1019242,.175183,-.1852013,.002398,.0717762,-.0123435,.0685263,.11324,.5538189,-1.849225,-1.51e-11,.1632153
.1303859,.1159428,-.0079229,.0010577,.0076475,.1220959,-.1016509,.1349833,.0242978,-.0143254,.1056435,0,.2001361,-.0021612,.2363007,-.1200896,-.0007737,-.1307568,-.0203643,-.0473643,-.0050981,-.0009173,.3879836,0,.2159959,-.7011605,1.431927,-3.87903,-.20923,-1.205985,.0853644,.0397353,-.0297895,.0650857,.149866,.0625926,.1360308,.254595,.0822477,.0166378,-.0150839,.186864,-.0565782,-.1079939,.1102272,1.061774,.079872,.0629929,.0549576,.0190032,-.021061,.0581413,-.0240664,-.0181596,.0756955,.3525195,-1.330541,-2.76e-10,.1725451
.1749956,.0109274,-.0147455,-.0284577,.0218904,.0796189,-.0540053,.1722588,-.0011459,-.0245411,.1416033,-.4458613,.0475435,.0468933,.1218615,-.045309,.0204848,-.1228054,-.0220967,.0002385,-.0058014,-.0007513,.4771668,-.5080596,.180092,-.8095882,1.268417,-3.407757,-.2221891,-1.402722,-.003728,.1323576,.1612655,.2528426,.2678744,.0351612,.0883709,.1398294,.1347901,.0649761,.2020746,.1202659,-.0675156,.1757955,.1256385,1.164535,.076122,.0344447,.0239644,-.0334194,.0080032,.0418099,-.0264595,.0724042,.1167223,.5784134,-1.864893,7.06e-12,.171659
.2022683,.1820137,-.009827,.0080422,-.031572,.0782982,-.1350146,.1478862,.0289188,-.0178666,.1285889,-.479936,.0626986,.0230861,.1445041,-.0749234,.0076797,-.0867677,-.0175162,-.0035584,.0135431,-.0018297,.4370926,-.4783717,.6236016,-.5255743,1.832056,-5.500561,-.9019142,-.1872134,.0598652,.2216927,.2114526,.3919111,.4750737,.0238362,.002008,.1707265,.1110674,.0674204,.1367426,.2377727,-.2085619,.1480826,.0827072,.8041949,.0651129,.0656359,.0184347,-.0336748,-.0024898,.0312485,-.0548824,.0885094,.1405051,.7280348,-1.734672,-3.17e-10,.1654734
.1279525,.0849821,-.0145725,-.0053492,-.019553,-.0280327,-.1266215,.2089804,.0180099,.0126347,.1726671,-.4288749,.0766403,.0195905,.1992989,-.1068113,.001051,-.098576,-.0139981,-.0488177,-.0031816,-.0006256,.2663073,-1.865765,.0829852,-.7334209,1.308448,-3.04693,-.052972,-1.414835,-.0898258,-.1146204,-.1646838,-.0442372,-.0459206,.0420602,.1465525,.0610306,.1462222,.1051448,.0221122,.005084,-.0272681,-.0157282,.0992382,.929222,.0626819,.1117662,.0980938,-.1581029,.0272189,.0739741,-.002865,.0169589,.1072841,.558031,-1.367436,-2.02e-10,.1688456
.0825939,.037463,.0081973,-.0333846,-.019133,-.0628908,-.1433748,.0948107,.026108,-.0226799,.0746075,0,.1007413,.0214319,.1542738,-.1480928,.0098409,-.1206979,-.016024,-.0211583,.0046221,-.0015346,.3660505,-.6459658,.1592982,-.4004359,.7879527,-1.84006,-.2034844,-.6222178,.1323379,.1486766,.168668,.2813401,.2796594,.0333328,.1327076,.2616103,.1053554,.0487851,-.1112354,.2640499,-.2808309,.0379961,.123742,1.172708,.0660118,.04902,.0077988,.0157201,-.0061587,.0625663,-.0116602,.0281456,.1329807,.6602581,-1.920082,1.35e-10,.1649061
.159977,.1543221,-.0021921,-.0287793,-.0493375,-.1691611,-.1495069,.1662132,.0141919,-.0159537,.1249294,0,.0367904,.0477763,.1212877,-.0991363,.0147563,-.186739,-.0230541,-.0139769,.0022029,-.0013027,.5059732,-.8414593,-.435615,-1.290944,1.41142,-3.950133,.7832961,-3.217076,.2553581,.129752,.1986758,.3360713,.3933545,.0351487,.0248595,.3759115,.1596626,.0865337,.0977952,.376951,-.2883225,.006674,.0866851,.823934,.0695761,.0446477,-.0239166,.0131724,.0133216,.0558013,-.0250132,.0721522,.0943229,.4585108,-1.465218,1.02e-10,.1690641
.0874595,.1670967,-.0053923,-.0565633,-.0623609,-.0195171,-.1891615,.0983866,.0212796,-.0189505,.0729651,-.4467503,.1833228,.0161515,.2171741,-.0055913,.0233964,-.0653171,-.0154226,.0260552,-.0032485,-.0012164,.2745968,.8559442,.4402457,-.7844927,1.387481,-4.629061,-.6208504,-.9253719,-.0253746,.0645729,.0344835,.1740683,.2234742,.0917793,.1347745,.1688558,.0769606,.0200352,-.0592849,.1595359,-.0298383,.0344855,.0999806,.9407957,.0875051,.0336127,.0861026,-.0593954,-.0021222,.0364785,-.0402868,.0325196,.1133551,.5839668,-1.455965,1.11e-10,.1665821
.1451368,.1180668,-.0724358,-.0538159,-.0446077,.0268771,-.1069396,.146996,.0431007,-.0005863,.0847508,-.4487986,.0825042,-.0029829,.149459,-.0617512,-.0086935,-.089426,-.0191953,-.030935,-.0018604,-.0007474,.4105921,-.9653121,.0765207,-.6687943,1.266595,-2.855668,-.0185171,-1.323001,.0825056,.060025,.0843425,.2031658,.233176,.0530181,.0996163,.2629563,.1709975,.0957086,.1486323,.2144039,-.0088115,.0302141,.1254418,1.142685,.0854027,-.0002646,-.0399199,.0462486,-.0012884,.058727,.0203,-.0281629,.1003157,.4935452,-1.71319,-1.78e-10,.169401
-.0207242,.0384113,-.0602864,-.0429016,-.0451831,-.0373695,-.143518,.153488,.0180611,-.0104277,.0808005,0,.1278008,.025816,.1836905,-.0744245,.0057644,-.0393778,-.0131908,.0043461,.0019871,-.001128,.2905678,-.0507292,.0943137,-1.097921,.6764852,-1.242277,-.084429,-1.990328,.098069,.0853132,.0348155,.1707344,.2148592,.0661102,.1113693,.2015283,.1061361,.0494157,-.042788,.1642777,-.0743308,-.0316904,.0928142,.8657474,.0580042,.1137725,.057482,-.0437008,.00757,.0411653,-.0271266,.0981679,.0979751,.4876938,-1.269292,5.90e-11,.1711918
.1439325,.1063759,.0262396,-.0398886,-.026542,.0605913,-.0984622,.1234521,.0207184,-.0194064,.1351546,-.4806648,.0521413,.0420621,.1206528,-.0681635,.0103112,-.0831374,-.016967,-.0027047,-.0045034,-.0006908,.3379648,-.4775899,.0356613,-.8679302,.8222852,-2.06027,-.0360628,-1.619572,.2066124,.347658,.3282412,.4515446,.5499638,.0313628,.0316119,.3902584,.053781,.0287089,.0367935,.4391977,.0708845,.0469241,.1075458,1.034279,.0795014,.1079713,.049329,-.028744,.0249823,.0431529,-.0200318,.0989811,.1175681,.588177,-1.849535,-1.84e-10,.1717039
.1457951,.1551111,.0169943,.043698,.0443391,.1220596,-.0172782,.1358948,.0017707,-.0270883,.1523744,-.4292101,.1741448,.0459103,.2350136,-.0434429,.0178516,-.0380108,-.0180675,-.0468964,-.004206,-.0005124,.3115848,-1.847415,.0299061,-.5770838,1.450579,-4.175018,.0502474,-1.262532,.1153322,.2494576,.2540121,.4041414,.4777941,.0084567,.0126006,.321909,.0983075,.0665865,.0916554,.2346471,-.04177,.1351301,.1019384,.9763367,.0858986,.0251177,.0022903,.0089517,.0127512,.0641974,.0141412,.0105733,.1065794,.5302579,-1.754529,4.10e-11,.1737822
.0545304,.1931334,.0008726,-.0430903,-.0381297,-.1382691,-.1281835,.135106,.0340091,-.0011929,.1285234,0,.0911433,-.0114552,.1810107,-.0217264,-.0027375,-.0623124,-.0160292,-.0071304,.0037612,-.001237,.3122382,-.3216863,.473047,-.3772754,.9912041,-2.543644,-.6782003,-.1392999,-.1787259,-.1077955,-.0590854,.105679,.1160577,-.0219181,.0541793,-.0384424,.0889654,.051355,-.0375763,-.0186213,-.0628236,.0952691,.1060373,.9913939,.0828952,.0950042,.0264276,-.0136693,-.0208236,.0470877,-.0248993,.0578707,.114418,.5804255,-1.465991,-1.50e-10,.1656044
.0832121,.2437647,-.0337761,-.0526823,-.0597112,.1361514,-.2024444,.1005499,.0162881,-.0106003,.0784767,-.4306227,.137742,-.0180879,.1656353,-.0353158,.0204637,-.0892061,-.0084145,-.0268712,-.0008462,-.0010965,.0928006,-.9339297,-.4245066,-.9949992,.9586468,-1.660315,.7680182,-2.645455,.146502,.2608449,.2333031,.3454005,.3844079,.0722568,.1413827,.3675922,.1096151,.0674114,-.013044,.2863366,-.1813054,.063208,.1120782,1.057028,.0818885,.0382746,.0812704,-.076113,-.0032087,.0441333,-.0494866,.104359,.1020675,.520304,-1.724246,3.80e-10,.170579
.077421,.1024061,-.027562,-.0484296,-.003359,-.0591639,-.230359,.1606748,.0208735,-.008042,.0877103,0,.1236568,.0255343,.224867,-.1293497,.0086638,-.1401191,-.0115393,.0302863,-.0037234,-.0011809,.2401495,.9893554,.3196091,.7487112,1.632857,-4.643437,-.4009134,1.454772,-.0582772,-.1483168,-.1524388,-.0479136,-.0299531,.0774007,.1343621,.0067325,.1383595,.0589459,.1275847,.0245449,-.2194969,-.0102118,.1187911,1.098544,.0785532,-.0513846,-.0261548,.0643248,-.0061908,.0057037,-.0347687,.0873054,.1046316,.5263827,-1.528529,-6.10e-12,.164576
.0736326,.1832882,-.0245317,.0149823,.0596739,.118562,-.0811353,.1767506,-.0136576,-.0268697,.1041481,-.4106788,.1477155,.0496619,.2179562,-.0697103,.0148403,-.0380215,-.0176426,-.0286356,-.0027824,-.0007983,.3272459,-1.29302,.0004441,.154237,1.341193,-3.753216,.0361531,.0074018,.0404893,.1968324,.1493507,.3123547,.30903,.0482827,.0677641,.2337078,.0890366,.0399919,-.0783321,.2168862,-.0747449,.097248,.117293,1.106393,.0630193,.0728623,.0358878,-.0285724,.0091521,.0221911,-.0225684,.0893026,.0916879,.4484023,-1.714049,2.15e-10,.1696748
.0518403,-.0786618,-.0329901,-.1032313,-.0842953,.0246342,-.1508018,.1544939,.0045363,-.0109323,.1018539,-.4451701,.0904237,.0339204,.1970491,-.0447049,.0010996,-.0605184,-.0222754,.0100564,.0030035,-.000844,.5432878,.0731994,.1349074,-.5830852,1.491173,-3.718826,-.1169531,-1.176924,.1587538,.1634361,.157579,.2742852,.3552863,.0582527,.0890346,.1636623,.1236705,.0917857,.0743836,.2173013,-.1672354,.0636624,.1182207,1.139273,.0828221,-.0068204,.0029539,.0454346,-.0081341,.0700217,-.0409172,.0498226,.0798617,.4071648,-1.734065,5.06e-11,.169164
.0747453,.124464,.0441646,.0740509,.0748102,.1188919,-.0263841,.1418675,-.0042361,-.0275355,.1108465,0,.0927685,.0351475,.184951,-.1379486,.0193214,-.0461757,-.029232,-.0036344,-.0095527,-.0007029,.6519506,-.7474025,-.7095171,.3272305,.9244392,-1.749822,1.222711,-.8442584,-.1245508,-.0599084,-.1227736,.013908,.0403472,.0612576,.0733729,.0260218,.0726321,.0325717,.0143462,-.0290393,.0900788,.0124346,.0861083,.8249963,.0840572,.0776551,-.0071165,.0617144,.0064085,.0547787,-.0036362,.0603298,.1074648,.547952,-1.2841,6.90e-11,.1704017
.1932999,.1434913,.0208475,.0153064,.0329412,.0718846,-.0437205,.2120165,-.0021084,-.0148805,.185236,0,.197091,.0475925,.1967579,-.1361492,.0098194,-.1725738,-.0186165,.0104086,.0090852,-.0016053,.4254044,.0693494,-1.226002,-1.032029,1.942662,-5.944675,2.040794,-3.977621,-.0951752,-.0435173,-.0758263,.0261657,.0583397,.0373445,.0530622,.0310331,.0833555,.0299794,.0963009,.0772887,-.2092582,.0178325,.1117072,1.052281,.0869494,.028747,.1082021,-.0693463,.0131227,.0309279,-.016205,.0560089,.1150978,.570714,-1.609649,-1.02e-10,.169194
.1686683,.184541,.0298924,.0163694,.0663967,.1030908,-.0075587,.1855344,.0074042,-.0178325,.2179673,-.5281027,.0404401,.023332,.0836822,-.1004967,-.0073818,-.1663974,-.0200789,.0002753,-.0024487,-.0008615,.4155525,-.2609786,.5081702,-1.302516,1.344056,-3.629986,-.7056675,-1.660432,.1546946,.1795601,.199498,.3546311,.4653218,.0403925,.0276874,.2966031,.1127813,.0655278,.0575819,.3011478,-.0009773,.0500507,.114208,1.082112,.0941068,.08091,.0687309,-.0118401,.0107045,.0440831,-.0517175,.0860276,.1099064,.5783997,-1.864038,-1.42e-10,.1700223
.0240434,.1477334,.0108516,.0352032,.0553445,.146652,.0408659,.1434918,.0005524,-.0338696,.1393578,0,.1583578,.0393319,.1110371,-.1187048,.0011884,-.1116502,-.0179522,-.0253439,-.0071078,-.0006613,.3363492,-1.266029,.0706449,.7456292,.9714888,-1.88766,-.0209531,1.045238,-.1498569,-.1396479,-.1485675,-.0419944,.0032647,.0495094,.0322868,.0081026,.0928919,.0307242,.0483956,-.0577717,-.0380397,-.0146757,.1060712,1.037654,.1085858,.0493045,.0016567,.0262734,.0215483,.059747,-.0389403,.0783325,.120394,.5928354,-1.497861,-1.90e-10,.171923
.1637521,.0303293,.0119336,.0085114,.0607844,.1091884,-.0784104,.1568506,-.0006564,-.020623,.143827,-.4184354,.0660334,.0256008,.1599482,-.0409571,.0105651,-.1102193,-.0184401,-.0081178,-.0065988,-.0006713,.2962113,-.3464513,.2795582,-.4390285,1.88082,-4.413342,-.2747493,-.6265807,.144426,.1628942,.1120126,.2185188,.2548562,.1166604,.1373097,.2409714,.115237,.0779309,.0477268,.2452115,-.0261192,.0436902,.1336209,1.271294,.0834869,.0449143,.1099737,-.1237584,.0005203,.0440408,-.0294926,.0758701,.126663,.6495836,-2.139586,5.83e-10,.1646255
.0471149,.0643005,.0065665,-.0349241,.008561,-.0635054,-.1446332,.1760275,.0073944,.0100301,.1919182,-.5016339,.1241926,.0216544,.0907324,-.0790907,-.0033621,-.1216859,-.0163839,-.0134658,-.0013921,-.0007676,.2681738,-.1749528,-.2881051,.8112613,1.240823,-3.064376,.5627894,.5258556,-.1164605,-.0779125,-.0763495,.0415027,.0644897,.042352,.0886863,.0223713,.0611719,.0220241,-.073406,.0066302,.0828942,.0037637,.0850064,.8407534,.0773919,.0078032,.0233011,-.0112439,-.0070028,.0599442,-.0299045,.0557588,.1197575,.5986934,-1.418836,-2.77e-10,.1702011
.206817,.1037353,.0057671,.039578,.025807,.1479861,-.0919989,.1657958,.0115062,-.0045013,.1214508,-.4062078,.1208864,.0065593,.1578402,-.0895227,-.0013326,-.103875,-.0336296,-.0388631,-.0054361,-.0006554,.7831342,-2.17443,-.0165974,-1.275349,1.573757,-4.349368,.1399678,-2.45474,-.0107759,-.0535266,-.1158398,-.0304212,.0090124,.0732429,.1473843,.0941255,.109167,.0224728,.0122486,.104703,.1067626,-.0891304,.1305396,1.219967,.0728335,.0435903,.0374054,-.0922196,.0052052,.0229447,-.0326962,.0659736,.0944631,.4678077,-1.520214,-2.83e-11,.1695963
.1506715,.1474877,.0456499,.0652212,.075476,.0864289,-.0325499,.1759302,-.0104154,-.0181729,.1900584,0,.064298,.0197035,.1498444,-.1008141,.0163802,-.1262904,-.0162107,-.0456714,-.0034471,-.0007208,.3563887,-1.784029,.4971095,-.6906728,1.128148,-3.153442,-.6779651,-.7827656,.0521804,.0505769,.0653887,.2329163,.3356131,-.0141219,.0038952,.1842276,.1190727,.0687191,.0721315,.1519637,-.0968192,.054646,.0966797,.9170566,.0798984,.078066,.0583333,-.0253566,.0189484,.0480103,-.0186076,.0085101,.1260964,.6271989,-1.652035,3.99e-10,.1675867
.0675123,.1257308,.0264802,.0346635,.044435,-.0495504,-.0302574,.1452033,.0102325,-.0242906,.1591387,0,.1228178,.0040076,.2195852,-.1459106,.0028695,-.0960422,-.0108922,-.0023363,-.0047486,-.000777,.1932335,-.235673,-.3659739,-1.341009,1.296753,-3.684227,.6671495,-3.123811,.0270208,-.055064,-.0432195,.0891539,.1479724,.0769829,.077028,.1637499,.1171667,.0619812,.0294338,.1255039,-.060144,-.0178834,.1014358,.9492157,.0798608,.0525875,.0292591,-.0321701,.0159015,.0904024,.0110838,.019733,.0949234,.4765148,-1.399548,5.15e-11,.1681034
.0896141,.1187139,-.0294132,-.0373925,-.0063937,-.0607628,-.0753925,.1055472,.0115405,-.0462045,.0409127,0,.9157017,.3370528,1.000286,-.0520407,.0243879,-.0475571,-.0087125,-.0288113,-.0048213,-.0007362,.1222756,-1.13515,-.1293582,-.0918505,1.814011,-4.521394,.343179,-.6346843,.090868,.241553,.2083317,.3355994,.3539658,.0434636,.0725043,.2214977,.1242588,.046107,.0240641,.2107018,-.0312777,.1398043,.1120335,1.060302,.0717196,.0430608,.0079886,-.0058728,-.0199121,.0271653,-.0415243,.0618538,.1249455,.6421528,-1.934346,-1.68e-11,.1700403
.1564102,.1887354,.0274818,.051501,.0848331,.0926721,.0436718,.1806108,.0089066,-.0275309,.1783124,0,.1001492,.0148622,.1003999,-.084276,-.0084745,-.0559322,-.0262984,-.0403585,-.0023452,-.0008745,.5539264,-2.012154,.6328021,-1.64003,2.081466,-5.778606,-.8374534,-1.915172,.1023781,.174348,.1627443,.2960774,.4311928,.0563608,.0375194,.3420085,.1457856,.0632992,-.1106381,.2761935,-.2060098,.0610869,.0766403,.7058004,.1074714,-.0077118,.0229222,-.0001883,-.0001647,.0487358,-.0614722,.067467,.0968348,.493875,-1.444963,1.46e-11,.165403
.1802926,.1380507,.0199215,.0500721,.0718544,.0727015,-.0115519,.1634214,-.0013665,-.0292036,.1332491,-.4479461,.0823424,.0321355,.1786385,-.0988315,.026324,-.0630867,-.0135185,-.0360517,-.0070062,-.0004782,.2726214,-1.566287,-.669058,-1.429062,1.49347,-3.49378,1.159928,-3.739657,.087191,.1892874,.1531832,.3205141,.3583609,.0394028,.0155662,.2317007,.0770153,.0612719,.1087621,.2441452,.0146357,.0431177,.0948269,.8932931,.1000736,-.0051992,.0250329,-.0162707,-.0109924,.0659155,-.0229704,.0105678,.1139045,.5645639,-1.540979,1.68e-10,.1659488
.1812276,.1008171,.0280638,-.0007606,.0507229,.054473,.0030849,.189074,.0040075,-.019226,.1743645,-.4970407,.0559693,.0294267,.1245159,-.1300085,.0042752,-.1641522,-.0150873,.017049,-.0106346,-.0005044,.2355124,.216661,-.5337824,-.4627793,1.058403,-1.889435,.9264579,-1.820367,.016997,.0442031,.0469311,.2373355,.2873764,-.020317,-.0268622,.1148397,.1040007,.0690932,-.0137925,.1475131,-.0793049,.0187119,.1033211,.9855116,.0832347,.04794,.0303879,-.0022555,.0174216,.0825445,.0112153,.0337044,.0811987,.3783189,-1.414686,-4.08e-10,.1700914
.2334463,.2015758,-.0078317,-.0020098,.0257605,.0224879,-.0759626,.2152753,-.0043348,-.0082413,.193527,0,.0216698,.0397285,.0583436,-.1195444,.0069325,-.106976,-.0207803,.0039662,-.001847,-.0006331,.4457188,-.2193706,-.6276257,-.5636584,1.051415,-2.476848,1.049937,-2.08907,.1717495,.2132226,.1774386,.304711,.380277,.0526893,.0764221,.3687289,.1019803,.0450415,-.0403615,.3703646,-.1220457,-.0333487,.0972201,.9393453,.0814324,.1218784,.0955757,-.0837234,.029985,.0565398,-.0432877,.0946419,.108114,.53764,-1.683728,-1.78e-10,.1680921
.0760349,.1445311,.0147617,.0542858,.0454877,.0305657,-.0205439,.1659606,-.0043154,-.0142031,.1922429,-.513163,.0553232,.054581,.0475755,-.0763198,.0004752,-.1275646,-.01584,-.0253022,-.0124147,-.0004633,.2661901,-.9855785,-.033807,-.8066054,1.480796,-4.665034,.1405846,-1.723757,-.0778216,-.1113875,-.1563957,.0130414,.1147457,.0099827,.0018071,.0911848,.1137299,.0802735,-.0652937,.0124701,.0290672,-.0415923,.1013793,.9583126,.0872955,.0921126,.0153448,-.0058981,.0056843,.0417858,-.0448632,.1106011,.1391009,.7087799,-1.464758,-3.42e-11,.1668085
.1840353,.0964541,.0070269,.0217488,.0146829,.1144731,-.0276497,.1654775,.0388555,-.0205915,.1589358,0,.1432032,.0639266,.1213756,-.111817,-.0092636,-.1216069,-.0176316,.0282061,-.0035195,-.0008332,.3234791,.9259642,-.0423084,-1.1703,1.107374,-3.433631,.1279947,-2.334876,.0719964,.072134,.0784152,.2191538,.2052821,.0608074,.0967431,.1793159,.0881867,.0336725,.1272118,.2398028,-.1167082,.0008956,.0918988,.8620188,.0835604,.0259567,.0116911,.0133422,-.030122,.0391156,-.0438007,.0549222,.1068885,.5336472,-1.387776,2.36e-10,.1700111
.0884592,.2915901,-.0047291,.0113952,.0476472,.0479173,-.0516875,.197888,.008952,-.016126,.1490725,-.471313,.0631656,.0503709,.2235415,-.0659934,.0082597,-.0876022,-.0255818,-.0138113,-.0054988,-.0010185,.5022613,-.9097085,.3004288,-.8414021,1.793119,-4.804431,-.3363536,-1.303613,.1947563,.0966217,.0962908,.2394132,.2721357,.0431011,.0735235,.3248955,.1103886,.0518365,.0187762,.3010779,-.0864789,-.028851,.1169613,1.103902,.0962676,.1074802,.0596018,-.0289786,.0258319,.0556922,-.0646207,.1026368,.117059,.5921923,-1.795902,-2.12e-10,.1677688
.0582511,.0085124,-.0383405,-.0074509,.0433213,.0140604,-.0816673,.1725218,.0148777,-.0200876,.1597807,-.4950554,.1151735,-.0168115,.0966385,-.0849582,.0033461,-.1316468,-.0196299,.0048135,.0055036,-.0010702,.4589369,.0579868,-.5384627,-.7202383,1.066167,-2.426427,.9370038,-2.319137,-.0217245,.0007801,-.0636762,.1162036,.1917274,.0447691,-.0145142,.1785811,.1043613,.0500398,.0249105,.0797809,-.0171884,-.0530043,.0983014,.9345393,.0856874,.0533689,.0725302,-.0749638,-.0073724,.0557376,-.0418379,.0472235,.0907191,.4263414,-1.317011,2.35e-10,.1697294
.1213062,.029747,-.0349571,-.0616605,-.031888,.0749885,-.1423178,.1871239,.0064342,-.0114424,.1344374,0,.0869206,.0516565,.1591702,-.0577272,.0167855,-.1342967,-.0203579,.0055315,-.0102537,-.0004331,.368478,-.1545518,-.0356383,-1.752713,1.053391,-3.274072,.0882856,-3.296138,.2798277,.3013428,.3163937,.4519545,.5182338,.0002507,-.0013315,.462917,.1348975,.0664654,.0168441,.422755,-.1740111,.0631901,.1078468,1.017999,.0652311,.0507184,.0482426,-.0405443,-.0110256,.0622633,-.005427,.0358643,.0964229,.4973559,-1.725295,1.96e-10,.1705022
.199347,-.0044499,-.0115414,.0141895,.033501,.1981918,-.1528246,.1858155,-.0105821,-.0032423,.1815398,-.5196283,.0960389,.0409426,.183028,-.1114227,.0030959,-.1390667,-.0321177,.0284257,-.0023142,-.0009482,.723097,.7161182,-.2153059,1.790225,1.356555,-3.485493,.4507642,2.241261,-.0030875,.0760752,.0415379,.1914507,.2432012,.0377254,.0677969,.1443585,.0956766,.0687968,.0540228,.1322601,-.1360437,.0470821,.105011,.9885634,.0793376,.0979161,.1125129,-.0923213,.0099554,.0685145,-.0153644,.0376289,.0890372,.451099,-1.638109,-2.37e-10,.1665251
.1457932,.1678194,-.0242726,-.016687,.0431261,-.0934148,-.0995759,.2029035,-.015111,-.0228435,.1518229,-.4525279,.0152234,.0527521,.0879592,-.1435841,.0285727,-.1192316,-.0194685,.0185832,-.0024638,-.0007021,.4469168,.4407242,.2597241,-.3803432,1.18437,-2.768351,-.3200639,-.4662173,.1165676,.0996942,.0947105,.2338268,.3142551,.0570296,.074424,.2761696,.1105317,.0363948,-.0569788,.2148858,-.0938315,-.0124486,.1249267,1.163618,.0914298,.0023166,.0423898,-.0546331,.0218122,.0674641,.0099069,.0635822,.0902995,.4274108,-1.753922,-7.03e-11,.1687628
.1212626,-.0897843,-.0240079,-.0372497,-.0165609,.005329,-.1206747,.1650515,.022718,-.0113509,.1317201,-.4843473,.0599456,.0591016,.1127546,-.0806692,-.002238,-.1391769,-.0216424,-.0038917,-.0131617,-.0004574,.3853424,-.4781445,-.7838807,.1123687,1.613435,-3.90206,1.337786,-1.330771,.0148192,-.0059591,-.0093749,.0923116,.1620515,.0580085,.1019244,.1684404,.0948389,.0281911,.0833275,.1383544,-.1411254,-.0284812,.114997,1.082452,.0588153,.0506982,.1183636,-.1108805,.0039185,.0410407,-.0255781,-.0107652,.1012843,.525594,-1.56144,7.47e-11,.1665469
.0921572,.1034072,.0483853,.0636886,.0889181,.092025,-.0555893,.1610993,-.0088307,-.0014917,.1948036,0,.1990636,-.022687,.2569994,-.0093642,.0107083,-.049884,-.0311946,-.009779,.0211664,-.0026984,.7740416,-.9885166,.4628094,.3101274,1.379079,-4.088242,-.6352073,.9256695,.0162521,.0515598,-.0031156,.1438267,.1854228,.0354977,.0656812,.1204993,.0704278,.023107,-.0645156,.0972907,-.1216926,-.0055431,.1415812,1.353312,.0932302,.0650392,.0759332,-.0242575,.0190848,.042997,-.0149228,-.0056913,.1115003,.5319561,-2.041494,6.40e-11,.1660635
.0594724,.030518,-.0262492,-.0100562,-.0021374,-.0650602,-.0951993,.1197905,.0217971,.0023346,.0537042,0,.2607571,-.0276362,.3693001,-.057908,-.02675,-.0353126,-.0002417,-.0479679,-.0062073,-.0006644,-.0475533,-1.553262,-.3842928,-1.313084,.7604518,-2.171617,.6432694,-3.099112,.0215796,.0075756,.0426479,.1999905,.2776546,.0001564,.0049874,.1701938,.079875,.0242378,-.0467862,.1052652,.2360455,-.0402115,.1248964,1.183351,.0852476,.0499845,-.0142787,.0109971,.0137046,.0547176,-.0232414,-.0022849,.1023341,.5106308,-1.50502,-1.06e-10,.1713621
.1022524,.1784609,.0275391,.052177,.0709996,.0335435,-.0567555,.1891845,-.0064883,-.011797,.1792313,-.4808533,.1941462,.0249512,.2438993,-.1716681,.0112409,-.0921644,-.0215045,-.0039266,.0068749,-.0013546,.5520083,-.2759493,-.021324,.9074529,1.554856,-3.325785,.1447273,1.149714,-.1558719,-.0544957,-.089695,.0436971,.0786979,.0467358,.1038754,-.0682586,.1595229,.0978902,.0252189,-.0245039,-.1642657,.10442,.1140678,1.089775,.054086,.0524879,-.0015454,.0468066,.0455106,.0545898,.0038515,.0137457,.1064228,.5258268,-1.774123,1.40e-10,.1657057
.1424455,.1514995,.0446737,.0479385,.1416792,.2786095,-.0041359,.1664614,.0112399,-.0287303,.1722568,-.4160484,.1328121,.0502648,.2538739,-.099486,.0113829,-.1069484,-.0096693,-.0203184,-.0074125,-.0003491,.1959285,-.3168824,.1820256,-.4074721,1.118888,-1.891668,-.1816711,-.757567,.0367156,-.0249192,-.0557639,.0226324,.04546,.0729936,.1751409,.1217451,.1415428,.0711905,.0534367,.1023469,-.1600968,-.0269206,.1084372,1.02595,.1122754,.0859143,.1066806,-.0741746,-.0202816,.0366205,-.0418406,.0686006,.1025474,.5179646,-1.576049,-9.50e-11,.1697683
.0708776,.1926801,-.0210754,.0173511,.0383026,.0025875,-.0508467,.1266349,.0260374,-.0190819,.0689989,-.3879128,.1005672,.0270316,.2492501,-.0966818,.0020935,-.0724151,-.0135462,-.0146098,-.0054844,-.0006003,.2726927,-.774796,.6369332,-.3242513,1.179784,-3.347097,-.952354,.3104012,.0600229,.0609096,.0233425,.1918807,.2352983,.0044674,.0087696,.2250574,.0648818,.0072636,-.0352587,.1877953,-.0913603,-.1161225,.1265708,1.217751,.1018737,.0401845,.0298684,.0057042,.0028513,.070049,-.0006498,.0050853,.1066453,.5310634,-1.663223,1.96e-10,.1677189
.0944693,.0101422,-.097536,-.1000497,-.0999146,-.0529525,-.2429973,.1079798,.0447273,-.0176984,.0533067,-.4685507,.2042369,.0793556,.2943157,-.0235096,.0069465,-.1536369,-.0011416,-.0194083,.0049315,-.0014728,-.0658812,-.6131731,-.0402535,-.1956101,1.173436,-2.999853,.1489379,-.6119052,-.0346891,.1674954,.0549767,.2159708,.2835344,.0575272,.0269053,.178841,.0921317,.0612955,.0331564,.1537274,-.2490907,.0627394,.1236023,1.181778,.0846635,.0644456,.052472,-.0584308,.005677,.0827331,-.0190295,.0178035,.1002279,.4884611,-1.663714,1.20e-10,.1664185
.1049797,.1540145,-.0189699,-.0425547,-.0229121,.0687473,-.0893318,.152939,.0504369,-.0006451,.1113315,-.4143153,.0559687,-.0167907,.1873276,-.0849914,-.0258593,-.14469,-.0099678,-.0107795,-.0034444,-.0008138,.1609307,-.4506491,-.1602788,-.0960716,1.73806,-3.959782,.3837774,-.7382968,-.0768854,-.0025683,-.1076838,-.0045141,.0373284,.0675156,.1214791,.0225771,.1008922,.0691013,.0112907,-.0320591,-.0541265,.045947,.1202874,1.122249,.0571496,.0568937,-.083645,.0995912,.0239441,.0767735,.0164247,.0018406,.0946223,.4629977,-1.54709,3.22e-11,.1684108
.1850314,.1191108,-.0130708,-.0307258,.0280071,.0926189,-.1397637,.1932782,.0028081,-.0062295,.1797884,-.5138866,.0760916,-.0042697,.1567043,-.1073353,.0170732,-.1706514,-.0244105,.0100086,-.0086769,-.0005081,.5461897,.1200279,-.2902052,.503693,1.797369,-4.857418,.5463789,.1032988,.096017,.0581924,.044506,.1559345,.2221954,.0360346,.0556718,.2407469,.1205707,.0605584,.1662097,.2219084,-.0527147,-.0045565,.1440366,1.336041,.0609598,.0984632,.1255993,-.1356616,.0093941,.0803497,.0043908,.0304672,.1182793,.5931296,-2.083888,-1.15e-10,.1680091
.093168,-.0476213,-.0412503,-.0275131,-.0558601,-.1916517,-.1793405,.1761006,-.009099,-.0030788,.1123031,-.4530723,.1384509,.034945,.245979,-.1212882,.0077673,-.0708124,-.0120596,.0145771,-.0054143,-.0006146,.2186783,.5371528,-.2202311,-.3701785,1.304874,-4.08319,.4454497,-1.37426,.03926,.0825947,.0102246,.100979,.1273482,.114278,.1856309,.3161445,.1100008,.0519764,-.1062543,.1932144,.1109424,.0073981,.109527,1.031751,.065447,.0393805,.0901812,-.0909417,-.0076995,.0656127,-.0273397,-.0015766,.1034635,.5178319,-1.60146,7.98e-11,.1675354
.1162357,.0917252,.0151298,.0154984,.0248713,.0698557,-.0338698,.1459424,.0156677,-.0180516,.140728,0,.0143403,.0532687,.1518948,-.0451866,-.0080162,-.1040416,-.0301533,-.0069348,-.0024301,-.0006911,.6879141,-.8015531,-.3842278,-1.209718,1.433249,-3.524353,.6824642,-2.901954,.0618648,.0493592,.0271754,.1757961,.2041779,.0371966,.0576718,.1629592,.1154126,.0358967,.0229764,.242694,.1126164,-.0292326,.1168675,1.088245,.0818748,.0027234,.0298559,.0183044,.0080601,.0436637,-.0071318,.0035644,.1277872,.6485258,-1.772368,1.52e-10,.1684563
.0053681,.1387973,-.0474651,-.0510633,-.1000775,.0174298,-.1767011,.1205983,.0429219,-.010594,.0885936,0,.1287668,.0599617,.2326174,-.0687727,-.0081067,-.15566,-.0149464,-.0285441,.0038085,-.0011613,.278685,-1.271389,-.1641545,.1080507,1.801578,-4.92653,.3982893,-.4290533,-.0632847,.0684509,.0633242,.1851932,.2888253,.0644751,.0496207,.1090325,.0795999,.058258,.01735,.0923983,-.0926526,.1010403,.1026742,.9613578,.0696926,.0856469,.1455015,-.1394177,-.0052936,.0426909,-.0369441,.0865828,.1171636,.5900551,-1.60853,-1.03e-10,.1722424
.0953283,.1727187,.0424165,.0580406,.1226657,.2248437,.0112562,.155609,-.0201566,-.0466995,.162521,-.399967,.105427,.0331646,.2596669,-.0589651,.0342049,-.0979314,-.0190087,.0290808,-.0014741,-.0008177,.4293948,.5778483,-.0309132,.0915866,1.998227,-6.021365,.1291305,-.1897203,.0287883,.0951687,.0869928,.1871855,.2313021,.0578117,.1113203,.1843526,.0897576,.0340277,-.0617591,.1496483,.0314297,.0633322,.1299528,1.238393,.1078153,.0223776,.05239,-.008343,.012649,.0427227,-.0385985,.0497765,.0987834,.5048626,-1.951678,-1.67e-10,.1686417
.1653571,.0778796,-.0018691,-.0209083,.0090999,-.1444035,-.1355493,.1844911,.0103778,-.0033568,.1796488,-.490389,.188044,.0139135,.1473347,-.0746112,-.0000709,-.1398445,-.0087156,-.0201425,.0007608,-.0009595,.1295641,-.8059238,-.3917902,-.9033775,1.719322,-5.267468,.6940238,-2.352632,-.0413624,-.0242331,.0197588,.1193152,.2023275,.0001589,.0394783,.0969633,.1212123,.0348858,.1536477,.0999417,-.1155458,.0189395,.0756543,.7283502,.090041,.0277911,.0417253,-.0501267,-.0015885,.0684974,.0131939,.0089127,.114904,.5774619,-1.323307,9.01e-11,.1698872
.0344803,.180036,-.067699,-.114198,-.1083613,-.1301908,-.2039133,.1329205,.059712,-.0219166,.0621616,0,.121028,.0370372,.168744,-.0853166,.0068229,-.19143,-.0166326,-.0197888,-.0033968,-.000485,.3619183,-.8087289,.7491896,-.1454921,1.15939,-3.127859,-1.082293,.5916871,.1102966,.1939226,.1696086,.3316007,.3755291,.0192757,-.0116274,.3052431,.098691,.0892189,.0646847,.1895773,-.13237,.0705687,.1168456,1.096494,.0889826,.0724728,.0802526,-.0672924,.0461931,.0265405,-.0205501,.0649145,.1186972,.589134,-1.76718,-2.84e-10,.1716994
.0891861,.0816746,-.030966,-.0281602,-.0040952,.0595222,-.1242153,.1353424,.017547,-.0280903,.1124334,-.4406247,.1924469,.0718606,.2813144,-.0746806,.0125285,-.1365704,-.0213534,.000399,-.0003036,-.0010184,.4424871,-.3787964,.1551298,-.5881431,1.350763,-4.07921,-.1766375,-1.034002,.0038748,.0200054,.0418677,.1699196,.1912229,.0419965,.0987739,.1994127,.1502173,.0894029,.0037881,.1389567,-.0390743,.0572298,.1060283,.9917412,.049957,.060525,.169787,-.1542669,-.0058339,.0114263,-.0719569,.0687509,.121616,.6215143,-1.601953,2.83e-11,.1664226
.0839213,.0357179,.0089871,-.0409453,-.02246,.0794722,-.0751414,.1504223,-.0027216,-.0198036,.119106,-.4580005,.2822044,.0128286,.2921978,-.0918013,.028044,-.0962855,-.0341371,-.0102706,.0083298,-.0016582,.802058,-1.157355,.9192627,-.8459436,1.171754,-2.165232,-1.332669,-.2861107,-.0597292,-.0437591,-.1123463,.0078412,.0169972,.0688448,.1607288,-.0368188,.077105,.061357,-.011002,.0359295,-.0071809,.0282441,.0948468,.9091889,.0930174,.0306193,.0516509,-.0077251,.0222862,.068781,.0043478,.0340492,.0931555,.4782941,-1.304123,-8.19e-11,.1705672
.1293408,-.0076369,-.0297237,-.0060587,-.0225696,.1362531,-.1356416,.1731572,-.0073584,-.0000716,.139066,-.4662936,.1356226,.0372608,.1907249,-.0685179,.0003051,-.0622169,-.0183859,.0013814,.0023082,-.0013338,.3653893,-.3180155,-.2640812,-.8339047,1.496113,-4.862078,.4955706,-2.017062,.1266039,.1379078,.0912965,.1961324,.2257354,.0790911,.1500438,.2403702,.0956779,.0238219,-.0066491,.2604215,-.1840141,-.0164699,.1207338,1.135694,.0710105,.0451852,-.0165957,.0367212,-.0080457,.0482134,-.0367997,.0587338,.1054311,.5268579,-1.770578,-1.38e-10,.1718929
.1130959,-.0620576,-.0381459,-.0389476,-.0085027,.1329768,-.1232768,.1409517,.0240035,-.0197856,.1056128,-.4313297,.0387833,.0171575,.1807161,-.0610195,-.0039541,-.1575813,-.0188728,.0142153,-.004919,-.0006554,.3974956,.3344111,.1836255,-.8739451,1.917794,-5.123518,-.1388464,-1.51377,.1215902,.148021,.104205,.1920389,.2778485,.0717706,.0969134,.2589476,.1443307,.0830578,.1277971,.2178258,.0118117,.0180289,.0933828,.9012465,.0849177,-.0629456,.0050529,-.0016395,.0193422,.0488716,-.0213971,.0239304,.0922646,.454382,-1.457206,3.84e-11,.1677419
.1282292,.1853702,.0186841,.037007,.0592477,.0109915,-.0344859,.1302434,.0117681,-.0303287,.131701,-.4168698,.0890733,.0397046,.0924692,-.0615529,.0067243,-.0643888,-.0164152,-.0122063,-.0016616,-.0008442,.3332562,-.6026956,-.5795285,-1.288665,1.916254,-4.875511,1.073512,-3.494951,.0852327,.0839682,.0554941,.1356683,.1509296,.0518716,.1127744,.284736,.0725102,.0253923,-.0223572,.197943,.0131693,-.0636192,.1424178,1.312464,.1049181,.0170038,.0639866,-.0623097,.0096606,.0559849,-.0011085,.0693687,.094366,.4801758,-1.815803,1.16e-10,.1704937
.1052439,.1169673,.0560469,.048091,.0867281,.0754378,-.1015543,.1524939,-.001612,-.0250076,.1668447,-.4157368,.1971261,.0041039,.2240019,-.119666,.0067932,-.1073179,-.0078806,-.0027151,.0013237,-.0008889,.1421817,-.1609069,.0133795,-.9308935,1.274718,-3.588395,.0394676,-1.838678,.1512309,.2229094,.2072975,.2892066,.3235774,.0606669,.1066245,.3097854,.1007065,.0606089,.0296819,.3008521,-.1026562,.0489979,.1093278,1.050294,.0981279,.0449505,.1410521,-.1253425,.0210868,.0418084,-.0263531,.057159,.1325264,.6611356,-1.954547,3.36e-11,.167128
.162204,.0645015,.0261013,.0186667,.0714018,.0725151,-.016694,.1005334,-.0125744,-.0443643,.1048372,0,.0932394,.0483453,.2134708,-.0322444,.0216758,-.0705513,-.0195125,-.0392462,-.0037893,-.0006904,.3591772,-1.800632,.106835,-1.458283,1.652414,-4.543055,-.0586145,-2.582526,.0966842,.0615452,.0643215,.1809991,.1845423,.067984,.0876155,.2004373,.1357875,.0765158,.0823095,.297009,.0590447,-.0105371,.109971,1.047007,.0983302,-.0148153,.0219411,-.0096869,.0110269,.0481835,-.0149054,.0686543,.1127468,.5598052,-1.578807,1.17e-12,.1663837
.0818009,.182393,.0168612,.0257175,.0868189,.0194777,-.1460143,.1325855,.0089996,-.0288099,.1286778,-.4108325,.1893895,.0536384,.2911352,-.0835255,.0072789,-.1231132,-.0235961,-.0374933,.0077048,-.0014087,.5311159,-1.75777,.5092053,-.9175225,1.191045,-3.280375,-.7199687,-1.092217,.1618698,.169471,.0946025,.2026024,.2857586,.0612413,.0670639,.3343962,.0686467,.034634,-.0393226,.2454077,-.0798897,-.0608493,.1217655,1.139675,.0874362,.0541334,.0375442,-.0298497,-.0054384,.0571598,-.0129547,.0399551,.1081524,.5344284,-1.745265,-4.92e-11,.1735085
.0728535,.070816,-.010977,-.0220058,-.0225901,-.1799982,-.1122809,.1825116,.0304314,-.0116842,.1496373,-.4998612,.2174098,.0304713,.2507693,-.1257832,.0041652,-.1421563,-.0127119,-.0266879,.0030823,-.0009236,.2983066,-1.269732,-.2385418,-.3230355,.9536479,-1.364851,.4578287,-1.181858,.0837312,.1137619,.0570995,.196424,.2340579,.0622708,.0335094,.1605495,.0779585,.0184539,.0802579,.1850073,.0373995,-.0253261,.1055016,.9851168,.0835432,.0695444,.0546299,-.0238783,.0226473,.1015095,.0230059,.0203806,.1175533,.5955719,-1.671425,-2.45e-10,.1690173
.105959,.2009099,.0209616,.0397373,.0386049,.3165742,-.0566278,.1703,.0019554,-.0203714,.1683061,-.430639,.1434627,.0694037,.1565476,-.1044545,.0077166,-.1048562,-.0150713,-.0037859,-.013926,-.0002267,.2304727,.0389206,.6678895,-.1363415,1.746896,-4.811015,-.9616498,.473991,-.007689,-.0494407,-.0987575,-.0033337,.0583655,.0731764,.1346314,.1419505,.0959513,.0126845,-.0679719,.1187477,-.0175607,-.0817107,.0931139,.9090272,.0874023,.0088981,.0490342,-.0293672,.0423324,.0251177,-.0330872,.0527153,.1092709,.5696174,-1.401636,6.17e-11,.1701707
-.0045123,.0739841,-.0656904,-.0757035,-.0822416,-.0138531,-.1762017,.1447647,.014321,.0038028,.0821951,0,.1136066,.0420697,.2049308,-.0182045,.0016093,-.1460709,-.0293268,-.0604292,.0058729,-.0014787,.6831155,0,-.0555378,-2.50494,.9438561,-2.126489,.1808295,-4.641136,-.0154714,.0931633,.1185593,.1707011,.2213877,.0500476,.1519554,.0925292,.0982119,.0326754,.0383813,.1570356,-.0821151,.1248688,.107129,1.041196,.1101593,.0805793,.0674983,-.0083997,.0053022,.0729884,.0004725,.0102681,.113419,.5740599,-1.578556,-3.72e-10,.1698732
.2527832,.114254,.0150637,.0171994,.000833,.066807,-.0576646,.129597,.0310728,-.0265211,.1457333,-.4715176,.1372774,-.0097672,.1902411,-.0644593,.010276,-.1012955,-.0185538,-.0387569,.0000542,-.0011471,.4389028,-1.76794,-.0066347,-.1670942,1.504294,-3.661195,.0941274,-.5324753,.1057028,.2197198,.1702444,.3178583,.3568488,.0233267,.0482638,.1590582,.1094179,.0743306,.043482,.2422287,-.0825629,.0757185,.1212858,1.136308,.0786791,.0732435,.0690367,-.0538318,-.00502,.0571553,-.0263901,-.0018039,.110424,.5426182,-1.881745,2.57e-11,.1723966
.1217726,.0953361,-.0150406,-.0197009,-.002371,.0450564,-.1311867,.1609899,-.0025205,-.0200206,.1258931,-.4560596,.1272317,.0652921,.1506659,-.0632112,.0284883,-.1078318,-.0181357,.0155181,-.0081267,-.00042,.3268606,.250342,-.725634,-.7187516,1.175297,-2.382506,1.232278,-2.71854,.0420969,.1021334,.0812947,.2292008,.3078484,.0167739,.0305253,.1387357,.1075171,.0799503,-.0609008,.1285295,-.042045,.0502992,.1114666,1.065968,.0694773,.0173741,.0629123,-.0598455,-.0078497,.0602002,-.0099166,.069381,.0957603,.4630623,-1.569903,2.06e-10,.1671855
.1022821,.0407872,-.0335477,-.0710641,-.0257224,-.0875681,-.1673826,.1414153,.0418328,-.0095874,.0946384,-.4524413,.082308,.0369579,.1671964,-.1015756,-.0065255,-.1233878,-.0256407,-.002391,.0057944,-.0014382,.5560936,-.8834023,.2926662,-1.278843,1.826348,-4.717999,-.3095525,-1.988549,-.173536,-.0195514,-.0063683,.1166935,.1844665,.047104,.0608975,-.0173515,.0951584,.0340479,.0971183,-.0403178,.0962037,.1337766,.1479295,1.40627,.0784717,.0292273,.1233297,-.1387417,-.0176754,.0480082,-.0495792,.0407391,.1160525,.579352,-1.903906,1.41e-11,.1659835
.1758282,.2413305,.0476907,.0506458,.077068,.0934222,.013404,.1743204,.0137978,-.0072415,.1768619,-.444914,.1819872,.0735799,.2617246,-.0653303,-.0139717,-.0534046,-.0151091,-.0184821,-.0036937,-.0006497,.3067639,-.7678275,-.140688,-1.339457,1.591848,-4.194791,.360653,-2.834338,.0007001,.0569782,.0491774,.1879979,.2453695,.0303895,.0226591,.135826,.0702057,.026987,-.0562449,.1197507,.2483848,-.0137129,.1141128,1.066581,.0798738,.0468172,.0060311,-.0063493,.0311277,.0514529,-.0026248,.0562732,.0893993,.4481377,-1.522549,1.97e-10,.1737432
.1271738,.0246259,-.025253,-.036748,-.0378672,.476439,-.0884772,.1624044,.0284317,-.0133466,.134499,-.4488004,-.0070579,.0363346,.0940977,-.0896229,-.0046383,-.1605287,-.014952,.0162653,-.006577,-.0005049,.29908,.5305083,-.1976259,-1.008185,1.331343,-2.899811,.3909896,-2.475889,.0549245,.1321729,.0381929,.1426783,.1428492,.0730447,.1526314,.2037144,.1332627,.0866251,.1108675,.1550961,-.110051,.0564227,.1130267,1.0727,.1034395,.020628,.0353439,-.0147008,.0067171,.0267931,-.0584188,.0536191,.0964573,.4868265,-1.576961,1.74e-10,.1698249
.1182701,-.0505872,-.0196794,-.0301388,-.0623256,-.0795901,-.1991985,.1374868,.018361,.0077556,.1207624,0,.0496773,.0159361,.1945642,-.0702039,-.0000411,-.1079486,-.009729,-.023517,-.0077892,-.0004937,.1092508,-.9481452,.1547636,-.3855197,.6510304,-.8114355,-.1909427,-.7285407,.0950986,.0914368,.0260183,.1441916,.1814599,.0374684,.0821026,.2091768,.0840378,.0556044,.02094,.2282799,-.0545764,-.0657095,.1429799,1.327221,.0791561,.0299222,-.036602,.0360509,-.0033652,.0805782,-.0007848,.0461203,.0944303,.4806889,-1.746308,3.52e-10,.1707487
.0679845,-.002683,.0271643,.035397,.0290028,.1020809,.0849613,.1330684,.0084411,-.0435601,.1159249,-.4150336,.1072894,.0384631,.1908904,-.07801,.0098302,-.1115562,-.0295701,.0123308,-.0080061,-.0005166,.6463956,.0516369,-.8067839,-.689158,1.606901,-4.717916,1.343126,-2.677825,.1250119,.2339217,.2164425,.3274905,.3431094,.0306927,.1028231,.2940541,.1366344,.0785258,.0618245,.2733501,-.0267381,.1051845,.1022039,.963436,.0616044,.0227141,.0748006,-.0665352,.0063259,.0525361,-.0005722,.0104542,.1241224,.6404471,-1.80435,-1.98e-10,.171353
.1550119,.0362871,.0008704,-.0012701,.0222262,.1495775,-.0067627,.1855526,.0026843,-.0149991,.1392751,0,-.0748373,.0623344,.123271,-.1077626,.0029328,-.1216395,-.0221379,-.0180702,-.0030529,-.0008815,.4969083,-1.222801,.1457928,-.489511,1.966808,-5.46107,-.0960369,-.9127532,.0262647,.0858954,.0903771,.2110904,.2510949,.0004178,.0509369,.2450769,.1304588,.0447817,.0821344,.2052986,.0970775,-.0143558,.117942,1.115205,.0683773,-.0331771,.010923,.0171521,.022451,.092342,.0182096,.0296225,.1025795,.5258915,-1.752722,-1.08e-10,.1663937
.0581424,.2273584,-.0322838,-.0170686,-.051057,-.0877486,-.1971442,.1739752,.0101752,.007049,.1212195,-.4925967,.1811182,-.001852,.2206289,-.1157229,.0030289,-.1454622,-.0169932,.0166638,-.0005126,-.000796,.458743,.3690636,.1947556,-.3902721,1.603486,-5.021999,-.2341054,-.7139135,-.0522359,-.1180315,-.0732238,.0172297,.0707644,.0297542,.1042044,.1037012,.1304137,.0485977,.040434,.0957902,-.1396931,-.0098944,.1052328,1.022582,.0696879,.0515835,.0667201,-.0528702,-.0005117,.0714065,-.0049917,.0247561,.0905166,.4478812,-1.406899,-1.78e-10,.1677249
.0500562,.0768293,-.0130338,-.0314937,-.0122353,.0366149,.0347936,.1014605,.0470089,-.0475945,.0814701,0,.0943703,-.0005107,.1000309,-.1102082,.0090419,-.10537,-.0235423,-.0265119,.003234,-.0011134,.5267773,-1.467279,.2115722,-.1173134,1.593215,-4.226549,-.2131879,-.1147512,-.0945,.0008134,-.0606199,.0659043,.1488432,.0470833,.0112292,.0643058,.1045536,.0476239,.0804348,.0017254,-.1054425,.0430757,.1181295,1.07084,.0912321,.0333374,-.0156214,.0441964,.002648,.0170644,-.084618,.0745509,.1327433,.6919373,-1.656161,-6.26e-11,.1712654
.1360398,.0167318,-.0280612,-.049472,.0078271,.1373832,-.071802,.1316949,.0042365,-.0285454,.1283831,0,-.0178751,.0548579,.0413741,.0040314,.0129918,-.1050503,-.0237327,-.0539966,.0112948,-.0020623,.5635599,0,-.1790502,-1.153397,1.553478,-4.394831,.3550923,-2.494032,.0995957,.1642456,.1291755,.2812092,.3093381,.0337137,.0690701,.1426709,.1080255,.0466042,.0499058,.2363576,-.1767036,.0491468,.1098603,1.068307,.0982292,-.0425178,.0082781,.0092383,.0061531,.0356803,-.041744,.0674834,.0904486,.4437289,-1.588098,-5.23e-11,.1694498
.0723237,.1434671,.0054672,-.0114549,.0021043,.0002048,-.1116592,.1800974,-.026071,-.0038484,.1322473,-.4298966,.1307909,.0042714,.2297569,-.0418335,.0188473,-.0506155,-.0033726,-.0054505,.0036237,-.0010347,.0213283,-.2136476,.6427488,-1.285663,1.66619,-4.862325,-.8872277,-1.529208,.0395156,.0557315,.0587544,.1642885,.1852919,.0817946,.1028606,.1852108,.0748524,.0322744,.1295071,.1078798,.0265155,.052677,.1011283,.9549847,.0761647,.0623812,.0493096,-.0566351,-.0157049,.0448802,-.0235961,.0447856,.1253075,.6560456,-1.686201,-1.37e-10,.1676237
.1551874,.1917165,-.0224637,-.0086201,-.0437579,-.0874323,-.0634231,.128911,.0351049,-.0275554,.070085,-.4238141,.1442547,.0000292,.1656065,-.0524938,.0076257,-.0518319,-.0092605,.0024441,.0053638,-.001409,.197984,-.1782029,-.3720166,-1.106087,1.171761,-2.616878,.6430161,-2.686471,-.0624155,-.0279646,-.0495392,.1230974,.0987041,.029012,.0893605,.0507099,.1689335,.1155488,.0612632,.099045,-.002177,.0677315,.1000127,.9602052,.105912,.0211673,.0260621,-.0219662,.0257875,.0611551,.0071303,.0569941,.114855,.5795798,-1.470516,-1.29e-10,.1638229
.1260695,.0714697,-.0114358,.0093244,.0157111,-.0101752,-.1121844,.1522589,.0039565,-.0092136,.1070538,-.4577404,.1953195,.0269467,.20264,-.0396782,.0162416,-.0732775,-.0119399,-.0164576,-.0039288,-.0007757,.2119123,-.808619,.0036662,-.6876682,1.723334,-5.214565,.0988933,-1.561866,.0810663,.009428,.0538397,.1736414,.185071,.0455036,.0630091,.2337724,.1179653,.0466063,.1527773,.2404961,-.0695236,-.0396162,.1126484,1.066174,.0982234,.0358684,.0637132,-.0383651,-.011754,.0283135,-.0475347,.0594034,.1262846,.6552429,-1.746315,-3.03e-10,.16594
.1382031,.1357252,-.0371416,.0132268,.0557118,-.0625726,-.0953342,.1928174,.0166195,-.0107789,.157025,-.454967,.070833,.0035093,.125217,-.0957126,-.0080599,-.1606012,-.0126392,-.0144189,-.0017727,-.0006578,.231037,-.5536746,.2179097,-.6371408,1.483017,-3.999146,-.2619296,-1.089567,-.0841095,-.0314154,-.0881349,.0199302,.0286764,.0864542,.1220805,.0815522,.1079952,.0450551,.0328902,.1013592,-.2043787,-.0062979,.1324403,1.271658,.0833535,.097111,.0812927,-.0880568,-.012659,.0212783,-.0577826,.0847921,.1151258,.5848556,-1.767893,-8.81e-11,.1676925
.2119348,-.066201,-.0297976,-.0488253,.0218692,.2008441,-.1428416,.1553972,.0189219,.0036347,.1523125,-.4451306,.0982134,-.0404141,.1499135,-.0651739,-.0053654,-.1179427,-.0086058,-.0446811,.0018645,-.0009474,.1578892,0,-.7737431,-1.41946,1.164545,-2.951483,1.271882,-3.905763,.2089553,.2543119,.2516176,.3891927,.4392838,.0098379,.016287,.3494701,.1629181,.1172548,.0821289,.3072165,-.0819602,.0605667,.1234006,1.175682,.0693613,.0420767,.0507471,-.0984331,-.0008391,.0498037,-.0516249,.0898855,.0842811,.4363049,-1.786191,3.22e-10,.1631624
.0319797,.2565062,.0328769,.0376157,.1062917,-.1418349,.0592593,.1545927,.0088332,-.0280624,.2162334,0,.1941997,.0491358,.234381,-.090242,-.0053953,-.156178,-.0057629,.0169991,-.0004889,-.0008266,.1060442,.6297882,-.5191863,-.6531135,1.361654,-2.870224,.9090915,-2.285712,.0192775,.041942,.0362526,.1521536,.1809781,.0725744,.1386556,.2097985,.0991294,.0368825,-.0393696,.1577471,.0745414,.0006127,.1066558,1.010921,.0734307,.0328673,.0038392,.0053564,.0059483,.0483102,-.0299735,.0646249,.1004809,.4978149,-1.613601,2.19e-13,.1685759
.1607405,-.0008347,.038672,.0571734,.0739,.2367636,-.0682786,.1216927,.0085215,-.0157198,.1291556,0,.2703196,-.0026442,.3203418,-.0241094,.0083483,-.0235966,-.0095562,-.0084523,-.0152528,-.0001234,.0458001,-.1409747,-.0570954,-.8782117,1.691392,-4.723737,.2256412,-1.960697,.0778062,.1007073,.0338365,.1391409,.160548,.0690083,.1266186,.2246996,.1070239,.070481,.1153361,.1728069,.0066341,.0151473,.1101884,1.027057,.055518,.0607648,.0165399,-.0244711,-.0014235,.059402,-.0143974,.003612,.0943467,.4809455,-1.519786,1.76e-10,.1753032
.137845,.1112242,.0086488,.0173697,.0458256,.0672588,-.0210409,.1513872,.0035927,-.0312539,.1460456,-.4338555,.0945996,.0246217,.1307144,-.0340291,.0149459,-.0671762,-.0105912,-.0204895,.0053929,-.0012745,.1812336,-.4487719,-.3042111,-.7861197,2.181947,-6.072105,.641585,-2.11243,-.0194738,-.023341,-.0426363,.098423,.1114586,.0268557,.0858448,.0670708,.1176931,.0571239,.0243256,.0495254,-.0384777,.0191695,.1087746,1.041846,.109006,.1020977,.1236785,-.0923792,.0179737,.0269572,-.0129872,.0677113,.0943479,.4604093,-1.568992,3.15e-10,.1672399
.0514516,-.0131479,-.0316009,-.0639811,-.0073898,-.043546,-.1861587,.1739015,-.0048862,-.0095567,.1500508,0,.075156,.0050435,.1047144,-.0766772,.022251,-.1377117,-.0107526,-.0115655,.004681,-.0011211,.2442159,-.4343176,-.4845123,-.3706349,1.09971,-2.572616,.8497282,-1.7598,.0608926,.0780569,-.0104175,.0902124,.1885026,.069293,.0432704,.1959392,.088893,.044046,.065795,.1338597,.0141086,-.0450617,.1167227,1.140321,.0959983,.017581,-.0393474,.102025,.000739,.0552998,-.0234574,.0505734,.1199047,.584208,-1.716285,1.78e-11,.1708374
.2484547,.2761808,.0151895,.0174383,.0099312,-.2382507,-.1051246,.1802787,.0404344,-.004206,.1548818,-.4529364,.0978102,-.0230569,.1899572,-.1072574,-.0005339,-.1508845,-.0272794,-.0141622,-.0013456,-.0010323,.637068,-1.037562,.1849861,-1.054743,1.863333,-4.429376,-.1709989,-1.766192,-.1384857,-.1029599,-.0577623,.0847533,.070594,.0388894,.0841978,.0043605,.1015261,.0250326,.0485885,.0195384,-.1697879,.0340112,.0716505,.6881044,.0757351,.0219204,-.0075701,.022823,.0310802,.0502241,-.0336634,.0634906,.0987074,.4756398,-1.108131,1.54e-10,.1658919
.0412959,.4039149,-.0099265,-.0083438,-.0566833,-.010986,-.1046159,.1512078,.0241137,-.0189728,.0997753,0,.149661,.0012454,.118713,-.0845604,.0057539,-.0770171,-.0068191,-.0094417,-.010997,-.0004232,.0255982,-.2368596,-.1298216,-.2894195,1.919249,-5.646225,.2965817,-.9495363,-.0304469,.0096233,-.0679193,.058326,.049725,.070878,.1326382,.1285626,.1433996,.1157313,.0660087,.0945311,-.2259025,.0592771,.0876493,.8136997,.0854925,.0194648,-.0073682,.0199489,.008803,.0104079,-.0302146,.0982095,.0930276,.4502764,-1.244002,-2.27e-10,.1685261
.1629348,.209067,-.0339955,.0353668,-.007266,-.0275946,-.184629,.1804948,.0082055,.0169846,.1317605,-.4742953,.1109434,.0239165,.168634,-.085267,.005132,-.0855215,-.0048277,.0064668,.0052368,-.0015881,-.0448112,.2046896,.5244464,.0897767,1.629639,-4.955336,-.7036245,.6632251,.0920263,.1291857,.0925457,.2492531,.3453887,.0155399,-.0183399,.2709496,.1032448,.0537571,-.0479906,.2584407,.13346,-.0250562,.1022095,.9632413,.0542355,.1141874,.0569233,-.0667916,.0064978,.0718645,-.0095808,.0597034,.117621,.5804699,-1.717255,2.50e-10,.1649925
.0935001,.1397754,.0168311,.055202,.0688864,.1843599,-.0453853,.1728543,.0244092,-.0199585,.1816976,-.4740745,.1804685,.0108638,.1291085,-.1565604,-.0079764,-.1460374,-.0209333,.0018503,-.0075213,-.0005536,.4313703,-.4489795,.5282424,-1.175022,1.21029,-3.37484,-.7496915,-1.510862,.1818002,.1778505,.1107609,.2506083,.2947655,.0675296,.0652031,.3074159,.129051,.0844344,-.0058804,.3313197,-.2250002,-.0386004,.0956362,.9084857,.0621709,.0567271,-.0232147,.0236199,.0049923,.06093,-.0213556,.0747973,.1096941,.5308065,-1.56695,1.48e-10,.1673286
.2281932,.0474401,.0075272,.0397561,-.007905,.0443459,.0172311,.1373787,.0351655,-.0211387,.1327647,0,.1386628,.0417886,.2038219,-.0338588,-.0218772,-.0674655,-.0203427,.000296,-.0029353,-.0009032,.402551,-.4606379,-.07937,-.7644442,1.533095,-3.891928,.2171213,-1.640565,.1241027,.2319312,.2248755,.3861752,.454398,.0221388,.0238786,.2951161,.101903,.0544549,.1424409,.2704612,.0440837,.0652537,.0677403,.6300599,.0827612,.0297972,-.0394918,.0549185,.0025645,.0585242,-.0040698,.010945,.1036016,.5245124,-1.358199,8.54e-11,.1724868
.2721894,.1984066,.0583894,.0921265,.1320543,.0821561,.0212933,.1680912,-.004103,-.0091297,.2127767,-.479238,.1084651,.0293559,.1161349,-.0459441,.007931,-.0816533,-.020736,-.0091361,-.0015611,-.0004957,.4523828,-.6284614,-1.170959,-1.012999,1.500614,-3.859319,2.002121,-3.829262,.1891359,.1685181,.2035633,.3797062,.4591058,.0591451,.0265382,.3177473,.104389,.0370793,.0693708,.3375457,-.0593153,-.0097484,.0880501,.817667,.1076302,.0057168,.0869431,-.0693113,.0109335,.0524031,-.0316131,.0996708,.0973689,.4903471,-1.625293,2.89e-10,.167126
.1192174,.0004349,-.0309318,-.0281309,-.0137934,-.1121775,-.1070493,.1374042,.0353547,-.0250859,.1107237,-.4543785,-.0539327,.1347169,.0536073,-.0703205,.0143462,-.1229514,-.0211093,.0185246,-.0054093,-.000713,.4290017,.2325436,.5873735,-.4655406,1.819481,-5.055786,-.7928063,-.2600472,-.1227734,-.1146994,-.1202968,.0018799,.0417365,.070231,.0923665,-.0254475,.1277584,.0571331,.0834707,-.02219,-.1134714,.0635704,.1008354,.9669983,.0770461,.0530178,.0596654,-.0367705,.0080908,.0304581,-.0392807,.0800957,.1100472,.5569748,-1.3876,2.35e-10,.1680845
.1470707,.1923998,.0260199,.0238203,.1015404,-.0015421,-.0231118,.1633114,.0163784,-.0236752,.170752,0,.0834276,-.0206539,.2283288,-.1202527,.0014081,-.1436016,-.0098997,.0177956,.0101816,-.0016893,.1736093,.4384729,-1.125668,-.8429928,1.293133,-3.429512,1.842687,-3.470556,.0553734,.0585227,.0991587,.2091625,.3013979,.0243958,.0485277,.1876181,.1024436,.0428625,.0296041,.2673276,-.1759018,-.0122895,.132904,1.261184,.074126,.0765687,.033633,-.0853108,-.0326116,.0251894,-.0645997,.0556037,.1181115,.5945842,-1.882056,9.59e-12,.1653216
-.0123866,.0248716,-.0032368,-.0305087,-.0098315,-.041318,-.0793166,.10721,.018143,-.0345238,.0845798,0,.304504,.0815532,.3140763,-.0698151,.0122982,-.0852764,-.0085924,.0042103,-.0046149,-.0008034,.0832685,.3659903,-.0975696,-1.594986,1.628624,-4.675018,.2745525,-3.098117,.0047147,.0183204,.0108144,.132883,.1821047,.0610894,.0586534,.1634907,.1308209,.0906532,.1063702,.1497149,-.0969872,.0008372,.1181495,1.151515,.0738513,.0299611,-.0668668,.0995851,-.0032332,.0588288,-.04012,-.0052316,.0997815,.4966205,-1.591046,1.49e-10,.1686796
.1826536,.2217673,.0152396,-.0179711,.0389895,.0984813,-.0413424,.1406488,.0343017,-.0254305,.1281797,-.4403489,.0545116,.0281122,.1303422,-.0636327,.0050632,-.1020597,-.0226534,-.0350344,-.0101912,-.0005283,.4555275,-1.694371,-.452834,-.8570504,1.217315,-2.407378,.7798725,-2.439881,.0205573,.0434328,.0168328,.1563264,.1855586,.0331562,.0586289,.0912461,.0941594,.0294323,-.0459594,.0970155,.0972223,-.0134923,.0725908,.6852926,.0890465,.0541933,-.0751047,.1081131,.0028338,.0866017,.0334166,-.0212288,.117197,.6012996,-1.221283,-1.78e-10,.1693819
.0156721,.0004571,-.0248263,-.0434927,.0057408,.0274101,-.219846,.0908993,-.0055454,-.0153314,.0643594,0,.1731764,.0155419,.2415576,-.0548029,.0289975,-.078763,-.0189568,.0052031,.0036756,-.0014548,.3294136,.3164662,.1546527,-.280921,1.035689,-2.00685,-.1324067,-.6490197,-.0191616,.0191329,-.0138951,.1186205,.1994836,.0684596,.0876294,.1016179,.0796042,.030786,.0908062,.2065545,-.0900488,-.0101944,.0923002,.8871402,.0596585,.0693785,.0911398,-.0731635,.0044816,.0449174,-.0152021,.0125043,.0965413,.4780386,-1.307215,-2.50e-11,.1684527
.1982498,.0365214,-.0320674,-.0578891,-.0376536,-.0783805,-.1903973,.1507239,.0155063,-.008539,.1346985,0,.1639788,.0129996,.1179456,-.0769485,.0206133,-.1315311,-.0095778,.0038548,.0029685,-.0010277,.1781713,-.2127192,-.8641265,-.5638232,1.401271,-3.69451,1.439323,-2.552808,.0344796,.0355507,.0073516,.1483997,.1714863,.0507818,.1084203,.1576423,.1031594,.054894,.0310057,.1711507,-.0994908,.0026641,.0950016,.8840536,.0764609,.0148589,.0080041,-.0377841,-.0096725,.0411358,-.0558943,.082918,.1117221,.5696631,-1.479965,2.76e-10,.1702307
.1759848,.1576918,-.0170217,-.0168863,.0101777,.3045747,-.046438,.1455893,-.0114692,-.0252626,.1291067,-.4361177,.2581389,.1104304,.2814468,-.0660933,.0118448,-.0766073,-.0178828,-.01181,-.0068646,-.0005898,.3973038,-.5777997,-.4877912,-.8587748,1.739377,-4.652147,.9119649,-2.572762,.0674723,.1612503,.1697055,.2723715,.2778694,.0707949,.1729048,.1960793,.083503,.0447255,.0349427,.1775427,-.1926292,.1304529,.1372542,1.296182,.1078731,.0448872,.0972962,-.086665,-.0034992,.03138,-.0771046,.0938052,.1112231,.5431736,-1.998759,-6.26e-10,.1678844
.0994765,.1581626,.0240963,.0255432,-.0155029,-.0501107,-.0141302,.1386833,.0215604,-.0297309,.0978144,-.4153509,.0277723,.0572331,.1752071,-.1095362,.0196251,-.0960105,-.0156747,-.023804,-.0070925,-.0006814,.2882173,-1.095408,.5953224,.8334771,1.339561,-4.323009,-.8302526,2.028107,-.0430288,-.0433166,-.0141714,.1209223,.1939961,.0081466,.0240544,.1715173,.0899876,-.0014352,-.0597393,.0717056,-.0495906,-.0411316,.1048495,1.00004,.0787532,.0611922,.0284856,-.0261353,.0350347,.0400481,-.0051159,.0347472,.1213935,.6143959,-1.570105,-1.88e-10,.1695383
.1481365,.0990116,.006233,-.0266713,-.0159914,-.0775134,-.1362954,.2019546,.0102343,.0151703,.1940951,0,.1114792,-.0182799,.1739622,-.1304893,-.002916,-.169656,-.0225713,-.014752,-.0018585,-.0010017,.4380988,-.3776945,.8124642,-.4368073,1.679345,-4.778975,-1.19678,.1394182,-.0432002,.035985,.0413907,.1809089,.2301884,.0531491,.0681813,.1451637,.1241592,.0534147,.1084615,.0833477,-.136316,.0943736,.1052589,1.005247,.0891306,.0501187,.0004045,-.0054207,-.0038737,.0560231,.000706,.0337737,.1115042,.5499412,-1.655648,3.50e-10,.1690936
.1266018,.1057833,.02452,.0701465,.0778668,.1586397,-.0907864,.1960527,.0069172,-.0036724,.1823665,0,.1334751,.0051153,.1751525,-.1157597,-.0060227,-.1161736,-.023581,-.022805,-.0053671,-.0008059,.517913,-1.207075,-.8731729,-.0052557,1.57989,-4.007882,1.467391,-1.708458,.118831,.0771432,.0793434,.1961451,.2012354,.0401348,.0592305,.3184811,.1664733,.095129,.1194709,.2025702,-.12276,.0261351,.1369185,1.311826,.0732947,.0828364,.0867286,-.0751863,-.0347071,.0554399,-.0273429,.0388657,.1463141,.7317536,-2.22277,-7.69e-11,.1651933
.1855292,.0831781,-.014382,-.0001672,.058704,.1339475,-.1085728,.1228697,.016219,-.0264865,.1363509,0,.1046738,.0042236,.1618527,-.0108581,.023805,-.0532858,-.0152883,-.0573452,.003862,-.0011881,.2470765,-2.061371,.0980818,-.7777934,2.064391,-6.343053,-.0252836,-1.542991,.1984323,.313566,.3280503,.4533442,.4872606,.0399004,.0540634,.3077234,.1174721,.0415785,.0949458,.266735,-.056501,.1632042,.1042021,1.010571,.0905699,.0354869,.1797065,-.1865342,-.0032871,.047646,-.0291917,.1015491,.0914152,.4658469,-1.833847,-2.93e-11,.166989
.1897281,.1116292,-.0303019,-.0078827,-.0279194,.0490213,-.1190172,.1661412,-.0045846,-.0015015,.1336081,-.4620515,.0972002,.0474789,.2074646,-.0435631,.0279144,-.0695441,-.0221359,-.0256152,.0001862,-.0009019,.4514336,-1.192281,.1420494,-1.085212,1.431295,-4.15066,-.1010588,-1.968297,.0153541,.0654928,.0542901,.1636885,.2273463,.0350952,.0425505,.1719625,.1315847,.065469,.0353222,.1371386,.0905795,.0341325,.1059569,.9964073,.0863976,.0654022,.126249,-.1086118,.0269476,.0329703,-.0302594,.0226085,.0967124,.4788448,-1.498781,9.18e-11,.1754837
.2343613,.1126599,.0520306,.0582593,.1019626,.287848,-.147517,.2141506,-.0122699,.003461,.2327148,-.482809,.1111594,.0048256,.1327704,-.0822446,.0186635,-.1213726,-.0206751,-.0292511,.0092616,-.0014613,.4426329,-1.247292,.1626811,-1.695199,1.200131,-3.223197,-.1912698,-2.909745,.0581587,.1176646,.0694548,.2437666,.3065141,.0484106,.0324732,.1793484,.1586934,.0969068,.0433569,.1854048,-.2288202,.0332213,.1030149,.9762758,.0720083,.0351835,-.0096935,.0399512,.0234065,.0573039,-.015464,.0488964,.0707903,.3670304,-1.499022,-2.05e-10,.1681904
.0628852,.1157881,-.0251958,-.0052174,.0111407,-.0020206,.0193061,.1095124,.0229719,-.028429,.0638224,-.4031537,.1557595,-.0076499,.2405174,-.0466409,-.0064531,-.0261681,-.0156974,-.0301,.0004978,-.0010803,.3418523,-1.391593,-.5082124,-.6590163,1.309062,-3.423428,.8773966,-2.153361,.1197569,.2063947,.1667519,.3484072,.3620314,.0290413,.024238,.263957,.1164905,.0712103,-.0121666,.2306268,-.0356033,.0479519,.1221348,1.125906,.1078055,.0422097,.0599254,-.0493504,.0270705,.0656559,.0154375,.0574583,.1221699,.6102773,-1.880761,2.04e-11,.1718636
.0610878,.117238,-.0321614,-.0530029,.0393028,.070265,-.1471713,.1853696,.0071842,-.0190975,.151018,-.4945955,.3284967,.1123743,.4087745,-.0692546,.0239796,-.1322234,-.0158391,.0022933,-.0050626,-.0009097,.2946842,-.2405768,-.180999,-1.967535,1.353856,-3.799698,.3766285,-3.758611,.1127374,.108631,.0641244,.1961814,.2299178,.0544605,.082514,.2285487,.1048975,.0510256,.0168572,.2149596,-.1317898,-.0156737,.1176121,1.098335,.0950914,.0525104,.0651926,-.0765879,.0148257,.0347598,-.0411842,.01227,.0945766,.4818871,-1.54162,-2.86e-10,.1709764
.19327,.204865,.0239694,.0371518,.050434,.0808421,-.0849243,.1458606,.0062268,-.0290021,.1189734,-.398626,.1147138,.0314473,.2097461,-.0825761,.0170138,-.0256665,-.0261761,.0142854,-.002885,-.000794,.5873811,.0513965,.4800211,-1.199859,1.459627,-3.589558,-.6895583,-1.650577,.099702,.0920718,.0968674,.2166399,.2624034,.0406444,.1136044,.2421287,.1308792,.0585613,-.0435802,.2542043,-.1425377,.0105749,.1140977,1.088514,.0535335,.0559326,-.0200849,.0286924,-.0116644,.0625538,-.0310949,.0431912,.1007427,.5302314,-1.671783,-4.05e-11,.1673145
.1606087,.0893561,-.0308861,.0111143,.0076689,-.103735,-.1238368,.1467021,.0178619,-.023707,.0775116,-.4323412,.1235822,.084015,.2343306,-.1038421,.0073321,-.0207346,-.0151993,-.0223182,-.0089691,-.0008088,.2251794,-.8870947,-.316625,-2.476883,1.577898,-4.31365,.6269918,-4.906835,.1110314,.2377708,.2498763,.3619203,.3812941,.0447508,.094479,.2440537,.1169491,.0487772,-.026898,.2448253,.0473814,.1266928,.124177,1.15746,.0939068,.0604856,.0577209,-.0461241,.0035856,.0572958,-.0017678,-.0193627,.1066958,.553624,-1.837068,1.78e-10,.1681497
.1099243,.0317596,-.0752267,-.0756678,-.0608483,-.1309175,-.1664012,.1513687,.0451832,.0008871,.0849218,-.4836622,.0842659,-.0018649,.1334509,-.0721295,-.0182436,-.0872432,-.0102487,-.0372485,.0047631,-.0015736,.1574882,-1.439351,.0056653,-1.420313,1.494845,-4.108131,.0821101,-2.60111,-.0563737,.0370171,.0410864,.2021892,.2554142,.0353954,.0236732,.0819235,.1283748,.0652702,.0446989,.1272866,-.0190676,.0707486,.1170342,1.113946,.083253,.0249518,.0784083,-.0554873,.0139964,.0495478,-.0340715,.0841812,.0951342,.4596815,-1.512701,-4.67e-11,.1675751
.1972648,.1612693,-.0036393,-.0303945,-.0570535,-.1230349,-.1734916,.1583128,.0177672,.0061694,.1137684,-.4878289,.1166595,.0057226,.201962,-.0562296,.0096423,-.0916573,-.0305013,-.0274688,.0133226,-.0018865,.7325182,-1.181587,-.1113782,-.8575579,1.239938,-2.604044,.3065734,-1.922975,-.0679008,-.0230941,.009602,.1011757,.1589561,.0117296,.0459815,.0861485,.0804798,.0197664,-.0493823,.0926376,-.1573077,-.0114372,.1131989,1.06314,.0876854,.0605129,.0579191,-.0268581,.0124535,.0585972,-.0321007,.0766315,.1336122,.6596885,-1.696953,-3.75e-10,.1662672
.0579304,.1258681,.0047405,-.0213038,-.0126041,.0994713,-.0507029,.137502,.0038674,-.01263,.1230552,-.4662668,.1369404,.0368723,.1902868,-.0856083,.0058138,-.0959644,-.0141903,.028762,.0113625,-.0018225,.2786752,.7684214,-.197753,.0109342,1.389774,-4.4133,.4305494,-.6948261,-.1213085,-.0967161,-.1120109,-.0251761,.0060957,.0676707,.1419238,.0411205,.1280287,.0804887,.1111858,.0286995,-.1028155,.0480477,.1211241,1.126235,.0872805,.0264421,.1033362,-.0767235,-.0002757,.0201335,-.0475618,.0968052,.1288403,.6557228,-1.762498,8.82e-11,.1690759
.0611417,.2575738,-.0344503,-.0307506,.0240245,.0035138,-.0972486,.1432651,.0341922,-.0222791,.0675343,-.4512678,.1014101,-.0017036,.2533195,-.1030988,-.0032608,-.0666827,-.027135,.0135936,-.0023812,-.0011365,.6357006,-.233523,-.5008025,-.5021209,1.312388,-3.938578,.8733695,-1.937775,-.1542725,-.0843201,-.0713936,.0763172,.0705132,.0270826,.0518419,-.0644849,.1371253,.0949869,.1277759,-.0682712,-.0131601,.120148,.0835162,.7869774,.0786507,.08442,.0457216,-.0644468,-.0009375,.0139178,-.0336864,.0496925,.1296241,.6553054,-1.29812,1.72e-11,.169142
.0306738,.0780187,-.0682845,-.0598921,-.0023938,-.2414458,-.0970624,.119351,.0288558,-.0111115,.0543501,-.4545725,.0823693,.0179595,.2328105,-.0942691,-.004275,-.0764186,-.022442,-.0373521,.0009815,-.0012902,.4960457,-1.72733,-.2899737,.1151121,1.524322,-5.009329,.5483187,-.6688854,-.0145865,-.0578249,-.0242023,.0943425,.1747154,.035379,.07856,.0913091,.0818883,.0173522,-.0170824,.1597901,-.0163695,-.0496221,.0836927,.8029446,.1084996,.1030329,.0842662,-.0836319,-.0054627,.0636191,-.0191568,.0794006,.0988803,.5170591,-1.211392,-9.31e-11,.1657319
.1329177,.1076224,.0341417,.0338751,.1109119,-.0319696,-.0122503,.1668424,.007214,-.0259874,.152096,-.4108188,-.0149223,.0385269,.121475,-.1513234,-.0045168,-.0616553,-.0254621,-.0304225,-.0046174,-.0006945,.6308677,-1.647188,.2661709,.1401355,1.162591,-2.61678,-.3500774,.5023066,-.0155525,-.0273413,-.0111177,.148514,.1486867,.0215223,.0904891,.2041745,.1028137,.0596598,.0262517,.115134,.0918268,.0005622,.0846477,.8115433,.0708613,.1138581,.0226686,-.0541002,.0047823,.0872276,-.0214763,.0238373,.1003819,.4939187,-1.346218,-1.92e-10,.1712006
.1395599,.2638299,.0314917,.010011,.1041178,.3079747,-.0924361,.1877779,-.0053757,-.0186713,.1748932,-.4561714,-.1099059,.0788621,.0523724,-.0513308,.0241623,-.109043,-.022097,.0022613,-.0015079,-.0009981,.426377,-.2800909,-.5325556,-.6664017,1.829571,-5.059403,.9414921,-2.269672,-.0259252,.0010828,.015463,.1328551,.205192,.0575744,.0637467,.1692205,.1055404,.0452041,.0848566,.1416578,-.0440398,.0154374,.119022,1.126611,.0637705,.1024977,.0654994,-.0827599,.0093234,.0583106,.0024578,.0724773,.1035173,.5205683,-1.690514,2.17e-10,.1705656
.2397397,.2430338,.0772087,.0472973,.0377485,.047278,-.0357259,.1984292,-.0151288,-.0103462,.239605,0,.1579059,.0293982,.1133996,-.1006831,.0181152,-.0935196,-.0135429,.0098152,.0015095,-.0009106,.2782643,.4853659,.4595694,-.8943934,1.302617,-4.100617,-.6420375,-1.146948,.0241661,.0157925,-.0321507,.122916,.1450839,.067045,.0935341,.1907674,.1590488,.1281875,.1048301,.1868199,-.3117378,.0312606,.087929,.8222355,.0870495,.0879574,.0547894,-.0402965,.0376545,.0661774,-.0032838,.0562456,.1136627,.5710311,-1.528775,-2.13e-10,.1709951
.0908764,-.0056603,-.0216532,.0258181,.0151844,.2041025,-.0529789,.1665123,.0224842,.0021872,.1487613,-.4665897,.8613358,.301769,.8764349,-.0497769,-.0018007,-.0832232,-.0095602,-.0030384,-.0114609,-.0004927,.0874306,-.2573021,-.3489786,-.7734481,1.970304,-5.833789,.6958443,-2.188895,-.0080345,.0258387,-.0146004,.1215141,.1909049,.0334285,.039721,.1059459,.1132225,.0706905,.0509258,.04298,-.1743074,.0294974,.0898814,.8620402,.0671502,.0562645,.0551737,-.0519077,.0014452,.0544564,.005283,.0204416,.0861502,.4112131,-1.335019,4.44e-10,.1723648
.1619312,.0395064,.0231391,.0105094,.0314737,.0849382,-.0255926,.116001,.0105922,-.0393127,.1135927,-.4134151,.2021191,.1086128,.3219574,-.0558582,.0128593,-.0707692,-.041881,.0098516,-.0072811,-.0008204,.9582644,-.7347268,-.6511585,-1.27205,1.885902,-5.453239,1.075237,-3.408348,.0204399,.1390809,.1438702,.2706608,.2948682,.0263395,.0809143,.1268847,.1171951,.0557762,.1041432,.1591759,-.0048449,.1476221,.1272782,1.205342,.0630417,.0540837,-.0203511,.0558598,.0324556,.0574774,-.0122761,.0615037,.1123337,.5625473,-1.891569,2.96e-10,.1669459
.1180111,-.0309223,-.0351805,-.0313471,.0100336,.0732548,-.065498,.1102129,.035326,-.0360587,.0546584,0,.2640704,.0737538,.3652519,-.0955163,.001353,-.1148695,-.0199691,-.0205532,-.0001514,-.0007911,.4458191,-1.219577,-.1049407,-1.862918,1.126618,-2.78952,.2358962,-3.534344,.1890439,.1619698,.1350196,.2672214,.2965904,.0687465,.0797052,.2805052,.0954014,.0479584,.1500515,.3004322,-.0138973,-.0559129,.1091706,1.027592,.0729949,.0133507,.0305674,-.0484704,.0046035,.0326848,-.0446428,.0117333,.113616,.5867485,-1.570636,-1.75e-11,.1666252
.1617652,-.0026934,-.0114547,-.0103068,.0482624,.1398533,.0674091,.0913278,.0343172,-.0490779,.0650939,-.3450136,1.014738,.4267806,1.140991,-.0016586,-.009536,-.0462013,-.0093735,-.0103318,-.0063852,-.0007583,.080706,-.2712945,-.3316598,-.8476691,1.911921,-4.999484,.6383613,-2.194025,.0492812,.1217471,.1168158,.235906,.2627876,.0467288,.1136245,.2000352,.1279012,.0837235,.0648602,.2328354,-.1909664,.088187,.1145497,1.08893,.0954181,.0175658,-.0101746,-.016117,-.0169729,.0462722,-.0490424,-.0086719,.0914345,.4532614,-1.656498,-2.10e-10,.1647466
.0797288,.0607692,-.0222536,-.0311826,-.0261088,-.0321952,-.0808884,.1580457,.0265957,-.0144108,.1248494,-.4513368,.0765317,.0648981,.1197176,-.0873745,-.0138247,-.1439654,-.0180137,-.0239128,.0005153,-.0013737,.2830582,-.8698357,-.105808,.0145081,1.632955,-4.849532,.257728,-.3002443,.1534026,.1415696,.1703277,.2818322,.3480312,.0109059,.0063649,.2635727,.0999963,.0424015,.0578951,.2621696,.040994,-.0184796,.1218598,1.156187,.0753953,.0904719,-.0499591,.0475992,.0032273,.0868064,.0081678,.030089,.1122288,.5571114,-1.838159,-1.96e-10,.1720583
.0020003,.0528314,-.0737035,-.0866688,-.1136592,-.1666462,-.1548575,.1017856,.0576116,-.0171156,.0132216,-.4353245,.1563194,.0056737,.2232354,-.0625714,-.0044125,-.103514,-.0342651,-.0047983,-.0113542,-.0002417,.7138405,-.9744903,.1007122,-1.786889,1.760497,-4.884672,.0145573,-3.212765,.1093089,.1664886,.1074492,.2735133,.3199961,.0306977,.0060558,.1780672,.1178813,.0686354,.0424173,.2002725,.1393998,.0393554,.1104188,1.043548,.0802837,.0571927,.006092,-.0275715,.0047274,.05757,-.0269651,.0536941,.1147952,.5755448,-1.557667,-3.62e-10,.16648
.2098804,.1512261,.022095,.0168774,.0612422,.309636,-.0040711,.1852898,.0190636,-.0174073,.1442955,-.4421553,-.0484113,.0357737,.0889022,-.079656,-.0062266,-.0637242,-.0077049,-.0207988,-.0110983,-.0005361,.0655507,-.958617,-.7082365,-.317601,1.303527,-3.511619,1.174015,-1.771269,.1542047,.2700886,.202843,.3958178,.4131011,.0088553,.008757,.312998,.0897118,.046418,.0354253,.2697651,.0302254,.0481108,.1200442,1.142466,.068685,-.0136697,-.0391712,.0305809,.0070681,.0331045,-.0417916,.0515098,.1182758,.595103,-1.863536,-1.73e-10,.1665136
.1178586,.0545832,.0625323,-.0155677,.0103122,.0788879,-.0533061,.0824599,.018205,-.0360244,.0907101,0,.1793559,.0284384,.2334046,-.0696325,.0005482,-.0522761,-.0161168,-.013276,-.0077957,-.0006087,.3537945,-.8267807,-.1160766,-.3790575,1.574473,-4.134209,.30558,-1.03957,.0033262,.0066764,-.0900018,.0304805,.0672221,.0392014,.0847185,.030168,.1019793,.0440713,-.0220596,.0961056,.0086406,-.0422464,.11614,1.105373,.0942503,.0442994,.008097,.0381581,.0097279,.0576845,-.0440001,.0063091,.1142982,.5471428,-1.575937,4.89e-10,.167859
.1537783,-.0186575,-.002982,-.0660806,-.0221587,.1718082,-.0580547,.1383826,.0091927,-.0179987,.1539237,-.4973246,.0694905,.0582567,.0671896,-.0520403,-.0013005,-.1458026,-.0200648,.0065262,.0102491,-.0017685,.4301044,-.1956315,-.3183867,-1.045676,1.783493,-4.367056,.657282,-2.581608,.0351079,.0868549,.0788623,.2086412,.2438197,.0682441,.1256674,.1488623,.1435517,.0743231,.110231,.14203,-.0943055,.0854941,.091671,.8880482,.0813487,.0544021,.0957554,-.0938509,.0120008,.0328674,-.0196973,.0370904,.1144362,.6061549,-1.592619,-5.54e-11,.1674456
.102418,.0193263,-.0118695,-.0171304,.027855,.0553871,-.0512482,.169861,.0219778,-.0272561,.1301199,-.4530095,.1080223,-.0045056,.1039354,-.0656668,-.0037823,-.111264,-.013364,-.0473777,-.0083203,-.0005292,.2026994,0,.1337599,-.1744325,1.255401,-3.453219,-.1454364,-.3705663,-.0286448,-.0005442,.0150306,.1463967,.1975156,.012642,.0488006,.0953914,.1175102,.0375781,.0459331,.1326575,.0695978,.0518621,.1006659,.9667063,.0891239,-.0090046,.0244004,-.0447975,.0117989,.0292833,-.0395405,.1000751,.1039705,.5140035,-1.455019,3.08e-10,.1731049
.0862461,.2306271,.0337117,.0433795,.0549707,-.1081836,-.043943,.1353007,.0053751,-.0357857,.1428598,0,.1151792,.024781,.1835661,-.0587165,.0164775,-.1273172,-.025767,.0281806,.003251,-.0013046,.6248292,.6228262,.0360666,-.8638856,1.322624,-4.222681,.0081203,-1.774355,.1048657,.2250446,.2165788,.3417277,.3795141,.0885495,.0888642,.2621433,.1154495,.0629663,.0480037,.2374955,-.1088253,.1214784,.0789152,.7528205,.0896749,.0648591,.0548599,-.0278225,-.0013458,.0230113,-.041352,.0784575,.0765763,.3708878,-1.374074,7.57e-11,.1744555
.1092227,.0620955,-.0379332,-.0467016,-.0442698,.1090964,-.2124353,.1621357,.0129737,.002545,.1071355,-.4632318,.0773188,.0370175,.2016146,-.0952162,-.0036768,-.0736885,-.0220881,.0002392,-.0106165,-.0003706,.4582668,-.5977175,.0551119,-.5425996,1.763137,-4.651953,.0345329,-1.110343,.0497338,.0025751,-.0745105,.0482721,.1221777,.0694721,.0817439,.1470617,.1022772,.0742254,.0570781,.0844921,-.044302,-.0342369,.1341388,1.268082,.0576272,.0768529,.07697,-.0827,-.026595,.0563788,-.0383335,.0272366,.0883817,.4712388,-1.635668,1.69e-10,.1688467
.1482803,.0401376,-.0221136,-.0449664,-.1016425,-.03574,-.1407335,.1399408,.0289874,-.009857,.0983933,0,.0589423,.0654275,.1670339,-.0844173,.0107923,-.1041599,-.023829,.0116117,-.0072288,-.0004213,.5270579,.3602658,.45928,-1.919894,1.306024,-2.470083,-.635899,-2.961056,.102269,.1143029,.0776805,.1466199,.1286529,.0895569,.1862607,.331649,.1616075,.0775169,.069901,.2038042,.0333681,.0278642,.0795265,.7657696,.085402,.0451393,.1344237,-.0969046,.0209789,.0393959,.01822,-.0580864,.102706,.5271925,-1.311727,2.58e-11,.1720596
.1278916,.1084066,.0284113,.0074515,.0362752,.0193572,-.102575,.1589478,-.0110963,-.0166242,.1576398,-.5004674,.1469284,.0186137,.1596849,-.0603107,.0096011,-.0903022,-.0252346,.0057883,-.0045832,-.0007153,.5485772,-.3484778,-.597221,-.6154661,1.47322,-3.55119,1.079179,-2.381642,.1577891,.2203301,.2026625,.3701388,.4081754,-.0023175,-.0192819,.2958924,.0847382,.0344437,-.0344162,.2704931,-.1226882,.0065024,.1319644,1.250411,.0920755,.0624005,.1511258,-.1122565,.0258321,.0888306,-.0090889,.035534,.1080496,.5378592,-2.031067,-5.55e-11,.1684222
-.0043568,.1394363,.0019262,.0233242,.0059727,-.1209119,-.1014293,.1496509,.0086304,-.0176404,.1207236,-.4770376,.2171546,.0267046,.1164199,-.1271162,-.0095797,-.1744839,-.0142132,-.0200545,-.0124767,-.0002749,.2689193,-.9755329,1.097309,1.395273,.7912965,-2.051252,-1.669872,3.72705,.1305407,.1824066,.1711293,.2844602,.3462519,.0675419,.055329,.3187043,.110691,.0678836,.1129005,.2619865,.0243427,.0749044,.1015865,.9474061,.0817406,.0147273,-.0012391,.0259533,.0059721,.0505223,-.0125369,.0450605,.1179208,.5959978,-1.726738,-5.20e-12,.1689068
.1002788,.1104511,-.0221152,-.0106401,-.0189336,.0487822,-.0998825,.1451575,.0273247,-.0200638,.1104935,0,.131782,.0028059,.1491988,-.0667542,.0033255,-.0798561,-.0240958,-.0041161,.0093626,-.0018443,.542451,-.6595241,.1033581,-.2907051,1.051239,-2.581133,-.0637279,-.5902466,.0358026,.1355372,.1468255,.2527795,.3463608,.0368968,.0364771,.1211009,.1334499,.0410964,-.0239459,.1739822,-.1228123,.0973764,.0893519,.8713417,.111208,-.0012327,.0149444,.0497986,.0234447,.0469564,-.0311014,.1106062,.0960848,.462606,-1.48572,-2.11e-11,.1649702
.0774765,.1771069,.0076998,.0034443,.0405074,-.0245908,.0018182,.1593876,.0180355,-.0248529,.1473357,0,.0745204,.0125702,.1531619,-.073209,-.0044197,-.1191543,-.0152752,-.0412696,-.0061786,-.0006856,.2370942,-1.628245,-.6693252,-.6802548,.5513706,-.302826,1.094226,-2.467626,.0812376,.0405526,.0294929,.1718865,.2142963,.044715,.0447265,.1920702,.0624749,.0062259,.0773315,.2741303,-.0566724,-.0669765,.1455825,1.347058,.0665082,.0405865,-.028037,.0305805,.0275782,.0440129,-.0329251,.0857837,.1017486,.5030641,-1.75668,-2.77e-11,.1709315
.1892198,.0637495,-.0070998,.0034867,-.0200477,.2611935,-.0504175,.161795,-.0018068,-.0082773,.1657886,0,.1509804,.0273629,.1325943,-.057858,.0057451,-.0724016,-.0277977,-.0239596,-.0040745,-.0009503,.6248721,-1.487077,-.4239192,-1.253669,1.871405,-5.696651,.7941751,-2.952597,.1438677,.2705365,.2276735,.3791085,.4204936,.0582993,.0532337,.3022401,.1572786,.0902275,.0878358,.3664835,-.1235698,.0734372,.1050957,.983272,.0696298,.0588595,.106199,-.1148995,.0157979,.0646665,-.0207197,.0430069,.1213852,.5991066,-1.869256,8.54e-11,.1656291
.1761528,.0962828,.0004635,.0301281,.0340043,.250412,-.0992405,.1687139,-.0050117,-.0074155,.1656459,-.5035021,.0641329,.0472712,.1409178,-.025906,.028655,-.0774505,-.0123434,.0203929,-.000501,-.0009501,.2222072,.7067388,-.1442342,-.7417004,1.243829,-3.161716,.3061666,-1.845085,.0659178,.1274934,.0968427,.2589457,.3443081,.0237015,.0078652,.2145032,.081303,.0183305,.0380308,.208488,.0805881,-.0093753,.088284,.8449927,.0406833,.113312,.0403272,-.0513345,-.0180212,.0146994,-.0498444,.0837126,.0965573,.5087537,-1.404674,-2.26e-11,.1697066
.0212802,.0935072,.0009204,.0186049,.0512459,-.1162487,-.017525,.1341288,.0224911,-.020958,.1219204,-.4145208,.1022869,.034706,.1987574,-.0755403,-.0163395,-.1194652,-.0065833,-.0058039,-.0018127,-.0008541,.0504553,-.0982823,-.1308176,-1.350389,1.413764,-3.515841,.3116331,-2.814372,-.0223748,-.0470241,-.0551789,.0390953,.0984845,.0500049,.0935362,.083502,.1287267,.0593371,.0585602,.0667082,.0885959,-.002788,.0906707,.8588426,.0748186,.0912813,.1285614,-.133821,.0101525,.031468,-.0031319,.059256,.0976653,.4886633,-1.216725,2.12e-11,.1692021
.0570675,.1062761,-.0534074,-.0815243,-.067893,-.1617273,-.1001858,.1265918,.0285585,-.0346606,.0733796,0,-.0392507,.0877004,.0665021,-.0603076,.017047,-.1226108,-.0269778,.0016769,-.0002934,-.0010325,.5953302,-.4716061,.1599025,-.5967557,2.034129,-6.365137,-.1621998,-1.136587,.0082761,.0745225,.1221262,.214645,.2414684,.0147234,.0523566,.2067447,.135138,.0766353,.0929024,.1756392,-.1764608,.0671749,.086626,.8337244,.0788434,-.0234036,.0507831,-.0320755,.0209875,.030148,-.0171108,.0752657,.1179802,.5925379,-1.475218,-1.88e-10,.1694729
.1540539,-.0401706,-.0189648,-.0552007,.0106828,.1199527,-.1257713,.1200344,.0001863,-.0213584,.0907161,-.4344566,.1868935,.0214186,.2110212,-.0404581,.0159662,-.0845327,-.0222749,-.0003423,-.0000645,-.0009564,.4545349,-.3794776,-.2632761,-1.360881,1.774255,-4.7285,.5802771,-3.076649,.0191383,.066704,.0899848,.2258851,.2698772,.0516313,.0730146,.1385671,.1071747,.0399986,.0398759,.1373814,-.0607914,.0683851,.1134935,1.05534,.0930431,.0188167,-.0182936,.0388621,.0191388,.0694605,.0029254,.0005651,.1189751,.6010972,-1.735615,-6.89e-11,.1642569
.1764755,-.062547,.0130681,.0144486,.0577123,.1009054,-.0977114,.207102,-.0243829,-.0028128,.2257236,-.5242979,.0890267,.0504595,.173656,-.1312293,.0080757,-.1500607,-.0137996,-.0284311,-.0035588,-.000866,.2617985,-1.124681,.0328441,-1.519054,1.616707,-4.236404,.0453395,-2.745431,.1378011,.0507351,.0431851,.1529644,.1940169,.0112413,.107177,.2911326,.1449143,.057044,-.0512242,.2456388,-.119858,-.0689521,.1014078,.9447576,.0907247,.0514026,.0891514,-.0783871,-.0065534,.0430319,-.0227964,.0324864,.1023045,.5235455,-1.5281,4.94e-11,.1714085
.1597452,-.0307956,.0192884,-.0014862,-.0155419,-.0057082,-.0137468,.1325697,.0210195,-.0113593,.1131596,0,.0633544,.0547151,.1083023,-.0216978,-.0106031,-.0929227,-.0290076,-.0137212,-.0037808,-.000774,.6280824,-.9351381,-.2156349,-.9598108,1.012812,-2.577871,.4275624,-2.18958,-.0825446,-.0177933,.0018704,.1338871,.1642169,.030928,.0625766,.0674429,.1192433,.0601854,.1199401,.1106149,-.1336416,.0424078,.1176313,1.107338,.105129,.0219218,.0914582,-.067031,.0184187,.0327848,-.025239,.1217677,.1010145,.5061869,-1.535205,-1.34e-10,.1667365
.0825975,.2773484,.0404482,.0353647,.0469556,.0745793,-.0820551,.1287602,.0073743,-.034308,.1563909,0,.1071877,.0280053,.1044098,-.0603405,.0277079,-.1373714,-.02727,-.0214808,-.0042216,-.0008063,.6110717,-1.150553,-.310441,-1.54763,1.638976,-4.894731,.5760683,-3.393912,-.1852186,-.1669771,-.2099943,-.097739,-.0620565,.0578503,.1253871,-.0484475,.1211662,.0726333,.1311597,-.0738755,-.1801059,.0639092,.1551317,1.443047,.078405,.0217412,.0884672,-.0545115,.0077498,.0226214,-.0618124,.0427734,.1070362,.5477078,-1.756679,2.58e-10,.1683088
.1141508,.1200143,.0206673,.0492737,.0829728,.0421407,.006423,.1711036,.021352,-.0143985,.1550106,-.4501516,.0897199,.0131457,.1560042,-.0827264,-.0029636,-.1071372,-.0185748,-.0053527,.0103274,-.0016183,.4679086,-.5390155,-.7390593,-1.355425,1.054219,-2.543971,1.236673,-3.685093,.1550511,.1598772,.0852511,.2228116,.2543549,.054495,.075487,.3017693,.1427849,.0840365,.1154552,.2906505,.0186232,-.038305,.1043173,.9873182,.0898941,.0409853,.081068,-.0894074,.0353114,.0772669,.0083138,.0405266,.1123898,.5696225,-1.707006,-1.25e-10,.1716346
.1365202,-.0522361,-.0260127,-.0218725,-.067583,-.0660393,-.2183585,.1521127,.0620303,.0025125,.1192596,-.4880718,-.0211158,.0525101,.1270889,-.1453706,-.0020953,-.1535611,-.0300122,-.019931,-.0107414,-.0003428,.6490323,-1.362278,-.1618273,-.4546232,1.72451,-4.764566,.3728928,-1.415604,-.0837322,-.0538822,-.06925,.0725142,.0772129,.0695765,.0986921,-.0089415,.1345826,.0695918,-.0181239,.0435298,-.0414636,.0781548,.1365756,1.285979,.0642328,.0673128,.1009674,-.1124275,-.0219835,.0333559,-.0564568,.0533273,.0893318,.4325275,-1.615613,-3.00e-10,.1677056
.1117581,.1841854,.0248055,-.0233716,-.0175428,.0362923,-.1604702,.1496837,-.0075785,-.0014063,.1236045,-.4350324,.0801754,.0552163,.1556323,-.0664818,.0276492,-.0247051,-.0299855,-.0191345,-.0076203,-.0007281,.6315529,-.9448254,.0353744,-.5228406,1.540252,-4.099762,.047815,-1.150436,.0776535,.1034244,.1035392,.2216517,.2625672,.0683731,.08366,.1841256,.0958742,.0538108,.0702815,.2128931,-.1164726,.0166393,.082823,.7973219,.0496357,.0470654,-.049746,.0124406,.0202176,.0619259,-.0056718,.0232459,.1022286,.5015692,-1.389626,6.59e-11,.1702675
.1791237,.0647594,-.0266652,-.0266103,-.0036795,.0184068,-.1122872,.1566911,.0375732,-.0115932,.1231868,-.4688411,.0830407,.0190524,.1282902,-.0865091,-.0091788,-.1396631,-.0271433,.0251462,-.0098925,-.0003206,.5476946,.4383083,-.9576887,-.6675197,1.997234,-5.489111,1.685818,-2.912489,-.1259508,-.0296058,.0265004,.1311746,.1758124,.0160036,.0775068,.0296,.1417443,.069947,.1412079,.0018296,-.0280797,.1575051,.1157655,1.085995,.077648,.0259991,.0597468,-.0488043,.0070443,.0602695,-.0260527,.0221353,.1065345,.5371895,-1.660946,-1.21e-10,.1640669
.1018816,.1201074,-.003827,-.0215242,.0200152,-.1601562,-.111321,.1723627,.0015363,-.0280151,.1367474,0,.1727493,.0495427,.3084897,-.0799451,.031482,-.0407467,-.0039556,.0035593,-.0045471,-.0007446,-.0328079,.3299259,.2362116,1.457682,1.170418,-3.141102,-.3315454,2.486636,.0574376,.0532863,.0434723,.1660226,.2387411,.0410572,.0673616,.1594394,.1355497,.0978085,.0087308,.1626174,-.0910198,.0230887,.1127037,1.082102,.0572561,.1142748,.0619871,-.0348443,.0096357,.0630822,-.0452614,.056772,.1000808,.5370864,-1.737927,1.84e-10,.1698593
.0620256,.0524277,-.0474888,-.0187961,.0145656,.0252969,-.1238647,.1421615,.0040832,-.0249907,.1166834,-.4379723,.2469883,.0513308,.2670074,-.0500764,.014007,-.1267906,-.0097729,.0223051,-.0048594,-.0007445,.0559005,.6356333,.1891656,-.201833,1.782994,-5.286805,-.1603612,-.4453228,-.0380299,-.0858288,-.0537884,.0716443,.0852073,.046615,.0887296,.1557763,.1719218,.1090013,.1288875,.1505299,-.1379862,.0219081,.0914437,.8791253,.049547,.1080185,.0713058,-.0936841,.0031621,.0459775,-.0596325,.116426,.0935322,.4775397,-1.353105,-1.34e-10,.1703552
.1132099,.1265036,.006746,-.0208044,.0362406,-.0538622,-.0648834,.1294064,-.0048564,-.0414821,.0878501,-.385343,.1511561,.0543501,.1935416,-.0845868,.0327625,-.0039521,-.0172627,-.0439661,.002312,-.0009354,.3946512,-1.868705,-.9739947,-.3382482,1.753862,-5.027059,1.631503,-2.468534,.0295241,.040441,.0296498,.1494226,.1548918,.0356484,.0947976,.1200805,.1005445,.057264,-.0064273,.1253209,-.0841711,.0272441,.1257943,1.200094,.0800666,.1180618,.1300489,-.1145943,-.0003491,.0817973,-.002486,.0229766,.1422119,.7187994,-1.98858,2.77e-10,.1655785
.170195,-.046686,.0077387,-.0216658,.0110905,.0316994,-.1267456,.1905948,.0037669,-.0102871,.1749905,-.4753197,.0366549,.0348876,.1448173,-.1138435,.007379,-.1552644,-.0276924,-.0201192,-.000183,-.0009958,.6483124,-1.350455,.3642614,-.6922116,1.287516,-3.380394,-.4594197,-.7596018,.1357428,.118173,.0910096,.2119626,.296918,.0482227,.0741102,.2791787,.0781763,.0157578,.003224,.2177419,-.1427769,-.0461119,.0686083,.6619245,.0817559,.0503973,-.0267537,.022164,.0576762,.044083,-.0261957,.1133341,.0797717,.3977597,-1.130964,-2.03e-10,.1687981
.2373035,.108924,.0260425,.032704,.0788936,.2336079,-.0759913,.2240477,-.0178463,-.0104751,.2382127,0,.0321892,.0556037,.1106788,-.127741,.0106116,-.1482775,-.024083,-.0264348,-.0055818,-.00076,.4210891,-1.116147,-.9853017,-.4158879,1.40928,-4.566438,1.660981,-2.65727,.2094361,.106395,.0745487,.17776,.2436514,.0671421,.0844555,.3151605,.1213654,.0556938,.0455376,.324221,-.0157432,-.106904,.1091829,1.048915,.0720934,.0798353,.0599921,-.0593072,.0107768,.0595582,-.0401795,.0749144,.0891227,.4542379,-1.610878,4.00e-11,.1705163
.1438478,.052826,-.0684616,-.0578224,-.0467794,.0319479,-.1919213,.1437777,.03948,-.00325,.0889979,-.4558562,.1272959,-.013952,.2240286,-.0728633,.0016377,-.1270409,-.019565,-.038091,-.0001617,-.0009484,.4296865,-1.732789,-.4624211,-.7171999,1.315761,-4.004825,.8014662,-2.282669,-.0323467,.0440246,-.01979,.1098056,.1909414,.0232011,.0535284,.1359269,.1139769,.0570924,.0033205,.1086387,.0463394,.0004202,.1389957,1.312966,.0726902,.0517305,.0790785,-.0961323,.0020863,.0386819,-.0675432,.0504805,.1276413,.6533862,-1.82419,2.06e-10,.165655
.1705205,-.0057279,.0003313,.0190614,.0495171,-.0227628,-.1226448,.184085,-.0003503,-.0127445,.1722963,-.4606147,.1135566,.0399447,.2297182,-.0940854,.0282517,-.1119637,-.0200935,-.0101975,.0021052,-.0011008,.5044257,-.7145056,-.0085946,-.3279602,1.924097,-5.509563,.11783,-.971946,.050651,.1227816,.113315,.2212133,.255302,.0675513,.0949906,.2233832,.1165268,.066047,.0913539,.1822429,.0299837,.0728069,.1165603,1.124077,.0726756,.0248778,.1778153,-.1553281,-.0112569,.0797443,-.0563985,.0842743,.0884272,.4361212,-1.766209,4.01e-11,.1676312
.0398557,.1715858,-.0312835,-.0510548,-.034686,.1126062,-.1593039,.1122395,.0101425,-.0256225,.0443021,0,.2037472,.0089912,.253316,-.0505669,.0265432,-.0430322,-.0137707,.0051168,.0041517,-.0012704,.2250813,-.1889442,-.0880464,-1.533411,1.502499,-4.178304,.2258339,-2.995506,.0729896,.0623197,.0845078,.2606144,.336363,.0358282,.0026662,.2002503,.1239693,.0728387,-.0007192,.2097279,-.008834,.0453598,.1404746,1.304277,.107404,-.0475252,.0601852,-.0353286,.0029992,.0177679,-.0420736,.0360899,.1324792,.7077829,-2.001055,2.30e-10,.1652955
.1162443,.1430575,-.0037679,-.0190771,-.0062708,.1159929,-.1203774,.1889575,.0008245,-.0051095,.1379612,-.4580981,.0228025,.0665461,.1156155,-.1286879,.0096527,-.1005043,-.0206418,-.0103785,-.0033307,-.0006456,.4426983,-.7912305,.359466,.1316617,1.580137,-4.235794,-.4716574,.4036011,-.1409883,.0251211,.0015947,.0958236,.1523253,.0415607,.0775942,.0172721,.1115013,.0444803,.0248879,.0126221,.0250679,.1265889,.1263779,1.181724,.0850275,.0633908,.1505773,-.1325094,.0033495,.073376,-.0204089,.0916506,.1114451,.5831693,-1.835581,8.81e-12,.1667685
-.0014177,-.0287947,-.0259821,-.0296254,-.0308147,.0051445,-.0177041,.1321367,.0285583,-.0326962,.0920001,-.4268658,.2261068,.0513628,.2114878,-.140779,-.0126365,-.1374546,-.02694,-.0046793,-.0046438,-.0007043,.5432307,-.7018437,-.2480935,-.5544003,.9651693,-2.512709,.4356967,-1.542676,-.0900704,-.1249885,-.1579555,-.0209734,-.0131493,.0469054,.1191597,.0808691,.1614146,.0781948,.0828601,.0703832,.0516822,-.0097956,.0991322,.9571205,.0848763,.0293908,.0004927,.0266609,.0353909,.0389926,-.0301933,.0677617,.0960924,.4785716,-1.225952,1.38e-10,.1685389
.0558482,-.0975716,.0032151,.0077658,.0333597,.2768919,.0392945,.1585679,.0239061,-.0241152,.1732894,0,.0132448,.0605399,.0517712,-.078818,-.025587,-.1567957,-.0284657,-.004199,-.00473,-.0004343,.616201,-.796877,.2015763,-1.445099,1.716655,-4.659107,-.2224215,-2.414313,.0028957,.0097893,-.0551593,.0522553,.0332083,.0883897,.1737094,.0579631,.1624913,.0954592,.0877499,.1400396,-.0271456,.031757,.1085896,1.008359,.0803383,.0459703,.0533776,-.0646232,.0071745,.0351159,-.0348457,.0894482,.1102598,.5682281,-1.487333,-5.10e-11,.1676964
.0945691,.0546835,.0268515,.0198436,.0184285,.0822543,-.135846,.1724598,-.0026593,-.0175192,.1462243,-.4469873,.0684711,.0332861,.1921145,-.0914965,.016543,-.0982762,-.0121755,-.0229132,-.0070962,-.000784,.1590424,-.9051521,-.137385,-.8552159,1.783058,-4.664859,.3616554,-1.967072,.0961106,.0762729,.0697215,.1612491,.2156773,.049172,.0990552,.2375111,.0755253,.0435919,-.0618948,.1840216,-.1070265,-.042473,.1205939,1.160742,.0892837,.0334313,.0774064,-.0545379,-.0061039,.0695627,-.0363954,.0230838,.1285427,.6696321,-1.883894,1.58e-10,.1738614
.1553016,.0206814,-.0382349,-.048038,-.0279356,.0394792,-.2010459,.2025973,.0014756,.0063579,.155865,-.5008662,.0585662,.0033649,.1189651,-.053594,.0241058,-.0988242,-.0206147,-.0076152,.0037401,-.0012364,.4659595,-.7622195,-.5481879,-1.297608,1.41497,-3.729532,.9550873,-3.352267,.1674488,.2657803,.1810321,.3077787,.3200029,.0858895,.1181931,.3219544,.0928404,.025544,.0437529,.2859086,-.0751381,.0317453,.1053378,.9979258,.0753372,.0206155,.013304,-.0520083,-.0166008,.0138357,-.0801988,.1068534,.1186821,.5977407,-1.742796,-5.56e-11,.1653652
.1594223,.0350691,-.0295864,-.0606278,-.0003145,.0688579,-.0923147,.1360336,.0351714,-.0204111,.1041834,-.4527865,-.0555925,.0212656,.0261936,-.07992,.0054338,-.1235201,-.0142399,.0201112,-.0054175,-.0007308,.2455119,.753794,-.7965738,-.6515098,1.69099,-4.429325,1.405461,-2.737638,.1411309,.1826874,.1751235,.3127085,.3666214,.0258386,.078404,.3222237,.1005097,.0577939,.1236138,.2343469,.0340712,.0393865,.0788177,.7382569,.0761491,.0991735,.1741042,-.1646183,.0101873,.0658349,.0205218,.0149121,.0991383,.4855464,-1.378936,6.72e-11,.171954
.0464745,.1417119,.0382726,.0258245,.0402962,-.0190631,-.0636957,.1070761,.0082414,-.0338129,.1535228,-.4383245,.1173949,.0515166,.14548,-.0361226,.0124862,-.1013608,-.0184406,-.0041798,-.0071362,-.0005558,.3434926,-.5023875,-.8740598,-1.175354,.8327445,-1.517319,1.428099,-3.590699,.1819702,.1700906,.172873,.3141681,.3192918,.0627184,.1073348,.2604985,.1094972,.0670204,-.0025675,.2521235,-.1171522,.0569141,.1133822,1.042056,.0956523,.0268645,.0300829,-.0220394,.0301024,.0409205,.0015749,.0938483,.0831015,.4150176,-1.566864,4.93e-11,.1733373
.0163665,.1133172,.0274993,.0426896,.0134978,.0406338,-.039885,.1366823,-.0047843,-.0205584,.1466972,0,.0935593,.094784,.2065729,-.0574751,.0170672,-.0769555,-.0293318,-.0030226,-.0017177,-.0009638,.7324709,-.7694027,.495285,-.8930996,2.332219,-6.974475,-.6076927,-1.12237,.137851,.2156351,.2113529,.3477649,.3623267,.0623592,.105229,.2849315,.1447271,.0676894,.1486699,.2443075,-.0904845,.1103054,.0970617,.9109235,.0827423,.0665302,.177055,-.1668006,-.0103962,.0387504,-.0410343,.055498,.1203248,.618566,-1.806931,6.95e-11,.1668863
.0589293,.177375,-.0151147,-.0534072,-.0656005,-.2705008,-.1483516,.0898514,.0248019,-.0244166,.0533848,0,.1077393,.0536836,.1810599,-.0589992,.0143005,-.0525129,-.0157594,-.0302525,.002203,-.0011596,.3057647,-1.334388,-.0078761,-.515637,1.405094,-3.484461,.0784562,-1.251382,.0763796,.0090962,.0155431,.1539522,.2142373,.038294,.0787754,.1468177,.1090264,.061578,.072255,.1986153,-.124425,-.030272,.1083194,1.020309,.0833511,.0412605,.0473939,-.0076715,.0063374,.0400408,-.020352,.034473,.0867745,.4572847,-1.437222,-1.33e-10,.1717977
.2359482,.0912286,.0023305,-.0041942,.057846,.0076422,-.0917268,.1902812,.0079863,-.0035932,.1652613,-.4915868,.0410187,.0116488,.1236762,-.0720439,.0006297,-.1220767,-.009692,-.0065225,-.0116706,-.0002765,.1168792,-.3519606,.2711736,-1.985923,.8274994,-1.326839,-.3357032,-3.205169,.1471766,.0823454,.1325823,.3070416,.3421491,.0129614,-.0128887,.2366179,.1202963,.0347919,-.020788,.2347176,-.0853802,-.0126738,.1143227,1.078104,.0720313,-.0071037,-.0288615,.0453602,.0164723,.033026,-.0265042,.0582207,.0848228,.4331486,-1.473919,8.24e-11,.1664781
.0543846,.112463,.0093675,-.0391132,-.0276167,.0072303,-.1842968,.1778477,-.0079181,.0084844,.17616,0,.2955919,.0527595,.3096726,-.0202197,.0279294,-.0997047,-.0088696,-.0033087,-.0002443,-.0007692,.1365903,-.1622146,-.4394573,-1.499746,1.584191,-4.617715,.7570131,-3.494651,-.0162431,.0444,.0694108,.2086036,.2586949,.0287387,.0673535,.1017117,.1153645,.0576494,.0399801,.1432244,.0178606,.0767253,.1091402,1.004151,.0538533,.1458222,.138378,-.1665378,.0283905,.0254599,-.0215122,.0639868,.0834227,.4362906,-1.489234,-3.28e-12,.1693102
.0828401,.1939757,-.0010095,-.0296485,.0079406,.1688462,-.0364523,.1423906,.0084867,-.0165744,.125525,-.424094,.1580312,-.0077169,.2209269,-.0362696,-.0196072,-.0644114,-.0083255,.0175274,.0061458,-.0009752,.1488748,.5225428,.1274272,-1.467715,1.68559,-4.84783,-.1051731,-2.580274,.0048938,.0810632,-.0528214,.0770581,.1715458,.0707979,.1026247,.1275358,.0705374,.0321896,.0218938,.1401596,-.0013708,-.0201194,.0649221,.6517029,.1009566,.0173938,.0258883,.0350515,.0231346,.0384209,-.0249322,.0652769,.1168703,.5860001,-1.179962,3.72e-10,.1733584
.1369132,.1068557,-.0160525,.0205852,.0125129,-.1626949,-.0617487,.2063236,-.002208,-.0118477,.1767528,0,.0483537,.0282761,.1380398,-.1357125,-.0005603,-.0703351,-.0152263,-.0427241,-.0097496,-.0004516,.3371324,-1.732251,-.4551654,-1.379953,1.380792,-3.443855,.8118813,-3.426607,-.0497855,-.0277907,.0103387,.1630511,.1665847,.0464176,.0894275,.1859004,.1368626,.076556,.0323691,.10463,-.0799483,.0786128,.1196824,1.138327,.0823667,.0161645,.0586283,-.0613883,.0106633,.0427406,-.0430598,.0092098,.1188213,.6087962,-1.690861,6.61e-11,.1655625
.1544608,.1006305,-.0170802,-.0582653,-.0514615,.1548135,-.1073837,.1370053,.0190689,-.0050709,.1206423,-.4689011,.156295,.0249122,.2269654,-.0193363,.0009875,-.080904,-.0181995,.0231512,.0022625,-.0010604,.3929991,.4605849,.0633752,.0269707,1.467712,-4.349946,.0223042,-.1369398,-.1348891,-.0904026,-.0784112,.0419001,.134014,.0310838,.041333,.0035346,.0771498,.0294405,.0262957,.0168918,-.0001657,-.0143268,.1421399,1.33043,.0888338,.020736,.0103461,.0067132,.0123499,.0356145,-.0396482,.0202258,.1138947,.5545045,-1.818719,3.27e-11,.1693791
.1031197,.1522519,.0309852,-.0289564,.0057353,-.2116118,-.0783514,.1477474,.0181043,-.013856,.1185801,0,.1049877,.0043737,.1924455,-.1476279,-.0014651,-.1821442,-.0131934,-.023251,-.0075475,-.0007578,.2263315,-1.017718,.2102646,-.3800198,1.385072,-3.635343,-.2522966,-.6429245,.1100011,.1500884,.1258039,.2225361,.2850368,.0445169,.1167665,.2262517,.0657009,.0041059,-.095729,.2752422,-.0756913,-.0097995,.092734,.8913046,.0546169,.0617547,-.0388486,.0186521,.0283251,.0596799,.0060638,.0637479,.1284209,.6543316,-1.599633,2.51e-10,.1666455
.1023245,.0353091,.0417683,.0227486,.0094188,.2453177,.066897,.1144261,.0166146,-.0404379,.1308627,-.4586628,.1105487,.0606078,.1187474,-.0481103,.0029218,-.1143847,-.0339867,.0004038,-.012287,-.000429,.7109515,-.8397136,-.5058602,-.3255849,1.995763,-5.423575,.9482518,-1.643422,.1203407,.1284899,.1092158,.1782054,.2148437,.0641532,.1246686,.2482993,.1306403,.0652661,.0976385,.2368963,-.1383957,.0498268,.0707903,.6999335,.124375,.0431483,.1343601,-.0520027,.0162571,.0476983,-.0303245,.0507073,.1318284,.670619,-1.534996,2.59e-10,.1655841
.1691195,.2071753,.017672,.0298137,.0413228,.067703,-.0809145,.1466788,.0198078,-.01098,.1457002,-.4736843,.0518477,.0445514,.132457,-.0785268,.0108353,-.0813075,-.0158094,.0079059,-.0007457,-.0010432,.3491793,-.1584041,.1172918,-.7045788,.9568896,-2.430132,-.1546657,-1.22032,.083319,.0219625,-.0337488,.1493519,.2643747,.0284609,-.0162414,.1706091,.1177429,.093579,-.032721,.1981981,-.1087172,-.0802644,.1071543,1.01819,.0643707,.1141419,.0861225,-.0638879,-.0108452,.0681667,-.021113,.0221305,.1130096,.5679953,-1.552958,4.53e-10,.1712178
.1362693,.1762562,.0400392,.0329239,.0418708,.0017432,-.0604352,.1861071,.0137846,-.0077801,.2127794,0,.0751373,.0424326,.0911147,-.1192925,-.0071315,-.1213543,-.0244832,-.0150949,-.0031496,-.0006852,.5791562,-1.196786,-.6347117,-1.707903,1.267615,-3.193635,1.083945,-4.181948,-.1257665,-.1300716,-.1918691,.0070394,.0288429,.0731335,.0784358,.0191127,.1232968,.1010165,-.0687262,.0190801,-.0839349,-.0208227,.1157284,1.084496,.0901999,.0099686,.1256312,-.0879448,.0262932,.0247336,-.0631886,.0672727,.1152471,.5865321,-1.506636,1.99e-11,.1624879
.1653752,.0420816,.0120488,.0525719,.0349098,.2819755,-.1140974,.2050739,-.005145,-.0115145,.1708061,-.5242618,.1492274,.009209,.1212489,-.0808118,.0239119,-.0905325,-.0256717,-.0576779,-.00087,-.0011434,.5254821,0,-1.061962,-.343017,.9936689,-2.498836,1.755294,-2.647377,-.0121365,.0065455,-.0448605,.1064288,.1431595,.0415353,.028259,.1372512,.1434427,.0938859,.0642558,.1367596,-.1920513,-.0305171,.1157349,1.071839,.0704299,.0417292,.0526091,-.0518273,.008574,.0415799,-.0017882,.0525918,.1003023,.5147831,-1.577789,6.69e-11,.1657985
.1512403,.2050268,-.0536239,-.0386419,.0143002,.0217065,-.0946367,.1415284,.0322539,-.0076969,.0928096,0,.8481222,.3331507,.9593893,-.070381,.0010703,-.085517,-.0186548,-.0650001,-.0052685,-.0006421,.348592,0,-.4316874,-1.922496,2.252155,-6.659585,.8384669,-4.193705,.0844579,.0066636,-.0285777,.0926106,.11509,.0779841,.0947552,.1712335,.1124969,.0575914,.0128316,.166154,-.2004389,-.0353064,.1233016,1.142855,.0690118,.053523,.0076422,-.0114805,-.0151023,.0441498,-.0277211,.0155861,.130961,.675223,-1.754679,-3.93e-10,.1728465
.0838516,.139686,.0523666,.017333,.0607636,.048366,-.0685209,.1446183,-.0038561,-.0283144,.1241105,-.4330112,.1263507,.0461483,.1563742,-.0685693,.0149121,-.0768959,-.0217384,-.0039816,-.0129269,-.0004939,.4439161,-.5396727,-.2400112,-.3075564,1.828634,-5.115625,.4791486,-1.215112,-.0104634,-.1168749,-.1082026,-.0008128,.010224,.0391735,.1173949,.0565553,.1008201,.0555864,.0752778,.1287773,-.212487,-.0603472,.0783412,.7756264,.0628728,.0231893,-.0717121,.0252169,-.0126124,.0541697,-.0227315,.0474705,.1401292,.7103397,-1.365006,-8.26e-11,.1674673
.2355261,.2840419,.0274247,.0347128,.0938917,-.1402567,-.0525325,.2115542,-.0294492,-.0057347,.2413318,-.5417012,.087312,.0358755,.1173741,-.0780204,.029472,-.1134259,-.0233764,.014903,-.0006628,-.000806,.5461435,-.0281263,.1473704,-.3123825,1.345066,-3.494326,-.1534915,-.6121523,.1162288,.0660001,.0684755,.2440915,.2985919,.0259064,-.005556,.2589487,.1274247,.0975236,.1314261,.2763929,-.181779,-.0328875,.1379288,1.291213,.0832697,.0357673,-.0200136,.0538034,.0145686,.0548813,-.0332216,.0392525,.129279,.6446465,-2.143584,-3.21e-10,.1642155
.2044787,.1909428,.045182,.0351462,.0935517,.1344634,.0671139,.1019253,-.0005937,-.0470273,.0918852,0,.0391577,.0601189,.1682692,-.0941663,.0064291,-.0594233,-.0194331,-.0033651,-.004587,-.0007542,.3948016,-.3543498,.0908121,-1.600367,1.193488,-3.37854,-.0306576,-2.710561,-.0037192,-.0131379,-.0026786,.1420854,.1951348,.0573981,.0546901,.1152457,.0845451,.0454009,.0696088,.1580931,-.0389154,-.0278498,.1271739,1.197077,.084695,.1504171,.0581801,-.030285,.0085224,.0339213,-.0305079,.0799414,.1311532,.6495516,-1.781139,6.26e-11,.1644365
.1754932,.0161714,.008637,.0006651,.0244509,.2269488,.1240662,.1344168,.0442306,-.0415867,.1116529,-.401007,.1924094,.0223246,.1628725,-.0641281,-.0149712,-.0811106,-.0233374,.0020795,-.0058434,-.0005745,.5121927,-.5420914,-.0924091,-.9809424,1.604662,-3.620824,.2196185,-2.007631,.0381691,.1440641,.0790956,.2492431,.2655224,.0490136,.068818,.1717305,.128955,.0728791,.0078797,.1651525,.0282259,.064245,.1201481,1.107202,.106164,-.011374,.0228054,.0097021,.0161062,.0407689,-.005475,-.0014902,.0924293,.4743071,-1.658539,4.42e-11,.165286
.1687171,.0722015,-.0084426,.0010112,-.0256913,.1184376,-.154783,.1677335,.0019091,-.0038999,.127858,0,.1381641,.0205476,.1614582,-.0382278,.0127821,-.0974296,-.0277111,-.0033691,-.0079395,-.0005592,.5623695,-.4495008,.1797838,-.0778072,1.595182,-4.133679,-.1777143,.0047436,.2033883,.1635839,.17619,.2850997,.3683378,.0323294,.0445213,.3423713,.0941417,.0185289,.0366399,.3342166,-.1152469,-.0710651,.1131784,1.081936,.090347,-.0321764,-.1340611,.1313805,.0066444,.044145,-.0174258,.0489409,.102289,.5068354,-1.758133,-1.30e-10,.1685596
.0965975,.030062,.0097531,.0089393,.0442816,.1126766,-.0117076,.1141982,.0281438,-.0400957,.1070793,-.4038825,.0970576,.0350308,.1560594,-.0458966,-.0079852,-.0466663,-.0283789,-.0096478,-.0098855,-.000461,.5704525,-.8584916,-.4454975,-1.303699,1.752601,-4.975555,.8468488,-3.201559,.0855564,.0985736,.0586423,.1624583,.2054154,.0632548,.1396887,.191496,.092936,.0317585,.0212228,.1569136,.0043197,.0208233,.1248397,1.166475,.1041103,-.0068223,.0844424,-.0682703,-.0300228,.0142249,-.0939348,.1636613,.1083981,.5496855,-1.672976,-1.15e-10,.1688122
.0764609,.2672861,.003305,-.0448909,-.0623926,-.1334414,-.0665198,.0648272,.0488475,-.034003,.0590873,-.4131323,.1791659,.0285343,.2071048,-.0219527,.0143668,-.0504173,-.0308917,-.0010395,-.0001123,-.0012782,.6242084,-.306427,-.781052,.1734268,1.335168,-3.617021,1.327368,-1.20316,-.103882,-.0189013,-.0231237,.1392505,.0962922,.0190274,.0878115,.0186111,.1218883,.0632832,.0000283,.0156579,-.0275579,.1101012,.1308832,1.232112,.067369,.0421574,-.0333519,.0172488,.0245958,.0889608,.0391459,-.0172725,.1205843,.6236165,-1.81843,2.19e-10,.1687985
.1640867,.0223435,-.0527625,-.0978889,-.056628,.0025113,-.1397906,.1768452,.0137715,-.0011351,.1368787,0,.1114478,.059393,.1356074,-.0522082,.0113995,-.1405241,-.00963,-.0030535,-.0091647,-.000407,.1570759,-.2657011,.2944146,-.8460339,1.618526,-4.255241,-.3620798,-1.210248,.0010959,.1288842,.1719461,.3215796,.3726337,.0027135,.0273845,.185427,.1573067,.1081751,.1038035,.1639867,-.107931,.1725144,.093243,.8786915,.0686246,.1084078,.1045275,-.1118654,-.0123817,.0649236,-.0262896,.0272405,.1040343,.5382844,-1.538945,-1.45e-10,.163393
.1256537,.1096933,-.0236043,.0222488,.0211524,.1833584,-.0141411,.1230566,.0325414,-.0387346,.0392497,-.3725003,.024357,.0482819,.2102042,-.0189417,.0123085,-.0240971,-.0246786,-.0397418,-.0037121,-.0007606,.5250008,0,-.5899865,-.8479868,1.526713,-4.296015,1.013782,-2.650973,-.0213257,.0336342,-.0374464,.1151964,.1548249,.0071967,.0251164,.1006715,.1023502,.0545171,.0457145,.1068159,-.0321373,-.0158018,.12492,1.186807,.0789535,.0436682,.0659506,-.0837119,.0104737,.057486,-.0020958,.0353236,.1293487,.6687889,-1.718212,4.18e-11,.1685194
.1095324,.0042678,.000761,.0081587,.0101749,-.0969665,-.06756,.181192,-.0031149,-.0163133,.1691509,-.4418573,.1545875,.0334563,.2033579,-.0695053,.0113407,-.1196184,-.0223836,-.0213906,.0042346,-.0009978,.5432425,-1.283236,.4730114,-.085818,1.216391,-3.660238,-.6939407,.2982143,.1769471,.2713856,.291864,.4443971,.4538531,.0225252,.0320584,.3710806,.1331467,.0741849,-.0069148,.2715189,-.0080704,.0912231,.1150815,1.097821,.1051354,-.0046762,.0657198,-.0010731,.0209745,.0393069,-.0521773,.09872,.0868696,.3971576,-1.874362,-1.86e-10,.1716775
.0830509,.0602578,-.0410166,-.0312027,-.0360321,.0711405,-.1378371,.1176341,.0365256,-.0123759,.096501,0,.047682,.033325,.0800352,-.0819583,-.0007858,-.1067581,-.0229455,-.0127096,-.0041543,-.000808,.515703,-1.043523,-.5545925,-.9795973,1.739691,-5.14825,.9708223,-2.800543,-.0257071,.0068334,.0122062,.1610944,.2047813,.0002588,.0368319,.1820194,.1154326,.0506609,.0810217,.1549255,-.1096501,-.0012661,.1587923,1.465587,.0499843,.0602936,.0899369,-.0821227,-.0104973,.0357646,-.0637497,.0575286,.1125479,.570814,-1.897381,6.05e-10,.1679317
.0874352,.1429984,-.0404227,-.0066924,.0096614,-.0794621,-.1118982,.1917916,.0166156,-.0167146,.1093043,-.4688992,.10026,-.0015577,.2542656,-.11185,.0108531,-.1186096,-.0116538,-.0202534,.0035183,-.0016312,.2355997,-.8464237,-.5444753,-.7789384,.4729615,-.3613684,.9125576,-2.43887,-.0730064,-.0150224,-.0404418,.0416458,.1039471,.053527,.113067,.1013187,.0626874,-.0024952,.0013086,.0463473,-.0328429,-.0105286,.1129559,1.053559,.1073332,.0595386,.0815439,-.0868265,-.0047531,.0236425,-.0811601,.0430535,.1122536,.5544963,-1.425636,1.42e-10,.1661803
.1051958,-.0157984,-.0169944,-.0006782,-.0074988,.1260209,-.1049217,.1648357,.0064234,-.023464,.0932712,0,.1346994,.0124991,.179534,-.0482582,.0254299,-.0569245,.0103478,-.0194368,-.0081194,-.0004764,-.3997906,-.1680903,-1.016796,-1.16688,.9254752,-1.991332,1.657946,-3.806987,-.0400182,.0861271,.0781561,.1868697,.2168494,.0347063,.0943427,.1232856,.0559493,-.0004644,.0567668,.0717265,-.0783727,.0787592,.1418918,1.37196,.0693739,.0012696,.0132013,.0046423,.0074033,.0538688,.0128259,.0129344,.1072821,.5222828,-1.781847,-3.45e-10,.1694015
.1905273,.1580269,.0122608,.0197715,.0047362,-.2062967,-.1253668,.1514561,-.0020234,-.0069916,.1356071,0,.135482,.029503,.1603328,-.023904,.0188603,-.0624352,-.0319132,-.0181261,-.0012169,-.0009735,.6948354,-1.345317,-.8794641,-1.298074,1.648764,-4.606883,1.533797,-3.903627,-.0264927,-.055868,-.0480926,.1224576,.1714546,.0055648,-.0041211,.1019241,.113974,.0404323,-.0117793,.1017469,.0699349,-.0338279,.1249382,1.137537,.0624465,.0952571,.1440172,-.1537746,.000997,.0609106,.0022978,.0153896,.1172928,.5862801,-1.621571,9.73e-12,.167515
.1405863,.0717862,-.0041063,-.0093505,.0314876,-.0385214,-.0223653,.1187075,-.0004636,-.0383738,.0791278,0,.1309509,.0345774,.2182905,-.0444898,.0215299,-.0355267,-.0195807,-.0379011,.0007482,-.0009355,.4541281,-1.723198,.7257641,-1.758711,1.734326,-4.69986,-1.019605,-2.166924,-.1417452,-.1443448,-.1519382,.0268124,.0350111,.0165325,.0389856,-.0146988,.1269371,.0688539,.1208066,-.0227657,.0042661,.0210347,.1204652,1.129185,.089531,.0883306,.086563,-.0837367,.0034215,.0377498,-.0326885,.0321499,.1156507,.5750597,-1.477729,-3.43e-10,.1676246
.19552,.3599147,.0387924,-.0091629,.0336411,.2173931,-.0547131,.1210388,-.0035665,-.0406696,.1465113,-.4172466,.0367984,.0482392,.0737314,-.0454361,.0273154,-.1178739,-.0067265,-.0429008,.002194,-.0012826,.089676,-1.517761,-.1206466,-.4940048,1.747262,-4.932438,.2932953,-1.385071,-.0901849,-.0895988,-.1226122,-.0118843,-.0241125,.065802,.1247898,.0738175,.0974589,.0650245,.2354164,.0552746,-.036906,-.007619,.1193926,1.106574,.0615994,.0266491,-.035474,-.0153181,-.0046425,.0450914,-.0125503,.0166806,.0999056,.4991029,-1.482998,2.07e-10,.1675469
.1358097,.0469924,.0108909,-.0303932,-.050736,.0098645,-.1161833,.1385851,.0236039,-.0076634,.14182,0,.1669922,.0921506,.2222115,-.0583481,.0052469,-.1251917,-.0100388,.0053343,.0000877,-.0010011,.171408,.2370641,.0158863,-.324679,1.675784,-5.311732,.0627847,-.8607444,.1357386,.063931,.0852984,.2197241,.2567872,.0481918,.0492075,.2433726,.122932,.0635903,.0093301,.1536743,.0894635,.0054146,.1160895,1.094397,.0892165,.0275846,.1433928,-.0842726,.0270122,.0656118,.0129229,.0306509,.0978981,.4877493,-1.718988,-2.38e-10,.1707748
.1317608,.1705802,-.0114881,-.0489525,-.0392119,.095657,-.02605,.1430483,.033693,-.029455,.1047496,-.4308735,.0886873,.0316368,.2015934,-.1400947,.0007526,-.1070816,-.0162471,-.0210004,.0030168,-.0010703,.3653297,-1.151188,-.9658875,-1.187408,.7027019,-1.419993,1.563855,-3.773527,.03706,.0475978,-.0211762,.076717,.0750141,.0859175,.1710988,.1442228,.0789688,.0279411,.0730043,.1539985,-.0082943,.0037844,.1370378,1.279147,.0599712,.0346923,-.0457852,.0339449,-.0141538,.0442329,-.0343407,-.0196918,.1177947,.5932348,-1.763283,-2.45e-10,.1686591
.1154158,.297337,.0188434,.0935691,.1356273,-.0398168,-.0636891,.2445439,-.0308658,-.0092023,.2374122,-.468026,.1450257,.0544007,.2237058,-.0987012,.0206553,-.0504447,-.020611,-.0415898,-.0039472,-.0005759,.4321595,-1.795802,.230988,-1.086371,1.202394,-3.264947,-.3132289,-1.813145,.1169685,.0957809,.0978961,.2609555,.2923479,.0573674,.0718551,.3248858,.1268516,.0446891,-.0960295,.2559977,-.0606516,-.0224175,.1205966,1.133293,.0687289,.0904455,.1806557,-.2165332,.0091548,.0212187,-.0519611,.0917428,.1066036,.5208204,-1.829767,-2.00e-10,.1653062
.13657,-.1935895,-.0595495,-.0916845,-.070885,-.1311319,-.0971555,.082542,.0624799,-.0244939,.0425686,-.4312362,.1757078,.0262571,.1806791,-.0277897,-.0157751,-.1302621,-.0144798,-.0248785,-.0003157,-.0012302,.2541073,-1.050497,-.6530542,-1.083337,.9335302,-1.882756,1.093724,-3.033375,-.0250646,.0333191,.0051716,.1697891,.2167725,.0157774,.0438439,.0877053,.1193457,.0578287,.0583398,.119067,-.1561091,.0210282,.1020379,.9612798,.0868976,.0348035,.0205856,-.0284883,.0190651,.048061,-.026744,.0160748,.1066709,.5365845,-1.315455,-7.74e-11,.165074
.0336136,.0622433,-.0132997,-.0170326,-.0448247,.0784604,-.0981723,.1283418,.0182671,-.0285584,.1128899,-.4698113,.1134626,.0264094,.1176171,-.0892129,.0161809,-.1265544,-.0192711,-.0050635,.0008076,-.0013601,.4172578,-.2846839,-.3220528,-.5277234,1.194615,-3.400779,.5836178,-1.794857,.0208788,.0499992,.0465216,.1728009,.2082359,.0161327,.0529614,.2191956,.1339605,.0798447,-.018117,.0835203,-.0643259,.0331283,.1058402,1.009431,.0568295,.0423753,.0297994,.0207072,.0189662,.0408017,-.0246474,.1045083,.1062873,.5152032,-1.50156,3.44e-11,.1679471
.1470374,.0582718,-.0247746,-.0377695,.0211751,.1658711,-.1566379,.1962593,.0105862,-.01725,.1559473,-.4587359,.5791348,.1715052,.6462859,-.1073702,.0311878,-.1239018,-.0163077,.0129028,.0067644,-.0012107,.3786447,.2980045,.9012852,.1882244,1.350943,-2.904904,-1.348542,1.319939,-.0409246,-.0383756,-.0587738,.0567248,.1007008,.0702445,.0924007,.0717372,.0953194,.0112935,-.0490749,.1434789,-.1958072,-.035067,.1143738,1.097627,.0735223,.0895221,.129327,-.1337786,.0259654,.0404676,-.0645676,.0564933,.1108755,.5674869,-1.719335,3.22e-11,.168816
.0932329,.1809533,.0052106,.0185025,.0397476,-.0897399,-.0067651,.1691842,.0104838,-.0122463,.1595669,-.4791039,.0104848,.0236826,.0105338,-.0856205,-.0017936,-.1037043,-.0286359,-.0172921,.0019097,-.0008246,.6553449,-1.308865,-.4489666,-.2141765,1.759279,-4.248943,.7981285,-1.430123,.1000998,.1172621,.1024293,.2763682,.3376441,.0254436,.0094789,.2718225,.0948909,.0431763,.0801628,.2747411,-.0227381,-.0313335,.1172727,1.131276,.0839193,.110408,.0042584,.0128369,-.0256513,.0596583,-.0374325,.0602265,.0972851,.4862978,-1.757162,5.71e-11,.1696472
.1072489,.0886293,-.0608229,-.0342312,.0202703,.0978156,-.1635295,.2158034,-.0002838,-.0205985,.1305887,-.4944753,.3336527,.1469346,.4540884,-.1163812,.0147528,-.05765,-.0122833,.0008031,.0062988,-.0012484,.2336799,-.2767927,-.0247118,-.8128798,1.102248,-2.879453,.0982648,-1.71709,.0654107,.1485017,.1144286,.2587372,.3233352,.025157,.0350026,.2556147,.1145864,.0384735,.0092195,.2277505,-.1447514,.0161172,.154355,1.437759,.0901085,.057955,.0865573,-.0728364,-.0175151,.0686342,-.0084875,-.0461801,.1307805,.6787716,-2.216608,-4.37e-11,.1643555
.1705604,-.0793095,-.0404443,-.033867,-.0164143,.0443043,-.1988408,.1412459,.0142789,-.0020388,.1072422,-.4194158,.3045825,.0587892,.3042972,-.061887,.0134246,-.0851672,-.0133119,-.02718,-.0058451,-.0006957,.2584949,-1.213372,1.379728,-.0726973,1.224172,-3.031349,-2.105049,1.686744,.0704375,.1007301,.0825295,.1879969,.2221531,.0091561,.0637991,.1450105,.0840914,.029559,.0705061,.1440466,.1565981,.0034694,.0963515,.9482116,.0961607,.0080214,.0872466,-.0750583,.0182224,.0610969,-.0078271,-.0064058,.1052715,.5079613,-1.518823,1.65e-10,.168666
.1201589,.0219084,.0421868,.0139477,.0681279,-.012307,-.007341,.138316,.0083117,-.0317303,.1463904,-.4805812,.1858705,-.0090792,.2508704,-.0824041,.006346,-.045202,-.0260919,-.0220139,.0077461,-.0013662,.6396565,-1.462797,-.9809843,-.6661283,1.679231,-4.438894,1.657488,-2.976393,-.0151585,-.0086602,-.0321314,.0752912,.1687196,.0288844,.0702613,.0572422,.1012261,.0410793,-.0389561,.1587258,-.1112572,-.0245778,.095907,.9285601,.0791345,.0915951,.1578414,-.136912,.0094141,.0323421,-.0304022,.0122159,.1259714,.6394033,-1.568226,-1.12e-10,.1689535
.127345,.2211749,.0076349,-.0120037,.0147761,.1866572,-.0333586,.1623879,.0156056,-.0193768,.1915942,-.499351,.2713618,.1046917,.3268466,-.0678557,.0076715,-.1705334,-.0234063,.0326981,-.0055309,-.0004718,.4743896,.8678415,-.025715,-.5238516,1.164173,-3.355826,.0985453,-1.17944,.0485069,.0733665,.0389967,.163669,.2504229,.0117134,.0529496,.1402693,.142513,.0778034,.0651277,.1418941,.0433599,.0287162,.0703807,.6813291,.0844701,.0075298,.0359545,-.0084123,-.0119089,.0522571,.002015,.002097,.1211769,.6031359,-1.361581,-5.58e-11,.1670462
.1539503,.182931,-.0398135,-.0169763,-.0243052,-.096906,-.1769873,.2547585,-.0047316,.0190203,.2049022,-.5210348,.1421817,.0277041,.1626074,-.1208361,.0046859,-.1660911,-.0114825,.0149754,-.0017621,-.0006648,.1977127,.4456362,.2109425,-.7208069,1.79579,-5.694183,-.2370504,-1.265747,.0541405,.0375484,.0140399,.1318067,.1691167,.0556833,.0929162,.1997367,.0852501,.0428158,.0640187,.2030246,-.0747009,-.0387289,.1176363,1.121241,.0720438,.0788416,.0816736,-.0525329,.0057088,.0515239,-.0248154,.0630533,.1013836,.5054343,-1.705171,-7.53e-11,.167004
.0821747,.184699,.0180625,-.0122703,.0259239,-.0251541,.0368532,.1133374,.0325776,-.0460667,.0987412,-.4287263,.0470588,.0266607,.1482717,-.1124189,.0017116,-.1164019,-.0236828,-.0160752,-.0007946,-.0008484,.535439,-1.039344,-.0602195,-.5997106,1.224762,-2.966332,.1809043,-1.322175,.0608911,.102645,.0065206,.136246,.2073047,.0519619,.0938521,.254958,.079661,.0202375,-.1124361,.2176303,-.0634392,-.0637741,.1274912,1.209129,.0838345,.0531088,.0956048,-.0780081,.0092166,.0408721,-.0047692,.0279869,.1117433,.5712635,-1.718898,2.92e-10,.1622377
.2502639,.0258984,.0337651,.0150882,.0351719,-.0498613,-.0376257,.1816508,.0355184,-.0082458,.1668951,0,-.0315326,.0045303,.0860583,-.1152382,-.001262,-.1147876,-.0172459,-.0210337,.0086714,-.0012908,.4218162,-.7319422,.261192,-.9892866,1.106016,-2.610737,-.3289632,-1.591344,.1226749,.1230305,.1797784,.3196069,.3935085,.0158717,.0367008,.2814703,.0952221,.0323437,.0083477,.2941833,-.1886596,.0322558,.1319281,1.25774,.0600898,.0659057,.079844,-.0589047,.0044512,.0349154,-.0355232,.0425424,.1274449,.6367838,-2.041072,3.65e-10,.1695339
.0618886,-.1068729,-.0249704,-.0802232,-.0799795,-.1385042,-.1601861,.1193227,.0231275,-.0155257,.0951103,0,.210575,.0269677,.18466,-.0440905,.0186754,-.1272536,-.0275373,.0091665,-.0028718,-.000762,.5970869,-.3389506,-.7716904,-.2277132,1.554537,-3.900576,1.309185,-1.931529,-.1005668,-.0526146,-.1001482,.027112,.0464812,.0538914,.0865557,.0047593,.0990052,.067821,.0437275,.0954517,-.0759453,-.0100649,.1300088,1.220626,.1271184,-.0197409,.0498799,.0398455,-.0123107,.044216,-.0046519,-.032706,.102503,.500418,-1.634366,-5.82e-11,.1709314
.1165595,.0610841,.0360984,-.0037451,-.0320401,-.1103089,-.0398173,.163996,.0200586,-.0186937,.1518754,0,.1333553,.0059078,.2080054,-.1115494,-.0007784,-.1376026,-.0183734,-.0034794,-.0049486,-.0007352,.4144504,-.5271746,.2815201,-.2559457,1.479598,-4.244093,-.3500299,-.3689735,.0148661,-.0152046,.0393738,.2122987,.2657021,-.0293049,-.0168727,.1377241,.1158446,.0583539,.0624504,.135179,.1306885,-.0107122,.1028089,.9750964,.0858849,-.0412116,-.016814,.0486393,.0387846,.0644357,.0012067,.0394806,.1016098,.5037432,-1.504999,6.58e-11,.1717549
.1545575,-.0354956,.0233222,.0118713,.0264815,.2043308,-.0820926,.1641424,.0054164,-.0183706,.1278224,-.3960239,.1364454,.0107443,.115267,-.0335849,.0040404,-.0317903,-.0087132,-.000451,-.0032554,-.0006009,.1155366,.0648548,.3105298,-.0253376,1.290259,-3.36564,-.4319979,.0749043,.2448549,.2762585,.2292539,.3861859,.3641664,.0293083,.0894594,.38796,.1056328,.0745267,.0776217,.364002,-.1103883,-.00464,.1341132,1.286985,.0616847,.0584557,.1134783,-.0826787,.0097359,.0367839,.0032587,.0727957,.1028911,.5073169,-2.084621,1.01e-10,.1665801
.0424482,.0296354,-.0221909,-.022079,-.0353873,.2502005,-.0504548,.1191344,.0434192,-.0091703,.1066383,0,.1456169,.0202878,.1443058,-.0984479,-.0207901,-.1352619,-.0122111,.013348,-.0106661,-.000629,.182084,.582698,.5266466,-.4675063,1.536849,-4.872036,-.7757289,-.1998883,.1021302,.1318473,.0225436,.1892473,.2572152,.0417942,.0268842,.2306272,.0457866,.0348827,-.0267264,.2070431,-.1408256,-.0899286,.0853066,.81367,.0657267,.0750571,-.0558251,.0943658,.0241732,.030111,-.0298605,.0727806,.1275146,.6580414,-1.354066,-1.52e-10,.1686107
.0997052,.2797636,.0640587,.1036272,.1192212,.0985929,.02581,.2233173,-.036984,-.0037015,.2465175,0,.1701281,.0153996,.2063515,-.080552,.0156419,-.127631,-.0249812,-.0021396,-.0092033,-.0005289,.5616839,-.4506856,.4431077,-.5718538,1.255003,-3.008901,-.6290163,-.5864822,-.2043303,-.2752805,-.24488,-.1618812,-.1557075,.0623615,.1437625,-.1160763,.1069921,.01353,.0659076,-.1280061,.0176616,.0002035,.1224704,1.176396,.0654281,.0606836,.0586339,-.0541867,.0193988,.0440163,.0087216,-.001297,.133069,.6897966,-1.698208,-9.41e-11,.1682507
.2560005,.2209892,.0170856,.0174366,.0519186,-.0116371,.0360352,.1756353,.0288154,-.0102606,.2038527,-.5026875,.0358709,-.0126669,.0600483,-.0769413,.0019268,-.1548942,-.0316281,-.0020879,-.0007975,-.0007042,.7921566,-.8159958,-.9149714,-1.417335,1.508477,-3.752237,1.523256,-4.119824,.0560051,.1731021,.1696405,.2669907,.3048136,.058072,.1078854,.2825288,.1460594,.0738545,.0382895,.2120528,-.0182479,.1114063,.1243781,1.162089,.0697508,.0413527,-.0407832,.0585982,.0185462,.0260099,-.0002977,-.0063654,.1127735,.5738284,-1.886711,3.18e-11,.1704813
.154145,.2865222,-.0242887,-.0146633,.0012129,-.0931005,-.1422856,.2228879,.0042424,.0135019,.1857225,-.5202274,.0007958,.0159918,.1107011,-.0966158,.0049669,-.1386163,-.026402,.0102151,-.0038047,-.0005202,.64152,-.5440987,-.1983184,-1.582846,1.612698,-4.026537,.3828988,-3.164471,.1504839,.1311906,.1607188,.3081689,.3635281,.0013136,.0238394,.2093156,.0989507,.027463,.0509825,.2425786,.1733036,.0246453,.1108999,1.064121,.0828058,.0226664,-.0421215,.0450205,-.0168318,.0585535,-.0400002,.0527732,.0952089,.4682721,-1.661268,-1.43e-11,.1641436
.0258766,.0154746,-.0961434,-.1010611,-.0791856,.0276132,-.1025207,.1480736,.0225905,-.0095583,.0749179,-.5076324,.0775614,.1257756,.2048947,-.0576125,-.0042777,-.1122513,-.0224218,.0010123,-.0058421,-.0007552,.4885111,-.4658751,-.7498621,-.4328714,1.27737,-3.847458,1.250352,-2.082365,.1684246,.1473654,.1386067,.2699355,.3093038,.0212346,.0247551,.2508962,.0953937,.0330648,-.0545189,.2828815,-.0894598,-.0157834,.0752383,.7378846,.0879655,.0080291,-.1229623,.1241398,.0135877,.0670057,-.0044888,.0083959,.1168369,.5905528,-1.346247,1.11e-10,.1692636
.1613037,.162672,.0269034,.0180443,.0640341,-.0218079,.0348183,.1232567,.0152705,-.0377726,.117956,-.3498048,.099858,.0217611,.0489599,-.0819793,.0115763,-.0964963,-.0209935,-.017146,-.0048789,-.0003408,.4167408,-.9214619,-.5635696,-.5494512,1.106658,-2.768,.9854445,-2.119485,.0223551,.105023,.0226291,.1648361,.1803712,.0719941,.0989608,.2115163,.0717238,.0121478,-.0213085,.1259356,-.0264947,-.0202316,.1221362,1.152173,.0749796,.0622821,.0492923,-.0344335,.0233083,.0600883,-.0108538,.0486903,.1149692,.5473059,-1.685471,2.28e-10,.1666036
.0851022,.062512,-.0153322,-.0003775,-.042368,.2748001,-.1044787,.1671029,.0288194,-.0152802,.1258429,-.4742323,.0234433,.0715961,.0614627,-.0997613,.0020864,-.101527,-.0337381,.0130202,-.0038768,-.0007376,.7117812,.0631284,-.5342792,.1787327,1.303422,-2.710687,.9236992,-.8309764,.1329057,.2481185,.1908385,.2968107,.3873639,.0124687,.0593736,.2218186,.1280492,.0872174,.1574593,.2464821,-.1458623,.0934297,.0974535,.9257556,.0805994,-.0248231,-.1337022,.166613,.0169341,.0519613,.0017079,.0620499,.1010066,.4980741,-1.648201,2.81e-10,.1711231
.142612,.0910078,.0199509,.0496028,.020653,-.0077738,-.1240767,.1726134,-.0143216,-.017803,.128147,-.4811367,.1704922,.0193671,.2268931,-.1168741,.026191,-.0173265,-.0190502,-.0037854,.0082338,-.0017039,.4562087,-.2797175,-.6620145,-.4426829,1.693949,-4.72206,1.166405,-2.156817,.0580144,.2014599,.1627118,.2672915,.3133644,.034274,.0839706,.2016558,.0794114,.0190443,-.1092433,.2645785,-.0449569,.0346613,.1025271,.9962443,.0543236,.0789969,.0656687,-.0294219,.0262388,.0857966,.0058674,.0154931,.1063013,.5345884,-1.76399,-2.99e-10,.174998
.1310645,.248268,-.0565624,.0208157,-.001723,-.0768567,-.1438387,.1927089,.0010503,-.0091766,.117956,-.4861712,.1166924,.0069171,.2530927,-.1133747,.0209239,-.10589,-.0351249,-.0086879,.0063353,-.00162,.8366649,-.5955279,.166061,-.2841812,1.846763,-4.914593,-.1218816,-.62201,-.0598779,-.051661,-.0354172,.0829303,.1161375,.0355492,.0590445,.0272291,.1247791,.0717444,.0459525,.0556826,.1255379,.0226122,.0920878,.8643482,.1091864,.0385631,.0721138,-.0414921,.0071201,.0234919,-.0671299,.089717,.1020123,.5042658,-1.400678,4.49e-11,.1634931
.1499158,.1622933,.0165787,-.0033213,.0432546,-.0338964,-.0584648,.1235744,.0009635,-.021736,.0731087,-.3191451,.1910989,.0630673,.2688767,-.0181849,.0176726,-.0352724,-.0016016,-.0243122,.008572,-.0014883,-.0003307,-.7750002,.4731404,-1.336579,1.3374,-3.482756,-.6561598,-1.763233,-.0776676,-.0853458,-.0853647,.0256809,.019461,.0456173,.1439209,.0771116,.0831405,.0410735,.0318635,.0340162,-.0720265,-.0058307,.1526897,1.430873,.0915114,.099812,.1688192,-.172538,.0328362,.0728062,.0045863,.0525951,.1296858,.6527432,-1.989253,2.58e-10,.1663962
.1745426,.1724955,-.0019919,.0258232,.0518391,.2129034,.0517945,.1244396,.0205211,-.0406456,.1119901,-.4056918,.1259892,.0031271,.2401491,-.0748752,.0090894,-.0369865,-.0104891,-.0082087,-.002254,-.0010228,.1936557,-.4962142,-.3339303,-1.589453,2.121197,-6.308049,.6564144,-3.422292,.0854404,.142906,.1022683,.2497943,.306987,.0559809,.082077,.1739837,.1086548,.0710088,.0039048,.2067159,-.149529,.0547104,.1256767,1.173953,.0940593,-.0248479,-.0279048,.0536949,.006807,.0483538,-.0414592,.0256956,.1368471,.6754262,-1.875379,7.27e-11,.1662159
.0632211,-.1486664,-.0041432,-.0363025,-.0269297,.0046111,-.08538,.1107414,.0257253,-.0275619,.1172357,-.4752678,.1677458,-.0420516,.2465367,-.0532562,.0030747,-.1324684,-.0201459,-.0139792,.0018194,-.0010895,.4784214,-1.080806,.3084355,-1.514675,1.665543,-4.651472,-.3523686,-2.332581,-.0364345,-.0264823,-.0391837,.1131268,.1711133,.002642,.0198868,.0946483,.1392551,.0859763,.0652485,.1048071,.0082783,-.0233482,.0894324,.8655198,.0793079,.0871814,.0953958,-.0924513,.0229863,.0551335,-.03844,.0321714,.1176887,.596094,-1.311879,-2.00e-10,.1684971
.0261123,-.1055492,-.0545615,-.0751435,-.0914342,-.1437648,-.139636,.1094105,.0437375,-.0139641,.0524884,-.4194174,.1837183,.0589496,.1841635,-.0657205,-.0044613,-.1167465,-.0116497,.0016977,-.0051993,-.0006422,.1666605,-.1986119,.5373819,.1872276,1.808533,-5.266694,-.730285,.8060471,-.0410392,.0198117,.0508355,.1666214,.2600556,.0337169,.05114,.0815302,.1863105,.1132205,.0792487,.0642284,.1954607,.1486838,.1082196,1.033096,.0723891,.0170449,.0674453,-.0622003,-.0075151,.050046,-.0239921,-.0197943,.0964927,.4909857,-1.572216,9.32e-11,.1692154
.0392893,.1180524,-.0172198,.0188918,.0179038,-.0100493,-.0336219,.1665848,-.0015417,-.0163095,.1254785,-.4496249,.1190152,.0331556,.2373434,-.0945784,.0015226,-.1232461,-.0337472,-.0214405,.0014743,-.0010207,.8013718,-1.284332,-.161585,-1.489802,1.570242,-4.699924,.3369984,-2.981625,.0192357,-.0099182,-.0276611,.099973,.141331,.0590895,.136608,.1856313,.1149317,.0883593,.0492276,.1908312,-.0858806,-.0111237,.118463,1.131153,.0775026,.068398,.0644707,-.0596294,-.0019873,.0194071,-.0685658,.0847879,.123271,.6217206,-1.698566,1.80e-10,.162026
.1379975,.0716051,-.0145138,.0059313,-.0120878,-.0185679,-.1055963,.122452,.0200677,-.0263087,.0677606,0,.1948324,.0824133,.2744785,-.0553473,.026944,-.0633482,-.0119535,-.0117952,.0099702,-.0015229,.2887965,-.6351183,.0257636,-.5690683,1.354605,-3.37179,.0468492,-1.249108,-.0513095,-.0716965,-.0993383,-.018025,.0191999,.0832695,.1241215,.0480161,.1231215,.0561823,.0971872,.0753157,-.1037881,-.021543,.1544244,1.44751,.0754127,-.0340492,.0072101,-.0224975,.0088967,.0475457,-.0115113,.0313817,.0906786,.4522381,-1.810309,2.20e-10,.1678319
.1376339,.0210937,.0164166,.031888,.0257374,.0750536,-.0747908,.1896997,-.00439,-.0037994,.1971473,-.5349005,.2125463,.0143153,.1818075,-.0454612,.0177493,-.1141117,-.0183703,-.0022478,-.0039551,-.0009423,.3089982,-.3261037,.1432392,-.8487576,1.389132,-3.219405,-.1278166,-1.483883,-.102485,-.0711212,-.0756118,.0808081,.1589363,.0124786,.0096815,-.0338128,.1081336,.0430038,.023184,.0266332,-.1380347,.0550387,.0864619,.8270342,.1049647,.0026242,.1590124,-.1409752,.0254057,.0399267,-.0032676,.0270561,.0903144,.4460456,-1.199758,2.09e-10,.1674526
.1488706,.114815,.0112442,.0472242,.0170578,.097561,-.0244924,.1507424,.0316486,-.0161886,.0989897,-.4315982,.1181465,.0073438,.2440607,-.0816697,-.0069617,-.0294651,-.0191291,-.029497,-.004967,-.0006327,.4053507,-1.355507,-.2494287,-.074127,1.312329,-2.791924,.5136184,-.9273843,.0786839,.1553906,.1909136,.3283574,.3836825,.0294593,.0407325,.2140051,.1220721,.0506661,.0087691,.2132144,-.1039219,.0807397,.1312467,1.242545,.0691129,.0437854,.0265988,-.0119082,.0042263,.0614562,.0164874,.0096424,.1010956,.4938285,-1.946342,9.25e-12,.1679344
.0817014,.3063668,.0257774,.0323302,.0463341,.0069381,-.0374075,.1424923,-.0109739,-.0320737,.1516063,-.4492734,.0884631,.0716173,.1183936,-.0085861,.0309883,-.0638658,-.0096759,-.020944,-.0099591,-.0003921,.097467,-.7574177,-.4626769,-2.183667,1.648266,-4.886684,.8515311,-4.726733,-.0047907,-.0001712,.0100196,.1333563,.1336646,.0545684,.0773137,.1176903,.1139052,.0412385,-.0357733,.0835367,.0338715,.0577785,.1182456,1.118252,.0547885,.0756808,.1334688,-.1185925,.0039063,.0665548,.0021833,.0456418,.1253203,.6377753,-1.6769,-9.47e-11,.1693479
.1540291,.0110119,.0173747,.0162586,.0353617,.156079,-.119479,.142016,.0131899,-.0104143,.1629652,-.4318432,.167692,.0007018,.1710499,-.1035198,.0006546,-.1141026,-.0256978,.008382,-.0078567,-.0005209,.5366616,-.3136914,.335693,-.5616109,1.64136,-4.397347,-.4242283,-.7370517,.0931348,.1107667,.0812966,.1708692,.1987137,.0678396,.1487051,.2375669,.1653374,.1061006,.073504,.2033538,-.1100269,.0472223,.0954217,.9156399,.0811102,.0078594,-.0758604,.0707915,-.0114898,.071357,-.0001906,.0187354,.087294,.4224855,-1.482552,1.09e-10,.1698657
.1889513,.032468,.0241625,.0598875,.0586468,.1897241,.0051279,.1770927,.0303851,-.0313607,.1647842,-.4569299,.0287956,.036463,.1720982,-.1318774,.0019161,-.1317985,-.0292008,.0193682,.0124673,-.0020271,.7193326,.2444564,-.8416415,-.4145086,1.282389,-4.142641,1.386144,-2.336617,.139013,.1596141,.0992261,.2650674,.2665671,.0678491,.0985194,.2566279,.1102878,.0353909,.1158207,.2793049,-.1448848,-.0023761,.0876297,.8417398,.0730414,.1160653,.1384011,-.1504274,.0263267,.0435866,-.03457,.0849999,.0968525,.4661572,-1.493475,-3.40e-10,.169212
.0575205,-.0499308,.0160384,-.0469245,-.002273,-.0382141,-.1868475,.1523521,.0114511,-.0017287,.1611628,-.4765818,.0898791,-.0001899,.1168917,-.1142156,-.008663,-.1609015,-.0178605,-.0080563,.00246,-.0011098,.368324,-.1211521,.5431637,-.9142534,1.15239,-3.143111,-.7670096,-1.037053,.088167,.0563263,.0633043,.1766574,.2465348,.1053009,.1570856,.1511729,.1506618,.0799047,.0288713,.1991914,-.2202769,.0623,.051975,.5210328,.0561448,.0367481,-.027954,.0205958,-.0088928,.0488093,-.0325895,.0579643,.1225658,.622883,-1.254764,2.03e-10,.1677023
.0918877,.1693635,-.0016787,-.018103,.0195755,-.0670741,-.0624243,.123092,.0110826,-.0157754,.1080071,-.4082508,.0378156,.0508552,.1005439,-.0494026,-.0002428,-.0918316,-.0194136,-.0095129,-.0036448,-.0009131,.3901522,-.6877484,.1509823,-.5854943,1.470724,-4.328503,-.1822617,-.9292059,.0244022,.0640296,.020196,.1417138,.1839105,.0908847,.1141447,.2417894,.0991915,.0662266,.0462106,.1865951,-.2169881,.0268353,.1003671,.9696544,.0806337,.0906226,.040269,.0055073,-.0014528,.0710865,-.0298103,.0736239,.0891287,.4181118,-1.425257,-1.91e-10,.1653913
.2682297,.1311916,.0009635,.0288437,.0768571,.0374037,-.0900478,.1454076,-.0044616,-.0191734,.1252919,0,.1698968,.0271954,.3234337,-.090468,.0109981,-.0960018,-.015542,-.0302902,.0005955,-.0010894,.3122873,-1.313134,.4228757,-1.486454,1.25361,-2.970922,-.5662836,-2.212175,.1217034,.1568757,.1149866,.2500056,.3415991,.051875,.0336942,.199948,.0998335,.0452649,-.0272492,.220113,-.0849737,.0358682,.1242522,1.155644,.1078964,.0136546,.0890277,-.0594632,.0054815,.0263006,-.0509941,.0377735,.1212321,.5971277,-1.808457,9.36e-11,.1671542
.0839602,-.1395874,-.0241445,-.0143568,-.0078775,-.0582079,-.0856725,.1525818,.0393361,-.0300149,.0849182,-.4536838,.1602637,.0291834,.2287983,-.0928215,.0064269,-.0805148,-.0182975,-.0078505,-.0053363,-.0006245,.4063745,-.5416418,-.4889939,-1.189568,2.102582,-5.491836,.8546307,-2.932864,.0769112,.1324266,.120673,.2303136,.2812695,.0623398,.0955556,.2076335,.1361249,.0649723,.123026,.2092267,-.2244386,.1010625,.0899766,.8580989,.0914352,.0723456,.0878689,-.0410667,-.0299152,.0294409,-.0408065,.0321044,.1086698,.5725857,-1.53611,3.14e-10,.1693011
.1434008,.0677808,.0328712,.038403,.0426093,.1318505,-.0389128,.146146,.0170363,-.0240917,.1536057,-.4403321,.1112306,-.0104595,.2236628,-.1082946,.0022774,-.1573862,-.007997,.0179219,-.0077588,-.0006012,.0857013,.6284611,.1762196,-.1089486,1.553715,-3.729964,-.1550291,-.2311279,-.1644507,-.1526406,-.1845593,-.0574166,-.0218172,.0291631,.1087779,-.0228113,.1483147,.1084874,.0948488,-.0446054,-.1862722,.0402248,.0816451,.7736214,.0881833,.0009939,-.038368,.0644305,.0102144,.0777792,-.0003337,.0313739,.1136649,.5694241,-1.262541,-1.66e-10,.1660035
.1863285,.1104789,-.0116898,.0261944,.0438084,.0878096,-.1298432,.2276836,-.0089449,-.0056902,.223733,-.5500988,.0379161,.0289062,.1147038,-.1124976,.0347391,-.114161,-.0288657,.0103515,.0012654,-.0008874,.7013547,-.4533038,-.6412716,-.4589613,1.351747,-3.185611,1.081415,-2.078772,.1096988,.1156596,.0758798,.2283083,.2681859,.0406512,.0491714,.2388195,.1516111,.0727679,-.0321077,.1955971,.0027537,.0007541,.1265632,1.20198,.0877502,.0958264,-.0102046,.0378932,-.0092708,.0270443,-.0545269,.0443038,.1166323,.5991769,-1.967319,-4.79e-10,.1665492
.1793001,.0844458,.0257063,.0031817,.0474535,.09326,-.0903716,.1214992,.0171873,-.0236765,.1173545,-.3918725,.1048435,.031047,.1720989,-.0654477,.0115233,-.0870924,-.0250888,-.0218948,-.0034738,-.0007226,.5691288,-1.356374,-.3961398,-.5843123,1.370639,-3.602288,.7031869,-1.875222,.1350548,.143294,.1011302,.1917894,.2347945,.0492927,.1275652,.2743025,.0961622,.0266849,.083354,.2319312,-.0821416,-.0237055,.1224281,1.167534,.0821673,.0674238,.0891597,-.1018893,-.0071697,.0768449,.0183285,-.0144726,.0970295,.4626301,-1.724846,-7.06e-11,.1672144
.1101015,.1482801,-.0093468,.0183649,.0185357,-.0046586,-.1959366,.1751095,-.0021255,-.005214,.1604755,-.4781031,.1661668,.0270788,.1557787,-.1501354,.0181824,-.092559,-.0245838,-.0234729,.000731,-.0008228,.5597717,-1.320382,-.3121868,-1.070012,.9081604,-2.757503,.520406,-2.544704,.1736724,.13388,.1194804,.2655302,.3164469,.0523678,.0785699,.3293075,.0878842,.0438354,.0465852,.3524288,-.1695396,-.0628109,.1129015,1.078584,.0637228,.0594624,.0226383,.0095009,-.0015445,.0803615,-.0499997,.0514896,.1071813,.5427246,-1.67529,1.59e-10,.169091
.1160758,-.0135359,-.0273561,-.0093135,.0181787,.1843095,-.117901,.2134922,.0071801,.0091375,.1769145,-.4982909,.0632583,.0050618,.1704106,-.0951084,.005885,-.1171228,-.0238522,.0256566,-.0077243,-.0003709,.5480817,0,.1508447,.1756783,1.61193,-3.582343,-.129222,.2226827,-.1415751,-.0310392,-.0462946,.0579218,.0756912,.0733677,.1494799,.0350016,.1496005,.1075585,.1637215,.0214477,-.2657723,.1676388,.0843264,.8048365,.0851467,.0462062,.0975446,-.0936371,.0237522,.0494925,-.0202138,.0508608,.105926,.5072948,-1.457796,7.08e-11,.1676313
.0788838,.0317421,-.0014038,-.0004359,.001755,.0106645,-.0114851,.1904655,.0209022,-.0271474,.1088915,-.4594014,.0742203,.0385422,.2036367,-.1312924,.0040438,-.1235753,-.0314984,-.030604,-.000904,-.0008903,.7423811,0,-.1463199,-.2198706,1.475071,-4.366632,.3315873,-.8130134,.178186,.1221766,.1595478,.3125522,.3844341,.0265332,-.0022819,.355025,.1021933,.0316786,.0287287,.3082111,-.037748,-.0609191,.1005275,.9441186,.0763481,.062501,.0564028,-.0737861,.0150724,.03312,-.0195969,.055535,.1150404,.588761,-1.660644,-2.70e-11,.1706694
.1693013,-.0012538,.0116968,-.0195637,.0148254,-.1122876,-.0859808,.1868293,-.0292025,-.0126913,.1732656,-.4943039,.2021496,.0240961,.2783658,-.0416355,.021188,-.0809501,-.0103423,-.0084483,-.0017868,-.0008393,.1497492,-.3635776,.0917645,-1.545508,1.124412,-2.572512,-.0745786,-2.733725,.1410132,.0431455,.0168554,.1535309,.2751375,.0701565,.0761123,.2424908,.1034462,.05668,-.0742875,.3074771,-.1417695,-.0650513,.1276235,1.217096,.078382,-.0479929,.0207491,.0122494,.015045,.0338536,-.0412729,.0661295,.0818964,.398726,-1.651606,4.39e-11,.1734576
-.0070128,-.0236034,-.0166508,-.0070377,-.0615498,.0602183,-.1370758,.1664089,.0281405,.0136615,.1484995,0,.0289022,.0456255,.0322262,-.0697694,-.0145603,-.1813657,-.0285489,-.0405566,-.0057549,-.0007708,.5814329,-1.97693,-.0990502,-1.352978,1.353475,-4.192729,.2414322,-2.746737,-.0689295,-.0092209,.0122365,.1286373,.1814888,.0473809,.0750909,.1091526,.1150445,.0818252,.0183827,.1531984,-.09173,.0674259,.0982553,.9254267,.0536868,.0855518,.0401038,.0198634,.0209207,.0487928,-.0075209,.0472067,.1184521,.6008347,-1.429689,1.01e-10,.1730721
.0921962,.2009434,.0352146,.0004381,.0684268,.0034431,-.0638835,.1504723,-.0095273,-.0252879,.1817002,-.4527464,.1298154,.0910613,.1802525,-.1371275,.0084332,-.1513004,-.020355,-.0528741,.0036407,-.0012566,.4633971,-2.267353,-.1145876,-1.951527,1.637063,-4.105842,.3048041,-3.73027,.0740391,.0473287,.0423719,.1240375,.1469624,.0978255,.1637607,.2803368,.11194,.032287,-.0690264,.1905718,-.0870548,-.0357734,.1263579,1.188002,.0672004,.0934432,.0699047,-.0492897,.0186614,.060348,-.0322435,.0794448,.1325289,.6929838,-1.91167,3.38e-11,.1670121
.0334389,.0217065,.0031182,.0140826,.0716568,.0607142,-.077379,.1583456,-.0041754,-.0249092,.1211208,0,.1826567,.0646544,.3136002,-.0793599,.0110205,-.0622297,-.0208717,-.0187874,-.0026762,-.0005312,.4851537,-.5739353,-.5961456,-.0272978,1.292795,-4.130198,.9843804,-1.270799,.0444539,.0953862,.0857014,.2258866,.299967,.0479915,.0323969,.2491068,.084413,.0356969,-.0160432,.1882487,.0531839,-.0180658,.1245482,1.197273,.0973222,.068317,.0676252,-.0249919,-.0031992,.0272065,-.0403868,.0494163,.0985383,.4904231,-1.784348,-1.66e-10,.166604
.1396398,.1716567,.0075968,.0444641,.0705262,.0641422,.0079076,.178914,-.0162535,-.0205803,.1314729,-.4207885,.1532207,.0784989,.2520699,-.1077265,.0071272,-.0616553,-.0105033,-.0144556,-.0066283,-.0005167,.2017246,-.7782372,.0422002,-.7210737,1.649386,-4.123319,.0093653,-1.390392,.0706336,.1056424,.1528353,.2852083,.3580082,.0107015,.0316655,.2654081,.1168581,.0502633,.116226,.253038,-.1174005,.0339774,.1179245,1.119099,.0881916,-.0015045,.0837236,-.0622831,.0074651,.0754623,-.0330244,.082099,.1175193,.6041273,-1.889261,-3.29e-10,.1680017
.1678912,-.0015269,.0115437,.0245843,.0651315,.0659223,-.0081143,.2054694,.0211252,-.0096508,.1833918,-.5085195,-.0042977,.0728757,.0848418,-.1306253,-.0149776,-.1421327,-.0137869,-.0098068,-.0030273,-.0007556,.2630482,-.5818428,.0746028,-1.525764,1.327388,-3.979971,-.0200084,-2.628624,.2209389,.2276841,.275392,.4176638,.5085968,.0227914,.0068704,.4039016,.1031456,.0201286,.0545001,.3915909,-.2030048,.0107663,.0973155,.9188336,.0754604,.0848204,.0169083,.0111831,.037857,.0570377,.0111944,.0647512,.128766,.6527715,-1.805908,-5.92e-11,.173344
.0258915,.0627376,-.0231702,-.046602,-.0639312,-.1075022,-.1491881,.1076535,.0206104,-.0115446,.104238,-.4915407,.1446975,-.0422799,.1762841,-.0541796,.0112285,-.1304229,-.0184,-.0295125,-.004388,-.0008404,.3663155,-1.130956,-.2659498,-.8634702,1.28966,-3.350266,.5251267,-2.257188,-.0913868,-.0473511,-.0764698,.0185877,.1061623,.0419187,.0982282,.0113375,.0761063,.037465,-.0244297,.0161182,-.1511298,.0347613,.110593,1.060055,.0975194,.0371167,-.0466153,.0517318,.020626,.0683544,.0205947,.0020716,.1273783,.6550418,-1.514734,3.95e-11,.1723882
.2518934,.0823001,.0659285,.045066,.0749478,.0908413,-.026589,.2051865,-.0232718,-.0143253,.2317027,0,.146235,.0481291,.2072515,-.081946,.0292872,-.1195235,-.0100326,.0176444,-.0075931,-.0007405,.0901991,.5060053,-.0352,-1.167393,2.09624,-5.593475,.2168214,-2.428112,-.0686271,-.1356587,-.151721,-.0529984,-.0224475,.010849,.1014369,.0104299,.0806212,.0459939,.0230824,-.03796,-.1286728,-.0323529,.1159339,1.136015,.0841257,.0034766,.1042627,-.095057,.0040645,.0602115,-.0058352,.0353839,.0984009,.4879638,-1.503921,-9.64e-11,.1698207
-.0081536,.1472437,-.0303437,-.0865064,-.0145896,-.0378382,-.2004187,.1359943,.0278485,-.0207923,.0907682,-.4166926,.1921107,.0144048,.1631235,-.1514632,.0037146,-.1610853,-.0130178,.0092992,.0023313,-.0010378,.2217897,.323402,-.2890283,-.4858564,1.56923,-3.733075,.5478377,-1.64253,-.0269413,-.0170467,-.033879,.0798678,.1188575,.0606939,.1197662,.1322258,.1088838,.0703297,.0472905,.1006937,.1134847,.0550908,.1212451,1.114087,.0728359,.0042055,.0056553,-.0141576,.0245475,.0539829,-.0287773,.0520296,.0918251,.4661554,-1.557607,-1.62e-10,.1679332
.1226593,.2104516,.0364425,-.0122866,-.0109865,-.1794011,-.0960433,.119613,.024108,-.0226783,.1080339,-.4424384,.0774763,.0384295,.0795648,-.0630916,.0003363,-.0296559,-.0291837,-.0335969,.0033645,-.0010769,.7132849,-1.902429,-1.088637,-1.915014,1.10717,-2.94203,1.774209,-5.205959,-.1256265,.0135832,-.0326198,.1317533,.1726529,.0815879,.0939222,.0221972,.1337767,.1019832,.0642667,.0428603,-.0436373,.1298775,.1162888,1.089192,.0870994,-.0098598,.0672814,-.0691362,-.0066528,.0513031,-.0212264,.0119526,.0911055,.4372699,-1.467023,1.27e-10,.1718203
.1643424,.0041915,.0319479,.0033555,.020132,-.1122772,-.072903,.1559604,-.0015885,-.0209235,.1767542,0,.1758085,.0346737,.2078611,-.0332871,.0113494,-.1033738,-.0045866,.0005631,.0055792,-.0012967,.0767583,.1687625,.9263307,-1.580052,1.539441,-4.855416,-1.41097,-1.570664,.0461122,.1389708,.2018389,.3239737,.3900985,.042507,.069977,.1754137,.1253278,.077747,.058028,.2078329,-.0905939,.1568689,.1097902,1.047047,.0739627,.1008998,.0729456,-.0066305,-.0064612,.0409035,-.0205032,.05329,.1298016,.6614097,-1.91143,-3.26e-10,.1712262
.1586292,.0776704,-.0157981,-.0093507,.000103,-.0385627,-.1245121,.1968788,-.0167951,-.0100647,.1568066,-.4976771,.1111806,.0370661,.2419603,-.1056429,.0192144,-.1331566,-.0383159,-.0488284,.0050132,-.0010756,.932805,-2.472767,.2229566,.1085927,1.289515,-3.366102,-.25082,.177707,-.0867737,.0065863,.0153929,.1879112,.155455,.0434174,.0468236,.0290938,.1296356,.0713576,.1199971,.0727201,-.116362,.1011753,.1332239,1.270794,.070616,.0088393,.0738384,-.0644209,-.0174059,.0352445,-.087066,.0864282,.0923415,.4621966,-1.793614,1.59e-10,.1676147
.0581789,-.0755725,-.029644,-.0044629,-.0323082,.1051938,-.1382026,.1689109,.0134465,-.0168988,.126348,-.4994804,.1070256,.025396,.1946429,-.0858823,.0102375,-.132908,-.0204348,.0256826,.0163204,-.0023717,.4388323,.5573769,-.4520395,-.9043428,1.570135,-4.111568,.811524,-2.567424,.022477,.1546891,.086817,.1938771,.2189885,.0826442,.110661,.1203509,.1275263,.0694245,.139955,.1631122,-.2592655,.1315894,.1132262,1.083845,.0858288,.0275393,.0904344,-.0615619,.0230608,.0431322,-.01964,.0892286,.0912154,.4564352,-1.684825,-1.22e-10,.1689245
.070969,.071155,.0147706,-.0229787,.0240533,-.0020563,-.035403,.1204397,.0225952,-.0373668,.077309,-.3939858,.1314691,.0064626,.2359609,-.1158398,-.0004556,-.0745933,-.0276292,-.0192941,-.003647,-.0009527,.6814872,-1.280122,.0901774,-1.039481,1.249933,-3.28818,-.0752615,-1.824124,.0988496,.1826322,.1835381,.3245778,.3417852,-.0076859,.0900506,.2340564,.0917578,.0374822,.0408398,.2090294,-.0315613,.0678661,.1424171,1.346736,.0814711,.0702249,.0257807,-.0464914,.0123183,.0812347,-.0118614,.0425627,.1019362,.5205128,-1.928216,-4.27e-11,.1668643
.0317721,.030151,.0011219,-.0008755,.0555143,-.0005822,-.0361882,.1393848,.004852,-.0161127,.1643796,-.4787987,.2364206,.0105312,.1710763,-.0447247,.0038426,-.1188309,-.0180666,.0161727,.0022678,-.0010951,.366118,.3813291,-.4627886,-.8613445,1.620251,-4.262241,.8226793,-2.532674,-.0212512,.0568069,.0791049,.2038288,.2613392,.0034056,.0615889,.1239747,.1111252,.0513433,.0057833,.109061,.1176755,.102439,.1064434,1.009272,.0796962,-.0021867,-.0596379,.1059281,.0175014,.0495876,-.0211438,.043349,.1041529,.5124282,-1.629398,-2.20e-10,.1705105
.1564008,.0648105,.0237742,-.0310212,-.0230943,-.1077711,-.1728817,.1484876,.0322537,-.0131514,.1295909,-.4211724,.0266037,.0305265,.1559071,-.0614576,.0145003,-.1399861,-.0305155,-.0371814,-.0069875,-.0006845,.6617827,-1.941733,.1063311,-.0338387,1.86436,-5.108241,-.076676,-.1981064,-.0668549,.0322355,-.0095861,.0859143,.0858695,.0799603,.1286796,.0296841,.1105496,.0628004,.0788051,.0434587,.0200085,.0616836,.1145053,1.092346,.0732595,.0356604,-.0344119,.0336424,-.0079083,.0489749,-.0126805,.0574606,.0753954,.3736815,-1.475972,1.79e-11,.1661652
.1423188,.1790444,-.0466217,-.0594207,-.042069,-.2220556,-.1907306,.2299852,.0029954,-.0097293,.1351649,0,.0250831,.0870709,.1903552,-.1302061,.0302091,-.0771467,-.0223173,-.0302225,.0027979,-.0010603,.4933928,-1.383675,-.15251,-1.462518,1.810354,-5.459611,.3297053,-3.029099,.0790404,.0515286,.0599538,.1711115,.2194182,.0206657,.061512,.2309148,.0983363,.0736141,.0824743,.2023903,-.1140998,-.0233256,.1293756,1.228349,.0608124,.0506941,.0067528,-.0007646,.0301381,.0198653,-.0405434,.0629947,.1243002,.6519474,-1.857886,2.25e-11,.1695685
.0201182,.1135792,.0178673,.0342179,.0578723,-.0513627,-.0458815,.1837548,-.0102645,-.0087183,.1695634,0,.1458296,.0019367,.2441622,-.1285015,-.0007108,-.1575725,-.0075891,-.0066412,.0075621,-.0013975,.1625073,-.164092,-.0568596,-.4570074,1.99576,-6.170424,.1755676,-1.21386,-.0921948,-.0825104,-.0707424,.0537937,.110332,.0396877,.0753838,.0932254,.1396429,.0622393,.0198241,.0743539,-.0521538,.0453433,.1059593,1.024554,.0926933,.0274407,.1229992,-.0940216,.0260344,.0525439,-.0199105,.0191045,.1046027,.5123541,-1.603682,1.75e-10,.1675027
.1779766,.2225858,.0187183,.0395244,.0780898,.0907942,-.0848903,.1779667,-.0183077,-.0179757,.1663968,-.5034131,.1581891,.0171596,.2086817,-.1129563,.0245088,-.1486543,-.0414027,-.0323857,-.0044551,-.0006896,.9771444,-2.051476,-.6155566,-1.076494,1.711811,-4.583204,1.091359,-3.200754,.0841778,.1180548,.082864,.2255049,.2819109,.0495393,.0469453,.1810199,.1172747,.0737118,.0427768,.2708164,-.1211797,-.0245869,.1162568,1.090372,.0771865,.0375335,-.023589,.0630337,.004211,.0524189,-.0454218,.0932544,.1136266,.5838926,-1.781381,-1.80e-10,.165103
.0512067,.1400566,-.0264193,.022282,-.0050939,.0223818,-.1203276,.1869344,.0053268,-.0112766,.1383803,0,.0529307,.0586704,.1422736,-.1006376,.0102335,-.0933331,-.0218805,.0297046,-.0081509,-.0007182,.4225408,.8307065,-.3246048,-.5935133,2.225947,-6.961579,.616688,-1.903618,-.095106,-.1272725,-.0900702,.0190144,.0734014,.0306013,.0559801,-.0218989,.1354463,.0471222,.0158622,.0532307,-.205005,.041653,.091339,.8492215,.0747555,.0437723,.1071412,-.0980796,-.0087019,.0681942,-.0178045,.0811794,.1113141,.5602284,-1.358133,8.65e-11,.166765
.1361457,.0249619,.0210869,-.0344635,-.009344,.0057914,-.0465133,.1208144,.0183568,-.0090576,.1077924,0,.1532831,.0176746,.2478312,-.049373,.0009227,-.0653279,.0068189,.0018829,-.008601,-.000473,-.3158992,.2381024,.0345869,-.8798404,1.606399,-4.020787,.0562053,-1.731315,-.0358318,.0726598,.0605248,.149493,.1748163,.0526858,.1385852,.1336525,.131909,.1059061,.064574,.0962373,-.1281811,.1157997,.0850874,.8062989,.0453753,.0559029,-.0033867,.0272688,.0001259,.0486451,-.048179,.0424088,.1220717,.6357495,-1.465079,-3.39e-10,.170128
.1387507,.058556,.0200591,.0129517,.0059572,-.0309232,.0161539,.1709839,-.0030583,-.0250707,.1634326,0,.0478748,.0384668,.1500731,-.1055597,-.0089302,-.1781977,-.0210788,.0056479,.0042885,-.0015857,.427304,-.1780784,-.7822511,-1.744684,1.313753,-3.687459,1.313887,-4.37735,.0007248,.0916642,.0210006,.1348938,.1853139,.0400675,.0831401,.159275,.0983338,.0391464,-.0360527,.1120908,-.1877076,.0261222,.1054003,.9973773,.0753176,.0397083,-.019509,.0387846,.024098,.0665486,-.0031386,.0273856,.1259013,.6454937,-1.598448,9.08e-11,.1685384
.1160817,-.0152226,.029983,.0107136,.0281367,.1032665,-.0642054,.1032215,.0186916,-.0295366,.1266281,-.4095545,.1896062,.046245,.2471069,-.0352318,.0124995,-.0685564,-.01355,-.0242352,.0021785,-.0008985,.2577434,-1.096618,1.158844,-1.054071,.9878836,-1.977095,-1.752836,-.2565265,.0688394,.1169385,.0844091,.2187783,.2915131,.0327132,.0445639,.1153276,.0978424,.0584704,-.032651,.1764921,-.0742609,.0437045,.1343842,1.275838,.0980315,.0757659,.1242083,-.0833599,.0018612,.0452275,-.0336724,.053755,.082325,.4056066,-1.731126,-4.29e-11,.1731704
.0838902,-.0217324,-.0329587,-.0599232,-.0358989,.0061509,-.1878951,.119793,.0088835,-.0101371,.1184596,-.4977922,.1741788,.0422256,.2204778,-.0986496,.0142039,-.116026,-.0171865,-.0135445,-.0044354,-.0008763,.3178974,-.6824492,.0940211,-.4441031,1.480796,-3.782344,-.0289582,-1.002688,.0454504,-.0246686,-.060102,.092114,.19588,.0200346,.0421485,.2128768,.1335625,.0792206,-.0081573,.2254369,-.02181,-.10466,.0889383,.8459731,.0531646,.1142174,.0881876,-.1268705,-.001134,.070189,-.0340469,.0182081,.0918105,.4646852,-1.204767,2.83e-10,.1690815
.1758127,-.0128219,.0015538,-.0094929,.0210754,.2963789,-.064873,.1051475,.0172464,-.0298079,.0964701,-.3892631,.1628619,.0028068,.1450409,-.0329678,.0022834,-.1032936,-.0135189,.0104761,-.0070194,-.0004884,.2472714,.1910606,-.4720776,-.7048485,1.23667,-2.329067,.8190826,-2.195567,.2288819,.2029565,.2353876,.3493768,.3493328,.0170103,.0932781,.2935116,.060554,.0064761,.0710564,.2822809,-.1144711,-.0088044,.0946396,.9089016,.0695534,.0637972,.0153687,.0164127,.0171637,.0440059,-.0068761,.0977694,.1449447,.7447789,-1.783775,-3.57e-10,.1700697
.143406,.1744356,-.0111245,.0237774,.0357543,.1278805,-.0954932,.1596631,-.0064184,-.0196267,.1382268,-.4004847,.1218962,.0455487,.2074488,-.0413218,.0123665,-.0384752,-.0223937,-.0337938,-.0069305,-.0002971,.5356136,-1.719948,.2938015,-.3803417,1.884182,-5.100818,-.3523071,-.5131962,.1275477,.226114,.1732399,.239797,.2940089,.0759309,.1286649,.3146367,.0933602,.042674,.1042859,.2199479,.0620536,.0407218,.1013961,.9640331,.0841941,-.0040742,.075202,-.0856761,-.0020666,.0530131,-.0221137,.0098294,.1249074,.6110933,-1.805946,3.17e-11,.1659088
.1126549,.0081737,.0196286,.0125417,.0340298,-.0226735,-.0661638,.1406249,.0053975,-.0312477,.1037798,-.4530092,.1149649,.0390825,.1754181,-.054229,.0103539,-.0400126,-.0078734,.0100069,-.0070866,-.0007624,.1084528,.4727504,-.7409092,-1.136093,1.410533,-3.783914,1.279244,-3.440098,.0533663,.0131602,-.0046025,.1585833,.1690763,.0208114,.0390703,.143955,.1031424,.0724327,.0521988,.12609,-.1191911,-.0157379,.1019655,.9455203,.1213432,.016418,-.0426641,.091576,-.0043754,.0684665,-.017714,.0180158,.117927,.5988397,-1.537829,2.92e-10,.1677964
.0970501,.1598057,-.0125188,.0284632,.0041812,-.0325127,-.0941053,.181216,.0002431,-.0118798,.1624086,-.5026404,.1083707,-.0248371,.1036525,-.0908191,-.0001917,-.1208545,-.0153375,.0020257,-.0055777,-.0006921,.2651384,.0412948,-.6368941,-.4219044,1.094217,-3.568247,1.080556,-2.034673,.1340454,.1097241,.0985822,.2614779,.3036547,.0588581,.0470326,.386687,.1021249,.0402196,-.1268795,.2994585,-.0722055,-.0317136,.1065981,1.013381,.0703125,.0395023,.0397881,-.0709908,.0154499,.0283661,-.0482889,.110131,.0921138,.4661285,-1.548916,1.79e-10,.1743436
.197767,.139848,-.0053467,-.0364251,-.0458962,.0453517,-.1068382,.069324,.0119434,-.0247043,.0356713,0,.1082454,.0752386,.1675261,.0287903,.016764,-.0231895,-.0216208,-.0100936,.0017816,-.0012414,.5017896,-.8401622,-.5532622,.0806908,1.460406,-4.00112,.977569,-1.167399,.1295871,.1699263,.1058405,.2673515,.3290188,.0463865,.0472415,.2966677,.1088177,.0637887,.0023181,.2427209,-.107002,.0001213,.1028442,.9598656,.0721248,.0494951,.1821361,-.1927868,.0045053,.0721466,-.0101375,.0416106,.0925705,.4377069,-1.527041,2.96e-10,.1695412
.1038618,-.0032002,.0359717,.0235124,.0295738,.2272209,-.0934802,.1758508,.0272262,.0040739,.1802615,0,.1080977,.0013918,.1474345,-.1232811,-.0145874,-.1330527,-.0301364,-.0269941,-.0042867,-.0004963,.6776201,-1.554635,-.1448065,-1.261468,1.361392,-3.224051,.3292239,-2.675692,.0073224,.0435102,.0515095,.1689399,.1907291,.0603855,.1111447,.2358398,.1479454,.088991,.0297742,.1095831,.0118324,.0669765,.1019441,.9683322,.0764689,.1339792,.0174222,.0015687,.0089672,.0920373,.0113313,.0169774,.131204,.6830481,-1.712211,4.85e-12,.171589
.1310718,.1751661,.0196693,.0317158,.0534496,.1946581,.0028537,.1701782,.0095941,-.016341,.1540665,-.4200135,.0425157,.0237149,.1347393,-.0228144,.003297,-.0418989,-.0120124,.006495,.0015279,-.0008064,.1856417,-.0959496,-.2930664,.0721627,1.527524,-4.416626,.5669278,-.5710126,-.3055044,-.2774764,-.3489945,-.2112827,-.1590235,.0893323,.0976941,-.1428749,.1080323,.0727638,-.0017703,-.183162,-.2596962,.0241712,.1002941,.9654235,.0766319,.0687925,.0565575,-.0650318,.0068779,.0239854,-.0232875,.0167117,.1371436,.6877813,-1.424872,2.25e-10,.1676294
.1604662,.1208841,-.0301009,-.0383164,.0058405,-.0927254,-.2228435,.1528042,.0097359,.0037806,.1052853,-.4582269,.1256934,.0340104,.2229781,-.0423397,.0130147,-.0975253,-.0180509,-.0387664,-.0016556,-.0010758,.3884133,-1.683176,.0508549,-.8509389,1.632126,-4.689132,.0025082,-1.750241,-.0343517,-.0112994,-.0253938,.0745637,.0897778,.078931,.1482762,.0752266,.0898898,.0218892,.006339,.0791078,-.1023869,.0333385,.1156606,1.090937,.0865487,.0711507,.0283475,.0223394,-.0241481,.054056,-.0329422,.0421619,.12331,.6342571,-1.672089,4.68e-10,.1697323
.0728727,.0604639,-.0073479,-.0496625,-.0154061,-.0551358,-.1277453,.1192928,-.0022602,-.0099141,.0937231,0,.2338622,.018431,.2038917,-.0375342,-.0077212,-.0912009,-.0152924,.00409,.0024773,-.0009114,.3361286,-.2422757,-.2558756,-.5140276,1.34266,-3.595692,.4850861,-1.548644,.0241145,.0815733,.0533981,.1902523,.2547736,.0316546,.0408452,.2110113,.091892,.0813433,.0344453,.1808069,.1499206,.0030047,.092331,.8827797,.0590678,.1130359,.0297241,-.0170498,.0181506,.0731154,.0054824,.0341634,.1315701,.6647934,-1.594454,9.66e-11,.1704684
.0835392,.1777269,.0138535,-.0232319,.0083416,.0480374,-.1051774,.1878355,-.0149457,-.0122141,.1614132,0,.1046719,.053695,.113944,-.0618598,.0231267,-.0694805,-.0059175,-.0051674,-.0008773,-.0008696,.0459132,-.2116853,-.5710516,-.3904387,1.905487,-5.531512,1.02753,-1.847045,.1013502,.1281026,.1610158,.3389596,.345215,.0187123,.0328691,.3209864,.1327005,.0785432,.105852,.2392356,-.1064251,.0558687,.1122727,1.060979,.0977216,.0937751,.2110182,-.1644266,.0025315,.0778152,-.001496,.0903833,.1359317,.698218,-2.044639,1.47e-11,.1630268
.0096349,.061218,-.0569212,-.0320478,-.0457452,-.2002336,-.2078161,.1932867,.0025213,-.0071525,.1192699,0,.0836508,.0315826,.1410803,-.1253657,.0097616,-.0656538,-.0212638,-.0054614,.0067963,-.0016101,.504434,-.4031075,-.1441025,-.2036576,1.311305,-2.998914,.3270752,-1.023247,-.0817257,-.1626146,-.2082374,-.0993848,.0145503,.060732,.091899,.038361,.1407462,.0893844,.0164051,.0275008,-.2357019,-.0561229,.0973156,.9508426,.0906363,-.0167986,-.0501894,.0776355,.0060084,.0748055,-.0117412,.0008719,.1119361,.565411,-1.383231,-1.68e-11,.1677894
-.0079098,.0301328,-.0167476,-.037876,-.0342146,-.0761741,-.1083554,.124602,.0153603,-.0098364,.108236,0,.1351735,.0187497,.2687215,-.060629,-.0103643,-.0805373,-.024191,-.0341617,-.0055193,-.0007036,.5612346,-1.752833,-.5754458,-.0760156,1.478763,-3.892214,.9818409,-1.3407,.1607247,.1937199,.1665249,.3087223,.333597,.0341089,.0586944,.2707633,.109953,.0637099,.0422529,.2626362,.0418766,.0579051,.1167772,1.101956,.0794926,.0820182,.0343476,-.0145549,-.0273755,.0597508,-.0512791,.0585373,.1484872,.747121,-1.994394,1.13e-10,.1669988
-.0062649,.1658575,-.0218685,-.0019868,.0098312,-.1130853,-.0713783,.1857032,.0092808,-.001416,.1839741,0,.1783155,.0445074,.2077592,-.0631272,-.0163588,-.1368482,-.0175135,-.0037869,.0013576,-.0009833,.3607931,-.5806825,-.8571419,.1491795,1.872756,-4.770742,1.472101,-1.401552,.0358858,.0801455,.0635466,.2212578,.2165196,.047095,.0604565,.1307547,.1231918,.0656505,.1744452,.1235167,-.1813846,.0684543,.1140465,1.060882,.1078324,.0513149,.1142826,-.0926092,-.0064045,.0481496,-.0416401,.0805721,.073426,.3685669,-1.642019,-2.36e-10,.1682895
.1344865,.1436404,.0109232,.0324099,-.0381316,.1923562,-.1479448,.1619877,.0071715,-.0108086,.1144138,-.476442,.0943583,.0340534,.2287504,-.0897396,.0186849,-.0465379,-.0139617,-.0040251,.003972,-.0014722,.2238775,-.580993,-.4660221,-1.018983,1.817697,-5.020646,.879384,-2.712295,.0279234,.0229815,.0398155,.185782,.240782,.0421557,.0365684,.1827192,.0905961,.0181334,-.0178105,.228555,.0103735,-.0447303,.1172098,1.086232,.0963887,.0173766,.0713094,-.0683721,.0049566,.0505561,-.0343384,.0847071,.0855083,.424749,-1.548794,2.51e-10,.1686694
.1660514,.1374632,.0437977,.0237181,.0520478,.0169538,-.0429115,.1665596,-.0073846,-.0114295,.1818658,0,.0187322,.0127291,.097931,-.0660185,.0144273,-.0931278,-.0303679,-.0121649,.0043523,-.0013455,.6356441,-.9400275,-.8830786,-.5850204,.8542956,-2.177194,1.469228,-2.684518,.1335669,.1723668,.1379953,.2634988,.3133948,.0505541,.1109847,.1993339,.1039558,.0559255,.0308785,.2236185,.0117415,.0806696,.0678588,.6554449,.0892098,.0758705,.0752792,-.0690264,.0288316,.0503367,-.0072085,.0270437,.0880785,.4383021,-1.274611,1.74e-10,.1682887
.0682781,.0646949,-.0619323,-.075403,-.0476066,.0920278,-.2097505,.1559929,.0149833,.001525,.0864631,-.45953,.1618736,.0057012,.2023074,-.0573321,.004396,-.0891478,-.0100804,-.0443426,-.0029406,-.001006,.183674,0,-.1728345,.677108,1.703941,-4.902204,.3650423,.6917051,.0487432,.0835831,.0376258,.1415771,.2372883,.0791517,.1047857,.1850713,.1051513,.0569505,-.0487648,.1849902,.0307326,-.0010655,.1136983,1.070644,.0963222,.001048,.1319315,-.1034161,-.0073065,.0491507,-.0608937,.0505996,.0929238,.4601865,-1.576925,-2.59e-10,.1703987
.1361514,.1320648,.0447989,.0365695,.0647277,-.1030063,.0042003,.2246578,-.0184708,-.0102041,.2515307,0,.0523864,.0242525,.0860323,-.1451856,.0029358,-.1792658,-.0210072,-.0100876,-.0045972,-.0008063,.4878981,-.4062965,.2688197,-1.069622,1.905376,-4.928516,-.3273512,-1.680685,.052974,.055974,.0861453,.2176521,.3302641,.0332068,.0547189,.2865477,.120929,.0587653,.0127798,.2258781,-.192761,.0036203,.1197043,1.138291,.0896152,.0685507,.0469466,-.0188168,.0146524,.0700816,-.0196097,.0923866,.1091089,.571826,-1.860172,1.77e-10,.1677503
.0957736,-.0297295,.0158708,.0610201,.0552667,.1118759,.0065203,.1733146,-.0002154,-.02135,.1665493,-.4259565,.1247315,.0065494,.1730743,-.0958605,-.0076634,-.0884346,-.0090122,-.0534657,-.0035929,-.0006651,.1439025,0,.1767459,-1.018196,1.383891,-3.977942,-.2136891,-1.753804,-.016318,.0941137,.1130069,.2208239,.2912428,.0464895,.0715318,.128228,.1156007,.0662153,.0419091,.116036,-.1236072,.1272231,.1126629,1.080917,.0864081,.0383766,.1221517,-.1394307,.0204561,.0479472,-.0170379,.0789018,.1263098,.6552853,-1.842731,8.90e-12,.1692882
.1682269,.1569158,.0157538,.0118727,.0021899,-.0085671,-.0913187,.1219569,.0265237,-.0192103,.1053228,0,.2071238,.0242882,.2391559,-.0754949,-.0076913,-.0610292,-.0231488,.0106508,.0000401,-.0007614,.489458,.0703245,.6151605,-.7691646,1.409631,-3.652885,-.837258,-.6564347,-.1619307,-.0576276,-.1171352,.0645531,.0994215,.0357433,.0993646,-.048229,.112246,.0885164,.0306142,-.0207637,-.1459808,.0808146,.0778767,.7448297,.0578436,.0165995,-.0556323,.0691171,.0236927,.0702276,.0014351,.0455911,.1078894,.5459505,-1.218028,9.54e-11,.1674878
.0756956,.0662441,-.028549,-.055252,-.0368027,.204653,-.05075,.1418216,.0138479,-.0263175,.0952155,-.4658041,.0923342,.0204145,.1279574,-.0965976,.0136439,-.1127889,-.0277261,.0130839,.0009129,-.0008812,.680495,-.0201259,-.4285296,-.0480032,1.804079,-5.033991,.7866073,-1.089412,-.0846802,-.0740486,-.0989544,.0083753,.0498603,.0157731,.0720246,-.0191026,.1126686,.0735199,.0774105,.0167804,-.110001,-.0030407,.1099583,1.076676,.0943689,.067873,.0120195,.0451018,-.0144645,.0366537,-.0459128,.099778,.1063239,.5418941,-1.522487,-1.27e-10,.1733278
.0468591,.0403402,-.0155742,-.0414033,-.0624485,.0813923,-.0556831,.0795984,.0361369,-.0150911,.0705307,0,.1307032,.0213657,.1554176,-.021359,-.0019313,-.0863675,-.0181931,-.0193355,.0049875,-.0013439,.4174787,-1.057179,.6918561,-1.773935,1.654494,-4.533936,-.9927173,-2.124263,.0445182,.0860957,.0080039,.1265918,.1531521,.0100788,.0696427,.1746732,.1195629,.0733193,.1130648,.1601836,-.095267,-.0096348,.1221767,1.150048,.0821174,.0160708,.0268665,-.0076951,.0316514,.0578991,.0009378,.0251409,.1418907,.7314107,-1.723001,3.08e-12,.1680657
.1698873,.010186,-.0259184,-.0960998,-.0869879,-.0499797,-.1718786,.1599301,.0295787,-.0053549,.1168504,-.4601456,.107031,.015395,.1446175,-.067031,.0157713,-.1428631,-.0110765,-.0031297,.006928,-.0011772,.2289813,-.410764,-1.117869,-.8671089,.903731,-1.344273,1.817788,-3.497401,.0942297,.0674094,.0378141,.1604848,.2004897,.0589942,.1145006,.263416,.1379256,.0639445,.1415509,.1938074,-.1114,-.018832,.1351335,1.27163,.0826583,.0320437,.0713833,-.0608362,.0070461,.0513704,-.0050225,.0322916,.0881712,.4380801,-1.738701,-2.02e-10,.1682428
.1238412,-.0133522,-.0011875,-.009661,.0043628,-.1333174,-.1183879,.1281082,.0185429,-.016337,.0602453,-.4118382,.1916225,.0185694,.2602521,-.0542882,-.0077113,-.0332245,-.0329355,-.0318885,.0038921,-.0011976,.8214267,-1.943068,-.9365279,-1.127261,1.685904,-4.403071,1.57631,-3.672288,.057533,.0656456,.0011659,.1027472,.0934042,.1280552,.1653355,.2179537,.1144173,.0561914,.0179455,.2633355,-.0294668,-.0467779,.1007313,.9402943,.1154527,.0260646,.0286988,.0034696,.0210938,.0560093,.0100701,.0057213,.0901165,.4279719,-1.446021,-4.50e-11,.1715134
.1304812,.1688388,.0198075,.0489117,.0264624,-.0531026,-.0380313,.1774723,-.0019709,-.0154951,.1468243,-.4550347,.1603469,.0228635,.1895117,-.1228504,-.0137,-.1101318,-.0167815,-.0067912,-.0022072,-.0007346,.3596889,-.5914849,-.1449432,-.5481628,1.635625,-4.511557,.3251133,-1.476893,-.0382423,-.0001765,-.0854854,.0760085,.0773329,.0555588,.079248,.1712831,.0967211,.07205,.0067002,.1516764,-.178646,-.0269689,.113713,1.070734,.0852021,.0191614,-.0246841,.0275315,.0095413,.0575747,-.0159322,.0387434,.1237145,.6054774,-1.672098,-9.66e-11,.168011
.1830216,.1509197,.0407145,.0601729,.0437038,.0815606,-.0188354,.1685445,.0174473,-.0264626,.1627108,-.451552,.04687,-.0099659,.1450942,-.1208423,.0102098,-.0890545,-.0326151,-.0084193,.0008299,-.0008716,.7845381,-.5965703,-.9220784,-.8911465,.6891539,-.3954266,1.490265,-3.238256,.2010389,.303896,.2624631,.415684,.4276651,.0555226,.049039,.3424678,.087235,.0255065,-.0025783,.3147401,-.0251355,.0294343,.1328567,1.248262,.079335,-.0075587,-.0723579,.0699816,.005479,.0366489,-.0258259,.0510284,.1091902,.5483407,-2.029356,4.60e-10,.1692824
.1405691,.0572219,-.0224916,-.0035917,-.0153767,-.1028062,-.1575279,.2121541,-.0118773,-.0084035,.1735283,-.5233189,.0959565,.0438258,.1086452,-.1247945,.0104664,-.1468916,-.0083875,.0009046,-.0016676,-.0011541,.1385851,-.1209892,.1520308,1.476121,1.387007,-3.146563,-.1663548,2.282352,.0034083,-.0109441,.0085999,.1096981,.1626886,.0581631,.10268,.1522842,.1044344,.0301841,-.0069741,.142692,-.067779,-.0100195,.1042272,.9888219,.0943336,.011293,.0074941,-.0164876,-.0092312,.0282838,-.0386458,.0940994,.1348785,.6884263,-1.767658,8.27e-11,.1640729
.2526983,.3022341,.0535254,.0872455,.1181237,.2319541,-.0002177,.2076988,-.0137845,-.0141612,.1994304,-.428911,.1664718,.053968,.1569858,-.1001363,.0115275,-.0867044,-.013559,-.0392931,-.0074174,-.0003023,.3127492,0,.2653625,-.7511954,1.887265,-5.495327,-.3216293,-1.193434,-.0021841,-.0061468,-.0340971,.0975201,.1638598,.0490829,.0727484,.1994465,.0892645,.0391296,.057029,.1061049,-.0059307,-.0733684,.1024769,.9766247,.088939,.123668,.1282997,-.1217351,-.0040722,.0114168,-.024147,.0889198,.1173647,.5869675,-1.605318,-2.25e-10,.1639718
.1582627,.0457284,.0088643,.0284731,.0192502,.0708262,-.0692103,.2055324,-.0051992,.0000576,.1923685,-.4867302,.0539269,.0297318,.1893799,-.1070438,.0011987,-.0823549,-.0220023,-.0507438,-.0028485,-.0009944,.4714409,-2.083964,.242166,-.396215,1.15266,-3.484711,-.3317159,-.5827233,.0206186,.0490114,.0824088,.1487218,.2032049,.0461883,.1235523,.11575,.1013175,.0310149,-.0090714,.1577312,-.1500105,.0448223,.1092661,1.037053,.0862125,.0616581,.1119633,-.0915245,.0048992,.041524,-.0397975,.0255741,.1288126,.6520135,-1.733804,-1.17e-10,.1692208
.2227071,.0608811,.06028,.055565,.1048163,.0781688,-.0332426,.1605556,-.023544,-.0414106,.1894549,-.4585528,.0659862,.051017,.1110116,-.0780954,.0274535,-.0956583,-.0246683,.0085923,.0040825,-.001271,.5602112,-.0451222,-.1971079,-.7170764,1.331068,-3.905511,.4058376,-1.937946,.0857805,-.0162371,-.0521965,.0574653,.128627,.0179891,.0754252,.1754028,.0966707,.0394732,.0792486,.1867179,-.1561466,-.1174059,.099113,.9568254,.0538904,.0028067,-.0557764,.0664642,.0052805,.0332956,-.0172628,.0638703,.1102398,.5316023,-1.434598,2.48e-10,.1692794
.1862864,.2300324,.0041646,.0072904,-.0186976,.1617614,-.0669847,.1368744,.0151333,-.0116572,.1338042,-.3846606,.152913,.0260554,.1470758,-.0540021,.018449,-.1235587,-.0147022,-.0234982,-.0068952,-.0005609,.2440917,-1.112682,.0985193,-.6003125,.983824,-2.70086,-.1253003,-1.043778,.1425549,.2548592,.160137,.2524018,.2578327,.0889105,.1430331,.1999603,.0965008,.0582405,.0737742,.2243244,-.0543718,.0712003,.142884,1.34733,.0660788,.0172314,.0372258,-.0789598,-.0109441,.0489967,-.0124929,.0765132,.1273603,.6415607,-2.080433,2.31e-10,.1662896
.1478972,.1901683,.0441748,.0737966,.0819008,.4223756,.0615606,.2073003,-.0068416,-.0108945,.2144866,-.4321137,.0851235,-.0214353,.1659847,-.1072407,.0048263,-.108269,-.0170982,.0061572,.0036302,-.0009092,.3278325,.2481289,.1398423,-1.113389,1.950188,-5.610555,-.1085836,-1.938217,.0500626,.0934012,.0552219,.1847961,.2249486,.0476524,.0884121,.1263497,.0860392,.0554917,.0389091,.1546526,-.0885894,.0397245,.0754488,.7316722,.1089051,.1037221,.0196349,.0135414,.0118474,.0400469,-.0201332,.1341379,.1006548,.5019951,-1.422087,-9.20e-11,.1717604
.0420192,.0808694,-.0885434,-.0729542,-.0165029,-.1084959,-.2184818,.1525232,.0233608,-.0112647,.05552,-.4385271,-.1001946,.0619041,.0445109,-.0494449,.0041923,-.0383856,-.0140494,.0036375,.0029167,-.0009884,.2426516,-.1172807,-.8622473,-1.176167,1.307659,-3.615362,1.457543,-3.575048,.3148623,.3200141,.2391837,.3702337,.4419982,.0874987,.0948609,.4676742,.1269163,.0789308,.0656551,.4782499,-.1325381,-.0308369,.0993686,.9174641,.0874109,.1144877,.0469561,-.0695057,-.0179055,.0710602,-.0087055,.0284607,.1180407,.590043,-1.737747,1.48e-10,.1678641
.1637999,-.129268,.0108911,-.0021984,.0290804,.1055466,-.1091191,.1732026,.0142948,-.0010432,.1945094,-.5406978,.2437248,.0482788,.2972404,-.0219773,.0048445,-.1265049,-.0177031,-.012386,.0027268,-.0012412,.3429188,-.6302161,-.6837895,-1.933095,1.774148,-4.527093,1.204472,-4.674173,-.2465718,-.1754292,-.2307633,-.1078546,-.0019525,.0935862,.0808287,-.1064954,.1266717,.1071539,.0290189,-.0857137,-.272879,.0831753,.1274608,1.1904,.0876448,.0976834,.12931,-.1039404,-.0026385,.0364082,-.0321505,-.0137181,.1039783,.53938,-1.551174,4.20e-11,.1689554
.080116,.1008674,-.0218144,-.0213285,-.0028057,-.0167468,-.1924395,.1712099,-.0025458,-.0066182,.1073179,0,.0277872,.0252979,.1273463,-.0801172,.0157387,-.1007972,-.0099018,.0045154,-.0001997,-.0009465,.1985019,-.0608432,.019108,-.2708323,1.22201,-3.913469,.0385,-.6954803,.005224,.088384,.0474561,.202973,.3088975,-.0150626,-.0113746,.1325076,.1100607,.0447262,-.0926166,.1502378,-.1258874,.0103766,.1603667,1.510913,.0657793,.0886604,.0727549,-.089594,.0015427,.0662564,-.0472791,.0810057,.1260749,.6392262,-2.142222,-2.01e-10,.1611612
.2416118,.3010644,.0727157,.0870719,.0823645,.2793311,.0103475,.1833503,-.0206992,-.0084022,.2239616,-.4812388,.1441349,.0070736,.1714853,-.095273,.0125785,-.0999114,-.009375,-.0216092,.002772,-.0012233,.2114377,-.9660774,-.0426037,.6419041,1.464346,-3.973736,.135756,.6040816,.099895,.1697214,.2127967,.3611377,.3691019,-.0332138,.0159191,.2446534,.1189639,.0722804,-.0226774,.2224925,.0338818,.0687377,.1153662,1.096505,.1161278,.0110873,.0526161,.0007428,.0125651,.0731726,-.0161196,.0898754,.1072229,.5456422,-2.012595,6.24e-11,.1701734
.0877078,.1018116,-.0382957,-.0052987,.0014433,.0391447,-.0629894,.1976927,.0182169,-.013813,.1165722,0,.0407713,.01449,.1858399,-.1236425,-.0018197,-.0523009,-.023741,-.0528333,-.006528,-.0005833,.5683908,-2.393649,.1975368,-1.98986,2.212191,-6.659492,-.2267824,-3.228508,.1902331,.1894194,.1167219,.2330069,.2905104,.0866248,.0890952,.3065176,.1088084,.0431308,.1364683,.3626725,-.0399968,-.04947,.0994265,.9338249,.0756432,-.0188613,-.0335726,.0636618,-.0051241,.0451127,-.0481251,.0409143,.1172264,.5988492,-1.60411,-3.21e-11,.1655491
.2050971,.0561332,-.0220614,-.0759844,-.0054991,-.0151854,-.1207705,.1512173,.0191341,-.0042962,.1391428,0,.1844235,-.0058411,.1026672,-.0517399,.0006661,-.1342541,-.0118685,-.0109052,.0046019,-.0011249,.2873077,-.7446726,-.616576,-.2144482,1.500113,-3.869327,1.054615,-1.628438,-.0236435,.0660854,.037636,.1578277,.151055,.0469368,.1526511,.1289789,.1191207,.0384067,.0371017,.0648116,-.0449268,.0934003,.1192152,1.14073,.0958815,-.0333191,-.0351907,.0634956,-.0085297,.028902,-.021937,.0415887,.1261856,.634856,-1.867763,3.66e-10,.1648746
.118446,.1397297,.0047803,.0074707,.0081116,-.0683307,-.1368528,.1347779,.0066643,-.0083943,.1200082,0,.082765,.0495871,.2128132,-.0410778,.0106054,-.0519278,-.0256798,-.0201614,-.0013575,-.0010593,.5614174,-1.044929,.0062882,-.9151732,1.939926,-6.214073,.1050261,-1.811281,.0903637,.0954101,.0870529,.2023247,.2290868,.0688614,.1014411,.2450248,.1352598,.1020719,.074753,.2326561,-.1592051,.030163,.1135411,1.103125,.0781981,.0082077,-.0654734,.0780562,.0354155,.0654864,-.0001814,.0456022,.1174052,.5933996,-1.785609,-8.89e-11,.1727756
.1469715,.1938173,-.0136807,.0056904,-.0208626,-.1127396,-.1021048,.1092143,.0203346,-.0194979,.0628917,-.4611008,.1858273,.0164471,.2883831,-.1256105,.0000499,-.0625245,-.0211098,-.0243189,-.0103265,-.0004607,.469563,-.7065074,.7975349,-1.433008,.8808074,-1.355068,-1.154627,-1.562927,-.017219,-.0394689,.0047681,.1777921,.2128275,.0420148,.038245,.1275647,.1091964,.0590626,.0589856,.1391486,-.0185634,.0053681,.079414,.7510978,.075397,.0376358,-.0530764,.0646636,.0041181,.0424299,.001436,-.0096667,.1151566,.577619,-1.198785,7.68e-11,.169894
.0709897,-.0356491,.0052881,.0140682,-.0198148,-.1349376,-.1527871,.1944225,.0039942,.0013495,.1746652,0,.1001978,.0633073,.1952981,-.1323121,.0055436,-.1074573,-.0388051,-.0032081,-.0002709,-.0009651,.9119592,-1.031048,.5350554,-1.463119,1.589792,-4.278776,-.7110497,-1.916038,.0026461,-.0482397,-.055862,.101887,.181742,.0489678,.0559758,.1601355,.1006311,.024034,-.0751346,.1401611,-.0096906,-.056019,.1218962,1.162567,.0700267,.0565132,.0657573,-.0803984,.0253637,.0686883,.0132731,.0452689,.1251844,.6457804,-1.789856,9.17e-11,.1607853
.1349971,.0137032,.0002285,-.0318002,-.0225812,-.1258424,-.0638839,.1392603,.0270851,-.0104595,.1074487,-.4939333,.2211665,.0046225,.1973216,-.0209878,-.0000625,-.055344,-.0183443,-.0323191,-.0096532,-.0006058,.3751742,-1.579328,-.6977351,-.0662562,1.025997,-2.085198,1.220466,-1.528795,.034832,.1233625,.0693139,.2122681,.2327082,.0546225,.0864923,.1781518,.1314679,.0635532,.052093,.1752531,.131563,.0480638,.1017923,.9479957,.0746376,-.0086853,.0254253,-.0345936,-.0190088,.0377232,-.0445296,.0367025,.1159002,.5733429,-1.562617,-2.76e-10,.1686561
.1639871,.1654831,.0362681,.0173915,.0496919,.1148229,-.0683691,.1857956,.0196735,-.0075742,.1857214,-.4733025,.1084481,.0222946,.2252706,-.1283273,-.0154434,-.1416578,-.0145611,-.0213403,.0033043,-.0013,.3562073,-1.002475,.1934397,-1.190873,1.823768,-4.824348,-.1975931,-2.052674,.1244022,.2028455,.1539513,.2510455,.315292,.0774104,.0973492,.3048991,.1197767,.0729124,.0621785,.2426503,-.1927079,.0578468,.1101856,1.032608,.0857347,.1409076,.1244013,-.0947915,.0167119,.0366835,-.050165,.0937351,.1013,.5123757,-1.741409,1.84e-10,.1696212
.1349565,-.0438674,-.0064261,.0172146,.0248146,.0053795,-.0613361,.1874764,.0095698,-.0077621,.1890251,-.4975451,-.0015648,.0269224,.122659,-.1295193,-.0074865,-.1533658,-.0204053,.0016629,-.0039202,-.0009429,.3498569,-.3823986,-.6851391,.0067313,1.520729,-3.834166,1.180552,-1.3179,-.0032703,-.0208305,-.0476477,.0969687,.1151423,.0694274,.0999621,.1406505,.1050762,.0282915,.061986,.129054,-.1071747,-.0462982,.0964146,.9234905,.0784861,.0797714,-.0320031,.0392593,-.0190046,.0688626,-.0223367,-.0287688,.0975199,.4962252,-1.413845,-7.45e-11,.1656294
.1979786,.3497507,-.0218745,-.0322604,.0257047,.0220934,-.0206203,.1510774,.0188855,-.0200336,.1340073,-.4480234,.1831278,.0441336,.2245567,-.0725272,-.0015115,-.1227713,-.0206391,.0120005,.0037419,-.0012562,.4389292,-.1175035,-.6128113,-1.191391,1.314225,-3.151321,1.063606,-3.233096,.0694191,.0999627,.1370293,.2844333,.2419525,.0592387,.1236296,.2248607,.1665841,.112749,.0545394,.1995811,-.1709024,.173163,.1073784,.9859676,.0850995,.0951307,.037176,-.0388597,.0245402,.0383749,-.0250526,.044141,.0978203,.4822711,-1.659713,-2.50e-10,.1657867
.0527067,.0155453,-.0245966,-.0859604,-.1372007,-.0338153,-.1710071,.10363,.0488013,-.013821,.0498929,0,.1468284,.0436006,.1656002,-.0655345,-.0059186,-.139019,-.0175769,-.0061798,-.0030226,-.0008491,.3768219,-.6314411,.0899072,-1.083244,1.555197,-3.520018,-.0207063,-1.984537,.0293237,.1970442,.188698,.2886918,.2855836,.0488609,.1047373,.2467992,.0994578,.0262806,.0412075,.1917063,-.1670036,.1228345,.1065087,.9952706,.0871175,.0314713,.0211632,.0104206,.0032833,.058453,-.0253311,-.0198171,.1178682,.5901914,-1.64538,8.33e-11,.172202
.0820037,.1542852,-.0433726,-.0768876,-.0857051,-.0022498,-.1310474,.1081084,.0616273,.0038087,.1035258,-.4535573,.0382276,.0138156,.1028415,-.0888715,-.0118779,-.1171209,-.0124805,-.0014909,.0115943,-.0016829,.3135672,-.3930766,-.0135065,-.7706634,1.780221,-5.02583,.1200976,-1.592731,-.0217351,.069288,.034272,.1962771,.1962482,.0267167,.0422239,.1003965,.1472148,.0743328,.062743,.0628335,-.0911487,.0641062,.1200875,1.134271,.0899758,.0037047,.1252245,-.1135557,.001877,.0407939,-.0552558,.0902118,.0992951,.4844168,-1.64083,8.72e-11,.16847
.1394619,-.0043569,-.0115758,-.0524892,-.0282956,-.0381014,-.1103165,.1808938,.0051563,-.0115308,.1457025,-.4863097,.0263766,.0457507,.0787266,-.0589616,.0048106,-.1811105,-.0181814,.0165319,-.0083711,-.000773,.3218594,.2897047,-.4399816,-1.246853,1.604048,-4.17279,.7838478,-3.067094,-.0297291,-.0272843,-.0459079,.0433374,.1055151,.0232285,.0714581,.0268672,.1075973,.0438135,.0390882,.0531076,-.2019744,.0395011,.1066253,1.019838,.0939929,.0244086,-.0772257,.0636432,.0106182,.0678106,.0005093,.0873983,.1064588,.5272022,-1.418571,-4.22e-11,.1671943
.1201444,.1389939,-.0013487,-.0514204,-.0059563,-.0077678,-.1044863,.1348236,.0143763,-.0157899,.1225173,0,.1695424,.0279685,.2439156,-.0109902,.0192024,-.0755527,-.0144001,.0051788,.0047733,-.0014155,.3153156,-.0294726,-.2897435,-1.425993,1.333829,-4.096567,.516594,-3.069769,.0209003,.1209846,.0895517,.2495593,.2774668,.0694278,.0681675,.1693548,.1520262,.114009,.0929506,.1132334,-.0957452,.1515933,.0959867,.9134831,.0568315,.0922062,.1116489,-.1254486,.0314942,.0701576,.0288,-.0148168,.1145548,.5692368,-1.577257,-2.71e-10,.1706494
.104662,-.0514144,.005932,.0729714,.0504724,.1116509,-.0893286,.2190803,-.0004933,.0014315,.1982426,-.499779,-.0068559,.0346792,.1583283,-.1165975,-.0026343,-.0576646,-.0285367,-.0359623,-.0050763,-.0006095,.6347448,-1.850396,-.0964146,-.2207965,1.157171,-2.785469,.2328126,-.9122837,.1231122,.1658004,.1104521,.2529841,.2557374,.0282445,.0392803,.2834155,.1073745,.0466302,.0435589,.2185354,.1839512,-.0105449,.1395287,1.29392,.087806,.0425734,.080482,-.0979962,.0047187,.0279226,-.0392335,.0243535,.1106615,.5485762,-1.999701,1.63e-10,.1752944
.079862,-.0314545,.0056844,.0336552,.0222209,.1718869,-.0301432,.1104743,.0229779,-.0188614,.1238547,-.4548189,.2057258,.0594961,.2370258,-.0198607,-.0038795,-.0829973,-.0282345,-.0245863,-.0031855,-.0007613,.614146,-1.344716,-.1519481,-.6728329,1.490353,-3.981946,.3511584,-1.705764,-.0187213,.0984004,.1011037,.2755448,.3340312,.0413576,.0219511,.1742827,.1255432,.0514182,.1313081,.1037209,-.0458694,.1071828,.0983033,.9288487,.0902883,.0361488,.0851918,-.080049,.0097237,.0622408,.0207259,.0093521,.0897894,.4427687,-1.455895,-8.10e-11,.1717518
.1159232,.1078265,.0121855,-.0018909,.0027853,.0125596,-.0727235,.142629,.0352147,-.0199962,.1056779,0,.3033495,.0772991,.3425739,-.0877308,.0030667,-.0845769,-.0053167,-.020133,.0001083,-.0007727,.0216952,-.3965011,.051885,-.8577118,1.166701,-3.190057,.0170429,-1.706616,.0401084,.0847478,.0424835,.2140874,.2477123,.091817,.0740844,.1268295,.0925019,.0795132,.0174705,.1997773,.0348363,.0285915,.1289468,1.226151,.080612,.0297009,.0822235,-.0535601,-.0206948,.0188013,-.0538443,.019906,.113674,.5930322,-1.822196,1.67e-10,.1732752
.0791661,.0734391,.0359785,.0383907,.0328445,-.0236069,-.0539133,.1485648,-.0204056,-.0210619,.1510276,-.5049778,.1226958,.0521864,.1548913,-.0438882,.0196885,-.0597638,-.0184961,-.0316915,-.005924,-.0009553,.355684,-.905767,.5939608,-.4402764,1.314678,-3.280481,-.8289015,-.0779136,-.0205299,-.029285,-.0346571,.147501,.2491603,.0048211,-.0170091,.0596413,.138355,.1021952,-.025296,.0850867,-.0336368,-.0044773,.1045242,.9750813,.0872057,.0381947,.0631467,-.0397905,.0162251,.0605761,.0063973,.0087856,.1233267,.6574267,-1.612902,9.02e-11,.1675713
.154128,.1202116,-.0262512,-.0024274,-.0132323,.1231578,-.0249021,.1160756,.0110473,-.0322918,.0848472,-.414305,.0939271,.0247145,.1616104,-.0458087,.0055584,-.0645396,-.009376,-.0158418,-.008643,-.0005383,.2043338,-.8164058,-.4939802,-.6811498,1.77414,-5.401827,.8625669,-2.146522,.1175392,.262268,.2069244,.368936,.3893833,.0467829,.0620925,.2875815,.0987549,.0688277,.0455859,.2710181,-.1407888,.0681968,.1367944,1.290954,.0903832,.0008892,-.0474373,.0401969,-.0246987,.0779912,-.0217067,.0958395,.0862236,.4080544,-1.860728,-1.85e-10,.1660129
.1656299,-.0239506,-.0175761,-.0125511,.0139483,-.1154397,-.0619149,.161031,.0344322,-.0135478,.1346586,-.4604742,.0210155,.012518,.1675233,-.0716009,-.0114366,-.0870015,-.0116167,-.0388748,-.0013947,-.0009385,.1621991,-1.475911,-.9510837,-1.378877,1.881698,-6.581368,1.645762,-4.150224,-.0534379,-.0405985,-.053782,.0822525,.1983178,.003469,-.0227353,.1286429,.0849628,.0398303,.0418088,.071055,-.1362448,-.063737,.1325399,1.263488,.0903342,.0923153,.1924602,-.1740944,.0368126,.0662224,-.0207115,.0622709,.0990815,.5139425,-1.595031,2.84e-11,.1716304
.1348823,.1172061,-.0111938,-.0157757,-.0459139,-.0726405,-.0656383,.1394056,.010023,-.0319845,.1256093,0,.1410779,.0568894,.1982631,-.0880945,.0164626,-.1371921,-.0152428,.0079764,-.0030053,-.0009499,.3343535,-.1663341,-.2580947,.3085186,1.235214,-2.916921,.4539612,-.0513702,-.0880346,-.0029629,-.0767673,.0620656,.121024,.0649732,.1021827,.0276887,.1359763,.1013282,.2079055,.0828893,-.2886172,.0815726,.1055116,.9815447,.0794489,.0247401,.075157,-.0640948,-.0022872,.066831,-.013276,.0617086,.0818047,.3957947,-1.405085,3.43e-11,.16545
.1668544,.1939403,-.0162626,.0230057,.0429998,.0561428,-.1358159,.1794272,-.0081126,-.0144642,.1531316,-.4541109,.1498064,.0131585,.2229832,-.0892933,.0386033,-.0519551,-.0244158,-.0119453,.0060807,-.0013846,.4612714,-.996525,-.1278442,-.0592624,1.46292,-3.917838,.3017645,-.5783283,-.1527514,-.207723,-.1838686,-.0336766,.0175322,.0339273,.0566147,.0268352,.0830082,.029107,-.0390554,.0158298,-.0616032,-.0460188,.1379149,1.265696,.0631216,.0109325,.1036613,-.106274,-.0015105,.0632374,-.0253681,.0724034,.0963655,.4789289,-1.6256,-5.33e-11,.1679434
.1087913,-.0108577,-.0362702,-.0558632,-.0544911,-.2347806,-.1419756,.1776692,.0011648,.0008792,.1436571,0,.0150464,.0785501,.1377045,-.0380122,.0170739,-.0852936,-.0073038,-.0143734,.0106857,-.001627,.1257729,-.6162416,.5594447,-.6516097,1.375303,-3.68498,-.8300748,-.444572,-.0749843,-.0775157,-.0967789,.0728652,.0984091,.0311865,.0506519,.0466928,.0969364,.0567581,.0030166,.0678223,-.0661141,-.0032097,.1358581,1.272955,.0796653,.0930058,.1379392,-.1072191,.0077962,.0424159,-.0310189,.0408857,.1269423,.65219,-1.833389,2.09e-10,.165501
.1682603,.2236566,.0109799,-.0122034,.0476873,.0213178,-.0627518,.1490683,.0069504,-.0305748,.1472644,-.4307662,-.0392708,.0503893,.1454342,-.0477936,.0276284,-.0854533,-.0094947,-.0124788,-.0006034,-.0010184,.1230945,-.0404554,.1777348,.1923818,1.725916,-4.462836,-.173682,.2490644,.018762,.1238187,.0699667,.1836334,.2410925,.0533638,.0921972,.1546278,.097275,.0220759,.0026826,.1970649,.0078925,.0271776,.0727002,.6791283,.0596773,.0864125,.0794633,-.0684952,.0312395,.0474376,-.0229732,.038515,.0724902,.3733437,-1.172543,2.99e-10,.1701012
.0980776,.1565813,.013404,-.0019497,.0266663,.0627352,-.1221974,.1767616,.0114581,-.0175125,.1590858,-.466267,.1340549,.0001584,.1623893,-.1040817,-.0009254,-.0910427,-.032781,-.0065181,-.0056881,-.0006459,.7725306,-.9860325,-.5284023,-1.415793,1.471624,-4.631925,.9061821,-3.560225,.0481326,.1064447,.045744,.1255367,.1479662,.0888946,.1431122,.1249499,.1282055,.0672746,.0875933,.1364402,-.0936819,.0787119,.1317888,1.240518,.0623203,.0258103,-.0691309,.0746418,-.0154869,.0527109,-.0397936,.0367412,.1239716,.6134652,-1.83663,1.63e-10,.1699938
.148126,.0791379,.0246793,-.00642,.0122244,.1612595,-.0473367,.123789,-.0096491,-.0291752,.1088927,0,.1808653,.0332576,.2180071,-.060065,.0060725,-.0387942,-.0098261,-.0100043,-.0033213,-.0009652,.1159259,-.3688186,.2668918,-.7493636,1.275761,-3.766628,-.3357784,-1.173538,-.0438475,.005698,-.017654,.1048893,.0900538,.0758848,.1283173,-.0129341,.1318012,.0925637,-.037402,.0994785,-.0834748,.0575146,.1389748,1.333459,.0836901,.0590123,.1565675,-.1575646,.025893,.0383805,-.0227242,.0819762,.1251461,.6485108,-1.949742,1.28e-10,.1694071
.1301102,.1127082,.029438,.0489126,.0502179,.1436549,-.0509238,.1883626,-.0298611,-.0169031,.1965411,0,.15015,.0453412,.1344684,-.0769783,.0055805,-.115192,-.023339,.0256201,-.0007198,-.0009021,.5005512,.4239231,-.1449578,-.298957,1.885124,-5.584689,.3095533,-.9789953,.0180139,.0398782,.0172077,.169267,.222538,.0534351,.0449774,.1098409,.1065225,.0692404,.1594033,.1014142,-.2475108,.0517589,.1091456,1.052698,.0763064,.1131732,.0412516,-.0271478,-.0132839,.0527526,-.0365892,.0975455,.1324215,.6706753,-1.86341,2.02e-11,.1704232
.1371294,.1340545,-.0133388,.0354504,.0268215,.0115366,-.1374219,.1932626,-.0167699,-.0023181,.1924662,-.5463358,.3582367,.0909501,.3721803,-.0926251,.010045,-.1147032,-.0263842,.0123368,-.0081927,-.0005718,.515052,.1309117,-.0112252,.1279164,1.530077,-4.064052,.154014,-.1783711,.1420954,.0976117,.0508214,.2227377,.3310376,.0257143,-.0082343,.2290266,.0828442,.0461419,-.0700289,.2489976,.0539037,-.0769885,.1016604,.9718884,.0682864,.0425998,.0840183,-.1054934,-.0025597,.0385183,-.0322901,.0408477,.1129602,.5698687,-1.627217,1.94e-10,.1710375
.0818245,.1779114,.0097223,.0123643,.0304445,-.059236,-.0046087,.1536016,.0321761,-.0214128,.1654704,0,.2117185,.0551924,.1864241,-.1276647,-.0064223,-.1477197,-.0225348,-.0321878,-.0090372,-.0005217,.4656164,-1.677825,-1.339661,-.201922,1.613208,-4.544338,2.208009,-2.813686,-.2062799,-.1371877,-.1689124,-.0208372,.0269589,.0316569,.0515466,-.0645091,.1060417,.0509969,.0006364,-.0433702,.2103412,.0462537,.1228966,1.164174,.10397,-.0081644,.0643428,-.0059938,.0119846,.0584939,-.0274984,.0312246,.0909836,.4580669,-1.447126,-4.16e-11,.1722086
.2741501,.2822237,.0237733,.001467,.0278213,.0966792,.0611129,.0983184,.0270143,-.0309371,.0855591,-.3836336,.1815386,-.0037096,.1612453,-.0134472,-.0029911,-.0793173,-.0272015,-.0157229,-.0032066,-.0005243,.6386461,-1.12624,.3338649,-1.349812,1.418349,-3.582942,-.3907051,-2.000138,.0031657,.0705447,.0419656,.2175373,.2480921,.0411483,.0862542,.15227,.1093668,.0549039,-.0505294,.1324731,-.1085021,.0938252,.1060128,1.0088,.1004805,.0459355,.0967311,-.0900429,.0251953,.041254,-.0170137,.0555064,.0855588,.4327273,-1.469191,3.60e-10,.1671329
.1345889,-.0108877,-.0221575,-.0243442,-.011258,-.0761507,-.1139481,.1924198,-.0063284,-.0140632,.1323204,0,.239985,.0356491,.3013436,-.0534571,.0226392,-.0935522,-.0297658,-.0099511,.0013512,-.0010622,.6935793,-1.03223,-.097165,-.8892902,1.704784,-4.229903,.2354407,-1.836951,-.0710552,-.0136177,-.0345014,.1030638,.1430381,.0497523,.1087878,-.0346521,.1286019,.071921,.1420862,.0351394,.0082107,.0912808,.1320159,1.247425,.0890221,.0697201,.0630335,-.0487886,.0032622,.0131518,-.0378868,.0422967,.0813638,.4145302,-1.65278,-3.42e-10,.1686041
.1163101,.0901698,-.0190236,-.0647184,-.071961,-.0712709,-.1222746,.1132895,.0263633,-.0243219,.0626791,0,.12437,.036932,.2326287,-.0598655,.0125938,-.0729543,-.0178347,-.0354433,.0078865,-.0011543,.3688607,-1.593418,.6157568,-1.055848,1.147159,-3.324611,-.8733448,-1.14775,.1175315,.1921913,.216415,.3782795,.4527708,.0216519,.011856,.2844631,.1361306,.0880827,.1460621,.2711082,.0211575,.0750165,.1115802,1.067413,.081973,.0993668,.0591672,-.0448576,-.0203154,.0360883,-.0759475,.0700337,.0983575,.5080904,-1.707899,-2.92e-10,.1694557
.1762002,.0742811,.0145142,.0095938,.0162867,.1082737,-.077888,.1373788,.0124685,-.0232549,.1490569,0,.0574262,.0291202,.139745,-.0670795,.0032824,-.1104166,-.0303618,-.0057046,.0020054,-.0011317,.6952413,-.4014473,-.895109,-.7433119,1.374567,-3.902411,1.515818,-3.058285,.1091448,.1573256,.1235167,.2891189,.3337955,.025447,.046969,.3168082,.1070404,.0545908,-.0780319,.2732823,-.0594334,-.0257202,.126185,1.179959,.0800008,.0218408,-.0204467,.0408734,.0067298,.0810962,-.0015274,.0235839,.0938433,.4521888,-1.780474,-2.01e-10,.1667307
.1843988,.1825178,.0168226,.0100441,.0924953,.1527752,.0398264,.2222124,.0098222,-.0231472,.1796944,-.5167358,.0873215,.0259111,.1836691,-.0395838,-.0056359,-.082384,-.0301208,-.0112392,.007436,-.001603,.704474,-1.128876,-.5415835,-.581843,1.402814,-2.672125,1.000137,-2.159495,-.091573,.0291382,.0340914,.1815793,.2944821,.0137124,-.0182463,-.0251161,.1014382,.0267937,.0145015,.0245772,-.0077992,.1055141,.1093384,1.030981,.0704468,.0534437,.0781161,-.0798158,.0281158,.0028825,-.0776428,.0997807,.0930854,.4789572,-1.559976,-1.08e-10,.1713459
.1195635,.1284078,.0203729,.0485259,.0414688,.1039232,-.0636799,.1603955,.0049815,-.0134592,.1512942,0,.1711526,.0113807,.1546658,-.0537052,.008072,-.0595059,-.0125305,-.02477,-.0010922,-.0006042,.241543,-.6711863,-.416394,-1.309941,.9289512,-2.303298,.7537038,-3.086809,.2279715,.2887804,.2638214,.38591,.3881089,.0577725,.1052957,.3729713,.0783673,.0272432,.0359477,.3386189,-.0138601,.0286711,.1140552,1.073993,.0944785,.0262126,.0486485,-.0110456,.0078861,.0178288,-.0335606,.0396246,.1133751,.5608925,-1.840699,-3.14e-11,.1723089
.1233327,-.0217879,-.0024766,-.013682,.0415461,-.1007963,-.0945834,.2030413,.0030133,-.0078645,.192973,-.4930399,-.0656088,.0534524,.0650276,-.1021807,.0157789,-.1400645,-.0274432,-.0068934,.0011957,-.0007536,.6860709,-.6276535,-.060841,-.4963736,1.369853,-3.785636,.1823195,-1.246582,-.041754,-.0476399,-.0445706,.1002294,.1303485,.014063,.082903,.1485674,.1230009,.0490308,-.0260737,.0836135,-.0041497,-.0328556,.0970089,.9118652,.1033771,.0699793,.0764404,-.0450325,.0278113,.0700225,-.014591,.048221,.1390389,.6978661,-1.670914,-2.24e-10,.1642023
.1751259,.1444981,-.0144137,-.0322424,-.0214648,.0399216,-.1252604,.1638007,.0425599,-.0109414,.0957458,-.4257043,-.0689759,.0221697,.1465134,-.1286883,-.0026367,-.1358277,-.0222311,.0101392,-.0052184,-.0008685,.4988001,.0826496,-.1276049,.6088774,1.633284,-4.748034,.3300048,.5092522,.0879108,.2322818,.2290784,.3119373,.3904235,.0520816,.1057415,.244481,.0820744,.0322767,-.0039668,.2467446,-.0886676,.0918671,.1274202,1.215635,.0780194,.0071005,.0331952,-.0456851,.0105909,.064111,-.0388014,.1164497,.083717,.3923565,-1.862196,-2.31e-11,.1680153
.094727,.0557287,-.0126925,-.0227672,-.0304737,-.1572958,-.1419152,.138381,-.0084345,-.0136902,.1053444,-.4843675,.0852871,.0528879,.1934085,-.0941218,.0159913,-.087872,-.0211139,.0329252,-.0014689,-.0010352,.4715587,.5327843,-.4186634,.6207899,.9854794,-3.058865,.7308896,.229593,.1631129,.2089367,.1660478,.3124152,.3676808,.0346989,.0457466,.3583829,.1420812,.0784912,.0206258,.3530831,-.1595725,-.0113029,.0765402,.7314108,.0687448,-.0071125,-.0916942,.078133,.0026257,.0538946,-.0520247,.0810354,.1009873,.5050969,-1.420547,1.42e-11,.1706094
.1132956,.0265803,-.0548623,-.0388969,.0205191,-.1173915,-.1199832,.1679545,.0172445,-.015443,.101102,-.41115,.1311952,-.0057548,.208359,-.0816739,.0010487,-.1118678,-.017392,.0192057,-.0089097,-.0004639,.3112495,.2412902,-.5095499,-.9945661,1.703273,-4.551581,.8937085,-2.809138,.098662,.1221101,.0957992,.1807074,.1831899,.0591982,.1142423,.2699976,.0970591,.0399459,-.0407741,.2102697,-.0070313,-.0032397,.1511332,1.416537,.1056608,.0421668,.0619219,-.0657651,-.0108743,.0513362,-.0346511,.0467755,.1081983,.540526,-1.960282,1.29e-10,.1709314
.1259832,.1036125,-.0112167,-.015358,-.0088313,-.0542032,-.1484209,.1477192,.0097227,-.014332,.1599018,-.5169172,.1326521,.0067696,.1327405,-.1013884,-.0023444,-.1965834,-.0085076,-.0118973,.0039257,-.0013685,.1637921,-.6500596,-.6036993,-1.333026,1.246076,-3.103883,1.027183,-3.456739,.0379223,.0870529,.0609349,.1801184,.2119565,.0691607,.0768659,.2037786,.1203915,.0757264,.0329706,.1603062,-.0178482,.0544242,.1432071,1.336113,.0905151,.0180928,.023944,-.0166949,-.0110315,.0379244,-.0336619,.1173246,.1129625,.5700799,-1.950593,1.92e-10,.1683958
.1415406,.0802546,-.0553257,-.0270156,-.0458415,.1314676,-.2430767,.167431,.0386417,.0127246,.1456709,-.5162387,.0540958,.0413405,.058546,-.1093593,.0072078,-.2074027,-.0311875,-.0602826,.0044414,-.0011997,.7437655,0,-.31595,-.9590841,1.300114,-3.122921,.5851606,-2.485332,.0559738,.0515324,.0769999,.1982416,.1839285,.0269453,.0675047,.1743837,.1316884,.0627057,.1583819,.1872776,-.2148134,.0143846,.1443685,1.338449,.0757824,-.0114044,.035279,-.0110672,.0022559,.0834878,-.0154669,.0400239,.1035086,.5168974,-1.867781,-1.97e-10,.1675379
.0573367,.1356468,-.0278993,-.0182088,-.0058114,.0280268,-.0380776,.1659033,.0186703,-.0203354,.1223675,-.447949,-.0266383,.0425935,.0580676,-.0514562,.0024989,-.0625999,-.0197528,.0304704,-.0045864,-.0007291,.3796146,.9512877,1.145332,-.378271,1.605878,-4.164793,-1.706244,.8460293,.0859607,.2591835,.2265075,.3732089,.3928592,.0491109,.077144,.2645781,.1177863,.0583454,-.0215183,.2610161,-.167733,.1500957,.1143274,1.063921,.0770677,.0348636,-.0064471,.0287222,.0235569,.0688117,.0060541,.0427407,.114871,.5708828,-1.908034,-1.13e-10,.1728119
.2190994,.1733866,-.0232532,-.0330854,-.0329764,-.1594281,-.1945722,.2214532,-.0039047,.0060641,.15501,0,.0970713,.007141,.1073656,-.094827,.0269824,-.1254991,-.0094141,.0039888,-.0114074,-.0006078,.1402517,-.0200962,.5853656,-.7013134,1.344821,-3.610076,-.8506333,-.5029004,.0645823,.0950743,.1613767,.2998906,.3695059,-.0394916,-.0036645,.1366546,.1308686,.0780612,-.0077273,.2003274,.0073947,.0911839,.1096824,1.039367,.0851284,.0773948,.1351981,-.0975249,.0106409,.0506901,-.0025583,.0870975,.1266756,.6504778,-1.828867,-6.17e-11,.1638055
.0998105,.0929246,-.014483,.0187701,.045735,.1007496,-.0329563,.1617152,.0248007,-.0218119,.1452756,0,.0310696,-.0064488,.1267534,-.0861702,-.0050127,-.0657366,-.0222643,-.0039594,-.000065,-.0005288,.5358955,-.5899531,.6913376,-.3852725,1.515193,-3.450624,-.9673527,.1480393,-.0195887,.0363346,.0099953,.193591,.267195,-.0069798,.0125035,.1010569,.1221889,.0572212,.115671,.0897688,.0329266,.0272308,.1028628,1.004369,.078291,.04789,.0049209,.0251568,-.0063358,.0888097,.0019025,.0198767,.091461,.4427145,-1.52879,-2.93e-10,.1640219
.0590839,.242311,.0374136,.0362566,.0551802,.0607612,-.0589512,.1586727,.0030683,-.01448,.1638896,0,.2300839,.0306419,.2000775,-.0841189,.0054291,-.0468666,-.0147671,-.0526474,-.007855,-.000507,.2430796,0,-.0123677,-.7863869,.9303167,-2.334165,.0669276,-1.572175,.0859154,.1007484,.1145024,.267554,.3127829,.0501024,.0782947,.2359704,.1248574,.0836386,.1542353,.2250625,-.1355693,.0686005,.0953154,.896539,.068516,.1101296,.1394969,-.1042317,-.0352545,.0528848,-.0376684,.01085,.1060598,.5559115,-1.564237,-2.91e-11,.1701301
.1831901,.1476554,-.0214632,.003303,-.0439208,-.0616642,-.1450992,.2301919,-.0087968,.0132111,.2031626,0,.1363132,.0224277,.1144575,-.1582274,.0122656,-.1985329,-.0192889,.0211833,-.0113891,-.0005057,.3727373,.6995603,-.5328069,-.5258107,1.526761,-4.683475,.9198331,-2.102819,.0648883,-.0472234,-.0331225,.072175,.1177415,.0729223,.0836736,.2379037,.0752871,-.0146094,-.1141183,.2276315,-.0559702,-.1654685,.0966435,.9249731,.0907873,.0890248,.0466211,-.0291344,-.0067609,.0474751,-.0427364,.0967981,.1223739,.6130978,-1.482919,7.14e-11,.1701698
.2096393,.0722378,.0179234,.0534243,.0828186,.2613285,-.0755147,.2174896,-.0153252,.0056658,.2289271,0,.1910416,.0047881,.1933824,-.1047356,.000183,-.1825161,-.0066913,.0088848,-.0136594,-.0002621,.0582101,.2903568,-.1401127,-.1236841,.9897447,-2.544378,.2997177,-.6565471,.1872002,.1953975,.2215401,.3683506,.4319552,.0045134,.0507144,.2858715,.0755456,.0316398,-.0750347,.2850291,-.133204,.013665,.1130282,1.075254,.0883486,.0579774,.2188417,-.2207141,.0023177,.0465822,-.0316969,.1017607,.1139841,.5819114,-1.904208,-2.89e-10,.1707178
.0787291,.0475144,.0042977,-.0197383,.0852369,.1296047,.0004131,.1451951,-.0009363,-.037978,.1126442,-.4576023,.1467735,.0098158,.1967356,-.0774176,.0119224,-.0755754,-.015832,.0216197,.0056845,-.0015853,.3650584,.3965819,-.3106993,-.492359,1.944703,-5.387056,.6135529,-1.481488,.0484053,.099171,.1060743,.2581522,.3410085,.0066746,.0539635,.128502,.1300097,.0978425,.0946616,.1772287,-.2012743,.0792162,.0843959,.8131335,.0605188,.0809369,.0011285,.0479299,.0003921,.0468213,-.0273627,.0891628,.1143858,.5788819,-1.567682,2.29e-10,.1650318
.1089194,-.0847096,.0270643,.0719742,.1098017,.1725309,.0011858,.1567028,-.0265025,-.0376803,.1672249,-.4664474,.0416454,.0417753,.1921636,-.0220769,.0209301,-.0371907,-.0232285,-.0234319,.0003904,-.000759,.545931,-1.20749,-.6598768,-1.832527,1.346319,-2.848581,1.134478,-4.499135,-.0403517,.0394319,.0303494,.1497737,.2039895,.0166262,.0469155,.1028908,.1084915,.019718,.047519,.1157093,.0084189,.0354144,.1382488,1.302273,.1032117,.0457059,.0771851,-.0682011,.0257677,.0391434,-.0139667,.043904,.1028607,.5247282,-1.853234,-3.27e-10,.1660198
.174659,.0400243,-.000893,-.0501915,.0203082,.1464711,-.1557944,.1972622,.0089193,.0015861,.1862736,-.4968529,.0821678,-.0052946,.1507409,-.1246866,-.00114,-.1666726,-.0102084,.0248886,-.0043056,-.0005952,.166922,.7939702,-.7344152,-.2091539,1.514763,-3.995907,1.259299,-1.815647,.1730306,.1016106,.0511387,.1960302,.2132373,.0617163,.0943344,.3364386,.0892779,.0640274,.0108416,.3145526,-.2329231,-.1021835,.1141803,1.07609,.076111,.0488622,-.0001896,.0042939,.0127687,.0620065,-.0228622,.0603247,.0916324,.4608405,-1.667349,-2.05e-10,.1637641
.1911679,.1265292,.0287686,.0012084,.0403261,.0460318,-.0637506,.1272128,.0006354,-.0377485,.1869799,-.4736163,.2411034,.0610811,.203111,-.0654463,.0284183,-.1171212,-.0173485,-.038179,-.0007432,-.00098,.3228227,0,-.9370061,-.6234125,1.473443,-4.208967,1.574317,-2.647828,.1310817,.1105876,.0719751,.255949,.2829195,.0439171,.045331,.2884045,.0798694,.0274858,-.071477,.2406515,.014657,-.0532916,.100418,.9517401,.061367,.0828876,.0785121,-.0886394,.0150584,.0821807,-.0115936,.0351112,.1036722,.537248,-1.564877,3.71e-10,.1717193
.1042507,.0597719,.0012341,.0395054,.0333527,-.0720042,-.0079615,.1157257,-.0090536,-.0288873,.1009644,0,.1559842,.0162447,.2219837,-.0732001,.0219556,-.0411559,-.0086127,-.0107329,-.0040018,-.0004869,.160272,-.531688,.5470138,-1.460648,1.727444,-4.462293,-.7154306,-1.91062,-.008255,-.0116578,.0012918,.1519366,.1752882,.0265715,.0967382,.157403,.130149,.0938984,.0483059,.1244905,-.1226456,.0384085,.1004262,.9535336,.0823726,.0841655,.0165914,.0272073,.0003407,.0454555,-.0090941,.0545668,.1275743,.6472965,-1.566475,2.68e-10,.1676616
.1126789,-.0441759,-.0458155,-.0233138,-.0317934,-.0647337,-.1365211,.1438979,.0262859,-.0129234,.1018159,0,.109308,-.0015714,.2067038,-.1096906,.002442,-.093634,-.0165888,-.0222098,.0014875,-.0014992,.3088207,-.9251063,.0896105,-1.086186,.9859229,-2.641981,-.0593109,-1.977745,-.0543291,.0724452,.0351361,.1166578,.1748787,.0588609,.1155597,.1277841,.1234325,.0650858,.0007588,.0760454,-.1955795,.1010406,.108527,1.007351,.0774714,.0368893,.041716,-.0835927,.0129289,.031495,-.0723725,.0920592,.1184877,.5989694,-1.493845,-3.00e-10,.165002
.2274649,.2749726,.0489632,.0600886,.0914106,.2732724,.0042347,.1744363,.0011989,-.0255215,.2077843,0,.1113424,.0264645,.1537732,-.1001805,.0090221,-.1221368,-.0168753,-.0544744,-.0110606,-.0004242,.2648128,0,-.6953353,-.6046571,1.586807,-4.412611,1.212987,-2.448853,-.0172101,.0230123,.0402693,.1635349,.2194587,.026903,.044781,.1032828,.117157,.0663459,.0572975,.1083837,-.0766125,.0997995,.1046613,1.009712,.0618095,.0680888,-.0078938,.0281447,-.0058399,.0986774,.0162123,.0001578,.1032132,.496538,-1.573131,9.63e-11,.1691553
.1875067,.0962201,.0444709,.0607025,.0530117,.0144403,-.0008322,.1500156,-.0021814,-.0144541,.1754646,-.4556321,.1153293,.0207858,.1843383,-.0717713,-.017788,-.1290214,-.0110603,-.032033,.0047548,-.0012235,.2576805,-1.364357,-.7431459,-.6849627,1.366551,-4.295494,1.243569,-2.639128,-.0356976,.0697484,.0353784,.1476281,.2079239,.0607853,.0626751,.1295625,.0663072,.0197305,.0204759,.1197673,-.0056317,.0282769,.1313018,1.238156,.0809728,.0341139,.121059,-.1113324,.012588,.0442083,-.0301079,.0808562,.1203334,.6001418,-1.869867,-2.70e-11,.1727253
.1953447,.0791755,.0017755,-.0161798,-.0012229,.1645613,-.0918152,.1842255,-.0065825,-.0262525,.1373073,0,.0472059,.0246822,.1377456,-.0646524,.0260642,-.0623363,-.0384553,-.00111,.0129063,-.0019393,.9699504,-.8968701,.1672251,.2322314,1.493941,-4.582988,-.2379358,.4343782,.2884394,.3452267,.2663734,.4158024,.486453,.0461089,.0962399,.4942527,.1441911,.1106509,-.0045435,.4585064,-.2255981,.0526983,.1314945,1.232238,.0593162,.0681714,-.0205642,.0356824,.0200737,.0203737,-.0391648,.073826,.1106026,.5707009,-2.20979,1.49e-10,.1670983
.0889773,-.0732154,-.066545,-.0732451,-.0904842,.1309917,-.1194207,.1213506,.0337517,-.0200239,.0506169,-.459473,.1225983,.0114652,.1358973,-.0681202,.0038511,-.1455292,-.0208126,-.0131698,-.0096682,-.0004563,.4114309,-.6363491,-.2200642,-.6084456,1.501243,-4.307171,.4240172,-1.657555,.0281673,.1181579,.0761466,.2308853,.3108337,.0265636,.0144708,.2263813,.1265414,.0797331,.1608485,.1666608,-.1598678,.0693276,.1196895,1.142319,.0711919,.0664099,.0812495,-.0589339,.0076121,.0395454,-.030587,.0501603,.0975162,.5062101,-1.588466,-1.55e-11,.1702775
.2208832,.1491442,-.0055051,.0086865,.0304887,.1892786,-.1099701,.1882097,.0007312,.0027964,.176113,-.4664997,.039293,.0765055,.0945488,-.0311196,.0006488,-.096784,-.0213021,.0038599,.002853,-.0009851,.4417327,-.1362416,.1991937,-1.166634,1.147332,-2.889004,-.2407142,-1.909993,.0045482,-.0066057,.0126301,.1888821,.1913805,.045754,.0398649,.1443753,.1398195,.0761555,-.0323937,.1530943,-.0381134,.0246069,.1223433,1.137136,.0959368,.0568715,.0780685,-.0944893,.0084821,.0762838,.0120133,.0283648,.0656224,.3253004,-1.553123,1.22e-10,.1687647
.1108736,.1268226,-.0310248,-.0554075,.0282135,-.0158984,-.0404243,.1119467,.0066308,-.0263215,.0826961,0,.1515544,.0211671,.1678222,-.0012514,.0135219,-.0554556,-.0094566,.0230631,-.0095769,-.0006871,.0922877,.7014028,-.5575456,.3588471,1.569454,-5.131999,.9714199,-.5622894,-.0043167,.0059893,.0401814,.2146142,.2242412,.0004817,.0258037,.1184758,.120006,.064399,.0484887,.1136265,-.0956327,.0461252,.1161763,1.086302,.1019192,.0500384,.0594246,-.0191737,-.0125784,.0693476,-.0221547,.0388205,.0879379,.4306821,-1.570825,4.14e-10,.1641321
.176605,.1079366,-.0368808,-.0768435,-.0540852,-.1186289,-.1583953,.1281636,.0443551,-.01174,.0541774,-.4232655,.0885084,.0108911,.1152741,-.0821507,-.0047887,-.1116014,-.013676,-.0223085,-.0023133,-.0010344,.2127202,-.9667521,-.57333,-1.307006,.8411335,-1.665766,.9759288,-3.362602,.0528527,.1185627,.0478555,.1441496,.1431257,.077218,.1166088,.2064991,.091066,.0524109,-.067102,.2042517,-.2317425,.0288678,.144867,1.345563,.0860133,.0288172,-.0908458,.0890351,.0116052,.0723597,.0079673,.0039925,.1160328,.5864123,-1.83337,2.39e-10,.1695331
.016023,.0499845,-.0297748,-.0311606,.0079984,.0382725,-.190866,.1642883,-.0034199,-.0090148,.1339299,-.5180915,.1665585,.0520978,.1954235,-.0925798,.0064146,-.1137101,-.0060425,-.0143505,.0065467,-.0017358,.0473602,-.180483,-.7698848,-1.002704,1.236096,-2.104467,1.289314,-3.153115,.1306127,.1880359,.2133715,.2957951,.3735023,.0881128,.1171918,.2519761,.1011499,.008628,.0203594,.3449532,-.2070454,.0487696,.1267838,1.180961,.0951626,.0296494,-.0035985,-.0010113,-.0166511,.0567274,-.0231517,.0199572,.0766863,.3848209,-1.753487,1.10e-10,.1678198
.0651022,.1743595,.018976,.0252543,.0324164,.107071,-.0799849,.1477653,.0086995,-.0303141,.1385951,-.4420646,.0194227,.0312202,.0734705,-.0445834,.0090206,-.0735698,-.0178888,-.0362124,.0008874,-.0007239,.4456464,-1.598309,-.5044854,-.2523409,1.362534,-3.387367,.8608428,-1.602279,-.1701455,-.0561713,-.1102342,.0533284,.113689,.0565716,.0849927,.0365866,.1349279,.1219922,.0083916,-.0029904,-.159797,.0869163,.1104822,1.042429,.0678228,.0680876,-.0189041,.0228744,-.0039243,.0860639,-.0067008,.0470605,.1040696,.5317252,-1.569312,-1.73e-11,.1689728
.2068644,.0073151,-.050136,-.0186663,-.0396472,.0283802,-.2065744,.2122286,-.000126,.0161731,.1572931,-.5121587,.1271687,.033653,.1927416,-.1105486,.0075879,-.1306798,-.0139661,.0172265,-.0093172,-.0004512,.3276962,.0812651,.0708586,-.3527116,1.234043,-3.431725,-.0687405,-.6668034,.0766194,.1853777,.1700992,.309206,.3740891,.0104931,.0309123,.2481565,.1178922,.0644513,.1024764,.176311,.2021501,.0425331,.0914362,.8619491,.0788968,.0770572,.0342341,-.0143874,-.0213664,.0485721,-.0550853,.0370973,.1268503,.6521046,-1.643774,-3.52e-10,.1659439
.0462565,.0901335,-.0061945,-.0157214,.0295801,-.0392597,-.0872301,.1588401,-.0106214,-.0212643,.1372213,-.4663477,.019172,.046635,.0781065,-.058265,.0154963,-.1010029,-.0212873,-.0284573,-.007233,-.0003747,.4092267,-1.394858,-.4202079,-.0324864,1.961854,-5.076632,.817396,-.8987688,.1370394,.1249612,.1507098,.2914533,.3305996,.0007942,.0435204,.2577668,.0732711,.0209114,.0111657,.2357231,-.0405431,.0043448,.1121547,1.063377,.0736114,.0872419,.0693963,-.0416572,.0204882,.0545845,-.0188458,.0585087,.1431905,.721469,-1.969411,-5.81e-11,.168896
.1478869,.1346918,-.0018665,.0016901,-.0379812,.029811,-.0860143,.1410573,.0053682,-.042004,.1131339,0,.046079,.0417798,.1341117,-.0316588,.0346393,-.0745743,-.0361851,-.0172889,-.0056055,-.0005676,.8470501,-1.208438,.4498268,-.5393174,1.660684,-4.893475,-.5998715,-.3885894,-.0256296,-.0074493,-.0040625,.13369,.1736414,.0696186,.0821474,.1364198,.148153,.0834357,.0440778,.1389983,-.0858537,.0627684,.103512,.9800262,.0664161,.0659606,.0062429,-.0042131,.0103706,.0393184,-.0533004,.0767162,.0964049,.4800631,-1.480164,5.86e-11,.1686858
.1674649,.1021633,-.0032626,.0023353,.0065405,-.1079101,-.0467043,.193902,-.0106355,-.0022421,.209952,-.5302859,-.0033206,.0550954,.1096042,-.0984799,.0022354,-.1456471,-.0300705,.0025523,.0050283,-.0014594,.6393164,-.5377277,-.1617174,-1.303398,1.619167,-4.10482,.3697104,-2.862081,.1037138,.1863744,.1537617,.2993608,.3650182,.0280465,.0554409,.3328138,.1169104,.0697462,.0074179,.259622,.1005422,.0662405,.120592,1.107473,.0915556,.0452978,.0806491,-.1026479,.014662,.0653256,.0158677,-.0095715,.0791505,.3770369,-1.71572,-1.12e-11,.1658816
.1472109,.2250386,-.0062319,.0118903,.0287088,.0768771,-.0534682,.1733541,.0120473,-.0095273,.1537745,-.4906806,-.0323462,.0401925,.1192312,-.0956945,-.0046082,-.1221064,-.0218855,.0051112,-.0024406,-.0010764,.4865443,.0209256,.4120041,-.3213766,1.6332,-4.795557,-.5140539,-.2550912,-.0072787,.0460307,.0145754,.1820923,.222504,.0177198,.0145477,.1403614,.1063369,.0653874,.0345427,.0366474,.0632271,.0392367,.1075086,1.019744,.0920151,.0564389,-.0028793,.0155957,.0240433,.0526672,.0149574,.0405453,.1279012,.63987,-1.7148,-6.72e-11,.1695912
.1143344,.1700896,-.0036691,-.0028531,.0117634,.0522767,-.1089985,.1676102,-.0201089,-.0044419,.1701574,-.4852061,.1064325,.0659857,.1374825,-.058575,.0191118,-.0894741,-.0239529,-.0611708,-.005365,-.0006705,.5190057,0,.1694207,-1.323925,1.404975,-4.167843,-.2040872,-2.320111,.0968307,.1115467,.096178,.2047743,.2162226,.0575089,.0958608,.3455286,.1043861,.0491571,.0466087,.2538852,-.2091084,.0056735,.1400737,1.316263,.0958787,.078011,.1632312,-.1666356,.0165128,.0532888,-.0001653,.0080683,.1485473,.7262005,-2.143158,-1.43e-10,.1687408
.1136713,-.0535475,-.0232745,-.0148913,-.0520366,.0327636,-.0857958,.1441612,.0060965,-.0153732,.0747861,-.4069049,.1042403,-.022133,.1974637,-.0355181,.0132957,-.0623731,-.0099419,.0079419,.0061854,-.0014407,.2392278,.2224834,.547124,-.4233451,1.917714,-5.811151,-.741604,-.1759951,.0889166,.1965453,.1293448,.2477299,.3096841,.0426629,.0948624,.2130845,.1123019,.062525,.1774687,.2014114,.1100315,.0426469,.0895012,.8499608,.0699746,.1046623,.190471,-.1707174,.0158136,.0632955,-.0014215,.0238326,.1133138,.5685605,-1.604732,-4.33e-11,.1677405
.1519417,.185755,.024038,.0509249,.0375373,.0896777,-.0294344,.1296493,.0090522,-.0341709,.1174922,-.3961934,.0001298,.0846833,.1327419,-.0743812,.0112875,-.0695461,-.0289479,-.0381803,-.0021683,-.0009065,.6693451,-1.979029,.2006734,-1.672459,1.133629,-3.660959,-.292536,-2.674675,.0695302,.0886754,.1015635,.2155207,.2421948,.029809,.0816208,.2880566,.0839336,.0298479,.009225,.2583373,-.1603144,-.0361514,.1070869,1.018272,.0994762,.0010777,.1004877,-.075153,.0115121,.0597542,-.0225196,.0456206,.0617772,.3043794,-1.280267,-2.62e-10,.1730617
.1973499,.0097879,.0130459,.014055,.0566747,.2337193,-.0638582,.1810852,.0052962,-.0125041,.1901504,-.519083,.0410564,.0743186,.0922556,-.0681195,.0073626,-.1479932,-.0163409,-.0120898,-.0042869,-.0009365,.2765195,-.7536778,.0565254,-.7286144,1.73402,-4.590639,.0358659,-1.496257,-.1350092,-.2251729,-.1868405,-.0648875,-.0171203,.0440604,.0613777,-.0168164,.1000689,.0468146,.0533336,.0151369,-.1757444,-.0492343,.1265518,1.210175,.0860961,.0808798,.150028,-.0878486,.0064953,.0329624,-.0492133,.121724,.1260369,.6513653,-1.689162,-9.75e-14,.1652772
.1952955,.0732028,.0287384,.035778,.081206,.2061182,.013761,.1624368,.022605,-.0308272,.1923422,-.5246522,-.0056196,.0194501,.0537509,-.0676729,.0013874,-.1765456,-.0218397,.0273003,-.0056323,-.0008349,.4257694,.8309199,-1.139814,-.5395861,1.219287,-2.500302,1.892661,-3.067989,-.0143924,.0681418,.0968523,.2543164,.2472136,-.0061695,.0607842,.1685987,.1367999,.0803678,.1076005,.1522178,-.164797,.1096374,.1034241,.9667234,.088771,.0439885,.0900095,-.0660952,-.0051668,.046952,-.0140122,.0603688,.1029711,.5178689,-1.606613,-2.86e-11,.1627109
.0565764,.1927825,.0226723,.0559263,.0538719,.2852668,-.0765057,.1574852,-.0058,-.0236175,.1706637,0,.065869,.039685,.1009922,-.1458935,.0003046,-.0921975,-.0214156,.0013536,-.0030872,-.0007482,.4381541,-.1869141,.5279809,-1.123933,1.340618,-4.159362,-.7472932,-1.316765,-.0207408,.0033546,-.0477695,.1075835,.1255725,.0752698,.1039779,.1797527,.1182773,.0634032,.0255669,.1529509,-.3526528,.0188346,.102769,.9884393,.0612166,.1138682,.0888678,-.0658584,-.0022251,.0735643,-.0452482,.0918722,.1139198,.559072,-1.536563,-3.16e-10,.1680397
.107693,.2180947,-.0132367,-.0278361,-.0500791,.0429084,-.0785054,.1097909,.0285866,-.0250627,.0850108,0,.1605351,.0628138,.2087154,-.0410217,.0184555,-.1133478,-.0246092,-.0272514,.0077173,-.0015808,.5211019,-1.498514,-.8062528,-.4639403,1.079452,-2.150628,1.382972,-2.335743,.0146899,.0951045,.0390423,.1772777,.3026376,.0402079,.0559576,.1815686,.0977003,.0236931,-.021993,.1251127,-.0262554,.021876,.1167987,1.102974,.0958426,.0300434,.1022777,-.0844525,-.0050214,.0192123,-.0521642,.0124179,.0956637,.474342,-1.556143,-2.75e-11,.1673442
.1828897,.10068,.0607833,.0861585,.1068919,.0917959,-.0031213,.1767546,.0130524,-.0231699,.178788,0,.0385848,.0186424,.1730664,-.0786443,.0030021,-.1156914,-.0292581,.0004193,.0043301,-.0012638,.72442,-.2571256,-.6867073,.2083035,1.397588,-3.768173,1.182761,-1.038091,-.0047081,.0478558,.1187233,.2673815,.2715578,-.0151935,.037036,.1535751,.1342765,.0709148,-.1203062,.1157533,-.1832222,.0870947,.1240211,1.155558,.0835448,.0122459,.0960755,-.0980719,.0021791,.0536235,-.0077706,.0121228,.1015931,.4888288,-1.877214,-2.21e-10,.1716238
.117045,.1493384,.0315471,.0798986,.0865074,.247046,-.0003285,.1723165,-.0126356,-.027111,.1793538,0,.0177742,.0315864,.1517308,-.0981308,.0166416,-.0699445,-.0258816,.020571,-.0054814,-.0005429,.5762089,.084562,-.667401,-.0881245,1.512482,-3.706765,1.199459,-1.504184,.0108285,.1185714,.1154941,.2950476,.359993,.0496968,.0483927,.0744414,.1231762,.0860221,.0379712,.1326958,-.1337014,.1595471,.0922255,.8820298,.0788597,.068406,.0159195,.0063445,.0156572,.0538774,.0077588,.016841,.1131792,.5582526,-1.70797,-1.27e-10,.1687504
.2075063,.1580639,-.0087443,-.0170461,-.0091757,-.0058359,-.1767058,.1779642,.0096357,.0076623,.1415068,-.4666352,.1562691,.0159297,.3086708,-.0901524,.0143591,-.1259967,-.018971,-.0020735,.0007616,-.0011046,.3972754,-.5338919,.4790304,-1.124775,1.425001,-3.764078,-.6665154,-1.463241,-.0785024,.0182575,-.0188644,.0797061,.0945951,.0904768,.1438066,.1576582,.1148092,.0575585,.0058527,.118682,.0794048,.0472058,.081717,.7904019,.0887082,.1003645,.1510623,-.1440931,-.0015669,.0462105,-.0244789,.0170727,.1128663,.5714758,-1.370287,2.52e-10,.1697039
-.0049451,.0504316,.0030938,-.0318495,-.030005,-.0606083,-.1258833,.1324145,.0139007,-.0273228,.1078491,0,.1129491,.0449735,.1525281,-.0688026,.0103614,-.1166407,-.0143039,.0151844,-.0104379,-.0005467,.2059288,.3787158,-.5261531,-.1934603,1.289655,-3.696227,.9060705,-1.484273,-.0254651,.0072222,.0124734,.1232782,.1572965,.0220856,.0583919,.113156,.1161616,.0544429,.0204667,.0787263,-.0533912,.0405897,.1351133,1.289612,.0637331,.0360379,.0715827,-.0397551,.0314385,.0404223,.0050598,.0089318,.1023714,.5151668,-1.759045,-7.84e-11,.1668615
.0744021,.0492401,-.0299533,-.0509776,-.0325727,-.0549266,-.180416,.1335907,.0127186,-.0082609,.0866088,-.4817704,.2026903,.0193871,.2479036,-.0943953,.0075212,-.0844237,-.029835,-.0106744,-.0034116,-.0010496,.6869833,-1.16603,-.2776074,-.8346624,1.653293,-4.877697,.5637903,-2.196572,.0383084,.1396988,.0932517,.2027049,.1881322,.0823241,.1586497,.1723677,.1488864,.0987327,.0154526,.180645,.0051734,.1466729,.1058237,1.019809,.0664125,.0176852,-.0183935,-.0176055,-.0077551,.0447038,-.0268129,.0430495,.132243,.6734826,-1.791346,-1.75e-10,.1686186
.1458384,.1507276,.0237309,-.0698028,-.0237305,-.0929565,-.1033759,.1101951,.0226637,-.0061805,.0816536,-.4170527,.2317955,.0455329,.3163275,-.0209236,.014198,-.0360613,-.0200987,-.0120997,-.0115882,-.0004525,.3791197,-.7107394,.4317105,-.658506,1.350445,-3.381574,-.5756726,-.7262474,.0974617,.0630099,.0673092,.2133081,.2480102,.0463128,.0857902,.2075431,.1188238,.0868168,.0692383,.2506696,-.0750594,-.0202908,.077068,.713927,.1111767,.0269368,-.0333065,.039071,.0365021,.0676342,.0359781,.0307724,.0797725,.3914113,-1.164959,-1.51e-10,.169395
.1210802,.1900449,.0347019,.0782196,.0710361,-.0653521,.0739759,.1461107,.0114415,-.0251457,.1847232,-.4821447,.5569403,.2685262,.5719514,-.1298255,-.0105371,-.1401537,-.0148455,.018055,.0001804,-.0011269,.270237,.6703724,.2555341,-.9746643,1.161291,-2.908486,-.2813507,-1.584943,-.0366232,-.1049117,-.1751407,-.0209949,.0102607,.0993056,.1169215,.1318945,.1332804,.0670696,.1095163,.1322537,-.0059106,-.08341,.1068795,.9819838,.0874696,.0901718,.1703237,-.1633178,.0228806,.0753212,.0315922,-.0288976,.1114256,.5571593,-1.483713,1.64e-10,.1686288
.1610484,.0147846,.0051509,-.0069977,-.0027855,.1186508,-.0628237,.1221539,.0135585,-.0222088,.0763737,-.4335421,.1197707,.0364635,.1496097,-.0844274,.0071881,-.05606,-.0303189,-.0014147,-.0102185,-.0004585,.6709058,-.7464523,.4777136,-1.002497,1.420553,-4.093961,-.6608304,-1.175902,.3433537,.3470005,.2919893,.4569654,.5086893,.0215868,.0681455,.5115502,.0964405,.0660581,.038718,.5269064,-.1849295,-.0477824,.0663562,.630684,.0707353,.0812363,-.0109892,.0233487,.0341783,.0539135,.0027677,.055779,.1301232,.6843342,-1.5267,-1.02e-11,.1718357
.178069,.0617343,-.0067492,-.0583497,-.0208768,.1637782,-.1317432,.1116833,.0411062,-.0193759,.1209456,0,.0039929,.0291078,.0990041,-.028685,.0003976,-.0636802,-.0144844,.0278307,.0034986,-.0011064,.2852423,1.1646,.1871097,-.2853623,1.346277,-2.989883,-.201192,-.6918066,.1199321,.1841596,.1377492,.2807072,.3466666,.0495701,.081289,.2249953,.117846,.0647935,-.0387182,.2650581,-.2196317,.049709,.0636215,.6607008,.0869029,.0362559,-.0527833,.0754208,.0213528,.0713502,.0252242,.0169677,.0800726,.3983299,-1.251321,2.03e-10,.1696344
.1081493,-.1118105,-.0462722,-.0418063,-.0313492,.0679379,-.0501859,.1208001,.0429141,-.0045008,.0976595,0,.0482021,.0053601,.0902926,-.0576628,-.0253484,-.0989403,-.0244859,.0003358,.0066289,-.0015095,.5650394,-.7684855,-.9648092,-.3804435,1.3387,-3.740776,1.638192,-2.413319,.0117119,.0584919,.0170722,.12449,.1690595,.0407441,.1018586,.170284,.0789277,.0229018,.1171688,.1649328,-.0414596,-.0447636,.1211254,1.131506,.055997,.0842494,-.0375849,.0326051,-.0220296,.0529033,-.0491458,.0759137,.1186647,.6031744,-1.661371,1.04e-10,.1674033
.1368627,.0427199,-.0374163,-.0304286,-.0360092,.0059537,-.0942218,.1265467,.0556446,-.0294616,.0478409,0,-.0212984,.0266089,.1343354,-.1085787,-.0045713,-.1272826,-.0058792,-.019784,-.0004269,-.001024,.1252654,-.6335194,-.9142987,-.2948746,1.840887,-4.628049,1.609372,-2.31892,-.2462939,-.1973021,-.1661216,-.0419766,.0139382,.0088078,.0524641,-.1095011,.1073214,.0702267,.1147091,-.1140261,-.0690279,.0776785,.1086181,1.001693,.0789924,.0638825,.0628506,-.0598738,-.0179053,.0524715,-.0485698,.024475,.1292665,.6640434,-1.417691,-2.00e-10,.1656234
.0831652,.0757851,-.0240877,-.0182443,-.028485,-.0862795,-.0638302,.1609707,.0258548,.0027204,.1039824,0,.1619808,.0105429,.267456,-.0621073,-.0087377,-.0260354,-.0209972,-.0031491,-.0007295,-.0008483,.4346436,-.0985554,-.0226732,-.0646687,.7549133,-2.12174,.0798517,-.4208897,.0614529,.0745743,.0017805,.1233524,.136127,.0707578,.1361076,.2331477,.111573,.0484192,.0052807,.2086858,-.0362792,-.0321122,.1305341,1.21679,.0688542,.133678,.0675927,-.0837117,.0046298,.0710681,.0142237,-.0516888,.1099934,.5469044,-1.80569,2.48e-10,.1695836
.1602487,.044099,-.0163845,-.0129749,-.0449924,.0428724,-.058456,.133851,.0288523,-.0219811,.0989215,-.4589696,.1403191,-.0111296,.1595483,-.0683406,.0006448,-.1187951,-.0217816,-.0075037,-.0039643,-.0008569,.4513773,-.513363,-.1025624,-1.391472,1.449697,-3.421149,.315079,-2.820302,-.0942905,-.1427866,-.1500515,-.0105065,.0329728,.0446407,.0566333,.0168778,.1498931,.0633089,.0197011,-.0456446,-.0967595,.0133997,.0853017,.8194625,.0899493,.0258944,-.0206261,.0663913,.0281971,.0427327,-.0238584,.1124538,.1071178,.5308739,-1.153341,-1.15e-10,.1710746
.1535374,.1367911,-.011317,-.02426,-.0177425,.0877181,-.0688567,.1011418,.042059,-.0322103,.0770864,-.4099877,.0545808,.0311706,.1292363,-.048187,.0032094,-.0898882,-.0190339,.0194133,-.0078889,-.0006924,.3210333,.2508136,-.3242487,-.3728109,1.304893,-3.475743,.5762432,-1.343697,.0636154,.1621016,.1069403,.2315181,.2938521,.052956,.0391768,.2460671,.1062843,.0561487,-.0102723,.2184079,-.0391528,.0162098,.1009012,.9356968,.0660422,.0159337,.0639801,-.0859066,-.0291033,.058164,-.0117527,.0331175,.1186512,.5928591,-1.511322,-3.34e-10,.1690388
.227255,.1290413,.0067408,-.0360427,-.0434039,.1400963,-.1030337,.1646809,.0387632,.0014309,.1331866,0,.0564469,.0427875,.1649727,-.0975009,-.0065009,-.1082769,-.0218614,.008362,-.0089317,-.0004665,.3913281,-.1549677,-.3963329,-1.079804,1.739612,-4.295113,.7483743,-2.709445,.0298162,.116031,.0484609,.1938526,.2779364,.0492822,.0145909,.149596,.0968896,.0534657,.0507973,.1739588,-.095102,.0069872,.108736,1.041954,.0837568,.0394345,.0813066,-.0870887,.0190872,.0582305,-.0104265,.0114311,.1000334,.506489,-1.564046,-1.12e-10,.1708362
.0677248,-.0042785,-.013397,-.0507456,-.022413,-.0591766,-.0825091,.117408,.0211417,-.0268496,.0639464,0,.1526079,-.0034225,.2176021,-.0589582,-.0022308,-.0719175,-.0056737,-.0395146,.0047494,-.0012857,.0828591,-1.458598,-.2364731,.2253681,1.073007,-2.802278,.4389151,-.3042894,-.0489973,-.1313248,-.0824543,.094169,.2100542,.0214735,-.0068664,.1644481,.1554586,.081173,-.0159348,.1202645,.1540581,-.0594584,.0936367,.9137974,.0543218,.1300314,.0313043,.0129519,.0020926,.0781579,-.0100261,.0070511,.1109622,.5610132,-1.405023,-1.13e-11,.168522
.2018303,.0958003,.026692,.0423899,.0816881,.0836942,.0119068,.1861778,-.014507,-.0237765,.1782059,-.446851,.3288745,.0779166,.327697,-.0646366,.027777,-.0530577,-.0185625,-.0096749,-.0037411,-.0008128,.4235001,-.3692206,-.9502133,-1.773771,1.418685,-3.461168,1.576814,-4.760973,-.0556109,-.040384,-.0214191,.0963109,.1011769,.0631241,.1115395,.0487757,.114217,.0582651,-.0372457,.0618534,-.0017154,.0574071,.1269266,1.175513,.0770561,.0656481,.0460608,-.041634,.0260315,.0563795,-.0083971,.0131669,.1112404,.5511661,-1.718193,1.88e-10,.1709086
.0693154,-.0829861,-.0473515,-.0157872,.0243991,.0282677,-.1066299,.1927786,.0030967,-.0187897,.104791,-.3771508,.0237693,.0901739,.1414393,-.1100621,.0130241,-.1034824,-.0090325,-.0240132,-.007352,-.0002879,.1158799,-.760047,.5514843,-.80619,1.718657,-5.743511,-.7670326,-.8726794,-.171453,-.2887983,-.3306936,-.2251144,-.1885329,.0650409,.1089506,-.0634539,.0713246,.0245906,-.0004248,-.1255817,-.0861948,-.1121351,.1261832,1.201801,.0839033,.0599385,.1819963,-.2289772,-.0205616,.0275367,-.0583678,.0432702,.1286488,.6690323,-1.432233,6.42e-11,.1690909
.1222511,.3149581,-.0137607,-.0320659,.0009851,-.0842708,-.1166121,.1266682,.0037804,-.0216273,.1019231,-.4174432,.155819,.0109442,.2090768,-.0702959,.0232579,-.0979225,-.0231894,.016273,-.0023465,-.0010483,.5271598,.2453565,-.6647084,-1.219746,1.52874,-3.835193,1.160221,-3.428534,-.0640738,-.0605373,-.1303391,-.0315647,-.0301574,.0923306,.2001056,.0460211,.1141305,.0473257,-.0586672,.0197373,-.0675117,.0061849,.0944399,.8892932,.0722347,.0716468,.0048402,-.0438369,.001095,.0717161,-.0307904,.0258772,.098458,.5351784,-1.253183,-9.40e-11,.1687882
.1088871,.0928756,.0389356,.0394541,.0606469,.0205911,-.0710058,.178404,.0013665,-.0133627,.1652344,0,.2356452,.0285431,.2705715,-.0610969,.0055525,-.0452998,-.0140745,-.0068223,-.0001556,-.0009713,.332371,-.5129347,-.4784836,-1.68971,1.39764,-4.681714,.8076988,-3.873204,.103559,.1552271,.1179355,.2349112,.2770119,.0563952,.0842522,.2521127,.1298668,.0510393,-.088502,.2442304,-.1180842,.0047433,.1284205,1.224211,.0760012,.0399976,.0270411,.0031635,.004472,.0602081,-.0188688,.058773,.1258265,.6344438,-1.995916,-3.73e-10,.1699613
.1301044,.2455509,.0661997,.0731565,.0992005,-.0095206,-.0164061,.1848912,-.0168328,-.0077365,.2343453,0,.1812518,.0217315,.0880131,-.0913728,.0187836,-.0733602,-.0174284,-.0128135,.0107691,-.0014993,.3830665,-.5249686,-.0139314,-1.064952,1.508008,-4.751931,.0838178,-2.041727,.223824,.2608611,.3497757,.5740036,.6691251,-.0237084,-.1146535,.3898003,.0626608,.016499,.0278155,.414196,-.1792237,.0127115,.1191557,1.113943,.0753892,.1201802,.1659519,-.0992941,-.012299,.0208234,-.0532335,.0946882,.1376294,.7294043,-2.14515,-1.27e-10,.1716315
.0653785,.0496722,-.046892,-.1033464,-.0863706,-.0811715,-.1471363,.1030013,.0460609,-.015246,.0470865,-.413545,.1426242,.033081,.1729984,-.0409024,.0074565,-.0765083,-.0067494,-.0009709,.0038807,-.0012225,.0424018,.0588315,.0461229,-.9803284,1.76704,-4.6609,.0509916,-1.902227,.042474,.0703643,.0188724,.1650181,.2276913,.0428331,.0868991,.0983234,.0883545,.0484151,.0304459,.178017,-.1206685,.0045353,.0801257,.7896186,.0849259,.0260675,.1309597,-.1200734,.0088534,.0773535,.006959,-.0008417,.1051611,.5348763,-1.264939,-2.09e-10,.1655022
.1195304,.17139,-.0054126,-.0063561,.008271,.0495453,-.0902613,.1450193,.0069193,-.0021453,.1470664,-.4699158,.0385121,.0315375,.1224179,-.0565096,-.0106325,-.0782539,-.0143044,-.0368077,-.0036527,-.0008333,.2501962,-1.46934,-.1496926,-.5507961,1.585834,-5.11883,.3390959,-1.537951,-.0337578,.0129032,-.0265701,.1240244,.1858702,.060025,.057718,.1567183,.1004513,.0550999,.0728693,.0924261,-.0773247,.0205089,.1154558,1.094604,.1034494,.0854252,.0496644,-.0459475,.0143651,.0639894,-.0085396,.0364292,.1113444,.5686593,-1.610925,1.34e-10,.1684758
.1007577,.2041771,-.0084874,.0087013,.0476149,.2656573,.0075379,.1301182,.0190178,-.0245548,.1306594,0,.1951614,.0238626,.2433915,-.0698019,.0021244,-.0985331,-.0143845,-.0026794,-.0024786,-.0008592,.2706981,-.4250484,-.5811108,-.5890767,.6518226,-1.039897,.9780204,-2.168494,-.1284827,-.0060534,-.0544279,.0829724,.1411871,.0436522,.0821791,.0286488,.0781371,.0370345,-.0344265,.0164698,.12694,.0456308,.0916549,.8665385,.0867378,.0385178,-.0419624,.0757264,.0326433,.0564776,-.0014028,.0223307,.1147227,.5771925,-1.33464,2.37e-11,.1676766
.1990551,.1304851,.0130493,.0475597,.0456708,.2584615,.009311,.1596419,.0056583,-.0237118,.1549428,-.4541697,.1142161,.0034487,.1598122,-.0672073,-.0030906,-.095168,-.0092608,-.0255946,-.001307,-.0008881,.1763008,-1.108022,-.3305877,-.3897344,1.672496,-4.669894,.645097,-1.532342,.0166729,.0541717,-.0014332,.1533569,.2114398,.0145684,.0191528,.2078258,.1315265,.0882899,.0162247,.1094244,.068016,-.0347381,.0964375,.924836,.1008764,.1158214,.0796104,-.0794237,-.0147095,.0677999,.001313,.0863706,.1287559,.6508908,-1.62873,4.90e-11,.1680066
.0850445,.0476358,-.0235424,-.0197169,-.0183091,.000121,-.0883946,.1246922,.0255622,-.0372096,.096661,0,.0061934,.0163432,.1601906,-.0836658,.0105517,-.0995694,-.0112208,.0058186,.0007693,-.0010148,.2129762,.0892008,-.0535743,-.3321838,.7683699,-2.271084,.1153249,-.8875883,.1759312,.1295456,.0682905,.2093701,.2376406,.052462,.1008245,.2735636,.1071543,.0536609,.0131366,.2491292,-.1290477,-.0264156,.0923647,.9032317,.0862836,-.0187231,-.0865313,.1204099,.0045501,.0654619,-.0202854,.0529524,.1121082,.5565818,-1.468863,1.54e-10,.170914
.0148171,.2228956,-.0032063,.0147588,-.0011009,-.0700474,-.1496182,.1788338,.0037173,.0010773,.1566531,0,.2054642,.0210906,.1816091,-.0592584,-.0011214,-.0800659,-.0339596,-.0281466,-.0049004,-.0005373,.8068094,-1.758122,.5473371,-1.426402,1.489708,-4.178331,-.7786399,-1.930378,.0646469,.0377455,.0467808,.1939768,.2322475,.0705334,.1108318,.2333376,.1412542,.0969128,-.0387573,.1840438,-.066944,.066188,.102964,.9891913,.0906441,.107467,.0260641,.0076333,.0044027,.0618263,-.0006504,.0482791,.1300425,.6822224,-1.730814,1.47e-10,.1634553
.0522971,-.0170132,-.01817,-.0003248,.0033258,-.1331941,-.0294181,.1088867,.0360934,-.0284972,.0794308,-.376968,.2932816,.1028388,.3648423,-.0661236,-.020613,-.1249134,-.0137134,-.0135996,-.0031588,-.0005707,.3212775,-.7844066,.4419272,-.0636564,1.628148,-4.520805,-.614768,.3164368,-.0156101,.0685177,.0092186,.1626058,.1910597,.0486268,.078879,.1498961,.0877861,.0278013,-.0433293,.1204765,-.0642725,.0191455,.1131134,1.060585,.0652937,.1154857,.1120666,-.1071807,.0142076,.0696453,-.043662,.0781734,.1342365,.6881801,-1.760463,-6.89e-11,.1689194
.1226451,.1668826,.0638408,.0521663,.0708402,.2261268,.0372633,.1442997,-.0151806,-.0188853,.1597804,0,.0932818,.0373388,.1382951,-.0108258,-.0036493,-.0458234,-.0390371,-.0098877,-.0038,-.0007584,.9735056,-1.17556,.4054377,.8243018,1.330704,-3.858798,-.5606806,1.637387,.2834066,.3262539,.3074313,.4790543,.4723012,.0184934,.0062834,.3383874,.098707,.0723644,.0805716,.3848556,.0334848,.0631384,.0972817,.9138631,.1093382,.0699784,.0205463,-.0038845,-.0094946,.0530332,-.0001601,.0346462,.1218455,.6195434,-1.937553,3.09e-11,.1713704
.103544,-.0957537,-.0145628,.0360496,.0192927,.014488,-.1041161,.154293,-.0086359,-.0151021,.1193962,0,.1056048,.018218,.2873307,-.078295,.0103127,-.0809243,-.0148992,-.0288755,.0046549,-.0014857,.2603134,-1.185253,-.7158588,-.2045888,1.685953,-5.06549,1.236755,-1.722943,-.1021454,-.1791689,-.1589109,-.0326249,.0516263,-.0077069,.004849,-.0022126,.0991711,.0280116,-.0700549,-.0163853,-.0281084,-.0758924,.1638339,1.543118,.0878973,.0239841,.0268009,.0113519,.0116422,.0437623,-.0292588,.0467008,.1214112,.6161218,-1.959176,-1.81e-10,.1720387
.1194502,.2027713,.0455635,.0504341,.0782163,.1233278,-.0591089,.1996353,.0002501,-.0202732,.2325191,-.4730504,.0472849,.0277668,.1570579,-.1263656,.0172617,-.1349467,-.0211372,-.0255684,.0036696,-.0009474,.4787857,-1.380394,-.0390182,-1.040343,1.41482,-3.154018,.1873038,-2.165513,.0753879,.0323471,-.0181567,.1369839,.1343033,.0716229,.1538856,.1930737,.1289189,.082956,-.0338568,.1947729,-.0653166,-.0243653,.0915592,.8731324,.1015075,.0186692,.0529019,-.0668617,-.0145926,.0697698,-.0516937,.06433,.0828133,.3967994,-1.393986,1.57e-10,.1673421
.1031508,.1417525,-.0299163,-.0448023,-.0359996,.0056201,-.1328601,.1587818,-.0065069,-.0234204,.1344716,-.4432993,.210857,.068105,.156968,-.1036373,.0153766,-.167236,-.019681,.0160292,.0036323,-.0009738,.4186932,.4271887,-.0358429,-1.043118,1.800545,-5.06,.2079979,-2.233527,.062852,.0538617,.0496159,.1444222,.1560208,.0806898,.1449124,.2039127,.1118327,.0795901,.0578843,.1406814,.0127675,.050553,.0909807,.8703575,.0901039,.0902449,.0865596,-.0928797,-.0223232,.0653451,-.0361091,.0371885,.1132807,.574202,-1.516489,-3.06e-10,.1701398
.1332845,-.0557956,-.0252887,-.0247895,.0031528,-.0207998,-.0707008,.1685421,-.0021188,-.0113299,.1369357,-.4917854,.1448757,.0076267,.1793821,-.0625088,.007956,-.0966531,-.0164758,.0249621,-.0060747,-.0007229,.3362708,.7813452,.3381484,-.4394909,1.601376,-3.666855,-.4200902,-.451057,.0723429,.0494933,.0287513,.174739,.2536739,.0308247,.0556187,.199599,.1146765,.062331,.0166249,.2172815,-.0705765,-.0266482,.0682881,.6590617,.0886948,.0603491,.0585207,-.0584317,-.0014548,.0556843,-.0275662,.0630284,.0993322,.499465,-1.235909,1.74e-10,.1684024
.1277519,.1426805,.024469,.0020058,.0134264,-.0482594,.0121778,.1103531,-.0004218,-.035832,.1215653,0,.1241014,.032621,.2484187,-.0201108,.0115197,-.1054978,-.0090624,-.0079491,-.0081452,-.000882,.101348,-.3002508,-.3472036,.0583985,1.493284,-3.899037,.6700438,-.8308248,.1603182,.1936464,.2079493,.3418489,.3508562,.0368245,.0858036,.3807844,.1094751,.0314368,.0696356,.363217,-.1876741,.0328945,.081211,.7886699,.0907852,.0298786,.0664246,-.05928,.0118525,.0654972,-.0237653,.1005191,.0866147,.4131412,-1.421239,2.99e-11,.1655136
.0966835,-.0361952,-.0343784,-.0460978,-.0103123,.0650801,-.1562001,.1886202,.0187209,.0154787,.1604151,0,.0991808,.0085894,.1991436,-.1219239,-.0197232,-.1413844,-.0155401,-.0066337,.0007737,-.0011262,.3142354,-.801523,.1714807,.8719405,1.591937,-4.704189,-.2098781,1.597143,.0151527,.0655396,.0846188,.1963717,.2277881,.0247214,.0484992,.1192549,.1120762,.0500383,.0120036,.1891837,.073385,.0183832,.1359559,1.303412,.062964,.074441,-.012429,.0036555,-.0065108,.0307778,-.0655871,.0994111,.1156327,.5823225,-1.998646,-4.15e-11,.1687721
.092787,.0690275,.0358077,.0046044,.0131564,-.2649921,-.0587483,.1536638,.002005,-.0202609,.1530819,0,.0510802,.0569673,.1294647,-.0510312,.0136763,-.1068563,-.0232647,-.0117038,.0002405,-.0007934,.5088613,-.8714183,.4890381,-1.280113,1.301449,-3.455764,-.6968355,-1.536945,-.1750233,-.0553911,-.0762976,.0801361,.1328588,.0240926,.0481558,-.0539126,.112697,.0951741,.0676266,.0182303,-.0178126,.0777476,.1120041,1.087555,.0930648,.0847632,-.0036234,.0471867,.0191434,.0468939,-.0161723,.0491239,.1237858,.6346894,-1.65261,-3.46e-10,.1682519
.0330315,-.1432289,-.0105854,-.0232355,.0261934,.0817317,-.0853489,.158995,-.0063081,-.0296528,.1547795,-.5027039,.6662339,.2086655,.5799309,-.045481,.0132502,-.1536688,-.011029,-.0186504,-.0035226,-.0008897,.1743052,-.7171143,-.6254179,-1.925197,1.445187,-3.475628,1.072743,-4.566127,-.0317714,.1105286,.0189134,.1464368,.2055787,.0301683,.0708206,.0940945,.1135237,.0529372,.0148582,.1115723,.0364595,.0602998,.1161201,1.106222,.0721642,.0272365,-.1278483,.1298516,.0007884,.059654,-.0140604,.0734764,.1210755,.6102464,-1.699657,-2.38e-10,.1633602
.0718842,-.0041579,-.0287949,-.0197181,-.0447742,.0750446,-.1787688,.1692148,.0166407,.0104534,.1480586,-.4596387,.1312508,.0160462,.0691446,-.0771342,-.0069118,-.1374956,-.0193891,-.0085119,-.0035386,-.0005165,.3424275,-.5665408,.4866855,-.9214745,1.311967,-3.073856,-.6842945,-1.07805,.1293133,.1027047,.0970225,.2473727,.2674735,.0714669,.0986784,.268758,.1102325,.0407873,-.0831219,.2310018,-.0549593,.0194437,.1149637,1.07893,.084002,.100556,.037236,-.0270923,.00141,.0590119,-.0179086,.0302836,.0981628,.5070584,-1.670698,-5.49e-12,.1698856
.1382307,.0805861,-.0100455,-.0222445,-.0413425,.1273322,-.0281657,.1721895,.019558,.0032956,.1735224,-.539609,.0257682,.0176778,.1091765,-.0543802,-.0021782,-.1517833,-.0141645,-.0222142,.0031551,-.0013182,.2444486,-.946077,-.2072939,-.7915324,1.091857,-2.451573,.4215989,-1.857014,.1323659,.214777,.187315,.3837663,.4228679,.0192365,.03467,.2603401,.1015206,.0239069,.0021293,.2937332,-.1382884,.0454167,.1007355,.9446528,.0720762,.1307335,.0869222,-.0620191,.0068195,.0571073,-.019802,.0296697,.0932602,.4599838,-1.591337,3.27e-10,.1620766
.2659697,.0990602,.0266424,.0089291,.0762702,-.0101372,-.0410638,.1505945,.0191744,-.0129577,.1628686,-.4153565,.097096,.0394327,.1693835,-.0456077,.0006014,-.0580535,-.0212071,-.0342978,-.0094917,-.0003614,.4357946,-1.601095,.417545,-.148431,1.514955,-4.364319,-.5607933,.145429,.0082676,.124969,.1531972,.2560647,.297218,.0540451,.1089747,.1973633,.1040613,.0502278,.0675518,.1461362,-.1567252,.134904,.0887061,.8624824,.0873368,.0526578,.0049928,.0264553,.0101933,.0439756,-.0276178,.0494299,.1070221,.5057661,-1.553987,-1.95e-10,.1679263
.0329153,.0728402,-.0424939,-.0789024,-.0320087,.158868,-.1020821,.1377283,.0194459,-.0170652,.0753803,0,.0307822,.0203468,.1177671,-.0726789,-.0051281,-.1127411,-.0223831,.0045466,-.0043277,-.000753,.4736892,-.3771346,.0278408,-.8761224,1.279872,-4.33609,-.0019885,-1.66381,.0705312,.0328323,-.0193951,.1279085,.1479807,.0286485,.0724198,.2097888,.1449631,.0764948,.0987283,.1831717,-.2197075,-.0239141,.1273153,1.188542,.0600675,.1197199,.026934,-.0262725,-.0099816,.0462926,-.0348985,.0544356,.1363208,.7190646,-1.785714,1.42e-11,.1671898
.1802603,.2014763,.0075227,.0259602,.0420632,.1095761,-.0472152,.169024,.0237862,-.0005346,.170576,-.4841827,.1087143,-.0074663,.1270807,-.0550268,.0013974,-.1173775,-.0235604,-.0123592,-.0134609,-.0002229,.5014108,-.7631799,.0318047,-1.50111,1.340738,-2.99223,.0540111,-2.632225,.2036262,.214641,.2585058,.4143421,.4691354,.0349509,.0518665,.4298213,.102435,.0296314,-.073622,.3286797,-.2063749,.0161257,.1265579,1.179818,.0796131,.052168,.027287,-.0362246,.0292396,.0510482,.0048068,.036674,.0907382,.4698949,-1.883315,8.74e-11,.1659929
.2501641,.2119319,.0603729,.1243359,.1361352,.4279261,-.0501471,.1858717,.0023567,-.0212308,.2210568,0,.1471481,-.0030964,.169737,-.0838204,.012514,-.1173334,-.0050289,.0077267,.0041786,-.0011284,.0687992,.2746408,-.2907856,-.4638594,.7999715,-1.96524,.5013072,-1.482689,.1584299,.1659935,.1890545,.337111,.3715493,.0380498,-.0039702,.3273643,.1423217,.0932814,.0767352,.2741486,-.0180988,.0045647,.1106588,1.04933,.077429,-.0008449,.0180322,-.011536,-.0366646,.0467028,-.0403577,.0645152,.0955227,.46317,-1.770081,3.66e-10,.1668579
.1025062,.0557362,-.0284659,-.0082875,.0062611,.2372874,-.1667887,.1748123,.0083847,-.0012319,.1461933,-.4599493,.0562688,-.0007311,.2101772,-.0690704,.0092205,-.0785222,-.0190705,-.0434009,.0149733,-.0016326,.4317578,-1.865812,-.092794,.6713971,1.650661,-4.87018,.2538601,.7283175,.107353,.1267328,.1206309,.2648579,.3343712,.0258605,.0428829,.2298219,.0990998,.0516478,-.0046321,.250617,-.1394868,-.0290575,.1216846,1.176719,.0756459,.0319144,.0532636,-.0360733,.0186187,.0476985,-.0215258,.0839026,.0895241,.4447991,-1.829917,7.55e-11,.1678785
.1138017,-.0527788,-.019302,.0084533,.0569061,.0038169,-.0042013,.171451,.013172,-.0301494,.1612106,-.4890794,.2239323,.0095919,.2525807,-.1236259,-.0078452,-.1106477,-.0275003,.0371836,-.0001687,-.0006094,.7139204,.9139048,-.9065593,-.3485222,1.184836,-3.008057,1.497279,-2.362983,.172065,.2153014,.2086413,.3429803,.3810873,.0242973,.0617492,.3082151,.1662416,.1049417,.0773916,.2904527,.005223,.0954467,.0693737,.6950664,.0677459,.0686852,.0467223,-.0432253,.0145704,.0410964,-.0317626,.0928743,.121083,.6017506,-1.592277,5.01e-10,.171083
-.0274863,.0528056,-.0655931,-.0666594,-.068595,-.0558392,-.1583396,.1004747,.0243435,-.0139895,.0306816,-.4425324,.0973105,.0313288,.1717589,-.0170747,.0084324,-.0285104,-.0205056,-.0147804,.002917,-.0014223,.4426121,-1.028456,-.4889928,-1.136872,1.759681,-5.175904,.9036953,-2.907146,.2297733,.2582746,.2195566,.370313,.4286384,.0490833,.0317138,.2770717,.08408,.0516627,.1380837,.3043763,-.1217689,.0321496,.1115844,1.044522,.0708289,.0636274,-.0538614,.0475333,.0012314,.0688262,-.0381889,.0435534,.1360262,.69628,-1.863676,3.36e-11,.1706774
.1370534,-.0432025,-.0428183,-.0395154,-.0281932,-.0845389,-.2336407,.2054465,-.0134859,-.0003305,.1639704,-.5109457,.1857707,.022014,.1826073,-.1133482,.0214976,-.152892,-.0197139,-.0106172,.0078926,-.0014778,.4134623,-.4680113,.4905127,-1.041219,1.224825,-3.795671,-.6983682,-1.352429,-.0087004,-.032546,-.0409751,.0582911,.0777521,.0572336,.1159039,.1788741,.1083667,.0313305,.0316356,.1384147,-.0729408,-.0428258,.1178401,1.107899,.0992486,-.022635,.0232632,-.0002989,-.0044502,.0096411,-.0550485,.098111,.1194798,.5902515,-1.624455,-6.80e-11,.1643697
.0774737,-.0818894,-.0619591,-.0531824,-.0199311,-.0714409,-.093198,.1159992,.0340731,-.0152001,.0560416,-.4341847,.2698268,.0239107,.2792104,-.0811522,.0089078,-.0963425,-.0219349,-.0266028,-.0049206,-.0006537,.4750868,-.9446321,.4004731,-1.265484,1.713447,-4.549981,-.5042374,-1.801477,.1186929,-.0172689,-.0559473,.0780242,.138667,.0828376,.0745282,.2117983,.1367666,.098372,.1360359,.2387263,-.2163364,-.0686567,.0969504,.8966639,.0786621,.1437679,.0517002,.0160892,.0144941,.0988892,.0031458,.0095016,.0881005,.4490354,-1.268789,-6.50e-12,.1676711
.0852042,.1144065,-.0193749,-.0003379,-.0213944,-.0164592,-.0309979,.1523176,.0149294,-.0098862,.1155961,-.4343432,.2113568,.0254545,.2674228,-.0598958,-.0046693,-.0912295,-.0151234,-.0246047,-.0039866,-.0007498,.2637204,-1.052662,.1158601,-1.551417,1.448587,-3.111737,-.0719355,-2.740854,.136065,.161917,.1198059,.1935857,.2324792,.0696577,.1706891,.3081431,.1316926,.0789879,.0302657,.2869059,-.1065025,.031508,.0623242,.5944749,.08709,.0395591,.1092274,-.0985292,-.0055931,.0395356,-.0439382,.0052741,.1002638,.5262307,-1.178155,-9.33e-11,.1708716
.0985652,-.0172421,-.0189477,-.0321649,-.000092,-.0360266,-.0332654,.1112781,.0392163,-.0338871,.0715317,-.3895141,.1725239,.0269339,.1843888,-.0775162,-.0114107,-.1088037,-.0151508,-.0218199,-.0118349,-.0002935,.2627339,-1.144748,-.1451298,-1.534707,1.598634,-4.34119,.3279933,-3.156754,.1779647,.1427676,.1004203,.2140578,.2043105,.082376,.0903561,.3130554,.1187383,.0620763,.0460069,.2852098,.1885657,-.0541033,.0875542,.8447369,.0887938,.0096449,.0053232,.0125603,-.0019422,.0452549,-.0155945,.041947,.0963176,.4665987,-1.288028,-6.15e-11,.1701241
.1146607,.014666,-.0310082,-.0718459,-.0527435,-.007193,-.141284,.1280862,.0306826,-.0219336,.0988512,-.4653571,.1836182,.0176742,.2405311,-.0659357,.0052097,-.1376427,-.0202511,.0106279,-.0040833,-.0008065,.435553,-.0587679,-.5860202,-.5956097,1.6236,-4.208302,1.076213,-2.231951,-.071184,-.1086913,-.1200621,-.0389735,.0498437,.0456435,.0897733,-.0102834,.1220037,.0416911,.0439608,-.0159339,.1314297,-.0113494,.101863,.9708872,.094094,.0368242,.0815852,-.0508724,.0243862,.0815521,.0128488,.0188173,.0918832,.4412534,-1.281761,5.55e-11,.1705069
.1546983,-.0250406,-.0041885,.0052154,-.0111244,.028968,-.0078495,.154039,.0359379,-.0257338,.1306097,-.4672453,.2999622,.1024571,.3648089,-.135665,-.0067874,-.1264518,-.0310138,-.0406599,.0008681,-.0008146,.7880095,-2.157787,-.2323098,-.2870258,1.153793,-3.08621,.4253057,-1.078919,.1697555,.2332308,.1868196,.3623891,.3872028,.0317345,.0376635,.3705699,.1011782,.0365368,-.0458887,.3604319,-.0713736,-.0325117,.1109133,1.05321,.0808351,.0639635,.0604999,-.0575135,.0166547,.0692343,-.0138975,.0356127,.1029044,.5124881,-1.74193,-1.81e-10,.1694071
.0502018,-.0114607,-.0323546,-.0250398,-.023667,-.132201,-.1381896,.1668786,.0067657,-.0106212,.0965544,-.4986794,.1795838,.0112425,.2150277,-.0827584,-.0034031,-.0885866,-.0205643,.0016041,-.0090261,-.0005965,.4302241,-.2722349,-.3990597,-1.218593,1.526906,-4.276349,.7221984,-2.929465,-.0578508,.0123196,.0150264,.1836689,.2410828,.0110575,.0161139,.10238,.1161168,.0434374,-.0024167,.0931044,-.122353,.0364056,.11209,1.050424,.0804403,.0532425,.0785996,-.0721088,-.0024711,.051378,-.0079218,-.0072376,.1227807,.6092932,-1.579132,-6.84e-11,.1642284
.1300138,.1876764,.0254105,.0047043,.0296681,.0311249,-.090137,.1485852,.0076368,-.0185968,.1631019,-.4391984,.0924585,.0376599,.0877133,-.0258195,-.0034073,-.1164759,-.0098754,.0187434,-.0065831,-.0004461,.1466478,.7261359,-.1939355,-.4599677,1.327522,-3.525577,.3837757,-1.471087,.015251,.1089464,.0407649,.1350212,.1966982,.0775276,.1183055,.2398979,.1096126,.0470625,-.0513186,.1484779,.2193473,.0052372,.153855,1.459662,.0777949,.0578533,-.0287427,.0627681,.0055377,.0433346,-.0083789,.0553692,.0837134,.4114257,-1.964362,-2.36e-10,.169847
.2892437,.3641382,.0574324,.0995809,.0757137,.0752351,-.0574125,.1668527,.0044743,-.021602,.1771196,0,.1210007,.0403549,.1939544,-.0563545,.0201666,-.0262848,-.001919,-.0118195,.0074977,-.0014786,-.0184392,-.3216411,-.3947465,-.2258465,1.657324,-4.129382,.7549664,-1.383832,-.0825499,.038022,.0025789,.1637672,.2505985,.0579776,.0564623,.0239454,.0655397,.0475297,-.0148869,.0987616,-.0139454,.0372189,.087631,.8509786,.0617179,.1040496,-.0892944,.0756893,-.025393,.0233312,-.1004348,.1293447,.1265841,.6472295,-1.571943,-3.11e-11,.1653986
.2113901,.1953819,.0506558,.010543,.0249235,.0632279,-.1040963,.1795175,-.0107814,-.0154519,.1752807,0,.0872957,.0276101,.2069492,-.0974577,.0192836,-.1290219,-.0234457,.0043719,.0057297,-.0013532,.599312,-.5373145,-.3594223,.1640522,1.161435,-3.651824,.6453528,-.6638022,.0903232,.1993931,.1662432,.2747203,.3188668,.0797945,.1181642,.2847219,.0974655,.0578295,.0236519,.254061,-.1348965,.0764661,.1033569,.985785,.0800474,.0713303,.0720242,-.0347808,.0042606,.0402396,-.0367696,.0849023,.1324695,.6513922,-1.908912,1.12e-10,.1702958
.0239483,.0699953,-.0484288,-.0614406,-.0435455,.0069159,-.2237312,.0948222,.0363053,-.0130298,.0521214,-.4215749,.0983111,.0086762,.1416361,-.0598705,.0050702,-.0945519,-.0064628,-.0532461,.0090363,-.0014893,.1006963,-1.80395,.2643715,-1.517428,.8782341,-1.966118,-.3261445,-2.457523,.1504665,.1395105,.1277295,.2714231,.3495097,.0259123,-.0070516,.2567072,.0874614,.0374474,-.0653367,.2132024,-.032701,-.0509859,.1267019,1.18352,.0861749,.0705978,.0195227,.0297596,.0333373,.0625109,-.0102524,.0720903,.1003928,.5018842,-1.703622,5.35e-11,.1746255
.0691427,.085078,-.025853,-.0298075,-.0562746,.3298092,-.2177851,.1571127,.0185954,-.0047957,.1203532,-.4392596,.2950931,.0246089,.2383536,-.0809085,.0151493,-.0821625,-.0144858,.0002127,.0052681,-.0011601,.3110032,-.0599214,.1743754,-1.103151,1.297521,-3.723797,-.192553,-1.947762,.1354797,.1328193,.0584016,.1949811,.2107734,.0903747,.1293152,.2923699,.1156769,.0866166,.0328583,.1987721,-.1192767,-.0144662,.0925713,.8721681,.0619491,.1089096,-.0798621,.0787097,.0062098,.0188287,-.0424042,.088977,.1370118,.7007825,-1.617141,-2.94e-10,.1733548
.086953,-.0737194,-.0798536,-.0851239,-.0822431,-.0280178,-.1955675,.1392249,.0261992,-.0072678,.0874248,0,.0253779,.035848,.0883101,-.0772026,.0020528,-.1739175,-.0221565,-.035845,-.0051682,-.0007474,.4594693,-1.656513,.4852318,-.9456278,1.545468,-4.666012,-.6453527,-1.157874,.0597379,.0901643,.1237016,.2644824,.3346346,.0204175,.0373857,.1721397,.1471136,.0987304,.1011579,.1718057,-.0446384,.1195849,.093319,.8923004,.0800579,.0383336,.0035918,.0026324,-.0026065,.0766191,-.0112972,.0602711,.0939371,.4654099,-1.385449,-7.04e-11,.1678177
.0978184,.3492915,.07314,.0675094,.1046587,.1788379,.0267888,.121845,.0069436,-.0345915,.1459738,0,.6819179,.2023805,.7131194,-.0584469,-.002186,-.0944816,-.0228429,-.0024257,-.0056324,-.0007099,.4587034,-.1549541,.0974892,-.0166174,1.2032,-3.381537,-.0779609,-.2228373,.183827,.1291587,.1197842,.2201657,.2946357,.0271829,.0680311,.2924596,.0908844,.0323626,-.0484217,.3373834,-.0695251,-.0728067,.1126624,1.068143,.1071294,.0427328,.015803,.0333242,.001928,.0443709,-.0138448,.0327835,.113001,.5858011,-1.818199,4.88e-12,.1705809
.1276729,.0368344,-.0090775,-.0170007,-.0102219,-.0119301,-.2629725,.1635722,.0063813,-.0042265,.1455069,-.5030065,.0782458,.0699427,.1297142,-.0939886,.0133349,-.1201022,-.0204034,-.0200153,-.0150365,-.000318,.3526558,-1.089317,-.3764475,-.425026,1.548523,-4.376534,.6791357,-1.706806,.0078133,.0395128,.0262421,.1428303,.2081209,.056297,.0375995,.202013,.0796969,.0322015,-.0145204,.113917,-.0367519,.0043373,.1486991,1.413282,.0823854,.0161642,.1202243,-.1143856,-.0249519,.0861753,-.0021646,-.0443214,.1246185,.6279477,-1.998065,1.60e-10,.1691982
.2095574,.1187042,.0105459,-.00083,.0667508,.0295784,-.0983204,.2246809,-.0086483,.0004571,.2082295,0,.0311726,.05341,.1796858,-.0877066,.0023078,-.128924,-.0213459,.0307645,-.0033345,-.0008979,.4123775,.9734149,-.7023756,-.7949439,1.514152,-3.75385,1.23663,-2.825509,.0173909,.0802208,.0648514,.1993261,.2681507,.0543185,.1051394,.1551106,.127397,.0770998,-.046709,.1483108,-.0411512,.0976468,.0953792,.8932896,.0791785,.0617472,.0998783,-.0947525,.0384691,.0360869,.0090077,.0664018,.1161082,.575642,-1.648612,6.85e-11,.1684173
.0267991,.1443949,.0131284,-.0137718,.0041631,.1413019,-.0981712,.1490103,.0069982,-.0142579,.1336552,0,.0903687,.0460659,.1861615,-.1094484,-.0034607,-.1131519,-.0245029,-.0011553,.0001121,-.0008926,.5718462,0,-.2353429,-.9517903,1.734521,-5.780707,.4392189,-2.369184,.0258085,.0385616,.0069147,.149034,.1463006,.0805632,.1008107,.114525,.1401963,.0950345,.1195507,.1815851,.0837188,.0129246,.1530942,1.420767,.0695296,.0356392,.0433405,-.0360567,-.0228531,.0262973,-.0630227,.0634041,.1379339,.6973605,-2.136065,4.11e-11,.1645883
.0110496,-.0273558,-.0138794,-.034751,-.0215086,.0808853,-.079813,.1238089,.0190021,-.0219423,.0629775,-.4247354,.1511935,-.006142,.1773023,-.0176329,-.000864,-.0382262,-.0181404,-.0438064,.0017694,-.0011093,.3457169,-1.764488,-.2093542,-.266838,1.256186,-3.340706,.3680716,-.9981638,.0663201,.1375531,.1171297,.2820183,.4110782,-.0063632,-.0541705,.2489832,.0914696,.0367011,.100507,.2581862,-.186272,-.0152429,.0977677,.9217608,.0526805,.0430003,.0030976,-.0063878,.0109037,.0565487,-.0164053,.0799621,.110705,.5499505,-1.488665,-2.90e-11,.1673091
.0958531,.0215916,.0100052,-.0106,.0227684,.0904461,-.0951448,.1644582,-.0074755,-.0183817,.1339094,-.4209335,.1544428,.0113664,.1945395,-.0583384,.0118261,-.1044198,-.0159287,.0191328,.0070197,-.0009492,.3309805,.390417,-.996089,-1.927957,1.578227,-4.750528,1.666153,-5.207191,.1542454,.2787882,.1852167,.2843899,.3214926,.0825914,.1190995,.2855659,.0883622,.0625477,.0364734,.3406611,-.0400505,.0699081,.1354275,1.275804,.089386,.0032767,.007677,-.020287,.0227106,.0464595,-.0128999,.1053578,.0980941,.4738293,-1.950407,-9.49e-12,.1714536
.1524463,.1139496,.0079615,.0320341,.0041203,-.0309101,-.0671202,.1952039,.0173729,-.0090206,.1630811,0,.1108122,-.0255449,.1740722,-.1408281,-.0053962,-.1281083,-.0054575,.0007142,.0031744,-.0014091,.0576273,-.0707598,-.1731198,-.3233486,.8736292,-1.26778,.319563,-.9926615,-.2185925,-.2453981,-.2383172,-.0715936,-.0818734,.0877807,.1112838,-.1286459,.1406337,.0795226,-.0268347,-.1017959,-.1987634,.0685396,.0813126,.7512244,.0803905,-.0065788,-.0511831,.084817,.012811,.0110758,-.0376969,.0918665,.1181144,.5858128,-1.18826,-4.54e-10,.1669179
.1629834,.0397465,-.0139894,-.0477693,-.0194364,-.0791513,-.1603334,.1870737,-.0046364,.0065355,.1432961,0,.1397442,.0266211,.1735756,-.115562,.0075058,-.1023038,-.0269886,-.0214623,-.0020084,-.0006223,.6104802,-1.389525,-.3552358,-.0939337,1.293331,-3.512201,.6399197,-1.058625,-.0539394,-.0172455,-.0379564,.0859425,.0853253,.0894269,.1311661,.1301147,.139819,.0603467,.1097383,.1184237,-.0265513,.0669438,.1304797,1.225126,.0681162,.0052167,.0467362,-.0560755,.0108056,.0582759,-.0389854,.0457716,.09894,.5125078,-1.782351,4.75e-11,.1691584
.1262277,.2562659,.0352894,.0359676,.1037595,-.042496,-.0101106,.1952309,-.0389097,-.0272431,.1944731,-.4121091,.0560777,.0539673,.1545462,-.1095818,.0201325,-.084591,-.0171862,-.0150227,-.0043686,-.0004891,.3493982,-.8023424,-.5115176,-1.270431,1.287909,-3.141242,.859988,-3.198695,.076417,.1803003,.1173761,.201862,.2279044,.1076118,.1885208,.2790627,.0955258,.0543413,.0032722,.2213706,-.0715756,.0667234,.1461751,1.389677,.0826283,.0402994,-.0055524,.0179835,.005182,.069821,-.0072825,.0293739,.1144921,.5727264,-2.119591,6.30e-11,.165522
.0886245,-.0391637,-.0105479,-.0047048,.0106201,-.0880108,-.0655269,.1907032,.0047977,-.0211641,.1478967,-.5171545,.0557183,.0028167,.1658117,-.132594,.007707,-.1838502,-.0235983,.0042175,-.0103787,-.0004503,.5216975,-.1984672,-.5579351,-.495859,.7610524,-1.669008,.9016219,-1.991264,.0901757,.0911249,.0638089,.1979395,.2349677,.0425528,.0440749,.2211632,.0863328,.0351299,.0699439,.1956435,-.0990569,-.0111965,.1333203,1.246824,.1046795,-.0358582,-.0526234,.0827086,.0025196,.0503724,.0028904,.0442069,.1142299,.5796798,-1.826084,9.28e-12,.1733664
.1248112,.1332453,-.0136023,-.0171422,-.0272373,.006995,-.0850571,.1222107,.006609,-.0132961,.0948421,-.4167752,.0751745,.0588502,.1681007,-.0652428,.0208994,-.032861,-.0218919,-.0587222,.0016761,-.0008374,.4970978,0,.1269004,-.408816,1.647786,-4.905678,-.1018813,-.776611,-.0369394,-.1565839,-.1583233,-.0106992,.0255486,.0501773,.0969256,.1082479,.1517829,.0795424,-.0027646,.1147602,.0795436,-.0839055,.093664,.9105711,.057156,.1348463,.0164986,-.0154548,-.0035636,.0476558,-.0371739,.0361043,.1297498,.6579632,-1.410523,1.47e-10,.1682579
.2376452,.0455226,-.0063669,.0085742,-.0197296,-.1317689,-.0830769,.1429224,.0052427,-.0180082,.1108243,-.4694053,.1364453,.0163483,.2123443,-.053912,.0157978,-.0575904,-.0152946,-.0098098,.0139803,-.002065,.3993127,-.4110795,-.4489889,-.8840569,1.171257,-2.854989,.7835454,-2.545505,.173154,.1861333,.1834594,.3044029,.321071,.0379958,.0914089,.3790505,.1324518,.0517083,.0367374,.3663041,-.1028025,-.0375959,.0973174,.9437246,.0938624,.0089489,.0027777,.0474155,.0158935,.0349785,-.0687299,.0507165,.1066578,.5542412,-1.673929,2.79e-10,.1672329
.1148612,.0469041,-.0189618,.0080156,.0178031,-.0120512,-.1417017,.1643972,.0318217,-.00292,.1365046,-.4841078,.082655,-.0115858,.1719374,-.0994445,-.0104112,-.1202506,-.0193724,-.0482061,.0000264,-.0009018,.4491952,0,-.0560492,-.5633315,1.503012,-3.691442,.1824819,-1.400127,-.0739026,-.0587418,-.0872235,.0321124,.1042737,.0358853,.0450604,.1159066,.1213421,.0421998,.0445839,.1198543,.1166583,-.0552671,.1127345,1.041785,.0758573,.0313835,-.015211,.0176579,-.0016966,.0605723,-.0295994,.0057356,.085527,.4162789,-1.367224,2.43e-10,.1707321
.1152739,-.1178793,.0041726,.0033564,.0269183,.1223026,-.1584168,.1806435,-.0252407,-.0221825,.1600476,-.5081823,.1200436,.0579162,.1738437,-.0690841,.0357187,-.0866153,-.0263044,.0027256,.0006005,-.0009136,.5859266,-.192188,.2208131,-.8340608,1.229358,-2.994403,-.2630167,-1.474166,.2560081,.2398215,.2425331,.3916949,.4504705,.0253842,.0197788,.3938418,.1186765,.0469525,.0878284,.382232,-.1765568,.0203442,.1064237,1.01612,.0804588,.026966,.0243669,-.0087342,.0088988,.0630271,-.0181856,.0226328,.1089123,.563592,-1.842278,3.16e-11,.1719173
.0984527,.1691234,-.0160765,.0010271,.0157241,.018922,.0187462,.133595,.0127923,-.0300335,.0982129,-.4435914,.0418881,.0788453,.2471476,-.0350136,.0131604,-.0967034,-.0300474,.0116648,-.0075266,-.0005971,.638459,.128395,-.7802306,-.0667961,1.28724,-3.388058,1.337772,-1.61632,.1184075,.1261395,.065899,.1801367,.2380913,.0445338,.073016,.2205224,.1107049,.0598816,-.0001681,.2202483,-.0596855,-.0312886,.0984682,.9368481,.0855297,.0635162,.0439423,-.0265892,-.0110923,.0387036,-.0350845,.02745,.1168544,.5899827,-1.558909,1.25e-10,.1727709
.1115279,.0718315,.0041774,.0245492,.0495009,.0729039,-.0938051,.2000038,-.0053563,-.017611,.1422094,-.4682513,.294685,.1273905,.4585576,-.1074354,.0054085,-.027896,-.0128123,.0025914,-.0110007,-.0007472,.1610603,.0269958,-.3564195,-1.09735,1.300065,-3.09962,.6418833,-2.797427,-.0241079,.0075431,.0297246,.1588083,.2049779,.0455052,.0448849,.1025077,.113893,.040152,.0371741,.0590365,-.0090257,.0727331,.0817762,.7770514,.0532155,.0516382,-.0621537,.0678699,.0110405,.0831983,.0102131,.0210242,.118742,.6336581,-1.417744,6.21e-11,.1729397
.1517556,.167215,.0161524,.0227746,.0333577,-.0004691,-.1043982,.2138828,-.002881,-.019366,.2053425,-.4776096,.0299399,.0698557,.175687,-.0924097,.0128408,-.163799,-.0208331,.0107416,-.0023621,-.0008433,.4219139,.0656431,.6453718,-1.251653,1.312684,-3.758539,-.9652237,-1.401717,.1715808,.1835095,.1703794,.2677583,.2984332,.0813037,.1464735,.3377204,.1228094,.0719373,-.0066129,.3523735,-.2335511,.0325357,.1118807,1.049589,.0785666,-.0089849,-.0507703,.0707193,.0049076,.0357247,-.0363608,.0894594,.0927891,.4492294,-1.701099,-3.58e-10,.171166
.1996964,.0460483,.015965,.0383397,.0045258,.1018459,.0413181,.1370004,.0278241,-.0268403,.1087114,-.4008235,.134325,.0180459,.1981488,-.0705582,-.0188756,-.0708991,-.0058506,.0032964,-.0040759,-.0008024,.0101039,.3377712,-.7378375,-.9969338,.8754635,-1.790604,1.233149,-3.083333,.1243539,.149862,.1315997,.2545321,.307408,.0493977,.0472461,.3128222,.107745,.0359348,.0563761,.2678706,.1990593,-.0262739,.0707923,.6904333,.0910762,.1148441,.139064,-.1274542,.039301,.0359884,-.0212518,.0743921,.1015492,.5164811,-1.289142,-8.08e-11,.1691581
.1958575,.0903054,.0125278,.0340347,.0447628,.0483801,-.0989175,.1439749,-.0057038,-.0251847,.1095018,0,.0696361,.0546809,.2042529,-.0918895,.0211349,-.1160267,-.022256,-.0206801,-.004586,-.000861,.5305305,-1.107106,-.674296,-.7128336,1.992747,-6.184061,1.185898,-2.620841,.1217698,.209064,.1536151,.2394534,.2822142,.0605852,.1000028,.2364828,.1044574,.0514823,.1662041,.2247703,-.1447256,.0396953,.0877711,.8239113,.0766933,.0583805,.0790646,-.079699,.0105809,.0555458,-.0061385,.0911169,.1106312,.5599264,-1.551925,-1.46e-11,.1738971
.1936118,.2205133,-.0032817,-.0300668,-.0315501,-.0283266,-.1547467,.1233846,.0269254,-.0055616,.1246349,0,.1186375,.0421537,.2281614,-.068296,-.0003461,-.0889932,-.0181675,.0027091,-.0031813,-.0009348,.3382281,-.1315506,-.7014115,.2620876,1.501389,-4.32481,1.210177,-1.047796,.0369675,.0789362,.0491182,.2129929,.2516598,.0422059,.0543665,.1797216,.0675683,.0146203,.0198957,.1936193,-.057687,-.0309117,.1281296,1.212549,.0834656,.0936864,.0218563,-.0118266,-.0159243,.0678689,-.0341348,-.0396562,.0995583,.4909365,-1.73152,4.91e-10,.1647218
.2090112,.0733138,.0699837,.0651891,.0772696,.0573831,.0450613,.1494233,.0189886,-.0422338,.1518103,0,.0099649,.0517069,.1400981,-.0979157,.0141909,-.1006566,-.0194953,.0113373,-.0003466,-.001273,.3721451,-.1492235,.0026721,-1.160353,1.922032,-5.209828,.1459835,-2.279727,.0868184,.0584541,.0581965,.1860689,.2582557,.0511579,.0669432,.2395084,.1143458,.0527891,.0086456,.2154249,.0301834,-.0305461,.0828976,.8147861,.0819486,.0711658,.06091,-.0535807,-.0157524,.045729,-.041979,.0593466,.1066898,.5397564,-1.427772,4.24e-12,.1674116
.0805911,.1029168,.0065755,.0316224,.0567572,-.0824976,-.0154976,.1759019,-.0018814,-.0222137,.1223185,-.4670039,.1433598,.0306707,.2882075,-.1174123,.0176572,-.0468504,-.0312774,.0004413,-.006605,-.0005438,.7603434,-.6184083,-.6872053,-.4701888,1.953231,-5.967141,1.211393,-2.216635,.013408,.0510045,.0678565,.1627491,.2464855,.0297488,.077259,.1888498,.0834492,.0194759,.050896,.1476331,.1475239,.0273393,.1098965,1.047747,.0717476,.0528791,.0533825,-.0291531,.0040947,.0006517,-.0623473,.0392386,.117175,.5885318,-1.66952,2.22e-10,.1689662
.1444703,.2923171,.0344511,.0723651,.0508808,-.0010425,-.0792938,.1568178,.006805,-.0162794,.1545133,-.4061699,.1890789,.047133,.3094235,-.0866393,.0201755,-.0670512,-.0137514,-.0267514,-.004239,-.0006649,.2447989,-1.155673,.6446331,-.0697536,1.319639,-4.247682,-.9122862,.4971485,.0420635,.0729987,.0954105,.22423,.2247227,.0606891,.0988703,.1754464,.1588733,.0896533,.0443377,.1557984,.070603,.0945595,.1076011,1.023931,.060743,.0897487,.0767631,-.1005327,.0117689,.0509988,-.0221462,.0191441,.1039994,.5235404,-1.711548,-1.90e-10,.1689875
.0759307,.0527839,-.022465,-.0392935,-.0024518,.0650201,-.0895172,.1485839,.0011315,-.018812,.0876424,-.4394116,.462887,.1252315,.5510293,-.0655896,.0018669,-.1015847,-.0263538,.0093809,-.0142016,-.000468,.5058677,.056362,.1916155,-1.735459,1.249883,-3.65075,-.2340189,-2.862818,-.0355317,-.0493986,-.0276354,.119539,.1419149,.0346915,.0494015,.0187654,.1107351,.0408177,.0845008,.0055087,-.0660126,.0680904,.0828804,.8012996,.0932657,.0857734,.0784806,-.0574909,.0208781,.0481403,.0078905,.0130037,.1323022,.6624491,-1.271099,-9.35e-12,.1657677
.1534895,.171174,.0579265,.0644484,.0523711,-.0155686,-.1163269,.2492554,-.0073175,.0042684,.2287892,0,.1107125,.0116197,.1268176,-.1418719,.0124727,-.1329793,-.0275867,-.0190213,.0042062,-.0014858,.581508,-1.189833,-.5817801,-.0771803,1.032415,-2.641029,.9969909,-1.448323,.0198605,-.0322858,-.0000937,.1750793,.2093598,.0257431,.0465065,.1757954,.0994481,.0542462,-.0476488,.1973109,-.163926,-.0389229,.077509,.7368342,.0956601,.0446004,-.009697,.0443095,.0079361,.0314411,.0087399,.0446292,.0976191,.4813307,-1.324011,-1.79e-10,.1712656
.1492461,-.2021494,-.0320515,-.0771951,-.0519568,-.0857568,-.203165,.145525,.0172743,-.003586,.0659594,0,.0516312,.0792839,.2564642,-.0302384,.0225965,-.0513261,-.028683,-.0048305,.0007724,-.0011854,.6301193,-.7267066,-.1257313,-1.516007,1.525407,-4.183517,.3011963,-3.041708,.0831453,.2204626,.183018,.283921,.3437948,.0385067,.0868059,.2606526,.0744193,.049752,.0964967,.2240174,-.1644152,.0887228,.0760042,.7450824,.1090996,-.0036061,-.0002775,.0226835,.0046318,.0361957,-.0488852,.0795689,.084587,.408593,-1.21806,-1.59e-10,.1684098
.1085928,.2695319,.0088149,.0261133,-.0126223,-.1381502,-.0741549,.1904123,.0135672,.008157,.2037182,-.5614483,.1364063,-.0033363,.1300787,-.0586617,.0032271,-.1222201,-.0265771,-.0065733,.0003888,-.0010453,.562153,-.4813718,-.0744641,.4488687,1.109804,-3.013622,.1779088,.3378934,.075772,.0456199,.1272247,.3127608,.3933461,.0116217,-.0073456,.2323521,.1301829,.0762654,.0203564,.2991907,-.1755154,-.0125194,.0676149,.6497443,.0550077,.144999,.0395477,-.0086069,.0118503,.040793,-.0238553,.0499008,.0933874,.4629222,-1.32891,-7.57e-11,.1703699
.2150073,.0950043,-.003558,-.0256951,.0174683,.058852,-.1885174,.1461895,.0096511,-.0027708,.1500932,-.4364915,.1930368,.0180299,.1815103,-.0438989,.0119315,-.0787541,-.0100345,-.0146238,-.000667,-.0008687,.1613427,-.6005132,.5985332,-1.575105,1.545592,-3.66461,-.8395859,-2.064281,.0237775,.1295272,.0967433,.2333127,.277346,.0427766,.1044844,.1604861,.0985338,.0506578,-.0219821,.1476467,.0557912,.0680573,.11522,1.108812,.0786599,.0629123,.1063134,-.1099297,-.0113284,.0594919,-.0475408,.0122478,.117111,.6154248,-1.716408,-3.79e-10,.1663046
.1509084,.0606489,.0300718,.1091762,.1104759,.2101359,-.0038466,.1469541,.0035677,-.0351904,.0926426,0,.0170183,.0439192,.1259864,-.0930649,.0181107,-.0172213,-.0368474,-.0336976,.0027293,-.0013498,.8086405,-1.892291,-.0153246,.3093974,1.450461,-4.474737,.1134485,.1592106,.0960689,.1396253,.0478555,.2379727,.2447233,.0214298,.0193991,.2655976,.1267708,.0639275,-.0125185,.266206,-.1717821,-.0295791,.1111489,1.050728,.0741281,.1029771,.0598067,-.0064465,.0068077,.0469648,-.0248017,.0496411,.0991215,.4946663,-1.652126,7.41e-11,.1727544
.1800175,.0208728,.0071041,-.0040189,.0044047,.2402183,-.1326787,.1791594,-.0008793,.0053157,.2077497,-.4894407,.1055486,.0224068,.0692637,-.0550788,.0022656,-.1439195,-.0138838,-.0203295,-.0034336,-.0007883,.2257126,-.8476247,-.4268959,-1.273814,1.626254,-4.381859,.7941634,-3.211595,.1703365,.2816906,.2017676,.3170874,.3798872,.0587041,.1149831,.3516361,.1161128,.0796468,.0232076,.2537045,-.1589401,.051314,.1281721,1.195858,.0659648,.0866245,.1463801,-.1537604,-.0089468,.0483697,-.0245075,.0240586,.1090763,.5535896,-1.955529,1.50e-10,.1711679
.1363017,.0255539,-.0182659,-.035919,-.0215551,-.0431648,-.100701,.2086551,.0216996,-.0036539,.1218723,-.4676269,.0552283,.000996,.1375485,-.1123457,.0035258,-.0944696,-.0184486,.0302574,-.0075856,-.0005217,.3982492,.8863816,.2252717,-.3418041,1.271086,-2.760734,-.2701532,-.502093,.0569369,.0666818,.0539212,.1999885,.2924544,.0267352,-.0001023,.2082423,.0944097,.0357541,-.0082742,.1748528,-.0296028,-.0471834,.0872118,.8223156,.0991715,.0186048,-.0266162,.0423754,.0133734,.0710847,-.0077866,-.0019968,.0768178,.373771,-1.237896,-2.81e-10,.1701067
.1375988,.0654226,.0353304,.0095349,.0898709,.1721072,-.0171048,.183292,.0156577,-.0167527,.1965138,0,-.0922201,.0583451,.0655587,-.1108872,-.0040183,-.0919686,-.0226932,.0321011,-.0037531,-.0007034,.4947935,.8409605,-.2281072,-.2735069,1.515104,-3.995245,.4998505,-1.206934,.0666693,.1676695,.0801433,.2938149,.3355763,.0379959,.0081887,.1420227,.1225646,.0762151,-.0137213,.1985295,.0258625,.0366254,.1052848,1.014186,.0865178,.0417238,.1349197,-.1010164,.0177247,.0503839,-.0467861,.0600297,.1200453,.6246622,-1.818737,8.23e-12,.1693365
.152331,-.0144772,-.011131,-.0160465,-.0230454,.0746304,-.1144971,.1393688,.0069953,-.0081514,.1499457,-.4816198,.1517091,.0360922,.2610314,-.0530952,.0121108,-.0498912,-.0084299,-.0096861,.0037023,-.0012306,.1829423,.0269286,-.3796197,1.073703,1.295435,-3.420411,.6525217,.9095646,.1144392,.127754,.0649576,.2149384,.264245,.057601,.062993,.2018539,.1005699,.0742383,-.0773479,.2359837,-.1025198,-.070871,.0993917,.9467715,.0568791,.0353626,-.036842,.0891407,.002745,.0493118,-.0332161,.0171755,.1085056,.5698583,-1.646535,-4.08e-11,.1699014
.0996319,.1312809,.0510188,.0408409,.0794228,.1935856,.0593023,.1556661,.0014705,-.0352438,.1394292,0,.0880699,.0295685,.1881619,-.1332425,.0001863,-.096063,-.0232044,-.0193977,-.0014818,-.0008477,.5632952,-1.383168,-.5772432,-.785475,1.588021,-4.426426,1.015005,-2.3711,.1527714,.220439,.1627653,.2761329,.3249955,.0222833,.0693244,.3106851,.0910901,.0317623,-.008633,.2737565,-.0746181,-.0295818,.1639266,1.519655,.0811614,.0365064,-.0121807,.0663366,.0276178,.0470679,-.0228159,.0471313,.1147615,.5813159,-2.24729,3.96e-10,.1695236
.1166612,.0489038,.0176063,.010062,.0615686,-.0036017,-.074588,.1768507,-.0015,-.0183337,.150391,0,.1046637,-.0157012,.2317026,-.0637779,.0200508,-.1020992,-.0119234,-.0394955,-.0027687,-.001036,.2245678,-1.582887,-1.534886,-.118904,1.603706,-4.1028,2.552764,-3.007451,.0637212,.1369843,.167454,.221509,.2820863,.0101235,.0797435,.167822,.1111767,.0298916,.1283339,.1100797,.0465558,.0933043,.0961529,.9424526,.0718673,.0840707,.1124268,-.1198848,.0034058,.0593667,-.0263741,.0650945,.1320049,.6581904,-1.764212,1.40e-10,.1693374
.1507864,.078701,-.0084032,.0021171,.0071724,.0456218,-.0912755,.1634075,-.0113146,-.0173976,.0920912,-.3939568,.1156358,.0613657,.1385139,-.0185857,.0269303,.019917,-.0076977,-.0389804,-.002936,-.0005405,.0984221,-1.347367,.7186444,-1.726825,1.312043,-3.480555,-1.002344,-2.266421,.0186698,.0300737,.0259683,.1805576,.2216163,-.0020468,.0603319,.1508401,.0891137,.0780796,.0211805,.1485118,.0027144,-.0103532,.0920742,.8615044,.0873525,.0644389,-.0064434,.0020091,.0408129,.0533465,.0191747,.0302114,.1112905,.5712025,-1.408358,3.68e-11,.1678829
-.0305654,.2019109,.0035036,.0233088,.0232894,-.0222838,-.0608461,.1354142,-.0021929,-.0340767,.1168846,-.4314997,-.0265231,.0559111,.118972,-.1390008,.0103844,-.0948651,-.0171495,.0149454,-.0070069,-.000574,.3247553,.6419256,.3622182,-.2350914,1.215893,-3.460826,-.5060405,-.1820547,.1269441,.073615,-.0121245,.1040479,.1399879,.0846781,.1079322,.2460172,.09603,.0250666,.0369047,.2829137,-.1682475,-.1093062,.08685,.835063,.0895799,-.0145706,-.0783081,.0873619,.0144704,.0644818,-.0275436,.0622601,.1358794,.6795791,-1.483292,5.34e-10,.168317
.1536767,.2869039,.0677395,.0780524,.083327,.3383955,-.0012066,.1337065,.0264032,-.0158869,.150659,0,.1485129,-.0058841,.1694565,-.0605956,-.0069787,-.0919752,-.0115736,-.0418259,.0049399,-.0016956,.1840784,-1.567052,.2706466,-.0855766,1.412026,-3.175549,-.3104183,-.0403504,.1296406,.2150285,.1819331,.3057986,.3098261,.053436,.1023844,.2129766,.1022549,.03072,-.008728,.2581055,-.0805986,.0565211,.1150358,1.072196,.0917115,.026191,.031123,-.0231952,.0143234,.0489845,-.0282094,.0397541,.0988351,.4895407,-1.800101,2.72e-10,.1709638
.124068,.3519528,-.0454291,-.0313634,-.0249452,.2489652,-.1869013,.1741819,.0222033,-.0063211,.0703116,-.4544339,.1625751,-.0006572,.2125454,-.059492,-.0003726,-.0369823,-.0170268,-.0517337,.002653,-.000949,.3972917,-1.984258,-.6513298,-1.273636,1.179965,-3.341088,1.108369,-3.50142,.0845527,.1216026,.092972,.2089788,.2756199,.0851282,.1041028,.2101796,.1178531,.0704968,.1298609,.2218924,-.2036713,.0729144,.1157631,1.094867,.0751835,.0930563,.0398826,-.0049132,.0100397,.0468716,-.0137024,.0409519,.1214073,.6214852,-1.777183,2.58e-11,.1701789
.2879978,.1714877,.0320326,.0364972,.079039,.1645345,.02303,.184213,.0030812,-.0250366,.2305741,-.4900568,.0961022,-.0095656,.097835,-.0726502,.0189004,-.1442592,-.0131761,.016678,.0075974,-.0013549,.3036256,.5370864,-.2263056,-.8167078,1.044191,-2.783414,.428167,-1.975288,.068359,.0892988,.0349462,.1850536,.2172251,.0671515,.064938,.1857412,.0889087,.0471075,.1127772,.1953298,.0195531,-.02411,.1105519,1.054219,.1027171,.0820913,.0588386,-.0596899,.0013861,.0220478,-.0501121,.1133677,.0906022,.4309085,-1.58312,2.04e-10,.1701462
.1717897,.1847911,-.02573,-.0194207,-.0273946,.0380612,-.1007684,.2150755,.0087109,-.0003098,.1848061,-.5367767,.1203859,.0255988,.1415558,-.1312371,.0096844,-.140465,-.0212681,-.0373748,-.0019648,-.0007365,.4178061,-1.733739,.2070173,-.7897881,.831031,-2.081942,-.2265703,-1.166126,.1062279,.1862573,.1797244,.3495648,.4458891,.0162232,.0095713,.2413661,.1086462,.0378688,.0216608,.1897877,-.0637868,.0759194,.0853196,.8255367,.082482,.1136758,.0187894,.028789,.0198871,.0363022,-.0182422,.002782,.1026016,.499762,-1.497972,-8.21e-11,.1672621
.0832214,.0443333,.0093218,-.0162733,.07015,-.0201298,-.056233,.0914273,.0039074,-.0413972,.0606719,-.3451997,.0854659,.0394831,.1846287,.0122845,.0189942,-.0368046,-.0245067,-.0209753,-.0134247,-.0003027,.5099927,-.7957715,-.5824668,-.7299035,1.766503,-5.496807,.9950439,-2.366194,.2046213,.1600308,.1221015,.2166472,.2429324,.0867656,.1784398,.3445969,.0819868,.0374717,.0459091,.288597,-.2790931,-.0093873,.1236691,1.146784,.0693633,.0902956,-.0002412,-.0138856,-.0461405,.0461208,-.0511364,.0157259,.1384886,.6975759,-1.850474,-3.04e-10,.1698205
.161836,.1094106,-.0218636,-.0384224,-.0281531,-.1935599,-.156393,.1606433,-.0036593,-.0134416,.0909167,-.4509704,.0320658,.0697575,.078427,-.0216581,.0272771,-.0582071,-.0172666,-.0109594,-.004771,-.0007917,.3574167,-.8745427,-.295871,-.2659283,1.530105,-4.527379,.5676926,-1.200831,-.05839,.0123293,-.0549524,.0831985,.0606056,.0798577,.1164713,.1210635,.0657573,.0237035,-.0140373,.1444708,.064351,-.0443593,.1219673,1.159847,.0790565,.0217191,.0238551,-.0297169,.0053159,.0447235,-.0223131,.0756481,.1286613,.638916,-1.730879,6.97e-11,.1660254
.1447615,.0641209,.0447746,.0403125,.0546504,.0163892,-.1178753,.1439999,.0100771,-.027414,.1662396,-.4566343,.1354475,.012318,.1269994,-.0604231,.0218075,-.1382457,-.0198911,.0015903,.0087174,-.0016819,.4748354,-.3771405,-.7692339,-.661426,1.067421,-2.008125,1.310106,-2.621948,.0311644,.0889481,.0982624,.1888196,.2310519,.0521077,.1306296,.1916573,.13566,.0616373,.0041252,.1676896,-.1102625,.0328323,.0812146,.7952259,.114258,-.0341061,.0058484,.017185,-.0077667,.0782172,-.0362269,.0857411,.0915129,.4298526,-1.377312,-5.63e-11,.1683392
.1885829,.1740806,-.0048073,.0107963,-.0275883,.0118065,-.1406838,.1951422,-.0173375,-.0073221,.1993151,-.5586433,.0565079,.0472464,.0475439,-.1270471,.0238526,-.1643045,-.0323851,.0099564,-.0121089,-.0004103,.6973028,-.2292228,.4912138,-.5354831,1.580994,-3.932614,-.6662893,-.3870214,-.0215972,.0959003,.0638027,.2403527,.2832009,.0323465,.0336857,.1786408,.1319888,.0716852,.0846037,.1413412,-.0664499,.0879548,.0707773,.674242,.0956534,.0020031,.0556483,-.0246671,.0097651,.0443011,-.0469083,.1180386,.1077134,.5294647,-1.307179,7.57e-11,.167225
-.028025,.1246452,-.0239506,-.0358832,-.0016665,.1716741,-.1012083,.110397,.0265646,-.0155044,.0992799,-.4612285,.0557685,.0437406,.1783649,-.0474288,-.0080768,-.1487935,-.0232836,-.0306843,.0047739,-.0012086,.5322614,-1.62138,-.755355,.2952238,1.563027,-3.597394,1.264397,-1.013547,.0023517,.0634497,-.0381974,.0546321,.1368572,.1069862,.14825,.1587946,.0842087,.040595,.0218839,.2198599,-.2197631,-.0164502,.1481398,1.388924,.0711296,.0438629,.0325929,-.0319295,-.0093061,.0502433,-.030435,.0905555,.0871799,.4420205,-1.852585,2.77e-10,.1705469
.0888946,.1438758,.0154554,-.0126058,.0022118,-.0882287,-.0796987,.1372682,.0314106,-.0215821,.1379103,-.4326597,.0798042,.0260895,.1335013,-.0751707,.005267,-.0821841,-.0120117,.0137164,-.0021495,-.0009532,.1285145,.2507091,-.1750166,-.7281512,.7300082,-.8571841,.3728796,-1.836516,.0613412,.300487,.240665,.359157,.3664817,.0793181,.1475711,.2232934,.0930687,.0455584,-.0586282,.234018,-.118634,.1891834,.0878913,.8484213,.0781326,.0343782,.0481932,-.0736812,.0380312,.0768509,.0089109,.0498103,.1150919,.5719404,-1.635984,-2.53e-10,.1682906
.0112661,.2560047,.0205171,.0140282,.0163148,.019621,-.0670806,.1043069,.0154985,-.0134519,.1086847,-.4348628,.1743347,.0200449,.1339947,-.0573986,.0025927,-.0345454,-.0218808,-.0035883,.000422,-.0010957,.4985528,-.670215,-.6821992,-1.143115,1.006808,-1.784615,1.11879,-3.247079,-.0714617,-.0363133,-.0004375,.1252229,.1686924,.0038153,.0683747,.1145499,.0982611,.0316824,.0176779,.0643814,-.1119586,.0181601,.0958212,.9185778,.0844137,.0211949,.0400551,-.0434233,.0154925,.059651,.0012637,.0120271,.1011906,.5070055,-1.325752,-3.64e-10,.1677414
.1878001,.1913582,.0065563,.0073925,.0222702,-.0740949,-.0331309,.1872179,.0062087,-.0259296,.1313718,-.4627323,.0768179,.0232796,.1636332,-.0791697,.0169102,-.0670365,-.0330198,.0155625,-.0012907,-.0009513,.7830939,-.3538363,-.1358187,-.6409724,1.401372,-3.865722,.3136229,-1.583409,-.0486428,.005588,-.0210671,.1413544,.1864249,.0401434,.0452391,.0242582,.061134,.0316988,-.0744519,.0490385,.0482045,.0382183,.1069207,1.0105,.0830134,.0617222,.0917984,-.0603473,-.0021178,.0519545,-.0306733,.0653323,.1043717,.5153707,-1.499452,-6.98e-11,.164767
.0177976,.1514503,-.0150924,-.0538657,-.0500498,.0081462,-.1203016,.1790628,.0011195,-.0001333,.1435945,0,.1566119,.0098534,.162807,-.0958543,-.0006267,-.1462578,-.0112753,-.0166194,-.0074135,-.000533,.1242757,-.6985011,.9975411,-1.657052,1.655393,-4.77069,-1.489462,-1.48649,.2163634,.1330972,.1514166,.2480672,.3494065,.0486337,.0750376,.2987028,.0989424,.0232639,-.0419162,.3499524,-.0258029,-.0548718,.1125186,1.079793,.0908625,.0021138,.0193691,-.0368417,.0012023,.0525395,-.0132555,.0909552,.1062357,.5384907,-1.681344,-1.01e-10,.1647858
.1371927,-.05469,.0153618,.01293,.0441557,-.0235059,-.0291138,.2001228,.0080265,-.0192242,.2064291,-.5591604,.0841947,-.016605,.1786977,-.0947156,.0077778,-.0988657,-.0001029,-.034094,.0048982,-.001398,-.0195507,-1.157716,-.3586082,-.7811793,1.191338,-1.921597,.6580732,-2.010103,.0883145,.124481,.0917444,.2363584,.3183422,.0172175,.0089569,.2122315,.095644,.0278403,-.0120795,.2297981,-.1215233,-.042829,.0997095,.9469665,.0881799,.0527613,-.0100901,.0558653,.0006572,.0382358,-.0370822,.0875017,.1022896,.5066701,-1.555216,2.37e-11,.169628
.1446885,.0881997,.0306897,.0107884,.0544789,.0831997,-.0572097,.1806029,-.0144604,-.0118339,.1973072,-.4858194,.0840028,.0482307,.1320446,-.0232773,.0264835,-.0765883,-.0120863,-.0332232,-.0055506,-.0005773,.2154089,-1.266555,-.6802469,-1.198537,1.772885,-5.53588,1.16217,-3.473117,-.0457271,-.0475779,-.0336366,.0996252,.1295998,.0177047,.0277464,.0828116,.0965994,.0559775,.0460732,.057025,.0115872,-.009075,.145237,1.385233,.0966732,.1024859,.160147,-.1454937,-.0062001,.05055,-.0321017,.0463257,.1206117,.6240883,-1.932369,1.51e-10,.1687942
.1527429,.198177,-.0369853,-.0098389,.0231822,.0347719,-.1152899,.2280995,.0082883,-.0034475,.1697658,-.5210782,.0374857,.0287281,.0627622,-.1018124,.0158421,-.0584368,-.0224457,.0200831,-.0042568,-.0007091,.4789371,.6386965,-.2645801,.77562,1.334212,-3.319544,.4617109,.587097,.0261521,.188908,.1763214,.3457304,.395627,.0198419,.0321564,.2916349,.1564284,.1062403,.0749795,.1765341,-.1014946,.1579997,.1110278,1.038358,.074893,.0322822,-.0191641,.0639451,.0024996,.0274576,-.0329312,.0554123,.1140064,.5922951,-1.940698,1.89e-10,.1662862
.1912732,.1971803,.0304442,.0104801,.0399823,.0158709,.0486182,.1279687,.0265084,-.0300354,.0962827,-.3579446,.1736828,.0276891,.2273495,-.1087083,.0042685,-.0764861,-.0049166,-.0389931,-.0025467,-.0006563,.0039225,-1.318553,.4933169,-.8584073,1.296344,-3.467964,-.7150648,-.9961566,.1050245,.0422748,.0692382,.2171,.2756387,.0272647,.021016,.2344079,.0978301,.0480027,-.0607057,.2544565,.0362834,-.0391267,.1401648,1.319115,.0746785,.0808059,.0402503,-.009948,-.0021976,.0823945,-.007977,-.0099081,.1087249,.559358,-1.874687,3.03e-10,.1714229
.092723,.1521346,-.0320628,-.0338811,-.0275089,-.1177323,-.1983143,.1407269,-.0038478,-.0141075,.0883588,-.4453065,.0348482,.0697723,.053415,-.0416025,.0287523,-.0081397,-.0145276,-.0056029,-.0101148,-.0002787,.233643,-.4790201,-.3976253,-.1386445,1.734035,-4.866063,.7029173,-1.08877,.0089953,.2255868,.2252155,.3747729,.4336047,.0068131,.0092525,.236239,.0994803,.0537432,.0314495,.172755,-.172181,.1964263,.1095347,1.071477,.0867914,.080255,.0566896,-.0469304,-.0150245,.0535838,-.0451745,.0918393,.1212985,.5878571,-1.845965,-2.95e-10,.1659638
.0234077,-.0468177,-.0965436,-.1090583,-.0867365,-.0359682,-.211082,.1107198,.0529215,-.0006124,.0179112,-.4417277,.1359115,.0402949,.2073523,-.0610658,-.0179167,-.1142685,-.0153523,-.0531345,-.0103154,-.0004335,.253849,0,-1.286129,.7339396,1.683089,-4.446351,2.135188,-1.115247,-.0559196,-.0587791,-.1245383,-.0046001,.0705676,.0476951,.0723799,.0518098,.0943409,.0423281,.0400105,.0213231,-.1125167,-.0374332,.0900179,.8528811,.0850147,.0723451,.0697665,-.074433,-.0043626,.0394485,-.0036765,.0315011,.130026,.6472508,-1.325962,-4.30e-13,.1710782
.0880166,.1453353,-.0322306,-.0790388,-.0248458,.0488382,-.2235457,.1585009,.0075873,-.0026349,.147844,-.5107918,.1333285,.0229157,.0698114,-.0575917,.0177878,-.1078892,-.0336059,-.0258631,-.0011872,-.0009315,.7384523,-1.741268,.2355997,-1.11464,1.550444,-4.245778,-.283464,-1.671266,.0162869,.0799334,.0053047,.1520289,.1921405,.069766,.095598,.1700839,.1033797,.056642,.0047767,.1961044,-.1103597,.0184631,.0715267,.6683434,.0922495,.0262639,.1001839,-.0922419,.0130578,.0385115,-.0480954,.0501225,.0978195,.4865676,-1.170784,-1.24e-10,.1667582
.0565162,.0303742,-.07577,-.0904966,-.1210081,-.0374414,-.2174741,.1596155,.0255473,.0049188,.0287092,-.4535829,.0848296,.0362435,.2802446,-.0675597,.0030518,-.0598712,-.0163815,-.0421401,.0057744,-.0017627,.3131511,-1.759164,.2861891,-1.285971,1.06738,-2.774113,-.3500949,-1.99392,.0011163,.03061,.004949,.1170823,.1456679,.0318549,.0873034,.1418011,.0721178,.0599312,.0002134,.1573662,-.0052992,-.0213011,.140271,1.339295,.0974219,.0345709,.0166757,-.0084368,.0124096,.0414242,-.0542958,.0194135,.1184449,.6044081,-1.78609,1.03e-10,.1668339
.1961495,.1233697,.0145697,.0129112,.0164817,.2392329,-.1487253,.19339,.0037677,-.0001052,.2189344,-.5477262,.1437498,.0094455,.1608535,-.1063621,.0047589,-.1564226,-.015505,.0094436,-.000519,-.0009222,.3408222,.3529042,-.6245301,.155809,1.418934,-3.780061,1.089445,-1.163135,-.0440508,-.0000769,-.0615872,.061414,.0993646,.0811461,.1065124,.154897,.1155558,.0775867,.0698761,.0573179,-.0304318,.0311339,.1019042,.9573823,.0743927,.1507171,.142634,-.1200613,.0030573,.019876,-.0369468,.0308356,.1241797,.6348206,-1.674302,-1.78e-10,.1740118
.1687506,.2437289,-.0015328,-.0175603,.022294,-.0235466,-.0650068,.1584208,.0051882,-.0252353,.1245974,0,.0399074,.0435308,.140899,-.126555,.022028,-.1295047,-.0073463,.0112547,-.0023906,-.0008731,.1861142,0,.439157,-.6465134,1.738532,-4.604,-.5821603,-.6900581,.0427285,.0156877,-.0203054,.0799135,.1136085,.0792365,.1153487,.1350199,.1040767,.0610954,.1097884,.172228,-.0275423,-.0112188,.1400526,1.310702,.0859816,.0534629,.017444,.0082136,.0059517,.0374947,-.0309058,.090194,.1169279,.5680886,-1.915079,3.37e-11,.1690317
.0962658,.1055141,-.0370617,-.0065498,.0249874,.0540042,-.1021534,.2147611,.0113319,-.0140558,.1655264,-.5492554,.011997,.0313474,.1654265,-.1289541,.004682,-.1583807,-.0157269,.004509,.0078855,-.0014828,.3955697,-.2846295,-.1582101,-.58632,1.578914,-4.379091,.3616329,-1.489774,.1517757,.2514034,.2685648,.417337,.4806574,.0319326,-.0098169,.3311192,.1468306,.0852746,.1040387,.298341,-.1878687,.112965,.1395517,1.340344,.093555,.0296719,.0792874,-.0415285,-.0172624,.061636,-.0414272,.0850022,.0988695,.4769434,-2.155126,3.35e-11,.1630195
.2089303,.17966,-.0099228,-.0333482,-.0352058,.2754132,-.0556932,.1189858,.0297758,-.0219823,.0720753,-.4029861,.1684255,.0763505,.2192714,.0080721,.0119093,-.0380692,-.0098098,-.0417208,-.0057816,-.0004652,.1563554,0,-.7498012,-.5108593,1.75095,-4.756435,1.322313,-2.27606,.0674728,.1388824,.0961831,.2449083,.2948925,.0653299,.0586328,.2421125,.090178,.0336517,.2384843,.1833708,-.061744,.0165261,.0868325,.8345193,.0880288,.0279668,-.038921,.0686114,.0077648,.0442806,-.0223227,.1025624,.0813666,.4008942,-1.325141,4.58e-10,.1694101
-.0112757,.0790363,-.051594,-.0800714,-.0599476,.0171735,-.0416694,.087596,.0607421,-.0339263,.0140973,0,.2098258,.1089046,.3162321,-.058788,-.0013285,-.1263252,-.0133893,-.0233065,-.0087035,-.0005753,.2134638,-.886989,.2016963,-.7537232,1.534429,-4.748642,-.2604156,-1.153942,.017761,.1037915,.0980688,.2281405,.2716862,.0505327,.0627708,.2526824,.1009868,.051125,.0446545,.1667945,-.1719419,.0651069,.0876092,.8328933,.0828734,.036471,.1601888,-.1148409,.011583,.0703937,-.0081473,-.0011434,.0936479,.4308914,-1.209062,3.84e-11,.1692734
.1454485,-.0087966,-.0012391,-.0282554,-.0269114,-.1631568,-.096621,.1155495,.0241862,-.0323225,.0848631,0,.1136243,.0337044,.1193509,-.0908129,.006252,-.1060481,-.0122431,-.0042375,.0007283,-.0012938,.1935742,.1604507,-.3365291,.0000502,1.342689,-3.908617,.5909405,-.8620104,-.0102912,.0627268,.0760036,.1952826,.3106783,.0491878,.0659399,.1934931,.1061563,.0283967,.0079144,.1458715,-.1174622,.0721304,.1390542,1.323857,.0496652,.0621204,-.0118457,.0490663,.0213551,.057506,-.0030287,.0208696,.1073756,.5650049,-1.919252,-1.60e-11,.1684233
.1326248,.1179175,-.0275263,-.0486803,-.0163145,-.0833873,-.1592757,.1438401,.0271956,-.0122713,.0869494,-.4300092,.0856695,.0103506,.1915078,-.038659,.0030526,-.0929245,-.0123811,.002282,.001884,-.0009516,.3209756,-.1264426,.8606461,.0155241,1.425279,-3.896568,-1.257315,.9939641,-.0195183,.0933158,.0285302,.1881957,.2151853,.032072,.0396118,.135296,.0830471,.0292477,-.0606977,.0877575,.0342463,.0286064,.1171257,1.115394,.0847941,.091775,.0888172,-.0974309,.0152511,.0643368,.0034083,.0293123,.1164816,.5711474,-1.74868,-1.99e-10,.1674073
.1871851,-.1777537,-.0525531,-.0486738,-.0208737,.0000922,-.163507,.1265815,.035944,-.020734,.0959387,-.4113818,.1158079,.035341,.1632326,-.0741901,.0105823,-.0725013,-.0045357,.0109375,.0044192,-.0013309,.0897543,.2688169,-.3018173,-1.71923,1.442029,-3.699543,.5354933,-3.624631,.0169816,.0568586,-.0055149,.0970559,.1383583,.0638153,.1098904,.108489,.1108216,.0352876,.0237784,.1126365,-.0328184,-.0129222,.1231532,1.15693,.0901277,-.0059514,.0576586,-.0272684,-.0043884,.0721906,-.0512517,.0615463,.1121873,.5640835,-1.598345,-2.16e-10,.1683442
.1490746,.0788831,.0023181,.0487679,-.0092859,.2508539,-.0990441,.133922,.0071233,-.0244545,.1205988,-.480199,.052321,.0373732,.1518975,-.0988168,.0243494,-.0801998,-.0307036,-.0154811,-.0048818,-.0012113,.6400689,-1.197163,.2177813,-.7004935,1.498073,-3.713366,-.2351032,-1.225724,.0491048,.1078294,.0534834,.1890808,.2448086,.0354467,.0651723,.1943797,.1132416,.0677231,-.0562939,.2116457,-.1512849,.0370463,.0549625,.5327728,.0879227,.0239621,-.0174936,.0655749,-.002336,.06256,-.0563917,.0652639,.0719802,.3367728,-.8777842,-3.72e-11,.1725751
.0112107,-.0140202,-.0424858,-.0453648,.0154779,.0956714,-.1886469,.1725605,.0268607,-.0135387,.1031643,-.459054,-.0862354,.0336109,.0667258,-.1832741,.0009642,-.1251401,-.0179594,-.019378,.0077343,-.0015843,.3593346,-.5640796,-.1034773,-.6211997,.8399249,-1.831388,.206163,-1.42529,-.0870713,-.091598,-.0730052,.05693,.1606044,.0238617,.0311105,.0163315,.1148983,.0694207,.0128868,.0019745,-.2846992,.026431,.1347306,1.281508,.0793234,.0233006,-.0342322,.0379096,-.0099138,.0511372,-.0329113,.0094945,.11407,.5865048,-1.69274,-5.59e-11,.165076
.1291026,.209982,.0238217,.026317,-.0052583,.0585815,-.0673388,.1000804,.0086156,-.016768,.1301239,-.4077001,.2422011,-.0236544,.1906246,.0012641,.0110429,-.0522046,-.0159542,-.0323239,-.0128901,-.000359,.253894,-1.410427,.1384197,-1.536152,1.43675,-4.363844,-.1574631,-2.658008,-.1030745,-.163436,-.2292635,-.0611386,-.0510546,.0431994,.0296657,.0446474,.1500082,.1186038,-.0247254,-.0051298,.0500333,-.0745042,.148976,1.384639,.0848758,.0197028,-.0375088,.0431436,.0208677,.0779366,-.0062923,.0512097,.0843605,.4280595,-1.503149,2.45e-10,.1711071
.0948515,.0282821,-.0278224,-.0633746,-.0689074,.049143,-.1651803,.1030011,.0331586,-.003707,.1070931,0,.1040193,.0097462,.1064653,-.0379172,.0044689,-.1264838,-.0157644,-.0476808,-.0016412,-.0007952,.3031565,-1.943195,.0327924,.0638012,1.620082,-3.137229,.0707859,-.128715,-.0231538,-.0559702,-.0301026,.0929044,.1255404,.0346539,.0756028,.0564164,.136832,.0872688,.1094544,.1350743,-.1499333,.0090151,.0861769,.8266674,.088625,.0030803,-.0211603,.0319167,-.0027953,.0600873,-.0142901,.0028818,.0969252,.4821953,-1.286295,-1.09e-10,.1710899
.1423412,.1795328,.0188753,.0120432,.0216638,.2632801,-.028262,.1442436,.018554,-.0348945,.1261888,0,.0550542,.0416769,.1227639,-.1004411,.0152754,-.0857923,-.028019,.0046147,-.0007132,-.0010501,.6305894,-.236067,-.190162,-1.502583,1.843359,-4.303452,.4397551,-3.131568,.156594,.2291664,.1836149,.2620014,.2898774,.0640424,.1625126,.3457539,.0885728,.0101552,.1177381,.3309803,-.0246264,.000861,.0975229,.9181664,.0579039,.0104552,.0074354,-.0375616,-.0098612,.029728,-.0077147,-.0128303,.093078,.459245,-1.518859,4.28e-11,.1639574
.1758368,.1299997,.0014707,-.0121065,-.0801615,.1023846,-.0382656,.1307145,.0236464,-.0136582,.1000275,-.4899992,.1252322,.020912,.2338019,-.0462084,.0084749,-.10931,-.0232501,-.0072571,-.0072496,-.0009746,.4916921,-.6508474,-.2337769,-2.10845,1.810795,-4.47186,.5237766,-4.268578,.0729704,.1230718,.0581697,.1683165,.2403625,.055536,.0932878,.1432619,.1289599,.0562332,.0483031,.2086844,-.0375499,.02619,.0956125,.9019887,.0666791,.0748171,.0735838,-.0652473,.0153652,.0478402,-.0184694,.0400752,.1119741,.5665006,-1.428831,2.48e-12,.1678411
.1475968,.0615473,.0205943,.0063964,-.0265459,.0049507,-.1310223,.1543648,.021624,-.0063077,.131215,0,.1282064,.0400678,.1563362,-.0805084,.0059073,-.1471233,-.0126941,.0047811,-.009283,-.0006541,.2106701,-.1514003,.2753029,-1.376362,.907901,-2.845238,-.4023692,-2.110218,.0619888,.1244107,.0899263,.2314765,.2340324,.0527,.098229,.31144,.0835521,.0390312,.0426654,.2481676,-.0427748,-.0075614,.1266933,1.188245,.0729794,.0280972,.0336092,-.0254074,.013284,.0298648,-.0294676,.0768524,.1188012,.6027709,-1.744385,2.00e-10,.1705896
.0949677,.2938865,.0655005,.0728256,.0966203,.0429472,-.0835938,.2414401,-.0074203,-.0025483,.2429565,-.5016667,.1202928,.0078334,.1752428,-.1675245,-.0019784,-.116797,-.0127624,-.0083259,-.0034102,-.0008612,.1677635,-.3457676,.3741548,.7944896,1.283669,-2.860027,-.5021687,1.540231,-.1529469,-.1332805,-.1405215,-.0276601,.0435217,.0841205,.1017216,.0477139,.0782939,-.0076796,.0290877,.0019543,.0471638,.0004482,.1393904,1.321434,.0630042,.0342648,-.0015072,-.0087059,-.0026921,.0481231,-.0060823,.0458498,.0901021,.4457368,-1.772011,-2.55e-10,.1711959
.1280088,.0776731,.0307904,.0533645,.0888827,.1023347,-.0213548,.1520252,.015438,-.038958,.1325026,0,.1646877,.0358593,.257463,-.1322075,.0026919,-.1597372,-.0182904,-.0296635,-.0061677,-.0005235,.4009075,-1.229702,-.3451284,-1.279838,1.200477,-3.249853,.6131808,-2.9955,-.1572114,.0015125,-.0324265,.0893076,.1044103,.0451849,.1313265,-.0072448,.138876,.0962294,.0948284,-.0334647,-.027265,.1569321,.1121474,1.051409,.0813107,.0241991,.0447597,.024913,.0059224,.0271762,-.0365944,.0754801,.0861139,.4286393,-1.440938,2.11e-12,.1710054
.0904474,.1438171,-.0329741,-.0047219,.0053612,.027559,-.0628595,.1340623,.0332192,-.0183024,.0786683,-.3980184,-.0318885,.052527,.0904744,-.0853895,-.0124863,-.0440848,-.015628,-.028078,.005372,-.0011643,.3353325,-1.319384,-.2012829,-1.167617,1.169028,-3.315435,.3879847,-2.55019,.1325533,.140403,.1050457,.2595122,.2979507,.0388818,.0501856,.2604204,.110473,.0769022,-.0122497,.2932595,-.1158195,-.0260251,.1237125,1.151351,.0694336,.1298275,.0599204,-.0799452,.0122011,.0295957,-.0672377,.0916774,.1222777,.6218578,-1.798364,-2.86e-10,.1710295
.1499958,.2047676,.023656,-.0123693,.0275892,.167058,-.0999733,.1504558,.00343,-.0093902,.1608278,-.4676124,.1399009,.0285477,.1495807,-.0151435,.0050771,-.1005461,-.0132932,.0190711,.0036534,-.0009181,.247625,.5894522,.1380765,-1.126695,1.131785,-3.400764,-.1576727,-2.088435,.1255159,.1164896,.1102752,.3219079,.3256042,.0405422,.0398839,.2684319,.1433739,.0911629,.084683,.270188,.0753405,.0282843,.1228773,1.164153,.060866,.082588,.0006104,.0418206,-.0021808,.0662434,-.0066871,.032465,.1114837,.5772537,-1.893492,-7.54e-11,.1657363
.1500573,.0833042,-.0071222,-.0265897,.0024091,-.1715691,-.1765665,.1370731,.0189571,-.0171878,.1216082,-.4547281,.1290766,.0148835,.1443361,-.0735795,.0193021,-.1202819,-.0108275,-.0036975,.0022893,-.0012273,.2269086,-.3444333,-.7389977,-1.15298,1.022306,-2.875585,1.199955,-3.335653,.0867527,.1147548,.0598768,.1677645,.2108198,.0696723,.0900113,.2122503,.1186976,.0600448,.1529208,.2087452,.0037027,-.0248217,.1061283,1.005471,.0659197,.0561766,-.0404646,.040482,-.0121573,.0610204,-.0065003,.0501195,.1160387,.5820012,-1.573738,-1.11e-10,.1691467
-.0366523,-.0786738,-.0360735,-.0817704,-.0913258,-.1067354,-.1760609,.1318805,.0243094,-.0019738,.0943086,-.4780967,.1179259,.042107,.1592531,-.066726,-.0027762,-.1331822,-.0175538,-.032995,.0089277,-.0015907,.3737399,-1.298554,.5326188,-.2771616,1.317234,-3.867147,-.768551,.076382,-.0576641,.0610056,.0652104,.1957802,.2221844,.0464106,.0982494,.1141193,.118604,.0671141,.0558255,.0987315,-.0966489,.1356105,.1339256,1.26743,.0823928,.0513657,.1293851,-.0970581,-.0178982,.0523702,-.0430657,.0511909,.1103233,.5547282,-1.876367,2.15e-10,.1697518
.1146465,.0361915,.0093948,.0075963,-.0348072,-.1736774,-.0943875,.1513905,.0035465,-.005901,.1773256,0,.1340826,.0261209,.1199614,-.1048198,-.0057625,-.1860317,-.0305562,-.0203085,.0122301,-.0021656,.7384079,-1.464992,-.1598066,.2773788,1.094407,-2.51117,.3655895,-.1228078,-.1121678,-.0144147,-.0284355,.1336613,.1312488,.0553063,.0757627,.0357347,.1116826,.0567845,.1606713,.0997479,-.2354295,.0730481,.146063,1.375344,.0714269,.0260374,-.0529615,.0695697,.0026851,.0298102,-.0529672,.0177537,.1316134,.65851,-2.051226,9.33e-11,.1659318
.1351759,.2063091,.0184159,.0614735,.0698178,.0155552,.0515566,.1468057,-.0017341,-.042873,.1497294,-.4320996,.1493995,.0223562,.2024941,-.0506573,.0158026,-.0617119,-.0208803,.0251904,.0077269,-.0015353,.5119011,.4174811,-.6896049,-.3365155,1.830693,-5.662826,1.191759,-1.945511,-.0892216,-.1052176,-.1300167,-.0307161,.0557724,.046845,.1062675,.0567597,.0536903,-.0086819,-.0030906,.0894128,-.2649283,-.0702767,.1114017,1.080026,.056291,.0775187,.0925156,-.1228669,.0077601,.0345289,-.0685493,.1211156,.1072828,.5290254,-1.50174,7.00e-10,.1690538
.2160973,.0737093,.0506662,.0441957,.0703278,.1887682,.0414838,.1902246,.0236346,-.0151913,.1867749,0,.1106392,.0104795,.114353,-.1363329,-.0170467,-.0964012,-.0274693,.0002031,-.0050693,-.0006951,.5841269,-.6965137,.1678839,-.5611848,1.53413,-3.601129,-.1332562,-1.020465,-.025201,.0216077,.017372,.1532586,.2224055,.0747721,.1084927,.1478355,.0671453,.0151987,-.0151035,.1447448,-.1426832,.0377478,.0836517,.8070216,.0711522,.0750325,.0642098,-.044619,.0269922,.060021,-.0220363,.1104113,.0816129,.4037548,-1.306464,3.80e-10,.1662273
.1513564,.2067501,-.0016912,-.0191465,-.0064474,.075582,-.0087902,.1223326,.0199024,-.0432745,.0623115,-.397568,.0811017,.0542043,.2528721,-.0801121,.0093473,-.0691186,-.021949,.0100103,.0010876,-.0013551,.4829921,-.2837023,-.5712352,-.3930639,1.742849,-4.433892,1.023176,-1.895544,-.0241552,-.0433696,-.0956263,.0281227,.0586107,.0536371,.0699248,.038706,.0796297,.031611,.0832578,.0855402,-.0017098,-.0585596,.1134218,1.065182,.0651178,.0171133,.0383713,-.0201984,.0329143,.0681575,-.0007142,.0018551,.1172696,.5781409,-1.560105,-2.05e-10,.1684299
.1043624,.1660004,-.0176658,-.0314706,-.0021861,.0338424,-.0728966,.1232453,.0384593,-.0060989,.0924604,-.4165339,.1362677,-.0126979,.1872211,-.0508383,-.015634,-.0869149,-.0240502,-.0154134,.0021883,-.00125,.5435605,-1.100676,.2673578,-.5527177,1.782948,-5.315409,-.2499155,-.8917433,.1490448,.2273373,.2128736,.33648,.3920664,.019645,.0898484,.2858813,.0717867,.0302919,-.0537769,.1837929,.1253781,.0518835,.1030731,.9806857,.0926347,.019666,-.0463324,.0434182,.0174959,.0532121,-.0058425,.0551636,.1421133,.7167542,-1.863954,1.89e-10,.1633532
.1193498,.1060779,-.0000134,.0047845,.0168678,.1560693,.0006935,.1855226,.0099841,-.0167937,.1757314,0,.1169132,.0453297,.1952456,-.0915746,.0026047,-.0491303,-.0182436,-.0157484,.0004172,-.0006356,.4073678,-.8015451,.882942,-1.195721,1.283797,-3.59082,-1.300474,-.8651817,-.3226625,-.3095252,-.3326944,-.1765979,-.1095559,.0816596,.1376681,-.240148,.12862,.1038764,.0465964,-.1564152,-.0185213,.0601892,.0972644,.9116697,.0699521,.1109393,.0630273,-.027772,.0347385,.0542341,-.0363844,.0647709,.0999076,.5035963,-1.13268,1.51e-10,.1652175
.1511067,.2087508,.0115157,.0233494,.0822763,.0905541,-.1129534,.1908399,-.0194312,.0088039,.2206418,-.5095593,.0905911,.0325469,.1716565,-.0783709,.0031126,-.1186396,-.0324573,.0335237,.0094034,-.0015581,.8086845,.2707311,.5800957,.6363997,.8285449,-1.880886,-.8567259,1.681561,.042403,.1092256,.0842599,.2108879,.2551548,.0878906,.1165428,.2298797,.1456735,.1155733,.0371577,.1537512,-.1690839,.1130577,.1102958,1.050192,.0800293,.0479316,.0255633,-.0067629,.000278,.0709435,-.0008602,.0027002,.108513,.5210438,-1.907645,2.77e-10,.1699495
.1104004,.1461989,-.0207779,-.0416845,-.0378687,.1574708,-.1398194,.156977,.0177682,9.16e-07,.1218845,0,.1491686,.0071286,.2222685,-.0266001,.015834,-.0365662,-.0236181,-.0135704,-.0041523,-.0007681,.4912614,-.7033252,.5239071,-.5466245,1.489195,-4.054535,-.6989951,-.3697967,.0824392,.0453333,-.0357142,.0901126,.1462886,.0389522,.0898548,.1287203,.1394113,.1020595,.1040653,.1481244,-.065649,-.0289318,.1264572,1.192201,.0783391,.0249316,.0003901,-.0081865,.0168511,.0141279,-.0339733,.0333952,.0953955,.4768445,-1.627694,-7.33e-11,.1700679
.0405793,.1504301,-.0144756,.01756,-.0131925,.0094981,-.123532,.1653866,-.0025776,-.0136094,.0908608,-.4428567,.0602359,.031128,.1922312,-.0873009,.0286481,-.002693,-.0234072,-.0553583,-.0044662,-.0006991,.51917,-2.180759,.8165889,.8483756,1.709261,-4.639458,-1.183331,2.354357,-.0909948,-.1381067,-.1328191,.0520567,.0663067,.0533689,.0782272,.1284203,.1376766,.0979151,.1357024,.0301329,-.1607866,.0450869,.0729148,.6842924,.0776725,.0762379,.058326,-.0328359,-.0040672,.0811651,.0100017,.0047293,.0885368,.4531461,-1.158045,-1.71e-10,.1626856
.144541,.2813778,-.013151,-.0529669,-.020347,-.062126,-.074669,.1353454,.0198093,-.0143998,.0994245,-.445004,.1160646,-.0025478,.2183115,-.0798429,.0032963,-.1163051,-.0198239,-.0322213,-.0093744,-.0005595,.3715091,-1.575874,-.3198021,-1.733324,1.915426,-5.803982,.6576278,-3.672281,.1236073,.2025034,.2150584,.3785149,.4057773,.0422361,.0082418,.2887292,.1486253,.0883558,.1391858,.2601711,-.0326646,.0772112,.1253013,1.166061,.0679994,.0763679,.0882652,-.1022882,.0332295,.0354889,-.0319008,.0310492,.1134163,.5633656,-1.83645,-1.64e-10,.1649362
.1614643,-.0357165,-.0481028,-.0120795,-.0014952,-.0882562,-.1102938,.1130062,.0239025,-.0189457,.041899,0,.1836251,-.0203063,.1992047,-.0546293,.0069432,-.0048796,-.0035076,-.0038259,-.0091784,-.0003778,-.0709037,.1229466,-.5905359,-1.084328,1.753331,-5.412378,1.012974,-2.943008,.2848341,.2452139,.2627694,.4055974,.5166771,.030548,.0155265,.452212,.1124919,.0703686,.0725579,.4947467,.0017253,-.0210436,.1136657,1.067786,.065102,.0732691,.0335705,-.052866,.0022459,.0158441,-.0518085,.014825,.1038066,.5180425,-1.719234,1.29e-10,.1677676
.2427641,.4182391,.0197132,.0605364,.0946034,-.0264588,-.0211872,.1231881,.0178314,-.0320269,.117497,-.3744465,.0558966,.0199501,.1658292,-.0113479,.0059586,-.0141757,-.0192754,-.0154211,-.0045809,-.0006367,.3692491,-.8242527,.1933185,-1.134948,1.780731,-4.554951,-.1689422,-1.945693,.1294276,.2879387,.3432162,.5317737,.5956922,.033699,.0226108,.3041817,.1203991,.08131,-.0009777,.2556537,.0085158,.1848218,.0981716,.9294193,.0886673,.0772329,.10395,-.121438,-.0238206,.07496,-.0133149,.0133411,.0827639,.4211665,-1.697306,-6.73e-11,.1637162
.1553414,.1365237,-.0316218,-.0068365,.01903,.0400057,-.0825237,.1132849,.033639,-.0347253,.0441262,-.358181,.1135677,.0128256,.1865436,-.0566664,.0119114,-.0219744,.0039131,-.026957,.0059201,-.0014158,-.2162389,-.744491,-.1824667,-.8540187,1.046403,-1.902525,.3829384,-1.959717,.1389124,.2164348,.2345359,.3526531,.4048484,.0436436,.050959,.2769504,.08348,.0310901,.0536848,.2738064,-.0921563,.0415498,.1147735,1.080125,.0690571,-.0312946,-.0149631,-.0095976,.0052094,.0556302,-.0012436,.0040725,.1086815,.565758,-1.765172,-2.81e-11,.169574
.1254023,.0764476,-.0303271,-.0382458,-.0105936,.0015344,-.0825447,.2092967,.0075002,-.0024654,.1824832,-.5173748,.1090383,-.0113832,.1801178,-.1434004,.0000746,-.1244782,-.0122531,-.0363043,-.0096147,-.0003733,.2542073,-1.511263,1.087756,-.4269571,1.725689,-5.050474,-1.682722,.7996324,.1611071,.2005247,.2485967,.3816449,.4793917,.0273036,.0054586,.3036098,.1057729,.0168298,.0547274,.3231759,-.0611773,.0625203,.0986864,.9458753,.0925581,.0304914,-.0124377,.0313441,.0013134,.0486651,-.0454895,.0288791,.1310443,.6689762,-1.840001,1.88e-10,.1632792
.0888277,.2521702,.0116288,.0102186,.0202868,-.0181789,-.022906,.1907526,.0451782,-.0096563,.1376863,0,-.0532439,.0338609,.0342056,-.1595951,-.0221108,-.1419864,-.0295854,-.0009809,.0017843,-.0009466,.7841631,-.6464636,.1779111,-.2999242,1.022132,-2.838542,-.2232702,-.5250248,-.1238738,-.1103318,-.1720996,-.0150203,.0140202,.0596508,.0459452,.0635974,.0882744,.0312051,.0425954,-.0265864,-.0928247,-.0732048,.10034,.942372,.0911773,.0495503,.1273975,-.1144855,.0120137,.0447944,-.0162033,.0611325,.1227348,.6352173,-1.39224,-1.49e-10,.168054
.0809277,.037473,-.0078537,-.0458743,.0503062,.1110621,-.1193359,.1622439,.0199995,-.0029073,.1316692,-.4713089,.2256429,.1327417,.2667907,-.0083782,-.0106857,-.1248616,-.0237422,.0019744,-.0023362,-.0010471,.508262,-.5532419,-.2072656,.2094418,1.422393,-4.139806,.3893264,-.2019513,.082937,.2076627,.2070293,.3268446,.383763,.0072345,.0530951,.2319143,.1294409,.0654851,.077417,.246002,-.1368533,.1207832,.1052385,.9920402,.0766745,.0564841,.045266,-.0662112,-.0133505,.0427673,-.0414259,-.0104855,.1099354,.5320989,-1.743876,1.37e-10,.1675541
.0528023,.230568,-.0357036,-.0017474,.0364885,.1268407,-.1041457,.1880841,-.0114216,-.0155009,.1365191,0,.0920033,.0447348,.2333079,-.1351195,.0055527,-.1143906,-.0191219,-.0145481,-.0053259,-.0007931,.4048893,-.6821068,.4355953,-.535884,1.280064,-3.467681,-.6147279,-.5752031,.1672473,.0719502,.0655109,.1583418,.1947845,.0732265,.1133496,.2813594,.1224987,.0806954,.0586551,.3041541,-.2403699,-.0315722,.1128785,1.067417,.0557169,.0822614,.0695035,-.0650466,.0095794,.0509141,-.0675876,.1399449,.1098031,.5607031,-1.696951,1.88e-10,.168528
.1860778,.1741496,-.016616,-.0523121,-.0388642,-.0753999,-.101141,.1782604,.0040423,-.0009208,.1480702,0,.0731567,.0132107,.1997142,-.0535211,.00221,-.1207406,-.0147056,-.0244723,3.27e-06,-.0009073,.3270728,-1.218449,-.3998762,-.7990573,1.420005,-3.228171,.7545025,-2.293385,.0869252,.1490364,.1056792,.2816173,.3128619,.0142944,.0277688,.1881723,.1045298,.0753998,.055808,.181895,.0121931,.0358912,.1406977,1.306036,.1007581,.0953415,.0053927,.0406743,.0323817,.057871,-.0100159,.0626339,.1131648,.5901226,-2.046573,-2.52e-11,.1696215
.0270103,.0939759,-.0459765,-.1187004,-.0765931,-.0705371,-.2042537,.0817432,.0269634,-.0177017,.0485397,0,.2188462,.0137707,.2922519,-.0251305,.0257556,-.0491501,-.0026032,.0011424,.0117735,-.0019484,-.0007458,.3377729,.2245162,.0997172,1.18202,-3.367593,-.2786143,.1222072,.0472695,.1141816,.1376431,.2130859,.2355237,.0632115,.1351217,.2279015,.1104444,.0559981,-.0242379,.1370968,-.0703373,.0844646,.1389086,1.326399,.0804935,.0474686,.0533057,-.000492,.0154004,.0361578,-.0440894,.0548709,.1128394,.587011,-2.006869,1.74e-10,.1738521
.1273028,.1172947,-.0362632,-.0133439,-.0174057,-.0070038,-.0443847,.1095608,.0489265,-.0187931,.1029404,-.4584613,-.1186287,.0432279,.002634,-.058855,-.0055566,-.0905513,-.0215579,-.0503021,-.0083924,-.0005788,.4176064,-2.106429,.1471998,-1.175693,1.373203,-3.46821,-.1237254,-2.082934,.0472496,.1913526,.1710528,.341472,.3692536,.0434694,.0503265,.2419621,.0874112,.0453174,-.0904008,.249912,-.0438715,.077979,.101814,.9669974,.0684535,.0726957,.0130718,-.0155442,.0143755,.0640654,-.021285,.0299875,.0993023,.5019531,-1.44649,2.20e-10,.1687027
.1895811,-.0061192,.0384812,.0113296,.0302049,.138128,-.0009562,.1032103,.0138586,-.0342933,.1392605,-.4243143,-.0424877,.05193,.0884706,.006624,.0128018,-.0785825,-.0275487,-.0069083,.0025642,-.0013208,.6284819,-.9813825,.5489243,-1.376656,1.407426,-3.723951,-.7932652,-1.674065,.0986208,.0508046,.0069937,.1647241,.2018642,.0216657,.0475644,.2404483,.1241859,.0693028,.0085345,.2217256,-.1535005,-.0803698,.0740777,.7313225,.0498276,.04911,.0234147,-.0184738,.0079001,.0734486,-.005917,.0311531,.1009466,.5094171,-1.166855,-3.70e-10,.1697881
.0422544,.2541586,.047609,.0919748,.0663374,.1450814,-.0124632,.1641377,-.004653,-.0017466,.1883349,0,.1748761,.0125889,.1914482,-.0677204,-.0109448,-.0454806,-.0276174,-.0182389,.0053351,-.0011123,.6500748,-1.178653,.2484846,-.1513713,1.270579,-3.49139,-.2801239,-.2111952,-.0406048,-.0588727,-.0778305,.0706561,.1089263,.0271959,.0758501,.1541832,.135331,.0789473,.0187137,.0859549,.0177468,.0035534,.1461504,1.355678,.0917374,.0784477,.1177204,-.0717736,.0241769,.0410615,-.0050787,.0365882,.1083774,.5376006,-1.987317,-1.14e-10,.1653787
.0711494,.0117879,-.0866494,-.0882584,-.0935915,-.0696018,-.2202594,.1174519,.0416266,-.007845,.0101364,0,.1562887,.0023232,.2643602,-.0487028,.0007803,-.0479035,-.0153734,-.0055176,.0110686,-.0019296,.367086,-.2042851,-.5442331,-1.276288,1.264356,-3.582818,.9180876,-3.311379,.0141633,.0583045,-.0060585,.0748416,.1170007,.0548159,.142671,.1860351,.1132615,.0672531,.0818823,.1619586,.0032114,-.0070754,.0953975,.9135035,.0500369,.0524396,.0659563,-.0948408,-.0093716,.0373978,-.0333502,.0333755,.1112773,.5525401,-1.322842,4.35e-12,.16763
.0827917,.1268222,.0310756,.1015425,.1107551,.2273774,.103011,.1461612,-.0065845,-.0454157,.1705164,-.4233601,.115534,.0244673,.1539823,-.0579778,-.0064299,-.0279109,-.0104025,-.0139842,-.0057126,-.000615,.2096235,-.6811129,.3656461,-.474048,1.836839,-4.77731,-.4619352,-.4752789,.243587,.3059697,.2777264,.4237202,.4940656,.0091186,.0431112,.4108811,.1174175,.0533231,.0769141,.3820597,.1391107,-.0007407,.0764572,.7413239,.1109622,.091981,.0712987,-.0605874,.0126522,.1215332,.0306701,.0182598,.0903398,.4581703,-1.576421,7.19e-11,.1673735
.1279865,.2645886,-.0001831,.0516984,.0322545,.085919,-.0596951,.2273488,-.0006989,-.0049164,.2109995,-.5069743,.0873444,.0332594,.1126428,-.1219592,-.0037296,-.1341348,-.0145967,-.0102575,-.0116682,-.0003736,.249227,-.3326309,.6945665,-.6466141,1.523764,-4.685469,-.9964988,-.2560721,-.0058045,.0218727,-.0107966,.0724075,.1171314,.0459829,.0573423,.1176473,.1032944,.0402323,.0714427,.0930599,-.0902675,-.0326614,.0849266,.7857137,.1097317,.0491544,.0303175,.0379704,.0168649,.034245,-.0233683,.0527145,.1011377,.4871477,-1.258444,-4.35e-11,.170826
.0762671,.152188,.0121549,.0062377,.0230836,.0274226,-.2017932,.1452017,.0053915,.001572,.117785,-.3952006,.101593,-.0057917,.2534895,-.030577,.0028361,-.0660004,-.0221285,.0013533,.0060972,-.001277,.5100503,-.1243458,.1055172,.1581353,1.731471,-5.473238,-.0705855,.2309238,.0121711,.145317,-.0044873,.0829934,.1494476,.1014252,.1328823,.1655728,.0799618,.0647786,-.0271677,.1249031,.0701762,.0273704,.1331739,1.262258,.0818143,.0750338,.094969,-.0960354,.0206733,.0315704,-.0396796,.1040569,.0710648,.3394696,-1.703803,1.43e-10,.1736021
.0512531,.0410295,.0039623,-.0254638,-.0324367,-.0681324,-.0614738,.0918877,.0344683,-.0233994,.0690965,0,.196476,.0127958,.2388997,-.0290017,.0031171,-.0355105,-.0186109,-.0317442,.0065772,-.0017726,.3951978,-1.400043,-.5710952,-1.393841,1.489689,-4.459677,1.000062,-3.480503,-.1550194,-.1833643,-.2329247,-.1358743,-.1127821,.0472541,.1117855,-.0763473,.09201,.0486845,.031305,-.0568954,-.1631383,-.0531992,.1360142,1.292299,.0540804,.0321699,.0188049,-.0093005,.0011285,.0394094,-.0633536,.0469504,.1168842,.6012629,-1.497331,4.32e-11,.1740887
.0847593,.1291043,.0108771,.0008151,.0355463,.0660902,-.1347966,.1631985,.0374199,-.0125611,.189969,-.5236513,.1529582,-.034276,.0651368,-.0952543,-.0101356,-.1790727,-.0321285,.0001752,.0016064,-.0011498,.7947387,-.8173981,-.1278889,-1.279227,1.41799,-4.14392,.2515382,-2.612359,.0878109,.1194512,.0819056,.2246962,.3212892,.0663257,.0329496,.2292516,.1317723,.0692361,-.0160427,.2184242,-.0735013,-.0118389,.1164031,1.099542,.0907706,-.0161296,-.0210293,.0316039,-.0042768,.0293477,-.0619971,.0706381,.0996594,.5081859,-1.618195,6.16e-12,.168011
.1949791,.2275163,.0555016,.0539474,.0480928,.0379932,-.0378642,.1877979,.0066756,-.0119291,.1923849,-.4854043,.1272634,-.0246437,.1195089,-.0809901,.0157456,-.0683914,-.0106813,.0137657,.0067847,-.001539,.2521268,.5336324,.040264,-1.113682,1.323017,-4.067298,-.0360089,-2.098001,.1145547,.1230482,.1384755,.3181224,.3168613,-.0162345,.0189759,.2193209,.1211328,.075283,.0073035,.2451338,-.127903,.0170747,.0977316,.922207,.0670288,.0498966,.0552082,-.0237529,.0146624,.0141877,-.0399632,.1029562,.1191952,.6083084,-1.689112,-2.38e-11,.1671621
.1016211,.264468,.0269804,.0241852,.0386272,.1425261,-.1247457,.154952,.0002363,-.01269,.1624469,0,.0416432,.015078,.1385071,-.0806432,.0159127,-.0723178,-.0202896,-.001393,.0019389,-.0010332,.460034,-.0561664,-.8572613,-.74399,1.877719,-5.979845,1.501797,-3.004891,.1890895,.2932461,.2724678,.3865374,.4101099,.0662416,.1230145,.2680873,.0829538,.0518323,-.012228,.2585267,-.1027846,.1007977,.1321547,1.23085,.0727579,.0134307,-.0743183,.0909441,-.0101684,.0619693,-.0095833,.0095188,.1127471,.5535874,-2.110209,3.36e-10,.1691783
.1401278,.18237,-.0153355,-.0118738,-.0283142,-.0539064,-.0775771,.0717272,.0307111,-.02209,.0565774,-.4013272,.0466331,.0507741,.1494966,-.0112685,.0117475,-.0121365,-.0326521,-.041076,-.0004068,-.0011362,.7428424,-2.114403,-.3765256,-.9933851,1.713745,-4.74741,.7213855,-2.588797,-.0309764,-.0176975,-.0926739,.0144239,.0715913,.0530418,.1058744,.0206472,.1249845,.0713765,.0333934,.0295073,-.0729853,.0025182,.0935059,.891275,.0989311,.0586322,-.0361137,.0947893,.0162893,.0321087,-.0491692,.0504058,.0966154,.496728,-1.243123,-3.52e-12,.1731939
.2109512,.3336249,-.0000824,.0438613,.0392682,.264006,-.0762841,.128077,.0264143,-.0254917,.1025148,-.4207752,.1075527,.0083008,.1952272,-.0708119,.0030955,-.0499403,-.023175,.0136302,.0034487,-.0014066,.5094112,-.0281146,.3645129,-1.209492,1.499901,-4.511452,-.4752999,-1.732914,.0834942,.1000311,.0893276,.2296426,.2515363,.038397,.0825956,.1756196,.1292503,.076597,.073381,.2418154,-.2299172,.0161102,.0658755,.6300164,.0816827,.011535,.0074024,.0310816,.0152091,.0566635,-.0124936,.0630462,.1130574,.5632324,-1.262445,-3.07e-10,.1672718
.220045,.0519529,-.0151948,-.0143101,-.0287114,-.0512334,-.0557074,.1993411,.0261831,.0057745,.1601735,-.4725374,.1719536,.0030585,.1298802,-.0776586,-.0122735,-.142618,-.0000363,-.0095278,-.0061863,-.0005152,-.1302973,-.0938989,-.2861817,-1.072834,1.580418,-4.768332,.5788125,-2.622915,-.1705063,-.0937713,-.1135831,.0260149,.0128073,.061924,.129035,-.0533161,.111753,.0929302,.1244984,.0225238,.059377,.0960892,.129444,1.196947,.0786431,.08644,.1666687,-.1871473,.0082349,.0154937,-.0407692,.0346969,.0906706,.4413045,-1.521179,-6.70e-11,.1680099
.1658194,.0300595,-.0391479,-.0148264,-.0035917,.1798176,-.1803846,.1791257,-.0051494,-.0093412,.1671653,-.4903164,.0529163,.0417719,.0925541,-.0985262,.0251856,-.1457501,-.0093079,.0094081,-.0069601,-.0004999,.1596881,.4587698,.2966533,-.6471707,1.459023,-4.105508,-.409688,-.8543196,.0661214,.0654181,.0399027,.2194539,.2599914,.0376325,.0075054,.1914877,.1543163,.1007474,.034588,.1400075,-.1297364,.0366826,.1488466,1.407091,.0811677,.0325782,.0972798,-.0828617,.0062789,.0472675,-.03489,.0908414,.0863851,.43693,-1.8942,-1.05e-10,.1718112
.0539603,-.0068428,-.0756997,-.0845431,-.080686,.019472,-.1348004,.1491583,.0376166,.0044473,.0873252,-.4896069,.0539103,.0240638,.1517643,-.0864278,-.0201647,-.1416063,-.0075081,-.0085658,.0064783,-.0017355,.1412888,-.307493,-.5119185,-2.187193,1.071858,-2.836001,.8646156,-4.689896,.0107229,-.0794278,-.0504499,.0666171,.1240929,-.0070574,.0190558,.0049131,.088713,.0193544,.0079069,.0562198,-.1897423,-.0457861,.1085881,1.006958,.0813336,.0213604,.0634757,-.068614,.0057637,.0650812,.0004698,.0352484,.1025838,.4979498,-1.206963,1.35e-10,.1702748
.0346851,.0781769,-.0041609,.0089387,.0347248,.1415004,-.0677471,.1172415,.022654,-.0176777,.0758837,0,.065625,.0206261,.2211375,-.0883875,-.0069961,-.0889671,-.0223671,-.0400155,-.0083985,-.0005852,.5052614,-1.929813,.1533173,.2880356,1.172123,-3.252512,-.1644203,.5429478,.0825903,.1731532,.134377,.2947378,.3700242,.0116982,.016405,.196722,.0942178,.0411234,.0635978,.1932418,.0381381,.0551237,.1215282,1.152572,.0920738,.0122926,-.0628184,.0724281,.0042441,.0768173,.0147382,-.0151365,.0995506,.4881457,-1.73965,2.21e-10,.1652534
.2240904,.1732326,-.0529944,-.0265236,-.0286023,.0778886,-.0671933,.191651,.0232295,-.0091484,.0947398,0,.0372399,.0178189,.218771,-.1055541,.0036281,-.0383317,-.011632,.0077372,.0035287,-.0013538,.2494967,.2438157,.1601054,.5562231,1.799414,-5.238994,-.1409299,.9548956,.0865413,.2240994,.1427905,.2440834,.2666563,.0645876,.1313732,.273454,.089367,.0574018,.0552575,.2082181,-.0665854,.041305,.1041066,.9936864,.0871372,.0018876,.0095801,.0175354,-.0003082,.0587104,-.021635,.0610713,.1258438,.6036043,-1.857351,-3.48e-10,.1654634
.0624392,.0740705,.0110671,.0337147,.0452483,.0492562,-.0479458,.1243106,-.0042629,-.0363052,.1116719,0,.0758335,.0405453,.1580209,-.0604006,.0110072,-.0565158,-.019331,.0130644,.0021276,-.0009005,.4375929,.5043429,-.4027176,.0646098,1.678661,-3.87515,.7773585,-.9686379,-.0210708,.0030205,-.0438407,.124687,.2029807,.0300402,-.003374,.1544019,.1098124,.0354883,.0520063,.0949675,.0109184,-.0244981,.0959835,.9187405,.0913256,.165779,.1421933,-.1012309,.0120997,.072319,-.0152692,.0614763,.0881186,.4590091,-1.431576,5.68e-11,.1724361
.1717948,-.0084003,-.0070065,.0135854,.0350536,-.0993765,-.0757285,.144038,-.0098775,-.0139698,.1070624,-.4291101,.0904699,.0423867,.1917479,-.0745305,.0155034,-.0621997,-.0051298,-.0098028,-.0114967,-.0003883,.0477783,-.2681633,.3534052,-1.046914,1.70708,-4.625965,-.4569188,-1.549189,.0638288,.0628639,.0465477,.2234707,.28258,.0124624,.0398339,.2162465,.0991332,.0572423,.0701905,.1777358,-.1846352,.0155858,.0965436,.9238371,.0737991,-.0106793,.014264,-.0180175,.0256286,.0528635,-.0174904,.080171,.1042194,.5502402,-1.437335,-6.74e-11,.1669864
.1135748,.1168325,-.0068238,.0220617,.027966,-.0029957,-.1328189,.1704905,-.004801,-.0071661,.1612981,-.4875649,.1067053,.0414793,.1240767,-.083745,.013012,-.0638441,-.0177794,.0110383,.0142717,-.001882,.4555165,.1151993,-1.515784,-.2219129,1.52369,-4.902263,2.483416,-3.092889,-.0817653,-.0613203,-.0485657,.0641188,.110499,.0766766,.0723,.086031,.1179169,.0816486,.1005885,.0623394,-.3001439,.0203745,.1419706,1.361163,.0516736,.0324656,.0420494,-.0493748,.0117676,.0643129,-.0382351,.0795171,.1298133,.6608095,-2.06052,1.56e-10,.1704184
.1468611,.1301026,-.0247084,-.0037859,.0067192,.0601007,-.0847158,.120509,.0225966,-.0344592,.0852759,-.4197731,.1113084,.0245542,.1122878,-.0737929,.0299946,-.0624154,-.0173075,.0054738,-.0005694,-.0008769,.334609,.0198533,-.4777623,.2629267,.8916734,-1.836242,.7917725,-.6164054,.0084953,.0425517,.0342087,.145742,.1839441,.057021,.102891,.1393577,.0930817,.0143943,-.0087186,.1560403,.1317443,.0000839,.1478566,1.394028,.1066061,-.0749343,-.0393887,.0699746,-.0299362,.0472148,-.0077634,-.0038501,.0881755,.444274,-1.826802,-4.83e-10,.1674773
.1358488,.117084,-.0540383,-.0559462,-.0786167,.057581,-.1197348,.0919952,.0322705,-.0183389,.0114603,-.4235712,.1225225,.0404199,.227278,-.0288081,.0161649,-.0454148,-.0233034,-.0118963,.0016103,-.0010691,.4964226,-.8210804,-.1593758,-.4166406,1.530957,-4.080472,.3932958,-1.335089,-.0097859,.0391634,.009342,.1557759,.1846948,.0601969,.1045552,.1087701,.0868321,.051907,.0728068,.1690153,.0098376,.0213314,.1013381,.9577168,.0843181,.0418036,.0956591,-.0747259,-.0183269,.0515211,-.0013337,.0371242,.0942528,.4729255,-1.414875,-3.46e-10,.1672343
.1195603,.0499561,-.0185211,-.0583974,-.0204345,.0707407,-.1226508,.1060667,.0010006,-.0225031,.1218428,0,.068858,.0823044,.0952532,.0064507,.0294055,-.1220057,-.0372888,.0187161,-.0015194,-.0008641,.8390886,-.3175694,-.6360911,-.3107723,1.408471,-4.264126,1.078135,-1.784225,.0491969,.0694343,.1007196,.2747329,.3276274,.0164692,.0349925,.1089455,.1326222,.0822778,.1277135,.1750148,.1460479,.094891,.0922401,.8868698,.0623092,.0729002,.0165473,.0082486,-.0020935,.030975,-.0579372,.0825194,.0912948,.4550319,-1.392249,-1.62e-10,.1697595
.0917323,.0821325,-.0232117,.0235635,.0257067,-.1008652,-.1442509,.1988365,.0032801,.002273,.1701472,-.4622099,.1086647,.010544,.1976085,-.0967012,-.0015162,-.0893089,-.0120961,.0255629,-.0027339,-.0010348,.1654689,.8734818,-.2144039,-.531824,1.284734,-4.046154,.4167753,-1.548779,-.218233,-.2521603,-.3370727,-.2515277,-.2582296,.067091,.1856662,-.1484583,.0562903,.009538,-.0661206,-.0890426,.0437099,-.1005476,.1051625,1.008128,.0596178,.1107729,.1099564,-.1305129,.0088144,.0582224,-.0193862,.0489394,.129263,.6556454,-1.305755,9.38e-11,.1731735
.2417707,-.0094813,.01991,.0311131,.010874,.0783504,-.0279114,.0858568,.0410695,-.0194129,.083933,0,.1135108,.0403494,.1782005,-.0269523,.0061553,-.0880556,-.0181437,.0000746,-.0058328,-.0008237,.3202721,-.0633314,-.5294212,-.4272166,2.008422,-6.367478,.9582801,-1.879804,-.0893344,-.0983709,-.0765322,.0634484,.1074061,.0283324,.0687799,.0303809,.090298,.0345565,.0454157,.1192879,.0180471,-.0385892,.0963495,.9060388,.0887166,.00844,.1142434,-.077156,-.0237245,.0133363,-.0689863,.0568179,.1095141,.547322,-1.304768,3.03e-10,.1703625
.1054678,.1672889,-.0127788,-.0186544,-.0121037,.0447586,-.1158283,.1947477,.0060349,-.0123297,.1613442,0,-.0167398,.0388209,.1555054,-.0858469,.0124594,-.1059628,-.0282537,-.0163061,.0023318,-.0009817,.6982977,-1.367451,-.5616069,.3266558,1.587985,-4.710284,.9291726,-.5422171,.0298913,.1686549,.0601384,.1639439,.2017733,.0921278,.1537265,.2112938,.1169876,.0647143,.0073343,.2114434,-.0285053,.0336853,.1366579,1.295701,.0795134,.0370629,.0286269,-.0345267,.0284787,.0231878,-.0269321,.0847329,.0849914,.4316834,-1.890209,1.55e-10,.1672023
.2196455,-.0629958,-.0193269,.0043063,-.0240105,-.0135088,-.1539306,.1572478,.0402445,.0058136,.1270663,0,.1260521,-.0032745,.0916371,-.1091001,-.0158382,-.1330294,-.0096329,.0037294,-.0113659,-.0002888,.105266,.4876339,-.2381915,-.5741732,1.821869,-5.043139,.48208,-1.73836,.0180864,-.0486884,-.0261387,.0565215,.0578064,.056944,.1607174,.1809485,.1136551,.0737651,-.0355949,.1723843,-.0005356,-.043929,.1168746,1.104469,.098244,.0058709,.0599769,-.0070252,-.0159201,.0152547,-.0283959,.0421254,.1213966,.5997318,-1.687241,-2.12e-10,.1698886
.0499698,.0084925,-.0254267,-.0216524,-.0404819,-.126913,-.0605052,.1511121,.019296,-.0126255,.0705904,-.4574704,.2965861,-.0012003,.3776236,-.0651513,-.0054961,-.1143465,-.0232394,-.0148037,-.0053996,-.0009586,.5114878,-.8775355,-1.195012,.3427461,1.755594,-5.086333,2.012516,-1.571139,-.1539576,-.1769425,-.2182129,-.1592201,-.0889102,.0286965,.0663322,-.0702856,.0720009,.012992,.0534755,-.0501944,-.0412924,-.1071011,.1039019,.9958885,.0921645,.0066387,.0506605,-.0292689,.0284548,.0400672,-.033701,.0565714,.1142136,.5971789,-1.327677,-2.02e-10,.1688131
.1575246,.2813734,-.0061663,.0395645,.0691274,.164836,-.0325838,.2123878,.0185502,-.0142687,.1841594,0,.1178776,.0929703,.222111,-.1442324,-.0175115,-.1140159,-.0162892,.0221485,-.0007137,-.0009787,.3169708,.627875,-.8817933,-.501665,1.487717,-4.088365,1.452102,-2.568615,-.1016005,.0022847,.0007869,.1262614,.1168784,.0513129,.042442,.0445671,.1063349,.0482392,.0639123,.0395494,.1119228,.0525049,.1376806,1.293584,.0657035,.0928899,.0644859,-.0141696,.0140623,.058824,-.0302419,.01319,.1193303,.6204744,-1.926505,1.60e-11,.1692663
.1333683,.0107947,.0293039,.0071317,.0471717,.173842,-.1043145,.1757588,-.0066881,-.0108088,.1558525,-.4569969,.0636849,.0385976,.1400461,-.0427521,.0054255,-.0758113,-.0289392,-.0015871,-.0054421,-.0005668,.6741368,-.9633042,-.0934302,-.4567115,1.544449,-4.996895,.1947884,-1.122844,.0586131,.0230672,-.0034195,.1540602,.1406823,.0172975,.0568838,.2535057,.1257874,.0671159,.1326061,.2259546,.1282347,-.0700555,.1180847,1.130942,.0645172,.1252768,.1138416,-.0943385,.0027247,.0293453,-.0681188,.1341514,.114315,.5774422,-1.714228,5.24e-11,.1697169
.0478735,.1834336,.0088072,.0543536,.070446,.0301461,-.0784159,.2198332,-.0253938,.0002823,.215312,-.5373626,.138764,.0320711,.1444682,-.1266412,-.0095163,-.146566,-.0237981,.0020565,-.0065738,-.0005575,.5344409,-.4070129,-.0009213,-.8216292,1.001866,-2.729184,.0627112,-1.673513,-.0659193,-.0744162,-.0109078,.1110394,.1265664,.0161485,.0475492,.0696504,.0901006,.0277677,.0238515,.071329,-.1931849,.0104015,.0996402,.9401827,.0828227,.1334053,.103186,-.0846686,.0083329,.0753097,.0060099,.0044225,.1334359,.6670293,-1.591087,2.30e-10,.1683428
.1981323,.2197139,.027802,.0539353,.0526349,.1896258,-.0391629,.1390779,.020539,-.0326293,.1404903,-.4257113,.1549959,.0772833,.2157031,-.0174402,.0091529,-.0197775,-.0241399,.0218794,-.0089068,-.0006834,.4578036,.4522189,.0885031,.2264131,1.179561,-3.156687,-.0963722,.224738,.0968938,.0829897,.118129,.2517589,.2992995,.0203732,.0510834,.2196977,.124131,.0443,.0616301,.1914793,.0885637,.0277709,.1053768,.9888227,.0692192,.062921,-.1040617,.0889852,-.0100347,.0256413,-.0162708,.0395979,.1222978,.6336302,-1.722752,1.68e-10,.1722641
-.0410907,.1701016,-.0401569,.0073233,-.0200359,-.2156713,-.1344837,.1530248,.0040317,-.006237,.1126752,-.4508476,.1650046,.0284373,.209727,-.065147,.0261335,-.0491514,-.0193208,-.0047025,.0046217,-.0012937,.4058386,-.5707138,-.7176325,.4361656,1.259458,-3.259218,1.201777,-.7178351,.1490836,.1619775,.1768768,.2537484,.3299071,.0408649,.1035881,.3923576,.1046789,.0169936,-.0559977,.2942629,-.2781994,.00135,.1227455,1.178888,.0594419,.096563,.1383054,-.1414859,-.0051394,.0636368,-.046672,.0919245,.1223245,.5948309,-1.984407,8.98e-11,.1654755
.1667525,.0459958,.0291924,.0494074,.0284226,-.139836,-.1042343,.1704683,-.0131939,-.0091527,.180435,0,.0646524,.0621884,.1726249,-.0626939,.0191279,-.1028438,-.0251364,-.0336869,.0054351,-.0014952,.6193323,-1.773789,.3291196,-1.19947,1.938396,-5.36987,-.4084067,-1.813137,.0359924,-.0084845,.0584653,.193885,.2555275,-.0207146,-.0213473,.1430286,.1240566,.0559088,-.0195711,.1980316,-.1318365,-.051477,.0684282,.6748829,.0867998,.0722102,.0571921,-.0138023,.0288865,.0662964,.0030074,.0369235,.1144596,.595686,-1.337579,-1.75e-10,.1711406
.2079677,.0323964,-.0022731,.0021881,.0353066,.0909821,.0230365,.1787647,.0009112,-.0293038,.1721978,-.465682,.096196,.0275738,.1451699,-.0710811,.0114397,-.1386646,-.0244367,.003386,.0056194,-.0013015,.5923401,-.3894618,.5824049,-1.946933,1.04712,-4.120057,-.8662725,-2.590089,.0778206,.0247253,.0423001,.2101225,.2242549,.0107031,.040576,.2753353,.1281345,.0777837,.1057077,.2098674,-.0669257,-.0260129,.0843627,.7956197,.0703486,.0772312,.0230572,-.0212258,.020667,.0078084,-.0594021,.0983513,.1146087,.5631524,-1.270574,-1.23e-10,.1717788
.1842525,.0903583,.0378361,.0373948,.0313481,.2427518,-.0213557,.1880817,-.0082941,-.0292961,.2139131,0,.0551489,.0356878,.0380032,-.0784151,.0083229,-.1075785,-.023829,-.003417,.004867,-.0012607,.6125922,-.3429962,.0147442,-.5844631,1.706806,-4.915734,.0856965,-1.21858,.1649741,.1472082,.1352462,.2680418,.283566,.0435077,.1000925,.2913927,.1114456,.0380988,-.0163609,.2177442,-.1380185,.0030073,.0974551,.9430629,.0639513,.0610858,-.0046669,.0027478,.0057643,.0225849,-.0386088,.0761273,.1056033,.5144292,-1.683802,-2.27e-10,.1723658
.0266731,.1767928,-.0151423,-.0320231,.0155738,-.0958309,-.0942451,.1623598,.0305176,-.0169986,.0919836,-.4127371,.0819459,.0181718,.1770131,-.1548253,-.0021464,-.1348924,-.0293094,-.005379,-.0008948,-.0008845,.6773055,-.860656,-1.057061,-.3601241,1.583769,-4.861836,1.7227,-2.536969,.0156816,.0762686,.0425058,.1467866,.1766783,.0688865,.1001958,.1214228,.1027177,.0438435,.0572345,.1404749,-.0215648,.0532261,.1009599,.9616324,.0672369,.0705408,.0120451,-.0213404,.0191232,.0584905,.0031383,.051672,.0788253,.3872374,-1.377714,-1.53e-10,.1703232
.0067439,.0274916,-.0663331,-.0641804,-.0455822,-.1900295,-.1870793,.127665,.0224698,-.0055984,.0854907,-.4679298,.2072406,.0274848,.2448188,-.0301144,.0070396,-.1164869,-.0177402,-.0441084,-.0086804,-.0007123,.2453817,-1.78919,-.5991544,-1.927458,1.308508,-3.461556,1.056827,-4.640366,-.0976701,-.0470887,-.057123,.0270032,.0520365,.0849287,.1115632,.0298269,.121841,.0545964,.0312441,.0033338,-.0337478,.0979746,.1223747,1.150454,.0781845,.0923781,.0538708,-.0424313,.0129162,.0624391,-.0140983,.0721582,.1308518,.6761327,-1.646728,2.68e-10,.1753441
.1069393,.1341458,-.0068238,-.0281321,-.0499955,-.093441,-.0825094,.1642061,.0133542,-.0145954,.1279649,-.4686407,.0779653,.039278,.1165347,-.0895914,-.0003854,-.1480073,-.0232259,-.0124369,.0022478,-.0012363,.5055274,-.8799053,-.3272116,-1.822788,1.177181,-3.02948,.6087479,-3.924105,.032416,.0649224,.0439079,.1492401,.2225743,.0816387,.0868908,.1897275,.0714107,.0226153,.0631294,.1900139,-.1011814,-.0042532,.0787903,.7455089,.0815209,.0513204,.0573643,-.1098512,.0179817,.0609821,-.0091801,.1157631,.1062948,.5326929,-1.19573,1.95e-10,.167138
.1262114,.161204,.0017307,.0407277,.0398092,.5621524,-.0854437,.1886409,-.0132735,-.0099325,.162482,-.4321012,.0531282,.0513784,.1158042,-.0557523,.0129377,-.0700165,-.016462,-.0402443,-.00599,-.0004783,.3133156,0,.5112653,-1.04643,1.892676,-5.193689,-.6996479,-1.382988,-.0321727,.1644465,.1190033,.2273079,.2921856,.0230326,.0810528,.0917693,.1174467,.0829407,.1102177,.084682,-.1683153,.166192,.1220336,1.16444,.0716931,.0826668,.1001845,-.0618363,.0362776,.0292606,-.0305826,.0661709,.1053262,.5339769,-1.822097,-6.00e-11,.1720031
.0920972,.0933523,-.0096757,-.0106451,.0169904,.125469,-.0650619,.1438541,.0344966,-.0232527,.1033048,0,.158434,-.0167123,.238268,-.0925375,-.0144038,-.0836688,-.0121385,-.0191679,.0017444,-.0009946,.267452,-.9390537,-.2371311,-.7177504,1.563396,-3.79327,.4535226,-1.880213,.0225934,.1707417,.1650074,.2820967,.3344474,.0359034,.0760052,.1256648,.1321109,.0621277,.0546893,.1524157,-.0025675,.1450471,.1220849,1.1577,.074314,.0205798,-.0136844,.0561802,.0043398,.0347691,-.0309091,.0200181,.1073958,.5355499,-1.855547,1.97e-10,.1668237
.0711207,.1153312,-.035923,.0018248,.0042852,-.0705783,-.092578,.1701422,.0243402,-.0057703,.1345371,-.4870512,.04566,.0499048,.1390407,-.1483771,-.0118341,-.170837,-.0282787,-.0262773,-.0112446,-.0004753,.5898635,-1.375309,-.3449922,-.8484591,1.649649,-4.523925,.6461046,-2.213863,.0006402,-.0115931,.0026773,.1407699,.2273036,.0251896,.0397034,.2087887,.0850318,.031175,.0514514,.1368907,-.1590729,-.0252368,.1163496,1.111992,.0825352,.0751067,.0163694,-.0080645,.0177204,.0507636,-.023593,-.0008258,.0911098,.4398196,-1.449703,-7.73e-12,.1673833
.142468,.1567148,.0204708,-.0182492,.0375525,.0155384,-.109444,.1884946,.0165708,-.0182613,.1854528,0,.008643,.0107353,.0875895,-.1251496,-.0049883,-.1769497,-.0217302,.0051701,-.0085456,-.0007035,.4667151,-.0478804,-.6265098,-.468811,1.376567,-3.737615,1.049657,-2.04841,.0599148,.0923778,.0739272,.1511135,.2376051,.0762531,.1310445,.1806666,.0913549,.0128017,.1190842,.1573786,.1180259,-.0095953,.0996523,.9386823,.0808935,.053302,.0232917,-.0066137,-.0010073,.0314324,-.0263415,.0796835,.0786303,.4004045,-1.384177,4.44e-12,.1668652
.1348905,.1491636,-.006888,-.0622504,-.0245775,.1361144,-.1420548,.1849669,.0209442,-.0115118,.1489377,-.5369329,.0123202,.0252654,.1039845,-.10934,.0157158,-.1363772,-.0372936,.0110944,-.0001445,-.0009649,.900592,-.3816114,-.554607,-.8902498,1.141385,-2.871223,.9343385,-2.676684,.1754456,.2505055,.2535295,.3581823,.4415621,-.00019,.0599206,.3894489,.0908969,.0184125,.0036153,.3260036,.0313018,.0170914,.1093853,1.058659,.0717017,-.0215756,-.0426865,.0814439,.0024947,.0341428,-.0085914,.0362256,.1062149,.5300849,-1.745618,2.66e-11,.1700399
.0840229,.17757,-.0018395,-.0004437,.042394,.2085561,-.1249091,.1562206,.0040246,-.0113124,.1398754,-.4474208,.1248035,.0358598,.2132442,-.1193801,.0145801,-.0963804,-.016653,.0095423,.0088197,-.0015973,.3620304,-.0763572,-.3141218,.5480991,1.743351,-4.606927,.5760144,.2542016,-.0780744,.0786325,.0299101,.1439968,.1912019,.0554776,.0880733,.0655812,.1132363,.0481521,.0400294,.0593022,-.1592664,.0946113,.1340622,1.25798,.1113409,.0748037,.0456175,-.038083,-.0000997,.0918426,.0278091,.040957,.1227853,.621224,-2.094984,1.25e-10,.1659064
.147141,.1779674,.0375925,.0678158,.0933595,.1563002,-.118221,.2001756,-.0144213,.0048362,.2316957,0,.0799612,.0129938,.1284242,-.0802907,.0049616,-.1023219,-.0278184,-.0102804,-.0012745,-.0011041,.6162754,-.9844166,-.7177047,-.4000914,1.70865,-5.010357,1.2183,-2.16284,-.0002028,.0531714,.0565755,.2412901,.259479,.010175,.0195961,.1876114,.1098883,.0683888,-.0796698,.1263079,-.2431936,.0601709,.1247729,1.190926,.0913007,.0332994,.0144012,-.0424197,.0002637,.0604469,-.0422085,.0619626,.118516,.5907829,-1.923292,2.24e-11,.165327
.092425,-.0792232,.0059642,-.0440258,-.0151225,.1922421,-.1098917,.1842379,.0130756,-.0033511,.1686225,0,.1214311,.0265754,.1767122,-.1233314,-.0050263,-.1802227,-.0260131,-.020556,.0054238,-.0013171,.6281163,-1.123605,.0915547,-.2842112,1.384747,-4.255584,-.0650021,-.6491002,-.0425175,.0458786,-.0438986,.0382026,.1058092,.0549206,.1161463,.045401,.1041032,.048139,-.0165355,.0141357,-.1081367,.0521742,.1194162,1.159251,.099167,-.0228179,.0416462,-.0131243,.0305883,.0322218,-.0065389,.0536829,.0978275,.4761194,-1.641461,8.98e-11,.1669606
.1359693,.0302381,.0236768,.0377615,.0432445,.1203596,-.0280866,.1519163,.0172073,-.019737,.1786765,-.4756166,.1649608,-.0012918,.2080591,-.1030845,-.0058164,-.1536134,-.0219869,.0165076,-.0092292,-.0005318,.4503893,.5898159,.0951293,1.138999,1.0659,-3.122934,-.0575518,1.660255,-.1172734,-.0661978,-.061129,.0508738,.0583994,.0533032,.082827,.0101688,.1236399,.0625271,.0767588,-.0336195,-.0553672,.0698834,.1308533,1.214501,.092563,.0474701,-.0017274,.0317388,.0043804,.0451807,-.020898,-.0327223,.0933903,.466721,-1.692315,-6.32e-11,.1726793
.1888141,.2136833,-.0009989,.001291,-.0024608,.1494209,-.0602616,.1518295,.0081854,-.0120629,.1122198,-.4289597,.1574746,.0216132,.195675,-.0872917,.0088917,-.1129287,-.0212012,-.0238316,-.0121918,-.0001986,.3894076,-1.347718,-1.006947,-2.113393,1.796933,-5.347415,1.72177,-5.406143,-.1161351,-.0732508,-.0750775,.0630221,.0350089,.0537803,.1117125,.0072482,.1206333,.0541151,.0738664,.0166743,.0522413,.0797584,.0979615,.9259723,.0994536,.0761635,.0879173,-.0807722,.0158292,.0820548,.0150831,-.0108067,.0981912,.4958737,-1.247883,1.15e-10,.169864
.0776316,.0590397,-.00121,-.0104382,.0092376,.0422712,-.0703107,.1192593,-.0025688,-.0257082,.0635761,0,.0616544,.0241297,.2144321,-.035326,.0083057,.0210575,-.021924,-.0115405,.0001476,-.0008341,.4731187,-1.003843,-.3640801,-.7198883,.8923178,-2.220424,.6490297,-1.876007,-.0386507,-.0100483,-.0882432,.0980993,.1450309,.0591338,.0845695,.0692949,.1115476,.0831635,-.0938123,.1047005,-.207163,-.014271,.1252418,1.216362,.1067001,.0860256,.1055606,-.0896702,-.0215547,.0487995,-.0354434,.0679657,.1371155,.6935794,-1.780534,-4.54e-11,.1609358
.1485717,.0035862,-.0974608,-.1253832,-.1256423,-.0769385,-.2401227,.1315621,.0223004,-.0046634,.0535556,-.4872832,.107054,.0030927,.1834408,-.0590548,.025779,-.1057728,-.0137149,-.0118232,.0017759,-.0012238,.3452033,-.5695807,.3219455,-.2836164,1.806865,-5.032361,-.3982246,-.2272534,-.0183865,-.0400815,.0262177,.1810766,.2699789,-.0215536,-.0015278,.0319248,.0965687,.0335265,-.033423,.0759926,-.0700323,.0243449,.1065016,1.025304,.0818019,.1323804,.0862115,-.1010758,.0112039,.0242659,-.0524081,.0862736,.1152405,.5712807,-1.531078,3.94e-12,.1683088
.0856193,.0372507,-.0468129,-.0909156,-.0656632,-.0255401,-.0562906,.0948773,.0253052,-.018553,.0707,-.4286413,.100138,.0402872,.2115763,-.0083042,-.0000583,-.1777352,-.0254514,.0359541,.0106259,-.001755,.5918362,.8741666,-.2828232,-.6775721,1.179552,-3.002486,.5565171,-1.899002,.0793842,.0367559,.0143654,.1000484,.1111046,.043551,.1380376,.2042495,.091409,.0404779,.0194807,.2111881,-.0047727,-.0736103,.1096962,1.037925,.0818355,.0506104,.0543118,-.0215701,.0073426,.0873064,-.0190857,.0414113,.104586,.5144905,-1.540352,-2.42e-10,.1710795
.1625074,.09419,.0127553,.0178413,.0304151,-.084317,-.0730188,.1417828,-.0043226,-.0159127,.1113882,0,.1591591,.0453745,.2749307,-.0530495,.0061565,-.0634567,-.0338629,-.0204184,-.0061189,-.0008423,.7768986,-1.475935,-.2498028,-.9770298,1.31618,-3.459487,.4554785,-2.382427,.1082819,.0737074,.085924,.1924977,.2310039,.0531352,.0903673,.2702002,.1148122,.0641748,.0828598,.2445805,-.1387996,.0143567,.1018892,.968218,.0701408,.0640491,-.0410537,.0808826,-.0033534,.044829,-.033671,-.0186516,.1198913,.6280543,-1.617073,-1.46e-10,.1716809
.1856918,.1597712,.0220852,-.0007566,-.0058684,.2223482,.0077047,.1466164,.0386688,-.0184454,.1323621,-.4144746,.0820969,.0758727,.2022884,-.0906442,-.0113612,-.1074985,-.0126282,.0013303,.0000376,-.0010309,.1938205,0,-.4564265,-.6103162,1.22867,-2.902249,.7902183,-2.068222,-.0974607,-.1648583,-.1915221,-.1003415,-.0242537,.0156307,.0665638,.0037434,.0652179,.0110391,-.0689176,.0340779,-.1178585,-.1307117,.0952605,.9155137,.0859742,.0640272,.1071466,-.0746603,.0323904,.0569658,-.0302815,.0682754,.1328948,.6797919,-1.329726,-7.65e-11,.169423
.171677,.096777,.0045363,.0161965,.0112734,.1183833,-.0560644,.2012008,.0265705,-.0135705,.1765116,-.5437094,.0129769,.0194116,.1191732,-.145882,-.0028339,-.1864063,-.0243715,-.0526856,-.0023071,-.0007936,.5428295,0,-.2076042,-.6867013,1.181314,-2.785373,.4464357,-1.746483,.0615758,.1858128,.1922053,.3231904,.4080507,.0426501,.0142247,.1875112,.0946829,.0291509,.0979907,.2240193,.0207664,.0779415,.1151109,1.082079,.0706415,.0177586,-.0121507,.0272085,-.0228322,.0332061,-.0537242,.05319,.1299508,.6580345,-1.889448,1.57e-10,.1651429
.2420813,.1176913,.0495388,.0135759,.0503463,-.0012577,-.0309884,.0918098,.0223739,-.030369,.1326469,-.4354898,.2278814,.0150198,.2386328,.0136557,.0009755,-.0871698,-.0025402,-.0177066,-.0032438,-.0008937,-.0280972,-.207812,-.6209029,-1.340406,1.339118,-3.060659,1.058328,-3.489082,-.0266002,.0413576,.0371538,.1787057,.2659671,.0478098,.0671331,.0398248,.0759014,.0343616,-.0669801,.1392205,-.1305792,.052201,.1441249,1.353884,.0511504,.0835436,.0354682,-.0324462,-.0140615,.0805809,.0185326,-.0477187,.1004714,.5133682,-1.813603,-1.27e-10,.1726892
.138278,.0399967,.0106687,.0064905,.0260402,.0787591,-.0480481,.15294,.0266258,-.0246932,.1414701,-.4739133,.0699131,.0343995,.1130184,-.1059176,.0150522,-.1147289,-.022888,-.0105461,-.0053806,-.0008569,.4908606,-.8269047,-1.094824,-.9644364,1.265762,-2.84516,1.829961,-3.627586,.0633047,.1084909,.0994021,.1963338,.1828914,.0469218,.1406978,.1217224,.1206166,.0553582,-.0417335,.2015224,-.0082006,.0499616,.0948632,.9014086,.0493518,.0031722,.0371194,-.0395615,.0075569,.0740963,.0152282,.0163412,.1107348,.5526285,-1.534988,-2.27e-10,.1682737
.0556175,.0829985,-.0469941,-.0561981,-.0598969,-.0579069,-.1327931,.1684535,.0217302,-.0097459,.1112211,-.4738228,.0722034,.0213786,.2114819,-.0589655,.0097761,-.1355214,-.0173397,-.0497845,-.0024789,-.0007083,.3426934,-1.97968,-.6267973,-1.354272,1.633809,-4.440209,1.065732,-3.497471,.001348,.0706924,.0128152,.1393307,.1976064,.0295773,.0298167,.1130368,.0927906,.0511058,-.0090564,.1567388,-.1461582,-.0005294,.1259701,1.186749,.0815761,.0383844,.0461863,-.0574859,.0274466,.0444954,-.0243345,.0797405,.1100563,.5682015,-1.678298,-3.38e-11,.1715535
.1972586,.0654721,-.0040442,-.0456523,-.0165654,-.0075665,-.1399566,.1614572,.022182,.0022044,.1367129,-.506503,.1931385,.0556835,.2476856,-.0603799,-.0080277,-.1023556,-.0143299,-.0035473,.0016462,-.0013914,.246966,-.2683013,.0515034,-1.103405,1.472546,-3.992229,.0236301,-2.11596,-.1154641,-.0406986,.0096523,.177184,.2160522,-.0240216,.0186018,.0294165,.0864921,.0366361,.0855155,.0767099,-.0243753,.0282264,.1182965,1.13847,.0707127,.0807016,.1109817,-.0902285,.0113113,.062976,.0046374,.0141202,.1237695,.6221082,-1.638408,3.97e-10,.1669713
.1554007,.1816388,-.0801566,-.0278169,-.0415845,-.105385,-.2004403,.2097582,.0166689,.0178326,.102769,0,.2108714,.0486672,.2718392,-.1449907,.0023957,-.0690043,-.0137976,-.0447769,-.0055737,-.0006716,.2460439,-1.725363,.9110069,-.1762622,1.458026,-4.027913,-1.327765,.8214222,.2642426,.2414601,.1963371,.3263986,.359067,.0593575,.0663402,.3481327,.0828149,.0257406,.0106999,.3833937,.2455469,-.0637629,.1220097,1.151867,.0876148,.0810194,.0589314,-.0650697,-.0085828,.0746381,-.0181886,.0207412,.1028286,.5169708,-1.839331,-6.69e-11,.1684514
.1694459,.1112841,.0243059,.0512357,.1051879,.3929138,-.0075509,.1606805,.0024787,-.0313908,.1339755,0,-.1961689,.0519317,-.05845,-.1369464,.0125565,-.0313496,-.0169569,-.0086152,-.0095397,-.0004483,.342812,-.6786653,-.7046565,-1.579051,1.470301,-3.563623,1.224088,-4.026611,.25431,.3668447,.2674591,.4148948,.418203,.0571202,.0664372,.3564017,.0740589,.0369118,.0300158,.3843619,.1261294,-.0019677,.1089576,1.031561,.0792711,.0450903,-.005985,.0143744,.0046216,.0652428,.00759,-.0256952,.1285614,.6573795,-1.883093,7.47e-11,.1723917
.0417781,.0290822,-.0525136,-.0363129,-.0520805,.0042006,-.1806229,.1612338,.0274274,.0021889,.0906772,0,.1218992,.0175647,.2157785,-.0857517,.0049807,-.0864483,-.0113434,.0075958,-.0036037,-.0006303,.2107183,-.0896556,.0991674,-1.609518,1.325958,-3.675085,-.0638977,-2.781089,.1038146,.051868,-.0092292,.1134639,.1521396,.0770559,.1074294,.254884,.102585,.0628966,.0814329,.2325486,.0172668,-.0805367,.0996478,.9413347,.0705051,.0833218,.080337,-.1075646,-.0173475,.0582547,-.007575,.0224767,.1174113,.5758886,-1.479617,1.58e-10,.1685114
.1068559,.0649667,-.0675037,-.0416135,-.0576791,-.0099286,-.162687,.1948314,.0144957,-.0013777,.1804605,0,.0733357,-.0073912,.1490045,-.0913931,.0230434,-.1414492,-.0187928,-.0091853,-.0051248,-.0006334,.4155254,-.2276273,.3581563,-.7262533,1.122083,-1.86634,-.5009737,-1.065605,-.0473149,-.0565764,-.0274181,.0965726,.1573491,.0286189,.0687828,.0782482,.1107307,.0533616,.048457,.0631528,-.0558247,-.0044319,.1500732,1.401594,.0849198,.0140073,-.0738102,.1024973,-.0130715,.0457881,-.0425215,.024346,.097632,.5192444,-1.797781,-2.24e-10,.171055
.2159736,.1090574,-.0145275,-.0414773,-.0496781,.046193,-.06707,.1468278,.0226789,-.0190252,.0917351,0,.1729896,-.0208645,.2486793,-.1058314,.0072265,-.1148214,-.0112182,-.025974,-.0038936,-.0008803,.2490776,-.7382373,-.5891334,-1.336954,1.071988,-2.666299,.9716535,-3.334507,-.0018046,-.0277319,-.0066301,.1391469,.1785882,.0234744,.0722782,.1315887,.1035635,.0418695,.0527864,.1476603,-.0028187,-.028009,.1204974,1.112843,.0853635,.0566472,-.0073762,.0056189,.025024,.0354321,-.0303445,.0570438,.0920632,.4392746,-1.401267,6.66e-11,.1640516
.0629557,.0545482,-.0057533,-.0316492,-.0159699,-.1163229,-.0927428,.1696837,.0219099,-.0035617,.1605772,0,.1577788,.0190401,.1489343,-.1023143,.0006508,-.1529413,-.0150464,-.0171258,.0048058,-.0010919,.3022363,-.616203,.6179752,-.8153121,1.38217,-3.387578,-.8851578,-.7328072,.1564495,.2066995,.1842335,.2944148,.3002358,.0652002,.121921,.3314626,.1184139,.0551182,.1113611,.325252,.0162935,.0563659,.1363693,1.25958,.0760713,.0137946,-.0167642,.0157657,.0315951,.0571805,-.0100166,.0343399,.0829498,.4165977,-1.91968,-8.03e-11,.1694064
.1525698,.1410621,.0434745,.0480223,.0102068,.1147387,-.03826,.1975187,-.01072,-.019472,.2014508,-.4426103,.0738556,.0466295,.1317779,-.1065583,.0187309,-.140083,-.0163915,-.0171694,-.0060785,-.0006938,.3144201,-.8680645,.322373,.8028061,1.291229,-4.074369,-.4912652,1.721804,.1106939,.2023403,.186581,.2947408,.3612488,.0477522,.0752832,.2555702,.0787755,.020556,.0509698,.2059626,-.1637734,.0516327,.0968318,.9162052,.0587302,.0262725,.0678935,-.0563331,.0201089,.0246118,-.0282718,.0805539,.1219497,.6086261,-1.767532,-5.11e-11,.1671522
.1585953,.1733723,.0503466,.0583986,.0657534,.1309519,.0018835,.201855,.0016171,-.0175852,.1978544,0,.0750013,.0350955,.1609427,-.1023431,-.0005804,-.1449102,-.0160424,-.0185988,-.0108367,-.0005025,.287105,-.7071259,-.9980096,-.8986332,1.742355,-4.946122,1.700748,-3.270935,-.183237,-.0017459,-.0516728,.0828453,.1149135,.0305509,.07837,-.0017207,.1243977,.0771046,.0983647,-.000592,-.1703304,.0887693,.1086486,1.037325,.0760177,.0438912,.1165985,-.1034905,-.0053754,.0586363,-.0196182,.0708098,.1179933,.5868882,-1.588863,1.75e-10,.1696091
.2270229,.1266189,.003963,.0573698,.0331708,.0595689,-.074197,.1928824,-.009277,-.0069359,.1722519,0,.1432871,-.009493,.2087309,-.1155996,.0185295,-.060962,-.0170507,.0204634,-.0039805,-.0006855,.3548127,.6915181,.3017815,-1.251659,1.360993,-4.227344,-.3865349,-1.960061,-.0464379,-.040349,-.0098959,.1303948,.1670554,.0318635,.0614349,.0971219,.1211698,.0749884,.0160132,.0912821,-.0790769,.0471616,.1054161,1.00017,.0488365,-.018139,-.0404807,.0106895,-.0003891,.0725077,-.0172501,.0083216,.1374051,.6945939,-1.655419,-3.69e-11,.1675527
.0875417,-.1107026,-.062442,-.0766386,-.0873496,.1819735,-.1032716,.0522848,.0637523,-.0433081,-.0181241,0,.1411966,.0258883,.2277395,-.0288969,-.0026945,-.0981692,-.0069065,-.0068414,.000282,-.000749,.0721687,-.1918499,.1938879,-1.198142,1.707651,-4.3024,-.1803894,-2.057876,.1218429,.1629699,.0890513,.15489,.1882958,.061623,.1309395,.2138105,.1561558,.0903755,.0457341,.2566274,-.1283766,.0083901,.1024994,.9696004,.0892906,.0503781,.0447423,-.017196,-.004086,.0186781,-.0185726,.026885,.1144322,.5915474,-1.492754,2.78e-10,.1745337
.0969836,.0617917,.0011193,.0052943,.0295937,-.0039018,.0012521,.1679812,.0142015,-.0282031,.1066668,-.4659829,.0817979,.0262248,.2428085,-.0958599,.0103462,-.0890107,-.0279203,.0006263,-.0008307,-.0012247,.5899043,-.5353738,-.8558279,-.759128,1.227809,-3.499953,1.459427,-2.960279,-.0198043,.0566302,.0686236,.1415862,.2390435,.0492554,.0833711,.2281966,.0826414,.0154157,.0348543,.1731538,-.0483231,.0234906,.1214103,1.13832,.1010644,.0257736,.1097487,-.0921128,.0269868,.0135306,-.0224502,.0868209,.0835469,.3992276,-1.541152,2.41e-10,.1735641
.0837387,.0237687,-.0171963,-.0265538,-.0264107,-.0829871,-.1255922,.1524585,.0061689,-.0099768,.1508975,0,.1356961,.001973,.1281432,-.0756631,-.0057876,-.1014501,-.022943,-.0449073,-.0052325,-.0007246,.4959578,-2.054945,.1069817,-1.431884,1.837963,-4.291896,-.0676165,-2.571449,-.0097809,-.0101763,-.0088669,.1579127,.1765504,.0487097,.0518994,.1551608,.1656321,.1155609,.1515481,.1388358,.0669252,.0497852,.0719161,.6749399,.0914024,.0640374,.0747466,-.086638,.0017844,.0490623,-.0253666,.0541612,.1073065,.5422778,-1.220954,-4.50e-11,.1653307
.1685865,.1788006,.0224977,.0586158,.08523,.0484126,-.0034422,.1666925,.0054714,-.0340334,.1752169,-.4188772,.0891864,.0112718,.1470347,-.1238797,.0136446,-.1005865,-.025881,-.0200161,-.0006865,-.001049,.556511,-1.264407,.6569388,-.2478932,.9335771,-2.559272,-.9752367,.3849156,.1342554,.1454421,.0875807,.2115422,.2134839,.0645106,.105246,.296356,.0792904,.0090091,-.0176402,.2741654,-.1659582,-.0569959,.1315531,1.255136,.0830572,.0024871,.0212906,-.0292203,.0122414,.0594966,-.0365079,.0619026,.1158829,.5510538,-1.899397,2.90e-10,.17025
.1906418,.0734654,-.0238991,.0254355,.0162335,.1354643,-.0650424,.192036,.0035011,-.0032263,.1616867,-.5109884,.1033775,.079278,.2360004,-.0758702,.0046349,-.0930733,-.0149022,-.0088777,-.0001947,-.0011934,.2365004,-.5498052,-.413809,-.9844939,1.306447,-3.522511,.7523958,-2.543146,-.1892937,-.1499462,-.1680852,-.0132749,.0453678,.0228081,-.0056967,-.0950344,.1188238,.0668306,.0442985,-.0298715,-.080116,.0013371,.0958683,.9013957,.074525,.1099536,.0949727,-.0890208,.0040211,.0659663,-.0121044,.0188166,.1300605,.6529445,-1.348783,5.87e-11,.1693468
.1580297,.1401113,.0028727,.0431303,.0238496,.0230784,-.0362824,.1956982,-.016182,-.007442,.191706,0,-.0139714,.0604196,.0608822,-.047226,.0085348,-.0717784,-.0266819,-.0479619,-.0004086,-.0010707,.604941,-2.462902,-.1597976,.017469,1.640585,-4.574357,.3275408,-.200852,.0664938,.0538181,.0062259,.1853755,.2302815,.0421162,.0403284,.2062945,.0881396,.0358872,.0213761,.217079,.0865724,-.0535606,.1046629,.9954777,.0642368,.0733406,-.0263883,.0088416,-.0021576,.0567579,-.0037433,.0802911,.1244103,.612436,-1.689635,1.02e-10,.1706718
.1374283,.0210611,-.0330816,.0409118,.0377604,.0961043,-.0072072,.1850535,-.0070037,-.0200981,.1196546,-.4030821,.1996492,.0837462,.2255939,-.0623598,.0033611,-.053039,-.0218291,-.0167772,-.0119958,-.0001436,.4568737,-1.062106,-.0669788,-1.145741,1.763855,-4.759786,.217011,-2.362767,-.0596896,-.0110097,-.0419293,.061078,.0767874,.0823797,.1344021,.1071352,.0977741,.0259649,.0277401,.0522871,-.0577856,.0540229,.1369326,1.287782,.0985678,.0346012,.0246807,-.0206083,.002324,.0695718,-.0062062,.0687865,.1206318,.5771142,-1.89264,-5.01e-11,.1628099
.0851964,.1173176,-.0371655,-.0118508,.0043732,.1162478,-.1242137,.2077824,-.0110153,-.0186498,.1393349,-.4861707,.0897506,.023543,.1246061,-.1430689,.0023016,-.1159527,-.0184883,.0047756,-.0120467,-.0002463,.3911579,-.1375335,.258274,-.2258369,2.516424,-7.63029,-.2378051,-.3581183,-.0428164,.0222238,.0366702,.1635205,.1843251,.02639,.053049,.109727,.1290544,.0650445,.2713847,.0546474,-.064429,.0833583,.0842237,.8061335,.0873906,.01326,-.0100216,.0210465,-.0132005,.0823514,-.0041204,.0376664,.1232235,.618438,-1.505846,3.05e-11,.1688393
.0592232,.0197844,.0304375,.0298632,.0326318,.0537282,-.0121297,.139609,.028673,-.0256257,.1374414,0,.0184278,.0444284,.1484311,-.0854967,-.0144167,-.0930189,-.024039,-.0437123,-.0017614,-.0010407,.4942322,-1.924833,-1.305763,.0046409,1.914237,-5.387739,2.193225,-2.384317,.1121906,.1762757,.1411021,.2577649,.3388159,.0427946,.0361831,.2068966,.1154777,.0284888,.0342322,.2611407,-.1788329,.0161989,.0876783,.8237644,.0712033,.016819,-.0357456,.0582521,-.0142021,.0346089,-.0392256,.0834261,.1292955,.6611715,-1.619279,2.89e-11,.1672516
.1905652,.077643,.0082932,.0343695,-.0167285,.1150922,-.0332399,.1750272,-.0045052,-.0102927,.1446402,0,.1077208,.0415755,.2198938,-.0674345,.0072335,-.0671771,-.0062605,-.0244375,.0081449,-.0015968,.1033071,-1.058842,.3867382,-1.077858,1.610875,-4.612997,-.5304265,-1.413783,.0908457,.080424,-.0210252,.1170485,.1577459,.0479363,.0704415,.2313504,.0946971,.0659772,.0648857,.246403,-.0510812,-.0992551,.0955644,.9078774,.0796918,.0215096,-.0364221,.0475985,.0239798,.0367974,-.0120414,.0376548,.1120608,.5789891,-1.470579,-3.42e-10,.1714682
.1899611,.1212548,.0378036,.0166626,.0492923,.1454774,.0349904,.166316,.0147383,-.032554,.1654702,-.483651,-.0430656,.0353537,.0127648,-.079179,.0207011,-.1262931,-.0323915,.0127885,-.0021304,-.0009862,.7723527,-.4720356,.2494845,-.6550754,1.107215,-3.003459,-.2996231,-.9382334,.1317082,.2803739,.2148325,.4381192,.462744,.0175321,.0093028,.26338,.115996,.0675083,.0350038,.2250921,-.0278535,.1302111,.1072178,1.004105,.0943994,.0337164,.0445182,-.03665,.0249294,.0635003,-.0186209,.0519203,.1025738,.5172537,-1.74837,-3.05e-10,.1649773
.0626244,.0976995,-.0338013,.0197067,.0412404,.1829937,-.014282,.1683277,.022236,-.0112553,.1699909,-.4751919,.1066669,.0049017,.1142439,-.1001323,-.006316,-.1505343,-.0377181,.0054112,.0062047,-.0012187,.9429244,-.9526331,1.153398,-.4115633,1.219327,-2.672653,-1.731193,.8682009,.0636042,.2515523,.2417511,.3673405,.3920293,.0939776,.1270072,.2084813,.1084146,.0477074,.007785,.2412763,-.1005654,.1851956,.0948361,.8854623,.094278,.0344121,.0556185,-.0580166,.008534,.0564082,-.0139182,.0623415,.0721377,.3257621,-1.555056,-1.75e-10,.1715669
.1043872,.2550051,.0189456,.0201659,.0399992,-.0654605,-.0581489,.1831546,-.0248898,-.0114916,.1880814,0,.1565722,.0520306,.1639595,-.0874921,.0125686,-.0964451,-.0220988,.0342656,-.0035047,-.0007059,.4631721,1.046917,-1.13701,.7367563,1.146016,-3.68874,1.889999,-.9684777,.0329325,-.0723495,-.070511,.0688589,.1260959,.0629642,.0882289,.2033213,.1026968,.0365789,-.0369579,.1974616,.0631424,-.1126267,.0890836,.8437669,.0908772,.1173384,.1123329,-.0977076,-.0073007,.035891,-.0326555,.0754135,.1170649,.5895777,-1.501085,-2.44e-10,.1663107
.0878146,.231854,-.0092831,-.0769549,-.0138917,-.0446958,-.054725,.1201137,.0354674,-.0109054,.0867438,-.4194657,.1383642,.0348988,.1874923,-.056059,-.0007498,-.072221,-.0200973,-.0244207,-.0023974,-.0007444,.4289156,-1.018332,-.2375867,-1.417522,.8543276,-1.978057,.4386008,-2.951156,.1211654,.1728729,.1100749,.2080207,.2438296,.0936372,.1231298,.2299045,.1571122,.0804419,.0267961,.2564401,.0793919,.0338122,.1248175,1.152815,.0724543,.107205,.0637461,-.0547926,.0090605,.0475455,-.0414868,.0337585,.1357903,.7198219,-1.900568,1.77e-10,.1682048
.1829345,.2138491,.0341372,.067403,.0497991,.0891797,-.0324953,.1244051,.0165811,-.0236511,.1466125,-.3786757,.2077414,.0045967,.2956934,-.0566964,.0103116,-.1432125,-.0334191,-.008094,-.0033426,-.0007567,.7263211,-.9979636,.1871832,-1.329293,1.466,-4.411827,-.2183588,-2.233653,.0025176,.078673,.0691697,.1791362,.218842,.0604561,.1115479,.1666199,.1041763,.0453977,.1010858,.0996048,-.0720454,.0810644,.1215173,1.146274,.0980847,.0426581,.096499,-.0543245,.0216191,.0343714,-.0510509,.1281453,.0922399,.4536164,-1.653674,1.06e-10,.1669825
.0785077,.2353876,-.0514571,-.0700364,-.0503934,.0814201,-.1888342,.1983893,-.0046448,-.0028421,.1309824,0,.0341716,.0676734,.0621899,-.0694409,.0169707,-.1029932,-.0091899,.0201682,.0042016,-.0014317,.165158,.6067152,-.0313266,-.4446093,1.403283,-4.53324,.152276,-1.127215,.2019566,.2899858,.2795194,.4342315,.5005445,.0408945,.0024143,.3366894,.1039702,.0345684,.022456,.296145,.0458185,.0645274,.1029507,.9750993,.0752748,.0934919,-.0178593,-.0011763,-.0121231,.0558082,-.0003472,.0284511,.0971702,.4687293,-1.722531,3.57e-11,.1677001
.0950091,.1773083,-.0172151,.008503,-.0207574,.0008477,-.1103823,.2063432,.0066601,-.0024441,.1475627,0,.1431765,-.0026422,.1301437,-.1407634,.000968,-.14639,-.0186886,.0065223,-.002819,-.0009142,.3724929,.0204603,-.0077458,-1.340166,1.228767,-2.587724,.1130134,-2.633508,-.0961103,-.0879596,-.1162256,.0178721,.0622423,.0579452,.0802088,.0523493,.089229,.0351179,.0768548,.0826963,-.1031517,-.0457934,.0612691,.5918472,.0624238,.0707325,-.0081229,-.0150957,.0403071,.051378,.0113575,.0109602,.1132278,.578153,-1.006301,2.00e-10,.1684626
-.0139877,.3110249,.0283314,.0120141,.0487923,.0257802,.0596305,.115121,.0256948,-.0412787,.1279715,0,.0589084,.0712563,.1560622,-.0612625,-.011212,-.1144019,-.0094254,-.045842,-.0052446,-.0004608,.165706,-1.704887,-.8252638,-.2885037,1.333491,-3.481064,1.383592,-2.090626,.1522621,.2800525,.2329838,.3454829,.3480198,.0949988,.1290281,.3407927,.1172948,.0570367,.0439012,.2413808,.0655571,.122245,.1116541,1.063889,.0954619,.0071045,.0372776,-.0192102,.0173308,.0651501,-.017934,.0349413,.1012094,.4947636,-1.82796,1.82e-10,.1684698
.1257499,.1075248,-.0151504,-.0098662,.0216565,.1319952,-.0536868,.1677437,.0204246,-.0176408,.1312727,-.4542423,.1431357,.0119973,.1510302,-.0756051,.0055632,-.1303416,-.0284438,.0038953,-.0012321,-.000607,.6795838,-.6911131,-.3030783,-.414406,1.919132,-4.753637,.6152008,-1.489232,.0197423,.1808791,.137405,.2393421,.2547581,.0604989,.1373633,.2016188,.1045361,.0622103,.0429125,.1961818,-.1706496,.1297204,.1311022,1.236137,.08113,.0701196,.0747914,-.040322,.011369,.0321222,-.0390372,.0552538,.1079593,.527207,-1.987748,-4.88e-10,.1666272
.0734727,.1961068,.0203996,.0136634,.001429,-.0337922,-.0752857,.1199456,.021188,-.0171858,.1095617,0,.1364229,.0233229,.1396025,-.0723621,-.0075739,-.1111481,-.0125449,.0001891,-.0031904,-.0007768,.2066067,.0206528,.6672833,-1.075608,1.288804,-3.586277,-.9505277,-1.056654,-.0267726,-.0637656,-.0311357,.1401859,.1775519,.0256527,-.0046341,.1383943,.1332643,.0656462,-.054542,.0457736,-.0526261,-.0136658,.1070842,1.025261,.0602679,.0418109,.0257826,.0239491,-.0024857,.038607,-.0185805,.0331444,.1478901,.7649632,-1.685561,7.55e-11,.1707987
.0067876,.0963017,-.0167553,-.0251929,.010792,.0681406,-.0959375,.1238219,.0090338,-.0383701,.1008141,0,-.0078639,.0879525,.1262373,-.0427945,.0220534,-.0450347,-.022575,-.0186269,.010996,-.0017311,.5123487,-1.004783,-.0572432,-.5941547,1.332433,-4.000491,.1541527,-1.353467,.0832823,.1091456,.0100516,.1196598,.2028551,.102876,.1103211,.2167263,.1213499,.0722128,.1298294,.2085984,-.2023649,.0004828,.1113378,1.08531,.0770795,-.0063457,-.0027226,.0304444,.0099871,.0711321,-.0536642,.1140541,.1009997,.5051123,-1.638512,-1.78e-11,.1667744
.1103476,.0676527,-.0268259,-.0537364,-.0846535,.1338103,-.2258772,.1378784,.0268621,.0169809,.0874955,0,.2010984,.0063424,.2001321,-.0096335,.0126282,-.1189945,-.0083945,-.0144725,-.0050845,-.0007289,.039278,-.6300111,-.1935766,-1.240281,1.045811,-2.481599,.3679804,-2.452538,.1437177,.1487143,.1292533,.2691262,.2880486,.0387198,.0302476,.3551528,.0789099,.0477375,-.0644948,.2397363,.1092668,-.0510934,.1383959,1.32044,.0720933,.0035708,.0435835,-.0731192,-.0022182,.007346,-.0148576,.0733289,.0883324,.4456032,-1.715123,4.70e-11,.1739995
.1686283,.0303101,-.0454481,-.0425678,-.0441768,-.0161741,-.0848741,.1800207,.0259135,-.0076093,.1070372,0,-.0096196,.0459156,.1394525,-.1133833,-.0034415,-.0662025,-.0294609,.0197791,.0027814,-.0010205,.7332542,.1802235,.4058413,-.6492152,1.227823,-2.915698,-.578188,-.6899106,.1008002,.0692972,.0566839,.131614,.1329086,.0812085,.2064594,.2642583,.0962051,.014528,-.0210486,.2472757,-.1462168,-.0350442,.0855104,.8257873,.0667566,.0048453,.0249499,.0072647,.0095541,.0458178,-.0121711,.0421681,.1112258,.5616778,-1.446193,2.69e-11,.1662804
.1301088,.0545747,-.0204509,.0280282,.0427028,.0032196,-.0796375,.1727867,-.032513,-.0287857,.1617589,-.4795736,.0815683,.0446481,.0847581,-.0619999,.0313806,-.0747857,-.0217966,.0102071,-.0018169,-.0006559,.5205781,-.124719,.6996363,-.5952671,1.382443,-4.222348,-1.017674,-.2365652,.1218524,.1739189,.1439748,.3087957,.3483672,.0369339,.031357,.3367979,.1011661,.0208663,.0785747,.2805524,-.1393899,-.0083386,.0802372,.7938741,.0653551,.08605,-.070256,.0444361,-.0033695,.0863498,.0113478,.0534252,.0868647,.4293225,-1.386289,-1.53e-10,.1679779
.069343,.0616577,-.0062819,.0040186,.0349105,-.0105711,-.0633145,.1618348,.008732,-.014108,.1538712,-.4899946,.1364645,.0526036,.2617384,-.0464308,.0017884,-.052065,-.0234916,-.0468888,-.0052167,-.0004808,.539331,-2.109432,-.3917149,-2.040275,1.774842,-4.405844,.7358258,-4.326799,.1515032,.1778007,.1821064,.3255166,.3332109,.0475004,.0551862,.2846512,.0866377,.0639287,.0330455,.2866318,-.1559761,.0261802,.0944362,.8724344,.0828574,.0585537,-.0034196,.0508611,.0116866,.0529726,-.0278666,.0771737,.1334709,.6756333,-1.65725,1.27e-11,.1679766
.0378313,.0426696,-.0532675,-.0253212,.0020035,-.0140912,-.0405635,.1300691,.0415146,-.0203373,.039452,-.376232,.2667116,.0610324,.3821822,-.0448847,-.0082986,-.0493522,-.0245635,-.0410118,-.0083213,-.0002646,.5390351,-1.93563,.2207146,-1.909056,1.204258,-3.644064,-.2761586,-3.088182,.0335505,.0731885,.0538416,.2064519,.2634835,.0221562,.0278311,.1419553,.1164095,.0692518,.0435422,.164053,-.0346967,.0188579,.1468571,1.376634,.0945922,-.0120601,-.0672128,.0482232,.027464,.0548083,.0009298,-.0590294,.1220252,.6080096,-1.868913,-1.75e-10,.1705315
.0720075,.1678031,-.0072152,-.0101384,-.0121491,-.1105807,-.1132518,.1764815,.0000766,-.0119298,.1333381,0,.1009714,.03634,.0851665,-.1291614,.0119792,-.0983767,-.0215652,.0130929,.0020612,-.0005751,.4539578,-.0193575,-.1926294,-.1618358,1.388362,-3.262585,.4249984,-.9135275,.134235,.161176,.1226626,.2576969,.3574438,.0144576,.0108673,.3143736,.1011902,.0540632,-.0211816,.2417486,.0225101,-.0086708,.0740321,.7350487,.0752453,.031688,.080621,-.0444193,.0336817,.063751,.0057981,.0604957,.0996879,.4918942,-1.416528,2.57e-10,.176592
.1276884,.0621182,-.0258231,.0027693,-.0037778,.0354903,-.1280614,.0989431,.0125542,.0096575,.0929461,-.4621676,.2250553,.010547,.2071119,-.0260459,-.0085613,-.0546303,-.0202313,-.0501665,.0157346,-.0022367,.4742316,-2.152987,-.2685728,-1.307809,1.721515,-4.640451,.5600632,-3.021328,.0444108,.1206117,.0956792,.2715599,.3684314,.003126,-.0164227,.213334,.124866,.0661021,-.0346401,.1351046,.0259838,.0341533,.1136499,1.056893,.0726003,.0626089,.0526386,-.0758489,.0016442,.0703667,.0011145,-.025279,.1299921,.6597548,-1.760245,1.69e-10,.1652716
.1296175,.1909398,.0027726,.0493847,.0919528,.0768371,-.0735933,.2011596,-.0103818,-.0098455,.1578498,0,.0532094,.023132,.2239632,-.1214246,.0241304,-.0395085,-.0234477,-.0062178,-.002866,-.0006503,.5471206,-.8124198,-.2459887,-.630369,1.629772,-4.096018,.4977508,-1.742524,.007404,.0588657,.037683,.1354297,.1788402,.064641,.1265726,.1722592,.0910248,.0387661,-.0132822,.1705783,-.000963,.0378013,.1361115,1.289229,.1011288,.0591397,.0390112,-.0037179,.013845,.0447387,.0016048,-.0016161,.1006602,.4848107,-1.922117,-1.32e-10,.1675289
.138437,.0390289,-.0081062,-.0251642,-.0271979,.1787764,-.063572,.1252816,.0282073,-.028378,.1241062,0,.1708584,-.0263208,.1878313,-.0806551,.0024782,-.1364068,-.0082293,-.0060487,-.0019943,-.0012144,.0684817,-.1350225,.1613181,-.7091977,1.153054,-2.245432,-.201719,-.8975292,.170282,.2480575,.2543319,.3415667,.3632232,.0532852,.1315722,.2955317,.1158454,.0417591,-.0297246,.3332363,-.0614782,.0676607,.0935128,.9020846,.0764863,-.0343565,-.0741436,.0956769,.0104424,.0322362,-.0552793,.1340586,.1159859,.5902304,-1.66624,1.74e-11,.1687414
.0983218,.0864363,-.0397109,-.0629312,-.0546808,-.0989133,-.1635307,.1151995,.0183994,-.0074039,.0638519,-.4107329,.3245129,.070521,.3286786,-.0626302,.0055112,-.0768881,-.0193341,-.0305976,.0006417,-.0009871,.4494105,-1.505286,.4269577,-.7573717,1.794061,-5.018206,-.5372444,-.9537136,.0096446,.1270308,.0999464,.2074002,.2363554,.0486511,.1067323,.1871954,.1003187,.0545106,-.0052599,.1655327,-.0612432,.064158,.1332082,1.243422,.0593255,.0758456,.0678062,-.101409,.0205296,.0760448,.0184972,.0328679,.1234822,.6043444,-1.935956,-5.02e-12,.1695374
.1162303,.2725693,.0285933,.0371206,.0345994,.3341822,-.0619814,.1700251,-.0115609,-.0112218,.2200032,0,.1371721,.0322502,.1004115,-.0866511,.0184372,-.116749,-.0197557,-.00858,-.0056584,-.0004722,.4160221,-.4617118,.3924766,.3981144,1.201629,-2.96408,-.5510284,1.139455,.1664745,.2050086,.1984388,.3374126,.3625243,.0084591,.0390254,.3026011,.0938525,.0449089,.0325386,.2825866,-.004452,.0088934,.1249556,1.211747,.0900803,.0540227,.0946375,-.042517,.0010519,.0568302,-.0447716,.0571957,.1291438,.6408216,-2.126057,-4.49e-10,.1696929
.1724435,.0743001,-.0049206,.0240278,-.0240355,.0577082,-.1319105,.1636354,.0171765,.0040316,.1590477,-.4981118,.1570671,.0192913,.1487059,-.0856711,-.0093886,-.1122918,-.0197083,-.0386564,-.0063736,-.0007197,.3944784,-1.758228,.0825439,-2.150265,1.267278,-3.208645,-.0339703,-3.814843,.0634585,.0486652,.0137104,.1369491,.1568213,.0751006,.1120941,.1581902,.1133398,.0607551,-.0683209,.1884233,.0458218,.0024691,.1377297,1.290322,.1054142,-.0330345,-.0920349,.0940139,.0160999,.0402735,-.0131027,-.0097655,.1324291,.6646228,-1.910243,-2.26e-10,.1690963
.0148007,.070826,-.0434372,-.0468033,-.0195585,-.1855998,-.1113281,.1891026,-.0058147,-.0230236,.1179211,-.4815561,-.0066824,.0331915,.1451249,-.1559313,.0099384,-.1348176,-.0309988,-.0139607,-.0054008,-.0007196,.7186297,-1.090089,.1846506,-.3809189,1.421371,-3.74976,-.236157,-.6200976,.1185611,.1153111,.0662054,.1678209,.2647114,.0241156,.0704746,.294514,.1169489,.0434271,.0134587,.2920837,-.1162759,-.0793169,.1090817,1.044301,.0602223,.0736327,-.0363741,.0522342,.0265798,.0928655,.0122204,.0493848,.1172557,.5984458,-1.671763,-2.65e-10,.1685006
.0382512,.2200266,-.0518757,-.0648246,-.0164548,-.055761,-.23327,.2126855,.0137882,.0133169,.1465726,0,.0644192,-.0410218,.1170816,-.0842731,.0090827,-.1276289,-.0187787,-.049429,.0004575,-.0008569,.4159995,0,.5069234,.6213685,1.029031,-2.541354,-.7288843,1.587565,-.1210182,-.1024896,-.0813779,.0698025,.1738167,-.0000951,-.0075663,.0707356,.0831564,.0409315,.0111627,.0171032,-.0145072,.0036971,.1177475,1.112015,.087649,.0574988,-.0225897,.0653915,.0255639,.0549372,-.0135382,.0415092,.1130384,.5675721,-1.628638,-9.24e-11,.1664451
.1200953,-.0715763,-.0240275,-.0368055,-.0391387,.0199326,-.1440764,.1079369,.0421739,-.0115801,.1012182,0,.1263869,-.0462789,.1104109,-.0160408,.0093017,-.1305701,-.0085031,-.017561,-.0024404,-.0007958,.0879238,-.8274183,-.1323802,-.3421963,2.055539,-5.384495,.3342251,-1.061201,.0698442,.1615156,.1016308,.2297105,.2819522,.0451185,.0860106,.1889907,.1094811,.0689993,.0193614,.2558211,-.053583,.0493294,.1222199,1.148448,.1104097,.0527833,.150889,-.11608,-.0282524,.0438386,-.0393577,.0990475,.1043555,.5196428,-1.792601,1.93e-11,.1662662
.0748321,.1072466,-.0098421,-.004904,.0239996,-.1604663,-.0068639,.1472662,.0351145,-.0363848,.0854443,-.4251206,.0404146,-.0046644,.2143702,-.1170026,.0073088,-.0993207,-.0193653,-.0494019,-.0052194,-.0008877,.4122638,-1.988794,-.0001798,-.290469,1.75323,-4.469061,.136598,-.8647273,.0270668,.087361,.0977327,.226311,.2565013,.031268,.0366371,.1773854,.1056859,.0438143,.0393899,.0807955,.0335392,.061897,.1423066,1.321272,.095796,.0764786,.0195604,.0124137,.0020048,.0636749,.0053348,-.0113015,.1157729,.5843027,-1.961709,-2.18e-10,.1690377
.0893315,.1058673,.004534,.0038232,-.0275909,.0222702,-.0990653,.1058706,.0317077,-.0221715,.061042,-.3917209,.2149054,-.0256839,.273551,-.0303328,.0096547,-.0023821,-.0130255,.0017076,.0108471,-.0017829,.3192787,-.4696614,-.4298118,-.0202964,1.014682,-2.618885,.7221813,-1.015556,-.1448673,-.0279647,-.0578553,.0348847,.0545426,.0566788,.1427294,-.0016292,.0961012,.049681,.110923,.0649365,.1073522,.0692846,.1206024,1.159166,.0886659,.0240557,.0692704,-.097843,.0063427,.0709074,-.0243739,.0396085,.1377438,.6848184,-1.810984,7.98e-11,.1680732
.0280525,.0850053,-.0154423,-.0512917,-.0171331,.0588558,-.1079911,.1406712,.0259731,-.0251887,.0951656,-.4214435,.1345883,.0514347,.18283,-.1149482,.0106218,-.1460486,-.018847,-.002698,-.0026967,-.0007245,.4023797,-.5165128,.5265997,-1.558806,1.506888,-3.548736,-.7012655,-2.101969,.0805116,.032522,.0085072,.1019283,.108524,.0823153,.17899,.2536799,.0876272,.0314499,.0360555,.1915539,-.1091957,-.0376521,.0965092,.9271755,.0583699,-.015284,-.067107,.0414706,-.0294757,.0691397,-.0088853,.0049174,.1236291,.6250654,-1.476495,-5.94e-11,.1679158
.1404761,.0687963,.0042594,.0018154,.0275686,.2254357,-.0703675,.1539938,.0035669,-.0150805,.1569431,0,.2042329,.0160063,.2129902,-.0850255,.0001757,-.1030342,-.023204,-.0191617,.0017332,-.0008894,.5424672,-1.329442,.1296966,-.9895189,1.218193,-2.460541,-.1218155,-1.667849,.2640252,.3250166,.316635,.4010781,.4552413,.0361817,.0690103,.3757893,.1237559,.0367066,.0204538,.3349744,.0264584,.0506548,.0748423,.7110249,.1049043,.0099747,.1067927,-.0773726,.0384531,.0244985,-.0242469,.0740384,.0908788,.4871716,-1.520553,1.20e-10,.1760706
.1455447,.1554825,-.0389469,-.0465058,-.0441049,.0167723,-.1096102,.2015387,.0043052,.0012438,.1577876,-.4662779,.1725045,.1015525,.2091356,-.0973361,.0063293,-.1534699,-.0071205,.0148997,.0023824,-.00118,.1086717,.5602697,1.016123,-.8477854,2.368484,-6.386932,-1.442386,-.2013188,-.1121837,-.0719051,-.117759,.0127702,.0332454,.0634475,.1150493,.0459264,.1106993,.064987,.0806053,.0063155,-.1412119,.0277409,.1166771,1.12681,.0900612,.0202329,-.0432745,.0197835,.0071608,.0509726,-.0252479,.0527856,.1038947,.5202486,-1.596335,1.02e-10,.1670647
.1106437,.0954255,.0183974,.0215171,.042825,.3875518,.0049668,.1618619,.0066911,-.0170653,.17799,0,.1751551,.0605977,.1681542,-.1080152,-.0008007,-.0994697,-.0214739,-.0132571,.0020827,-.0009324,.395912,-.8297521,-.1150611,-1.452725,1.683576,-4.891334,.3079974,-2.888893,-.1423808,-.0185265,-.0277715,.0871267,.0816744,.0537881,.1069095,.0399228,.0930352,.0478177,.024478,.0283387,-.1718418,.0571001,.1752183,1.633692,.0771982,.0625311,.1017836,-.0471651,.0026253,.0368578,-.0521095,.0261583,.1409503,.733103,-2.307328,-9.04e-11,.1674799
.0683606,.1208687,-.0099887,-.0021002,.0008082,-.0468363,-.1286988,.1765227,.0095523,-.015161,.1310662,0,.111138,-.0032618,.135949,-.114703,-.007733,-.0707697,-.0191655,.0155109,-.0061332,-.0004041,.3970848,.2972288,-1.388926,-1.112083,.9848437,-2.455484,2.289061,-4.417953,.0069523,.1454981,.093076,.2191139,.2980758,.0204373,.0616188,.2169977,.0893736,.0133676,-.0076735,.1599958,-.0460796,.0187692,.0763821,.7580172,.0665656,.1200074,.0636837,-.0528563,.0035963,.0671575,-.0214432,.0458451,.1504003,.7704518,-1.539117,-2.87e-10,.1656109
.1798143,.1667749,.0030617,-.0083756,.0629035,.1068586,-.1377137,.139196,.0050116,-.021724,.1136496,-.3830324,.0456086,.1035465,.1692049,-.0506144,.0237092,-.0914973,-.0167888,-.0037956,-.0065087,-.0005861,.335574,-.1013144,.0013723,-1.443028,1.739152,-4.996339,.1005794,-2.761629,.0385317,.0839499,.085928,.1870444,.1962465,.0430447,.1040605,.1482238,.1060607,.0352383,.1116414,.1486111,-.1699744,.023378,.1057164,1.00268,.0865663,.0072041,.0232785,-.0209809,-.0042947,.0661293,-.0329545,.0503045,.1062514,.530342,-1.526779,5.34e-11,.1673449
.0484644,.0149067,-.0295264,-.0053301,.0090951,.0151315,-.0034852,.1873579,.0195876,-.0178955,.1450744,0,.1499424,.046699,.227806,-.0742485,-.0101666,-.1228357,-.019964,-.0167504,.0053483,-.0013223,.4515498,-.8486229,-.2486111,-2.108226,1.469414,-4.324751,.4972118,-4.224347,-.0909369,-.016048,.0313722,.1180171,.1459886,.0657746,.1507022,.0622118,.1337667,.0532808,.0016283,.0513735,-.0759333,.1192451,.0833431,.7960408,.0777153,.0325429,.160716,-.1306076,-.0135827,.045443,-.0289147,.0476823,.1214965,.6058942,-1.409004,-3.25e-11,.1696456
.1141732,.075231,-.0307719,-.0289702,-.0109224,-.1347564,-.171055,.1574404,.0266321,-.0082911,.0747446,-.4653411,.2007369,.0388807,.235278,-.082647,.003254,-.0776477,-.0260895,-.0224866,.0055258,-.0014427,.6138343,-.8025812,.2987174,-.5127447,1.641798,-4.680458,-.3479019,-.7970794,-.0117535,.0384294,.0664387,.2110904,.1943275,.0531963,.0792103,.174255,.1200027,.0555029,.1492103,.1670569,-.2059581,.0610977,.0805891,.757856,.0865717,.0710884,.0377307,-.0296363,-.0142252,.0506482,-.0039501,.0685397,.123339,.6019212,-1.46395,-2.38e-11,.1666711
-.0171442,-.1523692,-.0387621,-.029608,-.0180162,.043687,-.1084759,.1736917,.0192548,-.0076404,.1247919,0,.0984826,.0489314,.165661,-.0969401,-.0140541,-.0655138,-.0152883,-.0144814,-.0025855,-.0009275,.3122253,-.3681447,-.6172671,-1.575163,1.960154,-5.130231,1.095442,-3.980536,-.1434679,-.0895947,-.1383708,-.0139899,.0376815,.0547389,.0674126,-.0214066,.1204382,.0550375,.0978161,-.0274622,-.1270386,.043848,.1121321,1.046928,.0793872,.0550507,.0532983,-.0732422,-.0258708,.0605226,-.0343623,.0335547,.1376579,.7176974,-1.547509,-2.44e-11,.1683056
.1609632,.1122943,.0199413,.0157295,.020992,.1247597,-.1408409,.1814658,.0081188,-.0018114,.1936623,0,.1183406,-.0040042,.1325928,-.163777,.0105272,-.1872533,-.0095281,.001398,-.0175433,-.0001479,.1450286,.0347401,-.2624401,-.1152729,1.489565,-3.000786,.5276051,-.917215,.003216,.0242148,-.0305333,.0924516,.112537,.0450526,.1234474,.1312166,.0807845,.037857,-.0830727,.152512,-.1374026,-.0230218,.1092778,1.032953,.0827969,.0120533,-.0478423,.0138159,-.0183425,.0317776,-.0490077,.0769434,.1207753,.5946903,-1.598009,4.01e-10,.1694783
.1756958,.1731842,.0375428,.0426737,.034861,.2866171,-.1160348,.2055126,-.0001062,-.0064494,.2264613,0,.0830438,.0328899,.0419792,-.089452,.0112272,-.0943673,-.0225541,-.0121977,-.0033071,-.0008897,.4667059,-.8146696,-.1198068,-1.116389,1.198441,-2.216099,.2533271,-2.427966,-.0074174,.0403831,.0493056,.1972522,.2753819,.0275267,.0337867,.171415,.1290068,.0753065,.0947809,.137348,-.1720916,.0282064,.1157407,1.072595,.0701328,.0505986,.0556311,-.0342213,.0323551,.0496755,-.0083327,.0209357,.1250388,.6373804,-1.748526,-1.31e-11,.1655679
.2006384,-.0040048,-.0164859,.0018472,.0214556,-.0593411,-.0801178,.2089392,.0148927,-.0089547,.19631,-.5394731,.2070824,.0479182,.2071845,-.1183684,-.0137375,-.1509173,-.0509163,-.0252703,.0011733,-.000869,1.186345,-2.189217,-1.631946,-1.598855,1.63169,-4.89309,2.673629,-5.467042,-.0140495,.0283388,.06446,.2104021,.2140639,.0289184,.0489707,.0902328,.1338147,.0506326,.0303245,.1320102,-.0168717,.0690781,.0994736,.9232317,.0887784,.0890341,.0961561,-.0861673,.0082347,.0581312,-.0000801,.063746,.1159537,.5953306,-1.551959,-5.17e-11,.167982
.1383199,.1070244,.0121798,.0686524,.0876423,.0750308,.0623023,.1533141,.0015581,-.038965,.1502912,0,.0159401,.0177444,.1059883,-.0678993,.0109906,-.0541832,-.027618,-.0275606,.0012763,-.0010979,.6716213,-1.639636,-.999729,-.7115572,1.059225,-2.517499,1.64422,-3.047957,.1493368,.1577694,.1683801,.278303,.347349,.031684,.0838536,.1451811,.0965196,.0336719,-.0017071,.1989053,-.0699045,.0655915,.1135297,1.065634,.103703,.0626025,-.0049683,.0425806,.0047258,.058078,.004022,.0130608,.1177896,.6068547,-1.85163,-2.24e-10,.1735961
.0980909,.0898035,-.0080756,.0282136,.0280533,.1107824,-.1036128,.1238954,.0019112,-.0159532,.1363882,0,.15746,.0305554,.1750132,-.0447397,.0226232,-.064639,-.0178497,-.0171372,.0014557,-.0009707,.3853011,-.9835272,.0136077,-1.167673,1.070358,-2.581036,.0460679,-2.236441,-.1603123,-.1027541,-.1820344,-.0210606,-.0192238,.0874342,.1062122,-.0530891,.157182,.0992082,-.003365,-.0083899,-.106304,.0798896,.1329592,1.251474,.0621329,.0423684,.0089209,.0262588,-.0107207,.0285811,-.0604155,.0852393,.114934,.5927688,-1.650582,1.40e-10,.1686288
.0424475,.070203,-.0078712,-.0505342,-.0539103,-.1295398,-.1325456,.185383,.0199547,-.0037011,.1449204,-.5308285,.0215244,.0012683,.1448792,-.0845504,-.0012818,-.1173593,-.0184529,-.0276553,.0002326,-.0013334,.3630984,-1.319471,-.6142134,-.083975,1.2913,-3.870301,1.021607,-1.457019,.0593893,.0451758,-.0034226,.1053802,.2272539,.0512832,.0492792,.1901092,.1017204,.0446627,-.029211,.2210649,-.1741035,-.0559537,.1138785,1.075136,.07099,.05881,-.0055541,.0092308,.0178585,.0691066,.0004004,.0385575,.1090603,.5630262,-1.627402,-6.06e-11,.1697022
.0845479,.0951977,-.0096909,-.0285493,-.0266458,.139212,-.1793608,.2097793,.0178435,-.0051004,.1854387,0,-.0152983,.0434475,.0505188,-.1632097,.0099213,-.2211104,-.0188706,-.0176855,-.001519,-.0011594,.3394801,-.7408934,-.4073696,-.5957608,1.065382,-2.081716,.732986,-2.030833,.0753428,.1007393,.0645317,.1646579,.211541,.0336262,.1154322,.1927712,.0944893,.0278889,-.0242658,.1629733,-.134251,.0088896,.1108456,1.041154,.0887739,.0615687,.0063844,-.0040156,.0174261,.037437,-.0374081,.082611,.1162708,.6085085,-1.643976,-3.34e-10,.1682271
.1202149,.0786095,-.0526837,-.0462599,-.0538991,-.0382366,-.1436601,.1556583,.0108925,-.0057918,.1163406,-.465441,.1034278,.0369408,.1672545,-.0764209,.0142716,-.0664391,-.0238371,-.0452933,-.0064078,-.0005407,.5302556,-2.078078,-.0518227,-1.543791,1.284393,-3.343916,.130972,-2.955134,.189456,.2520876,.2314563,.3724267,.4028842,.0269069,.0192303,.3776833,.1304922,.0702702,-.0931592,.3753651,.0008262,-.000485,.1206797,1.128773,.0565381,.0365169,.0271881,-.0867739,.0061565,.0455863,-.0536987,.0541783,.1073181,.5428345,-1.762378,1.29e-10,.1709145
.173264,.1555995,.0399669,.0136658,.0729151,.1868276,-.0009759,.1806421,.002459,-.0177711,.1888752,0,.0960973,.0103582,.1711204,-.1000239,.005157,-.171483,-.0186582,-.0182457,.0091097,-.0013432,.4767899,-1.134343,-.4503845,-.2967782,1.544638,-4.340484,.8172095,-1.384044,.0427228,.1544171,.1459327,.3135088,.3491673,-.0129563,.0054124,.1696752,.0950157,.0601546,.0472604,.1584172,-.0853296,.0924183,.1169954,1.114092,.0859853,.0026245,.0208897,-.0332998,.03498,.043268,-.0070207,.0941377,.1096331,.538554,-1.886927,1.40e-10,.168915
.1166217,.0561435,.0143757,.0154483,.0355606,-.0445468,-.0974862,.1141101,-.0063108,-.0176628,.0914025,-.4291996,.2588494,.0649649,.312236,-.045909,.0047149,-.0387165,-.0135724,-.0124805,.0207673,-.0027221,.3197197,-.736721,.6601291,-.6729394,1.322908,-3.603701,-.9453583,-.3848686,.0736872,.0124566,.0047881,.1268143,.1899052,.0406721,.0295364,.2437745,.1193793,.047529,.0967404,.2192683,-.0416847,-.1116251,.1011874,.9445078,.0988337,.0670528,.1550369,-.1234914,.0164749,.0485774,-.028638,.0193069,.0997008,.4976515,-1.499734,1.02e-10,.1660267
.1315531,.1469264,-.0063381,.0261779,.0263125,-.0133198,-.1827462,.177618,-.0075822,-.0218836,.1485591,-.5045481,.0850683,.0312935,.1398391,-.1016489,.0400136,-.106772,-.0224583,-.0237397,-.0078034,-.00071,.4081604,0,.0708525,.5708019,1.411129,-4.190756,-.0407188,.7766212,.1375062,.0822025,.0981527,.2565048,.2752084,.0397036,.0393816,.3021555,.1153782,.0743805,.0589929,.3010328,.1241044,-.0129747,.1076626,1.027004,.0990369,.0634443,.0423873,-.0011134,-.017628,.04667,-.0385674,.0861212,.0927865,.4684576,-1.636724,1.56e-10,.1675547
.0928995,.0784938,-.0094091,.0250287,-.0164141,.0145009,-.121545,.135236,.0192326,-.0153322,.0823097,-.4722237,.1213913,.0244384,.2266451,-.0592444,.01358,-.0088579,-.0257819,-.0261914,.0019064,-.0013906,.5810179,-1.479598,-.8056986,-.1830916,1.524016,-4.607083,1.391468,-1.779481,-.0387359,-.08999,-.1026007,.0572757,.1583763,.0208033,.0077477,.0693297,.0719453,.0297995,.0448516,.0685023,-.0866346,-.0479986,.1115248,1.059449,.0728322,.0348629,.0244901,-.054536,-.0056927,.0526077,-.0219767,-.0302177,.1036676,.5036163,-1.41499,-1.99e-10,.170064
.1389991,.1397303,.0214363,-.0044844,.0301451,.3926397,-.0987962,.2070155,-.0041784,-.0046589,.2187215,0,-.0244324,.0614047,.087251,-.0816,.0121508,-.1090289,-.0218357,-.0054712,-.002122,-.0006711,.5212608,-.7012917,-.747269,-1.503299,1.618924,-4.124636,1.278974,-4.01171,-.0733199,.1012353,.0617406,.1605635,.19726,.079615,.1208144,.0353632,.1232214,.0539528,-.0260815,.0730883,-.0962065,.1339392,.1436197,1.369783,.0600642,.1025293,.0716314,-.1064057,-.0062695,.0516747,-.0438893,.1063849,.1184228,.6098896,-2.066077,2.62e-10,.1657584
.3089243,.1204141,.0283489,-.0193065,-.0045395,-.0118209,-.0546621,.1743378,-.0094202,-.0046929,.1840764,-.5360173,.0930442,.0624039,.157489,-.0049044,.0246384,-.1355098,-.0303193,.0227025,-.0038145,-.0009518,.7288582,.120658,.37067,-.8667569,1.330718,-3.297984,-.4628871,-1.159111,.1136492,.1212981,.1825867,.3137971,.3609764,.0432172,.0937458,.219895,.1576937,.0930913,.1181367,.2801181,-.1501902,.1187426,.0970528,.9143031,.0878051,.0771391,.0618047,-.0604742,.0234919,.0373248,-.0118991,.0282311,.0974778,.4746799,-1.647599,-4.15e-10,.166392
.0911084,.0217881,-.0397645,-.009406,-.0561471,.091765,-.0892783,.1216491,.0376805,-.0246215,.0411395,-.4177148,.1219675,-.0021583,.1894293,-.1416552,.000899,-.1223197,-.0131425,-.0356473,.0100658,-.0016829,.270101,-1.441023,-.5891253,-1.222824,.9608734,-2.185856,.9827977,-3.160285,.0994165,.1067792,.0551176,.1844972,.2032728,.1113526,.1256758,.2527171,.126731,.0654226,.0691499,.3192079,-.3292379,-.0128919,.0987296,.9320531,.0725331,.0154863,-.0405733,.0215031,-.0197784,.0452468,-.0298607,-.0053041,.108177,.5351839,-1.441171,1.05e-10,.1718522
.0888704,.0824942,-.0489259,-.0631574,-.0864684,-.0085287,-.182276,.1830951,.0324551,.0134537,.161855,0,.0271148,.017205,.132498,-.0888226,-.0062106,-.1898768,-.0263874,.022204,.0012159,-.0010656,.5749419,.2143662,.3323932,-1.088438,1.62026,-3.959734,-.3771645,-1.653901,.0677376,.1776148,.1238028,.2431399,.2809342,.0664534,.1094417,.2626423,.1302969,.0777035,-.0103398,.1776143,-.1988319,.0865081,.0698105,.6748284,.0886819,-.0029484,.0417005,-.0034901,.0127993,.0621018,-.0316905,.0541006,.1032955,.4963399,-1.32004,8.55e-11,.1716734
.1929135,.0052793,-.0063322,.0195126,-.0100381,.1545377,-.0579201,.1488873,.022728,-.0147972,.1122882,-.420269,.1855084,.0969557,.2669268,-.0613723,-.0008303,-.054581,-.0313471,-.0198257,-.0089349,-.0005641,.702952,-1.34599,-.1414323,-.9722652,2.330473,-6.732034,.3730971,-2.28255,-.0897275,-.1280669,-.1492465,-.0480268,-.0468401,.0460549,.1011248,.0353472,.1307531,.0753829,-.0034658,.009502,-.1399891,-.0138549,.138751,1.311252,.0844683,.0314933,-.0241519,.0504806,.0307561,.067821,-.007385,.0388093,.1262359,.6281733,-1.830658,-2.25e-10,.1693158
.0287483,.0846863,-.0353647,-.0171456,-.0046162,.2060321,-.0524883,.1361231,.0370225,-.0230239,.1047582,0,-.0056547,.0491732,.1653623,-.0838023,.0046017,-.07953,-.0207573,-.0269296,-.0067455,-.0005504,.4189292,-1.256268,.4487143,-.5500798,1.30499,-3.332398,-.6364267,-.4577943,.1561175,.2357526,.1975173,.3480308,.4111038,.0491644,.0661484,.3244291,.0863249,.0420408,-.0154834,.3061925,.0309714,.0181004,.1188187,1.137284,.0840162,.0837115,.0304275,-.0062127,.0091535,.0715825,.0083077,.0607129,.088336,.4465346,-1.715018,2.68e-10,.1677593
.1389285,.0583198,-.0370081,-.0476828,-.0667447,.0132215,-.1949049,.118267,.0301047,.0008745,.0856916,0,.1347734,.0155549,.1419427,-.048164,.000143,-.1360538,-.0118701,-.0108143,.0002106,-.0011917,.2370841,-.4704751,-.4205803,-1.459486,1.834083,-4.914708,.7748246,-3.455868,.0307274,-.0125134,.0011385,.1335151,.172976,.0437385,.065719,.1068858,.1198803,.0581369,.0670788,.1721629,-.1768457,-.0179817,.1012484,.9534719,.0824334,.0409425,-.0523125,.0403601,-.0242511,.0365999,-.0430542,.0716469,.1058152,.5447817,-1.381984,3.66e-10,.1689892
.166223,.154335,.0235877,.0045834,.0272186,.1172238,-.125865,.150864,.0176083,-.0056086,.1608231,-.4894103,.0521844,.0075582,.0699108,-.0633794,.0031714,-.1351655,-.0340644,-.0465111,-.0112758,-.0004133,.7394886,-2.280134,-.517536,-1.175729,1.583278,-3.645345,.9047888,-3.180242,-.0882357,.0209643,-.0373711,.0814614,.054181,.0301037,.0930537,.0830487,.0980944,.0344149,.0059213,.0371827,.0082136,.0456146,.1209394,1.137699,.0982633,-.0212714,-.0891542,.1370643,.0025629,.0564956,-.0140108,.0783703,.1014016,.5191972,-1.54868,3.00e-11,.1694841
.0844444,.0264898,-.0195243,-.0182167,-.0228526,-.0772663,-.0602737,.1641611,.0307683,-.0133017,.1176753,0,.119445,-.0176443,.158486,-.1079267,-.0075672,-.1382911,-.0192029,-.0175038,-.0016533,-.0009243,.4360693,-1.044456,-.4751768,-.7602212,.8351141,-2.249555,.7810029,-2.335689,-.0430321,-.0064303,-.0700732,.121338,.1204574,.0243261,.0418148,.1086139,.1325229,.0732723,.0771358,.0449418,-.0190587,.0191007,.1074265,1.024741,.0733436,.0729956,-.0046121,.0265202,-.0084748,.0643116,.0214246,.0150061,.1040835,.522528,-1.411274,4.41e-11,.1693914
.0943119,-.0203159,-.0242962,.0232214,.0069896,.1313504,-.0419509,.1774715,.0036778,-.015178,.1456503,0,.1261883,.00665,.2016655,-.0813133,-.0031541,-.0780822,-.0249234,.0071596,-.0062735,-.0005159,.5691572,-.3049221,.3270894,-.8704404,1.68016,-5.084235,-.4014146,-1.16099,.1477721,.1309114,.1146898,.2047169,.2427368,.0755431,.1332661,.3039178,.1725925,.0909268,.0757991,.3084282,-.1881791,.035203,.1388605,1.331004,.0874152,.0571094,.0104617,-.0038123,-.0108566,.0492025,-.0551408,.0354009,.1286675,.6486183,-2.12884,4.44e-10,.1690081
.1495096,.0034275,-.0322137,-.0257332,-.0083681,.1667551,-.1213816,.1962741,.0270143,-.0169474,.1100967,-.4149926,.0883064,.0187887,.1474187,-.1019448,.0110681,-.1087116,-.0131879,-.0439496,.0035111,-.0011796,.3405775,-1.769593,-.28887,-1.542037,1.683299,-4.475761,.5237967,-3.24346,.2084322,.2006021,.1490079,.2481449,.2513508,.0684975,.1321541,.257757,.1326401,.0709167,.1062744,.2628524,-.1283022,.008965,.1021766,.9705461,.1076744,.0948946,.1521667,-.1429535,.0159936,.0284269,-.0245893,.0927754,.1022181,.502939,-1.62749,-8.47e-11,.1693603
.2204976,.1603388,.0328909,.0482555,.042664,-.0718051,-.0114671,.1894727,.019718,.0043734,.2038645,-.5170975,.0655964,.0247464,.1010517,-.0607438,-.020779,-.1601361,-.0205622,-.0345543,-.0085499,-.0004865,.3877336,-1.581944,.1530951,-.178105,1.448435,-3.676494,-.1069035,-.3942829,-.0114882,-.0309789,.0013027,.141094,.2127314,.0266801,.0304019,.1825796,.109955,.0239348,.060017,.1650213,.1950526,-.0547901,.1255315,1.186722,.1008639,.0161614,.1146299,-.0856956,-.0027544,.0271154,-.0551987,.0938741,.0931228,.4632168,-1.658969,9.38e-11,.1653259
